2012.03.07 11:00:00.795,0.75007,0.75032,2.25,3.00
2012.03.07 11:00:00.859,0.75005,0.75029,2.25,3.00
2012.03.07 11:00:01.347,0.75005,0.75031,2.25,2.25
2012.03.07 11:00:01.595,0.75006,0.75033,2.25,2.25
2012.03.07 11:00:01.676,0.75008,0.75034,2.25,3.00
2012.03.07 11:00:01.790,0.75002,0.75032,3.00,2.25
2012.03.07 11:00:01.865,0.75002,0.75032,2.25,3.00
2012.03.07 11:00:02.316,0.74994,0.75022,3.00,2.25
2012.03.07 11:00:02.511,0.74998,0.75026,2.25,2.25
2012.03.07 11:00:02.579,0.74998,0.75022,2.25,2.25
2012.03.07 11:00:02.928,0.74991,0.75019,3.00,2.25
2012.03.07 11:00:03.666,0.74988,0.75018,3.00,2.25
2012.03.07 11:00:03.732,0.75001,0.75053,0.75,1.35
2012.03.07 11:00:04.065,0.74956,0.75055,1.35,1.35
2012.03.07 11:00:05.035,0.74956,0.75055,1.35,1.35
2012.03.07 11:00:05.595,0.74979,0.75015,3.00,2.25
2012.03.07 11:00:05.839,0.7498,0.75018,3.00,2.25
2012.03.07 11:00:06.461,0.74982,0.75019,3.00,2.25
2012.03.07 11:00:07.338,0.7498,0.75018,3.00,2.25
2012.03.07 11:00:08.266,0.7498,0.75015,3.00,2.25
2012.03.07 11:00:08.359,0.74979,0.75009,3.69,2.25
2012.03.07 11:00:08.487,0.74981,0.75017,3.00,2.25
2012.03.07 11:00:08.605,0.74979,0.75015,1.44,2.25
2012.03.07 11:00:09.280,0.74981,0.75018,3.00,2.25
2012.03.07 11:00:09.488,0.74982,0.75019,3.00,2.25
2012.03.07 11:00:09.681,0.74984,0.75022,3.00,2.25
2012.03.07 11:00:09.750,0.74982,0.75019,3.69,2.25
2012.03.07 11:00:09.995,0.74985,0.75019,3.00,1.44
2012.03.07 11:00:10.058,0.74984,0.75014,3.00,2.25
2012.03.07 11:00:10.373,0.74984,0.75014,3.00,2.25
2012.03.07 11:00:10.718,0.74986,0.75023,3.00,2.25
2012.03.07 11:00:11.290,0.74986,0.75023,3.00,2.25
2012.03.07 11:00:11.358,0.74986,0.75023,3.00,2.25
2012.03.07 11:00:11.681,0.7499,0.75027,3.00,2.63
2012.03.07 11:00:11.810,0.74988,0.75023,3.00,2.63
2012.03.07 11:00:11.885,0.74986,0.75016,3.00,2.25
2012.03.07 11:00:12.573,0.74985,0.75015,3.00,2.25
2012.03.07 11:00:13.221,0.74988,0.75016,3.00,2.25
2012.03.07 11:00:14.586,0.74987,0.75015,3.00,2.25
2012.03.07 11:00:15.001,0.74987,0.75015,3.00,2.25
2012.03.07 11:00:15.104,0.74989,0.75019,3.00,2.25
2012.03.07 11:00:15.234,0.74988,0.75017,3.00,2.25
2012.03.07 11:00:15.516,0.74984,0.75014,3.38,2.25
2012.03.07 11:00:15.579,0.74992,0.75016,3.00,2.25
2012.03.07 11:00:15.708,0.74992,0.75016,3.00,2.25
2012.03.07 11:00:15.778,0.74989,0.75013,3.00,2.25
2012.03.07 11:00:16.309,0.7499,0.75014,3.00,2.25
2012.03.07 11:00:16.637,0.7499,0.75014,3.00,2.25
2012.03.07 11:00:16.698,0.74996,0.75022,3.00,2.25
2012.03.07 11:00:18.529,0.74989,0.75019,3.00,2.25
2012.03.07 11:00:18.917,0.74989,0.75019,3.00,2.25
2012.03.07 11:00:18.991,0.74988,0.75016,3.38,2.25
2012.03.07 11:00:19.408,0.74994,0.75018,3.00,2.25
2012.03.07 11:00:19.740,0.74996,0.75022,3.00,2.25
2012.03.07 11:00:20.372,0.74995,0.75019,3.00,2.25
2012.03.07 11:00:20.496,0.74997,0.75021,2.25,2.25
2012.03.07 11:00:21.036,0.74989,0.75019,3.00,2.25
2012.03.07 11:00:21.099,0.74989,0.75019,3.00,2.25
2012.03.07 11:00:21.237,0.74989,0.75019,3.00,2.25
2012.03.07 11:00:21.901,0.74992,0.75018,3.00,2.25
2012.03.07 11:00:22.123,0.7499,0.75014,3.00,2.25
2012.03.07 11:00:22.674,0.7499,0.75014,3.00,2.25
2012.03.07 11:00:22.798,0.7499,0.75014,3.00,2.25
2012.03.07 11:00:23.302,0.74988,0.75012,3.00,2.25
2012.03.07 11:00:23.634,0.74992,0.75016,3.00,2.25
2012.03.07 11:00:24.226,0.7499,0.75017,3.00,2.25
2012.03.07 11:00:25.495,0.7499,0.75015,3.00,2.25
2012.03.07 11:00:25.695,0.7499,0.75015,3.00,2.25
2012.03.07 11:00:26.051,0.74995,0.75022,2.25,2.25
2012.03.07 11:00:26.239,0.74993,0.75019,3.00,2.25
2012.03.07 11:00:26.643,0.74987,0.75015,3.38,2.25
2012.03.07 11:00:26.711,0.74987,0.75015,3.00,2.25
2012.03.07 11:00:27.887,0.74987,0.75015,2.25,2.25
2012.03.07 11:00:28.281,0.74987,0.75015,3.00,2.25
2012.03.07 11:00:29.016,0.74987,0.75013,3.00,2.25
2012.03.07 11:00:29.081,0.74988,0.75012,2.25,2.25
2012.03.07 11:00:29.154,0.74986,0.75012,3.00,2.25
2012.03.07 11:00:29.384,0.74989,0.75015,2.25,2.25
2012.03.07 11:00:29.702,0.74985,0.75012,3.00,2.25
2012.03.07 11:00:30.510,0.74985,0.75012,3.00,2.25
2012.03.07 11:00:31.015,0.74989,0.75016,2.25,2.25
2012.03.07 11:00:31.077,0.74985,0.75011,3.00,2.25
2012.03.07 11:00:31.410,0.74988,0.75012,3.00,2.25
2012.03.07 11:00:31.495,0.74992,0.75018,2.25,2.25
2012.03.07 11:00:32.252,0.74984,0.75024,1.13,1.73
2012.03.07 11:00:32.315,0.74984,0.75024,1.13,1.73
2012.03.07 11:00:32.379,0.7499,0.75029,1.13,1.73
2012.03.07 11:00:32.893,0.75002,0.75028,2.25,2.25
2012.03.07 11:00:33.497,0.75003,0.75027,2.25,2.25
2012.03.07 11:00:33.677,0.75,0.75026,2.25,2.25
2012.03.07 11:00:34.101,0.75001,0.75025,2.25,3.00
2012.03.07 11:00:34.410,0.75002,0.75028,2.25,3.00
2012.03.07 11:00:35.481,0.75001,0.75027,2.25,2.25
2012.03.07 11:00:35.729,0.75001,0.75027,2.25,3.00
2012.03.07 11:00:35.841,0.75001,0.75027,2.25,2.25
2012.03.07 11:00:35.993,0.75003,0.75027,2.25,2.25
2012.03.07 11:00:36.389,0.75003,0.75027,2.25,3.00
2012.03.07 11:00:36.823,0.74987,0.75019,2.25,1.13
2012.03.07 11:00:36.896,0.74982,0.75015,1.35,2.25
2012.03.07 11:00:37.260,0.74978,0.75006,3.00,2.25
2012.03.07 11:00:37.532,0.74981,0.7501,3.00,2.25
2012.03.07 11:00:37.660,0.74981,0.7501,3.38,2.25
2012.03.07 11:00:37.755,0.7499,0.75014,3.00,2.25
2012.03.07 11:00:38.368,0.7499,0.75014,2.25,2.25
2012.03.07 11:00:38.440,0.74987,0.75014,3.00,2.25
2012.03.07 11:00:38.678,0.74987,0.75014,2.25,2.25
2012.03.07 11:00:40.114,0.74988,0.75012,2.25,2.25
2012.03.07 11:00:40.439,0.74985,0.75009,3.00,2.25
2012.03.07 11:00:40.507,0.74988,0.75012,2.25,2.25
2012.03.07 11:00:40.651,0.74985,0.75011,3.00,2.25
2012.03.07 11:00:40.777,0.74987,0.75013,2.25,2.25
2012.03.07 11:00:40.878,0.74987,0.75013,3.00,2.25
2012.03.07 11:00:40.946,0.74987,0.75013,3.00,2.25
2012.03.07 11:00:41.249,0.74986,0.7501,3.00,2.25
2012.03.07 11:00:41.704,0.74986,0.75012,3.00,2.25
2012.03.07 11:00:41.770,0.74987,0.75011,2.25,2.25
2012.03.07 11:00:42.079,0.74987,0.75011,3.00,2.25
2012.03.07 11:00:42.422,0.74987,0.75011,3.00,2.25
2012.03.07 11:00:42.749,0.74984,0.75008,3.00,2.25
2012.03.07 11:00:43.360,0.74986,0.75009,1.13,2.25
2012.03.07 11:00:43.438,0.74994,0.75019,2.25,2.85
2012.03.07 11:00:43.513,0.74992,0.75018,2.25,2.25
2012.03.07 11:00:43.729,0.74992,0.75018,3.00,2.25
2012.03.07 11:00:44.670,0.74996,0.75018,1.13,2.25
2012.03.07 11:00:44.915,0.75005,0.75032,2.25,2.25
2012.03.07 11:00:45.420,0.75008,0.75032,2.25,2.25
2012.03.07 11:00:46.790,0.75006,0.75032,2.25,2.25
2012.03.07 11:00:47.702,0.75007,0.75033,2.25,3.00
2012.03.07 11:00:48.909,0.75006,0.75032,2.25,2.25
2012.03.07 11:00:48.975,0.75006,0.75032,2.25,3.00
2012.03.07 11:00:49.405,0.75009,0.75033,2.25,3.00
2012.03.07 11:00:50.336,0.74996,0.75026,3.00,2.25
2012.03.07 11:00:50.537,0.75004,0.75029,2.25,3.00
2012.03.07 11:00:50.768,0.74997,0.75025,2.25,2.25
2012.03.07 11:00:51.124,0.7499,0.75029,1.13,1.73
2012.03.07 11:00:51.285,0.7499,0.75029,1.13,1.13
2012.03.07 11:00:52.179,0.7499,0.75034,1.13,2.10
2012.03.07 11:00:52.251,0.7499,0.75029,1.13,1.13
2012.03.07 11:00:53.103,0.74995,0.75025,3.00,2.25
2012.03.07 11:00:54.118,0.74995,0.75025,3.00,2.25
2012.03.07 11:00:54.474,0.74994,0.75022,3.00,2.25
2012.03.07 11:00:55.039,0.74993,0.75021,3.00,2.25
2012.03.07 11:00:55.202,0.74993,0.75021,3.00,2.25
2012.03.07 11:00:55.266,0.74993,0.75023,3.00,2.25
2012.03.07 11:00:59.311,0.74995,0.75025,3.00,2.25
2012.03.07 11:00:59.394,0.74995,0.75025,2.25,3.00
2012.03.07 11:01:00.145,0.74994,0.75024,2.25,3.00
2012.03.07 11:01:00.681,0.74996,0.75025,2.25,3.00
2012.03.07 11:01:01.286,0.74996,0.75022,2.25,2.25
2012.03.07 11:01:02.591,0.74997,0.75023,2.25,2.25
2012.03.07 11:01:03.419,0.74991,0.75019,3.00,2.25
2012.03.07 11:01:03.491,0.74997,0.75023,2.25,2.25
2012.03.07 11:01:04.213,0.74999,0.75023,2.25,2.25
2012.03.07 11:01:04.433,0.74997,0.75023,2.25,2.25
2012.03.07 11:01:08.044,0.74999,0.75023,2.25,2.25
2012.03.07 11:01:08.547,0.74998,0.75024,2.25,2.63
2012.03.07 11:01:09.053,0.74993,0.75023,3.00,2.25
2012.03.07 11:01:09.186,0.74995,0.75023,2.25,2.25
2012.03.07 11:01:09.388,0.74996,0.75024,3.00,2.25
2012.03.07 11:01:10.018,0.74995,0.75023,3.00,2.25
2012.03.07 11:01:10.086,0.74995,0.75025,3.00,2.25
2012.03.07 11:01:11.019,0.74996,0.75026,3.00,2.25
2012.03.07 11:01:12.460,0.74994,0.75024,3.00,2.25
2012.03.07 11:01:13.129,0.74994,0.75022,3.00,2.25
2012.03.07 11:01:14.112,0.74996,0.75023,3.00,2.25
2012.03.07 11:01:14.548,0.74992,0.7502,3.00,2.25
2012.03.07 11:01:15.227,0.74993,0.75021,3.00,2.25
2012.03.07 11:01:16.226,0.74992,0.75022,3.00,2.25
2012.03.07 11:01:17.525,0.74997,0.75025,3.00,2.25
2012.03.07 11:01:18.215,0.74996,0.75024,3.00,2.25
2012.03.07 11:01:20.027,0.74995,0.75025,3.00,2.25
2012.03.07 11:01:20.088,0.74995,0.75025,3.00,2.25
2012.03.07 11:01:20.157,0.74995,0.75025,3.00,2.25
2012.03.07 11:01:23.021,0.74998,0.75026,2.25,2.25
2012.03.07 11:01:23.868,0.74998,0.75026,3.00,2.25
2012.03.07 11:01:24.309,0.74998,0.75026,2.25,2.25
2012.03.07 11:01:24.376,0.74995,0.75025,3.00,2.25
2012.03.07 11:01:25.106,0.74998,0.75026,3.00,2.25
2012.03.07 11:01:26.012,0.74999,0.75027,3.00,2.25
2012.03.07 11:01:26.402,0.74999,0.75027,2.25,2.25
2012.03.07 11:01:27.381,0.74998,0.75028,2.25,3.38
2012.03.07 11:01:27.509,0.74999,0.75023,2.25,2.25
2012.03.07 11:01:28.145,0.74999,0.75023,3.00,2.25
2012.03.07 11:01:29.190,0.74999,0.75023,2.25,2.25
2012.03.07 11:01:29.612,0.74999,0.75023,3.00,2.25
2012.03.07 11:01:29.682,0.7499,0.75033,1.13,1.73
2012.03.07 11:01:30.498,0.74991,0.75033,1.13,1.73
2012.03.07 11:01:30.565,0.74998,0.75024,3.00,2.25
2012.03.07 11:01:31.621,0.75,0.75026,3.00,2.25
2012.03.07 11:01:31.747,0.74992,0.75033,1.13,1.73
2012.03.07 11:01:31.988,0.74996,0.75039,1.13,3.23
2012.03.07 11:01:32.341,0.75005,0.75029,2.25,3.00
2012.03.07 11:01:32.603,0.75001,0.75028,3.00,2.25
2012.03.07 11:01:32.980,0.75002,0.75026,3.00,2.25
2012.03.07 11:01:33.060,0.75001,0.75028,2.25,3.00
2012.03.07 11:01:33.166,0.75003,0.75027,2.25,2.25
2012.03.07 11:01:33.697,0.75,0.75026,2.25,2.25
2012.03.07 11:01:33.820,0.75002,0.75028,2.25,3.00
2012.03.07 11:01:34.242,0.75002,0.75026,3.00,2.25
2012.03.07 11:01:34.485,0.75001,0.75028,3.00,2.25
2012.03.07 11:01:34.885,0.75005,0.75029,2.25,2.25
2012.03.07 11:01:35.185,0.74999,0.75023,3.00,2.25
2012.03.07 11:01:35.486,0.74995,0.75019,1.35,2.25
2012.03.07 11:01:36.777,0.74996,0.75035,1.13,1.73
2012.03.07 11:01:37.219,0.75002,0.75026,2.25,2.25
2012.03.07 11:01:38.110,0.75002,0.75027,2.25,2.25
2012.03.07 11:01:38.766,0.75,0.75026,3.00,2.25
2012.03.07 11:01:39.213,0.74996,0.75022,3.38,2.25
2012.03.07 11:01:39.277,0.74996,0.75022,3.38,2.25
2012.03.07 11:01:39.338,0.74998,0.75028,2.25,2.25
2012.03.07 11:01:39.468,0.75001,0.75031,2.25,3.38
2012.03.07 11:01:39.538,0.75001,0.75031,3.00,2.63
2012.03.07 11:01:39.608,0.75,0.75024,3.00,2.25
2012.03.07 11:01:40.777,0.75,0.75024,2.25,2.25
2012.03.07 11:01:41.281,0.75001,0.75025,3.00,2.25
2012.03.07 11:01:41.947,0.74999,0.75025,2.25,2.25
2012.03.07 11:01:44.141,0.75,0.75026,2.25,2.25
2012.03.07 11:01:44.330,0.75,0.75026,3.00,2.25
2012.03.07 11:01:45.129,0.74999,0.75025,3.00,2.25
2012.03.07 11:01:48.786,0.75001,0.75031,3.00,2.25
2012.03.07 11:01:48.970,0.75003,0.75031,2.25,3.38
2012.03.07 11:01:49.403,0.75,0.75024,2.25,2.25
2012.03.07 11:01:49.464,0.74998,0.75024,2.25,2.25
2012.03.07 11:01:49.847,0.75,0.7503,3.60,2.25
2012.03.07 11:01:49.911,0.75006,0.75033,3.00,2.25
2012.03.07 11:01:50.097,0.75,0.75029,3.60,2.25
2012.03.07 11:01:50.171,0.75,0.75029,3.60,2.25
2012.03.07 11:01:50.300,0.75007,0.75032,2.25,2.25
2012.03.07 11:01:50.640,0.75006,0.7503,3.00,2.25
2012.03.07 11:01:52.079,0.75006,0.7503,3.00,2.25
2012.03.07 11:01:53.955,0.75006,0.7503,2.25,2.25
2012.03.07 11:01:54.217,0.75003,0.75029,2.25,2.25
2012.03.07 11:01:54.946,0.74997,0.75024,3.00,2.25
2012.03.07 11:01:55.241,0.74998,0.75022,3.00,2.25
2012.03.07 11:01:55.472,0.75,0.75028,3.00,2.25
2012.03.07 11:01:55.834,0.75,0.75037,3.00,3.23
2012.03.07 11:01:56.063,0.75,0.75037,3.00,3.23
2012.03.07 11:01:57.970,0.75,0.75035,3.00,2.25
2012.03.07 11:01:58.038,0.75004,0.75032,2.25,2.25
2012.03.07 11:01:58.661,0.75001,0.75029,3.38,2.25
2012.03.07 11:01:58.751,0.75005,0.75031,3.00,2.25
2012.03.07 11:01:59.101,0.75005,0.75031,3.00,2.25
2012.03.07 11:01:59.363,0.75005,0.75031,3.00,2.25
2012.03.07 11:02:00.333,0.75005,0.75031,3.00,2.25
2012.03.07 11:02:00.453,0.75008,0.75032,2.25,2.25
2012.03.07 11:02:01.209,0.75006,0.75032,3.00,2.25
2012.03.07 11:02:01.599,0.75008,0.75032,2.25,2.25
2012.03.07 11:02:02.070,0.75012,0.75038,2.25,3.00
2012.03.07 11:02:02.175,0.75012,0.75036,2.25,2.25
2012.03.07 11:02:02.690,0.75006,0.75034,3.38,2.25
2012.03.07 11:02:02.979,0.75006,0.75034,3.00,2.25
2012.03.07 11:02:03.560,0.75012,0.75042,3.00,2.25
2012.03.07 11:02:03.637,0.75011,0.75039,3.00,2.25
2012.03.07 11:02:03.964,0.75011,0.75039,3.00,2.25
2012.03.07 11:02:04.429,0.75011,0.75048,3.00,3.00
2012.03.07 11:02:04.497,0.75011,0.75048,3.00,3.38
2012.03.07 11:02:04.828,0.75013,0.7504,3.00,2.25
2012.03.07 11:02:05.191,0.7501,0.75038,3.00,2.25
2012.03.07 11:02:05.257,0.7501,0.7504,3.00,2.25
2012.03.07 11:02:05.403,0.7501,0.75038,3.00,2.25
2012.03.07 11:02:06.062,0.75009,0.75039,3.00,2.25
2012.03.07 11:02:06.936,0.75009,0.75039,3.00,2.25
2012.03.07 11:02:07.326,0.75013,0.75043,2.25,3.00
2012.03.07 11:02:07.410,0.75013,0.75043,3.00,2.25
2012.03.07 11:02:08.043,0.75013,0.75041,3.00,2.25
2012.03.07 11:02:08.513,0.75017,0.75045,2.25,2.25
2012.03.07 11:02:10.978,0.75017,0.75045,3.00,2.25
2012.03.07 11:02:11.118,0.75017,0.75045,3.00,2.25
2012.03.07 11:02:11.474,0.7501,0.75036,3.00,2.25
2012.03.07 11:02:13.310,0.75013,0.75039,2.25,2.25
2012.03.07 11:02:13.379,0.75016,0.7504,3.00,2.25
2012.03.07 11:02:14.356,0.75009,0.75039,3.00,2.25
2012.03.07 11:02:15.228,0.75009,0.75039,3.00,2.25
2012.03.07 11:02:16.049,0.75009,0.75039,3.00,2.25
2012.03.07 11:02:16.121,0.75014,0.75038,3.00,2.25
2012.03.07 11:02:16.497,0.75014,0.75038,2.25,2.25
2012.03.07 11:02:16.750,0.75012,0.75039,2.25,2.25
2012.03.07 11:02:17.417,0.75012,0.75038,2.25,2.25
2012.03.07 11:02:17.498,0.7501,0.75036,3.00,2.25
2012.03.07 11:02:17.630,0.75012,0.75038,2.25,2.25
2012.03.07 11:02:17.851,0.75014,0.7504,2.25,2.25
2012.03.07 11:02:18.361,0.75014,0.7504,3.00,2.25
2012.03.07 11:02:20.372,0.75013,0.75038,3.00,2.25
2012.03.07 11:02:21.268,0.75012,0.75039,2.25,2.25
2012.03.07 11:02:21.590,0.75012,0.75036,2.25,2.25
2012.03.07 11:02:23.217,0.75009,0.75035,3.00,2.25
2012.03.07 11:02:24.890,0.7501,0.75036,3.00,2.25
2012.03.07 11:02:25.647,0.75011,0.75037,3.00,2.25
2012.03.07 11:02:26.431,0.75013,0.75038,2.25,2.25
2012.03.07 11:02:27.149,0.75013,0.75037,2.25,2.25
2012.03.07 11:02:27.216,0.75014,0.7504,2.25,2.25
2012.03.07 11:02:27.700,0.75016,0.7504,2.25,2.25
2012.03.07 11:02:28.449,0.75016,0.7504,3.00,2.25
2012.03.07 11:02:28.789,0.75018,0.75042,3.00,2.25
2012.03.07 11:02:28.960,0.75023,0.75047,2.25,2.25
2012.03.07 11:02:29.678,0.75017,0.75052,3.00,2.25
2012.03.07 11:02:29.748,0.75014,0.75042,3.60,2.25
2012.03.07 11:02:30.080,0.75014,0.75042,3.60,2.25
2012.03.07 11:02:30.163,0.75016,0.75046,3.00,2.25
2012.03.07 11:02:32.598,0.75017,0.75047,2.25,2.25
2012.03.07 11:02:33.139,0.75017,0.75044,3.00,2.25
2012.03.07 11:02:33.262,0.75017,0.75047,3.00,2.25
2012.03.07 11:02:33.690,0.75015,0.75045,3.00,2.25
2012.03.07 11:02:34.778,0.75014,0.75041,1.35,2.25
2012.03.07 11:02:35.419,0.75014,0.7504,1.35,2.25
2012.03.07 11:02:36.199,0.75014,0.75041,1.35,2.25
2012.03.07 11:02:36.688,0.75012,0.75049,3.00,1.13
2012.03.07 11:02:36.774,0.75012,0.7505,2.25,3.00
2012.03.07 11:02:37.390,0.75012,0.75049,2.25,1.13
2012.03.07 11:02:37.719,0.75013,0.7504,2.25,2.25
2012.03.07 11:02:37.788,0.75013,0.75049,2.25,3.00
2012.03.07 11:02:38.525,0.75008,0.75035,3.00,2.25
2012.03.07 11:02:41.825,0.75012,0.75041,3.00,2.25
2012.03.07 11:02:41.946,0.75012,0.75041,2.25,2.25
2012.03.07 11:02:43.798,0.75015,0.75045,2.25,3.00
2012.03.07 11:02:44.184,0.75013,0.7504,2.25,2.25
2012.03.07 11:02:44.687,0.75011,0.75041,3.60,2.25
2012.03.07 11:02:45.460,0.75012,0.75039,1.35,2.25
2012.03.07 11:02:46.225,0.75008,0.75038,3.00,2.25
2012.03.07 11:02:47.013,0.75011,0.75041,3.00,2.25
2012.03.07 11:02:47.170,0.75011,0.75041,3.00,2.25
2012.03.07 11:02:47.238,0.75013,0.7504,2.25,2.25
2012.03.07 11:02:47.932,0.75011,0.75039,3.00,2.25
2012.03.07 11:02:48.470,0.75013,0.75041,2.25,2.25
2012.03.07 11:02:49.406,0.75013,0.7504,2.25,2.25
2012.03.07 11:02:50.613,0.75013,0.7504,3.00,2.25
2012.03.07 11:02:50.740,0.75014,0.75042,3.00,2.25
2012.03.07 11:02:51.830,0.75015,0.75043,3.00,2.25
2012.03.07 11:02:53.025,0.75015,0.75043,3.00,2.25
2012.03.07 11:02:53.218,0.75019,0.75047,2.25,2.25
2012.03.07 11:02:53.290,0.75019,0.75047,2.25,3.00
2012.03.07 11:02:53.358,0.75019,0.75047,2.25,2.63
2012.03.07 11:02:53.514,0.75013,0.7504,1.35,2.25
2012.03.07 11:02:53.679,0.75013,0.75041,2.25,2.25
2012.03.07 11:02:53.872,0.75012,0.75042,3.00,2.25
2012.03.07 11:02:54.327,0.75011,0.7504,3.00,2.25
2012.03.07 11:02:54.390,0.75011,0.75041,3.00,2.25
2012.03.07 11:02:54.932,0.75012,0.7504,2.25,2.25
2012.03.07 11:02:55.360,0.7501,0.75038,3.00,2.25
2012.03.07 11:02:56.247,0.75011,0.7504,3.00,2.25
2012.03.07 11:02:57.442,0.75011,0.75041,3.00,2.25
2012.03.07 11:02:57.550,0.75012,0.75039,2.25,2.25
2012.03.07 11:02:59.329,0.7501,0.75038,3.00,2.25
2012.03.07 11:03:01.540,0.7501,0.7504,3.00,2.25
2012.03.07 11:03:01.686,0.75012,0.75042,2.25,2.25
2012.03.07 11:03:03.944,0.75009,0.75035,3.00,2.25
2012.03.07 11:03:04.266,0.75007,0.75033,3.00,2.25
2012.03.07 11:03:04.601,0.75007,0.75033,3.00,2.25
2012.03.07 11:03:05.505,0.75007,0.75034,3.00,2.25
2012.03.07 11:03:06.376,0.75008,0.75032,3.00,2.25
2012.03.07 11:03:07.242,0.75007,0.75034,3.00,2.25
2012.03.07 11:03:07.783,0.75008,0.75032,3.00,2.25
2012.03.07 11:03:08.129,0.75008,0.75032,2.25,2.25
2012.03.07 11:03:08.449,0.75008,0.75032,3.00,2.25
2012.03.07 11:03:09.556,0.75008,0.75032,2.25,2.25
2012.03.07 11:03:10.148,0.75008,0.75032,3.00,2.25
2012.03.07 11:03:10.834,0.75008,0.75032,2.25,2.25
2012.03.07 11:03:11.462,0.75008,0.75032,3.00,2.25
2012.03.07 11:03:11.675,0.75007,0.75034,3.00,2.25
2012.03.07 11:03:11.739,0.75007,0.75034,3.00,2.25
2012.03.07 11:03:11.883,0.75011,0.7504,3.00,2.25
2012.03.07 11:03:12.538,0.7501,0.7504,2.25,3.00
2012.03.07 11:03:13.645,0.7501,0.7504,3.00,2.25
2012.03.07 11:03:13.715,0.75009,0.75037,3.00,2.25
2012.03.07 11:03:13.779,0.75009,0.75037,2.25,2.25
2012.03.07 11:03:13.912,0.75006,0.75035,3.00,2.25
2012.03.07 11:03:15.297,0.75004,0.75034,3.00,2.25
2012.03.07 11:03:15.713,0.75004,0.75034,3.00,2.25
2012.03.07 11:03:15.780,0.75009,0.75039,3.00,2.25
2012.03.07 11:03:16.509,0.75008,0.75036,3.00,2.25
2012.03.07 11:03:16.892,0.75008,0.75036,2.25,2.25
2012.03.07 11:03:17.076,0.75005,0.75029,3.00,2.25
2012.03.07 11:03:17.493,0.75007,0.75037,2.25,2.25
2012.03.07 11:03:17.559,0.75007,0.75037,3.00,2.25
2012.03.07 11:03:17.822,0.75009,0.75039,3.00,2.25
2012.03.07 11:03:18.833,0.7501,0.7504,3.00,2.25
2012.03.07 11:03:18.897,0.7501,0.7504,3.00,2.25
2012.03.07 11:03:19.511,0.75007,0.75034,3.00,2.25
2012.03.07 11:03:19.911,0.75007,0.75034,2.25,2.25
2012.03.07 11:03:19.978,0.75006,0.75032,3.00,2.25
2012.03.07 11:03:20.793,0.75007,0.75033,2.25,2.25
2012.03.07 11:03:22.987,0.75007,0.75031,2.25,2.25
2012.03.07 11:03:25.538,0.75008,0.75032,2.25,2.25
2012.03.07 11:03:25.917,0.75008,0.75032,3.00,2.25
2012.03.07 11:03:26.086,0.75008,0.75034,3.00,2.25
2012.03.07 11:03:26.318,0.75006,0.75033,3.00,2.25
2012.03.07 11:03:26.575,0.75005,0.75033,3.00,2.25
2012.03.07 11:03:26.695,0.75005,0.75033,3.00,2.25
2012.03.07 11:03:27.068,0.75003,0.75031,3.00,2.25
2012.03.07 11:03:27.611,0.75,0.7503,3.00,2.25
2012.03.07 11:03:30.176,0.75002,0.75032,3.00,2.25
2012.03.07 11:03:30.239,0.75002,0.75032,3.00,2.25
2012.03.07 11:03:30.718,0.75001,0.7503,3.00,2.25
2012.03.07 11:03:31.567,0.75001,0.7503,3.00,2.25
2012.03.07 11:03:40.899,0.75,0.7503,3.00,2.25
2012.03.07 11:03:44.760,0.75,0.7503,3.00,2.25
2012.03.07 11:03:45.097,0.75,0.75028,3.00,2.25
2012.03.07 11:03:48.740,0.75,0.7503,3.00,2.25
2012.03.07 11:03:59.312,0.75002,0.75032,2.25,2.25
2012.03.07 11:03:59.391,0.75002,0.75032,3.00,2.25
2012.03.07 11:03:59.845,0.75002,0.75032,3.00,2.25
2012.03.07 11:04:00.095,0.75,0.75024,3.00,2.25
2012.03.07 11:04:01.165,0.75002,0.75028,3.00,2.25
2012.03.07 11:04:03.682,0.75004,0.75028,2.25,2.25
2012.03.07 11:04:04.930,0.74999,0.75023,3.00,2.25
2012.03.07 11:04:05.256,0.75001,0.75025,3.00,2.25
2012.03.07 11:04:05.317,0.75001,0.75025,3.00,2.25
2012.03.07 11:04:05.376,0.75003,0.75033,3.00,2.25
2012.03.07 11:04:06.136,0.75005,0.75033,3.00,2.25
2012.03.07 11:04:06.201,0.75005,0.75033,3.00,2.25
2012.03.07 11:04:07.342,0.75004,0.75034,3.00,2.25
2012.03.07 11:04:08.999,0.75004,0.75034,3.00,2.25
2012.03.07 11:04:10.121,0.75002,0.75032,3.00,2.25
2012.03.07 11:04:11.304,0.75003,0.75033,3.00,2.25
2012.03.07 11:04:14.945,0.75002,0.75032,3.00,2.25
2012.03.07 11:04:15.180,0.75002,0.75032,3.00,2.25
2012.03.07 11:04:15.257,0.75002,0.75032,3.00,2.25
2012.03.07 11:04:15.727,0.75002,0.75032,3.00,2.25
2012.03.07 11:04:16.553,0.75001,0.75031,3.00,2.25
2012.03.07 11:04:16.615,0.75001,0.75031,3.00,2.25
2012.03.07 11:04:16.805,0.75003,0.75033,3.00,2.25
2012.03.07 11:04:17.325,0.75001,0.75031,3.00,2.25
2012.03.07 11:04:17.500,0.75001,0.75031,3.00,2.25
2012.03.07 11:04:18.035,0.75001,0.7503,3.00,2.25
2012.03.07 11:04:18.838,0.75004,0.75041,3.00,2.25
2012.03.07 11:04:18.902,0.75004,0.75041,3.00,2.25
2012.03.07 11:04:19.029,0.75002,0.75038,3.00,2.25
2012.03.07 11:04:20.666,0.75003,0.7504,3.00,2.25
2012.03.07 11:04:23.326,0.75006,0.75043,3.00,2.25
2012.03.07 11:04:24.066,0.75006,0.75044,3.38,3.38
2012.03.07 11:04:24.317,0.75008,0.75043,2.25,2.25
2012.03.07 11:04:25.234,0.75007,0.75042,3.00,2.25
2012.03.07 11:04:25.588,0.75007,0.75042,2.25,3.00
2012.03.07 11:04:26.035,0.75007,0.75042,2.25,2.25
2012.03.07 11:04:26.102,0.75006,0.75039,1.13,2.25
2012.03.07 11:04:26.405,0.75001,0.75031,3.00,2.25
2012.03.07 11:04:26.818,0.75005,0.75035,3.00,2.25
2012.03.07 11:04:27.587,0.75005,0.75034,3.00,2.25
2012.03.07 11:04:29.547,0.75007,0.75035,3.00,2.25
2012.03.07 11:04:32.252,0.75007,0.75035,3.00,2.25
2012.03.07 11:04:32.318,0.7501,0.75038,3.00,2.25
2012.03.07 11:04:32.678,0.7501,0.75038,2.25,3.00
2012.03.07 11:04:32.807,0.75013,0.75041,2.25,3.00
2012.03.07 11:04:33.087,0.75009,0.75035,2.25,2.25
2012.03.07 11:04:33.358,0.75009,0.75037,2.25,2.25
2012.03.07 11:04:33.906,0.75009,0.75037,3.00,2.25
2012.03.07 11:04:33.972,0.75011,0.75041,3.00,2.25
2012.03.07 11:04:34.156,0.75011,0.75041,2.25,3.00
2012.03.07 11:04:34.419,0.75011,0.75041,3.00,2.25
2012.03.07 11:04:34.486,0.75011,0.75041,2.25,3.00
2012.03.07 11:04:34.997,0.75009,0.75033,2.25,2.25
2012.03.07 11:04:37.052,0.75007,0.75033,2.25,2.25
2012.03.07 11:04:37.185,0.75009,0.75035,2.25,2.25
2012.03.07 11:04:37.624,0.75008,0.75032,2.25,2.25
2012.03.07 11:04:37.847,0.75006,0.75033,3.00,2.25
2012.03.07 11:04:38.280,0.75007,0.75031,2.25,2.25
2012.03.07 11:04:38.699,0.75005,0.75031,3.00,2.25
2012.03.07 11:04:39.382,0.75009,0.75035,2.25,2.85
2012.03.07 11:04:39.605,0.75009,0.75033,2.25,2.25
2012.03.07 11:04:40.684,0.7501,0.75034,2.25,2.25
2012.03.07 11:04:40.878,0.75011,0.75036,2.25,2.25
2012.03.07 11:04:40.945,0.75009,0.75035,2.25,2.25
2012.03.07 11:04:42.882,0.75011,0.75035,2.25,2.25
2012.03.07 11:04:43.599,0.75011,0.75037,2.25,2.25
2012.03.07 11:04:44.025,0.75011,0.75035,2.25,2.25
2012.03.07 11:04:44.208,0.75011,0.75037,2.25,2.25
2012.03.07 11:04:44.782,0.7501,0.75036,2.25,2.25
2012.03.07 11:04:45.683,0.75014,0.7504,2.25,3.00
2012.03.07 11:04:45.811,0.75015,0.75042,2.25,2.85
2012.03.07 11:04:45.939,0.75015,0.75042,2.25,3.00
2012.03.07 11:04:46.127,0.7501,0.75038,2.25,3.00
2012.03.07 11:04:46.246,0.75008,0.75038,2.25,3.00
2012.03.07 11:04:47.112,0.75009,0.75038,2.25,3.00
2012.03.07 11:04:47.751,0.7501,0.75038,2.25,3.00
2012.03.07 11:04:51.941,0.75013,0.75041,2.25,3.00
2012.03.07 11:04:52.066,0.7501,0.75038,2.25,3.00
2012.03.07 11:04:54.347,0.75012,0.7504,2.25,3.00
2012.03.07 11:04:54.901,0.75011,0.75039,2.25,3.00
2012.03.07 11:04:55.505,0.75012,0.7504,2.25,3.00
2012.03.07 11:04:55.697,0.75005,0.75033,2.25,2.25
2012.03.07 11:04:56.164,0.75005,0.75033,3.00,2.25
2012.03.07 11:04:56.289,0.75005,0.75033,2.25,3.00
2012.03.07 11:04:57.133,0.75005,0.75033,3.00,2.25
2012.03.07 11:04:59.301,0.75004,0.75034,3.00,2.25
2012.03.07 11:05:00.629,0.75004,0.75033,2.25,3.00
2012.03.07 11:05:00.755,0.74999,0.75027,3.00,2.25
2012.03.07 11:05:01.448,0.75005,0.75031,3.00,2.25
2012.03.07 11:05:01.965,0.75006,0.7503,3.00,2.25
2012.03.07 11:05:02.052,0.75008,0.75036,2.25,2.25
2012.03.07 11:05:03.408,0.75008,0.75036,2.25,3.00
2012.03.07 11:05:03.893,0.75008,0.75036,2.25,2.25
2012.03.07 11:05:03.956,0.75008,0.75038,2.25,2.85
2012.03.07 11:05:04.146,0.75007,0.75031,2.25,2.25
2012.03.07 11:05:04.267,0.75006,0.75033,3.00,2.25
2012.03.07 11:05:04.467,0.75011,0.75035,2.25,3.00
2012.03.07 11:05:04.596,0.75003,0.75033,2.25,3.00
2012.03.07 11:05:05.129,0.75001,0.75031,3.00,2.25
2012.03.07 11:05:07.149,0.75002,0.75032,3.00,2.25
2012.03.07 11:05:07.453,0.75004,0.75032,2.25,2.25
2012.03.07 11:05:08.854,0.75005,0.75032,2.25,2.25
2012.03.07 11:05:10.487,0.75005,0.75032,3.00,2.25
2012.03.07 11:05:10.667,0.75008,0.75038,2.25,2.85
2012.03.07 11:05:10.787,0.7501,0.7504,2.25,3.00
2012.03.07 11:05:11.322,0.75008,0.75034,2.25,3.00
2012.03.07 11:05:11.628,0.75007,0.75031,3.00,2.25
2012.03.07 11:05:11.749,0.75005,0.75032,2.25,2.25
2012.03.07 11:05:11.851,0.75005,0.75029,2.25,2.25
2012.03.07 11:05:12.527,0.75006,0.7503,2.25,2.25
2012.03.07 11:05:14.807,0.75005,0.75029,2.25,2.25
2012.03.07 11:05:14.927,0.75005,0.75031,2.25,2.25
2012.03.07 11:05:15.954,0.75003,0.75029,2.25,2.25
2012.03.07 11:05:16.946,0.75006,0.75034,2.25,3.00
2012.03.07 11:05:17.638,0.75005,0.75035,3.00,2.85
2012.03.07 11:05:17.831,0.75005,0.75032,3.00,2.25
2012.03.07 11:05:18.672,0.75005,0.75032,2.25,2.25
2012.03.07 11:05:20.521,0.75004,0.75034,2.25,3.00
2012.03.07 11:05:20.587,0.75006,0.75034,2.25,3.00
2012.03.07 11:05:21.152,0.75006,0.75036,3.00,2.85
2012.03.07 11:05:21.290,0.75005,0.75033,3.00,2.25
2012.03.07 11:05:21.355,0.75005,0.75035,3.00,2.85
2012.03.07 11:05:21.416,0.75005,0.75035,2.25,3.60
2012.03.07 11:05:23.663,0.75005,0.75032,2.25,2.25
2012.03.07 11:05:23.801,0.75005,0.75035,3.00,2.85
2012.03.07 11:05:24.179,0.75004,0.75033,3.00,2.25
2012.03.07 11:05:25.336,0.75007,0.75035,3.00,2.85
2012.03.07 11:05:27.047,0.75008,0.75036,2.25,2.85
2012.03.07 11:05:27.725,0.75005,0.75035,3.00,2.85
2012.03.07 11:05:28.710,0.75004,0.75034,3.00,2.25
2012.03.07 11:05:29.488,0.75005,0.75032,3.00,2.25
2012.03.07 11:05:30.596,0.75005,0.75033,3.00,2.25
2012.03.07 11:05:31.145,0.75006,0.75034,3.00,2.25
2012.03.07 11:05:31.610,0.75009,0.75037,2.25,2.25
2012.03.07 11:05:31.966,0.75014,0.7504,2.25,1.73
2012.03.07 11:05:32.089,0.7501,0.75038,2.25,3.00
2012.03.07 11:05:32.781,0.7501,0.75037,2.25,2.25
2012.03.07 11:05:33.182,0.75013,0.7504,2.25,1.35
2012.03.07 11:05:33.250,0.7501,0.75037,2.25,2.25
2012.03.07 11:05:33.878,0.7501,0.75038,2.25,3.00
2012.03.07 11:05:34.995,0.75008,0.75032,2.25,2.25
2012.03.07 11:05:35.597,0.75008,0.75034,3.00,2.25
2012.03.07 11:05:35.664,0.75008,0.75034,2.25,2.25
2012.03.07 11:05:35.789,0.75011,0.75036,2.25,2.25
2012.03.07 11:05:36.469,0.75011,0.75037,2.25,2.25
2012.03.07 11:05:37.262,0.75006,0.7504,1.13,1.35
2012.03.07 11:05:37.392,0.75011,0.75051,1.13,1.35
2012.03.07 11:05:37.663,0.75008,0.75046,1.73,1.13
2012.03.07 11:05:37.980,0.75015,0.75039,2.25,2.25
2012.03.07 11:05:38.521,0.75011,0.75035,3.00,2.25
2012.03.07 11:05:38.685,0.75009,0.75036,2.25,2.25
2012.03.07 11:05:38.809,0.75012,0.7504,2.25,3.00
2012.03.07 11:05:39.139,0.7501,0.75034,3.00,2.25
2012.03.07 11:05:39.332,0.75009,0.75048,1.35,1.13
2012.03.07 11:05:39.855,0.75009,0.75048,1.35,1.13
2012.03.07 11:05:39.887,0.75011,0.75049,1.13,1.35
2012.03.07 11:05:40.361,0.7502,0.75046,2.25,2.25
2012.03.07 11:05:40.747,0.75023,0.75048,2.25,2.25
2012.03.07 11:05:41.305,0.75016,0.75041,3.00,2.25
2012.03.07 11:05:41.493,0.75014,0.75049,1.13,1.35
2012.03.07 11:05:41.576,0.75016,0.75053,1.13,1.35
2012.03.07 11:05:41.644,0.75016,0.75055,1.73,1.13
2012.03.07 11:05:42.228,0.75016,0.75052,1.35,1.13
2012.03.07 11:05:42.285,0.75016,0.75054,1.35,1.13
2012.03.07 11:05:42.693,0.7501,0.75054,1.13,2.10
2012.03.07 11:05:43.503,0.75021,0.75047,3.00,2.25
2012.03.07 11:05:43.938,0.75019,0.75045,3.00,2.25
2012.03.07 11:05:44.001,0.75019,0.75045,2.25,2.25
2012.03.07 11:05:44.070,0.75019,0.75043,2.25,2.25
2012.03.07 11:05:44.469,0.75015,0.75041,3.00,2.25
2012.03.07 11:05:44.872,0.75015,0.75041,3.00,2.25
2012.03.07 11:05:44.940,0.75018,0.75045,2.25,2.25
2012.03.07 11:05:45.376,0.75019,0.75043,2.25,2.25
2012.03.07 11:05:45.583,0.75017,0.75043,3.00,2.25
2012.03.07 11:05:45.647,0.75019,0.75043,2.25,2.25
2012.03.07 11:05:46.064,0.75014,0.7504,3.00,2.25
2012.03.07 11:05:46.579,0.75015,0.75039,3.00,2.25
2012.03.07 11:05:46.943,0.75015,0.75041,3.00,2.25
2012.03.07 11:05:47.054,0.75018,0.75044,2.25,2.25
2012.03.07 11:05:47.790,0.75019,0.75044,2.25,2.25
2012.03.07 11:05:48.069,0.75016,0.7504,3.00,2.25
2012.03.07 11:05:49.582,0.75016,0.75054,1.35,1.13
2012.03.07 11:05:49.833,0.75016,0.75054,1.35,1.13
2012.03.07 11:05:49.903,0.75016,0.75054,1.35,1.13
2012.03.07 11:05:55.731,0.75025,0.75049,2.25,2.25
2012.03.07 11:05:56.589,0.75024,0.7505,2.25,2.25
2012.03.07 11:05:57.722,0.75023,0.75049,2.25,3.00
2012.03.07 11:05:58.272,0.75022,0.75048,3.00,2.25
2012.03.07 11:05:58.584,0.75022,0.7505,3.00,2.25
2012.03.07 11:05:58.877,0.75022,0.75052,3.00,2.25
2012.03.07 11:05:59.401,0.75022,0.75052,3.00,2.25
2012.03.07 11:05:59.488,0.75025,0.75055,3.00,2.63
2012.03.07 11:05:59.588,0.75023,0.75051,3.00,2.25
2012.03.07 11:06:00.657,0.75024,0.75052,3.00,2.25
2012.03.07 11:06:03.650,0.75024,0.75054,3.00,2.25
2012.03.07 11:06:04.256,0.75021,0.7505,3.00,2.25
2012.03.07 11:06:05.307,0.75022,0.7505,2.25,2.25
2012.03.07 11:06:07.102,0.75022,0.7505,3.00,2.25
2012.03.07 11:06:07.911,0.75021,0.75051,3.00,2.25
2012.03.07 11:06:08.028,0.75021,0.75051,3.00,2.25
2012.03.07 11:06:08.090,0.75021,0.75051,3.00,2.25
2012.03.07 11:06:08.248,0.75021,0.75051,3.00,2.25
2012.03.07 11:06:08.315,0.75021,0.75051,3.00,2.25
2012.03.07 11:06:09.228,0.75021,0.75051,3.00,2.25
2012.03.07 11:06:09.456,0.75021,0.75051,3.00,2.25
2012.03.07 11:06:09.963,0.75021,0.75051,3.00,2.25
2012.03.07 11:06:11.144,0.75031,0.75058,2.25,3.00
2012.03.07 11:06:11.678,0.7503,0.75058,2.25,3.00
2012.03.07 11:06:18.998,0.75027,0.75055,3.00,2.25
2012.03.07 11:06:19.081,0.75024,0.75054,2.25,3.00
2012.03.07 11:06:19.964,0.75024,0.75052,2.25,2.25
2012.03.07 11:06:20.896,0.75025,0.75053,2.25,3.00
2012.03.07 11:06:21.482,0.75029,0.75057,2.25,3.00
2012.03.07 11:06:21.547,0.75029,0.75057,2.25,2.25
2012.03.07 11:06:22.303,0.7503,0.75059,2.25,3.00
2012.03.07 11:06:22.859,0.75029,0.75059,2.25,3.00
2012.03.07 11:06:23.115,0.75026,0.75056,3.00,2.25
2012.03.07 11:06:23.442,0.75017,0.75041,3.60,2.25
2012.03.07 11:06:23.569,0.7503,0.75054,2.25,2.25
2012.03.07 11:06:23.789,0.75032,0.75056,2.25,2.25
2012.03.07 11:06:23.857,0.75031,0.75059,2.25,3.00
2012.03.07 11:06:24.115,0.75027,0.75053,3.00,2.25
2012.03.07 11:06:24.564,0.7503,0.7506,2.25,3.00
2012.03.07 11:06:25.117,0.75031,0.75059,2.25,3.00
2012.03.07 11:06:26.186,0.7503,0.75059,2.25,3.00
2012.03.07 11:06:27.274,0.75034,0.75064,2.25,3.00
2012.03.07 11:06:27.339,0.75034,0.75064,2.25,3.00
2012.03.07 11:06:27.408,0.75034,0.75064,2.25,3.00
2012.03.07 11:06:27.600,0.75034,0.75064,2.25,3.00
2012.03.07 11:06:27.676,0.7504,0.75067,2.25,3.00
2012.03.07 11:06:27.970,0.7503,0.75058,2.25,3.00
2012.03.07 11:06:29.637,0.75031,0.75059,3.00,2.25
2012.03.07 11:06:30.248,0.7503,0.75058,3.00,2.25
2012.03.07 11:06:31.834,0.7503,0.75058,2.25,2.25
2012.03.07 11:06:32.042,0.75025,0.75053,3.00,2.25
2012.03.07 11:06:32.167,0.75027,0.75055,2.25,2.25
2012.03.07 11:06:32.225,0.75027,0.75055,3.00,2.25
2012.03.07 11:06:32.289,0.75027,0.75057,3.00,2.25
2012.03.07 11:06:33.209,0.75028,0.75056,3.00,2.25
2012.03.07 11:06:35.132,0.75026,0.75056,3.00,2.25
2012.03.07 11:06:35.334,0.75028,0.75056,2.25,2.25
2012.03.07 11:06:36.016,0.75026,0.75056,3.00,2.25
2012.03.07 11:06:36.175,0.75028,0.75056,2.25,2.25
2012.03.07 11:06:38.438,0.7503,0.75058,2.25,3.00
2012.03.07 11:06:39.306,0.75028,0.75052,2.25,2.25
2012.03.07 11:06:39.648,0.75028,0.75054,2.25,2.25
2012.03.07 11:06:39.717,0.75028,0.75054,3.00,2.25
2012.03.07 11:06:40.197,0.75028,0.75054,2.25,2.25
2012.03.07 11:06:40.767,0.75027,0.75051,3.00,2.25
2012.03.07 11:06:40.888,0.75027,0.75053,3.00,2.25
2012.03.07 11:06:41.843,0.75027,0.75053,3.00,2.25
2012.03.07 11:06:42.077,0.75026,0.75051,3.00,2.25
2012.03.07 11:06:42.661,0.75028,0.75056,2.25,2.25
2012.03.07 11:06:42.945,0.75028,0.75058,2.25,2.25
2012.03.07 11:06:43.846,0.7503,0.75058,2.25,2.25
2012.03.07 11:06:44.712,0.7503,0.7506,2.25,3.00
2012.03.07 11:06:45.237,0.75031,0.75059,2.25,3.00
2012.03.07 11:06:45.747,0.75032,0.7506,3.00,2.25
2012.03.07 11:06:47.640,0.75033,0.75063,2.25,3.00
2012.03.07 11:06:49.477,0.75032,0.75062,3.00,2.25
2012.03.07 11:06:49.925,0.75031,0.75059,3.00,2.25
2012.03.07 11:06:50.758,0.75032,0.7506,3.00,2.25
2012.03.07 11:06:51.741,0.75031,0.75059,3.00,2.25
2012.03.07 11:06:52.623,0.75029,0.75057,3.00,2.25
2012.03.07 11:06:53.163,0.75028,0.75058,3.00,2.25
2012.03.07 11:06:53.669,0.75039,0.75069,2.25,3.00
2012.03.07 11:06:53.743,0.7503,0.7506,3.00,2.25
2012.03.07 11:06:53.883,0.7503,0.7506,3.00,2.25
2012.03.07 11:06:54.599,0.75029,0.75058,3.00,2.25
2012.03.07 11:06:56.583,0.75031,0.75059,3.00,2.25
2012.03.07 11:06:58.464,0.7503,0.75057,3.00,2.25
2012.03.07 11:06:58.948,0.75029,0.75057,2.25,2.25
2012.03.07 11:06:59.135,0.75022,0.7505,3.00,2.25
2012.03.07 11:06:59.668,0.75026,0.75052,3.00,2.25
2012.03.07 11:06:59.829,0.75026,0.75053,3.00,2.25
2012.03.07 11:07:00.057,0.75027,0.75053,3.00,2.25
2012.03.07 11:07:00.510,0.75028,0.75054,2.25,2.25
2012.03.07 11:07:00.925,0.75035,0.75061,2.25,3.00
2012.03.07 11:07:00.991,0.75027,0.75057,3.60,2.25
2012.03.07 11:07:02.754,0.75026,0.75056,3.38,2.25
2012.03.07 11:07:02.818,0.75033,0.75057,2.25,2.25
2012.03.07 11:07:04.264,0.75031,0.75056,3.00,2.25
2012.03.07 11:07:05.475,0.7503,0.75054,2.25,2.25
2012.03.07 11:07:06.131,0.75027,0.75054,2.25,2.25
2012.03.07 11:07:06.383,0.75028,0.75058,2.25,2.25
2012.03.07 11:07:06.483,0.75026,0.75054,3.00,2.25
2012.03.07 11:07:07.143,0.75022,0.75046,3.00,2.25
2012.03.07 11:07:08.020,0.75021,0.75047,3.00,2.25
2012.03.07 11:07:08.458,0.75021,0.75045,3.00,2.25
2012.03.07 11:07:08.802,0.75021,0.75047,3.00,2.25
2012.03.07 11:07:09.132,0.75021,0.75045,3.00,2.25
2012.03.07 11:07:09.460,0.75022,0.75047,3.00,2.25
2012.03.07 11:07:10.329,0.7502,0.75046,3.00,2.25
2012.03.07 11:07:12.017,0.75022,0.75048,3.00,2.25
2012.03.07 11:07:12.268,0.75022,0.75048,3.00,2.25
2012.03.07 11:07:12.339,0.75022,0.75048,3.00,2.25
2012.03.07 11:07:12.948,0.75026,0.75052,3.00,2.25
2012.03.07 11:07:20.691,0.75026,0.7505,3.00,2.25
2012.03.07 11:07:20.927,0.75023,0.75049,2.25,2.25
2012.03.07 11:07:21.460,0.75022,0.75047,2.25,2.25
2012.03.07 11:07:22.217,0.75022,0.75046,2.25,2.25
2012.03.07 11:07:22.692,0.75021,0.75048,3.00,2.25
2012.03.07 11:07:23.312,0.75021,0.75048,3.00,2.25
2012.03.07 11:07:23.902,0.75023,0.75053,3.00,2.25
2012.03.07 11:07:24.454,0.75024,0.75052,3.00,2.25
2012.03.07 11:07:25.443,0.75025,0.75053,3.00,2.25
2012.03.07 11:07:26.965,0.75024,0.75052,3.00,2.25
2012.03.07 11:07:27.829,0.75023,0.75051,3.00,2.25
2012.03.07 11:07:28.418,0.75026,0.75051,1.13,2.25
2012.03.07 11:07:28.556,0.75028,0.75054,2.25,2.25
2012.03.07 11:07:29.708,0.7503,0.75054,2.25,2.25
2012.03.07 11:07:34.340,0.7503,0.75056,2.25,2.25
2012.03.07 11:07:34.870,0.75033,0.75057,2.25,2.25
2012.03.07 11:07:36.148,0.75026,0.75066,1.73,1.13
2012.03.07 11:07:40.394,0.75023,0.75065,2.48,1.13
2012.03.07 11:07:40.756,0.75027,0.75065,1.35,1.13
2012.03.07 11:07:41.059,0.75022,0.7506,1.13,1.35
2012.03.07 11:07:41.164,0.75023,0.7506,1.13,1.35
2012.03.07 11:07:41.548,0.75023,0.75049,3.00,2.25
2012.03.07 11:07:42.261,0.75026,0.7505,3.00,2.25
2012.03.07 11:07:42.576,0.75024,0.75048,2.25,2.25
2012.03.07 11:07:42.947,0.75022,0.75049,3.00,2.25
2012.03.07 11:07:43.137,0.75022,0.75049,3.38,2.25
2012.03.07 11:07:43.349,0.75026,0.75056,2.25,3.00
2012.03.07 11:07:43.477,0.75026,0.75056,3.00,2.25
2012.03.07 11:07:44.629,0.7502,0.75055,1.73,2.25
2012.03.07 11:07:45.317,0.75018,0.75055,3.23,3.00
2012.03.07 11:07:45.550,0.75019,0.75056,3.00,2.25
2012.03.07 11:07:45.919,0.75019,0.75056,3.00,3.00
2012.03.07 11:07:46.293,0.75019,0.75047,3.00,2.25
2012.03.07 11:07:48.433,0.75019,0.75049,3.00,2.25
2012.03.07 11:07:48.651,0.75018,0.75046,3.00,2.25
2012.03.07 11:07:48.856,0.75023,0.75049,2.25,2.25
2012.03.07 11:07:51.184,0.75023,0.75049,2.63,2.25
2012.03.07 11:07:51.413,0.75028,0.75054,2.25,2.25
2012.03.07 11:07:51.556,0.75027,0.75056,2.25,2.25
2012.03.07 11:07:51.876,0.75024,0.75048,3.00,2.25
2012.03.07 11:07:52.260,0.75024,0.7505,3.00,2.25
2012.03.07 11:07:52.435,0.75024,0.7505,2.25,2.25
2012.03.07 11:07:52.893,0.75018,0.75048,3.00,2.25
2012.03.07 11:07:53.591,0.75023,0.75049,3.00,2.25
2012.03.07 11:07:53.836,0.75025,0.75051,3.00,2.25
2012.03.07 11:07:54.040,0.75025,0.75049,3.00,2.25
2012.03.07 11:07:57.579,0.75023,0.75049,2.63,2.25
2012.03.07 11:07:58.012,0.75021,0.75045,3.00,2.25
2012.03.07 11:07:58.644,0.7502,0.75046,3.00,2.25
2012.03.07 11:07:59.458,0.75021,0.75047,3.00,2.25
2012.03.07 11:07:59.861,0.75022,0.75049,3.00,2.25
2012.03.07 11:07:59.986,0.75023,0.75047,2.25,2.25
2012.03.07 11:08:00.455,0.75024,0.7505,3.00,2.25
2012.03.07 11:08:01.029,0.75027,0.75051,2.25,2.25
2012.03.07 11:08:01.097,0.75023,0.75049,2.85,2.25
2012.03.07 11:08:01.496,0.75023,0.75049,3.00,2.25
2012.03.07 11:08:01.616,0.75022,0.75048,3.00,2.25
2012.03.07 11:08:02.281,0.75021,0.75047,3.00,2.25
2012.03.07 11:08:03.189,0.75023,0.75048,2.25,2.25
2012.03.07 11:08:03.322,0.75023,0.75048,3.00,2.25
2012.03.07 11:08:03.510,0.75026,0.7505,3.00,2.25
2012.03.07 11:08:04.110,0.75022,0.75048,1.13,2.25
2012.03.07 11:08:04.238,0.7502,0.75048,3.00,2.25
2012.03.07 11:08:04.383,0.75018,0.75041,1.35,2.25
2012.03.07 11:08:07.042,0.75026,0.7505,2.25,2.25
2012.03.07 11:08:07.572,0.75027,0.75051,2.25,2.25
2012.03.07 11:08:07.809,0.75024,0.75048,2.85,2.25
2012.03.07 11:08:08.131,0.75027,0.75055,2.25,3.00
2012.03.07 11:08:08.257,0.75022,0.75049,2.25,2.25
2012.03.07 11:08:08.931,0.75023,0.75048,2.25,2.25
2012.03.07 11:08:09.577,0.75024,0.7505,2.25,2.25
2012.03.07 11:08:11.558,0.75021,0.75045,3.00,2.25
2012.03.07 11:08:12.520,0.7502,0.75044,3.00,2.25
2012.03.07 11:08:12.859,0.75024,0.7505,2.25,2.25
2012.03.07 11:08:12.976,0.75021,0.75047,3.00,2.25
2012.03.07 11:08:13.410,0.7502,0.75044,3.00,2.25
2012.03.07 11:08:13.521,0.75022,0.75048,2.25,2.25
2012.03.07 11:08:14.558,0.75021,0.75047,3.00,2.25
2012.03.07 11:08:16.377,0.75023,0.75049,2.25,2.25
2012.03.07 11:08:16.977,0.75024,0.7505,3.00,2.25
2012.03.07 11:08:17.839,0.75024,0.7505,2.25,2.25
2012.03.07 11:08:19.328,0.75022,0.75049,2.25,2.25
2012.03.07 11:08:19.389,0.75023,0.75047,2.25,2.25
2012.03.07 11:08:20.641,0.75022,0.75049,2.25,2.25
2012.03.07 11:08:21.189,0.75022,0.75048,2.25,2.25
2012.03.07 11:08:23.225,0.75024,0.7505,2.25,2.25
2012.03.07 11:08:23.727,0.75024,0.7505,3.00,2.25
2012.03.07 11:08:25.197,0.75024,0.7505,2.25,2.25
2012.03.07 11:08:26.516,0.75024,0.7505,3.00,2.25
2012.03.07 11:08:27.067,0.75024,0.7505,2.25,2.25
2012.03.07 11:08:30.345,0.75023,0.75047,2.25,2.25
2012.03.07 11:08:31.382,0.75023,0.75048,2.25,2.25
2012.03.07 11:08:32.561,0.75023,0.75047,2.25,2.25
2012.03.07 11:08:33.850,0.75023,0.75048,2.25,2.25
2012.03.07 11:08:34.188,0.75024,0.75048,3.00,2.25
2012.03.07 11:08:34.596,0.75023,0.75049,2.25,2.25
2012.03.07 11:08:39.021,0.75022,0.75049,3.00,2.25
2012.03.07 11:08:47.270,0.75023,0.75047,2.25,2.25
2012.03.07 11:08:47.527,0.75016,0.75046,3.00,2.25
2012.03.07 11:08:47.810,0.75022,0.75048,2.25,2.25
2012.03.07 11:08:49.156,0.75017,0.75045,2.25,2.25
2012.03.07 11:08:50.108,0.7502,0.75044,3.00,2.25
2012.03.07 11:08:51.468,0.75019,0.75045,3.00,2.25
2012.03.07 11:08:51.968,0.7502,0.75044,3.00,2.25
2012.03.07 11:08:52.450,0.75024,0.75048,2.25,2.25
2012.03.07 11:08:53.023,0.75024,0.7505,2.25,2.25
2012.03.07 11:08:53.430,0.75024,0.75048,2.25,2.25
2012.03.07 11:08:54.000,0.75024,0.7505,2.25,2.25
2012.03.07 11:08:55.671,0.75024,0.7505,3.00,2.25
2012.03.07 11:08:56.187,0.75027,0.75051,2.25,2.25
2012.03.07 11:08:56.488,0.75022,0.75049,1.35,2.25
2012.03.07 11:08:56.556,0.75027,0.75053,2.25,2.25
2012.03.07 11:08:56.729,0.75022,0.7505,1.35,2.25
2012.03.07 11:08:58.050,0.75027,0.75053,2.25,2.25
2012.03.07 11:08:59.817,0.75027,0.75051,2.25,2.25
2012.03.07 11:09:05.456,0.75023,0.75049,2.25,2.25
2012.03.07 11:09:06.079,0.75023,0.75049,3.00,2.25
2012.03.07 11:09:06.200,0.75026,0.75052,3.00,2.25
2012.03.07 11:09:06.883,0.75024,0.7505,3.00,2.25
2012.03.07 11:09:09.336,0.75027,0.7505,1.13,2.25
2012.03.07 11:09:09.516,0.75024,0.75063,1.13,1.13
2012.03.07 11:09:09.929,0.75028,0.75054,2.25,2.25
2012.03.07 11:09:10.340,0.7503,0.75056,2.25,2.25
2012.03.07 11:09:10.912,0.75025,0.75053,3.00,2.25
2012.03.07 11:09:11.477,0.75025,0.75053,2.25,3.00
2012.03.07 11:09:11.658,0.75025,0.75049,2.25,2.25
2012.03.07 11:09:11.830,0.75026,0.75052,2.25,2.25
2012.03.07 11:09:12.657,0.75025,0.75049,2.25,2.25
2012.03.07 11:09:13.165,0.75026,0.75052,2.25,2.25
2012.03.07 11:09:14.592,0.75024,0.7505,2.25,2.25
2012.03.07 11:09:18.036,0.75022,0.75047,3.60,2.25
2012.03.07 11:09:19.408,0.75023,0.7505,2.25,2.25
2012.03.07 11:09:20.434,0.75023,0.75047,2.25,2.25
2012.03.07 11:09:20.969,0.75024,0.75048,2.25,2.25
2012.03.07 11:09:22.269,0.75023,0.75047,2.25,2.25
2012.03.07 11:09:22.989,0.75022,0.75048,3.60,2.25
2012.03.07 11:09:23.397,0.75025,0.75049,2.25,2.25
2012.03.07 11:09:23.459,0.75023,0.75049,2.25,2.25
2012.03.07 11:09:23.601,0.75026,0.7505,2.25,2.25
2012.03.07 11:09:24.032,0.75024,0.7505,2.25,2.25
2012.03.07 11:09:24.591,0.75025,0.75049,2.25,2.25
2012.03.07 11:09:27.807,0.75027,0.75051,2.25,2.25
2012.03.07 11:09:28.217,0.75027,0.75054,2.25,3.00
2012.03.07 11:09:28.399,0.75027,0.75054,2.25,3.00
2012.03.07 11:09:28.529,0.75027,0.75054,2.25,3.00
2012.03.07 11:09:29.219,0.75028,0.75054,2.25,3.00
2012.03.07 11:09:29.430,0.75031,0.75055,2.25,3.00
2012.03.07 11:09:29.997,0.7503,0.75056,2.25,3.00
2012.03.07 11:09:30.067,0.75031,0.75057,2.25,3.00
2012.03.07 11:09:30.130,0.75026,0.75054,2.25,3.00
2012.03.07 11:09:30.202,0.75021,0.75051,3.00,2.25
2012.03.07 11:09:30.269,0.75021,0.75051,2.25,3.00
2012.03.07 11:09:30.340,0.75021,0.75051,3.00,2.25
2012.03.07 11:09:30.409,0.75021,0.75051,2.25,3.00
2012.03.07 11:09:30.783,0.75025,0.75053,2.25,3.00
2012.03.07 11:09:37.649,0.75025,0.75053,2.25,3.00
2012.03.07 11:09:38.358,0.75024,0.75052,2.25,2.25
2012.03.07 11:09:38.704,0.75024,0.75052,2.25,3.00
2012.03.07 11:09:40.953,0.75024,0.75052,2.25,2.25
2012.03.07 11:09:41.757,0.75024,0.75052,2.25,3.00
2012.03.07 11:09:41.858,0.7502,0.75046,2.25,2.25
2012.03.07 11:09:43.963,0.7502,0.75044,2.25,2.25
2012.03.07 11:09:44.406,0.75016,0.75057,1.13,1.13
2012.03.07 11:09:47.716,0.75015,0.75054,1.73,1.13
2012.03.07 11:09:47.837,0.75016,0.75042,3.00,2.25
2012.03.07 11:09:51.262,0.75016,0.75042,3.00,2.25
2012.03.07 11:09:51.445,0.75019,0.75043,2.25,2.25
2012.03.07 11:09:52.226,0.75018,0.75044,2.25,2.25
2012.03.07 11:09:52.870,0.75019,0.75045,2.25,2.25
2012.03.07 11:09:53.388,0.7502,0.75046,2.25,2.25
2012.03.07 11:09:53.696,0.75024,0.75051,2.25,2.25
2012.03.07 11:09:53.762,0.75023,0.75049,2.25,2.25
2012.03.07 11:09:53.885,0.75024,0.75051,2.25,2.25
2012.03.07 11:09:54.006,0.75023,0.75053,2.25,2.25
2012.03.07 11:09:54.257,0.75023,0.75053,2.25,3.00
2012.03.07 11:09:54.619,0.75021,0.75045,2.25,2.25
2012.03.07 11:10:11.692,0.75018,0.75044,2.25,2.25
2012.03.07 11:10:13.852,0.75021,0.75045,2.25,2.25
2012.03.07 11:10:18.593,0.75018,0.75042,2.25,2.25
2012.03.07 11:10:20.095,0.75016,0.7504,3.00,2.25
2012.03.07 11:10:20.486,0.75018,0.75042,2.25,2.25
2012.03.07 11:10:21.547,0.75019,0.75043,2.25,2.25
2012.03.07 11:10:25.528,0.75018,0.75043,2.25,2.25
2012.03.07 11:10:32.948,0.75018,0.75043,3.00,2.25
2012.03.07 11:10:33.421,0.75023,0.75047,2.25,2.25
2012.03.07 11:10:33.645,0.75028,0.75052,2.25,2.25
2012.03.07 11:10:43.999,0.75028,0.75053,2.25,3.00
2012.03.07 11:10:45.878,0.75026,0.7505,2.25,2.25
2012.03.07 11:10:47.730,0.75027,0.75051,2.25,2.25
2012.03.07 11:10:50.242,0.75027,0.75053,2.25,2.25
2012.03.07 11:10:50.696,0.75025,0.75051,2.25,2.25
2012.03.07 11:10:55.279,0.75025,0.75051,3.00,2.25
2012.03.07 11:10:56.069,0.75029,0.75057,2.25,2.25
2012.03.07 11:11:10.494,0.75031,0.75059,2.25,3.00
2012.03.07 11:11:11.469,0.7503,0.75058,2.25,3.00
2012.03.07 11:11:13.916,0.75028,0.75058,2.25,3.00
2012.03.07 11:11:14.452,0.75028,0.75058,2.25,3.00
2012.03.07 11:11:15.192,0.75026,0.7505,2.25,3.00
2012.03.07 11:11:15.376,0.7502,0.75048,2.85,2.25
2012.03.07 11:11:15.530,0.75025,0.75051,2.25,2.25
2012.03.07 11:11:15.980,0.75023,0.7505,2.25,2.25
2012.03.07 11:11:17.968,0.75024,0.7505,2.25,2.25
2012.03.07 11:11:20.424,0.75024,0.7505,3.00,2.25
2012.03.07 11:11:20.953,0.75022,0.7505,3.60,2.25
2012.03.07 11:11:21.080,0.75027,0.75054,3.00,2.25
2012.03.07 11:11:23.660,0.75027,0.75054,2.25,3.00
2012.03.07 11:11:24.309,0.75028,0.75052,2.25,2.25
2012.03.07 11:11:30.029,0.75027,0.75051,2.25,2.25
2012.03.07 11:11:36.636,0.75021,0.75049,3.00,2.25
2012.03.07 11:11:36.696,0.75027,0.75051,3.00,2.25
2012.03.07 11:11:45.566,0.75027,0.75051,3.00,2.25
2012.03.07 11:11:45.828,0.75027,0.75051,2.25,2.25
2012.03.07 11:11:46.147,0.75026,0.75049,1.35,2.25
2012.03.07 11:11:46.225,0.75026,0.75052,3.60,2.25
2012.03.07 11:11:46.773,0.75026,0.75051,1.35,2.25
2012.03.07 11:11:50.323,0.75025,0.75051,2.25,2.25
2012.03.07 11:11:50.500,0.75025,0.75051,3.00,2.25
2012.03.07 11:11:50.834,0.75025,0.75051,2.25,2.25
2012.03.07 11:11:51.379,0.75024,0.7505,2.25,2.25
2012.03.07 11:11:52.287,0.75024,0.75049,2.25,2.25
2012.03.07 11:11:54.229,0.75025,0.75049,2.25,2.25
2012.03.07 11:11:58.715,0.75025,0.75049,3.00,2.25
2012.03.07 11:11:59.996,0.75025,0.75049,2.25,2.25
2012.03.07 11:12:05.900,0.75025,0.75049,3.00,2.25
2012.03.07 11:12:06.495,0.75025,0.75064,1.35,1.13
2012.03.07 11:12:06.555,0.75025,0.75063,1.35,1.13
2012.03.07 11:12:07.241,0.75025,0.75063,1.35,1.13
2012.03.07 11:12:10.190,0.75025,0.75063,1.35,1.13
2012.03.07 11:12:12.045,0.75019,0.7506,1.13,1.13
2012.03.07 11:12:12.165,0.75019,0.7506,1.13,1.13
2012.03.07 11:12:12.499,0.75027,0.75051,2.25,2.25
2012.03.07 11:12:13.385,0.75026,0.7505,3.00,2.25
2012.03.07 11:12:13.490,0.75026,0.75052,3.00,2.25
2012.03.07 11:12:15.371,0.75026,0.75052,2.25,2.25
2012.03.07 11:12:16.828,0.75025,0.75051,2.25,2.25
2012.03.07 11:12:18.896,0.75025,0.75051,3.00,2.25
2012.03.07 11:12:19.485,0.75025,0.75051,2.25,2.25
2012.03.07 11:12:19.547,0.75023,0.75049,2.25,2.25
2012.03.07 11:12:19.870,0.75023,0.75047,2.25,2.25
2012.03.07 11:12:22.625,0.75023,0.7505,2.25,2.25
2012.03.07 11:12:25.450,0.75025,0.75049,2.25,2.25
2012.03.07 11:12:25.539,0.75023,0.75047,2.25,2.25
2012.03.07 11:12:28.121,0.75022,0.75046,3.00,2.25
2012.03.07 11:12:30.476,0.75024,0.75048,2.25,2.25
2012.03.07 11:12:33.404,0.75022,0.75048,3.00,2.25
2012.03.07 11:12:37.482,0.75022,0.75046,3.00,2.25
2012.03.07 11:12:39.361,0.7502,0.75046,2.25,2.25
2012.03.07 11:12:39.430,0.75018,0.75044,2.25,2.25
2012.03.07 11:12:39.917,0.75018,0.75045,3.00,2.25
2012.03.07 11:12:40.614,0.7502,0.75044,3.00,2.25
2012.03.07 11:12:41.769,0.7502,0.75044,2.25,2.25
2012.03.07 11:12:42.149,0.7502,0.75044,3.00,2.25
2012.03.07 11:12:42.416,0.7502,0.75044,2.25,2.25
2012.03.07 11:12:43.900,0.75018,0.75045,2.25,2.25
2012.03.07 11:12:46.774,0.75019,0.75043,2.25,2.25
2012.03.07 11:12:47.221,0.75019,0.75043,3.00,2.25
2012.03.07 11:12:47.290,0.75017,0.75043,2.25,3.00
2012.03.07 11:12:47.627,0.75013,0.75037,2.25,2.25
2012.03.07 11:12:48.127,0.75017,0.75043,2.25,2.25
2012.03.07 11:12:53.637,0.7502,0.75046,2.25,2.25
2012.03.07 11:12:54.198,0.7502,0.75046,2.25,3.00
2012.03.07 11:12:54.455,0.7502,0.75046,2.25,2.25
2012.03.07 11:12:55.791,0.7502,0.75046,2.25,3.00
2012.03.07 11:12:56.839,0.7502,0.75046,2.25,2.25
2012.03.07 11:12:57.067,0.75018,0.75045,2.25,2.25
2012.03.07 11:12:57.207,0.75021,0.75045,2.25,2.25
2012.03.07 11:12:59.553,0.75022,0.75048,2.25,2.25
2012.03.07 11:13:00.228,0.75021,0.75045,2.25,2.25
2012.03.07 11:13:00.891,0.75022,0.75046,2.25,2.25
2012.03.07 11:13:01.912,0.75021,0.75045,2.25,2.25
2012.03.07 11:13:02.622,0.75015,0.75039,3.00,2.25
2012.03.07 11:13:03.157,0.75015,0.7504,3.00,2.25
2012.03.07 11:13:04.538,0.75015,0.75039,3.00,2.25
2012.03.07 11:13:05.240,0.75015,0.75039,2.25,2.25
2012.03.07 11:13:05.548,0.75014,0.75038,3.00,2.25
2012.03.07 11:13:08.273,0.75013,0.75039,3.00,2.25
2012.03.07 11:13:08.409,0.75016,0.75046,3.00,2.25
2012.03.07 11:13:08.657,0.75013,0.75039,3.00,2.25
2012.03.07 11:13:10.191,0.75017,0.75041,3.00,2.25
2012.03.07 11:13:10.310,0.75017,0.75041,3.00,2.25
2012.03.07 11:13:11.361,0.75017,0.75041,3.00,2.25
2012.03.07 11:13:11.461,0.75017,0.75043,3.00,2.25
2012.03.07 11:13:11.580,0.75017,0.75043,3.00,2.25
2012.03.07 11:13:12.360,0.75018,0.75044,2.25,2.25
2012.03.07 11:13:13.300,0.75019,0.75044,2.25,2.25
2012.03.07 11:13:13.687,0.75015,0.75041,3.00,2.25
2012.03.07 11:13:16.061,0.75019,0.75043,2.25,2.25
2012.03.07 11:13:16.130,0.75019,0.75045,2.25,2.25
2012.03.07 11:13:16.944,0.75019,0.75044,2.25,2.25
2012.03.07 11:13:18.263,0.75019,0.75045,3.00,2.25
2012.03.07 11:13:18.330,0.75019,0.75044,2.25,2.25
2012.03.07 11:13:18.586,0.75025,0.75049,2.25,3.00
2012.03.07 11:13:18.969,0.75022,0.75046,2.25,2.25
2012.03.07 11:13:19.567,0.75021,0.75045,2.25,2.25
2012.03.07 11:13:21.186,0.75018,0.75045,2.25,2.25
2012.03.07 11:13:23.410,0.75021,0.75047,2.25,2.25
2012.03.07 11:13:24.922,0.75022,0.75046,2.25,2.25
2012.03.07 11:13:25.498,0.7502,0.75044,3.00,2.25
2012.03.07 11:13:27.789,0.75018,0.75042,3.00,2.25
2012.03.07 11:13:28.009,0.75018,0.75044,3.00,2.25
2012.03.07 11:13:28.688,0.75019,0.75045,2.25,2.25
2012.03.07 11:13:28.936,0.7502,0.75046,3.00,2.25
2012.03.07 11:13:30.769,0.75021,0.75047,3.00,2.25
2012.03.07 11:13:31.310,0.75021,0.75045,2.25,2.25
2012.03.07 11:13:31.838,0.75021,0.75047,2.25,2.25
2012.03.07 11:13:32.711,0.7502,0.75046,3.00,2.25
2012.03.07 11:13:32.877,0.75018,0.75041,1.13,2.25
2012.03.07 11:13:33.044,0.75017,0.75041,3.00,2.25
2012.03.07 11:13:34.283,0.75014,0.7504,3.00,2.25
2012.03.07 11:13:34.532,0.75014,0.75038,3.00,2.25
2012.03.07 11:13:34.788,0.75018,0.75042,2.25,2.25
2012.03.07 11:13:34.986,0.75021,0.75042,1.13,2.25
2012.03.07 11:13:35.109,0.75023,0.75047,2.25,2.25
2012.03.07 11:13:35.331,0.7502,0.75045,2.25,3.00
2012.03.07 11:13:35.465,0.7502,0.75045,2.25,2.25
2012.03.07 11:13:36.012,0.75014,0.75038,3.00,2.25
2012.03.07 11:13:38.494,0.75014,0.75038,3.00,2.25
2012.03.07 11:13:38.620,0.75014,0.75038,3.00,2.25
2012.03.07 11:13:38.725,0.75016,0.7504,3.00,2.25
2012.03.07 11:13:38.791,0.75015,0.75042,3.00,2.25
2012.03.07 11:13:39.706,0.75017,0.75041,3.00,2.25
2012.03.07 11:13:40.466,0.75017,0.75041,3.00,2.25
2012.03.07 11:13:42.045,0.75015,0.75041,3.00,2.25
2012.03.07 11:13:42.572,0.75014,0.7504,3.00,2.25
2012.03.07 11:13:42.696,0.75012,0.75038,3.00,2.25
2012.03.07 11:13:44.200,0.75015,0.75039,3.00,2.25
2012.03.07 11:13:45.641,0.75012,0.75038,3.00,2.25
2012.03.07 11:13:46.656,0.75012,0.75036,3.00,2.25
2012.03.07 11:13:47.565,0.75013,0.75037,2.25,2.25
2012.03.07 11:13:48.210,0.75013,0.75039,3.00,2.25
2012.03.07 11:13:48.413,0.75015,0.75041,3.00,2.25
2012.03.07 11:13:49.856,0.75017,0.75041,2.25,2.25
2012.03.07 11:13:49.926,0.75019,0.75046,2.25,2.25
2012.03.07 11:13:49.998,0.75019,0.75046,3.00,2.25
2012.03.07 11:13:50.057,0.75019,0.75046,2.25,2.25
2012.03.07 11:13:50.177,0.75021,0.75045,2.25,2.25
2012.03.07 11:13:50.384,0.75019,0.75046,2.25,2.25
2012.03.07 11:13:51.032,0.75019,0.75045,2.25,2.25
2012.03.07 11:13:51.536,0.75019,0.75046,2.25,2.25
2012.03.07 11:13:51.603,0.75014,0.75042,3.00,2.25
2012.03.07 11:13:51.792,0.75019,0.75046,2.25,2.25
2012.03.07 11:13:51.953,0.75019,0.75046,2.25,3.00
2012.03.07 11:13:52.170,0.75019,0.75046,2.25,2.25
2012.03.07 11:13:53.466,0.75018,0.75044,2.25,2.25
2012.03.07 11:13:54.611,0.75012,0.75042,3.00,2.25
2012.03.07 11:13:57.878,0.75011,0.75041,3.00,2.25
2012.03.07 11:13:59.737,0.75011,0.75039,3.00,2.25
2012.03.07 11:14:02.682,0.7501,0.75038,3.00,2.25
2012.03.07 11:14:07.166,0.7501,0.7504,3.00,2.25
2012.03.07 11:14:07.738,0.7501,0.7504,3.00,2.25
2012.03.07 11:14:09.008,0.75013,0.75041,2.25,2.25
2012.03.07 11:14:09.598,0.75017,0.75043,2.25,2.25
2012.03.07 11:14:09.716,0.75011,0.75041,3.00,2.25
2012.03.07 11:14:09.835,0.75011,0.75039,3.00,2.25
2012.03.07 11:14:12.901,0.7501,0.75038,3.00,2.25
2012.03.07 11:14:15.961,0.7501,0.75038,2.25,2.25
2012.03.07 11:14:16.401,0.75007,0.75035,2.25,2.25
2012.03.07 11:14:16.716,0.75007,0.75035,3.00,2.25
2012.03.07 11:14:16.859,0.75007,0.75035,2.25,2.25
2012.03.07 11:14:20.561,0.75009,0.75037,2.25,2.25
2012.03.07 11:14:21.278,0.75009,0.75037,3.00,2.25
2012.03.07 11:14:21.607,0.75006,0.75034,3.00,2.25
2012.03.07 11:14:24.159,0.75007,0.75035,3.00,2.25
2012.03.07 11:14:24.461,0.75007,0.75035,2.25,2.25
2012.03.07 11:14:24.849,0.75009,0.75035,2.25,2.25
2012.03.07 11:14:25.169,0.75009,0.75035,3.00,2.25
2012.03.07 11:14:25.689,0.75013,0.75037,2.25,2.25
2012.03.07 11:14:26.029,0.75013,0.75037,3.00,2.25
2012.03.07 11:14:26.131,0.75016,0.75041,3.00,2.25
2012.03.07 11:14:26.651,0.75016,0.75041,2.25,2.25
2012.03.07 11:14:27.127,0.75014,0.7504,2.25,2.25
2012.03.07 11:14:28.222,0.75014,0.75038,2.25,2.25
2012.03.07 11:14:33.315,0.75011,0.75037,3.00,2.25
2012.03.07 11:14:33.385,0.75014,0.75038,2.25,2.25
2012.03.07 11:14:33.922,0.75015,0.75038,1.35,2.25
2012.03.07 11:14:33.987,0.75022,0.75048,3.00,2.25
2012.03.07 11:14:34.129,0.75022,0.75048,2.25,3.00
2012.03.07 11:14:34.317,0.75013,0.75039,2.25,2.25
2012.03.07 11:14:34.375,0.75013,0.75039,3.00,2.25
2012.03.07 11:14:34.833,0.75012,0.75036,3.00,2.25
2012.03.07 11:14:37.101,0.75012,0.75038,3.00,2.25
2012.03.07 11:14:38.804,0.75012,0.75036,3.00,2.25
2012.03.07 11:14:40.067,0.75012,0.75036,3.00,2.25
2012.03.07 11:14:40.725,0.75005,0.75031,3.00,2.25
2012.03.07 11:14:41.331,0.75005,0.75029,3.00,2.25
2012.03.07 11:14:41.398,0.75005,0.75031,3.00,2.25
2012.03.07 11:14:41.542,0.75005,0.75031,3.00,2.25
2012.03.07 11:14:41.607,0.75005,0.75031,3.00,2.25
2012.03.07 11:14:42.718,0.75006,0.7503,3.00,2.25
2012.03.07 11:14:43.194,0.75006,0.7503,3.00,2.25
2012.03.07 11:14:43.358,0.75006,0.75033,3.00,2.25
2012.03.07 11:14:44.070,0.75006,0.75033,3.00,2.25
2012.03.07 11:14:44.683,0.75006,0.75033,3.00,2.25
2012.03.07 11:14:46.269,0.75009,0.75033,3.00,2.25
2012.03.07 11:14:47.720,0.75009,0.75035,3.00,2.25
2012.03.07 11:14:51.525,0.75013,0.75037,2.25,2.85
2012.03.07 11:14:51.738,0.75016,0.7504,2.25,2.85
2012.03.07 11:14:51.796,0.75016,0.7504,2.25,2.25
2012.03.07 11:14:52.541,0.75017,0.75041,2.25,2.25
2012.03.07 11:14:52.607,0.75017,0.75043,2.25,2.25
2012.03.07 11:14:52.702,0.75015,0.75041,3.00,2.25
2012.03.07 11:14:53.049,0.75015,0.75039,2.25,2.25
2012.03.07 11:14:55.266,0.75017,0.75043,2.25,2.25
2012.03.07 11:14:55.788,0.75018,0.75043,2.25,2.25
2012.03.07 11:14:56.329,0.75017,0.75044,2.25,2.25
2012.03.07 11:15:00.837,0.75013,0.75039,3.00,2.25
2012.03.07 11:15:04.259,0.75013,0.75037,3.00,2.25
2012.03.07 11:15:05.037,0.75013,0.75037,2.25,2.25
2012.03.07 11:15:05.160,0.75011,0.75035,3.00,2.25
2012.03.07 11:15:07.127,0.75008,0.75034,3.00,2.25
2012.03.07 11:15:09.325,0.75007,0.75033,3.00,2.25
2012.03.07 11:15:09.660,0.75016,0.75039,1.13,2.25
2012.03.07 11:15:10.185,0.7502,0.75048,3.00,2.25
2012.03.07 11:15:10.250,0.75017,0.75042,3.00,2.25
2012.03.07 11:15:11.643,0.75012,0.75039,3.00,2.25
2012.03.07 11:15:16.790,0.75015,0.75039,2.25,2.25
2012.03.07 11:15:17.181,0.75008,0.75036,3.00,2.25
2012.03.07 11:15:17.728,0.75006,0.75034,3.00,2.25
2012.03.07 11:15:17.881,0.75008,0.75038,3.00,2.25
2012.03.07 11:15:17.946,0.75008,0.75038,3.00,2.25
2012.03.07 11:15:18.458,0.75015,0.75041,3.00,2.25
2012.03.07 11:15:19.656,0.75017,0.75041,1.50,2.25
2012.03.07 11:15:19.897,0.7503,0.75054,2.25,3.00
2012.03.07 11:15:20.039,0.7503,0.75054,2.25,3.00
2012.03.07 11:15:21.471,0.7503,0.75054,2.25,3.00
2012.03.07 11:15:22.189,0.75028,0.75052,2.25,2.25
2012.03.07 11:15:22.292,0.75026,0.75052,2.25,2.25
2012.03.07 11:15:24.232,0.75026,0.75052,2.25,3.00
2012.03.07 11:15:24.547,0.75029,0.75056,2.25,3.00
2012.03.07 11:15:24.756,0.75029,0.75056,2.25,3.00
2012.03.07 11:15:24.823,0.75033,0.75057,2.25,3.00
2012.03.07 11:15:26.588,0.75032,0.75058,2.25,3.00
2012.03.07 11:15:29.037,0.75037,0.75062,2.25,2.25
2012.03.07 11:15:29.554,0.75042,0.75068,2.25,3.00
2012.03.07 11:15:29.697,0.75042,0.75068,2.25,2.25
2012.03.07 11:15:29.759,0.75038,0.75065,2.25,2.25
2012.03.07 11:15:29.837,0.75044,0.75068,2.25,2.25
2012.03.07 11:15:30.158,0.75039,0.75064,2.25,3.00
2012.03.07 11:15:30.430,0.75039,0.75065,2.25,3.00
2012.03.07 11:15:30.598,0.75034,0.7506,2.25,3.00
2012.03.07 11:15:31.080,0.75032,0.75058,2.25,2.25
2012.03.07 11:15:31.269,0.75037,0.75062,2.25,2.25
2012.03.07 11:15:31.598,0.75037,0.75062,2.25,3.00
2012.03.07 11:15:31.780,0.75036,0.7506,2.25,2.25
2012.03.07 11:15:31.847,0.7504,0.75065,2.25,3.00
2012.03.07 11:15:32.810,0.75041,0.75065,2.25,3.00
2012.03.07 11:15:33.120,0.75037,0.75061,2.25,2.25
2012.03.07 11:15:33.377,0.75039,0.75067,2.25,3.00
2012.03.07 11:15:33.464,0.75036,0.75062,2.25,2.25
2012.03.07 11:15:33.901,0.75038,0.75062,2.25,2.25
2012.03.07 11:15:34.235,0.7504,0.75064,2.25,3.00
2012.03.07 11:15:38.418,0.7504,0.75064,2.25,2.25
2012.03.07 11:15:38.478,0.75044,0.75068,2.25,3.00
2012.03.07 11:15:42.032,0.75043,0.75067,2.25,2.25
2012.03.07 11:15:42.346,0.75042,0.75066,2.25,3.00
2012.03.07 11:15:42.570,0.7504,0.75066,2.25,3.00
2012.03.07 11:15:44.213,0.75041,0.75067,2.25,3.00
2012.03.07 11:15:44.647,0.75039,0.75065,2.25,3.00
2012.03.07 11:15:46.476,0.75039,0.75065,2.63,3.00
2012.03.07 11:15:46.536,0.75043,0.7507,2.25,3.00
2012.03.07 11:15:46.746,0.75043,0.7507,2.63,3.00
2012.03.07 11:15:46.968,0.75049,0.75073,2.25,3.00
2012.03.07 11:15:47.427,0.75049,0.75073,2.25,3.00
2012.03.07 11:15:47.497,0.75041,0.75071,2.25,3.00
2012.03.07 11:15:47.987,0.7504,0.75064,2.25,2.25
2012.03.07 11:15:48.424,0.75038,0.75062,2.25,2.25
2012.03.07 11:15:48.617,0.75036,0.75063,3.00,2.25
2012.03.07 11:15:49.367,0.7504,0.75068,2.25,2.25
2012.03.07 11:15:49.605,0.75036,0.75063,3.00,2.25
2012.03.07 11:15:49.729,0.75039,0.75069,3.00,2.25
2012.03.07 11:15:50.415,0.75039,0.75069,2.25,3.00
2012.03.07 11:15:50.586,0.75037,0.75062,2.25,2.25
2012.03.07 11:15:51.034,0.75039,0.75069,3.00,2.25
2012.03.07 11:15:51.099,0.75039,0.75069,2.25,3.00
2012.03.07 11:15:51.403,0.75039,0.75069,3.00,2.25
2012.03.07 11:15:51.727,0.75051,0.75075,2.25,3.00
2012.03.07 11:15:51.890,0.75046,0.75072,2.25,2.25
2012.03.07 11:15:51.958,0.75046,0.75072,2.25,3.00
2012.03.07 11:15:52.175,0.75046,0.75072,2.25,2.25
2012.03.07 11:15:55.648,0.75046,0.75072,2.25,3.00
2012.03.07 11:15:55.707,0.75046,0.75072,2.25,2.25
2012.03.07 11:15:55.848,0.75041,0.75084,1.73,1.35
2012.03.07 11:15:55.981,0.75051,0.75077,2.25,3.00
2012.03.07 11:15:57.064,0.75052,0.75078,2.25,3.00
2012.03.07 11:15:57.832,0.75051,0.75077,2.25,3.00
2012.03.07 11:16:01.911,0.7505,0.75074,2.25,3.00
2012.03.07 11:16:03.271,0.75051,0.75077,2.25,3.00
2012.03.07 11:16:03.442,0.75051,0.75077,2.63,2.25
2012.03.07 11:16:03.595,0.75055,0.75083,2.25,3.00
2012.03.07 11:16:05.872,0.75055,0.75083,2.25,3.00
2012.03.07 11:16:06.061,0.75052,0.75076,2.85,3.00
2012.03.07 11:16:06.560,0.75054,0.7508,2.25,3.00
2012.03.07 11:16:10.680,0.75053,0.75079,2.25,3.00
2012.03.07 11:16:10.750,0.75053,0.75079,2.25,3.00
2012.03.07 11:16:11.072,0.75047,0.75075,2.25,3.00
2012.03.07 11:16:11.297,0.75054,0.75078,2.25,3.00
2012.03.07 11:16:11.425,0.75054,0.75078,2.25,3.00
2012.03.07 11:16:12.459,0.75054,0.75078,2.25,2.25
2012.03.07 11:16:13.270,0.75053,0.75077,2.25,2.25
2012.03.07 11:16:14.809,0.75052,0.75076,2.25,2.25
2012.03.07 11:16:16.798,0.75051,0.75075,2.63,2.25
2012.03.07 11:16:16.916,0.75052,0.75082,2.25,3.00
2012.03.07 11:16:17.109,0.75055,0.75079,2.25,3.00
2012.03.07 11:16:18.340,0.75057,0.75083,2.25,3.00
2012.03.07 11:16:19.207,0.75056,0.75082,2.25,3.00
2012.03.07 11:16:19.683,0.75061,0.75086,2.25,3.00
2012.03.07 11:16:23.162,0.7506,0.75087,2.25,3.00
2012.03.07 11:16:23.229,0.7506,0.75086,2.25,3.00
2012.03.07 11:16:23.683,0.75062,0.75086,2.25,3.00
2012.03.07 11:16:23.749,0.7506,0.75087,2.25,3.00
2012.03.07 11:16:27.428,0.7506,0.75087,2.25,2.25
2012.03.07 11:16:27.486,0.7506,0.75087,2.25,3.00
2012.03.07 11:16:28.411,0.75058,0.75084,2.85,3.00
2012.03.07 11:16:29.018,0.75058,0.75084,2.85,3.00
2012.03.07 11:16:29.140,0.75055,0.75081,2.25,2.25
2012.03.07 11:16:29.520,0.75053,0.75077,3.23,2.25
2012.03.07 11:16:30.673,0.75053,0.75077,2.25,2.25
2012.03.07 11:16:31.394,0.75047,0.75087,1.73,1.35
2012.03.07 11:16:32.527,0.75047,0.75087,1.73,1.35
2012.03.07 11:16:34.349,0.75047,0.75087,1.73,1.35
2012.03.07 11:16:35.960,0.75047,0.75087,1.73,1.35
2012.03.07 11:16:36.346,0.75049,0.75087,1.13,1.35
2012.03.07 11:16:36.408,0.75047,0.75087,2.10,1.35
2012.03.07 11:16:38.762,0.75047,0.75087,1.73,1.35
2012.03.07 11:16:38.827,0.75052,0.75078,2.25,3.00
2012.03.07 11:16:42.409,0.75054,0.75078,2.25,2.25
2012.03.07 11:16:42.966,0.75056,0.75086,2.25,3.00
2012.03.07 11:16:43.086,0.75054,0.7508,2.25,3.00
2012.03.07 11:16:44.656,0.75056,0.7508,2.25,3.00
2012.03.07 11:16:52.316,0.75057,0.75081,2.25,3.00
2012.03.07 11:16:52.530,0.75055,0.75081,2.25,3.00
2012.03.07 11:16:53.349,0.75057,0.75081,2.25,3.00
2012.03.07 11:16:53.418,0.75055,0.75079,2.25,3.00
2012.03.07 11:16:53.924,0.75055,0.75079,2.25,2.25
2012.03.07 11:16:53.988,0.75056,0.75082,2.25,2.25
2012.03.07 11:16:54.855,0.75056,0.75083,2.25,2.25
2012.03.07 11:16:55.387,0.75057,0.75083,2.25,3.00
2012.03.07 11:16:55.586,0.75057,0.75081,2.25,2.25
2012.03.07 11:16:56.401,0.75056,0.75083,2.25,3.00
2012.03.07 11:16:58.316,0.75057,0.75081,2.25,2.25
2012.03.07 11:16:58.726,0.75057,0.75081,2.25,3.00
2012.03.07 11:16:58.851,0.75051,0.75077,2.25,3.00
2012.03.07 11:16:58.987,0.75048,0.75074,2.63,3.00
2012.03.07 11:16:59.996,0.75048,0.75074,2.63,3.00
2012.03.07 11:17:00.927,0.7505,0.75074,2.25,3.00
2012.03.07 11:17:02.587,0.75046,0.75072,2.63,2.25
2012.03.07 11:17:03.020,0.75045,0.75069,3.98,2.25
2012.03.07 11:17:03.455,0.75048,0.75072,2.25,2.25
2012.03.07 11:17:03.552,0.75047,0.75074,2.25,3.00
2012.03.07 11:17:04.379,0.75048,0.75074,2.25,3.00
2012.03.07 11:17:05.978,0.75048,0.75074,2.25,3.00
2012.03.07 11:17:07.244,0.75049,0.75073,2.25,3.00
2012.03.07 11:17:08.730,0.75045,0.75071,3.23,2.25
2012.03.07 11:17:10.500,0.75047,0.75074,2.25,3.00
2012.03.07 11:17:11.306,0.75048,0.75074,2.25,3.00
2012.03.07 11:17:11.779,0.75051,0.75075,2.25,3.00
2012.03.07 11:17:12.598,0.75048,0.75074,2.25,3.00
2012.03.07 11:17:13.967,0.75048,0.75074,2.63,2.25
2012.03.07 11:17:14.103,0.7505,0.7508,2.25,3.00
2012.03.07 11:17:14.319,0.75048,0.75073,2.25,2.25
2012.03.07 11:17:15.402,0.75048,0.75074,2.25,2.25
2012.03.07 11:17:16.520,0.75047,0.75074,3.00,2.25
2012.03.07 11:17:17.421,0.75049,0.75073,2.25,2.25
2012.03.07 11:17:18.598,0.75048,0.75073,2.25,2.25
2012.03.07 11:17:25.220,0.75044,0.75068,2.85,2.25
2012.03.07 11:17:25.292,0.75042,0.75084,1.73,1.13
2012.03.07 11:17:25.503,0.75045,0.75084,1.35,1.13
2012.03.07 11:17:26.283,0.75046,0.75085,1.50,1.35
2012.03.07 11:17:26.859,0.75055,0.75082,2.25,3.00
2012.03.07 11:17:27.166,0.75055,0.75082,2.63,2.25
2012.03.07 11:17:27.405,0.7506,0.75086,2.25,3.00
2012.03.07 11:17:33.511,0.75062,0.75086,2.25,3.00
2012.03.07 11:17:34.281,0.75067,0.75091,2.25,3.00
2012.03.07 11:17:34.468,0.75062,0.75088,2.25,3.00
2012.03.07 11:17:35.106,0.75059,0.75085,2.63,3.00
2012.03.07 11:17:35.172,0.75062,0.75088,2.25,3.00
2012.03.07 11:17:37.098,0.75061,0.75085,2.25,3.00
2012.03.07 11:17:38.799,0.75061,0.75085,2.25,2.25
2012.03.07 11:17:39.463,0.7506,0.75084,2.25,3.00
2012.03.07 11:17:40.948,0.75059,0.75085,2.25,3.00
2012.03.07 11:17:44.044,0.75058,0.75085,2.25,3.00
2012.03.07 11:17:45.081,0.75059,0.75085,2.25,2.25
2012.03.07 11:17:45.717,0.75061,0.75085,1.13,2.25
2012.03.07 11:17:45.780,0.75061,0.75085,1.13,2.25
2012.03.07 11:17:45.928,0.75062,0.75099,2.25,1.35
2012.03.07 11:17:45.988,0.75062,0.75098,3.00,1.35
2012.03.07 11:17:46.401,0.75062,0.7509,3.00,2.25
2012.03.07 11:17:50.127,0.75062,0.7509,3.00,2.25
2012.03.07 11:17:50.518,0.75062,0.751,2.63,3.00
2012.03.07 11:17:50.706,0.75066,0.75099,1.13,3.00
2012.03.07 11:17:51.043,0.75067,0.75096,1.35,3.00
2012.03.07 11:17:51.108,0.75065,0.75095,3.23,3.00
2012.03.07 11:17:51.193,0.75071,0.75097,2.25,3.00
2012.03.07 11:17:51.625,0.75069,0.75096,3.23,3.00
2012.03.07 11:17:51.692,0.75071,0.75097,2.25,3.00
2012.03.07 11:17:52.018,0.75069,0.75096,3.23,3.00
2012.03.07 11:17:52.239,0.75071,0.75095,2.25,3.00
2012.03.07 11:17:52.309,0.75071,0.75095,2.25,2.25
2012.03.07 11:17:52.379,0.75072,0.75098,2.25,3.00
2012.03.07 11:17:53.098,0.75072,0.75098,2.25,3.00
2012.03.07 11:17:53.158,0.75072,0.75098,2.25,3.00
2012.03.07 11:17:53.320,0.75072,0.75098,2.25,3.00
2012.03.07 11:17:54.429,0.75072,0.75098,2.25,2.25
2012.03.07 11:17:57.778,0.75072,0.75098,2.25,3.00
2012.03.07 11:17:59.600,0.75072,0.75098,2.25,2.25
2012.03.07 11:18:00.706,0.75075,0.75099,2.25,3.00
2012.03.07 11:18:01.359,0.75076,0.75106,2.25,3.00
2012.03.07 11:18:02.046,0.75075,0.75103,2.25,3.00
2012.03.07 11:18:02.114,0.75065,0.75095,2.85,3.00
2012.03.07 11:18:02.196,0.75067,0.75095,1.35,3.00
2012.03.07 11:18:02.258,0.75067,0.75095,2.10,2.25
2012.03.07 11:18:02.377,0.75075,0.75103,2.25,3.00
2012.03.07 11:18:02.567,0.75073,0.75097,2.25,2.25
2012.03.07 11:18:03.554,0.75072,0.75099,2.25,3.00
2012.03.07 11:18:05.557,0.75076,0.75104,2.25,3.00
2012.03.07 11:18:06.548,0.75076,0.75104,2.25,3.00
2012.03.07 11:18:06.636,0.75074,0.75102,2.25,3.00
2012.03.07 11:18:06.742,0.75076,0.75104,2.25,3.00
2012.03.07 11:18:09.984,0.75076,0.75104,2.25,3.00
2012.03.07 11:18:10.222,0.75076,0.75104,2.25,3.00
2012.03.07 11:18:10.361,0.75073,0.75103,2.25,3.00
2012.03.07 11:18:10.427,0.75073,0.75103,2.25,2.25
2012.03.07 11:18:11.467,0.75073,0.75103,2.25,3.00
2012.03.07 11:18:12.287,0.75072,0.75102,2.63,3.00
2012.03.07 11:18:12.800,0.75072,0.75102,2.63,2.25
2012.03.07 11:18:14.454,0.75076,0.75104,2.25,3.00
2012.03.07 11:18:18.887,0.75073,0.75101,2.25,2.25
2012.03.07 11:18:20.313,0.75076,0.75104,2.25,3.00
2012.03.07 11:18:22.277,0.75076,0.75104,2.25,3.00
2012.03.07 11:18:22.373,0.75069,0.75093,2.25,2.25
2012.03.07 11:18:22.559,0.75073,0.75097,2.25,3.00
2012.03.07 11:18:22.629,0.75069,0.75095,2.63,3.00
2012.03.07 11:18:22.751,0.75069,0.75095,2.63,3.00
2012.03.07 11:18:22.819,0.75069,0.75095,2.63,3.00
2012.03.07 11:18:22.965,0.75065,0.75089,2.63,2.25
2012.03.07 11:18:23.029,0.75065,0.75089,2.25,2.25
2012.03.07 11:18:23.858,0.75068,0.75094,2.25,3.00
2012.03.07 11:18:27.139,0.75071,0.75095,2.25,3.00
2012.03.07 11:18:28.458,0.7507,0.75094,2.25,3.00
2012.03.07 11:18:28.987,0.75069,0.75094,2.25,3.00
2012.03.07 11:18:29.552,0.7507,0.75094,2.25,3.00
2012.03.07 11:18:31.425,0.75068,0.75095,2.25,3.00
2012.03.07 11:18:32.560,0.75068,0.75095,2.25,3.00
2012.03.07 11:18:37.327,0.75064,0.7509,2.25,3.00
2012.03.07 11:18:37.769,0.75064,0.7509,2.25,2.25
2012.03.07 11:18:37.947,0.75066,0.7509,2.25,3.00
2012.03.07 11:18:38.519,0.75066,0.7509,2.25,2.25
2012.03.07 11:18:38.763,0.75062,0.75088,2.85,2.25
2012.03.07 11:18:38.829,0.7507,0.75094,2.25,3.00
2012.03.07 11:18:39.189,0.75064,0.75088,2.25,2.25
2012.03.07 11:18:39.363,0.75062,0.75086,3.23,2.25
2012.03.07 11:18:39.471,0.75066,0.75091,2.25,2.25
2012.03.07 11:18:40.406,0.7507,0.75096,2.25,3.00
2012.03.07 11:18:40.467,0.7507,0.75096,2.63,2.25
2012.03.07 11:18:40.539,0.75073,0.75101,2.25,3.00
2012.03.07 11:18:40.677,0.75073,0.75101,2.25,3.00
2012.03.07 11:18:40.781,0.75071,0.75095,2.25,3.00
2012.03.07 11:18:41.569,0.75072,0.75096,2.25,2.25
2012.03.07 11:18:41.776,0.75076,0.75101,2.25,3.00
2012.03.07 11:18:42.106,0.75072,0.75096,2.25,3.00
2012.03.07 11:18:43.746,0.75072,0.75096,2.25,2.25
2012.03.07 11:18:43.859,0.75075,0.75102,2.25,3.00
2012.03.07 11:18:45.697,0.75075,0.75102,2.25,3.00
2012.03.07 11:18:45.840,0.75072,0.75096,2.25,3.00
2012.03.07 11:18:45.909,0.75072,0.75096,2.25,2.25
2012.03.07 11:18:46.082,0.7507,0.75096,2.25,2.25
2012.03.07 11:18:46.412,0.7507,0.75094,2.25,2.25
2012.03.07 11:18:46.768,0.75078,0.75104,2.25,3.60
2012.03.07 11:18:47.082,0.75078,0.75104,2.25,1.35
2012.03.07 11:18:47.609,0.75079,0.75104,2.25,1.35
2012.03.07 11:18:48.222,0.75079,0.75104,2.25,1.35
2012.03.07 11:18:51.506,0.75079,0.75104,2.25,3.60
2012.03.07 11:18:52.153,0.75081,0.75105,2.25,3.00
2012.03.07 11:18:52.468,0.75081,0.75106,2.25,1.73
2012.03.07 11:18:52.529,0.75076,0.75102,2.25,3.00
2012.03.07 11:18:52.586,0.75071,0.75097,2.25,2.25
2012.03.07 11:18:55.203,0.75072,0.75098,2.25,3.00
2012.03.07 11:18:56.663,0.75074,0.75098,2.25,3.00
2012.03.07 11:18:57.311,0.75073,0.75099,2.25,3.00
2012.03.07 11:18:57.972,0.75072,0.75099,2.25,3.00
2012.03.07 11:18:58.669,0.75072,0.75099,2.25,3.00
2012.03.07 11:18:59.706,0.75072,0.75099,2.25,3.00
2012.03.07 11:18:59.878,0.75077,0.75103,2.25,3.00
2012.03.07 11:19:00.289,0.75072,0.75099,2.25,3.00
2012.03.07 11:19:00.350,0.75072,0.75099,2.25,3.00
2012.03.07 11:19:00.483,0.75078,0.75103,2.25,3.00
2012.03.07 11:19:00.610,0.75078,0.75103,2.63,2.25
2012.03.07 11:19:00.680,0.75084,0.75108,2.25,3.00
2012.03.07 11:19:01.087,0.75077,0.75101,2.25,2.25
2012.03.07 11:19:01.148,0.75077,0.75101,2.25,3.00
2012.03.07 11:19:01.269,0.75074,0.75098,2.25,2.25
2012.03.07 11:19:01.668,0.75072,0.75098,2.25,2.25
2012.03.07 11:19:02.531,0.75071,0.75097,2.25,2.25
2012.03.07 11:19:03.957,0.7507,0.75096,2.25,2.25
2012.03.07 11:19:04.167,0.75073,0.75097,2.25,2.25
2012.03.07 11:19:04.702,0.7507,0.75097,2.25,2.25
2012.03.07 11:19:06.798,0.75071,0.75097,2.25,2.25
2012.03.07 11:19:07.464,0.75073,0.75097,2.25,2.25
2012.03.07 11:19:08.443,0.75074,0.75098,2.25,2.25
2012.03.07 11:19:09.431,0.75076,0.751,2.25,2.25
2012.03.07 11:19:09.677,0.75074,0.75101,2.25,3.00
2012.03.07 11:19:09.819,0.7508,0.75104,2.25,3.00
2012.03.07 11:19:10.196,0.75077,0.75103,2.25,3.00
2012.03.07 11:19:10.741,0.7508,0.75104,2.25,3.00
2012.03.07 11:19:12.767,0.75075,0.75099,2.25,3.00
2012.03.07 11:19:13.684,0.75076,0.751,2.25,3.00
2012.03.07 11:19:14.244,0.75076,0.751,2.25,2.25
2012.03.07 11:19:15.427,0.75078,0.75104,2.25,1.35
2012.03.07 11:19:15.607,0.75076,0.751,2.25,3.00
2012.03.07 11:19:21.672,0.75076,0.751,2.25,2.25
2012.03.07 11:19:21.741,0.75076,0.751,2.25,3.00
2012.03.07 11:19:22.262,0.75079,0.75103,2.25,3.00
2012.03.07 11:19:22.982,0.7508,0.75104,2.25,3.60
2012.03.07 11:19:23.538,0.75075,0.75099,2.25,3.00
2012.03.07 11:19:26.953,0.75075,0.75099,2.25,2.25
2012.03.07 11:19:27.022,0.7508,0.75104,2.25,1.35
2012.03.07 11:19:27.609,0.75078,0.75104,2.25,1.35
2012.03.07 11:19:28.370,0.7508,0.75104,2.25,3.00
2012.03.07 11:19:28.873,0.75079,0.75104,2.25,3.00
2012.03.07 11:19:33.220,0.75072,0.75115,1.73,1.35
2012.03.07 11:19:33.475,0.75082,0.75108,2.25,3.00
2012.03.07 11:19:38.950,0.75082,0.75109,2.25,3.00
2012.03.07 11:19:39.522,0.75087,0.75111,2.25,3.00
2012.03.07 11:19:39.603,0.75062,0.75102,1.13,1.35
2012.03.07 11:19:39.719,0.75061,0.75102,1.35,1.35
2012.03.07 11:19:40.106,0.75072,0.75098,2.25,3.00
2012.03.07 11:19:40.387,0.7507,0.75096,2.25,3.00
2012.03.07 11:19:44.270,0.7507,0.75096,2.25,3.00
2012.03.07 11:19:44.731,0.75075,0.75099,2.25,3.00
2012.03.07 11:19:46.380,0.75074,0.751,2.25,3.00
2012.03.07 11:19:47.167,0.75075,0.75101,2.25,3.00
2012.03.07 11:19:47.457,0.75075,0.75099,2.25,3.00
2012.03.07 11:19:47.577,0.75075,0.75099,2.25,3.00
2012.03.07 11:19:47.637,0.75073,0.75099,2.25,3.00
2012.03.07 11:19:47.703,0.75071,0.75095,2.25,3.00
2012.03.07 11:19:47.890,0.75071,0.75095,2.25,3.00
2012.03.07 11:19:51.521,0.75072,0.75098,2.25,3.00
2012.03.07 11:19:51.670,0.75074,0.75098,2.25,3.00
2012.03.07 11:19:52.475,0.75073,0.75097,2.25,3.00
2012.03.07 11:19:53.110,0.75074,0.751,2.25,3.00
2012.03.07 11:19:53.200,0.75074,0.751,2.25,3.00
2012.03.07 11:19:54.071,0.75076,0.751,2.25,3.00
2012.03.07 11:19:54.484,0.75076,0.751,2.25,3.00
2012.03.07 11:19:54.631,0.75072,0.75098,2.25,3.00
2012.03.07 11:19:55.120,0.75069,0.75096,2.25,3.00
2012.03.07 11:19:57.302,0.7507,0.75096,2.25,3.00
2012.03.07 11:20:03.429,0.75072,0.75096,2.25,3.00
2012.03.07 11:20:05.191,0.75072,0.75096,2.25,2.25
2012.03.07 11:20:05.418,0.75076,0.75102,2.25,3.60
2012.03.07 11:20:10.525,0.75079,0.75103,2.25,3.00
2012.03.07 11:20:10.592,0.75082,0.75106,2.25,3.00
2012.03.07 11:20:11.333,0.75081,0.75105,2.25,3.00
2012.03.07 11:20:11.998,0.75077,0.75103,2.25,2.25
2012.03.07 11:20:12.059,0.75082,0.75106,2.25,3.00
2012.03.07 11:20:12.423,0.7508,0.75104,2.25,3.00
2012.03.07 11:20:12.827,0.7508,0.75104,2.25,3.00
2012.03.07 11:20:12.886,0.7508,0.75104,2.25,3.00
2012.03.07 11:20:13.008,0.75081,0.75107,2.25,3.00
2012.03.07 11:20:13.460,0.75082,0.75108,2.25,3.00
2012.03.07 11:20:14.197,0.75084,0.75108,2.25,3.00
2012.03.07 11:20:14.262,0.75082,0.75107,2.25,3.00
2012.03.07 11:20:16.013,0.75083,0.75107,2.25,3.00
2012.03.07 11:20:16.987,0.75082,0.75106,2.25,3.00
2012.03.07 11:20:18.657,0.75084,0.7511,2.25,3.00
2012.03.07 11:20:18.843,0.75084,0.7511,2.25,3.00
2012.03.07 11:20:19.165,0.75083,0.75109,2.25,3.00
2012.03.07 11:20:19.645,0.75081,0.75107,2.25,3.00
2012.03.07 11:20:23.734,0.75081,0.75107,2.25,3.00
2012.03.07 11:20:23.800,0.75084,0.75108,2.25,3.00
2012.03.07 11:20:24.036,0.75084,0.75108,2.25,3.00
2012.03.07 11:20:25.829,0.75084,0.75108,2.25,3.00
2012.03.07 11:20:25.982,0.75081,0.75105,2.25,3.00
2012.03.07 11:20:26.048,0.75081,0.75105,2.25,3.00
2012.03.07 11:20:26.598,0.75082,0.75108,2.25,3.00
2012.03.07 11:20:27.267,0.75083,0.75109,2.25,3.00
2012.03.07 11:20:29.448,0.75084,0.75108,2.25,3.00
2012.03.07 11:20:31.428,0.75083,0.75107,2.25,3.00
2012.03.07 11:20:35.868,0.7508,0.75106,2.25,3.00
2012.03.07 11:20:40.133,0.75083,0.75107,2.25,3.00
2012.03.07 11:20:40.691,0.75084,0.75108,2.25,3.00
2012.03.07 11:20:43.367,0.75082,0.75108,2.25,3.00
2012.03.07 11:20:44.761,0.75081,0.75105,2.25,3.00
2012.03.07 11:20:46.788,0.75077,0.75101,2.25,3.00
2012.03.07 11:20:46.957,0.75077,0.75101,2.25,3.00
2012.03.07 11:20:47.630,0.75074,0.75098,2.25,3.00
2012.03.07 11:20:47.757,0.75077,0.75101,2.25,2.25
2012.03.07 11:20:48.178,0.75082,0.75106,2.25,3.00
2012.03.07 11:20:49.027,0.75082,0.75106,2.25,3.00
2012.03.07 11:20:49.170,0.75078,0.75102,2.25,3.00
2012.03.07 11:20:50.888,0.75078,0.75102,2.25,2.25
2012.03.07 11:20:52.508,0.7508,0.75106,2.25,3.00
2012.03.07 11:20:53.571,0.75081,0.75108,2.25,3.00
2012.03.07 11:20:53.900,0.75083,0.75109,2.25,3.60
2012.03.07 11:20:54.740,0.75084,0.75108,2.25,3.00
2012.03.07 11:20:55.438,0.75082,0.75108,2.25,3.00
2012.03.07 11:20:56.553,0.75082,0.75108,2.25,3.00
2012.03.07 11:20:56.856,0.75082,0.75108,2.25,3.00
2012.03.07 11:20:56.976,0.75082,0.75108,2.25,3.00
2012.03.07 11:21:00.173,0.7508,0.75106,2.25,2.25
2012.03.07 11:21:00.537,0.75083,0.75107,2.25,2.25
2012.03.07 11:21:01.106,0.75084,0.75108,2.25,3.00
2012.03.07 11:21:01.668,0.75085,0.75111,2.25,3.00
2012.03.07 11:21:02.207,0.75084,0.7511,2.25,3.00
2012.03.07 11:21:03.042,0.75081,0.75108,2.25,3.00
2012.03.07 11:21:03.108,0.75084,0.7511,2.25,3.00
2012.03.07 11:21:03.539,0.75083,0.75109,2.25,3.00
2012.03.07 11:21:03.665,0.75083,0.75109,2.25,3.00
2012.03.07 11:21:03.729,0.75083,0.75109,2.25,3.00
2012.03.07 11:21:05.046,0.75083,0.75109,2.25,3.00
2012.03.07 11:21:05.132,0.75083,0.75109,2.25,3.00
2012.03.07 11:21:05.484,0.75083,0.75109,2.25,3.00
2012.03.07 11:21:06.013,0.75084,0.7511,2.25,3.00
2012.03.07 11:21:07.502,0.75084,0.7511,2.25,3.00
2012.03.07 11:21:08.159,0.75083,0.75107,2.25,3.00
2012.03.07 11:21:08.387,0.75081,0.75108,2.25,3.00
2012.03.07 11:21:09.074,0.75082,0.75108,2.25,3.00
2012.03.07 11:21:10.201,0.75081,0.75107,2.25,3.00
2012.03.07 11:21:15.739,0.75071,0.75115,1.73,1.73
2012.03.07 11:21:15.809,0.75076,0.75115,1.50,1.35
2012.03.07 11:21:16.119,0.75075,0.75115,1.73,1.35
2012.03.07 11:21:16.179,0.75083,0.75113,2.25,3.00
2012.03.07 11:21:16.504,0.7508,0.75106,2.25,3.00
2012.03.07 11:21:17.707,0.7508,0.75106,2.25,2.25
2012.03.07 11:21:17.840,0.75085,0.75111,2.25,3.00
2012.03.07 11:21:18.166,0.75087,0.75112,2.25,3.00
2012.03.07 11:21:22.421,0.75086,0.7511,2.25,3.00
2012.03.07 11:21:22.820,0.75087,0.75117,2.25,3.00
2012.03.07 11:21:24.730,0.75088,0.75118,2.25,3.00
2012.03.07 11:21:25.423,0.75088,0.75118,2.25,3.00
2012.03.07 11:21:25.492,0.75086,0.75112,2.25,3.00
2012.03.07 11:21:25.892,0.75086,0.75112,2.25,3.00
2012.03.07 11:21:26.141,0.75083,0.75109,2.25,3.00
2012.03.07 11:21:27.050,0.75082,0.75107,2.25,3.00
2012.03.07 11:21:27.471,0.75082,0.75107,2.25,2.25
2012.03.07 11:21:34.382,0.75086,0.7511,2.25,2.25
2012.03.07 11:21:34.745,0.75086,0.75113,2.25,3.00
2012.03.07 11:21:34.868,0.75086,0.75113,2.25,3.00
2012.03.07 11:21:35.399,0.75087,0.75113,2.25,3.00
2012.03.07 11:21:36.192,0.75088,0.75114,2.25,3.00
2012.03.07 11:21:39.934,0.75089,0.75113,2.25,3.00
2012.03.07 11:21:41.253,0.75088,0.75112,2.25,3.00
2012.03.07 11:21:41.494,0.75088,0.75112,2.25,2.25
2012.03.07 11:21:41.925,0.75083,0.75109,2.25,2.25
2012.03.07 11:21:42.178,0.75087,0.75111,2.25,2.25
2012.03.07 11:21:45.717,0.75087,0.75112,2.25,2.25
2012.03.07 11:21:47.327,0.75087,0.75111,2.25,2.25
2012.03.07 11:21:48.016,0.75086,0.7511,2.25,2.25
2012.03.07 11:21:49.156,0.75087,0.75111,2.25,2.25
2012.03.07 11:21:50.408,0.75088,0.75112,2.25,2.25
2012.03.07 11:21:50.741,0.75089,0.75113,2.25,3.00
2012.03.07 11:21:50.811,0.75079,0.75103,2.85,2.25
2012.03.07 11:21:50.881,0.75083,0.75109,2.25,3.00
2012.03.07 11:21:51.182,0.75081,0.75108,2.25,2.25
2012.03.07 11:21:51.662,0.7508,0.75106,2.25,2.25
2012.03.07 11:21:53.807,0.75079,0.75105,2.25,2.25
2012.03.07 11:22:00.741,0.7508,0.75106,2.25,2.25
2012.03.07 11:22:01.400,0.75083,0.75107,2.25,3.00
2012.03.07 11:22:01.462,0.75083,0.75107,2.25,2.25
2012.03.07 11:22:01.706,0.75083,0.75107,2.25,3.00
2012.03.07 11:22:03.215,0.75083,0.75107,2.25,2.25
2012.03.07 11:22:08.346,0.75084,0.75108,2.25,2.25
2012.03.07 11:22:10.907,0.75086,0.75113,2.25,3.00
2012.03.07 11:22:10.972,0.75084,0.75108,2.25,2.25
2012.03.07 11:22:14.208,0.75082,0.75108,2.25,2.25
2012.03.07 11:22:15.499,0.75082,0.75107,2.25,2.25
2012.03.07 11:22:16.710,0.75083,0.75107,2.25,2.25
2012.03.07 11:22:16.953,0.75081,0.75107,2.25,2.25
2012.03.07 11:22:22.104,0.75083,0.75107,2.25,2.25
2012.03.07 11:22:24.185,0.75082,0.75107,2.25,2.25
2012.03.07 11:22:26.614,0.75083,0.75107,2.25,2.25
2012.03.07 11:22:26.833,0.75083,0.75109,2.25,3.00
2012.03.07 11:22:28.921,0.75083,0.75107,2.25,2.25
2012.03.07 11:22:29.847,0.75083,0.75109,2.25,3.00
2012.03.07 11:22:29.907,0.75083,0.75107,2.25,2.25
2012.03.07 11:22:31.232,0.75084,0.75108,2.25,2.25
2012.03.07 11:22:31.526,0.75082,0.75108,2.25,2.25
2012.03.07 11:22:37.943,0.75083,0.75109,2.25,3.00
2012.03.07 11:22:46.848,0.75084,0.7511,2.25,2.25
2012.03.07 11:22:47.733,0.75084,0.7511,2.25,3.00
2012.03.07 11:22:48.723,0.75083,0.75107,2.25,2.25
2012.03.07 11:22:51.583,0.75084,0.75108,2.25,3.00
2012.03.07 11:22:53.779,0.75081,0.75107,2.25,2.25
2012.03.07 11:22:55.569,0.75082,0.75107,2.25,2.25
2012.03.07 11:22:55.936,0.75078,0.75104,2.25,2.25
2012.03.07 11:22:57.434,0.7508,0.75104,2.25,2.25
2012.03.07 11:22:57.788,0.7508,0.75106,2.25,2.25
2012.03.07 11:22:59.962,0.75082,0.75106,2.25,2.25
2012.03.07 11:23:03.930,0.75081,0.75105,2.25,2.25
2012.03.07 11:23:04.932,0.7508,0.75104,2.25,2.25
2012.03.07 11:23:05.040,0.7508,0.75106,2.25,2.25
2012.03.07 11:23:06.995,0.7508,0.75104,2.25,2.25
2012.03.07 11:23:07.547,0.75082,0.7511,2.25,2.25
2012.03.07 11:23:07.651,0.75082,0.7511,2.63,2.25
2012.03.07 11:23:08.120,0.75098,0.75123,2.25,3.00
2012.03.07 11:23:08.441,0.75098,0.75122,2.25,3.00
2012.03.07 11:23:08.509,0.75098,0.75122,2.25,3.00
2012.03.07 11:23:09.428,0.75098,0.75122,2.25,3.00
2012.03.07 11:23:09.819,0.75098,0.75122,2.25,3.00
2012.03.07 11:23:09.912,0.75092,0.75119,2.25,3.00
2012.03.07 11:23:09.982,0.75097,0.75121,2.25,3.00
2012.03.07 11:23:10.194,0.75092,0.75118,2.25,3.00
2012.03.07 11:23:16.791,0.75091,0.75117,2.25,3.00
2012.03.07 11:23:19.039,0.75092,0.75118,2.25,3.00
2012.03.07 11:23:20.487,0.75093,0.75117,2.25,3.00
2012.03.07 11:23:30.242,0.75092,0.75118,2.25,3.00
2012.03.07 11:23:30.366,0.7509,0.75116,2.25,3.00
2012.03.07 11:23:33.513,0.75081,0.75107,2.25,2.25
2012.03.07 11:23:34.356,0.7508,0.75106,2.25,2.25
2012.03.07 11:23:35.853,0.7508,0.75104,2.25,2.25
2012.03.07 11:23:36.696,0.7508,0.75104,3.00,2.25
2012.03.07 11:23:36.852,0.75082,0.75108,3.00,2.25
2012.03.07 11:23:36.918,0.75085,0.75112,2.25,2.25
2012.03.07 11:23:36.979,0.75085,0.75112,2.25,3.00
2012.03.07 11:23:37.174,0.75085,0.75112,2.25,2.25
2012.03.07 11:23:37.239,0.75085,0.75109,2.25,2.25
2012.03.07 11:23:37.303,0.75083,0.75109,2.25,2.25
2012.03.07 11:23:37.943,0.75085,0.75109,2.25,3.00
2012.03.07 11:23:38.300,0.75087,0.75113,2.25,3.00
2012.03.07 11:23:38.471,0.75087,0.75113,2.25,2.25
2012.03.07 11:23:38.780,0.75086,0.75112,2.25,3.00
2012.03.07 11:23:42.389,0.75086,0.7511,2.25,3.00
2012.03.07 11:23:42.794,0.75088,0.75112,2.25,3.00
2012.03.07 11:23:42.923,0.75088,0.75112,2.25,3.00
2012.03.07 11:23:43.256,0.7509,0.75114,2.25,3.00
2012.03.07 11:23:43.376,0.75088,0.75114,2.25,3.00
2012.03.07 11:23:48.217,0.75088,0.75114,2.25,3.00
2012.03.07 11:23:48.398,0.75088,0.75114,2.25,3.00
2012.03.07 11:23:48.517,0.75093,0.75118,2.25,3.00
2012.03.07 11:23:48.759,0.75089,0.75113,2.25,2.25
2012.03.07 11:23:49.070,0.75093,0.75118,2.25,3.00
2012.03.07 11:23:50.883,0.75092,0.75116,2.25,3.00
2012.03.07 11:23:52.695,0.75092,0.75116,2.25,3.00
2012.03.07 11:23:52.869,0.75092,0.75116,2.25,3.00
2012.03.07 11:23:53.039,0.75088,0.75114,2.25,3.00
2012.03.07 11:23:53.267,0.7509,0.75114,2.25,3.00
2012.03.07 11:23:57.278,0.7509,0.75114,2.25,3.00
2012.03.07 11:23:57.338,0.75086,0.7511,2.25,3.00
2012.03.07 11:23:58.191,0.75086,0.7511,2.25,2.25
2012.03.07 11:23:58.312,0.75084,0.7511,2.25,2.25
2012.03.07 11:23:58.687,0.75088,0.75115,2.25,3.00
2012.03.07 11:23:59.406,0.75089,0.75115,2.25,3.00
2012.03.07 11:23:59.980,0.75088,0.75115,2.25,3.00
2012.03.07 11:24:00.298,0.75083,0.7511,2.25,2.25
2012.03.07 11:24:00.649,0.75083,0.7511,3.00,2.25
2012.03.07 11:24:00.708,0.75089,0.75114,2.25,2.25
2012.03.07 11:24:00.834,0.75088,0.75112,2.25,2.25
2012.03.07 11:24:01.344,0.75087,0.75111,2.25,2.25
2012.03.07 11:24:01.617,0.75084,0.7511,2.25,2.25
2012.03.07 11:24:03.498,0.75085,0.75109,2.25,2.25
2012.03.07 11:24:04.034,0.75086,0.7511,2.25,2.25
2012.03.07 11:24:05.132,0.75087,0.75117,2.25,3.00
2012.03.07 11:24:07.311,0.75087,0.75116,3.00,2.25
2012.03.07 11:24:07.701,0.75089,0.75117,2.25,2.25
2012.03.07 11:24:08.578,0.7509,0.75118,2.25,3.00
2012.03.07 11:24:09.553,0.7509,0.75118,2.25,3.00
2012.03.07 11:24:09.674,0.75087,0.75117,2.25,3.00
2012.03.07 11:24:13.301,0.75088,0.75116,2.25,3.00
2012.03.07 11:24:25.515,0.7509,0.75118,2.25,3.00
2012.03.07 11:24:25.611,0.7509,0.75118,2.25,2.25
2012.03.07 11:24:25.739,0.75088,0.75118,2.25,2.25
2012.03.07 11:24:25.891,0.75088,0.75118,2.25,3.00
2012.03.07 11:24:26.721,0.75088,0.75118,2.25,3.00
2012.03.07 11:24:28.064,0.75088,0.75118,2.25,3.00
2012.03.07 11:24:29.685,0.75087,0.75116,2.25,3.00
2012.03.07 11:24:29.758,0.75087,0.75116,3.00,2.25
2012.03.07 11:24:34.769,0.75087,0.75116,2.25,3.00
2012.03.07 11:24:34.831,0.75087,0.75116,3.00,2.25
2012.03.07 11:24:35.371,0.75092,0.75118,2.25,2.25
2012.03.07 11:24:35.690,0.75097,0.75123,2.25,2.25
2012.03.07 11:24:40.590,0.75098,0.75124,2.25,3.00
2012.03.07 11:24:41.756,0.75099,0.75126,2.25,3.00
2012.03.07 11:24:42.428,0.75099,0.75123,2.25,2.25
2012.03.07 11:24:43.780,0.75095,0.7512,2.25,2.25
2012.03.07 11:24:43.891,0.75098,0.75122,2.25,2.25
2012.03.07 11:24:45.880,0.75098,0.75122,2.25,3.00
2012.03.07 11:24:46.250,0.75103,0.75127,2.25,3.00
2012.03.07 11:24:46.382,0.75099,0.75125,2.25,3.00
2012.03.07 11:24:48.515,0.75098,0.75124,2.25,3.00
2012.03.07 11:24:49.434,0.75096,0.75123,2.25,3.00
2012.03.07 11:24:49.505,0.75094,0.7512,2.25,3.00
2012.03.07 11:24:49.749,0.75089,0.75116,2.25,2.25
2012.03.07 11:24:53.616,0.7509,0.75116,2.25,2.25
2012.03.07 11:24:56.601,0.75092,0.75116,2.25,2.25
2012.03.07 11:24:56.671,0.75093,0.75121,2.25,3.00
2012.03.07 11:24:56.798,0.7509,0.7512,2.25,3.00
2012.03.07 11:24:57.579,0.75091,0.75121,2.25,3.00
2012.03.07 11:24:58.907,0.75091,0.75121,3.00,2.25
2012.03.07 11:24:59.318,0.75099,0.75123,2.25,2.25
2012.03.07 11:25:02.992,0.75095,0.7512,3.00,2.25
2012.03.07 11:25:03.310,0.75096,0.75126,2.25,3.00
2012.03.07 11:25:03.805,0.75099,0.75127,2.25,3.38
2012.03.07 11:25:04.406,0.75099,0.75127,2.25,2.25
2012.03.07 11:25:05.004,0.75099,0.75127,2.25,3.00
2012.03.07 11:25:05.067,0.75099,0.75127,2.25,2.25
2012.03.07 11:25:06.269,0.75103,0.75131,2.25,3.00
2012.03.07 11:25:09.599,0.75101,0.75125,2.25,2.25
2012.03.07 11:25:09.896,0.75103,0.75131,2.25,3.00
2012.03.07 11:25:10.627,0.75104,0.75132,2.25,3.00
2012.03.07 11:25:11.444,0.75104,0.75132,2.25,3.00
2012.03.07 11:25:11.602,0.75104,0.75132,2.25,3.00
2012.03.07 11:25:11.670,0.75102,0.75132,2.25,3.00
2012.03.07 11:25:15.031,0.75102,0.75132,2.25,2.25
2012.03.07 11:25:15.173,0.75104,0.75132,2.25,2.25
2012.03.07 11:25:15.795,0.75104,0.75132,2.25,3.00
2012.03.07 11:25:16.176,0.75103,0.75127,2.25,2.25
2012.03.07 11:25:16.607,0.7511,0.75136,2.25,3.00
2012.03.07 11:25:16.866,0.75107,0.75135,2.25,3.00
2012.03.07 11:25:17.010,0.75102,0.7513,1.13,2.25
2012.03.07 11:25:17.068,0.75101,0.7513,3.00,2.25
2012.03.07 11:25:17.374,0.751,0.75128,3.60,2.25
2012.03.07 11:25:17.913,0.751,0.75128,2.25,3.00
2012.03.07 11:25:17.986,0.75097,0.75127,3.00,2.25
2012.03.07 11:25:18.067,0.75094,0.75124,2.85,3.00
2012.03.07 11:25:18.591,0.75097,0.75124,2.25,2.25
2012.03.07 11:25:18.659,0.75098,0.75126,2.25,2.25
2012.03.07 11:25:19.526,0.75097,0.75125,2.25,2.25
2012.03.07 11:25:19.751,0.75097,0.75124,3.00,2.25
2012.03.07 11:25:19.971,0.75097,0.75124,2.25,2.25
2012.03.07 11:25:21.147,0.75095,0.75123,3.60,2.25
2012.03.07 11:25:21.520,0.75095,0.75125,3.60,2.25
2012.03.07 11:25:22.027,0.75097,0.75124,2.25,2.25
2012.03.07 11:25:22.793,0.75097,0.75125,2.25,2.25
2012.03.07 11:25:23.422,0.75098,0.75126,2.25,2.25
2012.03.07 11:25:23.489,0.75096,0.7512,2.25,2.25
2012.03.07 11:25:24.323,0.75095,0.75119,2.25,2.25
2012.03.07 11:25:24.926,0.75093,0.75118,2.25,2.25
2012.03.07 11:25:26.837,0.75092,0.75116,3.00,2.25
2012.03.07 11:25:29.555,0.75092,0.75118,3.00,2.25
2012.03.07 11:25:30.142,0.75092,0.75118,3.00,2.25
2012.03.07 11:25:30.303,0.75088,0.75125,1.13,2.10
2012.03.07 11:25:30.368,0.75088,0.75123,1.13,1.35
2012.03.07 11:25:31.409,0.75095,0.75119,2.25,2.25
2012.03.07 11:25:33.181,0.75096,0.7512,2.25,2.85
2012.03.07 11:25:33.728,0.75093,0.75119,2.25,2.25
2012.03.07 11:25:34.772,0.75094,0.7512,2.25,2.85
2012.03.07 11:25:36.788,0.75093,0.75117,2.25,2.25
2012.03.07 11:25:37.001,0.75093,0.75119,2.25,2.25
2012.03.07 11:25:39.334,0.75091,0.75117,2.25,2.25
2012.03.07 11:25:40.645,0.75091,0.75115,2.25,2.25
2012.03.07 11:25:44.779,0.75091,0.75115,3.00,2.25
2012.03.07 11:25:45.563,0.75088,0.75112,3.00,2.25
2012.03.07 11:25:45.636,0.75087,0.75113,3.00,2.25
2012.03.07 11:25:45.761,0.75087,0.75113,3.00,2.25
2012.03.07 11:25:45.877,0.75087,0.75113,3.00,2.25
2012.03.07 11:25:46.001,0.75091,0.75117,2.25,2.25
2012.03.07 11:25:46.431,0.75097,0.75124,2.25,2.63
2012.03.07 11:25:47.127,0.75097,0.75124,2.25,3.00
2012.03.07 11:25:47.506,0.75104,0.75127,2.25,1.35
2012.03.07 11:25:47.721,0.75095,0.75121,2.25,2.25
2012.03.07 11:25:47.850,0.75098,0.75122,2.25,2.25
2012.03.07 11:25:50.167,0.75096,0.75122,2.25,2.25
2012.03.07 11:25:50.716,0.75097,0.75123,2.25,2.25
2012.03.07 11:25:50.842,0.75099,0.75123,2.25,2.25
2012.03.07 11:25:51.363,0.75098,0.75122,2.25,2.25
2012.03.07 11:25:51.696,0.75098,0.75124,2.25,2.25
2012.03.07 11:25:51.880,0.75101,0.75125,2.25,3.00
2012.03.07 11:25:51.941,0.75097,0.75123,2.25,3.00
2012.03.07 11:25:58.922,0.75099,0.75123,2.25,2.25
2012.03.07 11:26:01.811,0.75098,0.75122,2.25,2.25
2012.03.07 11:26:04.900,0.75097,0.75121,2.25,2.25
2012.03.07 11:26:07.200,0.75097,0.75122,2.25,3.00
2012.03.07 11:26:07.641,0.75093,0.75117,2.25,2.25
2012.03.07 11:26:10.884,0.75091,0.75118,2.25,2.25
2012.03.07 11:26:10.997,0.7509,0.75116,2.25,2.25
2012.03.07 11:26:11.741,0.75092,0.75116,2.25,2.25
2012.03.07 11:26:12.331,0.75091,0.75115,2.25,2.25
2012.03.07 11:26:12.648,0.75086,0.7511,3.00,2.25
2012.03.07 11:26:12.831,0.75091,0.75115,2.25,2.25
2012.03.07 11:26:13.757,0.7509,0.75114,2.25,2.25
2012.03.07 11:26:14.173,0.75092,0.75118,2.25,3.00
2012.03.07 11:26:14.786,0.75097,0.75121,2.25,2.85
2012.03.07 11:26:15.584,0.75094,0.7512,2.25,2.85
2012.03.07 11:26:16.489,0.75095,0.75121,2.25,2.85
2012.03.07 11:26:16.720,0.75093,0.75119,2.25,2.25
2012.03.07 11:26:17.617,0.75092,0.75118,2.25,2.25
2012.03.07 11:26:18.882,0.75094,0.75118,2.25,2.25
2012.03.07 11:26:20.941,0.75096,0.7512,2.25,2.85
2012.03.07 11:26:21.387,0.75094,0.7512,2.25,2.85
2012.03.07 11:26:23.651,0.75094,0.75118,2.25,2.25
2012.03.07 11:26:26.613,0.75093,0.75117,2.25,2.25
2012.03.07 11:26:31.178,0.75094,0.75118,2.25,2.25
2012.03.07 11:26:31.472,0.75094,0.7512,2.25,2.85
2012.03.07 11:26:32.651,0.75088,0.75116,2.25,2.25
2012.03.07 11:26:38.416,0.75094,0.7512,2.25,3.60
2012.03.07 11:26:40.060,0.75094,0.7512,2.25,2.85
2012.03.07 11:26:43.876,0.75094,0.7512,2.25,3.60
2012.03.07 11:26:45.449,0.75095,0.7512,2.25,1.35
2012.03.07 11:26:46.633,0.75095,0.75121,2.25,2.25
2012.03.07 11:26:47.295,0.75097,0.75122,2.25,2.25
2012.03.07 11:26:47.849,0.75097,0.75122,2.25,3.00
2012.03.07 11:26:48.612,0.75097,0.75123,2.25,3.00
2012.03.07 11:26:49.164,0.75097,0.75123,2.25,3.00
2012.03.07 11:26:49.230,0.7509,0.7512,2.25,3.00
2012.03.07 11:26:49.545,0.75097,0.75123,2.25,2.25
2012.03.07 11:26:52.721,0.751,0.75124,2.25,3.00
2012.03.07 11:26:53.299,0.7509,0.7512,3.00,2.25
2012.03.07 11:26:53.933,0.75092,0.7512,2.25,2.25
2012.03.07 11:26:55.152,0.7509,0.7512,3.00,2.25
2012.03.07 11:26:55.438,0.75092,0.7512,2.25,3.38
2012.03.07 11:26:56.090,0.75089,0.75115,2.25,2.25
2012.03.07 11:26:56.778,0.75089,0.75115,3.00,2.25
2012.03.07 11:26:56.839,0.7509,0.75116,2.25,2.25
2012.03.07 11:26:57.882,0.75089,0.75115,2.25,2.25
2012.03.07 11:26:59.719,0.75089,0.75115,3.00,2.25
2012.03.07 11:27:00.495,0.75089,0.75115,2.25,2.25
2012.03.07 11:27:00.740,0.75085,0.75109,3.00,2.25
2012.03.07 11:27:01.072,0.75081,0.75105,3.00,2.25
2012.03.07 11:27:01.347,0.75083,0.75111,3.00,2.25
2012.03.07 11:27:01.620,0.7509,0.75114,2.25,2.25
2012.03.07 11:27:02.649,0.75088,0.75114,2.25,2.25
2012.03.07 11:27:02.712,0.7509,0.75116,2.25,2.25
2012.03.07 11:27:03.399,0.75091,0.75115,2.25,2.25
2012.03.07 11:27:04.075,0.7509,0.75114,2.25,2.25
2012.03.07 11:27:04.601,0.75089,0.75113,2.25,2.25
2012.03.07 11:27:07.488,0.75085,0.75111,2.25,2.25
2012.03.07 11:27:08.010,0.75085,0.75109,2.25,2.25
2012.03.07 11:27:08.227,0.75086,0.75113,2.25,2.25
2012.03.07 11:27:08.359,0.75088,0.75114,2.25,2.25
2012.03.07 11:27:09.294,0.75089,0.75113,2.25,2.25
2012.03.07 11:27:26.932,0.75089,0.75113,3.00,2.25
2012.03.07 11:27:27.052,0.75089,0.75113,2.25,2.25
2012.03.07 11:27:30.840,0.75089,0.75113,2.25,2.85
2012.03.07 11:27:30.910,0.75086,0.75113,3.00,2.85
2012.03.07 11:27:31.040,0.75081,0.75108,3.00,2.25
2012.03.07 11:27:31.572,0.75086,0.75112,3.00,2.25
2012.03.07 11:27:33.480,0.75086,0.75112,2.25,2.25
2012.03.07 11:27:34.094,0.75086,0.75112,3.00,2.25
2012.03.07 11:27:34.161,0.75086,0.75112,3.00,2.25
2012.03.07 11:27:36.140,0.75086,0.75112,3.00,2.25
2012.03.07 11:27:36.211,0.75085,0.75109,3.00,2.25
2012.03.07 11:27:36.423,0.75087,0.75111,3.00,2.25
2012.03.07 11:27:36.669,0.75084,0.75108,3.00,2.25
2012.03.07 11:27:37.250,0.75088,0.75113,3.00,2.25
2012.03.07 11:27:41.581,0.75087,0.75114,3.00,2.25
2012.03.07 11:27:44.008,0.75088,0.75112,3.00,2.25
2012.03.07 11:27:44.199,0.75088,0.75112,2.25,2.25
2012.03.07 11:27:45.017,0.75088,0.75112,3.00,2.25
2012.03.07 11:27:46.622,0.75088,0.75112,2.25,2.25
2012.03.07 11:27:46.900,0.75088,0.75112,3.00,2.25
2012.03.07 11:27:48.711,0.75088,0.75112,2.25,2.25
2012.03.07 11:27:55.750,0.75088,0.75112,3.00,2.25
2012.03.07 11:27:56.250,0.75088,0.75112,2.25,2.25
2012.03.07 11:27:57.744,0.75088,0.75112,3.00,2.25
2012.03.07 11:27:58.307,0.75088,0.75113,3.00,2.25
2012.03.07 11:27:58.371,0.75092,0.75118,2.25,3.00
2012.03.07 11:28:02.670,0.75097,0.75122,2.25,3.00
2012.03.07 11:28:02.740,0.75091,0.75119,2.25,3.00
2012.03.07 11:28:04.221,0.75091,0.75119,3.00,2.25
2012.03.07 11:28:05.009,0.75091,0.75119,2.25,3.00
2012.03.07 11:28:11.087,0.75088,0.75118,2.25,3.00
2012.03.07 11:28:11.961,0.75088,0.75116,2.25,2.25
2012.03.07 11:28:13.308,0.75086,0.75116,3.00,2.25
2012.03.07 11:28:14.101,0.75085,0.75115,3.00,2.25
2012.03.07 11:28:17.214,0.75085,0.75115,2.25,3.00
2012.03.07 11:28:17.662,0.75086,0.75114,3.00,2.25
2012.03.07 11:28:23.910,0.75086,0.75114,3.00,2.25
2012.03.07 11:28:24.259,0.75086,0.75114,3.00,2.25
2012.03.07 11:28:24.321,0.75086,0.75114,3.00,2.25
2012.03.07 11:28:24.804,0.75094,0.75123,2.25,3.00
2012.03.07 11:28:25.199,0.75095,0.75122,2.25,2.25
2012.03.07 11:28:25.296,0.75092,0.75122,3.00,2.25
2012.03.07 11:28:30.952,0.75092,0.75122,2.25,3.00
2012.03.07 11:28:33.228,0.75091,0.7512,2.25,1.13
2012.03.07 11:28:34.058,0.75089,0.75115,2.25,2.25
2012.03.07 11:28:34.747,0.75092,0.75118,2.25,2.25
2012.03.07 11:28:35.119,0.75097,0.75123,2.25,2.85
2012.03.07 11:28:35.554,0.75097,0.75121,2.25,2.25
2012.03.07 11:28:36.227,0.75097,0.75121,2.25,3.00
2012.03.07 11:28:36.569,0.75093,0.75117,2.25,2.25
2012.03.07 11:28:36.903,0.75093,0.75117,2.25,3.00
2012.03.07 11:28:37.138,0.75088,0.75112,2.25,2.25
2012.03.07 11:28:37.610,0.75093,0.75117,2.25,3.00
2012.03.07 11:28:37.766,0.75091,0.75117,2.25,3.00
2012.03.07 11:28:37.976,0.75093,0.75117,2.25,3.00
2012.03.07 11:28:38.996,0.75093,0.75117,2.25,2.25
2012.03.07 11:28:39.122,0.75098,0.75123,2.25,3.60
2012.03.07 11:28:39.900,0.75099,0.75123,2.25,3.00
2012.03.07 11:28:43.090,0.75098,0.75123,2.25,3.00
2012.03.07 11:28:44.548,0.75099,0.75123,2.25,3.00
2012.03.07 11:28:44.638,0.75099,0.75123,2.25,2.25
2012.03.07 11:28:44.716,0.75099,0.75123,2.25,3.00
2012.03.07 11:28:45.254,0.75097,0.75124,2.25,3.00
2012.03.07 11:28:45.382,0.75093,0.75118,2.25,3.00
2012.03.07 11:28:45.806,0.75097,0.75123,2.25,3.00
2012.03.07 11:28:45.910,0.75097,0.75123,2.25,3.00
2012.03.07 11:28:47.463,0.75097,0.75123,2.25,3.00
2012.03.07 11:28:47.612,0.75097,0.75123,2.25,3.00
2012.03.07 11:28:48.489,0.75097,0.75123,2.25,3.00
2012.03.07 11:28:48.624,0.75097,0.75123,2.25,3.00
2012.03.07 11:28:49.628,0.75097,0.75123,2.25,3.00
2012.03.07 11:28:50.354,0.75098,0.75122,2.25,2.25
2012.03.07 11:28:50.682,0.75098,0.75124,2.25,3.00
2012.03.07 11:28:50.752,0.751,0.75124,2.25,3.00
2012.03.07 11:28:51.542,0.75099,0.75125,2.25,3.00
2012.03.07 11:28:52.086,0.75101,0.75125,2.25,3.00
2012.03.07 11:28:53.880,0.75099,0.75125,2.25,3.00
2012.03.07 11:28:53.937,0.75099,0.75125,2.25,3.00
2012.03.07 11:28:54.523,0.75101,0.75125,2.25,3.00
2012.03.07 11:28:55.227,0.75101,0.75125,2.25,3.00
2012.03.07 11:28:58.318,0.751,0.75124,2.25,3.00
2012.03.07 11:28:59.143,0.75099,0.75123,2.25,2.25
2012.03.07 11:29:02.322,0.75096,0.75123,2.25,2.25
2012.03.07 11:29:02.554,0.75098,0.75122,2.25,2.25
2012.03.07 11:29:04.438,0.75098,0.75122,2.25,3.00
2012.03.07 11:29:05.719,0.75098,0.75122,2.25,2.25
2012.03.07 11:29:08.170,0.75098,0.75122,2.25,3.00
2012.03.07 11:29:10.502,0.75098,0.75122,2.25,2.25
2012.03.07 11:29:13.091,0.75094,0.7512,2.25,2.25
2012.03.07 11:29:16.369,0.75094,0.75118,2.25,2.25
2012.03.07 11:29:16.951,0.75099,0.75123,2.25,2.25
2012.03.07 11:29:17.081,0.75101,0.75129,2.25,3.00
2012.03.07 11:29:18.193,0.75102,0.7513,2.25,3.60
2012.03.07 11:29:19.067,0.75099,0.75124,2.25,2.25
2012.03.07 11:29:19.283,0.75101,0.7513,2.25,1.35
2012.03.07 11:29:19.408,0.75101,0.75131,3.00,2.85
2012.03.07 11:29:19.838,0.75098,0.75125,3.00,2.25
2012.03.07 11:29:20.098,0.75101,0.75131,3.00,2.85
2012.03.07 11:29:21.051,0.75101,0.7513,2.25,1.35
2012.03.07 11:29:21.317,0.75097,0.75136,1.13,1.73
2012.03.07 11:29:22.443,0.75097,0.75136,1.13,1.73
2012.03.07 11:29:23.821,0.75096,0.75136,1.13,1.73
2012.03.07 11:29:24.793,0.75096,0.75136,1.13,1.35
2012.03.07 11:29:24.977,0.75099,0.75138,1.73,1.13
2012.03.07 11:29:25.130,0.75106,0.75134,2.25,3.00
2012.03.07 11:29:25.221,0.75103,0.75133,2.25,3.00
2012.03.07 11:29:28.751,0.75103,0.7513,2.25,2.25
2012.03.07 11:29:30.064,0.75101,0.75129,3.00,2.25
2012.03.07 11:29:30.679,0.75101,0.75129,2.25,3.00
2012.03.07 11:29:33.019,0.75098,0.75128,2.25,3.00
2012.03.07 11:29:34.247,0.75098,0.75127,2.25,2.25
2012.03.07 11:29:41.505,0.75098,0.75126,2.25,2.25
2012.03.07 11:29:41.831,0.75091,0.75126,1.35,2.25
2012.03.07 11:29:41.897,0.75092,0.75126,1.13,2.25
2012.03.07 11:29:42.217,0.75098,0.75126,2.25,3.00
2012.03.07 11:29:46.428,0.75098,0.75125,2.25,1.13
2012.03.07 11:29:46.709,0.75091,0.75115,2.25,2.25
2012.03.07 11:29:47.384,0.75091,0.75115,3.00,2.25
2012.03.07 11:29:47.453,0.75094,0.75121,2.25,2.25
2012.03.07 11:29:48.103,0.75097,0.75125,2.25,3.00
2012.03.07 11:29:52.021,0.75097,0.75125,2.25,2.25
2012.03.07 11:29:52.177,0.75097,0.75125,2.25,3.00
2012.03.07 11:29:52.300,0.75097,0.75125,3.00,2.25
2012.03.07 11:29:52.361,0.75093,0.75123,3.00,2.25
2012.03.07 11:29:52.488,0.75094,0.75121,2.25,2.25
2012.03.07 11:29:52.870,0.75093,0.75123,2.25,2.25
2012.03.07 11:29:54.436,0.75095,0.75125,2.25,3.00
2012.03.07 11:29:54.611,0.75093,0.75123,2.25,2.25
2012.03.07 11:29:55.283,0.75093,0.75123,3.00,2.25
2012.03.07 11:29:56.413,0.75093,0.75123,2.25,2.25
2012.03.07 11:29:57.181,0.75093,0.75122,3.00,2.25
2012.03.07 11:29:57.401,0.75093,0.75122,2.25,2.25
2012.03.07 11:29:58.713,0.75093,0.75122,3.00,2.25
2012.03.07 11:29:59.033,0.75096,0.75126,3.00,2.25
2012.03.07 11:30:01.788,0.75099,0.75129,3.00,2.25
2012.03.07 11:30:02.476,0.75104,0.75132,2.25,3.00
2012.03.07 11:30:02.568,0.75104,0.75132,2.25,2.25
2012.03.07 11:30:02.692,0.75096,0.75126,3.00,2.25
2012.03.07 11:30:02.822,0.75098,0.75127,2.25,2.25
2012.03.07 11:30:03.149,0.75097,0.75127,2.25,3.00
2012.03.07 11:30:03.454,0.75097,0.75127,3.00,2.25
2012.03.07 11:30:03.542,0.75095,0.75125,3.00,2.25
2012.03.07 11:30:08.302,0.75095,0.75125,3.00,2.25
2012.03.07 11:30:08.620,0.75097,0.75127,2.25,2.25
2012.03.07 11:30:08.801,0.75099,0.75126,2.25,2.25
2012.03.07 11:30:10.191,0.75099,0.75126,3.00,2.25
2012.03.07 11:30:10.258,0.75098,0.75128,3.00,2.25
2012.03.07 11:30:11.020,0.75101,0.75129,3.00,2.25
2012.03.07 11:30:12.684,0.75102,0.7513,2.25,2.25
2012.03.07 11:30:13.246,0.75099,0.75127,3.00,2.25
2012.03.07 11:30:13.352,0.75099,0.75129,3.00,2.25
2012.03.07 11:30:14.962,0.75099,0.75129,2.25,3.00
2012.03.07 11:30:15.666,0.75099,0.75129,3.00,2.25
2012.03.07 11:30:15.991,0.75094,0.75121,3.00,2.25
2012.03.07 11:30:16.118,0.751,0.75125,3.00,2.25
2012.03.07 11:30:16.649,0.751,0.75125,2.25,2.25
2012.03.07 11:30:17.172,0.751,0.75125,3.00,2.25
2012.03.07 11:30:18.244,0.75099,0.75125,2.25,2.25
2012.03.07 11:30:19.420,0.75099,0.75125,3.00,2.25
2012.03.07 11:30:19.659,0.75103,0.75129,2.25,2.25
2012.03.07 11:30:21.924,0.75105,0.75129,2.25,2.25
2012.03.07 11:30:22.360,0.75103,0.75129,2.25,2.25
2012.03.07 11:30:22.915,0.75105,0.75129,2.25,2.25
2012.03.07 11:30:23.581,0.75105,0.75129,3.00,2.25
2012.03.07 11:30:23.807,0.75103,0.75129,2.25,2.25
2012.03.07 11:30:23.910,0.75103,0.75129,3.00,2.25
2012.03.07 11:30:24.521,0.75104,0.7513,2.25,2.25
2012.03.07 11:30:24.680,0.75104,0.7513,3.00,2.25
2012.03.07 11:30:25.284,0.75104,0.7513,2.25,2.25
2012.03.07 11:30:25.498,0.75105,0.7513,1.35,2.25
2012.03.07 11:30:25.663,0.75113,0.75139,2.25,3.00
2012.03.07 11:30:26.208,0.75113,0.75139,2.25,3.00
2012.03.07 11:30:26.458,0.75109,0.75133,2.25,2.25
2012.03.07 11:30:27.086,0.75106,0.75132,3.00,2.25
2012.03.07 11:30:27.757,0.75108,0.75132,2.25,2.25
2012.03.07 11:30:28.412,0.75108,0.75132,3.00,2.25
2012.03.07 11:30:28.659,0.75112,0.75138,2.25,2.25
2012.03.07 11:30:34.267,0.75112,0.75138,3.00,2.25
2012.03.07 11:30:34.353,0.75116,0.75142,3.00,2.25
2012.03.07 11:30:36.071,0.75116,0.75142,2.25,2.25
2012.03.07 11:30:36.330,0.75112,0.75138,3.00,2.25
2012.03.07 11:30:43.056,0.75116,0.7514,2.25,2.25
2012.03.07 11:30:43.302,0.75111,0.75137,3.00,2.25
2012.03.07 11:30:47.034,0.75113,0.75137,2.25,2.25
2012.03.07 11:30:47.585,0.75114,0.75138,2.25,2.25
2012.03.07 11:30:50.123,0.75111,0.75137,3.00,2.25
2012.03.07 11:30:50.566,0.75115,0.75141,2.25,2.25
2012.03.07 11:30:51.577,0.75115,0.75141,3.00,2.25
2012.03.07 11:30:59.798,0.75119,0.75145,2.25,2.25
2012.03.07 11:30:59.932,0.75116,0.75142,3.00,2.25
2012.03.07 11:31:09.168,0.75112,0.75138,3.00,2.25
2012.03.07 11:31:09.287,0.75116,0.75142,3.00,2.25
2012.03.07 11:31:22.374,0.75116,0.7514,3.00,2.25
2012.03.07 11:31:23.007,0.75117,0.75141,2.25,2.25
2012.03.07 11:31:38.324,0.75118,0.75144,2.25,2.25
2012.03.07 11:31:41.524,0.75116,0.75142,3.00,2.25
2012.03.07 11:31:42.311,0.75115,0.75141,2.25,2.25
2012.03.07 11:31:42.768,0.75115,0.75139,2.25,2.25
2012.03.07 11:31:42.894,0.75114,0.75142,2.25,2.25
2012.03.07 11:31:46.839,0.75112,0.75142,3.00,2.25
2012.03.07 11:31:51.914,0.75112,0.75142,3.00,2.25
2012.03.07 11:31:52.134,0.75112,0.75142,3.00,2.25
2012.03.07 11:31:52.497,0.75112,0.7514,3.00,2.25
2012.03.07 11:32:01.189,0.75112,0.7514,3.00,2.25
2012.03.07 11:32:01.664,0.75118,0.75142,2.25,2.25
2012.03.07 11:32:01.920,0.75116,0.75141,2.25,2.25
2012.03.07 11:32:02.573,0.75115,0.75141,2.25,2.25
2012.03.07 11:32:15.657,0.75115,0.75142,2.25,2.25
2012.03.07 11:32:16.337,0.75115,0.75142,3.00,2.25
2012.03.07 11:32:17.019,0.75117,0.75143,3.00,2.25
2012.03.07 11:32:18.225,0.75116,0.75142,2.25,2.25
2012.03.07 11:32:19.387,0.75116,0.75141,2.25,2.25
2012.03.07 11:32:20.232,0.75115,0.75141,2.25,2.25
2012.03.07 11:32:20.751,0.75115,0.75142,2.25,2.25
2012.03.07 11:32:23.620,0.75115,0.75142,3.00,2.25
2012.03.07 11:32:24.693,0.75115,0.75142,2.25,2.25
2012.03.07 11:32:25.950,0.75113,0.75137,2.25,2.25
2012.03.07 11:32:26.190,0.75119,0.75145,2.25,2.25
2012.03.07 11:32:27.039,0.7512,0.75144,2.25,3.00
2012.03.07 11:32:28.123,0.75121,0.75147,2.25,3.60
2012.03.07 11:32:29.019,0.75123,0.75147,2.25,3.00
2012.03.07 11:32:30.049,0.75123,0.75147,2.25,2.25
2012.03.07 11:32:30.340,0.7512,0.75146,2.25,2.25
2012.03.07 11:32:31.421,0.7512,0.75144,2.25,2.25
2012.03.07 11:32:31.760,0.75115,0.75142,2.25,2.25
2012.03.07 11:32:32.352,0.75115,0.75142,2.25,3.00
2012.03.07 11:32:33.101,0.75116,0.7514,2.25,3.00
2012.03.07 11:32:34.409,0.75116,0.7514,2.25,2.25
2012.03.07 11:32:34.712,0.75119,0.75145,2.25,3.00
2012.03.07 11:32:35.480,0.75119,0.75145,2.25,2.25
2012.03.07 11:32:35.605,0.75122,0.75146,2.25,2.25
2012.03.07 11:32:37.111,0.75122,0.75146,2.25,3.00
2012.03.07 11:32:37.362,0.75107,0.75133,3.00,2.25
2012.03.07 11:32:40.245,0.75105,0.75132,2.25,2.25
2012.03.07 11:32:40.696,0.75111,0.75139,2.25,3.00
2012.03.07 11:32:41.164,0.75104,0.7513,2.25,2.25
2012.03.07 11:32:41.838,0.75107,0.75136,2.25,3.00
2012.03.07 11:32:42.475,0.75105,0.75129,2.63,2.25
2012.03.07 11:32:42.541,0.75114,0.75138,2.25,2.25
2012.03.07 11:32:43.496,0.75113,0.7514,2.25,3.00
2012.03.07 11:32:43.883,0.75107,0.75136,2.25,2.25
2012.03.07 11:32:43.948,0.75107,0.75136,2.25,3.00
2012.03.07 11:32:44.901,0.75106,0.75136,2.25,3.00
2012.03.07 11:32:45.656,0.75107,0.75136,2.25,3.00
2012.03.07 11:32:46.329,0.75107,0.75136,2.25,2.25
2012.03.07 11:32:47.303,0.75114,0.75138,2.25,3.00
2012.03.07 11:32:49.177,0.75113,0.75137,2.25,2.25
2012.03.07 11:32:49.944,0.75114,0.75138,2.25,3.00
2012.03.07 11:32:51.583,0.75113,0.7514,2.25,3.00
2012.03.07 11:32:53.354,0.75111,0.75135,2.25,2.25
2012.03.07 11:32:54.582,0.75114,0.75138,2.25,3.00
2012.03.07 11:32:58.187,0.75112,0.75138,2.25,3.00
2012.03.07 11:32:59.438,0.75114,0.75139,2.25,3.00
2012.03.07 11:32:59.865,0.7511,0.75134,2.25,2.25
2012.03.07 11:33:00.374,0.751,0.75126,3.00,2.25
2012.03.07 11:33:00.442,0.75105,0.75131,3.00,2.25
2012.03.07 11:33:02.675,0.75105,0.75131,2.25,2.25
2012.03.07 11:33:02.743,0.75104,0.75129,2.25,2.25
2012.03.07 11:33:07.184,0.751,0.75124,3.00,2.25
2012.03.07 11:33:07.265,0.75099,0.75126,3.00,2.25
2012.03.07 11:33:09.553,0.75099,0.75125,3.00,2.25
2012.03.07 11:33:10.049,0.75099,0.75125,2.25,2.25
2012.03.07 11:33:10.273,0.75099,0.75125,3.00,2.25
2012.03.07 11:33:10.916,0.75098,0.75124,3.00,2.25
2012.03.07 11:33:14.222,0.751,0.75124,2.25,2.25
2012.03.07 11:33:16.361,0.751,0.75124,3.00,2.25
2012.03.07 11:33:16.908,0.75109,0.75133,2.25,3.00
2012.03.07 11:33:19.089,0.75107,0.75133,2.25,3.00
2012.03.07 11:33:20.928,0.75108,0.75134,2.25,2.25
2012.03.07 11:33:21.793,0.75107,0.75133,2.25,3.00
2012.03.07 11:33:22.894,0.75109,0.75133,2.25,3.00
2012.03.07 11:33:23.355,0.75109,0.75133,2.25,3.00
2012.03.07 11:33:23.480,0.75109,0.75133,2.25,3.38
2012.03.07 11:33:23.623,0.75102,0.75128,3.00,2.25
2012.03.07 11:33:24.022,0.75097,0.75124,3.00,2.25
2012.03.07 11:33:24.544,0.75103,0.75128,2.25,2.25
2012.03.07 11:33:24.608,0.751,0.75124,2.25,2.25
2012.03.07 11:33:25.363,0.75099,0.75123,2.25,2.25
2012.03.07 11:33:27.152,0.75098,0.75122,2.25,2.25
2012.03.07 11:33:27.519,0.75096,0.75122,3.00,2.25
2012.03.07 11:33:28.279,0.75099,0.75124,2.25,2.25
2012.03.07 11:33:28.972,0.75098,0.75124,2.25,2.25
2012.03.07 11:33:33.369,0.75098,0.75125,2.25,2.25
2012.03.07 11:33:33.713,0.75101,0.75125,2.25,2.25
2012.03.07 11:33:34.082,0.75107,0.75131,2.25,3.00
2012.03.07 11:33:34.460,0.75101,0.75129,3.00,2.25
2012.03.07 11:33:35.227,0.75102,0.7513,2.25,3.00
2012.03.07 11:33:36.440,0.75102,0.7513,2.25,2.25
2012.03.07 11:33:39.965,0.75102,0.7513,2.25,3.00
2012.03.07 11:33:40.570,0.75099,0.75125,2.25,2.25
2012.03.07 11:33:40.903,0.75099,0.75125,2.25,3.00
2012.03.07 11:33:41.088,0.75094,0.75121,2.25,2.25
2012.03.07 11:33:41.340,0.75091,0.75115,3.00,2.25
2012.03.07 11:33:41.526,0.75093,0.75117,2.25,2.25
2012.03.07 11:33:41.593,0.75092,0.75116,3.00,2.25
2012.03.07 11:33:41.751,0.75093,0.75117,2.25,2.25
2012.03.07 11:33:41.820,0.75095,0.75119,2.25,2.25
2012.03.07 11:33:42.205,0.75098,0.75122,2.25,2.25
2012.03.07 11:33:42.324,0.75099,0.75125,2.25,2.25
2012.03.07 11:33:42.475,0.75102,0.75126,2.25,3.00
2012.03.07 11:33:42.740,0.75095,0.75122,3.23,2.25
2012.03.07 11:33:42.800,0.751,0.75126,2.25,3.00
2012.03.07 11:33:42.994,0.751,0.75126,2.25,2.25
2012.03.07 11:33:43.748,0.751,0.75126,2.25,3.00
2012.03.07 11:33:43.879,0.75094,0.75122,2.25,2.25
2012.03.07 11:33:43.940,0.75094,0.75122,3.00,2.25
2012.03.07 11:33:44.259,0.75101,0.75125,2.25,2.25
2012.03.07 11:33:44.652,0.751,0.75127,2.25,2.25
2012.03.07 11:33:44.764,0.751,0.75127,2.25,3.00
2012.03.07 11:33:45.396,0.75103,0.75127,2.25,2.25
2012.03.07 11:33:48.010,0.751,0.75124,2.25,2.25
2012.03.07 11:33:48.071,0.75101,0.75127,2.25,2.25
2012.03.07 11:33:48.512,0.75097,0.75123,3.00,2.25
2012.03.07 11:33:48.822,0.75095,0.75121,2.25,2.25
2012.03.07 11:33:49.166,0.75093,0.75117,3.00,2.25
2012.03.07 11:33:49.548,0.75097,0.75123,3.00,2.25
2012.03.07 11:33:49.627,0.75097,0.75127,2.25,2.25
2012.03.07 11:33:49.698,0.75104,0.75128,2.25,2.25
2012.03.07 11:33:50.069,0.75103,0.75131,2.25,2.25
2012.03.07 11:33:50.635,0.75103,0.75131,2.25,3.00
2012.03.07 11:33:51.090,0.75101,0.75127,2.25,2.25
2012.03.07 11:33:51.621,0.75101,0.75127,2.25,3.00
2012.03.07 11:33:51.962,0.75101,0.75126,2.25,2.25
2012.03.07 11:33:52.244,0.751,0.75126,2.25,3.00
2012.03.07 11:33:52.714,0.75102,0.75126,2.25,3.00
2012.03.07 11:33:53.726,0.75102,0.75126,2.25,2.25
2012.03.07 11:33:54.250,0.75101,0.75125,2.25,2.25
2012.03.07 11:33:54.364,0.751,0.75127,2.25,2.25
2012.03.07 11:33:55.368,0.751,0.75126,2.25,2.25
2012.03.07 11:33:56.507,0.75101,0.75126,2.25,2.25
2012.03.07 11:33:56.718,0.75104,0.7513,2.25,3.60
2012.03.07 11:33:56.837,0.751,0.75127,2.25,2.25
2012.03.07 11:33:56.898,0.75101,0.75125,2.25,2.25
2012.03.07 11:33:57.746,0.75101,0.75126,2.25,2.25
2012.03.07 11:33:58.198,0.75097,0.75121,3.00,2.25
2012.03.07 11:33:58.324,0.75098,0.75124,2.25,2.25
2012.03.07 11:33:58.392,0.751,0.75124,2.25,2.25
2012.03.07 11:33:58.983,0.751,0.75124,2.25,3.00
2012.03.07 11:33:59.119,0.75098,0.75122,2.25,2.25
2012.03.07 11:33:59.184,0.75095,0.75121,2.25,2.25
2012.03.07 11:34:02.642,0.75095,0.75121,3.00,2.25
2012.03.07 11:34:02.775,0.75099,0.75125,2.25,2.25
2012.03.07 11:34:02.839,0.75101,0.75125,2.25,2.25
2012.03.07 11:34:03.709,0.75101,0.75126,2.25,2.25
2012.03.07 11:34:04.314,0.751,0.75126,2.25,2.25
2012.03.07 11:34:04.655,0.751,0.75124,2.25,2.25
2012.03.07 11:34:05.195,0.75099,0.75123,2.25,2.25
2012.03.07 11:34:05.451,0.75097,0.75122,2.25,2.25
2012.03.07 11:34:05.909,0.75095,0.75121,2.25,2.25
2012.03.07 11:34:07.288,0.75094,0.7512,2.25,2.25
2012.03.07 11:34:07.393,0.75096,0.75123,2.25,3.00
2012.03.07 11:34:07.638,0.75099,0.75123,2.25,2.25
2012.03.07 11:34:09.071,0.75097,0.75123,2.25,2.25
2012.03.07 11:34:13.692,0.75094,0.75118,2.25,2.25
2012.03.07 11:34:14.140,0.75096,0.7512,2.25,2.25
2012.03.07 11:34:14.341,0.75096,0.75122,2.25,2.25
2012.03.07 11:34:14.460,0.75096,0.7512,2.25,2.25
2012.03.07 11:34:17.961,0.75096,0.75123,3.00,2.25
2012.03.07 11:34:18.606,0.75097,0.75123,2.25,2.25
2012.03.07 11:34:19.573,0.7509,0.7512,3.00,2.25
2012.03.07 11:34:19.698,0.75092,0.7512,1.13,2.25
2012.03.07 11:34:19.817,0.75097,0.75123,3.00,2.25
2012.03.07 11:34:22.149,0.75096,0.75122,3.00,2.25
2012.03.07 11:34:23.730,0.75099,0.75127,2.25,2.25
2012.03.07 11:34:24.130,0.75099,0.75127,3.00,2.25
2012.03.07 11:34:29.750,0.75099,0.75129,3.00,2.25
2012.03.07 11:34:32.164,0.75099,0.75129,2.25,3.00
2012.03.07 11:34:37.880,0.75099,0.75129,3.00,2.25
2012.03.07 11:34:40.194,0.75101,0.75129,2.25,3.00
2012.03.07 11:34:45.039,0.75101,0.75129,2.25,3.00
2012.03.07 11:34:45.099,0.75093,0.7512,2.25,2.25
2012.03.07 11:34:46.694,0.75097,0.75123,2.25,2.25
2012.03.07 11:34:47.025,0.75102,0.75126,2.25,2.25
2012.03.07 11:34:47.191,0.75103,0.75129,2.25,3.00
2012.03.07 11:34:47.713,0.751,0.75124,2.25,2.25
2012.03.07 11:34:48.131,0.75097,0.75123,3.00,2.25
2012.03.07 11:34:48.578,0.75101,0.75129,2.25,3.00
2012.03.07 11:34:48.785,0.75098,0.75122,2.25,2.25
2012.03.07 11:34:49.115,0.75098,0.75124,2.25,2.25
2012.03.07 11:34:49.552,0.75102,0.75129,2.25,3.00
2012.03.07 11:35:01.145,0.75106,0.75132,2.25,3.00
2012.03.07 11:35:03.221,0.75106,0.75132,2.25,3.00
2012.03.07 11:35:03.539,0.75109,0.75133,2.25,3.00
2012.03.07 11:35:05.483,0.7511,0.75134,2.25,3.00
2012.03.07 11:35:06.111,0.75109,0.75135,2.25,3.00
2012.03.07 11:35:06.421,0.75105,0.7513,2.25,3.00
2012.03.07 11:35:06.938,0.75105,0.7513,2.25,3.00
2012.03.07 11:35:07.210,0.75098,0.75127,2.25,3.00
2012.03.07 11:35:07.649,0.75095,0.75121,2.25,2.25
2012.03.07 11:35:09.269,0.75095,0.75121,2.25,3.00
2012.03.07 11:35:09.632,0.75092,0.75116,2.25,2.25
2012.03.07 11:35:09.699,0.75087,0.75114,3.00,2.25
2012.03.07 11:35:09.893,0.75087,0.75111,3.00,2.25
2012.03.07 11:35:10.308,0.75085,0.75109,3.00,2.25
2012.03.07 11:35:10.375,0.75089,0.75115,3.00,2.25
2012.03.07 11:35:11.150,0.75089,0.75116,3.00,2.25
2012.03.07 11:35:13.620,0.75089,0.75116,3.00,2.25
2012.03.07 11:35:14.913,0.75092,0.75118,3.00,2.25
2012.03.07 11:35:14.979,0.75092,0.75118,2.25,2.25
2012.03.07 11:35:15.169,0.75095,0.7512,2.25,2.25
2012.03.07 11:35:15.962,0.75096,0.7512,2.25,2.25
2012.03.07 11:35:17.754,0.75097,0.75121,2.25,2.25
2012.03.07 11:35:22.331,0.75096,0.7512,3.00,2.25
2012.03.07 11:35:24.512,0.75094,0.75121,3.00,2.25
2012.03.07 11:35:27.059,0.75092,0.75118,3.00,2.25
2012.03.07 11:35:27.301,0.7509,0.75115,3.00,2.25
2012.03.07 11:35:27.419,0.75089,0.75113,3.00,2.25
2012.03.07 11:35:27.609,0.75089,0.75116,3.00,2.25
2012.03.07 11:35:31.799,0.75089,0.75116,3.00,2.25
2012.03.07 11:35:32.680,0.75089,0.75116,3.00,2.25
2012.03.07 11:35:33.424,0.75093,0.75117,2.25,2.25
2012.03.07 11:35:35.405,0.75092,0.75116,3.00,2.25
2012.03.07 11:35:39.281,0.75091,0.75117,2.25,2.25
2012.03.07 11:35:40.455,0.75091,0.75117,3.00,2.25
2012.03.07 11:35:44.548,0.7509,0.75115,3.00,2.25
2012.03.07 11:35:50.911,0.7509,0.75114,3.00,2.25
2012.03.07 11:35:51.062,0.7509,0.75114,2.25,2.25
2012.03.07 11:35:52.638,0.7509,0.75114,3.00,2.25
2012.03.07 11:35:53.148,0.7509,0.75114,2.25,2.25
2012.03.07 11:35:53.911,0.7509,0.75114,3.00,2.25
2012.03.07 11:35:54.038,0.7509,0.75114,2.25,2.25
2012.03.07 11:35:54.239,0.7509,0.75114,3.00,2.25
2012.03.07 11:35:54.570,0.7509,0.75114,2.25,2.25
2012.03.07 11:35:56.980,0.7509,0.75114,3.00,2.25
2012.03.07 11:35:57.951,0.75089,0.75116,3.00,2.25
2012.03.07 11:35:58.903,0.75088,0.75114,3.00,2.25
2012.03.07 11:36:00.451,0.75089,0.75115,3.00,2.25
2012.03.07 11:36:01.252,0.75089,0.75116,3.00,2.25
2012.03.07 11:36:02.950,0.75092,0.75116,2.25,2.25
2012.03.07 11:36:13.841,0.75092,0.75118,2.25,2.25
2012.03.07 11:36:16.376,0.75092,0.75116,2.25,2.25
2012.03.07 11:36:23.062,0.75093,0.75117,2.25,2.25
2012.03.07 11:36:23.515,0.75095,0.75119,2.25,2.25
2012.03.07 11:36:23.877,0.75093,0.75117,2.25,2.25
2012.03.07 11:36:24.402,0.75093,0.75119,2.25,2.25
2012.03.07 11:36:25.170,0.75093,0.75119,3.00,2.25
2012.03.07 11:36:25.229,0.75093,0.75119,2.25,2.25
2012.03.07 11:36:26.191,0.75093,0.75119,3.00,2.25
2012.03.07 11:36:26.711,0.75095,0.75121,3.00,2.25
2012.03.07 11:36:27.360,0.75095,0.75121,2.25,2.25
2012.03.07 11:36:27.706,0.75093,0.75119,2.25,2.25
2012.03.07 11:36:28.516,0.75093,0.75119,3.00,2.25
2012.03.07 11:36:29.108,0.75095,0.75119,2.25,2.25
2012.03.07 11:36:31.014,0.75094,0.75118,2.25,2.25
2012.03.07 11:36:31.908,0.75095,0.75121,2.25,2.25
2012.03.07 11:36:33.120,0.7509,0.75118,3.00,2.25
2012.03.07 11:36:33.581,0.75088,0.75112,2.25,2.25
2012.03.07 11:36:34.510,0.75088,0.75114,3.00,2.25
2012.03.07 11:36:35.291,0.75088,0.75114,2.25,2.25
2012.03.07 11:36:35.359,0.75088,0.75112,2.25,2.25
2012.03.07 11:36:35.992,0.75087,0.75111,3.00,2.25
2012.03.07 11:36:37.910,0.75087,0.75111,3.00,2.25
2012.03.07 11:36:38.037,0.75087,0.75111,3.00,2.25
2012.03.07 11:36:38.238,0.75087,0.75113,3.00,2.25
2012.03.07 11:36:39.770,0.75092,0.75118,2.25,3.00
2012.03.07 11:36:40.080,0.75096,0.75122,2.25,2.25
2012.03.07 11:36:40.726,0.75093,0.75117,2.25,2.25
2012.03.07 11:36:40.934,0.75091,0.75117,2.25,2.25
2012.03.07 11:36:41.200,0.75089,0.75113,3.00,2.25
2012.03.07 11:36:41.391,0.75088,0.75112,2.25,2.25
2012.03.07 11:36:41.451,0.75088,0.75112,3.00,2.25
2012.03.07 11:36:41.604,0.75091,0.75117,3.00,2.25
2012.03.07 11:36:42.120,0.75087,0.75111,3.00,2.25
2012.03.07 11:36:42.181,0.75088,0.75114,3.00,2.25
2012.03.07 11:36:42.739,0.75091,0.75115,3.00,2.25
2012.03.07 11:36:45.753,0.75092,0.75116,2.25,2.25
2012.03.07 11:36:46.430,0.75091,0.75116,3.00,2.25
2012.03.07 11:36:47.283,0.75091,0.75115,3.00,2.25
2012.03.07 11:36:47.352,0.75089,0.75115,2.25,2.63
2012.03.07 11:36:47.501,0.75089,0.75115,3.00,2.63
2012.03.07 11:36:47.920,0.75086,0.75113,3.00,2.25
2012.03.07 11:36:47.989,0.75092,0.75118,3.00,2.25
2012.03.07 11:36:48.064,0.75092,0.75118,3.00,2.25
2012.03.07 11:36:48.188,0.75096,0.75123,3.00,2.25
2012.03.07 11:36:48.310,0.75098,0.75122,2.25,2.25
2012.03.07 11:36:48.835,0.75097,0.75121,2.25,2.25
2012.03.07 11:36:49.666,0.75093,0.75119,3.00,2.25
2012.03.07 11:36:49.736,0.75093,0.75117,2.25,2.25
2012.03.07 11:36:49.973,0.75093,0.75117,3.00,2.25
2012.03.07 11:36:51.455,0.75093,0.75117,2.25,2.25
2012.03.07 11:36:52.047,0.75093,0.75117,3.00,2.25
2012.03.07 11:36:55.717,0.75093,0.75119,3.00,2.25
2012.03.07 11:36:55.783,0.75097,0.75123,3.00,2.25
2012.03.07 11:36:56.238,0.75097,0.75121,3.00,2.25
2012.03.07 11:36:56.965,0.75096,0.7512,3.00,2.25
2012.03.07 11:36:58.846,0.75095,0.75121,3.00,2.25
2012.03.07 11:37:00.152,0.75095,0.75121,2.25,2.25
2012.03.07 11:37:01.168,0.75095,0.75119,2.25,2.25
2012.03.07 11:37:06.837,0.75095,0.75119,3.00,2.25
2012.03.07 11:37:07.684,0.75095,0.75119,2.25,2.25
2012.03.07 11:37:10.474,0.75095,0.75119,3.00,2.25
2012.03.07 11:37:13.949,0.75094,0.75118,3.00,2.25
2012.03.07 11:37:14.592,0.75094,0.75118,2.25,2.25
2012.03.07 11:37:14.734,0.75092,0.75116,3.00,2.25
2012.03.07 11:37:18.269,0.75091,0.75118,3.00,2.25
2012.03.07 11:37:19.014,0.75091,0.75118,2.25,3.00
2012.03.07 11:37:19.564,0.75092,0.75118,2.25,2.25
2012.03.07 11:37:23.511,0.75091,0.75118,2.25,2.25
2012.03.07 11:37:24.102,0.75097,0.75121,2.25,2.25
2012.03.07 11:37:24.739,0.75095,0.75121,2.25,2.25
2012.03.07 11:37:25.625,0.75095,0.7512,2.25,2.25
2012.03.07 11:37:28.484,0.75095,0.75121,2.25,2.25
2012.03.07 11:37:29.131,0.75097,0.75121,2.25,2.25
2012.03.07 11:37:30.446,0.75096,0.75122,2.25,2.25
2012.03.07 11:37:31.433,0.75095,0.75121,2.25,2.25
2012.03.07 11:37:31.767,0.75097,0.75121,2.25,2.25
2012.03.07 11:37:32.160,0.75097,0.75123,2.25,2.25
2012.03.07 11:37:33.105,0.75095,0.75121,2.25,2.25
2012.03.07 11:37:34.100,0.75095,0.75121,3.00,2.25
2012.03.07 11:37:34.162,0.75097,0.75123,3.00,2.25
2012.03.07 11:37:34.294,0.751,0.75124,2.25,3.00
2012.03.07 11:37:34.813,0.75099,0.75123,2.25,3.00
2012.03.07 11:37:35.020,0.75097,0.75122,2.25,2.25
2012.03.07 11:37:35.850,0.75097,0.75121,2.25,2.25
2012.03.07 11:37:37.431,0.75096,0.75122,2.25,2.25
2012.03.07 11:37:37.655,0.75095,0.75119,2.25,2.25
2012.03.07 11:37:39.553,0.75094,0.75118,2.25,2.25
2012.03.07 11:37:45.992,0.75095,0.75119,2.25,2.25
2012.03.07 11:37:47.645,0.75093,0.75119,2.25,2.25
2012.03.07 11:37:49.397,0.75094,0.75118,2.25,2.25
2012.03.07 11:37:56.863,0.75092,0.75118,3.00,2.25
2012.03.07 11:38:03.491,0.75092,0.75118,3.00,2.25
2012.03.07 11:38:03.839,0.75091,0.75118,3.00,2.25
2012.03.07 11:38:04.117,0.75097,0.75121,2.25,2.25
2012.03.07 11:38:04.241,0.75098,0.75124,2.25,3.60
2012.03.07 11:38:04.493,0.75101,0.75125,2.25,3.00
2012.03.07 11:38:04.659,0.75094,0.75122,2.25,2.25
2012.03.07 11:38:05.112,0.751,0.75126,2.25,2.25
2012.03.07 11:38:06.295,0.751,0.75124,2.25,2.25
2012.03.07 11:38:07.151,0.751,0.75124,2.25,3.00
2012.03.07 11:38:07.328,0.75093,0.75123,3.00,2.25
2012.03.07 11:38:08.062,0.75095,0.75123,2.25,2.25
2012.03.07 11:38:10.606,0.75093,0.75123,2.25,2.25
2012.03.07 11:38:10.729,0.75093,0.75123,3.00,2.25
2012.03.07 11:38:11.289,0.75094,0.75122,2.25,2.25
2012.03.07 11:38:12.644,0.75094,0.75122,3.00,2.25
2012.03.07 11:38:13.650,0.75093,0.75121,3.00,2.25
2012.03.07 11:38:14.033,0.75093,0.75121,2.25,2.25
2012.03.07 11:38:14.124,0.75091,0.75119,3.00,2.25
2012.03.07 11:38:14.546,0.75097,0.75123,2.25,3.00
2012.03.07 11:38:15.121,0.75098,0.75124,2.25,2.25
2012.03.07 11:38:17.731,0.751,0.75124,2.25,2.25
2012.03.07 11:38:18.758,0.75098,0.75124,2.25,2.25
2012.03.07 11:38:19.441,0.75091,0.75119,3.00,2.25
2012.03.07 11:38:19.602,0.75088,0.75114,2.25,2.25
2012.03.07 11:38:20.700,0.75088,0.75114,3.00,2.25
2012.03.07 11:38:21.121,0.7509,0.75114,2.25,2.25
2012.03.07 11:38:21.819,0.75091,0.75115,2.25,2.25
2012.03.07 11:38:21.954,0.75091,0.75115,2.25,3.00
2012.03.07 11:38:22.021,0.75091,0.75115,2.25,2.25
2012.03.07 11:38:22.082,0.75083,0.75109,3.00,2.25
2012.03.07 11:38:22.442,0.75083,0.75107,3.00,2.25
2012.03.07 11:38:22.908,0.75083,0.75107,3.00,2.25
2012.03.07 11:38:22.975,0.75091,0.75118,3.00,2.25
2012.03.07 11:38:23.042,0.75091,0.75118,3.00,2.25
2012.03.07 11:38:23.271,0.75091,0.75118,3.00,2.25
2012.03.07 11:38:23.913,0.75097,0.75121,3.00,2.25
2012.03.07 11:38:24.040,0.75093,0.75117,3.00,2.25
2012.03.07 11:38:25.093,0.75092,0.75117,2.25,2.25
2012.03.07 11:38:25.955,0.75092,0.75118,2.25,2.25
2012.03.07 11:38:27.113,0.75091,0.75117,3.00,2.25
2012.03.07 11:38:36.148,0.75084,0.75114,3.00,2.25
2012.03.07 11:38:36.268,0.75092,0.75116,2.25,2.25
2012.03.07 11:38:44.060,0.75084,0.75114,3.00,2.25
2012.03.07 11:38:44.596,0.75085,0.75112,3.00,2.25
2012.03.07 11:38:52.087,0.75083,0.75113,3.00,2.25
2012.03.07 11:38:52.153,0.75083,0.75113,3.00,2.25
2012.03.07 11:38:52.219,0.75083,0.75111,3.00,2.25
2012.03.07 11:38:52.823,0.75083,0.75113,3.00,2.25
2012.03.07 11:38:53.625,0.75084,0.75113,3.00,2.25
2012.03.07 11:38:53.975,0.75087,0.75117,3.00,2.25
2012.03.07 11:39:03.379,0.75087,0.75117,3.38,2.25
2012.03.07 11:39:03.801,0.75091,0.75115,3.00,2.25
2012.03.07 11:39:04.502,0.75086,0.75112,3.00,2.25
2012.03.07 11:39:04.577,0.7508,0.75106,3.00,2.25
2012.03.07 11:39:06.442,0.7508,0.75106,3.00,2.25
2012.03.07 11:39:07.834,0.75079,0.75103,3.00,2.25
2012.03.07 11:39:07.908,0.75085,0.75109,2.25,2.25
2012.03.07 11:39:07.971,0.75085,0.75109,3.00,2.25
2012.03.07 11:39:08.423,0.75085,0.75109,2.25,2.25
2012.03.07 11:39:09.210,0.75085,0.75109,3.00,2.25
2012.03.07 11:39:09.388,0.75089,0.75115,2.25,2.25
2012.03.07 11:39:10.720,0.75087,0.75113,2.25,2.25
2012.03.07 11:39:11.174,0.75088,0.75114,3.00,2.25
2012.03.07 11:39:11.532,0.75088,0.75114,2.25,2.25
2012.03.07 11:39:28.222,0.75088,0.75114,3.00,2.25
2012.03.07 11:39:28.671,0.75082,0.75108,3.00,2.25
2012.03.07 11:39:28.733,0.75082,0.75108,3.00,2.25
2012.03.07 11:39:28.887,0.75087,0.75113,2.25,2.25
2012.03.07 11:39:29.393,0.75085,0.75109,3.38,2.25
2012.03.07 11:39:29.465,0.75089,0.75115,3.00,2.25
2012.03.07 11:39:33.711,0.75092,0.75115,1.13,2.25
2012.03.07 11:39:33.769,0.75098,0.75124,2.25,2.25
2012.03.07 11:39:33.960,0.75092,0.7512,3.60,2.25
2012.03.07 11:39:34.242,0.75092,0.7512,2.25,3.00
2012.03.07 11:39:34.800,0.75086,0.7511,1.13,2.25
2012.03.07 11:39:34.864,0.75095,0.75125,3.00,3.23
2012.03.07 11:39:35.200,0.75094,0.75119,1.13,2.25
2012.03.07 11:39:35.383,0.75095,0.75125,3.00,2.25
2012.03.07 11:39:36.272,0.75095,0.75125,2.25,3.00
2012.03.07 11:39:38.787,0.75093,0.75123,2.25,2.25
2012.03.07 11:39:38.852,0.75096,0.75123,2.25,2.25
2012.03.07 11:39:39.477,0.75095,0.75123,2.25,2.25
2012.03.07 11:39:41.099,0.75095,0.75125,2.25,3.00
2012.03.07 11:39:41.589,0.75094,0.75122,2.25,2.25
2012.03.07 11:39:41.653,0.75093,0.75132,1.13,1.13
2012.03.07 11:39:42.162,0.75091,0.75132,1.13,1.13
2012.03.07 11:39:42.228,0.75093,0.75132,1.13,1.13
2012.03.07 11:39:42.896,0.75091,0.75132,1.13,1.13
2012.03.07 11:39:43.926,0.75093,0.75132,1.13,1.13
2012.03.07 11:39:44.141,0.75091,0.75132,1.13,1.13
2012.03.07 11:39:44.262,0.75093,0.75132,1.13,1.13
2012.03.07 11:39:45.242,0.75091,0.75132,1.13,1.13
2012.03.07 11:39:45.649,0.75097,0.75125,2.25,3.00
2012.03.07 11:39:46.676,0.75097,0.75125,3.00,2.25
2012.03.07 11:39:47.774,0.75095,0.75125,2.25,3.00
2012.03.07 11:39:48.413,0.75096,0.75125,2.25,3.00
2012.03.07 11:39:49.754,0.75096,0.75126,3.00,2.25
2012.03.07 11:39:52.535,0.75096,0.75126,2.25,3.00
2012.03.07 11:39:53.660,0.75096,0.75126,3.00,2.25
2012.03.07 11:39:56.791,0.75096,0.75126,2.25,3.00
2012.03.07 11:39:58.667,0.75095,0.75125,2.25,3.00
2012.03.07 11:40:00.324,0.75095,0.75125,3.00,2.25
2012.03.07 11:40:01.037,0.75098,0.75126,2.25,2.25
2012.03.07 11:40:04.128,0.75097,0.75125,2.25,2.25
2012.03.07 11:40:04.503,0.75097,0.75124,2.25,3.00
2012.03.07 11:40:21.461,0.75097,0.75127,2.25,3.00
2012.03.07 11:40:21.616,0.75097,0.75127,2.25,3.00
2012.03.07 11:40:21.685,0.75096,0.7512,2.25,2.25
2012.03.07 11:40:22.240,0.75094,0.75118,2.25,2.25
2012.03.07 11:40:23.413,0.75092,0.75117,3.00,2.25
2012.03.07 11:40:24.888,0.75092,0.75118,2.25,2.25
2012.03.07 11:40:31.418,0.75088,0.75114,2.25,2.25
2012.03.07 11:40:31.771,0.75088,0.75112,2.25,2.25
2012.03.07 11:40:34.285,0.75087,0.75111,3.00,2.25
2012.03.07 11:40:34.951,0.75085,0.75111,3.00,2.25
2012.03.07 11:40:35.073,0.75087,0.75117,3.00,2.25
2012.03.07 11:40:35.422,0.75087,0.75117,3.38,2.25
2012.03.07 11:40:35.549,0.75088,0.75125,2.25,3.60
2012.03.07 11:40:35.727,0.75088,0.75124,3.00,1.13
2012.03.07 11:40:36.212,0.75088,0.75116,2.25,2.25
2012.03.07 11:40:37.473,0.75087,0.75115,2.25,2.25
2012.03.07 11:40:38.440,0.75086,0.75115,3.00,2.25
2012.03.07 11:40:42.513,0.75087,0.75115,2.25,2.25
2012.03.07 11:40:50.342,0.75089,0.75117,2.25,2.25
2012.03.07 11:40:50.899,0.75087,0.75117,2.25,2.25
2012.03.07 11:40:51.333,0.7509,0.75118,2.25,2.25
2012.03.07 11:40:53.787,0.7509,0.75118,2.25,3.00
2012.03.07 11:40:53.852,0.7509,0.75118,2.25,3.00
2012.03.07 11:40:53.920,0.75087,0.75117,3.00,2.25
2012.03.07 11:40:54.041,0.75087,0.75117,2.25,3.00
2012.03.07 11:40:54.138,0.75085,0.75113,2.85,2.25
2012.03.07 11:40:54.693,0.75086,0.75116,3.00,2.25
2012.03.07 11:40:55.321,0.75087,0.75117,3.00,2.25
2012.03.07 11:40:55.440,0.75086,0.75116,2.25,3.00
2012.03.07 11:40:56.248,0.75087,0.75117,2.25,3.00
2012.03.07 11:40:56.743,0.75087,0.75117,3.00,2.25
2012.03.07 11:40:56.809,0.75086,0.75115,3.00,2.25
2012.03.07 11:40:57.435,0.75088,0.75116,2.25,2.25
2012.03.07 11:40:58.728,0.75087,0.75115,3.00,2.25
2012.03.07 11:40:59.396,0.75088,0.75116,2.25,2.25
2012.03.07 11:41:01.261,0.75087,0.75115,3.00,2.25
2012.03.07 11:41:01.714,0.75089,0.75117,2.25,2.25
2012.03.07 11:41:05.228,0.75088,0.75116,2.25,2.25
2012.03.07 11:41:10.271,0.75088,0.75116,3.00,2.25
2012.03.07 11:41:10.338,0.75088,0.75116,2.25,2.25
2012.03.07 11:41:16.981,0.75088,0.75116,3.00,2.25
2012.03.07 11:41:17.106,0.75088,0.75118,3.00,2.25
2012.03.07 11:41:17.391,0.7509,0.7512,3.00,2.25
2012.03.07 11:41:17.457,0.75092,0.75122,2.25,2.25
2012.03.07 11:41:18.110,0.7509,0.7512,3.00,2.25
2012.03.07 11:41:18.322,0.75092,0.7512,2.25,2.25
2012.03.07 11:41:19.592,0.75089,0.75119,3.00,2.25
2012.03.07 11:41:21.806,0.75089,0.75117,3.00,2.25
2012.03.07 11:41:22.262,0.75086,0.75116,3.00,2.25
2012.03.07 11:41:22.428,0.75088,0.75116,2.25,2.25
2012.03.07 11:41:22.971,0.75087,0.75115,2.25,2.25
2012.03.07 11:41:23.283,0.75087,0.75111,1.13,2.25
2012.03.07 11:41:23.684,0.75091,0.75121,3.00,2.25
2012.03.07 11:41:28.647,0.75091,0.75121,3.00,2.25
2012.03.07 11:41:28.845,0.75095,0.75123,3.00,2.25
2012.03.07 11:41:30.353,0.75095,0.75123,2.25,2.25
2012.03.07 11:41:31.212,0.75093,0.75117,2.25,2.25
2012.03.07 11:41:31.364,0.75095,0.75123,2.25,2.25
2012.03.07 11:41:31.504,0.75092,0.75116,2.25,2.25
2012.03.07 11:41:31.966,0.75085,0.75113,3.00,2.25
2012.03.07 11:41:32.355,0.75085,0.75115,3.00,2.25
2012.03.07 11:41:36.611,0.75084,0.75112,3.00,2.25
2012.03.07 11:41:36.915,0.75082,0.7511,3.00,2.25
2012.03.07 11:41:37.803,0.75087,0.75114,3.00,2.25
2012.03.07 11:41:37.935,0.75087,0.75117,3.00,2.63
2012.03.07 11:41:38.132,0.75085,0.75111,2.25,2.25
2012.03.07 11:41:38.445,0.75078,0.75108,2.25,2.25
2012.03.07 11:41:38.571,0.75082,0.75112,2.25,2.25
2012.03.07 11:41:39.236,0.75086,0.75114,3.00,2.85
2012.03.07 11:41:39.312,0.7508,0.75114,1.13,2.85
2012.03.07 11:41:39.508,0.75079,0.75114,2.63,3.60
2012.03.07 11:41:39.600,0.75079,0.75114,3.38,2.85
2012.03.07 11:41:39.977,0.75079,0.75114,3.00,3.98
2012.03.07 11:41:40.688,0.75077,0.75107,3.00,2.25
2012.03.07 11:41:40.756,0.75077,0.75107,3.00,2.25
2012.03.07 11:41:40.823,0.75076,0.75104,3.00,2.25
2012.03.07 11:41:41.243,0.75073,0.75101,3.00,2.25
2012.03.07 11:41:41.317,0.75074,0.75104,3.00,2.25
2012.03.07 11:41:41.380,0.75077,0.75107,3.00,2.25
2012.03.07 11:41:41.732,0.75077,0.75107,3.00,2.25
2012.03.07 11:41:42.340,0.75077,0.75107,3.00,2.25
2012.03.07 11:41:44.186,0.75075,0.75105,3.00,2.25
2012.03.07 11:41:44.517,0.75076,0.75103,3.00,2.25
2012.03.07 11:41:45.611,0.75073,0.75101,3.00,2.25
2012.03.07 11:41:45.812,0.7508,0.75104,3.00,2.25
2012.03.07 11:41:46.769,0.75083,0.75109,2.25,2.25
2012.03.07 11:41:47.190,0.75083,0.75107,2.25,2.25
2012.03.07 11:41:51.584,0.75083,0.75109,2.25,2.25
2012.03.07 11:41:55.818,0.75081,0.75105,3.00,2.25
2012.03.07 11:41:55.995,0.75079,0.75105,2.25,2.25
2012.03.07 11:41:56.104,0.75079,0.75105,3.00,2.25
2012.03.07 11:41:56.927,0.75079,0.75105,3.00,2.25
2012.03.07 11:41:56.992,0.75079,0.75105,3.00,2.25
2012.03.07 11:41:57.316,0.75079,0.75105,3.00,2.25
2012.03.07 11:41:57.811,0.75081,0.75111,3.00,2.25
2012.03.07 11:41:58.085,0.75085,0.75114,3.00,2.85
2012.03.07 11:42:06.272,0.75087,0.75115,3.00,2.25
2012.03.07 11:42:07.044,0.75085,0.75114,3.00,2.25
2012.03.07 11:42:07.912,0.75084,0.75114,2.25,3.00
2012.03.07 11:42:08.040,0.75082,0.75107,3.00,2.25
2012.03.07 11:42:08.825,0.75082,0.75108,2.25,3.00
2012.03.07 11:42:09.153,0.75079,0.75103,2.25,2.25
2012.03.07 11:42:09.480,0.75076,0.751,2.25,2.25
2012.03.07 11:42:09.902,0.75073,0.75099,2.25,2.25
2012.03.07 11:42:10.802,0.75073,0.75099,3.00,2.25
2012.03.07 11:42:11.605,0.75073,0.75099,3.00,2.25
2012.03.07 11:42:11.670,0.75078,0.75103,3.00,2.25
2012.03.07 11:42:11.871,0.75078,0.75103,2.25,2.25
2012.03.07 11:42:11.931,0.75076,0.75106,3.00,2.25
2012.03.07 11:42:13.412,0.75076,0.75105,3.00,2.25
2012.03.07 11:42:13.945,0.75076,0.75104,3.00,2.25
2012.03.07 11:42:15.234,0.75076,0.75104,3.00,2.25
2012.03.07 11:42:15.493,0.75076,0.75106,3.00,2.25
2012.03.07 11:42:16.006,0.75077,0.75107,3.00,2.25
2012.03.07 11:42:16.671,0.75081,0.75111,2.25,3.00
2012.03.07 11:42:17.224,0.7508,0.7511,2.25,3.00
2012.03.07 11:42:17.840,0.75079,0.75107,2.25,2.25
2012.03.07 11:42:17.934,0.75079,0.75107,3.00,2.25
2012.03.07 11:42:18.384,0.75079,0.75109,3.00,2.25
2012.03.07 11:42:20.372,0.7508,0.75108,3.00,2.25
2012.03.07 11:42:21.469,0.7508,0.75108,2.25,3.00
2012.03.07 11:42:22.686,0.75079,0.75107,2.25,2.25
2012.03.07 11:42:23.949,0.75076,0.75106,3.00,2.25
2012.03.07 11:42:24.352,0.75078,0.75108,2.25,3.00
2012.03.07 11:42:24.422,0.75077,0.75105,3.00,2.25
2012.03.07 11:42:24.774,0.75077,0.75107,3.00,2.25
2012.03.07 11:42:26.113,0.75077,0.75107,3.00,2.25
2012.03.07 11:42:27.951,0.75077,0.75107,3.00,2.25
2012.03.07 11:42:32.939,0.75076,0.75106,3.00,2.25
2012.03.07 11:42:33.651,0.75078,0.75106,3.00,2.25
2012.03.07 11:42:35.753,0.75078,0.75106,2.25,2.25
2012.03.07 11:42:37.543,0.75075,0.75105,3.38,2.25
2012.03.07 11:42:37.731,0.75075,0.75105,3.38,2.25
2012.03.07 11:42:38.435,0.75077,0.75104,3.00,2.25
2012.03.07 11:42:39.660,0.75077,0.75104,3.00,2.25
2012.03.07 11:42:41.683,0.75077,0.75104,3.00,2.25
2012.03.07 11:42:42.722,0.75075,0.75105,3.38,2.25
2012.03.07 11:42:46.414,0.75075,0.75105,3.38,2.25
2012.03.07 11:42:48.178,0.75075,0.75105,3.38,2.25
2012.03.07 11:42:50.583,0.75075,0.75103,3.00,2.25
2012.03.07 11:42:51.031,0.75075,0.75103,3.00,2.25
2012.03.07 11:42:51.095,0.75081,0.75105,3.00,2.25
2012.03.07 11:42:51.254,0.75081,0.75105,3.00,2.25
2012.03.07 11:42:53.410,0.75077,0.75103,3.00,2.25
2012.03.07 11:43:02.020,0.75082,0.75108,2.25,2.25
2012.03.07 11:43:02.533,0.75082,0.75106,2.25,2.25
2012.03.07 11:43:02.634,0.75081,0.75108,3.00,2.25
2012.03.07 11:43:03.403,0.75083,0.75109,2.25,2.25
2012.03.07 11:43:03.757,0.75083,0.75109,3.00,2.25
2012.03.07 11:43:06.443,0.75085,0.75109,2.25,2.25
2012.03.07 11:43:06.618,0.75081,0.75108,3.00,2.25
2012.03.07 11:43:07.392,0.75083,0.75107,2.25,2.25
2012.03.07 11:43:08.092,0.75083,0.75107,3.00,2.25
2012.03.07 11:43:09.453,0.75085,0.75109,3.00,2.25
2012.03.07 11:43:11.530,0.75085,0.75109,2.25,2.25
2012.03.07 11:43:11.705,0.75082,0.75108,2.25,2.25
2012.03.07 11:43:13.683,0.75083,0.75109,2.25,2.25
2012.03.07 11:43:13.751,0.75083,0.75109,3.00,2.25
2012.03.07 11:43:16.931,0.75085,0.75109,2.25,2.25
2012.03.07 11:43:18.639,0.75082,0.75108,2.25,2.25
2012.03.07 11:43:19.659,0.75081,0.75108,3.00,2.25
2012.03.07 11:43:25.122,0.75081,0.75108,3.00,2.25
2012.03.07 11:43:25.416,0.75083,0.75109,2.25,2.25
2012.03.07 11:43:25.674,0.7508,0.75107,1.13,2.25
2012.03.07 11:43:30.952,0.75079,0.75107,2.25,2.25
2012.03.07 11:43:31.390,0.75075,0.75105,3.00,2.25
2012.03.07 11:43:31.451,0.75076,0.75106,3.00,2.25
2012.03.07 11:43:32.393,0.75076,0.75106,3.00,2.25
2012.03.07 11:43:35.170,0.75076,0.75104,3.00,2.25
2012.03.07 11:43:36.513,0.75077,0.75105,2.25,2.25
2012.03.07 11:43:37.175,0.75075,0.75105,3.00,2.25
2012.03.07 11:43:41.071,0.75075,0.75105,3.38,2.25
2012.03.07 11:43:41.523,0.75077,0.75105,3.00,2.25
2012.03.07 11:43:42.232,0.75077,0.75107,3.00,2.25
2012.03.07 11:43:46.045,0.75077,0.75107,3.00,2.25
2012.03.07 11:43:46.586,0.75076,0.75106,3.00,2.25
2012.03.07 11:43:47.389,0.75073,0.75099,3.00,2.25
2012.03.07 11:43:50.131,0.75074,0.751,3.00,2.25
2012.03.07 11:43:51.281,0.75074,0.75098,3.00,2.25
2012.03.07 11:43:52.187,0.75074,0.75098,2.25,2.25
2012.03.07 11:43:56.318,0.75074,0.75098,3.00,2.25
2012.03.07 11:43:57.975,0.75075,0.75099,3.00,2.25
2012.03.07 11:43:58.041,0.75075,0.75099,2.25,2.25
2012.03.07 11:43:58.101,0.75069,0.75095,3.00,2.25
2012.03.07 11:43:58.481,0.75071,0.75094,1.13,2.25
2012.03.07 11:43:58.540,0.75071,0.75094,1.13,2.25
2012.03.07 11:44:10.121,0.7507,0.75096,3.00,2.25
2012.03.07 11:44:20.467,0.7507,0.75096,3.00,2.25
2012.03.07 11:44:21.234,0.7507,0.75096,3.00,2.25
2012.03.07 11:44:35.091,0.75071,0.75097,3.00,2.25
2012.03.07 11:44:40.599,0.75073,0.75097,3.00,2.25
2012.03.07 11:44:41.917,0.75073,0.75097,2.25,2.25
2012.03.07 11:44:42.197,0.75073,0.75097,3.00,2.25
2012.03.07 11:44:42.873,0.75072,0.75096,3.00,2.25
2012.03.07 11:44:42.945,0.75076,0.751,3.00,2.25
2012.03.07 11:44:47.412,0.75076,0.75101,3.00,2.25
2012.03.07 11:44:48.782,0.75076,0.75101,3.00,2.25
2012.03.07 11:44:49.391,0.75076,0.75101,3.00,2.25
2012.03.07 11:44:50.072,0.75072,0.75096,3.00,2.25
2012.03.07 11:44:50.713,0.75075,0.75102,3.00,2.25
2012.03.07 11:44:50.841,0.75072,0.75096,3.00,2.25
2012.03.07 11:44:51.079,0.75073,0.75097,2.25,2.25
2012.03.07 11:44:51.719,0.75072,0.75096,3.00,2.25
2012.03.07 11:44:51.909,0.75072,0.75096,3.00,2.25
2012.03.07 11:44:52.032,0.75072,0.75096,2.25,2.25
2012.03.07 11:44:53.070,0.75072,0.75096,3.00,2.25
2012.03.07 11:44:55.546,0.75072,0.75098,3.00,2.25
2012.03.07 11:44:57.572,0.75077,0.75101,3.00,2.25
2012.03.07 11:44:57.707,0.75079,0.75103,3.00,2.25
2012.03.07 11:44:57.772,0.75078,0.75102,2.25,2.25
2012.03.07 11:44:58.419,0.75073,0.75097,3.00,2.25
2012.03.07 11:44:59.190,0.75073,0.75097,2.25,2.25
2012.03.07 11:44:59.311,0.75078,0.75104,2.25,3.00
2012.03.07 11:44:59.430,0.75071,0.75097,3.00,2.25
2012.03.07 11:44:59.746,0.75077,0.75101,2.25,2.25
2012.03.07 11:45:02.574,0.75078,0.75102,2.25,2.25
2012.03.07 11:45:04.126,0.75076,0.751,2.25,2.25
2012.03.07 11:45:04.675,0.75073,0.75099,2.25,2.25
2012.03.07 11:45:05.543,0.75073,0.75099,3.00,2.25
2012.03.07 11:45:05.659,0.75076,0.75102,3.00,2.25
2012.03.07 11:45:07.921,0.75077,0.75102,2.25,3.00
2012.03.07 11:45:08.351,0.75067,0.75093,2.25,2.25
2012.03.07 11:45:14.090,0.75067,0.75093,3.00,2.25
2012.03.07 11:45:14.417,0.75067,0.75093,3.00,2.25
2012.03.07 11:45:16.174,0.75068,0.75094,2.25,2.25
2012.03.07 11:45:21.597,0.75064,0.75088,2.63,2.25
2012.03.07 11:45:21.832,0.75066,0.75092,2.25,2.25
2012.03.07 11:45:23.433,0.75066,0.75092,3.00,2.25
2012.03.07 11:45:25.951,0.75064,0.7509,3.00,2.25
2012.03.07 11:45:26.061,0.75066,0.75092,3.00,2.25
2012.03.07 11:45:28.372,0.75066,0.7509,3.00,2.25
2012.03.07 11:45:34.324,0.75066,0.75092,3.00,2.25
2012.03.07 11:45:36.858,0.75066,0.75092,3.00,2.25
2012.03.07 11:45:36.940,0.75065,0.75089,3.00,2.25
2012.03.07 11:45:37.191,0.75066,0.75093,2.25,2.25
2012.03.07 11:45:38.179,0.75066,0.75093,3.00,2.25
2012.03.07 11:45:39.780,0.75066,0.75092,3.00,2.25
2012.03.07 11:45:40.261,0.75066,0.75092,3.00,2.25
2012.03.07 11:45:41.208,0.75066,0.75092,3.00,2.25
2012.03.07 11:45:41.423,0.75066,0.75092,2.25,2.25
2012.03.07 11:45:42.127,0.75067,0.75092,2.25,2.25
2012.03.07 11:45:47.751,0.75067,0.75092,3.00,2.25
2012.03.07 11:45:47.964,0.75066,0.75092,3.00,2.25
2012.03.07 11:45:48.182,0.75066,0.75092,3.00,2.25
2012.03.07 11:45:49.173,0.75066,0.75092,3.00,2.25
2012.03.07 11:45:50.113,0.75061,0.75087,3.00,2.25
2012.03.07 11:45:50.313,0.75066,0.75092,3.00,2.25
2012.03.07 11:45:50.442,0.75063,0.75089,2.25,2.25
2012.03.07 11:45:50.782,0.7506,0.75086,3.00,2.25
2012.03.07 11:45:51.083,0.75063,0.75089,3.00,2.25
2012.03.07 11:45:51.219,0.75063,0.75089,3.00,2.25
2012.03.07 11:45:51.343,0.75071,0.75099,2.25,2.85
2012.03.07 11:45:51.934,0.75068,0.75098,3.00,2.25
2012.03.07 11:45:52.490,0.7507,0.75098,2.25,2.25
2012.03.07 11:45:53.016,0.7507,0.75098,3.00,2.25
2012.03.07 11:45:54.373,0.75071,0.75099,3.00,2.85
2012.03.07 11:45:54.705,0.75068,0.75097,3.00,2.25
2012.03.07 11:45:55.992,0.75068,0.75097,3.00,2.25
2012.03.07 11:45:56.311,0.75068,0.75097,3.00,2.25
2012.03.07 11:45:57.177,0.75068,0.75098,3.00,2.25
2012.03.07 11:45:57.491,0.75068,0.75087,1.13,2.25
2012.03.07 11:45:57.572,0.7507,0.75098,3.00,2.25
2012.03.07 11:45:59.108,0.7507,0.75098,3.00,2.25
2012.03.07 11:45:59.394,0.7507,0.75098,3.00,2.25
2012.03.07 11:46:01.682,0.7507,0.751,3.00,2.25
2012.03.07 11:46:02.129,0.7507,0.75098,3.00,2.25
2012.03.07 11:46:04.660,0.7507,0.751,3.00,2.25
2012.03.07 11:46:05.307,0.75069,0.75099,3.00,2.25
2012.03.07 11:46:05.950,0.7507,0.75098,3.00,2.25
2012.03.07 11:46:07.732,0.75071,0.75099,3.00,2.25
2012.03.07 11:46:08.701,0.7507,0.751,3.00,2.25
2012.03.07 11:46:09.597,0.7507,0.75098,3.00,2.25
2012.03.07 11:46:09.933,0.7507,0.751,3.00,2.25
2012.03.07 11:46:10.265,0.7507,0.75098,3.00,2.25
2012.03.07 11:46:11.088,0.75071,0.75099,3.00,2.25
2012.03.07 11:46:11.778,0.7507,0.75098,3.00,2.25
2012.03.07 11:46:12.572,0.75071,0.75099,3.00,2.25
2012.03.07 11:46:16.446,0.75073,0.75101,3.00,2.25
2012.03.07 11:46:18.050,0.75074,0.75103,3.00,2.25
2012.03.07 11:46:20.571,0.75074,0.75102,3.00,2.25
2012.03.07 11:46:28.356,0.75066,0.75109,1.73,1.13
2012.03.07 11:46:28.462,0.75073,0.75101,3.00,2.25
2012.03.07 11:46:31.412,0.75072,0.751,3.00,2.25
2012.03.07 11:46:31.782,0.75072,0.751,2.25,2.25
2012.03.07 11:46:33.982,0.75072,0.751,3.00,2.25
2012.03.07 11:46:34.512,0.75073,0.75101,3.00,2.25
2012.03.07 11:46:39.261,0.75071,0.75101,3.00,2.25
2012.03.07 11:46:41.903,0.75071,0.75101,3.00,2.25
2012.03.07 11:46:42.745,0.75074,0.75102,3.00,2.25
2012.03.07 11:46:51.693,0.75073,0.75101,3.00,2.25
2012.03.07 11:46:52.984,0.75074,0.75102,3.00,2.25
2012.03.07 11:46:56.693,0.75075,0.75105,2.25,3.00
2012.03.07 11:46:57.090,0.75072,0.75098,3.00,2.25
2012.03.07 11:46:57.446,0.75076,0.75104,2.25,3.00
2012.03.07 11:46:57.572,0.75073,0.75097,3.00,2.25
2012.03.07 11:46:57.764,0.75073,0.75099,3.00,2.25
2012.03.07 11:46:59.843,0.75074,0.751,3.00,2.25
2012.03.07 11:47:01.684,0.75074,0.751,2.25,2.25
2012.03.07 11:47:01.803,0.75074,0.751,3.00,2.25
2012.03.07 11:47:01.924,0.75074,0.751,2.25,2.25
2012.03.07 11:47:02.463,0.75074,0.75101,3.00,2.25
2012.03.07 11:47:03.357,0.75074,0.751,3.00,2.25
2012.03.07 11:47:05.005,0.75074,0.751,3.00,2.25
2012.03.07 11:47:06.470,0.75074,0.751,3.00,2.25
2012.03.07 11:47:06.650,0.75069,0.75095,3.00,2.25
2012.03.07 11:47:09.735,0.75069,0.75095,3.00,2.25
2012.03.07 11:47:13.946,0.75071,0.75095,3.00,2.25
2012.03.07 11:47:14.282,0.75068,0.75109,1.73,1.73
2012.03.07 11:47:15.471,0.75068,0.75104,1.35,1.13
2012.03.07 11:47:15.882,0.75071,0.75097,3.00,2.25
2012.03.07 11:47:16.384,0.75072,0.75098,3.00,2.25
2012.03.07 11:47:17.364,0.75075,0.75101,3.00,2.25
2012.03.07 11:47:17.932,0.75073,0.75099,3.00,2.25
2012.03.07 11:47:18.111,0.75072,0.75096,2.25,2.25
2012.03.07 11:47:19.181,0.75072,0.75096,3.00,2.25
2012.03.07 11:47:19.820,0.75072,0.75098,3.00,2.25
2012.03.07 11:47:29.157,0.75072,0.75098,2.25,2.25
2012.03.07 11:47:29.625,0.75069,0.75109,1.13,1.35
2012.03.07 11:47:30.141,0.75068,0.75109,1.35,1.73
2012.03.07 11:47:30.207,0.7507,0.75109,1.13,1.73
2012.03.07 11:47:30.439,0.75068,0.75109,1.35,1.73
2012.03.07 11:47:30.913,0.75069,0.75108,1.13,2.48
2012.03.07 11:47:31.514,0.75069,0.75104,1.13,1.35
2012.03.07 11:47:31.580,0.75069,0.75108,1.13,2.48
2012.03.07 11:47:31.723,0.75069,0.75103,1.13,1.35
2012.03.07 11:47:32.395,0.7507,0.75108,1.13,2.48
2012.03.07 11:47:32.472,0.7507,0.75109,1.13,1.73
2012.03.07 11:47:33.338,0.75073,0.75112,1.13,2.48
2012.03.07 11:47:33.776,0.75075,0.75102,3.00,2.25
2012.03.07 11:47:35.382,0.75075,0.75102,3.00,2.25
2012.03.07 11:47:36.542,0.75077,0.75103,3.00,2.25
2012.03.07 11:47:38.989,0.75076,0.75102,3.00,2.25
2012.03.07 11:47:39.140,0.75076,0.75102,3.00,2.25
2012.03.07 11:47:39.261,0.75076,0.75102,3.00,2.25
2012.03.07 11:47:39.692,0.75076,0.75102,3.00,2.25
2012.03.07 11:47:42.759,0.75076,0.751,3.00,2.25
2012.03.07 11:47:46.681,0.75076,0.75102,3.00,2.25
2012.03.07 11:47:47.232,0.75075,0.75102,3.00,2.25
2012.03.07 11:47:47.608,0.75075,0.75102,3.00,2.25
2012.03.07 11:47:49.662,0.75077,0.75101,3.00,2.25
2012.03.07 11:47:49.729,0.75077,0.75101,3.00,2.25
2012.03.07 11:47:50.203,0.75077,0.75101,3.00,2.25
2012.03.07 11:47:51.649,0.75078,0.75102,3.00,2.25
2012.03.07 11:47:53.941,0.75078,0.75102,2.25,2.25
2012.03.07 11:47:54.839,0.75069,0.75093,3.00,2.25
2012.03.07 11:47:55.043,0.75073,0.75098,3.00,2.25
2012.03.07 11:48:06.616,0.75073,0.75097,3.00,2.25
2012.03.07 11:48:09.954,0.75072,0.75099,3.00,2.25
2012.03.07 11:48:10.300,0.75068,0.75108,1.73,1.13
2012.03.07 11:48:10.943,0.7507,0.7511,1.13,1.35
2012.03.07 11:48:11.584,0.75077,0.75104,2.25,2.25
2012.03.07 11:48:11.942,0.75078,0.75102,2.25,2.25
2012.03.07 11:48:12.071,0.7509,0.75117,2.25,2.25
2012.03.07 11:48:14.180,0.7509,0.75118,3.00,2.85
2012.03.07 11:48:15.972,0.75092,0.7512,1.13,2.25
2012.03.07 11:48:16.130,0.75101,0.75127,2.25,2.25
2012.03.07 11:48:16.190,0.75101,0.75124,2.25,1.35
2012.03.07 11:48:16.370,0.75092,0.75119,3.00,2.25
2012.03.07 11:48:18.742,0.7509,0.7512,3.00,2.25
2012.03.07 11:48:20.504,0.75088,0.75118,3.00,2.25
2012.03.07 11:48:21.884,0.75088,0.75118,3.00,2.25
2012.03.07 11:48:22.010,0.75092,0.75118,1.13,2.25
2012.03.07 11:48:22.182,0.75101,0.75124,2.25,1.13
2012.03.07 11:48:22.525,0.7509,0.75118,3.00,2.25
2012.03.07 11:48:23.637,0.7509,0.7512,3.00,2.25
2012.03.07 11:48:24.189,0.75089,0.75117,3.00,2.25
2012.03.07 11:48:24.649,0.7509,0.75118,3.00,2.25
2012.03.07 11:48:24.790,0.75088,0.75116,3.00,2.25
2012.03.07 11:48:24.860,0.75088,0.75116,2.25,2.25
2012.03.07 11:48:24.948,0.75089,0.75119,2.25,3.00
2012.03.07 11:48:25.164,0.75089,0.75119,2.63,3.00
2012.03.07 11:48:25.694,0.75099,0.75125,2.25,2.25
2012.03.07 11:48:26.282,0.75089,0.75116,1.13,2.25
2012.03.07 11:48:27.112,0.75089,0.75115,2.25,2.25
2012.03.07 11:48:27.258,0.75091,0.75115,2.25,2.25
2012.03.07 11:48:28.116,0.75094,0.7512,2.25,2.25
2012.03.07 11:48:28.201,0.75096,0.75122,2.25,2.25
2012.03.07 11:48:28.568,0.75094,0.7512,2.25,2.25
2012.03.07 11:48:29.050,0.75094,0.75118,2.25,2.25
2012.03.07 11:48:30.263,0.75094,0.75118,3.00,2.25
2012.03.07 11:48:30.558,0.75098,0.75123,2.25,2.25
2012.03.07 11:48:30.776,0.75096,0.75122,2.25,2.25
2012.03.07 11:48:31.653,0.75096,0.7512,2.25,2.25
2012.03.07 11:48:35.482,0.75097,0.75121,2.25,2.25
2012.03.07 11:48:36.194,0.75098,0.75122,2.25,2.25
2012.03.07 11:48:37.958,0.75091,0.75129,1.13,1.35
2012.03.07 11:48:38.175,0.75091,0.75126,1.13,1.35
2012.03.07 11:48:38.239,0.75091,0.75128,1.13,1.35
2012.03.07 11:48:38.435,0.75091,0.75126,1.13,1.35
2012.03.07 11:48:39.173,0.7509,0.75129,1.13,1.73
2012.03.07 11:48:39.722,0.7509,0.75126,1.13,1.35
2012.03.07 11:48:40.002,0.7509,0.75129,1.13,1.73
2012.03.07 11:48:40.163,0.7509,0.75126,1.13,1.35
2012.03.07 11:48:40.672,0.75091,0.75129,1.13,1.35
2012.03.07 11:48:40.729,0.75091,0.75126,1.13,1.35
2012.03.07 11:48:43.154,0.75091,0.75121,1.13,2.10
2012.03.07 11:48:43.279,0.75078,0.75118,1.13,1.35
2012.03.07 11:48:43.346,0.75083,0.75107,3.00,2.25
2012.03.07 11:48:43.734,0.75083,0.75107,3.00,2.25
2012.03.07 11:48:43.800,0.75087,0.75113,3.00,2.25
2012.03.07 11:48:44.041,0.7509,0.7512,3.00,2.25
2012.03.07 11:48:46.103,0.7509,0.7512,2.25,3.00
2012.03.07 11:48:46.539,0.75083,0.75122,1.13,1.13
2012.03.07 11:48:49.062,0.75083,0.75123,1.13,1.13
2012.03.07 11:48:50.495,0.75088,0.75113,3.00,2.25
2012.03.07 11:48:51.153,0.75088,0.75113,3.00,2.25
2012.03.07 11:48:51.280,0.75101,0.75127,2.25,2.25
2012.03.07 11:48:51.914,0.75101,0.75127,2.25,2.63
2012.03.07 11:48:52.144,0.75091,0.7512,3.00,2.25
2012.03.07 11:48:53.253,0.75091,0.7512,3.00,2.25
2012.03.07 11:48:53.320,0.7509,0.7512,3.00,2.25
2012.03.07 11:48:54.487,0.7509,0.75118,3.00,2.25
2012.03.07 11:48:54.956,0.7509,0.75118,3.00,2.25
2012.03.07 11:49:07.897,0.75095,0.75121,2.25,2.25
2012.03.07 11:49:08.424,0.75095,0.75121,3.00,2.25
2012.03.07 11:49:18.352,0.75095,0.75121,3.00,3.23
2012.03.07 11:49:18.694,0.7509,0.75114,3.00,2.25
2012.03.07 11:49:21.477,0.75089,0.75114,2.25,2.25
2012.03.07 11:49:21.856,0.75089,0.75114,3.00,2.25
2012.03.07 11:49:21.918,0.75085,0.75123,1.13,1.35
2012.03.07 11:49:22.592,0.75085,0.75124,1.13,3.23
2012.03.07 11:49:22.721,0.75087,0.7512,1.13,1.35
2012.03.07 11:49:23.181,0.75088,0.75124,1.13,2.85
2012.03.07 11:49:23.652,0.75093,0.75118,2.25,2.25
2012.03.07 11:49:24.999,0.75094,0.75118,2.25,2.25
2012.03.07 11:49:26.047,0.75092,0.75119,2.25,3.00
2012.03.07 11:49:26.885,0.75092,0.75119,2.25,2.25
2012.03.07 11:49:27.488,0.75096,0.75122,2.25,2.85
2012.03.07 11:49:29.636,0.75096,0.7512,2.25,3.00
2012.03.07 11:49:29.762,0.75089,0.75119,2.25,3.00
2012.03.07 11:49:30.299,0.75089,0.75119,3.00,2.25
2012.03.07 11:49:36.394,0.75095,0.75119,3.00,2.25
2012.03.07 11:49:52.834,0.75088,0.75118,3.00,2.25
2012.03.07 11:49:53.771,0.75095,0.75119,3.00,2.25
2012.03.07 11:49:54.785,0.75095,0.75119,2.25,2.25
2012.03.07 11:49:54.850,0.75089,0.75117,3.00,2.25
2012.03.07 11:50:03.613,0.75087,0.75116,1.35,2.25
2012.03.07 11:50:07.622,0.75087,0.75117,3.00,2.25
2012.03.07 11:50:08.919,0.75087,0.75117,2.25,2.25
2012.03.07 11:50:09.161,0.75084,0.7511,3.00,2.25
2012.03.07 11:50:14.966,0.75086,0.7511,3.00,2.25
2012.03.07 11:50:15.370,0.75086,0.75124,1.13,1.73
2012.03.07 11:50:15.813,0.75088,0.75112,3.00,2.25
2012.03.07 11:50:16.107,0.7509,0.75114,3.00,2.25
2012.03.07 11:50:16.525,0.75088,0.75112,3.00,2.25
2012.03.07 11:50:16.712,0.75088,0.75114,3.00,2.25
2012.03.07 11:50:16.887,0.75086,0.75112,3.00,2.25
2012.03.07 11:50:17.014,0.75095,0.75119,2.25,2.25
2012.03.07 11:50:18.226,0.75092,0.75116,2.25,2.25
2012.03.07 11:50:19.563,0.7509,0.75116,3.00,2.25
2012.03.07 11:50:21.311,0.75091,0.75116,3.00,2.25
2012.03.07 11:50:21.689,0.75091,0.75116,3.00,2.25
2012.03.07 11:50:22.326,0.75089,0.75113,3.00,2.25
2012.03.07 11:50:22.431,0.75091,0.75116,3.00,2.25
2012.03.07 11:50:22.976,0.75089,0.75115,3.00,2.25
2012.03.07 11:50:23.748,0.75088,0.75114,3.00,2.25
2012.03.07 11:50:25.062,0.75086,0.75112,3.00,2.25
2012.03.07 11:50:28.180,0.75085,0.75111,3.00,2.25
2012.03.07 11:50:31.137,0.75084,0.7511,3.00,2.25
2012.03.07 11:50:31.199,0.75084,0.7511,3.00,2.25
2012.03.07 11:50:31.968,0.75086,0.75111,3.00,2.25
2012.03.07 11:50:32.526,0.75088,0.75112,3.00,2.25
2012.03.07 11:50:34.746,0.75085,0.75109,3.00,2.25
2012.03.07 11:50:34.817,0.75091,0.75115,3.00,2.25
2012.03.07 11:50:34.945,0.75091,0.75115,3.00,2.25
2012.03.07 11:50:35.027,0.75084,0.75123,1.13,1.13
2012.03.07 11:50:36.433,0.75087,0.75124,1.13,1.35
2012.03.07 11:50:36.995,0.75093,0.75117,2.25,2.25
2012.03.07 11:50:41.945,0.75092,0.75116,2.25,2.25
2012.03.07 11:50:48.348,0.75093,0.75117,2.25,2.25
2012.03.07 11:51:00.063,0.7509,0.75116,2.25,2.25
2012.03.07 11:51:00.130,0.75088,0.75112,2.63,2.25
2012.03.07 11:51:00.353,0.75087,0.75114,2.63,2.25
2012.03.07 11:51:00.666,0.7509,0.75116,2.25,2.25
2012.03.07 11:51:02.594,0.75089,0.75115,2.25,2.25
2012.03.07 11:51:03.136,0.75091,0.75115,2.25,2.25
2012.03.07 11:51:03.665,0.75091,0.75117,2.25,2.25
2012.03.07 11:51:04.224,0.75092,0.75116,2.25,2.25
2012.03.07 11:51:04.781,0.75091,0.75115,2.25,2.25
2012.03.07 11:51:05.475,0.75093,0.75117,2.25,2.25
2012.03.07 11:51:07.126,0.75093,0.75117,2.63,2.25
2012.03.07 11:51:07.213,0.75096,0.75122,2.25,2.25
2012.03.07 11:51:07.746,0.75098,0.75122,2.63,2.25
2012.03.07 11:51:08.844,0.75098,0.75122,2.63,3.00
2012.03.07 11:51:09.185,0.75098,0.75122,2.25,2.25
2012.03.07 11:51:09.446,0.75098,0.75122,2.25,3.00
2012.03.07 11:51:10.288,0.75097,0.75123,2.25,3.00
2012.03.07 11:51:10.382,0.75095,0.75121,2.63,3.00
2012.03.07 11:51:10.602,0.75095,0.75121,2.63,2.25
2012.03.07 11:51:11.176,0.75096,0.75122,2.25,2.25
2012.03.07 11:51:11.245,0.75096,0.75122,2.63,2.25
2012.03.07 11:51:11.803,0.75101,0.75126,2.25,3.00
2012.03.07 11:51:11.888,0.75098,0.75124,2.63,3.00
2012.03.07 11:51:11.959,0.75098,0.75124,2.63,3.00
2012.03.07 11:51:12.220,0.75096,0.75123,2.63,3.00
2012.03.07 11:51:12.864,0.75096,0.75123,2.63,3.00
2012.03.07 11:51:12.963,0.75096,0.75123,2.63,3.00
2012.03.07 11:51:13.843,0.75096,0.75123,2.63,3.00
2012.03.07 11:51:13.909,0.75096,0.75123,2.63,3.00
2012.03.07 11:51:14.922,0.75097,0.75123,2.25,3.00
2012.03.07 11:51:15.057,0.75092,0.7512,2.63,3.00
2012.03.07 11:51:15.179,0.75092,0.7512,2.63,3.00
2012.03.07 11:51:15.935,0.75098,0.75122,2.25,2.25
2012.03.07 11:51:16.323,0.75098,0.75122,2.25,3.00
2012.03.07 11:51:16.679,0.7508,0.75106,3.38,2.25
2012.03.07 11:51:17.803,0.7508,0.75107,3.00,2.25
2012.03.07 11:51:19.031,0.75082,0.75107,1.13,2.25
2012.03.07 11:51:19.485,0.75083,0.75107,3.00,2.25
2012.03.07 11:51:19.609,0.75083,0.75109,3.00,2.25
2012.03.07 11:51:20.125,0.75083,0.75107,3.00,2.25
2012.03.07 11:51:20.996,0.75083,0.75109,3.00,2.25
2012.03.07 11:51:22.212,0.75083,0.75107,3.00,2.25
2012.03.07 11:51:23.460,0.75083,0.75107,2.25,2.25
2012.03.07 11:51:24.514,0.75085,0.75109,2.25,2.25
2012.03.07 11:51:25.731,0.75085,0.75109,3.00,2.25
2012.03.07 11:51:25.973,0.75085,0.75109,2.25,2.25
2012.03.07 11:51:26.173,0.75085,0.75111,2.25,2.25
2012.03.07 11:51:27.115,0.75085,0.75111,3.00,2.25
2012.03.07 11:51:27.445,0.75085,0.75109,2.25,2.25
2012.03.07 11:51:28.002,0.75085,0.75109,3.00,2.25
2012.03.07 11:51:28.096,0.75085,0.75112,3.00,2.25
2012.03.07 11:51:28.302,0.75085,0.75109,3.00,2.25
2012.03.07 11:51:29.266,0.75086,0.7511,3.00,2.25
2012.03.07 11:51:31.211,0.75085,0.75112,3.00,2.25
2012.03.07 11:51:33.171,0.75086,0.75112,3.00,2.25
2012.03.07 11:51:33.680,0.75086,0.75112,2.25,2.25
2012.03.07 11:51:33.830,0.75082,0.75108,3.00,2.25
2012.03.07 11:51:34.605,0.75083,0.75108,2.25,2.25
2012.03.07 11:51:35.667,0.75083,0.75107,2.25,2.25
2012.03.07 11:51:49.031,0.7508,0.75106,2.25,2.25
2012.03.07 11:51:49.548,0.7508,0.75102,1.13,2.25
2012.03.07 11:51:49.662,0.75081,0.75106,3.00,2.25
2012.03.07 11:51:56.489,0.75081,0.75107,3.38,2.25
2012.03.07 11:51:56.552,0.75081,0.75107,3.38,2.25
2012.03.07 11:51:56.672,0.75084,0.7511,3.00,2.25
2012.03.07 11:51:57.223,0.75087,0.75111,2.25,2.25
2012.03.07 11:52:05.910,0.75086,0.7511,3.00,2.25
2012.03.07 11:52:08.253,0.75086,0.75111,3.00,2.25
2012.03.07 11:52:09.586,0.75085,0.75112,3.00,2.25
2012.03.07 11:52:15.536,0.75087,0.75111,2.25,2.25
2012.03.07 11:52:16.395,0.75085,0.75112,3.00,2.25
2012.03.07 11:52:16.960,0.75087,0.75111,2.25,2.25
2012.03.07 11:52:17.769,0.75088,0.75112,2.25,2.25
2012.03.07 11:52:17.836,0.75082,0.75109,2.25,2.25
2012.03.07 11:52:18.706,0.75081,0.75107,3.00,2.25
2012.03.07 11:52:20.953,0.75082,0.75107,1.13,2.25
2012.03.07 11:52:21.178,0.75081,0.75107,3.00,2.25
2012.03.07 11:52:21.240,0.75085,0.75112,2.25,2.25
2012.03.07 11:52:21.367,0.75081,0.75105,3.00,2.25
2012.03.07 11:52:21.567,0.7508,0.75106,2.63,2.25
2012.03.07 11:52:21.692,0.75081,0.75104,1.13,2.25
2012.03.07 11:52:21.867,0.75086,0.7511,2.25,2.25
2012.03.07 11:52:23.281,0.75086,0.7511,2.25,3.00
2012.03.07 11:52:23.341,0.75086,0.7511,2.25,2.25
2012.03.07 11:52:23.401,0.75078,0.75115,1.13,1.35
2012.03.07 11:52:23.792,0.75082,0.75118,1.13,1.35
2012.03.07 11:52:25.812,0.75082,0.75115,1.13,1.35
2012.03.07 11:52:27.963,0.75082,0.75119,1.13,1.35
2012.03.07 11:52:29.766,0.75085,0.75112,3.00,2.25
2012.03.07 11:52:32.099,0.75085,0.75112,2.25,2.25
2012.03.07 11:52:32.420,0.75083,0.75107,2.63,2.25
2012.03.07 11:52:33.054,0.75084,0.75108,2.25,2.25
2012.03.07 11:52:34.378,0.75084,0.75108,3.00,2.25
2012.03.07 11:52:36.580,0.75084,0.7511,3.00,2.25
2012.03.07 11:52:40.285,0.75084,0.7511,2.25,2.25
2012.03.07 11:52:40.404,0.75084,0.7511,3.00,2.25
2012.03.07 11:52:40.608,0.75082,0.75108,2.25,2.25
2012.03.07 11:52:41.224,0.75082,0.75108,3.00,2.25
2012.03.07 11:52:43.736,0.75082,0.75108,3.00,2.25
2012.03.07 11:52:43.916,0.75082,0.75108,3.00,2.25
2012.03.07 11:52:44.824,0.75083,0.75109,3.00,2.25
2012.03.07 11:52:45.069,0.75083,0.75107,3.00,2.25
2012.03.07 11:52:46.381,0.75083,0.75107,3.00,2.25
2012.03.07 11:52:46.713,0.75083,0.75107,3.00,2.25
2012.03.07 11:52:47.703,0.75083,0.75107,3.00,2.25
2012.03.07 11:52:47.830,0.75086,0.75114,3.38,2.25
2012.03.07 11:52:47.920,0.75086,0.75114,3.38,2.25
2012.03.07 11:52:51.049,0.75088,0.75116,2.25,2.25
2012.03.07 11:52:52.325,0.75087,0.75115,2.25,2.25
2012.03.07 11:52:53.072,0.75085,0.75115,3.00,2.25
2012.03.07 11:52:56.421,0.75085,0.75115,2.25,3.00
2012.03.07 11:52:57.222,0.75078,0.75103,3.00,2.25
2012.03.07 11:52:58.953,0.75084,0.75103,1.13,2.25
2012.03.07 11:52:59.467,0.75081,0.75103,1.73,2.25
2012.03.07 11:52:59.526,0.75085,0.75109,3.00,2.25
2012.03.07 11:52:59.597,0.75085,0.75109,3.00,2.25
2012.03.07 11:52:59.663,0.75089,0.75115,3.00,2.25
2012.03.07 11:52:59.734,0.75089,0.75115,2.25,2.25
2012.03.07 11:53:00.274,0.75088,0.75114,2.85,2.25
2012.03.07 11:53:00.410,0.75087,0.75112,1.35,2.25
2012.03.07 11:53:00.936,0.75089,0.75113,3.00,2.25
2012.03.07 11:53:01.124,0.75089,0.75113,2.25,2.25
2012.03.07 11:53:04.684,0.7509,0.75114,2.25,2.25
2012.03.07 11:53:05.473,0.75085,0.75109,2.25,2.25
2012.03.07 11:53:05.564,0.75084,0.75112,2.63,2.25
2012.03.07 11:53:06.465,0.75083,0.75111,3.00,2.25
2012.03.07 11:53:06.782,0.75082,0.75108,3.00,2.25
2012.03.07 11:53:06.901,0.75085,0.75111,3.00,2.25
2012.03.07 11:53:07.007,0.75084,0.75108,3.00,2.25
2012.03.07 11:53:08.230,0.75087,0.75112,3.00,2.25
2012.03.07 11:53:08.309,0.75091,0.75117,3.00,2.25
2012.03.07 11:53:08.382,0.75087,0.75113,1.13,2.25
2012.03.07 11:53:08.451,0.75086,0.75113,1.73,2.25
2012.03.07 11:53:08.714,0.7509,0.75116,2.25,2.25
2012.03.07 11:53:09.170,0.75086,0.75113,1.73,2.25
2012.03.07 11:53:09.231,0.75086,0.75113,1.35,2.25
2012.03.07 11:53:10.667,0.75086,0.75113,1.35,2.25
2012.03.07 11:53:10.853,0.75094,0.7512,2.25,2.25
2012.03.07 11:53:11.671,0.7509,0.75116,3.00,2.25
2012.03.07 11:53:12.247,0.75092,0.75117,2.25,2.25
2012.03.07 11:53:13.000,0.75091,0.75118,3.00,2.25
2012.03.07 11:53:13.801,0.75091,0.75115,3.00,2.25
2012.03.07 11:53:13.872,0.75092,0.75117,2.25,2.25
2012.03.07 11:53:21.221,0.75092,0.75117,3.00,2.25
2012.03.07 11:53:21.661,0.75106,0.7513,2.25,3.00
2012.03.07 11:53:21.851,0.75101,0.75127,2.63,2.25
2012.03.07 11:53:22.671,0.75096,0.75124,3.00,2.25
2012.03.07 11:53:23.072,0.75093,0.75123,2.25,3.00
2012.03.07 11:53:23.134,0.75091,0.75119,3.38,2.25
2012.03.07 11:53:23.641,0.75089,0.75117,3.00,2.25
2012.03.07 11:53:25.462,0.75091,0.75119,3.00,2.25
2012.03.07 11:53:25.673,0.75101,0.75126,2.25,2.63
2012.03.07 11:53:25.802,0.75103,0.75129,2.25,2.25
2012.03.07 11:53:26.331,0.75108,0.75133,2.25,3.00
2012.03.07 11:53:26.541,0.75102,0.7513,3.38,2.25
2012.03.07 11:53:27.695,0.75102,0.7513,2.25,3.00
2012.03.07 11:53:28.302,0.75101,0.75129,2.25,3.00
2012.03.07 11:53:28.733,0.7508,0.75104,3.38,2.25
2012.03.07 11:53:28.864,0.75084,0.75108,2.25,2.25
2012.03.07 11:53:28.933,0.75084,0.75108,3.60,2.25
2012.03.07 11:53:29.213,0.75089,0.75119,2.25,3.00
2012.03.07 11:53:29.271,0.75089,0.75119,2.25,3.00
2012.03.07 11:53:30.601,0.75086,0.7511,2.25,2.25
2012.03.07 11:53:31.907,0.75086,0.7511,3.00,2.25
2012.03.07 11:53:32.049,0.75089,0.75113,2.25,2.25
2012.03.07 11:53:32.636,0.75088,0.75114,2.25,2.25
2012.03.07 11:53:33.825,0.75087,0.75114,2.25,3.00
2012.03.07 11:53:34.673,0.75088,0.75114,2.25,3.00
2012.03.07 11:53:35.392,0.75087,0.75113,2.25,2.25
2012.03.07 11:53:39.567,0.75086,0.75112,2.25,2.25
2012.03.07 11:53:40.127,0.75087,0.75113,2.25,2.25
2012.03.07 11:53:43.094,0.75086,0.7511,2.25,2.25
2012.03.07 11:53:45.229,0.75081,0.75106,3.38,2.25
2012.03.07 11:53:45.290,0.75086,0.7511,2.25,2.25
2012.03.07 11:53:47.875,0.75085,0.75109,2.25,3.00
2012.03.07 11:53:47.949,0.75078,0.75104,3.00,2.25
2012.03.07 11:53:48.161,0.7508,0.75106,3.00,2.25
2012.03.07 11:53:48.689,0.75081,0.75107,3.00,2.25
2012.03.07 11:53:50.241,0.75081,0.75107,3.00,2.25
2012.03.07 11:53:50.299,0.75081,0.75107,3.00,2.25
2012.03.07 11:53:50.360,0.75076,0.75102,3.00,2.25
2012.03.07 11:53:50.681,0.75082,0.75106,3.00,2.25
2012.03.07 11:53:52.032,0.75082,0.75106,3.00,2.25
2012.03.07 11:53:52.097,0.75082,0.75106,3.00,2.25
2012.03.07 11:54:02.203,0.75082,0.75106,3.00,2.25
2012.03.07 11:54:02.273,0.75082,0.75106,3.00,2.25
2012.03.07 11:54:02.342,0.75086,0.75112,3.00,2.25
2012.03.07 11:54:02.598,0.75083,0.75109,3.00,2.25
2012.03.07 11:54:03.260,0.75084,0.7511,2.25,2.25
2012.03.07 11:54:03.931,0.75083,0.75109,2.25,2.25
2012.03.07 11:54:06.354,0.75084,0.7511,2.25,2.25
2012.03.07 11:54:06.410,0.75086,0.7511,3.00,2.25
2012.03.07 11:54:07.878,0.75086,0.7511,2.25,2.25
2012.03.07 11:54:08.008,0.75087,0.75114,3.00,2.25
2012.03.07 11:54:08.072,0.75092,0.75116,2.25,2.25
2012.03.07 11:54:08.592,0.75091,0.75117,2.25,2.25
2012.03.07 11:54:22.496,0.75091,0.75117,2.25,3.00
2012.03.07 11:54:22.560,0.75091,0.75117,2.25,2.25
2012.03.07 11:54:22.621,0.75091,0.75115,2.25,2.25
2012.03.07 11:54:23.001,0.75091,0.75115,2.25,3.00
2012.03.07 11:54:23.062,0.75088,0.75114,2.25,3.00
2012.03.07 11:54:23.502,0.75089,0.75115,2.25,2.25
2012.03.07 11:54:24.663,0.75089,0.75115,2.25,3.00
2012.03.07 11:54:26.114,0.75089,0.75115,2.25,2.25
2012.03.07 11:54:28.832,0.75088,0.75112,2.25,2.25
2012.03.07 11:54:33.645,0.75089,0.75113,2.25,2.25
2012.03.07 11:54:34.324,0.75089,0.75113,3.00,2.25
2012.03.07 11:54:34.645,0.75089,0.75115,3.00,2.25
2012.03.07 11:54:35.034,0.75089,0.75115,2.25,2.25
2012.03.07 11:54:35.752,0.75089,0.75113,2.25,2.25
2012.03.07 11:54:36.095,0.7509,0.75114,3.00,2.25
2012.03.07 11:54:36.323,0.7509,0.75114,2.25,2.25
2012.03.07 11:54:36.735,0.75088,0.75113,2.25,2.25
2012.03.07 11:54:38.121,0.75088,0.75114,2.25,2.25
2012.03.07 11:54:40.022,0.75089,0.75115,2.25,2.25
2012.03.07 11:54:40.505,0.75091,0.75115,2.25,2.25
2012.03.07 11:54:41.171,0.75092,0.75116,2.25,2.25
2012.03.07 11:54:43.698,0.75092,0.75116,2.25,3.00
2012.03.07 11:54:43.923,0.75092,0.75116,2.25,2.25
2012.03.07 11:54:45.554,0.75092,0.75117,2.25,2.25
2012.03.07 11:54:47.082,0.75091,0.75117,3.00,2.25
2012.03.07 11:54:50.408,0.75091,0.75117,3.38,2.25
2012.03.07 11:54:50.592,0.75094,0.75133,1.13,1.73
2012.03.07 11:54:51.139,0.75092,0.75133,1.73,1.73
2012.03.07 11:54:51.283,0.75094,0.75133,1.13,1.73
2012.03.07 11:54:51.540,0.75101,0.75126,2.25,2.25
2012.03.07 11:54:51.841,0.75099,0.75125,2.25,3.00
2012.03.07 11:54:52.846,0.75101,0.75125,2.25,3.00
2012.03.07 11:54:56.422,0.75101,0.75126,2.25,2.25
2012.03.07 11:54:56.501,0.75101,0.75126,2.25,3.00
2012.03.07 11:54:56.721,0.75099,0.75125,2.25,3.00
2012.03.07 11:54:57.288,0.751,0.75126,2.25,2.25
2012.03.07 11:54:57.457,0.751,0.75126,2.25,3.00
2012.03.07 11:54:57.659,0.75101,0.75125,2.25,2.25
2012.03.07 11:54:58.346,0.751,0.75127,2.25,2.25
2012.03.07 11:54:58.434,0.751,0.75127,2.25,3.00
2012.03.07 11:54:59.153,0.751,0.75127,2.25,2.25
2012.03.07 11:54:59.271,0.751,0.75127,2.25,3.00
2012.03.07 11:55:00.150,0.75095,0.75119,2.25,2.25
2012.03.07 11:55:01.652,0.75096,0.7512,2.25,2.25
2012.03.07 11:55:02.193,0.75096,0.75122,2.25,2.25
2012.03.07 11:55:03.523,0.75096,0.7512,2.25,2.25
2012.03.07 11:55:04.122,0.75097,0.75121,2.25,2.25
2012.03.07 11:55:04.503,0.75094,0.7512,2.25,2.25
2012.03.07 11:55:05.510,0.75095,0.75119,2.25,2.25
2012.03.07 11:55:07.477,0.75093,0.7512,2.85,2.25
2012.03.07 11:55:08.466,0.75095,0.75119,2.25,2.25
2012.03.07 11:55:11.318,0.75093,0.7512,2.85,2.25
2012.03.07 11:55:13.241,0.75094,0.7512,2.25,2.25
2012.03.07 11:55:14.768,0.75093,0.7512,2.85,2.25
2012.03.07 11:55:15.318,0.75094,0.7512,2.25,2.25
2012.03.07 11:55:22.731,0.75094,0.7512,2.25,3.00
2012.03.07 11:55:23.578,0.75094,0.7512,2.25,2.25
2012.03.07 11:55:26.993,0.75093,0.7512,2.25,2.25
2012.03.07 11:55:27.061,0.75093,0.7512,2.25,3.00
2012.03.07 11:55:27.392,0.75096,0.75122,2.25,3.00
2012.03.07 11:55:27.514,0.75096,0.7512,2.25,2.25
2012.03.07 11:55:28.217,0.75097,0.75121,2.25,2.25
2012.03.07 11:55:28.759,0.75097,0.75122,2.25,2.25
2012.03.07 11:55:29.304,0.75099,0.75123,2.25,3.00
2012.03.07 11:55:32.138,0.75097,0.75123,2.25,3.00
2012.03.07 11:55:33.150,0.75097,0.75123,2.25,3.00
2012.03.07 11:55:33.213,0.75095,0.75121,2.25,3.00
2012.03.07 11:55:33.416,0.75095,0.75121,2.25,2.25
2012.03.07 11:55:36.181,0.75095,0.75121,2.25,3.00
2012.03.07 11:55:36.701,0.75095,0.75119,2.25,2.25
2012.03.07 11:55:37.104,0.75092,0.75118,2.63,2.25
2012.03.07 11:55:38.600,0.75092,0.75118,2.25,2.25
2012.03.07 11:55:43.347,0.75091,0.75117,2.63,2.25
2012.03.07 11:55:43.777,0.75094,0.75118,2.25,2.25
2012.03.07 11:55:44.185,0.75092,0.75118,2.25,2.25
2012.03.07 11:55:45.198,0.75094,0.7512,2.25,3.00
2012.03.07 11:55:48.697,0.75094,0.7512,2.25,2.25
2012.03.07 11:55:49.012,0.75096,0.7512,2.25,2.25
2012.03.07 11:55:49.072,0.75097,0.75123,2.25,2.25
2012.03.07 11:55:49.687,0.75097,0.75123,2.25,3.00
2012.03.07 11:55:49.751,0.75097,0.75123,2.25,2.25
2012.03.07 11:55:52.620,0.75097,0.75123,2.25,3.00
2012.03.07 11:55:53.272,0.75096,0.7512,2.25,3.00
2012.03.07 11:55:53.859,0.75094,0.7512,2.25,3.00
2012.03.07 11:55:54.749,0.75094,0.7512,2.25,2.25
2012.03.07 11:55:54.984,0.75096,0.75122,2.25,2.25
2012.03.07 11:55:55.515,0.75095,0.75121,2.25,3.00
2012.03.07 11:55:57.151,0.75095,0.75121,2.25,2.25
2012.03.07 11:56:08.079,0.75093,0.75119,2.25,2.25
2012.03.07 11:56:08.664,0.75095,0.75119,2.25,2.25
2012.03.07 11:56:09.595,0.75094,0.75118,2.25,2.25
2012.03.07 11:56:13.231,0.75092,0.75118,2.25,2.25
2012.03.07 11:56:18.459,0.75095,0.75119,2.25,2.25
2012.03.07 11:56:19.133,0.75093,0.75117,2.25,2.25
2012.03.07 11:56:20.420,0.75092,0.75118,2.25,2.25
2012.03.07 11:56:21.714,0.7509,0.75116,2.63,2.25
2012.03.07 11:56:22.528,0.75092,0.75116,2.25,2.25
2012.03.07 11:56:31.867,0.7509,0.75116,2.63,2.25
2012.03.07 11:56:32.249,0.7509,0.75114,2.25,2.25
2012.03.07 11:56:32.990,0.75087,0.75114,2.63,2.25
2012.03.07 11:56:33.163,0.75087,0.75114,2.25,2.25
2012.03.07 11:56:33.516,0.75089,0.75113,2.25,2.25
2012.03.07 11:56:34.514,0.75087,0.75114,2.25,2.25
2012.03.07 11:56:36.593,0.75088,0.75114,2.25,2.25
2012.03.07 11:56:42.336,0.7509,0.75114,2.25,2.25
2012.03.07 11:56:43.051,0.7509,0.75116,2.25,2.25
2012.03.07 11:56:44.314,0.75089,0.75115,2.25,2.25
2012.03.07 11:56:46.553,0.75085,0.75111,2.25,2.25
2012.03.07 11:56:47.336,0.75084,0.7511,3.00,2.25
2012.03.07 11:56:48.891,0.75089,0.75113,2.25,2.25
2012.03.07 11:56:49.460,0.75091,0.75117,2.25,2.25
2012.03.07 11:56:49.527,0.75088,0.75113,2.25,3.00
2012.03.07 11:56:51.700,0.75089,0.75113,2.25,2.25
2012.03.07 11:56:52.483,0.75089,0.75115,2.25,2.25
2012.03.07 11:56:53.588,0.75088,0.75114,2.25,2.25
2012.03.07 11:56:54.466,0.75088,0.75113,2.25,2.25
2012.03.07 11:56:55.456,0.75089,0.75113,2.25,2.25
2012.03.07 11:56:56.133,0.75089,0.75115,2.25,2.25
2012.03.07 11:57:00.770,0.75089,0.75115,2.25,3.00
2012.03.07 11:57:00.843,0.75085,0.7511,2.25,2.25
2012.03.07 11:57:05.983,0.75085,0.7511,3.00,2.25
2012.03.07 11:57:06.042,0.75083,0.75109,2.25,2.25
2012.03.07 11:57:06.753,0.75084,0.7511,2.25,2.25
2012.03.07 11:57:07.775,0.75085,0.7511,2.25,2.25
2012.03.07 11:57:08.507,0.75085,0.7511,2.25,3.00
2012.03.07 11:57:08.576,0.75083,0.75107,2.25,2.25
2012.03.07 11:57:08.640,0.75083,0.75109,2.25,2.25
2012.03.07 11:57:08.971,0.75085,0.75109,2.25,2.25
2012.03.07 11:57:09.092,0.75084,0.75111,2.25,2.25
2012.03.07 11:57:09.911,0.75085,0.75109,2.25,2.25
2012.03.07 11:57:10.932,0.75082,0.75108,2.25,2.25
2012.03.07 11:57:11.995,0.75085,0.75109,2.25,2.25
2012.03.07 11:57:14.098,0.75083,0.75107,2.25,2.25
2012.03.07 11:57:14.315,0.75083,0.75109,2.25,3.00
2012.03.07 11:57:15.415,0.75084,0.7511,2.25,3.00
2012.03.07 11:57:17.397,0.75083,0.75107,2.25,2.25
2012.03.07 11:57:19.843,0.75085,0.75109,2.25,3.00
2012.03.07 11:57:19.901,0.75078,0.75103,2.85,2.25
2012.03.07 11:57:19.961,0.75078,0.75103,3.60,2.25
2012.03.07 11:57:20.696,0.75078,0.75103,2.85,2.25
2012.03.07 11:57:21.577,0.75078,0.75104,3.60,2.25
2012.03.07 11:57:23.596,0.75078,0.75103,1.35,2.25
2012.03.07 11:57:25.794,0.75078,0.75102,3.60,2.25
2012.03.07 11:57:28.777,0.75078,0.75102,2.85,2.25
2012.03.07 11:57:29.165,0.75078,0.75104,2.85,2.25
2012.03.07 11:57:30.756,0.75078,0.75104,3.60,2.25
2012.03.07 11:57:31.197,0.75082,0.75107,3.00,2.25
2012.03.07 11:57:31.862,0.75083,0.75109,2.63,2.25
2012.03.07 11:57:31.936,0.75087,0.75111,2.25,2.25
2012.03.07 11:57:32.238,0.75087,0.75113,2.25,3.00
2012.03.07 11:57:32.740,0.75088,0.75112,2.25,2.25
2012.03.07 11:57:34.061,0.75086,0.75112,3.00,2.25
2012.03.07 11:57:34.708,0.75086,0.7511,3.00,2.25
2012.03.07 11:57:35.703,0.75085,0.75111,3.00,2.25
2012.03.07 11:57:36.372,0.75084,0.75108,3.60,2.25
2012.03.07 11:57:36.440,0.75084,0.75108,2.85,2.25
2012.03.07 11:57:36.742,0.75082,0.75107,2.25,2.25
2012.03.07 11:57:37.307,0.75081,0.75107,3.00,2.25
2012.03.07 11:57:38.051,0.75085,0.75111,3.00,2.25
2012.03.07 11:57:38.481,0.75085,0.75111,2.25,2.25
2012.03.07 11:57:39.294,0.75085,0.75111,3.00,2.25
2012.03.07 11:57:41.431,0.75085,0.75111,2.25,2.25
2012.03.07 11:57:42.016,0.75084,0.75108,2.25,2.25
2012.03.07 11:57:42.465,0.75085,0.75111,2.25,2.25
2012.03.07 11:57:42.922,0.75082,0.75108,3.00,2.25
2012.03.07 11:57:45.185,0.75081,0.75108,2.25,3.00
2012.03.07 11:57:45.493,0.75068,0.75094,3.00,2.25
2012.03.07 11:57:45.562,0.75072,0.75098,3.00,2.25
2012.03.07 11:57:45.694,0.75072,0.75098,3.00,2.25
2012.03.07 11:57:45.846,0.75077,0.75104,2.25,2.25
2012.03.07 11:57:46.049,0.75073,0.75097,2.25,2.25
2012.03.07 11:57:46.622,0.75073,0.75099,2.25,2.25
2012.03.07 11:57:48.168,0.75071,0.75098,3.00,2.25
2012.03.07 11:57:49.568,0.75071,0.75098,3.75,2.25
2012.03.07 11:57:50.252,0.75086,0.7511,2.25,3.00
2012.03.07 11:57:50.314,0.75085,0.7511,2.25,2.25
2012.03.07 11:57:50.484,0.7508,0.75106,2.25,2.25
2012.03.07 11:57:53.847,0.75079,0.75105,2.25,2.25
2012.03.07 11:57:53.915,0.75081,0.75107,2.25,2.25
2012.03.07 11:57:54.557,0.75081,0.75108,2.25,3.00
2012.03.07 11:57:55.535,0.75083,0.75107,2.25,2.25
2012.03.07 11:57:55.985,0.75081,0.75108,2.25,2.25
2012.03.07 11:57:57.254,0.75081,0.75107,2.25,2.25
2012.03.07 11:57:57.575,0.75084,0.7511,2.25,3.00
2012.03.07 11:57:58.238,0.75082,0.75108,2.25,2.25
2012.03.07 11:58:00.868,0.75082,0.75107,2.25,2.25
2012.03.07 11:58:02.353,0.75082,0.75106,2.25,2.25
2012.03.07 11:58:03.171,0.75081,0.75105,2.25,2.25
2012.03.07 11:58:10.152,0.75083,0.75107,2.25,2.25
2012.03.07 11:58:10.434,0.75081,0.75107,2.25,2.25
2012.03.07 11:58:18.625,0.75083,0.75107,2.25,2.25
2012.03.07 11:58:19.160,0.75086,0.75112,2.25,2.25
2012.03.07 11:58:19.226,0.75084,0.75108,2.25,2.25
2012.03.07 11:58:19.557,0.75086,0.7511,2.25,2.25
2012.03.07 11:58:19.919,0.75086,0.75112,2.25,2.25
2012.03.07 11:58:20.035,0.75086,0.75112,2.25,3.00
2012.03.07 11:58:20.282,0.75082,0.75106,2.25,2.25
2012.03.07 11:58:20.835,0.75081,0.75105,2.25,2.25
2012.03.07 11:58:21.243,0.75078,0.75102,2.25,2.25
2012.03.07 11:58:21.842,0.75082,0.75107,2.25,3.00
2012.03.07 11:58:21.902,0.75082,0.75107,2.25,2.25
2012.03.07 11:58:23.084,0.75082,0.75108,2.25,3.00
2012.03.07 11:58:23.159,0.75084,0.7511,2.25,3.00
2012.03.07 11:58:23.541,0.75087,0.75111,2.25,2.25
2012.03.07 11:58:23.855,0.75085,0.75109,2.25,3.00
2012.03.07 11:58:23.923,0.75081,0.75105,2.63,2.25
2012.03.07 11:58:24.004,0.75086,0.7511,2.25,3.00
2012.03.07 11:58:24.285,0.75086,0.7511,2.25,2.25
2012.03.07 11:58:24.351,0.75086,0.75112,2.25,2.25
2012.03.07 11:58:26.745,0.75083,0.75107,2.25,2.25
2012.03.07 11:58:31.593,0.75084,0.75108,2.25,2.25
2012.03.07 11:58:36.777,0.75082,0.75108,2.25,3.00
2012.03.07 11:58:45.381,0.75078,0.75104,2.25,2.25
2012.03.07 11:58:49.553,0.75078,0.75104,3.38,2.25
2012.03.07 11:58:49.612,0.75083,0.75107,2.25,2.25
2012.03.07 11:58:51.123,0.75084,0.75108,2.25,2.25
2012.03.07 11:58:51.678,0.75082,0.75108,3.00,2.25
2012.03.07 11:58:57.241,0.75081,0.75108,2.25,2.25
2012.03.07 11:58:59.213,0.75082,0.75106,2.25,2.25
2012.03.07 11:59:01.475,0.75081,0.75108,2.25,2.25
2012.03.07 11:59:02.688,0.75081,0.75107,2.25,2.25
2012.03.07 11:59:03.573,0.75081,0.75108,2.25,2.25
2012.03.07 11:59:13.234,0.75081,0.75108,2.25,3.00
2012.03.07 11:59:13.400,0.75079,0.75103,2.25,2.25
2012.03.07 11:59:13.461,0.7508,0.75106,2.25,2.25
2012.03.07 11:59:15.231,0.7508,0.75106,2.25,3.00
2012.03.07 11:59:15.974,0.7508,0.75106,2.25,2.25
2012.03.07 11:59:17.586,0.75079,0.75103,2.25,2.25
2012.03.07 11:59:17.835,0.75077,0.75104,2.25,2.25
2012.03.07 11:59:18.117,0.7508,0.75104,2.25,3.00
2012.03.07 11:59:18.253,0.75077,0.75104,2.25,3.00
2012.03.07 11:59:20.876,0.75079,0.75103,2.25,3.00
2012.03.07 11:59:21.784,0.7508,0.75104,2.25,2.25
2012.03.07 11:59:22.142,0.75081,0.75107,2.25,2.25
2012.03.07 11:59:25.724,0.7508,0.75106,2.25,2.25
2012.03.07 11:59:26.864,0.7508,0.75104,2.25,2.25
2012.03.07 11:59:29.290,0.75084,0.7511,2.25,3.00
2012.03.07 11:59:29.886,0.7508,0.75104,2.25,2.25
2012.03.07 11:59:31.534,0.75079,0.75105,2.85,2.25
2012.03.07 11:59:35.785,0.75077,0.75104,2.85,2.25
2012.03.07 11:59:44.125,0.75078,0.75102,2.85,2.25
2012.03.07 11:59:46.231,0.75077,0.75104,2.85,2.25
2012.03.07 11:59:46.291,0.75079,0.75104,1.35,2.25
2012.03.07 11:59:47.791,0.75079,0.75105,2.85,2.25
2012.03.07 11:59:47.952,0.75079,0.75105,3.60,2.25
2012.03.07 11:59:50.102,0.75079,0.75105,2.85,2.25
2012.03.07 11:59:52.923,0.75078,0.75104,2.85,2.25
2012.03.07 11:59:53.499,0.75085,0.75109,2.25,3.00
2012.03.07 11:59:53.944,0.7508,0.75106,3.00,2.25
2012.03.07 11:59:54.664,0.75082,0.75106,2.25,2.25
2012.03.07 11:59:58.433,0.7508,0.75104,3.00,2.25
2012.03.07 11:59:58.845,0.75082,0.75106,2.25,2.25
2012.03.07 11:59:59.055,0.75086,0.7511,2.25,3.00
2012.03.07 11:59:59.605,0.75082,0.75107,2.25,2.25
