2017.09.29 10:00:00.680,0.70085,0.70103,1.00,1.00
2017.09.29 10:00:01.342,0.70084,0.70102,1.00,1.00
2017.09.29 10:00:02.494,0.70085,0.70103,1.00,1.50
2017.09.29 10:00:03.104,0.70085,0.70101,1.00,1.00
2017.09.29 10:00:05.464,0.70085,0.70102,1.00,1.50
2017.09.29 10:00:05.767,0.7008,0.70096,1.00,1.00
2017.09.29 10:00:05.998,0.70078,0.70096,1.00,1.00
2017.09.29 10:00:07.482,0.70079,0.70095,1.00,1.00
2017.09.29 10:00:08.434,0.70079,0.70094,1.00,1.00
2017.09.29 10:00:09.098,0.70079,0.70095,1.00,1.00
2017.09.29 10:00:09.628,0.70078,0.70096,1.00,1.00
2017.09.29 10:00:10.153,0.70079,0.70096,1.00,1.00
2017.09.29 10:00:10.356,0.70079,0.70098,1.00,1.50
2017.09.29 10:00:10.545,0.70081,0.70098,1.00,1.50
2017.09.29 10:00:12.604,0.70081,0.70097,1.00,1.00
2017.09.29 10:00:13.530,0.70082,0.70098,1.00,1.00
2017.09.29 10:00:14.679,0.70081,0.70098,1.00,1.00
2017.09.29 10:00:15.046,0.70081,0.70096,1.00,1.00
2017.09.29 10:00:15.466,0.70079,0.70096,1.00,1.00
2017.09.29 10:00:19.564,0.70077,0.70094,1.37,1.00
2017.09.29 10:00:20.121,0.70077,0.70093,1.00,1.00
2017.09.29 10:00:21.875,0.70077,0.70094,1.00,1.00
2017.09.29 10:00:22.485,0.70076,0.70094,1.50,1.50
2017.09.29 10:00:25.017,0.70077,0.70095,1.00,1.00
2017.09.29 10:00:25.219,0.70078,0.70097,1.00,1.50
2017.09.29 10:00:25.736,0.70079,0.70097,1.00,1.50
2017.09.29 10:00:26.536,0.7008,0.70098,1.00,1.00
2017.09.29 10:00:27.099,0.7008,0.70097,1.00,1.00
2017.09.29 10:00:28.239,0.70079,0.70096,1.00,1.00
2017.09.29 10:00:28.897,0.7008,0.70097,1.00,1.50
2017.09.29 10:00:31.269,0.70081,0.70097,1.00,1.00
2017.09.29 10:00:33.341,0.70081,0.70099,1.00,1.00
2017.09.29 10:00:39.388,0.70082,0.70099,1.00,1.00
2017.09.29 10:00:40.319,0.7008,0.70097,1.50,1.00
2017.09.29 10:00:41.546,0.70079,0.70097,1.87,1.00
2017.09.29 10:00:42.589,0.70078,0.70097,1.00,1.00
2017.09.29 10:00:44.438,0.70079,0.70097,1.00,1.00
2017.09.29 10:00:48.437,0.70081,0.70098,1.00,1.00
2017.09.29 10:00:49.002,0.7008,0.70098,1.00,1.00
2017.09.29 10:00:49.759,0.70085,0.70102,1.00,1.87
2017.09.29 10:00:50.133,0.70082,0.70099,1.37,1.00
2017.09.29 10:00:50.698,0.70082,0.70099,1.00,1.00
2017.09.29 10:00:51.332,0.70081,0.70099,1.00,1.00
2017.09.29 10:00:55.169,0.70083,0.70099,1.00,1.00
2017.09.29 10:00:58.394,0.70083,0.701,1.00,1.50
2017.09.29 10:00:58.999,0.70083,0.70101,1.00,1.50
2017.09.29 10:01:02.609,0.70084,0.70101,1.00,1.00
2017.09.29 10:01:02.780,0.70082,0.70101,1.87,1.50
2017.09.29 10:01:03.339,0.70083,0.70102,1.50,1.00
2017.09.29 10:01:03.999,0.70083,0.70101,1.00,1.00
2017.09.29 10:01:05.082,0.70083,0.701,1.50,1.00
2017.09.29 10:01:08.199,0.70083,0.70101,1.00,1.50
2017.09.29 10:01:08.606,0.70083,0.70098,1.00,1.00
2017.09.29 10:01:09.364,0.70082,0.70098,1.00,1.00
2017.09.29 10:01:10.272,0.70082,0.701,1.00,1.50
2017.09.29 10:01:14.760,0.70083,0.701,1.00,1.00
2017.09.29 10:01:16.411,0.70083,0.70101,1.50,1.00
2017.09.29 10:01:16.992,0.70084,0.70101,1.00,1.00
2017.09.29 10:01:17.673,0.70083,0.70102,1.50,1.00
2017.09.29 10:01:18.920,0.70084,0.70102,1.00,1.00
2017.09.29 10:01:19.810,0.70085,0.70101,1.00,1.00
2017.09.29 10:01:20.419,0.70084,0.70101,1.00,1.00
2017.09.29 10:01:21.601,0.70082,0.701,1.00,1.50
2017.09.29 10:01:22.198,0.70082,0.70099,1.00,1.00
2017.09.29 10:01:28.109,0.70083,0.701,1.00,1.50
2017.09.29 10:01:28.211,0.70083,0.70098,1.00,1.00
2017.09.29 10:01:28.613,0.70081,0.70098,1.00,1.00
2017.09.29 10:01:32.404,0.70081,0.70099,1.00,1.50
2017.09.29 10:01:32.556,0.70082,0.70097,1.00,1.00
2017.09.29 10:01:33.344,0.70081,0.70097,1.00,1.00
2017.09.29 10:01:34.169,0.70081,0.70099,1.00,1.50
2017.09.29 10:01:34.705,0.70081,0.70098,1.00,1.00
2017.09.29 10:01:39.079,0.70081,0.70099,1.00,1.00
2017.09.29 10:01:40.700,0.70081,0.701,1.50,1.50
2017.09.29 10:01:40.862,0.70084,0.70103,1.50,2.47
2017.09.29 10:01:41.204,0.70086,0.70105,1.50,2.47
2017.09.29 10:01:45.821,0.70086,0.70103,1.00,1.50
2017.09.29 10:01:45.939,0.70084,0.70103,1.12,1.50
2017.09.29 10:01:46.601,0.70083,0.70102,1.87,1.50
2017.09.29 10:01:47.699,0.70083,0.70101,1.87,1.00
2017.09.29 10:01:48.253,0.70083,0.70102,1.87,1.50
2017.09.29 10:01:50.671,0.70083,0.70101,1.87,1.00
2017.09.29 10:01:55.652,0.70083,0.70102,1.37,1.00
2017.09.29 10:01:58.219,0.70085,0.70102,1.00,1.00
2017.09.29 10:01:59.669,0.70084,0.70102,1.00,1.00
2017.09.29 10:02:00.480,0.70084,0.70101,1.00,1.00
2017.09.29 10:02:03.045,0.70085,0.70101,1.00,1.00
2017.09.29 10:02:03.096,0.70086,0.70103,1.00,1.00
2017.09.29 10:02:03.928,0.70086,0.70105,1.00,1.60
2017.09.29 10:02:04.552,0.70085,0.70105,1.00,2.10
2017.09.29 10:02:05.122,0.70084,0.70103,1.00,1.00
2017.09.29 10:02:14.712,0.70083,0.70102,1.12,1.50
2017.09.29 10:02:15.231,0.70084,0.70102,1.00,1.87
2017.09.29 10:02:15.782,0.70085,0.70103,1.00,1.00
2017.09.29 10:02:16.285,0.70085,0.70104,1.00,1.50
2017.09.29 10:02:16.945,0.70084,0.70103,1.12,1.00
2017.09.29 10:02:17.788,0.70085,0.70103,1.00,1.00
2017.09.29 10:02:18.291,0.70084,0.70103,1.12,1.00
2017.09.29 10:02:18.806,0.70085,0.70103,1.00,1.50
2017.09.29 10:02:19.926,0.70084,0.70103,1.12,1.00
2017.09.29 10:02:22.063,0.70085,0.70103,1.00,1.00
2017.09.29 10:02:22.436,0.70087,0.70102,1.00,1.00
2017.09.29 10:02:22.487,0.70085,0.70103,1.00,1.50
2017.09.29 10:02:24.996,0.70088,0.70103,1.00,1.00
2017.09.29 10:02:25.148,0.7009,0.70108,1.00,1.00
2017.09.29 10:02:25.887,0.7009,0.70108,1.87,1.00
2017.09.29 10:02:32.790,0.7009,0.70109,1.87,1.00
2017.09.29 10:02:33.368,0.7009,0.70108,1.87,1.00
2017.09.29 10:02:35.786,0.70089,0.70107,1.37,1.00
2017.09.29 10:02:35.888,0.70089,0.70107,1.00,1.00
2017.09.29 10:02:36.862,0.70091,0.70109,1.00,1.87
2017.09.29 10:02:37.368,0.70092,0.70108,1.00,1.50
2017.09.29 10:02:41.534,0.70091,0.70109,1.00,1.00
2017.09.29 10:02:42.191,0.70091,0.7011,1.00,1.50
2017.09.29 10:02:45.837,0.70092,0.7011,1.00,1.50
2017.09.29 10:02:47.819,0.70091,0.7011,1.00,1.50
2017.09.29 10:02:48.431,0.70091,0.70109,1.00,1.00
2017.09.29 10:02:48.763,0.70092,0.7011,1.87,1.00
2017.09.29 10:03:01.736,0.70094,0.70111,1.12,1.50
2017.09.29 10:03:01.926,0.70092,0.7011,1.00,1.00
2017.09.29 10:03:03.000,0.70089,0.70105,1.87,1.00
2017.09.29 10:03:03.102,0.70086,0.70105,1.00,1.00
2017.09.29 10:03:03.405,0.70084,0.70104,1.00,1.50
2017.09.29 10:03:04.027,0.70084,0.70103,1.00,1.00
2017.09.29 10:03:14.141,0.70084,0.70103,1.00,2.10
2017.09.29 10:03:15.875,0.70085,0.70103,1.00,2.10
2017.09.29 10:03:19.277,0.70085,0.70101,1.00,1.00
2017.09.29 10:03:23.872,0.70085,0.70103,1.00,2.10
2017.09.29 10:03:26.133,0.70085,0.70103,1.00,2.10
2017.09.29 10:03:26.235,0.70083,0.70101,1.00,1.00
2017.09.29 10:03:26.546,0.70085,0.70101,1.00,1.00
2017.09.29 10:03:26.754,0.70083,0.70102,1.00,1.50
2017.09.29 10:03:32.909,0.70084,0.70102,1.00,1.00
2017.09.29 10:03:33.270,0.70086,0.70102,1.00,1.50
2017.09.29 10:03:33.745,0.70084,0.70102,1.00,1.00
2017.09.29 10:03:35.100,0.70085,0.70101,1.00,1.00
2017.09.29 10:03:35.722,0.70084,0.70101,1.00,1.50
2017.09.29 10:03:39.142,0.70085,0.70101,1.00,1.50
2017.09.29 10:03:44.191,0.70086,0.70102,1.00,1.50
2017.09.29 10:03:44.884,0.70087,0.70103,1.00,1.00
2017.09.29 10:03:45.488,0.70087,0.70104,1.00,1.00
2017.09.29 10:03:46.027,0.70087,0.70105,1.00,1.50
2017.09.29 10:03:49.370,0.70087,0.70103,1.00,1.00
2017.09.29 10:03:52.610,0.70085,0.70101,1.00,1.00
2017.09.29 10:03:53.259,0.70084,0.701,1.00,1.00
2017.09.29 10:03:53.948,0.70083,0.701,1.12,1.00
2017.09.29 10:03:54.996,0.70082,0.701,1.12,1.50
2017.09.29 10:03:55.964,0.70083,0.701,1.00,1.00
2017.09.29 10:03:59.349,0.70082,0.701,1.12,1.50
2017.09.29 10:03:59.712,0.70084,0.70099,1.00,1.00
2017.09.29 10:04:01.548,0.70082,0.701,1.12,1.50
2017.09.29 10:04:02.393,0.70081,0.70099,1.37,1.00
2017.09.29 10:04:02.973,0.70082,0.701,1.12,1.00
2017.09.29 10:04:17.895,0.70081,0.70099,1.12,1.00
2017.09.29 10:04:18.253,0.70083,0.70099,1.00,1.00
2017.09.29 10:04:20.165,0.70081,0.701,1.12,1.50
2017.09.29 10:04:22.250,0.70082,0.701,1.00,1.00
2017.09.29 10:04:24.184,0.70085,0.70103,1.00,1.50
2017.09.29 10:04:24.488,0.70084,0.701,1.00,1.00
2017.09.29 10:04:25.048,0.70083,0.701,1.00,1.00
2017.09.29 10:04:25.559,0.70082,0.701,1.00,1.50
2017.09.29 10:04:26.507,0.70083,0.701,1.00,1.00
2017.09.29 10:04:27.012,0.70083,0.70099,1.00,1.00
2017.09.29 10:04:27.542,0.70082,0.70099,1.00,1.00
2017.09.29 10:04:29.806,0.70083,0.70099,1.00,1.00
2017.09.29 10:04:33.130,0.70082,0.70099,1.00,1.00
2017.09.29 10:04:35.391,0.70082,0.70099,1.00,1.60
2017.09.29 10:04:35.936,0.70082,0.70099,1.00,1.00
2017.09.29 10:04:47.340,0.70081,0.70099,1.00,1.50
2017.09.29 10:04:48.303,0.70083,0.70099,1.00,1.50
2017.09.29 10:04:51.652,0.70082,0.70099,1.00,1.50
2017.09.29 10:04:51.968,0.70079,0.70095,1.12,1.00
2017.09.29 10:04:52.492,0.70075,0.70092,1.37,1.00
2017.09.29 10:04:53.009,0.70075,0.70093,1.00,1.50
2017.09.29 10:04:54.715,0.70076,0.70093,1.00,1.50
2017.09.29 10:04:55.700,0.70076,0.70092,1.00,1.00
2017.09.29 10:04:58.286,0.70077,0.70092,1.00,1.00
2017.09.29 10:05:16.126,0.70075,0.70093,1.00,1.00
2017.09.29 10:05:18.277,0.70076,0.70093,1.00,1.00
2017.09.29 10:05:19.669,0.70076,0.70094,1.00,1.50
2017.09.29 10:05:21.034,0.70075,0.70094,1.00,1.50
2017.09.29 10:05:24.860,0.70075,0.70092,1.00,1.00
2017.09.29 10:05:27.558,0.70075,0.70092,1.00,2.10
2017.09.29 10:05:28.209,0.70075,0.70092,1.00,1.50
2017.09.29 10:05:30.760,0.70075,0.70091,1.00,1.50
2017.09.29 10:05:32.312,0.70075,0.7009,1.00,1.00
2017.09.29 10:05:32.838,0.70074,0.7009,1.00,1.50
2017.09.29 10:05:35.951,0.70074,0.70089,1.00,1.00
2017.09.29 10:05:36.255,0.70069,0.70085,1.37,1.50
2017.09.29 10:05:36.306,0.70068,0.70084,1.37,1.00
2017.09.29 10:05:36.407,0.70068,0.70084,1.00,1.50
2017.09.29 10:05:36.729,0.70072,0.70089,1.00,1.00
2017.09.29 10:05:36.932,0.70072,0.70089,1.87,1.00
2017.09.29 10:05:40.629,0.70073,0.7009,1.37,1.00
2017.09.29 10:05:40.788,0.70073,0.70092,1.00,1.50
2017.09.29 10:05:44.942,0.70075,0.70091,1.00,1.00
2017.09.29 10:05:45.742,0.70074,0.70092,1.00,1.00
2017.09.29 10:05:48.175,0.70075,0.70092,1.00,1.50
2017.09.29 10:05:48.576,0.70073,0.70092,1.00,1.00
2017.09.29 10:05:50.342,0.70074,0.70092,1.00,1.00
2017.09.29 10:05:51.804,0.70074,0.70091,1.00,1.00
2017.09.29 10:05:55.611,0.70072,0.70091,1.12,1.00
2017.09.29 10:05:55.713,0.70071,0.70089,1.37,1.00
2017.09.29 10:05:56.305,0.70073,0.70089,1.00,1.00
2017.09.29 10:06:01.008,0.70073,0.70091,1.50,1.00
2017.09.29 10:06:01.508,0.70073,0.70089,1.50,1.00
2017.09.29 10:06:02.724,0.70073,0.70087,1.00,1.00
2017.09.29 10:06:02.775,0.70073,0.70089,1.00,1.00
2017.09.29 10:06:02.966,0.70073,0.70093,1.00,1.00
2017.09.29 10:06:03.118,0.70074,0.70091,1.00,1.00
2017.09.29 10:06:03.422,0.70071,0.70089,1.37,1.00
2017.09.29 10:06:04.203,0.70072,0.7009,1.12,2.10
2017.09.29 10:06:04.835,0.70072,0.70091,1.12,1.00
2017.09.29 10:06:05.397,0.70072,0.70092,1.00,1.35
2017.09.29 10:06:07.492,0.70072,0.70091,1.00,1.00
2017.09.29 10:06:10.588,0.70071,0.70092,1.00,1.00
2017.09.29 10:06:10.895,0.70072,0.7009,1.00,1.00
2017.09.29 10:06:11.570,0.70072,0.7009,1.37,1.00
2017.09.29 10:06:17.812,0.70071,0.7009,1.37,1.60
2017.09.29 10:06:20.793,0.70071,0.70088,1.37,1.00
2017.09.29 10:06:20.945,0.70071,0.70088,1.12,1.00
2017.09.29 10:06:28.477,0.70072,0.70088,1.00,1.00
2017.09.29 10:06:29.059,0.70072,0.70089,1.00,1.00
2017.09.29 10:06:31.098,0.70071,0.70089,1.12,1.00
2017.09.29 10:06:31.822,0.70071,0.70088,1.12,1.00
2017.09.29 10:06:36.197,0.70071,0.70089,1.00,1.00
2017.09.29 10:06:37.762,0.70071,0.70087,1.00,1.00
2017.09.29 10:06:40.203,0.70066,0.70084,1.37,1.00
2017.09.29 10:06:40.356,0.70063,0.70079,1.00,1.00
2017.09.29 10:06:48.296,0.70062,0.70079,1.00,1.00
2017.09.29 10:06:50.707,0.70062,0.70081,1.12,1.50
2017.09.29 10:06:50.758,0.70062,0.70083,2.47,1.00
2017.09.29 10:06:50.809,0.70067,0.70083,1.00,1.00
2017.09.29 10:06:51.115,0.70071,0.70087,1.00,1.00
2017.09.29 10:06:55.084,0.70071,0.70089,1.00,1.50
2017.09.29 10:06:56.735,0.7007,0.70089,1.12,1.50
2017.09.29 10:06:57.807,0.7007,0.70086,1.00,1.00
2017.09.29 10:06:58.310,0.70069,0.70086,1.12,1.00
2017.09.29 10:06:59.087,0.70066,0.70084,1.87,1.00
2017.09.29 10:06:59.189,0.70066,0.70084,1.00,1.00
2017.09.29 10:07:01.056,0.70065,0.70082,1.12,1.00
2017.09.29 10:07:01.208,0.70063,0.70082,1.00,1.00
2017.09.29 10:07:02.237,0.70065,0.70082,1.00,1.00
2017.09.29 10:07:02.556,0.70063,0.7008,1.00,1.00
2017.09.29 10:07:13.802,0.70063,0.70081,1.00,1.00
2017.09.29 10:07:17.173,0.70063,0.7008,1.00,1.00
2017.09.29 10:07:18.107,0.70064,0.70082,1.00,1.00
2017.09.29 10:07:18.513,0.70062,0.70081,1.12,1.00
2017.09.29 10:07:23.663,0.70063,0.70083,1.00,1.87
2017.09.29 10:07:24.613,0.70063,0.70081,1.00,1.00
2017.09.29 10:07:31.157,0.70063,0.70079,1.00,1.00
2017.09.29 10:07:33.385,0.70062,0.70081,1.00,1.00
2017.09.29 10:07:35.551,0.70063,0.70079,1.00,1.00
2017.09.29 10:07:37.879,0.70064,0.7008,1.00,1.00
2017.09.29 10:07:38.414,0.70063,0.70081,1.00,1.00
2017.09.29 10:07:39.055,0.70062,0.7008,1.00,1.00
2017.09.29 10:07:40.313,0.70064,0.7008,1.00,1.00
2017.09.29 10:07:57.537,0.70062,0.7008,1.00,3.00
2017.09.29 10:08:02.577,0.70061,0.70079,1.00,1.00
2017.09.29 10:08:03.548,0.70061,0.70078,1.00,1.00
2017.09.29 10:08:03.801,0.70061,0.7008,1.00,1.00
2017.09.29 10:08:06.472,0.70061,0.70079,1.00,1.00
2017.09.29 10:08:07.592,0.70061,0.70075,1.00,1.00
2017.09.29 10:08:09.414,0.7006,0.70075,1.00,1.00
2017.09.29 10:08:15.080,0.70059,0.70075,1.12,1.00
2017.09.29 10:08:15.608,0.70058,0.70075,1.00,1.00
2017.09.29 10:08:30.753,0.70057,0.70075,1.00,1.00
2017.09.29 10:08:31.206,0.70057,0.70072,1.00,1.00
2017.09.29 10:08:32.246,0.70057,0.70074,1.00,1.00
2017.09.29 10:08:32.298,0.70059,0.70074,1.00,1.00
2017.09.29 10:08:32.349,0.70059,0.70076,1.00,1.87
2017.09.29 10:08:34.432,0.70059,0.70077,1.00,1.00
2017.09.29 10:08:46.196,0.70061,0.70078,1.00,1.12
2017.09.29 10:08:46.246,0.70058,0.70078,1.00,1.12
2017.09.29 10:08:46.971,0.70059,0.70078,1.00,1.50
2017.09.29 10:08:49.765,0.70058,0.70077,1.00,1.00
2017.09.29 10:08:50.317,0.70058,0.70078,1.00,1.50
2017.09.29 10:08:50.701,0.70059,0.70076,1.00,1.00
2017.09.29 10:08:51.562,0.70058,0.70078,1.00,1.50
2017.09.29 10:08:53.785,0.7006,0.70077,1.00,1.00
2017.09.29 10:08:55.524,0.70058,0.70077,1.00,1.00
2017.09.29 10:08:55.936,0.70058,0.70075,1.00,1.00
2017.09.29 10:08:59.912,0.70058,0.70074,1.00,1.00
2017.09.29 10:09:02.239,0.70058,0.70076,1.00,1.00
2017.09.29 10:09:02.744,0.70059,0.70075,1.00,1.00
2017.09.29 10:09:03.565,0.70057,0.70075,1.00,1.00
2017.09.29 10:09:06.257,0.70055,0.70075,1.00,1.50
2017.09.29 10:09:06.308,0.70056,0.70073,1.00,1.00
2017.09.29 10:09:06.912,0.70057,0.70076,1.00,1.37
2017.09.29 10:09:08.472,0.70057,0.70076,1.00,1.00
2017.09.29 10:09:10.002,0.70057,0.70077,1.00,1.87
2017.09.29 10:09:10.542,0.70057,0.70076,1.00,1.00
2017.09.29 10:09:11.059,0.70058,0.70076,1.00,1.00
2017.09.29 10:09:11.591,0.70059,0.70076,1.00,1.00
2017.09.29 10:09:15.476,0.70056,0.70074,1.12,1.00
2017.09.29 10:09:15.578,0.70054,0.70073,1.12,1.00
2017.09.29 10:09:16.594,0.70054,0.70074,1.00,1.12
2017.09.29 10:09:18.623,0.70055,0.70074,1.00,1.12
2017.09.29 10:09:19.138,0.70054,0.70074,1.00,1.12
2017.09.29 10:09:20.514,0.70054,0.70072,1.00,1.00
2017.09.29 10:09:22.638,0.70057,0.70075,1.00,1.37
2017.09.29 10:09:22.841,0.70057,0.70075,1.00,1.12
2017.09.29 10:09:26.642,0.70055,0.70075,1.00,1.12
2017.09.29 10:09:26.905,0.70053,0.70073,1.00,1.00
2017.09.29 10:09:27.450,0.70053,0.70071,1.00,1.00
2017.09.29 10:09:27.873,0.70051,0.70071,1.12,1.00
2017.09.29 10:09:29.047,0.70051,0.70072,1.12,1.00
2017.09.29 10:09:31.328,0.70053,0.70073,1.00,1.00
2017.09.29 10:09:31.846,0.70053,0.70072,1.37,1.00
2017.09.29 10:09:32.533,0.70053,0.70073,1.37,1.00
2017.09.29 10:09:33.757,0.70053,0.70071,1.37,1.00
2017.09.29 10:09:36.330,0.70053,0.70072,1.37,1.00
2017.09.29 10:09:36.869,0.70053,0.70071,1.37,1.00
2017.09.29 10:09:38.276,0.70051,0.70071,1.87,1.00
2017.09.29 10:09:43.093,0.70053,0.70071,1.00,1.00
2017.09.29 10:09:43.849,0.70053,0.70072,1.00,1.00
2017.09.29 10:09:48.296,0.70053,0.7007,1.00,1.00
2017.09.29 10:09:51.381,0.70053,0.70072,1.00,1.00
2017.09.29 10:09:58.942,0.70053,0.70073,1.00,3.75
2017.09.29 10:10:02.009,0.70053,0.70071,1.00,1.00
2017.09.29 10:10:03.695,0.70052,0.70071,1.12,1.00
2017.09.29 10:10:04.140,0.7005,0.70069,1.00,1.50
2017.09.29 10:10:04.449,0.70052,0.7007,1.00,1.00
2017.09.29 10:10:04.950,0.70051,0.7007,1.00,1.00
2017.09.29 10:10:16.639,0.70051,0.70071,1.00,1.12
2017.09.29 10:10:20.902,0.70052,0.70069,1.00,1.00
2017.09.29 10:10:21.306,0.7005,0.70069,1.12,1.00
2017.09.29 10:10:21.440,0.7005,0.70067,1.00,1.00
2017.09.29 10:10:21.653,0.70048,0.70067,1.50,1.00
2017.09.29 10:10:22.370,0.70047,0.70066,1.00,1.00
2017.09.29 10:10:22.567,0.70049,0.70067,1.12,1.00
2017.09.29 10:10:22.978,0.70051,0.70067,1.00,1.00
2017.09.29 10:10:23.639,0.7005,0.70067,1.00,1.00
2017.09.29 10:10:25.366,0.7005,0.70069,1.00,1.00
2017.09.29 10:10:25.915,0.70049,0.70069,1.12,1.00
2017.09.29 10:10:26.508,0.7005,0.70068,1.00,1.00
2017.09.29 10:10:27.668,0.70051,0.70069,1.00,1.00
2017.09.29 10:10:27.770,0.70051,0.70071,1.00,1.00
2017.09.29 10:10:28.367,0.70051,0.70072,1.37,1.00
2017.09.29 10:10:29.029,0.70052,0.70073,1.12,1.00
2017.09.29 10:10:30.729,0.70052,0.70071,1.12,1.00
2017.09.29 10:10:32.101,0.7005,0.70071,1.00,1.50
2017.09.29 10:10:32.660,0.7005,0.7007,1.00,1.00
2017.09.29 10:10:37.049,0.7005,0.70069,1.00,1.00
2017.09.29 10:10:37.277,0.70048,0.70069,1.12,1.87
2017.09.29 10:10:37.818,0.70048,0.70068,1.12,1.00
2017.09.29 10:10:38.319,0.70048,0.70068,1.37,1.00
2017.09.29 10:10:39.140,0.70048,0.70069,1.87,1.00
2017.09.29 10:10:41.873,0.70048,0.70068,1.87,1.00
2017.09.29 10:10:42.386,0.70048,0.70069,1.37,1.50
2017.09.29 10:10:42.993,0.70047,0.70068,1.37,1.00
2017.09.29 10:10:43.195,0.70055,0.70072,1.00,1.12
2017.09.29 10:10:43.982,0.70054,0.70073,1.37,1.00
2017.09.29 10:10:44.642,0.70054,0.70074,1.37,1.50
2017.09.29 10:10:45.405,0.70053,0.70073,2.62,1.00
2017.09.29 10:10:45.938,0.70055,0.70072,1.12,1.00
2017.09.29 10:10:46.382,0.70054,0.70074,1.37,1.50
2017.09.29 10:10:47.018,0.70055,0.70073,1.12,1.00
2017.09.29 10:10:47.646,0.70055,0.70075,1.12,1.00
2017.09.29 10:10:48.120,0.70055,0.70073,1.12,1.00
2017.09.29 10:10:51.047,0.70056,0.70074,1.00,1.50
2017.09.29 10:10:52.178,0.70056,0.70075,1.12,1.50
2017.09.29 10:10:54.540,0.70058,0.70076,1.00,1.00
2017.09.29 10:10:55.057,0.70057,0.70075,1.00,1.50
2017.09.29 10:10:57.663,0.70056,0.70075,1.12,1.50
2017.09.29 10:10:58.177,0.70056,0.70074,1.12,1.00
2017.09.29 10:11:00.841,0.70057,0.70076,1.00,1.50
2017.09.29 10:11:02.591,0.70057,0.70074,1.00,1.00
2017.09.29 10:11:05.524,0.70058,0.70075,1.00,1.00
2017.09.29 10:11:07.355,0.70056,0.70076,1.12,1.50
2017.09.29 10:11:07.758,0.70058,0.70075,1.00,1.50
2017.09.29 10:11:11.248,0.70056,0.70075,1.00,1.00
2017.09.29 10:11:11.808,0.70056,0.70076,1.00,1.87
2017.09.29 10:11:18.845,0.70056,0.70074,1.00,1.00
2017.09.29 10:11:19.962,0.70056,0.70072,1.00,1.00
2017.09.29 10:11:20.063,0.70054,0.70072,1.00,1.00
2017.09.29 10:11:28.644,0.70052,0.70069,1.37,1.00
2017.09.29 10:11:29.182,0.70052,0.70068,1.00,1.00
2017.09.29 10:11:29.603,0.7005,0.7007,1.00,1.50
2017.09.29 10:11:29.995,0.7005,0.70067,1.00,2.25
2017.09.29 10:11:30.810,0.70049,0.70067,1.12,2.25
2017.09.29 10:11:31.700,0.7005,0.70067,1.00,2.25
2017.09.29 10:11:31.751,0.7005,0.7007,1.00,2.47
2017.09.29 10:11:31.896,0.70055,0.70072,1.00,1.00
2017.09.29 10:11:31.947,0.70055,0.70074,1.00,1.87
2017.09.29 10:11:31.998,0.70057,0.70074,1.00,1.50
2017.09.29 10:11:32.550,0.70056,0.70073,1.00,1.00
2017.09.29 10:11:33.873,0.70057,0.70074,1.00,1.50
2017.09.29 10:11:40.705,0.70058,0.70075,1.00,1.00
2017.09.29 10:11:42.264,0.70058,0.70076,1.00,1.12
2017.09.29 10:11:48.905,0.70059,0.70076,1.00,1.00
2017.09.29 10:11:55.477,0.7006,0.70076,1.00,3.00
2017.09.29 10:11:57.197,0.70059,0.70076,1.00,3.00
2017.09.29 10:11:59.763,0.70057,0.70075,1.12,1.00
2017.09.29 10:12:03.066,0.7006,0.70076,1.00,3.00
2017.09.29 10:12:03.674,0.70059,0.70075,1.00,1.00
2017.09.29 10:12:04.337,0.70056,0.70075,1.37,1.00
2017.09.29 10:12:06.144,0.70058,0.70075,1.00,1.00
2017.09.29 10:12:06.704,0.70057,0.70075,1.12,1.00
2017.09.29 10:12:10.441,0.70057,0.70074,1.12,3.75
2017.09.29 10:12:12.114,0.70052,0.70073,1.37,1.12
2017.09.29 10:12:12.216,0.70052,0.70073,1.00,1.50
2017.09.29 10:12:12.386,0.70054,0.70072,1.00,1.00
2017.09.29 10:12:12.686,0.7005,0.7007,1.12,3.75
2017.09.29 10:12:13.389,0.70049,0.70069,1.12,1.50
2017.09.29 10:12:13.920,0.70049,0.70068,1.12,1.00
2017.09.29 10:12:16.893,0.70048,0.70068,1.12,1.12
2017.09.29 10:12:18.965,0.70048,0.70066,1.12,1.00
2017.09.29 10:12:19.590,0.70049,0.70066,1.00,1.00
2017.09.29 10:12:21.131,0.70047,0.70067,1.37,1.00
2017.09.29 10:12:29.927,0.70047,0.70066,1.37,1.00
2017.09.29 10:12:32.186,0.70047,0.70065,1.37,1.00
2017.09.29 10:12:32.714,0.70047,0.70065,1.00,1.00
2017.09.29 10:12:32.866,0.70048,0.70067,1.00,1.12
2017.09.29 10:12:33.398,0.70049,0.70067,1.12,4.50
2017.09.29 10:12:35.819,0.70049,0.70067,1.12,3.75
2017.09.29 10:12:39.483,0.70049,0.70066,1.12,1.00
2017.09.29 10:12:40.017,0.70046,0.70065,1.87,1.00
2017.09.29 10:12:40.341,0.70046,0.70065,1.12,1.00
2017.09.29 10:12:47.021,0.70047,0.70065,1.00,3.00
2017.09.29 10:12:52.282,0.70046,0.70065,1.12,3.00
2017.09.29 10:12:56.174,0.70046,0.70063,1.12,2.25
2017.09.29 10:12:57.040,0.70048,0.70063,1.00,2.25
2017.09.29 10:12:59.174,0.70048,0.70065,1.00,3.00
2017.09.29 10:13:02.051,0.70047,0.70065,1.00,3.00
2017.09.29 10:13:08.053,0.70046,0.70064,1.00,1.50
2017.09.29 10:13:08.723,0.70047,0.70064,1.00,1.00
2017.09.29 10:13:12.336,0.70047,0.70065,1.00,3.00
2017.09.29 10:13:19.246,0.70046,0.70065,1.00,1.50
2017.09.29 10:13:20.572,0.70049,0.70065,1.00,1.00
2017.09.29 10:13:21.080,0.7005,0.70065,1.00,1.00
2017.09.29 10:13:21.787,0.7005,0.70068,1.00,1.00
2017.09.29 10:13:33.016,0.70049,0.70067,1.00,1.00
2017.09.29 10:13:34.137,0.70049,0.70068,1.00,1.00
2017.09.29 10:13:36.281,0.7005,0.70066,1.00,1.00
2017.09.29 10:13:49.988,0.7005,0.70065,1.00,1.00
2017.09.29 10:13:50.140,0.70047,0.70064,1.37,1.00
2017.09.29 10:13:50.601,0.70046,0.70064,1.00,1.50
2017.09.29 10:13:50.651,0.70046,0.70062,1.00,1.00
2017.09.29 10:13:51.407,0.70046,0.70061,1.00,1.00
2017.09.29 10:13:57.703,0.70041,0.70056,1.37,3.00
2017.09.29 10:13:57.804,0.70037,0.70055,1.00,1.00
2017.09.29 10:13:58.352,0.70037,0.70054,1.00,1.00
2017.09.29 10:13:59.002,0.70036,0.70054,1.00,1.00
2017.09.29 10:14:00.709,0.70037,0.70054,1.00,1.00
2017.09.29 10:14:01.318,0.70036,0.70054,1.00,1.00
2017.09.29 10:14:02.738,0.70037,0.70054,1.00,1.00
2017.09.29 10:14:03.575,0.70036,0.70054,1.00,1.00
2017.09.29 10:14:04.179,0.70038,0.70054,1.00,1.00
2017.09.29 10:14:04.577,0.70036,0.70054,1.00,1.00
2017.09.29 10:14:08.469,0.70036,0.70054,1.37,1.00
2017.09.29 10:14:33.225,0.70039,0.70054,1.00,1.00
2017.09.29 10:14:33.546,0.70044,0.70057,1.00,1.00
2017.09.29 10:14:34.190,0.70045,0.70057,1.00,1.00
2017.09.29 10:14:35.114,0.70043,0.70057,1.00,1.00
2017.09.29 10:14:38.862,0.70041,0.70057,1.72,1.00
2017.09.29 10:14:39.128,0.70042,0.70054,1.00,1.00
2017.09.29 10:14:39.178,0.70042,0.70056,1.00,1.50
2017.09.29 10:14:39.229,0.70039,0.70053,1.37,1.00
2017.09.29 10:14:39.533,0.70037,0.70053,1.12,1.00
2017.09.29 10:14:40.131,0.70037,0.70052,1.12,1.00
2017.09.29 10:14:43.344,0.70039,0.70052,1.00,1.00
2017.09.29 10:14:43.395,0.70039,0.70054,1.00,1.00
2017.09.29 10:14:43.922,0.70038,0.70054,1.00,1.00
2017.09.29 10:14:46.509,0.70037,0.70054,1.12,1.00
2017.09.29 10:14:54.937,0.70037,0.70054,1.37,1.00
2017.09.29 10:14:57.835,0.70037,0.70055,1.37,1.00
2017.09.29 10:14:57.988,0.70041,0.70053,1.00,1.00
2017.09.29 10:14:58.209,0.70041,0.70055,1.00,1.00
2017.09.29 10:15:00.144,0.70039,0.70058,1.12,3.75
2017.09.29 10:15:00.195,0.70038,0.70055,1.37,1.00
2017.09.29 10:15:00.732,0.70037,0.70055,1.37,1.00
2017.09.29 10:15:10.183,0.70037,0.70054,1.37,1.00
2017.09.29 10:15:10.759,0.70037,0.70055,1.37,1.00
2017.09.29 10:15:18.537,0.70037,0.70055,1.12,1.00
2017.09.29 10:15:20.142,0.70038,0.70053,1.00,1.00
2017.09.29 10:15:20.341,0.70035,0.70052,1.12,2.25
2017.09.29 10:15:20.852,0.70034,0.70052,1.00,3.00
2017.09.29 10:15:21.395,0.70032,0.70052,2.10,3.00
2017.09.29 10:15:22.315,0.70032,0.70052,2.10,3.75
2017.09.29 10:15:22.416,0.70032,0.7005,1.50,1.00
2017.09.29 10:15:22.919,0.70033,0.70048,1.00,1.00
2017.09.29 10:15:28.485,0.70031,0.70048,1.12,1.00
2017.09.29 10:15:28.981,0.70031,0.70045,1.00,2.25
2017.09.29 10:15:29.632,0.70032,0.70045,1.00,2.25
2017.09.29 10:15:30.191,0.70031,0.70048,1.12,1.00
2017.09.29 10:15:31.006,0.70031,0.70047,1.00,1.00
2017.09.29 10:15:32.525,0.70031,0.70046,1.00,1.00
2017.09.29 10:15:32.627,0.70029,0.70045,1.12,1.00
2017.09.29 10:15:33.289,0.70028,0.70045,1.00,1.00
2017.09.29 10:15:34.676,0.70026,0.70042,1.12,2.25
2017.09.29 10:15:35.175,0.70029,0.70042,1.00,2.25
2017.09.29 10:15:36.543,0.70029,0.70044,1.00,1.00
2017.09.29 10:15:37.056,0.70028,0.70044,1.00,1.00
2017.09.29 10:15:38.138,0.70027,0.70044,1.00,1.00
2017.09.29 10:15:38.936,0.70027,0.70045,1.00,1.50
2017.09.29 10:15:38.987,0.70027,0.70043,1.00,2.25
2017.09.29 10:15:41.468,0.70026,0.70043,1.00,3.00
2017.09.29 10:15:41.988,0.70027,0.70044,1.00,1.00
2017.09.29 10:15:43.097,0.70026,0.70044,1.00,1.00
2017.09.29 10:15:44.563,0.70026,0.70041,1.00,1.00
2017.09.29 10:15:47.113,0.70024,0.7004,1.12,1.00
2017.09.29 10:15:47.316,0.70026,0.70041,1.00,1.00
2017.09.29 10:15:47.925,0.70026,0.70042,1.00,1.12
2017.09.29 10:15:55.596,0.70028,0.70042,1.00,1.00
2017.09.29 10:15:56.154,0.70027,0.70043,1.00,1.12
2017.09.29 10:15:59.045,0.70026,0.70043,1.00,1.12
2017.09.29 10:15:59.565,0.70026,0.70041,1.00,1.00
2017.09.29 10:16:01.294,0.70025,0.70041,1.50,1.50
2017.09.29 10:16:01.644,0.70023,0.70038,1.37,1.00
2017.09.29 10:16:01.896,0.70023,0.70037,1.00,1.00
2017.09.29 10:16:01.947,0.70023,0.70034,1.12,1.00
2017.09.29 10:16:01.999,0.70022,0.70038,1.00,1.50
2017.09.29 10:16:02.339,0.7002,0.70035,1.00,1.00
2017.09.29 10:16:02.542,0.70017,0.70033,1.00,1.00
2017.09.29 10:16:03.038,0.70018,0.70036,1.00,1.50
2017.09.29 10:16:03.824,0.70019,0.70035,1.00,1.00
2017.09.29 10:16:04.344,0.70019,0.70034,1.00,1.00
2017.09.29 10:16:04.767,0.70017,0.70033,1.00,1.00
2017.09.29 10:16:08.755,0.70012,0.70029,1.37,1.50
2017.09.29 10:16:08.896,0.70012,0.70027,1.37,1.00
2017.09.29 10:16:09.116,0.7001,0.70027,1.00,1.00
2017.09.29 10:16:15.841,0.7001,0.70026,1.00,2.25
2017.09.29 10:16:17.454,0.70009,0.70024,1.00,1.00
2017.09.29 10:16:17.803,0.70011,0.70024,1.00,1.00
2017.09.29 10:16:19.105,0.7001,0.70024,1.00,1.00
2017.09.29 10:16:20.871,0.7001,0.70025,1.00,1.00
2017.09.29 10:16:22.439,0.7001,0.70027,1.00,1.00
2017.09.29 10:16:23.089,0.70011,0.70027,1.00,1.00
2017.09.29 10:16:23.140,0.70014,0.70029,1.00,1.00
2017.09.29 10:16:23.494,0.70016,0.7003,1.00,1.12
2017.09.29 10:16:23.874,0.70016,0.70032,1.00,1.00
2017.09.29 10:16:28.806,0.70017,0.70032,1.00,1.00
2017.09.29 10:16:28.858,0.70018,0.70034,1.00,3.00
2017.09.29 10:16:28.960,0.7002,0.70034,1.00,2.25
2017.09.29 10:16:29.798,0.7002,0.70035,1.00,1.00
2017.09.29 10:16:30.476,0.70019,0.70035,1.00,1.00
2017.09.29 10:16:32.799,0.70019,0.70034,1.00,2.25
2017.09.29 10:16:34.970,0.70018,0.70034,1.00,2.25
2017.09.29 10:16:35.848,0.70018,0.70034,1.00,2.25
2017.09.29 10:16:38.818,0.70018,0.70033,1.50,2.25
2017.09.29 10:16:39.613,0.70019,0.70033,1.00,2.25
2017.09.29 10:16:40.137,0.70018,0.70033,1.00,2.25
2017.09.29 10:16:41.800,0.70018,0.70034,1.00,2.25
2017.09.29 10:16:44.800,0.70018,0.70035,1.00,3.75
2017.09.29 10:16:44.937,0.70018,0.70033,1.00,1.00
2017.09.29 10:16:48.440,0.70017,0.70033,1.12,1.00
2017.09.29 10:16:51.662,0.70019,0.70033,1.00,1.00
2017.09.29 10:16:56.564,0.70015,0.70031,1.00,1.50
2017.09.29 10:16:57.074,0.70012,0.7003,1.72,1.00
2017.09.29 10:16:59.548,0.70011,0.70027,1.60,1.00
2017.09.29 10:17:02.781,0.70014,0.70029,1.00,1.00
2017.09.29 10:17:02.832,0.70012,0.70029,1.50,1.00
2017.09.29 10:17:03.339,0.70011,0.70028,1.12,1.00
2017.09.29 10:17:03.892,0.7001,0.70028,1.12,1.00
2017.09.29 10:17:04.425,0.70012,0.70028,1.00,1.00
2017.09.29 10:17:04.931,0.70011,0.70027,3.00,1.00
2017.09.29 10:17:06.620,0.70012,0.70027,1.00,1.00
2017.09.29 10:17:08.141,0.70009,0.70025,1.50,1.00
2017.09.29 10:17:08.192,0.70009,0.70025,1.12,1.00
2017.09.29 10:17:08.243,0.70009,0.70022,1.00,1.00
2017.09.29 10:17:08.294,0.70006,0.70022,1.37,1.00
2017.09.29 10:17:08.669,0.70005,0.70021,1.12,1.00
2017.09.29 10:17:09.260,0.70006,0.70021,1.00,1.00
2017.09.29 10:17:09.929,0.70006,0.70022,1.00,1.00
2017.09.29 10:17:10.631,0.70007,0.70022,1.00,1.00
2017.09.29 10:17:10.684,0.70008,0.70024,1.00,1.00
2017.09.29 10:17:11.241,0.70007,0.70024,1.00,1.00
2017.09.29 10:17:11.597,0.7001,0.70024,1.00,1.00
2017.09.29 10:17:12.126,0.70009,0.70024,1.00,1.00
2017.09.29 10:17:12.177,0.70009,0.70027,1.00,1.00
2017.09.29 10:17:12.329,0.70009,0.70024,1.00,1.00
2017.09.29 10:17:12.940,0.70008,0.70024,1.00,1.00
2017.09.29 10:17:19.619,0.70009,0.70024,1.00,1.00
2017.09.29 10:17:22.185,0.70015,0.70031,1.00,1.37
2017.09.29 10:17:22.823,0.70016,0.70031,1.00,1.00
2017.09.29 10:17:32.581,0.70018,0.70031,1.00,1.00
2017.09.29 10:17:34.586,0.70017,0.70031,1.00,1.00
2017.09.29 10:17:36.769,0.70016,0.70031,1.00,1.00
2017.09.29 10:17:37.436,0.70016,0.70032,1.00,1.00
2017.09.29 10:17:39.178,0.70018,0.70032,1.00,1.00
2017.09.29 10:17:39.331,0.70019,0.70035,1.00,1.00
2017.09.29 10:17:39.598,0.70021,0.70036,1.00,3.00
2017.09.29 10:17:40.352,0.7002,0.70036,1.00,3.00
2017.09.29 10:17:40.907,0.7002,0.70035,1.00,1.00
2017.09.29 10:17:43.768,0.70018,0.70035,1.00,1.00
2017.09.29 10:17:44.580,0.70018,0.70034,1.12,1.00
2017.09.29 10:17:44.682,0.70016,0.70032,1.37,1.00
2017.09.29 10:17:45.818,0.70017,0.70033,1.00,1.00
2017.09.29 10:17:46.062,0.70017,0.70035,1.00,1.00
2017.09.29 10:17:46.768,0.70017,0.70035,1.00,3.00
2017.09.29 10:17:46.946,0.70014,0.70032,1.37,1.00
2017.09.29 10:17:47.450,0.70014,0.70032,1.12,1.00
2017.09.29 10:17:47.807,0.70015,0.70033,1.37,1.50
2017.09.29 10:17:50.175,0.70017,0.70033,1.12,1.00
2017.09.29 10:17:50.412,0.70017,0.70035,1.00,3.00
2017.09.29 10:17:51.087,0.70018,0.70035,1.00,3.00
2017.09.29 10:17:51.877,0.70017,0.70035,1.00,3.00
2017.09.29 10:17:53.088,0.70017,0.70033,1.00,1.00
2017.09.29 10:18:01.761,0.70016,0.70033,1.12,1.00
2017.09.29 10:18:02.331,0.70017,0.70033,1.00,1.00
2017.09.29 10:18:02.909,0.70018,0.70033,1.00,1.00
2017.09.29 10:18:05.937,0.70014,0.70032,1.50,1.00
2017.09.29 10:18:06.207,0.70014,0.70032,1.00,1.00
2017.09.29 10:18:06.543,0.70013,0.7003,1.12,3.00
2017.09.29 10:18:07.151,0.70012,0.7003,1.50,3.00
2017.09.29 10:18:07.455,0.70016,0.70034,1.00,1.87
2017.09.29 10:18:11.537,0.70017,0.70033,1.00,1.00
2017.09.29 10:18:12.051,0.70017,0.70034,1.50,1.00
2017.09.29 10:18:12.711,0.70016,0.70033,1.00,1.00
2017.09.29 10:18:13.424,0.70016,0.70028,1.00,2.25
2017.09.29 10:18:13.969,0.70015,0.70028,1.00,2.25
2017.09.29 10:18:14.482,0.70016,0.70028,1.00,2.25
2017.09.29 10:18:16.295,0.70016,0.70031,1.50,1.00
2017.09.29 10:18:16.807,0.70017,0.70031,1.00,1.00
2017.09.29 10:18:17.969,0.70016,0.70031,1.00,1.00
2017.09.29 10:18:19.459,0.70017,0.70034,1.00,1.00
2017.09.29 10:18:19.973,0.70018,0.70034,1.00,1.00
2017.09.29 10:18:22.286,0.70017,0.70034,1.00,1.50
2017.09.29 10:18:29.206,0.70018,0.70034,1.00,1.00
2017.09.29 10:18:29.884,0.70017,0.70034,1.00,1.00
2017.09.29 10:18:30.389,0.70017,0.70034,1.00,3.75
2017.09.29 10:18:32.661,0.70017,0.70035,1.00,1.12
2017.09.29 10:18:34.825,0.70018,0.70035,1.00,1.12
2017.09.29 10:18:35.639,0.70017,0.70035,1.00,1.12
2017.09.29 10:18:36.701,0.70015,0.7003,1.00,1.00
2017.09.29 10:18:36.853,0.70013,0.7003,1.00,1.00
2017.09.29 10:18:37.392,0.70013,0.70029,1.00,3.00
2017.09.29 10:18:47.731,0.70012,0.70029,1.00,1.00
2017.09.29 10:18:48.253,0.70012,0.70029,1.87,1.00
2017.09.29 10:18:48.835,0.70012,0.70029,1.87,3.00
2017.09.29 10:18:49.736,0.70014,0.70029,1.00,3.00
2017.09.29 10:18:51.238,0.70013,0.70029,1.00,3.75
2017.09.29 10:18:51.570,0.70011,0.70026,1.00,1.00
2017.09.29 10:18:54.278,0.70011,0.70027,1.00,1.00
2017.09.29 10:18:55.742,0.70014,0.7003,1.00,1.87
2017.09.29 10:18:56.271,0.70014,0.7003,1.00,1.00
2017.09.29 10:18:56.772,0.70015,0.7003,1.12,1.00
2017.09.29 10:18:57.376,0.70015,0.70031,1.00,1.00
2017.09.29 10:18:57.923,0.70015,0.7003,1.00,1.00
2017.09.29 10:18:58.581,0.70016,0.7003,1.00,1.00
2017.09.29 10:18:59.524,0.70016,0.70033,1.00,1.00
2017.09.29 10:19:04.180,0.70016,0.70032,1.00,1.00
2017.09.29 10:19:04.765,0.70017,0.70032,1.00,1.00
2017.09.29 10:19:20.621,0.70018,0.70032,1.00,1.00
2017.09.29 10:19:34.085,0.70017,0.70032,1.00,1.00
2017.09.29 10:19:34.283,0.70013,0.70028,1.00,1.00
2017.09.29 10:19:34.486,0.70011,0.70028,1.50,1.00
2017.09.29 10:19:36.343,0.70012,0.70028,1.00,1.00
2017.09.29 10:19:39.296,0.70011,0.70028,1.50,1.00
2017.09.29 10:20:04.934,0.70013,0.70028,1.00,1.00
2017.09.29 10:20:17.502,0.70013,0.7003,1.00,1.50
2017.09.29 10:20:20.167,0.70012,0.7003,1.12,1.00
2017.09.29 10:20:25.989,0.70012,0.70028,1.12,1.00
2017.09.29 10:20:31.208,0.70011,0.70028,1.00,1.00
2017.09.29 10:20:31.654,0.70011,0.70027,1.00,2.25
2017.09.29 10:20:32.171,0.7001,0.70027,1.00,2.25
2017.09.29 10:20:34.421,0.7001,0.70028,1.00,3.00
2017.09.29 10:20:35.251,0.70011,0.70028,1.00,2.25
2017.09.29 10:20:36.908,0.7001,0.70027,1.00,1.00
2017.09.29 10:20:52.161,0.70008,0.70025,1.37,1.00
2017.09.29 10:20:52.364,0.70006,0.70023,1.50,1.00
2017.09.29 10:20:53.816,0.70005,0.70023,1.00,1.00
2017.09.29 10:20:53.917,0.70005,0.70021,1.00,1.00
2017.09.29 10:20:54.019,0.70001,0.70019,1.12,1.00
2017.09.29 10:20:54.070,0.70001,0.70017,1.12,1.00
2017.09.29 10:20:54.274,0.69998,0.70017,1.37,1.00
2017.09.29 10:20:54.792,0.69998,0.70017,1.00,1.12
2017.09.29 10:20:56.134,0.69998,0.70017,1.37,1.12
2017.09.29 10:20:56.887,0.69998,0.70017,1.12,1.12
2017.09.29 10:20:57.894,0.69998,0.70017,1.00,1.72
2017.09.29 10:20:58.464,0.69999,0.70017,1.00,1.00
2017.09.29 10:21:00.238,0.70001,0.70017,1.00,3.00
2017.09.29 10:21:03.908,0.70003,0.70017,1.00,2.25
2017.09.29 10:21:04.211,0.70007,0.70017,1.12,2.25
2017.09.29 10:21:04.484,0.70007,0.70023,1.12,1.00
2017.09.29 10:21:05.412,0.70004,0.70021,1.12,1.00
2017.09.29 10:21:05.565,0.70002,0.7002,1.12,1.50
2017.09.29 10:21:05.616,0.70002,0.70016,1.12,1.00
2017.09.29 10:21:07.180,0.70001,0.70017,1.00,3.75
2017.09.29 10:21:08.993,0.70002,0.70017,1.00,3.75
2017.09.29 10:21:09.094,0.70003,0.70018,1.00,2.25
2017.09.29 10:21:09.308,0.70005,0.70018,1.00,2.25
2017.09.29 10:21:09.932,0.70006,0.70018,1.00,2.25
2017.09.29 10:21:10.429,0.70006,0.70022,1.00,1.00
2017.09.29 10:21:13.879,0.70006,0.7002,1.00,1.00
2017.09.29 10:21:14.213,0.70002,0.70018,1.37,1.00
2017.09.29 10:21:14.264,0.70002,0.70018,1.37,1.00
2017.09.29 10:21:14.899,0.70002,0.70017,1.00,1.00
2017.09.29 10:21:15.257,0.70003,0.70019,1.00,1.00
2017.09.29 10:21:15.770,0.70002,0.70018,1.00,1.00
2017.09.29 10:21:16.504,0.70002,0.70019,1.00,1.00
2017.09.29 10:21:18.082,0.70003,0.70019,1.00,1.00
2017.09.29 10:21:18.785,0.70003,0.70022,1.50,1.12
2017.09.29 10:21:22.121,0.70002,0.70022,1.50,1.12
2017.09.29 10:21:22.881,0.70002,0.70022,1.00,1.37
2017.09.29 10:21:25.107,0.70004,0.7002,1.00,1.00
2017.09.29 10:21:35.100,0.70003,0.7002,1.00,1.00
2017.09.29 10:21:39.293,0.70003,0.70022,1.00,1.00
2017.09.29 10:21:39.663,0.70006,0.70023,1.50,1.00
2017.09.29 10:21:40.192,0.70007,0.70024,1.00,1.00
2017.09.29 10:21:49.438,0.70006,0.70026,1.12,1.50
2017.09.29 10:21:49.490,0.7001,0.70028,1.00,1.87
2017.09.29 10:21:50.271,0.70009,0.70028,1.12,1.00
2017.09.29 10:21:51.241,0.70009,0.70028,1.12,4.50
2017.09.29 10:21:52.263,0.7001,0.70028,1.00,5.25
2017.09.29 10:21:52.570,0.69987,0.69996,3.00,1.00
2017.09.29 10:21:52.621,0.69985,0.69994,1.37,1.00
2017.09.29 10:21:52.723,0.69985,0.69993,1.00,1.00
2017.09.29 10:21:52.824,0.69983,0.69995,1.00,1.00
2017.09.29 10:21:53.243,0.69984,0.69998,1.00,1.00
2017.09.29 10:21:53.867,0.69984,0.69999,1.00,1.00
2017.09.29 10:21:54.324,0.69984,0.70001,1.00,1.00
2017.09.29 10:21:54.580,0.69982,0.69993,1.00,1.00
2017.09.29 10:21:54.746,0.69971,0.69985,1.12,1.00
2017.09.29 10:21:54.848,0.69971,0.69985,1.87,1.00
2017.09.29 10:21:54.949,0.69971,0.69985,1.00,1.00
2017.09.29 10:21:55.421,0.69971,0.69988,1.87,1.00
2017.09.29 10:21:55.628,0.69973,0.69988,1.00,1.00
2017.09.29 10:21:56.222,0.69973,0.69989,1.00,1.00
2017.09.29 10:22:00.110,0.69972,0.6999,1.00,1.00
2017.09.29 10:22:00.629,0.69973,0.6999,1.50,1.00
2017.09.29 10:22:00.944,0.6998,0.69995,1.00,1.12
2017.09.29 10:22:01.046,0.6998,0.69997,1.00,1.50
2017.09.29 10:22:01.147,0.69982,0.69998,1.00,1.50
2017.09.29 10:22:01.497,0.69988,0.70004,1.50,1.00
2017.09.29 10:22:01.548,0.69988,0.70006,1.50,1.00
2017.09.29 10:22:01.905,0.69991,0.70006,1.50,1.00
2017.09.29 10:22:02.057,0.69995,0.70011,1.50,1.00
2017.09.29 10:22:02.158,0.69997,0.70012,1.00,1.00
2017.09.29 10:22:02.462,0.7,0.70014,1.00,1.00
2017.09.29 10:22:02.961,0.70001,0.70016,1.00,1.00
2017.09.29 10:22:03.483,0.70001,0.70017,1.50,1.00
2017.09.29 10:22:06.565,0.7,0.70017,1.12,1.50
2017.09.29 10:22:07.531,0.70001,0.70017,1.00,1.00
2017.09.29 10:22:10.556,0.69999,0.70017,1.00,1.00
2017.09.29 10:22:10.607,0.69997,0.70014,2.25,1.00
2017.09.29 10:22:10.911,0.69992,0.70009,1.37,1.00
2017.09.29 10:22:11.422,0.69994,0.70009,1.00,1.00
2017.09.29 10:22:11.923,0.69993,0.70009,1.00,1.00
2017.09.29 10:22:14.038,0.69988,0.70002,2.25,1.00
2017.09.29 10:22:14.190,0.69982,0.69996,1.00,1.50
2017.09.29 10:22:14.241,0.69974,0.6999,1.37,1.00
2017.09.29 10:22:14.494,0.69969,0.69982,1.00,1.00
2017.09.29 10:22:14.751,0.6997,0.69984,1.00,1.00
2017.09.29 10:22:15.103,0.6997,0.69987,1.00,1.00
2017.09.29 10:22:15.584,0.6997,0.69989,1.50,1.50
2017.09.29 10:22:16.335,0.69971,0.69989,1.00,1.50
2017.09.29 10:22:16.990,0.69976,0.69992,1.00,1.00
2017.09.29 10:22:17.278,0.6998,0.69998,1.87,1.00
2017.09.29 10:22:17.329,0.6998,0.69996,1.12,1.00
2017.09.29 10:22:17.584,0.69978,0.69996,1.50,1.00
2017.09.29 10:22:18.612,0.69977,0.69994,1.00,1.00
2017.09.29 10:22:18.969,0.69977,0.69992,1.00,1.50
2017.09.29 10:22:19.232,0.69975,0.69992,1.50,1.00
2017.09.29 10:22:19.799,0.69976,0.69992,1.00,1.00
2017.09.29 10:22:20.181,0.69978,0.69992,1.00,1.00
2017.09.29 10:22:20.621,0.69976,0.69992,1.50,1.00
2017.09.29 10:22:20.672,0.69977,0.69994,1.00,1.00
2017.09.29 10:22:21.189,0.69977,0.69996,1.50,3.37
2017.09.29 10:22:22.040,0.69977,0.69997,2.25,1.00
2017.09.29 10:22:22.091,0.69979,0.69997,1.00,1.00
2017.09.29 10:22:22.994,0.69979,0.69998,1.50,1.50
2017.09.29 10:22:23.443,0.69981,0.69997,1.00,1.00
2017.09.29 10:22:23.923,0.69979,0.69998,2.25,1.50
2017.09.29 10:22:24.127,0.69983,0.70002,1.50,1.87
2017.09.29 10:22:24.393,0.69979,0.69997,1.50,1.00
2017.09.29 10:22:24.899,0.69979,0.69996,1.00,1.37
2017.09.29 10:22:27.108,0.69979,0.69993,1.00,1.00
2017.09.29 10:22:27.159,0.69979,0.69996,1.00,2.25
2017.09.29 10:22:27.685,0.69978,0.69994,1.00,1.00
2017.09.29 10:22:28.409,0.69978,0.69995,1.00,1.12
2017.09.29 10:22:28.611,0.6998,0.69998,1.50,1.12
2017.09.29 10:22:29.072,0.69982,0.69997,1.00,1.00
2017.09.29 10:22:29.589,0.69983,0.7,1.00,1.37
2017.09.29 10:22:29.741,0.69983,0.7,1.00,1.00
2017.09.29 10:22:30.284,0.69984,0.70002,1.00,1.12
2017.09.29 10:22:30.407,0.69984,0.7,1.00,1.00
2017.09.29 10:22:32.654,0.69984,0.70002,1.50,1.12
2017.09.29 10:22:33.318,0.69984,0.70001,1.00,1.00
2017.09.29 10:22:33.875,0.69983,0.7,1.00,1.00
2017.09.29 10:22:35.251,0.69983,0.70002,2.25,1.12
2017.09.29 10:22:36.070,0.69984,0.70002,1.00,1.12
2017.09.29 10:22:37.922,0.69987,0.70003,1.00,1.00
2017.09.29 10:22:38.174,0.69988,0.70005,1.00,1.00
2017.09.29 10:22:38.276,0.69989,0.70007,1.00,1.72
2017.09.29 10:22:38.702,0.6999,0.70009,2.25,1.12
2017.09.29 10:22:39.750,0.6999,0.70008,2.25,1.00
2017.09.29 10:22:41.062,0.69987,0.70003,1.37,1.00
2017.09.29 10:22:41.163,0.69982,0.69998,1.00,1.00
2017.09.29 10:22:41.671,0.69979,0.69997,1.00,1.00
2017.09.29 10:22:43.403,0.6998,0.69996,1.00,1.00
2017.09.29 10:22:43.788,0.69979,0.69998,1.50,1.12
2017.09.29 10:22:44.411,0.69979,0.69997,1.50,1.00
2017.09.29 10:22:47.040,0.69979,0.69998,1.50,1.12
2017.09.29 10:22:47.529,0.6998,0.69996,1.00,1.00
2017.09.29 10:22:48.856,0.69979,0.69997,1.00,1.00
2017.09.29 10:22:49.406,0.69979,0.69998,1.50,1.12
2017.09.29 10:22:50.125,0.6998,0.69998,1.00,1.12
2017.09.29 10:22:50.640,0.6998,0.69996,1.00,1.00
2017.09.29 10:22:51.200,0.6998,0.69997,1.00,1.00
2017.09.29 10:22:52.358,0.69979,0.69996,1.50,1.00
2017.09.29 10:22:52.959,0.6998,0.69996,1.00,1.00
2017.09.29 10:22:53.778,0.6998,0.69997,1.50,1.00
2017.09.29 10:22:54.875,0.6998,0.69998,2.25,1.00
2017.09.29 10:22:58.893,0.69984,0.69998,1.00,1.00
2017.09.29 10:23:02.809,0.69984,0.69999,1.00,1.00
2017.09.29 10:23:03.153,0.69986,0.7,1.00,1.00
2017.09.29 10:23:03.697,0.69986,0.70001,1.50,1.00
2017.09.29 10:23:05.254,0.69986,0.70003,1.00,1.00
2017.09.29 10:23:06.843,0.69986,0.70004,1.50,1.12
2017.09.29 10:23:06.893,0.69988,0.70003,1.00,1.00
2017.09.29 10:23:07.050,0.69989,0.70005,1.50,1.00
2017.09.29 10:23:07.581,0.6999,0.70006,1.00,1.00
2017.09.29 10:23:07.632,0.69992,0.70008,1.00,1.12
2017.09.29 10:23:08.219,0.69992,0.70009,1.00,1.12
2017.09.29 10:23:10.236,0.69993,0.7001,1.00,1.12
2017.09.29 10:23:23.618,0.69992,0.70009,1.50,1.00
2017.09.29 10:23:23.939,0.69986,0.70004,1.50,1.00
2017.09.29 10:23:24.795,0.69987,0.70004,1.00,1.00
2017.09.29 10:23:25.523,0.69988,0.70005,1.00,1.00
2017.09.29 10:23:26.354,0.69988,0.70006,1.12,1.00
2017.09.29 10:23:26.868,0.69988,0.70007,2.62,1.00
2017.09.29 10:23:27.599,0.69988,0.70005,2.62,1.00
2017.09.29 10:23:30.475,0.69988,0.70004,1.00,1.00
2017.09.29 10:23:30.627,0.69985,0.70003,1.87,1.00
2017.09.29 10:23:31.163,0.69985,0.70003,1.50,1.00
2017.09.29 10:23:36.614,0.69985,0.70001,1.50,1.00
2017.09.29 10:23:37.115,0.69984,0.70001,2.25,1.00
2017.09.29 10:23:38.006,0.69984,0.7,1.50,1.00
2017.09.29 10:23:38.209,0.69982,0.7,1.00,1.00
2017.09.29 10:23:38.727,0.69982,0.70001,1.00,1.00
2017.09.29 10:23:39.300,0.69983,0.70001,1.00,1.00
2017.09.29 10:23:41.300,0.69982,0.69999,2.25,1.00
2017.09.29 10:23:41.883,0.69981,0.69998,1.00,1.00
2017.09.29 10:23:42.035,0.69981,0.7,1.00,1.00
2017.09.29 10:23:42.240,0.69987,0.70003,1.00,1.12
2017.09.29 10:23:42.393,0.69988,0.70006,1.00,1.12
2017.09.29 10:23:42.976,0.69989,0.70008,1.00,3.00
2017.09.29 10:23:44.421,0.69989,0.70008,1.00,1.00
2017.09.29 10:23:46.135,0.69988,0.70006,1.87,1.00
2017.09.29 10:23:46.438,0.69991,0.70008,1.00,1.00
2017.09.29 10:23:47.471,0.69991,0.70009,1.50,1.00
2017.09.29 10:23:47.779,0.69994,0.70011,1.00,1.00
2017.09.29 10:23:49.946,0.69992,0.70009,2.25,1.00
2017.09.29 10:23:50.258,0.69991,0.70007,1.12,4.50
2017.09.29 10:23:50.928,0.6999,0.70007,1.00,4.50
2017.09.29 10:23:51.586,0.69988,0.70007,1.50,4.50
2017.09.29 10:23:51.990,0.69992,0.7001,1.50,1.37
2017.09.29 10:23:52.142,0.69994,0.70011,1.00,1.00
2017.09.29 10:23:52.400,0.69996,0.70011,1.00,1.00
2017.09.29 10:23:52.960,0.69996,0.70012,1.00,1.00
2017.09.29 10:23:53.622,0.69995,0.70012,1.00,1.00
2017.09.29 10:23:55.105,0.69997,0.70015,1.00,1.12
2017.09.29 10:23:56.500,0.69998,0.70015,1.00,1.12
2017.09.29 10:23:59.993,0.69998,0.70016,1.00,1.00
2017.09.29 10:24:00.214,0.69997,0.70014,1.00,1.00
2017.09.29 10:24:00.730,0.69995,0.70009,1.00,1.00
2017.09.29 10:24:00.831,0.69993,0.70009,1.00,1.00
2017.09.29 10:24:01.053,0.69995,0.70011,1.00,1.00
2017.09.29 10:24:01.509,0.69997,0.70012,1.00,1.00
2017.09.29 10:24:03.372,0.69997,0.70013,1.00,1.00
2017.09.29 10:24:05.417,0.69997,0.70015,1.00,1.12
2017.09.29 10:24:06.775,0.69997,0.70014,1.00,1.00
2017.09.29 10:24:06.826,0.69997,0.70011,1.00,1.00
2017.09.29 10:24:06.927,0.69994,0.70011,1.50,1.00
2017.09.29 10:24:07.532,0.69994,0.7001,2.25,1.00
2017.09.29 10:24:07.998,0.69996,0.70011,1.00,1.00
2017.09.29 10:24:09.041,0.69995,0.70012,1.00,1.00
2017.09.29 10:24:10.239,0.69995,0.70011,1.00,1.00
2017.09.29 10:24:12.179,0.69994,0.70011,2.25,1.00
2017.09.29 10:24:12.986,0.69994,0.70012,2.25,1.00
2017.09.29 10:24:13.936,0.69993,0.70009,1.00,1.00
2017.09.29 10:24:14.462,0.69992,0.70008,1.00,1.00
2017.09.29 10:24:18.487,0.69992,0.70007,1.00,1.00
2017.09.29 10:24:20.558,0.69992,0.70008,1.00,1.00
2017.09.29 10:24:24.283,0.69994,0.70008,1.00,1.00
2017.09.29 10:24:24.614,0.69991,0.70008,2.25,1.00
2017.09.29 10:24:24.665,0.69989,0.70006,1.37,1.00
2017.09.29 10:24:25.174,0.69991,0.70006,1.00,1.00
2017.09.29 10:24:26.393,0.69992,0.70006,1.00,1.00
2017.09.29 10:24:30.138,0.69992,0.70009,1.00,1.00
2017.09.29 10:24:30.660,0.69993,0.70009,1.00,1.00
2017.09.29 10:24:35.426,0.69993,0.7001,1.00,1.00
2017.09.29 10:24:41.311,0.69993,0.70008,1.00,1.00
2017.09.29 10:24:41.910,0.69993,0.70009,1.00,1.00
2017.09.29 10:24:42.511,0.69993,0.70008,1.00,1.00
2017.09.29 10:24:42.562,0.69991,0.70008,1.00,1.00
2017.09.29 10:24:43.099,0.69991,0.70007,1.00,1.00
2017.09.29 10:24:44.491,0.69991,0.70008,1.00,1.00
2017.09.29 10:24:50.427,0.69989,0.70008,2.25,1.00
2017.09.29 10:24:50.735,0.69989,0.70006,2.25,1.00
2017.09.29 10:24:56.156,0.6999,0.70006,1.00,1.00
2017.09.29 10:24:57.216,0.6999,0.70007,1.50,1.00
2017.09.29 10:24:57.796,0.69991,0.70008,1.50,1.00
2017.09.29 10:24:58.345,0.69996,0.70013,1.00,1.87
2017.09.29 10:24:58.548,0.69998,0.70016,1.00,1.00
2017.09.29 10:25:00.247,0.69998,0.70018,1.50,1.00
2017.09.29 10:25:00.672,0.69998,0.70016,1.50,1.00
2017.09.29 10:25:03.484,0.69998,0.70017,1.00,1.00
2017.09.29 10:25:09.211,0.70002,0.70019,1.00,1.87
2017.09.29 10:25:09.312,0.70003,0.70021,1.50,1.37
2017.09.29 10:25:09.363,0.70005,0.70023,1.00,1.37
2017.09.29 10:25:09.414,0.70005,0.70023,1.00,1.00
2017.09.29 10:25:09.465,0.70007,0.70023,1.00,1.00
2017.09.29 10:25:09.981,0.70007,0.70024,1.00,1.00
2017.09.29 10:25:10.716,0.70006,0.70024,1.00,1.00
2017.09.29 10:25:12.279,0.70014,0.70028,1.00,1.37
2017.09.29 10:25:12.380,0.70014,0.70032,1.00,1.87
2017.09.29 10:25:12.481,0.70014,0.70032,1.00,1.00
2017.09.29 10:25:13.210,0.70013,0.70032,1.87,1.00
2017.09.29 10:25:13.971,0.70012,0.7003,2.62,1.00
2017.09.29 10:25:14.230,0.7001,0.7003,1.37,1.00
2017.09.29 10:25:14.433,0.70009,0.70029,1.87,1.12
2017.09.29 10:25:14.585,0.70011,0.7003,1.00,1.37
2017.09.29 10:25:14.928,0.70008,0.70025,1.37,1.00
2017.09.29 10:25:15.135,0.70007,0.70025,1.00,1.00
2017.09.29 10:25:15.675,0.70008,0.70026,1.00,1.00
2017.09.29 10:25:16.027,0.70005,0.70022,1.12,1.00
2017.09.29 10:25:16.331,0.69994,0.70012,1.37,1.00
2017.09.29 10:25:16.433,0.69995,0.70012,1.00,1.00
2017.09.29 10:25:16.605,0.69994,0.70014,1.50,1.00
2017.09.29 10:25:16.758,0.69994,0.70012,1.00,1.00
2017.09.29 10:25:17.283,0.69994,0.70013,1.50,1.00
2017.09.29 10:25:18.356,0.69998,0.70015,1.00,1.87
2017.09.29 10:25:18.411,0.69999,0.70017,1.00,1.50
2017.09.29 10:25:18.464,0.69997,0.70015,1.37,1.00
2017.09.29 10:25:18.849,0.69992,0.70007,1.37,1.00
2017.09.29 10:25:18.900,0.69992,0.7001,1.00,1.00
2017.09.29 10:25:19.387,0.69989,0.70009,1.50,1.50
2017.09.29 10:25:19.438,0.69992,0.70007,1.00,1.00
2017.09.29 10:25:19.593,0.69995,0.70013,1.00,1.50
2017.09.29 10:25:19.645,0.69994,0.7001,1.00,1.00
2017.09.29 10:25:19.775,0.69993,0.70012,1.00,1.50
2017.09.29 10:25:19.827,0.69991,0.7001,1.00,1.00
2017.09.29 10:25:20.463,0.69992,0.70011,1.00,1.12
2017.09.29 10:25:20.565,0.6999,0.7001,1.12,1.50
2017.09.29 10:25:21.072,0.69991,0.70011,1.00,1.50
2017.09.29 10:25:21.138,0.69991,0.70009,1.00,1.00
2017.09.29 10:25:21.443,0.69988,0.70007,1.37,1.00
2017.09.29 10:25:21.545,0.69988,0.70008,1.00,1.50
2017.09.29 10:25:21.596,0.6999,0.70008,1.00,1.00
2017.09.29 10:25:22.102,0.69988,0.70006,1.00,1.50
2017.09.29 10:25:22.475,0.69987,0.70004,1.00,1.00
2017.09.29 10:25:22.978,0.69985,0.70004,1.37,1.00
2017.09.29 10:25:23.711,0.69987,0.70004,1.00,1.00
2017.09.29 10:25:24.248,0.69989,0.70005,1.00,1.00
2017.09.29 10:25:24.357,0.6999,0.70007,1.00,1.12
2017.09.29 10:25:25.859,0.69989,0.70007,1.00,1.50
2017.09.29 10:25:25.910,0.69987,0.70005,1.37,1.00
2017.09.29 10:25:26.450,0.69987,0.70005,1.00,1.12
2017.09.29 10:25:26.907,0.6999,0.70006,1.00,1.37
2017.09.29 10:25:27.160,0.6999,0.70007,1.00,1.00
2017.09.29 10:25:27.686,0.69989,0.70009,1.00,1.37
2017.09.29 10:25:27.993,0.69992,0.70008,1.00,1.00
2017.09.29 10:25:28.044,0.69992,0.7001,1.00,1.87
2017.09.29 10:25:28.471,0.69991,0.70007,1.00,1.00
2017.09.29 10:25:28.905,0.69988,0.70004,1.37,1.00
2017.09.29 10:25:28.956,0.69986,0.70004,1.87,1.00
2017.09.29 10:25:29.361,0.69985,0.70004,1.12,1.50
2017.09.29 10:25:29.811,0.69983,0.70003,1.50,1.00
2017.09.29 10:25:30.400,0.69984,0.70002,1.00,1.00
2017.09.29 10:25:31.313,0.69983,0.70002,1.12,1.50
2017.09.29 10:25:31.847,0.69984,0.70002,1.00,1.00
2017.09.29 10:25:33.045,0.69986,0.70002,1.00,1.00
2017.09.29 10:25:33.595,0.69986,0.70003,1.00,1.00
2017.09.29 10:25:34.152,0.69985,0.70003,1.00,1.00
2017.09.29 10:25:34.462,0.69987,0.70004,1.00,1.00
2017.09.29 10:25:34.664,0.69989,0.70007,1.00,1.00
2017.09.29 10:25:35.354,0.6999,0.70007,1.00,1.00
2017.09.29 10:25:35.758,0.69987,0.70006,1.00,1.00
2017.09.29 10:25:38.504,0.69987,0.70004,1.00,1.00
2017.09.29 10:25:39.167,0.69986,0.70004,1.00,1.00
2017.09.29 10:25:39.468,0.69985,0.70002,1.12,1.00
2017.09.29 10:25:40.115,0.69984,0.70002,1.00,1.00
2017.09.29 10:25:40.474,0.69987,0.70005,1.00,1.50
2017.09.29 10:25:41.019,0.69988,0.70005,1.00,1.00
2017.09.29 10:25:47.189,0.69987,0.70006,1.37,2.25
2017.09.29 10:25:53.566,0.69993,0.70006,1.00,1.50
2017.09.29 10:25:53.616,0.69991,0.70007,1.00,1.00
2017.09.29 10:25:53.760,0.69989,0.70005,1.00,1.00
2017.09.29 10:25:54.066,0.69984,0.70001,1.37,1.00
2017.09.29 10:25:54.117,0.69987,0.70003,1.37,1.00
2017.09.29 10:25:54.347,0.69986,0.70005,1.12,1.00
2017.09.29 10:25:54.398,0.69989,0.70006,1.00,1.00
2017.09.29 10:25:54.997,0.69989,0.70005,1.37,1.00
2017.09.29 10:25:55.520,0.69991,0.70006,1.00,1.00
2017.09.29 10:25:56.062,0.6999,0.70007,1.12,1.00
2017.09.29 10:25:56.387,0.69989,0.70005,1.50,1.00
2017.09.29 10:25:58.154,0.69991,0.70005,1.00,1.00
2017.09.29 10:25:58.204,0.69991,0.70007,1.00,1.00
2017.09.29 10:25:58.407,0.69989,0.70007,1.12,1.50
2017.09.29 10:25:58.660,0.69989,0.70005,1.12,1.00
2017.09.29 10:26:00.165,0.69991,0.70006,1.00,1.00
2017.09.29 10:26:00.547,0.69992,0.70008,1.12,1.00
2017.09.29 10:26:01.146,0.69992,0.7001,1.12,1.00
2017.09.29 10:26:01.652,0.69993,0.7001,1.00,1.00
2017.09.29 10:26:03.427,0.69994,0.7001,1.00,1.00
2017.09.29 10:26:03.933,0.69993,0.7001,1.12,1.00
2017.09.29 10:26:05.187,0.69994,0.7001,1.00,1.00
2017.09.29 10:26:05.500,0.69996,0.70011,1.00,1.00
2017.09.29 10:26:06.037,0.69995,0.70011,1.87,1.00
2017.09.29 10:26:06.565,0.69995,0.70012,1.87,1.00
2017.09.29 10:26:08.684,0.69996,0.70012,1.00,1.00
2017.09.29 10:26:09.206,0.69997,0.70012,1.00,1.00
2017.09.29 10:26:09.729,0.69994,0.70012,1.87,1.00
2017.09.29 10:26:09.780,0.69994,0.70007,1.37,1.00
2017.09.29 10:26:09.983,0.69992,0.70007,1.00,1.00
2017.09.29 10:26:10.034,0.69992,0.70009,1.00,1.00
2017.09.29 10:26:10.574,0.69992,0.7001,1.00,2.25
2017.09.29 10:26:10.676,0.6999,0.70008,1.12,1.50
2017.09.29 10:26:13.270,0.69989,0.70008,1.00,1.50
2017.09.29 10:26:13.802,0.69989,0.70009,1.00,1.87
2017.09.29 10:26:13.956,0.69986,0.70008,1.37,1.50
2017.09.29 10:26:14.007,0.69986,0.70006,1.87,1.00
2017.09.29 10:26:14.552,0.69986,0.70006,1.00,1.00
2017.09.29 10:26:15.419,0.69986,0.70007,1.00,1.50
2017.09.29 10:26:15.958,0.69986,0.70007,1.37,1.50
2017.09.29 10:26:18.636,0.69986,0.70006,1.37,1.00
2017.09.29 10:26:19.996,0.69983,0.70003,1.37,1.00
2017.09.29 10:26:20.098,0.69983,0.70003,1.37,1.00
2017.09.29 10:26:20.199,0.69983,0.70002,1.00,1.00
2017.09.29 10:26:20.749,0.69982,0.70003,1.12,1.00
2017.09.29 10:26:21.417,0.69983,0.70003,1.00,1.00
2017.09.29 10:26:21.519,0.69983,0.70003,1.37,1.00
2017.09.29 10:26:22.161,0.69984,0.70004,1.87,1.00
2017.09.29 10:26:22.688,0.69983,0.70004,2.25,1.00
2017.09.29 10:26:23.032,0.69985,0.70002,1.00,1.00
2017.09.29 10:26:23.591,0.69985,0.70003,1.00,1.50
2017.09.29 10:26:24.118,0.69986,0.70003,1.00,1.00
2017.09.29 10:26:24.169,0.69988,0.70007,1.00,1.12
2017.09.29 10:26:25.078,0.69987,0.70006,1.37,1.00
2017.09.29 10:26:25.130,0.69987,0.70003,1.37,1.00
2017.09.29 10:26:25.232,0.69986,0.70005,1.37,1.00
2017.09.29 10:26:25.334,0.69986,0.70005,1.00,1.00
2017.09.29 10:26:27.258,0.69986,0.70006,1.00,1.50
2017.09.29 10:26:28.546,0.69987,0.70006,1.12,1.50
2017.09.29 10:26:28.877,0.69989,0.70006,1.00,1.50
2017.09.29 10:26:29.663,0.69989,0.70008,1.00,1.00
2017.09.29 10:26:30.190,0.69989,0.70008,1.50,1.00
2017.09.29 10:26:32.864,0.6999,0.70009,1.12,1.50
2017.09.29 10:26:36.180,0.69991,0.70009,1.00,1.50
2017.09.29 10:26:40.543,0.6999,0.7001,1.50,2.25
2017.09.29 10:26:40.594,0.69988,0.70006,1.50,1.00
2017.09.29 10:26:40.871,0.69984,0.70003,1.00,1.00
2017.09.29 10:26:41.479,0.69983,0.70003,1.00,1.50
2017.09.29 10:26:43.112,0.69984,0.70004,1.00,1.00
2017.09.29 10:26:43.214,0.69987,0.70005,1.00,1.12
2017.09.29 10:26:44.986,0.69986,0.70004,1.37,1.00
2017.09.29 10:26:46.014,0.69984,0.70005,2.25,2.25
2017.09.29 10:26:46.318,0.69984,0.70002,1.50,1.00
2017.09.29 10:26:48.418,0.69985,0.70003,1.37,1.00
2017.09.29 10:26:48.860,0.69983,0.70003,1.12,1.00
2017.09.29 10:26:50.698,0.69984,0.70004,1.00,2.25
2017.09.29 10:26:51.306,0.69984,0.70003,1.00,1.00
2017.09.29 10:26:52.864,0.69984,0.70002,1.00,1.00
2017.09.29 10:26:58.062,0.69984,0.70003,1.00,1.00
2017.09.29 10:26:59.640,0.69984,0.70002,1.00,1.00
2017.09.29 10:27:00.484,0.69984,0.70004,1.00,2.62
2017.09.29 10:27:03.452,0.69984,0.70001,1.12,1.00
2017.09.29 10:27:03.855,0.69984,0.70003,1.00,1.12
2017.09.29 10:27:05.728,0.69984,0.70002,1.00,1.00
2017.09.29 10:27:06.325,0.69984,0.70003,1.00,1.87
2017.09.29 10:27:07.267,0.69984,0.70002,1.00,1.00
2017.09.29 10:27:10.477,0.69983,0.70002,1.00,1.50
2017.09.29 10:27:12.190,0.69984,0.70002,1.00,1.00
2017.09.29 10:27:14.624,0.69984,0.70001,1.00,1.00
2017.09.29 10:27:15.206,0.69984,0.70002,1.00,1.00
2017.09.29 10:27:15.850,0.69982,0.7,1.12,1.00
2017.09.29 10:27:15.952,0.69984,0.70004,1.00,1.95
2017.09.29 10:27:16.104,0.69984,0.70001,1.00,1.00
2017.09.29 10:27:18.720,0.69983,0.70002,1.12,1.50
2017.09.29 10:27:23.257,0.69984,0.70001,1.00,1.00
2017.09.29 10:27:25.306,0.69983,0.70002,1.12,1.50
2017.09.29 10:27:26.355,0.69983,0.70001,1.12,1.00
2017.09.29 10:27:30.163,0.69982,0.70001,1.00,2.25
2017.09.29 10:27:30.472,0.69984,0.70001,1.00,2.25
2017.09.29 10:27:30.523,0.69982,0.70001,1.00,2.25
2017.09.29 10:27:31.034,0.69983,0.70001,1.00,2.25
2017.09.29 10:27:32.110,0.69985,0.70002,1.00,1.50
2017.09.29 10:27:32.489,0.69982,0.7,1.37,1.50
2017.09.29 10:27:32.992,0.69983,0.70001,1.00,1.50
2017.09.29 10:27:35.788,0.69982,0.7,1.00,1.00
2017.09.29 10:27:41.574,0.69983,0.70001,1.00,1.50
2017.09.29 10:27:42.078,0.69984,0.70001,1.00,1.50
2017.09.29 10:27:42.828,0.69984,0.70002,1.00,1.50
2017.09.29 10:27:43.285,0.69986,0.70003,1.00,1.00
2017.09.29 10:27:43.820,0.69986,0.70002,1.00,1.00
2017.09.29 10:27:44.649,0.69985,0.70003,1.00,1.00
2017.09.29 10:27:44.968,0.69987,0.70002,1.00,1.00
2017.09.29 10:27:45.701,0.69986,0.70003,1.00,1.00
2017.09.29 10:27:49.886,0.69984,0.70001,1.00,1.00
2017.09.29 10:27:50.430,0.69983,0.70001,1.00,1.50
2017.09.29 10:27:50.947,0.69984,0.7,1.00,1.00
2017.09.29 10:27:51.725,0.69984,0.70001,1.00,1.50
2017.09.29 10:27:53.805,0.69984,0.7,1.00,1.00
2017.09.29 10:27:57.503,0.69982,0.7,1.00,1.00
2017.09.29 10:27:57.555,0.6998,0.69998,1.37,1.50
2017.09.29 10:27:57.809,0.69982,0.7,1.00,1.00
2017.09.29 10:27:58.407,0.69983,0.70001,1.00,1.50
2017.09.29 10:28:01.580,0.69984,0.70001,1.00,1.00
2017.09.29 10:28:03.047,0.69984,0.70002,1.00,2.62
2017.09.29 10:28:03.564,0.69985,0.70002,1.00,1.00
2017.09.29 10:28:04.151,0.69984,0.70002,1.00,2.62
2017.09.29 10:28:04.685,0.69984,0.70001,1.00,1.00
2017.09.29 10:28:05.125,0.69984,0.70003,1.00,2.25
2017.09.29 10:28:15.508,0.69986,0.70003,1.00,1.00
2017.09.29 10:28:19.049,0.69985,0.70002,1.00,1.00
2017.09.29 10:28:21.047,0.69984,0.70004,1.00,2.62
2017.09.29 10:28:21.580,0.69984,0.70003,1.00,1.00
2017.09.29 10:28:21.733,0.69982,0.70001,1.00,1.50
2017.09.29 10:28:22.088,0.69984,0.70001,1.00,1.00
2017.09.29 10:28:22.431,0.69984,0.70003,1.00,1.87
2017.09.29 10:28:24.609,0.69987,0.70005,1.00,1.37
2017.09.29 10:28:24.862,0.69987,0.70006,1.00,1.87
2017.09.29 10:28:27.165,0.69988,0.70006,1.00,1.00
2017.09.29 10:28:28.320,0.69988,0.70007,1.00,1.50
2017.09.29 10:28:28.492,0.6999,0.70007,1.00,1.50
2017.09.29 10:28:28.804,0.69991,0.7001,1.00,1.87
2017.09.29 10:28:29.965,0.69992,0.7001,1.00,1.50
2017.09.29 10:28:30.479,0.69992,0.70009,1.50,1.00
2017.09.29 10:28:31.257,0.69992,0.7001,1.00,1.50
2017.09.29 10:28:35.136,0.69994,0.7001,1.00,1.50
2017.09.29 10:28:35.642,0.69994,0.70011,1.50,1.50
2017.09.29 10:28:36.533,0.69999,0.70015,1.00,1.37
2017.09.29 10:28:36.685,0.70001,0.70018,1.00,1.87
2017.09.29 10:28:42.984,0.70003,0.70018,1.00,1.00
2017.09.29 10:28:51.100,0.70001,0.70018,1.00,1.00
2017.09.29 10:28:56.630,0.70002,0.70018,1.00,1.00
2017.09.29 10:28:57.815,0.70001,0.70018,1.00,1.00
2017.09.29 10:28:58.330,0.70002,0.70018,1.00,1.00
2017.09.29 10:29:00.792,0.70001,0.70018,1.12,1.00
2017.09.29 10:29:05.220,0.70001,0.7002,1.00,1.50
2017.09.29 10:29:06.096,0.70002,0.7002,1.00,1.50
2017.09.29 10:29:08.170,0.70001,0.7002,1.00,1.50
2017.09.29 10:29:10.154,0.70003,0.7002,1.00,1.50
2017.09.29 10:29:10.668,0.70001,0.70019,1.00,1.00
2017.09.29 10:29:11.242,0.70002,0.70019,1.00,1.00
2017.09.29 10:29:11.943,0.70003,0.70019,1.00,1.50
2017.09.29 10:29:17.002,0.70001,0.7002,1.00,2.25
2017.09.29 10:29:19.670,0.70002,0.7002,1.00,1.50
2017.09.29 10:29:19.721,0.70004,0.7002,1.00,1.00
2017.09.29 10:29:19.822,0.70004,0.70022,1.00,1.00
2017.09.29 10:29:20.397,0.70006,0.70022,1.00,1.00
2017.09.29 10:29:21.203,0.70007,0.70022,1.00,1.00
2017.09.29 10:29:21.253,0.70007,0.70024,1.00,1.50
2017.09.29 10:29:21.812,0.70008,0.70025,1.00,1.50
2017.09.29 10:29:23.212,0.70009,0.70025,1.00,1.50
2017.09.29 10:29:28.921,0.70008,0.70025,1.00,1.50
2017.09.29 10:29:29.732,0.70007,0.70025,1.00,1.50
2017.09.29 10:29:36.028,0.70008,0.70025,1.00,1.50
2017.09.29 10:29:45.469,0.70007,0.70025,1.00,1.50
2017.09.29 10:29:46.078,0.70006,0.70025,1.12,1.50
2017.09.29 10:29:49.099,0.70007,0.70025,1.00,1.50
2017.09.29 10:29:51.058,0.70008,0.70025,1.00,1.50
2017.09.29 10:29:51.459,0.70006,0.70025,1.00,1.50
2017.09.29 10:29:53.035,0.70006,0.70023,1.00,1.00
2017.09.29 10:29:53.239,0.7,0.70019,1.00,1.50
2017.09.29 10:29:54.046,0.70001,0.70019,1.00,1.50
2017.09.29 10:29:54.561,0.70001,0.70018,1.00,1.00
2017.09.29 10:30:00.931,0.70001,0.70019,1.00,1.00
2017.09.29 10:30:01.639,0.7,0.70019,1.12,1.00
2017.09.29 10:30:04.082,0.7,0.7002,1.12,1.87
2017.09.29 10:30:04.719,0.69998,0.70016,1.37,1.00
2017.09.29 10:30:04.831,0.7,0.70019,1.12,1.37
2017.09.29 10:30:04.883,0.70002,0.70019,1.00,1.37
2017.09.29 10:30:04.985,0.7,0.70019,1.12,1.50
2017.09.29 10:30:05.246,0.70002,0.70021,1.00,1.37
2017.09.29 10:30:05.634,0.70004,0.70021,1.00,1.00
2017.09.29 10:30:06.248,0.70003,0.70021,1.00,1.12
2017.09.29 10:30:10.655,0.70002,0.70021,1.50,1.00
2017.09.29 10:30:11.158,0.70002,0.7002,1.12,1.00
2017.09.29 10:30:11.871,0.70002,0.70021,1.12,1.00
2017.09.29 10:30:13.156,0.70004,0.70021,1.00,1.00
2017.09.29 10:30:13.257,0.70004,0.70024,1.00,1.87
2017.09.29 10:30:13.804,0.70004,0.70023,1.00,1.00
2017.09.29 10:30:14.085,0.70006,0.70023,1.00,1.00
2017.09.29 10:30:14.616,0.70005,0.70023,1.00,1.00
2017.09.29 10:30:16.098,0.70007,0.70023,1.00,1.00
2017.09.29 10:30:16.200,0.70007,0.70026,1.00,1.87
2017.09.29 10:30:16.918,0.70008,0.70026,1.00,1.00
2017.09.29 10:30:17.486,0.70009,0.70026,1.00,1.50
2017.09.29 10:30:19.478,0.70011,0.70026,1.00,1.00
2017.09.29 10:30:20.463,0.70009,0.70027,1.00,1.00
2017.09.29 10:30:21.135,0.7001,0.70026,1.00,1.00
2017.09.29 10:30:21.699,0.70011,0.70026,1.00,1.00
2017.09.29 10:30:22.626,0.7001,0.70026,1.00,1.00
2017.09.29 10:30:23.282,0.70011,0.70026,1.00,1.00
2017.09.29 10:30:30.638,0.70011,0.70027,1.00,1.50
2017.09.29 10:30:30.839,0.70012,0.7003,1.00,1.87
2017.09.29 10:30:30.890,0.70014,0.7003,1.00,1.87
2017.09.29 10:30:31.222,0.70016,0.70032,1.00,1.37
2017.09.29 10:30:32.662,0.70014,0.70033,1.00,1.87
2017.09.29 10:30:33.223,0.70015,0.70031,1.00,1.87
2017.09.29 10:30:33.763,0.70013,0.70031,1.00,1.87
2017.09.29 10:30:34.584,0.70013,0.7003,1.00,1.00
2017.09.29 10:30:35.195,0.7001,0.70027,1.37,1.00
2017.09.29 10:30:35.552,0.70009,0.70026,1.00,1.50
2017.09.29 10:30:36.146,0.70008,0.70026,1.00,1.00
2017.09.29 10:30:36.695,0.70009,0.70025,1.00,1.00
2017.09.29 10:30:37.906,0.70009,0.70026,1.00,1.00
2017.09.29 10:30:38.038,0.70009,0.70028,1.00,1.87
2017.09.29 10:30:38.296,0.70011,0.70027,1.00,1.00
2017.09.29 10:30:38.989,0.70009,0.70028,1.00,1.87
2017.09.29 10:30:39.040,0.70009,0.70026,1.00,1.00
2017.09.29 10:30:39.553,0.70008,0.70026,1.00,1.00
2017.09.29 10:30:43.233,0.70008,0.70025,1.00,1.00
2017.09.29 10:30:43.795,0.70009,0.70025,1.00,1.50
2017.09.29 10:30:48.569,0.70008,0.70027,1.00,1.50
2017.09.29 10:30:59.206,0.70008,0.70026,1.00,1.00
2017.09.29 10:30:59.768,0.70008,0.70027,1.00,1.00
2017.09.29 10:31:05.003,0.70008,0.70025,1.00,1.00
2017.09.29 10:31:06.206,0.70008,0.70026,1.00,1.00
2017.09.29 10:31:08.372,0.70008,0.70027,1.00,1.00
2017.09.29 10:31:23.124,0.70007,0.70026,1.00,1.00
2017.09.29 10:31:23.511,0.70009,0.70026,1.00,1.00
2017.09.29 10:31:24.298,0.70007,0.70026,1.00,1.00
2017.09.29 10:31:25.068,0.70008,0.70027,1.00,1.00
2017.09.29 10:31:26.905,0.70008,0.70027,1.00,2.62
2017.09.29 10:31:27.451,0.70007,0.70026,1.00,1.12
2017.09.29 10:31:27.502,0.70005,0.70024,1.00,1.00
2017.09.29 10:31:27.813,0.70005,0.70022,1.00,1.00
2017.09.29 10:31:35.345,0.70003,0.70023,1.00,1.50
2017.09.29 10:31:36.267,0.70004,0.70023,1.00,1.50
2017.09.29 10:31:39.214,0.70007,0.70025,1.00,1.12
2017.09.29 10:31:39.437,0.70007,0.70027,1.37,1.00
2017.09.29 10:31:40.212,0.70008,0.70028,1.12,1.87
2017.09.29 10:31:40.939,0.70009,0.70028,1.00,1.87
2017.09.29 10:31:41.566,0.7001,0.70028,1.00,1.12
2017.09.29 10:31:41.923,0.70011,0.70031,1.00,2.47
2017.09.29 10:31:42.549,0.70012,0.70031,1.00,2.47
2017.09.29 10:31:44.480,0.7001,0.70027,1.12,1.00
2017.09.29 10:31:45.005,0.70009,0.70027,1.00,1.12
2017.09.29 10:31:45.629,0.70009,0.70026,1.00,1.00
2017.09.29 10:31:45.983,0.70007,0.70026,1.00,2.25
2017.09.29 10:31:48.777,0.70007,0.70027,1.00,1.87
2017.09.29 10:31:49.607,0.70008,0.70027,1.00,1.87
2017.09.29 10:31:50.119,0.70009,0.70027,1.12,1.50
2017.09.29 10:31:53.188,0.70008,0.70027,1.00,1.50
2017.09.29 10:31:55.893,0.70008,0.70026,1.00,1.00
2017.09.29 10:32:02.659,0.70011,0.70029,1.00,1.37
2017.09.29 10:32:02.762,0.70011,0.7003,1.00,1.87
2017.09.29 10:32:03.211,0.70013,0.7003,1.00,1.50
2017.09.29 10:32:04.026,0.70012,0.7003,1.00,1.00
2017.09.29 10:32:11.982,0.7001,0.70029,1.12,1.00
2017.09.29 10:32:12.636,0.70011,0.70029,1.00,1.00
2017.09.29 10:32:13.181,0.70011,0.70028,1.00,1.00
2017.09.29 10:32:14.575,0.70012,0.70028,1.00,1.00
2017.09.29 10:32:14.626,0.70014,0.70029,1.00,1.00
2017.09.29 10:32:14.973,0.70009,0.70024,1.00,1.00
2017.09.29 10:32:15.023,0.70007,0.70025,1.00,1.87
2017.09.29 10:32:17.321,0.70006,0.70025,1.12,1.00
2017.09.29 10:32:18.289,0.70005,0.70024,1.12,1.00
2017.09.29 10:32:19.606,0.70006,0.70024,1.00,1.00
2017.09.29 10:32:21.161,0.70005,0.70024,1.12,1.00
2017.09.29 10:32:21.315,0.70005,0.70024,1.37,1.00
2017.09.29 10:32:24.818,0.70005,0.70024,1.37,1.37
2017.09.29 10:32:25.021,0.69998,0.70018,1.12,1.50
2017.09.29 10:32:25.809,0.69999,0.70019,1.00,1.00
2017.09.29 10:32:29.207,0.70003,0.70019,1.00,1.00
2017.09.29 10:32:29.736,0.70003,0.70022,1.12,3.00
2017.09.29 10:32:30.079,0.70003,0.70022,1.12,1.00
2017.09.29 10:32:35.686,0.70004,0.70023,1.00,1.50
2017.09.29 10:32:36.387,0.70005,0.70023,1.00,1.00
2017.09.29 10:32:38.552,0.70005,0.70022,1.00,1.00
2017.09.29 10:32:39.216,0.70004,0.70022,1.00,1.00
2017.09.29 10:32:40.357,0.70004,0.70021,1.00,1.00
2017.09.29 10:32:49.611,0.70004,0.70023,1.00,1.50
2017.09.29 10:32:51.423,0.70005,0.70024,1.00,1.50
2017.09.29 10:32:51.826,0.70006,0.70022,1.00,1.00
2017.09.29 10:32:56.330,0.70004,0.70023,1.00,1.00
2017.09.29 10:33:01.735,0.70006,0.70022,1.00,1.00
2017.09.29 10:33:06.446,0.70004,0.70023,1.00,1.00
2017.09.29 10:33:07.205,0.70005,0.70023,1.00,1.00
2017.09.29 10:33:17.274,0.70006,0.70023,1.00,1.00
2017.09.29 10:33:18.970,0.70005,0.70023,1.00,1.00
2017.09.29 10:33:19.021,0.70008,0.70027,1.00,1.87
2017.09.29 10:33:19.122,0.70008,0.70027,1.00,1.87
2017.09.29 10:33:19.791,0.70008,0.70026,1.00,1.00
2017.09.29 10:33:21.476,0.70007,0.70026,1.12,1.00
2017.09.29 10:33:24.328,0.70008,0.70026,1.00,1.00
2017.09.29 10:33:27.372,0.70008,0.70027,1.00,1.00
2017.09.29 10:33:30.823,0.70008,0.70028,1.00,1.87
2017.09.29 10:33:32.415,0.70008,0.70026,1.00,1.00
2017.09.29 10:33:33.610,0.70008,0.70028,1.00,1.87
2017.09.29 10:33:36.506,0.70009,0.70028,1.00,1.87
2017.09.29 10:33:39.973,0.70011,0.70027,1.00,1.00
2017.09.29 10:33:45.114,0.70011,0.70029,1.00,1.87
2017.09.29 10:33:45.625,0.70011,0.70028,1.00,1.00
2017.09.29 10:33:48.166,0.70011,0.70029,1.00,1.50
2017.09.29 10:33:50.827,0.7001,0.70026,1.00,1.00
2017.09.29 10:33:53.738,0.70009,0.70027,1.00,1.12
2017.09.29 10:33:59.225,0.7001,0.70027,1.00,1.00
2017.09.29 10:34:01.168,0.70011,0.70027,1.00,1.00
2017.09.29 10:34:01.935,0.7001,0.70028,1.00,1.00
2017.09.29 10:34:06.613,0.70009,0.70028,1.50,1.00
2017.09.29 10:34:09.050,0.70009,0.70027,1.00,1.00
2017.09.29 10:34:09.569,0.70009,0.70026,1.00,1.00
2017.09.29 10:34:10.328,0.70009,0.70026,1.37,1.00
2017.09.29 10:34:10.646,0.70009,0.70028,1.37,1.50
2017.09.29 10:34:14.502,0.70011,0.70028,1.00,1.00
2017.09.29 10:34:15.090,0.7001,0.70029,1.87,1.00
2017.09.29 10:34:16.547,0.70009,0.70029,1.87,1.50
2017.09.29 10:34:17.682,0.70011,0.70029,1.00,1.50
2017.09.29 10:34:18.347,0.70011,0.70029,1.37,1.50
2017.09.29 10:34:24.906,0.7001,0.70027,1.87,1.00
2017.09.29 10:34:27.054,0.7001,0.70028,1.87,1.00
2017.09.29 10:34:27.357,0.70007,0.70026,1.87,1.50
2017.09.29 10:34:27.408,0.70007,0.70026,1.87,1.00
2017.09.29 10:34:27.994,0.70009,0.70027,1.50,1.00
2017.09.29 10:34:31.727,0.70009,0.70027,1.87,1.00
2017.09.29 10:34:32.600,0.7001,0.70028,1.37,1.00
2017.09.29 10:34:38.609,0.70008,0.70028,2.62,1.00
2017.09.29 10:34:39.763,0.70008,0.70027,2.62,1.00
2017.09.29 10:34:40.272,0.70008,0.70026,2.62,1.00
2017.09.29 10:34:43.285,0.70008,0.70025,1.87,1.00
2017.09.29 10:34:43.833,0.70008,0.70026,1.00,1.50
2017.09.29 10:34:45.828,0.70008,0.70025,1.00,1.00
2017.09.29 10:34:48.018,0.70006,0.70023,1.37,1.00
2017.09.29 10:34:48.372,0.70005,0.70023,1.12,1.00
2017.09.29 10:34:48.422,0.70007,0.70024,1.00,1.00
2017.09.29 10:34:50.115,0.70007,0.70025,1.00,1.50
2017.09.29 10:34:50.612,0.70007,0.70023,1.00,1.00
2017.09.29 10:34:51.657,0.70006,0.70023,1.00,1.00
2017.09.29 10:34:52.264,0.70005,0.70023,1.12,1.00
2017.09.29 10:34:54.353,0.70005,0.70022,1.12,1.00
2017.09.29 10:34:54.607,0.70005,0.70025,1.50,1.50
2017.09.29 10:34:54.804,0.70008,0.70027,2.25,1.00
2017.09.29 10:34:55.108,0.70008,0.70028,2.62,1.50
2017.09.29 10:34:55.615,0.7001,0.70029,1.37,1.12
2017.09.29 10:34:56.587,0.70008,0.70027,2.62,1.00
2017.09.29 10:34:56.920,0.70008,0.70025,1.12,1.00
2017.09.29 10:34:57.421,0.70007,0.70024,1.50,1.00
2017.09.29 10:34:58.740,0.70005,0.70024,2.62,1.00
2017.09.29 10:34:59.445,0.70005,0.70023,2.62,1.00
2017.09.29 10:35:01.905,0.70005,0.70022,1.37,1.00
2017.09.29 10:35:02.519,0.70005,0.70022,1.00,1.00
2017.09.29 10:35:11.769,0.70005,0.70019,1.00,1.00
2017.09.29 10:35:11.871,0.70003,0.7002,1.50,1.00
2017.09.29 10:35:12.023,0.70005,0.70022,1.00,1.00
2017.09.29 10:35:12.074,0.70002,0.70021,1.50,1.00
2017.09.29 10:35:12.846,0.70002,0.70019,1.00,1.00
2017.09.29 10:35:13.149,0.69998,0.70015,1.12,1.00
2017.09.29 10:35:13.913,0.69997,0.70014,1.37,1.00
2017.09.29 10:35:14.824,0.69996,0.70015,1.37,1.00
2017.09.29 10:35:15.434,0.69996,0.70014,1.37,1.00
2017.09.29 10:35:16.712,0.69995,0.70014,1.87,1.00
2017.09.29 10:35:21.602,0.69995,0.70013,1.87,1.00
2017.09.29 10:35:21.761,0.69995,0.70015,1.87,1.00
2017.09.29 10:35:23.046,0.69995,0.70016,1.87,1.00
2017.09.29 10:35:26.192,0.69996,0.70015,1.00,1.00
2017.09.29 10:35:30.613,0.69997,0.70015,1.00,1.00
2017.09.29 10:35:34.745,0.69997,0.70016,1.00,1.00
2017.09.29 10:35:36.749,0.69997,0.70015,1.00,1.00
2017.09.29 10:35:44.915,0.69997,0.70015,1.00,1.60
2017.09.29 10:35:50.370,0.69996,0.70013,1.12,1.60
2017.09.29 10:35:53.866,0.69996,0.70013,1.37,1.60
2017.09.29 10:35:54.170,0.69992,0.7001,1.37,1.35
2017.09.29 10:35:54.386,0.69991,0.7001,1.87,1.35
2017.09.29 10:35:55.013,0.6999,0.70009,2.62,1.00
2017.09.29 10:35:55.518,0.69991,0.7001,1.87,1.35
2017.09.29 10:35:58.212,0.69991,0.7001,1.87,1.35
2017.09.29 10:36:01.323,0.69993,0.70009,1.00,1.00
2017.09.29 10:36:04.805,0.69993,0.70008,1.00,1.00
2017.09.29 10:36:09.896,0.69994,0.70012,1.50,1.00
2017.09.29 10:36:09.946,0.69995,0.7001,1.00,1.35
2017.09.29 10:36:10.251,0.69992,0.7001,1.87,1.35
2017.09.29 10:36:10.302,0.69992,0.70008,1.87,1.00
2017.09.29 10:36:15.751,0.69995,0.70014,1.87,1.00
2017.09.29 10:36:15.801,0.69999,0.70015,1.00,1.50
2017.09.29 10:36:16.055,0.70002,0.70019,1.00,1.00
2017.09.29 10:36:16.574,0.70002,0.7002,1.00,1.00
2017.09.29 10:36:17.255,0.70002,0.70018,1.00,1.00
2017.09.29 10:36:17.458,0.69997,0.70016,1.87,1.00
2017.09.29 10:36:17.780,0.69997,0.70014,2.62,1.00
2017.09.29 10:36:18.465,0.69998,0.70015,1.12,1.00
2017.09.29 10:36:18.516,0.7,0.70018,1.00,1.00
2017.09.29 10:36:18.870,0.7,0.70015,1.00,1.00
2017.09.29 10:36:19.182,0.69996,0.70009,1.00,1.00
2017.09.29 10:36:19.233,0.69995,0.70011,1.00,1.00
2017.09.29 10:36:19.772,0.69995,0.70012,1.00,1.00
2017.09.29 10:36:20.286,0.69995,0.70011,1.12,1.00
2017.09.29 10:36:21.665,0.69994,0.70011,1.00,1.00
2017.09.29 10:36:21.716,0.69996,0.7001,1.00,1.00
2017.09.29 10:36:22.623,0.69996,0.70011,1.12,1.00
2017.09.29 10:36:24.045,0.69996,0.70013,1.12,1.00
2017.09.29 10:36:38.566,0.69994,0.70013,1.37,1.00
2017.09.29 10:36:39.270,0.69996,0.70012,1.00,1.00
2017.09.29 10:36:42.976,0.69995,0.70014,1.12,1.00
2017.09.29 10:36:43.410,0.69995,0.70014,1.37,1.00
2017.09.29 10:36:46.376,0.69995,0.70013,1.37,1.00
2017.09.29 10:36:48.457,0.69999,0.70013,1.00,1.00
2017.09.29 10:36:49.895,0.69999,0.70014,1.00,1.00
2017.09.29 10:36:52.300,0.69999,0.70013,1.00,1.00
2017.09.29 10:36:55.446,0.69999,0.70012,1.00,1.00
2017.09.29 10:36:58.176,0.69999,0.70013,1.00,1.00
2017.09.29 10:36:58.608,0.69996,0.70013,1.87,1.00
2017.09.29 10:37:04.773,0.69996,0.70012,1.12,1.00
2017.09.29 10:37:04.926,0.69998,0.70013,1.00,1.00
2017.09.29 10:37:08.027,0.69998,0.70014,1.00,1.00
2017.09.29 10:37:14.531,0.69998,0.70013,1.00,1.00
2017.09.29 10:37:14.733,0.69998,0.70015,1.00,1.00
2017.09.29 10:37:17.866,0.69998,0.70014,1.00,1.00
2017.09.29 10:37:17.967,0.69997,0.70012,1.12,1.00
2017.09.29 10:37:35.146,0.69994,0.70009,1.00,1.00
2017.09.29 10:37:35.247,0.6999,0.70007,1.37,1.35
2017.09.29 10:37:35.298,0.69989,0.70005,1.87,1.00
2017.09.29 10:37:35.565,0.69991,0.70007,1.00,1.35
2017.09.29 10:37:37.459,0.69991,0.70005,1.00,1.00
2017.09.29 10:37:37.837,0.69991,0.70007,1.00,1.00
2017.09.29 10:37:38.040,0.69993,0.7001,1.00,1.00
2017.09.29 10:37:38.702,0.69994,0.7001,1.00,1.00
2017.09.29 10:37:43.778,0.69993,0.7001,1.50,1.00
2017.09.29 10:37:45.032,0.69993,0.70011,1.50,1.00
2017.09.29 10:37:45.634,0.69993,0.7001,1.50,1.00
2017.09.29 10:37:52.182,0.69993,0.70012,1.00,1.35
2017.09.29 10:37:58.802,0.69995,0.70013,1.00,1.00
2017.09.29 10:37:59.313,0.69996,0.70012,1.00,1.00
2017.09.29 10:38:04.297,0.69995,0.70012,1.00,1.00
2017.09.29 10:38:10.351,0.69995,0.70013,1.50,1.12
2017.09.29 10:38:10.868,0.69996,0.70013,1.00,1.12
2017.09.29 10:38:12.547,0.69996,0.70012,1.00,1.00
2017.09.29 10:38:13.176,0.69996,0.70011,1.00,1.00
2017.09.29 10:38:15.506,0.69996,0.70013,1.00,1.12
2017.09.29 10:38:19.498,0.69996,0.70014,1.50,1.00
2017.09.29 10:38:20.075,0.69996,0.70013,1.50,1.00
2017.09.29 10:38:22.079,0.69997,0.70013,1.00,1.00
2017.09.29 10:38:22.747,0.69996,0.70013,1.50,1.00
2017.09.29 10:38:25.206,0.69996,0.70014,1.50,1.00
2017.09.29 10:38:25.257,0.69999,0.70015,1.00,1.12
2017.09.29 10:38:25.574,0.69999,0.70013,1.00,1.00
2017.09.29 10:38:25.670,0.69997,0.70013,1.00,1.00
2017.09.29 10:38:28.047,0.69997,0.70015,1.00,1.37
2017.09.29 10:38:28.097,0.7,0.70015,1.00,1.37
2017.09.29 10:38:28.149,0.7,0.70017,1.00,1.12
2017.09.29 10:38:28.250,0.70003,0.70019,1.00,1.37
2017.09.29 10:38:28.442,0.70003,0.70022,1.00,1.50
2017.09.29 10:38:28.546,0.70003,0.70022,1.00,1.57
2017.09.29 10:38:29.528,0.70003,0.70019,1.50,1.00
2017.09.29 10:38:29.878,0.70005,0.70019,1.00,1.00
2017.09.29 10:38:29.929,0.70005,0.70022,1.00,1.00
2017.09.29 10:38:37.150,0.70005,0.70021,1.50,1.00
2017.09.29 10:38:42.791,0.70005,0.70022,1.50,1.00
2017.09.29 10:38:43.366,0.70005,0.70023,1.50,1.00
2017.09.29 10:38:43.982,0.70007,0.70025,1.50,1.00
2017.09.29 10:38:44.286,0.70009,0.70026,1.00,1.00
2017.09.29 10:38:49.472,0.70009,0.70027,1.00,1.12
2017.09.29 10:38:50.177,0.70005,0.70019,1.37,1.00
2017.09.29 10:38:50.278,0.70002,0.70018,1.12,1.00
2017.09.29 10:38:51.187,0.70004,0.70019,1.00,1.12
2017.09.29 10:38:51.702,0.70004,0.7002,1.50,1.00
2017.09.29 10:38:52.529,0.70004,0.70021,1.00,1.00
2017.09.29 10:38:52.833,0.69999,0.70015,1.00,1.50
2017.09.29 10:38:53.158,0.69999,0.70013,1.00,1.00
2017.09.29 10:38:53.850,0.69998,0.70013,1.00,1.00
2017.09.29 10:38:56.366,0.69999,0.70015,1.00,1.87
2017.09.29 10:38:56.714,0.70001,0.70018,1.00,1.87
2017.09.29 10:38:57.479,0.70001,0.70018,1.00,1.00
2017.09.29 10:39:05.574,0.70001,0.70013,1.00,1.00
2017.09.29 10:39:05.625,0.69995,0.70012,1.37,1.00
2017.09.29 10:39:05.726,0.69996,0.70009,1.12,1.00
2017.09.29 10:39:05.909,0.69994,0.70009,1.00,1.00
2017.09.29 10:39:06.011,0.69994,0.70012,1.00,1.12
2017.09.29 10:39:06.947,0.69996,0.70014,1.00,1.37
2017.09.29 10:39:07.250,0.69998,0.70016,1.00,1.12
2017.09.29 10:39:07.453,0.7,0.70017,1.00,1.00
2017.09.29 10:39:13.807,0.70001,0.70018,1.00,1.00
2017.09.29 10:39:14.523,0.70001,0.70017,1.00,1.00
2017.09.29 10:39:15.278,0.7,0.70017,1.00,1.00
2017.09.29 10:39:20.195,0.7,0.70018,1.00,1.00
2017.09.29 10:39:23.204,0.70001,0.70018,1.50,1.00
2017.09.29 10:39:23.565,0.70002,0.7002,1.00,1.00
2017.09.29 10:39:24.331,0.70002,0.70019,1.00,1.00
2017.09.29 10:39:24.432,0.70001,0.70016,1.00,1.00
2017.09.29 10:39:24.948,0.7,0.70017,1.00,1.00
2017.09.29 10:39:25.685,0.70002,0.70019,1.00,1.12
2017.09.29 10:39:26.311,0.70002,0.70018,1.00,1.00
2017.09.29 10:39:26.853,0.70002,0.70019,1.00,1.00
2017.09.29 10:39:28.054,0.70002,0.70018,1.00,1.00
2017.09.29 10:39:29.269,0.70002,0.70019,1.00,1.00
2017.09.29 10:39:29.946,0.70002,0.70018,1.00,1.00
2017.09.29 10:39:31.687,0.70002,0.70019,1.00,1.00
2017.09.29 10:39:33.817,0.70002,0.70018,1.00,1.00
2017.09.29 10:39:39.391,0.70002,0.70017,1.00,1.00
2017.09.29 10:39:39.442,0.70002,0.70019,1.00,1.00
2017.09.29 10:39:42.283,0.70003,0.70019,1.00,1.00
2017.09.29 10:39:42.335,0.70005,0.70021,1.00,1.12
2017.09.29 10:39:42.537,0.70007,0.70025,1.00,1.00
2017.09.29 10:39:42.945,0.7001,0.70025,1.00,1.00
2017.09.29 10:39:44.010,0.7001,0.70026,1.00,1.12
2017.09.29 10:39:52.461,0.7001,0.70027,1.00,1.50
2017.09.29 10:39:54.489,0.7001,0.70026,1.00,1.00
2017.09.29 10:39:57.925,0.7001,0.70027,1.00,1.00
2017.09.29 10:39:58.261,0.7001,0.70024,1.00,1.00
2017.09.29 10:39:58.996,0.7001,0.70025,1.00,1.00
2017.09.29 10:40:00.527,0.70008,0.70025,1.00,1.00
2017.09.29 10:40:01.035,0.70008,0.70026,1.00,1.00
2017.09.29 10:40:02.010,0.70008,0.70025,1.50,1.00
2017.09.29 10:40:07.304,0.70008,0.70024,1.00,1.00
2017.09.29 10:40:10.271,0.70008,0.70025,1.00,1.12
2017.09.29 10:40:10.827,0.70009,0.70025,1.50,1.00
2017.09.29 10:40:16.822,0.70009,0.70024,1.00,1.00
2017.09.29 10:40:17.384,0.70009,0.70023,1.00,1.00
2017.09.29 10:40:19.930,0.70009,0.70025,1.50,1.00
2017.09.29 10:40:22.410,0.70004,0.70021,1.37,1.00
2017.09.29 10:40:22.562,0.70004,0.70021,1.12,1.00
2017.09.29 10:40:23.083,0.70004,0.7002,1.00,1.00
2017.09.29 10:40:24.519,0.70004,0.70019,1.50,1.00
2017.09.29 10:40:24.672,0.70002,0.7002,1.00,1.00
2017.09.29 10:40:25.210,0.70002,0.70019,1.00,1.00
2017.09.29 10:40:28.727,0.70004,0.70019,1.00,1.00
2017.09.29 10:40:32.203,0.70003,0.70019,1.00,1.00
2017.09.29 10:40:32.804,0.70003,0.70018,1.00,1.00
2017.09.29 10:40:36.786,0.70005,0.70018,1.00,1.00
2017.09.29 10:40:37.364,0.70005,0.7002,1.00,1.00
2017.09.29 10:40:38.148,0.70005,0.70022,1.00,1.00
2017.09.29 10:40:40.149,0.70005,0.70023,1.50,1.12
2017.09.29 10:40:40.709,0.70007,0.70023,1.00,1.12
2017.09.29 10:40:40.861,0.70008,0.70026,1.00,1.00
2017.09.29 10:40:41.381,0.70009,0.70027,2.25,1.00
2017.09.29 10:40:45.363,0.70009,0.70026,1.50,1.00
2017.09.29 10:40:48.771,0.70009,0.70028,1.50,1.00
2017.09.29 10:40:52.394,0.70009,0.70027,1.50,1.00
2017.09.29 10:40:53.252,0.7001,0.70027,1.00,1.00
2017.09.29 10:40:56.981,0.70011,0.70027,1.00,1.00
2017.09.29 10:41:15.503,0.7001,0.70027,1.00,1.00
2017.09.29 10:41:18.086,0.70011,0.70027,1.00,1.00
2017.09.29 10:41:18.705,0.70009,0.70026,1.50,1.00
2017.09.29 10:41:20.450,0.70009,0.70025,1.00,1.00
2017.09.29 10:41:22.496,0.70009,0.70026,1.00,1.00
2017.09.29 10:41:25.359,0.70009,0.70027,1.00,1.00
2017.09.29 10:41:27.172,0.70009,0.70028,1.50,1.12
2017.09.29 10:41:27.226,0.70009,0.70026,1.00,1.00
2017.09.29 10:41:27.792,0.70009,0.70024,1.50,1.00
2017.09.29 10:41:29.366,0.7001,0.70025,1.50,1.00
2017.09.29 10:41:29.956,0.70009,0.70025,1.00,1.00
2017.09.29 10:41:30.502,0.70009,0.70026,1.00,1.00
2017.09.29 10:41:37.506,0.70009,0.70027,1.00,1.00
2017.09.29 10:41:48.820,0.7001,0.70026,1.00,1.00
2017.09.29 10:41:49.247,0.70009,0.70028,2.25,1.00
2017.09.29 10:41:52.634,0.70012,0.70028,1.00,1.00
2017.09.29 10:41:53.162,0.70012,0.70027,1.00,1.00
2017.09.29 10:41:54.824,0.70012,0.70026,1.00,1.00
2017.09.29 10:41:55.814,0.7001,0.70027,1.00,1.00
2017.09.29 10:41:57.786,0.7001,0.70028,1.00,1.00
2017.09.29 10:41:58.293,0.7001,0.70027,1.00,1.00
2017.09.29 10:42:05.447,0.7001,0.70028,1.00,1.00
2017.09.29 10:42:05.874,0.70008,0.70025,1.00,1.00
2017.09.29 10:42:06.621,0.70008,0.70024,1.00,1.00
2017.09.29 10:42:07.168,0.70008,0.70025,1.00,1.00
2017.09.29 10:42:09.710,0.70008,0.70026,1.50,1.00
2017.09.29 10:42:10.014,0.7001,0.70027,1.00,1.00
2017.09.29 10:42:22.736,0.7001,0.70026,1.00,1.00
2017.09.29 10:42:23.466,0.70012,0.70029,2.25,1.37
2017.09.29 10:42:23.669,0.70014,0.70031,1.00,1.00
2017.09.29 10:42:24.230,0.70014,0.7003,1.00,1.00
2017.09.29 10:42:29.800,0.70012,0.7003,1.50,1.00
2017.09.29 10:42:47.493,0.70016,0.70034,1.00,1.37
2017.09.29 10:42:47.864,0.70019,0.70037,1.00,1.00
2017.09.29 10:42:52.634,0.70019,0.70036,1.00,1.00
2017.09.29 10:42:54.245,0.70021,0.70036,1.00,1.00
2017.09.29 10:42:55.791,0.70019,0.70031,1.00,1.00
2017.09.29 10:42:55.842,0.70015,0.70031,1.00,1.00
2017.09.29 10:42:56.351,0.70015,0.7003,1.00,1.00
2017.09.29 10:42:56.970,0.70015,0.70032,1.00,1.00
2017.09.29 10:42:57.670,0.70016,0.70032,1.50,1.00
2017.09.29 10:43:00.999,0.70017,0.70033,1.00,1.00
2017.09.29 10:43:01.050,0.70017,0.70035,2.25,1.12
2017.09.29 10:43:01.353,0.70019,0.70036,1.00,1.00
2017.09.29 10:43:05.669,0.70019,0.70035,1.00,1.00
2017.09.29 10:43:06.700,0.70019,0.70037,1.00,1.00
2017.09.29 10:43:06.852,0.70021,0.70037,1.50,1.00
2017.09.29 10:43:07.628,0.70021,0.70038,1.50,1.00
2017.09.29 10:43:08.398,0.70021,0.70039,1.00,1.00
2017.09.29 10:43:09.001,0.70022,0.70039,1.00,1.00
2017.09.29 10:43:09.835,0.70022,0.7004,1.00,1.00
2017.09.29 10:43:13.220,0.70023,0.70039,1.00,1.00
2017.09.29 10:43:14.842,0.70023,0.70041,1.00,1.00
2017.09.29 10:43:15.429,0.70023,0.70041,1.37,1.00
2017.09.29 10:43:22.032,0.70024,0.7004,1.12,1.00
2017.09.29 10:43:22.558,0.70024,0.70041,1.12,1.00
2017.09.29 10:43:23.247,0.70024,0.70042,1.87,1.00
2017.09.29 10:43:24.148,0.70026,0.70043,1.00,1.00
2017.09.29 10:43:24.504,0.70026,0.70045,1.50,1.12
2017.09.29 10:43:25.580,0.70027,0.70045,1.00,1.00
2017.09.29 10:43:26.332,0.70027,0.70045,1.37,1.00
2017.09.29 10:43:27.475,0.70027,0.70046,1.37,1.00
2017.09.29 10:43:27.986,0.70028,0.70048,2.62,1.00
2017.09.29 10:43:28.535,0.70028,0.70048,1.87,1.00
2017.09.29 10:43:29.073,0.70029,0.70046,1.00,1.00
2017.09.29 10:43:29.978,0.70028,0.70048,1.12,1.60
2017.09.29 10:43:33.140,0.70028,0.70048,1.12,1.00
2017.09.29 10:43:33.645,0.70029,0.70048,1.00,1.00
2017.09.29 10:43:34.355,0.70031,0.70047,1.00,1.00
2017.09.29 10:43:34.928,0.7003,0.70049,1.00,1.35
2017.09.29 10:43:35.733,0.70029,0.70048,1.12,1.00
2017.09.29 10:43:36.480,0.7003,0.70046,1.00,1.00
2017.09.29 10:43:37.659,0.70031,0.70048,1.00,1.00
2017.09.29 10:43:38.323,0.70032,0.70049,1.00,1.00
2017.09.29 10:43:39.906,0.70032,0.70048,1.00,1.00
2017.09.29 10:43:44.020,0.70032,0.70047,1.00,1.00
2017.09.29 10:43:44.121,0.70029,0.70046,1.87,1.00
2017.09.29 10:43:44.629,0.70029,0.70045,1.00,1.00
2017.09.29 10:43:47.172,0.70029,0.70044,1.00,1.00
2017.09.29 10:43:48.470,0.70029,0.70045,1.00,1.00
2017.09.29 10:43:49.269,0.70029,0.70044,1.00,1.00
2017.09.29 10:43:52.754,0.70029,0.70045,1.00,1.00
2017.09.29 10:44:03.437,0.70027,0.70045,1.00,1.00
2017.09.29 10:44:04.672,0.70029,0.70044,1.00,1.00
2017.09.29 10:44:05.806,0.70027,0.70045,1.00,1.00
2017.09.29 10:44:07.784,0.70028,0.70043,1.00,1.00
2017.09.29 10:44:18.126,0.70027,0.70045,1.00,1.00
2017.09.29 10:44:18.177,0.70029,0.70045,1.00,1.00
2017.09.29 10:44:18.329,0.70031,0.70048,1.00,1.00
2017.09.29 10:44:18.430,0.70032,0.7005,1.00,1.12
2017.09.29 10:44:18.683,0.70034,0.7005,1.00,1.00
2017.09.29 10:44:20.002,0.70034,0.70052,1.00,1.00
2017.09.29 10:44:22.814,0.70034,0.70053,1.00,1.12
2017.09.29 10:44:24.995,0.70034,0.70052,1.00,1.00
2017.09.29 10:44:25.498,0.70035,0.70052,1.00,1.00
2017.09.29 10:44:32.285,0.70036,0.70052,1.00,1.00
2017.09.29 10:44:32.335,0.70038,0.70052,1.00,1.00
2017.09.29 10:44:32.386,0.70036,0.70052,1.00,1.00
2017.09.29 10:44:32.925,0.70036,0.70051,1.00,1.00
2017.09.29 10:44:33.026,0.70036,0.70053,1.12,1.00
2017.09.29 10:44:34.664,0.70036,0.70052,1.00,1.00
2017.09.29 10:44:37.844,0.70036,0.70051,1.00,1.00
2017.09.29 10:44:40.011,0.70036,0.70052,1.00,1.00
2017.09.29 10:44:42.156,0.70036,0.70053,1.00,1.50
2017.09.29 10:44:43.229,0.70038,0.70054,1.00,1.00
2017.09.29 10:44:52.875,0.70038,0.70052,1.00,1.00
2017.09.29 10:44:55.040,0.70038,0.70053,1.00,1.00
2017.09.29 10:44:55.600,0.70038,0.70052,1.00,1.00
2017.09.29 10:45:08.035,0.70037,0.70052,1.00,1.00
2017.09.29 10:45:10.050,0.70037,0.70054,1.00,1.00
2017.09.29 10:45:11.715,0.70038,0.70054,1.00,1.00
2017.09.29 10:45:17.790,0.70038,0.70055,1.00,1.00
2017.09.29 10:45:18.897,0.70038,0.70054,1.00,1.00
2017.09.29 10:45:23.977,0.70039,0.70055,1.00,1.00
2017.09.29 10:45:24.696,0.70039,0.70054,1.50,1.00
2017.09.29 10:45:26.735,0.70039,0.70055,1.50,1.00
2017.09.29 10:45:35.807,0.70039,0.70052,1.00,1.00
2017.09.29 10:45:35.908,0.70031,0.70048,1.87,1.00
2017.09.29 10:45:35.959,0.70031,0.70046,1.00,1.00
2017.09.29 10:45:36.460,0.7003,0.70046,1.00,1.00
2017.09.29 10:45:37.002,0.7003,0.70047,1.50,1.00
2017.09.29 10:45:37.554,0.70031,0.70047,1.00,1.00
2017.09.29 10:45:38.068,0.70031,0.70046,1.00,1.00
2017.09.29 10:45:38.386,0.70031,0.70048,1.00,1.00
2017.09.29 10:45:38.779,0.70031,0.70046,1.00,1.00
2017.09.29 10:45:39.237,0.70025,0.7004,1.37,1.00
2017.09.29 10:45:39.288,0.70025,0.7004,1.00,1.00
2017.09.29 10:45:40.049,0.70024,0.70039,1.00,1.00
2017.09.29 10:45:40.147,0.70024,0.70037,1.00,1.00
2017.09.29 10:45:40.198,0.7002,0.70037,1.12,1.00
2017.09.29 10:45:40.708,0.7002,0.70036,1.00,1.00
2017.09.29 10:45:41.749,0.7002,0.70035,1.00,1.00
2017.09.29 10:45:51.370,0.7002,0.70034,1.00,1.00
2017.09.29 10:45:51.973,0.7002,0.70035,1.00,1.00
2017.09.29 10:45:58.412,0.7002,0.70036,1.00,1.00
2017.09.29 10:45:58.955,0.7002,0.70035,1.00,1.00
2017.09.29 10:45:59.337,0.7002,0.70033,1.00,1.00
2017.09.29 10:46:05.999,0.7002,0.70035,1.00,1.00
2017.09.29 10:46:07.195,0.7002,0.70036,1.50,1.00
2017.09.29 10:46:07.298,0.7002,0.70038,1.50,1.12
2017.09.29 10:46:07.815,0.70021,0.70039,1.00,1.00
2017.09.29 10:46:09.741,0.70022,0.70039,1.50,1.00
2017.09.29 10:46:11.820,0.70021,0.70039,1.00,1.87
2017.09.29 10:46:11.871,0.70018,0.70031,1.37,1.00
2017.09.29 10:46:11.922,0.70016,0.70031,1.50,1.00
2017.09.29 10:46:12.024,0.70014,0.70029,1.50,1.00
2017.09.29 10:46:12.853,0.70014,0.70031,1.00,1.00
2017.09.29 10:46:16.067,0.70015,0.70031,1.00,1.00
2017.09.29 10:46:18.185,0.70016,0.70031,1.00,1.00
2017.09.29 10:46:21.078,0.70017,0.70031,1.00,1.00
2017.09.29 10:46:21.851,0.70017,0.70032,1.00,1.00
2017.09.29 10:46:22.524,0.70017,0.70033,1.00,1.00
2017.09.29 10:46:25.201,0.70017,0.70032,1.00,1.00
2017.09.29 10:46:25.754,0.70017,0.70033,1.00,1.00
2017.09.29 10:46:26.013,0.70017,0.70031,1.00,1.00
2017.09.29 10:46:26.600,0.70017,0.70032,1.00,1.00
2017.09.29 10:46:38.025,0.70017,0.70031,1.00,1.00
2017.09.29 10:46:38.700,0.70017,0.7003,1.00,1.00
2017.09.29 10:46:40.679,0.70014,0.7003,1.00,1.00
2017.09.29 10:46:43.704,0.70017,0.70031,1.00,1.00
2017.09.29 10:46:43.899,0.70018,0.70033,1.00,1.00
2017.09.29 10:46:44.164,0.70024,0.70038,1.00,1.37
2017.09.29 10:46:44.366,0.70024,0.70038,1.00,1.00
2017.09.29 10:46:44.975,0.70024,0.70039,1.00,1.00
2017.09.29 10:46:46.727,0.70026,0.70039,1.00,1.00
2017.09.29 10:46:46.943,0.70026,0.70041,1.00,1.00
2017.09.29 10:46:48.530,0.70027,0.70041,1.00,1.00
2017.09.29 10:46:48.631,0.70024,0.70041,1.00,1.00
2017.09.29 10:46:48.709,0.70027,0.70043,1.00,1.00
2017.09.29 10:46:49.245,0.70027,0.70046,1.50,1.37
2017.09.29 10:46:49.296,0.70029,0.70046,1.00,1.37
2017.09.29 10:46:49.829,0.70029,0.70046,1.00,1.00
2017.09.29 10:46:51.611,0.7003,0.70046,1.00,1.00
2017.09.29 10:46:52.468,0.7003,0.70045,1.00,1.00
2017.09.29 10:46:53.095,0.7003,0.70046,1.50,1.00
2017.09.29 10:46:57.749,0.7003,0.70048,1.00,1.00
2017.09.29 10:46:58.286,0.7003,0.70049,1.50,1.00
2017.09.29 10:46:59.867,0.70031,0.70049,1.00,1.00
2017.09.29 10:46:59.918,0.70033,0.70049,1.00,1.00
2017.09.29 10:47:53.409,0.70034,0.7005,1.00,1.00
2017.09.29 10:47:56.166,0.70033,0.7005,1.50,1.00
2017.09.29 10:48:02.124,0.70035,0.7005,1.00,1.00
2017.09.29 10:48:02.428,0.70032,0.70049,1.50,1.00
2017.09.29 10:48:06.239,0.70032,0.7005,1.50,1.00
2017.09.29 10:48:11.549,0.70032,0.70049,1.12,1.00
2017.09.29 10:48:11.847,0.70031,0.70046,1.12,1.00
2017.09.29 10:48:11.898,0.70032,0.70048,1.00,1.00
2017.09.29 10:48:13.515,0.70034,0.7005,1.00,1.00
2017.09.29 10:48:19.087,0.70032,0.7005,1.50,1.00
2017.09.29 10:48:38.313,0.70032,0.70049,1.00,1.00
2017.09.29 10:48:49.422,0.70032,0.70049,1.00,1.60
2017.09.29 10:48:51.155,0.70032,0.70049,1.00,1.00
2017.09.29 10:48:51.729,0.70032,0.70048,1.00,1.00
2017.09.29 10:49:01.023,0.70031,0.70048,1.00,1.00
2017.09.29 10:49:01.721,0.7003,0.70047,1.00,1.00
2017.09.29 10:49:10.530,0.7003,0.70046,1.00,1.00
2017.09.29 10:49:22.524,0.7003,0.70045,1.00,1.00
2017.09.29 10:49:24.945,0.70029,0.70045,1.00,1.00
2017.09.29 10:49:32.568,0.70029,0.70046,1.00,1.00
2017.09.29 10:49:33.191,0.70029,0.70047,1.00,1.00
2017.09.29 10:49:38.424,0.70029,0.70045,1.50,1.00
2017.09.29 10:49:40.589,0.70029,0.70046,1.50,1.00
2017.09.29 10:49:45.861,0.70029,0.70047,1.50,1.00
2017.09.29 10:50:03.095,0.70029,0.70046,1.50,1.00
2017.09.29 10:50:03.777,0.7003,0.70046,1.00,1.00
2017.09.29 10:50:06.541,0.70029,0.70045,1.00,1.00
2017.09.29 10:50:06.643,0.70026,0.70043,1.12,1.00
2017.09.29 10:50:06.695,0.70024,0.70041,2.62,1.00
2017.09.29 10:50:06.746,0.70027,0.70043,1.00,1.00
2017.09.29 10:50:06.848,0.70027,0.70041,1.00,1.00
2017.09.29 10:50:07.032,0.70026,0.70043,1.00,1.00
2017.09.29 10:50:07.337,0.70025,0.70041,1.00,1.00
2017.09.29 10:50:07.541,0.70023,0.70041,1.00,1.00
2017.09.29 10:50:10.112,0.70024,0.70041,1.00,1.00
2017.09.29 10:50:10.666,0.70024,0.70042,1.50,1.00
2017.09.29 10:50:10.972,0.70026,0.70043,1.00,1.12
2017.09.29 10:50:11.317,0.70029,0.70045,1.00,1.00
2017.09.29 10:50:13.011,0.7003,0.70045,1.00,1.00
2017.09.29 10:50:13.221,0.70032,0.7005,1.50,1.00
2017.09.29 10:50:13.769,0.70034,0.70051,1.00,1.00
2017.09.29 10:50:16.052,0.70034,0.7005,1.00,1.00
2017.09.29 10:50:16.666,0.70036,0.70051,1.00,1.00
2017.09.29 10:50:16.717,0.70034,0.70051,1.50,1.00
2017.09.29 10:50:16.768,0.70034,0.70049,1.00,1.50
2017.09.29 10:50:17.339,0.70033,0.70049,1.00,1.50
2017.09.29 10:50:17.845,0.70033,0.7005,1.00,1.50
2017.09.29 10:50:18.558,0.70034,0.70049,1.00,1.50
2017.09.29 10:50:19.652,0.70033,0.70048,1.00,1.00
2017.09.29 10:50:19.753,0.70028,0.70046,1.87,1.00
2017.09.29 10:50:19.855,0.70027,0.70044,1.00,1.50
2017.09.29 10:50:20.360,0.70028,0.70045,1.00,1.37
2017.09.29 10:50:20.418,0.70028,0.70045,1.00,1.12
2017.09.29 10:50:21.103,0.70028,0.70044,1.00,1.50
2017.09.29 10:50:21.154,0.70028,0.70042,1.00,1.00
2017.09.29 10:50:21.740,0.70027,0.70042,1.00,1.00
2017.09.29 10:50:23.726,0.70027,0.70043,1.50,1.00
2017.09.29 10:50:23.828,0.70027,0.70045,1.87,1.50
2017.09.29 10:50:24.057,0.70029,0.70045,1.00,1.50
2017.09.29 10:50:25.489,0.70028,0.70045,1.00,1.50
2017.09.29 10:50:26.078,0.70027,0.70044,1.12,1.00
2017.09.29 10:50:27.672,0.70029,0.70044,1.50,1.50
2017.09.29 10:50:29.357,0.70029,0.70045,1.50,1.50
2017.09.29 10:50:32.381,0.70033,0.70048,1.00,1.87
2017.09.29 10:50:32.483,0.70034,0.70049,1.00,1.00
2017.09.29 10:50:32.584,0.70036,0.70052,1.00,1.12
2017.09.29 10:50:38.397,0.70036,0.70049,1.00,1.00
2017.09.29 10:50:38.449,0.70032,0.70049,1.87,1.00
2017.09.29 10:50:38.671,0.70034,0.70052,1.50,1.50
2017.09.29 10:50:38.722,0.70034,0.70049,1.00,1.00
2017.09.29 10:50:40.010,0.70034,0.70048,1.00,1.00
2017.09.29 10:50:40.617,0.70033,0.70048,1.00,1.00
2017.09.29 10:50:41.269,0.70032,0.70049,1.00,2.10
2017.09.29 10:50:44.395,0.70034,0.70052,1.00,1.12
2017.09.29 10:50:44.914,0.70034,0.7005,1.50,1.00
2017.09.29 10:50:44.966,0.70035,0.70052,1.00,1.00
2017.09.29 10:50:45.789,0.70035,0.70051,1.00,1.87
2017.09.29 10:50:51.586,0.70034,0.70051,1.00,1.12
2017.09.29 10:50:54.506,0.70034,0.70049,1.00,1.00
2017.09.29 10:50:55.027,0.70035,0.70051,1.00,1.12
2017.09.29 10:50:55.078,0.70037,0.70053,1.00,1.37
2017.09.29 10:50:55.129,0.70035,0.70051,1.50,1.00
2017.09.29 10:50:55.230,0.70032,0.7005,1.87,1.00
2017.09.29 10:50:55.282,0.7003,0.70046,1.50,1.00
2017.09.29 10:50:55.595,0.70026,0.70041,1.00,1.00
2017.09.29 10:50:56.135,0.70027,0.70042,1.00,1.50
2017.09.29 10:50:57.029,0.70027,0.70043,1.00,1.00
2017.09.29 10:50:57.604,0.70028,0.70045,1.00,1.37
2017.09.29 10:50:58.547,0.70029,0.70046,1.50,1.37
2017.09.29 10:50:58.650,0.70031,0.70047,1.00,1.37
2017.09.29 10:50:58.701,0.70031,0.70048,1.00,1.00
2017.09.29 10:50:59.191,0.70033,0.70049,1.00,1.12
2017.09.29 10:50:59.495,0.70035,0.7005,1.00,1.00
2017.09.29 10:51:00.233,0.70036,0.70053,1.12,1.37
2017.09.29 10:51:00.456,0.70034,0.70049,1.00,1.00
2017.09.29 10:51:00.612,0.70032,0.7005,1.00,1.00
2017.09.29 10:51:01.148,0.70032,0.70049,1.00,1.12
2017.09.29 10:51:01.483,0.70034,0.7005,1.50,1.37
2017.09.29 10:51:01.534,0.70032,0.7005,1.50,1.37
2017.09.29 10:51:02.131,0.70032,0.7005,1.50,1.12
2017.09.29 10:51:02.232,0.70034,0.70051,1.00,1.37
2017.09.29 10:51:02.848,0.70033,0.70051,1.00,1.37
2017.09.29 10:51:04.491,0.70032,0.7005,1.50,1.87
2017.09.29 10:51:05.257,0.70033,0.70051,1.00,1.37
2017.09.29 10:51:05.771,0.70033,0.70051,1.00,1.12
2017.09.29 10:51:06.225,0.70033,0.70049,1.00,1.00
2017.09.29 10:51:06.779,0.70032,0.70049,1.00,1.12
2017.09.29 10:51:07.951,0.70032,0.7005,1.00,1.12
2017.09.29 10:51:08.621,0.70032,0.70049,1.50,1.00
2017.09.29 10:51:10.786,0.70032,0.7005,1.00,1.12
2017.09.29 10:51:13.684,0.7003,0.70048,1.50,1.00
2017.09.29 10:51:19.331,0.7003,0.7005,1.50,1.87
2017.09.29 10:51:19.382,0.70032,0.7005,1.00,1.87
2017.09.29 10:51:21.925,0.70032,0.70048,1.50,1.00
2017.09.29 10:51:25.478,0.7003,0.70046,1.00,1.00
2017.09.29 10:51:25.916,0.7003,0.70048,1.50,1.50
2017.09.29 10:51:27.315,0.70032,0.70048,1.00,1.50
2017.09.29 10:51:34.030,0.70034,0.70049,1.00,1.12
2017.09.29 10:51:34.182,0.70031,0.70047,1.00,1.00
2017.09.29 10:51:34.765,0.70031,0.70046,1.00,1.50
2017.09.29 10:51:35.384,0.7003,0.70046,1.50,1.50
2017.09.29 10:51:35.944,0.7003,0.70047,1.00,1.00
2017.09.29 10:51:36.600,0.70027,0.70046,1.00,1.00
2017.09.29 10:51:36.651,0.70027,0.70044,1.00,1.50
2017.09.29 10:51:37.011,0.70026,0.7004,1.00,1.00
2017.09.29 10:51:38.080,0.70023,0.7004,1.50,1.00
2017.09.29 10:51:38.680,0.70024,0.70039,1.00,1.00
2017.09.29 10:51:40.879,0.70024,0.7004,1.00,1.00
2017.09.29 10:51:46.512,0.70024,0.70041,1.00,1.00
2017.09.29 10:51:52.143,0.70025,0.70042,1.00,1.00
2017.09.29 10:51:52.194,0.70029,0.70046,1.00,1.37
2017.09.29 10:51:52.397,0.70028,0.70045,1.00,1.00
2017.09.29 10:51:52.600,0.70028,0.70043,1.00,1.00
2017.09.29 10:51:52.724,0.70028,0.70045,1.00,1.00
2017.09.29 10:51:52.776,0.70026,0.70045,1.00,1.00
2017.09.29 10:51:53.277,0.70027,0.70046,1.00,1.50
2017.09.29 10:51:54.184,0.70027,0.70045,1.50,1.00
2017.09.29 10:51:54.751,0.70028,0.70046,1.00,1.00
2017.09.29 10:51:55.276,0.70029,0.70046,1.00,1.00
2017.09.29 10:51:57.629,0.70029,0.70045,1.50,1.00
2017.09.29 10:51:59.026,0.70029,0.70046,1.50,1.00
2017.09.29 10:52:08.741,0.70029,0.70047,1.00,1.00
2017.09.29 10:52:12.779,0.7003,0.70047,1.00,1.00
2017.09.29 10:52:19.276,0.70032,0.70047,1.00,1.00
2017.09.29 10:52:19.327,0.70033,0.7005,1.00,1.12
2017.09.29 10:52:19.631,0.70035,0.7005,1.00,1.00
2017.09.29 10:52:21.072,0.70032,0.70049,1.00,1.00
2017.09.29 10:52:21.274,0.70032,0.70047,1.00,1.00
2017.09.29 10:52:22.001,0.70031,0.70047,1.00,1.50
2017.09.29 10:52:22.546,0.70031,0.70048,1.00,1.50
2017.09.29 10:52:24.136,0.70031,0.70047,1.00,1.00
2017.09.29 10:52:25.751,0.70029,0.70047,1.00,1.00
2017.09.29 10:52:26.520,0.70029,0.70048,1.00,1.50
2017.09.29 10:52:28.988,0.7003,0.70048,1.00,1.50
2017.09.29 10:52:30.378,0.70026,0.70045,1.50,1.00
2017.09.29 10:52:30.428,0.70024,0.70044,1.87,1.00
2017.09.29 10:52:30.479,0.70025,0.70041,1.12,1.00
2017.09.29 10:52:30.783,0.70023,0.70041,1.00,1.00
2017.09.29 10:52:32.304,0.70024,0.70041,1.00,1.00
2017.09.29 10:52:34.489,0.70023,0.70041,1.50,1.00
2017.09.29 10:52:35.023,0.70023,0.70042,1.50,1.00
2017.09.29 10:52:35.760,0.70024,0.70042,1.00,1.00
2017.09.29 10:52:36.384,0.70025,0.70043,1.00,1.00
2017.09.29 10:52:37.078,0.70024,0.70042,1.00,1.00
2017.09.29 10:52:38.822,0.70023,0.70042,1.50,1.00
2017.09.29 10:52:40.966,0.70025,0.70041,1.00,1.00
2017.09.29 10:52:42.917,0.70022,0.70041,1.00,1.12
2017.09.29 10:52:43.686,0.70025,0.7004,1.00,1.00
2017.09.29 10:52:44.343,0.70023,0.70041,1.00,1.12
2017.09.29 10:52:46.232,0.70024,0.70041,1.00,1.12
2017.09.29 10:52:53.831,0.70023,0.70043,1.00,1.87
2017.09.29 10:52:54.354,0.70024,0.70043,1.00,1.87
2017.09.29 10:52:54.537,0.70027,0.70043,1.00,1.87
2017.09.29 10:52:54.588,0.70025,0.70043,1.00,1.37
2017.09.29 10:52:55.107,0.70025,0.70042,1.00,1.50
2017.09.29 10:52:55.158,0.70023,0.70042,1.00,1.50
2017.09.29 10:52:55.613,0.70026,0.70042,1.00,1.50
2017.09.29 10:52:56.037,0.70024,0.70043,1.00,1.12
2017.09.29 10:52:56.336,0.70022,0.70042,1.35,1.87
2017.09.29 10:52:56.637,0.70024,0.70042,1.00,1.87
2017.09.29 10:52:57.147,0.70024,0.70041,1.00,1.00
2017.09.29 10:53:07.566,0.70024,0.70042,1.00,1.87
2017.09.29 10:53:07.870,0.70026,0.70042,1.00,1.00
2017.09.29 10:53:08.434,0.70026,0.70041,1.00,1.00
2017.09.29 10:53:08.860,0.70024,0.70042,1.00,1.00
2017.09.29 10:53:10.844,0.70025,0.70042,1.00,1.00
2017.09.29 10:53:13.770,0.70024,0.70042,1.00,1.00
2017.09.29 10:53:14.285,0.70025,0.70043,1.00,1.00
2017.09.29 10:53:18.418,0.70024,0.70042,1.00,1.00
2017.09.29 10:53:18.679,0.70026,0.70044,1.50,1.87
2017.09.29 10:53:19.279,0.70025,0.70043,1.00,1.00
2017.09.29 10:53:19.902,0.70023,0.70041,1.50,1.00
2017.09.29 10:53:23.549,0.70022,0.70041,1.00,1.12
2017.09.29 10:53:24.157,0.70023,0.70041,1.00,1.12
2017.09.29 10:53:24.688,0.70024,0.70041,1.00,1.12
2017.09.29 10:53:26.057,0.70023,0.70041,1.00,1.12
2017.09.29 10:53:27.885,0.70025,0.70042,1.00,1.37
2017.09.29 10:53:28.421,0.70025,0.70042,1.00,1.00
2017.09.29 10:53:31.657,0.70026,0.70044,1.00,1.12
2017.09.29 10:53:31.809,0.70026,0.70042,1.00,1.00
2017.09.29 10:53:32.333,0.70025,0.70042,1.00,1.00
2017.09.29 10:53:33.868,0.70025,0.70043,1.00,1.12
2017.09.29 10:53:38.303,0.70026,0.70044,1.00,1.37
2017.09.29 10:53:38.849,0.70025,0.70043,1.50,1.00
2017.09.29 10:53:39.325,0.70026,0.70045,1.00,1.00
2017.09.29 10:53:41.086,0.70026,0.70044,1.00,1.00
2017.09.29 10:53:42.494,0.70027,0.70046,1.00,1.12
2017.09.29 10:53:42.825,0.70026,0.70044,1.00,1.00
2017.09.29 10:53:43.181,0.70028,0.70046,1.00,1.00
2017.09.29 10:53:43.682,0.7003,0.70047,1.00,1.00
2017.09.29 10:53:44.224,0.7003,0.70048,1.00,1.00
2017.09.29 10:53:45.532,0.7003,0.70049,1.00,1.12
2017.09.29 10:53:53.152,0.70029,0.70048,1.00,1.00
2017.09.29 10:53:53.662,0.7003,0.70047,1.00,1.00
2017.09.29 10:53:54.175,0.7003,0.70048,1.00,1.12
2017.09.29 10:53:54.937,0.7003,0.70046,1.00,1.00
2017.09.29 10:53:55.192,0.70028,0.70045,1.00,1.00
2017.09.29 10:53:57.522,0.70027,0.70045,1.12,1.50
2017.09.29 10:53:58.027,0.70028,0.70046,1.00,3.75
2017.09.29 10:53:58.875,0.7003,0.70046,1.00,1.00
2017.09.29 10:53:59.404,0.70029,0.70046,1.00,1.50
2017.09.29 10:53:59.946,0.70029,0.70045,1.00,1.00
2017.09.29 10:54:00.098,0.70027,0.70045,1.00,1.50
2017.09.29 10:54:00.269,0.70029,0.70045,1.00,1.00
2017.09.29 10:54:00.883,0.70029,0.70046,1.00,1.50
2017.09.29 10:54:02.007,0.70028,0.70046,1.00,3.75
2017.09.29 10:54:02.381,0.70027,0.70043,1.00,1.00
2017.09.29 10:54:02.483,0.70027,0.70045,1.00,1.50
2017.09.29 10:54:02.871,0.70028,0.70043,1.00,1.00
2017.09.29 10:54:03.439,0.70029,0.70045,1.00,1.50
2017.09.29 10:54:03.584,0.70027,0.70045,1.00,1.00
2017.09.29 10:54:03.742,0.7003,0.70045,1.00,1.50
2017.09.29 10:54:06.462,0.7003,0.70044,1.00,1.00
2017.09.29 10:54:06.696,0.70027,0.70045,1.00,1.50
2017.09.29 10:54:09.022,0.70027,0.70044,1.00,1.00
2017.09.29 10:54:09.959,0.70029,0.70044,1.00,1.00
2017.09.29 10:54:10.373,0.70029,0.70046,1.00,1.50
2017.09.29 10:54:12.919,0.70029,0.70043,1.00,1.00
2017.09.29 10:54:13.581,0.70028,0.70043,1.00,1.00
2017.09.29 10:54:18.363,0.70028,0.70044,1.00,1.50
2017.09.29 10:54:23.129,0.70028,0.70043,1.00,1.00
2017.09.29 10:54:23.964,0.70026,0.70043,1.12,1.00
2017.09.29 10:54:26.310,0.70028,0.70043,1.00,1.00
2017.09.29 10:54:31.532,0.70027,0.70043,1.00,1.00
2017.09.29 10:54:31.836,0.70021,0.70036,1.12,1.00
2017.09.29 10:54:31.938,0.70018,0.70037,1.12,1.50
2017.09.29 10:54:32.234,0.70018,0.70035,1.00,1.00
2017.09.29 10:54:32.285,0.70018,0.70037,1.00,1.87
2017.09.29 10:54:32.800,0.70019,0.70037,1.00,1.00
2017.09.29 10:54:33.180,0.70021,0.70037,1.00,1.00
2017.09.29 10:54:34.046,0.70021,0.70034,1.00,3.75
2017.09.29 10:54:34.097,0.70017,0.70033,1.37,1.00
2017.09.29 10:54:34.148,0.7002,0.70034,1.00,3.75
2017.09.29 10:54:34.199,0.70018,0.70034,1.12,4.50
2017.09.29 10:54:34.734,0.70019,0.70034,1.00,3.75
2017.09.29 10:54:35.818,0.70018,0.70034,1.00,3.75
2017.09.29 10:54:38.754,0.70016,0.70034,1.00,2.25
2017.09.29 10:54:39.284,0.70015,0.70034,1.00,2.25
2017.09.29 10:54:39.335,0.70018,0.70034,1.00,2.25
2017.09.29 10:54:40.064,0.70017,0.70034,1.00,2.25
2017.09.29 10:54:41.207,0.70018,0.70034,1.00,2.25
2017.09.29 10:54:49.404,0.70016,0.70033,1.00,1.00
2017.09.29 10:54:49.654,0.70018,0.70034,1.00,2.25
2017.09.29 10:54:50.772,0.70018,0.70037,1.00,3.75
2017.09.29 10:54:53.552,0.70018,0.70036,1.00,1.00
2017.09.29 10:54:54.071,0.70019,0.70036,1.00,1.00
2017.09.29 10:55:00.127,0.70019,0.70037,1.00,1.50
2017.09.29 10:55:02.158,0.70019,0.70036,1.00,1.00
2017.09.29 10:55:02.695,0.7002,0.70037,1.00,1.00
2017.09.29 10:55:03.241,0.7002,0.70036,1.00,1.00
2017.09.29 10:55:03.840,0.70018,0.70036,1.72,1.00
2017.09.29 10:55:05.704,0.70017,0.70034,1.72,2.25
2017.09.29 10:55:08.705,0.70016,0.70035,3.22,1.50
2017.09.29 10:55:09.419,0.70018,0.70036,1.72,1.50
2017.09.29 10:55:11.252,0.70018,0.70035,1.72,1.00
2017.09.29 10:55:13.405,0.70018,0.70035,1.12,1.00
2017.09.29 10:55:13.733,0.70016,0.70035,1.35,1.50
2017.09.29 10:55:14.042,0.70016,0.70033,1.35,1.00
2017.09.29 10:55:14.420,0.70016,0.70035,1.35,1.50
2017.09.29 10:55:14.663,0.70016,0.70035,2.85,1.50
2017.09.29 10:55:16.237,0.70018,0.70035,1.00,1.50
2017.09.29 10:55:16.917,0.70017,0.70034,1.00,1.00
2017.09.29 10:55:21.045,0.70016,0.70034,1.35,1.50
2017.09.29 10:55:23.721,0.70019,0.70036,1.00,1.00
2017.09.29 10:55:24.799,0.7002,0.70036,1.00,1.00
2017.09.29 10:55:25.867,0.7002,0.70035,1.00,1.00
2017.09.29 10:55:26.417,0.70019,0.70035,1.00,1.00
2017.09.29 10:55:27.511,0.70018,0.70035,1.00,3.00
2017.09.29 10:55:29.489,0.7002,0.70035,1.00,3.00
2017.09.29 10:55:30.003,0.70021,0.70035,1.00,3.00
2017.09.29 10:55:32.211,0.70019,0.70034,1.00,1.00
2017.09.29 10:55:32.825,0.70018,0.70033,1.00,1.00
2017.09.29 10:55:33.345,0.70018,0.70034,1.00,1.00
2017.09.29 10:55:33.936,0.70013,0.70031,1.37,1.50
2017.09.29 10:55:33.987,0.70012,0.70029,1.37,1.00
2017.09.29 10:55:34.039,0.7001,0.70026,1.00,1.50
2017.09.29 10:55:34.140,0.70007,0.70024,1.12,1.00
2017.09.29 10:55:34.424,0.70009,0.70024,1.00,1.00
2017.09.29 10:55:36.003,0.70011,0.70024,1.00,1.00
2017.09.29 10:55:36.678,0.70011,0.70025,1.00,1.00
2017.09.29 10:55:40.891,0.70011,0.70024,1.00,1.00
2017.09.29 10:55:41.201,0.70009,0.70023,1.12,1.00
2017.09.29 10:55:41.706,0.70008,0.70023,1.00,1.00
2017.09.29 10:55:42.699,0.70008,0.70024,1.00,1.00
2017.09.29 10:55:49.528,0.70009,0.70024,1.00,1.00
2017.09.29 10:55:56.723,0.70008,0.70024,1.00,1.00
2017.09.29 10:56:05.344,0.70008,0.70025,1.12,1.00
2017.09.29 10:56:06.334,0.70008,0.70024,1.12,1.00
2017.09.29 10:56:09.205,0.70009,0.70024,1.00,1.00
2017.09.29 10:56:14.395,0.7001,0.70024,1.00,1.00
2017.09.29 10:56:20.345,0.7001,0.70023,1.00,1.00
2017.09.29 10:56:24.258,0.70009,0.70023,1.12,1.00
2017.09.29 10:56:30.443,0.7001,0.70023,1.00,1.00
2017.09.29 10:56:30.544,0.7001,0.70025,1.00,1.00
2017.09.29 10:56:33.120,0.7001,0.70028,1.50,1.50
2017.09.29 10:56:35.533,0.7001,0.70027,1.00,1.00
2017.09.29 10:56:37.347,0.70011,0.70027,1.00,1.00
2017.09.29 10:56:41.431,0.70012,0.70027,1.00,1.00
2017.09.29 10:56:45.679,0.70012,0.70026,1.00,1.00
2017.09.29 10:56:45.963,0.7001,0.70026,1.00,1.00
2017.09.29 10:56:46.496,0.70011,0.70026,1.00,1.00
2017.09.29 10:56:52.318,0.7001,0.70026,1.00,1.00
2017.09.29 10:57:00.131,0.7001,0.70027,1.00,1.00
2017.09.29 10:57:00.949,0.70011,0.70027,1.00,1.00
2017.09.29 10:57:01.779,0.7001,0.70027,1.50,1.00
2017.09.29 10:57:02.516,0.7001,0.70026,1.50,1.00
2017.09.29 10:57:02.567,0.70008,0.70023,1.37,1.00
2017.09.29 10:57:02.769,0.70005,0.70021,1.00,1.50
2017.09.29 10:57:03.282,0.70006,0.70021,1.00,1.00
2017.09.29 10:57:07.088,0.70006,0.70022,1.00,1.00
2017.09.29 10:57:13.340,0.70005,0.70022,1.00,1.00
2017.09.29 10:57:18.557,0.70005,0.70022,1.37,1.00
2017.09.29 10:57:19.767,0.70007,0.70022,1.00,1.00
2017.09.29 10:57:20.021,0.70006,0.70024,1.87,1.00
2017.09.29 10:57:20.881,0.70007,0.70024,1.00,1.00
2017.09.29 10:57:22.082,0.70007,0.70021,1.00,1.00
2017.09.29 10:57:22.792,0.70006,0.70021,1.12,1.00
2017.09.29 10:57:26.491,0.70009,0.70023,1.00,1.00
2017.09.29 10:57:26.978,0.70007,0.70023,1.00,1.00
2017.09.29 10:57:28.347,0.70006,0.70023,1.87,1.00
2017.09.29 10:57:28.907,0.70007,0.70023,1.00,1.00
2017.09.29 10:57:30.134,0.70006,0.70022,1.00,1.00
2017.09.29 10:57:39.768,0.70007,0.70022,1.00,1.00
2017.09.29 10:57:40.608,0.70007,0.70023,1.00,1.00
2017.09.29 10:57:43.370,0.70006,0.70023,1.50,1.00
2017.09.29 10:58:10.047,0.70004,0.70021,1.12,1.50
2017.09.29 10:58:10.284,0.70002,0.7002,1.00,1.00
2017.09.29 10:58:11.071,0.70003,0.70021,1.00,1.00
2017.09.29 10:58:11.649,0.70004,0.70021,1.00,1.00
2017.09.29 10:58:18.141,0.70002,0.7002,1.50,1.00
2017.09.29 10:58:18.752,0.70003,0.7002,1.00,1.00
2017.09.29 10:58:19.727,0.70004,0.70021,1.00,1.00
2017.09.29 10:58:20.733,0.70004,0.70022,1.00,1.00
2017.09.29 10:58:21.399,0.70005,0.70022,1.00,1.00
2017.09.29 10:58:26.641,0.70006,0.70022,1.00,1.00
2017.09.29 10:58:28.850,0.70006,0.70023,1.00,1.50
2017.09.29 10:58:30.962,0.70007,0.70023,1.00,1.00
2017.09.29 10:58:31.730,0.70007,0.70024,1.00,1.00
2017.09.29 10:58:32.590,0.70007,0.70023,1.00,1.00
2017.09.29 10:58:33.235,0.70006,0.70024,1.00,1.00
2017.09.29 10:58:37.393,0.70006,0.70023,1.00,1.50
2017.09.29 10:58:37.495,0.70004,0.70022,1.87,1.00
2017.09.29 10:58:40.410,0.70005,0.70022,1.00,1.00
2017.09.29 10:58:45.384,0.70007,0.70022,1.00,1.00
2017.09.29 10:58:45.749,0.70007,0.70024,1.00,1.50
2017.09.29 10:58:46.515,0.70006,0.70024,1.50,1.00
2017.09.29 10:58:51.467,0.70006,0.70023,1.50,1.00
2017.09.29 10:58:52.204,0.70006,0.70024,1.50,1.00
2017.09.29 10:58:52.935,0.70007,0.70024,1.00,1.00
2017.09.29 10:58:53.549,0.70007,0.70023,1.00,1.00
2017.09.29 10:58:54.702,0.70008,0.70023,1.00,1.00
2017.09.29 10:58:55.998,0.70008,0.70025,1.00,1.50
2017.09.29 10:58:58.502,0.70006,0.70025,1.87,1.00
2017.09.29 10:58:59.248,0.70006,0.70024,1.87,1.00
2017.09.29 10:59:07.096,0.70006,0.70025,1.87,1.00
2017.09.29 10:59:07.562,0.70008,0.70025,1.00,1.50
2017.09.29 10:59:08.325,0.70007,0.70025,1.00,1.00
2017.09.29 10:59:09.570,0.70008,0.70024,1.00,1.00
2017.09.29 10:59:09.722,0.70006,0.70023,1.50,1.00
2017.09.29 10:59:10.678,0.70006,0.70024,1.00,1.00
2017.09.29 10:59:11.522,0.70005,0.70024,2.25,1.50
2017.09.29 10:59:12.065,0.70004,0.70023,1.87,1.50
2017.09.29 10:59:12.580,0.70004,0.70022,1.12,1.00
2017.09.29 10:59:14.328,0.70005,0.70021,1.00,1.00
2017.09.29 10:59:14.432,0.70003,0.70021,1.00,1.00
2017.09.29 10:59:14.967,0.70003,0.70022,1.00,1.50
2017.09.29 10:59:15.711,0.70004,0.70022,1.00,1.00
2017.09.29 10:59:19.065,0.70003,0.7002,1.50,1.00
2017.09.29 10:59:20.151,0.70003,0.70019,1.00,1.00
2017.09.29 10:59:22.068,0.70002,0.70019,1.00,1.00
2017.09.29 10:59:22.573,0.70002,0.7002,1.00,1.50
2017.09.29 10:59:23.191,0.70001,0.70019,1.50,1.50
2017.09.29 10:59:25.150,0.70001,0.70017,1.00,1.00
2017.09.29 10:59:27.120,0.7,0.70015,1.12,1.00
2017.09.29 10:59:27.171,0.69998,0.70015,1.12,1.00
2017.09.29 10:59:30.076,0.69998,0.70014,1.00,1.00
2017.09.29 10:59:30.327,0.69998,0.70016,1.50,1.00
2017.09.29 10:59:30.868,0.69998,0.70017,1.50,1.50
2017.09.29 10:59:32.342,0.69998,0.70016,1.50,1.00
2017.09.29 10:59:34.572,0.69999,0.70016,1.00,1.00
2017.09.29 10:59:35.341,0.69999,0.70014,1.00,1.00
2017.09.29 10:59:35.392,0.69997,0.70014,1.00,1.00
2017.09.29 10:59:35.900,0.69997,0.70013,1.00,1.00
2017.09.29 10:59:36.280,0.69994,0.70003,1.87,1.00
2017.09.29 10:59:36.331,0.69993,0.70006,2.62,1.00
2017.09.29 10:59:36.432,0.69988,0.70002,2.25,1.00
2017.09.29 10:59:36.483,0.6999,0.70001,1.00,1.00
2017.09.29 10:59:36.534,0.69985,0.70001,1.00,1.00
2017.09.29 10:59:36.636,0.69984,0.69999,1.00,1.00
2017.09.29 10:59:36.772,0.69982,0.69999,1.00,1.00
2017.09.29 10:59:37.285,0.69982,0.69998,1.00,1.00
2017.09.29 10:59:39.672,0.69982,0.69997,1.00,1.00
2017.09.29 10:59:40.219,0.69982,0.69998,1.00,1.00
2017.09.29 10:59:45.853,0.69982,0.69999,1.00,1.00
2017.09.29 10:59:46.380,0.69982,0.7,1.00,1.50
2017.09.29 10:59:46.912,0.69982,0.69999,1.00,1.00
2017.09.29 10:59:48.958,0.69982,0.69998,1.00,1.00
2017.09.29 10:59:49.568,0.69983,0.69998,1.00,1.00
2017.09.29 10:59:52.078,0.69982,0.69998,1.50,1.00
2017.09.29 10:59:52.590,0.69982,0.69997,1.00,1.00
2017.09.29 10:59:53.362,0.69981,0.69997,1.00,1.00
2017.09.29 10:59:53.912,0.6998,0.69998,1.00,1.50
2017.09.29 10:59:57.283,0.69981,0.7,1.00,1.50
2017.09.29 10:59:58.092,0.69981,0.69998,1.00,1.00
2017.09.29 10:59:59.710,0.69981,0.69999,1.00,1.00
