2014.01.29 20:00:00.091,0.7395,0.74008,1.00,1.00
2014.01.29 20:00:00.560,0.7395,0.74003,1.00,1.00
2014.01.29 20:00:00.865,0.73922,0.73994,1.38,1.00
2014.01.29 20:00:01.016,0.73932,0.73999,0.38,0.75
2014.01.29 20:00:01.375,0.73954,0.73999,0.38,0.75
2014.01.29 20:00:01.736,0.73954,0.74003,0.38,0.75
2014.01.29 20:00:01.938,0.73913,0.74098,0.38,0.19
2014.01.29 20:00:02.146,0.73709,0.73927,1.00,0.75
2014.01.29 20:00:02.197,0.73709,0.73786,0.75,1.00
2014.01.29 20:00:02.458,0.73706,0.73786,1.00,1.00
2014.01.29 20:00:02.741,0.73696,0.73786,1.00,1.00
2014.01.29 20:00:02.914,0.73634,0.73727,1.00,0.75
2014.01.29 20:00:03.031,0.73629,0.73727,1.00,0.75
2014.01.29 20:00:03.132,0.73623,0.73756,1.00,0.75
2014.01.29 20:00:03.433,0.73642,0.73699,1.00,1.75
2014.01.29 20:00:03.735,0.73638,0.73672,0.75,1.00
2014.01.29 20:00:03.823,0.73582,0.73658,0.75,1.00
2014.01.29 20:00:03.924,0.73563,0.73648,1.00,1.00
2014.01.29 20:00:03.975,0.73528,0.73648,1.00,1.00
2014.01.29 20:00:04.176,0.73532,0.73652,1.00,1.00
2014.01.29 20:00:04.478,0.73533,0.73608,1.38,1.00
2014.01.29 20:00:04.679,0.7354,0.73618,1.00,1.00
2014.01.29 20:00:04.779,0.73555,0.73636,1.00,1.00
2014.01.29 20:00:04.830,0.73558,0.73636,0.75,1.00
2014.01.29 20:00:04.930,0.73542,0.73629,1.00,1.00
2014.01.29 20:00:05.081,0.73523,0.73628,1.00,1.00
2014.01.29 20:00:05.182,0.73522,0.73608,1.00,1.50
2014.01.29 20:00:05.576,0.73526,0.73597,1.00,1.00
2014.01.29 20:00:05.627,0.73508,0.73594,1.00,1.00
2014.01.29 20:00:05.778,0.73508,0.73567,1.00,1.00
2014.01.29 20:00:05.829,0.73499,0.73567,1.00,1.00
2014.01.29 20:00:05.880,0.73499,0.73589,1.00,1.00
2014.01.29 20:00:05.931,0.73504,0.73589,1.00,1.00
2014.01.29 20:00:06.245,0.73496,0.73578,1.00,1.00
2014.01.29 20:00:06.396,0.73496,0.73584,1.00,0.75
2014.01.29 20:00:06.464,0.73551,0.73638,0.75,1.00
2014.01.29 20:00:06.691,0.73542,0.73638,1.00,1.00
2014.01.29 20:00:06.898,0.73542,0.73638,1.00,1.60
2014.01.29 20:00:07.200,0.73518,0.73647,1.00,1.50
2014.01.29 20:00:07.251,0.73505,0.73643,1.00,1.00
2014.01.29 20:00:07.463,0.73493,0.7363,1.38,1.00
2014.01.29 20:00:07.565,0.73518,0.73647,1.00,1.00
2014.01.29 20:00:07.789,0.73533,0.73647,1.00,1.00
2014.01.29 20:00:08.090,0.73514,0.73574,1.00,1.00
2014.01.29 20:00:08.141,0.73512,0.73574,1.00,1.00
2014.01.29 20:00:08.242,0.73517,0.73587,1.00,1.00
2014.01.29 20:00:08.342,0.73493,0.73587,1.00,1.50
2014.01.29 20:00:08.505,0.73498,0.73587,1.00,1.00
2014.01.29 20:00:08.556,0.73498,0.73607,1.00,1.00
2014.01.29 20:00:08.611,0.73499,0.73623,1.00,1.00
2014.01.29 20:00:08.662,0.73499,0.73627,1.00,1.13
2014.01.29 20:00:08.712,0.73499,0.73627,1.38,1.38
2014.01.29 20:00:09.014,0.73555,0.73599,1.00,1.00
2014.01.29 20:00:09.215,0.73521,0.73602,1.00,1.00
2014.01.29 20:00:09.316,0.73512,0.73574,1.38,1.00
2014.01.29 20:00:09.416,0.73517,0.73585,1.00,1.00
2014.01.29 20:00:09.617,0.73525,0.73585,1.00,1.00
2014.01.29 20:00:09.718,0.73525,0.73599,1.00,1.00
2014.01.29 20:00:09.920,0.73525,0.73602,1.00,1.00
2014.01.29 20:00:10.020,0.73523,0.73602,1.00,1.00
2014.01.29 20:00:10.071,0.73529,0.73594,1.00,1.00
2014.01.29 20:00:10.172,0.73512,0.73597,1.00,1.50
2014.01.29 20:00:10.322,0.73506,0.73596,1.00,1.00
2014.01.29 20:00:10.423,0.73508,0.73596,1.00,1.00
2014.01.29 20:00:10.734,0.73514,0.73586,1.00,1.00
2014.01.29 20:00:10.785,0.73514,0.73591,1.00,1.00
2014.01.29 20:00:10.886,0.73504,0.73586,1.00,1.00
2014.01.29 20:00:10.936,0.73548,0.73586,0.75,1.00
2014.01.29 20:00:10.987,0.73552,0.73588,0.75,1.00
2014.01.29 20:00:11.087,0.73552,0.73596,0.75,1.00
2014.01.29 20:00:11.188,0.73557,0.73601,0.75,1.00
2014.01.29 20:00:11.289,0.73508,0.73558,1.00,1.00
2014.01.29 20:00:11.389,0.73517,0.73561,1.00,1.00
2014.01.29 20:00:11.597,0.73516,0.73567,1.00,1.00
2014.01.29 20:00:11.753,0.73553,0.73611,0.75,1.00
2014.01.29 20:00:11.904,0.73561,0.73604,0.75,1.64
2014.01.29 20:00:11.955,0.73528,0.73604,1.00,1.64
2014.01.29 20:00:12.055,0.7355,0.73604,0.75,1.64
2014.01.29 20:00:12.156,0.73527,0.73604,1.00,1.64
2014.01.29 20:00:12.207,0.73537,0.73604,1.00,1.64
2014.01.29 20:00:12.508,0.73581,0.73631,1.00,1.56
2014.01.29 20:00:12.711,0.73583,0.73666,1.00,1.90
2014.01.29 20:00:12.852,0.73587,0.7366,1.00,1.61
2014.01.29 20:00:13.166,0.73612,0.73646,1.00,1.00
2014.01.29 20:00:13.267,0.73609,0.73667,1.00,1.92
2014.01.29 20:00:13.576,0.73611,0.73651,1.00,1.38
2014.01.29 20:00:13.922,0.73604,0.73647,1.38,1.00
2014.01.29 20:00:14.143,0.73603,0.73647,1.38,1.00
2014.01.29 20:00:14.194,0.73632,0.73653,1.00,1.38
2014.01.29 20:00:14.535,0.73612,0.73636,1.38,1.10
2014.01.29 20:00:15.132,0.73611,0.73646,1.13,2.03
2014.01.29 20:00:15.383,0.73602,0.73644,1.38,1.79
2014.01.29 20:00:15.484,0.73602,0.73644,1.38,1.79
2014.01.29 20:00:15.535,0.73605,0.73644,1.00,1.79
2014.01.29 20:00:15.636,0.73603,0.73639,1.00,1.17
2014.01.29 20:00:15.790,0.73603,0.73639,1.00,1.53
2014.01.29 20:00:15.890,0.736,0.73644,1.38,1.87
2014.01.29 20:00:16.199,0.73635,0.73653,1.00,1.13
2014.01.29 20:00:16.299,0.73635,0.73653,1.00,1.13
2014.01.29 20:00:16.400,0.73635,0.73653,1.00,1.13
2014.01.29 20:00:16.622,0.73635,0.73654,1.00,1.38
2014.01.29 20:00:16.722,0.73623,0.73654,1.00,1.00
2014.01.29 20:00:16.924,0.73638,0.73664,1.00,1.75
2014.01.29 20:00:17.277,0.73613,0.73666,1.38,1.35
2014.01.29 20:00:17.378,0.73642,0.73666,1.00,1.35
2014.01.29 20:00:17.478,0.73645,0.73684,1.00,1.75
2014.01.29 20:00:17.529,0.73645,0.73681,1.00,1.38
2014.01.29 20:00:17.711,0.73645,0.73674,1.00,1.00
2014.01.29 20:00:17.882,0.73645,0.73684,1.00,1.75
2014.01.29 20:00:18.011,0.73625,0.73684,1.00,1.75
2014.01.29 20:00:18.162,0.73613,0.73674,1.00,1.00
2014.01.29 20:00:18.368,0.73615,0.73674,1.00,1.00
2014.01.29 20:00:18.471,0.73615,0.73678,1.00,1.00
2014.01.29 20:00:18.921,0.73622,0.7368,1.00,1.38
2014.01.29 20:00:19.223,0.73655,0.73689,1.00,2.10
2014.01.29 20:00:19.274,0.73634,0.73689,1.00,2.10
2014.01.29 20:00:19.324,0.73634,0.73682,1.00,1.43
2014.01.29 20:00:19.375,0.73632,0.73682,1.00,1.80
2014.01.29 20:00:19.682,0.73639,0.73676,1.00,1.13
2014.01.29 20:00:19.988,0.73644,0.73676,1.00,1.13
2014.01.29 20:00:20.038,0.73636,0.73676,1.00,1.13
2014.01.29 20:00:20.139,0.73643,0.73676,1.00,1.13
2014.01.29 20:00:20.454,0.73643,0.73668,1.00,1.00
2014.01.29 20:00:20.742,0.73643,0.73673,1.00,1.38
2014.01.29 20:00:20.897,0.73648,0.73673,1.00,1.00
2014.01.29 20:00:21.225,0.73644,0.73669,1.00,1.00
2014.01.29 20:00:22.304,0.73646,0.73669,1.00,1.00
2014.01.29 20:00:22.831,0.73646,0.73682,1.00,1.13
2014.01.29 20:00:22.881,0.73659,0.73682,1.00,1.13
2014.01.29 20:00:23.032,0.73659,0.73688,1.00,1.00
2014.01.29 20:00:23.094,0.73648,0.73688,1.00,1.00
2014.01.29 20:00:23.194,0.73648,0.73683,1.38,2.59
2014.01.29 20:00:23.496,0.73663,0.73683,1.00,1.75
2014.01.29 20:00:23.547,0.73646,0.73683,1.00,2.55
2014.01.29 20:00:23.648,0.73652,0.73678,1.00,1.38
2014.01.29 20:00:23.748,0.73652,0.73688,1.00,1.88
2014.01.29 20:00:23.899,0.73663,0.73693,1.00,1.38
2014.01.29 20:00:24.000,0.73663,0.73698,1.00,1.13
2014.01.29 20:00:24.100,0.7367,0.73705,1.00,1.75
2014.01.29 20:00:24.201,0.73662,0.73698,1.00,1.13
2014.01.29 20:00:24.422,0.73658,0.73698,1.00,1.13
2014.01.29 20:00:24.578,0.73658,0.73697,1.00,1.13
2014.01.29 20:00:24.861,0.73653,0.73696,1.00,1.13
2014.01.29 20:00:25.062,0.73654,0.73688,1.00,1.38
2014.01.29 20:00:25.411,0.73651,0.73688,1.00,1.38
2014.01.29 20:00:25.519,0.73666,0.73694,1.00,1.58
2014.01.29 20:00:25.569,0.73666,0.73702,1.00,1.13
2014.01.29 20:00:25.676,0.73682,0.73707,1.00,1.75
2014.01.29 20:00:25.729,0.73682,0.73707,1.00,1.38
2014.01.29 20:00:25.829,0.73677,0.73714,1.00,1.88
2014.01.29 20:00:25.880,0.73669,0.73707,1.38,1.13
2014.01.29 20:00:25.981,0.73661,0.73705,1.38,1.38
2014.01.29 20:00:26.082,0.73664,0.73708,1.00,1.75
2014.01.29 20:00:26.132,0.73664,0.73708,1.00,1.75
2014.01.29 20:00:26.233,0.73667,0.73711,1.00,1.88
2014.01.29 20:00:26.333,0.73672,0.73711,1.00,1.13
2014.01.29 20:00:26.434,0.7367,0.73705,1.00,1.75
2014.01.29 20:00:26.485,0.7367,0.73705,1.00,2.44
2014.01.29 20:00:26.535,0.73665,0.73705,1.00,2.44
2014.01.29 20:00:26.636,0.73673,0.73705,1.00,2.44
2014.01.29 20:00:26.687,0.73673,0.73705,1.00,1.75
2014.01.29 20:00:26.787,0.73661,0.73704,1.13,1.75
2014.01.29 20:00:27.296,0.73654,0.737,1.38,1.88
2014.01.29 20:00:27.347,0.73654,0.73696,1.00,1.13
2014.01.29 20:00:27.397,0.73658,0.73692,1.00,1.13
2014.01.29 20:00:27.823,0.73658,0.73692,1.00,1.13
2014.01.29 20:00:28.570,0.7366,0.73692,1.00,1.13
2014.01.29 20:00:28.721,0.73653,0.73692,1.00,1.13
2014.01.29 20:00:29.187,0.7365,0.73689,1.00,1.17
2014.01.29 20:00:30.135,0.7365,0.73683,1.00,1.13
2014.01.29 20:00:30.446,0.73648,0.73672,1.00,1.43
2014.01.29 20:00:30.496,0.73653,0.73687,1.00,1.13
2014.01.29 20:00:30.606,0.73653,0.73687,1.00,1.13
2014.01.29 20:00:30.904,0.7365,0.73687,1.00,1.13
2014.01.29 20:00:31.214,0.7365,0.73692,1.00,1.13
2014.01.29 20:00:31.264,0.73657,0.73692,1.00,1.13
2014.01.29 20:00:31.581,0.73659,0.73692,1.00,1.13
2014.01.29 20:00:31.681,0.73651,0.73683,1.00,1.00
2014.01.29 20:00:31.782,0.73651,0.73683,1.00,1.38
2014.01.29 20:00:32.044,0.73648,0.73683,1.00,1.38
2014.01.29 20:00:32.245,0.73643,0.7368,1.00,1.88
2014.01.29 20:00:32.346,0.73624,0.73675,1.38,1.13
2014.01.29 20:00:32.397,0.73624,0.73673,1.38,1.13
2014.01.29 20:00:32.699,0.73661,0.73684,1.00,1.90
2014.01.29 20:00:33.022,0.73654,0.73684,1.00,1.90
2014.01.29 20:00:33.079,0.73644,0.73684,1.00,1.90
2014.01.29 20:00:33.130,0.73642,0.73684,1.13,1.90
2014.01.29 20:00:33.180,0.73642,0.73684,1.38,1.90
2014.01.29 20:00:33.382,0.73648,0.73684,1.00,1.90
2014.01.29 20:00:33.483,0.7366,0.73684,1.00,1.90
2014.01.29 20:00:33.684,0.73627,0.73671,1.50,1.00
2014.01.29 20:00:33.734,0.73627,0.73671,1.88,1.00
2014.01.29 20:00:34.038,0.73612,0.73656,1.75,1.00
2014.01.29 20:00:34.139,0.73627,0.73666,1.38,1.00
2014.01.29 20:00:34.240,0.73635,0.73681,1.88,1.38
2014.01.29 20:00:34.373,0.73635,0.73664,1.38,1.00
2014.01.29 20:00:34.473,0.73615,0.7365,1.00,1.00
2014.01.29 20:00:34.524,0.73606,0.7365,1.00,1.00
2014.01.29 20:00:34.575,0.73606,0.73644,1.00,1.00
2014.01.29 20:00:34.726,0.7359,0.73637,1.75,1.00
2014.01.29 20:00:34.777,0.7359,0.73635,1.75,1.00
2014.01.29 20:00:34.827,0.7359,0.73635,1.75,1.00
2014.01.29 20:00:35.081,0.73592,0.73636,1.00,1.00
2014.01.29 20:00:35.132,0.73591,0.73634,1.00,1.00
2014.01.29 20:00:35.233,0.73586,0.73641,1.75,1.38
2014.01.29 20:00:35.333,0.73586,0.73632,1.38,1.00
2014.01.29 20:00:35.434,0.73585,0.73637,1.38,1.38
2014.01.29 20:00:35.535,0.73578,0.73637,1.13,1.38
2014.01.29 20:00:35.585,0.73578,0.73632,1.13,1.38
2014.01.29 20:00:35.636,0.73573,0.73632,1.91,1.38
2014.01.29 20:00:35.937,0.73557,0.73602,1.75,1.00
2014.01.29 20:00:36.038,0.73545,0.73602,1.38,1.00
2014.01.29 20:00:36.139,0.73545,0.73592,1.38,1.00
2014.01.29 20:00:36.471,0.73537,0.7359,1.38,1.00
2014.01.29 20:00:36.572,0.73526,0.7359,3.00,1.38
2014.01.29 20:00:36.795,0.73536,0.73584,1.00,1.00
2014.01.29 20:00:37.097,0.73543,0.73574,1.38,1.00
2014.01.29 20:00:37.147,0.73543,0.7358,1.38,1.00
2014.01.29 20:00:37.198,0.73543,0.73576,1.38,1.00
2014.01.29 20:00:37.532,0.73543,0.73574,1.13,1.00
2014.01.29 20:00:37.633,0.73543,0.73583,1.38,1.00
2014.01.29 20:00:37.784,0.73537,0.73571,1.43,1.00
2014.01.29 20:00:37.885,0.73537,0.73577,1.43,1.00
2014.01.29 20:00:37.986,0.73536,0.73575,1.88,1.00
2014.01.29 20:00:38.410,0.73537,0.7358,1.88,1.50
2014.01.29 20:00:38.562,0.73538,0.73582,1.88,1.00
2014.01.29 20:00:38.662,0.73541,0.73585,1.50,1.00
2014.01.29 20:00:40.384,0.73539,0.73583,1.75,1.00
2014.01.29 20:00:40.860,0.73561,0.73607,1.38,1.38
2014.01.29 20:00:41.186,0.73565,0.73611,1.00,1.00
2014.01.29 20:00:41.287,0.73569,0.73613,1.00,1.00
2014.01.29 20:00:41.387,0.73565,0.73618,1.00,1.38
2014.01.29 20:00:41.690,0.73566,0.73618,1.75,1.00
2014.01.29 20:00:41.740,0.73574,0.73627,1.38,1.13
2014.01.29 20:00:41.841,0.7358,0.73624,1.38,1.00
2014.01.29 20:00:42.093,0.73582,0.73628,1.38,1.00
2014.01.29 20:00:42.193,0.73589,0.73635,1.00,1.38
2014.01.29 20:00:42.294,0.73591,0.73639,1.00,1.75
2014.01.29 20:00:42.448,0.73591,0.73639,1.00,1.13
2014.01.29 20:00:42.499,0.73595,0.73639,1.00,1.13
2014.01.29 20:00:42.814,0.73598,0.73642,1.00,1.00
2014.01.29 20:00:43.154,0.736,0.73646,1.00,1.50
2014.01.29 20:00:43.699,0.73596,0.7364,1.00,1.00
2014.01.29 20:00:43.802,0.73597,0.73643,1.00,1.00
2014.01.29 20:00:44.054,0.73601,0.73647,1.00,1.75
2014.01.29 20:00:44.712,0.73596,0.73642,1.00,1.00
2014.01.29 20:00:44.927,0.73604,0.73648,1.00,1.00
2014.01.29 20:00:45.229,0.736,0.73644,1.00,1.00
2014.01.29 20:00:45.762,0.736,0.73644,1.00,1.38
2014.01.29 20:00:46.063,0.73626,0.73679,1.38,1.88
2014.01.29 20:00:46.214,0.73619,0.73673,1.17,1.38
2014.01.29 20:00:46.315,0.73625,0.73673,1.63,1.38
2014.01.29 20:00:46.465,0.73633,0.73675,1.13,1.75
2014.01.29 20:00:46.566,0.73646,0.73675,1.75,1.00
2014.01.29 20:00:46.617,0.73648,0.73708,1.13,1.00
2014.01.29 20:00:46.667,0.73648,0.73708,1.13,1.00
2014.01.29 20:00:46.968,0.73644,0.73703,1.13,1.00
2014.01.29 20:00:47.271,0.73646,0.73698,1.38,1.00
2014.01.29 20:00:47.573,0.73638,0.73674,1.00,1.00
2014.01.29 20:00:47.623,0.73626,0.73674,1.00,1.00
2014.01.29 20:00:47.673,0.73626,0.73671,1.00,1.00
2014.01.29 20:00:47.975,0.73636,0.7368,1.00,1.13
2014.01.29 20:00:48.300,0.73641,0.7368,1.00,1.13
2014.01.29 20:00:48.401,0.73633,0.73677,1.00,1.00
2014.01.29 20:00:48.452,0.73628,0.73665,1.00,1.00
2014.01.29 20:00:48.605,0.73616,0.7366,1.00,1.00
2014.01.29 20:00:48.655,0.73616,0.73639,1.00,1.00
2014.01.29 20:00:48.806,0.73608,0.73639,1.00,1.00
2014.01.29 20:00:49.018,0.73608,0.73643,1.00,1.00
2014.01.29 20:00:49.530,0.73604,0.73639,1.38,1.00
2014.01.29 20:00:49.832,0.73627,0.73643,1.00,1.00
2014.01.29 20:00:49.882,0.73627,0.73664,1.00,1.38
2014.01.29 20:00:49.933,0.73618,0.73664,1.00,1.38
2014.01.29 20:00:50.034,0.73603,0.73649,1.38,1.00
2014.01.29 20:00:50.084,0.73603,0.73646,1.50,1.00
2014.01.29 20:00:50.623,0.73606,0.73646,1.38,1.00
2014.01.29 20:00:51.220,0.73606,0.73646,1.13,1.00
2014.01.29 20:00:51.622,0.73602,0.73634,1.75,1.00
2014.01.29 20:00:51.773,0.73601,0.73638,1.75,1.00
2014.01.29 20:00:51.824,0.73601,0.73638,1.75,1.00
2014.01.29 20:00:51.874,0.73601,0.73623,1.75,1.00
2014.01.29 20:00:52.025,0.73601,0.73622,1.00,1.00
2014.01.29 20:00:52.126,0.73588,0.73623,2.37,1.00
2014.01.29 20:00:52.259,0.73588,0.73633,2.37,1.00
2014.01.29 20:00:52.412,0.73591,0.73633,1.00,1.00
2014.01.29 20:00:52.513,0.73591,0.73633,1.38,1.00
2014.01.29 20:00:52.815,0.73601,0.73633,1.00,1.00
2014.01.29 20:00:52.865,0.73601,0.73635,1.00,1.00
2014.01.29 20:00:53.090,0.73612,0.73635,1.00,1.00
2014.01.29 20:00:53.191,0.73601,0.73632,1.75,1.00
2014.01.29 20:00:53.292,0.73595,0.73629,1.28,1.00
2014.01.29 20:00:53.342,0.73592,0.73629,1.75,1.00
2014.01.29 20:00:53.393,0.73592,0.73627,1.75,1.00
2014.01.29 20:00:53.493,0.73591,0.73633,1.75,1.00
2014.01.29 20:00:53.594,0.73591,0.73631,1.75,1.00
2014.01.29 20:00:53.644,0.73591,0.73631,1.38,1.00
2014.01.29 20:00:53.745,0.73581,0.73629,1.38,1.00
2014.01.29 20:00:53.872,0.73579,0.73629,1.38,1.00
2014.01.29 20:00:53.973,0.73579,0.73622,1.00,1.00
2014.01.29 20:00:54.029,0.73575,0.73622,1.50,1.00
2014.01.29 20:00:54.192,0.73577,0.73621,1.00,1.00
2014.01.29 20:00:54.504,0.73577,0.73619,1.00,1.00
2014.01.29 20:00:54.705,0.7358,0.73624,1.50,1.00
2014.01.29 20:00:54.806,0.73582,0.73624,1.38,1.00
2014.01.29 20:00:55.180,0.73586,0.73629,1.50,1.00
2014.01.29 20:00:55.402,0.73583,0.73624,1.75,1.00
2014.01.29 20:00:55.595,0.73583,0.73629,2.25,1.00
2014.01.29 20:00:55.696,0.73594,0.73633,1.00,1.00
2014.01.29 20:00:56.341,0.73593,0.73633,1.00,1.00
2014.01.29 20:00:56.492,0.73596,0.73642,1.50,1.00
2014.01.29 20:00:56.647,0.73596,0.73642,1.75,1.00
2014.01.29 20:00:56.697,0.73601,0.73647,1.38,1.00
2014.01.29 20:00:56.753,0.73604,0.73647,1.74,1.00
2014.01.29 20:00:56.904,0.73614,0.73655,1.13,1.00
2014.01.29 20:00:57.004,0.73622,0.73655,1.88,1.00
2014.01.29 20:00:57.164,0.73633,0.73687,1.50,1.13
2014.01.29 20:00:57.214,0.73637,0.73701,1.38,1.50
2014.01.29 20:00:57.415,0.73628,0.73676,1.50,1.38
2014.01.29 20:00:57.516,0.73628,0.73672,1.75,1.38
2014.01.29 20:00:57.717,0.73634,0.73687,1.50,1.38
2014.01.29 20:00:57.918,0.73632,0.73683,1.13,1.00
2014.01.29 20:00:57.969,0.73631,0.73691,2.63,1.00
2014.01.29 20:00:58.019,0.73631,0.73691,3.66,1.00
2014.01.29 20:00:58.322,0.73639,0.73681,1.00,1.00
2014.01.29 20:00:58.372,0.73639,0.73695,1.38,1.00
2014.01.29 20:00:58.473,0.73645,0.73695,1.00,1.00
2014.01.29 20:00:58.523,0.73645,0.73704,1.00,1.13
2014.01.29 20:00:58.574,0.73646,0.73704,1.50,1.13
2014.01.29 20:00:58.775,0.73653,0.73709,1.50,1.00
2014.01.29 20:00:58.825,0.73653,0.73706,1.50,1.00
2014.01.29 20:00:58.926,0.73653,0.73711,1.00,1.00
2014.01.29 20:00:58.976,0.73648,0.73711,1.78,1.00
2014.01.29 20:00:59.027,0.73648,0.73714,1.78,1.00
2014.01.29 20:00:59.077,0.7365,0.7371,1.24,1.28
2014.01.29 20:00:59.279,0.73665,0.73721,1.01,1.75
2014.01.29 20:00:59.707,0.73673,0.73728,1.00,1.38
2014.01.29 20:00:59.758,0.73669,0.73735,1.38,1.00
2014.01.29 20:00:59.809,0.73669,0.73738,1.38,2.10
2014.01.29 20:01:00.010,0.73672,0.73737,1.00,1.60
2014.01.29 20:01:00.061,0.73668,0.73734,1.38,1.00
2014.01.29 20:01:00.111,0.73679,0.73733,1.68,1.00
2014.01.29 20:01:00.212,0.73674,0.73733,1.00,1.00
2014.01.29 20:01:00.262,0.73675,0.73728,1.00,1.00
2014.01.29 20:01:00.564,0.73676,0.7372,1.00,1.00
2014.01.29 20:01:00.866,0.73668,0.73714,1.88,1.00
2014.01.29 20:01:01.267,0.73677,0.73721,1.13,1.00
2014.01.29 20:01:01.368,0.73678,0.73732,1.00,1.00
2014.01.29 20:01:01.418,0.73693,0.73732,1.00,1.00
2014.01.29 20:01:01.468,0.73693,0.73741,1.00,1.13
2014.01.29 20:01:01.569,0.73693,0.73734,1.50,1.00
2014.01.29 20:01:01.822,0.73679,0.73722,1.00,1.00
2014.01.29 20:01:01.950,0.73676,0.73722,1.38,1.00
2014.01.29 20:01:02.000,0.73685,0.73729,1.00,1.00
2014.01.29 20:01:02.152,0.73676,0.73722,1.50,1.00
2014.01.29 20:01:02.299,0.73692,0.73722,1.00,1.00
2014.01.29 20:01:02.349,0.73693,0.73725,1.00,1.00
2014.01.29 20:01:02.934,0.73682,0.73725,1.00,1.00
2014.01.29 20:01:02.986,0.73683,0.73727,1.38,1.00
2014.01.29 20:01:04.025,0.73684,0.73724,1.00,1.00
2014.01.29 20:01:04.327,0.73683,0.73727,1.75,1.00
2014.01.29 20:01:04.629,0.737,0.73735,1.88,1.00
2014.01.29 20:01:04.780,0.73714,0.73753,1.00,1.00
2014.01.29 20:01:04.894,0.73719,0.73765,1.00,1.00
2014.01.29 20:01:05.057,0.73723,0.73765,1.00,1.00
2014.01.29 20:01:05.108,0.73724,0.73778,1.00,1.00
2014.01.29 20:01:05.209,0.73728,0.73768,1.00,1.00
2014.01.29 20:01:05.309,0.73727,0.73777,1.00,1.00
2014.01.29 20:01:05.360,0.73739,0.73777,1.38,1.00
2014.01.29 20:01:05.410,0.73742,0.73795,1.13,1.38
2014.01.29 20:01:05.461,0.73742,0.73795,1.50,1.38
2014.01.29 20:01:05.511,0.73743,0.73795,1.38,1.00
2014.01.29 20:01:05.613,0.73749,0.73795,1.00,1.00
2014.01.29 20:01:05.663,0.73749,0.73804,1.00,1.00
2014.01.29 20:01:05.714,0.7374,0.73804,1.50,1.00
2014.01.29 20:01:05.764,0.7374,0.73775,1.50,1.00
2014.01.29 20:01:05.865,0.73743,0.7378,1.00,1.00
2014.01.29 20:01:05.966,0.73743,0.73797,1.38,1.00
2014.01.29 20:01:06.117,0.73752,0.73796,1.00,1.00
2014.01.29 20:01:06.437,0.73776,0.73818,1.50,1.13
2014.01.29 20:01:06.739,0.73775,0.73809,1.00,1.00
2014.01.29 20:01:06.840,0.73769,0.73804,1.00,1.00
2014.01.29 20:01:06.940,0.73766,0.73804,1.00,1.00
2014.01.29 20:01:06.991,0.73766,0.73802,1.00,1.00
2014.01.29 20:01:07.293,0.73766,0.73793,1.00,1.00
2014.01.29 20:01:07.343,0.73754,0.73793,1.00,1.00
2014.01.29 20:01:07.394,0.7376,0.73809,2.10,1.75
2014.01.29 20:01:07.444,0.73773,0.73809,1.35,1.00
2014.01.29 20:01:07.545,0.73785,0.73835,1.00,1.50
2014.01.29 20:01:07.595,0.73785,0.7383,1.00,2.10
2014.01.29 20:01:07.897,0.73781,0.73811,1.60,1.00
2014.01.29 20:01:07.947,0.73781,0.73826,2.10,1.00
2014.01.29 20:01:08.048,0.73795,0.73838,1.00,1.00
2014.01.29 20:01:08.099,0.7381,0.73838,1.00,1.00
2014.01.29 20:01:08.400,0.73824,0.73864,1.00,1.38
2014.01.29 20:01:08.501,0.73824,0.73864,1.00,1.00
2014.01.29 20:01:08.552,0.73811,0.73864,2.85,1.00
2014.01.29 20:01:08.652,0.73811,0.73863,1.00,1.00
2014.01.29 20:01:08.703,0.73806,0.73821,1.00,1.00
2014.01.29 20:01:08.904,0.73772,0.73811,1.38,1.00
2014.01.29 20:01:09.005,0.73787,0.73817,1.00,1.60
2014.01.29 20:01:09.055,0.73787,0.73805,1.00,2.10
2014.01.29 20:01:09.105,0.73771,0.73805,1.00,2.10
2014.01.29 20:01:09.206,0.73766,0.73805,1.00,2.10
2014.01.29 20:01:09.307,0.73753,0.73798,1.68,1.00
2014.01.29 20:01:09.403,0.73752,0.73798,1.68,1.60
2014.01.29 20:01:09.605,0.73747,0.73786,1.00,1.00
2014.01.29 20:01:09.706,0.73741,0.73782,1.00,1.00
2014.01.29 20:01:09.857,0.73744,0.73783,1.00,1.00
2014.01.29 20:01:10.197,0.73739,0.73783,1.00,1.00
2014.01.29 20:01:10.399,0.73738,0.73768,1.00,1.00
2014.01.29 20:01:10.449,0.73731,0.73768,1.00,1.00
2014.01.29 20:01:10.508,0.73728,0.73768,1.30,1.00
2014.01.29 20:01:10.609,0.7372,0.73768,1.50,1.00
2014.01.29 20:01:10.659,0.7372,0.73766,1.50,1.00
2014.01.29 20:01:10.975,0.7374,0.73784,1.00,1.00
2014.01.29 20:01:11.277,0.73741,0.73775,1.00,1.35
2014.01.29 20:01:11.602,0.73724,0.73768,1.60,1.00
2014.01.29 20:01:12.138,0.73722,0.73768,1.60,1.00
2014.01.29 20:01:12.527,0.73719,0.73762,1.60,1.00
2014.01.29 20:01:12.728,0.73719,0.7376,1.00,1.00
2014.01.29 20:01:12.829,0.73719,0.73765,1.38,1.00
2014.01.29 20:01:13.272,0.73717,0.73757,1.45,1.00
2014.01.29 20:01:13.322,0.73717,0.73757,1.68,1.00
2014.01.29 20:01:13.373,0.73717,0.73761,1.68,1.00
2014.01.29 20:01:13.474,0.73717,0.73757,1.68,1.00
2014.01.29 20:01:13.524,0.73712,0.73757,1.00,1.00
2014.01.29 20:01:13.582,0.73712,0.73755,1.00,1.00
2014.01.29 20:01:14.121,0.7371,0.73754,1.38,1.00
2014.01.29 20:01:14.662,0.7371,0.73754,1.38,1.00
2014.01.29 20:01:16.627,0.73713,0.73754,1.00,1.00
2014.01.29 20:01:17.021,0.73708,0.73752,1.75,1.00
2014.01.29 20:01:17.122,0.73708,0.73752,1.50,1.00
2014.01.29 20:01:17.223,0.73705,0.73744,1.38,1.00
2014.01.29 20:01:17.662,0.73698,0.73739,1.75,1.00
2014.01.29 20:01:18.203,0.73702,0.73739,1.75,1.00
2014.01.29 20:01:18.254,0.73702,0.73743,1.75,1.00
2014.01.29 20:01:19.004,0.737,0.73738,1.75,1.00
2014.01.29 20:01:19.104,0.73698,0.73741,1.47,1.00
2014.01.29 20:01:19.213,0.73694,0.73737,1.00,1.00
2014.01.29 20:01:19.264,0.73696,0.73737,1.00,1.00
2014.01.29 20:01:19.516,0.73696,0.73742,1.00,1.00
2014.01.29 20:01:19.667,0.73697,0.73742,1.68,1.00
2014.01.29 20:01:19.923,0.73698,0.73749,1.43,1.00
2014.01.29 20:01:20.124,0.73693,0.73742,1.80,2.10
2014.01.29 20:01:20.432,0.73682,0.73725,1.27,1.00
2014.01.29 20:01:20.733,0.73677,0.73717,1.43,1.00
2014.01.29 20:01:20.834,0.73677,0.73719,1.00,1.00
2014.01.29 20:01:20.885,0.73676,0.73702,1.13,2.10
2014.01.29 20:01:21.036,0.73662,0.73702,1.00,2.10
2014.01.29 20:01:21.137,0.73649,0.73696,1.19,2.10
2014.01.29 20:01:21.260,0.73646,0.73696,1.38,2.10
2014.01.29 20:01:21.370,0.73646,0.73696,1.38,2.85
2014.01.29 20:01:21.577,0.73646,0.7369,1.00,1.35
2014.01.29 20:01:21.678,0.73642,0.73687,1.00,1.00
2014.01.29 20:01:21.779,0.73642,0.73685,1.00,1.00
2014.01.29 20:01:22.110,0.73642,0.73683,1.00,1.00
2014.01.29 20:01:22.425,0.73641,0.73678,1.13,1.00
2014.01.29 20:01:22.747,0.73647,0.73673,1.00,1.00
2014.01.29 20:01:23.093,0.73647,0.73675,1.00,1.00
2014.01.29 20:01:23.204,0.73647,0.73681,1.00,1.00
2014.01.29 20:01:23.305,0.73652,0.73681,1.00,1.00
2014.01.29 20:01:23.642,0.73652,0.73689,1.00,1.00
2014.01.29 20:01:23.793,0.73652,0.73684,1.00,1.00
2014.01.29 20:01:23.894,0.73652,0.73688,1.00,1.00
2014.01.29 20:01:23.977,0.73652,0.73692,1.00,1.60
2014.01.29 20:01:24.193,0.73652,0.73692,1.38,1.60
2014.01.29 20:01:24.394,0.73652,0.73692,1.00,1.00
2014.01.29 20:01:24.445,0.73652,0.73696,1.00,1.00
2014.01.29 20:01:24.545,0.73652,0.73692,1.00,1.00
2014.01.29 20:01:24.646,0.73655,0.73699,1.00,1.35
2014.01.29 20:01:24.697,0.73656,0.73699,1.04,1.00
2014.01.29 20:01:24.895,0.73663,0.73703,1.68,1.00
2014.01.29 20:01:24.946,0.73663,0.73703,1.35,1.00
2014.01.29 20:01:25.283,0.73666,0.73704,1.29,1.00
2014.01.29 20:01:25.334,0.73663,0.73702,1.25,1.00
2014.01.29 20:01:25.867,0.73662,0.73702,1.13,1.00
2014.01.29 20:01:25.968,0.73661,0.73705,2.25,1.00
2014.01.29 20:01:26.068,0.73666,0.73705,1.00,1.00
2014.01.29 20:01:26.552,0.73661,0.73705,1.38,1.00
2014.01.29 20:01:27.071,0.73661,0.73694,1.38,2.10
2014.01.29 20:01:27.323,0.73647,0.73682,1.53,1.00
2014.01.29 20:01:27.424,0.73647,0.73682,1.38,1.00
2014.01.29 20:01:27.524,0.73647,0.73676,1.38,1.00
2014.01.29 20:01:27.575,0.73647,0.73676,1.00,1.00
2014.01.29 20:01:27.776,0.73647,0.73673,1.00,1.00
2014.01.29 20:01:27.897,0.73632,0.73673,2.25,1.00
2014.01.29 20:01:28.164,0.73632,0.73677,1.75,1.00
2014.01.29 20:01:28.739,0.73636,0.73673,1.00,1.00
2014.01.29 20:01:29.041,0.73626,0.73663,1.00,1.00
2014.01.29 20:01:29.141,0.73617,0.73661,1.75,1.00
2014.01.29 20:01:29.192,0.73617,0.73655,1.38,1.00
2014.01.29 20:01:29.292,0.73617,0.73652,1.00,1.00
2014.01.29 20:01:29.393,0.73617,0.73647,1.00,1.00
2014.01.29 20:01:29.444,0.73612,0.73647,1.00,1.00
2014.01.29 20:01:29.544,0.73617,0.73658,1.00,1.00
2014.01.29 20:01:29.600,0.73617,0.73653,1.00,1.00
2014.01.29 20:01:29.751,0.73617,0.7366,1.00,1.00
2014.01.29 20:01:29.851,0.73617,0.73662,1.00,1.00
2014.01.29 20:01:29.902,0.73614,0.73662,1.00,1.00
2014.01.29 20:01:29.952,0.73611,0.73659,1.00,1.00
2014.01.29 20:01:30.053,0.73611,0.73661,1.00,1.00
2014.01.29 20:01:30.154,0.73609,0.73667,1.38,1.60
2014.01.29 20:01:30.386,0.73615,0.73661,1.00,1.00
2014.01.29 20:01:30.804,0.73619,0.73658,1.00,1.00
2014.01.29 20:01:31.163,0.73624,0.73659,1.00,1.00
2014.01.29 20:01:31.264,0.73622,0.73668,1.75,1.00
2014.01.29 20:01:31.575,0.73626,0.73665,1.38,1.00
2014.01.29 20:01:31.776,0.73619,0.73656,1.50,1.00
2014.01.29 20:01:32.275,0.73615,0.73656,1.00,1.00
2014.01.29 20:01:32.375,0.73615,0.73658,1.00,1.00
2014.01.29 20:01:32.722,0.73617,0.73661,1.00,1.00
2014.01.29 20:01:32.773,0.73617,0.73661,1.75,1.00
2014.01.29 20:01:33.075,0.73601,0.73647,1.88,1.00
2014.01.29 20:01:33.821,0.73601,0.73647,1.88,1.60
2014.01.29 20:01:34.123,0.73591,0.73632,1.75,1.00
2014.01.29 20:01:34.456,0.73591,0.73628,1.38,1.00
2014.01.29 20:01:34.507,0.73591,0.73628,1.00,1.00
2014.01.29 20:01:34.658,0.73584,0.73628,1.88,1.00
2014.01.29 20:01:35.040,0.73584,0.73626,1.38,1.00
2014.01.29 20:01:35.342,0.73577,0.73613,1.00,1.00
2014.01.29 20:01:35.643,0.73577,0.73606,1.00,1.00
2014.01.29 20:01:35.779,0.73566,0.73608,1.88,1.00
2014.01.29 20:01:35.930,0.73565,0.73597,1.50,1.00
2014.01.29 20:01:36.081,0.73543,0.73587,1.13,1.00
2014.01.29 20:01:36.182,0.73541,0.73577,1.00,1.50
2014.01.29 20:01:36.333,0.73542,0.73584,1.00,1.60
2014.01.29 20:01:36.384,0.73542,0.73584,1.00,1.00
2014.01.29 20:01:36.485,0.73542,0.73581,1.00,1.00
2014.01.29 20:01:36.636,0.73537,0.73578,1.00,1.00
2014.01.29 20:01:36.686,0.73537,0.73572,1.00,1.00
2014.01.29 20:01:36.988,0.73547,0.73571,1.00,1.00
2014.01.29 20:01:37.139,0.73547,0.73589,1.75,1.00
2014.01.29 20:01:37.241,0.73551,0.73599,1.13,1.00
2014.01.29 20:01:37.744,0.73551,0.73599,1.38,1.00
2014.01.29 20:01:37.795,0.73551,0.73597,1.38,1.00
2014.01.29 20:01:38.156,0.73547,0.73601,1.13,1.00
2014.01.29 20:01:38.208,0.73548,0.73601,1.13,1.00
2014.01.29 20:01:38.259,0.73555,0.73596,1.38,1.00
2014.01.29 20:01:38.670,0.73553,0.73605,1.75,1.00
2014.01.29 20:01:38.831,0.73549,0.73578,1.38,2.10
2014.01.29 20:01:38.881,0.73549,0.73578,1.38,2.10
2014.01.29 20:01:38.982,0.73548,0.73566,1.00,1.00
2014.01.29 20:01:39.033,0.73522,0.73563,1.00,1.00
2014.01.29 20:01:39.095,0.73522,0.73561,1.00,1.00
2014.01.29 20:01:39.420,0.73545,0.73563,1.00,1.00
2014.01.29 20:01:39.471,0.73537,0.73588,1.38,1.00
2014.01.29 20:01:39.571,0.73542,0.73592,1.00,1.00
2014.01.29 20:01:39.672,0.73542,0.73602,1.00,1.00
2014.01.29 20:01:39.773,0.73547,0.73607,1.00,1.38
2014.01.29 20:01:40.200,0.73541,0.73581,1.05,1.00
2014.01.29 20:01:40.542,0.73545,0.73583,2.10,1.00
2014.01.29 20:01:40.643,0.73545,0.73588,2.10,1.00
2014.01.29 20:01:40.794,0.73548,0.73592,1.60,1.00
2014.01.29 20:01:40.844,0.73558,0.73592,2.10,1.00
2014.01.29 20:01:40.895,0.73558,0.73598,2.10,1.00
2014.01.29 20:01:40.945,0.73573,0.73598,1.00,1.00
2014.01.29 20:01:40.996,0.73573,0.7361,1.00,1.34
2014.01.29 20:01:41.051,0.73562,0.73615,1.35,1.38
2014.01.29 20:01:41.304,0.73569,0.73611,1.00,1.00
2014.01.29 20:01:41.355,0.73567,0.73611,1.50,1.00
2014.01.29 20:01:41.406,0.7357,0.73609,1.00,1.00
2014.01.29 20:01:41.536,0.7357,0.73612,1.00,1.00
2014.01.29 20:01:41.587,0.7357,0.73612,1.00,1.60
2014.01.29 20:01:41.738,0.73559,0.73602,1.00,1.00
2014.01.29 20:01:41.890,0.73566,0.73612,1.00,1.00
2014.01.29 20:01:41.991,0.73569,0.73613,1.13,1.00
2014.01.29 20:01:42.301,0.7358,0.73616,1.00,1.00
2014.01.29 20:01:42.507,0.7358,0.73619,1.00,1.00
2014.01.29 20:01:42.773,0.7358,0.73622,1.00,1.00
2014.01.29 20:01:43.288,0.7358,0.73624,1.50,1.00
2014.01.29 20:01:43.389,0.73582,0.73628,1.00,1.00
2014.01.29 20:01:43.439,0.73584,0.73628,1.00,1.00
2014.01.29 20:01:44.551,0.73584,0.73628,1.60,1.00
2014.01.29 20:01:44.702,0.73586,0.73632,1.60,1.00
2014.01.29 20:01:45.201,0.73587,0.73632,1.13,1.00
2014.01.29 20:01:45.620,0.73593,0.73632,1.00,1.00
2014.01.29 20:01:45.721,0.73592,0.7364,1.38,1.13
2014.01.29 20:01:45.822,0.73608,0.7364,1.00,1.00
2014.01.29 20:01:45.923,0.73597,0.73643,1.00,1.00
2014.01.29 20:01:46.024,0.73604,0.73643,1.00,1.00
2014.01.29 20:01:46.159,0.73604,0.73648,1.00,1.00
2014.01.29 20:01:46.260,0.73603,0.7365,1.00,1.00
2014.01.29 20:01:46.371,0.73603,0.73647,1.00,1.00
2014.01.29 20:01:46.584,0.7361,0.7366,1.00,1.00
2014.01.29 20:01:46.735,0.7361,0.73657,1.50,1.00
2014.01.29 20:01:47.036,0.73614,0.7366,1.50,1.00
2014.01.29 20:01:47.456,0.73614,0.73658,1.00,1.00
2014.01.29 20:01:47.562,0.73616,0.73662,1.38,1.00
2014.01.29 20:01:48.030,0.73615,0.73657,1.38,1.00
2014.01.29 20:01:48.332,0.73617,0.73654,1.00,1.00
2014.01.29 20:01:48.382,0.73611,0.73654,1.00,1.00
2014.01.29 20:01:48.730,0.7361,0.73654,1.38,1.00
2014.01.29 20:01:49.035,0.7361,0.73645,1.00,1.00
2014.01.29 20:01:49.086,0.73601,0.73645,1.00,1.00
2014.01.29 20:01:49.136,0.73602,0.73645,2.48,1.00
2014.01.29 20:01:49.237,0.73612,0.73656,1.98,1.00
2014.01.29 20:01:49.459,0.73615,0.73654,1.35,1.00
2014.01.29 20:01:49.762,0.7362,0.73664,1.00,1.00
2014.01.29 20:01:49.813,0.73624,0.73664,1.00,1.00
2014.01.29 20:01:49.913,0.73624,0.73667,1.00,1.00
2014.01.29 20:01:50.014,0.73626,0.7367,1.38,1.00
2014.01.29 20:01:50.550,0.73623,0.73669,1.38,1.00
2014.01.29 20:01:50.779,0.7363,0.73674,1.00,1.00
2014.01.29 20:01:50.830,0.7363,0.73674,1.38,1.00
2014.01.29 20:01:50.880,0.73628,0.73683,1.98,1.38
2014.01.29 20:01:51.082,0.73633,0.73688,1.98,1.38
2014.01.29 20:01:51.132,0.73636,0.73688,2.18,1.38
2014.01.29 20:01:51.233,0.73639,0.7369,1.38,1.38
2014.01.29 20:01:51.316,0.73639,0.7369,1.38,1.38
2014.01.29 20:01:51.623,0.73636,0.73687,2.29,1.38
2014.01.29 20:01:51.774,0.73629,0.73673,2.03,1.00
2014.01.29 20:01:52.072,0.73626,0.7367,1.50,1.00
2014.01.29 20:01:52.395,0.73622,0.73666,2.10,1.00
2014.01.29 20:01:52.445,0.73622,0.73666,1.35,1.00
2014.01.29 20:01:52.596,0.73622,0.73666,1.73,1.00
2014.01.29 20:01:52.909,0.73629,0.73673,3.23,1.00
2014.01.29 20:01:53.380,0.73629,0.73673,1.75,1.38
2014.01.29 20:01:53.641,0.73629,0.73673,1.75,1.38
2014.01.29 20:01:54.680,0.73629,0.73673,1.38,1.38
2014.01.29 20:01:54.730,0.73621,0.73662,2.10,1.00
2014.01.29 20:01:54.982,0.736,0.73656,1.75,1.38
2014.01.29 20:01:55.183,0.73598,0.73654,2.48,1.38
2014.01.29 20:01:55.290,0.73598,0.73651,2.48,1.00
2014.01.29 20:01:55.602,0.73605,0.73648,1.38,1.00
2014.01.29 20:01:55.912,0.73605,0.73648,2.25,1.00
2014.01.29 20:01:55.962,0.73606,0.73659,1.38,1.38
2014.01.29 20:01:56.216,0.73603,0.73657,1.13,1.00
2014.01.29 20:01:56.576,0.73616,0.73657,2.10,1.00
2014.01.29 20:01:56.626,0.73617,0.73661,1.60,1.38
2014.01.29 20:01:56.833,0.73622,0.73649,1.60,1.00
2014.01.29 20:01:56.940,0.73621,0.73654,1.35,1.00
2014.01.29 20:01:56.990,0.73621,0.73654,1.35,1.00
2014.01.29 20:01:57.210,0.73621,0.73652,1.35,1.00
2014.01.29 20:01:57.321,0.73621,0.73657,1.35,1.00
2014.01.29 20:01:57.499,0.73622,0.73662,1.35,1.00
2014.01.29 20:01:58.016,0.73622,0.73659,1.35,1.00
2014.01.29 20:01:58.693,0.73622,0.73659,1.35,1.00
2014.01.29 20:01:58.899,0.73622,0.73661,1.35,1.00
2014.01.29 20:01:58.999,0.73625,0.73661,1.68,1.00
2014.01.29 20:02:00.007,0.73625,0.73654,1.68,1.00
2014.01.29 20:02:00.239,0.73625,0.73654,1.30,1.00
2014.01.29 20:02:00.390,0.73625,0.7366,1.30,1.00
2014.01.29 20:02:00.952,0.73623,0.7366,1.98,1.00
2014.01.29 20:02:01.053,0.73625,0.73658,1.30,1.00
2014.01.29 20:02:01.154,0.73625,0.73663,1.30,1.00
2014.01.29 20:02:02.281,0.73626,0.73663,1.00,1.00
2014.01.29 20:02:02.693,0.73626,0.73659,1.00,1.00
2014.01.29 20:02:02.844,0.73622,0.73657,1.13,1.00
2014.01.29 20:02:02.945,0.73622,0.73661,1.00,1.00
2014.01.29 20:02:03.146,0.73622,0.73658,1.38,1.00
2014.01.29 20:02:03.347,0.73619,0.7366,1.00,1.00
2014.01.29 20:02:03.576,0.73627,0.7366,1.00,1.00
2014.01.29 20:02:04.096,0.73627,0.73658,1.00,1.00
2014.01.29 20:02:04.348,0.73618,0.73655,1.75,1.00
2014.01.29 20:02:04.549,0.73618,0.73661,1.75,1.13
2014.01.29 20:02:04.650,0.73627,0.73667,1.00,1.75
2014.01.29 20:02:04.751,0.73627,0.73667,1.00,1.00
2014.01.29 20:02:04.851,0.73624,0.73667,1.38,1.50
2014.01.29 20:02:04.902,0.73623,0.73664,1.50,1.00
2014.01.29 20:02:04.952,0.73623,0.73664,1.13,1.00
2014.01.29 20:02:05.132,0.7362,0.7366,2.25,1.00
2014.01.29 20:02:05.333,0.73622,0.73662,1.13,1.00
2014.01.29 20:02:05.687,0.73629,0.73662,1.00,1.00
2014.01.29 20:02:05.788,0.73629,0.73666,1.00,1.00
2014.01.29 20:02:05.889,0.73632,0.73666,1.60,1.00
2014.01.29 20:02:05.990,0.73632,0.73675,1.60,1.00
2014.01.29 20:02:06.451,0.73626,0.73667,1.75,1.00
2014.01.29 20:02:06.753,0.73623,0.73659,1.00,1.00
2014.01.29 20:02:07.310,0.73622,0.73659,1.00,1.00
2014.01.29 20:02:07.411,0.73616,0.73651,1.68,1.00
2014.01.29 20:02:07.615,0.73613,0.73657,1.00,1.60
2014.01.29 20:02:07.665,0.73618,0.73657,1.60,1.00
2014.01.29 20:02:07.968,0.73622,0.73652,1.13,1.00
2014.01.29 20:02:08.545,0.73622,0.73658,1.38,1.00
2014.01.29 20:02:08.676,0.73622,0.73648,1.00,1.00
2014.01.29 20:02:08.777,0.73614,0.73648,1.38,1.00
2014.01.29 20:02:08.878,0.73614,0.73648,1.98,1.00
2014.01.29 20:02:09.029,0.73619,0.73658,1.60,1.00
2014.01.29 20:02:09.431,0.73619,0.73658,1.00,1.00
2014.01.29 20:02:09.610,0.73622,0.73658,1.00,1.00
2014.01.29 20:02:09.660,0.73622,0.7366,1.00,1.00
2014.01.29 20:02:09.858,0.73618,0.7366,2.40,1.00
2014.01.29 20:02:09.909,0.73618,0.73658,1.50,1.00
2014.01.29 20:02:10.010,0.73618,0.73654,1.00,1.00
2014.01.29 20:02:10.459,0.73616,0.73652,1.38,1.00
2014.01.29 20:02:10.661,0.73616,0.73654,1.38,1.00
2014.01.29 20:02:10.761,0.73616,0.73659,1.38,1.00
2014.01.29 20:02:10.812,0.73616,0.73659,1.53,1.00
2014.01.29 20:02:11.093,0.73619,0.73663,1.88,1.00
2014.01.29 20:02:11.195,0.73624,0.73663,1.00,1.00
2014.01.29 20:02:11.632,0.73624,0.73663,1.38,1.00
2014.01.29 20:02:12.360,0.73628,0.73663,1.00,1.00
2014.01.29 20:02:12.740,0.73629,0.73655,1.00,1.00
2014.01.29 20:02:12.840,0.73623,0.7366,1.35,1.00
2014.01.29 20:02:12.991,0.73624,0.73665,1.68,1.00
2014.01.29 20:02:13.819,0.73628,0.73665,1.00,1.00
2014.01.29 20:02:13.920,0.7363,0.73665,1.00,1.00
2014.01.29 20:02:13.971,0.7363,0.7368,1.00,1.38
2014.01.29 20:02:14.022,0.7363,0.7368,1.00,1.00
2014.01.29 20:02:14.122,0.73641,0.73687,1.00,1.13
2014.01.29 20:02:14.173,0.73641,0.73691,1.50,1.00
2014.01.29 20:02:14.274,0.73646,0.7369,1.00,1.00
2014.01.29 20:02:14.591,0.73643,0.73687,1.00,1.00
2014.01.29 20:02:15.297,0.73643,0.73684,1.00,1.00
2014.01.29 20:02:15.608,0.73635,0.73674,1.00,1.60
2014.01.29 20:02:15.709,0.7361,0.73658,1.50,1.00
2014.01.29 20:02:16.193,0.7361,0.73655,1.00,1.00
2014.01.29 20:02:16.244,0.73606,0.73654,1.88,1.00
2014.01.29 20:02:16.445,0.73599,0.73648,1.38,1.00
2014.01.29 20:02:16.596,0.73598,0.73648,1.00,1.38
2014.01.29 20:02:16.794,0.73607,0.73646,1.00,1.00
2014.01.29 20:02:16.945,0.73597,0.73644,1.00,1.00
2014.01.29 20:02:17.020,0.73597,0.73644,1.00,1.38
2014.01.29 20:02:17.146,0.73597,0.73644,1.00,1.13
2014.01.29 20:02:17.247,0.7359,0.7364,1.00,1.13
2014.01.29 20:02:17.451,0.73591,0.73638,1.00,1.38
2014.01.29 20:02:17.541,0.73591,0.73638,1.00,1.00
2014.01.29 20:02:17.793,0.73595,0.73639,1.00,1.00
2014.01.29 20:02:18.195,0.73595,0.73637,1.00,1.00
2014.01.29 20:02:18.354,0.73589,0.73637,1.00,1.50
2014.01.29 20:02:18.404,0.73589,0.73637,1.00,1.38
2014.01.29 20:02:18.505,0.73582,0.7363,1.00,1.00
2014.01.29 20:02:18.656,0.73583,0.7363,1.38,1.00
2014.01.29 20:02:18.707,0.73603,0.73639,1.00,1.00
2014.01.29 20:02:18.807,0.73605,0.73639,1.00,1.00
2014.01.29 20:02:18.908,0.73597,0.73639,1.00,1.00
2014.01.29 20:02:18.959,0.73601,0.73651,1.00,1.50
2014.01.29 20:02:19.009,0.73613,0.73651,1.00,1.13
2014.01.29 20:02:19.311,0.73611,0.73624,1.00,1.00
2014.01.29 20:02:19.361,0.73586,0.73623,1.00,1.00
2014.01.29 20:02:19.512,0.73586,0.73626,1.50,1.00
2014.01.29 20:02:19.563,0.73587,0.73633,1.00,1.00
2014.01.29 20:02:19.740,0.73587,0.73633,1.38,1.00
2014.01.29 20:02:20.079,0.73588,0.73633,1.36,1.00
2014.01.29 20:02:20.130,0.73597,0.73636,1.38,1.00
2014.01.29 20:02:20.535,0.73596,0.73636,1.00,1.00
2014.01.29 20:02:20.948,0.73599,0.73636,1.00,1.00
2014.01.29 20:02:21.119,0.73597,0.73636,1.00,1.00
2014.01.29 20:02:21.707,0.73596,0.73636,1.00,1.00
2014.01.29 20:02:21.758,0.73596,0.73639,1.00,1.00
2014.01.29 20:02:22.267,0.73596,0.73639,1.38,1.00
2014.01.29 20:02:23.124,0.73596,0.73639,1.38,1.00
2014.01.29 20:02:23.325,0.73598,0.73637,1.13,1.00
2014.01.29 20:02:23.476,0.73587,0.7363,1.00,1.00
2014.01.29 20:02:23.527,0.73587,0.73628,1.00,1.00
2014.01.29 20:02:24.015,0.73589,0.73628,1.00,1.00
2014.01.29 20:02:24.200,0.73592,0.73634,1.00,1.00
2014.01.29 20:02:24.301,0.73592,0.73628,1.00,1.00
2014.01.29 20:02:24.418,0.73595,0.73633,1.00,1.00
2014.01.29 20:02:24.519,0.73595,0.73636,1.00,1.00
2014.01.29 20:02:24.639,0.73597,0.73636,1.00,1.00
2014.01.29 20:02:25.120,0.73593,0.73636,1.38,1.00
2014.01.29 20:02:25.272,0.73593,0.73632,1.38,1.00
2014.01.29 20:02:25.602,0.73596,0.73641,1.00,1.60
2014.01.29 20:02:27.630,0.73596,0.73642,1.13,1.50
2014.01.29 20:02:27.731,0.73608,0.73648,1.00,1.38
2014.01.29 20:02:27.782,0.73608,0.73648,1.00,1.00
2014.01.29 20:02:27.889,0.73609,0.73655,1.00,1.38
2014.01.29 20:02:28.040,0.73611,0.73656,1.00,1.38
2014.01.29 20:02:28.192,0.73613,0.73663,1.50,1.60
2014.01.29 20:02:28.293,0.73611,0.73659,1.50,1.00
2014.01.29 20:02:28.498,0.73618,0.73668,1.00,1.00
2014.01.29 20:02:28.750,0.73621,0.7367,1.00,1.00
2014.01.29 20:02:29.342,0.73627,0.7367,1.00,1.00
2014.01.29 20:02:29.657,0.73627,0.73665,1.00,1.00
2014.01.29 20:02:29.965,0.73621,0.7366,1.00,1.60
2014.01.29 20:02:30.015,0.73616,0.7366,1.38,2.48
2014.01.29 20:02:30.223,0.73624,0.73661,1.00,1.98
2014.01.29 20:02:30.323,0.73624,0.73661,1.00,1.00
2014.01.29 20:02:30.374,0.73627,0.73665,1.00,1.00
2014.01.29 20:02:30.474,0.73621,0.73665,1.00,1.00
2014.01.29 20:02:30.693,0.73621,0.73667,1.50,1.00
2014.01.29 20:02:30.800,0.73621,0.73664,1.00,1.00
2014.01.29 20:02:31.102,0.73619,0.73663,1.00,1.00
2014.01.29 20:02:31.254,0.73615,0.73659,1.00,1.00
2014.01.29 20:02:31.899,0.73615,0.73656,1.00,1.00
2014.01.29 20:02:32.151,0.73611,0.73656,1.00,1.00
2014.01.29 20:02:32.368,0.73611,0.73654,1.00,1.00
2014.01.29 20:02:32.704,0.73608,0.73645,1.00,1.00
2014.01.29 20:02:33.311,0.73608,0.73646,1.00,1.00
2014.01.29 20:02:33.615,0.73627,0.73668,1.60,1.75
2014.01.29 20:02:33.716,0.73627,0.73668,1.98,1.38
2014.01.29 20:02:33.817,0.73629,0.73668,1.13,1.38
2014.01.29 20:02:34.147,0.73637,0.73678,1.00,1.00
2014.01.29 20:02:34.197,0.73637,0.73668,1.00,1.00
2014.01.29 20:02:34.348,0.73632,0.7368,1.00,1.00
2014.01.29 20:02:34.453,0.73632,0.7368,1.75,1.00
2014.01.29 20:02:34.553,0.73632,0.7368,1.38,1.00
2014.01.29 20:02:34.654,0.7363,0.73672,1.00,1.00
2014.01.29 20:02:34.755,0.7363,0.7368,1.00,1.00
2014.01.29 20:02:34.807,0.73632,0.7368,1.00,1.00
2014.01.29 20:02:35.148,0.7364,0.73687,1.38,1.00
2014.01.29 20:02:35.199,0.7364,0.7369,1.38,1.00
2014.01.29 20:02:35.332,0.73646,0.73691,2.10,1.50
2014.01.29 20:02:35.650,0.73654,0.73694,2.85,1.00
2014.01.29 20:02:35.902,0.73644,0.73684,1.38,1.00
2014.01.29 20:02:36.002,0.73644,0.73684,1.50,1.00
2014.01.29 20:02:37.950,0.73639,0.73675,1.00,1.00
2014.01.29 20:02:38.288,0.73638,0.73672,1.00,1.00
2014.01.29 20:02:38.389,0.7363,0.73672,1.00,1.00
2014.01.29 20:02:38.495,0.7363,0.73669,1.00,1.00
2014.01.29 20:02:38.598,0.73632,0.73673,1.00,1.00
2014.01.29 20:02:39.252,0.73632,0.73679,1.00,1.00
2014.01.29 20:02:39.353,0.73642,0.73679,1.00,1.13
2014.01.29 20:02:39.509,0.73642,0.73682,1.00,1.00
2014.01.29 20:02:39.610,0.73642,0.73686,1.88,1.00
2014.01.29 20:02:39.764,0.73647,0.73686,1.00,1.00
2014.01.29 20:02:41.782,0.73648,0.73694,1.00,1.00
2014.01.29 20:02:41.884,0.73648,0.73688,1.00,1.00
2014.01.29 20:02:41.935,0.73643,0.73688,1.00,1.00
2014.01.29 20:02:42.232,0.73647,0.73687,1.00,1.00
2014.01.29 20:02:42.581,0.73648,0.73688,2.48,1.50
2014.01.29 20:02:42.682,0.73648,0.73691,2.48,1.00
2014.01.29 20:02:42.732,0.73648,0.73691,2.95,1.00
2014.01.29 20:02:43.083,0.73654,0.73678,1.35,1.00
2014.01.29 20:02:43.234,0.73607,0.73664,1.38,2.48
2014.01.29 20:02:43.335,0.73617,0.73664,1.00,2.48
2014.01.29 20:02:43.385,0.73617,0.73664,1.00,2.48
2014.01.29 20:02:43.435,0.73617,0.73645,1.00,1.00
2014.01.29 20:02:43.658,0.73612,0.73646,1.00,1.00
2014.01.29 20:02:44.089,0.7361,0.73645,1.00,1.00
2014.01.29 20:02:44.909,0.73606,0.73645,1.00,1.00
2014.01.29 20:02:46.259,0.73607,0.73645,1.00,1.50
2014.01.29 20:02:46.368,0.73612,0.73645,1.00,1.50
2014.01.29 20:02:47.088,0.73612,0.73648,1.00,1.00
2014.01.29 20:02:47.139,0.7361,0.73648,1.50,1.00
2014.01.29 20:02:47.390,0.7361,0.73645,1.00,1.00
2014.01.29 20:02:47.962,0.7361,0.73642,1.00,1.50
2014.01.29 20:02:48.229,0.73607,0.73642,1.38,1.50
2014.01.29 20:02:49.108,0.73607,0.73642,1.13,1.00
2014.01.29 20:02:49.214,0.73611,0.73642,1.00,1.00
2014.01.29 20:02:49.266,0.73611,0.73654,1.00,1.00
2014.01.29 20:02:49.367,0.73607,0.73649,1.58,1.00
2014.01.29 20:02:49.669,0.73607,0.73642,1.00,1.00
2014.01.29 20:02:49.971,0.73601,0.7363,1.00,1.00
2014.01.29 20:02:50.072,0.73601,0.73637,1.00,1.00
2014.01.29 20:02:50.173,0.73597,0.73636,2.25,1.00
2014.01.29 20:02:50.381,0.73599,0.73641,1.00,1.00
2014.01.29 20:02:50.482,0.736,0.73646,1.38,1.88
2014.01.29 20:02:50.683,0.73605,0.73644,1.00,1.00
2014.01.29 20:02:51.188,0.73602,0.73644,1.38,1.00
2014.01.29 20:02:51.819,0.73602,0.73646,1.88,1.00
2014.01.29 20:02:52.030,0.73604,0.73644,1.00,1.00
2014.01.29 20:02:52.413,0.73607,0.73646,1.00,1.00
2014.01.29 20:02:52.810,0.73606,0.73646,1.38,1.00
2014.01.29 20:02:53.029,0.73604,0.73643,1.50,1.00
2014.01.29 20:02:53.111,0.73604,0.73637,1.50,1.00
2014.01.29 20:02:53.772,0.73604,0.73641,1.00,1.00
2014.01.29 20:02:54.601,0.73604,0.73642,1.60,1.00
2014.01.29 20:02:55.221,0.73605,0.73648,2.10,1.00
2014.01.29 20:02:55.322,0.73605,0.73648,1.73,1.00
2014.01.29 20:02:55.624,0.73605,0.73639,2.10,1.00
2014.01.29 20:02:55.674,0.73607,0.73645,1.00,1.00
2014.01.29 20:02:56.712,0.73607,0.73645,1.38,1.00
2014.01.29 20:02:58.024,0.73607,0.73645,1.00,1.00
2014.01.29 20:02:58.250,0.73605,0.73645,2.10,1.00
2014.01.29 20:02:58.301,0.73605,0.73642,1.35,1.00
2014.01.29 20:02:58.613,0.73608,0.73645,1.00,1.00
2014.01.29 20:03:00.160,0.73606,0.73645,1.00,1.00
2014.01.29 20:03:00.680,0.73607,0.73645,1.00,1.00
2014.01.29 20:03:00.831,0.73607,0.73648,1.00,1.00
2014.01.29 20:03:00.932,0.73608,0.7365,1.38,1.00
2014.01.29 20:03:01.162,0.73608,0.73651,1.50,1.00
2014.01.29 20:03:01.263,0.73608,0.73651,2.25,1.00
2014.01.29 20:03:01.590,0.73611,0.73651,1.38,1.00
2014.01.29 20:03:02.070,0.73611,0.73643,1.00,1.00
2014.01.29 20:03:02.120,0.73609,0.73643,1.13,1.00
2014.01.29 20:03:02.701,0.73608,0.73643,1.00,1.00
2014.01.29 20:03:02.802,0.73604,0.73641,1.60,1.00
2014.01.29 20:03:03.008,0.73602,0.73641,1.00,1.00
2014.01.29 20:03:03.059,0.736,0.73632,1.00,1.00
2014.01.29 20:03:03.262,0.73602,0.73636,1.00,1.00
2014.01.29 20:03:04.048,0.73602,0.73634,1.00,1.00
2014.01.29 20:03:04.253,0.73602,0.73636,1.00,1.00
2014.01.29 20:03:04.917,0.736,0.73636,1.00,1.00
2014.01.29 20:03:05.442,0.73601,0.73636,1.00,1.00
2014.01.29 20:03:09.314,0.73603,0.73636,1.00,1.00
2014.01.29 20:03:09.640,0.73611,0.73636,1.00,1.00
2014.01.29 20:03:10.089,0.73607,0.73636,1.00,1.00
2014.01.29 20:03:10.342,0.73603,0.73636,1.00,1.00
2014.01.29 20:03:10.493,0.73592,0.73636,2.25,1.00
2014.01.29 20:03:11.313,0.73597,0.73636,1.13,1.00
2014.01.29 20:03:11.528,0.73597,0.7364,1.13,1.00
2014.01.29 20:03:11.808,0.73601,0.7364,1.00,1.00
2014.01.29 20:03:11.918,0.73599,0.7364,1.00,1.00
2014.01.29 20:03:12.299,0.73601,0.73645,1.75,1.00
2014.01.29 20:03:12.629,0.73604,0.73642,1.50,1.00
2014.01.29 20:03:13.006,0.73604,0.73642,1.00,1.00
2014.01.29 20:03:13.056,0.73604,0.73637,1.00,1.00
2014.01.29 20:03:13.572,0.73604,0.73643,1.00,1.00
2014.01.29 20:03:13.931,0.73599,0.73639,1.38,1.35
2014.01.29 20:03:14.252,0.73592,0.73636,1.00,1.50
2014.01.29 20:03:14.353,0.73592,0.73636,1.38,1.00
2014.01.29 20:03:14.669,0.73598,0.73636,1.00,1.00
2014.01.29 20:03:15.348,0.73598,0.73639,1.00,1.00
2014.01.29 20:03:15.960,0.73598,0.73637,1.00,1.38
2014.01.29 20:03:16.262,0.73592,0.73633,1.00,1.83
2014.01.29 20:03:16.482,0.73587,0.73628,1.50,1.13
2014.01.29 20:03:16.918,0.73582,0.73625,1.00,1.38
2014.01.29 20:03:17.019,0.73582,0.73623,1.00,1.13
2014.01.29 20:03:17.120,0.73587,0.7362,1.00,1.38
2014.01.29 20:03:17.220,0.73586,0.7362,1.00,1.00
2014.01.29 20:03:17.321,0.73586,0.7362,1.00,1.38
2014.01.29 20:03:17.768,0.73581,0.73618,1.00,1.38
2014.01.29 20:03:18.365,0.73581,0.73616,1.00,1.13
2014.01.29 20:03:18.520,0.73584,0.73616,1.00,1.13
2014.01.29 20:03:19.132,0.73584,0.73617,1.00,1.00
2014.01.29 20:03:19.698,0.73584,0.7362,1.00,1.13
2014.01.29 20:03:20.368,0.73584,0.73619,1.00,1.00
2014.01.29 20:03:20.942,0.73582,0.73619,1.00,1.38
2014.01.29 20:03:21.428,0.73587,0.73622,1.00,1.50
2014.01.29 20:03:21.975,0.73587,0.73623,1.00,1.75
2014.01.29 20:03:22.499,0.73587,0.73624,1.00,1.75
2014.01.29 20:03:22.849,0.73593,0.73626,1.00,1.00
2014.01.29 20:03:22.899,0.73593,0.73623,1.00,1.00
2014.01.29 20:03:22.950,0.73589,0.73623,1.00,1.00
2014.01.29 20:03:23.051,0.73587,0.73623,1.00,1.75
2014.01.29 20:03:24.508,0.73587,0.73622,1.00,1.00
2014.01.29 20:03:24.709,0.73585,0.73621,1.00,1.38
2014.01.29 20:03:25.032,0.73588,0.73625,1.00,1.75
2014.01.29 20:03:25.557,0.73588,0.7362,1.00,1.38
2014.01.29 20:03:26.040,0.73585,0.73625,1.00,1.75
2014.01.29 20:03:26.459,0.73585,0.73615,1.00,1.00
2014.01.29 20:03:27.810,0.73583,0.73615,1.00,1.00
2014.01.29 20:03:27.911,0.7358,0.73615,1.00,1.00
2014.01.29 20:03:27.962,0.7358,0.73613,1.00,1.00
2014.01.29 20:03:28.402,0.7358,0.73613,1.00,1.38
2014.01.29 20:03:28.917,0.7358,0.7361,1.00,1.13
2014.01.29 20:03:29.083,0.73582,0.73614,1.00,1.00
2014.01.29 20:03:29.577,0.73582,0.73616,1.00,1.50
2014.01.29 20:03:29.961,0.73578,0.73616,1.00,1.88
2014.01.29 20:03:30.062,0.73578,0.73614,1.00,1.00
2014.01.29 20:03:30.365,0.73578,0.73614,1.00,1.75
2014.01.29 20:03:31.022,0.73577,0.73613,1.00,1.38
2014.01.29 20:03:31.174,0.73579,0.73613,1.00,1.00
2014.01.29 20:03:33.842,0.7358,0.73613,1.00,1.00
2014.01.29 20:03:35.163,0.73578,0.73613,1.00,1.00
2014.01.29 20:03:35.214,0.73578,0.73613,1.00,1.38
2014.01.29 20:03:35.549,0.73581,0.73615,1.00,1.75
2014.01.29 20:03:36.526,0.73581,0.73614,1.00,1.00
2014.01.29 20:03:36.791,0.73585,0.73614,1.00,1.00
2014.01.29 20:03:36.952,0.73585,0.73617,1.00,1.50
2014.01.29 20:03:37.830,0.73583,0.73616,1.00,1.00
2014.01.29 20:03:37.981,0.73583,0.73614,1.00,1.00
2014.01.29 20:03:41.741,0.73574,0.73614,1.00,1.13
2014.01.29 20:03:41.792,0.73574,0.73607,1.00,1.50
2014.01.29 20:03:42.094,0.73564,0.73584,1.00,1.00
2014.01.29 20:03:42.144,0.73549,0.73584,1.00,1.00
2014.01.29 20:03:42.195,0.73553,0.73584,1.00,1.00
2014.01.29 20:03:42.510,0.73559,0.73588,1.00,1.00
2014.01.29 20:03:42.769,0.73544,0.7358,1.00,1.00
2014.01.29 20:03:42.819,0.73549,0.7358,1.00,1.00
2014.01.29 20:03:43.223,0.73546,0.7358,1.00,1.00
2014.01.29 20:03:43.279,0.73552,0.7358,1.00,1.00
2014.01.29 20:03:43.430,0.73547,0.73588,1.00,1.00
2014.01.29 20:03:43.480,0.73547,0.73588,1.38,1.00
2014.01.29 20:03:44.051,0.73553,0.73598,2.25,1.35
2014.01.29 20:03:44.202,0.73556,0.73601,1.13,1.60
2014.01.29 20:03:44.736,0.73556,0.73599,1.00,1.00
2014.01.29 20:03:44.887,0.73559,0.736,1.00,1.00
2014.01.29 20:03:45.193,0.73559,0.73604,1.38,1.00
2014.01.29 20:03:45.294,0.73563,0.73604,1.00,1.00
2014.01.29 20:03:46.219,0.73563,0.73607,1.00,1.00
2014.01.29 20:03:46.497,0.73563,0.73604,1.00,1.00
2014.01.29 20:03:47.258,0.73559,0.73604,1.38,1.00
2014.01.29 20:03:47.359,0.73563,0.73604,1.00,1.00
2014.01.29 20:03:47.660,0.73563,0.73607,1.38,1.00
2014.01.29 20:03:47.840,0.73565,0.7361,1.38,1.00
2014.01.29 20:03:48.048,0.73564,0.73607,1.00,1.00
2014.01.29 20:03:48.149,0.73561,0.73607,1.50,1.00
2014.01.29 20:03:48.404,0.73565,0.73606,1.00,1.00
2014.01.29 20:03:48.712,0.73561,0.73592,1.75,1.00
2014.01.29 20:03:48.762,0.73561,0.73592,1.00,1.00
2014.01.29 20:03:48.813,0.73548,0.73582,1.00,1.00
2014.01.29 20:03:49.660,0.73548,0.73584,1.00,1.00
2014.01.29 20:03:49.811,0.73548,0.73584,1.88,1.00
2014.01.29 20:03:50.100,0.73552,0.73589,1.00,1.00
2014.01.29 20:03:51.185,0.73551,0.73589,1.00,1.00
2014.01.29 20:03:51.337,0.7355,0.73577,1.00,1.00
2014.01.29 20:03:51.588,0.7353,0.73573,1.50,1.00
2014.01.29 20:03:51.860,0.73529,0.7357,1.00,1.00
2014.01.29 20:03:51.994,0.73525,0.7357,1.38,1.00
2014.01.29 20:03:52.045,0.73522,0.7357,1.50,1.00
2014.01.29 20:03:52.095,0.73522,0.73563,1.50,1.00
2014.01.29 20:03:52.327,0.73519,0.73563,1.00,1.00
2014.01.29 20:03:52.410,0.73519,0.73558,1.00,1.00
2014.01.29 20:03:52.726,0.73517,0.73558,1.13,1.00
2014.01.29 20:03:52.777,0.73517,0.7355,1.00,1.00
2014.01.29 20:03:52.877,0.73514,0.7355,1.00,1.00
2014.01.29 20:03:52.928,0.73516,0.7355,1.00,1.00
2014.01.29 20:03:53.029,0.73511,0.7355,1.13,1.00
2014.01.29 20:03:53.079,0.73511,0.73547,1.00,1.00
2014.01.29 20:03:53.381,0.73516,0.73544,1.00,1.00
2014.01.29 20:03:53.432,0.7352,0.73552,1.00,1.00
2014.01.29 20:03:53.511,0.7352,0.73549,1.00,1.00
2014.01.29 20:03:53.730,0.7352,0.73551,1.00,1.00
2014.01.29 20:03:53.969,0.73514,0.73536,1.38,1.00
2014.01.29 20:03:54.271,0.73516,0.73533,1.00,1.00
2014.01.29 20:03:54.321,0.73507,0.7353,1.00,1.00
2014.01.29 20:03:54.372,0.73502,0.7353,1.00,1.00
2014.01.29 20:03:54.472,0.73498,0.73529,1.00,1.00
2014.01.29 20:03:54.523,0.73498,0.73534,1.00,1.00
2014.01.29 20:03:54.574,0.735,0.73534,1.50,1.00
2014.01.29 20:03:54.916,0.735,0.73525,1.00,1.00
2014.01.29 20:03:55.218,0.735,0.7352,1.00,1.00
2014.01.29 20:03:55.319,0.73486,0.73515,1.00,1.00
2014.01.29 20:03:55.419,0.73482,0.73514,1.00,1.00
2014.01.29 20:03:55.520,0.73472,0.73512,1.38,1.00
2014.01.29 20:03:55.621,0.73472,0.73508,1.38,1.00
2014.01.29 20:03:55.671,0.73472,0.73508,1.00,1.00
2014.01.29 20:03:55.722,0.73463,0.73507,1.73,1.50
2014.01.29 20:03:55.823,0.73463,0.73503,1.73,1.00
2014.01.29 20:03:55.924,0.73462,0.735,1.13,1.00
2014.01.29 20:03:56.125,0.73459,0.73499,1.00,1.00
2014.01.29 20:03:56.175,0.73459,0.73487,1.00,1.00
2014.01.29 20:03:56.226,0.73452,0.73487,1.00,1.00
2014.01.29 20:03:56.377,0.73448,0.73485,1.38,1.00
2014.01.29 20:03:56.678,0.73441,0.73481,1.38,1.00
2014.01.29 20:03:56.729,0.73441,0.7348,1.00,1.00
2014.01.29 20:03:56.948,0.73441,0.73476,1.00,1.00
2014.01.29 20:03:57.296,0.73444,0.73474,1.00,1.00
2014.01.29 20:03:57.397,0.73447,0.7349,1.60,1.00
2014.01.29 20:03:57.447,0.73453,0.73492,1.00,1.00
2014.01.29 20:03:57.749,0.73453,0.73492,1.38,1.00
2014.01.29 20:03:58.064,0.73454,0.73485,1.98,1.13
2014.01.29 20:03:58.294,0.73453,0.73488,1.98,1.00
2014.01.29 20:03:58.575,0.73452,0.73484,1.98,1.00
2014.01.29 20:03:58.902,0.73453,0.73486,1.98,1.00
2014.01.29 20:03:59.308,0.73453,0.73486,1.38,1.00
2014.01.29 20:03:59.610,0.73455,0.73496,1.00,1.00
2014.01.29 20:03:59.660,0.73459,0.73496,1.00,1.00
2014.01.29 20:03:59.912,0.73455,0.73495,1.13,1.00
2014.01.29 20:04:00.128,0.7346,0.73495,1.00,1.00
2014.01.29 20:04:00.307,0.73453,0.73495,1.38,1.00
2014.01.29 20:04:00.589,0.73453,0.73492,1.38,1.00
2014.01.29 20:04:00.690,0.73453,0.73496,1.38,1.00
2014.01.29 20:04:00.930,0.73455,0.73497,1.13,1.38
2014.01.29 20:04:01.232,0.73445,0.73483,1.00,1.00
2014.01.29 20:04:01.333,0.73454,0.73489,1.50,1.00
2014.01.29 20:04:01.543,0.73455,0.73494,1.00,1.00
2014.01.29 20:04:01.653,0.73457,0.73495,1.00,2.10
2014.01.29 20:04:01.979,0.73465,0.73483,2.10,1.00
2014.01.29 20:04:02.031,0.73466,0.73497,1.60,1.00
2014.01.29 20:04:02.082,0.73466,0.73497,1.00,1.00
2014.01.29 20:04:02.133,0.7347,0.73498,1.00,1.00
2014.01.29 20:04:02.234,0.7347,0.73505,1.00,1.00
2014.01.29 20:04:02.285,0.7348,0.73505,1.00,1.00
2014.01.29 20:04:02.335,0.7348,0.73509,1.00,1.13
2014.01.29 20:04:02.486,0.73489,0.73519,1.00,1.00
2014.01.29 20:04:02.537,0.73489,0.73526,1.00,1.00
2014.01.29 20:04:02.588,0.73492,0.73526,1.00,1.00
2014.01.29 20:04:02.638,0.73492,0.73532,1.00,1.00
2014.01.29 20:04:02.839,0.73492,0.73535,1.00,1.00
2014.01.29 20:04:03.094,0.73493,0.73531,1.50,1.00
2014.01.29 20:04:03.396,0.73499,0.73536,1.00,1.00
2014.01.29 20:04:03.547,0.73496,0.73536,1.00,1.00
2014.01.29 20:04:03.851,0.73496,0.73532,1.00,1.00
2014.01.29 20:04:04.971,0.73498,0.73528,1.00,1.00
2014.01.29 20:04:05.332,0.73498,0.73524,1.00,1.00
2014.01.29 20:04:05.483,0.73485,0.73519,1.50,1.00
2014.01.29 20:04:05.827,0.73481,0.73519,1.00,1.00
2014.01.29 20:04:05.878,0.73481,0.73523,1.00,1.00
2014.01.29 20:04:06.177,0.73481,0.7352,1.00,1.00
2014.01.29 20:04:06.487,0.73473,0.73501,1.50,1.00
2014.01.29 20:04:06.789,0.73472,0.73497,1.00,1.00
2014.01.29 20:04:06.940,0.73463,0.73497,1.50,1.00
2014.01.29 20:04:06.991,0.73463,0.73493,1.50,1.00
2014.01.29 20:04:07.293,0.73462,0.73489,1.00,1.00
2014.01.29 20:04:07.617,0.73463,0.73487,1.00,1.00
2014.01.29 20:04:07.950,0.73451,0.73486,1.00,1.00
2014.01.29 20:04:08.051,0.73451,0.73477,1.00,1.00
2014.01.29 20:04:08.202,0.73443,0.73475,1.00,1.00
2014.01.29 20:04:08.303,0.73439,0.73473,1.00,1.00
2014.01.29 20:04:08.404,0.73439,0.73471,1.00,1.00
2014.01.29 20:04:08.637,0.7343,0.73467,1.00,1.00
2014.01.29 20:04:08.967,0.73431,0.73465,1.00,1.00
2014.01.29 20:04:09.270,0.73431,0.7346,1.00,1.00
2014.01.29 20:04:09.608,0.7343,0.73457,1.00,1.00
2014.01.29 20:04:09.708,0.73431,0.73472,1.38,1.00
2014.01.29 20:04:09.875,0.73431,0.73472,1.00,1.00
2014.01.29 20:04:09.925,0.73431,0.73468,1.00,1.00
2014.01.29 20:04:10.227,0.73434,0.73474,1.38,1.00
2014.01.29 20:04:10.479,0.73438,0.73482,1.75,1.38
2014.01.29 20:04:10.580,0.73446,0.73482,2.10,1.00
2014.01.29 20:04:10.731,0.73452,0.73488,1.60,1.00
2014.01.29 20:04:10.831,0.73455,0.73488,1.73,1.00
2014.01.29 20:04:11.033,0.73455,0.73488,1.00,1.00
2014.01.29 20:04:11.133,0.73455,0.73499,1.00,1.00
2014.01.29 20:04:11.184,0.73451,0.73497,1.38,1.00
2014.01.29 20:04:11.539,0.73458,0.73499,1.38,1.00
2014.01.29 20:04:11.616,0.73458,0.73499,1.00,1.00
2014.01.29 20:04:11.716,0.73456,0.73499,1.00,1.00
2014.01.29 20:04:11.817,0.73456,0.73495,1.00,1.00
2014.01.29 20:04:12.158,0.73457,0.7349,1.50,1.00
2014.01.29 20:04:12.362,0.73456,0.73498,1.00,1.38
2014.01.29 20:04:12.442,0.73456,0.73484,1.00,1.00
2014.01.29 20:04:12.593,0.7346,0.73494,1.00,1.00
2014.01.29 20:04:12.693,0.73457,0.73494,1.00,1.00
2014.01.29 20:04:12.794,0.73457,0.73491,1.00,1.00
2014.01.29 20:04:13.253,0.73458,0.73495,1.00,1.00
2014.01.29 20:04:13.699,0.73453,0.73495,1.00,1.00
2014.01.29 20:04:13.761,0.73453,0.73474,1.00,1.00
2014.01.29 20:04:13.912,0.73444,0.73474,1.00,1.00
2014.01.29 20:04:14.113,0.73444,0.7347,1.00,1.00
2014.01.29 20:04:14.168,0.73441,0.7347,1.00,1.00
2014.01.29 20:04:14.226,0.73443,0.7347,1.00,1.00
2014.01.29 20:04:14.428,0.73443,0.73472,1.00,1.00
2014.01.29 20:04:14.557,0.73437,0.73472,1.00,1.00
2014.01.29 20:04:14.658,0.73437,0.73472,1.98,1.00
2014.01.29 20:04:14.758,0.73445,0.73475,2.10,1.00
2014.01.29 20:04:14.809,0.73445,0.73475,2.10,1.38
2014.01.29 20:04:15.211,0.73442,0.73465,1.38,1.00
2014.01.29 20:04:15.262,0.73431,0.73465,1.00,1.00
2014.01.29 20:04:15.312,0.73431,0.73462,1.00,1.00
2014.01.29 20:04:15.522,0.73432,0.73464,1.00,1.00
2014.01.29 20:04:16.217,0.73434,0.73464,1.00,1.00
2014.01.29 20:04:16.440,0.73435,0.73467,1.00,1.50
2014.01.29 20:04:16.842,0.73435,0.73471,1.00,1.50
2014.01.29 20:04:17.701,0.73437,0.73473,1.00,1.00
2014.01.29 20:04:17.752,0.73437,0.73477,1.00,1.00
2014.01.29 20:04:17.915,0.73441,0.73477,1.00,1.00
2014.01.29 20:04:17.966,0.73441,0.73486,1.00,1.88
2014.01.29 20:04:18.017,0.73438,0.73486,1.00,1.00
2014.01.29 20:04:18.180,0.73438,0.73481,1.00,1.00
2014.01.29 20:04:18.600,0.73437,0.73478,1.00,1.00
2014.01.29 20:04:19.087,0.73439,0.73478,1.00,1.00
2014.01.29 20:04:19.289,0.73448,0.73488,1.00,1.00
2014.01.29 20:04:19.570,0.73461,0.73489,1.00,1.00
2014.01.29 20:04:19.620,0.73461,0.73494,1.00,1.00
2014.01.29 20:04:19.749,0.73457,0.73494,1.00,1.00
2014.01.29 20:04:20.157,0.73461,0.73493,1.00,1.00
2014.01.29 20:04:20.677,0.7346,0.73493,1.50,1.00
2014.01.29 20:04:20.981,0.7346,0.73488,1.00,1.00
2014.01.29 20:04:21.082,0.73451,0.73486,1.00,1.00
2014.01.29 20:04:21.364,0.73451,0.73482,1.00,1.00
2014.01.29 20:04:22.341,0.73451,0.7348,1.00,1.00
2014.01.29 20:04:22.492,0.7344,0.73476,1.00,1.00
2014.01.29 20:04:22.593,0.73435,0.73472,1.00,1.00
2014.01.29 20:04:22.694,0.73433,0.7347,1.00,1.00
2014.01.29 20:04:23.243,0.73434,0.73473,1.00,1.00
2014.01.29 20:04:25.915,0.73429,0.73464,1.13,1.60
2014.01.29 20:04:26.066,0.73417,0.73457,1.38,1.00
2014.01.29 20:04:26.190,0.73417,0.73454,1.38,1.00
2014.01.29 20:04:26.492,0.73422,0.73458,1.00,1.00
2014.01.29 20:04:26.543,0.73422,0.73467,1.00,1.00
2014.01.29 20:04:26.593,0.73428,0.73467,1.00,1.00
2014.01.29 20:04:26.895,0.73418,0.73457,1.00,1.00
2014.01.29 20:04:27.310,0.7342,0.73457,1.00,1.00
2014.01.29 20:04:27.514,0.73414,0.73458,1.50,1.00
2014.01.29 20:04:28.280,0.73414,0.73458,1.38,1.50
2014.01.29 20:04:28.432,0.73429,0.73459,1.00,1.00
2014.01.29 20:04:28.533,0.73429,0.73468,1.00,1.00
2014.01.29 20:04:28.735,0.73429,0.73472,1.00,1.00
2014.01.29 20:04:28.881,0.73433,0.73475,1.00,1.38
2014.01.29 20:04:29.183,0.73408,0.73449,1.38,1.50
2014.01.29 20:04:29.315,0.73408,0.73446,1.38,1.00
2014.01.29 20:04:29.617,0.73412,0.73451,1.00,1.38
2014.01.29 20:04:29.898,0.73412,0.73454,1.00,1.38
2014.01.29 20:04:29.954,0.73421,0.73456,1.00,1.38
2014.01.29 20:04:30.004,0.73421,0.73456,1.00,1.00
2014.01.29 20:04:30.055,0.73425,0.73467,1.00,1.38
2014.01.29 20:04:30.155,0.7342,0.73457,1.00,1.00
2014.01.29 20:04:30.359,0.73402,0.73445,1.50,1.00
2014.01.29 20:04:30.409,0.73402,0.73433,1.38,1.00
2014.01.29 20:04:30.666,0.73398,0.73432,1.13,1.00
2014.01.29 20:04:30.821,0.73398,0.73434,1.00,1.00
2014.01.29 20:04:30.871,0.73398,0.73434,1.00,1.60
2014.01.29 20:04:30.922,0.73393,0.73428,1.38,1.00
2014.01.29 20:04:31.022,0.73393,0.73428,1.00,1.00
2014.01.29 20:04:31.073,0.73393,0.73425,1.00,1.00
2014.01.29 20:04:31.123,0.73385,0.73425,1.00,1.50
2014.01.29 20:04:31.224,0.7338,0.73425,1.00,1.50
2014.01.29 20:04:31.275,0.7338,0.73422,1.00,1.00
2014.01.29 20:04:31.325,0.73378,0.73422,1.00,1.00
2014.01.29 20:04:31.426,0.73384,0.73422,1.00,1.00
2014.01.29 20:04:31.768,0.73381,0.73419,1.00,1.00
2014.01.29 20:04:31.819,0.73382,0.73425,1.00,1.00
2014.01.29 20:04:32.036,0.73386,0.73425,1.00,1.00
2014.01.29 20:04:32.338,0.73396,0.73437,1.00,1.00
2014.01.29 20:04:32.389,0.73394,0.73437,2.25,1.35
2014.01.29 20:04:32.590,0.73394,0.73431,1.00,1.00
2014.01.29 20:04:32.897,0.73399,0.73434,1.00,2.10
2014.01.29 20:04:33.049,0.73392,0.73421,1.00,1.00
2014.01.29 20:04:33.149,0.73376,0.73415,1.00,1.00
2014.01.29 20:04:33.250,0.7338,0.73415,1.00,1.00
2014.01.29 20:04:33.316,0.7338,0.73421,1.00,1.00
2014.01.29 20:04:33.367,0.73384,0.73422,1.00,1.00
2014.01.29 20:04:33.468,0.7338,0.73421,1.00,1.00
2014.01.29 20:04:33.569,0.73377,0.73417,1.00,1.00
2014.01.29 20:04:34.088,0.73377,0.73418,1.00,1.00
2014.01.29 20:04:35.007,0.73377,0.73416,1.00,1.00
2014.01.29 20:04:35.100,0.73375,0.73416,1.00,1.00
2014.01.29 20:04:35.714,0.73377,0.73416,1.00,1.00
2014.01.29 20:04:36.059,0.73394,0.73423,2.85,1.50
2014.01.29 20:04:36.159,0.73394,0.73423,1.00,1.50
2014.01.29 20:04:36.475,0.73381,0.73419,1.00,1.00
2014.01.29 20:04:36.525,0.73381,0.73419,1.38,1.00
2014.01.29 20:04:36.676,0.7339,0.73432,1.00,1.00
2014.01.29 20:04:36.777,0.73399,0.73432,1.00,1.00
2014.01.29 20:04:36.884,0.73394,0.73428,1.00,1.00
2014.01.29 20:04:37.278,0.73394,0.73432,1.00,1.00
2014.01.29 20:04:38.182,0.73408,0.73432,1.00,1.00
2014.01.29 20:04:38.576,0.73408,0.73432,1.00,1.60
2014.01.29 20:04:38.908,0.73408,0.73421,1.00,1.00
2014.01.29 20:04:39.111,0.73405,0.73421,1.00,1.00
2014.01.29 20:04:39.162,0.73405,0.73428,1.00,1.00
2014.01.29 20:04:39.313,0.73403,0.73428,1.00,1.13
2014.01.29 20:04:39.414,0.73403,0.73424,1.00,1.00
2014.01.29 20:04:39.921,0.73403,0.73422,1.00,1.00
2014.01.29 20:04:40.136,0.73403,0.73428,1.00,1.13
2014.01.29 20:04:40.347,0.73403,0.73428,1.60,1.13
2014.01.29 20:04:40.648,0.73424,0.73441,1.00,1.00
2014.01.29 20:04:40.952,0.73431,0.7344,1.00,1.00
2014.01.29 20:04:41.053,0.73423,0.73441,1.00,1.00
2014.01.29 20:04:41.521,0.73423,0.73447,1.00,1.00
2014.01.29 20:04:41.572,0.73423,0.7345,1.00,1.00
2014.01.29 20:04:41.622,0.73425,0.73449,1.00,1.00
2014.01.29 20:04:42.999,0.73425,0.7345,1.00,1.00
2014.01.29 20:04:43.327,0.73427,0.7345,1.00,1.00
2014.01.29 20:04:44.508,0.73427,0.73449,1.00,1.00
2014.01.29 20:04:45.162,0.73423,0.73449,1.00,1.00
2014.01.29 20:04:45.371,0.73426,0.73449,1.00,1.50
2014.01.29 20:04:46.337,0.73422,0.73449,1.00,1.50
2014.01.29 20:04:46.886,0.73425,0.7345,1.00,1.50
2014.01.29 20:04:47.037,0.73421,0.73449,1.00,1.00
2014.01.29 20:04:47.087,0.73421,0.73449,1.00,1.38
2014.01.29 20:04:47.396,0.73421,0.73445,1.00,1.00
2014.01.29 20:04:47.446,0.73417,0.73445,1.00,1.00
2014.01.29 20:04:47.979,0.73417,0.73449,1.00,1.50
2014.01.29 20:04:48.030,0.73421,0.73449,1.00,1.50
2014.01.29 20:04:48.356,0.73425,0.73449,1.00,1.00
2014.01.29 20:04:49.076,0.73425,0.73434,1.00,1.00
2014.01.29 20:04:49.127,0.73422,0.73434,1.00,1.00
2014.01.29 20:04:50.007,0.73422,0.73433,1.00,1.00
2014.01.29 20:04:50.292,0.73418,0.73433,1.00,1.00
2014.01.29 20:04:50.343,0.73418,0.73431,1.00,1.00
2014.01.29 20:04:51.347,0.73418,0.73432,1.00,1.00
2014.01.29 20:04:51.448,0.73421,0.73437,1.00,1.00
2014.01.29 20:04:51.549,0.73425,0.73437,1.00,1.00
2014.01.29 20:04:51.650,0.73427,0.73445,1.00,1.00
2014.01.29 20:04:53.625,0.73427,0.73449,1.00,1.00
2014.01.29 20:04:53.726,0.73431,0.73449,1.00,1.00
2014.01.29 20:04:54.731,0.73431,0.7345,1.00,1.00
2014.01.29 20:04:54.928,0.73429,0.7345,1.00,1.00
2014.01.29 20:04:54.979,0.73429,0.73446,1.00,1.00
2014.01.29 20:04:55.371,0.73431,0.73442,1.00,1.00
2014.01.29 20:04:55.422,0.73431,0.73444,1.00,1.00
2014.01.29 20:04:56.046,0.73431,0.73447,1.00,1.00
2014.01.29 20:04:56.147,0.73435,0.73447,1.00,1.00
2014.01.29 20:04:56.460,0.73429,0.73446,1.00,1.00
2014.01.29 20:04:56.611,0.73426,0.73446,1.38,1.00
2014.01.29 20:04:56.712,0.7342,0.73456,1.00,1.50
2014.01.29 20:04:56.987,0.7342,0.73452,1.00,1.98
2014.01.29 20:04:57.597,0.73421,0.73452,1.00,1.98
2014.01.29 20:04:58.066,0.73421,0.73452,1.00,1.38
2014.01.29 20:04:58.323,0.73422,0.73454,1.00,1.88
2014.01.29 20:04:58.373,0.73427,0.73454,1.00,1.38
2014.01.29 20:04:58.688,0.73427,0.73456,1.00,1.88
2014.01.29 20:04:59.138,0.73422,0.73454,1.00,1.38
2014.01.29 20:05:00.504,0.73422,0.73453,1.50,1.13
2014.01.29 20:05:00.680,0.73425,0.73455,1.00,1.38
2014.01.29 20:05:01.105,0.73427,0.73455,1.00,1.38
2014.01.29 20:05:01.155,0.73427,0.73457,1.00,1.13
2014.01.29 20:05:01.206,0.73432,0.73457,1.00,1.13
2014.01.29 20:05:01.257,0.73432,0.73459,1.00,1.00
2014.01.29 20:05:01.403,0.73435,0.73459,1.00,1.00
2014.01.29 20:05:01.604,0.73437,0.73467,1.00,1.00
2014.01.29 20:05:01.654,0.73442,0.73467,1.00,1.00
2014.01.29 20:05:01.705,0.73442,0.73473,1.00,1.00
2014.01.29 20:05:02.247,0.73442,0.73475,1.00,1.00
2014.01.29 20:05:02.298,0.73449,0.73475,1.00,1.00
2014.01.29 20:05:02.736,0.73451,0.73476,1.00,1.00
2014.01.29 20:05:02.839,0.73445,0.73476,1.00,1.00
2014.01.29 20:05:02.941,0.73447,0.73475,1.00,1.00
2014.01.29 20:05:04.307,0.73447,0.73473,1.00,1.00
2014.01.29 20:05:04.929,0.73448,0.73473,1.00,1.00
2014.01.29 20:05:04.980,0.73448,0.73479,1.00,2.25
2014.01.29 20:05:05.261,0.73451,0.73479,1.00,2.25
2014.01.29 20:05:05.587,0.73453,0.73482,1.00,1.50
2014.01.29 20:05:06.251,0.73456,0.73482,1.00,1.50
2014.01.29 20:05:06.302,0.73456,0.73484,1.00,1.88
2014.01.29 20:05:06.503,0.73459,0.73484,1.00,1.00
2014.01.29 20:05:06.581,0.73455,0.73484,1.00,1.00
2014.01.29 20:05:06.632,0.73455,0.73484,1.00,2.85
2014.01.29 20:05:06.833,0.73451,0.73475,1.00,1.30
2014.01.29 20:05:06.934,0.73453,0.73476,1.00,1.38
2014.01.29 20:05:07.047,0.73453,0.73479,1.00,1.00
2014.01.29 20:05:07.280,0.73457,0.73479,1.00,1.00
2014.01.29 20:05:07.598,0.73459,0.73484,1.00,1.50
2014.01.29 20:05:08.450,0.73459,0.73478,1.00,1.00
2014.01.29 20:05:08.902,0.73459,0.73483,1.00,1.00
2014.01.29 20:05:09.003,0.73462,0.73483,1.00,1.00
2014.01.29 20:05:09.154,0.73466,0.7349,1.00,1.00
2014.01.29 20:05:09.255,0.73467,0.73496,1.00,1.00
2014.01.29 20:05:09.677,0.73471,0.73497,1.00,1.00
2014.01.29 20:05:10.097,0.73471,0.73493,1.00,1.00
2014.01.29 20:05:10.341,0.73464,0.73493,1.00,1.00
2014.01.29 20:05:10.442,0.73463,0.73487,1.00,1.00
2014.01.29 20:05:12.836,0.73463,0.73483,1.00,1.00
2014.01.29 20:05:12.987,0.73459,0.73483,1.00,1.60
2014.01.29 20:05:13.088,0.73457,0.7348,1.00,1.00
2014.01.29 20:05:14.046,0.73456,0.73477,1.00,1.00
2014.01.29 20:05:14.197,0.73453,0.73477,1.00,1.00
2014.01.29 20:05:14.747,0.73448,0.73476,1.00,1.00
2014.01.29 20:05:14.898,0.73448,0.73476,1.00,1.98
2014.01.29 20:05:15.378,0.73447,0.73472,1.00,1.00
2014.01.29 20:05:15.698,0.73449,0.73474,1.00,1.73
2014.01.29 20:05:16.421,0.73451,0.73474,1.00,1.73
2014.01.29 20:05:16.741,0.73455,0.73474,1.00,1.30
2014.01.29 20:05:17.470,0.73452,0.73474,1.00,1.30
2014.01.29 20:05:18.116,0.73452,0.73472,1.00,1.00
2014.01.29 20:05:18.429,0.73454,0.73472,1.00,1.75
2014.01.29 20:05:18.479,0.73449,0.7347,1.00,1.00
2014.01.29 20:05:18.981,0.73449,0.73475,1.00,1.13
2014.01.29 20:05:19.032,0.73454,0.73478,1.00,1.50
2014.01.29 20:05:19.543,0.73454,0.73476,1.00,1.98
2014.01.29 20:05:19.886,0.73454,0.73473,1.00,1.60
2014.01.29 20:05:20.121,0.7345,0.73473,1.00,2.10
2014.01.29 20:05:20.222,0.7345,0.73469,1.00,1.13
2014.01.29 20:05:20.272,0.73452,0.73469,1.00,1.13
2014.01.29 20:05:20.479,0.73447,0.7347,1.00,1.00
2014.01.29 20:05:20.669,0.73452,0.7347,1.00,1.00
2014.01.29 20:05:20.720,0.73452,0.73476,1.00,1.50
2014.01.29 20:05:21.021,0.73456,0.73475,1.00,1.00
2014.01.29 20:05:21.324,0.73459,0.73483,1.00,1.00
2014.01.29 20:05:21.591,0.73454,0.73482,1.00,1.50
2014.01.29 20:05:22.129,0.73454,0.73483,1.00,1.50
2014.01.29 20:05:22.229,0.73454,0.73481,1.00,1.50
2014.01.29 20:05:22.772,0.73454,0.7348,1.00,1.00
2014.01.29 20:05:23.316,0.73454,0.73478,1.00,1.00
2014.01.29 20:05:23.987,0.73449,0.73478,1.00,2.25
2014.01.29 20:05:24.481,0.73449,0.73476,1.00,1.00
2014.01.29 20:05:24.860,0.73444,0.73471,1.00,1.50
2014.01.29 20:05:25.208,0.73444,0.73468,1.00,1.00
2014.01.29 20:05:25.266,0.73444,0.7347,1.00,1.00
2014.01.29 20:05:25.812,0.73444,0.73468,1.00,1.00
2014.01.29 20:05:25.866,0.73441,0.73467,1.00,1.00
2014.01.29 20:05:27.947,0.73446,0.73472,1.00,1.00
2014.01.29 20:05:28.280,0.73442,0.73469,1.00,1.00
2014.01.29 20:05:28.536,0.73444,0.73469,1.00,1.50
2014.01.29 20:05:28.687,0.73444,0.73472,1.00,1.00
2014.01.29 20:05:28.737,0.73447,0.73472,1.00,1.00
2014.01.29 20:05:29.041,0.73455,0.73474,1.00,1.00
2014.01.29 20:05:29.192,0.73452,0.73474,1.00,1.00
2014.01.29 20:05:30.016,0.73452,0.73475,1.00,1.00
2014.01.29 20:05:30.069,0.73455,0.73475,1.00,1.00
2014.01.29 20:05:30.580,0.73454,0.73475,1.00,1.00
2014.01.29 20:05:30.681,0.73454,0.73478,1.00,1.00
2014.01.29 20:05:30.782,0.73449,0.73477,1.00,1.00
2014.01.29 20:05:30.882,0.73449,0.73473,1.00,1.00
2014.01.29 20:05:31.213,0.73451,0.73473,1.00,1.00
2014.01.29 20:05:31.264,0.73451,0.73476,1.00,1.88
2014.01.29 20:05:31.804,0.73451,0.73476,1.00,1.88
2014.01.29 20:05:33.367,0.73448,0.73476,1.00,1.88
2014.01.29 20:05:33.569,0.7345,0.73476,1.00,1.38
2014.01.29 20:05:34.561,0.7345,0.73476,1.00,1.00
2014.01.29 20:05:35.470,0.7345,0.73476,1.00,1.38
2014.01.29 20:05:36.926,0.7345,0.73475,1.00,1.38
2014.01.29 20:05:38.095,0.7345,0.73475,1.00,1.00
2014.01.29 20:05:38.908,0.7345,0.73467,1.00,1.00
2014.01.29 20:05:39.209,0.73437,0.73463,1.00,1.98
2014.01.29 20:05:39.524,0.73435,0.7346,1.00,1.50
2014.01.29 20:05:41.936,0.73432,0.7346,1.00,2.10
2014.01.29 20:05:42.166,0.73436,0.7346,1.00,1.50
2014.01.29 20:05:42.707,0.73431,0.7346,1.00,2.10
2014.01.29 20:05:43.478,0.73427,0.73458,1.00,1.73
2014.01.29 20:05:45.917,0.73423,0.73457,1.00,1.38
2014.01.29 20:05:46.017,0.73423,0.73453,1.00,1.00
2014.01.29 20:05:46.900,0.73417,0.73447,1.00,1.60
2014.01.29 20:05:47.204,0.7342,0.73446,1.00,1.98
2014.01.29 20:05:47.305,0.73422,0.73446,1.00,1.35
2014.01.29 20:05:47.456,0.73422,0.73448,1.00,1.13
2014.01.29 20:05:47.557,0.73426,0.73448,1.00,1.00
2014.01.29 20:05:48.071,0.73428,0.73448,1.00,1.00
2014.01.29 20:05:48.121,0.73428,0.73458,1.00,1.38
2014.01.29 20:05:48.222,0.73423,0.73458,1.00,1.38
2014.01.29 20:05:48.323,0.73426,0.73455,1.00,1.00
2014.01.29 20:05:49.276,0.73426,0.73457,1.00,1.38
2014.01.29 20:05:49.767,0.73426,0.73454,1.00,1.00
2014.01.29 20:05:50.435,0.73426,0.73453,1.00,1.50
2014.01.29 20:05:51.066,0.73426,0.73454,1.00,1.50
2014.01.29 20:05:51.398,0.73419,0.73445,1.00,1.50
2014.01.29 20:05:51.500,0.73419,0.73444,1.00,1.13
2014.01.29 20:05:52.094,0.73419,0.73443,1.00,1.00
2014.01.29 20:05:52.145,0.73417,0.73443,1.00,1.00
2014.01.29 20:05:52.195,0.73417,0.73436,1.00,1.00
2014.01.29 20:05:52.406,0.73414,0.73437,1.00,1.00
2014.01.29 20:05:52.627,0.73416,0.73436,1.00,1.50
2014.01.29 20:05:52.850,0.73414,0.73436,1.00,1.50
2014.01.29 20:05:52.900,0.73414,0.73434,1.00,1.00
2014.01.29 20:05:52.951,0.73402,0.73434,1.00,1.00
2014.01.29 20:05:53.073,0.73402,0.73438,1.00,1.13
2014.01.29 20:05:54.581,0.73402,0.73434,1.00,1.00
2014.01.29 20:05:54.782,0.734,0.73434,1.00,1.00
2014.01.29 20:05:54.833,0.734,0.73438,1.00,1.00
2014.01.29 20:05:54.884,0.734,0.73427,1.00,1.00
2014.01.29 20:05:54.934,0.73397,0.73427,1.00,1.00
2014.01.29 20:05:55.238,0.73401,0.73436,1.00,1.38
2014.01.29 20:05:55.288,0.73401,0.73436,1.00,1.00
2014.01.29 20:05:55.339,0.73407,0.73436,1.00,1.00
2014.01.29 20:05:55.439,0.73407,0.73446,1.00,1.38
2014.01.29 20:05:55.490,0.73407,0.73446,1.00,1.38
2014.01.29 20:05:55.591,0.73399,0.73445,1.00,1.38
2014.01.29 20:05:55.906,0.73409,0.73446,1.00,1.38
2014.01.29 20:05:56.007,0.73409,0.7345,1.00,1.38
2014.01.29 20:05:56.146,0.73401,0.73445,1.75,1.00
2014.01.29 20:05:56.297,0.73401,0.73445,1.00,1.00
2014.01.29 20:05:56.425,0.73406,0.73445,1.00,1.00
2014.01.29 20:05:57.087,0.73407,0.73432,1.00,1.00
2014.01.29 20:05:57.987,0.73407,0.7343,1.00,1.00
2014.01.29 20:05:58.298,0.73407,0.73427,1.00,1.00
2014.01.29 20:05:58.853,0.73402,0.73427,1.00,1.00
2014.01.29 20:05:59.188,0.73407,0.73427,1.00,1.00
2014.01.29 20:06:00.281,0.73401,0.73427,1.00,1.00
2014.01.29 20:06:00.426,0.73396,0.73427,1.60,1.00
2014.01.29 20:06:00.546,0.73398,0.7343,1.35,1.00
2014.01.29 20:06:01.929,0.73398,0.73436,1.35,1.00
2014.01.29 20:06:02.336,0.73401,0.73436,1.00,1.00
2014.01.29 20:06:03.029,0.73401,0.7343,1.00,1.00
2014.01.29 20:06:03.607,0.73401,0.73435,1.00,1.00
2014.01.29 20:06:03.709,0.73404,0.73435,1.00,1.00
2014.01.29 20:06:04.254,0.73406,0.73436,1.00,1.00
2014.01.29 20:06:04.696,0.73406,0.7344,1.50,1.00
2014.01.29 20:06:04.747,0.73406,0.7344,1.88,1.00
2014.01.29 20:06:04.948,0.73414,0.7345,1.00,1.00
2014.01.29 20:06:04.999,0.73417,0.7345,1.00,1.00
2014.01.29 20:06:05.157,0.73417,0.73465,1.00,1.00
2014.01.29 20:06:05.258,0.73418,0.73464,1.00,1.38
2014.01.29 20:06:05.605,0.7342,0.73458,1.00,1.00
2014.01.29 20:06:06.785,0.73421,0.73458,1.00,1.00
2014.01.29 20:06:07.310,0.73421,0.73458,1.60,1.00
2014.01.29 20:06:07.461,0.73422,0.73462,1.60,1.00
2014.01.29 20:06:08.147,0.73424,0.73462,1.73,1.00
2014.01.29 20:06:08.303,0.73431,0.73462,2.10,1.00
2014.01.29 20:06:08.353,0.73431,0.73469,2.10,1.50
2014.01.29 20:06:08.708,0.73431,0.73463,2.10,1.00
2014.01.29 20:06:08.889,0.73431,0.73468,2.10,1.00
2014.01.29 20:06:10.765,0.73429,0.73468,1.30,1.00
2014.01.29 20:06:11.298,0.73426,0.73467,1.60,1.00
2014.01.29 20:06:11.636,0.73424,0.73464,1.98,1.00
2014.01.29 20:06:12.956,0.73424,0.73467,1.98,1.00
2014.01.29 20:06:13.065,0.73424,0.73464,1.98,1.00
2014.01.29 20:06:13.396,0.73424,0.73467,1.98,1.00
2014.01.29 20:06:13.775,0.73428,0.73467,2.10,1.00
2014.01.29 20:06:14.097,0.7343,0.73464,2.10,1.00
2014.01.29 20:06:14.152,0.7343,0.73477,2.10,1.38
2014.01.29 20:06:14.423,0.73442,0.73472,1.00,1.00
2014.01.29 20:06:14.948,0.73441,0.7348,1.50,1.00
2014.01.29 20:06:15.258,0.73445,0.7348,1.00,1.00
2014.01.29 20:06:16.606,0.73445,0.73467,1.00,1.00
2014.01.29 20:06:16.765,0.73438,0.73467,1.38,1.00
2014.01.29 20:06:16.866,0.73439,0.73467,1.00,1.00
2014.01.29 20:06:16.917,0.73439,0.73462,1.00,1.00
2014.01.29 20:06:17.017,0.73437,0.73462,1.13,1.00
2014.01.29 20:06:17.170,0.73435,0.73471,1.38,1.00
2014.01.29 20:06:17.424,0.73444,0.73471,1.00,1.00
2014.01.29 20:06:17.891,0.73444,0.73468,1.00,1.00
2014.01.29 20:06:18.220,0.73444,0.7347,1.00,1.00
2014.01.29 20:06:19.022,0.73444,0.73486,1.00,1.00
2014.01.29 20:06:19.525,0.73443,0.73486,1.00,1.00
2014.01.29 20:06:19.916,0.73443,0.7347,1.00,1.00
2014.01.29 20:06:20.576,0.73441,0.7347,1.00,1.00
2014.01.29 20:06:20.629,0.73437,0.7347,1.00,1.00
2014.01.29 20:06:20.780,0.73433,0.7347,1.50,1.00
2014.01.29 20:06:20.881,0.73435,0.7347,1.00,1.00
2014.01.29 20:06:21.460,0.73435,0.73463,1.00,1.00
2014.01.29 20:06:21.545,0.73433,0.73463,1.00,1.00
2014.01.29 20:06:21.858,0.73432,0.73457,1.50,1.00
2014.01.29 20:06:22.640,0.73432,0.73463,1.50,1.00
2014.01.29 20:06:23.275,0.73436,0.73463,1.00,1.00
2014.01.29 20:06:23.579,0.73437,0.73463,1.50,1.00
2014.01.29 20:06:23.630,0.73437,0.73469,1.50,1.00
2014.01.29 20:06:24.329,0.73437,0.73469,1.13,1.00
2014.01.29 20:06:24.430,0.73437,0.73469,1.38,1.00
2014.01.29 20:06:25.916,0.73442,0.73469,1.00,1.00
2014.01.29 20:06:25.967,0.73442,0.73472,1.00,1.00
2014.01.29 20:06:28.559,0.73442,0.73485,1.00,1.00
2014.01.29 20:06:28.660,0.73445,0.73491,2.85,1.00
2014.01.29 20:06:28.962,0.73442,0.73473,1.13,1.00
2014.01.29 20:06:30.438,0.73446,0.7348,1.00,1.00
2014.01.29 20:06:30.948,0.73446,0.7348,1.38,1.00
2014.01.29 20:06:31.099,0.73454,0.73491,1.00,1.00
2014.01.29 20:06:31.200,0.73454,0.73499,1.50,1.00
2014.01.29 20:06:31.408,0.73463,0.73498,1.35,1.00
2014.01.29 20:06:31.458,0.73463,0.73501,1.35,1.00
2014.01.29 20:06:31.509,0.73465,0.73503,1.13,1.00
2014.01.29 20:06:31.674,0.73465,0.73491,1.13,1.00
2014.01.29 20:06:31.777,0.7346,0.73491,1.13,1.00
2014.01.29 20:06:31.878,0.7346,0.73496,1.13,1.00
2014.01.29 20:06:33.914,0.73464,0.73496,1.00,1.00
2014.01.29 20:06:34.417,0.73471,0.73496,1.00,1.00
2014.01.29 20:06:34.618,0.73471,0.73503,1.00,1.00
2014.01.29 20:06:34.720,0.73467,0.73503,1.00,1.00
2014.01.29 20:06:34.870,0.73467,0.73498,1.00,1.00
2014.01.29 20:06:36.115,0.73465,0.73498,1.38,1.00
2014.01.29 20:06:36.266,0.73471,0.73517,1.50,1.50
2014.01.29 20:06:36.345,0.73471,0.73513,1.50,1.00
2014.01.29 20:06:37.159,0.7347,0.73508,1.00,1.00
2014.01.29 20:06:37.260,0.73468,0.73508,1.00,1.00
2014.01.29 20:06:37.362,0.73476,0.7351,1.00,1.00
2014.01.29 20:06:37.463,0.73476,0.73518,1.00,1.00
2014.01.29 20:06:37.599,0.73476,0.73513,1.00,1.00
2014.01.29 20:06:37.701,0.7347,0.73512,1.00,1.00
2014.01.29 20:06:37.915,0.73468,0.73512,1.00,1.00
2014.01.29 20:06:39.133,0.7347,0.73512,1.00,1.00
2014.01.29 20:06:39.450,0.73475,0.73509,1.00,1.00
2014.01.29 20:06:39.550,0.73473,0.73509,1.00,1.00
2014.01.29 20:06:39.935,0.73469,0.73509,1.00,1.00
2014.01.29 20:06:40.234,0.73474,0.73509,1.00,1.00
2014.01.29 20:06:40.330,0.7347,0.73509,1.00,1.00
2014.01.29 20:06:40.431,0.7347,0.73514,1.00,1.50
2014.01.29 20:06:40.858,0.7347,0.73508,1.50,1.00
2014.01.29 20:06:41.076,0.7347,0.73514,1.50,1.50
2014.01.29 20:06:42.263,0.73473,0.73514,1.00,1.50
2014.01.29 20:06:43.738,0.7347,0.73513,1.88,1.50
2014.01.29 20:06:43.890,0.7347,0.73505,1.00,1.60
2014.01.29 20:06:44.091,0.73463,0.73501,1.38,1.00
2014.01.29 20:06:44.297,0.73457,0.73501,1.38,1.50
2014.01.29 20:06:44.448,0.73469,0.73501,1.00,1.00
2014.01.29 20:06:44.498,0.73469,0.73508,1.00,1.00
2014.01.29 20:06:44.700,0.73474,0.73508,1.50,1.00
2014.01.29 20:06:45.188,0.7347,0.73513,1.50,1.00
2014.01.29 20:06:45.506,0.73473,0.73513,1.00,1.00
2014.01.29 20:06:45.808,0.73482,0.73509,1.00,1.00
2014.01.29 20:06:45.858,0.73476,0.73513,2.48,1.50
2014.01.29 20:06:45.959,0.73476,0.73515,1.88,1.00
2014.01.29 20:06:46.110,0.73471,0.73515,1.50,1.00
2014.01.29 20:06:46.220,0.73475,0.73515,1.00,1.00
2014.01.29 20:06:46.533,0.73478,0.73515,1.00,1.00
2014.01.29 20:06:47.346,0.73478,0.7352,1.00,1.00
2014.01.29 20:06:47.447,0.73478,0.73518,1.00,1.00
2014.01.29 20:06:47.765,0.73482,0.73518,1.00,1.00
2014.01.29 20:06:47.916,0.73482,0.73524,1.38,1.50
2014.01.29 20:06:48.144,0.73485,0.73522,1.00,1.00
2014.01.29 20:06:48.484,0.73485,0.73518,1.00,1.00
2014.01.29 20:06:48.655,0.73482,0.73518,1.35,1.00
2014.01.29 20:06:49.196,0.73482,0.73514,1.00,1.00
2014.01.29 20:06:49.416,0.73481,0.73519,1.60,1.38
2014.01.29 20:06:49.938,0.73482,0.73519,2.48,1.00
2014.01.29 20:06:50.140,0.73485,0.73519,2.10,1.00
2014.01.29 20:06:50.190,0.73487,0.73523,1.30,1.00
2014.01.29 20:06:50.240,0.73489,0.73523,1.00,1.00
2014.01.29 20:06:50.410,0.73489,0.73528,1.00,1.00
2014.01.29 20:06:51.076,0.73488,0.73528,1.50,1.00
2014.01.29 20:06:51.177,0.73488,0.73518,1.50,1.00
2014.01.29 20:06:51.277,0.73488,0.73524,1.50,1.00
2014.01.29 20:06:51.378,0.73488,0.73529,1.00,1.00
2014.01.29 20:06:51.475,0.73488,0.73533,1.00,1.50
2014.01.29 20:06:51.805,0.73488,0.73528,1.00,1.00
2014.01.29 20:06:52.145,0.73501,0.73536,1.00,1.00
2014.01.29 20:06:52.510,0.73512,0.73536,1.00,1.00
2014.01.29 20:06:53.608,0.73512,0.73537,1.00,1.00
2014.01.29 20:06:54.145,0.73512,0.73536,1.00,1.00
2014.01.29 20:06:55.194,0.73512,0.73541,1.00,1.00
2014.01.29 20:06:55.295,0.73512,0.73544,1.00,1.50
2014.01.29 20:06:55.396,0.73507,0.73544,1.00,1.50
2014.01.29 20:06:55.597,0.73514,0.73544,1.00,1.00
2014.01.29 20:06:55.698,0.73514,0.73547,1.00,1.00
2014.01.29 20:06:56.096,0.73514,0.73544,1.00,1.00
2014.01.29 20:06:56.411,0.73507,0.73544,1.00,1.13
2014.01.29 20:06:56.462,0.73507,0.73542,1.00,1.00
2014.01.29 20:06:56.829,0.73506,0.73544,1.00,1.13
2014.01.29 20:06:57.075,0.73506,0.73542,1.00,1.00
2014.01.29 20:06:57.524,0.73506,0.73544,1.00,1.13
2014.01.29 20:06:57.643,0.73506,0.73547,1.00,1.13
2014.01.29 20:06:57.748,0.73512,0.73549,1.00,1.00
2014.01.29 20:06:58.647,0.73512,0.73552,1.00,1.00
2014.01.29 20:06:58.748,0.73512,0.73548,1.00,1.00
2014.01.29 20:06:58.965,0.73502,0.73546,1.00,1.00
2014.01.29 20:07:00.951,0.73502,0.73542,1.00,1.00
2014.01.29 20:07:01.965,0.73502,0.73544,1.00,1.38
2014.01.29 20:07:02.267,0.73507,0.73549,1.00,1.73
2014.01.29 20:07:02.569,0.73516,0.73558,1.00,1.98
2014.01.29 20:07:02.871,0.73523,0.73559,1.00,1.00
2014.01.29 20:07:03.218,0.73529,0.73553,1.00,1.00
2014.01.29 20:07:03.374,0.7353,0.73559,1.00,1.00
2014.01.29 20:07:04.217,0.73529,0.73558,1.00,1.13
2014.01.29 20:07:04.315,0.73529,0.73554,1.00,1.00
2014.01.29 20:07:04.806,0.73529,0.73554,1.60,1.00
2014.01.29 20:07:04.957,0.73539,0.73563,1.00,1.00
2014.01.29 20:07:05.108,0.73536,0.73558,1.00,1.00
2014.01.29 20:07:05.427,0.73527,0.73558,1.00,1.60
2014.01.29 20:07:05.586,0.73527,0.73558,1.60,1.13
2014.01.29 20:07:05.902,0.73534,0.73563,1.00,1.00
2014.01.29 20:07:06.361,0.73534,0.73569,1.00,1.00
2014.01.29 20:07:06.412,0.73542,0.73569,1.00,1.00
2014.01.29 20:07:06.741,0.73546,0.73569,1.00,1.00
2014.01.29 20:07:06.841,0.73542,0.73569,1.00,1.00
2014.01.29 20:07:07.306,0.73542,0.73574,1.00,1.50
2014.01.29 20:07:07.391,0.73546,0.73574,1.00,1.50
2014.01.29 20:07:08.295,0.73546,0.73578,1.00,1.00
2014.01.29 20:07:08.346,0.73546,0.73572,1.00,1.00
2014.01.29 20:07:08.397,0.73541,0.73572,1.00,1.00
2014.01.29 20:07:08.447,0.73541,0.73568,1.00,1.00
2014.01.29 20:07:08.749,0.73546,0.73573,1.00,1.00
2014.01.29 20:07:09.166,0.73542,0.73573,1.00,1.00
2014.01.29 20:07:09.217,0.73542,0.73569,1.00,1.00
2014.01.29 20:07:09.969,0.73542,0.73568,1.00,1.00
2014.01.29 20:07:10.171,0.73537,0.73569,1.00,1.50
2014.01.29 20:07:10.272,0.73535,0.73569,1.00,1.50
2014.01.29 20:07:10.617,0.73535,0.73563,1.00,1.00
2014.01.29 20:07:10.667,0.73526,0.73563,1.00,1.00
2014.01.29 20:07:10.827,0.73526,0.73562,1.00,1.38
2014.01.29 20:07:12.003,0.73526,0.73556,1.00,1.13
2014.01.29 20:07:12.495,0.73526,0.73553,1.00,1.00
2014.01.29 20:07:12.698,0.73526,0.73556,1.00,1.00
2014.01.29 20:07:13.074,0.73526,0.73553,1.00,1.00
2014.01.29 20:07:13.175,0.73509,0.73553,1.38,1.60
2014.01.29 20:07:13.823,0.73511,0.73548,1.00,1.88
2014.01.29 20:07:13.873,0.73511,0.73548,1.00,2.48
2014.01.29 20:07:13.924,0.735,0.73546,1.00,1.35
2014.01.29 20:07:14.175,0.73513,0.73546,1.00,1.00
2014.01.29 20:07:14.580,0.73504,0.73548,1.00,2.10
2014.01.29 20:07:15.073,0.73504,0.73545,1.00,1.00
2014.01.29 20:07:15.381,0.73506,0.73545,1.00,1.00
2014.01.29 20:07:15.976,0.73506,0.73543,1.00,1.00
2014.01.29 20:07:16.505,0.73506,0.7354,1.00,1.00
2014.01.29 20:07:16.844,0.73506,0.73537,1.00,1.00
2014.01.29 20:07:16.965,0.73506,0.73539,1.00,1.00
2014.01.29 20:07:17.016,0.73508,0.73539,1.00,1.00
2014.01.29 20:07:17.066,0.73508,0.73541,1.00,1.00
2014.01.29 20:07:17.117,0.73496,0.73537,1.00,1.00
2014.01.29 20:07:17.168,0.73496,0.73529,1.00,1.00
2014.01.29 20:07:17.218,0.73482,0.73529,1.53,1.00
2014.01.29 20:07:17.319,0.73487,0.73529,1.20,1.00
2014.01.29 20:07:17.474,0.73487,0.73526,1.00,1.00
2014.01.29 20:07:18.135,0.73491,0.73523,1.00,1.00
2014.01.29 20:07:19.124,0.73491,0.73527,1.00,1.00
2014.01.29 20:07:19.343,0.73491,0.73522,1.00,1.00
2014.01.29 20:07:19.666,0.73504,0.73522,1.00,1.00
2014.01.29 20:07:19.716,0.73504,0.7353,1.00,1.38
2014.01.29 20:07:19.867,0.7349,0.7353,1.00,1.00
2014.01.29 20:07:19.918,0.7349,0.73528,1.00,1.00
2014.01.29 20:07:20.334,0.7349,0.73535,1.00,1.00
2014.01.29 20:07:20.385,0.73492,0.73535,2.10,1.00
2014.01.29 20:07:20.665,0.73498,0.73535,1.00,1.00
2014.01.29 20:07:20.716,0.73491,0.73535,1.38,1.00
2014.01.29 20:07:21.927,0.73491,0.73535,1.38,1.00
2014.01.29 20:07:22.129,0.73491,0.73535,1.38,1.00
2014.01.29 20:07:23.017,0.73493,0.73535,1.00,1.00
2014.01.29 20:07:23.745,0.73493,0.73536,1.00,1.00
2014.01.29 20:07:24.268,0.73491,0.73535,1.38,1.00
2014.01.29 20:07:24.419,0.73505,0.73544,1.00,1.13
2014.01.29 20:07:24.741,0.73503,0.73548,1.38,1.00
2014.01.29 20:07:24.809,0.73508,0.73548,1.00,1.00
2014.01.29 20:07:25.064,0.73508,0.73551,1.00,1.50
2014.01.29 20:07:25.637,0.73508,0.73549,1.00,1.00
2014.01.29 20:07:26.141,0.73514,0.73549,1.00,1.00
2014.01.29 20:07:26.540,0.73514,0.73544,1.00,1.00
2014.01.29 20:07:26.590,0.7351,0.73544,1.00,1.00
2014.01.29 20:07:27.595,0.7351,0.73542,1.00,1.00
2014.01.29 20:07:27.696,0.735,0.73542,1.13,1.60
2014.01.29 20:07:28.441,0.735,0.73539,1.00,1.00
2014.01.29 20:07:29.758,0.735,0.73536,1.00,1.00
2014.01.29 20:07:29.948,0.735,0.73539,1.00,1.00
2014.01.29 20:07:30.049,0.735,0.73536,1.00,1.00
2014.01.29 20:07:31.045,0.735,0.73528,1.00,2.10
2014.01.29 20:07:31.206,0.73492,0.73528,1.00,2.10
2014.01.29 20:07:31.644,0.73494,0.73527,1.00,1.35
2014.01.29 20:07:34.567,0.73494,0.73523,1.00,2.48
2014.01.29 20:07:34.618,0.73483,0.73523,1.00,2.48
2014.01.29 20:07:34.719,0.73476,0.73521,2.25,1.60
2014.01.29 20:07:34.820,0.73476,0.73517,1.00,1.98
2014.01.29 20:07:35.224,0.73466,0.73513,1.50,1.00
2014.01.29 20:07:36.003,0.73471,0.73512,1.38,1.00
2014.01.29 20:07:36.154,0.73476,0.73512,1.00,1.00
2014.01.29 20:07:36.334,0.73476,0.73517,1.00,1.00
2014.01.29 20:07:36.598,0.7348,0.73517,1.00,1.00
2014.01.29 20:07:36.799,0.7348,0.73521,1.00,1.00
2014.01.29 20:07:36.953,0.73475,0.73521,1.38,1.50
2014.01.29 20:07:37.004,0.73475,0.73516,1.00,1.00
2014.01.29 20:07:37.434,0.73475,0.73514,1.00,1.00
2014.01.29 20:07:37.585,0.73471,0.73514,1.00,1.00
2014.01.29 20:07:37.806,0.73471,0.73511,1.13,1.00
2014.01.29 20:07:37.998,0.73471,0.73513,1.13,1.00
2014.01.29 20:07:38.150,0.73466,0.73512,1.38,1.60
2014.01.29 20:07:38.250,0.73466,0.73506,1.50,1.30
2014.01.29 20:07:38.766,0.73466,0.73508,1.50,1.98
2014.01.29 20:07:39.156,0.73472,0.73508,1.00,1.98
2014.01.29 20:07:39.564,0.73472,0.73509,1.00,1.00
2014.01.29 20:07:39.853,0.73472,0.73511,1.00,1.00
2014.01.29 20:07:39.904,0.73475,0.73511,1.00,1.00
2014.01.29 20:07:41.133,0.73472,0.73511,1.00,1.00
2014.01.29 20:07:41.184,0.73472,0.73508,1.00,1.00
2014.01.29 20:07:42.104,0.73475,0.7351,1.00,1.38
2014.01.29 20:07:42.255,0.73475,0.7351,1.00,1.00
2014.01.29 20:07:42.521,0.73475,0.73508,1.00,1.00
2014.01.29 20:07:42.823,0.73477,0.73506,1.00,1.50
2014.01.29 20:07:42.974,0.73477,0.73506,1.00,1.13
2014.01.29 20:07:44.304,0.73477,0.73506,1.00,1.38
2014.01.29 20:07:44.413,0.73474,0.73505,1.00,1.30
2014.01.29 20:07:46.627,0.73469,0.73509,1.00,1.73
2014.01.29 20:07:46.878,0.73474,0.73505,1.00,1.00
2014.01.29 20:07:47.029,0.73474,0.73511,1.00,1.00
2014.01.29 20:07:51.563,0.73474,0.73512,1.00,1.00
2014.01.29 20:07:51.955,0.73474,0.7351,1.00,1.00
2014.01.29 20:07:52.906,0.73471,0.735,1.50,1.60
2014.01.29 20:07:53.007,0.73466,0.735,1.00,1.60
2014.01.29 20:07:53.108,0.73466,0.735,1.00,1.00
2014.01.29 20:07:53.159,0.73464,0.73507,1.00,1.13
2014.01.29 20:07:53.259,0.73467,0.73508,1.50,1.00
2014.01.29 20:07:53.360,0.73473,0.7351,1.00,1.00
2014.01.29 20:08:00.369,0.73482,0.7351,1.00,1.00
2014.01.29 20:08:00.470,0.73482,0.73516,1.00,1.60
2014.01.29 20:08:00.686,0.73482,0.7351,1.00,1.00
2014.01.29 20:08:00.736,0.73474,0.7351,1.00,1.00
2014.01.29 20:08:02.946,0.73487,0.7351,1.00,1.00
2014.01.29 20:08:02.997,0.73487,0.73518,1.00,1.73
2014.01.29 20:08:03.148,0.73487,0.73518,1.00,1.73
2014.01.29 20:08:03.248,0.73474,0.73518,1.00,1.35
2014.01.29 20:08:03.374,0.73477,0.73518,1.00,1.35
2014.01.29 20:08:03.700,0.73478,0.73512,1.00,1.00
2014.01.29 20:08:03.893,0.73478,0.73518,1.38,1.00
2014.01.29 20:08:04.655,0.73479,0.73518,1.13,1.00
2014.01.29 20:08:04.706,0.73489,0.73525,1.00,1.35
2014.01.29 20:08:05.038,0.73492,0.73527,1.00,1.98
2014.01.29 20:08:05.189,0.73492,0.73527,1.00,1.00
2014.01.29 20:08:05.240,0.73495,0.73534,1.00,1.50
2014.01.29 20:08:05.341,0.73498,0.73534,1.00,1.38
2014.01.29 20:08:05.648,0.735,0.73532,1.00,1.00
2014.01.29 20:08:06.532,0.735,0.73534,1.00,1.88
2014.01.29 20:08:07.114,0.735,0.73534,1.00,1.00
2014.01.29 20:08:07.477,0.735,0.73534,1.00,1.38
2014.01.29 20:08:07.981,0.735,0.73535,1.00,1.88
2014.01.29 20:08:08.292,0.735,0.73528,1.00,1.00
2014.01.29 20:08:08.443,0.73492,0.73528,1.00,1.00
2014.01.29 20:08:08.645,0.73492,0.73526,1.00,1.00
2014.01.29 20:08:09.090,0.73492,0.73525,1.00,1.38
2014.01.29 20:08:09.394,0.73485,0.73523,1.00,1.88
2014.01.29 20:08:12.445,0.73485,0.73524,1.00,1.00
2014.01.29 20:08:12.496,0.73501,0.73524,1.00,1.00
2014.01.29 20:08:13.333,0.73501,0.73523,1.00,1.00
2014.01.29 20:08:13.472,0.73501,0.73527,1.00,1.00
2014.01.29 20:08:13.523,0.73495,0.73527,1.00,1.00
2014.01.29 20:08:13.574,0.73495,0.73529,1.00,1.88
2014.01.29 20:08:16.151,0.73495,0.73533,1.00,1.88
2014.01.29 20:08:18.993,0.73501,0.73533,1.00,1.38
2014.01.29 20:08:19.454,0.73495,0.73534,1.00,1.38
2014.01.29 20:08:19.863,0.73501,0.73535,1.00,1.38
2014.01.29 20:08:20.237,0.73504,0.73539,1.00,1.38
2014.01.29 20:08:20.288,0.73504,0.73539,1.00,1.00
2014.01.29 20:08:20.439,0.735,0.73538,1.00,1.00
2014.01.29 20:08:20.590,0.735,0.73533,1.00,1.00
2014.01.29 20:08:21.094,0.73505,0.73533,1.00,1.00
2014.01.29 20:08:21.144,0.73505,0.73539,1.00,1.50
2014.01.29 20:08:21.346,0.73505,0.73542,1.00,1.00
2014.01.29 20:08:21.397,0.73505,0.73544,1.00,1.00
2014.01.29 20:08:21.573,0.73507,0.73544,1.00,1.00
2014.01.29 20:08:21.875,0.73515,0.73544,1.00,1.00
2014.01.29 20:08:21.926,0.73515,0.73548,1.00,1.00
2014.01.29 20:08:22.212,0.73519,0.73548,1.00,1.00
2014.01.29 20:08:22.500,0.73516,0.73548,1.00,1.00
2014.01.29 20:08:22.639,0.73516,0.73544,1.00,1.00
2014.01.29 20:08:24.064,0.73516,0.73544,1.00,1.60
2014.01.29 20:08:24.265,0.73507,0.73549,1.38,1.98
2014.01.29 20:08:24.373,0.73517,0.73548,1.00,1.35
2014.01.29 20:08:24.424,0.73517,0.73544,1.00,1.13
2014.01.29 20:08:24.630,0.73508,0.73552,1.38,1.00
2014.01.29 20:08:24.681,0.73508,0.73552,1.38,1.60
2014.01.29 20:08:25.000,0.73514,0.73544,1.00,1.00
2014.01.29 20:08:25.139,0.73506,0.73543,1.13,1.00
2014.01.29 20:08:25.363,0.73506,0.73539,1.13,1.00
2014.01.29 20:08:25.737,0.735,0.73539,1.50,1.00
2014.01.29 20:08:26.676,0.735,0.73543,1.00,1.00
2014.01.29 20:08:26.807,0.73497,0.73543,1.73,1.00
2014.01.29 20:08:27.608,0.735,0.73543,1.00,1.00
2014.01.29 20:08:27.911,0.73497,0.7354,1.00,1.00
2014.01.29 20:08:28.213,0.73496,0.73538,1.00,1.00
2014.01.29 20:08:28.789,0.73493,0.73518,1.38,1.00
2014.01.29 20:08:28.899,0.73493,0.7352,1.38,1.00
2014.01.29 20:08:29.153,0.73488,0.73524,1.20,1.00
2014.01.29 20:08:29.669,0.73487,0.73521,1.95,1.00
2014.01.29 20:08:30.373,0.73488,0.73521,1.43,1.00
2014.01.29 20:08:31.189,0.73488,0.73521,1.13,1.00
2014.01.29 20:08:31.550,0.73488,0.73525,1.68,1.00
2014.01.29 20:08:31.600,0.73492,0.73525,2.10,1.00
2014.01.29 20:08:31.701,0.73498,0.73534,1.30,1.00
2014.01.29 20:08:32.003,0.73494,0.73532,1.60,1.00
2014.01.29 20:08:33.849,0.73498,0.73537,1.30,1.00
2014.01.29 20:08:34.001,0.73498,0.73537,1.05,1.00
2014.01.29 20:08:34.322,0.73503,0.73532,2.25,1.00
2014.01.29 20:08:34.604,0.735,0.73531,1.00,1.00
2014.01.29 20:08:34.654,0.735,0.73525,1.00,1.00
2014.01.29 20:08:34.705,0.73495,0.73525,1.00,1.00
2014.01.29 20:08:34.818,0.73492,0.73525,1.75,1.00
2014.01.29 20:08:35.433,0.73491,0.73531,1.75,1.00
2014.01.29 20:08:35.687,0.73502,0.73531,1.38,1.00
2014.01.29 20:08:36.745,0.73491,0.73531,1.45,1.00
2014.01.29 20:08:36.801,0.73498,0.73531,1.10,1.00
2014.01.29 20:08:38.669,0.73498,0.73531,1.60,1.00
2014.01.29 20:08:42.759,0.73502,0.73531,1.00,1.00
2014.01.29 20:08:42.859,0.735,0.73532,1.00,1.00
2014.01.29 20:08:42.910,0.73495,0.73531,1.00,1.00
2014.01.29 20:08:43.011,0.73493,0.73531,1.00,1.00
2014.01.29 20:08:45.058,0.73497,0.73531,1.00,1.00
2014.01.29 20:08:45.826,0.73497,0.73532,1.00,1.00
2014.01.29 20:08:48.357,0.73493,0.73532,1.00,1.00
2014.01.29 20:08:49.122,0.73493,0.73531,1.00,1.00
2014.01.29 20:08:49.173,0.73493,0.73525,1.00,1.00
2014.01.29 20:08:49.507,0.73491,0.73525,1.00,1.00
2014.01.29 20:08:51.452,0.73491,0.73525,1.38,1.00
2014.01.29 20:08:52.863,0.73491,0.73525,1.38,1.00
2014.01.29 20:08:53.003,0.73491,0.73525,1.50,1.00
2014.01.29 20:08:53.054,0.73491,0.73525,1.88,1.00
2014.01.29 20:08:53.106,0.73491,0.73525,1.00,1.00
2014.01.29 20:08:53.156,0.73491,0.73518,1.00,1.00
2014.01.29 20:08:53.310,0.73486,0.73518,1.00,1.00
2014.01.29 20:08:53.361,0.73481,0.73518,1.00,1.00
2014.01.29 20:08:53.682,0.73481,0.73511,1.00,1.00
2014.01.29 20:08:55.574,0.73479,0.73511,1.00,1.00
2014.01.29 20:08:57.334,0.73481,0.73511,1.00,1.00
2014.01.29 20:08:58.323,0.73479,0.73511,1.00,1.00
2014.01.29 20:08:58.871,0.73478,0.73511,1.00,1.00
2014.01.29 20:09:00.171,0.73478,0.73505,1.00,1.00
2014.01.29 20:09:00.322,0.73472,0.73505,1.50,1.00
2014.01.29 20:09:00.423,0.73472,0.73495,1.00,1.00
2014.01.29 20:09:00.535,0.73472,0.73506,1.00,1.00
2014.01.29 20:09:00.640,0.73472,0.73516,1.00,1.00
2014.01.29 20:09:00.741,0.73472,0.73518,1.00,1.13
2014.01.29 20:09:00.992,0.73474,0.73518,1.00,1.13
2014.01.29 20:09:01.419,0.73474,0.73512,1.00,1.00
2014.01.29 20:09:03.933,0.7347,0.73507,1.00,1.00
2014.01.29 20:09:04.033,0.73466,0.73507,1.00,1.00
2014.01.29 20:09:04.459,0.73475,0.73509,1.00,1.00
2014.01.29 20:09:05.147,0.73475,0.73511,1.00,1.00
2014.01.29 20:09:05.593,0.73475,0.73516,1.38,1.38
2014.01.29 20:09:05.755,0.73475,0.73513,1.38,1.00
2014.01.29 20:09:05.862,0.73475,0.73518,1.38,1.75
2014.01.29 20:09:05.957,0.73475,0.73518,1.13,1.75
2014.01.29 20:09:07.572,0.73475,0.73514,1.00,1.00
2014.01.29 20:09:07.766,0.73472,0.73514,1.50,1.13
2014.01.29 20:09:09.081,0.73467,0.73493,1.38,1.00
2014.01.29 20:09:09.187,0.73467,0.73493,1.00,1.00
2014.01.29 20:09:11.092,0.73472,0.73493,1.00,1.00
2014.01.29 20:09:11.169,0.73472,0.73498,1.00,1.00
2014.01.29 20:09:14.377,0.73477,0.73498,1.00,1.00
2014.01.29 20:09:14.593,0.73477,0.73502,1.00,1.00
2014.01.29 20:09:16.331,0.73476,0.73502,1.00,1.00
2014.01.29 20:09:17.323,0.73477,0.73502,1.00,1.00
2014.01.29 20:09:17.374,0.73477,0.73498,1.00,1.00
2014.01.29 20:09:18.236,0.73477,0.73512,1.00,1.00
2014.01.29 20:09:18.337,0.73475,0.73507,1.00,1.00
2014.01.29 20:09:19.508,0.73477,0.73507,1.00,1.00
2014.01.29 20:09:19.659,0.73478,0.73516,1.00,1.00
2014.01.29 20:09:19.760,0.73483,0.73516,1.00,1.00
2014.01.29 20:09:20.142,0.73487,0.73516,1.00,1.00
2014.01.29 20:09:21.018,0.73486,0.73516,1.00,1.00
2014.01.29 20:09:22.057,0.73486,0.73521,1.00,1.00
2014.01.29 20:09:22.762,0.73486,0.7352,1.00,1.00
2014.01.29 20:09:22.863,0.7348,0.73507,1.00,1.00
2014.01.29 20:09:22.964,0.73477,0.73506,1.00,1.00
2014.01.29 20:09:23.378,0.73477,0.73502,1.00,1.00
2014.01.29 20:09:24.362,0.73481,0.73502,1.00,1.50
2014.01.29 20:09:24.513,0.73476,0.73501,1.00,1.00
2014.01.29 20:09:24.682,0.73472,0.73501,1.38,1.00
2014.01.29 20:09:24.735,0.73472,0.73497,1.38,1.00
2014.01.29 20:09:24.836,0.73472,0.73496,1.00,1.00
2014.01.29 20:09:25.435,0.73472,0.73497,1.00,1.50
2014.01.29 20:09:27.552,0.73467,0.73497,1.00,1.50
2014.01.29 20:09:27.931,0.73462,0.73488,1.00,1.00
2014.01.29 20:09:28.133,0.73457,0.73485,1.00,1.00
2014.01.29 20:09:28.183,0.73457,0.73485,1.00,1.38
2014.01.29 20:09:28.334,0.73447,0.73485,1.60,1.38
2014.01.29 20:09:28.385,0.73449,0.73473,1.60,1.00
2014.01.29 20:09:28.746,0.73466,0.73493,1.00,1.38
2014.01.29 20:09:28.850,0.73466,0.73493,1.00,1.00
2014.01.29 20:09:29.123,0.73463,0.73493,1.00,1.00
2014.01.29 20:09:29.275,0.73463,0.73484,1.00,1.00
2014.01.29 20:09:29.684,0.73464,0.73493,1.00,1.00
2014.01.29 20:09:29.784,0.73469,0.73493,1.00,1.00
2014.01.29 20:09:30.232,0.73469,0.73483,1.00,1.00
2014.01.29 20:09:30.342,0.73469,0.73493,1.00,1.00
2014.01.29 20:09:30.443,0.73451,0.73493,1.00,1.50
2014.01.29 20:09:30.594,0.73454,0.73493,1.00,1.50
2014.01.29 20:09:31.705,0.73452,0.7348,1.00,1.00
2014.01.29 20:09:31.878,0.73452,0.73493,1.00,1.00
2014.01.29 20:09:32.029,0.73458,0.73497,1.00,1.00
2014.01.29 20:09:32.158,0.73458,0.73504,1.00,1.00
2014.01.29 20:09:32.812,0.73458,0.73502,1.00,1.00
2014.01.29 20:09:33.114,0.73454,0.73494,1.00,1.00
2014.01.29 20:09:35.912,0.73456,0.73494,1.00,1.00
2014.01.29 20:09:36.136,0.73454,0.73494,1.00,1.00
2014.01.29 20:09:37.289,0.73454,0.73491,1.00,1.00
2014.01.29 20:09:37.340,0.73451,0.73491,1.00,1.38
2014.01.29 20:09:37.893,0.73456,0.73491,1.00,1.38
2014.01.29 20:09:38.044,0.73456,0.73494,1.00,1.00
2014.01.29 20:09:38.428,0.73456,0.73491,1.00,1.00
2014.01.29 20:09:38.579,0.73456,0.73494,1.00,1.00
2014.01.29 20:09:40.861,0.73456,0.73492,1.00,1.00
2014.01.29 20:09:44.442,0.73456,0.73494,1.00,1.00
2014.01.29 20:09:49.270,0.73457,0.73494,1.00,1.00
2014.01.29 20:09:51.475,0.73452,0.73494,1.00,1.00
2014.01.29 20:09:51.584,0.73456,0.73494,1.00,1.00
2014.01.29 20:09:52.240,0.73457,0.73494,1.00,1.00
2014.01.29 20:09:53.236,0.73452,0.73494,1.00,1.00
2014.01.29 20:09:54.365,0.73452,0.73495,1.00,1.00
2014.01.29 20:09:54.885,0.73456,0.73495,1.00,1.00
2014.01.29 20:09:56.864,0.73461,0.73495,1.00,1.00
2014.01.29 20:09:57.708,0.73466,0.73502,1.00,1.00
2014.01.29 20:09:57.759,0.73466,0.73502,1.60,1.00
2014.01.29 20:09:57.910,0.73461,0.73501,2.25,1.00
2014.01.29 20:09:57.961,0.73461,0.73501,1.88,1.00
2014.01.29 20:09:58.070,0.73467,0.73501,1.00,1.00
2014.01.29 20:10:01.260,0.73472,0.73501,1.00,1.00
2014.01.29 20:10:01.920,0.73467,0.73501,1.00,1.00
2014.01.29 20:10:02.143,0.73462,0.73501,1.00,1.00
2014.01.29 20:10:03.025,0.73458,0.73501,1.00,1.00
2014.01.29 20:10:08.777,0.73457,0.73501,1.50,1.00
2014.01.29 20:10:16.330,0.73457,0.73499,1.00,1.00
2014.01.29 20:10:17.320,0.73457,0.73501,1.00,1.00
2014.01.29 20:10:18.422,0.73461,0.73501,1.00,1.00
2014.01.29 20:10:19.667,0.73457,0.73501,1.10,1.00
2014.01.29 20:10:20.562,0.73457,0.73501,1.70,1.00
2014.01.29 20:10:20.768,0.73466,0.73507,1.00,1.00
2014.01.29 20:10:21.767,0.73466,0.73508,1.00,1.13
2014.01.29 20:10:21.927,0.73475,0.73508,1.00,1.13
2014.01.29 20:10:22.807,0.73479,0.73508,1.00,1.13
2014.01.29 20:10:23.160,0.73476,0.73508,1.00,1.13
2014.01.29 20:10:23.260,0.73473,0.73509,1.00,1.88
2014.01.29 20:10:23.361,0.73471,0.73505,1.00,1.00
2014.01.29 20:10:24.661,0.73471,0.73502,1.00,1.00
2014.01.29 20:10:24.712,0.73467,0.73502,1.00,1.00
2014.01.29 20:10:25.309,0.73467,0.73503,1.00,1.00
2014.01.29 20:10:25.410,0.73467,0.735,1.00,1.00
2014.01.29 20:10:25.717,0.73472,0.73502,1.00,1.00
2014.01.29 20:10:26.326,0.73462,0.73497,1.00,1.00
2014.01.29 20:10:26.427,0.73462,0.73497,1.60,1.00
2014.01.29 20:10:26.686,0.73467,0.73509,1.00,1.38
2014.01.29 20:10:27.649,0.73467,0.73506,1.00,1.00
2014.01.29 20:10:29.103,0.73467,0.73503,1.00,1.00
2014.01.29 20:10:29.956,0.73461,0.73501,1.00,1.00
2014.01.29 20:10:30.007,0.73461,0.73499,1.50,1.00
2014.01.29 20:10:33.122,0.73462,0.73499,1.00,1.00
2014.01.29 20:10:33.453,0.73466,0.73499,1.00,1.00
2014.01.29 20:10:33.561,0.73461,0.73499,1.50,1.00
2014.01.29 20:10:33.798,0.73461,0.73496,1.50,1.00
2014.01.29 20:10:34.130,0.73461,0.73492,1.50,1.00
2014.01.29 20:10:34.708,0.73461,0.73493,1.00,1.00
2014.01.29 20:10:35.655,0.73461,0.73488,1.00,1.00
2014.01.29 20:10:35.706,0.73456,0.73488,1.00,1.00
2014.01.29 20:10:36.097,0.73452,0.73488,1.00,1.00
2014.01.29 20:10:37.302,0.7345,0.73488,1.00,1.00
2014.01.29 20:10:37.352,0.7345,0.73478,1.00,2.10
2014.01.29 20:10:37.453,0.73441,0.73472,1.00,1.30
2014.01.29 20:10:37.554,0.73441,0.73475,1.60,1.50
2014.01.29 20:10:37.684,0.73443,0.73475,1.35,1.13
2014.01.29 20:10:37.932,0.73439,0.73475,2.48,1.13
2014.01.29 20:10:38.091,0.73439,0.73485,1.35,1.00
2014.01.29 20:10:38.242,0.73439,0.73481,2.10,1.00
2014.01.29 20:10:40.003,0.73439,0.7348,1.35,1.00
2014.01.29 20:10:40.732,0.73438,0.73478,1.00,1.00
2014.01.29 20:10:41.334,0.73441,0.73478,1.00,1.00
2014.01.29 20:10:42.503,0.73441,0.73476,1.00,1.00
2014.01.29 20:10:42.768,0.73431,0.73469,1.00,1.00
2014.01.29 20:10:42.818,0.73431,0.73467,1.00,1.00
2014.01.29 20:10:42.874,0.73429,0.73467,1.00,1.00
2014.01.29 20:10:43.025,0.73431,0.73467,1.00,1.00
2014.01.29 20:10:43.367,0.73436,0.73467,1.00,1.00
2014.01.29 20:10:43.669,0.73442,0.73467,1.00,1.00
2014.01.29 20:10:43.839,0.73442,0.73471,1.00,1.00
2014.01.29 20:10:43.890,0.73436,0.73471,1.00,1.00
2014.01.29 20:10:43.991,0.73436,0.73475,1.00,1.00
2014.01.29 20:10:44.650,0.73431,0.73471,1.00,1.13
2014.01.29 20:10:44.751,0.73431,0.73468,1.00,1.38
2014.01.29 20:10:45.641,0.73437,0.73465,1.00,1.00
2014.01.29 20:10:46.502,0.73432,0.73465,1.00,1.00
2014.01.29 20:10:46.711,0.73432,0.7347,1.00,1.00
2014.01.29 20:10:47.330,0.73432,0.7347,1.60,1.00
2014.01.29 20:10:47.582,0.73429,0.73466,1.00,1.00
2014.01.29 20:10:47.632,0.73436,0.73471,1.00,1.13
2014.01.29 20:10:48.111,0.73436,0.73467,1.00,2.10
2014.01.29 20:10:48.161,0.73419,0.73465,1.38,1.98
2014.01.29 20:10:48.212,0.73413,0.73457,1.08,1.35
2014.01.29 20:10:48.414,0.73417,0.73455,1.00,1.88
2014.01.29 20:10:48.565,0.73417,0.73455,1.00,1.00
2014.01.29 20:10:48.631,0.73417,0.73458,1.00,1.50
2014.01.29 20:10:48.851,0.73417,0.73454,1.00,1.00
2014.01.29 20:10:49.178,0.73412,0.73451,1.00,1.00
2014.01.29 20:10:49.790,0.73412,0.73445,1.00,1.00
2014.01.29 20:10:49.891,0.73412,0.73451,1.00,1.00
2014.01.29 20:10:49.991,0.73412,0.73453,1.00,1.00
2014.01.29 20:10:51.029,0.73412,0.73454,1.00,1.50
2014.01.29 20:10:51.382,0.73409,0.73453,1.00,1.00
2014.01.29 20:10:51.717,0.73411,0.73445,1.00,1.00
2014.01.29 20:10:52.039,0.73411,0.73438,1.00,1.00
2014.01.29 20:10:52.662,0.73396,0.73436,1.60,1.00
2014.01.29 20:10:52.883,0.73407,0.73436,1.00,1.00
2014.01.29 20:10:53.135,0.73406,0.7344,1.00,1.00
2014.01.29 20:10:53.336,0.73401,0.73434,1.60,1.00
2014.01.29 20:10:53.638,0.73401,0.73434,1.00,1.00
2014.01.29 20:10:53.688,0.73401,0.73427,1.00,1.00
2014.01.29 20:10:54.063,0.73407,0.73426,1.00,1.00
2014.01.29 20:10:54.113,0.734,0.73426,2.10,1.00
2014.01.29 20:10:54.164,0.734,0.73432,2.10,1.38
2014.01.29 20:10:54.315,0.734,0.73434,2.10,1.00
2014.01.29 20:10:54.517,0.73402,0.73436,1.60,1.00
2014.01.29 20:10:56.494,0.73402,0.73439,1.60,1.00
2014.01.29 20:10:57.626,0.73406,0.73439,1.00,1.00
2014.01.29 20:10:59.590,0.73412,0.73439,1.00,1.00
2014.01.29 20:10:59.960,0.73412,0.73437,1.00,1.00
2014.01.29 20:11:00.164,0.73402,0.73437,1.00,1.35
2014.01.29 20:11:00.214,0.73402,0.73428,1.00,1.00
2014.01.29 20:11:00.416,0.73402,0.73434,1.00,1.50
2014.01.29 20:11:00.516,0.73402,0.73436,1.00,1.38
2014.01.29 20:11:00.567,0.73402,0.73436,1.00,1.00
2014.01.29 20:11:01.139,0.73402,0.73437,1.00,1.00
2014.01.29 20:11:02.057,0.73396,0.73435,1.35,1.00
2014.01.29 20:11:02.208,0.73396,0.73432,1.35,1.00
2014.01.29 20:11:02.509,0.73396,0.73419,1.00,1.00
2014.01.29 20:11:02.762,0.73397,0.73433,1.00,1.50
2014.01.29 20:11:02.863,0.73397,0.73429,1.00,1.00
2014.01.29 20:11:03.191,0.73402,0.73429,1.00,1.00
2014.01.29 20:11:03.501,0.73402,0.73432,1.00,1.00
2014.01.29 20:11:03.664,0.73391,0.73432,1.60,1.00
2014.01.29 20:11:06.364,0.73392,0.73419,1.00,1.00
2014.01.29 20:11:06.616,0.73396,0.73428,1.00,1.00
2014.01.29 20:11:07.791,0.73396,0.73439,1.00,1.00
2014.01.29 20:11:08.050,0.73401,0.73439,1.00,1.00
2014.01.29 20:11:08.151,0.73396,0.73439,1.00,1.00
2014.01.29 20:11:08.596,0.73393,0.73439,1.00,2.25
2014.01.29 20:11:08.660,0.73393,0.73436,1.00,1.00
2014.01.29 20:11:11.650,0.73397,0.73436,1.00,1.00
2014.01.29 20:11:12.186,0.73397,0.73435,1.00,1.50
2014.01.29 20:11:15.849,0.73396,0.73435,1.00,1.00
2014.01.29 20:11:17.259,0.73402,0.73435,1.00,1.50
2014.01.29 20:11:17.374,0.73397,0.73435,1.00,1.50
2014.01.29 20:11:17.932,0.73402,0.73431,1.00,1.00
2014.01.29 20:11:18.337,0.73402,0.73428,1.00,1.00
2014.01.29 20:11:18.387,0.73396,0.73428,1.00,1.00
2014.01.29 20:11:18.690,0.73402,0.73428,1.00,1.00
2014.01.29 20:11:19.216,0.73402,0.73429,1.00,1.13
2014.01.29 20:11:19.267,0.73396,0.73429,1.00,1.13
2014.01.29 20:11:20.899,0.73397,0.73429,1.00,1.13
2014.01.29 20:11:21.907,0.73396,0.73429,1.00,1.13
2014.01.29 20:11:22.129,0.73392,0.73429,1.00,1.13
2014.01.29 20:11:22.320,0.73397,0.73429,1.00,1.13
2014.01.29 20:11:22.680,0.73397,0.73426,1.00,1.00
2014.01.29 20:11:23.130,0.7339,0.73424,1.00,1.00
2014.01.29 20:11:23.180,0.73386,0.73424,1.00,1.38
2014.01.29 20:11:23.336,0.73381,0.73419,1.00,1.75
2014.01.29 20:11:23.752,0.73381,0.73419,1.00,1.50
2014.01.29 20:11:23.803,0.73381,0.73411,1.00,1.00
2014.01.29 20:11:23.903,0.73381,0.73414,1.00,1.00
2014.01.29 20:11:24.105,0.73381,0.73423,1.00,1.38
2014.01.29 20:11:24.387,0.73381,0.73414,1.00,1.00
2014.01.29 20:11:24.437,0.73377,0.73414,1.13,1.00
2014.01.29 20:11:24.657,0.73373,0.73414,1.50,1.00
2014.01.29 20:11:24.870,0.73374,0.73403,1.00,1.00
2014.01.29 20:11:24.921,0.73372,0.73403,1.00,1.00
2014.01.29 20:11:25.072,0.73367,0.73403,1.00,1.38
2014.01.29 20:11:25.173,0.73357,0.734,1.00,1.00
2014.01.29 20:11:25.324,0.73357,0.73398,1.00,1.00
2014.01.29 20:11:25.424,0.73361,0.73404,1.00,1.00
2014.01.29 20:11:25.537,0.73363,0.73404,1.00,1.00
2014.01.29 20:11:25.852,0.73368,0.73401,1.00,1.00
2014.01.29 20:11:26.051,0.73366,0.73401,1.00,1.00
2014.01.29 20:11:26.410,0.73366,0.73395,1.00,1.00
2014.01.29 20:11:26.713,0.73368,0.7339,1.00,1.00
2014.01.29 20:11:26.763,0.73368,0.73395,1.00,1.00
2014.01.29 20:11:26.918,0.73372,0.73395,1.00,1.00
2014.01.29 20:11:27.267,0.73372,0.734,1.00,1.00
2014.01.29 20:11:28.121,0.73372,0.73399,1.00,1.00
2014.01.29 20:11:28.222,0.73372,0.73404,1.00,1.00
2014.01.29 20:11:28.273,0.73377,0.73404,1.00,1.00
2014.01.29 20:11:28.397,0.73379,0.73407,1.00,1.50
2014.01.29 20:11:29.833,0.73379,0.73405,1.00,1.00
2014.01.29 20:11:29.883,0.73367,0.73405,1.00,1.00
2014.01.29 20:11:29.934,0.73367,0.73403,1.00,1.60
2014.01.29 20:11:30.244,0.73375,0.734,1.00,1.38
2014.01.29 20:11:30.344,0.73377,0.73406,1.00,1.60
2014.01.29 20:11:30.396,0.73364,0.73406,1.00,1.60
2014.01.29 20:11:30.497,0.73364,0.73402,1.00,2.03
2014.01.29 20:11:30.809,0.73373,0.73399,1.00,1.00
2014.01.29 20:11:30.860,0.73364,0.73399,1.00,1.00
2014.01.29 20:11:30.910,0.73364,0.734,1.00,1.60
2014.01.29 20:11:31.213,0.73373,0.734,1.00,1.38
2014.01.29 20:11:31.263,0.73373,0.734,1.00,1.00
2014.01.29 20:11:31.364,0.73373,0.73404,1.00,1.00
2014.01.29 20:11:31.415,0.7337,0.73404,1.00,1.00
2014.01.29 20:11:31.465,0.7337,0.734,1.00,1.00
2014.01.29 20:11:31.772,0.7337,0.73398,1.00,1.38
2014.01.29 20:11:32.300,0.73371,0.73398,1.00,1.38
2014.01.29 20:11:32.730,0.73375,0.73398,1.00,1.38
2014.01.29 20:11:32.781,0.73375,0.73401,1.00,1.00
2014.01.29 20:11:32.916,0.73371,0.73401,1.00,1.00
2014.01.29 20:11:32.967,0.73371,0.73398,1.00,1.00
2014.01.29 20:11:33.290,0.73373,0.73398,1.00,1.00
2014.01.29 20:11:34.785,0.73363,0.73398,1.00,1.00
2014.01.29 20:11:35.240,0.73363,0.73401,1.00,1.00
2014.01.29 20:11:35.397,0.73363,0.73403,1.00,1.50
2014.01.29 20:11:35.626,0.73363,0.73396,1.00,2.10
2014.01.29 20:11:35.677,0.73356,0.73394,1.00,1.60
2014.01.29 20:11:35.828,0.73352,0.73394,1.00,1.75
2014.01.29 20:11:35.886,0.73358,0.73395,1.00,1.13
2014.01.29 20:11:35.987,0.73358,0.73402,1.00,1.88
2014.01.29 20:11:39.214,0.73356,0.73398,1.00,1.00
2014.01.29 20:11:39.543,0.73356,0.73396,1.00,1.38
2014.01.29 20:11:40.232,0.73352,0.73385,1.00,1.00
2014.01.29 20:11:40.704,0.73352,0.73381,1.00,1.00
2014.01.29 20:11:40.954,0.73346,0.73381,1.00,1.00
2014.01.29 20:11:44.350,0.73346,0.73381,1.00,1.60
2014.01.29 20:11:44.400,0.73342,0.7338,1.00,1.60
2014.01.29 20:11:45.361,0.73337,0.73375,1.00,1.30
2014.01.29 20:11:45.412,0.73334,0.73375,1.30,1.30
2014.01.29 20:11:45.463,0.73339,0.73375,1.00,1.73
2014.01.29 20:11:45.765,0.73336,0.73356,1.00,1.00
2014.01.29 20:11:45.922,0.73326,0.73365,1.00,1.00
2014.01.29 20:11:46.177,0.73332,0.73364,1.00,1.00
2014.01.29 20:11:46.379,0.73327,0.73362,1.00,1.00
2014.01.29 20:11:47.146,0.73327,0.73363,1.00,1.00
2014.01.29 20:11:48.110,0.73322,0.73363,1.00,1.00
2014.01.29 20:11:48.441,0.73327,0.73363,1.00,1.00
2014.01.29 20:11:48.903,0.73327,0.73361,1.00,1.00
2014.01.29 20:11:49.023,0.73327,0.73364,1.00,1.50
2014.01.29 20:11:49.088,0.73327,0.73362,1.00,1.00
2014.01.29 20:11:49.246,0.73322,0.73364,1.00,1.50
2014.01.29 20:11:49.441,0.73322,0.73361,1.00,1.00
2014.01.29 20:11:49.679,0.73317,0.73359,1.50,1.00
2014.01.29 20:11:50.121,0.73322,0.73359,1.00,1.00
2014.01.29 20:11:50.455,0.73322,0.73355,1.00,1.00
2014.01.29 20:11:51.059,0.73323,0.73355,1.00,1.00
2014.01.29 20:11:51.110,0.73325,0.73365,1.00,1.00
2014.01.29 20:11:51.160,0.73325,0.73365,1.60,1.00
2014.01.29 20:11:51.211,0.73329,0.73373,1.60,1.13
2014.01.29 20:11:51.283,0.73329,0.73374,1.60,1.13
2014.01.29 20:11:51.334,0.73328,0.73374,1.60,1.38
2014.01.29 20:11:51.435,0.73328,0.73355,1.60,1.00
2014.01.29 20:11:51.586,0.73328,0.73355,1.00,1.00
2014.01.29 20:11:51.760,0.73326,0.73355,1.00,1.00
2014.01.29 20:11:52.209,0.73326,0.7336,1.00,1.00
2014.01.29 20:11:52.310,0.73326,0.73358,1.00,1.00
2014.01.29 20:11:52.612,0.73331,0.73358,1.00,1.00
2014.01.29 20:11:53.103,0.73331,0.73355,1.00,1.00
2014.01.29 20:11:53.279,0.73327,0.73355,1.00,1.00
2014.01.29 20:11:55.259,0.73331,0.73355,1.00,1.00
2014.01.29 20:11:56.361,0.73326,0.73355,1.00,1.50
2014.01.29 20:11:56.992,0.73322,0.73355,1.00,1.00
2014.01.29 20:11:57.433,0.73327,0.73355,1.00,1.00
2014.01.29 20:11:59.298,0.73326,0.73355,1.00,1.00
2014.01.29 20:11:59.896,0.73316,0.73351,1.00,1.00
2014.01.29 20:12:00.664,0.73316,0.7334,1.00,1.00
2014.01.29 20:12:00.765,0.73312,0.7334,1.00,1.00
2014.01.29 20:12:00.896,0.73312,0.73344,1.00,1.00
2014.01.29 20:12:01.408,0.73316,0.73344,1.00,1.00
2014.01.29 20:12:01.832,0.73321,0.73344,1.00,1.00
2014.01.29 20:12:02.162,0.73316,0.73344,1.00,1.00
2014.01.29 20:12:02.382,0.73322,0.73344,1.00,1.00
2014.01.29 20:12:02.433,0.73322,0.73347,1.00,1.00
2014.01.29 20:12:02.534,0.73327,0.7335,1.00,1.00
2014.01.29 20:12:02.821,0.73322,0.7335,1.00,1.00
2014.01.29 20:12:03.151,0.73326,0.7335,1.00,1.00
2014.01.29 20:12:03.305,0.73326,0.73352,1.00,1.00
2014.01.29 20:12:03.406,0.73322,0.73352,1.00,1.00
2014.01.29 20:12:04.189,0.73326,0.73358,1.00,1.00
2014.01.29 20:12:04.240,0.73326,0.73361,1.00,1.00
2014.01.29 20:12:04.416,0.73321,0.73361,1.38,1.00
2014.01.29 20:12:04.819,0.73327,0.73361,1.00,1.00
2014.01.29 20:12:05.143,0.73327,0.73352,1.00,1.00
2014.01.29 20:12:05.193,0.73322,0.73352,1.00,1.00
2014.01.29 20:12:05.370,0.73322,0.73348,1.00,1.00
2014.01.29 20:12:05.850,0.73316,0.73348,1.00,1.00
2014.01.29 20:12:05.923,0.73322,0.73348,1.00,1.00
2014.01.29 20:12:06.031,0.73322,0.73352,1.00,1.00
2014.01.29 20:12:06.580,0.73322,0.73349,1.00,1.00
2014.01.29 20:12:06.899,0.73327,0.73349,1.00,1.00
2014.01.29 20:12:06.950,0.73327,0.73354,1.00,1.00
2014.01.29 20:12:07.101,0.73314,0.73335,1.00,1.00
2014.01.29 20:12:07.151,0.73314,0.73326,1.00,1.00
2014.01.29 20:12:07.302,0.73307,0.73339,1.00,1.30
2014.01.29 20:12:07.353,0.73301,0.73339,1.00,1.30
2014.01.29 20:12:07.454,0.73301,0.73338,1.00,1.75
2014.01.29 20:12:07.504,0.73301,0.73328,1.00,1.00
2014.01.29 20:12:07.688,0.73301,0.73335,1.00,1.38
2014.01.29 20:12:07.798,0.73301,0.73327,1.00,1.00
2014.01.29 20:12:08.128,0.73297,0.73327,1.00,1.00
2014.01.29 20:12:08.229,0.73301,0.73327,1.00,1.00
2014.01.29 20:12:09.662,0.73307,0.73327,1.00,1.00
2014.01.29 20:12:09.879,0.73301,0.73324,1.00,1.00
2014.01.29 20:12:11.425,0.73301,0.73326,1.00,1.00
2014.01.29 20:12:13.268,0.73306,0.73326,1.00,1.00
2014.01.29 20:12:14.069,0.73306,0.7332,1.00,1.00
2014.01.29 20:12:14.170,0.73302,0.7332,1.00,1.00
2014.01.29 20:12:14.422,0.73296,0.73329,1.00,1.88
2014.01.29 20:12:14.845,0.73302,0.73329,1.00,1.00
2014.01.29 20:12:15.551,0.73301,0.73329,1.00,1.00
2014.01.29 20:12:16.168,0.73301,0.73327,1.00,1.00
2014.01.29 20:12:16.570,0.73296,0.73327,1.00,1.00
2014.01.29 20:12:16.972,0.73297,0.73318,1.00,1.00
2014.01.29 20:12:17.366,0.73297,0.73316,1.00,1.00
2014.01.29 20:12:17.522,0.73297,0.73318,1.00,1.00
2014.01.29 20:12:18.337,0.73296,0.73318,1.00,1.00
2014.01.29 20:12:18.601,0.73296,0.73323,1.00,1.00
2014.01.29 20:12:20.095,0.73297,0.73314,1.00,1.00
2014.01.29 20:12:20.639,0.73301,0.73314,1.00,1.00
2014.01.29 20:12:21.119,0.73297,0.73314,1.00,1.00
2014.01.29 20:12:21.170,0.73297,0.73317,1.00,1.00
2014.01.29 20:12:21.708,0.73297,0.73319,1.00,1.00
2014.01.29 20:12:25.152,0.73301,0.73319,1.00,1.00
2014.01.29 20:12:25.485,0.73301,0.73317,1.00,1.00
2014.01.29 20:12:28.139,0.73297,0.73317,1.00,1.00
2014.01.29 20:12:28.793,0.73297,0.73318,1.00,1.00
2014.01.29 20:12:28.912,0.73291,0.73318,1.00,1.00
2014.01.29 20:12:29.013,0.73291,0.73316,1.00,1.00
2014.01.29 20:12:29.483,0.73291,0.7332,1.73,1.00
2014.01.29 20:12:29.686,0.73293,0.7332,1.13,1.50
2014.01.29 20:12:29.787,0.73297,0.7332,1.00,1.50
2014.01.29 20:12:30.419,0.73301,0.7332,1.00,1.50
2014.01.29 20:12:30.930,0.73301,0.73321,1.00,1.00
2014.01.29 20:12:32.267,0.73297,0.73321,1.00,1.00
2014.01.29 20:12:32.598,0.73301,0.73321,1.00,1.00
2014.01.29 20:12:33.068,0.73301,0.73316,1.00,1.00
2014.01.29 20:12:33.370,0.73301,0.73312,1.00,1.00
2014.01.29 20:12:33.420,0.73292,0.7331,1.00,1.00
2014.01.29 20:12:33.619,0.73292,0.73319,1.00,1.00
2014.01.29 20:12:33.808,0.73297,0.73319,1.00,1.00
2014.01.29 20:12:34.192,0.73297,0.73317,1.00,1.50
2014.01.29 20:12:34.360,0.73291,0.73317,1.00,1.50
2014.01.29 20:12:34.411,0.73291,0.73312,1.00,1.00
2014.01.29 20:12:34.748,0.73291,0.73307,1.00,1.00
2014.01.29 20:12:34.879,0.73291,0.73315,1.00,1.00
2014.01.29 20:12:35.401,0.73291,0.73316,1.00,1.00
2014.01.29 20:12:36.726,0.73291,0.73318,1.00,1.00
2014.01.29 20:12:37.174,0.73291,0.73322,1.00,1.00
2014.01.29 20:12:37.375,0.73291,0.73324,1.13,1.00
2014.01.29 20:12:37.426,0.73291,0.73321,1.13,1.00
2014.01.29 20:12:38.178,0.73291,0.73322,1.00,1.00
2014.01.29 20:12:38.540,0.73296,0.73321,1.00,1.00
2014.01.29 20:12:39.136,0.73291,0.7332,1.00,1.00
2014.01.29 20:12:39.860,0.73292,0.7332,1.00,1.50
2014.01.29 20:12:40.061,0.73292,0.73311,1.00,1.00
2014.01.29 20:12:40.501,0.73292,0.7332,1.00,1.00
2014.01.29 20:12:40.575,0.73292,0.73326,1.00,1.00
2014.01.29 20:12:41.068,0.73287,0.73326,1.00,1.00
2014.01.29 20:12:41.364,0.73287,0.73316,1.00,1.00
2014.01.29 20:12:42.060,0.73285,0.73316,1.00,1.00
2014.01.29 20:12:42.621,0.73284,0.73316,1.00,1.00
2014.01.29 20:12:42.828,0.73286,0.73316,1.00,1.00
2014.01.29 20:12:44.435,0.73286,0.7331,1.00,1.00
2014.01.29 20:12:44.809,0.73291,0.7331,1.00,1.00
2014.01.29 20:12:44.910,0.73291,0.73314,1.00,1.00
2014.01.29 20:12:45.316,0.73291,0.73319,1.00,1.00
2014.01.29 20:12:45.750,0.73299,0.73324,1.00,1.00
2014.01.29 20:12:45.856,0.73297,0.73324,1.00,1.00
2014.01.29 20:12:46.233,0.73291,0.73325,1.00,2.10
2014.01.29 20:12:46.334,0.73291,0.73324,1.00,1.00
2014.01.29 20:12:46.435,0.73295,0.73326,1.00,1.50
2014.01.29 20:12:46.749,0.73305,0.73334,1.00,1.50
2014.01.29 20:12:47.065,0.73291,0.73334,1.00,2.25
2014.01.29 20:12:47.116,0.73291,0.73328,1.00,2.10
2014.01.29 20:12:47.888,0.7329,0.73325,1.00,2.48
2014.01.29 20:12:49.716,0.73287,0.73323,1.00,1.60
2014.01.29 20:12:49.818,0.73287,0.73323,1.00,1.35
2014.01.29 20:12:50.617,0.73287,0.73318,1.00,1.35
2014.01.29 20:12:54.349,0.73286,0.73317,1.00,2.48
2014.01.29 20:12:54.833,0.73286,0.73315,1.00,2.48
2014.01.29 20:12:55.399,0.73286,0.73313,1.00,2.48
2014.01.29 20:12:55.449,0.73279,0.73313,1.00,2.48
2014.01.29 20:12:55.651,0.73276,0.73312,1.00,4.35
2014.01.29 20:12:55.866,0.73271,0.73309,1.00,1.60
2014.01.29 20:12:55.916,0.73269,0.73299,1.00,2.10
2014.01.29 20:12:56.168,0.73268,0.73299,1.00,1.13
2014.01.29 20:12:56.218,0.73276,0.73299,1.00,1.13
2014.01.29 20:12:56.758,0.73276,0.733,1.00,1.00
2014.01.29 20:12:56.859,0.73267,0.733,1.00,1.00
2014.01.29 20:12:56.909,0.73266,0.73295,1.13,2.10
2014.01.29 20:12:57.092,0.73259,0.73295,1.00,2.48
2014.01.29 20:12:57.193,0.73282,0.73295,1.00,1.00
2014.01.29 20:12:57.344,0.73282,0.73304,1.00,1.60
2014.01.29 20:12:57.445,0.73282,0.73306,1.00,1.20
2014.01.29 20:12:58.016,0.73282,0.73307,1.00,1.00
2014.01.29 20:12:58.182,0.73282,0.7331,1.00,1.23
2014.01.29 20:12:58.835,0.73282,0.73314,1.00,1.00
2014.01.29 20:12:58.936,0.73282,0.7331,1.00,1.00
2014.01.29 20:12:59.388,0.73261,0.7331,1.73,1.38
2014.01.29 20:12:59.439,0.73261,0.73302,1.38,1.00
2014.01.29 20:12:59.791,0.73267,0.73296,1.38,1.00
2014.01.29 20:12:59.892,0.73267,0.73304,1.00,1.00
2014.01.29 20:12:59.988,0.73267,0.73296,1.00,1.00
2014.01.29 20:13:00.623,0.73267,0.73295,1.00,1.50
2014.01.29 20:13:01.327,0.73267,0.73294,1.00,1.00
2014.01.29 20:13:01.635,0.73271,0.73294,1.00,1.00
2014.01.29 20:13:02.414,0.73271,0.73295,1.00,1.00
2014.01.29 20:13:04.069,0.73271,0.73295,1.60,1.00
2014.01.29 20:13:04.371,0.73285,0.73308,1.00,1.00
2014.01.29 20:13:04.623,0.73285,0.73313,1.00,1.00
2014.01.29 20:13:05.130,0.73285,0.73318,1.00,1.00
2014.01.29 20:13:05.347,0.7329,0.73318,1.00,1.00
2014.01.29 20:13:05.397,0.7329,0.7332,1.00,1.00
2014.01.29 20:13:05.927,0.7329,0.73321,1.00,1.00
2014.01.29 20:13:07.572,0.7329,0.73323,1.00,1.50
2014.01.29 20:13:08.785,0.7329,0.73318,1.00,1.00
2014.01.29 20:13:08.937,0.73275,0.73307,1.00,1.00
2014.01.29 20:13:09.088,0.73275,0.73296,1.00,1.00
2014.01.29 20:13:09.511,0.73281,0.73296,1.00,1.00
2014.01.29 20:13:09.762,0.73292,0.7331,1.00,1.13
2014.01.29 20:13:10.159,0.73284,0.7331,1.00,1.00
2014.01.29 20:13:10.328,0.73284,0.73308,1.00,1.00
2014.01.29 20:13:10.378,0.7327,0.73308,1.13,1.60
2014.01.29 20:13:11.061,0.73269,0.73307,1.00,2.10
2014.01.29 20:13:11.118,0.73292,0.73308,1.00,1.00
2014.01.29 20:13:11.702,0.73292,0.73309,1.00,1.00
2014.01.29 20:13:11.812,0.73292,0.73314,1.00,1.00
2014.01.29 20:13:11.913,0.733,0.73314,1.00,1.00
2014.01.29 20:13:12.128,0.73285,0.73314,1.00,1.35
2014.01.29 20:13:12.330,0.7328,0.73313,1.00,1.60
2014.01.29 20:13:12.481,0.73278,0.73311,1.00,1.60
2014.01.29 20:13:12.789,0.73278,0.73304,1.00,1.00
2014.01.29 20:13:13.092,0.73287,0.7331,1.00,1.00
2014.01.29 20:13:13.143,0.73282,0.7331,1.00,1.00
2014.01.29 20:13:13.193,0.73282,0.73307,1.00,1.00
2014.01.29 20:13:14.109,0.73282,0.73308,1.00,1.50
2014.01.29 20:13:14.438,0.73273,0.73308,1.00,2.10
2014.01.29 20:13:14.639,0.73277,0.73305,1.00,1.50
2014.01.29 20:13:16.475,0.73277,0.73304,1.00,1.50
2014.01.29 20:13:16.748,0.73273,0.73304,1.00,1.50
2014.01.29 20:13:16.972,0.73269,0.73305,1.00,1.50
2014.01.29 20:13:17.091,0.73269,0.73298,1.00,2.10
2014.01.29 20:13:17.673,0.73269,0.73304,1.00,1.50
2014.01.29 20:13:17.724,0.73277,0.73305,1.00,1.00
2014.01.29 20:13:18.594,0.73268,0.73305,1.00,1.00
2014.01.29 20:13:18.695,0.73268,0.73302,1.00,1.50
2014.01.29 20:13:19.280,0.73267,0.73302,1.00,1.50
2014.01.29 20:13:19.581,0.73266,0.73295,1.00,1.50
2014.01.29 20:13:19.937,0.73262,0.73296,1.00,1.00
2014.01.29 20:13:20.548,0.73262,0.73295,1.00,1.50
2014.01.29 20:13:21.077,0.73261,0.73295,1.00,1.50
2014.01.29 20:13:21.920,0.73256,0.73295,1.00,1.50
2014.01.29 20:13:22.149,0.7326,0.73295,1.00,1.50
2014.01.29 20:13:22.691,0.73261,0.73296,1.00,1.50
2014.01.29 20:13:24.428,0.73265,0.73296,1.00,1.50
2014.01.29 20:13:24.769,0.7327,0.73296,1.00,1.00
2014.01.29 20:13:25.158,0.7327,0.73293,1.00,1.50
2014.01.29 20:13:25.778,0.7327,0.73294,1.00,1.00
2014.01.29 20:13:27.178,0.73275,0.73299,1.00,1.88
2014.01.29 20:13:27.394,0.7327,0.73299,1.00,1.88
2014.01.29 20:13:27.495,0.7327,0.73295,1.00,1.00
2014.01.29 20:13:28.309,0.7327,0.73291,1.00,1.38
2014.01.29 20:13:28.411,0.73261,0.73291,1.00,1.38
2014.01.29 20:13:28.938,0.73256,0.73295,1.00,1.50
2014.01.29 20:13:29.038,0.73256,0.73288,1.00,1.50
2014.01.29 20:13:29.397,0.73261,0.73288,1.00,1.00
2014.01.29 20:13:29.928,0.73256,0.73288,1.50,1.00
2014.01.29 20:13:29.978,0.73256,0.73288,1.50,1.38
2014.01.29 20:13:30.296,0.73261,0.73289,1.00,1.13
2014.01.29 20:13:32.475,0.73265,0.73289,1.00,1.00
2014.01.29 20:13:33.361,0.73274,0.73289,1.00,1.00
2014.01.29 20:13:33.462,0.73272,0.73297,1.00,1.38
2014.01.29 20:13:33.513,0.73272,0.73297,1.00,1.00
2014.01.29 20:13:33.664,0.73272,0.73307,1.00,1.88
2014.01.29 20:13:33.714,0.73277,0.73305,1.00,1.00
2014.01.29 20:13:34.017,0.7328,0.73305,1.00,1.00
2014.01.29 20:13:34.342,0.73282,0.73305,1.00,1.00
2014.01.29 20:13:34.487,0.73285,0.73315,1.00,1.00
2014.01.29 20:13:34.654,0.73285,0.73319,1.00,1.00
2014.01.29 20:13:34.705,0.73281,0.73319,1.00,1.00
2014.01.29 20:13:34.755,0.73281,0.73315,1.00,1.00
2014.01.29 20:13:34.856,0.73281,0.73318,1.00,1.00
2014.01.29 20:13:35.668,0.73285,0.73319,1.00,1.00
2014.01.29 20:13:35.991,0.73288,0.73319,1.00,1.00
2014.01.29 20:13:36.042,0.73288,0.73323,1.00,1.00
2014.01.29 20:13:36.093,0.73295,0.73323,1.00,1.00
2014.01.29 20:13:36.442,0.73285,0.73323,1.00,1.00
2014.01.29 20:13:37.073,0.73285,0.73324,1.00,1.00
2014.01.29 20:13:38.082,0.73285,0.73324,1.00,1.38
2014.01.29 20:13:38.437,0.73281,0.73324,1.13,1.38
2014.01.29 20:13:38.697,0.73281,0.73319,1.00,1.00
2014.01.29 20:13:38.859,0.73276,0.73319,1.38,1.00
2014.01.29 20:13:39.088,0.73281,0.73318,1.00,1.00
2014.01.29 20:13:39.409,0.73278,0.73318,1.13,1.00
2014.01.29 20:13:39.607,0.7328,0.73318,1.00,1.00
2014.01.29 20:13:40.299,0.7328,0.73319,1.00,1.50
2014.01.29 20:13:40.648,0.73283,0.73319,1.00,1.00
2014.01.29 20:13:40.976,0.73287,0.73318,1.00,1.00
2014.01.29 20:13:41.298,0.73289,0.73319,1.00,1.88
2014.01.29 20:13:41.600,0.7329,0.73323,1.00,1.00
2014.01.29 20:13:41.650,0.7329,0.73318,1.00,1.00
2014.01.29 20:13:41.760,0.7329,0.73324,1.00,1.00
2014.01.29 20:13:42.658,0.7329,0.73325,1.60,1.00
2014.01.29 20:13:42.912,0.73294,0.73328,1.00,1.13
2014.01.29 20:13:43.013,0.73294,0.73325,1.00,1.00
2014.01.29 20:13:44.205,0.73294,0.73328,1.00,2.63
2014.01.29 20:13:44.420,0.73294,0.73323,1.00,1.00
2014.01.29 20:13:45.628,0.73294,0.73319,1.00,1.00
2014.01.29 20:13:45.930,0.73266,0.73303,1.83,2.10
2014.01.29 20:13:46.031,0.73267,0.73303,1.00,2.10
2014.01.29 20:13:46.379,0.73262,0.73301,1.88,1.60
2014.01.29 20:13:46.457,0.73262,0.73301,1.88,1.60
2014.01.29 20:13:47.076,0.73264,0.73299,1.38,1.60
2014.01.29 20:13:49.138,0.73264,0.73299,1.73,1.00
2014.01.29 20:13:49.189,0.73282,0.733,1.00,1.00
2014.01.29 20:13:49.239,0.73282,0.73303,1.00,1.00
2014.01.29 20:13:49.340,0.73283,0.73309,1.00,1.00
2014.01.29 20:13:49.572,0.73283,0.73303,1.00,1.00
2014.01.29 20:13:49.723,0.73286,0.73309,1.00,1.00
2014.01.29 20:13:49.874,0.73279,0.73309,1.00,1.00
2014.01.29 20:13:50.125,0.73279,0.73313,1.00,1.00
2014.01.29 20:13:51.287,0.73279,0.73308,1.00,1.00
2014.01.29 20:13:54.546,0.73279,0.73314,1.00,1.50
2014.01.29 20:13:54.597,0.73283,0.73314,1.00,1.00
2014.01.29 20:13:55.879,0.73283,0.73317,1.00,1.00
2014.01.29 20:13:55.998,0.73283,0.7332,1.00,1.00
2014.01.29 20:13:56.669,0.73283,0.73321,1.00,1.00
2014.01.29 20:13:56.820,0.7328,0.73321,1.00,1.00
2014.01.29 20:13:56.870,0.7328,0.73314,1.00,1.00
2014.01.29 20:13:57.194,0.73288,0.73319,1.00,1.00
2014.01.29 20:13:57.648,0.73293,0.73321,1.00,1.00
2014.01.29 20:13:58.275,0.73294,0.73321,1.00,1.00
2014.01.29 20:13:58.868,0.73287,0.73318,1.00,1.00
2014.01.29 20:13:59.609,0.73287,0.73322,1.00,1.13
2014.01.29 20:14:00.792,0.73286,0.73322,1.00,1.00
2014.01.29 20:14:00.893,0.73283,0.73321,1.00,1.00
2014.01.29 20:14:00.994,0.73289,0.73321,1.00,1.00
2014.01.29 20:14:01.070,0.73289,0.73323,1.00,1.00
2014.01.29 20:14:01.267,0.73287,0.73323,1.00,1.00
2014.01.29 20:14:01.846,0.73287,0.73324,1.00,1.88
2014.01.29 20:14:02.354,0.73287,0.73321,1.00,1.00
2014.01.29 20:14:02.656,0.73285,0.73317,1.00,1.00
2014.01.29 20:14:02.970,0.73285,0.73311,1.00,1.00
2014.01.29 20:14:03.072,0.73283,0.73311,1.00,1.00
2014.01.29 20:14:04.416,0.73283,0.73314,1.00,1.50
2014.01.29 20:14:05.685,0.73283,0.73315,1.00,1.00
2014.01.29 20:14:08.850,0.73283,0.73314,1.00,1.00
2014.01.29 20:14:10.168,0.73283,0.73313,1.00,1.00
2014.01.29 20:14:10.966,0.73283,0.73314,1.00,1.00
2014.01.29 20:14:11.204,0.73283,0.73312,1.00,1.00
2014.01.29 20:14:11.395,0.7328,0.73312,1.00,1.00
2014.01.29 20:14:12.157,0.7328,0.73308,1.00,1.00
2014.01.29 20:14:12.411,0.73275,0.73308,1.00,1.50
2014.01.29 20:14:13.374,0.7328,0.73308,1.00,1.00
2014.01.29 20:14:13.587,0.7328,0.73313,1.00,2.63
2014.01.29 20:14:13.721,0.73284,0.73313,1.00,1.88
2014.01.29 20:14:15.116,0.73284,0.73313,1.00,1.50
2014.01.29 20:14:15.267,0.73274,0.73313,1.00,1.75
2014.01.29 20:14:15.388,0.73283,0.73312,1.00,1.75
2014.01.29 20:14:15.526,0.73283,0.73312,1.00,1.38
2014.01.29 20:14:15.835,0.73283,0.73314,1.00,1.00
2014.01.29 20:14:18.357,0.73288,0.73314,1.00,1.00
2014.01.29 20:14:18.509,0.73291,0.73319,1.00,1.00
2014.01.29 20:14:18.560,0.73296,0.73319,1.00,1.00
2014.01.29 20:14:19.503,0.73296,0.73318,1.00,1.00
2014.01.29 20:14:19.654,0.73288,0.73314,1.00,1.00
2014.01.29 20:14:19.804,0.73284,0.73314,1.00,1.00
2014.01.29 20:14:19.984,0.73282,0.73315,1.13,1.00
2014.01.29 20:14:20.043,0.73282,0.73313,1.00,1.00
2014.01.29 20:14:20.771,0.73279,0.73312,1.00,1.00
2014.01.29 20:14:21.452,0.73279,0.73313,1.00,1.38
2014.01.29 20:14:21.682,0.73279,0.73314,1.00,1.47
2014.01.29 20:14:22.035,0.73279,0.73308,1.00,1.00
2014.01.29 20:14:22.451,0.73277,0.73309,1.00,1.00
2014.01.29 20:14:22.501,0.73277,0.73304,1.00,1.00
2014.01.29 20:14:22.552,0.73272,0.73304,1.00,1.00
2014.01.29 20:14:22.652,0.73272,0.73309,1.00,1.88
2014.01.29 20:14:22.703,0.73272,0.73304,1.00,1.00
2014.01.29 20:14:23.023,0.73272,0.73307,1.00,1.50
2014.01.29 20:14:23.495,0.7327,0.73306,1.00,1.00
2014.01.29 20:14:23.747,0.73273,0.73306,1.00,1.00
2014.01.29 20:14:24.326,0.73273,0.73303,1.00,1.00
2014.01.29 20:14:26.118,0.73273,0.73308,1.00,1.38
2014.01.29 20:14:26.315,0.7327,0.73308,1.00,1.38
2014.01.29 20:14:27.050,0.73272,0.7331,1.00,1.88
2014.01.29 20:14:27.736,0.73272,0.73299,1.00,1.00
2014.01.29 20:14:28.463,0.73275,0.73299,1.00,1.00
2014.01.29 20:14:28.778,0.73278,0.73304,1.00,1.00
2014.01.29 20:14:31.267,0.73278,0.73303,1.00,1.00
2014.01.29 20:14:32.090,0.73278,0.73304,1.00,1.00
2014.01.29 20:14:34.318,0.73281,0.73304,1.00,1.00
2014.01.29 20:14:34.980,0.7328,0.73303,1.00,1.00
2014.01.29 20:14:36.709,0.7328,0.73304,1.00,1.00
2014.01.29 20:14:38.639,0.73278,0.73304,1.00,1.00
2014.01.29 20:14:39.611,0.73275,0.73304,1.00,1.00
2014.01.29 20:14:39.662,0.73275,0.73304,1.00,1.60
2014.01.29 20:14:39.713,0.73269,0.73302,1.50,1.35
2014.01.29 20:14:40.313,0.73269,0.73303,1.00,1.00
2014.01.29 20:14:41.050,0.73271,0.73303,1.00,1.00
2014.01.29 20:14:43.967,0.73271,0.73298,1.00,1.00
2014.01.29 20:14:44.145,0.73269,0.73298,1.00,1.00
2014.01.29 20:14:44.246,0.73267,0.73298,1.00,1.00
2014.01.29 20:14:46.720,0.73267,0.73303,1.00,1.00
2014.01.29 20:14:47.533,0.73265,0.73303,1.00,1.00
2014.01.29 20:14:48.236,0.73265,0.73303,1.00,1.38
2014.01.29 20:14:48.350,0.73265,0.73299,1.00,1.00
2014.01.29 20:14:48.853,0.73262,0.73299,1.00,1.00
2014.01.29 20:14:49.388,0.73262,0.73289,1.00,2.10
2014.01.29 20:14:49.560,0.7326,0.73289,1.00,2.48
2014.01.29 20:14:49.762,0.73257,0.73288,1.50,1.35
2014.01.29 20:14:51.908,0.73257,0.73288,1.00,1.50
2014.01.29 20:14:52.059,0.73257,0.73287,1.00,1.00
2014.01.29 20:14:52.310,0.73257,0.7329,1.00,1.00
2014.01.29 20:14:52.411,0.73254,0.73291,1.00,1.00
2014.01.29 20:14:52.664,0.73257,0.7329,1.00,1.00
2014.01.29 20:14:53.008,0.73256,0.73284,1.00,1.00
2014.01.29 20:14:53.108,0.73254,0.73284,1.00,1.00
2014.01.29 20:14:53.209,0.7325,0.73283,1.50,1.00
2014.01.29 20:14:53.728,0.73243,0.73287,1.00,1.38
2014.01.29 20:14:54.029,0.73241,0.73275,1.00,1.20
2014.01.29 20:14:54.534,0.7324,0.73275,1.00,1.80
2014.01.29 20:14:54.585,0.73237,0.73275,1.00,1.80
2014.01.29 20:14:54.908,0.7324,0.73275,1.00,1.48
2014.01.29 20:14:54.959,0.73241,0.73275,1.00,1.58
2014.01.29 20:14:55.265,0.7324,0.73274,1.00,1.35
2014.01.29 20:14:56.917,0.73237,0.73271,1.00,1.35
2014.01.29 20:14:57.018,0.73231,0.73268,1.00,1.38
2014.01.29 20:14:57.357,0.73231,0.73264,1.00,2.10
2014.01.29 20:14:57.659,0.73225,0.73255,1.00,1.77
2014.01.29 20:14:57.759,0.73229,0.7327,1.00,1.75
2014.01.29 20:14:57.810,0.73229,0.73266,1.00,1.88
2014.01.29 20:14:57.860,0.73229,0.73266,1.00,2.48
2014.01.29 20:14:58.298,0.73227,0.73256,1.00,1.94
2014.01.29 20:14:58.449,0.7323,0.73273,1.00,1.24
2014.01.29 20:14:58.512,0.7323,0.73273,1.00,1.24
2014.01.29 20:14:58.677,0.73227,0.73264,1.00,1.28
2014.01.29 20:14:59.092,0.73227,0.73258,1.00,1.44
2014.01.29 20:14:59.193,0.73227,0.73259,1.00,1.35
2014.01.29 20:15:00.106,0.73231,0.73259,1.00,1.35
2014.01.29 20:15:00.207,0.73227,0.73255,1.00,1.38
2014.01.29 20:15:00.258,0.73227,0.73254,1.00,1.04
2014.01.29 20:15:00.358,0.7322,0.73254,1.00,1.42
2014.01.29 20:15:00.409,0.73217,0.73254,1.50,1.42
2014.01.29 20:15:00.710,0.73216,0.73255,1.00,1.50
2014.01.29 20:15:01.275,0.73217,0.73259,1.00,1.35
2014.01.29 20:15:01.477,0.73217,0.73258,1.00,1.76
2014.01.29 20:15:01.528,0.73214,0.73252,1.00,1.38
2014.01.29 20:15:02.277,0.73215,0.73252,1.00,1.50
2014.01.29 20:15:02.378,0.73215,0.73256,1.00,1.75
2014.01.29 20:15:02.565,0.73215,0.73252,1.00,1.38
2014.01.29 20:15:03.298,0.73215,0.73251,1.00,2.48
2014.01.29 20:15:05.047,0.73213,0.73251,1.00,2.48
2014.01.29 20:15:05.339,0.73216,0.73247,1.00,1.35
2014.01.29 20:15:05.491,0.73216,0.73253,1.00,1.38
2014.01.29 20:15:05.591,0.73216,0.73252,1.00,1.35
2014.01.29 20:15:06.102,0.73215,0.73249,1.00,1.38
2014.01.29 20:15:06.627,0.73215,0.73249,1.00,1.00
2014.01.29 20:15:07.473,0.73218,0.73251,1.00,1.73
2014.01.29 20:15:07.775,0.73223,0.73243,1.00,2.48
2014.01.29 20:15:07.876,0.73223,0.73249,1.00,1.99
2014.01.29 20:15:07.977,0.73223,0.73258,1.00,1.35
2014.01.29 20:15:08.085,0.73221,0.73246,1.00,1.00
2014.01.29 20:15:08.188,0.73221,0.73252,1.00,1.13
2014.01.29 20:15:08.239,0.73218,0.73252,1.00,1.13
2014.01.29 20:15:08.304,0.73218,0.73258,1.00,1.28
2014.01.29 20:15:08.521,0.73221,0.73258,1.00,1.05
2014.01.29 20:15:08.722,0.73221,0.73252,1.00,1.00
2014.01.29 20:15:09.030,0.73217,0.73249,1.00,1.35
2014.01.29 20:15:09.181,0.73219,0.7325,1.00,1.50
2014.01.29 20:15:09.232,0.73219,0.7325,1.00,1.13
2014.01.29 20:15:09.401,0.7322,0.73252,1.00,1.00
2014.01.29 20:15:09.453,0.73225,0.73252,1.00,1.00
2014.01.29 20:15:09.504,0.73225,0.73262,1.00,1.90
2014.01.29 20:15:09.605,0.73226,0.73262,1.00,1.58
2014.01.29 20:15:09.820,0.73226,0.73248,1.00,1.00
2014.01.29 20:15:10.021,0.73215,0.73248,1.00,1.00
2014.01.29 20:15:10.222,0.73213,0.73237,1.00,1.00
2014.01.29 20:15:10.292,0.73202,0.73237,1.00,1.00
2014.01.29 20:15:10.397,0.73206,0.73237,1.00,1.00
2014.01.29 20:15:10.617,0.73201,0.73237,1.00,1.00
2014.01.29 20:15:10.718,0.73204,0.73237,1.50,1.00
2014.01.29 20:15:10.768,0.73204,0.73243,1.50,1.00
2014.01.29 20:15:11.597,0.73206,0.73243,1.00,1.00
2014.01.29 20:15:11.849,0.73204,0.73243,1.00,1.00
2014.01.29 20:15:11.950,0.73207,0.73243,1.00,1.00
2014.01.29 20:15:12.251,0.73216,0.73246,1.00,1.00
2014.01.29 20:15:12.564,0.73178,0.7322,1.00,1.88
2014.01.29 20:15:12.766,0.73178,0.73217,1.00,1.00
2014.01.29 20:15:13.068,0.73178,0.73212,1.13,1.00
2014.01.29 20:15:13.629,0.73178,0.73215,1.13,1.00
2014.01.29 20:15:13.825,0.73178,0.7321,1.13,1.00
2014.01.29 20:15:14.274,0.73178,0.73213,1.00,1.00
2014.01.29 20:15:14.806,0.73178,0.73212,1.00,1.00
2014.01.29 20:15:16.044,0.73178,0.73214,1.13,1.00
2014.01.29 20:15:17.148,0.73178,0.73216,1.60,1.00
2014.01.29 20:15:17.546,0.7318,0.73215,1.00,1.00
2014.01.29 20:15:18.257,0.7318,0.73218,1.00,1.00
2014.01.29 20:15:19.277,0.73179,0.73218,1.00,1.00
2014.01.29 20:15:19.573,0.73179,0.73213,1.00,1.00
2014.01.29 20:15:19.898,0.73179,0.7321,1.00,1.00
2014.01.29 20:15:20.215,0.73168,0.73202,2.23,1.00
2014.01.29 20:15:20.266,0.73166,0.73202,1.38,1.00
2014.01.29 20:15:20.367,0.73166,0.73202,1.00,1.00
2014.01.29 20:15:20.469,0.73163,0.73202,1.00,1.00
2014.01.29 20:15:20.890,0.73163,0.73202,1.00,1.60
2014.01.29 20:15:21.136,0.73144,0.73187,2.33,1.00
2014.01.29 20:15:21.237,0.73144,0.73185,1.88,1.00
2014.01.29 20:15:21.542,0.73145,0.73181,1.00,1.00
2014.01.29 20:15:21.905,0.73149,0.73187,1.00,1.00
2014.01.29 20:15:22.106,0.73153,0.7319,1.00,1.00
2014.01.29 20:15:22.454,0.73156,0.73196,2.48,1.00
2014.01.29 20:15:23.757,0.73161,0.732,2.85,1.00
2014.01.29 20:15:25.075,0.73168,0.73203,1.50,1.00
2014.01.29 20:15:25.276,0.73168,0.73205,1.50,1.00
2014.01.29 20:15:25.537,0.73173,0.73205,1.50,1.00
2014.01.29 20:15:25.638,0.73173,0.73209,1.88,1.00
2014.01.29 20:15:25.738,0.73174,0.73202,1.50,1.38
2014.01.29 20:15:25.951,0.73161,0.73199,1.00,1.35
2014.01.29 20:15:26.052,0.73155,0.73194,1.00,1.13
2014.01.29 20:15:26.103,0.73155,0.73189,1.00,2.10
2014.01.29 20:15:26.404,0.73151,0.73176,1.13,1.38
2014.01.29 20:15:26.506,0.73151,0.73181,1.13,1.00
2014.01.29 20:15:26.556,0.73147,0.73181,1.60,1.38
2014.01.29 20:15:26.657,0.73145,0.73181,1.00,1.00
2014.01.29 20:15:27.562,0.73157,0.73181,1.00,1.00
2014.01.29 20:15:27.612,0.73157,0.73185,1.00,1.00
2014.01.29 20:15:27.713,0.73157,0.73187,1.00,1.00
2014.01.29 20:15:27.899,0.73153,0.73187,1.00,1.00
2014.01.29 20:15:28.250,0.73147,0.73182,1.38,1.00
2014.01.29 20:15:28.486,0.73147,0.73182,1.00,1.00
2014.01.29 20:15:29.135,0.73147,0.73177,1.00,1.00
2014.01.29 20:15:29.520,0.73147,0.73175,1.00,1.00
2014.01.29 20:15:30.038,0.73148,0.73171,1.00,1.00
2014.01.29 20:15:30.642,0.73147,0.7317,1.00,1.00
2014.01.29 20:15:30.692,0.73137,0.7317,1.60,1.00
2014.01.29 20:15:32.455,0.73137,0.73172,2.10,1.00
2014.01.29 20:15:33.429,0.73141,0.73185,1.60,1.00
2014.01.29 20:15:33.480,0.73141,0.73185,1.98,1.00
2014.01.29 20:15:33.531,0.73147,0.73187,1.50,1.00
2014.01.29 20:15:33.581,0.73147,0.73187,1.88,1.00
2014.01.29 20:15:34.165,0.73148,0.73187,2.25,1.00
2014.01.29 20:15:34.779,0.73152,0.73197,1.00,1.38
2014.01.29 20:15:34.931,0.73152,0.73197,1.00,1.38
2014.01.29 20:15:34.981,0.7315,0.73194,1.00,1.38
2014.01.29 20:15:35.082,0.73153,0.73193,1.00,1.00
2014.01.29 20:15:35.449,0.73157,0.73198,1.00,1.35
2014.01.29 20:15:35.552,0.73157,0.73203,1.13,1.00
2014.01.29 20:15:35.602,0.7316,0.73203,1.00,1.00
2014.01.29 20:15:35.653,0.73161,0.73207,1.00,1.00
2014.01.29 20:15:36.140,0.73161,0.73207,1.60,1.00
2014.01.29 20:15:36.190,0.73165,0.73209,1.35,1.00
2014.01.29 20:15:36.396,0.73174,0.73214,1.00,1.88
2014.01.29 20:15:36.447,0.73174,0.73218,2.25,1.43
2014.01.29 20:15:36.498,0.73178,0.73218,1.38,1.00
2014.01.29 20:15:36.598,0.73175,0.73214,1.00,1.00
2014.01.29 20:15:36.649,0.73177,0.73214,1.00,1.00
2014.01.29 20:15:36.851,0.73179,0.73224,1.00,1.00
2014.01.29 20:15:36.952,0.73179,0.73218,1.00,1.00
2014.01.29 20:15:37.204,0.73175,0.73218,1.00,1.00
2014.01.29 20:15:37.305,0.73183,0.73218,1.00,1.00
2014.01.29 20:15:37.405,0.73183,0.73223,1.00,1.00
2014.01.29 20:15:37.613,0.73181,0.73213,1.38,1.00
2014.01.29 20:15:37.714,0.73183,0.73219,1.50,1.00
2014.01.29 20:15:37.765,0.73179,0.73219,1.00,1.00
2014.01.29 20:15:38.397,0.73179,0.73223,1.00,1.00
2014.01.29 20:15:38.818,0.7318,0.73223,2.10,1.00
2014.01.29 20:15:39.350,0.7318,0.73219,2.10,1.00
2014.01.29 20:15:39.400,0.73178,0.73219,1.38,1.00
2014.01.29 20:15:39.501,0.73178,0.73224,1.13,1.00
2014.01.29 20:15:40.049,0.73179,0.73225,1.35,1.38
2014.01.29 20:15:40.216,0.73179,0.73225,1.35,1.00
2014.01.29 20:15:40.806,0.73184,0.73228,2.10,1.00
2014.01.29 20:15:44.077,0.73187,0.73229,1.60,1.00
2014.01.29 20:15:44.128,0.73187,0.73229,1.00,1.00
2014.01.29 20:15:44.348,0.73196,0.73229,1.00,1.00
2014.01.29 20:15:44.956,0.73195,0.73229,1.00,1.00
2014.01.29 20:15:45.415,0.73192,0.73224,1.00,1.00
2014.01.29 20:15:45.646,0.7319,0.73224,1.00,1.00
2014.01.29 20:15:46.168,0.7319,0.73218,1.00,1.00
2014.01.29 20:15:46.856,0.73192,0.73218,1.00,1.00
2014.01.29 20:15:46.957,0.73189,0.73218,1.00,1.00
2014.01.29 20:15:48.255,0.73189,0.73219,1.00,1.00
2014.01.29 20:15:48.407,0.73189,0.73224,1.00,1.00
2014.01.29 20:15:49.077,0.73189,0.73219,1.00,1.00
2014.01.29 20:15:49.501,0.73187,0.73219,1.00,1.00
2014.01.29 20:15:49.602,0.73193,0.73219,1.00,1.00
2014.01.29 20:15:49.878,0.73193,0.73224,1.00,1.00
2014.01.29 20:15:50.044,0.73198,0.73224,1.00,1.00
2014.01.29 20:15:50.197,0.73191,0.73223,1.00,1.00
2014.01.29 20:15:50.850,0.7319,0.73223,1.00,1.50
2014.01.29 20:15:51.193,0.73192,0.73224,1.00,1.00
2014.01.29 20:15:51.244,0.73192,0.73227,1.00,1.00
2014.01.29 20:15:51.295,0.73194,0.73227,1.00,1.00
2014.01.29 20:15:52.031,0.73197,0.73227,1.00,1.00
2014.01.29 20:15:53.014,0.732,0.73227,1.00,1.00
2014.01.29 20:15:53.338,0.73206,0.73227,1.00,1.00
2014.01.29 20:15:53.626,0.73206,0.73233,1.00,1.00
2014.01.29 20:15:53.677,0.73209,0.73233,1.00,1.00
2014.01.29 20:15:53.828,0.73206,0.73233,1.00,1.00
2014.01.29 20:15:53.928,0.732,0.73233,1.00,1.00
2014.01.29 20:15:54.029,0.73203,0.73233,1.00,1.00
2014.01.29 20:15:54.507,0.73205,0.73233,1.00,1.00
2014.01.29 20:15:54.828,0.73208,0.73233,1.00,1.00
2014.01.29 20:15:55.224,0.73211,0.73233,1.00,1.00
2014.01.29 20:15:55.327,0.73207,0.73233,1.00,1.00
2014.01.29 20:15:58.230,0.73212,0.73233,1.00,1.00
2014.01.29 20:15:58.547,0.73214,0.73233,1.00,1.00
2014.01.29 20:15:58.598,0.73214,0.73238,1.00,1.00
2014.01.29 20:15:58.995,0.73214,0.73243,1.00,1.00
2014.01.29 20:16:00.199,0.73208,0.73243,1.00,1.00
2014.01.29 20:16:02.077,0.73208,0.73247,1.00,1.00
2014.01.29 20:16:02.825,0.73208,0.73251,1.00,1.38
2014.01.29 20:16:02.926,0.73219,0.73253,1.00,1.00
2014.01.29 20:16:04.055,0.73219,0.73259,1.00,2.25
2014.01.29 20:16:04.256,0.73222,0.73259,1.00,1.00
2014.01.29 20:16:04.458,0.73222,0.73258,1.00,1.38
2014.01.29 20:16:04.808,0.73216,0.73258,1.00,1.38
2014.01.29 20:16:04.858,0.73216,0.73258,1.00,1.75
2014.01.29 20:16:05.197,0.73218,0.73256,1.00,1.38
2014.01.29 20:16:05.685,0.73222,0.73249,1.00,1.00
2014.01.29 20:16:06.004,0.73219,0.73249,1.00,1.38
2014.01.29 20:16:06.105,0.73219,0.73244,1.00,1.00
2014.01.29 20:16:06.206,0.73219,0.73248,1.00,1.38
2014.01.29 20:16:06.626,0.73219,0.73244,1.00,1.00
2014.01.29 20:16:07.290,0.73219,0.73243,1.00,1.00
2014.01.29 20:16:08.056,0.73219,0.73249,1.00,1.00
2014.01.29 20:16:08.565,0.73219,0.73249,1.00,1.38
2014.01.29 20:16:08.867,0.73222,0.73249,1.00,1.00
2014.01.29 20:16:09.177,0.73222,0.73253,1.00,1.00
2014.01.29 20:16:09.227,0.73222,0.73253,1.00,1.38
2014.01.29 20:16:10.709,0.73222,0.73253,1.00,1.75
2014.01.29 20:16:12.214,0.73222,0.73248,1.00,1.00
2014.01.29 20:16:12.595,0.73225,0.73248,1.00,1.00
2014.01.29 20:16:12.946,0.73225,0.73253,1.00,1.00
2014.01.29 20:16:13.129,0.73225,0.73258,1.00,2.10
2014.01.29 20:16:13.474,0.73227,0.73259,1.00,2.48
2014.01.29 20:16:13.792,0.73227,0.73263,1.00,2.40
2014.01.29 20:16:14.567,0.73227,0.73263,1.00,1.00
2014.01.29 20:16:14.677,0.73227,0.73258,1.00,1.00
2014.01.29 20:16:14.829,0.73225,0.73258,1.00,1.00
2014.01.29 20:16:15.190,0.73225,0.73258,1.00,3.98
2014.01.29 20:16:15.291,0.73215,0.73258,1.00,3.98
2014.01.29 20:16:15.392,0.73215,0.73246,1.00,1.00
2014.01.29 20:16:15.616,0.732,0.73247,1.38,1.30
2014.01.29 20:16:15.669,0.73208,0.73248,1.00,1.73
2014.01.29 20:16:15.773,0.73196,0.73243,1.00,1.00
2014.01.29 20:16:15.904,0.732,0.73243,1.00,1.00
2014.01.29 20:16:16.378,0.73206,0.73242,1.00,1.00
2014.01.29 20:16:16.494,0.73198,0.73242,1.00,1.50
2014.01.29 20:16:17.258,0.73194,0.73235,1.50,1.00
2014.01.29 20:16:17.411,0.73192,0.73235,1.00,1.00
2014.01.29 20:16:17.461,0.73192,0.73231,1.00,1.00
2014.01.29 20:16:17.805,0.73186,0.73231,1.50,1.00
2014.01.29 20:16:17.883,0.73186,0.73229,1.50,1.00
2014.01.29 20:16:20.635,0.73186,0.73227,1.00,1.00
2014.01.29 20:16:21.000,0.73187,0.73219,1.00,1.00
2014.01.29 20:16:21.206,0.73177,0.73219,1.13,1.00
2014.01.29 20:16:21.307,0.73179,0.73219,1.00,1.00
2014.01.29 20:16:22.064,0.73178,0.73221,1.00,1.00
2014.01.29 20:16:22.834,0.73182,0.73227,1.00,1.00
2014.01.29 20:16:22.985,0.73178,0.73229,1.88,1.50
2014.01.29 20:16:23.036,0.73182,0.73229,1.00,1.00
2014.01.29 20:16:23.086,0.73182,0.73231,1.00,1.00
2014.01.29 20:16:23.187,0.73182,0.73233,1.00,1.30
2014.01.29 20:16:23.238,0.73176,0.73225,2.25,1.00
2014.01.29 20:16:23.339,0.73183,0.73234,1.00,1.50
2014.01.29 20:16:23.617,0.73183,0.7323,1.00,1.00
2014.01.29 20:16:24.176,0.73184,0.73233,1.00,1.50
2014.01.29 20:16:24.875,0.73186,0.73233,1.00,1.00
2014.01.29 20:16:25.026,0.73186,0.73236,1.00,1.30
2014.01.29 20:16:26.821,0.73197,0.73236,1.00,1.00
2014.01.29 20:16:26.972,0.73197,0.73239,1.00,1.00
2014.01.29 20:16:27.023,0.73202,0.73239,1.00,1.00
2014.01.29 20:16:27.073,0.73202,0.73246,1.00,1.60
2014.01.29 20:16:27.315,0.73206,0.73246,1.00,1.00
2014.01.29 20:16:27.595,0.73206,0.73248,1.00,1.00
2014.01.29 20:16:28.114,0.73207,0.73248,1.00,1.00
2014.01.29 20:16:29.223,0.73204,0.73248,1.00,1.00
2014.01.29 20:16:30.451,0.73203,0.73248,1.50,1.00
2014.01.29 20:16:30.502,0.73203,0.73245,1.50,1.00
2014.01.29 20:16:30.764,0.73207,0.73251,1.00,1.00
2014.01.29 20:16:31.276,0.73202,0.73237,1.00,1.50
2014.01.29 20:16:31.377,0.73193,0.73233,1.00,1.00
2014.01.29 20:16:31.478,0.73188,0.73228,1.13,1.00
2014.01.29 20:16:31.798,0.73192,0.73228,1.00,1.00
2014.01.29 20:16:31.849,0.73189,0.73228,1.00,1.00
2014.01.29 20:16:31.950,0.73179,0.73228,1.00,1.00
2014.01.29 20:16:32.051,0.73182,0.73232,1.00,1.38
2014.01.29 20:16:32.603,0.73182,0.73226,1.00,1.00
2014.01.29 20:16:32.765,0.7318,0.73226,1.00,1.00
2014.01.29 20:16:32.816,0.73179,0.73222,1.00,1.00
2014.01.29 20:16:32.917,0.7318,0.73224,1.00,1.00
2014.01.29 20:16:33.966,0.73183,0.73224,1.00,1.00
2014.01.29 20:16:34.163,0.73178,0.73229,1.00,1.00
2014.01.29 20:16:34.263,0.73183,0.73231,1.00,1.00
2014.01.29 20:16:34.566,0.73184,0.73228,1.00,1.00
2014.01.29 20:16:34.717,0.7318,0.73231,1.00,1.00
2014.01.29 20:16:34.806,0.73182,0.73231,1.00,1.00
2014.01.29 20:16:34.907,0.73184,0.73235,1.00,1.00
2014.01.29 20:16:35.007,0.73188,0.73239,1.00,1.95
2014.01.29 20:16:35.259,0.73185,0.73236,1.00,1.00
2014.01.29 20:16:38.406,0.73186,0.73236,1.00,1.00
2014.01.29 20:16:39.359,0.73187,0.73236,1.00,1.00
2014.01.29 20:16:39.576,0.73185,0.73236,1.00,1.00
2014.01.29 20:16:40.388,0.73183,0.73232,1.50,1.00
2014.01.29 20:16:40.785,0.73181,0.73222,1.00,1.00
2014.01.29 20:16:41.065,0.73181,0.73225,1.50,1.00
2014.01.29 20:16:41.116,0.73183,0.73225,1.00,1.00
2014.01.29 20:16:41.409,0.73183,0.73233,1.00,1.20
2014.01.29 20:16:41.716,0.73181,0.7323,1.50,1.00
2014.01.29 20:16:42.031,0.73181,0.73227,1.00,1.00
2014.01.29 20:16:42.434,0.73186,0.73227,1.00,1.00
2014.01.29 20:16:42.535,0.73186,0.7323,1.00,1.00
2014.01.29 20:16:42.823,0.73187,0.73228,1.00,1.00
2014.01.29 20:16:43.188,0.73186,0.73234,1.00,1.38
2014.01.29 20:16:43.239,0.73186,0.73234,1.00,1.00
2014.01.29 20:16:43.405,0.73186,0.73236,1.00,1.43
2014.01.29 20:16:43.914,0.73187,0.73236,1.00,1.80
2014.01.29 20:16:44.405,0.73188,0.73232,1.00,1.00
2014.01.29 20:16:44.827,0.73192,0.73232,1.00,1.00
2014.01.29 20:16:45.134,0.73194,0.73232,1.00,1.00
2014.01.29 20:16:45.286,0.73194,0.73237,1.00,1.00
2014.01.29 20:16:47.056,0.73195,0.73237,1.00,1.00
2014.01.29 20:16:48.605,0.73194,0.73237,1.00,1.00
2014.01.29 20:16:49.436,0.73196,0.7324,1.00,1.00
2014.01.29 20:16:50.074,0.73197,0.7324,1.50,1.00
2014.01.29 20:16:50.578,0.73198,0.7324,1.50,1.00
2014.01.29 20:16:51.087,0.73197,0.7324,1.00,1.00
2014.01.29 20:16:51.716,0.73198,0.7324,1.00,1.00
2014.01.29 20:16:51.967,0.73196,0.7324,1.50,1.00
2014.01.29 20:16:52.174,0.73199,0.73243,1.00,1.00
2014.01.29 20:16:52.833,0.73212,0.73248,1.00,1.05
2014.01.29 20:16:53.154,0.73219,0.73249,1.00,1.00
2014.01.29 20:16:53.204,0.73216,0.73249,1.00,1.00
2014.01.29 20:16:53.432,0.73216,0.73254,1.00,1.00
2014.01.29 20:16:53.618,0.73216,0.73249,1.00,1.00
2014.01.29 20:16:54.193,0.73216,0.73254,1.00,1.00
2014.01.29 20:16:54.386,0.7322,0.73254,1.00,1.00
2014.01.29 20:16:55.251,0.73223,0.73254,1.00,1.00
2014.01.29 20:16:55.596,0.73223,0.73259,1.00,1.73
2014.01.29 20:16:55.696,0.73226,0.73259,1.00,1.00
2014.01.29 20:16:55.815,0.73226,0.73263,1.00,1.00
2014.01.29 20:16:55.865,0.73226,0.73263,1.00,1.60
2014.01.29 20:16:56.505,0.73227,0.73263,1.00,3.23
2014.01.29 20:16:56.858,0.73227,0.73263,1.00,1.88
2014.01.29 20:16:56.909,0.7323,0.73263,1.00,1.88
2014.01.29 20:16:56.959,0.7323,0.73263,1.00,2.25
2014.01.29 20:16:57.060,0.73232,0.73263,1.00,1.00
2014.01.29 20:16:57.161,0.73232,0.73266,1.00,1.00
2014.01.29 20:16:58.207,0.73232,0.73267,1.00,1.38
2014.01.29 20:16:58.555,0.7323,0.73267,1.00,1.38
2014.01.29 20:16:59.337,0.7323,0.73258,1.00,1.00
2014.01.29 20:17:00.218,0.7323,0.73264,1.00,1.00
2014.01.29 20:17:00.677,0.73233,0.73264,1.00,1.00
2014.01.29 20:17:02.537,0.7323,0.73267,1.00,1.38
2014.01.29 20:17:02.957,0.73233,0.73267,1.00,1.38
2014.01.29 20:17:03.395,0.73229,0.73267,1.00,1.38
2014.01.29 20:17:04.093,0.73229,0.73263,1.00,1.00
2014.01.29 20:17:04.838,0.73229,0.73267,1.00,1.75
2014.01.29 20:17:05.819,0.73229,0.73263,1.00,1.00
2014.01.29 20:17:07.755,0.73229,0.73264,1.00,1.00
2014.01.29 20:17:07.856,0.73234,0.73264,1.00,1.00
2014.01.29 20:17:08.176,0.7324,0.73276,1.00,1.88
2014.01.29 20:17:08.349,0.7324,0.7327,1.00,1.00
2014.01.29 20:17:08.525,0.7324,0.73274,1.00,2.48
2014.01.29 20:17:09.552,0.7324,0.73274,1.00,1.73
2014.01.29 20:17:09.603,0.73237,0.73273,1.00,1.98
2014.01.29 20:17:09.703,0.73239,0.73274,1.00,1.00
2014.01.29 20:17:09.905,0.73241,0.73278,1.00,1.00
2014.01.29 20:17:10.010,0.73237,0.73279,1.00,1.00
2014.01.29 20:17:10.369,0.73234,0.73278,1.00,1.00
2014.01.29 20:17:10.555,0.73236,0.73278,1.00,1.00
2014.01.29 20:17:10.869,0.73239,0.73279,1.00,1.50
2014.01.29 20:17:11.685,0.73237,0.73279,1.00,1.00
2014.01.29 20:17:11.786,0.73231,0.73279,1.00,1.00
2014.01.29 20:17:11.838,0.73227,0.7327,1.00,1.00
2014.01.29 20:17:12.166,0.73223,0.73267,1.38,1.60
2014.01.29 20:17:12.473,0.73225,0.7327,1.00,1.00
2014.01.29 20:17:12.574,0.73231,0.7327,1.00,1.00
2014.01.29 20:17:12.675,0.73232,0.73274,1.00,1.00
2014.01.29 20:17:12.926,0.73232,0.73278,1.00,1.00
2014.01.29 20:17:13.560,0.73233,0.73273,1.00,1.00
2014.01.29 20:17:13.906,0.7323,0.73274,1.00,1.50
2014.01.29 20:17:14.107,0.73234,0.73274,1.00,1.00
2014.01.29 20:17:14.415,0.73239,0.73279,1.00,1.00
2014.01.29 20:17:15.154,0.7324,0.73279,1.00,1.00
2014.01.29 20:17:15.446,0.7324,0.73284,1.00,1.00
2014.01.29 20:17:16.056,0.7324,0.73284,2.10,1.00
2014.01.29 20:17:16.207,0.73243,0.73283,1.00,1.00
2014.01.29 20:17:16.509,0.73243,0.73283,1.88,1.00
2014.01.29 20:17:17.075,0.73244,0.73288,1.38,1.38
2014.01.29 20:17:17.888,0.73244,0.73288,1.98,1.38
2014.01.29 20:17:18.089,0.73252,0.73296,1.00,1.38
2014.01.29 20:17:18.190,0.73249,0.73295,1.00,1.38
2014.01.29 20:17:18.306,0.7325,0.73295,1.00,1.75
2014.01.29 20:17:18.940,0.73249,0.73293,2.85,1.38
2014.01.29 20:17:18.990,0.73249,0.73293,2.85,1.00
2014.01.29 20:17:19.933,0.73253,0.73293,1.00,1.00
2014.01.29 20:17:20.855,0.73253,0.73288,1.00,1.00
2014.01.29 20:17:20.956,0.7325,0.73288,1.00,1.00
2014.01.29 20:17:22.615,0.7325,0.73284,1.35,1.00
2014.01.29 20:17:24.650,0.7325,0.73288,2.10,1.00
2014.01.29 20:17:24.930,0.73252,0.73288,1.00,1.00
2014.01.29 20:17:24.981,0.73252,0.73294,1.00,1.00
2014.01.29 20:17:25.778,0.73255,0.73294,1.00,1.00
2014.01.29 20:17:26.563,0.73255,0.73293,1.50,1.00
2014.01.29 20:17:26.876,0.73257,0.73293,1.00,1.00
2014.01.29 20:17:27.854,0.73257,0.73288,1.60,1.00
2014.01.29 20:17:29.374,0.73257,0.73293,1.60,1.00
2014.01.29 20:17:32.326,0.73258,0.73294,1.60,1.00
2014.01.29 20:17:33.344,0.73258,0.73288,1.60,1.00
2014.01.29 20:17:34.085,0.73258,0.73289,1.60,1.00
2014.01.29 20:17:34.135,0.73257,0.73289,1.00,1.00
2014.01.29 20:17:34.236,0.73257,0.73287,1.00,1.00
2014.01.29 20:17:35.719,0.73257,0.73284,1.00,1.00
2014.01.29 20:17:36.264,0.73258,0.73285,1.00,1.00
2014.01.29 20:17:38.503,0.73258,0.73287,1.50,1.00
2014.01.29 20:17:38.555,0.7326,0.73287,1.00,1.00
2014.01.29 20:17:38.706,0.7326,0.73289,1.00,1.00
2014.01.29 20:17:39.294,0.73258,0.73289,2.25,1.00
2014.01.29 20:17:39.469,0.73258,0.73287,1.50,1.00
2014.01.29 20:17:40.879,0.73259,0.73287,1.00,1.00
2014.01.29 20:17:43.753,0.73259,0.73284,1.00,1.00
2014.01.29 20:17:48.594,0.73259,0.73283,1.00,1.00
2014.01.29 20:17:49.189,0.73259,0.73284,1.00,1.00
2014.01.29 20:17:49.732,0.73258,0.73284,1.00,1.50
2014.01.29 20:17:50.254,0.73258,0.73282,1.00,1.00
2014.01.29 20:17:51.074,0.73258,0.7328,1.00,1.00
2014.01.29 20:17:51.376,0.73258,0.73278,1.00,1.00
2014.01.29 20:17:52.075,0.73259,0.73278,1.00,1.00
2014.01.29 20:17:53.314,0.73258,0.73278,1.00,1.00
2014.01.29 20:17:53.404,0.73258,0.73281,1.00,1.00
2014.01.29 20:17:53.844,0.73258,0.73279,1.00,1.00
2014.01.29 20:17:53.956,0.73258,0.73281,1.00,1.00
2014.01.29 20:17:55.100,0.73258,0.73279,1.00,1.00
2014.01.29 20:17:55.455,0.73247,0.73279,1.00,1.00
2014.01.29 20:17:55.505,0.73247,0.73276,1.00,1.00
2014.01.29 20:17:55.606,0.73243,0.73276,1.00,1.00
2014.01.29 20:17:55.707,0.73243,0.73273,1.00,1.00
2014.01.29 20:17:56.012,0.73244,0.73275,2.10,1.00
2014.01.29 20:17:56.167,0.73242,0.7327,1.88,1.00
2014.01.29 20:17:56.469,0.73241,0.73276,1.00,1.00
2014.01.29 20:17:56.570,0.73244,0.73276,1.00,1.00
2014.01.29 20:17:56.888,0.73244,0.73272,1.00,1.00
2014.01.29 20:17:57.190,0.73244,0.73268,1.00,1.00
2014.01.29 20:17:57.240,0.73239,0.73268,1.50,1.00
2014.01.29 20:17:57.391,0.73234,0.73266,2.25,1.00
2014.01.29 20:17:57.803,0.73237,0.73266,1.00,1.00
2014.01.29 20:17:57.904,0.73237,0.7327,1.00,1.00
2014.01.29 20:17:58.005,0.73239,0.7327,1.00,1.00
2014.01.29 20:17:58.795,0.73239,0.73271,1.00,1.00
2014.01.29 20:17:59.098,0.73242,0.73271,1.00,1.00
2014.01.29 20:17:59.543,0.73242,0.73266,1.00,1.00
2014.01.29 20:17:59.795,0.73236,0.73266,1.50,1.00
2014.01.29 20:17:59.946,0.73236,0.73266,2.10,1.00
2014.01.29 20:18:00.271,0.73242,0.73269,1.50,1.00
2014.01.29 20:18:00.896,0.73247,0.73275,2.10,1.00
2014.01.29 20:18:01.234,0.73242,0.73274,3.23,1.00
2014.01.29 20:18:01.435,0.73242,0.73272,3.23,1.00
2014.01.29 20:18:01.683,0.73242,0.73272,1.00,1.00
2014.01.29 20:18:01.784,0.73242,0.73269,1.00,1.00
2014.01.29 20:18:02.293,0.73244,0.73269,1.00,1.00
2014.01.29 20:18:02.444,0.7325,0.73279,1.00,1.00
2014.01.29 20:18:03.306,0.7325,0.73278,1.00,1.00
2014.01.29 20:18:03.415,0.7325,0.7328,1.00,1.00
2014.01.29 20:18:03.516,0.73256,0.7328,1.00,1.00
2014.01.29 20:18:03.970,0.73256,0.73284,1.50,1.00
2014.01.29 20:18:04.071,0.73259,0.73284,1.00,1.00
2014.01.29 20:18:04.273,0.73259,0.73287,1.00,1.00
2014.01.29 20:18:06.267,0.73256,0.73287,1.00,1.00
2014.01.29 20:18:07.487,0.73253,0.73285,1.00,1.00
2014.01.29 20:18:07.538,0.73255,0.73285,1.00,1.00
2014.01.29 20:18:07.592,0.73253,0.73285,1.00,1.00
2014.01.29 20:18:08.099,0.73253,0.73286,1.00,1.00
2014.01.29 20:18:09.506,0.73252,0.73285,1.00,1.00
2014.01.29 20:18:11.092,0.73249,0.73285,1.00,1.00
2014.01.29 20:18:11.143,0.73245,0.73285,1.38,1.00
2014.01.29 20:18:11.243,0.73243,0.73284,1.13,1.00
2014.01.29 20:18:11.294,0.73243,0.73284,1.00,1.88
2014.01.29 20:18:11.445,0.73226,0.73273,1.00,1.38
2014.01.29 20:18:11.548,0.73224,0.73266,1.00,1.00
2014.01.29 20:18:11.879,0.73234,0.73274,2.10,1.00
2014.01.29 20:18:11.982,0.7323,0.73279,2.10,1.38
2014.01.29 20:18:12.084,0.73222,0.73276,1.98,1.00
2014.01.29 20:18:12.187,0.73222,0.73279,1.98,1.75
2014.01.29 20:18:12.508,0.73222,0.73273,1.60,1.75
2014.01.29 20:18:13.012,0.73225,0.73269,1.00,1.38
2014.01.29 20:18:15.724,0.73222,0.73266,1.60,1.13
2014.01.29 20:18:16.043,0.73218,0.73264,1.60,1.38
2014.01.29 20:18:16.425,0.73217,0.73261,1.73,1.13
2014.01.29 20:18:16.475,0.73217,0.73261,1.73,1.50
2014.01.29 20:18:16.777,0.73217,0.73257,1.73,1.38
2014.01.29 20:18:17.085,0.73211,0.7325,1.60,1.38
2014.01.29 20:18:17.423,0.73211,0.73247,1.00,1.75
2014.01.29 20:18:17.993,0.73211,0.73241,1.00,1.38
2014.01.29 20:18:18.817,0.73195,0.73239,1.00,1.38
2014.01.29 20:18:18.918,0.73192,0.73234,1.00,1.00
2014.01.29 20:18:19.223,0.73192,0.73234,1.00,1.75
2014.01.29 20:18:19.575,0.73192,0.73229,1.00,1.75
2014.01.29 20:18:20.014,0.73192,0.73223,1.00,1.38
2014.01.29 20:18:20.172,0.73187,0.7322,1.00,1.38
2014.01.29 20:18:20.562,0.73187,0.73217,1.00,1.00
2014.01.29 20:18:20.756,0.73192,0.73223,1.00,1.00
2014.01.29 20:18:20.807,0.73198,0.73223,1.00,1.00
2014.01.29 20:18:20.908,0.73202,0.73237,1.00,1.38
2014.01.29 20:18:21.008,0.73203,0.73244,1.00,1.50
2014.01.29 20:18:21.210,0.73203,0.73236,1.00,1.00
2014.01.29 20:18:21.260,0.73196,0.73236,1.00,1.13
2014.01.29 20:18:21.311,0.73196,0.73233,1.00,1.00
2014.01.29 20:18:21.673,0.73196,0.7323,1.00,1.38
2014.01.29 20:18:22.178,0.73196,0.7323,1.00,1.38
2014.01.29 20:18:22.279,0.73196,0.7323,1.00,1.38
2014.01.29 20:18:23.091,0.73196,0.73228,1.00,1.00
2014.01.29 20:18:23.242,0.73196,0.73233,1.00,2.22
2014.01.29 20:18:23.444,0.73191,0.73228,1.00,2.10
2014.01.29 20:18:23.595,0.73191,0.73228,1.00,2.10
2014.01.29 20:18:23.696,0.73187,0.73229,1.00,1.85
2014.01.29 20:18:23.851,0.73187,0.73225,1.00,1.50
2014.01.29 20:18:23.901,0.73192,0.73222,1.00,1.50
2014.01.29 20:18:24.002,0.73186,0.73222,1.00,1.50
2014.01.29 20:18:24.532,0.73188,0.73222,1.00,1.38
2014.01.29 20:18:24.863,0.73186,0.73222,1.00,1.00
2014.01.29 20:18:24.914,0.73185,0.73218,1.00,1.00
2014.01.29 20:18:25.302,0.73187,0.73218,1.00,1.38
2014.01.29 20:18:26.844,0.73187,0.7321,1.00,1.00
2014.01.29 20:18:27.296,0.73187,0.73223,1.00,1.75
2014.01.29 20:18:27.497,0.73187,0.73229,1.00,1.75
2014.01.29 20:18:27.548,0.73188,0.73226,1.00,1.50
2014.01.29 20:18:27.723,0.73192,0.73225,1.00,1.13
2014.01.29 20:18:27.774,0.73192,0.73233,1.00,1.38
2014.01.29 20:18:27.875,0.73197,0.73233,1.00,1.38
2014.01.29 20:18:28.383,0.73195,0.73235,1.00,1.50
2014.01.29 20:18:28.649,0.73193,0.73235,1.00,1.50
2014.01.29 20:18:28.749,0.73193,0.73234,1.00,1.38
2014.01.29 20:18:29.159,0.73188,0.73231,1.00,1.38
2014.01.29 20:18:33.159,0.7319,0.73227,1.00,1.38
2014.01.29 20:18:33.260,0.7319,0.73225,1.00,1.00
2014.01.29 20:18:33.315,0.7319,0.7323,1.00,1.38
2014.01.29 20:18:33.366,0.73196,0.7323,1.00,1.38
2014.01.29 20:18:34.384,0.73196,0.73233,1.00,1.38
2014.01.29 20:18:34.434,0.73199,0.73233,1.00,1.38
2014.01.29 20:18:34.485,0.73199,0.73235,1.00,1.38
2014.01.29 20:18:34.755,0.73195,0.73231,1.00,1.00
2014.01.29 20:18:34.986,0.73198,0.73231,1.00,1.00
2014.01.29 20:18:35.314,0.73203,0.73231,1.00,1.00
2014.01.29 20:18:35.422,0.73201,0.73231,1.00,1.00
2014.01.29 20:18:35.813,0.73197,0.73232,1.00,1.00
2014.01.29 20:18:36.353,0.73199,0.73232,1.00,1.00
2014.01.29 20:18:36.673,0.73201,0.73232,1.35,1.00
2014.01.29 20:18:36.723,0.73201,0.73234,1.35,1.13
2014.01.29 20:18:36.774,0.73201,0.73234,1.73,1.00
2014.01.29 20:18:37.076,0.73207,0.73235,1.00,1.00
2014.01.29 20:18:37.126,0.73201,0.73235,1.00,1.00
2014.01.29 20:18:37.593,0.73201,0.73234,1.00,1.38
2014.01.29 20:18:37.805,0.73201,0.73235,1.00,1.00
2014.01.29 20:18:37.906,0.73201,0.73233,1.00,1.00
2014.01.29 20:18:38.411,0.73204,0.73233,1.00,1.00
2014.01.29 20:18:38.844,0.73206,0.73234,1.00,1.00
2014.01.29 20:18:39.102,0.73202,0.73235,1.00,1.00
2014.01.29 20:18:39.450,0.73202,0.73235,1.00,1.38
2014.01.29 20:18:39.762,0.73202,0.7323,1.00,1.00
2014.01.29 20:18:40.575,0.73202,0.73228,1.00,1.00
2014.01.29 20:18:41.306,0.73199,0.73228,1.00,1.00
2014.01.29 20:18:41.797,0.73196,0.73227,1.00,1.00
2014.01.29 20:18:42.103,0.73196,0.73225,1.00,1.00
2014.01.29 20:18:42.204,0.73191,0.73225,1.00,1.00
2014.01.29 20:18:47.816,0.7319,0.73225,1.00,1.00
2014.01.29 20:18:48.762,0.73192,0.73224,1.00,1.00
2014.01.29 20:18:50.741,0.73188,0.73224,1.00,1.00
2014.01.29 20:18:51.331,0.73188,0.73225,1.00,1.00
2014.01.29 20:18:51.515,0.73186,0.73225,1.00,1.00
2014.01.29 20:18:53.082,0.73186,0.73225,1.00,1.38
2014.01.29 20:18:54.415,0.73186,0.73219,1.00,1.00
2014.01.29 20:18:56.949,0.73186,0.73222,1.00,1.00
2014.01.29 20:18:57.234,0.73188,0.73223,1.00,1.13
2014.01.29 20:18:57.857,0.73188,0.73219,1.00,1.00
2014.01.29 20:18:58.036,0.73188,0.73223,1.00,1.88
2014.01.29 20:18:59.473,0.73188,0.73219,1.00,1.00
2014.01.29 20:18:59.544,0.73184,0.73219,1.00,1.00
2014.01.29 20:19:00.132,0.73184,0.73218,1.00,1.00
2014.01.29 20:19:01.802,0.73184,0.73219,1.00,1.00
2014.01.29 20:19:03.663,0.7319,0.73219,1.00,1.00
2014.01.29 20:19:03.814,0.7319,0.73224,1.00,1.00
2014.01.29 20:19:03.864,0.73192,0.73218,1.00,1.00
2014.01.29 20:19:03.965,0.73189,0.73218,1.00,1.00
2014.01.29 20:19:04.496,0.73189,0.73222,1.00,1.38
2014.01.29 20:19:12.868,0.73189,0.7322,1.00,1.13
2014.01.29 20:19:12.961,0.73185,0.7322,1.00,1.13
2014.01.29 20:19:18.384,0.73184,0.7322,1.00,1.13
2014.01.29 20:19:18.553,0.73184,0.73219,1.00,1.38
2014.01.29 20:19:19.367,0.7319,0.73219,1.00,1.38
2014.01.29 20:19:19.467,0.7319,0.73223,1.00,1.13
2014.01.29 20:19:19.897,0.73197,0.73226,1.00,1.38
2014.01.29 20:19:20.349,0.73194,0.73219,1.00,1.00
2014.01.29 20:19:20.703,0.73194,0.73223,1.00,1.88
2014.01.29 20:19:21.213,0.73195,0.73225,1.00,1.38
2014.01.29 20:19:21.462,0.73201,0.73232,1.00,1.38
2014.01.29 20:19:21.563,0.73205,0.73232,1.00,1.00
2014.01.29 20:19:21.614,0.73205,0.73232,1.00,1.60
2014.01.29 20:19:21.664,0.73191,0.73235,1.13,1.60
2014.01.29 20:19:21.715,0.73191,0.73235,1.50,1.98
2014.01.29 20:19:21.816,0.73186,0.7323,1.38,1.98
2014.01.29 20:19:21.917,0.73186,0.73223,1.00,1.38
2014.01.29 20:19:22.118,0.73186,0.73226,1.00,1.00
2014.01.29 20:19:22.723,0.73186,0.73226,1.38,1.00
2014.01.29 20:19:22.774,0.73186,0.73229,1.38,1.00
2014.01.29 20:19:23.825,0.73186,0.73228,1.38,1.00
2014.01.29 20:19:23.926,0.73184,0.73228,1.00,1.50
2014.01.29 20:19:23.976,0.73182,0.73226,1.38,1.00
2014.01.29 20:19:24.254,0.73179,0.73225,1.38,1.00
2014.01.29 20:19:25.076,0.73179,0.73224,1.38,1.00
2014.01.29 20:19:26.673,0.73179,0.73224,1.00,1.50
2014.01.29 20:19:28.942,0.73174,0.7322,2.63,1.00
2014.01.29 20:19:29.324,0.73186,0.73225,1.00,1.00
2014.01.29 20:19:29.375,0.73186,0.7323,1.00,1.50
2014.01.29 20:19:30.121,0.73186,0.73229,1.00,1.00
2014.01.29 20:19:30.172,0.73186,0.73229,1.00,1.60
2014.01.29 20:19:30.272,0.73184,0.73227,1.00,1.73
2014.01.29 20:19:31.127,0.73184,0.73223,1.00,1.98
2014.01.29 20:19:31.279,0.7318,0.73222,1.00,1.68
2014.01.29 20:19:31.555,0.73178,0.7322,1.00,1.38
2014.01.29 20:19:32.081,0.73178,0.73222,1.38,2.85
2014.01.29 20:19:32.448,0.73181,0.73225,1.00,1.75
2014.01.29 20:19:36.071,0.73193,0.73227,1.00,1.75
2014.01.29 20:19:36.405,0.7319,0.73227,1.00,1.75
2014.01.29 20:19:36.850,0.73192,0.73227,1.00,1.75
2014.01.29 20:19:36.951,0.73192,0.73229,1.00,2.25
2014.01.29 20:19:37.096,0.73196,0.73227,1.00,1.38
2014.01.29 20:19:38.712,0.732,0.73233,1.00,1.50
2014.01.29 20:19:39.155,0.73197,0.73228,1.00,1.00
2014.01.29 20:19:39.489,0.73194,0.73228,1.00,1.00
2014.01.29 20:19:39.705,0.73197,0.73232,1.00,1.38
2014.01.29 20:19:40.014,0.73201,0.73231,1.00,1.00
2014.01.29 20:19:40.273,0.73201,0.73234,1.00,1.13
2014.01.29 20:19:41.043,0.73201,0.73231,1.00,1.00
2014.01.29 20:19:41.134,0.73198,0.73231,1.00,1.00
2014.01.29 20:19:48.457,0.73198,0.73233,1.00,1.00
2014.01.29 20:19:51.953,0.73204,0.73233,1.00,1.00
2014.01.29 20:19:52.265,0.73202,0.73229,1.00,1.00
2014.01.29 20:19:53.141,0.73202,0.73228,1.00,1.00
2014.01.29 20:19:53.380,0.73196,0.73228,1.00,1.00
2014.01.29 20:19:53.431,0.73196,0.73233,1.00,1.13
2014.01.29 20:19:53.481,0.73196,0.73229,1.00,1.00
2014.01.29 20:19:59.453,0.73192,0.73229,1.00,1.13
2014.01.29 20:19:59.554,0.73192,0.73223,1.00,1.00
2014.01.29 20:20:00.981,0.73194,0.73223,1.00,1.00
2014.01.29 20:20:01.461,0.73198,0.73224,1.00,1.00
2014.01.29 20:20:03.404,0.73198,0.73229,1.00,1.00
2014.01.29 20:20:03.512,0.73202,0.73229,1.00,1.00
2014.01.29 20:20:06.620,0.73198,0.73229,1.00,1.00
2014.01.29 20:20:06.754,0.73198,0.73224,1.00,1.00
2014.01.29 20:20:06.805,0.73188,0.73215,1.00,1.13
2014.01.29 20:20:06.906,0.73171,0.73207,1.00,1.00
2014.01.29 20:20:07.107,0.73164,0.73207,1.13,1.00
2014.01.29 20:20:07.258,0.73161,0.73206,1.38,1.88
2014.01.29 20:20:07.634,0.73166,0.73206,1.00,1.88
2014.01.29 20:20:08.023,0.7317,0.73206,1.00,1.88
2014.01.29 20:20:08.392,0.73174,0.73206,1.00,1.13
2014.01.29 20:20:08.493,0.73174,0.73209,1.00,1.00
2014.01.29 20:20:08.594,0.73176,0.73209,1.00,1.00
2014.01.29 20:20:09.191,0.73176,0.7321,1.00,1.13
2014.01.29 20:20:11.164,0.73176,0.73207,1.00,1.50
2014.01.29 20:20:11.215,0.7317,0.73207,1.00,1.50
2014.01.29 20:20:11.733,0.7317,0.73206,1.00,1.00
2014.01.29 20:20:14.473,0.7317,0.73202,1.00,1.00
2014.01.29 20:20:16.871,0.73164,0.73202,1.00,1.13
2014.01.29 20:20:17.134,0.73164,0.73201,1.00,1.38
2014.01.29 20:20:17.185,0.73161,0.73201,1.00,1.38
2014.01.29 20:20:17.235,0.73161,0.73201,1.00,1.38
2014.01.29 20:20:18.836,0.73172,0.73198,1.00,1.13
2014.01.29 20:20:18.937,0.73172,0.73204,1.00,1.50
2014.01.29 20:20:19.244,0.73176,0.73211,1.00,1.75
2014.01.29 20:20:19.390,0.73176,0.7321,1.00,1.38
2014.01.29 20:20:19.441,0.73176,0.7321,1.00,1.38
2014.01.29 20:20:21.613,0.73176,0.73206,1.00,1.00
2014.01.29 20:20:21.664,0.73172,0.73206,1.00,1.38
2014.01.29 20:20:21.765,0.73172,0.73202,1.00,1.00
2014.01.29 20:20:21.815,0.73167,0.73202,1.00,1.00
2014.01.29 20:20:21.866,0.73163,0.73202,1.00,1.00
2014.01.29 20:20:21.917,0.73165,0.732,1.00,1.00
2014.01.29 20:20:22.231,0.73168,0.73196,1.00,1.38
2014.01.29 20:20:22.332,0.7316,0.73191,1.00,1.89
2014.01.29 20:20:22.533,0.73159,0.73198,1.00,1.38
2014.01.29 20:20:22.680,0.73159,0.73201,1.00,1.00
2014.01.29 20:20:25.966,0.73168,0.73204,1.00,1.38
2014.01.29 20:20:26.296,0.73171,0.73206,1.00,1.38
2014.01.29 20:20:27.073,0.73174,0.73206,1.00,1.38
2014.01.29 20:20:28.180,0.73174,0.7321,1.00,1.38
2014.01.29 20:20:31.823,0.73174,0.7321,1.00,1.98
2014.01.29 20:20:32.136,0.73161,0.73197,1.00,2.37
2014.01.29 20:20:32.187,0.73156,0.73197,1.00,2.37
2014.01.29 20:20:32.345,0.73159,0.73208,1.00,1.88
2014.01.29 20:20:32.447,0.73159,0.73208,1.38,1.50
2014.01.29 20:20:33.531,0.73162,0.73205,1.13,1.00
2014.01.29 20:20:37.353,0.73165,0.73205,1.00,1.00
2014.01.29 20:20:37.504,0.73169,0.73211,1.00,1.00
2014.01.29 20:20:37.759,0.73164,0.73211,1.38,1.00
2014.01.29 20:20:37.860,0.73164,0.73207,1.38,1.00
2014.01.29 20:20:38.283,0.73164,0.73209,1.38,1.00
2014.01.29 20:20:40.171,0.73164,0.73206,1.38,1.00
2014.01.29 20:20:44.179,0.73164,0.73206,1.00,1.00
2014.01.29 20:20:44.591,0.73163,0.73204,1.13,1.00
2014.01.29 20:20:48.074,0.73163,0.73207,1.13,1.00
2014.01.29 20:20:48.175,0.73167,0.73207,1.00,1.00
2014.01.29 20:20:48.515,0.73165,0.73203,1.00,1.00
2014.01.29 20:20:51.471,0.73166,0.73203,1.00,1.00
2014.01.29 20:20:51.973,0.73165,0.73203,1.00,1.00
2014.01.29 20:20:52.031,0.73167,0.73211,1.13,1.13
2014.01.29 20:20:52.132,0.7317,0.73211,1.00,1.13
2014.01.29 20:20:52.451,0.73178,0.73213,1.00,1.00
2014.01.29 20:20:53.155,0.73178,0.73218,1.00,1.88
2014.01.29 20:20:53.472,0.73181,0.73223,1.00,2.25
2014.01.29 20:20:53.579,0.73181,0.73219,1.00,1.38
2014.01.29 20:20:54.172,0.73183,0.73218,1.00,1.13
2014.01.29 20:20:54.473,0.7319,0.73224,1.00,1.00
2014.01.29 20:20:59.714,0.73194,0.73224,1.00,1.00
2014.01.29 20:21:00.068,0.73194,0.73218,1.00,1.00
2014.01.29 20:21:00.173,0.73194,0.73224,1.00,1.00
2014.01.29 20:21:00.781,0.73196,0.73224,1.00,1.00
2014.01.29 20:21:00.932,0.73198,0.73228,1.00,1.13
2014.01.29 20:21:01.033,0.73188,0.73228,1.00,1.13
2014.01.29 20:21:01.084,0.73188,0.73219,1.00,1.00
2014.01.29 20:21:01.134,0.73186,0.73219,1.50,1.00
2014.01.29 20:21:01.294,0.73181,0.73218,1.00,1.00
2014.01.29 20:21:01.403,0.73181,0.73213,1.00,1.00
2014.01.29 20:21:01.603,0.73181,0.73217,1.00,1.00
2014.01.29 20:21:01.654,0.73186,0.73218,1.00,1.00
2014.01.29 20:21:02.187,0.73186,0.73219,1.00,1.00
2014.01.29 20:21:02.243,0.73186,0.73223,1.00,1.13
2014.01.29 20:21:03.442,0.73184,0.73223,1.00,1.88
2014.01.29 20:21:04.845,0.73182,0.73222,1.00,1.38
2014.01.29 20:21:05.562,0.73182,0.73222,1.00,1.00
2014.01.29 20:21:05.831,0.73185,0.73221,1.00,1.00
2014.01.29 20:21:06.361,0.73185,0.73218,1.00,1.00
2014.01.29 20:21:07.510,0.73182,0.73218,1.00,1.50
2014.01.29 20:21:09.070,0.73182,0.73219,1.00,1.00
2014.01.29 20:21:09.251,0.73184,0.73219,1.00,1.00
2014.01.29 20:21:10.110,0.73184,0.73217,1.00,1.50
2014.01.29 20:21:10.787,0.73184,0.73214,1.00,1.00
2014.01.29 20:21:10.988,0.73185,0.73218,1.00,1.13
2014.01.29 20:21:11.039,0.73181,0.73215,1.00,1.00
2014.01.29 20:21:11.143,0.73184,0.73215,1.00,1.00
2014.01.29 20:21:11.244,0.73184,0.73219,1.00,1.00
2014.01.29 20:21:11.701,0.73187,0.73222,1.00,1.50
2014.01.29 20:21:12.026,0.73191,0.73224,1.00,1.88
2014.01.29 20:21:12.386,0.73191,0.73221,1.00,1.00
2014.01.29 20:21:12.682,0.73188,0.73219,1.00,1.00
2014.01.29 20:21:12.833,0.73185,0.73219,1.00,1.13
2014.01.29 20:21:13.131,0.73188,0.73218,1.00,1.50
2014.01.29 20:21:15.542,0.73186,0.73218,1.00,1.50
2014.01.29 20:21:15.754,0.73186,0.73216,1.00,1.00
2014.01.29 20:21:19.222,0.73186,0.73218,1.00,1.00
2014.01.29 20:21:20.372,0.73186,0.73219,1.00,1.00
2014.01.29 20:21:20.747,0.73189,0.73223,1.00,1.88
2014.01.29 20:21:21.660,0.73189,0.73223,1.00,1.38
2014.01.29 20:21:22.952,0.73191,0.73223,1.00,1.38
2014.01.29 20:21:24.264,0.73191,0.73227,1.00,1.50
2014.01.29 20:21:24.470,0.73191,0.73227,1.00,1.38
2014.01.29 20:21:24.571,0.73197,0.73228,1.00,1.00
2014.01.29 20:21:24.622,0.73197,0.7323,1.00,1.88
2014.01.29 20:21:24.883,0.73197,0.73228,1.00,1.00
2014.01.29 20:21:25.221,0.73195,0.73228,1.00,1.00
2014.01.29 20:21:25.661,0.73198,0.73228,1.00,1.50
2014.01.29 20:21:26.321,0.73202,0.73228,1.00,1.00
2014.01.29 20:21:27.092,0.73202,0.7323,1.00,1.13
2014.01.29 20:21:29.654,0.73202,0.73229,1.00,1.00
2014.01.29 20:21:31.263,0.73202,0.73228,1.00,1.00
2014.01.29 20:21:31.591,0.73202,0.73224,1.00,1.00
2014.01.29 20:21:33.239,0.73202,0.73228,1.00,1.50
2014.01.29 20:21:33.713,0.73202,0.73224,1.00,1.00
2014.01.29 20:21:35.333,0.73202,0.73229,1.00,1.00
2014.01.29 20:21:35.441,0.73202,0.73224,1.00,1.00
2014.01.29 20:21:36.207,0.73202,0.73229,1.00,1.00
2014.01.29 20:21:40.642,0.73214,0.73229,1.08,1.00
2014.01.29 20:21:40.961,0.73218,0.73229,1.00,1.00
2014.01.29 20:21:41.838,0.73218,0.73228,1.00,1.00
2014.01.29 20:21:45.240,0.7321,0.73228,1.41,1.00
2014.01.29 20:21:45.342,0.7321,0.73224,1.41,1.00
2014.01.29 20:21:45.409,0.73204,0.73224,1.71,1.00
2014.01.29 20:21:45.460,0.73204,0.73224,1.00,1.00
2014.01.29 20:21:45.560,0.73204,0.73228,1.00,1.00
2014.01.29 20:21:45.913,0.73206,0.73228,1.00,1.00
2014.01.29 20:21:46.072,0.7321,0.73234,1.00,1.00
2014.01.29 20:21:46.621,0.7321,0.73238,1.00,1.00
2014.01.29 20:21:47.124,0.7321,0.73239,1.00,1.00
2014.01.29 20:21:47.620,0.7321,0.73244,1.00,1.00
2014.01.29 20:21:47.670,0.73213,0.73244,1.00,1.00
2014.01.29 20:21:47.972,0.73213,0.73239,1.00,1.00
2014.01.29 20:21:48.181,0.73215,0.73243,1.00,1.00
2014.01.29 20:21:52.343,0.73215,0.73248,1.00,1.00
2014.01.29 20:21:55.499,0.73215,0.73249,1.00,1.50
2014.01.29 20:21:56.554,0.73218,0.73249,1.00,1.00
2014.01.29 20:21:56.659,0.73218,0.73253,1.00,1.10
2014.01.29 20:21:56.709,0.7322,0.73253,1.00,1.10
2014.01.29 20:21:57.419,0.7322,0.73254,1.00,1.08
2014.01.29 20:21:58.281,0.7322,0.7325,1.00,1.00
2014.01.29 20:21:59.930,0.7322,0.73251,1.00,1.00
2014.01.29 20:22:00.131,0.7322,0.73254,1.00,1.50
2014.01.29 20:22:01.557,0.73225,0.73254,1.00,1.00
2014.01.29 20:22:05.116,0.73225,0.73253,1.00,1.00
2014.01.29 20:22:05.318,0.73221,0.73253,1.00,1.00
2014.01.29 20:22:06.431,0.73221,0.73242,1.00,1.35
2014.01.29 20:22:06.481,0.73219,0.73242,1.00,1.35
2014.01.29 20:22:06.531,0.73219,0.73242,1.00,1.50
2014.01.29 20:22:06.632,0.73214,0.73243,1.00,1.15
2014.01.29 20:22:06.733,0.73216,0.73247,1.00,1.00
2014.01.29 20:22:06.822,0.73221,0.73247,1.00,1.00
2014.01.29 20:22:07.532,0.73221,0.73246,1.00,1.00
2014.01.29 20:22:12.204,0.7322,0.73246,1.00,1.00
2014.01.29 20:22:13.121,0.73221,0.73246,1.00,1.00
2014.01.29 20:22:13.521,0.73219,0.73246,1.00,1.00
2014.01.29 20:22:14.741,0.73219,0.73248,1.00,1.00
2014.01.29 20:22:14.961,0.73222,0.73248,1.00,1.00
2014.01.29 20:22:15.462,0.73222,0.73249,1.00,1.00
2014.01.29 20:22:15.714,0.73224,0.73252,1.00,1.00
2014.01.29 20:22:15.865,0.73224,0.73254,1.00,1.50
2014.01.29 20:22:15.966,0.73224,0.73252,1.00,1.00
2014.01.29 20:22:18.046,0.73224,0.73255,1.00,1.50
2014.01.29 20:22:18.160,0.73224,0.73249,1.00,1.00
2014.01.29 20:22:20.931,0.73232,0.73258,1.00,1.23
2014.01.29 20:22:20.982,0.73232,0.73258,1.00,1.00
2014.01.29 20:22:21.033,0.73237,0.73258,1.00,1.00
2014.01.29 20:22:21.133,0.73231,0.73258,1.00,1.00
2014.01.29 20:22:21.184,0.73231,0.73262,1.00,1.60
2014.01.29 20:22:21.298,0.73231,0.7326,1.00,1.23
2014.01.29 20:22:22.120,0.73228,0.73256,1.00,1.00
2014.01.29 20:22:22.641,0.73228,0.7326,1.00,1.73
2014.01.29 20:22:23.200,0.73228,0.73256,1.00,1.00
2014.01.29 20:22:23.351,0.73224,0.73256,1.00,1.00
2014.01.29 20:22:24.190,0.73227,0.73256,1.00,1.00
2014.01.29 20:22:25.077,0.73227,0.73257,1.00,1.00
2014.01.29 20:22:25.620,0.7323,0.73257,1.00,1.00
2014.01.29 20:22:26.851,0.73233,0.73261,1.00,1.65
2014.01.29 20:22:26.911,0.73233,0.73261,1.00,1.00
2014.01.29 20:22:26.962,0.73239,0.73261,1.00,1.00
2014.01.29 20:22:27.063,0.73239,0.73264,1.00,1.00
2014.01.29 20:22:27.163,0.73243,0.73269,1.00,1.00
2014.01.29 20:22:27.446,0.73243,0.73264,1.00,1.00
2014.01.29 20:22:27.821,0.73239,0.73264,1.00,1.00
2014.01.29 20:22:27.922,0.73239,0.73269,1.00,1.00
2014.01.29 20:22:28.073,0.73239,0.73271,1.00,1.00
2014.01.29 20:22:29.401,0.73239,0.7327,1.00,1.00
2014.01.29 20:22:30.093,0.73239,0.73273,1.00,1.00
2014.01.29 20:22:30.442,0.73239,0.73271,1.00,1.00
2014.01.29 20:22:32.841,0.73239,0.73268,1.00,1.00
2014.01.29 20:22:32.895,0.73235,0.73268,1.00,1.00
2014.01.29 20:22:34.081,0.73237,0.73268,1.00,1.00
2014.01.29 20:22:34.700,0.73237,0.7327,1.00,1.00
2014.01.29 20:22:34.751,0.73241,0.7327,1.00,1.00
2014.01.29 20:22:35.444,0.73241,0.73271,1.00,1.00
2014.01.29 20:22:36.459,0.73241,0.73273,1.00,1.00
2014.01.29 20:22:36.661,0.73243,0.73273,1.00,1.00
2014.01.29 20:22:36.711,0.73243,0.73278,1.00,1.00
2014.01.29 20:22:36.762,0.7325,0.73278,1.00,1.00
2014.01.29 20:22:36.913,0.73254,0.73283,1.00,1.00
2014.01.29 20:22:37.102,0.73254,0.73279,1.00,1.00
2014.01.29 20:22:37.320,0.73254,0.73283,1.00,1.00
2014.01.29 20:22:37.451,0.73254,0.73283,1.00,1.38
2014.01.29 20:22:37.501,0.73247,0.73281,1.00,1.13
2014.01.29 20:22:37.658,0.73247,0.73279,1.00,1.00
2014.01.29 20:22:38.020,0.73246,0.73275,1.00,1.00
2014.01.29 20:22:38.363,0.73246,0.73279,1.00,1.88
2014.01.29 20:22:41.390,0.73246,0.73279,1.00,1.00
2014.01.29 20:22:42.238,0.73246,0.73277,1.00,1.00
2014.01.29 20:22:42.562,0.73246,0.7328,1.00,1.00
2014.01.29 20:22:44.160,0.73246,0.73278,1.00,1.00
2014.01.29 20:22:44.626,0.73246,0.73282,1.00,1.38
2014.01.29 20:22:44.726,0.73246,0.73283,1.00,1.13
2014.01.29 20:22:44.777,0.73243,0.73283,1.00,1.13
2014.01.29 20:22:44.827,0.73243,0.73278,1.00,1.00
2014.01.29 20:22:45.151,0.73249,0.73283,1.00,1.88
2014.01.29 20:22:45.308,0.73245,0.73283,1.00,1.88
2014.01.29 20:22:45.409,0.73245,0.73278,1.00,1.00
2014.01.29 20:22:45.738,0.73252,0.73278,1.00,1.00
2014.01.29 20:22:45.998,0.73252,0.73283,1.00,1.00
2014.01.29 20:22:46.098,0.73252,0.73278,1.00,1.00
2014.01.29 20:22:49.375,0.73252,0.73283,1.00,1.00
2014.01.29 20:22:49.811,0.73252,0.73289,1.00,1.50
2014.01.29 20:22:49.881,0.73252,0.73289,1.00,1.88
2014.01.29 20:22:49.931,0.73249,0.73289,1.00,1.88
2014.01.29 20:22:51.920,0.73249,0.73278,1.00,1.00
2014.01.29 20:22:52.223,0.73252,0.73278,1.00,1.00
2014.01.29 20:22:53.371,0.73252,0.73283,1.00,1.00
2014.01.29 20:22:54.041,0.73249,0.73279,1.00,1.00
2014.01.29 20:22:57.401,0.73249,0.73284,1.00,1.50
2014.01.29 20:22:57.770,0.73256,0.73284,1.00,1.00
2014.01.29 20:22:58.075,0.73259,0.73283,1.00,1.00
2014.01.29 20:22:59.268,0.73259,0.73288,1.00,1.00
2014.01.29 20:23:02.131,0.73259,0.73283,1.00,1.00
2014.01.29 20:23:02.350,0.73259,0.73289,1.00,1.00
2014.01.29 20:23:03.651,0.73265,0.73289,1.00,1.00
2014.01.29 20:23:03.999,0.73265,0.73291,1.00,1.00
2014.01.29 20:23:04.659,0.73265,0.73289,1.00,1.00
2014.01.29 20:23:05.319,0.73265,0.73291,1.00,1.00
2014.01.29 20:23:05.409,0.7326,0.73291,1.00,1.00
2014.01.29 20:23:07.990,0.7326,0.73293,1.00,1.00
2014.01.29 20:23:09.194,0.7326,0.73291,1.00,1.00
2014.01.29 20:23:11.682,0.73259,0.73291,1.00,1.38
2014.01.29 20:23:12.203,0.73259,0.73291,1.00,1.13
2014.01.29 20:23:14.702,0.73267,0.73291,1.00,1.13
2014.01.29 20:23:14.853,0.73267,0.73293,1.00,1.00
2014.01.29 20:23:15.298,0.73267,0.73298,1.00,1.38
2014.01.29 20:23:15.429,0.73271,0.73298,1.00,1.38
2014.01.29 20:23:16.079,0.73271,0.73298,1.00,1.00
2014.01.29 20:23:17.309,0.73271,0.73299,1.00,1.00
2014.01.29 20:23:18.180,0.73271,0.73294,1.00,1.00
2014.01.29 20:23:19.499,0.73266,0.73294,1.00,1.00
2014.01.29 20:23:20.284,0.7327,0.73294,1.00,1.00
2014.01.29 20:23:20.384,0.73276,0.73304,1.00,1.00
2014.01.29 20:23:20.586,0.73276,0.73309,1.00,1.00
2014.01.29 20:23:20.687,0.73274,0.73309,1.00,1.00
2014.01.29 20:23:20.938,0.7328,0.73315,1.00,1.00
2014.01.29 20:23:21.089,0.73287,0.73324,1.00,1.50
2014.01.29 20:23:21.190,0.73287,0.73324,1.00,2.48
2014.01.29 20:23:21.240,0.73281,0.73321,1.00,1.98
2014.01.29 20:23:21.700,0.73282,0.73318,1.00,1.00
2014.01.29 20:23:21.750,0.73286,0.73318,1.00,1.00
2014.01.29 20:23:21.952,0.73293,0.73328,1.60,1.00
2014.01.29 20:23:22.153,0.73297,0.73323,1.00,1.00
2014.01.29 20:23:22.254,0.73292,0.73323,1.00,1.00
2014.01.29 20:23:22.355,0.73292,0.73329,1.00,1.50
2014.01.29 20:23:22.405,0.73292,0.73329,1.60,1.50
2014.01.29 20:23:22.908,0.73302,0.73324,1.00,1.00
2014.01.29 20:23:23.191,0.73302,0.73328,1.00,1.00
2014.01.29 20:23:23.373,0.73306,0.73328,1.00,1.00
2014.01.29 20:23:23.722,0.73303,0.73324,1.00,1.00
2014.01.29 20:23:23.911,0.73307,0.73329,1.00,1.00
2014.01.29 20:23:26.849,0.73307,0.73333,1.00,1.00
2014.01.29 20:23:28.858,0.73302,0.73333,1.00,1.00
2014.01.29 20:23:29.360,0.73302,0.73332,1.00,1.50
2014.01.29 20:23:29.411,0.73302,0.73328,1.00,1.00
2014.01.29 20:23:29.512,0.73297,0.73328,1.00,1.00
2014.01.29 20:23:33.288,0.73297,0.73333,1.00,1.00
2014.01.29 20:23:33.570,0.73302,0.73333,1.00,1.00
2014.01.29 20:23:33.928,0.7331,0.73333,1.00,1.00
2014.01.29 20:23:34.408,0.7331,0.73333,1.00,1.60
2014.01.29 20:23:34.459,0.73302,0.73333,1.00,1.60
2014.01.29 20:23:34.589,0.73302,0.73333,1.00,1.00
2014.01.29 20:23:34.640,0.73302,0.73328,1.00,1.00
2014.01.29 20:23:34.950,0.73306,0.73328,1.00,1.00
2014.01.29 20:23:35.000,0.73301,0.73328,1.00,1.00
2014.01.29 20:23:35.186,0.73301,0.73333,1.00,1.00
2014.01.29 20:23:35.236,0.73311,0.73333,1.00,1.00
2014.01.29 20:23:36.235,0.73309,0.73329,1.00,1.00
2014.01.29 20:23:38.331,0.73309,0.73329,1.00,1.60
2014.01.29 20:23:38.432,0.73297,0.73331,1.50,2.10
2014.01.29 20:23:38.483,0.73297,0.73331,1.13,2.48
2014.01.29 20:23:38.584,0.73297,0.73336,1.00,1.98
2014.01.29 20:23:38.634,0.733,0.73336,1.00,1.98
2014.01.29 20:23:38.750,0.733,0.73336,1.00,1.60
2014.01.29 20:23:39.195,0.73308,0.73334,1.00,1.00
2014.01.29 20:23:39.420,0.733,0.73334,1.00,1.35
2014.01.29 20:23:39.572,0.73299,0.73329,1.00,1.00
2014.01.29 20:23:40.240,0.73303,0.73329,1.00,1.00
2014.01.29 20:23:40.798,0.73306,0.73328,1.00,1.00
2014.01.29 20:23:40.910,0.73306,0.73334,1.00,1.50
2014.01.29 20:23:40.961,0.73301,0.73334,1.00,1.50
2014.01.29 20:23:41.061,0.73301,0.73331,1.00,1.00
2014.01.29 20:23:41.149,0.73301,0.73334,1.00,1.50
2014.01.29 20:23:41.788,0.73301,0.73333,1.00,1.00
2014.01.29 20:23:42.510,0.73305,0.73333,1.00,1.50
2014.01.29 20:23:43.079,0.73305,0.73328,1.00,1.00
2014.01.29 20:23:43.180,0.73301,0.73328,1.00,1.00
2014.01.29 20:23:43.331,0.73301,0.73332,1.00,1.13
2014.01.29 20:23:43.499,0.73305,0.73332,1.00,1.00
2014.01.29 20:23:44.178,0.73305,0.73329,1.00,1.00
2014.01.29 20:23:45.721,0.73305,0.73328,1.00,1.00
2014.01.29 20:23:46.049,0.73305,0.73332,1.00,1.00
2014.01.29 20:23:46.151,0.73301,0.73332,1.00,1.00
2014.01.29 20:23:46.761,0.73301,0.73328,1.00,1.00
2014.01.29 20:23:47.068,0.73306,0.73329,1.00,1.00
2014.01.29 20:23:47.118,0.73301,0.73329,1.00,1.00
2014.01.29 20:23:47.169,0.73301,0.73333,1.00,1.88
2014.01.29 20:23:47.270,0.73301,0.73329,1.00,1.00
2014.01.29 20:23:48.311,0.73303,0.73329,1.00,1.00
2014.01.29 20:23:51.727,0.73303,0.73334,1.00,1.00
2014.01.29 20:23:52.318,0.73303,0.73328,1.00,1.00
2014.01.29 20:23:53.481,0.73297,0.73333,1.00,1.98
2014.01.29 20:23:53.581,0.73294,0.73329,1.00,1.88
2014.01.29 20:23:53.632,0.73304,0.73329,1.00,2.63
2014.01.29 20:23:53.732,0.73304,0.73329,1.00,2.25
2014.01.29 20:23:56.232,0.73304,0.73323,1.00,1.00
2014.01.29 20:23:56.342,0.73304,0.73329,1.00,1.50
2014.01.29 20:23:56.448,0.73304,0.73324,1.00,1.00
2014.01.29 20:23:57.223,0.73304,0.73328,1.00,1.00
2014.01.29 20:23:57.380,0.73299,0.73329,1.00,1.00
2014.01.29 20:23:58.320,0.73292,0.73329,1.50,1.00
2014.01.29 20:23:58.838,0.73291,0.73329,1.00,1.50
2014.01.29 20:23:58.998,0.73295,0.73328,1.50,1.00
2014.01.29 20:24:00.777,0.73298,0.73329,1.00,1.00
2014.01.29 20:24:02.629,0.73298,0.73328,1.00,1.00
2014.01.29 20:24:02.968,0.73296,0.73319,1.00,1.00
2014.01.29 20:24:03.077,0.73289,0.73329,1.50,1.00
2014.01.29 20:24:03.278,0.7329,0.73324,1.00,1.00
2014.01.29 20:24:06.382,0.7329,0.73323,1.00,1.00
2014.01.29 20:24:07.889,0.7329,0.73324,1.00,1.00
2014.01.29 20:24:08.329,0.7329,0.73322,1.00,1.00
2014.01.29 20:24:08.690,0.7329,0.7332,1.00,1.00
2014.01.29 20:24:09.491,0.73289,0.7332,1.00,1.00
2014.01.29 20:24:10.929,0.73289,0.73311,1.00,1.00
2014.01.29 20:24:11.131,0.73288,0.73321,1.00,1.00
2014.01.29 20:24:11.694,0.73288,0.73321,1.38,1.00
2014.01.29 20:24:12.369,0.73287,0.73321,1.88,1.00
2014.01.29 20:24:12.427,0.73287,0.73316,1.88,1.00
2014.01.29 20:24:12.762,0.73287,0.73321,1.50,1.00
2014.01.29 20:24:13.542,0.73287,0.73321,1.88,1.00
2014.01.29 20:24:13.879,0.73291,0.73321,1.88,1.00
2014.01.29 20:24:15.386,0.73291,0.73321,1.00,1.00
2014.01.29 20:24:18.515,0.73291,0.73323,1.00,1.50
2014.01.29 20:24:19.137,0.73291,0.73321,1.00,1.00
2014.01.29 20:24:21.222,0.73291,0.73319,1.00,1.00
2014.01.29 20:24:21.897,0.73291,0.73315,1.00,1.00
2014.01.29 20:24:22.060,0.73287,0.73315,1.00,1.00
2014.01.29 20:24:22.111,0.73281,0.73315,2.48,1.00
2014.01.29 20:24:23.209,0.73281,0.73313,1.98,1.00
2014.01.29 20:24:23.558,0.73282,0.73308,1.00,1.00
2014.01.29 20:24:23.659,0.73282,0.7331,1.00,1.00
2014.01.29 20:24:23.868,0.73282,0.73313,1.00,1.00
2014.01.29 20:24:24.764,0.73277,0.73305,2.85,1.00
2014.01.29 20:24:24.815,0.73277,0.73305,1.00,1.00
2014.01.29 20:24:25.338,0.73277,0.73306,1.00,1.00
2014.01.29 20:24:25.389,0.73274,0.73306,1.13,1.00
2014.01.29 20:24:25.515,0.73275,0.7331,1.00,1.00
2014.01.29 20:24:25.847,0.73275,0.73306,1.00,1.00
2014.01.29 20:24:26.126,0.73271,0.73306,1.68,1.00
2014.01.29 20:24:26.810,0.73277,0.73306,1.00,1.00
2014.01.29 20:24:29.119,0.73272,0.73306,1.65,1.00
2014.01.29 20:24:29.397,0.73272,0.73301,1.00,1.00
2014.01.29 20:24:29.579,0.73274,0.73309,1.13,1.00
2014.01.29 20:24:29.630,0.73275,0.73309,2.10,1.00
2014.01.29 20:24:29.781,0.73282,0.7332,1.35,1.00
2014.01.29 20:24:29.882,0.73283,0.7332,1.88,1.00
2014.01.29 20:24:30.197,0.73287,0.73327,3.98,1.50
2014.01.29 20:24:30.819,0.73287,0.73328,2.48,1.00
2014.01.29 20:24:31.121,0.73315,0.73329,2.10,1.00
2014.01.29 20:24:31.172,0.73315,0.73338,2.10,1.00
2014.01.29 20:24:31.273,0.73315,0.73347,2.10,1.00
2014.01.29 20:24:31.384,0.73315,0.73349,2.10,1.00
2014.01.29 20:24:31.535,0.73313,0.73349,1.35,1.00
2014.01.29 20:24:31.586,0.73313,0.73349,1.73,1.00
2014.01.29 20:24:31.887,0.73315,0.73344,1.50,1.00
2014.01.29 20:24:32.391,0.73315,0.73343,1.60,1.00
2014.01.29 20:24:32.492,0.73312,0.73352,2.48,1.00
2014.01.29 20:24:32.542,0.73319,0.73353,1.68,1.00
2014.01.29 20:24:32.844,0.73311,0.73342,1.28,1.00
2014.01.29 20:24:32.945,0.73311,0.73337,1.20,1.00
2014.01.29 20:24:33.178,0.73311,0.73346,1.00,1.13
2014.01.29 20:24:34.359,0.73311,0.73338,1.00,1.00
2014.01.29 20:24:34.460,0.73311,0.73341,1.00,1.00
2014.01.29 20:24:36.087,0.73312,0.73341,1.00,1.00
2014.01.29 20:24:36.199,0.73312,0.73339,1.00,1.00
2014.01.29 20:24:36.299,0.733,0.73339,1.00,1.00
2014.01.29 20:24:36.896,0.73299,0.73339,1.13,1.00
2014.01.29 20:24:37.262,0.73298,0.73337,1.88,1.00
2014.01.29 20:24:37.580,0.73298,0.73337,1.98,1.00
2014.01.29 20:24:37.899,0.73301,0.73333,1.73,1.00
2014.01.29 20:24:38.847,0.73301,0.73328,1.13,1.00
2014.01.29 20:24:39.559,0.73317,0.73337,2.10,1.00
2014.01.29 20:24:39.660,0.73319,0.73337,2.10,1.00
2014.01.29 20:24:39.711,0.7332,0.73351,2.10,1.00
2014.01.29 20:24:39.862,0.73328,0.7336,1.50,1.00
2014.01.29 20:24:40.171,0.73317,0.73356,1.98,1.00
2014.01.29 20:24:40.656,0.73323,0.73356,1.00,1.00
2014.01.29 20:24:40.947,0.73323,0.73347,1.00,1.00
2014.01.29 20:24:41.098,0.73318,0.73347,1.20,1.00
2014.01.29 20:24:42.687,0.73314,0.73347,1.00,1.00
2014.01.29 20:24:42.738,0.73314,0.73342,1.00,1.00
2014.01.29 20:24:43.179,0.73313,0.73334,1.00,1.00
2014.01.29 20:24:43.397,0.73305,0.73334,1.00,1.00
2014.01.29 20:24:43.497,0.73305,0.73343,1.13,1.00
2014.01.29 20:24:44.566,0.73302,0.73342,1.38,1.00
2014.01.29 20:24:44.617,0.73302,0.73334,1.38,1.00
2014.01.29 20:24:44.919,0.73329,0.73349,2.10,1.38
2014.01.29 20:24:45.020,0.7333,0.73354,2.10,1.00
2014.01.29 20:24:45.120,0.73329,0.73367,1.00,1.00
2014.01.29 20:24:45.221,0.73329,0.73362,1.00,1.00
2014.01.29 20:24:45.523,0.73322,0.73351,1.00,1.00
2014.01.29 20:24:46.126,0.73322,0.73342,1.00,1.00
2014.01.29 20:24:46.277,0.73314,0.73342,1.10,1.00
2014.01.29 20:24:46.441,0.73317,0.73356,1.00,1.00
2014.01.29 20:24:46.642,0.73319,0.73356,1.00,1.00
2014.01.29 20:24:46.945,0.73324,0.73354,1.00,1.00
2014.01.29 20:24:47.248,0.73324,0.73351,1.00,1.00
2014.01.29 20:24:48.028,0.73324,0.73349,1.00,1.00
2014.01.29 20:24:48.079,0.73322,0.73349,1.00,1.00
2014.01.29 20:24:53.191,0.73322,0.73345,1.00,1.00
2014.01.29 20:24:55.220,0.73318,0.73345,1.00,1.00
2014.01.29 20:24:55.271,0.73318,0.7335,1.00,1.00
2014.01.29 20:24:55.372,0.73318,0.73336,1.00,1.00
2014.01.29 20:24:55.522,0.7331,0.73336,1.38,1.00
2014.01.29 20:24:55.573,0.7331,0.73348,1.00,1.50
2014.01.29 20:24:55.724,0.73314,0.7335,1.00,1.00
2014.01.29 20:24:56.237,0.73314,0.73341,1.00,1.00
2014.01.29 20:24:56.600,0.73314,0.73333,1.00,1.00
2014.01.29 20:24:56.751,0.73306,0.73333,1.00,1.00
2014.01.29 20:24:56.900,0.73305,0.73342,1.50,1.00
2014.01.29 20:24:57.009,0.73309,0.73342,1.00,1.00
2014.01.29 20:24:57.456,0.73313,0.73342,1.00,1.00
2014.01.29 20:24:57.816,0.73305,0.73332,1.50,1.00
2014.01.29 20:24:57.917,0.73304,0.73342,1.00,1.00
2014.01.29 20:24:58.023,0.73312,0.73342,1.00,1.00
2014.01.29 20:24:58.580,0.73312,0.73347,1.00,1.00
2014.01.29 20:24:58.680,0.73315,0.7334,1.00,1.00
2014.01.29 20:24:58.882,0.73305,0.73337,1.00,1.00
2014.01.29 20:24:59.386,0.73305,0.73336,1.00,1.00
2014.01.29 20:25:00.018,0.73306,0.73336,1.50,1.00
2014.01.29 20:25:01.505,0.73305,0.73336,1.00,1.00
2014.01.29 20:25:02.047,0.73306,0.73336,1.00,1.00
2014.01.29 20:25:02.298,0.73306,0.73334,1.00,1.00
2014.01.29 20:25:02.549,0.73306,0.73343,1.00,2.25
2014.01.29 20:25:02.600,0.73306,0.73343,1.00,2.85
2014.01.29 20:25:02.906,0.733,0.73329,1.00,1.00
2014.01.29 20:25:03.501,0.73301,0.73329,1.00,1.00
2014.01.29 20:25:04.950,0.73297,0.73329,1.00,1.00
2014.01.29 20:25:05.029,0.73297,0.73324,1.00,1.00
2014.01.29 20:25:05.859,0.73297,0.73324,1.00,1.60
2014.01.29 20:25:06.050,0.73277,0.73316,2.55,1.50
2014.01.29 20:25:06.150,0.73281,0.7331,1.50,1.00
2014.01.29 20:25:06.251,0.73281,0.73315,1.00,1.00
2014.01.29 20:25:06.368,0.73282,0.73312,1.00,1.00
2014.01.29 20:25:06.930,0.73282,0.73304,1.00,1.00
2014.01.29 20:25:07.688,0.73282,0.73308,1.00,1.00
2014.01.29 20:25:08.128,0.73279,0.73308,1.50,1.00
2014.01.29 20:25:08.382,0.73282,0.73307,1.00,1.00
2014.01.29 20:25:08.666,0.73277,0.73314,1.00,1.00
2014.01.29 20:25:08.868,0.73278,0.73313,1.38,1.00
2014.01.29 20:25:09.198,0.73287,0.73313,1.00,1.00
2014.01.29 20:25:09.430,0.73287,0.73326,1.98,1.00
2014.01.29 20:25:09.532,0.73291,0.73333,2.85,1.00
2014.01.29 20:25:09.683,0.73291,0.73314,2.25,1.00
2014.01.29 20:25:09.734,0.7328,0.73314,1.66,1.00
2014.01.29 20:25:09.836,0.73289,0.73314,1.05,1.00
2014.01.29 20:25:09.887,0.73289,0.73327,1.05,1.00
2014.01.29 20:25:10.041,0.73291,0.73332,2.48,1.00
2014.01.29 20:25:10.216,0.73291,0.73322,1.50,1.00
2014.01.29 20:25:10.464,0.73294,0.73335,1.13,1.00
2014.01.29 20:25:10.658,0.73294,0.73331,1.73,1.00
2014.01.29 20:25:12.008,0.73294,0.73328,2.10,1.00
2014.01.29 20:25:12.069,0.73294,0.73331,2.10,1.00
2014.01.29 20:25:12.859,0.73294,0.73331,1.88,1.60
2014.01.29 20:25:13.160,0.7329,0.73318,1.00,1.00
2014.01.29 20:25:13.211,0.7329,0.73322,1.00,1.00
2014.01.29 20:25:13.362,0.73293,0.73321,1.00,1.00
2014.01.29 20:25:13.412,0.73293,0.73327,1.00,1.00
2014.01.29 20:25:13.513,0.7329,0.73324,1.50,1.00
2014.01.29 20:25:13.832,0.7329,0.73314,1.00,1.00
2014.01.29 20:25:13.983,0.73285,0.73314,1.00,1.00
2014.01.29 20:25:14.084,0.7329,0.73314,1.00,1.00
2014.01.29 20:25:14.184,0.73291,0.73324,1.50,1.00
2014.01.29 20:25:14.539,0.73291,0.73324,1.88,1.00
2014.01.29 20:25:15.162,0.73294,0.73315,1.88,1.00
2014.01.29 20:25:15.398,0.73295,0.73321,1.00,1.00
2014.01.29 20:25:16.030,0.73291,0.73321,1.50,1.00
2014.01.29 20:25:16.801,0.73294,0.73321,1.00,1.00
2014.01.29 20:25:17.404,0.73293,0.73321,1.50,1.00
2014.01.29 20:25:19.117,0.73294,0.73321,1.00,1.00
2014.01.29 20:25:19.418,0.73293,0.73318,1.00,1.00
2014.01.29 20:25:19.469,0.73287,0.73318,1.00,1.00
2014.01.29 20:25:19.991,0.73286,0.73322,1.50,1.00
2014.01.29 20:25:20.442,0.73286,0.73317,1.00,1.00
2014.01.29 20:25:22.113,0.73286,0.73312,1.00,1.00
2014.01.29 20:25:22.429,0.73288,0.73312,1.00,1.00
2014.01.29 20:25:23.220,0.7329,0.7333,1.00,1.50
2014.01.29 20:25:23.626,0.7329,0.7333,1.60,1.00
2014.01.29 20:25:23.727,0.73297,0.73336,2.10,1.00
2014.01.29 20:25:23.828,0.73299,0.73341,1.50,1.00
2014.01.29 20:25:23.878,0.73299,0.73329,1.88,1.00
2014.01.29 20:25:24.029,0.73292,0.73329,1.00,1.00
2014.01.29 20:25:24.080,0.73292,0.73332,1.00,1.00
2014.01.29 20:25:24.181,0.73292,0.73332,2.40,1.00
2014.01.29 20:25:24.231,0.73298,0.73338,1.50,1.00
2014.01.29 20:25:24.282,0.73298,0.73338,1.88,1.00
2014.01.29 20:25:24.858,0.73298,0.73331,1.88,1.00
2014.01.29 20:25:24.959,0.73298,0.73331,1.00,1.00
2014.01.29 20:25:25.010,0.73294,0.73331,1.00,1.00
2014.01.29 20:25:25.177,0.73299,0.73334,1.00,1.00
2014.01.29 20:25:25.228,0.73299,0.73336,1.00,1.00
2014.01.29 20:25:25.278,0.73299,0.73336,1.38,1.00
2014.01.29 20:25:25.329,0.733,0.7334,1.38,1.00
2014.01.29 20:25:25.379,0.733,0.7333,1.38,1.00
2014.01.29 20:25:25.480,0.73297,0.7333,1.13,1.00
2014.01.29 20:25:25.631,0.73298,0.73336,1.00,1.00
2014.01.29 20:25:25.732,0.733,0.73339,1.00,1.00
2014.01.29 20:25:26.326,0.73299,0.7334,1.88,1.00
2014.01.29 20:25:28.040,0.73306,0.73344,1.50,1.50
2014.01.29 20:25:28.367,0.73309,0.73344,1.50,1.50
2014.01.29 20:25:28.700,0.73309,0.73348,1.60,1.00
2014.01.29 20:25:29.040,0.73311,0.73335,1.00,1.00
2014.01.29 20:25:29.091,0.73309,0.73335,1.00,1.00
2014.01.29 20:25:29.192,0.73311,0.73335,1.00,1.00
2014.01.29 20:25:29.647,0.73311,0.73328,1.00,1.00
2014.01.29 20:25:29.730,0.73311,0.73335,1.00,1.00
2014.01.29 20:25:32.830,0.73311,0.73337,1.00,1.00
2014.01.29 20:25:35.249,0.73302,0.73337,1.00,1.00
2014.01.29 20:25:35.530,0.73322,0.73337,1.00,1.00
2014.01.29 20:25:35.682,0.73322,0.73348,1.00,1.00
2014.01.29 20:25:35.883,0.73321,0.7335,1.88,1.00
2014.01.29 20:25:35.934,0.73321,0.73362,1.88,1.50
2014.01.29 20:25:36.138,0.73327,0.73361,1.00,1.00
2014.01.29 20:25:36.370,0.73332,0.73368,1.13,1.00
2014.01.29 20:25:36.421,0.73332,0.73373,1.13,1.00
2014.01.29 20:25:36.471,0.73338,0.73373,1.00,1.50
2014.01.29 20:25:36.790,0.73341,0.73369,1.00,1.00
2014.01.29 20:25:37.118,0.73341,0.73364,1.00,1.00
2014.01.29 20:25:37.219,0.73336,0.73364,1.38,1.00
2014.01.29 20:25:37.722,0.73336,0.73364,1.00,1.00
2014.01.29 20:25:37.873,0.73333,0.73363,1.00,1.00
2014.01.29 20:25:37.974,0.73333,0.73367,1.00,1.00
2014.01.29 20:25:38.074,0.7333,0.73367,1.00,1.00
2014.01.29 20:25:38.414,0.7333,0.73364,1.00,1.00
2014.01.29 20:25:38.665,0.73332,0.73368,1.13,1.00
2014.01.29 20:25:39.879,0.73326,0.73369,1.38,1.00
2014.01.29 20:25:40.107,0.73328,0.73369,1.13,1.50
2014.01.29 20:25:40.158,0.73328,0.73363,1.13,1.00
2014.01.29 20:25:40.838,0.73328,0.73369,1.88,1.00
2014.01.29 20:25:40.889,0.73328,0.73369,1.13,1.38
2014.01.29 20:25:41.198,0.73333,0.73351,1.00,1.00
2014.01.29 20:25:41.249,0.73333,0.73355,1.00,1.00
2014.01.29 20:25:41.299,0.73335,0.73356,1.00,1.00
2014.01.29 20:25:41.451,0.73335,0.73365,1.00,1.00
2014.01.29 20:25:42.007,0.73335,0.73368,1.38,1.00
2014.01.29 20:25:42.316,0.73347,0.73368,1.00,1.00
2014.01.29 20:25:42.367,0.73347,0.73374,1.00,1.00
2014.01.29 20:25:43.258,0.7335,0.73374,1.00,1.00
2014.01.29 20:25:43.378,0.73349,0.73376,1.00,1.00
2014.01.29 20:25:43.567,0.73349,0.73368,1.00,1.00
2014.01.29 20:25:43.932,0.73343,0.73374,1.13,1.00
2014.01.29 20:25:44.033,0.73343,0.73374,1.13,1.38
2014.01.29 20:25:44.369,0.73343,0.73372,1.13,2.48
2014.01.29 20:25:44.762,0.73337,0.73368,1.38,1.00
2014.01.29 20:25:44.863,0.73337,0.73368,1.13,1.00
2014.01.29 20:25:44.914,0.73339,0.73368,1.00,1.00
2014.01.29 20:25:44.964,0.73339,0.73373,1.00,1.73
2014.01.29 20:25:46.188,0.73339,0.73369,1.00,1.00
2014.01.29 20:25:46.966,0.73339,0.7337,1.00,1.00
2014.01.29 20:25:48.228,0.73347,0.7337,1.00,1.00
2014.01.29 20:25:48.278,0.73347,0.73372,1.00,1.00
2014.01.29 20:25:49.666,0.73347,0.73373,1.00,1.00
2014.01.29 20:25:50.487,0.73347,0.73369,1.00,1.00
2014.01.29 20:25:50.538,0.73338,0.73369,1.00,1.00
2014.01.29 20:25:50.969,0.73338,0.73373,1.00,1.38
2014.01.29 20:25:51.219,0.73348,0.73373,1.00,1.38
2014.01.29 20:25:51.269,0.73348,0.73373,1.00,1.00
2014.01.29 20:25:51.428,0.73356,0.73373,1.00,1.00
2014.01.29 20:25:51.529,0.73356,0.73376,1.00,1.00
2014.01.29 20:25:51.686,0.73356,0.73384,1.00,1.50
2014.01.29 20:25:52.484,0.73356,0.73383,1.00,1.50
2014.01.29 20:25:52.617,0.73361,0.73383,1.00,1.00
2014.01.29 20:25:53.815,0.73361,0.73387,1.00,1.00
2014.01.29 20:25:53.866,0.73364,0.73387,1.00,1.00
2014.01.29 20:25:54.167,0.73368,0.73389,1.00,1.00
2014.01.29 20:25:54.949,0.73368,0.73388,1.00,1.00
2014.01.29 20:25:55.627,0.73368,0.73389,1.00,1.00
2014.01.29 20:25:56.509,0.73368,0.73393,1.00,1.00
2014.01.29 20:26:00.246,0.73368,0.73394,1.00,1.50
2014.01.29 20:26:00.358,0.73368,0.73388,1.00,1.00
2014.01.29 20:26:01.237,0.73368,0.73393,1.00,1.00
2014.01.29 20:26:02.338,0.73368,0.73388,1.00,1.00
2014.01.29 20:26:02.450,0.73368,0.73394,1.00,1.50
2014.01.29 20:26:02.557,0.73368,0.73389,1.00,1.00
2014.01.29 20:26:04.647,0.73368,0.73384,1.00,1.00
2014.01.29 20:26:04.899,0.73368,0.73388,1.00,1.00
2014.01.29 20:26:05.638,0.73368,0.73394,1.00,1.13
2014.01.29 20:26:05.699,0.73376,0.73394,1.00,1.13
2014.01.29 20:26:06.146,0.73373,0.73393,1.00,1.00
2014.01.29 20:26:06.398,0.73369,0.73393,1.00,1.00
2014.01.29 20:26:06.709,0.73366,0.73393,1.00,1.00
2014.01.29 20:26:07.348,0.73372,0.73401,1.00,1.38
2014.01.29 20:26:07.399,0.73372,0.73401,1.00,1.38
2014.01.29 20:26:08.271,0.7337,0.73402,1.00,1.38
2014.01.29 20:26:08.372,0.73367,0.73402,1.00,1.38
2014.01.29 20:26:08.852,0.73367,0.73394,1.00,1.38
2014.01.29 20:26:09.277,0.73364,0.73395,1.00,1.38
2014.01.29 20:26:10.138,0.73364,0.73393,1.00,1.38
2014.01.29 20:26:10.489,0.73362,0.73393,1.00,1.88
2014.01.29 20:26:10.797,0.73359,0.73393,1.00,1.88
2014.01.29 20:26:12.510,0.73359,0.73393,1.38,1.38
2014.01.29 20:26:12.711,0.7336,0.73402,1.13,1.00
2014.01.29 20:26:12.762,0.73379,0.73408,1.00,1.00
2014.01.29 20:26:12.819,0.73379,0.73411,1.00,1.00
2014.01.29 20:26:12.869,0.73382,0.73411,1.00,1.00
2014.01.29 20:26:13.230,0.73385,0.73411,1.00,1.00
2014.01.29 20:26:13.630,0.7339,0.73411,1.00,1.00
2014.01.29 20:26:14.381,0.7339,0.73412,1.00,1.00
2014.01.29 20:26:14.683,0.73389,0.73409,1.00,1.00
2014.01.29 20:26:15.437,0.73399,0.73409,1.00,1.00
2014.01.29 20:26:15.487,0.73399,0.73414,1.00,1.00
2014.01.29 20:26:15.659,0.73401,0.73414,1.00,1.00
2014.01.29 20:26:15.720,0.73398,0.73414,1.00,1.00
2014.01.29 20:26:15.771,0.73398,0.73417,1.00,1.00
2014.01.29 20:26:15.872,0.73407,0.73423,1.00,1.88
2014.01.29 20:26:15.972,0.73409,0.73423,1.00,1.50
2014.01.29 20:26:16.174,0.73414,0.73423,1.00,1.50
2014.01.29 20:26:16.325,0.73415,0.73431,1.00,1.00
2014.01.29 20:26:16.429,0.73418,0.73436,1.00,1.13
2014.01.29 20:26:16.540,0.73419,0.73432,1.00,1.00
2014.01.29 20:26:18.127,0.73419,0.73431,1.00,1.00
2014.01.29 20:26:18.411,0.73407,0.73432,1.00,1.00
2014.01.29 20:26:19.417,0.73407,0.73432,1.00,1.88
2014.01.29 20:26:19.468,0.73402,0.73431,1.00,1.88
2014.01.29 20:26:19.938,0.734,0.73431,1.00,2.48
2014.01.29 20:26:20.038,0.73397,0.73427,1.00,1.88
2014.01.29 20:26:20.644,0.73401,0.73427,1.00,1.38
2014.01.29 20:26:20.983,0.73418,0.73443,1.00,1.00
2014.01.29 20:26:21.516,0.73418,0.73442,1.00,1.00
2014.01.29 20:26:21.618,0.7342,0.73445,1.00,1.00
2014.01.29 20:26:21.720,0.7342,0.73448,1.00,1.00
2014.01.29 20:26:24.143,0.73427,0.73448,1.00,1.00
2014.01.29 20:26:24.194,0.73427,0.73453,1.00,1.38
2014.01.29 20:26:26.227,0.73427,0.73454,1.00,1.13
2014.01.29 20:26:26.277,0.73431,0.73454,1.00,1.13
2014.01.29 20:26:26.901,0.73437,0.73464,1.00,1.38
2014.01.29 20:26:27.004,0.73437,0.73464,1.00,1.38
2014.01.29 20:26:27.192,0.73437,0.73464,1.00,1.38
2014.01.29 20:26:27.243,0.7343,0.73458,1.00,1.38
2014.01.29 20:26:27.331,0.73433,0.73458,1.00,1.38
2014.01.29 20:26:28.377,0.73433,0.73456,1.00,1.98
2014.01.29 20:26:28.478,0.73417,0.73453,1.38,1.35
2014.01.29 20:26:28.971,0.73417,0.73453,1.38,2.85
2014.01.29 20:26:29.388,0.73415,0.73452,1.38,1.35
2014.01.29 20:26:30.376,0.73415,0.73452,1.38,1.35
2014.01.29 20:26:30.528,0.73415,0.73452,1.00,1.35
2014.01.29 20:26:30.629,0.73408,0.7345,1.00,2.10
2014.01.29 20:26:30.730,0.73406,0.73444,1.00,1.38
2014.01.29 20:26:31.367,0.73406,0.73444,1.00,1.38
2014.01.29 20:26:31.659,0.734,0.73439,1.13,1.98
2014.01.29 20:26:31.860,0.73397,0.73433,1.13,1.35
2014.01.29 20:26:32.396,0.73397,0.73433,1.13,1.35
2014.01.29 20:26:33.606,0.73397,0.73433,1.38,1.35
2014.01.29 20:26:33.929,0.73397,0.73433,1.00,1.35
2014.01.29 20:26:33.979,0.73401,0.73433,1.00,1.35
2014.01.29 20:26:34.378,0.73403,0.73439,1.00,1.98
2014.01.29 20:26:34.479,0.73403,0.73436,1.00,1.35
2014.01.29 20:26:35.234,0.73403,0.73429,1.00,1.35
2014.01.29 20:26:35.284,0.73393,0.73429,1.13,1.35
2014.01.29 20:26:35.385,0.73397,0.73431,1.00,1.88
2014.01.29 20:26:35.487,0.73397,0.73431,1.00,1.50
2014.01.29 20:26:35.678,0.73397,0.73431,1.00,1.50
2014.01.29 20:26:35.728,0.73401,0.73431,1.00,1.50
2014.01.29 20:26:37.026,0.73393,0.73432,1.00,1.38
2014.01.29 20:26:37.624,0.73395,0.73437,1.00,1.38
2014.01.29 20:26:37.674,0.73395,0.7344,1.88,1.38
2014.01.29 20:26:38.076,0.73395,0.73438,1.50,1.38
2014.01.29 20:26:38.491,0.73397,0.73438,1.13,1.38
2014.01.29 20:26:38.994,0.73392,0.73433,1.00,1.38
2014.01.29 20:26:40.408,0.73388,0.7343,1.38,1.38
2014.01.29 20:26:40.981,0.73388,0.7343,1.13,1.38
2014.01.29 20:26:42.357,0.73389,0.73429,1.00,1.88
2014.01.29 20:26:44.159,0.73388,0.7343,1.88,1.50
2014.01.29 20:26:44.210,0.73402,0.7343,1.00,1.00
2014.01.29 20:26:44.512,0.73406,0.7343,1.98,1.00
2014.01.29 20:26:44.714,0.73409,0.73443,1.88,1.00
2014.01.29 20:26:44.815,0.73406,0.73443,1.00,1.50
2014.01.29 20:26:45.155,0.73406,0.73434,1.00,2.48
2014.01.29 20:26:45.206,0.73387,0.7343,1.13,1.98
2014.01.29 20:26:45.407,0.73402,0.73431,1.00,1.38
2014.01.29 20:26:45.458,0.73402,0.73431,1.00,1.00
2014.01.29 20:26:45.559,0.73405,0.73438,1.00,1.00
2014.01.29 20:26:46.167,0.73406,0.73438,1.00,1.00
2014.01.29 20:26:46.218,0.73408,0.73443,1.00,1.00
2014.01.29 20:26:46.269,0.73412,0.73443,1.00,1.00
2014.01.29 20:26:46.764,0.73407,0.73444,2.25,1.00
2014.01.29 20:26:47.058,0.73406,0.73444,1.88,1.60
2014.01.29 20:26:47.405,0.73402,0.73443,1.88,3.23
2014.01.29 20:26:47.738,0.73402,0.73439,1.50,1.38
2014.01.29 20:26:47.889,0.73402,0.73438,1.00,1.38
2014.01.29 20:26:47.991,0.73398,0.73437,1.50,1.88
2014.01.29 20:26:50.578,0.73398,0.73437,1.88,1.88
2014.01.29 20:26:50.678,0.73399,0.73437,1.75,1.88
2014.01.29 20:26:50.996,0.73399,0.73437,1.38,1.88
2014.01.29 20:26:51.205,0.73397,0.73435,1.00,1.38
2014.01.29 20:26:53.289,0.73397,0.73434,1.00,1.38
2014.01.29 20:26:53.440,0.73394,0.73428,1.00,1.38
2014.01.29 20:26:54.964,0.73394,0.73434,1.00,1.00
2014.01.29 20:26:55.095,0.73394,0.73423,1.00,1.00
2014.01.29 20:26:55.368,0.7339,0.73423,1.00,1.00
2014.01.29 20:26:56.407,0.7339,0.73428,1.00,1.38
2014.01.29 20:26:56.917,0.73392,0.73428,1.00,1.38
2014.01.29 20:26:57.456,0.7339,0.73425,1.00,1.38
2014.01.29 20:26:58.666,0.73393,0.73425,2.48,1.00
2014.01.29 20:26:58.717,0.73393,0.73431,2.48,1.50
2014.01.29 20:26:58.918,0.73396,0.73431,1.35,1.50
2014.01.29 20:26:59.083,0.73402,0.73433,1.88,1.00
2014.01.29 20:26:59.234,0.73402,0.73433,1.88,1.00
2014.01.29 20:26:59.336,0.73402,0.73438,1.88,1.50
2014.01.29 20:26:59.488,0.73406,0.73438,2.48,1.00
2014.01.29 20:26:59.689,0.73409,0.73438,1.30,1.00
2014.01.29 20:27:01.315,0.73409,0.73442,1.30,1.00
2014.01.29 20:27:01.366,0.73409,0.73432,1.30,1.00
2014.01.29 20:27:01.416,0.73406,0.73432,1.00,1.00
2014.01.29 20:27:01.517,0.73402,0.73432,1.00,1.00
2014.01.29 20:27:01.597,0.73403,0.73432,2.10,1.00
2014.01.29 20:27:01.698,0.73403,0.73438,2.48,1.00
2014.01.29 20:27:01.893,0.73407,0.73433,1.35,1.00
2014.01.29 20:27:05.058,0.73408,0.73444,1.60,1.00
2014.01.29 20:27:05.160,0.73418,0.73444,2.48,1.00
2014.01.29 20:27:05.210,0.73418,0.73446,2.48,1.50
2014.01.29 20:27:05.261,0.73418,0.73449,2.48,1.00
2014.01.29 20:27:05.826,0.73423,0.73455,1.30,1.00
2014.01.29 20:27:05.927,0.73418,0.73455,1.35,1.00
2014.01.29 20:27:06.028,0.73419,0.73458,2.48,1.00
2014.01.29 20:27:06.135,0.73419,0.73458,2.48,1.00
2014.01.29 20:27:06.236,0.73419,0.73456,1.98,1.00
2014.01.29 20:27:06.698,0.73419,0.73456,1.98,1.00
2014.01.29 20:27:06.798,0.73423,0.73458,1.35,1.00
2014.01.29 20:27:07.426,0.73423,0.73459,1.35,1.00
2014.01.29 20:27:07.866,0.73419,0.73451,1.13,1.00
2014.01.29 20:27:07.916,0.73419,0.73451,1.38,1.00
2014.01.29 20:27:08.017,0.73416,0.7345,1.13,1.00
2014.01.29 20:27:08.118,0.73416,0.7345,1.88,1.00
2014.01.29 20:27:08.168,0.73417,0.73456,1.88,1.38
2014.01.29 20:27:08.269,0.73417,0.73456,1.38,1.00
2014.01.29 20:27:08.717,0.73417,0.73456,1.38,1.00
2014.01.29 20:27:08.768,0.73417,0.73451,1.38,1.00
2014.01.29 20:27:09.437,0.73417,0.73451,1.13,1.00
2014.01.29 20:27:11.198,0.73417,0.73447,1.13,1.00
2014.01.29 20:27:12.368,0.73414,0.73447,2.10,1.00
2014.01.29 20:27:14.727,0.73414,0.73446,1.35,1.00
2014.01.29 20:27:14.793,0.73414,0.73441,1.35,1.00
2014.01.29 20:27:14.844,0.7341,0.73441,1.30,1.00
2014.01.29 20:27:15.055,0.73409,0.73439,1.60,1.00
2014.01.29 20:27:15.525,0.73405,0.7344,1.35,1.00
2014.01.29 20:27:16.035,0.73401,0.73438,2.85,1.00
2014.01.29 20:27:16.085,0.73399,0.73438,1.13,1.00
2014.01.29 20:27:16.236,0.73399,0.73434,1.13,1.00
2014.01.29 20:27:16.418,0.73398,0.73434,1.73,1.00
2014.01.29 20:27:16.525,0.73397,0.73434,1.60,1.00
2014.01.29 20:27:17.157,0.73396,0.73434,1.38,1.98
2014.01.29 20:27:17.207,0.73392,0.73434,1.00,3.23
2014.01.29 20:27:17.258,0.73392,0.73422,1.00,1.00
2014.01.29 20:27:17.308,0.7339,0.73422,1.00,1.00
2014.01.29 20:27:17.359,0.7339,0.73419,1.00,1.00
2014.01.29 20:27:17.459,0.73393,0.7343,1.60,1.00
2014.01.29 20:27:17.514,0.73396,0.73434,2.10,1.00
2014.01.29 20:27:18.577,0.73396,0.73434,1.50,1.00
2014.01.29 20:27:18.778,0.73394,0.73428,1.38,1.00
2014.01.29 20:27:19.459,0.73387,0.73426,2.10,1.00
2014.01.29 20:27:19.841,0.73392,0.73428,1.38,1.50
2014.01.29 20:27:19.892,0.73389,0.73428,1.38,1.50
2014.01.29 20:27:19.993,0.73391,0.73424,1.38,1.00
2014.01.29 20:27:20.880,0.73388,0.73424,2.10,1.00
2014.01.29 20:27:22.420,0.73391,0.73424,1.00,1.00
2014.01.29 20:27:23.154,0.73389,0.73424,1.73,1.00
2014.01.29 20:27:23.306,0.73392,0.73424,1.00,1.00
2014.01.29 20:27:25.936,0.73397,0.73424,1.00,1.00
2014.01.29 20:27:26.438,0.73396,0.73424,1.00,1.00
2014.01.29 20:27:26.651,0.73396,0.73427,1.00,1.00
2014.01.29 20:27:26.861,0.73397,0.73421,1.00,1.00
2014.01.29 20:27:27.201,0.73397,0.73419,1.00,1.00
2014.01.29 20:27:27.746,0.73397,0.73422,1.00,1.00
2014.01.29 20:27:29.365,0.73396,0.73422,1.00,1.00
2014.01.29 20:27:29.674,0.73396,0.73424,1.00,1.00
2014.01.29 20:27:31.617,0.73396,0.73431,1.00,1.50
2014.01.29 20:27:31.667,0.73398,0.73431,1.30,1.50
2014.01.29 20:27:32.166,0.73398,0.73429,1.30,1.00
2014.01.29 20:27:32.665,0.734,0.73429,2.10,1.00
2014.01.29 20:27:32.716,0.734,0.73432,2.48,1.00
2014.01.29 20:27:32.867,0.73398,0.73432,1.35,1.00
2014.01.29 20:27:33.028,0.73396,0.73429,2.48,1.00
2014.01.29 20:27:34.085,0.73406,0.73429,1.00,1.00
2014.01.29 20:27:34.416,0.73421,0.73434,1.50,1.00
2014.01.29 20:27:34.567,0.73429,0.73453,2.10,1.00
2014.01.29 20:27:34.618,0.73418,0.73453,1.38,1.00
2014.01.29 20:27:34.668,0.73418,0.73436,1.00,1.00
2014.01.29 20:27:34.769,0.73414,0.73436,1.00,1.00
2014.01.29 20:27:34.820,0.73414,0.73434,1.00,1.00
2014.01.29 20:27:35.158,0.73408,0.73434,1.00,1.00
2014.01.29 20:27:35.381,0.73407,0.7342,1.00,1.00
2014.01.29 20:27:35.431,0.73405,0.7342,1.00,1.00
2014.01.29 20:27:35.482,0.73399,0.7342,1.38,1.00
2014.01.29 20:27:35.585,0.73397,0.7342,1.00,1.00
2014.01.29 20:27:35.745,0.734,0.7342,1.38,1.00
2014.01.29 20:27:35.799,0.73405,0.73434,1.00,1.00
2014.01.29 20:27:36.568,0.73405,0.73438,1.13,1.00
2014.01.29 20:27:37.039,0.73405,0.73435,1.00,1.00
2014.01.29 20:27:37.140,0.73405,0.73438,1.00,1.00
2014.01.29 20:27:37.241,0.73405,0.73434,1.00,1.00
2014.01.29 20:27:37.715,0.73402,0.73428,1.00,1.00
2014.01.29 20:27:38.657,0.73402,0.7342,1.00,1.00
2014.01.29 20:27:38.808,0.73396,0.7342,1.00,1.00
2014.01.29 20:27:38.909,0.73397,0.73424,1.00,1.00
2014.01.29 20:27:39.099,0.73397,0.73429,1.00,1.60
2014.01.29 20:27:39.200,0.73401,0.73429,1.00,1.00
2014.01.29 20:27:40.904,0.73396,0.73429,1.50,1.00
2014.01.29 20:27:41.190,0.73396,0.73426,1.50,1.00
2014.01.29 20:27:41.557,0.73396,0.73424,1.50,1.00
2014.01.29 20:27:42.060,0.73396,0.73425,1.00,1.00
2014.01.29 20:27:43.296,0.73396,0.7342,1.00,1.00
2014.01.29 20:27:43.397,0.73396,0.73424,1.00,1.00
2014.01.29 20:27:45.920,0.73395,0.73424,1.00,1.00
2014.01.29 20:27:46.092,0.734,0.73424,2.10,1.00
2014.01.29 20:27:46.241,0.734,0.73431,2.48,1.00
2014.01.29 20:27:46.444,0.73406,0.73431,1.00,1.00
2014.01.29 20:27:46.559,0.73406,0.73438,1.00,1.00
2014.01.29 20:27:46.711,0.73402,0.73429,1.38,1.00
2014.01.29 20:27:46.811,0.734,0.73438,2.10,1.00
2014.01.29 20:27:47.168,0.73404,0.73443,1.00,1.00
2014.01.29 20:27:47.219,0.73404,0.73443,1.38,1.00
2014.01.29 20:27:47.370,0.73409,0.73447,1.38,1.00
2014.01.29 20:27:47.730,0.7341,0.73451,1.00,1.00
2014.01.29 20:27:48.095,0.73408,0.73444,1.38,1.00
2014.01.29 20:27:48.895,0.73411,0.73441,1.00,1.00
2014.01.29 20:27:49.673,0.73407,0.73441,1.38,1.00
2014.01.29 20:27:49.724,0.73407,0.73441,1.38,1.00
2014.01.29 20:27:50.133,0.73407,0.73439,1.50,1.00
2014.01.29 20:27:50.470,0.73407,0.73435,1.00,1.00
2014.01.29 20:27:50.790,0.73407,0.73432,1.00,1.00
2014.01.29 20:27:50.891,0.73403,0.73432,1.38,1.00
2014.01.29 20:27:51.128,0.73403,0.73432,1.00,1.00
2014.01.29 20:27:51.850,0.73403,0.73438,1.00,1.00
2014.01.29 20:27:51.900,0.73403,0.73438,1.38,1.00
2014.01.29 20:27:52.202,0.73407,0.73438,1.13,1.00
2014.01.29 20:27:52.544,0.73414,0.73441,1.00,1.00
2014.01.29 20:27:53.105,0.73416,0.73441,1.00,1.00
2014.01.29 20:27:53.256,0.73411,0.73438,1.00,1.00
2014.01.29 20:27:56.273,0.73411,0.7344,1.00,1.00
2014.01.29 20:27:56.822,0.73411,0.73437,1.00,1.00
2014.01.29 20:27:56.923,0.73406,0.73444,1.38,1.35
2014.01.29 20:27:56.973,0.73406,0.73444,1.38,1.35
2014.01.29 20:27:57.275,0.73395,0.73436,1.38,1.50
2014.01.29 20:27:57.426,0.73395,0.73436,1.38,1.50
2014.01.29 20:27:57.658,0.73395,0.73436,1.13,1.50
2014.01.29 20:27:57.708,0.73393,0.73432,2.10,1.50
2014.01.29 20:27:58.036,0.73389,0.73426,1.98,1.50
2014.01.29 20:27:59.178,0.73386,0.73426,2.10,1.50
2014.01.29 20:28:00.959,0.73386,0.73426,2.10,1.50
2014.01.29 20:28:01.645,0.73386,0.73424,2.10,1.50
2014.01.29 20:28:02.496,0.73385,0.73421,1.38,1.38
2014.01.29 20:28:02.597,0.73377,0.73412,1.00,1.00
2014.01.29 20:28:02.895,0.73372,0.73412,1.88,1.00
2014.01.29 20:28:03.128,0.73372,0.73412,1.88,1.00
2014.01.29 20:28:03.279,0.73376,0.73415,1.00,1.50
2014.01.29 20:28:05.046,0.73376,0.73415,1.60,1.50
2014.01.29 20:28:05.273,0.7338,0.73418,1.00,1.50
2014.01.29 20:28:05.976,0.73383,0.73417,1.00,1.00
2014.01.29 20:28:06.379,0.73382,0.73416,1.00,2.10
2014.01.29 20:28:06.429,0.73372,0.73414,1.73,3.23
2014.01.29 20:28:06.530,0.73371,0.73408,1.98,1.50
2014.01.29 20:28:07.057,0.73372,0.73409,3.60,1.00
2014.01.29 20:28:07.308,0.73377,0.73417,1.38,1.50
2014.01.29 20:28:07.513,0.7338,0.73416,1.60,1.00
2014.01.29 20:28:07.615,0.73383,0.73422,1.00,1.38
2014.01.29 20:28:07.716,0.73382,0.73423,1.35,1.88
2014.01.29 20:28:07.817,0.73385,0.73423,1.60,1.88
2014.01.29 20:28:08.725,0.73385,0.73423,1.60,1.50
2014.01.29 20:28:10.376,0.73382,0.73421,1.13,1.00
2014.01.29 20:28:10.426,0.73386,0.73421,1.00,1.00
2014.01.29 20:28:10.768,0.73386,0.73419,1.00,1.38
2014.01.29 20:28:10.818,0.73386,0.73419,1.00,1.00
2014.01.29 20:28:12.906,0.73381,0.73419,1.00,1.50
2014.01.29 20:28:18.253,0.73382,0.73419,1.00,1.50
2014.01.29 20:28:20.233,0.73381,0.73419,1.00,1.50
2014.01.29 20:28:21.667,0.73384,0.73419,1.00,1.50
2014.01.29 20:28:21.918,0.73382,0.73422,1.50,1.50
2014.01.29 20:28:22.019,0.73386,0.73422,1.00,1.00
2014.01.29 20:28:22.204,0.73382,0.73422,1.00,1.50
2014.01.29 20:28:22.913,0.73384,0.73423,1.00,1.00
2014.01.29 20:28:24.528,0.73385,0.73423,1.00,1.00
2014.01.29 20:28:24.834,0.73387,0.73423,1.00,1.00
2014.01.29 20:28:27.845,0.73389,0.73423,2.10,1.00
2014.01.29 20:28:28.047,0.73402,0.73438,1.00,1.00
2014.01.29 20:28:28.464,0.73397,0.73439,1.00,1.50
2014.01.29 20:28:29.138,0.73396,0.73435,1.00,1.00
2014.01.29 20:28:30.566,0.73396,0.73434,1.00,1.00
2014.01.29 20:28:31.493,0.73395,0.73434,1.00,1.00
2014.01.29 20:28:32.334,0.73397,0.73434,1.00,1.13
2014.01.29 20:28:34.425,0.73395,0.73434,1.00,1.13
2014.01.29 20:28:35.512,0.73391,0.73433,1.00,1.00
2014.01.29 20:28:35.563,0.73394,0.73433,1.00,1.00
2014.01.29 20:28:37.435,0.73394,0.73434,1.50,1.00
2014.01.29 20:28:37.758,0.73401,0.73434,1.00,1.00
2014.01.29 20:28:37.840,0.73397,0.73434,1.00,1.00
2014.01.29 20:28:38.568,0.73397,0.73437,1.00,1.38
2014.01.29 20:28:38.777,0.73401,0.73439,1.00,1.13
2014.01.29 20:28:39.334,0.73401,0.73438,1.00,1.00
2014.01.29 20:28:40.064,0.73398,0.73438,1.00,1.00
2014.01.29 20:28:40.115,0.73398,0.73428,1.00,1.00
2014.01.29 20:28:40.216,0.73396,0.73428,1.00,1.00
2014.01.29 20:28:40.367,0.73396,0.73423,1.00,1.00
2014.01.29 20:28:40.544,0.73396,0.73428,1.00,1.00
2014.01.29 20:28:40.655,0.73396,0.73434,1.00,1.00
2014.01.29 20:28:40.895,0.73396,0.73437,1.00,1.68
2014.01.29 20:28:45.358,0.73396,0.73434,1.00,1.00
2014.01.29 20:28:45.935,0.73396,0.73433,1.00,1.00
2014.01.29 20:28:46.723,0.73396,0.73434,1.00,1.00
2014.01.29 20:28:50.445,0.73396,0.73429,1.00,1.00
2014.01.29 20:28:50.577,0.73396,0.73433,1.00,1.00
2014.01.29 20:28:50.728,0.73398,0.73433,1.00,1.00
2014.01.29 20:28:53.634,0.73398,0.73428,1.00,1.00
2014.01.29 20:28:55.146,0.73398,0.73428,1.38,1.00
2014.01.29 20:28:55.397,0.73398,0.73433,1.38,1.00
2014.01.29 20:28:56.655,0.73398,0.73428,1.00,1.00
2014.01.29 20:28:57.866,0.73398,0.73434,1.00,1.00
2014.01.29 20:29:01.185,0.73395,0.73434,1.88,1.00
2014.01.29 20:29:02.010,0.73395,0.73434,1.88,1.00
2014.01.29 20:29:03.408,0.73395,0.73436,1.88,1.50
2014.01.29 20:29:04.153,0.73395,0.73433,1.88,1.00
2014.01.29 20:29:04.253,0.73392,0.73433,1.38,2.63
2014.01.29 20:29:04.304,0.7339,0.73431,1.98,1.50
2014.01.29 20:29:06.138,0.7339,0.73431,1.60,1.50
2014.01.29 20:29:07.154,0.7339,0.73429,1.35,1.13
2014.01.29 20:29:07.516,0.73393,0.73429,1.00,1.00
2014.01.29 20:29:08.023,0.7339,0.73429,1.13,1.00
2014.01.29 20:29:08.124,0.7339,0.73424,1.13,1.00
2014.01.29 20:29:08.319,0.7339,0.73428,1.13,1.00
2014.01.29 20:29:08.865,0.7339,0.73424,1.13,1.00
2014.01.29 20:29:09.415,0.7339,0.73429,1.13,1.00
2014.01.29 20:29:12.744,0.7339,0.73429,1.88,1.00
2014.01.29 20:29:16.738,0.7339,0.73429,1.00,2.25
2014.01.29 20:29:16.912,0.73387,0.73429,1.38,2.25
2014.01.29 20:29:18.322,0.73387,0.73424,1.38,1.00
2014.01.29 20:29:18.597,0.73391,0.73429,1.00,1.50
2014.01.29 20:29:19.982,0.7339,0.73428,1.00,1.00
2014.01.29 20:29:21.363,0.7339,0.73429,1.00,2.25
2014.01.29 20:29:21.447,0.7339,0.73425,1.00,1.00
2014.01.29 20:29:21.497,0.73385,0.73425,1.88,1.00
2014.01.29 20:29:22.011,0.73386,0.73428,1.75,1.38
2014.01.29 20:29:23.234,0.73387,0.73423,1.50,1.00
2014.01.29 20:29:23.549,0.73386,0.73419,1.13,1.00
2014.01.29 20:29:23.700,0.73385,0.73419,1.38,1.00
2014.01.29 20:29:23.801,0.73383,0.73419,1.73,1.00
2014.01.29 20:29:24.002,0.73379,0.73419,2.10,1.88
2014.01.29 20:29:24.385,0.73382,0.73419,1.00,1.88
2014.01.29 20:29:25.604,0.73382,0.7342,2.48,1.00
2014.01.29 20:29:26.307,0.73386,0.73423,1.00,1.50
2014.01.29 20:29:26.642,0.73395,0.73426,1.13,1.00
2014.01.29 20:29:28.007,0.73395,0.73423,1.13,1.00
2014.01.29 20:29:28.259,0.73381,0.73423,1.88,1.75
2014.01.29 20:29:31.335,0.7338,0.73419,1.38,3.98
2014.01.29 20:29:31.587,0.73377,0.73409,1.00,2.10
2014.01.29 20:29:31.688,0.73366,0.73405,1.75,1.13
2014.01.29 20:29:31.788,0.73366,0.73405,1.50,1.88
2014.01.29 20:29:31.839,0.73362,0.73404,1.00,1.00
2014.01.29 20:29:32.374,0.73366,0.73404,1.00,2.25
2014.01.29 20:29:32.819,0.7337,0.73404,1.00,1.00
2014.01.29 20:29:35.444,0.7337,0.73404,1.38,1.00
2014.01.29 20:29:35.495,0.73371,0.73412,1.38,1.00
2014.01.29 20:29:37.863,0.7338,0.73412,1.00,1.00
2014.01.29 20:29:38.014,0.7338,0.73414,1.00,1.00
2014.01.29 20:29:38.479,0.7338,0.7341,1.00,1.00
2014.01.29 20:29:39.913,0.7338,0.73411,1.00,1.00
2014.01.29 20:29:40.291,0.7338,0.73413,1.00,1.00
2014.01.29 20:29:41.335,0.7338,0.73416,1.00,1.13
2014.01.29 20:29:47.612,0.7338,0.73416,1.38,1.00
2014.01.29 20:29:56.571,0.7338,0.73413,1.38,1.00
2014.01.29 20:30:09.334,0.73379,0.73413,1.00,1.00
2014.01.29 20:30:09.384,0.73379,0.73411,1.00,1.00
2014.01.29 20:30:12.729,0.73372,0.73411,1.35,1.00
2014.01.29 20:30:12.796,0.73372,0.7341,1.68,1.50
2014.01.29 20:30:14.201,0.73372,0.7341,1.35,1.50
2014.01.29 20:30:16.241,0.73374,0.7341,1.28,1.00
2014.01.29 20:30:16.762,0.73376,0.7341,1.50,1.00
2014.01.29 20:30:16.985,0.73373,0.73411,1.20,1.00
2014.01.29 20:30:18.059,0.73371,0.7341,1.88,1.50
2014.01.29 20:30:18.149,0.73371,0.7341,1.88,1.50
2014.01.29 20:30:19.072,0.73368,0.7341,1.38,1.50
2014.01.29 20:30:20.764,0.73368,0.7341,1.00,1.88
2014.01.29 20:30:20.815,0.73368,0.73406,1.00,1.00
2014.01.29 20:30:21.117,0.73366,0.73403,1.00,1.00
2014.01.29 20:30:21.218,0.73363,0.73403,1.13,1.00
2014.01.29 20:30:21.826,0.73366,0.73403,1.00,1.00
2014.01.29 20:30:21.935,0.73363,0.73403,1.13,1.00
2014.01.29 20:30:22.122,0.73363,0.73391,1.13,1.00
2014.01.29 20:30:22.463,0.73363,0.73399,1.00,1.38
2014.01.29 20:30:22.563,0.73363,0.73399,1.00,1.00
2014.01.29 20:30:22.815,0.73357,0.73396,1.53,1.50
2014.01.29 20:30:22.866,0.73357,0.73396,1.00,1.50
2014.01.29 20:30:22.966,0.73358,0.73396,1.38,1.50
2014.01.29 20:30:23.285,0.7335,0.73385,1.13,2.48
2014.01.29 20:30:23.487,0.73345,0.73383,1.38,1.00
2014.01.29 20:30:23.587,0.73346,0.73385,1.00,1.00
2014.01.29 20:30:23.638,0.73357,0.73385,1.00,1.00
2014.01.29 20:30:23.739,0.73357,0.73392,1.00,1.00
2014.01.29 20:30:24.304,0.73357,0.73387,1.00,1.00
2014.01.29 20:30:24.619,0.73342,0.7338,1.83,2.48
2014.01.29 20:30:24.721,0.73342,0.7338,1.00,2.48
2014.01.29 20:30:24.944,0.73345,0.73379,1.00,1.00
2014.01.29 20:30:25.044,0.73348,0.73388,1.00,1.00
2014.01.29 20:30:25.435,0.73358,0.73388,1.00,1.00
2014.01.29 20:30:25.727,0.73358,0.73391,1.00,1.00
2014.01.29 20:30:26.204,0.73351,0.73391,1.00,1.50
2014.01.29 20:30:26.731,0.73351,0.73384,1.00,1.00
2014.01.29 20:30:27.034,0.73336,0.73357,1.00,1.98
2014.01.29 20:30:27.085,0.73322,0.73352,1.00,1.98
2014.01.29 20:30:27.186,0.73331,0.73352,1.00,1.38
2014.01.29 20:30:27.289,0.73331,0.73353,1.00,1.50
2014.01.29 20:30:27.343,0.73333,0.73372,1.00,1.00
2014.01.29 20:30:27.393,0.73351,0.73382,1.00,1.38
2014.01.29 20:30:27.444,0.73351,0.73382,1.00,1.00
2014.01.29 20:30:27.495,0.73356,0.73384,1.00,1.00
2014.01.29 20:30:27.696,0.73353,0.73384,1.00,1.00
2014.01.29 20:30:27.797,0.73355,0.73384,1.00,1.00
2014.01.29 20:30:27.848,0.73355,0.73393,1.00,1.38
2014.01.29 20:30:27.898,0.73359,0.73393,1.00,1.00
2014.01.29 20:30:28.050,0.73362,0.73402,1.00,1.50
2014.01.29 20:30:28.151,0.73362,0.73402,1.50,1.00
2014.01.29 20:30:28.467,0.73374,0.73407,1.00,1.50
2014.01.29 20:30:28.872,0.73374,0.73404,1.00,1.00
2014.01.29 20:30:29.577,0.73374,0.73408,1.00,1.50
2014.01.29 20:30:29.678,0.73374,0.73408,1.00,1.88
2014.01.29 20:30:29.967,0.73374,0.73408,1.00,1.00
2014.01.29 20:30:30.180,0.73376,0.73408,1.00,1.00
2014.01.29 20:30:30.294,0.73376,0.73415,1.00,1.00
2014.01.29 20:30:30.892,0.73376,0.73398,1.00,2.10
2014.01.29 20:30:30.994,0.73372,0.73393,1.00,1.98
2014.01.29 20:30:31.094,0.73359,0.73392,1.00,1.38
2014.01.29 20:30:31.195,0.73359,0.73398,1.00,1.00
2014.01.29 20:30:31.365,0.73359,0.73393,1.00,1.00
2014.01.29 20:30:31.718,0.73359,0.73398,1.00,1.00
2014.01.29 20:30:31.870,0.73359,0.73393,1.00,1.00
2014.01.29 20:30:32.323,0.73359,0.73384,1.00,1.00
2014.01.29 20:30:32.525,0.73354,0.73381,1.00,1.00
2014.01.29 20:30:32.680,0.73354,0.73376,1.00,1.00
2014.01.29 20:30:32.730,0.73347,0.73376,1.00,1.00
2014.01.29 20:30:32.831,0.73339,0.73376,1.13,1.00
2014.01.29 20:30:34.183,0.73339,0.73376,1.73,1.00
2014.01.29 20:30:34.284,0.73349,0.73384,1.38,1.00
2014.01.29 20:30:34.384,0.73354,0.73393,1.00,1.20
2014.01.29 20:30:34.549,0.73358,0.73393,1.00,1.00
2014.01.29 20:30:36.358,0.73358,0.73389,1.00,1.00
2014.01.29 20:30:36.666,0.73342,0.73376,1.38,1.00
2014.01.29 20:30:36.773,0.73342,0.73379,1.38,1.00
2014.01.29 20:30:37.033,0.73342,0.73378,1.00,1.00
2014.01.29 20:30:37.583,0.73338,0.7338,1.38,1.50
2014.01.29 20:30:38.693,0.73342,0.7338,1.00,1.00
2014.01.29 20:30:39.089,0.73346,0.73379,1.00,1.00
2014.01.29 20:30:40.144,0.73346,0.73379,1.38,1.00
2014.01.29 20:30:40.246,0.73352,0.73392,1.38,1.53
2014.01.29 20:30:40.346,0.73355,0.73394,1.00,1.00
2014.01.29 20:30:40.884,0.73356,0.73394,1.00,1.13
2014.01.29 20:30:41.276,0.73359,0.73394,1.00,1.00
2014.01.29 20:30:41.805,0.73359,0.73394,1.00,1.60
2014.01.29 20:30:41.855,0.73355,0.73386,1.38,1.00
2014.01.29 20:30:41.906,0.73355,0.73386,1.00,1.88
2014.01.29 20:30:41.956,0.73342,0.73383,1.00,1.88
2014.01.29 20:30:42.057,0.73338,0.73379,1.38,1.38
2014.01.29 20:30:42.903,0.73342,0.73378,1.00,2.63
2014.01.29 20:30:43.124,0.73339,0.73378,1.13,2.63
2014.01.29 20:30:43.175,0.73348,0.73378,1.00,1.88
2014.01.29 20:30:43.277,0.73348,0.73383,1.00,1.00
2014.01.29 20:30:43.386,0.73351,0.73392,1.00,1.83
2014.01.29 20:30:43.763,0.73355,0.73392,1.00,1.83
2014.01.29 20:30:44.593,0.73355,0.73394,1.00,1.75
2014.01.29 20:30:44.966,0.73355,0.7339,1.00,1.50
2014.01.29 20:30:45.017,0.73344,0.7338,1.13,1.00
2014.01.29 20:30:47.672,0.7335,0.7338,1.38,1.50
2014.01.29 20:30:47.722,0.7335,0.73389,1.38,1.23
2014.01.29 20:30:47.773,0.7335,0.73389,1.38,1.00
2014.01.29 20:30:47.823,0.73353,0.73393,1.00,1.75
2014.01.29 20:30:47.924,0.73351,0.7339,1.13,1.50
2014.01.29 20:30:48.446,0.73351,0.73384,1.00,1.00
2014.01.29 20:30:48.774,0.73355,0.73384,1.00,1.00
2014.01.29 20:30:49.106,0.73351,0.73384,1.38,1.00
2014.01.29 20:30:49.207,0.73349,0.73387,1.38,1.00
2014.01.29 20:30:49.931,0.73349,0.73387,1.00,1.00
2014.01.29 20:30:49.981,0.73348,0.73386,1.00,1.38
2014.01.29 20:30:50.032,0.7334,0.7338,1.38,1.00
2014.01.29 20:30:50.655,0.73338,0.73377,1.38,1.00
2014.01.29 20:30:50.706,0.73338,0.73377,1.00,1.38
2014.01.29 20:30:51.593,0.73335,0.73374,1.00,1.00
2014.01.29 20:30:51.694,0.73335,0.73374,1.00,1.88
2014.01.29 20:30:51.745,0.73332,0.73364,1.00,1.00
2014.01.29 20:30:53.572,0.73331,0.73364,1.00,1.50
2014.01.29 20:30:53.774,0.73331,0.7337,1.50,1.00
2014.01.29 20:30:53.854,0.73333,0.73374,1.00,1.00
2014.01.29 20:30:56.723,0.73336,0.73374,1.00,1.00
2014.01.29 20:30:57.028,0.73338,0.73374,1.00,1.00
2014.01.29 20:30:57.278,0.73336,0.73374,1.00,1.00
2014.01.29 20:30:58.034,0.73334,0.73374,1.00,1.00
2014.01.29 20:30:58.206,0.73336,0.73377,1.50,1.38
2014.01.29 20:30:58.538,0.73336,0.73374,1.00,1.00
2014.01.29 20:30:59.605,0.73344,0.73374,1.00,1.00
2014.01.29 20:30:59.774,0.73344,0.73382,1.00,1.00
2014.01.29 20:31:00.582,0.73344,0.73383,1.00,1.13
2014.01.29 20:31:00.687,0.73348,0.73384,1.00,1.38
2014.01.29 20:31:01.094,0.73348,0.73384,1.00,1.60
2014.01.29 20:31:01.195,0.73335,0.73373,1.00,1.38
2014.01.29 20:31:01.246,0.73332,0.73373,1.50,1.88
2014.01.29 20:31:01.397,0.73348,0.73373,1.00,1.88
2014.01.29 20:31:01.497,0.7335,0.73386,1.00,1.13
2014.01.29 20:31:02.464,0.73352,0.73378,1.00,1.00
2014.01.29 20:31:02.565,0.73352,0.7339,1.00,1.59
2014.01.29 20:31:02.666,0.73352,0.73387,1.00,1.38
2014.01.29 20:31:02.865,0.73352,0.73387,1.00,1.98
2014.01.29 20:31:02.965,0.73335,0.73374,1.00,1.88
2014.01.29 20:31:03.066,0.73331,0.73371,1.00,1.50
2014.01.29 20:31:03.117,0.73349,0.73371,1.00,1.50
2014.01.29 20:31:03.169,0.73349,0.73371,1.00,1.13
2014.01.29 20:31:03.269,0.73349,0.73375,1.00,1.00
2014.01.29 20:31:03.333,0.73349,0.73382,1.00,1.60
2014.01.29 20:31:04.031,0.73349,0.73389,1.00,1.75
2014.01.29 20:31:04.082,0.73349,0.73389,1.50,1.88
2014.01.29 20:31:04.612,0.7335,0.73389,1.00,1.38
2014.01.29 20:31:04.713,0.73341,0.73382,1.00,1.88
2014.01.29 20:31:04.763,0.73335,0.73377,1.00,1.38
2014.01.29 20:31:05.466,0.73336,0.73376,1.00,2.63
2014.01.29 20:31:07.443,0.73345,0.73376,1.00,1.50
2014.01.29 20:31:07.494,0.73345,0.7338,1.00,1.00
2014.01.29 20:31:07.585,0.73345,0.73384,1.50,1.00
2014.01.29 20:31:09.564,0.73345,0.73384,1.50,1.60
2014.01.29 20:31:09.614,0.73345,0.73381,1.50,1.00
2014.01.29 20:31:09.922,0.73336,0.73374,1.38,1.38
2014.01.29 20:31:11.204,0.73331,0.73372,1.38,2.25
2014.01.29 20:31:11.254,0.73331,0.73371,1.38,1.38
2014.01.29 20:31:11.796,0.73331,0.73372,1.88,2.25
2014.01.29 20:31:11.947,0.73336,0.73372,1.00,1.50
2014.01.29 20:31:12.047,0.73334,0.73372,1.00,1.00
2014.01.29 20:31:12.902,0.73337,0.73372,1.00,1.00
2014.01.29 20:31:14.842,0.73339,0.73371,1.00,1.00
2014.01.29 20:31:16.187,0.73342,0.73372,1.00,1.00
2014.01.29 20:31:17.105,0.73342,0.73372,1.00,1.38
2014.01.29 20:31:17.355,0.73341,0.73372,1.50,1.00
2014.01.29 20:31:17.635,0.73347,0.73372,1.00,1.00
2014.01.29 20:31:19.288,0.73344,0.73372,1.00,1.00
2014.01.29 20:31:23.385,0.73342,0.73371,1.88,1.00
2014.01.29 20:31:24.357,0.73342,0.73365,1.88,1.00
2014.01.29 20:31:24.717,0.73342,0.7337,1.88,1.00
2014.01.29 20:31:24.818,0.73346,0.73374,1.00,1.00
2014.01.29 20:31:25.019,0.73352,0.73374,1.00,1.00
2014.01.29 20:31:25.324,0.73352,0.73369,1.00,1.00
2014.01.29 20:31:25.375,0.73347,0.73369,1.00,1.00
2014.01.29 20:31:26.462,0.73352,0.73369,1.00,1.00
2014.01.29 20:31:26.556,0.73352,0.73374,1.00,1.00
2014.01.29 20:31:28.661,0.73351,0.73374,1.00,1.00
2014.01.29 20:31:29.683,0.73351,0.73369,1.00,1.00
2014.01.29 20:31:29.994,0.73351,0.73367,1.00,1.00
2014.01.29 20:31:30.286,0.73347,0.73365,1.50,1.00
2014.01.29 20:31:35.043,0.73352,0.73365,1.00,1.00
2014.01.29 20:31:36.142,0.73347,0.73365,1.00,1.00
2014.01.29 20:31:37.622,0.73348,0.73365,2.10,1.00
2014.01.29 20:31:37.673,0.73348,0.7338,2.10,1.00
2014.01.29 20:31:37.824,0.73354,0.7338,2.10,1.00
2014.01.29 20:31:37.886,0.73354,0.73382,2.10,1.00
2014.01.29 20:31:37.937,0.73354,0.73394,2.48,1.73
2014.01.29 20:31:38.461,0.73358,0.73397,1.98,1.13
2014.01.29 20:31:38.987,0.73358,0.73396,1.98,1.00
2014.01.29 20:31:39.327,0.73354,0.73393,3.23,1.00
2014.01.29 20:31:39.378,0.73354,0.73393,1.38,1.00
2014.01.29 20:31:39.429,0.73354,0.7339,1.75,1.00
2014.01.29 20:31:39.731,0.73361,0.73381,1.00,1.00
2014.01.29 20:31:40.089,0.73361,0.73378,1.00,1.00
2014.01.29 20:31:41.103,0.73361,0.73372,1.00,1.00
2014.01.29 20:31:41.204,0.73353,0.73367,1.00,1.00
2014.01.29 20:31:41.305,0.73348,0.73367,1.00,1.00
2014.01.29 20:31:41.406,0.73344,0.73367,1.00,1.00
2014.01.29 20:31:41.606,0.73344,0.73367,1.38,1.00
2014.01.29 20:31:41.706,0.73363,0.73396,2.48,1.73
2014.01.29 20:31:41.857,0.73365,0.73388,1.98,1.00
2014.01.29 20:31:41.908,0.73365,0.73388,1.38,1.00
2014.01.29 20:31:42.009,0.73365,0.73388,1.00,1.00
2014.01.29 20:31:42.210,0.73365,0.73391,1.00,1.00
2014.01.29 20:31:42.562,0.73368,0.73391,1.00,1.00
2014.01.29 20:31:42.903,0.73365,0.73391,1.00,1.00
2014.01.29 20:31:43.105,0.73363,0.73389,1.00,1.00
2014.01.29 20:31:43.608,0.7336,0.73398,1.98,1.50
2014.01.29 20:31:43.709,0.73366,0.73398,1.00,1.00
2014.01.29 20:31:44.465,0.73366,0.73398,1.38,1.00
2014.01.29 20:31:44.806,0.73359,0.73386,1.50,1.00
2014.01.29 20:31:44.957,0.73363,0.73398,1.00,1.00
2014.01.29 20:31:45.152,0.73363,0.73398,1.38,1.00
2014.01.29 20:31:45.454,0.73366,0.73402,1.98,1.00
2014.01.29 20:31:46.737,0.7337,0.73407,1.38,1.00
2014.01.29 20:31:47.292,0.73372,0.73407,2.48,1.00
2014.01.29 20:31:47.345,0.73372,0.7341,2.48,1.50
2014.01.29 20:31:47.855,0.73377,0.73411,1.98,1.00
2014.01.29 20:31:48.931,0.73377,0.73407,1.60,1.00
2014.01.29 20:31:49.382,0.73376,0.73407,1.00,1.00
2014.01.29 20:31:49.664,0.73371,0.73407,1.98,1.00
2014.01.29 20:31:49.772,0.73372,0.73407,1.30,1.00
2014.01.29 20:31:50.872,0.73371,0.73407,1.98,1.00
2014.01.29 20:31:51.023,0.73373,0.73409,1.50,1.00
2014.01.29 20:31:51.310,0.73372,0.73406,1.30,1.00
2014.01.29 20:31:51.461,0.73372,0.73408,1.30,1.00
2014.01.29 20:31:51.562,0.73372,0.73408,1.35,1.00
2014.01.29 20:31:52.432,0.73376,0.73408,1.00,1.00
2014.01.29 20:31:52.559,0.73376,0.73414,1.13,1.00
2014.01.29 20:31:52.800,0.73381,0.73414,1.00,1.50
2014.01.29 20:31:53.381,0.73381,0.73414,1.60,1.50
2014.01.29 20:31:54.172,0.73384,0.73416,1.30,1.00
2014.01.29 20:31:54.534,0.73379,0.73412,1.00,1.00
2014.01.29 20:31:54.635,0.73369,0.73405,1.58,1.00
2014.01.29 20:31:55.054,0.7337,0.73402,1.38,1.00
2014.01.29 20:31:55.104,0.7337,0.73406,1.38,1.00
2014.01.29 20:31:57.090,0.73375,0.73406,2.10,1.00
2014.01.29 20:31:57.191,0.73382,0.73408,1.30,1.00
2014.01.29 20:31:57.291,0.73382,0.73414,1.30,1.00
2014.01.29 20:31:57.342,0.73382,0.73414,1.50,1.00
2014.01.29 20:31:57.543,0.73373,0.73406,1.00,1.00
2014.01.29 20:31:57.757,0.73371,0.73406,1.00,1.00
2014.01.29 20:31:58.521,0.73374,0.73406,1.38,1.00
2014.01.29 20:32:00.637,0.73377,0.73406,1.00,1.00
2014.01.29 20:32:00.687,0.73377,0.7341,1.13,1.00
2014.01.29 20:32:02.042,0.73377,0.7341,1.38,1.00
2014.01.29 20:32:02.534,0.73377,0.7341,1.38,1.00
2014.01.29 20:32:03.665,0.73378,0.73412,1.38,1.00
2014.01.29 20:32:04.432,0.7338,0.73415,2.48,1.00
2014.01.29 20:32:04.533,0.73385,0.73417,1.98,1.00
2014.01.29 20:32:04.634,0.73387,0.73417,1.30,1.00
2014.01.29 20:32:08.724,0.73385,0.73414,1.60,1.00
2014.01.29 20:32:09.002,0.73382,0.73414,1.38,1.00
2014.01.29 20:32:09.650,0.73381,0.73414,1.38,1.00
2014.01.29 20:32:09.777,0.73381,0.73414,1.13,1.00
2014.01.29 20:32:09.982,0.73378,0.73414,1.38,1.00
2014.01.29 20:32:10.926,0.73378,0.73414,1.38,1.00
2014.01.29 20:32:11.077,0.73382,0.73417,1.38,1.00
2014.01.29 20:32:11.935,0.73381,0.73417,1.73,1.00
2014.01.29 20:32:12.479,0.73381,0.73417,1.73,1.00
2014.01.29 20:32:12.579,0.73381,0.73417,1.73,1.00
2014.01.29 20:32:13.087,0.73381,0.73417,1.73,1.00
2014.01.29 20:32:15.652,0.73381,0.73417,1.73,1.00
2014.01.29 20:32:15.922,0.73381,0.73417,1.73,1.00
2014.01.29 20:32:16.123,0.73381,0.73422,1.73,1.00
2014.01.29 20:32:16.371,0.73387,0.73423,2.48,1.50
2014.01.29 20:32:16.473,0.73391,0.73428,1.35,1.50
2014.01.29 20:32:16.624,0.73394,0.73423,1.35,1.00
2014.01.29 20:32:16.675,0.73392,0.73423,1.35,1.00
2014.01.29 20:32:18.240,0.7339,0.73428,1.98,1.50
2014.01.29 20:32:19.735,0.7339,0.73426,1.98,1.00
2014.01.29 20:32:20.211,0.73387,0.73426,1.38,1.50
2014.01.29 20:32:20.262,0.73387,0.73426,1.00,1.50
2014.01.29 20:32:20.312,0.73387,0.73422,1.00,1.00
2014.01.29 20:32:21.644,0.73387,0.73422,1.60,1.00
2014.01.29 20:32:21.947,0.73384,0.7342,1.85,1.00
2014.01.29 20:32:21.998,0.7339,0.7342,1.00,1.00
2014.01.29 20:32:22.099,0.73384,0.7342,1.95,1.00
2014.01.29 20:32:25.932,0.73384,0.73424,2.85,1.50
2014.01.29 20:32:26.034,0.73388,0.73424,1.00,1.00
2014.01.29 20:32:26.299,0.73386,0.73424,1.00,1.13
2014.01.29 20:32:26.555,0.73386,0.73419,1.00,1.00
2014.01.29 20:32:29.355,0.73387,0.73419,1.00,1.00
2014.01.29 20:32:31.740,0.73386,0.73419,1.00,1.00
2014.01.29 20:32:32.212,0.73387,0.73422,1.00,1.00
2014.01.29 20:32:35.173,0.73386,0.73422,1.00,1.00
2014.01.29 20:32:35.294,0.73386,0.7342,1.00,1.00
2014.01.29 20:32:36.051,0.73384,0.7342,1.00,1.00
2014.01.29 20:32:36.151,0.73383,0.73418,1.00,1.00
2014.01.29 20:32:38.626,0.7338,0.73418,1.00,1.50
2014.01.29 20:32:38.885,0.73378,0.73414,1.38,1.00
2014.01.29 20:32:39.242,0.73378,0.73417,1.38,1.00
2014.01.29 20:32:40.219,0.73378,0.73413,1.38,1.00
2014.01.29 20:32:40.724,0.73381,0.73413,1.00,1.00
2014.01.29 20:32:40.959,0.73374,0.73413,1.13,1.00
2014.01.29 20:32:42.003,0.73379,0.73413,1.00,1.00
2014.01.29 20:32:42.162,0.73377,0.73413,1.00,1.00
2014.01.29 20:32:43.098,0.73377,0.73414,1.00,1.50
2014.01.29 20:32:46.694,0.73377,0.73412,1.00,1.00
2014.01.29 20:33:10.334,0.73377,0.73409,1.00,1.00
2014.01.29 20:33:11.214,0.73377,0.73412,1.00,1.00
2014.01.29 20:33:14.632,0.73377,0.73407,1.13,1.00
2014.01.29 20:33:16.220,0.7338,0.73407,1.00,1.00
2014.01.29 20:33:16.346,0.73377,0.73407,1.00,1.00
2014.01.29 20:33:16.522,0.73374,0.73411,1.00,1.00
2014.01.29 20:33:17.225,0.73377,0.73411,1.50,1.00
2014.01.29 20:33:18.153,0.73379,0.73411,1.50,1.00
2014.01.29 20:33:18.574,0.73377,0.73411,1.13,1.00
2014.01.29 20:33:28.572,0.73373,0.73411,1.00,1.00
2014.01.29 20:33:28.622,0.73373,0.73408,1.00,1.00
2014.01.29 20:33:29.086,0.73372,0.73404,1.13,1.00
2014.01.29 20:33:29.411,0.73374,0.73407,1.00,1.00
2014.01.29 20:33:29.479,0.73374,0.73404,1.00,1.00
2014.01.29 20:33:31.116,0.73371,0.73404,1.88,1.00
2014.01.29 20:33:31.387,0.73366,0.734,1.38,1.00
2014.01.29 20:33:31.488,0.73364,0.734,1.00,1.00
2014.01.29 20:33:32.837,0.73361,0.734,2.25,1.00
2014.01.29 20:33:33.185,0.73367,0.734,1.00,1.00
2014.01.29 20:33:37.713,0.73364,0.734,1.38,1.00
2014.01.29 20:33:38.045,0.73364,0.734,1.75,1.00
2014.01.29 20:33:38.095,0.73364,0.73404,1.75,1.50
2014.01.29 20:33:38.401,0.73369,0.734,1.13,1.00
2014.01.29 20:33:39.316,0.73362,0.734,1.50,1.00
2014.01.29 20:33:39.417,0.73361,0.7339,1.38,1.00
2014.01.29 20:33:39.921,0.73361,0.7339,1.00,1.00
2014.01.29 20:33:40.073,0.73361,0.7339,1.00,1.60
2014.01.29 20:33:40.123,0.73357,0.7339,1.50,1.60
2014.01.29 20:33:40.174,0.73357,0.73385,1.13,1.00
2014.01.29 20:33:40.333,0.73351,0.73383,1.13,1.00
2014.01.29 20:33:40.434,0.73351,0.7339,1.13,2.10
2014.01.29 20:33:40.883,0.73357,0.7339,1.00,2.10
2014.01.29 20:33:41.101,0.73352,0.7339,1.00,2.10
2014.01.29 20:33:41.228,0.73352,0.73385,1.00,1.50
2014.01.29 20:33:42.060,0.73357,0.73385,1.00,1.50
2014.01.29 20:33:42.308,0.73351,0.73385,1.00,1.50
2014.01.29 20:33:44.258,0.73351,0.73386,1.00,1.00
2014.01.29 20:33:45.279,0.73357,0.73386,1.00,1.00
2014.01.29 20:33:47.279,0.73357,0.73385,1.00,1.50
2014.01.29 20:33:47.726,0.73351,0.73385,1.00,1.50
2014.01.29 20:33:50.429,0.73352,0.73385,1.00,1.50
2014.01.29 20:33:52.353,0.73351,0.73385,1.00,1.50
2014.01.29 20:33:52.454,0.73343,0.73381,1.00,1.88
2014.01.29 20:33:52.706,0.73343,0.73379,1.00,2.25
2014.01.29 20:33:52.757,0.73343,0.73382,1.00,1.50
2014.01.29 20:33:52.908,0.73342,0.73382,1.00,2.48
2014.01.29 20:33:53.059,0.73339,0.7338,1.00,1.60
2014.01.29 20:33:53.178,0.73341,0.7338,1.00,1.60
2014.01.29 20:33:53.449,0.73339,0.7338,1.00,1.00
2014.01.29 20:33:53.633,0.73342,0.73384,1.00,1.00
2014.01.29 20:33:54.738,0.73341,0.7338,1.00,1.00
2014.01.29 20:33:55.065,0.73335,0.73377,1.38,1.38
2014.01.29 20:33:55.400,0.73332,0.73368,1.38,1.00
2014.01.29 20:33:55.922,0.73332,0.73369,1.38,1.00
2014.01.29 20:33:58.434,0.73346,0.73376,1.38,1.50
2014.01.29 20:33:58.535,0.73346,0.73386,1.38,1.00
2014.01.29 20:33:58.640,0.73346,0.73386,1.50,1.00
2014.01.29 20:33:58.741,0.73344,0.73383,1.50,1.00
2014.01.29 20:33:59.771,0.73341,0.73381,1.13,1.00
2014.01.29 20:34:00.008,0.73343,0.73384,1.00,1.00
2014.01.29 20:34:00.059,0.73347,0.73389,1.00,1.00
2014.01.29 20:34:00.490,0.7335,0.73391,1.00,1.00
2014.01.29 20:34:00.792,0.73357,0.73394,1.00,1.00
2014.01.29 20:34:01.323,0.73357,0.73399,1.00,1.98
2014.01.29 20:34:02.504,0.73362,0.734,1.00,2.10
2014.01.29 20:34:02.709,0.73362,0.734,1.00,1.13
2014.01.29 20:34:03.876,0.73361,0.73398,1.00,1.00
2014.01.29 20:34:03.926,0.73359,0.73398,1.00,1.00
2014.01.29 20:34:04.083,0.73359,0.73393,1.00,1.00
2014.01.29 20:34:04.480,0.73359,0.73393,1.00,1.35
2014.01.29 20:34:04.689,0.73349,0.73389,1.00,1.38
2014.01.29 20:34:08.265,0.73343,0.73385,1.00,1.00
2014.01.29 20:34:09.502,0.73348,0.73387,1.00,1.13
2014.01.29 20:34:14.891,0.73348,0.73387,1.00,1.38
2014.01.29 20:34:16.148,0.73348,0.73387,1.38,1.38
2014.01.29 20:34:16.455,0.73355,0.73394,1.00,1.88
2014.01.29 20:34:17.068,0.73357,0.73398,1.00,1.73
2014.01.29 20:34:21.739,0.73357,0.73398,1.00,2.48
2014.01.29 20:34:21.928,0.73353,0.73393,1.50,1.38
2014.01.29 20:34:22.232,0.73349,0.7339,1.88,1.38
2014.01.29 20:34:26.590,0.73355,0.73395,1.38,1.38
2014.01.29 20:34:26.691,0.73359,0.73397,1.38,1.00
2014.01.29 20:34:27.209,0.73361,0.73398,1.00,1.00
2014.01.29 20:34:28.340,0.73362,0.73398,1.00,1.00
2014.01.29 20:34:31.011,0.7336,0.73397,1.00,1.50
2014.01.29 20:34:31.394,0.73357,0.73396,1.00,1.38
2014.01.29 20:34:31.650,0.73347,0.73387,1.50,1.00
2014.01.29 20:34:32.456,0.7335,0.73389,1.00,1.13
2014.01.29 20:34:38.828,0.73347,0.73383,1.00,1.00
2014.01.29 20:34:38.929,0.73344,0.73383,1.13,1.00
2014.01.29 20:34:39.030,0.73337,0.73372,1.68,1.00
2014.01.29 20:34:39.131,0.73338,0.73379,1.38,1.00
2014.01.29 20:34:39.232,0.73347,0.73386,1.00,1.50
2014.01.29 20:34:42.566,0.73343,0.73384,1.13,1.00
2014.01.29 20:34:42.671,0.7334,0.7338,1.88,1.00
2014.01.29 20:34:44.655,0.7334,0.7338,1.50,1.00
2014.01.29 20:34:46.071,0.73343,0.73382,1.38,1.00
2014.01.29 20:34:46.417,0.73354,0.73388,1.00,1.00
2014.01.29 20:34:46.619,0.73355,0.73392,1.00,1.38
2014.01.29 20:34:46.727,0.73354,0.73392,1.00,1.00
2014.01.29 20:34:46.994,0.73353,0.73388,1.00,1.38
2014.01.29 20:34:47.045,0.73348,0.73387,1.00,1.38
2014.01.29 20:34:48.177,0.73348,0.73387,1.00,1.13
2014.01.29 20:34:49.061,0.73348,0.73387,1.00,1.38
2014.01.29 20:34:50.388,0.73348,0.73381,1.00,2.85
2014.01.29 20:34:50.564,0.73343,0.73381,1.00,3.60
2014.01.29 20:34:51.077,0.73338,0.73378,1.00,1.98
2014.01.29 20:34:51.683,0.73338,0.73366,1.00,1.00
2014.01.29 20:34:51.935,0.73334,0.73366,1.50,1.00
2014.01.29 20:34:52.137,0.73332,0.73365,1.00,1.00
2014.01.29 20:34:52.233,0.73332,0.73362,1.00,1.00
2014.01.29 20:34:53.602,0.73334,0.73362,1.00,1.00
2014.01.29 20:34:55.718,0.73336,0.73362,1.00,1.00
2014.01.29 20:34:55.819,0.73336,0.73364,1.00,1.00
2014.01.29 20:34:56.425,0.73336,0.73368,1.00,1.00
2014.01.29 20:34:56.527,0.73339,0.73368,1.00,1.00
2014.01.29 20:34:56.578,0.73339,0.73378,1.00,1.98
2014.01.29 20:34:57.329,0.73342,0.73378,1.00,1.98
2014.01.29 20:34:58.079,0.73341,0.7338,1.00,2.48
2014.01.29 20:34:59.885,0.73339,0.7338,1.00,2.48
2014.01.29 20:35:00.301,0.73342,0.7338,1.00,2.48
2014.01.29 20:35:00.458,0.73342,0.7338,1.00,2.48
2014.01.29 20:35:00.764,0.73347,0.7338,1.00,1.35
2014.01.29 20:35:01.125,0.73342,0.73382,1.00,1.73
2014.01.29 20:35:01.509,0.73346,0.73382,1.00,1.73
2014.01.29 20:35:03.247,0.73342,0.73382,1.50,1.73
2014.01.29 20:35:06.247,0.73346,0.73382,1.00,1.73
2014.01.29 20:35:07.133,0.73342,0.73382,1.50,1.73
2014.01.29 20:35:07.718,0.73342,0.73382,1.50,1.13
2014.01.29 20:35:09.110,0.73346,0.73382,1.00,1.13
2014.01.29 20:35:09.328,0.73342,0.73382,1.50,1.38
2014.01.29 20:35:09.379,0.73342,0.73382,1.50,1.38
2014.01.29 20:35:09.883,0.73346,0.73382,1.00,1.38
2014.01.29 20:35:12.298,0.73342,0.73382,1.00,1.38
2014.01.29 20:35:13.101,0.73342,0.73382,1.00,1.38
2014.01.29 20:35:19.406,0.73345,0.73385,1.00,1.38
2014.01.29 20:35:20.745,0.73348,0.73388,1.00,1.38
2014.01.29 20:35:21.534,0.73344,0.73386,1.00,1.88
2014.01.29 20:35:26.397,0.73344,0.73384,1.00,2.48
2014.01.29 20:35:26.448,0.73339,0.7338,1.00,1.98
2014.01.29 20:35:26.699,0.73339,0.7338,1.50,1.00
2014.01.29 20:35:27.028,0.73342,0.73384,1.00,1.38
2014.01.29 20:35:28.747,0.73342,0.73384,1.00,1.38
2014.01.29 20:35:29.286,0.7334,0.7338,1.00,1.13
2014.01.29 20:35:29.391,0.73338,0.7338,1.50,1.13
2014.01.29 20:35:29.790,0.73341,0.7338,1.00,1.13
2014.01.29 20:35:30.322,0.73342,0.73381,1.00,1.00
2014.01.29 20:35:30.959,0.73347,0.73381,1.00,1.00
2014.01.29 20:35:32.058,0.73342,0.73381,3.00,1.00
2014.01.29 20:35:33.770,0.73344,0.73384,1.00,1.00
2014.01.29 20:35:34.679,0.73342,0.73369,1.50,2.10
2014.01.29 20:35:34.779,0.73333,0.73369,1.00,2.48
2014.01.29 20:35:34.880,0.73326,0.73364,1.00,1.60
2014.01.29 20:35:35.571,0.73327,0.73367,1.00,1.60
2014.01.29 20:35:39.539,0.73327,0.7336,1.00,1.00
2014.01.29 20:35:39.850,0.73332,0.7336,1.00,1.13
2014.01.29 20:35:39.901,0.73326,0.7336,1.50,1.13
2014.01.29 20:35:40.091,0.73332,0.7336,1.00,1.13
2014.01.29 20:35:40.509,0.73332,0.73363,1.00,2.10
2014.01.29 20:35:41.659,0.73327,0.73362,1.00,1.38
2014.01.29 20:35:41.862,0.73316,0.73352,1.00,1.38
2014.01.29 20:35:41.962,0.73316,0.73356,1.38,1.00
2014.01.29 20:35:42.063,0.73319,0.73359,1.38,2.10
2014.01.29 20:35:45.482,0.73322,0.73358,1.00,1.00
2014.01.29 20:35:47.574,0.73332,0.73358,1.00,1.00
2014.01.29 20:35:50.388,0.73332,0.73359,1.00,1.35
2014.01.29 20:35:51.204,0.73334,0.73361,1.00,1.60
2014.01.29 20:35:51.289,0.73334,0.73361,1.00,1.00
2014.01.29 20:35:55.425,0.73337,0.73361,1.00,1.00
2014.01.29 20:35:55.476,0.73337,0.73364,1.00,1.38
2014.01.29 20:35:55.812,0.73341,0.73369,1.00,1.98
2014.01.29 20:35:56.398,0.73341,0.73371,1.00,1.00
2014.01.29 20:35:56.961,0.73341,0.73372,1.00,1.00
2014.01.29 20:35:57.062,0.73346,0.73374,1.00,1.38
2014.01.29 20:35:57.214,0.73349,0.7338,1.00,1.00
2014.01.29 20:35:57.264,0.73352,0.7338,1.00,1.00
2014.01.29 20:35:58.112,0.73352,0.73383,1.00,1.38
2014.01.29 20:35:58.760,0.73351,0.73383,1.00,1.38
2014.01.29 20:35:59.509,0.73351,0.73383,1.00,1.00
2014.01.29 20:35:59.636,0.73351,0.73378,1.00,1.00
2014.01.29 20:35:59.687,0.73345,0.73378,1.00,1.00
2014.01.29 20:35:59.996,0.73345,0.73376,1.00,1.00
2014.01.29 20:36:06.339,0.73345,0.73381,1.00,1.98
2014.01.29 20:36:06.390,0.73348,0.73382,1.00,1.35
2014.01.29 20:36:08.048,0.73351,0.73383,1.00,2.10
2014.01.29 20:36:08.557,0.73351,0.73384,1.00,1.75
2014.01.29 20:36:08.709,0.73354,0.73382,1.00,1.00
2014.01.29 20:36:08.910,0.73354,0.73388,1.00,1.38
2014.01.29 20:36:09.023,0.73357,0.73388,1.00,1.38
2014.01.29 20:36:09.217,0.73357,0.73388,1.00,1.13
2014.01.29 20:36:09.324,0.73357,0.73383,1.00,1.00
2014.01.29 20:36:10.197,0.73357,0.73389,1.00,1.88
2014.01.29 20:36:18.154,0.73356,0.73388,1.00,1.38
2014.01.29 20:36:21.909,0.73356,0.73392,1.00,1.50
2014.01.29 20:36:23.193,0.73356,0.73392,1.00,1.50
2014.01.29 20:36:23.688,0.73358,0.73395,1.00,2.10
2014.01.29 20:36:23.992,0.73355,0.73393,1.00,1.38
2014.01.29 20:36:24.185,0.73355,0.73393,1.00,1.38
2014.01.29 20:36:24.267,0.73353,0.73392,1.00,1.38
2014.01.29 20:36:24.368,0.73355,0.73393,1.00,1.38
2014.01.29 20:36:24.949,0.73357,0.73393,1.00,1.38
2014.01.29 20:36:25.683,0.73352,0.73393,1.00,1.88
2014.01.29 20:36:25.733,0.73352,0.73393,1.00,1.88
2014.01.29 20:36:27.239,0.73354,0.73392,1.00,1.38
2014.01.29 20:36:27.742,0.73352,0.73392,1.00,1.38
2014.01.29 20:36:27.943,0.73351,0.73389,1.00,1.38
2014.01.29 20:36:30.147,0.73351,0.73389,1.00,1.38
2014.01.29 20:36:31.248,0.73351,0.73389,1.00,1.38
2014.01.29 20:36:32.018,0.73351,0.73389,1.00,1.38
2014.01.29 20:36:32.427,0.73351,0.73389,1.00,1.38
2014.01.29 20:36:34.852,0.73351,0.73389,1.00,1.38
2014.01.29 20:36:35.008,0.73351,0.73389,1.00,1.38
2014.01.29 20:36:35.084,0.73355,0.73389,1.00,1.38
2014.01.29 20:36:35.817,0.73355,0.73389,1.00,1.38
2014.01.29 20:36:35.968,0.73354,0.73392,1.50,1.00
2014.01.29 20:36:36.787,0.73354,0.73388,1.50,1.00
2014.01.29 20:36:39.440,0.73358,0.73388,1.00,1.00
2014.01.29 20:36:40.216,0.73364,0.73388,1.00,1.00
2014.01.29 20:36:40.317,0.73364,0.73393,1.00,1.13
2014.01.29 20:36:40.372,0.73361,0.73393,1.00,1.13
2014.01.29 20:36:40.858,0.73361,0.73388,1.00,1.00
2014.01.29 20:36:41.850,0.73361,0.73394,1.00,1.38
2014.01.29 20:36:42.728,0.73361,0.73389,1.00,1.00
2014.01.29 20:36:42.839,0.73361,0.73394,1.00,1.38
2014.01.29 20:36:43.347,0.7336,0.73394,1.00,1.38
2014.01.29 20:36:43.398,0.7336,0.73388,1.00,1.00
2014.01.29 20:36:43.872,0.7336,0.73384,1.00,1.00
2014.01.29 20:36:43.937,0.7336,0.73389,1.00,1.00
2014.01.29 20:36:46.809,0.73362,0.73389,1.00,1.00
2014.01.29 20:36:48.388,0.73362,0.73388,1.00,1.38
2014.01.29 20:36:48.439,0.73354,0.73385,1.00,1.13
2014.01.29 20:36:48.539,0.73354,0.73382,1.00,1.00
2014.01.29 20:36:48.647,0.73349,0.73379,1.00,1.00
2014.01.29 20:36:50.234,0.73349,0.73381,1.00,1.13
2014.01.29 20:36:52.625,0.73345,0.73381,1.00,1.13
2014.01.29 20:36:52.676,0.73345,0.73373,1.00,1.00
2014.01.29 20:36:52.726,0.73338,0.73373,1.13,1.75
2014.01.29 20:36:52.777,0.73338,0.7337,1.00,1.13
2014.01.29 20:36:52.827,0.73332,0.73368,1.00,1.13
2014.01.29 20:36:52.928,0.73328,0.73368,1.00,1.13
2014.01.29 20:36:53.195,0.73322,0.73357,2.25,1.00
2014.01.29 20:36:53.346,0.73322,0.73357,1.50,1.00
2014.01.29 20:36:53.598,0.73322,0.73354,1.00,1.00
2014.01.29 20:36:53.668,0.73322,0.73358,1.00,1.38
2014.01.29 20:36:53.718,0.73326,0.73358,1.00,1.38
2014.01.29 20:36:55.438,0.73326,0.73358,1.00,1.00
2014.01.29 20:36:55.748,0.73332,0.73366,1.00,1.28
2014.01.29 20:36:56.155,0.73337,0.73369,1.00,1.15
2014.01.29 20:36:56.205,0.73337,0.73369,1.00,1.10
2014.01.29 20:36:56.256,0.7334,0.73369,1.00,1.10
2014.01.29 20:36:57.240,0.73343,0.73378,1.00,2.70
2014.01.29 20:36:57.441,0.73343,0.73378,1.00,2.70
2014.01.29 20:36:57.627,0.73343,0.73378,1.00,2.70
2014.01.29 20:36:57.842,0.73343,0.73368,1.00,2.10
2014.01.29 20:36:57.893,0.73331,0.73368,1.00,2.48
2014.01.29 20:36:57.994,0.7333,0.73359,1.00,1.73
2014.01.29 20:36:58.501,0.7333,0.73359,1.00,1.35
2014.01.29 20:36:58.839,0.73334,0.73367,1.00,1.13
2014.01.29 20:36:58.890,0.73334,0.73368,1.00,1.75
2014.01.29 20:36:58.994,0.7333,0.7336,1.00,1.00
2014.01.29 20:36:59.533,0.73335,0.73359,1.00,1.00
2014.01.29 20:37:00.145,0.73335,0.7336,1.00,1.00
2014.01.29 20:37:00.855,0.73332,0.7336,1.00,1.00
2014.01.29 20:37:13.696,0.73332,0.73364,1.00,1.00
2014.01.29 20:37:14.482,0.73332,0.73363,1.00,1.00
2014.01.29 20:37:15.040,0.73332,0.73364,1.00,1.00
2014.01.29 20:37:19.198,0.73332,0.73364,1.38,1.00
2014.01.29 20:37:19.249,0.73338,0.73368,1.00,1.00
2014.01.29 20:37:19.350,0.73338,0.73372,1.00,1.00
2014.01.29 20:37:19.451,0.73338,0.73369,1.00,1.00
2014.01.29 20:37:20.568,0.73338,0.73367,1.00,1.00
2014.01.29 20:37:21.627,0.73338,0.73368,1.00,1.00
2014.01.29 20:37:24.265,0.73338,0.73369,1.00,1.50
2014.01.29 20:37:28.356,0.73338,0.73369,1.00,1.60
2014.01.29 20:37:28.624,0.73334,0.73369,1.00,1.98
2014.01.29 20:37:30.695,0.73332,0.73366,1.00,1.60
2014.01.29 20:37:33.470,0.73332,0.73362,1.00,1.00
2014.01.29 20:37:33.896,0.73329,0.73362,1.00,1.00
2014.01.29 20:37:34.085,0.73329,0.73359,1.00,1.00
2014.01.29 20:37:36.988,0.73329,0.73358,1.00,1.00
2014.01.29 20:37:37.038,0.73325,0.73358,1.00,1.00
2014.01.29 20:37:37.089,0.73325,0.73356,1.00,1.00
2014.01.29 20:37:40.886,0.73325,0.73354,1.00,1.00
2014.01.29 20:37:41.106,0.73325,0.73356,1.00,1.00
2014.01.29 20:37:42.046,0.73325,0.73355,1.00,1.00
2014.01.29 20:37:45.652,0.73319,0.73355,1.00,1.38
2014.01.29 20:37:45.703,0.73319,0.73354,1.00,2.40
2014.01.29 20:37:45.753,0.73317,0.73351,1.00,1.13
2014.01.29 20:37:45.859,0.73314,0.73345,1.00,1.98
2014.01.29 20:37:46.111,0.73314,0.73346,1.00,1.00
2014.01.29 20:37:46.212,0.73318,0.73346,1.00,1.00
2014.01.29 20:37:54.412,0.73315,0.73346,1.00,1.00
2014.01.29 20:38:01.216,0.73315,0.73343,1.00,1.00
2014.01.29 20:38:05.879,0.73315,0.73346,1.00,1.00
2014.01.29 20:38:07.336,0.73315,0.73346,1.00,1.38
2014.01.29 20:38:07.387,0.73315,0.73345,1.00,2.48
2014.01.29 20:38:07.546,0.73309,0.73339,1.00,1.73
2014.01.29 20:38:07.713,0.73309,0.73343,1.00,1.00
2014.01.29 20:38:07.764,0.73314,0.73343,1.00,1.00
2014.01.29 20:38:07.814,0.73314,0.73345,1.00,1.13
2014.01.29 20:38:07.865,0.73316,0.73345,1.00,1.13
2014.01.29 20:38:09.776,0.73316,0.73349,1.00,1.73
2014.01.29 20:38:10.821,0.73319,0.73349,1.00,1.73
2014.01.29 20:38:11.791,0.73319,0.73344,1.00,1.00
2014.01.29 20:38:11.842,0.73315,0.73344,1.00,1.00
2014.01.29 20:38:13.380,0.73315,0.73343,1.00,1.00
2014.01.29 20:38:14.696,0.73313,0.73343,1.00,1.00
2014.01.29 20:38:21.904,0.73313,0.73343,1.00,1.38
2014.01.29 20:38:22.042,0.7331,0.73343,1.00,1.38
2014.01.29 20:38:23.215,0.7331,0.73343,1.00,1.00
2014.01.29 20:38:26.777,0.73312,0.73343,1.00,1.00
2014.01.29 20:38:28.680,0.73308,0.73343,1.00,1.50
2014.01.29 20:38:28.730,0.73308,0.73343,1.00,1.88
2014.01.29 20:38:29.064,0.73308,0.73338,1.00,1.00
2014.01.29 20:38:29.171,0.73308,0.7334,1.00,1.00
2014.01.29 20:38:30.431,0.73308,0.73336,1.00,1.00
2014.01.29 20:38:30.914,0.73308,0.7334,1.00,1.00
2014.01.29 20:38:31.126,0.73308,0.73338,1.00,1.00
2014.01.29 20:38:31.345,0.73308,0.7334,1.00,1.00
2014.01.29 20:38:34.386,0.73311,0.7334,1.00,1.00
2014.01.29 20:38:36.536,0.73311,0.73334,1.00,1.00
2014.01.29 20:38:39.834,0.73311,0.7334,1.00,1.00
2014.01.29 20:38:39.986,0.73313,0.73343,1.00,1.50
2014.01.29 20:38:40.883,0.73317,0.73343,1.00,1.00
2014.01.29 20:38:41.546,0.73317,0.73343,1.00,1.60
2014.01.29 20:38:41.673,0.73314,0.73341,1.00,1.35
2014.01.29 20:38:41.774,0.73314,0.73341,1.00,1.73
2014.01.29 20:38:42.051,0.73316,0.73342,1.00,1.00
2014.01.29 20:38:47.488,0.73314,0.73342,1.00,1.00
2014.01.29 20:38:47.538,0.73314,0.7334,1.00,1.00
2014.01.29 20:38:53.345,0.73314,0.73342,1.00,1.00
2014.01.29 20:38:59.825,0.73314,0.73343,1.00,1.00
2014.01.29 20:39:01.216,0.73316,0.73343,1.00,1.00
2014.01.29 20:39:08.582,0.73319,0.73343,1.00,1.00
2014.01.29 20:39:08.727,0.73323,0.73349,1.00,1.00
2014.01.29 20:39:11.313,0.73323,0.73348,1.00,1.00
2014.01.29 20:39:15.156,0.73323,0.73347,1.00,1.00
2014.01.29 20:39:15.207,0.73319,0.73347,1.00,1.38
2014.01.29 20:39:15.304,0.73317,0.73347,1.00,1.38
2014.01.29 20:39:16.658,0.73313,0.73345,1.00,1.88
2014.01.29 20:39:17.821,0.73311,0.73345,1.00,1.88
2014.01.29 20:39:17.973,0.73309,0.73344,1.00,3.75
2014.01.29 20:39:18.024,0.73309,0.7334,1.00,1.00
2014.01.29 20:39:19.691,0.7331,0.7334,1.00,1.35
2014.01.29 20:39:20.334,0.7331,0.73339,1.00,1.00
2014.01.29 20:39:21.662,0.7331,0.7334,1.00,1.35
2014.01.29 20:39:24.953,0.7331,0.73339,1.00,1.00
2014.01.29 20:39:25.296,0.73314,0.73342,1.00,1.73
2014.01.29 20:39:27.414,0.73316,0.73344,1.00,1.38
2014.01.29 20:39:29.694,0.73318,0.73343,1.00,1.00
2014.01.29 20:39:30.895,0.7332,0.73343,1.00,1.00
2014.01.29 20:39:31.028,0.73322,0.7335,1.00,1.13
2014.01.29 20:39:32.026,0.73327,0.7335,1.00,1.13
2014.01.29 20:39:32.437,0.73331,0.73351,1.00,1.00
2014.01.29 20:39:32.488,0.73331,0.7336,1.00,1.73
2014.01.29 20:39:32.639,0.73331,0.73361,1.00,1.00
2014.01.29 20:39:32.747,0.73331,0.73363,1.00,1.00
2014.01.29 20:39:32.798,0.73334,0.73363,1.00,1.00
2014.01.29 20:39:33.100,0.73329,0.73356,1.00,2.63
2014.01.29 20:39:33.206,0.73326,0.73356,1.00,2.63
2014.01.29 20:39:34.338,0.73328,0.73356,1.00,1.88
2014.01.29 20:39:34.957,0.73328,0.73354,1.00,1.00
2014.01.29 20:39:35.008,0.73331,0.73356,1.00,1.00
2014.01.29 20:39:35.800,0.73331,0.73363,1.00,1.00
2014.01.29 20:39:36.622,0.73329,0.73363,1.00,1.00
2014.01.29 20:39:36.673,0.73329,0.73363,1.00,1.38
2014.01.29 20:39:36.874,0.73326,0.73357,1.00,1.88
2014.01.29 20:39:38.156,0.73326,0.73358,1.00,1.50
2014.01.29 20:39:38.207,0.73328,0.73358,1.00,1.50
2014.01.29 20:39:38.530,0.73332,0.73358,1.00,1.00
2014.01.29 20:39:40.926,0.73335,0.73365,1.00,1.00
2014.01.29 20:39:41.227,0.73335,0.73362,1.00,1.00
2014.01.29 20:39:42.146,0.73334,0.73362,1.00,1.00
2014.01.29 20:39:43.176,0.73334,0.73364,1.00,1.00
2014.01.29 20:39:43.239,0.73334,0.73362,1.00,1.00
2014.01.29 20:39:43.490,0.73334,0.73366,1.00,1.00
2014.01.29 20:39:44.216,0.73334,0.73367,1.00,1.88
2014.01.29 20:39:46.646,0.73334,0.73363,1.00,1.00
2014.01.29 20:39:47.655,0.73334,0.73367,1.00,1.88
2014.01.29 20:39:47.706,0.73334,0.73369,1.00,1.00
2014.01.29 20:39:47.756,0.73339,0.73369,1.00,1.00
2014.01.29 20:39:48.153,0.73341,0.73369,1.00,1.50
2014.01.29 20:39:48.763,0.73344,0.73369,1.00,1.50
2014.01.29 20:39:49.494,0.73344,0.7337,1.00,1.00
2014.01.29 20:39:51.262,0.73344,0.73369,1.00,1.00
2014.01.29 20:39:52.143,0.73344,0.7337,1.00,1.00
2014.01.29 20:39:52.464,0.73347,0.73368,1.00,1.00
2014.01.29 20:39:53.483,0.73343,0.73368,1.00,1.00
2014.01.29 20:39:53.675,0.7334,0.73368,1.00,1.00
2014.01.29 20:39:54.233,0.7334,0.73369,1.00,1.00
2014.01.29 20:39:54.804,0.73343,0.73369,1.00,1.00
2014.01.29 20:39:56.939,0.73343,0.73373,1.00,1.35
2014.01.29 20:39:56.989,0.73341,0.7337,1.00,1.38
2014.01.29 20:39:59.074,0.73342,0.7337,1.00,1.88
2014.01.29 20:39:59.722,0.73341,0.7337,1.00,1.38
2014.01.29 20:40:00.635,0.73341,0.73364,1.00,1.00
2014.01.29 20:40:01.323,0.73341,0.73358,1.00,1.00
2014.01.29 20:40:01.374,0.73338,0.73358,1.00,1.00
2014.01.29 20:40:02.133,0.73338,0.73359,1.00,1.00
2014.01.29 20:40:05.581,0.73336,0.73358,1.00,1.00
2014.01.29 20:40:05.811,0.73333,0.73358,1.00,1.00
2014.01.29 20:40:07.204,0.73333,0.73359,1.00,1.00
2014.01.29 20:40:07.751,0.73335,0.73359,1.00,1.00
2014.01.29 20:40:09.965,0.7334,0.73359,1.00,1.00
2014.01.29 20:40:11.158,0.7334,0.73363,1.00,1.00
2014.01.29 20:40:11.705,0.7334,0.73358,1.00,1.00
2014.01.29 20:40:11.819,0.7334,0.73363,1.00,1.00
2014.01.29 20:40:11.954,0.73332,0.73359,1.00,1.00
2014.01.29 20:40:12.173,0.73332,0.73353,1.00,1.00
2014.01.29 20:40:12.364,0.73332,0.73359,1.00,1.13
2014.01.29 20:40:12.515,0.73321,0.73359,1.00,1.13
2014.01.29 20:40:14.132,0.73321,0.73358,1.00,1.00
2014.01.29 20:40:16.674,0.73318,0.73358,2.10,1.50
2014.01.29 20:40:16.882,0.73315,0.73353,3.98,1.00
2014.01.29 20:40:16.933,0.73315,0.73353,1.88,1.00
2014.01.29 20:40:16.984,0.73315,0.7335,1.50,1.00
2014.01.29 20:40:17.295,0.73313,0.73351,1.50,1.00
2014.01.29 20:40:17.643,0.73321,0.73351,1.00,1.00
2014.01.29 20:40:17.693,0.73316,0.73349,1.00,1.00
2014.01.29 20:40:17.895,0.73321,0.73351,1.00,1.00
2014.01.29 20:40:18.495,0.73321,0.7335,1.00,1.00
2014.01.29 20:40:19.195,0.73321,0.73351,1.00,1.00
2014.01.29 20:40:23.584,0.73312,0.73351,1.30,1.00
2014.01.29 20:40:26.007,0.73322,0.73351,1.00,1.00
2014.01.29 20:40:26.114,0.73312,0.73351,1.73,1.00
2014.01.29 20:40:26.224,0.73322,0.73351,1.00,1.00
2014.01.29 20:40:27.157,0.73322,0.7335,1.00,1.50
2014.01.29 20:40:30.054,0.73322,0.73348,1.00,1.00
2014.01.29 20:40:32.931,0.73322,0.73349,1.00,1.00
2014.01.29 20:40:33.279,0.73327,0.73349,1.00,1.00
2014.01.29 20:40:33.401,0.73321,0.73349,1.00,1.00
2014.01.29 20:40:33.703,0.73321,0.73347,1.00,1.00
2014.01.29 20:40:33.804,0.73321,0.73349,1.00,1.00
2014.01.29 20:40:33.924,0.73321,0.73352,1.00,1.50
2014.01.29 20:40:34.024,0.73321,0.73349,1.00,1.50
2014.01.29 20:40:35.090,0.73321,0.73348,1.00,1.50
2014.01.29 20:40:37.202,0.73311,0.73344,2.10,1.00
2014.01.29 20:40:37.257,0.73322,0.73348,1.00,2.25
2014.01.29 20:40:37.359,0.73316,0.73344,1.00,1.00
2014.01.29 20:40:38.324,0.73312,0.73343,1.38,1.00
2014.01.29 20:40:38.883,0.7331,0.73348,1.98,1.00
2014.01.29 20:40:39.868,0.73317,0.73348,1.00,1.00
2014.01.29 20:40:40.127,0.7331,0.73348,1.38,1.50
2014.01.29 20:40:40.193,0.73316,0.73348,1.00,1.50
2014.01.29 20:40:40.634,0.73311,0.73344,1.38,1.00
2014.01.29 20:40:40.895,0.7331,0.73343,1.00,1.00
2014.01.29 20:40:41.517,0.73309,0.73348,1.35,1.50
2014.01.29 20:40:45.473,0.73309,0.73338,1.35,1.00
2014.01.29 20:40:46.138,0.73311,0.73344,1.00,1.00
2014.01.29 20:40:46.340,0.73311,0.73344,1.00,1.60
2014.01.29 20:40:46.642,0.73308,0.73339,2.10,1.00
2014.01.29 20:40:47.151,0.73314,0.73339,1.00,1.00
2014.01.29 20:40:49.025,0.73314,0.73343,1.00,1.00
2014.01.29 20:40:51.366,0.73314,0.73339,1.00,1.00
2014.01.29 20:40:52.163,0.73316,0.73339,1.00,1.00
2014.01.29 20:40:53.232,0.73316,0.73343,1.00,1.00
2014.01.29 20:40:55.654,0.73316,0.73344,1.00,2.25
2014.01.29 20:40:57.554,0.73316,0.73343,1.00,1.00
2014.01.29 20:41:00.735,0.73316,0.73345,1.00,1.00
2014.01.29 20:41:00.787,0.73316,0.73348,1.00,1.50
2014.01.29 20:41:00.837,0.73319,0.73348,1.00,1.50
2014.01.29 20:41:01.295,0.73319,0.73347,1.00,1.60
2014.01.29 20:41:01.597,0.73323,0.73344,1.00,2.48
2014.01.29 20:41:01.794,0.73323,0.73343,1.00,1.00
2014.01.29 20:41:01.845,0.7332,0.73354,1.00,1.50
2014.01.29 20:41:01.947,0.73324,0.73354,1.00,2.10
2014.01.29 20:41:02.047,0.73321,0.73352,1.00,1.13
2014.01.29 20:41:05.227,0.73321,0.73351,1.00,1.00
2014.01.29 20:41:06.102,0.73321,0.73349,1.00,1.00
2014.01.29 20:41:07.218,0.73318,0.73349,1.00,1.00
2014.01.29 20:41:10.272,0.73323,0.73349,1.00,1.00
2014.01.29 20:41:10.712,0.73328,0.73349,1.00,1.00
2014.01.29 20:41:10.979,0.73331,0.73353,1.00,1.00
2014.01.29 20:41:11.551,0.73332,0.73353,1.00,1.00
2014.01.29 20:41:12.691,0.73331,0.73353,1.00,1.00
2014.01.29 20:41:13.584,0.73331,0.73358,1.00,1.00
2014.01.29 20:41:14.574,0.73331,0.73354,1.00,1.00
2014.01.29 20:41:16.760,0.73323,0.73354,1.00,1.00
2014.01.29 20:41:17.170,0.73323,0.73353,1.88,1.00
2014.01.29 20:41:20.216,0.73325,0.73353,1.00,1.00
2014.01.29 20:41:22.898,0.73325,0.73359,1.13,1.00
2014.01.29 20:41:24.812,0.73326,0.73359,1.00,1.00
2014.01.29 20:41:26.088,0.73328,0.73359,1.00,1.00
2014.01.29 20:41:26.907,0.73326,0.73359,1.88,1.00
2014.01.29 20:41:27.828,0.73329,0.73359,1.00,1.00
2014.01.29 20:41:28.625,0.73329,0.73358,1.00,1.00
2014.01.29 20:41:29.239,0.73329,0.73358,1.38,1.00
2014.01.29 20:41:29.555,0.73329,0.73354,1.00,1.00
2014.01.29 20:41:30.817,0.73326,0.73354,2.25,1.00
2014.01.29 20:41:32.092,0.7333,0.73354,1.00,1.00
2014.01.29 20:41:33.894,0.73326,0.73358,1.38,1.00
2014.01.29 20:41:34.113,0.73325,0.73354,1.38,1.00
2014.01.29 20:41:34.434,0.73325,0.73354,1.38,1.00
2014.01.29 20:41:36.693,0.73325,0.73359,1.38,1.00
2014.01.29 20:41:36.794,0.73322,0.73359,1.00,1.38
2014.01.29 20:41:37.661,0.7333,0.73359,1.00,1.38
2014.01.29 20:41:40.139,0.7333,0.73359,1.00,1.00
2014.01.29 20:41:40.189,0.7333,0.73353,1.00,1.00
2014.01.29 20:41:42.101,0.73333,0.73353,1.00,1.00
2014.01.29 20:41:49.195,0.73333,0.73359,1.00,1.00
2014.01.29 20:41:55.311,0.73333,0.73358,1.00,1.00
2014.01.29 20:41:55.799,0.73333,0.73354,1.00,1.00
2014.01.29 20:41:56.302,0.73333,0.73358,1.00,1.00
2014.01.29 20:41:57.176,0.73332,0.73358,1.00,1.00
2014.01.29 20:42:00.164,0.73332,0.73353,1.00,1.00
2014.01.29 20:42:00.378,0.73332,0.73358,1.00,1.60
2014.01.29 20:42:00.592,0.73332,0.73354,1.00,1.00
2014.01.29 20:42:02.661,0.73332,0.73353,1.00,1.00
2014.01.29 20:42:04.162,0.73332,0.73359,1.00,1.00
2014.01.29 20:42:08.317,0.73332,0.73359,1.00,1.38
2014.01.29 20:42:10.441,0.73333,0.73359,1.00,1.38
2014.01.29 20:42:12.861,0.7333,0.73359,1.00,1.38
2014.01.29 20:42:16.323,0.7333,0.73353,1.00,1.00
2014.01.29 20:42:17.131,0.7333,0.73361,1.00,1.38
2014.01.29 20:42:17.292,0.73334,0.73361,1.00,1.38
2014.01.29 20:42:19.142,0.73335,0.7336,1.00,1.38
2014.01.29 20:42:19.412,0.73335,0.7336,1.00,1.00
2014.01.29 20:42:21.391,0.73335,0.73361,1.00,1.00
2014.01.29 20:42:23.251,0.73335,0.73359,1.00,1.00
2014.01.29 20:42:24.685,0.73335,0.73358,1.00,1.00
2014.01.29 20:42:24.932,0.73331,0.73358,1.00,1.00
2014.01.29 20:42:25.133,0.73334,0.73353,1.00,1.00
2014.01.29 20:42:25.385,0.73334,0.73359,1.00,1.00
2014.01.29 20:42:25.649,0.73336,0.73359,1.00,1.00
2014.01.29 20:42:27.323,0.73336,0.73354,1.00,1.00
2014.01.29 20:42:27.653,0.73336,0.73359,1.00,1.00
2014.01.29 20:42:28.861,0.73336,0.7336,1.00,1.00
2014.01.29 20:42:33.657,0.73336,0.73359,1.00,1.00
2014.01.29 20:42:34.361,0.73336,0.7336,1.00,1.00
2014.01.29 20:42:37.521,0.73336,0.73354,1.00,1.00
2014.01.29 20:42:39.730,0.73332,0.73354,1.00,1.00
2014.01.29 20:42:40.250,0.73332,0.73353,1.00,1.00
2014.01.29 20:42:55.541,0.73332,0.73354,1.00,1.00
2014.01.29 20:42:55.733,0.73332,0.73354,1.38,1.00
2014.01.29 20:42:56.561,0.73336,0.73354,1.00,1.00
2014.01.29 20:42:56.662,0.73336,0.73359,1.00,1.00
2014.01.29 20:42:57.108,0.73336,0.73364,1.00,1.00
2014.01.29 20:42:59.174,0.73336,0.73359,1.00,1.00
2014.01.29 20:42:59.396,0.73336,0.73363,1.00,1.00
2014.01.29 20:42:59.446,0.73338,0.73363,1.00,1.00
2014.01.29 20:43:00.959,0.73335,0.73363,1.00,1.00
2014.01.29 20:43:04.893,0.73335,0.73369,1.00,2.25
2014.01.29 20:43:05.054,0.73338,0.73369,1.00,2.25
2014.01.29 20:43:05.883,0.73338,0.73368,1.00,1.00
2014.01.29 20:43:17.063,0.73338,0.73369,1.00,1.00
2014.01.29 20:43:17.401,0.7334,0.73368,1.38,1.00
2014.01.29 20:43:17.502,0.7334,0.73368,1.38,1.50
2014.01.29 20:43:17.684,0.7334,0.73372,1.38,1.50
2014.01.29 20:43:17.785,0.7334,0.73372,1.00,1.50
2014.01.29 20:43:21.105,0.7334,0.73371,1.00,1.50
2014.01.29 20:43:23.945,0.7334,0.73372,1.00,1.50
2014.01.29 20:43:24.201,0.73343,0.73372,1.00,1.00
2014.01.29 20:43:26.186,0.73343,0.73371,1.00,1.00
2014.01.29 20:43:27.941,0.73343,0.73372,1.00,1.00
2014.01.29 20:43:30.334,0.73346,0.73372,1.00,1.00
2014.01.29 20:43:32.201,0.73346,0.73368,1.00,1.00
2014.01.29 20:43:37.940,0.73343,0.73368,1.00,1.00
2014.01.29 20:43:39.378,0.73343,0.73372,1.00,1.00
2014.01.29 20:43:39.429,0.73346,0.73371,1.00,1.00
2014.01.29 20:43:40.772,0.73346,0.73372,1.00,1.00
2014.01.29 20:43:45.554,0.73346,0.73369,1.00,1.00
2014.01.29 20:43:49.087,0.73346,0.73378,1.00,1.00
2014.01.29 20:43:49.139,0.73351,0.73378,1.00,1.00
2014.01.29 20:43:49.464,0.73351,0.73374,1.00,1.00
2014.01.29 20:43:50.354,0.73351,0.73379,1.00,1.50
2014.01.29 20:43:50.461,0.73351,0.73373,1.00,1.00
2014.01.29 20:43:50.572,0.73351,0.73378,1.00,1.00
2014.01.29 20:43:50.684,0.73351,0.73373,1.00,1.00
2014.01.29 20:43:50.913,0.73355,0.73379,1.00,1.50
2014.01.29 20:43:51.805,0.73355,0.73378,1.00,1.00
2014.01.29 20:43:52.711,0.73355,0.73384,1.00,1.00
2014.01.29 20:43:52.762,0.73362,0.73384,1.00,1.00
2014.01.29 20:43:53.081,0.73362,0.73379,1.00,1.00
2014.01.29 20:43:53.132,0.73362,0.73384,1.00,1.00
2014.01.29 20:44:01.678,0.73364,0.73384,1.00,1.00
2014.01.29 20:44:01.930,0.73367,0.73388,1.00,1.00
2014.01.29 20:44:02.142,0.73367,0.73393,1.00,1.50
2014.01.29 20:44:03.069,0.73365,0.73392,1.00,1.00
2014.01.29 20:44:03.822,0.73365,0.73393,1.00,1.00
2014.01.29 20:44:03.953,0.73367,0.73393,1.00,1.50
2014.01.29 20:44:04.250,0.73367,0.73395,1.00,1.00
2014.01.29 20:44:05.269,0.7337,0.73395,1.00,1.00
2014.01.29 20:44:05.890,0.7337,0.73394,1.00,1.00
2014.01.29 20:44:07.039,0.7337,0.73394,1.00,1.38
2014.01.29 20:44:10.132,0.73371,0.73394,1.00,1.38
2014.01.29 20:44:10.434,0.73374,0.73396,1.00,1.38
2014.01.29 20:44:10.485,0.73368,0.73395,1.00,1.38
2014.01.29 20:44:12.396,0.73368,0.73385,1.00,1.30
2014.01.29 20:44:12.447,0.73366,0.73385,1.00,1.30
2014.01.29 20:44:12.497,0.73366,0.73385,1.00,1.68
2014.01.29 20:44:12.548,0.7336,0.73385,1.00,1.68
2014.01.29 20:44:12.649,0.73362,0.73386,1.00,1.75
2014.01.29 20:44:12.699,0.73362,0.73386,1.00,1.00
2014.01.29 20:44:13.870,0.73362,0.73386,1.00,1.60
2014.01.29 20:44:14.072,0.73358,0.73387,1.00,1.88
2014.01.29 20:44:14.258,0.73358,0.73385,1.00,1.00
2014.01.29 20:44:14.311,0.73361,0.73385,1.00,1.00
2014.01.29 20:44:14.844,0.73361,0.73386,1.00,1.00
2014.01.29 20:44:22.420,0.73361,0.73386,1.00,1.38
2014.01.29 20:44:22.796,0.73365,0.73386,1.00,1.00
2014.01.29 20:44:23.680,0.73365,0.7339,1.00,1.00
2014.01.29 20:44:23.781,0.73365,0.73393,1.00,1.00
2014.01.29 20:44:24.770,0.73366,0.73394,1.00,1.88
2014.01.29 20:44:26.731,0.73369,0.73394,1.00,1.00
2014.01.29 20:44:28.258,0.73369,0.73393,1.00,1.00
2014.01.29 20:44:36.652,0.73366,0.73393,1.00,1.00
2014.01.29 20:44:43.118,0.73365,0.73393,1.00,1.00
2014.01.29 20:44:43.259,0.73368,0.73393,1.00,1.00
2014.01.29 20:44:43.337,0.73366,0.73393,1.00,1.00
2014.01.29 20:44:48.372,0.73366,0.73396,1.00,1.00
2014.01.29 20:44:48.422,0.73371,0.73396,1.00,1.00
2014.01.29 20:44:48.839,0.73371,0.73394,1.00,1.00
2014.01.29 20:44:49.818,0.73371,0.73393,1.00,1.00
2014.01.29 20:44:53.065,0.73373,0.73393,1.00,1.00
2014.01.29 20:44:53.457,0.73373,0.73388,1.00,1.00
2014.01.29 20:44:55.820,0.73373,0.73394,1.00,1.00
2014.01.29 20:44:56.150,0.73373,0.73388,1.00,1.00
2014.01.29 20:44:56.370,0.73373,0.73393,1.00,1.00
2014.01.29 20:45:01.256,0.73373,0.73396,1.00,1.00
2014.01.29 20:45:01.360,0.73373,0.73393,1.00,1.00
2014.01.29 20:45:01.683,0.73373,0.73396,1.00,1.00
2014.01.29 20:45:02.518,0.7338,0.73396,1.00,1.00
2014.01.29 20:45:04.956,0.7338,0.73404,1.00,1.00
2014.01.29 20:45:05.057,0.73382,0.73404,1.00,1.00
2014.01.29 20:45:05.950,0.73382,0.73403,1.00,1.00
2014.01.29 20:45:06.283,0.73382,0.73405,1.00,1.00
2014.01.29 20:45:07.252,0.73385,0.73405,1.00,1.00
2014.01.29 20:45:10.961,0.73383,0.73405,1.00,1.00
2014.01.29 20:45:11.932,0.73383,0.73406,1.00,1.00
2014.01.29 20:45:11.982,0.73389,0.73406,1.00,1.00
2014.01.29 20:45:12.509,0.73389,0.73405,1.00,1.00
2014.01.29 20:45:13.496,0.73388,0.73405,1.00,1.00
2014.01.29 20:45:14.002,0.73388,0.73406,1.00,1.00
2014.01.29 20:45:14.052,0.73385,0.73406,1.00,1.00
2014.01.29 20:45:14.793,0.73383,0.73406,1.00,1.00
2014.01.29 20:45:18.024,0.73383,0.73405,1.00,1.00
2014.01.29 20:45:18.751,0.7338,0.73405,1.00,1.00
2014.01.29 20:45:18.860,0.73378,0.73406,1.00,1.00
2014.01.29 20:45:18.911,0.73378,0.73403,1.00,1.00
2014.01.29 20:45:24.610,0.73378,0.73406,1.00,1.13
2014.01.29 20:45:25.131,0.73382,0.73405,1.00,1.00
2014.01.29 20:45:25.483,0.73385,0.73406,1.00,1.00
2014.01.29 20:45:26.369,0.73385,0.73403,1.00,1.00
2014.01.29 20:45:32.397,0.73385,0.73406,1.00,1.00
2014.01.29 20:45:34.997,0.73385,0.73405,1.00,1.00
2014.01.29 20:45:35.151,0.73387,0.73405,1.00,1.00
2014.01.29 20:45:35.302,0.73383,0.73405,1.00,1.00
2014.01.29 20:45:36.328,0.73383,0.73413,1.00,1.13
2014.01.29 20:45:41.313,0.73387,0.73416,1.00,1.38
2014.01.29 20:45:41.681,0.73389,0.73416,1.00,1.13
2014.01.29 20:45:41.851,0.73389,0.73414,1.00,1.00
2014.01.29 20:45:46.122,0.73389,0.73415,1.00,1.00
2014.01.29 20:45:48.483,0.73391,0.73415,1.00,1.00
2014.01.29 20:45:48.785,0.73403,0.73419,1.00,1.00
2014.01.29 20:45:48.836,0.73403,0.73429,1.00,1.00
2014.01.29 20:45:48.937,0.73406,0.73434,1.00,1.35
2014.01.29 20:45:49.397,0.73406,0.73436,1.00,1.00
2014.01.29 20:45:49.939,0.73406,0.73437,1.00,1.50
2014.01.29 20:45:57.126,0.73406,0.73438,1.00,1.50
2014.01.29 20:45:57.177,0.7341,0.73438,1.00,1.50
2014.01.29 20:46:00.671,0.7341,0.73437,1.00,1.00
2014.01.29 20:46:02.010,0.73413,0.73438,1.00,1.00
2014.01.29 20:46:02.641,0.73415,0.73438,1.00,1.00
2014.01.29 20:46:03.310,0.73415,0.73438,1.00,1.60
2014.01.29 20:46:04.476,0.73419,0.73438,1.00,2.48
2014.01.29 20:46:04.635,0.73419,0.73438,1.00,1.88
2014.01.29 20:46:04.686,0.73421,0.73438,1.00,1.13
2014.01.29 20:46:05.014,0.73425,0.73438,1.00,1.13
2014.01.29 20:46:05.219,0.73425,0.73453,1.00,1.00
2014.01.29 20:46:05.472,0.73425,0.73451,1.00,1.00
2014.01.29 20:46:06.878,0.73425,0.73448,1.00,1.00
2014.01.29 20:46:09.279,0.73425,0.7345,1.00,1.00
2014.01.29 20:46:10.958,0.73425,0.73449,1.00,1.00
2014.01.29 20:46:12.002,0.73425,0.7345,1.00,1.00
2014.01.29 20:46:13.362,0.73422,0.73446,1.00,1.00
2014.01.29 20:46:13.463,0.73419,0.73444,1.00,1.00
2014.01.29 20:46:14.118,0.73419,0.73443,1.00,1.00
2014.01.29 20:46:14.221,0.73425,0.73443,1.00,1.00
2014.01.29 20:46:14.271,0.73425,0.73449,1.00,1.00
2014.01.29 20:46:14.372,0.73432,0.7345,1.00,1.00
2014.01.29 20:46:14.523,0.73433,0.73464,1.00,1.00
2014.01.29 20:46:14.674,0.73435,0.73469,1.00,1.50
2014.01.29 20:46:14.725,0.73435,0.73469,1.38,1.00
2014.01.29 20:46:14.776,0.73438,0.73478,1.13,1.50
2014.01.29 20:46:14.933,0.73438,0.73469,1.13,1.00
2014.01.29 20:46:15.269,0.73444,0.73469,1.00,1.00
2014.01.29 20:46:15.319,0.73442,0.73469,1.00,1.00
2014.01.29 20:46:15.538,0.73445,0.73469,1.00,1.00
2014.01.29 20:46:15.924,0.7345,0.73469,1.00,1.00
2014.01.29 20:46:16.330,0.73451,0.73473,1.00,1.00
2014.01.29 20:46:16.661,0.73451,0.73468,1.00,1.00
2014.01.29 20:46:16.762,0.7344,0.73468,1.00,1.00
2014.01.29 20:46:16.863,0.73434,0.73468,1.00,1.00
2014.01.29 20:46:16.913,0.73429,0.7346,1.13,1.00
2014.01.29 20:46:17.240,0.73433,0.73464,1.00,1.00
2014.01.29 20:46:17.353,0.73438,0.73471,1.00,1.00
2014.01.29 20:46:17.404,0.73442,0.73472,1.00,1.00
2014.01.29 20:46:17.709,0.73447,0.73478,1.00,1.00
2014.01.29 20:46:20.860,0.73447,0.73473,1.00,1.00
2014.01.29 20:46:21.739,0.73447,0.73478,1.00,1.00
2014.01.29 20:46:22.437,0.73447,0.73474,1.00,1.00
2014.01.29 20:46:22.740,0.7345,0.73473,1.00,1.00
2014.01.29 20:46:23.442,0.7345,0.73479,1.00,1.00
2014.01.29 20:46:23.832,0.7345,0.73484,1.00,1.50
2014.01.29 20:46:24.229,0.73448,0.73484,1.00,1.50
2014.01.29 20:46:24.700,0.73451,0.73484,1.00,1.50
2014.01.29 20:46:25.808,0.73451,0.73486,1.00,1.00
2014.01.29 20:46:26.109,0.73451,0.73484,1.00,1.00
2014.01.29 20:46:26.349,0.73445,0.73484,1.50,1.38
2014.01.29 20:46:26.582,0.73448,0.73484,1.00,1.00
2014.01.29 20:46:28.456,0.73448,0.73473,1.00,1.00
2014.01.29 20:46:28.557,0.73448,0.73478,1.00,1.00
2014.01.29 20:46:28.658,0.73447,0.73484,1.00,3.00
2014.01.29 20:46:28.970,0.73449,0.73484,1.00,1.38
2014.01.29 20:46:29.518,0.73452,0.73484,1.00,1.00
2014.01.29 20:46:30.287,0.73452,0.73479,1.00,1.00
2014.01.29 20:46:34.597,0.73448,0.73479,1.00,1.50
2014.01.29 20:46:35.600,0.73451,0.73479,1.00,1.00
2014.01.29 20:46:36.587,0.73451,0.73481,1.00,1.00
2014.01.29 20:46:37.789,0.73451,0.73479,1.00,1.00
2014.01.29 20:46:41.528,0.73451,0.73477,1.00,1.00
2014.01.29 20:46:42.137,0.73448,0.73477,1.00,1.00
2014.01.29 20:46:42.345,0.73448,0.73475,1.00,1.00
2014.01.29 20:46:42.847,0.73445,0.73475,1.00,1.00
2014.01.29 20:46:50.259,0.73449,0.73481,1.00,1.00
2014.01.29 20:46:50.436,0.73446,0.73481,1.00,1.00
2014.01.29 20:46:53.031,0.73446,0.73478,1.00,1.00
2014.01.29 20:46:54.404,0.73446,0.73474,1.00,1.00
2014.01.29 20:46:56.231,0.73446,0.73479,1.00,1.00
2014.01.29 20:46:57.049,0.73446,0.73478,1.00,1.00
2014.01.29 20:46:58.350,0.73446,0.73479,1.38,1.00
2014.01.29 20:46:58.400,0.73446,0.73479,1.00,1.00
2014.01.29 20:46:58.451,0.73446,0.73479,1.38,1.00
2014.01.29 20:46:59.149,0.73451,0.73479,1.00,1.00
2014.01.29 20:46:59.489,0.73455,0.73479,1.00,1.00
2014.01.29 20:47:00.018,0.73455,0.73478,1.00,1.00
2014.01.29 20:47:00.332,0.73452,0.73473,1.00,1.00
2014.01.29 20:47:02.275,0.73449,0.73473,1.38,1.00
2014.01.29 20:47:03.088,0.73449,0.73473,1.00,1.00
2014.01.29 20:47:03.188,0.73445,0.73473,1.13,1.00
2014.01.29 20:47:04.044,0.73445,0.73469,1.13,1.00
2014.01.29 20:47:04.148,0.73445,0.73474,1.13,1.00
2014.01.29 20:47:06.897,0.73445,0.73478,1.13,1.00
2014.01.29 20:47:16.706,0.73448,0.73478,1.00,1.00
2014.01.29 20:47:23.660,0.73451,0.73478,1.00,1.00
2014.01.29 20:47:23.710,0.73451,0.73484,1.00,1.00
2014.01.29 20:47:23.951,0.73455,0.73484,1.00,1.00
2014.01.29 20:47:26.224,0.73452,0.73484,1.00,1.00
2014.01.29 20:47:26.704,0.73452,0.73486,1.00,1.00
2014.01.29 20:47:26.859,0.73456,0.73489,1.00,1.00
2014.01.29 20:47:27.190,0.73458,0.73489,1.00,1.00
2014.01.29 20:47:27.508,0.73462,0.73491,1.00,1.00
2014.01.29 20:47:27.849,0.73463,0.73488,1.00,1.00
2014.01.29 20:47:28.089,0.73463,0.73494,1.00,1.00
2014.01.29 20:47:28.893,0.73466,0.73499,1.00,1.00
2014.01.29 20:47:30.084,0.73472,0.73502,1.00,1.00
2014.01.29 20:47:31.382,0.73466,0.73499,1.00,1.00
2014.01.29 20:47:32.590,0.73472,0.73502,1.00,1.00
2014.01.29 20:47:32.810,0.73467,0.73498,1.00,1.00
2014.01.29 20:47:33.467,0.73471,0.73502,1.00,1.00
2014.01.29 20:47:34.463,0.73466,0.73499,1.00,1.00
2014.01.29 20:47:35.121,0.73471,0.73501,1.00,1.00
2014.01.29 20:47:36.548,0.73466,0.73499,1.00,1.00
2014.01.29 20:47:37.099,0.73471,0.73501,1.00,1.50
2014.01.29 20:47:37.468,0.73476,0.735,1.00,1.50
2014.01.29 20:47:37.794,0.73481,0.73501,1.00,1.00
2014.01.29 20:47:37.981,0.73476,0.73501,1.00,1.00
2014.01.29 20:47:38.090,0.73482,0.73501,1.00,1.00
2014.01.29 20:47:38.435,0.73472,0.73498,1.00,1.00
2014.01.29 20:47:38.536,0.73468,0.73499,1.00,1.00
2014.01.29 20:47:38.630,0.73471,0.73504,1.00,1.00
2014.01.29 20:47:38.737,0.73468,0.73504,1.00,1.00
2014.01.29 20:47:39.837,0.73467,0.73499,1.50,1.00
2014.01.29 20:47:40.207,0.73467,0.73503,1.00,1.00
2014.01.29 20:47:42.040,0.73471,0.73504,1.00,1.00
2014.01.29 20:47:42.168,0.73467,0.73503,1.00,1.00
2014.01.29 20:47:42.708,0.73467,0.73502,1.00,1.00
2014.01.29 20:47:42.809,0.7347,0.73502,1.50,1.00
2014.01.29 20:47:43.106,0.73473,0.73509,1.50,1.50
2014.01.29 20:47:43.578,0.73473,0.73504,1.50,1.00
2014.01.29 20:47:44.127,0.73473,0.73503,1.00,1.00
2014.01.29 20:47:44.227,0.7347,0.73503,1.00,1.00
2014.01.29 20:47:45.544,0.73473,0.73503,1.00,1.00
2014.01.29 20:47:45.670,0.73473,0.73508,1.00,1.50
2014.01.29 20:47:46.492,0.73478,0.73508,1.00,1.50
2014.01.29 20:47:46.775,0.73482,0.73513,1.00,1.50
2014.01.29 20:47:46.876,0.73479,0.73513,1.00,1.50
2014.01.29 20:47:47.107,0.73479,0.73516,1.00,1.00
2014.01.29 20:47:47.367,0.73476,0.73516,1.50,1.00
2014.01.29 20:47:47.496,0.73479,0.73516,1.00,1.00
2014.01.29 20:47:47.894,0.73481,0.73517,1.00,1.50
2014.01.29 20:47:48.908,0.73481,0.73523,1.00,1.00
2014.01.29 20:47:48.958,0.73481,0.73523,1.38,1.00
2014.01.29 20:47:49.417,0.73488,0.73524,1.00,1.50
2014.01.29 20:47:49.755,0.73484,0.73521,1.38,1.00
2014.01.29 20:47:49.856,0.73484,0.73521,1.00,1.00
2014.01.29 20:47:49.907,0.7348,0.73519,1.00,1.00
2014.01.29 20:47:50.810,0.7348,0.73515,1.00,1.00
2014.01.29 20:47:50.860,0.73477,0.73515,1.50,1.00
2014.01.29 20:47:57.675,0.73478,0.73518,1.00,1.88
2014.01.29 20:47:58.283,0.73477,0.73516,1.13,1.00
2014.01.29 20:48:00.265,0.73482,0.73516,1.00,1.00
2014.01.29 20:48:01.255,0.73476,0.73516,1.88,1.00
2014.01.29 20:48:02.557,0.73477,0.73518,1.88,1.00
2014.01.29 20:48:04.735,0.73477,0.73514,1.13,1.00
2014.01.29 20:48:05.442,0.73477,0.7351,1.00,1.00
2014.01.29 20:48:05.493,0.73475,0.7351,1.00,1.00
2014.01.29 20:48:05.790,0.73476,0.73512,1.13,1.00
2014.01.29 20:48:06.071,0.73477,0.7351,1.00,1.00
2014.01.29 20:48:06.915,0.73476,0.7351,1.00,1.00
2014.01.29 20:48:07.848,0.73474,0.7351,1.50,1.00
2014.01.29 20:48:07.900,0.73477,0.7351,1.00,1.00
2014.01.29 20:48:09.398,0.73481,0.7351,1.00,1.00
2014.01.29 20:48:09.936,0.73483,0.73507,1.00,1.00
2014.01.29 20:48:10.809,0.73482,0.73506,1.50,1.00
2014.01.29 20:48:11.358,0.7348,0.73506,1.00,1.00
2014.01.29 20:48:16.821,0.73482,0.73508,1.00,1.00
2014.01.29 20:48:17.368,0.73487,0.73509,1.00,1.00
2014.01.29 20:48:17.698,0.7349,0.73509,1.00,1.00
2014.01.29 20:48:20.005,0.7349,0.73512,1.00,1.00
2014.01.29 20:48:21.725,0.7349,0.73513,1.00,1.50
2014.01.29 20:48:21.987,0.73493,0.73513,1.00,1.50
2014.01.29 20:48:22.497,0.73493,0.73514,1.00,1.50
2014.01.29 20:48:22.916,0.73496,0.73514,1.00,1.50
2014.01.29 20:48:23.086,0.7349,0.73514,1.00,2.25
2014.01.29 20:48:23.137,0.7349,0.7351,1.00,1.00
2014.01.29 20:48:23.238,0.73488,0.7351,1.00,1.00
2014.01.29 20:48:23.339,0.73482,0.73506,1.00,1.00
2014.01.29 20:48:23.966,0.73483,0.73508,1.00,2.25
2014.01.29 20:48:24.235,0.73483,0.73506,1.00,1.00
2014.01.29 20:48:24.296,0.73481,0.73506,1.00,1.00
2014.01.29 20:48:24.647,0.7348,0.73504,1.00,1.00
2014.01.29 20:48:26.062,0.73478,0.73504,1.00,1.00
2014.01.29 20:48:28.082,0.73484,0.73506,1.00,1.00
2014.01.29 20:48:29.172,0.73484,0.73507,1.00,1.00
2014.01.29 20:48:33.299,0.73484,0.73506,1.00,1.00
2014.01.29 20:48:35.315,0.73487,0.73506,1.00,1.00
2014.01.29 20:48:36.220,0.73483,0.73506,1.00,1.00
2014.01.29 20:48:36.445,0.73483,0.73504,1.00,1.00
2014.01.29 20:48:38.805,0.73483,0.73498,1.00,1.00
2014.01.29 20:48:38.916,0.73483,0.73504,1.00,1.50
2014.01.29 20:48:41.284,0.73486,0.73504,1.00,1.50
2014.01.29 20:48:43.314,0.73486,0.73498,1.00,1.00
2014.01.29 20:48:44.637,0.73486,0.73503,1.00,1.00
2014.01.29 20:48:48.751,0.73487,0.73503,1.00,1.00
2014.01.29 20:48:50.525,0.73485,0.73503,1.00,1.00
2014.01.29 20:48:51.288,0.73489,0.73503,1.00,1.00
2014.01.29 20:48:51.719,0.73492,0.73503,1.00,1.00
2014.01.29 20:48:52.236,0.73489,0.73503,1.00,1.00
2014.01.29 20:48:52.455,0.73493,0.73503,1.00,1.00
2014.01.29 20:48:53.336,0.7349,0.73503,1.00,1.00
2014.01.29 20:48:53.556,0.73492,0.73503,1.00,1.00
2014.01.29 20:48:55.355,0.7349,0.73503,1.00,1.00
2014.01.29 20:49:04.227,0.73488,0.73503,1.00,1.00
2014.01.29 20:49:04.378,0.73485,0.73503,1.00,1.00
2014.01.29 20:49:04.480,0.73483,0.73503,1.00,1.00
2014.01.29 20:49:04.581,0.73481,0.73502,1.00,1.50
2014.01.29 20:49:05.654,0.73481,0.73503,1.00,2.25
2014.01.29 20:49:05.866,0.73481,0.73499,1.00,1.00
2014.01.29 20:49:06.096,0.73479,0.73499,1.00,1.00
2014.01.29 20:49:06.748,0.73479,0.73503,1.00,2.63
2014.01.29 20:49:07.888,0.73478,0.73503,1.00,3.38
2014.01.29 20:49:07.939,0.73478,0.735,1.00,1.50
2014.01.29 20:49:09.773,0.73481,0.735,1.00,1.00
2014.01.29 20:49:10.075,0.73485,0.73502,1.00,1.00
2014.01.29 20:49:11.041,0.73485,0.73503,1.00,1.00
2014.01.29 20:49:11.973,0.73488,0.73503,1.00,1.00
2014.01.29 20:49:12.036,0.73486,0.73503,1.00,1.00
2014.01.29 20:49:12.924,0.73486,0.73502,1.00,1.00
2014.01.29 20:49:13.979,0.73486,0.73503,1.00,1.00
2014.01.29 20:49:14.030,0.73483,0.73503,1.00,1.00
2014.01.29 20:49:14.556,0.73484,0.73503,1.00,1.00
2014.01.29 20:49:15.346,0.73484,0.73502,1.00,1.00
2014.01.29 20:49:15.872,0.73483,0.73503,1.00,1.00
2014.01.29 20:49:23.135,0.73485,0.73503,1.00,1.00
2014.01.29 20:49:24.416,0.73487,0.73502,1.00,1.00
2014.01.29 20:49:25.988,0.73481,0.73502,1.00,1.00
2014.01.29 20:49:26.874,0.73482,0.73502,1.00,1.00
2014.01.29 20:49:26.975,0.7348,0.73502,1.00,1.00
2014.01.29 20:49:29.129,0.7348,0.73501,1.00,1.00
2014.01.29 20:49:29.298,0.73477,0.73501,1.00,1.00
2014.01.29 20:49:29.375,0.73475,0.73499,1.00,1.00
2014.01.29 20:49:29.981,0.73475,0.73498,1.00,1.00
2014.01.29 20:49:31.135,0.73477,0.73498,1.00,1.00
2014.01.29 20:49:33.936,0.73477,0.73501,1.00,2.25
2014.01.29 20:49:34.084,0.73477,0.73498,1.00,1.00
2014.01.29 20:49:42.827,0.7348,0.73498,1.00,1.00
2014.01.29 20:49:43.357,0.73476,0.73498,1.00,1.00
2014.01.29 20:49:43.458,0.73474,0.73494,1.00,1.00
2014.01.29 20:49:44.027,0.73471,0.73494,1.00,1.00
2014.01.29 20:49:44.128,0.73469,0.73493,1.00,1.00
2014.01.29 20:49:44.179,0.73469,0.73489,1.00,1.00
2014.01.29 20:49:44.593,0.73467,0.73489,1.00,1.00
2014.01.29 20:49:44.946,0.73467,0.73493,1.35,1.00
2014.01.29 20:49:44.997,0.73477,0.73495,1.00,1.00
2014.01.29 20:49:45.047,0.73477,0.73498,1.00,1.00
2014.01.29 20:49:45.248,0.73475,0.73497,1.00,1.00
2014.01.29 20:49:45.299,0.73475,0.73492,1.00,1.00
2014.01.29 20:49:45.349,0.73473,0.73492,1.00,1.00
2014.01.29 20:49:46.004,0.73471,0.73492,1.00,1.00
2014.01.29 20:49:48.444,0.73471,0.73491,1.00,1.00
2014.01.29 20:49:48.515,0.73468,0.73491,1.00,1.00
2014.01.29 20:49:50.644,0.73468,0.73492,1.00,1.00
2014.01.29 20:49:53.134,0.73464,0.73488,1.00,1.00
2014.01.29 20:49:53.767,0.73462,0.73486,1.00,1.00
2014.01.29 20:49:53.817,0.73459,0.73485,1.00,1.00
2014.01.29 20:49:54.353,0.7346,0.73486,1.00,1.00
2014.01.29 20:49:54.690,0.7346,0.73484,1.00,1.00
2014.01.29 20:49:56.766,0.73458,0.73482,1.00,1.00
2014.01.29 20:49:57.882,0.73455,0.73479,1.00,1.00
2014.01.29 20:49:58.085,0.73452,0.73478,1.00,1.00
2014.01.29 20:49:58.965,0.7345,0.73476,1.00,1.00
2014.01.29 20:50:01.938,0.73448,0.73474,1.00,1.00
2014.01.29 20:50:02.507,0.73444,0.7347,1.13,1.00
2014.01.29 20:50:05.016,0.73447,0.73471,1.00,1.00
2014.01.29 20:50:05.346,0.73449,0.73473,1.00,1.00
2014.01.29 20:50:06.267,0.7345,0.73476,1.00,1.00
2014.01.29 20:50:08.867,0.73448,0.73474,1.00,1.00
2014.01.29 20:50:09.199,0.7345,0.73476,1.00,1.00
2014.01.29 20:50:09.504,0.73447,0.73473,1.00,1.00
2014.01.29 20:50:09.806,0.7344,0.73466,1.00,1.00
2014.01.29 20:50:10.126,0.73438,0.73464,1.00,1.00
2014.01.29 20:50:11.836,0.73441,0.73465,1.00,1.00
2014.01.29 20:50:15.606,0.73438,0.73464,1.00,1.00
2014.01.29 20:50:17.765,0.73437,0.73463,1.00,1.00
2014.01.29 20:50:19.016,0.73435,0.73461,1.00,1.00
2014.01.29 20:50:19.517,0.73438,0.73464,1.00,1.00
2014.01.29 20:50:21.290,0.73442,0.73466,1.00,1.50
2014.01.29 20:50:22.388,0.73443,0.73466,1.00,1.00
2014.01.29 20:50:23.025,0.73443,0.73467,1.00,1.00
2014.01.29 20:50:28.274,0.73447,0.73467,1.00,1.00
2014.01.29 20:50:29.595,0.73443,0.73467,1.00,1.00
2014.01.29 20:50:29.787,0.7344,0.73466,1.00,1.50
2014.01.29 20:50:29.856,0.73443,0.73466,1.00,1.00
2014.01.29 20:50:31.397,0.73445,0.73466,1.00,1.00
2014.01.29 20:50:32.296,0.73445,0.73467,1.00,1.00
2014.01.29 20:50:34.258,0.73446,0.73467,1.00,1.00
2014.01.29 20:50:34.500,0.73443,0.73467,1.00,1.00
2014.01.29 20:50:34.601,0.73447,0.73466,1.00,1.00
2014.01.29 20:50:35.066,0.73451,0.73466,1.00,1.00
2014.01.29 20:50:35.168,0.73451,0.73475,1.00,1.00
2014.01.29 20:50:37.298,0.7345,0.73474,1.00,1.00
2014.01.29 20:50:39.758,0.73452,0.73475,1.00,1.00
2014.01.29 20:50:40.248,0.73454,0.73475,1.00,1.00
2014.01.29 20:50:41.105,0.73453,0.73473,1.00,1.00
2014.01.29 20:50:41.549,0.73452,0.73468,1.00,1.00
2014.01.29 20:50:41.900,0.73465,0.73475,1.00,1.00
2014.01.29 20:50:42.001,0.73465,0.73485,1.00,1.50
2014.01.29 20:50:51.686,0.73465,0.73484,1.00,2.25
2014.01.29 20:50:51.737,0.73463,0.73484,1.00,2.25
2014.01.29 20:50:53.574,0.73463,0.7348,1.00,1.00
2014.01.29 20:50:55.117,0.73463,0.73476,1.00,1.00
2014.01.29 20:50:55.218,0.7346,0.73476,1.00,1.00
2014.01.29 20:50:59.296,0.73459,0.73476,1.00,1.00
2014.01.29 20:50:59.936,0.73457,0.73476,1.00,1.00
2014.01.29 20:51:00.926,0.73458,0.73476,1.00,1.00
2014.01.29 20:51:01.166,0.73458,0.73481,1.00,2.25
2014.01.29 20:51:01.586,0.73461,0.73481,1.00,2.25
2014.01.29 20:51:01.838,0.73465,0.73488,1.00,1.50
2014.01.29 20:51:02.039,0.73467,0.73487,1.00,1.00
2014.01.29 20:51:02.399,0.73465,0.73487,1.00,1.00
2014.01.29 20:51:02.466,0.73467,0.73487,1.00,1.00
2014.01.29 20:51:02.836,0.73471,0.73488,1.00,1.00
2014.01.29 20:51:03.892,0.73471,0.73493,1.00,1.50
2014.01.29 20:51:04.043,0.73474,0.73493,1.00,1.00
2014.01.29 20:51:04.275,0.73468,0.73494,1.00,2.25
2014.01.29 20:51:04.376,0.73468,0.73492,1.00,1.00
2014.01.29 20:51:04.995,0.73462,0.73488,1.00,1.00
2014.01.29 20:51:06.114,0.7346,0.73486,1.00,1.00
2014.01.29 20:51:06.987,0.73458,0.73482,1.00,1.00
2014.01.29 20:51:07.525,0.73457,0.73481,1.50,1.00
2014.01.29 20:51:07.975,0.73461,0.73485,1.00,1.00
2014.01.29 20:51:08.076,0.73461,0.73487,1.00,1.00
2014.01.29 20:51:08.971,0.73465,0.73489,1.00,1.00
2014.01.29 20:51:09.272,0.73462,0.73486,1.00,1.00
2014.01.29 20:51:09.588,0.7346,0.73484,1.00,1.00
2014.01.29 20:51:09.841,0.73463,0.73489,1.00,1.00
2014.01.29 20:51:11.504,0.73463,0.73487,1.00,1.00
2014.01.29 20:51:17.700,0.7346,0.73486,1.00,1.00
2014.01.29 20:51:20.525,0.73459,0.73485,1.00,1.00
2014.01.29 20:51:22.343,0.73459,0.73484,1.00,1.00
2014.01.29 20:51:23.159,0.73459,0.73485,1.00,1.00
2014.01.29 20:51:23.210,0.73457,0.73483,1.00,1.00
2014.01.29 20:51:23.534,0.73453,0.73477,1.00,1.00
2014.01.29 20:51:24.383,0.73454,0.73478,1.00,1.00
2014.01.29 20:51:27.785,0.7345,0.73474,1.00,1.00
2014.01.29 20:51:33.327,0.73447,0.73472,1.00,1.00
2014.01.29 20:51:34.445,0.73447,0.73473,1.00,1.00
2014.01.29 20:51:36.475,0.73447,0.73471,1.00,1.00
2014.01.29 20:51:36.817,0.73444,0.7347,1.00,1.00
2014.01.29 20:51:37.279,0.73444,0.73468,1.00,1.00
2014.01.29 20:51:37.610,0.73443,0.73466,1.00,1.00
2014.01.29 20:51:39.244,0.73442,0.73466,1.00,1.00
2014.01.29 20:51:40.053,0.73443,0.73466,1.00,1.00
2014.01.29 20:51:40.255,0.73448,0.73472,1.00,1.00
2014.01.29 20:51:40.576,0.73445,0.73471,1.50,1.00
2014.01.29 20:51:40.876,0.73447,0.73473,1.00,1.00
2014.01.29 20:51:41.193,0.73447,0.73473,1.38,1.00
2014.01.29 20:51:41.293,0.73446,0.73472,1.00,1.00
2014.01.29 20:51:41.604,0.73446,0.73472,1.60,1.00
2014.01.29 20:51:41.984,0.73445,0.73471,1.00,1.00
2014.01.29 20:51:42.374,0.73445,0.73471,1.60,1.00
2014.01.29 20:51:43.313,0.73448,0.73472,1.38,1.00
2014.01.29 20:51:43.525,0.73446,0.73472,1.00,1.00
2014.01.29 20:51:43.626,0.73445,0.73469,1.50,1.00
2014.01.29 20:51:44.354,0.73445,0.73469,2.10,1.00
2014.01.29 20:51:44.404,0.73449,0.73472,1.00,1.00
2014.01.29 20:51:44.664,0.7345,0.73474,1.00,1.00
2014.01.29 20:51:44.764,0.73446,0.73472,1.38,1.00
2014.01.29 20:51:44.815,0.73446,0.73472,1.00,1.00
2014.01.29 20:51:44.865,0.73445,0.7347,1.00,1.00
2014.01.29 20:51:46.153,0.73445,0.7347,1.60,1.00
2014.01.29 20:51:46.304,0.73448,0.73472,2.48,1.00
2014.01.29 20:51:47.053,0.73446,0.73472,1.00,1.00
2014.01.29 20:51:47.153,0.73448,0.73474,1.00,1.00
2014.01.29 20:51:47.513,0.73448,0.7347,1.13,1.00
2014.01.29 20:51:47.823,0.73446,0.7347,1.00,1.00
2014.01.29 20:51:48.025,0.73447,0.73473,1.00,1.00
2014.01.29 20:51:48.575,0.7345,0.73474,1.00,1.00
2014.01.29 20:51:48.835,0.73452,0.73478,1.00,1.00
2014.01.29 20:51:55.443,0.73455,0.73479,1.00,1.00
2014.01.29 20:52:08.175,0.73455,0.73479,1.38,1.00
2014.01.29 20:52:08.226,0.73457,0.73481,1.38,1.00
2014.01.29 20:52:08.326,0.73458,0.73484,1.13,1.00
2014.01.29 20:52:15.064,0.73458,0.73484,1.73,1.00
2014.01.29 20:52:15.237,0.73462,0.73488,1.60,1.00
2014.01.29 20:52:15.438,0.7346,0.73486,1.50,1.00
2014.01.29 20:52:16.604,0.7346,0.73486,1.60,1.00
2014.01.29 20:52:16.755,0.73463,0.73489,1.60,1.00
2014.01.29 20:52:16.906,0.73462,0.73488,1.00,1.00
2014.01.29 20:52:17.464,0.73465,0.73489,1.00,1.00
2014.01.29 20:52:17.565,0.73465,0.73491,1.00,1.00
2014.01.29 20:52:18.234,0.73462,0.73486,1.00,1.00
2014.01.29 20:52:19.404,0.73464,0.73488,1.00,1.00
2014.01.29 20:52:19.844,0.73461,0.73485,1.00,1.00
2014.01.29 20:52:20.228,0.73462,0.73483,1.00,1.00
2014.01.29 20:52:20.536,0.73462,0.73486,1.50,1.00
2014.01.29 20:52:24.683,0.7346,0.73484,1.38,1.00
2014.01.29 20:52:25.476,0.7346,0.73484,1.00,1.00
2014.01.29 20:52:25.554,0.73457,0.73483,1.88,1.00
2014.01.29 20:52:26.178,0.73458,0.73483,1.00,1.00
2014.01.29 20:52:27.370,0.73458,0.73484,1.50,1.00
2014.01.29 20:52:31.613,0.73466,0.73484,1.00,1.00
2014.01.29 20:52:32.371,0.73466,0.73485,1.00,1.00
2014.01.29 20:52:33.812,0.73462,0.73485,1.00,1.00
2014.01.29 20:52:35.241,0.73461,0.73485,1.00,1.00
2014.01.29 20:52:50.008,0.73459,0.73484,1.00,1.00
2014.01.29 20:52:50.304,0.73462,0.73486,1.00,1.00
2014.01.29 20:52:53.805,0.73462,0.73486,1.60,1.00
2014.01.29 20:52:54.331,0.73463,0.73487,1.00,1.00
2014.01.29 20:52:55.060,0.73465,0.73491,1.00,1.00
2014.01.29 20:52:56.665,0.73466,0.73491,1.00,1.00
2014.01.29 20:52:57.788,0.73465,0.73491,1.00,1.00
2014.01.29 20:52:58.373,0.73468,0.73494,1.00,1.00
2014.01.29 20:52:59.218,0.7347,0.73496,1.00,1.00
2014.01.29 20:52:59.874,0.73475,0.73501,1.00,1.00
2014.01.29 20:53:00.424,0.73477,0.73501,1.00,1.00
2014.01.29 20:53:01.324,0.73479,0.73503,1.00,1.50
2014.01.29 20:53:01.841,0.7348,0.73503,1.00,1.00
2014.01.29 20:53:02.372,0.73481,0.73503,1.00,1.00
2014.01.29 20:53:02.813,0.73481,0.73507,1.00,1.50
2014.01.29 20:53:02.925,0.73481,0.73504,1.00,1.00
2014.01.29 20:53:03.701,0.73481,0.73499,1.00,1.00
2014.01.29 20:53:03.853,0.7348,0.73503,1.00,1.00
2014.01.29 20:53:04.572,0.7348,0.73498,1.00,1.00
2014.01.29 20:53:05.470,0.73479,0.73499,1.00,1.00
2014.01.29 20:53:06.113,0.73479,0.73503,1.00,1.00
2014.01.29 20:53:10.804,0.7348,0.73506,1.00,1.00
2014.01.29 20:53:10.905,0.73474,0.73498,1.00,1.00
2014.01.29 20:53:11.766,0.73471,0.73497,1.50,1.00
2014.01.29 20:53:12.018,0.73467,0.7349,1.35,1.00
2014.01.29 20:53:12.426,0.73463,0.73489,1.00,1.00
2014.01.29 20:53:12.956,0.73462,0.73488,1.00,1.00
2014.01.29 20:53:13.007,0.7346,0.73484,1.00,1.00
2014.01.29 20:53:17.331,0.73462,0.73484,1.00,1.00
2014.01.29 20:53:20.410,0.73461,0.73484,1.00,1.00
2014.01.29 20:53:25.586,0.73466,0.73484,1.00,1.00
2014.01.29 20:53:25.863,0.73466,0.73488,1.38,1.00
2014.01.29 20:53:26.061,0.73467,0.73493,1.38,1.00
2014.01.29 20:53:27.043,0.73462,0.73488,1.38,1.00
2014.01.29 20:53:27.707,0.73462,0.73488,1.38,1.00
2014.01.29 20:53:29.753,0.73466,0.7349,1.38,1.00
2014.01.29 20:53:29.854,0.73466,0.73492,1.88,1.00
2014.01.29 20:53:30.290,0.73466,0.73488,1.38,1.00
2014.01.29 20:53:31.264,0.73465,0.73491,1.38,1.00
2014.01.29 20:53:36.791,0.73462,0.73487,1.38,1.00
2014.01.29 20:53:38.031,0.73461,0.73487,1.38,1.00
2014.01.29 20:53:40.894,0.73461,0.73487,1.38,1.00
2014.01.29 20:53:42.361,0.73472,0.73487,1.00,1.00
2014.01.29 20:53:42.512,0.73472,0.73491,1.00,1.00
2014.01.29 20:53:42.915,0.73467,0.73491,1.00,1.00
2014.01.29 20:53:43.446,0.73467,0.7349,1.00,1.00
2014.01.29 20:53:43.497,0.73471,0.7349,1.00,1.00
2014.01.29 20:53:43.892,0.73477,0.73491,1.00,1.00
2014.01.29 20:53:43.942,0.73472,0.73493,1.00,1.00
2014.01.29 20:53:44.430,0.73472,0.73491,1.00,1.00
2014.01.29 20:53:45.011,0.73472,0.73492,1.00,1.00
2014.01.29 20:53:47.135,0.73472,0.73493,1.00,1.00
2014.01.29 20:53:47.712,0.73471,0.73492,1.00,1.00
2014.01.29 20:53:48.836,0.73471,0.73491,1.00,1.00
2014.01.29 20:53:49.144,0.73471,0.73489,1.00,1.00
2014.01.29 20:53:50.110,0.73472,0.73489,1.00,1.00
2014.01.29 20:53:50.261,0.73472,0.73493,1.00,1.00
2014.01.29 20:53:51.203,0.73472,0.73495,1.00,1.00
2014.01.29 20:53:52.123,0.73472,0.73496,1.88,1.00
2014.01.29 20:53:57.899,0.73472,0.73498,2.25,1.00
2014.01.29 20:54:01.111,0.73476,0.73498,1.00,1.00
2014.01.29 20:54:01.874,0.73476,0.73499,1.00,1.00
2014.01.29 20:54:02.025,0.73478,0.73502,1.00,1.00
2014.01.29 20:54:03.261,0.73479,0.73502,1.00,1.00
2014.01.29 20:54:07.269,0.73482,0.73502,1.00,1.00
2014.01.29 20:54:11.151,0.73479,0.73502,1.00,1.00
2014.01.29 20:54:11.251,0.73479,0.73499,1.00,1.00
2014.01.29 20:54:11.302,0.73477,0.73499,1.00,1.00
2014.01.29 20:54:11.553,0.73477,0.73496,1.00,1.00
2014.01.29 20:54:12.197,0.73482,0.73501,1.00,1.00
2014.01.29 20:54:15.100,0.73479,0.73501,1.00,1.00
2014.01.29 20:54:15.301,0.7348,0.73504,1.00,1.00
2014.01.29 20:54:15.486,0.73482,0.73504,1.00,1.00
2014.01.29 20:54:19.741,0.73478,0.73501,1.00,1.00
2014.01.29 20:54:19.804,0.73478,0.73499,1.00,1.00
2014.01.29 20:54:20.112,0.73482,0.73497,1.00,1.00
2014.01.29 20:54:20.581,0.73477,0.73497,1.00,1.00
2014.01.29 20:54:20.941,0.73479,0.73497,1.00,1.00
2014.01.29 20:54:20.991,0.73479,0.73499,1.00,1.00
2014.01.29 20:54:21.255,0.73481,0.73499,1.00,1.00
2014.01.29 20:54:22.886,0.73481,0.73501,1.00,1.00
2014.01.29 20:54:23.347,0.73479,0.73501,1.00,1.00
2014.01.29 20:54:23.550,0.73481,0.73501,1.00,1.00
2014.01.29 20:54:23.892,0.73481,0.73503,1.00,1.00
2014.01.29 20:54:24.462,0.73482,0.73503,1.00,1.00
2014.01.29 20:54:24.912,0.73479,0.73503,1.00,1.00
2014.01.29 20:54:24.962,0.73479,0.73499,1.00,1.00
2014.01.29 20:54:25.012,0.73477,0.73499,1.00,1.00
2014.01.29 20:54:25.089,0.73482,0.73499,1.00,1.00
2014.01.29 20:54:25.210,0.73482,0.73501,1.00,1.00
2014.01.29 20:54:25.716,0.73481,0.73499,1.00,1.00
2014.01.29 20:54:26.531,0.73481,0.73502,1.00,1.00
2014.01.29 20:54:28.279,0.73482,0.73502,1.00,1.00
2014.01.29 20:54:30.913,0.73482,0.735,1.00,1.00
2014.01.29 20:54:31.215,0.73486,0.73503,1.00,1.00
2014.01.29 20:54:32.393,0.73486,0.73504,1.00,1.00
2014.01.29 20:54:34.520,0.73481,0.73504,1.50,1.00
2014.01.29 20:54:39.247,0.73481,0.73501,1.50,1.00
2014.01.29 20:54:39.784,0.73481,0.73502,1.00,1.00
2014.01.29 20:54:40.120,0.73478,0.73502,1.00,1.00
2014.01.29 20:54:41.040,0.73478,0.735,1.00,1.00
2014.01.29 20:54:42.185,0.73479,0.735,1.00,1.00
2014.01.29 20:54:46.091,0.73479,0.73498,1.00,1.00
2014.01.29 20:54:46.141,0.73473,0.73498,1.00,1.00
2014.01.29 20:54:46.192,0.73473,0.73496,1.00,1.00
2014.01.29 20:54:46.331,0.73471,0.73496,1.00,1.00
2014.01.29 20:54:46.970,0.73471,0.73494,1.00,1.00
2014.01.29 20:54:48.391,0.73476,0.73492,1.00,1.00
2014.01.29 20:54:48.811,0.73472,0.73492,1.00,1.00
2014.01.29 20:54:49.298,0.73472,0.73489,1.00,1.00
2014.01.29 20:54:52.330,0.73467,0.73489,1.00,1.00
2014.01.29 20:54:52.549,0.73463,0.73487,1.75,1.00
2014.01.29 20:54:52.851,0.73462,0.73476,1.00,1.00
2014.01.29 20:54:52.902,0.73456,0.73476,1.00,1.00
2014.01.29 20:54:53.871,0.73453,0.73476,1.00,1.00
2014.01.29 20:54:53.972,0.73454,0.73476,1.38,1.00
2014.01.29 20:54:54.123,0.73454,0.73479,1.38,1.00
2014.01.29 20:54:54.307,0.73459,0.73479,1.00,1.00
2014.01.29 20:54:54.632,0.73462,0.73479,1.00,1.00
2014.01.29 20:54:55.139,0.73462,0.7348,1.00,1.00
2014.01.29 20:54:55.240,0.73461,0.73483,1.00,1.00
2014.01.29 20:54:55.957,0.73462,0.73483,1.00,1.00
2014.01.29 20:54:56.830,0.73462,0.73482,1.00,1.00
2014.01.29 20:54:56.881,0.7346,0.73482,1.00,1.00
2014.01.29 20:54:56.982,0.73456,0.73478,1.00,1.00
2014.01.29 20:54:57.943,0.73456,0.7348,1.38,1.00
2014.01.29 20:54:57.993,0.7346,0.7348,1.00,1.00
2014.01.29 20:54:58.539,0.7346,0.73481,1.00,1.00
2014.01.29 20:54:59.373,0.7346,0.73479,1.00,1.00
2014.01.29 20:54:59.524,0.73455,0.73477,1.00,1.00
2014.01.29 20:54:59.717,0.73451,0.73476,1.50,1.00
2014.01.29 20:55:00.599,0.73452,0.73476,1.00,1.00
2014.01.29 20:55:03.273,0.73455,0.73476,1.00,1.00
2014.01.29 20:55:03.953,0.73457,0.73476,1.00,1.00
2014.01.29 20:55:04.004,0.73457,0.73478,1.00,1.00
2014.01.29 20:55:06.210,0.73457,0.73476,1.00,1.00
2014.01.29 20:55:06.261,0.73455,0.73476,1.00,1.00
2014.01.29 20:55:06.767,0.73455,0.73475,1.00,1.00
2014.01.29 20:55:07.261,0.73452,0.73475,1.00,1.00
2014.01.29 20:55:07.582,0.7345,0.73474,1.00,1.00
2014.01.29 20:55:07.981,0.73453,0.73475,1.00,1.00
2014.01.29 20:55:08.610,0.73452,0.73474,1.00,1.00
2014.01.29 20:55:09.559,0.7345,0.73474,1.00,1.00
2014.01.29 20:55:09.735,0.73451,0.73477,1.00,1.00
2014.01.29 20:55:09.933,0.7345,0.73475,1.00,1.00
2014.01.29 20:55:11.320,0.73452,0.73475,1.00,1.00
2014.01.29 20:55:11.760,0.7345,0.73475,1.00,1.00
2014.01.29 20:55:14.451,0.7345,0.73473,1.00,1.00
2014.01.29 20:55:15.944,0.73452,0.73473,1.00,1.00
2014.01.29 20:55:16.315,0.73452,0.73471,1.00,1.00
2014.01.29 20:55:16.490,0.7345,0.73471,1.00,1.00
2014.01.29 20:55:18.976,0.7345,0.73473,1.00,1.00
2014.01.29 20:55:20.274,0.7345,0.73472,1.00,1.00
2014.01.29 20:55:21.420,0.7345,0.73473,1.00,1.00
2014.01.29 20:55:21.880,0.73452,0.73473,1.00,1.00
2014.01.29 20:55:21.930,0.73452,0.73476,1.00,1.00
2014.01.29 20:55:22.173,0.73452,0.73473,1.00,1.00
2014.01.29 20:55:22.872,0.7345,0.73473,1.00,1.00
2014.01.29 20:55:28.948,0.73449,0.73473,1.50,1.00
2014.01.29 20:55:32.741,0.73446,0.73472,1.00,1.00
2014.01.29 20:55:32.842,0.73447,0.73468,1.00,1.00
2014.01.29 20:55:35.647,0.73445,0.73468,1.00,1.00
2014.01.29 20:55:36.400,0.73446,0.73468,1.00,1.00
2014.01.29 20:55:37.268,0.73446,0.73469,1.00,1.00
2014.01.29 20:55:41.315,0.73451,0.73469,1.00,1.00
2014.01.29 20:55:45.860,0.73452,0.73469,1.00,1.00
2014.01.29 20:55:46.240,0.73456,0.73469,1.00,1.00
2014.01.29 20:55:48.330,0.73456,0.73474,1.00,1.00
2014.01.29 20:55:52.350,0.73452,0.73474,1.00,1.00
2014.01.29 20:55:55.539,0.73457,0.73474,1.00,1.00
2014.01.29 20:55:55.652,0.73451,0.73474,1.00,1.00
2014.01.29 20:56:01.810,0.73452,0.73474,1.00,1.00
2014.01.29 20:56:01.974,0.73452,0.73476,1.50,1.00
2014.01.29 20:56:02.033,0.73456,0.73476,1.00,1.00
2014.01.29 20:56:05.662,0.73452,0.73476,1.50,1.00
2014.01.29 20:56:05.769,0.73457,0.73476,1.00,1.00
2014.01.29 20:56:07.371,0.73452,0.73476,1.00,1.00
2014.01.29 20:56:09.134,0.73456,0.73476,1.00,1.00
2014.01.29 20:56:12.323,0.73452,0.73476,1.50,1.00
2014.01.29 20:56:12.740,0.73453,0.73479,1.00,1.00
2014.01.29 20:56:19.870,0.73454,0.73479,1.00,1.00
2014.01.29 20:56:21.004,0.73453,0.73479,1.50,1.00
2014.01.29 20:56:21.218,0.73453,0.73476,1.00,1.00
2014.01.29 20:56:22.490,0.73452,0.73476,1.50,1.00
2014.01.29 20:56:29.323,0.73452,0.73474,1.00,1.00
2014.01.29 20:56:33.283,0.73452,0.73473,1.00,1.00
2014.01.29 20:56:35.484,0.73452,0.73472,1.50,1.00
2014.01.29 20:56:40.789,0.73451,0.73472,1.00,1.00
2014.01.29 20:56:40.898,0.73446,0.73468,1.00,1.00
2014.01.29 20:56:40.999,0.73442,0.73468,1.00,1.00
2014.01.29 20:56:41.114,0.73441,0.73466,1.00,1.00
2014.01.29 20:56:44.282,0.73441,0.73463,1.00,1.00
2014.01.29 20:56:45.388,0.73442,0.73463,1.00,1.00
2014.01.29 20:56:46.739,0.73442,0.73462,1.00,1.00
2014.01.29 20:56:47.257,0.73436,0.7346,1.50,1.00
2014.01.29 20:56:47.414,0.73442,0.73461,1.00,1.00
2014.01.29 20:56:48.219,0.73442,0.73457,1.00,1.00
2014.01.29 20:56:48.353,0.73442,0.73463,1.00,1.00
2014.01.29 20:56:48.466,0.73436,0.73461,1.00,1.00
2014.01.29 20:56:48.517,0.73442,0.73461,1.00,1.00
2014.01.29 20:56:48.579,0.73437,0.73461,1.00,1.00
2014.01.29 20:56:48.709,0.73441,0.73464,1.00,1.00
2014.01.29 20:56:49.126,0.73441,0.73461,1.00,1.00
2014.01.29 20:56:49.485,0.73439,0.73461,1.00,1.00
2014.01.29 20:56:49.564,0.73437,0.73461,1.00,1.00
2014.01.29 20:56:49.788,0.73439,0.73461,1.00,1.00
2014.01.29 20:56:50.258,0.73441,0.73461,1.00,1.00
2014.01.29 20:56:57.308,0.73437,0.73461,1.00,1.50
2014.01.29 20:56:57.414,0.73435,0.73457,1.00,1.00
2014.01.29 20:56:57.923,0.73433,0.73457,1.00,1.00
2014.01.29 20:56:58.362,0.73436,0.73457,1.00,1.00
2014.01.29 20:56:59.138,0.73431,0.73457,1.50,1.50
2014.01.29 20:56:59.909,0.73431,0.73455,1.00,1.00
2014.01.29 20:57:00.232,0.73431,0.73453,1.00,1.00
2014.01.29 20:57:00.283,0.73425,0.73449,1.00,1.00
2014.01.29 20:57:00.333,0.73425,0.73447,1.00,1.00
2014.01.29 20:57:00.875,0.73424,0.73447,1.00,1.00
2014.01.29 20:57:01.218,0.73427,0.73447,1.00,1.00
2014.01.29 20:57:09.646,0.73427,0.7345,1.00,1.50
2014.01.29 20:57:12.883,0.73427,0.73449,1.00,1.00
2014.01.29 20:57:13.133,0.73427,0.73451,1.50,1.00
2014.01.29 20:57:14.237,0.73427,0.7345,1.00,1.00
2014.01.29 20:57:19.236,0.73426,0.7345,1.00,1.00
2014.01.29 20:57:29.581,0.73424,0.7345,1.50,1.00
2014.01.29 20:57:29.632,0.73424,0.73446,1.00,1.00
2014.01.29 20:57:29.732,0.73421,0.73446,1.00,1.50
2014.01.29 20:57:29.851,0.73421,0.73442,1.00,1.00
2014.01.29 20:57:30.258,0.73421,0.7344,1.00,1.00
2014.01.29 20:57:30.819,0.73421,0.73439,1.00,1.00
2014.01.29 20:57:36.619,0.73416,0.73439,1.00,1.00
2014.01.29 20:57:36.770,0.73417,0.73441,1.00,1.00
2014.01.29 20:57:36.839,0.73422,0.73441,1.00,1.00
2014.01.29 20:57:38.580,0.73422,0.7344,1.00,1.00
2014.01.29 20:57:39.338,0.73426,0.7344,1.00,1.00
2014.01.29 20:57:43.296,0.73427,0.7344,1.00,1.00
2014.01.29 20:57:45.828,0.73421,0.7344,1.00,1.00
2014.01.29 20:57:46.818,0.73421,0.73441,1.50,1.00
2014.01.29 20:57:47.367,0.73427,0.73441,1.00,1.00
2014.01.29 20:57:47.917,0.73421,0.73441,1.50,1.00
2014.01.29 20:57:48.178,0.73426,0.73441,1.00,1.00
2014.01.29 20:57:48.687,0.73421,0.73441,1.50,1.00
2014.01.29 20:57:48.797,0.73426,0.73441,1.00,1.00
2014.01.29 20:57:50.336,0.73422,0.73441,1.00,1.00
2014.01.29 20:57:51.327,0.73421,0.73441,1.00,1.00
2014.01.29 20:57:54.249,0.73424,0.73441,1.00,1.00
2014.01.29 20:57:54.500,0.73425,0.73444,1.00,1.00
2014.01.29 20:57:55.557,0.73424,0.73444,1.00,1.00
2014.01.29 20:57:56.740,0.73424,0.73442,1.00,1.00
2014.01.29 20:57:56.861,0.73421,0.73442,1.00,1.00
2014.01.29 20:57:58.291,0.73423,0.73442,1.00,1.00
2014.01.29 20:57:59.072,0.73421,0.73438,1.00,1.00
2014.01.29 20:57:59.374,0.73416,0.73434,1.00,1.00
2014.01.29 20:57:59.425,0.73414,0.73434,1.00,1.00
2014.01.29 20:57:59.526,0.73416,0.73433,1.00,1.00
2014.01.29 20:57:59.677,0.73418,0.73438,1.00,1.00
2014.01.29 20:57:59.948,0.7342,0.73438,1.00,1.00
2014.01.29 20:58:00.480,0.73421,0.73438,1.00,1.00
2014.01.29 20:58:01.041,0.73422,0.73438,1.00,1.00
2014.01.29 20:58:01.409,0.73425,0.73438,1.00,1.00
2014.01.29 20:58:02.078,0.73425,0.73437,1.00,1.00
2014.01.29 20:58:02.141,0.7342,0.73437,1.00,1.00
2014.01.29 20:58:02.417,0.73421,0.73442,1.00,1.00
2014.01.29 20:58:02.518,0.73427,0.73441,1.00,1.00
2014.01.29 20:58:02.623,0.73427,0.73447,1.00,1.00
2014.01.29 20:58:03.184,0.73427,0.73443,1.00,1.00
2014.01.29 20:58:03.728,0.73429,0.73439,1.00,1.00
2014.01.29 20:58:03.840,0.73422,0.7344,1.00,1.00
2014.01.29 20:58:04.561,0.73421,0.7344,1.00,1.00
2014.01.29 20:58:04.712,0.7342,0.73436,1.00,1.00
2014.01.29 20:58:06.352,0.73421,0.73436,1.00,1.00
2014.01.29 20:58:07.429,0.73419,0.73436,1.00,1.00
2014.01.29 20:58:07.580,0.73417,0.73437,1.50,1.50
2014.01.29 20:58:08.113,0.73419,0.73437,1.00,1.00
2014.01.29 20:58:10.062,0.7342,0.73437,1.00,1.00
2014.01.29 20:58:15.672,0.73422,0.73437,1.00,1.00
2014.01.29 20:58:16.036,0.73418,0.73437,1.00,1.00
2014.01.29 20:58:16.668,0.73417,0.73437,1.00,1.00
2014.01.29 20:58:16.820,0.73414,0.73437,1.00,1.00
2014.01.29 20:58:17.064,0.73415,0.73431,1.00,1.00
2014.01.29 20:58:17.372,0.73412,0.73428,1.00,1.00
2014.01.29 20:58:20.161,0.73412,0.73431,1.50,1.00
2014.01.29 20:58:20.211,0.73416,0.73431,1.00,1.00
2014.01.29 20:58:20.469,0.73417,0.73434,1.00,1.00
2014.01.29 20:58:22.706,0.73417,0.73435,1.00,1.00
2014.01.29 20:58:22.807,0.73416,0.73432,1.00,1.00
2014.01.29 20:58:24.360,0.73418,0.73432,1.00,1.00
2014.01.29 20:58:25.096,0.73418,0.73431,1.00,1.00
2014.01.29 20:58:25.770,0.73421,0.73431,1.00,1.00
2014.01.29 20:58:27.440,0.73419,0.73431,1.00,1.00
2014.01.29 20:58:29.710,0.73419,0.73432,1.00,1.00
2014.01.29 20:58:30.307,0.73418,0.73432,1.00,1.00
2014.01.29 20:58:30.839,0.73415,0.73432,1.00,1.00
2014.01.29 20:58:33.817,0.73415,0.73428,1.00,1.00
2014.01.29 20:58:36.456,0.73415,0.73432,1.00,1.00
2014.01.29 20:58:44.167,0.73415,0.73433,1.00,1.00
2014.01.29 20:58:45.940,0.73416,0.73433,1.00,1.00
2014.01.29 20:58:45.991,0.73416,0.73436,1.00,1.00
2014.01.29 20:58:46.041,0.73418,0.73436,1.00,1.00
2014.01.29 20:58:46.585,0.73419,0.73436,1.00,1.00
2014.01.29 20:58:54.283,0.73423,0.73436,1.00,1.00
2014.01.29 20:58:54.500,0.73423,0.73439,1.00,1.50
2014.01.29 20:58:54.831,0.73421,0.7344,1.00,1.00
2014.01.29 20:58:56.716,0.73421,0.73439,1.00,1.00
2014.01.29 20:58:58.722,0.73418,0.73439,1.00,1.00
2014.01.29 20:59:00.128,0.73418,0.7344,1.00,1.50
2014.01.29 20:59:00.229,0.7342,0.7344,1.00,1.50
2014.01.29 20:59:00.673,0.73406,0.73439,1.38,1.50
2014.01.29 20:59:01.486,0.73412,0.73439,1.00,1.00
2014.01.29 20:59:02.256,0.73411,0.73439,0.38,1.50
2014.01.29 20:59:02.458,0.73413,0.73443,1.13,0.75
2014.01.29 20:59:02.560,0.73415,0.73443,0.38,0.75
2014.01.29 20:59:02.886,0.73413,0.73439,0.38,0.75
2014.01.29 20:59:03.071,0.73411,0.73439,0.38,0.75
2014.01.29 20:59:06.262,0.73413,0.73439,0.38,0.75
2014.01.29 20:59:06.850,0.73413,0.7344,0.38,1.50
2014.01.29 20:59:07.151,0.73416,0.7344,0.38,0.75
2014.01.29 20:59:07.201,0.73415,0.73443,0.38,0.75
2014.01.29 20:59:07.302,0.73416,0.73445,0.75,1.50
2014.01.29 20:59:08.484,0.73416,0.73438,0.75,0.75
2014.01.29 20:59:08.831,0.73416,0.73429,0.75,0.75
2014.01.29 20:59:10.687,0.73416,0.73428,0.75,0.75
2014.01.29 20:59:12.000,0.73416,0.7343,0.75,0.75
2014.01.29 20:59:14.245,0.73416,0.73433,0.75,0.75
2014.01.29 20:59:14.886,0.73416,0.73434,0.75,0.75
2014.01.29 20:59:15.304,0.73421,0.73434,0.75,0.75
2014.01.29 20:59:21.445,0.73421,0.73433,0.75,0.75
2014.01.29 20:59:21.596,0.73411,0.73431,0.75,0.75
2014.01.29 20:59:21.696,0.73412,0.73434,0.75,0.75
2014.01.29 20:59:21.797,0.73412,0.73431,0.75,0.75
2014.01.29 20:59:22.171,0.73411,0.73428,0.75,0.75
2014.01.29 20:59:22.271,0.73411,0.73433,0.75,1.50
2014.01.29 20:59:22.372,0.73416,0.73433,0.75,1.50
2014.01.29 20:59:22.787,0.73411,0.73434,0.75,0.75
2014.01.29 20:59:24.013,0.73417,0.73434,0.75,0.75
2014.01.29 20:59:24.449,0.73425,0.73434,0.75,0.75
2014.01.29 20:59:24.500,0.73427,0.7344,0.75,0.75
2014.01.29 20:59:25.213,0.73427,0.73441,0.75,1.50
2014.01.29 20:59:25.535,0.73422,0.73442,0.75,1.50
2014.01.29 20:59:27.845,0.73427,0.73442,0.75,1.50
2014.01.29 20:59:31.370,0.73421,0.73442,0.75,1.50
2014.01.29 20:59:31.881,0.73422,0.73442,0.75,0.75
2014.01.29 20:59:32.012,0.73422,0.73444,1.13,0.75
2014.01.29 20:59:32.063,0.73426,0.73444,0.75,0.75
2014.01.29 20:59:32.586,0.73426,0.73445,0.75,0.75
2014.01.29 20:59:33.125,0.73425,0.73444,0.38,0.75
2014.01.29 20:59:33.599,0.73424,0.73448,0.38,0.75
2014.01.29 20:59:38.027,0.73422,0.73448,1.13,0.75
2014.01.29 20:59:39.485,0.73421,0.73448,0.38,0.75
2014.01.29 20:59:40.155,0.7342,0.73447,0.38,1.50
2014.01.29 20:59:43.580,0.73419,0.73447,0.38,1.50
2014.01.29 20:59:44.107,0.73417,0.73444,0.38,1.50
2014.01.29 20:59:48.420,0.73415,0.73445,0.38,1.50
2014.01.29 20:59:49.719,0.73417,0.73445,0.75,1.50
2014.01.29 20:59:50.375,0.73415,0.73445,0.38,1.50
2014.01.29 20:59:51.915,0.73416,0.73445,0.75,1.50
2014.01.29 20:59:52.747,0.73416,0.73444,0.75,1.50
2014.01.29 20:59:52.798,0.73414,0.73444,1.13,1.50
2014.01.29 20:59:55.206,0.73413,0.73442,0.38,0.75
2014.01.29 20:59:55.722,0.73413,0.73441,0.38,0.75
2014.01.29 20:59:55.979,0.73408,0.73437,0.38,0.75
2014.01.29 20:59:56.317,0.73407,0.73431,1.13,0.75
2014.01.29 20:59:56.620,0.73407,0.73424,0.75,0.75
2014.01.29 20:59:56.937,0.73407,0.73422,0.75,0.75
2014.01.29 20:59:57.198,0.73402,0.73422,0.75,0.75
2014.01.29 20:59:57.305,0.73406,0.73422,0.75,0.75
2014.01.29 20:59:58.405,0.73406,0.73423,0.75,0.75
2014.01.29 20:59:58.896,0.73411,0.73423,0.75,0.75
2014.01.29 20:59:58.947,0.73411,0.73426,0.75,0.75
2014.01.29 20:59:59.230,0.73406,0.73426,0.75,0.75
2014.01.29 20:59:59.864,0.73407,0.73426,0.75,0.75
