2015.07.27 11:00:00.577,0.6323,0.63257,1.87,1.00
2015.07.27 11:00:00.885,0.6323,0.63255,1.12,1.00
2015.07.27 11:00:01.386,0.63227,0.63256,1.37,1.50
2015.07.27 11:00:01.890,0.63227,0.63255,1.37,1.00
2015.07.27 11:00:02.343,0.63226,0.63254,1.75,1.00
2015.07.27 11:00:02.393,0.63228,0.63257,1.75,1.00
2015.07.27 11:00:02.444,0.63229,0.63257,1.75,1.00
2015.07.27 11:00:02.963,0.63233,0.63258,1.37,1.00
2015.07.27 11:00:03.546,0.63233,0.63259,1.37,1.00
2015.07.27 11:00:04.148,0.63232,0.63259,1.37,1.00
2015.07.27 11:00:04.733,0.63231,0.63255,1.37,1.00
2015.07.27 11:00:05.773,0.6323,0.63255,1.12,1.12
2015.07.27 11:00:06.321,0.63226,0.63254,2.10,1.12
2015.07.27 11:00:06.659,0.63225,0.63255,1.97,1.00
2015.07.27 11:00:06.761,0.63228,0.63256,1.72,1.00
2015.07.27 11:00:06.811,0.63229,0.63258,1.37,1.50
2015.07.27 11:00:07.325,0.6323,0.63258,1.37,1.50
2015.07.27 11:00:07.977,0.6323,0.63258,1.37,1.50
2015.07.27 11:00:08.555,0.63232,0.63258,1.75,1.00
2015.07.27 11:00:08.630,0.63235,0.63263,1.50,1.00
2015.07.27 11:00:09.131,0.63236,0.63264,1.37,1.00
2015.07.27 11:00:10.804,0.63237,0.63266,1.50,2.47
2015.07.27 11:00:11.137,0.63237,0.63266,1.75,2.10
2015.07.27 11:00:11.187,0.63237,0.63266,1.37,2.10
2015.07.27 11:00:11.889,0.63237,0.63266,1.75,2.10
2015.07.27 11:00:12.391,0.63236,0.63265,1.75,1.00
2015.07.27 11:00:13.245,0.63237,0.63266,1.75,2.10
2015.07.27 11:00:13.553,0.63239,0.63266,1.75,1.00
2015.07.27 11:00:13.604,0.6324,0.63269,1.75,1.00
2015.07.27 11:00:13.761,0.63242,0.63271,1.75,1.00
2015.07.27 11:00:14.399,0.63242,0.63271,1.37,1.00
2015.07.27 11:00:14.500,0.63241,0.6327,1.37,1.00
2015.07.27 11:00:15.027,0.63242,0.63269,1.37,1.00
2015.07.27 11:00:15.552,0.63241,0.6327,1.37,1.00
2015.07.27 11:00:16.550,0.6324,0.63269,1.37,1.00
2015.07.27 11:00:16.600,0.6324,0.63269,1.87,1.37
2015.07.27 11:00:16.952,0.63239,0.63264,1.37,1.00
2015.07.27 11:00:17.204,0.63235,0.63264,1.37,1.87
2015.07.27 11:00:17.307,0.63233,0.63262,1.37,1.50
2015.07.27 11:00:17.408,0.63233,0.6326,1.00,1.00
2015.07.27 11:00:17.459,0.63235,0.6326,1.00,1.00
2015.07.27 11:00:17.763,0.63232,0.6326,1.00,1.50
2015.07.27 11:00:18.283,0.63233,0.6326,1.00,1.00
2015.07.27 11:00:18.811,0.63232,0.6326,1.00,1.50
2015.07.27 11:00:19.512,0.63232,0.6326,1.37,1.50
2015.07.27 11:00:20.715,0.63233,0.6326,1.37,1.50
2015.07.27 11:00:20.967,0.63235,0.63264,1.37,1.87
2015.07.27 11:00:21.484,0.63235,0.63264,1.37,1.50
2015.07.27 11:00:22.369,0.63236,0.63262,1.37,1.00
2015.07.27 11:00:22.870,0.63236,0.63262,1.37,1.00
2015.07.27 11:00:23.423,0.63236,0.63262,1.37,1.12
2015.07.27 11:00:24.936,0.63234,0.63262,1.37,1.87
2015.07.27 11:00:25.440,0.63233,0.63262,1.37,1.00
2015.07.27 11:00:25.491,0.63235,0.63264,1.37,1.87
2015.07.27 11:00:25.542,0.63235,0.63264,1.37,1.12
2015.07.27 11:00:25.893,0.63238,0.63266,1.50,1.37
2015.07.27 11:00:25.943,0.63238,0.63266,1.37,1.12
2015.07.27 11:00:26.935,0.63239,0.63267,1.37,1.37
2015.07.27 11:00:27.515,0.63237,0.63265,1.37,1.37
2015.07.27 11:00:27.934,0.63235,0.63263,1.37,1.12
2015.07.27 11:00:28.437,0.63235,0.63264,1.37,1.12
2015.07.27 11:00:28.936,0.63235,0.63264,1.87,1.37
2015.07.27 11:00:29.037,0.63235,0.63264,1.37,1.00
2015.07.27 11:00:29.587,0.63236,0.63265,1.37,1.12
2015.07.27 11:00:30.001,0.63235,0.63263,1.37,1.00
2015.07.27 11:00:30.782,0.63234,0.63262,1.87,1.00
2015.07.27 11:00:30.983,0.63239,0.63265,1.12,1.87
2015.07.27 11:00:31.503,0.63239,0.63265,1.37,1.12
2015.07.27 11:00:33.945,0.63239,0.63265,1.37,1.87
2015.07.27 11:00:34.599,0.63237,0.63264,1.37,1.00
2015.07.27 11:00:36.488,0.63237,0.63265,1.37,1.87
2015.07.27 11:00:37.309,0.63237,0.63266,1.75,1.00
2015.07.27 11:00:37.847,0.6324,0.63267,1.37,1.00
2015.07.27 11:00:38.212,0.63237,0.63266,1.37,1.00
2015.07.27 11:00:40.087,0.63238,0.63265,1.37,1.00
2015.07.27 11:00:40.971,0.63237,0.63266,1.37,1.00
2015.07.27 11:00:41.764,0.63239,0.63265,1.37,1.00
2015.07.27 11:00:43.078,0.63239,0.63267,1.37,1.87
2015.07.27 11:00:44.013,0.63239,0.63267,1.37,1.87
2015.07.27 11:00:45.485,0.63236,0.63265,1.37,1.00
2015.07.27 11:00:46.687,0.63236,0.63264,1.37,1.00
2015.07.27 11:00:48.035,0.63238,0.63264,1.37,1.37
2015.07.27 11:00:48.543,0.63238,0.63264,1.37,1.50
2015.07.27 11:00:49.606,0.63238,0.63264,1.37,1.87
2015.07.27 11:00:52.251,0.63237,0.63262,1.00,1.12
2015.07.27 11:00:52.653,0.63233,0.63261,1.37,1.87
2015.07.27 11:00:55.419,0.63232,0.63261,1.75,1.87
2015.07.27 11:00:55.872,0.63235,0.63261,1.37,1.12
2015.07.27 11:00:55.923,0.63234,0.63258,1.50,1.00
2015.07.27 11:00:56.188,0.63232,0.63258,1.00,1.00
2015.07.27 11:00:56.762,0.63232,0.63258,1.37,1.00
2015.07.27 11:00:57.291,0.63231,0.63258,1.37,1.00
2015.07.27 11:00:57.803,0.63231,0.63257,1.37,1.00
2015.07.27 11:00:58.328,0.63229,0.63258,1.37,1.87
2015.07.27 11:00:59.362,0.63228,0.63257,1.50,1.37
2015.07.27 11:01:00.012,0.63227,0.63254,1.75,1.00
2015.07.27 11:01:00.231,0.63227,0.63256,1.75,1.72
2015.07.27 11:01:00.669,0.63231,0.63257,1.37,1.00
2015.07.27 11:01:00.971,0.63232,0.63259,1.37,1.12
2015.07.27 11:01:03.083,0.63232,0.63259,1.37,1.37
2015.07.27 11:01:03.631,0.63232,0.63258,1.37,1.37
2015.07.27 11:01:05.765,0.63232,0.63258,1.37,1.00
2015.07.27 11:01:11.133,0.63233,0.63259,1.37,1.00
2015.07.27 11:01:11.391,0.63235,0.63259,1.37,1.00
2015.07.27 11:01:11.939,0.63235,0.63259,1.37,1.00
2015.07.27 11:01:14.544,0.63234,0.63259,1.37,1.00
2015.07.27 11:01:24.331,0.63234,0.63259,1.37,1.00
2015.07.27 11:01:24.828,0.63234,0.63259,1.37,1.00
2015.07.27 11:01:25.248,0.63232,0.63259,1.37,1.37
2015.07.27 11:01:25.348,0.63232,0.63259,1.37,1.37
2015.07.27 11:01:25.745,0.63229,0.63257,1.37,1.87
2015.07.27 11:01:26.334,0.63229,0.63257,1.37,1.87
2015.07.27 11:01:30.383,0.63229,0.63255,1.37,1.12
2015.07.27 11:01:30.890,0.63229,0.63257,1.37,1.87
2015.07.27 11:01:31.218,0.63228,0.63254,1.37,1.12
2015.07.27 11:01:31.520,0.63229,0.63255,1.37,1.00
2015.07.27 11:01:34.224,0.63228,0.63255,1.37,1.37
2015.07.27 11:01:34.324,0.63227,0.63254,1.37,1.12
2015.07.27 11:01:34.960,0.63227,0.63254,1.37,1.12
2015.07.27 11:01:36.230,0.63227,0.63254,1.50,1.00
2015.07.27 11:01:36.330,0.63228,0.63256,1.75,1.37
2015.07.27 11:01:37.311,0.63229,0.63256,1.37,1.37
2015.07.27 11:01:38.217,0.63227,0.63256,1.37,1.37
2015.07.27 11:01:38.318,0.63227,0.63254,1.37,1.37
2015.07.27 11:01:38.419,0.63227,0.63254,1.37,1.87
2015.07.27 11:01:39.321,0.63228,0.63255,1.37,1.12
2015.07.27 11:01:41.442,0.6323,0.63255,1.37,1.37
2015.07.27 11:01:49.654,0.63228,0.63255,1.37,1.12
2015.07.27 11:01:51.073,0.63227,0.63254,1.37,1.00
2015.07.27 11:01:58.283,0.63229,0.63254,1.37,1.00
2015.07.27 11:01:58.785,0.63229,0.63253,1.37,1.00
2015.07.27 11:01:59.186,0.63225,0.63252,1.37,1.87
2015.07.27 11:01:59.418,0.63223,0.63252,1.37,1.50
2015.07.27 11:01:59.993,0.63223,0.63252,1.37,1.87
2015.07.27 11:02:00.576,0.63225,0.63252,1.12,1.87
2015.07.27 11:02:02.130,0.63223,0.6325,1.37,1.00
2015.07.27 11:02:02.644,0.63223,0.6325,1.37,1.87
2015.07.27 11:02:05.412,0.63223,0.6325,1.37,1.87
2015.07.27 11:02:11.365,0.63222,0.63251,1.37,1.87
2015.07.27 11:02:11.920,0.63221,0.6325,1.37,1.87
2015.07.27 11:02:12.821,0.63221,0.63248,1.37,1.00
2015.07.27 11:02:13.355,0.63222,0.63251,1.37,1.87
2015.07.27 11:02:13.671,0.63222,0.63251,1.50,1.50
2015.07.27 11:02:14.071,0.63223,0.6325,1.37,1.37
2015.07.27 11:02:19.751,0.63222,0.6325,1.37,1.37
2015.07.27 11:02:21.744,0.63222,0.63251,1.37,1.87
2015.07.27 11:02:27.374,0.63222,0.6325,1.50,1.00
2015.07.27 11:02:27.690,0.63225,0.63251,1.50,1.12
2015.07.27 11:02:27.891,0.63225,0.63251,1.37,1.00
2015.07.27 11:02:28.421,0.63223,0.63252,1.75,1.87
2015.07.27 11:02:29.193,0.63223,0.63252,1.50,1.87
2015.07.27 11:02:32.403,0.63223,0.6325,1.37,1.37
2015.07.27 11:02:32.704,0.63222,0.63249,1.37,1.00
2015.07.27 11:02:32.788,0.63222,0.63251,1.37,1.50
2015.07.27 11:02:32.889,0.63222,0.63251,1.37,1.87
2015.07.27 11:02:33.484,0.63222,0.63251,1.75,1.87
2015.07.27 11:02:33.578,0.63222,0.63251,1.50,1.50
2015.07.27 11:02:34.135,0.63224,0.63252,1.37,1.37
2015.07.27 11:02:38.090,0.63223,0.63252,1.37,1.37
2015.07.27 11:02:38.646,0.63223,0.6325,1.37,1.00
2015.07.27 11:02:39.092,0.63223,0.6325,1.37,1.37
2015.07.27 11:02:39.429,0.6322,0.63248,2.10,1.37
2015.07.27 11:02:39.530,0.6322,0.63248,1.72,1.00
2015.07.27 11:02:39.699,0.6322,0.63248,1.72,1.37
2015.07.27 11:02:40.001,0.63221,0.63247,1.12,1.87
2015.07.27 11:02:41.043,0.6322,0.63245,1.30,1.37
2015.07.27 11:02:41.245,0.63217,0.63243,1.12,1.37
2015.07.27 11:02:41.905,0.63217,0.63243,1.37,1.87
2015.07.27 11:02:42.507,0.63215,0.63244,1.72,1.87
2015.07.27 11:02:43.049,0.63215,0.63241,1.72,1.37
2015.07.27 11:02:43.560,0.63215,0.63242,1.72,1.87
2015.07.27 11:02:45.716,0.63215,0.63242,2.47,1.00
2015.07.27 11:02:45.817,0.63215,0.63243,2.10,1.00
2015.07.27 11:02:46.349,0.6322,0.63246,1.37,1.12
2015.07.27 11:02:46.868,0.6322,0.63245,1.37,1.00
2015.07.27 11:02:47.668,0.6322,0.63243,1.37,1.00
2015.07.27 11:02:48.001,0.6322,0.63245,1.37,1.00
2015.07.27 11:02:48.572,0.63219,0.63244,1.37,1.00
2015.07.27 11:02:48.725,0.63219,0.63244,1.12,1.12
2015.07.27 11:02:48.890,0.63219,0.63242,1.12,1.00
2015.07.27 11:02:49.830,0.63215,0.63244,2.25,1.37
2015.07.27 11:02:50.261,0.63216,0.63245,1.37,1.87
2015.07.27 11:02:50.551,0.63216,0.63244,1.37,1.37
2015.07.27 11:02:51.099,0.63216,0.63243,1.37,1.37
2015.07.27 11:02:52.454,0.63214,0.63243,1.87,1.87
2015.07.27 11:02:53.063,0.63215,0.63242,1.37,1.00
2015.07.27 11:02:53.164,0.63215,0.63241,1.12,1.37
2015.07.27 11:02:53.501,0.63214,0.63238,2.10,1.12
2015.07.27 11:02:53.760,0.63214,0.6324,2.10,1.00
2015.07.27 11:02:53.861,0.63219,0.6324,1.00,1.00
2015.07.27 11:02:54.013,0.63214,0.63239,1.35,1.00
2015.07.27 11:02:54.542,0.6321,0.63238,1.30,1.50
2015.07.27 11:02:54.953,0.63209,0.63236,1.87,1.00
2015.07.27 11:02:55.943,0.6321,0.63235,1.12,1.00
2015.07.27 11:02:56.506,0.63209,0.63237,1.37,1.87
2015.07.27 11:02:57.096,0.63209,0.63237,1.37,1.00
2015.07.27 11:02:57.347,0.63209,0.63237,1.97,1.00
2015.07.27 11:02:57.498,0.63214,0.6324,1.72,1.37
2015.07.27 11:02:57.715,0.63214,0.63241,1.72,1.12
2015.07.27 11:02:58.100,0.63214,0.6324,1.72,1.00
2015.07.27 11:02:58.601,0.63214,0.63241,2.10,1.00
2015.07.27 11:02:59.111,0.63214,0.63241,1.72,1.00
2015.07.27 11:02:59.620,0.63214,0.6324,1.72,1.00
2015.07.27 11:02:59.999,0.63214,0.6324,2.10,1.00
2015.07.27 11:03:00.365,0.63214,0.6324,1.72,1.00
2015.07.27 11:03:00.516,0.63214,0.63239,1.72,1.87
2015.07.27 11:03:01.070,0.63215,0.63239,1.12,1.50
2015.07.27 11:03:01.627,0.63214,0.63239,1.72,1.37
2015.07.27 11:03:01.929,0.63214,0.63237,1.72,1.00
2015.07.27 11:03:02.529,0.63212,0.63238,1.35,1.12
2015.07.27 11:03:03.179,0.63212,0.63237,1.35,1.00
2015.07.27 11:03:04.278,0.63212,0.63238,1.35,1.12
2015.07.27 11:03:04.890,0.63214,0.63238,1.30,1.00
2015.07.27 11:03:06.808,0.63214,0.63237,1.30,1.00
2015.07.27 11:03:10.046,0.63214,0.63238,1.30,1.00
2015.07.27 11:03:10.557,0.6321,0.63237,1.97,1.00
2015.07.27 11:03:13.003,0.6321,0.63236,1.97,1.00
2015.07.27 11:03:14.157,0.63214,0.63237,1.35,1.12
2015.07.27 11:03:14.703,0.63214,0.63238,1.72,1.00
2015.07.27 11:03:15.003,0.63215,0.6324,1.37,1.00
2015.07.27 11:03:15.104,0.63219,0.63243,1.00,1.87
2015.07.27 11:03:15.651,0.6322,0.63243,1.00,1.12
2015.07.27 11:03:18.423,0.6322,0.63243,1.00,1.37
2015.07.27 11:03:18.725,0.63219,0.63241,1.00,1.37
2015.07.27 11:03:18.826,0.63219,0.63241,1.00,1.50
2015.07.27 11:03:19.052,0.6322,0.63243,1.00,1.87
2015.07.27 11:03:19.558,0.63219,0.63243,1.00,1.50
2015.07.27 11:03:20.075,0.6322,0.63243,1.00,1.37
2015.07.27 11:03:22.329,0.63219,0.63243,1.00,1.87
2015.07.27 11:03:22.858,0.63219,0.63243,1.12,1.87
2015.07.27 11:03:23.582,0.63219,0.63243,1.37,1.50
2015.07.27 11:03:24.484,0.6322,0.63242,1.00,1.00
2015.07.27 11:03:25.000,0.6322,0.63241,1.00,1.00
2015.07.27 11:03:25.543,0.63219,0.63242,1.12,1.00
2015.07.27 11:03:26.244,0.63219,0.63242,1.37,1.50
2015.07.27 11:03:26.433,0.63219,0.63244,1.37,1.50
2015.07.27 11:03:26.992,0.63219,0.63244,1.37,1.00
2015.07.27 11:03:29.939,0.63219,0.63243,1.37,1.00
2015.07.27 11:03:29.990,0.63219,0.63243,1.37,1.00
2015.07.27 11:03:32.839,0.63219,0.63244,1.37,1.12
2015.07.27 11:03:33.191,0.63225,0.63244,1.00,1.00
2015.07.27 11:03:33.241,0.63225,0.63247,1.00,1.87
2015.07.27 11:03:33.432,0.63221,0.63248,1.37,1.37
2015.07.27 11:03:34.069,0.63221,0.63248,1.37,1.87
2015.07.27 11:03:34.371,0.63219,0.63246,1.50,1.37
2015.07.27 11:03:34.492,0.63224,0.63244,1.00,1.12
2015.07.27 11:03:34.643,0.63219,0.63243,1.00,1.00
2015.07.27 11:03:34.694,0.63219,0.63246,1.00,1.50
2015.07.27 11:03:35.200,0.63219,0.63245,1.00,1.00
2015.07.27 11:03:35.628,0.63219,0.63243,1.00,1.00
2015.07.27 11:03:36.166,0.6322,0.63243,1.12,1.00
2015.07.27 11:03:36.719,0.6322,0.63244,1.12,1.00
2015.07.27 11:03:37.033,0.6322,0.63244,1.37,1.00
2015.07.27 11:03:42.719,0.63219,0.63245,1.37,1.12
2015.07.27 11:03:43.612,0.63219,0.63245,1.37,1.12
2015.07.27 11:03:45.639,0.6322,0.63245,1.12,1.37
2015.07.27 11:03:50.788,0.6322,0.63245,1.00,1.37
2015.07.27 11:03:53.051,0.6322,0.63246,1.87,1.12
2015.07.27 11:03:53.102,0.63222,0.63248,1.37,1.12
2015.07.27 11:03:53.460,0.63223,0.63246,1.00,1.00
2015.07.27 11:03:53.832,0.63221,0.63246,1.00,1.00
2015.07.27 11:03:53.939,0.63219,0.63246,1.00,1.00
2015.07.27 11:03:54.040,0.63219,0.63243,1.00,1.00
2015.07.27 11:03:54.090,0.63217,0.63243,1.00,1.00
2015.07.27 11:03:54.617,0.63218,0.63242,1.00,1.00
2015.07.27 11:03:54.857,0.63216,0.63242,1.00,1.00
2015.07.27 11:03:55.366,0.63216,0.63241,1.00,1.00
2015.07.27 11:03:56.921,0.63214,0.63241,1.87,1.00
2015.07.27 11:03:57.093,0.63217,0.63243,1.37,1.00
2015.07.27 11:03:57.621,0.63217,0.63242,1.12,1.87
2015.07.27 11:03:58.136,0.63216,0.6324,1.00,1.00
2015.07.27 11:03:58.725,0.63217,0.6324,1.00,1.00
2015.07.27 11:03:59.588,0.63217,0.6324,1.37,1.00
2015.07.27 11:04:00.375,0.63219,0.6324,1.00,1.00
2015.07.27 11:04:01.137,0.63216,0.6324,1.12,1.00
2015.07.27 11:04:01.536,0.63215,0.6324,1.50,1.37
2015.07.27 11:04:02.061,0.63214,0.63237,1.00,1.00
2015.07.27 11:04:02.748,0.63215,0.63237,1.00,1.00
2015.07.27 11:04:03.039,0.63215,0.6324,1.00,1.12
2015.07.27 11:04:03.590,0.63216,0.6324,1.00,1.00
2015.07.27 11:04:04.387,0.63215,0.6324,1.12,1.00
2015.07.27 11:04:06.396,0.63217,0.6324,1.00,1.00
2015.07.27 11:04:07.148,0.63216,0.6324,1.00,1.00
2015.07.27 11:04:10.759,0.63216,0.63238,1.00,1.12
2015.07.27 11:04:11.062,0.63214,0.63236,1.50,1.12
2015.07.27 11:04:11.225,0.63214,0.63239,1.87,1.37
2015.07.27 11:04:11.276,0.63214,0.63239,1.87,1.12
2015.07.27 11:04:11.826,0.63217,0.63239,1.00,1.12
2015.07.27 11:04:12.355,0.63216,0.63239,1.12,1.12
2015.07.27 11:04:14.595,0.63216,0.6324,1.00,1.00
2015.07.27 11:04:15.235,0.63217,0.6324,1.00,1.00
2015.07.27 11:04:17.990,0.63216,0.63242,1.12,1.37
2015.07.27 11:04:20.195,0.63215,0.6324,1.87,1.37
2015.07.27 11:04:20.797,0.63215,0.6324,1.50,1.00
2015.07.27 11:04:22.901,0.63216,0.6324,1.00,1.00
2015.07.27 11:04:23.404,0.63215,0.63241,1.87,1.37
2015.07.27 11:04:23.800,0.63215,0.63241,1.00,1.00
2015.07.27 11:04:23.905,0.63218,0.63242,1.00,1.12
2015.07.27 11:04:24.739,0.63217,0.63242,1.12,1.00
2015.07.27 11:04:25.259,0.63217,0.63242,1.00,1.37
2015.07.27 11:04:25.760,0.63216,0.63243,1.00,2.47
2015.07.27 11:04:26.612,0.63218,0.63243,1.00,2.47
2015.07.27 11:04:27.414,0.63219,0.63243,1.00,1.72
2015.07.27 11:04:30.034,0.63219,0.63244,1.87,1.60
2015.07.27 11:04:30.572,0.63219,0.63244,1.87,1.60
2015.07.27 11:04:30.887,0.63219,0.63246,1.87,1.12
2015.07.27 11:04:31.038,0.6322,0.63248,1.37,1.00
2015.07.27 11:04:31.678,0.6322,0.63247,1.37,1.00
2015.07.27 11:04:32.330,0.6322,0.63247,1.37,1.12
2015.07.27 11:04:32.658,0.63219,0.63245,1.87,1.00
2015.07.27 11:04:33.646,0.63219,0.63247,1.87,1.87
2015.07.27 11:04:33.697,0.63219,0.63247,1.87,1.87
2015.07.27 11:04:34.136,0.63219,0.63244,1.87,1.37
2015.07.27 11:04:34.438,0.63219,0.63244,1.37,1.12
2015.07.27 11:04:34.801,0.63224,0.63247,1.00,1.37
2015.07.27 11:04:34.952,0.63224,0.63248,1.00,1.50
2015.07.27 11:04:35.355,0.63223,0.63248,1.00,1.37
2015.07.27 11:04:35.556,0.63221,0.63248,1.12,1.87
2015.07.27 11:04:35.767,0.63223,0.63246,1.00,1.00
2015.07.27 11:04:36.069,0.63223,0.63244,1.00,1.00
2015.07.27 11:04:36.321,0.63224,0.63247,1.00,1.00
2015.07.27 11:04:36.858,0.63225,0.63248,1.00,1.00
2015.07.27 11:04:37.248,0.63226,0.63251,1.00,1.12
2015.07.27 11:04:37.826,0.63225,0.63251,1.12,1.12
2015.07.27 11:04:38.659,0.63224,0.63251,1.37,1.87
2015.07.27 11:04:42.667,0.63224,0.63251,1.37,1.37
2015.07.27 11:04:43.170,0.63225,0.63251,1.37,1.37
2015.07.27 11:04:43.720,0.63226,0.63252,1.00,1.87
2015.07.27 11:04:44.062,0.63225,0.6325,1.12,1.50
2015.07.27 11:04:44.171,0.63225,0.6325,1.00,1.12
2015.07.27 11:04:44.263,0.63225,0.6325,1.12,1.37
2015.07.27 11:04:44.622,0.63227,0.6325,1.00,1.37
2015.07.27 11:04:44.866,0.63227,0.6325,1.00,1.12
2015.07.27 11:04:45.124,0.63229,0.6325,1.00,1.00
2015.07.27 11:04:45.637,0.63228,0.63252,1.00,1.37
2015.07.27 11:04:46.187,0.63229,0.63252,1.00,1.37
2015.07.27 11:04:47.328,0.63228,0.63252,1.00,1.37
2015.07.27 11:04:47.829,0.63228,0.63252,1.37,1.37
2015.07.27 11:04:49.376,0.6323,0.63252,1.00,1.37
2015.07.27 11:04:50.086,0.6323,0.63252,1.00,1.12
2015.07.27 11:04:53.777,0.63229,0.63252,1.00,1.00
2015.07.27 11:04:54.422,0.63229,0.63252,1.00,1.37
2015.07.27 11:04:54.957,0.63229,0.63252,1.00,1.37
2015.07.27 11:04:55.260,0.63228,0.63248,1.00,1.00
2015.07.27 11:04:55.673,0.63224,0.63248,1.12,1.37
2015.07.27 11:04:56.227,0.63224,0.63248,1.00,1.37
2015.07.27 11:04:56.767,0.63225,0.63248,1.00,1.37
2015.07.27 11:04:59.021,0.63225,0.63248,1.12,1.12
2015.07.27 11:04:59.530,0.63226,0.63248,1.00,1.12
2015.07.27 11:05:00.063,0.63225,0.63248,1.00,1.37
2015.07.27 11:05:00.314,0.63221,0.63243,1.12,1.00
2015.07.27 11:05:00.862,0.6322,0.63243,1.12,1.12
2015.07.27 11:05:02.840,0.63221,0.63243,1.00,1.12
2015.07.27 11:05:04.494,0.6322,0.63243,1.00,1.00
2015.07.27 11:05:05.004,0.63221,0.63243,1.00,1.00
2015.07.27 11:05:05.525,0.6322,0.63243,1.12,1.37
2015.07.27 11:05:06.072,0.63219,0.63241,1.87,1.12
2015.07.27 11:05:06.721,0.6322,0.63241,1.00,1.12
2015.07.27 11:05:08.590,0.63219,0.63241,1.12,1.12
2015.07.27 11:05:08.951,0.63217,0.63241,1.00,1.12
2015.07.27 11:05:09.323,0.63214,0.6324,1.87,1.00
2015.07.27 11:05:09.826,0.63215,0.63239,1.87,1.00
2015.07.27 11:05:10.321,0.63214,0.63239,1.50,1.37
2015.07.27 11:05:10.832,0.63213,0.63237,1.00,1.12
2015.07.27 11:05:11.380,0.63214,0.63237,1.00,1.12
2015.07.27 11:05:11.882,0.63215,0.63237,1.00,1.00
2015.07.27 11:05:12.420,0.63215,0.63238,1.50,1.00
2015.07.27 11:05:13.037,0.63215,0.63237,1.00,1.00
2015.07.27 11:05:13.669,0.63215,0.63238,1.00,1.12
2015.07.27 11:05:14.202,0.63214,0.63239,1.87,1.00
2015.07.27 11:05:15.834,0.63214,0.63239,1.37,1.12
2015.07.27 11:05:16.381,0.63215,0.63238,1.00,1.12
2015.07.27 11:05:17.609,0.63214,0.63238,1.87,1.12
2015.07.27 11:05:20.693,0.63215,0.63238,1.12,1.00
2015.07.27 11:05:20.809,0.63214,0.6324,1.87,1.00
2015.07.27 11:05:21.369,0.63215,0.6324,1.37,1.50
2015.07.27 11:05:24.912,0.63214,0.63238,1.87,1.00
2015.07.27 11:05:25.464,0.63215,0.63238,1.00,1.37
2015.07.27 11:05:25.990,0.63214,0.63238,1.12,1.37
2015.07.27 11:05:26.567,0.63215,0.63238,1.00,1.37
2015.07.27 11:05:30.085,0.63215,0.63237,1.00,1.37
2015.07.27 11:05:31.678,0.63215,0.63236,1.00,1.37
2015.07.27 11:05:31.919,0.63211,0.63234,1.12,1.37
2015.07.27 11:05:32.479,0.63212,0.63234,1.00,1.37
2015.07.27 11:05:33.600,0.63211,0.63234,1.12,1.37
2015.07.27 11:05:33.769,0.63211,0.63236,1.00,1.37
2015.07.27 11:05:33.870,0.63212,0.63236,1.00,1.00
2015.07.27 11:05:34.701,0.63214,0.63236,1.00,1.00
2015.07.27 11:05:34.989,0.63214,0.63238,1.00,1.12
2015.07.27 11:05:35.405,0.63216,0.63239,1.00,1.37
2015.07.27 11:05:35.988,0.63215,0.63239,1.87,1.00
2015.07.27 11:05:36.806,0.63215,0.6324,1.12,1.00
2015.07.27 11:05:37.170,0.63215,0.63239,1.00,1.37
2015.07.27 11:05:37.771,0.63215,0.63239,1.00,1.87
2015.07.27 11:05:38.189,0.63214,0.63237,1.00,1.37
2015.07.27 11:05:38.444,0.6321,0.63237,1.37,1.87
2015.07.27 11:05:39.375,0.63209,0.63236,1.87,1.37
2015.07.27 11:05:40.969,0.63211,0.63236,1.00,1.37
2015.07.27 11:05:41.479,0.63214,0.63236,1.00,1.37
2015.07.27 11:05:42.488,0.63211,0.63235,1.00,1.37
2015.07.27 11:05:42.539,0.63209,0.63236,1.87,1.37
2015.07.27 11:05:42.740,0.6321,0.63232,1.00,1.37
2015.07.27 11:05:43.047,0.6321,0.6323,1.00,1.37
2015.07.27 11:05:43.363,0.63206,0.6323,1.30,1.87
2015.07.27 11:05:51.899,0.63206,0.63227,1.30,1.00
2015.07.27 11:05:52.211,0.63204,0.63228,1.12,1.12
2015.07.27 11:05:53.630,0.63205,0.63228,1.00,1.12
2015.07.27 11:05:54.162,0.63204,0.63228,1.12,1.12
2015.07.27 11:06:00.341,0.63205,0.63228,1.00,1.12
2015.07.27 11:06:00.880,0.63204,0.63228,1.12,1.12
2015.07.27 11:06:01.410,0.63201,0.63228,1.12,1.37
2015.07.27 11:06:01.511,0.63201,0.63225,1.00,1.37
2015.07.27 11:06:01.869,0.63203,0.63225,1.00,1.37
2015.07.27 11:06:02.415,0.63201,0.63225,1.00,1.37
2015.07.27 11:06:02.751,0.63205,0.63225,1.00,1.37
2015.07.27 11:06:03.937,0.63205,0.63225,1.00,1.50
2015.07.27 11:06:04.089,0.63204,0.63227,1.00,1.00
2015.07.27 11:06:04.229,0.63204,0.63229,1.37,1.12
2015.07.27 11:06:06.440,0.63202,0.63228,1.37,1.37
2015.07.27 11:06:07.847,0.63202,0.63228,1.37,1.00
2015.07.27 11:06:08.457,0.63202,0.63228,1.37,1.12
2015.07.27 11:06:09.279,0.63202,0.63228,1.37,1.72
2015.07.27 11:06:09.330,0.63202,0.63228,1.00,1.72
2015.07.27 11:06:09.431,0.63202,0.63223,1.00,1.37
2015.07.27 11:06:09.481,0.63199,0.63222,1.87,1.12
2015.07.27 11:06:10.030,0.63199,0.63223,1.00,1.87
2015.07.27 11:06:10.654,0.63199,0.63222,1.00,1.12
2015.07.27 11:06:12.932,0.63199,0.63222,1.12,1.87
2015.07.27 11:06:13.461,0.632,0.63222,1.00,1.87
2015.07.27 11:06:13.989,0.63199,0.63222,1.00,1.87
2015.07.27 11:06:15.859,0.63199,0.63222,1.00,1.87
2015.07.27 11:06:16.782,0.63199,0.63222,1.00,1.87
2015.07.27 11:06:16.900,0.63199,0.6322,1.00,1.37
2015.07.27 11:06:16.951,0.63196,0.6322,1.00,1.00
2015.07.27 11:06:17.520,0.63194,0.63219,1.87,1.87
2015.07.27 11:06:18.161,0.63194,0.63219,1.37,1.37
2015.07.27 11:06:18.692,0.63194,0.63219,1.37,1.37
2015.07.27 11:06:28.194,0.63195,0.63218,1.37,1.00
2015.07.27 11:06:28.790,0.63194,0.63219,1.37,1.37
2015.07.27 11:06:29.439,0.63195,0.63218,1.12,1.87
2015.07.27 11:06:35.206,0.63194,0.63217,1.12,1.00
2015.07.27 11:06:35.311,0.63194,0.63217,1.87,1.00
2015.07.27 11:06:35.813,0.63194,0.63217,1.87,1.12
2015.07.27 11:06:37.589,0.63194,0.63217,1.87,1.12
2015.07.27 11:06:37.690,0.63192,0.63214,1.00,1.12
2015.07.27 11:06:38.251,0.6319,0.63214,1.37,1.12
2015.07.27 11:06:42.658,0.6319,0.63214,1.12,1.37
2015.07.27 11:06:44.160,0.6319,0.63214,1.37,1.12
2015.07.27 11:06:46.790,0.6319,0.63215,1.87,1.37
2015.07.27 11:06:47.010,0.63195,0.63217,1.00,1.00
2015.07.27 11:06:47.318,0.63199,0.63222,1.00,1.12
2015.07.27 11:06:47.849,0.632,0.63224,1.00,1.00
2015.07.27 11:06:48.000,0.63199,0.63222,1.00,1.00
2015.07.27 11:06:48.101,0.63195,0.63221,1.00,1.00
2015.07.27 11:06:48.664,0.63199,0.63222,1.00,1.00
2015.07.27 11:06:48.865,0.632,0.63224,1.00,1.87
2015.07.27 11:06:49.198,0.632,0.63225,1.37,1.37
2015.07.27 11:06:49.533,0.632,0.63227,1.87,1.87
2015.07.27 11:06:50.060,0.63201,0.63226,1.37,1.00
2015.07.27 11:06:50.597,0.63204,0.63227,1.00,1.12
2015.07.27 11:06:50.748,0.63204,0.63229,1.50,1.12
2015.07.27 11:06:52.511,0.63205,0.63229,1.00,1.12
2015.07.27 11:06:56.831,0.63205,0.63229,1.00,1.37
2015.07.27 11:06:57.088,0.63202,0.63226,1.00,1.12
2015.07.27 11:06:57.430,0.63205,0.63226,1.00,1.00
2015.07.27 11:06:57.886,0.63201,0.63226,1.12,1.00
2015.07.27 11:06:57.987,0.63205,0.63226,1.00,1.00
2015.07.27 11:06:58.530,0.63204,0.63226,1.00,1.00
2015.07.27 11:06:59.657,0.63205,0.63226,1.00,1.00
2015.07.27 11:06:59.808,0.63205,0.63228,1.12,1.50
2015.07.27 11:06:59.909,0.63204,0.63228,1.87,1.00
2015.07.27 11:07:00.060,0.63206,0.6323,1.37,1.00
2015.07.27 11:07:00.520,0.6321,0.6323,1.00,1.00
2015.07.27 11:07:00.771,0.6321,0.63232,1.00,1.00
2015.07.27 11:07:01.173,0.63206,0.63231,1.37,1.00
2015.07.27 11:07:01.325,0.63206,0.63231,1.12,1.50
2015.07.27 11:07:02.506,0.63207,0.63231,1.00,1.00
2015.07.27 11:07:04.740,0.63207,0.63232,1.12,1.50
2015.07.27 11:07:05.907,0.63206,0.63233,1.37,1.87
2015.07.27 11:07:06.039,0.63206,0.63231,1.00,1.37
2015.07.27 11:07:06.586,0.63207,0.63231,1.00,1.00
2015.07.27 11:07:06.787,0.63207,0.63233,1.00,1.00
2015.07.27 11:07:06.974,0.63209,0.63233,1.00,1.00
2015.07.27 11:07:07.075,0.63208,0.63235,1.00,1.50
2015.07.27 11:07:07.468,0.6321,0.63234,1.00,1.00
2015.07.27 11:07:08.417,0.6321,0.63235,1.00,1.50
2015.07.27 11:07:08.950,0.63209,0.63234,1.00,1.00
2015.07.27 11:07:09.258,0.63204,0.63231,1.87,1.00
2015.07.27 11:07:09.890,0.63205,0.63231,1.37,1.87
2015.07.27 11:07:10.160,0.63207,0.63231,1.00,1.50
2015.07.27 11:07:10.377,0.63209,0.63233,1.37,1.00
2015.07.27 11:07:10.878,0.63208,0.63233,1.37,1.12
2015.07.27 11:07:11.410,0.63208,0.63233,1.37,1.87
2015.07.27 11:07:12.309,0.63206,0.63233,1.37,1.87
2015.07.27 11:07:13.944,0.63208,0.63233,1.37,1.12
2015.07.27 11:07:14.414,0.63207,0.63233,1.12,1.12
2015.07.27 11:07:14.916,0.63207,0.63233,1.00,1.37
2015.07.27 11:07:15.697,0.63206,0.63232,1.00,1.37
2015.07.27 11:07:17.021,0.63206,0.63232,1.37,1.87
2015.07.27 11:07:17.228,0.63206,0.63232,1.37,1.87
2015.07.27 11:07:17.329,0.63205,0.63232,1.12,1.87
2015.07.27 11:07:17.924,0.63206,0.63232,1.00,1.87
2015.07.27 11:07:18.648,0.63205,0.63231,1.12,1.37
2015.07.27 11:07:20.298,0.63205,0.63231,1.87,1.37
2015.07.27 11:07:20.831,0.63205,0.63231,1.87,1.37
2015.07.27 11:07:21.546,0.63206,0.63232,1.00,1.87
2015.07.27 11:07:22.717,0.63205,0.63231,1.12,1.37
2015.07.27 11:07:24.810,0.63205,0.63231,1.00,1.37
2015.07.27 11:07:25.778,0.63206,0.63232,1.37,1.37
2015.07.27 11:07:25.879,0.63206,0.63233,1.37,1.87
2015.07.27 11:07:26.048,0.63209,0.63233,1.00,1.00
2015.07.27 11:07:26.978,0.63208,0.63233,1.12,1.00
2015.07.27 11:07:27.517,0.63208,0.63233,1.12,1.37
2015.07.27 11:07:27.902,0.63206,0.63231,1.00,1.12
2015.07.27 11:07:28.101,0.63206,0.63231,1.00,1.37
2015.07.27 11:07:28.359,0.63204,0.63229,1.12,1.00
2015.07.27 11:07:28.459,0.63204,0.63227,1.00,1.37
2015.07.27 11:07:28.661,0.632,0.63226,1.37,1.87
2015.07.27 11:07:29.457,0.632,0.63226,1.12,1.37
2015.07.27 11:07:29.977,0.63201,0.63225,1.12,1.12
2015.07.27 11:07:30.510,0.63201,0.63226,1.37,1.12
2015.07.27 11:07:30.561,0.63202,0.63227,1.37,1.00
2015.07.27 11:07:30.938,0.63204,0.63225,1.50,1.00
2015.07.27 11:07:31.547,0.63202,0.63225,1.37,1.00
2015.07.27 11:07:31.865,0.63205,0.63225,1.00,1.00
2015.07.27 11:07:32.539,0.63205,0.63226,1.00,1.00
2015.07.27 11:07:33.608,0.63206,0.63226,1.00,1.00
2015.07.27 11:07:34.156,0.63204,0.63226,1.12,1.00
2015.07.27 11:07:36.375,0.63204,0.63226,1.37,1.00
2015.07.27 11:07:37.580,0.63204,0.63229,1.37,1.37
2015.07.27 11:07:38.532,0.63206,0.63229,1.12,1.00
2015.07.27 11:07:39.107,0.63207,0.63229,1.00,1.00
2015.07.27 11:07:39.684,0.63207,0.6323,1.00,1.12
2015.07.27 11:07:40.186,0.63208,0.63231,1.12,1.00
2015.07.27 11:07:40.287,0.63208,0.63233,1.37,1.00
2015.07.27 11:07:40.787,0.63209,0.63235,1.50,1.00
2015.07.27 11:07:40.888,0.63211,0.63237,1.00,1.00
2015.07.27 11:07:41.238,0.63216,0.63238,1.00,1.00
2015.07.27 11:07:41.637,0.63214,0.63238,1.50,1.00
2015.07.27 11:07:42.168,0.63215,0.63238,1.00,1.00
2015.07.27 11:07:42.689,0.63214,0.63239,1.12,1.12
2015.07.27 11:07:43.378,0.63213,0.63239,1.00,1.37
2015.07.27 11:07:44.057,0.63213,0.63236,1.00,1.00
2015.07.27 11:07:45.161,0.63212,0.63236,1.12,1.12
2015.07.27 11:07:45.824,0.63211,0.63235,1.12,1.12
2015.07.27 11:07:46.350,0.63211,0.63234,1.12,1.00
2015.07.27 11:07:46.702,0.63213,0.63236,1.00,1.12
2015.07.27 11:07:47.805,0.63214,0.63236,1.00,1.00
2015.07.27 11:07:48.357,0.63215,0.63236,1.00,1.00
2015.07.27 11:07:48.908,0.63214,0.63236,1.00,1.00
2015.07.27 11:07:55.622,0.63213,0.63236,1.37,1.00
2015.07.27 11:07:55.673,0.63213,0.63239,1.37,1.00
2015.07.27 11:07:56.185,0.63214,0.63239,1.12,1.00
2015.07.27 11:07:56.731,0.63215,0.6324,1.50,1.87
2015.07.27 11:07:56.933,0.6321,0.63236,1.12,1.37
2015.07.27 11:07:57.498,0.63209,0.63233,1.12,1.00
2015.07.27 11:07:58.085,0.63208,0.63233,1.12,1.00
2015.07.27 11:07:58.137,0.6321,0.63233,1.00,1.00
2015.07.27 11:07:58.847,0.63209,0.63233,1.00,1.00
2015.07.27 11:07:59.397,0.63207,0.63233,1.37,1.00
2015.07.27 11:07:59.699,0.63201,0.63226,1.12,1.37
2015.07.27 11:07:59.882,0.63197,0.63223,1.00,1.00
2015.07.27 11:08:00.234,0.63194,0.63221,1.87,1.00
2015.07.27 11:08:00.792,0.63197,0.63222,1.12,1.00
2015.07.27 11:08:01.247,0.63199,0.63223,1.00,1.12
2015.07.27 11:08:01.795,0.63199,0.63224,1.87,1.12
2015.07.27 11:08:03.418,0.632,0.63225,1.00,1.87
2015.07.27 11:08:03.939,0.63199,0.63225,1.87,1.00
2015.07.27 11:08:04.191,0.63202,0.63228,1.12,1.12
2015.07.27 11:08:04.448,0.63204,0.63228,1.00,1.00
2015.07.27 11:08:04.498,0.63204,0.6323,1.37,1.00
2015.07.27 11:08:04.877,0.63206,0.63231,1.37,1.00
2015.07.27 11:08:05.708,0.63206,0.63232,1.37,1.00
2015.07.27 11:08:06.066,0.63209,0.63233,1.00,1.00
2015.07.27 11:08:06.368,0.63213,0.63237,1.37,1.12
2015.07.27 11:08:06.419,0.63213,0.63239,1.37,1.00
2015.07.27 11:08:07.314,0.63213,0.63239,1.37,1.37
2015.07.27 11:08:07.428,0.63211,0.63237,1.37,1.37
2015.07.27 11:08:07.946,0.63211,0.63237,1.37,1.12
2015.07.27 11:08:08.967,0.63211,0.63236,1.37,1.00
2015.07.27 11:08:09.068,0.6321,0.63236,1.12,1.00
2015.07.27 11:08:09.869,0.6321,0.63234,1.12,1.00
2015.07.27 11:08:10.569,0.63211,0.63234,1.00,1.00
2015.07.27 11:08:10.788,0.63209,0.63234,1.12,1.00
2015.07.27 11:08:11.323,0.6321,0.63234,1.00,1.00
2015.07.27 11:08:12.410,0.6321,0.63234,1.37,1.00
2015.07.27 11:08:12.511,0.6321,0.63237,1.37,1.12
2015.07.27 11:08:12.879,0.63213,0.63237,1.00,1.00
2015.07.27 11:08:13.162,0.63213,0.63239,1.12,1.12
2015.07.27 11:08:13.538,0.63209,0.63234,1.87,1.00
2015.07.27 11:08:13.847,0.63209,0.63232,1.12,1.00
2015.07.27 11:08:14.478,0.6321,0.63232,1.00,1.00
2015.07.27 11:08:16.726,0.63208,0.63232,1.37,1.00
2015.07.27 11:08:17.236,0.63208,0.63232,1.12,1.00
2015.07.27 11:08:17.781,0.63207,0.63231,1.12,1.00
2015.07.27 11:08:18.134,0.63209,0.63232,1.00,1.00
2015.07.27 11:08:21.212,0.63209,0.63233,1.50,1.00
2015.07.27 11:08:21.541,0.63209,0.63234,1.87,1.00
2015.07.27 11:08:21.670,0.6321,0.63237,1.37,1.00
2015.07.27 11:08:21.771,0.63211,0.63237,1.12,1.12
2015.07.27 11:08:21.821,0.63211,0.63235,1.12,1.00
2015.07.27 11:08:22.237,0.63211,0.63237,1.37,1.00
2015.07.27 11:08:22.771,0.63211,0.63235,1.12,1.00
2015.07.27 11:08:23.151,0.63212,0.63235,1.37,1.00
2015.07.27 11:08:23.479,0.63214,0.63235,1.37,1.00
2015.07.27 11:08:23.580,0.63213,0.63238,1.37,1.00
2015.07.27 11:08:23.651,0.63213,0.63238,1.37,1.00
2015.07.27 11:08:23.866,0.63213,0.63238,1.37,1.00
2015.07.27 11:08:26.057,0.63212,0.63238,1.12,1.00
2015.07.27 11:08:27.160,0.63212,0.63238,1.00,1.37
2015.07.27 11:08:27.462,0.63211,0.63234,1.00,1.37
2015.07.27 11:08:27.616,0.63208,0.63234,1.37,1.37
2015.07.27 11:08:28.163,0.63208,0.63233,1.00,1.87
2015.07.27 11:08:32.237,0.63209,0.63233,1.00,1.12
2015.07.27 11:08:32.601,0.63207,0.63234,1.12,1.37
2015.07.27 11:08:32.702,0.63209,0.63232,1.00,1.12
2015.07.27 11:08:33.045,0.63206,0.63228,1.00,1.00
2015.07.27 11:08:33.246,0.63203,0.63227,1.37,1.00
2015.07.27 11:08:33.835,0.63203,0.63227,1.00,1.00
2015.07.27 11:08:35.039,0.63203,0.63229,1.37,1.00
2015.07.27 11:08:35.341,0.63207,0.63229,1.00,1.00
2015.07.27 11:08:35.891,0.63208,0.63229,1.00,1.00
2015.07.27 11:08:35.992,0.63206,0.63229,1.12,1.00
2015.07.27 11:08:36.556,0.63205,0.63229,1.00,1.00
2015.07.27 11:08:44.151,0.63203,0.63229,1.00,1.37
2015.07.27 11:08:44.493,0.63201,0.63226,1.00,1.37
2015.07.27 11:08:44.644,0.63199,0.63225,1.50,1.37
2015.07.27 11:08:45.106,0.63197,0.63224,1.12,1.37
2015.07.27 11:08:45.905,0.63198,0.63225,1.00,1.87
2015.07.27 11:08:47.418,0.63199,0.63224,1.00,1.37
2015.07.27 11:08:49.162,0.63199,0.63225,1.00,1.12
2015.07.27 11:08:50.766,0.63199,0.63225,1.37,1.12
2015.07.27 11:08:50.968,0.632,0.63226,1.12,1.00
2015.07.27 11:08:51.593,0.63201,0.63226,1.00,1.50
2015.07.27 11:08:52.272,0.632,0.63226,1.12,1.37
2015.07.27 11:08:52.373,0.63198,0.63225,1.12,1.12
2015.07.27 11:08:52.423,0.63198,0.63223,1.12,1.00
2015.07.27 11:08:52.963,0.63199,0.63223,1.00,1.00
2015.07.27 11:08:53.519,0.63198,0.63223,1.12,1.00
2015.07.27 11:08:53.825,0.632,0.63223,1.12,1.00
2015.07.27 11:08:54.327,0.63201,0.63223,1.00,1.00
2015.07.27 11:08:55.980,0.632,0.63223,1.37,1.00
2015.07.27 11:08:56.109,0.63201,0.63225,1.37,1.00
2015.07.27 11:08:56.631,0.63201,0.63225,1.12,1.00
2015.07.27 11:08:57.146,0.63202,0.63225,1.00,1.00
2015.07.27 11:08:57.455,0.63203,0.63228,1.00,1.00
2015.07.27 11:08:57.606,0.63202,0.63225,1.00,1.00
2015.07.27 11:08:57.908,0.63203,0.63227,1.37,1.00
2015.07.27 11:09:00.199,0.63202,0.63224,1.00,1.00
2015.07.27 11:09:00.300,0.63198,0.63223,1.12,1.00
2015.07.27 11:09:00.653,0.632,0.63223,1.00,1.00
2015.07.27 11:09:01.009,0.63201,0.63226,1.00,1.00
2015.07.27 11:09:01.303,0.63202,0.63227,1.37,1.00
2015.07.27 11:09:01.403,0.63206,0.63232,1.12,1.00
2015.07.27 11:09:01.605,0.63207,0.63234,1.00,1.50
2015.07.27 11:09:02.146,0.63208,0.63234,1.12,1.37
2015.07.27 11:09:02.648,0.63208,0.63232,1.00,1.00
2015.07.27 11:09:02.749,0.63209,0.63229,1.00,1.00
2015.07.27 11:09:02.799,0.63207,0.63229,1.00,1.00
2015.07.27 11:09:02.950,0.63204,0.63229,1.00,1.12
2015.07.27 11:09:03.540,0.63203,0.63229,1.12,1.00
2015.07.27 11:09:05.508,0.63203,0.63229,1.37,1.00
2015.07.27 11:09:07.326,0.63203,0.6323,1.37,1.00
2015.07.27 11:09:07.830,0.63205,0.6323,1.00,1.00
2015.07.27 11:09:08.362,0.63204,0.63231,1.12,1.87
2015.07.27 11:09:08.905,0.63205,0.63231,1.00,1.12
2015.07.27 11:09:09.434,0.63204,0.63231,1.00,1.87
2015.07.27 11:09:10.116,0.63203,0.63231,1.00,1.87
2015.07.27 11:09:10.620,0.63203,0.6323,1.00,1.12
2015.07.27 11:09:11.066,0.63205,0.6323,1.00,1.00
2015.07.27 11:09:11.616,0.63206,0.63231,1.00,1.87
2015.07.27 11:09:12.606,0.63204,0.63231,1.12,1.87
2015.07.27 11:09:12.956,0.63206,0.63232,1.00,1.00
2015.07.27 11:09:13.057,0.63207,0.63234,1.12,1.00
2015.07.27 11:09:13.575,0.63208,0.63235,1.00,1.87
2015.07.27 11:09:14.076,0.63207,0.63234,1.12,1.00
2015.07.27 11:09:14.503,0.63207,0.63232,1.12,1.00
2015.07.27 11:09:15.182,0.63208,0.63233,1.00,1.00
2015.07.27 11:09:15.730,0.63208,0.63235,1.00,1.87
2015.07.27 11:09:16.282,0.63209,0.63235,1.00,1.12
2015.07.27 11:09:18.471,0.63208,0.63235,1.00,1.87
2015.07.27 11:09:18.801,0.63208,0.63235,1.12,1.87
2015.07.27 11:09:20.966,0.63207,0.63235,1.00,1.87
2015.07.27 11:09:22.944,0.63208,0.63233,1.00,1.12
2015.07.27 11:09:25.522,0.63207,0.63233,1.00,1.12
2015.07.27 11:09:25.855,0.63207,0.63231,1.00,1.00
2015.07.27 11:09:29.091,0.63207,0.63231,1.00,1.37
2015.07.27 11:09:29.700,0.63206,0.6323,1.00,1.37
2015.07.27 11:09:32.871,0.63205,0.6323,1.12,1.37
2015.07.27 11:09:33.802,0.63205,0.6323,1.12,1.37
2015.07.27 11:09:34.147,0.63207,0.6323,1.00,1.37
2015.07.27 11:09:34.318,0.63205,0.6323,1.87,1.37
2015.07.27 11:09:40.114,0.63205,0.6323,1.00,1.37
2015.07.27 11:09:41.137,0.63204,0.63231,1.00,1.37
2015.07.27 11:09:41.439,0.63206,0.6323,1.00,1.37
2015.07.27 11:09:42.414,0.63205,0.6323,1.00,1.37
2015.07.27 11:09:44.420,0.63206,0.6323,1.00,1.37
2015.07.27 11:09:45.085,0.63207,0.6323,1.00,1.37
2015.07.27 11:09:45.605,0.63206,0.6323,1.00,1.37
2015.07.27 11:09:47.179,0.63206,0.6323,1.00,1.12
2015.07.27 11:09:49.455,0.63207,0.6323,1.00,1.12
2015.07.27 11:09:50.334,0.63206,0.6323,1.00,1.00
2015.07.27 11:09:52.646,0.63207,0.6323,1.00,1.00
2015.07.27 11:09:53.180,0.63206,0.6323,1.00,1.00
2015.07.27 11:09:53.482,0.63205,0.63229,1.00,1.37
2015.07.27 11:09:53.787,0.63204,0.63225,1.00,1.37
2015.07.27 11:09:53.930,0.63204,0.63225,1.12,1.12
2015.07.27 11:09:54.031,0.63204,0.6323,1.00,1.75
2015.07.27 11:09:54.200,0.632,0.63228,1.00,1.87
2015.07.27 11:09:54.971,0.63201,0.63228,1.00,1.87
2015.07.27 11:09:55.300,0.63201,0.63228,1.12,1.37
2015.07.27 11:09:55.552,0.63202,0.63229,1.37,1.37
2015.07.27 11:09:55.804,0.63204,0.63229,1.00,1.00
2015.07.27 11:09:55.962,0.63204,0.63232,1.00,1.00
2015.07.27 11:09:56.063,0.63207,0.63232,1.00,1.00
2015.07.27 11:09:57.352,0.63207,0.63232,1.00,1.37
2015.07.27 11:09:57.888,0.63207,0.63233,1.00,1.37
2015.07.27 11:09:58.389,0.63208,0.63233,1.00,1.37
2015.07.27 11:09:58.890,0.63208,0.63233,1.00,1.87
2015.07.27 11:09:59.442,0.63208,0.63235,1.00,1.72
2015.07.27 11:09:59.943,0.63209,0.63234,1.00,1.37
2015.07.27 11:10:00.044,0.63207,0.63234,1.00,1.37
2015.07.27 11:10:02.537,0.63207,0.63234,1.00,1.37
2015.07.27 11:10:03.053,0.63208,0.63235,1.00,1.37
2015.07.27 11:10:03.255,0.63209,0.63236,1.00,1.87
2015.07.27 11:10:03.665,0.63213,0.6324,1.00,1.00
2015.07.27 11:10:04.005,0.63216,0.63243,1.00,1.35
2015.07.27 11:10:04.422,0.63213,0.6324,1.00,1.00
2015.07.27 11:10:04.807,0.63213,0.63238,1.00,1.00
2015.07.27 11:10:05.185,0.63211,0.63239,1.00,1.00
2015.07.27 11:10:05.353,0.63211,0.63239,1.12,1.37
2015.07.27 11:10:05.884,0.63211,0.63239,1.00,1.37
2015.07.27 11:10:06.226,0.63211,0.63238,1.00,1.37
2015.07.27 11:10:06.661,0.63212,0.63237,1.00,1.00
2015.07.27 11:10:07.205,0.63211,0.63239,1.12,1.37
2015.07.27 11:10:07.865,0.63211,0.63239,1.00,1.12
2015.07.27 11:10:09.669,0.63211,0.63239,1.00,1.37
2015.07.27 11:10:10.177,0.63209,0.63237,1.37,1.12
2015.07.27 11:10:10.507,0.6321,0.63235,1.12,1.00
2015.07.27 11:10:10.709,0.63212,0.63239,1.12,1.37
2015.07.27 11:10:11.228,0.63213,0.63238,1.00,1.00
2015.07.27 11:10:11.829,0.63211,0.63238,1.37,1.37
2015.07.27 11:10:12.377,0.63211,0.63238,1.00,1.37
2015.07.27 11:10:12.581,0.63208,0.63232,1.00,1.00
2015.07.27 11:10:12.744,0.63208,0.63234,1.00,1.00
2015.07.27 11:10:12.795,0.63206,0.63233,1.00,1.00
2015.07.27 11:10:12.896,0.63207,0.63231,1.00,1.00
2015.07.27 11:10:13.106,0.63204,0.63231,1.00,1.00
2015.07.27 11:10:13.642,0.63203,0.63229,1.37,1.00
2015.07.27 11:10:13.885,0.63202,0.63229,1.12,1.00
2015.07.27 11:10:14.305,0.63202,0.63229,1.12,1.37
2015.07.27 11:10:14.838,0.63203,0.6323,1.12,1.37
2015.07.27 11:10:15.627,0.63204,0.63228,1.00,1.37
2015.07.27 11:10:16.143,0.63202,0.63229,1.37,1.37
2015.07.27 11:10:17.396,0.63204,0.63228,1.00,1.37
2015.07.27 11:10:18.196,0.63204,0.63228,1.00,1.00
2015.07.27 11:10:18.849,0.63203,0.63229,1.12,1.00
2015.07.27 11:10:20.695,0.63203,0.6323,1.12,1.00
2015.07.27 11:10:21.054,0.63207,0.63232,1.00,1.00
2015.07.27 11:10:21.556,0.63206,0.63233,1.12,1.37
2015.07.27 11:10:21.809,0.63204,0.63231,1.12,1.37
2015.07.27 11:10:22.346,0.63205,0.6323,1.00,1.00
2015.07.27 11:10:22.709,0.63203,0.6323,1.12,1.00
2015.07.27 11:10:24.333,0.63203,0.6323,1.37,1.37
2015.07.27 11:10:27.644,0.63203,0.6323,1.37,1.00
2015.07.27 11:10:27.744,0.63205,0.6323,1.37,1.00
2015.07.27 11:10:27.845,0.63206,0.63233,1.37,1.37
2015.07.27 11:10:28.185,0.63208,0.63235,1.12,1.12
2015.07.27 11:10:28.314,0.6321,0.63235,1.00,1.12
2015.07.27 11:10:28.945,0.63209,0.63234,1.00,1.00
2015.07.27 11:10:30.147,0.63208,0.63234,1.37,1.00
2015.07.27 11:10:30.198,0.63209,0.63236,1.37,1.12
2015.07.27 11:10:30.734,0.6321,0.63237,1.37,1.37
2015.07.27 11:10:31.144,0.63211,0.63238,1.12,1.12
2015.07.27 11:10:31.885,0.63211,0.63238,1.00,1.37
2015.07.27 11:10:32.919,0.63212,0.63239,1.00,1.37
2015.07.27 11:10:33.219,0.63212,0.63235,1.00,1.00
2015.07.27 11:10:33.455,0.6321,0.63235,1.12,1.00
2015.07.27 11:10:33.676,0.6321,0.63235,1.37,1.00
2015.07.27 11:10:34.141,0.63211,0.63237,1.12,1.12
2015.07.27 11:10:34.400,0.63211,0.63237,1.00,1.37
2015.07.27 11:10:34.960,0.63211,0.63237,1.12,1.37
2015.07.27 11:10:35.544,0.63212,0.63236,1.00,1.12
2015.07.27 11:10:36.014,0.6321,0.63236,1.00,1.37
2015.07.27 11:10:37.414,0.63209,0.63235,1.12,1.12
2015.07.27 11:10:37.646,0.63211,0.63235,1.00,1.87
2015.07.27 11:10:38.318,0.63209,0.63235,1.12,1.12
2015.07.27 11:10:40.604,0.6321,0.63235,1.00,1.87
2015.07.27 11:10:40.857,0.63213,0.63235,1.00,1.12
2015.07.27 11:10:41.395,0.63214,0.63235,1.00,1.00
2015.07.27 11:10:41.927,0.63213,0.63235,1.00,1.12
2015.07.27 11:10:43.465,0.63215,0.63235,1.00,1.12
2015.07.27 11:10:43.714,0.63213,0.63235,1.00,1.12
2015.07.27 11:10:44.274,0.63214,0.63235,1.00,1.12
2015.07.27 11:10:44.565,0.63216,0.63235,1.00,1.12
2015.07.27 11:10:45.122,0.63216,0.63236,1.00,1.00
2015.07.27 11:10:45.595,0.63218,0.63237,1.00,1.00
2015.07.27 11:10:46.134,0.63217,0.63237,1.00,1.00
2015.07.27 11:10:47.204,0.63216,0.63237,1.00,1.00
2015.07.27 11:10:47.887,0.63217,0.63237,1.00,1.00
2015.07.27 11:10:48.998,0.63216,0.63237,1.00,1.12
2015.07.27 11:10:50.978,0.63215,0.63237,1.00,1.12
2015.07.27 11:10:52.849,0.63217,0.63237,1.00,1.12
2015.07.27 11:10:57.654,0.63218,0.63237,1.00,1.12
2015.07.27 11:10:58.220,0.63217,0.63237,1.00,1.12
2015.07.27 11:10:59.193,0.63218,0.63237,1.00,1.12
2015.07.27 11:10:59.557,0.63216,0.63239,1.00,1.37
2015.07.27 11:10:59.733,0.63216,0.6324,1.00,1.87
2015.07.27 11:11:00.115,0.63218,0.6324,1.00,1.87
2015.07.27 11:11:00.664,0.63217,0.6324,1.00,1.87
2015.07.27 11:11:00.987,0.63219,0.6324,1.00,1.12
2015.07.27 11:11:01.536,0.63218,0.6324,1.00,1.12
2015.07.27 11:11:02.055,0.63219,0.63241,1.00,1.37
2015.07.27 11:11:02.968,0.63219,0.63246,1.00,2.10
2015.07.27 11:11:03.270,0.63223,0.63251,1.00,2.25
2015.07.27 11:11:04.144,0.63222,0.6325,1.00,1.75
2015.07.27 11:11:04.681,0.63221,0.63248,1.00,1.50
2015.07.27 11:11:05.754,0.63221,0.63248,1.00,1.75
2015.07.27 11:11:06.123,0.63222,0.63245,1.00,1.37
2015.07.27 11:11:06.275,0.63225,0.63246,1.00,1.37
2015.07.27 11:11:06.830,0.63224,0.63246,1.00,1.37
2015.07.27 11:11:08.032,0.63225,0.63246,1.00,1.37
2015.07.27 11:11:11.918,0.63224,0.63246,1.00,1.37
2015.07.27 11:11:13.823,0.63224,0.63251,1.00,2.47
2015.07.27 11:11:14.043,0.63226,0.63251,1.00,2.47
2015.07.27 11:11:14.423,0.63227,0.63249,1.00,1.30
2015.07.27 11:11:15.475,0.63226,0.63249,1.00,1.30
2015.07.27 11:11:15.750,0.63226,0.6325,1.00,1.97
2015.07.27 11:11:16.051,0.63225,0.63249,1.00,1.35
2015.07.27 11:11:16.353,0.63225,0.63246,1.00,1.37
2015.07.27 11:11:16.454,0.63223,0.63245,1.00,1.37
2015.07.27 11:11:16.555,0.63221,0.63248,1.50,1.72
2015.07.27 11:11:16.683,0.63223,0.63249,1.00,1.35
2015.07.27 11:11:17.685,0.63222,0.63249,1.00,1.35
2015.07.27 11:11:18.705,0.63223,0.63249,1.00,1.35
2015.07.27 11:11:19.008,0.63225,0.63251,1.00,2.10
2015.07.27 11:11:19.659,0.63226,0.63251,1.00,2.85
2015.07.27 11:11:20.165,0.63225,0.63251,1.00,2.10
2015.07.27 11:11:20.862,0.63225,0.63251,1.00,1.97
2015.07.27 11:11:21.214,0.63227,0.6325,1.50,1.72
2015.07.27 11:11:21.336,0.63227,0.6325,1.50,1.12
2015.07.27 11:11:21.437,0.6323,0.63256,1.00,2.25
2015.07.27 11:11:21.744,0.63233,0.63256,1.00,1.50
2015.07.27 11:11:21.895,0.63233,0.63256,1.00,1.37
2015.07.27 11:11:22.403,0.63234,0.63255,1.00,1.37
2015.07.27 11:11:22.918,0.63233,0.63256,1.00,1.37
2015.07.27 11:11:26.889,0.63233,0.6326,1.00,1.35
2015.07.27 11:11:27.937,0.63233,0.63258,1.00,1.67
2015.07.27 11:11:28.166,0.63231,0.63256,1.50,1.37
2015.07.27 11:11:28.684,0.63232,0.63255,1.00,1.37
2015.07.27 11:11:31.146,0.63232,0.63255,1.00,1.75
2015.07.27 11:11:31.247,0.6323,0.63255,1.00,1.75
2015.07.27 11:11:32.303,0.63231,0.63255,1.00,1.75
2015.07.27 11:11:32.403,0.63231,0.63256,1.00,1.50
2015.07.27 11:11:32.943,0.63232,0.63256,1.00,1.75
2015.07.27 11:11:36.047,0.63231,0.63256,1.00,1.75
2015.07.27 11:11:36.934,0.63231,0.63255,1.00,1.75
2015.07.27 11:11:37.454,0.6323,0.63251,1.00,1.37
2015.07.27 11:11:37.835,0.63227,0.63251,1.00,1.97
2015.07.27 11:11:37.886,0.63227,0.63251,1.00,1.97
2015.07.27 11:11:37.937,0.63223,0.63251,1.00,2.47
2015.07.27 11:11:37.987,0.63223,0.6325,1.00,1.35
2015.07.27 11:11:38.235,0.63223,0.63246,1.00,1.37
2015.07.27 11:11:38.286,0.63223,0.63246,1.00,1.50
2015.07.27 11:11:38.817,0.63222,0.63246,1.00,1.37
2015.07.27 11:11:39.123,0.6322,0.63247,1.00,1.67
2015.07.27 11:11:39.659,0.63221,0.63246,1.00,1.87
2015.07.27 11:11:40.652,0.63221,0.63246,1.00,1.37
2015.07.27 11:11:40.754,0.63221,0.63246,1.00,1.50
2015.07.27 11:11:41.433,0.6322,0.63246,1.00,1.50
2015.07.27 11:11:42.886,0.6322,0.63246,1.00,1.75
2015.07.27 11:11:43.286,0.63219,0.63246,1.00,2.25
2015.07.27 11:11:43.814,0.63219,0.63244,1.00,1.75
2015.07.27 11:11:43.864,0.63217,0.63244,1.00,1.75
2015.07.27 11:11:44.396,0.63218,0.63244,1.00,1.75
2015.07.27 11:11:44.794,0.63218,0.63244,2.85,1.00
2015.07.27 11:11:44.845,0.63224,0.63246,1.60,1.00
2015.07.27 11:11:44.895,0.63228,0.63249,1.12,1.00
2015.07.27 11:11:45.225,0.63237,0.63256,1.00,1.37
2015.07.27 11:11:45.427,0.63234,0.63255,1.00,1.37
2015.07.27 11:11:45.833,0.63232,0.63256,1.00,1.37
2015.07.27 11:11:47.533,0.63232,0.63251,1.00,1.00
2015.07.27 11:11:48.083,0.63232,0.63255,1.00,1.37
2015.07.27 11:11:49.435,0.63232,0.63251,1.00,1.00
2015.07.27 11:11:55.148,0.63232,0.63251,1.00,1.37
2015.07.27 11:11:55.199,0.63227,0.63251,1.00,1.37
2015.07.27 11:11:55.250,0.63227,0.63246,1.00,1.12
2015.07.27 11:11:55.419,0.63225,0.63245,1.00,1.00
2015.07.27 11:11:55.999,0.63225,0.63246,1.00,1.12
2015.07.27 11:11:56.585,0.63225,0.63246,1.00,1.37
2015.07.27 11:11:58.367,0.63225,0.63246,1.00,1.37
2015.07.27 11:11:58.468,0.63224,0.63249,1.00,1.67
2015.07.27 11:11:58.670,0.63224,0.63246,1.00,1.75
2015.07.27 11:11:58.814,0.63221,0.63246,1.00,1.75
2015.07.27 11:11:59.059,0.63219,0.6324,1.00,1.37
2015.07.27 11:11:59.160,0.63219,0.63241,1.00,2.10
2015.07.27 11:11:59.261,0.63217,0.63241,1.00,2.10
2015.07.27 11:11:59.480,0.63215,0.63241,1.00,2.10
2015.07.27 11:11:59.682,0.63215,0.6324,1.00,2.10
2015.07.27 11:11:59.733,0.63213,0.6324,1.00,2.10
2015.07.27 11:12:00.683,0.63213,0.63241,1.00,2.85
2015.07.27 11:12:00.783,0.63213,0.6324,1.00,2.10
2015.07.27 11:12:01.978,0.63213,0.6324,1.00,1.67
2015.07.27 11:12:02.281,0.63217,0.63241,1.00,1.37
2015.07.27 11:12:05.917,0.63217,0.6324,1.00,1.37
2015.07.27 11:12:08.088,0.63216,0.6324,1.00,1.37
2015.07.27 11:12:08.640,0.63215,0.6324,1.00,1.50
2015.07.27 11:12:09.144,0.63215,0.6324,1.00,1.72
2015.07.27 11:12:09.409,0.63216,0.6324,1.00,1.72
2015.07.27 11:12:09.861,0.63218,0.63241,1.00,1.37
2015.07.27 11:12:10.448,0.63219,0.63246,1.00,1.75
2015.07.27 11:12:11.612,0.6322,0.63246,1.00,1.75
2015.07.27 11:12:12.204,0.63219,0.63246,1.00,2.25
2015.07.27 11:12:12.743,0.63219,0.63246,1.00,2.25
2015.07.27 11:12:13.624,0.63219,0.63245,1.00,1.37
2015.07.27 11:12:13.803,0.63221,0.63245,1.00,1.37
2015.07.27 11:12:14.322,0.6322,0.63248,1.00,1.75
2015.07.27 11:12:15.013,0.6322,0.63248,1.00,1.37
2015.07.27 11:12:16.452,0.63221,0.63245,1.00,1.37
2015.07.27 11:12:16.960,0.63222,0.63248,1.00,1.37
2015.07.27 11:12:17.017,0.63222,0.63248,1.00,1.75
2015.07.27 11:12:17.219,0.63219,0.63244,1.00,1.72
2015.07.27 11:12:18.140,0.63219,0.63244,1.00,2.10
2015.07.27 11:12:18.191,0.63217,0.63244,1.00,2.10
2015.07.27 11:12:18.443,0.63218,0.63244,1.00,1.35
2015.07.27 11:12:18.967,0.63217,0.6324,1.00,1.37
2015.07.27 11:12:19.387,0.63216,0.63241,1.00,1.37
2015.07.27 11:12:20.749,0.63216,0.63241,1.00,1.37
2015.07.27 11:12:21.201,0.63217,0.63244,1.00,1.72
2015.07.27 11:12:21.505,0.63219,0.63245,1.00,1.35
2015.07.27 11:12:21.828,0.63221,0.63245,1.00,1.35
2015.07.27 11:12:23.919,0.6322,0.63245,1.00,1.35
2015.07.27 11:12:26.643,0.63222,0.63245,1.00,1.35
2015.07.27 11:12:28.013,0.63222,0.63247,1.00,1.35
2015.07.27 11:12:28.257,0.63224,0.63249,1.00,1.37
2015.07.27 11:12:28.892,0.63225,0.63251,1.00,2.85
2015.07.27 11:12:29.402,0.63224,0.63251,1.00,2.10
2015.07.27 11:12:31.097,0.63224,0.63251,1.00,2.85
2015.07.27 11:12:31.153,0.63222,0.6325,1.00,1.75
2015.07.27 11:12:31.855,0.63223,0.63249,1.00,1.50
2015.07.27 11:12:32.231,0.63224,0.63251,1.00,2.85
2015.07.27 11:12:32.751,0.63225,0.6325,1.00,1.37
2015.07.27 11:12:35.999,0.63225,0.63251,1.00,1.72
2015.07.27 11:12:36.252,0.63227,0.6325,1.00,1.37
2015.07.27 11:12:36.359,0.63225,0.6325,1.00,1.37
2015.07.27 11:12:38.869,0.63226,0.6325,1.00,1.37
2015.07.27 11:12:40.392,0.63225,0.6325,1.00,1.37
2015.07.27 11:12:40.936,0.63225,0.6325,1.00,1.37
2015.07.27 11:12:41.303,0.63222,0.63246,1.00,1.37
2015.07.27 11:12:41.615,0.63224,0.63251,1.00,2.10
2015.07.27 11:12:42.137,0.63223,0.63251,1.00,2.85
2015.07.27 11:12:42.686,0.63222,0.6325,1.00,1.75
2015.07.27 11:12:43.396,0.63223,0.63251,1.00,2.85
2015.07.27 11:12:43.902,0.63222,0.6325,1.00,2.25
2015.07.27 11:12:44.617,0.63222,0.6325,1.00,2.25
2015.07.27 11:12:45.602,0.63223,0.63251,1.00,2.85
2015.07.27 11:12:48.630,0.63223,0.6325,1.00,1.75
2015.07.27 11:12:49.122,0.63221,0.63249,1.00,1.37
2015.07.27 11:12:49.561,0.63223,0.63249,1.00,1.37
2015.07.27 11:12:51.047,0.63223,0.63249,1.00,1.75
2015.07.27 11:12:51.593,0.63222,0.6325,1.00,2.25
2015.07.27 11:12:52.226,0.63221,0.63249,1.00,1.75
2015.07.27 11:12:52.751,0.63223,0.63249,1.00,1.75
2015.07.27 11:12:53.130,0.63221,0.63248,1.00,1.75
2015.07.27 11:12:54.401,0.63222,0.63245,1.00,1.37
2015.07.27 11:12:54.536,0.6322,0.63245,1.00,1.37
2015.07.27 11:12:55.544,0.63219,0.63246,1.00,1.37
2015.07.27 11:12:56.317,0.6322,0.63246,1.00,1.37
2015.07.27 11:12:58.052,0.63221,0.63245,1.00,1.37
2015.07.27 11:13:02.674,0.63222,0.63249,1.00,1.75
2015.07.27 11:13:03.182,0.63221,0.63249,1.00,1.75
2015.07.27 11:13:03.516,0.63221,0.63248,1.00,1.75
2015.07.27 11:13:04.900,0.63221,0.63248,1.00,1.50
2015.07.27 11:13:05.076,0.63222,0.6325,1.00,1.50
2015.07.27 11:13:05.621,0.63223,0.6325,1.00,1.50
2015.07.27 11:13:06.427,0.63223,0.63251,1.00,2.85
2015.07.27 11:13:06.941,0.63222,0.63248,1.00,1.50
2015.07.27 11:13:08.280,0.63221,0.63249,1.00,1.75
2015.07.27 11:13:10.086,0.63221,0.63249,1.00,1.37
2015.07.27 11:13:10.287,0.63223,0.63251,1.00,2.85
2015.07.27 11:13:10.489,0.63225,0.63251,1.00,1.72
2015.07.27 11:13:10.584,0.63227,0.63251,1.00,1.72
2015.07.27 11:13:10.890,0.63227,0.63251,1.00,2.10
2015.07.27 11:13:11.041,0.63223,0.6325,1.00,1.75
2015.07.27 11:13:11.243,0.63221,0.63246,1.00,1.37
2015.07.27 11:13:11.775,0.63221,0.63246,1.00,1.50
2015.07.27 11:13:11.933,0.63219,0.63245,1.00,1.37
2015.07.27 11:13:12.566,0.63218,0.63244,1.00,1.37
2015.07.27 11:13:13.225,0.63219,0.63245,1.00,1.50
2015.07.27 11:13:13.326,0.63221,0.63246,1.00,1.37
2015.07.27 11:13:13.898,0.63219,0.63246,1.00,1.37
2015.07.27 11:13:14.003,0.63218,0.63246,1.00,2.25
2015.07.27 11:13:14.546,0.63218,0.63244,1.00,1.35
2015.07.27 11:13:17.265,0.63218,0.63243,1.00,2.10
2015.07.27 11:13:17.316,0.63215,0.63243,1.00,2.10
2015.07.27 11:13:17.839,0.63214,0.6324,1.00,1.35
2015.07.27 11:13:18.220,0.63216,0.6324,1.00,1.35
2015.07.27 11:13:19.700,0.63214,0.6324,1.00,1.35
2015.07.27 11:13:21.068,0.63215,0.6324,1.00,1.35
2015.07.27 11:13:22.588,0.63212,0.63238,1.87,1.37
2015.07.27 11:13:23.365,0.63212,0.63239,1.00,2.10
2015.07.27 11:13:23.600,0.63212,0.63239,1.87,1.30
2015.07.27 11:13:23.651,0.63214,0.63239,1.00,1.30
2015.07.27 11:13:24.056,0.63215,0.63241,1.37,1.00
2015.07.27 11:13:24.444,0.63218,0.63245,1.00,1.37
2015.07.27 11:13:25.052,0.63219,0.63245,1.50,1.37
2015.07.27 11:13:29.889,0.63219,0.63245,1.50,1.75
2015.07.27 11:13:29.990,0.63217,0.63245,1.00,1.75
2015.07.27 11:13:30.303,0.63214,0.6324,1.50,1.37
2015.07.27 11:13:30.830,0.63214,0.6324,1.00,1.37
2015.07.27 11:13:31.256,0.63212,0.6324,1.00,1.37
2015.07.27 11:13:36.868,0.63213,0.63239,1.00,1.37
2015.07.27 11:13:38.807,0.63213,0.6324,1.00,1.37
2015.07.27 11:13:39.610,0.63214,0.6324,1.00,1.87
2015.07.27 11:13:40.125,0.63213,0.6324,1.00,1.37
2015.07.27 11:13:40.615,0.63212,0.6324,1.37,1.37
2015.07.27 11:13:40.831,0.63215,0.63241,1.00,1.37
2015.07.27 11:13:41.133,0.63214,0.63241,1.00,1.35
2015.07.27 11:13:41.523,0.63214,0.6324,1.00,1.72
2015.07.27 11:13:42.116,0.63213,0.63241,1.00,1.97
2015.07.27 11:13:44.663,0.63213,0.63241,1.00,2.47
2015.07.27 11:13:45.203,0.63212,0.6324,1.50,1.37
2015.07.27 11:13:45.591,0.63214,0.63241,1.00,1.87
2015.07.27 11:13:46.150,0.63213,0.63241,1.00,1.37
2015.07.27 11:13:46.701,0.63214,0.63241,1.00,1.87
2015.07.27 11:13:49.977,0.63212,0.63241,1.50,2.25
2015.07.27 11:13:50.229,0.6321,0.63235,1.00,1.37
2015.07.27 11:13:50.467,0.6321,0.63237,1.00,1.37
2015.07.27 11:13:50.568,0.63208,0.63235,1.00,1.12
2015.07.27 11:13:50.772,0.63208,0.63237,1.00,1.37
2015.07.27 11:13:50.973,0.63209,0.63237,1.00,1.37
2015.07.27 11:13:51.491,0.6321,0.63238,1.00,1.37
2015.07.27 11:13:52.494,0.6321,0.63238,1.00,1.37
2015.07.27 11:13:53.019,0.63211,0.63239,1.50,1.72
2015.07.27 11:13:57.201,0.63211,0.63239,1.50,1.72
2015.07.27 11:13:57.711,0.63211,0.63239,1.50,1.72
2015.07.27 11:14:00.222,0.63212,0.63238,1.00,1.37
2015.07.27 11:14:00.972,0.63212,0.63238,1.12,1.12
2015.07.27 11:14:01.022,0.63212,0.63238,1.12,1.37
2015.07.27 11:14:04.470,0.63213,0.63239,1.00,1.72
2015.07.27 11:14:04.622,0.63213,0.63239,1.87,1.37
2015.07.27 11:14:04.723,0.63215,0.63241,1.00,1.37
2015.07.27 11:14:05.154,0.63215,0.63243,1.00,1.37
2015.07.27 11:14:05.334,0.63215,0.63243,1.00,1.37
2015.07.27 11:14:05.843,0.63216,0.63243,1.00,1.37
2015.07.27 11:14:06.375,0.63216,0.63243,1.00,1.72
2015.07.27 11:14:06.476,0.63213,0.63241,1.87,1.37
2015.07.27 11:14:06.627,0.63214,0.63242,1.00,1.37
2015.07.27 11:14:06.728,0.63215,0.63241,1.12,1.37
2015.07.27 11:14:07.040,0.63216,0.63242,1.50,1.37
2015.07.27 11:14:07.431,0.63218,0.63242,1.00,1.37
2015.07.27 11:14:07.653,0.6322,0.63246,1.87,1.37
2015.07.27 11:14:07.905,0.63223,0.63247,1.00,1.37
2015.07.27 11:14:09.213,0.63221,0.63247,1.12,1.37
2015.07.27 11:14:12.505,0.6322,0.63247,1.37,1.37
2015.07.27 11:14:12.606,0.63219,0.63247,1.50,1.50
2015.07.27 11:14:12.706,0.63219,0.63246,1.12,1.75
2015.07.27 11:14:14.693,0.63219,0.63246,1.00,1.87
2015.07.27 11:14:15.303,0.6322,0.63246,1.00,1.37
2015.07.27 11:14:18.504,0.6322,0.63246,1.00,1.37
2015.07.27 11:14:19.100,0.6322,0.63248,1.37,1.50
2015.07.27 11:14:19.532,0.63221,0.63249,1.87,1.37
2015.07.27 11:14:19.583,0.63223,0.63249,1.00,1.37
2015.07.27 11:14:20.127,0.63223,0.63251,1.00,2.25
2015.07.27 11:14:21.226,0.63223,0.63251,1.00,1.87
2015.07.27 11:14:23.389,0.63224,0.6325,1.00,1.37
2015.07.27 11:14:23.911,0.63225,0.63253,1.00,1.75
2015.07.27 11:14:24.571,0.63224,0.63252,1.50,1.50
2015.07.27 11:14:25.941,0.63225,0.63251,1.00,1.37
2015.07.27 11:14:27.032,0.63224,0.63251,1.00,1.87
2015.07.27 11:14:27.545,0.63223,0.63251,1.00,1.87
2015.07.27 11:14:28.799,0.63223,0.6325,1.00,1.75
2015.07.27 11:14:29.301,0.63223,0.6325,1.00,2.25
2015.07.27 11:14:34.822,0.63223,0.6325,1.00,1.87
2015.07.27 11:14:35.366,0.63222,0.6325,1.50,1.87
2015.07.27 11:14:35.918,0.63222,0.6325,1.87,1.37
2015.07.27 11:14:36.211,0.63224,0.6325,1.00,1.37
2015.07.27 11:14:36.921,0.63224,0.6325,1.00,1.37
2015.07.27 11:14:37.470,0.63223,0.6325,1.00,1.37
2015.07.27 11:14:38.131,0.63222,0.6325,1.87,1.37
2015.07.27 11:14:42.333,0.63223,0.6325,1.00,1.87
2015.07.27 11:14:42.749,0.63225,0.63251,1.00,1.87
2015.07.27 11:14:50.402,0.63226,0.63252,1.00,1.37
2015.07.27 11:14:50.839,0.63224,0.63252,1.87,1.37
2015.07.27 11:14:51.486,0.63225,0.63253,1.00,1.37
2015.07.27 11:14:52.049,0.63225,0.63253,1.00,1.75
2015.07.27 11:14:52.644,0.63224,0.63252,1.50,1.50
2015.07.27 11:14:55.159,0.63225,0.63253,1.00,1.75
2015.07.27 11:14:55.790,0.63224,0.63252,1.50,1.50
2015.07.27 11:14:56.167,0.63222,0.6325,1.50,1.37
2015.07.27 11:14:56.993,0.63222,0.63248,1.50,1.37
2015.07.27 11:14:57.643,0.63222,0.63248,1.50,1.37
2015.07.27 11:14:59.525,0.63221,0.63249,1.00,1.50
2015.07.27 11:14:59.778,0.63219,0.63247,1.50,1.37
2015.07.27 11:15:00.286,0.63219,0.63247,1.50,1.50
2015.07.27 11:15:00.816,0.63219,0.63246,1.87,1.50
2015.07.27 11:15:00.867,0.63221,0.63246,1.00,1.50
2015.07.27 11:15:00.918,0.63221,0.63247,1.00,1.72
2015.07.27 11:15:01.019,0.6322,0.63246,1.00,1.75
2015.07.27 11:15:01.070,0.63217,0.63245,1.50,1.50
2015.07.27 11:15:01.412,0.63219,0.63247,1.00,1.35
2015.07.27 11:15:01.717,0.63221,0.63249,1.00,1.50
2015.07.27 11:15:01.818,0.63221,0.63249,1.00,1.75
2015.07.27 11:15:02.020,0.63221,0.63249,1.00,1.50
2015.07.27 11:15:02.391,0.63223,0.63249,1.00,1.50
2015.07.27 11:15:02.722,0.63221,0.6325,1.00,1.75
2015.07.27 11:15:03.258,0.63221,0.63249,1.00,1.75
2015.07.27 11:15:03.836,0.6322,0.63248,1.00,1.50
2015.07.27 11:15:03.991,0.6322,0.63244,1.00,1.67
2015.07.27 11:15:04.193,0.63217,0.63244,1.50,1.67
2015.07.27 11:15:04.719,0.63218,0.63244,1.00,1.67
2015.07.27 11:15:05.332,0.63217,0.63244,1.00,1.67
2015.07.27 11:15:05.857,0.63216,0.63239,1.12,1.30
2015.07.27 11:15:05.908,0.63216,0.6324,1.00,1.35
2015.07.27 11:15:06.109,0.63215,0.63242,1.00,2.10
2015.07.27 11:15:08.374,0.63216,0.63242,1.00,2.10
2015.07.27 11:15:10.111,0.63216,0.63239,1.00,1.30
2015.07.27 11:15:10.612,0.63217,0.63239,1.00,1.30
2015.07.27 11:15:11.305,0.63216,0.63239,1.50,1.30
2015.07.27 11:15:12.111,0.63217,0.63243,1.00,3.22
2015.07.27 11:15:12.812,0.63217,0.63243,1.87,1.12
2015.07.27 11:15:13.500,0.63221,0.63247,1.00,1.37
2015.07.27 11:15:14.051,0.6322,0.63249,1.87,1.75
2015.07.27 11:15:15.480,0.63221,0.63247,1.00,1.37
2015.07.27 11:15:17.501,0.6322,0.63248,1.87,1.50
2015.07.27 11:15:21.575,0.63221,0.63247,1.00,1.37
2015.07.27 11:15:23.434,0.6322,0.63246,1.00,1.37
2015.07.27 11:15:23.535,0.63221,0.63244,1.00,1.37
2015.07.27 11:15:23.636,0.63218,0.63243,1.00,1.37
2015.07.27 11:15:23.832,0.63218,0.63243,1.37,1.12
2015.07.27 11:15:24.149,0.6322,0.63245,1.37,1.12
2015.07.27 11:15:24.487,0.6322,0.63247,1.87,1.37
2015.07.27 11:15:24.538,0.63223,0.63249,1.37,1.37
2015.07.27 11:15:25.050,0.63223,0.6325,1.87,1.37
2015.07.27 11:15:26.135,0.63223,0.6325,1.87,1.37
2015.07.27 11:15:27.749,0.63223,0.63248,1.00,1.37
2015.07.27 11:15:28.569,0.63223,0.6325,1.00,1.37
2015.07.27 11:15:28.619,0.63225,0.6325,1.00,1.37
2015.07.27 11:15:29.463,0.63223,0.6325,1.00,1.37
2015.07.27 11:15:29.564,0.63223,0.63248,1.00,1.37
2015.07.27 11:15:29.993,0.63221,0.63247,1.87,1.72
2015.07.27 11:15:30.093,0.63219,0.63247,1.87,2.10
2015.07.27 11:15:30.412,0.63222,0.63248,1.00,1.97
2015.07.27 11:15:36.651,0.63221,0.63245,1.00,1.37
2015.07.27 11:15:37.470,0.63221,0.63245,1.00,1.37
2015.07.27 11:15:37.772,0.63218,0.63243,1.00,1.37
2015.07.27 11:15:38.274,0.63218,0.63241,1.00,1.75
2015.07.27 11:15:38.325,0.63213,0.63241,1.37,1.75
2015.07.27 11:15:38.376,0.63212,0.63241,1.37,1.50
2015.07.27 11:15:38.582,0.63215,0.63241,1.00,1.50
2015.07.27 11:15:38.733,0.63213,0.63241,1.12,1.50
2015.07.27 11:15:39.261,0.63214,0.6324,1.00,1.50
2015.07.27 11:15:39.762,0.63213,0.63241,1.00,1.50
2015.07.27 11:15:42.211,0.63212,0.6324,1.00,1.37
2015.07.27 11:15:43.107,0.63211,0.63239,1.50,1.37
2015.07.27 11:15:43.661,0.63212,0.6324,1.00,1.37
2015.07.27 11:15:44.520,0.63213,0.63239,1.00,1.37
2015.07.27 11:15:45.628,0.63213,0.63239,1.00,1.37
2015.07.27 11:15:46.187,0.63214,0.6324,1.00,1.37
2015.07.27 11:15:47.621,0.63213,0.63241,1.50,1.50
2015.07.27 11:15:48.167,0.63213,0.63241,1.50,1.37
2015.07.27 11:15:49.030,0.63214,0.6324,1.00,1.87
2015.07.27 11:15:49.757,0.63214,0.6324,1.37,1.37
2015.07.27 11:15:53.040,0.63215,0.63243,1.12,1.37
2015.07.27 11:15:53.828,0.63215,0.63243,1.37,1.37
2015.07.27 11:15:54.133,0.63219,0.63245,1.87,1.12
2015.07.27 11:15:54.233,0.63219,0.63247,1.87,1.72
2015.07.27 11:15:54.445,0.6322,0.63248,1.37,2.10
2015.07.27 11:15:55.347,0.63219,0.63247,1.37,1.72
2015.07.27 11:15:55.549,0.63218,0.63246,1.37,1.37
2015.07.27 11:15:56.018,0.63218,0.63244,1.37,1.37
2015.07.27 11:15:56.851,0.63218,0.63244,1.12,1.37
2015.07.27 11:15:57.754,0.63218,0.63244,1.37,1.37
2015.07.27 11:15:59.056,0.63218,0.63244,1.37,1.37
2015.07.27 11:15:59.441,0.63219,0.63245,1.37,1.37
2015.07.27 11:16:00.560,0.63219,0.63245,1.12,1.37
2015.07.27 11:16:01.564,0.63217,0.63245,1.87,1.37
2015.07.27 11:16:01.664,0.63217,0.63245,1.87,1.37
2015.07.27 11:16:02.217,0.63219,0.63246,1.37,1.37
2015.07.27 11:16:02.493,0.63221,0.63247,1.00,2.10
2015.07.27 11:16:04.861,0.63221,0.63245,1.00,1.37
2015.07.27 11:16:04.962,0.63218,0.63246,1.87,1.87
2015.07.27 11:16:05.063,0.63218,0.63246,1.50,2.25
2015.07.27 11:16:05.625,0.63217,0.63244,1.12,1.37
2015.07.27 11:16:05.900,0.63217,0.63244,1.37,1.37
2015.07.27 11:16:06.302,0.63217,0.63245,1.37,1.37
2015.07.27 11:16:06.882,0.63217,0.63245,1.37,1.37
2015.07.27 11:16:07.164,0.6322,0.63246,1.37,1.37
2015.07.27 11:16:07.365,0.63217,0.63243,1.37,1.12
2015.07.27 11:16:07.611,0.63217,0.63245,1.12,1.37
2015.07.27 11:16:08.203,0.63217,0.63243,1.00,1.37
2015.07.27 11:16:08.603,0.63217,0.63245,1.37,1.87
2015.07.27 11:16:08.704,0.63217,0.63245,1.12,1.00
2015.07.27 11:16:08.806,0.6322,0.63248,1.00,1.37
2015.07.27 11:16:09.210,0.63222,0.6325,1.00,2.25
2015.07.27 11:16:09.311,0.63221,0.63249,1.00,1.35
2015.07.27 11:16:09.412,0.63219,0.63247,1.00,1.00
2015.07.27 11:16:10.189,0.63218,0.63246,1.37,1.50
2015.07.27 11:16:11.092,0.63218,0.63246,1.12,1.75
2015.07.27 11:16:11.718,0.63219,0.63245,1.00,1.75
2015.07.27 11:16:12.570,0.63218,0.63246,1.12,1.75
2015.07.27 11:16:12.621,0.63218,0.63246,1.00,1.50
2015.07.27 11:16:13.201,0.63218,0.63246,1.00,1.75
2015.07.27 11:16:13.459,0.63216,0.63244,1.00,1.50
2015.07.27 11:16:13.811,0.63217,0.63245,1.00,1.87
2015.07.27 11:16:13.912,0.63215,0.63243,1.00,1.37
2015.07.27 11:16:14.441,0.63215,0.63241,1.00,1.37
2015.07.27 11:16:15.120,0.63215,0.63241,1.00,1.37
2015.07.27 11:16:16.200,0.63214,0.63242,1.00,1.50
2015.07.27 11:16:16.715,0.63214,0.63242,1.00,1.75
2015.07.27 11:16:17.261,0.63213,0.63241,1.00,1.50
2015.07.27 11:16:17.650,0.63211,0.63239,1.00,1.50
2015.07.27 11:16:17.963,0.63213,0.63241,1.00,1.75
2015.07.27 11:16:19.620,0.63213,0.63242,1.00,1.75
2015.07.27 11:16:19.884,0.63215,0.63241,1.00,1.37
2015.07.27 11:16:19.934,0.63215,0.63241,1.12,1.37
2015.07.27 11:16:20.425,0.63215,0.63244,1.12,1.37
2015.07.27 11:16:20.626,0.63218,0.63244,1.00,1.37
2015.07.27 11:16:20.904,0.63214,0.63242,1.37,1.37
2015.07.27 11:16:20.955,0.63213,0.63239,1.00,1.37
2015.07.27 11:16:21.056,0.63211,0.63239,1.00,1.37
2015.07.27 11:16:21.628,0.6321,0.63238,1.00,1.75
2015.07.27 11:16:21.829,0.63209,0.63235,1.00,1.37
2015.07.27 11:16:22.376,0.63208,0.63235,1.00,1.37
2015.07.27 11:16:23.685,0.63207,0.63235,1.00,1.37
2015.07.27 11:16:23.935,0.63209,0.63235,1.00,1.37
2015.07.27 11:16:25.117,0.63208,0.63235,1.00,1.37
2015.07.27 11:16:26.451,0.63209,0.63237,1.00,2.25
2015.07.27 11:16:27.769,0.6321,0.63236,1.00,1.37
2015.07.27 11:16:28.574,0.6321,0.63236,1.00,1.50
2015.07.27 11:16:29.110,0.63209,0.63236,1.12,1.37
2015.07.27 11:16:30.452,0.63209,0.63236,1.37,1.37
2015.07.27 11:16:31.199,0.63211,0.63237,1.00,1.37
2015.07.27 11:16:31.711,0.6321,0.63238,1.87,1.50
2015.07.27 11:16:32.234,0.63211,0.63237,1.00,1.37
2015.07.27 11:16:32.743,0.6321,0.63237,1.00,1.37
2015.07.27 11:16:32.994,0.63213,0.63238,1.00,1.00
2015.07.27 11:16:33.088,0.63213,0.63241,1.50,2.47
2015.07.27 11:16:33.289,0.63211,0.63239,1.00,1.00
2015.07.27 11:16:33.869,0.6321,0.63238,1.00,1.00
2015.07.27 11:16:34.300,0.63212,0.63238,1.00,1.00
2015.07.27 11:16:34.401,0.63211,0.6324,1.00,1.00
2015.07.27 11:16:34.502,0.63211,0.6324,1.00,1.75
2015.07.27 11:16:35.069,0.63212,0.6324,1.00,1.75
2015.07.27 11:16:35.592,0.63211,0.63239,1.00,1.50
2015.07.27 11:16:35.911,0.63212,0.6324,1.00,1.75
2015.07.27 11:16:36.012,0.63212,0.6324,1.00,1.75
2015.07.27 11:16:36.571,0.63213,0.63241,1.00,2.85
2015.07.27 11:16:36.622,0.63213,0.63241,1.00,2.85
2015.07.27 11:16:37.235,0.63212,0.63241,1.50,2.10
2015.07.27 11:16:37.386,0.63215,0.63241,1.00,1.37
2015.07.27 11:16:37.987,0.63215,0.63241,1.00,2.25
2015.07.27 11:16:38.477,0.63217,0.63243,1.00,1.75
2015.07.27 11:16:38.891,0.63217,0.63243,1.00,1.75
2015.07.27 11:16:39.118,0.63215,0.6324,1.00,1.75
2015.07.27 11:16:40.011,0.63215,0.63241,1.00,1.50
2015.07.27 11:16:40.444,0.63217,0.63245,1.00,1.75
2015.07.27 11:16:41.631,0.63215,0.63243,1.00,1.75
2015.07.27 11:16:41.883,0.63213,0.63241,1.50,1.50
2015.07.27 11:16:42.034,0.63213,0.63237,1.00,1.35
2015.07.27 11:16:42.185,0.6321,0.63236,1.00,2.25
2015.07.27 11:16:42.317,0.63208,0.63236,1.00,2.25
2015.07.27 11:16:42.777,0.63206,0.63234,1.50,1.37
2015.07.27 11:16:42.928,0.63206,0.63234,1.50,1.75
2015.07.27 11:16:43.079,0.63204,0.63232,1.00,1.50
2015.07.27 11:16:43.944,0.63206,0.63232,1.50,1.37
2015.07.27 11:16:44.245,0.63206,0.63233,1.00,1.50
2015.07.27 11:16:44.346,0.63206,0.63232,1.00,1.37
2015.07.27 11:16:44.451,0.63208,0.63234,1.00,1.37
2015.07.27 11:16:45.036,0.63208,0.63236,1.00,1.37
2015.07.27 11:16:45.237,0.6321,0.63236,1.00,1.37
2015.07.27 11:16:45.749,0.63209,0.63237,1.50,1.37
2015.07.27 11:16:46.272,0.63209,0.63235,1.00,1.37
2015.07.27 11:16:47.053,0.6321,0.63236,1.00,1.37
2015.07.27 11:16:47.621,0.6321,0.63236,1.00,1.37
2015.07.27 11:16:47.789,0.63207,0.63236,1.50,1.37
2015.07.27 11:16:48.931,0.63208,0.63234,1.00,1.37
2015.07.27 11:16:49.458,0.63209,0.63235,1.00,1.37
2015.07.27 11:16:50.738,0.63209,0.63236,1.00,1.75
2015.07.27 11:16:50.789,0.63207,0.63234,1.00,1.50
2015.07.27 11:16:52.524,0.63207,0.63235,1.50,1.37
2015.07.27 11:16:53.724,0.63207,0.63233,1.00,1.37
2015.07.27 11:16:54.001,0.63206,0.63233,1.00,1.37
2015.07.27 11:16:54.505,0.63207,0.63233,1.50,1.37
2015.07.27 11:16:55.202,0.63207,0.63233,1.50,1.37
2015.07.27 11:16:55.766,0.63207,0.63235,1.00,1.37
2015.07.27 11:16:57.257,0.63208,0.63236,1.00,1.37
2015.07.27 11:16:57.779,0.63209,0.63237,1.00,1.37
2015.07.27 11:16:58.974,0.63209,0.63237,1.00,1.50
2015.07.27 11:16:59.581,0.63209,0.63237,1.00,1.37
2015.07.27 11:17:00.378,0.63209,0.63237,1.00,1.75
2015.07.27 11:17:03.188,0.6321,0.63236,1.00,1.50
2015.07.27 11:17:03.770,0.63209,0.63237,1.00,1.75
2015.07.27 11:17:04.349,0.63208,0.63236,1.12,1.50
2015.07.27 11:17:04.670,0.63208,0.63236,1.37,1.50
2015.07.27 11:17:08.330,0.6321,0.63236,1.87,1.00
2015.07.27 11:17:08.383,0.63212,0.63238,1.00,1.12
2015.07.27 11:17:08.685,0.63217,0.63243,1.00,1.72
2015.07.27 11:17:08.735,0.63218,0.63244,1.00,1.60
2015.07.27 11:17:08.836,0.63218,0.63245,1.00,1.00
2015.07.27 11:17:09.359,0.63219,0.63246,1.00,1.12
2015.07.27 11:17:09.605,0.63219,0.63246,1.00,1.50
2015.07.27 11:17:10.234,0.63218,0.63246,1.00,2.25
2015.07.27 11:17:13.972,0.63218,0.63246,1.00,2.25
2015.07.27 11:17:14.473,0.63219,0.63246,1.00,1.37
2015.07.27 11:17:15.024,0.63218,0.63245,1.00,1.37
2015.07.27 11:17:15.576,0.63218,0.63245,1.00,1.37
2015.07.27 11:17:16.079,0.63217,0.63243,1.00,1.37
2015.07.27 11:17:16.610,0.63219,0.63245,1.00,1.87
2015.07.27 11:17:17.782,0.63219,0.63245,1.00,2.25
2015.07.27 11:17:18.283,0.63219,0.63243,1.00,1.37
2015.07.27 11:17:21.490,0.63219,0.63243,1.00,1.37
2015.07.27 11:17:21.792,0.63216,0.63243,1.00,1.37
2015.07.27 11:17:22.342,0.63217,0.63243,1.00,1.37
2015.07.27 11:17:22.990,0.63217,0.63245,1.37,2.25
2015.07.27 11:17:24.202,0.63219,0.63245,1.00,1.50
2015.07.27 11:17:24.404,0.63219,0.63245,1.00,1.75
2015.07.27 11:17:24.555,0.63217,0.63242,1.00,1.37
2015.07.27 11:17:24.706,0.63216,0.63241,1.00,1.50
2015.07.27 11:17:25.367,0.63215,0.63241,1.00,1.50
2015.07.27 11:17:26.598,0.63215,0.63241,1.00,1.37
2015.07.27 11:17:27.139,0.63216,0.63241,1.00,1.37
2015.07.27 11:17:27.244,0.63216,0.63239,1.00,1.37
2015.07.27 11:17:27.295,0.63211,0.63239,1.37,1.87
2015.07.27 11:17:27.345,0.63211,0.63239,1.00,2.25
2015.07.27 11:17:27.682,0.63213,0.63238,1.00,1.50
2015.07.27 11:17:28.278,0.63212,0.63239,1.00,1.75
2015.07.27 11:17:29.048,0.63213,0.63239,1.00,1.75
2015.07.27 11:17:31.494,0.63211,0.63236,1.00,1.37
2015.07.27 11:17:31.663,0.63211,0.63237,1.00,1.75
2015.07.27 11:17:32.250,0.63213,0.63238,1.00,1.75
2015.07.27 11:17:32.777,0.63212,0.63238,1.00,1.75
2015.07.27 11:17:33.921,0.63211,0.63237,1.00,1.75
2015.07.27 11:17:37.067,0.63212,0.63238,1.00,2.25
2015.07.27 11:17:38.091,0.63211,0.63238,1.00,1.75
2015.07.27 11:17:39.482,0.6321,0.63236,1.00,1.37
2015.07.27 11:17:40.074,0.63209,0.63237,1.00,1.50
2015.07.27 11:17:40.973,0.63209,0.63236,1.00,1.50
2015.07.27 11:17:41.781,0.63209,0.63237,1.00,1.50
2015.07.27 11:17:42.112,0.63211,0.63237,1.00,1.50
2015.07.27 11:17:42.663,0.6321,0.63238,1.00,1.75
2015.07.27 11:17:43.053,0.63212,0.63238,1.00,2.25
2015.07.27 11:17:44.118,0.63211,0.63239,1.00,2.25
2015.07.27 11:17:44.663,0.63212,0.63238,1.00,1.50
2015.07.27 11:17:45.219,0.63211,0.63239,1.00,2.25
2015.07.27 11:17:45.872,0.63209,0.63237,1.12,1.37
2015.07.27 11:17:45.973,0.63211,0.63235,1.00,1.37
2015.07.27 11:17:46.330,0.63209,0.63235,1.12,1.37
2015.07.27 11:17:46.602,0.63212,0.63236,1.00,1.37
2015.07.27 11:17:47.178,0.63211,0.63236,1.00,1.37
2015.07.27 11:17:48.714,0.63212,0.63238,1.00,1.75
2015.07.27 11:17:48.908,0.63209,0.63237,1.00,1.50
2015.07.27 11:17:49.112,0.63209,0.63235,1.00,1.50
2015.07.27 11:17:49.434,0.63208,0.63234,1.00,1.75
2015.07.27 11:17:49.485,0.63206,0.63234,1.00,1.75
2015.07.27 11:17:49.636,0.63204,0.63232,1.00,1.37
2015.07.27 11:17:50.287,0.63206,0.63232,1.00,1.37
2015.07.27 11:17:52.889,0.63205,0.63233,1.00,1.50
2015.07.27 11:17:53.040,0.63202,0.6323,1.87,1.37
2015.07.27 11:17:53.443,0.63205,0.63233,1.00,1.50
2015.07.27 11:17:53.946,0.63206,0.63232,1.00,1.37
2015.07.27 11:17:54.318,0.63204,0.63232,1.00,1.37
2015.07.27 11:17:54.697,0.63206,0.63232,1.00,1.37
2015.07.27 11:17:55.198,0.63205,0.63233,1.00,1.50
2015.07.27 11:17:55.747,0.63207,0.63233,1.00,1.50
2015.07.27 11:17:58.073,0.63205,0.63233,1.00,1.50
2015.07.27 11:17:58.937,0.63205,0.63233,1.00,1.37
2015.07.27 11:17:59.457,0.63206,0.63233,1.00,1.37
2015.07.27 11:18:01.813,0.63205,0.63233,1.50,1.37
2015.07.27 11:18:02.496,0.63206,0.63234,1.00,1.50
2015.07.27 11:18:04.629,0.63206,0.63232,1.00,1.37
2015.07.27 11:18:06.423,0.63205,0.63233,1.00,1.37
2015.07.27 11:18:07.039,0.63206,0.63234,1.00,1.37
2015.07.27 11:18:07.353,0.63206,0.63234,1.00,1.50
2015.07.27 11:18:07.878,0.63205,0.63233,1.50,1.37
2015.07.27 11:18:09.058,0.63206,0.63234,1.00,1.50
2015.07.27 11:18:10.047,0.63205,0.63233,1.00,1.37
2015.07.27 11:18:10.585,0.63205,0.63233,1.00,1.37
2015.07.27 11:18:12.359,0.63206,0.63234,1.00,1.37
2015.07.27 11:18:13.160,0.63207,0.63234,1.00,1.37
2015.07.27 11:18:13.944,0.63206,0.63234,1.00,1.37
2015.07.27 11:18:14.940,0.63206,0.63234,1.00,1.37
2015.07.27 11:18:15.244,0.63201,0.63228,1.00,1.35
2015.07.27 11:18:15.597,0.63199,0.63227,1.12,1.72
2015.07.27 11:18:16.360,0.63199,0.63225,1.00,1.37
2015.07.27 11:18:17.062,0.63197,0.63225,1.87,1.37
2015.07.27 11:18:17.655,0.63198,0.63226,1.00,1.37
2015.07.27 11:18:18.519,0.63199,0.63225,1.00,1.37
2015.07.27 11:18:19.837,0.63197,0.63225,1.12,1.37
2015.07.27 11:18:20.827,0.63199,0.63225,1.00,1.37
2015.07.27 11:18:22.164,0.63199,0.63224,1.00,1.12
2015.07.27 11:18:22.698,0.63199,0.63227,1.37,1.00
2015.07.27 11:18:22.749,0.63203,0.6323,1.00,1.37
2015.07.27 11:18:23.318,0.63204,0.6323,1.00,1.37
2015.07.27 11:18:23.820,0.63205,0.63231,1.00,1.37
2015.07.27 11:18:24.580,0.63204,0.63231,1.00,1.37
2015.07.27 11:18:25.508,0.63204,0.63231,1.00,1.12
2015.07.27 11:18:25.825,0.63206,0.63233,1.00,1.87
2015.07.27 11:18:26.399,0.63207,0.63235,1.00,1.87
2015.07.27 11:18:27.008,0.63207,0.63235,1.00,2.25
2015.07.27 11:18:27.330,0.63209,0.63234,1.00,1.37
2015.07.27 11:18:28.217,0.63208,0.63235,1.00,1.50
2015.07.27 11:18:28.778,0.63209,0.63235,1.00,1.50
2015.07.27 11:18:29.313,0.63208,0.63235,1.00,1.37
2015.07.27 11:18:30.151,0.63208,0.63236,1.00,1.87
2015.07.27 11:18:30.337,0.63211,0.63236,1.00,1.87
2015.07.27 11:18:30.657,0.63207,0.63233,1.00,1.75
2015.07.27 11:18:30.858,0.63205,0.6323,1.00,1.37
2015.07.27 11:18:30.919,0.63205,0.6323,1.00,1.50
2015.07.27 11:18:31.731,0.63205,0.63232,1.00,1.50
2015.07.27 11:18:31.832,0.63208,0.63233,1.00,1.50
2015.07.27 11:18:32.184,0.63206,0.63228,1.00,1.12
2015.07.27 11:18:32.741,0.63205,0.63228,1.00,1.12
2015.07.27 11:18:32.946,0.63207,0.63228,1.00,1.00
2015.07.27 11:18:33.327,0.63209,0.63228,1.00,1.00
2015.07.27 11:18:35.151,0.63208,0.63228,1.00,1.00
2015.07.27 11:18:36.337,0.63206,0.63228,1.00,1.00
2015.07.27 11:18:36.856,0.63207,0.63228,1.00,1.00
2015.07.27 11:18:37.108,0.63209,0.63228,1.00,1.00
2015.07.27 11:18:38.123,0.63208,0.63228,1.00,1.00
2015.07.27 11:18:38.781,0.63208,0.6323,1.00,1.00
2015.07.27 11:18:39.108,0.6321,0.6323,1.00,1.00
2015.07.27 11:18:40.315,0.63209,0.6323,1.00,1.00
2015.07.27 11:18:41.188,0.6321,0.6323,1.00,1.00
2015.07.27 11:18:41.704,0.63209,0.6323,1.00,1.00
2015.07.27 11:18:43.286,0.6321,0.6323,1.00,1.00
2015.07.27 11:18:43.824,0.63209,0.63234,1.00,1.37
2015.07.27 11:18:44.477,0.63208,0.63234,1.00,1.37
2015.07.27 11:18:45.027,0.63209,0.63234,1.00,1.37
2015.07.27 11:18:45.995,0.63209,0.63234,1.00,1.37
2015.07.27 11:18:46.246,0.63206,0.63232,1.00,1.37
2015.07.27 11:18:46.731,0.63205,0.63233,1.12,1.37
2015.07.27 11:18:46.832,0.63207,0.63232,1.00,1.37
2015.07.27 11:18:47.383,0.63206,0.63233,1.00,1.87
2015.07.27 11:18:47.448,0.63204,0.63232,1.12,1.37
2015.07.27 11:18:47.570,0.63204,0.6323,1.00,1.37
2015.07.27 11:18:47.948,0.63205,0.6323,1.00,1.37
2015.07.27 11:18:50.242,0.63204,0.6323,1.00,1.87
2015.07.27 11:18:50.767,0.63203,0.6323,1.12,1.37
2015.07.27 11:18:51.746,0.63203,0.6323,1.00,1.37
2015.07.27 11:18:52.247,0.63203,0.63231,1.37,1.97
2015.07.27 11:18:52.563,0.63199,0.63225,1.12,1.50
2015.07.27 11:18:52.944,0.63199,0.63227,1.12,2.25
2015.07.27 11:18:53.450,0.63199,0.63227,1.00,2.25
2015.07.27 11:18:53.951,0.63198,0.63224,1.00,2.10
2015.07.27 11:18:54.153,0.63194,0.63222,1.00,1.72
2015.07.27 11:18:54.203,0.63197,0.63225,1.00,3.97
2015.07.27 11:18:54.571,0.63197,0.63225,1.00,1.37
2015.07.27 11:18:54.722,0.632,0.63226,1.00,1.37
2015.07.27 11:18:55.156,0.63202,0.63227,1.00,2.25
2015.07.27 11:18:55.586,0.632,0.63228,1.00,1.75
2015.07.27 11:18:56.136,0.63201,0.63228,1.00,1.50
2015.07.27 11:18:56.631,0.63202,0.63228,1.00,1.37
2015.07.27 11:18:56.861,0.63202,0.6323,1.00,2.25
2015.07.27 11:18:59.008,0.63203,0.63228,1.00,1.50
2015.07.27 11:18:59.108,0.63201,0.63229,1.00,1.75
2015.07.27 11:18:59.568,0.63203,0.6323,1.00,2.25
2015.07.27 11:18:59.889,0.63201,0.63229,1.00,1.50
2015.07.27 11:19:00.861,0.632,0.63226,1.00,1.50
2015.07.27 11:19:01.377,0.63201,0.63226,1.00,1.37
2015.07.27 11:19:01.428,0.63199,0.63226,1.00,1.37
2015.07.27 11:19:01.800,0.632,0.63226,1.00,1.50
2015.07.27 11:19:01.850,0.632,0.63226,1.00,1.37
2015.07.27 11:19:02.002,0.63203,0.63226,1.00,1.37
2015.07.27 11:19:02.111,0.63201,0.63226,1.00,1.37
2015.07.27 11:19:02.212,0.63199,0.63224,1.00,1.37
2015.07.27 11:19:02.730,0.63199,0.63224,1.00,1.00
2015.07.27 11:19:03.233,0.632,0.63224,1.00,1.37
2015.07.27 11:19:03.838,0.63199,0.63226,1.00,1.37
2015.07.27 11:19:04.784,0.63199,0.63226,1.12,1.37
2015.07.27 11:19:04.835,0.63201,0.63226,1.00,1.37
2015.07.27 11:19:05.286,0.632,0.63227,1.00,1.87
2015.07.27 11:19:05.537,0.63202,0.63229,1.00,1.37
2015.07.27 11:19:05.588,0.63202,0.63229,1.00,1.37
2015.07.27 11:19:05.639,0.63204,0.63231,1.00,2.62
2015.07.27 11:19:06.092,0.63206,0.63232,1.00,1.87
2015.07.27 11:19:06.193,0.63204,0.63231,1.00,1.37
2015.07.27 11:19:06.741,0.63205,0.6323,1.00,1.37
2015.07.27 11:19:08.486,0.63204,0.63231,1.12,1.37
2015.07.27 11:19:09.809,0.63203,0.6323,1.00,1.00
2015.07.27 11:19:10.219,0.63206,0.63234,1.00,1.37
2015.07.27 11:19:10.802,0.63207,0.63235,1.12,1.37
2015.07.27 11:19:14.774,0.63207,0.63235,1.00,2.25
2015.07.27 11:19:17.919,0.63206,0.63233,1.00,1.37
2015.07.27 11:19:20.724,0.63206,0.63233,1.00,1.37
2015.07.27 11:19:21.026,0.63204,0.63232,1.37,2.25
2015.07.27 11:19:21.077,0.63204,0.63232,1.00,1.50
2015.07.27 11:19:21.217,0.63206,0.63231,1.00,1.00
2015.07.27 11:19:21.268,0.63206,0.63233,1.00,1.00
2015.07.27 11:19:21.738,0.63206,0.63233,1.00,1.50
2015.07.27 11:19:22.129,0.63203,0.63231,1.00,1.37
2015.07.27 11:19:22.179,0.63203,0.63231,1.00,1.50
2015.07.27 11:19:22.681,0.63202,0.6323,1.00,1.37
2015.07.27 11:19:23.002,0.632,0.63228,1.00,1.37
2015.07.27 11:19:24.274,0.632,0.63228,1.00,1.50
2015.07.27 11:19:24.777,0.632,0.63228,1.00,1.37
2015.07.27 11:19:25.304,0.63199,0.63227,1.00,1.37
2015.07.27 11:19:26.944,0.63201,0.63224,1.00,1.12
2015.07.27 11:19:28.689,0.63201,0.63224,1.00,1.37
2015.07.27 11:19:29.205,0.632,0.63226,1.00,1.87
2015.07.27 11:19:30.405,0.632,0.63226,1.00,1.37
2015.07.27 11:19:30.987,0.63199,0.63225,1.00,1.37
2015.07.27 11:19:31.621,0.63197,0.63225,1.12,1.37
2015.07.27 11:19:33.205,0.63198,0.63225,1.00,1.37
2015.07.27 11:19:33.330,0.63198,0.63219,1.00,1.67
2015.07.27 11:19:33.431,0.63192,0.63219,1.12,1.35
2015.07.27 11:19:33.733,0.63192,0.63218,1.00,1.37
2015.07.27 11:19:34.135,0.6319,0.63218,1.00,1.87
2015.07.27 11:19:34.206,0.6319,0.63218,1.00,1.87
2015.07.27 11:19:34.715,0.63191,0.63218,1.00,1.87
2015.07.27 11:19:34.816,0.63191,0.63218,1.00,2.25
2015.07.27 11:19:35.342,0.63192,0.63218,1.00,1.50
2015.07.27 11:19:36.398,0.63193,0.63218,1.00,1.50
2015.07.27 11:19:36.615,0.63193,0.63218,1.00,1.37
2015.07.27 11:19:36.817,0.63194,0.63222,1.00,1.37
2015.07.27 11:19:36.867,0.63196,0.63221,1.00,1.37
2015.07.27 11:19:37.343,0.63195,0.63223,1.00,2.25
2015.07.27 11:19:38.175,0.63196,0.63222,1.00,1.50
2015.07.27 11:19:39.916,0.63195,0.63223,1.00,2.25
2015.07.27 11:19:40.329,0.63196,0.63221,1.00,2.25
2015.07.27 11:19:40.379,0.63194,0.6322,1.00,2.25
2015.07.27 11:19:40.931,0.63193,0.6322,1.00,2.85
2015.07.27 11:19:41.133,0.63191,0.63218,1.00,2.25
2015.07.27 11:19:41.384,0.63189,0.63215,1.00,1.87
2015.07.27 11:19:41.897,0.63188,0.63214,1.00,1.37
2015.07.27 11:19:42.556,0.63188,0.63215,1.00,1.37
2015.07.27 11:19:43.252,0.63188,0.63215,1.00,1.50
2015.07.27 11:19:43.352,0.63186,0.63214,1.00,1.50
2015.07.27 11:19:43.887,0.63185,0.63211,1.00,1.37
2015.07.27 11:19:44.470,0.63185,0.63211,1.00,1.37
2015.07.27 11:19:44.975,0.63184,0.63212,1.00,1.37
2015.07.27 11:19:47.303,0.63185,0.63211,1.00,1.37
2015.07.27 11:19:47.804,0.63185,0.63213,1.00,1.37
2015.07.27 11:19:48.105,0.63188,0.63214,1.00,1.87
2015.07.27 11:19:48.645,0.63188,0.63214,1.00,1.87
2015.07.27 11:19:48.746,0.63186,0.63214,1.00,1.87
2015.07.27 11:19:48.847,0.63188,0.63215,1.00,1.37
2015.07.27 11:19:49.359,0.63189,0.63216,1.00,1.50
2015.07.27 11:19:49.409,0.63189,0.63216,1.00,1.37
2015.07.27 11:19:50.412,0.63192,0.63217,1.00,2.47
2015.07.27 11:19:50.963,0.63193,0.63219,1.00,1.50
2015.07.27 11:19:51.469,0.63194,0.63219,1.00,2.25
2015.07.27 11:19:51.799,0.63192,0.63219,1.00,1.50
2015.07.27 11:19:52.345,0.63191,0.63219,1.00,2.25
2015.07.27 11:19:53.336,0.63192,0.63218,1.00,1.37
2015.07.27 11:19:54.040,0.63192,0.63217,1.00,1.12
2015.07.27 11:19:54.674,0.63193,0.63221,1.00,1.37
2015.07.27 11:19:55.015,0.63193,0.63221,1.00,2.25
2015.07.27 11:19:55.427,0.63191,0.63219,1.00,1.37
2015.07.27 11:19:55.929,0.6319,0.63218,1.50,1.37
2015.07.27 11:19:56.257,0.6319,0.63218,1.87,1.12
2015.07.27 11:19:56.458,0.63194,0.6322,1.00,1.00
2015.07.27 11:19:56.780,0.63196,0.63223,1.00,1.37
2015.07.27 11:19:57.288,0.63197,0.63223,1.00,1.37
2015.07.27 11:19:58.025,0.63198,0.63224,1.00,1.37
2015.07.27 11:19:59.726,0.63196,0.63224,1.00,1.37
2015.07.27 11:20:00.767,0.63196,0.63224,1.00,1.37
2015.07.27 11:20:01.326,0.63196,0.63222,1.00,1.37
2015.07.27 11:20:01.724,0.63198,0.63223,1.00,1.37
2015.07.27 11:20:02.699,0.63197,0.63224,1.00,1.37
2015.07.27 11:20:03.203,0.63197,0.63224,1.00,1.37
2015.07.27 11:20:03.730,0.63198,0.63224,1.00,1.37
2015.07.27 11:20:05.788,0.63197,0.63225,1.00,1.37
2015.07.27 11:20:07.159,0.63198,0.63226,1.00,1.37
2015.07.27 11:20:07.209,0.63201,0.63227,1.00,1.72
2015.07.27 11:20:07.674,0.63199,0.63227,1.00,1.72
2015.07.27 11:20:07.826,0.63199,0.63226,1.00,1.37
2015.07.27 11:20:08.969,0.63198,0.63226,1.00,1.87
2015.07.27 11:20:09.287,0.632,0.63226,1.00,1.87
2015.07.27 11:20:11.174,0.63198,0.63226,1.00,1.87
2015.07.27 11:20:11.705,0.63198,0.63226,1.00,1.87
2015.07.27 11:20:12.317,0.63198,0.63224,1.00,1.37
2015.07.27 11:20:14.688,0.63197,0.63225,1.00,1.37
2015.07.27 11:20:15.235,0.63198,0.63224,1.00,1.37
2015.07.27 11:20:15.780,0.63199,0.63225,1.00,1.37
2015.07.27 11:20:16.538,0.63199,0.63225,1.00,1.37
2015.07.27 11:20:17.440,0.63199,0.63225,1.00,1.37
2015.07.27 11:20:18.040,0.63198,0.63226,1.12,1.87
2015.07.27 11:20:19.080,0.63199,0.63226,1.00,1.37
2015.07.27 11:20:19.305,0.63198,0.63226,1.00,2.25
2015.07.27 11:20:19.840,0.63197,0.63225,1.00,1.37
2015.07.27 11:20:20.424,0.63197,0.63225,1.00,1.37
2015.07.27 11:20:20.849,0.63199,0.63224,1.00,1.37
2015.07.27 11:20:21.460,0.63199,0.63224,1.00,1.37
2015.07.27 11:20:21.990,0.63198,0.63225,1.00,1.37
2015.07.27 11:20:22.525,0.63197,0.63225,1.00,1.87
2015.07.27 11:20:24.810,0.63198,0.63225,1.00,1.37
2015.07.27 11:20:25.315,0.63199,0.63225,1.00,1.37
2015.07.27 11:20:27.669,0.63198,0.63225,1.00,1.37
2015.07.27 11:20:28.559,0.632,0.63225,1.00,1.87
2015.07.27 11:20:29.121,0.63199,0.63225,1.00,1.37
2015.07.27 11:20:30.631,0.63198,0.63225,1.00,1.37
2015.07.27 11:20:31.137,0.63197,0.63225,1.00,1.87
2015.07.27 11:20:33.388,0.63198,0.63225,1.00,1.37
2015.07.27 11:20:33.739,0.63201,0.63225,1.00,1.37
2015.07.27 11:20:34.367,0.632,0.63227,1.00,1.37
2015.07.27 11:20:34.880,0.63201,0.63226,1.00,1.37
2015.07.27 11:20:35.569,0.632,0.63227,1.00,1.37
2015.07.27 11:20:36.677,0.63199,0.63226,1.00,1.37
2015.07.27 11:20:37.827,0.63199,0.63225,1.00,1.37
2015.07.27 11:20:38.028,0.63197,0.63225,1.00,1.87
2015.07.27 11:20:46.768,0.63197,0.63225,1.00,2.25
2015.07.27 11:20:46.934,0.63197,0.63225,1.00,1.87
2015.07.27 11:20:47.035,0.63196,0.63224,1.12,1.37
2015.07.27 11:20:47.597,0.63197,0.63223,1.00,1.37
2015.07.27 11:20:48.257,0.63198,0.63224,1.00,1.37
2015.07.27 11:20:51.937,0.63198,0.63224,1.00,1.75
2015.07.27 11:20:54.658,0.63196,0.63222,1.00,1.37
2015.07.27 11:20:55.346,0.63196,0.63222,1.00,1.37
2015.07.27 11:21:01.961,0.63196,0.63222,1.00,1.00
2015.07.27 11:21:02.062,0.63197,0.63225,1.00,1.87
2015.07.27 11:21:02.113,0.63199,0.63225,1.00,1.87
2015.07.27 11:21:02.462,0.632,0.63225,1.00,1.37
2015.07.27 11:21:03.546,0.63199,0.63227,1.50,2.25
2015.07.27 11:21:04.317,0.63201,0.63227,1.00,2.25
2015.07.27 11:21:04.969,0.632,0.63226,1.00,1.37
2015.07.27 11:21:05.265,0.632,0.63226,1.00,1.37
2015.07.27 11:21:05.366,0.63199,0.63226,1.00,1.50
2015.07.27 11:21:05.468,0.63197,0.63225,1.00,1.37
2015.07.27 11:21:05.568,0.63199,0.63221,1.00,1.30
2015.07.27 11:21:05.770,0.63195,0.63221,1.37,1.30
2015.07.27 11:21:05.871,0.63199,0.63226,1.00,1.37
2015.07.27 11:21:06.778,0.63201,0.63227,1.00,1.87
2015.07.27 11:21:07.329,0.632,0.63228,1.00,1.37
2015.07.27 11:21:08.532,0.63201,0.63229,1.00,2.25
2015.07.27 11:21:09.377,0.63202,0.63227,1.00,1.37
2015.07.27 11:21:09.505,0.632,0.63228,1.00,1.37
2015.07.27 11:21:09.935,0.63202,0.63228,1.00,1.37
2015.07.27 11:21:10.282,0.63201,0.63228,1.00,1.75
2015.07.27 11:21:10.788,0.632,0.63227,1.00,1.50
2015.07.27 11:21:11.141,0.63198,0.63226,1.00,2.25
2015.07.27 11:21:11.677,0.63199,0.63226,1.00,1.50
2015.07.27 11:21:12.233,0.63198,0.63226,1.00,1.50
2015.07.27 11:21:12.944,0.63199,0.63224,1.00,1.37
2015.07.27 11:21:12.994,0.63199,0.63224,1.00,1.37
2015.07.27 11:21:13.422,0.63198,0.63223,1.00,1.37
2015.07.27 11:21:14.013,0.63198,0.63224,1.00,1.87
2015.07.27 11:21:14.558,0.63197,0.63224,1.00,2.25
2015.07.27 11:21:15.088,0.63196,0.63224,1.00,2.25
2015.07.27 11:21:16.803,0.63196,0.63224,1.00,2.25
2015.07.27 11:21:17.367,0.63196,0.63222,1.00,1.50
2015.07.27 11:21:17.906,0.63196,0.63221,1.00,1.50
2015.07.27 11:21:18.007,0.63194,0.63221,1.00,1.75
2015.07.27 11:21:19.169,0.63193,0.63221,1.00,1.75
2015.07.27 11:21:19.536,0.63191,0.63219,1.00,1.50
2015.07.27 11:21:19.950,0.63191,0.63219,1.00,1.37
2015.07.27 11:21:20.524,0.63192,0.6322,1.00,1.37
2015.07.27 11:21:21.040,0.63193,0.63221,1.00,1.50
2015.07.27 11:21:21.550,0.63193,0.63221,1.00,1.37
2015.07.27 11:21:21.819,0.63194,0.6322,1.00,1.50
2015.07.27 11:21:22.121,0.63194,0.6322,1.00,1.37
2015.07.27 11:21:22.172,0.63192,0.6322,1.00,1.37
2015.07.27 11:21:22.429,0.63192,0.6322,1.00,1.50
2015.07.27 11:21:23.024,0.63193,0.63219,1.00,1.37
2015.07.27 11:21:24.930,0.63192,0.6322,1.00,1.37
2015.07.27 11:21:25.633,0.63192,0.6322,1.00,1.37
2015.07.27 11:21:26.039,0.63195,0.63221,1.00,1.37
2015.07.27 11:21:26.536,0.63194,0.6322,1.00,1.37
2015.07.27 11:21:26.587,0.63192,0.6322,1.00,1.37
2015.07.27 11:21:27.092,0.63192,0.6322,1.00,1.37
2015.07.27 11:21:29.043,0.63192,0.6322,1.00,1.37
2015.07.27 11:21:29.547,0.63191,0.63219,1.00,1.87
2015.07.27 11:21:30.098,0.6319,0.63219,1.00,1.87
2015.07.27 11:21:30.649,0.63191,0.63217,1.00,1.37
2015.07.27 11:21:31.705,0.63192,0.63218,1.00,1.37
2015.07.27 11:21:32.097,0.6319,0.63219,1.00,1.87
2015.07.27 11:21:32.625,0.63192,0.63218,1.00,1.37
2015.07.27 11:21:32.944,0.63189,0.63215,1.00,1.37
2015.07.27 11:21:33.096,0.63189,0.63218,1.12,1.37
2015.07.27 11:21:33.146,0.63192,0.6322,1.00,1.50
2015.07.27 11:21:33.297,0.63192,0.6322,1.00,1.37
2015.07.27 11:21:33.814,0.63192,0.63218,1.00,1.37
2015.07.27 11:21:34.160,0.6319,0.63218,1.12,1.37
2015.07.27 11:21:39.422,0.63191,0.63219,1.00,1.37
2015.07.27 11:21:40.065,0.63192,0.6322,1.00,1.50
2015.07.27 11:21:40.606,0.63193,0.63219,1.00,1.37
2015.07.27 11:21:41.026,0.63193,0.63219,1.00,1.37
2015.07.27 11:21:41.549,0.63194,0.63221,1.00,1.37
2015.07.27 11:21:41.650,0.63196,0.63221,1.00,1.37
2015.07.27 11:21:41.801,0.63195,0.63221,1.50,1.12
2015.07.27 11:21:42.013,0.63196,0.63224,1.00,1.35
2015.07.27 11:21:42.064,0.63199,0.63225,1.00,1.60
2015.07.27 11:21:42.627,0.632,0.63225,1.00,2.47
2015.07.27 11:21:42.831,0.63198,0.63225,1.00,2.10
2015.07.27 11:21:43.365,0.63197,0.63225,1.00,2.85
2015.07.27 11:21:43.476,0.632,0.63225,1.00,2.85
2015.07.27 11:21:44.578,0.63198,0.63225,1.00,2.10
2015.07.27 11:21:45.088,0.63199,0.63225,1.00,2.10
2015.07.27 11:21:46.540,0.63199,0.63225,1.00,1.97
2015.07.27 11:21:47.531,0.63199,0.63225,1.00,2.10
2015.07.27 11:21:48.060,0.63199,0.63223,1.00,1.37
2015.07.27 11:21:48.569,0.63198,0.63224,1.00,2.85
2015.07.27 11:21:48.898,0.63198,0.63224,1.00,2.85
2015.07.27 11:21:49.149,0.63198,0.63222,1.00,1.37
2015.07.27 11:21:49.770,0.63197,0.63222,1.00,1.37
2015.07.27 11:21:50.297,0.63196,0.63222,1.00,1.50
2015.07.27 11:21:50.807,0.63197,0.63222,1.00,1.50
2015.07.27 11:21:51.350,0.63197,0.63222,1.00,1.37
2015.07.27 11:21:51.451,0.63197,0.63224,1.00,1.72
2015.07.27 11:21:51.556,0.63199,0.63224,1.00,1.72
2015.07.27 11:21:51.657,0.63197,0.63224,1.00,1.72
2015.07.27 11:21:52.206,0.63198,0.63224,1.00,1.72
2015.07.27 11:21:52.458,0.63197,0.63224,1.00,2.10
2015.07.27 11:21:53.863,0.63198,0.63224,1.00,2.85
2015.07.27 11:21:53.964,0.63198,0.63225,1.00,2.10
2015.07.27 11:21:54.066,0.632,0.63225,1.00,1.97
2015.07.27 11:21:54.766,0.632,0.63225,1.00,2.10
2015.07.27 11:21:55.268,0.63201,0.63225,1.00,2.10
2015.07.27 11:21:57.006,0.63198,0.63223,1.00,1.37
2015.07.27 11:21:57.885,0.63197,0.63225,1.00,2.85
2015.07.27 11:21:58.525,0.63198,0.63225,1.00,2.10
2015.07.27 11:22:01.077,0.632,0.63225,1.00,2.85
2015.07.27 11:22:01.845,0.63199,0.63225,1.00,2.85
2015.07.27 11:22:02.535,0.63198,0.63223,1.00,1.75
2015.07.27 11:22:02.835,0.63196,0.63223,1.00,2.10
2015.07.27 11:22:03.339,0.63197,0.63223,1.00,2.10
2015.07.27 11:22:04.292,0.63197,0.63223,1.00,2.10
2015.07.27 11:22:06.932,0.63197,0.63223,1.00,1.72
2015.07.27 11:22:07.033,0.63199,0.63225,1.00,1.97
2015.07.27 11:22:07.837,0.63199,0.63224,1.00,1.35
2015.07.27 11:22:08.352,0.63198,0.63224,1.00,1.35
2015.07.27 11:22:10.693,0.63197,0.63224,1.00,2.10
2015.07.27 11:22:12.312,0.63198,0.63224,1.00,2.10
2015.07.27 11:22:14.397,0.63199,0.63224,1.00,1.97
2015.07.27 11:22:14.498,0.63202,0.63224,1.00,1.97
2015.07.27 11:22:14.699,0.63202,0.63228,1.00,1.97
2015.07.27 11:22:14.801,0.63202,0.63229,1.00,1.37
2015.07.27 11:22:14.957,0.63204,0.6323,1.00,1.72
2015.07.27 11:22:15.313,0.63202,0.6323,1.00,2.85
2015.07.27 11:22:15.414,0.63204,0.6323,1.00,2.10
2015.07.27 11:22:15.960,0.63206,0.6323,1.00,1.72
2015.07.27 11:22:17.883,0.63206,0.63232,1.00,1.97
2015.07.27 11:22:18.894,0.63208,0.63232,1.00,1.97
2015.07.27 11:22:19.239,0.63206,0.63232,1.00,1.97
2015.07.27 11:22:19.778,0.63207,0.63232,1.00,1.97
2015.07.27 11:22:20.295,0.63206,0.63232,1.00,2.10
2015.07.27 11:22:20.627,0.63205,0.6323,1.00,1.35
2015.07.27 11:22:20.987,0.63203,0.6323,1.00,1.35
2015.07.27 11:22:22.184,0.63203,0.6323,1.00,2.10
2015.07.27 11:22:24.917,0.63204,0.6323,1.00,2.10
2015.07.27 11:22:25.709,0.63204,0.6323,1.00,1.72
2015.07.27 11:22:26.247,0.63203,0.6323,1.00,1.72
2015.07.27 11:22:26.616,0.63202,0.63228,1.00,1.37
2015.07.27 11:22:27.013,0.632,0.63228,1.00,1.87
2015.07.27 11:22:27.519,0.63199,0.63227,1.00,1.37
2015.07.27 11:22:28.115,0.632,0.63226,1.00,1.37
2015.07.27 11:22:31.974,0.63201,0.63227,1.00,1.37
2015.07.27 11:22:32.487,0.632,0.63228,1.00,1.87
2015.07.27 11:22:34.717,0.63201,0.63227,1.00,1.37
2015.07.27 11:22:35.688,0.63199,0.63227,1.50,1.37
2015.07.27 11:22:35.740,0.63199,0.63227,1.50,1.50
2015.07.27 11:22:36.043,0.63202,0.63227,1.00,1.37
2015.07.27 11:22:36.552,0.63203,0.63227,1.00,1.37
2015.07.27 11:22:36.942,0.63201,0.63227,1.00,1.37
2015.07.27 11:22:37.543,0.632,0.63227,1.00,1.37
2015.07.27 11:22:38.336,0.632,0.63227,1.00,1.50
2015.07.27 11:22:38.638,0.632,0.63226,1.00,1.75
2015.07.27 11:22:38.688,0.63198,0.63223,1.00,1.37
2015.07.27 11:22:38.868,0.63197,0.63223,1.00,2.25
2015.07.27 11:22:39.449,0.63198,0.63222,1.00,1.50
2015.07.27 11:22:39.958,0.63197,0.63222,1.00,1.50
2015.07.27 11:22:40.636,0.63196,0.63222,1.00,1.50
2015.07.27 11:22:42.105,0.63197,0.63222,1.00,1.50
2015.07.27 11:22:44.271,0.63197,0.63222,1.00,1.87
2015.07.27 11:22:44.812,0.63196,0.63222,1.00,1.37
2015.07.27 11:22:45.128,0.63198,0.63225,1.00,1.50
2015.07.27 11:22:46.316,0.63198,0.63225,1.00,1.37
2015.07.27 11:22:46.667,0.632,0.63225,1.00,1.37
2015.07.27 11:22:46.718,0.63198,0.63225,1.00,1.37
2015.07.27 11:22:46.819,0.63198,0.63225,1.00,1.75
2015.07.27 11:22:47.325,0.63197,0.63224,1.00,1.75
2015.07.27 11:22:47.721,0.63196,0.63224,1.00,1.87
2015.07.27 11:22:48.444,0.63197,0.63223,1.00,1.37
2015.07.27 11:22:48.595,0.63197,0.63223,1.00,1.50
2015.07.27 11:22:49.227,0.63197,0.63223,1.00,1.37
2015.07.27 11:22:49.732,0.63198,0.63224,1.00,1.37
2015.07.27 11:22:50.655,0.63197,0.63224,1.00,1.37
2015.07.27 11:22:50.975,0.63199,0.63224,1.00,1.37
2015.07.27 11:22:51.391,0.63199,0.63224,1.00,1.75
2015.07.27 11:22:51.442,0.63197,0.63224,1.00,1.75
2015.07.27 11:22:51.965,0.63196,0.63222,1.00,1.75
2015.07.27 11:22:52.193,0.63196,0.63222,1.00,1.37
2015.07.27 11:22:53.096,0.63196,0.63222,1.00,1.50
2015.07.27 11:22:53.640,0.63196,0.63222,1.00,1.37
2015.07.27 11:22:54.186,0.63197,0.63222,1.00,1.37
2015.07.27 11:22:55.862,0.63198,0.63222,1.00,1.37
2015.07.27 11:22:55.963,0.63195,0.63222,1.00,1.37
2015.07.27 11:22:56.303,0.63195,0.63222,1.00,1.37
2015.07.27 11:22:57.575,0.63196,0.63222,1.00,1.87
2015.07.27 11:22:57.946,0.63195,0.63222,1.00,1.37
2015.07.27 11:22:58.052,0.63197,0.63222,1.00,1.37
2015.07.27 11:22:58.675,0.63195,0.63222,1.00,1.37
2015.07.27 11:22:59.995,0.63196,0.63222,1.00,1.87
2015.07.27 11:23:02.856,0.63197,0.63222,1.00,1.37
2015.07.27 11:23:06.025,0.63197,0.63222,1.00,1.50
2015.07.27 11:23:07.707,0.63196,0.63222,1.00,1.50
2015.07.27 11:23:08.218,0.63197,0.63222,1.00,1.50
2015.07.27 11:23:08.391,0.63195,0.63222,1.00,1.50
2015.07.27 11:23:09.589,0.63196,0.63222,1.00,1.50
2015.07.27 11:23:10.177,0.63197,0.63222,1.00,1.50
2015.07.27 11:23:13.551,0.63196,0.63222,1.00,2.25
2015.07.27 11:23:14.105,0.63195,0.63222,1.00,1.50
2015.07.27 11:23:15.107,0.63196,0.63222,1.00,1.50
2015.07.27 11:23:15.724,0.63198,0.63222,1.00,1.50
2015.07.27 11:23:16.054,0.63196,0.63222,1.00,1.50
2015.07.27 11:23:16.589,0.63195,0.63222,1.00,1.75
2015.07.27 11:23:16.790,0.63195,0.63219,1.50,1.35
2015.07.27 11:23:16.953,0.63195,0.63221,1.50,2.85
2015.07.27 11:23:17.054,0.63197,0.63221,1.00,1.50
2015.07.27 11:23:17.185,0.63197,0.63222,1.00,1.37
2015.07.27 11:23:17.764,0.63198,0.63222,1.00,1.37
2015.07.27 11:23:18.265,0.63197,0.63222,1.00,1.37
2015.07.27 11:23:20.344,0.63196,0.63222,1.00,1.37
2015.07.27 11:23:20.871,0.63195,0.63222,1.00,1.37
2015.07.27 11:23:21.391,0.63196,0.63222,1.00,1.87
2015.07.27 11:23:22.088,0.63195,0.63222,1.00,1.37
2015.07.27 11:23:24.346,0.63197,0.63222,1.00,1.37
2015.07.27 11:23:24.900,0.63198,0.63222,1.00,1.37
2015.07.27 11:23:25.293,0.63197,0.63222,1.00,1.50
2015.07.27 11:23:27.177,0.63197,0.63222,1.00,1.37
2015.07.27 11:23:33.368,0.63198,0.63222,1.00,1.37
2015.07.27 11:23:34.144,0.63197,0.63222,1.00,1.37
2015.07.27 11:23:36.292,0.63198,0.63222,1.00,1.37
2015.07.27 11:23:37.320,0.63198,0.63222,1.00,1.37
2015.07.27 11:23:37.875,0.63197,0.63222,1.00,1.37
2015.07.27 11:23:38.528,0.63197,0.63222,1.00,1.37
2015.07.27 11:23:39.083,0.63198,0.63222,1.00,1.37
2015.07.27 11:23:39.732,0.63199,0.63223,1.00,1.37
2015.07.27 11:23:40.034,0.63201,0.63226,1.00,1.97
2015.07.27 11:23:40.535,0.632,0.63226,1.00,1.97
2015.07.27 11:23:40.935,0.63202,0.63226,1.00,1.97
2015.07.27 11:23:41.250,0.632,0.63227,1.00,1.97
2015.07.27 11:23:41.431,0.632,0.63226,1.00,1.35
2015.07.27 11:23:42.038,0.632,0.63226,1.00,1.97
2015.07.27 11:23:42.612,0.63201,0.63226,1.00,1.97
2015.07.27 11:23:43.147,0.632,0.63226,1.00,1.97
2015.07.27 11:23:43.572,0.63202,0.63226,1.00,1.35
2015.07.27 11:23:44.095,0.63201,0.63226,1.00,1.35
2015.07.27 11:23:44.587,0.632,0.63225,1.00,1.30
2015.07.27 11:23:44.638,0.63202,0.63227,1.00,1.97
2015.07.27 11:23:45.155,0.63203,0.63227,1.00,1.97
2015.07.27 11:23:45.498,0.63205,0.63227,1.00,1.97
2015.07.27 11:23:45.549,0.63201,0.63227,1.00,2.47
2015.07.27 11:23:46.099,0.63204,0.63227,1.00,1.97
2015.07.27 11:23:46.200,0.63204,0.63226,1.50,1.30
2015.07.27 11:23:46.301,0.63204,0.63227,1.50,1.97
2015.07.27 11:23:50.337,0.63203,0.63227,1.00,1.97
2015.07.27 11:23:50.860,0.63202,0.63227,1.00,1.97
2015.07.27 11:23:50.910,0.63202,0.63227,1.00,1.97
2015.07.27 11:23:51.334,0.63202,0.63224,1.00,2.47
2015.07.27 11:23:51.586,0.63199,0.63224,1.50,2.85
2015.07.27 11:23:51.696,0.63197,0.63224,1.00,3.60
2015.07.27 11:23:52.082,0.63198,0.63224,1.00,1.87
2015.07.27 11:23:52.132,0.63198,0.63224,1.00,2.25
2015.07.27 11:23:52.334,0.63201,0.63228,1.00,1.35
2015.07.27 11:23:52.865,0.63202,0.63228,1.00,1.35
2015.07.27 11:23:53.366,0.63203,0.63228,1.00,2.10
2015.07.27 11:23:54.240,0.63201,0.63222,1.00,2.10
2015.07.27 11:23:54.341,0.63196,0.63217,1.00,1.30
2015.07.27 11:23:54.891,0.63195,0.63217,1.00,1.30
2015.07.27 11:23:55.433,0.63196,0.63217,1.00,1.30
2015.07.27 11:23:55.873,0.63198,0.63217,1.00,1.30
2015.07.27 11:23:56.314,0.63198,0.63223,1.00,1.97
2015.07.27 11:23:56.425,0.632,0.63223,1.50,1.97
2015.07.27 11:23:56.972,0.63201,0.63224,1.00,2.47
2015.07.27 11:23:57.780,0.63202,0.63224,1.00,2.10
2015.07.27 11:23:58.261,0.63204,0.63224,1.00,2.47
2015.07.27 11:23:59.401,0.632,0.63224,1.00,2.47
2015.07.27 11:24:00.207,0.63199,0.63224,1.50,2.47
2015.07.27 11:24:02.803,0.632,0.63224,1.00,2.47
2015.07.27 11:24:03.463,0.63201,0.63224,1.00,2.47
2015.07.27 11:24:03.812,0.63198,0.6322,1.00,2.10
2015.07.27 11:24:04.046,0.63196,0.6322,1.00,2.10
2015.07.27 11:24:04.147,0.63196,0.63222,1.00,1.35
2015.07.27 11:24:04.499,0.63198,0.63224,1.00,1.60
2015.07.27 11:24:05.047,0.63198,0.63223,1.00,2.10
2015.07.27 11:24:05.250,0.63196,0.63223,1.00,2.10
2015.07.27 11:24:05.551,0.63196,0.63222,1.00,1.30
2015.07.27 11:24:05.601,0.63198,0.63222,1.00,1.30
2015.07.27 11:24:05.941,0.63195,0.63219,1.00,1.37
2015.07.27 11:24:06.554,0.63194,0.63219,1.00,1.37
2015.07.27 11:24:06.885,0.63196,0.63219,1.00,1.37
2015.07.27 11:24:07.407,0.63197,0.63219,1.00,1.37
2015.07.27 11:24:08.132,0.63196,0.63221,1.00,1.37
2015.07.27 11:24:08.864,0.63195,0.63221,1.00,1.50
2015.07.27 11:24:09.482,0.63194,0.63221,1.00,1.50
2015.07.27 11:24:10.094,0.63195,0.63221,1.50,1.50
2015.07.27 11:24:10.504,0.63197,0.63222,1.00,1.35
2015.07.27 11:24:10.658,0.63197,0.63222,1.00,1.67
2015.07.27 11:24:10.755,0.63199,0.63222,1.00,1.67
2015.07.27 11:24:11.327,0.63198,0.63222,1.00,1.67
2015.07.27 11:24:11.909,0.63198,0.63223,1.00,1.97
2015.07.27 11:24:12.270,0.632,0.63223,1.00,1.97
2015.07.27 11:24:12.522,0.632,0.63226,1.00,1.37
2015.07.27 11:24:12.754,0.63202,0.63227,1.00,1.37
2015.07.27 11:24:13.474,0.63201,0.63227,1.00,1.37
2015.07.27 11:24:13.524,0.63201,0.63227,1.00,1.37
2015.07.27 11:24:13.575,0.63201,0.63227,1.00,3.22
2015.07.27 11:24:13.918,0.63196,0.63222,1.00,1.35
2015.07.27 11:24:14.426,0.63196,0.63221,1.00,1.67
2015.07.27 11:24:15.097,0.63195,0.63221,1.00,2.10
2015.07.27 11:24:15.629,0.63195,0.63221,1.00,2.10
2015.07.27 11:24:16.382,0.63196,0.63221,1.00,2.10
2015.07.27 11:24:16.978,0.63196,0.6322,1.00,1.67
2015.07.27 11:24:17.079,0.63196,0.63221,1.00,1.97
2015.07.27 11:24:17.129,0.63198,0.63221,1.00,1.97
2015.07.27 11:24:17.636,0.63198,0.63221,1.00,1.97
2015.07.27 11:24:18.143,0.63199,0.63221,1.00,1.97
2015.07.27 11:24:19.964,0.632,0.63221,1.00,1.97
2015.07.27 11:24:20.470,0.63199,0.63221,1.00,1.97
2015.07.27 11:24:23.375,0.63198,0.63221,1.00,1.97
2015.07.27 11:24:28.023,0.63199,0.63221,1.00,1.97
2015.07.27 11:24:28.652,0.63198,0.63221,1.00,1.97
2015.07.27 11:24:29.165,0.632,0.63224,1.00,1.97
2015.07.27 11:24:29.561,0.63202,0.63228,1.00,1.50
2015.07.27 11:24:29.662,0.63205,0.63229,1.00,2.10
2015.07.27 11:24:30.177,0.63205,0.63229,1.00,1.72
2015.07.27 11:24:30.683,0.63206,0.63229,1.00,1.72
2015.07.27 11:24:33.274,0.63203,0.63226,1.00,1.75
2015.07.27 11:24:33.425,0.632,0.63224,1.00,1.97
2015.07.27 11:24:33.476,0.632,0.63223,1.00,1.35
2015.07.27 11:24:34.014,0.63199,0.63222,1.00,1.97
2015.07.27 11:24:34.536,0.63198,0.63222,1.00,1.97
2015.07.27 11:24:34.587,0.63198,0.6322,1.00,1.30
2015.07.27 11:24:34.637,0.632,0.6322,1.00,1.30
2015.07.27 11:24:34.987,0.63199,0.63222,1.00,1.97
2015.07.27 11:24:35.941,0.63198,0.63222,1.00,1.97
2015.07.27 11:24:36.478,0.63198,0.63222,1.00,1.35
2015.07.27 11:24:37.042,0.63197,0.63222,1.00,2.10
2015.07.27 11:24:37.422,0.63197,0.6322,1.00,1.67
2015.07.27 11:24:38.991,0.63196,0.6322,1.00,1.67
2015.07.27 11:24:42.206,0.63197,0.6322,1.00,1.67
2015.07.27 11:24:44.389,0.63195,0.6322,1.00,1.35
2015.07.27 11:24:44.440,0.63195,0.63217,1.00,1.67
2015.07.27 11:24:44.541,0.63192,0.63217,1.00,1.67
2015.07.27 11:24:46.386,0.63193,0.63217,1.00,1.67
2015.07.27 11:24:46.666,0.63193,0.63219,1.00,2.10
2015.07.27 11:24:47.174,0.63193,0.63218,1.00,1.35
2015.07.27 11:24:47.707,0.63194,0.63218,1.00,1.35
2015.07.27 11:24:47.758,0.63194,0.63219,1.00,1.37
2015.07.27 11:24:47.858,0.63194,0.63223,1.87,1.37
2015.07.27 11:24:47.909,0.63198,0.63225,1.00,2.10
2015.07.27 11:24:48.248,0.63196,0.63224,1.00,1.72
2015.07.27 11:24:48.904,0.63197,0.63223,1.00,1.37
2015.07.27 11:24:49.059,0.63197,0.63223,1.00,1.75
2015.07.27 11:24:49.483,0.63195,0.63223,1.00,1.75
2015.07.27 11:24:50.006,0.63196,0.63223,1.00,2.25
2015.07.27 11:24:50.534,0.63197,0.63223,1.00,1.50
2015.07.27 11:24:50.686,0.63199,0.63223,1.00,1.37
2015.07.27 11:24:51.094,0.63197,0.63223,1.00,1.37
2015.07.27 11:24:51.689,0.63198,0.63223,1.00,1.37
2015.07.27 11:24:52.228,0.63199,0.63223,1.00,1.37
2015.07.27 11:24:52.840,0.63199,0.63223,1.00,1.37
2015.07.27 11:24:57.272,0.63199,0.63223,1.00,1.37
2015.07.27 11:24:57.869,0.63198,0.63223,1.00,1.37
2015.07.27 11:25:00.271,0.63197,0.63223,1.00,1.37
2015.07.27 11:25:01.987,0.63197,0.63223,1.00,1.00
2015.07.27 11:25:02.138,0.63198,0.6322,1.00,1.75
2015.07.27 11:25:02.189,0.63198,0.6322,1.00,1.12
2015.07.27 11:25:02.290,0.63197,0.6322,1.00,1.37
2015.07.27 11:25:02.540,0.63194,0.63218,1.00,1.00
2015.07.27 11:25:03.089,0.63195,0.63218,1.00,1.00
2015.07.27 11:25:04.121,0.63194,0.63218,1.50,1.00
2015.07.27 11:25:04.522,0.63196,0.63218,1.00,1.00
2015.07.27 11:25:05.073,0.63195,0.63218,1.50,1.12
2015.07.27 11:25:05.525,0.63196,0.6322,1.00,1.37
2015.07.27 11:25:05.876,0.63195,0.6322,1.50,1.75
2015.07.27 11:25:06.557,0.63194,0.6322,1.50,1.75
2015.07.27 11:25:07.217,0.63195,0.6322,1.00,1.75
2015.07.27 11:25:07.878,0.63195,0.63218,1.00,1.37
2015.07.27 11:25:09.024,0.63196,0.63218,1.00,1.37
2015.07.27 11:25:09.586,0.63195,0.6322,1.00,1.75
2015.07.27 11:25:10.815,0.63194,0.6322,1.50,1.75
2015.07.27 11:25:11.067,0.63196,0.63222,1.00,1.37
2015.07.27 11:25:11.117,0.63199,0.63223,1.00,1.37
2015.07.27 11:25:11.240,0.63199,0.63225,1.00,2.47
2015.07.27 11:25:11.792,0.632,0.63226,1.00,1.35
2015.07.27 11:25:12.511,0.632,0.63227,1.00,1.35
2015.07.27 11:25:12.642,0.632,0.63229,1.00,1.97
2015.07.27 11:25:12.946,0.632,0.63227,1.12,1.35
2015.07.27 11:25:15.754,0.63201,0.63227,1.00,1.35
2015.07.27 11:25:16.302,0.632,0.63227,1.87,1.35
2015.07.27 11:25:16.803,0.63201,0.63227,1.00,1.35
2015.07.27 11:25:17.525,0.632,0.63227,1.87,1.35
2015.07.27 11:25:17.955,0.632,0.63229,1.50,1.97
2015.07.27 11:25:18.557,0.632,0.63227,1.50,1.97
2015.07.27 11:25:18.757,0.632,0.63227,1.50,1.72
2015.07.27 11:25:22.283,0.632,0.63229,1.50,1.12
2015.07.27 11:25:22.334,0.63202,0.63231,1.00,1.37
2015.07.27 11:25:22.695,0.63202,0.63231,1.00,1.37
2015.07.27 11:25:23.574,0.63205,0.63231,1.00,1.37
2015.07.27 11:25:24.147,0.63205,0.63231,1.00,1.37
2015.07.27 11:25:25.216,0.63205,0.63231,1.00,1.75
2015.07.27 11:25:25.367,0.63202,0.63231,1.00,2.25
2015.07.27 11:25:25.474,0.63202,0.63223,1.00,1.30
2015.07.27 11:25:25.574,0.63201,0.63223,1.00,1.35
2015.07.27 11:25:25.675,0.63198,0.63223,1.00,1.67
2015.07.27 11:25:25.776,0.63198,0.63223,1.00,1.35
2015.07.27 11:25:25.898,0.63198,0.63225,1.00,1.97
2015.07.27 11:25:26.000,0.63195,0.63224,1.50,1.97
2015.07.27 11:25:26.106,0.632,0.63224,1.00,1.97
2015.07.27 11:25:26.344,0.63195,0.63222,1.00,1.37
2015.07.27 11:25:26.895,0.63195,0.63223,1.00,2.10
2015.07.27 11:25:27.448,0.63196,0.63223,1.00,2.10
2015.07.27 11:25:28.983,0.63196,0.63223,1.00,2.10
2015.07.27 11:25:29.186,0.63195,0.63221,1.50,1.37
2015.07.27 11:25:29.489,0.63194,0.63223,1.50,2.10
2015.07.27 11:25:30.115,0.63195,0.63223,1.00,2.85
2015.07.27 11:25:31.592,0.63195,0.63223,1.00,2.85
2015.07.27 11:25:31.793,0.63194,0.63222,1.00,1.75
2015.07.27 11:25:32.304,0.63195,0.63222,1.00,1.75
2015.07.27 11:25:32.844,0.63195,0.63216,1.00,1.35
2015.07.27 11:25:32.945,0.63194,0.63219,1.50,3.22
2015.07.27 11:25:33.046,0.63192,0.63219,1.00,3.97
2015.07.27 11:25:33.146,0.6319,0.63218,1.00,1.12
2015.07.27 11:25:33.780,0.63191,0.63219,1.00,1.72
2015.07.27 11:25:34.764,0.63191,0.63219,1.00,2.85
2015.07.27 11:25:36.907,0.63191,0.63219,1.00,2.85
2015.07.27 11:25:37.345,0.63189,0.63215,1.50,1.50
2015.07.27 11:25:38.956,0.63189,0.63215,2.25,1.37
2015.07.27 11:25:39.057,0.6319,0.63217,1.87,1.37
2015.07.27 11:25:39.395,0.63194,0.63219,1.00,1.35
2015.07.27 11:25:40.018,0.63194,0.6322,1.50,2.10
2015.07.27 11:25:40.554,0.63195,0.6322,1.87,1.97
2015.07.27 11:25:40.922,0.6319,0.63218,1.00,1.72
2015.07.27 11:25:41.256,0.63192,0.63218,1.00,1.72
2015.07.27 11:25:43.905,0.63193,0.63219,1.00,1.97
2015.07.27 11:25:44.232,0.63195,0.63218,1.00,1.35
2015.07.27 11:25:44.625,0.63193,0.63218,1.00,1.35
2015.07.27 11:25:45.140,0.63191,0.63218,1.00,1.35
2015.07.27 11:25:45.191,0.63191,0.6322,1.37,2.10
2015.07.27 11:25:45.697,0.63194,0.63219,1.00,1.35
2015.07.27 11:25:45.798,0.63194,0.63221,1.00,2.10
2015.07.27 11:25:45.850,0.63194,0.63218,1.00,1.67
2015.07.27 11:25:46.694,0.63194,0.63219,1.12,1.35
2015.07.27 11:25:47.030,0.63196,0.63219,1.00,1.35
2015.07.27 11:25:48.084,0.63196,0.63221,1.00,1.35
2015.07.27 11:25:48.585,0.63197,0.63222,1.00,1.67
2015.07.27 11:25:49.245,0.63198,0.63222,1.00,1.67
2015.07.27 11:25:50.166,0.63198,0.63222,1.00,1.35
2015.07.27 11:25:51.044,0.63197,0.63222,1.00,1.35
2015.07.27 11:25:51.593,0.63196,0.63222,1.00,1.67
2015.07.27 11:25:51.895,0.63196,0.63222,1.00,2.10
2015.07.27 11:25:51.946,0.63194,0.63222,2.25,2.10
2015.07.27 11:25:52.618,0.63195,0.6322,1.00,1.75
2015.07.27 11:25:53.383,0.63194,0.63222,1.50,2.10
2015.07.27 11:25:54.043,0.63195,0.63222,1.00,1.35
2015.07.27 11:25:55.801,0.63195,0.63222,1.00,1.35
2015.07.27 11:25:56.103,0.63193,0.63218,1.00,1.35
2015.07.27 11:25:59.717,0.63193,0.63217,1.00,1.35
2015.07.27 11:26:00.314,0.63192,0.63217,1.00,1.35
2015.07.27 11:26:01.714,0.63193,0.63217,1.00,1.35
2015.07.27 11:26:01.825,0.63191,0.63217,1.00,1.35
2015.07.27 11:26:02.347,0.63192,0.63217,1.00,1.35
2015.07.27 11:26:02.617,0.63191,0.63215,1.00,1.67
2015.07.27 11:26:02.919,0.63194,0.63216,1.00,1.35
2015.07.27 11:26:03.038,0.63195,0.63215,1.00,1.30
2015.07.27 11:26:03.617,0.63195,0.63219,1.00,1.35
2015.07.27 11:26:04.277,0.63195,0.63222,1.00,1.35
2015.07.27 11:26:04.528,0.63195,0.63222,1.00,1.35
2015.07.27 11:26:04.629,0.63195,0.63217,1.00,1.30
2015.07.27 11:26:04.730,0.63193,0.63221,1.00,2.10
2015.07.27 11:26:05.232,0.63193,0.6322,1.00,2.10
2015.07.27 11:26:05.733,0.63194,0.63219,1.00,1.97
2015.07.27 11:26:05.977,0.63194,0.63219,1.00,1.72
2015.07.27 11:26:06.128,0.63196,0.63222,1.00,1.35
2015.07.27 11:26:06.179,0.63196,0.63224,1.00,1.97
2015.07.27 11:26:06.229,0.63199,0.63225,1.00,1.97
2015.07.27 11:26:07.118,0.63202,0.63227,1.00,1.35
2015.07.27 11:26:07.636,0.63202,0.63227,1.00,1.67
2015.07.27 11:26:07.687,0.63202,0.63229,1.00,1.35
2015.07.27 11:26:07.790,0.63203,0.63231,1.00,3.22
2015.07.27 11:26:08.209,0.63201,0.63228,1.00,1.60
2015.07.27 11:26:08.434,0.63199,0.63226,1.00,1.35
2015.07.27 11:26:08.484,0.63199,0.63226,1.00,2.10
2015.07.27 11:26:08.535,0.63197,0.63225,1.00,1.75
2015.07.27 11:26:09.155,0.63196,0.63222,1.00,1.75
2015.07.27 11:26:13.163,0.63197,0.63223,1.00,1.75
2015.07.27 11:26:16.912,0.63198,0.63224,1.00,1.75
2015.07.27 11:26:17.882,0.63196,0.63224,1.00,1.75
2015.07.27 11:26:18.516,0.63196,0.63224,1.00,1.75
2015.07.27 11:26:18.617,0.63197,0.63225,1.12,1.75
2015.07.27 11:26:18.796,0.632,0.63226,1.00,1.35
2015.07.27 11:26:19.165,0.63202,0.63226,1.00,1.67
2015.07.27 11:26:24.732,0.63201,0.63226,1.00,1.67
2015.07.27 11:26:26.035,0.63202,0.63226,1.00,1.67
2015.07.27 11:26:28.884,0.63203,0.63226,1.00,1.67
2015.07.27 11:26:31.413,0.63202,0.63226,1.00,1.67
2015.07.27 11:26:37.693,0.63202,0.63226,1.00,1.35
2015.07.27 11:26:38.232,0.63203,0.63226,1.00,1.35
2015.07.27 11:26:43.645,0.63202,0.63226,1.00,1.35
2015.07.27 11:26:46.152,0.63203,0.63226,1.00,1.35
2015.07.27 11:26:46.701,0.63202,0.63226,1.00,1.35
2015.07.27 11:26:48.682,0.63201,0.63226,1.00,1.35
2015.07.27 11:26:49.583,0.63202,0.63226,1.00,1.35
2015.07.27 11:26:50.165,0.63201,0.63226,1.00,1.35
2015.07.27 11:26:51.214,0.63201,0.63226,1.00,1.35
2015.07.27 11:26:52.035,0.63201,0.63226,1.00,1.35
2015.07.27 11:26:53.631,0.63203,0.63226,1.00,1.35
2015.07.27 11:26:54.745,0.63203,0.63226,1.00,1.67
2015.07.27 11:26:54.846,0.63201,0.63226,1.00,1.67
2015.07.27 11:26:55.044,0.63201,0.63226,1.00,1.35
2015.07.27 11:27:04.663,0.63202,0.63226,1.00,1.35
2015.07.27 11:27:05.177,0.63203,0.63226,1.00,1.35
2015.07.27 11:27:05.621,0.63201,0.63226,1.00,1.35
2015.07.27 11:27:06.282,0.63202,0.63226,1.00,1.35
2015.07.27 11:27:06.941,0.63203,0.63226,1.00,1.35
2015.07.27 11:27:07.491,0.63202,0.63226,1.00,1.35
2015.07.27 11:27:08.156,0.63202,0.63226,1.00,1.35
2015.07.27 11:27:12.821,0.63202,0.63226,1.00,1.67
2015.07.27 11:27:15.109,0.63202,0.63226,1.00,1.35
2015.07.27 11:27:15.771,0.63201,0.63226,1.00,1.35
2015.07.27 11:27:19.845,0.63201,0.63226,1.00,1.35
2015.07.27 11:27:20.064,0.63198,0.63218,1.00,1.30
2015.07.27 11:27:20.164,0.63198,0.6322,1.00,1.35
2015.07.27 11:27:20.327,0.63195,0.63219,1.00,1.35
2015.07.27 11:27:20.839,0.63194,0.6322,1.00,1.35
2015.07.27 11:27:21.164,0.63196,0.6322,1.00,1.35
2015.07.27 11:27:21.682,0.63195,0.63218,1.00,1.30
2015.07.27 11:27:21.833,0.63198,0.63223,1.00,2.47
2015.07.27 11:27:22.152,0.63199,0.63226,1.00,1.67
2015.07.27 11:27:22.253,0.63201,0.63226,1.00,1.67
2015.07.27 11:27:26.334,0.63202,0.63226,1.00,1.67
2015.07.27 11:27:29.304,0.63201,0.63226,1.00,1.67
2015.07.27 11:27:29.852,0.632,0.63226,1.00,1.67
2015.07.27 11:27:30.591,0.63201,0.63226,1.00,1.67
2015.07.27 11:27:30.742,0.63199,0.63226,1.00,1.35
2015.07.27 11:27:32.806,0.63199,0.63227,1.50,2.10
2015.07.27 11:27:33.231,0.63201,0.63227,1.00,2.10
2015.07.27 11:27:33.701,0.63201,0.63227,1.00,1.97
2015.07.27 11:27:33.910,0.63202,0.63229,1.37,1.72
2015.07.27 11:27:34.474,0.63204,0.6323,1.00,2.10
2015.07.27 11:27:35.061,0.63204,0.63231,1.87,1.35
2015.07.27 11:27:36.862,0.63205,0.63231,1.00,2.10
2015.07.27 11:27:37.382,0.63206,0.63231,1.00,1.35
2015.07.27 11:27:38.819,0.63206,0.63229,1.00,1.67
2015.07.27 11:27:38.964,0.63204,0.63229,1.00,1.67
2015.07.27 11:27:39.529,0.63204,0.63229,1.00,1.35
2015.07.27 11:27:40.852,0.63204,0.6323,1.00,1.35
2015.07.27 11:27:41.395,0.63205,0.6323,1.00,1.35
2015.07.27 11:27:42.122,0.63204,0.6323,1.00,1.35
2015.07.27 11:27:42.729,0.63203,0.6323,1.00,1.35
2015.07.27 11:27:42.829,0.63205,0.63229,1.00,1.35
2015.07.27 11:27:43.429,0.63204,0.63229,1.00,1.35
2015.07.27 11:27:43.632,0.63204,0.6323,1.00,2.10
2015.07.27 11:27:43.934,0.63204,0.63229,1.00,1.35
2015.07.27 11:27:44.034,0.63199,0.63222,1.00,2.10
2015.07.27 11:27:44.135,0.63197,0.63222,1.00,2.10
2015.07.27 11:27:44.924,0.63196,0.63222,1.00,2.85
2015.07.27 11:27:45.135,0.63194,0.63222,1.50,2.85
2015.07.27 11:27:46.339,0.63193,0.6322,1.37,1.35
2015.07.27 11:27:48.126,0.63194,0.63217,1.37,1.30
2015.07.27 11:27:48.630,0.63198,0.63223,1.00,1.50
2015.07.27 11:27:49.653,0.63196,0.63224,1.37,1.75
2015.07.27 11:27:50.858,0.63198,0.63224,1.00,1.75
2015.07.27 11:27:51.412,0.63196,0.63224,1.37,1.75
2015.07.27 11:27:51.935,0.63198,0.63224,1.00,1.75
2015.07.27 11:27:52.244,0.63198,0.63224,1.00,1.37
2015.07.27 11:27:52.395,0.632,0.63226,1.00,2.10
2015.07.27 11:27:53.013,0.632,0.63226,1.50,2.10
2015.07.27 11:27:53.893,0.63199,0.63226,1.00,2.10
2015.07.27 11:27:54.471,0.632,0.63226,1.00,1.35
2015.07.27 11:27:55.911,0.632,0.63226,1.00,1.35
2015.07.27 11:27:56.131,0.63198,0.63226,1.00,2.10
2015.07.27 11:27:56.384,0.63197,0.63225,1.00,1.75
2015.07.27 11:27:56.586,0.63195,0.63223,1.00,1.75
2015.07.27 11:27:56.838,0.63194,0.63221,1.00,1.37
2015.07.27 11:27:56.981,0.63194,0.63222,1.00,1.00
2015.07.27 11:27:57.234,0.63197,0.63223,1.00,1.00
2015.07.27 11:27:57.760,0.63195,0.63223,1.50,1.00
2015.07.27 11:27:58.025,0.63195,0.63221,1.00,1.37
2015.07.27 11:27:58.329,0.63186,0.63208,1.00,2.10
2015.07.27 11:27:58.441,0.63182,0.63208,1.00,2.85
2015.07.27 11:27:58.570,0.63182,0.63208,1.00,1.00
2015.07.27 11:27:59.172,0.63181,0.63209,1.00,1.72
2015.07.27 11:27:59.662,0.63181,0.63209,1.00,2.10
2015.07.27 11:28:00.276,0.63181,0.63209,1.12,2.10
2015.07.27 11:28:01.321,0.63182,0.6321,1.00,1.97
2015.07.27 11:28:01.472,0.63183,0.63211,1.12,2.47
2015.07.27 11:28:02.118,0.63184,0.63212,1.00,1.97
2015.07.27 11:28:02.652,0.63184,0.63209,1.37,1.30
2015.07.27 11:28:10.861,0.63184,0.6321,1.12,1.97
2015.07.27 11:28:11.280,0.63184,0.63209,1.00,1.35
2015.07.27 11:28:11.330,0.63181,0.63209,1.50,2.10
2015.07.27 11:28:11.532,0.63179,0.63207,1.50,1.75
2015.07.27 11:28:12.072,0.63176,0.63202,1.00,2.10
2015.07.27 11:28:12.173,0.63169,0.63196,1.37,1.00
2015.07.27 11:28:12.273,0.63169,0.63194,1.00,1.00
2015.07.27 11:28:12.590,0.63168,0.63194,1.00,1.60
2015.07.27 11:28:12.741,0.63166,0.63192,1.00,1.60
2015.07.27 11:28:13.040,0.63166,0.63192,1.00,1.00
2015.07.27 11:28:13.222,0.63166,0.63192,1.00,1.37
2015.07.27 11:28:13.542,0.63168,0.63194,1.12,1.37
2015.07.27 11:28:15.330,0.63168,0.63194,1.00,1.37
2015.07.27 11:28:15.381,0.63171,0.63197,1.00,1.37
2015.07.27 11:28:15.683,0.63173,0.63199,1.00,1.75
2015.07.27 11:28:16.223,0.63171,0.63197,1.00,1.75
2015.07.27 11:28:16.710,0.6317,0.63195,1.12,1.37
2015.07.27 11:28:17.023,0.63172,0.632,1.00,1.75
2015.07.27 11:28:17.423,0.63173,0.632,1.00,1.50
2015.07.27 11:28:17.524,0.63174,0.63202,1.00,1.00
2015.07.27 11:28:18.585,0.63175,0.63203,1.00,1.12
2015.07.27 11:28:18.801,0.63175,0.63203,1.00,1.50
2015.07.27 11:28:19.830,0.63175,0.63203,1.00,1.37
2015.07.27 11:28:19.881,0.63179,0.63203,1.00,1.37
2015.07.27 11:28:20.221,0.63178,0.63205,1.00,1.37
2015.07.27 11:28:20.732,0.63178,0.63205,1.37,1.37
2015.07.27 11:28:21.234,0.63179,0.63204,1.00,1.50
2015.07.27 11:28:21.736,0.63177,0.63205,1.00,1.75
2015.07.27 11:28:22.050,0.63179,0.63205,1.00,1.75
2015.07.27 11:28:22.387,0.63182,0.63209,1.00,3.60
2015.07.27 11:28:22.738,0.63179,0.63207,1.00,1.75
2015.07.27 11:28:23.289,0.63178,0.63206,1.00,1.75
2015.07.27 11:28:24.844,0.63181,0.63208,1.12,1.87
2015.07.27 11:28:24.945,0.63184,0.6321,1.00,1.35
2015.07.27 11:28:25.247,0.63183,0.63209,1.00,1.35
2015.07.27 11:28:25.348,0.63183,0.63209,1.00,1.72
2015.07.27 11:28:25.809,0.63181,0.63208,1.00,1.12
2015.07.27 11:28:27.240,0.63181,0.63208,1.00,1.75
2015.07.27 11:28:29.354,0.63181,0.63208,1.00,1.75
2015.07.27 11:28:29.976,0.63181,0.63208,1.00,1.75
2015.07.27 11:28:32.862,0.63182,0.6321,1.12,2.85
2015.07.27 11:28:33.078,0.63185,0.6321,1.00,1.35
2015.07.27 11:28:34.164,0.63185,0.63213,1.12,1.75
2015.07.27 11:28:34.470,0.63188,0.63214,1.00,2.10
2015.07.27 11:28:36.419,0.63187,0.63214,1.00,1.35
2015.07.27 11:28:44.179,0.63188,0.63214,1.00,2.10
2015.07.27 11:28:49.239,0.63186,0.63214,1.00,2.10
2015.07.27 11:28:51.225,0.63186,0.63214,1.00,2.10
2015.07.27 11:28:51.332,0.63188,0.63214,1.00,2.10
2015.07.27 11:28:52.051,0.63187,0.63214,1.00,1.35
2015.07.27 11:28:52.904,0.63187,0.63215,1.00,2.85
2015.07.27 11:28:53.205,0.63187,0.63214,1.00,1.35
2015.07.27 11:28:54.033,0.63187,0.63214,1.00,1.35
2015.07.27 11:28:54.618,0.63188,0.63214,1.00,1.35
2015.07.27 11:28:55.735,0.63188,0.63215,1.00,1.35
2015.07.27 11:28:55.940,0.63188,0.63216,1.37,1.97
2015.07.27 11:28:56.248,0.63192,0.6322,1.00,1.35
2015.07.27 11:28:56.799,0.63192,0.6322,1.00,2.10
2015.07.27 11:28:57.321,0.63193,0.63219,1.00,1.75
2015.07.27 11:28:57.532,0.6319,0.63218,1.12,1.50
2015.07.27 11:28:57.633,0.6319,0.63218,1.00,1.12
2015.07.27 11:28:58.148,0.63191,0.63219,1.50,1.97
2015.07.27 11:28:58.260,0.63191,0.63215,1.00,1.00
2015.07.27 11:28:58.790,0.6319,0.63217,1.00,1.72
2015.07.27 11:29:02.227,0.6319,0.63216,1.00,1.37
2015.07.27 11:29:02.329,0.6319,0.63216,1.12,1.12
2015.07.27 11:29:02.480,0.63193,0.63221,1.00,2.10
2015.07.27 11:29:02.632,0.63195,0.63221,1.00,1.37
2015.07.27 11:29:02.945,0.63195,0.63223,1.00,1.50
2015.07.27 11:29:03.481,0.63196,0.63222,1.00,1.37
2015.07.27 11:29:03.582,0.63194,0.63222,1.00,1.37
2015.07.27 11:29:04.678,0.63195,0.63223,1.00,1.50
2015.07.27 11:29:05.190,0.63196,0.63222,1.00,1.37
2015.07.27 11:29:05.738,0.63195,0.63223,1.00,1.50
2015.07.27 11:29:06.551,0.63195,0.63223,1.00,1.75
2015.07.27 11:29:07.241,0.63194,0.63221,1.00,2.10
2015.07.27 11:29:07.944,0.63194,0.6322,1.00,1.35
2015.07.27 11:29:08.969,0.63194,0.63221,1.00,1.97
2015.07.27 11:29:09.579,0.63194,0.63221,1.00,2.10
2015.07.27 11:29:10.400,0.63195,0.63222,1.00,1.35
2015.07.27 11:29:10.903,0.63196,0.63222,1.00,1.35
2015.07.27 11:29:11.103,0.63195,0.63221,1.00,1.75
2015.07.27 11:29:11.638,0.63194,0.6322,1.00,1.75
2015.07.27 11:29:13.548,0.63195,0.63222,1.00,1.35
2015.07.27 11:29:13.599,0.63196,0.63223,1.00,2.47
2015.07.27 11:29:14.011,0.63197,0.63226,1.87,1.97
2015.07.27 11:29:14.275,0.63196,0.63223,1.87,2.47
2015.07.27 11:29:14.376,0.63196,0.63224,1.00,1.72
2015.07.27 11:29:14.477,0.63199,0.63225,1.00,1.60
2015.07.27 11:29:14.779,0.63201,0.63229,1.00,1.97
2015.07.27 11:29:20.077,0.63202,0.6323,1.00,1.75
2015.07.27 11:29:20.379,0.63203,0.63229,1.00,1.75
2015.07.27 11:29:20.579,0.63203,0.63229,1.00,1.50
2015.07.27 11:29:20.979,0.63203,0.63231,1.00,2.10
2015.07.27 11:29:21.444,0.63204,0.6323,1.12,1.37
2015.07.27 11:29:21.984,0.63205,0.63232,1.12,1.97
2015.07.27 11:29:22.999,0.63205,0.63231,1.87,1.30
2015.07.27 11:29:23.492,0.63206,0.63232,1.12,1.35
2015.07.27 11:29:23.794,0.63205,0.63231,1.00,1.35
2015.07.27 11:29:24.298,0.63204,0.63231,1.00,1.35
2015.07.27 11:29:24.800,0.63205,0.63231,1.00,2.10
2015.07.27 11:29:26.219,0.63204,0.63231,1.00,2.85
2015.07.27 11:29:26.319,0.63204,0.63231,1.37,1.72
2015.07.27 11:29:26.420,0.63203,0.63231,1.12,1.72
2015.07.27 11:29:26.603,0.63203,0.6323,1.37,1.37
2015.07.27 11:29:26.888,0.63205,0.63233,1.12,1.97
2015.07.27 11:29:30.732,0.63205,0.63231,1.37,1.30
2015.07.27 11:29:32.068,0.63205,0.63231,1.00,2.10
2015.07.27 11:29:32.169,0.63202,0.6323,1.00,1.75
2015.07.27 11:29:32.678,0.63202,0.6323,1.00,1.75
2015.07.27 11:29:32.938,0.63204,0.6323,1.00,1.50
2015.07.27 11:29:33.190,0.63205,0.63231,1.00,1.72
2015.07.27 11:29:33.820,0.63206,0.63232,1.00,2.10
2015.07.27 11:29:34.039,0.63204,0.63232,1.12,2.10
2015.07.27 11:29:34.089,0.63204,0.63231,1.00,2.10
2015.07.27 11:29:34.391,0.63202,0.63227,1.00,1.35
2015.07.27 11:29:34.535,0.632,0.63226,1.00,1.35
2015.07.27 11:29:35.023,0.63198,0.63224,1.12,1.97
2015.07.27 11:29:36.888,0.63198,0.63226,1.87,2.10
2015.07.27 11:29:36.972,0.63198,0.63223,1.87,1.30
2015.07.27 11:29:44.344,0.632,0.63228,2.62,1.97
2015.07.27 11:29:45.091,0.63202,0.63228,1.00,1.97
2015.07.27 11:29:45.604,0.63201,0.63223,1.12,1.30
2015.07.27 11:29:46.132,0.63202,0.63229,1.00,3.22
2015.07.27 11:29:47.458,0.632,0.63228,1.87,1.50
2015.07.27 11:29:47.961,0.63202,0.63229,1.00,1.35
2015.07.27 11:29:48.658,0.63201,0.63229,1.00,2.10
2015.07.27 11:29:48.963,0.63201,0.63229,1.00,2.10
2015.07.27 11:29:49.266,0.63202,0.63224,1.00,1.67
2015.07.27 11:29:49.412,0.632,0.63224,1.00,1.67
2015.07.27 11:29:49.565,0.632,0.63226,1.00,1.35
2015.07.27 11:29:50.067,0.63199,0.63226,1.00,1.35
2015.07.27 11:29:50.753,0.632,0.63226,1.00,2.10
2015.07.27 11:29:51.973,0.632,0.63224,1.00,1.67
2015.07.27 11:29:52.973,0.63201,0.63224,1.00,1.30
2015.07.27 11:29:53.074,0.63203,0.63229,1.12,2.47
2015.07.27 11:29:53.579,0.63204,0.63229,1.00,2.47
2015.07.27 11:29:54.713,0.63204,0.63229,1.37,2.47
2015.07.27 11:29:54.965,0.63204,0.63232,1.37,1.97
2015.07.27 11:29:55.066,0.63205,0.63233,1.37,1.97
2015.07.27 11:29:56.783,0.63208,0.63233,1.00,1.97
2015.07.27 11:29:57.303,0.63207,0.63234,1.12,1.97
2015.07.27 11:29:59.387,0.63207,0.63234,1.37,1.97
2015.07.27 11:29:59.940,0.63211,0.63235,1.37,2.10
2015.07.27 11:30:00.425,0.63208,0.63233,1.00,1.35
2015.07.27 11:30:00.793,0.63208,0.6323,1.12,1.30
2015.07.27 11:30:00.944,0.63209,0.63236,1.00,1.00
2015.07.27 11:30:00.995,0.63212,0.63237,1.00,1.30
2015.07.27 11:30:01.297,0.63214,0.63237,1.00,1.30
2015.07.27 11:30:01.976,0.63213,0.63237,1.00,1.30
2015.07.27 11:30:02.520,0.63212,0.63237,1.00,1.30
2015.07.27 11:30:02.849,0.63212,0.63238,1.00,1.35
2015.07.27 11:30:03.151,0.63209,0.63235,1.00,2.10
2015.07.27 11:30:03.504,0.63207,0.63235,1.12,2.10
2015.07.27 11:30:03.555,0.63207,0.63234,1.00,1.35
2015.07.27 11:30:03.874,0.63206,0.63234,1.12,2.10
2015.07.27 11:30:04.277,0.63202,0.63228,1.00,1.60
2015.07.27 11:30:04.520,0.632,0.63228,1.00,1.60
2015.07.27 11:30:05.030,0.632,0.63225,1.00,1.00
2015.07.27 11:30:05.726,0.63198,0.63226,1.50,1.75
2015.07.27 11:30:06.027,0.63201,0.63227,1.00,2.10
2015.07.27 11:30:06.547,0.632,0.63227,1.00,1.67
2015.07.27 11:30:08.679,0.63202,0.63227,1.00,1.67
2015.07.27 11:30:09.188,0.63202,0.63228,1.00,1.35
2015.07.27 11:30:10.434,0.63202,0.63227,1.00,1.35
2015.07.27 11:30:10.538,0.632,0.63227,1.00,1.35
2015.07.27 11:30:11.089,0.63201,0.63227,1.00,1.35
2015.07.27 11:30:11.342,0.63201,0.63227,1.00,1.35
2015.07.27 11:30:12.343,0.63201,0.63227,1.00,1.35
2015.07.27 11:30:12.882,0.63201,0.63227,1.00,1.67
2015.07.27 11:30:15.260,0.63201,0.63228,1.37,2.10
2015.07.27 11:30:15.800,0.63203,0.63228,1.00,1.35
2015.07.27 11:30:16.329,0.63203,0.63229,1.00,1.35
2015.07.27 11:30:16.850,0.63203,0.63228,1.00,1.35
2015.07.27 11:30:17.155,0.63203,0.6323,1.00,2.10
2015.07.27 11:30:17.707,0.63202,0.63228,1.00,1.35
2015.07.27 11:30:18.008,0.63201,0.63227,1.12,1.35
2015.07.27 11:30:18.893,0.63202,0.63227,1.00,2.10
2015.07.27 11:30:19.413,0.63202,0.63227,1.00,2.10
2015.07.27 11:30:20.101,0.63202,0.63228,1.00,2.10
2015.07.27 11:30:20.869,0.63201,0.63228,1.00,2.10
2015.07.27 11:30:21.406,0.63201,0.63227,1.00,2.10
2015.07.27 11:30:22.070,0.63201,0.63227,1.00,2.10
2015.07.27 11:30:22.420,0.632,0.63226,1.00,1.75
2015.07.27 11:30:23.072,0.632,0.63226,1.00,1.50
2015.07.27 11:30:23.681,0.63199,0.63227,1.00,2.10
2015.07.27 11:30:24.172,0.63201,0.63227,1.00,2.10
2015.07.27 11:30:24.477,0.63201,0.63227,1.00,1.35
2015.07.27 11:30:24.629,0.63197,0.63225,1.12,1.75
2015.07.27 11:30:24.679,0.63197,0.63225,1.00,1.75
2015.07.27 11:30:24.881,0.63196,0.63224,1.00,1.60
2015.07.27 11:30:25.642,0.63196,0.63224,1.00,2.10
2015.07.27 11:30:26.163,0.63196,0.63222,1.00,1.35
2015.07.27 11:30:27.104,0.63196,0.63221,1.12,1.67
2015.07.27 11:30:28.510,0.63197,0.63221,1.00,1.67
2015.07.27 11:30:30.102,0.63197,0.63222,1.00,1.35
2015.07.27 11:30:30.644,0.63197,0.63223,1.00,2.10
2015.07.27 11:30:31.146,0.63197,0.63222,1.12,1.35
2015.07.27 11:30:32.030,0.63197,0.63223,1.00,2.10
2015.07.27 11:30:32.231,0.63195,0.63222,1.00,1.35
2015.07.27 11:30:32.751,0.63195,0.63221,1.00,1.67
2015.07.27 11:30:33.312,0.63195,0.63223,1.87,1.97
2015.07.27 11:30:33.514,0.63196,0.63224,1.87,1.97
2015.07.27 11:30:33.841,0.63199,0.63221,1.50,1.30
2015.07.27 11:30:34.166,0.63201,0.63226,1.00,2.47
2015.07.27 11:30:35.319,0.63201,0.63227,1.12,1.50
2015.07.27 11:30:36.147,0.63201,0.63229,1.87,1.50
2015.07.27 11:30:36.248,0.63201,0.63229,1.87,1.37
2015.07.27 11:30:36.528,0.63202,0.6323,1.12,1.75
2015.07.27 11:30:37.369,0.63203,0.63229,1.00,1.50
2015.07.27 11:30:38.105,0.63202,0.6323,1.12,1.75
2015.07.27 11:30:38.636,0.63203,0.63229,1.12,1.50
2015.07.27 11:30:39.145,0.63202,0.6323,1.12,1.50
2015.07.27 11:30:40.231,0.63202,0.6323,1.12,1.75
2015.07.27 11:30:40.732,0.63201,0.63228,1.00,1.75
2015.07.27 11:30:41.041,0.63204,0.63231,1.00,1.75
2015.07.27 11:30:41.142,0.63207,0.63232,1.00,1.30
2015.07.27 11:30:41.681,0.63206,0.63232,1.00,1.30
2015.07.27 11:30:42.639,0.63206,0.63232,1.00,1.67
2015.07.27 11:30:43.121,0.63204,0.63232,1.50,2.10
2015.07.27 11:30:43.222,0.63206,0.63234,1.00,1.97
2015.07.27 11:30:43.322,0.63208,0.63234,1.00,1.97
2015.07.27 11:30:44.425,0.63209,0.63235,1.00,2.10
2015.07.27 11:30:44.788,0.63206,0.63234,1.00,2.10
2015.07.27 11:30:46.146,0.63206,0.63233,1.00,1.97
2015.07.27 11:30:46.608,0.63208,0.63233,1.00,1.97
2015.07.27 11:30:46.941,0.63208,0.63233,1.00,2.10
2015.07.27 11:30:47.093,0.63205,0.63233,1.00,1.60
2015.07.27 11:30:47.406,0.63203,0.63232,1.00,1.60
2015.07.27 11:30:47.897,0.63208,0.6323,1.00,1.60
2015.07.27 11:30:47.998,0.63208,0.63232,1.87,1.30
2015.07.27 11:30:51.078,0.63209,0.63236,1.00,1.97
2015.07.27 11:30:53.185,0.63213,0.63237,1.00,2.85
2015.07.27 11:30:53.236,0.63213,0.6324,1.00,3.22
2015.07.27 11:30:54.615,0.63213,0.63237,1.00,1.97
2015.07.27 11:30:55.102,0.63211,0.63238,1.50,1.97
2015.07.27 11:30:55.276,0.63211,0.63238,1.87,1.60
2015.07.27 11:30:55.377,0.63214,0.63239,1.00,1.12
2015.07.27 11:30:55.551,0.63215,0.63242,1.12,1.72
2015.07.27 11:30:55.954,0.63214,0.63239,1.00,2.10
2015.07.27 11:30:56.541,0.63214,0.63241,1.50,1.00
2015.07.27 11:30:56.645,0.63216,0.63242,1.00,1.00
2015.07.27 11:30:57.183,0.63216,0.63243,1.00,1.35
2015.07.27 11:30:58.403,0.63214,0.63239,1.00,1.37
2015.07.27 11:30:59.728,0.63214,0.63239,1.00,1.37
2015.07.27 11:31:00.331,0.63214,0.63239,1.37,1.12
2015.07.27 11:31:01.779,0.63215,0.63242,1.00,1.37
2015.07.27 11:31:02.414,0.63215,0.63241,1.00,1.37
2015.07.27 11:31:03.498,0.63215,0.6324,1.00,1.37
2015.07.27 11:31:04.641,0.63215,0.63241,1.87,1.37
2015.07.27 11:31:04.842,0.63216,0.63244,1.37,1.37
2015.07.27 11:31:04.943,0.63219,0.63247,1.37,1.37
2015.07.27 11:31:05.044,0.63222,0.63247,1.37,1.37
2015.07.27 11:31:05.145,0.63222,0.63248,1.87,1.00
2015.07.27 11:31:05.745,0.63222,0.63251,1.87,1.37
2015.07.27 11:31:06.259,0.63224,0.63251,1.00,1.75
2015.07.27 11:31:06.310,0.63221,0.6325,1.12,1.75
2015.07.27 11:31:06.657,0.63219,0.63245,1.00,1.00
2015.07.27 11:31:06.708,0.63217,0.63245,1.00,1.00
2015.07.27 11:31:06.810,0.63217,0.63243,1.00,2.10
2015.07.27 11:31:07.011,0.63214,0.63242,1.00,1.60
2015.07.27 11:31:07.162,0.63215,0.6324,1.00,1.00
2015.07.27 11:31:07.279,0.63215,0.63243,1.00,1.00
2015.07.27 11:31:07.533,0.63216,0.63241,1.00,1.00
2015.07.27 11:31:07.735,0.63217,0.63243,1.00,1.00
2015.07.27 11:31:07.849,0.63215,0.63243,1.00,1.00
2015.07.27 11:31:08.441,0.63215,0.63242,1.00,1.00
2015.07.27 11:31:08.955,0.63215,0.63242,1.37,1.37
2015.07.27 11:31:10.849,0.63214,0.63242,1.87,1.37
2015.07.27 11:31:11.361,0.63214,0.63241,1.12,1.37
2015.07.27 11:31:12.815,0.63215,0.63241,1.00,1.37
2015.07.27 11:31:13.013,0.63215,0.63244,1.37,1.37
2015.07.27 11:31:13.165,0.63218,0.63246,1.00,1.00
2015.07.27 11:31:13.667,0.63219,0.63247,1.00,1.00
2015.07.27 11:31:14.036,0.63219,0.63247,1.12,1.37
2015.07.27 11:31:15.149,0.63219,0.63247,1.00,1.75
2015.07.27 11:31:15.329,0.63217,0.63243,1.00,1.37
2015.07.27 11:31:15.480,0.63215,0.63243,1.87,1.37
2015.07.27 11:31:16.470,0.63214,0.63241,1.12,1.37
2015.07.27 11:31:16.772,0.63214,0.63241,1.12,1.00
2015.07.27 11:31:16.973,0.63217,0.63245,1.00,2.47
2015.07.27 11:31:17.275,0.63219,0.63248,1.12,2.10
2015.07.27 11:31:19.285,0.63219,0.63246,1.37,1.37
2015.07.27 11:31:19.587,0.63218,0.63247,1.87,1.37
2015.07.27 11:31:19.771,0.63218,0.63247,1.87,1.37
2015.07.27 11:31:20.298,0.63221,0.63247,1.12,1.00
2015.07.27 11:31:20.821,0.63221,0.63249,1.87,1.37
2015.07.27 11:31:20.983,0.63221,0.63249,1.87,1.12
2015.07.27 11:31:21.187,0.63222,0.6325,1.12,1.72
2015.07.27 11:31:21.692,0.63222,0.63248,1.12,1.37
2015.07.27 11:31:23.221,0.63221,0.6325,1.87,1.72
2015.07.27 11:31:24.798,0.63221,0.63248,1.87,1.12
2015.07.27 11:31:25.660,0.63221,0.63247,1.87,1.00
2015.07.27 11:31:26.040,0.6322,0.63248,1.87,1.12
2015.07.27 11:31:29.164,0.6322,0.63249,1.87,1.37
2015.07.27 11:31:29.416,0.63223,0.6325,1.00,1.12
2015.07.27 11:31:29.567,0.63223,0.6325,1.87,1.00
2015.07.27 11:31:30.104,0.63224,0.63252,1.37,1.37
2015.07.27 11:31:30.630,0.63223,0.63251,1.87,1.37
2015.07.27 11:31:31.136,0.63222,0.63251,1.37,1.37
2015.07.27 11:31:32.081,0.63223,0.63252,1.00,2.10
2015.07.27 11:31:32.298,0.6322,0.63247,1.00,1.37
2015.07.27 11:31:32.651,0.63221,0.6325,1.12,1.37
2015.07.27 11:31:33.177,0.63223,0.63252,1.00,2.10
2015.07.27 11:31:33.352,0.63222,0.63251,1.00,1.37
2015.07.27 11:31:33.402,0.63221,0.63249,1.12,1.37
2015.07.27 11:31:33.704,0.63222,0.63251,1.37,1.37
2015.07.27 11:31:33.805,0.63224,0.63251,1.00,1.37
2015.07.27 11:31:34.358,0.63223,0.63252,1.00,2.10
2015.07.27 11:31:34.611,0.63221,0.63249,1.00,1.37
2015.07.27 11:31:35.136,0.63221,0.6325,1.37,1.37
2015.07.27 11:31:36.410,0.63221,0.6325,1.00,1.37
2015.07.27 11:31:36.612,0.63221,0.6325,1.00,1.75
2015.07.27 11:31:37.365,0.6322,0.63249,1.50,1.50
2015.07.27 11:31:37.727,0.6322,0.63249,1.87,1.37
2015.07.27 11:31:38.249,0.63221,0.6325,1.12,1.37
2015.07.27 11:31:38.452,0.63223,0.63251,1.12,1.37
2015.07.27 11:31:39.016,0.63224,0.63251,1.00,1.37
2015.07.27 11:31:39.749,0.63223,0.63252,1.12,2.10
2015.07.27 11:31:42.818,0.63224,0.6325,1.00,1.37
2015.07.27 11:31:43.810,0.63223,0.63251,1.12,1.37
2015.07.27 11:31:44.122,0.63222,0.63248,1.00,1.37
2015.07.27 11:31:44.812,0.6322,0.63249,1.50,1.37
2015.07.27 11:31:46.008,0.63221,0.63248,1.00,1.37
2015.07.27 11:31:49.890,0.6322,0.63248,1.50,1.37
2015.07.27 11:31:50.400,0.6322,0.63249,1.87,1.50
2015.07.27 11:31:51.128,0.6322,0.63249,1.50,1.37
2015.07.27 11:31:55.130,0.6322,0.63249,1.50,1.37
2015.07.27 11:31:55.181,0.63222,0.63249,1.00,1.37
2015.07.27 11:31:57.352,0.63222,0.63249,1.37,1.37
2015.07.27 11:32:02.708,0.63223,0.63248,1.12,1.00
2015.07.27 11:32:03.230,0.63224,0.63249,1.00,1.37
2015.07.27 11:32:03.582,0.63223,0.63251,1.37,1.12
2015.07.27 11:32:04.114,0.63225,0.63252,1.37,1.37
2015.07.27 11:32:04.215,0.63224,0.63251,1.50,1.00
2015.07.27 11:32:04.268,0.63225,0.63253,1.00,1.35
2015.07.27 11:32:04.860,0.63225,0.63251,1.00,1.00
2015.07.27 11:32:05.065,0.63223,0.63252,1.50,1.00
2015.07.27 11:32:05.115,0.63223,0.63252,1.87,1.37
2015.07.27 11:32:08.325,0.63223,0.63252,1.87,1.37
2015.07.27 11:32:09.267,0.63222,0.63249,1.87,1.12
2015.07.27 11:32:09.569,0.63221,0.63247,1.00,1.12
2015.07.27 11:32:09.895,0.63221,0.63247,1.00,1.37
2015.07.27 11:32:09.996,0.63218,0.63246,1.87,1.37
2015.07.27 11:32:10.606,0.63218,0.63246,1.50,1.37
2015.07.27 11:32:10.908,0.63217,0.63246,1.50,1.37
2015.07.27 11:32:11.009,0.63215,0.63243,1.12,1.37
2015.07.27 11:32:11.532,0.63216,0.63245,1.00,1.97
2015.07.27 11:32:12.206,0.63215,0.63244,1.12,1.72
2015.07.27 11:32:14.514,0.63216,0.63244,1.00,1.72
2015.07.27 11:32:15.039,0.63217,0.63245,1.00,1.97
2015.07.27 11:32:18.480,0.63218,0.63244,1.00,1.72
2015.07.27 11:32:19.050,0.63217,0.63245,1.00,1.97
2015.07.27 11:32:19.560,0.63215,0.63244,1.00,1.37
2015.07.27 11:32:20.227,0.63216,0.63245,1.00,1.50
2015.07.27 11:32:20.752,0.63215,0.63244,1.00,1.37
2015.07.27 11:32:21.625,0.63215,0.63244,1.87,1.37
2015.07.27 11:32:24.793,0.63217,0.63242,1.00,1.37
2015.07.27 11:32:24.844,0.63219,0.63245,1.00,1.37
2015.07.27 11:32:24.945,0.63219,0.63245,1.00,1.37
2015.07.27 11:32:25.046,0.6322,0.63247,1.00,2.10
2015.07.27 11:32:25.563,0.63219,0.63245,1.00,1.37
2015.07.27 11:32:27.189,0.63219,0.63245,1.00,1.37
2015.07.27 11:32:27.241,0.63219,0.63245,1.00,1.00
2015.07.27 11:32:27.591,0.63217,0.63243,1.50,1.00
2015.07.27 11:32:28.886,0.63217,0.63243,1.50,1.37
2015.07.27 11:32:29.447,0.63219,0.63244,1.00,1.37
2015.07.27 11:32:30.073,0.63219,0.63246,1.12,1.37
2015.07.27 11:32:30.742,0.6322,0.63246,1.00,1.37
2015.07.27 11:32:30.948,0.63215,0.63242,1.00,1.37
2015.07.27 11:32:30.999,0.63215,0.63242,1.00,1.37
2015.07.27 11:32:31.395,0.63215,0.63241,1.00,1.12
2015.07.27 11:32:32.358,0.63214,0.63242,1.12,1.37
2015.07.27 11:32:32.687,0.63214,0.6324,1.00,1.37
2015.07.27 11:32:32.738,0.63212,0.6324,1.50,1.37
2015.07.27 11:32:35.676,0.63212,0.63239,1.87,1.12
2015.07.27 11:32:36.607,0.63213,0.63241,1.00,1.37
2015.07.27 11:32:37.098,0.63213,0.63241,1.00,1.50
2015.07.27 11:32:37.417,0.63212,0.6324,1.87,1.37
2015.07.27 11:32:37.632,0.63214,0.63239,1.00,1.00
2015.07.27 11:32:38.145,0.63214,0.63242,1.50,1.37
2015.07.27 11:32:38.196,0.63214,0.63243,1.87,1.37
2015.07.27 11:32:38.686,0.63217,0.63244,1.00,1.37
2015.07.27 11:32:39.011,0.6322,0.63245,1.00,1.00
2015.07.27 11:32:39.263,0.63219,0.63247,1.87,1.12
2015.07.27 11:32:39.415,0.63222,0.63247,1.37,1.00
2015.07.27 11:32:39.516,0.63223,0.63249,1.87,1.12
2015.07.27 11:32:39.617,0.63223,0.63251,1.87,1.12
2015.07.27 11:32:39.929,0.63223,0.63251,1.87,1.37
2015.07.27 11:32:43.122,0.63223,0.63251,1.87,1.12
2015.07.27 11:32:43.302,0.63224,0.6325,1.37,1.00
2015.07.27 11:32:43.453,0.63226,0.63254,1.00,1.37
2015.07.27 11:32:44.110,0.63228,0.63255,1.00,1.37
2015.07.27 11:32:46.922,0.63228,0.63255,1.00,1.37
2015.07.27 11:33:04.456,0.63229,0.63254,1.00,1.37
2015.07.27 11:33:12.451,0.63227,0.63254,1.00,1.37
2015.07.27 11:33:12.501,0.63226,0.63254,1.00,1.37
2015.07.27 11:33:12.602,0.63224,0.63253,1.50,1.37
2015.07.27 11:33:13.111,0.63224,0.63251,1.00,1.37
2015.07.27 11:33:18.940,0.63223,0.63251,1.00,1.50
2015.07.27 11:33:19.241,0.63221,0.63247,1.00,1.12
2015.07.27 11:33:19.642,0.63224,0.63249,1.00,1.12
2015.07.27 11:33:20.384,0.63225,0.6325,1.00,1.37
2015.07.27 11:33:20.886,0.63224,0.63249,1.00,1.12
2015.07.27 11:33:21.233,0.63224,0.63248,1.00,1.37
2015.07.27 11:33:21.385,0.6322,0.63246,1.12,1.00
2015.07.27 11:33:23.939,0.63218,0.63246,1.00,1.12
2015.07.27 11:33:23.990,0.63218,0.63246,1.00,1.37
2015.07.27 11:33:41.440,0.63219,0.63244,1.00,1.87
2015.07.27 11:33:41.992,0.63217,0.63244,1.37,1.37
2015.07.27 11:33:43.045,0.63217,0.63244,1.12,1.37
2015.07.27 11:33:43.597,0.63217,0.63242,1.12,1.00
2015.07.27 11:33:44.191,0.63217,0.63244,1.12,1.87
2015.07.27 11:33:50.672,0.63216,0.63242,1.37,1.00
2015.07.27 11:33:50.873,0.63215,0.63242,1.12,1.37
2015.07.27 11:33:53.170,0.63215,0.6324,1.12,1.00
2015.07.27 11:33:54.187,0.63215,0.63242,1.12,1.37
2015.07.27 11:34:02.136,0.63215,0.6324,1.87,1.00
2015.07.27 11:34:02.438,0.63214,0.63238,1.87,1.00
2015.07.27 11:34:02.776,0.63214,0.63238,1.37,1.00
2015.07.27 11:34:02.904,0.63214,0.63238,1.12,1.00
2015.07.27 11:34:03.505,0.63215,0.63238,1.00,1.00
2015.07.27 11:34:04.007,0.63214,0.63238,1.87,1.00
2015.07.27 11:34:06.714,0.63214,0.63236,1.00,1.00
2015.07.27 11:34:07.186,0.63211,0.63236,1.37,1.00
2015.07.27 11:34:07.845,0.63214,0.63236,1.00,1.00
2015.07.27 11:34:08.368,0.63215,0.63236,1.00,1.12
2015.07.27 11:34:08.917,0.63214,0.63236,1.00,1.12
2015.07.27 11:34:09.427,0.63214,0.63238,1.00,1.87
2015.07.27 11:34:10.211,0.63214,0.63238,1.37,1.87
2015.07.27 11:34:10.625,0.63214,0.6324,1.87,1.12
2015.07.27 11:34:12.627,0.63214,0.63241,1.87,1.12
2015.07.27 11:34:13.076,0.63213,0.63239,1.37,1.00
2015.07.27 11:34:13.611,0.63214,0.6324,1.37,1.00
2015.07.27 11:34:14.733,0.63214,0.63239,1.37,1.00
2015.07.27 11:34:17.703,0.63214,0.6324,1.37,1.50
2015.07.27 11:34:20.115,0.63214,0.63239,1.37,1.00
2015.07.27 11:34:20.996,0.63214,0.6324,1.37,1.50
2015.07.27 11:34:23.670,0.63214,0.6324,1.00,1.87
2015.07.27 11:34:24.204,0.63214,0.6324,1.37,1.87
2015.07.27 11:34:27.861,0.63214,0.63238,1.37,1.00
2015.07.27 11:34:27.962,0.63214,0.6324,1.37,1.87
2015.07.27 11:34:32.873,0.63215,0.6324,1.37,1.50
2015.07.27 11:34:38.587,0.63214,0.6324,1.87,1.50
2015.07.27 11:34:39.126,0.63214,0.6324,1.37,1.37
2015.07.27 11:34:41.694,0.63214,0.63237,1.00,1.12
2015.07.27 11:34:41.845,0.63211,0.63237,1.37,1.00
2015.07.27 11:34:41.970,0.63209,0.63236,1.37,1.00
2015.07.27 11:34:42.222,0.63207,0.63234,1.37,1.00
2015.07.27 11:34:42.697,0.63205,0.63232,1.37,1.00
2015.07.27 11:34:43.047,0.63209,0.63232,1.00,1.00
2015.07.27 11:34:43.550,0.63209,0.63233,1.00,1.00
2015.07.27 11:34:44.053,0.63209,0.63232,1.00,1.00
2015.07.27 11:34:44.645,0.63209,0.63233,1.00,1.00
2015.07.27 11:34:45.208,0.63209,0.63232,1.00,1.00
2015.07.27 11:34:45.842,0.63204,0.63232,1.87,1.00
2015.07.27 11:34:46.387,0.63204,0.63232,1.87,1.00
2015.07.27 11:34:46.888,0.63205,0.63233,1.87,1.87
2015.07.27 11:34:47.213,0.63205,0.63231,1.12,1.00
2015.07.27 11:34:47.792,0.63206,0.63232,1.00,1.00
2015.07.27 11:34:48.315,0.63205,0.63231,1.12,1.00
2015.07.27 11:34:48.764,0.63205,0.63233,1.12,1.87
2015.07.27 11:34:49.266,0.63204,0.63232,1.87,1.00
2015.07.27 11:34:49.333,0.63204,0.63232,2.25,1.00
2015.07.27 11:34:49.434,0.63209,0.63234,1.87,1.00
2015.07.27 11:34:49.736,0.6321,0.63234,1.37,1.00
2015.07.27 11:34:49.887,0.63212,0.63237,1.00,1.37
2015.07.27 11:34:50.396,0.63211,0.63237,1.00,1.12
2015.07.27 11:34:50.838,0.63209,0.63234,1.37,1.00
2015.07.27 11:34:50.939,0.63211,0.63237,1.00,1.87
2015.07.27 11:34:51.728,0.63209,0.63235,1.37,1.00
2015.07.27 11:34:52.029,0.63206,0.63231,1.37,1.00
2015.07.27 11:34:52.080,0.63206,0.63231,1.12,1.00
2015.07.27 11:34:53.585,0.63205,0.6323,1.50,1.87
2015.07.27 11:34:54.486,0.63204,0.63229,1.00,1.12
2015.07.27 11:34:55.476,0.63202,0.63229,1.12,1.12
2015.07.27 11:34:55.678,0.63201,0.63229,1.12,1.87
2015.07.27 11:34:57.066,0.632,0.63228,1.87,1.50
2015.07.27 11:35:00.276,0.632,0.63228,1.37,1.50
2015.07.27 11:35:00.807,0.63201,0.63229,1.37,1.50
2015.07.27 11:35:01.357,0.63204,0.63228,1.12,1.00
2015.07.27 11:35:01.510,0.63205,0.6323,1.12,1.50
2015.07.27 11:35:01.712,0.63205,0.6323,1.37,1.00
2015.07.27 11:35:01.866,0.63206,0.63232,1.37,1.50
2015.07.27 11:35:03.246,0.63206,0.63231,1.12,1.00
2015.07.27 11:35:03.407,0.63209,0.63231,1.00,1.87
2015.07.27 11:35:03.533,0.63204,0.63231,1.37,1.50
2015.07.27 11:35:04.117,0.63204,0.6323,1.87,1.00
2015.07.27 11:35:04.387,0.63209,0.6323,1.00,1.00
2015.07.27 11:35:04.938,0.63209,0.63231,1.00,1.50
2015.07.27 11:35:05.596,0.63205,0.63231,1.37,1.50
2015.07.27 11:35:05.647,0.63205,0.63227,1.37,1.00
2015.07.27 11:35:06.206,0.63205,0.63227,1.12,1.00
2015.07.27 11:35:07.436,0.63204,0.63227,1.00,1.00
2015.07.27 11:35:09.897,0.63204,0.63229,1.00,1.00
2015.07.27 11:35:09.948,0.63201,0.63228,1.37,1.00
2015.07.27 11:35:09.998,0.63201,0.63226,1.37,1.00
2015.07.27 11:35:10.131,0.632,0.63225,1.00,1.00
2015.07.27 11:35:10.232,0.632,0.63223,1.00,1.00
2015.07.27 11:35:10.739,0.63199,0.63223,1.00,1.00
2015.07.27 11:35:11.926,0.632,0.63223,1.00,1.00
2015.07.27 11:35:14.508,0.63201,0.63223,1.00,1.00
2015.07.27 11:35:14.709,0.63201,0.63225,1.37,1.00
2015.07.27 11:35:15.286,0.63203,0.63228,1.00,1.87
2015.07.27 11:35:16.681,0.63204,0.63228,1.00,1.37
2015.07.27 11:35:17.586,0.63205,0.63228,1.37,1.00
2015.07.27 11:35:17.637,0.63205,0.63232,1.37,1.00
2015.07.27 11:35:18.165,0.63209,0.63233,1.00,1.00
2015.07.27 11:35:18.669,0.63208,0.63232,1.00,1.00
2015.07.27 11:35:18.770,0.63205,0.63231,1.00,1.00
2015.07.27 11:35:19.140,0.63203,0.63231,1.00,1.50
2015.07.27 11:35:19.191,0.63203,0.63231,1.37,1.87
2015.07.27 11:35:21.106,0.63202,0.63229,1.37,1.37
2015.07.27 11:35:21.358,0.63197,0.63224,1.12,1.00
2015.07.27 11:35:21.585,0.63197,0.63222,1.12,1.00
2015.07.27 11:35:22.476,0.63197,0.63221,1.12,1.00
2015.07.27 11:35:22.627,0.63194,0.63221,1.87,1.12
2015.07.27 11:35:23.181,0.63194,0.6322,1.87,1.50
2015.07.27 11:35:23.683,0.63195,0.6322,1.37,1.00
2015.07.27 11:35:24.210,0.63196,0.6322,1.37,1.00
2015.07.27 11:35:26.893,0.63196,0.63223,1.37,1.12
2015.07.27 11:35:27.429,0.63199,0.63223,1.12,1.00
2015.07.27 11:35:27.530,0.632,0.63223,1.37,1.00
2015.07.27 11:35:27.633,0.63201,0.63226,1.00,1.37
2015.07.27 11:35:28.149,0.632,0.63222,1.00,1.00
2015.07.27 11:35:28.351,0.632,0.63224,1.00,1.50
2015.07.27 11:35:28.925,0.63199,0.63224,1.00,1.12
2015.07.27 11:35:34.569,0.63197,0.63224,1.00,1.12
2015.07.27 11:35:34.620,0.63197,0.63222,1.00,1.00
2015.07.27 11:35:35.075,0.63199,0.63222,1.00,1.00
2015.07.27 11:35:35.422,0.63195,0.63221,1.12,1.00
2015.07.27 11:35:35.473,0.63195,0.63219,1.12,1.00
2015.07.27 11:35:36.025,0.63195,0.63218,1.00,1.00
2015.07.27 11:35:37.828,0.63194,0.63218,1.00,1.00
2015.07.27 11:35:38.548,0.63195,0.63218,1.00,1.00
2015.07.27 11:35:39.212,0.63194,0.63216,1.00,1.00
2015.07.27 11:35:40.028,0.63195,0.63216,1.00,1.00
2015.07.27 11:35:40.577,0.63194,0.63216,1.00,1.12
2015.07.27 11:35:41.192,0.63194,0.63216,1.00,1.37
2015.07.27 11:35:41.416,0.6319,0.63214,1.00,1.12
2015.07.27 11:35:42.524,0.63195,0.63214,1.00,1.00
2015.07.27 11:35:42.858,0.6319,0.63214,1.00,1.00
2015.07.27 11:35:43.860,0.63195,0.63214,1.00,1.00
2015.07.27 11:35:45.688,0.63194,0.63214,1.00,1.00
2015.07.27 11:35:46.354,0.63195,0.63214,1.00,1.00
2015.07.27 11:35:49.669,0.63194,0.63214,1.00,1.00
2015.07.27 11:35:50.172,0.63195,0.63214,1.00,1.00
2015.07.27 11:35:50.460,0.63195,0.63217,1.00,1.12
2015.07.27 11:35:50.550,0.632,0.63217,1.00,1.12
2015.07.27 11:35:50.802,0.632,0.63221,1.00,1.37
2015.07.27 11:35:50.858,0.63195,0.63221,1.12,1.37
2015.07.27 11:35:50.909,0.63197,0.63221,1.00,1.37
2015.07.27 11:35:51.016,0.63198,0.63221,1.00,1.12
2015.07.27 11:35:51.887,0.632,0.63221,1.00,1.00
2015.07.27 11:35:52.473,0.63199,0.63221,1.50,1.00
2015.07.27 11:35:54.325,0.63199,0.63221,1.00,1.37
2015.07.27 11:35:58.133,0.63199,0.63221,1.00,1.00
2015.07.27 11:35:58.684,0.632,0.63221,1.00,1.00
2015.07.27 11:35:59.035,0.63205,0.63221,1.00,1.00
2015.07.27 11:36:00.339,0.63199,0.63221,1.00,1.12
2015.07.27 11:36:01.792,0.63199,0.63221,1.37,1.12
2015.07.27 11:36:02.293,0.63199,0.63221,1.12,1.00
2015.07.27 11:36:03.835,0.632,0.63221,1.00,1.00
2015.07.27 11:36:04.167,0.63204,0.63221,1.00,1.00
2015.07.27 11:36:04.649,0.63204,0.63223,1.00,1.00
2015.07.27 11:36:04.700,0.63204,0.63223,1.00,1.37
2015.07.27 11:36:04.900,0.63204,0.63223,1.00,1.12
2015.07.27 11:36:05.952,0.63204,0.63225,1.00,1.37
2015.07.27 11:36:06.103,0.63204,0.63227,1.00,1.87
2015.07.27 11:36:06.301,0.63209,0.63228,1.00,1.00
2015.07.27 11:36:06.403,0.63205,0.63228,1.00,1.37
2015.07.27 11:36:06.905,0.63204,0.63228,1.12,1.37
2015.07.27 11:36:07.475,0.63204,0.63228,1.00,1.37
2015.07.27 11:36:08.308,0.63204,0.63228,1.00,1.37
2015.07.27 11:36:10.096,0.63204,0.63225,1.00,1.00
2015.07.27 11:36:11.534,0.63205,0.63225,1.00,1.00
2015.07.27 11:36:13.647,0.63204,0.63225,1.00,1.00
2015.07.27 11:36:13.698,0.63204,0.63225,1.00,1.37
2015.07.27 11:36:14.238,0.63204,0.63225,1.00,1.12
2015.07.27 11:36:17.419,0.63204,0.63227,1.12,1.00
2015.07.27 11:36:17.954,0.63205,0.63233,1.12,2.85
2015.07.27 11:36:19.727,0.63205,0.63233,1.00,2.85
2015.07.27 11:36:20.275,0.63204,0.63231,1.87,1.50
2015.07.27 11:36:22.651,0.63205,0.63231,1.00,1.50
2015.07.27 11:36:26.043,0.63205,0.6323,1.12,1.37
2015.07.27 11:36:26.563,0.63205,0.63231,1.00,1.37
2015.07.27 11:36:27.081,0.63204,0.63231,1.50,1.37
2015.07.27 11:36:27.603,0.63205,0.63232,1.00,1.50
2015.07.27 11:36:29.920,0.63204,0.63232,1.50,3.60
2015.07.27 11:36:30.235,0.63204,0.6323,1.50,2.10
2015.07.27 11:36:38.122,0.63204,0.63229,1.50,1.72
2015.07.27 11:36:40.020,0.63204,0.63231,1.50,1.97
2015.07.27 11:36:40.707,0.6321,0.63231,1.00,1.97
2015.07.27 11:36:41.034,0.6322,0.63238,1.00,1.72
2015.07.27 11:36:41.145,0.63214,0.63238,1.00,1.72
2015.07.27 11:36:41.568,0.6321,0.63237,1.50,1.60
2015.07.27 11:36:41.726,0.63208,0.63237,1.00,1.60
2015.07.27 11:36:41.836,0.63205,0.63234,1.50,1.60
2015.07.27 11:36:42.147,0.63202,0.63229,1.00,1.50
2015.07.27 11:36:42.701,0.632,0.63228,1.87,1.37
2015.07.27 11:36:43.136,0.63199,0.63226,2.25,1.37
2015.07.27 11:36:43.683,0.632,0.63229,1.12,1.50
2015.07.27 11:36:45.159,0.632,0.63228,1.00,1.50
2015.07.27 11:36:45.691,0.63199,0.63226,1.87,1.37
2015.07.27 11:36:46.213,0.632,0.63227,1.00,1.37
2015.07.27 11:36:46.264,0.632,0.63227,1.00,1.37
2015.07.27 11:36:46.966,0.63199,0.63226,1.87,1.37
2015.07.27 11:36:47.514,0.632,0.63227,1.00,1.37
2015.07.27 11:36:48.018,0.63199,0.63227,1.00,1.37
2015.07.27 11:36:49.374,0.632,0.63228,1.00,1.37
2015.07.27 11:36:49.867,0.63199,0.63227,1.00,1.75
2015.07.27 11:36:49.999,0.63196,0.63224,1.00,1.37
2015.07.27 11:36:50.524,0.63196,0.63223,1.00,1.37
2015.07.27 11:36:50.857,0.63194,0.63224,2.25,1.75
2015.07.27 11:36:51.113,0.63194,0.63222,1.00,1.37
2015.07.27 11:36:51.578,0.63195,0.63224,1.00,1.37
2015.07.27 11:36:51.729,0.63198,0.63225,1.00,1.37
2015.07.27 11:36:52.472,0.63196,0.63225,1.87,1.37
2015.07.27 11:36:53.030,0.63199,0.63225,1.00,1.37
2015.07.27 11:36:53.763,0.632,0.63227,1.00,1.37
2015.07.27 11:36:54.684,0.63199,0.63228,2.62,1.37
2015.07.27 11:36:55.231,0.632,0.63229,1.00,2.10
2015.07.27 11:36:55.786,0.63201,0.6323,1.00,2.10
2015.07.27 11:36:56.188,0.63201,0.6323,1.00,1.72
2015.07.27 11:36:56.238,0.63205,0.63229,1.00,1.35
2015.07.27 11:36:56.597,0.63204,0.63231,1.00,1.97
2015.07.27 11:36:57.100,0.63205,0.63231,1.00,1.75
2015.07.27 11:36:57.201,0.63204,0.63232,1.00,1.50
2015.07.27 11:36:57.734,0.63205,0.63233,1.00,1.75
2015.07.27 11:36:57.885,0.63204,0.63232,1.50,1.00
2015.07.27 11:36:58.193,0.63204,0.63232,1.87,1.75
2015.07.27 11:36:58.810,0.63205,0.63232,1.00,1.75
2015.07.27 11:37:00.595,0.63204,0.63232,1.87,1.75
2015.07.27 11:37:01.701,0.63204,0.63232,1.87,1.50
2015.07.27 11:37:11.622,0.63205,0.63233,1.00,1.75
2015.07.27 11:37:11.723,0.63205,0.63232,1.00,1.37
2015.07.27 11:37:11.847,0.63204,0.63232,1.00,1.50
2015.07.27 11:37:12.149,0.63205,0.6323,1.00,1.00
2015.07.27 11:37:12.200,0.63205,0.63232,1.00,1.00
2015.07.27 11:37:13.524,0.63205,0.63232,1.00,1.37
2015.07.27 11:37:14.133,0.63205,0.63234,1.50,1.72
2015.07.27 11:37:16.035,0.63206,0.63233,1.00,1.37
2015.07.27 11:37:17.769,0.63206,0.63233,1.00,1.00
2015.07.27 11:37:17.819,0.6321,0.63233,1.00,1.37
2015.07.27 11:37:19.944,0.63204,0.63233,2.62,1.50
2015.07.27 11:37:21.248,0.63204,0.63231,1.50,1.37
2015.07.27 11:37:21.450,0.63204,0.63231,1.50,1.37
2015.07.27 11:37:21.601,0.6321,0.63233,1.00,1.37
2015.07.27 11:37:21.753,0.6321,0.63234,1.00,1.72
2015.07.27 11:37:21.979,0.63209,0.63236,1.00,1.97
2015.07.27 11:37:22.030,0.6321,0.63236,1.00,2.10
2015.07.27 11:37:22.332,0.63209,0.63234,1.00,1.67
2015.07.27 11:37:23.047,0.6321,0.63238,1.00,2.47
2015.07.27 11:37:23.334,0.63214,0.63239,1.00,1.37
2015.07.27 11:37:23.435,0.6321,0.63239,1.87,1.37
2015.07.27 11:37:23.644,0.6321,0.63239,1.87,1.37
2015.07.27 11:37:23.695,0.63213,0.63239,1.00,1.37
2015.07.27 11:37:23.745,0.63214,0.63241,1.00,1.00
2015.07.27 11:37:23.846,0.63214,0.63243,1.00,1.12
2015.07.27 11:37:23.947,0.63216,0.63243,1.00,1.12
2015.07.27 11:37:24.507,0.63215,0.63242,1.50,1.00
2015.07.27 11:37:24.857,0.63215,0.63242,1.50,1.37
2015.07.27 11:37:25.408,0.63215,0.63243,1.00,1.37
2015.07.27 11:37:25.779,0.63214,0.63243,1.87,1.37
2015.07.27 11:37:25.980,0.63216,0.63244,1.12,1.37
2015.07.27 11:37:26.182,0.63216,0.63243,1.00,1.37
2015.07.27 11:37:26.712,0.63215,0.63243,1.00,1.37
2015.07.27 11:37:28.016,0.63216,0.63243,1.00,1.37
2015.07.27 11:37:29.470,0.63216,0.63243,1.12,1.37
2015.07.27 11:37:29.971,0.63217,0.63244,1.00,1.37
2015.07.27 11:37:30.273,0.63216,0.63244,1.12,1.12
2015.07.27 11:37:30.405,0.63217,0.63246,1.00,1.72
2015.07.27 11:37:30.456,0.63217,0.63246,1.00,1.72
2015.07.27 11:37:30.783,0.63219,0.63247,1.00,1.37
2015.07.27 11:37:30.985,0.63221,0.6325,1.87,1.37
2015.07.27 11:37:31.085,0.63221,0.6325,1.87,1.75
2015.07.27 11:37:31.603,0.63223,0.63249,1.12,1.37
2015.07.27 11:37:38.372,0.63223,0.63248,1.00,1.37
2015.07.27 11:37:42.687,0.63223,0.6325,1.50,1.37
2015.07.27 11:37:43.601,0.63223,0.63251,1.00,1.75
2015.07.27 11:37:43.820,0.63221,0.63247,1.12,1.50
2015.07.27 11:37:43.921,0.63221,0.63247,1.00,1.37
2015.07.27 11:37:44.036,0.63219,0.63247,1.87,1.37
2015.07.27 11:37:44.541,0.63219,0.63247,1.00,1.37
2015.07.27 11:37:49.846,0.63219,0.63245,1.12,1.37
2015.07.27 11:37:50.398,0.6322,0.63246,1.00,1.50
2015.07.27 11:37:51.255,0.63218,0.63245,1.87,1.37
2015.07.27 11:37:51.584,0.63221,0.63245,1.00,1.37
2015.07.27 11:37:51.635,0.63221,0.63247,1.00,1.37
2015.07.27 11:37:51.753,0.63217,0.63246,1.87,1.72
2015.07.27 11:37:51.854,0.63217,0.63243,1.37,1.00
2015.07.27 11:37:52.157,0.63224,0.63251,1.00,1.37
2015.07.27 11:37:52.459,0.63224,0.63251,1.00,1.50
2015.07.27 11:37:53.009,0.63224,0.63251,1.00,1.75
2015.07.27 11:37:53.204,0.63222,0.63251,1.50,1.50
2015.07.27 11:37:53.305,0.6322,0.63249,2.25,1.37
2015.07.27 11:37:53.516,0.63222,0.63249,1.00,1.37
2015.07.27 11:37:53.594,0.6322,0.63249,1.50,1.37
2015.07.27 11:37:54.105,0.63222,0.6325,1.00,1.37
2015.07.27 11:37:54.156,0.63222,0.63251,1.50,1.37
2015.07.27 11:37:54.620,0.63224,0.63251,1.00,1.37
2015.07.27 11:37:54.721,0.63222,0.63251,1.87,1.37
2015.07.27 11:37:54.837,0.63222,0.63251,1.87,1.37
2015.07.27 11:37:55.142,0.63222,0.63251,1.12,1.37
2015.07.27 11:37:55.715,0.63222,0.63249,1.37,1.37
2015.07.27 11:37:56.067,0.63222,0.63249,1.12,1.37
2015.07.27 11:37:56.660,0.63219,0.63248,1.50,1.37
2015.07.27 11:37:56.912,0.63217,0.63245,1.00,1.37
2015.07.27 11:37:57.713,0.63216,0.63246,1.50,1.37
2015.07.27 11:37:58.238,0.63217,0.63246,1.00,1.37
2015.07.27 11:37:58.807,0.63217,0.63246,1.00,1.37
2015.07.27 11:38:00.095,0.63218,0.63247,1.00,1.37
2015.07.27 11:38:01.853,0.63217,0.63244,1.00,1.12
2015.07.27 11:38:01.954,0.63217,0.63244,1.00,1.50
2015.07.27 11:38:02.005,0.63215,0.63243,2.62,1.37
2015.07.27 11:38:02.105,0.63218,0.63244,1.00,1.37
2015.07.27 11:38:02.657,0.63216,0.63244,1.37,1.37
2015.07.27 11:38:03.310,0.63218,0.63247,1.00,1.75
2015.07.27 11:38:03.751,0.63219,0.63248,1.50,1.37
2015.07.27 11:38:04.267,0.63219,0.63248,1.00,1.75
2015.07.27 11:38:04.474,0.63217,0.63246,1.00,1.37
2015.07.27 11:38:04.575,0.63216,0.63245,1.87,1.50
2015.07.27 11:38:06.607,0.63215,0.63243,1.50,1.37
2015.07.27 11:38:06.753,0.63215,0.63243,1.50,1.37
2015.07.27 11:38:06.804,0.63215,0.63241,1.00,1.72
2015.07.27 11:38:06.854,0.63213,0.63241,1.50,1.72
2015.07.27 11:38:07.357,0.63214,0.63243,1.50,1.60
2015.07.27 11:38:07.881,0.63215,0.63242,1.00,1.60
2015.07.27 11:38:08.993,0.63215,0.63239,1.87,1.30
2015.07.27 11:38:09.602,0.63215,0.63239,1.00,1.30
2015.07.27 11:38:09.706,0.63215,0.6324,1.00,1.97
2015.07.27 11:38:10.314,0.63214,0.63242,1.87,2.10
2015.07.27 11:38:11.106,0.63214,0.63242,1.00,1.97
2015.07.27 11:38:11.641,0.63215,0.63244,1.00,1.50
2015.07.27 11:38:12.279,0.63215,0.63244,1.12,1.37
2015.07.27 11:38:13.481,0.63215,0.63244,1.87,1.37
2015.07.27 11:38:13.783,0.63219,0.63246,1.00,2.10
2015.07.27 11:38:14.402,0.63219,0.63246,1.00,1.97
2015.07.27 11:38:16.188,0.63219,0.63246,1.00,1.35
2015.07.27 11:38:17.100,0.63219,0.63245,1.00,1.72
2015.07.27 11:38:17.710,0.63218,0.63247,1.50,2.10
2015.07.27 11:38:18.344,0.63219,0.63246,1.00,1.97
2015.07.27 11:38:20.731,0.63219,0.63248,1.50,2.10
2015.07.27 11:38:21.195,0.63217,0.63246,1.00,1.97
2015.07.27 11:38:21.300,0.63217,0.63245,1.00,1.67
2015.07.27 11:38:21.351,0.63215,0.63244,1.12,1.50
2015.07.27 11:38:21.506,0.63216,0.63243,1.37,1.37
2015.07.27 11:38:21.607,0.63216,0.63243,1.00,1.12
2015.07.27 11:38:21.708,0.63219,0.63244,1.12,1.12
2015.07.27 11:38:21.910,0.63221,0.63247,1.00,1.00
2015.07.27 11:38:22.338,0.63222,0.6325,1.00,1.00
2015.07.27 11:38:22.678,0.63224,0.6325,1.00,1.00
2015.07.27 11:38:23.321,0.63223,0.63251,1.50,1.00
2015.07.27 11:38:24.113,0.63223,0.63251,1.87,1.37
2015.07.27 11:38:24.514,0.63223,0.63251,1.87,1.37
2015.07.27 11:38:25.116,0.63223,0.63251,1.37,1.50
2015.07.27 11:38:25.818,0.63224,0.63251,1.37,1.50
2015.07.27 11:38:26.520,0.63224,0.63251,1.37,1.37
2015.07.27 11:38:27.045,0.63224,0.6325,1.12,1.37
2015.07.27 11:38:27.553,0.63225,0.63253,1.12,2.10
2015.07.27 11:38:28.076,0.63225,0.63254,1.87,2.10
2015.07.27 11:38:29.943,0.63226,0.63253,1.37,1.97
2015.07.27 11:38:31.032,0.63226,0.63255,1.37,1.97
2015.07.27 11:38:31.533,0.63227,0.63254,1.37,1.72
2015.07.27 11:38:31.617,0.63229,0.63257,1.12,1.37
2015.07.27 11:38:31.788,0.63231,0.63257,1.00,1.37
2015.07.27 11:38:32.608,0.63229,0.63256,1.37,1.37
2015.07.27 11:38:33.738,0.63229,0.63257,1.87,2.10
2015.07.27 11:38:34.258,0.63229,0.63257,1.87,2.10
2015.07.27 11:38:36.143,0.63229,0.63257,1.37,1.72
2015.07.27 11:38:39.563,0.63229,0.63257,1.37,2.10
2015.07.27 11:38:40.501,0.63228,0.63256,1.37,1.37
2015.07.27 11:38:42.844,0.6323,0.63256,1.00,1.37
2015.07.27 11:38:43.061,0.6323,0.63256,1.37,1.37
2015.07.27 11:38:43.161,0.6323,0.63256,1.12,1.37
2015.07.27 11:38:43.881,0.6323,0.63257,1.87,1.67
2015.07.27 11:38:44.541,0.6323,0.63257,1.12,1.72
2015.07.27 11:38:44.701,0.63231,0.63257,1.37,1.72
2015.07.27 11:38:49.625,0.63231,0.63257,1.87,1.72
2015.07.27 11:38:49.928,0.63229,0.63256,1.12,1.37
2015.07.27 11:38:50.029,0.63229,0.63256,1.00,1.37
2015.07.27 11:38:50.599,0.63227,0.63256,1.87,1.37
2015.07.27 11:38:50.820,0.63227,0.63256,1.87,1.37
2015.07.27 11:38:51.703,0.63227,0.63255,1.37,1.37
2015.07.27 11:38:52.030,0.63221,0.6325,1.12,1.37
2015.07.27 11:38:52.206,0.6322,0.63248,1.00,1.37
2015.07.27 11:38:52.614,0.63221,0.63248,1.87,1.37
2015.07.27 11:38:52.665,0.63223,0.6325,1.00,1.37
2015.07.27 11:38:52.843,0.63221,0.63248,1.50,1.00
2015.07.27 11:38:53.095,0.63223,0.63248,1.00,1.00
2015.07.27 11:38:53.510,0.63223,0.63248,1.00,1.37
2015.07.27 11:38:54.016,0.63224,0.63248,1.00,1.37
2015.07.27 11:38:54.693,0.63224,0.63248,1.00,1.37
2015.07.27 11:38:55.336,0.63224,0.63248,1.00,1.37
2015.07.27 11:38:55.564,0.63224,0.6325,1.00,1.75
2015.07.27 11:38:55.836,0.63224,0.63251,1.12,1.50
2015.07.27 11:38:56.138,0.63224,0.63252,1.87,1.72
2015.07.27 11:38:56.239,0.63223,0.63252,1.37,1.72
2015.07.27 11:38:56.931,0.63224,0.63252,1.37,1.72
2015.07.27 11:38:57.487,0.63225,0.63252,1.12,2.10
2015.07.27 11:39:00.080,0.63224,0.63252,1.37,2.10
2015.07.27 11:39:00.381,0.63224,0.63252,1.12,2.10
2015.07.27 11:39:00.482,0.63224,0.63252,1.87,1.72
2015.07.27 11:39:01.951,0.63224,0.63252,1.37,2.10
2015.07.27 11:39:02.159,0.63223,0.63251,1.87,1.37
2015.07.27 11:39:02.689,0.63223,0.63251,1.87,1.50
2015.07.27 11:39:03.240,0.63224,0.63251,1.00,1.75
2015.07.27 11:39:03.492,0.63224,0.63253,1.50,1.72
2015.07.27 11:39:03.684,0.63226,0.63254,1.00,1.37
2015.07.27 11:39:04.027,0.63228,0.63255,1.00,1.37
2015.07.27 11:39:04.330,0.63228,0.63255,1.37,1.50
2015.07.27 11:39:04.872,0.63228,0.63255,1.87,1.75
2015.07.27 11:39:06.780,0.63228,0.63255,1.12,1.37
2015.07.27 11:39:08.660,0.63228,0.63255,1.50,1.50
2015.07.27 11:39:17.034,0.63228,0.63255,1.00,1.37
2015.07.27 11:39:17.984,0.63225,0.63254,1.87,1.37
2015.07.27 11:39:20.031,0.63225,0.63254,1.37,1.75
2015.07.27 11:39:20.132,0.63224,0.63248,1.50,1.30
2015.07.27 11:39:20.233,0.63225,0.63248,1.00,1.72
2015.07.27 11:39:20.283,0.63221,0.63247,1.37,1.37
2015.07.27 11:39:20.334,0.63221,0.63247,1.12,1.37
2015.07.27 11:39:20.683,0.63219,0.63244,1.37,1.37
2015.07.27 11:39:20.733,0.63217,0.63244,1.12,1.37
2015.07.27 11:39:22.404,0.63216,0.63243,1.37,1.12
2015.07.27 11:39:22.981,0.63218,0.63246,1.00,1.72
2015.07.27 11:39:23.032,0.63219,0.63246,1.12,1.72
2015.07.27 11:39:23.657,0.63219,0.63246,1.00,1.72
2015.07.27 11:39:24.242,0.63219,0.63247,1.00,1.37
2015.07.27 11:39:26.190,0.63218,0.63247,1.87,1.37
2015.07.27 11:39:27.231,0.63218,0.63247,1.87,1.37
2015.07.27 11:39:29.754,0.6322,0.63246,1.00,1.37
2015.07.27 11:39:30.401,0.63218,0.63246,1.87,1.37
2015.07.27 11:39:30.939,0.6322,0.63246,1.00,1.37
2015.07.27 11:39:31.599,0.63219,0.63247,1.12,1.37
2015.07.27 11:39:32.986,0.63218,0.63246,1.87,1.37
2015.07.27 11:39:33.454,0.63219,0.63247,1.12,1.37
2015.07.27 11:39:37.521,0.6322,0.63247,1.00,1.37
2015.07.27 11:39:38.023,0.6322,0.63247,1.12,1.37
2015.07.27 11:39:39.386,0.6322,0.63247,1.37,1.37
2015.07.27 11:39:42.081,0.63219,0.63247,1.12,1.37
2015.07.27 11:39:42.583,0.63218,0.63244,1.37,1.00
2015.07.27 11:39:43.305,0.63218,0.63244,1.12,1.12
2015.07.27 11:39:45.617,0.63218,0.63244,1.00,1.37
2015.07.27 11:39:45.995,0.63217,0.63243,1.12,1.37
2015.07.27 11:39:46.096,0.63217,0.63243,1.12,1.12
2015.07.27 11:39:46.647,0.63217,0.63242,1.12,1.00
2015.07.27 11:39:47.200,0.63217,0.63243,1.12,1.37
2015.07.27 11:39:47.794,0.63217,0.63242,1.87,1.00
2015.07.27 11:39:48.200,0.63219,0.63244,1.12,1.12
2015.07.27 11:39:48.521,0.63219,0.63242,1.00,1.00
2015.07.27 11:39:49.052,0.63219,0.63242,1.00,1.37
2015.07.27 11:39:49.578,0.63219,0.63242,1.00,1.37
2015.07.27 11:39:51.642,0.63216,0.6324,1.00,1.37
2015.07.27 11:39:51.844,0.63215,0.63237,1.00,1.12
2015.07.27 11:39:51.894,0.6321,0.63237,1.87,1.12
2015.07.27 11:39:51.945,0.6321,0.63234,1.00,1.00
2015.07.27 11:39:52.253,0.6321,0.63232,1.00,1.00
2015.07.27 11:39:52.673,0.6321,0.63234,1.00,1.00
2015.07.27 11:39:52.774,0.63211,0.63236,1.12,1.12
2015.07.27 11:39:52.824,0.63211,0.63237,1.37,1.37
2015.07.27 11:39:53.029,0.63211,0.63237,1.12,1.37
2015.07.27 11:39:56.641,0.63211,0.63236,1.37,1.00
2015.07.27 11:39:56.691,0.63215,0.63239,1.00,1.12
2015.07.27 11:39:57.243,0.63214,0.6324,1.87,1.00
2015.07.27 11:39:57.445,0.63215,0.63242,1.87,1.12
2015.07.27 11:39:57.997,0.63215,0.63242,2.62,1.37
2015.07.27 11:39:59.601,0.63215,0.63242,1.87,1.00
2015.07.27 11:39:59.752,0.63219,0.63246,1.12,1.37
2015.07.27 11:40:00.278,0.63218,0.63243,1.00,1.12
2015.07.27 11:40:00.602,0.63216,0.63244,1.50,1.37
2015.07.27 11:40:01.141,0.63216,0.63241,1.87,1.37
2015.07.27 11:40:02.064,0.63216,0.63242,1.37,1.37
2015.07.27 11:40:02.589,0.63216,0.63242,1.87,1.12
2015.07.27 11:40:04.186,0.63216,0.63243,1.37,1.37
2015.07.27 11:40:04.796,0.63216,0.63242,1.12,1.37
2015.07.27 11:40:06.997,0.63216,0.63241,1.87,1.12
2015.07.27 11:40:09.635,0.63216,0.63242,1.37,1.37
2015.07.27 11:40:10.156,0.6322,0.63242,1.00,1.37
2015.07.27 11:40:10.442,0.63219,0.63244,1.12,1.35
2015.07.27 11:40:11.052,0.63219,0.63244,1.37,1.00
2015.07.27 11:40:11.203,0.63219,0.63246,1.37,1.00
2015.07.27 11:40:11.712,0.63221,0.63245,1.12,1.00
2015.07.27 11:40:12.252,0.63221,0.63246,1.37,1.37
2015.07.27 11:40:12.655,0.63224,0.63247,1.00,1.37
2015.07.27 11:40:13.169,0.63225,0.63247,1.00,1.37
2015.07.27 11:40:13.304,0.63222,0.63247,1.37,1.37
2015.07.27 11:40:13.866,0.63222,0.63247,1.37,1.37
2015.07.27 11:40:16.772,0.63221,0.63245,1.12,1.37
2015.07.27 11:40:17.343,0.63221,0.63244,1.00,1.37
2015.07.27 11:40:19.353,0.63221,0.63244,1.00,1.37
2015.07.27 11:40:19.454,0.63218,0.63244,1.50,2.10
2015.07.27 11:40:19.537,0.63218,0.63244,1.50,1.72
2015.07.27 11:40:19.637,0.63216,0.63241,1.37,1.37
2015.07.27 11:40:21.143,0.63216,0.6324,1.12,1.37
2015.07.27 11:40:21.483,0.63216,0.63241,1.37,1.37
2015.07.27 11:40:22.787,0.6322,0.63241,1.00,1.12
2015.07.27 11:40:23.315,0.63216,0.63242,1.87,1.37
2015.07.27 11:40:23.591,0.63216,0.63243,1.37,1.37
2015.07.27 11:40:23.648,0.63216,0.63243,1.37,1.37
2015.07.27 11:40:23.749,0.63216,0.63242,1.37,1.37
2015.07.27 11:40:24.152,0.63214,0.63241,1.37,1.37
2015.07.27 11:40:28.968,0.63214,0.6324,1.37,1.37
2015.07.27 11:40:29.220,0.63216,0.6324,1.37,1.00
2015.07.27 11:40:29.762,0.63216,0.63242,1.37,1.37
2015.07.27 11:40:32.217,0.63214,0.63241,1.37,1.37
2015.07.27 11:40:32.718,0.63214,0.63238,1.12,1.37
2015.07.27 11:40:35.192,0.63216,0.63239,1.00,1.37
2015.07.27 11:40:36.212,0.63216,0.63238,1.00,1.37
2015.07.27 11:40:36.266,0.63214,0.63238,1.00,1.37
2015.07.27 11:40:36.832,0.63214,0.63236,1.00,1.12
2015.07.27 11:40:38.205,0.63211,0.63236,1.12,1.12
2015.07.27 11:40:38.987,0.63212,0.63236,1.00,1.12
2015.07.27 11:40:39.502,0.63212,0.63236,1.00,1.37
2015.07.27 11:40:42.531,0.63212,0.63237,1.00,1.37
2015.07.27 11:40:43.050,0.63212,0.63236,1.00,1.37
2015.07.27 11:40:45.344,0.63212,0.63238,1.00,1.50
2015.07.27 11:40:45.957,0.63212,0.63238,1.00,1.37
2015.07.27 11:40:47.656,0.6321,0.63234,1.00,1.37
2015.07.27 11:40:48.363,0.6321,0.63236,1.00,1.37
2015.07.27 11:40:48.867,0.63211,0.63235,1.00,1.37
2015.07.27 11:40:48.995,0.6321,0.63235,1.00,1.37
2015.07.27 11:40:49.096,0.6321,0.63234,1.00,1.12
2015.07.27 11:40:49.557,0.6321,0.63234,1.00,1.37
2015.07.27 11:40:56.311,0.6321,0.63234,1.00,1.12
2015.07.27 11:40:56.481,0.63208,0.63234,1.00,1.75
2015.07.27 11:40:56.682,0.63204,0.63231,1.00,1.37
2015.07.27 11:40:57.433,0.63205,0.63228,1.00,1.00
2015.07.27 11:40:57.984,0.63204,0.63229,1.50,1.12
2015.07.27 11:41:00.783,0.63204,0.63229,1.50,1.37
2015.07.27 11:41:01.034,0.63206,0.6323,1.00,1.37
2015.07.27 11:41:01.085,0.63206,0.6323,1.00,1.12
2015.07.27 11:41:01.387,0.63206,0.6323,1.00,1.37
2015.07.27 11:41:04.573,0.63207,0.63231,1.00,1.37
2015.07.27 11:41:05.797,0.63207,0.63232,1.00,1.37
2015.07.27 11:41:06.925,0.63207,0.63232,1.00,1.37
2015.07.27 11:41:07.485,0.63207,0.6323,1.00,1.37
2015.07.27 11:41:08.055,0.63207,0.6323,1.00,1.37
2015.07.27 11:41:09.459,0.63207,0.63231,1.00,1.37
2015.07.27 11:41:12.865,0.63208,0.63231,1.00,1.37
2015.07.27 11:41:14.920,0.63207,0.63231,1.00,1.37
2015.07.27 11:41:15.301,0.63205,0.63229,1.50,1.37
2015.07.27 11:41:16.067,0.63205,0.63231,1.00,1.37
2015.07.27 11:41:17.275,0.63206,0.63231,1.00,1.37
2015.07.27 11:41:22.933,0.63206,0.63231,1.00,1.00
2015.07.27 11:41:22.983,0.63209,0.63231,1.00,1.00
2015.07.27 11:41:23.285,0.63209,0.63231,1.00,1.37
2015.07.27 11:41:23.463,0.63206,0.6323,1.00,1.37
2015.07.27 11:41:23.994,0.63205,0.6323,1.12,1.37
2015.07.27 11:41:24.447,0.63204,0.63227,1.00,1.00
2015.07.27 11:41:24.631,0.63204,0.63229,1.12,1.00
2015.07.27 11:41:24.685,0.63207,0.63229,1.00,1.00
2015.07.27 11:41:25.099,0.63207,0.6323,1.37,1.00
2015.07.27 11:41:25.250,0.63208,0.63232,1.12,1.00
2015.07.27 11:41:26.323,0.63208,0.63234,1.37,1.00
2015.07.27 11:41:26.852,0.63211,0.63235,1.37,1.00
2015.07.27 11:41:27.411,0.63211,0.63236,1.37,1.00
2015.07.27 11:41:30.130,0.63211,0.63237,1.37,1.00
2015.07.27 11:41:30.432,0.63219,0.63244,1.00,1.37
2015.07.27 11:41:30.633,0.63221,0.63246,1.00,1.00
2015.07.27 11:41:31.398,0.63221,0.63245,1.00,1.00
2015.07.27 11:41:31.749,0.63221,0.63247,1.00,1.00
2015.07.27 11:41:31.965,0.63219,0.63246,1.00,1.50
2015.07.27 11:41:32.230,0.63215,0.6324,1.87,1.12
2015.07.27 11:41:32.774,0.63215,0.63239,1.37,1.00
2015.07.27 11:41:33.384,0.63215,0.63241,1.37,1.37
2015.07.27 11:41:35.824,0.63215,0.63242,1.37,1.37
2015.07.27 11:41:36.325,0.63215,0.63241,1.37,1.37
2015.07.27 11:41:36.376,0.63215,0.63241,1.12,1.37
2015.07.27 11:41:37.129,0.63215,0.6324,1.12,1.37
2015.07.27 11:41:37.632,0.63215,0.6324,1.37,1.37
2015.07.27 11:41:38.251,0.63215,0.63241,1.12,1.37
2015.07.27 11:41:38.944,0.63215,0.63241,1.12,1.37
2015.07.27 11:41:39.485,0.63215,0.63241,1.12,1.37
2015.07.27 11:41:40.022,0.63215,0.63241,1.37,1.37
2015.07.27 11:41:40.840,0.63215,0.63241,1.87,1.37
2015.07.27 11:41:41.071,0.63215,0.6324,1.00,1.50
2015.07.27 11:41:41.172,0.63212,0.63233,1.00,1.00
2015.07.27 11:41:41.273,0.63209,0.63232,1.37,1.12
2015.07.27 11:41:41.625,0.6321,0.63235,1.00,1.00
2015.07.27 11:41:41.894,0.63213,0.63236,1.00,1.00
2015.07.27 11:41:42.306,0.63213,0.63238,1.00,1.00
2015.07.27 11:41:42.907,0.63212,0.63238,1.00,1.00
2015.07.27 11:41:42.957,0.63212,0.63237,1.00,1.37
2015.07.27 11:41:43.558,0.63212,0.63237,1.12,1.12
2015.07.27 11:41:43.953,0.63212,0.63237,1.12,1.37
2015.07.27 11:41:49.121,0.63212,0.63236,1.00,1.12
2015.07.27 11:41:49.405,0.6321,0.63236,1.00,1.12
2015.07.27 11:41:49.456,0.6321,0.63234,1.00,1.00
2015.07.27 11:41:49.772,0.6321,0.63236,1.00,1.12
2015.07.27 11:41:50.304,0.6321,0.63236,1.00,1.37
2015.07.27 11:41:50.911,0.6321,0.63236,1.00,1.12
2015.07.27 11:41:51.286,0.6321,0.63238,1.87,1.00
2015.07.27 11:41:51.832,0.6321,0.63238,1.87,1.00
2015.07.27 11:41:58.243,0.63212,0.63238,1.37,1.00
2015.07.27 11:41:58.745,0.63212,0.63239,1.37,1.00
2015.07.27 11:41:59.347,0.63212,0.63238,1.87,1.00
2015.07.27 11:42:00.525,0.63212,0.63237,1.37,1.00
2015.07.27 11:42:00.855,0.63212,0.63239,1.37,1.00
2015.07.27 11:42:01.906,0.63212,0.63239,1.37,1.00
2015.07.27 11:42:02.454,0.63213,0.63239,1.37,1.00
2015.07.27 11:42:02.756,0.63213,0.63237,1.37,1.00
2015.07.27 11:42:02.857,0.63213,0.63237,1.00,1.00
2015.07.27 11:42:02.958,0.63211,0.63237,1.87,1.00
2015.07.27 11:42:03.474,0.63209,0.63237,1.12,1.37
2015.07.27 11:42:03.725,0.63208,0.63234,1.87,1.00
2015.07.27 11:42:04.260,0.63206,0.63234,1.87,1.37
2015.07.27 11:42:04.568,0.63207,0.63234,1.37,1.00
2015.07.27 11:42:06.718,0.63208,0.63235,1.37,1.12
2015.07.27 11:42:06.984,0.6321,0.63237,1.12,1.12
2015.07.27 11:42:07.053,0.6321,0.63237,1.37,1.00
2015.07.27 11:42:07.571,0.63212,0.63239,1.37,1.37
2015.07.27 11:42:11.089,0.63213,0.6324,1.37,1.12
2015.07.27 11:42:11.717,0.63215,0.63242,1.87,1.37
2015.07.27 11:42:17.960,0.63214,0.63242,1.87,1.00
2015.07.27 11:42:18.111,0.63214,0.63242,2.62,1.37
2015.07.27 11:42:18.446,0.63215,0.63239,1.00,1.37
2015.07.27 11:42:18.864,0.63215,0.6324,1.37,1.12
2015.07.27 11:42:18.965,0.63217,0.63241,1.37,1.00
2015.07.27 11:42:19.116,0.63217,0.63243,1.87,1.12
2015.07.27 11:42:19.692,0.6322,0.63243,1.00,1.12
2015.07.27 11:42:25.131,0.6322,0.63245,1.12,1.12
2015.07.27 11:42:25.232,0.6322,0.63248,1.87,1.37
2015.07.27 11:42:25.434,0.63222,0.63249,1.12,1.12
2015.07.27 11:42:28.068,0.63222,0.63247,1.12,1.00
2015.07.27 11:42:28.130,0.63222,0.63249,1.12,1.12
2015.07.27 11:42:28.640,0.63223,0.63249,1.00,1.12
2015.07.27 11:42:29.371,0.63223,0.63249,1.37,1.12
2015.07.27 11:42:33.416,0.63224,0.63249,1.00,1.37
2015.07.27 11:42:33.568,0.6322,0.63247,1.00,1.37
2015.07.27 11:42:33.921,0.63219,0.63246,1.00,1.37
2015.07.27 11:42:34.539,0.63218,0.63244,1.00,1.37
2015.07.27 11:42:37.539,0.63218,0.63244,1.00,1.37
2015.07.27 11:42:38.273,0.63218,0.63244,1.00,1.37
2015.07.27 11:42:38.492,0.63215,0.63242,1.12,1.37
2015.07.27 11:42:38.788,0.63214,0.63242,1.87,1.37
2015.07.27 11:42:39.066,0.63214,0.6324,1.00,1.12
2015.07.27 11:42:39.686,0.63215,0.63241,1.12,1.37
2015.07.27 11:42:41.519,0.63215,0.63241,1.12,1.12
2015.07.27 11:42:42.195,0.63214,0.63242,1.87,1.37
2015.07.27 11:42:42.498,0.63215,0.63241,1.00,1.00
2015.07.27 11:42:42.759,0.63215,0.63243,1.50,1.00
2015.07.27 11:42:43.226,0.63215,0.63243,2.25,1.37
2015.07.27 11:42:45.746,0.63216,0.63244,1.00,1.37
2015.07.27 11:42:46.302,0.63217,0.63245,1.00,2.10
2015.07.27 11:42:46.608,0.63215,0.63242,1.00,1.35
2015.07.27 11:42:47.141,0.63215,0.63243,1.00,1.75
2015.07.27 11:42:47.486,0.63218,0.63244,1.00,1.75
2015.07.27 11:42:49.954,0.63216,0.63245,1.00,2.10
2015.07.27 11:42:50.206,0.63217,0.63245,1.00,2.10
2015.07.27 11:42:50.457,0.63219,0.63245,1.00,1.67
2015.07.27 11:42:50.886,0.63221,0.63247,1.00,1.35
2015.07.27 11:42:51.195,0.63219,0.63246,1.50,1.75
2015.07.27 11:42:51.719,0.63218,0.63244,1.00,1.75
2015.07.27 11:42:53.552,0.63218,0.63246,1.00,1.75
2015.07.27 11:42:54.170,0.6322,0.63246,1.00,1.75
2015.07.27 11:42:54.681,0.63219,0.63246,1.00,1.75
2015.07.27 11:42:55.755,0.63219,0.63246,1.00,1.75
2015.07.27 11:42:57.309,0.63218,0.63245,1.00,1.35
2015.07.27 11:42:57.910,0.63219,0.63244,1.00,1.67
2015.07.27 11:42:59.699,0.63218,0.63244,1.00,1.67
2015.07.27 11:43:02.282,0.6322,0.63244,1.00,1.67
2015.07.27 11:43:03.011,0.63218,0.63244,1.00,1.67
2015.07.27 11:43:04.262,0.63218,0.63244,1.00,1.35
2015.07.27 11:43:04.627,0.63216,0.63244,1.00,2.10
2015.07.27 11:43:04.678,0.63216,0.63244,1.00,1.72
2015.07.27 11:43:04.779,0.63217,0.63244,1.00,1.67
2015.07.27 11:43:05.919,0.63218,0.63244,1.00,1.67
2015.07.27 11:43:06.549,0.63219,0.63244,1.00,1.67
2015.07.27 11:43:07.281,0.63219,0.63244,1.00,1.35
2015.07.27 11:43:07.332,0.63217,0.63244,1.00,1.35
2015.07.27 11:43:07.653,0.63219,0.63243,1.00,1.00
2015.07.27 11:43:07.704,0.6322,0.63249,1.00,1.00
2015.07.27 11:43:07.905,0.63224,0.6325,1.00,1.12
2015.07.27 11:43:08.487,0.63226,0.63252,1.00,1.00
2015.07.27 11:43:08.788,0.63226,0.63254,1.00,1.72
2015.07.27 11:43:09.109,0.63224,0.63251,1.50,1.00
2015.07.27 11:43:09.260,0.63222,0.6325,1.00,1.00
2015.07.27 11:43:09.555,0.63223,0.63251,1.00,2.10
2015.07.27 11:43:10.141,0.63222,0.63251,1.00,2.10
2015.07.27 11:43:11.905,0.63221,0.6325,1.00,1.75
2015.07.27 11:43:12.375,0.63222,0.63248,1.00,1.75
2015.07.27 11:43:12.626,0.63222,0.63248,1.00,1.75
2015.07.27 11:43:12.677,0.6322,0.63248,1.00,1.75
2015.07.27 11:43:12.728,0.6322,0.63248,1.00,1.75
2015.07.27 11:43:13.131,0.63221,0.63249,1.00,1.75
2015.07.27 11:43:13.670,0.63221,0.6325,1.00,2.25
2015.07.27 11:43:13.729,0.63223,0.63249,1.00,1.75
2015.07.27 11:43:13.980,0.63221,0.63248,1.00,1.50
2015.07.27 11:43:14.049,0.63221,0.63247,1.00,2.47
2015.07.27 11:43:14.246,0.63217,0.63245,1.00,2.10
2015.07.27 11:43:14.760,0.63218,0.63247,1.00,2.85
2015.07.27 11:43:17.799,0.63217,0.63246,1.00,1.75
2015.07.27 11:43:20.121,0.63217,0.63245,1.00,2.25
2015.07.27 11:43:20.222,0.63217,0.63246,1.00,1.75
2015.07.27 11:43:20.323,0.63217,0.63245,1.00,1.75
2015.07.27 11:43:20.374,0.63215,0.63242,1.00,1.75
2015.07.27 11:43:20.425,0.63215,0.63242,1.00,1.75
2015.07.27 11:43:20.576,0.63213,0.63242,1.00,1.75
2015.07.27 11:43:21.138,0.63213,0.63241,1.00,1.75
2015.07.27 11:43:21.239,0.63215,0.63242,1.00,1.75
2015.07.27 11:43:21.339,0.63217,0.63244,1.00,2.25
2015.07.27 11:43:21.440,0.6322,0.63247,1.00,2.10
2015.07.27 11:43:21.541,0.63218,0.63247,1.00,2.10
2015.07.27 11:43:21.642,0.63218,0.63247,1.00,2.10
2015.07.27 11:43:21.693,0.6322,0.63247,1.00,1.35
2015.07.27 11:43:22.078,0.63222,0.63249,1.00,1.75
2015.07.27 11:43:22.788,0.63221,0.6325,1.00,1.75
2015.07.27 11:43:23.381,0.63222,0.63249,1.00,1.75
2015.07.27 11:43:24.150,0.63221,0.6325,1.00,1.75
2015.07.27 11:43:24.399,0.63224,0.63251,1.00,2.25
2015.07.27 11:43:24.984,0.63224,0.63251,1.00,2.25
2015.07.27 11:43:25.587,0.63224,0.63251,1.00,2.25
2015.07.27 11:43:26.123,0.63224,0.63251,1.00,2.25
2015.07.27 11:43:27.058,0.63224,0.6325,1.00,1.75
2015.07.27 11:43:27.961,0.63224,0.6325,1.00,1.75
2015.07.27 11:43:30.483,0.63223,0.6325,1.00,1.75
2015.07.27 11:43:30.584,0.63223,0.6325,1.00,2.25
2015.07.27 11:43:30.685,0.63216,0.63244,1.00,1.37
2015.07.27 11:43:31.186,0.63215,0.63243,1.87,1.37
2015.07.27 11:43:31.573,0.63215,0.6324,1.12,1.37
2015.07.27 11:43:35.985,0.63215,0.63241,1.00,1.75
2015.07.27 11:43:36.510,0.63215,0.63241,1.00,1.50
2015.07.27 11:43:37.051,0.63214,0.63241,1.60,1.37
2015.07.27 11:43:38.514,0.63214,0.63241,1.72,1.37
2015.07.27 11:43:39.315,0.63215,0.63242,1.30,1.75
2015.07.27 11:43:39.416,0.63214,0.63241,1.60,1.37
2015.07.27 11:43:39.959,0.63215,0.63243,1.30,1.37
2015.07.27 11:43:45.607,0.63216,0.63241,1.00,1.37
2015.07.27 11:43:46.089,0.63214,0.63242,1.12,1.37
2015.07.27 11:43:47.308,0.63214,0.63242,2.62,1.37
2015.07.27 11:43:47.863,0.63216,0.63242,1.00,1.37
2015.07.27 11:43:48.271,0.63215,0.63243,2.62,1.37
2015.07.27 11:43:49.589,0.63215,0.63241,1.00,1.37
2015.07.27 11:43:50.213,0.63214,0.63239,1.00,1.37
2015.07.27 11:43:50.749,0.63215,0.63239,1.00,1.37
2015.07.27 11:43:51.290,0.63214,0.63239,1.00,1.37
2015.07.27 11:43:55.686,0.63214,0.63239,1.37,1.37
2015.07.27 11:43:56.030,0.63212,0.63238,1.37,1.37
2015.07.27 11:43:56.578,0.63214,0.63238,1.00,1.37
2015.07.27 11:43:57.121,0.63211,0.63238,1.37,1.37
2015.07.27 11:43:57.221,0.63211,0.63238,1.12,1.37
2015.07.27 11:43:57.386,0.63214,0.63239,1.00,1.37
2015.07.27 11:43:57.889,0.63215,0.63239,1.00,1.37
2015.07.27 11:43:58.439,0.63214,0.6324,1.12,1.37
2015.07.27 11:43:58.948,0.63214,0.63239,1.00,1.37
2015.07.27 11:43:59.143,0.63214,0.63239,1.00,1.37
2015.07.27 11:43:59.489,0.63214,0.63236,1.00,1.00
2015.07.27 11:44:00.046,0.63214,0.63238,1.12,1.37
2015.07.27 11:44:01.450,0.63215,0.6324,1.00,1.37
2015.07.27 11:44:02.006,0.63214,0.6324,1.00,1.37
2015.07.27 11:44:02.556,0.63214,0.6324,2.62,1.37
2015.07.27 11:44:02.657,0.63215,0.6324,1.37,1.12
2015.07.27 11:44:03.207,0.63216,0.63244,1.87,1.37
2015.07.27 11:44:03.761,0.63219,0.63244,1.00,1.37
2015.07.27 11:44:04.270,0.63219,0.63246,1.00,1.37
2015.07.27 11:44:05.564,0.63219,0.63246,1.37,1.00
2015.07.27 11:44:06.099,0.63222,0.63249,1.37,1.37
2015.07.27 11:44:06.620,0.63222,0.63249,1.00,1.37
2015.07.27 11:44:07.774,0.63222,0.63248,1.00,1.37
2015.07.27 11:44:08.295,0.63224,0.63249,1.00,1.37
2015.07.27 11:44:08.500,0.63222,0.63249,1.00,1.37
2015.07.27 11:44:10.084,0.63222,0.63246,1.00,1.37
2015.07.27 11:44:10.609,0.63222,0.63247,1.00,1.37
2015.07.27 11:44:12.706,0.63224,0.63248,1.00,1.12
2015.07.27 11:44:13.244,0.63223,0.63247,1.00,1.12
2015.07.27 11:44:13.395,0.63221,0.63247,1.50,1.37
2015.07.27 11:44:13.697,0.63225,0.63249,1.00,1.00
2015.07.27 11:44:13.807,0.63226,0.63252,1.00,1.00
2015.07.27 11:44:14.347,0.63226,0.63253,1.00,1.12
2015.07.27 11:44:14.598,0.63225,0.63251,1.00,1.00
2015.07.27 11:44:15.016,0.63225,0.63251,1.50,1.37
2015.07.27 11:44:15.547,0.63226,0.63252,1.12,1.37
2015.07.27 11:44:16.004,0.63226,0.63252,1.50,1.75
2015.07.27 11:44:16.240,0.63225,0.63253,1.50,1.50
2015.07.27 11:44:16.709,0.63225,0.63255,1.00,1.50
2015.07.27 11:44:16.913,0.63225,0.63253,1.00,1.50
2015.07.27 11:44:17.013,0.63225,0.63253,1.00,1.37
2015.07.27 11:44:17.529,0.63226,0.63254,1.87,1.37
2015.07.27 11:44:21.071,0.63225,0.63253,1.00,1.75
2015.07.27 11:44:21.273,0.63222,0.6325,1.50,1.50
2015.07.27 11:44:21.678,0.63221,0.63247,1.00,1.00
2015.07.27 11:44:21.779,0.63218,0.63246,1.00,1.00
2015.07.27 11:44:21.830,0.63216,0.63244,1.50,1.00
2015.07.27 11:44:22.037,0.63217,0.63246,1.00,1.00
2015.07.27 11:44:22.368,0.63217,0.63244,1.00,1.00
2015.07.27 11:44:22.857,0.63216,0.63245,1.87,1.37
2015.07.27 11:44:23.444,0.63216,0.63244,1.87,1.37
2015.07.27 11:44:23.595,0.63219,0.63245,1.00,1.37
2015.07.27 11:44:26.488,0.63219,0.63247,1.50,1.37
2015.07.27 11:44:26.998,0.6322,0.63248,1.00,1.37
2015.07.27 11:44:28.128,0.63222,0.63248,1.00,1.37
2015.07.27 11:44:28.396,0.63223,0.6325,1.12,1.00
2015.07.27 11:44:28.497,0.63225,0.6325,1.00,1.00
2015.07.27 11:44:28.836,0.63229,0.63252,1.00,1.12
2015.07.27 11:44:29.247,0.63229,0.63254,1.00,1.00
2015.07.27 11:44:29.561,0.63227,0.63255,1.50,1.00
2015.07.27 11:44:29.662,0.63227,0.63253,1.50,1.00
2015.07.27 11:44:29.813,0.63225,0.63253,2.25,1.00
2015.07.27 11:44:30.137,0.63227,0.63254,1.00,1.00
2015.07.27 11:44:30.440,0.6323,0.63254,1.00,1.00
2015.07.27 11:44:31.788,0.63229,0.63254,1.37,1.00
2015.07.27 11:44:32.320,0.63231,0.63257,1.00,1.72
2015.07.27 11:44:32.860,0.63234,0.63255,1.00,1.00
2015.07.27 11:44:33.373,0.63235,0.63256,1.00,1.37
2015.07.27 11:44:33.925,0.63234,0.63257,1.00,1.72
2015.07.27 11:44:34.260,0.63232,0.63257,1.12,1.72
2015.07.27 11:44:34.828,0.63234,0.63257,1.00,1.72
2015.07.27 11:44:34.920,0.63232,0.63257,1.12,1.72
2015.07.27 11:44:35.274,0.6323,0.63254,1.50,1.37
2015.07.27 11:44:35.729,0.63234,0.63255,1.00,1.37
2015.07.27 11:44:36.295,0.63235,0.63255,1.00,1.37
2015.07.27 11:44:36.834,0.63234,0.63257,1.00,1.72
2015.07.27 11:44:37.135,0.63234,0.63254,1.00,1.37
2015.07.27 11:44:37.236,0.63229,0.63253,1.00,1.37
2015.07.27 11:44:38.038,0.63234,0.63252,1.00,1.00
2015.07.27 11:44:38.139,0.63234,0.63254,1.00,1.00
2015.07.27 11:44:38.692,0.63228,0.63253,1.00,1.60
2015.07.27 11:44:38.893,0.63226,0.63251,1.00,1.35
2015.07.27 11:44:39.429,0.63227,0.63252,1.00,1.60
2015.07.27 11:44:39.945,0.63227,0.63252,1.37,1.72
2015.07.27 11:44:40.489,0.63227,0.63252,1.12,1.72
2015.07.27 11:44:41.626,0.63227,0.63252,1.00,1.12
2015.07.27 11:44:42.935,0.63227,0.63252,1.00,1.72
2015.07.27 11:44:43.855,0.63225,0.63251,1.37,1.37
2015.07.27 11:44:45.216,0.63225,0.63251,1.12,1.12
2015.07.27 11:44:45.417,0.63225,0.6325,2.62,1.00
2015.07.27 11:44:45.468,0.63227,0.63254,1.12,1.37
2015.07.27 11:44:45.569,0.63229,0.63254,1.00,1.37
2015.07.27 11:44:46.127,0.6323,0.63256,1.00,1.37
2015.07.27 11:44:47.129,0.63229,0.63255,2.25,1.37
2015.07.27 11:44:48.424,0.63229,0.63255,2.62,1.00
2015.07.27 11:44:48.986,0.6323,0.63255,1.50,1.00
2015.07.27 11:44:50.630,0.6323,0.63255,1.50,1.37
2015.07.27 11:44:50.938,0.63227,0.63253,1.00,1.37
2015.07.27 11:44:51.039,0.63225,0.63251,1.50,1.37
2015.07.27 11:44:51.190,0.63225,0.63251,1.00,1.37
2015.07.27 11:44:51.471,0.63225,0.63251,1.00,1.37
2015.07.27 11:44:51.672,0.63223,0.6325,1.00,1.37
2015.07.27 11:44:52.169,0.63224,0.63249,1.50,1.12
2015.07.27 11:44:52.670,0.63225,0.63253,1.87,1.37
2015.07.27 11:44:52.979,0.63227,0.63253,1.37,1.12
2015.07.27 11:44:53.180,0.6323,0.63256,1.00,1.37
2015.07.27 11:44:53.682,0.6323,0.63256,1.00,1.00
2015.07.27 11:44:54.193,0.6323,0.63256,1.00,1.37
2015.07.27 11:44:54.754,0.63229,0.63256,1.12,1.37
2015.07.27 11:44:54.995,0.63228,0.63256,1.00,1.37
2015.07.27 11:44:55.297,0.63224,0.63248,1.00,1.12
2015.07.27 11:44:56.198,0.63224,0.63249,1.00,1.00
2015.07.27 11:44:57.239,0.63224,0.63248,1.00,1.00
2015.07.27 11:44:58.338,0.63224,0.63249,1.50,1.12
2015.07.27 11:44:59.158,0.63224,0.6325,1.00,1.12
2015.07.27 11:44:59.548,0.63226,0.63251,1.00,1.37
2015.07.27 11:45:00.162,0.63226,0.63251,1.00,1.12
2015.07.27 11:45:00.763,0.63226,0.6325,1.00,1.37
2015.07.27 11:45:01.282,0.63228,0.63252,1.00,1.12
2015.07.27 11:45:01.333,0.6323,0.63252,1.00,1.12
2015.07.27 11:45:01.915,0.63228,0.63255,1.12,1.37
2015.07.27 11:45:02.175,0.63227,0.63251,1.00,1.37
2015.07.27 11:45:02.427,0.63223,0.63249,1.00,1.37
2015.07.27 11:45:02.919,0.63223,0.63249,1.00,1.37
2015.07.27 11:45:03.660,0.63224,0.6325,1.00,1.37
2015.07.27 11:45:04.022,0.63222,0.63249,1.00,1.37
2015.07.27 11:45:04.383,0.63221,0.63249,1.87,1.37
2015.07.27 11:45:04.915,0.63222,0.63249,1.00,1.37
2015.07.27 11:45:07.578,0.63221,0.63249,1.87,1.37
2015.07.27 11:45:08.129,0.63222,0.63249,1.00,1.37
2015.07.27 11:45:08.809,0.63223,0.63249,1.00,1.00
2015.07.27 11:45:12.638,0.63223,0.63248,1.50,1.00
2015.07.27 11:45:16.117,0.63223,0.63248,1.50,1.37
2015.07.27 11:45:17.131,0.63223,0.63248,1.00,1.37
2015.07.27 11:45:17.232,0.63221,0.63248,1.00,1.37
2015.07.27 11:45:17.748,0.6322,0.63246,1.50,1.12
2015.07.27 11:45:17.906,0.63222,0.63246,1.00,1.12
2015.07.27 11:45:18.449,0.63222,0.6325,1.50,1.37
2015.07.27 11:45:18.993,0.63222,0.63247,1.00,1.37
2015.07.27 11:45:21.874,0.63222,0.63247,1.00,1.00
2015.07.27 11:45:24.417,0.63222,0.63246,1.00,1.00
2015.07.27 11:45:25.017,0.63222,0.63246,1.00,1.37
2015.07.27 11:45:29.950,0.63222,0.63244,1.00,1.00
2015.07.27 11:45:30.480,0.63222,0.63245,1.00,1.12
2015.07.27 11:45:32.538,0.63224,0.63245,1.00,1.00
2015.07.27 11:45:32.588,0.63224,0.63247,1.00,1.12
2015.07.27 11:45:33.089,0.63224,0.63248,1.00,1.12
2015.07.27 11:45:40.137,0.63224,0.63248,1.00,1.37
2015.07.27 11:45:48.230,0.63221,0.63249,1.87,1.37
2015.07.27 11:45:48.481,0.63221,0.63246,1.00,1.37
2015.07.27 11:45:48.707,0.63221,0.63247,1.00,1.12
2015.07.27 11:45:48.909,0.63221,0.63246,1.00,1.37
2015.07.27 11:45:49.413,0.63221,0.63246,1.00,1.37
2015.07.27 11:45:50.497,0.63221,0.63245,1.00,1.12
2015.07.27 11:45:51.899,0.63221,0.63245,1.00,1.37
2015.07.27 11:45:52.401,0.63221,0.63245,1.00,1.12
2015.07.27 11:45:52.520,0.63219,0.63245,1.00,1.12
2015.07.27 11:45:53.905,0.63219,0.63246,1.00,1.37
2015.07.27 11:45:54.438,0.63218,0.63245,1.00,1.72
2015.07.27 11:45:54.936,0.63219,0.63244,1.00,1.37
2015.07.27 11:45:55.477,0.63219,0.63243,1.00,1.12
2015.07.27 11:45:56.648,0.6322,0.63244,1.50,1.00
2015.07.27 11:45:56.749,0.6322,0.63246,1.50,1.12
2015.07.27 11:46:00.446,0.63219,0.63246,1.50,1.37
2015.07.27 11:46:00.995,0.63218,0.63243,1.00,1.12
2015.07.27 11:46:02.037,0.63218,0.63242,1.00,1.00
2015.07.27 11:46:02.371,0.63224,0.63245,1.00,1.00
2015.07.27 11:46:02.472,0.63226,0.6325,1.00,1.37
2015.07.27 11:46:03.465,0.63226,0.63249,1.00,1.37
2015.07.27 11:46:04.900,0.63226,0.63251,1.00,1.37
2015.07.27 11:46:06.604,0.63226,0.63251,1.00,2.25
2015.07.27 11:46:06.705,0.63224,0.63249,1.00,1.37
2015.07.27 11:46:06.907,0.63225,0.63246,1.00,1.72
2015.07.27 11:46:07.176,0.63219,0.63244,1.00,1.50
2015.07.27 11:46:07.728,0.63218,0.63243,1.00,1.37
2015.07.27 11:46:09.474,0.63218,0.63243,1.00,1.37
2015.07.27 11:46:13.818,0.63218,0.63243,1.00,1.37
2015.07.27 11:46:13.871,0.6322,0.63243,1.00,1.37
2015.07.27 11:46:14.173,0.63223,0.63248,1.00,1.37
2015.07.27 11:46:17.390,0.63223,0.63248,1.00,1.37
2015.07.27 11:46:22.099,0.63223,0.63249,1.00,1.37
2015.07.27 11:46:26.246,0.63223,0.63249,1.35,1.37
2015.07.27 11:46:26.346,0.63227,0.63248,1.00,1.00
2015.07.27 11:46:26.499,0.63227,0.63254,1.50,1.37
2015.07.27 11:46:26.600,0.63229,0.63255,1.00,1.37
2015.07.27 11:46:27.138,0.63228,0.63255,1.50,1.37
2015.07.27 11:46:27.968,0.63228,0.63252,1.00,1.37
2015.07.27 11:46:29.388,0.63228,0.63252,1.00,1.37
2015.07.27 11:46:29.955,0.63227,0.6325,1.00,1.37
2015.07.27 11:46:30.708,0.63227,0.63253,1.00,1.37
2015.07.27 11:46:31.275,0.63226,0.63253,1.00,1.37
2015.07.27 11:46:33.281,0.63227,0.63253,1.00,1.37
2015.07.27 11:46:37.988,0.63226,0.63251,1.12,1.12
2015.07.27 11:46:38.290,0.6323,0.63253,1.00,1.37
2015.07.27 11:46:38.391,0.63229,0.63254,1.37,1.12
2015.07.27 11:46:38.593,0.63231,0.63258,1.12,1.97
2015.07.27 11:46:38.694,0.63231,0.63258,1.37,1.97
2015.07.27 11:46:39.197,0.63231,0.63256,1.00,1.37
2015.07.27 11:46:39.747,0.63231,0.63258,1.37,1.37
2015.07.27 11:46:40.297,0.63231,0.63258,1.37,1.37
2015.07.27 11:46:42.491,0.63231,0.63258,1.37,1.37
2015.07.27 11:46:42.697,0.63232,0.63259,1.37,1.37
2015.07.27 11:46:43.126,0.63235,0.63261,1.37,1.12
2015.07.27 11:46:43.448,0.63235,0.63262,1.12,1.50
2015.07.27 11:46:44.087,0.63234,0.63258,1.50,1.37
2015.07.27 11:46:44.508,0.63232,0.63258,1.12,1.37
2015.07.27 11:46:45.236,0.63232,0.63257,1.00,1.37
2015.07.27 11:46:45.762,0.63232,0.63259,1.12,1.37
2015.07.27 11:46:46.264,0.63232,0.63258,1.00,1.37
2015.07.27 11:46:46.365,0.63232,0.63258,1.00,1.50
2015.07.27 11:46:46.516,0.6323,0.63256,1.12,1.37
2015.07.27 11:46:47.097,0.63229,0.63255,1.00,1.37
2015.07.27 11:46:47.773,0.6323,0.63255,1.00,1.37
2015.07.27 11:46:48.420,0.6323,0.63255,1.00,1.37
2015.07.27 11:46:50.467,0.6323,0.63255,1.00,1.37
2015.07.27 11:46:53.082,0.6323,0.63255,1.00,1.37
2015.07.27 11:46:53.375,0.63226,0.63254,1.87,1.37
2015.07.27 11:46:53.989,0.63226,0.63252,1.12,1.37
2015.07.27 11:46:54.786,0.63226,0.63252,1.00,1.37
2015.07.27 11:46:55.701,0.63226,0.63252,1.00,1.50
2015.07.27 11:46:56.390,0.63226,0.63249,1.00,1.37
2015.07.27 11:46:56.892,0.63226,0.63249,1.00,1.37
2015.07.27 11:46:59.040,0.63226,0.63248,1.00,1.37
2015.07.27 11:46:59.560,0.63225,0.6325,1.00,1.37
2015.07.27 11:46:59.812,0.63223,0.63247,1.12,1.12
2015.07.27 11:46:59.913,0.63223,0.63247,1.37,1.12
2015.07.27 11:47:00.013,0.63222,0.63247,1.37,1.12
2015.07.27 11:47:00.648,0.63222,0.63247,1.37,1.37
2015.07.27 11:47:01.506,0.63224,0.63247,1.00,1.37
2015.07.27 11:47:01.607,0.63224,0.63246,1.00,1.37
2015.07.27 11:47:01.856,0.6322,0.63246,1.37,1.37
2015.07.27 11:47:03.618,0.63224,0.63246,1.00,1.37
2015.07.27 11:47:06.117,0.63224,0.63246,1.00,1.37
2015.07.27 11:47:06.167,0.6322,0.63246,1.87,1.37
2015.07.27 11:47:06.268,0.6322,0.63246,1.87,1.37
2015.07.27 11:47:07.406,0.63221,0.63246,1.00,1.37
2015.07.27 11:47:08.014,0.6322,0.63246,1.87,1.37
2015.07.27 11:47:08.676,0.6322,0.63243,1.12,1.00
2015.07.27 11:47:09.336,0.63219,0.63245,1.87,1.37
2015.07.27 11:47:11.318,0.63224,0.63245,1.00,1.37
2015.07.27 11:47:12.309,0.6322,0.63245,1.37,1.37
2015.07.27 11:47:12.418,0.63224,0.63245,1.00,1.37
2015.07.27 11:47:12.529,0.6322,0.63245,1.37,1.37
2015.07.27 11:47:12.763,0.63225,0.63245,1.00,1.37
2015.07.27 11:47:13.077,0.6322,0.63245,1.37,1.37
2015.07.27 11:47:13.673,0.6322,0.63245,1.87,1.37
2015.07.27 11:47:17.038,0.6322,0.63245,1.37,1.12
2015.07.27 11:47:17.303,0.63222,0.63246,2.47,1.00
2015.07.27 11:47:17.353,0.63222,0.6325,3.22,1.87
2015.07.27 11:47:17.861,0.63229,0.63252,1.00,1.37
2015.07.27 11:47:18.399,0.6323,0.63252,1.00,1.12
2015.07.27 11:47:18.969,0.6323,0.63252,1.00,1.37
2015.07.27 11:47:19.146,0.63228,0.63252,1.72,1.37
2015.07.27 11:47:19.802,0.63228,0.63252,1.72,1.37
2015.07.27 11:47:20.350,0.6323,0.63252,1.00,1.37
2015.07.27 11:47:21.156,0.63229,0.63252,1.00,1.37
2015.07.27 11:47:21.207,0.63229,0.63252,1.00,1.00
2015.07.27 11:47:21.308,0.63229,0.63254,1.12,1.00
2015.07.27 11:47:21.926,0.6323,0.63254,1.12,1.00
2015.07.27 11:47:23.181,0.6323,0.63254,1.87,1.00
2015.07.27 11:47:23.520,0.63232,0.63256,1.37,1.00
2015.07.27 11:47:23.837,0.63231,0.63257,1.37,1.00
2015.07.27 11:47:24.287,0.63236,0.63258,1.37,1.00
2015.07.27 11:47:24.338,0.63236,0.63262,1.37,1.50
2015.07.27 11:47:24.870,0.63237,0.63262,1.37,1.00
2015.07.27 11:47:25.447,0.63236,0.63262,1.37,1.12
2015.07.27 11:47:25.978,0.63236,0.63262,1.37,1.12
2015.07.27 11:47:26.726,0.63236,0.63262,1.37,1.00
2015.07.27 11:47:26.877,0.63236,0.63264,1.37,1.50
2015.07.27 11:47:27.158,0.6324,0.63264,1.00,1.00
2015.07.27 11:47:28.119,0.63241,0.63265,1.00,1.12
2015.07.27 11:47:28.455,0.63241,0.63267,1.37,1.12
2015.07.27 11:47:28.637,0.63241,0.63267,1.37,1.12
2015.07.27 11:47:28.911,0.63243,0.63269,1.37,2.10
2015.07.27 11:47:29.507,0.63244,0.63269,1.00,1.72
2015.07.27 11:47:29.608,0.6324,0.63267,1.87,1.37
2015.07.27 11:47:29.709,0.6324,0.63266,1.12,1.87
2015.07.27 11:47:30.378,0.63239,0.63265,1.87,1.50
2015.07.27 11:47:30.680,0.63241,0.63266,1.37,1.00
2015.07.27 11:47:32.756,0.6324,0.63266,1.37,1.00
2015.07.27 11:47:33.367,0.6324,0.63266,1.37,1.60
2015.07.27 11:47:33.468,0.6324,0.63263,1.00,1.35
2015.07.27 11:47:33.519,0.63237,0.63261,1.37,1.00
2015.07.27 11:47:33.706,0.63234,0.6326,1.37,1.00
2015.07.27 11:47:33.757,0.63234,0.6326,1.00,1.50
2015.07.27 11:47:34.341,0.63234,0.63261,1.00,1.00
2015.07.27 11:47:34.742,0.63234,0.63261,1.37,1.00
2015.07.27 11:47:36.683,0.63234,0.63263,1.87,1.12
2015.07.27 11:47:37.138,0.63239,0.63266,1.00,1.37
2015.07.27 11:47:37.289,0.63239,0.63267,1.87,1.37
2015.07.27 11:47:37.441,0.63242,0.6327,1.37,1.37
2015.07.27 11:47:38.146,0.63244,0.6327,1.12,1.50
2015.07.27 11:47:39.856,0.63245,0.6327,1.00,1.50
2015.07.27 11:47:40.285,0.63242,0.6327,1.37,1.37
2015.07.27 11:47:41.455,0.63242,0.63269,1.37,1.37
2015.07.27 11:47:41.986,0.63243,0.6327,1.12,1.37
2015.07.27 11:47:43.815,0.63244,0.63269,1.00,1.12
2015.07.27 11:47:45.717,0.63243,0.6327,1.12,1.37
2015.07.27 11:47:46.020,0.63244,0.6327,1.37,1.37
2015.07.27 11:47:46.221,0.63244,0.6327,1.37,1.37
2015.07.27 11:47:46.617,0.63242,0.63268,1.12,1.00
2015.07.27 11:47:46.722,0.63242,0.63268,1.50,1.00
2015.07.27 11:47:46.923,0.63244,0.6327,1.37,1.12
2015.07.27 11:47:47.532,0.63243,0.63271,1.37,1.37
2015.07.27 11:47:47.756,0.63245,0.63271,1.87,1.37
2015.07.27 11:47:47.937,0.63245,0.63271,1.12,1.37
2015.07.27 11:47:48.139,0.63245,0.63269,1.12,1.37
2015.07.27 11:47:48.240,0.63244,0.63267,1.00,1.00
2015.07.27 11:47:48.340,0.63242,0.63269,1.12,1.12
2015.07.27 11:47:48.441,0.6324,0.63268,1.87,1.37
2015.07.27 11:47:48.642,0.6324,0.63268,1.60,1.00
2015.07.27 11:47:48.693,0.63244,0.63271,1.00,1.50
2015.07.27 11:47:48.914,0.63241,0.63266,1.00,1.00
2015.07.27 11:47:49.116,0.63238,0.63264,1.00,1.00
2015.07.27 11:47:49.216,0.63236,0.63264,1.00,1.00
2015.07.27 11:47:49.527,0.63235,0.63263,1.00,1.37
2015.07.27 11:47:49.848,0.63237,0.63262,1.00,1.37
2015.07.27 11:47:49.898,0.63234,0.63261,1.50,1.37
2015.07.27 11:47:50.332,0.63234,0.6326,1.37,1.12
2015.07.27 11:47:50.623,0.63236,0.63262,1.00,1.72
2015.07.27 11:47:50.825,0.63234,0.6326,1.87,1.12
2015.07.27 11:47:52.057,0.63235,0.63262,1.00,1.72
2015.07.27 11:47:52.688,0.63235,0.63261,1.00,1.37
2015.07.27 11:47:53.189,0.63234,0.63262,1.50,1.72
2015.07.27 11:47:53.691,0.63235,0.63263,1.00,2.10
2015.07.27 11:47:53.878,0.63235,0.63263,1.00,1.72
2015.07.27 11:47:54.079,0.63238,0.63263,1.00,2.47
2015.07.27 11:47:54.251,0.63235,0.63262,1.87,1.30
2015.07.27 11:48:00.057,0.63236,0.63264,1.00,1.37
2015.07.27 11:48:00.586,0.63236,0.63264,1.37,1.37
2015.07.27 11:48:01.087,0.63239,0.63263,1.00,1.37
2015.07.27 11:48:01.887,0.63244,0.63267,1.00,1.37
2015.07.27 11:48:02.365,0.63244,0.63271,1.00,1.37
2015.07.27 11:48:02.866,0.63243,0.63271,1.00,1.87
2015.07.27 11:48:02.967,0.63241,0.63269,1.12,1.87
2015.07.27 11:48:03.277,0.63236,0.63264,1.00,1.00
2015.07.27 11:48:03.378,0.63234,0.63261,1.00,1.00
2015.07.27 11:48:03.886,0.63235,0.63261,1.00,1.00
2015.07.27 11:48:07.979,0.63236,0.63264,1.00,1.37
2015.07.27 11:48:08.484,0.63235,0.63261,1.87,1.12
2015.07.27 11:48:10.283,0.63234,0.63262,1.87,1.37
2015.07.27 11:48:11.583,0.63234,0.63262,1.87,1.37
2015.07.27 11:48:11.885,0.63235,0.63263,1.37,1.37
2015.07.27 11:48:12.405,0.63236,0.63264,1.37,1.37
2015.07.27 11:48:12.920,0.63236,0.63262,1.37,1.00
2015.07.27 11:48:13.457,0.63237,0.63263,1.12,1.12
2015.07.27 11:48:14.225,0.63236,0.63262,1.37,1.00
2015.07.27 11:48:14.835,0.63236,0.63264,1.37,1.37
2015.07.27 11:48:23.953,0.63235,0.63263,1.37,1.37
2015.07.27 11:48:29.042,0.63235,0.63263,1.37,1.37
2015.07.27 11:48:29.355,0.63233,0.63258,1.37,1.00
2015.07.27 11:48:29.406,0.63233,0.63261,1.37,1.12
2015.07.27 11:48:29.949,0.63235,0.63261,1.37,1.37
2015.07.27 11:48:30.495,0.63234,0.63261,1.37,1.12
2015.07.27 11:48:30.546,0.63234,0.63261,1.75,1.00
2015.07.27 11:48:30.647,0.63239,0.63263,1.12,1.12
2015.07.27 11:48:31.176,0.63239,0.63262,1.12,1.00
2015.07.27 11:48:32.270,0.6324,0.63264,1.37,1.00
2015.07.27 11:48:34.503,0.63239,0.63265,1.37,1.00
2015.07.27 11:48:35.506,0.63239,0.63265,1.87,1.12
2015.07.27 11:48:35.607,0.6324,0.63265,1.00,1.37
2015.07.27 11:48:35.658,0.63237,0.63265,1.12,1.37
2015.07.27 11:48:38.609,0.63239,0.63261,1.12,1.00
2015.07.27 11:48:39.117,0.63235,0.63262,1.37,1.00
2015.07.27 11:48:39.632,0.63235,0.63262,1.37,1.00
2015.07.27 11:48:40.212,0.63235,0.63263,1.37,1.00
2015.07.27 11:48:40.542,0.63236,0.63261,1.37,1.00
2015.07.27 11:48:40.871,0.63235,0.63263,1.37,1.00
2015.07.27 11:48:45.748,0.6324,0.63263,1.00,1.00
2015.07.27 11:48:46.638,0.63235,0.63263,1.37,1.00
2015.07.27 11:48:47.359,0.63235,0.63263,1.37,1.37
2015.07.27 11:48:47.459,0.63235,0.63263,1.12,1.37
2015.07.27 11:48:47.990,0.63235,0.63261,1.37,1.00
2015.07.27 11:48:48.341,0.6324,0.63267,1.00,1.37
2015.07.27 11:48:48.855,0.6324,0.63266,1.50,1.37
2015.07.27 11:48:49.393,0.63239,0.63266,1.87,1.37
2015.07.27 11:48:49.945,0.6324,0.63266,1.00,1.87
2015.07.27 11:48:51.266,0.6324,0.63266,1.00,1.87
2015.07.27 11:48:51.317,0.6324,0.63266,1.00,1.87
2015.07.27 11:48:52.006,0.6324,0.63266,1.00,1.87
2015.07.27 11:48:52.274,0.63238,0.63262,1.12,1.12
2015.07.27 11:48:52.602,0.63236,0.63262,1.12,1.00
2015.07.27 11:48:53.025,0.63235,0.63262,1.37,1.87
2015.07.27 11:48:53.705,0.63235,0.63263,1.87,1.87
2015.07.27 11:48:54.409,0.63235,0.63262,1.00,1.37
2015.07.27 11:48:55.036,0.63234,0.63261,1.12,1.37
2015.07.27 11:48:55.624,0.63234,0.63261,1.12,1.37
2015.07.27 11:48:57.457,0.63235,0.63259,1.00,1.12
2015.07.27 11:48:57.969,0.63233,0.63258,1.00,1.12
2015.07.27 11:48:58.133,0.63231,0.63258,1.00,1.37
2015.07.27 11:48:58.924,0.63233,0.63256,1.00,1.12
2015.07.27 11:48:59.153,0.6323,0.63256,1.50,1.12
2015.07.27 11:48:59.479,0.63232,0.63258,1.00,1.12
2015.07.27 11:49:00.025,0.63231,0.63258,1.12,1.12
2015.07.27 11:49:00.327,0.6323,0.63257,1.87,1.37
2015.07.27 11:49:00.855,0.63229,0.63257,1.87,1.87
2015.07.27 11:49:01.279,0.63229,0.63257,1.87,1.87
2015.07.27 11:49:01.895,0.63228,0.63253,1.00,1.37
2015.07.27 11:49:02.296,0.63226,0.63253,1.12,1.37
2015.07.27 11:49:03.191,0.63226,0.63253,1.37,1.37
2015.07.27 11:49:04.364,0.63226,0.63253,1.37,1.12
2015.07.27 11:49:11.595,0.63229,0.63253,1.00,1.12
2015.07.27 11:49:11.910,0.63229,0.63253,1.87,1.00
2015.07.27 11:49:12.664,0.6323,0.63253,1.00,1.00
2015.07.27 11:49:12.956,0.63228,0.63252,1.12,1.00
2015.07.27 11:49:13.056,0.63226,0.63252,1.00,1.37
2015.07.27 11:49:13.450,0.63225,0.63248,1.00,1.12
2015.07.27 11:49:14.176,0.63224,0.63248,1.00,1.87
2015.07.27 11:49:14.323,0.63221,0.63246,1.00,1.37
2015.07.27 11:49:14.836,0.63221,0.63247,1.00,1.37
2015.07.27 11:49:16.157,0.6322,0.63248,1.50,1.37
2015.07.27 11:49:16.208,0.6322,0.63248,1.87,1.12
2015.07.27 11:49:16.707,0.63222,0.63248,1.00,1.12
2015.07.27 11:49:17.177,0.63224,0.63252,1.00,1.37
2015.07.27 11:49:17.693,0.63227,0.63255,1.00,1.37
2015.07.27 11:49:18.237,0.63228,0.63254,1.00,1.37
2015.07.27 11:49:18.747,0.63227,0.63253,1.12,1.37
2015.07.27 11:49:19.570,0.63227,0.63253,1.12,1.12
2015.07.27 11:49:21.116,0.63228,0.63256,1.12,1.37
2015.07.27 11:49:21.418,0.63229,0.63255,1.37,1.00
2015.07.27 11:49:21.468,0.63229,0.63257,1.37,1.12
2015.07.27 11:49:21.704,0.63229,0.63256,1.12,1.12
2015.07.27 11:49:22.212,0.63228,0.63256,1.12,1.37
2015.07.27 11:49:22.634,0.63227,0.63255,1.37,1.37
2015.07.27 11:49:23.091,0.63226,0.63254,1.12,1.37
2015.07.27 11:49:23.642,0.63225,0.63253,1.12,1.37
2015.07.27 11:49:24.143,0.63225,0.63253,1.37,1.12
2015.07.27 11:49:24.673,0.63225,0.63253,1.12,1.37
2015.07.27 11:49:26.163,0.63227,0.63252,1.00,1.00
2015.07.27 11:49:26.703,0.63226,0.63252,1.00,1.00
2015.07.27 11:49:27.228,0.63228,0.63253,1.00,1.12
2015.07.27 11:49:27.530,0.63225,0.63252,1.00,1.37
2015.07.27 11:49:27.732,0.63224,0.63251,1.00,1.37
2015.07.27 11:49:28.431,0.63224,0.63251,1.00,1.12
2015.07.27 11:49:28.973,0.63224,0.63251,1.00,1.37
2015.07.27 11:49:29.345,0.63225,0.6325,1.00,1.37
2015.07.27 11:49:29.543,0.63223,0.6325,1.00,1.37
2015.07.27 11:49:30.060,0.63223,0.63249,1.00,1.37
2015.07.27 11:49:30.588,0.63221,0.63248,1.12,1.12
2015.07.27 11:49:30.760,0.6322,0.63248,1.72,1.37
2015.07.27 11:49:31.448,0.6322,0.63248,2.47,1.37
2015.07.27 11:49:31.961,0.63221,0.63246,1.00,1.12
2015.07.27 11:49:33.646,0.63222,0.63249,1.00,1.37
2015.07.27 11:49:33.864,0.63219,0.63246,1.87,1.12
2015.07.27 11:49:34.368,0.6322,0.63247,1.12,1.00
2015.07.27 11:49:35.733,0.63219,0.63246,1.37,1.00
2015.07.27 11:49:36.175,0.63219,0.63246,1.37,1.37
2015.07.27 11:49:36.427,0.63219,0.63246,1.37,1.37
2015.07.27 11:49:36.858,0.63222,0.63247,1.00,1.37
2015.07.27 11:49:37.167,0.6322,0.63245,1.00,1.37
2015.07.27 11:49:37.682,0.6322,0.63245,1.00,1.37
2015.07.27 11:49:38.183,0.6322,0.63245,1.00,1.37
2015.07.27 11:49:38.835,0.6322,0.63245,1.37,1.12
2015.07.27 11:49:38.952,0.6322,0.63247,1.37,1.12
2015.07.27 11:49:39.738,0.63221,0.63248,1.37,1.37
2015.07.27 11:49:39.839,0.63221,0.63248,1.37,1.37
2015.07.27 11:49:40.390,0.6322,0.63247,1.37,1.37
2015.07.27 11:49:40.741,0.63224,0.63247,1.00,1.37
2015.07.27 11:49:42.147,0.63225,0.63246,1.00,1.12
2015.07.27 11:49:42.317,0.63225,0.63248,1.00,1.12
2015.07.27 11:49:42.899,0.63226,0.63248,1.00,1.12
2015.07.27 11:49:43.451,0.63226,0.63248,1.00,1.37
2015.07.27 11:49:45.660,0.63226,0.63248,1.00,1.00
2015.07.27 11:49:46.231,0.63225,0.63248,1.00,1.37
2015.07.27 11:49:46.383,0.63223,0.63244,1.00,1.00
2015.07.27 11:49:51.173,0.63221,0.63245,1.00,1.37
2015.07.27 11:49:51.695,0.6322,0.63243,1.00,1.00
2015.07.27 11:49:52.223,0.63221,0.63243,1.00,1.00
2015.07.27 11:49:52.777,0.6322,0.63243,1.00,1.00
2015.07.27 11:49:52.977,0.6322,0.63241,1.00,1.00
2015.07.27 11:49:53.981,0.6322,0.63243,1.00,1.00
2015.07.27 11:49:54.543,0.6322,0.63241,1.00,1.00
2015.07.27 11:49:55.083,0.6322,0.63242,1.00,1.00
2015.07.27 11:49:55.871,0.6322,0.63243,1.00,1.12
2015.07.27 11:49:56.173,0.6322,0.63241,1.00,1.00
2015.07.27 11:49:56.676,0.6322,0.63242,1.00,1.00
2015.07.27 11:49:56.726,0.6322,0.63244,1.00,1.12
2015.07.27 11:49:57.391,0.6322,0.63243,1.00,1.00
2015.07.27 11:49:57.769,0.63223,0.63243,1.00,1.00
2015.07.27 11:49:58.302,0.63223,0.63242,1.00,1.00
2015.07.27 11:49:59.795,0.63223,0.63244,1.00,1.00
2015.07.27 11:50:00.126,0.63223,0.63242,1.00,1.00
2015.07.27 11:50:00.497,0.63221,0.63243,1.00,1.00
2015.07.27 11:50:01.023,0.63222,0.63242,1.00,1.00
2015.07.27 11:50:01.602,0.63222,0.63244,1.00,1.12
2015.07.27 11:50:02.326,0.63222,0.63243,1.00,1.00
2015.07.27 11:50:03.532,0.63223,0.63243,1.00,1.00
2015.07.27 11:50:04.218,0.63223,0.63243,1.00,1.37
2015.07.27 11:50:05.323,0.63221,0.63242,1.00,1.12
2015.07.27 11:50:05.505,0.63223,0.63242,1.00,1.12
2015.07.27 11:50:08.319,0.63218,0.63242,1.00,1.37
2015.07.27 11:50:08.420,0.63214,0.63236,1.00,1.12
2015.07.27 11:50:08.521,0.63212,0.63233,1.00,1.00
2015.07.27 11:50:08.672,0.6321,0.63233,1.50,1.37
2015.07.27 11:50:08.974,0.63208,0.63229,1.00,1.00
2015.07.27 11:50:09.025,0.63205,0.63229,1.00,1.00
2015.07.27 11:50:09.366,0.63206,0.63226,1.00,1.00
2015.07.27 11:50:09.467,0.63204,0.63226,1.50,1.00
2015.07.27 11:50:09.518,0.63205,0.63229,1.00,1.00
2015.07.27 11:50:09.618,0.63206,0.63232,1.00,1.00
2015.07.27 11:50:09.773,0.6321,0.63233,1.00,1.00
2015.07.27 11:50:09.974,0.6321,0.63235,1.00,1.00
2015.07.27 11:50:10.246,0.6321,0.63233,1.00,1.00
2015.07.27 11:50:10.545,0.63208,0.63233,1.00,1.00
2015.07.27 11:50:10.826,0.63205,0.63228,1.00,1.00
2015.07.27 11:50:11.327,0.63204,0.63227,1.00,1.00
2015.07.27 11:50:11.677,0.63206,0.63228,1.00,1.00
2015.07.27 11:50:12.181,0.63206,0.63229,1.00,1.00
2015.07.27 11:50:12.728,0.63205,0.6323,1.00,1.37
2015.07.27 11:50:12.982,0.63202,0.63228,1.37,1.37
2015.07.27 11:50:13.488,0.63204,0.63228,1.00,1.37
2015.07.27 11:50:13.772,0.63205,0.63229,1.00,1.12
2015.07.27 11:50:14.084,0.63205,0.63229,1.00,1.37
2015.07.27 11:50:14.871,0.63205,0.63226,1.00,1.00
2015.07.27 11:50:15.956,0.63208,0.63226,1.37,1.00
2015.07.27 11:50:16.006,0.63212,0.63234,1.00,1.50
2015.07.27 11:50:16.470,0.6321,0.63234,1.00,1.00
2015.07.27 11:50:16.640,0.63208,0.63233,1.00,1.00
2015.07.27 11:50:16.955,0.63205,0.6323,1.00,1.00
2015.07.27 11:50:17.257,0.63207,0.63228,1.00,1.00
2015.07.27 11:50:17.408,0.6321,0.63234,1.00,1.00
2015.07.27 11:50:17.659,0.63213,0.63235,1.00,1.00
2015.07.27 11:50:17.994,0.63216,0.63237,1.00,1.00
2015.07.27 11:50:18.652,0.63214,0.63237,1.00,1.00
2015.07.27 11:50:19.555,0.63213,0.63237,1.00,1.12
2015.07.27 11:50:19.606,0.63213,0.63235,1.00,1.00
2015.07.27 11:50:19.857,0.63205,0.6323,1.50,1.37
2015.07.27 11:50:20.278,0.63204,0.63227,1.50,1.37
2015.07.27 11:50:21.696,0.63205,0.63227,1.00,1.37
2015.07.27 11:50:22.356,0.63204,0.63226,1.12,1.12
2015.07.27 11:50:23.259,0.63205,0.63226,1.00,1.12
2015.07.27 11:50:23.885,0.63205,0.63224,1.00,1.00
2015.07.27 11:50:24.137,0.63205,0.63227,1.00,1.37
2015.07.27 11:50:24.753,0.63204,0.63227,1.00,1.37
2015.07.27 11:50:25.463,0.63204,0.63225,1.00,1.00
2015.07.27 11:50:25.621,0.63204,0.63225,1.00,1.37
2015.07.27 11:50:26.783,0.63204,0.63226,1.00,1.37
2015.07.27 11:50:27.295,0.63204,0.63226,1.00,1.12
2015.07.27 11:50:28.176,0.63204,0.63225,1.00,1.00
2015.07.27 11:50:28.227,0.63204,0.63225,1.00,1.37
2015.07.27 11:50:28.328,0.63204,0.63225,1.00,1.12
2015.07.27 11:50:29.387,0.63204,0.63226,1.00,1.37
2015.07.27 11:50:29.616,0.632,0.63224,1.00,1.12
2015.07.27 11:50:29.983,0.63204,0.63224,1.00,1.12
2015.07.27 11:50:30.602,0.63204,0.63226,1.00,1.37
2015.07.27 11:50:30.893,0.63199,0.63226,1.37,1.37
2015.07.27 11:50:30.994,0.63199,0.63226,1.37,1.37
2015.07.27 11:50:31.526,0.63199,0.63226,1.37,1.12
2015.07.27 11:50:31.635,0.63199,0.63226,1.37,1.37
2015.07.27 11:50:32.175,0.63199,0.63225,1.37,1.37
2015.07.27 11:50:32.897,0.63199,0.63225,1.37,1.37
2015.07.27 11:50:33.771,0.63199,0.63226,1.12,1.37
2015.07.27 11:50:34.278,0.632,0.63225,1.00,1.37
2015.07.27 11:50:34.329,0.632,0.63225,1.37,1.12
2015.07.27 11:50:34.881,0.632,0.63226,1.37,1.00
2015.07.27 11:50:35.234,0.63205,0.63226,1.00,1.00
2015.07.27 11:50:35.755,0.63204,0.63227,1.00,1.37
2015.07.27 11:50:37.762,0.63204,0.63227,1.00,1.12
2015.07.27 11:50:38.336,0.63204,0.63226,1.00,1.12
2015.07.27 11:50:38.855,0.63204,0.63226,1.00,1.37
2015.07.27 11:50:39.379,0.63204,0.63225,1.00,1.37
2015.07.27 11:50:39.882,0.63205,0.63225,1.00,1.12
2015.07.27 11:50:40.219,0.63199,0.63225,1.37,1.12
2015.07.27 11:50:40.679,0.63199,0.63223,1.00,1.12
2015.07.27 11:50:41.195,0.63199,0.63224,1.37,1.37
2015.07.27 11:50:41.722,0.63199,0.63223,1.12,1.37
2015.07.27 11:50:42.246,0.63199,0.63224,1.37,1.37
2015.07.27 11:50:42.577,0.63199,0.63223,1.12,1.37
2015.07.27 11:50:42.879,0.63199,0.63221,1.00,1.37
2015.07.27 11:50:43.080,0.63195,0.6322,1.00,1.37
2015.07.27 11:50:43.181,0.63195,0.6322,1.00,1.37
2015.07.27 11:50:43.693,0.63195,0.6322,1.12,1.12
2015.07.27 11:50:45.057,0.63195,0.63222,1.37,1.37
2015.07.27 11:50:45.158,0.63199,0.63223,1.37,1.00
2015.07.27 11:50:45.460,0.63204,0.63229,1.00,1.87
2015.07.27 11:50:45.840,0.63204,0.63229,1.12,1.12
2015.07.27 11:50:46.352,0.63204,0.63231,1.00,1.87
2015.07.27 11:50:46.885,0.63205,0.63229,1.00,1.87
2015.07.27 11:50:47.398,0.63205,0.63229,1.00,1.87
2015.07.27 11:50:47.749,0.63204,0.63228,1.00,1.37
2015.07.27 11:50:48.339,0.63205,0.63228,1.00,1.87
2015.07.27 11:50:48.990,0.63205,0.63228,1.00,1.87
2015.07.27 11:50:49.491,0.63204,0.63228,1.00,1.87
2015.07.27 11:50:50.464,0.63204,0.63227,1.00,1.37
2015.07.27 11:50:52.295,0.63205,0.63227,1.00,1.37
2015.07.27 11:50:52.846,0.63204,0.63229,1.00,1.37
2015.07.27 11:50:54.167,0.63205,0.63228,1.00,1.37
2015.07.27 11:50:54.368,0.632,0.63227,1.37,1.00
2015.07.27 11:50:54.519,0.63205,0.63227,1.00,1.37
2015.07.27 11:50:55.059,0.63204,0.63227,1.00,1.37
2015.07.27 11:50:55.691,0.63204,0.63225,1.00,1.00
2015.07.27 11:50:56.213,0.63205,0.63227,1.00,1.37
2015.07.27 11:50:57.188,0.63205,0.63226,1.00,1.37
2015.07.27 11:50:57.733,0.63204,0.63225,1.00,1.00
2015.07.27 11:50:58.313,0.63204,0.63226,1.00,1.12
2015.07.27 11:51:00.737,0.63204,0.63227,1.00,1.12
2015.07.27 11:51:01.511,0.63204,0.63226,1.00,1.12
2015.07.27 11:51:01.813,0.63204,0.63225,1.00,1.37
2015.07.27 11:51:01.863,0.63199,0.63225,1.37,1.37
2015.07.27 11:51:02.094,0.63204,0.63225,1.00,1.37
2015.07.27 11:51:03.765,0.63204,0.63224,1.00,1.37
2015.07.27 11:51:04.276,0.63204,0.63225,1.00,1.37
2015.07.27 11:51:04.849,0.63204,0.63225,1.00,1.12
2015.07.27 11:51:05.502,0.63199,0.63225,1.37,1.00
2015.07.27 11:51:05.804,0.63204,0.63225,1.00,1.12
2015.07.27 11:51:05.956,0.63199,0.63225,1.12,1.12
2015.07.27 11:51:06.555,0.63199,0.63225,1.37,1.00
2015.07.27 11:51:07.058,0.63199,0.63224,1.12,1.37
2015.07.27 11:51:07.605,0.63199,0.63224,1.00,1.12
2015.07.27 11:51:08.008,0.63204,0.63225,1.00,1.37
2015.07.27 11:51:08.546,0.63204,0.63225,1.00,1.00
2015.07.27 11:51:08.932,0.632,0.63225,1.00,1.12
2015.07.27 11:51:09.123,0.632,0.63223,1.00,1.00
2015.07.27 11:51:09.549,0.632,0.63225,1.00,1.00
2015.07.27 11:51:12.004,0.63199,0.63226,1.12,1.37
2015.07.27 11:51:12.310,0.63199,0.63223,1.00,1.37
2015.07.27 11:51:12.664,0.632,0.63221,1.00,1.37
2015.07.27 11:51:13.171,0.63199,0.63222,1.00,1.37
2015.07.27 11:51:14.314,0.63199,0.63221,1.00,1.12
2015.07.27 11:51:15.195,0.63199,0.63222,1.00,1.12
2015.07.27 11:51:15.728,0.63199,0.63221,1.00,1.12
2015.07.27 11:51:16.255,0.63199,0.63222,1.00,1.00
2015.07.27 11:51:16.728,0.63199,0.6322,1.00,1.00
2015.07.27 11:51:17.580,0.63199,0.63222,1.00,1.12
2015.07.27 11:51:18.085,0.63199,0.63221,1.00,1.37
2015.07.27 11:51:18.634,0.63199,0.63219,1.00,1.00
2015.07.27 11:51:18.885,0.63199,0.63221,1.00,1.00
2015.07.27 11:51:19.338,0.63199,0.63223,1.37,1.00
2015.07.27 11:51:19.439,0.63199,0.63225,1.37,1.00
2015.07.27 11:51:19.489,0.63204,0.63225,1.00,1.00
2015.07.27 11:51:19.590,0.63205,0.63227,1.00,1.12
2015.07.27 11:51:20.061,0.63199,0.63227,1.87,1.12
2015.07.27 11:51:20.442,0.63199,0.63226,1.37,1.37
2015.07.27 11:51:20.543,0.63199,0.63227,1.37,1.12
2015.07.27 11:51:20.915,0.63199,0.63226,1.12,1.87
2015.07.27 11:51:21.231,0.63199,0.63225,1.37,1.37
2015.07.27 11:51:21.335,0.63197,0.63225,1.00,1.00
2015.07.27 11:51:21.544,0.63196,0.63222,1.00,1.00
2015.07.27 11:51:21.745,0.63194,0.63222,1.00,1.00
2015.07.27 11:51:21.796,0.63199,0.63222,1.00,1.00
2015.07.27 11:51:22.422,0.63199,0.63223,1.00,1.00
2015.07.27 11:51:22.948,0.63199,0.63222,1.00,1.00
2015.07.27 11:51:23.649,0.63199,0.63222,1.37,1.00
2015.07.27 11:51:24.051,0.63199,0.63222,1.50,1.00
2015.07.27 11:51:24.202,0.63204,0.63229,1.37,1.12
2015.07.27 11:51:24.652,0.6321,0.63229,1.00,1.00
2015.07.27 11:51:24.753,0.6321,0.63232,1.00,1.00
2015.07.27 11:51:25.304,0.6321,0.63231,1.00,1.00
2015.07.27 11:51:25.706,0.6321,0.63228,1.00,1.00
2015.07.27 11:51:25.958,0.63204,0.63227,1.37,1.00
2015.07.27 11:51:26.159,0.63205,0.63229,1.37,1.00
2015.07.27 11:51:26.666,0.63205,0.63228,1.00,1.00
2015.07.27 11:51:27.474,0.63204,0.63228,1.00,1.00
2015.07.27 11:51:28.034,0.63204,0.63229,1.37,1.00
2015.07.27 11:51:28.575,0.63204,0.6323,1.37,1.00
2015.07.27 11:51:28.912,0.63205,0.63232,1.50,1.00
2015.07.27 11:51:29.229,0.63209,0.63232,1.37,1.00
2015.07.27 11:51:29.353,0.63209,0.63234,1.37,1.00
2015.07.27 11:51:29.965,0.63209,0.63234,1.37,1.37
2015.07.27 11:51:30.351,0.63209,0.63231,1.00,1.37
2015.07.27 11:51:30.918,0.63209,0.63231,1.00,1.00
2015.07.27 11:51:31.679,0.63209,0.63232,1.00,1.00
2015.07.27 11:51:32.211,0.63209,0.63231,1.00,1.00
2015.07.27 11:51:32.772,0.63209,0.63232,1.00,1.12
2015.07.27 11:51:33.123,0.63209,0.6323,1.00,1.00
2015.07.27 11:51:33.373,0.63209,0.63232,1.00,1.12
2015.07.27 11:51:33.896,0.6321,0.63231,1.00,1.00
2015.07.27 11:51:34.525,0.6321,0.63232,1.00,1.12
2015.07.27 11:51:35.133,0.63209,0.63232,1.00,1.00
2015.07.27 11:51:35.628,0.63209,0.63234,1.00,1.00
2015.07.27 11:51:36.129,0.63209,0.63233,1.00,1.00
2015.07.27 11:51:40.223,0.63209,0.63234,1.00,1.00
2015.07.27 11:51:42.492,0.63209,0.63234,1.00,1.37
2015.07.27 11:51:42.744,0.63206,0.63234,1.12,1.37
2015.07.27 11:51:42.795,0.63204,0.63231,1.87,1.00
2015.07.27 11:51:43.096,0.63209,0.63235,1.37,1.37
2015.07.27 11:51:43.323,0.6321,0.63237,1.00,1.00
2015.07.27 11:51:43.424,0.63214,0.63237,1.00,1.00
2015.07.27 11:51:43.758,0.63214,0.63239,1.00,1.00
2015.07.27 11:51:44.734,0.63214,0.6324,1.00,1.12
2015.07.27 11:51:45.249,0.63214,0.6324,1.00,1.37
2015.07.27 11:51:46.133,0.63215,0.6324,1.00,1.37
2015.07.27 11:51:48.913,0.63215,0.63238,1.00,1.00
2015.07.27 11:51:49.662,0.63215,0.63239,1.00,1.12
2015.07.27 11:51:52.922,0.63215,0.63238,1.00,1.00
2015.07.27 11:51:55.333,0.63215,0.63238,1.00,1.37
2015.07.27 11:51:55.744,0.63214,0.63239,1.37,1.00
2015.07.27 11:51:55.845,0.63214,0.63239,1.37,1.00
2015.07.27 11:51:55.895,0.63214,0.63242,1.87,1.12
2015.07.27 11:51:56.229,0.63215,0.63242,1.37,1.37
2015.07.27 11:51:56.638,0.63214,0.63241,1.50,1.37
2015.07.27 11:51:56.940,0.63214,0.63239,1.12,1.37
2015.07.27 11:51:57.351,0.63214,0.63239,1.00,1.37
2015.07.27 11:51:57.451,0.63214,0.63239,1.37,1.37
2015.07.27 11:51:57.974,0.63214,0.63241,1.87,1.37
2015.07.27 11:51:58.075,0.63214,0.63241,1.87,1.37
2015.07.27 11:51:58.630,0.63215,0.6324,1.12,1.37
2015.07.27 11:51:59.034,0.63214,0.63238,1.12,1.37
2015.07.27 11:52:02.585,0.63211,0.63238,1.37,1.37
2015.07.27 11:52:02.885,0.63211,0.63237,1.00,1.75
2015.07.27 11:52:02.986,0.63211,0.63237,1.00,1.37
2015.07.27 11:52:03.137,0.63209,0.63232,1.00,1.00
2015.07.27 11:52:03.338,0.63205,0.63232,1.87,1.00
2015.07.27 11:52:04.030,0.63209,0.63233,1.00,1.37
2015.07.27 11:52:04.382,0.63209,0.63235,1.50,1.00
2015.07.27 11:52:04.433,0.63209,0.6323,1.50,1.00
2015.07.27 11:52:04.745,0.63214,0.63234,1.50,1.00
2015.07.27 11:52:05.047,0.63217,0.63237,1.00,1.00
2015.07.27 11:52:05.363,0.63217,0.63239,1.00,1.00
2015.07.27 11:52:05.464,0.63215,0.63239,1.00,1.00
2015.07.27 11:52:05.907,0.63215,0.6324,1.00,1.37
2015.07.27 11:52:06.447,0.63215,0.63239,1.50,1.37
2015.07.27 11:52:07.463,0.63217,0.63239,1.00,1.37
2015.07.27 11:52:07.790,0.63221,0.63238,1.00,1.00
2015.07.27 11:52:07.841,0.63221,0.6324,1.00,1.12
2015.07.27 11:52:08.294,0.63221,0.63244,1.00,1.00
2015.07.27 11:52:08.838,0.63221,0.63243,1.00,1.12
2015.07.27 11:52:09.937,0.63221,0.63242,1.00,1.00
2015.07.27 11:52:09.988,0.63223,0.63242,1.00,1.00
2015.07.27 11:52:10.485,0.63221,0.63241,1.00,1.12
2015.07.27 11:52:11.059,0.63221,0.63242,1.00,1.00
2015.07.27 11:52:11.110,0.63221,0.63244,1.00,1.00
2015.07.27 11:52:11.630,0.63221,0.63243,1.00,1.00
2015.07.27 11:52:11.932,0.63222,0.63245,1.00,1.00
2015.07.27 11:52:12.427,0.63224,0.63245,1.00,1.00
2015.07.27 11:52:12.685,0.63222,0.63245,1.00,1.00
2015.07.27 11:52:12.955,0.63222,0.63246,1.00,1.37
2015.07.27 11:52:15.419,0.63222,0.63246,1.00,1.37
2015.07.27 11:52:15.520,0.63224,0.63246,1.00,1.37
2015.07.27 11:52:16.045,0.63224,0.63246,1.00,1.12
2015.07.27 11:52:17.224,0.63224,0.63246,1.00,1.37
2015.07.27 11:52:18.766,0.63224,0.63248,1.50,1.12
2015.07.27 11:52:18.866,0.63228,0.6325,1.00,1.72
2015.07.27 11:52:19.390,0.63228,0.63251,1.00,1.60
2015.07.27 11:52:19.558,0.63226,0.63249,1.00,1.00
2015.07.27 11:52:19.659,0.63224,0.63249,1.50,1.37
2015.07.27 11:52:20.121,0.63227,0.63246,1.00,1.12
2015.07.27 11:52:20.322,0.63225,0.63246,1.00,1.12
2015.07.27 11:52:20.571,0.63224,0.63246,1.00,1.37
2015.07.27 11:52:21.112,0.63222,0.63246,1.00,1.37
2015.07.27 11:52:27.380,0.63223,0.63246,1.00,1.37
2015.07.27 11:52:27.683,0.63221,0.63245,1.00,1.37
2015.07.27 11:52:27.784,0.63219,0.63244,1.50,1.37
2015.07.27 11:52:28.121,0.63217,0.63241,1.00,1.37
2015.07.27 11:52:28.487,0.6322,0.63241,1.00,1.37
2015.07.27 11:52:28.537,0.63218,0.63241,1.00,1.37
2015.07.27 11:52:28.638,0.63218,0.63242,1.00,1.00
2015.07.27 11:52:28.689,0.63221,0.63242,1.00,1.00
2015.07.27 11:52:29.479,0.6322,0.63242,1.00,1.00
2015.07.27 11:52:29.890,0.6322,0.63244,1.00,1.00
2015.07.27 11:52:29.941,0.63222,0.63244,1.00,1.00
2015.07.27 11:52:30.259,0.63224,0.63245,1.00,1.00
2015.07.27 11:52:30.762,0.63223,0.63245,1.00,1.00
2015.07.27 11:52:31.294,0.63225,0.63248,1.00,1.12
2015.07.27 11:52:31.495,0.63228,0.63249,1.00,1.12
2015.07.27 11:52:32.481,0.63228,0.63251,1.00,1.12
2015.07.27 11:52:32.582,0.6323,0.63252,1.00,1.12
2015.07.27 11:52:34.565,0.6323,0.63251,1.00,1.00
2015.07.27 11:52:35.073,0.6323,0.63252,1.00,1.12
2015.07.27 11:52:35.445,0.6323,0.63249,1.00,1.00
2015.07.27 11:52:36.102,0.6323,0.6325,1.00,1.00
2015.07.27 11:52:36.808,0.6323,0.63251,1.00,1.00
2015.07.27 11:52:37.660,0.6323,0.63249,1.00,1.00
2015.07.27 11:52:38.222,0.6323,0.63251,1.00,1.00
2015.07.27 11:52:38.863,0.6323,0.6325,1.00,1.00
2015.07.27 11:52:39.866,0.6323,0.63251,1.00,1.00
2015.07.27 11:52:40.586,0.6323,0.63251,1.00,1.37
2015.07.27 11:52:40.737,0.63228,0.63251,1.00,1.37
2015.07.27 11:52:40.996,0.63225,0.63249,1.00,1.12
2015.07.27 11:52:41.495,0.63227,0.63249,1.00,1.00
2015.07.27 11:52:42.124,0.63227,0.6325,1.00,1.12
2015.07.27 11:52:42.701,0.63227,0.6325,1.00,1.37
2015.07.27 11:52:43.596,0.63228,0.63248,1.00,1.00
2015.07.27 11:52:43.697,0.63228,0.6325,1.00,1.12
2015.07.27 11:52:43.848,0.6323,0.63249,1.00,1.00
2015.07.27 11:52:43.999,0.6323,0.63251,1.00,1.12
2015.07.27 11:52:45.301,0.6323,0.63252,1.00,1.00
2015.07.27 11:52:49.410,0.63232,0.63252,1.00,1.00
2015.07.27 11:52:49.988,0.63232,0.63253,1.00,1.00
2015.07.27 11:52:50.500,0.63232,0.63254,1.00,1.00
2015.07.27 11:52:51.053,0.63232,0.63253,1.00,1.00
2015.07.27 11:52:51.554,0.63232,0.63254,1.00,1.00
2015.07.27 11:52:53.765,0.63232,0.63254,1.00,1.37
2015.07.27 11:52:53.877,0.63232,0.63254,1.00,1.12
2015.07.27 11:52:54.326,0.63232,0.63253,1.00,1.37
2015.07.27 11:52:54.377,0.6323,0.63253,1.00,1.37
2015.07.27 11:52:54.428,0.6323,0.63253,1.00,1.37
2015.07.27 11:53:00.734,0.63229,0.6325,1.00,1.12
2015.07.27 11:53:05.167,0.63229,0.63251,1.00,1.12
2015.07.27 11:53:06.512,0.63226,0.63251,1.00,1.12
2015.07.27 11:53:06.682,0.63226,0.63248,1.00,1.00
2015.07.27 11:53:07.376,0.63226,0.63249,1.00,1.12
2015.07.27 11:53:08.036,0.63226,0.63248,1.00,1.00
2015.07.27 11:53:08.881,0.63226,0.63247,1.00,1.00
2015.07.27 11:53:12.348,0.63224,0.63247,1.00,1.00
2015.07.27 11:53:17.093,0.63224,0.63246,1.00,1.00
2015.07.27 11:53:17.144,0.63226,0.63246,1.00,1.00
2015.07.27 11:53:17.306,0.63225,0.63249,1.00,1.37
2015.07.27 11:53:20.539,0.63226,0.63248,1.00,1.12
2015.07.27 11:53:21.267,0.63226,0.63247,1.00,1.12
2015.07.27 11:53:23.299,0.63226,0.63246,1.00,1.37
2015.07.27 11:53:23.349,0.63224,0.63246,1.00,1.37
2015.07.27 11:53:23.504,0.63223,0.63243,1.00,1.12
2015.07.27 11:53:24.008,0.63222,0.63243,1.00,1.12
2015.07.27 11:53:25.241,0.63222,0.63243,1.00,1.37
2015.07.27 11:53:27.009,0.63222,0.63241,1.00,1.37
2015.07.27 11:53:27.060,0.63217,0.63241,1.00,1.37
2015.07.27 11:53:27.207,0.63217,0.63239,1.00,1.37
2015.07.27 11:53:28.939,0.63217,0.6324,1.00,1.37
2015.07.27 11:53:29.141,0.6322,0.6324,1.00,1.00
2015.07.27 11:53:29.647,0.6322,0.63243,1.00,1.37
2015.07.27 11:53:29.949,0.63224,0.63244,1.00,1.37
2015.07.27 11:53:33.203,0.63225,0.63246,1.00,1.37
2015.07.27 11:53:33.738,0.63224,0.63245,1.00,1.37
2015.07.27 11:53:34.741,0.63224,0.63246,1.00,1.37
2015.07.27 11:53:36.339,0.63224,0.63245,1.00,1.37
2015.07.27 11:53:41.381,0.63224,0.63247,1.00,1.37
2015.07.27 11:53:42.641,0.63224,0.63247,1.00,1.00
2015.07.27 11:53:42.893,0.63226,0.63247,1.00,1.00
2015.07.27 11:53:43.327,0.63228,0.63248,1.00,1.12
2015.07.27 11:53:46.668,0.63228,0.63249,1.00,1.12
2015.07.27 11:53:47.020,0.63228,0.63251,1.00,1.12
2015.07.27 11:53:47.525,0.63228,0.6325,1.00,1.00
2015.07.27 11:53:48.055,0.63229,0.63251,1.00,1.00
2015.07.27 11:53:48.329,0.63228,0.63253,1.00,1.12
2015.07.27 11:53:51.301,0.63228,0.63252,1.00,1.00
2015.07.27 11:53:52.206,0.6323,0.63252,1.00,1.00
2015.07.27 11:53:53.500,0.6323,0.63253,1.50,1.00
2015.07.27 11:53:55.270,0.6323,0.63252,1.50,1.00
2015.07.27 11:53:59.892,0.63232,0.63252,1.00,1.00
2015.07.27 11:54:00.197,0.63236,0.63254,1.00,1.00
2015.07.27 11:54:00.248,0.63236,0.63258,1.00,1.00
2015.07.27 11:54:00.903,0.63236,0.63257,1.00,1.00
2015.07.27 11:54:01.449,0.63236,0.63258,1.00,1.00
2015.07.27 11:54:04.318,0.63236,0.63257,1.00,1.00
2015.07.27 11:54:07.140,0.63236,0.63256,1.00,1.00
2015.07.27 11:54:16.519,0.63236,0.63258,1.00,1.00
2015.07.27 11:54:17.079,0.63237,0.63258,1.00,1.00
2015.07.27 11:54:17.599,0.63237,0.6326,1.00,1.37
2015.07.27 11:54:18.173,0.63237,0.63258,1.00,1.00
2015.07.27 11:54:18.940,0.63237,0.63257,1.00,1.00
2015.07.27 11:54:19.441,0.63237,0.63256,1.00,1.00
2015.07.27 11:54:20.811,0.63237,0.63255,1.00,1.00
2015.07.27 11:54:21.141,0.63237,0.63258,1.00,1.12
2015.07.27 11:54:22.546,0.63237,0.63257,1.00,1.00
2015.07.27 11:54:26.280,0.63237,0.63258,1.00,1.12
2015.07.27 11:54:27.819,0.63237,0.63257,1.00,1.00
2015.07.27 11:54:28.403,0.63237,0.63258,1.00,1.12
2015.07.27 11:54:29.165,0.63237,0.63256,1.00,1.00
2015.07.27 11:54:29.318,0.63235,0.63256,1.00,1.12
2015.07.27 11:54:29.368,0.63233,0.63256,1.00,1.37
2015.07.27 11:54:29.869,0.63232,0.63254,1.00,1.00
2015.07.27 11:54:30.506,0.63232,0.63255,1.00,1.12
2015.07.27 11:54:30.816,0.63234,0.63255,1.50,1.00
2015.07.27 11:54:31.321,0.63234,0.63256,1.50,1.00
2015.07.27 11:54:32.674,0.63234,0.63257,1.50,1.12
2015.07.27 11:54:34.220,0.63236,0.63256,1.00,1.00
2015.07.27 11:54:34.472,0.63237,0.63259,1.00,1.00
2015.07.27 11:54:34.777,0.6324,0.6326,1.00,1.00
2015.07.27 11:54:35.679,0.6324,0.63259,1.00,1.00
2015.07.27 11:54:38.099,0.6324,0.6326,1.00,1.00
2015.07.27 11:54:39.391,0.6324,0.63261,1.00,1.00
2015.07.27 11:54:39.730,0.63243,0.63265,1.00,1.12
2015.07.27 11:54:41.810,0.63243,0.63264,1.00,1.00
2015.07.27 11:54:42.398,0.63246,0.63266,1.00,1.00
2015.07.27 11:54:42.902,0.63246,0.63267,1.00,1.00
2015.07.27 11:54:44.318,0.63246,0.63266,1.00,1.00
2015.07.27 11:54:46.838,0.63245,0.63266,1.00,1.37
2015.07.27 11:54:47.509,0.63245,0.63264,1.00,1.00
2015.07.27 11:54:48.014,0.63245,0.63265,1.00,1.00
2015.07.27 11:54:49.869,0.63245,0.63267,1.00,1.37
2015.07.27 11:54:54.779,0.63245,0.63267,1.00,1.12
2015.07.27 11:54:58.380,0.63245,0.63267,1.00,1.37
2015.07.27 11:54:58.721,0.63243,0.63264,1.00,1.37
2015.07.27 11:54:59.171,0.63243,0.63265,1.00,1.12
2015.07.27 11:54:59.272,0.63246,0.63265,1.00,1.12
2015.07.27 11:54:59.944,0.63246,0.63264,1.00,1.00
2015.07.27 11:55:01.589,0.63246,0.63266,1.00,1.37
2015.07.27 11:55:02.143,0.63246,0.63264,1.00,1.00
2015.07.27 11:55:02.801,0.63246,0.63265,1.00,1.12
2015.07.27 11:55:03.792,0.63246,0.63263,1.00,1.00
2015.07.27 11:55:03.893,0.63243,0.63263,1.00,1.00
2015.07.27 11:55:05.120,0.63243,0.63264,1.00,1.12
2015.07.27 11:55:07.250,0.63243,0.63265,1.00,1.37
2015.07.27 11:55:07.709,0.63243,0.63266,1.00,1.37
2015.07.27 11:55:08.611,0.63243,0.63266,1.00,1.37
2015.07.27 11:55:09.213,0.63243,0.63266,1.00,1.12
2015.07.27 11:55:09.264,0.63246,0.63266,1.00,1.12
2015.07.27 11:55:09.768,0.63247,0.63267,1.00,1.37
2015.07.27 11:55:16.121,0.63245,0.63269,1.00,1.37
2015.07.27 11:55:16.643,0.63245,0.63267,1.00,1.37
2015.07.27 11:55:21.128,0.63244,0.63266,1.00,1.37
2015.07.27 11:55:23.145,0.63244,0.63266,1.00,1.37
2015.07.27 11:55:23.358,0.63242,0.63265,1.00,1.37
2015.07.27 11:55:23.459,0.6324,0.63263,1.50,1.37
2015.07.27 11:55:25.860,0.6324,0.63262,1.00,1.50
2015.07.27 11:55:25.911,0.63236,0.6326,1.00,1.37
2015.07.27 11:55:26.012,0.63236,0.6326,1.00,1.37
2015.07.27 11:55:26.112,0.63236,0.6326,1.00,1.37
2015.07.27 11:55:26.282,0.63236,0.63259,1.00,1.12
2015.07.27 11:55:26.383,0.63236,0.63257,1.00,1.12
2015.07.27 11:55:27.269,0.63236,0.63259,1.00,1.12
2015.07.27 11:55:27.370,0.63236,0.63258,1.00,1.37
2015.07.27 11:55:28.774,0.63236,0.63258,1.00,1.37
2015.07.27 11:55:29.346,0.63235,0.63256,1.00,1.37
2015.07.27 11:55:30.029,0.63237,0.63258,1.00,1.37
2015.07.27 11:55:30.130,0.63237,0.6326,1.00,1.12
2015.07.27 11:55:31.187,0.63237,0.63262,1.50,1.72
2015.07.27 11:55:31.850,0.63237,0.63261,1.00,1.00
2015.07.27 11:55:33.820,0.63237,0.6326,1.00,1.00
2015.07.27 11:55:34.598,0.63237,0.63262,1.00,1.72
2015.07.27 11:55:35.293,0.63238,0.63261,1.00,1.00
2015.07.27 11:55:36.390,0.63238,0.6326,1.00,1.00
2015.07.27 11:55:36.534,0.63239,0.63263,1.00,1.00
2015.07.27 11:55:37.092,0.6324,0.63264,1.00,1.00
2015.07.27 11:55:37.671,0.6324,0.63263,1.00,1.00
2015.07.27 11:55:37.903,0.63242,0.63263,1.00,1.00
2015.07.27 11:55:38.031,0.6324,0.63264,1.00,1.37
2015.07.27 11:55:38.132,0.63238,0.63261,1.00,1.12
2015.07.27 11:55:38.697,0.63237,0.6326,1.00,1.00
2015.07.27 11:55:40.450,0.63237,0.63261,1.00,1.12
2015.07.27 11:55:41.001,0.63237,0.63261,1.00,1.37
2015.07.27 11:55:41.466,0.6324,0.63261,1.00,1.00
2015.07.27 11:55:41.566,0.6324,0.63264,1.00,1.12
2015.07.27 11:55:42.105,0.6324,0.63263,1.00,1.00
2015.07.27 11:55:44.272,0.6324,0.63264,1.50,1.12
2015.07.27 11:55:47.133,0.6324,0.63263,1.00,1.00
2015.07.27 11:55:48.136,0.6324,0.63264,1.00,1.12
2015.07.27 11:55:52.018,0.63243,0.63266,1.00,1.37
2015.07.27 11:55:54.387,0.63243,0.63266,1.00,1.12
2015.07.27 11:55:55.492,0.63243,0.63267,1.00,1.12
2015.07.27 11:55:55.694,0.63243,0.63267,1.00,1.37
2015.07.27 11:55:56.244,0.63243,0.63264,1.00,1.00
2015.07.27 11:55:57.399,0.63243,0.63267,1.00,1.12
2015.07.27 11:55:58.249,0.63246,0.6327,1.00,1.12
2015.07.27 11:55:58.551,0.63248,0.63272,1.00,1.12
2015.07.27 11:55:58.852,0.63248,0.6327,1.00,1.00
2015.07.27 11:55:59.010,0.63248,0.63272,1.00,1.12
2015.07.27 11:56:00.115,0.63248,0.63271,1.00,1.00
2015.07.27 11:56:00.725,0.63248,0.63272,1.00,1.12
2015.07.27 11:56:03.313,0.63248,0.63271,1.00,1.00
2015.07.27 11:56:03.771,0.63245,0.63269,1.00,1.00
2015.07.27 11:56:03.872,0.63245,0.63267,1.00,1.00
2015.07.27 11:56:04.409,0.63244,0.63266,1.00,1.12
2015.07.27 11:56:05.119,0.63244,0.63268,1.00,1.12
2015.07.27 11:56:05.668,0.63247,0.63269,1.00,1.37
2015.07.27 11:56:05.970,0.63248,0.6327,1.00,1.12
2015.07.27 11:56:06.223,0.63246,0.6327,1.00,1.37
2015.07.27 11:56:10.560,0.63246,0.63268,1.00,1.00
2015.07.27 11:56:13.439,0.63246,0.63269,1.00,1.00
2015.07.27 11:56:13.969,0.63246,0.6327,1.00,1.12
2015.07.27 11:56:14.303,0.63246,0.63268,1.00,1.00
2015.07.27 11:56:14.743,0.63244,0.63268,1.00,1.37
2015.07.27 11:56:15.280,0.63244,0.63265,1.00,1.00
2015.07.27 11:56:16.393,0.63244,0.63266,1.00,1.12
2015.07.27 11:56:17.600,0.63244,0.63264,1.00,1.00
2015.07.27 11:56:18.112,0.63245,0.63264,1.00,1.00
2015.07.27 11:56:18.210,0.63243,0.63264,1.00,1.00
2015.07.27 11:56:18.748,0.63242,0.63263,1.00,1.12
2015.07.27 11:56:19.251,0.63242,0.63262,1.00,1.00
2015.07.27 11:56:20.052,0.63242,0.63262,1.00,1.37
2015.07.27 11:56:20.254,0.63243,0.63262,1.00,1.00
2015.07.27 11:56:20.355,0.63243,0.63264,1.00,1.00
2015.07.27 11:56:20.607,0.63244,0.63268,1.00,1.00
2015.07.27 11:56:21.124,0.63244,0.63267,1.00,1.00
2015.07.27 11:56:21.344,0.63244,0.63266,1.00,1.37
2015.07.27 11:56:24.182,0.63244,0.63266,1.00,1.12
2015.07.27 11:56:26.509,0.63244,0.63265,1.00,1.00
2015.07.27 11:56:27.990,0.63242,0.63265,1.00,1.37
2015.07.27 11:56:28.604,0.63242,0.63263,1.00,1.00
2015.07.27 11:56:29.944,0.63242,0.63262,1.00,1.00
2015.07.27 11:56:30.045,0.63242,0.63264,1.00,1.00
2015.07.27 11:56:30.585,0.63242,0.63266,1.00,1.37
2015.07.27 11:56:32.221,0.63244,0.63265,1.00,1.00
2015.07.27 11:56:32.391,0.63245,0.63267,1.00,1.00
2015.07.27 11:56:32.492,0.63246,0.63269,1.00,1.12
2015.07.27 11:56:33.020,0.63246,0.63268,1.00,1.00
2015.07.27 11:56:33.370,0.63248,0.63268,1.00,1.12
2015.07.27 11:56:33.729,0.63246,0.63268,1.00,1.37
2015.07.27 11:56:34.911,0.63246,0.63265,1.00,1.00
2015.07.27 11:56:36.153,0.63246,0.63266,1.00,1.00
2015.07.27 11:56:36.765,0.63246,0.63267,1.00,1.37
2015.07.27 11:56:37.306,0.63243,0.63266,1.00,1.37
2015.07.27 11:56:37.821,0.63242,0.63266,1.00,1.37
2015.07.27 11:56:37.922,0.63245,0.63266,1.00,1.00
2015.07.27 11:56:38.073,0.63245,0.63268,1.00,1.12
2015.07.27 11:56:38.670,0.63245,0.63267,1.00,1.00
2015.07.27 11:56:40.030,0.63245,0.63268,1.00,1.12
2015.07.27 11:56:40.724,0.63245,0.63268,1.00,1.37
2015.07.27 11:56:40.775,0.63242,0.63268,1.00,1.37
2015.07.27 11:56:40.926,0.63242,0.63264,1.00,1.00
2015.07.27 11:56:41.427,0.63241,0.63264,1.00,1.37
2015.07.27 11:56:41.930,0.6324,0.63262,1.00,1.12
2015.07.27 11:56:42.475,0.6324,0.63263,1.00,1.12
2015.07.27 11:56:45.384,0.63241,0.63265,1.00,1.37
2015.07.27 11:56:45.435,0.63242,0.63269,1.00,1.37
2015.07.27 11:56:45.611,0.63244,0.63269,1.00,1.37
2015.07.27 11:56:45.763,0.63243,0.63269,1.00,1.37
2015.07.27 11:56:46.277,0.63244,0.63269,1.00,1.37
2015.07.27 11:56:46.540,0.63244,0.63268,1.00,1.37
2015.07.27 11:56:46.962,0.63245,0.6327,1.00,1.37
2015.07.27 11:56:47.644,0.63245,0.63271,1.00,1.37
2015.07.27 11:56:47.947,0.63245,0.63271,1.00,1.37
2015.07.27 11:56:50.418,0.63244,0.63271,2.25,1.37
2015.07.27 11:56:54.008,0.63245,0.63272,1.00,1.37
2015.07.27 11:56:54.953,0.63245,0.63272,1.00,1.37
2015.07.27 11:56:55.168,0.63247,0.63272,1.00,1.00
2015.07.27 11:56:55.470,0.6325,0.63277,1.50,1.37
2015.07.27 11:56:56.019,0.63251,0.63275,1.00,1.37
2015.07.27 11:56:56.320,0.63251,0.63275,1.00,1.37
2015.07.27 11:56:56.841,0.6325,0.63274,1.00,1.37
2015.07.27 11:56:57.362,0.63249,0.63276,2.25,1.37
2015.07.27 11:56:57.613,0.63251,0.63277,1.00,1.37
2015.07.27 11:56:57.714,0.63251,0.63277,1.37,1.00
2015.07.27 11:56:57.916,0.63252,0.6328,1.37,1.37
2015.07.27 11:56:58.442,0.63256,0.63279,1.00,1.37
2015.07.27 11:56:58.493,0.63254,0.63279,1.00,1.37
2015.07.27 11:56:58.978,0.63252,0.63279,1.12,1.37
2015.07.27 11:56:59.079,0.63252,0.63279,1.00,1.50
2015.07.27 11:57:02.087,0.63252,0.63278,1.00,1.37
2015.07.27 11:57:04.167,0.63255,0.63279,1.00,1.37
2015.07.27 11:57:04.318,0.63255,0.63279,1.00,1.12
2015.07.27 11:57:04.459,0.63259,0.6328,1.00,1.37
2015.07.27 11:57:04.509,0.63259,0.63284,1.00,1.37
2015.07.27 11:57:04.660,0.63261,0.63285,1.00,1.37
2015.07.27 11:57:04.812,0.63261,0.63286,1.00,1.37
2015.07.27 11:57:07.038,0.63262,0.63286,1.00,1.37
2015.07.27 11:57:07.589,0.63263,0.63285,1.00,1.00
2015.07.27 11:57:07.639,0.63263,0.63285,1.00,1.37
2015.07.27 11:57:08.193,0.63262,0.63287,1.00,1.37
2015.07.27 11:57:09.344,0.63262,0.63286,1.00,1.37
2015.07.27 11:57:09.815,0.6326,0.63283,1.00,1.37
2015.07.27 11:57:09.966,0.6326,0.63284,1.00,1.75
2015.07.27 11:57:10.017,0.63257,0.63284,1.00,1.75
2015.07.27 11:57:10.067,0.63257,0.63284,1.00,1.75
2015.07.27 11:57:10.118,0.63254,0.6328,1.00,1.50
2015.07.27 11:57:10.649,0.63254,0.63278,1.00,1.37
2015.07.27 11:57:10.808,0.63256,0.63278,1.00,1.37
2015.07.27 11:57:11.350,0.63256,0.6328,1.00,1.37
2015.07.27 11:57:12.375,0.63256,0.63281,1.00,1.37
2015.07.27 11:57:12.777,0.63256,0.63282,1.50,1.37
2015.07.27 11:57:12.878,0.63258,0.63282,1.00,1.37
2015.07.27 11:57:12.979,0.63258,0.63282,1.00,1.00
2015.07.27 11:57:13.252,0.63256,0.63282,1.50,1.00
2015.07.27 11:57:13.791,0.63256,0.63281,1.50,1.75
2015.07.27 11:57:14.442,0.63256,0.6328,1.00,1.75
2015.07.27 11:57:14.959,0.63255,0.63281,1.00,1.75
2015.07.27 11:57:15.416,0.63255,0.63278,1.00,1.75
2015.07.27 11:57:15.551,0.63253,0.6328,1.00,1.75
2015.07.27 11:57:16.117,0.63254,0.63278,1.00,1.75
2015.07.27 11:57:16.168,0.63252,0.63278,1.00,1.75
2015.07.27 11:57:16.445,0.6325,0.63277,1.00,1.50
2015.07.27 11:57:16.496,0.6325,0.63277,1.50,1.75
2015.07.27 11:57:17.219,0.63254,0.63277,1.00,1.75
2015.07.27 11:57:17.771,0.6325,0.63277,1.00,1.75
2015.07.27 11:57:17.878,0.63255,0.63277,1.00,1.75
2015.07.27 11:57:18.281,0.63254,0.63278,1.00,1.75
2015.07.27 11:57:18.823,0.63255,0.6328,1.00,1.75
2015.07.27 11:57:24.319,0.63255,0.63279,1.50,1.50
2015.07.27 11:57:26.368,0.63255,0.63279,1.50,1.75
2015.07.27 11:57:28.179,0.63255,0.63279,1.50,1.37
2015.07.27 11:57:28.530,0.63257,0.63284,1.00,1.50
2015.07.27 11:57:28.681,0.63259,0.63284,1.00,1.37
2015.07.27 11:57:29.196,0.63259,0.63285,1.50,1.37
2015.07.27 11:57:29.758,0.6326,0.63286,1.00,1.37
2015.07.27 11:57:34.870,0.6326,0.63285,1.87,1.12
2015.07.27 11:57:34.920,0.63262,0.63286,1.00,1.37
2015.07.27 11:57:35.262,0.63262,0.63285,1.00,1.37
2015.07.27 11:57:37.811,0.63262,0.63285,1.00,1.37
2015.07.27 11:57:38.013,0.63261,0.63286,1.00,1.37
2015.07.27 11:57:38.269,0.63264,0.63287,1.00,1.37
2015.07.27 11:57:38.770,0.63263,0.63287,1.00,1.00
2015.07.27 11:57:39.303,0.63263,0.63286,1.00,1.00
2015.07.27 11:57:39.633,0.63263,0.63286,1.00,1.37
2015.07.27 11:57:40.525,0.63263,0.63287,1.00,1.37
2015.07.27 11:57:40.877,0.63263,0.6329,1.50,1.37
2015.07.27 11:57:43.630,0.63263,0.6329,1.50,1.37
2015.07.27 11:57:43.731,0.63269,0.6329,1.00,1.12
2015.07.27 11:57:43.782,0.63267,0.6329,1.00,1.12
2015.07.27 11:57:48.269,0.63268,0.63293,1.00,1.37
2015.07.27 11:57:48.812,0.63268,0.63295,1.00,1.37
2015.07.27 11:57:56.098,0.63268,0.63294,1.00,1.12
2015.07.27 11:57:58.220,0.63268,0.63293,1.87,1.00
2015.07.27 11:57:58.906,0.6327,0.63293,1.00,1.00
2015.07.27 11:57:59.361,0.6327,0.63293,1.00,1.37
2015.07.27 11:57:59.411,0.63268,0.63293,1.00,1.37
2015.07.27 11:58:00.139,0.63267,0.63291,1.00,1.37
2015.07.27 11:58:00.903,0.63268,0.63292,1.00,1.37
2015.07.27 11:58:01.431,0.63268,0.63294,1.00,1.37
2015.07.27 11:58:01.935,0.63268,0.63293,1.00,1.12
2015.07.27 11:58:03.381,0.63268,0.63294,1.00,1.37
2015.07.27 11:58:03.927,0.63267,0.63292,1.00,1.37
2015.07.27 11:58:05.525,0.63267,0.63292,1.00,1.37
2015.07.27 11:58:05.893,0.63267,0.63291,1.00,1.37
2015.07.27 11:58:08.294,0.63267,0.63291,1.00,1.37
2015.07.27 11:58:11.204,0.63267,0.63293,1.00,1.37
2015.07.27 11:58:11.305,0.63269,0.63293,1.00,1.12
2015.07.27 11:58:11.456,0.6327,0.63296,1.00,1.37
2015.07.27 11:58:11.705,0.6327,0.63296,1.00,1.37
2015.07.27 11:58:14.864,0.63269,0.63295,1.00,1.97
2015.07.27 11:58:15.166,0.63267,0.63291,1.00,1.37
2015.07.27 11:58:15.714,0.63266,0.63288,1.00,1.12
2015.07.27 11:58:16.047,0.63263,0.63286,1.00,1.37
2015.07.27 11:58:16.349,0.63255,0.6328,1.00,1.37
2015.07.27 11:58:16.934,0.63255,0.6328,1.00,1.50
2015.07.27 11:58:17.115,0.63251,0.63277,1.00,1.50
2015.07.27 11:58:17.317,0.63249,0.63274,1.00,1.37
2015.07.27 11:58:18.147,0.63251,0.63275,1.00,1.37
2015.07.27 11:58:18.247,0.63251,0.63275,1.00,1.37
2015.07.27 11:58:18.708,0.63254,0.63278,1.00,1.37
2015.07.27 11:58:18.758,0.63254,0.63278,1.00,1.37
2015.07.27 11:58:19.809,0.63254,0.63279,1.00,1.37
2015.07.27 11:58:19.960,0.63258,0.63279,1.00,1.37
2015.07.27 11:58:20.063,0.63258,0.63281,1.00,1.37
2015.07.27 11:58:20.365,0.63258,0.63283,1.00,1.37
2015.07.27 11:58:20.627,0.63261,0.63283,1.00,1.12
2015.07.27 11:58:20.678,0.63261,0.63286,1.00,1.37
2015.07.27 11:58:20.728,0.63263,0.63286,1.00,1.37
2015.07.27 11:58:21.229,0.63263,0.63288,1.00,1.37
2015.07.27 11:58:24.222,0.63263,0.63288,1.00,1.37
2015.07.27 11:58:24.742,0.63262,0.63287,1.00,1.37
2015.07.27 11:58:25.590,0.63263,0.63288,1.00,1.37
2015.07.27 11:58:26.485,0.63263,0.63287,1.00,1.37
2015.07.27 11:58:27.019,0.63264,0.63287,1.00,1.37
2015.07.27 11:58:27.728,0.63264,0.63287,1.00,1.37
2015.07.27 11:58:28.507,0.63264,0.63287,1.00,1.37
2015.07.27 11:58:28.558,0.63262,0.63287,1.00,1.37
2015.07.27 11:58:28.709,0.63261,0.63285,1.00,1.37
2015.07.27 11:58:30.340,0.63261,0.63285,1.00,1.37
2015.07.27 11:58:32.607,0.63261,0.63284,1.00,1.00
2015.07.27 11:58:33.114,0.63261,0.63285,1.00,1.12
2015.07.27 11:58:33.316,0.6326,0.63287,1.00,1.37
2015.07.27 11:58:33.753,0.63262,0.63287,1.00,1.37
2015.07.27 11:58:34.381,0.63264,0.63288,1.00,1.37
2015.07.27 11:58:36.106,0.63263,0.63288,1.00,1.37
2015.07.27 11:58:36.666,0.63263,0.63288,1.00,1.50
2015.07.27 11:58:37.226,0.63262,0.63287,1.00,1.37
2015.07.27 11:58:37.728,0.63262,0.63288,1.00,1.75
2015.07.27 11:58:38.555,0.63262,0.63288,1.00,2.10
2015.07.27 11:58:41.455,0.63264,0.63288,1.00,2.10
2015.07.27 11:58:41.778,0.63262,0.63288,1.00,1.72
2015.07.27 11:58:41.886,0.63265,0.63289,1.00,1.37
2015.07.27 11:58:42.194,0.63266,0.63289,1.00,1.37
2015.07.27 11:58:42.893,0.63266,0.63288,1.00,1.37
2015.07.27 11:58:42.944,0.63264,0.63288,1.50,1.37
2015.07.27 11:58:43.046,0.63264,0.63288,1.50,1.37
2015.07.27 11:58:43.561,0.63264,0.63287,1.00,1.50
2015.07.27 11:58:44.295,0.63262,0.63288,1.00,2.10
2015.07.27 11:58:44.697,0.6326,0.63282,1.00,1.12
2015.07.27 11:58:45.204,0.63259,0.63283,1.00,1.37
2015.07.27 11:58:46.856,0.63259,0.63284,1.00,1.12
2015.07.27 11:58:47.218,0.63261,0.63285,1.00,1.12
2015.07.27 11:58:47.666,0.63261,0.63285,1.00,1.37
2015.07.27 11:58:48.217,0.6326,0.63285,1.50,1.37
2015.07.27 11:58:48.760,0.63261,0.63284,1.00,1.00
2015.07.27 11:58:49.062,0.63259,0.63284,1.00,1.37
2015.07.27 11:58:49.675,0.63257,0.63284,1.50,1.37
2015.07.27 11:58:50.181,0.63258,0.63284,1.00,1.37
2015.07.27 11:58:50.866,0.63258,0.63284,1.00,1.37
2015.07.27 11:58:52.584,0.63258,0.63282,1.00,1.37
2015.07.27 11:58:52.872,0.63258,0.63283,1.00,1.12
2015.07.27 11:58:53.294,0.6326,0.63285,1.00,1.37
2015.07.27 11:58:54.276,0.63258,0.63283,1.50,1.12
2015.07.27 11:58:54.790,0.63258,0.63284,1.00,1.37
2015.07.27 11:58:55.179,0.63257,0.63284,1.50,1.37
2015.07.27 11:58:55.492,0.63257,0.63283,1.00,1.50
2015.07.27 11:58:55.749,0.63254,0.63279,1.50,1.37
2015.07.27 11:58:55.800,0.63254,0.63279,2.25,1.37
2015.07.27 11:58:56.354,0.63254,0.6328,1.00,1.37
2015.07.27 11:58:57.199,0.63254,0.63278,1.00,1.12
2015.07.27 11:58:57.788,0.63254,0.63278,1.00,1.37
2015.07.27 11:58:58.207,0.63252,0.63278,1.00,1.37
2015.07.27 11:58:58.793,0.63253,0.63278,1.00,1.37
2015.07.27 11:58:59.936,0.63252,0.6328,1.50,1.37
2015.07.27 11:59:00.506,0.63252,0.63279,1.00,1.75
2015.07.27 11:59:00.657,0.63248,0.63275,1.50,1.75
2015.07.27 11:59:01.025,0.63245,0.63272,1.50,1.37
2015.07.27 11:59:03.012,0.63245,0.63272,1.50,1.37
2015.07.27 11:59:04.110,0.63245,0.63272,1.87,1.37
2015.07.27 11:59:04.653,0.63246,0.63273,1.00,1.37
2015.07.27 11:59:04.704,0.63248,0.63273,1.00,1.37
2015.07.27 11:59:05.150,0.63248,0.63273,1.00,1.37
2015.07.27 11:59:05.351,0.63248,0.63271,1.00,1.37
2015.07.27 11:59:05.718,0.63246,0.63271,1.00,1.37
2015.07.27 11:59:06.319,0.63245,0.63271,1.00,1.37
2015.07.27 11:59:06.867,0.63247,0.63272,1.00,1.37
2015.07.27 11:59:07.336,0.63248,0.63274,1.00,1.12
2015.07.27 11:59:07.437,0.63246,0.63274,1.50,1.12
2015.07.27 11:59:07.637,0.63246,0.63273,1.00,1.37
2015.07.27 11:59:08.327,0.63249,0.63273,1.00,1.37
2015.07.27 11:59:10.123,0.63249,0.63274,1.00,1.37
2015.07.27 11:59:10.216,0.63252,0.63274,1.00,1.37
2015.07.27 11:59:10.374,0.63252,0.63276,1.00,1.37
2015.07.27 11:59:20.896,0.63254,0.63277,1.00,1.37
2015.07.27 11:59:21.148,0.63254,0.63277,1.00,1.00
2015.07.27 11:59:21.678,0.63255,0.63278,1.00,1.37
2015.07.27 11:59:21.779,0.63255,0.6328,1.00,1.72
2015.07.27 11:59:26.680,0.63255,0.63279,1.00,1.37
2015.07.27 11:59:28.378,0.63254,0.63278,1.00,1.37
2015.07.27 11:59:28.915,0.63254,0.63278,1.00,1.37
2015.07.27 11:59:29.523,0.63254,0.63278,1.00,1.37
2015.07.27 11:59:29.574,0.63252,0.63279,1.50,1.50
2015.07.27 11:59:30.185,0.63252,0.63278,1.00,1.37
2015.07.27 11:59:34.634,0.63252,0.63278,1.00,1.37
2015.07.27 11:59:34.836,0.6325,0.63276,1.50,1.50
2015.07.27 11:59:35.060,0.63248,0.63275,1.00,1.37
2015.07.27 11:59:41.651,0.63248,0.63275,1.50,1.37
2015.07.27 11:59:45.063,0.63248,0.63272,1.00,1.67
2015.07.27 11:59:45.164,0.63244,0.63271,2.25,1.37
2015.07.27 11:59:46.447,0.6325,0.63272,1.00,2.10
2015.07.27 11:59:46.966,0.6325,0.63273,1.00,2.10
2015.07.27 11:59:47.711,0.63249,0.63273,1.00,1.50
2015.07.27 11:59:51.624,0.63246,0.63273,1.00,2.10
2015.07.27 11:59:51.775,0.63246,0.63271,1.00,1.50
2015.07.27 11:59:52.175,0.63245,0.63269,1.00,1.12
2015.07.27 11:59:52.226,0.63247,0.63268,1.00,1.00
2015.07.27 11:59:52.729,0.63247,0.63271,1.00,1.37
2015.07.27 11:59:53.043,0.63247,0.63271,1.00,1.12
2015.07.27 11:59:53.245,0.63249,0.63274,1.00,1.97
2015.07.27 11:59:53.981,0.63249,0.63273,1.00,1.30
2015.07.27 11:59:54.532,0.63249,0.63274,1.00,1.12
2015.07.27 11:59:56.770,0.63249,0.63275,1.00,1.37
2015.07.27 11:59:57.890,0.63249,0.63276,1.00,1.50
2015.07.27 11:59:59.393,0.63248,0.63275,1.50,1.37
