2015.07.16 10:00:00.314,0.62268,0.62294,1.12,1.12
2015.07.16 10:00:02.005,0.62268,0.62294,1.37,1.12
2015.07.16 10:00:02.258,0.62269,0.62294,1.12,1.12
2015.07.16 10:00:02.367,0.62271,0.62294,1.00,1.12
2015.07.16 10:00:02.809,0.62269,0.62294,1.12,1.12
2015.07.16 10:00:03.347,0.62269,0.62294,1.00,1.37
2015.07.16 10:00:03.862,0.62269,0.62296,1.37,1.37
2015.07.16 10:00:04.461,0.62269,0.62296,1.12,1.37
2015.07.16 10:00:05.535,0.62269,0.62296,1.12,1.37
2015.07.16 10:00:06.109,0.62269,0.62296,1.00,2.25
2015.07.16 10:00:07.117,0.62267,0.62291,1.12,1.72
2015.07.16 10:00:07.741,0.62266,0.62291,1.00,1.72
2015.07.16 10:00:08.568,0.62267,0.62291,1.12,1.72
2015.07.16 10:00:09.667,0.62266,0.6229,1.37,1.00
2015.07.16 10:00:10.327,0.62267,0.62291,1.12,1.72
2015.07.16 10:00:12.729,0.62267,0.6229,1.12,1.00
2015.07.16 10:00:13.255,0.62268,0.62291,1.00,1.72
2015.07.16 10:00:13.918,0.62269,0.62295,1.00,3.22
2015.07.16 10:00:14.593,0.62268,0.62295,1.00,2.47
2015.07.16 10:00:15.128,0.62269,0.62291,1.00,1.30
2015.07.16 10:00:19.322,0.62268,0.62291,1.00,1.30
2015.07.16 10:00:19.538,0.62266,0.6229,1.00,1.12
2015.07.16 10:00:20.233,0.62266,0.62291,1.00,1.72
2015.07.16 10:00:20.646,0.62266,0.62291,1.12,1.72
2015.07.16 10:00:21.409,0.62266,0.6229,1.00,1.00
2015.07.16 10:00:21.940,0.62265,0.6229,1.12,1.37
2015.07.16 10:00:22.257,0.62266,0.62291,1.00,1.72
2015.07.16 10:00:22.548,0.62265,0.62291,1.00,1.72
2015.07.16 10:00:23.057,0.62264,0.6229,1.12,1.37
2015.07.16 10:00:23.660,0.62266,0.6229,1.00,1.37
2015.07.16 10:00:23.711,0.62264,0.6229,1.12,1.37
2015.07.16 10:00:24.257,0.62266,0.6229,1.00,1.37
2015.07.16 10:00:25.578,0.62264,0.62291,1.00,1.72
2015.07.16 10:00:27.776,0.62265,0.62291,1.00,1.72
2015.07.16 10:00:28.402,0.62265,0.62291,1.00,1.72
2015.07.16 10:00:28.941,0.62266,0.6229,1.00,1.12
2015.07.16 10:00:29.446,0.62267,0.6229,1.00,1.12
2015.07.16 10:00:30.196,0.62265,0.6229,1.00,1.12
2015.07.16 10:00:30.803,0.62266,0.6229,1.00,1.12
2015.07.16 10:00:34.314,0.62265,0.6229,1.00,1.12
2015.07.16 10:00:42.192,0.6227,0.62296,2.10,1.00
2015.07.16 10:00:42.343,0.62275,0.62301,1.37,1.72
2015.07.16 10:00:42.655,0.62274,0.62301,1.00,1.97
2015.07.16 10:00:42.906,0.62275,0.62299,1.37,1.30
2015.07.16 10:00:43.457,0.62277,0.62299,1.00,1.30
2015.07.16 10:00:45.180,0.62276,0.62299,1.12,1.30
2015.07.16 10:00:45.769,0.62277,0.62304,1.00,1.67
2015.07.16 10:00:46.869,0.62277,0.623,1.00,1.12
2015.07.16 10:00:47.721,0.62276,0.62301,1.00,1.37
2015.07.16 10:00:48.502,0.62275,0.62301,1.12,1.37
2015.07.16 10:00:48.824,0.62277,0.623,1.00,1.37
2015.07.16 10:00:49.497,0.62277,0.623,1.00,1.12
2015.07.16 10:00:50.981,0.62278,0.623,1.00,1.12
2015.07.16 10:00:51.866,0.62277,0.623,1.00,1.12
2015.07.16 10:00:52.382,0.62277,0.62301,1.00,1.37
2015.07.16 10:00:53.609,0.62276,0.62301,1.12,1.12
2015.07.16 10:00:54.137,0.62276,0.62301,1.00,1.37
2015.07.16 10:00:54.723,0.62277,0.62301,1.00,1.37
2015.07.16 10:00:54.824,0.62277,0.62301,1.00,1.12
2015.07.16 10:00:55.381,0.62277,0.62301,1.00,1.37
2015.07.16 10:00:55.431,0.62279,0.62301,1.00,1.37
2015.07.16 10:00:55.640,0.62277,0.62301,1.00,1.37
2015.07.16 10:00:56.742,0.62276,0.62301,1.00,1.37
2015.07.16 10:00:57.246,0.62277,0.62301,1.00,1.37
2015.07.16 10:00:57.796,0.62276,0.62301,1.00,1.37
2015.07.16 10:00:58.297,0.62275,0.62301,1.00,1.72
2015.07.16 10:00:59.052,0.62275,0.623,1.00,1.37
2015.07.16 10:00:59.587,0.62274,0.623,1.00,1.50
2015.07.16 10:00:59.738,0.62274,0.623,1.00,1.37
2015.07.16 10:01:00.476,0.62275,0.623,1.00,1.37
2015.07.16 10:01:01.155,0.62275,0.623,1.60,1.37
2015.07.16 10:01:01.256,0.62275,0.62301,1.60,1.37
2015.07.16 10:01:01.691,0.62279,0.62305,1.00,3.22
2015.07.16 10:01:01.936,0.62279,0.62305,1.00,2.62
2015.07.16 10:01:02.458,0.62282,0.62306,1.00,1.37
2015.07.16 10:01:02.988,0.62281,0.62305,1.00,1.37
2015.07.16 10:01:03.512,0.62281,0.62306,1.00,1.37
2015.07.16 10:01:03.816,0.62281,0.62301,1.00,1.00
2015.07.16 10:01:04.105,0.62278,0.62301,1.72,1.00
2015.07.16 10:01:04.616,0.62278,0.62301,1.35,1.00
2015.07.16 10:01:05.445,0.6228,0.62301,1.00,1.00
2015.07.16 10:01:05.894,0.62279,0.62306,1.00,1.37
2015.07.16 10:01:07.123,0.62279,0.62305,1.12,1.37
2015.07.16 10:01:07.174,0.62281,0.62305,1.00,1.37
2015.07.16 10:01:07.767,0.6228,0.62306,1.00,1.37
2015.07.16 10:01:08.072,0.62282,0.62306,1.00,1.37
2015.07.16 10:01:08.274,0.62283,0.62306,1.00,1.00
2015.07.16 10:01:08.974,0.62284,0.62306,1.00,1.00
2015.07.16 10:01:10.240,0.62283,0.62306,1.00,1.12
2015.07.16 10:01:11.028,0.62283,0.62305,1.00,1.00
2015.07.16 10:01:11.562,0.62283,0.62306,1.12,1.50
2015.07.16 10:01:11.893,0.62285,0.62306,1.00,1.00
2015.07.16 10:01:12.436,0.62283,0.62306,1.12,1.00
2015.07.16 10:01:12.779,0.62283,0.62306,1.00,1.87
2015.07.16 10:01:12.890,0.62282,0.62306,1.12,1.87
2015.07.16 10:01:13.438,0.6228,0.62304,1.00,1.12
2015.07.16 10:01:14.525,0.62281,0.62304,1.00,1.12
2015.07.16 10:01:17.276,0.62282,0.62304,1.00,1.12
2015.07.16 10:01:17.926,0.62282,0.62305,1.00,1.12
2015.07.16 10:01:18.077,0.62284,0.62305,1.00,1.00
2015.07.16 10:01:18.128,0.62284,0.62309,1.37,1.00
2015.07.16 10:01:18.229,0.62284,0.6231,1.37,1.00
2015.07.16 10:01:18.573,0.62293,0.62311,1.00,1.50
2015.07.16 10:01:18.624,0.62293,0.62315,1.00,1.00
2015.07.16 10:01:18.725,0.62294,0.62317,1.00,1.00
2015.07.16 10:01:19.026,0.62295,0.6232,1.00,1.00
2015.07.16 10:01:19.077,0.62291,0.62319,1.00,1.00
2015.07.16 10:01:19.178,0.62296,0.62324,1.00,1.50
2015.07.16 10:01:19.585,0.62301,0.62321,1.00,1.00
2015.07.16 10:01:20.116,0.62302,0.62321,1.00,1.00
2015.07.16 10:01:20.879,0.62304,0.6232,1.00,1.00
2015.07.16 10:01:21.032,0.623,0.6232,1.00,1.00
2015.07.16 10:01:21.083,0.623,0.62326,1.00,2.47
2015.07.16 10:01:21.183,0.62298,0.62316,1.00,1.00
2015.07.16 10:01:21.586,0.623,0.62315,1.00,1.00
2015.07.16 10:01:21.962,0.62301,0.62325,1.00,1.00
2015.07.16 10:01:22.063,0.623,0.6232,1.00,1.00
2015.07.16 10:01:22.485,0.62302,0.62321,1.00,1.00
2015.07.16 10:01:23.576,0.62303,0.62321,1.00,1.00
2015.07.16 10:01:24.628,0.62303,0.6232,1.00,1.00
2015.07.16 10:01:24.729,0.62303,0.62325,1.00,1.12
2015.07.16 10:01:25.577,0.62303,0.62326,1.00,1.00
2015.07.16 10:01:28.107,0.62303,0.62321,1.12,1.00
2015.07.16 10:01:28.359,0.62302,0.62326,1.00,1.12
2015.07.16 10:01:29.172,0.62304,0.62326,1.12,1.00
2015.07.16 10:01:29.840,0.62303,0.62326,1.00,1.00
2015.07.16 10:01:30.724,0.62303,0.62326,1.37,1.00
2015.07.16 10:01:31.142,0.62306,0.62325,1.00,1.00
2015.07.16 10:01:31.333,0.62306,0.6233,1.00,1.37
2015.07.16 10:01:31.785,0.62306,0.62331,1.12,1.00
2015.07.16 10:01:31.977,0.62309,0.62331,1.00,1.00
2015.07.16 10:01:32.506,0.62309,0.6233,1.37,1.00
2015.07.16 10:01:32.606,0.6231,0.6233,1.00,1.00
2015.07.16 10:01:32.657,0.6231,0.62336,1.00,1.00
2015.07.16 10:01:32.707,0.62313,0.62336,1.00,1.00
2015.07.16 10:01:33.233,0.62315,0.62336,1.00,1.00
2015.07.16 10:01:33.800,0.62315,0.62335,1.00,1.00
2015.07.16 10:01:34.519,0.62315,0.62336,1.00,1.00
2015.07.16 10:01:36.794,0.62314,0.62336,1.00,1.00
2015.07.16 10:01:37.305,0.62315,0.62336,1.00,1.00
2015.07.16 10:01:37.893,0.62314,0.62336,1.00,1.00
2015.07.16 10:01:38.866,0.62313,0.62336,1.00,1.37
2015.07.16 10:01:39.371,0.62312,0.62336,1.00,1.37
2015.07.16 10:01:39.916,0.62313,0.62335,1.00,1.00
2015.07.16 10:01:40.407,0.62315,0.62335,1.00,1.00
2015.07.16 10:01:40.920,0.62315,0.62336,1.00,1.00
2015.07.16 10:01:42.173,0.62316,0.62336,1.00,1.00
2015.07.16 10:01:42.674,0.62316,0.62335,1.00,1.00
2015.07.16 10:01:42.775,0.62315,0.62341,1.00,1.12
2015.07.16 10:01:42.926,0.62318,0.62341,1.00,1.00
2015.07.16 10:01:43.293,0.62321,0.62341,1.00,1.00
2015.07.16 10:01:43.633,0.62322,0.62345,1.00,1.00
2015.07.16 10:01:43.734,0.62322,0.62347,1.00,1.12
2015.07.16 10:01:44.137,0.62323,0.62349,1.37,1.00
2015.07.16 10:01:44.237,0.62326,0.62355,1.00,1.50
2015.07.16 10:01:44.338,0.62329,0.62355,1.00,1.00
2015.07.16 10:01:45.232,0.6233,0.62355,1.00,1.37
2015.07.16 10:01:45.741,0.6233,0.62351,1.00,1.00
2015.07.16 10:01:45.882,0.62327,0.62351,1.12,1.00
2015.07.16 10:01:46.834,0.62324,0.6235,1.37,1.00
2015.07.16 10:01:46.935,0.62324,0.6235,1.37,1.00
2015.07.16 10:01:47.598,0.62324,0.62351,1.37,1.00
2015.07.16 10:01:48.115,0.62325,0.6235,1.37,1.00
2015.07.16 10:01:49.445,0.62325,0.62351,1.37,1.00
2015.07.16 10:01:51.080,0.62327,0.62351,1.00,1.12
2015.07.16 10:01:51.431,0.6233,0.62351,1.00,1.00
2015.07.16 10:01:52.814,0.62331,0.62351,1.00,1.00
2015.07.16 10:01:53.392,0.62332,0.62351,1.00,1.00
2015.07.16 10:01:55.802,0.62333,0.62351,1.00,1.00
2015.07.16 10:01:55.853,0.62333,0.62361,1.37,1.50
2015.07.16 10:01:55.903,0.62337,0.62361,1.00,1.00
2015.07.16 10:01:56.356,0.62338,0.62361,1.00,1.37
2015.07.16 10:01:56.751,0.62338,0.62361,1.00,1.12
2015.07.16 10:01:56.854,0.62337,0.62356,1.00,1.00
2015.07.16 10:01:57.162,0.62337,0.62361,1.00,1.00
2015.07.16 10:01:57.263,0.62337,0.62361,1.00,1.50
2015.07.16 10:01:57.508,0.62336,0.6236,1.00,1.00
2015.07.16 10:01:57.812,0.62336,0.62361,1.00,2.25
2015.07.16 10:01:58.184,0.62336,0.62361,1.00,1.37
2015.07.16 10:01:58.552,0.62338,0.62361,1.00,1.00
2015.07.16 10:01:58.653,0.62336,0.62361,1.12,1.00
2015.07.16 10:01:59.175,0.62337,0.6236,1.00,1.00
2015.07.16 10:01:59.517,0.62333,0.62354,1.12,1.00
2015.07.16 10:01:59.769,0.62327,0.62351,1.00,1.00
2015.07.16 10:02:00.272,0.62327,0.62352,1.00,1.00
2015.07.16 10:02:00.855,0.62326,0.62352,1.00,1.00
2015.07.16 10:02:01.006,0.62326,0.6235,1.00,1.00
2015.07.16 10:02:01.308,0.62324,0.62347,1.12,1.00
2015.07.16 10:02:01.459,0.62325,0.62349,1.00,1.00
2015.07.16 10:02:01.699,0.62328,0.6235,1.00,1.00
2015.07.16 10:02:02.102,0.62326,0.62351,1.00,1.00
2015.07.16 10:02:02.731,0.62325,0.6235,1.37,1.00
2015.07.16 10:02:03.577,0.62325,0.6235,1.00,1.00
2015.07.16 10:02:03.628,0.62327,0.6235,1.00,1.00
2015.07.16 10:02:04.077,0.62329,0.62351,1.00,1.00
2015.07.16 10:02:04.228,0.62329,0.62353,1.00,1.00
2015.07.16 10:02:04.717,0.62331,0.62354,1.00,1.00
2015.07.16 10:02:04.992,0.62332,0.62356,1.00,1.00
2015.07.16 10:02:05.143,0.62334,0.62357,1.00,1.00
2015.07.16 10:02:05.683,0.62334,0.62358,1.00,1.00
2015.07.16 10:02:06.228,0.62335,0.62358,1.00,1.00
2015.07.16 10:02:06.535,0.62337,0.62358,1.00,1.00
2015.07.16 10:02:07.187,0.62337,0.62359,1.00,1.00
2015.07.16 10:02:07.758,0.62337,0.6236,1.00,1.00
2015.07.16 10:02:07.960,0.62338,0.62364,1.37,1.00
2015.07.16 10:02:08.110,0.62341,0.62364,1.00,1.00
2015.07.16 10:02:08.620,0.62344,0.62366,1.00,1.00
2015.07.16 10:02:09.995,0.62343,0.62366,1.00,1.00
2015.07.16 10:02:12.425,0.62344,0.62366,1.00,1.00
2015.07.16 10:02:12.732,0.62342,0.62366,1.12,1.00
2015.07.16 10:02:13.075,0.62342,0.62364,1.00,1.00
2015.07.16 10:02:13.291,0.62342,0.62366,1.00,1.00
2015.07.16 10:02:13.755,0.6234,0.62366,1.00,1.50
2015.07.16 10:02:15.218,0.6234,0.62366,1.00,1.87
2015.07.16 10:02:15.369,0.62338,0.62366,1.12,1.87
2015.07.16 10:02:16.024,0.6234,0.62366,1.00,1.87
2015.07.16 10:02:16.556,0.62339,0.62363,1.00,1.30
2015.07.16 10:02:16.968,0.62336,0.62361,1.12,1.87
2015.07.16 10:02:20.683,0.62335,0.62361,1.00,1.87
2015.07.16 10:02:24.477,0.62335,0.62361,1.00,1.72
2015.07.16 10:02:24.894,0.62329,0.62355,1.00,1.87
2015.07.16 10:02:25.437,0.62328,0.62356,1.00,1.87
2015.07.16 10:02:25.488,0.62327,0.62353,1.00,1.00
2015.07.16 10:02:25.886,0.62325,0.62351,1.12,1.00
2015.07.16 10:02:26.188,0.62323,0.62346,1.12,1.00
2015.07.16 10:02:27.082,0.62324,0.62351,1.00,1.87
2015.07.16 10:02:27.284,0.62324,0.62346,1.00,1.00
2015.07.16 10:02:27.905,0.62325,0.62346,1.00,1.00
2015.07.16 10:02:28.813,0.62324,0.62346,1.00,1.00
2015.07.16 10:02:28.863,0.62324,0.62351,1.00,1.72
2015.07.16 10:02:29.153,0.62324,0.62346,1.00,1.00
2015.07.16 10:02:29.994,0.62323,0.62346,1.00,1.00
2015.07.16 10:02:30.434,0.62325,0.62345,1.00,1.00
2015.07.16 10:02:31.362,0.62325,0.6235,1.00,1.72
2015.07.16 10:02:32.158,0.62325,0.62351,1.00,1.72
2015.07.16 10:02:32.963,0.62323,0.62351,1.12,2.47
2015.07.16 10:02:33.153,0.62323,0.62346,1.12,1.00
2015.07.16 10:02:33.446,0.62323,0.62351,1.12,2.47
2015.07.16 10:02:33.994,0.62324,0.6235,1.00,1.35
2015.07.16 10:02:34.533,0.62323,0.62351,1.12,2.47
2015.07.16 10:02:36.484,0.62323,0.62349,1.12,1.00
2015.07.16 10:02:37.005,0.62322,0.6235,1.37,2.10
2015.07.16 10:02:37.563,0.62324,0.6235,1.00,1.35
2015.07.16 10:02:39.354,0.62322,0.6235,1.12,1.72
2015.07.16 10:02:39.656,0.62321,0.62341,1.00,1.00
2015.07.16 10:02:39.707,0.62319,0.62341,1.12,1.00
2015.07.16 10:02:40.216,0.6232,0.62341,1.00,1.00
2015.07.16 10:02:40.784,0.62319,0.62341,1.00,1.00
2015.07.16 10:02:41.549,0.6232,0.62341,1.00,1.00
2015.07.16 10:02:44.715,0.62319,0.62341,1.12,1.00
2015.07.16 10:02:45.368,0.6232,0.62341,1.00,1.00
2015.07.16 10:02:48.392,0.62317,0.62341,1.00,1.12
2015.07.16 10:02:49.038,0.6232,0.62341,1.00,1.00
2015.07.16 10:02:51.125,0.6232,0.62341,1.37,1.00
2015.07.16 10:02:58.984,0.62321,0.6234,1.12,1.00
2015.07.16 10:02:59.535,0.6232,0.6234,1.12,1.00
2015.07.16 10:03:00.121,0.6232,0.62341,1.12,1.00
2015.07.16 10:03:00.638,0.6232,0.62341,1.37,1.00
2015.07.16 10:03:03.934,0.62318,0.6234,1.37,1.00
2015.07.16 10:03:04.535,0.62318,0.62341,1.37,1.00
2015.07.16 10:03:05.061,0.62318,0.6234,1.37,1.00
2015.07.16 10:03:05.263,0.6232,0.62346,1.37,1.12
2015.07.16 10:03:05.820,0.62321,0.62346,1.37,1.00
2015.07.16 10:03:05.920,0.62324,0.6235,1.37,1.12
2015.07.16 10:03:06.292,0.62328,0.6235,1.00,1.00
2015.07.16 10:03:07.180,0.62327,0.6235,1.00,1.00
2015.07.16 10:03:07.564,0.62327,0.62346,1.00,1.00
2015.07.16 10:03:09.077,0.62326,0.62346,1.12,1.00
2015.07.16 10:03:09.778,0.62327,0.62346,1.00,1.00
2015.07.16 10:03:12.085,0.62327,0.62345,1.00,1.00
2015.07.16 10:03:12.336,0.62327,0.62351,1.00,1.12
2015.07.16 10:03:12.581,0.62326,0.62346,1.12,1.00
2015.07.16 10:03:13.129,0.62327,0.62346,1.00,1.00
2015.07.16 10:03:13.705,0.62328,0.62346,1.00,1.00
2015.07.16 10:03:18.893,0.62328,0.6235,1.00,1.00
2015.07.16 10:03:19.706,0.62328,0.62351,1.00,1.00
2015.07.16 10:03:19.757,0.6233,0.62351,1.00,1.00
2015.07.16 10:03:20.510,0.62328,0.62351,1.00,1.12
2015.07.16 10:03:21.012,0.62327,0.6235,1.00,1.00
2015.07.16 10:03:21.513,0.62328,0.62351,1.00,1.37
2015.07.16 10:03:21.715,0.62332,0.62351,1.00,1.00
2015.07.16 10:03:22.349,0.62331,0.6235,1.00,1.00
2015.07.16 10:03:22.868,0.62332,0.6235,1.00,1.00
2015.07.16 10:03:23.760,0.62332,0.62351,1.00,1.00
2015.07.16 10:03:25.054,0.62332,0.62356,1.00,1.12
2015.07.16 10:03:25.839,0.62332,0.62351,1.12,1.00
2015.07.16 10:03:31.088,0.62331,0.62351,1.00,1.00
2015.07.16 10:03:31.589,0.62331,0.62351,1.37,1.00
2015.07.16 10:03:32.239,0.62332,0.62356,1.00,1.37
2015.07.16 10:03:32.340,0.62332,0.62351,1.00,1.00
2015.07.16 10:03:32.861,0.62331,0.62351,1.12,1.00
2015.07.16 10:03:33.572,0.62332,0.62351,1.00,1.00
2015.07.16 10:03:35.172,0.62332,0.6235,1.00,1.00
2015.07.16 10:03:35.848,0.62331,0.6235,1.00,1.00
2015.07.16 10:03:36.368,0.62331,0.62351,1.00,1.00
2015.07.16 10:03:38.521,0.6233,0.62351,1.12,1.00
2015.07.16 10:03:39.253,0.6233,0.62351,1.37,1.00
2015.07.16 10:03:39.609,0.6233,0.62346,1.00,1.00
2015.07.16 10:03:39.772,0.62328,0.62346,1.00,1.00
2015.07.16 10:03:40.319,0.62327,0.62346,1.00,1.00
2015.07.16 10:03:41.800,0.62327,0.6234,1.00,1.00
2015.07.16 10:03:41.851,0.62325,0.6234,1.00,1.00
2015.07.16 10:03:42.384,0.62326,0.6234,1.00,1.00
2015.07.16 10:03:45.150,0.62325,0.6234,1.00,1.00
2015.07.16 10:03:45.570,0.62325,0.62345,1.00,1.00
2015.07.16 10:03:49.694,0.62325,0.62341,1.00,1.00
2015.07.16 10:03:50.961,0.62326,0.62341,1.00,1.00
2015.07.16 10:03:53.004,0.62326,0.62346,1.00,1.00
2015.07.16 10:03:53.214,0.62326,0.6234,1.00,1.00
2015.07.16 10:03:53.334,0.62326,0.62345,1.00,1.00
2015.07.16 10:03:54.423,0.62326,0.6234,1.00,1.00
2015.07.16 10:03:57.171,0.62326,0.62341,1.00,1.00
2015.07.16 10:03:57.328,0.62326,0.62346,1.00,1.00
2015.07.16 10:03:57.640,0.62326,0.62341,1.00,1.00
2015.07.16 10:03:57.691,0.62323,0.62341,1.00,1.00
2015.07.16 10:03:58.212,0.62322,0.6234,1.12,1.00
2015.07.16 10:03:59.216,0.62321,0.6234,1.00,1.00
2015.07.16 10:04:01.572,0.62321,0.62341,1.00,1.00
2015.07.16 10:04:03.868,0.6232,0.62341,1.12,1.00
2015.07.16 10:04:04.395,0.62319,0.62341,1.12,1.00
2015.07.16 10:04:07.183,0.62319,0.62341,1.37,1.00
2015.07.16 10:04:07.233,0.62321,0.62345,1.12,1.00
2015.07.16 10:04:07.410,0.6232,0.62346,1.37,1.00
2015.07.16 10:04:07.922,0.62325,0.62346,1.12,1.00
2015.07.16 10:04:09.712,0.62325,0.62345,1.12,1.00
2015.07.16 10:04:10.179,0.62325,0.6235,1.37,1.00
2015.07.16 10:04:10.382,0.62325,0.62346,1.37,1.00
2015.07.16 10:04:10.821,0.62326,0.62351,1.00,1.37
2015.07.16 10:04:10.922,0.62324,0.62346,1.12,1.00
2015.07.16 10:04:11.441,0.62325,0.62346,1.12,1.00
2015.07.16 10:04:11.599,0.62324,0.62351,1.37,1.50
2015.07.16 10:04:11.700,0.62324,0.6235,1.12,1.00
2015.07.16 10:04:12.002,0.62327,0.62351,1.00,1.00
2015.07.16 10:04:12.153,0.62329,0.62354,1.00,1.00
2015.07.16 10:04:12.394,0.62329,0.62351,1.00,1.00
2015.07.16 10:04:12.444,0.62331,0.62354,1.00,1.00
2015.07.16 10:04:12.496,0.62331,0.62356,1.00,1.50
2015.07.16 10:04:13.028,0.62331,0.62355,1.00,1.00
2015.07.16 10:04:13.530,0.62332,0.62356,1.12,1.50
2015.07.16 10:04:14.158,0.62331,0.62356,1.00,1.87
2015.07.16 10:04:14.684,0.62331,0.62355,1.00,1.12
2015.07.16 10:04:15.199,0.62331,0.62355,1.00,1.37
2015.07.16 10:04:15.557,0.6233,0.62351,1.00,1.00
2015.07.16 10:04:17.448,0.62326,0.62351,1.37,1.00
2015.07.16 10:04:17.595,0.62326,0.62355,1.37,1.37
2015.07.16 10:04:18.449,0.62326,0.62355,1.37,1.87
2015.07.16 10:04:21.522,0.62326,0.62351,1.37,1.00
2015.07.16 10:04:21.673,0.62326,0.62354,1.37,1.37
2015.07.16 10:04:22.031,0.62325,0.62354,1.37,1.00
2015.07.16 10:04:22.352,0.62325,0.62354,1.37,1.37
2015.07.16 10:04:23.821,0.62325,0.62351,1.37,1.00
2015.07.16 10:04:24.337,0.62325,0.62351,1.37,1.00
2015.07.16 10:04:24.732,0.62325,0.62354,1.37,1.12
2015.07.16 10:04:24.812,0.62325,0.62351,1.37,1.00
2015.07.16 10:04:25.342,0.62325,0.6235,1.37,1.00
2015.07.16 10:04:27.445,0.62324,0.6235,1.37,1.00
2015.07.16 10:04:27.495,0.62324,0.62353,1.37,1.12
2015.07.16 10:04:27.646,0.62322,0.62351,1.37,1.37
2015.07.16 10:04:28.161,0.62321,0.6235,1.12,1.37
2015.07.16 10:04:28.341,0.62318,0.62346,1.37,1.00
2015.07.16 10:04:28.882,0.62318,0.62345,1.37,1.00
2015.07.16 10:04:30.578,0.62318,0.62345,1.37,1.60
2015.07.16 10:04:30.887,0.62316,0.62343,1.37,1.60
2015.07.16 10:04:30.988,0.62317,0.62344,1.37,1.00
2015.07.16 10:04:31.041,0.62317,0.62346,1.37,1.87
2015.07.16 10:04:31.201,0.62318,0.62346,1.87,1.12
2015.07.16 10:04:31.803,0.62319,0.62345,1.37,1.00
2015.07.16 10:04:32.191,0.6232,0.62347,2.25,1.35
2015.07.16 10:04:32.373,0.62321,0.62349,1.37,1.00
2015.07.16 10:04:32.474,0.62324,0.62351,1.37,1.00
2015.07.16 10:04:32.808,0.62324,0.62353,1.37,1.00
2015.07.16 10:04:33.889,0.6233,0.62353,1.00,1.00
2015.07.16 10:04:36.541,0.6233,0.62354,1.00,1.00
2015.07.16 10:04:37.421,0.6233,0.62353,1.00,1.00
2015.07.16 10:04:37.946,0.6233,0.62352,1.00,1.00
2015.07.16 10:04:38.451,0.6233,0.62351,1.00,1.00
2015.07.16 10:04:39.840,0.6233,0.62352,1.00,1.00
2015.07.16 10:04:40.421,0.6233,0.62353,1.00,1.00
2015.07.16 10:04:40.912,0.62332,0.62354,1.00,1.00
2015.07.16 10:04:41.482,0.62332,0.62355,1.00,1.35
2015.07.16 10:04:42.030,0.62333,0.62355,1.00,1.35
2015.07.16 10:04:42.081,0.62331,0.62355,1.00,1.35
2015.07.16 10:04:42.182,0.62331,0.62352,1.00,1.00
2015.07.16 10:04:42.484,0.62333,0.62355,1.00,1.35
2015.07.16 10:04:42.534,0.62335,0.62355,1.00,1.00
2015.07.16 10:04:42.635,0.62336,0.62361,1.00,1.00
2015.07.16 10:04:42.686,0.6234,0.62361,1.00,1.00
2015.07.16 10:04:42.786,0.6234,0.62364,1.00,1.37
2015.07.16 10:04:42.988,0.6234,0.62364,1.00,1.37
2015.07.16 10:04:43.038,0.6234,0.62364,1.00,1.12
2015.07.16 10:04:43.189,0.6234,0.62364,1.00,1.37
2015.07.16 10:04:44.200,0.6234,0.62363,1.00,1.37
2015.07.16 10:04:44.355,0.62337,0.62363,1.00,1.37
2015.07.16 10:04:44.919,0.62338,0.62363,1.12,1.37
2015.07.16 10:04:46.698,0.62338,0.62363,1.12,1.12
2015.07.16 10:04:47.035,0.62337,0.62361,1.00,1.00
2015.07.16 10:04:47.552,0.62337,0.6236,1.00,1.87
2015.07.16 10:04:47.652,0.62335,0.6236,1.12,1.87
2015.07.16 10:04:48.213,0.62332,0.62361,1.37,1.50
2015.07.16 10:04:48.566,0.62332,0.62359,1.37,1.00
2015.07.16 10:04:48.754,0.62332,0.62361,1.37,1.50
2015.07.16 10:04:48.954,0.62332,0.62361,1.37,1.87
2015.07.16 10:04:49.528,0.62332,0.62359,1.37,1.37
2015.07.16 10:04:50.109,0.62331,0.6236,1.37,1.12
2015.07.16 10:04:50.409,0.6233,0.62359,1.37,1.37
2015.07.16 10:04:50.917,0.62326,0.62355,1.87,1.00
2015.07.16 10:04:52.053,0.62326,0.62352,1.37,1.00
2015.07.16 10:04:52.639,0.62326,0.62353,1.87,1.00
2015.07.16 10:04:53.285,0.62326,0.62354,1.87,1.00
2015.07.16 10:04:53.633,0.62326,0.62352,1.87,1.00
2015.07.16 10:04:54.221,0.62326,0.62352,1.87,1.00
2015.07.16 10:04:54.576,0.62324,0.6235,1.87,1.00
2015.07.16 10:04:55.044,0.62324,0.6235,1.12,1.00
2015.07.16 10:04:55.144,0.62322,0.62348,1.87,1.00
2015.07.16 10:04:55.678,0.6232,0.62349,1.87,1.00
2015.07.16 10:04:55.980,0.62322,0.6235,1.75,1.00
2015.07.16 10:04:56.150,0.62323,0.62351,1.37,1.87
2015.07.16 10:04:56.714,0.62325,0.62351,1.37,1.00
2015.07.16 10:04:56.765,0.62325,0.62351,1.37,1.00
2015.07.16 10:04:56.815,0.62325,0.62353,1.37,1.00
2015.07.16 10:04:57.246,0.62325,0.62351,1.37,1.00
2015.07.16 10:04:57.861,0.62323,0.62351,1.37,1.00
2015.07.16 10:04:58.236,0.62324,0.62352,1.37,1.00
2015.07.16 10:04:58.637,0.62324,0.62352,1.87,1.00
2015.07.16 10:04:58.839,0.62325,0.62351,1.50,1.00
2015.07.16 10:04:58.889,0.62326,0.62354,1.37,1.00
2015.07.16 10:04:58.940,0.62326,0.62354,1.75,1.00
2015.07.16 10:04:58.991,0.62328,0.62356,1.87,1.50
2015.07.16 10:04:59.505,0.62329,0.62356,1.37,1.00
2015.07.16 10:05:00.011,0.62327,0.62355,1.37,1.00
2015.07.16 10:05:00.452,0.62326,0.62354,1.37,1.00
2015.07.16 10:05:00.754,0.62325,0.62352,1.37,1.00
2015.07.16 10:05:01.076,0.62322,0.6235,1.37,1.00
2015.07.16 10:05:01.677,0.62323,0.62351,1.37,1.50
2015.07.16 10:05:02.156,0.62323,0.62351,1.75,1.00
2015.07.16 10:05:02.323,0.62326,0.62354,1.37,1.00
2015.07.16 10:05:02.373,0.62326,0.6235,1.37,1.00
2015.07.16 10:05:02.474,0.62324,0.62352,1.75,1.00
2015.07.16 10:05:02.730,0.62326,0.62354,1.37,1.00
2015.07.16 10:05:02.786,0.62326,0.62354,1.37,1.12
2015.07.16 10:05:03.326,0.62325,0.62353,1.37,1.00
2015.07.16 10:05:03.785,0.62328,0.62354,1.37,1.00
2015.07.16 10:05:04.279,0.62326,0.62352,1.37,1.00
2015.07.16 10:05:04.781,0.62326,0.62352,1.37,1.00
2015.07.16 10:05:05.233,0.62327,0.62355,1.37,1.50
2015.07.16 10:05:05.734,0.62325,0.62351,1.37,1.00
2015.07.16 10:05:06.135,0.62325,0.62353,1.37,1.00
2015.07.16 10:05:06.396,0.62324,0.6235,1.87,1.00
2015.07.16 10:05:06.588,0.62324,0.6235,1.87,1.00
2015.07.16 10:05:06.926,0.62324,0.62352,1.37,1.00
2015.07.16 10:05:07.446,0.62324,0.62352,1.37,1.00
2015.07.16 10:05:07.990,0.62323,0.62351,1.37,1.00
2015.07.16 10:05:08.474,0.62325,0.62353,1.12,1.12
2015.07.16 10:05:08.692,0.62323,0.62351,1.37,1.00
2015.07.16 10:05:09.219,0.62324,0.62352,1.12,1.37
2015.07.16 10:05:09.338,0.62325,0.62353,1.12,1.12
2015.07.16 10:05:10.747,0.62325,0.62353,1.37,1.12
2015.07.16 10:05:11.504,0.62326,0.62354,1.37,1.12
2015.07.16 10:05:11.726,0.62325,0.62353,1.37,1.00
2015.07.16 10:05:11.776,0.62325,0.62351,1.37,1.00
2015.07.16 10:05:12.305,0.62324,0.62351,1.37,1.00
2015.07.16 10:05:12.356,0.62324,0.62351,1.37,1.00
2015.07.16 10:05:12.881,0.62325,0.62352,1.37,1.00
2015.07.16 10:05:13.157,0.62325,0.62352,1.37,1.00
2015.07.16 10:05:13.208,0.62325,0.62354,1.37,1.00
2015.07.16 10:05:13.334,0.62324,0.62353,1.37,1.12
2015.07.16 10:05:13.531,0.62324,0.62353,1.37,1.00
2015.07.16 10:05:13.759,0.62325,0.62352,1.37,1.00
2015.07.16 10:05:14.260,0.62324,0.62353,1.37,1.37
2015.07.16 10:05:14.361,0.62323,0.62352,1.37,1.37
2015.07.16 10:05:14.785,0.62323,0.62351,1.12,1.87
2015.07.16 10:05:14.835,0.62322,0.62348,1.37,1.00
2015.07.16 10:05:14.936,0.62324,0.62351,1.00,1.12
2015.07.16 10:05:14.987,0.62324,0.62351,1.37,1.00
2015.07.16 10:05:16.084,0.62324,0.6235,1.37,1.00
2015.07.16 10:05:16.698,0.62323,0.62351,1.37,2.10
2015.07.16 10:05:17.269,0.62322,0.6235,1.37,1.00
2015.07.16 10:05:17.575,0.62322,0.6235,1.37,1.00
2015.07.16 10:05:18.121,0.62323,0.62351,1.37,1.72
2015.07.16 10:05:18.636,0.62322,0.6235,1.37,1.00
2015.07.16 10:05:19.157,0.62323,0.62351,1.37,1.35
2015.07.16 10:05:19.258,0.62323,0.62351,1.37,1.35
2015.07.16 10:05:19.760,0.62323,0.6235,1.37,1.00
2015.07.16 10:05:19.979,0.62325,0.6235,1.12,1.00
2015.07.16 10:05:20.482,0.62324,0.62352,1.12,1.72
2015.07.16 10:05:20.582,0.62324,0.62352,1.37,1.60
2015.07.16 10:05:20.683,0.62324,0.62352,1.12,1.72
2015.07.16 10:05:21.193,0.62322,0.6235,1.37,1.00
2015.07.16 10:05:21.583,0.62322,0.62348,1.37,1.00
2015.07.16 10:05:21.886,0.62324,0.6235,1.12,1.00
2015.07.16 10:05:22.355,0.62325,0.62351,1.37,1.35
2015.07.16 10:05:22.406,0.62325,0.62351,1.12,1.72
2015.07.16 10:05:23.408,0.62324,0.6235,1.37,1.00
2015.07.16 10:05:23.939,0.62324,0.62352,1.37,1.60
2015.07.16 10:05:24.464,0.62324,0.62351,1.12,1.30
2015.07.16 10:05:24.518,0.62324,0.62352,1.37,1.72
2015.07.16 10:05:25.138,0.62324,0.62352,1.37,1.97
2015.07.16 10:05:25.653,0.62325,0.62351,1.12,1.35
2015.07.16 10:05:26.006,0.62323,0.62351,1.37,1.35
2015.07.16 10:05:26.597,0.62324,0.6235,1.37,1.00
2015.07.16 10:05:26.698,0.62324,0.6235,1.12,1.00
2015.07.16 10:05:26.918,0.62324,0.6235,1.37,1.00
2015.07.16 10:05:27.248,0.62324,0.6235,1.37,1.00
2015.07.16 10:05:27.599,0.62323,0.62351,1.37,1.35
2015.07.16 10:05:28.133,0.62323,0.62351,1.37,1.35
2015.07.16 10:05:28.347,0.62325,0.62351,1.37,1.35
2015.07.16 10:05:28.653,0.62324,0.62352,1.12,1.72
2015.07.16 10:05:29.035,0.62324,0.6235,1.37,1.00
2015.07.16 10:05:29.137,0.62322,0.6235,1.37,1.12
2015.07.16 10:05:29.670,0.62321,0.62349,1.87,1.00
2015.07.16 10:05:29.905,0.62323,0.62351,1.50,1.35
2015.07.16 10:05:30.909,0.62326,0.62352,1.00,1.60
2015.07.16 10:05:31.459,0.62322,0.6235,1.37,1.00
2015.07.16 10:05:31.761,0.62323,0.62351,1.37,1.35
2015.07.16 10:05:32.270,0.62324,0.6235,1.37,1.00
2015.07.16 10:05:32.804,0.62325,0.62351,1.37,1.35
2015.07.16 10:05:33.566,0.62324,0.62352,1.37,1.60
2015.07.16 10:05:34.198,0.62325,0.62351,1.12,1.72
2015.07.16 10:05:34.298,0.62323,0.62349,1.00,2.10
2015.07.16 10:05:34.771,0.6232,0.62348,1.37,1.60
2015.07.16 10:05:34.872,0.62319,0.62347,1.12,1.72
2015.07.16 10:05:35.378,0.62319,0.62347,1.37,1.60
2015.07.16 10:05:36.674,0.62318,0.62347,1.37,1.60
2015.07.16 10:05:37.205,0.62316,0.62344,1.87,1.35
2015.07.16 10:05:37.728,0.62317,0.62343,1.37,1.00
2015.07.16 10:05:38.146,0.62318,0.62346,1.37,1.00
2015.07.16 10:05:38.541,0.62319,0.62347,1.37,1.00
2015.07.16 10:05:38.664,0.62319,0.62347,1.37,1.00
2015.07.16 10:05:38.816,0.62319,0.62345,1.12,1.00
2015.07.16 10:05:39.464,0.62319,0.62347,1.12,1.12
2015.07.16 10:05:39.615,0.62319,0.62345,1.12,1.00
2015.07.16 10:05:40.137,0.62317,0.62343,1.12,1.00
2015.07.16 10:05:40.238,0.62317,0.62345,1.12,1.12
2015.07.16 10:05:40.288,0.62317,0.62345,1.37,1.00
2015.07.16 10:05:40.503,0.62317,0.62345,1.37,1.12
2015.07.16 10:05:41.025,0.62318,0.62344,1.37,1.00
2015.07.16 10:05:41.234,0.62318,0.62346,1.37,1.00
2015.07.16 10:05:41.913,0.62317,0.62345,1.37,1.12
2015.07.16 10:05:42.192,0.62318,0.62344,1.37,1.00
2015.07.16 10:05:42.708,0.62318,0.62346,1.37,1.00
2015.07.16 10:05:42.921,0.62318,0.62344,1.37,1.00
2015.07.16 10:05:43.022,0.62318,0.62344,1.00,1.00
2015.07.16 10:05:43.077,0.62318,0.62344,1.37,1.00
2015.07.16 10:05:43.395,0.62318,0.62344,1.00,1.00
2015.07.16 10:05:43.678,0.62318,0.62346,1.37,1.00
2015.07.16 10:05:43.880,0.62317,0.62345,1.12,1.12
2015.07.16 10:05:44.097,0.62317,0.62345,1.37,1.00
2015.07.16 10:05:44.349,0.62317,0.62345,1.12,1.12
2015.07.16 10:05:44.605,0.62318,0.62346,1.37,1.00
2015.07.16 10:05:44.802,0.62318,0.62344,1.12,1.00
2015.07.16 10:05:45.004,0.62318,0.62346,1.37,1.00
2015.07.16 10:05:45.414,0.62321,0.62349,1.37,1.60
2015.07.16 10:05:45.756,0.62322,0.6235,1.37,1.60
2015.07.16 10:05:46.187,0.62323,0.62351,1.12,2.47
2015.07.16 10:05:46.493,0.62321,0.62349,1.37,1.60
2015.07.16 10:05:46.819,0.62322,0.62348,1.37,1.35
2015.07.16 10:05:46.924,0.62322,0.62348,1.37,1.35
2015.07.16 10:05:47.192,0.62322,0.6235,1.37,1.60
2015.07.16 10:05:47.410,0.62322,0.6235,1.37,1.60
2015.07.16 10:05:48.110,0.62324,0.62352,1.12,1.72
2015.07.16 10:05:48.705,0.62323,0.62349,1.37,1.60
2015.07.16 10:05:49.333,0.62322,0.6235,1.37,1.60
2015.07.16 10:05:49.389,0.62322,0.6235,1.37,1.60
2015.07.16 10:05:51.101,0.62322,0.6235,1.37,1.60
2015.07.16 10:05:51.302,0.62321,0.62349,1.37,1.60
2015.07.16 10:05:51.603,0.62322,0.6235,1.37,2.10
2015.07.16 10:05:52.110,0.62323,0.62351,1.87,1.60
2015.07.16 10:05:52.574,0.62323,0.6235,1.37,1.00
2015.07.16 10:05:52.775,0.62324,0.62352,1.37,1.00
2015.07.16 10:05:53.329,0.62325,0.62352,1.37,1.00
2015.07.16 10:05:54.010,0.62325,0.62352,1.37,1.12
2015.07.16 10:05:54.512,0.62324,0.62353,1.37,1.37
2015.07.16 10:05:55.023,0.62323,0.62351,1.37,1.12
2015.07.16 10:05:55.631,0.62323,0.6235,1.37,1.00
2015.07.16 10:05:56.116,0.62322,0.62348,1.37,1.00
2015.07.16 10:05:56.317,0.62324,0.6235,1.37,1.12
2015.07.16 10:05:56.519,0.62324,0.6235,1.00,1.37
2015.07.16 10:05:57.395,0.6232,0.62348,1.37,1.72
2015.07.16 10:05:59.243,0.62322,0.62348,1.37,1.35
2015.07.16 10:05:59.495,0.62324,0.62352,1.37,1.37
2015.07.16 10:05:59.596,0.62322,0.6235,1.37,1.12
2015.07.16 10:05:59.646,0.62322,0.6235,1.37,1.00
2015.07.16 10:06:00.148,0.62325,0.62352,1.12,1.97
2015.07.16 10:06:00.299,0.62325,0.62352,1.12,1.37
2015.07.16 10:06:00.501,0.62327,0.62353,1.00,1.37
2015.07.16 10:06:00.653,0.62328,0.62353,1.00,1.50
2015.07.16 10:06:00.804,0.62325,0.62353,1.00,1.87
2015.07.16 10:06:00.905,0.62325,0.6235,1.00,1.00
2015.07.16 10:06:01.272,0.62322,0.6235,1.37,1.12
2015.07.16 10:06:01.447,0.62322,0.62349,1.37,1.00
2015.07.16 10:06:01.602,0.62324,0.62351,1.37,1.00
2015.07.16 10:06:01.703,0.62325,0.62353,1.37,1.00
2015.07.16 10:06:01.905,0.62329,0.62354,1.00,1.00
2015.07.16 10:06:02.311,0.62333,0.62359,1.00,1.12
2015.07.16 10:06:02.769,0.62332,0.62358,1.00,1.37
2015.07.16 10:06:03.140,0.62332,0.62359,1.00,1.12
2015.07.16 10:06:03.567,0.62332,0.62359,1.00,1.37
2015.07.16 10:06:04.104,0.62331,0.62358,1.00,1.37
2015.07.16 10:06:04.356,0.6233,0.62358,1.12,1.12
2015.07.16 10:06:04.984,0.62331,0.62359,1.00,1.37
2015.07.16 10:06:05.993,0.62331,0.62359,1.00,1.12
2015.07.16 10:06:06.095,0.62331,0.62357,1.00,1.00
2015.07.16 10:06:06.864,0.62331,0.62359,1.00,1.00
2015.07.16 10:06:07.380,0.6233,0.62358,1.12,1.00
2015.07.16 10:06:07.653,0.6233,0.62358,1.37,1.12
2015.07.16 10:06:08.934,0.6233,0.62358,1.12,1.00
2015.07.16 10:06:09.661,0.6233,0.62358,1.37,1.12
2015.07.16 10:06:13.546,0.6233,0.62358,1.37,1.00
2015.07.16 10:06:13.986,0.62332,0.62358,1.37,1.00
2015.07.16 10:06:14.494,0.62331,0.62358,1.12,1.00
2015.07.16 10:06:14.882,0.62328,0.62356,1.37,1.00
2015.07.16 10:06:15.544,0.62332,0.6236,1.00,1.87
2015.07.16 10:06:15.695,0.62332,0.6236,1.12,1.87
2015.07.16 10:06:16.115,0.6233,0.62358,1.37,1.00
2015.07.16 10:06:16.645,0.6233,0.62357,1.37,1.00
2015.07.16 10:06:17.211,0.62331,0.62356,1.12,1.00
2015.07.16 10:06:17.544,0.62331,0.62358,1.12,1.00
2015.07.16 10:06:18.194,0.62332,0.62357,1.00,1.00
2015.07.16 10:06:18.705,0.62331,0.62358,1.12,1.00
2015.07.16 10:06:19.333,0.62331,0.62357,1.12,1.00
2015.07.16 10:06:19.434,0.62332,0.6236,1.12,1.87
2015.07.16 10:06:19.938,0.62333,0.62359,1.00,1.12
2015.07.16 10:06:20.510,0.62332,0.62358,1.12,1.00
2015.07.16 10:06:21.011,0.62333,0.62359,1.00,1.12
2015.07.16 10:06:21.512,0.62332,0.62358,1.12,1.00
2015.07.16 10:06:22.093,0.62332,0.62358,1.37,1.00
2015.07.16 10:06:22.633,0.62331,0.62359,1.37,1.12
2015.07.16 10:06:22.934,0.62331,0.62359,1.12,1.12
2015.07.16 10:06:23.048,0.62333,0.62359,1.00,1.12
2015.07.16 10:06:23.249,0.62331,0.62359,1.12,1.12
2015.07.16 10:06:23.720,0.62333,0.62359,1.00,1.12
2015.07.16 10:06:24.274,0.62334,0.62361,1.00,2.47
2015.07.16 10:06:24.654,0.62332,0.6236,1.00,1.37
2015.07.16 10:06:25.184,0.62333,0.6236,1.12,1.37
2015.07.16 10:06:25.321,0.62333,0.6236,1.00,1.12
2015.07.16 10:06:26.116,0.62334,0.62362,1.00,1.37
2015.07.16 10:06:26.642,0.62334,0.62362,1.12,1.37
2015.07.16 10:06:26.693,0.62336,0.62361,1.00,1.12
2015.07.16 10:06:26.793,0.62334,0.62362,1.12,1.37
2015.07.16 10:06:27.337,0.62335,0.62363,1.00,1.37
2015.07.16 10:06:28.630,0.62335,0.62361,1.00,1.37
2015.07.16 10:06:28.962,0.62333,0.62361,1.12,1.37
2015.07.16 10:06:29.299,0.62335,0.62361,1.00,1.37
2015.07.16 10:06:29.822,0.62334,0.62362,1.12,1.87
2015.07.16 10:06:30.942,0.62334,0.62362,1.12,1.87
2015.07.16 10:06:31.454,0.62335,0.62361,1.00,1.50
2015.07.16 10:06:31.974,0.62336,0.6236,1.00,1.00
2015.07.16 10:06:32.507,0.62335,0.62361,1.00,1.87
2015.07.16 10:06:33.286,0.62334,0.62362,1.00,1.87
2015.07.16 10:06:33.861,0.62335,0.62363,1.00,1.87
2015.07.16 10:06:34.362,0.62335,0.6236,1.00,1.37
2015.07.16 10:06:34.670,0.62333,0.62361,1.12,1.87
2015.07.16 10:06:35.094,0.62333,0.62361,1.12,1.12
2015.07.16 10:06:35.568,0.62335,0.62363,1.00,1.37
2015.07.16 10:06:36.104,0.62335,0.62363,1.00,1.37
2015.07.16 10:06:36.611,0.62334,0.62362,1.00,1.37
2015.07.16 10:06:37.173,0.62335,0.62361,1.00,1.12
2015.07.16 10:06:37.758,0.62336,0.62362,1.37,1.37
2015.07.16 10:06:38.266,0.62336,0.62362,1.00,1.37
2015.07.16 10:06:38.467,0.62332,0.6236,1.37,1.60
2015.07.16 10:06:44.827,0.62334,0.6236,1.00,1.60
2015.07.16 10:06:45.551,0.62332,0.6236,1.37,1.60
2015.07.16 10:06:46.555,0.62332,0.62357,1.37,1.00
2015.07.16 10:06:47.478,0.62332,0.62357,1.37,1.00
2015.07.16 10:06:47.781,0.62333,0.62358,1.37,1.00
2015.07.16 10:06:47.882,0.62333,0.62361,1.72,1.00
2015.07.16 10:06:48.411,0.62336,0.62362,1.12,1.00
2015.07.16 10:06:48.782,0.62336,0.62362,1.00,1.37
2015.07.16 10:06:49.084,0.62335,0.62357,1.00,1.00
2015.07.16 10:06:49.135,0.62334,0.62359,1.12,1.35
2015.07.16 10:06:49.286,0.62334,0.62359,1.00,1.72
2015.07.16 10:06:49.337,0.62332,0.62357,1.00,1.37
2015.07.16 10:06:49.445,0.62334,0.62357,1.00,1.37
2015.07.16 10:06:49.785,0.6233,0.62356,1.00,1.72
2015.07.16 10:06:51.755,0.62331,0.62356,1.00,1.12
2015.07.16 10:06:51.956,0.62331,0.62358,1.12,1.87
2015.07.16 10:06:52.421,0.62332,0.62359,1.37,1.35
2015.07.16 10:06:53.276,0.62335,0.62359,1.00,1.12
2015.07.16 10:06:53.736,0.62336,0.62361,1.12,1.00
2015.07.16 10:06:55.056,0.62335,0.62361,1.00,1.00
2015.07.16 10:06:57.155,0.62341,0.62361,1.00,1.00
2015.07.16 10:06:57.208,0.62341,0.62365,1.00,1.00
2015.07.16 10:06:57.633,0.62339,0.62365,1.12,1.00
2015.07.16 10:06:57.835,0.62338,0.62364,1.12,1.37
2015.07.16 10:06:58.822,0.62338,0.62364,1.37,1.37
2015.07.16 10:06:59.326,0.62338,0.62364,1.12,1.12
2015.07.16 10:07:00.000,0.62338,0.62363,1.12,1.00
2015.07.16 10:07:02.357,0.62337,0.62363,1.00,1.12
2015.07.16 10:07:02.659,0.6233,0.62354,1.00,1.00
2015.07.16 10:07:02.930,0.6233,0.62356,1.00,1.00
2015.07.16 10:07:03.081,0.62328,0.62356,1.00,1.50
2015.07.16 10:07:03.253,0.62328,0.62356,1.00,1.60
2015.07.16 10:07:03.404,0.62326,0.62353,1.00,1.00
2015.07.16 10:07:03.816,0.62322,0.6235,1.00,1.50
2015.07.16 10:07:03.867,0.62324,0.6235,1.00,1.50
2015.07.16 10:07:04.072,0.6232,0.62348,1.50,1.00
2015.07.16 10:07:04.173,0.62322,0.6235,1.00,1.00
2015.07.16 10:07:04.513,0.62325,0.62351,1.00,1.00
2015.07.16 10:07:05.024,0.62325,0.62352,1.00,1.00
2015.07.16 10:07:05.569,0.62325,0.62353,1.72,1.00
2015.07.16 10:07:05.910,0.62326,0.62353,1.00,1.37
2015.07.16 10:07:06.161,0.62326,0.62354,1.00,1.12
2015.07.16 10:07:06.923,0.62326,0.62353,1.00,1.00
2015.07.16 10:07:07.433,0.62325,0.62353,1.00,1.00
2015.07.16 10:07:07.939,0.62325,0.62351,1.12,1.00
2015.07.16 10:07:08.657,0.62325,0.62351,1.00,1.37
2015.07.16 10:07:08.708,0.62323,0.62351,1.12,1.37
2015.07.16 10:07:08.979,0.62322,0.6235,1.37,1.12
2015.07.16 10:07:09.443,0.62319,0.62347,1.37,1.00
2015.07.16 10:07:09.554,0.62319,0.62347,1.37,1.00
2015.07.16 10:07:10.130,0.6232,0.62346,1.37,1.00
2015.07.16 10:07:10.739,0.6232,0.62345,1.37,1.00
2015.07.16 10:07:11.490,0.62319,0.62346,1.37,1.00
2015.07.16 10:07:12.752,0.6232,0.62345,1.37,1.00
2015.07.16 10:07:13.271,0.6232,0.62346,1.37,1.00
2015.07.16 10:07:13.941,0.6232,0.62347,1.37,1.00
2015.07.16 10:07:15.977,0.6232,0.62345,1.37,1.00
2015.07.16 10:07:16.425,0.62318,0.62346,1.37,2.62
2015.07.16 10:07:16.657,0.62317,0.62345,1.37,1.37
2015.07.16 10:07:17.007,0.62317,0.62345,1.12,1.37
2015.07.16 10:07:17.108,0.62318,0.62344,1.00,1.37
2015.07.16 10:07:17.209,0.62317,0.62345,1.37,1.12
2015.07.16 10:07:17.907,0.62317,0.62345,1.37,1.87
2015.07.16 10:07:18.413,0.62317,0.62344,1.37,1.00
2015.07.16 10:07:18.905,0.62317,0.62345,1.00,1.87
2015.07.16 10:07:19.094,0.62317,0.62345,1.37,1.50
2015.07.16 10:07:19.321,0.62317,0.62345,1.12,1.87
2015.07.16 10:07:19.484,0.62318,0.62344,1.37,1.12
2015.07.16 10:07:19.886,0.62317,0.62345,1.37,1.50
2015.07.16 10:07:20.037,0.62322,0.62349,1.72,1.50
2015.07.16 10:07:20.558,0.62322,0.6235,1.37,1.00
2015.07.16 10:07:21.092,0.62321,0.62349,1.37,1.00
2015.07.16 10:07:21.212,0.62323,0.62351,1.37,2.62
2015.07.16 10:07:21.501,0.62324,0.62349,1.12,1.00
2015.07.16 10:07:27.010,0.62324,0.62349,1.00,1.37
2015.07.16 10:07:27.111,0.6232,0.62346,1.12,1.12
2015.07.16 10:07:27.162,0.6232,0.62344,1.12,1.00
2015.07.16 10:07:27.464,0.62317,0.62342,1.37,1.00
2015.07.16 10:07:28.325,0.62318,0.62342,1.37,1.00
2015.07.16 10:07:28.663,0.62318,0.62344,1.37,1.00
2015.07.16 10:07:28.714,0.62318,0.62344,1.37,1.00
2015.07.16 10:07:29.258,0.6232,0.62345,1.37,1.00
2015.07.16 10:07:29.359,0.6232,0.62347,1.37,1.00
2015.07.16 10:07:30.517,0.62322,0.62347,1.12,1.87
2015.07.16 10:07:31.317,0.62322,0.62346,1.37,1.00
2015.07.16 10:07:31.468,0.62323,0.62348,1.12,1.00
2015.07.16 10:07:31.518,0.62323,0.62348,1.37,1.00
2015.07.16 10:07:32.071,0.62324,0.62349,1.37,1.00
2015.07.16 10:07:32.823,0.62324,0.62349,1.00,1.00
2015.07.16 10:07:33.125,0.62321,0.62347,1.37,1.00
2015.07.16 10:07:33.944,0.6232,0.62347,1.12,1.00
2015.07.16 10:07:34.145,0.62321,0.62347,1.37,1.00
2015.07.16 10:07:34.447,0.62324,0.6235,1.12,1.00
2015.07.16 10:07:35.231,0.62325,0.6235,1.00,1.87
2015.07.16 10:07:35.332,0.62325,0.62347,1.00,1.12
2015.07.16 10:07:35.533,0.62322,0.62347,1.00,1.12
2015.07.16 10:07:36.161,0.62322,0.62341,1.00,1.00
2015.07.16 10:07:36.413,0.62313,0.62336,1.00,1.87
2015.07.16 10:07:36.463,0.62313,0.62336,1.00,1.87
2015.07.16 10:07:36.514,0.62309,0.62335,1.37,1.37
2015.07.16 10:07:36.744,0.62309,0.62336,1.37,1.87
2015.07.16 10:07:37.286,0.62313,0.62336,1.00,1.00
2015.07.16 10:07:37.845,0.62312,0.62338,1.12,1.50
2015.07.16 10:07:38.067,0.62313,0.62339,1.37,1.00
2015.07.16 10:07:38.646,0.62314,0.62339,1.12,1.00
2015.07.16 10:07:39.160,0.62314,0.62338,1.12,1.00
2015.07.16 10:07:39.462,0.62315,0.62336,1.00,1.00
2015.07.16 10:07:39.512,0.62312,0.62336,1.00,1.00
2015.07.16 10:07:40.173,0.62313,0.62336,1.00,1.00
2015.07.16 10:07:40.753,0.62314,0.62336,1.12,1.00
2015.07.16 10:07:41.200,0.62311,0.62336,1.37,1.50
2015.07.16 10:07:41.384,0.62311,0.62334,1.37,1.00
2015.07.16 10:07:42.256,0.6231,0.62334,1.00,1.12
2015.07.16 10:07:42.801,0.62308,0.62334,1.37,1.12
2015.07.16 10:07:42.957,0.62308,0.62334,1.37,1.37
2015.07.16 10:07:43.458,0.6231,0.62334,1.12,1.12
2015.07.16 10:07:44.005,0.62308,0.62334,1.37,1.12
2015.07.16 10:07:44.572,0.6231,0.62334,1.00,1.12
2015.07.16 10:07:45.107,0.6231,0.62334,1.37,1.37
2015.07.16 10:07:45.841,0.6231,0.62334,1.12,1.12
2015.07.16 10:07:48.069,0.62309,0.62334,1.37,1.00
2015.07.16 10:07:48.516,0.62308,0.62334,1.37,1.12
2015.07.16 10:07:49.025,0.62307,0.62334,1.37,1.37
2015.07.16 10:07:49.524,0.6231,0.62336,1.37,1.60
2015.07.16 10:07:49.649,0.6231,0.62337,1.37,1.12
2015.07.16 10:07:50.195,0.62311,0.62337,1.37,1.00
2015.07.16 10:07:50.722,0.62311,0.62337,1.37,1.00
2015.07.16 10:07:51.318,0.62311,0.62337,1.37,1.37
2015.07.16 10:07:51.579,0.62311,0.62337,1.37,1.12
2015.07.16 10:07:52.024,0.62311,0.62337,1.37,1.37
2015.07.16 10:07:52.125,0.6231,0.62335,1.12,1.12
2015.07.16 10:07:52.226,0.6231,0.62335,1.12,1.87
2015.07.16 10:07:52.704,0.62309,0.62331,1.37,1.00
2015.07.16 10:07:56.540,0.62309,0.62331,1.12,1.00
2015.07.16 10:07:57.044,0.62308,0.62331,1.12,1.00
2015.07.16 10:07:59.240,0.62305,0.62331,1.37,1.87
2015.07.16 10:07:59.746,0.62306,0.6233,1.00,1.12
2015.07.16 10:08:02.055,0.62304,0.6233,1.37,1.12
2015.07.16 10:08:03.958,0.62304,0.6233,1.37,1.00
2015.07.16 10:08:04.496,0.62307,0.62331,1.37,1.00
2015.07.16 10:08:05.060,0.62306,0.6233,1.37,1.00
2015.07.16 10:08:05.805,0.62308,0.6233,1.37,1.00
2015.07.16 10:08:06.013,0.62307,0.62333,1.37,1.72
2015.07.16 10:08:06.366,0.62308,0.62336,1.37,4.72
2015.07.16 10:08:08.340,0.62309,0.62334,1.37,1.00
2015.07.16 10:08:08.441,0.6231,0.62336,1.37,1.00
2015.07.16 10:08:09.155,0.62312,0.62336,1.37,1.00
2015.07.16 10:08:09.681,0.62312,0.62336,1.37,1.12
2015.07.16 10:08:10.040,0.62311,0.62336,1.12,1.00
2015.07.16 10:08:10.478,0.62311,0.62336,1.37,1.00
2015.07.16 10:08:13.358,0.62311,0.62336,1.37,1.87
2015.07.16 10:08:13.892,0.62311,0.62335,1.12,1.00
2015.07.16 10:08:14.410,0.62309,0.6233,1.37,1.00
2015.07.16 10:08:14.957,0.62309,0.62331,1.37,1.00
2015.07.16 10:08:16.537,0.62309,0.6233,1.37,1.00
2015.07.16 10:08:17.094,0.62309,0.62331,1.37,1.00
2015.07.16 10:08:20.202,0.62309,0.62336,1.37,2.47
2015.07.16 10:08:20.616,0.62307,0.6233,1.37,1.00
2015.07.16 10:08:20.667,0.62308,0.62334,1.37,1.12
2015.07.16 10:08:20.853,0.62308,0.6233,1.37,1.00
2015.07.16 10:08:21.404,0.62308,0.62335,1.37,1.37
2015.07.16 10:08:21.666,0.62309,0.62331,1.37,1.00
2015.07.16 10:08:21.767,0.62309,0.62335,1.37,1.37
2015.07.16 10:08:22.307,0.6231,0.62335,1.37,1.00
2015.07.16 10:08:22.840,0.6231,0.62335,1.37,1.00
2015.07.16 10:08:23.385,0.62311,0.62338,1.37,1.87
2015.07.16 10:08:23.435,0.62313,0.62338,1.37,1.50
2015.07.16 10:08:23.485,0.62313,0.62336,1.00,1.37
2015.07.16 10:08:23.586,0.62311,0.62337,1.00,1.12
2015.07.16 10:08:23.737,0.62309,0.62335,1.12,1.00
2015.07.16 10:08:23.888,0.62307,0.62335,1.00,1.00
2015.07.16 10:08:23.939,0.62309,0.62334,1.00,1.00
2015.07.16 10:08:24.140,0.62309,0.62336,1.00,2.25
2015.07.16 10:08:24.424,0.62309,0.62334,1.00,1.00
2015.07.16 10:08:24.940,0.62309,0.62333,1.37,1.00
2015.07.16 10:08:25.892,0.62309,0.62332,1.37,1.00
2015.07.16 10:08:26.995,0.62309,0.62335,1.37,1.00
2015.07.16 10:08:27.251,0.62311,0.62337,1.30,1.00
2015.07.16 10:08:27.302,0.6231,0.62338,2.10,1.50
2015.07.16 10:08:27.453,0.62316,0.6234,1.00,1.00
2015.07.16 10:08:28.129,0.62317,0.6234,1.00,1.00
2015.07.16 10:08:28.681,0.62315,0.6234,1.37,1.00
2015.07.16 10:08:29.252,0.62316,0.62341,1.00,1.50
2015.07.16 10:08:29.786,0.62315,0.62339,1.12,1.00
2015.07.16 10:08:30.307,0.62313,0.62338,1.37,1.00
2015.07.16 10:08:30.867,0.62313,0.62338,1.12,1.00
2015.07.16 10:08:31.400,0.62311,0.62337,1.72,1.00
2015.07.16 10:08:31.909,0.62311,0.62335,1.00,1.37
2015.07.16 10:08:32.211,0.6231,0.62333,1.00,1.37
2015.07.16 10:08:32.512,0.62309,0.62333,1.00,1.12
2015.07.16 10:08:33.104,0.62309,0.62333,1.00,1.37
2015.07.16 10:08:33.720,0.6231,0.62333,1.00,1.37
2015.07.16 10:08:34.389,0.62309,0.62333,1.00,1.37
2015.07.16 10:08:34.919,0.62309,0.62333,1.00,1.37
2015.07.16 10:08:35.932,0.62309,0.62332,1.00,1.12
2015.07.16 10:08:36.391,0.6231,0.6233,1.00,1.00
2015.07.16 10:08:36.492,0.62309,0.62335,1.37,1.37
2015.07.16 10:08:36.643,0.6231,0.62335,1.37,1.12
2015.07.16 10:08:37.548,0.62311,0.62335,1.00,1.50
2015.07.16 10:08:38.197,0.62312,0.62335,1.00,1.12
2015.07.16 10:08:39.229,0.62311,0.62335,1.00,1.50
2015.07.16 10:08:39.753,0.62311,0.62335,1.12,1.37
2015.07.16 10:08:39.954,0.62311,0.62337,1.12,1.12
2015.07.16 10:08:40.582,0.62312,0.62336,1.00,1.00
2015.07.16 10:08:40.742,0.6231,0.62336,1.35,1.37
2015.07.16 10:08:41.249,0.62311,0.62336,1.00,1.87
2015.07.16 10:08:41.850,0.6231,0.62336,1.35,1.87
2015.07.16 10:08:42.352,0.6231,0.62335,1.35,1.87
2015.07.16 10:08:42.883,0.62308,0.62333,1.60,1.37
2015.07.16 10:08:43.199,0.62308,0.62333,1.60,1.37
2015.07.16 10:08:43.451,0.62308,0.62334,1.72,1.37
2015.07.16 10:08:44.001,0.62308,0.62334,1.60,1.37
2015.07.16 10:08:45.621,0.6231,0.6233,1.00,1.00
2015.07.16 10:08:45.674,0.62308,0.6233,1.00,1.00
2015.07.16 10:08:45.725,0.62306,0.62331,1.12,1.00
2015.07.16 10:08:46.257,0.62306,0.62331,1.37,1.00
2015.07.16 10:08:46.610,0.62309,0.62331,1.00,1.00
2015.07.16 10:08:47.159,0.62307,0.6233,1.12,1.00
2015.07.16 10:08:47.696,0.62307,0.6233,1.37,1.00
2015.07.16 10:08:47.796,0.62308,0.6233,1.37,1.00
2015.07.16 10:08:48.763,0.62308,0.6233,1.12,1.00
2015.07.16 10:08:49.547,0.62307,0.6233,1.12,1.00
2015.07.16 10:08:49.771,0.62307,0.6233,1.37,1.00
2015.07.16 10:08:49.922,0.62309,0.62335,1.37,2.25
2015.07.16 10:08:50.617,0.62311,0.62334,1.12,1.00
2015.07.16 10:08:51.458,0.6231,0.62334,1.50,1.00
2015.07.16 10:08:51.508,0.6231,0.62336,1.50,1.00
2015.07.16 10:08:51.870,0.62311,0.62335,1.37,1.00
2015.07.16 10:08:51.970,0.62313,0.62337,1.12,1.00
2015.07.16 10:08:52.339,0.62315,0.62337,1.00,1.00
2015.07.16 10:08:52.400,0.62313,0.62337,1.12,1.00
2015.07.16 10:08:52.673,0.62313,0.62339,1.12,1.12
2015.07.16 10:08:52.773,0.62314,0.62339,1.37,1.00
2015.07.16 10:08:54.625,0.62314,0.62339,1.72,1.00
2015.07.16 10:08:54.929,0.62312,0.62337,1.97,1.00
2015.07.16 10:08:55.999,0.62313,0.62337,1.97,1.00
2015.07.16 10:08:56.150,0.62313,0.6234,1.97,1.50
2015.07.16 10:08:56.707,0.62313,0.6234,1.97,1.50
2015.07.16 10:08:57.302,0.62313,0.6234,1.72,2.25
2015.07.16 10:08:57.838,0.62315,0.6234,1.00,1.50
2015.07.16 10:08:58.915,0.62314,0.6234,1.12,1.12
2015.07.16 10:08:59.016,0.62312,0.62337,1.37,1.12
2015.07.16 10:08:59.317,0.62312,0.62335,1.00,1.00
2015.07.16 10:08:59.862,0.62311,0.62335,1.12,1.00
2015.07.16 10:09:00.163,0.62312,0.62338,1.37,1.87
2015.07.16 10:09:00.465,0.62311,0.62335,1.37,1.00
2015.07.16 10:09:01.065,0.62311,0.62335,1.37,1.00
2015.07.16 10:09:01.603,0.62311,0.62335,1.37,1.00
2015.07.16 10:09:02.149,0.62311,0.62338,1.37,1.37
2015.07.16 10:09:02.205,0.62312,0.62338,1.00,1.00
2015.07.16 10:09:03.122,0.62312,0.62338,1.00,1.37
2015.07.16 10:09:03.724,0.62312,0.62338,1.00,1.00
2015.07.16 10:09:03.824,0.62312,0.62338,1.00,1.87
2015.07.16 10:09:04.328,0.62311,0.62336,1.12,1.12
2015.07.16 10:09:04.945,0.6231,0.62335,1.00,1.00
2015.07.16 10:09:05.303,0.62308,0.62336,1.00,1.87
2015.07.16 10:09:05.607,0.6231,0.62333,1.00,1.00
2015.07.16 10:09:05.964,0.6231,0.62335,1.12,1.00
2015.07.16 10:09:06.470,0.62311,0.62337,1.12,1.00
2015.07.16 10:09:06.521,0.62313,0.62337,1.00,1.00
2015.07.16 10:09:07.063,0.62314,0.62337,1.00,1.00
2015.07.16 10:09:07.587,0.62313,0.62338,1.12,1.00
2015.07.16 10:09:08.240,0.62311,0.62338,1.12,1.12
2015.07.16 10:09:08.760,0.62311,0.62337,1.12,1.00
2015.07.16 10:09:09.416,0.6231,0.62337,1.12,1.12
2015.07.16 10:09:10.067,0.62311,0.62336,1.00,1.00
2015.07.16 10:09:10.749,0.62309,0.62334,1.35,1.00
2015.07.16 10:09:11.069,0.62313,0.62336,1.37,1.00
2015.07.16 10:09:11.321,0.62305,0.62331,1.37,1.50
2015.07.16 10:09:12.128,0.62307,0.62331,1.00,1.50
2015.07.16 10:09:12.839,0.62307,0.6233,1.00,1.00
2015.07.16 10:09:12.990,0.62304,0.62329,1.00,1.37
2015.07.16 10:09:13.380,0.62304,0.62329,1.37,1.12
2015.07.16 10:09:13.833,0.62307,0.62326,1.00,1.00
2015.07.16 10:09:14.135,0.62306,0.62329,1.00,1.00
2015.07.16 10:09:14.236,0.62307,0.62331,1.00,1.87
2015.07.16 10:09:14.577,0.62307,0.62326,1.00,1.00
2015.07.16 10:09:14.678,0.62305,0.62326,1.00,1.00
2015.07.16 10:09:14.779,0.62305,0.62329,1.00,1.00
2015.07.16 10:09:15.161,0.62306,0.62329,1.37,1.00
2015.07.16 10:09:16.200,0.62306,0.62329,1.00,1.12
2015.07.16 10:09:16.502,0.62304,0.62325,1.00,1.00
2015.07.16 10:09:16.553,0.62304,0.62329,1.00,1.37
2015.07.16 10:09:16.704,0.62302,0.62327,1.00,1.12
2015.07.16 10:09:16.755,0.623,0.62326,1.12,1.50
2015.07.16 10:09:17.072,0.623,0.62326,1.37,1.00
2015.07.16 10:09:17.626,0.62302,0.62325,1.12,1.00
2015.07.16 10:09:18.154,0.62301,0.62325,1.00,1.00
2015.07.16 10:09:18.506,0.623,0.62328,1.37,1.87
2015.07.16 10:09:18.708,0.62302,0.62328,1.37,1.00
2015.07.16 10:09:20.387,0.62301,0.62328,1.37,1.37
2015.07.16 10:09:20.591,0.62299,0.62325,1.00,1.00
2015.07.16 10:09:20.792,0.62302,0.62325,1.00,1.00
2015.07.16 10:09:21.322,0.62302,0.62326,1.00,1.00
2015.07.16 10:09:21.592,0.623,0.62326,1.00,1.00
2015.07.16 10:09:22.093,0.62301,0.62325,1.00,1.00
2015.07.16 10:09:24.326,0.62302,0.62327,1.12,1.00
2015.07.16 10:09:24.880,0.62303,0.62327,1.00,1.00
2015.07.16 10:09:25.712,0.62302,0.62327,1.12,1.00
2015.07.16 10:09:34.267,0.62303,0.62329,1.00,1.37
2015.07.16 10:09:34.969,0.62303,0.62327,1.00,1.00
2015.07.16 10:09:35.555,0.62303,0.62328,1.00,1.12
2015.07.16 10:09:39.697,0.62303,0.62327,1.00,1.00
2015.07.16 10:09:40.383,0.62303,0.62329,1.00,1.37
2015.07.16 10:09:40.899,0.62303,0.62329,1.00,1.00
2015.07.16 10:09:41.530,0.62303,0.6233,1.00,1.12
2015.07.16 10:09:41.681,0.62301,0.62329,1.50,1.12
2015.07.16 10:09:41.732,0.62301,0.62329,1.87,1.37
2015.07.16 10:09:42.389,0.62303,0.62329,1.50,1.37
2015.07.16 10:09:42.639,0.62301,0.62328,1.00,1.37
2015.07.16 10:09:43.173,0.62301,0.62326,1.00,1.87
2015.07.16 10:09:43.744,0.62301,0.62325,1.00,1.50
2015.07.16 10:09:44.549,0.62301,0.62326,1.00,1.00
2015.07.16 10:09:45.078,0.62302,0.62328,1.00,1.37
2015.07.16 10:09:45.637,0.62302,0.62325,1.00,1.00
2015.07.16 10:09:47.397,0.62302,0.62327,1.00,1.37
2015.07.16 10:09:47.983,0.623,0.62327,1.87,1.00
2015.07.16 10:09:49.290,0.62302,0.62328,1.37,1.12
2015.07.16 10:09:50.189,0.62302,0.62328,1.37,1.37
2015.07.16 10:09:50.732,0.62302,0.62326,1.00,1.00
2015.07.16 10:09:50.884,0.623,0.62325,1.00,1.12
2015.07.16 10:09:51.396,0.623,0.62324,1.12,1.00
2015.07.16 10:09:51.497,0.62301,0.62325,1.37,1.00
2015.07.16 10:09:52.030,0.62301,0.62325,1.00,1.00
2015.07.16 10:09:52.534,0.62301,0.62326,1.00,1.00
2015.07.16 10:09:54.480,0.62301,0.62327,1.00,1.12
2015.07.16 10:09:55.008,0.62301,0.62328,1.87,1.00
2015.07.16 10:09:55.558,0.62301,0.62327,1.37,1.00
2015.07.16 10:09:56.109,0.62301,0.62327,1.37,1.37
2015.07.16 10:09:56.761,0.62301,0.62326,1.12,1.12
2015.07.16 10:09:58.839,0.62301,0.62325,1.12,1.00
2015.07.16 10:10:00.594,0.62301,0.62326,1.37,1.37
2015.07.16 10:10:01.331,0.62301,0.62327,1.00,1.37
2015.07.16 10:10:02.177,0.62301,0.62325,1.00,1.37
2015.07.16 10:10:02.628,0.62301,0.62326,1.12,1.87
2015.07.16 10:10:04.517,0.62301,0.62326,1.00,1.87
2015.07.16 10:10:08.829,0.62302,0.62325,1.00,1.00
2015.07.16 10:10:10.929,0.62301,0.62325,1.00,1.00
2015.07.16 10:10:11.080,0.62301,0.62323,1.00,1.00
2015.07.16 10:10:11.229,0.62299,0.62323,1.12,1.00
2015.07.16 10:10:11.748,0.62299,0.62325,1.12,1.50
2015.07.16 10:10:12.047,0.62301,0.62325,1.00,1.50
2015.07.16 10:10:12.550,0.62301,0.62324,1.12,1.00
2015.07.16 10:10:13.199,0.62301,0.62325,1.12,1.00
2015.07.16 10:10:15.050,0.62301,0.62326,1.12,1.12
2015.07.16 10:10:15.559,0.62301,0.62325,1.12,1.00
2015.07.16 10:10:16.117,0.623,0.62325,1.00,1.00
2015.07.16 10:10:18.417,0.623,0.62324,1.00,1.00
2015.07.16 10:10:19.188,0.623,0.62325,1.00,1.00
2015.07.16 10:10:24.504,0.62301,0.62325,1.00,1.00
2015.07.16 10:10:25.029,0.623,0.62325,1.50,1.00
2015.07.16 10:10:25.832,0.623,0.62327,1.00,1.37
2015.07.16 10:10:26.154,0.623,0.62324,1.00,1.37
2015.07.16 10:10:26.207,0.62298,0.62324,1.00,1.37
2015.07.16 10:10:26.620,0.62296,0.62321,1.00,1.12
2015.07.16 10:10:27.303,0.62295,0.62322,1.00,1.37
2015.07.16 10:10:30.330,0.62295,0.62321,1.00,1.37
2015.07.16 10:10:30.445,0.62295,0.62319,1.00,1.37
2015.07.16 10:10:30.546,0.62293,0.62319,1.00,1.37
2015.07.16 10:10:31.213,0.62291,0.62317,1.12,1.12
2015.07.16 10:10:31.849,0.62293,0.62318,1.00,1.12
2015.07.16 10:10:32.250,0.62293,0.6232,1.37,1.37
2015.07.16 10:10:32.751,0.62292,0.6232,1.87,1.37
2015.07.16 10:10:33.377,0.62292,0.62318,1.87,1.00
2015.07.16 10:10:33.904,0.62292,0.62317,1.00,1.12
2015.07.16 10:10:34.056,0.6229,0.62318,1.87,1.37
2015.07.16 10:10:34.420,0.62293,0.62317,1.00,1.37
2015.07.16 10:10:34.671,0.62293,0.62318,1.00,1.12
2015.07.16 10:10:35.259,0.62294,0.62318,1.00,1.12
2015.07.16 10:10:35.610,0.62294,0.62316,1.00,1.00
2015.07.16 10:10:36.259,0.62294,0.62319,1.00,1.37
2015.07.16 10:10:36.807,0.62294,0.62318,1.00,1.37
2015.07.16 10:10:38.956,0.62292,0.62317,1.00,1.37
2015.07.16 10:10:39.521,0.62292,0.62317,1.00,1.12
2015.07.16 10:10:40.022,0.62292,0.62317,1.00,1.37
2015.07.16 10:10:40.520,0.6229,0.62316,1.87,1.12
2015.07.16 10:10:40.621,0.6229,0.62316,1.87,1.37
2015.07.16 10:10:40.721,0.6229,0.62316,1.87,1.12
2015.07.16 10:10:41.383,0.62291,0.62316,1.50,1.12
2015.07.16 10:10:41.805,0.62293,0.62315,1.00,1.00
2015.07.16 10:10:41.855,0.62293,0.62319,1.50,1.37
2015.07.16 10:10:41.906,0.62295,0.62319,1.00,1.37
2015.07.16 10:10:42.480,0.62295,0.62321,1.12,1.72
2015.07.16 10:10:42.716,0.62295,0.62321,1.87,1.72
2015.07.16 10:10:42.919,0.62295,0.62321,1.87,1.72
2015.07.16 10:10:43.605,0.62295,0.6232,1.00,1.12
2015.07.16 10:10:44.335,0.62295,0.62321,1.12,1.72
2015.07.16 10:10:45.032,0.62295,0.62321,1.00,1.72
2015.07.16 10:10:45.338,0.62295,0.62319,1.00,1.37
2015.07.16 10:10:45.388,0.62293,0.62319,1.12,1.37
2015.07.16 10:10:45.790,0.62291,0.62317,1.50,1.37
2015.07.16 10:10:46.312,0.62291,0.62316,1.00,1.37
2015.07.16 10:10:48.655,0.62288,0.62314,1.37,1.00
2015.07.16 10:10:49.499,0.62288,0.62314,1.12,1.12
2015.07.16 10:10:50.057,0.62288,0.62314,1.37,1.37
2015.07.16 10:10:52.105,0.62288,0.62314,1.00,1.00
2015.07.16 10:10:55.118,0.62289,0.62314,1.00,1.00
2015.07.16 10:10:56.333,0.62289,0.62315,1.00,1.12
2015.07.16 10:10:56.758,0.62288,0.62313,1.00,1.37
2015.07.16 10:10:56.809,0.62285,0.62313,1.50,1.37
2015.07.16 10:10:56.960,0.62285,0.62313,1.87,1.37
2015.07.16 10:10:57.262,0.62286,0.62314,1.37,1.37
2015.07.16 10:10:57.768,0.62286,0.62314,1.00,1.37
2015.07.16 10:10:58.070,0.62287,0.62313,1.12,1.12
2015.07.16 10:10:59.147,0.62286,0.62313,1.50,1.37
2015.07.16 10:10:59.349,0.62286,0.62313,1.87,1.12
2015.07.16 10:11:00.024,0.62289,0.62315,1.00,1.37
2015.07.16 10:11:00.580,0.62289,0.62315,1.87,1.00
2015.07.16 10:11:01.081,0.62289,0.62314,1.37,1.00
2015.07.16 10:11:01.493,0.62287,0.62313,1.12,1.12
2015.07.16 10:11:01.768,0.62289,0.62315,1.00,1.37
2015.07.16 10:11:02.035,0.62287,0.62313,1.00,1.00
2015.07.16 10:11:02.289,0.62287,0.62313,1.12,1.37
2015.07.16 10:11:02.657,0.62289,0.62311,1.00,1.00
2015.07.16 10:11:03.494,0.62289,0.62313,1.00,1.37
2015.07.16 10:11:03.753,0.62289,0.62314,1.00,1.12
2015.07.16 10:11:03.857,0.62288,0.62314,1.00,1.37
2015.07.16 10:11:04.008,0.62286,0.62311,1.50,1.12
2015.07.16 10:11:04.059,0.62286,0.62311,1.00,1.37
2015.07.16 10:11:04.159,0.62282,0.6231,1.87,1.12
2015.07.16 10:11:04.638,0.62282,0.62308,1.00,1.00
2015.07.16 10:11:04.951,0.62285,0.62309,1.00,1.12
2015.07.16 10:11:05.344,0.62287,0.62313,1.00,1.37
2015.07.16 10:11:05.394,0.62287,0.62313,1.00,1.12
2015.07.16 10:11:05.935,0.62289,0.62314,1.00,1.37
2015.07.16 10:11:06.246,0.6229,0.62315,1.00,1.12
2015.07.16 10:11:06.397,0.62288,0.62314,1.00,1.37
2015.07.16 10:11:06.699,0.6229,0.62316,1.37,1.37
2015.07.16 10:11:06.985,0.62288,0.62315,1.00,1.00
2015.07.16 10:11:07.312,0.62288,0.62313,1.00,1.00
2015.07.16 10:11:07.900,0.62287,0.62314,1.00,1.00
2015.07.16 10:11:08.202,0.62287,0.62311,1.00,1.00
2015.07.16 10:11:08.604,0.62285,0.62312,1.00,1.00
2015.07.16 10:11:08.655,0.62285,0.62309,1.00,1.00
2015.07.16 10:11:08.988,0.62283,0.62307,1.00,1.00
2015.07.16 10:11:09.089,0.62283,0.62309,1.00,1.00
2015.07.16 10:11:09.592,0.62283,0.62308,1.00,1.00
2015.07.16 10:11:11.489,0.62283,0.62308,1.00,1.37
2015.07.16 10:11:11.887,0.62281,0.62307,1.12,1.37
2015.07.16 10:11:15.712,0.62279,0.62307,1.00,1.50
2015.07.16 10:11:15.813,0.62277,0.62303,1.00,1.37
2015.07.16 10:11:19.316,0.62277,0.62303,1.00,1.12
2015.07.16 10:11:19.843,0.62278,0.62303,1.00,1.12
2015.07.16 10:11:21.879,0.62277,0.62303,1.00,1.12
2015.07.16 10:11:22.501,0.62277,0.62302,1.50,1.00
2015.07.16 10:11:25.696,0.62276,0.62302,1.00,1.00
2015.07.16 10:11:26.052,0.62278,0.62303,1.00,1.12
2015.07.16 10:11:26.375,0.62278,0.62301,1.00,1.00
2015.07.16 10:11:26.949,0.62278,0.62302,1.00,1.00
2015.07.16 10:11:28.302,0.62286,0.62302,1.00,1.00
2015.07.16 10:11:28.353,0.62286,0.62305,1.00,1.00
2015.07.16 10:11:28.453,0.62288,0.62314,1.00,1.37
2015.07.16 10:11:28.803,0.62287,0.62313,1.00,1.37
2015.07.16 10:11:29.304,0.62286,0.6231,1.00,1.00
2015.07.16 10:11:30.941,0.62286,0.6231,1.37,1.12
2015.07.16 10:11:35.768,0.62286,0.6231,1.00,1.37
2015.07.16 10:11:35.818,0.62282,0.6231,1.37,1.37
2015.07.16 10:11:35.869,0.62282,0.6231,1.00,1.37
2015.07.16 10:11:36.178,0.62279,0.62306,1.37,1.37
2015.07.16 10:11:36.772,0.6228,0.62306,1.12,1.37
2015.07.16 10:11:37.273,0.6228,0.62306,1.37,1.12
2015.07.16 10:11:37.786,0.62282,0.62306,1.00,1.12
2015.07.16 10:11:38.293,0.62282,0.62305,1.00,1.12
2015.07.16 10:11:38.641,0.6228,0.62305,1.00,1.12
2015.07.16 10:11:39.366,0.6228,0.62305,1.12,1.37
2015.07.16 10:11:40.056,0.6228,0.62306,1.00,1.37
2015.07.16 10:11:40.157,0.6228,0.62306,1.00,1.37
2015.07.16 10:11:40.696,0.62279,0.62303,1.00,1.12
2015.07.16 10:11:41.270,0.62279,0.62302,1.00,1.00
2015.07.16 10:11:41.893,0.62279,0.62303,1.00,1.12
2015.07.16 10:11:42.853,0.62279,0.62304,1.12,1.00
2015.07.16 10:11:43.385,0.62279,0.62306,1.37,1.87
2015.07.16 10:11:43.486,0.6228,0.62306,1.37,1.50
2015.07.16 10:11:43.738,0.62285,0.6231,1.12,1.00
2015.07.16 10:11:44.007,0.62287,0.62311,1.00,1.12
2015.07.16 10:11:44.603,0.62287,0.6231,1.12,1.00
2015.07.16 10:11:49.986,0.62287,0.62312,1.12,1.37
2015.07.16 10:11:50.621,0.62287,0.6231,1.00,1.12
2015.07.16 10:11:51.527,0.62287,0.62312,1.00,1.12
2015.07.16 10:11:52.740,0.62287,0.62311,1.00,1.00
2015.07.16 10:11:52.867,0.62285,0.6231,1.12,1.00
2015.07.16 10:11:53.770,0.62285,0.62308,1.00,1.00
2015.07.16 10:11:54.336,0.62285,0.62309,1.00,1.12
2015.07.16 10:11:57.335,0.62285,0.6231,1.37,1.37
2015.07.16 10:11:57.867,0.62285,0.62308,1.37,1.00
2015.07.16 10:11:58.448,0.62285,0.6231,1.37,1.37
2015.07.16 10:11:59.116,0.62285,0.62311,1.37,1.12
2015.07.16 10:11:59.652,0.62285,0.62311,1.12,1.12
2015.07.16 10:12:00.217,0.62284,0.6231,1.37,1.00
2015.07.16 10:12:00.757,0.62284,0.6231,1.12,1.12
2015.07.16 10:12:02.162,0.62284,0.6231,1.37,1.37
2015.07.16 10:12:02.996,0.62284,0.6231,1.37,1.00
2015.07.16 10:12:03.097,0.62287,0.62312,1.37,1.00
2015.07.16 10:12:03.198,0.62289,0.62315,1.37,1.37
2015.07.16 10:12:03.302,0.6229,0.62317,1.37,1.12
2015.07.16 10:12:03.806,0.62292,0.62318,1.37,1.12
2015.07.16 10:12:04.326,0.62292,0.62318,1.12,1.37
2015.07.16 10:12:06.356,0.62292,0.62317,1.37,1.37
2015.07.16 10:12:07.739,0.62292,0.62315,1.37,1.00
2015.07.16 10:12:08.389,0.62292,0.62316,1.37,1.12
2015.07.16 10:12:09.931,0.62292,0.62315,1.37,1.00
2015.07.16 10:12:10.282,0.62291,0.62315,1.12,1.00
2015.07.16 10:12:10.665,0.62291,0.62317,1.37,1.12
2015.07.16 10:12:11.096,0.62291,0.62317,1.37,1.12
2015.07.16 10:12:13.313,0.62293,0.62318,1.37,1.00
2015.07.16 10:12:13.418,0.62293,0.6232,1.37,1.12
2015.07.16 10:12:18.258,0.62293,0.62319,1.37,1.00
2015.07.16 10:12:20.408,0.62295,0.62321,1.50,1.00
2015.07.16 10:12:20.460,0.62297,0.62323,1.37,1.00
2015.07.16 10:12:20.611,0.62301,0.62326,1.12,1.12
2015.07.16 10:12:21.055,0.62303,0.62328,1.00,1.37
2015.07.16 10:12:21.413,0.62303,0.62329,1.37,1.12
2015.07.16 10:12:21.602,0.62306,0.62329,1.00,1.12
2015.07.16 10:12:22.156,0.62306,0.62329,1.00,1.37
2015.07.16 10:12:22.266,0.62304,0.62329,1.50,1.37
2015.07.16 10:12:26.384,0.62306,0.62328,1.00,1.12
2015.07.16 10:12:27.032,0.62306,0.62331,1.00,1.37
2015.07.16 10:12:27.710,0.62306,0.62328,1.00,1.12
2015.07.16 10:12:31.136,0.62306,0.62329,1.00,1.12
2015.07.16 10:12:31.641,0.62306,0.62329,1.00,1.37
2015.07.16 10:12:33.942,0.62304,0.62329,1.00,1.37
2015.07.16 10:12:34.449,0.62307,0.62332,1.00,1.37
2015.07.16 10:12:35.128,0.62307,0.6233,1.12,1.37
2015.07.16 10:12:35.396,0.62307,0.62331,1.12,1.00
2015.07.16 10:12:36.074,0.62306,0.62332,1.37,1.12
2015.07.16 10:12:36.423,0.62309,0.62331,1.00,1.00
2015.07.16 10:12:37.005,0.62311,0.62331,1.00,1.00
2015.07.16 10:12:37.064,0.62311,0.62333,1.00,1.00
2015.07.16 10:12:37.641,0.62311,0.62331,1.00,1.00
2015.07.16 10:12:37.741,0.62309,0.62331,1.12,1.00
2015.07.16 10:12:37.842,0.62309,0.62335,1.87,1.37
2015.07.16 10:12:37.893,0.62312,0.62335,1.37,1.00
2015.07.16 10:12:37.993,0.62314,0.62338,1.00,1.12
2015.07.16 10:12:38.155,0.62316,0.62341,1.00,1.37
2015.07.16 10:12:38.665,0.62316,0.62341,1.37,1.12
2015.07.16 10:12:38.883,0.62322,0.62341,1.00,1.00
2015.07.16 10:12:38.984,0.62325,0.62349,1.00,1.35
2015.07.16 10:12:39.478,0.62325,0.62349,1.00,1.72
2015.07.16 10:12:43.044,0.62322,0.62348,1.12,1.37
2015.07.16 10:12:43.952,0.62324,0.62348,1.00,1.37
2015.07.16 10:12:45.384,0.62324,0.62348,1.00,1.12
2015.07.16 10:12:50.293,0.62324,0.62348,1.00,1.37
2015.07.16 10:12:50.797,0.62323,0.62348,1.12,1.37
2015.07.16 10:12:51.905,0.62325,0.62348,1.00,1.37
2015.07.16 10:12:52.741,0.62325,0.62349,1.00,1.12
2015.07.16 10:12:53.242,0.62325,0.62352,1.00,1.37
2015.07.16 10:12:53.744,0.62325,0.62351,1.87,1.37
2015.07.16 10:12:56.224,0.62326,0.62353,1.00,1.37
2015.07.16 10:12:56.952,0.6233,0.62354,1.12,1.37
2015.07.16 10:12:57.254,0.62337,0.62361,1.00,1.37
2015.07.16 10:12:58.015,0.62337,0.62361,1.00,1.37
2015.07.16 10:12:58.457,0.62335,0.62361,1.00,1.37
2015.07.16 10:12:58.819,0.62335,0.62361,1.00,1.50
2015.07.16 10:12:59.460,0.62335,0.62359,1.00,1.37
2015.07.16 10:12:59.979,0.62333,0.62359,1.50,1.37
2015.07.16 10:13:01.731,0.62333,0.62358,1.00,1.37
2015.07.16 10:13:03.232,0.62333,0.62357,1.00,1.37
2015.07.16 10:13:04.032,0.62333,0.62357,1.00,1.37
2015.07.16 10:13:05.502,0.62333,0.62358,1.00,1.37
2015.07.16 10:13:06.383,0.62333,0.62358,1.00,1.37
2015.07.16 10:13:07.342,0.62333,0.62358,1.00,1.50
2015.07.16 10:13:07.887,0.62333,0.62358,1.00,1.37
2015.07.16 10:13:07.946,0.62333,0.62358,1.37,1.37
2015.07.16 10:13:08.309,0.62335,0.62362,1.00,1.00
2015.07.16 10:13:08.747,0.62333,0.62361,1.00,1.00
2015.07.16 10:13:08.855,0.62332,0.6236,1.87,1.37
2015.07.16 10:13:09.159,0.62334,0.62355,1.00,1.00
2015.07.16 10:13:09.210,0.62334,0.62361,1.00,1.37
2015.07.16 10:13:09.361,0.62334,0.62355,1.00,1.00
2015.07.16 10:13:09.679,0.62333,0.6236,1.12,1.37
2015.07.16 10:13:10.320,0.62332,0.6236,1.87,1.37
2015.07.16 10:13:10.471,0.62332,0.6236,1.87,1.37
2015.07.16 10:13:10.773,0.62332,0.62355,1.00,1.50
2015.07.16 10:13:10.823,0.62329,0.62355,1.00,1.50
2015.07.16 10:13:11.033,0.62326,0.62351,1.00,1.87
2015.07.16 10:13:12.402,0.62326,0.62351,1.00,1.37
2015.07.16 10:13:13.113,0.62326,0.6235,1.00,1.12
2015.07.16 10:13:13.673,0.62327,0.6235,1.00,1.37
2015.07.16 10:13:14.207,0.62326,0.6235,1.12,1.37
2015.07.16 10:13:14.852,0.62326,0.6235,1.00,1.37
2015.07.16 10:13:17.703,0.62326,0.62351,1.00,1.12
2015.07.16 10:13:18.174,0.62328,0.62351,1.00,1.12
2015.07.16 10:13:21.674,0.62328,0.6235,1.12,1.00
2015.07.16 10:13:26.185,0.62328,0.62351,1.37,1.12
2015.07.16 10:13:26.386,0.62329,0.62354,1.37,1.37
2015.07.16 10:13:26.587,0.62329,0.62355,1.00,1.97
2015.07.16 10:13:28.213,0.62329,0.6235,1.00,1.37
2015.07.16 10:13:28.390,0.62329,0.62351,1.00,1.12
2015.07.16 10:13:29.693,0.62329,0.6235,1.00,1.00
2015.07.16 10:13:30.194,0.62327,0.6235,1.37,1.00
2015.07.16 10:13:30.865,0.62327,0.6235,1.12,1.12
2015.07.16 10:13:32.669,0.62325,0.62351,1.87,1.37
2015.07.16 10:13:41.966,0.62325,0.6235,1.37,1.12
2015.07.16 10:13:44.606,0.62325,0.62353,1.87,1.72
2015.07.16 10:13:45.127,0.62325,0.62351,1.37,1.37
2015.07.16 10:13:50.995,0.62327,0.62351,1.12,1.12
2015.07.16 10:13:52.650,0.62326,0.62351,1.12,1.12
2015.07.16 10:13:53.201,0.62324,0.62351,1.37,1.87
2015.07.16 10:13:53.716,0.62324,0.62352,1.87,1.37
2015.07.16 10:13:55.156,0.62325,0.62351,1.12,1.12
2015.07.16 10:13:55.357,0.62325,0.62351,1.00,1.87
2015.07.16 10:13:55.523,0.62323,0.62351,1.12,1.87
2015.07.16 10:13:56.034,0.62324,0.62352,1.00,1.37
2015.07.16 10:13:57.449,0.62324,0.6235,1.37,1.12
2015.07.16 10:13:57.870,0.62323,0.62351,1.12,1.87
2015.07.16 10:14:03.909,0.62323,0.62351,1.00,1.87
2015.07.16 10:14:03.959,0.62323,0.62348,1.00,2.47
2015.07.16 10:14:04.211,0.62315,0.62341,1.00,1.50
2015.07.16 10:14:04.313,0.62313,0.6234,1.00,1.00
2015.07.16 10:14:04.485,0.62315,0.6234,1.00,1.50
2015.07.16 10:14:04.699,0.62313,0.6234,1.00,1.00
2015.07.16 10:14:04.749,0.62315,0.62341,1.00,1.50
2015.07.16 10:14:05.051,0.62315,0.62339,1.00,1.00
2015.07.16 10:14:05.331,0.62315,0.62341,1.00,1.50
2015.07.16 10:14:05.766,0.62315,0.62341,1.87,1.37
2015.07.16 10:14:06.133,0.62315,0.62341,1.87,1.00
2015.07.16 10:14:06.385,0.62318,0.6234,1.00,1.00
2015.07.16 10:14:06.435,0.62318,0.62346,1.00,1.87
2015.07.16 10:14:06.969,0.62318,0.62346,1.50,1.87
2015.07.16 10:14:07.521,0.62317,0.62341,1.00,1.12
2015.07.16 10:14:08.038,0.62317,0.6234,1.00,1.00
2015.07.16 10:14:10.731,0.62317,0.6234,1.00,1.37
2015.07.16 10:14:10.831,0.62314,0.6234,1.87,1.87
2015.07.16 10:14:11.343,0.62314,0.62341,1.87,1.12
2015.07.16 10:14:11.848,0.62314,0.62341,1.87,1.37
2015.07.16 10:14:12.161,0.62315,0.6234,1.12,1.12
2015.07.16 10:14:12.687,0.62315,0.62341,1.37,1.37
2015.07.16 10:14:13.043,0.62317,0.62341,1.00,1.00
2015.07.16 10:14:13.475,0.62317,0.62341,1.00,1.37
2015.07.16 10:14:13.782,0.62316,0.62341,1.12,1.12
2015.07.16 10:14:14.543,0.62316,0.62341,1.00,1.37
2015.07.16 10:14:19.376,0.62316,0.62341,1.87,1.12
2015.07.16 10:14:19.816,0.62318,0.62341,1.00,1.00
2015.07.16 10:14:20.294,0.62317,0.6234,1.87,1.00
2015.07.16 10:14:21.849,0.62318,0.62341,1.37,1.12
2015.07.16 10:14:22.562,0.62318,0.62341,1.12,1.12
2015.07.16 10:14:27.437,0.62318,0.6234,1.12,1.00
2015.07.16 10:14:27.678,0.62318,0.6234,1.37,1.00
2015.07.16 10:14:27.904,0.62318,0.62341,1.12,1.00
2015.07.16 10:14:28.492,0.62317,0.62341,1.87,1.12
2015.07.16 10:14:30.152,0.62316,0.62341,1.12,1.00
2015.07.16 10:14:33.090,0.62316,0.62341,1.37,1.12
2015.07.16 10:14:34.294,0.62316,0.62341,1.12,1.37
2015.07.16 10:14:34.545,0.62315,0.62341,1.00,1.37
2015.07.16 10:14:35.108,0.62314,0.6234,1.00,1.37
2015.07.16 10:14:35.642,0.62314,0.6234,1.00,1.87
2015.07.16 10:14:36.709,0.62314,0.6234,1.00,1.37
2015.07.16 10:14:37.039,0.62315,0.62336,1.00,1.00
2015.07.16 10:14:37.592,0.62314,0.62336,1.50,1.00
2015.07.16 10:14:39.952,0.62314,0.62335,1.00,1.00
2015.07.16 10:14:40.563,0.62314,0.62336,1.00,1.00
2015.07.16 10:14:42.481,0.62315,0.62336,1.50,1.00
2015.07.16 10:14:42.532,0.62322,0.62341,1.00,1.00
2015.07.16 10:14:42.633,0.62323,0.62346,1.00,1.37
2015.07.16 10:14:42.834,0.62323,0.6234,1.00,1.00
2015.07.16 10:14:42.935,0.62319,0.6234,1.00,1.00
2015.07.16 10:14:42.985,0.62322,0.6234,1.00,1.00
2015.07.16 10:14:43.036,0.62322,0.62346,1.00,1.35
2015.07.16 10:14:43.137,0.6232,0.62346,1.00,2.10
2015.07.16 10:14:43.663,0.62319,0.62345,1.00,1.00
2015.07.16 10:14:43.764,0.62321,0.62345,1.00,1.00
2015.07.16 10:14:43.916,0.62323,0.62349,1.00,1.12
2015.07.16 10:14:44.688,0.62325,0.62351,1.00,1.00
2015.07.16 10:14:44.990,0.62325,0.62349,1.00,1.37
2015.07.16 10:14:45.141,0.62321,0.62347,1.50,1.37
2015.07.16 10:14:45.339,0.62321,0.62347,1.87,1.12
2015.07.16 10:14:45.490,0.62321,0.62347,1.87,1.37
2015.07.16 10:14:49.519,0.62323,0.62346,1.00,1.37
2015.07.16 10:14:50.743,0.62322,0.62349,1.00,1.37
2015.07.16 10:14:51.045,0.62316,0.6234,1.00,1.37
2015.07.16 10:14:51.512,0.62313,0.6234,1.50,1.37
2015.07.16 10:14:52.205,0.62313,0.6234,1.00,1.37
2015.07.16 10:14:54.933,0.62313,0.6234,1.50,1.37
2015.07.16 10:14:55.636,0.62313,0.6234,1.87,1.37
2015.07.16 10:14:57.043,0.62315,0.62341,1.72,1.00
2015.07.16 10:14:57.245,0.62319,0.62346,1.12,1.37
2015.07.16 10:14:57.519,0.62319,0.62346,1.12,1.12
2015.07.16 10:14:57.720,0.6232,0.62346,1.00,1.37
2015.07.16 10:14:58.270,0.62319,0.62346,1.50,1.37
2015.07.16 10:14:58.925,0.62318,0.62347,1.87,1.37
2015.07.16 10:14:59.241,0.62317,0.62345,1.00,1.75
2015.07.16 10:14:59.442,0.62315,0.62341,1.00,1.97
2015.07.16 10:14:59.964,0.62315,0.6234,1.00,1.97
2015.07.16 10:15:00.489,0.62315,0.6234,1.00,1.97
2015.07.16 10:15:05.466,0.62315,0.62339,1.00,1.72
2015.07.16 10:15:10.303,0.62315,0.6234,1.00,1.97
2015.07.16 10:15:10.901,0.62315,0.6234,1.00,1.97
2015.07.16 10:15:12.210,0.62315,0.62339,1.00,1.72
2015.07.16 10:15:12.261,0.62313,0.62339,1.00,1.72
2015.07.16 10:15:12.766,0.62312,0.62338,1.00,1.37
2015.07.16 10:15:13.717,0.62311,0.62339,1.00,1.72
2015.07.16 10:15:13.768,0.62311,0.62339,1.37,1.37
2015.07.16 10:15:13.869,0.62311,0.62339,1.37,1.37
2015.07.16 10:15:14.171,0.62312,0.62338,1.00,1.12
2015.07.16 10:15:14.271,0.6231,0.62338,1.12,1.37
2015.07.16 10:15:14.593,0.6231,0.62338,1.00,1.37
2015.07.16 10:15:14.964,0.6231,0.62336,1.87,1.00
2015.07.16 10:15:15.065,0.62312,0.62336,1.00,1.00
2015.07.16 10:15:15.573,0.62312,0.62338,1.00,1.37
2015.07.16 10:15:16.353,0.6231,0.62338,1.87,1.37
2015.07.16 10:15:19.109,0.6231,0.62336,1.87,1.00
2015.07.16 10:15:21.189,0.6231,0.62338,1.87,1.37
2015.07.16 10:15:21.397,0.62311,0.62339,1.37,1.37
2015.07.16 10:15:21.700,0.62314,0.6234,1.00,1.37
2015.07.16 10:15:22.244,0.62313,0.62341,1.00,1.87
2015.07.16 10:15:25.813,0.62315,0.62341,1.00,1.87
2015.07.16 10:15:28.472,0.62314,0.6234,1.00,1.37
2015.07.16 10:15:30.578,0.62313,0.62341,1.00,1.37
2015.07.16 10:15:34.828,0.62314,0.6234,1.37,1.00
2015.07.16 10:15:35.130,0.62319,0.62341,1.00,1.00
2015.07.16 10:15:35.509,0.62315,0.6234,1.00,1.00
2015.07.16 10:15:36.013,0.62316,0.62341,1.00,1.00
2015.07.16 10:15:36.064,0.62317,0.62343,1.00,1.00
2015.07.16 10:15:36.265,0.62317,0.62341,1.00,1.00
2015.07.16 10:15:36.416,0.62317,0.62345,1.00,1.60
2015.07.16 10:15:36.821,0.62318,0.62342,1.00,1.00
2015.07.16 10:15:37.474,0.62317,0.62344,1.00,1.72
2015.07.16 10:15:38.414,0.62315,0.62341,1.50,1.12
2015.07.16 10:15:38.926,0.62315,0.6234,1.00,1.12
2015.07.16 10:15:39.105,0.62314,0.6234,1.00,1.37
2015.07.16 10:15:39.674,0.62313,0.62341,1.87,1.37
2015.07.16 10:15:40.190,0.62313,0.62339,1.87,1.00
2015.07.16 10:15:40.787,0.62313,0.62341,1.87,1.37
2015.07.16 10:15:49.572,0.62313,0.6234,1.12,1.87
2015.07.16 10:15:50.113,0.62313,0.6234,1.12,1.87
2015.07.16 10:15:50.641,0.62313,0.6234,1.00,1.50
2015.07.16 10:15:52.367,0.62313,0.6234,1.37,1.37
2015.07.16 10:15:52.669,0.62312,0.62338,1.12,1.37
2015.07.16 10:15:52.971,0.62312,0.62338,1.00,1.00
2015.07.16 10:15:53.551,0.62311,0.62335,1.00,1.00
2015.07.16 10:15:53.907,0.62311,0.62336,1.00,1.37
2015.07.16 10:15:54.223,0.6231,0.62335,1.00,1.37
2015.07.16 10:15:57.998,0.6231,0.62331,1.00,1.37
2015.07.16 10:15:58.199,0.62305,0.6233,1.12,1.12
2015.07.16 10:15:58.300,0.62304,0.6233,1.87,1.87
2015.07.16 10:15:58.401,0.62306,0.62331,1.00,1.37
2015.07.16 10:15:58.963,0.62307,0.62331,1.87,1.37
2015.07.16 10:16:04.718,0.62308,0.62335,1.00,1.50
2015.07.16 10:16:05.320,0.62308,0.62336,1.50,1.50
2015.07.16 10:16:06.056,0.62308,0.62336,1.87,1.50
2015.07.16 10:16:06.587,0.6231,0.62336,1.00,2.25
2015.07.16 10:16:07.544,0.6231,0.6233,1.00,1.00
2015.07.16 10:16:08.313,0.6231,0.62331,1.00,1.00
2015.07.16 10:16:10.697,0.6231,0.62335,1.00,1.37
2015.07.16 10:16:11.562,0.6231,0.62335,1.00,1.37
2015.07.16 10:16:11.663,0.6231,0.62335,1.87,1.37
2015.07.16 10:16:12.185,0.6231,0.62336,1.87,1.37
2015.07.16 10:16:12.837,0.6231,0.62335,1.87,1.12
2015.07.16 10:16:12.938,0.6231,0.62336,1.87,1.37
2015.07.16 10:16:13.234,0.62312,0.6234,1.12,1.97
2015.07.16 10:16:14.143,0.62312,0.62336,1.12,1.00
2015.07.16 10:16:14.573,0.62315,0.62336,1.00,1.00
2015.07.16 10:16:19.304,0.62314,0.62336,1.00,1.00
2015.07.16 10:16:19.808,0.62315,0.62335,1.00,1.00
2015.07.16 10:16:21.017,0.62314,0.62335,1.00,1.00
2015.07.16 10:16:21.669,0.62315,0.62335,1.00,1.00
2015.07.16 10:16:23.828,0.62315,0.62336,1.00,1.00
2015.07.16 10:16:24.406,0.62314,0.62336,1.00,1.00
2015.07.16 10:16:25.066,0.62314,0.62335,1.00,1.00
2015.07.16 10:16:26.486,0.62314,0.62336,1.00,1.00
2015.07.16 10:16:27.046,0.62315,0.62336,1.00,1.00
2015.07.16 10:16:28.417,0.62314,0.62336,1.00,1.00
2015.07.16 10:16:29.022,0.62315,0.62336,1.00,1.00
2015.07.16 10:16:32.185,0.62314,0.62336,1.00,1.00
2015.07.16 10:16:32.737,0.62314,0.62335,1.00,1.00
2015.07.16 10:16:34.007,0.62315,0.62335,1.00,1.00
2015.07.16 10:16:35.360,0.62315,0.62336,1.00,1.00
2015.07.16 10:16:42.514,0.62314,0.62336,1.12,1.00
2015.07.16 10:16:43.886,0.62314,0.62336,1.37,1.00
2015.07.16 10:16:45.861,0.62315,0.62335,1.00,1.00
2015.07.16 10:16:46.533,0.62314,0.62336,1.00,1.00
2015.07.16 10:16:48.081,0.62314,0.62335,1.00,1.00
2015.07.16 10:16:49.679,0.62314,0.62336,1.00,1.00
2015.07.16 10:16:51.542,0.62315,0.62336,1.00,1.00
2015.07.16 10:16:52.078,0.62314,0.62336,1.00,1.00
2015.07.16 10:16:53.831,0.62315,0.62336,1.00,1.00
2015.07.16 10:16:54.579,0.62314,0.62336,1.00,1.00
2015.07.16 10:16:56.294,0.62315,0.62331,1.00,1.00
2015.07.16 10:16:56.345,0.62309,0.62331,1.12,1.00
2015.07.16 10:16:57.040,0.6231,0.62331,1.00,1.00
2015.07.16 10:16:57.610,0.62309,0.62331,1.00,1.00
2015.07.16 10:16:58.443,0.62307,0.62331,1.87,1.00
2015.07.16 10:16:59.083,0.62307,0.62331,1.50,1.37
2015.07.16 10:16:59.588,0.62307,0.6233,1.50,1.37
2015.07.16 10:17:00.548,0.62307,0.6233,1.50,1.12
2015.07.16 10:17:01.354,0.62307,0.62331,1.50,1.37
2015.07.16 10:17:01.923,0.62306,0.62331,1.50,1.37
2015.07.16 10:17:02.388,0.62307,0.62331,1.37,1.37
2015.07.16 10:17:02.713,0.62306,0.62331,1.00,1.37
2015.07.16 10:17:03.263,0.62307,0.62331,1.00,1.37
2015.07.16 10:17:03.780,0.62307,0.62331,1.50,1.37
2015.07.16 10:17:04.304,0.62307,0.62331,1.50,1.00
2015.07.16 10:17:04.862,0.62307,0.62333,1.50,1.00
2015.07.16 10:17:05.024,0.62307,0.6233,1.50,1.00
2015.07.16 10:17:05.406,0.62307,0.62325,1.00,1.00
2015.07.16 10:17:05.935,0.62306,0.62325,1.00,1.00
2015.07.16 10:17:05.985,0.62306,0.62331,1.00,1.37
2015.07.16 10:17:06.616,0.62304,0.62326,1.50,1.00
2015.07.16 10:17:07.139,0.62304,0.62325,1.50,1.00
2015.07.16 10:17:07.640,0.62304,0.62326,1.00,1.00
2015.07.16 10:17:09.812,0.62304,0.62325,1.50,1.00
2015.07.16 10:17:11.997,0.62306,0.62325,1.00,1.00
2015.07.16 10:17:12.453,0.62305,0.6233,1.87,1.12
2015.07.16 10:17:12.604,0.62305,0.62326,1.87,1.00
2015.07.16 10:17:12.892,0.62305,0.6233,1.12,1.37
2015.07.16 10:17:13.176,0.62305,0.62326,1.00,1.12
2015.07.16 10:17:13.479,0.62301,0.62326,1.50,1.37
2015.07.16 10:17:14.118,0.62302,0.62326,1.00,1.37
2015.07.16 10:17:14.540,0.62302,0.62326,1.00,1.37
2015.07.16 10:17:15.111,0.62302,0.62326,1.00,1.37
2015.07.16 10:17:15.652,0.62301,0.62326,1.00,1.37
2015.07.16 10:17:16.140,0.62303,0.62326,1.00,1.37
2015.07.16 10:17:16.352,0.62303,0.62325,1.00,1.00
2015.07.16 10:17:16.865,0.62303,0.62326,1.00,1.12
2015.07.16 10:17:17.367,0.62303,0.62325,1.00,1.00
2015.07.16 10:17:18.922,0.62305,0.62325,1.00,1.00
2015.07.16 10:17:19.442,0.62303,0.62325,1.00,1.00
2015.07.16 10:17:20.027,0.62302,0.62325,1.50,1.00
2015.07.16 10:17:20.483,0.62304,0.62325,1.00,1.12
2015.07.16 10:17:21.231,0.62304,0.62326,1.00,1.12
2015.07.16 10:17:21.735,0.62305,0.62326,1.00,1.00
2015.07.16 10:17:21.931,0.62305,0.62333,1.37,1.50
2015.07.16 10:17:22.032,0.62305,0.62331,1.87,1.37
2015.07.16 10:17:22.234,0.62307,0.62333,1.00,1.37
2015.07.16 10:17:22.534,0.62305,0.6233,1.87,1.12
2015.07.16 10:17:22.962,0.62305,0.62331,1.87,1.37
2015.07.16 10:17:23.624,0.62306,0.62331,1.00,1.37
2015.07.16 10:17:24.264,0.62305,0.62331,1.87,1.37
2015.07.16 10:17:24.831,0.62305,0.62331,1.50,1.37
2015.07.16 10:17:25.750,0.62305,0.62331,1.87,1.37
2015.07.16 10:17:26.251,0.62306,0.62331,1.00,1.37
2015.07.16 10:17:26.602,0.62304,0.62331,1.00,1.37
2015.07.16 10:17:27.197,0.62305,0.62331,1.00,1.87
2015.07.16 10:17:27.495,0.62307,0.62331,1.00,1.37
2015.07.16 10:17:28.246,0.62306,0.62331,1.00,1.37
2015.07.16 10:17:30.483,0.62306,0.62334,1.37,1.50
2015.07.16 10:17:30.941,0.62312,0.62333,1.37,1.00
2015.07.16 10:17:30.992,0.62316,0.6234,1.00,1.37
2015.07.16 10:17:31.093,0.62316,0.62335,1.00,1.00
2015.07.16 10:17:31.480,0.62316,0.62341,1.12,1.37
2015.07.16 10:17:31.981,0.62316,0.62335,1.12,1.00
2015.07.16 10:17:32.082,0.62316,0.62341,1.00,1.37
2015.07.16 10:17:32.611,0.62317,0.62341,1.12,1.12
2015.07.16 10:17:32.712,0.62316,0.62336,1.87,1.00
2015.07.16 10:17:32.802,0.62316,0.62341,1.87,1.12
2015.07.16 10:17:33.191,0.62315,0.62341,1.87,1.37
2015.07.16 10:17:33.388,0.62315,0.62335,1.50,1.00
2015.07.16 10:17:33.903,0.62316,0.62336,1.00,1.00
2015.07.16 10:17:34.141,0.62314,0.62336,1.50,1.00
2015.07.16 10:17:34.672,0.62314,0.62335,1.50,1.00
2015.07.16 10:17:35.230,0.62314,0.62336,1.50,1.00
2015.07.16 10:17:36.580,0.62314,0.62335,1.00,1.00
2015.07.16 10:17:37.083,0.62314,0.62336,1.50,1.00
2015.07.16 10:17:39.181,0.62314,0.62335,1.50,1.00
2015.07.16 10:17:39.682,0.62315,0.62335,1.00,1.00
2015.07.16 10:17:39.733,0.62315,0.62341,1.00,1.87
2015.07.16 10:17:40.183,0.62315,0.6234,1.37,1.00
2015.07.16 10:17:40.684,0.62317,0.62341,1.00,1.12
2015.07.16 10:17:41.806,0.62317,0.62341,1.12,1.37
2015.07.16 10:17:42.353,0.62317,0.62341,1.00,1.37
2015.07.16 10:17:43.185,0.62317,0.62341,1.00,1.37
2015.07.16 10:17:43.739,0.62317,0.62341,1.00,1.37
2015.07.16 10:17:44.783,0.62316,0.62341,1.87,1.37
2015.07.16 10:17:45.074,0.62315,0.62341,1.00,1.87
2015.07.16 10:17:45.620,0.62314,0.62341,1.00,1.37
2015.07.16 10:17:46.581,0.62314,0.62336,1.00,1.00
2015.07.16 10:17:47.102,0.62315,0.62336,1.00,1.00
2015.07.16 10:17:47.710,0.62317,0.62336,1.00,1.00
2015.07.16 10:17:51.310,0.62317,0.6234,1.00,1.37
2015.07.16 10:17:52.496,0.62317,0.62335,1.00,1.00
2015.07.16 10:17:53.161,0.62317,0.62336,1.00,1.00
2015.07.16 10:17:53.793,0.62318,0.62336,1.00,1.00
2015.07.16 10:17:53.844,0.62318,0.62346,1.00,1.75
2015.07.16 10:17:54.102,0.6232,0.62341,1.00,1.12
2015.07.16 10:17:54.605,0.6232,0.6234,1.00,1.00
2015.07.16 10:17:54.886,0.62323,0.62346,1.12,1.37
2015.07.16 10:17:55.121,0.62325,0.62345,1.00,1.00
2015.07.16 10:17:55.322,0.62323,0.62345,1.00,1.00
2015.07.16 10:17:56.006,0.62322,0.62346,1.50,1.37
2015.07.16 10:17:56.265,0.62321,0.6234,1.00,1.00
2015.07.16 10:17:56.876,0.6232,0.6234,2.10,1.00
2015.07.16 10:17:57.536,0.62321,0.6234,1.00,1.00
2015.07.16 10:17:58.269,0.6232,0.6234,2.10,1.00
2015.07.16 10:17:58.781,0.62321,0.6234,1.00,1.00
2015.07.16 10:17:59.315,0.62321,0.62341,1.00,1.00
2015.07.16 10:18:00.909,0.6232,0.62341,2.10,1.00
2015.07.16 10:18:01.614,0.62321,0.62341,1.00,1.00
2015.07.16 10:18:07.430,0.6232,0.62341,1.00,1.00
2015.07.16 10:18:07.530,0.62318,0.62341,1.50,1.00
2015.07.16 10:18:07.702,0.62318,0.62335,1.00,1.00
2015.07.16 10:18:08.356,0.62316,0.62335,1.87,1.00
2015.07.16 10:18:08.580,0.62316,0.62341,1.87,1.00
2015.07.16 10:18:10.157,0.62315,0.62336,1.37,1.00
2015.07.16 10:18:10.207,0.62315,0.62336,1.00,1.00
2015.07.16 10:18:10.258,0.62315,0.6233,1.00,1.00
2015.07.16 10:18:10.438,0.62313,0.6233,1.00,1.00
2015.07.16 10:18:10.805,0.62311,0.6233,1.00,1.00
2015.07.16 10:18:11.131,0.6231,0.62326,1.00,1.00
2015.07.16 10:18:11.181,0.62308,0.62326,1.00,1.00
2015.07.16 10:18:11.711,0.62308,0.62325,1.00,1.00
2015.07.16 10:18:11.819,0.62305,0.62325,1.00,1.00
2015.07.16 10:18:12.108,0.62301,0.62321,1.12,1.00
2015.07.16 10:18:13.061,0.623,0.62321,1.00,1.00
2015.07.16 10:18:13.162,0.62298,0.62321,1.87,1.00
2015.07.16 10:18:13.420,0.62301,0.62321,1.12,1.00
2015.07.16 10:18:13.766,0.62302,0.62326,1.37,1.12
2015.07.16 10:18:13.974,0.62302,0.62321,1.00,1.00
2015.07.16 10:18:14.411,0.62301,0.62326,1.87,1.37
2015.07.16 10:18:15.142,0.62302,0.62326,1.00,1.37
2015.07.16 10:18:15.719,0.62301,0.62326,1.12,1.37
2015.07.16 10:18:15.978,0.623,0.62321,1.50,1.00
2015.07.16 10:18:17.645,0.623,0.62321,1.87,1.00
2015.07.16 10:18:18.183,0.623,0.62326,1.00,2.25
2015.07.16 10:18:18.335,0.62297,0.62325,1.00,1.37
2015.07.16 10:18:18.690,0.62296,0.62324,1.50,1.00
2015.07.16 10:18:18.741,0.62302,0.62325,1.00,1.00
2015.07.16 10:18:18.974,0.62307,0.62332,1.00,1.00
2015.07.16 10:18:19.075,0.62307,0.62334,1.00,1.12
2015.07.16 10:18:19.326,0.62309,0.62335,1.00,1.37
2015.07.16 10:18:19.834,0.62309,0.62335,1.00,1.87
2015.07.16 10:18:20.381,0.62309,0.62336,1.87,1.37
2015.07.16 10:18:20.869,0.62311,0.62336,1.00,1.37
2015.07.16 10:18:21.267,0.62313,0.62339,1.00,1.72
2015.07.16 10:18:26.280,0.6231,0.62336,1.87,1.37
2015.07.16 10:18:26.331,0.6231,0.62336,1.00,1.37
2015.07.16 10:18:26.956,0.62309,0.62335,1.00,1.87
2015.07.16 10:18:27.298,0.6231,0.62333,1.37,1.12
2015.07.16 10:18:27.820,0.62311,0.62334,1.12,1.00
2015.07.16 10:18:28.247,0.62313,0.62331,1.00,1.00
2015.07.16 10:18:28.348,0.6231,0.62331,1.00,1.00
2015.07.16 10:18:28.499,0.62307,0.62333,1.12,1.37
2015.07.16 10:18:28.750,0.62305,0.62331,1.00,1.00
2015.07.16 10:18:28.851,0.62305,0.62329,1.00,1.00
2015.07.16 10:18:29.153,0.62303,0.62326,1.00,1.00
2015.07.16 10:18:30.382,0.62305,0.62326,1.00,1.00
2015.07.16 10:18:35.460,0.62303,0.62326,1.00,1.00
2015.07.16 10:18:35.732,0.62303,0.62326,1.00,1.37
2015.07.16 10:18:36.274,0.62302,0.62325,1.00,1.37
2015.07.16 10:18:37.277,0.62302,0.62326,1.00,1.87
2015.07.16 10:18:39.933,0.62303,0.62325,1.00,1.00
2015.07.16 10:18:40.386,0.62304,0.62328,1.00,1.37
2015.07.16 10:18:41.005,0.62304,0.6233,1.00,1.87
2015.07.16 10:18:43.368,0.62304,0.62329,1.12,1.12
2015.07.16 10:18:45.092,0.62307,0.62329,1.00,1.12
2015.07.16 10:18:46.993,0.62307,0.6233,1.00,1.00
2015.07.16 10:18:47.245,0.62307,0.62333,1.37,1.37
2015.07.16 10:18:47.830,0.62307,0.62333,1.00,1.00
2015.07.16 10:18:48.091,0.62308,0.62331,1.00,1.00
2015.07.16 10:18:49.138,0.62307,0.62331,1.00,1.00
2015.07.16 10:18:49.440,0.62309,0.62334,1.00,1.00
2015.07.16 10:18:49.726,0.6231,0.62336,1.00,1.50
2015.07.16 10:18:49.785,0.6231,0.62334,1.00,1.00
2015.07.16 10:18:50.312,0.62309,0.62334,1.00,1.00
2015.07.16 10:18:50.964,0.62309,0.62333,1.00,1.00
2015.07.16 10:18:51.513,0.62309,0.62334,1.00,1.37
2015.07.16 10:18:52.579,0.62309,0.62331,1.00,1.00
2015.07.16 10:18:52.961,0.62309,0.62334,1.00,1.37
2015.07.16 10:18:53.427,0.62309,0.62335,1.37,1.12
2015.07.16 10:18:54.522,0.62312,0.62335,1.00,1.12
2015.07.16 10:18:55.027,0.62311,0.62336,1.12,1.87
2015.07.16 10:19:00.042,0.62311,0.62335,1.00,1.50
2015.07.16 10:19:00.416,0.62317,0.62339,1.00,1.00
2015.07.16 10:19:00.467,0.62317,0.62341,1.12,1.12
2015.07.16 10:19:00.994,0.62317,0.6234,1.00,1.37
2015.07.16 10:19:01.044,0.62314,0.6234,1.00,1.37
2015.07.16 10:19:01.371,0.62312,0.62336,1.50,1.00
2015.07.16 10:19:01.472,0.6231,0.62338,1.12,1.37
2015.07.16 10:19:01.573,0.62309,0.62335,1.12,1.37
2015.07.16 10:19:02.104,0.62309,0.62332,1.00,1.12
2015.07.16 10:19:02.250,0.62306,0.62332,1.87,1.12
2015.07.16 10:19:02.351,0.62306,0.6233,1.12,1.00
2015.07.16 10:19:03.044,0.62308,0.6233,1.00,1.00
2015.07.16 10:19:03.660,0.62308,0.62331,1.00,1.00
2015.07.16 10:19:05.658,0.62308,0.62333,1.00,1.00
2015.07.16 10:19:05.810,0.6231,0.62333,1.00,1.00
2015.07.16 10:19:05.860,0.6231,0.62335,1.00,1.12
2015.07.16 10:19:06.251,0.6231,0.62332,1.00,1.12
2015.07.16 10:19:06.561,0.62307,0.6233,1.37,1.00
2015.07.16 10:19:06.612,0.62307,0.6233,1.00,1.00
2015.07.16 10:19:07.028,0.62307,0.62333,1.12,1.37
2015.07.16 10:19:07.285,0.6231,0.62333,1.00,1.00
2015.07.16 10:19:07.865,0.6231,0.62335,1.00,1.37
2015.07.16 10:19:08.415,0.6231,0.62335,1.00,1.00
2015.07.16 10:19:08.609,0.62308,0.62335,1.00,1.00
2015.07.16 10:19:08.718,0.62308,0.62333,1.00,1.00
2015.07.16 10:19:09.069,0.62308,0.62331,1.00,1.00
2015.07.16 10:19:09.430,0.62308,0.62333,1.00,1.00
2015.07.16 10:19:10.589,0.62308,0.62334,1.00,1.00
2015.07.16 10:19:11.128,0.62308,0.62335,1.00,1.87
2015.07.16 10:19:11.249,0.62308,0.62333,1.00,1.00
2015.07.16 10:19:11.835,0.62308,0.62332,1.00,1.00
2015.07.16 10:19:12.137,0.62305,0.62332,1.37,1.37
2015.07.16 10:19:12.389,0.62304,0.62329,1.12,1.00
2015.07.16 10:19:13.130,0.62304,0.6233,1.12,1.12
2015.07.16 10:19:13.929,0.62304,0.62329,1.12,1.00
2015.07.16 10:19:14.483,0.62304,0.62328,1.37,1.00
2015.07.16 10:19:15.085,0.62304,0.6233,1.37,1.37
2015.07.16 10:19:15.787,0.62307,0.6233,1.00,1.37
2015.07.16 10:19:15.988,0.62307,0.62332,1.37,1.00
2015.07.16 10:19:16.783,0.62307,0.6233,1.37,1.00
2015.07.16 10:19:17.320,0.62307,0.6233,1.00,1.12
2015.07.16 10:19:20.468,0.62305,0.6233,1.12,1.87
2015.07.16 10:19:20.569,0.62303,0.6233,1.50,1.87
2015.07.16 10:19:20.620,0.62303,0.62328,1.12,1.37
2015.07.16 10:19:22.131,0.62302,0.62327,1.12,1.37
2015.07.16 10:19:22.926,0.62302,0.62326,1.12,1.00
2015.07.16 10:19:23.327,0.62304,0.62328,1.00,1.37
2015.07.16 10:19:23.848,0.62306,0.62329,1.12,1.12
2015.07.16 10:19:23.949,0.62306,0.62331,1.37,1.00
2015.07.16 10:19:24.372,0.62306,0.62333,1.00,1.00
2015.07.16 10:19:24.687,0.62307,0.62331,1.00,1.00
2015.07.16 10:19:25.190,0.62306,0.62331,1.00,1.50
2015.07.16 10:19:25.584,0.62306,0.62331,1.12,1.87
2015.07.16 10:19:25.935,0.62305,0.62325,1.00,1.00
2015.07.16 10:19:25.986,0.62305,0.62328,1.00,1.12
2015.07.16 10:19:26.539,0.62305,0.62325,1.00,1.00
2015.07.16 10:19:26.730,0.62305,0.62328,1.00,1.12
2015.07.16 10:19:27.182,0.62306,0.6233,1.12,1.12
2015.07.16 10:19:27.499,0.62306,0.62325,1.12,1.00
2015.07.16 10:19:27.719,0.62306,0.62331,1.12,1.87
2015.07.16 10:19:28.182,0.62307,0.62325,1.00,1.00
2015.07.16 10:19:28.390,0.62307,0.6233,1.00,1.12
2015.07.16 10:19:28.966,0.62303,0.6233,1.37,1.12
2015.07.16 10:19:29.513,0.62304,0.62326,1.37,1.00
2015.07.16 10:19:29.714,0.62302,0.6233,1.37,1.37
2015.07.16 10:19:29.815,0.62301,0.62325,1.37,1.00
2015.07.16 10:19:29.866,0.623,0.62325,1.37,1.00
2015.07.16 10:19:30.380,0.623,0.62326,1.12,1.12
2015.07.16 10:19:30.481,0.62298,0.62326,1.37,1.87
2015.07.16 10:19:30.733,0.62292,0.6232,1.37,1.12
2015.07.16 10:19:30.884,0.62291,0.62319,1.12,1.12
2015.07.16 10:19:31.004,0.62291,0.62319,1.37,1.37
2015.07.16 10:19:31.180,0.6229,0.62318,1.37,1.12
2015.07.16 10:19:31.485,0.62291,0.62319,1.37,1.37
2015.07.16 10:19:32.053,0.62295,0.62323,1.37,1.72
2015.07.16 10:19:32.104,0.62295,0.62323,1.37,1.72
2015.07.16 10:19:32.205,0.62294,0.62322,1.37,1.12
2015.07.16 10:19:32.719,0.62296,0.62321,1.37,1.00
2015.07.16 10:19:33.038,0.62296,0.62324,1.37,1.37
2015.07.16 10:19:33.089,0.62296,0.62324,1.37,1.37
2015.07.16 10:19:33.391,0.62298,0.62321,1.37,1.00
2015.07.16 10:19:33.441,0.62298,0.62324,1.37,1.37
2015.07.16 10:19:33.769,0.62299,0.62326,1.37,1.12
2015.07.16 10:19:33.821,0.62299,0.62326,1.37,1.37
2015.07.16 10:19:34.360,0.62299,0.62323,1.37,1.00
2015.07.16 10:19:35.713,0.62299,0.62323,1.00,1.00
2015.07.16 10:19:36.429,0.62297,0.62323,1.37,1.00
2015.07.16 10:19:36.748,0.62297,0.62321,1.12,1.00
2015.07.16 10:19:38.221,0.62295,0.62321,1.37,1.87
2015.07.16 10:19:38.992,0.62295,0.6232,1.37,1.00
2015.07.16 10:19:39.611,0.62295,0.62321,1.37,1.12
2015.07.16 10:19:40.828,0.62296,0.6232,1.37,1.00
2015.07.16 10:19:41.468,0.62296,0.62321,1.37,1.87
2015.07.16 10:19:42.240,0.62296,0.6232,1.37,1.00
2015.07.16 10:19:43.332,0.62297,0.6232,1.12,1.00
2015.07.16 10:19:44.031,0.62297,0.62321,1.12,1.50
2015.07.16 10:19:44.659,0.62297,0.6232,1.12,1.00
2015.07.16 10:19:44.987,0.62297,0.6232,1.37,1.00
2015.07.16 10:19:45.238,0.62296,0.62321,1.00,1.00
2015.07.16 10:19:45.340,0.62296,0.62321,1.37,1.00
2015.07.16 10:19:45.441,0.62296,0.62323,1.37,1.12
2015.07.16 10:19:45.669,0.62298,0.62321,1.37,1.00
2015.07.16 10:19:45.890,0.623,0.62325,1.37,1.12
2015.07.16 10:19:46.392,0.623,0.62325,1.00,1.00
2015.07.16 10:19:46.893,0.623,0.62325,1.00,2.62
2015.07.16 10:19:47.245,0.62299,0.62325,1.37,1.00
2015.07.16 10:19:47.447,0.623,0.62327,1.37,1.12
2015.07.16 10:19:47.895,0.62301,0.62325,1.37,1.00
2015.07.16 10:19:48.459,0.62302,0.62326,1.37,1.00
2015.07.16 10:19:51.018,0.62302,0.62325,1.37,1.00
2015.07.16 10:19:51.204,0.62301,0.62325,1.00,1.00
2015.07.16 10:19:51.255,0.62301,0.62327,1.00,1.12
2015.07.16 10:19:52.659,0.62301,0.62327,1.00,1.37
2015.07.16 10:19:53.269,0.623,0.62327,1.00,1.37
2015.07.16 10:19:53.791,0.623,0.62326,1.00,1.37
2015.07.16 10:19:54.427,0.62301,0.62326,1.00,1.87
2015.07.16 10:19:55.156,0.62301,0.62326,1.00,1.37
2015.07.16 10:19:55.257,0.62299,0.62326,1.00,1.37
2015.07.16 10:19:56.237,0.62301,0.62326,1.00,1.87
2015.07.16 10:19:56.768,0.62301,0.62326,1.37,1.00
2015.07.16 10:19:57.320,0.62304,0.62326,1.00,1.00
2015.07.16 10:19:57.821,0.62306,0.62326,1.00,1.00
2015.07.16 10:19:58.123,0.62304,0.62325,1.12,1.00
2015.07.16 10:19:58.890,0.62305,0.62325,1.12,1.00
2015.07.16 10:19:59.270,0.62304,0.6232,1.37,1.00
2015.07.16 10:19:59.780,0.62305,0.62321,1.00,1.00
2015.07.16 10:20:00.077,0.62304,0.62326,1.37,1.00
2015.07.16 10:20:00.842,0.62305,0.62321,1.12,1.00
2015.07.16 10:20:01.151,0.62306,0.62326,1.00,1.00
2015.07.16 10:20:01.579,0.62305,0.62321,1.12,1.00
2015.07.16 10:20:02.022,0.62305,0.62326,1.12,1.00
2015.07.16 10:20:02.173,0.62305,0.62321,1.12,1.00
2015.07.16 10:20:02.274,0.62305,0.62325,1.12,1.00
2015.07.16 10:20:02.375,0.62305,0.62321,1.00,1.00
2015.07.16 10:20:02.804,0.62305,0.62326,1.00,1.00
2015.07.16 10:20:04.712,0.62303,0.62326,1.12,1.00
2015.07.16 10:20:04.813,0.62303,0.62326,1.00,1.60
2015.07.16 10:20:04.864,0.62301,0.62325,1.00,1.60
2015.07.16 10:20:04.914,0.62301,0.62321,1.00,1.00
2015.07.16 10:20:05.367,0.62301,0.62325,1.12,1.00
2015.07.16 10:20:05.636,0.62302,0.62325,1.37,1.00
2015.07.16 10:20:06.164,0.62303,0.62326,1.37,1.00
2015.07.16 10:20:06.620,0.62303,0.62326,1.37,1.00
2015.07.16 10:20:06.671,0.62303,0.62329,1.37,1.00
2015.07.16 10:20:06.721,0.62306,0.62331,1.37,1.50
2015.07.16 10:20:08.121,0.62307,0.62331,1.12,1.50
2015.07.16 10:20:08.623,0.62305,0.6233,1.37,1.00
2015.07.16 10:20:09.175,0.62304,0.6233,1.37,1.00
2015.07.16 10:20:09.690,0.62304,0.6233,1.37,1.00
2015.07.16 10:20:10.271,0.62305,0.62331,1.37,1.00
2015.07.16 10:20:11.334,0.62306,0.6233,1.12,1.00
2015.07.16 10:20:11.876,0.62307,0.62331,1.12,1.00
2015.07.16 10:20:12.660,0.62308,0.62331,1.00,1.00
2015.07.16 10:20:13.180,0.62305,0.62331,1.12,1.12
2015.07.16 10:20:13.784,0.62305,0.62331,1.37,2.25
2015.07.16 10:20:13.835,0.62305,0.62329,1.12,1.12
2015.07.16 10:20:14.137,0.62304,0.62326,1.00,1.00
2015.07.16 10:20:14.719,0.62303,0.62326,1.00,1.00
2015.07.16 10:20:15.245,0.62304,0.62325,1.37,1.00
2015.07.16 10:20:15.448,0.62304,0.6233,1.12,1.00
2015.07.16 10:20:15.498,0.62306,0.6233,1.00,1.00
2015.07.16 10:20:16.348,0.62306,0.6233,1.00,1.37
2015.07.16 10:20:16.600,0.62303,0.62329,1.12,1.37
2015.07.16 10:20:16.927,0.62301,0.62327,1.00,1.12
2015.07.16 10:20:17.499,0.62302,0.62327,1.00,1.12
2015.07.16 10:20:17.549,0.62302,0.62327,1.00,1.97
2015.07.16 10:20:17.600,0.623,0.62324,1.00,1.12
2015.07.16 10:20:17.650,0.623,0.6232,1.00,1.00
2015.07.16 10:20:18.053,0.62298,0.62321,1.00,1.00
2015.07.16 10:20:18.607,0.62299,0.62321,1.00,1.00
2015.07.16 10:20:18.932,0.62301,0.6232,1.00,1.00
2015.07.16 10:20:19.492,0.62302,0.6232,1.00,1.00
2015.07.16 10:20:19.998,0.62301,0.62321,1.00,1.00
2015.07.16 10:20:20.988,0.623,0.62321,1.00,1.00
2015.07.16 10:20:21.469,0.62298,0.62321,1.00,1.00
2015.07.16 10:20:21.972,0.62299,0.6232,1.00,1.00
2015.07.16 10:20:22.508,0.62298,0.6232,1.00,1.00
2015.07.16 10:20:23.024,0.62298,0.62321,1.00,1.50
2015.07.16 10:20:23.847,0.62298,0.6232,1.12,1.00
2015.07.16 10:20:24.879,0.62298,0.62321,1.12,1.00
2015.07.16 10:20:25.982,0.62297,0.62321,1.12,1.50
2015.07.16 10:20:26.109,0.62297,0.62316,1.12,1.00
2015.07.16 10:20:26.834,0.62298,0.62316,1.00,1.00
2015.07.16 10:20:26.884,0.62298,0.62321,1.00,1.50
2015.07.16 10:20:27.715,0.62296,0.62321,1.37,1.00
2015.07.16 10:20:29.092,0.62297,0.6232,1.00,1.00
2015.07.16 10:20:29.290,0.62298,0.6232,1.37,1.00
2015.07.16 10:20:29.845,0.62298,0.62321,1.37,1.00
2015.07.16 10:20:30.180,0.623,0.62321,1.37,1.00
2015.07.16 10:20:30.683,0.623,0.6232,1.12,1.00
2015.07.16 10:20:31.184,0.62299,0.62321,1.00,1.00
2015.07.16 10:20:31.740,0.623,0.62321,1.00,1.00
2015.07.16 10:20:32.251,0.62301,0.6232,1.00,1.00
2015.07.16 10:20:33.103,0.623,0.6232,1.12,1.00
2015.07.16 10:20:33.404,0.623,0.62325,1.37,1.00
2015.07.16 10:20:34.811,0.62301,0.6232,1.00,1.00
2015.07.16 10:20:35.179,0.62304,0.62321,1.00,1.00
2015.07.16 10:20:35.459,0.62303,0.62326,1.00,1.00
2015.07.16 10:20:36.167,0.62303,0.62325,1.00,1.00
2015.07.16 10:20:37.615,0.62304,0.62325,1.00,1.00
2015.07.16 10:20:38.127,0.62303,0.6232,1.00,1.00
2015.07.16 10:20:38.619,0.62301,0.62321,1.12,1.00
2015.07.16 10:20:39.263,0.62303,0.62321,1.00,1.00
2015.07.16 10:20:40.225,0.62303,0.6232,1.00,1.00
2015.07.16 10:20:40.276,0.62301,0.6232,1.12,1.00
2015.07.16 10:20:40.661,0.62298,0.62316,1.12,1.00
2015.07.16 10:20:41.267,0.62299,0.62316,1.12,1.00
2015.07.16 10:20:43.178,0.62299,0.62321,1.12,1.00
2015.07.16 10:20:44.191,0.62298,0.62316,1.37,1.00
2015.07.16 10:20:44.388,0.62302,0.62321,1.00,1.00
2015.07.16 10:20:45.805,0.62301,0.62321,1.00,1.00
2015.07.16 10:20:45.906,0.62299,0.62321,1.00,1.00
2015.07.16 10:20:46.359,0.623,0.62316,1.00,1.00
2015.07.16 10:20:46.550,0.62298,0.62316,1.00,1.00
2015.07.16 10:20:47.713,0.62298,0.62315,1.00,1.00
2015.07.16 10:20:48.421,0.62299,0.62315,1.00,1.00
2015.07.16 10:20:48.773,0.62297,0.62316,1.00,1.00
2015.07.16 10:20:50.803,0.62298,0.62316,1.00,1.00
2015.07.16 10:20:51.110,0.62299,0.62321,1.00,1.87
2015.07.16 10:20:51.612,0.62299,0.6232,1.00,1.00
2015.07.16 10:20:52.138,0.62298,0.62321,1.00,1.00
2015.07.16 10:20:52.210,0.62298,0.62316,1.00,1.00
2015.07.16 10:20:54.996,0.62299,0.62316,1.00,1.00
2015.07.16 10:20:55.524,0.62299,0.62315,1.00,1.00
2015.07.16 10:20:56.198,0.623,0.62321,1.00,1.50
2015.07.16 10:20:56.300,0.623,0.62315,1.00,1.00
2015.07.16 10:20:56.600,0.62298,0.62315,1.00,1.00
2015.07.16 10:20:56.651,0.62298,0.62321,1.00,1.87
2015.07.16 10:20:57.708,0.62298,0.62324,1.12,1.37
2015.07.16 10:20:59.469,0.62298,0.62321,1.00,1.00
2015.07.16 10:21:00.017,0.62298,0.62321,1.00,1.37
2015.07.16 10:21:00.362,0.62299,0.62325,1.37,1.12
2015.07.16 10:21:00.788,0.62299,0.62325,1.37,1.72
2015.07.16 10:21:01.991,0.62294,0.6232,1.37,1.12
2015.07.16 10:21:02.609,0.62294,0.62319,1.12,1.12
2015.07.16 10:21:02.659,0.62294,0.62319,1.12,1.37
2015.07.16 10:21:02.988,0.62296,0.6232,1.00,1.37
2015.07.16 10:21:03.638,0.62295,0.6232,1.12,1.37
2015.07.16 10:21:03.689,0.62295,0.6232,1.37,1.00
2015.07.16 10:21:04.152,0.62295,0.62321,1.37,1.87
2015.07.16 10:21:05.019,0.62295,0.6232,1.37,1.00
2015.07.16 10:21:05.447,0.62296,0.6232,1.50,1.00
2015.07.16 10:21:05.501,0.62299,0.62326,1.37,1.87
2015.07.16 10:21:05.552,0.62299,0.62327,1.37,3.97
2015.07.16 10:21:05.602,0.623,0.62326,1.00,1.60
2015.07.16 10:21:05.703,0.62298,0.62321,1.00,1.00
2015.07.16 10:21:06.250,0.623,0.62326,1.00,2.10
2015.07.16 10:21:07.206,0.623,0.62326,1.37,2.10
2015.07.16 10:21:07.256,0.62301,0.62326,1.37,1.00
2015.07.16 10:21:07.307,0.62301,0.62326,1.37,1.00
2015.07.16 10:21:07.458,0.62301,0.62328,1.37,1.72
2015.07.16 10:21:07.508,0.62301,0.62326,1.37,1.00
2015.07.16 10:21:07.957,0.62301,0.62328,1.37,1.35
2015.07.16 10:21:08.109,0.623,0.62328,1.37,2.47
2015.07.16 10:21:08.210,0.623,0.62328,1.12,2.47
2015.07.16 10:21:08.710,0.62299,0.62327,1.37,1.12
2015.07.16 10:21:09.041,0.623,0.62328,1.37,2.10
2015.07.16 10:21:09.669,0.623,0.62327,1.37,1.00
2015.07.16 10:21:10.248,0.623,0.62324,1.37,1.00
2015.07.16 10:21:10.616,0.623,0.62326,1.37,1.87
2015.07.16 10:21:11.119,0.623,0.62326,1.37,1.00
2015.07.16 10:21:11.715,0.623,0.62326,1.37,1.00
2015.07.16 10:21:12.020,0.62299,0.62326,1.37,1.12
2015.07.16 10:21:12.528,0.62299,0.62325,1.37,1.00
2015.07.16 10:21:12.729,0.62303,0.62327,1.00,1.00
2015.07.16 10:21:13.273,0.62304,0.62326,1.00,1.00
2015.07.16 10:21:13.616,0.62302,0.62326,1.12,1.50
2015.07.16 10:21:13.817,0.62302,0.62328,1.37,1.12
2015.07.16 10:21:14.066,0.62304,0.6233,1.00,1.00
2015.07.16 10:21:14.368,0.62303,0.62326,1.00,1.00
2015.07.16 10:21:14.878,0.62302,0.62326,1.00,1.00
2015.07.16 10:21:14.929,0.623,0.62326,1.00,1.00
2015.07.16 10:21:15.882,0.623,0.62325,1.00,1.00
2015.07.16 10:21:16.443,0.623,0.62326,1.00,1.00
2015.07.16 10:21:17.278,0.62302,0.62326,1.00,1.00
2015.07.16 10:21:17.887,0.62302,0.62325,1.00,1.00
2015.07.16 10:21:22.870,0.62301,0.62326,1.37,1.50
2015.07.16 10:21:23.448,0.62301,0.62325,1.37,1.00
2015.07.16 10:21:25.759,0.62301,0.62326,1.37,1.50
2015.07.16 10:21:27.616,0.623,0.62326,1.00,1.37
2015.07.16 10:21:27.768,0.62297,0.62321,1.00,1.00
2015.07.16 10:21:28.168,0.62296,0.62319,1.00,1.00
2015.07.16 10:21:28.761,0.62293,0.62319,1.37,1.00
2015.07.16 10:21:29.667,0.62296,0.62319,1.00,1.00
2015.07.16 10:21:30.014,0.62296,0.62316,1.00,1.00
2015.07.16 10:21:30.484,0.62296,0.62321,1.00,1.50
2015.07.16 10:21:30.686,0.62299,0.62323,1.00,1.00
2015.07.16 10:21:31.218,0.62298,0.62323,1.00,1.00
2015.07.16 10:21:31.820,0.62297,0.62323,1.00,1.00
2015.07.16 10:21:32.138,0.62296,0.62321,1.12,1.00
2015.07.16 10:21:32.570,0.62293,0.6232,1.12,1.00
2015.07.16 10:21:32.620,0.62293,0.62316,1.12,1.00
2015.07.16 10:21:33.124,0.62294,0.62316,1.00,1.00
2015.07.16 10:21:33.626,0.62293,0.62315,1.12,1.00
2015.07.16 10:21:33.879,0.6229,0.62314,1.00,1.00
2015.07.16 10:21:33.929,0.6229,0.6231,1.00,1.00
2015.07.16 10:21:34.162,0.62284,0.62308,1.37,1.00
2015.07.16 10:21:34.313,0.62284,0.62308,1.00,1.00
2015.07.16 10:21:34.828,0.62284,0.62311,1.00,1.00
2015.07.16 10:21:34.879,0.62288,0.62311,1.00,1.00
2015.07.16 10:21:35.082,0.62288,0.62313,1.00,1.00
2015.07.16 10:21:36.375,0.62288,0.62313,1.37,1.00
2015.07.16 10:21:37.291,0.62287,0.62313,1.37,1.12
2015.07.16 10:21:37.481,0.62286,0.62311,1.37,1.00
2015.07.16 10:21:39.270,0.62286,0.62311,1.37,1.60
2015.07.16 10:21:39.524,0.62284,0.6231,1.37,2.10
2015.07.16 10:21:39.773,0.62286,0.6231,1.37,1.35
2015.07.16 10:21:39.877,0.62285,0.62312,1.37,1.00
2015.07.16 10:21:40.421,0.62288,0.62311,1.00,1.00
2015.07.16 10:21:40.472,0.6229,0.62311,1.00,1.00
2015.07.16 10:21:40.968,0.62288,0.62311,1.00,1.00
2015.07.16 10:21:42.569,0.62289,0.62311,1.00,1.00
2015.07.16 10:21:43.995,0.62289,0.62311,1.37,1.00
2015.07.16 10:21:45.423,0.62288,0.62311,1.37,1.00
2015.07.16 10:21:46.216,0.62288,0.6231,1.37,1.00
2015.07.16 10:21:46.418,0.62287,0.62311,1.12,1.00
2015.07.16 10:21:46.720,0.62289,0.62311,1.00,1.00
2015.07.16 10:21:47.303,0.62288,0.62311,1.12,1.00
2015.07.16 10:21:47.609,0.6229,0.62314,1.37,1.00
2015.07.16 10:21:47.964,0.6229,0.62316,1.37,1.00
2015.07.16 10:21:48.618,0.62291,0.62315,1.37,1.00
2015.07.16 10:21:48.869,0.62292,0.62318,1.37,2.47
2015.07.16 10:21:49.217,0.62292,0.62318,1.50,1.60
2015.07.16 10:21:50.219,0.62293,0.62318,1.50,1.60
2015.07.16 10:21:52.216,0.62293,0.62318,1.37,1.60
2015.07.16 10:21:52.418,0.62293,0.62318,1.37,1.00
2015.07.16 10:21:52.627,0.62295,0.62321,1.12,1.50
2015.07.16 10:21:53.567,0.62296,0.62321,1.00,1.00
2015.07.16 10:21:54.098,0.62297,0.62325,1.12,2.47
2015.07.16 10:21:55.459,0.62296,0.6232,1.37,1.00
2015.07.16 10:21:55.656,0.62296,0.62324,1.37,1.97
2015.07.16 10:21:57.832,0.62296,0.62323,1.00,1.72
2015.07.16 10:21:58.569,0.62296,0.62323,1.37,1.30
2015.07.16 10:21:58.820,0.62298,0.62326,1.00,1.37
2015.07.16 10:21:59.382,0.62298,0.62326,1.00,1.37
2015.07.16 10:21:59.707,0.62296,0.62324,1.00,1.37
2015.07.16 10:22:00.247,0.62298,0.62324,1.00,1.12
2015.07.16 10:22:00.649,0.62298,0.62324,1.00,1.37
2015.07.16 10:22:01.002,0.62296,0.62324,1.12,1.37
2015.07.16 10:22:01.053,0.62292,0.6232,1.37,1.00
2015.07.16 10:22:01.154,0.62294,0.62322,1.12,1.12
2015.07.16 10:22:01.355,0.62296,0.62322,1.00,1.37
2015.07.16 10:22:01.703,0.62296,0.62322,1.00,1.37
2015.07.16 10:22:01.803,0.62294,0.62321,1.00,1.37
2015.07.16 10:22:02.046,0.62292,0.6232,1.00,1.37
2015.07.16 10:22:02.248,0.6229,0.62316,1.37,1.12
2015.07.16 10:22:03.149,0.6229,0.62317,1.37,1.00
2015.07.16 10:22:04.016,0.62292,0.62319,1.00,1.37
2015.07.16 10:22:08.056,0.62292,0.62317,1.00,1.00
2015.07.16 10:22:08.389,0.6229,0.62317,1.12,1.00
2015.07.16 10:22:08.967,0.6229,0.62317,1.37,1.00
2015.07.16 10:22:09.588,0.6229,0.62317,1.37,1.12
2015.07.16 10:22:09.930,0.62292,0.62315,1.37,1.00
2015.07.16 10:22:10.084,0.62291,0.62315,1.12,1.00
2015.07.16 10:22:10.587,0.62292,0.62315,1.00,1.00
2015.07.16 10:22:10.856,0.62292,0.62318,1.00,1.37
2015.07.16 10:22:11.482,0.62291,0.62319,1.12,1.37
2015.07.16 10:22:11.532,0.62291,0.62319,1.72,1.37
2015.07.16 10:22:12.091,0.62294,0.62316,1.00,1.00
2015.07.16 10:22:12.529,0.62295,0.6232,1.00,1.37
2015.07.16 10:22:12.616,0.62295,0.62316,1.00,1.00
2015.07.16 10:22:13.184,0.62294,0.62316,1.00,1.00
2015.07.16 10:22:13.620,0.62294,0.6232,1.37,1.50
2015.07.16 10:22:14.145,0.62296,0.62321,1.37,1.00
2015.07.16 10:22:14.572,0.62295,0.62321,1.12,1.87
2015.07.16 10:22:14.622,0.62295,0.62316,1.12,1.00
2015.07.16 10:22:14.673,0.62291,0.62316,1.37,1.00
2015.07.16 10:22:15.557,0.62293,0.62316,1.37,1.00
2015.07.16 10:22:16.434,0.62293,0.62316,1.12,1.00
2015.07.16 10:22:16.909,0.62293,0.62316,2.25,1.00
2015.07.16 10:22:16.960,0.62298,0.62321,1.12,1.50
2015.07.16 10:22:17.061,0.62298,0.62321,1.37,1.00
2015.07.16 10:22:17.390,0.62298,0.62321,1.00,1.00
2015.07.16 10:22:18.191,0.62298,0.62321,1.50,1.00
2015.07.16 10:22:18.725,0.62299,0.62321,1.37,1.00
2015.07.16 10:22:19.494,0.62298,0.62321,1.50,1.00
2015.07.16 10:22:20.348,0.62298,0.62326,1.50,1.87
2015.07.16 10:22:20.911,0.623,0.62325,1.37,1.00
2015.07.16 10:22:21.086,0.623,0.62321,1.37,1.00
2015.07.16 10:22:22.798,0.62299,0.62325,1.37,1.12
2015.07.16 10:22:24.599,0.62298,0.62325,1.37,1.37
2015.07.16 10:22:26.010,0.62299,0.62326,1.37,1.12
2015.07.16 10:22:26.726,0.62299,0.62326,1.12,1.87
2015.07.16 10:22:27.313,0.62298,0.62325,1.37,1.37
2015.07.16 10:22:27.913,0.62298,0.62326,1.37,1.87
2015.07.16 10:22:28.425,0.62298,0.62324,1.37,1.00
2015.07.16 10:22:28.576,0.62297,0.62324,1.37,1.12
2015.07.16 10:22:29.753,0.62297,0.62325,1.37,1.87
2015.07.16 10:22:30.520,0.62298,0.62325,1.37,1.12
2015.07.16 10:22:31.089,0.62298,0.62326,1.37,1.87
2015.07.16 10:22:31.623,0.62299,0.62327,1.37,1.00
2015.07.16 10:22:32.248,0.623,0.62326,1.37,1.00
2015.07.16 10:22:32.726,0.623,0.62328,1.37,1.12
2015.07.16 10:22:35.942,0.623,0.62328,1.37,1.37
2015.07.16 10:22:36.284,0.623,0.62328,1.37,1.12
2015.07.16 10:22:36.786,0.623,0.62328,1.37,1.00
2015.07.16 10:22:37.287,0.62301,0.62329,1.37,1.12
2015.07.16 10:22:37.588,0.62301,0.62328,1.12,1.37
2015.07.16 10:22:38.110,0.62302,0.62328,1.00,1.37
2015.07.16 10:22:38.471,0.62302,0.62328,1.37,1.12
2015.07.16 10:22:39.233,0.62302,0.6233,1.12,1.37
2015.07.16 10:22:42.095,0.62302,0.62327,1.12,1.00
2015.07.16 10:22:42.707,0.62302,0.6233,1.12,1.87
2015.07.16 10:22:43.321,0.62303,0.6233,1.00,1.37
2015.07.16 10:22:43.475,0.62302,0.6233,1.37,1.12
2015.07.16 10:22:43.586,0.62303,0.62328,1.37,1.00
2015.07.16 10:22:44.026,0.62302,0.6233,1.37,1.12
2015.07.16 10:22:44.906,0.62301,0.62329,1.37,1.00
2015.07.16 10:22:45.409,0.62301,0.62329,1.37,1.37
2015.07.16 10:22:45.979,0.62301,0.62329,1.37,1.12
2015.07.16 10:22:47.668,0.62302,0.6233,1.12,1.87
2015.07.16 10:22:47.982,0.62301,0.62329,1.37,1.12
2015.07.16 10:22:48.521,0.62303,0.62328,1.37,1.00
2015.07.16 10:22:49.022,0.62303,0.62329,1.37,1.00
2015.07.16 10:22:49.372,0.62303,0.62329,1.00,1.12
2015.07.16 10:22:49.473,0.62302,0.62329,1.12,1.37
2015.07.16 10:22:51.049,0.62301,0.62327,1.37,1.00
2015.07.16 10:22:51.629,0.623,0.62326,1.37,1.00
2015.07.16 10:22:52.086,0.62298,0.62326,1.37,1.87
2015.07.16 10:22:53.084,0.62299,0.62327,1.00,1.50
2015.07.16 10:22:53.514,0.62298,0.62326,1.37,1.12
2015.07.16 10:22:55.281,0.623,0.62328,1.37,1.37
2015.07.16 10:22:55.493,0.623,0.62328,1.37,1.12
2015.07.16 10:22:55.994,0.62301,0.62327,1.00,1.12
2015.07.16 10:22:56.201,0.623,0.62327,1.37,1.37
2015.07.16 10:22:56.847,0.623,0.62325,1.12,1.00
2015.07.16 10:22:57.614,0.62298,0.62326,1.37,1.87
2015.07.16 10:22:58.455,0.62298,0.62326,1.37,1.87
2015.07.16 10:22:58.756,0.623,0.62326,1.00,1.87
2015.07.16 10:22:59.108,0.62301,0.62328,1.12,1.12
2015.07.16 10:23:00.444,0.62299,0.62327,1.37,1.12
2015.07.16 10:23:00.953,0.623,0.62328,1.37,1.37
2015.07.16 10:23:01.474,0.62299,0.62327,1.37,1.37
2015.07.16 10:23:02.161,0.62298,0.62326,1.37,1.37
2015.07.16 10:23:02.888,0.62298,0.62326,1.12,1.37
2015.07.16 10:23:03.414,0.62299,0.62325,1.00,1.12
2015.07.16 10:23:03.976,0.623,0.62325,1.00,1.12
2015.07.16 10:23:04.077,0.62298,0.62326,1.00,1.37
2015.07.16 10:23:04.628,0.62297,0.62325,1.12,1.50
2015.07.16 10:23:05.119,0.62297,0.62325,1.12,1.12
2015.07.16 10:23:05.645,0.62298,0.62324,1.00,1.12
2015.07.16 10:23:06.167,0.62297,0.62324,1.00,1.12
2015.07.16 10:23:06.716,0.62298,0.62326,1.00,1.37
2015.07.16 10:23:07.394,0.62296,0.62324,1.37,1.00
2015.07.16 10:23:07.445,0.62296,0.62324,1.37,1.12
2015.07.16 10:23:08.328,0.62296,0.62324,1.37,1.00
2015.07.16 10:23:08.429,0.62297,0.62324,1.12,1.37
2015.07.16 10:23:08.781,0.62293,0.62321,1.37,1.00
2015.07.16 10:23:08.903,0.62293,0.62321,1.12,1.37
2015.07.16 10:23:09.104,0.62293,0.62321,1.37,1.12
2015.07.16 10:23:09.544,0.62293,0.62321,1.12,1.37
2015.07.16 10:23:10.335,0.62292,0.6232,1.37,1.37
2015.07.16 10:23:10.436,0.62292,0.6232,1.12,1.37
2015.07.16 10:23:10.987,0.62293,0.6232,1.00,1.37
2015.07.16 10:23:11.295,0.62291,0.62319,1.00,1.37
2015.07.16 10:23:12.460,0.62291,0.62318,1.00,1.37
2015.07.16 10:23:12.662,0.62291,0.62319,1.37,1.37
2015.07.16 10:23:12.763,0.62294,0.62319,1.00,1.12
2015.07.16 10:23:13.165,0.62294,0.62321,1.12,1.12
2015.07.16 10:23:13.216,0.62296,0.62321,1.00,1.12
2015.07.16 10:23:13.664,0.62296,0.62324,1.12,1.37
2015.07.16 10:23:13.881,0.62298,0.62326,1.00,1.37
2015.07.16 10:23:14.959,0.62298,0.62326,1.00,1.87
2015.07.16 10:23:15.469,0.62297,0.62324,1.00,1.12
2015.07.16 10:23:15.770,0.623,0.62328,1.12,1.37
2015.07.16 10:23:17.241,0.623,0.62328,1.12,1.37
2015.07.16 10:23:18.093,0.62297,0.62325,1.37,1.37
2015.07.16 10:23:18.661,0.62298,0.62326,1.37,1.37
2015.07.16 10:23:18.762,0.62297,0.62325,1.12,1.37
2015.07.16 10:23:19.563,0.62295,0.62323,1.37,1.37
2015.07.16 10:23:19.886,0.62297,0.62323,1.12,1.37
2015.07.16 10:23:20.593,0.62298,0.62324,1.12,1.37
2015.07.16 10:23:21.293,0.62298,0.62326,1.00,1.37
2015.07.16 10:23:21.645,0.623,0.62325,1.00,1.12
2015.07.16 10:23:22.168,0.623,0.62327,1.87,1.37
2015.07.16 10:23:28.196,0.62301,0.62326,1.00,1.12
2015.07.16 10:23:28.847,0.62301,0.62326,1.12,1.37
2015.07.16 10:23:31.607,0.623,0.62328,1.37,1.37
2015.07.16 10:23:32.211,0.62302,0.62328,1.12,1.37
2015.07.16 10:23:32.312,0.62302,0.62328,1.12,1.37
2015.07.16 10:23:32.815,0.623,0.62328,1.37,1.50
2015.07.16 10:23:32.916,0.62301,0.62329,1.37,1.72
2015.07.16 10:23:33.294,0.62302,0.62329,1.37,1.72
2015.07.16 10:23:33.852,0.62302,0.62329,1.37,1.72
2015.07.16 10:23:34.437,0.62303,0.62329,1.37,1.30
2015.07.16 10:23:35.866,0.62304,0.62329,1.37,1.72
2015.07.16 10:23:36.533,0.62301,0.62328,1.37,1.12
2015.07.16 10:23:38.665,0.62303,0.62328,1.12,1.00
2015.07.16 10:23:39.505,0.62302,0.62327,1.37,1.00
2015.07.16 10:23:40.032,0.62302,0.62329,1.37,1.72
2015.07.16 10:23:40.483,0.62302,0.62327,1.37,1.00
2015.07.16 10:23:41.950,0.62302,0.62327,1.12,1.00
2015.07.16 10:23:42.483,0.62303,0.62328,1.00,1.12
2015.07.16 10:23:43.038,0.62301,0.62328,1.37,1.37
2015.07.16 10:23:43.540,0.623,0.62327,1.37,1.12
2015.07.16 10:23:43.590,0.623,0.62327,1.12,1.37
2015.07.16 10:23:43.825,0.623,0.62327,1.12,1.37
2015.07.16 10:23:45.280,0.62299,0.62323,1.12,1.00
2015.07.16 10:23:47.814,0.62297,0.62325,1.37,1.37
2015.07.16 10:23:47.915,0.62296,0.62324,1.00,1.37
2015.07.16 10:23:48.167,0.62294,0.6232,1.37,1.37
2015.07.16 10:23:48.977,0.62294,0.62319,1.12,1.00
2015.07.16 10:23:49.432,0.62295,0.62322,1.37,1.72
2015.07.16 10:23:49.995,0.62295,0.62322,1.37,1.35
2015.07.16 10:23:50.697,0.62293,0.62321,1.37,1.12
2015.07.16 10:23:50.798,0.62291,0.62319,1.87,1.00
2015.07.16 10:23:51.301,0.62292,0.62319,1.37,1.00
2015.07.16 10:23:51.842,0.62295,0.6232,1.37,1.00
2015.07.16 10:23:52.630,0.62295,0.6232,1.37,1.00
2015.07.16 10:23:53.290,0.62293,0.62321,1.37,1.00
2015.07.16 10:23:53.813,0.62294,0.62322,1.37,1.35
2015.07.16 10:23:54.142,0.62294,0.62321,1.37,1.00
2015.07.16 10:23:54.661,0.62295,0.6232,1.37,1.00
2015.07.16 10:23:54.990,0.62294,0.62322,1.37,1.72
2015.07.16 10:23:55.762,0.62294,0.62321,1.37,1.00
2015.07.16 10:23:56.798,0.62294,0.62321,1.37,1.12
2015.07.16 10:23:57.316,0.62293,0.6232,1.37,1.00
2015.07.16 10:23:57.950,0.62293,0.62319,1.37,1.00
2015.07.16 10:23:58.453,0.62295,0.62321,1.37,1.37
2015.07.16 10:23:58.620,0.62295,0.6232,1.37,1.00
2015.07.16 10:23:58.720,0.62295,0.62323,1.87,1.72
2015.07.16 10:23:59.090,0.62297,0.62323,1.37,1.72
2015.07.16 10:23:59.141,0.62297,0.62323,1.37,1.72
2015.07.16 10:23:59.703,0.62296,0.62324,1.37,1.60
2015.07.16 10:23:59.907,0.62296,0.62324,1.00,1.97
2015.07.16 10:24:00.508,0.62296,0.62322,1.37,1.30
2015.07.16 10:24:01.050,0.62295,0.62321,1.12,1.00
2015.07.16 10:24:01.251,0.62295,0.6232,1.00,1.37
2015.07.16 10:24:01.531,0.62292,0.6232,1.37,1.37
2015.07.16 10:24:01.945,0.62295,0.62321,1.12,1.12
2015.07.16 10:24:02.655,0.62295,0.62323,1.12,1.97
2015.07.16 10:24:03.170,0.62295,0.62321,1.87,1.12
2015.07.16 10:24:04.104,0.62294,0.62322,1.00,1.72
2015.07.16 10:24:04.434,0.62296,0.62322,1.00,1.72
2015.07.16 10:24:04.939,0.62295,0.62321,1.00,1.12
2015.07.16 10:24:05.440,0.62294,0.62322,1.00,1.72
2015.07.16 10:24:06.163,0.62294,0.62322,1.00,1.72
2015.07.16 10:24:06.429,0.62291,0.62319,1.12,1.12
2015.07.16 10:24:06.529,0.62292,0.62317,1.00,1.00
2015.07.16 10:24:06.963,0.62293,0.62319,1.00,1.12
2015.07.16 10:24:07.506,0.62293,0.62321,1.12,1.37
2015.07.16 10:24:07.758,0.62295,0.6232,1.00,1.37
2015.07.16 10:24:08.534,0.62295,0.6232,1.12,1.12
2015.07.16 10:24:09.050,0.62294,0.62322,1.37,1.72
2015.07.16 10:24:09.381,0.62294,0.62322,1.12,1.72
2015.07.16 10:24:09.481,0.62293,0.62321,1.37,1.37
2015.07.16 10:24:10.438,0.62292,0.6232,1.37,1.37
2015.07.16 10:24:10.941,0.62292,0.62319,1.37,1.37
2015.07.16 10:24:11.376,0.62292,0.62318,1.00,1.37
2015.07.16 10:24:11.443,0.62292,0.62318,1.37,1.12
2015.07.16 10:24:11.946,0.62293,0.6232,1.37,1.37
2015.07.16 10:24:12.861,0.62293,0.6232,1.37,1.12
2015.07.16 10:24:12.961,0.62294,0.6232,1.37,1.12
2015.07.16 10:24:13.062,0.62292,0.6232,1.37,1.37
2015.07.16 10:24:13.660,0.62293,0.62319,1.37,1.12
2015.07.16 10:24:13.713,0.62293,0.6232,1.12,1.37
2015.07.16 10:24:13.764,0.62293,0.6232,1.37,1.12
2015.07.16 10:24:14.101,0.62293,0.6232,1.37,1.37
2015.07.16 10:24:15.806,0.62291,0.62319,1.50,1.12
2015.07.16 10:24:15.957,0.62295,0.62321,1.87,1.00
2015.07.16 10:24:16.257,0.62295,0.62321,1.87,1.00
2015.07.16 10:24:16.569,0.62298,0.62323,1.37,1.00
2015.07.16 10:24:16.670,0.62301,0.62326,1.00,1.12
2015.07.16 10:24:16.871,0.62301,0.62328,1.00,1.72
2015.07.16 10:24:16.960,0.62301,0.62328,1.12,1.72
2015.07.16 10:24:17.473,0.623,0.62325,1.37,1.00
2015.07.16 10:24:17.981,0.62299,0.62326,1.87,1.00
2015.07.16 10:24:18.586,0.62299,0.62326,1.87,1.37
2015.07.16 10:24:19.302,0.623,0.62328,1.00,1.72
2015.07.16 10:24:19.468,0.623,0.62328,1.37,1.72
2015.07.16 10:24:19.619,0.62301,0.62329,1.12,1.60
2015.07.16 10:24:20.154,0.62302,0.62328,1.12,1.35
2015.07.16 10:24:20.274,0.623,0.62328,1.87,1.35
2015.07.16 10:24:20.726,0.623,0.62326,1.12,1.00
2015.07.16 10:24:22.676,0.623,0.62326,1.12,1.37
2015.07.16 10:24:23.186,0.62297,0.62325,1.37,1.00
2015.07.16 10:24:23.688,0.62299,0.62326,1.37,1.37
2015.07.16 10:24:24.126,0.62297,0.62325,1.12,1.37
2015.07.16 10:24:24.664,0.62296,0.62321,1.72,1.12
2015.07.16 10:24:25.192,0.62295,0.62322,1.97,1.00
2015.07.16 10:24:25.693,0.62294,0.62322,1.87,1.72
2015.07.16 10:24:25.895,0.62295,0.6232,1.12,1.00
2015.07.16 10:24:26.320,0.62294,0.62319,1.37,1.00
2015.07.16 10:24:26.374,0.62294,0.62322,1.87,1.37
2015.07.16 10:24:26.697,0.62295,0.62323,1.87,1.12
2015.07.16 10:24:27.198,0.62295,0.62323,1.87,1.00
2015.07.16 10:24:27.801,0.62295,0.62322,1.37,1.00
2015.07.16 10:24:28.454,0.62295,0.62321,1.87,1.00
2015.07.16 10:24:29.045,0.62296,0.62322,1.37,1.00
2015.07.16 10:24:29.842,0.62295,0.62323,1.87,1.12
2015.07.16 10:24:30.298,0.62295,0.62323,2.25,1.00
2015.07.16 10:24:30.585,0.623,0.62327,1.12,1.97
2015.07.16 10:24:31.242,0.623,0.62326,1.87,1.72
2015.07.16 10:24:31.443,0.62301,0.62327,1.37,1.60
2015.07.16 10:24:32.255,0.62303,0.62331,1.37,1.00
2015.07.16 10:24:32.306,0.62307,0.62335,1.00,1.97
2015.07.16 10:24:32.613,0.62306,0.62334,1.00,1.35
2015.07.16 10:24:32.713,0.62305,0.6233,1.12,1.00
2015.07.16 10:24:33.048,0.62303,0.62331,1.00,1.00
2015.07.16 10:24:33.567,0.62304,0.62332,1.50,1.37
2015.07.16 10:24:33.965,0.62304,0.62332,1.37,1.37
2015.07.16 10:24:34.620,0.62305,0.62331,1.37,1.00
2015.07.16 10:24:34.721,0.62305,0.62333,1.37,1.12
2015.07.16 10:24:35.163,0.62308,0.62334,1.37,1.00
2015.07.16 10:24:35.264,0.62311,0.62338,1.00,1.37
2015.07.16 10:24:35.565,0.62313,0.62339,1.00,1.37
2015.07.16 10:24:35.924,0.62314,0.62341,1.12,1.72
2015.07.16 10:24:36.024,0.62316,0.62341,1.00,1.30
2015.07.16 10:24:36.550,0.62315,0.62341,1.12,1.12
2015.07.16 10:24:37.228,0.62313,0.62341,1.87,1.37
2015.07.16 10:24:38.984,0.62315,0.62342,1.00,1.12
2015.07.16 10:24:39.302,0.62315,0.6234,1.50,1.00
2015.07.16 10:24:39.685,0.62319,0.6234,1.00,1.00
2015.07.16 10:24:39.909,0.62321,0.62351,1.00,2.10
2015.07.16 10:24:40.183,0.62321,0.62348,1.00,1.00
2015.07.16 10:24:40.340,0.6232,0.6235,1.00,2.10
2015.07.16 10:24:41.167,0.62322,0.62348,1.00,1.00
2015.07.16 10:24:41.494,0.62322,0.62348,1.00,1.37
2015.07.16 10:24:47.373,0.6232,0.62344,1.00,1.00
2015.07.16 10:24:47.683,0.6232,0.62347,1.00,1.00
2015.07.16 10:24:47.935,0.6232,0.62348,1.37,1.00
2015.07.16 10:24:48.515,0.62321,0.62349,1.37,1.00
2015.07.16 10:24:49.159,0.62322,0.62348,1.12,1.00
2015.07.16 10:24:51.449,0.62322,0.62347,1.00,1.50
2015.07.16 10:24:51.751,0.62312,0.6234,1.00,1.60
2015.07.16 10:24:51.802,0.62314,0.62338,1.00,1.60
2015.07.16 10:24:52.067,0.62314,0.62341,1.00,1.50
2015.07.16 10:24:52.218,0.62312,0.6234,1.00,1.00
2015.07.16 10:24:52.741,0.62313,0.62339,1.00,1.00
2015.07.16 10:24:53.398,0.62313,0.62339,1.37,1.12
2015.07.16 10:24:56.074,0.62312,0.6234,1.37,1.12
2015.07.16 10:24:56.478,0.62312,0.6234,1.37,1.37
2015.07.16 10:24:57.018,0.6231,0.62337,1.87,1.00
2015.07.16 10:24:57.260,0.6231,0.62335,1.87,1.00
2015.07.16 10:24:58.042,0.6231,0.62337,1.12,1.00
2015.07.16 10:24:59.133,0.6231,0.62335,1.87,1.00
2015.07.16 10:24:59.661,0.6231,0.62335,1.37,1.00
2015.07.16 10:25:00.583,0.6231,0.62335,1.00,1.12
2015.07.16 10:25:00.684,0.62308,0.62336,1.00,1.37
2015.07.16 10:25:01.269,0.62308,0.62334,1.12,1.00
2015.07.16 10:25:01.522,0.62308,0.62336,1.12,1.12
2015.07.16 10:25:02.029,0.62308,0.62336,1.37,1.00
2015.07.16 10:25:02.925,0.62308,0.62336,1.37,1.12
2015.07.16 10:25:03.446,0.62308,0.62336,1.37,1.12
2015.07.16 10:25:03.960,0.6231,0.62335,1.12,1.00
2015.07.16 10:25:04.190,0.6231,0.62338,1.37,1.35
2015.07.16 10:25:04.715,0.62311,0.62339,1.37,1.60
2015.07.16 10:25:06.266,0.62312,0.62337,1.37,1.00
2015.07.16 10:25:06.771,0.62311,0.62338,1.37,1.35
2015.07.16 10:25:07.319,0.62311,0.62337,1.37,1.00
2015.07.16 10:25:07.906,0.62309,0.62337,1.12,1.12
2015.07.16 10:25:07.957,0.62309,0.62335,1.12,1.00
2015.07.16 10:25:08.259,0.62304,0.62329,1.37,1.00
2015.07.16 10:25:08.309,0.62304,0.62328,1.00,1.30
2015.07.16 10:25:08.410,0.62304,0.62329,1.00,1.97
2015.07.16 10:25:08.460,0.62299,0.62326,1.37,1.12
2015.07.16 10:25:08.713,0.62297,0.62325,1.37,1.00
2015.07.16 10:25:09.024,0.62299,0.62325,1.37,1.00
2015.07.16 10:25:09.226,0.62298,0.62326,1.12,1.12
2015.07.16 10:25:09.377,0.62295,0.62323,1.37,1.00
2015.07.16 10:25:09.605,0.62295,0.62323,1.12,1.12
2015.07.16 10:25:09.706,0.62294,0.62321,1.37,1.00
2015.07.16 10:25:09.908,0.62293,0.6232,1.00,1.12
2015.07.16 10:25:10.210,0.6229,0.62318,1.37,1.00
2015.07.16 10:25:10.512,0.62295,0.62319,1.12,1.12
2015.07.16 10:25:11.031,0.62294,0.6232,1.37,1.12
2015.07.16 10:25:11.366,0.62296,0.62322,1.12,1.00
2015.07.16 10:25:11.416,0.62296,0.62322,1.37,1.00
2015.07.16 10:25:11.934,0.62298,0.62323,1.12,1.35
2015.07.16 10:25:12.448,0.62298,0.62323,1.37,1.35
2015.07.16 10:25:13.936,0.62298,0.62323,1.37,1.35
2015.07.16 10:25:16.534,0.623,0.62326,1.12,1.37
2015.07.16 10:25:20.673,0.62299,0.62324,1.87,1.00
2015.07.16 10:25:22.204,0.62299,0.62325,1.37,1.72
2015.07.16 10:25:23.255,0.62298,0.62325,1.12,1.72
2015.07.16 10:25:23.571,0.62297,0.62325,1.00,1.72
2015.07.16 10:25:23.978,0.62295,0.62322,1.00,1.37
2015.07.16 10:25:24.181,0.62292,0.6232,1.00,1.72
2015.07.16 10:25:24.660,0.62294,0.62319,1.00,1.12
2015.07.16 10:25:24.962,0.62291,0.62318,1.12,1.60
2015.07.16 10:25:25.503,0.6229,0.62316,1.12,1.00
2015.07.16 10:25:25.553,0.62289,0.62316,1.37,1.97
2015.07.16 10:25:26.056,0.62291,0.62319,1.12,1.37
2015.07.16 10:25:26.207,0.62296,0.62321,1.00,1.00
2015.07.16 10:25:26.636,0.62295,0.62323,1.37,1.12
2015.07.16 10:25:26.687,0.62295,0.62323,1.37,1.37
2015.07.16 10:25:26.787,0.62296,0.62322,1.12,1.00
2015.07.16 10:25:27.089,0.62297,0.62325,1.12,1.60
2015.07.16 10:25:27.676,0.62296,0.62324,1.37,1.35
2015.07.16 10:25:28.664,0.62296,0.62324,1.37,1.72
2015.07.16 10:25:30.695,0.62296,0.62324,1.37,1.35
2015.07.16 10:25:31.254,0.62297,0.62323,1.12,1.00
2015.07.16 10:25:33.327,0.62298,0.62324,1.00,1.72
2015.07.16 10:25:33.537,0.62297,0.62322,1.00,1.00
2015.07.16 10:25:33.913,0.62294,0.62321,1.12,1.00
2015.07.16 10:25:34.424,0.62298,0.62323,1.00,1.72
2015.07.16 10:25:35.003,0.62297,0.62325,1.00,2.47
2015.07.16 10:25:35.598,0.62297,0.62323,1.12,1.30
2015.07.16 10:25:35.900,0.623,0.62323,1.00,1.30
2015.07.16 10:25:36.209,0.62296,0.62322,1.00,1.37
2015.07.16 10:25:36.734,0.62294,0.62322,1.12,1.37
2015.07.16 10:25:37.469,0.62294,0.62322,1.37,1.00
2015.07.16 10:25:37.737,0.62293,0.6232,1.12,1.00
2015.07.16 10:25:38.089,0.62293,0.62318,1.00,1.00
2015.07.16 10:25:38.611,0.62293,0.62319,1.00,1.00
2015.07.16 10:25:39.062,0.62293,0.62321,1.00,1.12
2015.07.16 10:25:40.228,0.62293,0.62318,1.12,1.00
2015.07.16 10:25:40.496,0.62292,0.6232,1.37,1.00
2015.07.16 10:25:41.236,0.62292,0.62319,1.12,1.00
2015.07.16 10:25:41.420,0.62294,0.62321,1.12,1.37
2015.07.16 10:25:41.924,0.62292,0.6232,1.37,1.37
2015.07.16 10:25:44.085,0.62292,0.6232,1.37,1.12
2015.07.16 10:25:47.892,0.62292,0.6232,1.75,1.50
2015.07.16 10:25:47.993,0.62292,0.6232,1.87,1.00
2015.07.16 10:25:48.094,0.62292,0.62319,1.00,1.00
2015.07.16 10:25:48.145,0.62295,0.62319,1.00,1.00
2015.07.16 10:25:48.195,0.62295,0.62321,1.00,1.00
2015.07.16 10:25:48.346,0.62292,0.6232,1.00,1.00
2015.07.16 10:25:48.397,0.62292,0.62317,1.00,1.00
2015.07.16 10:25:48.927,0.62291,0.62317,1.00,1.00
2015.07.16 10:25:49.280,0.62289,0.62315,1.00,1.00
2015.07.16 10:25:49.680,0.62285,0.62313,1.60,1.00
2015.07.16 10:25:50.069,0.62288,0.62313,1.00,1.00
2015.07.16 10:25:50.561,0.6229,0.62314,1.00,1.00
2015.07.16 10:25:50.795,0.6229,0.62316,1.00,1.00
2015.07.16 10:25:51.022,0.6229,0.62316,2.25,1.00
2015.07.16 10:25:51.173,0.62291,0.62319,1.37,1.00
2015.07.16 10:25:51.273,0.62291,0.62319,1.37,1.00
2015.07.16 10:25:51.963,0.62293,0.62319,1.00,1.00
2015.07.16 10:25:52.674,0.62292,0.6232,1.12,1.00
2015.07.16 10:25:52.725,0.62292,0.6232,1.37,1.00
2015.07.16 10:25:52.826,0.62294,0.62322,1.37,1.12
2015.07.16 10:25:53.051,0.62294,0.6232,1.87,1.00
2015.07.16 10:25:53.543,0.62295,0.62321,1.72,1.00
2015.07.16 10:25:53.593,0.62298,0.62323,1.12,1.00
2015.07.16 10:25:53.794,0.62299,0.62326,1.00,1.00
2015.07.16 10:25:53.945,0.623,0.62326,1.37,1.00
2015.07.16 10:25:54.155,0.62299,0.62326,1.50,1.00
2015.07.16 10:25:54.256,0.62297,0.62325,1.00,1.00
2015.07.16 10:25:54.459,0.62294,0.62321,2.47,1.00
2015.07.16 10:25:54.613,0.62294,0.62321,1.00,1.00
2015.07.16 10:25:54.765,0.62294,0.62318,1.00,1.00
2015.07.16 10:25:55.082,0.62291,0.62319,1.00,1.00
2015.07.16 10:25:55.600,0.62295,0.62319,1.00,1.00
2015.07.16 10:25:55.650,0.62295,0.62323,1.50,1.00
2015.07.16 10:25:55.801,0.62298,0.62323,1.00,1.00
2015.07.16 10:25:55.902,0.62298,0.62325,1.00,1.00
2015.07.16 10:25:56.373,0.623,0.62326,1.00,1.00
2015.07.16 10:25:56.744,0.62299,0.62324,1.00,1.00
2015.07.16 10:25:57.172,0.62295,0.62323,1.37,1.00
2015.07.16 10:25:57.223,0.62295,0.62321,1.37,1.00
2015.07.16 10:25:57.437,0.62294,0.62321,1.12,1.00
2015.07.16 10:25:57.638,0.62296,0.62321,1.00,1.00
2015.07.16 10:25:57.843,0.62295,0.62323,1.37,1.00
2015.07.16 10:25:58.219,0.62298,0.62325,1.12,1.00
2015.07.16 10:25:59.067,0.62298,0.62325,1.37,1.00
2015.07.16 10:25:59.643,0.62299,0.62326,1.37,1.00
2015.07.16 10:25:59.965,0.62301,0.62328,1.72,1.00
2015.07.16 10:26:00.374,0.62299,0.62326,1.37,1.00
2015.07.16 10:26:00.676,0.62299,0.62324,1.12,1.00
2015.07.16 10:26:01.476,0.62299,0.62324,1.37,1.00
2015.07.16 10:26:02.922,0.623,0.62325,1.37,1.00
2015.07.16 10:26:03.254,0.62301,0.62329,1.50,1.00
2015.07.16 10:26:03.986,0.62304,0.6233,1.37,1.00
2015.07.16 10:26:04.573,0.62305,0.62333,1.37,1.00
2015.07.16 10:26:05.165,0.62306,0.62334,1.37,1.00
2015.07.16 10:26:05.838,0.62309,0.62334,1.00,1.00
2015.07.16 10:26:05.961,0.62306,0.62334,1.37,1.00
2015.07.16 10:26:06.146,0.62305,0.62333,1.37,1.60
2015.07.16 10:26:06.197,0.62305,0.62333,1.12,1.72
2015.07.16 10:26:06.591,0.62302,0.6233,1.12,1.37
2015.07.16 10:26:06.692,0.623,0.62326,1.37,1.00
2015.07.16 10:26:06.792,0.623,0.62326,1.00,1.12
2015.07.16 10:26:06.893,0.62297,0.62325,1.00,1.00
2015.07.16 10:26:06.994,0.62299,0.62327,1.00,1.00
2015.07.16 10:26:07.490,0.62301,0.62327,1.00,1.00
2015.07.16 10:26:07.541,0.62299,0.62327,1.00,1.00
2015.07.16 10:26:07.866,0.623,0.62325,1.00,1.00
2015.07.16 10:26:08.695,0.62299,0.62327,1.37,1.00
2015.07.16 10:26:09.066,0.62301,0.62329,1.00,1.12
2015.07.16 10:26:09.217,0.62303,0.62329,1.00,1.00
2015.07.16 10:26:09.973,0.62303,0.62331,1.12,1.00
2015.07.16 10:26:10.125,0.62303,0.62331,1.37,1.00
2015.07.16 10:26:10.276,0.62306,0.62334,1.37,1.37
2015.07.16 10:26:10.699,0.62307,0.62335,1.12,1.00
2015.07.16 10:26:11.225,0.62308,0.62336,1.37,1.00
2015.07.16 10:26:11.527,0.62311,0.62338,1.37,1.35
2015.07.16 10:26:12.217,0.62311,0.62338,1.37,1.35
2015.07.16 10:26:13.324,0.62311,0.62338,1.37,1.35
2015.07.16 10:26:13.712,0.62309,0.62337,1.87,1.00
2015.07.16 10:26:13.914,0.62309,0.62335,1.12,1.00
2015.07.16 10:26:14.426,0.6231,0.62335,1.37,1.00
2015.07.16 10:26:16.018,0.62307,0.62335,1.87,1.00
2015.07.16 10:26:16.546,0.62307,0.62334,1.37,1.00
2015.07.16 10:26:17.313,0.62308,0.62335,1.37,1.00
2015.07.16 10:26:18.124,0.62307,0.62334,1.87,1.00
2015.07.16 10:26:18.653,0.62305,0.6233,1.37,1.00
2015.07.16 10:26:18.754,0.62304,0.62331,1.37,1.00
2015.07.16 10:26:19.064,0.62311,0.62338,1.00,1.50
2015.07.16 10:26:19.670,0.62315,0.62341,1.00,1.00
2015.07.16 10:26:20.031,0.62317,0.62342,1.00,1.00
2015.07.16 10:26:20.310,0.62317,0.62344,1.00,1.00
2015.07.16 10:26:20.411,0.62314,0.62342,1.00,1.00
2015.07.16 10:26:20.562,0.62317,0.62342,1.97,1.00
2015.07.16 10:26:20.663,0.62325,0.62349,1.00,1.00
2015.07.16 10:26:20.714,0.62329,0.62349,1.00,1.00
2015.07.16 10:26:20.765,0.62329,0.62357,1.50,1.00
2015.07.16 10:26:20.815,0.62331,0.62357,1.00,1.00
2015.07.16 10:26:21.032,0.62336,0.62363,1.00,1.00
2015.07.16 10:26:21.083,0.6234,0.62368,1.35,1.00
2015.07.16 10:26:21.184,0.62342,0.6237,1.00,1.00
2015.07.16 10:26:21.486,0.62344,0.62371,1.00,1.00
2015.07.16 10:26:22.044,0.62345,0.62373,1.00,1.00
2015.07.16 10:26:22.346,0.62345,0.62373,1.37,1.00
2015.07.16 10:26:22.648,0.6235,0.62375,1.37,1.50
2015.07.16 10:26:22.900,0.6235,0.62375,1.00,1.50
2015.07.16 10:26:23.129,0.62345,0.62371,1.00,1.00
2015.07.16 10:26:23.690,0.62346,0.62373,1.00,1.00
2015.07.16 10:26:24.228,0.62347,0.62374,1.00,1.50
2015.07.16 10:26:24.694,0.62347,0.62374,1.37,1.50
2015.07.16 10:26:25.168,0.62348,0.62376,1.50,1.00
2015.07.16 10:26:25.714,0.62349,0.62377,1.37,1.50
2015.07.16 10:26:26.077,0.62349,0.62376,1.37,1.00
2015.07.16 10:26:26.127,0.62354,0.62377,1.00,1.50
2015.07.16 10:26:26.678,0.62349,0.62377,1.50,1.00
2015.07.16 10:26:26.779,0.62352,0.6238,1.00,1.00
2015.07.16 10:26:27.081,0.62356,0.62383,1.00,1.00
2015.07.16 10:26:27.404,0.62359,0.62383,1.00,1.00
2015.07.16 10:26:27.455,0.62357,0.62383,1.00,1.00
2015.07.16 10:26:27.706,0.62358,0.62386,1.00,1.00
2015.07.16 10:26:27.807,0.6236,0.62385,1.00,1.00
2015.07.16 10:26:28.184,0.62361,0.62388,1.00,1.00
2015.07.16 10:26:28.688,0.62361,0.62389,1.00,1.50
2015.07.16 10:26:29.265,0.62361,0.62389,1.37,1.87
2015.07.16 10:26:29.509,0.62361,0.62389,1.12,1.87
2015.07.16 10:26:30.091,0.6236,0.62388,1.12,1.00
2015.07.16 10:26:30.644,0.6236,0.62388,1.87,1.00
2015.07.16 10:26:30.846,0.62364,0.62389,1.00,1.50
2015.07.16 10:26:31.098,0.62362,0.62388,1.00,1.50
2015.07.16 10:26:31.313,0.6236,0.62388,1.87,1.50
2015.07.16 10:26:31.375,0.62364,0.62388,1.00,1.50
2015.07.16 10:26:31.686,0.62365,0.62389,1.60,1.00
2015.07.16 10:26:31.736,0.62365,0.62393,2.10,1.50
2015.07.16 10:26:31.938,0.62369,0.62393,1.00,1.00
2015.07.16 10:26:32.302,0.62366,0.62392,1.00,1.00
2015.07.16 10:26:32.403,0.62368,0.62395,1.00,1.00
2015.07.16 10:26:32.605,0.62371,0.62396,1.00,1.00
2015.07.16 10:26:32.756,0.62368,0.62396,1.00,1.00
2015.07.16 10:26:32.856,0.62367,0.62393,1.00,1.00
2015.07.16 10:26:33.166,0.62365,0.62389,1.00,1.00
2015.07.16 10:26:33.675,0.62366,0.62389,1.00,1.00
2015.07.16 10:26:34.507,0.62366,0.62393,1.12,1.37
2015.07.16 10:26:34.558,0.62379,0.62393,2.10,1.00
2015.07.16 10:26:34.658,0.6238,0.62399,1.60,1.00
2015.07.16 10:26:34.809,0.62381,0.624,1.00,1.00
2015.07.16 10:26:34.910,0.62381,0.62398,1.00,1.00
2015.07.16 10:26:34.961,0.62375,0.62398,1.00,1.00
2015.07.16 10:26:35.203,0.62375,0.62395,1.00,1.00
2015.07.16 10:26:35.629,0.62375,0.62397,1.00,1.00
2015.07.16 10:26:36.245,0.62377,0.62399,1.00,1.12
2015.07.16 10:26:36.396,0.62379,0.62403,1.00,1.37
2015.07.16 10:26:36.925,0.62378,0.62403,1.00,1.12
2015.07.16 10:26:37.033,0.62378,0.62402,1.00,1.37
2015.07.16 10:26:37.382,0.62377,0.62398,1.00,1.00
2015.07.16 10:26:37.483,0.62374,0.62398,1.00,1.12
2015.07.16 10:26:37.936,0.62375,0.624,1.12,1.12
2015.07.16 10:26:38.197,0.62379,0.624,1.00,1.00
2015.07.16 10:26:38.776,0.62379,0.62402,1.00,1.00
2015.07.16 10:26:39.312,0.6238,0.62402,1.00,1.00
2015.07.16 10:26:42.816,0.62379,0.62402,1.50,1.00
2015.07.16 10:26:43.353,0.62378,0.62402,1.00,1.00
2015.07.16 10:26:44.014,0.62379,0.62402,1.00,1.00
2015.07.16 10:26:44.564,0.62378,0.62403,1.00,1.00
2015.07.16 10:26:44.766,0.62377,0.62405,1.37,1.00
2015.07.16 10:26:45.293,0.62382,0.62405,1.00,1.00
2015.07.16 10:26:45.935,0.6238,0.62405,1.00,1.00
2015.07.16 10:26:46.036,0.62383,0.62405,1.00,1.00
2015.07.16 10:26:46.548,0.62389,0.62405,1.00,1.00
2015.07.16 10:26:46.599,0.62382,0.62405,1.00,1.00
2015.07.16 10:26:46.924,0.6238,0.62404,1.00,1.00
2015.07.16 10:26:47.535,0.62379,0.62403,1.00,1.12
2015.07.16 10:26:47.586,0.62377,0.62403,1.00,1.12
2015.07.16 10:26:47.637,0.62379,0.62403,1.00,1.12
2015.07.16 10:26:48.146,0.62379,0.62403,1.00,1.37
2015.07.16 10:26:48.813,0.6238,0.62403,1.00,1.37
2015.07.16 10:26:50.278,0.62379,0.624,1.00,1.00
2015.07.16 10:26:50.850,0.62379,0.62402,1.50,1.00
2015.07.16 10:26:51.400,0.6238,0.62404,1.50,1.12
2015.07.16 10:26:51.451,0.62382,0.62404,1.00,1.12
2015.07.16 10:26:51.551,0.6238,0.62404,1.87,1.00
2015.07.16 10:26:52.164,0.6238,0.62405,1.12,1.00
2015.07.16 10:26:53.429,0.6238,0.62408,1.12,1.37
2015.07.16 10:26:53.597,0.62381,0.62408,1.12,1.12
2015.07.16 10:26:53.698,0.62381,0.6241,1.37,1.00
2015.07.16 10:26:53.870,0.62381,0.6241,1.37,1.12
2015.07.16 10:26:54.178,0.62385,0.62407,1.00,1.00
2015.07.16 10:26:54.683,0.62384,0.62407,1.00,1.00
2015.07.16 10:26:54.792,0.62384,0.62409,1.37,1.00
2015.07.16 10:26:55.274,0.62384,0.62407,1.50,1.00
2015.07.16 10:26:55.965,0.62384,0.62406,1.00,1.00
2015.07.16 10:26:56.730,0.62384,0.62407,1.00,1.12
2015.07.16 10:26:57.032,0.62386,0.62409,1.00,1.00
2015.07.16 10:26:57.334,0.62385,0.62407,1.00,1.00
2015.07.16 10:26:57.535,0.62386,0.62411,1.00,1.12
2015.07.16 10:26:57.636,0.62386,0.62409,1.00,1.00
2015.07.16 10:26:57.898,0.62384,0.62411,1.00,1.50
2015.07.16 10:26:57.949,0.62388,0.62416,1.00,1.00
2015.07.16 10:26:57.999,0.62388,0.62414,1.00,1.00
2015.07.16 10:26:58.050,0.62389,0.62416,1.00,1.00
2015.07.16 10:26:58.150,0.62389,0.62414,1.00,1.00
2015.07.16 10:26:58.496,0.62389,0.6241,1.00,1.00
2015.07.16 10:26:59.196,0.62388,0.6241,1.00,1.00
2015.07.16 10:26:59.882,0.6239,0.6241,1.00,1.00
2015.07.16 10:27:00.234,0.62389,0.62408,1.00,1.00
2015.07.16 10:27:00.533,0.62386,0.62408,1.00,1.00
2015.07.16 10:27:01.349,0.62385,0.62408,1.87,1.00
2015.07.16 10:27:01.591,0.62387,0.62408,1.00,1.00
2015.07.16 10:27:02.327,0.62388,0.62409,1.00,1.00
2015.07.16 10:27:03.613,0.62388,0.62411,1.00,1.00
2015.07.16 10:27:04.857,0.62387,0.62411,1.12,1.00
2015.07.16 10:27:04.958,0.6239,0.62412,1.00,1.00
2015.07.16 10:27:05.361,0.6239,0.62414,1.00,1.12
2015.07.16 10:27:06.372,0.62389,0.62414,1.12,1.12
2015.07.16 10:27:07.354,0.62389,0.62414,1.00,1.37
2015.07.16 10:27:07.605,0.6239,0.62411,1.00,1.00
2015.07.16 10:27:07.706,0.62388,0.62411,1.00,1.00
2015.07.16 10:27:08.172,0.62389,0.62413,1.00,1.12
2015.07.16 10:27:08.724,0.6239,0.62413,1.00,1.12
2015.07.16 10:27:10.795,0.62388,0.62413,1.00,1.12
2015.07.16 10:27:10.997,0.62389,0.6241,1.00,1.00
2015.07.16 10:27:11.531,0.62388,0.6241,1.00,1.00
2015.07.16 10:27:12.074,0.62389,0.6241,1.00,1.00
2015.07.16 10:27:12.780,0.62387,0.6241,1.00,1.00
2015.07.16 10:27:13.237,0.62389,0.6241,1.00,1.12
2015.07.16 10:27:13.574,0.62388,0.62409,1.00,1.37
2015.07.16 10:27:13.776,0.62386,0.62409,1.00,1.12
2015.07.16 10:27:13.827,0.62386,0.62408,1.00,1.37
2015.07.16 10:27:14.083,0.62384,0.62408,1.00,1.00
2015.07.16 10:27:14.292,0.62386,0.62408,1.00,1.00
2015.07.16 10:27:15.501,0.62385,0.62408,1.00,1.12
2015.07.16 10:27:16.139,0.62384,0.62408,1.50,1.12
2015.07.16 10:27:16.670,0.62384,0.62408,1.50,1.37
2015.07.16 10:27:17.149,0.62384,0.62408,1.50,1.37
2015.07.16 10:27:17.200,0.62382,0.62408,1.12,1.37
2015.07.16 10:27:17.523,0.62381,0.62405,1.00,1.37
2015.07.16 10:27:17.853,0.62379,0.62403,1.00,1.37
2015.07.16 10:27:18.136,0.6238,0.62403,1.00,1.00
2015.07.16 10:27:18.405,0.62381,0.62406,1.00,1.37
2015.07.16 10:27:18.984,0.62382,0.62406,1.00,1.37
2015.07.16 10:27:19.532,0.62381,0.62406,1.00,1.37
2015.07.16 10:27:20.652,0.62381,0.62406,1.00,1.12
2015.07.16 10:27:21.196,0.62381,0.62404,1.00,1.37
2015.07.16 10:27:21.825,0.62382,0.62404,1.00,1.12
2015.07.16 10:27:22.218,0.6238,0.62404,1.00,1.37
2015.07.16 10:27:23.133,0.62381,0.62402,1.00,1.00
2015.07.16 10:27:23.723,0.62381,0.62404,1.12,1.00
2015.07.16 10:27:24.110,0.62383,0.62404,1.00,1.00
2015.07.16 10:27:24.211,0.62381,0.62404,1.00,1.00
2015.07.16 10:27:24.726,0.62382,0.62404,1.12,1.00
2015.07.16 10:27:24.927,0.62385,0.62405,1.00,1.00
2015.07.16 10:27:26.424,0.62384,0.62405,1.00,1.00
2015.07.16 10:27:27.083,0.62383,0.62405,1.00,1.00
2015.07.16 10:27:28.549,0.62384,0.62405,1.00,1.00
2015.07.16 10:27:28.649,0.62382,0.62405,1.12,1.00
2015.07.16 10:27:28.879,0.62385,0.62405,1.00,1.00
2015.07.16 10:27:29.302,0.62383,0.62405,1.00,1.00
2015.07.16 10:27:29.851,0.62382,0.62405,1.00,1.00
2015.07.16 10:27:31.731,0.62383,0.62405,1.00,1.00
2015.07.16 10:27:33.879,0.62384,0.62405,1.00,1.00
2015.07.16 10:27:34.746,0.62385,0.62405,1.00,1.00
2015.07.16 10:27:35.087,0.62383,0.62405,1.00,1.12
2015.07.16 10:27:35.631,0.62382,0.62405,1.00,1.12
2015.07.16 10:27:36.637,0.62383,0.62405,1.00,1.12
2015.07.16 10:27:37.501,0.62384,0.62405,1.00,1.12
2015.07.16 10:27:40.583,0.62383,0.62405,1.00,1.00
2015.07.16 10:27:43.372,0.62382,0.62405,1.00,1.12
2015.07.16 10:27:43.773,0.62384,0.62405,1.00,1.12
2015.07.16 10:27:44.876,0.62383,0.62405,1.00,1.00
2015.07.16 10:27:45.533,0.62384,0.62405,1.00,1.00
2015.07.16 10:27:46.078,0.62385,0.62405,1.00,1.00
2015.07.16 10:27:46.647,0.62384,0.62405,1.00,1.37
2015.07.16 10:27:54.021,0.62384,0.62407,1.00,1.37
2015.07.16 10:27:54.527,0.62385,0.62407,1.00,1.12
2015.07.16 10:27:54.700,0.62387,0.62407,1.00,1.12
2015.07.16 10:27:55.338,0.62387,0.62408,1.00,1.12
2015.07.16 10:28:01.579,0.62387,0.62403,1.00,1.00
2015.07.16 10:28:02.014,0.62382,0.62403,1.00,1.00
2015.07.16 10:28:02.065,0.62384,0.62406,1.00,1.00
2015.07.16 10:28:02.166,0.62386,0.62408,1.00,1.00
2015.07.16 10:28:02.429,0.62387,0.6241,1.00,1.00
2015.07.16 10:28:02.631,0.62389,0.62412,1.00,1.00
2015.07.16 10:28:02.960,0.62391,0.62412,1.00,1.00
2015.07.16 10:28:03.841,0.62391,0.62412,1.00,1.37
2015.07.16 10:28:03.942,0.62385,0.62406,1.00,1.00
2015.07.16 10:28:04.043,0.62388,0.62408,1.00,1.00
2015.07.16 10:28:04.144,0.62388,0.6241,1.00,1.12
2015.07.16 10:28:04.574,0.62391,0.62411,1.00,1.37
2015.07.16 10:28:05.880,0.6239,0.62411,1.00,1.37
2015.07.16 10:28:06.185,0.62384,0.62404,1.00,1.00
2015.07.16 10:28:06.690,0.62385,0.62405,1.00,1.00
2015.07.16 10:28:06.791,0.62385,0.62407,1.00,1.00
2015.07.16 10:28:07.557,0.62385,0.62408,1.00,1.50
2015.07.16 10:28:08.080,0.62385,0.62407,1.00,1.00
2015.07.16 10:28:08.601,0.62385,0.62408,1.00,1.50
2015.07.16 10:28:10.170,0.62385,0.62407,1.00,1.00
2015.07.16 10:28:10.878,0.62385,0.62409,1.12,1.00
2015.07.16 10:28:11.608,0.62385,0.62409,1.37,1.00
2015.07.16 10:28:12.261,0.62384,0.6241,1.37,1.00
2015.07.16 10:28:12.921,0.62385,0.62409,1.37,1.00
2015.07.16 10:28:16.057,0.62384,0.62409,1.37,1.00
2015.07.16 10:28:16.370,0.62384,0.62408,1.00,1.12
2015.07.16 10:28:16.421,0.6238,0.62408,1.37,1.12
2015.07.16 10:28:16.572,0.62379,0.62406,1.37,1.00
2015.07.16 10:28:16.881,0.62379,0.62404,1.12,1.00
2015.07.16 10:28:17.235,0.62379,0.62402,1.12,1.00
2015.07.16 10:28:17.820,0.62374,0.62401,2.47,1.00
2015.07.16 10:28:18.447,0.62374,0.62401,2.10,1.00
2015.07.16 10:28:19.141,0.6238,0.624,1.00,1.00
2015.07.16 10:28:19.629,0.62379,0.62402,1.12,1.00
2015.07.16 10:28:25.318,0.6238,0.62402,1.00,1.00
2015.07.16 10:28:26.485,0.62379,0.62402,1.12,1.00
2015.07.16 10:28:27.250,0.62379,0.62401,1.12,1.00
2015.07.16 10:28:28.209,0.62379,0.62402,1.12,1.00
2015.07.16 10:28:28.712,0.62379,0.62401,1.12,1.00
2015.07.16 10:28:29.199,0.6238,0.62403,1.12,1.00
2015.07.16 10:28:29.407,0.6238,0.62403,1.37,1.00
2015.07.16 10:28:29.909,0.62384,0.62407,1.37,1.00
2015.07.16 10:28:30.010,0.62384,0.6241,1.97,1.00
2015.07.16 10:28:30.551,0.62384,0.62411,1.97,1.00
2015.07.16 10:28:31.480,0.62385,0.6241,1.72,1.00
2015.07.16 10:28:32.710,0.62384,0.62411,1.97,1.00
2015.07.16 10:28:37.827,0.62384,0.6241,1.97,1.00
2015.07.16 10:28:39.242,0.62384,0.6241,1.97,1.00
2015.07.16 10:28:41.096,0.62384,0.62411,1.97,1.00
2015.07.16 10:28:43.759,0.62385,0.6241,1.72,1.00
2015.07.16 10:28:43.960,0.6238,0.62408,3.22,1.00
2015.07.16 10:28:44.154,0.6238,0.62408,1.72,1.12
2015.07.16 10:28:44.305,0.62379,0.62405,1.97,1.00
2015.07.16 10:28:44.405,0.62379,0.62407,2.10,1.00
2015.07.16 10:28:44.856,0.6238,0.62409,3.60,1.00
2015.07.16 10:28:45.431,0.62381,0.62408,1.35,1.00
2015.07.16 10:28:45.960,0.6238,0.62407,3.22,1.00
2015.07.16 10:28:47.162,0.6238,0.62408,3.97,1.00
2015.07.16 10:28:47.291,0.6238,0.62406,3.97,1.00
2015.07.16 10:28:48.164,0.62381,0.62406,1.35,1.00
2015.07.16 10:28:48.689,0.62381,0.62407,1.35,1.00
2015.07.16 10:28:49.317,0.62385,0.62407,1.30,1.00
2015.07.16 10:28:49.823,0.62385,0.62408,1.30,1.00
2015.07.16 10:28:50.382,0.62384,0.62409,1.97,1.00
2015.07.16 10:28:50.919,0.62384,0.62408,1.97,1.00
2015.07.16 10:28:51.314,0.62384,0.62405,1.97,1.00
2015.07.16 10:28:51.572,0.6238,0.62407,3.22,1.00
2015.07.16 10:28:51.673,0.6238,0.62405,3.22,1.00
2015.07.16 10:28:52.340,0.6238,0.62406,3.22,1.00
2015.07.16 10:28:52.788,0.62381,0.62408,1.35,1.00
2015.07.16 10:28:53.327,0.62381,0.62409,2.10,1.00
2015.07.16 10:28:53.829,0.62385,0.62408,1.30,1.00
2015.07.16 10:28:58.690,0.62384,0.62409,1.97,1.00
2015.07.16 10:29:00.045,0.62384,0.6241,1.97,1.00
2015.07.16 10:29:02.601,0.62384,0.6241,1.97,1.00
2015.07.16 10:29:02.702,0.62385,0.62411,1.67,1.00
2015.07.16 10:29:02.910,0.62384,0.62412,1.97,1.00
2015.07.16 10:29:03.408,0.62384,0.6241,1.97,1.00
2015.07.16 10:29:03.936,0.62384,0.6241,1.97,1.00
2015.07.16 10:29:04.455,0.62385,0.62411,1.72,1.00
2015.07.16 10:29:06.286,0.62384,0.6241,1.97,1.00
2015.07.16 10:29:08.483,0.62384,0.62411,1.97,1.00
2015.07.16 10:29:11.000,0.62384,0.6241,1.97,1.00
2015.07.16 10:29:15.639,0.62384,0.6241,1.97,1.00
2015.07.16 10:29:17.379,0.62384,0.62411,1.97,1.00
2015.07.16 10:29:18.084,0.62385,0.62411,1.72,1.00
2015.07.16 10:29:18.435,0.62389,0.62411,1.00,1.00
2015.07.16 10:29:20.678,0.62389,0.62412,1.00,1.00
2015.07.16 10:29:21.122,0.62389,0.6241,1.00,1.00
2015.07.16 10:29:21.173,0.62385,0.6241,1.30,1.00
2015.07.16 10:29:21.718,0.62384,0.6241,2.47,1.00
2015.07.16 10:29:22.595,0.62384,0.6241,2.47,1.00
2015.07.16 10:29:23.196,0.62384,0.62411,2.47,1.00
2015.07.16 10:29:23.797,0.62384,0.6241,2.47,1.00
2015.07.16 10:29:24.348,0.62384,0.6241,2.47,1.00
2015.07.16 10:29:25.877,0.62384,0.62411,2.47,1.00
2015.07.16 10:29:26.403,0.62384,0.62409,2.47,1.00
2015.07.16 10:29:26.659,0.62384,0.62411,2.47,1.00
2015.07.16 10:29:27.499,0.62384,0.6241,2.47,1.00
2015.07.16 10:29:30.056,0.62385,0.6241,1.72,1.00
2015.07.16 10:29:30.157,0.62385,0.62409,1.72,1.00
2015.07.16 10:29:30.688,0.62385,0.62408,1.72,1.00
2015.07.16 10:29:30.959,0.62385,0.62409,1.72,1.00
2015.07.16 10:29:31.631,0.62385,0.62411,1.72,1.00
2015.07.16 10:29:31.899,0.62384,0.62408,2.47,1.00
2015.07.16 10:29:32.670,0.62385,0.6241,1.72,1.00
2015.07.16 10:29:33.979,0.62385,0.6241,1.72,1.00
2015.07.16 10:29:34.523,0.62385,0.62411,1.72,1.00
2015.07.16 10:29:34.574,0.62385,0.62409,1.72,1.00
2015.07.16 10:29:35.276,0.62384,0.62409,2.47,1.00
2015.07.16 10:29:39.817,0.62384,0.62408,2.47,1.00
2015.07.16 10:29:40.366,0.62384,0.62408,2.47,1.00
2015.07.16 10:29:40.417,0.62384,0.6241,2.47,1.00
2015.07.16 10:29:40.568,0.62384,0.6241,3.17,1.00
2015.07.16 10:29:40.837,0.62387,0.62413,1.50,1.00
2015.07.16 10:29:41.360,0.62387,0.62413,3.09,1.00
2015.07.16 10:29:41.918,0.62387,0.62413,1.97,1.00
2015.07.16 10:29:42.568,0.62387,0.62414,1.97,1.00
2015.07.16 10:29:43.394,0.62387,0.62413,1.97,1.00
2015.07.16 10:29:45.587,0.62389,0.62414,1.97,1.00
2015.07.16 10:29:49.528,0.62389,0.62413,1.72,1.00
2015.07.16 10:29:49.730,0.62389,0.62411,1.60,1.12
2015.07.16 10:29:49.780,0.62389,0.62411,1.00,1.12
2015.07.16 10:29:49.831,0.62389,0.62409,1.00,1.00
2015.07.16 10:29:49.931,0.6238,0.62409,1.97,1.37
2015.07.16 10:29:49.982,0.62379,0.62406,2.47,1.00
2015.07.16 10:29:50.321,0.6238,0.62404,1.97,1.00
2015.07.16 10:29:50.372,0.62379,0.62404,1.60,1.00
2015.07.16 10:29:50.541,0.62375,0.62404,1.50,1.00
2015.07.16 10:29:50.642,0.62374,0.62401,1.12,1.00
2015.07.16 10:29:50.967,0.62371,0.62399,2.85,1.00
2015.07.16 10:29:51.476,0.6237,0.624,2.85,1.12
2015.07.16 10:29:51.778,0.62371,0.62398,1.67,1.00
2015.07.16 10:29:52.080,0.62374,0.62396,1.72,1.00
2015.07.16 10:29:52.181,0.62374,0.62399,1.30,1.00
2015.07.16 10:29:52.600,0.62371,0.62399,1.35,1.00
2015.07.16 10:29:52.701,0.6237,0.62398,2.47,1.00
2015.07.16 10:29:53.011,0.62371,0.62398,2.85,1.00
2015.07.16 10:29:53.423,0.6237,0.62399,2.47,1.00
2015.07.16 10:29:53.647,0.6237,0.62397,1.37,1.00
2015.07.16 10:29:53.975,0.6237,0.62395,1.37,1.00
2015.07.16 10:29:54.026,0.6237,0.62397,1.37,1.00
2015.07.16 10:29:54.699,0.6237,0.62396,1.37,1.00
2015.07.16 10:29:54.752,0.6237,0.62398,1.37,1.00
2015.07.16 10:29:55.279,0.62374,0.62399,1.00,1.00
2015.07.16 10:29:55.877,0.62374,0.62397,1.00,1.00
2015.07.16 10:29:56.349,0.62374,0.62399,1.87,1.00
2015.07.16 10:29:56.869,0.62374,0.624,1.87,1.00
2015.07.16 10:29:57.029,0.62374,0.62399,1.87,1.00
2015.07.16 10:29:57.686,0.62374,0.624,1.87,1.00
2015.07.16 10:29:58.610,0.62374,0.624,1.37,1.00
2015.07.16 10:29:59.727,0.62374,0.62399,1.37,1.00
2015.07.16 10:30:03.580,0.62372,0.624,1.72,1.00
2015.07.16 10:30:04.656,0.62372,0.624,1.72,1.00
2015.07.16 10:30:04.807,0.62374,0.62398,1.37,1.00
2015.07.16 10:30:05.570,0.6237,0.62397,2.47,1.00
2015.07.16 10:30:06.161,0.62372,0.62397,1.30,1.12
2015.07.16 10:30:06.362,0.62369,0.62396,1.00,1.37
2015.07.16 10:30:06.463,0.62366,0.62396,1.37,1.37
2015.07.16 10:30:06.664,0.62364,0.62391,1.37,1.00
2015.07.16 10:30:07.214,0.62365,0.62389,1.37,1.00
2015.07.16 10:30:07.808,0.62368,0.6239,1.00,1.00
2015.07.16 10:30:07.994,0.62365,0.6239,1.12,1.00
2015.07.16 10:30:08.095,0.62364,0.62386,1.87,1.00
2015.07.16 10:30:08.524,0.6236,0.62385,1.12,1.00
2015.07.16 10:30:08.578,0.6236,0.62383,1.87,1.00
2015.07.16 10:30:09.121,0.6236,0.62383,1.37,1.00
2015.07.16 10:30:09.698,0.6236,0.62382,1.37,1.00
2015.07.16 10:30:10.291,0.6236,0.62382,1.00,1.00
2015.07.16 10:30:10.875,0.6236,0.62387,1.12,1.12
2015.07.16 10:30:11.395,0.6236,0.62388,1.12,1.00
2015.07.16 10:30:11.445,0.62362,0.62388,1.00,1.00
2015.07.16 10:30:11.747,0.62364,0.62391,1.12,1.37
2015.07.16 10:30:12.356,0.62364,0.62391,1.12,1.00
2015.07.16 10:30:12.659,0.62366,0.62393,1.00,1.37
2015.07.16 10:30:13.161,0.62368,0.62394,1.12,1.37
2015.07.16 10:30:13.691,0.62372,0.62394,1.37,1.00
2015.07.16 10:30:13.856,0.62372,0.62396,1.37,1.72
2015.07.16 10:30:14.258,0.6237,0.62395,1.00,1.00
2015.07.16 10:30:14.558,0.62369,0.6239,1.00,1.00
2015.07.16 10:30:14.800,0.62369,0.62392,1.00,1.00
2015.07.16 10:30:15.052,0.62367,0.62391,1.00,1.35
2015.07.16 10:30:15.718,0.62367,0.62393,1.37,1.00
2015.07.16 10:30:15.822,0.62369,0.62393,1.87,1.00
2015.07.16 10:30:15.923,0.62369,0.62395,1.87,1.00
2015.07.16 10:30:16.441,0.62369,0.62394,1.87,1.00
2015.07.16 10:30:16.993,0.62369,0.62395,1.87,1.12
2015.07.16 10:30:18.312,0.6237,0.62393,1.12,1.00
2015.07.16 10:30:18.693,0.62368,0.62391,1.37,1.00
2015.07.16 10:30:19.197,0.62367,0.62392,1.37,1.00
2015.07.16 10:30:20.082,0.62367,0.62391,1.37,1.00
2015.07.16 10:30:20.251,0.62367,0.62391,1.12,1.00
2015.07.16 10:30:21.399,0.62367,0.62392,1.12,1.00
2015.07.16 10:30:23.308,0.62367,0.62391,1.00,1.00
2015.07.16 10:30:23.409,0.62367,0.62389,1.00,1.00
2015.07.16 10:30:23.931,0.62367,0.6239,1.12,1.00
2015.07.16 10:30:24.458,0.62367,0.62391,1.12,1.00
2015.07.16 10:30:25.857,0.62367,0.62392,1.00,1.00
2015.07.16 10:30:27.609,0.62367,0.62391,1.00,1.00
2015.07.16 10:30:28.067,0.62363,0.6239,1.00,1.37
2015.07.16 10:30:28.218,0.62359,0.62385,2.25,1.37
2015.07.16 10:30:28.268,0.62359,0.62385,1.50,1.37
2015.07.16 10:30:29.479,0.62359,0.62383,1.00,1.00
2015.07.16 10:30:29.870,0.62359,0.62384,1.00,1.00
2015.07.16 10:30:30.282,0.62359,0.62386,1.00,1.00
2015.07.16 10:30:31.763,0.62359,0.62384,1.00,1.12
2015.07.16 10:30:32.840,0.62359,0.62386,1.00,1.12
2015.07.16 10:30:37.418,0.62363,0.62388,1.12,1.00
2015.07.16 10:30:37.989,0.62363,0.62387,1.12,1.00
2015.07.16 10:30:38.342,0.62363,0.62389,1.12,1.12
2015.07.16 10:30:38.877,0.62365,0.6239,1.00,1.12
2015.07.16 10:30:39.439,0.62365,0.62389,1.00,1.00
2015.07.16 10:30:40.019,0.62365,0.62388,1.00,1.00
2015.07.16 10:30:40.346,0.62365,0.6239,1.00,1.12
2015.07.16 10:30:40.547,0.62364,0.62388,1.00,1.00
2015.07.16 10:30:41.200,0.62367,0.62391,1.12,1.00
2015.07.16 10:30:41.553,0.62367,0.62394,1.00,1.12
2015.07.16 10:30:42.011,0.62367,0.62392,1.37,1.00
2015.07.16 10:30:42.112,0.62367,0.62394,1.37,1.00
2015.07.16 10:30:42.656,0.62369,0.62395,1.12,1.00
2015.07.16 10:30:43.159,0.6237,0.62394,1.12,1.00
2015.07.16 10:30:43.710,0.62369,0.62394,1.00,1.00
2015.07.16 10:30:45.850,0.62369,0.62392,1.00,1.00
2015.07.16 10:30:46.397,0.62369,0.62391,1.00,1.12
2015.07.16 10:30:49.249,0.62369,0.6239,1.00,1.00
2015.07.16 10:30:50.124,0.62369,0.62391,1.00,1.00
2015.07.16 10:30:53.336,0.62369,0.62392,1.12,1.12
2015.07.16 10:30:53.537,0.62369,0.62394,1.12,1.12
2015.07.16 10:30:54.172,0.62369,0.62393,1.12,1.00
2015.07.16 10:30:55.736,0.62369,0.62392,1.12,1.00
2015.07.16 10:31:00.156,0.62369,0.62391,1.12,1.00
2015.07.16 10:31:00.492,0.62369,0.62393,1.37,1.00
2015.07.16 10:31:01.033,0.62369,0.62394,1.37,1.12
2015.07.16 10:31:03.562,0.62369,0.62394,1.00,1.12
2015.07.16 10:31:03.663,0.62368,0.62391,1.00,1.37
2015.07.16 10:31:03.713,0.62365,0.62391,1.12,1.97
2015.07.16 10:31:03.864,0.62361,0.62389,2.47,1.37
2015.07.16 10:31:04.373,0.62362,0.62388,1.00,1.12
2015.07.16 10:31:05.398,0.62361,0.62389,2.47,1.37
2015.07.16 10:31:06.291,0.62362,0.6239,1.00,1.37
2015.07.16 10:31:11.166,0.62362,0.62388,1.00,1.37
2015.07.16 10:31:11.611,0.62361,0.62384,1.00,1.37
2015.07.16 10:31:11.662,0.62359,0.62384,1.00,1.37
2015.07.16 10:31:11.967,0.62357,0.62384,1.12,1.37
2015.07.16 10:31:12.017,0.62357,0.62383,1.00,1.37
2015.07.16 10:31:22.088,0.62357,0.62383,1.00,2.10
2015.07.16 10:31:22.138,0.62355,0.62383,1.00,2.10
2015.07.16 10:31:22.189,0.62355,0.62383,1.00,2.10
2015.07.16 10:31:22.240,0.62352,0.6238,1.00,1.75
2015.07.16 10:31:22.391,0.62349,0.62376,1.00,1.37
2015.07.16 10:31:22.542,0.6235,0.62374,1.00,1.60
2015.07.16 10:31:22.643,0.62348,0.62375,1.12,1.97
2015.07.16 10:31:22.926,0.62347,0.6237,1.00,1.00
2015.07.16 10:31:23.027,0.62347,0.62372,1.00,1.00
2015.07.16 10:31:23.529,0.62347,0.62372,1.00,1.72
2015.07.16 10:31:23.630,0.62345,0.6237,1.12,1.00
2015.07.16 10:31:24.137,0.62345,0.62369,1.12,1.00
2015.07.16 10:31:25.555,0.62345,0.62371,1.00,1.72
2015.07.16 10:31:27.298,0.62345,0.62369,1.00,1.00
2015.07.16 10:31:29.035,0.62347,0.62369,1.00,1.00
2015.07.16 10:31:29.186,0.62344,0.62367,1.87,1.00
2015.07.16 10:31:29.466,0.62344,0.62367,1.87,1.00
2015.07.16 10:31:29.516,0.62344,0.62369,1.87,1.12
2015.07.16 10:31:29.867,0.62344,0.62369,1.87,1.00
2015.07.16 10:31:30.234,0.62344,0.62369,1.87,1.37
2015.07.16 10:31:31.671,0.62344,0.62369,1.37,1.37
2015.07.16 10:31:32.447,0.62345,0.62369,1.00,1.12
2015.07.16 10:31:33.003,0.62345,0.62368,1.00,1.00
2015.07.16 10:31:33.998,0.62345,0.62369,1.00,1.12
2015.07.16 10:31:39.420,0.62345,0.62368,1.00,1.00
2015.07.16 10:31:40.817,0.62345,0.62369,1.87,1.00
2015.07.16 10:31:41.370,0.62345,0.62368,1.87,1.00
2015.07.16 10:31:44.220,0.62345,0.62369,1.87,1.00
2015.07.16 10:31:44.739,0.62345,0.6237,1.12,1.00
2015.07.16 10:31:45.439,0.62345,0.62373,1.87,1.37
2015.07.16 10:31:45.788,0.62349,0.62375,1.00,1.12
2015.07.16 10:31:46.317,0.62349,0.62377,2.62,1.12
2015.07.16 10:31:46.519,0.62352,0.62377,1.00,1.12
2015.07.16 10:31:47.238,0.62354,0.62377,1.00,1.00
2015.07.16 10:31:47.608,0.62351,0.62376,1.00,1.37
2015.07.16 10:31:48.158,0.6235,0.62374,1.00,1.12
2015.07.16 10:31:49.862,0.6235,0.62373,1.00,1.00
2015.07.16 10:31:50.413,0.6235,0.62375,1.50,1.12
2015.07.16 10:31:50.950,0.62351,0.62374,1.00,1.00
2015.07.16 10:31:59.986,0.62351,0.62375,1.00,1.12
2015.07.16 10:32:00.487,0.62351,0.62374,1.00,1.00
2015.07.16 10:32:01.178,0.62351,0.62375,1.00,1.12
2015.07.16 10:32:01.740,0.62351,0.62375,1.00,1.37
2015.07.16 10:32:01.892,0.62353,0.62374,1.00,1.00
2015.07.16 10:32:01.992,0.62354,0.62376,1.00,1.00
2015.07.16 10:32:02.299,0.62353,0.62374,1.00,1.00
2015.07.16 10:32:02.743,0.62353,0.62376,1.00,1.00
2015.07.16 10:32:04.146,0.62353,0.62377,1.00,1.00
2015.07.16 10:32:05.248,0.62353,0.62376,1.00,1.00
2015.07.16 10:32:05.298,0.62355,0.62376,1.00,1.00
2015.07.16 10:32:05.928,0.62355,0.62375,1.00,1.00
2015.07.16 10:32:06.029,0.62356,0.62377,1.00,1.00
2015.07.16 10:32:06.601,0.62356,0.62378,1.00,1.00
2015.07.16 10:32:07.103,0.62356,0.62379,1.00,1.12
2015.07.16 10:32:07.454,0.62356,0.62377,1.00,1.00
2015.07.16 10:32:07.860,0.62357,0.62379,1.00,1.00
2015.07.16 10:32:09.660,0.62357,0.6238,1.00,1.00
2015.07.16 10:32:10.406,0.62357,0.62379,1.00,1.00
2015.07.16 10:32:11.506,0.62357,0.6238,1.00,1.00
2015.07.16 10:32:11.658,0.62358,0.62382,1.00,1.00
2015.07.16 10:32:12.199,0.62358,0.62383,1.00,1.12
2015.07.16 10:32:12.300,0.62358,0.62381,1.00,1.00
2015.07.16 10:32:13.818,0.62358,0.62381,1.00,1.37
2015.07.16 10:32:14.359,0.62358,0.62379,1.00,1.00
2015.07.16 10:32:14.922,0.62358,0.62378,1.00,1.00
2015.07.16 10:32:15.126,0.62356,0.62378,1.00,1.00
2015.07.16 10:32:16.171,0.62356,0.62379,1.00,1.00
2015.07.16 10:32:16.775,0.62355,0.62379,1.00,1.00
2015.07.16 10:32:18.080,0.62355,0.62379,1.00,1.37
2015.07.16 10:32:18.632,0.62354,0.62377,1.00,1.00
2015.07.16 10:32:18.783,0.62354,0.62375,1.00,1.00
2015.07.16 10:32:18.833,0.62351,0.62375,1.00,1.00
2015.07.16 10:32:19.334,0.62351,0.62374,1.00,1.00
2015.07.16 10:32:19.692,0.62351,0.62378,1.87,1.00
2015.07.16 10:32:19.747,0.62355,0.62378,1.00,1.00
2015.07.16 10:32:22.448,0.62355,0.62379,1.00,1.00
2015.07.16 10:32:22.750,0.62358,0.62381,1.00,1.00
2015.07.16 10:32:23.211,0.62356,0.6238,1.00,1.00
2015.07.16 10:32:23.719,0.62356,0.62379,1.00,1.00
2015.07.16 10:32:24.277,0.62356,0.6238,1.00,1.00
2015.07.16 10:32:25.709,0.62356,0.62379,1.00,1.00
2015.07.16 10:32:26.211,0.62356,0.6238,1.00,1.00
2015.07.16 10:32:26.504,0.62355,0.62378,1.00,1.00
2015.07.16 10:32:27.026,0.62355,0.62377,1.50,1.00
2015.07.16 10:32:28.059,0.62355,0.62379,1.00,1.12
2015.07.16 10:32:28.567,0.62355,0.62378,1.00,1.00
2015.07.16 10:32:29.078,0.62355,0.62377,1.00,1.00
2015.07.16 10:32:29.661,0.62355,0.62378,1.00,1.00
2015.07.16 10:32:30.436,0.62355,0.62379,1.00,1.00
2015.07.16 10:32:31.027,0.62355,0.62378,1.00,1.00
2015.07.16 10:32:31.614,0.62355,0.62379,1.00,1.00
2015.07.16 10:32:32.297,0.62354,0.62378,1.00,1.00
2015.07.16 10:32:32.348,0.62354,0.62376,1.00,1.00
2015.07.16 10:32:32.801,0.62351,0.62375,1.50,1.00
2015.07.16 10:32:34.527,0.62351,0.62376,1.00,1.00
2015.07.16 10:32:35.166,0.62351,0.62375,1.00,1.00
2015.07.16 10:32:35.547,0.62353,0.62375,1.00,1.00
2015.07.16 10:32:36.083,0.62354,0.62376,1.50,1.00
2015.07.16 10:32:37.586,0.62354,0.62375,1.50,1.00
2015.07.16 10:32:38.324,0.62354,0.62376,1.50,1.00
2015.07.16 10:32:41.546,0.62354,0.62375,1.50,1.00
2015.07.16 10:32:44.736,0.62354,0.62376,1.00,1.00
2015.07.16 10:32:45.836,0.62354,0.62375,1.00,1.00
2015.07.16 10:32:49.646,0.62353,0.62375,1.00,1.00
2015.07.16 10:32:50.673,0.62351,0.62375,1.12,1.00
2015.07.16 10:32:50.918,0.62348,0.62372,1.72,1.00
2015.07.16 10:32:50.969,0.62348,0.62372,1.12,1.00
2015.07.16 10:32:51.576,0.62347,0.6237,1.12,1.00
2015.07.16 10:32:53.473,0.62345,0.62368,1.12,1.00
2015.07.16 10:32:53.677,0.62346,0.6237,1.00,1.00
2015.07.16 10:32:53.778,0.62346,0.62372,1.00,1.12
2015.07.16 10:32:54.207,0.62347,0.62374,1.87,1.12
2015.07.16 10:32:54.578,0.6235,0.62374,1.00,1.00
2015.07.16 10:32:54.679,0.6235,0.62376,1.00,1.12
2015.07.16 10:32:55.200,0.6235,0.62375,1.50,1.00
2015.07.16 10:32:55.738,0.6235,0.62374,1.00,1.00
2015.07.16 10:32:56.322,0.62352,0.62377,1.00,1.00
2015.07.16 10:32:56.422,0.62352,0.62379,1.50,1.12
2015.07.16 10:32:56.886,0.62353,0.62374,1.00,1.00
2015.07.16 10:32:57.418,0.62353,0.62373,1.00,1.00
2015.07.16 10:32:57.596,0.6235,0.62373,1.37,1.00
2015.07.16 10:32:58.228,0.6235,0.62372,1.00,1.00
2015.07.16 10:32:59.059,0.62349,0.62372,1.50,1.00
2015.07.16 10:32:59.594,0.62349,0.62371,1.00,1.00
2015.07.16 10:32:59.845,0.62348,0.62373,1.00,1.12
2015.07.16 10:32:59.946,0.6235,0.62375,1.00,1.00
2015.07.16 10:33:00.289,0.62352,0.62377,1.87,1.00
2015.07.16 10:33:00.455,0.6235,0.62377,1.87,1.00
2015.07.16 10:33:00.959,0.6235,0.62376,1.12,1.00
2015.07.16 10:33:01.238,0.62351,0.62378,1.00,1.12
2015.07.16 10:33:01.289,0.62351,0.62378,1.37,1.00
2015.07.16 10:33:01.592,0.62357,0.6238,1.00,1.12
2015.07.16 10:33:02.141,0.62357,0.62381,1.00,1.00
2015.07.16 10:33:04.657,0.62357,0.62381,1.00,1.37
2015.07.16 10:33:04.758,0.62354,0.6238,1.87,1.12
2015.07.16 10:33:04.909,0.62354,0.62377,1.12,1.00
2015.07.16 10:33:05.161,0.62351,0.62377,1.37,1.00
2015.07.16 10:33:05.312,0.62351,0.62375,1.87,1.00
2015.07.16 10:33:05.692,0.62354,0.62375,1.00,1.00
2015.07.16 10:33:05.793,0.62354,0.62378,1.00,1.00
2015.07.16 10:33:06.329,0.62354,0.62378,1.00,1.37
2015.07.16 10:33:06.957,0.62353,0.62378,1.00,1.00
2015.07.16 10:33:07.859,0.62353,0.62377,1.00,1.00
2015.07.16 10:33:09.476,0.62353,0.62378,1.00,1.12
2015.07.16 10:33:10.104,0.62354,0.62379,1.00,1.37
2015.07.16 10:33:10.306,0.62355,0.6238,1.00,1.00
2015.07.16 10:33:10.457,0.62357,0.62381,1.00,1.00
2015.07.16 10:33:10.991,0.62357,0.62382,1.00,1.12
2015.07.16 10:33:11.501,0.62358,0.62383,1.00,1.00
2015.07.16 10:33:12.008,0.62358,0.62382,1.00,1.00
2015.07.16 10:33:12.540,0.62357,0.62381,1.00,1.00
2015.07.16 10:33:13.158,0.62357,0.6238,1.00,1.00
2015.07.16 10:33:13.575,0.62357,0.62382,1.00,1.00
2015.07.16 10:33:15.197,0.6236,0.62383,1.00,1.00
2015.07.16 10:33:15.570,0.62362,0.62384,1.00,1.00
2015.07.16 10:33:15.672,0.62362,0.62386,1.00,1.00
2015.07.16 10:33:16.636,0.62362,0.62385,1.00,1.00
2015.07.16 10:33:17.977,0.62362,0.62386,1.00,1.00
2015.07.16 10:33:18.672,0.62363,0.62386,1.00,1.00
2015.07.16 10:33:18.773,0.62363,0.62388,1.00,1.00
2015.07.16 10:33:19.116,0.62365,0.62388,1.00,1.00
2015.07.16 10:33:19.655,0.62365,0.62389,1.00,1.00
2015.07.16 10:33:19.966,0.62363,0.62388,1.00,1.00
2015.07.16 10:33:20.485,0.62363,0.62387,1.00,1.12
2015.07.16 10:33:20.794,0.62365,0.62387,1.00,1.00
2015.07.16 10:33:21.331,0.62365,0.62388,1.00,1.00
2015.07.16 10:33:22.182,0.62365,0.62389,1.00,1.00
2015.07.16 10:33:22.283,0.62363,0.62388,1.00,1.00
2015.07.16 10:33:22.901,0.62364,0.62388,1.00,1.00
2015.07.16 10:33:23.436,0.62364,0.62389,1.00,1.00
2015.07.16 10:33:24.108,0.62364,0.62388,1.50,1.00
2015.07.16 10:33:24.696,0.62364,0.6239,1.00,1.00
2015.07.16 10:33:27.735,0.62366,0.6239,1.00,1.00
2015.07.16 10:33:28.248,0.62366,0.62389,1.00,1.00
2015.07.16 10:33:30.202,0.62366,0.6239,1.00,1.00
2015.07.16 10:33:30.603,0.62364,0.62389,1.12,1.00
2015.07.16 10:33:31.425,0.62364,0.6239,1.12,1.00
2015.07.16 10:33:37.579,0.62364,0.62389,1.87,1.00
2015.07.16 10:33:38.382,0.62364,0.62389,1.50,1.60
2015.07.16 10:33:38.634,0.62362,0.62386,1.00,1.00
2015.07.16 10:33:38.684,0.62362,0.62384,1.00,1.00
2015.07.16 10:33:38.785,0.62362,0.62388,1.12,1.00
2015.07.16 10:33:39.508,0.62363,0.62388,1.50,1.00
2015.07.16 10:33:40.649,0.62361,0.62388,1.87,1.00
2015.07.16 10:33:41.252,0.62363,0.62387,1.00,1.00
2015.07.16 10:33:41.745,0.62362,0.62389,1.37,1.00
2015.07.16 10:33:43.565,0.62362,0.62389,1.00,1.35
2015.07.16 10:33:43.615,0.62362,0.62386,1.00,1.00
2015.07.16 10:33:43.766,0.6236,0.62386,1.12,1.87
2015.07.16 10:33:43.918,0.6236,0.62387,1.12,1.12
2015.07.16 10:33:43.968,0.62361,0.62387,1.37,1.12
2015.07.16 10:33:44.069,0.62362,0.62389,1.12,1.12
2015.07.16 10:33:44.758,0.62362,0.62389,1.37,1.37
2015.07.16 10:33:45.292,0.62365,0.6239,1.00,1.37
2015.07.16 10:33:46.250,0.62365,0.62389,1.50,1.00
2015.07.16 10:33:47.899,0.62365,0.62391,1.00,1.37
2015.07.16 10:33:49.616,0.62364,0.62391,1.12,1.12
2015.07.16 10:33:50.032,0.62363,0.62386,1.00,1.00
2015.07.16 10:33:50.694,0.62361,0.62385,1.37,1.00
2015.07.16 10:33:51.209,0.62361,0.62385,1.37,1.00
2015.07.16 10:33:51.693,0.62361,0.62384,1.00,1.37
2015.07.16 10:33:51.844,0.62356,0.6238,1.00,1.37
2015.07.16 10:33:51.996,0.62356,0.62381,1.50,1.37
2015.07.16 10:33:52.197,0.62354,0.62379,1.12,1.37
2015.07.16 10:33:52.597,0.62354,0.62379,1.12,1.12
2015.07.16 10:33:52.798,0.62354,0.62379,1.00,1.12
2015.07.16 10:33:53.143,0.62354,0.62381,1.12,1.12
2015.07.16 10:33:53.425,0.62354,0.6238,1.37,1.37
2015.07.16 10:33:53.965,0.62354,0.6238,1.12,1.12
2015.07.16 10:33:54.234,0.62355,0.62382,1.12,1.00
2015.07.16 10:33:54.855,0.62355,0.62382,2.12,1.37
2015.07.16 10:33:56.014,0.62357,0.62382,1.00,1.12
2015.07.16 10:33:56.524,0.62357,0.62381,1.00,1.35
2015.07.16 10:33:57.884,0.62357,0.6238,1.12,1.00
2015.07.16 10:33:58.425,0.62358,0.62381,1.00,1.35
2015.07.16 10:33:59.644,0.62358,0.62383,1.00,1.00
2015.07.16 10:33:59.946,0.6236,0.62384,1.00,1.00
2015.07.16 10:34:00.465,0.6236,0.62385,1.00,1.00
2015.07.16 10:34:01.032,0.6236,0.62386,1.12,1.00
2015.07.16 10:34:01.594,0.62361,0.62386,1.00,1.00
2015.07.16 10:34:02.134,0.62361,0.62385,1.50,1.00
2015.07.16 10:34:02.635,0.62362,0.62386,1.00,1.00
2015.07.16 10:34:03.134,0.62359,0.62385,1.37,1.00
2015.07.16 10:34:03.287,0.62362,0.62384,1.00,1.00
2015.07.16 10:34:03.825,0.62362,0.62385,1.00,1.00
2015.07.16 10:34:04.424,0.62362,0.62386,1.00,1.00
2015.07.16 10:34:10.080,0.62364,0.62386,1.00,1.00
2015.07.16 10:34:10.697,0.62364,0.62387,1.00,1.00
2015.07.16 10:34:11.305,0.62364,0.62388,1.00,1.00
2015.07.16 10:34:11.964,0.62364,0.62387,1.00,1.00
2015.07.16 10:34:14.169,0.62363,0.62387,1.00,1.00
2015.07.16 10:34:14.830,0.62363,0.62388,1.00,1.12
2015.07.16 10:34:15.364,0.62364,0.62388,1.00,1.00
2015.07.16 10:34:16.186,0.62364,0.62387,1.00,1.00
2015.07.16 10:34:16.488,0.62361,0.62385,1.12,1.00
2015.07.16 10:34:16.639,0.62364,0.62385,1.00,1.00
2015.07.16 10:34:16.907,0.62362,0.62386,1.00,1.30
2015.07.16 10:34:17.420,0.62362,0.62385,1.00,1.12
2015.07.16 10:34:18.473,0.62362,0.62385,1.00,1.00
2015.07.16 10:34:18.974,0.62362,0.62386,1.00,1.72
2015.07.16 10:34:21.828,0.62362,0.62385,1.00,1.00
2015.07.16 10:34:23.734,0.62362,0.62386,1.00,1.72
2015.07.16 10:34:25.622,0.62362,0.62385,1.00,1.00
2015.07.16 10:34:27.500,0.62362,0.62386,1.00,1.35
2015.07.16 10:34:28.376,0.62362,0.62387,1.00,1.12
2015.07.16 10:34:28.426,0.62365,0.62387,1.00,1.00
2015.07.16 10:34:28.477,0.62367,0.6239,1.00,1.00
2015.07.16 10:34:28.705,0.62368,0.62393,1.00,1.72
2015.07.16 10:34:29.221,0.62368,0.62393,1.00,1.12
2015.07.16 10:34:30.575,0.62368,0.62392,1.00,1.00
2015.07.16 10:34:31.125,0.62368,0.62393,1.00,1.12
2015.07.16 10:34:31.878,0.62368,0.62392,1.00,1.00
2015.07.16 10:34:35.834,0.62368,0.62394,1.00,1.37
2015.07.16 10:34:44.340,0.62369,0.62394,1.00,1.37
2015.07.16 10:34:45.006,0.62368,0.62394,1.50,1.37
2015.07.16 10:34:45.713,0.62369,0.62395,1.00,1.37
2015.07.16 10:34:46.263,0.62368,0.62394,1.00,1.12
2015.07.16 10:34:47.229,0.62369,0.62396,1.00,1.37
2015.07.16 10:34:47.841,0.6237,0.62395,1.00,1.12
2015.07.16 10:34:48.525,0.6237,0.62394,1.00,1.00
2015.07.16 10:34:49.822,0.62368,0.62394,1.87,1.00
2015.07.16 10:34:50.394,0.62369,0.62396,1.12,1.12
2015.07.16 10:34:52.526,0.62369,0.62395,1.12,1.00
2015.07.16 10:34:54.358,0.62369,0.62396,1.12,1.12
2015.07.16 10:34:54.881,0.62368,0.62395,1.87,1.12
2015.07.16 10:34:55.403,0.62368,0.62395,1.50,1.37
2015.07.16 10:34:55.983,0.62367,0.62393,1.87,1.00
2015.07.16 10:34:56.134,0.62369,0.62393,1.00,1.00
2015.07.16 10:34:56.586,0.62367,0.62392,1.00,1.00
2015.07.16 10:34:57.212,0.62366,0.62392,1.00,1.00
2015.07.16 10:34:57.363,0.62366,0.6239,1.00,1.00
2015.07.16 10:34:57.953,0.62366,0.6239,1.00,1.37
2015.07.16 10:34:58.104,0.62363,0.62388,1.50,1.37
2015.07.16 10:34:58.312,0.62361,0.62387,1.12,1.12
2015.07.16 10:34:58.864,0.62361,0.62387,1.00,1.37
2015.07.16 10:34:59.161,0.62361,0.62387,1.00,1.72
2015.07.16 10:34:59.211,0.62359,0.62385,1.12,1.37
2015.07.16 10:34:59.778,0.62358,0.62383,1.50,1.00
2015.07.16 10:35:03.068,0.62357,0.62381,1.00,1.00
2015.07.16 10:35:03.320,0.62355,0.6238,1.87,1.12
2015.07.16 10:35:03.420,0.62355,0.6238,1.00,1.37
2015.07.16 10:35:03.920,0.62355,0.6238,1.00,1.12
2015.07.16 10:35:04.448,0.62356,0.62381,1.12,1.12
2015.07.16 10:35:05.468,0.62355,0.62381,1.00,1.12
2015.07.16 10:35:05.569,0.62358,0.62381,1.00,1.00
2015.07.16 10:35:05.895,0.62358,0.62383,1.00,1.12
2015.07.16 10:35:06.387,0.62358,0.62381,1.00,1.00
2015.07.16 10:35:06.907,0.62359,0.62385,2.25,1.37
2015.07.16 10:35:06.958,0.62359,0.62385,2.25,1.37
2015.07.16 10:35:07.234,0.62359,0.62385,2.25,1.37
2015.07.16 10:35:07.770,0.62359,0.62384,1.00,1.37
2015.07.16 10:35:10.018,0.62359,0.62384,1.00,1.37
2015.07.16 10:35:10.907,0.62358,0.62384,1.00,1.37
2015.07.16 10:35:11.210,0.62359,0.62386,1.00,1.37
2015.07.16 10:35:11.829,0.6236,0.62386,1.00,1.12
2015.07.16 10:35:12.132,0.6236,0.62386,1.50,1.37
2015.07.16 10:35:12.799,0.62361,0.62387,1.50,1.37
2015.07.16 10:35:13.334,0.62362,0.62387,1.00,1.37
2015.07.16 10:35:14.386,0.62361,0.62387,1.00,1.37
2015.07.16 10:35:15.158,0.62361,0.62387,1.00,1.37
2015.07.16 10:35:16.307,0.62361,0.62387,1.00,1.37
2015.07.16 10:35:21.305,0.62361,0.62386,1.50,1.12
2015.07.16 10:35:22.408,0.62362,0.62387,1.00,1.37
2015.07.16 10:35:23.422,0.62361,0.62388,1.50,1.37
2015.07.16 10:35:23.962,0.62362,0.62387,1.00,1.12
2015.07.16 10:35:27.357,0.62361,0.62388,1.50,1.37
2015.07.16 10:35:27.870,0.62361,0.62386,1.50,1.00
2015.07.16 10:35:28.414,0.62361,0.62388,1.50,1.37
2015.07.16 10:35:30.114,0.62362,0.62387,1.00,1.37
2015.07.16 10:35:38.581,0.62362,0.62387,1.00,1.37
2015.07.16 10:35:38.733,0.62359,0.62384,1.00,1.37
2015.07.16 10:35:39.309,0.62358,0.62382,1.00,1.00
2015.07.16 10:35:39.561,0.62356,0.62383,1.00,1.37
2015.07.16 10:35:39.712,0.62355,0.62382,1.50,1.37
2015.07.16 10:35:40.038,0.62355,0.62379,1.00,1.37
2015.07.16 10:35:41.495,0.62355,0.6238,1.00,1.00
2015.07.16 10:35:42.343,0.62354,0.6238,1.00,1.12
2015.07.16 10:35:42.444,0.62353,0.62378,1.00,1.12
2015.07.16 10:35:45.493,0.62354,0.62379,1.00,1.37
2015.07.16 10:35:46.012,0.62354,0.62379,1.00,1.00
2015.07.16 10:35:46.326,0.62356,0.62382,1.00,1.37
2015.07.16 10:35:47.926,0.62356,0.6238,1.00,1.00
2015.07.16 10:35:48.440,0.62355,0.6238,1.00,1.00
2015.07.16 10:35:49.136,0.62355,0.62381,1.00,1.12
2015.07.16 10:35:50.145,0.62355,0.62382,1.87,1.12
2015.07.16 10:35:51.926,0.62357,0.62382,1.00,1.12
2015.07.16 10:35:52.159,0.62357,0.62384,1.87,1.12
2015.07.16 10:35:52.260,0.62359,0.62383,1.00,1.00
2015.07.16 10:35:52.562,0.62361,0.62386,1.00,1.12
2015.07.16 10:35:53.085,0.62361,0.62387,1.00,1.00
2015.07.16 10:35:53.246,0.62363,0.62387,1.00,1.00
2015.07.16 10:35:53.447,0.62363,0.6239,1.50,1.12
2015.07.16 10:35:53.497,0.62365,0.6239,1.00,1.12
2015.07.16 10:35:58.674,0.62365,0.62392,1.00,1.37
2015.07.16 10:35:58.977,0.62363,0.62387,1.12,1.00
2015.07.16 10:35:59.198,0.62363,0.62389,1.12,1.00
2015.07.16 10:35:59.726,0.62364,0.6239,1.00,1.00
2015.07.16 10:36:02.024,0.62364,0.62388,1.00,1.00
2015.07.16 10:36:02.400,0.62361,0.62384,1.00,1.00
2015.07.16 10:36:02.502,0.62359,0.62383,1.50,1.12
2015.07.16 10:36:02.923,0.62361,0.62384,1.00,1.00
2015.07.16 10:36:03.027,0.62361,0.62386,1.00,1.12
2015.07.16 10:36:03.501,0.62362,0.62386,1.00,1.37
2015.07.16 10:36:03.551,0.6236,0.62384,1.00,1.12
2015.07.16 10:36:04.058,0.6236,0.62384,1.00,1.37
2015.07.16 10:36:04.655,0.6236,0.62384,1.00,1.00
2015.07.16 10:36:05.184,0.62359,0.62383,1.12,1.00
2015.07.16 10:36:05.434,0.62359,0.62381,1.00,1.00
2015.07.16 10:36:05.484,0.62357,0.62381,1.50,1.00
2015.07.16 10:36:05.585,0.62359,0.62381,1.00,1.00
2015.07.16 10:36:05.636,0.62359,0.62383,1.00,1.00
2015.07.16 10:36:06.172,0.6236,0.62383,1.00,1.00
2015.07.16 10:36:06.687,0.62358,0.62384,1.37,1.37
2015.07.16 10:36:07.207,0.62358,0.62384,1.37,1.37
2015.07.16 10:36:07.946,0.62358,0.62384,1.37,1.12
2015.07.16 10:36:08.191,0.62358,0.62384,1.37,1.12
2015.07.16 10:36:08.720,0.62358,0.62383,1.87,1.00
2015.07.16 10:36:09.292,0.6236,0.62383,1.00,1.00
2015.07.16 10:36:13.330,0.62359,0.62384,1.50,1.37
2015.07.16 10:36:16.438,0.62359,0.62384,1.00,1.37
2015.07.16 10:36:17.052,0.6236,0.62385,1.50,1.37
2015.07.16 10:36:17.262,0.6236,0.62385,1.50,1.37
2015.07.16 10:36:17.915,0.62359,0.62382,1.00,1.12
2015.07.16 10:36:18.435,0.6236,0.62384,1.00,1.37
2015.07.16 10:36:19.268,0.62359,0.62384,2.47,1.12
2015.07.16 10:36:19.596,0.62363,0.62385,2.47,1.00
2015.07.16 10:36:19.853,0.62364,0.62389,3.22,1.37
2015.07.16 10:36:20.070,0.62365,0.62391,3.22,1.12
2015.07.16 10:36:20.573,0.62368,0.62392,1.00,1.12
2015.07.16 10:36:25.295,0.62368,0.62392,1.00,1.37
2015.07.16 10:36:25.396,0.62367,0.62392,1.00,1.37
2015.07.16 10:36:25.597,0.62364,0.62389,1.00,1.37
2015.07.16 10:36:26.160,0.62364,0.62387,1.50,1.00
2015.07.16 10:36:26.854,0.62364,0.62388,1.50,1.12
2015.07.16 10:36:27.218,0.62364,0.62389,1.87,1.37
2015.07.16 10:36:27.532,0.62365,0.6239,1.50,1.37
2015.07.16 10:36:28.058,0.62366,0.6239,1.00,1.37
2015.07.16 10:36:28.692,0.62366,0.6239,1.60,1.37
2015.07.16 10:36:33.050,0.62365,0.62392,2.47,1.37
2015.07.16 10:36:34.491,0.62364,0.62388,1.00,1.37
2015.07.16 10:36:34.947,0.62363,0.62389,1.50,1.37
2015.07.16 10:36:34.998,0.62366,0.62389,1.00,1.37
2015.07.16 10:36:35.149,0.62366,0.6239,1.00,1.12
2015.07.16 10:36:43.864,0.62366,0.6239,1.00,1.37
2015.07.16 10:36:44.296,0.62366,0.62391,1.00,1.37
2015.07.16 10:36:44.805,0.62367,0.62391,1.00,1.12
2015.07.16 10:36:45.989,0.62368,0.62391,1.00,1.00
2015.07.16 10:36:46.734,0.62368,0.62392,1.00,1.12
2015.07.16 10:36:48.276,0.62368,0.62392,1.00,1.37
2015.07.16 10:36:48.811,0.62367,0.62391,1.00,1.12
2015.07.16 10:36:49.186,0.6237,0.62393,1.00,1.00
2015.07.16 10:36:49.438,0.6237,0.62396,1.00,1.37
2015.07.16 10:36:49.489,0.62369,0.62396,1.00,1.37
2015.07.16 10:36:49.690,0.6237,0.62394,1.00,1.12
2015.07.16 10:36:51.292,0.6237,0.62395,1.00,1.12
2015.07.16 10:36:53.304,0.6237,0.62395,1.50,1.37
2015.07.16 10:36:53.894,0.6237,0.62395,1.50,1.37
2015.07.16 10:36:54.450,0.6237,0.62396,1.00,1.37
2015.07.16 10:36:54.951,0.6237,0.62396,1.12,1.12
2015.07.16 10:36:55.465,0.6237,0.62395,1.50,1.00
2015.07.16 10:36:56.763,0.6237,0.62394,1.00,1.12
2015.07.16 10:36:57.087,0.62368,0.62392,1.37,1.00
2015.07.16 10:36:57.339,0.62369,0.62395,1.37,1.00
2015.07.16 10:36:57.860,0.62369,0.62394,1.37,1.00
2015.07.16 10:36:58.629,0.62369,0.62394,1.12,1.00
2015.07.16 10:36:59.315,0.62369,0.62392,1.12,1.00
2015.07.16 10:36:59.713,0.6237,0.62394,1.72,1.00
2015.07.16 10:37:00.215,0.6237,0.62394,2.47,1.00
2015.07.16 10:37:00.465,0.62373,0.62396,1.00,1.00
2015.07.16 10:37:00.516,0.62373,0.62396,1.37,1.00
2015.07.16 10:37:00.566,0.62373,0.62398,1.37,1.00
2015.07.16 10:37:01.083,0.62374,0.62397,1.37,1.00
2015.07.16 10:37:05.730,0.62374,0.62399,1.37,1.00
2015.07.16 10:37:06.132,0.62374,0.62399,1.37,1.00
2015.07.16 10:37:06.647,0.62379,0.624,1.00,1.00
2015.07.16 10:37:07.270,0.62379,0.62401,1.00,1.00
2015.07.16 10:37:08.565,0.62379,0.624,1.00,1.00
2015.07.16 10:37:10.062,0.62379,0.62399,1.00,1.00
2015.07.16 10:37:10.908,0.62376,0.62397,1.00,1.00
2015.07.16 10:37:11.720,0.62376,0.62397,1.37,1.00
2015.07.16 10:37:14.626,0.62376,0.62398,1.37,1.00
2015.07.16 10:37:15.177,0.62374,0.62398,1.37,1.00
2015.07.16 10:37:15.355,0.62374,0.62398,1.12,1.00
2015.07.16 10:37:15.576,0.62374,0.62396,1.12,1.00
2015.07.16 10:37:15.778,0.62375,0.62398,1.12,1.00
2015.07.16 10:37:16.258,0.62376,0.62399,1.37,1.00
2015.07.16 10:37:16.408,0.62375,0.62401,1.87,1.00
2015.07.16 10:37:16.981,0.62379,0.62403,1.00,1.37
2015.07.16 10:37:17.182,0.6238,0.62404,1.00,1.12
2015.07.16 10:37:18.163,0.6238,0.62404,1.00,1.37
2015.07.16 10:37:18.264,0.62377,0.62402,1.00,1.37
2015.07.16 10:37:18.816,0.62376,0.62401,1.87,1.37
2015.07.16 10:37:18.917,0.62378,0.62401,1.00,1.12
2015.07.16 10:37:20.870,0.62377,0.62401,1.00,1.37
2015.07.16 10:37:21.173,0.62377,0.62401,1.00,1.12
2015.07.16 10:37:21.815,0.62377,0.624,1.50,1.00
2015.07.16 10:37:22.415,0.62377,0.62402,1.50,1.12
2015.07.16 10:37:22.617,0.62376,0.62401,1.00,1.37
2015.07.16 10:37:22.919,0.62374,0.62398,1.60,1.00
2015.07.16 10:37:22.969,0.62373,0.62397,1.00,1.00
2015.07.16 10:37:23.505,0.62373,0.62398,1.50,1.00
2015.07.16 10:37:24.143,0.62374,0.62398,1.00,1.00
2015.07.16 10:37:24.696,0.62375,0.62398,1.00,1.00
2015.07.16 10:37:25.234,0.62374,0.62398,1.00,1.00
2015.07.16 10:37:25.952,0.62374,0.62399,1.87,1.12
2015.07.16 10:37:26.388,0.62373,0.62399,1.50,1.12
2015.07.16 10:37:26.489,0.62373,0.62396,1.50,1.00
2015.07.16 10:37:27.033,0.62373,0.62397,1.00,1.00
2015.07.16 10:37:27.541,0.62373,0.62398,1.87,1.12
2015.07.16 10:37:28.067,0.62375,0.62399,1.00,1.37
2015.07.16 10:37:28.731,0.62375,0.62399,1.00,1.00
2015.07.16 10:37:29.684,0.62376,0.62399,1.00,1.00
2015.07.16 10:37:30.003,0.62377,0.62401,1.72,1.00
2015.07.16 10:37:30.448,0.62377,0.62399,1.35,1.00
2015.07.16 10:37:30.664,0.62377,0.62401,1.35,1.00
2015.07.16 10:37:31.184,0.62377,0.62402,1.35,1.00
2015.07.16 10:37:33.404,0.62379,0.62402,1.00,1.00
2015.07.16 10:37:34.077,0.6238,0.62401,1.00,1.00
2015.07.16 10:37:34.608,0.62379,0.62401,1.00,1.00
2015.07.16 10:37:34.658,0.62379,0.62403,1.50,1.00
2015.07.16 10:37:36.407,0.62379,0.62404,1.50,1.00
2015.07.16 10:37:36.991,0.6238,0.62404,1.00,1.12
2015.07.16 10:37:44.964,0.6238,0.62403,1.12,1.00
2015.07.16 10:37:48.639,0.6238,0.62405,1.12,1.12
2015.07.16 10:37:49.936,0.6238,0.62403,1.00,1.00
2015.07.16 10:37:50.607,0.62381,0.62404,1.00,1.00
2015.07.16 10:37:51.349,0.6238,0.62404,1.00,1.00
2015.07.16 10:37:51.894,0.62378,0.62403,1.87,1.00
2015.07.16 10:37:52.399,0.62378,0.62403,1.87,1.00
2015.07.16 10:37:53.925,0.62378,0.62403,1.87,1.00
2015.07.16 10:37:54.568,0.62379,0.62402,1.00,1.00
2015.07.16 10:37:55.207,0.62378,0.62403,1.37,1.00
2015.07.16 10:37:55.508,0.62378,0.62403,1.12,1.00
2015.07.16 10:37:55.853,0.62378,0.62401,1.87,1.00
2015.07.16 10:37:56.514,0.62378,0.62402,1.12,1.00
2015.07.16 10:37:57.063,0.62379,0.62402,1.00,1.00
2015.07.16 10:37:57.401,0.62378,0.624,1.00,1.00
2015.07.16 10:37:58.869,0.62378,0.62401,1.00,1.00
2015.07.16 10:38:00.835,0.62378,0.624,1.00,1.00
2015.07.16 10:38:01.568,0.62378,0.62401,1.00,1.00
2015.07.16 10:38:02.938,0.62378,0.624,1.00,1.00
2015.07.16 10:38:04.128,0.62378,0.62401,1.00,1.00
2015.07.16 10:38:04.709,0.62378,0.624,1.00,1.00
2015.07.16 10:38:04.767,0.62376,0.62399,1.35,1.00
2015.07.16 10:38:05.379,0.62375,0.62398,1.00,1.00
2015.07.16 10:38:09.569,0.62384,0.62401,2.10,1.00
2015.07.16 10:38:09.720,0.62389,0.62409,1.00,1.12
2015.07.16 10:38:09.871,0.62386,0.62409,1.50,1.00
2015.07.16 10:38:09.972,0.62384,0.62405,1.00,1.37
2015.07.16 10:38:10.374,0.6238,0.62402,1.00,1.00
2015.07.16 10:38:10.475,0.62377,0.62402,1.00,1.00
2015.07.16 10:38:10.755,0.62377,0.624,1.00,1.00
2015.07.16 10:38:11.497,0.62376,0.624,1.50,1.00
2015.07.16 10:38:14.243,0.62376,0.62399,1.00,1.00
2015.07.16 10:38:14.295,0.62374,0.62399,2.85,1.00
2015.07.16 10:38:14.858,0.62374,0.62398,2.10,1.00
2015.07.16 10:38:20.288,0.62375,0.62396,1.00,1.00
2015.07.16 10:38:20.554,0.62375,0.62399,1.12,1.00
2015.07.16 10:38:21.057,0.62375,0.624,1.87,1.00
2015.07.16 10:38:21.594,0.62375,0.62401,1.87,1.00
2015.07.16 10:38:22.143,0.62377,0.624,1.00,1.00
2015.07.16 10:38:22.692,0.62375,0.62401,1.87,1.00
2015.07.16 10:38:24.354,0.62375,0.62401,1.50,1.00
2015.07.16 10:38:24.505,0.62375,0.62399,1.00,1.00
2015.07.16 10:38:25.044,0.62376,0.62401,1.00,1.12
2015.07.16 10:38:25.553,0.62376,0.62402,1.12,1.12
2015.07.16 10:38:26.649,0.62376,0.62402,1.37,1.00
2015.07.16 10:38:27.429,0.62375,0.62401,1.37,1.00
2015.07.16 10:38:27.950,0.62376,0.62402,1.12,1.12
2015.07.16 10:38:28.207,0.62375,0.624,1.37,1.00
2015.07.16 10:38:29.295,0.62375,0.62398,1.37,1.00
2015.07.16 10:38:29.870,0.62374,0.62399,1.72,1.00
2015.07.16 10:38:30.525,0.62375,0.62398,1.87,1.00
2015.07.16 10:38:31.118,0.62375,0.62399,1.12,1.00
2015.07.16 10:38:31.764,0.62375,0.624,1.87,1.00
2015.07.16 10:38:32.516,0.62376,0.62399,1.00,1.00
2015.07.16 10:38:35.262,0.62375,0.624,1.87,1.00
2015.07.16 10:38:36.475,0.62376,0.62401,1.00,1.00
2015.07.16 10:38:36.778,0.62375,0.62399,1.12,1.00
2015.07.16 10:38:38.142,0.62374,0.624,1.72,1.00
2015.07.16 10:38:38.644,0.62375,0.62399,1.12,1.00
2015.07.16 10:38:40.637,0.62374,0.62399,1.72,1.00
2015.07.16 10:38:41.264,0.62374,0.62398,1.30,1.00
2015.07.16 10:38:42.494,0.62375,0.62398,1.00,1.00
2015.07.16 10:38:42.754,0.62375,0.624,1.37,1.00
2015.07.16 10:38:43.120,0.62375,0.624,1.37,1.00
2015.07.16 10:38:44.073,0.62378,0.62401,1.72,1.00
2015.07.16 10:38:44.295,0.62381,0.62405,1.00,1.00
2015.07.16 10:38:44.802,0.62379,0.62405,1.37,1.00
2015.07.16 10:38:44.912,0.62378,0.62403,1.72,1.00
2015.07.16 10:38:45.447,0.62378,0.62404,1.72,1.00
2015.07.16 10:38:45.801,0.6238,0.62405,1.00,1.00
2015.07.16 10:38:46.431,0.62381,0.62404,1.00,1.00
2015.07.16 10:38:46.903,0.62379,0.62404,1.12,1.00
2015.07.16 10:38:47.104,0.62379,0.62404,1.00,1.37
2015.07.16 10:38:47.155,0.62377,0.62401,1.00,1.00
2015.07.16 10:38:47.356,0.62375,0.624,1.00,1.00
2015.07.16 10:38:47.457,0.62375,0.62398,1.00,1.00
2015.07.16 10:38:48.322,0.62374,0.624,1.72,1.00
2015.07.16 10:38:48.857,0.62374,0.62399,1.30,1.00
2015.07.16 10:38:49.178,0.62373,0.62399,1.97,1.00
2015.07.16 10:38:49.681,0.62375,0.62401,1.37,1.00
2015.07.16 10:38:49.832,0.62377,0.62402,1.37,1.00
2015.07.16 10:38:50.362,0.62377,0.62402,1.37,1.00
2015.07.16 10:38:51.053,0.62375,0.62401,1.37,1.00
2015.07.16 10:38:51.834,0.62375,0.62401,1.37,1.00
2015.07.16 10:38:52.135,0.62373,0.62398,1.72,1.00
2015.07.16 10:38:52.468,0.62373,0.62396,1.72,1.00
2015.07.16 10:38:57.390,0.62372,0.62397,1.72,1.00
2015.07.16 10:39:01.951,0.62372,0.62397,1.12,1.00
2015.07.16 10:39:02.102,0.62372,0.62395,1.37,1.00
2015.07.16 10:39:04.176,0.62372,0.62395,1.00,1.00
2015.07.16 10:39:04.760,0.62371,0.62396,1.30,1.00
2015.07.16 10:39:06.653,0.6237,0.62396,1.97,1.00
2015.07.16 10:39:08.707,0.62372,0.62395,1.12,1.00
2015.07.16 10:39:09.036,0.62371,0.62396,1.72,1.00
2015.07.16 10:39:09.461,0.62374,0.62398,1.37,1.00
2015.07.16 10:39:10.563,0.62374,0.62398,1.87,1.00
2015.07.16 10:39:11.640,0.62374,0.624,1.87,1.00
2015.07.16 10:39:12.743,0.62374,0.62399,1.37,1.00
2015.07.16 10:39:13.670,0.62373,0.62399,1.37,1.00
2015.07.16 10:39:13.871,0.62372,0.62397,1.37,1.00
2015.07.16 10:39:14.374,0.62373,0.62398,1.37,1.00
2015.07.16 10:39:14.862,0.62376,0.62398,1.37,1.00
2015.07.16 10:39:15.537,0.62378,0.62399,1.12,1.00
2015.07.16 10:39:16.330,0.62378,0.624,1.12,1.00
2015.07.16 10:39:16.884,0.62378,0.62399,1.12,1.00
2015.07.16 10:39:17.320,0.6238,0.62401,1.12,1.00
2015.07.16 10:39:19.912,0.62378,0.624,1.00,1.00
2015.07.16 10:39:20.437,0.62378,0.62399,1.00,1.00
2015.07.16 10:39:21.090,0.62376,0.62399,1.12,1.00
2015.07.16 10:39:21.642,0.62376,0.62398,1.12,1.00
2015.07.16 10:39:22.503,0.62375,0.62398,1.00,1.00
2015.07.16 10:39:22.865,0.62374,0.62396,1.12,1.00
2015.07.16 10:39:23.743,0.62374,0.62393,1.00,1.00
2015.07.16 10:39:24.061,0.62372,0.62395,1.12,1.00
2015.07.16 10:39:24.112,0.62375,0.62394,1.00,1.00
2015.07.16 10:39:24.314,0.62377,0.62402,1.87,1.37
2015.07.16 10:39:24.616,0.6238,0.62402,1.00,1.00
2015.07.16 10:39:25.403,0.6238,0.624,1.00,1.00
2015.07.16 10:39:25.881,0.62377,0.62401,1.00,1.12
2015.07.16 10:39:26.540,0.62377,0.624,1.00,1.12
2015.07.16 10:39:27.949,0.62377,0.624,1.87,1.00
2015.07.16 10:39:28.000,0.62379,0.62402,1.00,1.12
2015.07.16 10:39:29.917,0.62379,0.62401,1.00,1.00
2015.07.16 10:39:30.600,0.62379,0.624,1.00,1.00
2015.07.16 10:39:30.702,0.62377,0.62398,1.00,1.00
2015.07.16 10:39:31.210,0.62377,0.62397,1.00,1.00
2015.07.16 10:39:31.612,0.62377,0.62399,1.00,1.00
2015.07.16 10:39:31.899,0.62375,0.62398,1.00,1.00
2015.07.16 10:39:31.949,0.62378,0.62398,1.00,1.00
2015.07.16 10:39:32.371,0.62381,0.62401,1.00,1.00
2015.07.16 10:39:32.673,0.62385,0.62403,1.00,1.00
2015.07.16 10:39:32.774,0.62385,0.62408,1.00,1.37
2015.07.16 10:39:33.029,0.62382,0.62407,1.35,1.00
2015.07.16 10:39:33.781,0.62382,0.62407,1.72,1.00
2015.07.16 10:39:34.399,0.62383,0.62408,1.37,1.00
2015.07.16 10:39:34.902,0.62385,0.62408,1.00,1.00
2015.07.16 10:39:35.439,0.62384,0.62409,1.00,1.12
2015.07.16 10:39:35.966,0.62385,0.62411,1.12,1.00
2015.07.16 10:39:36.643,0.62386,0.62411,1.00,1.00
2015.07.16 10:39:37.322,0.62386,0.62411,1.37,1.00
2015.07.16 10:39:41.238,0.62386,0.62411,1.12,1.00
2015.07.16 10:39:42.145,0.62387,0.6241,1.00,1.00
2015.07.16 10:39:42.989,0.62386,0.62411,1.12,1.00
2015.07.16 10:39:45.543,0.62388,0.62411,1.00,1.12
2015.07.16 10:39:46.254,0.62388,0.62411,1.50,1.00
2015.07.16 10:39:46.305,0.62389,0.62414,1.97,1.00
2015.07.16 10:39:46.582,0.62391,0.62416,1.60,1.00
2015.07.16 10:39:47.020,0.624,0.62417,2.10,1.00
2015.07.16 10:39:47.171,0.62403,0.62426,1.60,1.50
2015.07.16 10:39:47.522,0.62405,0.62432,1.00,1.50
2015.07.16 10:39:48.482,0.62405,0.62432,1.37,1.37
2015.07.16 10:39:48.962,0.62407,0.62432,1.00,1.37
2015.07.16 10:39:49.494,0.62408,0.62434,1.12,1.37
2015.07.16 10:39:49.950,0.62408,0.62433,1.00,1.37
2015.07.16 10:39:50.252,0.62406,0.62432,1.00,1.37
2015.07.16 10:39:50.580,0.62407,0.62432,1.12,1.37
2015.07.16 10:39:51.151,0.62407,0.62432,1.37,1.37
2015.07.16 10:39:55.594,0.62408,0.62435,1.00,2.62
2015.07.16 10:39:56.740,0.62407,0.62435,1.00,2.62
2015.07.16 10:39:57.301,0.62408,0.62435,1.00,2.62
2015.07.16 10:39:58.102,0.62408,0.62435,1.00,3.00
2015.07.16 10:39:58.653,0.62408,0.62434,1.00,1.37
2015.07.16 10:39:59.155,0.62407,0.62433,1.12,1.37
2015.07.16 10:39:59.656,0.62407,0.62433,1.00,1.37
2015.07.16 10:40:00.191,0.62408,0.62433,1.00,1.37
2015.07.16 10:40:00.709,0.62407,0.62433,1.00,1.37
2015.07.16 10:40:01.210,0.62407,0.62434,1.00,1.75
2015.07.16 10:40:02.792,0.62406,0.62433,1.00,1.50
2015.07.16 10:40:03.385,0.62405,0.62433,1.00,1.50
2015.07.16 10:40:03.899,0.62404,0.62429,1.35,1.37
2015.07.16 10:40:04.484,0.62404,0.62429,1.30,1.37
2015.07.16 10:40:09.834,0.62405,0.62429,1.00,1.37
2015.07.16 10:40:10.355,0.62404,0.62429,1.72,1.37
2015.07.16 10:40:10.636,0.62404,0.62429,1.72,1.12
2015.07.16 10:40:11.584,0.62404,0.62427,1.72,1.00
2015.07.16 10:40:12.121,0.62401,0.62426,1.97,1.00
2015.07.16 10:40:13.135,0.62401,0.62426,1.97,1.37
2015.07.16 10:40:13.242,0.62401,0.62426,1.72,1.12
2015.07.16 10:40:13.597,0.62401,0.62424,1.72,1.00
2015.07.16 10:40:14.452,0.62401,0.62426,1.72,1.00
2015.07.16 10:40:14.995,0.62404,0.62425,1.30,1.00
2015.07.16 10:40:15.265,0.62404,0.62427,1.30,1.00
2015.07.16 10:40:17.958,0.62402,0.62427,1.60,1.87
2015.07.16 10:40:18.110,0.62399,0.62424,1.12,1.12
2015.07.16 10:40:18.160,0.62399,0.62424,1.50,1.37
2015.07.16 10:40:18.412,0.62396,0.6242,1.30,1.00
2015.07.16 10:40:18.462,0.62395,0.6242,1.00,1.37
2015.07.16 10:40:18.563,0.62391,0.62416,1.72,1.12
2015.07.16 10:40:18.899,0.6239,0.62413,1.60,1.00
2015.07.16 10:40:19.142,0.62386,0.62412,1.00,1.00
2015.07.16 10:40:21.573,0.62386,0.62412,1.37,1.00
2015.07.16 10:40:22.258,0.62387,0.62411,1.37,1.00
2015.07.16 10:40:23.776,0.62384,0.6241,1.87,1.12
2015.07.16 10:40:24.332,0.62384,0.62409,1.87,1.00
2015.07.16 10:40:24.892,0.62385,0.62408,1.37,1.00
2015.07.16 10:40:32.381,0.62386,0.62409,1.37,1.00
2015.07.16 10:40:33.199,0.62385,0.6241,1.37,1.00
2015.07.16 10:40:35.241,0.62386,0.62409,1.37,1.00
2015.07.16 10:40:35.781,0.62385,0.6241,1.37,1.00
2015.07.16 10:40:36.332,0.62384,0.62409,1.87,1.00
2015.07.16 10:40:37.381,0.62384,0.62409,1.87,1.00
2015.07.16 10:40:37.789,0.62385,0.62411,1.72,1.00
2015.07.16 10:40:38.301,0.62386,0.6241,1.35,1.00
2015.07.16 10:40:44.151,0.62385,0.62409,1.72,1.00
2015.07.16 10:40:45.983,0.62386,0.62409,1.72,1.00
2015.07.16 10:40:46.510,0.62386,0.6241,1.72,1.00
2015.07.16 10:40:46.570,0.62387,0.62413,1.37,1.00
2015.07.16 10:40:46.621,0.62387,0.62413,1.37,1.00
2015.07.16 10:40:46.943,0.6239,0.62415,1.37,1.00
2015.07.16 10:40:47.095,0.62391,0.62416,1.72,1.00
2015.07.16 10:40:47.388,0.62392,0.62417,1.12,1.00
2015.07.16 10:40:47.891,0.62391,0.62416,1.30,1.00
2015.07.16 10:40:48.354,0.62391,0.62414,1.35,1.00
2015.07.16 10:40:48.895,0.6239,0.62416,1.60,1.37
2015.07.16 10:40:49.871,0.6239,0.62413,1.60,1.00
2015.07.16 10:40:50.400,0.62389,0.62414,2.47,1.00
2015.07.16 10:40:50.872,0.6239,0.62416,1.72,1.12
2015.07.16 10:40:51.403,0.62391,0.62415,1.30,1.00
2015.07.16 10:40:52.400,0.62391,0.62414,1.30,1.00
2015.07.16 10:40:55.371,0.6239,0.62415,1.72,1.12
2015.07.16 10:40:55.921,0.62388,0.62413,1.60,1.00
2015.07.16 10:40:55.972,0.62388,0.62413,1.00,1.00
2015.07.16 10:40:56.616,0.62389,0.62412,1.00,1.00
2015.07.16 10:40:57.172,0.62388,0.62413,1.00,1.00
2015.07.16 10:40:58.216,0.62387,0.6241,1.00,1.00
2015.07.16 10:40:58.927,0.62387,0.6241,1.00,1.37
2015.07.16 10:40:59.477,0.62387,0.6241,1.00,1.12
2015.07.16 10:40:59.812,0.62385,0.62408,1.00,1.00
2015.07.16 10:41:00.525,0.62385,0.6241,1.00,1.37
2015.07.16 10:41:01.310,0.62387,0.6241,1.00,1.37
2015.07.16 10:41:02.405,0.62385,0.6241,1.00,1.37
2015.07.16 10:41:06.151,0.62386,0.62411,1.00,1.37
2015.07.16 10:41:09.921,0.62385,0.6241,1.00,1.37
2015.07.16 10:41:10.439,0.62386,0.62409,1.00,1.12
2015.07.16 10:41:11.702,0.62386,0.62409,1.00,1.37
2015.07.16 10:41:12.404,0.62386,0.62409,1.00,1.00
2015.07.16 10:41:13.005,0.62385,0.6241,1.00,1.12
2015.07.16 10:41:13.876,0.62385,0.6241,1.00,1.37
2015.07.16 10:41:14.991,0.62385,0.6241,1.00,1.37
2015.07.16 10:41:15.092,0.62382,0.62408,1.00,1.37
2015.07.16 10:41:15.611,0.62381,0.62406,1.12,1.37
2015.07.16 10:41:15.763,0.62383,0.62406,1.00,1.12
2015.07.16 10:41:16.363,0.62384,0.62407,1.00,1.00
2015.07.16 10:41:16.866,0.62384,0.62409,1.00,1.37
2015.07.16 10:41:19.720,0.62383,0.62409,1.00,1.37
2015.07.16 10:41:20.021,0.62385,0.62408,1.00,1.12
2015.07.16 10:41:20.672,0.62384,0.62409,1.00,1.37
2015.07.16 10:41:20.973,0.62385,0.62408,1.00,1.37
2015.07.16 10:41:21.023,0.62383,0.62409,1.00,1.37
2015.07.16 10:41:21.524,0.62383,0.62409,1.00,1.37
2015.07.16 10:41:22.426,0.62383,0.62409,1.00,1.37
2015.07.16 10:41:23.077,0.62384,0.62408,1.00,1.37
2015.07.16 10:41:23.128,0.62384,0.62408,1.00,1.37
2015.07.16 10:41:23.670,0.62385,0.6241,1.00,1.37
2015.07.16 10:41:23.930,0.62385,0.6241,1.00,1.12
2015.07.16 10:41:24.462,0.62386,0.62409,1.00,1.00
2015.07.16 10:41:24.631,0.62386,0.62411,1.00,1.37
2015.07.16 10:41:25.002,0.62384,0.62408,1.00,1.37
2015.07.16 10:41:25.434,0.62383,0.62409,1.00,1.37
2015.07.16 10:41:25.984,0.62382,0.62408,1.00,1.37
2015.07.16 10:41:26.059,0.62384,0.62407,1.00,1.12
2015.07.16 10:41:28.199,0.62384,0.6241,1.87,1.12
2015.07.16 10:41:28.259,0.62386,0.62409,1.00,1.00
2015.07.16 10:41:28.790,0.62385,0.6241,1.00,1.37
2015.07.16 10:41:29.042,0.62382,0.62407,1.87,1.12
2015.07.16 10:41:30.971,0.62382,0.62408,1.87,1.37
2015.07.16 10:41:31.897,0.62383,0.62408,1.00,1.37
2015.07.16 10:41:32.400,0.62383,0.62408,1.00,1.37
2015.07.16 10:41:32.925,0.62381,0.62404,1.00,1.00
2015.07.16 10:41:33.200,0.62379,0.62404,1.00,1.37
2015.07.16 10:41:33.250,0.62376,0.62402,1.87,1.37
2015.07.16 10:41:33.352,0.62378,0.62402,1.00,1.00
2015.07.16 10:41:33.453,0.6238,0.62405,1.00,1.12
2015.07.16 10:41:34.317,0.62379,0.62402,1.00,1.00
2015.07.16 10:41:42.984,0.62378,0.62401,1.37,1.00
2015.07.16 10:41:45.947,0.62378,0.62401,1.00,1.00
2015.07.16 10:41:46.459,0.62379,0.62402,1.50,1.00
2015.07.16 10:41:53.243,0.62379,0.62403,1.00,1.00
2015.07.16 10:41:53.799,0.62379,0.62402,1.50,1.00
2015.07.16 10:41:54.345,0.62379,0.62403,1.00,1.00
2015.07.16 10:41:54.695,0.62377,0.62402,1.00,1.00
2015.07.16 10:41:54.746,0.62377,0.62402,1.00,1.37
2015.07.16 10:41:54.847,0.62375,0.62398,1.00,1.12
2015.07.16 10:41:55.123,0.62371,0.62396,1.37,1.00
2015.07.16 10:41:55.173,0.62371,0.62396,1.00,1.12
2015.07.16 10:41:55.410,0.62369,0.62394,1.37,1.00
2015.07.16 10:41:55.748,0.62369,0.62392,1.50,1.00
2015.07.16 10:41:56.100,0.6237,0.62395,1.00,1.12
2015.07.16 10:41:57.452,0.62371,0.62394,1.00,1.00
2015.07.16 10:41:58.356,0.62369,0.62394,1.87,1.00
2015.07.16 10:41:58.900,0.62369,0.62393,1.00,1.00
2015.07.16 10:41:59.408,0.6237,0.62393,1.00,1.00
2015.07.16 10:41:59.710,0.6237,0.62395,1.37,1.00
2015.07.16 10:42:00.259,0.62372,0.62395,1.00,1.00
2015.07.16 10:42:00.360,0.6237,0.62395,1.00,1.00
2015.07.16 10:42:01.412,0.62371,0.62394,1.00,1.00
2015.07.16 10:42:02.673,0.6237,0.62395,1.00,1.00
2015.07.16 10:42:02.724,0.6237,0.62393,1.00,1.00
2015.07.16 10:42:03.267,0.6237,0.62394,1.00,1.00
2015.07.16 10:42:03.469,0.62371,0.62396,1.00,1.12
2015.07.16 10:42:04.035,0.6237,0.62395,1.00,1.00
2015.07.16 10:42:06.978,0.62371,0.62396,1.00,1.00
2015.07.16 10:42:09.631,0.6237,0.62395,1.50,1.00
2015.07.16 10:42:11.268,0.62372,0.62395,1.00,1.00
2015.07.16 10:42:12.270,0.6237,0.62395,1.00,1.00
2015.07.16 10:42:12.825,0.62369,0.62394,1.50,1.00
2015.07.16 10:42:13.400,0.62369,0.62393,1.50,1.00
2015.07.16 10:42:13.689,0.62371,0.62394,1.00,1.00
2015.07.16 10:42:14.568,0.6237,0.62395,1.12,1.00
2015.07.16 10:42:15.118,0.62369,0.62394,1.87,1.00
2015.07.16 10:42:15.695,0.62369,0.62394,1.87,1.00
2015.07.16 10:42:17.141,0.6237,0.62395,1.87,1.00
2015.07.16 10:42:17.620,0.6237,0.62393,1.87,1.00
2015.07.16 10:42:17.881,0.62369,0.62395,1.87,1.00
2015.07.16 10:42:18.331,0.62369,0.62393,1.37,1.00
2015.07.16 10:42:18.652,0.6237,0.62394,1.37,1.00
2015.07.16 10:42:19.188,0.6237,0.62395,1.37,1.00
2015.07.16 10:42:19.453,0.6237,0.62394,1.12,1.00
2015.07.16 10:42:20.004,0.6237,0.62393,1.12,1.00
2015.07.16 10:42:20.644,0.62369,0.62392,1.87,1.00
2015.07.16 10:42:21.201,0.62369,0.62393,1.37,1.00
2015.07.16 10:42:21.278,0.62369,0.62395,1.87,1.00
2015.07.16 10:42:21.540,0.62369,0.62393,1.00,1.00
2015.07.16 10:42:22.232,0.62369,0.62392,1.37,1.00
2015.07.16 10:42:22.285,0.6237,0.62395,1.37,1.12
2015.07.16 10:42:22.386,0.6237,0.62393,1.00,1.00
2015.07.16 10:42:22.537,0.62369,0.62391,1.00,1.00
2015.07.16 10:42:22.598,0.62369,0.62394,1.50,1.00
2015.07.16 10:42:22.699,0.6237,0.62394,1.37,1.00
2015.07.16 10:42:22.900,0.6237,0.62394,1.00,1.00
2015.07.16 10:42:23.068,0.6237,0.62392,1.00,1.00
2015.07.16 10:42:23.698,0.6237,0.62391,1.00,1.00
2015.07.16 10:42:24.030,0.6237,0.62389,1.00,1.00
2015.07.16 10:42:24.182,0.6237,0.62391,1.00,1.00
2015.07.16 10:42:24.889,0.62369,0.62391,1.00,1.00
2015.07.16 10:42:25.427,0.6237,0.62391,1.35,1.00
2015.07.16 10:42:25.528,0.6237,0.62393,1.35,1.00
2015.07.16 10:42:26.042,0.62369,0.62391,1.00,1.00
2015.07.16 10:42:26.630,0.6237,0.62392,1.12,1.00
2015.07.16 10:42:26.932,0.62369,0.62394,1.12,1.00
2015.07.16 10:42:26.982,0.62369,0.62394,1.97,1.00
2015.07.16 10:42:27.884,0.62369,0.62395,2.47,1.00
2015.07.16 10:42:28.690,0.62371,0.62394,1.12,1.00
2015.07.16 10:42:28.980,0.62371,0.62396,1.12,1.00
2015.07.16 10:42:30.499,0.62371,0.62396,1.37,1.00
2015.07.16 10:42:30.957,0.62373,0.62398,1.00,1.00
2015.07.16 10:42:31.779,0.6237,0.62396,2.47,1.00
2015.07.16 10:42:31.930,0.6237,0.62396,2.47,1.00
2015.07.16 10:42:32.207,0.6237,0.62394,1.72,1.00
2015.07.16 10:42:32.716,0.6237,0.62395,1.35,1.12
2015.07.16 10:42:33.047,0.62369,0.62393,1.00,1.00
2015.07.16 10:42:33.147,0.62364,0.62392,1.87,1.12
2015.07.16 10:42:33.198,0.62364,0.62389,1.12,1.00
2015.07.16 10:42:33.510,0.62369,0.62393,1.35,1.00
2015.07.16 10:42:34.040,0.6237,0.62393,1.00,1.00
2015.07.16 10:42:34.663,0.6237,0.62394,1.00,1.00
2015.07.16 10:42:35.199,0.62369,0.62394,1.72,1.00
2015.07.16 10:42:35.734,0.62369,0.62394,1.72,1.00
2015.07.16 10:42:36.245,0.62369,0.62392,1.72,1.00
2015.07.16 10:42:36.799,0.62369,0.62393,1.72,1.00
2015.07.16 10:42:36.955,0.62369,0.62393,1.72,1.00
2015.07.16 10:42:37.843,0.62365,0.62393,4.35,1.00
2015.07.16 10:42:38.376,0.62365,0.62392,3.97,1.00
2015.07.16 10:42:38.929,0.62367,0.62392,1.97,1.00
2015.07.16 10:42:39.205,0.62367,0.62392,1.97,1.00
2015.07.16 10:42:40.466,0.62365,0.62393,4.72,1.00
2015.07.16 10:42:40.748,0.62369,0.62395,1.30,1.00
2015.07.16 10:42:40.848,0.6237,0.62395,1.37,1.00
2015.07.16 10:42:41.555,0.62366,0.62394,2.10,1.00
2015.07.16 10:42:42.437,0.62366,0.62392,2.10,1.00
2015.07.16 10:42:42.968,0.62366,0.62393,1.35,1.00
2015.07.16 10:42:43.355,0.62365,0.62393,3.22,1.00
2015.07.16 10:42:44.458,0.6237,0.62393,1.00,1.00
2015.07.16 10:42:45.191,0.62369,0.62394,1.37,1.00
2015.07.16 10:42:46.200,0.62369,0.62394,1.00,1.00
2015.07.16 10:42:46.251,0.62369,0.62392,1.00,1.00
2015.07.16 10:42:46.834,0.62369,0.62391,1.00,1.00
2015.07.16 10:42:47.165,0.62369,0.62391,1.37,1.00
2015.07.16 10:42:47.778,0.62369,0.62391,1.37,1.00
2015.07.16 10:42:48.337,0.62369,0.62392,1.37,1.00
2015.07.16 10:42:49.546,0.62364,0.62389,1.37,1.00
2015.07.16 10:42:49.698,0.6236,0.62388,2.10,1.00
2015.07.16 10:42:49.798,0.62359,0.62386,1.75,1.00
2015.07.16 10:42:49.899,0.62359,0.62386,1.37,1.00
2015.07.16 10:42:50.000,0.6236,0.62385,1.37,1.50
2015.07.16 10:42:50.201,0.62361,0.62387,1.37,1.87
2015.07.16 10:42:50.302,0.62359,0.62387,1.00,1.50
2015.07.16 10:42:50.353,0.62358,0.62385,1.00,1.00
2015.07.16 10:42:50.674,0.62354,0.62382,2.10,1.00
2015.07.16 10:42:52.495,0.62355,0.62382,2.10,1.50
2015.07.16 10:42:54.617,0.62359,0.62382,1.12,1.50
2015.07.16 10:42:55.095,0.6236,0.62383,1.37,1.00
2015.07.16 10:42:55.921,0.6236,0.62383,1.37,1.00
2015.07.16 10:42:57.289,0.6236,0.62384,1.37,1.00
2015.07.16 10:43:00.297,0.62365,0.62384,1.00,1.00
2015.07.16 10:43:00.791,0.62365,0.62387,1.00,1.00
2015.07.16 10:43:00.843,0.62359,0.62387,2.47,1.00
2015.07.16 10:43:01.216,0.62359,0.62385,2.85,1.00
2015.07.16 10:43:02.046,0.6236,0.62386,1.37,1.00
2015.07.16 10:43:02.357,0.62359,0.62387,2.85,1.00
2015.07.16 10:43:02.508,0.6236,0.62385,1.37,1.00
2015.07.16 10:43:03.150,0.62359,0.62385,1.72,1.00
2015.07.16 10:43:03.411,0.62359,0.62385,1.72,1.00
2015.07.16 10:43:05.616,0.6236,0.62384,1.37,1.00
2015.07.16 10:43:07.258,0.6236,0.62385,1.37,1.00
2015.07.16 10:43:09.497,0.62359,0.62385,2.10,1.00
2015.07.16 10:43:09.827,0.6236,0.62387,1.75,1.00
2015.07.16 10:43:11.234,0.62361,0.62386,1.50,1.00
2015.07.16 10:43:11.791,0.62359,0.62387,2.85,1.50
2015.07.16 10:43:12.897,0.62359,0.62387,2.85,1.50
2015.07.16 10:43:13.420,0.6236,0.62386,1.37,1.00
2015.07.16 10:43:14.193,0.6236,0.62387,1.37,1.50
2015.07.16 10:43:14.645,0.6236,0.62385,1.37,1.00
2015.07.16 10:43:14.745,0.6236,0.62387,1.37,1.50
2015.07.16 10:43:15.059,0.6236,0.62385,1.37,1.00
2015.07.16 10:43:15.110,0.6236,0.62385,1.37,1.00
2015.07.16 10:43:15.346,0.6236,0.62385,1.37,1.00
2015.07.16 10:43:15.447,0.62364,0.62387,1.00,1.00
2015.07.16 10:43:15.956,0.62364,0.62388,1.37,1.00
2015.07.16 10:43:16.006,0.62364,0.62388,1.37,1.00
2015.07.16 10:43:16.241,0.62364,0.62389,1.00,1.00
2015.07.16 10:43:16.291,0.62364,0.62387,1.00,1.00
2015.07.16 10:43:16.800,0.62364,0.62388,1.12,1.00
2015.07.16 10:43:17.267,0.62364,0.62386,1.12,1.00
2015.07.16 10:43:17.613,0.62364,0.62388,1.37,1.12
2015.07.16 10:43:18.204,0.62364,0.62389,1.12,1.12
2015.07.16 10:43:18.305,0.62364,0.62386,1.00,1.00
2015.07.16 10:43:18.928,0.6236,0.62386,1.37,1.00
2015.07.16 10:43:20.677,0.62359,0.62387,2.47,1.00
2015.07.16 10:43:20.957,0.6236,0.62387,1.87,1.00
2015.07.16 10:43:21.580,0.62363,0.62392,1.00,1.87
2015.07.16 10:43:21.848,0.62363,0.62392,1.00,1.37
2015.07.16 10:43:22.302,0.62363,0.6239,1.12,1.12
2015.07.16 10:43:22.846,0.62364,0.62391,1.00,1.37
2015.07.16 10:43:23.569,0.62364,0.62391,1.00,1.37
2015.07.16 10:43:23.774,0.62365,0.62392,1.37,1.37
2015.07.16 10:43:25.272,0.62365,0.62394,1.37,1.72
2015.07.16 10:43:25.423,0.62365,0.62394,1.37,1.72
2015.07.16 10:43:25.882,0.62366,0.62393,1.00,1.37
2015.07.16 10:43:26.184,0.62364,0.62394,1.00,2.85
2015.07.16 10:43:26.928,0.62364,0.62394,1.37,2.85
2015.07.16 10:43:28.158,0.62363,0.62392,1.12,1.37
2015.07.16 10:43:28.550,0.62364,0.62391,1.12,1.12
2015.07.16 10:43:29.161,0.62364,0.62394,1.37,2.47
2015.07.16 10:43:29.746,0.62365,0.62392,1.00,1.37
2015.07.16 10:43:29.806,0.62363,0.62392,1.12,1.37
2015.07.16 10:43:29.857,0.62363,0.62392,1.37,1.37
2015.07.16 10:43:30.432,0.62362,0.62392,1.37,1.37
2015.07.16 10:43:30.796,0.62364,0.62393,1.37,1.37
2015.07.16 10:43:30.947,0.62364,0.62393,1.37,1.37
2015.07.16 10:43:31.098,0.62364,0.62389,1.37,1.00
2015.07.16 10:43:31.636,0.62364,0.62389,1.37,1.00
2015.07.16 10:43:31.921,0.62364,0.62389,1.00,1.12
2015.07.16 10:43:32.726,0.62362,0.62389,1.37,1.00
2015.07.16 10:43:32.826,0.62363,0.62392,1.97,1.37
2015.07.16 10:43:33.322,0.62364,0.6239,1.00,1.37
2015.07.16 10:43:33.860,0.62363,0.6239,1.37,1.12
2015.07.16 10:43:41.050,0.62363,0.6239,1.12,1.87
2015.07.16 10:43:42.358,0.62364,0.6239,1.00,1.37
2015.07.16 10:43:42.882,0.62365,0.6239,1.37,1.12
2015.07.16 10:43:43.868,0.62363,0.6239,1.37,1.12
2015.07.16 10:43:43.970,0.62363,0.62388,1.37,1.00
2015.07.16 10:43:44.597,0.62362,0.62388,1.12,1.12
2015.07.16 10:43:45.674,0.62362,0.62388,1.37,1.00
2015.07.16 10:43:46.189,0.62362,0.62388,1.37,1.00
2015.07.16 10:43:46.490,0.62363,0.6239,1.37,1.00
2015.07.16 10:43:47.032,0.62364,0.62388,1.12,1.00
2015.07.16 10:43:49.157,0.62365,0.62388,1.00,1.00
2015.07.16 10:43:49.798,0.62365,0.62388,1.37,1.00
2015.07.16 10:43:49.898,0.62364,0.62391,1.37,1.12
2015.07.16 10:43:50.148,0.62365,0.62391,1.87,1.00
2015.07.16 10:43:50.199,0.62365,0.62392,1.87,1.00
2015.07.16 10:43:50.299,0.62367,0.62392,1.12,1.00
2015.07.16 10:43:50.652,0.62367,0.62394,1.12,1.12
2015.07.16 10:43:50.752,0.62369,0.62396,1.00,1.00
2015.07.16 10:43:51.287,0.62368,0.62396,1.00,1.00
2015.07.16 10:43:51.589,0.62365,0.62392,1.37,1.37
2015.07.16 10:43:52.105,0.62365,0.62391,1.12,1.12
2015.07.16 10:43:53.959,0.62365,0.62391,1.00,1.37
2015.07.16 10:43:55.462,0.62365,0.62391,1.12,1.12
2015.07.16 10:43:56.013,0.62366,0.62391,1.00,1.12
2015.07.16 10:43:59.446,0.62366,0.62391,1.00,1.37
2015.07.16 10:43:59.505,0.62364,0.62391,1.87,1.37
2015.07.16 10:44:00.464,0.62365,0.62391,1.00,1.37
2015.07.16 10:44:00.515,0.62365,0.62391,1.87,1.12
2015.07.16 10:44:01.026,0.62366,0.62393,1.37,1.37
2015.07.16 10:44:01.128,0.62366,0.62393,1.12,1.12
2015.07.16 10:44:01.179,0.62368,0.62395,1.12,1.37
2015.07.16 10:44:01.550,0.62368,0.62396,1.37,1.00
2015.07.16 10:44:01.852,0.62369,0.62392,1.37,1.00
2015.07.16 10:44:01.903,0.62369,0.62394,1.37,1.00
2015.07.16 10:44:02.604,0.62369,0.62394,1.00,1.00
2015.07.16 10:44:03.135,0.6237,0.62395,1.00,1.00
2015.07.16 10:44:03.236,0.6237,0.62397,1.37,1.50
2015.07.16 10:44:03.783,0.62372,0.62397,1.00,1.00
2015.07.16 10:44:05.779,0.62372,0.62398,1.12,1.00
2015.07.16 10:44:09.303,0.6237,0.62398,1.37,1.37
2015.07.16 10:44:09.861,0.6237,0.62396,1.12,1.00
2015.07.16 10:44:11.107,0.6237,0.62396,1.37,1.00
2015.07.16 10:44:12.356,0.62371,0.62396,1.37,1.00
2015.07.16 10:44:15.438,0.6237,0.62398,2.25,1.00
2015.07.16 10:44:15.488,0.62373,0.624,1.37,1.12
2015.07.16 10:44:15.946,0.62372,0.62397,1.37,1.00
2015.07.16 10:44:16.047,0.6237,0.62397,1.37,1.00
2015.07.16 10:44:16.627,0.6237,0.62397,1.37,1.00
2015.07.16 10:44:16.727,0.6237,0.62399,1.37,1.12
2015.07.16 10:44:16.922,0.6237,0.62399,1.37,1.37
2015.07.16 10:44:17.426,0.62372,0.62398,1.12,1.12
2015.07.16 10:44:22.978,0.62367,0.62395,1.50,1.00
2015.07.16 10:44:24.036,0.62368,0.62396,1.37,1.00
2015.07.16 10:44:25.495,0.62369,0.62396,2.25,1.00
2015.07.16 10:44:25.765,0.62369,0.62396,1.50,1.00
2015.07.16 10:44:26.282,0.62372,0.62397,1.37,1.00
2015.07.16 10:44:26.925,0.6237,0.62398,1.37,1.00
2015.07.16 10:44:27.076,0.62371,0.62396,1.37,1.00
2015.07.16 10:44:27.378,0.62368,0.62393,1.37,1.00
2015.07.16 10:44:27.479,0.62368,0.62396,1.37,1.00
2015.07.16 10:44:28.353,0.62368,0.62394,1.37,1.00
2015.07.16 10:44:29.790,0.62367,0.62395,1.37,1.00
2015.07.16 10:44:30.269,0.62368,0.62396,1.50,1.00
2015.07.16 10:44:31.204,0.62368,0.62394,1.50,1.00
2015.07.16 10:44:31.710,0.62368,0.62394,1.37,1.00
2015.07.16 10:44:36.471,0.62367,0.62395,1.50,1.00
2015.07.16 10:44:38.444,0.62368,0.62396,1.37,1.50
2015.07.16 10:44:39.176,0.62368,0.62396,1.75,1.50
2015.07.16 10:44:39.777,0.62369,0.62396,1.37,1.50
2015.07.16 10:44:41.402,0.62369,0.62396,1.37,1.50
2015.07.16 10:44:41.940,0.62369,0.62395,1.37,1.00
2015.07.16 10:44:42.827,0.62369,0.62396,1.37,1.50
2015.07.16 10:44:43.140,0.62369,0.62396,1.75,1.00
2015.07.16 10:44:43.643,0.62369,0.62396,1.50,1.00
2015.07.16 10:44:43.693,0.62369,0.62396,1.37,1.00
2015.07.16 10:44:44.324,0.6237,0.62395,1.37,1.00
2015.07.16 10:44:44.594,0.6237,0.62393,1.00,1.12
2015.07.16 10:44:45.021,0.62364,0.6239,1.37,1.87
2015.07.16 10:44:45.196,0.62365,0.62389,1.00,1.87
2015.07.16 10:44:46.048,0.62365,0.62387,1.00,1.00
2015.07.16 10:44:46.599,0.62364,0.62388,1.00,1.12
2015.07.16 10:44:47.302,0.62364,0.62388,1.37,1.00
2015.07.16 10:44:47.825,0.62364,0.62389,1.37,1.50
2015.07.16 10:44:48.504,0.62364,0.62389,1.00,1.87
2015.07.16 10:44:49.005,0.62362,0.62388,1.12,1.12
2015.07.16 10:44:49.535,0.6236,0.62387,1.87,1.00
2015.07.16 10:44:50.425,0.62365,0.62387,1.00,1.00
2015.07.16 10:44:50.547,0.6236,0.62387,1.87,1.00
2015.07.16 10:44:51.156,0.6236,0.62388,1.87,1.12
2015.07.16 10:44:51.867,0.62364,0.62388,1.00,1.12
2015.07.16 10:44:52.196,0.6236,0.62388,1.37,1.12
2015.07.16 10:44:52.844,0.62364,0.62388,1.00,1.12
2015.07.16 10:44:53.968,0.62364,0.62389,1.00,1.50
2015.07.16 10:44:54.598,0.62364,0.62389,1.37,1.50
2015.07.16 10:44:57.625,0.62364,0.62388,1.37,1.00
2015.07.16 10:44:58.206,0.62364,0.62388,1.37,1.00
2015.07.16 10:44:58.508,0.62365,0.62391,1.37,1.00
2015.07.16 10:44:59.236,0.6237,0.62392,1.12,1.00
2015.07.16 10:45:00.268,0.62369,0.62393,1.37,1.50
2015.07.16 10:45:01.450,0.62369,0.62388,1.37,1.00
2015.07.16 10:45:01.760,0.62364,0.6239,2.10,1.00
2015.07.16 10:45:02.240,0.62365,0.6239,1.37,1.00
2015.07.16 10:45:05.753,0.62364,0.62389,2.10,1.00
2015.07.16 10:45:07.377,0.62369,0.6239,1.72,1.00
2015.07.16 10:45:07.479,0.6237,0.6239,1.37,1.00
2015.07.16 10:45:07.641,0.62369,0.62392,1.72,1.00
2015.07.16 10:45:08.260,0.6237,0.62392,1.37,1.00
2015.07.16 10:45:08.485,0.6237,0.62394,1.37,1.00
2015.07.16 10:45:08.536,0.6237,0.62394,1.37,1.00
2015.07.16 10:45:09.187,0.6237,0.62393,1.37,1.00
2015.07.16 10:45:09.292,0.62369,0.62392,1.72,1.00
2015.07.16 10:45:09.774,0.62367,0.62391,1.35,1.00
2015.07.16 10:45:10.573,0.62369,0.62392,1.72,1.00
2015.07.16 10:45:11.117,0.62369,0.62392,1.72,1.00
2015.07.16 10:45:11.669,0.62369,0.62394,1.72,1.00
2015.07.16 10:45:11.719,0.62369,0.62394,2.10,1.00
2015.07.16 10:45:13.089,0.62369,0.62394,2.10,1.00
2015.07.16 10:45:16.000,0.62374,0.62394,1.37,1.00
2015.07.16 10:45:16.338,0.62374,0.62394,1.12,1.00
2015.07.16 10:45:16.866,0.6237,0.62394,1.37,1.00
2015.07.16 10:45:19.936,0.6237,0.62395,1.37,1.00
2015.07.16 10:45:21.490,0.62369,0.62395,2.10,1.00
2015.07.16 10:45:22.175,0.62369,0.62395,2.10,1.00
2015.07.16 10:45:22.667,0.62374,0.62395,1.97,1.00
2015.07.16 10:45:22.717,0.62374,0.62398,1.97,1.00
2015.07.16 10:45:22.768,0.62376,0.62398,1.30,1.00
2015.07.16 10:45:23.296,0.62374,0.624,1.97,1.00
2015.07.16 10:45:24.651,0.62374,0.62399,1.97,1.00
2015.07.16 10:45:25.322,0.62374,0.62398,1.97,1.00
2015.07.16 10:45:26.043,0.62374,0.62397,1.37,1.00
2015.07.16 10:45:26.094,0.62374,0.62395,1.37,1.00
2015.07.16 10:45:26.195,0.62372,0.62397,1.35,1.00
2015.07.16 10:45:26.418,0.62371,0.62395,1.35,1.00
2015.07.16 10:45:26.619,0.6237,0.62395,1.97,1.00
2015.07.16 10:45:26.770,0.62369,0.62393,3.60,1.00
2015.07.16 10:45:27.095,0.62371,0.62394,1.35,1.00
2015.07.16 10:45:27.420,0.62369,0.62395,3.60,1.00
2015.07.16 10:45:27.521,0.62371,0.62394,1.35,1.00
2015.07.16 10:45:28.249,0.62371,0.62393,1.35,1.00
2015.07.16 10:45:28.424,0.6237,0.62393,1.97,1.00
2015.07.16 10:45:28.525,0.62371,0.62393,1.35,1.00
2015.07.16 10:45:28.626,0.62371,0.62395,1.35,1.00
2015.07.16 10:45:29.500,0.6237,0.62394,1.97,1.00
2015.07.16 10:45:30.078,0.6237,0.62395,1.97,1.00
2015.07.16 10:45:30.955,0.6237,0.62394,1.97,1.00
2015.07.16 10:45:31.482,0.6237,0.62395,1.97,1.00
2015.07.16 10:45:32.379,0.6237,0.62396,2.47,1.00
2015.07.16 10:45:32.883,0.6237,0.62397,1.97,1.00
2015.07.16 10:45:33.036,0.62371,0.62397,1.35,1.00
2015.07.16 10:45:33.810,0.62371,0.62396,1.35,1.00
2015.07.16 10:45:34.368,0.62371,0.62397,1.35,1.00
2015.07.16 10:45:36.242,0.62369,0.62397,4.35,1.00
2015.07.16 10:45:36.445,0.6237,0.62395,1.37,1.00
2015.07.16 10:45:36.995,0.6237,0.62394,1.37,1.00
2015.07.16 10:45:37.538,0.62369,0.62393,1.37,1.00
2015.07.16 10:45:39.702,0.6237,0.62393,1.37,1.00
2015.07.16 10:45:40.004,0.62369,0.62395,1.50,1.00
2015.07.16 10:45:40.511,0.62369,0.62394,1.37,1.00
2015.07.16 10:45:40.561,0.62369,0.62391,1.37,1.00
2015.07.16 10:45:41.169,0.62369,0.62392,1.37,1.00
2015.07.16 10:45:42.159,0.62369,0.62393,1.37,1.00
2015.07.16 10:45:42.467,0.62369,0.62394,1.37,1.00
2015.07.16 10:45:42.568,0.62369,0.62394,1.37,1.00
2015.07.16 10:45:42.688,0.62365,0.62391,2.85,1.00
2015.07.16 10:45:43.002,0.62365,0.62389,2.10,1.00
2015.07.16 10:45:43.261,0.62365,0.62392,1.97,1.00
2015.07.16 10:45:43.577,0.62364,0.6239,2.10,1.00
2015.07.16 10:45:44.337,0.62364,0.62388,2.10,1.00
2015.07.16 10:45:44.564,0.62364,0.6239,2.10,1.00
2015.07.16 10:45:44.668,0.62364,0.62388,2.10,1.00
2015.07.16 10:45:45.108,0.62365,0.6239,1.97,1.00
2015.07.16 10:45:45.632,0.62364,0.62389,2.85,1.00
2015.07.16 10:45:46.469,0.62364,0.6239,2.10,1.00
2015.07.16 10:45:47.196,0.62368,0.6239,1.30,1.00
2015.07.16 10:45:51.079,0.62369,0.6239,1.00,1.00
2015.07.16 10:45:51.829,0.62369,0.62388,1.12,1.00
2015.07.16 10:45:52.333,0.62368,0.62387,1.30,1.00
2015.07.16 10:45:52.857,0.62368,0.62389,1.30,1.00
2015.07.16 10:45:53.285,0.62365,0.6239,2.10,1.00
2015.07.16 10:45:53.787,0.62367,0.62391,1.35,1.00
2015.07.16 10:45:53.998,0.62369,0.62393,1.37,1.00
2015.07.16 10:45:54.837,0.62369,0.62394,1.37,1.00
2015.07.16 10:45:55.178,0.62369,0.62395,1.37,1.00
2015.07.16 10:45:55.430,0.6237,0.62395,1.37,1.00
2015.07.16 10:45:55.480,0.62369,0.62392,1.37,1.00
2015.07.16 10:45:56.210,0.6237,0.62391,1.37,1.00
2015.07.16 10:45:56.694,0.62365,0.62389,1.50,1.00
2015.07.16 10:45:56.845,0.62364,0.62388,1.37,1.00
2015.07.16 10:45:56.896,0.62364,0.62386,1.37,1.00
2015.07.16 10:45:57.426,0.62364,0.62387,1.37,1.00
2015.07.16 10:46:00.202,0.62365,0.62385,1.37,1.00
2015.07.16 10:46:00.746,0.62361,0.62386,1.35,1.00
2015.07.16 10:46:01.428,0.62361,0.62385,1.35,1.00
2015.07.16 10:46:02.408,0.62361,0.62386,1.35,1.00
2015.07.16 10:46:05.181,0.6236,0.62386,1.35,1.00
2015.07.16 10:46:05.523,0.62364,0.62387,1.50,1.00
2015.07.16 10:46:05.573,0.62364,0.62389,1.50,1.00
2015.07.16 10:46:05.674,0.62365,0.62389,1.75,1.00
2015.07.16 10:46:06.193,0.62365,0.62391,1.75,1.00
2015.07.16 10:46:07.589,0.62364,0.6239,1.75,1.00
2015.07.16 10:46:10.442,0.62364,0.62389,2.25,1.00
2015.07.16 10:46:10.593,0.62364,0.6239,1.37,1.00
2015.07.16 10:46:10.744,0.62364,0.62388,1.37,1.00
2015.07.16 10:46:11.207,0.62361,0.62386,1.35,1.00
2015.07.16 10:46:11.615,0.6236,0.62385,1.60,1.00
2015.07.16 10:46:12.229,0.62365,0.62385,1.00,1.00
2015.07.16 10:46:12.331,0.62359,0.62385,1.72,1.00
2015.07.16 10:46:13.268,0.62359,0.62384,1.72,1.00
2015.07.16 10:46:13.319,0.62364,0.62384,1.00,1.00
2015.07.16 10:46:13.805,0.62362,0.62387,1.67,1.00
2015.07.16 10:46:14.006,0.6236,0.62386,1.97,1.00
2015.07.16 10:46:14.057,0.6236,0.62384,1.97,1.00
2015.07.16 10:46:14.586,0.62359,0.62382,1.97,1.00
2015.07.16 10:46:15.692,0.62359,0.62381,1.97,1.00
2015.07.16 10:46:15.944,0.62359,0.62381,1.37,1.00
2015.07.16 10:46:16.246,0.62354,0.62379,2.10,1.00
2015.07.16 10:46:16.585,0.62357,0.62377,1.30,1.00
2015.07.16 10:46:17.096,0.62354,0.62378,1.97,1.00
2015.07.16 10:46:17.617,0.62359,0.62378,1.00,1.00
2015.07.16 10:46:18.147,0.62359,0.6238,1.12,1.00
2015.07.16 10:46:20.205,0.62359,0.62378,1.00,1.00
2015.07.16 10:46:20.356,0.62354,0.62376,1.37,1.00
2015.07.16 10:46:20.659,0.62354,0.62374,1.37,1.00
2015.07.16 10:46:20.760,0.62354,0.62376,1.37,1.00
2015.07.16 10:46:20.961,0.62354,0.62377,1.37,1.00
2015.07.16 10:46:22.034,0.6236,0.62377,1.00,1.00
2015.07.16 10:46:22.576,0.6236,0.62378,1.00,1.00
2015.07.16 10:46:26.170,0.62354,0.62378,1.37,1.00
2015.07.16 10:46:27.274,0.62354,0.62377,1.37,1.00
2015.07.16 10:46:27.375,0.62354,0.62373,1.12,1.00
2015.07.16 10:46:27.629,0.62349,0.62373,1.37,1.00
2015.07.16 10:46:28.166,0.62349,0.62372,1.37,1.00
2015.07.16 10:46:31.194,0.62349,0.6237,1.37,1.00
2015.07.16 10:46:31.733,0.62349,0.6237,1.37,1.00
2015.07.16 10:46:32.955,0.62349,0.62371,1.37,1.00
2015.07.16 10:46:41.103,0.62349,0.62372,1.37,1.00
2015.07.16 10:46:41.434,0.62349,0.62372,1.37,1.00
2015.07.16 10:46:43.208,0.62349,0.62373,1.37,1.00
2015.07.16 10:46:43.554,0.62355,0.62373,1.00,1.00
2015.07.16 10:46:48.835,0.62355,0.62372,1.00,1.00
2015.07.16 10:46:49.345,0.62355,0.62373,1.00,1.00
2015.07.16 10:46:49.876,0.62355,0.62372,1.00,1.00
2015.07.16 10:46:49.926,0.62349,0.62373,1.37,1.00
2015.07.16 10:46:50.466,0.62349,0.62372,1.37,1.00
2015.07.16 10:46:51.075,0.6235,0.62373,1.37,1.00
2015.07.16 10:46:51.654,0.6235,0.62372,1.37,1.00
2015.07.16 10:46:53.646,0.6235,0.62371,1.37,1.00
2015.07.16 10:46:55.036,0.62349,0.62371,1.37,1.00
2015.07.16 10:46:55.586,0.62349,0.62372,1.37,1.00
2015.07.16 10:46:56.098,0.62349,0.62371,1.37,1.00
2015.07.16 10:46:57.085,0.62346,0.62371,1.35,1.00
2015.07.16 10:46:57.592,0.62346,0.62372,2.10,1.00
2015.07.16 10:46:58.212,0.62349,0.62374,1.37,1.00
2015.07.16 10:46:58.262,0.6235,0.62374,1.37,1.00
2015.07.16 10:47:01.602,0.62349,0.62374,1.37,1.00
2015.07.16 10:47:03.256,0.62349,0.62375,1.37,1.00
2015.07.16 10:47:05.075,0.62349,0.62374,1.37,1.00
2015.07.16 10:47:05.630,0.62349,0.62375,1.37,1.00
2015.07.16 10:47:06.327,0.6235,0.62374,1.37,1.00
2015.07.16 10:47:07.715,0.6235,0.62375,1.37,1.00
2015.07.16 10:47:09.165,0.6235,0.62374,1.37,1.00
2015.07.16 10:47:17.642,0.62349,0.62375,1.37,1.00
2015.07.16 10:47:18.817,0.62354,0.62375,1.00,1.00
2015.07.16 10:47:19.720,0.62354,0.62374,1.00,1.00
2015.07.16 10:47:21.179,0.62354,0.62375,1.00,1.00
2015.07.16 10:47:22.146,0.62354,0.62373,1.00,1.00
2015.07.16 10:47:22.676,0.62354,0.62374,1.00,1.00
2015.07.16 10:47:25.204,0.62354,0.62373,1.00,1.00
2015.07.16 10:47:25.784,0.6235,0.62373,1.37,1.00
2015.07.16 10:47:26.135,0.6235,0.62375,1.37,1.00
2015.07.16 10:47:26.351,0.6235,0.62375,1.50,1.00
2015.07.16 10:47:27.005,0.6235,0.62376,1.50,1.00
2015.07.16 10:47:27.773,0.62355,0.62378,1.12,1.00
2015.07.16 10:47:28.290,0.62354,0.62377,1.37,1.00
2015.07.16 10:47:28.834,0.62355,0.62374,1.12,1.00
2015.07.16 10:47:29.343,0.62354,0.62374,1.00,1.00
2015.07.16 10:47:29.545,0.62355,0.62376,1.00,1.00
2015.07.16 10:47:31.047,0.62354,0.62375,1.37,1.00
2015.07.16 10:47:31.597,0.6235,0.62374,1.97,1.00
2015.07.16 10:47:31.649,0.6235,0.62374,1.37,1.00
2015.07.16 10:47:32.184,0.6235,0.62373,1.37,1.00
2015.07.16 10:47:32.609,0.62355,0.62374,1.00,1.00
2015.07.16 10:47:33.806,0.6235,0.62374,1.37,1.00
2015.07.16 10:47:34.135,0.62354,0.62374,1.00,1.00
2015.07.16 10:47:37.624,0.62349,0.62374,1.37,1.00
2015.07.16 10:47:38.284,0.62354,0.62374,1.00,1.00
2015.07.16 10:47:38.968,0.62354,0.62373,1.00,1.00
2015.07.16 10:47:40.870,0.62354,0.62372,1.00,1.00
2015.07.16 10:47:41.199,0.62354,0.62374,1.00,1.00
2015.07.16 10:47:44.336,0.62355,0.62374,1.00,1.00
2015.07.16 10:47:45.107,0.62355,0.62373,1.00,1.00
2015.07.16 10:47:46.547,0.62349,0.62366,1.37,1.00
2015.07.16 10:47:46.599,0.62349,0.62366,1.00,1.00
2015.07.16 10:47:46.700,0.62344,0.62363,1.00,1.00
2015.07.16 10:47:46.801,0.62344,0.62359,1.00,1.00
2015.07.16 10:47:46.901,0.62339,0.6236,1.00,1.00
2015.07.16 10:47:47.103,0.62345,0.62359,1.00,1.00
2015.07.16 10:47:47.254,0.62344,0.62362,1.00,1.00
2015.07.16 10:47:47.355,0.62344,0.62364,1.00,1.50
2015.07.16 10:47:47.668,0.62339,0.62362,1.00,1.00
2015.07.16 10:47:48.326,0.6234,0.62363,1.00,1.00
2015.07.16 10:47:48.877,0.6234,0.62362,1.00,1.00
2015.07.16 10:47:49.290,0.6234,0.62362,1.37,1.00
2015.07.16 10:47:50.088,0.6234,0.62362,1.37,1.00
2015.07.16 10:47:51.094,0.6234,0.62363,1.37,1.00
2015.07.16 10:47:53.353,0.62344,0.62363,1.00,1.00
2015.07.16 10:47:53.816,0.62339,0.62358,1.37,1.00
2015.07.16 10:47:54.292,0.62339,0.62355,1.00,1.00
2015.07.16 10:47:54.603,0.62334,0.62353,1.00,1.00
2015.07.16 10:47:54.703,0.62334,0.62348,1.00,1.00
2015.07.16 10:47:54.905,0.62329,0.62348,1.00,1.00
2015.07.16 10:47:55.455,0.62329,0.62347,1.00,1.00
2015.07.16 10:47:55.556,0.62324,0.62347,1.37,1.00
2015.07.16 10:47:55.607,0.62324,0.62344,1.00,1.00
2015.07.16 10:47:55.930,0.62325,0.6234,1.00,1.00
2015.07.16 10:47:56.224,0.62329,0.62346,1.00,1.00
2015.07.16 10:47:56.553,0.62329,0.62348,1.00,1.00
2015.07.16 10:47:57.093,0.62324,0.62349,1.37,1.00
2015.07.16 10:47:57.144,0.62324,0.62346,1.37,1.00
2015.07.16 10:47:58.423,0.62324,0.62345,1.37,1.00
2015.07.16 10:48:00.231,0.62325,0.62345,1.12,1.00
2015.07.16 10:48:00.533,0.62325,0.62343,1.00,1.00
2015.07.16 10:48:01.723,0.62325,0.62345,1.00,1.00
2015.07.16 10:48:02.622,0.62324,0.62345,1.12,1.00
2015.07.16 10:48:03.273,0.62324,0.62344,1.12,1.00
2015.07.16 10:48:05.903,0.62324,0.62345,1.12,1.00
2015.07.16 10:48:06.551,0.62325,0.62346,1.00,1.00
2015.07.16 10:48:07.213,0.62324,0.62345,1.12,1.00
2015.07.16 10:48:07.773,0.62324,0.62344,1.12,1.00
2015.07.16 10:48:08.289,0.62324,0.62344,1.37,1.00
2015.07.16 10:48:08.389,0.62325,0.62347,1.12,1.00
2015.07.16 10:48:08.541,0.62329,0.62347,1.72,1.00
2015.07.16 10:48:08.591,0.62329,0.62351,1.72,1.00
2015.07.16 10:48:08.643,0.62329,0.62351,1.72,1.00
2015.07.16 10:48:08.744,0.62329,0.62351,1.72,1.00
2015.07.16 10:48:09.291,0.62329,0.62352,1.72,1.00
2015.07.16 10:48:09.863,0.62329,0.62353,1.72,1.00
2015.07.16 10:48:10.185,0.62335,0.62353,1.00,1.00
2015.07.16 10:48:10.953,0.62334,0.62353,1.00,1.00
2015.07.16 10:48:11.496,0.62329,0.62352,1.72,1.00
2015.07.16 10:48:12.035,0.62334,0.62352,1.00,1.00
2015.07.16 10:48:12.384,0.6233,0.62352,1.37,1.00
2015.07.16 10:48:12.605,0.62334,0.62352,1.00,1.00
2015.07.16 10:48:13.054,0.62334,0.62354,1.00,1.00
2015.07.16 10:48:14.052,0.62334,0.62353,1.00,1.00
2015.07.16 10:48:14.855,0.62334,0.62354,1.00,1.00
2015.07.16 10:48:15.356,0.62335,0.62354,1.00,1.00
2015.07.16 10:48:15.889,0.62334,0.62353,1.00,1.00
2015.07.16 10:48:16.410,0.62334,0.62352,1.00,1.00
2015.07.16 10:48:16.943,0.62335,0.62353,1.00,1.00
2015.07.16 10:48:20.115,0.62334,0.62353,1.12,1.00
2015.07.16 10:48:20.515,0.62334,0.62354,1.37,1.00
2015.07.16 10:48:20.770,0.62334,0.62357,1.37,1.00
2015.07.16 10:48:21.310,0.62334,0.62356,1.37,1.00
2015.07.16 10:48:21.514,0.6234,0.62356,1.00,1.00
2015.07.16 10:48:21.873,0.62334,0.62356,1.37,1.00
2015.07.16 10:48:25.112,0.62335,0.62356,1.12,1.00
2015.07.16 10:48:25.593,0.62334,0.62354,1.12,1.00
2015.07.16 10:48:26.099,0.62334,0.62355,1.12,1.00
2015.07.16 10:48:26.632,0.62334,0.62354,1.12,1.00
2015.07.16 10:48:26.959,0.62339,0.6236,1.37,1.00
2015.07.16 10:48:27.274,0.62345,0.62362,1.00,1.50
2015.07.16 10:48:28.189,0.6234,0.62362,2.47,1.50
2015.07.16 10:48:28.418,0.62344,0.6236,1.00,1.00
2015.07.16 10:48:28.468,0.62344,0.62362,1.00,1.00
2015.07.16 10:48:29.029,0.62344,0.62363,1.12,1.00
2015.07.16 10:48:29.544,0.62344,0.62362,1.00,1.00
2015.07.16 10:48:30.049,0.62345,0.62363,1.00,1.00
2015.07.16 10:48:30.154,0.62343,0.62364,1.30,1.00
2015.07.16 10:48:30.305,0.62339,0.62364,1.00,1.00
2015.07.16 10:48:30.356,0.6234,0.6236,1.00,1.00
2015.07.16 10:48:30.698,0.6234,0.62358,1.00,1.00
2015.07.16 10:48:30.799,0.62335,0.62358,1.37,1.00
2015.07.16 10:48:31.348,0.62334,0.62357,1.37,1.00
2015.07.16 10:48:31.464,0.6234,0.62357,1.00,1.00
2015.07.16 10:48:31.699,0.62334,0.62357,1.37,1.00
2015.07.16 10:48:32.100,0.62334,0.6236,1.37,1.00
2015.07.16 10:48:32.150,0.62334,0.6236,1.75,1.00
2015.07.16 10:48:32.743,0.62334,0.62359,1.75,1.00
2015.07.16 10:48:33.379,0.62339,0.62359,1.00,1.00
2015.07.16 10:48:33.430,0.6234,0.62357,1.00,1.00
2015.07.16 10:48:33.843,0.62339,0.62359,1.00,1.00
2015.07.16 10:48:34.145,0.6234,0.6236,1.37,1.00
2015.07.16 10:48:34.656,0.6234,0.6236,1.12,1.00
2015.07.16 10:48:35.645,0.6234,0.6236,1.37,1.00
2015.07.16 10:48:36.249,0.6234,0.6236,1.12,1.00
2015.07.16 10:48:36.950,0.62339,0.62359,1.37,1.00
2015.07.16 10:48:37.050,0.6234,0.62362,1.37,1.00
2015.07.16 10:48:37.254,0.6234,0.6236,1.37,1.00
2015.07.16 10:48:37.765,0.62339,0.62361,1.37,1.00
2015.07.16 10:48:38.183,0.62339,0.62361,1.12,1.00
2015.07.16 10:48:38.295,0.6234,0.6236,1.37,1.00
2015.07.16 10:48:38.352,0.6234,0.62362,1.37,1.00
2015.07.16 10:48:39.400,0.6234,0.62362,1.12,1.00
2015.07.16 10:48:39.797,0.6234,0.6236,1.00,1.00
2015.07.16 10:48:40.341,0.62334,0.62361,1.50,1.00
2015.07.16 10:48:40.391,0.62334,0.62361,1.37,1.00
2015.07.16 10:48:40.607,0.62339,0.6236,1.12,1.00
2015.07.16 10:48:40.708,0.62339,0.62362,1.12,1.50
2015.07.16 10:48:40.924,0.62339,0.62362,1.37,1.50
2015.07.16 10:48:41.434,0.62339,0.62362,1.37,1.00
2015.07.16 10:48:41.765,0.62344,0.62364,1.00,1.00
2015.07.16 10:48:42.128,0.62345,0.62366,1.00,1.00
2015.07.16 10:48:42.679,0.62345,0.62367,1.00,1.50
2015.07.16 10:48:43.180,0.62344,0.62368,1.12,1.00
2015.07.16 10:48:43.682,0.62344,0.62369,1.12,1.50
2015.07.16 10:48:44.447,0.62345,0.62369,1.00,1.50
2015.07.16 10:48:44.984,0.62344,0.62369,1.12,1.50
2015.07.16 10:48:46.223,0.62344,0.62369,1.37,1.50
2015.07.16 10:48:46.273,0.62344,0.62367,1.37,1.00
2015.07.16 10:48:47.011,0.62344,0.62367,1.37,1.00
2015.07.16 10:48:47.541,0.62345,0.62367,1.00,1.00
2015.07.16 10:48:48.847,0.62344,0.62367,1.12,1.00
2015.07.16 10:48:49.397,0.62344,0.62366,1.00,1.00
2015.07.16 10:48:49.746,0.62344,0.62364,1.00,1.00
2015.07.16 10:48:50.291,0.62345,0.62363,1.00,1.00
2015.07.16 10:48:50.889,0.62345,0.62364,1.00,1.00
2015.07.16 10:48:51.804,0.62344,0.62364,1.00,1.00
2015.07.16 10:48:53.330,0.62344,0.62363,1.00,1.00
2015.07.16 10:48:53.884,0.62342,0.62363,1.30,1.00
2015.07.16 10:48:54.188,0.62339,0.62363,1.12,1.00
2015.07.16 10:48:54.303,0.6234,0.62361,1.00,1.00
2015.07.16 10:48:54.682,0.62344,0.62362,1.00,1.00
2015.07.16 10:48:56.064,0.62344,0.62361,1.00,1.00
2015.07.16 10:48:56.751,0.62344,0.62362,1.00,1.00
2015.07.16 10:48:57.382,0.62345,0.62362,1.00,1.00
2015.07.16 10:48:57.920,0.62344,0.62362,1.00,1.00
2015.07.16 10:48:58.640,0.62339,0.62362,1.97,1.00
2015.07.16 10:48:59.363,0.62345,0.62362,1.00,1.00
2015.07.16 10:49:00.276,0.62339,0.62362,1.97,1.00
2015.07.16 10:49:01.376,0.62344,0.62362,1.00,1.00
2015.07.16 10:49:01.792,0.62339,0.62364,3.60,1.00
2015.07.16 10:49:01.943,0.62347,0.62365,1.30,1.00
2015.07.16 10:49:02.218,0.62349,0.6237,1.00,1.00
2015.07.16 10:49:02.380,0.6236,0.62377,1.00,1.00
2015.07.16 10:49:02.892,0.62359,0.62378,1.00,1.00
2015.07.16 10:49:03.533,0.62359,0.62379,1.00,1.00
2015.07.16 10:49:04.134,0.62359,0.62378,1.00,1.00
2015.07.16 10:49:04.236,0.62359,0.6238,1.12,1.00
2015.07.16 10:49:04.760,0.62359,0.62383,1.00,1.00
2015.07.16 10:49:04.911,0.62361,0.62384,1.00,1.00
2015.07.16 10:49:05.237,0.62364,0.62384,1.00,1.00
2015.07.16 10:49:05.864,0.62364,0.62386,1.00,1.12
2015.07.16 10:49:06.507,0.62364,0.62388,1.00,1.37
2015.07.16 10:49:06.658,0.62367,0.62389,1.00,1.37
2015.07.16 10:49:07.060,0.62365,0.62388,1.00,1.37
2015.07.16 10:49:08.662,0.62365,0.62388,1.50,1.37
2015.07.16 10:49:09.313,0.62364,0.62388,1.00,1.37
2015.07.16 10:49:09.661,0.62366,0.62388,1.00,1.37
2015.07.16 10:49:10.193,0.62365,0.62388,1.00,1.37
2015.07.16 10:49:12.013,0.62366,0.62388,1.00,1.12
2015.07.16 10:49:12.520,0.62367,0.62388,1.00,1.12
2015.07.16 10:49:13.128,0.62366,0.62388,1.00,1.00
2015.07.16 10:49:13.728,0.62366,0.6239,1.00,1.12
2015.07.16 10:49:13.930,0.62368,0.62391,1.00,1.00
2015.07.16 10:49:14.303,0.6237,0.62391,1.00,1.00
2015.07.16 10:49:15.888,0.62369,0.62391,1.50,1.00
2015.07.16 10:49:16.547,0.62371,0.62391,1.00,1.00
2015.07.16 10:49:17.156,0.6237,0.62391,1.00,1.00
2015.07.16 10:49:19.434,0.6237,0.62393,1.00,1.37
2015.07.16 10:49:19.992,0.62371,0.62393,1.00,1.37
2015.07.16 10:49:21.497,0.62371,0.62393,1.00,1.37
2015.07.16 10:49:21.848,0.62368,0.62391,1.00,1.12
2015.07.16 10:49:22.445,0.6237,0.62391,1.00,1.12
2015.07.16 10:49:22.952,0.62371,0.62391,1.00,1.12
2015.07.16 10:49:23.499,0.6237,0.62391,1.00,1.37
2015.07.16 10:49:24.003,0.62366,0.6239,1.00,1.12
2015.07.16 10:49:24.155,0.62369,0.62391,1.00,1.00
2015.07.16 10:49:24.661,0.62367,0.62391,1.00,1.00
2015.07.16 10:49:25.533,0.62367,0.62391,1.00,1.37
2015.07.16 10:49:26.124,0.62366,0.62389,1.00,1.00
2015.07.16 10:49:26.225,0.62368,0.62389,1.00,1.00
2015.07.16 10:49:27.487,0.62369,0.62389,1.00,1.00
2015.07.16 10:49:27.992,0.62369,0.6239,1.50,1.00
2015.07.16 10:49:28.934,0.6237,0.62394,1.00,1.12
2015.07.16 10:49:29.510,0.62371,0.62394,1.00,1.12
2015.07.16 10:49:30.314,0.62371,0.62394,1.00,1.37
2015.07.16 10:49:30.927,0.62371,0.62394,1.00,1.37
2015.07.16 10:49:31.474,0.62371,0.62394,1.00,1.12
2015.07.16 10:49:32.483,0.62369,0.62392,1.12,1.00
2015.07.16 10:49:33.133,0.6237,0.62391,1.00,1.00
2015.07.16 10:49:36.651,0.62371,0.62391,1.00,1.00
2015.07.16 10:49:37.319,0.6237,0.62391,1.00,1.00
2015.07.16 10:49:38.359,0.6237,0.62389,1.00,1.00
2015.07.16 10:49:38.757,0.62368,0.62389,1.00,1.35
2015.07.16 10:49:38.859,0.62366,0.62389,1.00,1.00
2015.07.16 10:49:39.186,0.62368,0.62389,1.00,1.00
2015.07.16 10:49:39.501,0.62368,0.62392,1.00,1.37
2015.07.16 10:49:39.930,0.62367,0.62389,1.00,1.00
2015.07.16 10:49:40.322,0.62369,0.62391,1.00,1.37
2015.07.16 10:49:40.852,0.6237,0.62391,1.00,1.00
2015.07.16 10:49:41.932,0.62369,0.62391,1.00,1.00
2015.07.16 10:49:43.657,0.62369,0.62392,1.00,1.12
2015.07.16 10:49:44.249,0.6237,0.62393,1.00,1.37
2015.07.16 10:49:44.460,0.62368,0.62393,1.00,1.37
2015.07.16 10:49:45.061,0.62369,0.62393,1.00,1.37
2015.07.16 10:49:45.331,0.62369,0.62389,1.00,1.12
2015.07.16 10:49:45.614,0.62364,0.62388,1.00,1.12
2015.07.16 10:49:45.715,0.62365,0.62388,1.00,1.37
2015.07.16 10:49:46.036,0.62362,0.62387,1.12,1.37
2015.07.16 10:49:47.098,0.62362,0.62387,1.00,1.37
2015.07.16 10:49:47.767,0.62363,0.62387,1.00,1.37
2015.07.16 10:49:49.088,0.62365,0.62387,1.00,1.37
2015.07.16 10:49:50.466,0.62365,0.62387,1.00,1.12
2015.07.16 10:49:50.768,0.62366,0.62389,1.00,1.12
2015.07.16 10:49:51.947,0.62367,0.62389,1.00,1.12
2015.07.16 10:49:52.477,0.62366,0.62389,1.00,1.37
2015.07.16 10:49:52.528,0.62366,0.62386,1.00,1.00
2015.07.16 10:49:52.629,0.62363,0.62386,1.00,1.00
2015.07.16 10:49:52.878,0.62363,0.62386,1.00,1.37
2015.07.16 10:49:52.932,0.62361,0.62386,1.00,1.37
2015.07.16 10:49:53.083,0.62359,0.62386,1.00,2.47
2015.07.16 10:49:53.311,0.62356,0.62379,1.00,1.37
2015.07.16 10:49:53.939,0.62355,0.62377,1.00,1.37
2015.07.16 10:49:55.602,0.62356,0.62377,1.00,1.37
2015.07.16 10:49:56.411,0.62356,0.62377,1.00,1.37
2015.07.16 10:49:56.715,0.62355,0.62377,1.00,1.37
2015.07.16 10:49:57.287,0.62355,0.62377,1.00,1.37
2015.07.16 10:49:57.936,0.62354,0.62377,1.00,1.37
2015.07.16 10:49:58.442,0.62354,0.62377,1.00,1.37
2015.07.16 10:50:01.290,0.62355,0.62377,1.00,1.37
2015.07.16 10:50:02.069,0.62353,0.62377,1.00,1.37
2015.07.16 10:50:03.104,0.62355,0.62377,1.00,1.37
2015.07.16 10:50:03.305,0.62355,0.62377,1.50,1.00
2015.07.16 10:50:03.852,0.62356,0.62377,1.00,1.12
2015.07.16 10:50:04.937,0.62357,0.62377,1.00,1.12
2015.07.16 10:50:05.193,0.62356,0.62377,1.00,1.37
2015.07.16 10:50:05.294,0.62353,0.62377,1.00,1.37
2015.07.16 10:50:06.000,0.62353,0.62377,1.00,1.37
2015.07.16 10:50:06.516,0.62354,0.62377,1.00,1.37
2015.07.16 10:50:07.191,0.62354,0.62377,1.00,1.37
2015.07.16 10:50:08.899,0.62354,0.62377,1.00,1.37
2015.07.16 10:50:09.101,0.62354,0.62375,1.50,1.37
2015.07.16 10:50:09.766,0.62353,0.62374,1.00,1.12
2015.07.16 10:50:10.576,0.62352,0.62374,1.00,1.12
2015.07.16 10:50:11.355,0.62354,0.62374,1.00,1.12
2015.07.16 10:50:11.862,0.62354,0.62374,1.00,1.37
2015.07.16 10:50:12.380,0.62354,0.62374,1.00,1.12
2015.07.16 10:50:12.895,0.62353,0.62374,1.00,1.12
2015.07.16 10:50:13.412,0.62354,0.62374,1.00,1.00
2015.07.16 10:50:13.513,0.62352,0.62374,1.00,1.12
2015.07.16 10:50:13.778,0.62352,0.62372,1.00,1.00
2015.07.16 10:50:14.285,0.62353,0.62372,1.00,1.12
2015.07.16 10:50:17.435,0.62353,0.62373,1.00,1.12
2015.07.16 10:50:17.955,0.62352,0.62373,1.00,1.12
2015.07.16 10:50:18.344,0.62354,0.62373,1.00,1.12
2015.07.16 10:50:19.812,0.62353,0.62373,1.00,1.12
2015.07.16 10:50:20.194,0.62355,0.62373,1.00,1.12
2015.07.16 10:50:20.350,0.62353,0.62373,1.00,1.12
2015.07.16 10:50:23.742,0.62352,0.62373,1.00,1.12
2015.07.16 10:50:24.338,0.62352,0.62373,1.00,1.37
2015.07.16 10:50:24.864,0.62351,0.62373,1.00,1.37
2015.07.16 10:50:25.211,0.62353,0.62373,1.00,1.37
2015.07.16 10:50:26.193,0.62351,0.62373,1.00,1.37
2015.07.16 10:50:27.268,0.62351,0.62371,1.00,1.12
2015.07.16 10:50:27.795,0.6235,0.62371,1.50,1.12
2015.07.16 10:50:28.046,0.62352,0.6237,1.00,1.12
2015.07.16 10:50:28.373,0.62352,0.62372,1.00,1.00
2015.07.16 10:50:28.894,0.62351,0.62372,1.00,1.37
2015.07.16 10:50:29.563,0.6235,0.62372,1.00,1.37
2015.07.16 10:50:30.662,0.62351,0.62371,1.00,1.12
2015.07.16 10:50:30.713,0.62351,0.62373,1.00,1.12
2015.07.16 10:50:32.034,0.62351,0.62373,1.00,1.37
2015.07.16 10:50:33.680,0.62353,0.62373,1.00,1.37
2015.07.16 10:50:34.091,0.62351,0.62373,1.00,1.00
2015.07.16 10:50:34.242,0.62354,0.62372,1.00,1.12
2015.07.16 10:50:34.345,0.62351,0.62372,1.00,1.12
2015.07.16 10:50:34.738,0.62354,0.62373,1.00,1.12
2015.07.16 10:50:35.246,0.62353,0.62374,1.00,1.37
2015.07.16 10:50:35.849,0.62354,0.62374,1.00,1.37
2015.07.16 10:50:36.397,0.62354,0.62374,1.00,1.12
2015.07.16 10:50:36.648,0.62352,0.62374,1.00,1.12
2015.07.16 10:50:37.374,0.62353,0.62374,1.00,1.12
2015.07.16 10:50:38.495,0.62352,0.62374,1.00,1.12
2015.07.16 10:50:39.003,0.62353,0.62374,1.00,1.12
2015.07.16 10:50:39.970,0.62353,0.62371,1.00,1.00
2015.07.16 10:50:40.373,0.62351,0.62371,1.00,1.12
2015.07.16 10:50:40.574,0.62349,0.62371,1.50,1.37
2015.07.16 10:50:41.163,0.6235,0.6237,1.00,1.12
2015.07.16 10:50:41.839,0.62351,0.62373,1.00,1.37
2015.07.16 10:50:41.890,0.62353,0.62373,1.00,1.37
2015.07.16 10:50:42.411,0.62352,0.62373,1.00,1.37
2015.07.16 10:50:42.763,0.6235,0.62373,1.50,1.37
2015.07.16 10:50:43.228,0.62349,0.62371,1.50,1.12
2015.07.16 10:50:43.683,0.62351,0.62371,1.00,1.12
2015.07.16 10:50:44.209,0.62352,0.62373,1.00,1.12
2015.07.16 10:50:46.069,0.62351,0.62373,1.00,1.12
2015.07.16 10:50:46.301,0.62351,0.62373,1.00,1.37
2015.07.16 10:50:46.838,0.62352,0.62373,1.00,1.37
2015.07.16 10:50:49.208,0.62352,0.62373,1.00,1.37
2015.07.16 10:50:49.801,0.62351,0.62373,1.00,1.37
2015.07.16 10:50:50.516,0.62351,0.62373,1.00,1.37
2015.07.16 10:50:51.681,0.62352,0.62371,1.00,1.12
2015.07.16 10:50:52.204,0.62351,0.62371,1.00,1.12
2015.07.16 10:50:54.567,0.62352,0.62371,1.00,1.12
2015.07.16 10:50:54.668,0.6235,0.62371,1.00,1.12
2015.07.16 10:50:54.869,0.62352,0.62371,1.00,1.12
2015.07.16 10:50:55.233,0.6235,0.62371,1.00,1.12
2015.07.16 10:50:58.203,0.62352,0.62373,1.00,1.00
2015.07.16 10:50:58.533,0.62354,0.62376,1.00,1.12
2015.07.16 10:50:58.634,0.62356,0.62376,1.00,1.12
2015.07.16 10:50:58.960,0.62354,0.62376,1.00,1.12
2015.07.16 10:50:59.011,0.62354,0.62375,1.00,1.37
2015.07.16 10:50:59.509,0.62352,0.62373,1.00,1.00
2015.07.16 10:51:00.060,0.62352,0.62373,1.00,1.37
2015.07.16 10:51:02.226,0.62352,0.62373,1.00,1.37
2015.07.16 10:51:02.908,0.62351,0.62373,1.00,1.37
2015.07.16 10:51:03.919,0.62352,0.62373,1.00,1.37
2015.07.16 10:51:04.469,0.62351,0.62373,1.00,1.37
2015.07.16 10:51:05.311,0.62352,0.62371,1.00,1.12
2015.07.16 10:51:06.086,0.62351,0.62371,1.00,1.12
2015.07.16 10:51:06.646,0.6235,0.62371,1.00,1.12
2015.07.16 10:51:08.928,0.6235,0.62371,1.00,1.37
2015.07.16 10:51:09.479,0.62349,0.62371,1.50,1.37
2015.07.16 10:51:10.431,0.62349,0.62371,1.00,1.37
2015.07.16 10:51:10.751,0.62351,0.62371,1.00,1.37
2015.07.16 10:51:11.282,0.6235,0.62371,1.00,1.37
2015.07.16 10:51:11.783,0.62351,0.62371,1.00,1.37
2015.07.16 10:51:12.213,0.62349,0.62369,1.00,1.00
2015.07.16 10:51:12.787,0.6235,0.6237,1.00,1.00
2015.07.16 10:51:13.138,0.62348,0.6237,1.00,1.00
2015.07.16 10:51:13.665,0.62349,0.6237,1.00,1.00
2015.07.16 10:51:15.214,0.6235,0.6237,1.00,1.00
2015.07.16 10:51:16.244,0.62349,0.6237,1.00,1.00
2015.07.16 10:51:17.004,0.6235,0.6237,1.00,1.00
2015.07.16 10:51:18.317,0.6235,0.62371,1.00,1.12
2015.07.16 10:51:21.955,0.62349,0.62371,1.50,1.12
2015.07.16 10:51:22.108,0.62349,0.62369,1.00,1.00
2015.07.16 10:51:22.411,0.62353,0.6237,1.00,1.00
2015.07.16 10:51:22.512,0.62351,0.6237,1.00,1.00
2015.07.16 10:51:22.612,0.62349,0.6237,1.00,1.00
2015.07.16 10:51:22.663,0.62349,0.62368,1.00,1.00
2015.07.16 10:51:22.764,0.62349,0.62373,1.00,1.00
2015.07.16 10:51:22.946,0.62349,0.62376,1.00,1.00
2015.07.16 10:51:22.997,0.62353,0.62376,1.00,1.00
2015.07.16 10:51:23.310,0.62364,0.62379,1.00,1.00
2015.07.16 10:51:23.361,0.62364,0.62381,1.00,1.00
2015.07.16 10:51:23.461,0.62364,0.62384,1.00,1.00
2015.07.16 10:51:24.089,0.62364,0.62383,1.00,1.00
2015.07.16 10:51:24.613,0.62364,0.62383,1.00,1.37
2015.07.16 10:51:25.286,0.62364,0.62385,1.00,1.37
2015.07.16 10:51:25.387,0.62364,0.62385,1.00,1.37
2015.07.16 10:51:26.872,0.62365,0.62385,1.00,1.37
2015.07.16 10:51:27.373,0.62364,0.62385,1.00,1.37
2015.07.16 10:51:29.575,0.62364,0.62389,1.00,1.50
2015.07.16 10:51:30.127,0.62365,0.62389,1.00,1.50
2015.07.16 10:51:31.680,0.62365,0.62391,1.00,3.60
2015.07.16 10:51:32.224,0.62366,0.6239,1.00,1.50
2015.07.16 10:51:32.612,0.62368,0.62392,1.00,1.35
2015.07.16 10:51:33.132,0.62368,0.62392,1.00,1.67
2015.07.16 10:51:33.733,0.62367,0.62392,1.00,1.67
2015.07.16 10:51:34.333,0.62366,0.62392,1.00,1.67
2015.07.16 10:51:35.797,0.62368,0.62392,1.00,1.67
2015.07.16 10:51:36.189,0.62368,0.62392,1.00,1.35
2015.07.16 10:51:36.330,0.62366,0.62392,1.00,1.35
2015.07.16 10:51:36.681,0.62366,0.62395,1.00,2.25
2015.07.16 10:51:36.781,0.62369,0.62395,1.00,2.25
2015.07.16 10:51:37.141,0.62371,0.62395,1.00,1.50
2015.07.16 10:51:38.702,0.62371,0.62395,1.00,1.75
2015.07.16 10:51:38.931,0.62369,0.62395,1.50,2.25
2015.07.16 10:51:39.698,0.62369,0.62393,1.00,2.10
2015.07.16 10:51:40.621,0.62368,0.62393,1.00,2.10
2015.07.16 10:51:41.803,0.62368,0.62393,1.00,1.72
2015.07.16 10:51:45.013,0.62368,0.62393,1.00,2.10
2015.07.16 10:51:46.013,0.6237,0.62394,1.00,1.75
2015.07.16 10:51:48.871,0.62371,0.62394,1.00,1.75
2015.07.16 10:51:49.318,0.62369,0.62394,1.00,1.75
2015.07.16 10:51:50.121,0.6237,0.62394,1.00,1.75
2015.07.16 10:51:50.931,0.6237,0.62394,1.00,1.50
2015.07.16 10:51:51.442,0.62371,0.62395,1.00,1.75
2015.07.16 10:51:55.211,0.62372,0.62401,1.00,2.25
2015.07.16 10:51:55.312,0.62372,0.62401,1.50,2.25
2015.07.16 10:51:55.412,0.62378,0.62404,1.00,1.72
2015.07.16 10:51:55.815,0.6238,0.62409,1.00,3.60
2015.07.16 10:51:56.116,0.62383,0.62409,1.00,1.35
2015.07.16 10:51:56.681,0.62384,0.62411,1.00,2.10
2015.07.16 10:51:57.219,0.62384,0.6241,1.00,1.75
2015.07.16 10:51:57.747,0.62383,0.62411,1.00,2.85
2015.07.16 10:51:58.788,0.62384,0.6241,1.00,2.25
2015.07.16 10:51:59.089,0.62384,0.62409,1.00,1.75
2015.07.16 10:51:59.545,0.6238,0.62406,1.50,2.10
2015.07.16 10:51:59.696,0.62382,0.62405,1.00,1.67
2015.07.16 10:52:00.336,0.62381,0.62405,1.00,1.67
2015.07.16 10:52:01.350,0.62382,0.62405,1.00,1.67
2015.07.16 10:52:01.736,0.62383,0.62406,1.00,1.97
2015.07.16 10:52:02.371,0.62383,0.62406,1.00,1.97
2015.07.16 10:52:03.182,0.62383,0.62406,1.00,1.97
2015.07.16 10:52:03.491,0.62384,0.62407,1.00,1.37
2015.07.16 10:52:04.638,0.62383,0.62407,1.00,1.37
2015.07.16 10:52:04.739,0.62383,0.62405,1.00,1.37
2015.07.16 10:52:04.859,0.62381,0.62405,1.00,1.37
2015.07.16 10:52:05.410,0.62381,0.62405,1.00,1.37
2015.07.16 10:52:06.212,0.62381,0.62405,1.00,1.37
2015.07.16 10:52:06.515,0.6238,0.62403,1.00,1.50
2015.07.16 10:52:07.066,0.62381,0.62405,1.00,2.25
2015.07.16 10:52:07.615,0.6238,0.62405,1.00,1.75
2015.07.16 10:52:08.301,0.6238,0.62405,1.00,1.50
2015.07.16 10:52:09.716,0.62382,0.62406,1.00,1.37
2015.07.16 10:52:09.767,0.62382,0.62408,1.00,1.37
2015.07.16 10:52:09.922,0.62386,0.62408,1.00,1.37
2015.07.16 10:52:10.244,0.62385,0.6241,1.00,1.87
2015.07.16 10:52:10.345,0.62387,0.62412,1.00,1.75
2015.07.16 10:52:10.864,0.62386,0.62412,1.00,1.50
2015.07.16 10:52:11.478,0.62387,0.62412,1.00,1.50
2015.07.16 10:52:12.243,0.62387,0.62413,1.00,1.75
2015.07.16 10:52:12.778,0.62387,0.62413,1.00,1.75
2015.07.16 10:52:13.289,0.62386,0.62414,1.00,1.75
2015.07.16 10:52:14.499,0.62387,0.62415,1.00,2.10
2015.07.16 10:52:15.032,0.62386,0.62414,1.00,1.75
2015.07.16 10:52:15.540,0.62387,0.62414,1.00,1.75
2015.07.16 10:52:15.935,0.62385,0.62413,1.00,1.75
2015.07.16 10:52:16.286,0.62387,0.62414,1.00,1.75
2015.07.16 10:52:16.907,0.62386,0.62413,1.00,1.75
2015.07.16 10:52:17.439,0.62386,0.62413,1.00,1.75
2015.07.16 10:52:17.940,0.62387,0.62414,1.00,1.75
2015.07.16 10:52:18.499,0.62386,0.62413,1.00,1.75
2015.07.16 10:52:18.805,0.62388,0.62414,1.00,2.25
2015.07.16 10:52:19.243,0.62386,0.62413,1.00,1.75
2015.07.16 10:52:19.764,0.62386,0.62413,1.00,1.75
2015.07.16 10:52:20.060,0.62386,0.62413,1.00,1.75
2015.07.16 10:52:20.597,0.62387,0.62414,1.00,2.25
2015.07.16 10:52:20.798,0.62386,0.62413,1.00,1.50
2015.07.16 10:52:20.899,0.62388,0.62413,1.00,1.75
2015.07.16 10:52:21.448,0.62387,0.62415,1.00,2.85
2015.07.16 10:52:22.080,0.62388,0.62415,1.00,2.10
2015.07.16 10:52:22.631,0.62387,0.62415,1.00,2.10
2015.07.16 10:52:23.002,0.62387,0.62414,1.00,1.75
2015.07.16 10:52:23.604,0.62387,0.62412,1.00,1.50
2015.07.16 10:52:23.709,0.62387,0.62412,1.00,1.37
2015.07.16 10:52:24.255,0.62388,0.62415,1.00,2.10
2015.07.16 10:52:24.757,0.62387,0.62412,1.00,1.37
2015.07.16 10:52:24.807,0.62387,0.62412,1.00,1.75
2015.07.16 10:52:24.858,0.62385,0.62413,1.00,1.75
2015.07.16 10:52:25.565,0.62387,0.62415,1.00,2.85
2015.07.16 10:52:25.616,0.62387,0.62415,1.00,2.85
2015.07.16 10:52:25.719,0.62389,0.62414,1.00,1.50
2015.07.16 10:52:26.653,0.62389,0.62414,1.00,1.37
2015.07.16 10:52:26.882,0.62389,0.62414,1.00,1.75
2015.07.16 10:52:26.933,0.62387,0.62414,1.00,1.75
2015.07.16 10:52:27.463,0.62388,0.62415,1.00,2.10
2015.07.16 10:52:27.629,0.62388,0.62415,1.00,2.25
2015.07.16 10:52:28.151,0.62387,0.62415,1.00,2.10
2015.07.16 10:52:28.670,0.62387,0.62415,1.00,2.10
2015.07.16 10:52:31.184,0.62388,0.62414,1.00,1.75
2015.07.16 10:52:31.706,0.62387,0.62414,1.00,1.75
2015.07.16 10:52:32.228,0.62387,0.62414,1.00,1.75
2015.07.16 10:52:32.813,0.62386,0.6241,1.00,1.37
2015.07.16 10:52:33.330,0.62385,0.62411,1.00,2.25
2015.07.16 10:52:33.781,0.62383,0.62411,1.00,2.25
2015.07.16 10:52:34.171,0.62385,0.62411,1.00,1.50
2015.07.16 10:52:34.483,0.62385,0.62413,1.00,1.50
2015.07.16 10:52:34.533,0.62387,0.62414,1.00,1.75
2015.07.16 10:52:34.865,0.62385,0.62413,1.00,1.75
2015.07.16 10:52:36.339,0.62385,0.62413,1.00,1.50
2015.07.16 10:52:36.742,0.62382,0.62408,1.50,1.37
2015.07.16 10:52:37.479,0.62382,0.62408,1.87,1.37
2015.07.16 10:52:37.990,0.62383,0.62408,1.00,1.37
2015.07.16 10:52:38.569,0.62383,0.62408,1.00,1.37
2015.07.16 10:52:39.115,0.62384,0.62408,1.00,1.37
2015.07.16 10:52:40.272,0.62384,0.62408,1.00,1.37
2015.07.16 10:52:40.373,0.62382,0.62407,1.50,1.12
2015.07.16 10:52:40.882,0.62382,0.62406,1.00,1.00
2015.07.16 10:52:41.859,0.62382,0.62406,1.00,1.37
2015.07.16 10:52:43.841,0.62383,0.62406,1.00,1.12
2015.07.16 10:52:45.710,0.62382,0.62407,1.50,1.37
2015.07.16 10:52:46.114,0.62379,0.62404,2.25,1.12
2015.07.16 10:52:46.812,0.62379,0.62404,2.62,1.37
2015.07.16 10:52:48.009,0.62381,0.62405,1.00,1.37
2015.07.16 10:52:48.231,0.62381,0.62406,1.00,1.12
2015.07.16 10:52:48.755,0.62381,0.62405,1.00,1.12
2015.07.16 10:52:49.083,0.62379,0.62404,1.00,1.12
2015.07.16 10:52:49.133,0.62379,0.62404,1.00,1.37
2015.07.16 10:52:49.234,0.62376,0.62401,1.00,1.37
2015.07.16 10:52:49.605,0.62373,0.62398,1.00,1.37
2015.07.16 10:52:50.151,0.62374,0.62397,1.00,1.00
2015.07.16 10:52:50.402,0.62372,0.62398,1.00,1.12
2015.07.16 10:52:50.981,0.62371,0.62396,1.00,1.00
2015.07.16 10:52:51.622,0.62372,0.62397,1.00,1.12
2015.07.16 10:52:52.169,0.62371,0.62396,1.00,1.00
2015.07.16 10:52:52.699,0.6237,0.62395,1.50,1.00
2015.07.16 10:52:53.084,0.62372,0.62396,1.00,1.00
2015.07.16 10:52:53.414,0.62371,0.62394,1.00,1.00
2015.07.16 10:52:53.615,0.62368,0.62392,1.35,1.00
2015.07.16 10:52:56.805,0.62367,0.62391,1.60,1.00
2015.07.16 10:52:57.878,0.62367,0.6239,2.10,1.00
2015.07.16 10:52:58.335,0.62367,0.62392,2.10,1.00
2015.07.16 10:52:59.982,0.62367,0.6239,1.60,1.00
2015.07.16 10:53:00.083,0.62365,0.62388,1.50,1.00
2015.07.16 10:53:00.334,0.62365,0.62386,1.00,1.00
2015.07.16 10:53:00.385,0.62361,0.62386,1.50,1.00
2015.07.16 10:53:00.536,0.62361,0.62384,1.12,1.00
2015.07.16 10:53:00.866,0.6236,0.62382,1.50,1.00
2015.07.16 10:53:01.103,0.62361,0.62384,1.12,1.00
2015.07.16 10:53:01.404,0.62359,0.62384,2.62,1.12
2015.07.16 10:53:02.160,0.62362,0.62386,1.12,1.37
2015.07.16 10:53:02.311,0.62362,0.62388,1.37,1.00
2015.07.16 10:53:02.858,0.62365,0.62388,1.50,1.00
2015.07.16 10:53:03.079,0.62363,0.62388,1.00,1.50
2015.07.16 10:53:03.610,0.62362,0.62387,1.00,1.37
2015.07.16 10:53:03.660,0.62365,0.62387,1.00,1.37
2015.07.16 10:53:04.005,0.62365,0.62385,1.00,1.37
2015.07.16 10:53:04.311,0.62365,0.62385,1.00,1.37
2015.07.16 10:53:04.412,0.62365,0.62386,1.00,1.37
2015.07.16 10:53:04.750,0.62365,0.62386,1.00,1.37
2015.07.16 10:53:04.800,0.62365,0.62386,1.00,1.00
2015.07.16 10:53:04.952,0.62365,0.62389,1.00,1.37
2015.07.16 10:53:05.458,0.62366,0.6239,1.00,1.37
2015.07.16 10:53:06.062,0.62365,0.6239,1.87,1.37
2015.07.16 10:53:08.795,0.62364,0.62389,1.50,1.37
2015.07.16 10:53:08.845,0.62364,0.62389,1.00,1.72
2015.07.16 10:53:08.896,0.6236,0.62385,1.00,1.00
2015.07.16 10:53:09.047,0.6236,0.62385,1.00,1.37
2015.07.16 10:53:09.611,0.6236,0.62383,1.00,1.37
2015.07.16 10:53:09.917,0.62359,0.62384,1.00,1.75
2015.07.16 10:53:10.118,0.62359,0.62382,1.00,1.37
2015.07.16 10:53:11.118,0.62359,0.62381,1.00,1.00
2015.07.16 10:53:12.087,0.6236,0.62383,1.00,1.37
2015.07.16 10:53:12.517,0.62361,0.62386,1.00,1.37
2015.07.16 10:53:12.618,0.62361,0.62386,1.12,1.12
2015.07.16 10:53:12.668,0.62364,0.62387,1.00,1.37
2015.07.16 10:53:13.186,0.62364,0.62387,1.00,1.12
2015.07.16 10:53:13.708,0.62363,0.62388,1.00,1.37
2015.07.16 10:53:14.042,0.62365,0.62388,1.00,1.37
2015.07.16 10:53:14.750,0.62364,0.62389,1.00,1.37
2015.07.16 10:53:15.089,0.62364,0.62389,1.00,1.50
2015.07.16 10:53:15.190,0.62362,0.62385,1.12,1.37
2015.07.16 10:53:15.241,0.62369,0.62385,1.00,1.37
2015.07.16 10:53:15.341,0.62364,0.62387,1.00,1.37
2015.07.16 10:53:15.442,0.62365,0.62386,1.00,1.12
2015.07.16 10:53:15.696,0.62365,0.62384,1.00,1.00
2015.07.16 10:53:15.746,0.6236,0.62385,1.00,1.12
2015.07.16 10:53:15.970,0.62359,0.62384,1.50,1.37
2015.07.16 10:53:16.473,0.62363,0.62387,1.00,1.37
2015.07.16 10:53:16.782,0.62365,0.62389,1.00,1.00
2015.07.16 10:53:16.882,0.62366,0.6239,1.37,1.12
2015.07.16 10:53:17.184,0.62367,0.62392,1.00,1.12
2015.07.16 10:53:17.386,0.62366,0.62391,1.00,1.37
2015.07.16 10:53:17.587,0.62364,0.62389,1.50,1.00
2015.07.16 10:53:17.915,0.62363,0.62386,1.00,1.00
2015.07.16 10:53:18.439,0.62362,0.62387,1.00,1.00
2015.07.16 10:53:18.908,0.62365,0.6239,1.00,1.00
2015.07.16 10:53:19.255,0.62367,0.62391,1.00,1.00
2015.07.16 10:53:19.828,0.62368,0.62392,1.00,1.00
2015.07.16 10:53:21.259,0.62367,0.62393,1.00,1.37
2015.07.16 10:53:21.772,0.62366,0.62391,1.00,1.12
2015.07.16 10:53:23.778,0.62369,0.62392,1.00,1.12
2015.07.16 10:53:24.319,0.62368,0.62393,1.00,1.12
2015.07.16 10:53:25.230,0.62368,0.62393,1.00,1.37
2015.07.16 10:53:25.610,0.62368,0.62393,1.00,1.12
2015.07.16 10:53:25.862,0.62368,0.62391,1.00,1.00
2015.07.16 10:53:25.962,0.62368,0.62393,1.37,1.00
2015.07.16 10:53:26.324,0.6237,0.62395,1.37,1.37
2015.07.16 10:53:27.276,0.62371,0.62396,1.00,1.37
2015.07.16 10:53:27.556,0.62373,0.62398,1.12,1.00
2015.07.16 10:53:27.607,0.62375,0.62398,1.00,1.00
2015.07.16 10:53:28.145,0.62374,0.62399,1.00,1.12
2015.07.16 10:53:28.665,0.62373,0.62398,1.00,1.12
2015.07.16 10:53:29.169,0.62372,0.62397,1.00,1.37
2015.07.16 10:53:29.484,0.6237,0.62395,1.00,1.37
2015.07.16 10:53:29.986,0.62369,0.62395,1.00,1.37
2015.07.16 10:53:30.470,0.62367,0.62392,1.00,1.12
2015.07.16 10:53:31.067,0.62369,0.62392,1.00,1.00
2015.07.16 10:53:31.207,0.62367,0.62393,1.00,1.12
2015.07.16 10:53:31.691,0.62366,0.62391,1.00,1.12
2015.07.16 10:53:32.018,0.62366,0.62389,1.00,1.00
2015.07.16 10:53:32.467,0.62364,0.62389,1.00,1.37
2015.07.16 10:53:33.091,0.62363,0.62388,1.00,1.37
2015.07.16 10:53:33.745,0.6236,0.62386,1.00,1.37
2015.07.16 10:53:34.349,0.62359,0.62384,1.00,1.12
2015.07.16 10:53:34.904,0.6236,0.62385,1.00,1.12
2015.07.16 10:53:35.352,0.62362,0.62387,1.00,1.37
2015.07.16 10:53:36.097,0.62363,0.62387,1.00,1.12
2015.07.16 10:53:36.486,0.62363,0.62386,1.00,1.37
2015.07.16 10:53:37.257,0.62362,0.62385,1.00,1.12
2015.07.16 10:53:37.882,0.62362,0.62387,1.00,1.37
2015.07.16 10:53:39.680,0.62364,0.62387,1.00,1.37
2015.07.16 10:53:39.831,0.62367,0.62395,1.00,1.50
2015.07.16 10:53:39.932,0.62369,0.62394,1.00,1.37
2015.07.16 10:53:40.447,0.62368,0.62395,1.50,1.37
2015.07.16 10:53:40.989,0.62369,0.62396,1.50,1.37
2015.07.16 10:53:41.650,0.6237,0.62397,1.00,1.37
2015.07.16 10:53:42.224,0.62369,0.62396,1.00,1.37
2015.07.16 10:53:42.476,0.62366,0.62394,1.50,1.37
2015.07.16 10:53:42.993,0.62366,0.62392,1.00,1.37
2015.07.16 10:53:43.749,0.62367,0.62392,1.00,1.37
2015.07.16 10:53:43.850,0.62367,0.62392,1.50,1.12
2015.07.16 10:53:44.228,0.62369,0.62395,1.00,1.37
2015.07.16 10:53:44.732,0.6237,0.62394,1.00,1.00
2015.07.16 10:53:45.394,0.62369,0.62394,1.00,1.12
2015.07.16 10:53:45.734,0.62367,0.62393,1.00,1.37
2015.07.16 10:53:46.279,0.62366,0.62392,1.00,1.12
2015.07.16 10:53:46.610,0.62363,0.62386,1.00,1.12
2015.07.16 10:53:47.139,0.62362,0.62388,1.00,1.37
2015.07.16 10:53:47.576,0.62364,0.6239,1.00,1.37
2015.07.16 10:53:47.884,0.62366,0.62392,1.00,1.37
2015.07.16 10:53:48.193,0.62363,0.62389,1.00,1.37
2015.07.16 10:53:48.696,0.62363,0.62389,1.00,1.00
2015.07.16 10:53:49.290,0.62363,0.62389,1.00,1.37
2015.07.16 10:53:49.341,0.62363,0.62389,1.00,1.37
2015.07.16 10:53:49.861,0.62363,0.62389,1.00,1.37
2015.07.16 10:53:50.397,0.62364,0.62388,1.00,1.37
2015.07.16 10:53:51.031,0.62363,0.62389,1.00,1.37
2015.07.16 10:53:51.550,0.62363,0.62387,1.00,1.37
2015.07.16 10:53:52.082,0.62363,0.62389,1.00,1.50
2015.07.16 10:53:52.455,0.62363,0.62389,1.00,1.37
2015.07.16 10:53:52.556,0.62361,0.62387,1.00,1.37
2015.07.16 10:53:53.170,0.62363,0.62387,1.00,1.37
2015.07.16 10:53:53.372,0.62364,0.62388,1.00,1.37
2015.07.16 10:53:53.908,0.62363,0.62389,1.50,1.37
2015.07.16 10:53:54.527,0.62365,0.62389,1.00,1.37
2015.07.16 10:53:55.077,0.62363,0.62389,1.00,1.37
2015.07.16 10:53:55.616,0.62364,0.6239,1.00,1.37
2015.07.16 10:53:55.667,0.62364,0.6239,1.00,1.37
2015.07.16 10:53:56.292,0.62363,0.6239,1.00,1.50
2015.07.16 10:53:56.392,0.62363,0.6239,1.00,1.37
2015.07.16 10:53:56.923,0.62364,0.6239,1.00,1.37
2015.07.16 10:53:57.597,0.62364,0.62389,1.00,1.37
2015.07.16 10:53:58.099,0.62364,0.62389,1.00,1.37
2015.07.16 10:53:58.810,0.62364,0.6239,1.50,1.37
2015.07.16 10:53:59.011,0.62366,0.62392,1.00,1.37
2015.07.16 10:53:59.534,0.62366,0.62392,1.00,1.37
2015.07.16 10:53:59.814,0.62365,0.62391,1.00,1.50
2015.07.16 10:54:00.425,0.62364,0.6239,1.50,1.37
2015.07.16 10:54:00.525,0.62365,0.62389,1.00,1.12
2015.07.16 10:54:02.118,0.62367,0.62391,1.00,1.37
2015.07.16 10:54:02.665,0.62366,0.62392,1.00,1.37
2015.07.16 10:54:03.245,0.62365,0.62391,1.00,1.37
2015.07.16 10:54:04.097,0.62364,0.6239,1.50,1.50
2015.07.16 10:54:05.638,0.62364,0.62387,1.00,1.00
2015.07.16 10:54:06.047,0.62364,0.62387,1.00,1.37
2015.07.16 10:54:07.005,0.62364,0.62389,1.00,1.50
2015.07.16 10:54:07.106,0.62364,0.62389,1.00,1.37
2015.07.16 10:54:07.612,0.62364,0.6239,1.50,1.37
2015.07.16 10:54:10.607,0.62365,0.62388,1.00,1.37
2015.07.16 10:54:11.166,0.62364,0.62388,1.50,1.37
2015.07.16 10:54:11.539,0.62364,0.62388,1.50,1.37
2015.07.16 10:54:12.069,0.62365,0.6239,1.00,1.75
2015.07.16 10:54:12.662,0.62364,0.62388,1.00,1.50
2015.07.16 10:54:13.560,0.62364,0.62388,1.00,1.37
2015.07.16 10:54:13.793,0.62362,0.62388,1.00,1.37
2015.07.16 10:54:15.049,0.62364,0.62388,1.00,1.37
2015.07.16 10:54:15.319,0.62362,0.62388,1.00,1.37
2015.07.16 10:54:15.419,0.6236,0.62386,1.12,1.37
2015.07.16 10:54:15.470,0.62359,0.62384,1.00,1.37
2015.07.16 10:54:16.260,0.6236,0.62386,1.00,1.37
2015.07.16 10:54:16.791,0.62361,0.62387,1.00,1.37
2015.07.16 10:54:17.173,0.62363,0.62387,1.00,1.37
2015.07.16 10:54:17.877,0.62364,0.62389,1.00,1.37
2015.07.16 10:54:23.947,0.62364,0.62389,1.00,1.37
2015.07.16 10:54:25.483,0.62366,0.6239,1.00,1.37
2015.07.16 10:54:26.101,0.62365,0.62389,1.00,1.37
2015.07.16 10:54:26.720,0.62365,0.62389,1.00,1.37
2015.07.16 10:54:27.381,0.62364,0.6239,1.00,1.50
2015.07.16 10:54:28.196,0.62365,0.62389,1.00,1.37
2015.07.16 10:54:28.498,0.62366,0.62392,1.00,1.37
2015.07.16 10:54:31.066,0.62366,0.62392,1.00,1.50
2015.07.16 10:54:31.797,0.62366,0.62392,1.00,1.75
2015.07.16 10:54:32.303,0.62365,0.62392,1.00,1.75
2015.07.16 10:54:32.504,0.62365,0.62389,1.00,1.50
2015.07.16 10:54:34.997,0.62365,0.62389,1.00,1.37
2015.07.16 10:54:35.098,0.62367,0.62395,1.00,1.87
2015.07.16 10:54:35.149,0.6237,0.62395,1.00,1.75
2015.07.16 10:54:35.528,0.62369,0.62396,1.00,1.75
2015.07.16 10:54:35.914,0.62367,0.62394,1.00,1.12
2015.07.16 10:54:36.446,0.62367,0.62394,1.00,1.12
2015.07.16 10:54:36.987,0.62369,0.62394,1.00,1.12
2015.07.16 10:54:37.529,0.62369,0.62396,1.00,1.75
2015.07.16 10:54:38.306,0.62368,0.62393,1.00,1.75
2015.07.16 10:54:38.768,0.62368,0.62391,1.00,1.75
2015.07.16 10:54:38.874,0.62366,0.62391,1.00,1.75
2015.07.16 10:54:39.328,0.62364,0.62389,1.00,1.75
2015.07.16 10:54:39.429,0.62364,0.62389,1.00,1.37
2015.07.16 10:54:39.958,0.62364,0.6239,1.00,1.35
2015.07.16 10:54:40.460,0.62365,0.6239,1.00,2.10
2015.07.16 10:54:40.994,0.62365,0.6239,1.00,2.10
2015.07.16 10:54:41.513,0.62365,0.6239,1.00,1.35
2015.07.16 10:54:43.447,0.62365,0.6239,1.00,1.35
2015.07.16 10:54:44.137,0.62366,0.6239,1.00,1.35
2015.07.16 10:54:44.358,0.62366,0.62391,1.00,1.35
2015.07.16 10:54:44.887,0.62366,0.62389,1.00,1.37
2015.07.16 10:54:45.070,0.62366,0.62389,1.00,1.75
2015.07.16 10:54:45.564,0.62365,0.62389,1.00,1.50
2015.07.16 10:54:46.076,0.62366,0.62389,1.00,1.75
2015.07.16 10:54:47.072,0.62367,0.62389,1.00,1.37
2015.07.16 10:54:47.577,0.62368,0.62392,1.00,2.10
2015.07.16 10:54:48.379,0.62367,0.62392,1.00,2.85
2015.07.16 10:54:48.917,0.62366,0.62391,1.00,1.35
2015.07.16 10:54:49.540,0.62367,0.62392,1.00,1.87
2015.07.16 10:54:50.201,0.62368,0.62392,1.00,1.37
2015.07.16 10:54:51.067,0.62366,0.62392,1.00,1.37
2015.07.16 10:54:51.589,0.62366,0.62392,1.00,1.50
2015.07.16 10:54:52.110,0.62367,0.62392,1.00,1.50
2015.07.16 10:54:53.121,0.62367,0.62392,1.00,1.37
2015.07.16 10:54:53.452,0.62367,0.62392,1.00,1.00
2015.07.16 10:54:53.503,0.62371,0.62394,1.00,1.12
2015.07.16 10:54:53.805,0.62373,0.62396,1.00,1.37
2015.07.16 10:54:54.247,0.62374,0.62396,1.00,1.37
2015.07.16 10:54:54.479,0.62372,0.62396,1.00,1.37
2015.07.16 10:54:54.846,0.62372,0.62396,1.00,1.37
2015.07.16 10:54:55.149,0.62374,0.62396,1.00,1.37
2015.07.16 10:54:55.507,0.62372,0.62396,1.00,1.37
2015.07.16 10:54:56.153,0.62373,0.62396,1.00,1.37
2015.07.16 10:54:56.828,0.62372,0.62396,1.00,1.37
2015.07.16 10:54:56.979,0.62372,0.62396,1.00,1.37
2015.07.16 10:54:57.538,0.62373,0.62395,1.00,1.37
2015.07.16 10:54:59.463,0.62372,0.62395,1.00,1.12
2015.07.16 10:55:00.037,0.62373,0.62399,1.00,1.37
2015.07.16 10:55:00.507,0.62373,0.62399,1.00,1.50
2015.07.16 10:55:03.428,0.62374,0.62399,1.00,1.50
2015.07.16 10:55:03.630,0.62372,0.62399,1.00,1.50
2015.07.16 10:55:03.943,0.62375,0.624,1.00,1.75
2015.07.16 10:55:04.481,0.62375,0.62399,1.00,1.12
2015.07.16 10:55:04.532,0.62373,0.62398,1.00,1.37
2015.07.16 10:55:05.137,0.62372,0.62399,1.00,1.75
2015.07.16 10:55:05.483,0.62374,0.62401,1.00,2.25
2015.07.16 10:55:05.534,0.62374,0.62401,1.00,2.25
2015.07.16 10:55:06.060,0.62375,0.62401,1.00,1.50
2015.07.16 10:55:06.606,0.62376,0.62401,1.00,2.62
2015.07.16 10:55:06.707,0.62373,0.624,1.00,2.62
2015.07.16 10:55:06.909,0.62371,0.62398,1.00,1.87
2015.07.16 10:55:07.410,0.62371,0.62397,1.00,1.37
2015.07.16 10:55:07.911,0.62372,0.62397,1.00,1.12
2015.07.16 10:55:08.427,0.62371,0.62397,1.00,1.12
2015.07.16 10:55:09.643,0.62371,0.62396,1.00,1.87
2015.07.16 10:55:11.661,0.62373,0.62398,1.00,1.37
2015.07.16 10:55:12.299,0.62373,0.62399,1.00,1.37
2015.07.16 10:55:12.828,0.62372,0.62399,1.00,1.87
2015.07.16 10:55:13.357,0.62373,0.62399,1.00,1.37
2015.07.16 10:55:14.405,0.62374,0.62399,1.00,1.37
2015.07.16 10:55:15.067,0.62373,0.62399,1.00,1.50
2015.07.16 10:55:15.459,0.62372,0.62397,1.00,2.25
2015.07.16 10:55:16.162,0.62371,0.62397,1.00,1.50
2015.07.16 10:55:16.512,0.62371,0.62395,1.00,1.35
2015.07.16 10:55:16.562,0.62371,0.62396,1.00,1.60
2015.07.16 10:55:16.613,0.62366,0.62393,1.00,1.00
2015.07.16 10:55:16.713,0.62369,0.62396,1.00,2.10
2015.07.16 10:55:17.302,0.6237,0.62396,1.00,1.60
2015.07.16 10:55:17.608,0.6237,0.62396,1.00,1.97
2015.07.16 10:55:18.217,0.6237,0.62395,1.00,1.72
2015.07.16 10:55:18.725,0.62369,0.62393,1.00,1.37
2015.07.16 10:55:19.621,0.62369,0.62393,1.00,1.37
2015.07.16 10:55:20.172,0.62369,0.62393,1.00,1.37
2015.07.16 10:55:20.769,0.62369,0.62393,1.00,1.37
2015.07.16 10:55:20.919,0.62367,0.62393,1.00,1.37
2015.07.16 10:55:21.629,0.62367,0.62393,1.00,1.37
2015.07.16 10:55:21.680,0.62369,0.62393,1.00,1.37
2015.07.16 10:55:21.995,0.62371,0.62397,1.00,1.87
2015.07.16 10:55:22.581,0.6237,0.62397,1.00,1.37
2015.07.16 10:55:22.883,0.62372,0.62397,1.00,1.37
2015.07.16 10:55:22.934,0.62372,0.62397,1.00,1.37
2015.07.16 10:55:23.085,0.62376,0.62401,1.00,1.50
2015.07.16 10:55:23.393,0.62378,0.62402,1.00,1.50
2015.07.16 10:55:23.898,0.62377,0.62402,1.00,2.25
2015.07.16 10:55:24.642,0.62377,0.62402,1.00,1.87
2015.07.16 10:55:25.054,0.6238,0.62403,1.00,1.37
2015.07.16 10:55:25.356,0.6238,0.62403,1.00,1.37
2015.07.16 10:55:25.558,0.62378,0.62403,1.00,1.50
2015.07.16 10:55:25.759,0.62376,0.624,1.00,1.00
2015.07.16 10:55:25.860,0.62378,0.62401,1.00,1.50
2015.07.16 10:55:26.049,0.62376,0.62401,1.00,1.50
2015.07.16 10:55:26.268,0.62379,0.62402,1.00,1.37
2015.07.16 10:55:26.426,0.62377,0.62402,1.00,1.37
2015.07.16 10:55:26.857,0.62379,0.62403,1.00,1.37
2015.07.16 10:55:26.958,0.62377,0.62403,1.00,1.37
2015.07.16 10:55:27.162,0.62379,0.62403,1.00,1.37
2015.07.16 10:55:27.480,0.62377,0.62403,1.00,1.37
2015.07.16 10:55:27.631,0.62379,0.62403,1.00,1.37
2015.07.16 10:55:28.506,0.62379,0.62404,1.00,1.37
2015.07.16 10:55:28.908,0.6238,0.62404,1.00,1.75
2015.07.16 10:55:29.109,0.6238,0.62405,1.00,2.25
2015.07.16 10:55:29.210,0.6238,0.62406,1.00,1.37
2015.07.16 10:55:29.261,0.62382,0.62406,1.00,1.37
2015.07.16 10:55:29.778,0.62382,0.62406,1.00,1.50
2015.07.16 10:55:30.313,0.62382,0.62406,1.00,1.37
2015.07.16 10:55:30.876,0.62382,0.62406,1.00,1.37
2015.07.16 10:55:31.192,0.62382,0.62406,1.00,1.75
2015.07.16 10:55:31.394,0.62381,0.62406,1.00,1.37
2015.07.16 10:55:31.768,0.62383,0.62406,1.00,1.37
2015.07.16 10:55:32.305,0.62383,0.62406,1.00,1.37
2015.07.16 10:55:32.406,0.62384,0.62409,1.00,1.50
2015.07.16 10:55:32.456,0.62386,0.62409,1.00,1.50
2015.07.16 10:55:32.620,0.62386,0.62411,1.00,2.47
2015.07.16 10:55:32.771,0.62384,0.62411,1.00,2.47
2015.07.16 10:55:32.822,0.62384,0.62411,1.00,2.25
2015.07.16 10:55:32.922,0.62384,0.62411,1.00,2.25
2015.07.16 10:55:32.977,0.62386,0.62411,1.00,2.25
2015.07.16 10:55:33.027,0.62386,0.62411,1.00,1.50
2015.07.16 10:55:33.280,0.62388,0.62415,1.00,1.00
2015.07.16 10:55:33.823,0.62387,0.62414,1.00,2.25
2015.07.16 10:55:34.025,0.62387,0.62414,1.00,1.87
2015.07.16 10:55:34.550,0.62388,0.62413,1.00,1.37
2015.07.16 10:55:34.651,0.62388,0.62413,1.00,1.00
2015.07.16 10:55:35.227,0.62389,0.62414,1.00,1.00
2015.07.16 10:55:35.397,0.62387,0.62414,1.00,1.00
2015.07.16 10:55:35.447,0.62387,0.62413,1.00,1.75
2015.07.16 10:55:35.658,0.62387,0.62413,1.00,1.37
2015.07.16 10:55:36.380,0.62387,0.62414,1.00,2.25
2015.07.16 10:55:36.682,0.62389,0.62414,1.00,1.50
2015.07.16 10:55:36.784,0.62389,0.62414,1.00,1.37
2015.07.16 10:55:36.885,0.62389,0.62414,1.00,1.75
2015.07.16 10:55:37.309,0.62389,0.62415,1.00,1.37
2015.07.16 10:55:37.359,0.62389,0.62415,1.00,1.75
2015.07.16 10:55:37.688,0.62389,0.62414,1.00,1.37
2015.07.16 10:55:37.889,0.62388,0.62414,1.00,1.50
2015.07.16 10:55:38.235,0.62391,0.62414,1.00,1.37
2015.07.16 10:55:38.607,0.62391,0.62414,1.00,1.50
2015.07.16 10:55:39.136,0.6239,0.62414,1.00,1.50
2015.07.16 10:55:39.639,0.62391,0.62414,1.00,1.50
2015.07.16 10:55:39.689,0.62391,0.62414,1.00,1.37
2015.07.16 10:55:39.911,0.6239,0.62414,1.00,1.37
2015.07.16 10:55:40.237,0.62392,0.62412,1.00,1.37
2015.07.16 10:55:40.567,0.6239,0.62412,1.00,1.37
2015.07.16 10:55:41.210,0.62391,0.62414,1.00,1.37
2015.07.16 10:55:41.392,0.62391,0.62414,1.00,1.50
2015.07.16 10:55:41.895,0.62394,0.62415,1.00,1.37
2015.07.16 10:55:41.996,0.62392,0.62415,1.00,1.37
2015.07.16 10:55:42.515,0.62393,0.62415,1.00,1.37
2015.07.16 10:55:43.058,0.62393,0.62416,1.00,1.50
2015.07.16 10:55:43.109,0.62394,0.62416,1.00,1.37
2015.07.16 10:55:43.867,0.62395,0.62416,1.00,1.37
2015.07.16 10:55:44.410,0.62394,0.62418,1.00,1.50
2015.07.16 10:55:45.819,0.62394,0.62418,1.00,1.75
2015.07.16 10:55:46.308,0.62397,0.62421,1.00,1.75
2015.07.16 10:55:46.622,0.62397,0.62421,1.00,1.75
2015.07.16 10:55:46.672,0.62397,0.62421,1.00,1.37
2015.07.16 10:55:47.138,0.62396,0.62422,1.00,2.25
2015.07.16 10:55:47.340,0.62396,0.62422,1.00,2.62
2015.07.16 10:55:47.877,0.62396,0.62422,1.00,1.75
2015.07.16 10:55:48.546,0.62396,0.62422,1.00,1.87
2015.07.16 10:55:48.932,0.62396,0.62422,1.00,2.25
2015.07.16 10:55:49.083,0.62396,0.62422,1.00,2.25
2015.07.16 10:55:49.197,0.62396,0.62422,1.00,1.87
2015.07.16 10:55:49.254,0.62396,0.62422,1.00,2.25
2015.07.16 10:55:49.465,0.62396,0.62422,1.00,1.87
2015.07.16 10:55:49.616,0.624,0.62422,1.00,1.37
2015.07.16 10:55:49.666,0.624,0.62424,1.00,1.12
2015.07.16 10:55:49.767,0.62401,0.62426,1.00,1.37
2015.07.16 10:55:50.284,0.624,0.62426,1.00,2.25
2015.07.16 10:55:50.587,0.62398,0.62423,1.00,1.72
2015.07.16 10:55:51.212,0.62401,0.62423,1.00,1.37
2015.07.16 10:55:51.567,0.62401,0.62425,1.00,2.25
2015.07.16 10:55:52.095,0.62402,0.62425,1.00,1.50
2015.07.16 10:55:52.608,0.62401,0.62425,1.00,1.50
2015.07.16 10:55:52.659,0.62401,0.62425,1.00,1.37
2015.07.16 10:55:52.710,0.62401,0.62425,1.00,1.50
2015.07.16 10:55:53.093,0.62402,0.62425,1.00,1.37
2015.07.16 10:55:53.596,0.62401,0.62425,1.00,1.37
2015.07.16 10:55:54.101,0.62402,0.62425,1.00,1.37
2015.07.16 10:55:54.251,0.62402,0.62425,1.00,1.37
2015.07.16 10:55:54.403,0.62402,0.62425,1.00,1.00
2015.07.16 10:55:54.454,0.62405,0.62425,1.00,1.00
2015.07.16 10:55:54.505,0.62405,0.62429,1.00,1.72
2015.07.16 10:55:54.555,0.62409,0.6243,1.00,1.37
2015.07.16 10:55:54.656,0.62409,0.62432,1.00,1.37
2015.07.16 10:55:54.859,0.62409,0.62432,1.00,1.50
2015.07.16 10:55:54.909,0.62407,0.62431,1.00,1.37
2015.07.16 10:55:54.960,0.62407,0.62431,1.00,1.00
2015.07.16 10:55:55.208,0.62405,0.62431,1.00,1.87
2015.07.16 10:55:55.308,0.62404,0.62429,1.00,1.12
2015.07.16 10:55:55.771,0.62403,0.62429,1.00,1.87
2015.07.16 10:55:56.073,0.62405,0.62429,1.00,1.87
2015.07.16 10:55:56.432,0.62403,0.62429,1.00,1.37
2015.07.16 10:55:56.760,0.62406,0.6243,1.00,1.87
2015.07.16 10:55:58.277,0.62402,0.62425,1.00,1.00
2015.07.16 10:56:00.550,0.62402,0.62427,1.00,1.12
2015.07.16 10:56:00.701,0.62404,0.62427,1.00,1.12
2015.07.16 10:56:01.203,0.62403,0.62426,1.00,1.00
2015.07.16 10:56:01.930,0.62403,0.62428,1.00,1.37
2015.07.16 10:56:02.798,0.62402,0.62427,1.00,1.12
2015.07.16 10:56:03.778,0.62402,0.62427,1.00,1.37
2015.07.16 10:56:05.538,0.62403,0.62428,1.00,1.37
2015.07.16 10:56:06.409,0.62403,0.62428,1.00,1.37
2015.07.16 10:56:06.915,0.62402,0.62427,1.00,1.37
2015.07.16 10:56:07.457,0.62403,0.62427,1.00,1.12
2015.07.16 10:56:07.759,0.62407,0.62431,1.00,1.37
2015.07.16 10:56:07.969,0.62407,0.62431,1.00,1.37
2015.07.16 10:56:08.302,0.62405,0.62431,1.00,1.37
2015.07.16 10:56:08.838,0.62408,0.62431,1.00,1.37
2015.07.16 10:56:08.989,0.62406,0.62431,1.00,1.37
2015.07.16 10:56:09.713,0.62404,0.6243,1.50,1.12
2015.07.16 10:56:09.965,0.62406,0.62429,1.00,1.00
2015.07.16 10:56:10.547,0.62407,0.6243,1.00,1.12
2015.07.16 10:56:11.146,0.62408,0.62434,1.00,1.37
2015.07.16 10:56:11.965,0.62406,0.62434,1.00,1.37
2015.07.16 10:56:12.505,0.62407,0.62434,1.00,1.87
2015.07.16 10:56:13.503,0.62406,0.62434,1.00,1.87
2015.07.16 10:56:14.018,0.62407,0.62434,1.00,1.37
2015.07.16 10:56:17.311,0.62408,0.62431,1.00,1.37
2015.07.16 10:56:17.416,0.62406,0.62431,1.00,1.37
2015.07.16 10:56:17.796,0.62406,0.62431,1.00,1.12
2015.07.16 10:56:18.362,0.62405,0.62433,1.50,1.37
2015.07.16 10:56:18.412,0.62407,0.62432,1.00,1.12
2015.07.16 10:56:18.963,0.62406,0.62432,1.00,1.12
2015.07.16 10:56:20.202,0.62408,0.62433,1.00,1.87
2015.07.16 10:56:20.303,0.62406,0.62432,1.00,1.37
2015.07.16 10:56:20.828,0.62408,0.62432,1.00,1.37
2015.07.16 10:56:21.049,0.62406,0.62432,1.12,1.37
2015.07.16 10:56:21.150,0.62406,0.62432,1.12,1.37
2015.07.16 10:56:21.251,0.62407,0.62433,1.37,1.37
2015.07.16 10:56:21.773,0.62409,0.62434,1.00,1.87
2015.07.16 10:56:22.440,0.62409,0.62434,1.00,1.37
2015.07.16 10:56:25.707,0.62409,0.62434,1.87,1.37
2015.07.16 10:56:27.867,0.6241,0.62434,1.00,1.37
2015.07.16 10:56:28.185,0.62412,0.62437,1.00,1.87
2015.07.16 10:56:28.238,0.6241,0.62437,1.00,1.87
2015.07.16 10:56:28.744,0.62409,0.62435,1.00,1.37
2015.07.16 10:56:29.354,0.6241,0.62435,1.00,1.37
2015.07.16 10:56:30.136,0.6241,0.62435,1.00,1.12
2015.07.16 10:56:30.287,0.62408,0.62434,1.00,1.00
2015.07.16 10:56:30.547,0.62406,0.62434,1.12,1.37
2015.07.16 10:56:30.648,0.62408,0.62435,1.00,1.37
2015.07.16 10:56:30.929,0.62408,0.62435,1.00,1.87
2015.07.16 10:56:30.980,0.62405,0.62432,1.00,1.00
2015.07.16 10:56:31.385,0.62405,0.6243,1.00,1.00
2015.07.16 10:56:31.767,0.62405,0.6243,1.00,1.37
2015.07.16 10:56:31.818,0.62402,0.62429,1.12,1.37
2015.07.16 10:56:32.427,0.62403,0.62428,1.00,1.12
2015.07.16 10:56:33.315,0.62403,0.6243,1.00,1.37
2015.07.16 10:56:33.925,0.62404,0.62431,1.00,1.72
2015.07.16 10:56:34.453,0.62404,0.62431,1.00,1.72
2015.07.16 10:56:35.126,0.62405,0.6243,1.00,1.37
2015.07.16 10:56:35.842,0.62405,0.6243,1.00,1.37
2015.07.16 10:56:36.115,0.62402,0.62427,1.37,1.37
2015.07.16 10:56:36.367,0.62405,0.62431,1.00,1.37
2015.07.16 10:56:36.678,0.62407,0.62432,1.00,1.75
2015.07.16 10:56:36.779,0.62407,0.62432,1.00,1.37
2015.07.16 10:56:37.311,0.62406,0.62432,1.00,1.37
2015.07.16 10:56:37.846,0.62407,0.62432,1.00,1.87
2015.07.16 10:56:38.364,0.62406,0.62432,1.00,1.37
2015.07.16 10:56:38.552,0.62406,0.62432,1.00,1.37
2015.07.16 10:56:39.098,0.62407,0.62432,1.00,1.37
2015.07.16 10:56:39.675,0.62407,0.62432,1.00,1.50
2015.07.16 10:56:39.776,0.62407,0.62432,1.00,1.37
2015.07.16 10:56:40.344,0.62406,0.62433,1.00,1.37
2015.07.16 10:56:40.394,0.62408,0.62433,1.00,1.87
2015.07.16 10:56:41.004,0.62407,0.62432,1.00,1.37
2015.07.16 10:56:41.624,0.62406,0.62431,1.00,1.37
2015.07.16 10:56:42.131,0.62405,0.62432,1.12,1.87
2015.07.16 10:56:43.096,0.62405,0.62432,1.00,1.87
2015.07.16 10:56:43.429,0.62404,0.62431,1.50,1.50
2015.07.16 10:56:43.500,0.62404,0.62431,1.50,1.37
2015.07.16 10:56:44.010,0.62405,0.62432,1.00,1.37
2015.07.16 10:56:45.918,0.62405,0.62432,1.12,1.37
2015.07.16 10:56:46.600,0.62406,0.62431,1.00,1.37
2015.07.16 10:56:47.225,0.62405,0.62432,1.12,1.37
2015.07.16 10:56:47.774,0.62405,0.62432,1.00,1.37
2015.07.16 10:56:48.336,0.62406,0.62432,1.00,1.37
2015.07.16 10:56:48.881,0.62407,0.62434,1.00,2.25
2015.07.16 10:56:48.932,0.62409,0.62434,1.00,2.25
2015.07.16 10:56:49.492,0.6241,0.62433,1.00,1.37
2015.07.16 10:56:50.145,0.62406,0.62432,1.00,1.37
2015.07.16 10:56:50.195,0.62406,0.62432,1.00,1.50
2015.07.16 10:56:50.522,0.62406,0.62432,1.00,1.37
2015.07.16 10:56:50.897,0.62407,0.62434,1.37,1.37
2015.07.16 10:56:50.998,0.62411,0.62437,1.00,1.37
2015.07.16 10:56:51.519,0.62411,0.62438,1.00,1.72
2015.07.16 10:56:51.847,0.62413,0.62437,1.00,1.37
2015.07.16 10:56:51.998,0.62411,0.62438,1.00,1.87
2015.07.16 10:56:52.525,0.6241,0.62437,1.00,1.00
2015.07.16 10:56:53.055,0.62411,0.62436,1.00,1.00
2015.07.16 10:56:53.452,0.62412,0.62438,1.00,1.50
2015.07.16 10:56:53.817,0.62412,0.62439,1.00,1.37
2015.07.16 10:56:54.261,0.62411,0.62438,1.12,1.37
2015.07.16 10:56:54.810,0.6241,0.62437,1.87,1.37
2015.07.16 10:56:55.263,0.62413,0.62438,1.00,1.37
2015.07.16 10:56:55.414,0.62411,0.62438,1.12,1.87
2015.07.16 10:56:55.813,0.62409,0.62436,1.00,1.37
2015.07.16 10:56:56.014,0.62409,0.62436,1.00,1.50
2015.07.16 10:56:56.364,0.62407,0.62433,1.00,1.37
2015.07.16 10:56:56.588,0.62407,0.62433,1.00,1.50
2015.07.16 10:56:56.639,0.62405,0.62432,1.00,1.50
2015.07.16 10:56:56.916,0.62403,0.62429,1.00,1.37
2015.07.16 10:56:57.168,0.62401,0.62428,1.00,1.87
2015.07.16 10:56:58.125,0.62401,0.62425,1.00,1.37
2015.07.16 10:56:59.023,0.62399,0.62426,1.00,1.37
2015.07.16 10:56:59.123,0.62401,0.62425,1.00,1.37
2015.07.16 10:56:59.329,0.62401,0.62428,1.00,1.37
2015.07.16 10:56:59.546,0.62403,0.62428,1.00,1.37
2015.07.16 10:56:59.844,0.62404,0.62429,1.00,1.37
2015.07.16 10:57:00.383,0.62404,0.62431,1.00,1.37
2015.07.16 10:57:00.827,0.62405,0.62432,1.12,1.37
2015.07.16 10:57:00.877,0.62407,0.62434,1.00,2.47
2015.07.16 10:57:01.242,0.62409,0.62433,1.00,1.37
2015.07.16 10:57:01.744,0.62409,0.62435,1.00,1.72
2015.07.16 10:57:01.996,0.62411,0.62437,1.00,1.37
2015.07.16 10:57:02.763,0.62411,0.62437,1.00,1.37
2015.07.16 10:57:04.055,0.62409,0.62435,1.00,1.72
2015.07.16 10:57:04.967,0.62409,0.62435,1.37,1.72
2015.07.16 10:57:05.497,0.62412,0.62438,1.00,1.72
2015.07.16 10:57:05.999,0.62411,0.62437,1.00,1.37
2015.07.16 10:57:06.366,0.62409,0.62435,1.00,1.37
2015.07.16 10:57:06.583,0.62409,0.62435,1.00,1.37
2015.07.16 10:57:07.181,0.6241,0.62436,1.00,1.37
2015.07.16 10:57:07.438,0.6241,0.62436,1.00,1.37
2015.07.16 10:57:07.639,0.6241,0.62434,1.00,1.37
2015.07.16 10:57:08.226,0.6241,0.62436,1.00,1.37
2015.07.16 10:57:08.855,0.6241,0.62436,1.00,1.37
2015.07.16 10:57:09.158,0.62407,0.62432,1.35,1.37
2015.07.16 10:57:09.446,0.62406,0.62431,1.60,1.37
2015.07.16 10:57:09.558,0.62405,0.6243,1.50,1.37
2015.07.16 10:57:10.310,0.62405,0.62428,1.00,1.00
2015.07.16 10:57:10.885,0.62404,0.62429,1.00,1.00
2015.07.16 10:57:11.563,0.62405,0.6243,1.12,1.00
2015.07.16 10:57:11.876,0.62407,0.6243,1.00,1.00
2015.07.16 10:57:13.064,0.62408,0.62431,1.00,1.00
2015.07.16 10:57:13.216,0.62405,0.6243,1.12,1.00
2015.07.16 10:57:13.417,0.62405,0.62428,1.12,1.00
2015.07.16 10:57:14.057,0.62404,0.62428,1.00,1.00
2015.07.16 10:57:14.208,0.62408,0.62433,1.00,1.00
2015.07.16 10:57:14.410,0.62406,0.62431,1.00,1.00
2015.07.16 10:57:14.990,0.62405,0.62431,1.00,1.00
2015.07.16 10:57:15.326,0.62403,0.62428,1.00,1.00
2015.07.16 10:57:15.676,0.62406,0.62429,1.00,1.00
2015.07.16 10:57:15.727,0.6241,0.62437,1.00,2.10
2015.07.16 10:57:16.096,0.62411,0.62437,1.00,1.37
2015.07.16 10:57:16.431,0.62409,0.62437,1.00,2.25
2015.07.16 10:57:16.932,0.6241,0.62436,1.00,1.35
2015.07.16 10:57:17.492,0.62411,0.62436,1.00,1.97
2015.07.16 10:57:18.125,0.62411,0.62438,1.00,1.50
2015.07.16 10:57:18.661,0.6241,0.62437,1.00,2.25
2015.07.16 10:57:19.113,0.6241,0.62435,1.00,1.50
2015.07.16 10:57:19.338,0.62409,0.62435,1.00,1.37
2015.07.16 10:57:19.781,0.62409,0.62435,1.00,1.75
2015.07.16 10:57:20.435,0.62408,0.62434,1.00,1.35
2015.07.16 10:57:20.926,0.6241,0.62433,1.00,1.67
2015.07.16 10:57:23.304,0.62408,0.62433,1.00,1.67
2015.07.16 10:57:25.394,0.62409,0.62433,1.00,1.67
2015.07.16 10:57:26.357,0.62408,0.62433,1.00,2.10
2015.07.16 10:57:27.608,0.62408,0.62433,1.00,1.72
2015.07.16 10:57:27.659,0.62409,0.62436,1.00,2.47
2015.07.16 10:57:27.710,0.62411,0.62436,1.00,2.47
2015.07.16 10:57:29.362,0.62412,0.62437,1.00,2.10
2015.07.16 10:57:30.135,0.62412,0.62435,1.00,1.35
2015.07.16 10:57:30.359,0.62409,0.62435,1.00,2.10
2015.07.16 10:57:31.012,0.62408,0.62434,1.00,1.35
2015.07.16 10:57:31.620,0.62409,0.62434,1.00,2.10
2015.07.16 10:57:31.671,0.62408,0.62433,1.00,2.85
2015.07.16 10:57:31.822,0.62406,0.62433,1.00,2.85
2015.07.16 10:57:31.943,0.62406,0.62433,1.00,2.85
2015.07.16 10:57:32.044,0.62406,0.62433,1.00,2.85
2015.07.16 10:57:32.346,0.62408,0.62433,1.00,2.85
2015.07.16 10:57:32.680,0.62411,0.62433,1.00,1.35
2015.07.16 10:57:33.271,0.62412,0.62438,1.00,1.37
2015.07.16 10:57:33.798,0.62412,0.62439,1.00,1.37
2015.07.16 10:57:34.007,0.62411,0.62439,1.00,2.25
2015.07.16 10:57:34.211,0.62407,0.62432,1.00,1.37
2015.07.16 10:57:34.757,0.62407,0.62432,1.00,1.37
2015.07.16 10:57:35.356,0.62407,0.62432,1.00,1.37
2015.07.16 10:57:35.457,0.62409,0.62436,1.00,1.50
2015.07.16 10:57:36.028,0.62408,0.62435,1.00,1.37
2015.07.16 10:57:36.336,0.6241,0.62435,1.00,1.37
2015.07.16 10:57:36.845,0.62411,0.62436,1.00,1.50
2015.07.16 10:57:37.381,0.6241,0.62435,1.00,1.35
2015.07.16 10:57:37.583,0.62406,0.62433,1.00,2.85
2015.07.16 10:57:37.905,0.62404,0.62431,1.00,1.37
2015.07.16 10:57:38.464,0.62405,0.62432,1.00,1.72
2015.07.16 10:57:39.337,0.62406,0.62431,1.00,1.37
2015.07.16 10:57:40.777,0.62406,0.62433,1.00,1.97
2015.07.16 10:57:41.290,0.62405,0.62432,1.00,1.72
2015.07.16 10:57:41.792,0.62405,0.62432,1.00,1.72
2015.07.16 10:57:42.465,0.62406,0.62431,1.00,1.37
2015.07.16 10:57:43.122,0.62405,0.62432,1.00,1.72
2015.07.16 10:57:43.574,0.62405,0.62432,1.00,2.10
2015.07.16 10:57:44.097,0.62404,0.62431,1.00,1.50
2015.07.16 10:57:44.398,0.62406,0.62431,1.00,1.37
2015.07.16 10:57:45.178,0.62406,0.62433,1.00,1.97
2015.07.16 10:57:45.794,0.62407,0.62432,1.00,1.72
2015.07.16 10:57:46.181,0.62408,0.62432,1.00,1.67
2015.07.16 10:57:46.479,0.62406,0.62432,1.00,1.67
2015.07.16 10:57:46.730,0.62407,0.62434,1.00,2.10
2015.07.16 10:57:47.880,0.62408,0.62434,1.00,1.35
2015.07.16 10:57:47.993,0.62406,0.62433,1.00,2.10
2015.07.16 10:57:48.508,0.62407,0.62432,1.00,1.72
2015.07.16 10:57:49.214,0.62406,0.62433,1.00,1.97
2015.07.16 10:57:49.264,0.62407,0.62432,1.00,1.67
2015.07.16 10:57:49.811,0.62406,0.62431,1.00,1.87
2015.07.16 10:57:50.664,0.62407,0.6243,1.00,1.37
2015.07.16 10:57:50.965,0.62409,0.6243,1.00,1.37
2015.07.16 10:57:51.015,0.62409,0.6243,1.00,1.37
2015.07.16 10:57:51.116,0.62408,0.6243,1.00,1.37
2015.07.16 10:57:51.217,0.62408,0.62434,1.00,1.35
2015.07.16 10:57:51.318,0.62407,0.62435,1.00,1.37
2015.07.16 10:57:51.531,0.62412,0.6244,1.00,1.72
2015.07.16 10:57:51.640,0.62415,0.62443,1.00,2.10
2015.07.16 10:57:51.967,0.62418,0.62442,1.00,1.67
2015.07.16 10:57:52.334,0.62415,0.62442,1.00,1.67
2015.07.16 10:57:52.754,0.62417,0.62442,1.00,1.67
2015.07.16 10:57:53.280,0.62419,0.62443,1.00,1.35
2015.07.16 10:57:53.822,0.6242,0.62442,1.00,1.67
2015.07.16 10:57:53.872,0.6242,0.62444,1.00,1.35
2015.07.16 10:57:54.199,0.62418,0.62444,1.00,1.35
2015.07.16 10:57:54.644,0.62417,0.62442,1.00,1.67
2015.07.16 10:57:55.175,0.62418,0.62443,1.00,1.35
2015.07.16 10:57:55.526,0.6242,0.62443,1.00,1.35
2015.07.16 10:57:55.696,0.62418,0.62443,1.00,1.35
2015.07.16 10:57:56.378,0.62419,0.62443,1.00,1.35
2015.07.16 10:57:56.944,0.62419,0.62444,1.00,2.10
2015.07.16 10:57:57.453,0.62418,0.62444,1.00,1.35
2015.07.16 10:57:57.971,0.62419,0.62445,1.00,1.35
2015.07.16 10:57:58.485,0.62419,0.62444,1.00,1.35
2015.07.16 10:57:59.486,0.62419,0.62444,1.00,1.97
2015.07.16 10:57:59.987,0.62419,0.62443,1.00,1.35
2015.07.16 10:58:00.965,0.62419,0.62444,1.00,1.97
2015.07.16 10:58:01.116,0.62417,0.62444,1.00,2.10
2015.07.16 10:58:01.217,0.62419,0.62443,1.00,1.35
2015.07.16 10:58:01.318,0.62417,0.62442,1.00,1.67
2015.07.16 10:58:01.593,0.62416,0.62442,1.00,1.35
2015.07.16 10:58:01.793,0.62415,0.6244,1.00,1.00
2015.07.16 10:58:02.327,0.62414,0.6244,1.00,1.00
2015.07.16 10:58:02.586,0.62412,0.62439,1.00,1.75
2015.07.16 10:58:03.197,0.62414,0.62439,1.00,1.75
2015.07.16 10:58:03.490,0.62414,0.62439,1.00,1.37
2015.07.16 10:58:04.049,0.62413,0.6244,1.00,1.50
2015.07.16 10:58:04.605,0.62413,0.6244,1.00,1.75
2015.07.16 10:58:05.468,0.62413,0.6244,1.00,1.37
2015.07.16 10:58:05.924,0.62415,0.6244,1.00,1.50
2015.07.16 10:58:06.554,0.62414,0.62442,1.00,2.10
2015.07.16 10:58:09.987,0.62414,0.62441,1.00,1.75
2015.07.16 10:58:10.513,0.62413,0.62441,1.00,1.75
2015.07.16 10:58:13.227,0.62413,0.62436,1.00,1.37
2015.07.16 10:58:13.777,0.62412,0.62439,1.00,1.50
2015.07.16 10:58:14.105,0.62411,0.62438,1.00,1.75
2015.07.16 10:58:15.163,0.62412,0.6244,1.00,1.75
2015.07.16 10:58:15.739,0.62412,0.62436,1.00,1.37
2015.07.16 10:58:17.334,0.62412,0.62438,2.47,1.37
2015.07.16 10:58:17.435,0.62413,0.62439,1.87,1.37
2015.07.16 10:58:17.857,0.62424,0.62446,1.00,1.50
2015.07.16 10:58:17.958,0.62422,0.62446,1.00,1.50
2015.07.16 10:58:18.243,0.62417,0.62443,1.50,1.37
2015.07.16 10:58:18.748,0.62418,0.62444,1.00,1.37
2015.07.16 10:58:19.248,0.62419,0.62442,1.00,1.37
2015.07.16 10:58:19.349,0.62417,0.62442,1.00,1.37
2015.07.16 10:58:19.896,0.62418,0.6244,1.00,1.37
2015.07.16 10:58:23.456,0.62419,0.62442,1.00,1.37
2015.07.16 10:58:24.215,0.6242,0.62443,1.00,1.37
2015.07.16 10:58:24.366,0.62419,0.62444,1.00,1.75
2015.07.16 10:58:24.669,0.62417,0.62442,2.10,1.37
2015.07.16 10:58:25.564,0.62417,0.62442,1.50,1.37
2015.07.16 10:58:25.765,0.62415,0.62439,1.00,1.12
2015.07.16 10:58:25.917,0.62413,0.62438,1.00,1.00
2015.07.16 10:58:26.567,0.62417,0.6244,1.00,1.37
2015.07.16 10:58:26.973,0.62414,0.62439,1.00,1.37
2015.07.16 10:58:27.074,0.62413,0.62438,1.00,1.37
2015.07.16 10:58:27.204,0.62411,0.62434,1.00,1.00
2015.07.16 10:58:28.033,0.62411,0.62435,1.50,1.12
2015.07.16 10:58:30.173,0.6241,0.62436,1.50,1.37
2015.07.16 10:58:30.681,0.62411,0.62435,1.00,1.12
2015.07.16 10:58:30.823,0.62409,0.62435,1.00,1.12
2015.07.16 10:58:31.331,0.62409,0.62434,1.00,1.12
2015.07.16 10:58:31.957,0.6241,0.62435,1.00,1.37
2015.07.16 10:58:32.476,0.62412,0.62436,1.00,1.12
2015.07.16 10:58:32.811,0.6241,0.62436,1.00,1.12
2015.07.16 10:58:33.312,0.6241,0.62436,1.00,1.37
2015.07.16 10:58:33.913,0.62412,0.62436,1.00,1.00
2015.07.16 10:58:34.165,0.62415,0.62439,1.00,1.37
2015.07.16 10:58:34.344,0.62415,0.62439,1.00,1.12
2015.07.16 10:58:35.770,0.62416,0.6244,1.00,1.37
2015.07.16 10:58:37.318,0.62416,0.62441,1.50,1.12
2015.07.16 10:58:37.824,0.62417,0.62441,1.00,1.37
2015.07.16 10:58:38.087,0.62413,0.62438,1.00,1.37
2015.07.16 10:58:38.786,0.62413,0.62435,1.00,1.00
2015.07.16 10:58:39.117,0.62407,0.62433,1.00,1.75
2015.07.16 10:58:39.362,0.62405,0.62431,1.00,1.97
2015.07.16 10:58:39.827,0.62407,0.6243,1.00,1.30
2015.07.16 10:58:40.153,0.62405,0.62429,1.00,1.00
2015.07.16 10:58:40.204,0.62405,0.62429,1.00,1.37
2015.07.16 10:58:40.355,0.62401,0.62427,1.00,1.37
2015.07.16 10:58:40.406,0.62401,0.62427,1.00,1.75
2015.07.16 10:58:40.607,0.624,0.62426,1.00,1.50
2015.07.16 10:58:40.708,0.62398,0.62424,1.00,1.37
2015.07.16 10:58:41.342,0.62397,0.62422,1.00,1.12
2015.07.16 10:58:42.715,0.62397,0.62422,1.00,1.37
2015.07.16 10:58:43.017,0.62395,0.62419,1.00,1.37
2015.07.16 10:58:43.542,0.62394,0.62419,1.50,1.37
2015.07.16 10:58:43.873,0.62396,0.62419,1.00,1.37
2015.07.16 10:58:44.482,0.62397,0.62422,1.00,1.37
2015.07.16 10:58:47.449,0.62397,0.62422,1.00,1.37
2015.07.16 10:58:47.650,0.62394,0.62419,1.50,1.12
2015.07.16 10:58:48.175,0.62395,0.6242,1.00,1.37
2015.07.16 10:58:48.712,0.62396,0.62421,1.00,1.87
2015.07.16 10:58:50.155,0.62396,0.62421,1.00,1.87
2015.07.16 10:58:53.772,0.62394,0.6242,1.50,1.37
2015.07.16 10:58:55.518,0.62394,0.62419,1.00,1.37
2015.07.16 10:58:55.669,0.62392,0.62416,1.12,1.12
2015.07.16 10:58:56.187,0.62391,0.62416,1.50,1.00
2015.07.16 10:58:56.238,0.6239,0.62413,1.00,1.12
2015.07.16 10:58:56.820,0.62389,0.62414,1.50,1.37
2015.07.16 10:58:59.710,0.62389,0.62414,1.50,1.37
2015.07.16 10:59:01.913,0.62388,0.62413,1.00,1.72
2015.07.16 10:59:08.299,0.62388,0.62413,1.87,1.72
2015.07.16 10:59:10.762,0.62388,0.62412,1.50,1.12
2015.07.16 10:59:11.095,0.62391,0.62417,1.12,1.37
2015.07.16 10:59:11.146,0.62391,0.62417,1.00,1.12
2015.07.16 10:59:11.397,0.62394,0.62418,1.00,1.37
2015.07.16 10:59:11.970,0.62393,0.62419,1.50,1.37
2015.07.16 10:59:12.360,0.62393,0.62419,1.50,1.37
2015.07.16 10:59:12.731,0.62391,0.62416,1.00,1.12
2015.07.16 10:59:13.257,0.62391,0.62415,1.00,1.12
2015.07.16 10:59:13.864,0.62392,0.62415,1.00,1.12
2015.07.16 10:59:14.366,0.62393,0.62416,1.00,1.00
2015.07.16 10:59:14.686,0.62391,0.62416,1.50,1.00
2015.07.16 10:59:15.267,0.62391,0.62418,1.00,1.37
2015.07.16 10:59:15.472,0.62394,0.62422,1.00,1.37
2015.07.16 10:59:16.007,0.62395,0.62423,1.50,1.37
2015.07.16 10:59:16.541,0.62394,0.62421,1.00,1.37
2015.07.16 10:59:17.071,0.62394,0.6242,1.00,1.37
2015.07.16 10:59:18.056,0.62394,0.62419,1.00,1.37
2015.07.16 10:59:19.127,0.62393,0.62419,1.00,1.37
2015.07.16 10:59:19.462,0.62391,0.62417,1.00,1.37
2015.07.16 10:59:20.190,0.6239,0.62417,1.00,1.37
2015.07.16 10:59:21.379,0.62388,0.62415,1.00,1.37
2015.07.16 10:59:21.931,0.62388,0.62415,1.00,1.37
2015.07.16 10:59:21.983,0.62388,0.62415,1.00,1.37
2015.07.16 10:59:22.084,0.62388,0.62415,1.00,1.37
2015.07.16 10:59:25.799,0.62388,0.62415,1.00,1.37
2015.07.16 10:59:25.900,0.6239,0.62415,1.00,1.37
2015.07.16 10:59:26.413,0.6239,0.62416,1.50,1.87
2015.07.16 10:59:29.351,0.62388,0.62416,1.50,1.87
2015.07.16 10:59:29.906,0.62389,0.62415,1.00,1.37
2015.07.16 10:59:30.508,0.62388,0.62415,1.00,1.37
2015.07.16 10:59:31.510,0.62388,0.62415,1.00,1.87
2015.07.16 10:59:32.013,0.62388,0.62415,1.50,1.87
2015.07.16 10:59:32.313,0.62388,0.62415,1.50,1.37
2015.07.16 10:59:32.840,0.62388,0.62415,1.00,1.87
2015.07.16 10:59:33.372,0.62388,0.62414,1.00,1.37
2015.07.16 10:59:39.032,0.62388,0.62415,1.00,1.87
2015.07.16 10:59:39.133,0.62386,0.62411,1.50,1.72
2015.07.16 10:59:39.629,0.62386,0.62415,1.87,3.97
2015.07.16 10:59:40.131,0.62389,0.62411,1.00,1.30
2015.07.16 10:59:41.135,0.62387,0.62414,1.00,1.97
2015.07.16 10:59:41.665,0.62387,0.62415,1.87,3.22
2015.07.16 10:59:41.863,0.62386,0.62414,1.00,1.97
2015.07.16 10:59:42.393,0.62386,0.62414,1.50,1.37
2015.07.16 10:59:42.988,0.62386,0.62412,1.50,1.37
2015.07.16 10:59:43.448,0.62387,0.62414,1.00,1.37
2015.07.16 10:59:43.498,0.62389,0.62415,1.00,1.37
2015.07.16 10:59:43.750,0.62387,0.62415,1.50,1.37
2015.07.16 10:59:44.036,0.62389,0.62415,1.00,1.37
2015.07.16 10:59:44.362,0.62389,0.62415,1.00,1.37
2015.07.16 10:59:44.413,0.62387,0.62415,1.50,1.37
2015.07.16 10:59:45.289,0.62388,0.62414,1.00,1.37
2015.07.16 10:59:45.866,0.62387,0.62415,1.50,2.25
2015.07.16 10:59:46.867,0.62387,0.62416,1.50,1.50
2015.07.16 10:59:46.918,0.62389,0.62415,1.00,1.37
2015.07.16 10:59:47.609,0.62387,0.62415,1.87,1.37
2015.07.16 10:59:48.065,0.62387,0.62415,1.87,1.37
2015.07.16 10:59:48.820,0.62387,0.62415,1.87,1.87
2015.07.16 10:59:49.377,0.62389,0.62415,1.00,1.37
2015.07.16 10:59:49.976,0.62387,0.62415,1.87,1.37
2015.07.16 10:59:50.479,0.62389,0.62415,1.00,1.87
2015.07.16 10:59:51.027,0.62388,0.62415,1.00,1.37
2015.07.16 10:59:52.344,0.62388,0.62414,1.00,1.37
2015.07.16 10:59:53.133,0.62388,0.62414,1.00,1.37
2015.07.16 10:59:53.589,0.62386,0.62412,1.00,1.37
2015.07.16 10:59:53.639,0.62385,0.62411,1.00,1.97
2015.07.16 10:59:53.791,0.62383,0.6241,1.00,1.97
2015.07.16 10:59:53.943,0.62383,0.62406,1.00,1.37
2015.07.16 10:59:54.044,0.62381,0.62406,1.00,1.37
2015.07.16 10:59:54.591,0.6238,0.62408,1.87,1.72
2015.07.16 10:59:55.093,0.62381,0.62409,1.87,1.97
2015.07.16 10:59:55.594,0.62381,0.62407,1.87,1.37
2015.07.16 10:59:56.351,0.6238,0.62405,1.00,1.37
2015.07.16 10:59:56.656,0.62378,0.62403,1.12,1.12
2015.07.16 10:59:57.249,0.62381,0.62406,1.12,1.12
2015.07.16 10:59:57.851,0.62382,0.62408,1.37,1.30
2015.07.16 10:59:58.153,0.62384,0.6241,1.37,1.37
2015.07.16 10:59:58.654,0.62384,0.6241,1.37,1.37
2015.07.16 10:59:59.256,0.62384,0.6241,1.00,1.37
