2015.04.17 12:00:00.206,0.73306,0.73335,1.00,1.00
2015.04.17 12:00:00.412,0.73306,0.73338,1.00,1.37
2015.04.17 12:00:00.615,0.7331,0.73338,1.00,1.12
2015.04.17 12:00:00.876,0.73311,0.7334,1.00,1.00
2015.04.17 12:00:01.418,0.73311,0.73342,1.00,1.37
2015.04.17 12:00:01.523,0.73313,0.73342,1.00,1.37
2015.04.17 12:00:02.027,0.73312,0.73342,1.00,1.00
2015.04.17 12:00:02.177,0.7331,0.73342,1.00,1.00
2015.04.17 12:00:02.414,0.73311,0.73338,1.00,1.00
2015.04.17 12:00:02.625,0.73307,0.73338,1.00,1.00
2015.04.17 12:00:03.083,0.73306,0.73336,1.00,1.00
2015.04.17 12:00:03.183,0.73304,0.73336,1.00,1.00
2015.04.17 12:00:03.665,0.73304,0.73336,1.00,1.87
2015.04.17 12:00:04.016,0.73302,0.73334,1.00,1.37
2015.04.17 12:00:04.167,0.73301,0.7333,1.00,1.00
2015.04.17 12:00:05.557,0.73301,0.73332,1.00,1.00
2015.04.17 12:00:05.608,0.73304,0.73335,1.00,1.37
2015.04.17 12:00:06.148,0.73302,0.73334,1.00,1.87
2015.04.17 12:00:06.567,0.73304,0.73334,1.00,1.37
2015.04.17 12:00:06.770,0.73302,0.73334,1.00,1.37
2015.04.17 12:00:06.988,0.73304,0.73334,1.00,1.12
2015.04.17 12:00:07.318,0.73303,0.73334,1.00,1.37
2015.04.17 12:00:07.472,0.73302,0.73332,1.00,1.00
2015.04.17 12:00:07.675,0.73301,0.73334,1.00,1.00
2015.04.17 12:00:07.816,0.73305,0.73336,1.00,1.00
2015.04.17 12:00:08.068,0.73302,0.73335,1.00,1.00
2015.04.17 12:00:08.228,0.73304,0.73337,1.00,2.25
2015.04.17 12:00:08.657,0.73304,0.73335,1.00,1.00
2015.04.17 12:00:09.175,0.73305,0.73335,1.00,1.37
2015.04.17 12:00:09.664,0.73305,0.73335,1.00,1.00
2015.04.17 12:00:10.295,0.73305,0.73335,1.00,1.37
2015.04.17 12:00:12.106,0.73301,0.73335,1.00,1.87
2015.04.17 12:00:12.156,0.73301,0.73335,1.00,2.25
2015.04.17 12:00:13.323,0.73302,0.73333,1.00,1.37
2015.04.17 12:00:14.084,0.73302,0.73333,1.00,1.37
2015.04.17 12:00:14.634,0.73301,0.73333,1.00,1.87
2015.04.17 12:00:15.002,0.73301,0.73333,1.00,1.50
2015.04.17 12:00:15.153,0.73309,0.73333,1.00,1.00
2015.04.17 12:00:15.305,0.73309,0.73336,1.00,1.37
2015.04.17 12:00:15.358,0.73304,0.73336,1.00,1.37
2015.04.17 12:00:15.409,0.73307,0.73336,1.00,1.12
2015.04.17 12:00:15.737,0.73304,0.73336,1.00,1.00
2015.04.17 12:00:15.901,0.73304,0.73336,1.00,1.37
2015.04.17 12:00:16.418,0.73303,0.73336,1.00,1.37
2015.04.17 12:00:17.116,0.73303,0.73336,1.00,1.50
2015.04.17 12:00:17.387,0.73301,0.73334,1.00,1.37
2015.04.17 12:00:17.760,0.73301,0.73331,1.00,1.37
2015.04.17 12:00:17.811,0.73301,0.73331,1.00,1.37
2015.04.17 12:00:17.962,0.733,0.7333,1.00,1.37
2015.04.17 12:00:18.377,0.73298,0.73331,1.00,1.37
2015.04.17 12:00:18.605,0.73297,0.73331,1.00,1.50
2015.04.17 12:00:18.662,0.73297,0.73329,1.00,1.00
2015.04.17 12:00:19.509,0.73297,0.73329,1.00,1.37
2015.04.17 12:00:19.905,0.73299,0.7333,1.00,1.37
2015.04.17 12:00:21.733,0.73299,0.7333,1.00,1.37
2015.04.17 12:00:22.034,0.73298,0.7333,1.00,2.25
2015.04.17 12:00:22.266,0.73298,0.7333,1.00,1.87
2015.04.17 12:00:22.667,0.73295,0.73326,1.00,1.12
2015.04.17 12:00:22.868,0.73295,0.73326,1.00,1.37
2015.04.17 12:00:23.384,0.73292,0.73323,1.00,1.00
2015.04.17 12:00:24.141,0.73292,0.73323,1.00,1.37
2015.04.17 12:00:24.595,0.73294,0.73323,1.00,1.37
2015.04.17 12:00:25.036,0.73292,0.73323,1.00,1.37
2015.04.17 12:00:25.364,0.73294,0.73323,1.00,1.37
2015.04.17 12:00:25.805,0.73292,0.73323,1.00,1.37
2015.04.17 12:00:26.396,0.73291,0.73323,1.00,1.37
2015.04.17 12:00:26.624,0.73294,0.73323,1.00,1.37
2015.04.17 12:00:27.016,0.73289,0.73323,1.50,1.87
2015.04.17 12:00:27.347,0.73294,0.73323,1.00,1.87
2015.04.17 12:00:30.458,0.73294,0.73323,1.00,1.87
2015.04.17 12:00:31.468,0.73294,0.73323,1.00,1.37
2015.04.17 12:00:32.076,0.73295,0.73321,1.00,1.00
2015.04.17 12:00:32.406,0.73291,0.73321,1.00,1.37
2015.04.17 12:00:33.176,0.73291,0.73321,1.00,1.37
2015.04.17 12:00:33.544,0.73289,0.73319,1.00,1.00
2015.04.17 12:00:34.203,0.73289,0.73318,1.00,1.00
2015.04.17 12:00:37.724,0.73289,0.73316,1.00,1.00
2015.04.17 12:00:38.426,0.73289,0.73318,1.00,1.00
2015.04.17 12:00:38.476,0.73294,0.73318,1.00,1.00
2015.04.17 12:00:38.785,0.7329,0.73318,1.00,1.00
2015.04.17 12:00:39.436,0.73289,0.73317,1.00,1.00
2015.04.17 12:00:39.486,0.73295,0.73317,1.00,1.00
2015.04.17 12:00:40.790,0.73289,0.73317,1.00,1.00
2015.04.17 12:00:41.095,0.73294,0.73318,1.00,1.00
2015.04.17 12:00:41.638,0.73294,0.73317,1.00,1.00
2015.04.17 12:00:41.688,0.73289,0.73317,1.00,1.00
2015.04.17 12:00:41.805,0.73289,0.73319,1.00,1.00
2015.04.17 12:00:42.057,0.73289,0.73321,1.37,1.00
2015.04.17 12:00:42.107,0.73289,0.73321,1.37,1.00
2015.04.17 12:00:42.158,0.73289,0.73323,1.37,1.00
2015.04.17 12:00:42.208,0.73289,0.73323,1.50,1.00
2015.04.17 12:00:42.309,0.73286,0.73323,1.75,1.00
2015.04.17 12:00:42.359,0.73286,0.73321,1.75,1.00
2015.04.17 12:00:42.686,0.73286,0.73323,1.75,1.00
2015.04.17 12:00:42.737,0.73286,0.73323,1.75,1.00
2015.04.17 12:00:43.243,0.73289,0.73324,2.25,1.00
2015.04.17 12:00:44.103,0.73289,0.73325,2.25,1.00
2015.04.17 12:00:45.164,0.73294,0.73325,1.12,1.00
2015.04.17 12:00:45.827,0.73295,0.73325,1.00,1.00
2015.04.17 12:00:46.469,0.73294,0.73324,1.12,1.00
2015.04.17 12:00:48.880,0.7329,0.73324,1.37,1.00
2015.04.17 12:00:48.981,0.7329,0.73322,1.37,1.00
2015.04.17 12:00:50.569,0.7329,0.73322,1.12,1.00
2015.04.17 12:00:50.942,0.7329,0.73322,1.37,1.00
2015.04.17 12:00:52.763,0.7329,0.73321,1.37,1.00
2015.04.17 12:00:52.906,0.7329,0.73323,1.37,1.12
2015.04.17 12:00:53.433,0.73289,0.73322,1.37,1.00
2015.04.17 12:00:53.666,0.73289,0.73323,1.37,1.00
2015.04.17 12:00:53.987,0.73289,0.73324,2.25,1.00
2015.04.17 12:00:54.037,0.7329,0.73326,1.75,1.00
2015.04.17 12:00:54.577,0.73291,0.73327,1.75,1.00
2015.04.17 12:00:54.843,0.73291,0.73327,1.75,1.00
2015.04.17 12:00:54.945,0.73291,0.73328,1.50,1.00
2015.04.17 12:00:55.148,0.73291,0.73328,1.37,1.00
2015.04.17 12:00:55.264,0.73291,0.73326,1.37,1.00
2015.04.17 12:00:55.786,0.73291,0.73324,1.37,1.00
2015.04.17 12:00:56.334,0.73291,0.73324,1.37,1.00
2015.04.17 12:00:57.098,0.73291,0.73323,1.37,1.00
2015.04.17 12:00:57.707,0.73291,0.73323,1.37,1.00
2015.04.17 12:00:57.807,0.73291,0.73322,1.12,1.00
2015.04.17 12:00:58.332,0.7329,0.73321,1.00,1.00
2015.04.17 12:00:58.834,0.73289,0.73321,1.00,1.00
2015.04.17 12:00:59.416,0.73289,0.73321,1.37,1.00
2015.04.17 12:01:00.074,0.73289,0.73322,1.12,1.00
2015.04.17 12:01:00.342,0.7329,0.73322,1.37,1.00
2015.04.17 12:01:01.643,0.73289,0.73322,1.75,1.00
2015.04.17 12:01:02.382,0.73295,0.73322,1.12,1.00
2015.04.17 12:01:02.483,0.73291,0.73322,1.12,1.00
2015.04.17 12:01:02.824,0.73294,0.73322,1.00,1.00
2015.04.17 12:01:03.375,0.7329,0.73323,1.37,1.00
2015.04.17 12:01:03.759,0.73295,0.73323,1.37,1.00
2015.04.17 12:01:03.809,0.73295,0.73326,1.37,1.00
2015.04.17 12:01:04.124,0.73294,0.73324,1.37,1.00
2015.04.17 12:01:04.175,0.73294,0.73324,1.00,1.00
2015.04.17 12:01:04.454,0.73294,0.73324,1.37,1.00
2015.04.17 12:01:04.504,0.73294,0.73327,1.37,1.00
2015.04.17 12:01:04.687,0.73294,0.73327,1.00,1.00
2015.04.17 12:01:04.938,0.73295,0.73329,1.00,1.00
2015.04.17 12:01:05.256,0.73295,0.73329,1.50,1.00
2015.04.17 12:01:05.405,0.73295,0.73329,1.12,1.00
2015.04.17 12:01:05.682,0.73296,0.73329,1.37,1.00
2015.04.17 12:01:05.859,0.73296,0.73329,1.00,1.00
2015.04.17 12:01:06.103,0.73295,0.73331,3.00,1.00
2015.04.17 12:01:06.153,0.73299,0.73331,1.00,1.00
2015.04.17 12:01:06.696,0.73296,0.7333,1.37,1.00
2015.04.17 12:01:06.923,0.73296,0.73328,1.00,1.00
2015.04.17 12:01:07.606,0.73296,0.73328,1.37,1.00
2015.04.17 12:01:07.681,0.73296,0.73328,1.00,1.00
2015.04.17 12:01:08.284,0.73295,0.73328,2.62,1.00
2015.04.17 12:01:08.385,0.73295,0.73328,2.62,1.00
2015.04.17 12:01:08.587,0.73295,0.73328,2.25,1.00
2015.04.17 12:01:09.106,0.73294,0.73327,1.00,1.00
2015.04.17 12:01:09.339,0.73295,0.73324,1.00,1.00
2015.04.17 12:01:09.666,0.73295,0.73326,1.00,1.00
2015.04.17 12:01:09.880,0.73294,0.73323,1.00,1.00
2015.04.17 12:01:10.396,0.73294,0.73322,1.00,1.00
2015.04.17 12:01:10.446,0.7329,0.73322,1.87,1.00
2015.04.17 12:01:11.075,0.7329,0.73322,1.87,1.00
2015.04.17 12:01:11.384,0.7329,0.73324,1.87,1.00
2015.04.17 12:01:11.626,0.73295,0.73325,1.00,1.00
2015.04.17 12:01:12.395,0.73294,0.73325,1.12,1.00
2015.04.17 12:01:16.443,0.73294,0.73324,1.00,1.00
2015.04.17 12:01:16.924,0.73294,0.73322,1.00,1.00
2015.04.17 12:01:17.476,0.73294,0.73321,1.00,1.00
2015.04.17 12:01:17.983,0.73294,0.73322,1.00,1.00
2015.04.17 12:01:18.096,0.73294,0.73324,1.00,1.00
2015.04.17 12:01:18.775,0.73295,0.73325,1.00,1.00
2015.04.17 12:01:19.293,0.73294,0.73325,1.00,1.12
2015.04.17 12:01:19.666,0.73294,0.73322,1.00,1.00
2015.04.17 12:01:20.194,0.73294,0.73321,1.00,1.00
2015.04.17 12:01:20.938,0.73294,0.73321,1.00,1.37
2015.04.17 12:01:21.098,0.73294,0.73321,1.00,1.00
2015.04.17 12:01:21.399,0.73294,0.7332,1.00,1.50
2015.04.17 12:01:21.500,0.73294,0.7332,1.00,1.37
2015.04.17 12:01:21.751,0.73295,0.73321,1.00,1.37
2015.04.17 12:01:22.626,0.73294,0.73321,1.00,1.37
2015.04.17 12:01:23.150,0.73294,0.73319,1.00,1.00
2015.04.17 12:01:23.554,0.73295,0.73322,1.00,1.37
2015.04.17 12:01:23.725,0.7329,0.73322,1.00,1.37
2015.04.17 12:01:24.067,0.7329,0.73323,1.00,1.00
2015.04.17 12:01:24.258,0.73291,0.73325,1.00,1.00
2015.04.17 12:01:24.309,0.73294,0.73325,1.00,1.00
2015.04.17 12:01:24.627,0.73295,0.73329,1.37,1.37
2015.04.17 12:01:25.822,0.73296,0.7333,1.87,1.37
2015.04.17 12:01:26.365,0.73296,0.7333,1.12,1.37
2015.04.17 12:01:26.983,0.73296,0.7333,1.37,1.37
2015.04.17 12:01:27.083,0.73296,0.7333,1.00,1.00
2015.04.17 12:01:27.641,0.73296,0.7333,1.12,1.37
2015.04.17 12:01:27.692,0.73295,0.73329,1.12,1.37
2015.04.17 12:01:28.103,0.73295,0.73329,1.37,1.37
2015.04.17 12:01:30.304,0.73297,0.73331,1.00,1.87
2015.04.17 12:01:30.355,0.73297,0.73331,1.12,1.87
2015.04.17 12:01:32.283,0.73298,0.73331,1.00,1.87
2015.04.17 12:01:32.459,0.73298,0.73331,1.37,1.00
2015.04.17 12:01:32.510,0.73301,0.73334,1.12,1.12
2015.04.17 12:01:32.692,0.73301,0.73334,1.00,1.37
2015.04.17 12:01:32.742,0.73299,0.73333,1.00,1.37
2015.04.17 12:01:33.123,0.73297,0.73331,1.00,1.37
2015.04.17 12:01:33.761,0.73297,0.73331,1.37,1.37
2015.04.17 12:01:36.020,0.73297,0.73331,1.00,1.37
2015.04.17 12:01:36.120,0.73297,0.73331,1.12,1.37
2015.04.17 12:01:36.523,0.73295,0.73329,1.12,1.37
2015.04.17 12:01:37.102,0.73294,0.73328,1.50,1.12
2015.04.17 12:01:37.202,0.73294,0.73328,1.50,1.37
2015.04.17 12:01:38.442,0.73295,0.73329,1.00,1.87
2015.04.17 12:01:39.514,0.73295,0.73329,1.00,1.12
2015.04.17 12:01:41.195,0.73297,0.73329,1.00,1.12
2015.04.17 12:01:41.976,0.73297,0.73331,1.12,1.37
2015.04.17 12:01:42.277,0.73298,0.73332,1.87,1.37
2015.04.17 12:01:42.624,0.73302,0.73334,1.00,1.37
2015.04.17 12:01:43.165,0.733,0.73332,1.00,1.00
2015.04.17 12:01:43.265,0.73297,0.73331,1.37,1.37
2015.04.17 12:01:43.440,0.73299,0.73332,1.00,1.00
2015.04.17 12:01:44.332,0.73297,0.73331,1.37,1.00
2015.04.17 12:01:44.992,0.73297,0.73331,1.00,1.00
2015.04.17 12:01:45.445,0.73297,0.73331,1.37,1.00
2015.04.17 12:01:45.993,0.73298,0.73332,1.37,1.00
2015.04.17 12:01:46.547,0.73298,0.73332,1.37,1.00
2015.04.17 12:01:47.384,0.73301,0.73333,1.37,1.00
2015.04.17 12:01:51.606,0.73301,0.73333,1.37,1.00
2015.04.17 12:01:51.706,0.73301,0.73333,1.12,1.00
2015.04.17 12:01:51.888,0.73301,0.73333,1.37,1.00
2015.04.17 12:01:52.113,0.73301,0.73333,1.12,1.00
2015.04.17 12:01:52.872,0.73301,0.73332,1.00,1.00
2015.04.17 12:01:53.780,0.73301,0.73332,1.00,1.37
2015.04.17 12:01:53.931,0.73298,0.73332,1.00,1.37
2015.04.17 12:01:54.382,0.73298,0.73332,1.00,1.12
2015.04.17 12:01:54.884,0.73298,0.73332,1.12,1.37
2015.04.17 12:01:55.285,0.73298,0.73332,1.37,1.00
2015.04.17 12:01:56.105,0.73299,0.73331,1.00,1.00
2015.04.17 12:01:56.617,0.73297,0.73331,1.37,1.00
2015.04.17 12:01:56.668,0.733,0.73332,1.00,1.12
2015.04.17 12:01:58.398,0.733,0.73332,1.37,1.00
2015.04.17 12:01:58.700,0.73309,0.73335,1.00,1.00
2015.04.17 12:01:58.750,0.73309,0.73339,1.00,1.00
2015.04.17 12:01:59.273,0.73309,0.73342,1.00,1.87
2015.04.17 12:01:59.323,0.73315,0.73344,1.00,1.37
2015.04.17 12:01:59.424,0.73314,0.73345,1.00,1.12
2015.04.17 12:02:00.273,0.73315,0.73347,1.00,1.12
2015.04.17 12:02:02.221,0.73315,0.73348,1.87,1.87
2015.04.17 12:02:03.463,0.73316,0.7335,1.00,1.37
2015.04.17 12:02:03.725,0.73316,0.7335,1.00,1.37
2015.04.17 12:02:04.528,0.73316,0.73348,1.00,1.12
2015.04.17 12:02:05.384,0.73315,0.73347,1.00,1.00
2015.04.17 12:02:05.893,0.7332,0.73346,1.00,1.00
2015.04.17 12:02:06.137,0.73314,0.73346,1.50,1.00
2015.04.17 12:02:06.222,0.7332,0.73346,1.00,1.00
2015.04.17 12:02:06.323,0.7332,0.73348,1.00,1.00
2015.04.17 12:02:06.657,0.73319,0.7335,1.00,1.87
2015.04.17 12:02:06.808,0.73324,0.73353,1.00,1.37
2015.04.17 12:02:07.103,0.73319,0.73353,1.50,1.37
2015.04.17 12:02:07.474,0.73325,0.73353,1.00,1.37
2015.04.17 12:02:12.276,0.73324,0.73355,1.00,1.87
2015.04.17 12:02:12.326,0.73324,0.73355,1.00,1.00
2015.04.17 12:02:12.436,0.73324,0.73355,1.00,1.37
2015.04.17 12:02:14.023,0.73324,0.73355,1.00,1.37
2015.04.17 12:02:14.805,0.73323,0.73355,1.00,1.37
2015.04.17 12:02:15.353,0.73324,0.73356,1.00,1.37
2015.04.17 12:02:16.633,0.73324,0.73356,1.00,1.12
2015.04.17 12:02:16.784,0.73324,0.73356,1.00,1.37
2015.04.17 12:02:16.935,0.73321,0.73354,1.00,1.37
2015.04.17 12:02:16.986,0.73321,0.73354,1.00,1.37
2015.04.17 12:02:17.036,0.73318,0.7335,1.00,1.12
2015.04.17 12:02:17.152,0.7332,0.7335,1.00,1.00
2015.04.17 12:02:17.215,0.73323,0.73354,1.00,1.00
2015.04.17 12:02:17.544,0.73322,0.73356,1.00,1.50
2015.04.17 12:02:17.695,0.73324,0.73356,1.00,1.50
2015.04.17 12:02:18.265,0.73326,0.73356,1.00,1.00
2015.04.17 12:02:18.814,0.73325,0.73357,1.87,1.12
2015.04.17 12:02:19.119,0.73328,0.7336,1.00,1.87
2015.04.17 12:02:19.170,0.73328,0.7336,1.00,1.50
2015.04.17 12:02:19.413,0.73326,0.7336,1.00,1.50
2015.04.17 12:02:19.534,0.7333,0.7336,1.00,1.50
2015.04.17 12:02:19.755,0.73326,0.7336,1.00,1.50
2015.04.17 12:02:19.872,0.73326,0.7336,1.00,1.87
2015.04.17 12:02:20.218,0.73321,0.73355,1.00,1.50
2015.04.17 12:02:20.319,0.73324,0.73355,1.00,1.00
2015.04.17 12:02:20.419,0.73322,0.73354,1.00,1.00
2015.04.17 12:02:20.676,0.73324,0.73355,1.00,1.50
2015.04.17 12:02:21.007,0.73322,0.73354,1.00,1.00
2015.04.17 12:02:21.067,0.7332,0.73352,1.00,1.00
2015.04.17 12:02:21.220,0.7332,0.73354,1.00,1.00
2015.04.17 12:02:21.406,0.73324,0.73354,1.00,1.00
2015.04.17 12:02:21.727,0.73324,0.73351,1.00,1.00
2015.04.17 12:02:21.834,0.73325,0.73354,1.00,1.50
2015.04.17 12:02:22.102,0.73324,0.73352,1.00,1.00
2015.04.17 12:02:22.492,0.73324,0.73354,1.00,1.00
2015.04.17 12:02:23.081,0.73324,0.73355,1.00,1.00
2015.04.17 12:02:23.182,0.73329,0.73354,1.00,1.00
2015.04.17 12:02:23.283,0.73324,0.73354,1.00,1.00
2015.04.17 12:02:24.152,0.73325,0.73354,1.00,1.00
2015.04.17 12:02:25.695,0.73324,0.73354,1.50,1.00
2015.04.17 12:02:25.905,0.73324,0.73357,1.50,1.37
2015.04.17 12:02:25.987,0.73324,0.73357,1.50,1.37
2015.04.17 12:02:26.450,0.73324,0.73357,1.50,1.87
2015.04.17 12:02:28.453,0.73325,0.73357,1.00,1.12
2015.04.17 12:02:28.546,0.73327,0.73357,1.00,1.12
2015.04.17 12:02:28.995,0.73326,0.73357,1.00,1.37
2015.04.17 12:02:30.686,0.73326,0.73357,1.00,1.37
2015.04.17 12:02:30.887,0.73326,0.73359,1.00,1.37
2015.04.17 12:02:31.024,0.73326,0.73353,1.00,1.37
2015.04.17 12:02:31.075,0.73324,0.73352,1.00,1.37
2015.04.17 12:02:31.184,0.7332,0.73352,1.00,1.37
2015.04.17 12:02:31.390,0.7332,0.73352,1.00,1.50
2015.04.17 12:02:32.106,0.73321,0.73352,1.00,1.00
2015.04.17 12:02:32.207,0.73321,0.73352,1.00,1.37
2015.04.17 12:02:32.284,0.73319,0.73352,1.00,1.87
2015.04.17 12:02:32.724,0.73321,0.73352,1.00,1.37
2015.04.17 12:02:33.099,0.73324,0.73353,1.00,1.37
2015.04.17 12:02:34.053,0.73321,0.73353,1.00,1.37
2015.04.17 12:02:35.022,0.73321,0.73353,1.00,1.37
2015.04.17 12:02:35.375,0.73324,0.73353,1.00,1.37
2015.04.17 12:02:35.484,0.73321,0.73353,1.00,1.37
2015.04.17 12:02:36.340,0.73321,0.73353,1.12,1.12
2015.04.17 12:02:36.603,0.73323,0.73353,1.00,1.37
2015.04.17 12:02:36.654,0.73323,0.73355,1.00,1.37
2015.04.17 12:02:37.237,0.73324,0.73356,1.00,1.37
2015.04.17 12:02:37.689,0.73324,0.73356,1.00,1.12
2015.04.17 12:02:37.951,0.73322,0.73356,1.00,1.12
2015.04.17 12:02:38.650,0.73322,0.73356,1.00,1.37
2015.04.17 12:02:39.669,0.73323,0.73357,1.12,1.37
2015.04.17 12:02:39.770,0.73323,0.73357,1.00,1.50
2015.04.17 12:02:40.093,0.73321,0.73355,1.12,1.37
2015.04.17 12:02:40.658,0.73321,0.73353,1.00,1.37
2015.04.17 12:02:40.884,0.73321,0.73353,1.00,1.37
2015.04.17 12:02:40.935,0.73324,0.73353,1.00,1.37
2015.04.17 12:02:41.426,0.7332,0.73352,1.50,1.37
2015.04.17 12:02:42.195,0.7332,0.73352,1.50,1.12
2015.04.17 12:02:42.763,0.73319,0.73351,1.50,1.12
2015.04.17 12:02:42.864,0.73321,0.73353,1.00,1.00
2015.04.17 12:02:42.964,0.73323,0.73357,1.00,1.87
2015.04.17 12:02:43.863,0.73323,0.73357,1.00,1.12
2015.04.17 12:02:44.147,0.73323,0.73357,1.00,1.37
2015.04.17 12:02:44.354,0.73323,0.73357,1.00,1.00
2015.04.17 12:02:44.933,0.73324,0.73356,1.00,1.00
2015.04.17 12:02:44.984,0.73324,0.73356,1.00,1.37
2015.04.17 12:02:47.157,0.73324,0.73356,1.00,1.37
2015.04.17 12:02:47.258,0.73324,0.73356,1.00,1.37
2015.04.17 12:02:48.138,0.73324,0.73357,1.00,1.37
2015.04.17 12:02:48.704,0.73323,0.73357,1.00,1.37
2015.04.17 12:02:50.435,0.73325,0.73359,1.00,1.37
2015.04.17 12:02:51.083,0.73325,0.73356,1.00,1.00
2015.04.17 12:02:52.562,0.73324,0.73356,1.00,1.12
2015.04.17 12:02:54.330,0.73326,0.73358,1.00,1.87
2015.04.17 12:02:55.623,0.73326,0.73358,1.00,1.37
2015.04.17 12:02:56.373,0.73325,0.73359,1.00,1.37
2015.04.17 12:02:57.719,0.73325,0.73359,1.00,1.37
2015.04.17 12:02:58.020,0.73326,0.7336,1.00,1.50
2015.04.17 12:02:58.226,0.73325,0.73359,1.00,1.37
2015.04.17 12:02:58.823,0.73326,0.73359,1.00,1.37
2015.04.17 12:03:01.233,0.73326,0.73359,1.00,1.37
2015.04.17 12:03:01.734,0.73327,0.73361,1.00,1.37
2015.04.17 12:03:02.283,0.73327,0.73361,1.00,1.37
2015.04.17 12:03:03.639,0.73327,0.73361,1.00,1.37
2015.04.17 12:03:05.244,0.73327,0.73361,1.00,1.37
2015.04.17 12:03:05.295,0.73329,0.73361,1.00,1.37
2015.04.17 12:03:05.974,0.73328,0.7336,1.00,1.12
2015.04.17 12:03:07.344,0.73329,0.7336,1.00,1.12
2015.04.17 12:03:07.395,0.73329,0.73363,1.50,1.12
2015.04.17 12:03:07.445,0.73332,0.73363,1.00,1.12
2015.04.17 12:03:07.811,0.73333,0.73367,1.00,1.37
2015.04.17 12:03:07.912,0.73333,0.73367,1.00,1.50
2015.04.17 12:03:08.012,0.73334,0.73368,1.00,1.87
2015.04.17 12:03:08.253,0.73336,0.73368,1.00,1.37
2015.04.17 12:03:08.304,0.73337,0.73368,1.00,1.00
2015.04.17 12:03:08.404,0.73337,0.7337,1.50,1.00
2015.04.17 12:03:09.132,0.73337,0.73371,1.50,1.00
2015.04.17 12:03:09.681,0.73337,0.73371,1.50,1.37
2015.04.17 12:03:10.563,0.73339,0.73371,1.00,1.37
2015.04.17 12:03:11.604,0.73339,0.73373,1.00,1.37
2015.04.17 12:03:11.775,0.73341,0.73375,1.00,1.37
2015.04.17 12:03:12.026,0.73343,0.73377,1.00,1.12
2015.04.17 12:03:12.077,0.73345,0.73377,1.00,1.12
2015.04.17 12:03:12.228,0.73346,0.7338,1.00,1.87
2015.04.17 12:03:12.690,0.73346,0.7338,1.00,2.25
2015.04.17 12:03:12.812,0.73344,0.73378,1.00,1.37
2015.04.17 12:03:12.913,0.73343,0.73377,1.00,1.50
2015.04.17 12:03:13.595,0.73342,0.73374,1.00,1.12
2015.04.17 12:03:14.097,0.73342,0.73375,1.00,1.37
2015.04.17 12:03:14.899,0.73342,0.73375,1.00,1.37
2015.04.17 12:03:15.546,0.73341,0.73374,1.00,1.37
2015.04.17 12:03:16.095,0.73341,0.73372,1.00,1.00
2015.04.17 12:03:16.395,0.73339,0.73373,1.50,1.37
2015.04.17 12:03:16.975,0.7334,0.73371,1.00,1.12
2015.04.17 12:03:17.726,0.7334,0.73373,1.00,1.00
2015.04.17 12:03:18.112,0.73344,0.73376,1.00,1.00
2015.04.17 12:03:18.433,0.73345,0.73374,1.00,1.00
2015.04.17 12:03:19.332,0.73345,0.73374,1.00,1.37
2015.04.17 12:03:19.834,0.73345,0.73374,1.00,1.00
2015.04.17 12:03:20.382,0.73342,0.73374,1.00,1.00
2015.04.17 12:03:20.736,0.73342,0.73374,1.00,1.37
2015.04.17 12:03:21.072,0.73345,0.73378,1.00,1.37
2015.04.17 12:03:21.522,0.73343,0.73377,1.00,1.37
2015.04.17 12:03:21.573,0.73343,0.73377,1.12,1.00
2015.04.17 12:03:21.674,0.73343,0.73377,1.00,1.50
2015.04.17 12:03:21.725,0.73341,0.73375,1.00,1.37
2015.04.17 12:03:21.876,0.73341,0.73375,1.00,1.00
2015.04.17 12:03:21.926,0.73341,0.73375,1.12,1.37
2015.04.17 12:03:22.628,0.73341,0.73375,1.12,1.37
2015.04.17 12:03:22.729,0.73341,0.73375,1.00,1.12
2015.04.17 12:03:22.843,0.73342,0.73376,1.00,1.37
2015.04.17 12:03:23.333,0.73342,0.73374,1.00,1.50
2015.04.17 12:03:23.384,0.7334,0.73374,1.50,1.50
2015.04.17 12:03:23.434,0.7334,0.73374,1.50,1.75
2015.04.17 12:03:23.485,0.73337,0.73371,1.00,1.37
2015.04.17 12:03:24.490,0.73339,0.73371,1.00,1.37
2015.04.17 12:03:28.205,0.73339,0.73371,1.50,1.37
2015.04.17 12:03:28.628,0.73341,0.73373,1.00,1.37
2015.04.17 12:03:28.731,0.73339,0.73372,1.00,1.37
2015.04.17 12:03:29.008,0.73339,0.73372,1.00,1.37
2015.04.17 12:03:30.164,0.73341,0.73373,1.00,1.37
2015.04.17 12:03:32.141,0.7334,0.73372,1.00,1.12
2015.04.17 12:03:32.191,0.7334,0.73372,1.00,1.37
2015.04.17 12:03:32.292,0.73337,0.73371,1.00,1.37
2015.04.17 12:03:34.065,0.73337,0.73371,1.00,1.75
2015.04.17 12:03:34.367,0.73339,0.73372,1.00,1.37
2015.04.17 12:03:34.568,0.73341,0.73374,1.00,1.75
2015.04.17 12:03:35.571,0.73341,0.73374,1.00,1.50
2015.04.17 12:03:36.073,0.73341,0.73374,1.00,1.75
2015.04.17 12:03:36.401,0.73344,0.73378,1.00,2.25
2015.04.17 12:03:36.925,0.73344,0.73375,1.00,1.37
2015.04.17 12:03:37.377,0.73344,0.73375,1.00,1.37
2015.04.17 12:03:40.952,0.73344,0.73375,1.00,1.37
2015.04.17 12:03:41.153,0.73344,0.73375,1.00,1.37
2015.04.17 12:03:42.661,0.73344,0.73375,1.00,1.37
2015.04.17 12:03:42.810,0.7334,0.73374,1.00,1.37
2015.04.17 12:03:43.334,0.73341,0.73375,1.00,1.37
2015.04.17 12:03:43.384,0.73341,0.73373,1.00,1.37
2015.04.17 12:03:43.802,0.73337,0.73371,1.00,1.37
2015.04.17 12:03:46.299,0.73337,0.73371,1.00,1.37
2015.04.17 12:03:46.500,0.73337,0.73371,1.00,1.37
2015.04.17 12:03:46.551,0.7334,0.73372,1.00,1.37
2015.04.17 12:03:47.307,0.7334,0.73372,1.00,1.37
2015.04.17 12:03:47.807,0.7334,0.73372,1.00,1.50
2015.04.17 12:03:48.576,0.73338,0.7337,1.00,1.37
2015.04.17 12:03:48.993,0.7334,0.73372,1.00,1.50
2015.04.17 12:03:49.622,0.7334,0.73372,1.00,1.37
2015.04.17 12:03:53.346,0.7334,0.73372,1.00,1.37
2015.04.17 12:03:53.748,0.7334,0.73372,1.00,1.50
2015.04.17 12:03:53.951,0.73338,0.73372,1.00,2.25
2015.04.17 12:03:54.623,0.73337,0.73371,1.00,1.37
2015.04.17 12:03:54.993,0.73339,0.73371,1.00,1.37
2015.04.17 12:03:55.322,0.73336,0.7337,1.00,1.37
2015.04.17 12:03:55.571,0.73334,0.73367,1.00,1.12
2015.04.17 12:03:55.856,0.73335,0.73367,1.00,1.37
2015.04.17 12:03:56.201,0.73334,0.73365,1.00,1.37
2015.04.17 12:03:58.059,0.73334,0.73365,1.00,1.75
2015.04.17 12:03:59.261,0.73334,0.73363,1.00,1.00
2015.04.17 12:03:59.421,0.73334,0.73367,1.50,1.37
2015.04.17 12:03:59.673,0.73333,0.73367,1.00,1.50
2015.04.17 12:03:59.773,0.73331,0.73365,1.00,1.37
2015.04.17 12:03:59.832,0.73334,0.73365,1.00,1.37
2015.04.17 12:03:59.963,0.73334,0.73367,1.00,1.37
2015.04.17 12:04:00.190,0.73336,0.73371,1.00,2.25
2015.04.17 12:04:00.241,0.73336,0.73371,1.00,1.87
2015.04.17 12:04:00.344,0.73336,0.73371,1.00,2.25
2015.04.17 12:04:00.479,0.73336,0.73371,1.00,1.87
2015.04.17 12:04:01.097,0.73336,0.73368,1.00,1.37
2015.04.17 12:04:01.233,0.73336,0.73368,1.00,1.12
2015.04.17 12:04:01.283,0.7334,0.73368,1.00,1.12
2015.04.17 12:04:01.834,0.7334,0.7337,1.00,1.12
2015.04.17 12:04:02.034,0.7334,0.7337,1.00,1.37
2015.04.17 12:04:02.602,0.7334,0.73369,1.00,1.37
2015.04.17 12:04:03.174,0.7334,0.73368,1.00,1.12
2015.04.17 12:04:03.935,0.73339,0.73371,1.50,1.37
2015.04.17 12:04:04.086,0.73339,0.73371,1.50,1.00
2015.04.17 12:04:04.833,0.73339,0.73371,1.50,1.37
2015.04.17 12:04:06.060,0.73338,0.7337,1.00,1.37
2015.04.17 12:04:06.923,0.73338,0.7337,1.00,1.50
2015.04.17 12:04:08.413,0.73339,0.7337,1.00,1.50
2015.04.17 12:04:08.742,0.73339,0.7337,1.00,1.87
2015.04.17 12:04:08.843,0.7334,0.73369,1.00,1.37
2015.04.17 12:04:08.944,0.73339,0.73369,1.00,1.37
2015.04.17 12:04:09.074,0.73337,0.73369,1.00,1.37
2015.04.17 12:04:09.174,0.73335,0.73369,1.50,1.37
2015.04.17 12:04:10.062,0.73336,0.7337,1.00,1.37
2015.04.17 12:04:10.149,0.73336,0.7337,1.12,1.12
2015.04.17 12:04:10.200,0.73339,0.7337,1.00,1.12
2015.04.17 12:04:10.550,0.73339,0.73371,1.00,1.37
2015.04.17 12:04:10.662,0.73341,0.73375,1.00,1.87
2015.04.17 12:04:10.863,0.73344,0.73375,1.00,1.87
2015.04.17 12:04:11.102,0.73342,0.73375,1.00,1.37
2015.04.17 12:04:11.218,0.7334,0.73374,1.00,1.37
2015.04.17 12:04:12.017,0.7334,0.73372,1.00,1.50
2015.04.17 12:04:12.121,0.73338,0.73372,1.00,1.50
2015.04.17 12:04:13.720,0.7334,0.73373,1.00,1.75
2015.04.17 12:04:14.022,0.7334,0.73373,1.00,1.37
2015.04.17 12:04:14.423,0.7334,0.73373,1.00,1.37
2015.04.17 12:04:14.531,0.73342,0.73374,1.00,1.37
2015.04.17 12:04:15.122,0.73342,0.73375,1.00,1.37
2015.04.17 12:04:15.428,0.73342,0.73375,1.00,1.37
2015.04.17 12:04:16.142,0.73342,0.73375,1.00,1.37
2015.04.17 12:04:19.674,0.73341,0.73373,1.00,1.37
2015.04.17 12:04:20.080,0.73341,0.73373,1.00,1.37
2015.04.17 12:04:20.130,0.73339,0.73372,1.00,1.87
2015.04.17 12:04:20.841,0.73337,0.73371,1.00,1.37
2015.04.17 12:04:20.891,0.73339,0.73371,1.00,1.37
2015.04.17 12:04:21.941,0.7334,0.73372,1.00,1.37
2015.04.17 12:04:22.086,0.7334,0.73372,1.00,1.37
2015.04.17 12:04:23.374,0.73339,0.73372,1.50,1.37
2015.04.17 12:04:23.923,0.7334,0.73374,1.00,1.87
2015.04.17 12:04:24.472,0.7334,0.73371,1.00,1.37
2015.04.17 12:04:24.593,0.73339,0.73371,1.00,1.12
2015.04.17 12:04:24.694,0.73345,0.73371,1.00,1.00
2015.04.17 12:04:24.745,0.73345,0.73374,1.00,1.12
2015.04.17 12:04:24.895,0.73344,0.73377,1.00,1.00
2015.04.17 12:04:24.946,0.7335,0.73378,1.00,1.00
2015.04.17 12:04:25.132,0.73346,0.73378,1.00,1.00
2015.04.17 12:04:25.350,0.73344,0.73378,1.50,1.00
2015.04.17 12:04:25.401,0.73346,0.7338,1.00,1.50
2015.04.17 12:04:25.902,0.73345,0.73379,1.50,1.00
2015.04.17 12:04:26.485,0.73345,0.73378,1.00,1.00
2015.04.17 12:04:26.900,0.73345,0.73378,1.00,1.75
2015.04.17 12:04:27.101,0.73346,0.73379,1.00,1.37
2015.04.17 12:04:27.633,0.73346,0.73379,1.00,1.50
2015.04.17 12:04:28.764,0.73346,0.73379,1.00,1.75
2015.04.17 12:04:29.312,0.73345,0.73379,1.50,2.25
2015.04.17 12:04:29.711,0.73345,0.73379,1.50,2.25
2015.04.17 12:04:29.931,0.73347,0.73379,1.00,1.87
2015.04.17 12:04:31.625,0.73347,0.73379,1.00,1.87
2015.04.17 12:04:32.127,0.73347,0.73379,1.00,1.87
2015.04.17 12:04:32.660,0.73351,0.73382,1.00,1.37
2015.04.17 12:04:32.761,0.73351,0.73382,1.00,1.12
2015.04.17 12:04:33.281,0.73351,0.73385,1.00,1.87
2015.04.17 12:04:34.234,0.73351,0.73383,1.00,1.75
2015.04.17 12:04:34.400,0.73348,0.73381,1.00,1.37
2015.04.17 12:04:34.641,0.73349,0.73382,1.00,1.37
2015.04.17 12:04:35.366,0.73349,0.73382,1.00,1.37
2015.04.17 12:04:35.540,0.73349,0.73382,1.00,1.37
2015.04.17 12:04:35.653,0.73349,0.73382,1.00,1.12
2015.04.17 12:04:35.764,0.7335,0.73384,1.50,1.00
2015.04.17 12:04:35.864,0.73353,0.73384,1.00,1.00
2015.04.17 12:04:36.193,0.73351,0.73385,1.00,1.50
2015.04.17 12:04:36.713,0.73352,0.73384,1.00,1.00
2015.04.17 12:04:36.764,0.73352,0.73384,1.00,1.37
2015.04.17 12:04:37.200,0.73352,0.73383,1.00,1.50
2015.04.17 12:04:37.729,0.73352,0.73383,1.00,1.75
2015.04.17 12:04:39.173,0.73352,0.73383,1.00,1.37
2015.04.17 12:04:39.758,0.73353,0.73383,1.00,1.75
2015.04.17 12:04:39.940,0.73351,0.73383,1.00,1.75
2015.04.17 12:04:40.141,0.73349,0.73381,1.00,1.50
2015.04.17 12:04:43.698,0.73349,0.73378,1.00,1.37
2015.04.17 12:04:43.799,0.73345,0.73377,1.00,1.37
2015.04.17 12:04:43.900,0.73348,0.73378,1.00,1.00
2015.04.17 12:04:43.950,0.73348,0.7338,1.00,1.00
2015.04.17 12:04:44.558,0.73349,0.73381,1.00,1.00
2015.04.17 12:04:45.403,0.73349,0.7338,1.00,1.00
2015.04.17 12:04:45.503,0.73349,0.7338,1.00,1.37
2015.04.17 12:04:47.532,0.73349,0.73381,1.00,1.37
2015.04.17 12:04:48.033,0.73348,0.73382,1.00,1.37
2015.04.17 12:04:48.936,0.73348,0.73382,1.00,1.50
2015.04.17 12:04:55.023,0.73348,0.73382,1.00,1.37
2015.04.17 12:04:58.093,0.73348,0.73382,1.12,1.37
2015.04.17 12:04:58.194,0.73351,0.73384,1.00,1.37
2015.04.17 12:04:58.710,0.73349,0.73382,1.00,1.12
2015.04.17 12:04:59.763,0.73349,0.73383,1.00,1.37
2015.04.17 12:05:01.267,0.73349,0.73382,1.00,1.12
2015.04.17 12:05:02.821,0.73348,0.73382,1.00,1.87
2015.04.17 12:05:02.871,0.73348,0.73382,1.00,1.87
2015.04.17 12:05:03.405,0.73347,0.73381,1.00,1.37
2015.04.17 12:05:03.506,0.73348,0.73382,1.00,1.87
2015.04.17 12:05:03.771,0.73351,0.73383,1.00,1.00
2015.04.17 12:05:04.208,0.73353,0.73384,1.00,1.00
2015.04.17 12:05:05.266,0.73353,0.73385,1.00,1.12
2015.04.17 12:05:05.961,0.73353,0.73385,1.00,1.37
2015.04.17 12:05:06.537,0.73353,0.73385,1.00,1.50
2015.04.17 12:05:08.905,0.73353,0.73385,1.00,1.37
2015.04.17 12:05:12.225,0.73353,0.73385,1.00,1.87
2015.04.17 12:05:12.326,0.73353,0.73385,1.00,1.37
2015.04.17 12:05:12.670,0.73351,0.73385,1.00,1.50
2015.04.17 12:05:12.726,0.73351,0.73385,1.00,1.37
2015.04.17 12:05:15.562,0.73351,0.73385,1.37,1.12
2015.04.17 12:05:15.638,0.73351,0.73385,1.00,1.37
2015.04.17 12:05:15.738,0.73351,0.73385,1.37,1.12
2015.04.17 12:05:16.139,0.73351,0.73385,1.00,1.37
2015.04.17 12:05:16.743,0.73351,0.73385,1.37,1.12
2015.04.17 12:05:17.013,0.73354,0.73388,1.00,1.87
2015.04.17 12:05:19.982,0.73353,0.73388,1.00,1.50
2015.04.17 12:05:20.312,0.73351,0.73385,1.00,1.75
2015.04.17 12:05:20.852,0.73353,0.73385,1.00,2.25
2015.04.17 12:05:20.931,0.73351,0.73385,1.00,3.00
2015.04.17 12:05:21.308,0.73353,0.73385,1.00,2.25
2015.04.17 12:05:21.638,0.73353,0.73387,1.00,2.25
2015.04.17 12:05:22.800,0.73355,0.73389,1.00,1.75
2015.04.17 12:05:24.666,0.73355,0.73387,1.00,1.37
2015.04.17 12:05:24.716,0.73357,0.73387,1.00,1.37
2015.04.17 12:05:26.482,0.73358,0.73389,1.00,1.37
2015.04.17 12:05:28.782,0.73358,0.73389,1.00,1.50
2015.04.17 12:05:31.403,0.73358,0.73389,1.00,1.37
2015.04.17 12:05:32.000,0.73358,0.73389,1.00,1.37
2015.04.17 12:05:32.051,0.73356,0.73389,1.00,1.37
2015.04.17 12:05:32.618,0.73356,0.73389,1.00,1.50
2015.04.17 12:05:34.435,0.73356,0.73389,1.00,1.37
2015.04.17 12:05:37.890,0.73354,0.73386,1.00,1.12
2015.04.17 12:05:37.941,0.73354,0.73383,1.00,1.50
2015.04.17 12:05:37.991,0.7335,0.73382,1.00,1.37
2015.04.17 12:05:38.142,0.7335,0.73378,1.00,1.37
2015.04.17 12:05:38.199,0.73346,0.73378,1.00,1.37
2015.04.17 12:05:38.350,0.73344,0.73374,1.00,1.00
2015.04.17 12:05:38.451,0.73336,0.7337,1.00,1.00
2015.04.17 12:05:38.552,0.73333,0.73367,1.00,1.00
2015.04.17 12:05:38.903,0.73336,0.73369,1.00,1.00
2015.04.17 12:05:39.222,0.73341,0.73373,1.00,1.50
2015.04.17 12:05:39.322,0.73338,0.73371,1.00,1.00
2015.04.17 12:05:39.849,0.73337,0.73371,1.00,1.50
2015.04.17 12:05:40.322,0.73337,0.73371,1.00,1.87
2015.04.17 12:05:41.327,0.73337,0.73371,1.00,2.25
2015.04.17 12:05:43.539,0.73337,0.73369,1.00,1.37
2015.04.17 12:05:44.802,0.73339,0.73369,1.00,1.37
2015.04.17 12:05:45.421,0.73339,0.7337,1.00,1.87
2015.04.17 12:05:45.905,0.73336,0.7337,1.00,1.87
2015.04.17 12:05:46.056,0.73335,0.73366,1.50,1.50
2015.04.17 12:05:46.394,0.73333,0.73365,1.00,1.37
2015.04.17 12:05:47.617,0.73333,0.73365,1.00,1.37
2015.04.17 12:05:49.947,0.73333,0.73365,1.00,1.37
2015.04.17 12:05:50.312,0.73335,0.73365,1.00,1.37
2015.04.17 12:05:52.530,0.7333,0.73364,1.00,1.37
2015.04.17 12:05:53.057,0.7333,0.73364,1.00,1.00
2015.04.17 12:05:53.107,0.73334,0.73364,1.00,1.00
2015.04.17 12:05:53.392,0.7333,0.73364,1.00,1.37
2015.04.17 12:05:54.766,0.7333,0.73364,1.00,1.75
2015.04.17 12:05:55.068,0.73327,0.73361,1.00,2.25
2015.04.17 12:05:56.273,0.73326,0.73358,1.00,1.37
2015.04.17 12:05:56.777,0.73326,0.73359,1.00,1.75
2015.04.17 12:05:56.943,0.73324,0.73357,1.00,1.37
2015.04.17 12:05:57.891,0.73323,0.73357,1.00,1.37
2015.04.17 12:05:58.832,0.73323,0.73357,1.00,1.75
2015.04.17 12:05:59.188,0.73323,0.73357,1.00,1.37
2015.04.17 12:05:59.440,0.73325,0.73357,1.00,1.37
2015.04.17 12:06:00.870,0.73323,0.73357,1.00,1.37
2015.04.17 12:06:01.468,0.73323,0.73357,1.00,1.50
2015.04.17 12:06:01.519,0.73323,0.73357,1.00,1.75
2015.04.17 12:06:01.669,0.7332,0.73352,1.00,1.37
2015.04.17 12:06:02.001,0.73319,0.73353,1.00,2.25
2015.04.17 12:06:02.203,0.73314,0.73346,1.00,1.00
2015.04.17 12:06:02.303,0.73312,0.73346,1.00,1.00
2015.04.17 12:06:02.354,0.73312,0.73344,1.00,1.00
2015.04.17 12:06:02.874,0.73314,0.73344,1.00,1.37
2015.04.17 12:06:04.322,0.73319,0.73345,1.00,1.37
2015.04.17 12:06:04.430,0.73314,0.73345,1.00,1.87
2015.04.17 12:06:04.931,0.73314,0.73345,1.00,1.87
2015.04.17 12:06:05.283,0.73314,0.73347,1.00,1.37
2015.04.17 12:06:06.285,0.73314,0.73347,1.00,1.37
2015.04.17 12:06:06.385,0.7332,0.73347,1.00,1.37
2015.04.17 12:06:06.789,0.73319,0.73349,1.00,1.00
2015.04.17 12:06:06.962,0.73324,0.73354,1.00,1.37
2015.04.17 12:06:07.291,0.7332,0.73354,1.00,1.37
2015.04.17 12:06:08.393,0.7332,0.73352,1.50,1.37
2015.04.17 12:06:09.438,0.7332,0.73351,1.00,1.37
2015.04.17 12:06:09.779,0.73317,0.73351,1.00,1.37
2015.04.17 12:06:13.957,0.73317,0.73351,1.00,1.37
2015.04.17 12:06:14.060,0.73319,0.73351,1.00,1.37
2015.04.17 12:06:14.629,0.7332,0.73351,1.00,1.37
2015.04.17 12:06:15.330,0.73319,0.73351,1.00,1.37
2015.04.17 12:06:15.671,0.73319,0.73351,1.00,1.50
2015.04.17 12:06:16.199,0.7332,0.7335,1.00,1.75
2015.04.17 12:06:16.514,0.73325,0.73349,1.00,1.00
2015.04.17 12:06:16.759,0.73327,0.73355,1.00,1.37
2015.04.17 12:06:20.389,0.73327,0.73359,1.00,1.37
2015.04.17 12:06:20.769,0.7333,0.73361,1.00,1.50
2015.04.17 12:06:20.848,0.7333,0.73361,1.00,1.37
2015.04.17 12:06:21.186,0.7333,0.73361,1.00,1.50
2015.04.17 12:06:21.320,0.73327,0.73361,1.00,1.50
2015.04.17 12:06:21.652,0.73327,0.73359,1.00,1.75
2015.04.17 12:06:21.702,0.73324,0.73358,1.50,1.75
2015.04.17 12:06:21.953,0.73323,0.73346,1.00,1.00
2015.04.17 12:06:22.004,0.73312,0.73346,1.00,1.50
2015.04.17 12:06:22.105,0.73317,0.73346,1.00,1.00
2015.04.17 12:06:22.205,0.7331,0.73344,1.00,1.00
2015.04.17 12:06:22.306,0.7331,0.73342,1.00,1.00
2015.04.17 12:06:22.929,0.73307,0.73339,1.00,1.00
2015.04.17 12:06:23.256,0.73309,0.73339,1.00,1.37
2015.04.17 12:06:24.072,0.73306,0.73339,1.00,1.75
2015.04.17 12:06:24.574,0.73306,0.73336,1.00,1.37
2015.04.17 12:06:24.901,0.73306,0.73336,1.00,1.12
2015.04.17 12:06:25.451,0.73307,0.73338,1.00,1.37
2015.04.17 12:06:26.881,0.73307,0.73338,1.00,1.00
2015.04.17 12:06:27.386,0.73308,0.73338,1.12,1.00
2015.04.17 12:06:27.588,0.73309,0.73343,1.00,1.87
2015.04.17 12:06:27.639,0.73311,0.73343,1.00,1.37
2015.04.17 12:06:27.689,0.73311,0.73343,1.00,1.00
2015.04.17 12:06:27.740,0.73314,0.73343,1.00,1.00
2015.04.17 12:06:27.869,0.73314,0.73347,1.00,1.37
2015.04.17 12:06:29.425,0.73314,0.73347,1.00,1.87
2015.04.17 12:06:29.576,0.73312,0.73344,1.00,1.37
2015.04.17 12:06:29.677,0.73312,0.73344,1.00,1.37
2015.04.17 12:06:29.851,0.73312,0.73344,1.00,1.37
2015.04.17 12:06:29.902,0.73314,0.73344,1.00,1.37
2015.04.17 12:06:30.558,0.73315,0.73345,1.00,1.37
2015.04.17 12:06:31.342,0.73315,0.73345,1.00,1.50
2015.04.17 12:06:31.492,0.73311,0.73344,1.00,1.37
2015.04.17 12:06:31.544,0.73311,0.73344,1.00,1.75
2015.04.17 12:06:31.594,0.73309,0.73343,1.50,1.50
2015.04.17 12:06:31.645,0.73309,0.7334,1.50,1.50
2015.04.17 12:06:31.745,0.73309,0.7334,1.00,1.12
2015.04.17 12:06:32.999,0.73311,0.73342,1.00,1.37
2015.04.17 12:06:33.319,0.73311,0.73342,1.00,1.37
2015.04.17 12:06:34.851,0.73308,0.73342,1.00,1.87
2015.04.17 12:06:35.191,0.7331,0.73341,1.00,1.87
2015.04.17 12:06:35.413,0.73307,0.73341,1.00,1.87
2015.04.17 12:06:35.853,0.7331,0.73341,1.00,1.87
2015.04.17 12:06:36.951,0.73307,0.73341,1.00,1.87
2015.04.17 12:06:37.270,0.7331,0.73341,1.00,1.37
2015.04.17 12:06:37.421,0.73314,0.73342,1.00,1.00
2015.04.17 12:06:37.632,0.73316,0.73347,1.00,1.37
2015.04.17 12:06:37.821,0.73319,0.73347,1.00,1.37
2015.04.17 12:06:37.971,0.73318,0.73347,1.00,1.00
2015.04.17 12:06:38.022,0.73318,0.7335,1.00,1.37
2015.04.17 12:06:38.123,0.73318,0.73352,1.00,1.37
2015.04.17 12:06:38.173,0.73318,0.73352,1.00,1.75
2015.04.17 12:06:38.227,0.73318,0.73352,1.00,1.37
2015.04.17 12:06:38.529,0.73314,0.73348,1.00,1.50
2015.04.17 12:06:38.680,0.73314,0.73346,1.00,1.00
2015.04.17 12:06:39.032,0.73314,0.73344,1.00,1.00
2015.04.17 12:06:39.440,0.73313,0.73343,1.00,1.37
2015.04.17 12:06:39.578,0.73311,0.73343,1.00,1.37
2015.04.17 12:06:40.346,0.73311,0.73343,1.00,1.75
2015.04.17 12:06:40.958,0.7331,0.73343,1.00,1.75
2015.04.17 12:06:41.495,0.73309,0.73343,1.50,2.25
2015.04.17 12:06:41.829,0.73304,0.73338,1.12,1.37
2015.04.17 12:06:41.880,0.73304,0.73338,1.00,1.75
2015.04.17 12:06:41.930,0.73302,0.73336,1.00,1.50
2015.04.17 12:06:42.431,0.73301,0.73334,1.00,1.37
2015.04.17 12:06:42.548,0.73304,0.73336,1.00,1.87
2015.04.17 12:06:42.657,0.73301,0.73335,1.00,1.37
2015.04.17 12:06:42.823,0.73301,0.73335,1.00,1.50
2015.04.17 12:06:43.171,0.73305,0.73334,1.00,1.87
2015.04.17 12:06:43.861,0.733,0.73334,1.50,1.87
2015.04.17 12:06:44.958,0.73305,0.73334,1.00,1.87
2015.04.17 12:06:46.230,0.73305,0.73334,1.00,1.12
2015.04.17 12:06:46.330,0.73308,0.73336,1.00,1.00
2015.04.17 12:06:46.381,0.73308,0.73342,1.00,1.37
2015.04.17 12:06:46.431,0.73313,0.73343,1.00,1.12
2015.04.17 12:06:46.738,0.73317,0.73343,1.00,1.00
2015.04.17 12:06:46.839,0.73321,0.73352,1.00,1.00
2015.04.17 12:06:46.941,0.73321,0.73355,1.00,1.50
2015.04.17 12:06:46.991,0.73324,0.73355,1.00,1.00
2015.04.17 12:06:47.293,0.73322,0.73356,1.00,1.50
2015.04.17 12:06:47.828,0.73323,0.73355,1.00,1.00
2015.04.17 12:06:48.038,0.73323,0.73355,1.00,1.37
2015.04.17 12:06:48.105,0.73323,0.73355,1.00,1.37
2015.04.17 12:06:48.279,0.73325,0.73355,1.00,1.37
2015.04.17 12:06:48.665,0.73325,0.73356,1.00,1.37
2015.04.17 12:06:50.029,0.73322,0.73356,1.00,1.87
2015.04.17 12:06:50.080,0.73322,0.73356,1.00,2.25
2015.04.17 12:06:50.181,0.73322,0.73354,1.00,1.37
2015.04.17 12:06:50.281,0.7332,0.73352,1.00,1.00
2015.04.17 12:06:50.432,0.73321,0.7335,1.00,1.00
2015.04.17 12:06:50.482,0.73316,0.73347,1.00,1.00
2015.04.17 12:06:51.338,0.73316,0.73346,1.00,1.00
2015.04.17 12:06:51.612,0.73318,0.73348,1.00,1.37
2015.04.17 12:06:51.724,0.73318,0.73348,1.00,1.12
2015.04.17 12:06:59.209,0.73317,0.73349,1.00,1.37
2015.04.17 12:06:59.922,0.73317,0.73347,1.00,1.00
2015.04.17 12:07:00.023,0.73317,0.7335,1.00,1.12
2015.04.17 12:07:00.329,0.73317,0.7335,1.00,1.37
2015.04.17 12:07:03.931,0.73316,0.7335,1.00,1.37
2015.04.17 12:07:04.232,0.7332,0.73351,1.00,1.00
2015.04.17 12:07:04.383,0.73323,0.73356,1.00,1.12
2015.04.17 12:07:04.433,0.73323,0.73353,1.00,1.00
2015.04.17 12:07:04.735,0.73319,0.73349,1.00,1.00
2015.04.17 12:07:05.418,0.73318,0.73349,1.00,1.00
2015.04.17 12:07:05.907,0.73316,0.73349,1.00,1.37
2015.04.17 12:07:06.301,0.73316,0.73346,1.00,1.37
2015.04.17 12:07:06.597,0.73315,0.73346,1.50,1.12
2015.04.17 12:07:07.160,0.73315,0.73349,1.50,1.87
2015.04.17 12:07:07.575,0.73315,0.73349,1.50,2.25
2015.04.17 12:07:08.132,0.73315,0.73349,1.00,1.87
2015.04.17 12:07:08.500,0.73319,0.73349,1.00,1.37
2015.04.17 12:07:08.660,0.7332,0.73349,1.00,1.00
2015.04.17 12:07:08.762,0.73318,0.73349,1.00,1.00
2015.04.17 12:07:08.813,0.73318,0.73347,1.00,1.00
2015.04.17 12:07:08.863,0.73316,0.73347,1.00,1.00
2015.04.17 12:07:09.451,0.73315,0.73347,1.00,1.50
2015.04.17 12:07:09.999,0.73315,0.73346,1.00,1.00
2015.04.17 12:07:10.049,0.73312,0.73339,1.00,1.50
2015.04.17 12:07:10.200,0.73306,0.73335,1.00,1.37
2015.04.17 12:07:10.250,0.73306,0.73334,1.00,1.75
2015.04.17 12:07:10.301,0.73303,0.73334,1.00,2.25
2015.04.17 12:07:10.401,0.733,0.73333,1.00,1.00
2015.04.17 12:07:10.502,0.73303,0.73335,1.00,1.00
2015.04.17 12:07:10.809,0.73304,0.73331,1.00,1.00
2015.04.17 12:07:11.428,0.73304,0.73333,1.00,1.50
2015.04.17 12:07:11.529,0.73304,0.73333,1.00,2.25
2015.04.17 12:07:11.851,0.73305,0.73333,1.00,1.75
2015.04.17 12:07:11.959,0.73304,0.73331,1.00,1.37
2015.04.17 12:07:12.236,0.73304,0.73333,1.00,1.50
2015.04.17 12:07:12.286,0.73309,0.73333,1.00,1.00
2015.04.17 12:07:12.337,0.73309,0.73337,1.00,1.00
2015.04.17 12:07:12.474,0.73305,0.73337,1.00,1.00
2015.04.17 12:07:12.625,0.73307,0.73338,1.00,1.00
2015.04.17 12:07:13.170,0.73307,0.73339,1.00,1.87
2015.04.17 12:07:13.560,0.7331,0.73339,1.00,1.37
2015.04.17 12:07:14.068,0.7331,0.73339,1.00,1.50
2015.04.17 12:07:14.770,0.73307,0.73339,1.00,1.50
2015.04.17 12:07:14.961,0.73307,0.73339,1.00,1.75
2015.04.17 12:07:15.112,0.73304,0.73335,1.00,1.50
2015.04.17 12:07:15.664,0.73304,0.73335,1.00,1.75
2015.04.17 12:07:15.965,0.73304,0.73335,1.00,1.87
2015.04.17 12:07:16.547,0.73305,0.73335,1.00,1.87
2015.04.17 12:07:18.099,0.73305,0.73335,1.00,1.37
2015.04.17 12:07:18.243,0.73305,0.73336,1.00,1.37
2015.04.17 12:07:18.294,0.73309,0.73336,1.00,1.12
2015.04.17 12:07:18.445,0.73307,0.73336,1.00,1.37
2015.04.17 12:07:18.496,0.73307,0.73336,1.00,1.37
2015.04.17 12:07:18.546,0.73304,0.73336,1.00,1.87
2015.04.17 12:07:18.721,0.73304,0.73336,1.00,1.50
2015.04.17 12:07:19.280,0.73305,0.73336,1.00,1.00
2015.04.17 12:07:19.569,0.73305,0.73334,1.00,1.00
2015.04.17 12:07:20.379,0.73305,0.73334,1.00,1.37
2015.04.17 12:07:25.779,0.73302,0.73335,1.00,1.37
2015.04.17 12:07:25.830,0.73302,0.73335,1.00,1.37
2015.04.17 12:07:26.320,0.73302,0.73335,1.00,1.75
2015.04.17 12:07:32.214,0.73302,0.73335,1.00,1.50
2015.04.17 12:07:33.068,0.73305,0.73335,1.00,1.50
2015.04.17 12:07:33.320,0.73305,0.73335,1.00,1.37
2015.04.17 12:07:33.587,0.73309,0.73336,1.00,1.37
2015.04.17 12:07:34.378,0.73309,0.73336,1.00,1.37
2015.04.17 12:07:34.959,0.73309,0.73341,1.00,1.87
2015.04.17 12:07:35.060,0.73311,0.73345,1.37,1.00
2015.04.17 12:07:35.380,0.73318,0.7335,1.00,1.75
2015.04.17 12:07:35.712,0.7332,0.7335,1.00,1.50
2015.04.17 12:07:35.812,0.73317,0.73345,1.00,1.00
2015.04.17 12:07:35.863,0.73317,0.73349,1.00,1.50
2015.04.17 12:07:35.963,0.73317,0.73351,1.00,1.00
2015.04.17 12:07:36.498,0.73318,0.73351,1.00,1.00
2015.04.17 12:07:37.225,0.73318,0.73351,1.00,1.37
2015.04.17 12:07:38.210,0.73315,0.73349,1.00,1.37
2015.04.17 12:07:38.261,0.73315,0.73349,1.00,1.75
2015.04.17 12:07:38.362,0.73311,0.73343,1.00,1.75
2015.04.17 12:07:38.462,0.73315,0.7334,1.00,1.37
2015.04.17 12:07:38.647,0.73312,0.7334,1.00,1.37
2015.04.17 12:07:38.868,0.7331,0.7334,1.00,1.37
2015.04.17 12:07:39.129,0.73309,0.7334,1.50,1.75
2015.04.17 12:07:40.069,0.7331,0.7334,1.00,1.75
2015.04.17 12:07:41.918,0.7331,0.7334,1.00,1.75
2015.04.17 12:07:42.069,0.73306,0.73338,1.00,1.75
2015.04.17 12:07:42.758,0.73309,0.73338,1.00,1.50
2015.04.17 12:07:43.920,0.73306,0.73337,1.00,1.37
2015.04.17 12:07:43.971,0.73305,0.73337,1.00,1.37
2015.04.17 12:07:44.026,0.73305,0.73337,1.00,1.75
2015.04.17 12:07:44.530,0.73306,0.73337,1.00,1.75
2015.04.17 12:07:45.077,0.73306,0.73337,1.00,1.37
2015.04.17 12:07:45.787,0.73306,0.73337,1.00,1.37
2015.04.17 12:07:46.120,0.73306,0.73337,1.00,1.50
2015.04.17 12:07:46.640,0.73306,0.73337,1.00,1.75
2015.04.17 12:07:49.785,0.73307,0.73338,1.00,1.75
2015.04.17 12:07:49.835,0.73307,0.73338,1.00,1.37
2015.04.17 12:07:50.037,0.73308,0.7334,1.00,1.87
2015.04.17 12:07:50.579,0.73309,0.7334,1.00,1.37
2015.04.17 12:07:50.768,0.73307,0.7334,1.00,1.50
2015.04.17 12:07:51.500,0.73306,0.73338,1.00,1.37
2015.04.17 12:07:51.553,0.73306,0.73338,1.00,1.12
2015.04.17 12:07:51.724,0.73306,0.73338,1.00,1.87
2015.04.17 12:07:52.548,0.73307,0.73338,1.00,1.00
2015.04.17 12:07:52.648,0.73308,0.73341,1.00,1.50
2015.04.17 12:07:52.749,0.73305,0.73339,1.00,1.87
2015.04.17 12:07:56.361,0.73304,0.73338,1.50,1.37
2015.04.17 12:07:56.462,0.73304,0.73338,1.50,1.37
2015.04.17 12:07:56.564,0.73309,0.73338,1.00,1.37
2015.04.17 12:07:56.664,0.73306,0.73339,1.00,1.37
2015.04.17 12:07:57.353,0.73305,0.73337,1.50,1.37
2015.04.17 12:07:57.888,0.73305,0.73334,1.00,1.37
2015.04.17 12:07:58.169,0.73304,0.73334,1.00,1.12
2015.04.17 12:07:58.770,0.73304,0.73336,1.00,1.50
2015.04.17 12:07:58.881,0.73305,0.73336,1.00,1.37
2015.04.17 12:07:59.160,0.73306,0.73337,1.00,1.50
2015.04.17 12:07:59.684,0.73306,0.73337,1.00,1.37
2015.04.17 12:08:00.363,0.73306,0.73337,1.00,1.37
2015.04.17 12:08:01.720,0.73306,0.73337,1.00,1.37
2015.04.17 12:08:02.347,0.73307,0.73337,1.00,1.37
2015.04.17 12:08:03.622,0.73307,0.73337,1.00,1.00
2015.04.17 12:08:04.216,0.73308,0.7334,1.00,1.37
2015.04.17 12:08:04.538,0.73308,0.7334,1.00,1.00
2015.04.17 12:08:04.589,0.73308,0.73342,1.00,1.12
2015.04.17 12:08:04.639,0.73311,0.73343,1.00,1.37
2015.04.17 12:08:05.029,0.73311,0.73343,1.00,1.37
2015.04.17 12:08:05.632,0.73311,0.73343,1.00,1.50
2015.04.17 12:08:05.817,0.73309,0.73342,1.00,1.87
2015.04.17 12:08:06.501,0.73308,0.7334,1.00,1.37
2015.04.17 12:08:11.213,0.73308,0.7334,1.00,1.50
2015.04.17 12:08:13.238,0.73309,0.7334,1.00,1.50
2015.04.17 12:08:14.269,0.73309,0.73342,1.00,1.37
2015.04.17 12:08:14.420,0.73311,0.73343,1.00,2.25
2015.04.17 12:08:14.939,0.73311,0.73343,1.00,2.25
2015.04.17 12:08:17.500,0.73309,0.73343,1.50,2.25
2015.04.17 12:08:20.389,0.7331,0.73343,1.00,2.25
2015.04.17 12:08:22.006,0.7331,0.73343,1.00,2.25
2015.04.17 12:08:22.586,0.73309,0.7334,1.50,1.50
2015.04.17 12:08:23.112,0.73309,0.7334,1.50,1.37
2015.04.17 12:08:23.314,0.73309,0.7334,1.50,1.37
2015.04.17 12:08:24.355,0.7331,0.7334,1.00,1.37
2015.04.17 12:08:24.888,0.7331,0.7334,1.00,1.12
2015.04.17 12:08:26.987,0.7331,0.7334,1.00,1.37
2015.04.17 12:08:27.757,0.7331,0.7334,1.00,1.37
2015.04.17 12:08:29.489,0.7331,0.73342,1.50,1.87
2015.04.17 12:08:29.686,0.7331,0.73342,1.50,1.87
2015.04.17 12:08:30.287,0.7331,0.73342,1.00,1.87
2015.04.17 12:08:30.566,0.73307,0.73339,1.00,1.37
2015.04.17 12:08:31.279,0.73306,0.73339,1.00,1.37
2015.04.17 12:08:34.427,0.73305,0.73335,1.50,1.37
2015.04.17 12:08:34.729,0.73304,0.73335,1.00,1.00
2015.04.17 12:08:34.880,0.73306,0.73338,1.00,1.37
2015.04.17 12:08:35.238,0.73311,0.73341,1.00,1.37
2015.04.17 12:08:36.407,0.73311,0.73341,1.00,1.37
2015.04.17 12:08:38.586,0.73311,0.73341,1.00,1.50
2015.04.17 12:08:38.712,0.73309,0.73341,1.00,1.50
2015.04.17 12:08:39.307,0.73308,0.7334,1.00,1.37
2015.04.17 12:08:40.197,0.73308,0.7334,1.00,1.75
2015.04.17 12:08:40.619,0.73306,0.73338,1.00,1.37
2015.04.17 12:08:40.719,0.73304,0.73338,1.00,1.50
2015.04.17 12:08:41.287,0.73303,0.73336,1.00,1.37
2015.04.17 12:08:42.325,0.73303,0.73336,1.00,1.37
2015.04.17 12:08:42.376,0.73305,0.73336,1.00,1.37
2015.04.17 12:08:42.723,0.73307,0.73338,1.00,1.50
2015.04.17 12:08:42.777,0.73305,0.73338,1.00,1.37
2015.04.17 12:08:45.539,0.73305,0.73337,1.00,1.37
2015.04.17 12:08:45.840,0.73304,0.73335,1.00,1.37
2015.04.17 12:08:46.504,0.73303,0.73335,1.00,1.37
2015.04.17 12:08:51.079,0.73303,0.73335,1.00,1.37
2015.04.17 12:08:52.582,0.73303,0.73335,1.00,1.37
2015.04.17 12:08:53.109,0.73303,0.73335,1.00,2.25
2015.04.17 12:08:53.337,0.73301,0.73333,1.00,1.37
2015.04.17 12:08:54.106,0.73299,0.73333,1.50,1.87
2015.04.17 12:08:54.636,0.733,0.73333,1.00,1.87
2015.04.17 12:08:56.194,0.733,0.73333,1.00,2.25
2015.04.17 12:08:56.749,0.73299,0.73328,1.00,1.37
2015.04.17 12:08:58.778,0.73298,0.73328,1.00,1.37
2015.04.17 12:08:59.636,0.73298,0.73328,1.00,1.37
2015.04.17 12:09:00.537,0.73298,0.73328,1.00,1.37
2015.04.17 12:09:00.938,0.73295,0.73327,1.00,1.37
2015.04.17 12:09:01.360,0.73295,0.73327,1.00,1.37
2015.04.17 12:09:06.366,0.73294,0.73327,1.50,1.37
2015.04.17 12:09:06.918,0.73295,0.73327,1.00,1.37
2015.04.17 12:09:07.686,0.73294,0.73327,1.50,1.37
2015.04.17 12:09:07.909,0.73295,0.73327,1.00,1.12
2015.04.17 12:09:08.316,0.73297,0.73329,1.00,1.37
2015.04.17 12:09:09.638,0.73299,0.73329,1.00,1.37
2015.04.17 12:09:10.437,0.73297,0.73329,1.00,1.37
2015.04.17 12:09:11.395,0.73297,0.73329,1.00,1.37
2015.04.17 12:09:12.086,0.733,0.73329,1.00,1.37
2015.04.17 12:09:13.076,0.73297,0.73329,1.00,1.37
2015.04.17 12:09:13.127,0.73297,0.73329,1.00,1.50
2015.04.17 12:09:13.453,0.73297,0.73329,1.00,1.37
2015.04.17 12:09:13.909,0.73298,0.73329,1.00,1.00
2015.04.17 12:09:14.209,0.73298,0.73329,1.00,1.37
2015.04.17 12:09:16.156,0.73299,0.73329,1.00,1.37
2015.04.17 12:09:17.355,0.73299,0.7333,1.50,1.37
2015.04.17 12:09:23.688,0.73299,0.7333,1.00,1.12
2015.04.17 12:09:24.246,0.733,0.7333,1.00,1.37
2015.04.17 12:09:24.850,0.733,0.7333,1.00,1.50
2015.04.17 12:09:24.951,0.73296,0.7333,1.00,2.25
2015.04.17 12:09:25.226,0.733,0.7333,1.00,2.25
2015.04.17 12:09:25.338,0.73296,0.73327,1.00,1.37
2015.04.17 12:09:25.479,0.73299,0.73329,1.00,1.37
2015.04.17 12:09:26.226,0.73301,0.73329,1.00,1.37
2015.04.17 12:09:26.449,0.73299,0.73329,1.50,1.37
2015.04.17 12:09:26.968,0.733,0.73332,1.00,1.50
2015.04.17 12:09:27.019,0.73304,0.73332,1.00,1.50
2015.04.17 12:09:27.069,0.73304,0.73332,1.00,1.37
2015.04.17 12:09:27.258,0.73302,0.73335,1.00,1.87
2015.04.17 12:09:27.308,0.73302,0.73335,1.00,2.25
2015.04.17 12:09:28.476,0.73305,0.73335,1.00,2.25
2015.04.17 12:09:28.527,0.73302,0.73335,1.00,2.25
2015.04.17 12:09:29.468,0.733,0.73334,1.50,1.50
2015.04.17 12:09:29.920,0.73302,0.73333,1.00,2.25
2015.04.17 12:09:30.021,0.733,0.73331,1.00,1.87
2015.04.17 12:09:30.616,0.733,0.7333,1.00,1.37
2015.04.17 12:09:30.786,0.73297,0.7333,1.00,1.87
2015.04.17 12:09:31.058,0.73299,0.7333,1.00,1.87
2015.04.17 12:09:31.159,0.73299,0.73333,1.50,1.00
2015.04.17 12:09:31.209,0.73305,0.73333,1.00,1.00
2015.04.17 12:09:31.260,0.73305,0.73335,1.50,1.00
2015.04.17 12:09:31.649,0.73303,0.73334,1.00,1.12
2015.04.17 12:09:32.263,0.73302,0.73334,1.00,1.12
2015.04.17 12:09:32.499,0.73302,0.73332,1.00,1.00
2015.04.17 12:09:33.588,0.73304,0.73332,1.00,1.00
2015.04.17 12:09:33.850,0.73302,0.73332,1.00,1.00
2015.04.17 12:09:35.019,0.73304,0.73332,1.00,1.00
2015.04.17 12:09:35.568,0.73302,0.73332,1.00,1.00
2015.04.17 12:09:36.698,0.73305,0.73334,1.00,1.37
2015.04.17 12:09:37.298,0.73305,0.73334,1.00,1.37
2015.04.17 12:09:38.091,0.73305,0.73334,1.00,1.37
2015.04.17 12:09:38.337,0.73301,0.73334,1.00,1.37
2015.04.17 12:09:39.638,0.73301,0.73334,1.00,1.37
2015.04.17 12:09:41.368,0.73301,0.73334,1.00,1.37
2015.04.17 12:09:42.057,0.73304,0.73334,1.00,1.37
2015.04.17 12:09:42.203,0.73304,0.73334,1.00,1.12
2015.04.17 12:09:42.303,0.73304,0.73336,1.00,2.25
2015.04.17 12:09:42.436,0.73305,0.73336,1.00,1.87
2015.04.17 12:09:42.603,0.73305,0.73336,1.00,1.87
2015.04.17 12:09:43.327,0.73304,0.73334,1.00,1.37
2015.04.17 12:09:43.646,0.73304,0.73334,1.00,1.37
2015.04.17 12:09:44.162,0.73305,0.73334,1.00,1.37
2015.04.17 12:09:44.213,0.73305,0.73334,1.00,1.37
2015.04.17 12:09:44.827,0.73304,0.73334,1.00,1.37
2015.04.17 12:09:45.364,0.73304,0.73335,1.00,1.37
2015.04.17 12:09:45.464,0.73304,0.73336,1.00,1.87
2015.04.17 12:09:45.797,0.73302,0.73335,1.00,1.37
2015.04.17 12:09:46.151,0.73304,0.73336,1.00,1.87
2015.04.17 12:09:46.213,0.73304,0.73336,1.00,1.87
2015.04.17 12:09:46.346,0.73304,0.73335,1.00,1.37
2015.04.17 12:09:46.559,0.73304,0.73334,1.00,1.12
2015.04.17 12:09:46.660,0.73302,0.73334,1.00,1.37
2015.04.17 12:09:46.975,0.73304,0.73334,1.00,1.37
2015.04.17 12:09:47.025,0.73304,0.73334,1.00,1.00
2015.04.17 12:09:47.126,0.73305,0.73334,1.00,1.37
2015.04.17 12:09:47.227,0.73305,0.73334,1.00,1.37
2015.04.17 12:09:47.450,0.73309,0.73333,1.00,1.00
2015.04.17 12:09:47.551,0.73309,0.7334,1.00,2.25
2015.04.17 12:09:47.802,0.73309,0.73336,1.00,1.00
2015.04.17 12:09:47.903,0.73306,0.73336,1.00,1.00
2015.04.17 12:09:48.208,0.73307,0.73338,1.00,1.00
2015.04.17 12:09:48.309,0.7331,0.73338,1.00,1.00
2015.04.17 12:09:49.826,0.7331,0.7334,1.00,1.12
2015.04.17 12:09:50.409,0.73313,0.73344,1.00,1.37
2015.04.17 12:09:50.660,0.73315,0.73346,1.00,1.37
2015.04.17 12:09:50.729,0.73315,0.73343,1.00,1.00
2015.04.17 12:09:50.922,0.73312,0.73342,1.00,1.12
2015.04.17 12:09:51.508,0.73311,0.73342,1.00,1.12
2015.04.17 12:09:52.049,0.73312,0.73342,1.00,1.12
2015.04.17 12:09:53.802,0.73313,0.73342,1.00,1.00
2015.04.17 12:09:55.426,0.73314,0.73344,1.00,1.37
2015.04.17 12:09:57.110,0.73314,0.73344,1.00,1.37
2015.04.17 12:09:57.667,0.73315,0.73346,1.00,1.87
2015.04.17 12:09:58.197,0.73315,0.73346,1.00,1.87
2015.04.17 12:10:00.200,0.73316,0.73345,1.00,1.37
2015.04.17 12:10:00.351,0.73316,0.73346,1.00,1.12
2015.04.17 12:10:00.401,0.73318,0.73346,1.00,1.12
2015.04.17 12:10:00.552,0.73318,0.73349,1.00,1.37
2015.04.17 12:10:01.087,0.73319,0.73349,1.00,1.12
2015.04.17 12:10:01.421,0.73319,0.73349,1.50,1.37
2015.04.17 12:10:03.227,0.73319,0.73349,1.00,1.37
2015.04.17 12:10:03.737,0.73318,0.73349,1.00,1.37
2015.04.17 12:10:05.376,0.73313,0.73345,1.00,1.75
2015.04.17 12:10:05.477,0.73306,0.73338,1.00,1.37
2015.04.17 12:10:05.528,0.73304,0.73338,1.50,1.87
2015.04.17 12:10:05.678,0.73304,0.73337,1.00,1.37
2015.04.17 12:10:06.476,0.73304,0.73335,1.00,1.12
2015.04.17 12:10:06.985,0.73304,0.73336,1.00,1.37
2015.04.17 12:10:09.835,0.73307,0.73336,1.00,1.37
2015.04.17 12:10:09.951,0.73307,0.73336,1.00,1.00
2015.04.17 12:10:10.545,0.73307,0.73339,1.00,1.37
2015.04.17 12:10:12.330,0.73307,0.73339,1.00,1.37
2015.04.17 12:10:12.380,0.7331,0.7334,1.00,1.37
2015.04.17 12:10:12.631,0.73308,0.73339,1.00,1.37
2015.04.17 12:10:12.732,0.7331,0.73341,1.00,1.87
2015.04.17 12:10:14.057,0.73308,0.73341,1.00,1.87
2015.04.17 12:10:14.107,0.73308,0.73341,1.00,1.87
2015.04.17 12:10:14.645,0.73308,0.73341,1.00,1.87
2015.04.17 12:10:15.167,0.73309,0.73341,1.00,1.37
2015.04.17 12:10:16.560,0.73311,0.73341,1.00,1.37
2015.04.17 12:10:16.902,0.73311,0.73341,1.00,1.12
2015.04.17 12:10:17.353,0.73308,0.73341,1.00,1.12
2015.04.17 12:10:17.404,0.73308,0.7334,1.00,1.50
2015.04.17 12:10:17.454,0.73304,0.73338,1.00,1.37
2015.04.17 12:10:17.967,0.73305,0.73338,1.00,1.37
2015.04.17 12:10:18.106,0.73304,0.73338,1.00,1.50
2015.04.17 12:10:18.455,0.73306,0.73339,1.00,1.87
2015.04.17 12:10:18.759,0.73311,0.73343,1.00,1.87
2015.04.17 12:10:18.934,0.73312,0.73345,1.00,1.37
2015.04.17 12:10:18.985,0.73315,0.73345,1.00,1.37
2015.04.17 12:10:19.086,0.73312,0.73345,1.00,1.37
2015.04.17 12:10:19.619,0.73311,0.73343,1.00,1.00
2015.04.17 12:10:19.737,0.73309,0.73343,1.00,1.50
2015.04.17 12:10:19.872,0.73311,0.73343,1.00,1.00
2015.04.17 12:10:21.026,0.73311,0.73341,1.00,1.00
2015.04.17 12:10:21.076,0.73308,0.73341,1.00,1.00
2015.04.17 12:10:21.127,0.73308,0.73338,1.00,1.00
2015.04.17 12:10:21.439,0.73309,0.73337,1.00,1.87
2015.04.17 12:10:21.539,0.73309,0.7334,1.00,1.87
2015.04.17 12:10:22.067,0.73309,0.7334,1.50,1.37
2015.04.17 12:10:22.379,0.73307,0.7334,1.00,1.37
2015.04.17 12:10:23.007,0.73307,0.73339,1.00,1.37
2015.04.17 12:10:26.298,0.73307,0.73338,1.00,1.37
2015.04.17 12:10:26.857,0.73306,0.73337,1.00,1.37
2015.04.17 12:10:27.786,0.73306,0.73337,1.00,1.00
2015.04.17 12:10:28.727,0.73309,0.73337,1.00,1.00
2015.04.17 12:10:29.376,0.73309,0.73337,1.00,1.37
2015.04.17 12:10:29.627,0.73304,0.73337,1.50,1.37
2015.04.17 12:10:29.929,0.73304,0.73335,1.50,1.37
2015.04.17 12:10:30.469,0.73305,0.73332,1.00,1.37
2015.04.17 12:10:32.222,0.73305,0.73334,1.00,1.37
2015.04.17 12:10:32.736,0.73304,0.73333,1.00,1.37
2015.04.17 12:10:32.955,0.73305,0.73333,1.00,1.37
2015.04.17 12:10:33.475,0.73305,0.73333,1.00,1.00
2015.04.17 12:10:33.733,0.73304,0.73333,1.00,1.37
2015.04.17 12:10:34.116,0.73301,0.73334,1.00,2.25
2015.04.17 12:10:34.617,0.733,0.7333,1.00,1.37
2015.04.17 12:10:34.789,0.73298,0.7333,1.00,1.37
2015.04.17 12:10:34.888,0.733,0.7333,1.00,1.37
2015.04.17 12:10:35.393,0.73299,0.7333,1.00,1.37
2015.04.17 12:10:35.457,0.73299,0.7333,1.00,1.00
2015.04.17 12:10:35.508,0.73304,0.73332,1.00,1.00
2015.04.17 12:10:35.765,0.73301,0.73332,1.00,1.37
2015.04.17 12:10:36.271,0.733,0.73334,1.00,1.50
2015.04.17 12:10:36.536,0.73304,0.73334,1.00,1.50
2015.04.17 12:10:36.646,0.733,0.73334,1.00,1.50
2015.04.17 12:10:37.875,0.733,0.73334,1.00,1.00
2015.04.17 12:10:37.976,0.733,0.73334,1.00,1.75
2015.04.17 12:10:38.340,0.733,0.73331,1.00,1.75
2015.04.17 12:10:39.397,0.73297,0.7333,1.00,1.50
2015.04.17 12:10:40.938,0.733,0.7333,1.00,1.50
2015.04.17 12:10:40.988,0.733,0.7333,1.00,1.37
2015.04.17 12:10:41.511,0.73301,0.73332,1.00,1.37
2015.04.17 12:10:41.648,0.73299,0.73332,1.50,1.37
2015.04.17 12:10:43.055,0.73302,0.73332,1.00,1.37
2015.04.17 12:10:43.495,0.73304,0.73332,1.00,1.37
2015.04.17 12:10:44.018,0.73302,0.73332,1.00,1.37
2015.04.17 12:10:44.119,0.73301,0.73334,1.00,1.37
2015.04.17 12:10:44.320,0.733,0.73332,1.00,1.37
2015.04.17 12:10:44.420,0.733,0.73332,1.00,1.12
2015.04.17 12:10:45.307,0.733,0.73332,1.00,1.37
2015.04.17 12:10:45.886,0.733,0.73331,1.00,1.37
2015.04.17 12:10:46.512,0.73299,0.73331,1.00,1.75
2015.04.17 12:10:50.228,0.73299,0.73332,1.00,2.25
2015.04.17 12:10:50.330,0.73299,0.73332,1.00,1.87
2015.04.17 12:10:50.886,0.733,0.73333,1.00,1.87
2015.04.17 12:10:51.388,0.733,0.73333,1.00,1.50
2015.04.17 12:10:53.583,0.733,0.73333,1.12,1.37
2015.04.17 12:10:53.633,0.73303,0.73333,1.00,1.37
2015.04.17 12:10:55.395,0.73303,0.73333,1.00,1.37
2015.04.17 12:10:55.636,0.73303,0.73336,1.00,1.87
2015.04.17 12:10:55.737,0.73306,0.73336,1.00,1.37
2015.04.17 12:10:55.838,0.73305,0.73338,1.00,1.37
2015.04.17 12:10:56.111,0.73305,0.73338,1.00,1.37
2015.04.17 12:10:56.513,0.73307,0.7334,1.00,1.75
2015.04.17 12:10:56.567,0.73307,0.7334,1.00,1.37
2015.04.17 12:10:57.327,0.73307,0.7334,1.00,1.37
2015.04.17 12:10:57.737,0.73307,0.7334,1.00,1.75
2015.04.17 12:10:58.038,0.73305,0.73337,1.00,1.37
2015.04.17 12:10:58.089,0.73308,0.73337,1.00,1.37
2015.04.17 12:10:58.139,0.73308,0.73337,1.00,1.12
2015.04.17 12:11:00.584,0.7331,0.73337,1.00,1.12
2015.04.17 12:11:00.806,0.73308,0.7334,1.00,1.37
2015.04.17 12:11:01.024,0.73305,0.73336,1.00,1.37
2015.04.17 12:11:02.340,0.73304,0.73336,1.00,1.37
2015.04.17 12:11:03.486,0.73304,0.73335,1.00,1.37
2015.04.17 12:11:03.645,0.73304,0.73335,1.00,1.12
2015.04.17 12:11:04.043,0.73304,0.73336,1.00,1.37
2015.04.17 12:11:04.643,0.73304,0.73336,1.00,1.37
2015.04.17 12:11:05.245,0.73304,0.73336,1.00,1.37
2015.04.17 12:11:05.747,0.73304,0.73336,1.00,1.37
2015.04.17 12:11:06.148,0.73304,0.73336,1.00,1.50
2015.04.17 12:11:07.847,0.73303,0.73336,1.00,2.25
2015.04.17 12:11:07.999,0.73307,0.73338,1.00,1.87
2015.04.17 12:11:08.158,0.73307,0.73338,1.00,2.25
2015.04.17 12:11:08.259,0.73307,0.73338,1.00,1.87
2015.04.17 12:11:08.573,0.73309,0.73338,1.00,1.37
2015.04.17 12:11:08.756,0.73308,0.73338,1.00,1.37
2015.04.17 12:11:08.834,0.7331,0.73338,1.00,1.37
2015.04.17 12:11:08.945,0.73308,0.73338,1.00,1.37
2015.04.17 12:11:09.642,0.73307,0.73338,1.00,1.37
2015.04.17 12:11:09.977,0.73309,0.73338,1.00,1.37
2015.04.17 12:11:10.087,0.73307,0.73338,1.00,1.37
2015.04.17 12:11:10.161,0.73307,0.73338,1.00,1.37
2015.04.17 12:11:11.254,0.7331,0.73338,1.00,1.37
2015.04.17 12:11:11.507,0.73309,0.73342,1.00,1.12
2015.04.17 12:11:11.708,0.7331,0.73342,1.00,1.37
2015.04.17 12:11:11.909,0.73313,0.73345,1.00,1.87
2015.04.17 12:11:12.298,0.73313,0.73345,1.00,1.12
2015.04.17 12:11:12.399,0.73315,0.73345,1.00,1.00
2015.04.17 12:11:12.727,0.7332,0.7335,1.00,1.37
2015.04.17 12:11:12.999,0.7332,0.7335,1.00,1.12
2015.04.17 12:11:14.486,0.73321,0.7335,1.00,1.00
2015.04.17 12:11:14.536,0.73321,0.7335,1.00,1.37
2015.04.17 12:11:16.748,0.73321,0.7335,1.00,1.37
2015.04.17 12:11:16.906,0.73318,0.7335,1.00,1.37
2015.04.17 12:11:17.650,0.73317,0.73347,1.00,1.37
2015.04.17 12:11:18.406,0.73316,0.73347,1.00,1.37
2015.04.17 12:11:19.003,0.73316,0.73347,1.00,1.37
2015.04.17 12:11:19.506,0.73317,0.73347,1.00,1.37
2015.04.17 12:11:20.105,0.73317,0.73347,1.00,1.37
2015.04.17 12:11:20.266,0.73317,0.7335,1.00,1.00
2015.04.17 12:11:20.654,0.73316,0.73349,1.00,1.37
2015.04.17 12:11:21.254,0.73316,0.73348,1.00,1.37
2015.04.17 12:11:23.361,0.73315,0.73345,1.00,1.37
2015.04.17 12:11:23.462,0.73315,0.73345,1.00,1.37
2015.04.17 12:11:23.562,0.73315,0.73345,1.00,1.75
2015.04.17 12:11:23.613,0.73312,0.73343,1.00,1.37
2015.04.17 12:11:23.923,0.7331,0.73342,1.50,1.37
2015.04.17 12:11:23.974,0.7331,0.73342,1.50,1.37
2015.04.17 12:11:24.963,0.7331,0.73342,1.50,1.37
2015.04.17 12:11:25.103,0.73315,0.73342,1.00,1.00
2015.04.17 12:11:25.154,0.73315,0.73345,1.00,1.00
2015.04.17 12:11:25.204,0.73314,0.73345,1.00,1.37
2015.04.17 12:11:25.801,0.73314,0.73345,1.50,1.37
2015.04.17 12:11:26.306,0.73314,0.73345,1.00,2.25
2015.04.17 12:11:27.974,0.73314,0.73346,1.00,1.00
2015.04.17 12:11:28.075,0.7332,0.73347,1.00,1.50
2015.04.17 12:11:28.388,0.73315,0.73347,1.00,1.50
2015.04.17 12:11:28.438,0.73314,0.73345,1.00,1.37
2015.04.17 12:11:28.744,0.73314,0.73344,1.00,1.37
2015.04.17 12:11:30.116,0.73314,0.73343,1.00,1.37
2015.04.17 12:11:30.607,0.73314,0.73343,1.00,1.75
2015.04.17 12:11:30.657,0.73311,0.73343,1.00,1.75
2015.04.17 12:11:30.758,0.73309,0.73341,1.00,1.75
2015.04.17 12:11:33.494,0.73309,0.73343,1.50,2.25
2015.04.17 12:11:33.595,0.73309,0.73343,1.50,1.50
2015.04.17 12:11:33.645,0.73314,0.73343,1.00,1.50
2015.04.17 12:11:34.183,0.73315,0.73342,1.00,1.00
2015.04.17 12:11:35.287,0.73314,0.73342,1.00,1.00
2015.04.17 12:11:35.388,0.73314,0.73344,1.00,1.12
2015.04.17 12:11:36.057,0.73315,0.73344,1.00,1.00
2015.04.17 12:11:36.547,0.73314,0.73344,1.00,1.75
2015.04.17 12:11:36.607,0.73311,0.73344,1.00,1.75
2015.04.17 12:11:36.715,0.73311,0.73344,1.00,1.37
2015.04.17 12:11:36.916,0.73311,0.73344,1.00,1.75
2015.04.17 12:11:37.486,0.73314,0.73344,1.00,1.75
2015.04.17 12:11:37.536,0.73314,0.73344,1.00,1.00
2015.04.17 12:11:37.819,0.73314,0.73344,1.00,1.50
2015.04.17 12:11:38.035,0.73311,0.73344,1.00,1.50
2015.04.17 12:11:38.606,0.73314,0.73344,1.00,1.50
2015.04.17 12:11:40.124,0.73311,0.73344,1.00,1.50
2015.04.17 12:11:40.446,0.73311,0.73342,1.00,1.50
2015.04.17 12:11:40.626,0.73309,0.7334,1.00,1.37
2015.04.17 12:11:41.515,0.73309,0.7334,1.00,1.37
2015.04.17 12:11:43.665,0.73309,0.7334,1.50,1.37
2015.04.17 12:11:43.866,0.7331,0.73341,1.00,1.12
2015.04.17 12:11:43.967,0.73311,0.73341,1.00,1.37
2015.04.17 12:11:44.644,0.73314,0.73344,1.00,1.50
2015.04.17 12:11:45.137,0.73314,0.73344,1.50,1.37
2015.04.17 12:11:45.238,0.73314,0.73344,1.50,1.37
2015.04.17 12:11:45.338,0.73314,0.73346,1.50,1.37
2015.04.17 12:11:45.984,0.73314,0.73344,1.00,1.00
2015.04.17 12:11:46.642,0.73314,0.73344,1.00,1.37
2015.04.17 12:11:46.874,0.73311,0.73344,1.00,1.37
2015.04.17 12:11:46.943,0.73311,0.73344,1.00,1.50
2015.04.17 12:11:47.645,0.73311,0.73344,1.00,1.37
2015.04.17 12:11:47.767,0.73311,0.73344,1.00,1.50
2015.04.17 12:11:48.376,0.73314,0.73344,1.00,1.37
2015.04.17 12:11:49.144,0.73311,0.73344,1.00,1.37
2015.04.17 12:11:49.278,0.73311,0.73344,1.00,1.75
2015.04.17 12:11:49.645,0.73311,0.73342,1.00,1.75
2015.04.17 12:11:51.626,0.73309,0.73342,1.50,1.75
2015.04.17 12:11:52.219,0.73309,0.73342,1.50,1.37
2015.04.17 12:11:52.520,0.7331,0.73342,1.00,1.00
2015.04.17 12:11:52.570,0.73314,0.73342,1.00,1.00
2015.04.17 12:11:52.975,0.73309,0.73342,1.50,1.50
2015.04.17 12:11:53.480,0.7331,0.73342,1.00,1.50
2015.04.17 12:11:54.253,0.73309,0.7334,1.50,1.37
2015.04.17 12:11:55.035,0.73311,0.7334,1.00,1.12
2015.04.17 12:11:55.136,0.73311,0.73343,1.00,1.87
2015.04.17 12:11:55.186,0.73314,0.73345,1.00,1.37
2015.04.17 12:11:56.004,0.73314,0.73344,1.50,1.37
2015.04.17 12:11:59.704,0.73315,0.73344,1.00,1.37
2015.04.17 12:12:00.255,0.73315,0.73344,1.00,1.37
2015.04.17 12:12:00.997,0.73312,0.73342,1.00,1.37
2015.04.17 12:12:01.743,0.73311,0.73342,1.00,1.37
2015.04.17 12:12:02.044,0.73309,0.73339,1.50,1.37
2015.04.17 12:12:03.273,0.73309,0.73339,1.00,1.75
2015.04.17 12:12:03.478,0.73306,0.73337,1.00,1.37
2015.04.17 12:12:04.764,0.73309,0.73337,1.00,1.37
2015.04.17 12:12:04.815,0.73309,0.73337,1.00,1.37
2015.04.17 12:12:05.180,0.73309,0.73339,1.00,1.37
2015.04.17 12:12:05.280,0.73307,0.7334,1.00,1.37
2015.04.17 12:12:05.331,0.73309,0.7334,1.00,1.37
2015.04.17 12:12:05.381,0.73309,0.73341,1.00,1.00
2015.04.17 12:12:05.746,0.73314,0.73345,1.00,1.87
2015.04.17 12:12:06.184,0.73312,0.73346,1.00,2.25
2015.04.17 12:12:06.235,0.73312,0.73346,1.00,2.25
2015.04.17 12:12:06.386,0.7331,0.73341,1.00,1.87
2015.04.17 12:12:08.400,0.7331,0.73341,1.50,1.50
2015.04.17 12:12:08.501,0.7331,0.73341,1.50,1.87
2015.04.17 12:12:08.813,0.73315,0.73346,1.00,2.62
2015.04.17 12:12:09.047,0.73313,0.73343,1.00,1.00
2015.04.17 12:12:09.115,0.73311,0.73343,1.00,1.00
2015.04.17 12:12:09.335,0.73315,0.73343,1.00,1.00
2015.04.17 12:12:09.494,0.73314,0.73347,1.00,1.00
2015.04.17 12:12:09.600,0.73316,0.73347,1.00,1.00
2015.04.17 12:12:10.045,0.73319,0.73351,1.00,1.37
2015.04.17 12:12:10.153,0.73321,0.73351,1.00,1.00
2015.04.17 12:12:10.585,0.73323,0.73351,1.00,1.00
2015.04.17 12:12:10.686,0.73323,0.73354,1.00,1.87
2015.04.17 12:12:11.569,0.73323,0.73354,1.00,1.87
2015.04.17 12:12:11.669,0.73321,0.73354,1.00,1.87
2015.04.17 12:12:11.770,0.73321,0.73354,1.00,2.25
2015.04.17 12:12:12.194,0.73319,0.73352,1.00,1.37
2015.04.17 12:12:12.345,0.73317,0.73351,1.00,1.37
2015.04.17 12:12:13.148,0.73317,0.7335,1.00,1.00
2015.04.17 12:12:13.199,0.73316,0.73347,1.00,1.00
2015.04.17 12:12:13.565,0.73318,0.73349,1.00,1.37
2015.04.17 12:12:14.154,0.73318,0.73349,1.00,1.87
2015.04.17 12:12:14.677,0.73319,0.73349,1.00,1.37
2015.04.17 12:12:15.365,0.73319,0.73349,1.00,1.37
2015.04.17 12:12:15.416,0.73317,0.73349,1.00,1.37
2015.04.17 12:12:15.768,0.73316,0.73349,1.00,2.25
2015.04.17 12:12:15.870,0.73316,0.73349,1.00,1.87
2015.04.17 12:12:16.093,0.73317,0.73349,1.00,1.00
2015.04.17 12:12:16.824,0.73317,0.7335,1.00,1.12
2015.04.17 12:12:17.584,0.73317,0.73351,1.00,1.00
2015.04.17 12:12:18.086,0.73317,0.73351,1.00,1.37
2015.04.17 12:12:18.137,0.7332,0.73351,1.00,1.37
2015.04.17 12:12:18.642,0.7332,0.73351,1.00,1.00
2015.04.17 12:12:19.606,0.7332,0.73353,1.00,1.00
2015.04.17 12:12:19.707,0.73324,0.73356,1.00,1.00
2015.04.17 12:12:20.125,0.73328,0.73359,1.00,1.00
2015.04.17 12:12:20.349,0.7333,0.73363,1.50,1.00
2015.04.17 12:12:20.825,0.73327,0.73361,1.00,1.00
2015.04.17 12:12:21.114,0.73329,0.73361,1.00,1.50
2015.04.17 12:12:21.708,0.73329,0.73361,1.00,1.87
2015.04.17 12:12:21.764,0.73326,0.7336,1.00,1.37
2015.04.17 12:12:22.005,0.73326,0.7336,1.00,1.37
2015.04.17 12:12:22.633,0.73326,0.7336,1.00,1.37
2015.04.17 12:12:23.136,0.73327,0.73361,1.00,1.87
2015.04.17 12:12:24.023,0.73327,0.73361,1.00,1.87
2015.04.17 12:12:25.329,0.73327,0.73361,1.00,1.87
2015.04.17 12:12:26.776,0.73327,0.73361,1.00,2.25
2015.04.17 12:12:27.138,0.73327,0.73361,1.00,1.87
2015.04.17 12:12:27.704,0.7333,0.73362,1.00,1.87
2015.04.17 12:12:29.748,0.7333,0.73362,1.00,1.87
2015.04.17 12:12:31.124,0.73328,0.73362,1.00,2.25
2015.04.17 12:12:31.652,0.73329,0.73362,1.00,1.75
2015.04.17 12:12:33.206,0.73329,0.73362,1.00,1.75
2015.04.17 12:12:33.711,0.73329,0.73362,1.00,1.75
2015.04.17 12:12:33.762,0.73327,0.73361,1.00,1.75
2015.04.17 12:12:33.913,0.73329,0.73359,1.00,1.87
2015.04.17 12:12:33.986,0.73325,0.73359,1.00,1.87
2015.04.17 12:12:34.355,0.73326,0.73359,1.00,1.37
2015.04.17 12:12:34.677,0.73328,0.73361,1.00,1.37
2015.04.17 12:12:35.847,0.7333,0.73361,1.00,1.37
2015.04.17 12:12:36.238,0.7333,0.73361,1.00,1.37
2015.04.17 12:12:36.315,0.73325,0.73358,1.37,1.00
2015.04.17 12:12:37.703,0.73325,0.73358,1.00,1.00
2015.04.17 12:12:38.043,0.73327,0.73358,1.00,1.00
2015.04.17 12:12:38.194,0.73329,0.73361,1.00,1.12
2015.04.17 12:12:38.521,0.7333,0.73363,1.50,1.00
2015.04.17 12:12:38.622,0.73335,0.73363,1.00,1.00
2015.04.17 12:12:38.733,0.73333,0.73364,1.00,1.00
2015.04.17 12:12:38.833,0.73335,0.73364,1.00,1.00
2015.04.17 12:12:39.265,0.73333,0.73364,1.00,1.00
2015.04.17 12:12:39.364,0.73335,0.73365,1.00,1.00
2015.04.17 12:12:42.223,0.73334,0.73364,1.00,1.00
2015.04.17 12:12:42.730,0.73335,0.73365,1.00,1.00
2015.04.17 12:12:43.555,0.73334,0.73365,1.00,1.00
2015.04.17 12:12:44.667,0.73334,0.73366,1.00,1.00
2015.04.17 12:12:44.983,0.73335,0.73363,1.00,1.00
2015.04.17 12:12:45.510,0.73334,0.73362,1.00,1.12
2015.04.17 12:12:45.671,0.73329,0.7336,1.50,1.37
2015.04.17 12:12:45.965,0.7333,0.73356,1.00,1.00
2015.04.17 12:12:46.015,0.73324,0.73356,2.25,1.00
2015.04.17 12:12:46.075,0.73327,0.73358,1.00,1.00
2015.04.17 12:12:46.185,0.73325,0.73357,1.00,1.00
2015.04.17 12:12:46.963,0.73324,0.73356,2.25,1.00
2015.04.17 12:12:47.125,0.73324,0.73356,2.62,1.00
2015.04.17 12:12:47.286,0.73327,0.73358,1.00,1.00
2015.04.17 12:12:47.447,0.73329,0.73358,1.12,1.00
2015.04.17 12:12:47.503,0.73329,0.73361,1.12,1.00
2015.04.17 12:12:47.655,0.73331,0.73362,1.00,1.00
2015.04.17 12:12:47.979,0.73335,0.73364,1.00,1.00
2015.04.17 12:12:48.180,0.73334,0.73367,1.87,1.00
2015.04.17 12:12:48.832,0.73334,0.73367,1.87,1.00
2015.04.17 12:12:49.635,0.73339,0.73367,1.00,1.12
2015.04.17 12:12:51.256,0.7334,0.73367,1.00,1.12
2015.04.17 12:12:51.475,0.73336,0.73367,1.00,1.37
2015.04.17 12:12:51.584,0.73339,0.73367,1.00,1.37
2015.04.17 12:12:51.915,0.73336,0.73367,1.00,1.37
2015.04.17 12:12:52.026,0.73336,0.73367,1.00,1.12
2015.04.17 12:12:52.142,0.73334,0.73367,1.50,1.37
2015.04.17 12:12:53.344,0.7334,0.73367,1.00,1.37
2015.04.17 12:12:55.323,0.73334,0.73367,1.50,1.37
2015.04.17 12:12:55.877,0.73335,0.73364,1.00,1.12
2015.04.17 12:12:56.393,0.73334,0.73364,1.50,1.37
2015.04.17 12:12:58.004,0.73339,0.73364,1.00,1.37
2015.04.17 12:12:58.399,0.73339,0.73364,1.00,1.37
2015.04.17 12:12:58.599,0.73339,0.73364,1.00,1.37
2015.04.17 12:12:58.650,0.73335,0.73364,1.00,1.37
2015.04.17 12:12:59.942,0.7334,0.73364,1.00,1.37
2015.04.17 12:13:00.487,0.7334,0.73364,1.00,1.12
2015.04.17 12:13:02.363,0.73334,0.73364,1.00,1.12
2015.04.17 12:13:05.473,0.73339,0.73364,1.00,1.12
2015.04.17 12:13:05.966,0.7334,0.73366,1.00,1.00
2015.04.17 12:13:06.017,0.73344,0.73368,1.00,1.37
2015.04.17 12:13:06.117,0.73344,0.7337,1.00,1.12
2015.04.17 12:13:06.168,0.73344,0.7337,1.00,1.37
2015.04.17 12:13:06.364,0.73336,0.73369,1.00,1.37
2015.04.17 12:13:06.467,0.73334,0.73362,1.00,1.00
2015.04.17 12:13:07.315,0.73335,0.73362,1.00,1.00
2015.04.17 12:13:07.842,0.73334,0.73362,1.00,1.00
2015.04.17 12:13:08.884,0.73334,0.73364,1.12,1.00
2015.04.17 12:13:08.984,0.7334,0.73367,1.00,1.00
2015.04.17 12:13:09.648,0.73339,0.73367,1.00,1.00
2015.04.17 12:13:10.164,0.73339,0.73368,1.00,1.00
2015.04.17 12:13:11.285,0.73339,0.7337,1.00,1.00
2015.04.17 12:13:11.715,0.73344,0.7337,1.00,1.00
2015.04.17 12:13:11.825,0.73339,0.7337,1.00,1.00
2015.04.17 12:13:11.926,0.73339,0.73368,1.12,1.00
2015.04.17 12:13:12.448,0.73344,0.73368,1.00,1.00
2015.04.17 12:13:12.498,0.73344,0.7337,1.00,1.00
2015.04.17 12:13:12.599,0.73339,0.7337,1.00,1.00
2015.04.17 12:13:13.362,0.73344,0.7337,1.00,1.00
2015.04.17 12:13:15.224,0.73344,0.73369,1.00,1.00
2015.04.17 12:13:15.383,0.73337,0.73369,1.00,1.37
2015.04.17 12:13:15.552,0.73335,0.73365,1.12,1.00
2015.04.17 12:13:16.035,0.73334,0.73362,1.00,1.00
2015.04.17 12:13:16.763,0.73334,0.73361,1.00,1.00
2015.04.17 12:13:17.214,0.73334,0.73363,1.00,1.00
2015.04.17 12:13:17.571,0.7334,0.73365,1.00,1.37
2015.04.17 12:13:17.874,0.73334,0.73365,1.00,1.00
2015.04.17 12:13:18.404,0.73335,0.73364,1.00,1.00
2015.04.17 12:13:18.843,0.73334,0.73364,1.00,1.37
2015.04.17 12:13:22.554,0.73335,0.73362,1.00,1.00
2015.04.17 12:13:23.212,0.73334,0.73362,1.00,1.00
2015.04.17 12:13:23.654,0.7334,0.73363,1.00,1.00
2015.04.17 12:13:24.096,0.73334,0.73363,1.00,1.12
2015.04.17 12:13:24.648,0.73335,0.73363,1.00,1.12
2015.04.17 12:13:25.245,0.73334,0.73363,1.00,1.37
2015.04.17 12:13:25.346,0.73331,0.73363,1.00,1.37
2015.04.17 12:13:25.447,0.73335,0.73363,1.00,1.37
2015.04.17 12:13:26.296,0.73334,0.73364,1.00,1.37
2015.04.17 12:13:26.880,0.73334,0.73361,1.00,1.00
2015.04.17 12:13:29.046,0.73335,0.73361,1.00,1.00
2015.04.17 12:13:29.648,0.73334,0.73361,1.00,1.12
2015.04.17 12:13:29.996,0.73331,0.73361,1.00,1.12
2015.04.17 12:13:30.046,0.73335,0.73361,1.00,1.12
2015.04.17 12:13:32.688,0.7334,0.73361,1.00,1.00
2015.04.17 12:13:32.739,0.7334,0.73364,1.00,1.00
2015.04.17 12:13:32.942,0.7334,0.73366,1.00,1.00
2015.04.17 12:13:33.443,0.73335,0.73366,1.12,1.00
2015.04.17 12:13:33.555,0.73339,0.73366,1.00,1.00
2015.04.17 12:13:33.739,0.73339,0.73368,1.00,1.00
2015.04.17 12:13:33.943,0.73339,0.7337,1.00,1.00
2015.04.17 12:13:34.645,0.73339,0.7337,1.37,1.00
2015.04.17 12:13:34.695,0.73344,0.7337,1.00,1.00
2015.04.17 12:13:34.846,0.73344,0.73372,1.00,1.00
2015.04.17 12:13:34.947,0.73344,0.73374,1.00,1.00
2015.04.17 12:13:35.171,0.73344,0.73374,1.00,1.37
2015.04.17 12:13:35.486,0.73345,0.73375,1.00,1.00
2015.04.17 12:13:35.684,0.73345,0.73377,1.00,1.00
2015.04.17 12:13:35.753,0.73349,0.73377,1.00,1.00
2015.04.17 12:13:39.274,0.7335,0.73377,1.00,1.12
2015.04.17 12:13:40.154,0.73345,0.73377,1.50,1.12
2015.04.17 12:13:41.392,0.73344,0.73376,1.12,1.00
2015.04.17 12:13:42.595,0.73344,0.73376,1.00,1.37
2015.04.17 12:13:43.107,0.73344,0.73375,1.00,1.00
2015.04.17 12:13:43.308,0.73344,0.73377,1.87,1.00
2015.04.17 12:13:43.712,0.73347,0.73377,1.00,1.37
2015.04.17 12:13:43.961,0.73345,0.73376,1.00,1.00
2015.04.17 12:13:44.262,0.73344,0.73374,1.00,1.00
2015.04.17 12:13:44.773,0.73345,0.73376,1.00,1.37
2015.04.17 12:13:45.316,0.73345,0.73373,1.00,1.00
2015.04.17 12:13:45.675,0.73345,0.73371,1.00,1.00
2015.04.17 12:13:46.315,0.73344,0.73371,1.00,1.00
2015.04.17 12:13:46.470,0.73344,0.73374,1.00,1.00
2015.04.17 12:13:46.621,0.73344,0.73376,1.50,1.00
2015.04.17 12:13:46.671,0.73349,0.73376,1.00,1.00
2015.04.17 12:13:47.084,0.73345,0.73376,1.00,1.00
2015.04.17 12:13:49.631,0.73344,0.73376,1.50,1.12
2015.04.17 12:13:50.684,0.73346,0.73378,1.00,1.00
2015.04.17 12:13:53.564,0.73346,0.73378,1.00,1.37
2015.04.17 12:13:53.825,0.73341,0.73373,1.00,1.87
2015.04.17 12:13:53.978,0.73339,0.73372,1.00,1.37
2015.04.17 12:13:54.951,0.73339,0.73372,1.00,1.00
2015.04.17 12:13:55.052,0.7334,0.73372,1.00,1.37
2015.04.17 12:13:55.853,0.7334,0.73372,1.00,1.37
2015.04.17 12:13:56.355,0.7334,0.73372,1.00,1.00
2015.04.17 12:13:56.802,0.73342,0.73374,1.00,1.37
2015.04.17 12:13:57.104,0.73344,0.73375,1.50,1.00
2015.04.17 12:13:58.225,0.73347,0.73379,1.00,1.37
2015.04.17 12:13:58.326,0.73347,0.7338,1.00,1.37
2015.04.17 12:13:58.527,0.73349,0.73381,1.00,1.37
2015.04.17 12:13:59.073,0.73348,0.7338,1.00,1.00
2015.04.17 12:13:59.379,0.7335,0.73382,1.00,2.25
2015.04.17 12:14:00.007,0.7335,0.73382,1.00,2.25
2015.04.17 12:14:01.785,0.7335,0.73382,1.00,1.87
2015.04.17 12:14:01.886,0.73351,0.73382,1.00,1.37
2015.04.17 12:14:02.593,0.73352,0.73384,1.00,2.25
2015.04.17 12:14:04.213,0.73352,0.73381,1.00,1.50
2015.04.17 12:14:04.794,0.73351,0.7338,1.00,1.37
2015.04.17 12:14:05.065,0.73349,0.7338,1.00,1.37
2015.04.17 12:14:05.116,0.73349,0.7338,1.00,1.75
2015.04.17 12:14:05.167,0.73346,0.73379,1.00,1.75
2015.04.17 12:14:05.664,0.73347,0.73378,1.00,1.87
2015.04.17 12:14:05.715,0.73353,0.73378,1.00,1.37
2015.04.17 12:14:05.921,0.73353,0.73378,1.00,1.12
2015.04.17 12:14:07.376,0.73356,0.73381,1.00,1.37
2015.04.17 12:14:11.383,0.73356,0.73386,1.00,1.75
2015.04.17 12:14:13.202,0.73356,0.73382,1.00,1.12
2015.04.17 12:14:13.738,0.73356,0.73384,1.00,1.37
2015.04.17 12:14:13.839,0.73356,0.73387,1.00,1.37
2015.04.17 12:14:13.939,0.73358,0.73388,1.00,1.37
2015.04.17 12:14:13.990,0.73362,0.73388,1.00,1.37
2015.04.17 12:14:15.281,0.73363,0.73388,1.00,1.37
2015.04.17 12:14:16.154,0.73363,0.73388,1.00,1.37
2015.04.17 12:14:16.894,0.73363,0.73388,1.00,1.37
2015.04.17 12:14:18.339,0.73363,0.73388,1.00,1.37
2015.04.17 12:14:18.642,0.73362,0.73388,1.00,1.00
2015.04.17 12:14:18.743,0.73361,0.73392,1.00,1.12
2015.04.17 12:14:18.844,0.73367,0.73393,1.00,1.12
2015.04.17 12:14:19.145,0.73362,0.73389,1.00,1.37
2015.04.17 12:14:19.246,0.73362,0.73389,1.00,1.37
2015.04.17 12:14:19.415,0.73362,0.7339,1.00,1.12
2015.04.17 12:14:19.465,0.73365,0.73391,1.00,1.37
2015.04.17 12:14:19.851,0.73365,0.73394,1.00,1.37
2015.04.17 12:14:19.952,0.73367,0.73394,1.00,1.37
2015.04.17 12:14:20.285,0.73367,0.73392,1.00,1.75
2015.04.17 12:14:20.386,0.73364,0.73392,1.00,1.50
2015.04.17 12:14:20.486,0.73364,0.73392,1.00,1.37
2015.04.17 12:14:20.562,0.73366,0.73392,1.00,1.37
2015.04.17 12:14:20.885,0.73366,0.73395,1.00,1.00
2015.04.17 12:14:20.935,0.73369,0.73397,1.00,1.00
2015.04.17 12:14:21.483,0.73372,0.73397,1.00,1.00
2015.04.17 12:14:22.754,0.73371,0.73398,1.00,1.37
2015.04.17 12:14:22.882,0.73371,0.73398,1.00,1.37
2015.04.17 12:14:22.983,0.73374,0.734,1.00,1.37
2015.04.17 12:14:23.456,0.73378,0.73403,1.00,1.00
2015.04.17 12:14:23.557,0.73382,0.73407,1.00,1.37
2015.04.17 12:14:23.658,0.73379,0.73406,1.00,1.37
2015.04.17 12:14:24.558,0.73379,0.73406,1.00,1.37
2015.04.17 12:14:24.658,0.73382,0.73406,1.00,1.12
2015.04.17 12:14:24.821,0.73382,0.73409,1.00,1.00
2015.04.17 12:14:24.972,0.73385,0.73414,1.00,1.37
2015.04.17 12:14:25.321,0.73388,0.73416,1.00,1.37
2015.04.17 12:14:25.372,0.73388,0.73416,1.00,1.37
2015.04.17 12:14:25.591,0.73388,0.73416,1.00,1.75
2015.04.17 12:14:25.661,0.73388,0.73416,1.00,1.37
2015.04.17 12:14:26.061,0.7339,0.73416,1.00,1.50
2015.04.17 12:14:26.162,0.7339,0.73416,1.00,1.12
2015.04.17 12:14:26.863,0.7339,0.73416,1.00,1.37
2015.04.17 12:14:27.413,0.73388,0.73414,1.00,1.50
2015.04.17 12:14:27.614,0.73383,0.7341,1.00,1.50
2015.04.17 12:14:27.815,0.73383,0.7341,1.00,1.00
2015.04.17 12:14:28.320,0.73382,0.73411,1.00,1.00
2015.04.17 12:14:28.421,0.73385,0.73413,1.00,1.00
2015.04.17 12:14:28.735,0.73385,0.73413,1.00,1.75
2015.04.17 12:14:29.362,0.73383,0.73413,1.00,1.75
2015.04.17 12:14:29.512,0.73385,0.73413,1.00,1.75
2015.04.17 12:14:30.176,0.73385,0.73413,1.00,1.50
2015.04.17 12:14:30.655,0.73385,0.73413,1.00,1.12
2015.04.17 12:14:30.756,0.73385,0.73416,1.00,1.75
2015.04.17 12:14:30.857,0.73387,0.73418,1.00,1.50
2015.04.17 12:14:31.058,0.73389,0.7342,1.00,1.75
2015.04.17 12:14:31.346,0.7339,0.73418,1.00,1.00
2015.04.17 12:14:31.447,0.7339,0.73418,1.00,1.50
2015.04.17 12:14:31.846,0.7339,0.7342,1.00,1.50
2015.04.17 12:14:33.101,0.73392,0.7342,1.00,1.50
2015.04.17 12:14:33.637,0.73392,0.73422,1.00,1.50
2015.04.17 12:14:34.315,0.73396,0.73422,1.00,1.50
2015.04.17 12:14:34.365,0.73396,0.73424,1.00,2.25
2015.04.17 12:14:34.466,0.73394,0.7342,1.00,1.37
2015.04.17 12:14:34.533,0.73397,0.7342,1.00,1.37
2015.04.17 12:14:34.861,0.73394,0.73421,1.00,1.37
2015.04.17 12:14:35.343,0.73394,0.73417,1.00,1.37
2015.04.17 12:14:36.292,0.73392,0.7342,1.00,1.50
2015.04.17 12:14:36.802,0.73393,0.7342,1.00,1.37
2015.04.17 12:14:37.269,0.73393,0.7342,1.00,1.00
2015.04.17 12:14:37.320,0.73393,0.73422,1.00,1.00
2015.04.17 12:14:37.370,0.73393,0.73422,1.00,1.50
2015.04.17 12:14:40.114,0.73393,0.73423,1.00,1.00
2015.04.17 12:14:40.175,0.73393,0.73423,1.00,1.75
2015.04.17 12:14:40.777,0.73393,0.73422,1.00,1.75
2015.04.17 12:14:41.711,0.73392,0.73419,1.00,1.75
2015.04.17 12:14:41.831,0.73388,0.73417,1.00,1.50
2015.04.17 12:14:41.882,0.73388,0.73417,1.00,1.75
2015.04.17 12:14:42.082,0.73388,0.73417,1.00,1.50
2015.04.17 12:14:42.132,0.7339,0.73417,1.00,1.50
2015.04.17 12:14:42.671,0.73389,0.73415,1.00,1.37
2015.04.17 12:14:43.142,0.73391,0.73417,1.00,1.75
2015.04.17 12:14:43.352,0.73388,0.73417,1.00,1.75
2015.04.17 12:14:43.931,0.73388,0.73417,1.00,1.75
2015.04.17 12:14:44.295,0.73388,0.73417,1.00,1.12
2015.04.17 12:14:44.388,0.73388,0.73417,1.00,1.50
2015.04.17 12:14:44.803,0.7339,0.73417,1.00,1.50
2015.04.17 12:14:45.862,0.7339,0.73418,1.00,1.37
2015.04.17 12:14:46.015,0.73393,0.73421,1.00,2.25
2015.04.17 12:14:46.166,0.73395,0.73419,1.00,1.00
2015.04.17 12:14:46.267,0.7339,0.73414,1.00,1.00
2015.04.17 12:14:46.367,0.7339,0.73416,1.00,1.00
2015.04.17 12:14:46.477,0.7339,0.7342,1.00,1.50
2015.04.17 12:14:46.528,0.73392,0.7342,1.00,1.50
2015.04.17 12:14:46.865,0.73392,0.73424,1.00,1.00
2015.04.17 12:14:46.966,0.73396,0.73424,1.00,1.00
2015.04.17 12:14:47.402,0.73399,0.73423,1.00,1.00
2015.04.17 12:14:47.503,0.73399,0.73425,1.00,1.00
2015.04.17 12:14:47.554,0.73401,0.73425,1.00,1.00
2015.04.17 12:14:47.604,0.73401,0.7343,1.00,1.00
2015.04.17 12:14:47.654,0.73406,0.7343,1.00,1.00
2015.04.17 12:14:47.805,0.73406,0.73433,1.00,1.00
2015.04.17 12:14:48.394,0.73407,0.73433,1.00,1.00
2015.04.17 12:14:48.495,0.73407,0.73429,1.00,1.00
2015.04.17 12:14:48.646,0.73404,0.73429,1.00,1.00
2015.04.17 12:14:48.914,0.73404,0.73431,1.00,1.00
2015.04.17 12:14:49.053,0.73404,0.73431,1.00,1.37
2015.04.17 12:14:49.652,0.73405,0.73431,1.00,1.37
2015.04.17 12:14:49.706,0.73405,0.73431,1.00,1.00
2015.04.17 12:14:49.756,0.73405,0.73431,1.00,1.37
2015.04.17 12:14:50.436,0.73405,0.73433,1.00,1.37
2015.04.17 12:14:50.784,0.73405,0.7343,1.00,1.50
2015.04.17 12:14:50.934,0.73401,0.7343,1.00,1.50
2015.04.17 12:14:50.985,0.73401,0.7343,1.00,1.75
2015.04.17 12:14:51.035,0.73399,0.73427,1.00,1.37
2015.04.17 12:14:51.337,0.73399,0.73426,1.00,1.00
2015.04.17 12:14:51.444,0.73399,0.73428,1.00,1.00
2015.04.17 12:14:51.545,0.73399,0.7343,1.00,1.50
2015.04.17 12:14:51.696,0.73403,0.7343,1.00,1.00
2015.04.17 12:14:51.848,0.73401,0.7343,1.00,1.00
2015.04.17 12:14:51.948,0.73405,0.73433,1.00,1.12
2015.04.17 12:14:52.049,0.73403,0.73433,1.00,1.12
2015.04.17 12:14:52.100,0.73403,0.73431,1.00,1.00
2015.04.17 12:14:52.150,0.73401,0.73431,1.00,1.00
2015.04.17 12:14:52.201,0.73401,0.73429,1.00,1.00
2015.04.17 12:14:52.544,0.73403,0.73431,1.00,1.00
2015.04.17 12:14:52.869,0.73404,0.73435,1.00,1.00
2015.04.17 12:14:52.919,0.73406,0.73435,1.00,1.00
2015.04.17 12:14:53.221,0.73405,0.73433,1.00,1.00
2015.04.17 12:14:53.271,0.73402,0.73433,1.00,1.00
2015.04.17 12:14:53.665,0.73401,0.7343,1.00,1.00
2015.04.17 12:14:54.144,0.73401,0.73433,1.00,1.00
2015.04.17 12:14:54.303,0.73401,0.73431,1.00,1.00
2015.04.17 12:14:54.652,0.73404,0.7343,1.00,1.00
2015.04.17 12:14:54.983,0.73403,0.73434,1.00,1.00
2015.04.17 12:14:55.525,0.73403,0.73429,1.00,1.00
2015.04.17 12:14:55.762,0.73401,0.73429,1.00,1.00
2015.04.17 12:14:56.203,0.73403,0.73428,1.00,1.00
2015.04.17 12:14:56.415,0.73403,0.73433,1.00,1.00
2015.04.17 12:14:56.516,0.73404,0.73438,1.00,1.50
2015.04.17 12:14:56.566,0.73406,0.73437,1.00,1.00
2015.04.17 12:14:56.923,0.7341,0.73439,1.00,1.00
2015.04.17 12:14:56.973,0.73408,0.73439,1.00,1.00
2015.04.17 12:14:57.083,0.73407,0.73437,1.00,1.00
2015.04.17 12:14:57.289,0.73405,0.73436,1.00,1.00
2015.04.17 12:14:57.931,0.73405,0.73434,1.00,1.00
2015.04.17 12:14:58.271,0.73403,0.73431,1.00,1.37
2015.04.17 12:14:58.984,0.73405,0.73433,1.00,1.37
2015.04.17 12:14:59.034,0.73405,0.73435,1.00,1.50
2015.04.17 12:14:59.285,0.73408,0.73438,1.00,1.00
2015.04.17 12:14:59.587,0.73411,0.73439,1.00,1.50
2015.04.17 12:15:00.113,0.73411,0.73439,1.00,1.75
2015.04.17 12:15:00.399,0.73406,0.73432,1.00,1.37
2015.04.17 12:15:00.500,0.73404,0.7343,1.00,1.00
2015.04.17 12:15:00.560,0.73404,0.73434,1.00,1.00
2015.04.17 12:15:00.610,0.73404,0.73434,1.00,1.75
2015.04.17 12:15:00.714,0.73404,0.73431,1.00,1.37
2015.04.17 12:15:01.101,0.73403,0.7343,1.00,1.37
2015.04.17 12:15:02.024,0.73403,0.73429,1.00,1.37
2015.04.17 12:15:02.475,0.73402,0.73429,1.00,1.37
2015.04.17 12:15:02.928,0.73402,0.73429,1.00,1.37
2015.04.17 12:15:03.949,0.73402,0.73429,1.00,1.37
2015.04.17 12:15:04.293,0.73405,0.7343,1.00,1.37
2015.04.17 12:15:04.343,0.73403,0.7343,1.00,1.37
2015.04.17 12:15:04.444,0.73403,0.7343,1.00,1.37
2015.04.17 12:15:04.941,0.73402,0.73431,1.00,2.25
2015.04.17 12:15:05.041,0.734,0.73428,1.00,1.37
2015.04.17 12:15:05.142,0.73398,0.73428,1.00,1.37
2015.04.17 12:15:05.343,0.73396,0.73426,1.00,1.37
2015.04.17 12:15:05.444,0.73399,0.73426,1.00,1.37
2015.04.17 12:15:06.346,0.73399,0.73426,1.00,1.87
2015.04.17 12:15:06.762,0.73397,0.73426,1.00,1.37
2015.04.17 12:15:06.863,0.73397,0.73426,1.00,2.25
2015.04.17 12:15:07.485,0.73396,0.73423,1.00,1.37
2015.04.17 12:15:08.314,0.73396,0.73423,1.00,1.75
2015.04.17 12:15:08.524,0.73396,0.73421,1.00,1.37
2015.04.17 12:15:09.043,0.73397,0.7342,1.00,1.00
2015.04.17 12:15:09.144,0.73397,0.73428,1.00,1.37
2015.04.17 12:15:09.194,0.73402,0.73428,1.00,1.37
2015.04.17 12:15:09.245,0.73402,0.73428,1.00,1.00
2015.04.17 12:15:09.295,0.73399,0.73425,1.00,1.00
2015.04.17 12:15:09.624,0.734,0.73427,1.00,1.00
2015.04.17 12:15:09.734,0.734,0.7343,1.00,1.50
2015.04.17 12:15:09.843,0.73398,0.7343,1.00,1.00
2015.04.17 12:15:09.949,0.73398,0.73426,1.00,1.00
2015.04.17 12:15:10.451,0.73397,0.73426,1.00,1.00
2015.04.17 12:15:10.780,0.73397,0.73426,1.00,1.37
2015.04.17 12:15:11.804,0.73397,0.73425,1.00,1.75
2015.04.17 12:15:11.855,0.73395,0.73425,1.00,1.75
2015.04.17 12:15:12.056,0.73393,0.73421,1.00,1.37
2015.04.17 12:15:12.157,0.73393,0.73421,1.00,2.25
2015.04.17 12:15:12.208,0.73393,0.73421,1.00,1.50
2015.04.17 12:15:12.359,0.73392,0.73419,1.00,1.00
2015.04.17 12:15:12.723,0.7339,0.73419,1.00,1.00
2015.04.17 12:15:13.143,0.73392,0.73419,1.00,1.00
2015.04.17 12:15:13.692,0.7339,0.73419,1.00,1.00
2015.04.17 12:15:13.853,0.73389,0.73419,1.00,1.37
2015.04.17 12:15:14.213,0.73389,0.73416,1.00,1.37
2015.04.17 12:15:14.263,0.73386,0.73416,1.00,1.37
2015.04.17 12:15:14.313,0.73386,0.73411,1.00,1.37
2015.04.17 12:15:14.364,0.73383,0.73411,1.00,1.37
2015.04.17 12:15:14.465,0.73386,0.73411,1.00,1.12
2015.04.17 12:15:14.666,0.73386,0.73415,1.00,1.37
2015.04.17 12:15:14.816,0.7339,0.73415,1.00,1.00
2015.04.17 12:15:14.917,0.73388,0.73415,1.00,1.50
2015.04.17 12:15:15.017,0.7339,0.73415,1.00,1.50
2015.04.17 12:15:15.322,0.73392,0.73415,1.00,1.00
2015.04.17 12:15:15.423,0.73392,0.73418,1.00,1.00
2015.04.17 12:15:15.782,0.73388,0.73418,1.00,1.00
2015.04.17 12:15:15.883,0.73388,0.73415,1.00,1.00
2015.04.17 12:15:16.357,0.73387,0.73416,1.00,2.25
2015.04.17 12:15:17.235,0.73386,0.7341,1.00,1.12
2015.04.17 12:15:18.469,0.73386,0.7341,1.00,1.37
2015.04.17 12:15:18.583,0.73385,0.7341,1.00,1.00
2015.04.17 12:15:18.889,0.73388,0.7341,1.00,1.00
2015.04.17 12:15:18.939,0.73388,0.73413,1.00,1.00
2015.04.17 12:15:19.291,0.73387,0.73411,1.00,1.00
2015.04.17 12:15:19.471,0.73387,0.73413,1.00,1.00
2015.04.17 12:15:19.591,0.73387,0.73411,1.00,1.00
2015.04.17 12:15:19.960,0.73385,0.73411,1.00,1.00
2015.04.17 12:15:20.011,0.73385,0.73411,1.00,1.37
2015.04.17 12:15:20.313,0.73379,0.73404,1.00,1.12
2015.04.17 12:15:20.850,0.7338,0.73404,1.00,1.12
2015.04.17 12:15:22.283,0.7338,0.73404,1.00,1.37
2015.04.17 12:15:24.235,0.7338,0.73408,1.00,1.37
2015.04.17 12:15:24.414,0.7338,0.73408,1.00,1.75
2015.04.17 12:15:25.116,0.7338,0.73408,1.00,1.37
2015.04.17 12:15:26.072,0.7338,0.73409,1.00,1.37
2015.04.17 12:15:26.731,0.7338,0.73409,1.00,1.37
2015.04.17 12:15:26.781,0.73382,0.73409,1.00,1.37
2015.04.17 12:15:27.100,0.73379,0.73406,1.00,1.37
2015.04.17 12:15:29.237,0.73379,0.73409,1.00,1.37
2015.04.17 12:15:29.338,0.73382,0.73409,1.00,1.37
2015.04.17 12:15:29.687,0.73385,0.73409,1.00,1.37
2015.04.17 12:15:34.704,0.73385,0.73412,1.00,1.75
2015.04.17 12:15:34.826,0.73382,0.73413,1.00,1.75
2015.04.17 12:15:34.926,0.73383,0.73411,1.00,1.75
2015.04.17 12:15:35.228,0.7338,0.73405,1.00,1.50
2015.04.17 12:15:35.278,0.73378,0.73405,1.00,1.50
2015.04.17 12:15:35.582,0.73374,0.73404,1.00,1.37
2015.04.17 12:15:35.632,0.73374,0.734,1.00,1.37
2015.04.17 12:15:35.733,0.73371,0.734,1.00,1.37
2015.04.17 12:15:35.928,0.73374,0.73398,1.00,1.00
2015.04.17 12:15:36.130,0.73378,0.73406,1.00,1.87
2015.04.17 12:15:36.493,0.73377,0.73401,1.00,1.00
2015.04.17 12:15:36.810,0.7338,0.73401,1.00,1.00
2015.04.17 12:15:36.860,0.7338,0.73406,1.00,1.12
2015.04.17 12:15:36.911,0.73384,0.73409,1.00,1.00
2015.04.17 12:15:37.011,0.73384,0.73411,1.00,1.50
2015.04.17 12:15:37.112,0.73384,0.73414,1.00,1.00
2015.04.17 12:15:37.438,0.73385,0.73414,1.00,1.37
2015.04.17 12:15:37.891,0.73389,0.73414,1.00,1.37
2015.04.17 12:15:38.309,0.73389,0.73414,1.00,1.50
2015.04.17 12:15:38.359,0.73387,0.73414,1.00,1.50
2015.04.17 12:15:38.460,0.73385,0.73412,1.00,1.37
2015.04.17 12:15:38.552,0.73383,0.73412,1.00,1.37
2015.04.17 12:15:38.653,0.73383,0.73411,1.00,1.00
2015.04.17 12:15:39.654,0.73384,0.73412,1.00,1.12
2015.04.17 12:15:39.709,0.73384,0.73412,1.00,1.37
2015.04.17 12:15:40.264,0.73384,0.73412,1.00,1.37
2015.04.17 12:15:40.613,0.7339,0.73416,1.00,1.00
2015.04.17 12:15:41.113,0.73392,0.73418,1.00,1.37
2015.04.17 12:15:42.140,0.73392,0.73418,1.00,1.00
2015.04.17 12:15:42.684,0.73394,0.73418,1.00,1.00
2015.04.17 12:15:45.224,0.73394,0.7342,1.00,1.87
2015.04.17 12:15:45.876,0.73394,0.7342,1.00,1.37
2015.04.17 12:15:46.345,0.73394,0.7342,1.00,1.00
2015.04.17 12:15:47.832,0.73393,0.7342,1.00,1.12
2015.04.17 12:15:47.883,0.73393,0.7342,1.00,1.37
2015.04.17 12:15:48.155,0.73393,0.7342,1.00,1.37
2015.04.17 12:15:49.041,0.73394,0.7342,1.00,1.37
2015.04.17 12:15:49.656,0.73394,0.7342,1.00,1.00
2015.04.17 12:15:51.460,0.73394,0.7342,1.00,1.37
2015.04.17 12:15:51.583,0.73394,0.7342,1.00,1.50
2015.04.17 12:15:51.662,0.73394,0.7342,1.00,1.87
2015.04.17 12:15:52.287,0.73394,0.7342,1.00,1.37
2015.04.17 12:15:52.666,0.73394,0.7342,1.00,1.37
2015.04.17 12:15:53.812,0.73394,0.7342,1.00,1.37
2015.04.17 12:15:55.374,0.73394,0.7342,1.00,1.12
2015.04.17 12:15:56.583,0.73394,0.7342,1.00,1.37
2015.04.17 12:15:57.302,0.73393,0.7342,1.00,1.37
2015.04.17 12:16:00.372,0.73394,0.7342,1.00,1.37
2015.04.17 12:16:00.700,0.7339,0.73419,1.00,1.75
2015.04.17 12:16:00.988,0.73392,0.73419,1.00,1.37
2015.04.17 12:16:01.691,0.73391,0.73419,1.00,1.37
2015.04.17 12:16:02.232,0.73391,0.73419,1.00,1.37
2015.04.17 12:16:06.309,0.73393,0.73419,1.00,1.37
2015.04.17 12:16:08.502,0.73393,0.73419,1.00,1.37
2015.04.17 12:16:11.507,0.73393,0.73419,1.00,1.37
2015.04.17 12:16:12.208,0.73393,0.73419,1.00,1.37
2015.04.17 12:16:12.731,0.73393,0.73419,1.00,1.37
2015.04.17 12:16:13.111,0.73392,0.73419,1.00,1.37
2015.04.17 12:16:13.162,0.73389,0.73419,1.00,1.37
2015.04.17 12:16:13.402,0.73388,0.73418,1.00,1.75
2015.04.17 12:16:14.885,0.73388,0.73418,1.00,1.75
2015.04.17 12:16:15.792,0.73388,0.73414,1.00,1.50
2015.04.17 12:16:15.888,0.73388,0.73414,1.00,1.37
2015.04.17 12:16:16.405,0.73388,0.73413,1.00,1.37
2015.04.17 12:16:16.806,0.73387,0.73413,1.00,1.50
2015.04.17 12:16:17.308,0.73387,0.73413,1.00,1.75
2015.04.17 12:16:17.903,0.73387,0.73411,1.00,1.37
2015.04.17 12:16:20.909,0.73387,0.73413,1.00,1.37
2015.04.17 12:16:21.413,0.73383,0.73411,1.00,1.87
2015.04.17 12:16:21.490,0.73381,0.73411,1.00,1.87
2015.04.17 12:16:22.155,0.73381,0.73411,1.00,1.87
2015.04.17 12:16:22.663,0.73381,0.73409,1.00,1.50
2015.04.17 12:16:26.219,0.73382,0.73409,1.00,1.50
2015.04.17 12:16:26.740,0.73382,0.73409,1.00,1.75
2015.04.17 12:16:27.438,0.73382,0.73409,1.00,1.50
2015.04.17 12:16:28.242,0.73382,0.73409,1.00,1.75
2015.04.17 12:16:28.737,0.73382,0.73409,1.00,1.50
2015.04.17 12:16:29.432,0.73382,0.73409,1.00,1.75
2015.04.17 12:16:29.590,0.73382,0.73409,1.00,1.37
2015.04.17 12:16:30.620,0.73383,0.73409,1.00,1.37
2015.04.17 12:16:31.093,0.73383,0.73409,1.00,1.75
2015.04.17 12:16:31.213,0.73383,0.73409,1.00,1.37
2015.04.17 12:16:31.396,0.73384,0.73409,1.00,1.37
2015.04.17 12:16:31.798,0.73384,0.73409,1.00,1.37
2015.04.17 12:16:33.413,0.73384,0.73409,1.00,1.37
2015.04.17 12:16:34.353,0.73384,0.73409,1.00,1.37
2015.04.17 12:16:34.403,0.73381,0.7341,1.00,1.50
2015.04.17 12:16:38.029,0.73381,0.7341,1.00,1.75
2015.04.17 12:16:38.161,0.73381,0.7341,1.00,1.37
2015.04.17 12:16:38.433,0.73381,0.7341,1.00,1.75
2015.04.17 12:16:38.584,0.73378,0.73408,1.00,1.75
2015.04.17 12:16:39.140,0.73378,0.73408,1.00,1.75
2015.04.17 12:16:40.652,0.73378,0.73408,1.00,1.75
2015.04.17 12:16:40.742,0.73382,0.73408,1.00,1.75
2015.04.17 12:16:40.792,0.73382,0.73408,1.00,1.37
2015.04.17 12:16:41.093,0.73375,0.73407,1.00,1.37
2015.04.17 12:16:41.721,0.73374,0.73407,1.50,1.37
2015.04.17 12:16:43.891,0.73374,0.73407,1.00,1.37
2015.04.17 12:16:44.489,0.73374,0.73407,1.00,1.37
2015.04.17 12:16:44.639,0.73377,0.73408,1.00,1.12
2015.04.17 12:16:45.269,0.73377,0.7341,1.00,1.87
2015.04.17 12:16:46.099,0.73377,0.7341,1.00,1.87
2015.04.17 12:16:46.200,0.73377,0.7341,1.00,1.87
2015.04.17 12:16:46.701,0.73378,0.7341,1.00,1.37
2015.04.17 12:16:47.105,0.73378,0.7341,1.00,1.37
2015.04.17 12:16:47.409,0.73378,0.7341,1.00,1.12
2015.04.17 12:16:48.108,0.73378,0.73411,1.00,1.37
2015.04.17 12:16:49.431,0.73378,0.73411,1.37,1.00
2015.04.17 12:16:49.943,0.73378,0.73411,1.12,1.00
2015.04.17 12:16:50.044,0.73379,0.73411,1.37,1.00
2015.04.17 12:16:50.094,0.73382,0.73414,1.00,1.00
2015.04.17 12:16:50.245,0.73384,0.73416,1.00,1.37
2015.04.17 12:16:50.880,0.73383,0.73415,1.00,1.50
2015.04.17 12:16:51.392,0.73383,0.73415,1.00,1.37
2015.04.17 12:16:51.586,0.73383,0.73415,1.00,1.37
2015.04.17 12:16:51.740,0.73385,0.73416,1.00,1.37
2015.04.17 12:16:54.762,0.73385,0.73417,1.00,1.87
2015.04.17 12:16:55.199,0.73386,0.73417,1.00,1.37
2015.04.17 12:16:55.371,0.73383,0.73416,1.00,1.37
2015.04.17 12:16:55.938,0.73382,0.73415,1.12,1.12
2015.04.17 12:16:57.922,0.73383,0.73416,1.00,1.00
2015.04.17 12:16:58.120,0.73385,0.73418,1.00,1.12
2015.04.17 12:16:58.422,0.73388,0.73419,1.00,1.00
2015.04.17 12:16:58.578,0.73389,0.73421,1.00,1.00
2015.04.17 12:16:58.781,0.73387,0.73419,1.00,1.00
2015.04.17 12:16:59.111,0.73389,0.73419,1.00,1.00
2015.04.17 12:17:14.308,0.73389,0.73419,1.00,1.37
2015.04.17 12:17:16.270,0.73391,0.73423,1.00,1.87
2015.04.17 12:17:17.466,0.73391,0.73423,1.00,2.25
2015.04.17 12:17:18.089,0.7339,0.73421,1.00,1.37
2015.04.17 12:17:18.770,0.7339,0.73421,1.00,1.37
2015.04.17 12:17:20.412,0.7339,0.73421,1.00,1.87
2015.04.17 12:17:24.540,0.73388,0.73421,1.00,2.25
2015.04.17 12:17:26.482,0.73388,0.73419,1.00,1.75
2015.04.17 12:17:26.718,0.73382,0.73415,1.00,1.37
2015.04.17 12:17:27.481,0.73382,0.73415,1.00,1.50
2015.04.17 12:17:30.599,0.73382,0.73415,1.00,1.37
2015.04.17 12:17:30.728,0.73381,0.73413,1.00,1.87
2015.04.17 12:17:30.788,0.73379,0.73412,1.00,1.37
2015.04.17 12:17:30.839,0.73379,0.73412,1.00,1.37
2015.04.17 12:17:31.779,0.73381,0.73412,1.00,1.37
2015.04.17 12:17:32.109,0.73379,0.73412,1.00,1.37
2015.04.17 12:17:32.402,0.73379,0.73409,1.00,1.37
2015.04.17 12:17:32.703,0.73375,0.73406,1.00,1.37
2015.04.17 12:17:32.804,0.73373,0.73406,1.00,1.37
2015.04.17 12:17:33.179,0.73373,0.73406,1.00,1.37
2015.04.17 12:17:34.091,0.73376,0.73407,1.00,1.37
2015.04.17 12:17:34.581,0.73376,0.73407,1.00,1.37
2015.04.17 12:17:34.782,0.73376,0.73407,1.00,1.37
2015.04.17 12:17:35.922,0.73376,0.73407,1.00,1.37
2015.04.17 12:17:36.023,0.73377,0.73407,1.00,1.37
2015.04.17 12:17:36.174,0.73377,0.73409,1.00,1.37
2015.04.17 12:17:36.286,0.73381,0.73409,1.00,1.37
2015.04.17 12:17:36.589,0.73378,0.73405,1.00,1.37
2015.04.17 12:17:36.640,0.73375,0.73405,1.00,1.37
2015.04.17 12:17:36.740,0.73373,0.73403,1.00,1.37
2015.04.17 12:17:36.841,0.73371,0.73399,1.00,1.00
2015.04.17 12:17:36.992,0.73369,0.73399,1.00,1.50
2015.04.17 12:17:42.371,0.73369,0.73399,1.00,1.37
2015.04.17 12:17:45.198,0.73368,0.73399,1.00,1.37
2015.04.17 12:17:45.770,0.73369,0.73399,1.00,1.37
2015.04.17 12:17:51.597,0.73369,0.73401,1.00,1.87
2015.04.17 12:17:51.801,0.73367,0.734,1.00,1.37
2015.04.17 12:17:52.229,0.73368,0.73399,1.00,1.50
2015.04.17 12:17:52.330,0.73368,0.73399,1.00,1.37
2015.04.17 12:17:52.699,0.73366,0.73398,1.00,1.37
2015.04.17 12:17:52.749,0.73366,0.73398,1.00,1.37
2015.04.17 12:17:53.402,0.73365,0.73398,1.00,1.37
2015.04.17 12:17:53.453,0.73368,0.73399,1.00,1.37
2015.04.17 12:17:53.604,0.73365,0.73397,1.00,1.37
2015.04.17 12:17:53.780,0.7337,0.734,1.00,2.25
2015.04.17 12:17:53.830,0.7337,0.734,1.00,1.87
2015.04.17 12:17:53.931,0.7337,0.734,1.00,1.37
2015.04.17 12:17:54.132,0.73371,0.73402,1.00,1.37
2015.04.17 12:17:54.611,0.73372,0.73403,1.00,1.50
2015.04.17 12:17:54.731,0.73369,0.73401,1.00,1.37
2015.04.17 12:17:54.932,0.73367,0.73398,1.00,1.50
2015.04.17 12:17:55.100,0.73364,0.73396,1.50,1.87
2015.04.17 12:17:56.220,0.73363,0.73395,1.00,1.37
2015.04.17 12:17:57.828,0.73363,0.73395,1.00,1.37
2015.04.17 12:17:58.330,0.73363,0.73395,1.00,1.87
2015.04.17 12:17:59.359,0.73363,0.73395,1.00,1.87
2015.04.17 12:18:01.254,0.73363,0.73395,1.00,1.87
2015.04.17 12:18:01.631,0.73365,0.73395,1.00,1.37
2015.04.17 12:18:01.957,0.73363,0.73395,1.00,1.37
2015.04.17 12:18:02.699,0.73364,0.73395,1.00,1.37
2015.04.17 12:18:02.999,0.73365,0.73398,1.00,1.37
2015.04.17 12:18:03.049,0.73368,0.734,1.00,1.37
2015.04.17 12:18:03.474,0.73364,0.73397,1.00,1.37
2015.04.17 12:18:04.328,0.73364,0.73394,1.00,1.00
2015.04.17 12:18:04.953,0.73364,0.73397,1.00,1.87
2015.04.17 12:18:05.949,0.73364,0.73397,1.00,1.87
2015.04.17 12:18:06.430,0.73366,0.73397,1.00,1.87
2015.04.17 12:18:06.592,0.73366,0.73397,1.00,1.87
2015.04.17 12:18:07.088,0.73363,0.73395,1.00,1.12
2015.04.17 12:18:08.402,0.73363,0.73394,1.00,1.00
2015.04.17 12:18:08.453,0.73363,0.73393,1.00,1.37
2015.04.17 12:18:08.654,0.7336,0.73392,1.00,1.37
2015.04.17 12:18:08.906,0.73357,0.7339,1.00,1.12
2015.04.17 12:18:09.022,0.7336,0.7339,1.00,1.12
2015.04.17 12:18:09.379,0.73357,0.7339,1.00,1.12
2015.04.17 12:18:09.429,0.7336,0.7339,1.00,1.12
2015.04.17 12:18:11.427,0.7336,0.7339,1.00,1.37
2015.04.17 12:18:11.750,0.7336,0.73392,1.00,1.37
2015.04.17 12:18:11.851,0.73362,0.73394,1.00,1.37
2015.04.17 12:18:11.981,0.73362,0.73394,1.00,1.00
2015.04.17 12:18:12.031,0.73362,0.73392,1.00,1.37
2015.04.17 12:18:12.082,0.7336,0.73392,1.00,1.87
2015.04.17 12:18:12.209,0.7336,0.73392,1.00,1.87
2015.04.17 12:18:12.898,0.7336,0.73392,1.00,1.87
2015.04.17 12:18:13.348,0.7336,0.73391,1.00,1.50
2015.04.17 12:18:13.499,0.73357,0.7339,1.00,1.37
2015.04.17 12:18:13.550,0.73359,0.7339,1.00,1.37
2015.04.17 12:18:13.600,0.73359,0.73391,1.50,1.87
2015.04.17 12:18:14.839,0.7336,0.73391,1.00,1.87
2015.04.17 12:18:15.495,0.7336,0.73391,1.00,1.87
2015.04.17 12:18:15.696,0.73359,0.73391,1.00,1.87
2015.04.17 12:18:15.796,0.73359,0.73391,1.00,1.87
2015.04.17 12:18:15.996,0.73359,0.73391,1.50,1.87
2015.04.17 12:18:17.399,0.73359,0.73391,1.50,1.87
2015.04.17 12:18:18.903,0.73359,0.73391,1.00,1.87
2015.04.17 12:18:19.503,0.73359,0.73391,1.00,1.87
2015.04.17 12:18:20.405,0.73359,0.73391,1.00,1.87
2015.04.17 12:18:21.543,0.73359,0.73391,1.50,1.87
2015.04.17 12:18:22.309,0.73359,0.73391,1.00,1.87
2015.04.17 12:18:22.816,0.73359,0.73391,1.00,1.37
2015.04.17 12:18:23.074,0.73363,0.73391,1.00,1.37
2015.04.17 12:18:23.578,0.73363,0.73393,1.00,1.37
2015.04.17 12:18:24.021,0.73367,0.73396,1.00,1.37
2015.04.17 12:18:24.816,0.73367,0.73396,1.00,1.37
2015.04.17 12:18:25.445,0.73368,0.73398,1.00,1.37
2015.04.17 12:18:26.660,0.73368,0.73398,1.00,1.37
2015.04.17 12:18:27.108,0.73371,0.73398,1.00,1.37
2015.04.17 12:18:27.333,0.73373,0.73401,1.00,1.37
2015.04.17 12:18:27.648,0.73373,0.73403,1.00,1.87
2015.04.17 12:18:29.863,0.73373,0.73403,1.00,1.12
2015.04.17 12:18:30.013,0.73376,0.73406,1.00,1.87
2015.04.17 12:18:30.393,0.73374,0.734,1.00,1.00
2015.04.17 12:18:30.444,0.73367,0.734,1.00,2.25
2015.04.17 12:18:30.545,0.73365,0.73397,1.00,1.37
2015.04.17 12:18:31.287,0.73366,0.73398,1.00,1.37
2015.04.17 12:18:33.179,0.73365,0.73397,1.00,1.37
2015.04.17 12:18:34.246,0.73365,0.73395,1.50,1.37
2015.04.17 12:18:36.461,0.73366,0.73396,1.00,1.37
2015.04.17 12:18:38.659,0.73364,0.73397,1.00,1.37
2015.04.17 12:18:38.879,0.73361,0.73394,1.37,1.37
2015.04.17 12:18:39.030,0.73361,0.73394,1.00,1.37
2015.04.17 12:18:39.540,0.73363,0.73393,1.00,1.37
2015.04.17 12:18:39.846,0.73365,0.73393,1.00,1.00
2015.04.17 12:18:40.149,0.73363,0.73393,1.00,1.37
2015.04.17 12:18:40.691,0.73363,0.73393,1.00,1.87
2015.04.17 12:18:40.741,0.73363,0.73393,1.00,1.00
2015.04.17 12:18:40.892,0.73366,0.73396,1.00,1.37
2015.04.17 12:18:40.943,0.73366,0.73398,1.00,1.37
2015.04.17 12:18:40.993,0.73368,0.734,1.00,1.87
2015.04.17 12:18:41.340,0.7337,0.734,1.00,1.37
2015.04.17 12:18:42.109,0.7337,0.73402,1.00,2.25
2015.04.17 12:18:42.610,0.7337,0.73402,1.00,1.87
2015.04.17 12:18:44.049,0.73368,0.73401,1.00,1.37
2015.04.17 12:18:44.200,0.73366,0.73398,1.00,1.12
2015.04.17 12:18:45.588,0.73365,0.73397,1.00,1.00
2015.04.17 12:18:45.777,0.73365,0.73397,1.00,1.37
2015.04.17 12:18:45.963,0.73363,0.73396,1.00,1.37
2015.04.17 12:18:46.064,0.7336,0.73393,1.87,1.12
2015.04.17 12:18:46.630,0.73359,0.73392,1.00,1.00
2015.04.17 12:18:53.727,0.73358,0.73391,1.12,1.00
2015.04.17 12:18:55.588,0.73358,0.73391,1.00,1.37
2015.04.17 12:18:56.089,0.73359,0.73389,1.00,1.12
2015.04.17 12:18:56.348,0.73356,0.73388,1.00,1.12
2015.04.17 12:18:57.206,0.73355,0.73387,1.12,1.00
2015.04.17 12:18:57.848,0.73354,0.73387,1.50,1.00
2015.04.17 12:18:58.397,0.73355,0.73387,1.00,1.00
2015.04.17 12:18:58.448,0.73355,0.73387,1.37,1.00
2015.04.17 12:18:58.498,0.73357,0.73389,1.12,1.00
2015.04.17 12:18:58.616,0.73357,0.73389,1.37,1.00
2015.04.17 12:18:58.716,0.73361,0.73391,1.12,1.00
2015.04.17 12:19:00.226,0.73361,0.73391,1.00,1.37
2015.04.17 12:19:00.432,0.73359,0.73391,1.00,1.87
2015.04.17 12:19:00.483,0.73355,0.73387,1.00,1.00
2015.04.17 12:19:01.530,0.73354,0.73387,1.50,1.00
2015.04.17 12:19:01.769,0.73354,0.73385,1.87,1.00
2015.04.17 12:19:03.697,0.73355,0.73385,1.00,1.00
2015.04.17 12:19:04.390,0.73354,0.73385,1.50,1.00
2015.04.17 12:19:04.714,0.73354,0.73384,1.00,1.37
2015.04.17 12:19:06.854,0.73354,0.73384,1.00,1.00
2015.04.17 12:19:07.078,0.73356,0.73388,1.00,1.12
2015.04.17 12:19:07.330,0.73359,0.73388,1.00,1.12
2015.04.17 12:19:08.319,0.73358,0.73389,1.00,1.00
2015.04.17 12:19:11.675,0.73358,0.73389,1.00,1.37
2015.04.17 12:19:11.776,0.73353,0.73386,1.00,1.37
2015.04.17 12:19:11.876,0.73355,0.73386,1.00,1.37
2015.04.17 12:19:12.327,0.73355,0.73387,1.00,1.00
2015.04.17 12:19:12.550,0.73357,0.73388,1.00,1.00
2015.04.17 12:19:12.879,0.73355,0.73386,1.50,1.00
2015.04.17 12:19:13.748,0.73355,0.73385,1.00,1.00
2015.04.17 12:19:14.071,0.73352,0.73384,1.00,1.00
2015.04.17 12:19:14.122,0.73352,0.73382,1.00,1.00
2015.04.17 12:19:14.409,0.73354,0.73385,1.00,1.00
2015.04.17 12:19:15.594,0.73354,0.73385,1.00,1.37
2015.04.17 12:19:16.546,0.73354,0.73384,1.00,1.37
2015.04.17 12:19:17.227,0.73351,0.73384,1.12,1.12
2015.04.17 12:19:18.110,0.73351,0.73384,1.37,1.37
2015.04.17 12:19:18.212,0.7335,0.73383,1.87,1.12
2015.04.17 12:19:18.262,0.73352,0.73384,1.00,1.37
2015.04.17 12:19:18.587,0.73355,0.73384,1.00,1.37
2015.04.17 12:19:19.100,0.73352,0.73384,1.00,1.12
2015.04.17 12:19:19.150,0.7335,0.73382,1.37,1.00
2015.04.17 12:19:19.463,0.73352,0.73383,1.37,1.12
2015.04.17 12:19:19.978,0.73354,0.73384,1.00,1.12
2015.04.17 12:19:21.228,0.73354,0.73382,1.00,1.00
2015.04.17 12:19:21.329,0.73352,0.73382,1.00,1.00
2015.04.17 12:19:21.380,0.7335,0.73383,1.12,1.00
2015.04.17 12:19:21.480,0.73352,0.73383,1.00,1.00
2015.04.17 12:19:21.680,0.73353,0.73386,1.12,1.00
2015.04.17 12:19:21.953,0.73354,0.73387,1.37,1.00
2015.04.17 12:19:22.254,0.73351,0.73384,1.37,1.00
2015.04.17 12:19:23.059,0.73354,0.73384,1.00,1.00
2015.04.17 12:19:23.371,0.73356,0.73388,1.37,1.00
2015.04.17 12:19:23.472,0.73357,0.7339,1.37,1.00
2015.04.17 12:19:25.970,0.73359,0.73387,1.00,1.00
2015.04.17 12:19:26.071,0.73355,0.73388,1.12,1.37
2015.04.17 12:19:26.322,0.73356,0.73389,1.00,1.00
2015.04.17 12:19:26.422,0.73359,0.73392,1.00,1.87
2015.04.17 12:19:26.800,0.73362,0.73392,1.00,1.00
2015.04.17 12:19:29.036,0.73363,0.73393,1.00,1.12
2015.04.17 12:19:32.280,0.73364,0.73396,1.00,1.37
2015.04.17 12:19:32.670,0.73362,0.73393,1.00,1.00
2015.04.17 12:19:37.247,0.73365,0.73393,1.00,1.00
2015.04.17 12:19:37.467,0.73362,0.73393,1.12,1.00
2015.04.17 12:19:37.576,0.73365,0.73393,1.00,1.00
2015.04.17 12:19:38.106,0.73364,0.73397,1.87,1.00
2015.04.17 12:19:38.206,0.73366,0.73399,1.37,1.00
2015.04.17 12:19:38.680,0.7337,0.73399,1.00,1.00
2015.04.17 12:19:38.982,0.7337,0.73395,1.00,1.37
2015.04.17 12:19:39.032,0.73365,0.73395,1.00,1.37
2015.04.17 12:19:39.083,0.73364,0.73395,1.00,1.00
2015.04.17 12:19:39.184,0.73358,0.73391,1.00,1.00
2015.04.17 12:19:39.284,0.73357,0.73388,1.00,1.00
2015.04.17 12:19:39.830,0.73355,0.73388,1.50,1.00
2015.04.17 12:19:40.809,0.73354,0.73386,1.00,1.00
2015.04.17 12:19:41.232,0.73352,0.73385,1.00,1.00
2015.04.17 12:19:43.629,0.73355,0.73385,1.00,1.00
2015.04.17 12:19:45.429,0.73355,0.73386,1.50,1.00
2015.04.17 12:19:47.200,0.73352,0.73385,1.00,1.00
2015.04.17 12:19:47.740,0.73355,0.73388,1.00,1.37
2015.04.17 12:19:48.477,0.73355,0.73388,1.00,1.37
2015.04.17 12:19:49.509,0.73355,0.73388,1.00,1.00
2015.04.17 12:19:49.623,0.73355,0.73388,1.00,1.37
2015.04.17 12:19:51.950,0.73358,0.73388,1.00,1.37
2015.04.17 12:19:52.050,0.73355,0.73388,1.37,1.00
2015.04.17 12:19:52.578,0.73356,0.73389,1.12,1.12
2015.04.17 12:19:53.107,0.73359,0.7339,1.00,1.00
2015.04.17 12:19:53.947,0.7336,0.73393,1.00,1.00
2015.04.17 12:19:54.324,0.73361,0.73394,1.37,1.00
2015.04.17 12:19:54.716,0.73363,0.73396,1.00,1.12
2015.04.17 12:19:56.930,0.73363,0.73396,1.00,1.37
2015.04.17 12:19:57.618,0.73363,0.73394,1.00,1.37
2015.04.17 12:19:58.989,0.73363,0.73394,1.00,1.00
2015.04.17 12:19:59.190,0.73365,0.73398,1.12,1.00
2015.04.17 12:19:59.302,0.73367,0.734,1.00,1.37
2015.04.17 12:19:59.818,0.73367,0.734,1.37,1.00
2015.04.17 12:20:00.080,0.73365,0.73398,1.12,1.00
2015.04.17 12:20:00.184,0.73367,0.734,1.00,1.00
2015.04.17 12:20:00.523,0.73369,0.73402,1.00,1.50
2015.04.17 12:20:00.825,0.7336,0.7339,1.50,1.00
2015.04.17 12:20:00.976,0.73361,0.73393,1.00,1.00
2015.04.17 12:20:01.076,0.73359,0.73389,1.50,1.00
2015.04.17 12:20:01.620,0.73359,0.73391,1.50,1.00
2015.04.17 12:20:02.130,0.73358,0.7339,1.00,1.00
2015.04.17 12:20:04.000,0.73359,0.7339,1.00,1.12
2015.04.17 12:20:04.657,0.73358,0.7339,1.00,1.12
2015.04.17 12:20:04.987,0.7336,0.7339,1.00,1.12
2015.04.17 12:20:05.101,0.73358,0.7339,1.00,1.12
2015.04.17 12:20:05.633,0.73358,0.73389,1.00,1.00
2015.04.17 12:20:05.684,0.73359,0.73389,1.00,2.25
2015.04.17 12:20:05.918,0.73354,0.73387,1.50,1.37
2015.04.17 12:20:06.019,0.73354,0.73387,1.50,1.37
2015.04.17 12:20:06.069,0.73354,0.73387,1.50,1.37
2015.04.17 12:20:06.119,0.73351,0.73384,1.12,1.12
2015.04.17 12:20:06.170,0.73351,0.73384,1.00,1.50
2015.04.17 12:20:06.220,0.73347,0.73378,1.00,1.00
2015.04.17 12:20:06.371,0.73344,0.73376,1.50,1.00
2015.04.17 12:20:06.577,0.73344,0.73374,1.00,1.00
2015.04.17 12:20:06.678,0.73342,0.73374,1.00,1.00
2015.04.17 12:20:11.860,0.7334,0.73372,1.37,1.00
2015.04.17 12:20:12.427,0.7334,0.73372,1.37,1.00
2015.04.17 12:20:12.488,0.73341,0.73374,1.37,1.00
2015.04.17 12:20:12.628,0.73341,0.73374,1.12,1.00
2015.04.17 12:20:12.708,0.73344,0.73374,1.00,1.00
2015.04.17 12:20:12.832,0.73342,0.73375,1.00,1.00
2015.04.17 12:20:13.567,0.73344,0.73375,1.00,1.00
2015.04.17 12:20:14.907,0.73345,0.73375,1.00,1.00
2015.04.17 12:20:16.796,0.73344,0.73375,1.00,1.00
2015.04.17 12:20:16.897,0.73341,0.73374,1.12,1.00
2015.04.17 12:20:17.029,0.73345,0.73375,1.00,1.00
2015.04.17 12:20:17.140,0.73343,0.73375,1.00,1.00
2015.04.17 12:20:17.990,0.73341,0.73372,1.00,1.00
2015.04.17 12:20:18.364,0.73341,0.73374,1.12,1.00
2015.04.17 12:20:18.665,0.73342,0.73372,1.00,1.00
2015.04.17 12:20:18.901,0.7334,0.73372,1.00,1.00
2015.04.17 12:20:19.468,0.73339,0.73371,1.00,1.12
2015.04.17 12:20:19.528,0.73339,0.73368,1.00,1.00
2015.04.17 12:20:20.705,0.73341,0.73368,1.37,1.00
2015.04.17 12:20:20.856,0.73349,0.73381,1.00,1.00
2015.04.17 12:20:21.007,0.73349,0.73379,1.00,1.00
2015.04.17 12:20:21.552,0.7335,0.7338,1.00,1.00
2015.04.17 12:20:22.150,0.73349,0.7338,1.12,1.00
2015.04.17 12:20:22.477,0.73353,0.73383,1.00,1.50
2015.04.17 12:20:22.801,0.73356,0.73386,1.37,1.00
2015.04.17 12:20:22.851,0.73359,0.73392,1.50,1.00
2015.04.17 12:20:22.952,0.73359,0.73389,1.87,1.00
2015.04.17 12:20:23.905,0.73359,0.73389,1.87,1.00
2015.04.17 12:20:24.129,0.73357,0.73388,1.12,1.00
2015.04.17 12:20:25.138,0.73357,0.7339,1.12,1.00
2015.04.17 12:20:25.450,0.73359,0.7339,1.00,1.00
2015.04.17 12:20:26.468,0.7336,0.7339,1.00,1.00
2015.04.17 12:20:26.619,0.7336,0.73392,1.00,1.00
2015.04.17 12:20:26.922,0.73361,0.73394,1.00,1.12
2015.04.17 12:20:30.637,0.73362,0.73395,1.00,1.12
2015.04.17 12:20:30.687,0.73362,0.73395,1.37,1.12
2015.04.17 12:20:32.602,0.73362,0.73395,1.37,1.37
2015.04.17 12:20:32.990,0.73361,0.73394,1.00,1.12
2015.04.17 12:20:33.521,0.73361,0.73394,1.00,1.37
2015.04.17 12:20:34.103,0.73361,0.73394,1.37,1.00
2015.04.17 12:20:34.405,0.73361,0.73393,1.00,1.00
2015.04.17 12:20:34.505,0.73364,0.73392,1.00,1.00
2015.04.17 12:20:34.606,0.7336,0.73392,1.50,1.00
2015.04.17 12:20:35.413,0.73359,0.73391,1.12,1.00
2015.04.17 12:20:35.947,0.73359,0.73391,1.37,1.12
2015.04.17 12:20:36.552,0.73359,0.73391,1.00,1.00
2015.04.17 12:20:37.370,0.73358,0.73391,1.12,1.12
2015.04.17 12:20:37.471,0.73357,0.73389,1.12,1.00
2015.04.17 12:20:38.150,0.73356,0.73388,1.00,1.37
2015.04.17 12:20:38.351,0.73352,0.73385,1.12,1.00
2015.04.17 12:20:38.647,0.73355,0.73385,1.00,1.00
2015.04.17 12:20:38.976,0.73352,0.73385,1.12,1.00
2015.04.17 12:20:39.498,0.73352,0.73385,1.00,1.37
2015.04.17 12:20:40.959,0.73354,0.73385,1.00,1.37
2015.04.17 12:20:41.306,0.73352,0.73385,1.00,1.37
2015.04.17 12:20:47.276,0.73352,0.73385,1.00,1.37
2015.04.17 12:20:47.938,0.73352,0.73385,1.00,1.37
2015.04.17 12:20:49.415,0.73352,0.73385,1.00,1.12
2015.04.17 12:20:50.192,0.73352,0.73385,1.00,1.87
2015.04.17 12:20:50.483,0.73352,0.73385,1.00,1.12
2015.04.17 12:20:51.656,0.73352,0.73385,1.12,1.37
2015.04.17 12:20:52.663,0.73352,0.73385,1.37,1.37
2015.04.17 12:20:52.889,0.73352,0.73385,1.00,1.37
2015.04.17 12:20:53.090,0.73355,0.73381,1.00,1.37
2015.04.17 12:20:53.191,0.73349,0.73379,1.00,1.00
2015.04.17 12:20:53.342,0.73347,0.73379,1.00,1.00
2015.04.17 12:20:53.609,0.73349,0.7338,1.00,1.00
2015.04.17 12:20:53.660,0.7335,0.73382,1.00,1.00
2015.04.17 12:20:55.082,0.73349,0.73381,1.50,1.37
2015.04.17 12:20:55.418,0.73345,0.73376,1.00,1.00
2015.04.17 12:20:55.925,0.73344,0.73375,1.50,1.00
2015.04.17 12:21:04.449,0.73344,0.73369,1.00,1.00
2015.04.17 12:21:05.515,0.73344,0.73368,1.00,1.00
2015.04.17 12:21:06.306,0.73339,0.73368,1.37,1.00
2015.04.17 12:21:12.716,0.73339,0.73368,1.37,1.00
2015.04.17 12:21:14.445,0.7334,0.73366,1.00,1.00
2015.04.17 12:21:14.546,0.73335,0.73362,1.00,1.00
2015.04.17 12:21:14.646,0.73334,0.73359,1.00,1.00
2015.04.17 12:21:14.951,0.73339,0.73367,1.37,1.00
2015.04.17 12:21:15.002,0.73339,0.73367,1.00,1.00
2015.04.17 12:21:16.526,0.73339,0.73369,1.12,1.00
2015.04.17 12:21:16.992,0.7334,0.73369,1.37,1.00
2015.04.17 12:21:17.593,0.7334,0.73369,1.37,1.00
2015.04.17 12:21:18.146,0.73339,0.73369,1.37,1.00
2015.04.17 12:21:19.833,0.73339,0.73367,1.37,1.00
2015.04.17 12:21:20.458,0.73339,0.73367,1.87,1.00
2015.04.17 12:21:21.834,0.73339,0.73367,1.87,1.00
2015.04.17 12:21:22.168,0.73341,0.7337,1.37,1.00
2015.04.17 12:21:22.837,0.73345,0.7337,1.00,1.00
2015.04.17 12:21:23.768,0.73345,0.7337,1.37,1.00
2015.04.17 12:21:23.919,0.7335,0.7337,1.00,1.00
2015.04.17 12:21:24.120,0.73345,0.73372,1.00,1.00
2015.04.17 12:21:24.623,0.73344,0.73368,1.00,1.00
2015.04.17 12:21:25.345,0.73344,0.73368,1.37,1.00
2015.04.17 12:21:26.150,0.73344,0.73368,1.00,1.00
2015.04.17 12:21:27.772,0.73344,0.7337,1.00,1.00
2015.04.17 12:21:28.816,0.73339,0.7337,2.62,1.00
2015.04.17 12:21:29.361,0.73341,0.7337,1.37,1.00
2015.04.17 12:21:32.388,0.73341,0.7337,1.37,1.00
2015.04.17 12:21:32.889,0.73341,0.7337,1.12,1.00
2015.04.17 12:21:32.989,0.73341,0.7337,1.37,1.00
2015.04.17 12:21:35.488,0.7334,0.7337,1.37,1.00
2015.04.17 12:21:36.228,0.73339,0.7337,1.87,1.00
2015.04.17 12:21:37.182,0.73339,0.7337,1.87,1.00
2015.04.17 12:21:38.585,0.73339,0.7337,1.87,1.00
2015.04.17 12:21:41.947,0.7334,0.73371,1.37,1.00
2015.04.17 12:21:43.768,0.7334,0.73371,1.87,1.00
2015.04.17 12:21:45.270,0.7334,0.73371,1.37,1.00
2015.04.17 12:21:45.912,0.7334,0.73371,1.87,1.00
2015.04.17 12:21:46.815,0.7334,0.73371,1.87,1.00
2015.04.17 12:21:49.178,0.73345,0.73371,1.00,1.00
2015.04.17 12:21:49.386,0.7334,0.73371,1.37,1.00
2015.04.17 12:21:54.114,0.7334,0.73371,1.37,1.00
2015.04.17 12:21:54.361,0.73345,0.73371,1.00,1.00
2015.04.17 12:21:54.887,0.7334,0.7337,1.37,1.00
2015.04.17 12:21:55.550,0.73339,0.7337,2.62,1.00
2015.04.17 12:21:55.659,0.73345,0.7337,1.00,1.00
2015.04.17 12:21:55.908,0.73339,0.7337,1.87,1.00
2015.04.17 12:21:55.959,0.73339,0.73372,2.62,1.00
2015.04.17 12:21:56.160,0.73339,0.73371,1.37,1.00
2015.04.17 12:21:56.260,0.73338,0.73367,1.12,1.00
2015.04.17 12:21:56.571,0.73335,0.73365,1.37,1.00
2015.04.17 12:21:56.672,0.73334,0.73365,1.12,1.00
2015.04.17 12:21:56.722,0.73334,0.73363,1.12,1.00
2015.04.17 12:21:56.873,0.7333,0.73362,1.37,1.00
2015.04.17 12:21:57.155,0.73331,0.73363,1.37,1.00
2015.04.17 12:21:57.856,0.7333,0.73362,2.62,1.00
2015.04.17 12:21:58.227,0.7333,0.73362,2.25,1.00
2015.04.17 12:21:58.729,0.73333,0.73363,1.37,1.00
2015.04.17 12:21:58.779,0.73333,0.73365,1.87,1.00
2015.04.17 12:21:58.830,0.73333,0.73365,1.87,1.00
2015.04.17 12:21:59.131,0.73335,0.73365,1.37,1.00
2015.04.17 12:22:00.398,0.73335,0.73365,1.87,1.00
2015.04.17 12:22:01.530,0.73339,0.73365,1.00,1.00
2015.04.17 12:22:02.007,0.73339,0.73367,1.00,1.00
2015.04.17 12:22:02.208,0.73339,0.73363,1.00,1.00
2015.04.17 12:22:02.409,0.73339,0.73367,1.00,1.00
2015.04.17 12:22:02.846,0.7334,0.73365,1.00,1.00
2015.04.17 12:22:03.412,0.73339,0.73364,1.00,1.00
2015.04.17 12:22:04.348,0.73334,0.73364,1.37,1.00
2015.04.17 12:22:04.787,0.73339,0.73364,1.00,1.00
2015.04.17 12:22:08.199,0.73334,0.73364,1.37,1.00
2015.04.17 12:22:10.240,0.73334,0.73362,1.37,1.00
2015.04.17 12:22:10.837,0.73332,0.73362,1.37,1.00
2015.04.17 12:22:11.206,0.7333,0.7336,1.87,1.00
2015.04.17 12:22:11.313,0.7333,0.7336,1.87,1.00
2015.04.17 12:22:11.796,0.73331,0.73362,1.12,1.00
2015.04.17 12:22:13.720,0.73331,0.73362,1.37,1.00
2015.04.17 12:22:14.201,0.73331,0.73364,1.37,1.00
2015.04.17 12:22:14.252,0.73331,0.73364,1.37,1.00
2015.04.17 12:22:14.816,0.73332,0.73365,1.37,1.00
2015.04.17 12:22:15.537,0.73333,0.73366,1.87,1.00
2015.04.17 12:22:15.926,0.73335,0.73368,1.37,1.00
2015.04.17 12:22:16.559,0.73336,0.73369,1.37,1.00
2015.04.17 12:22:17.466,0.73336,0.73369,1.37,1.00
2015.04.17 12:22:18.028,0.73336,0.73368,1.37,1.00
2015.04.17 12:22:18.914,0.73336,0.73369,1.37,1.00
2015.04.17 12:22:19.337,0.73337,0.73371,2.25,1.00
2015.04.17 12:22:19.857,0.73337,0.73371,1.87,1.00
2015.04.17 12:22:21.260,0.73337,0.73371,1.87,1.00
2015.04.17 12:22:21.361,0.73339,0.73371,1.00,1.00
2015.04.17 12:22:21.756,0.73336,0.73368,1.37,1.00
2015.04.17 12:22:22.162,0.73334,0.73368,2.25,1.37
2015.04.17 12:22:23.348,0.73332,0.73366,1.37,1.37
2015.04.17 12:22:24.226,0.73335,0.73365,1.00,1.12
2015.04.17 12:22:24.545,0.73334,0.73363,1.00,1.00
2015.04.17 12:22:26.747,0.73334,0.73365,1.00,1.00
2015.04.17 12:22:27.257,0.73335,0.73365,1.00,1.00
2015.04.17 12:22:28.137,0.73334,0.73365,1.12,1.00
2015.04.17 12:22:30.592,0.7333,0.73363,1.37,1.00
2015.04.17 12:22:31.727,0.7333,0.73363,1.12,1.00
2015.04.17 12:22:33.541,0.7333,0.73363,1.37,1.00
2015.04.17 12:22:33.744,0.73329,0.73363,1.37,1.00
2015.04.17 12:22:34.579,0.73335,0.73365,1.00,1.00
2015.04.17 12:22:35.080,0.73334,0.73365,1.00,1.00
2015.04.17 12:22:36.182,0.73334,0.73365,1.37,1.00
2015.04.17 12:22:36.615,0.73334,0.73367,1.37,1.00
2015.04.17 12:22:37.158,0.73334,0.73368,1.87,1.00
2015.04.17 12:22:37.290,0.73334,0.73368,1.87,1.00
2015.04.17 12:22:38.416,0.73334,0.73369,1.87,1.00
2015.04.17 12:22:39.296,0.73334,0.73369,2.25,1.00
2015.04.17 12:22:39.519,0.73338,0.73373,1.37,1.00
2015.04.17 12:22:39.724,0.73341,0.73375,1.00,1.00
2015.04.17 12:22:39.932,0.73345,0.73376,1.00,1.00
2015.04.17 12:22:40.464,0.73344,0.73376,1.00,1.00
2015.04.17 12:22:40.832,0.7334,0.73374,1.87,1.00
2015.04.17 12:22:41.448,0.73339,0.73373,2.62,1.00
2015.04.17 12:22:41.563,0.73339,0.73373,2.62,1.00
2015.04.17 12:22:41.613,0.73341,0.73376,1.37,1.00
2015.04.17 12:22:41.714,0.73345,0.73378,1.00,1.00
2015.04.17 12:22:42.177,0.73343,0.73378,1.00,1.37
2015.04.17 12:22:42.346,0.73341,0.73375,1.87,1.00
2015.04.17 12:22:42.512,0.7334,0.73374,1.12,1.00
2015.04.17 12:22:42.713,0.7334,0.73374,1.00,1.37
2015.04.17 12:22:43.179,0.7334,0.73374,1.00,1.00
2015.04.17 12:22:45.485,0.7334,0.73374,1.00,1.37
2015.04.17 12:22:45.635,0.73337,0.73372,1.00,1.00
2015.04.17 12:22:45.687,0.73337,0.73372,1.12,1.37
2015.04.17 12:22:46.228,0.73334,0.73369,1.50,1.00
2015.04.17 12:22:46.329,0.73333,0.73367,1.00,1.00
2015.04.17 12:22:47.203,0.73333,0.73367,1.37,1.00
2015.04.17 12:22:47.411,0.73333,0.73367,1.37,1.12
2015.04.17 12:22:47.913,0.73333,0.73367,1.37,1.00
2015.04.17 12:22:48.886,0.73333,0.73368,1.37,1.12
2015.04.17 12:22:54.147,0.73333,0.73367,1.37,1.00
2015.04.17 12:22:55.519,0.73333,0.73367,1.37,1.12
2015.04.17 12:22:57.200,0.73332,0.73366,1.37,1.00
2015.04.17 12:22:57.777,0.73333,0.73368,1.37,1.37
2015.04.17 12:22:57.997,0.73333,0.73368,1.12,1.12
2015.04.17 12:22:58.057,0.73335,0.73368,1.00,1.12
2015.04.17 12:22:58.386,0.73335,0.73366,1.12,1.00
2015.04.17 12:22:59.044,0.73333,0.73366,1.00,1.00
2015.04.17 12:23:05.350,0.73333,0.73366,1.37,1.00
2015.04.17 12:23:07.043,0.73333,0.73366,1.12,1.00
2015.04.17 12:23:09.550,0.73333,0.73366,1.37,1.00
2015.04.17 12:23:09.614,0.73333,0.73368,1.37,1.00
2015.04.17 12:23:10.553,0.73333,0.73368,1.12,1.12
2015.04.17 12:23:11.757,0.73333,0.73368,1.12,1.37
2015.04.17 12:23:12.186,0.73335,0.7337,1.12,1.37
2015.04.17 12:23:12.562,0.73336,0.73371,1.37,1.37
2015.04.17 12:23:13.332,0.73335,0.7337,1.37,1.12
2015.04.17 12:23:13.869,0.73337,0.7337,1.37,1.37
2015.04.17 12:23:14.070,0.73336,0.73371,1.37,1.12
2015.04.17 12:23:14.664,0.73336,0.73371,1.37,1.00
2015.04.17 12:23:15.975,0.73336,0.73371,1.37,1.00
2015.04.17 12:23:16.026,0.73338,0.73373,1.37,1.00
2015.04.17 12:23:16.562,0.73339,0.73374,1.37,1.00
2015.04.17 12:23:16.656,0.73339,0.73372,1.37,1.00
2015.04.17 12:23:16.981,0.73338,0.7337,1.00,1.00
2015.04.17 12:23:17.031,0.73335,0.7337,1.00,1.37
2015.04.17 12:23:17.136,0.73333,0.73367,1.00,1.00
2015.04.17 12:23:17.456,0.73335,0.7337,1.50,1.00
2015.04.17 12:23:17.806,0.73335,0.7337,1.87,1.00
2015.04.17 12:23:19.112,0.73335,0.7337,1.87,1.00
2015.04.17 12:23:19.448,0.73335,0.7337,1.87,1.00
2015.04.17 12:23:19.501,0.73335,0.7337,1.87,1.00
2015.04.17 12:23:20.351,0.73335,0.7337,1.37,1.00
2015.04.17 12:23:21.496,0.73337,0.73372,1.00,1.12
2015.04.17 12:23:21.647,0.73337,0.73372,1.87,1.00
2015.04.17 12:23:22.218,0.73337,0.73372,1.50,1.00
2015.04.17 12:23:22.747,0.73337,0.73371,1.37,1.00
2015.04.17 12:23:22.966,0.73337,0.73371,1.00,1.00
2015.04.17 12:23:23.467,0.73337,0.73371,1.37,1.00
2015.04.17 12:23:24.006,0.73337,0.73372,1.87,1.00
2015.04.17 12:23:24.056,0.73337,0.7337,1.50,1.00
2015.04.17 12:23:24.928,0.73337,0.7337,1.87,1.00
2015.04.17 12:23:25.129,0.73341,0.73375,1.00,1.00
2015.04.17 12:23:25.334,0.73341,0.73375,1.87,1.00
2015.04.17 12:23:25.430,0.73341,0.73375,1.50,1.00
2015.04.17 12:23:26.426,0.73342,0.73376,1.12,1.00
2015.04.17 12:23:28.090,0.73342,0.73376,1.87,1.00
2015.04.17 12:23:30.327,0.73343,0.73375,1.37,1.00
2015.04.17 12:23:30.437,0.73343,0.73375,1.12,1.00
2015.04.17 12:23:30.690,0.73343,0.73375,1.37,1.00
2015.04.17 12:23:32.417,0.73343,0.73375,1.00,1.00
2015.04.17 12:23:32.518,0.73341,0.73375,1.00,1.00
2015.04.17 12:23:32.737,0.73338,0.73372,1.87,1.00
2015.04.17 12:23:32.801,0.73338,0.73372,1.87,1.00
2015.04.17 12:23:32.851,0.73338,0.7337,1.12,1.00
2015.04.17 12:23:33.002,0.73336,0.7337,1.00,1.00
2015.04.17 12:23:33.511,0.73337,0.73369,1.00,1.00
2015.04.17 12:23:34.445,0.73335,0.73369,1.87,1.00
2015.04.17 12:23:34.615,0.73335,0.73369,2.62,1.00
2015.04.17 12:23:34.727,0.73335,0.73369,2.25,1.00
2015.04.17 12:23:34.827,0.73334,0.73366,1.12,1.00
2015.04.17 12:23:35.130,0.73332,0.73367,1.87,1.12
2015.04.17 12:23:37.555,0.73333,0.73368,1.00,1.00
2015.04.17 12:23:40.287,0.7334,0.73368,1.00,1.00
2015.04.17 12:23:40.438,0.73341,0.73373,1.37,1.00
2015.04.17 12:23:40.539,0.73341,0.73375,1.00,1.00
2015.04.17 12:23:40.639,0.73343,0.73376,1.00,1.50
2015.04.17 12:23:40.790,0.73338,0.73372,1.12,1.00
2015.04.17 12:23:40.891,0.73336,0.7337,1.37,1.00
2015.04.17 12:23:40.941,0.73335,0.7337,1.12,1.00
2015.04.17 12:23:41.092,0.73335,0.73367,1.00,1.00
2015.04.17 12:23:41.614,0.73334,0.73366,1.50,1.00
2015.04.17 12:23:42.140,0.73332,0.73366,1.12,1.37
2015.04.17 12:23:42.341,0.7333,0.73365,1.87,1.00
2015.04.17 12:23:42.890,0.73329,0.73364,1.87,1.12
2015.04.17 12:23:43.444,0.73329,0.73364,1.87,1.37
2015.04.17 12:23:44.647,0.73329,0.73364,1.87,1.12
2015.04.17 12:23:45.734,0.7333,0.73363,1.37,1.00
2015.04.17 12:23:46.249,0.7333,0.73363,1.50,1.00
2015.04.17 12:23:46.871,0.7333,0.73363,1.37,1.00
2015.04.17 12:23:47.157,0.73328,0.73363,1.87,1.12
2015.04.17 12:23:47.685,0.73328,0.73363,1.37,1.00
2015.04.17 12:23:47.855,0.73328,0.73363,1.12,1.00
2015.04.17 12:23:48.367,0.73328,0.73363,1.37,1.37
2015.04.17 12:23:50.161,0.73329,0.73364,1.12,1.37
2015.04.17 12:23:50.261,0.73329,0.73364,1.37,1.12
2015.04.17 12:23:51.888,0.73329,0.73364,1.37,1.00
2015.04.17 12:23:52.192,0.73323,0.73356,1.00,1.00
2015.04.17 12:23:52.570,0.73326,0.73356,1.00,1.00
2015.04.17 12:23:52.671,0.73326,0.73358,1.00,1.00
2015.04.17 12:23:53.197,0.73327,0.73359,1.00,1.00
2015.04.17 12:23:54.474,0.73327,0.73359,1.50,1.00
2015.04.17 12:23:54.525,0.7333,0.73362,1.37,1.00
2015.04.17 12:23:54.726,0.73331,0.73365,1.12,1.37
2015.04.17 12:23:55.413,0.7333,0.73364,1.00,1.00
2015.04.17 12:23:55.779,0.73328,0.73363,1.12,1.00
2015.04.17 12:23:55.958,0.73326,0.73361,1.37,1.00
2015.04.17 12:23:56.883,0.73326,0.73361,1.37,1.00
2015.04.17 12:24:00.908,0.73326,0.73361,1.37,1.37
2015.04.17 12:24:01.141,0.73326,0.73361,1.50,1.37
2015.04.17 12:24:01.241,0.73324,0.73359,1.00,1.00
2015.04.17 12:24:01.567,0.73324,0.73356,1.00,1.00
2015.04.17 12:24:01.914,0.73323,0.73355,1.00,1.37
2015.04.17 12:24:02.491,0.73322,0.73354,1.00,1.00
2015.04.17 12:24:14.152,0.73322,0.73354,1.37,1.00
2015.04.17 12:24:14.434,0.73323,0.73357,1.37,1.00
2015.04.17 12:24:14.672,0.73323,0.73357,1.87,1.00
2015.04.17 12:24:15.266,0.73324,0.73358,1.37,1.12
2015.04.17 12:24:15.756,0.73324,0.73359,1.00,1.00
2015.04.17 12:24:15.817,0.73324,0.73356,1.00,1.00
2015.04.17 12:24:16.018,0.73322,0.73357,1.00,1.00
2015.04.17 12:24:16.069,0.73324,0.73356,1.00,1.00
2015.04.17 12:24:16.147,0.73324,0.73358,1.00,1.00
2015.04.17 12:24:16.197,0.73326,0.73359,1.00,1.00
2015.04.17 12:24:16.559,0.73328,0.7336,1.00,1.00
2015.04.17 12:24:17.065,0.73328,0.7336,1.37,1.00
2015.04.17 12:24:17.574,0.73328,0.7336,1.12,1.00
2015.04.17 12:24:17.717,0.73326,0.7336,1.50,1.00
2015.04.17 12:24:18.720,0.73325,0.73359,1.12,1.12
2015.04.17 12:24:19.423,0.73325,0.73359,1.37,1.37
2015.04.17 12:24:20.125,0.73324,0.73359,1.37,1.00
2015.04.17 12:24:20.655,0.73325,0.7336,1.12,1.12
2015.04.17 12:24:21.567,0.73324,0.73359,2.62,1.00
2015.04.17 12:24:22.762,0.73324,0.73358,2.62,1.00
2015.04.17 12:24:25.181,0.73324,0.73358,2.62,1.00
2015.04.17 12:24:25.582,0.73324,0.73358,2.62,1.00
2015.04.17 12:24:25.783,0.73324,0.73358,3.00,1.00
2015.04.17 12:24:25.884,0.73327,0.7336,1.37,1.00
2015.04.17 12:24:25.985,0.7333,0.73362,1.00,1.00
2015.04.17 12:24:26.567,0.73328,0.73362,1.37,1.00
2015.04.17 12:24:27.587,0.73327,0.73362,1.50,1.12
2015.04.17 12:24:27.637,0.73327,0.7336,1.00,1.00
2015.04.17 12:24:27.687,0.73325,0.7336,1.87,1.37
2015.04.17 12:24:28.289,0.73325,0.7336,2.62,1.00
2015.04.17 12:24:28.376,0.73327,0.7336,1.00,1.00
2015.04.17 12:24:28.735,0.73327,0.7336,1.37,1.00
2015.04.17 12:24:29.675,0.73327,0.7336,1.37,1.00
2015.04.17 12:24:30.177,0.73327,0.7336,1.00,1.00
2015.04.17 12:24:30.678,0.73328,0.7336,1.37,1.87
2015.04.17 12:24:33.654,0.73325,0.73359,1.37,1.00
2015.04.17 12:24:33.704,0.73325,0.73359,1.12,1.37
2015.04.17 12:24:33.805,0.73322,0.73355,1.87,1.00
2015.04.17 12:24:33.975,0.73322,0.73355,1.12,1.00
2015.04.17 12:24:34.522,0.73322,0.73355,1.37,1.00
2015.04.17 12:24:34.674,0.73321,0.73353,1.37,1.00
2015.04.17 12:24:36.402,0.73321,0.73353,1.37,1.00
2015.04.17 12:24:36.452,0.73321,0.73355,1.37,1.00
2015.04.17 12:24:36.984,0.73321,0.73355,1.37,1.00
2015.04.17 12:24:37.444,0.73321,0.73353,1.37,1.00
2015.04.17 12:24:37.973,0.73321,0.73354,1.87,1.00
2015.04.17 12:24:38.488,0.73321,0.73354,2.25,1.00
2015.04.17 12:24:38.635,0.73321,0.73353,1.12,1.00
2015.04.17 12:24:38.736,0.7332,0.73351,1.37,1.00
2015.04.17 12:24:38.906,0.7332,0.73351,1.00,1.00
2015.04.17 12:24:39.406,0.7332,0.73351,1.37,1.00
2015.04.17 12:24:39.626,0.7332,0.73351,1.00,1.00
2015.04.17 12:24:39.677,0.73318,0.73351,1.87,1.00
2015.04.17 12:24:39.727,0.73318,0.73351,1.87,1.00
2015.04.17 12:24:40.070,0.7332,0.73354,2.25,1.00
2015.04.17 12:24:40.170,0.73322,0.73356,1.50,1.00
2015.04.17 12:24:41.569,0.73323,0.73357,1.37,1.00
2015.04.17 12:24:42.002,0.73323,0.73357,1.75,1.00
2015.04.17 12:24:42.053,0.73326,0.7336,1.75,1.50
2015.04.17 12:24:42.153,0.73329,0.73359,1.37,1.00
2015.04.17 12:24:42.204,0.73329,0.73359,1.50,1.00
2015.04.17 12:24:42.369,0.73332,0.73363,1.37,1.00
2015.04.17 12:24:42.470,0.73332,0.73362,1.00,1.00
2015.04.17 12:24:42.570,0.73328,0.73363,1.50,1.00
2015.04.17 12:24:42.720,0.7333,0.73363,1.00,1.00
2015.04.17 12:24:43.224,0.73331,0.73365,1.00,1.00
2015.04.17 12:24:43.757,0.73331,0.73366,1.00,1.87
2015.04.17 12:24:44.504,0.73328,0.73363,1.37,1.00
2015.04.17 12:24:44.809,0.73328,0.73363,1.37,1.37
2015.04.17 12:24:46.568,0.73326,0.7336,1.87,1.00
2015.04.17 12:24:47.193,0.73326,0.73358,1.37,1.00
2015.04.17 12:24:47.503,0.73321,0.73353,1.37,1.00
2015.04.17 12:24:47.554,0.73321,0.73353,1.12,1.12
2015.04.17 12:24:47.654,0.73319,0.73349,1.37,1.00
2015.04.17 12:24:47.956,0.73317,0.73347,1.37,1.00
2015.04.17 12:24:48.733,0.73316,0.73348,1.37,1.00
2015.04.17 12:24:48.842,0.73316,0.73348,1.00,1.37
2015.04.17 12:24:48.993,0.73314,0.73346,1.12,1.00
2015.04.17 12:24:49.383,0.73312,0.73345,1.12,1.00
2015.04.17 12:24:50.044,0.73312,0.73345,1.37,1.00
2015.04.17 12:24:51.046,0.73311,0.73344,1.37,1.00
2015.04.17 12:24:51.362,0.7331,0.73344,1.37,1.00
2015.04.17 12:24:52.253,0.7331,0.73344,1.37,1.00
2015.04.17 12:24:52.942,0.7331,0.73344,1.87,1.00
2015.04.17 12:24:53.563,0.7331,0.73345,2.62,1.00
2015.04.17 12:24:53.613,0.7331,0.73345,3.00,1.00
2015.04.17 12:24:54.372,0.73312,0.73346,1.37,1.00
2015.04.17 12:24:54.563,0.73311,0.73345,1.37,1.00
2015.04.17 12:24:55.133,0.73311,0.73345,1.37,1.00
2015.04.17 12:24:55.803,0.73311,0.73345,1.12,1.12
2015.04.17 12:24:56.202,0.73311,0.73343,1.12,1.00
2015.04.17 12:24:56.876,0.73311,0.73344,1.37,1.00
2015.04.17 12:24:57.132,0.73315,0.73348,1.37,1.00
2015.04.17 12:24:58.265,0.73315,0.73348,1.87,1.00
2015.04.17 12:24:59.391,0.73319,0.73348,1.00,1.12
2015.04.17 12:24:59.983,0.73314,0.73348,1.37,1.12
2015.04.17 12:25:00.395,0.73313,0.73346,1.00,1.37
2015.04.17 12:25:00.496,0.73308,0.73342,1.37,1.00
2015.04.17 12:25:01.163,0.73309,0.73344,1.37,1.00
2015.04.17 12:25:01.214,0.7331,0.73344,1.37,1.00
2015.04.17 12:25:01.415,0.73313,0.73346,1.12,1.00
2015.04.17 12:25:01.466,0.73313,0.73346,1.37,1.00
2015.04.17 12:25:01.853,0.73313,0.73347,1.87,1.00
2015.04.17 12:25:02.213,0.73317,0.73348,1.37,1.00
2015.04.17 12:25:02.506,0.73317,0.7335,1.37,1.00
2015.04.17 12:25:02.924,0.73317,0.73347,1.37,1.00
2015.04.17 12:25:03.147,0.73317,0.73347,1.37,1.00
2015.04.17 12:25:04.681,0.73317,0.73347,1.37,1.00
2015.04.17 12:25:19.524,0.73317,0.73349,1.37,1.00
2015.04.17 12:25:20.033,0.73317,0.73349,1.37,1.00
2015.04.17 12:25:20.293,0.73317,0.73351,1.87,1.00
2015.04.17 12:25:23.334,0.73317,0.7335,1.87,1.00
2015.04.17 12:25:23.882,0.73317,0.73351,1.87,1.00
2015.04.17 12:25:24.067,0.73317,0.73351,1.87,1.00
2015.04.17 12:25:24.655,0.73317,0.73351,1.87,1.00
2015.04.17 12:25:25.292,0.73317,0.73351,1.37,1.00
2015.04.17 12:25:25.443,0.73316,0.73351,1.12,1.87
2015.04.17 12:25:25.602,0.73314,0.73346,1.37,1.00
2015.04.17 12:25:25.706,0.73314,0.73345,1.00,1.00
2015.04.17 12:25:25.757,0.73312,0.73345,1.00,1.00
2015.04.17 12:25:26.540,0.7331,0.73345,1.37,1.37
2015.04.17 12:25:27.097,0.73309,0.73344,1.50,1.12
2015.04.17 12:25:30.252,0.73309,0.73344,1.87,1.12
2015.04.17 12:25:30.311,0.73309,0.73344,1.87,1.12
2015.04.17 12:25:30.900,0.73308,0.73343,1.87,1.00
2015.04.17 12:25:31.571,0.73309,0.73344,1.37,1.12
2015.04.17 12:25:32.318,0.73309,0.73344,1.37,1.37
2015.04.17 12:25:43.364,0.73309,0.73344,1.37,1.12
2015.04.17 12:25:46.068,0.73309,0.73344,1.37,1.37
2015.04.17 12:25:48.203,0.7331,0.73345,1.87,1.00
2015.04.17 12:25:49.508,0.7331,0.73345,2.62,1.37
2015.04.17 12:25:51.951,0.7331,0.73345,2.62,1.12
2015.04.17 12:25:52.502,0.73311,0.73344,1.37,1.00
2015.04.17 12:25:56.479,0.73311,0.73344,1.12,1.12
2015.04.17 12:25:57.373,0.7331,0.73343,1.87,1.00
2015.04.17 12:25:57.827,0.7331,0.73343,1.37,1.00
2015.04.17 12:25:57.927,0.73311,0.73346,1.37,1.37
2015.04.17 12:25:58.572,0.73312,0.73347,1.37,1.37
2015.04.17 12:25:58.823,0.73308,0.73342,1.87,1.00
2015.04.17 12:25:58.874,0.73308,0.73342,1.00,1.00
2015.04.17 12:25:59.451,0.73306,0.7334,1.50,1.00
2015.04.17 12:25:59.902,0.73306,0.7334,1.87,1.00
2015.04.17 12:26:00.614,0.73306,0.73339,1.00,1.12
2015.04.17 12:26:00.665,0.73301,0.73335,1.37,1.00
2015.04.17 12:26:01.306,0.73301,0.73335,1.12,1.12
2015.04.17 12:26:01.835,0.73299,0.73334,1.87,1.00
2015.04.17 12:26:04.122,0.733,0.73334,1.75,1.00
2015.04.17 12:26:04.223,0.73301,0.73336,2.25,1.00
2015.04.17 12:26:04.951,0.73303,0.73335,1.37,1.00
2015.04.17 12:26:05.502,0.73303,0.73335,1.37,1.00
2015.04.17 12:26:06.404,0.73303,0.73335,1.50,1.00
2015.04.17 12:26:06.494,0.73303,0.73337,1.50,1.00
2015.04.17 12:26:06.766,0.73304,0.73337,1.75,1.00
2015.04.17 12:26:07.421,0.73306,0.7334,1.37,1.00
2015.04.17 12:26:07.521,0.73306,0.7334,1.37,1.12
2015.04.17 12:26:08.040,0.73306,0.7334,1.37,1.00
2015.04.17 12:26:08.521,0.73305,0.73339,1.12,1.37
2015.04.17 12:26:09.096,0.73304,0.73337,1.00,1.37
2015.04.17 12:26:10.002,0.73304,0.73337,1.12,1.37
2015.04.17 12:26:10.121,0.73302,0.73337,1.12,1.37
2015.04.17 12:26:10.221,0.73302,0.73337,1.00,1.50
2015.04.17 12:26:10.322,0.73302,0.73335,1.00,1.37
2015.04.17 12:26:10.372,0.73299,0.73332,1.87,1.00
2015.04.17 12:26:10.981,0.73299,0.7333,1.87,1.00
2015.04.17 12:26:11.919,0.733,0.7333,1.37,1.00
2015.04.17 12:26:12.019,0.733,0.73334,1.37,1.00
2015.04.17 12:26:12.170,0.73307,0.73334,1.75,1.00
2015.04.17 12:26:12.221,0.73307,0.73336,1.75,1.00
2015.04.17 12:26:12.425,0.73307,0.73339,1.87,1.00
2015.04.17 12:26:12.681,0.73309,0.73341,1.00,1.00
2015.04.17 12:26:12.731,0.73309,0.73341,1.37,1.00
2015.04.17 12:26:12.832,0.73309,0.73341,1.00,1.00
2015.04.17 12:26:12.933,0.7331,0.73345,1.50,1.00
2015.04.17 12:26:13.101,0.73312,0.73345,1.00,1.00
2015.04.17 12:26:13.203,0.73309,0.73344,1.00,1.00
2015.04.17 12:26:13.673,0.7331,0.73342,1.50,1.00
2015.04.17 12:26:14.021,0.73311,0.73345,1.00,1.00
2015.04.17 12:26:14.684,0.73311,0.73344,1.00,1.00
2015.04.17 12:26:15.240,0.73309,0.73344,1.00,1.00
2015.04.17 12:26:15.455,0.73309,0.73344,1.37,1.00
2015.04.17 12:26:16.675,0.73309,0.73344,1.37,1.00
2015.04.17 12:26:19.386,0.73309,0.73344,1.75,1.00
2015.04.17 12:26:20.168,0.73313,0.73345,1.37,1.00
2015.04.17 12:26:22.914,0.73313,0.73345,1.37,1.00
2015.04.17 12:26:23.233,0.73314,0.73347,1.37,1.00
2015.04.17 12:26:23.554,0.73316,0.73349,1.37,1.00
2015.04.17 12:26:24.071,0.73318,0.73349,1.37,1.00
2015.04.17 12:26:24.621,0.73317,0.73349,2.25,1.00
2015.04.17 12:26:25.111,0.73318,0.73353,1.87,1.00
2015.04.17 12:26:25.440,0.7332,0.73355,1.37,1.00
2015.04.17 12:26:25.603,0.73322,0.73357,1.87,1.00
2015.04.17 12:26:25.654,0.73322,0.73355,1.87,1.00
2015.04.17 12:26:25.704,0.73322,0.73355,1.87,1.00
2015.04.17 12:26:27.641,0.73323,0.73358,1.12,1.12
2015.04.17 12:26:28.175,0.73323,0.73358,1.37,1.00
2015.04.17 12:26:31.283,0.73323,0.73358,1.00,1.37
2015.04.17 12:26:31.882,0.73322,0.73356,1.12,1.12
2015.04.17 12:26:33.141,0.73323,0.73358,1.00,1.37
2015.04.17 12:26:33.492,0.73323,0.73358,1.37,1.37
2015.04.17 12:26:34.083,0.73326,0.73358,1.12,1.00
2015.04.17 12:26:34.633,0.73323,0.73357,1.37,1.00
2015.04.17 12:26:34.923,0.73322,0.73356,1.87,1.00
2015.04.17 12:26:35.125,0.73322,0.73356,1.00,1.37
2015.04.17 12:26:35.472,0.7332,0.73354,1.37,1.37
2015.04.17 12:26:35.623,0.73318,0.73353,1.87,1.37
2015.04.17 12:26:35.723,0.73316,0.73351,1.37,1.37
2015.04.17 12:26:36.111,0.73315,0.7335,1.87,1.37
2015.04.17 12:26:36.625,0.73315,0.7335,1.00,1.87
2015.04.17 12:26:37.032,0.73312,0.73345,1.37,1.12
2015.04.17 12:26:37.221,0.73313,0.73347,1.37,1.12
2015.04.17 12:26:38.202,0.73315,0.73349,1.00,1.37
2015.04.17 12:26:40.390,0.73314,0.73346,1.12,1.00
2015.04.17 12:26:40.622,0.73315,0.73349,1.87,1.12
2015.04.17 12:26:40.839,0.73315,0.73349,1.87,1.00
2015.04.17 12:26:41.387,0.73315,0.73349,1.12,1.12
2015.04.17 12:26:43.701,0.73315,0.73349,1.37,1.00
2015.04.17 12:26:44.035,0.73314,0.73347,1.37,1.12
2015.04.17 12:26:44.644,0.73311,0.73346,1.50,1.00
2015.04.17 12:26:44.912,0.7331,0.73342,1.00,1.00
2015.04.17 12:26:45.013,0.7331,0.73337,1.00,1.00
2015.04.17 12:26:45.113,0.73305,0.73337,1.37,1.00
2015.04.17 12:26:45.187,0.73305,0.73337,1.12,1.00
2015.04.17 12:26:45.322,0.73303,0.73335,1.37,1.00
2015.04.17 12:26:45.638,0.73305,0.73331,1.12,1.00
2015.04.17 12:26:46.540,0.73304,0.73334,1.37,1.00
2015.04.17 12:26:46.641,0.7331,0.73334,1.37,1.00
2015.04.17 12:26:46.691,0.7331,0.7334,1.37,1.00
2015.04.17 12:26:46.741,0.7331,0.7334,1.75,1.00
2015.04.17 12:26:46.792,0.7331,0.7334,1.00,1.00
2015.04.17 12:26:46.893,0.73311,0.73343,1.00,1.00
2015.04.17 12:26:47.044,0.73309,0.73343,1.00,1.00
2015.04.17 12:26:47.094,0.73309,0.73338,1.00,1.00
2015.04.17 12:26:47.419,0.73309,0.73335,1.00,1.00
2015.04.17 12:26:47.749,0.7331,0.73332,1.00,1.00
2015.04.17 12:26:47.834,0.73304,0.73332,1.00,1.00
2015.04.17 12:26:48.292,0.73309,0.73332,1.00,1.00
2015.04.17 12:26:48.443,0.73309,0.73334,1.00,1.00
2015.04.17 12:26:48.544,0.73309,0.73337,1.00,1.00
2015.04.17 12:26:48.644,0.73309,0.73339,1.00,1.00
2015.04.17 12:26:48.745,0.73309,0.73341,1.00,1.00
2015.04.17 12:26:48.870,0.73314,0.73342,1.00,1.00
2015.04.17 12:26:49.260,0.7331,0.73342,1.50,1.00
2015.04.17 12:26:49.736,0.73315,0.73342,1.00,1.00
2015.04.17 12:26:50.053,0.73314,0.7334,1.00,1.00
2015.04.17 12:26:50.583,0.73313,0.73341,1.00,1.00
2015.04.17 12:26:50.903,0.73315,0.73341,1.37,1.00
2015.04.17 12:26:50.954,0.73314,0.73344,1.37,1.00
2015.04.17 12:26:51.055,0.7332,0.7335,1.00,1.00
2015.04.17 12:26:51.161,0.73319,0.73352,1.50,1.00
2015.04.17 12:26:51.793,0.7332,0.73352,1.00,1.00
2015.04.17 12:26:52.208,0.7332,0.73351,1.87,1.00
2015.04.17 12:26:52.258,0.7332,0.73353,1.37,1.00
2015.04.17 12:26:52.409,0.7332,0.73355,2.25,1.00
2015.04.17 12:26:52.610,0.73324,0.73357,1.12,1.00
2015.04.17 12:26:52.711,0.7333,0.73359,1.00,1.00
2015.04.17 12:26:52.812,0.73327,0.73362,1.00,1.00
2015.04.17 12:26:53.132,0.73328,0.73359,1.00,1.00
2015.04.17 12:26:53.198,0.73325,0.73359,1.00,1.50
2015.04.17 12:26:53.249,0.7332,0.73359,1.00,1.50
2015.04.17 12:26:53.309,0.7332,0.73356,1.00,1.00
2015.04.17 12:26:53.700,0.73313,0.73344,1.00,1.00
2015.04.17 12:26:53.750,0.73313,0.73346,1.00,1.00
2015.04.17 12:26:54.151,0.73313,0.73343,1.00,1.00
2015.04.17 12:26:54.202,0.7331,0.73343,1.12,1.00
2015.04.17 12:26:54.253,0.7331,0.7334,1.12,1.00
2015.04.17 12:26:56.132,0.7331,0.73341,1.00,1.00
2015.04.17 12:26:57.889,0.7331,0.73343,1.50,1.00
2015.04.17 12:26:57.940,0.73312,0.73343,1.00,1.00
2015.04.17 12:26:58.562,0.73312,0.73344,1.00,1.00
2015.04.17 12:26:58.920,0.73315,0.73344,1.00,1.00
2015.04.17 12:26:59.468,0.73317,0.73345,1.00,1.00
2015.04.17 12:26:59.753,0.73316,0.73349,1.00,1.00
2015.04.17 12:26:59.803,0.73318,0.73349,1.12,1.00
2015.04.17 12:27:00.133,0.73323,0.7335,1.00,1.00
2015.04.17 12:27:00.183,0.73323,0.73352,1.12,1.00
2015.04.17 12:27:00.284,0.73327,0.73354,1.00,1.00
2015.04.17 12:27:00.435,0.73327,0.73356,1.00,1.00
2015.04.17 12:27:00.585,0.73331,0.73356,1.00,1.00
2015.04.17 12:27:00.636,0.73331,0.73359,1.00,1.00
2015.04.17 12:27:00.830,0.73331,0.73361,1.00,1.00
2015.04.17 12:27:01.259,0.73333,0.73361,1.00,1.00
2015.04.17 12:27:02.218,0.7333,0.73361,1.12,1.00
2015.04.17 12:27:02.412,0.7333,0.73363,1.00,1.00
2015.04.17 12:27:02.463,0.73332,0.73363,1.12,1.00
2015.04.17 12:27:02.814,0.73334,0.73363,1.87,1.00
2015.04.17 12:27:03.121,0.73336,0.73365,1.37,1.00
2015.04.17 12:27:03.171,0.73336,0.73369,1.00,1.00
2015.04.17 12:27:03.322,0.7334,0.73368,1.00,1.00
2015.04.17 12:27:03.373,0.73345,0.73374,1.00,1.00
2015.04.17 12:27:03.668,0.73341,0.73376,1.00,1.00
2015.04.17 12:27:03.719,0.73341,0.73371,1.00,1.00
2015.04.17 12:27:04.132,0.73339,0.73365,1.00,1.00
2015.04.17 12:27:04.352,0.73335,0.73365,1.50,1.00
2015.04.17 12:27:04.682,0.73335,0.73367,1.37,1.00
2015.04.17 12:27:04.782,0.73338,0.73367,1.00,1.00
2015.04.17 12:27:04.933,0.73338,0.7337,1.12,1.00
2015.04.17 12:27:05.135,0.73338,0.73372,1.37,1.00
2015.04.17 12:27:05.236,0.73342,0.73374,1.00,1.00
2015.04.17 12:27:05.782,0.73342,0.73371,1.00,1.00
2015.04.17 12:27:06.073,0.7334,0.73372,1.00,1.00
2015.04.17 12:27:06.577,0.7334,0.73371,1.00,1.00
2015.04.17 12:27:06.820,0.7334,0.73373,1.12,1.00
2015.04.17 12:27:07.324,0.7334,0.73374,1.12,1.00
2015.04.17 12:27:07.609,0.73342,0.73374,1.00,1.00
2015.04.17 12:27:07.912,0.73344,0.73374,1.00,1.00
2015.04.17 12:27:08.928,0.73343,0.73374,1.12,1.00
2015.04.17 12:27:09.234,0.73343,0.73371,1.00,1.00
2015.04.17 12:27:10.387,0.73342,0.73371,1.00,1.00
2015.04.17 12:27:10.992,0.73342,0.7337,1.00,1.00
2015.04.17 12:27:13.500,0.73342,0.73371,1.00,1.00
2015.04.17 12:27:13.550,0.73337,0.73371,1.37,1.00
2015.04.17 12:27:13.600,0.73337,0.73369,1.37,1.00
2015.04.17 12:27:14.124,0.73337,0.73369,1.00,1.00
2015.04.17 12:27:14.441,0.73335,0.73368,1.00,1.00
2015.04.17 12:27:14.592,0.73331,0.73364,1.00,1.00
2015.04.17 12:27:14.931,0.73329,0.73361,1.00,1.00
2015.04.17 12:27:15.463,0.73329,0.7336,1.00,1.00
2015.04.17 12:27:16.230,0.73329,0.73361,1.12,1.00
2015.04.17 12:27:16.670,0.73327,0.73361,1.12,1.00
2015.04.17 12:27:17.211,0.7333,0.73362,1.00,1.00
2015.04.17 12:27:17.561,0.7333,0.7336,1.37,1.00
2015.04.17 12:27:17.875,0.73327,0.73357,1.37,1.00
2015.04.17 12:27:18.213,0.73327,0.73357,1.12,1.00
2015.04.17 12:27:18.514,0.73327,0.73358,1.37,1.00
2015.04.17 12:27:18.872,0.73329,0.73362,1.37,1.00
2015.04.17 12:27:18.922,0.73329,0.73362,1.37,1.00
2015.04.17 12:27:19.456,0.73332,0.73362,1.37,1.00
2015.04.17 12:27:19.957,0.73332,0.73362,1.12,1.00
2015.04.17 12:27:23.932,0.73332,0.73361,1.12,1.00
2015.04.17 12:27:24.590,0.73332,0.73358,1.37,1.00
2015.04.17 12:27:24.691,0.7333,0.73358,1.12,1.00
2015.04.17 12:27:26.827,0.7333,0.73358,1.37,1.00
2015.04.17 12:27:26.928,0.73331,0.73361,1.12,1.00
2015.04.17 12:27:27.128,0.73331,0.73361,1.37,1.00
2015.04.17 12:27:28.710,0.73331,0.73361,1.12,1.00
2015.04.17 12:27:30.165,0.73331,0.73361,1.37,1.00
2015.04.17 12:27:30.694,0.73334,0.73361,1.00,1.00
2015.04.17 12:27:31.013,0.73331,0.73357,1.00,1.00
2015.04.17 12:27:31.220,0.7333,0.7336,1.37,1.00
2015.04.17 12:27:31.271,0.7333,0.7336,1.37,1.00
2015.04.17 12:27:31.371,0.7333,0.7336,1.37,1.00
2015.04.17 12:27:32.438,0.7333,0.73359,1.37,1.00
2015.04.17 12:27:33.284,0.7333,0.73361,1.37,1.00
2015.04.17 12:27:33.435,0.73334,0.73362,1.00,1.00
2015.04.17 12:27:33.535,0.73334,0.73364,1.00,1.00
2015.04.17 12:27:33.842,0.73335,0.73366,1.00,1.00
2015.04.17 12:27:35.694,0.73336,0.73366,1.00,1.00
2015.04.17 12:27:36.166,0.73339,0.73365,1.00,1.00
2015.04.17 12:27:36.367,0.73339,0.73368,1.00,1.00
2015.04.17 12:27:36.803,0.73337,0.73368,1.12,1.00
2015.04.17 12:27:36.910,0.73337,0.73366,1.12,1.00
2015.04.17 12:27:38.009,0.73337,0.73367,1.12,1.00
2015.04.17 12:27:38.941,0.73337,0.73367,1.37,1.00
2015.04.17 12:27:39.881,0.73337,0.73366,1.37,1.00
2015.04.17 12:27:43.621,0.73339,0.73366,1.00,1.00
2015.04.17 12:27:44.860,0.7334,0.73366,1.00,1.00
2015.04.17 12:27:45.470,0.73339,0.73366,1.00,1.00
2015.04.17 12:27:46.421,0.7334,0.73366,1.00,1.00
2015.04.17 12:27:48.829,0.73339,0.73366,1.12,1.00
2015.04.17 12:27:50.662,0.7334,0.73366,1.00,1.00
2015.04.17 12:27:51.431,0.7334,0.73368,1.00,1.00
2015.04.17 12:27:51.583,0.7334,0.73368,1.37,1.00
2015.04.17 12:27:52.861,0.73344,0.73368,1.00,1.00
2015.04.17 12:27:55.392,0.73345,0.73368,1.00,1.00
2015.04.17 12:27:56.580,0.73344,0.73368,1.00,1.00
2015.04.17 12:27:57.152,0.7334,0.73368,1.37,1.00
2015.04.17 12:27:59.350,0.73344,0.73368,1.00,1.00
2015.04.17 12:27:59.464,0.73344,0.73371,1.00,1.00
2015.04.17 12:28:00.510,0.73345,0.73372,1.00,1.00
2015.04.17 12:28:00.562,0.73342,0.73372,1.12,1.00
2015.04.17 12:28:00.948,0.73342,0.73372,1.37,1.00
2015.04.17 12:28:02.541,0.73342,0.73374,1.37,1.00
2015.04.17 12:28:02.757,0.73347,0.73374,1.00,1.00
2015.04.17 12:28:02.908,0.7335,0.73382,1.37,1.00
2015.04.17 12:28:03.008,0.73354,0.73384,1.00,1.00
2015.04.17 12:28:03.111,0.73356,0.73387,1.00,1.00
2015.04.17 12:28:03.179,0.73358,0.73387,1.00,1.00
2015.04.17 12:28:03.560,0.73358,0.7339,1.00,1.00
2015.04.17 12:28:03.660,0.73362,0.7339,1.00,1.00
2015.04.17 12:28:03.964,0.73365,0.73393,1.00,1.00
2015.04.17 12:28:04.465,0.73365,0.73391,1.00,1.00
2015.04.17 12:28:04.950,0.7336,0.7339,1.00,1.00
2015.04.17 12:28:05.510,0.7336,0.73391,1.00,1.00
2015.04.17 12:28:05.729,0.7336,0.73389,1.00,1.00
2015.04.17 12:28:06.417,0.7336,0.73388,1.00,1.00
2015.04.17 12:28:06.518,0.73356,0.73386,1.00,1.00
2015.04.17 12:28:06.618,0.73356,0.73383,1.12,1.00
2015.04.17 12:28:06.719,0.73354,0.73383,1.00,1.00
2015.04.17 12:28:06.831,0.73354,0.7338,1.00,1.00
2015.04.17 12:28:07.601,0.73354,0.73379,1.00,1.00
2015.04.17 12:28:08.172,0.73354,0.7338,1.00,1.00
2015.04.17 12:28:08.524,0.73354,0.73382,1.00,1.00
2015.04.17 12:28:08.624,0.73355,0.73385,1.00,1.00
2015.04.17 12:28:08.725,0.73357,0.73385,1.00,1.00
2015.04.17 12:28:08.830,0.73357,0.73388,1.00,1.00
2015.04.17 12:28:09.360,0.73357,0.73389,1.00,1.00
2015.04.17 12:28:09.726,0.73357,0.73389,1.37,1.00
2015.04.17 12:28:12.967,0.73361,0.73389,1.00,1.00
2015.04.17 12:28:14.536,0.73362,0.73389,1.00,1.00
2015.04.17 12:28:14.787,0.73362,0.73394,1.00,1.00
2015.04.17 12:28:14.888,0.73365,0.73394,1.00,1.00
2015.04.17 12:28:14.988,0.73363,0.73394,1.00,1.00
2015.04.17 12:28:16.052,0.73364,0.73394,1.00,1.00
2015.04.17 12:28:16.378,0.73366,0.73394,1.00,1.00
2015.04.17 12:28:17.160,0.73368,0.73394,1.37,1.00
2015.04.17 12:28:17.210,0.73368,0.73397,1.37,1.00
2015.04.17 12:28:17.744,0.73368,0.73397,1.00,1.00
2015.04.17 12:28:18.049,0.73368,0.73395,1.00,1.00
2015.04.17 12:28:18.150,0.73365,0.73395,1.00,1.00
2015.04.17 12:28:24.663,0.73365,0.73397,1.37,1.00
2015.04.17 12:28:24.764,0.73364,0.73395,1.12,1.00
2015.04.17 12:28:26.732,0.73358,0.73395,1.37,1.00
2015.04.17 12:28:26.783,0.73358,0.73394,1.37,1.00
2015.04.17 12:28:26.883,0.73358,0.73394,1.00,1.00
2015.04.17 12:28:26.984,0.73358,0.73391,1.00,1.00
2015.04.17 12:28:27.520,0.73356,0.73391,1.37,1.00
2015.04.17 12:28:28.072,0.73356,0.73391,1.00,1.00
2015.04.17 12:28:28.502,0.73358,0.73391,1.00,1.00
2015.04.17 12:28:30.260,0.73358,0.73389,1.00,1.00
2015.04.17 12:28:30.702,0.73358,0.73387,1.00,1.00
2015.04.17 12:28:31.886,0.73356,0.73387,1.12,1.00
2015.04.17 12:28:32.789,0.73356,0.73388,1.12,1.00
2015.04.17 12:28:33.009,0.73356,0.73386,1.12,1.00
2015.04.17 12:28:33.581,0.73353,0.73386,1.00,1.00
2015.04.17 12:28:33.682,0.7335,0.73383,1.00,1.00
2015.04.17 12:28:33.998,0.73347,0.73376,1.00,1.00
2015.04.17 12:28:34.630,0.73347,0.73375,1.00,1.00
2015.04.17 12:28:34.879,0.73347,0.73377,1.00,1.00
2015.04.17 12:28:34.980,0.7335,0.73377,1.00,1.00
2015.04.17 12:28:35.212,0.7335,0.73382,1.00,1.00
2015.04.17 12:28:36.287,0.73352,0.73382,1.00,1.00
2015.04.17 12:28:36.337,0.73352,0.73384,1.00,1.00
2015.04.17 12:28:36.438,0.73353,0.73387,1.00,1.00
2015.04.17 12:28:36.546,0.73354,0.7339,1.00,1.00
2015.04.17 12:28:36.624,0.7336,0.7339,1.00,1.00
2015.04.17 12:28:36.675,0.7336,0.73395,1.00,1.00
2015.04.17 12:28:36.876,0.73359,0.73391,1.00,1.00
2015.04.17 12:28:37.421,0.73359,0.73392,1.00,1.00
2015.04.17 12:28:38.080,0.73359,0.73393,1.00,1.00
2015.04.17 12:28:39.283,0.73359,0.73394,1.00,1.00
2015.04.17 12:28:39.625,0.73368,0.73406,1.00,1.00
2015.04.17 12:28:39.726,0.73368,0.73403,1.00,1.00
2015.04.17 12:28:40.369,0.73367,0.73403,1.00,1.00
2015.04.17 12:28:41.127,0.73369,0.73403,1.00,1.00
2015.04.17 12:28:45.109,0.73369,0.73401,1.00,1.00
2015.04.17 12:28:47.203,0.73365,0.73401,1.37,1.00
2015.04.17 12:28:47.419,0.73365,0.73398,1.00,1.00
2015.04.17 12:28:48.410,0.73365,0.734,1.00,1.00
2015.04.17 12:28:50.602,0.73367,0.734,1.00,1.00
2015.04.17 12:28:50.853,0.73369,0.73403,1.00,1.00
2015.04.17 12:28:52.725,0.73367,0.73403,1.00,1.00
2015.04.17 12:28:53.147,0.73367,0.73401,1.00,1.00
2015.04.17 12:28:54.254,0.73367,0.734,1.00,1.00
2015.04.17 12:28:54.800,0.73367,0.73399,1.00,1.00
2015.04.17 12:28:55.334,0.73367,0.734,1.00,1.00
2015.04.17 12:28:55.435,0.73364,0.73398,1.12,1.00
2015.04.17 12:28:55.485,0.73364,0.73398,1.37,1.00
2015.04.17 12:28:55.736,0.73367,0.734,1.00,1.00
2015.04.17 12:28:55.837,0.73367,0.734,1.37,1.00
2015.04.17 12:28:56.255,0.73367,0.734,1.12,1.00
2015.04.17 12:28:56.356,0.7337,0.73403,1.00,1.00
2015.04.17 12:28:56.800,0.73367,0.73398,1.00,1.00
2015.04.17 12:28:57.348,0.73366,0.73398,1.00,1.00
2015.04.17 12:28:58.947,0.73366,0.73398,1.37,1.00
2015.04.17 12:28:58.998,0.73366,0.734,1.37,1.00
2015.04.17 12:28:59.099,0.73368,0.73403,1.37,1.00
2015.04.17 12:28:59.248,0.73368,0.73403,1.12,1.00
2015.04.17 12:28:59.414,0.73366,0.73401,1.00,1.00
2015.04.17 12:29:00.205,0.73364,0.73401,1.00,1.00
2015.04.17 12:29:00.707,0.73365,0.73402,1.00,1.00
2015.04.17 12:29:00.978,0.73364,0.73404,1.00,1.00
2015.04.17 12:29:01.313,0.73359,0.73404,1.00,1.00
2015.04.17 12:29:01.363,0.73359,0.73402,1.00,1.00
2015.04.17 12:29:01.879,0.7336,0.73402,1.00,1.50
2015.04.17 12:29:02.355,0.73364,0.73402,1.00,1.00
2015.04.17 12:29:02.455,0.73359,0.73402,1.00,1.00
2015.04.17 12:29:02.556,0.73365,0.73402,1.00,1.00
2015.04.17 12:29:02.607,0.73365,0.73404,1.00,1.00
2015.04.17 12:29:03.120,0.73364,0.73404,1.00,1.00
2015.04.17 12:29:03.761,0.73365,0.73404,1.00,1.00
2015.04.17 12:29:03.862,0.73364,0.73408,1.37,1.50
2015.04.17 12:29:04.401,0.73364,0.73408,1.00,1.50
2015.04.17 12:29:04.452,0.73364,0.73408,1.37,1.50
2015.04.17 12:29:06.913,0.73364,0.73408,1.37,1.50
2015.04.17 12:29:07.414,0.73364,0.73408,1.00,1.50
2015.04.17 12:29:07.464,0.73364,0.73405,1.00,1.00
2015.04.17 12:29:07.932,0.73364,0.73402,1.00,1.00
2015.04.17 12:29:08.580,0.7336,0.73402,1.37,1.00
2015.04.17 12:29:09.018,0.73356,0.73402,1.37,1.00
2015.04.17 12:29:11.818,0.73354,0.73402,2.25,1.00
2015.04.17 12:29:12.830,0.73354,0.73401,1.75,1.00
2015.04.17 12:29:14.631,0.73354,0.73401,1.75,1.00
2015.04.17 12:29:17.821,0.73369,0.73402,1.00,1.00
2015.04.17 12:29:17.952,0.73369,0.73405,1.00,1.00
2015.04.17 12:29:18.299,0.73369,0.73409,1.00,1.00
2015.04.17 12:29:23.281,0.7337,0.73409,1.00,1.00
2015.04.17 12:29:27.459,0.73359,0.73406,1.50,1.00
2015.04.17 12:29:28.268,0.7336,0.73406,1.00,1.00
2015.04.17 12:29:29.634,0.73359,0.73406,1.50,1.00
2015.04.17 12:29:30.117,0.73359,0.73393,1.00,1.00
2015.04.17 12:29:30.320,0.7335,0.73387,1.00,1.00
2015.04.17 12:29:30.420,0.7335,0.73383,1.00,1.00
2015.04.17 12:29:30.628,0.73345,0.73383,1.00,1.00
2015.04.17 12:29:30.729,0.73344,0.7338,1.00,1.00
2015.04.17 12:29:30.946,0.73339,0.7338,1.00,1.00
2015.04.17 12:29:31.139,0.73335,0.7338,1.37,1.00
2015.04.17 12:29:31.281,0.73335,0.73384,1.37,1.00
2015.04.17 12:29:31.432,0.73335,0.73375,1.37,1.00
2015.04.17 12:29:31.741,0.73335,0.7337,1.00,1.00
2015.04.17 12:29:32.121,0.73339,0.7337,1.00,1.00
2015.04.17 12:29:32.893,0.73344,0.7337,1.00,1.00
2015.04.17 12:29:33.121,0.73339,0.7337,1.00,1.00
2015.04.17 12:29:33.222,0.73339,0.73375,1.00,1.00
2015.04.17 12:29:33.272,0.73344,0.73375,1.00,1.00
2015.04.17 12:29:33.373,0.73339,0.73371,1.00,1.00
2015.04.17 12:29:33.474,0.73344,0.73371,1.00,1.00
2015.04.17 12:29:33.581,0.73339,0.73371,1.00,1.00
2015.04.17 12:29:33.900,0.73318,0.73366,1.75,1.00
2015.04.17 12:29:34.000,0.73306,0.73356,1.75,1.00
2015.04.17 12:29:34.051,0.73306,0.73356,1.37,1.00
2015.04.17 12:29:34.285,0.73306,0.73356,1.75,1.00
2015.04.17 12:29:34.646,0.73306,0.73356,1.75,1.00
2015.04.17 12:29:35.492,0.73309,0.73359,1.75,1.00
2015.04.17 12:29:36.021,0.73309,0.73359,1.75,1.00
2015.04.17 12:29:36.636,0.73309,0.73359,1.37,1.00
2015.04.17 12:29:36.938,0.73306,0.73356,1.00,1.00
2015.04.17 12:29:37.039,0.73302,0.73352,1.37,1.00
2015.04.17 12:29:37.401,0.73302,0.73352,1.37,1.00
2015.04.17 12:29:39.431,0.73302,0.73352,1.00,1.00
2015.04.17 12:29:39.743,0.73302,0.73352,1.75,1.00
2015.04.17 12:29:40.126,0.73302,0.73352,1.00,1.00
2015.04.17 12:29:40.404,0.73294,0.73357,1.37,1.00
2015.04.17 12:29:40.478,0.73299,0.73357,1.00,1.00
2015.04.17 12:29:40.598,0.73294,0.73357,1.37,1.00
2015.04.17 12:29:40.930,0.73294,0.73357,1.75,1.00
2015.04.17 12:29:41.892,0.73295,0.73357,1.75,1.00
2015.04.17 12:29:42.121,0.73295,0.73363,1.87,1.00
2015.04.17 12:29:42.222,0.73295,0.73363,1.75,1.00
2015.04.17 12:29:43.790,0.73295,0.73363,2.25,1.00
2015.04.17 12:29:44.176,0.73295,0.73363,2.25,1.00
2015.04.17 12:29:44.227,0.73301,0.73368,1.37,1.00
2015.04.17 12:29:44.596,0.73301,0.73368,1.12,1.00
2015.04.17 12:29:46.921,0.73294,0.7336,1.75,1.00
2015.04.17 12:29:47.901,0.73294,0.7336,1.37,1.00
2015.04.17 12:29:47.951,0.73294,0.73355,1.37,1.00
2015.04.17 12:29:48.271,0.73309,0.73376,1.12,1.00
2015.04.17 12:29:48.325,0.73315,0.73381,1.00,1.00
2015.04.17 12:29:50.431,0.73328,0.73393,1.00,1.00
2015.04.17 12:29:50.532,0.73319,0.73387,1.00,1.00
2015.04.17 12:29:50.733,0.73312,0.7338,1.00,1.00
2015.04.17 12:29:50.984,0.73359,0.73471,1.00,1.00
2015.04.17 12:29:51.036,0.73359,0.73427,1.50,0.75
2015.04.17 12:29:51.338,0.73345,0.73403,1.00,0.75
2015.04.17 12:29:51.439,0.73345,0.73439,1.00,1.00
2015.04.17 12:29:51.561,0.73329,0.73439,1.00,1.00
2015.04.17 12:29:51.780,0.73329,0.73436,1.00,1.00
2015.04.17 12:29:51.913,0.73329,0.73439,1.00,1.00
2015.04.17 12:29:52.014,0.73329,0.7343,1.00,1.00
2015.04.17 12:29:52.550,0.73329,0.73439,1.00,1.00
2015.04.17 12:29:52.650,0.73316,0.73428,1.00,1.00
2015.04.17 12:29:53.258,0.73302,0.73415,1.00,1.00
2015.04.17 12:29:53.358,0.73288,0.73405,1.00,1.00
2015.04.17 12:29:53.944,0.73268,0.73382,1.00,1.00
2015.04.17 12:29:54.376,0.7329,0.73404,1.00,0.75
2015.04.17 12:29:54.691,0.73279,0.73347,0.75,0.75
2015.04.17 12:29:55.079,0.73285,0.73353,0.75,0.75
2015.04.17 12:29:55.191,0.73191,0.73442,1.75,1.35
2015.04.17 12:29:55.728,0.73191,0.73459,1.75,1.42
2015.04.17 12:29:56.083,0.73246,0.73459,0.75,1.42
2015.04.17 12:29:57.019,0.73233,0.73443,0.75,1.20
2015.04.17 12:29:57.219,0.73191,0.73453,1.75,1.96
2015.04.17 12:29:57.941,0.73201,0.73444,1.75,1.00
2015.04.17 12:29:57.992,0.73201,0.73458,1.75,1.27
2015.04.17 12:29:58.291,0.73201,0.73453,1.75,1.20
2015.04.17 12:29:59.191,0.73201,0.73465,1.75,1.00
2015.04.17 12:29:59.287,0.73221,0.73487,1.50,1.50
2015.04.17 12:29:59.337,0.73221,0.73487,1.50,1.50
2015.04.17 12:30:01.096,0.73221,0.73487,1.50,1.50
2015.04.17 12:30:01.200,0.73197,0.73465,1.50,1.50
2015.04.17 12:30:01.401,0.73203,0.73467,1.37,1.50
2015.04.17 12:30:01.451,0.73203,0.73467,1.75,1.50
2015.04.17 12:30:01.790,0.73201,0.73467,1.75,1.37
2015.04.17 12:30:02.141,0.73224,0.73488,1.50,1.50
2015.04.17 12:30:02.283,0.73245,0.73499,1.50,1.50
2015.04.17 12:30:02.460,0.73254,0.73511,1.00,1.50
2015.04.17 12:30:02.721,0.73254,0.73511,1.50,1.50
2015.04.17 12:30:02.942,0.73266,0.73536,1.50,1.50
2015.04.17 12:30:03.216,0.73298,0.73471,0.75,0.75
2015.04.17 12:30:03.317,0.73267,0.73533,1.00,1.50
2015.04.17 12:30:03.367,0.73283,0.73498,1.00,0.75
2015.04.17 12:30:03.668,0.73283,0.73496,1.50,0.75
2015.04.17 12:30:03.769,0.73293,0.735,1.50,0.75
2015.04.17 12:30:03.869,0.73278,0.73474,1.50,0.75
2015.04.17 12:30:04.211,0.73304,0.73531,0.75,1.50
2015.04.17 12:30:04.329,0.7332,0.73547,0.75,1.50
2015.04.17 12:30:04.430,0.73277,0.73499,1.50,0.75
2015.04.17 12:30:05.034,0.73274,0.73494,1.50,0.75
2015.04.17 12:30:05.421,0.73289,0.73514,1.50,0.75
2015.04.17 12:30:06.263,0.73348,0.73503,0.75,0.75
2015.04.17 12:30:06.372,0.73327,0.73562,0.75,1.50
2015.04.17 12:30:06.481,0.73335,0.7349,0.75,0.75
2015.04.17 12:30:07.073,0.73339,0.73532,0.75,1.50
2015.04.17 12:30:08.102,0.73324,0.73483,1.50,0.75
2015.04.17 12:30:08.469,0.73307,0.73536,1.50,1.50
2015.04.17 12:30:08.774,0.73323,0.73482,1.50,0.75
2015.04.17 12:30:09.423,0.73358,0.73476,0.75,0.75
2015.04.17 12:30:09.581,0.73312,0.73541,1.50,1.50
2015.04.17 12:30:09.726,0.73312,0.73464,1.50,0.75
2015.04.17 12:30:09.826,0.73301,0.73461,1.50,0.75
2015.04.17 12:30:10.001,0.73301,0.7348,1.50,0.75
2015.04.17 12:30:10.291,0.73322,0.73473,0.75,0.75
2015.04.17 12:30:11.652,0.73349,0.73425,1.00,0.75
2015.04.17 12:30:11.959,0.73343,0.73418,1.00,1.00
2015.04.17 12:30:12.234,0.73335,0.73411,1.00,1.00
2015.04.17 12:30:12.531,0.73342,0.73418,1.00,1.00
2015.04.17 12:30:12.958,0.7333,0.73406,1.00,1.00
2015.04.17 12:30:13.263,0.73313,0.73386,1.75,1.00
2015.04.17 12:30:13.364,0.73317,0.73392,1.75,1.00
2015.04.17 12:30:13.464,0.73324,0.734,1.00,1.00
2015.04.17 12:30:13.565,0.73332,0.73406,1.00,1.00
2015.04.17 12:30:13.911,0.73342,0.73406,1.00,1.00
2015.04.17 12:30:13.961,0.73339,0.73406,1.00,1.00
2015.04.17 12:30:14.290,0.73336,0.73405,1.00,1.00
2015.04.17 12:30:14.390,0.73332,0.73406,1.00,1.00
2015.04.17 12:30:14.441,0.73325,0.734,1.00,1.00
2015.04.17 12:30:14.780,0.73331,0.73407,1.00,1.00
2015.04.17 12:30:15.736,0.73338,0.73413,1.00,1.00
2015.04.17 12:30:16.053,0.73345,0.73419,1.00,1.37
2015.04.17 12:30:16.543,0.73352,0.73425,1.00,1.75
2015.04.17 12:30:16.593,0.73352,0.73425,1.00,1.00
2015.04.17 12:30:16.644,0.73358,0.73431,1.00,1.00
2015.04.17 12:30:16.694,0.73358,0.73434,1.00,1.00
2015.04.17 12:30:17.082,0.73365,0.73441,1.00,1.00
2015.04.17 12:30:17.383,0.73387,0.73463,1.00,1.00
2015.04.17 12:30:17.694,0.73394,0.7347,1.00,1.00
2015.04.17 12:30:18.034,0.73386,0.73462,1.00,1.00
2015.04.17 12:30:18.362,0.73394,0.73467,1.00,1.00
2015.04.17 12:30:18.463,0.73384,0.7346,1.00,1.00
2015.04.17 12:30:18.513,0.73384,0.7346,1.00,1.37
2015.04.17 12:30:18.714,0.73385,0.7346,1.00,1.00
2015.04.17 12:30:18.765,0.73394,0.73468,1.00,1.00
2015.04.17 12:30:18.966,0.73384,0.73459,1.00,1.00
2015.04.17 12:30:19.016,0.73392,0.73446,1.00,1.00
2015.04.17 12:30:19.267,0.73384,0.73456,1.00,1.00
2015.04.17 12:30:19.318,0.73389,0.73456,1.00,1.00
2015.04.17 12:30:19.368,0.73394,0.7347,1.00,1.00
2015.04.17 12:30:19.469,0.73399,0.7347,1.00,1.00
2015.04.17 12:30:19.853,0.73415,0.73484,1.00,1.00
2015.04.17 12:30:19.904,0.7341,0.73484,1.00,1.00
2015.04.17 12:30:20.452,0.73409,0.73484,1.00,1.00
2015.04.17 12:30:20.502,0.73402,0.73478,1.37,1.00
2015.04.17 12:30:20.843,0.73405,0.73478,1.00,1.00
2015.04.17 12:30:20.893,0.73396,0.73471,1.00,1.00
2015.04.17 12:30:21.058,0.73395,0.73462,1.00,1.00
2015.04.17 12:30:21.109,0.73388,0.73462,1.00,1.00
2015.04.17 12:30:21.209,0.73398,0.73456,1.00,1.00
2015.04.17 12:30:21.460,0.73414,0.73479,1.00,1.00
2015.04.17 12:30:21.561,0.73417,0.73486,1.00,1.00
2015.04.17 12:30:21.662,0.73413,0.73487,1.00,1.00
2015.04.17 12:30:21.712,0.73413,0.73468,1.00,1.00
2015.04.17 12:30:21.863,0.73409,0.73468,1.00,1.00
2015.04.17 12:30:21.964,0.73396,0.73468,1.12,1.00
2015.04.17 12:30:22.014,0.73395,0.73461,1.00,1.37
2015.04.17 12:30:22.065,0.73385,0.73461,1.00,1.37
2015.04.17 12:30:22.266,0.73379,0.73453,1.00,1.00
2015.04.17 12:30:22.668,0.73371,0.73447,1.00,1.00
2015.04.17 12:30:22.873,0.73363,0.73437,1.37,1.00
2015.04.17 12:30:23.191,0.73372,0.73448,1.00,1.00
2015.04.17 12:30:23.292,0.7338,0.73456,1.00,1.00
2015.04.17 12:30:23.642,0.73388,0.73464,1.37,1.00
2015.04.17 12:30:24.021,0.73396,0.73471,1.00,1.00
2015.04.17 12:30:24.121,0.73391,0.73465,1.00,1.00
2015.04.17 12:30:24.423,0.73366,0.7344,1.00,1.00
2015.04.17 12:30:24.961,0.73366,0.7344,2.25,1.00
2015.04.17 12:30:25.094,0.73376,0.73452,1.00,1.37
2015.04.17 12:30:25.195,0.73382,0.73452,1.00,1.37
2015.04.17 12:30:25.502,0.73382,0.73445,1.00,1.00
2015.04.17 12:30:25.553,0.73369,0.73445,1.37,1.00
2015.04.17 12:30:25.704,0.73369,0.73442,1.37,1.00
2015.04.17 12:30:25.805,0.73369,0.73445,1.37,1.00
2015.04.17 12:30:25.905,0.73362,0.73438,1.75,1.00
2015.04.17 12:30:26.393,0.73373,0.73436,1.12,1.00
2015.04.17 12:30:26.653,0.73376,0.7344,1.00,1.00
2015.04.17 12:30:26.753,0.73376,0.73433,1.00,1.00
2015.04.17 12:30:26.954,0.7338,0.73439,1.00,1.00
2015.04.17 12:30:27.055,0.7338,0.7342,1.00,1.00
2015.04.17 12:30:27.206,0.73382,0.73426,1.00,1.00
2015.04.17 12:30:27.307,0.7338,0.73424,1.00,1.00
2015.04.17 12:30:27.407,0.73378,0.73432,1.00,1.50
2015.04.17 12:30:27.720,0.73396,0.73442,1.00,1.00
2015.04.17 12:30:27.821,0.73386,0.73442,1.00,1.00
2015.04.17 12:30:28.033,0.73379,0.73442,1.00,1.00
2015.04.17 12:30:28.084,0.73377,0.73441,1.00,1.00
2015.04.17 12:30:28.234,0.73387,0.73441,1.00,1.00
2015.04.17 12:30:28.385,0.73387,0.73444,1.00,1.00
2015.04.17 12:30:28.636,0.73387,0.73454,1.00,1.00
2015.04.17 12:30:28.737,0.73378,0.73452,1.37,1.00
2015.04.17 12:30:28.838,0.73401,0.73471,1.00,1.75
2015.04.17 12:30:28.938,0.73386,0.73453,1.00,1.00
2015.04.17 12:30:29.039,0.73371,0.73447,1.00,1.00
2015.04.17 12:30:29.172,0.73375,0.73447,1.00,1.00
2015.04.17 12:30:29.580,0.73371,0.73447,1.00,1.00
2015.04.17 12:30:29.912,0.73383,0.73459,1.37,1.00
2015.04.17 12:30:30.222,0.73381,0.73457,1.75,1.00
2015.04.17 12:30:30.273,0.73386,0.73457,1.00,1.37
2015.04.17 12:30:30.323,0.73386,0.73446,1.00,1.00
2015.04.17 12:30:30.374,0.73373,0.73446,1.12,1.00
2015.04.17 12:30:30.525,0.73365,0.73439,1.00,1.00
2015.04.17 12:30:31.614,0.73371,0.73447,1.00,1.00
2015.04.17 12:30:32.076,0.73371,0.73447,1.50,1.50
2015.04.17 12:30:32.378,0.73362,0.73438,1.75,1.75
2015.04.17 12:30:32.579,0.73362,0.73437,1.00,1.37
2015.04.17 12:30:32.680,0.73362,0.73437,1.37,1.00
2015.04.17 12:30:32.982,0.7337,0.73446,1.00,1.87
2015.04.17 12:30:33.101,0.7337,0.73446,1.00,1.00
2015.04.17 12:30:33.152,0.7337,0.73444,1.00,1.00
2015.04.17 12:30:33.454,0.73377,0.73424,1.00,1.00
2015.04.17 12:30:33.852,0.7338,0.73427,1.00,1.00
2015.04.17 12:30:34.194,0.73377,0.73415,1.00,1.00
2015.04.17 12:30:34.244,0.73367,0.73415,1.00,1.00
2015.04.17 12:30:34.345,0.7337,0.73415,1.00,1.00
2015.04.17 12:30:34.395,0.73371,0.73419,1.00,1.00
2015.04.17 12:30:34.496,0.73374,0.73419,1.00,1.00
2015.04.17 12:30:34.596,0.73371,0.73419,1.00,1.00
2015.04.17 12:30:34.748,0.73371,0.73417,1.00,1.00
2015.04.17 12:30:35.301,0.73371,0.73416,1.00,1.00
2015.04.17 12:30:35.809,0.73375,0.7342,1.00,1.00
2015.04.17 12:30:35.912,0.73377,0.73423,1.00,1.00
2015.04.17 12:30:35.962,0.7338,0.73423,1.00,1.00
2015.04.17 12:30:36.163,0.73389,0.73435,1.00,1.00
2015.04.17 12:30:36.264,0.73389,0.73437,1.00,1.00
2015.04.17 12:30:36.364,0.73392,0.73439,1.00,1.00
2015.04.17 12:30:36.669,0.73394,0.73441,1.00,1.00
2015.04.17 12:30:36.973,0.73396,0.73442,1.00,1.00
2015.04.17 12:30:37.274,0.73416,0.73462,1.00,1.00
2015.04.17 12:30:37.576,0.73407,0.73447,1.00,1.00
2015.04.17 12:30:37.878,0.73409,0.73446,1.00,1.00
2015.04.17 12:30:38.186,0.73407,0.73441,1.00,1.00
2015.04.17 12:30:38.286,0.73398,0.73441,1.00,1.00
2015.04.17 12:30:38.660,0.73401,0.73444,1.00,1.00
2015.04.17 12:30:38.834,0.73401,0.73446,1.00,1.00
2015.04.17 12:30:38.885,0.73399,0.73444,1.00,1.00
2015.04.17 12:30:38.935,0.73397,0.73444,1.00,1.00
2015.04.17 12:30:39.056,0.73393,0.73437,1.00,1.00
2015.04.17 12:30:39.157,0.7339,0.73437,1.50,1.00
2015.04.17 12:30:39.781,0.7339,0.73435,1.00,1.00
2015.04.17 12:30:39.882,0.73385,0.73432,1.37,1.00
2015.04.17 12:30:40.238,0.73382,0.73428,1.00,1.00
2015.04.17 12:30:40.339,0.73377,0.73424,1.00,1.00
2015.04.17 12:30:40.389,0.73384,0.73424,1.00,1.00
2015.04.17 12:30:40.490,0.73382,0.73423,1.00,1.00
2015.04.17 12:30:40.591,0.7338,0.73425,1.50,1.00
2015.04.17 12:30:40.692,0.73384,0.73425,1.00,1.00
2015.04.17 12:30:40.793,0.73384,0.73427,1.00,1.00
2015.04.17 12:30:40.944,0.73381,0.73427,1.00,1.00
2015.04.17 12:30:41.045,0.73375,0.73423,1.00,1.00
2015.04.17 12:30:41.095,0.73373,0.73419,1.37,1.00
2015.04.17 12:30:41.196,0.73376,0.73424,1.00,1.00
2015.04.17 12:30:41.246,0.73384,0.73424,1.00,1.50
2015.04.17 12:30:41.497,0.73377,0.73425,1.50,1.00
2015.04.17 12:30:41.548,0.73377,0.73423,1.00,1.00
2015.04.17 12:30:41.849,0.7339,0.73428,1.00,1.00
2015.04.17 12:30:42.151,0.73386,0.73424,1.00,1.00
2015.04.17 12:30:42.266,0.73384,0.73424,1.00,1.00
2015.04.17 12:30:42.366,0.73379,0.73424,1.00,1.00
2015.04.17 12:30:42.439,0.73381,0.73428,1.00,1.00
2015.04.17 12:30:42.490,0.73384,0.73428,1.00,1.00
2015.04.17 12:30:42.591,0.73381,0.73428,1.00,1.00
2015.04.17 12:30:42.743,0.73384,0.73431,1.00,1.00
2015.04.17 12:30:43.045,0.73399,0.73444,1.00,1.00
2015.04.17 12:30:43.380,0.7339,0.73418,1.00,1.00
2015.04.17 12:30:43.431,0.7339,0.73422,1.00,1.00
2015.04.17 12:30:43.531,0.73387,0.73425,1.00,1.00
2015.04.17 12:30:43.632,0.73387,0.73427,1.00,1.00
2015.04.17 12:30:43.879,0.73389,0.73427,1.00,1.00
2015.04.17 12:30:44.210,0.73393,0.73427,1.00,1.00
2015.04.17 12:30:44.532,0.734,0.7343,1.00,1.00
2015.04.17 12:30:44.798,0.73398,0.7343,1.00,1.00
2015.04.17 12:30:45.056,0.73398,0.73428,1.00,1.00
2015.04.17 12:30:45.106,0.73386,0.73426,1.00,1.00
2015.04.17 12:30:45.157,0.73386,0.73421,1.00,1.00
2015.04.17 12:30:45.653,0.73377,0.7342,1.00,1.00
2015.04.17 12:30:45.873,0.73374,0.7342,1.00,1.00
2015.04.17 12:30:45.974,0.73374,0.73417,1.00,1.00
2015.04.17 12:30:46.034,0.73374,0.7342,1.00,1.00
2015.04.17 12:30:46.164,0.73379,0.73416,1.00,1.00
2015.04.17 12:30:46.214,0.73373,0.73411,1.00,1.00
2015.04.17 12:30:46.415,0.73363,0.7341,1.00,1.00
2015.04.17 12:30:46.620,0.73356,0.73397,1.00,1.00
2015.04.17 12:30:46.670,0.73351,0.73397,1.00,1.00
2015.04.17 12:30:46.721,0.73353,0.73399,1.00,1.00
2015.04.17 12:30:46.821,0.73351,0.73399,1.00,1.00
2015.04.17 12:30:46.872,0.73355,0.73399,1.00,1.00
2015.04.17 12:30:46.923,0.73355,0.73401,1.00,1.00
2015.04.17 12:30:47.224,0.73353,0.73401,1.00,1.00
2015.04.17 12:30:47.460,0.73353,0.73399,1.50,1.00
2015.04.17 12:30:47.761,0.73359,0.73402,1.00,1.00
2015.04.17 12:30:47.862,0.73355,0.73401,1.50,1.00
2015.04.17 12:30:48.131,0.73359,0.73403,1.00,1.00
2015.04.17 12:30:48.461,0.73361,0.73405,1.00,1.00
2015.04.17 12:30:48.830,0.73363,0.73407,1.00,1.00
2015.04.17 12:30:49.171,0.73362,0.73404,1.00,1.00
2015.04.17 12:30:49.272,0.73359,0.73404,1.00,1.00
2015.04.17 12:30:49.672,0.73357,0.73404,1.00,1.00
2015.04.17 12:30:49.722,0.73357,0.73402,1.00,1.00
2015.04.17 12:30:49.772,0.73354,0.73402,1.00,1.50
2015.04.17 12:30:49.823,0.73354,0.73397,1.00,1.00
2015.04.17 12:30:50.039,0.73351,0.73397,1.00,1.00
2015.04.17 12:30:50.189,0.7335,0.73393,1.00,1.00
2015.04.17 12:30:50.412,0.73352,0.73398,1.00,1.50
2015.04.17 12:30:51.379,0.73352,0.73398,1.37,1.00
2015.04.17 12:30:51.469,0.73352,0.73394,1.37,1.00
2015.04.17 12:30:52.151,0.73351,0.73393,1.37,1.00
2015.04.17 12:30:53.522,0.73355,0.73393,1.00,1.00
2015.04.17 12:30:53.823,0.73359,0.73404,1.50,1.00
2015.04.17 12:30:53.874,0.73355,0.73402,1.75,1.00
2015.04.17 12:30:53.975,0.73357,0.73397,1.00,1.00
2015.04.17 12:30:54.065,0.73357,0.73395,1.00,1.00
2015.04.17 12:30:54.453,0.73353,0.73393,1.00,1.00
2015.04.17 12:30:54.892,0.73356,0.73394,1.00,1.50
2015.04.17 12:30:55.538,0.73358,0.73394,1.00,1.00
2015.04.17 12:30:55.720,0.73358,0.73396,1.00,1.00
2015.04.17 12:30:55.771,0.73355,0.73395,1.00,1.00
2015.04.17 12:30:55.871,0.73361,0.73395,1.00,1.00
2015.04.17 12:30:55.978,0.73356,0.73395,1.00,1.00
2015.04.17 12:30:56.129,0.73363,0.73396,1.00,1.00
2015.04.17 12:30:56.179,0.73363,0.734,1.00,1.00
2015.04.17 12:30:56.330,0.73358,0.73398,1.00,1.00
2015.04.17 12:30:56.531,0.73356,0.73394,1.50,1.00
2015.04.17 12:30:56.682,0.7336,0.73399,1.00,1.00
2015.04.17 12:30:56.782,0.73364,0.734,1.00,1.00
2015.04.17 12:30:56.833,0.73364,0.73402,1.00,1.50
2015.04.17 12:30:56.961,0.7336,0.734,1.00,1.00
2015.04.17 12:30:57.561,0.7336,0.734,1.75,1.00
2015.04.17 12:30:57.612,0.73362,0.73402,1.75,1.00
2015.04.17 12:30:57.713,0.73362,0.73402,1.50,1.00
2015.04.17 12:30:57.813,0.73362,0.73402,1.37,1.00
2015.04.17 12:30:57.964,0.73358,0.734,1.00,1.00
2015.04.17 12:30:58.130,0.73356,0.734,1.50,1.00
2015.04.17 12:30:58.404,0.7336,0.73402,1.00,1.50
2015.04.17 12:30:58.721,0.73362,0.73401,1.00,1.00
2015.04.17 12:30:58.822,0.73365,0.73405,1.00,1.50
2015.04.17 12:30:58.973,0.73362,0.73402,1.00,1.00
2015.04.17 12:30:59.275,0.73364,0.73402,1.00,1.00
2015.04.17 12:30:59.375,0.73366,0.73406,1.00,1.00
2015.04.17 12:30:59.491,0.73371,0.73408,1.00,1.00
2015.04.17 12:30:59.711,0.7337,0.7341,1.00,1.00
2015.04.17 12:30:59.832,0.73373,0.73413,1.00,1.00
2015.04.17 12:31:00.041,0.7337,0.73412,1.00,1.00
2015.04.17 12:31:00.371,0.73368,0.73407,1.00,1.00
2015.04.17 12:31:00.600,0.73368,0.73409,1.00,1.00
2015.04.17 12:31:00.701,0.73368,0.73405,1.00,1.00
2015.04.17 12:31:01.025,0.73368,0.73405,1.37,1.00
2015.04.17 12:31:01.191,0.73366,0.73405,1.37,1.00
2015.04.17 12:31:01.376,0.73366,0.73405,1.75,1.00
2015.04.17 12:31:01.480,0.73371,0.73413,1.37,1.00
2015.04.17 12:31:02.081,0.73373,0.73414,1.37,1.50
2015.04.17 12:31:02.355,0.73376,0.73415,1.75,1.00
2015.04.17 12:31:02.455,0.73379,0.73419,1.87,1.00
2015.04.17 12:31:02.628,0.73379,0.73419,1.87,1.00
2015.04.17 12:31:02.729,0.73379,0.73419,1.12,1.00
2015.04.17 12:31:02.779,0.73378,0.73417,1.37,1.00
2015.04.17 12:31:03.121,0.73378,0.73415,1.00,1.00
2015.04.17 12:31:03.344,0.73379,0.73419,1.00,1.00
2015.04.17 12:31:03.852,0.73379,0.73418,1.00,1.00
2015.04.17 12:31:04.050,0.73374,0.73414,1.50,1.00
2015.04.17 12:31:04.103,0.73374,0.73411,1.00,1.00
2015.04.17 12:31:04.203,0.73371,0.73411,1.00,1.00
2015.04.17 12:31:04.254,0.73369,0.734,1.00,1.00
2015.04.17 12:31:04.304,0.73362,0.734,1.00,1.00
2015.04.17 12:31:04.405,0.73352,0.73393,1.00,1.00
2015.04.17 12:31:04.506,0.7335,0.73393,1.00,1.00
2015.04.17 12:31:04.556,0.73348,0.73391,1.00,1.00
2015.04.17 12:31:05.002,0.73352,0.73394,1.00,1.00
2015.04.17 12:31:05.437,0.73363,0.73396,1.00,1.00
2015.04.17 12:31:05.538,0.7336,0.73397,1.00,1.00
2015.04.17 12:31:05.610,0.7336,0.734,1.00,1.00
2015.04.17 12:31:05.661,0.73358,0.73398,1.50,1.00
2015.04.17 12:31:05.998,0.73365,0.734,1.00,1.00
2015.04.17 12:31:06.101,0.73366,0.73409,1.00,1.00
2015.04.17 12:31:06.159,0.73371,0.73414,1.00,1.00
2015.04.17 12:31:06.492,0.7337,0.73409,1.00,1.00
2015.04.17 12:31:06.542,0.73366,0.73406,1.00,1.00
2015.04.17 12:31:06.651,0.73365,0.73402,1.00,1.00
2015.04.17 12:31:07.098,0.73366,0.73408,1.00,1.50
2015.04.17 12:31:07.199,0.73368,0.73407,1.00,1.00
2015.04.17 12:31:07.529,0.73368,0.734,1.00,1.00
2015.04.17 12:31:07.641,0.73363,0.73401,1.00,1.00
2015.04.17 12:31:07.751,0.73367,0.73405,1.00,1.00
2015.04.17 12:31:08.290,0.73368,0.73405,1.00,1.00
2015.04.17 12:31:08.391,0.73369,0.73407,1.00,1.00
2015.04.17 12:31:08.905,0.73368,0.73407,1.00,1.00
2015.04.17 12:31:09.056,0.73367,0.73403,1.00,1.00
2015.04.17 12:31:09.157,0.73363,0.73403,1.00,1.00
2015.04.17 12:31:09.207,0.73361,0.73401,1.50,1.00
2015.04.17 12:31:09.408,0.73354,0.73395,1.50,1.00
2015.04.17 12:31:09.680,0.73352,0.73394,1.00,1.50
2015.04.17 12:31:09.789,0.73353,0.73396,1.00,1.00
2015.04.17 12:31:09.840,0.73357,0.73396,1.00,1.00
2015.04.17 12:31:09.952,0.73357,0.73398,1.00,1.00
2015.04.17 12:31:10.010,0.73357,0.73395,1.00,1.00
2015.04.17 12:31:10.060,0.73355,0.73395,1.00,1.00
2015.04.17 12:31:10.273,0.73359,0.73399,1.00,1.00
2015.04.17 12:31:10.579,0.73359,0.73397,1.00,1.00
2015.04.17 12:31:10.630,0.73359,0.734,1.00,1.50
2015.04.17 12:31:10.680,0.73357,0.73397,1.00,1.00
2015.04.17 12:31:10.890,0.73351,0.73392,1.00,1.50
2015.04.17 12:31:11.052,0.73355,0.73394,1.00,1.00
2015.04.17 12:31:11.203,0.73351,0.73392,1.87,1.00
2015.04.17 12:31:11.465,0.73353,0.73393,1.00,1.00
2015.04.17 12:31:11.767,0.73358,0.73395,1.00,1.00
2015.04.17 12:31:11.881,0.73358,0.73398,1.00,1.00
2015.04.17 12:31:12.082,0.73358,0.73398,1.37,1.00
2015.04.17 12:31:12.481,0.73356,0.73396,1.50,1.00
2015.04.17 12:31:12.923,0.73356,0.73396,1.00,1.00
2015.04.17 12:31:13.137,0.73356,0.73393,1.37,1.00
2015.04.17 12:31:13.353,0.73342,0.73383,1.37,1.00
2015.04.17 12:31:13.535,0.73335,0.73377,1.75,1.00
2015.04.17 12:31:13.861,0.7334,0.73379,1.75,1.00
2015.04.17 12:31:13.912,0.7334,0.73379,1.00,1.00
2015.04.17 12:31:14.012,0.73334,0.73377,1.00,1.00
2015.04.17 12:31:14.213,0.73337,0.73376,1.00,1.00
2015.04.17 12:31:14.522,0.73344,0.73382,1.00,1.00
2015.04.17 12:31:14.871,0.73347,0.73385,1.00,1.00
2015.04.17 12:31:15.200,0.73344,0.73382,1.00,1.00
2015.04.17 12:31:15.452,0.73351,0.7339,1.00,1.00
2015.04.17 12:31:15.670,0.73348,0.73388,1.00,1.00
2015.04.17 12:31:15.913,0.73345,0.73383,1.50,1.00
2015.04.17 12:31:16.020,0.73349,0.73388,1.00,1.00
2015.04.17 12:31:16.071,0.73349,0.73386,1.00,1.00
2015.04.17 12:31:16.122,0.73346,0.73384,1.00,1.00
2015.04.17 12:31:16.332,0.73341,0.73383,1.50,1.00
2015.04.17 12:31:16.830,0.73345,0.73386,1.00,1.00
2015.04.17 12:31:17.150,0.73343,0.73381,1.00,1.00
2015.04.17 12:31:17.273,0.73349,0.73388,1.00,1.00
2015.04.17 12:31:17.324,0.73349,0.7339,1.50,1.00
2015.04.17 12:31:17.424,0.73352,0.73391,1.50,1.00
2015.04.17 12:31:17.676,0.73353,0.73393,1.00,1.00
2015.04.17 12:31:17.726,0.73358,0.73393,1.00,1.00
2015.04.17 12:31:17.777,0.73358,0.73398,1.50,1.50
2015.04.17 12:31:18.280,0.73357,0.73397,1.50,1.00
2015.04.17 12:31:18.440,0.73357,0.73393,1.00,1.00
2015.04.17 12:31:18.491,0.73354,0.73393,1.00,1.00
2015.04.17 12:31:18.541,0.73354,0.73391,1.00,1.00
2015.04.17 12:31:18.752,0.73353,0.73393,1.50,1.00
2015.04.17 12:31:19.003,0.73351,0.73387,1.00,1.00
2015.04.17 12:31:19.104,0.7335,0.73391,1.00,1.00
2015.04.17 12:31:19.517,0.73352,0.73393,1.00,1.50
2015.04.17 12:31:19.911,0.7335,0.73391,1.00,1.00
2015.04.17 12:31:20.371,0.73353,0.73392,1.00,1.00
2015.04.17 12:31:20.569,0.73351,0.73392,1.00,1.00
2015.04.17 12:31:20.947,0.73353,0.73392,1.00,1.00
2015.04.17 12:31:21.172,0.73353,0.73395,1.37,1.00
2015.04.17 12:31:21.229,0.73356,0.73396,1.00,1.50
2015.04.17 12:31:21.559,0.73358,0.73396,1.00,1.00
2015.04.17 12:31:22.000,0.73356,0.73397,1.00,1.50
2015.04.17 12:31:22.151,0.73357,0.73392,1.00,1.37
2015.04.17 12:31:22.252,0.73354,0.73392,1.00,1.37
2015.04.17 12:31:22.302,0.73354,0.73389,1.00,1.00
2015.04.17 12:31:22.353,0.73351,0.73389,1.00,1.00
2015.04.17 12:31:22.403,0.73351,0.73387,1.00,1.00
2015.04.17 12:31:22.812,0.73353,0.73391,1.00,1.00
2015.04.17 12:31:22.862,0.73353,0.73391,1.75,1.00
2015.04.17 12:31:23.063,0.73365,0.73402,1.12,1.00
2015.04.17 12:31:23.264,0.73364,0.73399,1.00,1.00
2015.04.17 12:31:23.566,0.7336,0.73393,1.00,1.00
2015.04.17 12:31:24.110,0.73361,0.73393,1.00,1.00
2015.04.17 12:31:24.491,0.73361,0.73395,1.00,1.00
2015.04.17 12:31:24.641,0.73363,0.73395,1.00,1.00
2015.04.17 12:31:24.899,0.73363,0.73398,1.00,1.00
2015.04.17 12:31:25.702,0.73363,0.73394,1.00,1.00
2015.04.17 12:31:26.335,0.7336,0.73392,1.00,1.00
2015.04.17 12:31:26.435,0.73363,0.73392,1.00,1.00
2015.04.17 12:31:26.486,0.73363,0.73398,1.00,1.00
2015.04.17 12:31:26.797,0.73362,0.73395,1.00,1.00
2015.04.17 12:31:27.681,0.73362,0.73396,1.00,1.37
2015.04.17 12:31:27.732,0.73358,0.73396,1.00,1.37
2015.04.17 12:31:27.782,0.73358,0.73389,1.00,1.00
2015.04.17 12:31:28.379,0.73359,0.73389,1.00,1.00
2015.04.17 12:31:28.680,0.73359,0.73387,1.00,1.00
2015.04.17 12:31:28.992,0.73363,0.7339,1.00,1.00
2015.04.17 12:31:29.042,0.73359,0.7339,1.00,1.00
2015.04.17 12:31:29.149,0.73356,0.7339,1.00,1.00
2015.04.17 12:31:29.200,0.73356,0.73388,1.00,1.00
2015.04.17 12:31:29.372,0.73351,0.73388,1.00,1.00
2015.04.17 12:31:29.423,0.73351,0.73381,1.00,1.00
2015.04.17 12:31:29.627,0.73337,0.73374,1.00,1.00
2015.04.17 12:31:29.677,0.73337,0.7337,1.00,1.00
2015.04.17 12:31:29.778,0.73337,0.73374,1.00,1.00
2015.04.17 12:31:29.879,0.73335,0.73371,1.00,1.00
2015.04.17 12:31:30.272,0.73334,0.73369,1.00,1.00
2015.04.17 12:31:30.573,0.73331,0.73365,1.00,1.00
2015.04.17 12:31:30.842,0.73337,0.73374,1.00,1.00
2015.04.17 12:31:30.993,0.73336,0.73364,1.00,1.00
2015.04.17 12:31:31.043,0.73333,0.73364,1.00,1.00
2015.04.17 12:31:31.401,0.73334,0.73367,1.00,1.00
2015.04.17 12:31:31.941,0.73333,0.73367,1.00,1.00
2015.04.17 12:31:32.092,0.73332,0.73364,1.37,1.00
2015.04.17 12:31:32.550,0.73332,0.73364,1.12,1.00
2015.04.17 12:31:32.607,0.73332,0.73364,1.37,1.00
2015.04.17 12:31:32.819,0.73332,0.73366,1.37,1.00
2015.04.17 12:31:32.929,0.73332,0.73363,1.37,1.00
2015.04.17 12:31:32.979,0.73331,0.73363,1.12,1.00
2015.04.17 12:31:33.258,0.73332,0.73365,1.00,1.00
2015.04.17 12:31:33.409,0.73334,0.73368,1.00,1.00
2015.04.17 12:31:33.930,0.73335,0.73368,1.00,1.00
2015.04.17 12:31:34.142,0.73335,0.7337,1.00,1.00
2015.04.17 12:31:34.701,0.73334,0.73369,1.00,1.00
2015.04.17 12:31:35.129,0.73334,0.73367,1.00,1.00
2015.04.17 12:31:35.463,0.73339,0.73371,1.00,1.00
2015.04.17 12:31:35.614,0.73334,0.73367,1.00,1.00
2015.04.17 12:31:35.715,0.73331,0.73366,1.00,1.00
2015.04.17 12:31:35.789,0.73331,0.73363,1.00,1.00
2015.04.17 12:31:36.167,0.73342,0.73378,1.00,1.00
2015.04.17 12:31:36.267,0.73348,0.73384,1.00,1.00
2015.04.17 12:31:36.418,0.73347,0.73386,1.00,1.00
2015.04.17 12:31:36.469,0.73345,0.73384,1.00,1.00
2015.04.17 12:31:36.791,0.73348,0.7338,1.00,1.00
2015.04.17 12:31:37.093,0.73352,0.73384,1.00,1.00
2015.04.17 12:31:37.143,0.73352,0.73386,1.00,1.00
2015.04.17 12:31:37.346,0.73346,0.73382,1.00,1.00
2015.04.17 12:31:37.597,0.73348,0.73378,1.00,1.00
2015.04.17 12:31:37.771,0.73349,0.73382,1.00,1.00
2015.04.17 12:31:37.821,0.73351,0.73382,1.00,1.00
2015.04.17 12:31:37.922,0.73355,0.7339,1.00,1.00
2015.04.17 12:31:37.989,0.73355,0.73386,1.00,1.00
2015.04.17 12:31:38.040,0.7335,0.73386,1.00,1.00
2015.04.17 12:31:38.099,0.7335,0.73382,1.00,1.00
2015.04.17 12:31:38.352,0.73344,0.73378,1.00,1.00
2015.04.17 12:31:38.592,0.73336,0.73376,1.50,1.00
2015.04.17 12:31:38.693,0.73334,0.73374,1.00,1.00
2015.04.17 12:31:38.994,0.73327,0.73364,1.00,1.00
2015.04.17 12:31:39.296,0.73329,0.73366,1.50,1.00
2015.04.17 12:31:39.346,0.73331,0.73371,1.00,1.50
2015.04.17 12:31:39.447,0.73334,0.73371,1.00,1.00
2015.04.17 12:31:39.598,0.73338,0.73377,1.00,1.00
2015.04.17 12:31:39.698,0.73345,0.73378,1.00,1.00
2015.04.17 12:31:39.806,0.73342,0.7338,1.00,1.00
2015.04.17 12:31:39.906,0.73345,0.7338,1.00,1.00
2015.04.17 12:31:40.312,0.73358,0.73391,1.00,1.00
2015.04.17 12:31:40.363,0.73352,0.73388,1.00,1.00
2015.04.17 12:31:40.468,0.73349,0.73389,1.00,1.00
2015.04.17 12:31:40.569,0.73343,0.73383,1.00,1.00
2015.04.17 12:31:40.872,0.73337,0.73375,1.00,1.00
2015.04.17 12:31:40.973,0.73333,0.73373,1.00,1.00
2015.04.17 12:31:41.324,0.73336,0.73374,1.00,1.00
2015.04.17 12:31:41.632,0.73329,0.73369,1.87,1.00
2015.04.17 12:31:41.993,0.73323,0.73366,1.00,1.00
2015.04.17 12:31:42.346,0.73323,0.73362,1.00,1.00
2015.04.17 12:31:42.671,0.73325,0.73365,1.00,1.00
2015.04.17 12:31:42.839,0.73323,0.73365,1.00,1.00
2015.04.17 12:31:43.019,0.73323,0.73365,1.75,1.00
2015.04.17 12:31:43.201,0.73329,0.73369,1.12,1.00
2015.04.17 12:31:43.252,0.73329,0.73369,1.37,1.00
2015.04.17 12:31:43.581,0.73329,0.7337,1.37,1.00
2015.04.17 12:31:43.632,0.73331,0.73373,1.00,1.00
2015.04.17 12:31:43.733,0.73328,0.73369,1.00,1.00
2015.04.17 12:31:43.783,0.73326,0.73369,1.50,1.00
2015.04.17 12:31:43.833,0.73335,0.7337,1.00,1.00
2015.04.17 12:31:43.940,0.73332,0.73369,1.00,1.00
2015.04.17 12:31:44.049,0.7333,0.73367,1.00,1.00
2015.04.17 12:31:44.361,0.73327,0.73364,1.00,1.00
2015.04.17 12:31:44.512,0.73339,0.73378,1.00,1.00
2015.04.17 12:31:44.637,0.73341,0.7338,1.00,1.00
2015.04.17 12:31:44.843,0.73336,0.73376,1.00,1.00
2015.04.17 12:31:44.944,0.73335,0.73373,1.00,1.00
2015.04.17 12:31:45.044,0.73326,0.73365,1.00,1.00
2015.04.17 12:31:45.196,0.73317,0.73356,1.00,1.00
2015.04.17 12:31:45.530,0.73313,0.73353,1.37,1.00
2015.04.17 12:31:45.741,0.73318,0.73358,1.50,1.00
2015.04.17 12:31:45.858,0.73321,0.73358,1.00,1.00
2015.04.17 12:31:46.190,0.73319,0.73356,1.00,1.00
2015.04.17 12:31:46.520,0.73318,0.73354,1.00,1.00
2015.04.17 12:31:46.629,0.73315,0.73354,1.12,1.00
2015.04.17 12:31:46.730,0.73312,0.73349,1.37,1.00
2015.04.17 12:31:46.849,0.73312,0.73347,1.00,1.00
2015.04.17 12:31:46.950,0.73305,0.73344,1.00,1.00
2015.04.17 12:31:47.164,0.73312,0.73348,1.00,1.00
2015.04.17 12:31:47.265,0.7331,0.73348,1.00,1.00
2015.04.17 12:31:47.351,0.7331,0.73345,1.00,1.00
2015.04.17 12:31:47.572,0.73313,0.73349,1.00,1.00
2015.04.17 12:31:47.623,0.73309,0.73349,1.50,1.50
2015.04.17 12:31:47.730,0.73314,0.73349,1.00,1.00
2015.04.17 12:31:47.899,0.73312,0.73349,1.00,1.00
2015.04.17 12:31:47.950,0.7331,0.73349,1.00,1.50
2015.04.17 12:31:48.010,0.73309,0.73347,1.50,1.00
2015.04.17 12:31:48.340,0.73315,0.73348,1.00,1.00
2015.04.17 12:31:48.582,0.73311,0.73349,1.00,1.00
2015.04.17 12:31:48.682,0.73311,0.73347,1.00,1.00
2015.04.17 12:31:48.783,0.73311,0.73351,1.50,1.00
2015.04.17 12:31:48.833,0.7332,0.73352,1.00,1.00
2015.04.17 12:31:48.890,0.7332,0.73357,1.00,1.00
2015.04.17 12:31:49.053,0.73319,0.73355,1.00,1.00
2015.04.17 12:31:49.237,0.73315,0.73355,2.25,1.00
2015.04.17 12:31:49.602,0.7332,0.73355,1.00,1.50
2015.04.17 12:31:49.889,0.7332,0.73357,1.00,1.00
2015.04.17 12:31:49.940,0.73316,0.73357,1.00,1.00
2015.04.17 12:31:50.257,0.73312,0.73353,1.00,1.00
2015.04.17 12:31:50.670,0.73315,0.73353,1.00,1.00
2015.04.17 12:31:51.199,0.73316,0.73353,1.00,1.00
2015.04.17 12:31:51.249,0.73316,0.73356,1.00,1.00
2015.04.17 12:31:51.319,0.73319,0.73356,1.00,1.00
2015.04.17 12:31:51.579,0.73316,0.73355,1.00,1.00
2015.04.17 12:31:51.783,0.73314,0.73351,1.00,1.00
2015.04.17 12:31:51.909,0.73311,0.7335,1.00,1.00
2015.04.17 12:31:52.250,0.73314,0.7335,1.00,1.00
2015.04.17 12:31:52.300,0.73314,0.73352,1.00,1.00
2015.04.17 12:31:52.351,0.73312,0.73352,1.00,1.00
2015.04.17 12:31:52.442,0.73314,0.73352,1.00,1.00
2015.04.17 12:31:52.543,0.73312,0.73351,1.00,1.00
2015.04.17 12:31:52.858,0.7331,0.7335,1.00,1.00
2015.04.17 12:31:52.959,0.7331,0.7335,1.37,1.00
2015.04.17 12:31:53.329,0.7331,0.73349,1.00,1.00
2015.04.17 12:31:53.526,0.73309,0.73349,1.50,1.00
2015.04.17 12:31:53.826,0.7331,0.73349,1.00,1.00
2015.04.17 12:31:53.877,0.73309,0.73347,1.00,1.00
2015.04.17 12:31:54.181,0.73313,0.7335,1.37,1.00
2015.04.17 12:31:54.232,0.73313,0.7335,1.12,1.00
2015.04.17 12:31:54.333,0.73311,0.73349,1.50,1.00
2015.04.17 12:31:55.050,0.73311,0.7335,1.50,1.00
2015.04.17 12:31:55.381,0.7332,0.73356,1.75,1.00
2015.04.17 12:31:55.482,0.73322,0.73356,1.00,1.00
2015.04.17 12:31:55.533,0.73322,0.73358,1.00,1.00
2015.04.17 12:31:55.633,0.73322,0.73353,1.00,1.00
2015.04.17 12:31:55.734,0.73318,0.7335,1.00,1.00
2015.04.17 12:31:55.835,0.73311,0.73348,1.50,1.00
2015.04.17 12:31:56.050,0.73312,0.7335,1.37,1.00
2015.04.17 12:31:56.361,0.73311,0.73349,1.87,1.00
2015.04.17 12:31:56.461,0.73314,0.73349,1.37,1.00
2015.04.17 12:31:56.828,0.73313,0.73351,1.87,1.00
2015.04.17 12:31:57.192,0.73317,0.73356,1.75,1.00
2015.04.17 12:31:57.360,0.7332,0.73358,1.37,1.00
2015.04.17 12:31:57.411,0.73325,0.73358,1.75,1.00
2015.04.17 12:31:57.511,0.73331,0.73371,1.37,1.00
2015.04.17 12:31:57.579,0.7333,0.73369,1.37,1.00
2015.04.17 12:31:57.780,0.7333,0.73369,1.00,1.00
2015.04.17 12:31:57.830,0.73335,0.73372,1.00,1.00
2015.04.17 12:31:58.350,0.73334,0.73372,1.00,1.50
2015.04.17 12:31:58.573,0.7333,0.73369,1.00,1.00
2015.04.17 12:31:58.912,0.7333,0.73369,1.75,1.00
2015.04.17 12:31:59.114,0.73329,0.73369,1.87,1.00
2015.04.17 12:31:59.164,0.73329,0.73366,1.37,1.00
2015.04.17 12:31:59.391,0.73328,0.73366,1.00,1.00
2015.04.17 12:31:59.449,0.73326,0.73365,1.00,1.00
2015.04.17 12:31:59.500,0.73326,0.73361,1.00,1.00
2015.04.17 12:31:59.815,0.73319,0.73343,1.00,1.00
2015.04.17 12:32:00.017,0.73319,0.7335,1.00,1.00
2015.04.17 12:32:00.118,0.73314,0.73352,1.00,1.00
2015.04.17 12:32:00.240,0.73319,0.73352,1.00,1.00
2015.04.17 12:32:00.669,0.73319,0.73347,1.00,1.00
2015.04.17 12:32:00.820,0.73314,0.7335,1.00,1.00
2015.04.17 12:32:01.021,0.73319,0.73352,1.00,1.00
2015.04.17 12:32:01.122,0.73314,0.73351,1.00,1.00
2015.04.17 12:32:01.273,0.73319,0.73351,1.00,1.00
2015.04.17 12:32:01.379,0.73315,0.73351,1.00,1.50
2015.04.17 12:32:01.480,0.73319,0.73351,1.00,1.00
2015.04.17 12:32:01.809,0.73319,0.73348,1.00,1.00
2015.04.17 12:32:01.924,0.73315,0.73352,1.00,1.50
2015.04.17 12:32:01.989,0.73315,0.7335,1.00,1.00
2015.04.17 12:32:02.330,0.73319,0.7335,1.00,1.00
2015.04.17 12:32:02.979,0.7332,0.73352,1.00,1.00
2015.04.17 12:32:03.759,0.73324,0.73352,1.00,1.00
2015.04.17 12:32:03.859,0.73324,0.73354,1.00,1.50
2015.04.17 12:32:03.960,0.73319,0.73354,1.00,1.00
2015.04.17 12:32:04.011,0.73316,0.73351,1.00,1.00
2015.04.17 12:32:04.111,0.73317,0.73356,1.00,1.50
2015.04.17 12:32:04.232,0.73317,0.73349,1.00,1.00
2015.04.17 12:32:04.333,0.7332,0.73353,1.00,1.00
2015.04.17 12:32:04.530,0.73317,0.73353,1.00,1.00
2015.04.17 12:32:04.629,0.73317,0.73355,1.00,1.50
2015.04.17 12:32:04.838,0.73315,0.73354,1.00,1.50
2015.04.17 12:32:04.889,0.73319,0.73354,1.00,1.50
2015.04.17 12:32:05.291,0.73319,0.73356,1.50,1.50
2015.04.17 12:32:05.341,0.73324,0.73356,1.00,1.50
2015.04.17 12:32:05.499,0.73324,0.73358,1.00,1.00
2015.04.17 12:32:05.599,0.7332,0.73359,2.25,1.00
2015.04.17 12:32:05.650,0.73324,0.73358,1.00,1.00
2015.04.17 12:32:05.750,0.73324,0.7336,1.00,1.00
2015.04.17 12:32:05.851,0.73325,0.73363,1.00,1.00
2015.04.17 12:32:06.111,0.7333,0.73362,1.00,1.00
2015.04.17 12:32:06.212,0.73325,0.73363,1.50,1.00
2015.04.17 12:32:06.267,0.73325,0.73363,1.87,1.00
2015.04.17 12:32:06.568,0.73325,0.73363,1.75,1.50
2015.04.17 12:32:06.672,0.73329,0.73363,1.12,1.50
2015.04.17 12:32:06.823,0.73329,0.73361,1.00,1.00
2015.04.17 12:32:06.873,0.73324,0.73361,1.37,1.00
2015.04.17 12:32:07.048,0.73324,0.73357,1.37,1.00
2015.04.17 12:32:07.098,0.73324,0.73357,1.12,1.00
2015.04.17 12:32:07.379,0.73324,0.73361,1.12,1.50
2015.04.17 12:32:07.481,0.73337,0.73361,1.00,1.00
2015.04.17 12:32:07.782,0.73335,0.73354,1.00,1.00
2015.04.17 12:32:07.933,0.73332,0.73352,1.00,1.00
2015.04.17 12:32:08.298,0.73333,0.73357,1.00,1.00
2015.04.17 12:32:08.735,0.73334,0.73361,1.00,1.00
2015.04.17 12:32:08.850,0.73337,0.73361,1.00,1.00
2015.04.17 12:32:09.602,0.73336,0.73361,1.00,1.00
2015.04.17 12:32:09.939,0.73334,0.73358,1.00,1.00
2015.04.17 12:32:10.160,0.73331,0.73356,1.00,1.00
2015.04.17 12:32:10.391,0.73331,0.73358,1.00,1.00
2015.04.17 12:32:10.791,0.7333,0.73353,1.00,1.00
2015.04.17 12:32:10.942,0.7333,0.73355,1.00,1.00
2015.04.17 12:32:11.043,0.73331,0.73352,1.00,1.00
2015.04.17 12:32:11.144,0.73327,0.73349,1.00,1.00
2015.04.17 12:32:11.682,0.73326,0.73349,1.00,1.00
2015.04.17 12:32:12.029,0.73325,0.73346,1.00,1.00
2015.04.17 12:32:12.146,0.73325,0.73348,1.00,1.00
2015.04.17 12:32:12.209,0.73327,0.73348,1.00,1.00
2015.04.17 12:32:12.460,0.7331,0.73336,1.50,1.00
2015.04.17 12:32:12.657,0.73305,0.73335,1.00,1.00
2015.04.17 12:32:12.869,0.73307,0.73334,1.00,1.00
2015.04.17 12:32:13.217,0.73307,0.73329,1.00,1.00
2015.04.17 12:32:13.318,0.73305,0.73329,1.50,1.00
2015.04.17 12:32:13.369,0.73305,0.73334,1.50,1.00
2015.04.17 12:32:13.470,0.73305,0.73332,1.00,1.00
2015.04.17 12:32:14.529,0.73305,0.7333,1.50,1.00
2015.04.17 12:32:14.854,0.73309,0.7333,1.00,1.00
2015.04.17 12:32:14.905,0.73309,0.73335,1.00,1.00
2015.04.17 12:32:14.969,0.73309,0.73333,1.00,1.00
2015.04.17 12:32:15.772,0.7331,0.73335,1.00,1.00
2015.04.17 12:32:15.873,0.73308,0.73335,1.00,1.00
2015.04.17 12:32:16.177,0.73311,0.73335,1.00,1.00
2015.04.17 12:32:16.227,0.73311,0.7334,1.00,1.00
2015.04.17 12:32:16.504,0.73315,0.7334,1.00,1.00
2015.04.17 12:32:16.554,0.73315,0.73343,1.00,1.00
2015.04.17 12:32:16.911,0.73317,0.73343,1.00,1.00
2015.04.17 12:32:17.638,0.73317,0.73345,1.00,1.00
2015.04.17 12:32:18.040,0.73315,0.73345,1.00,1.00
2015.04.17 12:32:18.301,0.73315,0.7334,1.00,1.00
2015.04.17 12:32:18.411,0.7331,0.73337,1.00,1.00
2015.04.17 12:32:18.809,0.73315,0.73337,1.00,1.00
2015.04.17 12:32:18.960,0.73317,0.73341,1.00,1.00
2015.04.17 12:32:19.161,0.73317,0.73343,1.00,1.00
2015.04.17 12:32:19.220,0.73317,0.73345,1.00,1.00
2015.04.17 12:32:19.371,0.73317,0.73343,1.00,1.00
2015.04.17 12:32:19.679,0.73319,0.73342,1.00,1.00
2015.04.17 12:32:19.930,0.73317,0.73342,1.00,1.00
2015.04.17 12:32:20.222,0.73318,0.73344,1.00,1.00
2015.04.17 12:32:20.348,0.7332,0.73344,1.00,1.00
2015.04.17 12:32:20.549,0.7332,0.73346,1.00,1.00
2015.04.17 12:32:20.600,0.73324,0.73346,1.00,1.00
2015.04.17 12:32:20.718,0.73322,0.73346,1.00,1.00
2015.04.17 12:32:20.769,0.73322,0.73343,1.00,1.00
2015.04.17 12:32:20.819,0.73318,0.73343,1.00,1.00
2015.04.17 12:32:21.330,0.73319,0.73344,1.00,1.00
2015.04.17 12:32:21.448,0.73308,0.73344,1.00,1.50
2015.04.17 12:32:21.498,0.73307,0.73341,1.00,1.00
2015.04.17 12:32:22.222,0.73309,0.73341,1.00,1.00
2015.04.17 12:32:22.373,0.7331,0.73344,1.00,1.50
2015.04.17 12:32:22.710,0.7331,0.73344,1.00,1.87
2015.04.17 12:32:22.811,0.73307,0.73341,1.00,1.00
2015.04.17 12:32:22.912,0.73305,0.7334,1.50,1.37
2015.04.17 12:32:23.260,0.73294,0.73328,1.50,1.00
2015.04.17 12:32:23.870,0.73299,0.73327,1.00,1.00
2015.04.17 12:32:24.311,0.733,0.7333,1.00,1.00
2015.04.17 12:32:24.361,0.733,0.73328,1.00,1.00
2015.04.17 12:32:24.750,0.73299,0.7333,1.00,1.00
2015.04.17 12:32:24.901,0.73304,0.7333,1.00,1.00
2015.04.17 12:32:24.951,0.73304,0.73332,1.00,1.00
2015.04.17 12:32:25.121,0.73309,0.73332,1.00,1.00
2015.04.17 12:32:25.171,0.73309,0.73334,1.00,1.00
2015.04.17 12:32:25.409,0.73305,0.73335,1.00,1.00
2015.04.17 12:32:25.665,0.73309,0.73335,1.00,1.00
2015.04.17 12:32:25.716,0.73309,0.73341,1.00,1.00
2015.04.17 12:32:25.867,0.7331,0.73343,1.50,1.00
2015.04.17 12:32:26.078,0.73314,0.73344,1.00,1.00
2015.04.17 12:32:26.420,0.73311,0.7334,1.00,1.00
2015.04.17 12:32:26.521,0.73309,0.7334,1.00,1.00
2015.04.17 12:32:26.592,0.73309,0.73343,1.00,1.50
2015.04.17 12:32:26.643,0.73309,0.73341,1.00,1.00
2015.04.17 12:32:27.188,0.73309,0.73342,1.00,1.00
2015.04.17 12:32:27.500,0.7331,0.7334,1.00,1.00
2015.04.17 12:32:27.580,0.7331,0.73342,1.00,1.50
2015.04.17 12:32:28.070,0.73307,0.73342,1.00,1.50
2015.04.17 12:32:28.226,0.7331,0.73342,1.00,1.50
2015.04.17 12:32:28.769,0.73309,0.73342,1.00,1.00
2015.04.17 12:32:28.819,0.73309,0.73344,1.00,1.00
2015.04.17 12:32:29.244,0.73308,0.7334,1.00,1.00
2015.04.17 12:32:29.930,0.73306,0.73339,1.00,1.00
2015.04.17 12:32:30.031,0.73304,0.73335,1.00,1.00
2015.04.17 12:32:30.081,0.73302,0.73335,1.00,1.00
2015.04.17 12:32:30.182,0.73297,0.73331,1.00,1.00
2015.04.17 12:32:30.383,0.73303,0.73332,1.00,1.00
2015.04.17 12:32:30.483,0.73303,0.73335,1.00,1.00
2015.04.17 12:32:30.927,0.73305,0.73335,1.00,1.00
2015.04.17 12:32:31.129,0.73305,0.73337,1.00,1.00
2015.04.17 12:32:31.280,0.73306,0.7334,1.00,1.00
2015.04.17 12:32:31.610,0.73309,0.7334,1.00,1.50
2015.04.17 12:32:31.760,0.73312,0.73346,1.00,1.00
2015.04.17 12:32:31.869,0.73313,0.73344,1.00,1.00
2015.04.17 12:32:32.021,0.73313,0.73346,1.00,1.50
2015.04.17 12:32:32.121,0.73314,0.73348,1.00,1.00
2015.04.17 12:32:32.341,0.73311,0.73346,1.00,1.00
2015.04.17 12:32:32.449,0.73314,0.73347,1.00,1.00
2015.04.17 12:32:33.345,0.73314,0.73348,1.00,1.00
2015.04.17 12:32:33.768,0.73317,0.73348,1.00,1.00
2015.04.17 12:32:33.990,0.73314,0.73348,1.00,1.00
2015.04.17 12:32:34.439,0.73317,0.7335,1.00,1.00
2015.04.17 12:32:34.919,0.73318,0.73353,1.00,1.00
2015.04.17 12:32:35.020,0.73323,0.73358,1.00,1.12
2015.04.17 12:32:35.322,0.73321,0.73356,1.00,1.50
2015.04.17 12:32:35.623,0.73316,0.73351,1.00,1.00
2015.04.17 12:32:37.289,0.73317,0.73352,1.00,1.00
2015.04.17 12:32:37.641,0.73319,0.73354,1.00,1.00
2015.04.17 12:32:37.992,0.73322,0.73355,1.00,1.00
2015.04.17 12:32:38.294,0.73327,0.7336,1.00,1.50
2015.04.17 12:32:38.394,0.73324,0.73359,1.00,1.00
2015.04.17 12:32:38.610,0.73326,0.7336,1.00,1.00
2015.04.17 12:32:38.971,0.73321,0.73356,1.50,1.50
2015.04.17 12:32:39.022,0.73321,0.73351,1.00,1.00
2015.04.17 12:32:39.173,0.73308,0.73341,1.00,1.50
2015.04.17 12:32:39.424,0.73308,0.73343,1.00,1.00
2015.04.17 12:32:39.525,0.73313,0.73348,1.00,1.00
2015.04.17 12:32:39.853,0.73308,0.73343,1.00,1.00
2015.04.17 12:32:40.189,0.7331,0.73343,1.00,1.00
2015.04.17 12:32:40.368,0.73311,0.73346,1.00,1.00
2015.04.17 12:32:40.588,0.73315,0.73348,1.00,1.50
2015.04.17 12:32:40.739,0.73316,0.73351,1.00,1.00
2015.04.17 12:32:40.940,0.73314,0.73348,1.50,1.00
2015.04.17 12:32:41.422,0.73316,0.7335,1.00,1.00
2015.04.17 12:32:42.096,0.73316,0.73349,1.00,1.00
2015.04.17 12:32:42.346,0.73316,0.73351,1.37,1.00
2015.04.17 12:32:42.919,0.73316,0.73351,1.00,1.00
2015.04.17 12:32:43.338,0.73313,0.73346,1.00,1.00
2015.04.17 12:32:43.439,0.73313,0.73348,1.00,1.00
2015.04.17 12:32:43.699,0.73312,0.73345,1.00,1.00
2015.04.17 12:32:43.800,0.73313,0.73348,1.00,1.00
2015.04.17 12:32:44.039,0.73315,0.73348,1.00,1.00
2015.04.17 12:32:44.140,0.73319,0.73353,1.50,1.00
2015.04.17 12:32:44.240,0.73321,0.73355,1.00,1.00
2015.04.17 12:32:44.459,0.73322,0.73357,1.00,1.00
2015.04.17 12:32:44.695,0.73324,0.73359,1.00,1.00
2015.04.17 12:32:44.997,0.73328,0.73363,1.00,1.00
2015.04.17 12:32:45.307,0.73328,0.73361,1.00,1.00
2015.04.17 12:32:45.357,0.73328,0.73363,1.00,1.00
2015.04.17 12:32:45.419,0.73331,0.73365,1.00,1.00
2015.04.17 12:32:45.859,0.73331,0.73367,1.00,1.00
2015.04.17 12:32:46.127,0.73334,0.73368,1.00,1.00
2015.04.17 12:32:46.461,0.73332,0.73366,1.12,1.00
2015.04.17 12:32:46.629,0.73333,0.73368,1.00,1.00
2015.04.17 12:32:46.853,0.73331,0.73367,1.12,1.00
2015.04.17 12:32:47.205,0.73331,0.73364,1.37,1.00
2015.04.17 12:32:47.306,0.73333,0.73368,1.37,1.00
2015.04.17 12:32:47.607,0.73333,0.73368,1.37,1.00
2015.04.17 12:32:47.687,0.73333,0.73368,1.12,1.00
2015.04.17 12:32:47.858,0.73335,0.73368,1.00,1.00
2015.04.17 12:32:48.060,0.73332,0.73366,1.00,1.00
2015.04.17 12:32:49.148,0.73332,0.73364,1.00,1.00
2015.04.17 12:32:49.199,0.7333,0.73363,1.00,1.00
2015.04.17 12:32:49.482,0.73327,0.73362,1.00,1.00
2015.04.17 12:32:49.649,0.73329,0.73362,1.00,1.50
2015.04.17 12:32:49.979,0.73327,0.73362,1.00,1.00
2015.04.17 12:32:50.201,0.7333,0.73362,1.00,1.00
2015.04.17 12:32:50.706,0.73329,0.73361,1.00,1.12
2015.04.17 12:32:51.018,0.7333,0.73357,1.00,1.00
2015.04.17 12:32:51.169,0.7333,0.73361,1.00,1.00
2015.04.17 12:32:51.370,0.73327,0.7336,1.00,1.00
2015.04.17 12:32:51.471,0.73324,0.73355,1.00,1.00
2015.04.17 12:32:51.672,0.73322,0.73355,1.00,1.00
2015.04.17 12:32:52.179,0.73323,0.73356,1.00,1.00
2015.04.17 12:32:52.931,0.73321,0.73356,1.00,1.50
2015.04.17 12:32:53.161,0.73323,0.73356,1.00,1.50
2015.04.17 12:32:53.712,0.73321,0.73355,1.00,1.50
2015.04.17 12:32:54.209,0.73321,0.73351,1.00,1.00
2015.04.17 12:32:54.360,0.73315,0.73347,1.00,1.00
2015.04.17 12:32:54.596,0.73317,0.7335,1.00,1.00
2015.04.17 12:32:54.797,0.73317,0.73352,1.00,1.00
2015.04.17 12:32:55.039,0.7332,0.73352,1.00,1.00
2015.04.17 12:32:55.641,0.7332,0.73353,1.00,1.00
2015.04.17 12:32:55.698,0.73318,0.73353,1.00,1.00
2015.04.17 12:32:55.798,0.73316,0.73351,1.12,1.00
2015.04.17 12:32:56.120,0.73316,0.73349,1.37,1.00
2015.04.17 12:32:56.221,0.73316,0.73349,1.00,1.00
2015.04.17 12:32:57.077,0.73317,0.7335,1.00,1.00
2015.04.17 12:32:57.236,0.73317,0.73352,1.00,1.00
2015.04.17 12:32:57.559,0.73319,0.73353,1.00,1.00
2015.04.17 12:32:57.894,0.73317,0.73351,1.00,1.00
2015.04.17 12:32:58.286,0.73317,0.73349,1.00,1.00
2015.04.17 12:32:58.735,0.73318,0.73352,1.12,1.00
2015.04.17 12:32:59.329,0.73318,0.73351,1.37,1.00
2015.04.17 12:33:00.208,0.73318,0.73352,1.37,1.00
2015.04.17 12:33:00.717,0.73318,0.73352,1.00,1.00
2015.04.17 12:33:01.222,0.73317,0.73352,1.00,1.37
2015.04.17 12:33:01.373,0.73312,0.73346,1.37,1.50
2015.04.17 12:33:01.628,0.73311,0.73346,1.12,1.87
2015.04.17 12:33:02.156,0.7331,0.73344,1.37,1.00
2015.04.17 12:33:02.708,0.73311,0.73345,1.12,1.00
2015.04.17 12:33:03.309,0.73312,0.73346,1.00,1.00
2015.04.17 12:33:03.618,0.73314,0.73346,1.00,1.00
2015.04.17 12:33:04.388,0.73319,0.73346,1.00,1.00
2015.04.17 12:33:04.920,0.7332,0.73345,1.00,1.00
2015.04.17 12:33:05.222,0.73324,0.73348,1.00,1.00
2015.04.17 12:33:05.373,0.73325,0.73357,1.00,1.50
2015.04.17 12:33:06.039,0.73324,0.73357,1.00,1.00
2015.04.17 12:33:06.908,0.73324,0.73353,1.00,1.00
2015.04.17 12:33:07.058,0.7332,0.73352,1.00,1.00
2015.04.17 12:33:07.577,0.73321,0.73353,1.00,1.00
2015.04.17 12:33:07.628,0.73324,0.73355,1.00,1.50
2015.04.17 12:33:07.832,0.73328,0.7336,1.00,1.00
2015.04.17 12:33:08.510,0.73328,0.73358,1.00,1.00
2015.04.17 12:33:08.863,0.73325,0.73358,1.50,1.00
2015.04.17 12:33:08.913,0.73325,0.73358,1.50,1.37
2015.04.17 12:33:09.014,0.73323,0.73357,1.00,1.37
2015.04.17 12:33:09.118,0.73325,0.73357,1.00,1.37
2015.04.17 12:33:09.381,0.73321,0.73354,1.00,1.00
2015.04.17 12:33:09.431,0.73321,0.7335,1.00,1.00
2015.04.17 12:33:09.532,0.73314,0.73348,1.37,1.00
2015.04.17 12:33:09.583,0.73314,0.73346,1.87,1.00
2015.04.17 12:33:09.938,0.73314,0.73342,1.00,1.00
2015.04.17 12:33:09.998,0.73311,0.73342,1.00,1.00
2015.04.17 12:33:10.219,0.73314,0.73342,1.00,1.00
2015.04.17 12:33:10.488,0.73314,0.73345,1.00,1.00
2015.04.17 12:33:10.689,0.73312,0.73345,1.00,1.00
2015.04.17 12:33:10.739,0.73316,0.73348,1.00,1.00
2015.04.17 12:33:10.840,0.73317,0.7335,1.00,1.12
2015.04.17 12:33:11.053,0.73319,0.73353,1.00,1.50
2015.04.17 12:33:11.204,0.73322,0.73353,1.00,1.00
2015.04.17 12:33:11.366,0.73322,0.73356,1.00,1.50
2015.04.17 12:33:11.870,0.73321,0.73355,1.00,1.00
2015.04.17 12:33:11.921,0.73321,0.73353,1.00,1.00
2015.04.17 12:33:11.971,0.73317,0.73351,1.00,1.00
2015.04.17 12:33:12.072,0.73313,0.73348,1.00,1.00
2015.04.17 12:33:12.273,0.73317,0.73351,1.00,1.00
2015.04.17 12:33:12.524,0.73319,0.73354,1.50,1.50
2015.04.17 12:33:13.047,0.73319,0.73353,1.00,1.00
2015.04.17 12:33:14.176,0.7332,0.73353,1.00,1.00
2015.04.17 12:33:14.277,0.7332,0.73355,1.00,1.00
2015.04.17 12:33:15.226,0.7332,0.73352,1.00,1.00
2015.04.17 12:33:15.899,0.73319,0.73354,1.00,1.50
2015.04.17 12:33:16.157,0.73321,0.73354,1.00,1.00
2015.04.17 12:33:16.667,0.7332,0.73354,1.00,1.00
2015.04.17 12:33:18.318,0.73321,0.73354,1.00,1.00
2015.04.17 12:33:18.820,0.7332,0.73353,1.50,1.00
2015.04.17 12:33:19.122,0.73324,0.73354,1.00,1.00
2015.04.17 12:33:19.173,0.73319,0.73354,1.50,1.00
2015.04.17 12:33:19.374,0.73325,0.73353,1.00,1.00
2015.04.17 12:33:19.916,0.73324,0.73354,1.00,1.00
2015.04.17 12:33:20.730,0.7332,0.73354,1.00,1.00
2015.04.17 12:33:20.831,0.73324,0.73354,1.00,1.00
2015.04.17 12:33:21.067,0.73324,0.73356,1.00,1.00
2015.04.17 12:33:21.129,0.73329,0.73356,1.00,1.00
2015.04.17 12:33:21.279,0.73329,0.73358,1.00,1.00
2015.04.17 12:33:21.330,0.73329,0.7336,1.00,1.00
2015.04.17 12:33:21.568,0.73326,0.7336,1.00,1.00
2015.04.17 12:33:21.619,0.73328,0.73361,1.00,1.00
2015.04.17 12:33:22.997,0.73329,0.73361,1.00,1.00
2015.04.17 12:33:23.379,0.73329,0.73363,1.00,1.12
2015.04.17 12:33:23.439,0.73335,0.73363,1.00,1.12
2015.04.17 12:33:23.690,0.7333,0.73362,1.50,1.00
2015.04.17 12:33:24.183,0.73333,0.73367,1.00,1.00
2015.04.17 12:33:24.233,0.73335,0.73367,1.00,1.00
2015.04.17 12:33:24.544,0.73341,0.73373,1.00,1.00
2015.04.17 12:33:24.594,0.73339,0.73373,1.50,1.00
2015.04.17 12:33:24.735,0.73339,0.73371,1.00,1.00
2015.04.17 12:33:25.086,0.73345,0.73371,1.00,1.00
2015.04.17 12:33:25.137,0.73339,0.73371,1.00,1.00
2015.04.17 12:33:26.340,0.73339,0.73373,1.50,1.00
2015.04.17 12:33:26.896,0.73339,0.7337,1.00,1.00
2015.04.17 12:33:27.180,0.73336,0.7337,1.00,1.00
2015.04.17 12:33:27.230,0.73336,0.73368,1.00,1.00
2015.04.17 12:33:27.339,0.73336,0.7337,1.00,1.50
2015.04.17 12:33:27.446,0.73336,0.73368,1.00,1.00
2015.04.17 12:33:27.698,0.7333,0.73365,1.00,1.00
2015.04.17 12:33:27.798,0.73332,0.73366,1.00,1.00
2015.04.17 12:33:28.109,0.73335,0.73367,1.50,1.00
2015.04.17 12:33:28.647,0.73334,0.73368,1.50,1.00
2015.04.17 12:33:29.160,0.73339,0.73369,1.00,1.00
2015.04.17 12:33:29.613,0.73337,0.7337,1.00,1.12
2015.04.17 12:33:29.663,0.73336,0.73366,1.00,1.00
2015.04.17 12:33:29.764,0.73342,0.73374,1.00,1.50
2015.04.17 12:33:29.865,0.73342,0.73376,1.00,1.00
2015.04.17 12:33:30.216,0.73343,0.73378,1.50,1.00
2015.04.17 12:33:30.557,0.73344,0.73376,1.00,1.00
2015.04.17 12:33:30.658,0.73344,0.73378,1.50,1.00
2015.04.17 12:33:30.708,0.73349,0.73378,1.00,1.00
2015.04.17 12:33:30.809,0.73344,0.73378,1.50,1.00
2015.04.17 12:33:31.008,0.73347,0.7338,1.00,1.00
2015.04.17 12:33:31.311,0.73342,0.73374,1.00,1.00
2015.04.17 12:33:31.630,0.73344,0.73376,1.00,1.12
2015.04.17 12:33:31.881,0.73344,0.73378,1.00,1.00
2015.04.17 12:33:32.219,0.73347,0.73379,1.00,1.00
2015.04.17 12:33:32.569,0.7335,0.73382,1.00,1.00
2015.04.17 12:33:33.170,0.73349,0.73381,1.00,1.00
2015.04.17 12:33:33.379,0.73347,0.73381,1.00,1.00
2015.04.17 12:33:33.430,0.73347,0.73379,1.00,1.00
2015.04.17 12:33:33.987,0.73345,0.73379,1.00,1.00
2015.04.17 12:33:34.548,0.73349,0.73379,1.00,1.00
2015.04.17 12:33:34.988,0.73345,0.73379,1.00,1.00
2015.04.17 12:33:35.918,0.73346,0.7338,1.00,1.50
2015.04.17 12:33:36.088,0.73349,0.7338,1.00,1.50
2015.04.17 12:33:36.858,0.73346,0.7338,1.00,1.50
2015.04.17 12:33:37.400,0.73347,0.73381,1.00,1.00
2015.04.17 12:33:37.501,0.73349,0.73383,1.00,1.00
2015.04.17 12:33:38.030,0.73348,0.73382,1.50,1.00
2015.04.17 12:33:38.817,0.7335,0.73384,1.50,1.00
2015.04.17 12:33:39.118,0.73352,0.73387,1.50,1.00
2015.04.17 12:33:39.536,0.73355,0.73387,1.00,1.00
2015.04.17 12:33:39.859,0.7335,0.73384,1.50,1.00
2015.04.17 12:33:39.909,0.7335,0.73381,1.00,1.00
2015.04.17 12:33:40.110,0.73346,0.73378,1.00,1.00
2015.04.17 12:33:40.211,0.73347,0.73381,1.00,1.00
2015.04.17 12:33:40.690,0.7335,0.73382,1.00,1.00
2015.04.17 12:33:40.755,0.7335,0.73384,1.00,1.00
2015.04.17 12:33:41.087,0.73353,0.73385,1.00,1.00
2015.04.17 12:33:41.238,0.73352,0.73387,1.00,1.00
2015.04.17 12:33:41.917,0.73353,0.73388,1.00,1.00
2015.04.17 12:33:42.438,0.73351,0.73386,1.00,1.00
2015.04.17 12:33:43.193,0.73353,0.73387,1.00,1.00
2015.04.17 12:33:43.550,0.73355,0.73389,1.00,1.00
2015.04.17 12:33:43.852,0.73361,0.73394,1.00,1.00
2015.04.17 12:33:44.353,0.73362,0.73394,1.00,1.00
2015.04.17 12:33:44.872,0.73363,0.73394,1.00,1.00
2015.04.17 12:33:45.130,0.73355,0.73389,1.00,1.50
2015.04.17 12:33:45.180,0.73351,0.73383,1.00,1.00
2015.04.17 12:33:45.760,0.7335,0.73382,1.00,1.00
2015.04.17 12:33:45.810,0.73348,0.73382,1.00,1.00
2015.04.17 12:33:46.358,0.73349,0.73381,1.00,1.00
2015.04.17 12:33:46.409,0.73349,0.73383,1.00,1.00
2015.04.17 12:33:46.698,0.73352,0.73385,1.00,1.00
2015.04.17 12:33:47.048,0.7335,0.73383,1.00,1.00
2015.04.17 12:33:47.361,0.7335,0.73381,1.00,1.00
2015.04.17 12:33:47.662,0.7335,0.73384,1.00,1.50
2015.04.17 12:33:48.372,0.73349,0.73381,1.00,1.00
2015.04.17 12:33:48.869,0.73347,0.73379,1.00,1.00
2015.04.17 12:33:49.375,0.73348,0.73382,1.00,1.50
2015.04.17 12:33:49.476,0.73346,0.73381,1.00,1.00
2015.04.17 12:33:50.129,0.73348,0.73381,1.00,1.00
2015.04.17 12:33:50.229,0.73348,0.73383,1.00,1.00
2015.04.17 12:33:51.948,0.73349,0.73383,1.00,1.50
2015.04.17 12:33:52.528,0.73348,0.73383,1.00,1.50
2015.04.17 12:33:52.578,0.73352,0.73383,1.00,1.00
2015.04.17 12:33:52.727,0.73361,0.73395,1.00,2.25
2015.04.17 12:33:52.777,0.73363,0.73397,1.00,1.00
2015.04.17 12:33:53.087,0.7337,0.73404,1.00,1.00
2015.04.17 12:33:53.419,0.73365,0.73399,1.00,1.00
2015.04.17 12:33:54.087,0.73363,0.73397,1.00,1.00
2015.04.17 12:33:54.842,0.73367,0.73398,1.00,1.00
2015.04.17 12:33:55.310,0.73365,0.73398,1.00,1.00
2015.04.17 12:33:55.411,0.73367,0.73399,1.00,1.37
2015.04.17 12:33:55.512,0.73365,0.73398,1.00,1.00
2015.04.17 12:33:55.612,0.73361,0.73395,1.00,1.00
2015.04.17 12:33:55.713,0.73361,0.73391,1.00,1.00
2015.04.17 12:33:56.147,0.7336,0.73393,1.00,1.00
2015.04.17 12:33:56.488,0.73363,0.73394,1.00,1.00
2015.04.17 12:33:56.950,0.73363,0.73396,1.00,1.50
2015.04.17 12:33:57.051,0.73358,0.73392,1.00,1.50
2015.04.17 12:33:57.706,0.73357,0.73391,1.00,1.00
2015.04.17 12:33:58.304,0.73358,0.73392,1.00,1.00
2015.04.17 12:33:58.488,0.73361,0.73395,1.00,1.50
2015.04.17 12:33:58.790,0.73364,0.73395,1.00,1.00
2015.04.17 12:33:59.041,0.73366,0.73398,1.00,1.00
2015.04.17 12:33:59.141,0.73367,0.734,1.00,1.00
2015.04.17 12:33:59.459,0.73365,0.73399,1.50,1.00
2015.04.17 12:33:59.611,0.73367,0.73401,1.00,1.00
2015.04.17 12:33:59.978,0.73371,0.73403,1.00,1.00
2015.04.17 12:34:00.139,0.73372,0.73405,1.00,1.00
2015.04.17 12:34:00.362,0.73374,0.73405,1.00,1.00
2015.04.17 12:34:02.319,0.73375,0.73407,1.00,1.00
2015.04.17 12:34:02.571,0.73375,0.73409,1.00,1.50
2015.04.17 12:34:02.889,0.73373,0.73407,1.00,1.00
2015.04.17 12:34:03.429,0.73368,0.73402,1.00,1.00
2015.04.17 12:34:03.748,0.73367,0.73399,1.00,1.50
2015.04.17 12:34:03.999,0.73356,0.7339,1.00,1.00
2015.04.17 12:34:04.100,0.73349,0.73383,1.00,1.00
2015.04.17 12:34:04.402,0.73347,0.73381,1.00,1.00
2015.04.17 12:34:04.604,0.73351,0.73386,1.00,1.50
2015.04.17 12:34:04.849,0.73355,0.73386,1.00,1.00
2015.04.17 12:34:04.957,0.73356,0.7339,1.00,2.25
2015.04.17 12:34:05.949,0.73354,0.73389,1.00,1.00
2015.04.17 12:34:06.060,0.73354,0.73386,1.00,1.00
2015.04.17 12:34:06.210,0.73349,0.73384,1.00,1.00
2015.04.17 12:34:06.281,0.73347,0.73383,1.50,1.00
2015.04.17 12:34:06.971,0.73351,0.73385,1.00,1.00
2015.04.17 12:34:07.157,0.73356,0.73391,1.00,1.50
2015.04.17 12:34:07.649,0.73359,0.73393,1.00,1.00
2015.04.17 12:34:07.817,0.73356,0.73392,1.50,1.00
2015.04.17 12:34:07.918,0.73356,0.73392,1.00,1.37
2015.04.17 12:34:08.178,0.73354,0.73389,1.00,1.00
2015.04.17 12:34:10.279,0.73356,0.73391,1.00,1.12
2015.04.17 12:34:10.618,0.73356,0.7339,1.00,1.37
2015.04.17 12:34:10.929,0.73358,0.73391,1.00,1.50
2015.04.17 12:34:11.599,0.73355,0.7339,1.00,1.00
2015.04.17 12:34:12.108,0.73356,0.7339,1.00,1.00
2015.04.17 12:34:12.928,0.73356,0.73389,1.00,1.00
2015.04.17 12:34:13.479,0.73356,0.7339,1.00,1.00
2015.04.17 12:34:13.680,0.73358,0.73391,1.00,1.00
2015.04.17 12:34:13.980,0.73359,0.73393,1.00,1.00
2015.04.17 12:34:14.131,0.73359,0.73391,1.00,1.00
2015.04.17 12:34:14.306,0.73359,0.73393,1.00,1.00
2015.04.17 12:34:14.857,0.73361,0.73395,1.00,1.00
2015.04.17 12:34:15.119,0.73359,0.73394,1.12,1.00
2015.04.17 12:34:15.220,0.73362,0.73397,1.00,1.00
2015.04.17 12:34:15.629,0.73362,0.73395,1.00,1.00
2015.04.17 12:34:15.997,0.73364,0.73397,1.00,1.00
2015.04.17 12:34:16.749,0.73363,0.73396,1.00,1.00
2015.04.17 12:34:16.849,0.73357,0.73391,1.00,1.00
2015.04.17 12:34:16.950,0.73357,0.73389,1.00,1.00
2015.04.17 12:34:17.276,0.73354,0.73389,1.00,1.00
2015.04.17 12:34:17.532,0.73356,0.73391,1.00,1.00
2015.04.17 12:34:18.047,0.73356,0.73388,1.00,1.00
2015.04.17 12:34:18.572,0.73355,0.73387,1.00,1.00
2015.04.17 12:34:20.611,0.73354,0.73386,1.00,1.00
2015.04.17 12:34:20.931,0.73351,0.73383,1.00,1.00
2015.04.17 12:34:21.475,0.73353,0.73384,1.00,1.00
2015.04.17 12:34:23.145,0.73354,0.73385,1.50,1.00
2015.04.17 12:34:24.316,0.73355,0.73385,1.00,1.00
2015.04.17 12:34:24.990,0.73354,0.73385,1.00,1.12
2015.04.17 12:34:25.126,0.73354,0.73388,1.00,1.12
2015.04.17 12:34:25.612,0.73356,0.7339,1.00,1.50
2015.04.17 12:34:25.914,0.73354,0.73386,1.00,1.00
2015.04.17 12:34:26.127,0.73351,0.73384,1.00,1.00
2015.04.17 12:34:26.228,0.7335,0.73382,1.00,1.00
2015.04.17 12:34:26.335,0.73348,0.73382,1.00,1.00
2015.04.17 12:34:29.706,0.73349,0.73383,1.00,1.00
2015.04.17 12:34:30.930,0.7335,0.73384,1.00,1.87
2015.04.17 12:34:31.030,0.7335,0.73384,1.00,1.87
2015.04.17 12:34:31.355,0.73348,0.73379,1.00,1.00
2015.04.17 12:34:31.406,0.73345,0.73378,1.00,1.00
2015.04.17 12:34:31.733,0.73345,0.73374,1.00,1.00
2015.04.17 12:34:31.834,0.73343,0.73375,1.00,1.00
2015.04.17 12:34:31.935,0.73343,0.73377,1.00,1.00
2015.04.17 12:34:32.136,0.73346,0.73379,1.00,1.00
2015.04.17 12:34:32.236,0.7335,0.73384,1.00,1.00
2015.04.17 12:34:32.346,0.73349,0.73381,1.50,1.00
2015.04.17 12:34:32.568,0.7335,0.73384,1.00,1.00
2015.04.17 12:34:32.947,0.73351,0.73382,1.00,1.00
2015.04.17 12:34:33.611,0.7335,0.73383,1.00,1.00
2015.04.17 12:34:33.777,0.73351,0.73385,1.00,1.00
2015.04.17 12:34:35.223,0.73354,0.73386,1.00,1.00
2015.04.17 12:34:35.324,0.73351,0.73384,1.00,1.00
2015.04.17 12:34:35.576,0.7335,0.73382,1.00,1.00
2015.04.17 12:34:35.868,0.73351,0.73384,1.00,1.50
2015.04.17 12:34:36.020,0.73363,0.73396,1.50,1.50
2015.04.17 12:34:36.345,0.73367,0.73399,1.00,1.00
2015.04.17 12:34:36.446,0.73368,0.73402,1.00,1.00
2015.04.17 12:34:36.570,0.7337,0.73403,1.00,1.00
2015.04.17 12:34:37.021,0.73372,0.73404,1.00,1.00
2015.04.17 12:34:37.335,0.73374,0.73406,1.00,1.00
2015.04.17 12:34:37.636,0.73372,0.73404,1.00,1.00
2015.04.17 12:34:38.069,0.73369,0.73403,1.50,1.00
2015.04.17 12:34:38.618,0.7337,0.73403,1.00,1.00
2015.04.17 12:34:39.388,0.73369,0.73403,1.50,1.00
2015.04.17 12:34:39.546,0.73371,0.73405,1.00,1.00
2015.04.17 12:34:39.875,0.73374,0.73405,1.00,1.37
2015.04.17 12:34:39.976,0.73371,0.73402,1.00,1.00
2015.04.17 12:34:40.099,0.73371,0.734,1.00,1.00
2015.04.17 12:34:40.427,0.73372,0.73404,1.00,1.50
2015.04.17 12:34:40.620,0.73371,0.73398,1.00,1.00
2015.04.17 12:34:40.753,0.73362,0.73394,1.00,1.00
2015.04.17 12:34:40.854,0.7336,0.73394,1.00,1.00
2015.04.17 12:34:40.955,0.73359,0.73391,1.00,1.00
2015.04.17 12:34:41.056,0.73357,0.73391,1.00,1.00
2015.04.17 12:34:41.157,0.73354,0.73388,1.00,1.00
2015.04.17 12:34:41.514,0.73351,0.73385,1.00,1.50
2015.04.17 12:34:42.163,0.73351,0.73383,1.00,1.00
2015.04.17 12:34:43.718,0.73354,0.73383,1.00,1.00
2015.04.17 12:34:44.021,0.73359,0.73386,1.00,1.00
2015.04.17 12:34:44.071,0.73359,0.73391,1.00,1.00
2015.04.17 12:34:44.172,0.73356,0.73389,1.00,1.00
2015.04.17 12:34:44.272,0.73358,0.73391,1.00,1.00
2015.04.17 12:34:44.373,0.7336,0.73394,1.00,1.00
2015.04.17 12:34:44.602,0.73363,0.73396,1.00,1.00
2015.04.17 12:34:45.004,0.73364,0.7339,1.00,1.00
2015.04.17 12:34:45.151,0.73366,0.734,1.00,1.00
2015.04.17 12:34:45.352,0.7336,0.73392,1.50,1.00
2015.04.17 12:34:45.604,0.73356,0.73391,1.00,1.00
2015.04.17 12:34:46.134,0.73353,0.73388,1.00,1.00
2015.04.17 12:34:46.449,0.73354,0.73383,1.00,1.00
2015.04.17 12:34:46.758,0.73352,0.73383,1.00,1.00
2015.04.17 12:34:46.913,0.7335,0.73381,1.00,1.12
2015.04.17 12:34:47.215,0.73341,0.73372,1.00,1.00
2015.04.17 12:34:47.266,0.73341,0.73375,1.00,1.00
2015.04.17 12:34:47.366,0.73344,0.73375,1.00,1.00
2015.04.17 12:34:47.707,0.73349,0.73374,1.00,1.00
2015.04.17 12:34:47.808,0.73344,0.73375,1.00,1.00
2015.04.17 12:34:48.009,0.73346,0.73376,1.00,1.00
2015.04.17 12:34:48.346,0.73342,0.73373,1.00,1.00
2015.04.17 12:34:48.846,0.73339,0.73372,1.00,1.00
2015.04.17 12:34:49.310,0.73336,0.73371,1.00,1.00
2015.04.17 12:34:49.447,0.73335,0.73369,1.00,1.00
2015.04.17 12:34:49.837,0.73334,0.73367,1.00,1.00
2015.04.17 12:34:50.406,0.73334,0.73368,1.00,1.00
2015.04.17 12:34:51.195,0.73335,0.73369,1.00,1.50
2015.04.17 12:34:51.816,0.73334,0.73365,1.00,1.00
2015.04.17 12:34:51.866,0.73329,0.73363,1.00,1.37
2015.04.17 12:34:51.967,0.73325,0.73361,1.50,1.00
2015.04.17 12:34:52.068,0.73329,0.73359,1.00,1.00
2015.04.17 12:34:52.319,0.73332,0.73365,1.00,1.00
2015.04.17 12:34:52.476,0.73334,0.73365,1.00,1.00
2015.04.17 12:34:53.051,0.73335,0.73365,1.00,1.00
2015.04.17 12:34:53.596,0.73335,0.73367,1.00,1.50
2015.04.17 12:34:53.708,0.73331,0.73367,1.00,1.50
2015.04.17 12:34:53.876,0.73329,0.73358,1.00,1.12
2015.04.17 12:34:53.927,0.73325,0.73357,1.00,1.00
2015.04.17 12:34:54.028,0.73319,0.73355,1.37,1.00
2015.04.17 12:34:54.588,0.7332,0.73354,1.00,1.50
2015.04.17 12:34:54.839,0.73324,0.73355,1.00,1.00
2015.04.17 12:34:54.898,0.73325,0.73357,1.00,1.00
2015.04.17 12:34:55.116,0.73325,0.73359,1.00,1.00
2015.04.17 12:34:55.167,0.73325,0.73357,1.00,1.00
2015.04.17 12:34:55.267,0.73322,0.73357,1.00,1.00
2015.04.17 12:34:55.479,0.73324,0.73357,1.00,1.00
2015.04.17 12:34:55.730,0.73327,0.73362,1.00,1.00
2015.04.17 12:34:55.831,0.73328,0.73364,1.00,1.00
2015.04.17 12:34:55.886,0.7333,0.73366,1.00,1.00
2015.04.17 12:34:56.148,0.73328,0.73365,1.50,1.00
2015.04.17 12:34:56.248,0.73335,0.73365,1.00,1.00
2015.04.17 12:34:56.349,0.7333,0.73367,1.00,1.50
2015.04.17 12:34:56.486,0.73329,0.73364,1.00,1.00
2015.04.17 12:34:56.809,0.7334,0.73371,1.00,1.50
2015.04.17 12:34:57.148,0.73335,0.7337,1.50,1.00
2015.04.17 12:34:57.252,0.73332,0.73368,1.00,1.00
2015.04.17 12:34:57.353,0.73334,0.73367,1.00,1.00
2015.04.17 12:34:57.653,0.73335,0.7337,1.50,1.50
2015.04.17 12:34:59.000,0.73336,0.7337,1.00,1.00
2015.04.17 12:34:59.051,0.73336,0.7337,1.37,1.00
2015.04.17 12:34:59.101,0.73341,0.73373,1.00,1.00
2015.04.17 12:34:59.210,0.73341,0.73378,1.50,1.00
2015.04.17 12:34:59.261,0.73344,0.73378,1.00,1.00
2015.04.17 12:34:59.458,0.73341,0.73378,1.50,1.00
2015.04.17 12:34:59.561,0.73341,0.73376,1.00,1.00
2015.04.17 12:34:59.738,0.73339,0.73375,1.00,1.00
2015.04.17 12:34:59.955,0.73339,0.73373,1.50,1.00
2015.04.17 12:35:00.178,0.73339,0.73376,1.50,1.50
2015.04.17 12:35:00.310,0.73344,0.73376,1.00,1.50
2015.04.17 12:35:00.511,0.73344,0.73378,1.00,1.50
2015.04.17 12:35:00.890,0.7334,0.73375,1.50,1.00
2015.04.17 12:35:01.001,0.73344,0.73376,1.00,1.00
2015.04.17 12:35:01.215,0.73345,0.73378,1.00,1.50
2015.04.17 12:35:01.457,0.73344,0.73374,1.00,1.00
2015.04.17 12:35:01.766,0.73344,0.73377,1.00,1.00
2015.04.17 12:35:01.867,0.73345,0.73382,1.00,1.00
2015.04.17 12:35:01.972,0.73345,0.73372,1.00,1.00
2015.04.17 12:35:02.288,0.73338,0.73372,1.00,1.00
2015.04.17 12:35:02.473,0.73335,0.73371,1.00,1.50
2015.04.17 12:35:02.524,0.73335,0.73366,1.50,1.00
2015.04.17 12:35:02.747,0.73339,0.73373,1.00,1.50
2015.04.17 12:35:03.288,0.73339,0.73374,1.00,1.00
2015.04.17 12:35:03.407,0.73342,0.73374,1.00,1.00
2015.04.17 12:35:03.558,0.73342,0.7338,1.00,1.50
2015.04.17 12:35:04.108,0.73344,0.7338,1.00,1.00
2015.04.17 12:35:04.510,0.73345,0.73383,1.00,1.00
2015.04.17 12:35:04.617,0.73348,0.73384,1.00,1.50
2015.04.17 12:35:05.487,0.73348,0.7338,1.00,1.00
2015.04.17 12:35:05.538,0.73346,0.7338,1.00,1.00
2015.04.17 12:35:05.599,0.73346,0.73378,1.00,1.00
2015.04.17 12:35:05.912,0.73343,0.73374,1.00,1.00
2015.04.17 12:35:05.963,0.73339,0.73371,1.50,1.00
2015.04.17 12:35:06.063,0.73343,0.73373,1.00,1.00
2015.04.17 12:35:06.189,0.7334,0.73373,1.00,1.00
2015.04.17 12:35:06.289,0.73344,0.73372,1.00,1.50
2015.04.17 12:35:06.488,0.73332,0.7337,1.00,1.50
2015.04.17 12:35:06.539,0.7333,0.73368,1.00,1.00
2015.04.17 12:35:06.858,0.73334,0.73367,1.00,1.50
2015.04.17 12:35:07.368,0.73333,0.73366,1.00,1.00
2015.04.17 12:35:07.933,0.7333,0.73366,1.00,1.00
2015.04.17 12:35:08.714,0.73328,0.73366,1.00,1.87
2015.04.17 12:35:08.815,0.73327,0.73362,1.00,1.37
2015.04.17 12:35:09.128,0.73322,0.73359,1.00,1.00
2015.04.17 12:35:09.389,0.73322,0.73359,1.00,1.50
2015.04.17 12:35:09.591,0.7332,0.73356,1.50,1.37
2015.04.17 12:35:09.718,0.73321,0.73358,1.00,1.00
2015.04.17 12:35:09.920,0.73324,0.73357,1.00,1.00
2015.04.17 12:35:10.484,0.73325,0.73356,1.00,1.00
2015.04.17 12:35:10.535,0.73325,0.73358,1.00,1.00
2015.04.17 12:35:11.013,0.73327,0.73363,1.00,1.00
2015.04.17 12:35:11.164,0.73327,0.73365,1.50,1.00
2015.04.17 12:35:11.265,0.73328,0.73363,1.00,1.00
2015.04.17 12:35:11.588,0.73329,0.73361,1.00,1.00
2015.04.17 12:35:11.804,0.73329,0.73364,1.00,1.50
2015.04.17 12:35:11.867,0.73329,0.73362,1.00,1.00
2015.04.17 12:35:12.098,0.73326,0.73362,1.00,1.00
2015.04.17 12:35:12.805,0.73329,0.73362,1.00,1.00
2015.04.17 12:35:12.856,0.73329,0.73365,1.00,1.87
2015.04.17 12:35:13.856,0.73328,0.73362,1.00,1.00
2015.04.17 12:35:14.388,0.73327,0.73361,1.00,1.00
2015.04.17 12:35:14.438,0.73324,0.7336,1.00,1.00
2015.04.17 12:35:15.555,0.73325,0.7336,1.00,1.00
2015.04.17 12:35:16.058,0.73326,0.73361,1.00,1.00
2015.04.17 12:35:16.607,0.73325,0.7336,1.00,1.00
2015.04.17 12:35:16.845,0.73327,0.73362,1.00,1.00
2015.04.17 12:35:17.157,0.73329,0.73363,1.00,1.50
2015.04.17 12:35:17.758,0.73331,0.73363,1.00,1.00
2015.04.17 12:35:18.049,0.73328,0.73362,1.00,1.00
2015.04.17 12:35:18.588,0.73327,0.73362,1.00,1.00
2015.04.17 12:35:19.178,0.73326,0.7336,1.00,1.00
2015.04.17 12:35:19.498,0.7333,0.73362,1.00,1.00
2015.04.17 12:35:19.800,0.73332,0.73366,1.00,1.50
2015.04.17 12:35:20.345,0.73331,0.73365,1.00,1.00
2015.04.17 12:35:20.720,0.73333,0.73365,1.00,1.00
2015.04.17 12:35:20.972,0.73328,0.73362,1.00,1.00
2015.04.17 12:35:22.362,0.73327,0.73361,1.00,1.00
2015.04.17 12:35:22.472,0.73325,0.73359,2.25,1.00
2015.04.17 12:35:22.774,0.73332,0.73366,1.00,1.00
2015.04.17 12:35:23.099,0.73331,0.73364,1.00,1.00
2015.04.17 12:35:23.768,0.73329,0.73362,1.00,1.00
2015.04.17 12:35:23.867,0.73326,0.73361,1.00,1.00
2015.04.17 12:35:24.019,0.73329,0.73363,1.00,1.00
2015.04.17 12:35:24.415,0.73329,0.73361,1.00,1.00
2015.04.17 12:35:25.117,0.73327,0.7336,1.00,1.00
2015.04.17 12:35:25.218,0.73329,0.7336,1.00,1.00
2015.04.17 12:35:25.318,0.73324,0.73359,1.00,1.00
2015.04.17 12:35:25.419,0.73323,0.73357,1.00,1.00
2015.04.17 12:35:26.065,0.73322,0.73356,1.00,1.00
2015.04.17 12:35:26.611,0.73322,0.73355,1.00,1.00
2015.04.17 12:35:27.396,0.73322,0.73356,1.00,1.00
2015.04.17 12:35:27.769,0.73322,0.73356,1.00,1.50
2015.04.17 12:35:27.981,0.73317,0.73351,1.00,1.50
2015.04.17 12:35:28.184,0.73319,0.73353,1.00,1.00
2015.04.17 12:35:28.284,0.73313,0.73348,1.00,1.00
2015.04.17 12:35:28.979,0.73314,0.73349,1.00,1.00
2015.04.17 12:35:29.586,0.73316,0.73351,1.00,1.50
2015.04.17 12:35:29.889,0.73319,0.73352,1.00,1.00
2015.04.17 12:35:29.939,0.73319,0.73354,1.00,1.00
2015.04.17 12:35:30.470,0.73319,0.73355,1.00,1.00
2015.04.17 12:35:30.691,0.73318,0.73352,1.00,1.00
2015.04.17 12:35:30.842,0.73314,0.7335,1.50,1.00
2015.04.17 12:35:30.942,0.73313,0.73347,1.00,1.00
2015.04.17 12:35:31.346,0.73315,0.73349,1.00,1.00
2015.04.17 12:35:31.699,0.73318,0.73354,1.00,1.00
2015.04.17 12:35:31.900,0.73327,0.73364,1.00,1.00
2015.04.17 12:35:32.368,0.73329,0.73362,1.00,1.00
2015.04.17 12:35:32.598,0.73327,0.73362,1.00,1.50
2015.04.17 12:35:32.911,0.73324,0.7336,1.00,1.00
2015.04.17 12:35:33.349,0.73323,0.73357,1.00,1.00
2015.04.17 12:35:33.703,0.7332,0.73357,1.50,1.00
2015.04.17 12:35:33.803,0.73322,0.73358,1.00,1.00
2015.04.17 12:35:34.235,0.73325,0.73358,1.00,1.00
2015.04.17 12:35:34.386,0.73321,0.73356,1.00,1.00
2015.04.17 12:35:34.504,0.73321,0.73358,1.00,1.50
2015.04.17 12:35:34.555,0.7332,0.73355,1.00,1.00
2015.04.17 12:35:34.756,0.73321,0.73358,1.50,1.00
2015.04.17 12:35:34.907,0.73323,0.73358,1.00,1.00
2015.04.17 12:35:35.555,0.73322,0.73358,1.00,1.00
2015.04.17 12:35:36.210,0.73321,0.73358,1.00,1.50
2015.04.17 12:35:36.548,0.73319,0.73354,1.00,1.00
2015.04.17 12:35:37.102,0.73318,0.73354,1.00,1.50
2015.04.17 12:35:37.460,0.73321,0.73356,1.00,1.00
2015.04.17 12:35:37.661,0.73325,0.73362,1.00,1.50
2015.04.17 12:35:37.762,0.73328,0.73362,1.00,1.00
2015.04.17 12:35:38.498,0.73328,0.73363,1.00,1.50
2015.04.17 12:35:38.977,0.73328,0.7336,1.00,1.00
2015.04.17 12:35:39.266,0.73326,0.7336,1.00,1.00
2015.04.17 12:35:39.731,0.7333,0.73363,1.00,1.00
2015.04.17 12:35:39.831,0.7333,0.73365,1.00,1.00
2015.04.17 12:35:40.275,0.73329,0.73363,1.00,1.00
2015.04.17 12:35:40.837,0.7333,0.73363,1.00,1.00
2015.04.17 12:35:41.189,0.7333,0.73365,1.00,1.00
2015.04.17 12:35:41.689,0.73334,0.73369,1.00,1.50
2015.04.17 12:35:42.003,0.73332,0.73363,1.00,1.00
2015.04.17 12:35:42.158,0.73324,0.7336,1.00,1.00
2015.04.17 12:35:42.259,0.73322,0.73359,1.00,1.50
2015.04.17 12:35:42.359,0.73327,0.7336,1.00,1.00
2015.04.17 12:35:42.566,0.73325,0.7336,1.00,1.00
2015.04.17 12:35:43.136,0.73326,0.7336,1.00,1.00
2015.04.17 12:35:43.656,0.73326,0.73361,1.50,1.00
2015.04.17 12:35:43.706,0.73328,0.73365,1.37,1.50
2015.04.17 12:35:43.757,0.73328,0.73365,1.75,1.50
2015.04.17 12:35:43.807,0.7333,0.73367,1.50,1.50
2015.04.17 12:35:43.858,0.7333,0.73367,1.00,1.50
2015.04.17 12:35:43.908,0.73335,0.73371,1.00,1.00
2015.04.17 12:35:44.109,0.73337,0.73374,1.00,1.00
2015.04.17 12:35:44.260,0.7334,0.73374,1.00,1.00
2015.04.17 12:35:44.311,0.73342,0.73378,1.00,1.00
2015.04.17 12:35:44.361,0.73345,0.73381,1.00,1.00
2015.04.17 12:35:44.562,0.73349,0.73386,1.50,1.00
2015.04.17 12:35:44.663,0.73352,0.73387,1.00,1.00
2015.04.17 12:35:44.767,0.73342,0.73379,1.00,1.00
2015.04.17 12:35:44.877,0.73339,0.73375,1.50,1.00
2015.04.17 12:35:44.986,0.73337,0.73375,1.00,1.00
2015.04.17 12:35:45.145,0.73345,0.73382,1.00,1.00
2015.04.17 12:35:45.447,0.73351,0.73389,1.00,1.00
2015.04.17 12:35:45.548,0.73353,0.7339,1.00,1.00
2015.04.17 12:35:45.849,0.73348,0.73384,1.00,1.00
2015.04.17 12:35:46.090,0.73345,0.73383,1.50,1.00
2015.04.17 12:35:46.314,0.73342,0.73378,1.00,1.00
2015.04.17 12:35:46.465,0.7334,0.73378,1.00,1.00
2015.04.17 12:35:46.527,0.73338,0.73375,1.00,1.00
2015.04.17 12:35:46.888,0.73338,0.73373,1.00,1.00
2015.04.17 12:35:47.220,0.73347,0.73383,1.00,1.50
2015.04.17 12:35:47.333,0.73346,0.73381,1.00,1.00
2015.04.17 12:35:47.566,0.73347,0.73385,1.00,1.00
2015.04.17 12:35:47.674,0.73349,0.73388,1.50,1.00
2015.04.17 12:35:47.897,0.73349,0.73384,1.00,1.00
2015.04.17 12:35:48.000,0.73347,0.73384,1.00,1.00
2015.04.17 12:35:48.577,0.73348,0.73384,1.00,1.00
2015.04.17 12:35:48.838,0.73348,0.73387,1.00,1.50
2015.04.17 12:35:49.068,0.73352,0.73387,1.00,1.00
2015.04.17 12:35:49.168,0.73355,0.73392,1.50,1.00
2015.04.17 12:35:49.281,0.73359,0.73393,1.00,1.00
2015.04.17 12:35:49.382,0.73357,0.73393,1.00,1.00
2015.04.17 12:35:49.633,0.73355,0.73392,1.50,1.50
2015.04.17 12:35:50.176,0.73354,0.73389,1.00,1.00
2015.04.17 12:35:50.387,0.73355,0.73391,1.00,1.00
2015.04.17 12:35:50.596,0.73359,0.73391,1.00,1.00
2015.04.17 12:35:50.887,0.73356,0.73391,1.00,1.50
2015.04.17 12:35:50.988,0.73356,0.73393,1.00,1.00
2015.04.17 12:35:51.239,0.73355,0.73391,1.00,1.00
2015.04.17 12:35:51.877,0.73354,0.73391,1.00,1.50
2015.04.17 12:35:52.208,0.73353,0.73391,1.00,1.87
2015.04.17 12:35:52.726,0.73355,0.7339,1.00,1.12
2015.04.17 12:35:53.063,0.73355,0.73386,1.00,1.00
2015.04.17 12:35:53.114,0.73351,0.73386,1.00,1.00
2015.04.17 12:35:53.701,0.73351,0.73387,1.00,1.00
2015.04.17 12:35:53.801,0.73354,0.73387,1.00,1.00
2015.04.17 12:35:54.016,0.73352,0.73387,1.00,1.00
2015.04.17 12:35:54.104,0.73354,0.73387,1.00,1.00
2015.04.17 12:35:54.204,0.73352,0.73387,1.00,1.00
2015.04.17 12:35:54.298,0.73354,0.73387,1.00,1.00
2015.04.17 12:35:54.407,0.73352,0.73387,1.00,1.00
2015.04.17 12:35:54.856,0.73354,0.73388,1.00,1.00
2015.04.17 12:35:55.006,0.73352,0.73388,1.00,1.00
2015.04.17 12:35:55.373,0.73351,0.73386,1.00,1.00
2015.04.17 12:35:55.574,0.73349,0.73386,1.50,1.00
2015.04.17 12:35:55.675,0.73348,0.73384,1.37,1.00
2015.04.17 12:35:55.976,0.73348,0.73381,1.00,1.00
2015.04.17 12:35:56.127,0.73344,0.73379,1.50,1.00
2015.04.17 12:35:56.228,0.73342,0.73378,1.00,1.00
2015.04.17 12:35:56.663,0.7334,0.73377,1.00,1.50
2015.04.17 12:35:57.319,0.73341,0.73377,1.00,1.00
2015.04.17 12:35:57.520,0.73341,0.73379,1.00,1.50
2015.04.17 12:35:57.675,0.73344,0.73379,1.00,1.00
2015.04.17 12:35:58.018,0.73339,0.7337,1.00,1.00
2015.04.17 12:35:58.279,0.73336,0.7337,1.00,1.00
2015.04.17 12:35:58.382,0.73336,0.73368,1.00,1.00
2015.04.17 12:35:58.432,0.73332,0.73365,1.00,1.00
2015.04.17 12:35:58.670,0.7333,0.73363,1.00,1.00
2015.04.17 12:35:58.720,0.73325,0.73363,1.50,1.00
2015.04.17 12:35:58.771,0.7332,0.73358,1.50,1.00
2015.04.17 12:35:59.172,0.73314,0.73347,1.00,1.00
2015.04.17 12:35:59.473,0.7332,0.73347,1.00,1.00
2015.04.17 12:35:59.524,0.7332,0.73349,1.00,1.00
2015.04.17 12:35:59.624,0.73324,0.73349,1.00,1.00
2015.04.17 12:35:59.687,0.73319,0.73349,1.00,1.00
2015.04.17 12:35:59.796,0.73325,0.73349,1.00,1.00
2015.04.17 12:36:00.048,0.7332,0.7335,1.00,1.00
2015.04.17 12:36:00.348,0.73324,0.7335,1.00,1.00
2015.04.17 12:36:00.500,0.73324,0.73356,1.00,1.50
2015.04.17 12:36:00.601,0.7332,0.73356,1.50,1.00
2015.04.17 12:36:00.752,0.7332,0.73353,1.00,1.00
2015.04.17 12:36:00.902,0.73316,0.73351,1.00,1.00
2015.04.17 12:36:01.167,0.73315,0.73347,1.00,1.00
2015.04.17 12:36:01.268,0.73314,0.73349,1.00,1.00
2015.04.17 12:36:01.569,0.73312,0.73348,1.00,1.00
2015.04.17 12:36:01.620,0.73311,0.73345,1.00,1.00
2015.04.17 12:36:01.815,0.73312,0.73347,1.00,1.00
2015.04.17 12:36:02.017,0.73315,0.73347,1.00,1.00
2015.04.17 12:36:02.067,0.73316,0.7335,1.00,1.00
2015.04.17 12:36:02.369,0.73316,0.73348,1.00,1.00
2015.04.17 12:36:02.520,0.73316,0.7335,1.00,1.00
2015.04.17 12:36:02.755,0.7332,0.73351,1.00,1.00
2015.04.17 12:36:02.805,0.7332,0.73355,1.00,1.00
2015.04.17 12:36:02.956,0.7332,0.73353,1.00,1.00
2015.04.17 12:36:03.157,0.73324,0.73358,1.00,1.00
2015.04.17 12:36:03.265,0.73324,0.73355,1.00,1.00
2015.04.17 12:36:03.367,0.73322,0.73355,1.00,1.00
2015.04.17 12:36:03.588,0.73324,0.73355,1.00,1.00
2015.04.17 12:36:03.641,0.73324,0.73357,1.00,1.00
2015.04.17 12:36:04.467,0.73323,0.73357,1.00,1.00
2015.04.17 12:36:04.719,0.73324,0.7336,1.50,1.00
2015.04.17 12:36:04.769,0.73329,0.7336,1.00,1.00
2015.04.17 12:36:04.819,0.73329,0.73362,1.00,1.00
2015.04.17 12:36:04.920,0.73332,0.73368,1.00,1.00
2015.04.17 12:36:05.042,0.73336,0.7337,1.00,1.00
2015.04.17 12:36:05.243,0.73331,0.73366,1.00,1.00
2015.04.17 12:36:05.358,0.73331,0.73363,1.00,1.00
2015.04.17 12:36:06.245,0.73331,0.73365,1.00,1.00
2015.04.17 12:36:06.453,0.73326,0.73363,1.00,1.00
2015.04.17 12:36:06.604,0.73326,0.7336,1.00,1.00
2015.04.17 12:36:07.139,0.73325,0.73358,1.00,1.00
2015.04.17 12:36:08.000,0.73325,0.7336,1.00,1.50
2015.04.17 12:36:08.502,0.73326,0.73361,1.00,1.50
2015.04.17 12:36:08.704,0.73327,0.73364,1.00,1.87
2015.04.17 12:36:08.754,0.73331,0.73364,1.00,1.12
2015.04.17 12:36:08.862,0.73325,0.73362,1.50,1.00
2015.04.17 12:36:09.113,0.73327,0.73361,1.00,1.00
2015.04.17 12:36:09.458,0.73332,0.73366,1.00,1.50
2015.04.17 12:36:09.764,0.73329,0.73364,1.00,1.00
2015.04.17 12:36:10.066,0.73327,0.73364,1.00,1.50
2015.04.17 12:36:10.217,0.73331,0.73364,1.00,1.00
2015.04.17 12:36:10.318,0.73329,0.73364,1.00,1.00
2015.04.17 12:36:10.419,0.7333,0.73366,1.00,1.00
2015.04.17 12:36:10.858,0.73332,0.73366,1.00,1.00
2015.04.17 12:36:10.991,0.7333,0.73366,1.00,1.00
2015.04.17 12:36:11.319,0.73329,0.73362,1.00,1.50
2015.04.17 12:36:11.369,0.73326,0.73362,1.00,1.87
2015.04.17 12:36:11.524,0.73325,0.73359,2.25,1.00
2015.04.17 12:36:11.624,0.73326,0.73361,1.00,1.00
2015.04.17 12:36:11.850,0.73329,0.73364,1.00,1.00
2015.04.17 12:36:12.284,0.73327,0.73363,1.00,1.00
2015.04.17 12:36:12.435,0.73327,0.7336,1.00,1.00
2015.04.17 12:36:12.486,0.73325,0.7336,1.00,1.00
2015.04.17 12:36:12.737,0.73324,0.73358,1.00,1.00
2015.04.17 12:36:13.283,0.73321,0.73358,1.00,1.50
2015.04.17 12:36:13.584,0.73325,0.73358,1.00,1.00
2015.04.17 12:36:13.735,0.73325,0.73361,1.00,1.00
2015.04.17 12:36:14.077,0.73327,0.73361,1.00,1.00
2015.04.17 12:36:14.379,0.7332,0.73355,1.00,1.00
2015.04.17 12:36:14.479,0.73317,0.7335,1.00,1.00
2015.04.17 12:36:14.530,0.73315,0.7335,1.00,1.00
2015.04.17 12:36:15.098,0.73315,0.73351,1.00,1.00
2015.04.17 12:36:15.483,0.73315,0.73348,1.00,1.00
2015.04.17 12:36:15.667,0.73312,0.73348,1.00,1.87
2015.04.17 12:36:15.768,0.73314,0.73346,1.00,1.00
2015.04.17 12:36:15.818,0.73323,0.73357,1.00,1.00
2015.04.17 12:36:15.869,0.7333,0.73357,1.00,1.00
2015.04.17 12:36:15.919,0.7333,0.73362,1.00,1.00
2015.04.17 12:36:16.092,0.73326,0.73362,1.00,1.00
2015.04.17 12:36:16.142,0.73329,0.73363,1.00,1.00
2015.04.17 12:36:16.445,0.73329,0.7336,1.50,1.00
2015.04.17 12:36:16.628,0.73328,0.73362,1.00,1.00
2015.04.17 12:36:16.678,0.73334,0.73362,1.50,1.00
2015.04.17 12:36:16.729,0.73334,0.7337,1.50,1.00
2015.04.17 12:36:16.930,0.73334,0.73368,1.00,1.00
2015.04.17 12:36:17.346,0.73334,0.73365,1.00,1.00
2015.04.17 12:36:17.789,0.73335,0.73369,1.00,1.00
2015.04.17 12:36:17.890,0.73337,0.73368,1.00,1.00
2015.04.17 12:36:18.217,0.73327,0.73363,1.00,1.00
2015.04.17 12:36:18.285,0.73329,0.73363,1.00,1.00
2015.04.17 12:36:18.587,0.73329,0.73359,1.00,1.00
2015.04.17 12:36:18.637,0.73324,0.73359,1.00,1.00
2015.04.17 12:36:18.688,0.73321,0.73358,1.00,1.00
2015.04.17 12:36:18.738,0.73321,0.73356,1.00,1.00
2015.04.17 12:36:18.862,0.73321,0.73358,1.00,1.00
2015.04.17 12:36:18.912,0.73323,0.73359,1.00,1.50
2015.04.17 12:36:19.214,0.73329,0.73362,1.00,1.00
2015.04.17 12:36:19.406,0.73327,0.73362,1.00,1.00
2015.04.17 12:36:19.654,0.73324,0.73361,1.50,1.00
2015.04.17 12:36:19.855,0.73324,0.73358,1.00,1.00
2015.04.17 12:36:19.956,0.73321,0.73358,1.00,1.00
2015.04.17 12:36:20.006,0.73319,0.73354,1.00,1.00
2015.04.17 12:36:20.207,0.73313,0.73351,1.00,1.00
2015.04.17 12:36:20.316,0.73316,0.73353,1.00,1.00
2015.04.17 12:36:20.646,0.73316,0.73351,1.00,1.50
2015.04.17 12:36:20.867,0.73314,0.73351,1.00,1.50
2015.04.17 12:36:21.198,0.73316,0.73351,1.00,1.00
2015.04.17 12:36:21.307,0.73318,0.73354,1.00,1.00
2015.04.17 12:36:21.408,0.73328,0.7336,1.00,1.00
2015.04.17 12:36:21.559,0.7333,0.73365,1.00,1.00
2015.04.17 12:36:21.666,0.7333,0.73367,1.00,1.00
2015.04.17 12:36:21.766,0.73328,0.73366,1.00,1.50
2015.04.17 12:36:21.817,0.7333,0.73366,1.00,1.50
2015.04.17 12:36:22.137,0.7333,0.73362,1.00,1.00
2015.04.17 12:36:22.188,0.73329,0.73364,1.00,1.00
2015.04.17 12:36:22.289,0.73329,0.73362,1.00,1.00
2015.04.17 12:36:22.625,0.73331,0.73365,1.00,1.00
2015.04.17 12:36:23.153,0.7333,0.73366,1.00,1.50
2015.04.17 12:36:23.254,0.7333,0.73368,1.00,1.50
2015.04.17 12:36:23.617,0.73333,0.73368,1.00,1.00
2015.04.17 12:36:24.160,0.73336,0.73369,1.00,1.00
2015.04.17 12:36:24.411,0.73333,0.73368,1.00,1.00
2015.04.17 12:36:24.937,0.73336,0.73368,1.00,1.00
2015.04.17 12:36:25.048,0.73336,0.73371,1.00,1.00
2015.04.17 12:36:25.399,0.73334,0.73371,1.00,1.00
2015.04.17 12:36:25.450,0.73334,0.73367,1.00,1.00
2015.04.17 12:36:25.820,0.7333,0.73367,1.00,1.00
2015.04.17 12:36:25.921,0.73327,0.73364,1.00,1.00
2015.04.17 12:36:26.248,0.73323,0.73361,1.50,1.00
2015.04.17 12:36:26.367,0.73326,0.73362,1.00,1.00
2015.04.17 12:36:26.817,0.73324,0.73362,1.00,1.00
2015.04.17 12:36:27.027,0.73326,0.73363,1.00,1.00
2015.04.17 12:36:27.149,0.73327,0.73365,1.00,1.00
2015.04.17 12:36:27.455,0.73329,0.73366,1.00,1.00
2015.04.17 12:36:27.974,0.73328,0.73366,1.00,1.87
2015.04.17 12:36:28.765,0.73329,0.73367,1.00,1.50
2015.04.17 12:36:29.128,0.73331,0.73368,1.00,1.00
2015.04.17 12:36:29.447,0.73338,0.73375,1.00,1.00
2015.04.17 12:36:29.753,0.73335,0.73371,1.00,1.00
2015.04.17 12:36:30.296,0.73334,0.7337,1.00,1.00
2015.04.17 12:36:30.827,0.73333,0.73371,1.50,1.00
2015.04.17 12:36:31.149,0.73335,0.73368,1.00,1.00
2015.04.17 12:36:31.308,0.73333,0.73368,1.00,1.00
2015.04.17 12:36:31.364,0.73333,0.7337,1.00,1.50
2015.04.17 12:36:31.415,0.73335,0.73369,1.00,1.00
2015.04.17 12:36:31.667,0.73332,0.73367,1.00,1.00
2015.04.17 12:36:32.427,0.73332,0.73368,1.00,1.00
2015.04.17 12:36:32.486,0.73332,0.73365,1.00,1.00
2015.04.17 12:36:32.536,0.7333,0.73365,1.50,1.00
2015.04.17 12:36:32.706,0.7333,0.73362,1.00,1.00
2015.04.17 12:36:33.029,0.73332,0.73362,1.00,1.00
2015.04.17 12:36:33.198,0.73328,0.7336,1.00,1.00
2015.04.17 12:36:33.299,0.73325,0.73358,1.00,1.50
2015.04.17 12:36:33.399,0.73321,0.73356,1.00,1.00
2015.04.17 12:36:33.500,0.73325,0.73356,1.00,1.00
2015.04.17 12:36:33.701,0.73325,0.73358,1.00,1.00
2015.04.17 12:36:33.752,0.73329,0.73359,1.00,1.00
2015.04.17 12:36:33.811,0.73329,0.73361,1.00,1.00
2015.04.17 12:36:33.967,0.73333,0.73368,1.00,1.50
2015.04.17 12:36:34.079,0.73337,0.73371,1.00,1.00
2015.04.17 12:36:34.437,0.73341,0.73373,1.00,1.00
2015.04.17 12:36:34.640,0.73339,0.73373,1.50,1.00
2015.04.17 12:36:34.740,0.73344,0.73374,1.00,1.00
2015.04.17 12:36:34.848,0.73344,0.73378,1.00,1.00
2015.04.17 12:36:34.907,0.73344,0.73374,1.00,1.00
2015.04.17 12:36:34.958,0.73339,0.73374,1.50,1.50
2015.04.17 12:36:35.017,0.73339,0.73368,1.50,1.00
2015.04.17 12:36:35.251,0.73329,0.73364,1.00,1.00
2015.04.17 12:36:35.302,0.73329,0.73361,1.00,1.00
2015.04.17 12:36:35.359,0.73325,0.73361,1.50,1.00
2015.04.17 12:36:35.508,0.73329,0.73359,1.00,1.00
2015.04.17 12:36:36.016,0.73329,0.7336,1.00,1.00
2015.04.17 12:36:36.589,0.7333,0.7336,1.00,1.00
2015.04.17 12:36:36.690,0.7333,0.73363,1.00,1.50
2015.04.17 12:36:36.786,0.73327,0.73363,1.00,1.50
2015.04.17 12:36:36.897,0.73329,0.73363,1.00,1.50
2015.04.17 12:36:37.007,0.73327,0.73363,1.00,1.50
2015.04.17 12:36:37.116,0.73329,0.73362,1.00,1.00
2015.04.17 12:36:37.493,0.7333,0.73365,1.12,1.00
2015.04.17 12:36:37.543,0.7333,0.73365,1.37,1.00
2015.04.17 12:36:37.594,0.73333,0.73368,1.37,1.00
2015.04.17 12:36:37.701,0.73336,0.73368,1.00,1.00
2015.04.17 12:36:37.802,0.73336,0.7337,1.00,1.00
2015.04.17 12:36:38.157,0.73334,0.73368,1.00,1.37
2015.04.17 12:36:38.258,0.73335,0.73371,1.00,1.00
2015.04.17 12:36:39.146,0.73334,0.7337,1.50,1.00
2015.04.17 12:36:39.218,0.73334,0.73366,1.00,1.00
2015.04.17 12:36:39.269,0.73332,0.73366,1.00,1.50
2015.04.17 12:36:39.689,0.73332,0.73368,1.00,1.50
2015.04.17 12:36:39.740,0.73334,0.73368,1.00,1.00
2015.04.17 12:36:40.026,0.73335,0.73371,1.00,1.00
2015.04.17 12:36:40.685,0.73333,0.73369,1.50,1.00
2015.04.17 12:36:41.317,0.73335,0.73371,1.00,1.87
2015.04.17 12:36:41.620,0.73339,0.73373,1.00,1.00
2015.04.17 12:36:41.898,0.7334,0.73376,1.87,1.00
2015.04.17 12:36:41.948,0.73343,0.73376,1.00,1.00
2015.04.17 12:36:41.999,0.73345,0.73379,1.00,1.00
2015.04.17 12:36:42.099,0.73347,0.73383,1.00,1.00
2015.04.17 12:36:42.319,0.73347,0.73381,1.50,1.00
2015.04.17 12:36:42.746,0.73346,0.73379,1.00,1.00
2015.04.17 12:36:43.176,0.73344,0.73379,1.50,1.00
2015.04.17 12:36:43.775,0.73344,0.73378,1.00,1.00
2015.04.17 12:36:44.100,0.73344,0.73379,1.50,1.75
2015.04.17 12:36:44.201,0.73342,0.73378,1.50,1.50
2015.04.17 12:36:44.402,0.73342,0.73378,1.50,1.00
2015.04.17 12:36:44.530,0.73345,0.7338,1.00,1.50
2015.04.17 12:36:44.832,0.73337,0.73372,1.00,1.50
2015.04.17 12:36:45.149,0.73339,0.73372,1.00,1.00
2015.04.17 12:36:45.199,0.7334,0.73374,1.00,1.50
2015.04.17 12:36:45.736,0.73341,0.73374,1.00,1.00
2015.04.17 12:36:46.403,0.73341,0.73376,1.00,1.87
2015.04.17 12:36:46.696,0.73341,0.73374,1.00,1.00
2015.04.17 12:36:47.045,0.73339,0.73372,1.00,1.00
2015.04.17 12:36:47.498,0.73337,0.7337,1.00,1.37
2015.04.17 12:36:47.598,0.73336,0.73371,1.00,1.00
2015.04.17 12:36:47.717,0.73334,0.73369,1.50,1.00
2015.04.17 12:36:48.019,0.73337,0.7337,1.00,1.00
2015.04.17 12:36:48.320,0.73339,0.73371,1.00,1.00
2015.04.17 12:36:48.371,0.73336,0.73369,1.00,1.00
2015.04.17 12:36:48.471,0.73338,0.7337,1.00,1.00
2015.04.17 12:36:48.572,0.73334,0.73369,1.00,1.00
2015.04.17 12:36:48.725,0.73332,0.73363,1.00,1.00
2015.04.17 12:36:48.775,0.73329,0.73363,1.00,1.00
2015.04.17 12:36:48.926,0.73332,0.73365,1.00,1.00
2015.04.17 12:36:49.128,0.7333,0.73365,1.50,1.00
2015.04.17 12:36:49.229,0.73335,0.73371,1.00,1.00
2015.04.17 12:36:49.435,0.73333,0.7337,1.00,1.00
2015.04.17 12:36:49.895,0.73335,0.73371,1.00,1.50
2015.04.17 12:36:50.147,0.73335,0.73373,1.00,1.00
2015.04.17 12:36:50.269,0.7334,0.73373,1.00,1.00
2015.04.17 12:36:50.337,0.73334,0.73373,1.00,1.00
2015.04.17 12:36:50.488,0.73337,0.73373,1.00,1.00
2015.04.17 12:36:50.638,0.73341,0.7338,1.00,1.37
2015.04.17 12:36:50.842,0.73341,0.7338,1.00,1.12
2015.04.17 12:36:50.892,0.73341,0.73378,1.00,1.00
2015.04.17 12:36:51.194,0.7334,0.73378,1.00,1.87
2015.04.17 12:36:51.587,0.7334,0.73372,1.00,1.00
2015.04.17 12:36:51.699,0.73336,0.73372,1.00,1.00
2015.04.17 12:36:51.799,0.73339,0.73365,1.00,1.00
2015.04.17 12:36:51.876,0.73336,0.73365,1.00,1.00
2015.04.17 12:36:52.100,0.73336,0.73362,1.00,1.00
2015.04.17 12:36:52.275,0.73334,0.73362,1.00,1.00
2015.04.17 12:36:53.311,0.73332,0.73364,1.00,1.00
2015.04.17 12:36:53.867,0.73332,0.73363,1.00,1.00
2015.04.17 12:36:54.228,0.73332,0.7336,1.00,1.00
2015.04.17 12:36:54.279,0.7333,0.7336,1.00,1.00
2015.04.17 12:36:54.379,0.73332,0.7336,1.00,1.00
2015.04.17 12:36:54.430,0.73332,0.73362,1.00,1.00
2015.04.17 12:36:54.587,0.73335,0.73362,1.00,1.00
2015.04.17 12:36:54.638,0.73335,0.73364,1.00,1.00
2015.04.17 12:36:54.767,0.73335,0.73367,1.00,1.00
2015.04.17 12:36:54.918,0.73337,0.73367,1.00,1.00
2015.04.17 12:36:54.969,0.7334,0.73371,1.00,1.00
2015.04.17 12:36:55.278,0.7334,0.73368,1.00,1.00
2015.04.17 12:36:55.609,0.73339,0.7337,1.00,1.00
2015.04.17 12:36:56.277,0.73336,0.73367,1.00,1.00
2015.04.17 12:36:56.529,0.73335,0.73371,1.00,1.50
2015.04.17 12:36:56.596,0.73335,0.73369,1.00,1.00
2015.04.17 12:36:56.927,0.73334,0.73366,1.00,1.00
2015.04.17 12:36:57.468,0.73334,0.73367,1.00,1.00
2015.04.17 12:36:57.619,0.73334,0.73369,1.00,1.00
2015.04.17 12:36:57.805,0.73336,0.73369,1.00,1.00
2015.04.17 12:36:58.176,0.73336,0.73371,1.00,1.00
2015.04.17 12:36:58.277,0.73336,0.73365,1.00,1.00
2015.04.17 12:36:58.485,0.73333,0.73372,1.00,1.00
2015.04.17 12:36:58.547,0.73335,0.73372,1.00,1.00
2015.04.17 12:36:58.859,0.73344,0.73376,1.00,1.00
2015.04.17 12:36:58.910,0.73344,0.73383,1.00,1.00
2015.04.17 12:36:59.161,0.73349,0.73386,1.00,1.00
2015.04.17 12:36:59.564,0.73349,0.73388,1.00,1.00
2015.04.17 12:36:59.896,0.73349,0.73386,1.00,1.00
2015.04.17 12:37:00.445,0.73349,0.73383,1.12,1.00
2015.04.17 12:37:00.596,0.73346,0.73382,1.00,1.00
2015.04.17 12:37:00.776,0.73346,0.7338,1.00,1.00
2015.04.17 12:37:00.877,0.73341,0.7338,1.00,1.87
2015.04.17 12:37:01.387,0.7334,0.73379,1.12,1.00
2015.04.17 12:37:01.901,0.73338,0.73376,1.37,1.00
2015.04.17 12:37:02.202,0.73343,0.73376,1.00,1.00
2015.04.17 12:37:02.353,0.73343,0.73378,1.12,1.00
2015.04.17 12:37:02.839,0.73341,0.73378,1.00,1.00
2015.04.17 12:37:03.206,0.73342,0.7338,1.00,1.00
2015.04.17 12:37:03.357,0.73341,0.73375,1.00,1.00
2015.04.17 12:37:03.408,0.73339,0.73375,1.00,1.00
2015.04.17 12:37:03.559,0.73338,0.73371,1.00,1.00
2015.04.17 12:37:03.609,0.73334,0.73371,1.00,1.00
2015.04.17 12:37:03.830,0.73334,0.73369,1.00,1.00
2015.04.17 12:37:03.881,0.73335,0.73371,1.00,1.00
2015.04.17 12:37:03.981,0.73331,0.73371,1.50,1.00
2015.04.17 12:37:04.310,0.73333,0.73369,1.00,1.00
2015.04.17 12:37:04.766,0.73336,0.73369,1.00,1.00
2015.04.17 12:37:04.835,0.73334,0.73369,1.00,1.00
2015.04.17 12:37:05.364,0.73335,0.7337,1.00,1.00
2015.04.17 12:37:05.415,0.73337,0.7337,1.00,1.00
2015.04.17 12:37:05.836,0.73337,0.73372,1.00,1.00
2015.04.17 12:37:05.987,0.73333,0.73368,1.12,1.00
2015.04.17 12:37:06.339,0.7333,0.73367,1.50,1.00
2015.04.17 12:37:06.389,0.73332,0.73366,1.00,1.00
2015.04.17 12:37:06.696,0.73332,0.73364,1.00,1.00
2015.04.17 12:37:06.746,0.73328,0.73363,1.00,1.00
2015.04.17 12:37:06.847,0.73332,0.73363,1.00,1.00
2015.04.17 12:37:06.947,0.73334,0.73366,1.00,1.00
2015.04.17 12:37:07.088,0.73335,0.73371,1.00,1.00
2015.04.17 12:37:07.289,0.73333,0.73369,1.00,1.00
2015.04.17 12:37:07.625,0.7334,0.73375,1.00,1.00
2015.04.17 12:37:07.856,0.73338,0.73375,1.00,1.00
2015.04.17 12:37:07.957,0.73335,0.73371,1.00,1.50
2015.04.17 12:37:08.474,0.73335,0.73368,1.00,1.00
2015.04.17 12:37:08.833,0.73332,0.73366,1.37,1.00
2015.04.17 12:37:09.167,0.73339,0.73369,1.00,1.00
2015.04.17 12:37:09.268,0.7334,0.73372,1.00,1.00
2015.04.17 12:37:09.835,0.73339,0.73372,1.00,1.00
2015.04.17 12:37:10.565,0.73339,0.73373,1.00,1.00
2015.04.17 12:37:10.716,0.73337,0.73366,1.00,1.00
2015.04.17 12:37:10.816,0.73333,0.73366,1.00,1.00
2015.04.17 12:37:10.917,0.73331,0.73365,1.00,1.50
2015.04.17 12:37:11.018,0.73331,0.73363,1.00,1.00
2015.04.17 12:37:11.118,0.73331,0.73365,1.00,1.00
2015.04.17 12:37:11.656,0.73334,0.73365,1.00,1.00
2015.04.17 12:37:12.144,0.73335,0.73368,1.50,1.00
2015.04.17 12:37:12.245,0.73336,0.73371,1.00,1.00
2015.04.17 12:37:13.026,0.73336,0.73373,1.00,1.00
2015.04.17 12:37:13.088,0.73339,0.73373,1.00,1.00
2015.04.17 12:37:13.346,0.73337,0.73372,1.00,1.00
2015.04.17 12:37:13.446,0.73335,0.73371,1.00,1.00
2015.04.17 12:37:13.857,0.73337,0.73371,1.00,1.00
2015.04.17 12:37:15.176,0.73335,0.73371,1.00,1.00
2015.04.17 12:37:15.586,0.73334,0.73371,3.00,1.00
2015.04.17 12:37:15.636,0.73339,0.73375,1.37,1.00
2015.04.17 12:37:16.284,0.73339,0.73374,1.50,1.00
2015.04.17 12:37:16.866,0.7334,0.73375,1.00,1.00
2015.04.17 12:37:17.495,0.7334,0.73379,1.87,1.87
2015.04.17 12:37:17.595,0.7334,0.73379,1.87,1.50
2015.04.17 12:37:17.897,0.73344,0.7338,1.00,1.00
2015.04.17 12:37:18.198,0.73349,0.73378,1.00,1.00
2015.04.17 12:37:18.299,0.7335,0.73384,1.00,1.00
2015.04.17 12:37:18.826,0.73349,0.73378,1.00,1.00
2015.04.17 12:37:18.876,0.73344,0.73378,1.00,1.00
2015.04.17 12:37:18.927,0.73342,0.73376,1.00,1.00
2015.04.17 12:37:19.028,0.73338,0.73375,1.12,1.00
2015.04.17 12:37:19.078,0.73338,0.73372,1.12,1.00
2015.04.17 12:37:19.394,0.73338,0.73375,1.12,1.00
2015.04.17 12:37:19.494,0.73341,0.73377,1.00,1.00
2015.04.17 12:37:19.817,0.73347,0.73377,1.00,1.00
2015.04.17 12:37:19.918,0.73347,0.73382,1.00,1.00
2015.04.17 12:37:20.235,0.73349,0.73382,1.00,1.00
2015.04.17 12:37:20.387,0.73357,0.73392,1.00,1.00
2015.04.17 12:37:20.457,0.73354,0.73392,1.00,1.00
2015.04.17 12:37:20.509,0.73354,0.73387,1.00,1.00
2015.04.17 12:37:20.610,0.73352,0.73387,1.00,1.00
2015.04.17 12:37:20.683,0.73352,0.73385,1.00,1.00
2015.04.17 12:37:20.790,0.73349,0.73385,1.50,1.00
2015.04.17 12:37:20.840,0.73349,0.73382,1.00,1.00
2015.04.17 12:37:20.897,0.73346,0.73382,1.00,1.00
2015.04.17 12:37:21.017,0.73346,0.73379,1.00,1.00
2015.04.17 12:37:21.117,0.73344,0.73379,1.00,1.00
2015.04.17 12:37:21.707,0.73344,0.73378,1.00,1.00
2015.04.17 12:37:22.149,0.73349,0.73379,1.00,1.00
2015.04.17 12:37:22.300,0.73345,0.7338,1.00,1.00
2015.04.17 12:37:22.351,0.73345,0.73378,1.00,1.00
2015.04.17 12:37:22.451,0.73345,0.7338,1.00,1.00
2015.04.17 12:37:22.707,0.73344,0.73378,1.00,1.00
2015.04.17 12:37:23.324,0.73344,0.73376,1.00,1.00
2015.04.17 12:37:23.426,0.73342,0.73376,1.00,1.00
2015.04.17 12:37:23.476,0.73345,0.73377,1.00,1.00
2015.04.17 12:37:23.575,0.73342,0.73377,1.00,1.00
2015.04.17 12:37:24.126,0.73342,0.73376,1.00,1.00
2015.04.17 12:37:24.198,0.73344,0.73376,1.00,1.00
2015.04.17 12:37:24.465,0.73346,0.7338,1.00,1.00
2015.04.17 12:37:24.666,0.73349,0.73384,1.00,1.00
2015.04.17 12:37:24.871,0.73346,0.73382,1.00,1.00
2015.04.17 12:37:24.973,0.73346,0.73378,1.00,1.00
2015.04.17 12:37:25.195,0.73346,0.73382,1.00,1.00
2015.04.17 12:37:25.416,0.73346,0.7338,1.00,1.00
2015.04.17 12:37:26.614,0.73349,0.7338,1.00,1.00
2015.04.17 12:37:27.614,0.73349,0.73379,1.00,1.00
2015.04.17 12:37:27.715,0.73345,0.73379,1.00,1.00
2015.04.17 12:37:27.766,0.73345,0.73377,1.00,1.00
2015.04.17 12:37:28.407,0.73345,0.73376,1.00,1.00
2015.04.17 12:37:28.860,0.73343,0.73375,1.00,1.00
2015.04.17 12:37:29.488,0.73343,0.73377,1.00,1.00
2015.04.17 12:37:29.696,0.73345,0.73378,1.00,1.12
2015.04.17 12:37:29.948,0.7334,0.73375,1.00,1.00
2015.04.17 12:37:30.099,0.73338,0.73375,1.00,1.12
2015.04.17 12:37:30.149,0.73336,0.73371,1.12,1.00
2015.04.17 12:37:30.467,0.73339,0.7337,1.00,1.00
2015.04.17 12:37:30.946,0.73337,0.73371,1.00,1.00
2015.04.17 12:37:31.145,0.73337,0.73369,1.00,1.00
2015.04.17 12:37:31.447,0.73335,0.73368,1.00,1.00
2015.04.17 12:37:31.718,0.73332,0.73367,1.00,1.00
2015.04.17 12:37:31.768,0.73332,0.73367,1.00,1.37
2015.04.17 12:37:31.819,0.73328,0.73362,1.12,1.00
2015.04.17 12:37:32.447,0.73328,0.73361,1.00,1.00
2015.04.17 12:37:32.887,0.73326,0.73361,1.00,1.00
2015.04.17 12:37:33.045,0.7333,0.73361,1.00,1.00
2015.04.17 12:37:33.252,0.73331,0.73363,1.00,1.00
2015.04.17 12:37:33.353,0.73331,0.73365,1.00,1.00
2015.04.17 12:37:33.453,0.73334,0.73365,1.00,1.00
2015.04.17 12:37:33.908,0.73336,0.73365,1.00,1.00
2015.04.17 12:37:34.557,0.73333,0.73365,1.12,1.00
2015.04.17 12:37:36.234,0.73333,0.73366,1.12,1.00
2015.04.17 12:37:37.335,0.73333,0.73366,1.00,1.37
2015.04.17 12:37:37.444,0.73333,0.73363,1.00,1.00
2015.04.17 12:37:37.659,0.73331,0.73363,1.00,1.00
2015.04.17 12:37:37.710,0.73331,0.73363,1.37,1.00
2015.04.17 12:37:37.861,0.73332,0.73367,1.00,1.00
2015.04.17 12:37:38.114,0.73332,0.73363,1.00,1.00
2015.04.17 12:37:38.216,0.7333,0.73363,1.00,1.00
2015.04.17 12:37:38.766,0.73329,0.73364,1.00,1.00
2015.04.17 12:37:38.971,0.73329,0.7336,1.00,1.00
2015.04.17 12:37:39.322,0.73325,0.73356,1.00,1.00
2015.04.17 12:37:39.423,0.73323,0.73356,1.00,1.00
2015.04.17 12:37:40.016,0.73324,0.73356,1.00,1.00
2015.04.17 12:37:40.067,0.73324,0.73354,1.00,1.00
2015.04.17 12:37:40.167,0.73324,0.73357,1.00,1.00
2015.04.17 12:37:40.636,0.7333,0.73358,1.00,1.00
2015.04.17 12:37:40.857,0.73325,0.73356,1.00,1.00
2015.04.17 12:37:41.274,0.73329,0.73357,1.00,1.00
2015.04.17 12:37:41.375,0.73325,0.73358,1.00,1.00
2015.04.17 12:37:41.528,0.73324,0.73353,1.00,1.00
2015.04.17 12:37:41.579,0.73319,0.73353,1.00,1.00
2015.04.17 12:37:41.629,0.73319,0.73351,1.00,1.00
2015.04.17 12:37:41.730,0.7332,0.73355,1.00,1.00
2015.04.17 12:37:41.957,0.7332,0.73357,2.25,1.00
2015.04.17 12:37:42.058,0.73323,0.73357,1.00,1.00
2015.04.17 12:37:42.389,0.73325,0.73361,1.00,1.00
2015.04.17 12:37:42.562,0.73324,0.73355,1.00,1.00
2015.04.17 12:37:42.832,0.73324,0.73357,1.50,1.00
2015.04.17 12:37:42.932,0.7333,0.73361,1.00,1.00
2015.04.17 12:37:43.033,0.73326,0.73358,1.00,1.00
2015.04.17 12:37:43.134,0.73322,0.73358,1.00,1.00
2015.04.17 12:37:43.235,0.73322,0.73355,1.00,1.00
2015.04.17 12:37:43.543,0.73325,0.73355,1.00,1.00
2015.04.17 12:37:44.224,0.73325,0.73356,1.00,1.00
2015.04.17 12:37:44.376,0.73325,0.73358,1.00,1.50
2015.04.17 12:37:44.769,0.73329,0.73358,1.00,1.00
2015.04.17 12:37:45.003,0.73329,0.7336,1.00,1.00
2015.04.17 12:37:45.054,0.73325,0.7336,1.00,1.00
2015.04.17 12:37:45.105,0.73327,0.7336,1.00,1.00
2015.04.17 12:37:45.256,0.73325,0.73359,1.00,1.50
2015.04.17 12:37:45.356,0.73325,0.73361,1.00,1.00
2015.04.17 12:37:45.457,0.73329,0.73363,1.00,1.00
2015.04.17 12:37:45.915,0.73327,0.73363,1.00,1.00
2015.04.17 12:37:46.117,0.7333,0.73365,1.00,1.00
2015.04.17 12:37:46.643,0.7333,0.73366,1.50,1.00
2015.04.17 12:37:47.357,0.7333,0.73366,1.87,1.00
2015.04.17 12:37:47.562,0.73332,0.73368,1.00,1.00
2015.04.17 12:37:47.663,0.73335,0.7337,1.00,1.00
2015.04.17 12:37:48.001,0.73335,0.73371,1.37,1.00
2015.04.17 12:37:48.051,0.73335,0.73371,1.00,1.00
2015.04.17 12:37:48.102,0.73337,0.73371,1.00,1.00
2015.04.17 12:37:48.404,0.73336,0.73368,1.00,1.00
2015.04.17 12:37:48.836,0.73341,0.73375,1.37,1.00
2015.04.17 12:37:48.886,0.73341,0.73375,1.00,1.00
2015.04.17 12:37:49.104,0.73343,0.73377,1.50,1.00
2015.04.17 12:37:49.204,0.73345,0.73381,1.00,1.00
2015.04.17 12:37:50.058,0.73348,0.73382,1.00,1.00
2015.04.17 12:37:50.309,0.73345,0.73381,1.87,1.00
2015.04.17 12:37:50.857,0.73345,0.7338,1.37,1.00
2015.04.17 12:37:50.958,0.73343,0.73379,1.37,1.00
2015.04.17 12:37:51.507,0.73344,0.7338,1.37,1.50
2015.04.17 12:37:51.870,0.73344,0.7338,1.37,1.00
2015.04.17 12:37:52.473,0.73356,0.73383,1.00,1.00
2015.04.17 12:37:52.625,0.73356,0.73388,1.00,1.00
2015.04.17 12:37:52.725,0.73358,0.73389,1.00,1.00
2015.04.17 12:37:53.027,0.73362,0.73389,1.00,1.00
2015.04.17 12:37:53.128,0.73362,0.73391,1.00,1.00
2015.04.17 12:37:53.397,0.73362,0.73389,1.00,1.00
2015.04.17 12:37:53.785,0.7336,0.73384,1.00,1.00
2015.04.17 12:37:53.936,0.7336,0.73388,1.00,1.00
2015.04.17 12:37:54.385,0.7336,0.73391,1.00,1.00
2015.04.17 12:37:54.455,0.73362,0.73391,1.00,1.00
2015.04.17 12:37:55.282,0.73362,0.73391,1.00,1.37
2015.04.17 12:37:55.584,0.73361,0.7339,1.00,1.87
2015.04.17 12:37:55.684,0.73352,0.7338,1.00,1.00
2015.04.17 12:37:55.803,0.7335,0.73381,1.00,1.00
2015.04.17 12:37:55.857,0.7335,0.73386,1.00,1.50
2015.04.17 12:37:56.008,0.73354,0.73385,1.00,1.00
2015.04.17 12:37:56.289,0.73354,0.73389,1.00,1.00
2015.04.17 12:37:56.339,0.73356,0.73391,1.00,1.50
2015.04.17 12:37:56.440,0.73353,0.73389,1.00,1.00
2015.04.17 12:37:56.664,0.73352,0.73385,1.00,1.00
2015.04.17 12:37:56.969,0.73355,0.73385,1.00,1.00
2015.04.17 12:37:57.020,0.73349,0.73385,1.00,1.50
2015.04.17 12:37:57.121,0.73348,0.73382,1.00,1.00
2015.04.17 12:37:57.436,0.73345,0.73379,1.00,1.50
2015.04.17 12:37:57.536,0.73343,0.73378,1.00,1.00
2015.04.17 12:37:58.047,0.73343,0.73379,1.00,1.50
2015.04.17 12:37:58.206,0.73344,0.73377,1.00,1.00
2015.04.17 12:37:58.316,0.73344,0.7338,1.50,1.00
2015.04.17 12:37:59.023,0.73344,0.73379,1.00,1.00
2015.04.17 12:38:00.253,0.73345,0.73379,1.00,1.00
2015.04.17 12:38:00.304,0.73351,0.73382,1.00,1.37
2015.04.17 12:38:00.900,0.73351,0.73385,1.00,1.87
2015.04.17 12:38:01.426,0.73349,0.73383,1.00,1.12
2015.04.17 12:38:01.616,0.73348,0.73383,1.00,1.37
2015.04.17 12:38:01.954,0.73358,0.73385,1.00,1.00
2015.04.17 12:38:02.055,0.73359,0.73388,1.00,1.00
2015.04.17 12:38:02.399,0.73362,0.73392,1.00,1.00
2015.04.17 12:38:02.933,0.73363,0.73392,1.00,1.00
2015.04.17 12:38:03.462,0.73363,0.73392,1.00,1.37
2015.04.17 12:38:04.033,0.73363,0.73392,1.00,1.37
2015.04.17 12:38:05.134,0.73363,0.73392,1.00,1.12
2015.04.17 12:38:07.052,0.73363,0.73393,1.00,1.37
2015.04.17 12:38:07.153,0.7336,0.73393,1.00,1.50
2015.04.17 12:38:07.254,0.7336,0.73393,1.00,1.00
2015.04.17 12:38:07.355,0.73363,0.73393,1.00,1.75
2015.04.17 12:38:07.456,0.73356,0.73389,1.00,1.00
2015.04.17 12:38:07.556,0.73353,0.73388,1.00,1.00
2015.04.17 12:38:07.667,0.73359,0.73389,1.00,1.00
2015.04.17 12:38:07.717,0.73359,0.73392,1.00,1.00
2015.04.17 12:38:07.881,0.73362,0.73393,1.00,1.00
2015.04.17 12:38:08.133,0.7336,0.73393,1.00,1.00
2015.04.17 12:38:08.183,0.7336,0.73391,1.00,1.00
2015.04.17 12:38:08.495,0.7336,0.73389,1.00,1.00
2015.04.17 12:38:09.866,0.73361,0.73389,1.00,1.00
2015.04.17 12:38:10.305,0.73356,0.73389,1.00,1.00
2015.04.17 12:38:10.355,0.73356,0.73388,1.00,1.37
2015.04.17 12:38:10.556,0.73354,0.73388,1.00,1.37
2015.04.17 12:38:10.707,0.73354,0.73389,1.00,1.37
2015.04.17 12:38:10.853,0.73357,0.7339,1.00,1.50
2015.04.17 12:38:11.434,0.73358,0.7339,1.00,1.00
2015.04.17 12:38:11.735,0.73358,0.7339,1.00,1.50
2015.04.17 12:38:12.065,0.73355,0.73388,1.00,1.37
2015.04.17 12:38:12.532,0.73354,0.73386,1.00,1.50
2015.04.17 12:38:12.633,0.73351,0.73381,1.00,1.12
2015.04.17 12:38:12.684,0.73351,0.7338,1.00,1.37
2015.04.17 12:38:12.734,0.73348,0.7338,1.00,1.37
2015.04.17 12:38:12.946,0.73347,0.7338,1.00,1.50
2015.04.17 12:38:12.996,0.73347,0.73378,1.00,1.00
2015.04.17 12:38:13.165,0.73344,0.73378,1.00,1.37
2015.04.17 12:38:13.267,0.73344,0.73378,1.00,1.37
2015.04.17 12:38:13.795,0.73344,0.73373,1.00,1.00
2015.04.17 12:38:13.845,0.73341,0.73373,1.00,1.00
2015.04.17 12:38:13.896,0.73341,0.73376,1.00,1.50
2015.04.17 12:38:13.946,0.73343,0.73376,1.00,1.00
2015.04.17 12:38:14.097,0.73343,0.73379,1.00,1.00
2015.04.17 12:38:14.147,0.73345,0.7338,1.00,1.50
2015.04.17 12:38:14.450,0.73348,0.73383,1.00,1.00
2015.04.17 12:38:14.769,0.73347,0.7338,1.00,1.00
2015.04.17 12:38:15.406,0.73347,0.73377,1.00,1.00
2015.04.17 12:38:15.916,0.73345,0.73376,1.00,1.00
2015.04.17 12:38:16.506,0.73345,0.73375,1.00,1.00
2015.04.17 12:38:17.126,0.73346,0.73375,1.00,1.00
2015.04.17 12:38:18.038,0.73345,0.73375,1.00,1.12
2015.04.17 12:38:18.088,0.73345,0.73372,1.00,1.00
2015.04.17 12:38:18.545,0.73347,0.73372,1.00,1.00
2015.04.17 12:38:18.748,0.73347,0.73378,1.00,1.00
2015.04.17 12:38:18.815,0.73347,0.73376,1.00,1.00
2015.04.17 12:38:19.219,0.7335,0.73378,1.00,1.00
2015.04.17 12:38:19.624,0.73352,0.73378,1.00,1.00
2015.04.17 12:38:19.752,0.73348,0.73378,1.00,1.00
2015.04.17 12:38:19.926,0.73347,0.73374,1.00,1.00
2015.04.17 12:38:20.229,0.73345,0.73374,1.00,1.00
2015.04.17 12:38:22.724,0.73344,0.73374,1.00,1.00
2015.04.17 12:38:23.254,0.73344,0.73373,1.00,1.00
2015.04.17 12:38:23.635,0.73346,0.73373,1.00,1.00
2015.04.17 12:38:24.204,0.73346,0.73374,1.00,1.00
2015.04.17 12:38:26.064,0.73345,0.73374,1.00,1.00
2015.04.17 12:38:26.166,0.73343,0.73374,1.00,1.00
2015.04.17 12:38:26.436,0.73343,0.73371,1.00,1.00
2015.04.17 12:38:27.969,0.73343,0.73373,1.00,1.00
2015.04.17 12:38:28.145,0.73345,0.73373,1.00,1.00
2015.04.17 12:38:28.485,0.73348,0.73373,1.00,1.00
2015.04.17 12:38:29.905,0.73349,0.73373,1.00,1.00
2015.04.17 12:38:29.955,0.73349,0.73376,1.00,1.00
2015.04.17 12:38:30.005,0.73351,0.73376,1.00,1.00
2015.04.17 12:38:30.056,0.73351,0.73382,1.00,1.00
2015.04.17 12:38:30.106,0.73357,0.73382,1.00,1.00
2015.04.17 12:38:30.285,0.73357,0.73385,1.00,1.50
2015.04.17 12:38:30.436,0.73355,0.73385,1.00,1.00
2015.04.17 12:38:30.486,0.73355,0.7338,1.00,1.00
2015.04.17 12:38:31.431,0.73352,0.7338,1.00,1.00
2015.04.17 12:38:31.481,0.73352,0.73377,1.00,1.00
2015.04.17 12:38:31.992,0.73351,0.73377,1.00,1.00
2015.04.17 12:38:32.234,0.73351,0.73381,1.00,1.00
2015.04.17 12:38:32.685,0.73351,0.73381,1.00,1.37
2015.04.17 12:38:33.588,0.73351,0.73381,1.00,1.00
2015.04.17 12:38:33.788,0.73351,0.73381,1.00,1.87
2015.04.17 12:38:34.089,0.73353,0.7338,1.00,1.00
2015.04.17 12:38:34.876,0.73353,0.73378,1.00,1.00
2015.04.17 12:38:34.927,0.73349,0.73378,1.00,1.00
2015.04.17 12:38:35.293,0.73357,0.73377,1.00,1.00
2015.04.17 12:38:35.344,0.73357,0.73382,1.00,1.00
2015.04.17 12:38:35.512,0.73355,0.73382,1.00,1.00
2015.04.17 12:38:35.613,0.73352,0.73382,1.00,1.00
2015.04.17 12:38:35.663,0.73352,0.7338,1.00,1.00
2015.04.17 12:38:36.247,0.7335,0.7338,1.00,1.12
2015.04.17 12:38:36.347,0.7335,0.73377,1.00,1.00
2015.04.17 12:38:36.398,0.73347,0.73377,1.00,1.00
2015.04.17 12:38:36.448,0.73347,0.73374,1.00,1.00
2015.04.17 12:38:36.499,0.73345,0.73374,1.00,1.00
2015.04.17 12:38:36.600,0.73347,0.73376,1.00,1.00
2015.04.17 12:38:37.334,0.73347,0.73379,1.00,1.00
2015.04.17 12:38:37.385,0.73346,0.73376,1.00,1.00
2015.04.17 12:38:37.688,0.73351,0.73381,1.00,1.50
2015.04.17 12:38:38.040,0.73356,0.73382,1.00,1.00
2015.04.17 12:38:38.426,0.73356,0.73388,1.00,1.00
2015.04.17 12:38:38.476,0.73361,0.73388,1.00,1.00
2015.04.17 12:38:38.616,0.73361,0.7339,1.00,1.00
2015.04.17 12:38:38.804,0.73363,0.73391,1.00,1.00
2015.04.17 12:38:39.117,0.73365,0.73391,1.00,1.00
2015.04.17 12:38:39.167,0.73365,0.73395,1.00,1.50
2015.04.17 12:38:39.431,0.73362,0.73395,1.00,2.25
2015.04.17 12:38:39.584,0.73364,0.73395,1.00,1.50
2015.04.17 12:38:39.785,0.7336,0.73392,1.00,1.00
2015.04.17 12:38:39.885,0.7336,0.7339,1.00,1.00
2015.04.17 12:38:39.986,0.7336,0.73392,1.00,1.00
2015.04.17 12:38:40.565,0.73361,0.73394,1.00,1.00
2015.04.17 12:38:40.766,0.7336,0.73392,1.00,1.12
2015.04.17 12:38:41.235,0.73357,0.73389,1.00,1.00
2015.04.17 12:38:41.536,0.73353,0.73385,1.00,1.00
2015.04.17 12:38:42.293,0.73352,0.73384,1.00,1.00
2015.04.17 12:38:42.831,0.73352,0.73383,1.00,1.37
2015.04.17 12:38:42.993,0.7335,0.73383,1.00,1.12
2015.04.17 12:38:43.094,0.73352,0.73384,1.00,1.37
2015.04.17 12:38:43.654,0.73352,0.73384,1.00,1.00
2015.04.17 12:38:45.075,0.73353,0.73386,1.00,1.50
2015.04.17 12:38:45.855,0.73353,0.73386,1.00,1.87
2015.04.17 12:38:46.956,0.73353,0.73386,1.00,2.62
2015.04.17 12:38:48.454,0.73353,0.73385,1.00,1.00
2015.04.17 12:38:49.215,0.73353,0.73381,1.00,1.00
2015.04.17 12:38:49.322,0.73353,0.73385,1.00,1.50
2015.04.17 12:38:49.393,0.73353,0.73383,1.00,1.00
2015.04.17 12:38:49.700,0.73353,0.73381,1.00,1.00
2015.04.17 12:38:50.295,0.73354,0.73381,1.00,1.00
2015.04.17 12:38:50.384,0.73354,0.73383,1.00,1.00
2015.04.17 12:38:50.970,0.73354,0.73384,1.00,1.00
2015.04.17 12:38:51.474,0.73355,0.73384,1.00,1.12
2015.04.17 12:38:51.575,0.73353,0.73384,1.00,1.12
2015.04.17 12:38:51.626,0.73353,0.73381,1.00,1.00
2015.04.17 12:38:51.877,0.73349,0.73382,1.00,1.87
2015.04.17 12:38:52.128,0.73344,0.73377,1.50,1.00
2015.04.17 12:38:52.329,0.73347,0.73377,1.00,1.00
2015.04.17 12:38:52.437,0.73349,0.73382,1.00,1.50
2015.04.17 12:38:52.562,0.73352,0.73382,1.00,1.00
2015.04.17 12:38:52.895,0.73356,0.73382,1.00,1.00
2015.04.17 12:38:53.309,0.73353,0.73383,1.00,1.00
2015.04.17 12:38:53.360,0.73353,0.73381,1.00,1.00
2015.04.17 12:38:53.836,0.73359,0.73383,1.00,1.00
2015.04.17 12:38:54.037,0.73359,0.73387,1.00,1.00
2015.04.17 12:38:54.366,0.7336,0.73385,1.00,1.00
2015.04.17 12:38:54.476,0.73361,0.73389,1.00,1.00
2015.04.17 12:38:54.526,0.73363,0.73389,1.00,1.12
2015.04.17 12:38:54.627,0.7336,0.73389,1.00,1.37
2015.04.17 12:38:54.728,0.73359,0.73384,1.00,1.00
2015.04.17 12:38:54.939,0.73359,0.73387,1.00,1.00
2015.04.17 12:38:55.525,0.7336,0.73386,1.00,1.00
2015.04.17 12:38:56.075,0.73361,0.73386,1.00,1.00
2015.04.17 12:38:56.276,0.73364,0.73386,1.00,1.00
2015.04.17 12:38:56.477,0.73365,0.73388,1.00,1.00
2015.04.17 12:38:56.594,0.73367,0.73388,1.00,1.00
2015.04.17 12:38:58.132,0.73366,0.73388,1.00,1.00
2015.04.17 12:38:58.354,0.73364,0.73388,1.00,1.00
2015.04.17 12:38:59.014,0.73363,0.73388,1.00,1.00
2015.04.17 12:38:59.165,0.73365,0.73387,1.00,1.00
2015.04.17 12:38:59.266,0.73363,0.73387,1.00,1.00
2015.04.17 12:38:59.782,0.7336,0.73387,1.00,1.00
2015.04.17 12:38:59.832,0.7336,0.73387,1.00,1.37
2015.04.17 12:39:00.134,0.73354,0.73377,1.00,1.00
2015.04.17 12:39:00.600,0.73351,0.73377,1.00,1.00
2015.04.17 12:39:00.969,0.73351,0.73377,1.00,1.37
2015.04.17 12:39:01.573,0.7335,0.73374,1.00,1.00
2015.04.17 12:39:02.124,0.73349,0.73374,1.00,1.12
2015.04.17 12:39:02.725,0.73349,0.73371,1.00,1.00
2015.04.17 12:39:02.776,0.73347,0.73371,1.00,1.00
2015.04.17 12:39:03.105,0.73351,0.73372,1.00,1.37
2015.04.17 12:39:03.206,0.73353,0.73376,1.00,1.12
2015.04.17 12:39:03.774,0.73353,0.73377,1.00,1.00
2015.04.17 12:39:03.953,0.73354,0.73385,1.00,1.00
2015.04.17 12:39:04.004,0.73367,0.7339,1.00,1.00
2015.04.17 12:39:04.105,0.73367,0.73395,1.00,1.00
2015.04.17 12:39:04.156,0.73367,0.73399,1.00,1.00
2015.04.17 12:39:04.206,0.73373,0.73404,1.00,1.50
2015.04.17 12:39:04.545,0.73373,0.73401,1.00,1.00
2015.04.17 12:39:04.863,0.73375,0.73405,1.00,1.00
2015.04.17 12:39:05.254,0.73375,0.73402,1.00,1.00
2015.04.17 12:39:05.603,0.73375,0.73399,1.00,1.12
2015.04.17 12:39:05.976,0.73374,0.73396,1.00,1.00
2015.04.17 12:39:06.527,0.73373,0.73396,1.00,1.50
2015.04.17 12:39:06.713,0.73368,0.73396,1.00,1.87
2015.04.17 12:39:06.934,0.73365,0.73395,1.00,1.37
2015.04.17 12:39:07.235,0.73358,0.73386,1.00,1.00
2015.04.17 12:39:07.286,0.73356,0.73386,1.00,1.00
2015.04.17 12:39:07.386,0.73354,0.73383,1.00,1.00
2015.04.17 12:39:07.567,0.73354,0.73386,1.00,1.50
2015.04.17 12:39:07.617,0.73358,0.73386,1.00,1.00
2015.04.17 12:39:07.919,0.73358,0.7338,1.00,1.00
2015.04.17 12:39:07.969,0.73354,0.7338,1.00,1.00
2015.04.17 12:39:08.033,0.73349,0.7338,1.00,1.00
2015.04.17 12:39:08.164,0.73346,0.73377,1.00,1.00
2015.04.17 12:39:08.366,0.73346,0.73379,1.00,1.50
2015.04.17 12:39:08.777,0.73345,0.73376,1.00,1.00
2015.04.17 12:39:09.121,0.73342,0.73372,1.00,1.00
2015.04.17 12:39:09.463,0.7334,0.7337,1.00,1.00
2015.04.17 12:39:09.705,0.73337,0.7337,1.00,1.50
2015.04.17 12:39:09.805,0.73337,0.73368,1.00,1.00
2015.04.17 12:39:10.154,0.73337,0.73365,1.00,1.00
2015.04.17 12:39:11.223,0.73336,0.73365,1.00,1.00
2015.04.17 12:39:11.374,0.73334,0.73364,1.00,1.00
2015.04.17 12:39:11.474,0.7333,0.73363,1.00,1.00
2015.04.17 12:39:11.525,0.7333,0.73359,1.00,1.00
2015.04.17 12:39:11.928,0.73328,0.73358,1.00,1.00
2015.04.17 12:39:12.076,0.73328,0.73356,1.00,1.00
2015.04.17 12:39:12.127,0.73326,0.73356,1.00,1.00
2015.04.17 12:39:12.228,0.73324,0.73356,1.00,1.50
2015.04.17 12:39:12.328,0.73323,0.73352,1.00,1.00
2015.04.17 12:39:12.904,0.73324,0.73352,1.00,1.00
2015.04.17 12:39:12.955,0.73324,0.73356,1.00,1.00
2015.04.17 12:39:13.207,0.73323,0.73354,1.00,1.00
2015.04.17 12:39:13.458,0.73325,0.73358,1.00,1.50
2015.04.17 12:39:13.559,0.73327,0.73359,1.00,1.00
2015.04.17 12:39:13.860,0.73331,0.73361,1.00,1.00
2015.04.17 12:39:13.911,0.73333,0.73365,1.00,1.00
2015.04.17 12:39:14.049,0.73333,0.73367,1.00,1.50
2015.04.17 12:39:14.550,0.73333,0.73365,1.00,1.00
2015.04.17 12:39:14.772,0.73334,0.73367,1.00,1.00
2015.04.17 12:39:15.315,0.73334,0.73365,1.00,1.00
2015.04.17 12:39:15.639,0.73337,0.73365,1.00,1.00
2015.04.17 12:39:15.740,0.73337,0.73367,1.00,1.50
2015.04.17 12:39:16.190,0.73339,0.73368,1.00,1.00
2015.04.17 12:39:16.583,0.73339,0.7337,1.00,1.00
2015.04.17 12:39:16.734,0.73342,0.7337,1.00,1.50
2015.04.17 12:39:17.062,0.73345,0.7337,1.00,1.00
2015.04.17 12:39:17.163,0.73343,0.73374,1.00,1.00
2015.04.17 12:39:17.263,0.73343,0.7337,1.00,1.00
2015.04.17 12:39:17.414,0.73341,0.7337,1.00,1.00
2015.04.17 12:39:17.615,0.73337,0.7337,1.00,1.00
2015.04.17 12:39:17.716,0.73345,0.73371,1.00,1.50
2015.04.17 12:39:17.867,0.73346,0.73373,1.00,1.00
2015.04.17 12:39:18.285,0.73346,0.73376,1.00,1.00
2015.04.17 12:39:18.335,0.7335,0.73376,1.00,1.00
2015.04.17 12:39:18.385,0.7335,0.73379,1.00,1.00
2015.04.17 12:39:18.486,0.73352,0.7338,1.00,1.00
2015.04.17 12:39:18.814,0.73355,0.73381,1.00,1.00
2015.04.17 12:39:18.914,0.73355,0.73386,1.00,1.50
2015.04.17 12:39:19.065,0.73357,0.73386,1.00,1.00
2015.04.17 12:39:19.396,0.73359,0.73386,1.00,1.00
2015.04.17 12:39:19.963,0.73359,0.73387,1.00,1.00
2015.04.17 12:39:20.612,0.73357,0.73387,1.00,1.00
2015.04.17 12:39:20.813,0.73355,0.73386,1.00,1.00
2015.04.17 12:39:20.864,0.73355,0.73386,1.00,1.87
2015.04.17 12:39:21.375,0.73351,0.73383,1.00,1.00
2015.04.17 12:39:21.676,0.73349,0.73383,1.00,1.87
2015.04.17 12:39:22.007,0.73346,0.7338,1.00,1.37
2015.04.17 12:39:22.635,0.73347,0.73378,1.00,1.37
2015.04.17 12:39:22.937,0.73346,0.73379,1.00,1.37
2015.04.17 12:39:23.037,0.73343,0.73374,1.00,1.12
2015.04.17 12:39:23.138,0.73339,0.73373,1.00,1.00
2015.04.17 12:39:23.189,0.73339,0.73373,1.00,1.37
2015.04.17 12:39:23.695,0.73341,0.7337,1.00,1.50
2015.04.17 12:39:24.035,0.73343,0.7337,1.00,1.00
2015.04.17 12:39:24.366,0.73345,0.73375,1.00,1.12
2015.04.17 12:39:24.807,0.73345,0.73378,1.00,1.12
2015.04.17 12:39:25.390,0.73346,0.73379,1.00,1.00
2015.04.17 12:39:25.641,0.73344,0.73377,1.00,1.00
2015.04.17 12:39:25.943,0.73344,0.73373,1.00,1.12
2015.04.17 12:39:26.342,0.73342,0.73371,1.00,1.12
2015.04.17 12:39:27.173,0.73343,0.73371,1.00,1.00
2015.04.17 12:39:27.274,0.73343,0.73375,1.00,1.12
2015.04.17 12:39:27.424,0.73346,0.73375,1.00,1.00
2015.04.17 12:39:27.747,0.73349,0.73375,1.00,1.00
2015.04.17 12:39:27.999,0.73352,0.7338,1.00,1.00
2015.04.17 12:39:28.214,0.73352,0.73382,1.00,1.00
2015.04.17 12:39:28.314,0.73351,0.73383,1.00,1.37
2015.04.17 12:39:28.415,0.73349,0.73382,1.00,1.37
2015.04.17 12:39:28.902,0.73349,0.73382,1.00,1.12
2015.04.17 12:39:29.002,0.73346,0.73381,1.00,1.87
2015.04.17 12:39:29.053,0.7335,0.73381,1.00,1.50
2015.04.17 12:39:29.304,0.73344,0.73376,1.00,1.00
2015.04.17 12:39:29.405,0.73342,0.73371,1.00,1.00
2015.04.17 12:39:29.911,0.73341,0.73371,1.00,2.25
2015.04.17 12:39:29.961,0.73339,0.73371,1.00,2.25
2015.04.17 12:39:30.860,0.73339,0.7337,1.00,1.00
2015.04.17 12:39:31.011,0.73339,0.73366,1.00,1.00
2015.04.17 12:39:31.213,0.7334,0.73371,1.00,1.50
2015.04.17 12:39:31.263,0.73342,0.73371,1.00,1.00
2015.04.17 12:39:31.515,0.73344,0.73374,1.00,1.00
2015.04.17 12:39:31.733,0.73344,0.73371,1.00,1.00
2015.04.17 12:39:31.844,0.73344,0.73374,1.00,1.00
2015.04.17 12:39:32.166,0.73346,0.73375,1.00,1.00
2015.04.17 12:39:32.485,0.7335,0.73381,1.00,1.37
2015.04.17 12:39:32.917,0.73352,0.7338,1.00,1.00
2015.04.17 12:39:33.275,0.73354,0.73381,1.00,1.00
2015.04.17 12:39:33.435,0.73354,0.73386,1.00,2.62
2015.04.17 12:39:33.603,0.73356,0.73386,1.00,1.50
2015.04.17 12:39:33.904,0.73354,0.73384,1.00,1.00
2015.04.17 12:39:34.216,0.73354,0.7338,1.00,1.00
2015.04.17 12:39:34.267,0.73354,0.73384,1.00,1.12
2015.04.17 12:39:35.357,0.73354,0.73384,1.00,1.37
2015.04.17 12:39:35.913,0.73354,0.73381,1.00,1.00
2015.04.17 12:39:36.627,0.73353,0.7338,1.00,1.12
2015.04.17 12:39:37.171,0.73352,0.73381,1.00,1.37
2015.04.17 12:39:37.515,0.73346,0.73375,1.00,1.87
2015.04.17 12:39:37.565,0.73346,0.73375,1.00,1.37
2015.04.17 12:39:37.666,0.73344,0.73374,1.00,1.37
2015.04.17 12:39:38.975,0.73344,0.73374,1.00,1.12
2015.04.17 12:39:39.825,0.73345,0.73374,1.00,1.12
2015.04.17 12:39:39.875,0.73345,0.73371,1.00,1.00
2015.04.17 12:39:40.227,0.73346,0.73376,1.00,1.87
2015.04.17 12:39:40.328,0.73341,0.73372,1.00,1.00
2015.04.17 12:39:40.479,0.73343,0.73372,1.00,1.00
2015.04.17 12:39:40.780,0.73354,0.73375,1.00,1.00
2015.04.17 12:39:40.881,0.73356,0.73385,1.00,1.50
2015.04.17 12:39:41.183,0.73358,0.73386,1.00,1.00
2015.04.17 12:39:41.699,0.73358,0.73385,1.00,1.00
2015.04.17 12:39:41.964,0.73358,0.73387,1.00,1.00
2015.04.17 12:39:42.025,0.73355,0.73386,1.00,1.00
2015.04.17 12:39:42.226,0.73355,0.73384,1.00,1.00
2015.04.17 12:39:42.944,0.73356,0.73384,1.00,1.00
2015.04.17 12:39:43.302,0.73356,0.73381,1.00,1.00
2015.04.17 12:39:43.844,0.73356,0.73384,1.00,1.00
2015.04.17 12:39:44.996,0.73357,0.73384,1.00,1.00
2015.04.17 12:39:45.865,0.73357,0.73388,1.00,1.50
2015.04.17 12:39:46.311,0.73359,0.73388,1.00,1.87
2015.04.17 12:39:46.613,0.73361,0.73389,1.00,1.00
2015.04.17 12:39:47.193,0.7336,0.7339,1.00,1.00
2015.04.17 12:39:47.736,0.73361,0.73391,1.00,1.12
2015.04.17 12:39:47.937,0.73362,0.73393,1.00,1.12
2015.04.17 12:39:48.169,0.73361,0.73388,1.00,1.00
2015.04.17 12:39:48.383,0.73357,0.73386,1.00,1.00
2015.04.17 12:39:48.924,0.73357,0.73387,1.00,1.00
2015.04.17 12:39:49.192,0.73358,0.73389,1.00,1.00
2015.04.17 12:39:49.391,0.73361,0.7339,1.00,1.00
2015.04.17 12:39:50.073,0.7336,0.73388,1.00,1.12
2015.04.17 12:39:50.174,0.73357,0.73388,1.00,1.50
2015.04.17 12:39:50.242,0.73357,0.73386,1.00,1.00
2015.04.17 12:39:51.235,0.73357,0.73387,1.00,1.00
2015.04.17 12:39:51.628,0.73357,0.73385,1.00,1.00
2015.04.17 12:39:52.332,0.73357,0.73386,1.00,1.00
2015.04.17 12:39:52.933,0.73358,0.73386,1.00,1.00
2015.04.17 12:39:53.455,0.73358,0.73389,1.00,1.37
2015.04.17 12:39:54.035,0.73359,0.73388,1.00,1.00
2015.04.17 12:39:54.562,0.73358,0.73387,1.00,1.00
2015.04.17 12:39:55.412,0.73358,0.73386,1.00,1.00
2015.04.17 12:39:55.741,0.73358,0.73388,1.00,1.00
2015.04.17 12:39:55.963,0.73358,0.73385,1.00,1.00
2015.04.17 12:39:56.543,0.73358,0.73386,1.00,1.50
2015.04.17 12:39:56.802,0.73356,0.73386,1.00,1.50
2015.04.17 12:39:56.903,0.73356,0.73384,1.00,1.00
2015.04.17 12:39:57.003,0.73354,0.73384,1.00,1.00
2015.04.17 12:39:57.104,0.73355,0.73386,1.00,1.87
2015.04.17 12:39:57.205,0.73361,0.73388,1.00,1.00
2015.04.17 12:39:57.355,0.73361,0.73391,1.00,1.87
2015.04.17 12:39:57.456,0.73358,0.73387,1.00,1.00
2015.04.17 12:39:57.771,0.73355,0.73382,1.00,1.00
2015.04.17 12:39:57.883,0.73352,0.73382,1.00,1.00
2015.04.17 12:39:58.012,0.7335,0.73381,1.00,1.00
2015.04.17 12:39:58.113,0.73348,0.73379,1.00,1.00
2015.04.17 12:39:58.416,0.73353,0.73381,1.00,1.00
2015.04.17 12:39:58.742,0.73355,0.73381,1.00,1.00
2015.04.17 12:39:59.273,0.73355,0.7338,1.00,1.00
2015.04.17 12:39:59.703,0.73355,0.73385,1.00,1.50
2015.04.17 12:39:59.960,0.73355,0.73385,1.00,1.87
2015.04.17 12:40:00.261,0.73357,0.73385,1.00,1.12
2015.04.17 12:40:01.272,0.73355,0.73385,1.00,2.25
2015.04.17 12:40:01.745,0.73355,0.73385,1.00,1.37
2015.04.17 12:40:02.116,0.73355,0.73381,1.00,1.00
2015.04.17 12:40:02.234,0.73355,0.73383,1.00,1.00
2015.04.17 12:40:02.782,0.73356,0.73385,1.00,1.37
2015.04.17 12:40:02.833,0.73356,0.73387,1.00,1.87
2015.04.17 12:40:03.370,0.73356,0.73386,1.00,1.00
2015.04.17 12:40:03.621,0.73358,0.73389,1.00,1.50
2015.04.17 12:40:03.722,0.73361,0.73389,1.00,1.00
2015.04.17 12:40:04.035,0.73354,0.73385,1.00,1.87
2015.04.17 12:40:04.152,0.73352,0.73381,1.00,1.00
2015.04.17 12:40:04.456,0.7335,0.73379,1.00,1.00
2015.04.17 12:40:04.606,0.73348,0.73379,1.00,1.00
2015.04.17 12:40:05.122,0.73348,0.73377,1.00,1.00
2015.04.17 12:40:05.582,0.73345,0.73376,1.00,1.00
2015.04.17 12:40:05.683,0.73344,0.73375,1.00,1.37
2015.04.17 12:40:06.130,0.73341,0.73372,1.00,1.87
2015.04.17 12:40:06.180,0.73341,0.73371,1.00,1.37
2015.04.17 12:40:06.331,0.73339,0.73369,1.00,1.00
2015.04.17 12:40:06.482,0.73339,0.73369,1.00,1.37
2015.04.17 12:40:07.015,0.73338,0.73367,1.00,1.37
2015.04.17 12:40:07.344,0.73336,0.73365,1.00,1.12
2015.04.17 12:40:07.542,0.73334,0.73365,1.00,1.12
2015.04.17 12:40:07.715,0.73334,0.73365,1.00,1.37
2015.04.17 12:40:08.222,0.73332,0.73361,1.00,1.00
2015.04.17 12:40:10.071,0.73333,0.73363,1.00,1.87
2015.04.17 12:40:10.594,0.73333,0.73363,1.00,1.87
2015.04.17 12:40:10.745,0.73335,0.73365,1.00,1.87
2015.04.17 12:40:11.032,0.73333,0.73364,1.00,1.00
2015.04.17 12:40:11.133,0.73336,0.73365,1.00,1.87
2015.04.17 12:40:11.441,0.73337,0.73367,1.00,1.00
2015.04.17 12:40:12.046,0.73337,0.73367,1.00,1.37
2015.04.17 12:40:12.294,0.73336,0.73364,1.00,1.37
2015.04.17 12:40:12.345,0.73333,0.73362,1.00,1.00
2015.04.17 12:40:12.395,0.73333,0.73361,1.00,1.37
2015.04.17 12:40:12.536,0.7333,0.73361,1.00,1.87
2015.04.17 12:40:12.637,0.7333,0.73361,1.00,1.87
2015.04.17 12:40:12.737,0.7333,0.73359,1.00,1.00
2015.04.17 12:40:13.084,0.73327,0.73358,1.00,1.00
2015.04.17 12:40:13.862,0.73326,0.73357,1.00,1.37
2015.04.17 12:40:15.277,0.73326,0.73357,1.00,1.12
2015.04.17 12:40:16.282,0.73328,0.73359,1.00,1.00
2015.04.17 12:40:16.584,0.73335,0.73364,1.00,1.87
2015.04.17 12:40:17.111,0.73336,0.73364,1.00,1.00
2015.04.17 12:40:17.262,0.73337,0.73367,1.00,1.37
2015.04.17 12:40:17.313,0.73337,0.73367,1.00,1.37
2015.04.17 12:40:17.486,0.73335,0.73365,1.00,1.37
2015.04.17 12:40:19.009,0.73335,0.73365,1.00,1.12
2015.04.17 12:40:19.154,0.73335,0.73365,1.00,1.37
2015.04.17 12:40:19.313,0.73334,0.73365,1.00,1.50
2015.04.17 12:40:19.414,0.73334,0.73365,1.00,1.87
2015.04.17 12:40:19.715,0.7334,0.73365,1.00,1.00
2015.04.17 12:40:19.766,0.7334,0.73368,1.00,1.00
2015.04.17 12:40:20.127,0.73338,0.73368,1.00,1.00
2015.04.17 12:40:20.236,0.7334,0.73369,1.00,1.00
2015.04.17 12:40:20.538,0.73337,0.73355,1.00,1.00
2015.04.17 12:40:20.588,0.73329,0.73355,1.00,1.00
2015.04.17 12:40:20.789,0.73332,0.73363,1.00,1.00
2015.04.17 12:40:20.940,0.73334,0.73365,1.00,1.00
2015.04.17 12:40:21.267,0.73343,0.73372,1.00,1.00
2015.04.17 12:40:21.492,0.7334,0.73371,1.00,1.00
2015.04.17 12:40:21.593,0.73339,0.73369,1.00,1.00
2015.04.17 12:40:21.693,0.73342,0.73374,1.00,1.00
2015.04.17 12:40:21.794,0.73344,0.73374,1.00,1.00
2015.04.17 12:40:21.895,0.73344,0.73376,1.00,1.00
2015.04.17 12:40:21.995,0.73348,0.73377,1.00,1.00
2015.04.17 12:40:22.146,0.73347,0.7338,1.00,1.00
2015.04.17 12:40:22.297,0.73348,0.73376,1.00,1.00
2015.04.17 12:40:22.448,0.73345,0.73376,1.00,1.00
2015.04.17 12:40:22.551,0.73344,0.73374,1.00,1.00
2015.04.17 12:40:22.902,0.73342,0.73375,1.00,1.50
2015.04.17 12:40:23.349,0.73344,0.73374,1.00,1.00
2015.04.17 12:40:23.556,0.7334,0.73371,1.00,1.00
2015.04.17 12:40:23.606,0.7334,0.73365,1.00,1.00
2015.04.17 12:40:23.657,0.73335,0.73365,1.00,1.50
2015.04.17 12:40:23.707,0.73335,0.73361,1.00,1.00
2015.04.17 12:40:23.758,0.7333,0.7336,1.00,1.00
2015.04.17 12:40:24.021,0.73334,0.73362,1.00,1.00
2015.04.17 12:40:24.323,0.73337,0.73365,1.00,1.00
2015.04.17 12:40:24.524,0.7334,0.7337,1.00,1.00
2015.04.17 12:40:24.675,0.73343,0.73371,1.00,1.00
2015.04.17 12:40:24.726,0.73343,0.73374,1.00,1.00
2015.04.17 12:40:24.829,0.73343,0.73371,1.00,1.00
2015.04.17 12:40:24.944,0.73345,0.73378,1.00,1.00
2015.04.17 12:40:24.995,0.73348,0.73378,1.00,1.00
2015.04.17 12:40:25.297,0.73358,0.7339,1.00,1.00
2015.04.17 12:40:25.397,0.73358,0.73387,1.00,1.00
2015.04.17 12:40:25.498,0.7336,0.73392,1.00,1.00
2015.04.17 12:40:25.549,0.73362,0.73392,1.00,1.00
2015.04.17 12:40:25.599,0.73362,0.73396,1.00,1.87
2015.04.17 12:40:25.650,0.7336,0.73394,1.00,1.00
2015.04.17 12:40:25.951,0.73356,0.73384,1.00,1.00
2015.04.17 12:40:26.152,0.73362,0.73391,1.00,1.50
2015.04.17 12:40:26.203,0.73364,0.73391,1.00,1.50
2015.04.17 12:40:26.304,0.73362,0.73391,1.00,1.50
2015.04.17 12:40:26.404,0.73362,0.73386,1.00,1.00
2015.04.17 12:40:26.514,0.73353,0.73381,1.00,1.00
2015.04.17 12:40:27.042,0.73354,0.73382,1.00,1.00
2015.04.17 12:40:27.092,0.73356,0.73382,1.00,1.00
2015.04.17 12:40:27.792,0.73357,0.73382,1.00,1.00
2015.04.17 12:40:28.114,0.73356,0.7338,1.00,1.00
2015.04.17 12:40:28.265,0.73353,0.7338,1.00,1.00
2015.04.17 12:40:28.815,0.73356,0.73382,1.00,1.00
2015.04.17 12:40:28.957,0.73356,0.73387,1.00,1.37
2015.04.17 12:40:29.258,0.73358,0.73388,1.00,1.37
2015.04.17 12:40:29.413,0.73358,0.73388,1.00,1.12
2015.04.17 12:40:29.475,0.73356,0.73388,1.00,1.12
2015.04.17 12:40:29.626,0.73356,0.73388,1.00,1.37
2015.04.17 12:40:29.930,0.73358,0.73386,1.00,1.00
2015.04.17 12:40:30.544,0.73359,0.73386,1.00,1.00
2015.04.17 12:40:31.348,0.73359,0.73386,1.00,1.37
2015.04.17 12:40:31.626,0.73359,0.73389,1.00,1.00
2015.04.17 12:40:31.828,0.73361,0.73389,1.00,1.00
2015.04.17 12:40:31.929,0.73358,0.73389,1.00,1.00
2015.04.17 12:40:31.979,0.73358,0.73389,1.00,1.50
2015.04.17 12:40:32.029,0.73354,0.7339,1.00,1.75
2015.04.17 12:40:32.752,0.73354,0.73384,1.00,1.37
2015.04.17 12:40:33.207,0.73354,0.73383,1.00,1.12
2015.04.17 12:40:33.660,0.73355,0.73387,1.00,1.37
2015.04.17 12:40:33.964,0.73354,0.73384,1.00,1.37
2015.04.17 12:40:34.115,0.73353,0.73386,1.00,1.00
2015.04.17 12:40:34.225,0.73353,0.7338,1.00,1.00
2015.04.17 12:40:34.334,0.73348,0.73378,1.00,1.00
2015.04.17 12:40:34.444,0.73353,0.73381,1.00,1.00
2015.04.17 12:40:34.651,0.73357,0.73389,1.00,1.00
2015.04.17 12:40:34.752,0.73358,0.73394,1.00,1.50
2015.04.17 12:40:34.853,0.73358,0.73396,1.00,1.00
2015.04.17 12:40:34.903,0.73361,0.73396,1.00,1.00
2015.04.17 12:40:35.104,0.73363,0.73401,1.00,2.62
2015.04.17 12:40:35.205,0.73366,0.734,1.00,1.00
2015.04.17 12:40:35.709,0.73366,0.73401,1.00,1.87
2015.04.17 12:40:36.043,0.73366,0.73394,1.00,1.00
2015.04.17 12:40:36.536,0.7337,0.73394,1.00,1.00
2015.04.17 12:40:36.639,0.7336,0.73386,1.00,1.00
2015.04.17 12:40:36.857,0.7336,0.7338,1.00,1.00
2015.04.17 12:40:37.083,0.73356,0.7338,1.00,1.00
2015.04.17 12:40:37.284,0.73356,0.73376,1.00,1.00
2015.04.17 12:40:37.385,0.73357,0.73379,1.00,1.00
2015.04.17 12:40:37.435,0.7336,0.73379,1.00,1.00
2015.04.17 12:40:37.486,0.7336,0.73386,1.00,1.50
2015.04.17 12:40:37.976,0.73362,0.73386,1.00,1.00
2015.04.17 12:40:38.026,0.73362,0.73391,1.00,1.50
2015.04.17 12:40:38.178,0.73361,0.73386,1.00,1.00
2015.04.17 12:40:38.753,0.73363,0.73386,1.00,1.00
2015.04.17 12:40:39.382,0.73364,0.73388,1.00,1.37
2015.04.17 12:40:39.432,0.73364,0.73388,1.00,1.00
2015.04.17 12:40:39.483,0.73364,0.7339,1.00,1.00
2015.04.17 12:40:39.585,0.73364,0.7339,1.00,1.37
2015.04.17 12:40:39.635,0.73362,0.7339,1.00,1.37
2015.04.17 12:40:40.165,0.73359,0.73383,1.00,1.00
2015.04.17 12:40:40.266,0.73356,0.73381,1.00,1.00
2015.04.17 12:40:40.417,0.73357,0.73384,1.00,1.37
2015.04.17 12:40:40.618,0.73361,0.73384,1.00,1.00
2015.04.17 12:40:40.669,0.73361,0.734,1.00,1.50
2015.04.17 12:40:40.719,0.73376,0.734,1.00,1.00
2015.04.17 12:40:40.820,0.73371,0.734,1.00,1.00
2015.04.17 12:40:41.008,0.73371,0.73397,1.00,1.00
2015.04.17 12:40:41.326,0.7337,0.73402,1.00,1.00
2015.04.17 12:40:41.376,0.73372,0.73402,1.00,1.00
2015.04.17 12:40:41.724,0.7338,0.73404,1.00,1.00
2015.04.17 12:40:42.215,0.7338,0.73406,1.00,1.00
2015.04.17 12:40:42.366,0.73383,0.73406,1.00,1.00
2015.04.17 12:40:42.567,0.73383,0.73408,1.00,1.00
2015.04.17 12:40:42.617,0.73387,0.73408,1.00,1.00
2015.04.17 12:40:42.718,0.73383,0.73405,1.00,1.00
2015.04.17 12:40:42.896,0.73381,0.73406,1.00,1.00
2015.04.17 12:40:42.997,0.73381,0.73396,1.00,1.00
2015.04.17 12:40:43.047,0.73369,0.73396,1.00,1.00
2015.04.17 12:40:43.148,0.73365,0.73395,1.00,1.00
2015.04.17 12:40:43.248,0.73358,0.73391,1.00,1.00
2015.04.17 12:40:43.349,0.7336,0.73391,1.00,1.00
2015.04.17 12:40:43.450,0.7336,0.73396,1.00,1.00
2015.04.17 12:40:43.651,0.7336,0.73392,1.00,1.00
2015.04.17 12:40:43.802,0.73345,0.73382,1.00,1.00
2015.04.17 12:40:43.966,0.73348,0.73382,1.00,1.00
2015.04.17 12:40:44.268,0.73355,0.73389,1.00,1.00
2015.04.17 12:40:44.368,0.73357,0.73392,1.00,1.00
2015.04.17 12:40:44.469,0.73357,0.73395,1.00,1.00
2015.04.17 12:40:44.694,0.73356,0.73392,1.00,1.00
2015.04.17 12:40:45.008,0.73358,0.73392,1.00,1.00
2015.04.17 12:40:45.108,0.73357,0.73397,1.00,1.50
2015.04.17 12:40:45.209,0.73355,0.73394,1.50,1.00
2015.04.17 12:40:45.360,0.73359,0.73403,1.00,1.00
2015.04.17 12:40:45.461,0.73359,0.73401,1.00,1.00
2015.04.17 12:40:45.562,0.73355,0.73398,1.00,1.00
2015.04.17 12:40:45.663,0.73363,0.73405,1.00,1.50
2015.04.17 12:40:45.996,0.73366,0.734,1.00,1.00
2015.04.17 12:40:46.313,0.73363,0.73396,1.00,1.00
2015.04.17 12:40:46.842,0.73363,0.73397,1.00,1.00
2015.04.17 12:40:47.155,0.7336,0.73396,1.00,1.00
2015.04.17 12:40:47.206,0.7336,0.73394,1.00,1.00
2015.04.17 12:40:48.433,0.7336,0.73393,1.00,1.00
2015.04.17 12:40:48.815,0.73355,0.73393,1.12,1.00
2015.04.17 12:40:48.865,0.73355,0.73389,1.12,1.00
2015.04.17 12:40:49.317,0.73355,0.73393,1.12,1.00
2015.04.17 12:40:49.472,0.73358,0.73392,1.37,1.00
2015.04.17 12:40:49.522,0.73358,0.73396,1.37,1.00
2015.04.17 12:40:49.574,0.73362,0.73396,1.00,1.00
2015.04.17 12:40:49.903,0.73359,0.73391,1.00,1.00
2015.04.17 12:40:50.154,0.73356,0.7339,1.00,1.00
2015.04.17 12:40:50.683,0.73355,0.7339,1.00,1.00
2015.04.17 12:40:51.223,0.73354,0.73391,1.00,1.00
2015.04.17 12:40:51.273,0.73356,0.73391,1.00,1.00
2015.04.17 12:40:51.794,0.73356,0.7339,1.00,1.00
2015.04.17 12:40:52.037,0.73356,0.73392,1.00,1.00
2015.04.17 12:40:52.476,0.73356,0.7339,1.00,1.00
2015.04.17 12:40:52.995,0.73356,0.73388,1.00,1.00
2015.04.17 12:40:53.183,0.73356,0.73394,1.00,1.00
2015.04.17 12:40:53.234,0.7336,0.73391,1.00,1.00
2015.04.17 12:40:53.883,0.73359,0.73391,1.00,1.00
2015.04.17 12:40:54.094,0.73356,0.73391,1.00,1.00
2015.04.17 12:40:54.415,0.73358,0.73392,1.00,1.00
2015.04.17 12:40:54.667,0.7336,0.73395,1.00,1.00
2015.04.17 12:40:54.879,0.7337,0.73395,1.00,1.00
2015.04.17 12:40:54.979,0.7337,0.73399,1.00,1.00
2015.04.17 12:40:55.030,0.73365,0.73399,1.50,1.00
2015.04.17 12:40:55.130,0.73363,0.73395,1.00,1.00
2015.04.17 12:40:55.451,0.73363,0.734,1.00,1.00
2015.04.17 12:40:55.652,0.73363,0.73403,1.00,1.50
2015.04.17 12:40:55.752,0.73365,0.73403,1.00,1.00
2015.04.17 12:40:56.003,0.73363,0.73403,1.50,1.50
2015.04.17 12:40:56.104,0.73366,0.73404,1.00,1.00
2015.04.17 12:40:56.644,0.73366,0.73405,1.00,1.00
2015.04.17 12:40:57.059,0.73368,0.73407,1.50,1.00
2015.04.17 12:40:57.427,0.73368,0.73405,1.50,1.00
2015.04.17 12:40:57.749,0.73366,0.73405,1.00,1.12
2015.04.17 12:40:57.950,0.73369,0.73405,1.00,1.00
2015.04.17 12:40:58.285,0.73368,0.73404,1.00,1.37
2015.04.17 12:40:58.492,0.73369,0.73407,1.00,1.37
2015.04.17 12:40:58.713,0.73371,0.73406,1.00,1.00
2015.04.17 12:40:58.934,0.73369,0.73406,1.00,1.50
2015.04.17 12:40:59.267,0.73367,0.73406,1.00,1.00
2015.04.17 12:40:59.862,0.73367,0.73405,1.00,1.00
2015.04.17 12:41:00.373,0.73367,0.73406,1.00,2.25
2015.04.17 12:41:00.913,0.73368,0.73405,1.00,1.00
2015.04.17 12:41:01.594,0.73369,0.73405,1.00,1.50
2015.04.17 12:41:02.171,0.73368,0.73405,1.00,1.00
2015.04.17 12:41:02.694,0.73369,0.73406,1.00,2.25
2015.04.17 12:41:02.783,0.73368,0.73404,1.00,1.00
2015.04.17 12:41:03.276,0.73367,0.73403,1.00,1.87
2015.04.17 12:41:03.577,0.73367,0.73403,1.00,1.37
2015.04.17 12:41:04.041,0.73368,0.73403,1.00,1.12
2015.04.17 12:41:04.142,0.73369,0.73405,1.00,1.50
2015.04.17 12:41:04.212,0.73372,0.73405,1.00,1.00
2015.04.17 12:41:04.641,0.73372,0.73408,1.00,1.00
2015.04.17 12:41:04.692,0.73374,0.7341,1.00,1.00
2015.04.17 12:41:05.333,0.73374,0.7341,1.00,1.37
2015.04.17 12:41:06.421,0.73375,0.73411,1.00,1.37
2015.04.17 12:41:06.839,0.73376,0.73411,1.00,1.00
2015.04.17 12:41:06.990,0.73378,0.73411,1.00,1.00
2015.04.17 12:41:07.241,0.73382,0.73419,1.87,1.12
2015.04.17 12:41:07.621,0.73385,0.73421,1.00,1.50
2015.04.17 12:41:07.841,0.73383,0.73419,1.50,1.00
2015.04.17 12:41:09.050,0.73383,0.73419,1.00,1.37
2015.04.17 12:41:09.930,0.73384,0.73421,1.00,1.87
2015.04.17 12:41:09.981,0.73384,0.73421,1.50,1.00
2015.04.17 12:41:10.164,0.73386,0.73421,1.00,1.00
2015.04.17 12:41:10.276,0.73384,0.73421,1.50,1.87
2015.04.17 12:41:10.592,0.73386,0.7342,1.00,1.00
2015.04.17 12:41:11.118,0.73385,0.73419,1.00,1.00
2015.04.17 12:41:11.362,0.73386,0.73422,1.50,1.00
2015.04.17 12:41:11.428,0.73386,0.73422,1.50,1.37
2015.04.17 12:41:11.655,0.73386,0.73422,1.50,1.37
2015.04.17 12:41:11.706,0.73388,0.73422,1.00,1.37
2015.04.17 12:41:11.925,0.73385,0.73419,1.00,1.00
2015.04.17 12:41:12.352,0.73387,0.7342,1.00,1.00
2015.04.17 12:41:12.554,0.73387,0.73423,1.00,1.87
2015.04.17 12:41:12.791,0.73389,0.73425,1.00,1.37
2015.04.17 12:41:13.134,0.73388,0.73424,1.00,1.50
2015.04.17 12:41:13.285,0.73385,0.73417,1.00,1.00
2015.04.17 12:41:13.391,0.7338,0.73416,1.00,1.00
2015.04.17 12:41:13.492,0.73383,0.73416,1.00,1.00
2015.04.17 12:41:14.114,0.73385,0.73416,1.00,1.00
2015.04.17 12:41:14.164,0.73385,0.73421,1.00,2.25
2015.04.17 12:41:14.365,0.73387,0.73421,1.00,1.50
2015.04.17 12:41:14.778,0.73389,0.7342,1.00,1.00
2015.04.17 12:41:15.101,0.73386,0.7342,1.50,1.00
2015.04.17 12:41:15.152,0.73386,0.73422,1.50,1.00
2015.04.17 12:41:15.212,0.73386,0.73419,1.00,1.00
2015.04.17 12:41:15.363,0.73381,0.73415,1.00,1.00
2015.04.17 12:41:16.310,0.73382,0.73415,1.00,1.00
2015.04.17 12:41:16.802,0.73381,0.73411,1.00,1.00
2015.04.17 12:41:17.022,0.73379,0.7341,1.00,1.00
2015.04.17 12:41:17.358,0.73375,0.73412,1.50,1.00
2015.04.17 12:41:17.459,0.73374,0.73408,1.00,1.00
2015.04.17 12:41:17.789,0.73373,0.73406,1.00,1.00
2015.04.17 12:41:18.200,0.73373,0.73404,1.00,1.00
2015.04.17 12:41:18.291,0.73373,0.73406,1.00,1.00
2015.04.17 12:41:18.441,0.7337,0.73402,1.00,1.00
2015.04.17 12:41:19.173,0.7337,0.73403,1.00,1.00
2015.04.17 12:41:19.281,0.7337,0.73406,1.00,1.00
2015.04.17 12:41:19.332,0.73374,0.73406,1.00,1.00
2015.04.17 12:41:19.433,0.73377,0.7341,1.00,1.00
2015.04.17 12:41:19.573,0.7338,0.7341,1.00,1.00
2015.04.17 12:41:19.624,0.7338,0.73412,1.00,1.00
2015.04.17 12:41:19.842,0.73381,0.73414,1.00,1.00
2015.04.17 12:41:19.892,0.73385,0.73414,1.00,1.00
2015.04.17 12:41:20.053,0.73385,0.73416,1.00,1.00
2015.04.17 12:41:20.103,0.73387,0.73416,1.00,1.00
2015.04.17 12:41:20.161,0.73387,0.73418,1.00,1.00
2015.04.17 12:41:20.383,0.73387,0.73416,1.00,1.00
2015.04.17 12:41:20.434,0.73382,0.73416,1.00,1.50
2015.04.17 12:41:20.636,0.7338,0.73411,1.00,1.00
2015.04.17 12:41:21.513,0.7338,0.73409,1.00,1.00
2015.04.17 12:41:22.096,0.7338,0.7341,1.00,1.00
2015.04.17 12:41:25.470,0.73375,0.73409,1.12,1.00
2015.04.17 12:41:25.571,0.73375,0.73411,1.37,1.00
2015.04.17 12:41:25.873,0.73379,0.73412,1.00,1.00
2015.04.17 12:41:26.024,0.73377,0.73412,1.12,1.00
2015.04.17 12:41:26.353,0.73376,0.7341,1.12,1.00
2015.04.17 12:41:26.671,0.73378,0.7341,1.37,1.00
2015.04.17 12:41:26.826,0.73377,0.73411,1.87,1.00
2015.04.17 12:41:27.360,0.73374,0.73409,1.12,1.00
2015.04.17 12:41:27.765,0.73372,0.73406,1.00,1.00
2015.04.17 12:41:28.095,0.73374,0.7341,1.12,1.00
2015.04.17 12:41:28.552,0.73377,0.73411,1.00,1.00
2015.04.17 12:41:29.045,0.73376,0.73413,1.00,1.00
2015.04.17 12:41:30.194,0.73376,0.7341,1.00,1.00
2015.04.17 12:41:30.743,0.73375,0.7341,1.00,1.00
2015.04.17 12:41:31.359,0.73376,0.73411,1.00,1.00
2015.04.17 12:41:32.309,0.73376,0.73412,1.00,1.00
2015.04.17 12:41:33.170,0.73376,0.73411,1.00,1.00
2015.04.17 12:41:33.472,0.73375,0.73408,1.50,1.00
2015.04.17 12:41:33.916,0.73374,0.73406,1.37,1.00
2015.04.17 12:41:33.966,0.73374,0.73406,1.00,1.00
2015.04.17 12:41:34.215,0.73374,0.73403,1.00,1.00
2015.04.17 12:41:34.467,0.73369,0.73403,1.50,1.00
2015.04.17 12:41:34.618,0.73371,0.73402,1.00,1.00
2015.04.17 12:41:34.769,0.73371,0.73405,1.00,1.00
2015.04.17 12:41:34.870,0.73375,0.73405,1.00,1.00
2015.04.17 12:41:34.970,0.7338,0.73415,1.00,1.00
2015.04.17 12:41:35.021,0.73384,0.73415,1.00,1.00
2015.04.17 12:41:35.071,0.73386,0.73423,1.00,1.00
2015.04.17 12:41:35.272,0.73381,0.73418,1.00,1.00
2015.04.17 12:41:35.574,0.73378,0.73415,1.00,1.00
2015.04.17 12:41:36.119,0.73377,0.73414,1.00,1.00
2015.04.17 12:41:36.475,0.73377,0.73411,1.00,1.50
2015.04.17 12:41:36.777,0.73381,0.7341,1.00,1.00
2015.04.17 12:41:37.082,0.73384,0.73415,1.00,1.00
2015.04.17 12:41:37.411,0.73389,0.73416,1.00,1.00
2015.04.17 12:41:37.547,0.73383,0.73416,1.00,1.00
2015.04.17 12:41:37.598,0.73384,0.73419,1.00,1.00
2015.04.17 12:41:37.850,0.7339,0.73419,1.00,1.00
2015.04.17 12:41:37.951,0.73391,0.73422,1.00,1.00
2015.04.17 12:41:38.001,0.73394,0.73422,1.00,1.00
2015.04.17 12:41:38.052,0.73394,0.73428,1.50,1.00
2015.04.17 12:41:38.153,0.73394,0.73425,1.00,1.00
2015.04.17 12:41:38.454,0.73391,0.73421,1.00,1.00
2015.04.17 12:41:38.721,0.73387,0.73419,1.00,1.00
2015.04.17 12:41:38.923,0.73389,0.7342,1.00,1.00
2015.04.17 12:41:39.613,0.73389,0.73419,1.00,1.00
2015.04.17 12:41:39.922,0.734,0.73427,1.00,1.00
2015.04.17 12:41:40.023,0.73401,0.73435,1.00,1.00
2015.04.17 12:41:40.124,0.73401,0.73439,1.00,1.00
2015.04.17 12:41:40.482,0.73404,0.73438,1.00,1.00
2015.04.17 12:41:41.021,0.73404,0.7344,1.00,1.00
2015.04.17 12:41:41.273,0.73404,0.73441,1.87,1.50
2015.04.17 12:41:41.574,0.73402,0.73434,1.00,1.00
2015.04.17 12:41:43.122,0.73399,0.73433,1.00,1.00
2015.04.17 12:41:43.223,0.73399,0.73431,1.00,1.00
2015.04.17 12:41:43.629,0.73399,0.73429,1.00,1.00
2015.04.17 12:41:43.782,0.73397,0.73429,1.00,1.00
2015.04.17 12:41:44.342,0.73397,0.7343,1.00,1.00
2015.04.17 12:41:44.512,0.73395,0.7343,1.00,1.00
2015.04.17 12:41:45.112,0.73396,0.7343,1.00,1.00
2015.04.17 12:41:45.392,0.73398,0.7343,1.00,1.00
2015.04.17 12:41:45.563,0.73398,0.73436,1.00,1.50
2015.04.17 12:41:45.613,0.73402,0.73436,1.00,1.00
2015.04.17 12:41:45.764,0.73404,0.73439,1.00,1.50
2015.04.17 12:41:45.865,0.73402,0.73437,1.00,1.37
2015.04.17 12:41:45.965,0.73397,0.73431,1.00,1.00
2015.04.17 12:41:46.066,0.73393,0.7343,1.50,1.00
2015.04.17 12:41:46.273,0.73395,0.73431,1.00,1.00
2015.04.17 12:41:46.603,0.73393,0.73428,1.00,1.00
2015.04.17 12:41:46.973,0.73396,0.7343,1.00,1.00
2015.04.17 12:41:47.124,0.73397,0.73432,1.00,1.00
2015.04.17 12:41:47.274,0.73399,0.73435,1.00,1.00
2015.04.17 12:41:47.375,0.73403,0.73435,1.00,1.00
2015.04.17 12:41:47.626,0.73403,0.7344,1.00,1.00
2015.04.17 12:41:48.174,0.73403,0.73441,1.00,2.25
2015.04.17 12:41:48.750,0.73403,0.7344,1.00,1.00
2015.04.17 12:41:49.133,0.73404,0.73439,1.00,1.87
2015.04.17 12:41:49.284,0.734,0.73436,1.00,1.00
2015.04.17 12:41:49.599,0.73398,0.73436,1.50,2.25
2015.04.17 12:41:49.750,0.73398,0.7343,1.00,1.00
2015.04.17 12:41:49.800,0.73395,0.7343,1.00,1.00
2015.04.17 12:41:49.901,0.73395,0.73432,1.00,1.00
2015.04.17 12:41:49.951,0.73394,0.7343,1.00,1.50
2015.04.17 12:41:50.353,0.73392,0.7343,1.00,1.50
2015.04.17 12:41:51.826,0.73392,0.7343,1.00,1.37
2015.04.17 12:41:52.604,0.73392,0.73427,1.00,1.12
2015.04.17 12:41:52.929,0.73396,0.73431,1.00,1.87
2015.04.17 12:41:53.262,0.73399,0.73431,1.00,1.12
2015.04.17 12:41:53.581,0.73402,0.73431,1.00,1.00
2015.04.17 12:41:53.682,0.73402,0.73436,1.12,1.00
2015.04.17 12:41:53.783,0.73405,0.73439,1.00,1.00
2015.04.17 12:41:53.883,0.73401,0.73437,1.00,1.00
2015.04.17 12:41:53.984,0.734,0.73435,1.00,1.00
2015.04.17 12:41:54.303,0.73399,0.73431,1.00,1.12
2015.04.17 12:41:54.622,0.73398,0.73431,1.00,1.87
2015.04.17 12:41:54.780,0.73394,0.73428,1.00,1.00
2015.04.17 12:41:55.438,0.73394,0.73429,1.00,1.12
2015.04.17 12:41:55.831,0.73393,0.73426,1.00,1.00
2015.04.17 12:41:56.162,0.73391,0.73423,1.00,1.00
2015.04.17 12:41:56.313,0.73388,0.73421,1.00,1.00
2015.04.17 12:41:56.830,0.7339,0.73421,1.00,1.00
2015.04.17 12:41:56.981,0.7339,0.73425,1.00,1.00
2015.04.17 12:41:57.082,0.73392,0.73425,1.00,1.50
2015.04.17 12:41:59.253,0.73392,0.73427,1.00,1.12
2015.04.17 12:41:59.420,0.73392,0.73425,1.00,1.00
2015.04.17 12:42:00.134,0.73391,0.73425,1.00,1.00
2015.04.17 12:42:00.662,0.7339,0.73425,1.00,1.87
2015.04.17 12:42:01.344,0.73392,0.73425,1.00,1.37
2015.04.17 12:42:02.168,0.73392,0.73425,1.00,1.00
2015.04.17 12:42:02.470,0.73395,0.73425,1.00,1.00
2015.04.17 12:42:02.621,0.73391,0.73426,1.00,1.12
2015.04.17 12:42:02.773,0.73392,0.73428,1.50,1.00
2015.04.17 12:42:02.832,0.73392,0.73426,1.50,1.00
2015.04.17 12:42:02.942,0.73392,0.73428,1.50,1.00
2015.04.17 12:42:03.474,0.73393,0.73429,1.00,1.87
2015.04.17 12:42:03.574,0.73395,0.7343,1.00,1.37
2015.04.17 12:42:03.925,0.73397,0.7343,1.00,1.50
2015.04.17 12:42:04.532,0.73395,0.7343,1.00,1.12
2015.04.17 12:42:04.765,0.73392,0.73428,1.50,1.37
2015.04.17 12:42:05.293,0.73391,0.73426,1.00,1.00
2015.04.17 12:42:05.904,0.73393,0.73426,1.00,1.87
2015.04.17 12:42:06.510,0.73394,0.73426,1.00,1.12
2015.04.17 12:42:07.068,0.73392,0.73426,1.00,1.87
2015.04.17 12:42:07.611,0.73391,0.73426,1.00,2.25
2015.04.17 12:42:07.923,0.73391,0.73421,1.00,1.00
2015.04.17 12:42:08.024,0.73391,0.73425,1.00,1.00
2015.04.17 12:42:08.856,0.7339,0.73425,1.00,1.12
2015.04.17 12:42:08.906,0.7339,0.73422,1.00,1.37
2015.04.17 12:42:08.957,0.73386,0.7342,1.00,1.12
2015.04.17 12:42:09.007,0.73386,0.73419,1.00,1.37
2015.04.17 12:42:09.573,0.73387,0.73417,1.00,1.00
2015.04.17 12:42:09.623,0.7338,0.73414,1.00,1.00
2015.04.17 12:42:10.171,0.73382,0.73416,1.00,1.00
2015.04.17 12:42:11.382,0.73382,0.73418,1.50,1.00
2015.04.17 12:42:11.432,0.73384,0.73418,1.00,1.00
2015.04.17 12:42:11.482,0.73385,0.7342,1.00,1.12
2015.04.17 12:42:11.684,0.73384,0.73418,1.12,1.00
2015.04.17 12:42:11.835,0.73381,0.73416,1.00,1.00
2015.04.17 12:42:12.165,0.73381,0.73413,1.00,1.00
2015.04.17 12:42:12.266,0.73381,0.73415,1.00,1.00
2015.04.17 12:42:12.316,0.73387,0.73415,1.00,1.00
2015.04.17 12:42:12.366,0.73387,0.73423,1.00,1.00
2015.04.17 12:42:12.467,0.73385,0.73421,1.50,1.00
2015.04.17 12:42:12.800,0.73387,0.73421,1.00,1.50
2015.04.17 12:42:13.157,0.73387,0.73419,1.00,1.00
2015.04.17 12:42:13.208,0.73384,0.73419,1.00,1.00
2015.04.17 12:42:13.782,0.73384,0.73417,1.00,1.00
2015.04.17 12:42:14.323,0.73383,0.73416,1.00,1.00
2015.04.17 12:42:14.850,0.73382,0.73416,1.00,1.00
2015.04.17 12:42:15.368,0.73382,0.73417,1.00,1.00
2015.04.17 12:42:16.282,0.73382,0.73416,1.12,1.00
2015.04.17 12:42:16.464,0.73379,0.73416,1.12,1.37
2015.04.17 12:42:16.565,0.73379,0.73413,1.00,1.00
2015.04.17 12:42:16.983,0.73379,0.73411,1.00,1.00
2015.04.17 12:42:17.134,0.73375,0.73408,1.12,1.00
2015.04.17 12:42:17.235,0.73371,0.73407,1.00,1.00
2015.04.17 12:42:17.430,0.73371,0.73404,1.00,1.00
2015.04.17 12:42:17.563,0.73369,0.73404,1.50,1.00
2015.04.17 12:42:17.933,0.73372,0.73404,1.00,1.00
2015.04.17 12:42:17.983,0.73372,0.73406,1.00,1.00
2015.04.17 12:42:18.092,0.73372,0.73404,1.00,1.00
2015.04.17 12:42:18.308,0.73372,0.73406,1.00,1.00
2015.04.17 12:42:18.472,0.73374,0.73406,1.00,1.00
2015.04.17 12:42:19.143,0.73374,0.73407,1.37,1.00
2015.04.17 12:42:19.463,0.7337,0.73406,1.00,1.00
2015.04.17 12:42:19.514,0.7337,0.73402,1.00,1.00
2015.04.17 12:42:19.653,0.73367,0.73402,1.87,1.00
2015.04.17 12:42:20.242,0.73367,0.73402,1.87,1.00
2015.04.17 12:42:20.446,0.73367,0.73402,1.50,1.00
2015.04.17 12:42:20.497,0.73367,0.734,1.00,1.00
2015.04.17 12:42:21.049,0.73365,0.734,2.25,1.00
2015.04.17 12:42:21.172,0.73365,0.73402,1.87,1.00
2015.04.17 12:42:23.558,0.73369,0.73402,1.37,1.00
2015.04.17 12:42:24.145,0.7337,0.73405,1.00,1.50
2015.04.17 12:42:24.195,0.73374,0.73405,1.00,1.50
2015.04.17 12:42:24.246,0.73374,0.73407,1.00,1.00
2015.04.17 12:42:24.447,0.73374,0.73409,1.12,1.00
2015.04.17 12:42:24.581,0.73374,0.73407,1.37,1.00
2015.04.17 12:42:24.732,0.73373,0.7341,1.12,1.87
2015.04.17 12:42:24.785,0.73372,0.73404,1.00,1.00
2015.04.17 12:42:24.991,0.73372,0.73406,1.00,1.00
2015.04.17 12:42:25.144,0.73372,0.73408,1.00,1.00
2015.04.17 12:42:25.195,0.73376,0.73408,1.00,1.00
2015.04.17 12:42:25.733,0.73376,0.73407,1.00,1.00
2015.04.17 12:42:25.834,0.73372,0.73405,1.00,1.00
2015.04.17 12:42:25.934,0.7337,0.73405,1.00,1.00
2015.04.17 12:42:26.672,0.7337,0.73407,1.50,1.00
2015.04.17 12:42:26.970,0.7337,0.73407,1.87,1.00
2015.04.17 12:42:27.492,0.73374,0.73408,1.00,1.00
2015.04.17 12:42:27.823,0.73376,0.73407,1.00,1.00
2015.04.17 12:42:27.973,0.73376,0.73409,1.00,1.00
2015.04.17 12:42:28.196,0.73376,0.73411,1.00,1.00
2015.04.17 12:42:28.432,0.73376,0.73409,1.00,1.00
2015.04.17 12:42:28.482,0.73374,0.73409,1.00,1.00
2015.04.17 12:42:28.734,0.73373,0.73405,1.00,1.00
2015.04.17 12:42:28.784,0.7337,0.73405,1.00,1.00
2015.04.17 12:42:29.482,0.73369,0.73405,1.00,1.00
2015.04.17 12:42:29.812,0.73372,0.73405,1.00,1.00
2015.04.17 12:42:30.259,0.73369,0.73404,1.00,1.00
2015.04.17 12:42:30.310,0.73369,0.73402,1.00,1.00
2015.04.17 12:42:30.363,0.73367,0.73402,1.00,1.00
2015.04.17 12:42:31.041,0.73367,0.73401,1.50,1.00
2015.04.17 12:42:31.571,0.73367,0.73402,1.00,1.00
2015.04.17 12:42:32.099,0.73367,0.73402,1.37,1.00
2015.04.17 12:42:32.502,0.73367,0.73403,2.25,1.00
2015.04.17 12:42:32.603,0.73372,0.73405,1.00,1.00
2015.04.17 12:42:32.703,0.73374,0.7341,1.00,1.00
2015.04.17 12:42:32.754,0.73377,0.7341,1.00,1.00
2015.04.17 12:42:32.804,0.73377,0.73413,1.50,1.00
2015.04.17 12:42:32.855,0.73379,0.73413,1.00,1.00
2015.04.17 12:42:34.270,0.73379,0.73413,1.37,1.00
2015.04.17 12:42:34.592,0.73379,0.73413,1.00,1.00
2015.04.17 12:42:35.772,0.73379,0.73412,1.00,1.00
2015.04.17 12:42:36.351,0.73379,0.73414,1.00,1.00
2015.04.17 12:42:36.891,0.73379,0.73414,1.37,1.00
2015.04.17 12:42:36.995,0.73376,0.7341,1.87,1.00
2015.04.17 12:42:37.297,0.73379,0.73411,1.00,1.00
2015.04.17 12:42:37.347,0.73378,0.73414,1.00,1.00
2015.04.17 12:42:37.800,0.7338,0.73414,1.00,1.00
2015.04.17 12:42:38.112,0.73377,0.7341,1.00,1.00
2015.04.17 12:42:38.532,0.73374,0.73409,1.00,1.00
2015.04.17 12:42:39.092,0.73373,0.73408,1.00,1.00
2015.04.17 12:42:40.097,0.73374,0.73409,1.12,1.00
2015.04.17 12:42:40.198,0.73377,0.7341,1.00,1.00
2015.04.17 12:42:40.499,0.73375,0.7341,1.00,1.00
2015.04.17 12:42:40.622,0.73374,0.73407,1.00,1.00
2015.04.17 12:42:40.723,0.73372,0.73407,1.00,1.00
2015.04.17 12:42:40.830,0.73375,0.73408,1.00,1.00
2015.04.17 12:42:41.172,0.73381,0.73413,1.00,1.00
2015.04.17 12:42:42.054,0.7338,0.73415,1.12,1.00
2015.04.17 12:42:42.283,0.73381,0.73411,1.00,1.00
2015.04.17 12:42:42.383,0.73379,0.73412,1.00,1.00
2015.04.17 12:42:42.484,0.73375,0.73406,1.00,1.00
2015.04.17 12:42:42.810,0.73372,0.73405,1.00,1.00
2015.04.17 12:42:43.139,0.73371,0.73403,1.00,1.00
2015.04.17 12:42:44.348,0.73371,0.73401,1.00,1.00
2015.04.17 12:42:44.448,0.73369,0.73401,1.00,1.00
2015.04.17 12:42:45.250,0.73369,0.734,1.00,1.00
2015.04.17 12:42:45.684,0.7337,0.73402,1.00,1.00
2015.04.17 12:42:45.939,0.73366,0.73395,1.00,1.00
2015.04.17 12:42:45.990,0.73364,0.73395,1.00,1.00
2015.04.17 12:42:46.090,0.7336,0.73395,1.00,1.50
2015.04.17 12:42:46.141,0.73357,0.73392,1.00,1.00
2015.04.17 12:42:46.442,0.73359,0.73389,1.00,1.00
2015.04.17 12:42:46.650,0.73357,0.7339,1.00,1.00
2015.04.17 12:42:46.700,0.73357,0.73388,1.00,1.00
2015.04.17 12:42:47.539,0.73357,0.73389,1.12,1.00
2015.04.17 12:42:47.884,0.73361,0.73395,1.00,1.00
2015.04.17 12:42:48.327,0.7336,0.73393,1.00,1.00
2015.04.17 12:42:48.427,0.73356,0.7339,1.00,1.12
2015.04.17 12:42:48.478,0.73356,0.7339,1.00,1.37
2015.04.17 12:42:48.578,0.73354,0.73388,1.00,1.37
2015.04.17 12:42:49.080,0.73353,0.73387,1.00,1.87
2015.04.17 12:42:49.131,0.73351,0.73385,1.00,1.00
2015.04.17 12:42:49.652,0.7335,0.73384,1.00,1.00
2015.04.17 12:42:49.954,0.73354,0.73387,1.00,1.00
2015.04.17 12:42:50.105,0.73361,0.73395,1.00,1.00
2015.04.17 12:42:50.206,0.73363,0.73396,1.00,1.00
2015.04.17 12:42:50.556,0.73365,0.73399,1.00,1.00
2015.04.17 12:42:50.728,0.73367,0.73399,1.00,1.00
2015.04.17 12:42:51.284,0.73364,0.73398,1.00,1.00
2015.04.17 12:42:51.435,0.73364,0.73396,1.00,1.00
2015.04.17 12:42:51.636,0.73354,0.73389,1.00,1.00
2015.04.17 12:42:51.839,0.73353,0.73386,1.00,1.00
2015.04.17 12:42:51.989,0.7335,0.73385,1.00,1.00
2015.04.17 12:42:52.140,0.73352,0.73385,1.00,1.00
2015.04.17 12:42:52.441,0.73356,0.73389,1.00,1.00
2015.04.17 12:42:52.980,0.73355,0.7339,1.00,2.25
2015.04.17 12:42:53.500,0.73355,0.7339,1.00,2.62
2015.04.17 12:42:54.051,0.73355,0.7339,1.00,1.50
2015.04.17 12:42:54.381,0.73358,0.73391,1.00,1.00
2015.04.17 12:42:54.632,0.7336,0.73395,1.00,1.50
2015.04.17 12:42:54.733,0.7336,0.73391,1.00,1.00
2015.04.17 12:42:54.836,0.73362,0.73394,1.00,1.00
2015.04.17 12:42:54.937,0.73359,0.73394,1.50,1.00
2015.04.17 12:42:55.480,0.7336,0.73394,1.00,1.00
2015.04.17 12:42:56.272,0.73359,0.73394,1.00,1.50
2015.04.17 12:42:56.373,0.73361,0.73394,1.00,1.00
2015.04.17 12:42:58.360,0.73359,0.73392,1.00,1.00
2015.04.17 12:42:58.891,0.73359,0.73393,1.00,1.00
2015.04.17 12:42:59.864,0.73358,0.73393,1.00,1.00
2015.04.17 12:43:00.395,0.73359,0.73393,1.00,1.00
2015.04.17 12:43:01.871,0.73359,0.73392,1.00,1.00
2015.04.17 12:43:02.070,0.7336,0.73394,1.00,1.00
2015.04.17 12:43:02.170,0.73364,0.73396,1.00,1.00
2015.04.17 12:43:02.321,0.73364,0.73398,1.50,1.00
2015.04.17 12:43:02.630,0.73364,0.73396,1.00,1.00
2015.04.17 12:43:03.137,0.73363,0.73397,1.00,1.00
2015.04.17 12:43:03.479,0.73361,0.73395,1.00,1.00
2015.04.17 12:43:03.801,0.73361,0.73393,1.00,1.00
2015.04.17 12:43:04.345,0.7336,0.73394,1.00,1.00
2015.04.17 12:43:04.929,0.73359,0.73393,1.00,1.00
2015.04.17 12:43:05.270,0.73363,0.73395,1.00,1.50
2015.04.17 12:43:05.820,0.73363,0.73396,1.00,1.00
2015.04.17 12:43:06.498,0.73363,0.73395,1.00,1.00
2015.04.17 12:43:06.683,0.73361,0.73395,1.00,1.00
2015.04.17 12:43:07.308,0.73362,0.73396,1.00,2.25
2015.04.17 12:43:07.839,0.73363,0.73396,1.00,1.00
2015.04.17 12:43:07.990,0.73364,0.73398,1.00,1.00
2015.04.17 12:43:08.111,0.73367,0.73399,1.00,1.00
2015.04.17 12:43:08.262,0.73368,0.73401,1.00,1.12
2015.04.17 12:43:08.463,0.73373,0.73405,1.00,1.00
2015.04.17 12:43:08.765,0.73373,0.73402,1.00,1.00
2015.04.17 12:43:08.816,0.73369,0.73402,1.00,1.00
2015.04.17 12:43:08.967,0.73369,0.73395,1.00,1.00
2015.04.17 12:43:09.017,0.73362,0.73395,1.00,1.00
2015.04.17 12:43:09.118,0.73365,0.73398,1.00,1.00
2015.04.17 12:43:09.419,0.73367,0.73401,1.00,1.00
2015.04.17 12:43:10.214,0.73369,0.73401,1.00,1.00
2015.04.17 12:43:10.315,0.73372,0.73406,1.00,1.00
2015.04.17 12:43:10.516,0.73373,0.73404,1.00,1.00
2015.04.17 12:43:10.767,0.73364,0.73396,1.00,1.00
2015.04.17 12:43:11.081,0.73362,0.73396,1.00,2.25
2015.04.17 12:43:11.642,0.73362,0.73395,1.00,1.00
2015.04.17 12:43:12.080,0.73362,0.73376,1.00,1.00
2015.04.17 12:43:12.130,0.7336,0.73376,1.00,1.00
2015.04.17 12:43:12.181,0.73353,0.73366,1.00,1.00
2015.04.17 12:43:12.232,0.73329,0.73363,1.00,1.00
2015.04.17 12:43:12.351,0.73329,0.73356,1.00,1.00
2015.04.17 12:43:12.452,0.73323,0.73356,1.00,1.00
2015.04.17 12:43:12.610,0.73324,0.73351,1.00,1.00
2015.04.17 12:43:12.669,0.73314,0.73349,1.00,1.00
2015.04.17 12:43:12.720,0.73314,0.73346,1.00,1.00
2015.04.17 12:43:12.824,0.73315,0.7335,1.00,1.50
2015.04.17 12:43:12.925,0.73318,0.73351,1.00,1.00
2015.04.17 12:43:13.026,0.73314,0.73349,1.00,1.00
2015.04.17 12:43:13.149,0.73323,0.73353,1.00,1.00
2015.04.17 12:43:13.199,0.73323,0.73355,1.00,1.00
2015.04.17 12:43:13.549,0.73321,0.73355,1.00,1.00
2015.04.17 12:43:13.771,0.73319,0.73354,1.00,1.00
2015.04.17 12:43:14.098,0.73319,0.7335,1.00,1.00
2015.04.17 12:43:14.148,0.73317,0.7335,1.00,1.00
2015.04.17 12:43:14.429,0.73318,0.73352,1.00,1.00
2015.04.17 12:43:14.480,0.7332,0.73352,1.00,1.00
2015.04.17 12:43:15.319,0.73318,0.73352,1.00,1.00
2015.04.17 12:43:15.581,0.73315,0.73351,2.25,1.00
2015.04.17 12:43:15.699,0.73315,0.73351,1.87,1.00
2015.04.17 12:43:16.032,0.73321,0.73355,1.50,1.00
2015.04.17 12:43:16.082,0.73322,0.73358,1.00,1.00
2015.04.17 12:43:16.132,0.73322,0.73355,1.00,1.00
2015.04.17 12:43:16.233,0.7332,0.73356,1.00,1.50
2015.04.17 12:43:16.299,0.73322,0.73356,1.00,1.00
2015.04.17 12:43:16.350,0.73322,0.73358,1.00,1.00
2015.04.17 12:43:16.450,0.73324,0.7336,1.00,1.50
2015.04.17 12:43:16.801,0.73327,0.73361,1.00,1.50
2015.04.17 12:43:17.195,0.73329,0.73361,1.00,1.00
2015.04.17 12:43:17.403,0.73325,0.73361,1.00,1.50
2015.04.17 12:43:17.782,0.73328,0.73361,1.37,1.00
2015.04.17 12:43:17.883,0.73332,0.73363,1.12,1.00
2015.04.17 12:43:17.984,0.73335,0.73371,1.00,1.00
2015.04.17 12:43:18.262,0.73334,0.7337,1.00,1.37
2015.04.17 12:43:18.608,0.7333,0.73364,1.00,1.00
2015.04.17 12:43:19.166,0.73328,0.73362,1.00,1.12
2015.04.17 12:43:19.468,0.73324,0.73357,1.00,1.37
2015.04.17 12:43:19.518,0.7332,0.73355,1.00,1.00
2015.04.17 12:43:19.569,0.7332,0.73355,1.37,1.00
2015.04.17 12:43:19.619,0.73324,0.73357,1.00,1.00
2015.04.17 12:43:19.670,0.73324,0.7336,1.00,1.00
2015.04.17 12:43:19.720,0.73326,0.7336,1.00,1.00
2015.04.17 12:43:20.022,0.73327,0.73362,1.00,1.00
2015.04.17 12:43:20.073,0.73325,0.73361,1.00,1.00
2015.04.17 12:43:20.625,0.73325,0.7336,1.00,1.00
2015.04.17 12:43:21.079,0.73323,0.73359,1.00,1.00
2015.04.17 12:43:21.179,0.73325,0.73359,1.00,1.00
2015.04.17 12:43:21.623,0.73325,0.73362,1.00,1.50
2015.04.17 12:43:21.824,0.73328,0.73364,1.00,1.50
2015.04.17 12:43:22.261,0.73326,0.73362,1.00,1.00
2015.04.17 12:43:22.569,0.73324,0.73357,1.00,1.00
2015.04.17 12:43:23.009,0.73326,0.73358,1.00,1.00
2015.04.17 12:43:23.170,0.73326,0.73361,1.00,1.00
2015.04.17 12:43:23.231,0.73328,0.73361,1.00,1.00
2015.04.17 12:43:23.484,0.73328,0.73363,1.00,1.00
2015.04.17 12:43:23.651,0.73332,0.73365,1.00,1.00
2015.04.17 12:43:23.751,0.73335,0.73369,1.00,1.50
2015.04.17 12:43:23.802,0.73331,0.73365,1.50,1.00
2015.04.17 12:43:24.003,0.73327,0.73363,1.00,1.50
2015.04.17 12:43:24.561,0.73328,0.73364,1.00,1.00
2015.04.17 12:43:24.720,0.73328,0.7336,1.00,1.00
2015.04.17 12:43:24.821,0.73327,0.73362,1.00,1.00
2015.04.17 12:43:25.651,0.73326,0.73361,1.50,1.00
2015.04.17 12:43:25.760,0.73327,0.73364,1.00,1.87
2015.04.17 12:43:26.023,0.73327,0.73362,1.00,1.00
2015.04.17 12:43:26.171,0.73327,0.73364,1.00,1.87
2015.04.17 12:43:26.322,0.73329,0.73364,1.00,1.12
2015.04.17 12:43:26.643,0.73328,0.73362,1.00,1.00
2015.04.17 12:43:27.680,0.73328,0.7336,1.00,1.00
2015.04.17 12:43:28.156,0.73325,0.73359,1.00,1.00
2015.04.17 12:43:28.451,0.73323,0.73356,1.00,1.00
2015.04.17 12:43:28.754,0.73327,0.73359,1.00,1.00
2015.04.17 12:43:28.804,0.73327,0.73361,1.00,1.00
2015.04.17 12:43:29.185,0.73328,0.73363,1.00,1.00
2015.04.17 12:43:29.708,0.73327,0.73363,1.12,1.50
2015.04.17 12:43:30.050,0.73329,0.73364,1.00,1.50
2015.04.17 12:43:30.607,0.73329,0.73363,1.00,1.00
2015.04.17 12:43:31.092,0.73328,0.73361,1.00,1.00
2015.04.17 12:43:32.577,0.73329,0.73361,1.00,1.00
2015.04.17 12:43:32.800,0.73327,0.7336,1.87,1.00
2015.04.17 12:43:32.850,0.73327,0.7334,1.00,1.00
2015.04.17 12:43:32.921,0.73319,0.7334,1.00,1.00
2015.04.17 12:43:33.022,0.73308,0.73341,1.00,1.50
2015.04.17 12:43:33.072,0.73308,0.73337,1.00,1.00
2015.04.17 12:43:33.247,0.73301,0.73336,1.00,1.00
2015.04.17 12:43:33.398,0.73304,0.73338,1.00,1.00
2015.04.17 12:43:33.461,0.73302,0.73337,1.00,1.00
2015.04.17 12:43:33.612,0.73297,0.7333,1.00,1.00
2015.04.17 12:43:33.813,0.73297,0.73333,1.00,1.00
2015.04.17 12:43:34.165,0.73295,0.73331,1.00,1.00
2015.04.17 12:43:34.501,0.73299,0.73332,1.00,1.00
2015.04.17 12:43:35.004,0.73301,0.73333,1.00,1.00
2015.04.17 12:43:35.110,0.73299,0.73333,1.00,1.00
2015.04.17 12:43:36.007,0.73298,0.73334,1.00,1.00
2015.04.17 12:43:36.058,0.73298,0.7333,1.00,1.00
2015.04.17 12:43:36.158,0.73301,0.73336,1.00,1.00
2015.04.17 12:43:36.659,0.73301,0.73337,1.50,1.00
2015.04.17 12:43:36.761,0.73308,0.73339,1.00,1.00
2015.04.17 12:43:36.912,0.73305,0.73339,1.00,1.00
2015.04.17 12:43:37.012,0.73306,0.73342,1.00,1.50
2015.04.17 12:43:37.560,0.73306,0.73341,1.00,1.00
2015.04.17 12:43:37.859,0.73304,0.7334,1.00,1.00
2015.04.17 12:43:37.910,0.73304,0.73336,1.00,1.00
2015.04.17 12:43:38.013,0.73301,0.73336,1.00,1.00
2015.04.17 12:43:38.063,0.73301,0.73334,1.00,1.00
2015.04.17 12:43:39.997,0.73298,0.73331,1.00,1.00
2015.04.17 12:43:40.061,0.73296,0.73331,1.00,1.00
2015.04.17 12:43:40.609,0.73297,0.73331,1.00,1.87
2015.04.17 12:43:41.409,0.73297,0.73331,1.00,1.87
2015.04.17 12:43:42.827,0.73297,0.73331,1.00,1.37
2015.04.17 12:43:43.051,0.73295,0.73331,1.12,1.87
2015.04.17 12:43:43.252,0.73297,0.73332,1.12,1.50
2015.04.17 12:43:43.630,0.73296,0.73329,1.00,1.00
2015.04.17 12:43:44.127,0.73297,0.73331,1.00,1.12
2015.04.17 12:43:44.734,0.73297,0.7333,1.00,1.00
2015.04.17 12:43:45.238,0.73295,0.73329,1.00,1.87
2015.04.17 12:43:45.338,0.73295,0.73329,1.00,1.87
2015.04.17 12:43:45.661,0.73297,0.73331,1.00,1.12
2015.04.17 12:43:45.711,0.73299,0.73331,1.00,1.12
2015.04.17 12:43:45.812,0.73299,0.73333,1.00,1.00
2015.04.17 12:43:45.862,0.73299,0.73333,1.00,1.37
2015.04.17 12:43:46.013,0.73296,0.73328,1.00,1.00
2015.04.17 12:43:46.113,0.73296,0.7333,1.00,1.12
2015.04.17 12:43:46.264,0.73298,0.73332,1.00,1.00
2015.04.17 12:43:46.566,0.73296,0.73329,1.00,1.00
2015.04.17 12:43:47.074,0.73295,0.73329,1.50,1.00
2015.04.17 12:43:47.401,0.73302,0.73329,1.00,1.00
2015.04.17 12:43:47.452,0.73302,0.73334,1.00,1.00
2015.04.17 12:43:47.552,0.73302,0.73336,1.00,1.00
2015.04.17 12:43:48.033,0.733,0.73335,1.00,1.00
2015.04.17 12:43:49.322,0.73303,0.73335,1.00,1.00
2015.04.17 12:43:49.473,0.73304,0.73338,1.00,1.00
2015.04.17 12:43:49.651,0.73306,0.7334,1.00,1.12
2015.04.17 12:43:50.229,0.73307,0.73342,1.00,1.37
2015.04.17 12:43:50.665,0.7331,0.73342,1.00,1.00
2015.04.17 12:43:51.202,0.73308,0.73342,1.00,1.00
2015.04.17 12:43:51.322,0.73311,0.73343,1.00,1.50
2015.04.17 12:43:51.862,0.73312,0.73342,1.00,1.00
2015.04.17 12:43:52.020,0.73312,0.73345,1.00,1.00
2015.04.17 12:43:54.212,0.73312,0.73346,1.00,1.12
2015.04.17 12:43:55.351,0.73314,0.73346,1.00,1.12
2015.04.17 12:43:56.258,0.73315,0.73348,1.00,1.37
2015.04.17 12:43:56.359,0.73315,0.73348,1.00,1.00
2015.04.17 12:43:57.723,0.73315,0.73348,1.00,1.37
2015.04.17 12:43:57.824,0.73313,0.73348,1.50,1.37
2015.04.17 12:43:57.924,0.73313,0.73347,1.00,1.37
2015.04.17 12:43:58.025,0.7331,0.73344,1.00,1.37
2015.04.17 12:43:58.603,0.73311,0.73343,1.00,1.87
2015.04.17 12:43:59.527,0.73314,0.73345,1.00,1.87
2015.04.17 12:43:59.780,0.73295,0.73329,1.00,1.00
2015.04.17 12:43:59.981,0.73296,0.73327,1.00,1.00
2015.04.17 12:44:00.081,0.73286,0.7332,1.00,1.50
2015.04.17 12:44:00.232,0.73284,0.73316,1.00,1.00
2015.04.17 12:44:00.433,0.73282,0.73315,1.00,1.00
2015.04.17 12:44:00.534,0.73278,0.73313,1.00,1.00
2015.04.17 12:44:01.066,0.73279,0.73314,1.00,1.00
2015.04.17 12:44:01.327,0.73281,0.73316,1.00,1.00
2015.04.17 12:44:01.662,0.73283,0.73318,1.00,1.00
2015.04.17 12:44:02.004,0.73293,0.73325,1.00,1.00
2015.04.17 12:44:02.208,0.73295,0.73328,1.00,1.00
2015.04.17 12:44:02.359,0.73299,0.73329,1.00,1.00
2015.04.17 12:44:02.987,0.73298,0.7333,1.00,1.50
2015.04.17 12:44:03.161,0.73295,0.7333,1.00,1.50
2015.04.17 12:44:03.412,0.73299,0.73332,1.00,1.00
2015.04.17 12:44:03.664,0.73299,0.73334,1.00,1.50
2015.04.17 12:44:04.174,0.733,0.73334,1.00,1.00
2015.04.17 12:44:04.353,0.733,0.7333,1.00,1.00
2015.04.17 12:44:04.404,0.73298,0.7333,1.00,1.00
2015.04.17 12:44:04.504,0.73295,0.73329,1.00,1.00
2015.04.17 12:44:05.128,0.73295,0.73326,1.00,1.00
2015.04.17 12:44:05.178,0.73292,0.73326,1.00,1.50
2015.04.17 12:44:05.228,0.73295,0.73325,1.00,1.00
2015.04.17 12:44:05.429,0.73292,0.73325,1.00,1.00
2015.04.17 12:44:05.580,0.73292,0.73323,1.00,1.00
2015.04.17 12:44:05.657,0.73292,0.73326,1.00,1.00
2015.04.17 12:44:06.047,0.73292,0.73325,1.00,1.37
2015.04.17 12:44:06.458,0.7329,0.73324,1.00,1.37
2015.04.17 12:44:06.718,0.73292,0.73325,1.00,1.37
2015.04.17 12:44:06.769,0.73292,0.73326,1.00,1.37
2015.04.17 12:44:06.870,0.73292,0.73326,1.00,1.12
2015.04.17 12:44:07.352,0.73292,0.73326,1.00,1.37
2015.04.17 12:44:07.657,0.73291,0.73325,1.00,2.25
2015.04.17 12:44:07.778,0.73289,0.73321,1.00,1.37
2015.04.17 12:44:08.051,0.7329,0.73323,1.00,1.00
2015.04.17 12:44:08.102,0.7329,0.73325,1.00,1.12
2015.04.17 12:44:08.253,0.73296,0.73329,1.00,1.37
2015.04.17 12:44:08.377,0.73295,0.73329,1.00,1.12
2015.04.17 12:44:08.578,0.73295,0.73329,1.00,1.37
2015.04.17 12:44:09.108,0.73295,0.73329,1.00,1.37
2015.04.17 12:44:09.420,0.73295,0.7333,1.00,1.12
2015.04.17 12:44:09.580,0.73297,0.73331,1.00,1.12
2015.04.17 12:44:09.680,0.73298,0.73333,1.00,1.50
2015.04.17 12:44:10.308,0.73299,0.73334,1.00,1.12
2015.04.17 12:44:10.656,0.73302,0.73334,1.00,1.00
2015.04.17 12:44:11.019,0.73307,0.73339,1.00,1.12
2015.04.17 12:44:11.198,0.73305,0.73339,1.00,1.87
2015.04.17 12:44:11.957,0.73307,0.73339,1.00,1.12
2015.04.17 12:44:12.467,0.73306,0.7334,1.00,2.62
2015.04.17 12:44:12.769,0.73304,0.73338,1.00,1.37
2015.04.17 12:44:13.110,0.73304,0.73338,1.00,1.37
2015.04.17 12:44:13.824,0.73304,0.73338,1.00,1.75
2015.04.17 12:44:13.929,0.73304,0.73338,1.00,1.37
2015.04.17 12:44:14.198,0.73302,0.73336,1.00,1.87
2015.04.17 12:44:14.249,0.73302,0.73335,1.00,1.37
2015.04.17 12:44:14.400,0.733,0.73331,1.00,1.00
2015.04.17 12:44:15.088,0.733,0.73333,1.00,1.37
2015.04.17 12:44:15.188,0.733,0.73335,1.00,1.50
2015.04.17 12:44:15.239,0.733,0.73331,1.00,1.00
2015.04.17 12:44:15.307,0.733,0.73335,1.00,2.25
2015.04.17 12:44:15.760,0.733,0.73335,1.00,2.62
2015.04.17 12:44:16.078,0.73299,0.73331,1.00,1.37
2015.04.17 12:44:16.138,0.73297,0.73331,1.00,1.37
2015.04.17 12:44:16.738,0.73298,0.73329,1.00,1.12
2015.04.17 12:44:16.864,0.73298,0.73329,1.00,1.37
2015.04.17 12:44:17.392,0.73298,0.73329,1.00,1.37
2015.04.17 12:44:17.442,0.73298,0.73331,1.00,1.87
2015.04.17 12:44:18.011,0.73298,0.73331,1.00,2.25
2015.04.17 12:44:18.112,0.73298,0.73328,1.00,1.00
2015.04.17 12:44:18.162,0.73295,0.73328,1.00,1.00
2015.04.17 12:44:18.313,0.73295,0.73325,1.00,1.00
2015.04.17 12:44:18.610,0.73294,0.73327,1.00,1.50
2015.04.17 12:44:18.871,0.73294,0.73319,1.00,1.00
2015.04.17 12:44:18.922,0.73292,0.73319,1.00,1.00
2015.04.17 12:44:18.972,0.73292,0.73316,1.00,1.00
2015.04.17 12:44:19.022,0.73288,0.73316,1.00,1.00
2015.04.17 12:44:19.123,0.73282,0.73314,1.00,1.00
2015.04.17 12:44:19.173,0.73282,0.73311,1.00,1.00
2015.04.17 12:44:19.224,0.73278,0.7331,1.00,1.00
2015.04.17 12:44:19.328,0.73274,0.73308,1.00,1.00
2015.04.17 12:44:19.479,0.73276,0.73309,1.00,1.00
2015.04.17 12:44:19.818,0.73278,0.73311,1.00,1.00
2015.04.17 12:44:20.125,0.73278,0.73313,1.00,1.50
2015.04.17 12:44:20.176,0.73278,0.73305,1.00,1.00
2015.04.17 12:44:20.226,0.7327,0.73305,1.00,1.50
2015.04.17 12:44:20.457,0.73272,0.73307,1.00,1.00
2015.04.17 12:44:20.809,0.73274,0.73307,1.00,1.00
2015.04.17 12:44:22.657,0.73273,0.73305,1.00,1.00
2015.04.17 12:44:22.984,0.73274,0.73307,1.00,1.00
2015.04.17 12:44:23.335,0.73274,0.73309,1.00,1.00
2015.04.17 12:44:23.436,0.73276,0.73311,1.00,1.00
2015.04.17 12:44:24.430,0.73276,0.73311,1.87,1.00
2015.04.17 12:44:25.098,0.73276,0.73311,1.87,1.50
2015.04.17 12:44:25.400,0.73274,0.73308,1.50,1.37
2015.04.17 12:44:27.309,0.73274,0.73306,1.00,1.37
2015.04.17 12:44:27.811,0.73274,0.73306,1.00,1.12
2015.04.17 12:44:28.313,0.73274,0.73306,1.00,1.37
2015.04.17 12:44:28.615,0.73275,0.73307,1.00,1.37
2015.04.17 12:44:29.279,0.73275,0.73305,1.00,1.00
2015.04.17 12:44:29.963,0.73275,0.73306,1.00,1.00
2015.04.17 12:44:30.114,0.73271,0.733,1.00,1.00
2015.04.17 12:44:30.228,0.73266,0.733,1.00,1.00
2015.04.17 12:44:30.329,0.73263,0.73297,1.00,1.00
2015.04.17 12:44:30.800,0.73266,0.73299,1.00,1.00
2015.04.17 12:44:30.850,0.73266,0.73301,1.00,1.12
2015.04.17 12:44:30.901,0.7327,0.73302,1.00,1.00
2015.04.17 12:44:31.102,0.73267,0.73302,1.00,1.50
2015.04.17 12:44:31.638,0.73267,0.73299,1.00,1.00
2015.04.17 12:44:32.152,0.73267,0.73302,1.00,1.00
2015.04.17 12:44:33.020,0.73267,0.73302,1.00,1.37
2015.04.17 12:44:33.522,0.73267,0.73302,1.00,1.00
2015.04.17 12:44:33.887,0.73269,0.73303,1.00,1.37
2015.04.17 12:44:34.254,0.7327,0.73305,1.00,1.12
2015.04.17 12:44:34.625,0.73273,0.73307,1.00,1.37
2015.04.17 12:44:35.326,0.73273,0.73307,1.00,1.37
2015.04.17 12:44:35.428,0.73273,0.73307,1.00,1.12
2015.04.17 12:44:35.615,0.73271,0.73306,1.50,1.00
2015.04.17 12:44:35.665,0.73271,0.73306,1.87,1.00
2015.04.17 12:44:35.766,0.73274,0.73308,1.37,1.00
2015.04.17 12:44:35.866,0.73272,0.73306,1.00,1.00
2015.04.17 12:44:35.967,0.73273,0.73308,1.00,1.00
2015.04.17 12:44:36.168,0.73275,0.73309,1.00,1.37
2015.04.17 12:44:36.282,0.73271,0.73305,1.00,1.00
2015.04.17 12:44:36.382,0.73275,0.73309,1.00,1.00
2015.04.17 12:44:36.700,0.7328,0.7331,1.00,1.00
2015.04.17 12:44:36.972,0.7328,0.73313,1.00,1.00
2015.04.17 12:44:37.098,0.7328,0.73311,1.00,1.00
2015.04.17 12:44:38.349,0.7328,0.73304,1.00,1.00
2015.04.17 12:44:38.399,0.7327,0.73304,1.37,1.00
2015.04.17 12:44:38.601,0.73266,0.733,1.00,1.00
2015.04.17 12:44:38.701,0.73264,0.73299,1.50,1.00
2015.04.17 12:44:38.802,0.73266,0.73299,1.00,1.00
2015.04.17 12:44:38.903,0.73264,0.73299,1.00,1.00
2015.04.17 12:44:39.054,0.73271,0.73305,1.00,1.00
2015.04.17 12:44:39.205,0.73272,0.73307,1.00,1.00
2015.04.17 12:44:39.255,0.73273,0.73305,1.00,1.00
2015.04.17 12:44:39.459,0.7327,0.73305,1.00,1.00
2015.04.17 12:44:39.989,0.7327,0.73303,1.00,1.00
2015.04.17 12:44:40.119,0.73266,0.733,1.00,1.00
2015.04.17 12:44:40.271,0.73263,0.73298,1.00,1.00
2015.04.17 12:44:40.372,0.73263,0.73296,1.00,1.00
2015.04.17 12:44:40.891,0.73261,0.73296,1.00,2.25
2015.04.17 12:44:41.310,0.73261,0.73291,1.00,1.00
2015.04.17 12:44:41.360,0.73258,0.73291,1.00,1.37
2015.04.17 12:44:41.461,0.7326,0.73291,1.00,1.37
2015.04.17 12:44:41.612,0.7326,0.73291,1.00,1.00
2015.04.17 12:44:41.762,0.73261,0.73294,1.00,1.00
2015.04.17 12:44:41.813,0.73258,0.73292,1.00,1.00
2015.04.17 12:44:41.914,0.7326,0.73291,1.00,1.00
2015.04.17 12:44:41.964,0.7326,0.73293,1.00,1.00
2015.04.17 12:44:42.317,0.73262,0.73293,1.00,1.00
2015.04.17 12:44:42.557,0.7326,0.73293,1.00,1.00
2015.04.17 12:44:42.855,0.7326,0.73295,1.00,1.00
2015.04.17 12:44:43.309,0.73265,0.73296,1.00,1.00
2015.04.17 12:44:43.419,0.73268,0.733,1.00,1.00
2015.04.17 12:44:43.639,0.73266,0.733,1.00,1.00
2015.04.17 12:44:43.750,0.73264,0.73296,1.00,1.00
2015.04.17 12:44:44.010,0.7326,0.73295,1.00,1.50
2015.04.17 12:44:45.931,0.7326,0.73294,1.00,1.00
2015.04.17 12:44:46.081,0.73262,0.73296,1.00,1.50
2015.04.17 12:44:46.389,0.73266,0.73296,1.00,1.00
2015.04.17 12:44:46.641,0.73251,0.73283,1.00,1.00
2015.04.17 12:44:46.741,0.73256,0.73285,1.00,1.00
2015.04.17 12:44:46.892,0.73257,0.73287,1.00,1.00
2015.04.17 12:44:46.943,0.73254,0.73285,1.00,1.00
2015.04.17 12:44:47.094,0.73254,0.73287,1.00,1.00
2015.04.17 12:44:47.245,0.73253,0.73279,1.00,1.00
2015.04.17 12:44:47.295,0.73245,0.73279,1.00,1.50
2015.04.17 12:44:47.396,0.73245,0.73277,1.00,1.00
2015.04.17 12:44:47.446,0.73242,0.73275,1.00,1.00
2015.04.17 12:44:47.597,0.73242,0.73271,1.00,1.00
2015.04.17 12:44:47.647,0.7324,0.73271,1.00,1.00
2015.04.17 12:44:47.748,0.73234,0.7327,1.00,1.50
2015.04.17 12:44:48.049,0.73233,0.73268,1.00,1.00
2015.04.17 12:44:48.453,0.73232,0.73265,1.00,1.00
2015.04.17 12:44:48.789,0.73235,0.73269,1.00,1.00
2015.04.17 12:44:48.839,0.73237,0.73269,1.00,1.00
2015.04.17 12:44:49.126,0.73238,0.73272,1.00,1.00
2015.04.17 12:44:49.520,0.73241,0.73273,1.00,1.00
2015.04.17 12:44:50.016,0.73243,0.73275,1.00,1.00
2015.04.17 12:44:50.630,0.73243,0.73276,1.00,1.00
2015.04.17 12:44:51.004,0.73242,0.73274,1.00,1.00
2015.04.17 12:44:51.306,0.73242,0.73272,1.00,1.00
2015.04.17 12:44:52.309,0.73242,0.73275,1.00,1.00
2015.04.17 12:44:52.359,0.73244,0.73275,1.00,1.00
2015.04.17 12:44:52.660,0.73244,0.73278,1.00,1.50
2015.04.17 12:44:53.313,0.73244,0.73278,1.00,1.87
2015.04.17 12:44:53.464,0.73241,0.73275,1.00,1.37
2015.04.17 12:44:53.615,0.73242,0.73276,1.00,1.87
2015.04.17 12:44:53.737,0.73242,0.73274,1.00,1.12
2015.04.17 12:44:53.787,0.73238,0.73273,1.00,1.00
2015.04.17 12:44:53.989,0.73242,0.73276,1.00,1.50
2015.04.17 12:44:54.501,0.73241,0.73275,1.00,1.00
2015.04.17 12:44:55.019,0.7324,0.73275,1.00,1.12
2015.04.17 12:44:55.579,0.73241,0.73276,1.00,1.50
2015.04.17 12:44:55.912,0.73243,0.73277,1.00,1.50
2015.04.17 12:44:56.241,0.73245,0.73279,1.00,1.00
2015.04.17 12:44:56.752,0.73244,0.73278,1.00,1.00
2015.04.17 12:44:57.118,0.73246,0.7328,1.00,1.87
2015.04.17 12:44:57.168,0.73244,0.73278,1.00,1.12
2015.04.17 12:44:57.505,0.73244,0.73276,1.00,1.00
2015.04.17 12:44:58.132,0.73244,0.73276,1.00,1.87
2015.04.17 12:44:58.462,0.73242,0.73273,1.00,1.00
2015.04.17 12:44:58.513,0.73238,0.73271,1.00,1.00
2015.04.17 12:44:58.614,0.73234,0.73268,1.00,1.00
2015.04.17 12:44:58.820,0.73236,0.73271,1.00,1.50
2015.04.17 12:44:58.921,0.73238,0.73271,1.00,1.00
2015.04.17 12:44:59.232,0.73244,0.73276,1.00,1.00
2015.04.17 12:44:59.570,0.7324,0.73272,1.00,1.00
2015.04.17 12:44:59.721,0.73239,0.73274,1.50,1.00
2015.04.17 12:44:59.821,0.73239,0.73272,1.00,1.00
2015.04.17 12:44:59.872,0.73236,0.73271,1.00,1.00
2015.04.17 12:45:00.074,0.73232,0.73267,1.00,1.00
2015.04.17 12:45:00.376,0.7324,0.73275,1.00,1.00
2015.04.17 12:45:00.729,0.73239,0.73273,1.00,1.00
2015.04.17 12:45:01.031,0.7323,0.73264,1.00,1.00
2015.04.17 12:45:01.132,0.73231,0.73267,1.00,1.00
2015.04.17 12:45:01.349,0.73228,0.73264,1.00,1.00
2015.04.17 12:45:01.676,0.7323,0.73263,1.00,1.00
2015.04.17 12:45:01.999,0.73228,0.73263,1.00,1.00
2015.04.17 12:45:02.050,0.73228,0.73261,1.00,1.00
2015.04.17 12:45:02.100,0.73225,0.73261,1.00,1.00
2015.04.17 12:45:02.151,0.73222,0.73256,1.37,1.00
2015.04.17 12:45:02.501,0.73237,0.73269,1.00,1.00
2015.04.17 12:45:04.098,0.73238,0.73274,1.50,1.00
2015.04.17 12:45:04.787,0.73238,0.73276,1.50,1.00
2015.04.17 12:45:04.932,0.73238,0.73276,1.50,1.37
2015.04.17 12:45:05.133,0.73236,0.73273,1.12,1.00
2015.04.17 12:45:05.184,0.73239,0.73273,1.00,1.00
2015.04.17 12:45:05.357,0.73239,0.73276,1.12,1.00
2015.04.17 12:45:05.457,0.73241,0.73276,1.00,1.00
2015.04.17 12:45:05.759,0.73237,0.73274,1.00,1.00
2015.04.17 12:45:06.212,0.7324,0.73274,1.00,1.00
2015.04.17 12:45:06.413,0.73238,0.73274,1.00,1.00
2015.04.17 12:45:06.539,0.73236,0.73272,1.00,1.00
2015.04.17 12:45:06.898,0.73235,0.73269,1.00,1.00
2015.04.17 12:45:07.544,0.73235,0.7327,1.00,1.50
2015.04.17 12:45:08.236,0.73235,0.7327,1.00,1.87
2015.04.17 12:45:10.034,0.73233,0.73268,1.00,1.00
2015.04.17 12:45:10.601,0.73233,0.73269,1.37,1.12
2015.04.17 12:45:10.702,0.73233,0.73269,1.00,1.37
2015.04.17 12:45:10.802,0.73233,0.73269,1.00,1.00
2015.04.17 12:45:10.853,0.73232,0.73267,1.50,1.00
2015.04.17 12:45:11.184,0.73232,0.73265,1.00,1.50
2015.04.17 12:45:11.285,0.73225,0.7326,1.00,1.00
2015.04.17 12:45:11.386,0.73229,0.73264,1.00,1.50
2015.04.17 12:45:11.845,0.73229,0.73261,1.00,1.00
2015.04.17 12:45:12.170,0.73229,0.73264,1.00,1.50
2015.04.17 12:45:12.346,0.73231,0.73264,1.00,1.00
2015.04.17 12:45:13.008,0.73231,0.73266,1.00,1.12
2015.04.17 12:45:13.117,0.73228,0.73263,1.50,1.00
2015.04.17 12:45:13.419,0.73227,0.7326,1.50,1.00
2015.04.17 12:45:13.797,0.7323,0.73263,1.00,1.00
2015.04.17 12:45:14.327,0.7323,0.73265,1.00,1.50
2015.04.17 12:45:14.478,0.73232,0.73267,1.00,1.00
2015.04.17 12:45:14.784,0.7323,0.73263,1.00,1.00
2015.04.17 12:45:15.145,0.73228,0.73263,1.00,1.00
2015.04.17 12:45:15.205,0.73228,0.7326,1.00,1.00
2015.04.17 12:45:15.426,0.7323,0.73265,1.00,1.50
2015.04.17 12:45:15.928,0.73231,0.73266,1.00,1.00
2015.04.17 12:45:15.979,0.73234,0.73267,1.00,1.50
2015.04.17 12:45:16.331,0.73237,0.73272,1.00,1.50
2015.04.17 12:45:16.860,0.73238,0.73273,1.00,1.00
2015.04.17 12:45:17.629,0.73241,0.73275,1.00,1.00
2015.04.17 12:45:17.939,0.73243,0.73277,1.00,1.00
2015.04.17 12:45:18.286,0.73246,0.73277,1.00,1.00
2015.04.17 12:45:18.436,0.73246,0.73281,1.00,1.00
2015.04.17 12:45:18.941,0.73247,0.73282,1.00,1.50
2015.04.17 12:45:19.826,0.73246,0.73281,1.00,1.00
2015.04.17 12:45:20.599,0.73246,0.7328,1.00,1.00
2015.04.17 12:45:21.277,0.73247,0.73281,1.00,1.00
2015.04.17 12:45:21.602,0.73249,0.73281,1.00,1.50
2015.04.17 12:45:23.364,0.73249,0.73283,1.00,1.00
2015.04.17 12:45:23.455,0.73251,0.73284,1.00,1.12
2015.04.17 12:45:24.058,0.73251,0.73285,1.00,1.12
2015.04.17 12:45:26.015,0.73252,0.7328,1.00,1.00
2015.04.17 12:45:26.116,0.7325,0.7328,1.50,1.00
2015.04.17 12:45:26.166,0.7325,0.73284,2.25,1.00
2015.04.17 12:45:26.216,0.73255,0.73286,1.12,1.00
2015.04.17 12:45:26.367,0.73257,0.73286,1.00,1.00
2015.04.17 12:45:26.568,0.73253,0.73286,1.50,1.00
2015.04.17 12:45:27.106,0.73253,0.73285,1.00,1.00
2015.04.17 12:45:27.659,0.73253,0.73287,1.00,1.00
2015.04.17 12:45:27.760,0.73249,0.73283,1.12,1.00
2015.04.17 12:45:28.127,0.73248,0.73282,1.00,1.37
2015.04.17 12:45:28.956,0.73247,0.7328,1.00,1.00
2015.04.17 12:45:29.258,0.73244,0.73278,1.00,1.00
2015.04.17 12:45:29.308,0.73246,0.73281,1.00,1.37
2015.04.17 12:45:29.615,0.7325,0.7328,1.00,1.00
2015.04.17 12:45:29.838,0.73248,0.73281,1.00,1.00
2015.04.17 12:45:29.989,0.73245,0.73279,1.00,1.00
2015.04.17 12:45:30.090,0.73247,0.73281,1.00,1.87
2015.04.17 12:45:30.735,0.73248,0.73281,1.37,1.00
2015.04.17 12:45:31.037,0.73255,0.73286,1.00,1.00
2015.04.17 12:45:31.188,0.73259,0.73291,1.00,1.50
2015.04.17 12:45:31.288,0.73259,0.73286,1.12,1.00
2015.04.17 12:45:31.389,0.73257,0.73286,1.00,1.00
2015.04.17 12:45:32.192,0.73256,0.73286,1.00,1.00
2015.04.17 12:45:32.414,0.73257,0.73289,1.00,1.00
2015.04.17 12:45:32.643,0.73256,0.73288,1.00,1.37
2015.04.17 12:45:32.844,0.73254,0.73286,1.00,1.00
2015.04.17 12:45:32.944,0.73255,0.7328,1.00,1.00
2015.04.17 12:45:33.066,0.73249,0.7328,1.00,1.00
2015.04.17 12:45:33.849,0.73249,0.73275,1.00,1.00
2015.04.17 12:45:33.949,0.73249,0.7328,1.00,1.00
2015.04.17 12:45:34.087,0.73249,0.73281,1.00,2.62
2015.04.17 12:45:34.138,0.73245,0.73278,1.00,1.12
2015.04.17 12:45:34.188,0.73245,0.73276,1.00,1.12
2015.04.17 12:45:34.239,0.73243,0.73276,1.00,1.12
2015.04.17 12:45:34.389,0.73245,0.73276,1.00,1.00
2015.04.17 12:45:34.587,0.73245,0.73279,1.00,1.00
2015.04.17 12:45:34.789,0.73247,0.73281,1.00,1.12
2015.04.17 12:45:35.907,0.73247,0.73281,1.00,1.37
2015.04.17 12:45:36.447,0.73246,0.7328,1.00,1.12
2015.04.17 12:45:38.572,0.73248,0.7328,1.00,1.00
2015.04.17 12:45:38.856,0.73248,0.73282,1.00,1.87
2015.04.17 12:45:41.752,0.73247,0.73281,1.37,1.00
2015.04.17 12:45:41.802,0.73247,0.73281,1.37,1.00
2015.04.17 12:45:41.953,0.73248,0.7328,1.00,1.00
2015.04.17 12:45:42.054,0.73248,0.73282,1.00,1.00
2015.04.17 12:45:42.305,0.73245,0.73279,1.00,1.00
2015.04.17 12:45:42.623,0.73242,0.73276,1.00,1.00
2015.04.17 12:45:43.072,0.73241,0.73274,1.00,1.00
2015.04.17 12:45:43.273,0.73231,0.73265,1.00,1.00
2015.04.17 12:45:43.324,0.73231,0.73256,1.00,1.00
2015.04.17 12:45:43.374,0.73225,0.73256,1.00,1.00
2015.04.17 12:45:43.475,0.73225,0.73259,1.00,1.00
2015.04.17 12:45:43.525,0.73223,0.73256,1.00,1.00
2015.04.17 12:45:43.626,0.73221,0.73255,1.00,1.00
2015.04.17 12:45:44.477,0.73223,0.73257,1.00,1.00
2015.04.17 12:45:45.280,0.73225,0.73257,1.00,1.00
2015.04.17 12:45:45.582,0.73226,0.7326,1.00,1.00
2015.04.17 12:45:45.683,0.7323,0.73262,1.00,1.00
2015.04.17 12:45:45.884,0.73233,0.73266,1.00,1.00
2015.04.17 12:45:46.117,0.73235,0.7327,1.00,1.00
2015.04.17 12:45:47.024,0.73236,0.7327,1.00,1.00
2015.04.17 12:45:47.585,0.73237,0.7327,1.00,1.00
2015.04.17 12:45:47.688,0.73238,0.73272,1.00,1.00
2015.04.17 12:45:47.839,0.73238,0.73266,1.00,1.00
2015.04.17 12:45:47.889,0.73236,0.73266,1.00,1.00
2015.04.17 12:45:47.990,0.73234,0.73263,1.00,1.00
2015.04.17 12:45:48.297,0.73233,0.73261,1.00,1.00
2015.04.17 12:45:48.548,0.73233,0.73263,1.00,1.00
2015.04.17 12:45:49.005,0.73231,0.73264,1.00,1.00
2015.04.17 12:45:49.106,0.73231,0.73262,1.00,1.00
2015.04.17 12:45:49.421,0.73229,0.7326,1.00,1.00
2015.04.17 12:45:49.574,0.7323,0.73264,1.00,1.37
2015.04.17 12:45:49.624,0.7323,0.73264,1.37,1.00
2015.04.17 12:45:49.775,0.73238,0.7327,1.00,1.00
2015.04.17 12:45:49.976,0.73241,0.73272,1.00,1.00
2015.04.17 12:45:50.077,0.73241,0.73274,1.00,1.00
2015.04.17 12:45:50.459,0.73243,0.73274,1.00,1.00
2015.04.17 12:45:50.861,0.73244,0.73276,1.00,1.00
2015.04.17 12:45:50.962,0.73244,0.73273,1.00,1.00
2015.04.17 12:45:51.113,0.73244,0.73275,1.00,1.00
2015.04.17 12:45:51.335,0.7324,0.7327,1.00,1.00
2015.04.17 12:45:51.536,0.73235,0.73266,1.00,1.00
2015.04.17 12:45:51.587,0.73235,0.73256,1.00,1.00
2015.04.17 12:45:51.637,0.7323,0.73256,1.50,1.00
2015.04.17 12:45:51.857,0.73219,0.73254,1.00,1.00
2015.04.17 12:45:51.957,0.73224,0.73258,1.00,1.00
2015.04.17 12:45:52.735,0.73222,0.73256,1.00,1.00
2015.04.17 12:45:53.267,0.73223,0.73258,1.00,1.00
2015.04.17 12:45:53.427,0.73225,0.73258,1.00,1.00
2015.04.17 12:45:53.767,0.73228,0.73261,1.00,1.00
2015.04.17 12:45:54.272,0.73228,0.73262,1.00,1.00
2015.04.17 12:45:54.647,0.7322,0.73251,1.00,1.00
2015.04.17 12:45:54.889,0.7322,0.73253,1.00,1.00
2015.04.17 12:45:55.040,0.73223,0.73253,1.00,1.00
2015.04.17 12:45:55.141,0.7322,0.73251,1.00,1.00
2015.04.17 12:45:55.292,0.73215,0.7325,1.00,1.00
2015.04.17 12:45:55.393,0.73215,0.73247,1.00,1.00
2015.04.17 12:45:55.695,0.73214,0.7325,1.00,1.00
2015.04.17 12:45:55.908,0.73214,0.73252,1.50,1.00
2015.04.17 12:45:56.153,0.73218,0.73252,1.00,1.00
2015.04.17 12:45:56.667,0.73218,0.73253,1.12,1.00
2015.04.17 12:45:56.717,0.73218,0.73255,1.12,1.00
2015.04.17 12:45:56.899,0.73218,0.73253,1.12,1.00
2015.04.17 12:45:57.269,0.73219,0.73249,1.00,1.00
2015.04.17 12:45:57.446,0.73219,0.73251,1.00,1.00
2015.04.17 12:45:57.546,0.73216,0.73251,1.12,1.00
2015.04.17 12:45:57.835,0.7322,0.73252,1.00,1.00
2015.04.17 12:45:58.289,0.73217,0.73252,1.00,1.00
2015.04.17 12:45:58.570,0.73219,0.73252,1.00,1.00
2015.04.17 12:45:58.901,0.73217,0.73252,1.12,1.00
2015.04.17 12:45:59.427,0.73217,0.73251,1.00,1.37
2015.04.17 12:45:59.739,0.73216,0.73245,1.00,1.00
2015.04.17 12:45:59.792,0.73211,0.73245,1.00,1.00
2015.04.17 12:46:00.101,0.73212,0.73247,1.00,1.00
2015.04.17 12:46:00.201,0.73212,0.73249,1.50,1.00
2015.04.17 12:46:00.374,0.73215,0.73249,1.00,1.00
2015.04.17 12:46:00.575,0.7321,0.73247,1.50,1.00
2015.04.17 12:46:00.776,0.7321,0.73243,1.00,1.00
2015.04.17 12:46:00.879,0.7321,0.73246,1.50,1.00
2015.04.17 12:46:01.076,0.73213,0.73248,1.00,1.00
2015.04.17 12:46:01.328,0.73216,0.73252,1.00,1.00
2015.04.17 12:46:01.676,0.73221,0.73252,1.00,1.00
2015.04.17 12:46:01.848,0.73221,0.73257,1.00,1.00
2015.04.17 12:46:01.998,0.73225,0.73259,1.00,1.00
2015.04.17 12:46:02.836,0.73225,0.73259,1.37,1.00
2015.04.17 12:46:03.277,0.73225,0.7326,1.50,1.37
2015.04.17 12:46:03.428,0.7322,0.73254,1.12,1.00
2015.04.17 12:46:03.880,0.73218,0.73255,1.50,1.00
2015.04.17 12:46:04.414,0.73217,0.73254,1.50,1.00
2015.04.17 12:46:04.628,0.7322,0.73255,1.00,1.00
2015.04.17 12:46:05.372,0.73218,0.73255,1.00,1.50
2015.04.17 12:46:05.523,0.73218,0.73253,1.00,1.00
2015.04.17 12:46:05.624,0.73216,0.73252,1.00,1.00
2015.04.17 12:46:05.724,0.73212,0.73247,1.00,1.00
2015.04.17 12:46:05.926,0.73213,0.73249,1.00,1.50
2015.04.17 12:46:06.026,0.73213,0.73247,1.00,1.00
2015.04.17 12:46:06.077,0.73211,0.73247,1.00,1.00
2015.04.17 12:46:06.388,0.73213,0.7325,1.00,1.00
2015.04.17 12:46:06.489,0.73214,0.73252,1.00,1.00
2015.04.17 12:46:06.590,0.73217,0.73253,1.00,1.00
2015.04.17 12:46:06.809,0.73214,0.73252,1.00,1.00
2015.04.17 12:46:07.159,0.73216,0.73251,1.00,1.00
2015.04.17 12:46:07.580,0.73214,0.7325,1.00,1.00
2015.04.17 12:46:07.809,0.73212,0.73249,1.00,1.00
2015.04.17 12:46:07.909,0.73211,0.73247,1.50,1.00
2015.04.17 12:46:08.421,0.7321,0.73246,1.00,1.00
2015.04.17 12:46:08.521,0.73212,0.73249,1.00,1.00
2015.04.17 12:46:08.572,0.73214,0.73249,1.00,1.00
2015.04.17 12:46:09.288,0.73214,0.73252,1.00,1.37
2015.04.17 12:46:09.855,0.73214,0.73252,1.00,1.00
2015.04.17 12:46:10.957,0.73215,0.73252,1.00,1.00
2015.04.17 12:46:11.107,0.73215,0.73251,1.00,1.37
2015.04.17 12:46:11.308,0.73211,0.73248,1.37,1.12
2015.04.17 12:46:11.904,0.73211,0.73248,1.12,1.37
2015.04.17 12:46:12.334,0.73212,0.7325,1.50,1.00
2015.04.17 12:46:12.546,0.73214,0.7325,1.00,1.00
2015.04.17 12:46:13.133,0.73214,0.7325,1.87,1.00
2015.04.17 12:46:13.184,0.73218,0.73252,1.00,1.00
2015.04.17 12:46:13.335,0.73219,0.73254,1.37,1.00
2015.04.17 12:46:13.537,0.73219,0.73255,1.00,1.00
2015.04.17 12:46:13.638,0.73218,0.73253,1.50,1.00
2015.04.17 12:46:13.953,0.73216,0.73252,1.00,1.50
2015.04.17 12:46:14.165,0.73216,0.7325,1.00,1.00
2015.04.17 12:46:16.144,0.73216,0.73251,1.00,1.00
2015.04.17 12:46:17.734,0.73219,0.73254,1.00,1.00
2015.04.17 12:46:18.059,0.73221,0.73255,1.37,1.00
2015.04.17 12:46:18.656,0.73222,0.73254,1.12,1.00
2015.04.17 12:46:19.335,0.73221,0.73256,1.37,1.00
2015.04.17 12:46:19.864,0.73221,0.73256,1.00,1.00
2015.04.17 12:46:20.085,0.73224,0.73256,1.00,1.00
2015.04.17 12:46:20.306,0.73221,0.73256,1.12,1.00
2015.04.17 12:46:20.524,0.73224,0.73257,1.00,1.00
2015.04.17 12:46:21.518,0.73224,0.73257,1.37,1.00
2015.04.17 12:46:21.845,0.73222,0.73256,1.12,1.00
2015.04.17 12:46:22.324,0.73224,0.73258,1.00,1.12
2015.04.17 12:46:23.540,0.73224,0.73256,1.00,1.00
2015.04.17 12:46:23.953,0.73222,0.73255,1.12,1.00
2015.04.17 12:46:24.506,0.73223,0.73256,1.00,1.00
2015.04.17 12:46:25.716,0.73221,0.73256,1.87,1.00
2015.04.17 12:46:26.408,0.73221,0.73256,1.50,1.00
2015.04.17 12:46:27.001,0.73221,0.73256,1.87,1.00
2015.04.17 12:46:27.510,0.73221,0.73256,1.50,1.00
2015.04.17 12:46:28.113,0.73221,0.73255,1.12,1.00
2015.04.17 12:46:30.684,0.73226,0.7326,1.00,1.37
2015.04.17 12:46:31.305,0.73226,0.7326,1.00,1.37
2015.04.17 12:46:31.627,0.73228,0.7326,1.00,1.37
2015.04.17 12:46:32.593,0.73228,0.7326,1.00,1.37
2015.04.17 12:46:33.897,0.73228,0.7326,1.00,1.50
2015.04.17 12:46:34.078,0.73217,0.73251,1.00,1.00
2015.04.17 12:46:34.546,0.7322,0.73253,1.00,1.00
2015.04.17 12:46:35.076,0.7322,0.73254,1.00,1.12
2015.04.17 12:46:35.399,0.73223,0.73256,1.00,1.00
2015.04.17 12:46:35.800,0.73223,0.73256,1.00,1.37
2015.04.17 12:46:35.901,0.73222,0.73256,1.00,1.00
2015.04.17 12:46:35.952,0.73225,0.73256,1.00,1.00
2015.04.17 12:46:36.253,0.73222,0.73258,1.00,1.50
2015.04.17 12:46:36.756,0.73222,0.73255,1.00,1.37
2015.04.17 12:46:37.277,0.73223,0.73257,1.00,1.37
2015.04.17 12:46:37.703,0.73223,0.73257,1.00,1.37
2015.04.17 12:46:37.854,0.73226,0.73258,1.00,1.00
2015.04.17 12:46:38.055,0.73227,0.73263,1.37,1.37
2015.04.17 12:46:38.206,0.73229,0.73264,1.00,1.50
2015.04.17 12:46:38.257,0.73231,0.73264,1.00,1.00
2015.04.17 12:46:38.589,0.73231,0.73266,1.00,1.12
2015.04.17 12:46:39.108,0.73232,0.73266,1.00,1.00
2015.04.17 12:46:39.467,0.73234,0.73266,1.00,1.00
2015.04.17 12:46:39.852,0.73235,0.73269,1.00,1.12
2015.04.17 12:46:39.903,0.73238,0.73269,1.00,1.12
2015.04.17 12:46:39.953,0.73238,0.73272,1.00,1.00
2015.04.17 12:46:40.124,0.73241,0.73272,1.00,1.00
2015.04.17 12:46:40.685,0.73242,0.73272,1.00,1.00
2015.04.17 12:46:41.066,0.73242,0.73275,1.00,1.12
2015.04.17 12:46:41.267,0.73244,0.73277,1.00,1.37
2015.04.17 12:46:41.418,0.7324,0.73275,1.00,1.00
2015.04.17 12:46:41.518,0.7324,0.73273,1.00,1.00
2015.04.17 12:46:41.673,0.73237,0.73273,1.00,1.50
2015.04.17 12:46:41.723,0.73237,0.73268,1.00,1.00
2015.04.17 12:46:41.924,0.73233,0.73266,1.00,1.00
2015.04.17 12:46:42.184,0.73232,0.73264,1.00,1.00
2015.04.17 12:46:42.704,0.73231,0.73266,1.00,1.00
2015.04.17 12:46:43.323,0.73231,0.73265,1.00,1.00
2015.04.17 12:46:44.036,0.73232,0.73266,1.00,1.50
2015.04.17 12:46:44.281,0.73232,0.73266,1.00,1.87
2015.04.17 12:46:44.382,0.73232,0.73266,1.00,1.87
2015.04.17 12:46:44.696,0.73232,0.73266,1.00,1.87
2015.04.17 12:46:44.751,0.73232,0.73266,1.00,1.87
2015.04.17 12:46:44.934,0.73232,0.73263,1.00,1.00
2015.04.17 12:46:45.152,0.7323,0.73263,1.00,1.37
2015.04.17 12:46:45.203,0.73232,0.73263,1.00,1.37
2015.04.17 12:46:45.838,0.73231,0.73263,1.00,1.37
2015.04.17 12:46:45.888,0.73231,0.73266,1.00,1.12
2015.04.17 12:46:45.989,0.73236,0.73268,1.00,1.37
2015.04.17 12:46:46.256,0.73237,0.73268,1.00,1.12
2015.04.17 12:46:46.307,0.73239,0.73268,1.00,1.12
2015.04.17 12:46:46.503,0.73237,0.73268,1.00,1.12
2015.04.17 12:46:47.066,0.73237,0.7327,1.00,1.37
2015.04.17 12:46:47.617,0.73237,0.7327,1.00,1.37
2015.04.17 12:46:47.765,0.73237,0.73268,1.00,1.37
2015.04.17 12:46:48.364,0.73236,0.73265,1.00,1.12
2015.04.17 12:46:49.145,0.73234,0.73265,1.00,1.00
2015.04.17 12:46:49.195,0.73234,0.73265,1.00,1.37
2015.04.17 12:46:49.742,0.73234,0.73264,1.00,1.37
2015.04.17 12:46:50.675,0.73234,0.73264,1.00,1.37
2015.04.17 12:46:51.141,0.73233,0.73265,1.00,1.37
2015.04.17 12:46:51.657,0.73233,0.73265,1.00,1.37
2015.04.17 12:46:52.665,0.73235,0.73267,1.00,1.37
2015.04.17 12:46:53.146,0.73236,0.73268,1.00,1.37
2015.04.17 12:46:53.347,0.73239,0.73272,1.00,1.37
2015.04.17 12:46:53.503,0.7324,0.73272,1.00,1.37
2015.04.17 12:46:54.036,0.73241,0.73272,1.00,1.37
2015.04.17 12:46:54.409,0.73241,0.73272,1.00,1.75
2015.04.17 12:46:54.459,0.73237,0.73272,1.00,1.75
2015.04.17 12:46:54.510,0.73237,0.73269,1.00,2.25
2015.04.17 12:46:54.560,0.73235,0.73269,1.00,2.25
2015.04.17 12:46:54.661,0.73232,0.73266,1.00,1.37
2015.04.17 12:46:54.866,0.7323,0.73264,1.00,1.37
2015.04.17 12:46:55.149,0.7323,0.7326,1.00,1.00
2015.04.17 12:46:55.350,0.73229,0.73263,1.00,1.50
2015.04.17 12:46:55.551,0.73225,0.73261,1.00,1.00
2015.04.17 12:46:55.601,0.73225,0.73257,1.00,1.00
2015.04.17 12:46:55.806,0.73225,0.73259,1.00,1.00
2015.04.17 12:46:56.159,0.73226,0.73257,1.00,1.00
2015.04.17 12:46:56.310,0.73223,0.73255,1.00,1.00
2015.04.17 12:46:56.487,0.73222,0.73258,1.00,1.00
2015.04.17 12:46:56.907,0.73223,0.73255,1.00,1.00
2015.04.17 12:46:57.169,0.73221,0.73255,1.00,1.00
2015.04.17 12:46:57.363,0.73221,0.73253,1.00,1.00
2015.04.17 12:46:58.632,0.73221,0.73253,1.00,1.37
2015.04.17 12:46:59.215,0.73221,0.73253,1.00,1.37
2015.04.17 12:46:59.393,0.73221,0.73253,1.00,1.00
2015.04.17 12:46:59.576,0.73216,0.7325,1.00,1.00
2015.04.17 12:46:59.727,0.73215,0.73249,1.00,1.37
2015.04.17 12:46:59.928,0.73212,0.73246,1.00,1.12
2015.04.17 12:47:00.265,0.73214,0.73246,1.00,1.00
2015.04.17 12:47:00.375,0.73212,0.73246,1.00,1.00
2015.04.17 12:47:01.116,0.73213,0.73247,1.00,1.00
2015.04.17 12:47:01.317,0.73215,0.73247,1.37,1.00
2015.04.17 12:47:01.367,0.73215,0.73249,1.87,1.00
2015.04.17 12:47:01.418,0.73218,0.73249,1.00,1.00
2015.04.17 12:47:01.468,0.73218,0.73252,1.50,1.00
2015.04.17 12:47:01.820,0.7322,0.73254,1.00,1.00
2015.04.17 12:47:02.358,0.73218,0.73252,1.50,1.00
2015.04.17 12:47:02.559,0.7322,0.73255,1.00,1.00
2015.04.17 12:47:02.660,0.73222,0.73257,1.00,1.00
2015.04.17 12:47:03.005,0.73224,0.73259,1.00,1.00
2015.04.17 12:47:03.524,0.73223,0.73258,1.00,1.12
2015.04.17 12:47:03.869,0.73226,0.73258,1.00,1.00
2015.04.17 12:47:04.527,0.73224,0.73256,1.00,1.00
2015.04.17 12:47:04.678,0.73225,0.7326,1.00,1.00
2015.04.17 12:47:04.729,0.73225,0.73258,1.00,1.00
2015.04.17 12:47:04.980,0.73216,0.7325,1.00,1.00
2015.04.17 12:47:05.407,0.73215,0.73247,1.00,1.00
2015.04.17 12:47:06.197,0.73215,0.73247,1.00,1.87
2015.04.17 12:47:06.746,0.73214,0.73247,1.00,1.00
2015.04.17 12:47:07.834,0.73213,0.73247,1.00,1.12
2015.04.17 12:47:08.614,0.73215,0.73247,1.00,1.50
2015.04.17 12:47:09.416,0.73215,0.73247,1.37,1.00
2015.04.17 12:47:09.467,0.73215,0.7325,1.37,1.00
2015.04.17 12:47:09.718,0.73216,0.73248,1.12,1.00
2015.04.17 12:47:12.261,0.73219,0.73249,1.12,1.00
2015.04.17 12:47:12.311,0.73219,0.73251,1.12,1.00
2015.04.17 12:47:12.362,0.73219,0.73251,1.37,1.00
2015.04.17 12:47:12.462,0.73222,0.73256,1.00,1.00
2015.04.17 12:47:13.104,0.73224,0.73258,1.00,1.00
2015.04.17 12:47:14.684,0.73225,0.73257,1.00,1.00
2015.04.17 12:47:15.024,0.73225,0.73254,1.00,1.37
2015.04.17 12:47:15.084,0.73221,0.73253,1.00,1.37
2015.04.17 12:47:15.235,0.73219,0.73253,1.50,1.37
2015.04.17 12:47:15.286,0.73219,0.7325,1.50,1.37
2015.04.17 12:47:15.538,0.73216,0.7325,1.00,1.87
2015.04.17 12:47:15.638,0.73213,0.73248,1.00,1.00
2015.04.17 12:47:16.233,0.73214,0.73248,1.00,1.00
2015.04.17 12:47:16.515,0.73216,0.73248,1.00,1.00
2015.04.17 12:47:18.825,0.73216,0.7325,1.00,1.00
2015.04.17 12:47:19.699,0.73215,0.73249,1.00,1.12
2015.04.17 12:47:21.572,0.73217,0.73249,1.00,1.00
2015.04.17 12:47:22.062,0.73214,0.73249,1.50,1.00
2015.04.17 12:47:23.408,0.73214,0.73248,1.00,1.00
2015.04.17 12:47:23.559,0.73213,0.73246,1.00,1.00
2015.04.17 12:47:24.115,0.73214,0.73246,1.00,1.00
2015.04.17 12:47:27.887,0.73212,0.73246,1.00,1.00
2015.04.17 12:47:27.987,0.7321,0.73244,1.00,1.00
2015.04.17 12:47:28.395,0.73212,0.73245,1.00,1.12
2015.04.17 12:47:29.511,0.73212,0.73246,1.12,1.00
2015.04.17 12:47:30.263,0.73213,0.73246,1.00,1.12
2015.04.17 12:47:32.933,0.73212,0.73246,1.00,1.00
2015.04.17 12:47:35.388,0.73212,0.73247,1.37,1.00
2015.04.17 12:47:35.699,0.73216,0.73248,1.00,1.00
2015.04.17 12:47:38.007,0.73216,0.73248,1.37,1.00
2015.04.17 12:47:38.091,0.73216,0.73251,1.37,1.50
2015.04.17 12:47:38.422,0.7322,0.73253,1.00,1.00
2015.04.17 12:47:38.734,0.73221,0.73256,1.00,1.00
2015.04.17 12:47:39.843,0.73222,0.73257,1.00,1.00
2015.04.17 12:47:40.596,0.73222,0.73257,1.37,1.00
2015.04.17 12:47:40.712,0.73224,0.73259,1.00,1.50
2015.04.17 12:47:41.389,0.73225,0.7326,1.00,1.00
2015.04.17 12:47:41.914,0.73225,0.7326,1.00,1.87
2015.04.17 12:47:41.965,0.73223,0.73258,1.00,1.12
2015.04.17 12:47:42.104,0.73223,0.73258,1.00,1.37
2015.04.17 12:47:42.155,0.73221,0.73254,1.00,1.00
2015.04.17 12:47:43.163,0.7322,0.73255,1.37,1.00
2015.04.17 12:47:43.684,0.73222,0.73257,1.00,1.37
2015.04.17 12:47:43.735,0.73222,0.73257,1.37,1.00
2015.04.17 12:47:44.124,0.73224,0.73259,1.12,1.12
2015.04.17 12:47:44.384,0.73221,0.73256,1.87,1.00
2015.04.17 12:47:45.425,0.73221,0.73256,1.37,1.12
2015.04.17 12:47:45.727,0.73223,0.73257,1.00,1.75
2015.04.17 12:47:45.777,0.73217,0.73251,1.12,1.12
2015.04.17 12:47:45.827,0.73217,0.73251,1.37,1.00
2015.04.17 12:47:46.036,0.73217,0.73251,1.00,1.00
2015.04.17 12:47:46.577,0.73217,0.73252,1.00,1.00
2015.04.17 12:47:46.677,0.73215,0.7325,1.00,1.00
2015.04.17 12:47:47.022,0.73211,0.73243,1.00,1.00
2015.04.17 12:47:47.433,0.7321,0.73245,1.00,1.00
2015.04.17 12:47:47.584,0.73212,0.73247,1.00,1.00
2015.04.17 12:47:47.964,0.73212,0.73245,1.00,1.00
2015.04.17 12:47:48.572,0.73211,0.73245,1.00,1.00
2015.04.17 12:47:49.545,0.73209,0.73243,1.50,1.12
2015.04.17 12:47:49.941,0.7321,0.7324,1.00,1.50
2015.04.17 12:47:50.092,0.73205,0.7324,1.00,1.50
2015.04.17 12:47:50.643,0.73205,0.7324,1.00,1.87
2015.04.17 12:47:50.984,0.73205,0.73239,1.37,1.00
2015.04.17 12:47:51.548,0.73205,0.73239,1.50,1.00
2015.04.17 12:47:51.775,0.73205,0.73239,1.87,1.00
2015.04.17 12:47:51.974,0.73205,0.73239,1.87,1.00
2015.04.17 12:47:52.198,0.7321,0.73242,1.00,1.00
2015.04.17 12:47:52.298,0.7321,0.73245,1.00,1.00
2015.04.17 12:47:52.559,0.73213,0.73246,1.00,1.00
2015.04.17 12:47:52.710,0.73215,0.7325,1.00,1.00
2015.04.17 12:47:53.243,0.73216,0.73251,1.00,1.00
2015.04.17 12:47:53.293,0.73218,0.73253,1.00,1.00
2015.04.17 12:47:53.613,0.73222,0.73254,1.00,1.00
2015.04.17 12:47:53.915,0.73224,0.73256,1.12,1.00
2015.04.17 12:47:54.066,0.73222,0.73256,1.00,1.00
2015.04.17 12:47:54.166,0.73224,0.73256,1.00,1.00
2015.04.17 12:47:54.717,0.73223,0.73257,1.00,1.00
2015.04.17 12:47:55.019,0.7322,0.73254,1.12,1.00
2015.04.17 12:47:55.391,0.73215,0.73248,1.00,1.00
2015.04.17 12:47:55.592,0.73215,0.7325,1.00,1.00
2015.04.17 12:47:55.693,0.73219,0.73254,1.00,1.50
2015.04.17 12:47:56.020,0.73224,0.73258,1.00,1.00
2015.04.17 12:47:56.324,0.73226,0.7326,1.00,1.00
2015.04.17 12:47:56.656,0.73223,0.73258,1.00,1.00
2015.04.17 12:47:56.812,0.73224,0.73256,1.00,1.00
2015.04.17 12:47:57.034,0.73222,0.73257,1.00,1.00
2015.04.17 12:47:57.550,0.73222,0.73257,1.12,1.37
2015.04.17 12:47:57.965,0.73224,0.73258,1.00,1.00
2015.04.17 12:47:58.654,0.73224,0.73257,1.00,1.00
2015.04.17 12:47:59.165,0.73224,0.73253,1.00,1.00
2015.04.17 12:47:59.215,0.7322,0.73253,1.00,1.00
2015.04.17 12:47:59.295,0.73225,0.73253,1.00,1.00
2015.04.17 12:47:59.446,0.7322,0.73255,1.50,1.00
2015.04.17 12:47:59.496,0.73222,0.73255,1.00,1.00
2015.04.17 12:47:59.546,0.73225,0.7326,1.00,1.00
2015.04.17 12:47:59.662,0.73225,0.73257,1.00,1.00
2015.04.17 12:47:59.762,0.73222,0.73255,1.50,1.00
2015.04.17 12:48:00.320,0.73221,0.73256,1.00,1.00
2015.04.17 12:48:00.553,0.73219,0.73253,1.00,1.00
2015.04.17 12:48:01.342,0.73218,0.73253,1.00,1.87
2015.04.17 12:48:03.415,0.7322,0.73253,1.00,1.00
2015.04.17 12:48:03.466,0.7322,0.73255,1.00,1.12
2015.04.17 12:48:03.635,0.7322,0.73255,1.50,1.37
2015.04.17 12:48:04.033,0.73219,0.73251,1.00,1.12
2015.04.17 12:48:04.547,0.73222,0.73251,1.00,1.00
2015.04.17 12:48:04.597,0.73222,0.73257,1.50,1.37
2015.04.17 12:48:04.648,0.73222,0.73257,1.87,1.00
2015.04.17 12:48:04.816,0.73225,0.73257,1.00,1.00
2015.04.17 12:48:04.917,0.73221,0.73256,1.00,1.00
2015.04.17 12:48:05.274,0.7322,0.73254,1.00,1.00
2015.04.17 12:48:05.589,0.7322,0.7325,1.00,1.00
2015.04.17 12:48:05.690,0.73216,0.7325,1.00,1.00
2015.04.17 12:48:05.943,0.73214,0.73249,1.00,1.00
2015.04.17 12:48:06.152,0.73212,0.73245,1.50,1.00
2015.04.17 12:48:06.490,0.73214,0.73245,1.00,1.00
2015.04.17 12:48:06.669,0.73214,0.73249,1.50,1.00
2015.04.17 12:48:06.791,0.73217,0.7325,1.00,1.00
2015.04.17 12:48:07.049,0.7322,0.73254,1.00,1.00
2015.04.17 12:48:07.150,0.73223,0.73255,1.00,1.00
2015.04.17 12:48:07.251,0.73223,0.73257,1.00,1.00
2015.04.17 12:48:07.493,0.73224,0.73259,1.00,1.00
2015.04.17 12:48:07.694,0.73226,0.73261,1.00,1.00
2015.04.17 12:48:08.019,0.73228,0.73261,1.00,1.00
2015.04.17 12:48:08.120,0.73229,0.73263,1.00,1.00
2015.04.17 12:48:08.644,0.7323,0.73263,1.00,1.00
2015.04.17 12:48:09.302,0.7323,0.73264,1.50,1.00
2015.04.17 12:48:10.142,0.7323,0.73264,1.00,1.37
2015.04.17 12:48:10.995,0.73229,0.73262,1.00,1.00
2015.04.17 12:48:12.159,0.73229,0.73262,1.00,1.37
2015.04.17 12:48:12.593,0.7323,0.73261,1.00,1.37
2015.04.17 12:48:12.643,0.73225,0.73258,1.00,1.12
2015.04.17 12:48:12.874,0.7322,0.73254,2.62,1.00
2015.04.17 12:48:12.924,0.7322,0.73254,2.25,1.00
2015.04.17 12:48:13.303,0.73223,0.73257,1.00,1.12
2015.04.17 12:48:13.642,0.73225,0.73259,1.50,1.00
2015.04.17 12:48:14.251,0.73224,0.73258,1.50,1.37
2015.04.17 12:48:14.600,0.73221,0.73256,1.00,1.37
2015.04.17 12:48:15.792,0.73221,0.73256,1.00,1.87
2015.04.17 12:48:16.013,0.73221,0.73256,1.00,1.87
2015.04.17 12:48:16.123,0.73225,0.73256,1.00,1.87
2015.04.17 12:48:16.233,0.73221,0.73256,1.00,1.87
2015.04.17 12:48:17.729,0.73221,0.73256,1.00,1.87
2015.04.17 12:48:18.221,0.73223,0.73256,1.00,1.87
2015.04.17 12:48:18.865,0.73223,0.73258,1.00,1.37
2015.04.17 12:48:19.172,0.73224,0.73257,1.00,1.37
2015.04.17 12:48:19.324,0.73226,0.73259,1.00,1.87
2015.04.17 12:48:19.691,0.73224,0.73259,1.00,1.87
2015.04.17 12:48:19.742,0.73224,0.73256,1.00,1.37
2015.04.17 12:48:19.792,0.7322,0.73255,1.50,1.12
2015.04.17 12:48:19.843,0.7322,0.73255,1.00,1.37
2015.04.17 12:48:19.893,0.73217,0.73252,1.12,1.12
2015.04.17 12:48:20.343,0.73217,0.73252,1.87,1.00
2015.04.17 12:48:20.851,0.73217,0.73252,1.12,1.12
2015.04.17 12:48:21.065,0.73217,0.73252,1.37,1.00
2015.04.17 12:48:21.413,0.73219,0.73254,1.87,1.00
2015.04.17 12:48:21.857,0.73221,0.73255,1.37,1.00
2015.04.17 12:48:22.158,0.73219,0.73252,1.00,1.00
2015.04.17 12:48:22.393,0.73211,0.73245,1.00,1.00
2015.04.17 12:48:22.444,0.7321,0.73239,1.00,1.00
2015.04.17 12:48:22.758,0.73215,0.73237,1.00,1.00
2015.04.17 12:48:22.809,0.73209,0.73237,1.00,1.00
2015.04.17 12:48:23.212,0.73206,0.73237,1.00,1.00
2015.04.17 12:48:23.333,0.7321,0.73238,1.00,1.00
2015.04.17 12:48:23.391,0.7321,0.73241,1.00,1.00
2015.04.17 12:48:23.574,0.73207,0.73241,1.50,1.00
2015.04.17 12:48:23.625,0.73207,0.73239,1.50,1.00
2015.04.17 12:48:23.726,0.73207,0.73241,1.50,1.00
2015.04.17 12:48:24.798,0.7321,0.73241,1.00,1.00
2015.04.17 12:48:25.762,0.7321,0.73241,1.00,1.37
2015.04.17 12:48:25.813,0.73206,0.73237,1.00,1.00
2015.04.17 12:48:25.914,0.73203,0.73237,1.00,1.00
2015.04.17 12:48:26.014,0.73206,0.73236,1.00,1.00
2015.04.17 12:48:26.065,0.73206,0.73238,1.00,1.00
2015.04.17 12:48:26.664,0.73205,0.73238,1.00,1.00
2015.04.17 12:48:27.042,0.73206,0.7324,1.00,1.00
2015.04.17 12:48:27.472,0.73202,0.73237,1.00,1.00
2015.04.17 12:48:27.573,0.73204,0.73235,1.00,1.00
2015.04.17 12:48:27.685,0.73204,0.73237,1.00,1.00
2015.04.17 12:48:28.036,0.73206,0.73238,1.00,1.00
2015.04.17 12:48:28.137,0.73208,0.73241,1.00,1.00
2015.04.17 12:48:28.288,0.7321,0.73242,1.00,1.00
2015.04.17 12:48:28.823,0.73207,0.73242,1.00,1.00
2015.04.17 12:48:29.028,0.73205,0.7324,1.00,1.00
2015.04.17 12:48:29.330,0.73204,0.73238,2.25,1.00
2015.04.17 12:48:29.631,0.73201,0.73235,1.00,1.00
2015.04.17 12:48:29.934,0.73199,0.73234,1.00,1.00
2015.04.17 12:48:30.034,0.73197,0.73231,1.00,1.00
2015.04.17 12:48:30.372,0.73201,0.73235,1.00,1.00
2015.04.17 12:48:30.473,0.73202,0.73237,1.00,1.00
2015.04.17 12:48:30.777,0.73204,0.73238,1.00,1.00
2015.04.17 12:48:31.243,0.73204,0.73236,2.25,1.00
2015.04.17 12:48:31.545,0.73201,0.73233,1.00,1.00
2015.04.17 12:48:31.778,0.73202,0.73237,1.00,1.00
2015.04.17 12:48:31.879,0.73205,0.73239,1.00,1.00
2015.04.17 12:48:32.393,0.73204,0.73239,1.00,1.00
2015.04.17 12:48:32.921,0.73204,0.73239,1.00,1.37
2015.04.17 12:48:33.022,0.73205,0.73239,1.00,1.00
2015.04.17 12:48:33.563,0.73206,0.7324,1.00,1.12
2015.04.17 12:48:34.762,0.73204,0.73238,2.25,1.00
2015.04.17 12:48:35.160,0.73206,0.73239,1.00,1.00
2015.04.17 12:48:36.301,0.73209,0.73239,1.00,1.00
2015.04.17 12:48:37.036,0.73209,0.73238,1.00,1.00
2015.04.17 12:48:39.051,0.73207,0.73238,1.37,1.00
2015.04.17 12:48:39.121,0.73209,0.7324,1.00,1.00
2015.04.17 12:48:39.457,0.73207,0.73238,1.00,1.00
2015.04.17 12:48:40.092,0.73207,0.73238,1.37,1.00
2015.04.17 12:48:40.648,0.73207,0.73238,1.00,1.00
2015.04.17 12:48:41.161,0.73206,0.73237,1.12,1.00
2015.04.17 12:48:41.678,0.73207,0.73236,1.00,1.00
2015.04.17 12:48:42.316,0.73206,0.73235,1.00,1.00
2015.04.17 12:48:42.569,0.732,0.73231,1.00,1.00
2015.04.17 12:48:42.670,0.73197,0.73227,1.00,1.00
2015.04.17 12:48:43.444,0.73195,0.73227,1.00,1.00
2015.04.17 12:48:43.971,0.73196,0.73228,1.00,1.00
2015.04.17 12:48:44.271,0.73196,0.73228,1.00,1.37
2015.04.17 12:48:44.594,0.73194,0.73224,1.00,1.00
2015.04.17 12:48:44.982,0.73196,0.73227,1.00,1.00
2015.04.17 12:48:45.799,0.73197,0.73228,1.00,1.50
2015.04.17 12:48:45.850,0.73195,0.73226,1.00,1.00
2015.04.17 12:48:46.679,0.73198,0.73227,1.00,1.00
2015.04.17 12:48:47.722,0.73197,0.73226,1.00,1.37
2015.04.17 12:48:47.823,0.73192,0.73223,1.00,1.00
2015.04.17 12:48:47.974,0.7319,0.73222,1.12,1.00
2015.04.17 12:48:48.075,0.73195,0.73224,1.00,1.00
2015.04.17 12:48:48.514,0.73195,0.73226,1.00,1.00
2015.04.17 12:48:48.714,0.73197,0.73226,1.00,1.00
2015.04.17 12:48:48.802,0.73197,0.73228,1.00,1.00
2015.04.17 12:48:48.953,0.73196,0.73225,1.00,1.00
2015.04.17 12:48:49.054,0.73194,0.73225,1.00,1.00
2015.04.17 12:48:49.155,0.73192,0.73223,1.00,1.00
2015.04.17 12:48:49.573,0.73194,0.73223,1.00,1.00
2015.04.17 12:48:49.724,0.73196,0.73226,1.00,1.00
2015.04.17 12:48:50.273,0.73196,0.73227,1.00,1.00
2015.04.17 12:48:50.775,0.73195,0.73226,1.00,1.00
2015.04.17 12:48:51.026,0.73193,0.73225,1.00,1.00
2015.04.17 12:48:51.442,0.73195,0.73226,1.00,1.12
2015.04.17 12:48:51.991,0.73194,0.73224,1.00,1.00
2015.04.17 12:48:52.787,0.73197,0.73226,1.00,1.00
2015.04.17 12:48:53.100,0.73197,0.73228,1.00,1.12
2015.04.17 12:48:53.253,0.73199,0.73228,1.00,1.12
2015.04.17 12:48:53.574,0.73197,0.73228,1.00,1.00
2015.04.17 12:48:54.631,0.73198,0.73229,1.00,1.00
2015.04.17 12:48:55.402,0.73198,0.73228,1.00,1.00
2015.04.17 12:48:57.601,0.732,0.73229,1.00,1.00
2015.04.17 12:48:57.752,0.732,0.73231,1.00,1.00
2015.04.17 12:48:58.073,0.73202,0.73233,1.00,1.00
2015.04.17 12:49:00.020,0.73203,0.73234,1.00,1.00
2015.04.17 12:49:01.891,0.73204,0.73235,1.00,1.00
2015.04.17 12:49:02.760,0.73205,0.73235,1.00,1.00
2015.04.17 12:49:03.012,0.73206,0.73237,1.00,1.00
2015.04.17 12:49:03.254,0.73205,0.73236,1.00,1.37
2015.04.17 12:49:03.434,0.732,0.73232,1.00,1.00
2015.04.17 12:49:03.585,0.73198,0.73229,1.00,1.00
2015.04.17 12:49:03.886,0.73195,0.73226,1.00,1.00
2015.04.17 12:49:04.388,0.73196,0.73227,1.00,1.00
2015.04.17 12:49:05.032,0.73199,0.73227,1.00,1.00
2015.04.17 12:49:05.235,0.732,0.73229,1.00,1.00
2015.04.17 12:49:05.463,0.73198,0.73229,1.00,1.00
2015.04.17 12:49:06.025,0.73199,0.7323,1.00,1.12
2015.04.17 12:49:06.327,0.73201,0.73232,1.00,1.37
2015.04.17 12:49:06.714,0.73205,0.73231,1.00,1.00
2015.04.17 12:49:06.815,0.73201,0.7323,1.00,1.00
2015.04.17 12:49:06.915,0.73205,0.73236,1.00,1.00
2015.04.17 12:49:06.966,0.73208,0.7324,1.00,1.00
2015.04.17 12:49:07.196,0.73205,0.73236,1.00,1.00
2015.04.17 12:49:07.502,0.732,0.73229,1.00,1.00
2015.04.17 12:49:07.654,0.732,0.73231,1.00,1.00
2015.04.17 12:49:07.991,0.73199,0.73228,1.00,1.00
2015.04.17 12:49:08.205,0.73196,0.73227,1.00,1.00
2015.04.17 12:49:08.255,0.732,0.73227,1.00,1.00
2015.04.17 12:49:08.306,0.73202,0.73231,1.00,1.00
2015.04.17 12:49:08.406,0.732,0.73231,1.00,1.00
2015.04.17 12:49:08.644,0.73197,0.73228,1.00,1.00
2015.04.17 12:49:08.945,0.73199,0.73229,1.00,1.00
2015.04.17 12:49:09.398,0.73197,0.73226,1.00,1.00
2015.04.17 12:49:09.599,0.732,0.73231,1.00,1.00
2015.04.17 12:49:09.750,0.73198,0.73229,1.00,1.00
2015.04.17 12:49:10.033,0.73194,0.73226,1.00,1.00
2015.04.17 12:49:10.184,0.73196,0.73228,1.00,1.00
2015.04.17 12:49:11.276,0.73197,0.73229,1.00,1.00
2015.04.17 12:49:12.675,0.73198,0.7323,1.00,1.00
2015.04.17 12:49:13.132,0.732,0.73231,1.00,1.00
2015.04.17 12:49:13.434,0.73201,0.73229,1.00,1.37
2015.04.17 12:49:13.485,0.73193,0.73224,1.00,1.00
2015.04.17 12:49:13.585,0.73193,0.73222,1.50,1.00
2015.04.17 12:49:13.736,0.73194,0.73226,1.00,1.00
2015.04.17 12:49:13.787,0.73191,0.73222,1.00,1.00
2015.04.17 12:49:14.091,0.73188,0.73219,1.00,1.00
2015.04.17 12:49:14.700,0.73188,0.7322,1.50,1.00
2015.04.17 12:49:15.193,0.7319,0.73221,1.00,1.00
2015.04.17 12:49:15.802,0.73191,0.73221,1.00,1.00
2015.04.17 12:49:16.104,0.73194,0.73225,1.00,1.00
2015.04.17 12:49:16.454,0.73197,0.73226,1.00,1.00
2015.04.17 12:49:16.742,0.73197,0.73228,1.00,1.00
2015.04.17 12:49:20.705,0.73197,0.73228,1.50,1.37
2015.04.17 12:49:20.957,0.73195,0.73226,1.00,1.00
2015.04.17 12:49:21.057,0.73193,0.73224,1.00,1.00
2015.04.17 12:49:22.812,0.73193,0.73224,1.00,1.37
2015.04.17 12:49:23.361,0.73193,0.73222,1.00,1.12
2015.04.17 12:49:23.562,0.7319,0.73221,1.00,1.00
2015.04.17 12:49:25.101,0.73192,0.73221,1.00,1.00
2015.04.17 12:49:25.643,0.73191,0.73222,1.00,1.00
2015.04.17 12:49:25.967,0.73191,0.73222,1.87,1.00
2015.04.17 12:49:26.018,0.73194,0.73225,1.00,1.00
2015.04.17 12:49:26.118,0.73196,0.73227,1.00,1.00
2015.04.17 12:49:26.420,0.73191,0.73222,1.00,1.00
2015.04.17 12:49:27.081,0.73191,0.7322,1.00,1.00
2015.04.17 12:49:28.626,0.73192,0.73221,1.00,1.00
2015.04.17 12:49:28.777,0.73192,0.73223,1.00,1.00
2015.04.17 12:49:28.950,0.73189,0.73219,1.00,1.00
2015.04.17 12:49:29.182,0.73191,0.73222,1.00,1.00
2015.04.17 12:49:30.161,0.73192,0.73223,1.00,1.00
2015.04.17 12:49:30.603,0.73194,0.73223,1.00,1.00
2015.04.17 12:49:30.813,0.732,0.73231,1.00,1.00
2015.04.17 12:49:30.863,0.73204,0.73234,1.00,1.00
2015.04.17 12:49:31.152,0.73202,0.73233,1.50,1.00
2015.04.17 12:49:32.244,0.73202,0.73233,1.37,1.00
2015.04.17 12:49:32.845,0.73202,0.73233,1.00,1.00
2015.04.17 12:49:34.931,0.73202,0.73233,1.00,1.50
2015.04.17 12:49:35.133,0.73194,0.73225,1.37,1.00
2015.04.17 12:49:35.334,0.73198,0.73229,1.00,1.00
2015.04.17 12:49:36.404,0.73198,0.73229,1.00,1.37
2015.04.17 12:49:36.568,0.73196,0.73226,1.00,1.00
2015.04.17 12:49:37.083,0.73199,0.73227,1.00,1.00
2015.04.17 12:49:37.133,0.73201,0.73232,1.00,1.00
2015.04.17 12:49:37.542,0.73199,0.73229,1.00,1.00
2015.04.17 12:49:38.012,0.732,0.73231,1.00,1.00
2015.04.17 12:49:40.062,0.73202,0.73233,1.00,1.00
2015.04.17 12:49:40.403,0.73204,0.73233,1.00,1.00
2015.04.17 12:49:40.620,0.73205,0.73236,1.00,1.00
2015.04.17 12:49:41.613,0.73207,0.73238,1.00,1.12
2015.04.17 12:49:41.975,0.73208,0.73239,1.37,1.00
2015.04.17 12:49:42.484,0.7321,0.73239,1.00,1.00
2015.04.17 12:49:42.881,0.73207,0.73236,1.00,1.12
2015.04.17 12:49:43.036,0.73215,0.73246,1.00,1.00
2015.04.17 12:49:43.138,0.73224,0.73246,1.00,1.00
2015.04.17 12:49:43.190,0.73226,0.73255,1.00,1.00
2015.04.17 12:49:43.392,0.73226,0.73257,1.00,1.00
2015.04.17 12:49:43.493,0.73224,0.73255,1.00,1.00
2015.04.17 12:49:43.802,0.73228,0.73259,1.00,1.00
2015.04.17 12:49:44.278,0.73231,0.73263,1.00,1.00
2015.04.17 12:49:44.479,0.73233,0.73262,1.00,1.00
2015.04.17 12:49:44.932,0.73231,0.73262,1.00,1.00
2015.04.17 12:49:45.184,0.73231,0.73258,1.00,1.00
2015.04.17 12:49:45.234,0.73227,0.73258,1.00,1.50
2015.04.17 12:49:45.512,0.73226,0.73256,1.00,1.00
2015.04.17 12:49:45.563,0.73224,0.73255,1.00,1.00
2015.04.17 12:49:46.073,0.73223,0.73254,1.00,1.00
2015.04.17 12:49:48.653,0.73224,0.73255,1.00,1.00
2015.04.17 12:49:49.189,0.73223,0.73252,1.00,1.00
2015.04.17 12:49:51.399,0.73223,0.73254,1.00,1.00
2015.04.17 12:49:52.192,0.73223,0.73252,1.00,1.00
2015.04.17 12:49:52.944,0.73222,0.73253,1.00,1.00
2015.04.17 12:49:53.246,0.73213,0.73244,1.00,1.00
2015.04.17 12:49:53.552,0.73211,0.73242,1.00,1.00
2015.04.17 12:49:54.299,0.73212,0.73243,1.00,1.00
2015.04.17 12:49:54.801,0.73213,0.73244,1.00,1.00
2015.04.17 12:49:54.920,0.73215,0.73247,1.00,1.00
2015.04.17 12:49:55.521,0.73215,0.73246,1.00,1.00
2015.04.17 12:49:55.789,0.73213,0.73244,1.00,1.00
2015.04.17 12:49:56.356,0.73215,0.73246,1.00,1.50
2015.04.17 12:49:56.457,0.7321,0.73242,1.00,1.00
2015.04.17 12:49:56.608,0.73213,0.73243,1.00,1.00
2015.04.17 12:49:57.129,0.7321,0.73241,1.00,1.00
2015.04.17 12:49:57.732,0.73211,0.73242,1.00,1.00
2015.04.17 12:49:57.891,0.73213,0.73244,1.00,1.00
2015.04.17 12:50:00.082,0.73212,0.73243,1.00,1.00
2015.04.17 12:50:00.397,0.73214,0.73243,1.00,1.00
2015.04.17 12:50:01.962,0.73214,0.73245,1.00,1.00
2015.04.17 12:50:02.502,0.73213,0.73244,1.00,1.00
2015.04.17 12:50:02.653,0.73213,0.73242,1.00,1.00
2015.04.17 12:50:02.803,0.73219,0.73251,1.00,1.00
2015.04.17 12:50:02.854,0.73223,0.73252,1.00,1.00
2015.04.17 12:50:02.955,0.73224,0.73254,1.00,1.00
2015.04.17 12:50:03.526,0.73225,0.73256,1.00,1.00
2015.04.17 12:50:04.053,0.73222,0.73254,1.00,1.00
2015.04.17 12:50:04.153,0.73219,0.7325,1.00,1.00
2015.04.17 12:50:05.516,0.73219,0.7325,1.00,1.37
2015.04.17 12:50:06.385,0.73219,0.7325,1.00,1.37
2015.04.17 12:50:07.456,0.73218,0.73247,1.00,1.00
2015.04.17 12:50:07.779,0.73216,0.73245,1.00,1.00
2015.04.17 12:50:07.930,0.7322,0.73252,1.00,1.00
2015.04.17 12:50:08.553,0.73219,0.7325,1.00,1.00
2015.04.17 12:50:09.871,0.73221,0.7325,1.00,1.00
2015.04.17 12:50:10.123,0.73221,0.73253,1.00,1.37
2015.04.17 12:50:10.223,0.73219,0.7325,1.00,1.00
2015.04.17 12:50:10.754,0.7322,0.73252,1.00,1.87
2015.04.17 12:50:11.055,0.73222,0.7325,1.00,1.00
2015.04.17 12:50:11.106,0.7322,0.7325,1.00,1.00
2015.04.17 12:50:11.206,0.73221,0.73252,1.00,1.00
2015.04.17 12:50:11.413,0.73223,0.73252,1.00,1.00
2015.04.17 12:50:12.875,0.73223,0.73254,1.00,1.00
2015.04.17 12:50:12.976,0.73225,0.73254,1.00,1.00
2015.04.17 12:50:13.430,0.73222,0.73254,1.00,1.12
2015.04.17 12:50:13.614,0.73221,0.73252,1.00,1.00
2015.04.17 12:50:13.925,0.73223,0.73252,1.00,1.00
2015.04.17 12:50:14.053,0.73221,0.73252,1.00,1.00
2015.04.17 12:50:15.375,0.7322,0.73251,1.00,1.00
2015.04.17 12:50:15.526,0.73222,0.73253,1.00,1.37
2015.04.17 12:50:15.828,0.73226,0.73255,1.00,1.00
2015.04.17 12:50:16.129,0.73228,0.73257,1.00,1.00
2015.04.17 12:50:16.180,0.73226,0.73257,1.00,1.00
2015.04.17 12:50:16.230,0.73226,0.73254,1.00,1.00
2015.04.17 12:50:16.331,0.73221,0.73252,1.50,1.00
2015.04.17 12:50:16.381,0.73224,0.73255,1.00,1.00
2015.04.17 12:50:16.705,0.73232,0.73264,1.00,1.00
2015.04.17 12:50:16.806,0.73234,0.73266,1.00,1.00
2015.04.17 12:50:17.107,0.73232,0.73263,1.00,1.00
2015.04.17 12:50:17.392,0.73229,0.73261,1.00,1.00
2015.04.17 12:50:17.442,0.73229,0.73258,1.00,1.00
2015.04.17 12:50:17.493,0.73225,0.73256,1.00,1.00
2015.04.17 12:50:18.013,0.73224,0.73255,1.00,1.00
2015.04.17 12:50:19.663,0.73225,0.73256,1.00,1.00
2015.04.17 12:50:19.902,0.73227,0.73256,1.00,1.00
2015.04.17 12:50:20.203,0.73226,0.73255,1.00,1.37
2015.04.17 12:50:20.434,0.73225,0.73256,1.00,1.00
2015.04.17 12:50:20.805,0.73225,0.73254,1.00,1.00
2015.04.17 12:50:22.852,0.73226,0.73257,1.00,1.00
2015.04.17 12:50:23.003,0.73229,0.7326,1.00,1.37
2015.04.17 12:50:23.204,0.73225,0.73254,1.00,1.00
2015.04.17 12:50:26.630,0.73225,0.73256,1.00,1.00
2015.04.17 12:50:26.730,0.73229,0.7326,1.00,1.00
2015.04.17 12:50:27.036,0.73233,0.73264,1.00,1.50
2015.04.17 12:50:27.585,0.73232,0.73263,1.00,1.37
2015.04.17 12:50:28.182,0.73232,0.73263,1.00,1.12
2015.04.17 12:50:28.488,0.73232,0.73261,1.00,1.00
2015.04.17 12:50:29.700,0.73232,0.73262,1.00,1.00
2015.04.17 12:50:30.148,0.73234,0.73263,1.00,1.00
2015.04.17 12:50:30.198,0.73234,0.73266,1.00,1.37
2015.04.17 12:50:30.249,0.73236,0.73268,1.00,1.37
2015.04.17 12:50:30.450,0.73232,0.73263,1.00,1.00
2015.04.17 12:50:30.665,0.73232,0.73261,1.00,1.00
2015.04.17 12:50:31.795,0.73232,0.73261,1.00,1.37
2015.04.17 12:50:31.996,0.73233,0.73264,1.00,1.37
2015.04.17 12:50:32.522,0.73233,0.73264,1.00,1.37
2015.04.17 12:50:32.864,0.73231,0.73262,1.00,1.12
2015.04.17 12:50:33.241,0.73233,0.73264,1.00,1.00
2015.04.17 12:50:33.632,0.7323,0.73261,1.00,1.37
2015.04.17 12:50:33.741,0.7323,0.73261,1.00,1.12
2015.04.17 12:50:33.853,0.7323,0.73259,1.00,1.00
2015.04.17 12:50:34.004,0.73231,0.73261,1.00,1.00
2015.04.17 12:50:34.573,0.73232,0.73261,1.00,1.00
2015.04.17 12:50:35.106,0.73233,0.73262,1.00,1.00
2015.04.17 12:50:35.307,0.73231,0.73262,1.00,1.00
2015.04.17 12:50:35.408,0.7323,0.73259,1.00,1.00
2015.04.17 12:50:35.609,0.73227,0.73258,1.00,1.50
2015.04.17 12:50:35.760,0.7322,0.73252,1.50,1.00
2015.04.17 12:50:36.280,0.7322,0.73251,1.00,1.00
2015.04.17 12:50:36.384,0.73222,0.73251,1.00,1.00
2015.04.17 12:50:36.493,0.73225,0.73256,1.00,1.00
2015.04.17 12:50:36.622,0.73223,0.73254,1.00,1.00
2015.04.17 12:50:36.924,0.73221,0.73252,1.00,1.00
2015.04.17 12:50:37.264,0.73223,0.73252,1.00,1.00
2015.04.17 12:50:37.587,0.73226,0.73255,1.00,1.00
2015.04.17 12:50:37.637,0.73227,0.73258,1.00,1.00
2015.04.17 12:50:38.201,0.73226,0.73258,1.00,1.00
2015.04.17 12:50:39.307,0.73226,0.73258,1.00,1.37
2015.04.17 12:50:39.820,0.73227,0.73258,1.00,1.00
2015.04.17 12:50:40.160,0.73228,0.7326,1.00,1.50
2015.04.17 12:50:40.261,0.73232,0.73263,1.00,1.00
2015.04.17 12:50:40.609,0.73234,0.73265,1.00,1.00
2015.04.17 12:50:40.951,0.73236,0.73265,1.00,1.00
2015.04.17 12:50:41.113,0.73236,0.73267,1.00,1.00
2015.04.17 12:50:41.533,0.73236,0.73267,1.00,1.37
2015.04.17 12:50:41.584,0.73234,0.73266,1.00,1.37
2015.04.17 12:50:41.904,0.73237,0.73268,1.00,1.12
2015.04.17 12:50:42.368,0.73239,0.73268,1.00,1.00
2015.04.17 12:50:42.568,0.73239,0.7327,1.00,1.12
2015.04.17 12:50:44.302,0.73238,0.73269,1.00,1.00
2015.04.17 12:50:44.462,0.73238,0.73269,1.00,1.37
2015.04.17 12:50:44.563,0.73235,0.73266,1.00,1.00
2015.04.17 12:50:44.663,0.73236,0.73265,1.00,1.37
2015.04.17 12:50:44.865,0.7323,0.73261,1.00,1.00
2015.04.17 12:50:44.975,0.7323,0.73259,1.00,1.00
2015.04.17 12:50:45.668,0.73229,0.73258,1.00,1.00
2015.04.17 12:50:46.831,0.73231,0.7326,1.00,1.00
2015.04.17 12:50:47.083,0.73234,0.73265,1.87,1.00
2015.04.17 12:50:47.183,0.7324,0.73271,1.00,1.00
2015.04.17 12:50:47.778,0.7324,0.7327,1.00,1.00
2015.04.17 12:50:48.051,0.7324,0.73272,1.00,1.87
2015.04.17 12:50:48.217,0.7324,0.7327,1.00,1.00
2015.04.17 12:50:48.736,0.73241,0.7327,1.00,1.87
2015.04.17 12:50:49.065,0.73239,0.73268,1.00,1.00
2015.04.17 12:50:49.115,0.73239,0.7327,1.00,1.12
2015.04.17 12:50:49.687,0.7324,0.7327,1.00,1.00
2015.04.17 12:50:50.350,0.73241,0.7327,1.00,1.00
2015.04.17 12:50:50.691,0.73243,0.73271,1.00,1.00
2015.04.17 12:50:50.792,0.73243,0.73274,1.00,1.00
2015.04.17 12:50:52.150,0.73244,0.73273,1.00,1.37
2015.04.17 12:50:52.250,0.73241,0.7327,1.00,1.12
2015.04.17 12:50:52.784,0.73239,0.73269,1.00,1.00
2015.04.17 12:50:52.884,0.7324,0.73271,1.00,1.00
2015.04.17 12:50:53.035,0.73244,0.73272,1.00,1.37
2015.04.17 12:50:53.086,0.73244,0.73273,1.00,1.00
2015.04.17 12:50:53.186,0.73243,0.73268,1.00,1.00
2015.04.17 12:50:53.287,0.73243,0.73273,1.00,1.00
2015.04.17 12:50:53.389,0.7324,0.73271,1.00,1.00
2015.04.17 12:50:53.440,0.73234,0.73265,1.00,1.00
2015.04.17 12:50:53.741,0.73233,0.73262,1.00,1.00
2015.04.17 12:50:54.139,0.73235,0.73266,1.00,1.00
2015.04.17 12:50:54.240,0.73239,0.73269,1.00,1.00
2015.04.17 12:50:54.340,0.73236,0.73268,1.00,1.00
2015.04.17 12:50:54.652,0.73234,0.73266,1.00,1.00
2015.04.17 12:50:54.960,0.7323,0.73262,1.00,1.00
2015.04.17 12:50:55.521,0.73232,0.73263,1.00,1.00
2015.04.17 12:50:56.081,0.73233,0.73265,1.00,1.50
2015.04.17 12:50:56.182,0.73235,0.73265,1.00,1.00
2015.04.17 12:50:56.691,0.73234,0.73265,1.00,1.50
2015.04.17 12:50:58.614,0.73236,0.73265,1.00,1.00
2015.04.17 12:50:58.715,0.73241,0.73272,1.00,1.00
2015.04.17 12:50:59.220,0.7324,0.73271,1.00,1.00
2015.04.17 12:50:59.379,0.73242,0.73271,1.00,1.00
2015.04.17 12:50:59.630,0.73238,0.73269,1.00,1.00
2015.04.17 12:50:59.731,0.73235,0.73267,1.00,1.00
2015.04.17 12:50:59.831,0.73232,0.73262,1.00,1.00
2015.04.17 12:51:00.154,0.73229,0.73259,1.00,1.00
2015.04.17 12:51:00.798,0.73229,0.73261,1.00,1.00
2015.04.17 12:51:01.642,0.7323,0.73261,1.00,1.87
2015.04.17 12:51:01.749,0.7323,0.73261,1.00,1.87
2015.04.17 12:51:02.401,0.73229,0.73261,1.50,1.37
2015.04.17 12:51:02.806,0.73229,0.73261,1.50,1.37
2015.04.17 12:51:03.191,0.73232,0.73263,1.00,2.62
2015.04.17 12:51:03.407,0.73232,0.73263,1.00,2.62
2015.04.17 12:51:03.894,0.73234,0.73263,1.00,1.37
2015.04.17 12:51:04.443,0.73232,0.73263,1.00,1.37
2015.04.17 12:51:04.543,0.73232,0.73263,1.00,2.25
2015.04.17 12:51:04.694,0.73227,0.73258,1.00,1.37
2015.04.17 12:51:04.849,0.73227,0.73258,1.00,1.12
2015.04.17 12:51:05.000,0.73229,0.73258,1.00,1.00
2015.04.17 12:51:05.864,0.7323,0.73258,1.00,1.12
2015.04.17 12:51:06.015,0.73229,0.7326,1.00,1.50
2015.04.17 12:51:06.744,0.73235,0.7326,1.00,1.00
2015.04.17 12:51:06.844,0.73235,0.73264,1.00,1.00
2015.04.17 12:51:06.895,0.73231,0.7326,1.00,1.00
2015.04.17 12:51:07.045,0.73227,0.73258,1.00,1.00
2015.04.17 12:51:07.146,0.73225,0.73256,1.00,1.50
2015.04.17 12:51:07.460,0.7322,0.73251,1.00,1.00
2015.04.17 12:51:07.762,0.73226,0.73256,1.00,1.00
2015.04.17 12:51:08.043,0.7323,0.73261,1.00,1.00
2015.04.17 12:51:08.261,0.73228,0.73259,1.00,1.50
2015.04.17 12:51:08.563,0.7322,0.73249,1.00,1.50
2015.04.17 12:51:08.696,0.73218,0.73249,1.00,1.50
2015.04.17 12:51:08.983,0.73221,0.7325,1.00,1.00
2015.04.17 12:51:09.771,0.7322,0.73249,1.00,1.00
2015.04.17 12:51:09.943,0.73216,0.73248,1.00,1.87
2015.04.17 12:51:09.993,0.73213,0.73244,1.00,1.00
2015.04.17 12:51:10.633,0.73213,0.73245,1.00,1.00
2015.04.17 12:51:10.961,0.73215,0.73244,1.00,1.12
2015.04.17 12:51:11.523,0.73217,0.73246,1.00,1.00
2015.04.17 12:51:11.775,0.73219,0.7325,1.00,1.00
2015.04.17 12:51:12.392,0.73215,0.73245,1.50,1.00
2015.04.17 12:51:12.881,0.73214,0.73243,1.00,1.00
2015.04.17 12:51:13.152,0.73211,0.73242,1.00,1.00
2015.04.17 12:51:13.828,0.73211,0.7324,1.00,1.00
2015.04.17 12:51:13.878,0.73207,0.7324,1.00,1.00
2015.04.17 12:51:13.979,0.73203,0.73236,1.37,1.00
2015.04.17 12:51:14.230,0.73201,0.73233,1.12,1.00
2015.04.17 12:51:14.534,0.73201,0.73233,1.37,1.00
2015.04.17 12:51:14.934,0.73201,0.73234,1.50,1.00
2015.04.17 12:51:15.583,0.73201,0.73233,1.00,1.00
2015.04.17 12:51:15.937,0.732,0.73229,1.00,1.00
2015.04.17 12:51:16.020,0.732,0.73232,1.00,1.00
2015.04.17 12:51:16.460,0.73201,0.73234,1.00,1.00
2015.04.17 12:51:16.824,0.73203,0.73235,1.00,1.00
2015.04.17 12:51:16.924,0.73204,0.73237,2.25,1.00
2015.04.17 12:51:16.975,0.73209,0.73237,1.00,1.00
2015.04.17 12:51:17.026,0.73209,0.73239,1.00,1.00
2015.04.17 12:51:17.177,0.73214,0.73239,1.00,1.00
2015.04.17 12:51:17.428,0.73209,0.73238,1.00,1.00
2015.04.17 12:51:17.478,0.73209,0.73236,1.00,1.00
2015.04.17 12:51:17.879,0.73205,0.73236,1.00,1.00
2015.04.17 12:51:17.992,0.7321,0.73236,1.00,1.00
2015.04.17 12:51:18.053,0.73205,0.73236,1.00,1.00
2015.04.17 12:51:18.213,0.73209,0.73235,1.00,1.00
2015.04.17 12:51:18.652,0.73205,0.73235,1.00,1.00
2015.04.17 12:51:18.853,0.73203,0.73235,1.00,1.00
2015.04.17 12:51:19.371,0.73205,0.73235,1.00,1.00
2015.04.17 12:51:19.944,0.73204,0.73235,1.00,1.00
2015.04.17 12:51:19.994,0.73204,0.73237,1.00,1.00
2015.04.17 12:51:20.151,0.73209,0.73237,1.00,1.00
2015.04.17 12:51:20.448,0.73209,0.73241,1.50,1.00
2015.04.17 12:51:20.548,0.73209,0.73239,1.00,1.00
2015.04.17 12:51:20.649,0.73211,0.73242,1.00,1.00
2015.04.17 12:51:20.699,0.73214,0.73242,1.00,1.00
2015.04.17 12:51:21.122,0.73214,0.73244,1.00,1.00
2015.04.17 12:51:21.558,0.73214,0.73248,1.50,1.00
2015.04.17 12:51:21.670,0.73214,0.73245,2.25,1.00
2015.04.17 12:51:21.972,0.73204,0.73233,1.00,1.00
2015.04.17 12:51:22.170,0.73201,0.73233,1.00,1.00
2015.04.17 12:51:22.321,0.732,0.7323,1.00,1.00
2015.04.17 12:51:22.371,0.73196,0.7323,1.00,1.00
2015.04.17 12:51:22.522,0.73194,0.73224,1.00,1.00
2015.04.17 12:51:23.013,0.73191,0.73223,1.00,1.00
2015.04.17 12:51:23.160,0.73194,0.73223,1.00,1.00
2015.04.17 12:51:23.873,0.73194,0.73226,1.00,1.00
2015.04.17 12:51:23.924,0.732,0.73226,1.00,1.00
2015.04.17 12:51:24.024,0.73194,0.73224,1.00,1.00
2015.04.17 12:51:24.226,0.73191,0.73224,1.00,1.00
2015.04.17 12:51:24.276,0.73191,0.73222,1.00,1.00
2015.04.17 12:51:24.578,0.73187,0.73218,1.00,1.00
2015.04.17 12:51:24.880,0.73183,0.73213,1.00,1.00
2015.04.17 12:51:25.182,0.732,0.73226,1.00,1.00
2015.04.17 12:51:25.283,0.73201,0.73229,1.00,1.00
2015.04.17 12:51:25.383,0.73201,0.73232,1.00,1.00
2015.04.17 12:51:25.434,0.73205,0.73232,1.00,1.00
2015.04.17 12:51:25.534,0.73202,0.73232,1.00,1.00
2015.04.17 12:51:25.969,0.732,0.73232,1.00,1.00
2015.04.17 12:51:26.070,0.732,0.73229,1.00,1.00
2015.04.17 12:51:26.523,0.73196,0.7323,1.50,1.00
2015.04.17 12:51:26.724,0.73196,0.73228,1.00,1.00
2015.04.17 12:51:27.354,0.73196,0.73231,1.50,1.00
2015.04.17 12:51:27.404,0.73198,0.73231,1.00,1.00
2015.04.17 12:51:27.514,0.73196,0.73231,1.50,1.00
2015.04.17 12:51:27.615,0.73196,0.73227,1.00,1.00
2015.04.17 12:51:28.051,0.73196,0.73224,1.00,1.00
2015.04.17 12:51:28.202,0.73194,0.73225,1.50,1.00
2015.04.17 12:51:28.303,0.73192,0.73225,1.00,1.00
2015.04.17 12:51:28.461,0.73189,0.73219,1.00,1.00
2015.04.17 12:51:28.713,0.73184,0.73216,1.50,1.00
2015.04.17 12:51:28.814,0.73186,0.7322,1.00,1.00
2015.04.17 12:51:28.864,0.7319,0.7322,1.00,1.00
2015.04.17 12:51:28.915,0.7319,0.73222,1.50,1.00
2015.04.17 12:51:29.116,0.73188,0.73222,1.50,1.00
2015.04.17 12:51:29.166,0.73192,0.73222,1.00,1.00
2015.04.17 12:51:29.267,0.73192,0.73224,1.00,1.00
2015.04.17 12:51:29.367,0.73192,0.73226,1.50,1.00
2015.04.17 12:51:29.518,0.73195,0.73227,1.00,1.00
2015.04.17 12:51:30.211,0.73194,0.73224,1.00,1.00
2015.04.17 12:51:30.368,0.73189,0.73224,1.50,1.00
2015.04.17 12:51:30.874,0.73189,0.73224,2.62,1.00
2015.04.17 12:51:31.025,0.73189,0.73222,1.37,1.00
2015.04.17 12:51:31.126,0.73187,0.73221,1.00,1.00
2015.04.17 12:51:31.226,0.73184,0.73216,1.37,1.00
2015.04.17 12:51:31.740,0.73184,0.73216,1.37,1.00
2015.04.17 12:51:31.891,0.73189,0.73221,1.00,1.00
2015.04.17 12:51:32.160,0.73191,0.73221,1.00,1.00
2015.04.17 12:51:32.211,0.73191,0.73224,1.00,1.00
2015.04.17 12:51:32.463,0.73186,0.73221,1.87,1.00
2015.04.17 12:51:32.793,0.73183,0.73215,1.00,1.00
2015.04.17 12:51:33.213,0.73184,0.73217,1.00,1.00
2015.04.17 12:51:33.339,0.73187,0.73217,1.00,1.00
2015.04.17 12:51:33.867,0.73187,0.73218,1.00,1.00
2015.04.17 12:51:34.373,0.73187,0.73218,1.37,1.00
2015.04.17 12:51:34.706,0.73187,0.7322,1.37,1.00
2015.04.17 12:51:34.907,0.7319,0.7322,1.00,1.00
2015.04.17 12:51:34.958,0.7319,0.73223,1.00,1.00
2015.04.17 12:51:35.008,0.73193,0.73223,1.12,1.00
2015.04.17 12:51:35.513,0.73189,0.73223,1.50,1.00
2015.04.17 12:51:35.614,0.73191,0.73225,1.12,1.00
2015.04.17 12:51:35.943,0.73195,0.73224,1.00,1.00
2015.04.17 12:51:36.123,0.73192,0.73224,1.00,1.00
2015.04.17 12:51:36.274,0.73192,0.73221,1.12,1.00
2015.04.17 12:51:36.324,0.73189,0.73221,1.00,1.00
2015.04.17 12:51:36.375,0.73187,0.73219,1.37,1.00
2015.04.17 12:51:36.526,0.73191,0.73223,1.00,1.00
2015.04.17 12:51:37.273,0.73191,0.73225,1.00,1.00
2015.04.17 12:51:37.323,0.73193,0.73225,1.00,1.00
2015.04.17 12:51:37.373,0.73195,0.73229,1.00,1.00
2015.04.17 12:51:37.482,0.73193,0.73227,1.50,1.00
2015.04.17 12:51:37.787,0.73191,0.73224,1.50,1.00
2015.04.17 12:51:38.089,0.73197,0.73221,1.00,1.00
2015.04.17 12:51:38.140,0.73197,0.73227,1.00,1.00
2015.04.17 12:51:38.241,0.73194,0.73227,1.00,1.00
2015.04.17 12:51:38.341,0.73195,0.7323,1.00,1.00
2015.04.17 12:51:38.392,0.73197,0.73229,1.00,1.00
2015.04.17 12:51:38.643,0.73194,0.73227,1.00,1.00
2015.04.17 12:51:39.151,0.73195,0.73227,1.00,1.00
2015.04.17 12:51:39.892,0.73195,0.73223,1.00,1.00
2015.04.17 12:51:40.290,0.73192,0.73223,1.00,1.00
2015.04.17 12:51:40.391,0.73189,0.73223,1.50,1.00
2015.04.17 12:51:40.492,0.73187,0.7322,1.00,1.00
2015.04.17 12:51:40.803,0.73181,0.73212,1.00,1.00
2015.04.17 12:51:41.030,0.73181,0.73215,1.00,1.00
2015.04.17 12:51:41.131,0.73182,0.73213,1.00,1.00
2015.04.17 12:51:41.232,0.73183,0.73218,1.00,1.00
2015.04.17 12:51:41.282,0.73191,0.73218,1.00,1.00
2015.04.17 12:51:41.333,0.73191,0.7322,1.00,1.00
2015.04.17 12:51:41.543,0.73191,0.73222,1.00,1.00
2015.04.17 12:51:41.593,0.73193,0.73222,1.00,1.00
2015.04.17 12:51:41.797,0.73194,0.73226,1.00,1.00
2015.04.17 12:51:41.897,0.73194,0.73228,1.00,1.00
2015.04.17 12:51:41.999,0.73194,0.73225,1.00,1.00
2015.04.17 12:51:42.311,0.73201,0.73233,1.00,1.00
2015.04.17 12:51:42.362,0.73197,0.73234,1.00,1.00
2015.04.17 12:51:42.462,0.73197,0.7323,1.00,1.00
2015.04.17 12:51:42.546,0.7319,0.73229,1.00,1.00
2015.04.17 12:51:42.597,0.73191,0.73227,1.00,1.00
2015.04.17 12:51:43.083,0.73192,0.73225,1.00,1.00
2015.04.17 12:51:43.385,0.73203,0.73236,1.00,1.00
2015.04.17 12:51:43.435,0.73203,0.73241,1.00,1.00
2015.04.17 12:51:43.486,0.73209,0.73241,1.00,1.00
2015.04.17 12:51:43.853,0.73208,0.73239,1.00,1.00
2015.04.17 12:51:44.157,0.73205,0.73239,1.00,1.00
2015.04.17 12:51:44.466,0.73202,0.73237,1.00,1.00
2015.04.17 12:51:44.516,0.73202,0.73234,1.00,1.00
2015.04.17 12:51:44.566,0.73199,0.73234,1.00,1.00
2015.04.17 12:51:44.731,0.73199,0.73232,1.00,1.00
2015.04.17 12:51:45.042,0.73197,0.73231,1.00,1.00
2015.04.17 12:51:45.092,0.73197,0.73228,1.00,1.00
2015.04.17 12:51:45.142,0.73194,0.73228,1.00,1.87
2015.04.17 12:51:45.193,0.7319,0.73224,1.00,1.00
2015.04.17 12:51:45.243,0.73188,0.73224,1.12,1.00
2015.04.17 12:51:45.294,0.73188,0.73221,1.12,1.00
2015.04.17 12:51:45.611,0.73187,0.73219,1.00,1.00
2015.04.17 12:51:45.662,0.73184,0.73219,1.37,1.00
2015.04.17 12:51:45.863,0.73182,0.73217,1.37,1.00
2015.04.17 12:51:46.094,0.73182,0.7322,1.50,1.00
2015.04.17 12:51:46.354,0.73185,0.73221,1.50,1.00
2015.04.17 12:51:46.504,0.73189,0.73225,1.37,1.00
2015.04.17 12:51:46.605,0.73189,0.73227,1.87,1.00
2015.04.17 12:51:46.655,0.73193,0.73227,1.12,1.00
2015.04.17 12:51:46.847,0.73193,0.7323,1.12,1.00
2015.04.17 12:51:47.392,0.73193,0.73228,1.00,1.00
2015.04.17 12:51:47.560,0.73191,0.73228,1.12,1.00
2015.04.17 12:51:48.030,0.73191,0.73226,1.12,1.00
2015.04.17 12:51:48.388,0.73191,0.73224,1.12,1.00
2015.04.17 12:51:48.765,0.73186,0.73223,1.87,1.00
2015.04.17 12:51:48.816,0.73186,0.73217,1.00,1.00
2015.04.17 12:51:48.866,0.73182,0.73217,1.00,1.00
2015.04.17 12:51:49.020,0.73182,0.73213,1.00,1.00
2015.04.17 12:51:49.070,0.73178,0.73213,1.00,1.00
2015.04.17 12:51:49.352,0.73178,0.73211,1.00,1.00
2015.04.17 12:51:49.826,0.73178,0.73213,1.00,1.00
2015.04.17 12:51:49.876,0.73182,0.73213,1.00,1.00
2015.04.17 12:51:50.453,0.73182,0.7321,1.00,1.00
2015.04.17 12:51:50.503,0.73178,0.7321,1.00,1.00
2015.04.17 12:51:50.606,0.73178,0.73206,1.00,1.00
2015.04.17 12:51:50.656,0.73174,0.73206,1.00,1.00
2015.04.17 12:51:51.190,0.73173,0.73206,1.00,1.00
2015.04.17 12:51:51.463,0.73173,0.73204,1.00,1.00
2015.04.17 12:51:51.513,0.7317,0.73204,1.00,1.00
2015.04.17 12:51:51.564,0.7317,0.73202,1.00,1.00
2015.04.17 12:51:52.022,0.7317,0.732,1.12,1.00
2015.04.17 12:51:52.875,0.73168,0.732,1.50,1.00
2015.04.17 12:51:53.227,0.7317,0.73202,1.00,1.00
2015.04.17 12:51:53.328,0.7317,0.732,1.00,1.00
2015.04.17 12:51:53.479,0.73167,0.732,1.37,1.00
2015.04.17 12:51:53.563,0.7317,0.732,1.00,1.00
2015.04.17 12:51:53.893,0.73169,0.73197,1.00,1.00
2015.04.17 12:51:54.144,0.73169,0.73202,1.87,1.00
2015.04.17 12:51:54.245,0.73179,0.73204,1.00,1.00
2015.04.17 12:51:54.345,0.73179,0.73207,1.00,1.00
2015.04.17 12:51:54.446,0.73174,0.73209,1.00,1.00
2015.04.17 12:51:54.888,0.73174,0.73204,1.00,1.00
2015.04.17 12:51:55.159,0.73169,0.73203,1.00,1.00
2015.04.17 12:51:55.280,0.73164,0.73201,1.00,1.00
2015.04.17 12:51:55.385,0.73168,0.73202,1.00,1.00
2015.04.17 12:51:55.688,0.73167,0.73197,1.00,1.00
2015.04.17 12:51:56.162,0.73169,0.73197,1.00,1.00
2015.04.17 12:51:56.212,0.73169,0.73202,1.00,1.00
2015.04.17 12:51:56.313,0.73169,0.73204,1.00,1.00
2015.04.17 12:51:56.940,0.73169,0.73205,1.00,1.00
2015.04.17 12:51:56.991,0.73173,0.73205,1.00,1.00
2015.04.17 12:51:58.198,0.7317,0.73205,1.00,1.00
2015.04.17 12:51:58.465,0.73169,0.73204,1.37,1.00
2015.04.17 12:51:58.516,0.73169,0.73206,1.37,1.00
2015.04.17 12:51:58.566,0.73175,0.73206,1.00,1.00
2015.04.17 12:51:58.817,0.73175,0.73208,1.00,1.00
2015.04.17 12:51:58.968,0.73175,0.73212,1.00,1.00
2015.04.17 12:51:59.019,0.73178,0.73212,1.37,1.00
2015.04.17 12:51:59.069,0.73178,0.73217,1.37,1.00
2015.04.17 12:51:59.119,0.73184,0.73216,1.00,1.00
2015.04.17 12:51:59.425,0.73182,0.73217,1.00,1.00
2015.04.17 12:51:59.476,0.73182,0.73214,1.00,1.00
2015.04.17 12:51:59.583,0.73182,0.73216,1.00,1.00
2015.04.17 12:51:59.737,0.73185,0.73216,1.00,1.00
2015.04.17 12:51:59.838,0.73185,0.73218,1.00,1.00
2015.04.17 12:51:59.989,0.73188,0.73219,1.00,1.00
2015.04.17 12:52:00.039,0.73188,0.73221,1.00,1.00
2015.04.17 12:52:00.140,0.73185,0.7322,1.00,1.00
2015.04.17 12:52:00.290,0.73182,0.7322,1.00,1.00
2015.04.17 12:52:00.391,0.73181,0.73213,1.00,1.00
2015.04.17 12:52:00.612,0.73183,0.73216,1.00,1.00
2015.04.17 12:52:00.926,0.73183,0.73211,1.00,1.00
2015.04.17 12:52:01.077,0.73181,0.73212,1.00,1.00
2015.04.17 12:52:01.128,0.73181,0.73214,1.00,1.00
2015.04.17 12:52:02.588,0.73181,0.73214,1.37,1.00
2015.04.17 12:52:02.688,0.73181,0.73217,1.37,1.00
2015.04.17 12:52:03.191,0.73181,0.73216,1.00,1.00
2015.04.17 12:52:03.727,0.73185,0.73217,1.00,1.00
2015.04.17 12:52:04.092,0.73185,0.7322,1.12,1.00
2015.04.17 12:52:04.751,0.73185,0.73221,1.00,1.00
2015.04.17 12:52:05.287,0.73185,0.73221,1.37,1.00
2015.04.17 12:52:05.538,0.73184,0.73219,1.87,1.00
2015.04.17 12:52:05.842,0.73182,0.73216,1.00,1.00
2015.04.17 12:52:06.144,0.73185,0.73214,1.00,1.00
2015.04.17 12:52:06.345,0.73182,0.73214,1.00,1.00
2015.04.17 12:52:06.892,0.73183,0.73214,1.00,1.00
2015.04.17 12:52:07.610,0.73183,0.73216,1.12,1.00
2015.04.17 12:52:07.829,0.73183,0.73218,1.12,1.00
2015.04.17 12:52:07.983,0.73187,0.73218,1.37,1.00
2015.04.17 12:52:08.084,0.73187,0.7322,1.37,1.00
2015.04.17 12:52:08.623,0.73187,0.73222,1.37,1.00
2015.04.17 12:52:08.822,0.73194,0.73225,1.00,1.00
2015.04.17 12:52:09.371,0.73193,0.73229,1.00,1.37
2015.04.17 12:52:09.681,0.73193,0.73231,1.87,1.12
2015.04.17 12:52:09.793,0.73196,0.7323,1.00,1.00
2015.04.17 12:52:10.129,0.73196,0.73227,1.00,1.37
2015.04.17 12:52:10.180,0.73192,0.73227,1.00,1.00
2015.04.17 12:52:10.230,0.73192,0.73224,1.00,1.00
2015.04.17 12:52:10.381,0.7319,0.73224,1.00,1.00
2015.04.17 12:52:10.431,0.7319,0.73222,1.00,1.00
2015.04.17 12:52:10.933,0.73191,0.73222,1.00,1.00
2015.04.17 12:52:11.122,0.73191,0.73226,1.00,1.00
2015.04.17 12:52:11.342,0.73191,0.73228,1.00,1.00
2015.04.17 12:52:11.392,0.73194,0.73228,1.00,1.00
2015.04.17 12:52:12.126,0.73198,0.73228,1.00,1.00
2015.04.17 12:52:12.228,0.73198,0.73231,1.00,1.50
2015.04.17 12:52:12.992,0.73198,0.73233,1.00,1.00
2015.04.17 12:52:13.093,0.73196,0.73233,1.00,1.00
2015.04.17 12:52:13.143,0.73196,0.73233,1.00,1.37
2015.04.17 12:52:13.527,0.73195,0.73227,1.00,1.12
2015.04.17 12:52:13.677,0.73192,0.73227,1.00,1.12
2015.04.17 12:52:13.879,0.73192,0.73224,1.00,1.00
2015.04.17 12:52:14.080,0.73192,0.73227,1.00,1.87
2015.04.17 12:52:14.130,0.73195,0.73227,1.00,1.87
2015.04.17 12:52:14.332,0.73193,0.73225,1.00,1.00
2015.04.17 12:52:15.437,0.73192,0.73226,1.00,1.37
2015.04.17 12:52:16.260,0.73191,0.73226,1.00,1.87
2015.04.17 12:52:16.673,0.73192,0.73226,1.00,1.00
2015.04.17 12:52:17.276,0.73192,0.73226,1.00,1.37
2015.04.17 12:52:17.978,0.73192,0.73226,1.00,1.12
2015.04.17 12:52:18.982,0.73194,0.73226,1.00,1.50
2015.04.17 12:52:19.162,0.73192,0.73226,1.00,1.50
2015.04.17 12:52:19.413,0.73192,0.73227,1.00,1.37
2015.04.17 12:52:19.514,0.73192,0.73227,1.00,1.00
2015.04.17 12:52:19.615,0.73197,0.73228,1.00,1.00
2015.04.17 12:52:19.715,0.73191,0.73223,1.00,1.00
2015.04.17 12:52:19.866,0.73189,0.73223,1.00,1.00
2015.04.17 12:52:19.916,0.73189,0.73221,1.00,1.00
2015.04.17 12:52:22.098,0.73189,0.73225,1.00,1.37
2015.04.17 12:52:22.512,0.7319,0.73225,1.00,1.00
2015.04.17 12:52:22.714,0.73192,0.73225,1.00,1.00
2015.04.17 12:52:22.814,0.7319,0.73226,1.12,1.00
2015.04.17 12:52:22.915,0.73189,0.73224,1.00,1.00
2015.04.17 12:52:23.459,0.73189,0.73223,1.00,1.00
2015.04.17 12:52:24.002,0.73186,0.73223,1.00,1.50
2015.04.17 12:52:24.549,0.73187,0.73223,1.00,1.00
2015.04.17 12:52:24.701,0.73187,0.73223,1.00,1.37
2015.04.17 12:52:25.102,0.73193,0.73222,1.00,1.37
2015.04.17 12:52:25.202,0.73193,0.73229,1.00,1.37
2015.04.17 12:52:25.253,0.73193,0.73229,1.00,1.00
2015.04.17 12:52:25.353,0.73194,0.73231,1.00,1.50
2015.04.17 12:52:25.454,0.73199,0.73231,1.00,1.00
2015.04.17 12:52:25.656,0.73199,0.73234,1.00,1.00
2015.04.17 12:52:25.756,0.73199,0.73236,1.00,2.25
2015.04.17 12:52:25.831,0.73201,0.73236,1.00,1.50
2015.04.17 12:52:26.178,0.73204,0.73235,1.00,1.00
2015.04.17 12:52:26.680,0.73204,0.73236,1.00,1.00
2015.04.17 12:52:26.873,0.73201,0.73235,1.00,1.00
2015.04.17 12:52:26.981,0.73201,0.73237,1.00,1.00
2015.04.17 12:52:27.302,0.73203,0.73236,1.00,1.00
2015.04.17 12:52:27.403,0.73203,0.73238,1.00,1.00
2015.04.17 12:52:27.717,0.73203,0.73238,1.00,1.37
2015.04.17 12:52:28.068,0.73203,0.73238,1.00,1.50
2015.04.17 12:52:28.319,0.73203,0.73238,1.00,1.37
2015.04.17 12:52:28.669,0.73199,0.73235,1.37,1.00
2015.04.17 12:52:28.720,0.73199,0.73233,1.00,1.00
2015.04.17 12:52:29.063,0.732,0.73231,1.00,1.00
2015.04.17 12:52:29.164,0.732,0.73235,1.00,1.00
2015.04.17 12:52:29.851,0.73202,0.73235,1.00,1.00
2015.04.17 12:52:30.002,0.73202,0.73238,1.00,1.00
2015.04.17 12:52:30.152,0.73202,0.73236,1.00,1.00
2015.04.17 12:52:30.311,0.73198,0.73235,1.00,1.00
2015.04.17 12:52:30.547,0.73198,0.73233,1.00,1.00
2015.04.17 12:52:30.988,0.73197,0.73231,1.00,1.00
2015.04.17 12:52:31.333,0.73194,0.73227,1.00,1.37
2015.04.17 12:52:31.932,0.73194,0.73227,1.00,1.12
2015.04.17 12:52:32.138,0.73194,0.7323,1.00,1.87
2015.04.17 12:52:32.652,0.73194,0.7323,1.00,1.87
2015.04.17 12:52:33.063,0.73197,0.7323,1.00,1.00
2015.04.17 12:52:33.113,0.73197,0.73232,1.00,1.12
2015.04.17 12:52:33.164,0.73199,0.73234,1.00,1.50
2015.04.17 12:52:33.314,0.73203,0.7324,1.00,1.87
2015.04.17 12:52:33.415,0.73209,0.73241,1.00,1.00
2015.04.17 12:52:33.683,0.7321,0.73247,1.00,1.50
2015.04.17 12:52:33.834,0.73213,0.7325,1.00,1.50
2015.04.17 12:52:34.168,0.73213,0.73248,1.00,1.00
2015.04.17 12:52:34.269,0.73211,0.73247,1.00,1.00
2015.04.17 12:52:35.142,0.73211,0.73247,1.00,1.37
2015.04.17 12:52:35.391,0.73213,0.73247,1.00,1.37
2015.04.17 12:52:35.723,0.73213,0.73248,1.00,1.00
2015.04.17 12:52:36.157,0.73212,0.73246,1.00,1.00
2015.04.17 12:52:36.929,0.73212,0.73249,1.00,1.87
2015.04.17 12:52:37.464,0.73213,0.73248,1.00,1.37
2015.04.17 12:52:37.552,0.73211,0.73248,1.00,1.87
2015.04.17 12:52:37.602,0.73211,0.73245,1.00,1.00
2015.04.17 12:52:41.289,0.73212,0.73245,1.00,1.12
2015.04.17 12:52:41.464,0.73213,0.73249,1.00,1.37
2015.04.17 12:52:41.977,0.73213,0.73246,1.00,1.00
2015.04.17 12:52:42.379,0.73213,0.73245,1.00,1.87
2015.04.17 12:52:42.631,0.73211,0.73245,1.00,1.00
2015.04.17 12:52:42.983,0.73213,0.73246,1.00,1.00
2015.04.17 12:52:43.033,0.73213,0.73248,1.00,1.50
2015.04.17 12:52:43.420,0.73215,0.73249,1.00,1.37
2015.04.17 12:52:43.482,0.73215,0.73249,1.00,1.37
2015.04.17 12:52:44.004,0.73215,0.73249,1.00,1.00
2015.04.17 12:52:44.178,0.73215,0.73247,1.00,1.00
2015.04.17 12:52:44.730,0.73216,0.73247,1.00,1.00
2015.04.17 12:52:45.301,0.73216,0.73251,1.00,1.37
2015.04.17 12:52:45.533,0.73216,0.73251,1.00,1.00
2015.04.17 12:52:45.664,0.73216,0.73251,1.37,1.00
2015.04.17 12:52:46.131,0.7322,0.73252,1.00,1.12
2015.04.17 12:52:46.698,0.73221,0.73252,1.00,1.00
2015.04.17 12:52:46.951,0.73217,0.73252,1.00,1.37
2015.04.17 12:52:47.002,0.73217,0.73251,1.00,1.12
2015.04.17 12:52:47.102,0.73215,0.7325,1.00,1.00
2015.04.17 12:52:47.274,0.73217,0.73251,1.00,1.12
2015.04.17 12:52:47.612,0.73223,0.73251,1.00,1.00
2015.04.17 12:52:47.721,0.73225,0.73258,1.00,1.00
2015.04.17 12:52:48.111,0.73228,0.73259,1.00,1.00
2015.04.17 12:52:48.457,0.7323,0.73259,1.00,1.12
2015.04.17 12:52:48.679,0.73228,0.7326,1.00,1.37
2015.04.17 12:52:49.279,0.73229,0.7326,1.00,1.37
2015.04.17 12:52:49.422,0.73229,0.7326,1.00,1.12
2015.04.17 12:52:49.982,0.73229,0.7326,1.00,1.37
2015.04.17 12:52:50.320,0.73223,0.73259,1.00,1.37
2015.04.17 12:52:50.572,0.73219,0.73252,1.00,1.00
2015.04.17 12:52:50.672,0.73219,0.73254,1.00,1.00
2015.04.17 12:52:50.773,0.73221,0.73254,1.00,1.00
2015.04.17 12:52:50.924,0.73219,0.73254,1.00,1.00
2015.04.17 12:52:50.975,0.73221,0.73254,1.00,1.00
2015.04.17 12:52:51.025,0.73221,0.73256,1.00,1.50
2015.04.17 12:52:51.339,0.73219,0.73254,1.00,1.00
2015.04.17 12:52:51.679,0.73224,0.73257,1.00,1.00
2015.04.17 12:52:52.450,0.73224,0.73257,1.00,1.37
2015.04.17 12:52:52.984,0.73226,0.73257,1.00,1.37
2015.04.17 12:52:53.491,0.73226,0.7326,1.00,1.37
2015.04.17 12:52:53.542,0.73228,0.7326,1.00,1.37
2015.04.17 12:52:53.693,0.73229,0.73261,1.00,1.00
2015.04.17 12:52:53.794,0.7323,0.73267,1.00,1.00
2015.04.17 12:52:53.845,0.73234,0.73268,1.00,1.50
2015.04.17 12:52:54.151,0.73239,0.73271,1.00,1.50
2015.04.17 12:52:54.472,0.73234,0.73262,1.00,1.00
2015.04.17 12:52:54.523,0.73231,0.73262,1.00,1.00
2015.04.17 12:52:54.624,0.73225,0.73259,1.00,1.00
2015.04.17 12:52:54.973,0.73223,0.73256,1.00,1.00
2015.04.17 12:52:55.074,0.73221,0.73255,1.00,1.00
2015.04.17 12:52:55.174,0.73219,0.73254,1.00,1.00
2015.04.17 12:52:55.380,0.7322,0.73256,1.00,1.87
2015.04.17 12:52:55.812,0.73222,0.73258,1.00,1.00
2015.04.17 12:52:56.360,0.73223,0.73258,1.00,1.00
2015.04.17 12:52:56.831,0.73225,0.73259,1.12,1.00
2015.04.17 12:52:56.881,0.73226,0.73261,1.00,1.00
2015.04.17 12:52:56.932,0.73228,0.73264,1.00,1.00
2015.04.17 12:52:57.130,0.73231,0.73265,1.00,1.00
2015.04.17 12:52:57.501,0.73229,0.73264,1.50,1.00
2015.04.17 12:52:57.602,0.73231,0.73267,1.00,1.00
2015.04.17 12:52:58.140,0.7323,0.73266,1.50,1.12
2015.04.17 12:52:58.241,0.73229,0.73265,1.00,1.50
2015.04.17 12:52:58.341,0.73227,0.73262,1.00,1.37
2015.04.17 12:52:58.494,0.73229,0.73262,1.00,1.00
2015.04.17 12:52:59.160,0.73228,0.73262,1.00,1.87
2015.04.17 12:52:59.490,0.73228,0.73262,1.00,1.87
2015.04.17 12:53:00.032,0.73228,0.73263,1.00,1.37
2015.04.17 12:53:00.369,0.73229,0.73263,1.00,1.00
2015.04.17 12:53:00.470,0.73229,0.73263,1.00,1.37
2015.04.17 12:53:00.771,0.73226,0.73261,1.00,1.37
2015.04.17 12:53:01.699,0.73226,0.73262,1.00,1.87
2015.04.17 12:53:02.239,0.73226,0.73262,1.00,2.25
2015.04.17 12:53:05.083,0.73226,0.73262,1.00,1.87
2015.04.17 12:53:05.650,0.73227,0.73263,1.00,1.37
2015.04.17 12:53:05.810,0.73227,0.73263,1.00,1.37
2015.04.17 12:53:06.590,0.73228,0.73264,1.00,1.37
2015.04.17 12:53:07.623,0.73228,0.73264,1.37,1.37
2015.04.17 12:53:07.723,0.73232,0.73265,1.00,1.37
2015.04.17 12:53:07.799,0.73229,0.73265,1.00,1.87
2015.04.17 12:53:08.503,0.73229,0.73265,1.00,1.87
2015.04.17 12:53:09.920,0.73229,0.7326,1.00,1.00
2015.04.17 12:53:10.121,0.73218,0.73253,1.12,1.12
2015.04.17 12:53:10.222,0.73214,0.73248,1.00,1.00
2015.04.17 12:53:10.332,0.7321,0.73245,1.00,1.00
2015.04.17 12:53:10.556,0.73209,0.73242,1.00,1.00
2015.04.17 12:53:11.009,0.73209,0.73244,1.50,1.00
2015.04.17 12:53:11.361,0.73204,0.73239,1.50,1.00
2015.04.17 12:53:11.920,0.73205,0.73239,1.00,1.00
2015.04.17 12:53:12.445,0.73206,0.73239,1.00,1.00
2015.04.17 12:53:13.960,0.73205,0.73238,1.50,1.00
2015.04.17 12:53:14.198,0.73203,0.73238,1.12,1.37
2015.04.17 12:53:15.108,0.73204,0.73237,1.00,1.00
2015.04.17 12:53:15.626,0.73205,0.7324,1.00,1.37
2015.04.17 12:53:16.268,0.73207,0.73241,1.00,1.37
2015.04.17 12:53:16.440,0.73207,0.73241,1.12,1.12
2015.04.17 12:53:17.219,0.73208,0.73241,1.12,1.00
2015.04.17 12:53:17.320,0.7321,0.73243,1.00,1.37
2015.04.17 12:53:17.639,0.73215,0.73247,1.00,1.37
2015.04.17 12:53:17.991,0.73215,0.73251,2.62,1.37
2015.04.17 12:53:18.091,0.73219,0.7325,1.37,1.00
2015.04.17 12:53:18.192,0.73219,0.73251,1.00,1.00
2015.04.17 12:53:18.293,0.73221,0.73253,1.00,1.00
2015.04.17 12:53:18.393,0.73221,0.73255,1.00,1.00
2015.04.17 12:53:18.644,0.73224,0.73255,1.00,1.00
2015.04.17 12:53:18.695,0.73224,0.73257,1.00,1.00
2015.04.17 12:53:18.938,0.73227,0.7326,1.00,1.00
2015.04.17 12:53:19.046,0.73227,0.73262,1.00,1.00
2015.04.17 12:53:19.449,0.7323,0.73262,1.00,1.00
2015.04.17 12:53:19.601,0.7323,0.73266,1.00,1.37
2015.04.17 12:53:19.825,0.73233,0.73268,1.00,1.00
2015.04.17 12:53:20.580,0.73233,0.73268,1.00,1.37
2015.04.17 12:53:20.831,0.73231,0.73266,1.00,1.12
2015.04.17 12:53:21.282,0.73231,0.73266,1.00,1.75
2015.04.17 12:53:21.332,0.73229,0.73264,1.50,1.37
2015.04.17 12:53:21.841,0.73226,0.73261,1.00,1.37
2015.04.17 12:53:22.360,0.73224,0.73259,1.00,1.37
2015.04.17 12:53:22.611,0.73225,0.7326,1.37,1.37
2015.04.17 12:53:23.721,0.73223,0.73259,1.87,1.12
2015.04.17 12:53:23.772,0.73223,0.73256,1.12,1.00
2015.04.17 12:53:24.170,0.73221,0.73255,1.00,1.37
2015.04.17 12:53:24.796,0.73221,0.73255,1.00,1.50
2015.04.17 12:53:24.896,0.73218,0.73253,1.00,1.37
2015.04.17 12:53:25.627,0.73216,0.73252,1.87,1.37
2015.04.17 12:53:26.092,0.73219,0.73252,1.00,1.00
2015.04.17 12:53:26.293,0.73225,0.7326,1.50,1.00
2015.04.17 12:53:26.544,0.73228,0.73263,1.00,1.87
2015.04.17 12:53:26.850,0.7323,0.73263,1.00,1.12
2015.04.17 12:53:26.901,0.7323,0.73265,1.00,1.87
2015.04.17 12:53:26.951,0.73228,0.73263,1.00,1.00
2015.04.17 12:53:27.625,0.73229,0.73263,1.00,1.12
2015.04.17 12:53:28.590,0.73234,0.73263,1.00,1.12
2015.04.17 12:53:28.788,0.73229,0.73263,1.00,1.12
2015.04.17 12:53:29.396,0.7323,0.73263,1.00,1.00
2015.04.17 12:53:29.560,0.73235,0.73263,1.00,1.00
2015.04.17 12:53:29.901,0.73229,0.73263,1.00,1.12
2015.04.17 12:53:30.019,0.7323,0.73265,1.00,1.87
2015.04.17 12:53:30.069,0.73227,0.73262,1.00,1.00
2015.04.17 12:53:30.381,0.73232,0.73264,1.00,1.00
2015.04.17 12:53:31.036,0.73232,0.73263,1.00,1.00
2015.04.17 12:53:31.228,0.7323,0.73263,1.00,1.00
2015.04.17 12:53:31.712,0.7323,0.73265,1.00,1.00
2015.04.17 12:53:31.931,0.73232,0.73268,1.00,1.87
2015.04.17 12:53:31.981,0.73232,0.73268,1.00,1.87
2015.04.17 12:53:32.032,0.73234,0.73268,1.00,1.87
2015.04.17 12:53:32.639,0.73236,0.73268,1.00,1.37
2015.04.17 12:53:33.157,0.73236,0.73268,1.00,1.12
2015.04.17 12:53:34.583,0.73236,0.73269,1.00,1.37
2015.04.17 12:53:34.684,0.73234,0.73269,1.00,1.00
2015.04.17 12:53:34.899,0.73238,0.73271,1.00,1.50
2015.04.17 12:53:35.221,0.73235,0.7327,1.50,1.00
2015.04.17 12:53:35.738,0.73235,0.73269,1.12,1.00
2015.04.17 12:53:36.289,0.73235,0.7327,1.12,1.00
2015.04.17 12:53:37.074,0.73235,0.7327,1.37,1.37
2015.04.17 12:53:37.275,0.73235,0.7327,1.12,1.12
2015.04.17 12:53:37.921,0.73235,0.7327,1.37,1.12
2015.04.17 12:53:38.173,0.73232,0.73268,1.00,1.87
2015.04.17 12:53:38.274,0.7323,0.73265,1.00,1.00
2015.04.17 12:53:39.129,0.73229,0.73265,1.00,1.50
2015.04.17 12:53:39.457,0.73228,0.7326,1.00,1.37
2015.04.17 12:53:39.622,0.73227,0.7326,1.00,1.12
2015.04.17 12:53:40.250,0.73226,0.7326,1.00,1.12
2015.04.17 12:53:40.882,0.73227,0.7326,1.00,1.00
2015.04.17 12:53:41.701,0.73226,0.7326,1.00,1.00
2015.04.17 12:53:42.320,0.73226,0.7326,1.00,1.37
2015.04.17 12:53:43.343,0.73226,0.7326,1.00,1.00
2015.04.17 12:53:43.576,0.73226,0.73262,1.00,1.12
2015.04.17 12:53:43.677,0.73228,0.73263,1.00,1.87
2015.04.17 12:53:43.827,0.73228,0.73263,1.00,1.87
2015.04.17 12:53:43.928,0.7323,0.73263,1.00,1.12
2015.04.17 12:53:44.182,0.73231,0.73266,1.00,1.87
2015.04.17 12:53:44.645,0.73234,0.73265,1.00,1.00
2015.04.17 12:53:44.899,0.73229,0.73262,1.50,1.00
2015.04.17 12:53:44.999,0.73234,0.73263,1.00,1.00
2015.04.17 12:53:45.050,0.73234,0.73267,1.00,1.00
2015.04.17 12:53:45.150,0.73234,0.73269,1.00,1.00
2015.04.17 12:53:45.452,0.7323,0.73265,1.50,1.00
2015.04.17 12:53:45.789,0.73232,0.73267,1.00,1.00
2015.04.17 12:53:46.097,0.73235,0.73267,1.00,1.00
2015.04.17 12:53:46.308,0.73233,0.73267,1.00,1.00
2015.04.17 12:53:46.458,0.73233,0.73265,1.00,1.00
2015.04.17 12:53:46.559,0.73234,0.73267,1.00,1.00
2015.04.17 12:53:48.277,0.73236,0.73271,1.00,1.87
2015.04.17 12:53:48.428,0.73238,0.73273,1.00,1.50
2015.04.17 12:53:49.027,0.73239,0.73274,1.00,1.12
2015.04.17 12:53:50.775,0.73239,0.73274,1.87,1.00
2015.04.17 12:53:50.875,0.7324,0.73275,1.12,1.00
2015.04.17 12:53:50.926,0.73243,0.73276,1.00,1.00
2015.04.17 12:53:51.451,0.73243,0.73278,1.00,1.00
2015.04.17 12:53:51.669,0.73245,0.73278,1.00,1.00
2015.04.17 12:53:52.280,0.73243,0.73278,1.00,1.00
2015.04.17 12:53:52.391,0.73248,0.7328,1.00,1.00
2015.04.17 12:53:53.161,0.73246,0.73279,1.00,1.37
2015.04.17 12:53:53.463,0.73237,0.73271,1.00,1.00
2015.04.17 12:53:53.551,0.73237,0.73274,1.00,1.00
2015.04.17 12:53:53.601,0.73236,0.73272,1.00,1.00
2015.04.17 12:53:53.940,0.73248,0.7328,1.00,1.00
2015.04.17 12:53:54.100,0.73248,0.73282,1.00,1.00
2015.04.17 12:53:54.370,0.73246,0.73282,1.00,1.00
2015.04.17 12:53:54.811,0.73246,0.73278,1.00,1.00
2015.04.17 12:53:55.263,0.73246,0.73278,1.00,1.37
2015.04.17 12:53:55.860,0.73246,0.7328,1.00,1.37
2015.04.17 12:53:56.409,0.73246,0.7328,1.00,1.37
2015.04.17 12:53:56.959,0.73246,0.7328,1.00,1.37
2015.04.17 12:53:58.438,0.73246,0.7328,1.00,1.37
2015.04.17 12:53:58.819,0.73243,0.73277,1.00,1.12
2015.04.17 12:53:58.870,0.73249,0.73277,1.00,1.00
2015.04.17 12:53:58.971,0.73247,0.7328,1.00,1.00
2015.04.17 12:53:59.021,0.73247,0.73278,1.00,1.00
2015.04.17 12:53:59.278,0.73243,0.73278,1.00,1.00
2015.04.17 12:53:59.609,0.73245,0.73278,1.00,1.00
2015.04.17 12:53:59.870,0.73246,0.7328,1.00,1.00
2015.04.17 12:54:00.191,0.73244,0.7328,1.50,1.00
2015.04.17 12:54:00.242,0.73244,0.73274,1.50,1.00
2015.04.17 12:54:00.543,0.73242,0.73271,1.00,1.00
2015.04.17 12:54:00.644,0.73238,0.73271,1.00,1.00
2015.04.17 12:54:00.795,0.73238,0.73273,1.00,1.00
2015.04.17 12:54:00.845,0.73241,0.73273,1.00,1.00
2015.04.17 12:54:01.190,0.73243,0.73274,1.00,1.00
2015.04.17 12:54:01.479,0.73241,0.73274,1.00,1.00
2015.04.17 12:54:03.139,0.73241,0.73274,1.00,1.50
2015.04.17 12:54:03.349,0.73238,0.7327,1.00,1.37
2015.04.17 12:54:03.846,0.73238,0.73273,1.00,1.37
2015.04.17 12:54:04.439,0.73238,0.73273,1.00,1.12
2015.04.17 12:54:04.812,0.73241,0.73273,1.00,1.12
2015.04.17 12:54:04.963,0.73241,0.73277,1.00,1.12
2015.04.17 12:54:05.013,0.73244,0.73278,1.00,1.37
2015.04.17 12:54:05.370,0.73245,0.73275,1.00,1.37
2015.04.17 12:54:05.471,0.73242,0.73275,1.00,1.37
2015.04.17 12:54:05.540,0.73242,0.73275,1.00,1.50
2015.04.17 12:54:05.590,0.7324,0.73273,1.00,1.37
2015.04.17 12:54:05.641,0.7324,0.73273,1.00,1.00
2015.04.17 12:54:05.741,0.7324,0.73273,1.00,1.37
2015.04.17 12:54:05.792,0.73237,0.73273,1.00,1.37
2015.04.17 12:54:06.343,0.73237,0.7327,1.00,1.37
2015.04.17 12:54:06.844,0.73237,0.7327,1.00,1.00
2015.04.17 12:54:07.897,0.73239,0.7327,1.00,1.12
2015.04.17 12:54:08.847,0.73238,0.7327,1.00,1.00
2015.04.17 12:54:09.763,0.73238,0.7327,1.00,1.37
2015.04.17 12:54:10.672,0.73238,0.7327,1.00,1.75
2015.04.17 12:54:10.722,0.73235,0.7327,1.00,1.75
2015.04.17 12:54:10.873,0.73231,0.73267,1.00,1.37
2015.04.17 12:54:10.974,0.73233,0.73267,1.00,1.37
2015.04.17 12:54:11.074,0.73231,0.73267,1.00,1.37
2015.04.17 12:54:11.125,0.73231,0.73267,1.00,1.00
2015.04.17 12:54:11.175,0.73235,0.73267,1.00,1.00
2015.04.17 12:54:11.704,0.73234,0.73266,1.00,1.00
2015.04.17 12:54:12.241,0.73235,0.73266,1.00,1.00
2015.04.17 12:54:12.957,0.73235,0.73269,1.00,1.12
2015.04.17 12:54:13.442,0.73236,0.73266,1.00,1.37
2015.04.17 12:54:13.492,0.73234,0.73266,1.00,1.37
2015.04.17 12:54:13.543,0.73234,0.7327,1.00,1.37
2015.04.17 12:54:13.594,0.73237,0.7327,1.00,1.37
2015.04.17 12:54:13.644,0.73237,0.7327,1.00,1.00
2015.04.17 12:54:13.950,0.73239,0.73271,1.00,1.00
2015.04.17 12:54:14.938,0.73239,0.73271,1.00,1.37
2015.04.17 12:54:15.438,0.73239,0.73271,1.00,1.37
2015.04.17 12:54:16.806,0.73239,0.73271,1.00,1.12
2015.04.17 12:54:16.920,0.73239,0.73273,1.00,1.00
2015.04.17 12:54:17.121,0.73242,0.73276,1.00,1.37
2015.04.17 12:54:17.250,0.7324,0.73276,1.00,1.37
2015.04.17 12:54:17.301,0.7324,0.73276,1.00,1.50
2015.04.17 12:54:17.869,0.73238,0.73273,1.00,1.37
2015.04.17 12:54:17.920,0.73238,0.73273,1.00,1.37
2015.04.17 12:54:18.020,0.73233,0.73269,1.50,1.12
2015.04.17 12:54:18.237,0.73233,0.73269,1.12,1.37
2015.04.17 12:54:19.899,0.73232,0.73267,1.00,1.87
2015.04.17 12:54:20.000,0.73232,0.73267,1.37,1.12
2015.04.17 12:54:20.101,0.73233,0.73268,1.00,1.37
2015.04.17 12:54:20.457,0.7323,0.73263,1.00,1.00
2015.04.17 12:54:21.207,0.73227,0.73263,1.12,1.12
2015.04.17 12:54:21.260,0.73227,0.73263,1.00,1.37
2015.04.17 12:54:21.612,0.73229,0.73264,1.00,1.37
2015.04.17 12:54:22.414,0.7323,0.73264,1.00,1.37
2015.04.17 12:54:22.616,0.73227,0.73262,1.00,1.00
2015.04.17 12:54:23.369,0.73227,0.73262,1.00,1.37
2015.04.17 12:54:23.695,0.73227,0.73262,1.00,1.12
2015.04.17 12:54:23.870,0.73227,0.73262,1.00,1.37
2015.04.17 12:54:24.318,0.73227,0.73262,1.00,1.12
2015.04.17 12:54:24.874,0.73227,0.73262,1.37,1.00
2015.04.17 12:54:24.925,0.73228,0.73264,1.12,1.12
2015.04.17 12:54:25.026,0.7323,0.73265,1.00,1.37
2015.04.17 12:54:25.227,0.73226,0.73262,1.12,1.87
2015.04.17 12:54:25.277,0.73229,0.73261,1.00,1.00
2015.04.17 12:54:25.579,0.7322,0.73254,1.50,1.00
2015.04.17 12:54:26.008,0.73221,0.73257,1.00,1.00
2015.04.17 12:54:27.008,0.7322,0.73256,1.00,1.00
2015.04.17 12:54:27.329,0.73222,0.73257,1.00,1.00
2015.04.17 12:54:27.729,0.73222,0.73255,1.00,1.00
2015.04.17 12:54:27.932,0.73219,0.73255,1.50,1.50
2015.04.17 12:54:27.989,0.73221,0.73255,1.00,1.00
2015.04.17 12:54:28.110,0.73218,0.73254,1.00,1.00
2015.04.17 12:54:28.221,0.7322,0.73255,1.00,1.50
2015.04.17 12:54:28.522,0.73225,0.73259,1.50,1.00
2015.04.17 12:54:28.623,0.73233,0.73268,1.00,1.87
2015.04.17 12:54:28.874,0.73231,0.73267,1.00,1.00
2015.04.17 12:54:29.025,0.73233,0.73266,1.00,1.00
2015.04.17 12:54:29.226,0.73229,0.73264,1.00,1.00
2015.04.17 12:54:29.327,0.73227,0.73262,1.00,1.00
2015.04.17 12:54:29.638,0.73225,0.7326,1.00,1.00
2015.04.17 12:54:29.939,0.73223,0.73257,1.00,1.00
2015.04.17 12:54:29.990,0.73229,0.73264,1.00,1.00
2015.04.17 12:54:30.421,0.73231,0.73264,1.00,1.00
2015.04.17 12:54:30.672,0.73228,0.73263,1.50,1.00
2015.04.17 12:54:30.722,0.7323,0.73263,1.00,1.00
2015.04.17 12:54:30.772,0.73232,0.73266,1.00,1.00
2015.04.17 12:54:30.873,0.7323,0.73265,1.50,1.00
2015.04.17 12:54:31.175,0.73232,0.73264,1.00,1.00
2015.04.17 12:54:31.225,0.73232,0.73266,1.50,1.00
2015.04.17 12:54:31.275,0.73233,0.7326,1.00,1.00
2015.04.17 12:54:31.426,0.73228,0.73261,1.00,1.50
2015.04.17 12:54:31.577,0.73229,0.73265,1.00,1.00
2015.04.17 12:54:31.741,0.73232,0.73268,1.00,1.50
2015.04.17 12:54:32.387,0.73234,0.73268,1.00,1.50
2015.04.17 12:54:32.716,0.7324,0.7327,1.00,1.00
2015.04.17 12:54:32.766,0.7324,0.73275,1.50,1.00
2015.04.17 12:54:32.817,0.7324,0.73277,1.00,1.00
2015.04.17 12:54:33.819,0.73243,0.73279,1.00,1.87
2015.04.17 12:54:34.134,0.7325,0.73282,1.00,1.00
2015.04.17 12:54:34.285,0.73247,0.73282,1.00,1.00
2015.04.17 12:54:34.647,0.73246,0.7328,1.00,1.00
2015.04.17 12:54:36.030,0.73248,0.7328,1.00,1.00
2015.04.17 12:54:36.131,0.73248,0.73283,1.00,1.50
2015.04.17 12:54:36.247,0.73246,0.73282,1.00,1.00
2015.04.17 12:54:36.457,0.73248,0.73283,1.00,1.00
2015.04.17 12:54:36.758,0.73247,0.7328,1.00,1.00
2015.04.17 12:54:36.909,0.73242,0.73279,1.00,1.87
2015.04.17 12:54:37.010,0.73239,0.73276,1.00,1.50
2015.04.17 12:54:37.110,0.73239,0.73276,1.00,2.62
2015.04.17 12:54:37.511,0.73239,0.73274,1.00,1.37
2015.04.17 12:54:37.791,0.73235,0.73271,1.00,1.00
2015.04.17 12:54:37.942,0.73235,0.7327,1.00,1.75
2015.04.17 12:54:38.042,0.73227,0.73263,1.00,1.00
2015.04.17 12:54:38.143,0.73225,0.73259,1.00,1.00
2015.04.17 12:54:38.444,0.7323,0.73264,1.00,1.00
2015.04.17 12:54:39.111,0.7323,0.73267,1.00,1.50
2015.04.17 12:54:39.418,0.7323,0.73267,1.00,1.87
2015.04.17 12:54:39.863,0.7323,0.73267,1.87,1.00
2015.04.17 12:54:39.913,0.73233,0.73267,1.00,1.00
2015.04.17 12:54:40.014,0.73236,0.73273,1.00,1.87
2015.04.17 12:54:40.367,0.73237,0.7327,1.00,1.00
2015.04.17 12:54:40.618,0.73232,0.73267,1.00,1.00
2015.04.17 12:54:40.669,0.7323,0.73265,1.00,1.00
2015.04.17 12:54:41.079,0.7323,0.73267,1.00,1.50
2015.04.17 12:54:41.325,0.73232,0.73269,1.00,1.50
2015.04.17 12:54:41.653,0.73235,0.7327,1.00,1.00
2015.04.17 12:54:42.180,0.73236,0.7327,1.00,1.00
2015.04.17 12:54:42.506,0.73239,0.73273,1.00,1.50
2015.04.17 12:54:44.609,0.73241,0.73276,1.00,1.00
2015.04.17 12:54:44.710,0.73244,0.73278,1.00,1.37
2015.04.17 12:54:45.015,0.73239,0.73272,1.00,1.00
2015.04.17 12:54:45.550,0.7324,0.73272,1.00,1.00
2015.04.17 12:54:46.540,0.7324,0.73271,1.00,1.00
2015.04.17 12:54:46.857,0.73235,0.73266,1.00,1.12
2015.04.17 12:54:46.907,0.73235,0.73269,1.00,1.37
2015.04.17 12:54:46.958,0.73237,0.73269,1.00,1.37
2015.04.17 12:54:47.059,0.73235,0.73269,1.00,1.37
2015.04.17 12:54:47.310,0.73235,0.73261,1.00,1.00
2015.04.17 12:54:47.360,0.73229,0.73261,1.00,1.00
2015.04.17 12:54:47.411,0.73229,0.73258,1.00,1.00
2015.04.17 12:54:47.461,0.73224,0.73258,1.00,1.00
2015.04.17 12:54:47.612,0.73229,0.73261,1.00,1.00
2015.04.17 12:54:47.663,0.73229,0.73264,1.00,1.00
2015.04.17 12:54:47.713,0.73231,0.73264,1.00,1.00
2015.04.17 12:54:48.058,0.73229,0.73261,1.00,1.00
2015.04.17 12:54:48.448,0.73225,0.73258,1.00,1.00
2015.04.17 12:54:48.930,0.73229,0.73258,1.00,1.00
2015.04.17 12:54:48.980,0.73229,0.73264,1.00,1.50
2015.04.17 12:54:49.081,0.73229,0.73261,1.00,1.00
2015.04.17 12:54:49.131,0.73225,0.73261,1.00,1.00
2015.04.17 12:54:49.182,0.73225,0.73259,1.00,1.00
2015.04.17 12:54:49.283,0.73225,0.73263,1.00,1.50
2015.04.17 12:54:49.499,0.73224,0.73261,1.00,1.00
2015.04.17 12:54:49.824,0.73226,0.73261,1.00,1.00
2015.04.17 12:54:50.138,0.73228,0.73261,1.00,1.00
2015.04.17 12:54:50.250,0.73226,0.73261,1.00,1.00
2015.04.17 12:54:50.309,0.73226,0.73263,1.00,1.50
2015.04.17 12:54:50.468,0.73228,0.73263,1.00,1.00
2015.04.17 12:54:50.519,0.73228,0.73265,1.50,1.00
2015.04.17 12:54:50.569,0.73234,0.73268,1.00,1.00
2015.04.17 12:54:51.077,0.73235,0.73267,1.00,1.00
2015.04.17 12:54:51.623,0.73235,0.73268,1.00,1.00
2015.04.17 12:54:51.924,0.7324,0.73274,1.00,1.50
2015.04.17 12:54:51.975,0.73242,0.73274,1.00,1.12
2015.04.17 12:54:52.167,0.73242,0.73279,1.00,1.37
2015.04.17 12:54:52.728,0.73242,0.73279,1.00,1.37
2015.04.17 12:54:52.829,0.73242,0.73275,1.00,1.00
2015.04.17 12:54:53.327,0.7324,0.73275,1.00,1.12
2015.04.17 12:54:53.378,0.7324,0.73274,1.00,1.37
2015.04.17 12:54:53.890,0.7324,0.73274,1.00,1.37
2015.04.17 12:54:54.248,0.7324,0.7327,1.00,1.00
2015.04.17 12:54:54.637,0.73238,0.73274,1.00,1.37
2015.04.17 12:54:55.089,0.73238,0.73273,1.00,1.00
2015.04.17 12:54:55.517,0.73238,0.73273,1.00,1.37
2015.04.17 12:54:56.629,0.73236,0.73273,1.00,1.87
2015.04.17 12:54:56.786,0.73236,0.73273,1.00,1.87
2015.04.17 12:54:57.190,0.73236,0.73273,1.00,1.87
2015.04.17 12:54:57.391,0.73233,0.7327,1.00,1.87
2015.04.17 12:54:57.442,0.73233,0.7327,1.00,1.87
2015.04.17 12:54:58.058,0.73234,0.7327,1.00,1.37
2015.04.17 12:54:58.250,0.73234,0.7327,1.00,1.37
2015.04.17 12:54:58.780,0.73235,0.73271,1.00,2.62
2015.04.17 12:54:59.160,0.73235,0.73269,1.00,1.37
2015.04.17 12:54:59.385,0.73231,0.73266,1.00,1.37
2015.04.17 12:55:00.100,0.73231,0.73267,1.00,1.37
2015.04.17 12:55:00.806,0.73231,0.73266,1.00,1.87
2015.04.17 12:55:01.118,0.73228,0.73262,1.00,1.00
2015.04.17 12:55:01.218,0.73227,0.7326,1.00,1.00
2015.04.17 12:55:01.289,0.73227,0.73262,1.00,1.50
2015.04.17 12:55:01.339,0.73229,0.73262,1.00,1.00
2015.04.17 12:55:01.662,0.73234,0.73265,1.00,1.00
2015.04.17 12:55:02.189,0.73233,0.73266,1.00,1.00
2015.04.17 12:55:02.240,0.73229,0.73265,1.00,1.00
2015.04.17 12:55:02.340,0.73224,0.7326,1.50,1.00
2015.04.17 12:55:02.648,0.7322,0.73256,1.00,1.00
2015.04.17 12:55:02.981,0.73218,0.73252,1.00,1.00
2015.04.17 12:55:03.326,0.7322,0.73252,1.00,1.00
2015.04.17 12:55:03.752,0.73218,0.73251,1.00,1.00
2015.04.17 12:55:04.438,0.73216,0.73251,1.00,1.00
2015.04.17 12:55:04.539,0.73218,0.73251,1.00,1.00
2015.04.17 12:55:04.740,0.7322,0.73254,1.00,1.00
2015.04.17 12:55:04.840,0.73222,0.73256,1.00,1.87
2015.04.17 12:55:05.384,0.73222,0.73256,1.00,1.87
2015.04.17 12:55:05.434,0.7322,0.73256,1.00,1.87
2015.04.17 12:55:05.785,0.7322,0.73255,1.00,1.50
2015.04.17 12:55:05.885,0.73222,0.73256,1.00,1.87
2015.04.17 12:55:05.986,0.73222,0.73256,1.00,1.87
2015.04.17 12:55:06.047,0.73219,0.73256,1.00,2.62
2015.04.17 12:55:06.638,0.73221,0.73253,1.00,1.12
2015.04.17 12:55:07.189,0.73222,0.73253,1.00,1.00
2015.04.17 12:55:07.789,0.73222,0.73255,1.00,1.37
2015.04.17 12:55:08.514,0.73222,0.73255,1.00,1.12
2015.04.17 12:55:08.614,0.73225,0.73258,1.00,1.37
2015.04.17 12:55:09.117,0.73227,0.73258,1.00,1.37
2015.04.17 12:55:09.295,0.73227,0.73258,1.00,1.00
2015.04.17 12:55:09.396,0.73228,0.7326,1.00,1.00
2015.04.17 12:55:09.998,0.73229,0.7326,1.00,1.00
2015.04.17 12:55:10.350,0.73227,0.7326,1.00,1.50
2015.04.17 12:55:10.649,0.73227,0.73262,1.00,1.00
2015.04.17 12:55:11.001,0.73224,0.73255,1.00,1.00
2015.04.17 12:55:11.152,0.73222,0.73255,1.00,1.00
2015.04.17 12:55:11.203,0.73222,0.73253,1.00,1.00
2015.04.17 12:55:11.253,0.73218,0.73253,1.00,1.50
2015.04.17 12:55:11.555,0.73215,0.73249,1.00,1.00
2015.04.17 12:55:12.249,0.73213,0.73249,1.00,1.00
2015.04.17 12:55:12.300,0.73213,0.73247,1.00,1.00
2015.04.17 12:55:12.400,0.73214,0.7325,1.00,1.00
2015.04.17 12:55:12.451,0.73217,0.73251,1.00,1.00
2015.04.17 12:55:12.556,0.73219,0.73254,1.00,1.00
2015.04.17 12:55:13.063,0.73221,0.73254,1.00,1.00
2015.04.17 12:55:13.796,0.73221,0.73254,1.00,1.37
2015.04.17 12:55:14.108,0.73217,0.73253,1.00,1.37
2015.04.17 12:55:14.310,0.73224,0.73254,1.00,1.00
2015.04.17 12:55:14.410,0.7322,0.73255,1.00,1.00
2015.04.17 12:55:14.612,0.7322,0.73253,1.00,1.00
2015.04.17 12:55:14.662,0.73218,0.73253,1.00,1.00
2015.04.17 12:55:15.278,0.73218,0.73252,1.00,1.00
2015.04.17 12:55:15.748,0.73218,0.73251,1.00,1.37
2015.04.17 12:55:16.284,0.73219,0.73253,1.00,1.87
2015.04.17 12:55:16.334,0.73219,0.73253,1.00,1.50
2015.04.17 12:55:16.497,0.73217,0.73253,1.00,1.50
2015.04.17 12:55:16.607,0.73219,0.73253,1.00,1.37
2015.04.17 12:55:16.937,0.73219,0.73253,1.00,1.37
2015.04.17 12:55:17.467,0.73219,0.73253,1.00,1.37
2015.04.17 12:55:17.574,0.73219,0.73253,1.00,1.12
2015.04.17 12:55:18.439,0.73219,0.73253,1.00,1.37
2015.04.17 12:55:19.289,0.73217,0.73253,1.00,1.87
2015.04.17 12:55:19.814,0.73217,0.73253,1.00,1.87
2015.04.17 12:55:19.864,0.73217,0.73253,1.00,1.87
2015.04.17 12:55:20.383,0.73218,0.73253,1.00,1.12
2015.04.17 12:55:20.647,0.73218,0.73253,1.00,1.37
2015.04.17 12:55:21.543,0.73218,0.73253,1.00,1.00
2015.04.17 12:55:21.694,0.73218,0.73253,1.00,1.37
2015.04.17 12:55:21.744,0.73218,0.73253,1.00,1.87
2015.04.17 12:55:22.046,0.73219,0.73253,1.00,2.25
2015.04.17 12:55:22.147,0.7322,0.73253,1.00,1.50
2015.04.17 12:55:22.247,0.73217,0.73253,1.00,1.00
2015.04.17 12:55:22.298,0.7322,0.73254,1.00,1.12
2015.04.17 12:55:23.941,0.7322,0.73254,1.12,1.37
2015.04.17 12:55:24.443,0.7322,0.73254,1.00,1.00
2015.04.17 12:55:25.077,0.7322,0.73255,1.00,1.37
2015.04.17 12:55:25.447,0.7322,0.73255,1.00,1.00
2015.04.17 12:55:27.766,0.73221,0.73255,1.00,1.12
2015.04.17 12:55:29.777,0.73222,0.73256,1.00,1.00
2015.04.17 12:55:29.877,0.73223,0.73256,1.00,1.50
2015.04.17 12:55:30.179,0.73222,0.73256,1.00,1.50
2015.04.17 12:55:30.229,0.73219,0.7325,1.50,1.00
2015.04.17 12:55:30.431,0.73214,0.73248,1.00,1.50
2015.04.17 12:55:30.829,0.73219,0.73249,1.00,1.00
2015.04.17 12:55:30.880,0.73223,0.73258,1.00,1.00
2015.04.17 12:55:30.980,0.73227,0.7326,1.00,1.00
2015.04.17 12:55:31.081,0.73225,0.7326,1.00,1.00
2015.04.17 12:55:31.131,0.73225,0.73258,1.00,1.00
2015.04.17 12:55:32.118,0.73225,0.73258,1.00,1.50
2015.04.17 12:55:32.169,0.73223,0.73258,1.00,2.25
2015.04.17 12:55:32.389,0.73218,0.73251,1.00,1.37
2015.04.17 12:55:32.716,0.73217,0.73251,1.00,1.12
2015.04.17 12:55:32.924,0.73217,0.73251,1.00,1.37
2015.04.17 12:55:33.488,0.73217,0.73251,1.00,1.12
2015.04.17 12:55:33.799,0.73216,0.73251,1.00,1.87
2015.04.17 12:55:33.950,0.73214,0.73248,1.00,1.87
2015.04.17 12:55:34.537,0.73214,0.73248,1.00,1.87
2015.04.17 12:55:36.581,0.73213,0.73248,1.00,1.00
2015.04.17 12:55:36.682,0.73217,0.73251,1.00,1.00
2015.04.17 12:55:37.034,0.73215,0.73251,1.00,2.25
2015.04.17 12:55:37.235,0.73217,0.73253,1.00,1.50
2015.04.17 12:55:37.585,0.73222,0.73255,1.00,1.00
2015.04.17 12:55:38.277,0.73221,0.73255,1.00,1.00
2015.04.17 12:55:38.896,0.73222,0.73255,1.00,1.00
2015.04.17 12:55:39.416,0.73221,0.73255,1.00,1.00
2015.04.17 12:55:39.741,0.73221,0.73252,1.00,1.00
2015.04.17 12:55:40.170,0.73221,0.73254,1.00,1.50
2015.04.17 12:55:40.468,0.73218,0.73254,1.00,1.50
2015.04.17 12:55:40.518,0.73218,0.7325,1.00,1.00
2015.04.17 12:55:40.857,0.73214,0.73247,1.00,1.00
2015.04.17 12:55:41.669,0.73214,0.73247,1.00,1.37
2015.04.17 12:55:41.770,0.73214,0.7325,1.00,2.25
2015.04.17 12:55:41.871,0.73215,0.7325,1.12,1.37
2015.04.17 12:55:42.087,0.73218,0.73251,1.00,1.37
2015.04.17 12:55:42.188,0.73214,0.73248,1.37,1.00
2015.04.17 12:55:42.289,0.73217,0.73248,1.00,1.00
2015.04.17 12:55:42.599,0.73213,0.73246,1.00,1.00
2015.04.17 12:55:43.118,0.73215,0.73245,1.00,1.00
2015.04.17 12:55:43.219,0.73215,0.73247,1.50,1.00
2015.04.17 12:55:43.319,0.73217,0.7325,1.00,1.50
2015.04.17 12:55:44.178,0.73217,0.7325,1.00,1.37
2015.04.17 12:55:46.620,0.73216,0.7325,1.00,1.37
2015.04.17 12:55:48.631,0.73216,0.7325,1.37,1.00
2015.04.17 12:55:48.682,0.73218,0.73252,1.37,1.00
2015.04.17 12:55:48.782,0.73222,0.73255,1.00,1.00
2015.04.17 12:55:49.089,0.73224,0.73257,1.00,1.37
2015.04.17 12:55:49.634,0.73224,0.73257,1.00,1.00
2015.04.17 12:55:49.685,0.73225,0.7326,1.00,1.37
2015.04.17 12:55:50.387,0.73225,0.7326,1.00,1.87
2015.04.17 12:55:51.318,0.73225,0.7326,1.00,1.87
2015.04.17 12:55:51.419,0.73226,0.73262,1.00,2.25
2015.04.17 12:55:51.519,0.73226,0.73261,1.00,1.00
2015.04.17 12:55:51.570,0.73228,0.73261,1.00,1.50
2015.04.17 12:55:51.771,0.73228,0.73263,1.00,1.00
2015.04.17 12:55:51.978,0.7323,0.73264,1.00,1.00
2015.04.17 12:55:52.958,0.73229,0.73264,1.00,1.50
2015.04.17 12:55:53.295,0.73223,0.73258,1.00,1.87
2015.04.17 12:55:53.597,0.73221,0.73256,1.00,1.87
2015.04.17 12:55:53.647,0.73219,0.73255,1.00,1.37
2015.04.17 12:55:53.698,0.73219,0.73255,1.00,1.37
2015.04.17 12:55:53.976,0.73218,0.73254,1.50,1.00
2015.04.17 12:55:54.759,0.73218,0.73254,1.50,1.75
2015.04.17 12:55:56.114,0.73217,0.73253,1.00,2.25
2015.04.17 12:55:56.657,0.73218,0.73252,1.00,1.50
2015.04.17 12:55:57.037,0.73215,0.73251,1.00,1.75
2015.04.17 12:55:57.146,0.73214,0.7325,1.00,1.37
2015.04.17 12:55:57.247,0.73214,0.7325,1.00,1.50
2015.04.17 12:55:59.619,0.73214,0.7325,1.12,1.37
2015.04.17 12:55:59.720,0.73215,0.73251,1.50,1.50
2015.04.17 12:55:59.820,0.73221,0.73256,1.00,1.37
2015.04.17 12:55:59.921,0.73221,0.73257,1.12,1.37
2015.04.17 12:55:59.972,0.73223,0.73257,1.00,1.37
2015.04.17 12:56:00.315,0.73225,0.73258,1.00,1.37
2015.04.17 12:56:00.366,0.73222,0.73257,1.00,1.37
2015.04.17 12:56:01.166,0.73222,0.73257,1.00,1.37
2015.04.17 12:56:01.327,0.73221,0.73256,1.00,1.37
2015.04.17 12:56:02.126,0.73221,0.73256,1.00,1.00
2015.04.17 12:56:02.679,0.73222,0.73257,1.00,1.00
2015.04.17 12:56:02.830,0.73223,0.73259,1.00,1.12
2015.04.17 12:56:03.040,0.73223,0.73259,1.00,1.37
2015.04.17 12:56:03.382,0.73224,0.73254,1.00,1.00
2015.04.17 12:56:03.432,0.7322,0.73254,1.00,1.00
2015.04.17 12:56:03.533,0.73218,0.73251,1.00,1.00
2015.04.17 12:56:03.639,0.73216,0.73251,1.00,1.00
2015.04.17 12:56:03.739,0.73219,0.73253,1.00,1.00
2015.04.17 12:56:04.255,0.7322,0.73254,1.00,1.00
2015.04.17 12:56:04.767,0.7322,0.73255,1.00,1.00
2015.04.17 12:56:05.177,0.73218,0.73253,1.00,1.00
2015.04.17 12:56:05.507,0.7323,0.73265,1.00,1.00
2015.04.17 12:56:05.758,0.73233,0.73269,1.00,1.00
2015.04.17 12:56:05.859,0.7323,0.73266,1.00,1.00
2015.04.17 12:56:06.175,0.73228,0.73264,1.00,1.00
2015.04.17 12:56:06.477,0.73224,0.73257,1.00,1.00
2015.04.17 12:56:06.710,0.73227,0.73263,1.00,1.00
2015.04.17 12:56:07.046,0.73224,0.73259,1.00,1.00
2015.04.17 12:56:07.484,0.73226,0.73261,1.00,1.00
2015.04.17 12:56:07.999,0.73225,0.7326,1.00,1.50
2015.04.17 12:56:08.517,0.73226,0.7326,1.00,1.00
2015.04.17 12:56:08.618,0.73224,0.73259,1.00,1.50
2015.04.17 12:56:08.668,0.73224,0.73257,1.00,1.00
2015.04.17 12:56:08.718,0.73221,0.73257,1.00,1.50
2015.04.17 12:56:08.955,0.7322,0.73255,1.00,1.00
2015.04.17 12:56:10.015,0.73219,0.73254,1.00,1.00
2015.04.17 12:56:10.405,0.73221,0.73254,1.00,1.00
2015.04.17 12:56:10.635,0.73221,0.73256,1.00,1.00
2015.04.17 12:56:10.788,0.73223,0.73257,1.00,1.00
2015.04.17 12:56:11.668,0.73222,0.73257,1.00,1.00
2015.04.17 12:56:11.988,0.7322,0.73255,1.50,1.00
2015.04.17 12:56:12.290,0.73223,0.73257,1.00,1.00
2015.04.17 12:56:12.441,0.73221,0.73256,1.00,1.00
2015.04.17 12:56:12.574,0.73221,0.73254,1.00,1.00
2015.04.17 12:56:12.775,0.73221,0.73257,1.00,1.00
2015.04.17 12:56:12.876,0.73224,0.73259,1.00,1.00
2015.04.17 12:56:13.207,0.73223,0.73257,1.00,1.00
2015.04.17 12:56:13.308,0.73221,0.73257,1.00,1.00
2015.04.17 12:56:13.598,0.73224,0.73257,1.00,1.00
2015.04.17 12:56:13.648,0.73226,0.73261,1.00,1.00
2015.04.17 12:56:13.749,0.73235,0.73269,1.00,1.00
2015.04.17 12:56:14.084,0.73237,0.73273,1.00,1.00
2015.04.17 12:56:14.299,0.73235,0.73271,1.00,1.00
2015.04.17 12:56:14.633,0.73232,0.73268,1.00,1.00
2015.04.17 12:56:14.967,0.73227,0.73263,1.00,1.50
2015.04.17 12:56:15.275,0.73226,0.73261,1.00,1.00
2015.04.17 12:56:15.577,0.73229,0.73263,1.00,1.00
2015.04.17 12:56:16.035,0.73229,0.73265,1.00,1.50
2015.04.17 12:56:16.085,0.73232,0.73265,1.00,1.00
2015.04.17 12:56:17.047,0.73231,0.73265,1.00,1.00
2015.04.17 12:56:17.348,0.73228,0.73262,1.00,1.50
2015.04.17 12:56:18.378,0.73227,0.73261,1.00,1.37
2015.04.17 12:56:18.487,0.73228,0.73264,1.00,1.37
2015.04.17 12:56:18.598,0.73231,0.73265,1.00,1.37
2015.04.17 12:56:18.853,0.73231,0.73266,1.00,1.00
2015.04.17 12:56:18.904,0.73231,0.73266,1.00,1.37
2015.04.17 12:56:19.917,0.7323,0.73266,1.00,1.87
2015.04.17 12:56:20.288,0.73228,0.73264,1.00,1.50
2015.04.17 12:56:20.365,0.73228,0.73264,1.00,1.87
2015.04.17 12:56:20.873,0.73229,0.73262,1.00,1.00
2015.04.17 12:56:21.407,0.73228,0.73264,1.00,1.37
2015.04.17 12:56:22.066,0.73228,0.73264,1.00,1.12
2015.04.17 12:56:22.570,0.73228,0.73263,1.00,1.12
2015.04.17 12:56:22.919,0.73231,0.73267,1.00,1.87
2015.04.17 12:56:22.970,0.73233,0.73267,1.37,1.00
2015.04.17 12:56:23.121,0.73241,0.73276,1.00,1.50
2015.04.17 12:56:23.326,0.73244,0.73277,1.00,1.87
2015.04.17 12:56:23.427,0.73242,0.73277,1.00,1.87
2015.04.17 12:56:23.877,0.7324,0.73274,1.00,1.00
2015.04.17 12:56:24.097,0.73237,0.73273,1.00,1.50
2015.04.17 12:56:24.284,0.73237,0.73271,1.00,1.00
2015.04.17 12:56:25.528,0.73236,0.73271,1.00,1.00
2015.04.17 12:56:25.848,0.73235,0.73267,1.00,1.00
2015.04.17 12:56:26.049,0.73232,0.73268,1.00,1.87
2015.04.17 12:56:26.099,0.73236,0.73268,1.00,1.12
2015.04.17 12:56:26.200,0.73234,0.73269,1.00,1.12
2015.04.17 12:56:26.300,0.73236,0.7327,1.00,1.00
2015.04.17 12:56:26.627,0.73245,0.73279,1.00,1.50
2015.04.17 12:56:26.935,0.73241,0.73273,1.00,1.00
2015.04.17 12:56:26.985,0.73238,0.73272,1.00,1.00
2015.04.17 12:56:27.035,0.73238,0.7327,1.00,1.00
2015.04.17 12:56:27.737,0.7324,0.73274,1.00,1.00
2015.04.17 12:56:27.838,0.73238,0.73274,1.00,1.50
2015.04.17 12:56:28.117,0.73238,0.7327,1.00,1.00
2015.04.17 12:56:28.339,0.73238,0.73274,1.00,1.00
2015.04.17 12:56:28.444,0.73238,0.73271,1.00,1.00
2015.04.17 12:56:28.920,0.73238,0.73274,1.00,1.37
2015.04.17 12:56:28.971,0.73236,0.73271,1.00,1.00
2015.04.17 12:56:29.286,0.73238,0.73271,1.00,1.87
2015.04.17 12:56:29.987,0.73238,0.73273,1.00,1.87
2015.04.17 12:56:30.345,0.73238,0.73271,1.00,1.00
2015.04.17 12:56:30.647,0.73238,0.73273,1.00,1.50
2015.04.17 12:56:30.698,0.73235,0.7327,1.50,1.00
2015.04.17 12:56:31.247,0.73235,0.73268,1.00,1.00
2015.04.17 12:56:31.685,0.73232,0.73268,1.00,1.00
2015.04.17 12:56:32.187,0.73232,0.73267,1.00,1.00
2015.04.17 12:56:32.237,0.73232,0.73265,1.00,1.00
2015.04.17 12:56:32.652,0.73231,0.73267,1.00,1.00
2015.04.17 12:56:32.703,0.73233,0.73269,1.00,1.50
2015.04.17 12:56:33.227,0.73233,0.73268,1.00,1.00
2015.04.17 12:56:33.565,0.73235,0.73268,1.00,1.00
2015.04.17 12:56:33.666,0.73237,0.73272,1.00,1.50
2015.04.17 12:56:33.968,0.73236,0.7327,1.00,1.00
2015.04.17 12:56:34.332,0.73236,0.73272,1.00,1.00
2015.04.17 12:56:34.437,0.7324,0.73273,1.00,1.50
2015.04.17 12:56:34.910,0.73238,0.73272,1.00,1.00
2015.04.17 12:56:35.208,0.7324,0.73273,1.00,1.00
2015.04.17 12:56:35.309,0.73238,0.73273,1.00,1.50
2015.04.17 12:56:35.410,0.73238,0.73271,1.00,1.00
2015.04.17 12:56:35.460,0.73235,0.7327,1.00,1.00
2015.04.17 12:56:35.527,0.73238,0.73271,1.00,1.50
2015.04.17 12:56:36.085,0.73239,0.73273,1.00,1.00
2015.04.17 12:56:36.557,0.73237,0.7327,1.00,1.00
2015.04.17 12:56:37.176,0.73236,0.73269,1.00,1.00
2015.04.17 12:56:38.182,0.73236,0.73271,1.00,1.12
2015.04.17 12:56:38.884,0.73236,0.73272,1.00,1.00
2015.04.17 12:56:38.984,0.73239,0.73272,1.00,1.00
2015.04.17 12:56:39.035,0.73239,0.73275,1.00,1.87
2015.04.17 12:56:39.150,0.73241,0.73276,1.00,1.37
2015.04.17 12:56:39.666,0.73241,0.73276,1.00,1.00
2015.04.17 12:56:40.313,0.73241,0.73278,1.00,1.12
2015.04.17 12:56:40.807,0.73239,0.73276,1.00,1.00
2015.04.17 12:56:41.108,0.73241,0.73279,1.00,1.87
2015.04.17 12:56:41.484,0.7324,0.73275,1.00,1.37
2015.04.17 12:56:41.619,0.7324,0.73275,1.00,1.37
2015.04.17 12:56:41.725,0.7324,0.73275,1.00,1.37
2015.04.17 12:56:42.417,0.73239,0.73277,1.50,1.50
2015.04.17 12:56:42.957,0.73238,0.73276,1.00,2.62
2015.04.17 12:56:43.297,0.73241,0.73276,1.00,1.87
2015.04.17 12:56:43.347,0.73238,0.73274,1.00,1.37
2015.04.17 12:56:43.448,0.73235,0.73272,1.12,1.00
2015.04.17 12:56:43.598,0.73238,0.73272,1.00,1.00
2015.04.17 12:56:44.341,0.73238,0.73272,1.00,1.37
2015.04.17 12:56:44.447,0.73238,0.73274,1.00,1.12
2015.04.17 12:56:44.548,0.7324,0.73274,1.00,1.12
2015.04.17 12:56:45.350,0.73238,0.73274,1.00,1.37
2015.04.17 12:56:45.536,0.73238,0.73274,1.00,1.12
2015.04.17 12:56:46.037,0.73238,0.73274,1.00,1.37
2015.04.17 12:56:46.339,0.73238,0.73273,1.00,1.00
2015.04.17 12:56:46.440,0.7324,0.73276,1.00,1.00
2015.04.17 12:56:46.490,0.7324,0.73266,1.00,1.00
2015.04.17 12:56:46.641,0.73239,0.73271,1.00,1.00
2015.04.17 12:56:46.792,0.73237,0.73271,1.00,1.00
2015.04.17 12:56:46.893,0.73241,0.73271,1.00,1.00
2015.04.17 12:56:46.993,0.73239,0.73274,1.00,1.00
2015.04.17 12:56:47.055,0.73239,0.73276,1.00,1.00
2015.04.17 12:56:47.106,0.73242,0.73276,1.00,1.00
2015.04.17 12:56:47.615,0.73241,0.73275,1.00,1.00
2015.04.17 12:56:48.147,0.73242,0.73275,1.00,1.00
2015.04.17 12:56:48.197,0.73245,0.7328,1.00,1.50
2015.04.17 12:56:50.295,0.73243,0.7328,1.00,1.12
2015.04.17 12:56:50.631,0.73246,0.73281,1.00,1.00
2015.04.17 12:56:51.176,0.73248,0.73281,1.00,1.00
2015.04.17 12:56:51.713,0.73247,0.73281,1.00,1.50
2015.04.17 12:56:52.439,0.73248,0.73281,1.00,1.50
2015.04.17 12:56:52.490,0.73246,0.73281,1.00,1.87
2015.04.17 12:56:52.556,0.73246,0.73276,1.00,1.00
2015.04.17 12:56:52.607,0.73243,0.73276,1.00,1.00
2015.04.17 12:56:52.808,0.73241,0.73276,1.00,1.00
2015.04.17 12:56:53.031,0.73239,0.73275,1.00,2.25
2015.04.17 12:56:53.081,0.73239,0.73275,1.00,2.62
2015.04.17 12:56:53.132,0.73236,0.73272,1.00,1.37
2015.04.17 12:56:53.283,0.73233,0.73271,1.00,1.87
2015.04.17 12:56:53.804,0.73232,0.7327,1.00,1.37
2015.04.17 12:56:54.228,0.73235,0.7327,1.00,1.00
2015.04.17 12:56:54.536,0.73237,0.73272,1.00,1.50
2015.04.17 12:56:54.858,0.73242,0.73276,1.00,1.00
2015.04.17 12:56:54.909,0.73243,0.73278,1.00,1.00
2015.04.17 12:56:55.524,0.73242,0.73277,1.00,1.00
2015.04.17 12:56:55.574,0.73244,0.73279,1.00,1.50
2015.04.17 12:56:55.876,0.7324,0.73275,1.00,1.00
2015.04.17 12:56:56.468,0.73241,0.73275,1.00,1.00
2015.04.17 12:56:56.805,0.73243,0.73276,1.00,1.00
2015.04.17 12:56:57.474,0.73243,0.73275,1.00,1.00
2015.04.17 12:56:57.975,0.73243,0.73276,1.00,1.50
2015.04.17 12:56:58.215,0.73234,0.73268,1.00,1.12
2015.04.17 12:56:58.326,0.73232,0.73266,1.00,1.12
2015.04.17 12:56:58.537,0.73229,0.73264,1.00,1.00
2015.04.17 12:56:58.738,0.73232,0.73265,1.00,1.00
2015.04.17 12:56:58.890,0.7323,0.73265,1.50,1.00
2015.04.17 12:56:58.990,0.73234,0.73269,1.00,1.50
2015.04.17 12:56:59.373,0.73236,0.73271,1.50,1.00
2015.04.17 12:56:59.769,0.73236,0.73269,1.00,1.00
2015.04.17 12:57:00.093,0.73233,0.73266,1.00,1.00
2015.04.17 12:57:00.194,0.73231,0.73266,1.50,1.00
2015.04.17 12:57:00.697,0.73232,0.73268,1.00,1.00
2015.04.17 12:57:00.747,0.73235,0.73268,1.00,1.00
2015.04.17 12:57:00.958,0.73233,0.73267,1.00,1.00
2015.04.17 12:57:01.058,0.73232,0.73262,1.00,1.00
2015.04.17 12:57:01.159,0.73232,0.73265,1.00,1.00
2015.04.17 12:57:01.310,0.73234,0.73265,1.00,1.00
2015.04.17 12:57:01.360,0.73234,0.73267,1.00,1.00
2015.04.17 12:57:01.515,0.73229,0.73261,1.00,1.00
2015.04.17 12:57:01.627,0.73227,0.73261,1.00,1.00
2015.04.17 12:57:02.060,0.73225,0.73259,1.00,1.00
2015.04.17 12:57:02.161,0.73227,0.73262,1.00,1.00
2015.04.17 12:57:02.413,0.7323,0.73265,1.00,1.00
2015.04.17 12:57:02.724,0.73229,0.73263,1.00,1.00
2015.04.17 12:57:02.815,0.73231,0.73267,1.00,1.50
2015.04.17 12:57:02.917,0.73229,0.73266,1.50,1.50
2015.04.17 12:57:03.055,0.73235,0.73269,1.00,1.50
2015.04.17 12:57:04.467,0.73231,0.73267,1.50,1.00
2015.04.17 12:57:04.668,0.73231,0.73267,1.00,1.37
2015.04.17 12:57:05.571,0.73228,0.73262,1.00,1.00
2015.04.17 12:57:06.023,0.73232,0.73264,1.00,1.00
2015.04.17 12:57:06.574,0.73228,0.73263,1.00,1.00
2015.04.17 12:57:06.781,0.7323,0.73264,1.00,1.00
2015.04.17 12:57:07.227,0.73232,0.73267,1.00,1.00
2015.04.17 12:57:07.755,0.73231,0.73266,1.00,1.00
2015.04.17 12:57:08.116,0.73233,0.73268,1.00,1.00
2015.04.17 12:57:08.985,0.73232,0.73265,1.00,1.00
2015.04.17 12:57:09.106,0.73233,0.73267,1.00,1.00
2015.04.17 12:57:10.865,0.73231,0.73267,1.00,1.00
2015.04.17 12:57:11.304,0.73233,0.73267,1.00,1.00
2015.04.17 12:57:12.816,0.73232,0.73265,1.00,1.00
2015.04.17 12:57:13.614,0.73232,0.73265,1.00,1.37
2015.04.17 12:57:13.812,0.7323,0.73264,1.00,1.37
2015.04.17 12:57:14.347,0.73235,0.73264,1.00,1.00
2015.04.17 12:57:14.398,0.73235,0.73269,1.00,1.00
2015.04.17 12:57:14.498,0.73239,0.73272,1.00,1.00
2015.04.17 12:57:14.599,0.73237,0.73271,1.00,1.00
2015.04.17 12:57:14.700,0.73234,0.7327,1.50,1.00
2015.04.17 12:57:15.325,0.73234,0.73269,1.00,1.00
2015.04.17 12:57:15.875,0.73234,0.73269,1.00,1.37
2015.04.17 12:57:16.417,0.73233,0.73269,1.00,1.50
2015.04.17 12:57:16.635,0.73235,0.73269,1.00,1.00
2015.04.17 12:57:16.954,0.73238,0.73269,1.00,1.00
2015.04.17 12:57:17.005,0.73238,0.73272,1.00,1.00
2015.04.17 12:57:17.828,0.73238,0.73272,1.00,1.75
2015.04.17 12:57:17.878,0.73234,0.7326,1.00,1.12
2015.04.17 12:57:18.029,0.73224,0.73259,1.00,1.50
2015.04.17 12:57:18.531,0.73229,0.7326,1.00,1.00
2015.04.17 12:57:18.632,0.73236,0.73269,1.00,1.00
2015.04.17 12:57:18.979,0.73239,0.7327,1.00,1.00
2015.04.17 12:57:19.393,0.73239,0.73272,1.00,1.00
2015.04.17 12:57:19.835,0.73239,0.73274,1.00,1.50
2015.04.17 12:57:20.114,0.7324,0.73274,1.00,1.37
2015.04.17 12:57:20.327,0.73237,0.7327,1.00,1.00
2015.04.17 12:57:20.385,0.73237,0.73272,1.00,1.12
2015.04.17 12:57:20.666,0.73239,0.73273,1.00,1.00
2015.04.17 12:57:21.218,0.73239,0.73274,1.00,1.12
2015.04.17 12:57:21.543,0.73237,0.73271,1.00,1.00
2015.04.17 12:57:21.921,0.73239,0.73271,1.00,1.00
2015.04.17 12:57:21.971,0.7324,0.73274,1.00,1.00
2015.04.17 12:57:24.182,0.73241,0.73274,1.00,1.00
2015.04.17 12:57:24.770,0.73242,0.73274,1.00,1.00
2015.04.17 12:57:25.041,0.73242,0.73277,1.00,1.00
2015.04.17 12:57:25.393,0.73244,0.73279,1.00,1.50
2015.04.17 12:57:26.533,0.73244,0.73279,1.00,1.87
2015.04.17 12:57:26.883,0.73244,0.73279,1.00,2.25
2015.04.17 12:57:27.804,0.73243,0.73278,1.00,1.37
2015.04.17 12:57:27.854,0.73243,0.73278,1.00,1.37
2015.04.17 12:57:27.955,0.73244,0.73279,1.00,1.87
2015.04.17 12:57:28.216,0.73246,0.73282,1.00,1.87
2015.04.17 12:57:28.866,0.73247,0.73283,1.00,1.00
2015.04.17 12:57:29.465,0.73248,0.73284,1.00,1.12
2015.04.17 12:57:29.748,0.73248,0.73284,1.00,1.37
2015.04.17 12:57:30.963,0.7325,0.73285,1.00,1.37
2015.04.17 12:57:31.252,0.7325,0.73285,1.00,1.37
2015.04.17 12:57:32.104,0.73249,0.73285,1.00,1.87
2015.04.17 12:57:32.256,0.73249,0.73285,1.00,2.25
2015.04.17 12:57:34.820,0.7325,0.73285,1.00,1.50
2015.04.17 12:57:34.879,0.7325,0.73285,1.00,1.12
2015.04.17 12:57:35.089,0.7325,0.73286,1.00,1.87
2015.04.17 12:57:36.583,0.7325,0.73286,1.00,1.87
2015.04.17 12:57:37.685,0.7325,0.73286,1.00,1.87
2015.04.17 12:57:38.583,0.7325,0.73283,1.00,1.00
2015.04.17 12:57:38.633,0.7325,0.73283,1.00,1.37
2015.04.17 12:57:38.684,0.73247,0.73281,1.12,1.12
2015.04.17 12:57:38.734,0.73247,0.73281,1.00,1.37
2015.04.17 12:57:39.089,0.7325,0.73282,1.00,1.37
2015.04.17 12:57:39.341,0.73245,0.73277,1.00,1.00
2015.04.17 12:57:39.455,0.73242,0.73277,1.00,1.50
2015.04.17 12:57:39.654,0.73244,0.73277,1.00,1.50
2015.04.17 12:57:39.962,0.73244,0.73275,1.00,1.00
2015.04.17 12:57:40.394,0.73244,0.73275,1.00,1.50
2015.04.17 12:57:40.895,0.73244,0.73275,1.00,1.75
2015.04.17 12:57:44.358,0.73244,0.73275,1.00,1.87
2015.04.17 12:57:44.459,0.73244,0.73275,1.00,1.87
2015.04.17 12:57:44.560,0.73242,0.73278,1.00,1.00
2015.04.17 12:57:44.610,0.73244,0.73279,1.00,1.50
2015.04.17 12:57:44.715,0.73241,0.73277,1.00,1.00
2015.04.17 12:57:44.766,0.73241,0.73274,1.00,1.00
2015.04.17 12:57:44.967,0.73236,0.7327,1.00,1.00
2015.04.17 12:57:45.076,0.73239,0.7327,1.00,1.00
2015.04.17 12:57:45.134,0.73239,0.73272,1.00,1.00
2015.04.17 12:57:45.386,0.73248,0.73281,1.00,1.00
2015.04.17 12:57:45.903,0.73249,0.73281,1.00,1.00
2015.04.17 12:57:46.426,0.73249,0.7328,1.00,1.50
2015.04.17 12:57:47.067,0.73248,0.7328,1.00,1.50
2015.04.17 12:57:47.448,0.7325,0.73283,1.00,1.00
2015.04.17 12:57:47.786,0.73249,0.73281,1.00,1.00
2015.04.17 12:57:47.921,0.73249,0.73283,1.00,1.00
2015.04.17 12:57:48.556,0.73249,0.73281,1.00,1.00
2015.04.17 12:57:49.185,0.73249,0.73281,1.00,1.37
2015.04.17 12:57:49.771,0.73248,0.7328,1.00,1.37
2015.04.17 12:57:49.924,0.73245,0.73277,1.00,1.37
2015.04.17 12:57:50.128,0.73243,0.73277,1.00,1.37
2015.04.17 12:57:50.640,0.73244,0.73275,1.00,1.12
2015.04.17 12:57:51.583,0.73244,0.73275,1.00,1.37
2015.04.17 12:57:51.767,0.73242,0.73273,1.00,1.37
2015.04.17 12:57:52.193,0.73244,0.73273,1.00,1.00
2015.04.17 12:57:52.867,0.73239,0.73273,1.12,1.00
2015.04.17 12:57:53.736,0.73239,0.73273,1.37,1.12
2015.04.17 12:57:53.937,0.73238,0.73273,1.12,1.12
2015.04.17 12:57:54.373,0.73241,0.73275,1.00,1.37
2015.04.17 12:57:54.473,0.73241,0.73276,1.00,1.37
2015.04.17 12:57:54.574,0.73241,0.73277,1.37,1.00
2015.04.17 12:57:54.753,0.7324,0.73277,1.37,1.87
2015.04.17 12:57:54.876,0.7324,0.73277,1.00,1.50
2015.04.17 12:57:55.754,0.7324,0.73275,1.00,1.00
2015.04.17 12:57:56.601,0.73239,0.73275,1.00,1.00
2015.04.17 12:57:57.256,0.73239,0.73275,1.00,1.87
2015.04.17 12:57:57.605,0.73236,0.73271,1.37,1.00
2015.04.17 12:57:57.862,0.73236,0.7327,1.12,1.00
2015.04.17 12:57:58.686,0.73236,0.73271,1.00,1.00
2015.04.17 12:57:58.912,0.73236,0.73269,1.00,1.00
2015.04.17 12:57:59.115,0.73234,0.73269,1.12,1.00
2015.04.17 12:58:00.022,0.73234,0.73267,1.00,1.00
2015.04.17 12:58:00.143,0.73232,0.73267,1.50,1.00
2015.04.17 12:58:01.586,0.7323,0.73265,1.00,1.00
2015.04.17 12:58:02.514,0.73232,0.73265,1.00,1.00
2015.04.17 12:58:02.988,0.73233,0.73263,1.00,1.00
2015.04.17 12:58:03.127,0.73233,0.73265,1.00,1.00
2015.04.17 12:58:03.441,0.73231,0.73264,1.00,1.00
2015.04.17 12:58:03.676,0.73228,0.73264,1.00,1.00
2015.04.17 12:58:04.184,0.73228,0.73261,1.00,1.00
2015.04.17 12:58:04.772,0.73227,0.73261,1.00,1.00
2015.04.17 12:58:05.225,0.73224,0.73259,1.00,1.12
2015.04.17 12:58:05.435,0.73223,0.73257,1.00,1.00
2015.04.17 12:58:05.747,0.73222,0.73254,1.00,1.00
2015.04.17 12:58:05.976,0.73225,0.73258,1.00,1.00
2015.04.17 12:58:06.493,0.73225,0.73261,1.00,1.00
2015.04.17 12:58:07.228,0.73225,0.73261,1.37,1.00
2015.04.17 12:58:07.485,0.73225,0.73259,1.00,1.00
2015.04.17 12:58:07.792,0.7323,0.73259,1.00,1.00
2015.04.17 12:58:07.842,0.73229,0.73264,1.00,1.00
2015.04.17 12:58:07.943,0.73226,0.73263,1.50,1.00
2015.04.17 12:58:08.044,0.73236,0.73265,1.00,1.00
2015.04.17 12:58:08.195,0.73232,0.73266,1.00,1.00
2015.04.17 12:58:08.295,0.7323,0.73266,1.00,1.00
2015.04.17 12:58:08.694,0.7323,0.73264,1.00,1.00
2015.04.17 12:58:08.914,0.7323,0.73266,1.00,1.00
2015.04.17 12:58:09.023,0.7323,0.73264,1.00,1.00
2015.04.17 12:58:09.572,0.73229,0.73266,1.00,1.00
2015.04.17 12:58:10.274,0.7323,0.73267,1.00,1.50
2015.04.17 12:58:10.374,0.73236,0.73271,1.00,1.50
2015.04.17 12:58:10.525,0.73232,0.73268,1.00,1.00
2015.04.17 12:58:10.576,0.73228,0.73263,2.25,1.00
2015.04.17 12:58:10.677,0.73231,0.73267,1.00,1.00
2015.04.17 12:58:11.224,0.7323,0.73267,1.00,1.50
2015.04.17 12:58:11.335,0.73228,0.73265,1.00,1.00
2015.04.17 12:58:11.665,0.7323,0.73265,1.00,1.00
2015.04.17 12:58:11.818,0.73228,0.73265,1.50,1.00
2015.04.17 12:58:12.555,0.73229,0.73266,1.00,1.00
2015.04.17 12:58:13.082,0.73229,0.73266,1.37,1.00
2015.04.17 12:58:13.684,0.73229,0.73266,1.12,1.00
2015.04.17 12:58:15.389,0.73229,0.73266,1.37,1.00
2015.04.17 12:58:15.490,0.73231,0.73268,1.00,1.50
2015.04.17 12:58:16.103,0.73231,0.73268,1.87,1.00
2015.04.17 12:58:16.216,0.73233,0.7327,1.50,1.50
2015.04.17 12:58:16.317,0.7323,0.73266,1.37,1.00
2015.04.17 12:58:16.746,0.73233,0.73267,1.37,1.00
2015.04.17 12:58:16.847,0.73233,0.73271,1.50,1.50
2015.04.17 12:58:16.947,0.73229,0.73266,1.00,1.00
2015.04.17 12:58:17.248,0.73227,0.73264,1.50,1.00
2015.04.17 12:58:17.874,0.73229,0.73266,1.00,1.00
2015.04.17 12:58:18.413,0.73229,0.73266,1.37,1.00
2015.04.17 12:58:18.854,0.7323,0.73264,1.00,1.00
2015.04.17 12:58:19.822,0.7323,0.73263,1.00,1.00
2015.04.17 12:58:20.361,0.7323,0.73266,1.00,1.00
2015.04.17 12:58:20.579,0.7323,0.73264,1.12,1.00
2015.04.17 12:58:20.730,0.73228,0.73264,1.00,1.00
2015.04.17 12:58:20.931,0.73227,0.73262,1.00,1.00
2015.04.17 12:58:21.165,0.73227,0.73264,1.00,1.50
2015.04.17 12:58:21.942,0.73229,0.73266,1.00,1.00
2015.04.17 12:58:22.484,0.7323,0.73267,1.00,1.50
2015.04.17 12:58:23.299,0.7323,0.73267,1.37,1.50
2015.04.17 12:58:23.600,0.73233,0.73268,1.87,1.00
2015.04.17 12:58:23.763,0.73234,0.7327,1.12,1.00
2015.04.17 12:58:23.914,0.73237,0.73271,1.00,1.00
2015.04.17 12:58:24.093,0.73239,0.73274,1.12,1.00
2015.04.17 12:58:24.143,0.73239,0.73271,1.12,1.00
2015.04.17 12:58:24.544,0.73239,0.73274,1.12,1.00
2015.04.17 12:58:24.645,0.73237,0.73271,1.00,1.00
2015.04.17 12:58:24.998,0.73234,0.73269,1.00,1.00
2015.04.17 12:58:25.249,0.73233,0.73265,1.00,1.00
2015.04.17 12:58:25.350,0.73233,0.73269,1.00,1.00
2015.04.17 12:58:25.551,0.73232,0.73267,1.00,1.00
2015.04.17 12:58:25.901,0.73238,0.7327,1.00,1.00
2015.04.17 12:58:26.502,0.73238,0.73271,1.00,1.00
2015.04.17 12:58:27.011,0.73238,0.7327,1.37,1.00
2015.04.17 12:58:27.295,0.73238,0.73273,1.37,1.00
2015.04.17 12:58:27.792,0.73238,0.73273,1.75,1.00
2015.04.17 12:58:27.843,0.73239,0.73275,1.50,1.00
2015.04.17 12:58:28.384,0.73242,0.73277,1.37,1.00
2015.04.17 12:58:28.594,0.73242,0.73276,1.00,1.00
2015.04.17 12:58:28.695,0.73242,0.73275,1.37,1.00
2015.04.17 12:58:28.873,0.73242,0.73279,1.37,1.50
2015.04.17 12:58:28.990,0.73242,0.73276,1.37,1.00
2015.04.17 12:58:29.054,0.73242,0.73279,1.37,1.50
2015.04.17 12:58:29.705,0.73241,0.73276,1.37,1.00
2015.04.17 12:58:30.085,0.73239,0.73276,1.87,1.50
2015.04.17 12:58:30.144,0.73239,0.73274,1.12,1.00
2015.04.17 12:58:30.498,0.73239,0.73272,1.12,1.00
2015.04.17 12:58:31.249,0.73237,0.73272,2.62,1.00
2015.04.17 12:58:32.056,0.73237,0.73272,3.00,1.00
2015.04.17 12:58:32.658,0.73237,0.73272,2.62,1.00
2015.04.17 12:58:33.963,0.73237,0.73272,1.87,1.00
2015.04.17 12:58:34.275,0.73237,0.73272,1.50,1.37
2015.04.17 12:58:35.192,0.73236,0.73269,1.00,1.00
2015.04.17 12:58:36.121,0.73234,0.73265,1.00,1.00
2015.04.17 12:58:36.454,0.7323,0.73267,1.37,1.37
2015.04.17 12:58:36.554,0.7323,0.73263,1.00,1.00
2015.04.17 12:58:36.756,0.73237,0.73271,1.00,1.00
2015.04.17 12:58:37.294,0.73237,0.73272,1.50,1.00
2015.04.17 12:58:37.794,0.73237,0.73272,1.87,1.00
2015.04.17 12:58:38.630,0.7324,0.73274,1.12,1.00
2015.04.17 12:58:40.484,0.73238,0.73274,1.50,1.00
2015.04.17 12:58:40.886,0.73242,0.73274,1.37,1.00
2015.04.17 12:58:41.363,0.73242,0.73277,1.37,1.00
2015.04.17 12:58:41.413,0.73242,0.73277,1.37,1.00
2015.04.17 12:58:41.614,0.73241,0.73276,1.37,1.00
2015.04.17 12:58:41.689,0.73241,0.73276,1.12,1.12
2015.04.17 12:58:41.739,0.73241,0.73271,1.12,1.00
2015.04.17 12:58:42.041,0.73238,0.73269,1.37,1.00
2015.04.17 12:58:42.091,0.73238,0.73269,1.00,1.00
2015.04.17 12:58:42.512,0.73235,0.73269,1.50,1.00
2015.04.17 12:58:43.093,0.73237,0.7327,1.37,1.00
2015.04.17 12:58:43.444,0.73237,0.73271,1.37,1.00
2015.04.17 12:58:43.694,0.73237,0.73273,1.37,1.00
2015.04.17 12:58:43.797,0.73237,0.73273,1.37,1.00
2015.04.17 12:58:44.163,0.73237,0.7327,1.37,1.00
2015.04.17 12:58:45.015,0.73237,0.73271,1.37,1.00
2015.04.17 12:58:45.502,0.73241,0.73266,1.00,1.00
2015.04.17 12:58:45.553,0.73239,0.73266,1.00,1.00
2015.04.17 12:58:45.653,0.73239,0.73275,1.37,1.50
2015.04.17 12:58:45.985,0.7324,0.73277,1.50,1.00
2015.04.17 12:58:46.203,0.73242,0.73277,1.00,1.00
2015.04.17 12:58:46.330,0.73243,0.73279,1.00,1.00
2015.04.17 12:58:46.906,0.73245,0.73278,1.37,1.00
2015.04.17 12:58:47.084,0.73245,0.7328,1.87,1.00
2015.04.17 12:58:47.184,0.73245,0.7328,2.25,1.00
2015.04.17 12:58:47.526,0.73248,0.73282,1.37,1.00
2015.04.17 12:58:48.055,0.73248,0.73282,1.37,1.00
2015.04.17 12:58:48.156,0.73246,0.73283,1.50,1.50
2015.04.17 12:58:48.457,0.73246,0.73281,2.25,1.00
2015.04.17 12:58:48.513,0.73247,0.73284,1.50,1.00
2015.04.17 12:58:48.966,0.73249,0.73282,1.37,1.00
2015.04.17 12:58:49.134,0.73249,0.73282,1.00,1.00
2015.04.17 12:58:49.393,0.73249,0.73284,1.00,1.00
2015.04.17 12:58:49.774,0.73247,0.73284,1.50,1.00
2015.04.17 12:58:49.828,0.73247,0.73284,1.87,1.00
2015.04.17 12:58:50.735,0.73247,0.73283,1.37,1.00
2015.04.17 12:58:52.408,0.73246,0.73281,1.50,1.00
2015.04.17 12:58:52.458,0.73246,0.73281,1.37,1.00
2015.04.17 12:58:52.693,0.73246,0.73279,1.37,1.00
2015.04.17 12:58:52.744,0.73246,0.73279,1.00,1.00
2015.04.17 12:58:52.803,0.73246,0.73277,1.00,1.00
2015.04.17 12:58:53.139,0.73244,0.73275,1.37,1.00
2015.04.17 12:58:53.189,0.73244,0.73275,1.00,1.00
2015.04.17 12:58:53.290,0.73241,0.73272,1.00,1.00
2015.04.17 12:58:53.406,0.73238,0.73272,1.00,1.00
2015.04.17 12:58:53.506,0.7324,0.73272,1.00,1.00
2015.04.17 12:58:53.573,0.7324,0.73274,1.00,1.00
2015.04.17 12:58:53.724,0.73242,0.73274,1.00,1.00
2015.04.17 12:58:53.825,0.73242,0.73278,1.00,1.00
2015.04.17 12:58:54.033,0.73245,0.73279,1.00,1.00
2015.04.17 12:58:54.597,0.73245,0.73278,1.00,1.00
2015.04.17 12:58:54.697,0.73245,0.7328,1.00,1.00
2015.04.17 12:58:55.115,0.73245,0.73278,1.00,1.00
2015.04.17 12:58:55.332,0.73245,0.73282,1.50,1.00
2015.04.17 12:58:55.448,0.73245,0.73282,1.87,1.00
2015.04.17 12:58:56.102,0.73247,0.73283,1.37,1.00
2015.04.17 12:58:56.455,0.73247,0.73283,1.37,1.12
2015.04.17 12:58:56.819,0.73248,0.7328,1.12,1.00
2015.04.17 12:58:57.413,0.73248,0.73281,1.12,1.00
2015.04.17 12:58:57.463,0.73245,0.73281,1.12,1.12
2015.04.17 12:58:57.533,0.73245,0.73279,1.12,1.00
2015.04.17 12:58:57.943,0.73245,0.73279,1.75,1.00
2015.04.17 12:58:58.098,0.73245,0.73281,1.75,1.00
2015.04.17 12:58:58.198,0.73247,0.73283,1.37,1.00
2015.04.17 12:58:58.249,0.73247,0.73283,1.75,1.00
2015.04.17 12:58:58.554,0.73249,0.73286,2.25,1.00
2015.04.17 12:58:58.900,0.73253,0.73288,1.00,1.00
2015.04.17 12:58:59.153,0.73253,0.73287,1.37,1.00
2015.04.17 12:58:59.255,0.73253,0.73287,1.12,1.00
2015.04.17 12:58:59.306,0.73253,0.73285,1.12,1.00
2015.04.17 12:58:59.635,0.73253,0.73286,1.37,1.00
2015.04.17 12:58:59.859,0.73253,0.73286,1.12,1.00
2015.04.17 12:59:00.159,0.73253,0.73286,1.37,1.00
2015.04.17 12:59:00.461,0.73253,0.73285,1.12,1.00
2015.04.17 12:59:00.675,0.73253,0.73286,1.37,1.00
2015.04.17 12:59:00.885,0.73257,0.7329,1.00,1.00
2015.04.17 12:59:02.152,0.73257,0.73288,1.12,1.00
2015.04.17 12:59:02.723,0.73254,0.73287,1.37,1.00
2015.04.17 12:59:02.921,0.73254,0.73287,1.37,1.00
2015.04.17 12:59:03.122,0.73253,0.73286,1.00,1.00
2015.04.17 12:59:03.323,0.73253,0.73286,1.00,1.37
2015.04.17 12:59:03.424,0.73249,0.73284,1.87,1.12
2015.04.17 12:59:03.475,0.73249,0.73279,1.00,1.00
2015.04.17 12:59:03.525,0.73245,0.73279,1.37,1.00
2015.04.17 12:59:03.626,0.73244,0.73276,1.37,1.00
2015.04.17 12:59:04.925,0.73245,0.73278,1.37,1.00
2015.04.17 12:59:04.976,0.73245,0.73278,1.50,1.00
2015.04.17 12:59:05.076,0.73245,0.73278,1.37,1.00
2015.04.17 12:59:05.130,0.73245,0.73278,1.37,1.00
2015.04.17 12:59:05.964,0.73245,0.73278,1.37,1.00
2015.04.17 12:59:06.254,0.73245,0.73276,1.37,1.00
2015.04.17 12:59:06.585,0.7325,0.73278,1.37,1.00
2015.04.17 12:59:06.686,0.7325,0.73281,1.00,1.00
2015.04.17 12:59:07.764,0.7325,0.73283,1.00,1.00
2015.04.17 12:59:08.038,0.7325,0.73283,1.37,1.00
2015.04.17 12:59:08.435,0.7325,0.73286,1.37,1.00
2015.04.17 12:59:08.485,0.73253,0.73286,1.37,1.00
2015.04.17 12:59:08.804,0.73255,0.73284,1.12,1.00
2015.04.17 12:59:08.905,0.73252,0.73284,1.00,1.00
2015.04.17 12:59:09.084,0.73252,0.73282,1.00,1.00
2015.04.17 12:59:09.624,0.73251,0.73282,1.00,1.00
2015.04.17 12:59:09.898,0.73253,0.73285,1.00,1.00
2015.04.17 12:59:10.148,0.73253,0.73285,1.37,1.00
2015.04.17 12:59:10.299,0.73256,0.73288,1.00,1.00
2015.04.17 12:59:10.600,0.73253,0.73289,1.37,1.00
2015.04.17 12:59:10.651,0.73253,0.73286,1.37,1.00
2015.04.17 12:59:10.802,0.73251,0.73286,1.37,1.00
2015.04.17 12:59:11.170,0.73253,0.73289,1.00,1.00
2015.04.17 12:59:11.321,0.73259,0.73287,1.00,1.00
2015.04.17 12:59:11.422,0.73257,0.73288,1.00,1.00
2015.04.17 12:59:11.672,0.73259,0.7329,1.00,1.00
2015.04.17 12:59:11.772,0.73256,0.73288,1.00,1.00
2015.04.17 12:59:12.289,0.73256,0.73289,1.00,1.00
2015.04.17 12:59:12.339,0.73258,0.73289,1.00,1.00
2015.04.17 12:59:12.390,0.73258,0.73291,1.00,1.00
2015.04.17 12:59:12.643,0.73262,0.73292,1.00,1.00
2015.04.17 12:59:12.982,0.73264,0.73294,1.00,1.00
2015.04.17 12:59:13.273,0.73263,0.73297,1.00,1.00
2015.04.17 12:59:13.814,0.73263,0.73296,1.12,1.00
2015.04.17 12:59:13.924,0.73263,0.73293,1.37,1.00
2015.04.17 12:59:14.179,0.73258,0.73293,1.37,1.00
2015.04.17 12:59:14.719,0.73258,0.73292,1.00,1.00
2015.04.17 12:59:14.819,0.73258,0.7329,1.00,1.00
2015.04.17 12:59:14.932,0.73255,0.7329,1.37,1.00
2015.04.17 12:59:15.723,0.73255,0.7329,1.37,1.00
2015.04.17 12:59:15.824,0.73257,0.73291,1.00,1.00
2015.04.17 12:59:15.875,0.73257,0.73287,1.00,1.00
2015.04.17 12:59:16.177,0.73251,0.73284,1.00,1.00
2015.04.17 12:59:16.235,0.73251,0.73281,1.00,1.00
2015.04.17 12:59:16.285,0.73246,0.73281,1.00,1.00
2015.04.17 12:59:16.715,0.73241,0.73278,1.00,1.00
2015.04.17 12:59:16.816,0.7324,0.73275,1.50,1.00
2015.04.17 12:59:17.155,0.73242,0.73276,1.00,1.00
2015.04.17 12:59:17.256,0.73242,0.73278,1.00,1.00
2015.04.17 12:59:17.390,0.73244,0.73278,1.00,1.00
2015.04.17 12:59:17.443,0.73244,0.73282,1.50,1.00
2015.04.17 12:59:18.043,0.73244,0.73281,1.87,1.00
2015.04.17 12:59:18.144,0.73247,0.73282,1.00,1.00
2015.04.17 12:59:19.032,0.73247,0.73281,1.00,1.00
2015.04.17 12:59:19.635,0.73247,0.73281,1.37,1.00
2015.04.17 12:59:20.071,0.73246,0.73281,1.12,1.00
2015.04.17 12:59:20.172,0.73246,0.73282,1.37,1.00
2015.04.17 12:59:20.852,0.73249,0.73284,1.12,1.00
2015.04.17 12:59:21.535,0.73247,0.73284,1.12,1.00
2015.04.17 12:59:21.636,0.73247,0.73282,1.12,1.00
2015.04.17 12:59:22.282,0.73247,0.73283,1.12,1.00
2015.04.17 12:59:22.612,0.73247,0.73284,1.50,1.00
2015.04.17 12:59:22.763,0.7325,0.73287,1.37,1.00
2015.04.17 12:59:23.267,0.7325,0.73287,1.37,1.00
2015.04.17 12:59:24.203,0.7325,0.73287,1.37,1.00
2015.04.17 12:59:24.691,0.7325,0.73286,1.37,1.00
2015.04.17 12:59:25.305,0.7325,0.73287,1.37,1.00
2015.04.17 12:59:25.355,0.7325,0.73287,1.12,1.00
2015.04.17 12:59:25.406,0.73252,0.73287,1.00,1.00
2015.04.17 12:59:25.963,0.73253,0.73287,1.00,1.00
2015.04.17 12:59:26.674,0.73253,0.73287,1.37,1.00
2015.04.17 12:59:27.636,0.73253,0.73287,1.12,1.00
2015.04.17 12:59:27.976,0.73256,0.73291,1.37,1.50
2015.04.17 12:59:28.340,0.73257,0.7329,1.37,1.00
2015.04.17 12:59:28.933,0.73258,0.73291,1.37,1.00
2015.04.17 12:59:29.644,0.73258,0.73291,1.00,1.00
2015.04.17 12:59:29.695,0.73255,0.73289,1.12,1.00
2015.04.17 12:59:29.991,0.73255,0.73288,1.37,1.00
2015.04.17 12:59:30.176,0.73255,0.73287,1.00,1.12
2015.04.17 12:59:30.227,0.73253,0.73287,1.00,1.12
2015.04.17 12:59:30.378,0.7325,0.73286,1.00,1.87
2015.04.17 12:59:30.547,0.73246,0.73281,1.12,1.00
2015.04.17 12:59:31.008,0.73247,0.73279,1.00,1.00
2015.04.17 12:59:31.217,0.73243,0.73277,1.00,1.00
2015.04.17 12:59:31.318,0.73243,0.73275,1.00,1.00
2015.04.17 12:59:32.341,0.73241,0.73276,1.37,1.00
2015.04.17 12:59:32.972,0.73243,0.73276,1.00,1.00
2015.04.17 12:59:33.554,0.73244,0.73276,1.00,1.00
2015.04.17 12:59:33.894,0.73254,0.73285,1.00,1.00
2015.04.17 12:59:34.312,0.73255,0.73287,1.12,1.00
2015.04.17 12:59:35.534,0.73255,0.73286,1.12,1.00
2015.04.17 12:59:36.055,0.73252,0.73285,1.37,1.00
2015.04.17 12:59:36.106,0.73252,0.73287,1.37,1.00
2015.04.17 12:59:36.156,0.73252,0.73285,1.37,1.00
2015.04.17 12:59:36.674,0.73252,0.73285,1.37,1.00
2015.04.17 12:59:37.362,0.73252,0.73288,1.37,1.00
2015.04.17 12:59:37.413,0.73252,0.73288,1.37,1.00
2015.04.17 12:59:38.612,0.73253,0.73288,1.37,1.00
2015.04.17 12:59:38.893,0.73251,0.73286,1.12,1.50
2015.04.17 12:59:38.943,0.73251,0.73283,1.12,1.00
2015.04.17 12:59:39.372,0.73248,0.73285,1.37,1.00
2015.04.17 12:59:39.423,0.73248,0.73285,1.50,1.00
2015.04.17 12:59:39.705,0.73252,0.73287,1.37,1.00
2015.04.17 12:59:39.755,0.73252,0.73287,1.37,1.00
2015.04.17 12:59:39.856,0.73252,0.73285,1.37,1.00
2015.04.17 12:59:40.162,0.73251,0.73285,1.37,1.50
2015.04.17 12:59:40.424,0.73251,0.73285,1.37,1.00
2015.04.17 12:59:40.585,0.73253,0.73283,1.12,1.00
2015.04.17 12:59:40.728,0.7325,0.73283,1.12,1.00
2015.04.17 12:59:40.814,0.7325,0.73281,1.12,1.00
2015.04.17 12:59:41.081,0.7325,0.73283,1.12,1.00
2015.04.17 12:59:41.634,0.7325,0.73283,1.37,1.00
2015.04.17 12:59:41.955,0.7325,0.73284,1.37,1.00
2015.04.17 12:59:42.092,0.7325,0.73286,1.37,1.50
2015.04.17 12:59:42.142,0.7325,0.73286,1.75,1.00
2015.04.17 12:59:42.633,0.73254,0.73285,1.12,1.00
2015.04.17 12:59:44.165,0.73252,0.73285,1.50,1.00
2015.04.17 12:59:44.648,0.73252,0.73285,1.37,1.00
2015.04.17 12:59:47.756,0.73252,0.73285,1.50,1.50
2015.04.17 12:59:49.265,0.73252,0.73285,1.75,1.00
2015.04.17 12:59:49.467,0.73252,0.73287,1.75,1.00
2015.04.17 12:59:50.064,0.73252,0.73286,1.75,1.00
2015.04.17 12:59:50.454,0.73252,0.73286,1.37,1.00
2015.04.17 12:59:50.665,0.73254,0.73287,1.12,1.00
2015.04.17 12:59:51.274,0.73254,0.73286,1.00,1.00
2015.04.17 12:59:51.993,0.73252,0.73286,1.37,1.50
2015.04.17 12:59:52.094,0.73251,0.73285,1.00,1.00
2015.04.17 12:59:52.323,0.73251,0.73282,1.00,1.00
2015.04.17 12:59:53.029,0.73251,0.73282,1.37,1.00
2015.04.17 12:59:53.381,0.73247,0.73283,1.00,1.00
2015.04.17 12:59:53.431,0.73247,0.7328,1.00,1.00
2015.04.17 12:59:53.735,0.73247,0.73278,1.00,1.00
2015.04.17 12:59:54.284,0.73248,0.73275,1.00,1.00
2015.04.17 12:59:54.385,0.73248,0.73281,1.00,1.00
2015.04.17 12:59:54.486,0.7325,0.73283,1.00,1.00
2015.04.17 12:59:54.536,0.7325,0.73285,1.00,1.50
2015.04.17 12:59:54.587,0.73252,0.73285,1.00,1.00
2015.04.17 12:59:55.123,0.73252,0.73284,1.00,1.00
2015.04.17 12:59:55.173,0.73249,0.73284,1.00,1.00
2015.04.17 12:59:55.235,0.73251,0.73284,1.00,1.00
2015.04.17 12:59:55.671,0.73251,0.73281,1.00,1.00
2015.04.17 12:59:55.892,0.73248,0.73281,1.00,1.00
2015.04.17 12:59:56.725,0.73248,0.7328,1.00,1.00
2015.04.17 12:59:57.324,0.73248,0.7328,1.37,1.00
2015.04.17 12:59:57.557,0.73248,0.7328,1.37,1.50
2015.04.17 12:59:57.657,0.73252,0.73285,1.37,1.50
2015.04.17 12:59:57.808,0.73252,0.73285,1.00,1.00
2015.04.17 12:59:57.859,0.73252,0.73282,1.00,1.00
2015.04.17 12:59:57.909,0.73246,0.7328,1.37,1.00
2015.04.17 12:59:58.110,0.73246,0.7328,1.50,1.00
2015.04.17 12:59:58.161,0.73246,0.73282,1.50,1.00
2015.04.17 12:59:58.211,0.73248,0.73282,1.50,1.00
2015.04.17 12:59:58.313,0.73248,0.73283,1.00,1.00
2015.04.17 12:59:58.464,0.73249,0.73281,1.00,1.00
2015.04.17 12:59:58.565,0.73249,0.73286,1.00,1.50
2015.04.17 12:59:59.083,0.73249,0.73281,1.00,1.00
2015.04.17 12:59:59.213,0.73247,0.73281,1.00,1.00
2015.04.17 12:59:59.364,0.73246,0.73277,1.00,1.00
2015.04.17 12:59:59.631,0.73243,0.73277,1.00,1.00
