2013.09.12 16:00:00.238,0.75666,0.75692,1.13,1.50
2013.09.12 16:00:00.763,0.75666,0.75692,1.13,1.50
2013.09.12 16:00:01.257,0.75666,0.75692,1.13,1.50
2013.09.12 16:00:01.862,0.75666,0.75692,1.13,1.13
2013.09.12 16:00:02.531,0.75666,0.75692,1.13,1.13
2013.09.12 16:00:05.385,0.75665,0.75691,1.13,1.13
2013.09.12 16:00:05.638,0.75665,0.75691,1.13,1.13
2013.09.12 16:00:05.958,0.75661,0.75687,1.20,1.13
2013.09.12 16:00:06.079,0.75661,0.75687,1.13,1.13
2013.09.12 16:00:06.317,0.75656,0.75682,1.50,1.13
2013.09.12 16:00:06.437,0.75656,0.75682,1.13,1.13
2013.09.12 16:00:06.559,0.75653,0.75679,1.32,1.13
2013.09.12 16:00:08.127,0.75651,0.75677,1.13,1.13
2013.09.12 16:00:08.267,0.75651,0.75677,1.13,1.50
2013.09.12 16:00:08.327,0.75647,0.75673,1.50,1.13
2013.09.12 16:00:08.637,0.75651,0.75677,1.13,1.13
2013.09.12 16:00:08.758,0.75651,0.75677,1.13,1.13
2013.09.12 16:00:08.939,0.75651,0.75677,1.13,1.13
2013.09.12 16:00:09.239,0.75651,0.75677,1.13,1.13
2013.09.12 16:00:09.477,0.75647,0.75678,2.25,1.13
2013.09.12 16:00:09.780,0.75647,0.75677,2.25,1.13
2013.09.12 16:00:11.457,0.75647,0.75675,1.88,1.13
2013.09.12 16:00:12.155,0.75647,0.75675,1.88,1.13
2013.09.12 16:00:13.068,0.75648,0.75675,1.13,1.13
2013.09.12 16:00:13.588,0.75649,0.75676,1.13,1.13
2013.09.12 16:00:13.768,0.75652,0.7568,1.13,1.50
2013.09.12 16:00:13.828,0.75652,0.7568,1.88,1.50
2013.09.12 16:00:14.040,0.75653,0.75683,1.50,1.69
2013.09.12 16:00:14.606,0.75654,0.75683,1.13,1.69
2013.09.12 16:00:15.152,0.75653,0.7568,1.13,1.50
2013.09.12 16:00:15.822,0.75653,0.7568,1.13,1.50
2013.09.12 16:00:19.688,0.75653,0.7568,1.13,1.88
2013.09.12 16:00:20.047,0.75653,0.75679,1.13,1.13
2013.09.12 16:00:20.107,0.75653,0.75679,1.13,1.13
2013.09.12 16:00:20.168,0.75653,0.75679,1.13,1.13
2013.09.12 16:00:20.287,0.75649,0.75677,1.20,1.50
2013.09.12 16:00:20.541,0.75646,0.75673,1.13,1.13
2013.09.12 16:00:21.077,0.75646,0.75673,1.13,1.13
2013.09.12 16:00:21.658,0.75645,0.75671,1.13,1.13
2013.09.12 16:00:22.159,0.75645,0.75671,1.13,1.13
2013.09.12 16:00:23.668,0.75645,0.75671,1.13,1.13
2013.09.12 16:00:24.338,0.75643,0.75671,1.88,1.13
2013.09.12 16:00:24.860,0.75643,0.75671,1.88,1.13
2013.09.12 16:00:31.271,0.75643,0.75671,1.13,1.13
2013.09.12 16:00:31.330,0.75643,0.75671,1.13,1.50
2013.09.12 16:00:31.449,0.75642,0.75671,1.13,1.50
2013.09.12 16:00:31.649,0.75638,0.75664,1.13,1.13
2013.09.12 16:00:31.769,0.75638,0.75666,1.13,1.13
2013.09.12 16:00:32.190,0.75637,0.75666,1.13,1.50
2013.09.12 16:00:32.887,0.75637,0.75663,1.13,1.50
2013.09.12 16:00:37.017,0.75637,0.75663,1.13,1.50
2013.09.12 16:00:37.137,0.75635,0.75661,1.88,1.50
2013.09.12 16:00:37.538,0.75632,0.75661,1.13,1.50
2013.09.12 16:00:37.598,0.75631,0.7566,1.13,1.50
2013.09.12 16:00:37.929,0.75633,0.75655,1.13,1.13
2013.09.12 16:00:38.609,0.75632,0.75658,1.13,1.13
2013.09.12 16:00:44.118,0.75632,0.75658,1.13,1.13
2013.09.12 16:00:44.321,0.75631,0.75658,1.13,1.13
2013.09.12 16:00:44.938,0.7563,0.75656,1.13,1.13
2013.09.12 16:00:50.969,0.7563,0.75658,1.13,1.69
2013.09.12 16:00:51.659,0.75628,0.75656,1.13,1.50
2013.09.12 16:00:52.296,0.75629,0.75657,1.13,1.50
2013.09.12 16:00:52.910,0.75628,0.75654,1.13,1.13
2013.09.12 16:00:54.514,0.75625,0.75653,1.13,1.13
2013.09.12 16:00:54.599,0.75625,0.75653,1.13,1.50
2013.09.12 16:00:54.658,0.75628,0.75653,1.13,1.50
2013.09.12 16:00:54.839,0.75625,0.75652,1.13,1.13
2013.09.12 16:00:55.828,0.75625,0.75653,1.13,1.13
2013.09.12 16:01:00.198,0.75625,0.75653,1.13,1.50
2013.09.12 16:01:03.369,0.75625,0.75653,1.13,1.13
2013.09.12 16:01:03.978,0.75624,0.75653,1.13,1.88
2013.09.12 16:01:04.307,0.75621,0.75651,1.13,1.13
2013.09.12 16:01:05.162,0.75624,0.75652,1.13,1.50
2013.09.12 16:01:05.217,0.75625,0.75653,1.13,1.13
2013.09.12 16:01:05.747,0.75625,0.75653,1.88,1.13
2013.09.12 16:01:06.957,0.75628,0.75655,1.13,1.13
2013.09.12 16:01:07.077,0.75629,0.75655,1.13,1.13
2013.09.12 16:01:07.350,0.75629,0.75659,1.13,2.07
2013.09.12 16:01:07.618,0.75629,0.75659,1.13,2.44
2013.09.12 16:01:08.108,0.75631,0.75659,1.13,1.69
2013.09.12 16:01:08.167,0.75631,0.75661,1.88,1.13
2013.09.12 16:01:08.287,0.75634,0.75661,1.13,1.13
2013.09.12 16:01:08.507,0.75634,0.75663,1.88,1.32
2013.09.12 16:01:10.661,0.75634,0.75663,1.88,1.13
2013.09.12 16:01:14.187,0.75635,0.75663,1.13,1.13
2013.09.12 16:01:14.250,0.75635,0.75664,1.13,1.88
2013.09.12 16:01:14.848,0.75636,0.75664,1.13,1.88
2013.09.12 16:01:23.108,0.75636,0.75664,1.13,1.88
2013.09.12 16:01:23.968,0.75636,0.75664,1.13,1.13
2013.09.12 16:01:28.847,0.75636,0.75664,1.13,1.13
2013.09.12 16:01:29.226,0.75637,0.75664,1.13,1.13
2013.09.12 16:01:29.789,0.75638,0.75667,1.13,1.88
2013.09.12 16:01:30.480,0.75637,0.75667,1.13,1.88
2013.09.12 16:01:31.769,0.75637,0.75666,1.13,1.13
2013.09.12 16:01:38.378,0.75637,0.75666,1.13,1.13
2013.09.12 16:01:38.498,0.75637,0.75666,1.13,1.13
2013.09.12 16:01:38.738,0.75639,0.75667,1.13,1.88
2013.09.12 16:01:39.303,0.75641,0.75667,1.13,1.50
2013.09.12 16:01:39.881,0.75641,0.75667,1.13,1.50
2013.09.12 16:01:43.169,0.7564,0.75667,1.13,1.50
2013.09.12 16:01:49.700,0.75641,0.75668,1.13,1.88
2013.09.12 16:02:00.720,0.75643,0.7567,1.13,1.32
2013.09.12 16:02:01.237,0.75644,0.75671,1.13,1.99
2013.09.12 16:02:01.590,0.75644,0.75671,1.88,1.62
2013.09.12 16:02:01.948,0.75646,0.75674,1.88,1.50
2013.09.12 16:02:02.579,0.75646,0.75674,1.88,1.50
2013.09.12 16:02:04.457,0.75646,0.75674,1.13,1.50
2013.09.12 16:02:09.118,0.75646,0.75675,1.88,1.54
2013.09.12 16:02:09.779,0.75647,0.75675,1.13,1.73
2013.09.12 16:02:20.779,0.75647,0.75675,1.13,1.73
2013.09.12 16:02:21.509,0.75647,0.75675,1.13,1.73
2013.09.12 16:02:27.618,0.75645,0.75673,1.13,1.13
2013.09.12 16:02:27.678,0.75643,0.75672,1.13,1.13
2013.09.12 16:02:33.218,0.75643,0.75671,1.13,1.13
2013.09.12 16:02:33.748,0.75643,0.75671,1.13,1.13
2013.09.12 16:02:33.808,0.75643,0.75672,1.13,1.13
2013.09.12 16:02:34.357,0.75643,0.75672,1.13,1.13
2013.09.12 16:02:34.750,0.75643,0.75671,1.13,1.13
2013.09.12 16:02:36.297,0.75642,0.75671,1.13,1.13
2013.09.12 16:02:38.160,0.75642,0.75672,1.13,1.88
2013.09.12 16:02:38.978,0.75644,0.75672,1.13,1.88
2013.09.12 16:02:54.148,0.75645,0.75672,1.13,1.88
2013.09.12 16:02:54.659,0.75645,0.75672,1.13,1.50
2013.09.12 16:02:57.958,0.75645,0.75673,1.13,1.13
2013.09.12 16:02:58.419,0.75645,0.75674,1.13,1.69
2013.09.12 16:02:58.717,0.75646,0.75674,1.13,1.69
2013.09.12 16:02:58.898,0.75642,0.75673,1.88,1.13
2013.09.12 16:03:00.419,0.75642,0.75673,1.13,1.13
2013.09.12 16:03:00.759,0.75642,0.75673,1.13,1.13
2013.09.12 16:03:00.821,0.75642,0.75671,1.13,1.13
2013.09.12 16:03:01.699,0.75641,0.7567,1.13,1.88
2013.09.12 16:03:01.759,0.75641,0.7567,1.13,1.50
2013.09.12 16:03:01.818,0.75641,0.7567,1.13,1.50
2013.09.12 16:03:02.799,0.75641,0.7567,1.13,1.50
2013.09.12 16:03:10.611,0.75641,0.75669,1.13,1.13
2013.09.12 16:03:10.788,0.7564,0.75668,1.50,1.13
2013.09.12 16:03:11.368,0.7564,0.75668,1.50,1.13
2013.09.12 16:03:11.928,0.75639,0.75666,1.13,2.48
2013.09.12 16:03:12.048,0.75635,0.75664,1.88,1.73
2013.09.12 16:03:12.107,0.75634,0.75661,1.13,1.13
2013.09.12 16:03:12.167,0.75637,0.75662,1.13,1.13
2013.09.12 16:03:12.407,0.75635,0.75661,1.13,1.13
2013.09.12 16:03:12.467,0.75635,0.75663,1.88,2.48
2013.09.12 16:03:12.649,0.75633,0.75661,1.13,2.55
2013.09.12 16:03:12.857,0.75631,0.7566,1.50,1.35
2013.09.12 16:03:18.688,0.75631,0.7566,1.50,2.18
2013.09.12 16:03:24.399,0.7563,0.7566,1.88,2.18
2013.09.12 16:03:31.296,0.75631,0.75658,1.50,1.13
2013.09.12 16:03:31.359,0.75629,0.75657,1.50,1.50
2013.09.12 16:03:31.758,0.75627,0.75654,1.88,1.35
2013.09.12 16:03:32.408,0.75627,0.75654,1.88,1.35
2013.09.12 16:03:41.401,0.75628,0.75654,1.13,1.35
2013.09.12 16:03:42.669,0.75627,0.75654,2.25,1.35
2013.09.12 16:03:51.009,0.75627,0.75654,1.88,1.35
2013.09.12 16:03:51.690,0.75629,0.75656,1.13,1.35
2013.09.12 16:04:01.988,0.7563,0.75657,1.13,2.10
2013.09.12 16:04:02.895,0.7563,0.75657,1.13,2.10
2013.09.12 16:04:12.804,0.7563,0.75657,1.13,1.88
2013.09.12 16:04:13.048,0.75628,0.75655,1.13,1.50
2013.09.12 16:04:13.818,0.75628,0.75654,1.13,1.50
2013.09.12 16:04:15.300,0.75627,0.75654,1.13,1.50
2013.09.12 16:04:15.890,0.75627,0.75655,1.13,1.50
2013.09.12 16:04:16.640,0.75628,0.75655,1.13,1.50
2013.09.12 16:04:22.278,0.75629,0.75657,1.13,1.13
2013.09.12 16:04:22.600,0.75631,0.75659,1.13,1.88
2013.09.12 16:04:22.718,0.75632,0.7566,1.88,1.13
2013.09.12 16:04:23.260,0.75632,0.75659,1.88,1.13
2013.09.12 16:04:23.599,0.7563,0.75657,1.50,1.13
2013.09.12 16:04:24.129,0.75629,0.75656,1.88,1.13
2013.09.12 16:04:30.660,0.75629,0.75656,1.13,1.13
2013.09.12 16:04:30.728,0.75626,0.75654,1.13,1.13
2013.09.12 16:04:31.116,0.75623,0.75654,1.13,1.13
2013.09.12 16:04:31.362,0.75623,0.75654,1.88,1.13
2013.09.12 16:04:34.540,0.75623,0.75651,1.13,1.13
2013.09.12 16:04:34.718,0.75624,0.75652,1.50,1.13
2013.09.12 16:04:34.980,0.75627,0.75651,1.13,1.13
2013.09.12 16:04:35.518,0.75627,0.75652,1.13,1.13
2013.09.12 16:04:36.081,0.75627,0.75652,1.13,1.13
2013.09.12 16:04:38.758,0.75625,0.75653,1.50,1.13
2013.09.12 16:04:42.030,0.75626,0.75653,1.50,1.13
2013.09.12 16:04:43.309,0.75626,0.75653,1.50,1.13
2013.09.12 16:04:50.969,0.75628,0.75653,1.13,1.13
2013.09.12 16:05:00.389,0.75628,0.75652,1.13,1.13
2013.09.12 16:05:05.669,0.75628,0.75653,1.13,1.13
2013.09.12 16:05:06.308,0.75628,0.75655,1.50,1.13
2013.09.12 16:05:06.367,0.75628,0.75656,2.25,1.13
2013.09.12 16:05:09.548,0.75628,0.75657,2.25,1.13
2013.09.12 16:05:09.710,0.75628,0.75656,2.25,1.13
2013.09.12 16:05:12.020,0.75628,0.75656,1.50,1.13
2013.09.12 16:05:14.029,0.75628,0.75655,1.50,1.13
2013.09.12 16:05:15.579,0.75629,0.75655,1.13,1.13
2013.09.12 16:05:15.697,0.75629,0.75659,1.88,1.50
2013.09.12 16:05:15.818,0.75636,0.75664,1.13,1.13
2013.09.12 16:05:16.057,0.75637,0.75668,2.25,2.25
2013.09.12 16:05:16.759,0.75637,0.75667,2.25,1.13
2013.09.12 16:05:34.140,0.75638,0.75664,1.50,1.13
2013.09.12 16:05:40.729,0.75636,0.75664,1.50,1.13
2013.09.12 16:05:45.689,0.75635,0.75664,1.50,1.13
2013.09.12 16:05:52.389,0.75635,0.75664,1.50,1.13
2013.09.12 16:05:54.159,0.75636,0.75664,1.50,1.13
2013.09.12 16:06:01.020,0.75634,0.75664,1.50,1.13
2013.09.12 16:06:04.078,0.75635,0.75664,1.50,1.13
2013.09.12 16:06:06.518,0.75635,0.75661,1.13,1.50
2013.09.12 16:06:25.840,0.75634,0.75659,1.13,1.50
2013.09.12 16:06:26.430,0.75633,0.75659,1.13,1.50
2013.09.12 16:06:28.919,0.75633,0.75659,1.13,1.50
2013.09.12 16:06:29.029,0.75633,0.75659,1.13,1.50
2013.09.12 16:06:29.775,0.75633,0.75662,1.13,1.88
2013.09.12 16:06:29.958,0.75634,0.75662,1.13,1.50
2013.09.12 16:06:30.179,0.75634,0.75662,1.13,1.50
2013.09.12 16:06:30.748,0.75637,0.75665,1.13,1.88
2013.09.12 16:06:32.138,0.75636,0.75665,1.13,1.88
2013.09.12 16:06:32.220,0.75636,0.75665,1.13,1.88
2013.09.12 16:06:32.458,0.75636,0.75666,1.13,2.25
2013.09.12 16:06:32.788,0.75638,0.75669,1.69,1.50
2013.09.12 16:06:32.908,0.75641,0.75669,1.13,1.50
2013.09.12 16:06:33.108,0.75637,0.75669,2.07,1.50
2013.09.12 16:06:34.660,0.75639,0.75666,1.13,1.50
2013.09.12 16:06:34.780,0.75639,0.75666,1.13,1.50
2013.09.12 16:06:34.898,0.75635,0.75666,2.82,1.50
2013.09.12 16:06:35.198,0.75638,0.75666,1.13,1.50
2013.09.12 16:06:35.759,0.75638,0.75666,1.50,1.50
2013.09.12 16:06:37.508,0.75638,0.75666,1.13,1.50
2013.09.12 16:06:38.134,0.75638,0.75668,1.50,1.88
2013.09.12 16:06:41.899,0.7564,0.75667,1.50,1.13
2013.09.12 16:06:42.524,0.7564,0.75668,1.50,1.88
2013.09.12 16:06:46.750,0.75635,0.75666,2.63,1.50
2013.09.12 16:06:47.281,0.75635,0.75663,1.50,1.13
2013.09.12 16:06:49.188,0.75635,0.75663,1.13,1.13
2013.09.12 16:06:52.738,0.75635,0.75663,1.13,1.50
2013.09.12 16:06:56.438,0.75634,0.7566,1.13,1.13
2013.09.12 16:07:01.098,0.75634,0.7566,1.13,1.13
2013.09.12 16:07:01.159,0.75634,0.7566,1.13,1.50
2013.09.12 16:07:02.351,0.75632,0.75658,1.13,1.13
2013.09.12 16:07:04.148,0.75632,0.75658,1.13,1.13
2013.09.12 16:07:05.390,0.75631,0.75658,1.13,1.13
2013.09.12 16:07:10.528,0.75633,0.7566,1.13,1.50
2013.09.12 16:07:11.378,0.75631,0.75659,1.88,1.13
2013.09.12 16:07:12.209,0.75631,0.75659,1.88,1.50
2013.09.12 16:07:25.838,0.7563,0.75657,1.13,1.13
2013.09.12 16:07:26.610,0.7563,0.75656,1.13,1.13
2013.09.12 16:07:34.348,0.75629,0.75657,1.13,2.25
2013.09.12 16:07:34.671,0.7563,0.75656,1.13,1.50
2013.09.12 16:07:36.120,0.7563,0.75656,1.13,1.13
2013.09.12 16:07:38.090,0.7563,0.75657,1.13,2.44
2013.09.12 16:07:39.808,0.7563,0.75656,1.88,1.13
2013.09.12 16:07:40.628,0.7563,0.75656,1.88,1.13
2013.09.12 16:07:43.280,0.7563,0.75657,1.88,1.13
2013.09.12 16:08:01.658,0.7563,0.75657,1.88,1.13
2013.09.12 16:08:10.999,0.75631,0.75658,1.50,1.50
2013.09.12 16:08:11.387,0.75633,0.7566,1.13,1.13
2013.09.12 16:08:14.788,0.75634,0.75661,1.13,1.13
2013.09.12 16:08:15.118,0.75634,0.75663,1.13,1.88
2013.09.12 16:08:16.849,0.75635,0.75663,1.13,1.13
2013.09.12 16:08:17.158,0.75637,0.75667,2.25,3.00
2013.09.12 16:08:17.278,0.7564,0.75668,1.13,1.32
2013.09.12 16:08:17.518,0.75642,0.75668,1.13,1.13
2013.09.12 16:08:18.019,0.75638,0.75668,1.50,1.13
2013.09.12 16:08:18.168,0.7564,0.75668,1.13,1.13
2013.09.12 16:08:22.568,0.75643,0.7567,1.88,1.13
2013.09.12 16:08:22.938,0.75644,0.75671,1.13,1.13
2013.09.12 16:08:23.496,0.75644,0.75671,1.13,1.13
2013.09.12 16:08:29.162,0.75644,0.75671,1.50,1.13
2013.09.12 16:08:29.420,0.75641,0.75671,1.88,1.13
2013.09.12 16:08:29.539,0.75644,0.75672,1.13,1.13
2013.09.12 16:08:29.598,0.75645,0.75672,1.13,1.13
2013.09.12 16:08:29.828,0.75645,0.75672,1.88,1.13
2013.09.12 16:08:30.089,0.75646,0.75674,1.13,1.50
2013.09.12 16:08:30.418,0.75646,0.75672,1.13,1.13
2013.09.12 16:08:37.679,0.75644,0.75672,1.50,1.13
2013.09.12 16:08:42.018,0.75643,0.75669,1.13,1.13
2013.09.12 16:08:42.138,0.75641,0.75669,1.13,2.25
2013.09.12 16:08:43.110,0.75641,0.75667,1.13,3.75
2013.09.12 16:08:43.229,0.75641,0.75668,1.13,1.13
2013.09.12 16:08:43.438,0.7564,0.75668,1.13,1.50
2013.09.12 16:08:46.848,0.75638,0.75664,1.13,1.13
2013.09.12 16:08:50.381,0.75635,0.75663,1.88,1.13
2013.09.12 16:08:50.629,0.75635,0.75663,1.88,1.13
2013.09.12 16:08:53.708,0.75635,0.75663,1.88,1.13
2013.09.12 16:08:56.560,0.75634,0.7566,1.13,1.13
2013.09.12 16:09:02.170,0.75634,0.75662,1.13,1.13
2013.09.12 16:09:02.760,0.75634,0.75661,1.13,1.13
2013.09.12 16:09:03.290,0.75636,0.75664,1.13,1.13
2013.09.12 16:09:03.708,0.75636,0.75662,1.13,1.13
2013.09.12 16:09:08.642,0.75635,0.75662,1.13,1.50
2013.09.12 16:09:09.458,0.75636,0.75664,1.13,2.10
2013.09.12 16:09:10.341,0.75636,0.75664,1.13,2.10
2013.09.12 16:09:10.940,0.75636,0.75664,1.13,2.10
2013.09.12 16:09:13.320,0.75635,0.75663,1.13,1.13
2013.09.12 16:09:14.940,0.75632,0.75661,2.67,1.50
2013.09.12 16:09:14.999,0.7563,0.75657,1.32,1.13
2013.09.12 16:09:15.178,0.75629,0.75656,1.13,1.50
2013.09.12 16:09:15.947,0.75627,0.75655,1.50,1.13
2013.09.12 16:09:22.841,0.75628,0.75656,1.13,2.25
2013.09.12 16:09:25.529,0.75628,0.75656,1.13,1.50
2013.09.12 16:09:26.326,0.75628,0.75656,1.13,1.50
2013.09.12 16:09:27.008,0.75628,0.75656,1.13,1.50
2013.09.12 16:09:28.030,0.75626,0.75651,1.13,1.13
2013.09.12 16:09:28.089,0.75624,0.75651,1.50,1.13
2013.09.12 16:09:31.820,0.75624,0.7565,1.13,1.13
2013.09.12 16:09:32.019,0.75621,0.7565,1.88,1.13
2013.09.12 16:09:32.078,0.7562,0.75647,1.13,1.13
2013.09.12 16:09:32.750,0.7562,0.75647,1.13,1.88
2013.09.12 16:09:37.139,0.7562,0.75646,1.13,1.13
2013.09.12 16:09:37.250,0.7562,0.75647,1.13,1.88
2013.09.12 16:09:40.111,0.7562,0.75647,1.13,1.50
2013.09.12 16:09:44.142,0.75619,0.75647,1.13,1.50
2013.09.12 16:09:46.606,0.75619,0.75647,1.13,1.88
2013.09.12 16:09:46.730,0.75619,0.75645,1.13,1.13
2013.09.12 16:09:46.935,0.75619,0.75648,1.88,1.13
2013.09.12 16:09:47.439,0.75619,0.75648,1.88,1.13
2013.09.12 16:09:47.961,0.7562,0.75648,1.13,1.13
2013.09.12 16:09:48.708,0.75619,0.75648,1.88,1.13
2013.09.12 16:09:52.540,0.75619,0.75646,1.13,1.88
2013.09.12 16:09:53.971,0.75619,0.75646,1.13,1.88
2013.09.12 16:09:58.152,0.75619,0.75646,1.13,1.88
2013.09.12 16:09:59.581,0.75619,0.75646,1.13,1.88
2013.09.12 16:10:00.169,0.75619,0.75646,1.13,1.88
2013.09.12 16:10:02.408,0.75619,0.75646,1.13,1.13
2013.09.12 16:10:02.468,0.75618,0.75646,1.88,1.13
2013.09.12 16:10:03.010,0.75615,0.75642,3.04,1.13
2013.09.12 16:10:03.928,0.75616,0.75643,1.13,1.73
2013.09.12 16:10:04.451,0.75617,0.75643,1.13,1.73
2013.09.12 16:10:06.659,0.75617,0.75643,1.88,1.73
2013.09.12 16:10:07.280,0.75618,0.75644,1.13,1.13
2013.09.12 16:10:11.670,0.75618,0.75643,1.13,1.13
2013.09.12 16:10:13.010,0.75617,0.75643,1.13,1.13
2013.09.12 16:10:20.929,0.75617,0.75643,1.13,1.13
2013.09.12 16:10:22.230,0.75617,0.75643,1.13,1.13
2013.09.12 16:10:22.521,0.75618,0.75643,1.13,1.13
2013.09.12 16:10:23.096,0.75617,0.75643,1.50,1.13
2013.09.12 16:10:24.250,0.75616,0.75643,1.50,1.13
2013.09.12 16:10:24.881,0.75617,0.75643,1.13,1.13
2013.09.12 16:10:25.269,0.75619,0.75646,1.88,1.13
2013.09.12 16:10:31.924,0.7562,0.75646,1.13,1.13
2013.09.12 16:10:32.238,0.75622,0.75651,1.13,1.58
2013.09.12 16:10:34.010,0.75624,0.75652,1.50,1.13
2013.09.12 16:10:34.520,0.75624,0.75652,2.25,1.13
2013.09.12 16:10:35.551,0.75623,0.75651,1.50,1.13
2013.09.12 16:10:36.099,0.75625,0.75651,1.13,1.13
2013.09.12 16:10:42.062,0.75627,0.75651,1.13,1.13
2013.09.12 16:10:42.385,0.75627,0.75653,2.25,1.13
2013.09.12 16:10:45.609,0.75627,0.75652,1.13,1.13
2013.09.12 16:10:45.968,0.75631,0.75654,1.13,1.13
2013.09.12 16:10:46.029,0.75631,0.75657,1.13,1.50
2013.09.12 16:10:46.148,0.75631,0.75657,1.13,1.13
2013.09.12 16:10:46.268,0.75632,0.75659,1.88,1.13
2013.09.12 16:10:50.549,0.75634,0.75659,1.13,1.13
2013.09.12 16:10:53.165,0.75636,0.75661,1.13,1.13
2013.09.12 16:10:53.742,0.75638,0.75664,2.25,1.13
2013.09.12 16:10:54.099,0.75641,0.75669,1.13,1.13
2013.09.12 16:10:55.189,0.7564,0.75668,1.13,1.13
2013.09.12 16:10:56.249,0.75642,0.75669,1.13,1.13
2013.09.12 16:10:56.489,0.75642,0.75667,1.13,1.13
2013.09.12 16:10:58.011,0.75642,0.75666,1.13,1.13
2013.09.12 16:10:58.751,0.75641,0.75669,1.13,1.13
2013.09.12 16:10:59.086,0.75642,0.7567,1.13,1.13
2013.09.12 16:10:59.149,0.75642,0.7567,1.13,1.13
2013.09.12 16:10:59.320,0.75644,0.7567,1.13,1.13
2013.09.12 16:11:30.460,0.75642,0.7567,1.88,1.13
2013.09.12 16:11:32.249,0.75641,0.75669,1.50,1.13
2013.09.12 16:11:32.789,0.7564,0.75669,1.50,1.13
2013.09.12 16:11:33.019,0.7564,0.75667,1.50,1.13
2013.09.12 16:11:36.210,0.75639,0.75667,1.13,1.88
2013.09.12 16:11:36.780,0.75637,0.75665,2.63,1.13
2013.09.12 16:11:37.503,0.75637,0.75665,1.13,1.13
2013.09.12 16:11:48.848,0.75637,0.75664,1.13,1.13
2013.09.12 16:11:49.179,0.75635,0.7566,1.13,1.13
2013.09.12 16:11:49.711,0.75634,0.7566,1.50,1.13
2013.09.12 16:11:49.780,0.75635,0.75661,1.13,1.13
2013.09.12 16:11:49.899,0.75632,0.75661,1.50,1.13
2013.09.12 16:11:50.120,0.75631,0.75659,2.25,1.13
2013.09.12 16:11:50.669,0.75631,0.75659,1.50,1.13
2013.09.12 16:11:54.550,0.75631,0.75659,1.50,1.13
2013.09.12 16:12:04.120,0.75631,0.75659,1.50,1.13
2013.09.12 16:12:12.868,0.75632,0.7566,1.13,1.88
2013.09.12 16:12:13.109,0.75633,0.7566,1.13,1.13
2013.09.12 16:12:13.640,0.75633,0.75662,1.50,1.13
2013.09.12 16:12:13.701,0.75635,0.75662,1.13,1.13
2013.09.12 16:12:15.089,0.75635,0.75662,1.13,1.13
2013.09.12 16:12:15.763,0.75634,0.75662,1.13,1.13
2013.09.12 16:12:16.622,0.75633,0.75662,1.50,1.13
2013.09.12 16:12:19.719,0.7563,0.75661,1.13,1.13
2013.09.12 16:12:19.839,0.7563,0.75657,1.13,1.13
2013.09.12 16:12:20.392,0.7563,0.75656,1.13,1.13
2013.09.12 16:12:21.178,0.7563,0.75657,1.13,1.13
2013.09.12 16:12:23.221,0.75631,0.75657,1.13,1.13
2013.09.12 16:12:24.209,0.75629,0.75657,1.50,1.13
2013.09.12 16:12:24.489,0.7563,0.75657,1.13,1.13
2013.09.12 16:12:25.299,0.7563,0.75658,1.13,1.13
2013.09.12 16:12:25.548,0.75633,0.7566,1.13,1.13
2013.09.12 16:12:26.069,0.75635,0.75663,1.13,1.88
2013.09.12 16:12:27.820,0.75637,0.75664,1.13,1.13
2013.09.12 16:12:28.209,0.75638,0.75666,1.13,1.50
2013.09.12 16:12:28.389,0.7564,0.75667,1.13,1.50
2013.09.12 16:12:29.080,0.75638,0.75666,1.13,1.50
2013.09.12 16:12:29.948,0.75638,0.75666,1.13,1.13
2013.09.12 16:12:30.449,0.75637,0.75666,1.88,1.13
2013.09.12 16:12:31.010,0.75637,0.75665,1.50,1.13
2013.09.12 16:12:31.400,0.75636,0.75665,1.50,1.13
2013.09.12 16:12:32.409,0.75635,0.75664,1.13,1.13
2013.09.12 16:12:32.571,0.75635,0.75664,1.13,1.13
2013.09.12 16:12:33.280,0.75636,0.75665,1.13,1.88
2013.09.12 16:12:38.879,0.75637,0.75664,1.13,1.13
2013.09.12 16:12:39.059,0.7564,0.75667,1.13,1.50
2013.09.12 16:12:39.190,0.7564,0.75667,1.88,1.13
2013.09.12 16:12:39.321,0.75639,0.75665,1.13,1.13
2013.09.12 16:12:39.394,0.75638,0.75664,1.50,1.13
2013.09.12 16:12:39.510,0.75637,0.75664,1.88,1.13
2013.09.12 16:12:39.613,0.75638,0.75665,1.13,1.13
2013.09.12 16:12:39.950,0.75637,0.75662,1.13,1.13
2013.09.12 16:12:40.383,0.75637,0.75661,1.13,1.13
2013.09.12 16:12:40.639,0.75634,0.75662,1.13,1.13
2013.09.12 16:12:40.879,0.75636,0.75663,1.88,1.13
2013.09.12 16:12:41.289,0.75634,0.75663,2.63,1.13
2013.09.12 16:12:44.039,0.75634,0.75661,1.88,1.13
2013.09.12 16:12:45.001,0.75635,0.75664,1.13,1.88
2013.09.12 16:12:56.049,0.75635,0.75663,1.13,1.13
2013.09.12 16:12:56.329,0.75635,0.75661,1.13,1.13
2013.09.12 16:12:56.661,0.75635,0.75663,1.13,1.13
2013.09.12 16:12:57.210,0.75635,0.75663,1.13,1.13
2013.09.12 16:12:58.589,0.75635,0.75663,1.13,1.13
2013.09.12 16:13:07.200,0.75636,0.75664,1.88,1.13
2013.09.12 16:13:19.349,0.75636,0.75664,1.88,1.13
2013.09.12 16:13:19.880,0.75636,0.75664,1.88,1.13
2013.09.12 16:13:23.280,0.75636,0.75664,1.88,1.13
2013.09.12 16:13:24.000,0.75636,0.75664,1.50,1.13
2013.09.12 16:13:25.801,0.75636,0.75665,1.13,1.13
2013.09.12 16:13:26.551,0.75638,0.75665,1.13,1.13
2013.09.12 16:13:30.520,0.75636,0.75664,1.50,1.13
2013.09.12 16:13:31.231,0.75636,0.75662,1.50,1.13
2013.09.12 16:13:34.041,0.75635,0.75662,1.88,1.13
2013.09.12 16:13:34.551,0.75635,0.75662,1.13,1.13
2013.09.12 16:13:38.739,0.75635,0.75664,1.13,1.88
2013.09.12 16:13:38.799,0.75637,0.75664,1.13,1.13
2013.09.12 16:13:38.919,0.75637,0.75664,1.13,1.13
2013.09.12 16:13:39.279,0.75634,0.7566,1.13,1.13
2013.09.12 16:13:40.029,0.75635,0.75663,1.13,1.88
2013.09.12 16:13:40.871,0.75635,0.75663,1.13,1.88
2013.09.12 16:13:41.959,0.75634,0.75662,1.13,1.88
2013.09.12 16:13:42.269,0.75629,0.75659,1.69,1.50
2013.09.12 16:13:42.329,0.75629,0.75656,1.50,1.13
2013.09.12 16:13:42.989,0.75629,0.75656,1.88,1.13
2013.09.12 16:13:44.160,0.7563,0.75656,1.13,1.13
2013.09.12 16:13:44.390,0.7563,0.75656,1.13,1.13
2013.09.12 16:13:46.909,0.75631,0.75656,1.13,1.13
2013.09.12 16:13:47.289,0.75633,0.75658,1.13,1.13
2013.09.12 16:13:48.689,0.75632,0.75658,1.50,1.13
2013.09.12 16:13:51.319,0.75632,0.75658,2.10,1.13
2013.09.12 16:13:51.853,0.75634,0.75658,1.13,1.13
2013.09.12 16:13:53.519,0.75632,0.75658,1.13,1.13
2013.09.12 16:13:53.759,0.75628,0.75654,1.32,1.13
2013.09.12 16:13:54.402,0.75628,0.75654,1.32,1.13
2013.09.12 16:13:54.910,0.75628,0.75654,1.32,1.13
2013.09.12 16:13:55.510,0.75628,0.75654,1.32,1.13
2013.09.12 16:13:56.015,0.75628,0.75652,1.32,1.13
2013.09.12 16:13:56.831,0.75625,0.7565,1.13,1.13
2013.09.12 16:13:56.889,0.75623,0.75648,1.13,1.13
2013.09.12 16:13:56.949,0.75623,0.75648,1.13,1.13
2013.09.12 16:13:58.499,0.75624,0.75649,1.13,1.13
2013.09.12 16:13:59.190,0.75624,0.75649,1.13,1.13
2013.09.12 16:13:59.371,0.75623,0.75647,1.50,1.13
2013.09.12 16:14:00.806,0.75623,0.75647,1.50,1.13
2013.09.12 16:14:01.487,0.75624,0.75649,1.13,1.13
2013.09.12 16:14:04.070,0.75624,0.75649,1.13,1.13
2013.09.12 16:14:06.165,0.75624,0.75649,1.13,1.13
2013.09.12 16:14:06.621,0.75624,0.75649,1.13,1.13
2013.09.12 16:14:07.971,0.75624,0.75649,1.13,1.13
2013.09.12 16:14:08.032,0.75624,0.75649,1.13,1.13
2013.09.12 16:14:08.590,0.75623,0.7565,2.25,1.13
2013.09.12 16:14:09.271,0.75623,0.75651,2.25,1.13
2013.09.12 16:14:11.959,0.75624,0.75651,1.13,1.13
2013.09.12 16:14:12.019,0.75624,0.7565,1.13,1.13
2013.09.12 16:14:12.379,0.75622,0.75647,1.13,1.13
2013.09.12 16:14:12.991,0.75623,0.75647,1.13,1.13
2013.09.12 16:14:20.272,0.7562,0.75646,1.50,1.13
2013.09.12 16:14:21.540,0.75621,0.75645,1.13,1.13
2013.09.12 16:14:22.153,0.75621,0.75645,1.13,1.13
2013.09.12 16:14:22.520,0.7562,0.75645,1.50,1.13
2013.09.12 16:14:22.699,0.75617,0.75644,1.13,1.13
2013.09.12 16:14:23.478,0.75617,0.75643,1.13,1.13
2013.09.12 16:14:24.146,0.75618,0.75645,1.13,1.13
2013.09.12 16:14:25.510,0.75619,0.75646,1.13,1.13
2013.09.12 16:14:25.582,0.75621,0.75646,1.13,1.13
2013.09.12 16:14:33.120,0.75621,0.75646,1.13,1.13
2013.09.12 16:14:33.643,0.75621,0.75647,1.13,1.13
2013.09.12 16:14:34.361,0.75622,0.75649,1.13,1.50
2013.09.12 16:14:38.510,0.75622,0.75648,1.13,1.13
2013.09.12 16:14:48.972,0.7562,0.75647,1.13,1.50
2013.09.12 16:14:50.319,0.7562,0.75647,1.13,1.88
2013.09.12 16:14:50.380,0.75618,0.75647,1.69,1.88
2013.09.12 16:14:50.440,0.75616,0.75642,2.07,1.13
2013.09.12 16:14:50.499,0.75616,0.75642,1.32,1.13
2013.09.12 16:14:50.559,0.75616,0.75641,1.13,1.13
2013.09.12 16:14:51.121,0.75615,0.75644,1.13,1.13
2013.09.12 16:14:51.878,0.75615,0.75645,1.13,1.50
2013.09.12 16:14:52.960,0.75615,0.75645,1.13,1.50
2013.09.12 16:14:53.991,0.75615,0.75645,1.13,1.88
2013.09.12 16:15:02.859,0.75615,0.75645,1.32,1.50
2013.09.12 16:15:03.160,0.75617,0.75648,2.44,1.50
2013.09.12 16:15:03.279,0.75622,0.75648,1.13,1.50
2013.09.12 16:15:03.780,0.75618,0.75648,1.32,1.50
2013.09.12 16:15:05.119,0.75619,0.75647,2.25,1.50
2013.09.12 16:15:12.220,0.75619,0.75648,1.13,1.50
2013.09.12 16:15:12.280,0.75618,0.75648,2.44,1.50
2013.09.12 16:15:14.018,0.75619,0.75647,1.13,1.50
2013.09.12 16:15:17.869,0.75619,0.75645,1.13,1.50
2013.09.12 16:15:18.669,0.75617,0.75645,1.13,1.50
2013.09.12 16:15:21.810,0.75617,0.75645,1.13,1.50
2013.09.12 16:15:21.870,0.75617,0.75645,1.13,1.50
2013.09.12 16:15:21.989,0.75617,0.75645,1.13,1.50
2013.09.12 16:15:22.050,0.75614,0.75644,1.32,1.50
2013.09.12 16:15:23.670,0.75614,0.75644,1.32,1.50
2013.09.12 16:15:24.224,0.75616,0.75644,1.13,1.50
2013.09.12 16:15:29.380,0.75616,0.75644,1.13,1.50
2013.09.12 16:15:31.839,0.75618,0.75646,1.13,1.13
2013.09.12 16:15:32.389,0.75618,0.75646,1.13,1.88
2013.09.12 16:15:32.809,0.75618,0.75648,1.88,1.13
2013.09.12 16:15:33.348,0.75622,0.75648,1.13,1.13
2013.09.12 16:15:36.670,0.75622,0.7565,1.13,1.88
2013.09.12 16:15:37.029,0.75626,0.75654,1.13,1.50
2013.09.12 16:15:37.239,0.75629,0.75655,1.13,1.50
2013.09.12 16:15:37.812,0.75629,0.75655,1.13,1.88
2013.09.12 16:15:38.398,0.7563,0.75655,1.13,1.13
2013.09.12 16:15:39.439,0.75626,0.75655,2.25,1.88
2013.09.12 16:15:40.129,0.75626,0.75655,1.50,1.50
2013.09.12 16:15:45.980,0.75625,0.75654,1.69,1.13
2013.09.12 16:15:48.259,0.75625,0.75654,1.69,1.13
2013.09.12 16:15:53.379,0.75625,0.75651,1.32,1.13
2013.09.12 16:15:54.719,0.75623,0.75651,2.44,1.13
2013.09.12 16:15:55.509,0.75622,0.75649,1.50,1.50
2013.09.12 16:15:55.569,0.75622,0.75649,1.50,1.88
2013.09.12 16:15:56.500,0.75623,0.75649,1.13,1.13
2013.09.12 16:16:04.309,0.75621,0.75648,1.13,1.13
2013.09.12 16:16:05.040,0.75621,0.75648,1.13,1.13
2013.09.12 16:16:05.111,0.7562,0.75648,1.50,1.13
2013.09.12 16:16:05.650,0.7562,0.75645,1.13,1.13
2013.09.12 16:16:06.250,0.75619,0.75645,1.13,1.13
2013.09.12 16:16:06.948,0.75619,0.75646,1.13,1.13
2013.09.12 16:16:07.479,0.75618,0.75647,1.50,1.88
2013.09.12 16:16:09.889,0.75619,0.75647,1.13,1.13
2013.09.12 16:16:10.139,0.7562,0.75649,1.50,1.88
2013.09.12 16:16:10.521,0.75621,0.75649,1.13,1.88
2013.09.12 16:16:14.749,0.75621,0.75649,1.13,1.88
2013.09.12 16:16:15.362,0.7562,0.75647,2.25,1.13
2013.09.12 16:16:15.479,0.7562,0.75647,2.25,1.13
2013.09.12 16:16:16.023,0.7562,0.75648,2.25,1.13
2013.09.12 16:16:19.500,0.7562,0.75649,2.25,1.88
2013.09.12 16:16:21.543,0.7562,0.75649,1.50,1.88
2013.09.12 16:16:23.561,0.7562,0.75646,1.50,1.13
2013.09.12 16:16:24.331,0.7562,0.75646,1.50,1.13
2013.09.12 16:16:24.569,0.75617,0.75644,1.13,1.13
2013.09.12 16:16:26.751,0.75619,0.75643,1.13,1.13
2013.09.12 16:16:27.471,0.75619,0.75645,1.13,1.13
2013.09.12 16:16:27.971,0.75619,0.75645,1.13,1.13
2013.09.12 16:16:28.380,0.7562,0.75647,1.13,1.13
2013.09.12 16:16:28.439,0.7562,0.75649,1.13,1.13
2013.09.12 16:16:28.741,0.75621,0.75647,1.13,1.13
2013.09.12 16:16:28.859,0.75621,0.75647,1.13,1.13
2013.09.12 16:16:29.460,0.7562,0.75648,1.50,1.13
2013.09.12 16:16:31.089,0.7562,0.75648,1.88,1.73
2013.09.12 16:16:31.590,0.75619,0.75648,1.20,2.48
2013.09.12 16:16:31.769,0.75621,0.75648,1.13,1.73
2013.09.12 16:16:32.149,0.75622,0.75648,1.13,1.73
2013.09.12 16:16:32.419,0.75621,0.75648,1.13,1.73
2013.09.12 16:16:33.852,0.75621,0.75648,1.35,1.13
2013.09.12 16:16:34.339,0.7562,0.75646,1.13,1.13
2013.09.12 16:16:35.799,0.75619,0.75644,1.13,1.13
2013.09.12 16:16:36.326,0.75618,0.75645,1.13,1.58
2013.09.12 16:16:36.849,0.75618,0.75646,1.13,1.13
2013.09.12 16:16:42.779,0.75615,0.75644,1.13,1.13
2013.09.12 16:16:43.980,0.75616,0.75644,1.13,1.13
2013.09.12 16:16:51.199,0.75619,0.75645,1.13,1.13
2013.09.12 16:16:51.994,0.75622,0.75648,1.13,1.50
2013.09.12 16:16:52.989,0.75622,0.75648,1.13,1.50
2013.09.12 16:16:54.410,0.75619,0.75645,1.13,1.50
2013.09.12 16:16:55.779,0.75618,0.75645,1.13,1.50
2013.09.12 16:16:59.680,0.75619,0.75644,1.13,1.13
2013.09.12 16:17:02.009,0.75618,0.75645,1.13,1.50
2013.09.12 16:17:02.069,0.75618,0.75646,1.13,1.50
2013.09.12 16:17:02.751,0.75618,0.75646,1.13,1.50
2013.09.12 16:17:14.091,0.75617,0.75646,1.13,1.50
2013.09.12 16:17:14.400,0.75617,0.75646,1.13,1.50
2013.09.12 16:17:14.459,0.7562,0.75647,1.13,1.88
2013.09.12 16:17:14.960,0.7562,0.75648,1.50,1.13
2013.09.12 16:17:15.199,0.7562,0.75647,1.13,1.13
2013.09.12 16:17:15.540,0.7562,0.75648,1.13,1.50
2013.09.12 16:17:15.660,0.75624,0.7565,1.13,2.25
2013.09.12 16:17:16.472,0.75624,0.7565,1.13,2.25
2013.09.12 16:17:17.231,0.75624,0.7565,1.13,2.25
2013.09.12 16:17:17.901,0.75624,0.7565,1.13,2.25
2013.09.12 16:17:23.009,0.75624,0.7565,1.13,1.88
2013.09.12 16:17:24.209,0.75624,0.7565,1.13,1.88
2013.09.12 16:17:29.269,0.75624,0.7565,1.13,1.88
2013.09.12 16:17:29.800,0.75624,0.7565,1.13,1.88
2013.09.12 16:17:35.727,0.75623,0.7565,1.13,1.88
2013.09.12 16:17:58.640,0.75622,0.7565,1.50,1.13
2013.09.12 16:18:03.401,0.75624,0.7565,1.13,1.13
2013.09.12 16:18:03.779,0.75625,0.75652,1.13,1.88
2013.09.12 16:18:06.410,0.75624,0.7565,1.13,1.13
2013.09.12 16:18:32.309,0.75624,0.7565,1.13,1.13
2013.09.12 16:18:32.931,0.75624,0.7565,1.13,1.13
2013.09.12 16:18:35.783,0.75623,0.75653,1.88,1.13
2013.09.12 16:18:35.905,0.75623,0.75653,1.88,1.13
2013.09.12 16:18:36.022,0.75623,0.7565,2.63,1.88
2013.09.12 16:18:36.080,0.75625,0.75651,1.50,1.13
2013.09.12 16:18:36.611,0.75621,0.75651,1.88,1.13
2013.09.12 16:18:36.729,0.75625,0.75651,1.13,1.13
2013.09.12 16:18:37.280,0.75626,0.75649,1.50,1.13
2013.09.12 16:18:37.459,0.75626,0.75653,2.25,1.13
2013.09.12 16:18:38.282,0.75626,0.75651,1.13,1.13
2013.09.12 16:18:39.139,0.75626,0.75649,1.13,1.13
2013.09.12 16:18:39.950,0.75625,0.75649,1.50,1.13
2013.09.12 16:18:41.641,0.75622,0.75648,1.50,1.13
2013.09.12 16:18:42.201,0.75623,0.75648,1.50,1.13
2013.09.12 16:18:42.341,0.75623,0.75648,1.13,1.13
2013.09.12 16:18:42.964,0.75622,0.75648,1.50,1.13
2013.09.12 16:18:43.500,0.75622,0.75648,1.50,1.13
2013.09.12 16:18:44.010,0.75622,0.7565,1.13,1.13
2013.09.12 16:18:44.591,0.75622,0.7565,1.13,1.13
2013.09.12 16:18:45.301,0.75622,0.7565,1.50,1.13
2013.09.12 16:18:45.730,0.75623,0.75651,1.50,1.50
2013.09.12 16:18:47.008,0.75623,0.75649,1.50,1.13
2013.09.12 16:18:47.673,0.75623,0.75649,1.88,1.13
2013.09.12 16:18:49.439,0.75624,0.75649,1.13,1.13
2013.09.12 16:18:50.530,0.75625,0.75651,1.50,1.50
2013.09.12 16:18:51.024,0.75624,0.75649,1.13,1.13
2013.09.12 16:18:53.171,0.75623,0.75651,1.88,1.50
2013.09.12 16:18:54.276,0.75622,0.7565,1.88,1.13
2013.09.12 16:18:54.936,0.75622,0.7565,1.88,1.13
2013.09.12 16:18:57.352,0.75622,0.7565,1.88,1.13
2013.09.12 16:18:59.341,0.75622,0.7565,1.88,1.13
2013.09.12 16:19:03.841,0.75622,0.7565,1.88,1.13
2013.09.12 16:19:04.201,0.75623,0.75648,1.13,1.13
2013.09.12 16:19:05.071,0.75622,0.75648,1.50,1.13
2013.09.12 16:19:05.450,0.75619,0.75647,1.50,1.50
2013.09.12 16:19:05.955,0.75619,0.75647,1.50,1.50
2013.09.12 16:19:06.192,0.75623,0.75647,1.13,1.50
2013.09.12 16:19:06.739,0.75623,0.75647,1.13,1.50
2013.09.12 16:19:13.720,0.75619,0.75645,1.50,1.13
2013.09.12 16:19:14.102,0.75618,0.75644,1.50,1.13
2013.09.12 16:19:14.621,0.75618,0.75644,1.88,1.13
2013.09.12 16:19:18.750,0.75618,0.75646,1.88,1.50
2013.09.12 16:19:22.654,0.75617,0.75645,1.88,1.13
2013.09.12 16:19:23.101,0.75616,0.75643,1.13,1.13
2013.09.12 16:19:23.985,0.75618,0.75644,1.50,1.13
2013.09.12 16:19:24.051,0.75618,0.75644,1.50,1.13
2013.09.12 16:19:24.170,0.75619,0.75647,1.88,1.50
2013.09.12 16:19:24.470,0.75616,0.75644,1.88,1.13
2013.09.12 16:19:24.529,0.75619,0.75644,1.50,1.13
2013.09.12 16:19:25.541,0.75615,0.75644,1.13,1.13
2013.09.12 16:19:27.080,0.75615,0.75643,3.00,1.13
2013.09.12 16:19:33.491,0.75614,0.75643,2.25,1.13
2013.09.12 16:19:36.899,0.75615,0.75641,1.13,1.13
2013.09.12 16:19:37.290,0.7561,0.75638,1.88,1.13
2013.09.12 16:19:37.470,0.75609,0.75632,1.13,1.13
2013.09.12 16:19:37.741,0.75608,0.75634,1.13,1.13
2013.09.12 16:19:44.641,0.75608,0.75636,1.13,1.88
2013.09.12 16:19:49.941,0.75608,0.75636,1.13,1.88
2013.09.12 16:19:50.861,0.75608,0.75636,1.13,1.88
2013.09.12 16:19:51.720,0.75608,0.75635,1.13,1.13
2013.09.12 16:19:54.541,0.75609,0.75635,1.13,1.88
2013.09.12 16:19:55.971,0.75609,0.75635,1.13,1.88
2013.09.12 16:19:56.736,0.75606,0.75635,3.00,1.88
2013.09.12 16:20:03.131,0.75606,0.75634,1.50,1.13
2013.09.12 16:20:03.451,0.75606,0.75634,1.50,1.13
2013.09.12 16:20:03.850,0.75609,0.75635,1.13,1.13
2013.09.12 16:20:03.909,0.75607,0.75635,1.13,1.13
2013.09.12 16:20:04.151,0.75606,0.75634,1.13,1.13
2013.09.12 16:20:04.461,0.75605,0.75631,1.88,1.13
2013.09.12 16:20:05.149,0.75607,0.75633,1.13,1.13
2013.09.12 16:20:06.041,0.75605,0.75631,1.88,1.13
2013.09.12 16:20:07.922,0.75605,0.75631,1.13,1.13
2013.09.12 16:20:07.992,0.75605,0.75631,1.13,1.13
2013.09.12 16:20:08.281,0.75605,0.75631,1.13,1.13
2013.09.12 16:20:09.751,0.75607,0.75634,1.13,1.50
2013.09.12 16:20:13.901,0.75608,0.75634,1.13,1.50
2013.09.12 16:20:14.572,0.75608,0.75634,1.13,2.25
2013.09.12 16:20:14.991,0.75609,0.75634,1.13,1.13
2013.09.12 16:20:15.110,0.75608,0.75634,1.50,1.13
2013.09.12 16:20:15.770,0.7561,0.75635,1.50,1.50
2013.09.12 16:20:19.062,0.7561,0.75635,3.38,1.50
2013.09.12 16:20:19.790,0.75613,0.75635,1.13,1.13
2013.09.12 16:20:22.601,0.75612,0.75635,1.13,1.13
2013.09.12 16:20:22.860,0.75614,0.75637,1.13,1.13
2013.09.12 16:20:23.401,0.75611,0.75637,1.50,1.13
2013.09.12 16:20:23.910,0.75614,0.75639,2.63,1.13
2013.09.12 16:20:24.494,0.75614,0.75639,2.63,1.13
2013.09.12 16:20:25.141,0.75615,0.75639,1.13,1.13
2013.09.12 16:20:31.220,0.75613,0.75639,1.88,1.50
2013.09.12 16:20:31.770,0.75613,0.75638,1.50,1.50
2013.09.12 16:20:32.040,0.75614,0.7564,1.88,1.50
2013.09.12 16:20:35.160,0.75614,0.75639,1.50,1.50
2013.09.12 16:20:35.670,0.7562,0.75642,1.13,1.13
2013.09.12 16:20:35.729,0.7562,0.75644,1.13,1.13
2013.09.12 16:20:35.850,0.75621,0.75646,1.50,1.13
2013.09.12 16:20:35.970,0.75616,0.75648,2.44,1.13
2013.09.12 16:20:36.150,0.75621,0.75649,1.88,1.50
2013.09.12 16:20:36.349,0.75625,0.75649,1.13,1.13
2013.09.12 16:20:39.515,0.75625,0.75649,1.13,1.13
2013.09.12 16:20:42.164,0.75625,0.75649,1.13,1.13
2013.09.12 16:20:42.375,0.75625,0.75649,1.13,1.13
2013.09.12 16:20:42.924,0.75621,0.75648,1.50,1.13
2013.09.12 16:20:43.511,0.75621,0.75648,1.50,1.13
2013.09.12 16:20:45.683,0.75623,0.75648,3.00,1.13
2013.09.12 16:20:45.841,0.75623,0.75652,3.00,1.13
2013.09.12 16:20:47.111,0.75624,0.7565,2.63,1.50
2013.09.12 16:20:47.230,0.75624,0.75649,2.63,1.13
2013.09.12 16:20:47.879,0.75623,0.75648,1.88,1.13
2013.09.12 16:20:49.029,0.7562,0.75647,1.13,1.13
2013.09.12 16:20:51.293,0.75617,0.75646,1.50,1.50
2013.09.12 16:20:51.470,0.75616,0.75642,1.88,1.13
2013.09.12 16:20:51.530,0.75616,0.75642,1.50,1.13
2013.09.12 16:20:55.752,0.75616,0.75642,1.50,1.13
2013.09.12 16:20:59.081,0.75617,0.75642,1.13,1.13
2013.09.12 16:20:59.411,0.75616,0.75642,1.50,1.13
2013.09.12 16:20:59.610,0.75613,0.7564,2.63,1.13
2013.09.12 16:20:59.670,0.75614,0.7564,2.25,1.13
2013.09.12 16:21:00.221,0.7561,0.75637,1.13,1.50
2013.09.12 16:21:00.955,0.75608,0.75635,1.13,1.13
2013.09.12 16:21:02.187,0.75607,0.75635,1.88,1.13
2013.09.12 16:21:02.570,0.75609,0.75635,1.13,1.50
2013.09.12 16:21:03.852,0.75608,0.75635,1.13,1.50
2013.09.12 16:21:03.970,0.7561,0.75636,1.13,1.13
2013.09.12 16:21:04.780,0.7561,0.75636,1.88,1.13
2013.09.12 16:21:14.342,0.75611,0.75636,1.13,1.13
2013.09.12 16:21:14.581,0.75613,0.75638,2.63,1.13
2013.09.12 16:21:14.641,0.75615,0.75641,1.13,1.50
2013.09.12 16:21:15.743,0.75614,0.7564,1.13,1.50
2013.09.12 16:21:16.100,0.75613,0.7564,1.88,1.50
2013.09.12 16:21:16.713,0.75613,0.7564,1.88,1.50
2013.09.12 16:21:20.069,0.75612,0.7564,1.13,1.50
2013.09.12 16:21:20.690,0.75611,0.75639,1.88,1.50
2013.09.12 16:21:24.949,0.75612,0.75637,2.63,1.13
2013.09.12 16:21:25.070,0.75612,0.75639,2.63,1.50
2013.09.12 16:21:29.740,0.75611,0.75637,1.13,1.13
2013.09.12 16:21:29.800,0.75608,0.75635,1.88,1.13
2013.09.12 16:21:30.070,0.75607,0.75634,1.13,1.50
2013.09.12 16:21:30.660,0.75609,0.75634,1.13,1.50
2013.09.12 16:21:36.100,0.75607,0.75634,1.13,1.50
2013.09.12 16:21:37.151,0.75605,0.75633,1.13,1.50
2013.09.12 16:21:39.461,0.75605,0.75633,1.13,2.25
2013.09.12 16:21:39.871,0.75605,0.75633,1.13,1.50
2013.09.12 16:21:40.540,0.75608,0.75633,1.13,1.13
2013.09.12 16:21:44.311,0.75608,0.75633,1.13,1.13
2013.09.12 16:21:44.490,0.75609,0.75637,1.13,1.50
2013.09.12 16:21:44.550,0.75609,0.75637,1.13,1.50
2013.09.12 16:21:45.240,0.75611,0.75639,1.13,1.50
2013.09.12 16:21:45.421,0.75611,0.75639,1.13,1.50
2013.09.12 16:21:45.540,0.75609,0.75637,1.13,1.50
2013.09.12 16:21:45.901,0.75609,0.7563,1.13,1.13
2013.09.12 16:21:46.080,0.75602,0.7563,1.13,2.25
2013.09.12 16:21:46.460,0.75605,0.75628,1.13,1.13
2013.09.12 16:21:46.640,0.75607,0.75632,1.13,1.13
2013.09.12 16:21:47.000,0.75607,0.75635,1.13,1.50
2013.09.12 16:21:47.060,0.75613,0.75633,1.88,1.13
2013.09.12 16:21:47.300,0.75612,0.75636,1.88,1.50
2013.09.12 16:21:47.423,0.75612,0.75637,1.88,1.13
2013.09.12 16:21:48.185,0.75612,0.75637,2.63,1.13
2013.09.12 16:21:48.824,0.75612,0.75637,2.63,1.13
2013.09.12 16:21:49.061,0.75612,0.75637,1.13,1.13
2013.09.12 16:21:49.361,0.75608,0.75637,1.13,1.13
2013.09.12 16:21:49.420,0.75608,0.75636,1.13,1.13
2013.09.12 16:21:49.481,0.75608,0.75636,1.13,1.50
2013.09.12 16:21:49.721,0.75607,0.75636,1.13,1.50
2013.09.12 16:21:50.060,0.75601,0.75628,1.69,1.50
2013.09.12 16:21:50.693,0.75601,0.75627,1.69,1.13
2013.09.12 16:21:52.010,0.756,0.75631,1.88,1.50
2013.09.12 16:21:52.430,0.756,0.75627,1.50,1.13
2013.09.12 16:21:53.091,0.75601,0.75626,1.13,1.13
2013.09.12 16:21:55.311,0.756,0.75626,1.13,1.13
2013.09.12 16:21:55.790,0.756,0.75629,1.13,1.13
2013.09.12 16:21:55.970,0.75601,0.75631,1.13,2.25
2013.09.12 16:21:56.671,0.75603,0.75631,1.13,1.50
2013.09.12 16:21:56.972,0.75603,0.75635,2.63,1.88
2013.09.12 16:21:57.030,0.75607,0.75636,1.13,1.13
2013.09.12 16:21:57.211,0.75608,0.75637,1.88,1.50
2013.09.12 16:21:57.770,0.75608,0.75637,1.88,1.50
2013.09.12 16:21:59.691,0.75608,0.75637,1.88,1.50
2013.09.12 16:22:02.462,0.75606,0.75634,1.32,1.13
2013.09.12 16:22:03.090,0.75606,0.75631,1.13,1.13
2013.09.12 16:22:03.671,0.75605,0.75631,1.50,1.13
2013.09.12 16:22:04.192,0.75606,0.75633,1.50,1.13
2013.09.12 16:22:04.750,0.75606,0.75633,1.88,1.13
2013.09.12 16:22:09.053,0.75605,0.75633,2.63,1.13
2013.09.12 16:22:12.140,0.75605,0.75633,1.88,1.50
2013.09.12 16:22:12.693,0.75605,0.75633,1.88,1.50
2013.09.12 16:22:14.259,0.75605,0.75632,1.88,1.50
2013.09.12 16:22:14.730,0.75607,0.75633,1.50,1.50
2013.09.12 16:22:16.036,0.75606,0.75632,1.88,1.50
2013.09.12 16:22:19.840,0.75608,0.75632,1.13,1.13
2013.09.12 16:22:20.000,0.75608,0.75633,1.13,1.50
2013.09.12 16:22:22.080,0.75608,0.75633,1.13,1.13
2013.09.12 16:22:27.092,0.75608,0.75634,1.13,1.50
2013.09.12 16:22:27.861,0.75608,0.75634,1.13,1.50
2013.09.12 16:22:30.540,0.75607,0.75632,1.13,1.13
2013.09.12 16:22:30.750,0.75605,0.75632,1.13,1.13
2013.09.12 16:22:31.222,0.75604,0.75632,2.44,1.13
2013.09.12 16:22:35.001,0.75604,0.75632,2.25,1.13
2013.09.12 16:22:38.922,0.75607,0.75634,1.88,1.50
2013.09.12 16:22:38.981,0.75608,0.75634,1.13,1.50
2013.09.12 16:22:39.450,0.7561,0.75638,1.13,1.50
2013.09.12 16:22:39.754,0.75611,0.75638,1.13,1.50
2013.09.12 16:22:41.394,0.7561,0.75638,1.88,1.13
2013.09.12 16:22:41.761,0.7561,0.75639,1.88,1.50
2013.09.12 16:22:41.943,0.7561,0.75639,1.13,1.50
2013.09.12 16:22:42.001,0.7561,0.75635,1.13,1.13
2013.09.12 16:22:44.160,0.7561,0.75637,1.13,1.13
2013.09.12 16:23:00.316,0.75608,0.75636,1.88,4.88
2013.09.12 16:23:00.670,0.75608,0.75636,1.32,1.50
2013.09.12 16:23:01.620,0.75608,0.75634,1.13,1.13
2013.09.12 16:23:02.168,0.75604,0.75631,2.44,4.50
2013.09.12 16:23:02.813,0.75605,0.75633,1.69,1.13
2013.09.12 16:23:03.527,0.75605,0.75633,1.69,1.13
2013.09.12 16:23:03.782,0.75605,0.75632,1.50,4.13
2013.09.12 16:23:03.841,0.75604,0.7563,1.69,1.13
2013.09.12 16:23:04.542,0.75604,0.7563,1.69,1.13
2013.09.12 16:23:05.075,0.75604,0.7563,1.69,1.13
2013.09.12 16:23:05.697,0.75604,0.7563,1.69,1.13
2013.09.12 16:23:06.750,0.75603,0.75629,3.00,1.13
2013.09.12 16:23:06.810,0.75602,0.75628,1.69,1.13
2013.09.12 16:23:06.930,0.75602,0.75628,1.32,1.50
2013.09.12 16:23:08.798,0.756,0.75628,1.50,1.50
2013.09.12 16:23:10.030,0.75602,0.7563,1.13,1.50
2013.09.12 16:23:10.090,0.75602,0.7563,1.13,1.50
2013.09.12 16:23:10.591,0.75602,0.7563,1.13,1.13
2013.09.12 16:23:10.810,0.75603,0.7563,2.82,1.13
2013.09.12 16:23:11.272,0.75603,0.7563,2.82,1.13
2013.09.12 16:23:12.330,0.75603,0.7563,2.82,1.13
2013.09.12 16:23:16.032,0.75603,0.75631,3.57,1.13
2013.09.12 16:23:16.693,0.75603,0.75631,1.32,1.13
2013.09.12 16:23:17.313,0.75603,0.75631,3.57,1.88
2013.09.12 16:23:19.981,0.75603,0.75631,3.57,1.88
2013.09.12 16:23:20.450,0.75603,0.75631,2.82,1.88
2013.09.12 16:23:20.570,0.75602,0.75629,1.32,1.88
2013.09.12 16:23:20.910,0.75602,0.75628,1.32,1.13
2013.09.12 16:23:21.301,0.75602,0.75628,1.13,1.13
2013.09.12 16:23:22.831,0.75599,0.75628,1.13,1.13
2013.09.12 16:23:25.440,0.75599,0.75629,1.13,2.25
2013.09.12 16:23:25.501,0.75603,0.75631,1.13,1.50
2013.09.12 16:23:25.621,0.75603,0.75631,1.13,1.50
2013.09.12 16:23:26.620,0.75603,0.75631,1.13,1.50
2013.09.12 16:23:27.242,0.75603,0.75628,1.13,1.13
2013.09.12 16:23:27.300,0.75603,0.75628,1.13,1.13
2013.09.12 16:23:31.090,0.75601,0.75628,1.13,1.88
2013.09.12 16:23:31.210,0.75599,0.75626,1.13,1.13
2013.09.12 16:23:31.450,0.756,0.75627,1.13,1.13
2013.09.12 16:23:34.365,0.75601,0.75627,1.13,1.13
2013.09.12 16:23:35.102,0.75601,0.75629,1.13,1.50
2013.09.12 16:23:38.730,0.75601,0.75627,1.13,1.13
2013.09.12 16:23:39.360,0.75601,0.75629,1.88,1.13
2013.09.12 16:23:39.768,0.75604,0.75629,1.13,1.13
2013.09.12 16:23:40.541,0.75603,0.75629,1.88,1.13
2013.09.12 16:23:42.240,0.75603,0.75631,1.88,1.13
2013.09.12 16:23:48.961,0.75603,0.75629,1.13,1.50
2013.09.12 16:23:49.080,0.75603,0.75629,1.13,1.88
2013.09.12 16:23:49.420,0.75602,0.75628,1.13,1.50
2013.09.12 16:23:49.481,0.75602,0.75628,1.13,1.88
2013.09.12 16:23:50.021,0.756,0.75626,1.13,1.50
2013.09.12 16:23:50.703,0.756,0.75626,1.13,1.50
2013.09.12 16:23:50.890,0.75601,0.75627,1.13,1.13
2013.09.12 16:23:51.370,0.75602,0.7563,1.13,1.88
2013.09.12 16:23:51.611,0.75604,0.75633,1.13,1.88
2013.09.12 16:23:51.971,0.75611,0.75637,1.13,1.88
2013.09.12 16:23:52.460,0.75609,0.75635,1.13,1.88
2013.09.12 16:23:55.991,0.75609,0.75634,1.13,1.13
2013.09.12 16:23:58.740,0.75609,0.75634,1.13,1.13
2013.09.12 16:24:04.025,0.75609,0.75634,1.13,1.13
2013.09.12 16:24:04.625,0.75608,0.75632,1.13,1.13
2013.09.12 16:24:08.291,0.75608,0.75631,1.13,1.13
2013.09.12 16:24:08.481,0.75606,0.75631,1.50,1.13
2013.09.12 16:24:09.540,0.75605,0.75629,1.13,1.13
2013.09.12 16:24:10.051,0.75603,0.75627,1.13,1.13
2013.09.12 16:24:13.022,0.75603,0.75626,1.13,1.13
2013.09.12 16:24:13.080,0.75601,0.75626,1.50,1.13
2013.09.12 16:24:13.140,0.75601,0.75624,1.13,1.13
2013.09.12 16:24:13.501,0.75596,0.75621,1.13,1.13
2013.09.12 16:24:13.560,0.75595,0.75621,1.13,1.13
2013.09.12 16:24:13.760,0.75595,0.75619,1.13,1.13
2013.09.12 16:24:13.820,0.75592,0.75618,1.13,1.13
2013.09.12 16:24:13.982,0.75591,0.75618,1.13,1.13
2013.09.12 16:24:14.812,0.75591,0.75618,1.13,1.13
2013.09.12 16:24:15.493,0.75591,0.75618,1.13,1.13
2013.09.12 16:24:17.302,0.75591,0.75616,1.13,1.13
2013.09.12 16:24:17.851,0.75591,0.75616,1.13,1.13
2013.09.12 16:24:18.763,0.75591,0.75618,1.13,1.13
2013.09.12 16:24:23.600,0.75591,0.75617,1.13,1.13
2013.09.12 16:24:25.124,0.75591,0.75617,1.13,1.13
2013.09.12 16:24:25.455,0.75591,0.75617,1.13,1.13
2013.09.12 16:24:25.701,0.75588,0.75614,1.50,1.88
2013.09.12 16:24:38.900,0.75589,0.75614,1.13,1.13
2013.09.12 16:24:39.070,0.75587,0.75614,1.50,1.13
2013.09.12 16:24:40.281,0.75585,0.75614,1.32,2.25
2013.09.12 16:24:40.715,0.75584,0.75612,2.07,1.88
2013.09.12 16:24:41.770,0.75584,0.75612,2.07,1.88
2013.09.12 16:24:44.282,0.75584,0.75612,1.32,1.88
2013.09.12 16:24:44.911,0.75584,0.75611,1.32,1.13
2013.09.12 16:25:01.120,0.75589,0.75617,1.13,1.88
2013.09.12 16:25:01.240,0.75589,0.75617,1.13,1.13
2013.09.12 16:25:01.801,0.75592,0.75619,1.13,1.88
2013.09.12 16:25:02.960,0.75591,0.75619,1.13,1.88
2013.09.12 16:25:03.880,0.75591,0.75619,1.13,1.13
2013.09.12 16:25:04.420,0.75595,0.75621,1.13,1.88
2013.09.12 16:25:06.941,0.75595,0.75621,1.13,1.88
2013.09.12 16:25:07.060,0.75596,0.75621,1.13,1.13
2013.09.12 16:25:07.141,0.75598,0.75622,1.13,1.13
2013.09.12 16:25:07.722,0.75598,0.75623,1.13,1.13
2013.09.12 16:25:08.867,0.75598,0.75622,1.13,1.13
2013.09.12 16:25:09.418,0.75595,0.75622,1.13,1.88
2013.09.12 16:25:09.942,0.75595,0.75622,1.13,1.88
2013.09.12 16:25:10.840,0.75598,0.75622,1.13,1.13
2013.09.12 16:25:11.449,0.75595,0.75622,1.13,1.13
2013.09.12 16:25:11.892,0.75595,0.75622,1.13,1.88
2013.09.12 16:25:12.470,0.75595,0.75622,1.13,1.88
2013.09.12 16:25:12.530,0.75595,0.75619,1.13,1.13
2013.09.12 16:25:12.770,0.75595,0.75622,1.13,1.13
2013.09.12 16:25:13.288,0.75595,0.75622,1.13,1.50
2013.09.12 16:25:13.410,0.75595,0.75623,1.88,1.13
2013.09.12 16:25:13.550,0.75595,0.75622,1.88,1.13
2013.09.12 16:25:14.981,0.75595,0.7562,1.13,1.13
2013.09.12 16:25:15.280,0.75591,0.75617,1.88,1.13
2013.09.12 16:25:15.400,0.75591,0.75617,1.50,1.13
2013.09.12 16:25:15.726,0.75592,0.75618,1.88,1.13
2013.09.12 16:25:16.544,0.75592,0.7562,1.88,1.13
2013.09.12 16:25:18.780,0.75594,0.7562,1.13,1.13
2013.09.12 16:25:19.710,0.75593,0.75621,1.13,1.13
2013.09.12 16:25:23.200,0.75593,0.75621,1.13,1.50
2013.09.12 16:25:23.341,0.75591,0.75619,1.13,1.50
2013.09.12 16:25:25.151,0.75589,0.75617,2.07,1.13
2013.09.12 16:25:28.350,0.75588,0.75617,1.50,1.13
2013.09.12 16:25:28.999,0.75587,0.75613,1.50,1.13
2013.09.12 16:25:30.131,0.75582,0.75608,1.13,1.13
2013.09.12 16:25:30.720,0.75582,0.75608,1.13,1.13
2013.09.12 16:25:31.413,0.75582,0.75608,1.13,1.13
2013.09.12 16:25:40.270,0.75583,0.75609,1.13,1.13
2013.09.12 16:25:40.860,0.75583,0.7561,1.88,1.13
2013.09.12 16:25:42.214,0.75584,0.7561,1.13,1.13
2013.09.12 16:25:42.571,0.75587,0.75613,1.13,1.13
2013.09.12 16:25:43.220,0.75589,0.75614,1.13,1.13
2013.09.12 16:25:43.842,0.75589,0.75615,1.13,1.50
2013.09.12 16:25:44.361,0.75589,0.75615,1.88,1.50
2013.09.12 16:25:44.563,0.75589,0.75615,1.88,1.13
2013.09.12 16:25:44.682,0.75589,0.75615,1.50,1.13
2013.09.12 16:25:44.741,0.75588,0.75613,1.13,1.13
2013.09.12 16:25:45.301,0.75589,0.75615,1.50,1.50
2013.09.12 16:25:45.827,0.75585,0.75611,1.13,1.13
2013.09.12 16:25:48.170,0.75585,0.75611,1.13,1.13
2013.09.12 16:25:48.916,0.75586,0.75612,1.13,1.13
2013.09.12 16:25:49.840,0.75586,0.75612,1.13,1.13
2013.09.12 16:25:50.080,0.75587,0.75613,1.13,1.13
2013.09.12 16:25:50.631,0.75586,0.75614,1.13,1.13
2013.09.12 16:25:53.861,0.75585,0.75613,1.13,1.13
2013.09.12 16:25:54.673,0.75585,0.75611,1.13,1.13
2013.09.12 16:25:55.191,0.75585,0.75611,1.13,1.13
2013.09.12 16:25:55.512,0.75581,0.75607,1.50,1.13
2013.09.12 16:25:56.024,0.75581,0.75607,1.50,1.13
2013.09.12 16:25:57.162,0.75581,0.75607,1.50,1.13
2013.09.12 16:26:00.623,0.75581,0.75608,1.13,1.13
2013.09.12 16:26:01.331,0.75582,0.75608,1.88,1.13
2013.09.12 16:26:03.451,0.75583,0.7561,1.13,1.13
2013.09.12 16:26:03.570,0.75584,0.75611,1.13,1.13
2013.09.12 16:26:03.882,0.75585,0.75612,1.13,1.13
2013.09.12 16:26:17.520,0.75585,0.75611,1.13,1.13
2013.09.12 16:26:17.833,0.75582,0.75609,1.32,1.13
2013.09.12 16:26:18.110,0.75582,0.75609,1.13,1.13
2013.09.12 16:26:18.831,0.75583,0.75609,1.13,1.50
2013.09.12 16:26:21.283,0.75582,0.75608,1.13,1.13
2013.09.12 16:26:21.812,0.75579,0.75606,2.63,1.13
2013.09.12 16:26:22.720,0.75579,0.75605,1.13,1.50
2013.09.12 16:26:23.352,0.75579,0.75605,1.50,1.50
2013.09.12 16:26:23.840,0.75579,0.75604,1.50,1.13
2013.09.12 16:26:23.960,0.75583,0.75609,1.13,1.50
2013.09.12 16:26:24.020,0.7558,0.75609,1.50,1.50
2013.09.12 16:26:24.471,0.75579,0.75607,1.50,1.50
2013.09.12 16:26:24.991,0.75578,0.75605,2.63,1.13
2013.09.12 16:26:26.650,0.75578,0.75607,2.63,1.50
2013.09.12 16:26:27.259,0.75581,0.75606,1.13,1.13
2013.09.12 16:26:27.323,0.75582,0.7561,1.88,1.13
2013.09.12 16:26:28.891,0.75583,0.75612,2.63,1.88
2013.09.12 16:26:28.952,0.75586,0.75612,1.13,1.13
2013.09.12 16:26:29.492,0.75586,0.75613,1.13,1.13
2013.09.12 16:26:30.231,0.75585,0.75614,1.88,1.13
2013.09.12 16:26:30.292,0.75589,0.75614,1.13,1.13
2013.09.12 16:26:30.949,0.75589,0.75615,1.13,1.13
2013.09.12 16:26:31.012,0.75588,0.75616,1.88,1.13
2013.09.12 16:26:31.521,0.75592,0.75618,1.13,1.13
2013.09.12 16:26:33.580,0.75592,0.75619,1.13,1.88
2013.09.12 16:26:37.920,0.75592,0.75621,1.88,1.13
2013.09.12 16:26:38.221,0.75595,0.75627,1.88,2.82
2013.09.12 16:26:38.401,0.75601,0.75627,1.13,2.44
2013.09.12 16:26:38.461,0.75601,0.75628,1.13,1.13
2013.09.12 16:26:38.981,0.75601,0.75628,1.13,1.13
2013.09.12 16:26:39.662,0.75599,0.75628,1.88,1.13
2013.09.12 16:26:39.781,0.75599,0.75625,1.88,1.13
2013.09.12 16:26:39.973,0.75599,0.75625,1.50,1.13
2013.09.12 16:26:40.610,0.75599,0.75625,1.88,1.13
2013.09.12 16:26:41.391,0.75599,0.75625,1.88,1.13
2013.09.12 16:26:42.720,0.75597,0.75623,1.13,1.13
2013.09.12 16:26:42.840,0.75596,0.75622,1.13,1.13
2013.09.12 16:26:43.532,0.75595,0.75621,1.13,1.13
2013.09.12 16:26:44.030,0.75593,0.75621,1.13,1.13
2013.09.12 16:26:48.041,0.7559,0.75619,1.88,1.50
2013.09.12 16:26:48.101,0.75591,0.75619,1.13,2.25
2013.09.12 16:26:50.090,0.75593,0.75618,1.13,1.13
2013.09.12 16:26:50.311,0.75593,0.7562,1.13,1.13
2013.09.12 16:26:51.054,0.75591,0.75619,1.13,1.13
2013.09.12 16:26:53.071,0.7559,0.75619,1.88,1.13
2013.09.12 16:26:53.310,0.75589,0.75617,1.13,1.13
2013.09.12 16:26:53.702,0.75588,0.75616,1.13,1.13
2013.09.12 16:26:54.322,0.75588,0.75616,1.88,1.13
2013.09.12 16:26:54.380,0.7559,0.75619,1.50,1.13
2013.09.12 16:26:54.500,0.75591,0.75619,1.13,1.13
2013.09.12 16:26:58.192,0.75591,0.75621,1.13,2.25
2013.09.12 16:26:59.341,0.75591,0.7562,1.13,1.50
2013.09.12 16:26:59.520,0.75597,0.75623,1.13,1.50
2013.09.12 16:26:59.640,0.75596,0.75622,1.13,1.50
2013.09.12 16:26:59.952,0.75595,0.7562,1.13,1.13
2013.09.12 16:27:00.282,0.75592,0.75617,1.13,1.13
2013.09.12 16:27:00.731,0.75587,0.75615,1.88,1.13
2013.09.12 16:27:01.451,0.75587,0.75615,1.88,1.13
2013.09.12 16:27:01.512,0.75587,0.75613,1.13,1.13
2013.09.12 16:27:01.861,0.75586,0.75613,1.13,1.13
2013.09.12 16:27:03.035,0.75585,0.75613,1.13,1.13
2013.09.12 16:27:03.822,0.75586,0.75613,1.13,1.13
2013.09.12 16:27:04.520,0.75584,0.75612,1.13,1.13
2013.09.12 16:27:05.365,0.75585,0.75612,1.13,1.13
2013.09.12 16:27:06.033,0.75585,0.75612,1.13,1.13
2013.09.12 16:27:06.561,0.75584,0.75612,1.13,1.13
2013.09.12 16:27:06.671,0.75584,0.75612,1.13,1.13
2013.09.12 16:27:07.490,0.75584,0.75612,1.13,1.13
2013.09.12 16:27:09.111,0.75584,0.75612,1.13,1.13
2013.09.12 16:27:09.350,0.75586,0.75614,1.13,1.13
2013.09.12 16:27:09.973,0.75586,0.75614,1.13,1.13
2013.09.12 16:27:10.151,0.75588,0.75616,1.13,1.13
2013.09.12 16:27:10.295,0.75591,0.75617,1.13,1.13
2013.09.12 16:27:10.591,0.75592,0.7562,1.32,1.13
2013.09.12 16:27:10.651,0.75594,0.7562,1.13,1.13
2013.09.12 16:27:10.770,0.75594,0.75622,1.13,1.88
2013.09.12 16:27:11.022,0.75594,0.75622,1.88,1.13
2013.09.12 16:27:11.230,0.75594,0.75622,1.88,1.13
2013.09.12 16:27:11.780,0.75594,0.7562,1.13,1.13
2013.09.12 16:27:12.272,0.75594,0.7562,1.13,1.13
2013.09.12 16:27:12.913,0.75595,0.75619,1.13,1.13
2013.09.12 16:27:12.972,0.75595,0.75619,1.13,1.13
2013.09.12 16:27:13.090,0.75599,0.75626,1.13,1.13
2013.09.12 16:27:13.270,0.75602,0.75628,1.88,1.13
2013.09.12 16:27:13.390,0.75602,0.75628,1.88,1.13
2013.09.12 16:27:13.512,0.75602,0.75632,1.50,1.13
2013.09.12 16:27:13.820,0.75602,0.7563,1.88,1.13
2013.09.12 16:27:14.270,0.75601,0.75627,1.13,1.13
2013.09.12 16:27:14.816,0.75601,0.75626,1.13,1.13
2013.09.12 16:27:15.361,0.756,0.75626,1.50,1.13
2013.09.12 16:27:16.155,0.756,0.75626,1.88,1.13
2013.09.12 16:27:18.009,0.756,0.75626,1.88,1.13
2013.09.12 16:27:18.541,0.756,0.75626,1.13,1.13
2013.09.12 16:27:19.211,0.756,0.75626,1.13,1.13
2013.09.12 16:27:19.910,0.756,0.75626,1.13,1.13
2013.09.12 16:27:20.922,0.75603,0.7563,1.13,1.13
2013.09.12 16:27:20.981,0.75603,0.7563,1.13,1.13
2013.09.12 16:27:21.160,0.75604,0.75632,1.13,1.13
2013.09.12 16:27:21.221,0.75605,0.75633,1.50,1.13
2013.09.12 16:27:21.741,0.75605,0.75633,1.88,1.13
2013.09.12 16:27:22.290,0.75604,0.75632,1.13,1.13
2013.09.12 16:27:22.350,0.75603,0.75632,1.13,1.13
2013.09.12 16:27:22.866,0.75602,0.75628,1.88,1.13
2013.09.12 16:27:25.080,0.75602,0.75628,1.50,1.13
2013.09.12 16:27:25.401,0.756,0.75625,1.13,1.13
2013.09.12 16:27:27.282,0.75599,0.75623,1.13,1.13
2013.09.12 16:27:42.421,0.756,0.75626,1.13,1.13
2013.09.12 16:27:42.690,0.75599,0.75625,1.13,1.13
2013.09.12 16:27:43.701,0.75597,0.75624,1.50,1.13
2013.09.12 16:27:43.761,0.75597,0.75624,1.50,1.13
2013.09.12 16:27:44.074,0.75597,0.75624,1.88,1.13
2013.09.12 16:27:44.432,0.75603,0.75628,1.13,1.13
2013.09.12 16:27:44.491,0.75603,0.75628,1.13,1.13
2013.09.12 16:27:44.680,0.75603,0.75628,1.13,1.13
2013.09.12 16:27:45.306,0.75603,0.75627,1.13,1.13
2013.09.12 16:27:50.171,0.75604,0.75629,1.13,1.13
2013.09.12 16:27:50.290,0.75603,0.75629,1.13,1.13
2013.09.12 16:27:50.350,0.75603,0.75629,1.13,1.13
2013.09.12 16:27:51.331,0.75601,0.75629,1.13,1.13
2013.09.12 16:27:56.520,0.75604,0.75633,1.13,1.13
2013.09.12 16:27:56.642,0.75604,0.75633,1.13,1.13
2013.09.12 16:28:19.644,0.75608,0.75633,1.13,1.13
2013.09.12 16:28:20.071,0.75611,0.75636,1.13,1.13
2013.09.12 16:28:20.131,0.75611,0.75636,1.13,1.13
2013.09.12 16:28:20.311,0.75617,0.75645,1.13,1.13
2013.09.12 16:28:20.431,0.75616,0.7565,1.50,1.54
2013.09.12 16:28:20.551,0.75625,0.75653,1.13,1.13
2013.09.12 16:28:20.851,0.75629,0.75655,2.25,1.13
2013.09.12 16:28:21.090,0.75631,0.75657,1.13,1.13
2013.09.12 16:28:21.544,0.75629,0.75657,1.13,1.13
2013.09.12 16:28:21.666,0.75627,0.75654,1.13,1.13
2013.09.12 16:28:22.081,0.75628,0.75656,1.13,1.50
2013.09.12 16:28:30.182,0.75626,0.75656,1.13,1.50
2013.09.12 16:28:31.372,0.75626,0.75656,1.13,1.88
2013.09.12 16:28:32.854,0.75628,0.75656,1.13,1.13
2013.09.12 16:28:42.430,0.75628,0.75656,1.13,1.13
2013.09.12 16:28:43.693,0.75628,0.75656,1.13,1.13
2013.09.12 16:28:43.870,0.75631,0.75659,1.88,1.13
2013.09.12 16:28:44.411,0.75631,0.75659,1.50,1.13
2013.09.12 16:28:45.084,0.75631,0.75659,1.50,1.13
2013.09.12 16:28:45.470,0.75631,0.75659,1.13,1.13
2013.09.12 16:28:46.068,0.75631,0.75659,1.13,1.13
2013.09.12 16:28:46.362,0.75631,0.75659,1.13,1.13
2013.09.12 16:28:46.480,0.75631,0.7566,1.13,1.13
2013.09.12 16:28:47.003,0.75631,0.75661,1.13,1.13
2013.09.12 16:28:47.182,0.75632,0.75661,1.13,1.13
2013.09.12 16:28:47.241,0.75632,0.75662,1.13,1.13
2013.09.12 16:28:47.872,0.75632,0.75661,1.13,1.13
2013.09.12 16:28:47.930,0.75631,0.75661,1.88,1.13
2013.09.12 16:28:54.020,0.75633,0.75662,2.63,1.50
2013.09.12 16:28:54.163,0.75634,0.75662,1.13,1.50
2013.09.12 16:28:54.941,0.75633,0.75662,1.13,1.50
2013.09.12 16:28:55.142,0.75633,0.75661,1.13,1.13
2013.09.12 16:28:55.200,0.75635,0.75662,1.13,1.88
2013.09.12 16:28:55.742,0.7563,0.75659,1.13,1.50
2013.09.12 16:28:55.803,0.7563,0.75659,1.13,1.50
2013.09.12 16:28:55.863,0.75629,0.75659,1.88,1.88
2013.09.12 16:28:56.393,0.75629,0.75659,1.88,1.88
2013.09.12 16:28:57.611,0.7563,0.75659,1.13,1.88
2013.09.12 16:28:57.851,0.75632,0.75662,1.13,1.69
2013.09.12 16:28:57.910,0.75632,0.75662,1.88,1.69
2013.09.12 16:28:58.425,0.75632,0.7566,1.88,1.13
2013.09.12 16:28:59.380,0.75632,0.75662,1.88,1.88
2013.09.12 16:28:59.500,0.75634,0.75662,1.13,1.88
2013.09.12 16:29:00.260,0.75634,0.75662,1.13,1.88
2013.09.12 16:29:00.500,0.75634,0.75662,1.13,1.88
2013.09.12 16:29:05.042,0.75634,0.75662,1.13,1.50
2013.09.12 16:29:05.300,0.75637,0.75664,1.13,1.13
2013.09.12 16:29:05.360,0.75638,0.75666,1.13,2.07
2013.09.12 16:29:06.039,0.75638,0.75664,1.13,1.13
2013.09.12 16:29:06.572,0.75638,0.75664,1.13,1.13
2013.09.12 16:29:07.080,0.75639,0.75666,1.13,1.50
2013.09.12 16:29:07.320,0.75643,0.75669,1.13,1.13
2013.09.12 16:29:07.381,0.75643,0.75669,1.13,1.13
2013.09.12 16:29:07.501,0.75644,0.75669,1.13,1.13
2013.09.12 16:29:09.000,0.75642,0.75668,1.13,1.50
2013.09.12 16:29:09.361,0.75639,0.75666,1.13,1.50
2013.09.12 16:29:09.601,0.75637,0.75663,1.13,1.50
2013.09.12 16:29:09.662,0.75637,0.75663,1.13,1.50
2013.09.12 16:29:09.721,0.75637,0.75664,1.13,1.50
2013.09.12 16:29:10.312,0.75639,0.75667,1.13,1.50
2013.09.12 16:29:11.163,0.75639,0.75667,1.13,1.50
2013.09.12 16:29:13.729,0.75639,0.75667,1.13,1.50
2013.09.12 16:29:15.342,0.75638,0.75666,1.13,1.50
2013.09.12 16:29:15.400,0.75642,0.75667,1.13,1.50
2013.09.12 16:29:15.580,0.75642,0.75667,1.13,1.50
2013.09.12 16:29:18.161,0.75642,0.75667,1.13,1.50
2013.09.12 16:29:20.652,0.75642,0.75667,1.13,1.50
2013.09.12 16:29:23.340,0.75641,0.75667,1.13,1.88
2013.09.12 16:29:23.520,0.75639,0.75667,1.13,1.88
2013.09.12 16:29:24.172,0.7564,0.75667,1.13,1.88
2013.09.12 16:29:28.022,0.7564,0.75666,1.13,1.13
2013.09.12 16:29:29.342,0.7564,0.75666,1.13,1.13
2013.09.12 16:29:29.894,0.7564,0.75666,1.13,1.13
2013.09.12 16:29:30.574,0.7564,0.75667,1.13,1.88
2013.09.12 16:29:30.941,0.75638,0.75666,1.13,1.13
2013.09.12 16:29:31.001,0.75636,0.75664,1.50,1.88
2013.09.12 16:29:31.181,0.75636,0.75661,1.13,1.13
2013.09.12 16:29:31.680,0.7564,0.75666,1.13,2.44
2013.09.12 16:29:31.741,0.7564,0.75666,1.13,1.69
2013.09.12 16:29:31.921,0.75639,0.75666,1.13,1.69
2013.09.12 16:29:32.202,0.75638,0.75664,1.13,1.13
2013.09.12 16:29:34.121,0.75638,0.75666,1.13,1.50
2013.09.12 16:29:34.842,0.7564,0.75667,1.13,1.50
2013.09.12 16:29:40.390,0.7564,0.75668,1.13,1.88
2013.09.12 16:29:44.200,0.75643,0.75672,2.48,1.13
2013.09.12 16:29:44.523,0.75648,0.75673,1.13,1.13
2013.09.12 16:29:45.411,0.75648,0.75677,1.13,1.88
2013.09.12 16:29:45.651,0.75651,0.75678,1.13,1.88
2013.09.12 16:29:45.771,0.75651,0.75677,1.13,1.13
2013.09.12 16:29:46.317,0.75651,0.75679,1.13,1.20
2013.09.12 16:29:46.984,0.7565,0.75676,1.13,1.13
2013.09.12 16:29:47.112,0.7565,0.75676,1.13,1.13
2013.09.12 16:29:47.572,0.75649,0.75675,1.13,1.13
2013.09.12 16:29:47.932,0.75648,0.75675,1.13,1.13
2013.09.12 16:29:48.051,0.75647,0.75674,1.13,1.13
2013.09.12 16:29:49.972,0.75647,0.75674,1.13,1.13
2013.09.12 16:30:02.362,0.75651,0.75675,1.13,1.13
2013.09.12 16:30:02.793,0.75646,0.75674,1.13,1.13
2013.09.12 16:30:02.911,0.75646,0.75672,1.13,1.13
2013.09.12 16:30:05.530,0.75645,0.75673,1.13,1.13
2013.09.12 16:30:06.042,0.75646,0.75674,1.13,1.13
2013.09.12 16:30:06.561,0.75644,0.7567,1.88,1.13
2013.09.12 16:30:09.391,0.75644,0.7567,1.13,1.13
2013.09.12 16:30:09.511,0.75644,0.7567,1.13,1.13
2013.09.12 16:30:10.813,0.75644,0.75671,1.13,1.13
2013.09.12 16:30:10.931,0.75644,0.75671,1.13,1.13
2013.09.12 16:30:11.680,0.75643,0.75675,3.75,1.88
2013.09.12 16:30:14.131,0.75647,0.75675,1.13,1.13
2013.09.12 16:30:18.142,0.75644,0.75673,1.88,1.13
2013.09.12 16:30:18.650,0.75646,0.75675,1.13,1.13
2013.09.12 16:30:23.870,0.75644,0.75674,1.88,1.50
2013.09.12 16:30:28.482,0.75644,0.75675,1.13,2.25
2013.09.12 16:30:29.572,0.75646,0.75676,1.13,1.50
2013.09.12 16:30:29.691,0.75646,0.75676,1.13,1.50
2013.09.12 16:30:29.750,0.75646,0.75676,1.88,1.50
2013.09.12 16:30:30.352,0.75646,0.75678,1.88,2.25
2013.09.12 16:30:36.340,0.75646,0.75678,1.88,2.25
2013.09.12 16:30:37.062,0.75646,0.75678,1.88,2.25
2013.09.12 16:30:40.181,0.75651,0.75678,1.13,1.88
2013.09.12 16:30:40.301,0.75649,0.75677,1.88,1.13
2013.09.12 16:30:40.661,0.75649,0.75678,1.13,1.88
2013.09.12 16:30:41.261,0.75649,0.75675,1.13,1.13
2013.09.12 16:30:41.611,0.75647,0.75674,1.13,1.88
2013.09.12 16:30:41.671,0.75647,0.75673,1.13,1.50
2013.09.12 16:30:42.041,0.75643,0.75671,1.13,1.50
2013.09.12 16:30:46.213,0.75642,0.75671,1.13,1.50
2013.09.12 16:30:47.883,0.75641,0.75671,1.13,1.50
2013.09.12 16:30:48.192,0.7564,0.75669,1.88,1.13
2013.09.12 16:30:48.522,0.75646,0.75674,1.13,1.13
2013.09.12 16:30:48.643,0.75645,0.75674,1.88,3.38
2013.09.12 16:30:50.290,0.75648,0.75674,1.13,3.00
2013.09.12 16:30:51.386,0.75648,0.75674,1.13,1.50
2013.09.12 16:30:52.483,0.75644,0.75674,1.50,1.50
2013.09.12 16:30:53.093,0.75644,0.75674,1.13,2.25
2013.09.12 16:30:54.244,0.75647,0.75673,1.13,2.25
2013.09.12 16:30:54.361,0.75647,0.75675,1.13,1.88
2013.09.12 16:30:55.562,0.75647,0.75674,1.13,3.00
2013.09.12 16:30:56.963,0.75645,0.75674,1.13,3.75
2013.09.12 16:30:57.532,0.75645,0.75675,1.13,4.50
2013.09.12 16:30:59.613,0.75645,0.75675,1.13,3.75
2013.09.12 16:31:04.112,0.75644,0.75674,2.25,3.00
2013.09.12 16:31:08.541,0.75647,0.75675,1.13,3.00
2013.09.12 16:31:16.901,0.75645,0.75674,1.50,2.25
2013.09.12 16:31:17.141,0.75645,0.75674,1.50,2.63
2013.09.12 16:31:17.532,0.75646,0.75674,1.13,2.63
2013.09.12 16:31:18.252,0.75646,0.75673,1.13,3.75
2013.09.12 16:31:19.082,0.75648,0.75674,1.50,1.13
2013.09.12 16:31:19.732,0.75649,0.75681,2.25,2.82
2013.09.12 16:31:19.971,0.75651,0.7568,1.13,2.44
2013.09.12 16:31:20.221,0.7565,0.75681,1.88,1.69
2013.09.12 16:31:20.563,0.75653,0.75681,1.13,1.13
2013.09.12 16:31:20.622,0.75653,0.75681,1.88,1.13
2013.09.12 16:31:21.220,0.75652,0.75681,1.50,1.13
2013.09.12 16:31:21.781,0.75652,0.75684,1.88,1.50
2013.09.12 16:31:21.841,0.75655,0.75684,1.13,1.50
2013.09.12 16:31:22.492,0.75657,0.75687,1.50,1.69
2013.09.12 16:31:23.202,0.75657,0.75688,2.25,2.07
2013.09.12 16:31:23.852,0.75659,0.75688,1.13,1.88
2013.09.12 16:31:25.061,0.75658,0.75688,1.13,1.88
2013.09.12 16:31:25.758,0.75659,0.75688,1.13,1.88
2013.09.12 16:31:26.310,0.75658,0.75687,1.13,1.50
2013.09.12 16:31:26.912,0.75663,0.75688,2.33,1.13
2013.09.12 16:31:27.031,0.75663,0.75689,1.35,1.13
2013.09.12 16:31:27.271,0.75665,0.75695,1.88,2.44
2013.09.12 16:31:27.492,0.75665,0.75695,1.88,2.44
2013.09.12 16:31:27.652,0.75665,0.75695,1.88,2.44
2013.09.12 16:31:27.932,0.75665,0.75693,1.13,1.50
2013.09.12 16:31:28.053,0.75662,0.7569,1.13,1.88
2013.09.12 16:31:28.451,0.7566,0.75689,1.50,1.50
2013.09.12 16:31:28.941,0.7566,0.75688,1.13,1.13
2013.09.12 16:31:29.001,0.75659,0.75688,1.88,1.13
2013.09.12 16:31:33.996,0.75659,0.75687,1.50,1.50
2013.09.12 16:31:34.683,0.75661,0.75689,1.50,1.50
2013.09.12 16:31:35.132,0.7566,0.75688,1.13,1.50
2013.09.12 16:31:39.341,0.75659,0.75687,1.13,1.88
2013.09.12 16:31:43.501,0.75656,0.75685,1.13,1.13
2013.09.12 16:31:43.561,0.75655,0.75683,1.13,1.13
2013.09.12 16:31:44.218,0.75655,0.75683,1.13,1.88
2013.09.12 16:31:47.392,0.75655,0.75683,1.13,1.88
2013.09.12 16:31:47.921,0.75656,0.75683,1.13,1.13
2013.09.12 16:31:48.041,0.75657,0.75687,1.13,2.07
2013.09.12 16:31:48.221,0.75656,0.75686,1.13,2.07
2013.09.12 16:31:48.581,0.75653,0.75681,1.13,1.13
2013.09.12 16:31:48.821,0.75653,0.75681,1.13,3.00
2013.09.12 16:31:49.239,0.75653,0.75681,1.13,2.25
2013.09.12 16:31:49.822,0.75651,0.75681,1.13,1.88
2013.09.12 16:31:49.881,0.7565,0.75678,1.50,1.50
2013.09.12 16:31:51.941,0.7565,0.75679,1.13,1.50
2013.09.12 16:31:52.552,0.75653,0.75681,1.13,1.88
2013.09.12 16:31:53.332,0.75653,0.75681,1.13,1.88
2013.09.12 16:31:55.121,0.75653,0.75681,1.50,1.50
2013.09.12 16:31:55.181,0.75653,0.75683,1.88,1.50
2013.09.12 16:31:55.243,0.75653,0.75687,1.88,1.69
2013.09.12 16:31:55.305,0.75656,0.75688,1.69,1.13
2013.09.12 16:31:55.362,0.75656,0.75688,1.69,1.13
2013.09.12 16:31:55.661,0.75668,0.75694,1.13,1.88
2013.09.12 16:31:56.501,0.75665,0.75693,1.50,1.13
2013.09.12 16:31:57.473,0.75668,0.75694,1.13,1.13
2013.09.12 16:31:58.201,0.75664,0.75692,1.13,1.50
2013.09.12 16:31:58.513,0.75663,0.75692,1.13,1.88
2013.09.12 16:31:58.782,0.75665,0.75691,1.13,1.13
2013.09.12 16:31:59.433,0.75662,0.75691,1.32,1.13
2013.09.12 16:32:00.322,0.75662,0.75691,1.13,1.13
2013.09.12 16:32:00.381,0.75664,0.75692,1.13,1.13
2013.09.12 16:32:00.731,0.75664,0.75693,1.13,1.13
2013.09.12 16:32:01.234,0.75668,0.75697,1.50,1.13
2013.09.12 16:32:01.307,0.75671,0.75697,1.13,1.13
2013.09.12 16:32:01.538,0.75671,0.75697,1.13,1.13
2013.09.12 16:32:01.963,0.75671,0.75697,1.13,1.13
2013.09.12 16:32:02.082,0.75669,0.75696,1.13,1.13
2013.09.12 16:32:02.141,0.75668,0.75696,1.13,1.88
2013.09.12 16:32:02.833,0.75668,0.75695,1.13,1.13
2013.09.12 16:32:02.891,0.75668,0.75695,1.13,1.88
2013.09.12 16:32:03.402,0.75668,0.75695,1.50,1.50
2013.09.12 16:32:03.581,0.7567,0.75698,1.13,1.50
2013.09.12 16:32:03.742,0.75671,0.75699,1.13,2.25
2013.09.12 16:32:04.351,0.75671,0.75699,1.13,1.88
2013.09.12 16:32:04.612,0.7567,0.75698,1.13,1.13
2013.09.12 16:32:05.641,0.75671,0.75699,1.13,1.50
2013.09.12 16:32:05.981,0.7567,0.75697,1.50,1.13
2013.09.12 16:32:09.652,0.7567,0.75697,1.13,1.13
2013.09.12 16:32:10.911,0.75671,0.75699,1.13,1.50
2013.09.12 16:32:12.232,0.75671,0.75699,1.13,1.50
2013.09.12 16:32:23.861,0.75673,0.75701,1.13,1.13
2013.09.12 16:32:24.221,0.75669,0.75693,1.13,1.13
2013.09.12 16:32:24.341,0.75661,0.75687,1.50,1.50
2013.09.12 16:32:24.401,0.75661,0.75687,1.13,1.50
2013.09.12 16:32:28.573,0.75661,0.75687,1.13,1.50
2013.09.12 16:32:29.284,0.7566,0.75687,1.13,1.50
2013.09.12 16:32:29.601,0.75657,0.75686,1.50,1.50
2013.09.12 16:32:30.052,0.75655,0.75681,1.13,1.50
2013.09.12 16:32:30.171,0.75648,0.75676,1.32,1.13
2013.09.12 16:32:30.432,0.75648,0.75675,1.13,1.13
2013.09.12 16:32:30.591,0.75646,0.75674,1.13,1.50
2013.09.12 16:32:30.832,0.75643,0.75671,1.13,1.13
2013.09.12 16:32:31.071,0.75643,0.75671,1.13,1.13
2013.09.12 16:32:31.263,0.75643,0.75672,1.13,1.13
2013.09.12 16:32:31.562,0.75641,0.7567,1.50,1.50
2013.09.12 16:32:31.921,0.75641,0.75668,1.13,1.13
2013.09.12 16:32:31.981,0.75639,0.75668,2.63,1.13
2013.09.12 16:32:32.161,0.75641,0.75669,1.13,1.13
2013.09.12 16:32:34.221,0.75642,0.75671,1.50,1.32
2013.09.12 16:32:35.066,0.75643,0.75671,1.13,1.32
2013.09.12 16:32:35.601,0.75643,0.7567,1.13,1.13
2013.09.12 16:32:35.781,0.75641,0.75669,1.88,1.13
2013.09.12 16:32:36.319,0.75641,0.75669,1.13,1.88
2013.09.12 16:32:36.968,0.75641,0.75669,1.13,1.88
2013.09.12 16:32:37.803,0.75641,0.75669,1.13,1.88
2013.09.12 16:32:39.041,0.75642,0.75669,1.13,1.13
2013.09.12 16:32:39.563,0.75642,0.75669,1.13,1.13
2013.09.12 16:32:43.412,0.75641,0.75667,1.13,1.13
2013.09.12 16:32:50.482,0.75641,0.75668,1.88,1.13
2013.09.12 16:32:54.083,0.75642,0.75669,1.73,1.13
2013.09.12 16:32:54.142,0.75643,0.75669,1.35,1.13
2013.09.12 16:32:54.321,0.75648,0.75676,1.50,1.69
2013.09.12 16:32:54.441,0.75648,0.75676,1.50,1.50
2013.09.12 16:32:54.701,0.75657,0.75685,1.13,1.69
2013.09.12 16:32:54.821,0.75661,0.75687,1.50,1.13
2013.09.12 16:32:54.961,0.75661,0.75687,1.13,1.13
2013.09.12 16:32:55.021,0.75663,0.75689,1.88,1.13
2013.09.12 16:32:55.902,0.75664,0.75692,1.13,1.13
2013.09.12 16:32:56.082,0.75664,0.75695,1.50,1.32
2013.09.12 16:32:56.141,0.75666,0.75695,1.13,1.32
2013.09.12 16:32:56.301,0.75666,0.75695,1.13,1.13
2013.09.12 16:32:56.781,0.75668,0.75695,1.13,1.13
2013.09.12 16:33:00.352,0.75668,0.75695,1.50,1.13
2013.09.12 16:33:00.701,0.7567,0.75698,1.13,1.13
2013.09.12 16:33:01.233,0.75666,0.75698,1.69,1.13
2013.09.12 16:33:01.601,0.7567,0.75699,1.50,1.13
2013.09.12 16:33:18.182,0.7567,0.757,1.13,1.13
2013.09.12 16:33:18.795,0.75668,0.75698,1.13,1.13
2013.09.12 16:33:21.105,0.75672,0.75698,1.13,1.13
2013.09.12 16:33:23.021,0.75672,0.757,1.88,1.13
2013.09.12 16:33:23.232,0.75672,0.757,1.13,1.13
2013.09.12 16:33:25.891,0.75673,0.75699,1.13,1.13
2013.09.12 16:33:26.527,0.75671,0.75699,1.13,1.13
2013.09.12 16:33:26.881,0.75675,0.75703,1.13,1.50
2013.09.12 16:33:27.002,0.75675,0.75704,1.13,1.50
2013.09.12 16:33:27.061,0.75675,0.75704,1.13,1.50
2013.09.12 16:33:27.411,0.75677,0.75705,1.13,1.88
2013.09.12 16:33:27.471,0.75677,0.75705,1.13,1.50
2013.09.12 16:33:32.473,0.75677,0.75705,1.13,1.13
2013.09.12 16:33:38.302,0.75678,0.75706,1.13,1.13
2013.09.12 16:33:38.853,0.75681,0.75708,1.50,1.13
2013.09.12 16:33:38.912,0.75683,0.7571,1.13,1.13
2013.09.12 16:33:39.073,0.75683,0.75713,1.13,2.07
2013.09.12 16:33:43.982,0.75683,0.75713,1.13,1.50
2013.09.12 16:33:44.041,0.75683,0.75713,1.13,1.50
2013.09.12 16:33:44.572,0.75685,0.75715,1.13,1.13
2013.09.12 16:33:45.229,0.75684,0.75715,1.13,1.13
2013.09.12 16:33:45.774,0.75684,0.75715,1.13,1.13
2013.09.12 16:33:51.503,0.75684,0.75715,1.13,1.13
2013.09.12 16:33:52.121,0.75684,0.75713,1.13,1.13
2013.09.12 16:33:52.361,0.75683,0.75713,1.13,1.88
2013.09.12 16:33:54.121,0.75685,0.75713,1.13,1.50
2013.09.12 16:33:54.712,0.75685,0.75713,1.13,1.50
2013.09.12 16:33:55.395,0.75683,0.75712,1.13,1.50
2013.09.12 16:34:00.671,0.75683,0.75712,1.13,1.50
2013.09.12 16:34:01.177,0.75685,0.75713,1.13,1.50
2013.09.12 16:34:04.273,0.75685,0.75713,1.13,1.50
2013.09.12 16:34:04.783,0.75684,0.75713,1.13,1.50
2013.09.12 16:34:14.012,0.75686,0.75714,1.13,1.13
2013.09.12 16:34:14.622,0.75686,0.75714,1.13,1.13
2013.09.12 16:34:21.582,0.75684,0.75714,1.13,1.13
2013.09.12 16:34:25.412,0.75684,0.75715,1.13,1.88
2013.09.12 16:34:28.603,0.75684,0.75714,1.13,1.13
2013.09.12 16:34:34.022,0.75683,0.75714,1.88,1.13
2013.09.12 16:34:50.541,0.75686,0.75714,1.13,1.13
2013.09.12 16:34:51.401,0.75683,0.75714,1.50,1.13
2013.09.12 16:34:51.461,0.75684,0.75714,1.50,1.13
2013.09.12 16:34:51.634,0.7569,0.75714,1.13,1.13
2013.09.12 16:34:51.991,0.75693,0.75715,1.13,1.13
2013.09.12 16:34:52.111,0.75692,0.75717,1.13,1.13
2013.09.12 16:34:56.801,0.75691,0.75717,1.13,1.13
2013.09.12 16:34:56.921,0.75693,0.75723,1.50,1.13
2013.09.12 16:34:57.161,0.75699,0.75725,1.13,1.13
2013.09.12 16:34:57.683,0.75698,0.75723,1.50,1.13
2013.09.12 16:34:58.345,0.75698,0.75723,1.13,1.13
2013.09.12 16:35:02.013,0.75699,0.75723,1.13,1.13
2013.09.12 16:35:02.131,0.75696,0.75723,1.50,1.13
2013.09.12 16:35:02.191,0.75696,0.75721,1.13,1.13
2013.09.12 16:35:04.731,0.75691,0.75719,1.50,1.13
2013.09.12 16:35:05.702,0.7569,0.75719,1.50,1.13
2013.09.12 16:35:08.290,0.7569,0.75721,1.50,1.13
2013.09.12 16:35:09.133,0.75695,0.75721,1.13,1.13
2013.09.12 16:35:10.221,0.7569,0.7572,1.50,1.13
2013.09.12 16:35:12.661,0.7569,0.75719,1.50,1.13
2013.09.12 16:35:12.743,0.7569,0.75719,1.50,1.13
2013.09.12 16:35:13.452,0.75695,0.75719,1.13,1.13
2013.09.12 16:35:13.633,0.75695,0.75716,1.13,1.13
2013.09.12 16:35:13.863,0.75693,0.75716,1.13,1.13
2013.09.12 16:35:18.542,0.75692,0.75717,1.13,1.13
2013.09.12 16:35:22.249,0.75691,0.75717,1.50,1.13
2013.09.12 16:35:23.441,0.75691,0.75719,1.13,1.13
2013.09.12 16:35:28.783,0.75701,0.75727,1.73,1.50
2013.09.12 16:35:28.913,0.75703,0.75733,2.10,1.88
2013.09.12 16:35:29.152,0.75702,0.75731,1.35,1.88
2013.09.12 16:35:29.273,0.757,0.75728,2.18,1.13
2013.09.12 16:35:29.575,0.75697,0.75725,1.20,1.13
2013.09.12 16:35:29.931,0.75696,0.75723,1.24,1.13
2013.09.12 16:35:30.653,0.75696,0.75724,2.37,1.13
2013.09.12 16:35:33.022,0.7569,0.75723,1.13,1.13
2013.09.12 16:35:33.083,0.7569,0.75716,1.13,1.13
2013.09.12 16:35:33.622,0.75687,0.75715,2.93,1.13
2013.09.12 16:35:34.011,0.75689,0.75715,2.10,1.13
2013.09.12 16:35:34.333,0.75692,0.75718,1.13,1.13
2013.09.12 16:35:35.042,0.7569,0.75717,1.13,1.13
2013.09.12 16:35:35.796,0.7569,0.75717,1.13,1.13
2013.09.12 16:35:38.352,0.7569,0.75717,1.13,1.13
2013.09.12 16:35:38.911,0.7569,0.75717,1.13,1.13
2013.09.12 16:35:39.922,0.75689,0.75717,3.04,1.13
2013.09.12 16:35:40.102,0.75689,0.75717,3.04,1.13
2013.09.12 16:35:40.787,0.75689,0.75717,3.04,1.13
2013.09.12 16:35:46.222,0.75689,0.75717,3.04,1.13
2013.09.12 16:35:46.725,0.75689,0.75717,3.04,1.13
2013.09.12 16:35:46.783,0.7569,0.75717,1.13,1.13
2013.09.12 16:35:47.285,0.75689,0.75715,1.35,1.13
2013.09.12 16:35:47.554,0.75689,0.75715,1.35,1.13
2013.09.12 16:35:48.154,0.75687,0.75714,1.92,1.13
2013.09.12 16:35:50.004,0.75689,0.75717,1.73,1.13
2013.09.12 16:35:50.061,0.75689,0.75717,1.73,1.13
2013.09.12 16:35:50.371,0.75694,0.75719,1.13,1.13
2013.09.12 16:35:50.431,0.75694,0.75719,1.13,1.13
2013.09.12 16:35:50.703,0.75694,0.75719,1.13,1.13
2013.09.12 16:35:53.702,0.75694,0.75719,1.13,1.13
2013.09.12 16:35:53.823,0.75694,0.75719,1.13,1.13
2013.09.12 16:35:54.246,0.7569,0.75718,1.13,1.13
2013.09.12 16:36:14.413,0.7569,0.75716,1.13,1.13
2013.09.12 16:36:16.915,0.75688,0.75716,1.80,1.13
2013.09.12 16:36:18.732,0.75689,0.75715,1.73,1.13
2013.09.12 16:36:20.361,0.75689,0.75717,1.73,1.13
2013.09.12 16:36:20.541,0.75689,0.75717,1.73,1.13
2013.09.12 16:36:20.724,0.75689,0.75717,1.73,1.13
2013.09.12 16:36:20.901,0.75691,0.75718,1.13,1.13
2013.09.12 16:36:21.501,0.7569,0.75717,1.17,1.50
2013.09.12 16:36:22.063,0.75691,0.75715,1.35,1.13
2013.09.12 16:36:22.588,0.75691,0.75717,1.35,1.13
2013.09.12 16:36:22.992,0.75692,0.75718,1.73,1.13
2013.09.12 16:36:24.263,0.75689,0.75718,1.92,1.88
2013.09.12 16:36:24.462,0.75689,0.75718,1.92,1.88
2013.09.12 16:36:26.141,0.75692,0.75718,1.73,1.50
2013.09.12 16:36:26.632,0.75692,0.75719,1.73,1.50
2013.09.12 16:36:26.793,0.75691,0.75719,1.73,1.50
2013.09.12 16:36:27.122,0.7569,0.75716,1.35,1.50
2013.09.12 16:36:27.362,0.75687,0.75714,1.13,1.50
2013.09.12 16:36:27.781,0.75685,0.75713,2.29,1.50
2013.09.12 16:36:27.884,0.75685,0.75713,2.29,1.50
2013.09.12 16:36:27.982,0.75685,0.75713,2.29,1.13
2013.09.12 16:36:28.551,0.75687,0.75713,1.13,1.13
2013.09.12 16:36:29.391,0.75691,0.75713,2.18,1.13
2013.09.12 16:36:29.511,0.75691,0.75713,2.10,1.13
2013.09.12 16:36:29.636,0.75689,0.75716,1.73,1.50
2013.09.12 16:36:30.384,0.75689,0.75716,1.35,1.50
2013.09.12 16:36:32.591,0.75689,0.75716,1.35,1.50
2013.09.12 16:36:35.441,0.75687,0.75713,1.73,1.13
2013.09.12 16:36:35.802,0.757,0.75726,1.35,1.13
2013.09.12 16:36:35.862,0.75702,0.75728,1.35,1.50
2013.09.12 16:36:35.922,0.757,0.75728,1.13,1.50
2013.09.12 16:36:36.254,0.75698,0.75721,1.20,1.13
2013.09.12 16:36:36.562,0.75698,0.75719,1.13,1.13
2013.09.12 16:36:36.622,0.75688,0.75718,1.69,1.13
2013.09.12 16:36:36.743,0.75687,0.75718,1.50,1.13
2013.09.12 16:36:36.863,0.75686,0.75714,2.70,1.88
2013.09.12 16:36:36.922,0.75686,0.75714,2.70,1.50
2013.09.12 16:36:37.282,0.75687,0.75715,1.13,1.13
2013.09.12 16:36:37.793,0.75688,0.75714,1.13,1.50
2013.09.12 16:36:41.312,0.75687,0.75715,1.88,1.88
2013.09.12 16:36:42.131,0.7569,0.75714,1.35,1.13
2013.09.12 16:36:42.192,0.7569,0.75717,1.35,1.13
2013.09.12 16:36:43.281,0.7569,0.75717,1.35,1.13
2013.09.12 16:36:43.401,0.7569,0.75717,1.35,1.13
2013.09.12 16:36:43.742,0.75686,0.75717,1.88,1.13
2013.09.12 16:36:43.992,0.75686,0.75716,1.88,1.13
2013.09.12 16:36:44.812,0.75686,0.75716,1.88,1.13
2013.09.12 16:36:45.925,0.75686,0.75717,1.88,1.13
2013.09.12 16:36:46.162,0.7569,0.75718,1.35,1.13
2013.09.12 16:36:52.672,0.7569,0.75717,1.35,1.13
2013.09.12 16:36:52.963,0.75686,0.75713,1.13,1.88
2013.09.12 16:36:53.282,0.75686,0.75713,1.13,1.88
2013.09.12 16:36:53.622,0.75685,0.75711,1.13,1.13
2013.09.12 16:36:54.166,0.75685,0.75711,1.13,1.13
2013.09.12 16:36:55.049,0.75686,0.75712,1.13,1.13
2013.09.12 16:36:55.571,0.75681,0.75711,1.58,1.13
2013.09.12 16:36:56.175,0.75679,0.75708,1.20,1.13
2013.09.12 16:36:59.333,0.75679,0.75708,1.20,1.13
2013.09.12 16:37:00.811,0.75684,0.75712,1.50,1.32
2013.09.12 16:37:01.053,0.75683,0.75715,1.50,1.50
2013.09.12 16:37:01.203,0.75685,0.75715,1.13,1.50
2013.09.12 16:37:01.441,0.75687,0.75716,1.88,1.32
2013.09.12 16:37:01.561,0.75687,0.75716,2.25,1.32
2013.09.12 16:37:02.067,0.75687,0.75717,2.25,1.13
2013.09.12 16:37:02.252,0.75691,0.7572,1.13,1.32
2013.09.12 16:37:02.312,0.75691,0.75721,1.13,2.07
2013.09.12 16:37:10.951,0.7569,0.75718,1.13,1.13
2013.09.12 16:37:12.011,0.75687,0.75718,1.13,1.88
2013.09.12 16:37:12.212,0.75687,0.75718,1.13,1.88
2013.09.12 16:37:12.796,0.75687,0.75718,1.13,1.88
2013.09.12 16:37:13.911,0.75689,0.75719,1.13,1.88
2013.09.12 16:37:14.661,0.75693,0.75719,1.35,1.13
2013.09.12 16:37:15.218,0.75695,0.75723,1.13,1.13
2013.09.12 16:37:16.081,0.75695,0.75724,1.13,1.50
2013.09.12 16:37:16.392,0.75695,0.75725,1.50,1.50
2013.09.12 16:37:16.892,0.75698,0.75727,1.13,1.50
2013.09.12 16:37:17.519,0.75697,0.75726,1.88,1.13
2013.09.12 16:37:19.111,0.75697,0.75727,1.88,1.50
2013.09.12 16:37:20.371,0.757,0.75728,1.50,1.13
2013.09.12 16:37:21.005,0.757,0.75729,1.50,1.13
2013.09.12 16:37:21.271,0.75701,0.75731,1.13,1.50
2013.09.12 16:37:22.872,0.757,0.75731,2.07,1.50
2013.09.12 16:37:22.932,0.757,0.75731,2.07,1.50
2013.09.12 16:37:24.121,0.757,0.7573,2.07,1.13
2013.09.12 16:37:30.031,0.75704,0.7573,1.35,1.13
2013.09.12 16:37:32.692,0.75703,0.75729,1.35,1.13
2013.09.12 16:37:33.307,0.75703,0.75729,1.35,1.13
2013.09.12 16:37:40.033,0.75703,0.75729,1.35,1.13
2013.09.12 16:37:54.113,0.75704,0.7573,1.35,1.13
2013.09.12 16:38:02.934,0.75698,0.7573,1.92,1.13
2013.09.12 16:38:03.052,0.75698,0.7573,1.92,1.13
2013.09.12 16:38:03.602,0.75698,0.75726,1.92,1.13
2013.09.12 16:38:03.843,0.75698,0.75726,1.13,1.13
2013.09.12 16:38:04.283,0.75698,0.75726,1.13,1.13
2013.09.12 16:38:06.372,0.75698,0.75726,1.13,1.13
2013.09.12 16:38:06.851,0.75698,0.75726,1.13,1.13
2013.09.12 16:38:06.911,0.75699,0.75728,1.13,1.88
2013.09.12 16:38:07.415,0.757,0.7573,1.50,1.88
2013.09.12 16:38:18.041,0.757,0.7573,1.50,1.88
2013.09.12 16:38:21.472,0.75702,0.7573,1.50,1.13
2013.09.12 16:38:22.196,0.75703,0.7573,1.50,1.13
2013.09.12 16:38:27.783,0.75703,0.75732,1.50,1.13
2013.09.12 16:38:28.062,0.75703,0.75732,1.50,1.32
2013.09.12 16:38:28.943,0.75703,0.75732,1.50,1.32
2013.09.12 16:38:29.540,0.75702,0.75728,1.50,1.13
2013.09.12 16:38:31.740,0.75699,0.75728,1.13,1.88
2013.09.12 16:38:31.864,0.75699,0.75726,1.13,1.13
2013.09.12 16:38:32.162,0.75698,0.75727,1.50,1.69
2013.09.12 16:38:32.282,0.75692,0.75722,1.13,1.13
2013.09.12 16:38:32.462,0.75696,0.75724,1.50,1.50
2013.09.12 16:38:32.653,0.75696,0.75725,1.50,1.13
2013.09.12 16:38:33.002,0.75698,0.75726,1.50,1.13
2013.09.12 16:38:33.417,0.75698,0.75728,1.50,1.50
2013.09.12 16:38:33.953,0.75699,0.75728,1.50,1.50
2013.09.12 16:38:34.752,0.75699,0.75729,1.50,1.50
2013.09.12 16:38:39.569,0.75701,0.75729,1.13,1.50
2013.09.12 16:38:39.893,0.75706,0.75732,1.13,1.13
2013.09.12 16:38:40.262,0.75705,0.75733,1.13,1.13
2013.09.12 16:38:42.893,0.75706,0.75734,1.13,1.13
2013.09.12 16:38:43.303,0.75706,0.75734,1.13,1.13
2013.09.12 16:38:43.581,0.75706,0.75734,1.88,1.13
2013.09.12 16:38:44.084,0.75708,0.75735,1.50,1.13
2013.09.12 16:38:49.832,0.75713,0.75735,1.35,1.13
2013.09.12 16:38:50.071,0.75712,0.75738,1.35,1.13
2013.09.12 16:38:50.611,0.75713,0.7574,1.35,1.13
2013.09.12 16:38:52.052,0.75716,0.75743,1.13,1.13
2013.09.12 16:38:52.183,0.75716,0.75743,1.13,1.13
2013.09.12 16:38:52.796,0.75717,0.75743,1.13,1.13
2013.09.12 16:38:54.313,0.75719,0.75746,1.13,1.50
2013.09.12 16:38:54.861,0.75719,0.75746,1.13,1.50
2013.09.12 16:38:58.042,0.75719,0.75746,1.13,1.50
2013.09.12 16:39:05.193,0.75719,0.75746,1.13,1.50
2013.09.12 16:39:06.513,0.75718,0.75746,1.13,1.88
2013.09.12 16:39:07.215,0.75717,0.75746,1.13,1.88
2013.09.12 16:39:16.421,0.75718,0.75746,1.88,1.13
2013.09.12 16:39:16.882,0.75722,0.75749,1.13,1.13
2013.09.12 16:39:17.615,0.75722,0.75749,1.13,1.13
2013.09.12 16:39:17.791,0.75721,0.75749,1.13,2.25
2013.09.12 16:39:17.851,0.75719,0.75749,1.73,2.25
2013.09.12 16:39:19.942,0.75719,0.75748,1.73,1.13
2013.09.12 16:39:20.618,0.75719,0.75747,1.73,1.13
2013.09.12 16:39:20.922,0.75715,0.75742,1.58,1.13
2013.09.12 16:39:21.042,0.75716,0.75744,1.13,1.13
2013.09.12 16:39:21.144,0.75716,0.75744,1.13,1.13
2013.09.12 16:39:21.863,0.75718,0.75745,1.13,1.50
2013.09.12 16:39:22.646,0.75717,0.75745,1.13,1.50
2013.09.12 16:39:23.705,0.75717,0.75745,1.13,1.50
2013.09.12 16:39:24.212,0.75717,0.75745,1.13,1.50
2013.09.12 16:39:24.392,0.75718,0.75747,1.50,1.13
2013.09.12 16:39:24.572,0.7572,0.75748,1.88,1.13
2013.09.12 16:39:24.821,0.75721,0.75749,1.50,1.50
2013.09.12 16:39:25.251,0.75722,0.75751,2.48,1.69
2013.09.12 16:39:25.422,0.75722,0.7575,1.73,1.13
2013.09.12 16:39:25.481,0.75722,0.7575,1.73,1.13
2013.09.12 16:39:28.652,0.75722,0.75753,2.10,1.50
2013.09.12 16:39:38.663,0.75724,0.75753,1.13,1.50
2013.09.12 16:39:43.614,0.75726,0.75755,1.05,2.25
2013.09.12 16:39:44.332,0.75724,0.7575,1.05,1.50
2013.09.12 16:39:44.403,0.75724,0.7575,1.05,1.50
2013.09.12 16:39:45.025,0.75722,0.75749,1.35,1.50
2013.09.12 16:39:51.094,0.75722,0.75749,1.35,1.50
2013.09.12 16:39:51.372,0.75722,0.75754,1.43,1.88
2013.09.12 16:39:51.552,0.75727,0.75754,1.80,1.13
2013.09.12 16:39:51.974,0.75728,0.75755,1.05,1.50
2013.09.12 16:39:52.863,0.75729,0.75756,1.13,1.50
2013.09.12 16:39:53.524,0.75725,0.75753,1.99,1.50
2013.09.12 16:39:54.194,0.75725,0.75753,1.99,1.50
2013.09.12 16:39:57.081,0.75725,0.75753,1.99,1.50
2013.09.12 16:39:57.653,0.75731,0.75756,1.13,1.13
2013.09.12 16:39:59.731,0.75729,0.75755,1.13,1.13
2013.09.12 16:39:59.901,0.75727,0.75753,1.58,1.50
2013.09.12 16:40:02.622,0.75729,0.75756,1.13,1.13
2013.09.12 16:40:02.933,0.75727,0.75755,1.58,1.13
2013.09.12 16:40:12.961,0.75729,0.75756,1.13,1.13
2013.09.12 16:40:24.312,0.7573,0.7576,1.13,1.13
2013.09.12 16:40:24.973,0.75728,0.75756,1.69,1.13
2013.09.12 16:40:25.212,0.75727,0.75756,1.88,1.13
2013.09.12 16:40:25.422,0.75727,0.75753,1.13,1.13
2013.09.12 16:40:27.022,0.75725,0.75752,1.35,1.50
2013.09.12 16:40:27.143,0.75724,0.7575,1.35,1.88
2013.09.12 16:40:27.342,0.75722,0.7575,1.13,1.88
2013.09.12 16:40:27.402,0.75721,0.75745,1.05,1.50
2013.09.12 16:40:27.582,0.75714,0.75739,1.73,1.13
2013.09.12 16:40:27.702,0.75714,0.7574,1.35,2.25
2013.09.12 16:40:27.892,0.75711,0.75738,1.13,1.13
2013.09.12 16:40:28.431,0.75711,0.75738,1.13,1.50
2013.09.12 16:40:30.427,0.7571,0.75736,1.50,1.50
2013.09.12 16:40:30.802,0.75707,0.75735,1.88,1.13
2013.09.12 16:40:30.922,0.75707,0.75733,1.13,1.13
2013.09.12 16:40:31.042,0.75706,0.75733,1.13,1.50
2013.09.12 16:40:31.102,0.75702,0.75731,1.13,1.50
2013.09.12 16:40:31.222,0.75696,0.75725,2.07,1.13
2013.09.12 16:40:31.342,0.75696,0.75724,1.13,1.13
2013.09.12 16:40:31.979,0.75697,0.75725,1.13,1.50
2013.09.12 16:40:32.775,0.75697,0.75723,1.13,1.50
2013.09.12 16:40:33.321,0.75693,0.75722,1.32,1.88
2013.09.12 16:40:33.461,0.75693,0.75722,1.13,1.50
2013.09.12 16:40:33.964,0.75696,0.75725,1.13,1.88
2013.09.12 16:40:34.082,0.75696,0.75725,1.13,1.88
2013.09.12 16:40:34.627,0.75696,0.75724,1.13,1.13
2013.09.12 16:40:34.957,0.75696,0.75723,1.13,1.13
2013.09.12 16:40:35.023,0.75694,0.75722,1.13,1.50
2013.09.12 16:40:35.284,0.75693,0.7572,1.13,1.13
2013.09.12 16:40:41.311,0.75694,0.75722,1.13,1.88
2013.09.12 16:40:41.742,0.75698,0.75726,1.13,1.88
2013.09.12 16:40:45.955,0.75698,0.75725,1.13,1.13
2013.09.12 16:40:48.271,0.75697,0.75725,1.13,1.13
2013.09.12 16:40:50.574,0.75698,0.75725,1.13,1.13
2013.09.12 16:40:55.281,0.75698,0.75724,1.13,1.88
2013.09.12 16:40:55.835,0.75694,0.75722,1.13,1.50
2013.09.12 16:41:01.993,0.75694,0.75722,1.13,1.50
2013.09.12 16:41:02.607,0.75694,0.7572,1.13,1.13
2013.09.12 16:41:03.694,0.75694,0.75719,1.13,1.13
2013.09.12 16:41:05.231,0.75694,0.75718,1.13,1.13
2013.09.12 16:41:05.553,0.75694,0.75722,1.13,1.13
2013.09.12 16:41:05.612,0.75693,0.75719,1.13,1.13
2013.09.12 16:41:05.852,0.75688,0.75716,1.13,1.13
2013.09.12 16:41:05.972,0.75688,0.75717,1.13,1.13
2013.09.12 16:41:06.033,0.75694,0.75719,1.13,1.13
2013.09.12 16:41:06.312,0.75692,0.75717,1.13,1.13
2013.09.12 16:41:07.684,0.75692,0.75717,1.13,1.13
2013.09.12 16:41:09.383,0.75692,0.75717,1.13,1.88
2013.09.12 16:41:11.523,0.75692,0.75717,1.13,1.88
2013.09.12 16:41:14.063,0.75691,0.75717,1.13,1.88
2013.09.12 16:41:14.122,0.75691,0.75717,1.13,1.13
2013.09.12 16:41:16.483,0.75691,0.75717,1.13,1.13
2013.09.12 16:41:17.023,0.75691,0.75717,1.13,1.13
2013.09.12 16:41:18.024,0.75691,0.75717,1.13,1.13
2013.09.12 16:41:18.688,0.75689,0.75717,1.13,1.50
2013.09.12 16:41:19.224,0.75693,0.75719,1.13,1.13
2013.09.12 16:41:19.732,0.75693,0.75718,1.13,1.13
2013.09.12 16:41:20.644,0.75693,0.75718,1.13,1.13
2013.09.12 16:41:21.201,0.75691,0.75718,1.13,1.13
2013.09.12 16:41:21.996,0.75691,0.75718,1.13,1.13
2013.09.12 16:41:23.222,0.75691,0.75718,1.13,1.13
2013.09.12 16:41:27.002,0.75691,0.75717,1.13,1.13
2013.09.12 16:41:27.103,0.75691,0.75718,1.13,1.50
2013.09.12 16:41:27.282,0.75689,0.75716,1.13,1.50
2013.09.12 16:41:27.979,0.75688,0.75714,1.13,1.50
2013.09.12 16:41:28.532,0.75688,0.75714,1.13,1.50
2013.09.12 16:41:29.307,0.75688,0.75714,1.50,1.50
2013.09.12 16:41:29.976,0.75688,0.75714,1.50,1.13
2013.09.12 16:41:34.274,0.7569,0.75714,1.13,1.13
2013.09.12 16:41:34.844,0.7569,0.75714,1.13,1.13
2013.09.12 16:41:35.132,0.75688,0.75714,1.13,2.25
2013.09.12 16:41:35.614,0.75688,0.75714,1.13,1.88
2013.09.12 16:41:38.812,0.75684,0.75713,1.50,1.13
2013.09.12 16:41:39.354,0.75687,0.75716,1.50,1.50
2013.09.12 16:41:39.412,0.75688,0.75716,1.88,1.13
2013.09.12 16:41:39.712,0.75688,0.75718,1.50,1.13
2013.09.12 16:41:39.932,0.75688,0.75718,1.50,1.13
2013.09.12 16:41:40.613,0.75686,0.75716,1.88,1.13
2013.09.12 16:41:41.124,0.75687,0.75714,1.13,1.13
2013.09.12 16:41:41.243,0.75687,0.75716,1.13,1.13
2013.09.12 16:41:41.804,0.75687,0.75716,1.13,1.88
2013.09.12 16:41:42.352,0.75686,0.75714,1.13,1.13
2013.09.12 16:41:43.173,0.75686,0.75712,1.13,1.13
2013.09.12 16:41:47.032,0.75684,0.75715,1.50,1.50
2013.09.12 16:41:48.862,0.75686,0.75713,1.13,1.13
2013.09.12 16:41:48.982,0.75685,0.75717,1.13,1.50
2013.09.12 16:41:52.283,0.75689,0.75717,1.13,1.50
2013.09.12 16:41:52.402,0.75688,0.75714,1.13,1.13
2013.09.12 16:41:52.957,0.75688,0.75713,1.13,1.13
2013.09.12 16:41:53.153,0.75688,0.75717,1.13,1.50
2013.09.12 16:41:53.342,0.75689,0.7572,1.13,1.69
2013.09.12 16:41:54.072,0.75689,0.75716,1.13,1.13
2013.09.12 16:41:54.133,0.75689,0.75716,1.13,1.13
2013.09.12 16:41:54.463,0.75691,0.75716,1.13,1.13
2013.09.12 16:41:54.602,0.75691,0.75716,1.13,1.13
2013.09.12 16:41:59.985,0.75689,0.75721,1.69,1.13
2013.09.12 16:42:00.163,0.75689,0.75717,1.69,1.13
2013.09.12 16:42:00.777,0.75687,0.75714,2.07,1.13
2013.09.12 16:42:02.814,0.75687,0.75716,1.13,1.13
2013.09.12 16:42:04.217,0.75686,0.75717,1.13,1.50
2013.09.12 16:42:05.802,0.75685,0.75717,1.13,1.50
2013.09.12 16:42:10.306,0.75688,0.75718,1.88,1.50
2013.09.12 16:42:10.373,0.75688,0.75718,1.13,1.50
2013.09.12 16:42:17.652,0.75686,0.75714,1.13,1.13
2013.09.12 16:42:18.202,0.75683,0.75711,1.88,1.13
2013.09.12 16:42:18.733,0.75683,0.75712,1.13,1.13
2013.09.12 16:42:19.053,0.75683,0.75707,1.13,2.63
2013.09.12 16:42:19.232,0.75678,0.75707,1.13,3.38
2013.09.12 16:42:19.762,0.75675,0.75707,1.69,2.25
2013.09.12 16:42:21.293,0.75679,0.75707,1.13,1.13
2013.09.12 16:42:21.412,0.75679,0.75709,1.13,2.63
2013.09.12 16:42:23.973,0.75679,0.75708,1.50,1.13
2013.09.12 16:42:28.742,0.75678,0.75708,1.50,1.32
2013.09.12 16:42:28.802,0.75678,0.75707,1.50,1.69
2013.09.12 16:42:28.862,0.75674,0.75707,1.13,1.69
2013.09.12 16:42:29.042,0.75674,0.75704,1.13,1.50
2013.09.12 16:42:29.572,0.75674,0.75699,1.13,1.13
2013.09.12 16:42:30.042,0.75674,0.75704,1.13,1.50
2013.09.12 16:42:30.582,0.75674,0.75704,1.13,1.50
2013.09.12 16:42:31.214,0.75674,0.75708,1.88,2.07
2013.09.12 16:42:31.800,0.75674,0.75707,2.25,1.50
2013.09.12 16:42:34.193,0.75674,0.75707,1.88,1.50
2013.09.12 16:42:34.385,0.75674,0.75704,1.88,1.50
2013.09.12 16:42:35.164,0.75674,0.757,1.50,1.13
2013.09.12 16:42:35.283,0.75674,0.75699,1.50,1.13
2013.09.12 16:42:35.405,0.75664,0.7569,1.13,1.13
2013.09.12 16:42:36.146,0.75664,0.7569,1.13,1.50
2013.09.12 16:42:37.282,0.75664,0.75693,1.13,1.50
2013.09.12 16:42:37.582,0.75664,0.75693,1.13,1.13
2013.09.12 16:42:37.702,0.75666,0.75693,1.50,1.13
2013.09.12 16:42:37.942,0.75666,0.75697,1.50,1.50
2013.09.12 16:42:38.113,0.75664,0.75694,1.13,1.13
2013.09.12 16:42:39.363,0.75664,0.75692,1.13,1.13
2013.09.12 16:42:40.812,0.75664,0.75694,1.13,1.13
2013.09.12 16:42:49.264,0.75664,0.75694,1.13,1.50
2013.09.12 16:42:49.592,0.75662,0.7569,1.50,1.50
2013.09.12 16:42:50.123,0.75657,0.7569,1.69,1.88
2013.09.12 16:42:51.542,0.7566,0.7569,1.13,1.13
2013.09.12 16:42:51.602,0.7566,0.7569,1.13,1.13
2013.09.12 16:42:51.722,0.75661,0.7569,1.50,1.13
2013.09.12 16:42:51.782,0.75661,0.7569,1.50,1.13
2013.09.12 16:42:52.144,0.7566,0.7569,1.88,1.13
2013.09.12 16:42:53.202,0.7566,0.7569,1.88,1.13
2013.09.12 16:42:53.483,0.7566,0.7569,1.13,1.13
2013.09.12 16:42:57.153,0.75662,0.7569,1.13,1.13
2013.09.12 16:42:57.656,0.75662,0.7569,1.13,1.13
2013.09.12 16:43:00.973,0.75664,0.7569,1.13,1.13
2013.09.12 16:43:03.154,0.75664,0.7569,1.13,1.50
2013.09.12 16:43:03.212,0.75664,0.7569,1.13,1.50
2013.09.12 16:43:03.997,0.75664,0.7569,1.13,1.50
2013.09.12 16:43:05.214,0.75664,0.75691,1.13,1.13
2013.09.12 16:43:09.663,0.75664,0.75693,1.13,1.13
2013.09.12 16:43:09.842,0.75663,0.75691,1.13,1.13
2013.09.12 16:43:14.104,0.75661,0.75689,1.13,1.13
2013.09.12 16:43:21.643,0.75661,0.7569,1.13,1.13
2013.09.12 16:43:23.613,0.75661,0.75689,1.13,1.13
2013.09.12 16:43:24.936,0.75664,0.75692,1.13,1.13
2013.09.12 16:43:24.992,0.75665,0.75692,1.13,1.13
2013.09.12 16:43:25.352,0.75663,0.75693,1.13,1.13
2013.09.12 16:43:25.587,0.75665,0.75692,1.13,1.13
2013.09.12 16:43:25.902,0.75664,0.75692,1.13,1.13
2013.09.12 16:43:26.043,0.75665,0.75693,1.13,1.13
2013.09.12 16:43:26.102,0.75665,0.75693,1.13,1.13
2013.09.12 16:43:26.533,0.75664,0.75693,1.13,1.13
2013.09.12 16:43:26.594,0.75664,0.75693,1.13,1.13
2013.09.12 16:43:26.872,0.75664,0.75694,1.13,1.50
2013.09.12 16:43:27.286,0.75663,0.75693,1.13,1.13
2013.09.12 16:43:27.624,0.75665,0.75693,1.13,1.13
2013.09.12 16:43:34.943,0.75661,0.75691,1.39,1.13
2013.09.12 16:43:35.062,0.75661,0.75689,1.32,1.13
2013.09.12 16:43:35.902,0.75661,0.75689,1.13,1.13
2013.09.12 16:43:43.192,0.75661,0.75689,1.13,1.13
2013.09.12 16:43:43.629,0.75663,0.75693,1.13,1.13
2013.09.12 16:43:43.710,0.75668,0.75697,1.13,1.13
2013.09.12 16:43:47.424,0.75668,0.757,1.88,1.88
2013.09.12 16:43:47.542,0.75672,0.757,1.13,1.50
2013.09.12 16:43:47.662,0.75674,0.757,1.13,1.50
2013.09.12 16:43:47.973,0.75674,0.75701,1.13,1.13
2013.09.12 16:43:48.323,0.75674,0.75702,1.13,1.88
2013.09.12 16:43:48.443,0.75674,0.75701,1.13,1.50
2013.09.12 16:43:48.742,0.75669,0.75696,1.13,1.13
2013.09.12 16:43:48.802,0.75669,0.75696,1.13,1.13
2013.09.12 16:43:49.380,0.75666,0.75693,1.32,1.13
2013.09.12 16:43:49.903,0.75666,0.75694,1.32,1.50
2013.09.12 16:43:54.143,0.75666,0.75694,1.13,1.50
2013.09.12 16:43:58.905,0.75664,0.75692,1.13,1.50
2013.09.12 16:43:58.977,0.75663,0.75688,1.13,1.13
2013.09.12 16:43:59.103,0.75658,0.75685,1.32,1.13
2013.09.12 16:43:59.925,0.75659,0.75685,1.13,1.88
2013.09.12 16:44:04.144,0.75656,0.75685,2.07,1.13
2013.09.12 16:44:04.512,0.75661,0.75689,1.13,1.50
2013.09.12 16:44:04.912,0.75661,0.7569,1.13,2.25
2013.09.12 16:44:07.453,0.75665,0.75693,1.13,1.88
2013.09.12 16:44:07.722,0.75665,0.75693,1.13,1.50
2013.09.12 16:44:08.416,0.75666,0.75694,1.13,1.13
2013.09.12 16:44:13.069,0.75667,0.75695,1.13,1.50
2013.09.12 16:44:13.193,0.75669,0.757,1.50,1.32
2013.09.12 16:44:13.312,0.7567,0.75698,1.13,1.13
2013.09.12 16:44:13.432,0.7567,0.75698,1.32,1.13
2013.09.12 16:44:14.258,0.7567,0.75698,1.32,1.50
2013.09.12 16:44:18.352,0.75669,0.75698,1.69,1.88
2013.09.12 16:44:19.992,0.75669,0.75697,1.13,1.13
2013.09.12 16:44:20.569,0.75668,0.75695,1.50,1.13
2013.09.12 16:44:21.183,0.75668,0.75695,1.13,1.13
2013.09.12 16:44:24.034,0.75669,0.75694,1.13,1.13
2013.09.12 16:44:24.272,0.7567,0.75699,1.88,1.13
2013.09.12 16:44:25.202,0.75671,0.75701,1.13,1.88
2013.09.12 16:44:25.482,0.75671,0.75701,1.13,1.88
2013.09.12 16:44:27.693,0.75669,0.75699,1.88,1.13
2013.09.12 16:44:28.004,0.75664,0.75693,1.32,1.13
2013.09.12 16:44:28.242,0.75663,0.75692,2.07,1.50
2013.09.12 16:44:28.633,0.75663,0.7569,1.13,1.13
2013.09.12 16:44:29.103,0.75657,0.75685,1.69,1.13
2013.09.12 16:44:29.742,0.75655,0.75684,2.07,1.13
2013.09.12 16:44:29.802,0.75655,0.75684,2.07,1.13
2013.09.12 16:44:29.983,0.75655,0.75684,2.07,1.13
2013.09.12 16:44:30.553,0.75655,0.75684,1.32,1.13
2013.09.12 16:44:31.203,0.75656,0.75686,1.13,3.38
2013.09.12 16:44:31.777,0.75657,0.75687,1.13,1.88
2013.09.12 16:44:32.263,0.75657,0.75685,1.50,1.13
2013.09.12 16:44:32.583,0.7566,0.75689,1.13,1.50
2013.09.12 16:44:32.642,0.7566,0.75689,1.13,1.50
2013.09.12 16:44:33.192,0.75662,0.75689,1.50,1.50
2013.09.12 16:44:33.252,0.75662,0.75689,1.50,1.50
2013.09.12 16:44:33.312,0.75663,0.75689,1.13,1.13
2013.09.12 16:44:33.432,0.75663,0.75689,1.13,1.13
2013.09.12 16:44:34.053,0.75661,0.75689,1.88,1.13
2013.09.12 16:44:34.274,0.75661,0.75689,1.88,1.13
2013.09.12 16:44:34.514,0.75661,0.75689,1.88,1.13
2013.09.12 16:44:36.314,0.75661,0.75689,1.88,1.13
2013.09.12 16:44:44.063,0.75661,0.75689,1.13,1.13
2013.09.12 16:44:48.214,0.7566,0.75686,2.07,1.13
2013.09.12 16:44:48.394,0.75658,0.75683,1.13,1.13
2013.09.12 16:44:48.575,0.75656,0.75683,1.13,1.13
2013.09.12 16:44:49.453,0.75655,0.75682,1.13,1.13
2013.09.12 16:44:50.192,0.75654,0.75687,1.32,2.25
2013.09.12 16:44:50.702,0.75653,0.75683,1.32,1.13
2013.09.12 16:44:52.612,0.75654,0.75682,1.13,1.13
2013.09.12 16:44:56.483,0.75653,0.75682,1.13,1.13
2013.09.12 16:45:00.305,0.75653,0.75682,1.13,1.13
2013.09.12 16:45:00.662,0.75669,0.75691,1.13,1.13
2013.09.12 16:45:00.723,0.75671,0.75694,1.13,1.13
2013.09.12 16:45:00.922,0.75671,0.75701,1.50,1.13
2013.09.12 16:45:01.042,0.75671,0.75701,2.25,1.13
2013.09.12 16:45:01.213,0.75671,0.75701,1.50,1.13
2013.09.12 16:45:03.942,0.75671,0.75705,1.50,2.52
2013.09.12 16:45:04.454,0.75671,0.75705,1.50,2.33
2013.09.12 16:45:04.733,0.75671,0.75705,1.50,2.33
2013.09.12 16:45:10.613,0.75672,0.75704,1.50,1.13
2013.09.12 16:45:10.742,0.75675,0.75705,1.13,1.20
2013.09.12 16:45:11.043,0.75679,0.75709,1.50,1.88
2013.09.12 16:45:11.242,0.75682,0.75711,1.13,1.13
2013.09.12 16:45:11.602,0.75686,0.75716,1.13,1.88
2013.09.12 16:45:12.394,0.75685,0.75717,1.88,1.88
2013.09.12 16:45:15.003,0.7569,0.75717,1.13,1.13
2013.09.12 16:45:15.190,0.7569,0.75719,1.13,2.25
2013.09.12 16:45:15.792,0.75688,0.75717,1.13,1.13
2013.09.12 16:45:16.212,0.75689,0.75716,1.13,1.13
2013.09.12 16:45:16.392,0.75689,0.75718,1.88,1.13
2013.09.12 16:45:16.572,0.75692,0.75722,1.88,1.13
2013.09.12 16:45:17.116,0.75692,0.75722,1.88,1.13
2013.09.12 16:45:20.834,0.75692,0.75722,1.88,1.13
2013.09.12 16:45:21.552,0.75693,0.75722,1.50,1.13
2013.09.12 16:45:22.211,0.75693,0.75722,1.50,1.13
2013.09.12 16:45:25.382,0.75694,0.75725,1.13,1.50
2013.09.12 16:45:25.722,0.75695,0.75725,1.13,1.13
2013.09.12 16:45:26.082,0.75704,0.75733,1.13,1.13
2013.09.12 16:45:27.174,0.75702,0.75732,1.13,1.88
2013.09.12 16:45:30.523,0.75702,0.75732,1.13,1.88
2013.09.12 16:45:31.714,0.75704,0.75734,1.13,1.13
2013.09.12 16:45:32.224,0.75702,0.75731,1.32,1.50
2013.09.12 16:45:32.664,0.75703,0.75731,1.32,1.50
2013.09.12 16:45:33.365,0.75702,0.75731,1.32,1.50
2013.09.12 16:45:33.602,0.75702,0.75731,1.32,1.50
2013.09.12 16:45:33.662,0.757,0.75728,1.32,1.50
2013.09.12 16:45:34.123,0.75701,0.75728,1.13,1.50
2013.09.12 16:45:36.709,0.757,0.7573,2.07,1.50
2013.09.12 16:45:37.046,0.75703,0.75735,1.32,1.50
2013.09.12 16:45:37.102,0.75704,0.75735,1.13,1.50
2013.09.12 16:45:37.294,0.75706,0.75735,1.13,1.50
2013.09.12 16:45:39.822,0.75706,0.75735,1.13,1.50
2013.09.12 16:45:40.438,0.75706,0.75735,1.32,1.50
2013.09.12 16:45:46.844,0.75707,0.75735,1.13,1.50
2013.09.12 16:45:50.034,0.75707,0.75735,1.13,1.50
2013.09.12 16:45:52.023,0.75707,0.75735,1.13,1.88
2013.09.12 16:45:52.262,0.75707,0.75733,1.13,1.50
2013.09.12 16:45:52.502,0.757,0.75729,1.69,1.50
2013.09.12 16:45:52.802,0.75698,0.75726,1.13,1.50
2013.09.12 16:45:53.293,0.75698,0.75726,1.13,1.50
2013.09.12 16:45:53.413,0.75693,0.75722,1.32,1.50
2013.09.12 16:45:53.592,0.75691,0.75718,1.13,1.50
2013.09.12 16:45:58.133,0.75692,0.7572,1.13,1.88
2013.09.12 16:45:59.494,0.75692,0.7572,1.13,1.50
2013.09.12 16:46:03.793,0.75692,0.7572,1.13,1.50
2013.09.12 16:46:07.832,0.75694,0.75722,1.13,1.88
2013.09.12 16:46:07.892,0.75694,0.75722,1.13,1.50
2013.09.12 16:46:08.394,0.75695,0.75723,1.13,1.13
2013.09.12 16:46:08.908,0.75697,0.75725,1.13,1.50
2013.09.12 16:46:11.153,0.75698,0.75726,1.13,1.88
2013.09.12 16:46:11.392,0.75698,0.75724,1.13,1.50
2013.09.12 16:46:19.232,0.75698,0.75727,1.13,1.88
2013.09.12 16:46:19.412,0.75698,0.75727,1.13,1.13
2013.09.12 16:46:19.532,0.75699,0.75726,1.13,1.13
2013.09.12 16:46:20.435,0.75697,0.75724,1.50,1.13
2013.09.12 16:46:20.732,0.75693,0.75722,1.50,1.88
2013.09.12 16:46:22.002,0.75693,0.75721,1.13,1.13
2013.09.12 16:46:23.615,0.7569,0.75721,1.50,1.50
2013.09.12 16:46:24.723,0.75694,0.75721,1.50,1.50
2013.09.12 16:46:31.032,0.7569,0.75721,1.13,2.25
2013.09.12 16:46:31.283,0.7569,0.75718,1.13,1.50
2013.09.12 16:46:31.462,0.75692,0.7572,1.13,1.88
2013.09.12 16:46:31.613,0.75693,0.7572,1.13,1.13
2013.09.12 16:46:32.093,0.75693,0.75721,1.13,2.25
2013.09.12 16:46:32.314,0.75693,0.75719,1.13,1.13
2013.09.12 16:46:32.951,0.75693,0.75721,1.13,1.88
2013.09.12 16:46:33.433,0.75691,0.75718,1.13,1.50
2013.09.12 16:46:33.544,0.75691,0.75718,1.13,1.88
2013.09.12 16:46:33.723,0.75686,0.75713,1.13,1.13
2013.09.12 16:46:33.842,0.75686,0.75713,1.13,1.13
2013.09.12 16:46:33.962,0.75685,0.75711,1.13,1.50
2013.09.12 16:46:34.192,0.7568,0.75709,1.73,1.88
2013.09.12 16:46:34.474,0.7568,0.75708,1.13,1.88
2013.09.12 16:46:34.743,0.7568,0.75708,1.13,1.88
2013.09.12 16:46:35.052,0.75666,0.75694,1.50,1.13
2013.09.12 16:46:35.701,0.75666,0.75694,1.50,1.13
2013.09.12 16:46:37.843,0.75667,0.75694,1.50,1.13
2013.09.12 16:46:38.384,0.75672,0.75699,1.13,2.25
2013.09.12 16:46:41.861,0.75673,0.75699,1.13,2.25
2013.09.12 16:46:42.383,0.7567,0.75697,1.13,1.50
2013.09.12 16:46:42.562,0.75667,0.75696,1.50,1.13
2013.09.12 16:46:44.153,0.75667,0.75697,1.50,1.50
2013.09.12 16:46:44.373,0.75667,0.75696,1.50,1.13
2013.09.12 16:46:44.783,0.75667,0.75697,1.50,1.88
2013.09.12 16:46:58.742,0.75667,0.75697,1.88,1.88
2013.09.12 16:46:59.022,0.75671,0.75699,1.13,2.07
2013.09.12 16:46:59.718,0.75674,0.75699,1.13,2.07
2013.09.12 16:47:00.482,0.75674,0.75699,1.13,1.88
2013.09.12 16:47:01.059,0.75674,0.75699,1.13,1.88
2013.09.12 16:47:01.997,0.75674,0.75699,1.13,1.13
2013.09.12 16:47:07.875,0.75674,0.757,1.13,1.50
2013.09.12 16:47:08.398,0.75673,0.757,1.13,1.88
2013.09.12 16:47:08.932,0.75673,0.75702,1.50,1.69
2013.09.12 16:47:08.992,0.75674,0.75703,1.50,1.69
2013.09.12 16:47:09.232,0.75681,0.75711,1.13,1.32
2013.09.12 16:47:09.353,0.75681,0.75712,1.88,2.07
2013.09.12 16:47:11.956,0.75681,0.75712,1.50,1.32
2013.09.12 16:47:12.286,0.75681,0.75712,1.88,1.32
2013.09.12 16:47:12.834,0.75682,0.75713,1.13,2.44
2013.09.12 16:47:18.982,0.75682,0.75713,1.13,2.25
2013.09.12 16:47:19.538,0.75682,0.75711,1.13,1.50
2013.09.12 16:47:23.122,0.75685,0.75711,1.13,1.13
2013.09.12 16:47:23.242,0.75686,0.75713,1.13,1.50
2013.09.12 16:47:23.764,0.75686,0.75713,1.13,1.13
2013.09.12 16:47:24.033,0.75686,0.75716,1.13,2.07
2013.09.12 16:47:24.569,0.75687,0.75716,1.13,2.07
2013.09.12 16:47:29.374,0.75687,0.75716,1.13,1.88
2013.09.12 16:47:33.683,0.75687,0.75716,1.13,1.69
2013.09.12 16:47:33.743,0.7569,0.75716,1.13,1.69
2013.09.12 16:47:34.357,0.7569,0.75716,1.13,1.69
2013.09.12 16:47:35.935,0.75691,0.75717,1.13,2.07
2013.09.12 16:47:36.982,0.7569,0.75716,1.13,1.50
2013.09.12 16:47:37.623,0.7569,0.75716,1.13,1.50
2013.09.12 16:47:38.374,0.75689,0.75717,1.13,1.50
2013.09.12 16:47:44.733,0.75689,0.75716,1.13,1.50
2013.09.12 16:47:46.022,0.75687,0.75716,1.13,1.88
2013.09.12 16:47:47.971,0.7569,0.75716,1.13,1.50
2013.09.12 16:47:48.734,0.7569,0.75716,1.13,1.50
2013.09.12 16:47:51.393,0.75689,0.75716,1.13,1.88
2013.09.12 16:47:52.104,0.75689,0.75716,1.13,1.13
2013.09.12 16:47:52.434,0.75689,0.75716,1.13,1.13
2013.09.12 16:47:52.654,0.75686,0.75716,1.13,1.13
2013.09.12 16:47:52.985,0.75685,0.75716,1.50,1.13
2013.09.12 16:47:53.094,0.75685,0.75716,1.50,1.13
2013.09.12 16:47:53.632,0.75686,0.75716,1.13,1.88
2013.09.12 16:47:54.148,0.75686,0.75716,1.13,1.13
2013.09.12 16:47:54.875,0.75684,0.75715,1.50,1.13
2013.09.12 16:47:59.832,0.75687,0.75717,1.50,1.69
2013.09.12 16:48:00.012,0.75687,0.75717,1.50,1.69
2013.09.12 16:48:00.534,0.75687,0.75717,1.50,1.69
2013.09.12 16:48:03.195,0.75687,0.75719,1.50,1.69
2013.09.12 16:48:03.374,0.75691,0.75721,1.50,1.88
2013.09.12 16:48:03.865,0.75693,0.75725,1.88,2.25
2013.09.12 16:48:04.649,0.75693,0.75725,1.88,2.25
2013.09.12 16:48:07.394,0.75693,0.75725,1.50,2.44
2013.09.12 16:48:07.904,0.75697,0.75725,1.13,2.07
2013.09.12 16:48:08.174,0.757,0.75729,1.13,1.50
2013.09.12 16:48:17.911,0.75699,0.75729,1.50,1.50
2013.09.12 16:48:18.215,0.75697,0.75725,1.88,1.13
2013.09.12 16:48:18.718,0.75695,0.75724,1.50,1.50
2013.09.12 16:48:19.067,0.75695,0.75724,1.50,1.50
2013.09.12 16:48:19.473,0.75698,0.75724,1.50,1.13
2013.09.12 16:48:19.532,0.75698,0.75727,1.50,1.32
2013.09.12 16:48:19.592,0.757,0.75728,1.50,1.32
2013.09.12 16:48:20.417,0.75699,0.75731,1.50,2.07
2013.09.12 16:48:21.942,0.75697,0.75727,1.13,1.13
2013.09.12 16:48:22.004,0.75697,0.75727,1.13,1.88
2013.09.12 16:48:22.244,0.75697,0.75727,1.13,1.13
2013.09.12 16:48:22.754,0.75697,0.75724,1.13,1.13
2013.09.12 16:48:24.095,0.75697,0.75724,1.13,1.13
2013.09.12 16:48:25.132,0.75699,0.75728,1.13,1.88
2013.09.12 16:48:25.194,0.75699,0.75728,1.13,1.13
2013.09.12 16:48:25.775,0.75697,0.75728,2.25,1.13
2013.09.12 16:48:29.773,0.75697,0.75726,1.13,1.13
2013.09.12 16:48:29.834,0.75697,0.75723,1.13,1.13
2013.09.12 16:48:29.952,0.75697,0.75723,1.13,1.13
2013.09.12 16:48:31.992,0.75697,0.75725,1.50,1.13
2013.09.12 16:48:32.806,0.75697,0.75725,1.50,1.13
2013.09.12 16:48:37.058,0.75699,0.75728,1.13,1.13
2013.09.12 16:48:37.563,0.75694,0.75723,1.13,1.13
2013.09.12 16:48:38.342,0.75691,0.7572,1.13,1.13
2013.09.12 16:48:38.523,0.75691,0.75718,1.13,1.35
2013.09.12 16:48:39.424,0.75689,0.75718,1.50,1.73
2013.09.12 16:48:40.154,0.75687,0.75717,1.13,1.88
2013.09.12 16:48:49.682,0.75687,0.75716,1.13,1.50
2013.09.12 16:48:50.254,0.75686,0.75712,1.13,1.13
2013.09.12 16:48:50.879,0.75686,0.75712,1.13,1.13
2013.09.12 16:48:50.946,0.75686,0.75712,1.13,1.13
2013.09.12 16:48:51.536,0.75686,0.75712,1.13,1.13
2013.09.12 16:48:51.773,0.75683,0.75712,1.88,1.88
2013.09.12 16:48:51.832,0.75679,0.75709,2.44,1.13
2013.09.12 16:48:52.197,0.75679,0.75709,1.88,1.88
2013.09.12 16:48:56.814,0.75683,0.75711,1.50,1.13
2013.09.12 16:48:56.872,0.75683,0.75711,1.50,1.13
2013.09.12 16:48:57.074,0.75683,0.75711,1.88,1.13
2013.09.12 16:48:59.853,0.75685,0.75714,1.50,1.13
2013.09.12 16:49:04.075,0.75686,0.75714,1.50,1.13
2013.09.12 16:49:07.613,0.75685,0.75714,1.50,1.13
2013.09.12 16:49:07.672,0.75685,0.75714,1.50,1.13
2013.09.12 16:49:07.984,0.75688,0.75717,1.50,1.13
2013.09.12 16:49:11.594,0.75686,0.75718,1.88,1.50
2013.09.12 16:49:12.147,0.75687,0.75718,1.50,1.50
2013.09.12 16:49:12.964,0.75687,0.75718,1.50,1.13
2013.09.12 16:49:13.478,0.75687,0.75718,1.50,1.13
2013.09.12 16:49:13.833,0.75687,0.75715,1.50,1.13
2013.09.12 16:49:14.138,0.75689,0.75718,1.50,1.50
2013.09.12 16:49:14.468,0.7569,0.75717,1.50,1.88
2013.09.12 16:49:17.473,0.75689,0.75718,1.50,2.63
2013.09.12 16:49:17.533,0.75689,0.75718,1.50,2.63
2013.09.12 16:49:17.592,0.75689,0.75717,1.50,2.25
2013.09.12 16:49:17.773,0.75685,0.75715,1.50,1.13
2013.09.12 16:49:20.024,0.75686,0.75713,1.50,1.13
2013.09.12 16:49:21.552,0.75686,0.75713,1.50,1.13
2013.09.12 16:49:23.712,0.75686,0.75715,1.50,1.13
2013.09.12 16:49:23.772,0.75685,0.75718,1.88,3.57
2013.09.12 16:49:24.103,0.75689,0.75718,1.13,1.32
2013.09.12 16:49:24.314,0.75689,0.75718,1.88,1.32
2013.09.12 16:49:24.432,0.75692,0.7572,1.13,1.69
2013.09.12 16:49:24.553,0.75695,0.75722,1.13,2.70
2013.09.12 16:49:24.984,0.75696,0.75726,1.50,1.32
2013.09.12 16:49:25.075,0.75697,0.75726,1.50,1.32
2013.09.12 16:49:27.274,0.75698,0.75726,1.50,1.13
2013.09.12 16:49:28.593,0.75698,0.75727,1.50,1.13
2013.09.12 16:49:31.502,0.75698,0.75727,1.50,1.13
2013.09.12 16:49:31.563,0.75698,0.75728,1.50,1.13
2013.09.12 16:49:32.413,0.75698,0.75728,1.50,1.13
2013.09.12 16:49:32.722,0.75702,0.7573,1.50,1.69
2013.09.12 16:49:34.103,0.75701,0.7573,1.50,1.69
2013.09.12 16:49:34.313,0.75701,0.75729,1.50,1.69
2013.09.12 16:49:34.553,0.75698,0.75728,1.50,1.13
2013.09.12 16:49:35.084,0.75698,0.75728,1.50,1.13
2013.09.12 16:49:37.734,0.75698,0.75726,1.50,1.13
2013.09.12 16:49:47.883,0.75698,0.75727,1.50,1.13
2013.09.12 16:50:00.953,0.75696,0.75726,1.88,1.88
2013.09.12 16:50:01.276,0.75696,0.75726,2.25,1.50
2013.09.12 16:50:01.613,0.75696,0.75726,1.88,1.88
2013.09.12 16:50:04.363,0.75696,0.75726,1.88,1.88
2013.09.12 16:50:04.604,0.75696,0.75723,1.13,1.13
2013.09.12 16:50:04.723,0.75696,0.75723,1.13,1.13
2013.09.12 16:50:05.541,0.75695,0.75722,1.13,1.13
2013.09.12 16:50:05.923,0.75693,0.75719,1.88,1.13
2013.09.12 16:50:06.183,0.75688,0.75715,1.32,1.13
2013.09.12 16:50:13.603,0.75686,0.75716,1.88,1.13
2013.09.12 16:50:16.334,0.75688,0.75718,1.13,1.88
2013.09.12 16:50:25.865,0.75686,0.75714,1.88,1.13
2013.09.12 16:50:27.164,0.75686,0.75711,1.13,1.13
2013.09.12 16:50:36.203,0.75685,0.75716,1.50,1.32
2013.09.12 16:50:38.655,0.75685,0.75716,1.50,1.32
2013.09.12 16:50:39.355,0.75685,0.75717,1.50,1.32
2013.09.12 16:50:39.954,0.75685,0.75717,1.50,1.32
2013.09.12 16:50:40.284,0.75685,0.75714,1.50,1.13
2013.09.12 16:50:40.342,0.75687,0.75714,1.50,1.13
2013.09.12 16:50:40.603,0.7569,0.75717,1.50,1.13
2013.09.12 16:50:40.873,0.7569,0.75717,1.50,1.13
2013.09.12 16:50:48.581,0.7569,0.75723,1.88,1.32
2013.09.12 16:50:49.317,0.7569,0.75723,1.88,1.32
2013.09.12 16:50:49.733,0.7569,0.75723,1.88,2.07
2013.09.12 16:50:50.305,0.7569,0.75718,1.88,1.13
2013.09.12 16:50:52.824,0.7569,0.75717,1.13,1.13
2013.09.12 16:50:52.883,0.7569,0.75716,1.13,1.13
2013.09.12 16:50:53.638,0.7569,0.75716,1.13,1.13
2013.09.12 16:50:54.247,0.75688,0.75716,1.88,1.13
2013.09.12 16:50:59.072,0.75689,0.75716,1.13,1.13
2013.09.12 16:50:59.743,0.7569,0.75718,1.88,1.13
2013.09.12 16:50:59.904,0.7569,0.75721,1.88,2.07
2013.09.12 16:51:01.346,0.75691,0.75721,1.88,1.13
2013.09.12 16:51:01.814,0.7569,0.7572,1.88,1.13
2013.09.12 16:51:03.862,0.75689,0.7572,1.50,1.13
2013.09.12 16:51:06.804,0.75687,0.7572,1.13,1.13
2013.09.12 16:51:06.923,0.75687,0.75717,1.13,1.13
2013.09.12 16:51:06.983,0.75687,0.75717,1.13,1.88
2013.09.12 16:51:07.635,0.75687,0.75717,1.13,1.88
2013.09.12 16:51:13.783,0.75687,0.75714,1.13,1.13
2013.09.12 16:51:16.734,0.75687,0.75714,1.13,1.13
2013.09.12 16:51:16.844,0.75687,0.75714,1.13,1.13
2013.09.12 16:51:17.024,0.75689,0.75717,1.50,1.13
2013.09.12 16:51:17.082,0.75689,0.75717,1.50,1.13
2013.09.12 16:51:22.385,0.75689,0.75717,1.50,1.13
2013.09.12 16:51:23.674,0.75689,0.75717,1.50,1.13
2013.09.12 16:51:23.823,0.75689,0.75717,1.50,1.13
2013.09.12 16:51:24.504,0.75689,0.75716,1.50,1.13
2013.09.12 16:51:26.533,0.75691,0.75718,1.50,1.13
2013.09.12 16:51:26.653,0.75693,0.75719,1.50,1.32
2013.09.12 16:51:26.862,0.75693,0.75719,1.50,1.13
2013.09.12 16:51:27.557,0.75693,0.7572,1.50,1.13
2013.09.12 16:51:29.443,0.75694,0.75721,1.50,1.13
2013.09.12 16:51:31.072,0.75694,0.75721,1.50,1.13
2013.09.12 16:51:31.892,0.75694,0.75721,1.50,1.13
2013.09.12 16:51:34.613,0.75695,0.75722,1.50,1.13
2013.09.12 16:51:35.153,0.75695,0.75722,1.50,1.13
2013.09.12 16:51:35.213,0.75698,0.75724,1.50,1.13
2013.09.12 16:51:35.273,0.75698,0.75724,1.50,1.13
2013.09.12 16:51:35.776,0.75699,0.75728,1.50,1.54
2013.09.12 16:51:37.625,0.75701,0.75727,1.50,2.25
2013.09.12 16:51:38.123,0.75701,0.75727,1.50,2.25
2013.09.12 16:51:38.783,0.75698,0.75727,1.50,3.00
2013.09.12 16:51:38.962,0.75698,0.75727,1.50,3.75
2013.09.12 16:51:40.374,0.75698,0.75727,1.50,3.75
2013.09.12 16:51:40.613,0.75698,0.75727,1.50,3.00
2013.09.12 16:51:41.143,0.757,0.7573,1.50,1.50
2013.09.12 16:51:41.778,0.757,0.7573,1.50,1.50
2013.09.12 16:51:42.448,0.757,0.7573,1.50,1.50
2013.09.12 16:51:45.044,0.757,0.7573,1.50,1.13
2013.09.12 16:51:47.823,0.75702,0.7573,1.50,1.13
2013.09.12 16:51:47.882,0.75702,0.7573,1.50,1.13
2013.09.12 16:51:50.463,0.75701,0.7573,1.50,1.50
2013.09.12 16:51:51.275,0.75702,0.7573,1.13,1.13
2013.09.12 16:51:51.783,0.75703,0.7573,1.13,1.13
2013.09.12 16:51:53.033,0.75704,0.75733,1.88,1.50
2013.09.12 16:52:01.753,0.75704,0.75733,1.50,1.50
2013.09.12 16:52:04.084,0.75704,0.75733,1.50,1.50
2013.09.12 16:52:04.323,0.75707,0.75736,1.13,1.50
2013.09.12 16:52:04.637,0.75707,0.75737,1.13,1.32
2013.09.12 16:52:04.773,0.7571,0.75738,1.50,1.13
2013.09.12 16:52:05.309,0.7571,0.75738,1.50,1.13
2013.09.12 16:52:05.984,0.75707,0.75734,1.88,1.13
2013.09.12 16:52:06.492,0.75707,0.75734,1.88,1.13
2013.09.12 16:52:07.003,0.75707,0.75734,1.13,1.13
2013.09.12 16:52:09.273,0.75707,0.75734,1.13,1.13
2013.09.12 16:52:11.813,0.75707,0.75734,1.88,1.13
2013.09.12 16:52:26.195,0.75707,0.75734,1.50,1.13
2013.09.12 16:52:32.014,0.75707,0.75734,1.50,1.13
2013.09.12 16:52:35.023,0.75707,0.75735,1.50,1.13
2013.09.12 16:52:35.333,0.75708,0.75735,1.50,1.13
2013.09.12 16:52:35.573,0.75712,0.75738,1.50,1.32
2013.09.12 16:52:36.303,0.75714,0.75745,1.13,1.69
2013.09.12 16:52:36.363,0.75715,0.75745,1.50,1.69
2013.09.12 16:52:36.550,0.75715,0.75747,1.88,2.25
2013.09.12 16:52:36.814,0.75717,0.75747,1.13,1.88
2013.09.12 16:52:54.134,0.75719,0.75747,1.13,1.50
2013.09.12 16:52:55.475,0.75719,0.75745,1.13,1.50
2013.09.12 16:52:56.098,0.75716,0.75744,1.50,1.50
2013.09.12 16:52:56.784,0.75716,0.75744,1.50,1.50
2013.09.12 16:52:56.843,0.75716,0.75744,1.50,1.50
2013.09.12 16:53:01.944,0.75716,0.75744,1.50,1.50
2013.09.12 16:53:03.493,0.75716,0.75744,1.50,1.88
2013.09.12 16:53:03.613,0.75712,0.75744,2.44,1.88
2013.09.12 16:53:04.265,0.75713,0.75742,1.50,1.13
2013.09.12 16:53:11.423,0.75713,0.75741,1.13,1.13
2013.09.12 16:53:12.074,0.75711,0.75739,1.50,1.50
2013.09.12 16:53:12.848,0.75709,0.7574,1.50,1.88
2013.09.12 16:53:17.124,0.75709,0.7574,1.50,1.88
2013.09.12 16:53:17.263,0.75711,0.7574,1.50,1.88
2013.09.12 16:53:28.211,0.75713,0.7574,1.13,1.88
2013.09.12 16:53:28.345,0.75713,0.7574,1.13,1.88
2013.09.12 16:53:34.413,0.7571,0.7574,1.13,1.88
2013.09.12 16:53:36.083,0.75711,0.75742,1.13,1.13
2013.09.12 16:53:37.703,0.75713,0.7574,1.13,1.13
2013.09.12 16:53:41.434,0.75713,0.75742,1.13,1.13
2013.09.12 16:53:44.083,0.75714,0.75741,1.13,1.13
2013.09.12 16:53:44.452,0.75715,0.75741,1.13,1.13
2013.09.12 16:53:45.128,0.75714,0.75741,1.13,1.13
2013.09.12 16:53:55.185,0.75712,0.75741,1.88,1.13
2013.09.12 16:53:55.924,0.75712,0.75741,1.13,1.13
2013.09.12 16:53:57.054,0.75712,0.7574,1.13,1.13
2013.09.12 16:54:05.854,0.75712,0.75742,1.13,1.88
2013.09.12 16:54:06.374,0.75712,0.75741,1.88,1.13
2013.09.12 16:54:07.183,0.75714,0.75742,1.13,1.13
2013.09.12 16:54:09.363,0.75714,0.75742,1.88,1.13
2013.09.12 16:54:12.164,0.75715,0.75742,1.50,1.50
2013.09.12 16:54:12.693,0.75714,0.75741,1.13,1.50
2013.09.12 16:54:15.433,0.75714,0.7574,1.13,1.13
2013.09.12 16:54:18.285,0.75713,0.7574,1.13,1.13
2013.09.12 16:54:21.224,0.75715,0.75742,1.88,1.50
2013.09.12 16:54:30.023,0.75715,0.75742,1.13,1.13
2013.09.12 16:54:31.953,0.75715,0.75742,1.13,1.13
2013.09.12 16:54:32.013,0.75714,0.75741,1.13,1.13
2013.09.12 16:54:33.134,0.75713,0.75741,1.88,1.13
2013.09.12 16:54:35.794,0.75715,0.75742,1.13,1.13
2013.09.12 16:54:36.366,0.75715,0.75741,1.13,1.13
2013.09.12 16:54:41.164,0.75713,0.75742,1.13,1.13
2013.09.12 16:54:41.974,0.75713,0.7574,1.13,1.13
2013.09.12 16:54:43.375,0.75713,0.7574,1.13,1.13
2013.09.12 16:54:46.385,0.75714,0.7574,1.13,1.13
2013.09.12 16:54:46.564,0.75713,0.75739,1.13,1.13
2013.09.12 16:54:51.685,0.75711,0.75738,2.25,1.13
2013.09.12 16:54:52.287,0.75711,0.75738,1.50,1.13
2013.09.12 16:54:52.806,0.7571,0.75736,1.50,1.13
2013.09.12 16:54:54.173,0.75709,0.75736,1.88,1.13
2013.09.12 16:54:59.916,0.75709,0.75735,1.88,1.13
2013.09.12 16:55:00.240,0.75709,0.75736,1.13,1.13
2013.09.12 16:55:00.863,0.75709,0.75736,1.13,1.13
2013.09.12 16:55:02.054,0.75708,0.75736,1.13,1.13
2013.09.12 16:55:03.324,0.75709,0.75735,1.13,1.13
2013.09.12 16:55:05.774,0.75707,0.75734,1.13,1.13
2013.09.12 16:55:06.334,0.75706,0.75734,1.50,1.13
2013.09.12 16:55:06.594,0.75708,0.75736,1.13,1.13
2013.09.12 16:55:07.316,0.7571,0.75737,1.13,1.13
2013.09.12 16:55:10.224,0.75707,0.75737,1.13,1.50
2013.09.12 16:55:10.835,0.75708,0.75735,1.13,1.50
2013.09.12 16:55:10.953,0.75706,0.75733,1.13,1.13
2013.09.12 16:55:11.073,0.75706,0.75733,1.13,1.50
2013.09.12 16:55:11.613,0.75705,0.75733,1.50,1.50
2013.09.12 16:55:11.813,0.75707,0.75736,1.13,3.38
2013.09.12 16:55:12.206,0.75707,0.75736,1.88,1.13
2013.09.12 16:55:13.533,0.75707,0.75736,1.13,1.13
2013.09.12 16:55:14.884,0.75706,0.75736,2.25,1.13
2013.09.12 16:55:15.565,0.75706,0.75735,2.25,1.13
2013.09.12 16:55:16.188,0.75706,0.75734,1.13,1.13
2013.09.12 16:55:23.154,0.75705,0.75733,1.13,1.88
2013.09.12 16:55:23.675,0.75703,0.75732,1.50,1.50
2013.09.12 16:55:24.214,0.75703,0.75732,1.13,1.50
2013.09.12 16:55:25.563,0.75704,0.75732,1.13,1.50
2013.09.12 16:55:26.835,0.75704,0.75731,1.13,1.50
2013.09.12 16:55:27.959,0.75704,0.75733,1.13,1.50
2013.09.12 16:55:39.763,0.75702,0.75731,1.50,1.88
2013.09.12 16:55:42.383,0.75702,0.7573,1.50,1.50
2013.09.12 16:55:55.915,0.75702,0.75731,1.50,1.50
2013.09.12 16:55:59.958,0.75702,0.75731,1.50,1.50
2013.09.12 16:56:01.625,0.75704,0.75733,1.13,1.88
2013.09.12 16:56:04.314,0.75704,0.75731,1.13,1.50
2013.09.12 16:56:11.744,0.75702,0.7573,1.50,1.13
2013.09.12 16:56:14.405,0.75702,0.7573,1.50,1.13
2013.09.12 16:56:14.644,0.75699,0.75727,1.13,1.88
2013.09.12 16:56:14.775,0.75699,0.75727,1.13,1.88
2013.09.12 16:56:15.985,0.75697,0.75727,1.13,1.88
2013.09.12 16:56:16.044,0.75696,0.75727,1.69,1.88
2013.09.12 16:56:16.546,0.75694,0.75721,1.13,1.13
2013.09.12 16:56:16.759,0.75694,0.75721,1.13,1.13
2013.09.12 16:56:17.273,0.75695,0.75723,1.50,1.13
2013.09.12 16:56:23.985,0.75694,0.75723,1.13,1.13
2013.09.12 16:56:39.308,0.75694,0.75722,1.88,1.13
2013.09.12 16:56:39.483,0.75696,0.75725,1.50,1.13
2013.09.12 16:56:39.543,0.75696,0.75726,1.88,1.13
2013.09.12 16:56:39.894,0.75698,0.75727,1.88,1.13
2013.09.12 16:56:40.436,0.75698,0.75727,1.50,1.13
2013.09.12 16:56:41.843,0.75697,0.75727,1.50,1.13
2013.09.12 16:56:42.284,0.75697,0.75723,1.50,1.13
2013.09.12 16:56:42.463,0.75695,0.75721,1.50,1.13
2013.09.12 16:56:42.724,0.75695,0.75722,1.50,1.13
2013.09.12 16:56:46.735,0.75696,0.75724,1.88,1.13
2013.09.12 16:56:49.003,0.75696,0.75724,1.88,1.13
2013.09.12 16:56:49.545,0.75696,0.75721,1.13,1.13
2013.09.12 16:56:59.114,0.75698,0.75728,1.13,1.13
2013.09.12 16:56:59.374,0.75699,0.75728,1.13,1.13
2013.09.12 16:57:10.194,0.75699,0.75728,2.25,1.13
2013.09.12 16:57:25.186,0.757,0.75731,1.13,1.13
2013.09.12 16:57:25.244,0.75703,0.75731,1.13,1.13
2013.09.12 16:57:25.485,0.75706,0.75733,1.13,1.50
2013.09.12 16:57:25.723,0.75704,0.75733,1.88,1.50
2013.09.12 16:57:30.593,0.75704,0.75732,1.13,1.88
2013.09.12 16:57:30.653,0.75702,0.75732,1.88,1.50
2013.09.12 16:57:34.705,0.75702,0.75732,1.88,1.50
2013.09.12 16:57:34.833,0.75703,0.75732,1.13,1.50
2013.09.12 16:57:35.905,0.75702,0.75732,1.13,1.88
2013.09.12 16:57:36.425,0.75702,0.75732,1.50,1.88
2013.09.12 16:57:36.816,0.75704,0.75733,1.13,1.50
2013.09.12 16:57:37.724,0.75704,0.75733,1.13,1.50
2013.09.12 16:57:40.865,0.75704,0.75732,1.13,1.50
2013.09.12 16:57:55.696,0.75703,0.75734,1.13,1.13
2013.09.12 16:57:56.208,0.75701,0.75732,1.50,1.50
2013.09.12 16:58:06.323,0.75701,0.75732,1.50,1.50
2013.09.12 16:58:17.334,0.75701,0.75729,1.13,1.13
2013.09.12 16:58:18.653,0.75701,0.75729,1.88,1.13
2013.09.12 16:58:18.963,0.75704,0.75732,1.13,1.13
2013.09.12 16:58:34.663,0.75705,0.75732,1.13,1.13
2013.09.12 16:58:37.825,0.75705,0.75734,1.13,1.13
2013.09.12 16:58:38.005,0.75705,0.75734,1.13,1.13
2013.09.12 16:58:40.135,0.75705,0.75734,1.50,1.88
2013.09.12 16:58:51.754,0.75706,0.75733,1.13,1.13
2013.09.12 16:58:57.205,0.75704,0.75733,1.13,1.13
2013.09.12 16:59:00.835,0.75705,0.75733,1.13,1.50
2013.09.12 16:59:03.714,0.75705,0.75733,1.13,1.13
2013.09.12 16:59:04.321,0.75705,0.75733,1.13,1.13
2013.09.12 16:59:06.454,0.75707,0.75735,1.50,1.50
2013.09.12 16:59:06.868,0.7571,0.75738,1.13,1.13
2013.09.12 16:59:07.024,0.75711,0.75738,1.13,1.13
2013.09.12 16:59:07.226,0.75711,0.75738,1.13,1.13
2013.09.12 16:59:07.364,0.75711,0.75739,1.13,1.13
2013.09.12 16:59:07.823,0.7571,0.75739,1.88,1.13
2013.09.12 16:59:07.946,0.75711,0.75739,1.50,1.50
2013.09.12 16:59:09.475,0.75712,0.75739,1.13,1.50
2013.09.12 16:59:09.594,0.75711,0.7574,1.88,1.13
2013.09.12 16:59:10.157,0.75711,0.75741,2.25,1.50
2013.09.12 16:59:14.264,0.75714,0.75743,1.88,1.13
2013.09.12 16:59:14.325,0.75714,0.75743,1.88,1.13
2013.09.12 16:59:14.836,0.75714,0.75744,1.88,1.13
2013.09.12 16:59:15.348,0.75714,0.75744,1.88,1.13
2013.09.12 16:59:18.724,0.75715,0.75744,1.13,1.13
2013.09.12 16:59:19.393,0.75715,0.75744,1.13,1.13
2013.09.12 16:59:20.264,0.75714,0.75743,1.88,1.13
2013.09.12 16:59:20.563,0.75711,0.7574,3.19,1.13
2013.09.12 16:59:20.974,0.75711,0.75741,3.19,1.13
2013.09.12 16:59:21.577,0.75712,0.7574,1.13,1.13
2013.09.12 16:59:24.596,0.75712,0.7574,1.13,1.13
2013.09.12 16:59:28.735,0.75716,0.75741,1.13,1.13
2013.09.12 16:59:28.914,0.75717,0.75745,1.13,1.50
2013.09.12 16:59:30.142,0.75718,0.75745,1.13,1.50
2013.09.12 16:59:30.940,0.75721,0.75745,1.13,1.13
2013.09.12 16:59:31.124,0.75722,0.75749,1.13,1.32
2013.09.12 16:59:31.424,0.75721,0.75749,1.13,1.13
2013.09.12 16:59:31.974,0.75723,0.75752,1.13,1.13
2013.09.12 16:59:32.034,0.75724,0.75752,1.13,1.13
2013.09.12 16:59:32.154,0.75724,0.75754,1.13,1.13
2013.09.12 16:59:32.534,0.75725,0.75755,1.88,2.25
2013.09.12 16:59:32.814,0.75725,0.75753,1.88,1.13
2013.09.12 16:59:32.994,0.75725,0.75753,1.13,1.13
2013.09.12 16:59:33.296,0.75721,0.75749,1.13,1.13
2013.09.12 16:59:33.534,0.75722,0.7575,1.13,1.13
2013.09.12 16:59:33.794,0.7572,0.75748,1.13,1.13
2013.09.12 16:59:34.893,0.75719,0.75747,1.50,1.13
2013.09.12 16:59:36.746,0.75719,0.75747,1.50,1.13
2013.09.12 16:59:36.864,0.75719,0.75746,1.50,1.35
2013.09.12 16:59:39.027,0.75719,0.75746,1.13,1.73
2013.09.12 16:59:40.235,0.75719,0.75744,1.13,1.13
2013.09.12 16:59:41.065,0.75716,0.75744,1.50,1.13
2013.09.12 16:59:42.986,0.75716,0.75742,1.13,1.13
2013.09.12 16:59:43.204,0.75714,0.75742,1.13,1.13
2013.09.12 16:59:43.736,0.75713,0.75739,1.13,1.13
2013.09.12 16:59:44.911,0.75713,0.75741,1.13,1.13
2013.09.12 16:59:45.597,0.75715,0.75741,1.13,1.13
2013.09.12 16:59:46.114,0.75716,0.75742,1.13,1.13
2013.09.12 16:59:46.585,0.75718,0.75744,1.13,2.10
2013.09.12 16:59:48.445,0.75715,0.75742,1.13,1.13
2013.09.12 16:59:48.504,0.75715,0.75742,1.13,1.13
2013.09.12 16:59:48.645,0.75714,0.75742,1.88,1.13
2013.09.12 16:59:49.865,0.75716,0.75744,1.13,1.73
2013.09.12 16:59:55.305,0.75718,0.75744,1.13,1.35
2013.09.12 16:59:57.303,0.75718,0.75744,1.13,1.73
2013.09.12 16:59:58.772,0.75715,0.75744,1.88,1.73
2013.09.12 16:59:59.194,0.75715,0.75738,1.13,1.35
2013.09.12 16:59:59.554,0.75719,0.75739,1.13,1.35
