2014.04.07 17:00:04.116,0.76374,0.76393,1.00,1.00
2014.04.07 17:00:04.167,0.76374,0.76388,1.00,1.00
2014.04.07 17:00:04.578,0.76374,0.76393,1.00,1.25
2014.04.07 17:00:05.689,0.76375,0.76393,1.00,1.00
2014.04.07 17:00:05.739,0.76377,0.76393,1.00,1.00
2014.04.07 17:00:09.024,0.76379,0.76393,1.00,1.00
2014.04.07 17:00:13.139,0.76376,0.76393,1.00,1.00
2014.04.07 17:00:50.933,0.76379,0.76393,1.00,1.00
2014.04.07 17:01:04.793,0.76374,0.76396,1.00,1.25
2014.04.07 17:01:04.903,0.76372,0.76394,2.44,1.00
2014.04.07 17:01:05.916,0.76372,0.76394,2.25,1.00
2014.04.07 17:01:06.503,0.76372,0.76393,2.25,1.00
2014.04.07 17:01:09.156,0.76374,0.76393,1.00,1.00
2014.04.07 17:01:09.467,0.76372,0.76389,1.00,1.00
2014.04.07 17:01:10.001,0.76373,0.76388,1.00,1.00
2014.04.07 17:01:10.223,0.7637,0.76387,2.25,1.00
2014.04.07 17:01:10.552,0.76368,0.76387,1.32,1.00
2014.04.07 17:01:10.953,0.76368,0.76383,1.32,1.00
2014.04.07 17:01:12.091,0.76367,0.76383,1.00,1.00
2014.04.07 17:01:23.723,0.76367,0.76382,1.00,1.00
2014.04.07 17:01:31.633,0.76367,0.76383,1.00,1.00
2014.04.07 17:01:33.591,0.76367,0.76384,1.00,1.00
2014.04.07 17:01:38.062,0.76367,0.76385,1.13,1.00
2014.04.07 17:01:38.633,0.76371,0.76385,1.13,1.00
2014.04.07 17:01:38.784,0.76371,0.76388,1.00,1.00
2014.04.07 17:01:40.490,0.7637,0.76388,1.00,1.00
2014.04.07 17:01:45.422,0.76371,0.76388,1.00,1.00
2014.04.07 17:01:48.280,0.7637,0.76388,1.00,1.00
2014.04.07 17:01:48.502,0.76367,0.76384,1.57,1.00
2014.04.07 17:01:48.792,0.76367,0.76386,1.38,1.00
2014.04.07 17:01:54.971,0.76368,0.76386,1.32,1.00
2014.04.07 17:01:55.555,0.76368,0.76386,1.32,1.00
2014.04.07 17:01:55.942,0.76368,0.7639,1.32,1.00
2014.04.07 17:01:57.232,0.76367,0.76389,1.57,1.00
2014.04.07 17:01:57.282,0.76367,0.76387,1.63,1.00
2014.04.07 17:01:57.612,0.76365,0.76389,2.07,1.69
2014.04.07 17:01:58.373,0.76369,0.76389,1.00,1.00
2014.04.07 17:01:59.280,0.76368,0.76389,1.13,1.00
2014.04.07 17:01:59.829,0.76368,0.76391,1.13,1.50
2014.04.07 17:02:09.185,0.76368,0.76391,1.38,1.50
2014.04.07 17:02:10.159,0.76369,0.76391,1.38,1.00
2014.04.07 17:02:11.359,0.76369,0.76391,1.13,1.00
2014.04.07 17:02:11.910,0.76369,0.76391,1.63,1.00
2014.04.07 17:02:12.587,0.76369,0.76391,1.32,1.00
2014.04.07 17:02:14.200,0.76369,0.76391,1.63,1.00
2014.04.07 17:02:14.316,0.76371,0.76393,1.38,1.25
2014.04.07 17:02:19.383,0.76373,0.76394,1.00,1.19
2014.04.07 17:02:20.160,0.76373,0.76394,1.00,1.00
2014.04.07 17:02:21.571,0.76372,0.76392,1.32,1.00
2014.04.07 17:02:23.078,0.76371,0.76392,1.00,1.00
2014.04.07 17:02:37.178,0.76371,0.76392,1.00,1.19
2014.04.07 17:02:38.172,0.76371,0.76392,1.38,1.25
2014.04.07 17:02:45.944,0.76371,0.76394,1.88,1.19
2014.04.07 17:02:48.554,0.76371,0.76394,1.88,1.19
2014.04.07 17:02:51.396,0.76371,0.76394,1.38,1.19
2014.04.07 17:02:52.190,0.76371,0.76393,1.00,1.25
2014.04.07 17:02:52.974,0.76371,0.76392,1.00,1.00
2014.04.07 17:02:53.550,0.7637,0.76392,1.00,1.19
2014.04.07 17:02:54.071,0.76369,0.7639,1.13,1.50
2014.04.07 17:02:54.358,0.76367,0.76389,1.00,1.50
2014.04.07 17:03:07.170,0.76367,0.76389,1.00,1.69
2014.04.07 17:03:10.685,0.76367,0.76389,1.13,1.69
2014.04.07 17:03:16.181,0.76367,0.76387,1.13,1.00
2014.04.07 17:03:16.282,0.76364,0.76387,1.00,1.00
2014.04.07 17:03:16.809,0.76365,0.76387,1.00,1.00
2014.04.07 17:03:17.061,0.76366,0.7639,1.88,1.69
2014.04.07 17:03:17.112,0.76366,0.7639,1.88,1.69
2014.04.07 17:03:17.859,0.76368,0.7639,1.13,1.00
2014.04.07 17:03:20.531,0.76368,0.76391,1.13,1.00
2014.04.07 17:03:23.721,0.76369,0.76391,1.00,1.00
2014.04.07 17:03:32.600,0.76369,0.76392,1.50,1.00
2014.04.07 17:03:45.073,0.7637,0.7639,1.00,1.00
2014.04.07 17:03:45.269,0.76367,0.7639,1.38,1.19
2014.04.07 17:03:45.689,0.76366,0.7639,1.50,1.69
2014.04.07 17:03:46.821,0.76366,0.7639,1.50,1.69
2014.04.07 17:03:47.518,0.76366,0.7639,1.50,1.69
2014.04.07 17:03:53.980,0.76366,0.7639,1.50,1.69
2014.04.07 17:03:55.258,0.76367,0.76389,1.00,1.00
2014.04.07 17:03:58.293,0.76364,0.76388,1.38,1.50
2014.04.07 17:03:58.870,0.76366,0.76388,1.00,1.50
2014.04.07 17:03:59.511,0.76366,0.76388,1.00,1.69
2014.04.07 17:04:00.625,0.76365,0.76386,1.00,1.00
2014.04.07 17:04:01.898,0.76365,0.76386,1.00,1.19
2014.04.07 17:04:04.795,0.76365,0.76386,1.13,1.00
2014.04.07 17:04:06.911,0.76365,0.76386,1.13,1.19
2014.04.07 17:04:09.612,0.76365,0.76386,1.13,1.25
2014.04.07 17:04:16.632,0.76365,0.7638,1.13,1.00
2014.04.07 17:04:36.764,0.76365,0.76381,1.38,1.00
2014.04.07 17:04:38.020,0.76366,0.76382,1.63,1.00
2014.04.07 17:04:38.301,0.76366,0.76384,1.63,1.00
2014.04.07 17:04:47.433,0.76366,0.76382,1.38,1.00
2014.04.07 17:04:56.578,0.76365,0.76382,1.38,1.00
2014.04.07 17:05:11.715,0.76364,0.76382,1.38,1.00
2014.04.07 17:05:11.767,0.76364,0.76379,1.38,1.00
2014.04.07 17:05:12.222,0.76359,0.76376,1.38,1.00
2014.04.07 17:05:12.323,0.76359,0.76378,1.38,1.00
2014.04.07 17:05:13.211,0.76359,0.76378,1.38,1.00
2014.04.07 17:05:13.312,0.76359,0.76376,1.38,1.00
2014.04.07 17:05:18.821,0.76359,0.76377,1.38,1.00
2014.04.07 17:05:27.719,0.76359,0.76374,1.38,1.00
2014.04.07 17:05:29.120,0.76359,0.76377,1.63,1.00
2014.04.07 17:05:37.372,0.76359,0.76376,1.38,1.00
2014.04.07 17:05:46.282,0.76357,0.76374,1.63,1.00
2014.04.07 17:05:48.700,0.76358,0.76373,1.38,1.00
2014.04.07 17:05:55.817,0.76358,0.76373,1.13,1.00
2014.04.07 17:05:56.730,0.76358,0.76374,1.13,1.00
2014.04.07 17:06:08.101,0.76358,0.76374,1.38,1.00
2014.04.07 17:06:13.923,0.76358,0.76377,1.63,1.00
2014.04.07 17:06:24.977,0.7636,0.76377,1.00,1.00
2014.04.07 17:06:26.679,0.7636,0.76378,1.00,1.00
2014.04.07 17:06:26.831,0.76363,0.76379,1.00,1.00
2014.04.07 17:06:30.062,0.76363,0.76381,1.00,1.00
2014.04.07 17:06:35.038,0.76363,0.7638,1.00,1.00
2014.04.07 17:06:35.387,0.76362,0.76378,1.00,1.00
2014.04.07 17:06:42.106,0.76359,0.76378,1.00,1.00
2014.04.07 17:06:42.858,0.76359,0.76377,1.00,1.00
2014.04.07 17:06:43.366,0.76358,0.76376,1.00,1.00
2014.04.07 17:06:44.527,0.76358,0.76375,1.00,1.00
2014.04.07 17:06:52.606,0.76359,0.76375,1.00,1.00
2014.04.07 17:07:07.826,0.76359,0.76374,1.00,1.00
2014.04.07 17:07:07.927,0.76351,0.76367,1.69,1.00
2014.04.07 17:07:07.977,0.76351,0.76367,1.00,1.00
2014.04.07 17:07:13.757,0.76351,0.76363,1.00,1.00
2014.04.07 17:07:13.958,0.76344,0.76362,1.19,1.00
2014.04.07 17:07:14.586,0.76344,0.76362,1.00,1.00
2014.04.07 17:07:19.060,0.76344,0.7636,1.00,1.00
2014.04.07 17:07:19.535,0.76342,0.76358,1.00,1.00
2014.04.07 17:07:23.515,0.76343,0.76358,1.00,1.00
2014.04.07 17:07:24.326,0.7634,0.76358,1.69,1.00
2014.04.07 17:07:24.528,0.76339,0.7636,2.44,1.00
2014.04.07 17:07:24.629,0.76342,0.76362,1.25,1.00
2014.04.07 17:07:24.780,0.76342,0.76362,1.69,1.00
2014.04.07 17:07:25.082,0.76344,0.7636,1.00,1.00
2014.04.07 17:07:25.183,0.76342,0.7636,1.00,1.00
2014.04.07 17:07:26.421,0.76342,0.76359,1.00,1.00
2014.04.07 17:07:27.307,0.76341,0.76359,1.00,1.00
2014.04.07 17:07:27.833,0.76337,0.76358,1.19,1.00
2014.04.07 17:07:28.025,0.7634,0.76358,1.00,1.00
2014.04.07 17:07:28.785,0.7634,0.76357,1.00,1.00
2014.04.07 17:07:28.835,0.76337,0.76357,1.19,1.00
2014.04.07 17:07:29.437,0.76339,0.76357,1.00,1.00
2014.04.07 17:07:32.136,0.76339,0.76355,1.00,1.00
2014.04.07 17:07:32.238,0.76336,0.76355,1.00,1.00
2014.04.07 17:07:32.540,0.76335,0.76353,1.00,1.00
2014.04.07 17:07:38.813,0.76335,0.76352,1.00,1.00
2014.04.07 17:07:38.957,0.76333,0.76352,1.00,1.00
2014.04.07 17:07:41.168,0.76333,0.76349,1.00,1.00
2014.04.07 17:07:41.504,0.76329,0.76347,1.00,1.00
2014.04.07 17:07:44.992,0.76329,0.76344,1.00,1.00
2014.04.07 17:07:45.042,0.76327,0.76344,1.00,1.00
2014.04.07 17:07:48.531,0.76327,0.76346,1.00,1.00
2014.04.07 17:07:48.631,0.76327,0.7635,1.00,1.69
2014.04.07 17:07:48.732,0.76327,0.7635,1.19,1.50
2014.04.07 17:07:49.383,0.76333,0.7635,1.00,1.00
2014.04.07 17:07:52.891,0.76333,0.76348,1.00,1.00
2014.04.07 17:07:53.277,0.76328,0.76348,1.25,1.00
2014.04.07 17:07:53.378,0.76328,0.76346,1.00,1.00
2014.04.07 17:07:53.757,0.76328,0.76343,1.00,1.00
2014.04.07 17:07:55.963,0.76328,0.76346,1.00,1.00
2014.04.07 17:07:56.304,0.76328,0.76348,1.00,1.00
2014.04.07 17:07:56.456,0.76328,0.76346,1.00,1.00
2014.04.07 17:07:56.761,0.76328,0.76344,1.25,1.00
2014.04.07 17:07:57.316,0.76329,0.76344,1.00,1.50
2014.04.07 17:07:57.720,0.76327,0.76343,1.00,1.00
2014.04.07 17:07:58.279,0.76327,0.76342,1.00,1.00
2014.04.07 17:07:58.554,0.76324,0.76342,1.19,1.00
2014.04.07 17:07:59.365,0.76324,0.76338,1.00,1.00
2014.04.07 17:08:00.354,0.76324,0.76341,1.00,1.00
2014.04.07 17:08:02.009,0.76324,0.76338,1.00,1.00
2014.04.07 17:08:02.226,0.76324,0.76341,1.00,1.00
2014.04.07 17:08:04.210,0.76324,0.76338,1.00,1.00
2014.04.07 17:08:05.853,0.76324,0.76341,1.00,1.00
2014.04.07 17:08:07.795,0.76321,0.76341,1.13,1.00
2014.04.07 17:08:07.849,0.76321,0.76339,1.13,1.00
2014.04.07 17:08:18.080,0.76321,0.76341,1.13,1.00
2014.04.07 17:08:19.717,0.76321,0.76341,1.32,1.00
2014.04.07 17:08:21.360,0.76321,0.76341,1.32,1.00
2014.04.07 17:08:24.908,0.76321,0.76341,1.32,1.00
2014.04.07 17:08:25.484,0.76321,0.76342,1.32,1.00
2014.04.07 17:08:26.116,0.76321,0.76342,1.32,1.00
2014.04.07 17:08:28.647,0.76321,0.76342,2.82,1.00
2014.04.07 17:08:31.164,0.76321,0.76342,2.07,1.00
2014.04.07 17:08:33.919,0.76321,0.76343,2.07,1.00
2014.04.07 17:08:39.625,0.76322,0.76343,1.25,1.00
2014.04.07 17:08:39.968,0.76322,0.76341,1.25,1.00
2014.04.07 17:08:42.504,0.76324,0.76341,1.00,1.00
2014.04.07 17:08:52.972,0.76324,0.76342,1.25,1.00
2014.04.07 17:08:59.750,0.76324,0.76342,1.19,1.00
2014.04.07 17:09:02.356,0.76324,0.76342,1.25,1.00
2014.04.07 17:09:05.173,0.76324,0.76342,1.19,1.00
2014.04.07 17:09:05.783,0.76327,0.76342,1.00,1.00
2014.04.07 17:09:06.665,0.76325,0.76342,1.00,1.00
2014.04.07 17:09:07.029,0.76325,0.76346,1.00,1.00
2014.04.07 17:09:07.130,0.76328,0.76346,1.00,1.00
2014.04.07 17:09:34.055,0.76328,0.76343,1.00,1.00
2014.04.07 17:09:35.374,0.76328,0.76346,1.00,1.00
2014.04.07 17:09:48.044,0.76327,0.76346,1.00,1.00
2014.04.07 17:10:07.190,0.76327,0.76348,1.00,1.00
2014.04.07 17:10:09.774,0.76327,0.76348,1.19,1.00
2014.04.07 17:10:09.933,0.76328,0.76351,1.25,1.25
2014.04.07 17:10:12.635,0.76328,0.76351,1.00,1.19
2014.04.07 17:10:13.682,0.76329,0.76352,1.00,1.19
2014.04.07 17:10:14.262,0.76329,0.76351,1.00,1.25
2014.04.07 17:10:14.943,0.7633,0.76351,1.00,1.25
2014.04.07 17:10:16.878,0.7633,0.76346,1.00,1.00
2014.04.07 17:10:19.493,0.76328,0.76346,1.00,1.00
2014.04.07 17:10:42.126,0.76328,0.76346,1.32,1.00
2014.04.07 17:10:42.429,0.76328,0.76346,1.13,1.00
2014.04.07 17:10:44.841,0.7633,0.76346,1.00,1.00
2014.04.07 17:10:46.382,0.76329,0.76346,1.00,1.00
2014.04.07 17:10:47.482,0.7633,0.76346,1.00,1.00
2014.04.07 17:10:47.922,0.76328,0.76346,1.25,1.00
2014.04.07 17:10:54.301,0.76326,0.76346,1.19,1.00
2014.04.07 17:10:54.504,0.76325,0.76345,1.50,1.00
2014.04.07 17:10:59.237,0.76325,0.76346,1.88,1.00
2014.04.07 17:10:59.488,0.76325,0.76348,2.07,1.50
2014.04.07 17:10:59.539,0.76328,0.76348,1.00,1.50
2014.04.07 17:11:00.218,0.76328,0.76349,1.69,1.00
2014.04.07 17:11:10.235,0.76328,0.76348,1.00,1.00
2014.04.07 17:11:10.806,0.7633,0.76348,1.00,1.00
2014.04.07 17:11:10.913,0.7633,0.7635,1.00,1.25
2014.04.07 17:11:11.598,0.7633,0.76352,1.50,1.69
2014.04.07 17:11:12.275,0.76331,0.76352,1.00,1.25
2014.04.07 17:11:12.426,0.76333,0.76354,1.00,1.19
2014.04.07 17:11:12.476,0.76335,0.76355,1.00,1.00
2014.04.07 17:11:12.527,0.76337,0.76355,1.00,1.00
2014.04.07 17:11:12.778,0.76337,0.76359,1.50,1.25
2014.04.07 17:11:22.571,0.76339,0.76359,1.00,1.00
2014.04.07 17:11:23.119,0.7634,0.76362,1.50,1.00
2014.04.07 17:11:23.648,0.7634,0.76364,1.50,1.69
2014.04.07 17:11:24.295,0.76343,0.76364,1.00,1.00
2014.04.07 17:11:25.132,0.76342,0.76364,1.00,1.00
2014.04.07 17:11:25.894,0.76344,0.76365,1.00,1.50
2014.04.07 17:11:26.216,0.76346,0.76365,1.00,1.50
2014.04.07 17:11:27.631,0.76346,0.76366,1.00,1.00
2014.04.07 17:11:28.172,0.76346,0.76364,1.00,1.00
2014.04.07 17:11:29.001,0.76346,0.76365,1.00,1.00
2014.04.07 17:11:44.546,0.76346,0.76366,1.50,1.00
2014.04.07 17:11:51.428,0.76347,0.76366,1.00,1.00
2014.04.07 17:11:51.691,0.76347,0.76369,1.00,1.00
2014.04.07 17:11:52.615,0.76347,0.76369,1.69,1.00
2014.04.07 17:11:57.135,0.76347,0.76369,1.50,1.00
2014.04.07 17:12:00.201,0.76349,0.76369,1.00,1.19
2014.04.07 17:12:10.165,0.76349,0.76369,1.00,1.00
2014.04.07 17:12:10.235,0.76347,0.76369,1.25,1.00
2014.04.07 17:12:11.001,0.76347,0.76366,1.25,1.00
2014.04.07 17:12:11.102,0.76345,0.76366,1.25,1.00
2014.04.07 17:12:11.203,0.76345,0.76364,1.25,1.00
2014.04.07 17:12:11.510,0.76343,0.76362,1.00,1.00
2014.04.07 17:12:18.856,0.76343,0.76365,1.00,1.00
2014.04.07 17:12:21.408,0.76343,0.76365,1.19,1.00
2014.04.07 17:12:22.550,0.76343,0.76367,1.69,1.50
2014.04.07 17:12:22.771,0.76343,0.76365,1.69,1.00
2014.04.07 17:12:24.357,0.76343,0.76365,1.00,1.00
2014.04.07 17:12:32.066,0.76343,0.76361,1.00,1.00
2014.04.07 17:12:37.792,0.76343,0.76359,1.50,1.00
2014.04.07 17:12:37.898,0.76343,0.76363,1.00,1.00
2014.04.07 17:12:38.158,0.76345,0.76365,1.00,1.00
2014.04.07 17:12:42.851,0.76343,0.76365,2.14,1.00
2014.04.07 17:12:43.680,0.76346,0.76365,1.00,1.00
2014.04.07 17:12:47.847,0.76343,0.76365,2.37,1.00
2014.04.07 17:12:48.739,0.76346,0.76365,1.00,1.00
2014.04.07 17:12:51.959,0.76346,0.76366,1.00,1.50
2014.04.07 17:12:52.261,0.76345,0.76361,1.00,1.00
2014.04.07 17:12:52.311,0.76345,0.76364,1.00,1.00
2014.04.07 17:12:52.766,0.76343,0.76364,1.00,1.00
2014.04.07 17:12:53.691,0.76344,0.76363,1.00,1.00
2014.04.07 17:12:57.609,0.76343,0.76363,1.00,1.00
2014.04.07 17:12:59.554,0.76341,0.76363,1.00,1.00
2014.04.07 17:12:59.604,0.76341,0.7636,1.00,1.00
2014.04.07 17:13:00.153,0.7634,0.76359,1.69,1.00
2014.04.07 17:13:03.528,0.7634,0.76361,1.50,1.50
2014.04.07 17:13:03.679,0.76344,0.76363,1.00,1.25
2014.04.07 17:13:04.200,0.76345,0.76362,1.00,1.00
2014.04.07 17:13:05.603,0.76343,0.76362,1.00,1.00
2014.04.07 17:13:06.130,0.76343,0.76361,1.00,1.00
2014.04.07 17:13:06.180,0.76343,0.76359,1.00,1.00
2014.04.07 17:13:12.107,0.76343,0.76358,1.00,1.00
2014.04.07 17:13:30.150,0.76346,0.76361,1.00,1.25
2014.04.07 17:13:30.479,0.76347,0.76368,1.50,1.19
2014.04.07 17:13:30.681,0.76351,0.76368,1.00,1.19
2014.04.07 17:13:30.731,0.76351,0.7637,1.00,1.00
2014.04.07 17:13:31.377,0.76352,0.7637,1.00,1.00
2014.04.07 17:13:34.987,0.76352,0.76375,1.00,1.00
2014.04.07 17:13:37.719,0.76353,0.76375,1.00,1.00
2014.04.07 17:13:37.820,0.76357,0.76375,1.00,1.00
2014.04.07 17:13:38.131,0.76357,0.76378,1.00,1.00
2014.04.07 17:13:38.944,0.7636,0.76378,1.00,1.00
2014.04.07 17:13:41.221,0.7636,0.76377,1.00,1.00
2014.04.07 17:13:41.272,0.76357,0.76377,1.00,1.50
2014.04.07 17:13:41.423,0.76357,0.76375,1.00,1.00
2014.04.07 17:13:42.189,0.76356,0.76375,1.00,1.00
2014.04.07 17:13:42.339,0.76356,0.76379,1.00,1.50
2014.04.07 17:13:42.389,0.76358,0.76379,1.00,1.00
2014.04.07 17:13:42.999,0.76359,0.76379,1.00,1.00
2014.04.07 17:13:43.609,0.76359,0.76382,1.00,1.00
2014.04.07 17:13:44.043,0.76361,0.76381,1.00,1.00
2014.04.07 17:13:45.361,0.76362,0.76382,1.00,1.00
2014.04.07 17:13:46.250,0.76362,0.7638,1.00,1.00
2014.04.07 17:13:46.315,0.7636,0.7638,1.00,1.00
2014.04.07 17:13:46.689,0.76361,0.76382,1.00,1.00
2014.04.07 17:13:47.867,0.7636,0.76382,1.50,1.00
2014.04.07 17:13:50.607,0.76361,0.76382,1.00,1.00
2014.04.07 17:13:50.720,0.76363,0.76382,1.00,1.00
2014.04.07 17:13:52.089,0.76363,0.76383,1.00,1.00
2014.04.07 17:13:54.050,0.7636,0.76383,1.69,2.25
2014.04.07 17:13:54.201,0.76359,0.76378,1.50,1.00
2014.04.07 17:13:54.768,0.76359,0.76377,1.50,1.00
2014.04.07 17:14:00.770,0.76359,0.76378,1.50,1.00
2014.04.07 17:14:04.846,0.76359,0.76377,1.50,1.00
2014.04.07 17:14:11.880,0.76359,0.7638,1.00,1.00
2014.04.07 17:14:14.380,0.76357,0.7638,1.50,1.00
2014.04.07 17:14:18.258,0.76357,0.76378,2.25,1.00
2014.04.07 17:14:21.118,0.76357,0.76379,2.44,1.00
2014.04.07 17:14:24.320,0.76357,0.76379,2.44,1.00
2014.04.07 17:14:26.677,0.76357,0.76379,2.44,1.00
2014.04.07 17:14:29.188,0.76357,0.76379,2.44,1.00
2014.04.07 17:14:31.829,0.76357,0.7638,1.69,1.00
2014.04.07 17:14:33.100,0.76357,0.7638,1.50,1.00
2014.04.07 17:14:55.558,0.76356,0.7638,1.69,1.50
2014.04.07 17:14:56.495,0.76361,0.7638,1.00,1.00
2014.04.07 17:15:00.677,0.76362,0.7638,1.00,1.00
2014.04.07 17:15:01.668,0.76364,0.7638,1.00,1.00
2014.04.07 17:15:25.998,0.76365,0.7638,1.00,1.00
2014.04.07 17:15:30.601,0.76362,0.7638,1.00,1.00
2014.04.07 17:15:32.681,0.76362,0.76388,1.00,3.42
2014.04.07 17:15:37.959,0.76362,0.7638,1.00,1.00
2014.04.07 17:15:38.280,0.76366,0.76384,1.00,1.00
2014.04.07 17:15:40.640,0.76364,0.76384,1.00,1.00
2014.04.07 17:15:41.348,0.76364,0.76381,1.00,1.00
2014.04.07 17:15:42.945,0.76367,0.76381,1.00,1.00
2014.04.07 17:15:43.109,0.76367,0.76386,1.00,1.25
2014.04.07 17:15:43.159,0.76369,0.76386,1.00,1.00
2014.04.07 17:15:43.835,0.7637,0.76386,1.00,1.00
2014.04.07 17:16:04.835,0.7637,0.76387,1.00,1.00
2014.04.07 17:16:05.160,0.76366,0.76383,1.00,1.00
2014.04.07 17:16:05.638,0.76364,0.76379,1.00,1.00
2014.04.07 17:16:06.324,0.76363,0.76379,1.00,1.00
2014.04.07 17:16:07.583,0.76361,0.76382,1.50,1.00
2014.04.07 17:16:07.839,0.76361,0.76379,1.00,1.00
2014.04.07 17:16:08.793,0.7636,0.76379,1.00,1.00
2014.04.07 17:16:09.183,0.7636,0.76377,1.00,1.50
2014.04.07 17:16:09.586,0.7636,0.76375,1.00,1.00
2014.04.07 17:16:09.646,0.76358,0.76375,1.00,1.00
2014.04.07 17:16:10.115,0.76357,0.76373,1.00,1.00
2014.04.07 17:16:36.925,0.76359,0.76373,1.00,1.00
2014.04.07 17:16:38.379,0.76359,0.76376,1.00,1.19
2014.04.07 17:16:39.361,0.76359,0.76376,1.00,1.00
2014.04.07 17:16:45.868,0.76363,0.76377,1.00,1.00
2014.04.07 17:16:46.078,0.76363,0.7638,1.00,1.00
2014.04.07 17:16:46.737,0.76363,0.76382,1.00,1.00
2014.04.07 17:16:50.729,0.76363,0.76381,1.00,1.00
2014.04.07 17:16:50.886,0.76363,0.76379,1.00,1.00
2014.04.07 17:16:51.260,0.76363,0.76377,1.00,1.00
2014.04.07 17:16:53.535,0.7636,0.76377,1.00,1.00
2014.04.07 17:16:59.259,0.76358,0.76377,1.00,1.00
2014.04.07 17:16:59.329,0.76358,0.76374,1.00,1.00
2014.04.07 17:16:59.673,0.76357,0.76372,1.00,1.00
2014.04.07 17:16:59.928,0.76358,0.76375,1.00,1.19
2014.04.07 17:17:00.380,0.76356,0.76374,1.00,1.00
2014.04.07 17:17:04.302,0.76356,0.76373,1.00,1.00
2014.04.07 17:17:04.453,0.76354,0.76373,1.00,1.00
2014.04.07 17:17:04.504,0.76354,0.7637,1.00,1.00
2014.04.07 17:17:25.370,0.76356,0.7637,1.00,1.00
2014.04.07 17:17:25.420,0.76356,0.76372,1.00,1.00
2014.04.07 17:17:25.581,0.7636,0.76372,1.00,1.00
2014.04.07 17:17:25.632,0.7636,0.76376,1.00,1.19
2014.04.07 17:17:25.683,0.76356,0.76376,1.00,1.19
2014.04.07 17:17:25.783,0.76356,0.76376,1.00,1.00
2014.04.07 17:17:25.836,0.76356,0.76373,1.00,1.00
2014.04.07 17:17:27.663,0.76359,0.76373,1.00,1.00
2014.04.07 17:17:41.716,0.76358,0.76373,1.00,1.00
2014.04.07 17:17:42.666,0.76358,0.76375,1.00,1.00
2014.04.07 17:17:44.020,0.76358,0.76376,1.00,1.00
2014.04.07 17:17:44.172,0.76361,0.76376,1.00,1.00
2014.04.07 17:17:47.327,0.76364,0.76376,1.00,1.00
2014.04.07 17:17:59.459,0.76368,0.76376,1.00,1.00
2014.04.07 17:17:59.509,0.76368,0.76378,1.00,1.00
2014.04.07 17:17:59.660,0.7637,0.76378,1.00,1.00
2014.04.07 17:17:59.761,0.76368,0.76382,1.00,1.00
2014.04.07 17:18:00.113,0.76366,0.76382,1.00,1.00
2014.04.07 17:18:00.866,0.76366,0.76381,1.00,1.00
2014.04.07 17:18:08.885,0.76364,0.76381,1.00,1.00
2014.04.07 17:18:20.018,0.76366,0.76381,1.00,1.00
2014.04.07 17:18:22.637,0.76366,0.76382,1.00,1.00
2014.04.07 17:18:23.295,0.76368,0.76382,1.00,1.00
2014.04.07 17:18:25.275,0.76368,0.76386,1.00,2.44
2014.04.07 17:18:25.427,0.7637,0.76386,1.00,1.25
2014.04.07 17:18:35.430,0.76369,0.76384,1.00,1.00
2014.04.07 17:18:35.586,0.76364,0.76383,1.00,1.00
2014.04.07 17:18:39.025,0.76364,0.76382,1.00,1.00
2014.04.07 17:18:43.030,0.76364,0.76383,1.00,1.00
2014.04.07 17:18:43.093,0.76367,0.76383,1.00,1.00
2014.04.07 17:18:43.676,0.76367,0.76379,1.00,1.00
2014.04.07 17:18:43.975,0.76367,0.76382,1.00,1.00
2014.04.07 17:18:47.967,0.76364,0.76382,1.00,1.00
2014.04.07 17:18:48.180,0.76361,0.76381,1.00,1.00
2014.04.07 17:18:48.281,0.76361,0.76379,1.00,1.00
2014.04.07 17:18:48.946,0.76361,0.76378,1.00,1.00
2014.04.07 17:18:54.126,0.76361,0.76377,1.00,1.50
2014.04.07 17:18:54.865,0.76361,0.76376,1.00,1.00
2014.04.07 17:18:59.953,0.76357,0.76376,1.00,2.25
2014.04.07 17:19:00.054,0.76357,0.76374,1.00,1.00
2014.04.07 17:19:00.987,0.76357,0.7637,1.00,1.00
2014.04.07 17:19:03.685,0.76355,0.7637,1.00,1.00
2014.04.07 17:19:08.079,0.76358,0.7637,1.00,1.00
2014.04.07 17:19:18.513,0.76357,0.7637,1.00,1.00
2014.04.07 17:19:36.224,0.76358,0.7637,1.00,1.00
2014.04.07 17:19:48.464,0.76358,0.76375,1.00,1.50
2014.04.07 17:19:48.543,0.7636,0.76375,1.00,1.50
2014.04.07 17:19:49.093,0.7636,0.76376,1.00,1.25
2014.04.07 17:19:50.120,0.7636,0.76376,1.00,1.19
2014.04.07 17:19:50.853,0.76359,0.76375,1.00,1.69
2014.04.07 17:19:56.274,0.76359,0.76371,1.00,1.00
2014.04.07 17:19:56.573,0.76355,0.76371,1.00,1.00
2014.04.07 17:20:05.643,0.76357,0.76372,1.00,1.50
2014.04.07 17:20:05.694,0.76357,0.76374,1.00,2.44
2014.04.07 17:20:05.744,0.76359,0.76374,1.00,2.44
2014.04.07 17:20:18.025,0.76356,0.76374,1.00,2.25
2014.04.07 17:20:30.933,0.76356,0.76374,1.00,2.44
2014.04.07 17:20:31.936,0.76356,0.76374,1.00,2.44
2014.04.07 17:20:46.074,0.76355,0.76374,1.00,1.25
2014.04.07 17:20:46.837,0.76355,0.76374,1.00,1.19
2014.04.07 17:20:48.583,0.76355,0.76374,1.00,1.00
2014.04.07 17:20:58.917,0.76355,0.76374,1.00,1.19
2014.04.07 17:21:08.492,0.76355,0.76375,1.00,1.69
2014.04.07 17:21:12.606,0.76355,0.76375,1.00,1.69
2014.04.07 17:21:13.947,0.76355,0.76375,1.00,1.69
2014.04.07 17:21:15.816,0.76355,0.76375,1.00,1.69
2014.04.07 17:21:23.363,0.76357,0.76375,1.00,1.69
2014.04.07 17:21:27.016,0.7636,0.76375,1.00,1.50
2014.04.07 17:21:28.407,0.7636,0.76376,1.00,1.50
2014.04.07 17:21:28.828,0.76361,0.7638,1.00,1.69
2014.04.07 17:21:29.684,0.76361,0.76376,1.00,1.00
2014.04.07 17:21:35.814,0.76359,0.76376,1.00,1.00
2014.04.07 17:21:36.674,0.76362,0.76376,1.00,1.00
2014.04.07 17:21:41.561,0.7636,0.76376,1.00,1.00
2014.04.07 17:21:42.712,0.76361,0.76376,1.00,1.00
2014.04.07 17:21:51.611,0.76361,0.76377,1.00,1.00
2014.04.07 17:21:51.661,0.76364,0.76377,1.00,1.00
2014.04.07 17:21:51.837,0.76364,0.76379,1.00,1.25
2014.04.07 17:21:56.926,0.76361,0.76379,1.00,1.00
2014.04.07 17:21:56.977,0.76361,0.76377,1.00,1.00
2014.04.07 17:22:00.059,0.76361,0.76375,1.00,1.00
2014.04.07 17:22:00.454,0.7636,0.76373,1.00,1.00
2014.04.07 17:22:32.603,0.7636,0.76375,1.00,1.00
2014.04.07 17:22:55.885,0.76365,0.76375,1.00,1.00
2014.04.07 17:22:55.935,0.76365,0.76381,1.00,2.44
2014.04.07 17:22:56.136,0.76369,0.76382,1.00,1.19
2014.04.07 17:22:56.237,0.7637,0.76387,1.00,1.19
2014.04.07 17:22:56.346,0.76372,0.76387,1.00,1.19
2014.04.07 17:22:56.447,0.76372,0.7639,1.00,1.57
2014.04.07 17:22:57.416,0.76372,0.76389,1.00,1.00
2014.04.07 17:22:59.023,0.76372,0.76389,1.00,1.19
2014.04.07 17:22:59.074,0.76372,0.76385,1.00,1.00
2014.04.07 17:22:59.919,0.76374,0.76385,1.00,1.00
2014.04.07 17:23:00.353,0.76374,0.76388,1.00,1.25
2014.04.07 17:23:01.334,0.76374,0.7639,1.00,1.25
2014.04.07 17:23:02.145,0.76372,0.7639,1.00,1.25
2014.04.07 17:23:02.346,0.76371,0.76385,1.00,1.00
2014.04.07 17:23:06.323,0.76373,0.76385,1.00,1.00
2014.04.07 17:23:24.803,0.76371,0.76385,1.00,1.00
2014.04.07 17:23:26.515,0.76372,0.76385,1.00,1.00
2014.04.07 17:23:47.022,0.7637,0.76385,1.00,1.00
2014.04.07 17:23:51.769,0.76369,0.76384,1.00,1.00
2014.04.07 17:23:51.894,0.76367,0.76384,1.00,1.00
2014.04.07 17:23:56.702,0.76367,0.76384,1.00,1.19
2014.04.07 17:24:06.398,0.76369,0.76385,1.00,1.19
2014.04.07 17:24:06.713,0.76371,0.76386,1.00,1.32
2014.04.07 17:24:07.290,0.76373,0.76388,1.00,1.19
2014.04.07 17:24:07.345,0.76373,0.76388,1.00,1.00
2014.04.07 17:24:07.562,0.76371,0.76388,1.00,1.00
2014.04.07 17:24:07.613,0.76373,0.76388,1.00,1.00
2014.04.07 17:24:08.605,0.76368,0.76388,1.00,1.00
2014.04.07 17:24:08.771,0.76368,0.76385,1.00,1.00
2014.04.07 17:24:09.244,0.7637,0.76385,1.00,1.00
2014.04.07 17:24:10.480,0.76369,0.76385,1.00,1.00
2014.04.07 17:24:11.602,0.76369,0.76384,1.00,1.00
2014.04.07 17:24:13.117,0.76366,0.76384,1.00,1.00
2014.04.07 17:24:13.222,0.76366,0.76382,1.00,1.00
2014.04.07 17:24:16.942,0.76368,0.76382,1.00,1.00
2014.04.07 17:24:17.960,0.76368,0.76383,1.00,1.00
2014.04.07 17:24:20.041,0.76368,0.76382,1.00,1.00
2014.04.07 17:24:23.672,0.76368,0.7638,1.00,1.00
2014.04.07 17:24:29.081,0.76368,0.76379,1.00,1.00
2014.04.07 17:24:29.182,0.76362,0.76379,1.00,1.00
2014.04.07 17:24:58.193,0.76364,0.76379,1.00,1.00
2014.04.07 17:24:58.522,0.76366,0.76379,1.00,1.00
2014.04.07 17:24:58.573,0.76366,0.76385,1.00,1.00
2014.04.07 17:24:58.742,0.76368,0.76384,1.00,1.00
2014.04.07 17:25:00.282,0.76367,0.76384,1.00,1.00
2014.04.07 17:25:04.669,0.76367,0.76385,1.00,1.00
2014.04.07 17:25:05.193,0.76369,0.76384,1.00,1.00
2014.04.07 17:25:05.510,0.76374,0.76384,1.00,1.00
2014.04.07 17:25:09.080,0.76372,0.76384,1.00,1.00
2014.04.07 17:25:23.751,0.76369,0.76384,1.00,1.00
2014.04.07 17:26:05.251,0.76369,0.76385,1.00,1.00
2014.04.07 17:26:23.230,0.7637,0.76385,1.00,1.00
2014.04.07 17:26:36.924,0.7637,0.76388,1.00,1.69
2014.04.07 17:26:58.882,0.76368,0.76388,1.00,1.69
2014.04.07 17:26:59.071,0.76368,0.76378,1.00,1.00
2014.04.07 17:26:59.323,0.76368,0.76383,1.00,1.00
2014.04.07 17:26:59.423,0.76366,0.76383,1.00,1.00
2014.04.07 17:26:59.474,0.76364,0.76383,1.00,1.00
2014.04.07 17:26:59.525,0.76364,0.76383,1.00,1.19
2014.04.07 17:27:00.638,0.76364,0.7638,1.00,1.00
2014.04.07 17:27:00.761,0.76361,0.7638,1.00,1.00
2014.04.07 17:27:07.736,0.76361,0.76378,1.00,1.00
2014.04.07 17:27:07.837,0.76357,0.76378,1.00,1.88
2014.04.07 17:27:07.937,0.76357,0.76374,1.00,1.00
2014.04.07 17:27:08.038,0.76355,0.76374,1.00,1.00
2014.04.07 17:27:08.260,0.76357,0.76374,1.00,1.00
2014.04.07 17:27:08.912,0.76356,0.76374,1.00,1.50
2014.04.07 17:27:09.598,0.76356,0.76374,1.00,1.69
2014.04.07 17:27:10.203,0.76356,0.76373,1.00,1.25
2014.04.07 17:27:10.757,0.76357,0.76374,1.00,1.19
2014.04.07 17:27:11.489,0.76357,0.76374,1.00,1.25
2014.04.07 17:27:20.358,0.76357,0.76372,1.00,1.00
2014.04.07 17:27:21.100,0.76355,0.76372,1.00,1.00
2014.04.07 17:27:21.289,0.76355,0.76368,1.00,1.00
2014.04.07 17:27:21.450,0.76353,0.76368,1.00,1.00
2014.04.07 17:27:21.601,0.76353,0.76366,1.00,1.00
2014.04.07 17:27:21.802,0.7635,0.76366,1.00,1.00
2014.04.07 17:27:22.419,0.76348,0.76366,1.00,1.00
2014.04.07 17:27:29.350,0.7635,0.76366,1.00,1.00
2014.04.07 17:27:29.941,0.7635,0.76368,1.00,1.25
2014.04.07 17:27:32.978,0.76353,0.76368,1.00,1.25
2014.04.07 17:27:39.387,0.76353,0.76369,1.00,1.69
2014.04.07 17:27:47.059,0.76351,0.76369,1.00,1.50
2014.04.07 17:27:58.666,0.76351,0.76368,1.00,1.00
2014.04.07 17:28:01.268,0.76352,0.76368,1.00,1.25
2014.04.07 17:28:06.110,0.76353,0.76368,1.00,1.00
2014.04.07 17:28:06.550,0.76357,0.76368,1.00,1.00
2014.04.07 17:28:06.809,0.76357,0.76371,1.00,1.00
2014.04.07 17:28:06.860,0.76357,0.76375,1.00,1.00
2014.04.07 17:28:07.377,0.76357,0.76376,1.00,1.00
2014.04.07 17:28:08.157,0.76357,0.76375,1.00,1.00
2014.04.07 17:28:10.106,0.76357,0.76368,1.00,1.00
2014.04.07 17:28:10.550,0.76357,0.76372,1.00,1.00
2014.04.07 17:28:10.601,0.76357,0.76375,1.00,1.00
2014.04.07 17:28:27.388,0.76357,0.76374,1.00,1.00
2014.04.07 17:28:27.489,0.76361,0.76374,1.00,1.00
2014.04.07 17:28:29.026,0.76361,0.76377,1.00,1.00
2014.04.07 17:28:33.389,0.76358,0.76377,1.00,1.00
2014.04.07 17:28:35.096,0.76358,0.76378,1.00,1.25
2014.04.07 17:28:35.340,0.76358,0.76369,1.00,1.00
2014.04.07 17:28:35.658,0.76358,0.76378,1.00,1.69
2014.04.07 17:28:35.847,0.76358,0.76369,1.00,1.00
2014.04.07 17:28:36.086,0.76358,0.76374,1.00,1.25
2014.04.07 17:28:36.238,0.76358,0.76378,1.00,1.19
2014.04.07 17:28:36.288,0.76358,0.76368,1.00,1.00
2014.04.07 17:28:36.649,0.76358,0.76374,1.00,1.00
2014.04.07 17:28:37.396,0.76358,0.76368,1.00,1.00
2014.04.07 17:28:37.637,0.76358,0.76374,1.00,1.00
2014.04.07 17:28:37.827,0.76358,0.76369,1.00,1.00
2014.04.07 17:28:38.047,0.76358,0.76374,1.00,1.00
2014.04.07 17:28:39.586,0.76358,0.76368,1.00,1.00
2014.04.07 17:28:39.827,0.76358,0.76373,1.00,1.00
2014.04.07 17:28:40.366,0.76358,0.76369,1.00,1.00
2014.04.07 17:28:41.347,0.76358,0.76374,1.00,1.50
2014.04.07 17:28:44.096,0.76358,0.76377,1.00,1.25
2014.04.07 17:28:44.276,0.76358,0.76374,1.00,1.00
2014.04.07 17:28:44.786,0.76358,0.76369,1.00,1.00
2014.04.07 17:28:51.649,0.76357,0.76369,1.00,1.00
2014.04.07 17:28:51.900,0.76355,0.76368,1.00,1.00
2014.04.07 17:28:52.152,0.76355,0.7637,1.00,1.00
2014.04.07 17:28:54.328,0.76355,0.76368,1.00,1.00
2014.04.07 17:28:56.635,0.76355,0.7637,1.00,1.00
2014.04.07 17:29:04.877,0.76355,0.76373,1.00,1.50
2014.04.07 17:29:05.209,0.76357,0.76373,1.00,1.50
2014.04.07 17:29:05.337,0.76357,0.76378,1.00,3.94
2014.04.07 17:29:05.438,0.76359,0.76378,1.00,1.69
2014.04.07 17:29:07.358,0.76359,0.76378,1.00,1.69
2014.04.07 17:29:12.436,0.76359,0.76377,1.00,1.00
2014.04.07 17:29:12.738,0.76356,0.76369,1.00,1.00
2014.04.07 17:29:12.788,0.76354,0.76369,1.00,1.00
2014.04.07 17:29:12.839,0.76354,0.76373,1.00,1.00
2014.04.07 17:29:12.889,0.76354,0.76371,1.00,2.25
2014.04.07 17:29:13.865,0.76354,0.76369,1.00,1.00
2014.04.07 17:29:14.212,0.76354,0.76365,1.00,1.00
2014.04.07 17:29:17.091,0.76352,0.76365,1.00,1.00
2014.04.07 17:29:17.718,0.7635,0.76365,1.00,1.00
2014.04.07 17:29:19.958,0.76348,0.76365,1.00,1.00
2014.04.07 17:29:25.324,0.76351,0.76366,1.00,1.00
2014.04.07 17:29:32.607,0.76351,0.76368,1.00,1.25
2014.04.07 17:29:32.708,0.76353,0.76368,1.00,1.25
2014.04.07 17:29:33.126,0.76355,0.76368,1.00,1.00
2014.04.07 17:29:34.301,0.76355,0.7637,1.00,1.19
2014.04.07 17:29:34.888,0.76357,0.7637,1.00,1.19
2014.04.07 17:29:36.934,0.76357,0.7637,1.00,1.00
2014.04.07 17:29:43.238,0.76354,0.7637,1.00,1.00
2014.04.07 17:29:54.605,0.76354,0.7637,1.00,1.19
2014.04.07 17:29:56.017,0.76354,0.7637,1.00,1.25
2014.04.07 17:30:04.289,0.76354,0.7637,1.00,1.19
2014.04.07 17:30:06.442,0.76354,0.7637,1.00,1.19
2014.04.07 17:30:08.519,0.76354,0.7637,1.00,1.00
2014.04.07 17:30:11.320,0.76351,0.7637,1.00,2.25
2014.04.07 17:30:11.371,0.76351,0.76366,1.00,1.00
2014.04.07 17:30:18.568,0.7635,0.76366,1.00,1.00
2014.04.07 17:30:19.367,0.76352,0.76366,1.00,1.00
2014.04.07 17:30:20.945,0.76352,0.76368,1.00,1.25
2014.04.07 17:30:21.916,0.76352,0.76368,1.00,1.19
2014.04.07 17:30:22.987,0.76352,0.76368,1.00,1.00
2014.04.07 17:30:23.315,0.76354,0.76368,1.00,1.00
2014.04.07 17:30:23.474,0.76354,0.7637,1.00,1.25
2014.04.07 17:30:25.034,0.76354,0.76367,1.00,1.00
2014.04.07 17:30:25.180,0.76352,0.76367,1.00,1.00
2014.04.07 17:30:25.741,0.76352,0.76366,1.00,1.00
2014.04.07 17:30:41.734,0.76352,0.76368,1.00,1.00
2014.04.07 17:30:42.474,0.76353,0.76368,1.00,1.00
2014.04.07 17:31:04.685,0.76352,0.76368,1.00,1.50
2014.04.07 17:31:18.395,0.76356,0.76368,1.00,1.25
2014.04.07 17:31:18.496,0.76356,0.7637,1.00,1.00
2014.04.07 17:31:18.547,0.76354,0.76368,1.00,1.00
2014.04.07 17:31:18.699,0.76356,0.76374,1.00,1.32
2014.04.07 17:31:18.850,0.76358,0.76373,1.00,1.25
2014.04.07 17:31:19.728,0.76355,0.76373,1.00,1.25
2014.04.07 17:31:20.075,0.76355,0.76369,1.00,1.00
2014.04.07 17:31:20.176,0.76353,0.76369,1.00,1.00
2014.04.07 17:31:27.105,0.76355,0.76369,1.00,1.00
2014.04.07 17:31:32.400,0.76355,0.76369,1.00,1.19
2014.04.07 17:31:33.146,0.76353,0.76368,1.00,1.13
2014.04.07 17:31:35.123,0.76352,0.76368,1.00,1.13
2014.04.07 17:31:35.740,0.76352,0.76368,1.00,1.32
2014.04.07 17:31:37.974,0.76349,0.76368,1.00,1.32
2014.04.07 17:31:38.550,0.76349,0.76368,1.00,1.13
2014.04.07 17:31:45.228,0.76351,0.76368,1.00,1.25
2014.04.07 17:31:46.196,0.76351,0.76368,1.00,1.19
2014.04.07 17:31:47.838,0.76351,0.76368,1.00,1.19
2014.04.07 17:31:49.042,0.76351,0.76368,1.00,1.19
2014.04.07 17:31:52.606,0.76351,0.76366,1.00,1.00
2014.04.07 17:32:14.052,0.76345,0.76366,1.00,1.00
2014.04.07 17:32:14.102,0.76345,0.76364,1.00,1.00
2014.04.07 17:32:15.298,0.76345,0.76363,1.00,1.00
2014.04.07 17:32:17.732,0.76345,0.76364,1.00,1.00
2014.04.07 17:32:18.058,0.76347,0.76364,1.00,1.00
2014.04.07 17:32:18.387,0.76349,0.76364,1.00,1.00
2014.04.07 17:32:18.557,0.76347,0.76364,1.00,1.00
2014.04.07 17:32:19.447,0.76347,0.76363,1.00,1.00
2014.04.07 17:32:20.005,0.76348,0.76363,1.00,1.00
2014.04.07 17:32:20.773,0.76345,0.76363,1.00,1.00
2014.04.07 17:32:21.117,0.76348,0.76365,1.00,1.00
2014.04.07 17:32:21.419,0.76351,0.76365,1.00,1.00
2014.04.07 17:32:21.989,0.76353,0.76368,1.00,1.00
2014.04.07 17:32:22.193,0.76351,0.7637,1.00,1.00
2014.04.07 17:32:22.519,0.76354,0.7637,1.00,1.00
2014.04.07 17:32:23.073,0.76354,0.76369,1.00,1.00
2014.04.07 17:32:38.810,0.76354,0.76371,1.00,1.00
2014.04.07 17:32:39.571,0.76354,0.7637,1.00,1.00
2014.04.07 17:32:41.262,0.76354,0.76371,1.00,1.00
2014.04.07 17:32:41.966,0.76354,0.7637,1.00,1.00
2014.04.07 17:32:51.336,0.76351,0.7637,1.00,1.00
2014.04.07 17:33:00.182,0.76351,0.76368,1.00,1.00
2014.04.07 17:33:00.723,0.76349,0.76368,1.00,1.00
2014.04.07 17:33:04.222,0.7635,0.76368,1.00,1.00
2014.04.07 17:33:04.934,0.7635,0.76369,1.00,1.00
2014.04.07 17:33:09.048,0.76353,0.76369,1.00,1.00
2014.04.07 17:33:09.445,0.76354,0.76372,1.00,1.00
2014.04.07 17:33:14.657,0.76356,0.76372,1.00,1.00
2014.04.07 17:33:15.692,0.76356,0.76375,1.00,1.25
2014.04.07 17:33:15.802,0.76358,0.76375,1.00,1.25
2014.04.07 17:33:20.641,0.76358,0.76373,1.00,1.00
2014.04.07 17:33:20.752,0.76355,0.76373,1.00,1.00
2014.04.07 17:33:20.853,0.76357,0.76373,1.00,1.00
2014.04.07 17:33:22.863,0.76356,0.76373,1.00,1.00
2014.04.07 17:33:26.021,0.76353,0.76373,1.00,1.00
2014.04.07 17:33:35.163,0.76353,0.76374,1.25,1.00
2014.04.07 17:33:35.335,0.76355,0.76374,1.00,1.00
2014.04.07 17:33:36.985,0.76357,0.76374,1.00,1.00
2014.04.07 17:33:39.428,0.76358,0.76374,1.00,1.00
2014.04.07 17:33:39.478,0.76358,0.76377,1.00,1.00
2014.04.07 17:33:43.256,0.76361,0.76377,1.00,1.00
2014.04.07 17:34:00.351,0.76358,0.76377,1.00,1.00
2014.04.07 17:34:00.452,0.7636,0.76378,1.00,1.00
2014.04.07 17:34:00.675,0.76357,0.76378,1.00,1.00
2014.04.07 17:34:07.235,0.7636,0.76378,1.00,1.00
2014.04.07 17:34:14.411,0.76358,0.76378,1.00,1.00
2014.04.07 17:34:15.485,0.7636,0.76378,1.00,1.00
2014.04.07 17:34:15.827,0.76358,0.76378,1.00,1.00
2014.04.07 17:34:21.012,0.7636,0.76378,1.00,1.00
2014.04.07 17:34:21.701,0.76359,0.76378,1.00,1.00
2014.04.07 17:34:24.461,0.76359,0.76377,1.00,1.00
2014.04.07 17:34:28.530,0.76359,0.76378,1.00,1.00
2014.04.07 17:34:29.961,0.76359,0.76375,1.00,1.00
2014.04.07 17:34:47.782,0.76359,0.76376,1.00,1.25
2014.04.07 17:35:10.998,0.76359,0.76377,1.00,1.00
2014.04.07 17:35:12.136,0.76357,0.76377,1.00,1.00
2014.04.07 17:35:12.237,0.76357,0.76375,1.00,1.00
2014.04.07 17:35:12.482,0.76352,0.76372,1.32,1.00
2014.04.07 17:35:15.393,0.76352,0.76372,1.32,1.00
2014.04.07 17:35:17.508,0.76352,0.76372,1.32,1.00
2014.04.07 17:35:22.146,0.76351,0.76372,1.00,1.50
2014.04.07 17:35:22.197,0.76351,0.76368,1.00,1.00
2014.04.07 17:35:22.855,0.76349,0.76366,1.00,1.00
2014.04.07 17:35:26.875,0.76349,0.76368,1.00,1.00
2014.04.07 17:35:31.650,0.76349,0.76365,1.00,1.00
2014.04.07 17:35:31.751,0.76346,0.76365,2.07,1.00
2014.04.07 17:35:34.510,0.76346,0.76365,2.07,1.00
2014.04.07 17:35:38.526,0.76346,0.76365,1.32,1.00
2014.04.07 17:35:45.190,0.76346,0.76365,1.32,1.00
2014.04.07 17:35:47.198,0.76346,0.76365,1.32,1.00
2014.04.07 17:35:48.202,0.76346,0.76365,1.32,1.00
2014.04.07 17:36:00.886,0.76346,0.76365,1.19,1.00
2014.04.07 17:36:01.994,0.76346,0.76365,1.25,1.00
2014.04.07 17:36:07.031,0.76347,0.76363,1.00,1.00
2014.04.07 17:36:07.228,0.76345,0.76363,1.32,1.00
2014.04.07 17:36:10.219,0.76345,0.7636,1.00,1.00
2014.04.07 17:36:10.311,0.76341,0.7636,2.07,1.00
2014.04.07 17:36:11.330,0.76345,0.7636,1.00,1.00
2014.04.07 17:36:11.518,0.76342,0.7636,1.00,1.00
2014.04.07 17:36:24.863,0.7634,0.7636,1.32,1.00
2014.04.07 17:36:25.138,0.7634,0.7636,2.07,1.00
2014.04.07 17:36:25.819,0.76344,0.7636,1.00,1.00
2014.04.07 17:36:27.028,0.7634,0.7636,2.82,1.00
2014.04.07 17:36:34.099,0.7634,0.7636,1.32,1.00
2014.04.07 17:36:34.305,0.7634,0.76357,1.32,1.00
2014.04.07 17:36:35.800,0.7634,0.76357,1.32,1.00
2014.04.07 17:36:36.313,0.7634,0.76358,1.32,1.00
2014.04.07 17:36:37.236,0.7634,0.76358,1.32,1.00
2014.04.07 17:36:38.040,0.7634,0.76358,2.07,1.00
2014.04.07 17:36:40.153,0.7634,0.76358,1.32,1.00
2014.04.07 17:36:41.864,0.7634,0.76358,1.32,1.00
2014.04.07 17:36:43.310,0.7634,0.76358,1.32,1.00
2014.04.07 17:36:44.209,0.7634,0.76358,1.32,1.00
2014.04.07 17:36:44.649,0.76342,0.7636,1.19,1.00
2014.04.07 17:36:44.869,0.76342,0.76358,1.19,1.00
2014.04.07 17:36:46.241,0.76341,0.76358,1.25,1.00
2014.04.07 17:36:46.949,0.76341,0.76358,1.19,1.00
2014.04.07 17:36:46.999,0.76343,0.76364,1.25,1.50
2014.04.07 17:36:48.051,0.76343,0.76364,1.19,1.50
2014.04.07 17:36:51.663,0.76343,0.76364,1.25,1.50
2014.04.07 17:36:53.480,0.76346,0.76364,1.00,1.00
2014.04.07 17:37:08.361,0.76345,0.76364,1.25,1.00
2014.04.07 17:37:10.970,0.76345,0.76364,1.19,1.00
2014.04.07 17:37:13.694,0.76345,0.76361,1.00,1.00
2014.04.07 17:37:13.921,0.76343,0.76361,2.25,1.00
2014.04.07 17:37:14.131,0.76343,0.76357,2.25,1.00
2014.04.07 17:37:14.231,0.7634,0.76357,1.19,1.00
2014.04.07 17:37:14.502,0.76338,0.76357,1.19,1.00
2014.04.07 17:37:15.697,0.76338,0.76357,1.00,1.00
2014.04.07 17:37:21.160,0.76339,0.76357,1.50,1.00
2014.04.07 17:37:21.787,0.76339,0.76356,1.00,1.00
2014.04.07 17:37:22.088,0.76339,0.7636,1.00,1.00
2014.04.07 17:37:22.189,0.76339,0.76355,1.00,1.00
2014.04.07 17:37:22.290,0.76339,0.76358,1.00,1.00
2014.04.07 17:37:22.418,0.76339,0.76355,1.00,1.00
2014.04.07 17:37:22.943,0.76339,0.76356,1.00,1.00
2014.04.07 17:37:24.287,0.76339,0.76355,1.00,1.00
2014.04.07 17:37:25.610,0.76339,0.76358,1.00,1.00
2014.04.07 17:37:30.186,0.76339,0.76355,1.00,1.00
2014.04.07 17:37:37.333,0.76339,0.76356,1.00,1.00
2014.04.07 17:37:43.539,0.76336,0.76355,1.19,1.00
2014.04.07 17:37:46.647,0.76337,0.76355,1.25,1.00
2014.04.07 17:37:49.563,0.76337,0.76355,1.19,1.00
2014.04.07 17:37:51.978,0.76337,0.76355,1.00,1.00
2014.04.07 17:38:09.496,0.76336,0.76355,1.50,1.00
2014.04.07 17:38:10.567,0.76336,0.76353,1.50,1.00
2014.04.07 17:38:14.842,0.76336,0.76355,1.00,1.00
2014.04.07 17:38:16.836,0.76337,0.76355,1.00,1.00
2014.04.07 17:38:19.719,0.76337,0.76359,1.00,1.25
2014.04.07 17:38:23.842,0.76338,0.76359,1.00,1.25
2014.04.07 17:38:49.276,0.76339,0.76359,1.00,1.00
2014.04.07 17:38:50.925,0.76338,0.76359,1.69,1.00
2014.04.07 17:38:55.323,0.76342,0.76359,1.00,1.00
2014.04.07 17:38:56.899,0.76345,0.76359,1.00,1.00
2014.04.07 17:38:56.950,0.76345,0.76361,1.00,1.00
2014.04.07 17:39:00.008,0.76345,0.76363,1.00,1.00
2014.04.07 17:39:00.059,0.76347,0.76363,1.00,1.00
2014.04.07 17:39:00.109,0.76347,0.76365,1.00,1.00
2014.04.07 17:39:05.112,0.76351,0.76365,1.00,1.00
2014.04.07 17:39:16.223,0.76348,0.76365,1.00,1.00
2014.04.07 17:39:16.553,0.76346,0.76365,1.00,1.00
2014.04.07 17:39:16.687,0.76348,0.76365,1.00,1.00
2014.04.07 17:39:17.214,0.76348,0.76366,1.00,1.00
2014.04.07 17:39:20.512,0.76351,0.76366,1.00,1.00
2014.04.07 17:39:23.625,0.76348,0.76366,1.00,1.00
2014.04.07 17:39:35.256,0.76348,0.76365,1.00,1.00
2014.04.07 17:39:36.616,0.76345,0.76362,1.00,1.00
2014.04.07 17:39:38.442,0.76349,0.76362,1.00,1.00
2014.04.07 17:39:38.803,0.76349,0.76367,1.00,1.19
2014.04.07 17:39:40.562,0.76349,0.76368,1.00,1.25
2014.04.07 17:39:40.642,0.76351,0.76368,1.00,1.25
2014.04.07 17:39:41.615,0.76351,0.76368,1.00,1.19
2014.04.07 17:39:42.973,0.76351,0.76368,1.00,1.00
2014.04.07 17:39:45.372,0.7635,0.76368,1.00,1.00
2014.04.07 17:39:45.705,0.7635,0.76366,1.00,1.00
2014.04.07 17:39:46.354,0.7635,0.76363,1.00,1.00
2014.04.07 17:39:46.405,0.76347,0.76363,1.00,1.50
2014.04.07 17:39:48.459,0.7635,0.76363,1.00,1.50
2014.04.07 17:39:48.678,0.7635,0.76366,1.00,1.25
2014.04.07 17:39:49.006,0.76347,0.76365,1.00,1.00
2014.04.07 17:39:49.070,0.76347,0.76363,1.00,1.00
2014.04.07 17:39:49.272,0.76344,0.76362,1.00,1.00
2014.04.07 17:39:49.373,0.76344,0.76364,1.00,1.25
2014.04.07 17:39:49.887,0.76343,0.76361,1.00,1.00
2014.04.07 17:39:53.715,0.76343,0.76365,1.00,1.19
2014.04.07 17:39:53.765,0.76345,0.76365,1.00,1.19
2014.04.07 17:39:54.295,0.76345,0.76361,1.00,1.00
2014.04.07 17:39:55.186,0.76345,0.76359,1.00,1.00
2014.04.07 17:39:55.556,0.76345,0.76361,1.00,1.00
2014.04.07 17:39:55.736,0.76344,0.76364,1.00,1.19
2014.04.07 17:39:57.125,0.76344,0.76358,1.00,1.00
2014.04.07 17:40:03.236,0.76342,0.76358,1.00,1.00
2014.04.07 17:40:03.337,0.76338,0.76358,1.00,1.60
2014.04.07 17:40:03.387,0.76338,0.76353,1.00,1.00
2014.04.07 17:40:03.438,0.76334,0.76352,2.25,1.00
2014.04.07 17:40:03.589,0.76334,0.76349,1.00,1.00
2014.04.07 17:40:04.073,0.76331,0.76349,1.00,1.00
2014.04.07 17:40:04.883,0.7633,0.76348,1.00,1.00
2014.04.07 17:40:26.667,0.76331,0.76348,1.00,1.00
2014.04.07 17:40:26.858,0.76333,0.76348,1.00,1.00
2014.04.07 17:40:27.017,0.76333,0.76352,1.00,1.00
2014.04.07 17:40:33.273,0.76333,0.76353,1.00,1.50
2014.04.07 17:40:33.374,0.76337,0.76353,1.00,1.00
2014.04.07 17:40:34.561,0.76333,0.76353,1.00,1.00
2014.04.07 17:40:37.106,0.7633,0.76353,1.00,1.50
2014.04.07 17:40:37.207,0.7633,0.76351,1.00,1.00
2014.04.07 17:40:41.220,0.76332,0.76351,1.00,1.00
2014.04.07 17:40:50.293,0.76332,0.7635,1.00,1.00
2014.04.07 17:40:50.563,0.76332,0.76353,1.00,1.00
2014.04.07 17:40:53.095,0.7633,0.76353,1.69,1.00
2014.04.07 17:40:53.754,0.7633,0.76353,1.25,1.69
2014.04.07 17:40:55.481,0.7633,0.76353,1.00,1.69
2014.04.07 17:40:56.885,0.7633,0.76353,1.00,1.50
2014.04.07 17:41:03.720,0.7633,0.76353,1.00,1.69
2014.04.07 17:41:06.132,0.7633,0.76353,1.25,1.69
2014.04.07 17:41:19.005,0.7633,0.7635,1.25,1.00
2014.04.07 17:41:19.315,0.76326,0.76348,1.32,1.50
2014.04.07 17:41:19.366,0.76326,0.76348,1.00,1.50
2014.04.07 17:41:19.556,0.76329,0.7635,1.00,1.69
2014.04.07 17:41:20.076,0.76327,0.76349,1.38,1.50
2014.04.07 17:41:20.434,0.76325,0.76346,1.38,1.00
2014.04.07 17:41:21.688,0.76328,0.76348,1.13,1.00
2014.04.07 17:41:28.619,0.76326,0.76348,1.38,1.00
2014.04.07 17:41:28.921,0.76332,0.7635,1.00,1.00
2014.04.07 17:41:29.035,0.76332,0.76353,1.88,1.00
2014.04.07 17:41:30.445,0.76332,0.76351,1.13,1.00
2014.04.07 17:41:40.913,0.76327,0.7635,1.63,1.00
2014.04.07 17:41:50.263,0.76328,0.76352,1.88,1.00
2014.04.07 17:42:00.260,0.76329,0.76351,1.57,1.00
2014.04.07 17:42:02.341,0.76329,0.76352,2.07,1.00
2014.04.07 17:42:04.261,0.76327,0.76351,2.07,1.00
2014.04.07 17:42:05.576,0.76331,0.76352,1.50,1.00
2014.04.07 17:42:05.677,0.76331,0.76354,1.50,1.50
2014.04.07 17:42:05.809,0.76331,0.76354,1.88,1.50
2014.04.07 17:42:06.125,0.76335,0.76358,1.50,1.19
2014.04.07 17:42:06.276,0.76336,0.76359,1.00,1.69
2014.04.07 17:42:06.850,0.76336,0.76359,1.88,1.19
2014.04.07 17:42:07.365,0.76336,0.76359,1.88,1.00
2014.04.07 17:42:07.995,0.76338,0.7636,1.00,1.25
2014.04.07 17:42:08.413,0.76335,0.76356,1.38,1.00
2014.04.07 17:42:08.838,0.76335,0.76356,1.00,1.00
2014.04.07 17:42:09.021,0.76332,0.76355,1.57,1.50
2014.04.07 17:42:09.127,0.76331,0.76351,1.38,1.00
2014.04.07 17:42:15.396,0.76331,0.76352,1.88,1.00
2014.04.07 17:42:17.122,0.76331,0.76352,1.25,1.00
2014.04.07 17:42:17.522,0.76331,0.76349,1.25,1.00
2014.04.07 17:42:32.573,0.76331,0.76349,1.63,1.00
2014.04.07 17:42:53.975,0.76331,0.76351,1.38,1.00
2014.04.07 17:42:58.033,0.76331,0.7635,1.38,1.00
2014.04.07 17:43:04.165,0.76331,0.76351,1.38,1.00
2014.04.07 17:43:05.700,0.76331,0.76349,2.07,1.00
2014.04.07 17:43:05.902,0.76331,0.76349,2.07,1.00
2014.04.07 17:43:06.031,0.76331,0.76347,2.07,1.00
2014.04.07 17:43:06.441,0.76331,0.76347,2.07,1.00
2014.04.07 17:43:06.492,0.76331,0.76349,2.07,1.00
2014.04.07 17:43:06.801,0.76331,0.76351,2.07,1.00
2014.04.07 17:43:07.241,0.76331,0.76349,2.07,1.00
2014.04.07 17:43:07.394,0.76331,0.76349,2.07,1.00
2014.04.07 17:43:08.157,0.76331,0.76349,2.07,1.00
2014.04.07 17:43:09.165,0.76331,0.76349,1.32,1.00
2014.04.07 17:43:10.173,0.76331,0.76349,1.32,1.00
2014.04.07 17:43:11.091,0.76331,0.76351,1.32,1.00
2014.04.07 17:43:11.217,0.76331,0.76351,1.57,1.00
2014.04.07 17:43:12.782,0.76331,0.76351,1.57,1.00
2014.04.07 17:43:28.804,0.7633,0.76351,1.19,1.00
2014.04.07 17:43:31.042,0.76331,0.76351,1.19,1.00
2014.04.07 17:43:42.240,0.76331,0.76348,1.19,1.00
2014.04.07 17:43:44.091,0.76331,0.76348,1.00,1.00
2014.04.07 17:43:45.080,0.76331,0.76351,1.00,1.50
2014.04.07 17:43:48.042,0.76331,0.76351,1.19,1.50
2014.04.07 17:43:49.047,0.76331,0.76351,1.19,1.50
2014.04.07 17:43:50.626,0.76336,0.76351,1.00,1.50
2014.04.07 17:43:50.956,0.76341,0.76353,1.00,1.00
2014.04.07 17:43:55.680,0.76341,0.76355,1.00,1.00
2014.04.07 17:44:09.652,0.76336,0.76355,1.19,1.00
2014.04.07 17:44:15.989,0.76336,0.76356,1.19,1.00
2014.04.07 17:44:20.200,0.76336,0.76356,1.25,1.00
2014.04.07 17:44:42.712,0.76336,0.76356,1.19,1.00
2014.04.07 17:44:44.260,0.76336,0.76356,1.25,1.00
2014.04.07 17:44:49.273,0.76336,0.76356,1.19,1.00
2014.04.07 17:44:51.611,0.76336,0.76359,1.19,1.00
2014.04.07 17:44:52.125,0.76336,0.76359,1.00,1.25
2014.04.07 17:44:52.331,0.76333,0.76359,1.19,1.69
2014.04.07 17:44:52.462,0.76333,0.76358,1.00,1.19
2014.04.07 17:44:53.168,0.76331,0.76353,1.25,1.00
2014.04.07 17:44:53.726,0.76331,0.7635,1.25,1.00
2014.04.07 17:44:57.946,0.76331,0.76355,1.50,1.25
2014.04.07 17:45:04.985,0.76331,0.76357,1.69,1.69
2014.04.07 17:45:06.251,0.76331,0.76357,1.69,1.19
2014.04.07 17:45:09.293,0.76333,0.76354,1.00,1.00
2014.04.07 17:45:21.572,0.76335,0.76355,1.00,1.00
2014.04.07 17:45:33.916,0.76332,0.76353,1.25,1.00
2014.04.07 17:45:36.312,0.76328,0.7635,1.19,1.00
2014.04.07 17:45:36.652,0.76327,0.7635,1.69,1.25
2014.04.07 17:45:37.358,0.76327,0.7635,1.00,1.19
2014.04.07 17:45:37.963,0.76326,0.76349,1.50,1.25
2014.04.07 17:45:38.538,0.76328,0.76349,1.00,1.25
2014.04.07 17:45:38.868,0.76331,0.76352,1.00,1.19
2014.04.07 17:45:38.919,0.76331,0.76353,1.00,1.19
2014.04.07 17:45:42.730,0.76331,0.76353,1.00,1.25
2014.04.07 17:45:49.543,0.76332,0.76353,1.00,1.25
2014.04.07 17:45:50.967,0.76332,0.76354,1.19,1.00
2014.04.07 17:45:51.293,0.76337,0.76354,1.00,1.00
2014.04.07 17:45:51.512,0.76332,0.76354,1.69,1.00
2014.04.07 17:45:58.727,0.76332,0.76354,1.69,1.00
2014.04.07 17:46:00.313,0.76334,0.76357,1.25,1.00
2014.04.07 17:46:02.846,0.76337,0.76357,1.00,1.00
2014.04.07 17:46:03.639,0.76334,0.76357,1.25,1.00
2014.04.07 17:46:03.690,0.76337,0.76357,1.00,1.00
2014.04.07 17:46:03.741,0.76337,0.7636,1.50,1.19
2014.04.07 17:46:03.942,0.76338,0.76361,1.00,1.69
2014.04.07 17:46:04.451,0.76339,0.76361,1.00,1.25
2014.04.07 17:46:04.582,0.76342,0.76363,1.00,2.44
2014.04.07 17:46:04.852,0.76339,0.76362,1.69,1.25
2014.04.07 17:46:05.352,0.76342,0.76362,1.00,1.69
2014.04.07 17:46:06.062,0.76342,0.76363,1.50,1.25
2014.04.07 17:46:34.480,0.76342,0.76364,1.00,1.25
2014.04.07 17:46:35.158,0.76344,0.76364,1.00,1.25
2014.04.07 17:46:38.069,0.76344,0.76363,1.00,1.00
2014.04.07 17:46:46.140,0.76342,0.76363,1.19,1.00
2014.04.07 17:46:54.983,0.76342,0.76363,1.25,1.00
2014.04.07 17:46:56.721,0.76342,0.76363,1.19,1.00
2014.04.07 17:46:57.078,0.76341,0.76363,1.69,1.00
2014.04.07 17:47:08.863,0.76341,0.76365,2.25,1.25
2014.04.07 17:47:08.913,0.76341,0.76365,2.44,1.00
2014.04.07 17:47:09.502,0.76344,0.76367,1.00,2.44
2014.04.07 17:47:11.218,0.76344,0.76367,1.00,2.44
2014.04.07 17:47:15.029,0.76344,0.76367,1.00,2.44
2014.04.07 17:47:15.231,0.76344,0.76367,1.19,2.25
2014.04.07 17:47:18.587,0.76344,0.76367,1.19,2.25
2014.04.07 17:47:21.654,0.76344,0.76367,1.25,2.44
2014.04.07 17:47:27.431,0.76344,0.76365,1.25,1.00
2014.04.07 17:47:28.016,0.76343,0.76364,1.00,1.00
2014.04.07 17:47:28.635,0.76343,0.76363,1.00,1.00
2014.04.07 17:47:29.201,0.76343,0.76363,1.00,1.19
2014.04.07 17:47:35.191,0.76343,0.76363,1.00,1.00
2014.04.07 17:47:35.350,0.7634,0.76363,1.00,1.00
2014.04.07 17:47:35.401,0.7634,0.76358,1.00,1.00
2014.04.07 17:47:35.602,0.76337,0.76357,1.00,1.19
2014.04.07 17:47:35.805,0.76337,0.76357,1.00,1.69
2014.04.07 17:47:36.051,0.76334,0.76355,1.00,1.25
2014.04.07 17:47:36.121,0.76336,0.76355,1.00,1.25
2014.04.07 17:47:36.852,0.76337,0.76355,1.00,1.00
2014.04.07 17:47:41.061,0.76337,0.76352,1.00,1.00
2014.04.07 17:47:41.111,0.76333,0.76352,1.25,1.00
2014.04.07 17:47:42.160,0.76333,0.76353,1.00,1.25
2014.04.07 17:47:43.450,0.76333,0.76355,1.00,1.69
2014.04.07 17:47:43.501,0.76337,0.76355,1.00,1.19
2014.04.07 17:47:44.572,0.76337,0.76355,1.00,1.25
2014.04.07 17:47:45.230,0.76337,0.76358,1.00,1.50
2014.04.07 17:47:56.402,0.76341,0.76358,1.00,1.00
2014.04.07 17:47:56.673,0.76342,0.76361,1.00,1.69
2014.04.07 17:47:57.240,0.76339,0.76362,1.00,1.19
2014.04.07 17:47:57.470,0.76339,0.76363,1.69,1.50
2014.04.07 17:47:58.162,0.76342,0.76363,1.50,1.00
2014.04.07 17:48:02.342,0.7634,0.76362,1.00,1.00
2014.04.07 17:48:03.070,0.76343,0.76363,1.00,1.19
2014.04.07 17:48:13.457,0.76343,0.76363,1.00,1.25
2014.04.07 17:48:24.938,0.76343,0.76358,1.00,1.00
2014.04.07 17:48:25.049,0.76341,0.76358,1.00,1.00
2014.04.07 17:48:25.300,0.76339,0.76358,1.00,1.00
2014.04.07 17:48:25.491,0.76337,0.76358,1.00,1.25
2014.04.07 17:48:27.014,0.76337,0.76358,1.00,1.19
2014.04.07 17:48:27.658,0.76337,0.76358,1.00,1.19
2014.04.07 17:48:28.659,0.76337,0.76354,1.00,1.00
2014.04.07 17:48:30.116,0.76337,0.76346,1.00,1.00
2014.04.07 17:48:30.217,0.76332,0.76348,1.00,1.00
2014.04.07 17:48:30.317,0.76332,0.76346,1.00,1.00
2014.04.07 17:48:30.469,0.76337,0.76356,1.00,1.57
2014.04.07 17:48:30.569,0.76337,0.76358,1.00,1.94
2014.04.07 17:48:30.995,0.76334,0.76354,1.00,1.00
2014.04.07 17:48:31.795,0.76334,0.76353,1.00,1.00
2014.04.07 17:48:31.999,0.76334,0.76351,1.00,1.00
2014.04.07 17:48:32.100,0.76332,0.76351,1.00,1.19
2014.04.07 17:48:32.618,0.76331,0.76351,1.00,1.19
2014.04.07 17:48:35.823,0.76331,0.76349,1.00,1.00
2014.04.07 17:48:37.030,0.76331,0.76351,1.00,1.25
2014.04.07 17:48:38.268,0.76331,0.76353,1.00,2.44
2014.04.07 17:48:44.282,0.76331,0.76353,1.00,1.00
2014.04.07 17:48:47.998,0.76331,0.76353,1.00,1.19
2014.04.07 17:48:52.060,0.76331,0.76353,1.00,1.00
2014.04.07 17:48:58.479,0.76331,0.76353,1.00,1.19
2014.04.07 17:49:00.251,0.76333,0.76354,1.00,2.44
2014.04.07 17:49:02.101,0.76333,0.76354,1.00,1.25
2014.04.07 17:49:03.259,0.76333,0.76353,1.00,1.50
2014.04.07 17:49:03.360,0.76331,0.76353,1.00,1.50
2014.04.07 17:49:14.800,0.76331,0.76354,1.00,1.25
2014.04.07 17:49:21.100,0.76331,0.76354,1.00,1.69
2014.04.07 17:49:24.922,0.76331,0.76353,1.00,1.19
2014.04.07 17:49:25.971,0.76331,0.76354,1.00,1.19
2014.04.07 17:49:26.200,0.76333,0.76355,1.00,1.69
2014.04.07 17:49:26.763,0.76333,0.76355,1.00,1.19
2014.04.07 17:49:28.720,0.76331,0.76354,1.25,1.25
2014.04.07 17:49:29.779,0.76331,0.76354,1.00,1.19
2014.04.07 17:49:31.250,0.76331,0.76354,1.00,1.19
2014.04.07 17:49:31.433,0.76329,0.76352,1.50,2.44
2014.04.07 17:49:31.729,0.76331,0.76354,1.00,1.69
2014.04.07 17:49:36.438,0.76331,0.76348,1.00,1.00
2014.04.07 17:49:40.421,0.76331,0.76353,1.00,1.25
2014.04.07 17:49:48.078,0.76334,0.76353,1.00,1.00
2014.04.07 17:49:48.778,0.76331,0.76353,1.69,1.00
2014.04.07 17:49:49.973,0.76331,0.76354,2.25,1.25
2014.04.07 17:49:50.024,0.76334,0.76355,1.00,1.19
2014.04.07 17:49:50.125,0.76334,0.76357,1.00,1.54
2014.04.07 17:49:50.299,0.76334,0.76354,1.00,1.00
2014.04.07 17:49:52.628,0.76335,0.76354,1.00,1.00
2014.04.07 17:49:53.820,0.76335,0.76357,1.00,3.79
2014.04.07 17:49:54.459,0.76335,0.76357,1.00,2.44
2014.04.07 17:49:54.589,0.76335,0.76353,1.00,1.00
2014.04.07 17:50:03.296,0.76332,0.76353,2.25,1.00
2014.04.07 17:50:05.199,0.76331,0.76353,1.00,1.25
2014.04.07 17:50:06.177,0.76331,0.76353,1.00,1.19
2014.04.07 17:50:07.202,0.76331,0.76353,1.00,1.25
2014.04.07 17:50:07.896,0.76338,0.76353,1.00,1.25
2014.04.07 17:50:09.192,0.76338,0.76353,1.00,1.69
2014.04.07 17:50:09.242,0.76335,0.76353,1.00,1.69
2014.04.07 17:50:13.106,0.76335,0.76353,1.00,1.25
2014.04.07 17:50:15.507,0.76333,0.76353,1.00,1.25
2014.04.07 17:50:15.608,0.76335,0.76353,1.00,1.25
2014.04.07 17:50:15.912,0.76335,0.76351,1.00,1.00
2014.04.07 17:50:15.962,0.76333,0.76351,1.00,1.00
2014.04.07 17:50:17.166,0.76336,0.76352,1.00,1.25
2014.04.07 17:50:18.228,0.76336,0.76353,1.00,1.69
2014.04.07 17:50:21.967,0.76336,0.76353,1.00,1.69
2014.04.07 17:50:25.583,0.76336,0.76353,1.00,1.69
2014.04.07 17:50:26.961,0.76337,0.76355,1.00,1.00
2014.04.07 17:50:27.487,0.76337,0.76355,1.00,1.19
2014.04.07 17:50:28.718,0.76336,0.76356,1.00,1.19
2014.04.07 17:50:29.948,0.76336,0.76356,1.00,3.19
2014.04.07 17:50:33.867,0.76336,0.76357,1.00,1.69
2014.04.07 17:50:33.968,0.76338,0.76357,1.00,1.69
2014.04.07 17:50:34.972,0.76338,0.76356,1.00,1.25
2014.04.07 17:50:35.375,0.76338,0.76356,1.00,1.69
2014.04.07 17:50:36.482,0.76338,0.76357,1.00,1.19
2014.04.07 17:50:42.427,0.76338,0.76358,1.00,1.00
2014.04.07 17:50:42.529,0.76339,0.7636,1.00,1.00
2014.04.07 17:50:42.580,0.76336,0.7636,1.50,1.50
2014.04.07 17:50:42.656,0.76338,0.7636,1.00,1.00
2014.04.07 17:50:43.207,0.76336,0.76361,1.00,1.25
2014.04.07 17:50:44.928,0.76337,0.76361,1.00,1.25
2014.04.07 17:50:45.757,0.76338,0.76362,1.00,1.25
2014.04.07 17:50:45.857,0.76341,0.76362,1.00,1.25
2014.04.07 17:50:46.068,0.76338,0.76362,1.50,1.69
2014.04.07 17:50:46.651,0.76338,0.76361,1.00,1.00
2014.04.07 17:50:46.752,0.76336,0.76359,1.25,1.00
2014.04.07 17:50:47.107,0.76336,0.76356,1.00,1.00
2014.04.07 17:50:47.157,0.76332,0.76356,1.69,1.00
2014.04.07 17:50:47.208,0.76332,0.76356,1.50,1.19
2014.04.07 17:50:48.490,0.76332,0.76354,1.00,1.19
2014.04.07 17:50:58.984,0.76332,0.76354,1.00,2.44
2014.04.07 17:51:02.103,0.76332,0.76354,1.00,1.69
2014.04.07 17:51:02.901,0.76334,0.76354,1.00,1.19
2014.04.07 17:51:02.952,0.76334,0.76354,1.00,1.25
2014.04.07 17:51:11.577,0.76334,0.76357,1.00,1.19
2014.04.07 17:51:13.687,0.76334,0.76357,1.00,1.19
2014.04.07 17:51:14.690,0.76334,0.76357,1.00,1.69
2014.04.07 17:51:16.867,0.76332,0.76357,2.25,1.19
2014.04.07 17:51:17.914,0.76332,0.76355,1.25,1.25
2014.04.07 17:51:18.020,0.76332,0.76352,1.25,1.00
2014.04.07 17:51:18.187,0.76332,0.76357,1.50,3.79
2014.04.07 17:51:18.338,0.76332,0.76352,1.00,1.00
2014.04.07 17:51:30.904,0.76334,0.76352,1.00,1.25
2014.04.07 17:51:31.444,0.76333,0.76353,1.00,1.25
2014.04.07 17:51:41.670,0.76333,0.76355,1.00,1.69
2014.04.07 17:51:43.178,0.76333,0.76355,1.00,1.25
2014.04.07 17:51:45.575,0.76333,0.76353,1.00,1.00
2014.04.07 17:51:45.795,0.76333,0.76355,1.00,1.25
2014.04.07 17:51:45.990,0.76333,0.76355,1.00,1.19
2014.04.07 17:51:50.438,0.76333,0.76354,1.00,1.25
2014.04.07 17:51:52.945,0.76333,0.76353,1.00,1.00
2014.04.07 17:51:53.559,0.76333,0.76354,1.00,1.25
2014.04.07 17:51:54.754,0.76333,0.76353,1.00,1.00
2014.04.07 17:51:57.247,0.76333,0.76352,1.00,1.00
2014.04.07 17:52:03.075,0.76333,0.76355,1.00,1.19
2014.04.07 17:52:10.755,0.76333,0.76354,1.00,1.19
2014.04.07 17:52:18.986,0.76333,0.76355,1.00,1.19
2014.04.07 17:52:26.464,0.76333,0.76355,1.00,2.29
2014.04.07 17:52:27.972,0.76333,0.76353,1.00,1.50
2014.04.07 17:52:32.554,0.76332,0.76353,1.00,1.00
2014.04.07 17:52:33.343,0.76332,0.76352,1.00,1.00
2014.04.07 17:52:43.766,0.76332,0.76355,1.50,1.79
2014.04.07 17:52:46.674,0.76332,0.76352,1.00,1.00
2014.04.07 17:52:51.163,0.76333,0.76354,1.00,1.79
2014.04.07 17:52:52.198,0.76333,0.76354,1.00,1.85
2014.04.07 17:53:00.053,0.76332,0.76354,1.00,2.29
2014.04.07 17:53:03.874,0.76332,0.76353,1.50,1.54
2014.04.07 17:53:10.112,0.7633,0.76353,1.00,1.19
2014.04.07 17:53:10.163,0.7633,0.76351,1.00,1.79
2014.04.07 17:53:10.394,0.76326,0.76346,1.00,1.00
2014.04.07 17:53:14.946,0.76326,0.7635,1.50,1.69
2014.04.07 17:53:14.997,0.76326,0.7635,1.50,1.19
2014.04.07 17:53:15.148,0.76329,0.76351,1.00,1.19
2014.04.07 17:53:16.830,0.76329,0.76351,1.00,1.19
2014.04.07 17:53:17.814,0.7633,0.76351,1.00,1.19
2014.04.07 17:53:23.965,0.7633,0.76351,1.00,1.19
2014.04.07 17:53:25.171,0.7633,0.76351,1.00,1.25
2014.04.07 17:53:26.443,0.7633,0.76349,1.00,1.00
2014.04.07 17:53:28.102,0.76328,0.76349,1.00,2.25
2014.04.07 17:53:29.188,0.76328,0.76349,1.00,2.44
2014.04.07 17:53:31.898,0.76328,0.76349,1.00,2.44
2014.04.07 17:53:32.405,0.76328,0.76345,1.00,1.00
2014.04.07 17:53:32.506,0.76325,0.76345,1.00,1.00
2014.04.07 17:53:43.164,0.76325,0.76346,1.00,1.00
2014.04.07 17:53:55.834,0.76325,0.76344,1.00,1.00
2014.04.07 17:53:56.115,0.76323,0.76343,1.00,1.05
2014.04.07 17:53:56.166,0.76323,0.76339,1.00,1.00
2014.04.07 17:53:56.216,0.76319,0.76339,1.00,1.00
2014.04.07 17:53:56.533,0.76321,0.76339,1.00,1.19
2014.04.07 17:53:56.753,0.76319,0.76339,1.00,1.19
2014.04.07 17:53:58.148,0.76319,0.76341,1.00,1.19
2014.04.07 17:54:03.808,0.76319,0.76341,1.00,1.25
2014.04.07 17:54:05.216,0.76319,0.76341,1.00,1.19
2014.04.07 17:54:07.311,0.76319,0.76341,1.00,1.57
2014.04.07 17:54:07.820,0.76319,0.76338,1.00,1.25
2014.04.07 17:54:08.532,0.76319,0.76338,1.00,1.19
2014.04.07 17:54:09.541,0.76319,0.76338,1.00,1.25
2014.04.07 17:54:09.732,0.76322,0.76341,1.00,1.19
2014.04.07 17:54:09.783,0.76322,0.76342,1.00,1.19
2014.04.07 17:54:12.313,0.76322,0.76338,1.00,1.00
2014.04.07 17:54:12.855,0.76318,0.76338,1.00,1.00
2014.04.07 17:54:13.395,0.76318,0.76338,1.00,2.44
2014.04.07 17:54:17.713,0.76318,0.76338,1.00,1.25
2014.04.07 17:54:20.832,0.76318,0.76341,1.00,1.19
2014.04.07 17:54:23.833,0.76318,0.76341,1.25,1.25
2014.04.07 17:54:24.741,0.76322,0.76341,1.00,1.25
2014.04.07 17:54:26.243,0.76322,0.76342,1.00,1.25
2014.04.07 17:54:28.261,0.76321,0.76342,1.00,1.25
2014.04.07 17:54:28.922,0.76322,0.76342,1.00,1.25
2014.04.07 17:54:30.072,0.76322,0.76342,1.00,1.19
2014.04.07 17:54:31.013,0.76322,0.76342,1.00,1.25
2014.04.07 17:54:31.315,0.76321,0.7634,1.00,1.00
2014.04.07 17:54:39.262,0.76321,0.76338,1.00,1.50
2014.04.07 17:54:43.704,0.76321,0.7634,1.00,1.19
2014.04.07 17:54:44.724,0.76321,0.7634,1.00,1.00
2014.04.07 17:54:45.402,0.76321,0.7634,1.00,1.19
2014.04.07 17:54:49.144,0.76321,0.7634,1.00,1.19
2014.04.07 17:54:50.150,0.76321,0.7634,1.00,1.19
2014.04.07 17:54:52.112,0.76319,0.7634,1.00,2.44
2014.04.07 17:54:53.013,0.76319,0.76338,1.00,1.50
2014.04.07 17:54:55.763,0.76319,0.76337,1.00,1.00
2014.04.07 17:55:05.149,0.76319,0.76337,1.00,1.19
2014.04.07 17:55:06.353,0.76319,0.76337,1.00,1.00
2014.04.07 17:55:12.541,0.76318,0.76337,1.00,1.00
2014.04.07 17:55:21.412,0.76318,0.76335,1.00,1.00
2014.04.07 17:55:25.573,0.76318,0.76334,1.00,1.00
2014.04.07 17:55:26.574,0.76318,0.76328,1.00,1.00
2014.04.07 17:55:39.544,0.76318,0.76329,1.00,1.00
2014.04.07 17:55:41.304,0.76318,0.76339,1.00,1.92
2014.04.07 17:55:48.192,0.76319,0.76336,1.00,1.00
2014.04.07 17:55:48.401,0.76317,0.76336,1.00,1.00
2014.04.07 17:55:52.701,0.76316,0.76336,1.00,1.00
2014.04.07 17:55:54.461,0.76315,0.76335,1.00,1.00
2014.04.07 17:56:00.970,0.76317,0.76335,1.00,1.00
2014.04.07 17:56:01.021,0.76317,0.76337,1.50,1.25
2014.04.07 17:56:01.328,0.76321,0.76338,1.00,1.50
2014.04.07 17:56:01.379,0.76321,0.7634,1.00,1.50
2014.04.07 17:56:01.903,0.76321,0.76342,1.00,1.60
2014.04.07 17:56:02.910,0.76321,0.76342,1.00,1.00
2014.04.07 17:56:04.108,0.76321,0.76342,1.00,1.19
2014.04.07 17:56:04.613,0.76321,0.76342,1.00,1.19
2014.04.07 17:56:10.443,0.76321,0.76342,1.00,1.19
2014.04.07 17:56:10.780,0.76319,0.7634,1.00,1.25
2014.04.07 17:56:10.894,0.76319,0.76337,1.00,1.00
2014.04.07 17:56:13.562,0.76319,0.76339,1.00,1.00
2014.04.07 17:56:14.870,0.76319,0.76339,1.00,1.19
2014.04.07 17:56:20.936,0.76319,0.76339,1.00,1.25
2014.04.07 17:56:22.574,0.76318,0.76339,1.00,1.25
2014.04.07 17:56:25.957,0.76318,0.76339,1.00,1.19
2014.04.07 17:56:27.100,0.76318,0.7634,1.00,1.69
2014.04.07 17:56:28.203,0.76318,0.76338,1.00,1.00
2014.04.07 17:56:32.320,0.76318,0.76338,1.00,1.19
2014.04.07 17:56:35.733,0.76318,0.76338,1.00,1.25
2014.04.07 17:56:39.909,0.7632,0.76338,1.00,1.25
2014.04.07 17:56:43.894,0.7632,0.76336,1.00,1.00
2014.04.07 17:56:45.642,0.76319,0.76336,1.00,1.00
2014.04.07 17:56:48.844,0.76319,0.76338,1.00,1.00
2014.04.07 17:56:49.700,0.76317,0.76338,1.00,1.00
2014.04.07 17:56:57.040,0.76317,0.76338,1.00,1.19
2014.04.07 17:56:58.142,0.76317,0.76338,1.00,1.25
2014.04.07 17:57:00.174,0.76317,0.76336,1.00,1.00
2014.04.07 17:57:06.168,0.76317,0.76337,1.00,1.25
2014.04.07 17:57:11.809,0.76318,0.76337,1.00,1.00
2014.04.07 17:57:13.634,0.76318,0.76337,1.00,1.19
2014.04.07 17:57:15.136,0.76318,0.76337,1.00,1.00
2014.04.07 17:57:20.690,0.76317,0.76337,1.00,1.00
2014.04.07 17:57:31.140,0.76318,0.76337,1.00,1.00
2014.04.07 17:57:34.550,0.76317,0.76337,1.00,1.00
2014.04.07 17:58:02.220,0.76317,0.7634,1.00,1.19
2014.04.07 17:58:03.389,0.76317,0.7634,1.00,1.19
2014.04.07 17:58:05.237,0.76317,0.7634,1.00,1.19
2014.04.07 17:58:07.184,0.76317,0.7634,1.00,1.19
2014.04.07 17:58:13.292,0.76317,0.76342,1.69,1.69
2014.04.07 17:58:14.583,0.76317,0.76342,1.69,1.69
2014.04.07 17:58:15.819,0.76317,0.76341,1.00,2.44
2014.04.07 17:58:21.189,0.76319,0.76341,1.00,1.19
2014.04.07 17:58:25.259,0.76321,0.76342,1.00,1.69
2014.04.07 17:58:27.186,0.76321,0.76342,1.00,1.19
2014.04.07 17:58:28.558,0.76323,0.76342,1.00,1.19
2014.04.07 17:58:28.709,0.76323,0.76342,1.00,1.25
2014.04.07 17:58:28.828,0.76326,0.76342,1.00,1.25
2014.04.07 17:58:29.108,0.76322,0.76342,1.00,1.25
2014.04.07 17:58:29.770,0.76322,0.76341,1.00,1.00
2014.04.07 17:58:30.428,0.76322,0.76341,1.00,1.19
2014.04.07 17:58:32.437,0.76322,0.76341,1.00,1.19
2014.04.07 17:58:33.940,0.76322,0.76341,1.00,1.19
2014.04.07 17:58:36.953,0.76322,0.76341,1.00,1.19
2014.04.07 17:58:38.162,0.76322,0.76341,1.00,1.25
2014.04.07 17:58:40.919,0.76322,0.76341,1.00,1.19
2014.04.07 17:58:41.981,0.76322,0.76341,1.00,1.19
2014.04.07 17:58:42.312,0.7632,0.76339,1.00,1.00
2014.04.07 17:58:49.868,0.7632,0.76339,1.00,1.69
2014.04.07 17:58:54.383,0.7632,0.76339,1.00,1.69
2014.04.07 17:59:01.208,0.7632,0.76342,1.00,2.29
2014.04.07 17:59:02.483,0.7632,0.76341,1.00,1.19
2014.04.07 17:59:03.487,0.7632,0.7634,1.00,1.69
2014.04.07 17:59:04.391,0.7632,0.7634,1.00,1.69
2014.04.07 17:59:05.497,0.7632,0.7634,1.00,1.69
2014.04.07 17:59:07.328,0.76318,0.76338,1.00,1.69
2014.04.07 17:59:08.519,0.76318,0.76339,1.00,2.44
2014.04.07 17:59:12.341,0.76318,0.76337,1.00,2.29
2014.04.07 17:59:12.587,0.76315,0.76336,1.00,3.04
2014.04.07 17:59:13.052,0.76315,0.76333,1.00,1.00
2014.04.07 17:59:13.684,0.76315,0.76338,1.00,2.44
2014.04.07 17:59:13.835,0.76317,0.76338,1.00,2.44
2014.04.07 17:59:16.192,0.76317,0.76338,1.00,1.69
2014.04.07 17:59:17.543,0.76315,0.76337,1.00,1.69
2014.04.07 17:59:18.503,0.76315,0.76335,1.00,1.19
2014.04.07 17:59:23.061,0.76315,0.76333,1.00,1.00
2014.04.07 17:59:23.965,0.76315,0.76333,1.00,1.69
2014.04.07 17:59:27.108,0.76311,0.76333,1.00,1.69
2014.04.07 17:59:34.891,0.76312,0.76333,1.00,1.19
2014.04.07 17:59:35.980,0.76311,0.76333,1.00,1.69
2014.04.07 17:59:36.591,0.76311,0.76331,1.00,1.00
2014.04.07 17:59:44.622,0.7631,0.76331,1.00,2.85
2014.04.07 17:59:44.673,0.7631,0.76325,1.00,1.00
2014.04.07 17:59:44.930,0.76307,0.76325,1.00,1.00
2014.04.07 17:59:48.889,0.76308,0.76325,1.00,1.00
2014.04.07 17:59:50.470,0.7631,0.76329,1.00,1.25
2014.04.07 17:59:50.671,0.7631,0.76327,1.00,1.00
2014.04.07 17:59:53.770,0.7631,0.76328,1.00,1.00
2014.04.07 17:59:54.546,0.7631,0.76327,1.00,1.00
2014.04.07 17:59:59.908,0.76309,0.76327,1.00,1.00
