2014.04.07 07:00:00.230,0.76642,0.76666,1.00,1.69
2014.04.07 07:00:00.449,0.76642,0.76663,1.00,1.50
2014.04.07 07:00:00.500,0.7664,0.76663,1.00,1.50
2014.04.07 07:00:00.601,0.7664,0.76665,1.00,1.69
2014.04.07 07:00:00.779,0.76642,0.76666,1.00,1.69
2014.04.07 07:00:01.819,0.76642,0.76666,1.00,1.69
2014.04.07 07:00:02.846,0.76642,0.76668,1.00,1.19
2014.04.07 07:00:03.371,0.76643,0.76669,1.00,3.94
2014.04.07 07:00:03.955,0.76643,0.76669,1.00,3.94
2014.04.07 07:00:07.379,0.76642,0.76666,1.00,1.19
2014.04.07 07:00:10.006,0.76642,0.76666,1.00,1.19
2014.04.07 07:00:10.824,0.76641,0.76665,1.00,1.25
2014.04.07 07:00:11.126,0.76639,0.76662,1.00,1.50
2014.04.07 07:00:12.177,0.76642,0.76662,1.00,1.50
2014.04.07 07:00:12.278,0.76642,0.76665,1.00,1.50
2014.04.07 07:00:13.568,0.76644,0.76665,1.00,1.50
2014.04.07 07:00:14.939,0.76641,0.76666,1.50,1.69
2014.04.07 07:00:15.370,0.76645,0.76666,1.00,1.69
2014.04.07 07:00:15.752,0.76646,0.7667,1.00,1.19
2014.04.07 07:00:16.450,0.76648,0.76672,1.00,1.19
2014.04.07 07:00:17.361,0.76648,0.76672,1.00,1.19
2014.04.07 07:00:17.937,0.76648,0.76672,1.00,1.25
2014.04.07 07:00:18.642,0.76649,0.76673,1.00,2.44
2014.04.07 07:00:19.237,0.76649,0.76673,1.00,2.44
2014.04.07 07:00:20.344,0.76649,0.76673,1.00,2.44
2014.04.07 07:00:21.353,0.76649,0.76673,1.00,2.44
2014.04.07 07:00:22.042,0.76647,0.76673,1.00,2.44
2014.04.07 07:00:22.263,0.7665,0.76673,1.00,1.69
2014.04.07 07:00:22.417,0.76651,0.76674,1.00,1.69
2014.04.07 07:00:23.127,0.76652,0.76676,1.00,3.19
2014.04.07 07:00:23.178,0.76654,0.76676,1.00,2.44
2014.04.07 07:00:23.278,0.76651,0.76676,1.00,1.69
2014.04.07 07:00:23.589,0.76653,0.76678,1.00,3.19
2014.04.07 07:00:24.101,0.76652,0.76676,1.00,1.19
2014.04.07 07:00:24.866,0.76652,0.76676,1.50,1.25
2014.04.07 07:00:25.759,0.76654,0.76676,1.00,1.25
2014.04.07 07:00:26.624,0.76654,0.76677,1.00,1.50
2014.04.07 07:00:27.016,0.76656,0.76678,1.00,1.69
2014.04.07 07:00:27.218,0.76653,0.76678,1.50,2.25
2014.04.07 07:00:27.849,0.76654,0.76678,1.00,1.50
2014.04.07 07:00:28.354,0.76654,0.76677,1.00,1.00
2014.04.07 07:00:28.747,0.76652,0.76677,1.69,1.00
2014.04.07 07:00:29.991,0.76652,0.76678,1.50,2.44
2014.04.07 07:00:31.239,0.76652,0.76678,1.50,2.44
2014.04.07 07:00:32.146,0.76654,0.76678,1.00,1.19
2014.04.07 07:00:34.923,0.76654,0.76678,1.00,1.19
2014.04.07 07:00:41.090,0.76654,0.76678,1.00,2.44
2014.04.07 07:00:47.330,0.76654,0.76677,1.00,1.69
2014.04.07 07:00:50.043,0.76654,0.76677,1.50,1.50
2014.04.07 07:00:51.610,0.76657,0.76677,1.00,1.50
2014.04.07 07:00:51.828,0.76654,0.76677,1.50,1.50
2014.04.07 07:00:53.608,0.76654,0.76678,1.50,1.69
2014.04.07 07:00:54.258,0.76655,0.76678,1.00,1.50
2014.04.07 07:00:54.947,0.76655,0.76681,1.00,1.19
2014.04.07 07:00:58.328,0.76655,0.7668,1.00,1.69
2014.04.07 07:00:58.410,0.76657,0.7668,1.00,1.69
2014.04.07 07:00:59.340,0.76657,0.76681,1.00,1.19
2014.04.07 07:01:00.389,0.76657,0.76681,1.00,1.19
2014.04.07 07:01:02.201,0.76657,0.76681,1.00,1.19
2014.04.07 07:01:03.307,0.76657,0.76681,1.00,1.25
2014.04.07 07:01:04.295,0.76654,0.7668,1.50,1.00
2014.04.07 07:01:04.789,0.76656,0.76682,1.00,1.19
2014.04.07 07:01:07.439,0.76656,0.76682,1.00,1.19
2014.04.07 07:01:08.250,0.76656,0.76682,1.00,1.69
2014.04.07 07:01:09.182,0.76656,0.76679,1.00,1.69
2014.04.07 07:01:11.223,0.76656,0.76679,1.00,1.50
2014.04.07 07:01:11.324,0.76658,0.76679,1.00,1.50
2014.04.07 07:01:11.429,0.76658,0.76683,1.00,1.69
2014.04.07 07:01:11.827,0.7666,0.76684,1.00,2.44
2014.04.07 07:01:12.140,0.76659,0.76679,1.00,1.50
2014.04.07 07:01:12.241,0.76659,0.76681,1.00,1.50
2014.04.07 07:01:12.372,0.76657,0.76681,1.00,1.50
2014.04.07 07:01:12.430,0.76659,0.76681,1.00,1.50
2014.04.07 07:01:12.934,0.76659,0.7668,1.00,1.50
2014.04.07 07:01:12.985,0.76659,0.76682,1.00,1.69
2014.04.07 07:01:13.325,0.76658,0.7668,1.00,1.50
2014.04.07 07:01:13.875,0.76657,0.76681,1.35,1.00
2014.04.07 07:01:15.258,0.76662,0.76683,1.35,1.69
2014.04.07 07:01:15.560,0.76663,0.76688,1.50,1.00
2014.04.07 07:01:15.611,0.76663,0.76686,1.50,1.00
2014.04.07 07:01:16.334,0.76663,0.76687,1.00,2.25
2014.04.07 07:01:17.245,0.76666,0.7669,1.00,1.19
2014.04.07 07:01:17.587,0.76674,0.76697,1.60,1.00
2014.04.07 07:01:18.089,0.76674,0.76698,2.10,1.50
2014.04.07 07:01:18.191,0.76674,0.76696,2.10,1.50
2014.04.07 07:01:18.442,0.76674,0.76698,2.10,1.00
2014.04.07 07:01:18.785,0.76675,0.76695,1.35,2.25
2014.04.07 07:01:18.937,0.7667,0.76693,1.13,1.50
2014.04.07 07:01:19.239,0.76666,0.76692,1.50,1.25
2014.04.07 07:01:19.303,0.76666,0.76692,1.50,1.19
2014.04.07 07:01:20.337,0.76666,0.76692,1.50,1.19
2014.04.07 07:01:20.920,0.76667,0.76689,1.00,1.69
2014.04.07 07:01:21.619,0.76667,0.76692,1.00,2.44
2014.04.07 07:01:24.058,0.76667,0.7669,1.00,1.00
2014.04.07 07:01:29.298,0.76667,0.7669,1.00,1.19
2014.04.07 07:01:30.406,0.76667,0.7669,1.00,1.25
2014.04.07 07:01:32.921,0.76667,0.7669,1.00,1.19
2014.04.07 07:01:34.266,0.76667,0.7669,1.00,1.25
2014.04.07 07:01:35.569,0.76667,0.76692,1.00,1.19
2014.04.07 07:01:36.139,0.76666,0.76691,1.00,1.25
2014.04.07 07:01:36.681,0.76666,0.76691,1.00,1.19
2014.04.07 07:01:38.189,0.76666,0.76691,1.00,1.19
2014.04.07 07:01:38.927,0.76668,0.76691,1.00,1.19
2014.04.07 07:01:39.229,0.76684,0.76699,1.50,1.00
2014.04.07 07:01:39.280,0.76684,0.76708,1.50,1.24
2014.04.07 07:01:39.567,0.76684,0.76708,1.50,1.25
2014.04.07 07:01:40.287,0.76685,0.76708,1.00,1.25
2014.04.07 07:01:40.979,0.76684,0.76708,2.25,1.00
2014.04.07 07:01:46.373,0.76684,0.76708,2.25,1.19
2014.04.07 07:01:49.195,0.76684,0.76708,2.25,1.25
2014.04.07 07:01:56.196,0.76686,0.76708,1.50,1.00
2014.04.07 07:01:57.251,0.76686,0.76709,1.50,1.00
2014.04.07 07:02:00.375,0.76686,0.76709,1.50,1.19
2014.04.07 07:02:01.682,0.76686,0.76709,1.50,1.00
2014.04.07 07:02:02.337,0.76686,0.76707,1.50,1.00
2014.04.07 07:02:02.534,0.76684,0.76707,2.25,1.00
2014.04.07 07:02:08.429,0.76684,0.76706,1.00,1.00
2014.04.07 07:02:08.530,0.76684,0.76702,1.00,1.00
2014.04.07 07:02:08.813,0.76682,0.76702,1.00,1.00
2014.04.07 07:02:16.794,0.7668,0.76702,1.00,1.00
2014.04.07 07:02:16.896,0.7668,0.767,1.00,1.00
2014.04.07 07:02:17.048,0.76678,0.767,1.00,1.00
2014.04.07 07:02:17.613,0.76678,0.76701,1.00,1.25
2014.04.07 07:02:18.228,0.7668,0.76702,1.50,1.19
2014.04.07 07:02:18.894,0.76687,0.76707,1.00,1.69
2014.04.07 07:02:19.004,0.76687,0.7671,1.00,1.19
2014.04.07 07:02:19.603,0.76688,0.76712,1.00,2.44
2014.04.07 07:02:20.021,0.76688,0.76712,1.00,1.69
2014.04.07 07:02:21.005,0.76688,0.76712,1.00,2.44
2014.04.07 07:02:23.458,0.76688,0.76712,1.00,2.44
2014.04.07 07:02:26.306,0.76688,0.76712,1.00,1.19
2014.04.07 07:02:27.414,0.76688,0.76711,1.00,1.69
2014.04.07 07:02:27.464,0.7669,0.76714,1.00,2.44
2014.04.07 07:02:27.515,0.7669,0.76714,1.00,1.50
2014.04.07 07:02:27.566,0.76695,0.76714,1.00,1.00
2014.04.07 07:02:27.717,0.76695,0.7672,1.00,1.69
2014.04.07 07:02:28.650,0.76695,0.7672,1.00,1.69
2014.04.07 07:02:28.902,0.76693,0.76719,1.00,2.44
2014.04.07 07:02:29.803,0.76693,0.76719,1.00,2.44
2014.04.07 07:02:33.854,0.76693,0.76718,1.00,1.19
2014.04.07 07:02:34.962,0.76693,0.76718,1.00,1.19
2014.04.07 07:02:39.883,0.76693,0.76716,1.00,1.50
2014.04.07 07:02:40.095,0.76693,0.76718,1.00,2.44
2014.04.07 07:02:40.622,0.76693,0.76714,1.00,1.00
2014.04.07 07:02:41.342,0.76696,0.76714,1.50,1.00
2014.04.07 07:02:46.172,0.76695,0.76714,1.50,1.00
2014.04.07 07:02:46.944,0.76696,0.76714,1.50,1.00
2014.04.07 07:02:47.095,0.76694,0.76714,1.50,1.00
2014.04.07 07:02:49.472,0.76695,0.76714,1.50,1.00
2014.04.07 07:02:49.583,0.76693,0.76714,1.50,1.00
2014.04.07 07:02:51.035,0.76692,0.76714,2.25,1.00
2014.04.07 07:02:54.122,0.76693,0.76714,1.50,1.00
2014.04.07 07:02:54.627,0.76693,0.76718,2.25,1.19
2014.04.07 07:02:55.359,0.76693,0.76719,2.25,3.04
2014.04.07 07:02:56.403,0.76695,0.76719,1.50,3.04
2014.04.07 07:02:56.554,0.76696,0.76719,1.50,2.29
2014.04.07 07:02:58.933,0.76694,0.76719,2.25,1.54
2014.04.07 07:02:59.102,0.76694,0.76714,2.25,1.00
2014.04.07 07:03:01.302,0.76694,0.76718,1.00,1.19
2014.04.07 07:03:01.456,0.76696,0.76718,1.00,1.19
2014.04.07 07:03:01.931,0.76699,0.76722,1.00,3.19
2014.04.07 07:03:02.082,0.76699,0.76722,1.00,2.44
2014.04.07 07:03:02.233,0.76697,0.76721,1.50,1.25
2014.04.07 07:03:02.284,0.76695,0.76721,2.25,1.19
2014.04.07 07:03:02.614,0.76697,0.76721,1.50,1.19
2014.04.07 07:03:02.717,0.76699,0.76722,1.00,1.19
2014.04.07 07:03:02.932,0.767,0.76723,1.00,1.69
2014.04.07 07:03:04.824,0.767,0.76719,1.00,1.00
2014.04.07 07:03:04.975,0.76699,0.76723,1.00,2.44
2014.04.07 07:03:05.272,0.76699,0.76719,1.00,1.00
2014.04.07 07:03:07.023,0.76699,0.76722,1.00,1.69
2014.04.07 07:03:08.543,0.767,0.76723,1.00,3.19
2014.04.07 07:03:13.667,0.76699,0.76722,1.00,1.00
2014.04.07 07:03:16.750,0.76698,0.76722,1.00,2.25
2014.04.07 07:03:16.901,0.76697,0.76719,2.25,1.50
2014.04.07 07:03:17.447,0.76697,0.76719,1.00,1.69
2014.04.07 07:03:21.983,0.76697,0.76716,1.00,1.50
2014.04.07 07:03:22.034,0.76694,0.76716,1.00,1.50
2014.04.07 07:03:22.500,0.76691,0.76716,1.50,1.50
2014.04.07 07:03:25.075,0.76691,0.76716,1.50,1.69
2014.04.07 07:03:25.861,0.76693,0.76716,1.00,1.69
2014.04.07 07:03:26.581,0.76693,0.76716,1.00,1.69
2014.04.07 07:03:26.866,0.76693,0.76713,1.00,1.00
2014.04.07 07:03:39.308,0.76695,0.76713,1.00,1.00
2014.04.07 07:03:43.143,0.76695,0.76716,1.00,1.69
2014.04.07 07:03:44.197,0.76695,0.76716,1.00,1.69
2014.04.07 07:03:45.612,0.76695,0.76714,1.00,1.00
2014.04.07 07:03:45.676,0.76693,0.76714,1.00,1.00
2014.04.07 07:03:47.473,0.76692,0.76714,1.00,1.00
2014.04.07 07:03:49.455,0.76692,0.76714,1.00,1.19
2014.04.07 07:03:51.566,0.76692,0.76714,1.00,1.00
2014.04.07 07:03:51.915,0.76693,0.76716,1.00,1.50
2014.04.07 07:03:52.122,0.76693,0.76713,1.00,1.00
2014.04.07 07:04:03.312,0.76692,0.76713,1.00,1.00
2014.04.07 07:04:03.414,0.76689,0.76713,2.25,1.00
2014.04.07 07:04:03.752,0.76692,0.76713,1.00,1.00
2014.04.07 07:04:03.825,0.7669,0.76713,1.00,1.00
2014.04.07 07:04:04.439,0.7669,0.76713,1.00,1.19
2014.04.07 07:04:05.631,0.7669,0.76713,1.00,1.00
2014.04.07 07:04:06.512,0.7669,0.76711,1.00,1.50
2014.04.07 07:04:06.613,0.76688,0.76711,1.00,1.50
2014.04.07 07:04:07.415,0.76687,0.76711,1.35,2.44
2014.04.07 07:04:08.159,0.76687,0.76711,1.35,2.25
2014.04.07 07:04:09.635,0.76685,0.76709,1.00,2.25
2014.04.07 07:04:09.790,0.76683,0.76709,2.29,3.00
2014.04.07 07:04:13.947,0.76685,0.76709,1.00,2.25
2014.04.07 07:04:15.708,0.76685,0.76709,1.00,2.44
2014.04.07 07:04:16.242,0.76685,0.76709,1.00,1.00
2014.04.07 07:04:24.255,0.76685,0.76709,1.00,2.44
2014.04.07 07:04:26.874,0.76685,0.76709,1.00,2.25
2014.04.07 07:04:36.538,0.76682,0.76706,2.85,1.00
2014.04.07 07:04:36.844,0.76682,0.76704,1.00,1.00
2014.04.07 07:04:37.002,0.76679,0.76704,1.69,1.50
2014.04.07 07:04:37.053,0.76682,0.76704,1.00,1.00
2014.04.07 07:04:37.204,0.76679,0.76704,1.00,2.44
2014.04.07 07:04:37.305,0.76681,0.76704,1.00,1.00
2014.04.07 07:04:37.356,0.76681,0.76707,1.00,3.94
2014.04.07 07:04:38.487,0.76681,0.76707,1.00,3.19
2014.04.07 07:04:38.896,0.76683,0.76707,1.50,1.00
2014.04.07 07:04:38.997,0.76683,0.76709,2.25,1.25
2014.04.07 07:04:39.323,0.76686,0.76709,1.50,1.00
2014.04.07 07:04:39.432,0.76684,0.76709,1.50,1.00
2014.04.07 07:04:40.236,0.76684,0.76706,1.50,1.00
2014.04.07 07:04:41.855,0.76686,0.76706,1.50,1.00
2014.04.07 07:04:43.243,0.76686,0.76708,1.50,1.19
2014.04.07 07:04:43.344,0.76686,0.7671,1.50,1.69
2014.04.07 07:04:43.394,0.76688,0.7671,1.50,1.19
2014.04.07 07:04:45.481,0.76687,0.7671,1.50,1.19
2014.04.07 07:04:46.581,0.76686,0.7671,1.50,1.69
2014.04.07 07:04:47.241,0.76688,0.7671,1.50,1.50
2014.04.07 07:04:47.584,0.76688,0.76709,1.50,1.19
2014.04.07 07:04:55.223,0.76686,0.76708,1.50,1.19
2014.04.07 07:04:57.349,0.76686,0.76708,1.50,1.19
2014.04.07 07:04:58.088,0.76685,0.76707,1.50,1.19
2014.04.07 07:05:00.369,0.76685,0.76707,1.50,1.19
2014.04.07 07:05:01.906,0.76685,0.76707,1.50,1.19
2014.04.07 07:05:02.714,0.76685,0.76707,1.50,1.19
2014.04.07 07:05:03.816,0.76685,0.76707,1.50,1.19
2014.04.07 07:05:05.785,0.76682,0.76707,2.25,1.19
2014.04.07 07:05:06.793,0.76682,0.76707,2.25,1.25
2014.04.07 07:05:06.868,0.76685,0.76707,1.00,1.25
2014.04.07 07:05:07.563,0.76686,0.7671,1.00,1.19
2014.04.07 07:05:07.966,0.76684,0.76708,1.00,3.00
2014.04.07 07:05:08.117,0.76686,0.76708,1.00,1.00
2014.04.07 07:05:08.391,0.76687,0.76712,1.00,1.69
2014.04.07 07:05:09.021,0.76686,0.7671,1.00,1.00
2014.04.07 07:05:10.651,0.76687,0.76712,1.50,1.69
2014.04.07 07:05:10.903,0.76687,0.76713,2.25,1.69
2014.04.07 07:05:11.853,0.76687,0.76713,2.25,1.50
2014.04.07 07:05:13.215,0.76687,0.76713,2.44,1.69
2014.04.07 07:05:14.522,0.76687,0.76713,3.00,1.50
2014.04.07 07:05:16.070,0.76688,0.76713,1.00,1.50
2014.04.07 07:05:20.395,0.76689,0.76713,1.00,1.00
2014.04.07 07:05:26.161,0.76689,0.76715,1.00,1.69
2014.04.07 07:05:27.986,0.76691,0.76715,1.00,1.69
2014.04.07 07:05:32.194,0.76691,0.76715,1.00,1.19
2014.04.07 07:05:38.858,0.76691,0.76715,1.00,1.19
2014.04.07 07:05:39.400,0.76692,0.76716,1.00,1.19
2014.04.07 07:05:41.016,0.76692,0.76716,1.00,1.19
2014.04.07 07:05:44.123,0.76692,0.76716,1.00,1.19
2014.04.07 07:05:45.227,0.76692,0.76716,1.00,1.19
2014.04.07 07:05:47.080,0.76692,0.76713,1.00,1.00
2014.04.07 07:05:47.611,0.7669,0.76713,1.00,1.00
2014.04.07 07:05:47.661,0.7669,0.76713,1.00,1.19
2014.04.07 07:05:47.712,0.76687,0.76713,3.00,1.69
2014.04.07 07:05:48.157,0.76686,0.76711,1.00,1.19
2014.04.07 07:05:50.163,0.76686,0.7671,1.00,1.69
2014.04.07 07:05:52.530,0.76685,0.76709,1.00,1.19
2014.04.07 07:05:59.125,0.76685,0.76709,1.00,1.19
2014.04.07 07:06:00.221,0.76684,0.76708,1.00,1.25
2014.04.07 07:06:01.042,0.76684,0.76708,1.00,1.19
2014.04.07 07:06:02.651,0.76682,0.76708,1.00,1.19
2014.04.07 07:06:02.752,0.76679,0.76705,2.29,1.00
2014.04.07 07:06:02.853,0.76679,0.76705,1.50,2.44
2014.04.07 07:06:04.016,0.7668,0.76704,1.00,1.19
2014.04.07 07:06:05.006,0.7668,0.76704,2.25,1.19
2014.04.07 07:06:06.211,0.7668,0.76704,2.25,1.19
2014.04.07 07:06:06.757,0.76679,0.76703,1.00,3.19
2014.04.07 07:06:06.858,0.76679,0.76703,1.00,1.69
2014.04.07 07:06:08.030,0.76679,0.76703,1.00,1.69
2014.04.07 07:06:08.556,0.76678,0.76702,1.00,1.19
2014.04.07 07:06:08.607,0.76674,0.76699,2.25,1.25
2014.04.07 07:06:08.657,0.76674,0.76699,2.25,1.69
2014.04.07 07:06:08.973,0.76671,0.76693,1.00,1.25
2014.04.07 07:06:09.175,0.76668,0.76692,1.00,1.19
2014.04.07 07:06:09.276,0.76666,0.7669,2.03,1.00
2014.04.07 07:06:09.536,0.76664,0.76689,2.25,1.69
2014.04.07 07:06:09.760,0.76662,0.76688,1.25,1.00
2014.04.07 07:06:09.810,0.76662,0.76688,1.00,1.19
2014.04.07 07:06:10.628,0.76662,0.76686,1.00,1.19
2014.04.07 07:06:10.678,0.76658,0.76684,1.50,1.19
2014.04.07 07:06:10.834,0.76658,0.76684,1.00,1.19
2014.04.07 07:06:11.192,0.76661,0.76685,1.00,1.19
2014.04.07 07:06:11.242,0.76661,0.76687,1.00,1.69
2014.04.07 07:06:14.471,0.76661,0.76686,1.00,1.19
2014.04.07 07:06:15.638,0.76661,0.76684,1.00,1.00
2014.04.07 07:06:18.101,0.76661,0.76686,1.00,1.19
2014.04.07 07:06:18.695,0.7666,0.76686,1.69,1.69
2014.04.07 07:06:19.545,0.7666,0.76684,1.50,1.00
2014.04.07 07:06:20.493,0.76658,0.76684,1.00,1.50
2014.04.07 07:06:21.141,0.76659,0.76684,1.50,1.00
2014.04.07 07:06:21.904,0.7666,0.76684,1.50,1.00
2014.04.07 07:06:23.822,0.7666,0.76683,1.50,1.00
2014.04.07 07:06:23.989,0.76658,0.76683,2.25,1.00
2014.04.07 07:06:24.526,0.76658,0.76682,1.00,1.19
2014.04.07 07:06:25.530,0.76657,0.76681,1.50,1.25
2014.04.07 07:06:26.613,0.76655,0.76681,1.00,1.25
2014.04.07 07:06:26.974,0.76655,0.7668,1.50,1.19
2014.04.07 07:06:27.575,0.76658,0.7668,1.50,1.19
2014.04.07 07:06:29.088,0.76658,0.7668,1.50,1.25
2014.04.07 07:06:30.497,0.76658,0.7668,1.50,1.19
2014.04.07 07:06:31.602,0.76658,0.7668,1.50,1.25
2014.04.07 07:06:34.116,0.76658,0.7668,1.50,1.19
2014.04.07 07:06:34.621,0.76659,0.7668,1.50,1.19
2014.04.07 07:06:35.125,0.7666,0.7668,1.50,1.25
2014.04.07 07:06:36.098,0.76661,0.76682,1.50,1.19
2014.04.07 07:06:36.438,0.76664,0.76685,1.50,1.19
2014.04.07 07:06:36.489,0.76664,0.76686,1.50,1.19
2014.04.07 07:06:36.670,0.76663,0.76686,1.50,1.25
2014.04.07 07:06:36.896,0.76666,0.76688,1.50,1.19
2014.04.07 07:06:37.098,0.76668,0.76689,1.50,1.50
2014.04.07 07:06:37.646,0.76669,0.76689,1.50,1.00
2014.04.07 07:06:38.453,0.76669,0.76692,1.50,1.19
2014.04.07 07:06:38.604,0.7667,0.76692,1.50,1.50
2014.04.07 07:06:38.734,0.76672,0.76692,1.50,1.50
2014.04.07 07:06:49.161,0.76673,0.76692,1.50,1.00
2014.04.07 07:06:53.010,0.76671,0.76692,1.00,1.00
2014.04.07 07:06:54.368,0.7667,0.76692,1.50,1.00
2014.04.07 07:06:54.569,0.76673,0.76693,1.50,1.00
2014.04.07 07:06:54.880,0.76676,0.76698,1.50,1.69
2014.04.07 07:06:54.981,0.76676,0.76698,1.50,1.00
2014.04.07 07:06:55.541,0.76677,0.76698,1.50,1.25
2014.04.07 07:06:56.204,0.76678,0.76698,1.50,1.00
2014.04.07 07:06:56.356,0.7668,0.76698,1.50,1.00
2014.04.07 07:06:56.458,0.76679,0.76702,1.50,1.69
2014.04.07 07:06:56.610,0.76677,0.76699,1.50,1.00
2014.04.07 07:06:56.970,0.7668,0.76699,1.50,1.00
2014.04.07 07:06:58.105,0.76679,0.76699,1.50,1.00
2014.04.07 07:06:59.134,0.76677,0.76699,1.50,1.00
2014.04.07 07:06:59.863,0.76676,0.76698,1.50,1.00
2014.04.07 07:06:59.973,0.76678,0.76698,1.50,1.00
2014.04.07 07:07:01.959,0.76679,0.76701,1.50,1.19
2014.04.07 07:07:03.054,0.7668,0.76701,1.50,1.25
2014.04.07 07:07:03.382,0.7668,0.76699,1.50,1.00
2014.04.07 07:07:07.692,0.7668,0.76701,1.50,1.00
2014.04.07 07:07:09.870,0.7668,0.76703,2.25,1.25
2014.04.07 07:07:10.022,0.76683,0.76703,1.50,1.00
2014.04.07 07:07:12.855,0.76686,0.76703,1.50,1.00
2014.04.07 07:07:13.171,0.76686,0.76709,1.50,1.00
2014.04.07 07:07:13.418,0.76687,0.76703,1.50,1.00
2014.04.07 07:07:13.721,0.76687,0.76708,1.50,1.00
2014.04.07 07:07:14.050,0.76687,0.76703,1.50,1.00
2014.04.07 07:07:14.922,0.76687,0.76709,1.50,1.00
2014.04.07 07:07:15.452,0.76688,0.76709,2.25,1.00
2014.04.07 07:07:15.603,0.76687,0.76703,1.50,1.00
2014.04.07 07:07:16.238,0.76687,0.76709,1.50,1.00
2014.04.07 07:07:17.019,0.76689,0.76709,1.50,1.00
2014.04.07 07:07:17.239,0.76687,0.76709,1.50,1.00
2014.04.07 07:07:17.889,0.76688,0.76703,1.50,1.00
2014.04.07 07:07:18.026,0.76688,0.76709,1.50,1.00
2014.04.07 07:07:19.910,0.76684,0.76704,1.50,1.00
2014.04.07 07:07:20.230,0.76688,0.76704,1.50,1.00
2014.04.07 07:07:20.445,0.76688,0.76708,1.50,1.25
2014.04.07 07:07:20.979,0.76686,0.76708,1.50,1.25
2014.04.07 07:07:25.956,0.76687,0.76708,1.50,1.00
2014.04.07 07:07:27.070,0.76686,0.76708,1.50,1.00
2014.04.07 07:07:37.616,0.76685,0.76708,1.50,1.50
2014.04.07 07:07:38.132,0.76686,0.76708,1.50,1.00
2014.04.07 07:07:40.702,0.76685,0.76708,1.00,1.25
2014.04.07 07:07:41.489,0.76684,0.76708,1.50,1.88
2014.04.07 07:07:41.540,0.76684,0.76703,1.50,1.00
2014.04.07 07:07:42.100,0.76683,0.76703,1.50,1.00
2014.04.07 07:07:47.700,0.76683,0.76708,1.50,1.57
2014.04.07 07:07:47.852,0.76686,0.76708,1.50,1.57
2014.04.07 07:07:53.019,0.76685,0.76708,1.50,1.38
2014.04.07 07:07:59.078,0.76685,0.76704,1.50,1.00
2014.04.07 07:07:59.379,0.7668,0.76704,1.00,1.50
2014.04.07 07:07:59.430,0.76686,0.76703,1.50,1.00
2014.04.07 07:07:59.651,0.76686,0.76707,1.50,1.25
2014.04.07 07:08:00.168,0.76685,0.76707,1.50,1.25
2014.04.07 07:08:03.491,0.76686,0.76707,1.50,1.00
2014.04.07 07:08:06.838,0.76686,0.76703,1.50,1.00
2014.04.07 07:08:07.558,0.76687,0.76703,1.50,1.00
2014.04.07 07:08:09.918,0.76687,0.76707,1.50,1.00
2014.04.07 07:08:13.989,0.76687,0.76703,1.50,1.00
2014.04.07 07:08:18.348,0.76684,0.76703,1.00,1.00
2014.04.07 07:08:19.329,0.76685,0.76703,2.10,1.00
2014.04.07 07:08:19.380,0.76685,0.76708,2.10,1.00
2014.04.07 07:08:19.549,0.76684,0.76708,1.25,1.00
2014.04.07 07:08:20.199,0.76684,0.76706,1.00,1.00
2014.04.07 07:08:20.250,0.76681,0.76706,1.25,1.00
2014.04.07 07:08:20.869,0.76681,0.76707,2.44,1.25
2014.04.07 07:08:20.919,0.76681,0.76707,2.44,1.00
2014.04.07 07:08:21.029,0.76683,0.76709,1.25,1.69
2014.04.07 07:08:24.728,0.76683,0.76709,1.19,1.50
2014.04.07 07:08:27.013,0.76683,0.76709,1.00,1.50
2014.04.07 07:08:36.991,0.76683,0.76709,1.00,2.44
2014.04.07 07:08:37.112,0.76682,0.76706,1.25,1.00
2014.04.07 07:08:44.019,0.76685,0.76706,2.10,1.00
2014.04.07 07:08:44.608,0.76686,0.76707,2.85,1.00
2014.04.07 07:09:11.821,0.76686,0.76709,2.85,1.00
2014.04.07 07:09:12.348,0.76688,0.76709,1.54,1.00
2014.04.07 07:09:12.898,0.76688,0.76708,2.29,1.00
2014.04.07 07:09:13.042,0.7669,0.76708,1.00,1.00
2014.04.07 07:09:13.395,0.7669,0.76714,3.79,1.50
2014.04.07 07:09:14.216,0.76691,0.76714,4.54,1.00
2014.04.07 07:09:16.166,0.76695,0.76714,1.00,1.00
2014.04.07 07:09:17.171,0.76692,0.76714,1.25,1.00
2014.04.07 07:09:18.668,0.76692,0.76714,1.19,1.00
2014.04.07 07:09:20.976,0.76692,0.76714,1.25,1.00
2014.04.07 07:09:21.377,0.76692,0.76718,1.25,1.00
2014.04.07 07:09:22.102,0.76692,0.76718,1.19,1.00
2014.04.07 07:09:24.847,0.76692,0.76718,1.25,1.00
2014.04.07 07:09:25.116,0.76692,0.76714,1.25,1.00
2014.04.07 07:09:27.032,0.76692,0.76714,1.19,1.00
2014.04.07 07:09:30.149,0.76691,0.76714,3.79,1.00
2014.04.07 07:09:33.940,0.76691,0.76714,3.79,1.00
2014.04.07 07:09:39.087,0.76691,0.76708,3.19,1.00
2014.04.07 07:09:40.626,0.76691,0.76714,1.00,1.50
2014.04.07 07:09:41.214,0.7669,0.76714,1.00,1.50
2014.04.07 07:09:42.246,0.7669,0.76714,1.19,1.50
2014.04.07 07:09:43.251,0.7669,0.76714,1.25,1.50
2014.04.07 07:09:45.741,0.7669,0.76714,1.19,1.50
2014.04.07 07:09:45.906,0.7669,0.76708,1.19,1.00
2014.04.07 07:09:47.008,0.7669,0.76708,2.25,1.00
2014.04.07 07:09:49.616,0.7669,0.76708,2.44,1.00
2014.04.07 07:09:51.187,0.7669,0.76714,2.44,1.50
2014.04.07 07:09:51.439,0.76693,0.76714,2.44,1.00
2014.04.07 07:09:52.408,0.76693,0.76717,1.69,1.00
2014.04.07 07:09:52.930,0.76693,0.76717,1.69,1.00
2014.04.07 07:09:59.642,0.76693,0.76717,1.69,1.00
2014.04.07 07:10:00.947,0.76693,0.76717,1.69,1.00
2014.04.07 07:10:03.361,0.76693,0.76717,1.69,1.00
2014.04.07 07:10:05.974,0.76693,0.76717,1.50,1.00
2014.04.07 07:10:12.559,0.76693,0.76719,1.50,1.25
2014.04.07 07:10:12.762,0.76693,0.76717,1.50,1.00
2014.04.07 07:10:13.474,0.76693,0.76717,3.19,1.00
2014.04.07 07:10:14.058,0.76694,0.76718,1.25,1.00
2014.04.07 07:10:14.866,0.76694,0.76718,1.19,1.00
2014.04.07 07:10:18.289,0.76694,0.76718,3.04,1.00
2014.04.07 07:10:18.491,0.76697,0.76721,1.35,1.19
2014.04.07 07:10:18.903,0.76697,0.76722,1.35,2.25
2014.04.07 07:10:19.128,0.76696,0.76719,2.29,1.00
2014.04.07 07:10:19.348,0.76697,0.76722,1.35,2.25
2014.04.07 07:10:19.570,0.76696,0.76718,2.29,1.00
2014.04.07 07:10:21.356,0.76696,0.76718,2.29,1.00
2014.04.07 07:10:26.332,0.76697,0.76718,1.05,1.00
2014.04.07 07:10:26.855,0.76698,0.76718,1.00,1.00
2014.04.07 07:10:27.157,0.76704,0.76722,1.60,1.00
2014.04.07 07:10:27.895,0.76705,0.76723,1.85,1.00
2014.04.07 07:10:29.464,0.76707,0.76722,1.00,1.00
2014.04.07 07:10:30.141,0.76709,0.76723,1.50,1.00
2014.04.07 07:10:30.535,0.76709,0.76723,4.35,1.00
2014.04.07 07:10:34.671,0.76713,0.76723,1.00,1.00
2014.04.07 07:10:36.792,0.76715,0.76723,2.10,1.00
2014.04.07 07:10:38.213,0.76713,0.76723,1.50,1.00
2014.04.07 07:10:38.812,0.76713,0.76722,1.00,1.00
2014.04.07 07:10:43.037,0.76714,0.76722,2.10,1.00
2014.04.07 07:10:43.984,0.76716,0.76723,1.60,1.00
2014.04.07 07:10:44.474,0.76719,0.76729,2.10,1.38
2014.04.07 07:10:44.755,0.76719,0.76729,2.10,1.00
2014.04.07 07:10:47.617,0.7672,0.7673,2.10,1.00
2014.04.07 07:11:01.450,0.76719,0.7673,5.29,1.00
2014.04.07 07:11:05.067,0.76719,0.7673,4.54,1.00
2014.04.07 07:11:13.641,0.76722,0.7673,2.29,1.00
2014.04.07 07:11:14.582,0.76722,0.7674,3.04,1.38
2014.04.07 07:11:15.435,0.76723,0.76746,1.19,1.69
2014.04.07 07:11:16.154,0.76723,0.76746,1.19,1.69
2014.04.07 07:11:17.261,0.76723,0.76747,1.19,1.69
2014.04.07 07:11:18.367,0.76723,0.76746,1.19,1.19
2014.04.07 07:11:19.300,0.7672,0.76744,1.54,2.44
2014.04.07 07:11:20.028,0.76721,0.76742,1.69,1.19
2014.04.07 07:11:22.636,0.76724,0.76743,1.50,1.19
2014.04.07 07:11:22.722,0.76724,0.76744,1.50,1.19
2014.04.07 07:11:23.431,0.76724,0.76744,1.69,1.19
2014.04.07 07:11:25.237,0.76724,0.76747,1.69,1.19
2014.04.07 07:11:28.654,0.76724,0.76747,1.69,1.69
2014.04.07 07:11:29.697,0.7672,0.76744,2.29,1.19
2014.04.07 07:11:30.665,0.7672,0.76744,1.54,1.19
2014.04.07 07:11:32.174,0.76719,0.76744,3.04,1.69
2014.04.07 07:11:34.286,0.7672,0.76744,1.54,1.19
2014.04.07 07:11:35.312,0.7672,0.76744,1.54,1.69
2014.04.07 07:11:36.319,0.7672,0.76744,1.54,1.69
2014.04.07 07:11:37.588,0.76722,0.76744,3.19,1.25
2014.04.07 07:11:39.746,0.76723,0.76746,1.69,1.19
2014.04.07 07:11:41.297,0.76723,0.76744,1.69,1.00
2014.04.07 07:11:42.465,0.76723,0.76744,1.69,1.19
2014.04.07 07:11:43.670,0.76721,0.76744,2.44,1.25
2014.04.07 07:11:45.395,0.7672,0.76744,3.04,1.19
2014.04.07 07:11:47.001,0.7672,0.76744,3.04,1.19
2014.04.07 07:11:48.712,0.7672,0.76744,2.29,1.19
2014.04.07 07:11:49.821,0.7672,0.76744,2.44,1.19
2014.04.07 07:11:53.167,0.76719,0.76744,1.19,1.69
2014.04.07 07:11:54.606,0.76722,0.76745,1.00,1.69
2014.04.07 07:11:55.157,0.76721,0.76745,1.25,1.69
2014.04.07 07:11:55.259,0.76721,0.76744,1.19,1.19
2014.04.07 07:11:59.917,0.76719,0.76743,1.69,1.19
2014.04.07 07:12:00.924,0.76719,0.76743,1.19,1.19
2014.04.07 07:12:01.425,0.76722,0.76745,1.00,1.69
2014.04.07 07:12:01.943,0.76719,0.76743,2.44,1.19
2014.04.07 07:12:02.618,0.7672,0.76743,1.19,1.19
2014.04.07 07:12:07.449,0.76722,0.76744,1.19,1.19
2014.04.07 07:12:12.858,0.76721,0.76745,1.19,1.69
2014.04.07 07:12:13.151,0.76721,0.76745,1.69,1.19
2014.04.07 07:12:14.255,0.76723,0.76748,1.69,1.19
2014.04.07 07:12:15.293,0.76723,0.76748,1.69,1.19
2014.04.07 07:12:19.018,0.76723,0.76749,2.44,2.44
2014.04.07 07:12:21.326,0.76724,0.76748,1.19,1.19
2014.04.07 07:12:24.594,0.76725,0.76748,1.69,1.25
2014.04.07 07:12:25.751,0.76727,0.76749,1.69,1.69
2014.04.07 07:12:28.393,0.76727,0.76749,1.69,1.69
2014.04.07 07:12:30.608,0.76727,0.76749,1.69,1.19
2014.04.07 07:12:31.611,0.76727,0.76749,1.69,1.25
2014.04.07 07:12:33.527,0.76729,0.76754,1.19,3.19
2014.04.07 07:12:34.734,0.76731,0.76755,1.19,1.69
2014.04.07 07:12:36.757,0.76734,0.76758,1.19,1.69
2014.04.07 07:12:37.778,0.76734,0.76758,1.69,1.69
2014.04.07 07:12:39.427,0.76737,0.76759,2.44,1.19
2014.04.07 07:12:40.394,0.76737,0.76761,1.19,2.44
2014.04.07 07:12:43.210,0.76737,0.76761,1.19,1.69
2014.04.07 07:12:48.073,0.76736,0.7676,1.19,1.19
2014.04.07 07:12:49.680,0.76736,0.7676,1.19,1.69
2014.04.07 07:12:53.096,0.76736,0.7676,1.19,1.19
2014.04.07 07:12:57.516,0.76736,0.76756,1.19,1.00
2014.04.07 07:12:57.668,0.76734,0.76753,1.19,1.00
2014.04.07 07:12:57.773,0.76732,0.76753,1.19,1.25
2014.04.07 07:12:57.974,0.76728,0.76753,3.19,1.19
2014.04.07 07:12:58.623,0.76728,0.76749,3.19,1.00
2014.04.07 07:13:00.505,0.76728,0.76749,1.19,1.69
2014.04.07 07:13:00.807,0.76725,0.76746,1.19,1.25
2014.04.07 07:13:00.908,0.76722,0.76746,1.19,2.37
2014.04.07 07:13:00.959,0.76722,0.76743,1.19,1.00
2014.04.07 07:13:02.188,0.76719,0.76743,1.19,1.19
2014.04.07 07:13:07.146,0.76718,0.76742,2.44,1.54
2014.04.07 07:13:08.518,0.76717,0.76742,3.19,1.54
2014.04.07 07:13:12.259,0.76718,0.7674,1.19,1.00
2014.04.07 07:13:12.805,0.76717,0.7674,2.44,1.19
2014.04.07 07:13:15.234,0.76717,0.76737,1.19,1.50
2014.04.07 07:13:15.335,0.76714,0.76738,2.44,1.25
2014.04.07 07:13:15.385,0.76714,0.76738,2.44,1.19
2014.04.07 07:13:16.494,0.76716,0.76738,1.19,1.19
2014.04.07 07:13:19.480,0.76716,0.7674,2.44,1.19
2014.04.07 07:13:20.434,0.76717,0.76741,1.19,1.54
2014.04.07 07:13:21.497,0.76717,0.76741,1.69,1.87
2014.04.07 07:13:21.698,0.76717,0.76741,1.19,1.93
2014.04.07 07:13:22.654,0.76717,0.76741,1.19,1.25
2014.04.07 07:13:23.073,0.76718,0.76741,1.19,1.19
2014.04.07 07:13:27.531,0.76718,0.76741,1.69,1.25
2014.04.07 07:13:29.239,0.76718,0.76741,2.44,1.19
2014.04.07 07:13:32.215,0.76717,0.76737,1.19,1.50
2014.04.07 07:13:32.316,0.76714,0.76737,1.19,1.69
2014.04.07 07:13:33.281,0.76713,0.76738,1.69,1.69
2014.04.07 07:13:34.899,0.76713,0.76738,1.69,1.69
2014.04.07 07:13:35.444,0.76715,0.76739,1.69,2.44
2014.04.07 07:13:35.604,0.76716,0.7674,1.19,1.69
2014.04.07 07:13:35.705,0.76717,0.76742,1.19,3.19
2014.04.07 07:13:36.905,0.76717,0.76742,1.19,3.19
2014.04.07 07:13:38.114,0.76716,0.76742,1.69,2.44
2014.04.07 07:13:38.517,0.76718,0.76742,1.19,1.19
2014.04.07 07:13:40.950,0.76717,0.76742,1.19,1.19
2014.04.07 07:13:42.257,0.76717,0.76742,1.19,1.69
2014.04.07 07:13:43.365,0.76717,0.76742,1.19,1.19
2014.04.07 07:13:49.541,0.76717,0.76742,1.19,1.69
2014.04.07 07:13:52.355,0.76717,0.76742,1.19,1.69
2014.04.07 07:13:52.557,0.76716,0.76741,1.69,3.04
2014.04.07 07:13:54.271,0.76715,0.76739,1.69,1.39
2014.04.07 07:13:56.785,0.76715,0.76739,1.19,1.19
2014.04.07 07:14:00.386,0.76714,0.76736,1.19,1.69
2014.04.07 07:14:00.892,0.76713,0.76734,1.19,1.25
2014.04.07 07:14:01.350,0.7671,0.76734,1.79,1.69
2014.04.07 07:14:05.278,0.76711,0.76731,1.05,1.25
2014.04.07 07:14:13.862,0.76708,0.76731,2.29,1.19
2014.04.07 07:14:14.868,0.76708,0.76731,1.54,1.25
2014.04.07 07:14:23.283,0.76708,0.76732,2.29,2.44
2014.04.07 07:14:23.622,0.76704,0.76728,1.19,1.19
2014.04.07 07:14:23.942,0.76702,0.76728,2.29,1.55
2014.04.07 07:14:24.947,0.76702,0.76728,2.29,1.49
2014.04.07 07:14:27.100,0.76704,0.76728,1.19,1.25
2014.04.07 07:14:28.264,0.76705,0.76728,1.19,1.19
2014.04.07 07:14:29.974,0.76705,0.76728,1.19,1.00
2014.04.07 07:14:31.081,0.76705,0.76728,1.19,1.25
2014.04.07 07:14:34.117,0.76704,0.76728,1.19,1.19
2014.04.07 07:14:35.329,0.76705,0.76729,1.54,1.19
2014.04.07 07:14:36.580,0.76706,0.76731,1.69,1.19
2014.04.07 07:14:36.681,0.76709,0.76731,1.69,1.19
2014.04.07 07:14:37.277,0.7671,0.76733,1.19,1.19
2014.04.07 07:14:37.742,0.76708,0.76733,1.19,1.19
2014.04.07 07:14:40.060,0.76709,0.76733,1.19,1.19
2014.04.07 07:14:41.366,0.76708,0.76733,1.19,1.69
2014.04.07 07:14:42.599,0.76708,0.76733,1.19,1.69
2014.04.07 07:14:45.163,0.76707,0.76732,1.19,1.19
2014.04.07 07:14:45.314,0.76707,0.76727,1.19,1.00
2014.04.07 07:14:45.365,0.76704,0.76727,1.19,1.00
2014.04.07 07:14:45.656,0.76698,0.76727,1.19,1.00
2014.04.07 07:14:46.207,0.76698,0.76726,1.19,1.00
2014.04.07 07:14:46.637,0.767,0.76725,1.19,1.19
2014.04.07 07:14:47.644,0.76698,0.76724,1.19,1.19
2014.04.07 07:14:48.247,0.76696,0.76724,1.69,1.19
2014.04.07 07:14:49.355,0.76696,0.76724,1.69,1.19
2014.04.07 07:14:50.186,0.76696,0.76724,1.19,1.19
2014.04.07 07:14:50.432,0.76696,0.76724,1.00,1.00
2014.04.07 07:14:51.647,0.76696,0.76726,1.50,1.00
2014.04.07 07:14:55.191,0.76689,0.76726,1.00,1.00
2014.04.07 07:14:55.501,0.76689,0.76728,1.00,1.00
2014.04.07 07:14:56.428,0.76683,0.7673,1.68,1.05
2014.04.07 07:14:57.057,0.76682,0.76736,1.35,1.80
2014.04.07 07:14:57.582,0.76682,0.76736,1.30,2.05
2014.04.07 07:14:57.989,0.76682,0.76737,2.25,2.01
2014.04.07 07:14:58.961,0.76682,0.76743,1.50,1.00
2014.04.07 07:14:59.753,0.76701,0.76728,1.19,1.19
2014.04.07 07:15:00.606,0.76698,0.76725,1.19,1.19
2014.04.07 07:15:00.844,0.76696,0.76725,1.19,1.19
2014.04.07 07:15:01.406,0.76696,0.76724,1.19,1.19
2014.04.07 07:15:01.507,0.76695,0.76722,1.19,1.19
2014.04.07 07:15:02.116,0.76697,0.76722,1.19,1.19
2014.04.07 07:15:02.717,0.76692,0.76731,1.00,1.00
2014.04.07 07:15:03.133,0.76692,0.76729,1.00,1.00
2014.04.07 07:15:03.644,0.76694,0.7673,1.00,1.00
2014.04.07 07:15:05.152,0.76703,0.76729,1.00,1.00
2014.04.07 07:15:10.802,0.767,0.76725,1.00,1.00
2014.04.07 07:15:11.483,0.76701,0.76725,1.00,1.00
2014.04.07 07:15:13.300,0.76702,0.76727,1.00,1.00
2014.04.07 07:15:14.075,0.76703,0.76727,1.19,1.19
2014.04.07 07:15:15.484,0.76703,0.76727,1.19,1.19
2014.04.07 07:15:15.588,0.76702,0.76727,1.19,1.19
2014.04.07 07:15:16.893,0.76702,0.76727,1.25,1.00
2014.04.07 07:15:18.084,0.76702,0.76728,1.25,1.69
2014.04.07 07:15:21.344,0.76702,0.76728,1.19,1.19
2014.04.07 07:15:21.647,0.76702,0.76728,1.19,1.69
2014.04.07 07:15:22.454,0.76701,0.76726,1.19,1.19
2014.04.07 07:15:26.183,0.76701,0.76725,1.19,1.19
2014.04.07 07:15:27.291,0.76701,0.76726,1.19,1.19
2014.04.07 07:15:28.502,0.76701,0.76725,1.00,1.19
2014.04.07 07:15:29.039,0.76699,0.76725,1.69,2.44
2014.04.07 07:15:30.193,0.76697,0.76722,1.19,1.69
2014.04.07 07:15:31.863,0.76697,0.76723,1.19,2.44
2014.04.07 07:15:33.169,0.76697,0.76722,1.69,1.19
2014.04.07 07:15:34.575,0.76697,0.76723,1.69,1.69
2014.04.07 07:15:35.228,0.76699,0.76721,1.19,1.25
2014.04.07 07:15:35.911,0.76698,0.76721,1.19,1.19
2014.04.07 07:15:36.090,0.76695,0.7672,1.19,1.19
2014.04.07 07:15:37.129,0.76694,0.7672,1.69,1.19
2014.04.07 07:15:38.952,0.76697,0.76721,1.19,1.19
2014.04.07 07:15:40.976,0.76697,0.76723,1.69,1.19
2014.04.07 07:15:41.801,0.76703,0.76723,1.00,1.19
2014.04.07 07:15:41.902,0.76703,0.76724,1.50,1.25
2014.04.07 07:15:42.011,0.76705,0.76726,1.00,1.69
2014.04.07 07:15:42.062,0.76705,0.76726,1.00,1.00
2014.04.07 07:15:42.245,0.76705,0.76729,1.50,1.19
2014.04.07 07:15:42.464,0.76705,0.76729,1.69,1.19
2014.04.07 07:15:44.379,0.76707,0.7673,1.19,1.19
2014.04.07 07:15:47.043,0.76708,0.7673,1.19,1.19
2014.04.07 07:15:47.572,0.76707,0.76731,1.19,1.69
2014.04.07 07:15:47.673,0.76708,0.76731,1.19,1.19
2014.04.07 07:15:47.992,0.76708,0.76731,1.69,1.19
2014.04.07 07:15:48.953,0.76708,0.76732,1.69,1.19
2014.04.07 07:15:49.373,0.76711,0.76731,1.19,1.25
2014.04.07 07:15:50.474,0.76711,0.76735,1.19,1.69
2014.04.07 07:15:51.599,0.76711,0.76735,1.19,1.69
2014.04.07 07:15:52.250,0.76711,0.76735,1.69,1.69
2014.04.07 07:15:53.889,0.76711,0.76735,1.19,1.69
2014.04.07 07:15:55.895,0.76711,0.76735,1.69,1.19
2014.04.07 07:15:57.557,0.76711,0.76735,1.19,1.19
2014.04.07 07:15:58.862,0.76711,0.76735,1.19,1.19
2014.04.07 07:15:59.585,0.76712,0.76735,1.19,1.25
2014.04.07 07:16:00.182,0.76712,0.76735,1.19,1.69
2014.04.07 07:16:00.710,0.76714,0.76735,1.19,1.25
2014.04.07 07:16:01.882,0.76714,0.76735,1.19,1.00
2014.04.07 07:16:04.297,0.76714,0.76735,1.19,1.25
2014.04.07 07:16:04.620,0.76714,0.76735,1.69,1.00
2014.04.07 07:16:05.167,0.76714,0.76736,1.69,1.25
2014.04.07 07:16:06.223,0.76714,0.76737,1.69,1.00
2014.04.07 07:16:07.718,0.76714,0.76737,1.69,1.25
2014.04.07 07:16:09.749,0.76715,0.76737,1.19,1.00
2014.04.07 07:16:10.961,0.76717,0.76737,1.19,1.00
2014.04.07 07:16:12.068,0.76715,0.76737,1.19,1.25
2014.04.07 07:16:13.421,0.76713,0.76737,1.19,1.19
2014.04.07 07:16:13.522,0.7671,0.76734,1.19,1.19
2014.04.07 07:16:14.132,0.76709,0.76732,1.19,1.00
2014.04.07 07:16:14.191,0.76707,0.76732,1.19,1.25
2014.04.07 07:16:15.025,0.7671,0.76731,1.19,1.50
2014.04.07 07:16:15.142,0.7671,0.76735,1.19,1.19
2014.04.07 07:16:15.322,0.76711,0.76735,1.69,1.25
2014.04.07 07:16:15.373,0.76711,0.76733,1.19,1.00
2014.04.07 07:16:15.524,0.76707,0.76731,1.69,1.25
2014.04.07 07:16:16.167,0.76707,0.76731,1.69,1.19
2014.04.07 07:16:17.482,0.76707,0.7673,1.69,1.25
2014.04.07 07:16:18.701,0.76709,0.76735,1.69,1.19
2014.04.07 07:16:18.752,0.76712,0.76735,1.19,1.25
2014.04.07 07:16:18.957,0.76711,0.76735,1.19,1.19
2014.04.07 07:16:19.007,0.7671,0.76732,1.19,1.00
2014.04.07 07:16:20.757,0.7671,0.76732,1.19,1.19
2014.04.07 07:16:24.202,0.76711,0.76734,1.69,1.19
2014.04.07 07:16:24.353,0.76712,0.76736,1.19,1.25
2014.04.07 07:16:25.380,0.76712,0.76736,1.19,1.19
2014.04.07 07:16:27.997,0.76712,0.76736,1.19,1.25
2014.04.07 07:16:28.890,0.76712,0.76734,1.19,1.00
2014.04.07 07:16:29.042,0.7671,0.76734,1.19,1.19
2014.04.07 07:16:29.534,0.76709,0.76732,1.19,1.19
2014.04.07 07:16:31.849,0.76709,0.76734,1.19,1.19
2014.04.07 07:16:32.352,0.76711,0.76735,1.69,1.19
2014.04.07 07:16:34.597,0.76711,0.76735,1.69,1.25
2014.04.07 07:16:37.176,0.76713,0.76735,1.19,1.19
2014.04.07 07:16:38.389,0.76712,0.76735,1.19,1.25
2014.04.07 07:16:40.952,0.76711,0.76735,1.69,1.19
2014.04.07 07:16:44.441,0.76711,0.76735,1.69,1.19
2014.04.07 07:16:46.856,0.76711,0.76735,1.69,1.25
2014.04.07 07:16:47.864,0.76712,0.76735,1.19,1.19
2014.04.07 07:16:55.663,0.76711,0.76735,1.69,1.19
2014.04.07 07:16:56.971,0.76712,0.76735,1.19,1.25
2014.04.07 07:16:58.252,0.76712,0.76735,1.19,1.19
2014.04.07 07:16:59.563,0.76711,0.76735,2.44,1.19
2014.04.07 07:17:00.644,0.76712,0.76735,1.19,1.25
2014.04.07 07:17:03.946,0.76712,0.76735,1.19,1.19
2014.04.07 07:17:05.200,0.76711,0.76735,1.19,1.19
2014.04.07 07:17:06.256,0.76711,0.76733,1.25,1.19
2014.04.07 07:17:09.426,0.76711,0.76734,1.19,1.19
2014.04.07 07:17:11.404,0.76711,0.76735,1.25,1.69
2014.04.07 07:17:14.023,0.76711,0.76734,1.19,1.19
2014.04.07 07:17:17.351,0.76707,0.76731,2.44,1.00
2014.04.07 07:17:18.093,0.76708,0.76731,1.19,1.19
2014.04.07 07:17:20.198,0.76708,0.7673,1.19,1.19
2014.04.07 07:17:21.404,0.76707,0.7673,1.19,1.25
2014.04.07 07:17:22.835,0.76708,0.76731,1.19,1.69
2014.04.07 07:17:22.914,0.76705,0.76731,1.79,1.69
2014.04.07 07:17:23.046,0.76706,0.76731,1.54,2.44
2014.04.07 07:17:23.247,0.76703,0.76726,1.69,1.25
2014.04.07 07:17:24.011,0.76703,0.76725,1.19,1.00
2014.04.07 07:17:24.125,0.76705,0.76725,1.19,1.00
2014.04.07 07:17:25.237,0.76706,0.76725,1.19,1.00
2014.04.07 07:17:25.338,0.76704,0.76725,1.19,1.00
2014.04.07 07:17:26.871,0.76703,0.76725,2.44,1.00
2014.04.07 07:17:27.118,0.76703,0.76728,2.44,1.19
2014.04.07 07:17:29.379,0.76705,0.76728,1.19,1.19
2014.04.07 07:17:29.829,0.76706,0.7673,1.19,1.69
2014.04.07 07:17:30.999,0.76708,0.7673,1.19,1.69
2014.04.07 07:17:33.027,0.76707,0.76729,1.19,1.00
2014.04.07 07:17:34.548,0.76708,0.76729,1.19,1.25
2014.04.07 07:17:35.955,0.76709,0.76729,1.19,1.00
2014.04.07 07:17:37.065,0.76707,0.76729,1.19,1.00
2014.04.07 07:17:39.202,0.76711,0.76731,1.19,1.25
2014.04.07 07:17:39.488,0.76711,0.76734,1.19,1.00
2014.04.07 07:17:39.687,0.76712,0.76734,1.19,1.19
2014.04.07 07:17:44.143,0.76711,0.76734,1.19,1.19
2014.04.07 07:17:46.054,0.76711,0.76734,1.19,1.19
2014.04.07 07:17:47.799,0.76711,0.76732,1.19,1.00
2014.04.07 07:17:48.539,0.76711,0.76732,1.19,1.19
2014.04.07 07:17:50.683,0.76711,0.76732,1.19,1.25
2014.04.07 07:17:52.088,0.76711,0.76732,1.19,1.25
2014.04.07 07:17:53.095,0.76711,0.76732,1.19,1.19
2014.04.07 07:17:54.705,0.76711,0.76732,1.19,1.00
2014.04.07 07:17:55.810,0.76711,0.76734,1.19,1.19
2014.04.07 07:17:56.463,0.76711,0.76733,1.19,1.19
2014.04.07 07:17:56.932,0.7671,0.7673,1.54,1.00
2014.04.07 07:17:57.083,0.76707,0.7673,1.19,1.19
2014.04.07 07:17:57.184,0.76707,0.76728,1.19,1.19
2014.04.07 07:17:57.393,0.76706,0.76728,1.25,1.19
2014.04.07 07:17:58.456,0.76706,0.76727,1.19,1.25
2014.04.07 07:17:59.464,0.76706,0.76727,1.25,1.19
2014.04.07 07:18:00.674,0.76706,0.76727,1.19,1.25
2014.04.07 07:18:05.633,0.76706,0.76727,1.19,1.00
2014.04.07 07:18:06.941,0.76706,0.76727,1.19,1.25
2014.04.07 07:18:08.954,0.76706,0.76727,1.19,1.19
2014.04.07 07:18:15.919,0.76706,0.76727,1.00,1.19
2014.04.07 07:18:17.932,0.76706,0.76727,1.25,1.19
2014.04.07 07:18:18.949,0.76703,0.76727,1.54,1.69
2014.04.07 07:18:20.142,0.76703,0.76727,2.29,1.69
2014.04.07 07:18:21.250,0.76706,0.76727,1.25,1.69
2014.04.07 07:18:25.977,0.76706,0.76727,1.19,1.69
2014.04.07 07:18:27.157,0.76706,0.76727,1.25,1.69
2014.04.07 07:18:28.922,0.76706,0.76727,1.25,1.19
2014.04.07 07:18:29.927,0.76706,0.76727,1.25,1.19
2014.04.07 07:18:31.036,0.76706,0.76727,1.19,1.19
2014.04.07 07:18:32.443,0.76706,0.76727,1.25,1.19
2014.04.07 07:18:33.557,0.76706,0.76727,1.19,1.19
2014.04.07 07:18:34.966,0.76706,0.76729,1.19,1.19
2014.04.07 07:18:37.020,0.76706,0.76726,1.25,2.44
2014.04.07 07:18:37.910,0.76706,0.76726,1.00,3.19
2014.04.07 07:18:38.551,0.76706,0.76726,1.19,1.19
2014.04.07 07:18:41.279,0.76702,0.76726,1.19,3.19
2014.04.07 07:18:42.780,0.76703,0.76728,1.19,4.69
2014.04.07 07:18:44.728,0.76707,0.76728,1.00,3.94
2014.04.07 07:18:44.888,0.76707,0.76728,1.00,1.69
2014.04.07 07:18:47.400,0.76707,0.76728,1.25,2.44
2014.04.07 07:18:52.769,0.76704,0.76727,1.19,1.19
2014.04.07 07:18:53.737,0.76703,0.76727,1.69,1.19
2014.04.07 07:18:56.053,0.76703,0.76727,1.69,1.25
2014.04.07 07:18:56.385,0.76703,0.76727,1.19,3.19
2014.04.07 07:18:57.829,0.76704,0.76727,1.19,2.44
2014.04.07 07:18:58.696,0.76703,0.76727,1.19,3.19
2014.04.07 07:19:00.411,0.76703,0.76727,1.19,2.44
2014.04.07 07:19:04.942,0.76704,0.76727,1.69,1.69
2014.04.07 07:19:06.073,0.76704,0.76727,1.19,1.69
2014.04.07 07:19:07.491,0.76704,0.76727,1.19,1.69
2014.04.07 07:19:08.985,0.76704,0.76727,1.19,1.69
2014.04.07 07:19:11.298,0.76704,0.76727,1.69,1.69
2014.04.07 07:19:13.006,0.76704,0.76727,1.19,1.69
2014.04.07 07:19:16.730,0.76704,0.76727,1.19,1.69
2014.04.07 07:19:20.473,0.76704,0.76727,1.19,1.69
2014.04.07 07:19:21.676,0.76704,0.76727,1.19,2.44
2014.04.07 07:19:22.782,0.76704,0.76727,1.19,2.44
2014.04.07 07:19:23.992,0.76704,0.76727,1.19,2.44
2014.04.07 07:19:25.696,0.76704,0.76727,1.19,1.69
2014.04.07 07:19:26.009,0.76704,0.76726,1.00,2.44
2014.04.07 07:19:26.059,0.76702,0.76726,1.25,3.19
2014.04.07 07:19:26.110,0.76702,0.76726,1.19,2.44
2014.04.07 07:19:28.217,0.76702,0.76726,1.19,2.44
2014.04.07 07:19:29.609,0.76707,0.76726,1.00,2.44
2014.04.07 07:19:29.927,0.76707,0.76726,1.00,2.44
2014.04.07 07:19:31.061,0.76707,0.76726,1.00,2.44
2014.04.07 07:19:33.577,0.76707,0.76726,1.00,2.44
2014.04.07 07:19:34.338,0.76703,0.76726,1.19,2.44
2014.04.07 07:19:34.884,0.76702,0.76726,1.69,2.44
2014.04.07 07:19:39.917,0.76702,0.76726,1.69,2.44
2014.04.07 07:19:41.425,0.76702,0.76726,1.19,2.44
2014.04.07 07:19:42.608,0.76702,0.76726,1.19,2.44
2014.04.07 07:19:45.971,0.76703,0.76726,1.19,2.44
2014.04.07 07:19:47.884,0.76702,0.76726,1.19,1.69
2014.04.07 07:19:49.996,0.76702,0.76726,1.69,1.69
2014.04.07 07:19:53.112,0.76704,0.76726,1.19,1.69
2014.04.07 07:19:54.121,0.76706,0.76726,1.19,1.69
2014.04.07 07:19:56.097,0.76706,0.76726,1.25,1.69
2014.04.07 07:19:57.063,0.76706,0.76726,1.00,2.44
2014.04.07 07:19:57.678,0.76706,0.76726,1.25,1.69
2014.04.07 07:19:58.658,0.76702,0.76726,1.69,2.44
2014.04.07 07:19:59.021,0.76702,0.76722,1.69,1.50
2014.04.07 07:19:59.640,0.76702,0.76726,1.69,2.44
2014.04.07 07:19:59.857,0.76706,0.76726,1.00,2.44
2014.04.07 07:20:00.309,0.76706,0.76729,1.69,1.69
2014.04.07 07:20:03.309,0.76707,0.76729,1.19,1.69
2014.04.07 07:20:05.951,0.76707,0.76729,1.19,1.69
2014.04.07 07:20:08.679,0.76711,0.76729,1.00,1.69
2014.04.07 07:20:09.319,0.76707,0.76729,1.69,1.69
2014.04.07 07:20:10.273,0.76707,0.76729,1.69,1.69
2014.04.07 07:20:11.850,0.76712,0.76729,1.00,1.69
2014.04.07 07:20:11.959,0.76707,0.76729,2.44,1.69
2014.04.07 07:20:13.091,0.76707,0.76729,2.44,1.69
2014.04.07 07:20:14.897,0.76707,0.76729,2.44,1.69
2014.04.07 07:20:15.903,0.76707,0.76729,2.44,1.69
2014.04.07 07:20:17.508,0.76712,0.7673,1.00,1.69
2014.04.07 07:20:18.012,0.76712,0.7673,1.00,1.69
2014.04.07 07:20:21.559,0.76712,0.7673,1.00,1.69
2014.04.07 07:20:25.047,0.76707,0.7673,1.19,1.69
2014.04.07 07:20:27.900,0.76707,0.76729,1.19,1.69
2014.04.07 07:20:29.337,0.76712,0.76729,1.00,1.69
2014.04.07 07:20:29.558,0.76707,0.76729,1.19,1.69
2014.04.07 07:20:33.409,0.76712,0.76729,1.00,1.69
2014.04.07 07:20:34.874,0.76712,0.76729,1.00,1.69
2014.04.07 07:20:36.709,0.76706,0.76729,2.44,1.69
2014.04.07 07:20:38.292,0.76707,0.76729,1.19,1.69
2014.04.07 07:20:40.118,0.76711,0.7673,1.00,1.69
2014.04.07 07:20:40.903,0.76711,0.76731,1.25,1.19
2014.04.07 07:20:50.087,0.76711,0.76731,1.25,1.25
2014.04.07 07:20:51.684,0.76711,0.76731,1.19,1.19
2014.04.07 07:20:52.126,0.76706,0.7673,2.44,1.19
2014.04.07 07:20:52.301,0.76706,0.76727,2.44,1.00
2014.04.07 07:20:52.603,0.76705,0.76725,1.19,2.25
2014.04.07 07:20:52.868,0.76702,0.76722,1.25,1.00
2014.04.07 07:20:53.397,0.76702,0.76722,1.19,1.19
2014.04.07 07:20:56.362,0.76702,0.76722,1.25,1.25
2014.04.07 07:21:00.849,0.76707,0.76726,1.00,1.19
2014.04.07 07:21:00.950,0.76707,0.76728,1.00,2.44
2014.04.07 07:21:01.001,0.76707,0.76728,1.00,1.69
2014.04.07 07:21:01.508,0.76707,0.76729,1.19,1.19
2014.04.07 07:21:03.548,0.76711,0.76729,1.00,1.19
2014.04.07 07:21:05.081,0.76711,0.76734,1.25,2.44
2014.04.07 07:21:05.255,0.76711,0.76734,1.19,2.44
2014.04.07 07:21:07.164,0.76711,0.76734,1.19,1.25
2014.04.07 07:21:08.219,0.76712,0.76734,1.19,1.19
2014.04.07 07:21:09.275,0.76712,0.76735,1.19,1.19
2014.04.07 07:21:12.187,0.76711,0.76735,2.44,2.44
2014.04.07 07:21:13.291,0.76713,0.76735,1.19,2.44
2014.04.07 07:21:14.637,0.76711,0.76735,2.44,2.44
2014.04.07 07:21:17.134,0.76712,0.76735,1.19,2.44
2014.04.07 07:21:19.146,0.76711,0.76735,1.19,2.44
2014.04.07 07:21:21.455,0.76711,0.76735,1.19,1.69
2014.04.07 07:21:25.675,0.76711,0.76735,1.19,1.69
2014.04.07 07:21:27.205,0.76711,0.76735,1.69,1.19
2014.04.07 07:21:31.920,0.76712,0.76735,1.19,1.19
2014.04.07 07:21:32.870,0.76713,0.76736,1.69,1.50
2014.04.07 07:21:33.551,0.76714,0.76737,1.19,1.69
2014.04.07 07:21:33.946,0.76714,0.76737,1.19,1.69
2014.04.07 07:21:36.082,0.76712,0.76737,1.19,2.44
2014.04.07 07:21:37.148,0.76716,0.76737,1.00,1.69
2014.04.07 07:21:38.237,0.76713,0.76738,1.19,3.94
2014.04.07 07:21:42.205,0.76713,0.76738,1.19,3.19
2014.04.07 07:21:43.369,0.76713,0.76735,1.19,1.50
2014.04.07 07:21:43.469,0.76712,0.76736,1.69,1.19
2014.04.07 07:21:45.421,0.76713,0.76736,1.19,1.19
2014.04.07 07:21:47.029,0.76712,0.76736,2.44,1.19
2014.04.07 07:21:48.136,0.76712,0.76736,2.44,1.25
2014.04.07 07:21:49.744,0.76712,0.76736,2.44,1.19
2014.04.07 07:21:50.748,0.76713,0.76736,1.19,1.19
2014.04.07 07:21:51.102,0.76712,0.76735,1.69,1.69
2014.04.07 07:21:52.391,0.76712,0.76736,1.69,3.19
2014.04.07 07:21:52.930,0.76707,0.7673,1.19,1.69
2014.04.07 07:21:53.030,0.76706,0.7673,1.69,2.44
2014.04.07 07:21:53.318,0.76706,0.76728,1.25,2.44
2014.04.07 07:21:53.504,0.76706,0.76727,1.00,1.19
2014.04.07 07:21:55.111,0.76706,0.76727,1.00,1.69
2014.04.07 07:21:56.338,0.76702,0.76727,2.44,1.69
2014.04.07 07:21:56.438,0.76706,0.76728,1.00,2.44
2014.04.07 07:21:57.836,0.76706,0.76728,1.25,1.69
2014.04.07 07:21:58.816,0.76708,0.76729,1.00,1.19
2014.04.07 07:21:58.867,0.76708,0.76731,1.25,1.19
2014.04.07 07:21:58.968,0.76709,0.76733,1.19,1.19
2014.04.07 07:21:59.178,0.76709,0.76734,2.44,1.19
2014.04.07 07:22:00.278,0.7671,0.76734,1.19,1.69
2014.04.07 07:22:01.380,0.7671,0.76734,2.44,1.69
2014.04.07 07:22:04.197,0.7671,0.76734,3.19,1.69
2014.04.07 07:22:05.296,0.7671,0.76734,2.44,1.69
2014.04.07 07:22:06.606,0.7671,0.76734,3.19,1.69
2014.04.07 07:22:11.689,0.76716,0.76734,1.00,1.19
2014.04.07 07:22:11.866,0.76716,0.76735,1.00,1.19
2014.04.07 07:22:13.025,0.76716,0.76735,1.19,1.25
2014.04.07 07:22:17.891,0.76711,0.76735,3.94,1.19
2014.04.07 07:22:19.495,0.76711,0.76734,2.44,1.69
2014.04.07 07:22:21.707,0.76711,0.76734,1.69,1.69
2014.04.07 07:22:24.822,0.7671,0.76734,3.79,1.69
2014.04.07 07:22:27.368,0.76711,0.76734,3.19,1.19
2014.04.07 07:22:29.509,0.76711,0.76729,3.19,1.00
2014.04.07 07:22:30.317,0.76711,0.76729,2.44,1.00
2014.04.07 07:22:30.519,0.76709,0.76729,1.69,1.50
2014.04.07 07:22:30.620,0.76709,0.76729,1.69,1.25
2014.04.07 07:22:32.364,0.76709,0.76728,1.69,1.00
2014.04.07 07:22:33.028,0.76709,0.7673,1.69,1.19
2014.04.07 07:22:33.866,0.76709,0.76728,1.69,1.00
2014.04.07 07:22:38.927,0.76708,0.76728,1.69,1.19
2014.04.07 07:22:40.784,0.76708,0.76728,1.69,1.25
2014.04.07 07:22:43.465,0.76709,0.76728,1.50,1.25
2014.04.07 07:22:44.503,0.76709,0.76728,1.69,1.25
2014.04.07 07:22:47.318,0.76709,0.76728,1.69,1.19
2014.04.07 07:22:48.652,0.76709,0.76728,1.69,1.00
2014.04.07 07:22:51.976,0.76709,0.76728,1.69,1.19
2014.04.07 07:22:53.177,0.76709,0.76728,1.69,1.00
2014.04.07 07:22:53.906,0.76709,0.76731,1.69,1.19
2014.04.07 07:22:55.295,0.76707,0.76729,1.19,1.19
2014.04.07 07:22:55.396,0.76705,0.76727,1.69,1.19
2014.04.07 07:22:55.497,0.76702,0.76726,1.19,1.19
2014.04.07 07:22:56.098,0.76701,0.76726,2.29,1.69
2014.04.07 07:22:56.955,0.76701,0.76724,1.69,1.69
2014.04.07 07:22:58.274,0.76701,0.76723,1.00,1.69
2014.04.07 07:22:58.588,0.76701,0.76723,1.19,1.19
2014.04.07 07:22:59.350,0.76701,0.76723,1.19,1.25
2014.04.07 07:23:00.149,0.76702,0.76727,1.69,1.69
2014.04.07 07:23:01.858,0.76702,0.76727,3.19,1.69
2014.04.07 07:23:03.167,0.76702,0.76723,2.44,1.00
2014.04.07 07:23:03.318,0.76701,0.76723,1.19,1.25
2014.04.07 07:23:03.419,0.76698,0.76723,1.69,1.19
2014.04.07 07:23:03.925,0.76697,0.76721,1.19,1.19
2014.04.07 07:23:04.582,0.76697,0.76721,1.19,1.19
2014.04.07 07:23:05.591,0.76697,0.76721,1.19,1.19
2014.04.07 07:23:09.940,0.76698,0.76721,1.69,1.19
2014.04.07 07:23:14.466,0.76699,0.76721,1.50,1.19
2014.04.07 07:23:15.976,0.76697,0.76718,2.44,1.25
2014.04.07 07:23:16.982,0.76697,0.76718,2.44,1.19
2014.04.07 07:23:18.088,0.76697,0.7672,2.44,1.19
2014.04.07 07:23:19.794,0.76697,0.7672,1.69,1.19
2014.04.07 07:23:20.674,0.767,0.7672,1.50,1.69
2014.04.07 07:23:21.014,0.76701,0.76721,1.69,1.19
2014.04.07 07:23:23.006,0.767,0.76721,2.29,1.19
2014.04.07 07:23:23.989,0.767,0.76723,2.29,1.19
2014.04.07 07:23:24.636,0.76702,0.76725,1.69,1.19
2014.04.07 07:23:25.141,0.76702,0.76727,3.19,1.57
2014.04.07 07:23:25.657,0.76703,0.76728,1.19,1.69
2014.04.07 07:23:26.287,0.76705,0.76728,1.19,1.19
2014.04.07 07:23:26.821,0.76712,0.76732,1.00,1.19
2014.04.07 07:23:27.335,0.7671,0.76732,1.19,1.19
2014.04.07 07:23:28.004,0.76708,0.76731,1.69,2.44
2014.04.07 07:23:28.952,0.76706,0.7673,1.19,1.19
2014.04.07 07:23:29.012,0.76707,0.7673,1.19,1.19
2014.04.07 07:23:31.128,0.76709,0.76732,1.19,1.19
2014.04.07 07:23:32.210,0.76712,0.76736,1.19,1.69
2014.04.07 07:23:32.731,0.76712,0.76736,1.19,1.69
2014.04.07 07:23:33.044,0.76711,0.76736,1.69,2.44
2014.04.07 07:23:34.208,0.76712,0.76734,1.19,1.19
2014.04.07 07:23:34.611,0.7671,0.76734,1.19,1.19
2014.04.07 07:23:37.666,0.7671,0.76733,1.00,1.19
2014.04.07 07:23:38.501,0.7671,0.76733,1.19,1.19
2014.04.07 07:23:39.214,0.7671,0.76733,1.19,1.19
2014.04.07 07:23:39.880,0.7671,0.76733,1.19,1.19
2014.04.07 07:23:41.995,0.76709,0.76733,1.19,2.44
2014.04.07 07:23:43.246,0.76709,0.76733,1.19,2.44
2014.04.07 07:23:43.906,0.76709,0.76733,1.19,2.44
2014.04.07 07:23:44.412,0.76709,0.76733,1.19,3.19
2014.04.07 07:23:45.553,0.7671,0.76733,1.19,1.69
2014.04.07 07:23:46.836,0.76709,0.76729,1.19,1.00
2014.04.07 07:23:47.069,0.76706,0.76729,1.69,1.00
2014.04.07 07:23:48.094,0.76706,0.76729,1.69,1.25
2014.04.07 07:23:50.094,0.76705,0.76729,1.69,3.19
2014.04.07 07:23:50.739,0.76705,0.76728,1.19,1.19
2014.04.07 07:23:51.033,0.767,0.76724,1.84,1.25
2014.04.07 07:23:52.976,0.767,0.76724,1.19,1.19
2014.04.07 07:23:53.499,0.76702,0.76726,1.19,1.19
2014.04.07 07:23:55.180,0.76701,0.76726,1.19,1.19
2014.04.07 07:23:57.394,0.76701,0.76726,1.19,1.69
2014.04.07 07:23:58.400,0.76702,0.76726,1.19,1.19
2014.04.07 07:23:59.434,0.76701,0.76726,1.69,1.19
2014.04.07 07:23:59.736,0.767,0.76724,1.19,2.44
2014.04.07 07:24:00.276,0.76698,0.76722,1.69,1.19
2014.04.07 07:24:01.374,0.76698,0.76722,1.69,1.19
2014.04.07 07:24:04.984,0.76701,0.76724,1.69,1.19
2014.04.07 07:24:05.778,0.76698,0.76722,1.19,1.19
2014.04.07 07:24:06.785,0.76698,0.76722,1.19,1.19
2014.04.07 07:24:08.016,0.767,0.76724,1.25,2.44
2014.04.07 07:24:08.725,0.76699,0.76723,1.25,1.69
2014.04.07 07:24:09.736,0.76699,0.76723,1.19,1.69
2014.04.07 07:24:13.359,0.76699,0.76723,1.19,2.44
2014.04.07 07:24:15.773,0.76699,0.76721,1.19,1.19
2014.04.07 07:24:20.931,0.76698,0.76721,1.19,1.19
2014.04.07 07:24:22.040,0.76696,0.7672,3.19,1.69
2014.04.07 07:24:22.975,0.76697,0.76719,1.19,1.19
2014.04.07 07:24:24.981,0.76697,0.7672,1.19,1.69
2014.04.07 07:24:33.039,0.76696,0.7672,2.44,1.19
2014.04.07 07:24:35.080,0.76698,0.76721,1.19,1.19
2014.04.07 07:24:36.091,0.76698,0.76721,1.19,1.69
2014.04.07 07:24:37.095,0.76698,0.76721,1.19,1.19
2014.04.07 07:24:37.845,0.76698,0.76718,1.19,1.00
2014.04.07 07:24:38.224,0.76696,0.76718,1.69,1.19
2014.04.07 07:24:38.375,0.76692,0.76714,1.19,1.00
2014.04.07 07:24:39.114,0.7669,0.76714,3.19,1.69
2014.04.07 07:24:40.017,0.7669,0.76714,2.44,1.69
2014.04.07 07:24:42.027,0.7669,0.76714,2.44,2.44
2014.04.07 07:24:44.110,0.7669,0.76714,3.19,1.69
2014.04.07 07:24:44.557,0.76696,0.76715,1.00,1.69
2014.04.07 07:24:45.589,0.76696,0.76717,1.00,1.19
2014.04.07 07:24:46.622,0.76696,0.76718,1.00,1.69
2014.04.07 07:24:49.861,0.76696,0.76716,1.00,1.19
2014.04.07 07:24:52.235,0.76694,0.76717,1.69,2.44
2014.04.07 07:24:52.537,0.76697,0.76715,1.00,1.19
2014.04.07 07:24:55.408,0.76697,0.76715,1.00,1.19
2014.04.07 07:24:56.767,0.76697,0.76717,1.00,1.69
2014.04.07 07:24:57.375,0.76697,0.76715,1.00,1.69
2014.04.07 07:24:58.362,0.76697,0.76715,1.00,2.44
2014.04.07 07:25:00.438,0.76692,0.76715,1.19,2.44
2014.04.07 07:25:00.889,0.76692,0.76714,2.44,1.25
2014.04.07 07:25:02.303,0.76696,0.76717,1.00,1.19
2014.04.07 07:25:03.074,0.76693,0.76718,1.69,1.69
2014.04.07 07:25:03.623,0.76696,0.76715,1.00,1.69
2014.04.07 07:25:04.834,0.76693,0.76715,1.69,1.69
2014.04.07 07:25:05.286,0.76696,0.76716,1.00,1.19
2014.04.07 07:25:05.554,0.76697,0.76718,1.00,1.19
2014.04.07 07:25:11.386,0.76697,0.76718,1.25,1.19
2014.04.07 07:25:12.497,0.76697,0.76718,1.00,1.19
2014.04.07 07:25:13.401,0.76697,0.76718,1.00,1.19
2014.04.07 07:25:14.908,0.76697,0.76718,1.00,1.19
2014.04.07 07:25:16.441,0.76697,0.76718,1.25,1.19
2014.04.07 07:25:17.494,0.76697,0.76719,1.25,1.19
2014.04.07 07:25:17.760,0.76697,0.76721,1.69,1.19
2014.04.07 07:25:22.281,0.76697,0.76721,1.69,1.19
2014.04.07 07:25:23.792,0.76697,0.76721,1.19,1.69
2014.04.07 07:25:25.935,0.76697,0.7672,1.25,1.19
2014.04.07 07:25:28.004,0.76698,0.7672,1.50,1.19
2014.04.07 07:25:29.142,0.76698,0.7672,1.69,1.69
2014.04.07 07:25:30.153,0.76698,0.7672,1.69,1.19
2014.04.07 07:25:36.484,0.76697,0.7672,2.44,1.19
2014.04.07 07:25:39.223,0.76697,0.7672,1.69,1.19
2014.04.07 07:25:40.030,0.76697,0.7672,1.69,1.19
2014.04.07 07:25:41.238,0.76697,0.76721,2.44,1.19
2014.04.07 07:25:43.955,0.76697,0.76721,1.69,1.19
2014.04.07 07:25:47.680,0.76697,0.76721,2.44,1.19
2014.04.07 07:25:49.723,0.76696,0.76721,1.19,1.69
2014.04.07 07:25:50.276,0.76695,0.76718,1.69,1.19
2014.04.07 07:25:51.435,0.76696,0.76719,1.69,1.19
2014.04.07 07:25:53.949,0.76697,0.76719,1.19,1.25
2014.04.07 07:25:54.954,0.76698,0.76723,1.19,1.19
2014.04.07 07:25:56.867,0.76696,0.76721,1.19,1.19
2014.04.07 07:25:58.075,0.76696,0.76721,1.19,1.19
2014.04.07 07:26:00.611,0.76696,0.76721,1.19,1.19
2014.04.07 07:26:01.717,0.76697,0.76721,1.19,1.19
2014.04.07 07:26:03.128,0.76697,0.76721,1.19,1.69
2014.04.07 07:26:03.637,0.76697,0.76721,1.69,1.19
2014.04.07 07:26:04.346,0.76696,0.76719,1.69,1.25
2014.04.07 07:26:05.761,0.76696,0.76719,2.44,1.19
2014.04.07 07:26:12.533,0.76696,0.7672,1.19,1.19
2014.04.07 07:26:13.643,0.76696,0.7672,3.19,1.19
2014.04.07 07:26:15.267,0.76696,0.76718,2.44,1.19
2014.04.07 07:26:17.974,0.76696,0.7672,1.19,1.19
2014.04.07 07:26:19.083,0.76694,0.76718,1.69,1.19
2014.04.07 07:26:19.334,0.76696,0.76719,1.19,1.19
2014.04.07 07:26:20.696,0.76695,0.76718,1.19,1.19
2014.04.07 07:26:21.902,0.76695,0.76718,1.19,1.19
2014.04.07 07:26:23.008,0.76696,0.76719,1.19,1.69
2014.04.07 07:26:24.116,0.76695,0.76719,2.44,1.69
2014.04.07 07:26:25.754,0.76695,0.76719,1.19,2.44
2014.04.07 07:26:27.066,0.76696,0.76719,1.69,1.19
2014.04.07 07:26:27.274,0.76696,0.76719,1.69,1.25
2014.04.07 07:26:28.151,0.76696,0.7672,1.69,1.19
2014.04.07 07:26:31.907,0.76696,0.76718,2.44,1.69
2014.04.07 07:26:33.847,0.76696,0.76717,2.44,1.00
2014.04.07 07:26:34.954,0.76696,0.76717,2.44,1.19
2014.04.07 07:26:37.165,0.76696,0.76717,1.25,1.19
2014.04.07 07:26:40.030,0.76696,0.76718,2.44,1.25
2014.04.07 07:26:42.038,0.76696,0.76718,2.44,1.19
2014.04.07 07:26:43.141,0.76696,0.76718,3.19,1.19
2014.04.07 07:26:45.758,0.76696,0.76719,1.19,1.25
2014.04.07 07:26:47.066,0.76696,0.76719,1.69,1.19
2014.04.07 07:26:48.695,0.76696,0.76718,1.19,1.25
2014.04.07 07:26:49.985,0.76696,0.76719,1.19,1.19
2014.04.07 07:26:50.990,0.76695,0.76719,2.44,1.25
2014.04.07 07:26:52.928,0.76696,0.76719,1.19,1.19
2014.04.07 07:26:53.290,0.76694,0.76716,1.19,1.25
2014.04.07 07:26:54.381,0.76692,0.76716,1.19,2.44
2014.04.07 07:26:55.560,0.76692,0.76716,1.19,1.69
2014.04.07 07:26:56.148,0.76691,0.76712,1.19,1.00
2014.04.07 07:26:56.299,0.76691,0.76712,1.19,1.25
2014.04.07 07:26:56.450,0.76689,0.76709,1.69,1.00
2014.04.07 07:26:56.763,0.76685,0.7671,1.19,2.44
2014.04.07 07:26:57.376,0.76686,0.76707,1.19,1.19
2014.04.07 07:26:57.926,0.76683,0.76707,1.69,1.69
2014.04.07 07:26:59.736,0.76684,0.76707,1.19,1.69
2014.04.07 07:27:00.711,0.76683,0.76705,1.69,1.25
2014.04.07 07:27:02.751,0.76683,0.76707,1.69,1.69
2014.04.07 07:27:03.856,0.76684,0.76707,1.19,1.69
2014.04.07 07:27:05.248,0.76683,0.76707,1.19,1.69
2014.04.07 07:27:06.789,0.76684,0.76706,1.19,1.19
2014.04.07 07:27:07.394,0.76683,0.76706,1.19,1.19
2014.04.07 07:27:08.504,0.76683,0.76706,1.69,1.19
2014.04.07 07:27:10.387,0.76682,0.76703,1.19,1.00
2014.04.07 07:27:10.438,0.7668,0.76703,1.69,1.25
2014.04.07 07:27:10.632,0.76679,0.76703,2.44,1.19
2014.04.07 07:27:11.025,0.76678,0.76701,1.69,1.69
2014.04.07 07:27:11.239,0.76681,0.76703,1.19,1.19
2014.04.07 07:27:11.912,0.76679,0.76703,2.44,1.19
2014.04.07 07:27:12.437,0.76681,0.76703,1.19,1.19
2014.04.07 07:27:14.648,0.7668,0.76703,1.69,1.25
2014.04.07 07:27:15.817,0.76679,0.76702,1.69,1.00
2014.04.07 07:27:16.126,0.76678,0.76702,1.69,1.69
2014.04.07 07:27:18.596,0.76678,0.76698,2.44,1.00
2014.04.07 07:27:19.432,0.76678,0.76701,2.44,1.69
2014.04.07 07:27:23.044,0.76678,0.767,1.69,1.19
2014.04.07 07:27:24.256,0.76677,0.767,1.69,1.19
2014.04.07 07:27:25.287,0.76677,0.76699,1.25,1.19
2014.04.07 07:27:26.293,0.76677,0.76698,1.00,1.19
2014.04.07 07:27:27.499,0.76677,0.76698,1.19,1.19
2014.04.07 07:27:28.807,0.76677,0.76698,1.25,1.69
2014.04.07 07:27:35.650,0.76674,0.76698,2.44,1.19
2014.04.07 07:27:36.817,0.76674,0.76696,2.44,1.19
2014.04.07 07:27:37.571,0.76682,0.76696,1.00,1.19
2014.04.07 07:27:37.772,0.76682,0.76698,1.00,1.50
2014.04.07 07:27:37.823,0.7668,0.76698,1.00,1.50
2014.04.07 07:27:37.977,0.76678,0.76699,1.69,1.50
2014.04.07 07:27:38.120,0.76682,0.76699,1.00,1.50
2014.04.07 07:27:38.340,0.76678,0.76698,1.69,1.19
2014.04.07 07:27:38.542,0.76674,0.76695,3.19,1.00
2014.04.07 07:27:38.844,0.76684,0.76695,1.50,1.00
2014.04.07 07:27:38.945,0.76678,0.76695,1.19,1.00
2014.04.07 07:27:39.046,0.76676,0.76695,1.25,1.00
2014.04.07 07:27:39.197,0.76676,0.76697,1.00,1.00
2014.04.07 07:27:39.448,0.76677,0.76697,1.25,1.19
2014.04.07 07:27:39.820,0.76681,0.76697,1.00,1.19
2014.04.07 07:27:39.972,0.76682,0.76699,1.00,1.19
2014.04.07 07:27:40.652,0.76681,0.76699,1.00,1.19
2014.04.07 07:27:41.509,0.76681,0.76699,1.00,1.19
2014.04.07 07:27:46.044,0.76681,0.76702,2.44,1.69
2014.04.07 07:27:46.531,0.76683,0.76702,1.00,1.69
2014.04.07 07:27:47.647,0.76683,0.76701,1.00,1.19
2014.04.07 07:27:48.231,0.76683,0.76701,1.00,1.25
2014.04.07 07:27:50.883,0.76687,0.76701,1.00,1.25
2014.04.07 07:27:51.095,0.76687,0.76706,1.00,1.19
2014.04.07 07:27:51.990,0.76687,0.76707,1.25,1.19
2014.04.07 07:27:52.580,0.76687,0.76707,1.00,1.69
2014.04.07 07:27:58.422,0.76687,0.76707,1.25,1.19
2014.04.07 07:27:59.790,0.76687,0.76707,1.00,1.19
2014.04.07 07:28:00.821,0.76687,0.76708,1.19,1.19
2014.04.07 07:28:02.042,0.76687,0.76708,1.25,1.69
2014.04.07 07:28:04.756,0.76687,0.76706,1.00,1.25
2014.04.07 07:28:04.856,0.76687,0.76703,1.00,1.00
2014.04.07 07:28:05.294,0.76688,0.76707,1.00,1.19
2014.04.07 07:28:06.943,0.76688,0.76708,1.19,1.19
2014.04.07 07:28:08.093,0.76688,0.76708,1.25,1.25
2014.04.07 07:28:08.712,0.76688,0.76708,1.00,1.19
2014.04.07 07:28:09.560,0.76688,0.76708,1.19,1.25
2014.04.07 07:28:10.332,0.7669,0.76709,1.19,1.00
2014.04.07 07:28:11.750,0.76689,0.76708,1.19,1.00
2014.04.07 07:28:11.902,0.76689,0.76708,1.25,1.00
2014.04.07 07:28:14.212,0.76689,0.76708,1.25,1.19
2014.04.07 07:28:15.196,0.76689,0.76708,1.00,1.25
2014.04.07 07:28:19.948,0.76689,0.76708,1.00,1.19
2014.04.07 07:28:23.671,0.76688,0.76708,1.00,2.07
2014.04.07 07:28:23.877,0.76685,0.76705,1.19,1.00
2014.04.07 07:28:24.180,0.76685,0.76705,1.00,1.19
2014.04.07 07:28:24.963,0.76686,0.76706,1.00,1.69
2014.04.07 07:28:25.014,0.76686,0.76706,1.25,1.19
2014.04.07 07:28:25.215,0.76687,0.76707,1.50,1.19
2014.04.07 07:28:26.040,0.76688,0.76707,1.00,1.19
2014.04.07 07:28:26.542,0.76689,0.76707,1.00,1.19
2014.04.07 07:28:27.742,0.76689,0.76708,1.00,1.19
2014.04.07 07:28:32.538,0.76687,0.76708,1.69,1.19
2014.04.07 07:28:32.971,0.76687,0.76708,1.69,1.19
2014.04.07 07:28:34.179,0.76687,0.7671,1.69,2.44
2014.04.07 07:28:36.187,0.76687,0.76709,1.50,1.19
2014.04.07 07:28:38.017,0.76687,0.76709,1.69,1.19
2014.04.07 07:28:39.120,0.76687,0.7671,1.69,2.44
2014.04.07 07:28:40.125,0.76687,0.76708,1.69,1.19
2014.04.07 07:28:40.889,0.76688,0.76708,1.00,1.69
2014.04.07 07:28:44.338,0.76687,0.76707,1.25,2.44
2014.04.07 07:28:45.559,0.76686,0.76705,1.00,1.19
2014.04.07 07:28:46.656,0.76685,0.76702,1.25,1.50
2014.04.07 07:28:47.195,0.76681,0.76701,1.25,1.50
2014.04.07 07:28:48.078,0.76681,0.76701,1.00,1.69
2014.04.07 07:28:48.282,0.76681,0.76699,1.00,2.44
2014.04.07 07:28:49.610,0.7668,0.76699,1.00,2.44
2014.04.07 07:28:50.115,0.7668,0.76699,1.00,3.19
2014.04.07 07:28:51.322,0.7668,0.76699,1.00,3.19
2014.04.07 07:28:51.549,0.7668,0.76699,1.00,1.25
2014.04.07 07:28:52.109,0.7668,0.76702,1.25,1.69
2014.04.07 07:28:53.359,0.7668,0.76699,1.25,1.00
2014.04.07 07:28:54.594,0.7668,0.76699,1.25,1.19
2014.04.07 07:28:57.709,0.76681,0.76701,1.00,1.19
2014.04.07 07:28:58.103,0.76681,0.76703,1.00,1.19
2014.04.07 07:28:58.638,0.76682,0.76702,1.00,1.19
2014.04.07 07:28:58.889,0.7668,0.76702,1.00,3.19
2014.04.07 07:28:59.629,0.7668,0.76698,1.00,1.00
2014.04.07 07:29:00.498,0.76679,0.76698,2.10,1.25
2014.04.07 07:29:03.644,0.76679,0.767,2.29,2.44
2014.04.07 07:29:04.950,0.76679,0.767,2.29,1.69
2014.04.07 07:29:05.856,0.76679,0.767,2.10,1.69
2014.04.07 07:29:06.966,0.76679,0.767,2.29,1.69
2014.04.07 07:29:08.423,0.76679,0.76701,2.29,1.69
2014.04.07 07:29:09.511,0.7668,0.767,1.00,1.19
2014.04.07 07:29:12.028,0.7668,0.767,1.00,1.19
2014.04.07 07:29:12.710,0.76679,0.767,2.29,1.19
2014.04.07 07:29:20.908,0.76679,0.76699,1.50,1.19
2014.04.07 07:29:22.364,0.76679,0.76699,1.00,2.44
2014.04.07 07:29:23.566,0.76679,0.76699,1.19,2.44
2014.04.07 07:29:23.744,0.7668,0.76696,1.25,1.50
2014.04.07 07:29:23.950,0.76678,0.76696,1.00,1.69
2014.04.07 07:29:24.936,0.76678,0.76696,1.00,1.69
2014.04.07 07:29:27.553,0.76678,0.76696,1.19,1.50
2014.04.07 07:29:31.010,0.76676,0.76697,1.69,1.25
2014.04.07 07:29:31.912,0.76678,0.76699,1.25,1.69
2014.04.07 07:29:34.748,0.76678,0.76698,1.00,1.69
2014.04.07 07:29:35.389,0.76676,0.76698,1.19,1.69
2014.04.07 07:29:36.018,0.76676,0.76698,1.25,1.69
2014.04.07 07:29:39.588,0.76676,0.76697,1.19,1.69
2014.04.07 07:29:40.660,0.76676,0.76697,1.00,1.19
2014.04.07 07:29:41.618,0.76676,0.76696,1.00,1.19
2014.04.07 07:29:42.108,0.76676,0.76695,1.00,1.19
2014.04.07 07:29:43.092,0.76682,0.76695,1.00,1.19
2014.04.07 07:29:43.316,0.76677,0.76693,1.00,1.19
2014.04.07 07:29:44.322,0.76677,0.76693,1.00,1.25
2014.04.07 07:29:45.962,0.76672,0.76693,1.00,1.69
2014.04.07 07:29:46.063,0.76672,0.76691,1.00,1.19
2014.04.07 07:29:46.397,0.76669,0.76688,1.00,1.19
2014.04.07 07:29:47.042,0.76669,0.76686,1.00,1.19
2014.04.07 07:29:47.585,0.76669,0.76686,1.00,1.19
2014.04.07 07:29:51.262,0.76669,0.76689,1.00,1.69
2014.04.07 07:29:51.778,0.76673,0.76689,1.00,1.69
2014.04.07 07:29:52.019,0.76673,0.76689,1.00,1.25
2014.04.07 07:29:53.027,0.76673,0.76691,1.00,1.19
2014.04.07 07:29:54.528,0.76669,0.76691,1.19,1.19
2014.04.07 07:29:55.080,0.76669,0.76691,1.25,1.19
2014.04.07 07:30:01.615,0.76668,0.76692,1.19,2.44
2014.04.07 07:30:04.010,0.76668,0.76689,1.69,1.00
2014.04.07 07:30:04.572,0.76668,0.76689,1.69,1.25
2014.04.07 07:30:05.216,0.76668,0.76684,1.19,1.00
2014.04.07 07:30:05.425,0.76666,0.76688,1.19,1.25
2014.04.07 07:30:06.292,0.76668,0.76688,1.19,1.00
2014.04.07 07:30:06.402,0.76668,0.76684,1.19,1.00
2014.04.07 07:30:07.330,0.76665,0.76684,1.19,1.00
2014.04.07 07:30:07.433,0.76665,0.76684,1.00,1.00
2014.04.07 07:30:07.634,0.7666,0.76679,2.29,1.00
2014.04.07 07:30:07.685,0.7666,0.76679,1.19,1.00
2014.04.07 07:30:07.736,0.7666,0.76679,1.00,1.00
2014.04.07 07:30:08.335,0.76657,0.76679,1.19,1.19
2014.04.07 07:30:08.435,0.76657,0.76679,1.19,1.19
2014.04.07 07:30:08.763,0.76656,0.76679,1.19,1.69
2014.04.07 07:30:09.362,0.76653,0.76674,1.19,1.25
2014.04.07 07:30:09.784,0.76655,0.76678,1.19,1.00
2014.04.07 07:30:09.885,0.76657,0.76678,1.19,1.00
2014.04.07 07:30:10.248,0.76659,0.76678,1.69,1.00
2014.04.07 07:30:10.299,0.76661,0.76684,1.19,1.29
2014.04.07 07:30:10.631,0.76667,0.76688,1.00,2.52
2014.04.07 07:30:10.798,0.76667,0.76688,1.00,1.69
2014.04.07 07:30:10.848,0.76669,0.76688,1.00,1.69
2014.04.07 07:30:11.169,0.76668,0.76688,1.00,1.19
2014.04.07 07:30:11.246,0.76668,0.76689,1.00,1.00
2014.04.07 07:30:11.872,0.76669,0.7669,1.00,1.19
2014.04.07 07:30:12.389,0.76668,0.76688,1.00,1.00
2014.04.07 07:30:12.541,0.76665,0.76688,1.00,1.00
2014.04.07 07:30:12.945,0.76666,0.76686,1.00,1.00
2014.04.07 07:30:14.490,0.76666,0.76687,1.00,1.25
2014.04.07 07:30:15.148,0.76667,0.7669,1.00,1.69
2014.04.07 07:30:15.307,0.76667,0.7669,1.00,1.19
2014.04.07 07:30:16.583,0.76666,0.76689,1.50,1.25
2014.04.07 07:30:16.936,0.76665,0.76688,1.00,1.19
2014.04.07 07:30:17.830,0.76664,0.76688,1.00,1.19
2014.04.07 07:30:18.836,0.76664,0.76688,1.00,1.19
2014.04.07 07:30:19.351,0.76665,0.76688,1.00,1.19
2014.04.07 07:30:20.768,0.76665,0.76687,1.00,1.69
2014.04.07 07:30:21.250,0.76663,0.76682,1.19,1.00
2014.04.07 07:30:21.573,0.76661,0.76682,1.25,3.19
2014.04.07 07:30:22.086,0.76661,0.76682,1.19,2.44
2014.04.07 07:30:22.918,0.76659,0.76681,1.25,1.19
2014.04.07 07:30:23.721,0.76661,0.76682,1.00,1.19
2014.04.07 07:30:23.825,0.76661,0.76684,1.25,3.19
2014.04.07 07:30:24.428,0.76661,0.76681,1.00,1.19
2014.04.07 07:30:24.872,0.76661,0.76684,3.19,1.19
2014.04.07 07:30:24.973,0.76665,0.76684,1.00,1.19
2014.04.07 07:30:25.024,0.76665,0.76687,1.00,1.69
2014.04.07 07:30:25.489,0.76665,0.76687,1.19,1.19
2014.04.07 07:30:27.280,0.76663,0.76684,1.69,1.00
2014.04.07 07:30:27.541,0.76661,0.76684,1.69,1.69
2014.04.07 07:30:27.901,0.76661,0.76684,1.69,2.44
2014.04.07 07:30:29.008,0.76661,0.76683,1.19,1.69
2014.04.07 07:30:30.016,0.76661,0.76683,1.25,1.69
2014.04.07 07:30:30.603,0.76657,0.7668,1.69,1.19
2014.04.07 07:30:30.653,0.76657,0.7668,1.69,1.69
2014.04.07 07:30:31.062,0.7666,0.76682,1.00,1.69
2014.04.07 07:30:31.900,0.76658,0.76682,1.19,1.69
2014.04.07 07:30:32.443,0.76658,0.7668,1.19,1.25
2014.04.07 07:30:32.592,0.76658,0.76678,1.19,1.00
2014.04.07 07:30:33.189,0.76658,0.76678,1.19,1.19
2014.04.07 07:30:33.919,0.76655,0.76677,1.19,1.19
2014.04.07 07:30:34.393,0.76653,0.76676,1.19,1.19
2014.04.07 07:30:36.349,0.76653,0.76675,1.19,1.19
2014.04.07 07:30:37.176,0.76652,0.76673,1.19,1.50
2014.04.07 07:30:37.227,0.76652,0.76673,1.25,1.69
2014.04.07 07:30:37.829,0.76649,0.76673,3.94,1.69
2014.04.07 07:30:38.795,0.76651,0.76673,1.19,2.44
2014.04.07 07:30:39.181,0.76652,0.76675,1.19,1.19
2014.04.07 07:30:40.219,0.76652,0.76674,1.19,1.19
2014.04.07 07:30:41.082,0.76652,0.76675,1.19,1.69
2014.04.07 07:30:45.111,0.76649,0.76674,3.19,1.19
2014.04.07 07:30:46.116,0.76651,0.76675,2.44,2.44
2014.04.07 07:30:46.873,0.76653,0.76677,1.19,1.47
2014.04.07 07:30:47.409,0.76655,0.76679,1.69,3.72
2014.04.07 07:30:49.734,0.76653,0.76677,1.69,1.19
2014.04.07 07:30:50.555,0.76653,0.76674,1.19,1.25
2014.04.07 07:30:51.103,0.76651,0.76674,3.04,1.19
2014.04.07 07:30:52.398,0.76651,0.76674,2.29,1.19
2014.04.07 07:30:54.765,0.76651,0.76674,2.29,1.19
2014.04.07 07:30:57.783,0.76652,0.76674,1.05,1.19
2014.04.07 07:31:00.040,0.76651,0.76674,2.29,1.19
2014.04.07 07:31:02.217,0.76652,0.76674,1.05,1.19
2014.04.07 07:31:02.419,0.76651,0.76674,3.04,1.19
2014.04.07 07:31:05.161,0.76653,0.76677,1.69,1.19
2014.04.07 07:31:05.364,0.76653,0.76677,1.19,1.69
2014.04.07 07:31:05.980,0.76651,0.76673,3.04,1.00
2014.04.07 07:31:06.082,0.7665,0.76673,1.79,1.19
2014.04.07 07:31:07.079,0.76652,0.76675,3.04,1.19
2014.04.07 07:31:08.086,0.76652,0.76675,3.04,1.19
2014.04.07 07:31:08.815,0.76654,0.76678,1.69,2.44
2014.04.07 07:31:09.039,0.76656,0.76679,1.19,1.19
2014.04.07 07:31:10.039,0.76655,0.76678,1.69,1.19
2014.04.07 07:31:10.942,0.76654,0.76675,1.69,1.19
2014.04.07 07:31:12.045,0.76652,0.76674,4.54,1.19
2014.04.07 07:31:13.051,0.76654,0.76675,1.69,1.19
2014.04.07 07:31:15.066,0.76654,0.76675,1.50,1.19
2014.04.07 07:31:15.912,0.76655,0.76675,1.00,1.19
2014.04.07 07:31:17.124,0.76654,0.76675,2.25,1.19
2014.04.07 07:31:17.832,0.76652,0.76673,1.19,1.19
2014.04.07 07:31:18.699,0.76652,0.76672,1.25,1.19
2014.04.07 07:31:20.834,0.76652,0.76672,1.00,1.19
2014.04.07 07:31:21.941,0.76652,0.76672,1.00,1.19
2014.04.07 07:31:22.415,0.7665,0.76672,1.69,1.19
2014.04.07 07:31:22.591,0.76649,0.7667,1.19,1.19
2014.04.07 07:31:23.153,0.76648,0.76669,1.00,1.19
2014.04.07 07:31:23.728,0.76647,0.76669,1.25,2.44
2014.04.07 07:31:23.778,0.76647,0.76668,1.00,1.19
2014.04.07 07:31:23.980,0.76643,0.76664,1.50,1.19
2014.04.07 07:31:24.081,0.76641,0.76664,1.50,1.19
2014.04.07 07:31:24.282,0.76637,0.76661,3.00,1.25
2014.04.07 07:31:24.384,0.76637,0.76659,3.19,1.19
2014.04.07 07:31:24.916,0.76639,0.76659,1.50,1.19
2014.04.07 07:31:25.531,0.76639,0.76659,1.50,1.19
2014.04.07 07:31:25.921,0.76639,0.7666,1.69,1.19
2014.04.07 07:31:25.972,0.76643,0.7666,1.50,1.19
2014.04.07 07:31:26.224,0.76645,0.76663,1.50,1.19
2014.04.07 07:31:26.274,0.76647,0.76663,1.50,1.19
2014.04.07 07:31:26.831,0.76647,0.76667,1.50,1.19
2014.04.07 07:31:27.418,0.76647,0.76668,1.69,1.19
2014.04.07 07:31:28.339,0.76646,0.76668,1.19,1.19
2014.04.07 07:31:30.258,0.76644,0.7667,1.69,1.39
2014.04.07 07:31:32.412,0.76647,0.7667,1.19,1.39
2014.04.07 07:31:33.317,0.76645,0.7667,1.69,1.69
2014.04.07 07:31:33.969,0.76645,0.76668,1.69,1.50
2014.04.07 07:31:34.070,0.76643,0.76668,1.69,1.69
2014.04.07 07:31:34.321,0.76647,0.76665,1.25,1.50
2014.04.07 07:31:34.573,0.76641,0.76663,1.19,1.50
2014.04.07 07:31:35.158,0.76642,0.76663,1.19,1.69
2014.04.07 07:31:36.354,0.76642,0.76664,1.19,1.25
2014.04.07 07:31:37.361,0.76647,0.76668,1.00,1.27
2014.04.07 07:31:37.412,0.76647,0.76669,1.50,1.19
2014.04.07 07:31:38.111,0.76647,0.7667,1.69,1.47
2014.04.07 07:31:39.566,0.76647,0.7667,1.69,1.79
2014.04.07 07:31:40.834,0.76647,0.76671,1.69,1.72
2014.04.07 07:31:41.839,0.76647,0.76671,1.69,2.22
2014.04.07 07:31:42.994,0.76647,0.76668,1.69,2.44
2014.04.07 07:31:43.320,0.76646,0.76665,2.44,1.50
2014.04.07 07:31:43.371,0.76646,0.76667,1.69,1.50
2014.04.07 07:31:44.058,0.76644,0.7667,1.69,2.82
2014.04.07 07:31:44.108,0.76643,0.76669,1.19,1.69
2014.04.07 07:31:45.073,0.76644,0.76669,2.44,1.69
2014.04.07 07:31:46.900,0.76646,0.76669,1.19,1.19
2014.04.07 07:31:48.918,0.76646,0.76669,1.19,1.19
2014.04.07 07:31:50.032,0.76648,0.76672,1.19,1.19
2014.04.07 07:31:50.537,0.7665,0.76676,2.44,1.24
2014.04.07 07:31:50.836,0.76652,0.76676,1.19,1.19
2014.04.07 07:31:52.268,0.76654,0.76676,1.19,1.19
2014.04.07 07:31:53.453,0.76652,0.76676,1.19,1.25
2014.04.07 07:31:54.833,0.76655,0.76678,1.19,3.94
2014.04.07 07:31:55.286,0.76661,0.76678,1.00,1.50
2014.04.07 07:31:55.387,0.76658,0.76678,1.25,1.50
2014.04.07 07:31:55.589,0.76656,0.76678,1.00,1.50
2014.04.07 07:31:56.511,0.76654,0.76678,1.69,1.69
2014.04.07 07:32:00.077,0.76656,0.76679,1.19,1.19
2014.04.07 07:32:02.090,0.76656,0.76679,1.19,1.19
2014.04.07 07:32:02.168,0.76656,0.76676,1.19,1.50
2014.04.07 07:32:02.319,0.76656,0.7668,1.19,3.19
2014.04.07 07:32:03.096,0.76656,0.76679,1.19,1.19
2014.04.07 07:32:06.424,0.76654,0.76677,1.19,1.69
2014.04.07 07:32:07.434,0.76654,0.76679,1.19,1.19
2014.04.07 07:32:08.571,0.76654,0.76679,1.19,1.19
2014.04.07 07:32:09.879,0.76655,0.76681,1.19,2.44
2014.04.07 07:32:10.885,0.76655,0.76678,1.69,1.19
2014.04.07 07:32:14.007,0.76656,0.76679,1.69,1.19
2014.04.07 07:32:14.609,0.76657,0.7668,1.50,1.19
2014.04.07 07:32:15.217,0.76657,0.76681,1.69,2.44
2014.04.07 07:32:16.728,0.76657,0.76679,1.50,1.19
2014.04.07 07:32:18.501,0.76659,0.76679,2.25,1.19
2014.04.07 07:32:18.602,0.76659,0.76682,2.44,1.69
2014.04.07 07:32:20.078,0.76659,0.76682,1.69,1.19
2014.04.07 07:32:20.751,0.7666,0.76682,1.50,1.19
2014.04.07 07:32:21.897,0.7666,0.76683,1.69,1.19
2014.04.07 07:32:22.904,0.7666,0.76683,1.69,1.19
2014.04.07 07:32:23.918,0.7666,0.76683,1.69,1.19
2014.04.07 07:32:24.501,0.7666,0.76685,3.19,1.19
2014.04.07 07:32:25.036,0.76663,0.76686,1.69,1.19
2014.04.07 07:32:25.916,0.76662,0.76686,2.44,1.19
2014.04.07 07:32:28.571,0.76663,0.76684,1.69,1.19
2014.04.07 07:32:29.148,0.76668,0.76687,1.50,1.25
2014.04.07 07:32:29.199,0.7667,0.76691,1.00,1.19
2014.04.07 07:32:29.249,0.7667,0.76693,1.00,1.00
2014.04.07 07:32:29.645,0.76669,0.76693,1.19,1.19
2014.04.07 07:32:30.047,0.76669,0.76693,1.19,1.19
2014.04.07 07:32:30.953,0.76669,0.76695,1.19,1.69
2014.04.07 07:32:32.866,0.76669,0.76695,1.19,1.69
2014.04.07 07:32:34.640,0.76672,0.76694,1.00,1.19
2014.04.07 07:32:35.146,0.76669,0.76694,1.69,1.19
2014.04.07 07:32:35.297,0.76669,0.76694,1.00,1.19
2014.04.07 07:32:36.067,0.76665,0.76691,1.69,1.25
2014.04.07 07:32:36.117,0.76665,0.7669,2.44,1.19
2014.04.07 07:32:36.438,0.76665,0.76689,1.19,1.69
2014.04.07 07:32:36.621,0.76662,0.76688,1.19,1.69
2014.04.07 07:32:39.670,0.76668,0.76686,1.50,1.19
2014.04.07 07:32:39.821,0.76663,0.76687,3.19,1.19
2014.04.07 07:32:39.872,0.76664,0.76687,1.19,1.19
2014.04.07 07:32:40.954,0.76663,0.76687,3.94,1.19
2014.04.07 07:32:43.579,0.76665,0.76689,3.19,1.19
2014.04.07 07:32:43.896,0.76667,0.7669,1.69,1.19
2014.04.07 07:32:45.615,0.76667,0.76689,1.69,1.19
2014.04.07 07:32:47.479,0.76667,0.76686,1.69,1.00
2014.04.07 07:32:47.680,0.76663,0.76686,1.69,1.25
2014.04.07 07:32:48.439,0.76663,0.76686,1.69,1.19
2014.04.07 07:32:49.551,0.76663,0.76686,1.69,1.19
2014.04.07 07:32:52.635,0.76662,0.76686,1.69,1.69
2014.04.07 07:32:54.517,0.76664,0.76686,1.69,1.19
2014.04.07 07:32:55.323,0.76666,0.7669,1.69,1.19
2014.04.07 07:32:56.432,0.76666,0.76689,1.19,1.69
2014.04.07 07:32:57.436,0.76666,0.76689,1.19,1.19
2014.04.07 07:32:58.459,0.76665,0.76689,1.19,1.69
2014.04.07 07:32:58.803,0.76665,0.76688,1.19,1.19
2014.04.07 07:33:01.498,0.76665,0.76689,2.44,1.69
2014.04.07 07:33:02.151,0.76665,0.76689,1.19,1.19
2014.04.07 07:33:02.795,0.76665,0.76689,1.19,1.69
2014.04.07 07:33:04.003,0.76665,0.76689,1.69,1.19
2014.04.07 07:33:04.588,0.76668,0.76691,1.69,1.19
2014.04.07 07:33:05.149,0.76668,0.76691,1.69,1.19
2014.04.07 07:33:06.454,0.76668,0.76691,1.69,1.19
2014.04.07 07:33:07.461,0.76668,0.7669,1.69,1.25
2014.04.07 07:33:08.470,0.76668,0.7669,1.69,1.19
2014.04.07 07:33:08.676,0.76669,0.76693,1.69,1.19
2014.04.07 07:33:09.677,0.76669,0.76693,1.69,1.19
2014.04.07 07:33:11.715,0.76669,0.76693,2.44,1.19
2014.04.07 07:33:12.696,0.7667,0.76693,1.19,1.19
2014.04.07 07:33:19.752,0.76672,0.76693,1.19,1.25
2014.04.07 07:33:20.355,0.76672,0.76693,1.25,1.19
2014.04.07 07:33:21.364,0.76672,0.76693,1.19,1.19
2014.04.07 07:33:22.773,0.76672,0.76693,1.19,1.25
2014.04.07 07:33:23.782,0.7667,0.76693,1.19,1.19
2014.04.07 07:33:24.095,0.76671,0.76694,1.19,1.25
2014.04.07 07:33:24.719,0.76672,0.76695,2.44,1.19
2014.04.07 07:33:25.423,0.76672,0.76695,2.44,1.19
2014.04.07 07:33:27.341,0.76675,0.76696,1.50,1.19
2014.04.07 07:33:27.466,0.76675,0.76698,1.69,2.44
2014.04.07 07:33:28.095,0.7667,0.76694,1.69,1.19
2014.04.07 07:33:28.565,0.76673,0.76695,1.69,1.19
2014.04.07 07:33:31.073,0.76673,0.76693,1.69,1.00
2014.04.07 07:33:31.173,0.76672,0.76688,1.19,1.00
2014.04.07 07:33:31.325,0.76666,0.76688,1.19,1.00
2014.04.07 07:33:31.603,0.76667,0.76688,1.00,1.00
2014.04.07 07:33:32.012,0.76667,0.76688,1.19,1.19
2014.04.07 07:33:33.119,0.76664,0.76688,1.69,1.19
2014.04.07 07:33:33.828,0.76667,0.76688,1.00,1.19
2014.04.07 07:33:36.285,0.76669,0.76689,1.50,1.19
2014.04.07 07:33:36.496,0.7667,0.76692,1.50,1.19
2014.04.07 07:33:36.900,0.7667,0.76692,1.69,1.25
2014.04.07 07:33:37.652,0.76671,0.76692,1.69,1.00
2014.04.07 07:33:38.265,0.76671,0.76692,2.44,1.00
2014.04.07 07:33:39.235,0.76671,0.76692,1.69,1.25
2014.04.07 07:33:39.400,0.76671,0.76692,2.44,1.00
2014.04.07 07:33:40.645,0.76671,0.76692,1.69,1.00
2014.04.07 07:33:41.710,0.76673,0.76694,1.69,1.25
2014.04.07 07:33:42.319,0.76673,0.76694,1.69,1.00
2014.04.07 07:33:43.429,0.76673,0.76694,2.44,1.25
2014.04.07 07:33:44.637,0.76673,0.76696,1.69,1.19
2014.04.07 07:33:46.349,0.76673,0.76695,1.69,1.19
2014.04.07 07:33:47.002,0.76672,0.76695,1.69,1.69
2014.04.07 07:33:47.961,0.76672,0.76695,1.69,1.19
2014.04.07 07:33:50.003,0.76672,0.76695,1.69,1.69
2014.04.07 07:33:51.109,0.76672,0.76695,1.69,1.19
2014.04.07 07:33:53.019,0.76671,0.76692,1.69,1.19
2014.04.07 07:33:54.933,0.76671,0.76692,2.44,1.25
2014.04.07 07:33:55.645,0.76671,0.76692,1.69,1.19
2014.04.07 07:33:56.416,0.76669,0.76689,1.69,1.00
2014.04.07 07:33:56.486,0.76669,0.76692,1.69,1.19
2014.04.07 07:33:56.597,0.76669,0.76689,1.69,1.00
2014.04.07 07:33:56.926,0.76669,0.76692,1.69,1.19
2014.04.07 07:33:57.670,0.76669,0.76695,3.19,2.44
2014.04.07 07:33:57.985,0.7667,0.76695,1.19,2.44
2014.04.07 07:34:00.305,0.76672,0.76696,1.19,1.69
2014.04.07 07:34:01.310,0.76673,0.76696,1.19,1.19
2014.04.07 07:34:01.657,0.76673,0.76693,1.19,1.00
2014.04.07 07:34:02.207,0.76673,0.76697,1.19,1.19
2014.04.07 07:34:03.326,0.76673,0.76696,1.19,1.19
2014.04.07 07:34:03.833,0.76673,0.76696,1.69,1.25
2014.04.07 07:34:05.075,0.76673,0.76696,1.19,1.19
2014.04.07 07:34:06.386,0.76672,0.76696,2.44,1.69
2014.04.07 07:34:07.426,0.7667,0.76694,1.39,2.44
2014.04.07 07:34:07.570,0.76669,0.76691,1.64,1.00
2014.04.07 07:34:08.098,0.76669,0.76692,1.19,1.69
2014.04.07 07:34:08.888,0.7667,0.76692,1.19,1.69
2014.04.07 07:34:10.220,0.7667,0.76692,1.19,1.69
2014.04.07 07:34:11.224,0.7667,0.76692,1.69,1.69
2014.04.07 07:34:11.625,0.7667,0.76692,1.69,1.69
2014.04.07 07:34:16.183,0.76669,0.76693,2.44,1.69
2014.04.07 07:34:17.292,0.76669,0.76693,1.69,1.69
2014.04.07 07:34:21.315,0.7667,0.76693,1.19,1.69
2014.04.07 07:34:23.329,0.7667,0.76693,1.69,1.69
2014.04.07 07:34:24.554,0.7667,0.76693,1.69,1.69
2014.04.07 07:34:28.378,0.76669,0.76691,1.69,1.19
2014.04.07 07:34:29.402,0.76669,0.7669,1.69,1.19
2014.04.07 07:34:30.194,0.76669,0.76692,1.69,1.19
2014.04.07 07:34:30.605,0.76669,0.7669,1.69,1.19
2014.04.07 07:34:30.715,0.76668,0.7669,1.69,1.25
2014.04.07 07:34:31.625,0.76669,0.76692,1.19,1.19
2014.04.07 07:34:32.510,0.76668,0.76692,1.69,1.19
2014.04.07 07:34:33.223,0.76668,0.76688,1.69,1.00
2014.04.07 07:34:34.544,0.76669,0.76688,1.19,1.00
2014.04.07 07:34:35.115,0.76667,0.76693,3.79,1.19
2014.04.07 07:34:35.944,0.76669,0.76693,1.69,1.19
2014.04.07 07:34:37.454,0.76667,0.76693,3.79,1.19
2014.04.07 07:34:38.563,0.76667,0.76693,3.79,1.19
2014.04.07 07:34:39.669,0.76669,0.76693,1.19,1.19
2014.04.07 07:34:42.476,0.7667,0.76693,1.19,1.19
2014.04.07 07:34:43.887,0.76671,0.76693,1.19,1.19
2014.04.07 07:34:44.885,0.76671,0.76689,1.19,1.00
2014.04.07 07:34:45.105,0.76671,0.76693,1.19,1.19
2014.04.07 07:34:47.224,0.7667,0.76693,1.19,1.19
2014.04.07 07:34:47.304,0.7667,0.76689,1.19,1.00
2014.04.07 07:34:49.339,0.76669,0.76689,1.69,1.00
2014.04.07 07:34:50.958,0.76669,0.76689,1.69,1.00
2014.04.07 07:34:55.873,0.76669,0.76689,1.69,1.00
2014.04.07 07:34:58.386,0.76668,0.76689,2.44,1.25
2014.04.07 07:35:00.014,0.7667,0.76693,1.19,1.19
2014.04.07 07:35:00.336,0.76669,0.76693,1.19,1.19
2014.04.07 07:35:01.321,0.76668,0.76693,2.44,1.69
2014.04.07 07:35:04.942,0.76668,0.76691,1.19,1.19
2014.04.07 07:35:06.851,0.76668,0.76693,1.19,1.19
2014.04.07 07:35:06.902,0.76668,0.76688,1.19,1.00
2014.04.07 07:35:08.213,0.76668,0.76694,1.19,2.44
2014.04.07 07:35:09.472,0.76669,0.76694,1.69,1.69
2014.04.07 07:35:10.775,0.76669,0.76694,2.44,2.44
2014.04.07 07:35:11.807,0.76669,0.76694,1.69,1.69
2014.04.07 07:35:14.020,0.7667,0.76693,1.19,1.25
2014.04.07 07:35:15.329,0.7667,0.76693,1.19,1.19
2014.04.07 07:35:16.434,0.76669,0.76693,2.44,1.19
2014.04.07 07:35:17.541,0.7667,0.76694,1.19,1.19
2014.04.07 07:35:21.868,0.76669,0.76694,3.19,1.19
2014.04.07 07:35:22.996,0.76669,0.76694,3.19,1.19
2014.04.07 07:35:24.403,0.7667,0.76694,1.19,1.19
2014.04.07 07:35:26.918,0.76669,0.76694,2.44,1.69
2014.04.07 07:35:28.929,0.7667,0.76694,1.19,1.69
2014.04.07 07:35:30.940,0.76669,0.76694,3.19,1.69
2014.04.07 07:35:31.957,0.76673,0.76694,1.00,2.44
2014.04.07 07:35:32.623,0.76673,0.76688,1.00,1.00
2014.04.07 07:35:40.142,0.76673,0.76689,1.00,1.00
2014.04.07 07:35:41.317,0.7667,0.76689,1.19,1.00
2014.04.07 07:35:44.283,0.76669,0.76693,2.44,1.19
2014.04.07 07:35:45.240,0.7667,0.76693,1.19,1.19
2014.04.07 07:35:46.447,0.76669,0.76693,1.69,1.19
2014.04.07 07:35:48.992,0.76669,0.76693,1.69,1.19
2014.04.07 07:35:50.197,0.76669,0.76693,1.69,1.19
2014.04.07 07:35:51.606,0.76669,0.76693,1.69,1.19
2014.04.07 07:35:52.307,0.76669,0.76693,2.44,1.25
2014.04.07 07:35:53.084,0.76669,0.76689,2.44,1.00
2014.04.07 07:35:54.627,0.76669,0.76689,1.69,1.00
2014.04.07 07:35:56.979,0.76669,0.76689,2.44,1.00
2014.04.07 07:35:58.179,0.76669,0.76689,1.69,1.00
2014.04.07 07:35:59.845,0.76669,0.76691,1.69,1.25
2014.04.07 07:36:04.229,0.76669,0.76691,1.19,1.19
2014.04.07 07:36:09.100,0.76668,0.76692,1.69,1.19
2014.04.07 07:36:10.305,0.76668,0.76692,1.69,1.25
2014.04.07 07:36:11.310,0.76668,0.76692,1.69,1.19
2014.04.07 07:36:12.920,0.76669,0.76692,1.19,1.19
2014.04.07 07:36:16.365,0.76668,0.76692,1.69,1.19
2014.04.07 07:36:20.989,0.76668,0.76692,1.69,1.25
2014.04.07 07:36:22.897,0.76668,0.76692,1.69,1.19
2014.04.07 07:36:23.428,0.76668,0.76688,1.69,1.00
2014.04.07 07:36:24.106,0.76668,0.76688,1.69,1.00
2014.04.07 07:36:25.412,0.76668,0.76688,1.19,1.00
2014.04.07 07:36:26.528,0.76669,0.76688,1.19,1.00
2014.04.07 07:36:28.952,0.76668,0.76688,1.19,1.00
2014.04.07 07:36:30.770,0.76668,0.76688,1.19,1.00
2014.04.07 07:36:32.204,0.76668,0.76689,1.19,1.50
2014.04.07 07:36:38.198,0.76668,0.76689,1.69,1.50
2014.04.07 07:36:39.401,0.76668,0.76689,1.19,1.50
2014.04.07 07:36:43.437,0.76668,0.76691,1.19,1.25
2014.04.07 07:36:47.975,0.76669,0.76691,1.19,1.19
2014.04.07 07:36:48.204,0.76671,0.76691,2.44,1.00
2014.04.07 07:36:49.060,0.76671,0.76692,2.44,1.25
2014.04.07 07:36:49.593,0.76671,0.76692,3.19,1.00
2014.04.07 07:36:49.694,0.7667,0.76691,1.19,1.25
2014.04.07 07:36:50.564,0.7667,0.7669,1.19,1.00
2014.04.07 07:36:50.987,0.76668,0.7669,1.69,1.00
2014.04.07 07:36:52.198,0.76668,0.7669,1.69,1.25
2014.04.07 07:36:54.202,0.76668,0.7669,1.69,1.00
2014.04.07 07:36:54.383,0.76668,0.76687,1.69,1.00
2014.04.07 07:36:54.645,0.76667,0.76686,1.00,1.00
2014.04.07 07:36:55.188,0.76665,0.76688,1.19,1.00
2014.04.07 07:36:55.510,0.76663,0.76688,1.69,1.69
2014.04.07 07:36:57.124,0.76663,0.76685,1.69,1.19
2014.04.07 07:36:57.426,0.76662,0.76679,1.19,1.00
2014.04.07 07:36:57.476,0.76659,0.76679,1.19,1.00
2014.04.07 07:36:57.917,0.76658,0.76679,1.19,1.00
2014.04.07 07:37:02.139,0.76658,0.76679,1.69,1.00
2014.04.07 07:37:08.068,0.7666,0.76679,1.69,1.25
2014.04.07 07:37:10.914,0.7666,0.76679,1.69,1.00
2014.04.07 07:37:12.020,0.7666,0.76679,1.69,1.25
2014.04.07 07:37:15.840,0.7666,0.76679,1.69,1.00
2014.04.07 07:37:17.151,0.7666,0.76679,1.69,1.25
2014.04.07 07:37:18.482,0.7666,0.76679,1.69,1.19
2014.04.07 07:37:19.568,0.76661,0.76679,1.50,1.19
2014.04.07 07:37:22.935,0.76661,0.76679,1.69,1.00
2014.04.07 07:37:25.254,0.7666,0.76679,1.50,1.25
2014.04.07 07:37:28.182,0.7666,0.76679,1.50,1.19
2014.04.07 07:37:29.813,0.76662,0.7668,1.50,1.19
2014.04.07 07:37:30.002,0.7666,0.76681,2.25,1.19
2014.04.07 07:37:30.213,0.7666,0.76681,2.44,1.19
2014.04.07 07:37:30.382,0.7666,0.76681,2.44,1.19
2014.04.07 07:37:31.389,0.7666,0.76681,2.44,1.25
2014.04.07 07:37:34.733,0.7666,0.76679,1.19,1.00
2014.04.07 07:37:34.985,0.76647,0.76669,2.44,1.50
2014.04.07 07:37:35.086,0.76647,0.76669,1.69,1.50
2014.04.07 07:37:35.187,0.76649,0.76672,1.00,1.00
2014.04.07 07:37:35.288,0.76649,0.76672,1.19,1.19
2014.04.07 07:37:35.604,0.76649,0.76671,1.69,1.25
2014.04.07 07:37:36.916,0.76649,0.76672,1.19,1.69
2014.04.07 07:37:38.930,0.76648,0.76668,1.19,1.00
2014.04.07 07:37:39.272,0.76647,0.76668,1.19,1.00
2014.04.07 07:37:40.994,0.76647,0.76671,2.44,1.69
2014.04.07 07:37:43.131,0.76647,0.76671,3.19,1.19
2014.04.07 07:37:44.540,0.76647,0.76671,3.19,1.19
2014.04.07 07:37:45.948,0.76648,0.76671,1.19,1.19
2014.04.07 07:37:46.643,0.76652,0.76671,1.00,1.19
2014.04.07 07:37:47.151,0.7665,0.76673,1.19,1.69
2014.04.07 07:37:47.759,0.7665,0.76673,1.19,1.19
2014.04.07 07:37:49.670,0.7665,0.76673,1.19,1.19
2014.04.07 07:37:50.876,0.7665,0.76673,1.19,1.19
2014.04.07 07:37:52.986,0.7665,0.76673,1.19,1.25
2014.04.07 07:37:54.330,0.76651,0.76675,3.19,1.69
2014.04.07 07:37:55.439,0.76651,0.76675,3.94,1.19
2014.04.07 07:37:56.949,0.76651,0.76675,3.94,1.19
2014.04.07 07:37:58.745,0.76651,0.76673,1.19,1.00
2014.04.07 07:37:59.366,0.76652,0.76675,1.19,1.69
2014.04.07 07:38:00.676,0.76652,0.76675,2.44,1.69
2014.04.07 07:38:03.190,0.76652,0.76675,3.19,1.19
2014.04.07 07:38:06.641,0.76653,0.76675,1.54,1.00
2014.04.07 07:38:07.453,0.76652,0.76674,1.19,1.25
2014.04.07 07:38:08.101,0.76652,0.76673,1.19,1.00
2014.04.07 07:38:08.152,0.76651,0.76673,1.19,1.50
2014.04.07 07:38:08.254,0.76651,0.76669,1.19,1.00
2014.04.07 07:38:08.305,0.7665,0.76669,2.10,1.00
2014.04.07 07:38:08.406,0.76653,0.76669,1.00,1.00
2014.04.07 07:38:08.457,0.76653,0.76674,1.00,1.19
2014.04.07 07:38:08.558,0.76651,0.76674,2.10,1.19
2014.04.07 07:38:08.709,0.76651,0.76674,2.44,1.19
2014.04.07 07:38:09.751,0.76651,0.76672,2.44,1.00
2014.04.07 07:38:09.801,0.76651,0.76672,1.69,1.19
2014.04.07 07:38:11.078,0.76651,0.76672,1.69,1.19
2014.04.07 07:38:15.041,0.76651,0.76673,1.00,2.44
2014.04.07 07:38:15.730,0.76651,0.76673,1.19,1.69
2014.04.07 07:38:16.264,0.76646,0.76669,1.19,1.25
2014.04.07 07:38:16.640,0.76645,0.76669,1.69,1.19
2014.04.07 07:38:17.401,0.76645,0.76664,1.69,1.00
2014.04.07 07:38:17.844,0.76645,0.76668,1.69,1.19
2014.04.07 07:38:18.172,0.76646,0.76663,1.19,1.00
2014.04.07 07:38:18.983,0.76644,0.76668,1.54,1.19
2014.04.07 07:38:19.261,0.76643,0.76668,2.44,1.19
2014.04.07 07:38:20.525,0.76647,0.76668,1.00,1.19
2014.04.07 07:38:21.351,0.76646,0.76668,2.44,1.19
2014.04.07 07:38:21.621,0.76646,0.76668,1.25,1.19
2014.04.07 07:38:22.621,0.76646,0.76664,1.25,1.00
2014.04.07 07:38:23.161,0.76644,0.76663,1.19,1.00
2014.04.07 07:38:23.718,0.76644,0.76663,1.00,1.25
2014.04.07 07:38:25.629,0.76644,0.76663,1.00,1.19
2014.04.07 07:38:25.888,0.76642,0.76663,1.00,1.19
2014.04.07 07:38:26.961,0.76642,0.76665,1.00,1.19
2014.04.07 07:38:27.112,0.76644,0.76665,1.50,1.19
2014.04.07 07:38:27.263,0.76644,0.76666,1.69,1.19
2014.04.07 07:38:29.408,0.76645,0.76667,1.00,1.19
2014.04.07 07:38:30.875,0.76643,0.76667,1.69,1.69
2014.04.07 07:38:31.084,0.76643,0.76667,2.44,1.19
2014.04.07 07:38:31.941,0.76643,0.76667,2.44,1.19
2014.04.07 07:38:32.042,0.76643,0.76666,2.44,1.19
2014.04.07 07:38:32.580,0.76643,0.76668,2.44,1.19
2014.04.07 07:38:33.231,0.76643,0.76668,2.44,1.19
2014.04.07 07:38:34.219,0.76643,0.76667,2.44,1.19
2014.04.07 07:38:34.660,0.76642,0.76663,1.19,1.19
2014.04.07 07:38:35.627,0.76642,0.76663,1.25,1.19
2014.04.07 07:38:39.574,0.76642,0.76666,1.19,3.19
2014.04.07 07:38:41.121,0.76641,0.76662,1.19,1.00
2014.04.07 07:38:41.222,0.76641,0.76662,1.00,1.69
2014.04.07 07:38:42.196,0.76641,0.76664,1.00,2.44
2014.04.07 07:38:43.691,0.76639,0.76663,1.19,1.19
2014.04.07 07:38:44.131,0.76639,0.76663,1.19,1.19
2014.04.07 07:38:44.232,0.76639,0.76663,1.25,1.79
2014.04.07 07:38:44.352,0.76642,0.76661,1.00,1.69
2014.04.07 07:38:44.574,0.76639,0.76661,1.25,1.69
2014.04.07 07:38:45.324,0.76639,0.76661,1.00,1.69
2014.04.07 07:38:46.422,0.76639,0.76658,1.00,1.69
2014.04.07 07:38:47.530,0.76639,0.76657,1.00,1.69
2014.04.07 07:38:50.066,0.76639,0.76659,1.00,3.04
2014.04.07 07:38:50.859,0.76637,0.76659,1.25,3.04
2014.04.07 07:38:51.611,0.76642,0.76659,1.00,3.04
2014.04.07 07:38:52.278,0.76642,0.76659,1.00,2.29
2014.04.07 07:38:53.041,0.76637,0.76659,1.19,2.29
2014.04.07 07:38:53.486,0.76637,0.76658,1.19,1.69
2014.04.07 07:38:54.499,0.76637,0.76658,1.19,1.69
2014.04.07 07:38:56.704,0.76637,0.76659,1.25,2.29
2014.04.07 07:38:57.709,0.76637,0.76658,1.19,1.69
2014.04.07 07:38:59.091,0.76641,0.76658,1.00,1.69
2014.04.07 07:38:59.750,0.76637,0.76659,1.19,1.69
2014.04.07 07:39:00.820,0.76637,0.76659,1.69,1.69
2014.04.07 07:39:02.258,0.76637,0.76659,1.69,1.69
2014.04.07 07:39:03.374,0.76637,0.76661,1.69,3.19
2014.04.07 07:39:04.471,0.76638,0.76662,1.19,1.69
2014.04.07 07:39:07.287,0.76638,0.7666,1.19,2.44
2014.04.07 07:39:08.893,0.76637,0.7666,1.19,2.44
2014.04.07 07:39:09.902,0.76637,0.7666,1.69,2.44
2014.04.07 07:39:11.108,0.76637,0.7666,1.69,2.44
2014.04.07 07:39:12.517,0.76637,0.7666,1.69,2.44
2014.04.07 07:39:13.851,0.76637,0.7666,1.69,2.44
2014.04.07 07:39:14.853,0.76637,0.7666,1.69,2.44
2014.04.07 07:39:17.971,0.76637,0.7666,1.69,2.44
2014.04.07 07:39:19.082,0.76637,0.7666,1.69,2.44
2014.04.07 07:39:21.902,0.76637,0.76659,1.19,1.19
2014.04.07 07:39:24.943,0.76637,0.76659,1.19,1.00
2014.04.07 07:39:25.951,0.76637,0.76659,1.19,1.25
2014.04.07 07:39:27.458,0.76637,0.76659,1.19,1.19
2014.04.07 07:39:29.871,0.76637,0.7666,1.19,2.44
2014.04.07 07:39:31.684,0.76637,0.7666,1.69,1.00
2014.04.07 07:39:32.994,0.76637,0.7666,1.19,1.25
2014.04.07 07:39:34.098,0.76637,0.7666,1.69,1.19
2014.04.07 07:39:37.061,0.76639,0.76663,2.44,1.19
2014.04.07 07:39:37.695,0.76642,0.76664,1.00,1.19
2014.04.07 07:39:38.999,0.76642,0.76664,1.19,1.19
2014.04.07 07:39:41.316,0.76642,0.76664,1.19,1.19
2014.04.07 07:39:44.085,0.76642,0.76664,1.19,1.19
2014.04.07 07:39:45.293,0.76642,0.76664,1.19,1.25
2014.04.07 07:39:55.201,0.76642,0.76664,1.19,1.19
2014.04.07 07:39:56.284,0.76643,0.76664,1.19,1.25
2014.04.07 07:40:02.348,0.76643,0.76664,1.25,1.19
2014.04.07 07:40:03.660,0.76643,0.76664,1.19,1.19
2014.04.07 07:40:04.864,0.76643,0.76664,1.19,1.25
2014.04.07 07:40:05.870,0.76643,0.76664,1.25,1.19
2014.04.07 07:40:08.784,0.76643,0.76663,1.00,1.69
2014.04.07 07:40:12.146,0.76643,0.76663,1.19,1.69
2014.04.07 07:40:15.264,0.76643,0.76663,1.25,1.69
2014.04.07 07:40:19.083,0.76643,0.76663,1.19,1.69
2014.04.07 07:40:21.031,0.76643,0.76663,1.00,1.69
2014.04.07 07:40:21.589,0.76644,0.76665,1.00,2.44
2014.04.07 07:40:21.640,0.76646,0.76664,1.00,1.19
2014.04.07 07:40:21.699,0.76646,0.76665,1.00,1.69
2014.04.07 07:40:25.956,0.76646,0.76666,1.25,1.69
2014.04.07 07:40:26.558,0.76645,0.76664,1.19,1.00
2014.04.07 07:40:27.867,0.76645,0.76664,1.00,2.44
2014.04.07 07:40:28.490,0.76644,0.76664,1.25,2.44
2014.04.07 07:40:29.021,0.76644,0.76664,1.25,2.44
2014.04.07 07:40:30.882,0.76644,0.76664,1.19,2.44
2014.04.07 07:40:32.889,0.76642,0.76664,1.19,2.44
2014.04.07 07:40:35.102,0.76642,0.76664,1.25,2.44
2014.04.07 07:40:40.949,0.76642,0.76664,1.19,2.44
2014.04.07 07:40:41.553,0.76642,0.76664,1.69,2.44
2014.04.07 07:40:41.990,0.76646,0.76668,1.19,1.69
2014.04.07 07:40:43.064,0.76646,0.76668,1.19,1.69
2014.04.07 07:40:44.371,0.76646,0.76668,1.19,1.69
2014.04.07 07:40:46.909,0.76645,0.76668,1.25,1.69
2014.04.07 07:40:48.928,0.76645,0.76669,1.19,1.19
2014.04.07 07:40:49.281,0.76648,0.76669,1.19,1.19
2014.04.07 07:40:50.338,0.76648,0.76673,1.19,1.69
2014.04.07 07:40:52.161,0.7665,0.76674,1.19,3.79
2014.04.07 07:40:54.164,0.76651,0.76674,1.19,3.79
2014.04.07 07:40:55.371,0.7665,0.76674,1.69,3.79
2014.04.07 07:40:56.366,0.76653,0.76674,1.19,1.35
2014.04.07 07:40:57.313,0.76656,0.76674,1.19,1.00
2014.04.07 07:40:57.364,0.76656,0.76678,1.19,1.19
2014.04.07 07:40:57.515,0.76659,0.76682,1.00,2.44
2014.04.07 07:40:57.569,0.76661,0.76682,1.00,2.44
2014.04.07 07:40:57.924,0.76661,0.76682,1.25,1.00
2014.04.07 07:40:57.974,0.76663,0.76682,1.00,1.00
2014.04.07 07:40:58.168,0.76663,0.76686,1.00,1.19
2014.04.07 07:40:59.146,0.76669,0.76688,1.00,1.69
2014.04.07 07:40:59.247,0.76669,0.76688,1.00,1.25
2014.04.07 07:40:59.348,0.76669,0.76692,1.00,1.69
2014.04.07 07:40:59.548,0.76671,0.76693,1.00,1.69
2014.04.07 07:41:00.107,0.76669,0.76693,1.00,1.69
2014.04.07 07:41:00.208,0.76668,0.76692,1.69,1.19
2014.04.07 07:41:01.378,0.76668,0.76692,1.69,1.19
2014.04.07 07:41:02.484,0.76668,0.76692,2.44,1.19
2014.04.07 07:41:04.500,0.76668,0.76692,1.69,1.19
2014.04.07 07:41:06.813,0.7667,0.76693,1.19,1.69
2014.04.07 07:41:11.151,0.76669,0.76688,1.19,1.00
2014.04.07 07:41:11.402,0.76666,0.76688,1.19,2.25
2014.04.07 07:41:11.503,0.76666,0.76687,1.19,1.69
2014.04.07 07:41:13.630,0.76666,0.76688,1.19,2.44
2014.04.07 07:41:13.731,0.76666,0.76688,1.69,1.25
2014.04.07 07:41:13.932,0.76669,0.76688,1.19,1.00
2014.04.07 07:41:15.008,0.76669,0.76688,1.25,1.00
2014.04.07 07:41:18.867,0.76669,0.76688,1.19,1.00
2014.04.07 07:41:19.069,0.7667,0.76691,1.25,1.69
2014.04.07 07:41:19.352,0.76668,0.76688,1.19,1.00
2014.04.07 07:41:20.219,0.76668,0.76688,1.19,1.00
2014.04.07 07:41:20.590,0.76668,0.76693,1.19,1.19
2014.04.07 07:41:23.815,0.76668,0.76693,1.19,1.19
2014.04.07 07:41:24.925,0.76668,0.76693,2.07,1.19
2014.04.07 07:41:26.896,0.76669,0.76693,1.32,1.19
2014.04.07 07:41:29.924,0.76668,0.76693,2.07,1.69
2014.04.07 07:41:30.981,0.76668,0.76693,2.07,1.19
2014.04.07 07:41:32.492,0.76669,0.76693,1.69,1.19
2014.04.07 07:41:33.543,0.76669,0.76693,1.19,3.94
2014.04.07 07:41:35.309,0.76669,0.76693,1.25,3.94
2014.04.07 07:41:35.823,0.76669,0.76693,1.63,3.94
2014.04.07 07:41:37.449,0.76668,0.76689,1.32,1.25
2014.04.07 07:41:37.550,0.76668,0.76689,1.32,1.19
2014.04.07 07:41:38.556,0.76665,0.76689,2.07,1.19
2014.04.07 07:41:39.864,0.76665,0.76689,1.57,1.19
2014.04.07 07:41:40.973,0.76665,0.76689,1.57,1.19
2014.04.07 07:41:41.978,0.76665,0.76689,1.57,1.19
2014.04.07 07:41:43.087,0.76665,0.76689,2.07,1.19
2014.04.07 07:41:45.602,0.76665,0.76691,1.57,1.69
2014.04.07 07:41:48.955,0.76666,0.76688,1.57,1.25
2014.04.07 07:41:52.170,0.76665,0.76688,2.07,1.25
2014.04.07 07:41:53.780,0.76665,0.76688,2.07,1.00
2014.04.07 07:41:57.405,0.76667,0.76688,1.19,1.25
2014.04.07 07:42:00.392,0.76666,0.76688,1.32,1.19
2014.04.07 07:42:01.367,0.76665,0.76688,1.57,1.25
2014.04.07 07:42:02.517,0.76665,0.76688,1.57,1.19
2014.04.07 07:42:03.371,0.76665,0.76688,1.32,1.19
2014.04.07 07:42:03.422,0.76666,0.76688,1.19,1.19
2014.04.07 07:42:08.047,0.76665,0.76689,1.19,2.44
2014.04.07 07:42:08.753,0.76666,0.76689,1.69,1.69
2014.04.07 07:42:08.958,0.76664,0.76688,2.82,1.19
2014.04.07 07:42:09.480,0.76662,0.76688,2.07,1.19
2014.04.07 07:42:09.587,0.76662,0.76683,2.07,1.00
2014.04.07 07:42:09.770,0.76662,0.76688,2.07,3.94
2014.04.07 07:42:11.079,0.76665,0.76688,1.19,1.19
2014.04.07 07:42:13.922,0.76664,0.76689,2.82,1.19
2014.04.07 07:42:16.143,0.76665,0.76689,1.32,1.69
2014.04.07 07:42:17.197,0.76666,0.76689,1.19,1.19
2014.04.07 07:42:17.617,0.7667,0.76691,1.00,1.19
2014.04.07 07:42:17.668,0.7667,0.76693,1.19,1.19
2014.04.07 07:42:17.869,0.76669,0.76693,1.69,1.19
2014.04.07 07:42:18.722,0.76669,0.7669,1.19,1.00
2014.04.07 07:42:19.024,0.76666,0.7669,3.19,1.19
2014.04.07 07:42:20.091,0.76667,0.76691,1.69,1.19
2014.04.07 07:42:20.738,0.76666,0.7669,1.19,1.19
2014.04.07 07:42:21.221,0.76666,0.7669,1.69,1.69
2014.04.07 07:42:21.767,0.76666,0.76691,2.44,1.69
2014.04.07 07:42:22.432,0.76666,0.76691,1.69,1.19
2014.04.07 07:42:25.623,0.7667,0.76692,1.00,1.19
2014.04.07 07:42:25.926,0.76675,0.76694,1.00,1.19
2014.04.07 07:42:26.026,0.76675,0.76699,1.00,1.19
2014.04.07 07:42:26.645,0.76676,0.767,1.25,1.69
2014.04.07 07:42:29.191,0.76676,0.76698,1.00,1.19
2014.04.07 07:42:29.459,0.76674,0.76697,1.25,1.69
2014.04.07 07:42:30.621,0.7667,0.76694,1.19,2.44
2014.04.07 07:42:31.656,0.76671,0.76695,1.19,1.19
2014.04.07 07:42:33.933,0.7667,0.76693,1.69,1.19
2014.04.07 07:42:36.477,0.7667,0.76693,1.19,1.25
2014.04.07 07:42:37.482,0.7667,0.76694,1.69,1.19
2014.04.07 07:42:40.703,0.7667,0.76693,1.19,1.19
2014.04.07 07:42:44.054,0.7667,0.76693,1.19,1.25
2014.04.07 07:42:45.466,0.76671,0.76693,1.19,1.19
2014.04.07 07:42:47.583,0.7667,0.76693,1.19,1.19
2014.04.07 07:42:48.816,0.7667,0.76693,1.69,1.19
2014.04.07 07:42:51.202,0.7667,0.76693,1.69,1.25
2014.04.07 07:42:52.207,0.7667,0.76693,1.19,1.19
2014.04.07 07:42:53.218,0.7667,0.76694,1.19,1.69
2014.04.07 07:42:53.930,0.76671,0.76695,1.69,1.19
2014.04.07 07:42:56.389,0.76671,0.76695,1.19,1.19
2014.04.07 07:42:57.429,0.76671,0.76695,1.19,1.19
2014.04.07 07:42:58.398,0.76672,0.76698,1.69,2.44
2014.04.07 07:42:58.448,0.76676,0.76698,1.00,1.69
2014.04.07 07:42:58.828,0.76676,0.76698,1.69,1.25
2014.04.07 07:43:01.152,0.76677,0.76698,1.19,1.25
2014.04.07 07:43:02.417,0.76677,0.767,1.19,1.69
2014.04.07 07:43:03.523,0.76677,0.767,1.19,1.69
2014.04.07 07:43:05.732,0.76677,0.767,1.19,1.19
2014.04.07 07:43:08.049,0.76676,0.767,1.19,1.19
2014.04.07 07:43:11.165,0.76676,0.767,1.69,1.19
2014.04.07 07:43:14.779,0.76677,0.767,1.19,1.19
2014.04.07 07:43:15.784,0.76676,0.767,1.69,1.19
2014.04.07 07:43:19.406,0.76682,0.76702,1.00,1.25
2014.04.07 07:43:19.610,0.76683,0.76703,1.19,1.25
2014.04.07 07:43:20.013,0.76682,0.76703,1.25,1.19
2014.04.07 07:43:20.726,0.76685,0.76703,1.00,1.00
2014.04.07 07:43:21.124,0.76683,0.76703,1.00,1.19
2014.04.07 07:43:22.037,0.7668,0.76699,1.19,1.00
2014.04.07 07:43:23.084,0.76679,0.76699,1.69,1.00
2014.04.07 07:43:24.164,0.76679,0.76699,1.69,1.00
2014.04.07 07:43:25.672,0.76679,0.76699,1.69,1.25
2014.04.07 07:43:26.837,0.76681,0.76699,1.00,1.25
2014.04.07 07:43:26.888,0.76681,0.76704,1.00,1.19
2014.04.07 07:43:26.938,0.76684,0.76704,1.00,1.19
2014.04.07 07:43:26.989,0.76684,0.76704,1.00,1.00
2014.04.07 07:43:28.495,0.76685,0.76704,1.19,1.00
2014.04.07 07:43:33.956,0.76686,0.76704,1.19,1.00
2014.04.07 07:43:34.965,0.76686,0.76704,1.25,1.00
2014.04.07 07:43:36.335,0.76686,0.76709,1.25,1.69
2014.04.07 07:43:37.379,0.76686,0.76709,1.00,1.19
2014.04.07 07:43:39.897,0.76686,0.76709,1.25,1.19
2014.04.07 07:43:42.026,0.76688,0.76709,1.00,1.19
2014.04.07 07:43:42.416,0.76691,0.76713,1.00,1.19
2014.04.07 07:43:43.517,0.76691,0.76714,1.25,1.19
2014.04.07 07:43:43.620,0.76691,0.76714,1.00,1.69
2014.04.07 07:43:44.976,0.76689,0.76713,1.25,1.19
2014.04.07 07:43:46.955,0.7669,0.76714,1.00,2.44
2014.04.07 07:43:50.147,0.76688,0.76714,1.19,2.44
2014.04.07 07:43:52.213,0.76688,0.76712,1.19,1.19
2014.04.07 07:43:53.258,0.76687,0.76712,1.19,1.69
2014.04.07 07:43:55.770,0.76685,0.76708,1.19,1.69
2014.04.07 07:43:57.525,0.76685,0.76704,1.19,1.00
2014.04.07 07:43:57.726,0.76685,0.76703,1.00,1.00
2014.04.07 07:43:58.007,0.76682,0.76703,1.25,1.00
2014.04.07 07:43:59.104,0.76682,0.76703,1.19,1.69
2014.04.07 07:44:00.301,0.7668,0.76703,1.19,1.69
2014.04.07 07:44:03.966,0.76678,0.76703,1.19,1.69
2014.04.07 07:44:04.426,0.76678,0.76698,1.19,1.00
2014.04.07 07:44:05.045,0.76678,0.767,1.19,1.00
2014.04.07 07:44:05.665,0.76679,0.76702,1.69,1.69
2014.04.07 07:44:07.175,0.76679,0.76702,1.69,1.69
2014.04.07 07:44:08.515,0.76679,0.76702,1.69,1.69
2014.04.07 07:44:09.690,0.76681,0.76704,1.19,1.69
2014.04.07 07:44:12.200,0.76681,0.76704,1.19,1.69
2014.04.07 07:44:14.240,0.76681,0.76704,1.19,1.50
2014.04.07 07:44:17.955,0.76681,0.76704,1.19,1.69
2014.04.07 07:44:20.969,0.76681,0.76704,1.19,1.50
2014.04.07 07:44:22.566,0.76681,0.76698,1.19,1.00
2014.04.07 07:44:22.788,0.76678,0.76698,1.19,1.00
2014.04.07 07:44:24.096,0.76678,0.76698,1.25,1.00
2014.04.07 07:44:26.023,0.76676,0.76698,1.19,1.00
2014.04.07 07:44:28.738,0.76676,0.76698,1.19,1.00
2014.04.07 07:44:30.947,0.76676,0.76698,3.19,1.00
2014.04.07 07:44:32.455,0.76676,0.76698,2.44,1.00
2014.04.07 07:44:33.966,0.76676,0.76698,2.44,1.00
2014.04.07 07:44:39.036,0.76677,0.76698,1.19,1.00
2014.04.07 07:44:40.834,0.76677,0.76698,1.19,1.00
2014.04.07 07:44:44.956,0.76677,0.76698,1.19,1.00
2014.04.07 07:44:46.995,0.76677,0.76698,1.19,1.00
2014.04.07 07:44:48.282,0.76676,0.76698,1.19,1.00
2014.04.07 07:44:48.608,0.76676,0.76693,1.19,1.00
2014.04.07 07:44:52.943,0.76676,0.76693,1.00,1.00
2014.04.07 07:44:54.984,0.76676,0.76699,1.00,1.00
2014.04.07 07:44:56.641,0.76676,0.76694,1.25,1.00
2014.04.07 07:44:57.151,0.76676,0.76694,1.19,1.00
2014.04.07 07:44:59.158,0.76675,0.76694,1.69,1.00
2014.04.07 07:45:00.195,0.76675,0.76699,1.69,1.00
2014.04.07 07:45:00.297,0.76676,0.76699,1.19,1.00
2014.04.07 07:45:04.728,0.76676,0.76699,1.19,1.00
2014.04.07 07:45:05.935,0.76676,0.76699,1.19,1.00
2014.04.07 07:45:07.141,0.76676,0.76699,1.19,1.00
2014.04.07 07:45:11.499,0.76676,0.76699,2.44,1.00
2014.04.07 07:45:14.118,0.76676,0.76699,1.69,1.00
2014.04.07 07:45:15.248,0.76676,0.76699,1.19,1.00
2014.04.07 07:45:15.811,0.76676,0.76693,1.19,1.00
2014.04.07 07:45:16.656,0.76676,0.76698,1.19,1.00
2014.04.07 07:45:18.748,0.76675,0.76698,1.19,1.00
2014.04.07 07:45:19.734,0.76675,0.76694,1.19,1.00
2014.04.07 07:45:21.297,0.76675,0.76694,1.19,1.00
2014.04.07 07:45:24.731,0.76673,0.76694,1.19,1.00
2014.04.07 07:45:25.938,0.76674,0.76694,1.19,1.00
2014.04.07 07:45:26.945,0.76674,0.76694,1.19,1.00
2014.04.07 07:45:28.082,0.76674,0.76694,1.19,1.00
2014.04.07 07:45:29.137,0.76674,0.76698,1.19,2.85
2014.04.07 07:45:29.295,0.76674,0.76698,1.25,1.35
2014.04.07 07:45:29.932,0.76675,0.76698,2.25,1.00
2014.04.07 07:45:30.294,0.76677,0.76699,1.00,1.25
2014.04.07 07:45:31.197,0.76677,0.76698,1.25,1.00
2014.04.07 07:45:36.335,0.76678,0.76698,1.50,1.00
2014.04.07 07:45:38.226,0.7668,0.76698,1.50,1.00
2014.04.07 07:45:39.278,0.7668,0.76698,1.69,1.00
2014.04.07 07:45:40.385,0.7668,0.76698,1.69,1.00
2014.04.07 07:45:41.392,0.76678,0.76698,2.44,1.00
2014.04.07 07:45:42.402,0.76678,0.76698,2.44,1.00
2014.04.07 07:45:43.415,0.76678,0.76698,2.44,1.00
2014.04.07 07:45:45.023,0.76678,0.76698,2.44,1.00
2014.04.07 07:45:46.026,0.76678,0.76698,3.19,1.00
2014.04.07 07:45:48.470,0.76678,0.76698,2.44,1.00
2014.04.07 07:45:49.975,0.76679,0.76698,1.19,1.00
2014.04.07 07:45:51.181,0.76679,0.76698,1.19,1.00
2014.04.07 07:45:53.802,0.76679,0.76698,1.19,1.00
2014.04.07 07:45:54.824,0.76678,0.76698,1.69,1.00
2014.04.07 07:45:55.926,0.76678,0.76698,1.50,1.00
2014.04.07 07:46:00.446,0.76679,0.76698,1.50,1.00
2014.04.07 07:46:05.445,0.76679,0.76698,1.69,1.00
2014.04.07 07:46:08.768,0.76678,0.76698,2.44,1.00
2014.04.07 07:46:16.875,0.76678,0.76698,1.69,1.00
2014.04.07 07:46:23.914,0.76678,0.76698,1.50,1.00
2014.04.07 07:46:34.664,0.7668,0.76698,1.50,1.00
2014.04.07 07:46:34.765,0.7668,0.767,1.50,1.00
2014.04.07 07:46:38.823,0.7668,0.76699,1.50,1.00
2014.04.07 07:46:39.158,0.76678,0.76699,1.50,1.00
2014.04.07 07:46:51.936,0.76679,0.76699,1.50,1.00
2014.04.07 07:46:59.505,0.76679,0.76698,1.50,1.00
2014.04.07 07:47:06.915,0.76678,0.76698,1.50,1.00
2014.04.07 07:47:10.836,0.76678,0.76694,2.25,1.00
2014.04.07 07:47:12.934,0.7668,0.76694,1.00,1.00
2014.04.07 07:47:13.253,0.7668,0.76698,1.00,1.00
2014.04.07 07:47:16.014,0.76678,0.76698,2.44,1.00
2014.04.07 07:47:17.474,0.76678,0.76698,2.25,1.00
2014.04.07 07:47:18.532,0.76678,0.76693,2.25,1.00
2014.04.07 07:47:29.865,0.76678,0.76698,2.44,1.00
2014.04.07 07:47:34.923,0.76678,0.76694,2.25,1.00
2014.04.07 07:47:35.284,0.76676,0.76694,1.50,1.00
2014.04.07 07:47:35.946,0.76674,0.76694,2.44,1.00
2014.04.07 07:47:49.713,0.76676,0.76694,1.50,1.00
2014.04.07 07:47:52.883,0.76677,0.76694,1.00,1.00
2014.04.07 07:47:55.743,0.76676,0.76694,1.50,1.00
2014.04.07 07:48:07.573,0.76678,0.76694,1.50,1.00
2014.04.07 07:48:07.825,0.76679,0.76699,1.50,1.19
2014.04.07 07:48:07.965,0.76679,0.76699,1.50,1.00
2014.04.07 07:48:08.146,0.76679,0.76694,1.50,1.00
2014.04.07 07:48:10.573,0.76679,0.76693,2.44,1.00
2014.04.07 07:48:10.825,0.76678,0.76698,1.69,1.00
2014.04.07 07:48:11.073,0.76677,0.76698,1.00,1.00
2014.04.07 07:48:11.124,0.76677,0.76693,1.00,1.00
2014.04.07 07:48:11.174,0.76673,0.76693,1.19,1.00
2014.04.07 07:48:11.325,0.76673,0.7669,1.19,1.00
2014.04.07 07:48:11.912,0.76675,0.7669,1.00,1.00
2014.04.07 07:48:13.013,0.76674,0.7669,1.00,1.00
2014.04.07 07:48:17.743,0.76672,0.7669,1.25,1.00
2014.04.07 07:48:19.185,0.76671,0.7669,1.19,1.00
2014.04.07 07:48:20.154,0.76669,0.7669,1.19,1.00
2014.04.07 07:48:20.261,0.76669,0.76692,1.19,1.00
2014.04.07 07:48:21.385,0.76668,0.76692,1.19,1.00
2014.04.07 07:48:22.681,0.76668,0.76688,1.19,1.00
2014.04.07 07:48:26.680,0.76668,0.76692,1.19,1.00
2014.04.07 07:48:27.392,0.76671,0.76691,1.25,1.00
2014.04.07 07:48:27.882,0.76671,0.76689,1.25,1.00
2014.04.07 07:48:28.150,0.76669,0.76691,1.69,1.00
2014.04.07 07:48:30.083,0.7667,0.76688,1.19,1.00
2014.04.07 07:48:32.108,0.76671,0.76688,1.19,1.00
2014.04.07 07:48:34.027,0.76671,0.76688,1.19,1.00
2014.04.07 07:48:37.612,0.7667,0.76688,1.19,1.00
2014.04.07 07:48:37.723,0.7667,0.76688,1.19,1.00
2014.04.07 07:48:38.305,0.7667,0.76688,1.00,1.00
2014.04.07 07:48:40.763,0.76668,0.76688,1.19,1.00
2014.04.07 07:48:40.864,0.76668,0.76684,1.19,1.00
2014.04.07 07:48:41.392,0.76668,0.76684,1.25,1.00
2014.04.07 07:48:44.152,0.76667,0.76684,1.19,1.00
2014.04.07 07:48:44.522,0.76667,0.76689,1.19,1.25
2014.04.07 07:48:45.267,0.76668,0.76689,1.19,1.00
2014.04.07 07:48:47.576,0.76667,0.76684,1.19,1.00
2014.04.07 07:48:48.532,0.76668,0.76684,1.19,1.00
2014.04.07 07:48:48.583,0.76668,0.76689,1.19,1.25
2014.04.07 07:48:49.123,0.76668,0.76689,1.19,1.00
2014.04.07 07:48:50.114,0.76667,0.76683,1.69,1.00
2014.04.07 07:48:52.161,0.76667,0.76683,1.19,1.00
2014.04.07 07:48:53.257,0.76667,0.76683,1.19,1.00
2014.04.07 07:48:55.878,0.76665,0.76683,1.19,1.00
2014.04.07 07:48:56.917,0.76665,0.76683,1.69,1.00
2014.04.07 07:48:58.757,0.76663,0.76683,1.19,1.00
2014.04.07 07:48:58.807,0.76663,0.76679,1.19,1.00
2014.04.07 07:48:58.958,0.76663,0.76679,1.19,1.00
2014.04.07 07:49:00.770,0.76663,0.76684,1.19,1.00
2014.04.07 07:49:02.208,0.76663,0.76679,1.19,1.00
2014.04.07 07:49:02.367,0.76661,0.76679,1.19,1.00
2014.04.07 07:49:03.376,0.7666,0.76679,1.25,1.00
2014.04.07 07:49:04.502,0.7666,0.76678,1.25,1.50
2014.04.07 07:49:06.702,0.7666,0.76679,1.25,1.25
2014.04.07 07:49:07.317,0.7666,0.76679,1.19,1.00
2014.04.07 07:49:07.989,0.7666,0.76679,1.25,1.00
2014.04.07 07:49:09.781,0.7666,0.76679,1.19,1.00
2014.04.07 07:49:12.623,0.7666,0.76679,1.25,1.25
2014.04.07 07:49:15.840,0.76657,0.76679,1.19,1.25
2014.04.07 07:49:29.137,0.76656,0.76679,1.19,1.19
2014.04.07 07:49:30.144,0.76656,0.76679,1.19,1.19
2014.04.07 07:49:36.872,0.76656,0.76679,1.19,1.19
2014.04.07 07:49:38.180,0.76656,0.76679,1.19,1.00
2014.04.07 07:49:39.816,0.76656,0.76679,1.19,1.19
2014.04.07 07:49:40.296,0.76654,0.76678,1.19,1.69
2014.04.07 07:49:42.825,0.76654,0.76678,1.19,1.19
2014.04.07 07:49:44.689,0.76651,0.76674,1.19,1.00
2014.04.07 07:49:46.197,0.76651,0.76674,1.19,1.19
2014.04.07 07:49:52.900,0.76653,0.76674,1.00,1.19
2014.04.07 07:49:54.195,0.76653,0.76674,1.00,1.19
2014.04.07 07:49:57.141,0.76654,0.76673,1.00,1.19
2014.04.07 07:49:57.729,0.76653,0.76673,1.25,1.19
2014.04.07 07:49:58.720,0.76653,0.76673,1.19,1.25
2014.04.07 07:49:58.924,0.76651,0.76673,1.25,2.44
2014.04.07 07:49:58.974,0.76651,0.76668,1.25,1.00
2014.04.07 07:49:59.279,0.76651,0.76668,1.19,1.00
2014.04.07 07:50:02.040,0.76651,0.76671,1.19,1.50
2014.04.07 07:50:02.377,0.76651,0.76673,1.19,2.44
2014.04.07 07:50:04.099,0.76651,0.76673,1.19,2.25
2014.04.07 07:50:05.192,0.76651,0.76672,1.19,1.50
2014.04.07 07:50:06.710,0.76651,0.76672,1.19,1.69
2014.04.07 07:50:06.901,0.76651,0.76672,1.25,1.69
2014.04.07 07:50:07.949,0.76651,0.76672,1.00,1.69
2014.04.07 07:50:10.222,0.76651,0.76672,1.25,1.69
2014.04.07 07:50:15.199,0.76651,0.76672,1.19,1.50
2014.04.07 07:50:16.309,0.76651,0.76672,1.19,1.69
2014.04.07 07:50:17.719,0.76649,0.76672,1.19,1.69
2014.04.07 07:50:18.829,0.76649,0.76673,1.19,1.25
2014.04.07 07:50:20.743,0.76649,0.76673,1.19,1.19
2014.04.07 07:50:23.566,0.76649,0.76673,1.69,1.19
2014.04.07 07:50:25.301,0.76653,0.76674,1.00,2.44
2014.04.07 07:50:25.402,0.76653,0.76674,1.00,2.25
2014.04.07 07:50:25.603,0.76653,0.76674,1.19,1.00
2014.04.07 07:50:26.130,0.76653,0.76674,1.19,1.00
2014.04.07 07:50:28.100,0.76654,0.76674,1.19,1.00
2014.04.07 07:50:29.510,0.76653,0.76674,1.19,1.00
2014.04.07 07:50:31.022,0.76657,0.76674,1.00,1.00
2014.04.07 07:50:31.123,0.76658,0.76676,1.25,1.50
2014.04.07 07:50:31.174,0.76658,0.76679,1.25,1.25
2014.04.07 07:50:31.531,0.76658,0.76681,1.19,1.00
2014.04.07 07:50:31.582,0.76661,0.76684,1.19,1.25
2014.04.07 07:50:31.632,0.76661,0.76684,1.19,1.00
2014.04.07 07:50:32.286,0.76662,0.76684,1.19,1.19
2014.04.07 07:50:32.692,0.76664,0.76683,1.19,1.00
2014.04.07 07:50:32.843,0.76666,0.76689,1.25,1.19
2014.04.07 07:50:32.944,0.76665,0.76689,2.44,1.25
2014.04.07 07:50:33.610,0.76665,0.76683,2.44,1.00
2014.04.07 07:50:33.831,0.76665,0.76688,2.44,1.00
2014.04.07 07:50:34.052,0.76665,0.76684,2.44,1.00
2014.04.07 07:50:34.513,0.76665,0.76689,2.44,1.25
2014.04.07 07:50:34.614,0.76667,0.76689,1.19,1.19
2014.04.07 07:50:35.622,0.76666,0.76689,1.19,1.19
2014.04.07 07:50:36.101,0.76666,0.76689,1.25,1.19
2014.04.07 07:50:37.250,0.76666,0.76688,1.25,1.19
2014.04.07 07:50:38.817,0.76666,0.76688,1.00,1.19
2014.04.07 07:50:40.025,0.76666,0.76689,1.25,2.44
2014.04.07 07:50:41.260,0.76666,0.76689,1.25,1.69
2014.04.07 07:50:42.471,0.76666,0.76689,1.25,2.44
2014.04.07 07:50:46.133,0.76664,0.76688,1.19,1.19
2014.04.07 07:50:47.299,0.76664,0.76689,2.44,1.69
2014.04.07 07:50:50.015,0.76664,0.76689,2.44,2.44
2014.04.07 07:50:51.022,0.76664,0.76688,1.25,1.19
2014.04.07 07:50:52.774,0.76664,0.76688,1.19,1.19
2014.04.07 07:51:00.216,0.76664,0.76689,1.19,1.69
2014.04.07 07:51:03.131,0.76664,0.76689,1.25,1.69
2014.04.07 07:51:03.493,0.76664,0.76689,1.19,1.19
2014.04.07 07:51:04.874,0.76667,0.76689,1.00,1.69
2014.04.07 07:51:08.094,0.76667,0.76688,1.00,1.19
2014.04.07 07:51:09.506,0.76667,0.76689,1.00,1.69
2014.04.07 07:51:09.921,0.76665,0.76687,1.00,1.19
2014.04.07 07:51:10.022,0.76665,0.76689,1.25,1.69
2014.04.07 07:51:11.016,0.76665,0.76688,1.25,1.19
2014.04.07 07:51:11.618,0.76665,0.76689,1.19,1.19
2014.04.07 07:51:14.804,0.76668,0.76691,1.50,1.69
2014.04.07 07:51:14.985,0.76668,0.76693,2.44,1.19
2014.04.07 07:51:16.880,0.76668,0.76694,2.44,3.19
2014.04.07 07:51:17.619,0.76668,0.76689,1.19,1.00
2014.04.07 07:51:18.209,0.76668,0.76689,1.19,1.19
2014.04.07 07:51:20.398,0.76668,0.76689,1.19,1.00
2014.04.07 07:51:21.506,0.76668,0.76689,1.25,1.19
2014.04.07 07:51:21.659,0.76666,0.76689,1.00,1.19
2014.04.07 07:51:24.701,0.76665,0.76689,1.25,1.19
2014.04.07 07:51:25.596,0.76665,0.76689,1.19,1.69
2014.04.07 07:51:27.405,0.76664,0.76687,1.19,1.19
2014.04.07 07:51:28.009,0.76664,0.76688,1.00,2.44
2014.04.07 07:51:28.312,0.76661,0.76685,1.19,1.69
2014.04.07 07:51:29.002,0.76659,0.76683,1.19,3.94
2014.04.07 07:51:29.989,0.7666,0.76683,1.19,1.19
2014.04.07 07:51:30.538,0.76657,0.76683,1.69,2.44
2014.04.07 07:51:31.347,0.76657,0.76683,1.69,2.44
2014.04.07 07:51:31.653,0.76658,0.76678,1.69,1.00
2014.04.07 07:51:31.798,0.76658,0.76683,1.69,1.69
2014.04.07 07:51:32.554,0.76658,0.76683,1.69,1.69
2014.04.07 07:51:34.918,0.76659,0.76683,1.19,1.19
2014.04.07 07:51:37.682,0.76659,0.76683,1.19,1.19
2014.04.07 07:51:38.989,0.76659,0.76683,1.19,1.19
2014.04.07 07:51:40.117,0.76659,0.76679,1.19,1.00
2014.04.07 07:51:41.969,0.7666,0.76683,1.19,1.19
2014.04.07 07:51:45.962,0.76659,0.76683,1.25,1.19
2014.04.07 07:51:47.108,0.76659,0.76683,1.19,1.19
2014.04.07 07:51:51.832,0.76659,0.76683,1.19,1.19
2014.04.07 07:51:55.394,0.76661,0.76683,1.69,1.00
2014.04.07 07:51:56.109,0.76661,0.76686,2.44,1.27
2014.04.07 07:51:56.359,0.76661,0.76686,2.44,1.19
2014.04.07 07:51:57.391,0.7666,0.76682,1.19,1.00
2014.04.07 07:51:57.491,0.76658,0.76682,1.19,1.19
2014.04.07 07:51:59.279,0.76658,0.76683,3.19,1.54
2014.04.07 07:52:01.326,0.7666,0.76684,1.19,3.79
2014.04.07 07:52:02.235,0.76663,0.76687,1.19,2.37
2014.04.07 07:52:03.883,0.76663,0.76686,1.25,1.39
2014.04.07 07:52:05.971,0.76663,0.76686,1.25,1.34
2014.04.07 07:52:08.917,0.76662,0.76685,1.25,1.49
2014.04.07 07:52:09.623,0.76662,0.76684,1.00,1.19
2014.04.07 07:52:09.879,0.76663,0.76686,1.00,2.29
2014.04.07 07:52:09.986,0.76663,0.76686,1.25,1.54
2014.04.07 07:52:11.452,0.76661,0.76685,1.25,2.14
2014.04.07 07:52:11.803,0.76661,0.76686,1.19,2.44
2014.04.07 07:52:13.869,0.76662,0.76685,1.00,2.07
2014.04.07 07:52:14.479,0.76661,0.76685,1.25,1.69
2014.04.07 07:52:15.009,0.76661,0.76685,1.25,1.19
2014.04.07 07:52:15.979,0.76661,0.76685,1.19,1.69
2014.04.07 07:52:17.111,0.76661,0.76685,1.25,1.19
2014.04.07 07:52:18.032,0.76663,0.76686,1.00,3.19
2014.04.07 07:52:18.831,0.76663,0.76686,1.00,2.44
2014.04.07 07:52:19.352,0.76662,0.76686,1.25,2.44
2014.04.07 07:52:21.439,0.76661,0.76684,1.00,1.19
2014.04.07 07:52:22.541,0.76663,0.76685,1.00,2.67
2014.04.07 07:52:22.591,0.76663,0.76685,1.19,1.92
2014.04.07 07:52:23.257,0.76663,0.76685,1.00,2.67
2014.04.07 07:52:23.357,0.7666,0.76685,1.19,2.67
2014.04.07 07:52:24.402,0.7666,0.76682,1.25,1.69
2014.04.07 07:52:24.503,0.76658,0.76682,1.25,1.69
2014.04.07 07:52:25.603,0.76657,0.76681,1.69,1.19
2014.04.07 07:52:28.218,0.76657,0.76681,1.69,1.69
2014.04.07 07:52:29.229,0.76657,0.76681,1.69,1.19
2014.04.07 07:52:30.734,0.76657,0.76681,1.69,1.19
2014.04.07 07:52:30.934,0.76657,0.76681,1.69,1.19
2014.04.07 07:52:33.849,0.76657,0.76681,1.69,1.19
2014.04.07 07:52:34.978,0.76657,0.76681,1.69,1.19
2014.04.07 07:52:37.603,0.76657,0.76681,1.69,1.19
2014.04.07 07:52:41.328,0.76657,0.7668,1.19,1.19
2014.04.07 07:52:42.438,0.76655,0.76678,1.19,1.25
2014.04.07 07:52:45.175,0.76656,0.76679,1.19,1.19
2014.04.07 07:52:46.390,0.76657,0.76681,1.19,1.19
2014.04.07 07:52:47.409,0.76656,0.76679,1.19,1.19
2014.04.07 07:52:47.801,0.76653,0.76678,2.44,1.19
2014.04.07 07:52:48.803,0.76653,0.76679,2.44,3.19
2014.04.07 07:52:53.169,0.76653,0.76676,1.19,2.25
2014.04.07 07:52:54.131,0.76653,0.76676,1.19,2.44
2014.04.07 07:52:54.672,0.76651,0.76676,1.19,3.19
2014.04.07 07:52:55.645,0.76651,0.76675,1.19,1.19
2014.04.07 07:52:58.784,0.76651,0.76675,1.19,1.19
2014.04.07 07:53:02.303,0.76652,0.76675,1.25,1.69
2014.04.07 07:53:03.308,0.76652,0.76675,1.19,1.19
2014.04.07 07:53:03.847,0.76652,0.76675,1.19,1.19
2014.04.07 07:53:10.848,0.76652,0.76676,1.25,1.69
2014.04.07 07:53:11.880,0.76652,0.76676,1.19,1.69
2014.04.07 07:53:13.630,0.76652,0.76673,1.19,1.50
2014.04.07 07:53:15.008,0.76652,0.76676,1.00,3.94
2014.04.07 07:53:15.704,0.76652,0.76676,1.19,3.94
2014.04.07 07:53:20.084,0.76651,0.76674,1.19,1.19
2014.04.07 07:53:20.135,0.7665,0.76672,1.25,1.69
2014.04.07 07:53:21.243,0.7665,0.76672,1.00,1.19
2014.04.07 07:53:21.294,0.76648,0.76672,2.44,1.19
2014.04.07 07:53:22.474,0.76648,0.76673,2.44,2.07
2014.04.07 07:53:26.917,0.76648,0.76672,2.44,1.19
2014.04.07 07:53:27.537,0.76648,0.76672,1.69,2.44
2014.04.07 07:53:31.421,0.76648,0.76672,1.69,1.19
2014.04.07 07:53:32.122,0.76648,0.76672,1.69,2.44
2014.04.07 07:53:33.328,0.76648,0.76672,1.69,1.69
2014.04.07 07:53:34.634,0.76648,0.76672,1.69,2.44
2014.04.07 07:53:36.875,0.76648,0.76672,2.44,1.69
2014.04.07 07:53:36.975,0.76648,0.76672,2.44,2.44
2014.04.07 07:53:38.484,0.76648,0.76671,2.44,1.19
2014.04.07 07:53:39.592,0.76649,0.76672,1.69,1.69
2014.04.07 07:53:41.738,0.76648,0.76674,1.19,5.07
2014.04.07 07:53:42.382,0.7665,0.76674,1.00,3.57
2014.04.07 07:53:44.614,0.7665,0.76673,1.25,1.32
2014.04.07 07:53:45.661,0.7665,0.76674,1.00,3.57
2014.04.07 07:53:46.730,0.7665,0.76673,1.25,1.32
2014.04.07 07:53:48.374,0.76648,0.76668,1.19,1.00
2014.04.07 07:53:48.871,0.76647,0.76668,1.25,1.25
2014.04.07 07:53:51.883,0.76647,0.76668,1.00,1.19
2014.04.07 07:53:53.392,0.76647,0.76671,1.50,2.89
2014.04.07 07:53:54.398,0.76647,0.76671,1.69,2.89
2014.04.07 07:53:55.912,0.76647,0.76669,1.25,1.19
2014.04.07 07:53:57.058,0.76647,0.76669,1.19,1.25
2014.04.07 07:53:57.161,0.76647,0.76671,1.19,1.25
2014.04.07 07:53:59.367,0.76647,0.76669,1.19,1.00
2014.04.07 07:54:01.780,0.76648,0.76669,1.19,1.00
2014.04.07 07:54:02.888,0.76648,0.76673,1.19,1.19
2014.04.07 07:54:03.899,0.76649,0.76673,1.69,1.69
2014.04.07 07:54:04.866,0.76649,0.76668,1.69,1.00
2014.04.07 07:54:11.169,0.76649,0.76668,1.69,1.00
2014.04.07 07:54:14.108,0.76649,0.76668,1.69,1.00
2014.04.07 07:54:14.659,0.76649,0.76673,1.69,1.69
2014.04.07 07:54:15.698,0.7665,0.76674,1.00,3.19
2014.04.07 07:54:17.629,0.7665,0.76669,1.00,1.00
2014.04.07 07:54:18.218,0.7665,0.76669,1.19,1.00
2014.04.07 07:54:19.355,0.7665,0.76669,1.19,1.00
2014.04.07 07:54:19.944,0.7665,0.76669,1.19,1.00
2014.04.07 07:54:21.971,0.76651,0.76669,1.25,1.00
2014.04.07 07:54:24.986,0.76651,0.76669,1.19,1.00
2014.04.07 07:54:26.899,0.76651,0.76669,1.25,1.00
2014.04.07 07:54:29.579,0.7665,0.76669,1.00,1.25
2014.04.07 07:54:37.206,0.7665,0.76669,1.00,1.19
2014.04.07 07:54:41.008,0.7665,0.76669,1.00,1.25
2014.04.07 07:54:45.029,0.76648,0.76669,1.69,1.00
2014.04.07 07:54:47.764,0.76646,0.76669,2.44,1.19
2014.04.07 07:54:49.376,0.76646,0.76669,1.19,1.19
2014.04.07 07:54:54.856,0.76645,0.76669,1.19,1.19
2014.04.07 07:54:55.030,0.76645,0.76669,1.25,1.19
2014.04.07 07:54:55.427,0.76647,0.76669,1.50,1.19
2014.04.07 07:54:57.646,0.76647,0.76669,1.69,1.19
2014.04.07 07:55:03.382,0.76647,0.76671,1.69,1.69
2014.04.07 07:55:07.436,0.76647,0.76671,1.69,1.19
2014.04.07 07:55:11.356,0.76647,0.7667,1.69,1.19
2014.04.07 07:55:12.566,0.76647,0.76668,1.69,1.25
2014.04.07 07:55:18.057,0.76647,0.76671,2.44,1.19
2014.04.07 07:55:18.786,0.76647,0.76668,2.44,1.00
2014.04.07 07:55:22.034,0.76644,0.76668,3.19,1.00
2014.04.07 07:55:23.142,0.76645,0.76668,1.19,1.00
2014.04.07 07:55:25.856,0.76647,0.76668,1.19,1.00
2014.04.07 07:55:26.965,0.76647,0.76668,1.19,1.19
2014.04.07 07:55:28.905,0.76647,0.76668,1.19,1.00
2014.04.07 07:55:29.926,0.76647,0.76668,1.19,1.00
2014.04.07 07:55:31.319,0.76647,0.76668,1.19,1.00
2014.04.07 07:55:33.333,0.76647,0.76668,1.19,1.25
2014.04.07 07:55:42.446,0.76647,0.76668,1.19,1.00
2014.04.07 07:55:43.869,0.76648,0.76672,1.69,1.19
2014.04.07 07:55:45.225,0.76648,0.76674,2.44,3.19
2014.04.07 07:55:48.948,0.76648,0.76674,1.19,2.44
2014.04.07 07:55:51.127,0.76648,0.76668,1.19,1.00
2014.04.07 07:55:52.826,0.76648,0.76668,1.19,1.00
2014.04.07 07:55:54.041,0.76648,0.76668,1.19,1.00
2014.04.07 07:55:56.848,0.76648,0.76672,1.19,1.19
2014.04.07 07:55:57.742,0.76647,0.76671,1.69,1.19
2014.04.07 07:55:59.194,0.76648,0.76669,1.19,1.00
2014.04.07 07:56:00.283,0.76648,0.76669,1.19,1.25
2014.04.07 07:56:09.635,0.76648,0.76669,1.19,1.00
2014.04.07 07:56:13.726,0.76645,0.76669,2.44,1.25
2014.04.07 07:56:14.734,0.76645,0.76669,1.69,1.19
2014.04.07 07:56:17.451,0.76647,0.76669,1.19,1.25
2014.04.07 07:56:20.425,0.76647,0.76668,1.19,1.00
2014.04.07 07:56:22.586,0.76647,0.76672,1.19,1.19
2014.04.07 07:56:23.555,0.76647,0.76668,1.19,1.00
2014.04.07 07:56:23.807,0.76645,0.76666,1.19,1.00
2014.04.07 07:56:24.019,0.76644,0.76665,1.19,1.00
2014.04.07 07:56:24.069,0.76645,0.76669,1.19,2.44
2014.04.07 07:56:24.170,0.76647,0.76669,1.19,1.69
2014.04.07 07:56:25.228,0.76647,0.76669,1.19,1.19
2014.04.07 07:56:26.356,0.76647,0.76664,1.19,1.00
2014.04.07 07:56:26.457,0.76647,0.76664,1.25,1.00
2014.04.07 07:56:26.558,0.76645,0.76667,1.00,1.19
2014.04.07 07:56:26.609,0.76641,0.76664,1.19,1.00
2014.04.07 07:56:26.831,0.76646,0.76669,1.00,1.69
2014.04.07 07:56:27.852,0.76646,0.76669,1.19,1.69
2014.04.07 07:56:28.117,0.76646,0.76662,1.19,1.00
2014.04.07 07:56:28.268,0.76642,0.76659,1.25,1.00
2014.04.07 07:56:28.369,0.7664,0.76659,1.00,1.00
2014.04.07 07:56:29.988,0.76641,0.76659,1.00,1.00
2014.04.07 07:56:31.697,0.76638,0.76659,2.44,1.00
2014.04.07 07:56:32.408,0.76641,0.76659,1.00,1.00
2014.04.07 07:56:32.519,0.76638,0.76659,2.44,1.00
2014.04.07 07:56:32.603,0.76638,0.76659,2.44,1.00
2014.04.07 07:56:34.616,0.76638,0.76659,2.44,1.00
2014.04.07 07:56:36.335,0.76638,0.76663,2.44,1.19
2014.04.07 07:56:37.085,0.76641,0.76664,1.50,2.44
2014.04.07 07:56:37.921,0.76641,0.76664,1.69,2.44
2014.04.07 07:56:39.992,0.76642,0.76664,1.19,1.69
2014.04.07 07:56:40.255,0.76645,0.76667,2.44,1.69
2014.04.07 07:56:40.624,0.76645,0.76663,2.44,1.00
2014.04.07 07:56:47.159,0.76646,0.76668,1.00,1.19
2014.04.07 07:56:47.209,0.76649,0.76668,1.50,1.25
2014.04.07 07:56:47.855,0.76647,0.76668,1.69,1.25
2014.04.07 07:56:47.956,0.76647,0.76668,1.69,1.25
2014.04.07 07:56:48.595,0.7665,0.7667,1.00,1.19
2014.04.07 07:56:49.184,0.76653,0.76669,1.50,1.00
2014.04.07 07:56:49.314,0.76653,0.76671,1.50,1.25
2014.04.07 07:56:53.053,0.76653,0.76669,1.50,1.00
2014.04.07 07:56:53.276,0.76653,0.76671,1.50,1.00
2014.04.07 07:56:53.796,0.7665,0.76671,2.44,1.00
2014.04.07 07:56:53.864,0.7665,0.76673,2.44,1.25
2014.04.07 07:56:53.935,0.7665,0.76668,2.44,1.00
2014.04.07 07:56:54.383,0.7665,0.76663,2.44,1.00
2014.04.07 07:56:54.777,0.76648,0.76663,1.25,1.00
2014.04.07 07:56:57.345,0.76648,0.76668,1.00,1.69
2014.04.07 07:56:57.956,0.76647,0.76668,2.44,1.25
2014.04.07 07:56:58.016,0.76652,0.76668,1.50,1.25
2014.04.07 07:56:58.117,0.76652,0.76677,4.35,1.50
2014.04.07 07:56:58.168,0.76657,0.76677,1.00,1.00
2014.04.07 07:56:58.563,0.76658,0.76681,2.10,1.32
2014.04.07 07:56:58.613,0.76661,0.76682,1.00,1.57
2014.04.07 07:56:58.914,0.76666,0.76682,1.50,1.25
2014.04.07 07:57:01.326,0.76669,0.76682,1.00,1.00
2014.04.07 07:57:01.585,0.76666,0.76688,2.10,2.07
2014.04.07 07:57:01.636,0.76663,0.76688,1.25,2.07
2014.04.07 07:57:01.687,0.76663,0.76688,1.19,2.07
2014.04.07 07:57:02.400,0.76667,0.76684,1.00,1.00
2014.04.07 07:57:02.913,0.76666,0.76684,2.25,1.00
2014.04.07 07:57:06.639,0.76663,0.76684,3.04,1.00
2014.04.07 07:57:06.776,0.76673,0.76686,2.10,1.00
2014.04.07 07:57:06.928,0.76682,0.76688,2.10,1.00
2014.04.07 07:57:07.028,0.76684,0.76699,1.00,1.38
2014.04.07 07:57:07.180,0.76684,0.76694,1.00,1.00
2014.04.07 07:57:07.281,0.76675,0.76694,1.00,1.00
2014.04.07 07:57:07.345,0.76681,0.76694,1.50,1.00
2014.04.07 07:57:07.396,0.76681,0.76698,1.50,1.00
2014.04.07 07:57:07.675,0.76679,0.76698,1.50,1.00
2014.04.07 07:57:08.201,0.76678,0.76699,1.19,1.00
2014.04.07 07:57:08.708,0.76678,0.767,1.19,1.19
2014.04.07 07:57:09.602,0.76678,0.767,1.25,1.19
2014.04.07 07:57:10.709,0.76678,0.76699,1.25,1.25
2014.04.07 07:57:13.664,0.76678,0.76698,1.25,1.00
2014.04.07 07:57:17.039,0.76676,0.76698,1.19,1.25
2014.04.07 07:57:18.375,0.76676,0.76688,1.19,1.00
2014.04.07 07:57:18.945,0.76676,0.76699,1.19,1.69
2014.04.07 07:57:19.131,0.76673,0.76693,2.44,1.00
2014.04.07 07:57:21.324,0.76673,0.76698,2.44,1.25
2014.04.07 07:57:23.593,0.76677,0.76699,1.69,1.69
2014.04.07 07:57:25.085,0.76676,0.76693,1.69,1.00
2014.04.07 07:57:26.176,0.76675,0.76693,1.69,1.00
2014.04.07 07:57:28.374,0.76676,0.76698,2.44,1.19
2014.04.07 07:57:29.488,0.76676,0.76698,2.44,1.25
2014.04.07 07:57:30.315,0.76676,0.76694,2.44,1.00
2014.04.07 07:57:30.713,0.76676,0.76693,1.69,1.00
2014.04.07 07:57:32.707,0.76676,0.76693,1.69,1.00
2014.04.07 07:57:33.283,0.76676,0.76688,1.69,1.00
2014.04.07 07:57:35.136,0.76674,0.76688,1.69,1.00
2014.04.07 07:57:36.140,0.76674,0.76688,1.69,1.00
2014.04.07 07:57:38.020,0.76674,0.76693,1.69,1.00
2014.04.07 07:57:38.171,0.76675,0.76688,1.69,1.00
2014.04.07 07:57:38.693,0.76675,0.76693,1.69,1.00
2014.04.07 07:57:39.003,0.76675,0.76688,1.69,1.00
2014.04.07 07:57:40.670,0.76675,0.76688,1.69,1.00
2014.04.07 07:57:43.513,0.76675,0.76694,1.69,1.00
2014.04.07 07:57:44.854,0.76676,0.76698,1.69,1.19
2014.04.07 07:57:45.291,0.76677,0.76698,1.69,1.25
2014.04.07 07:57:46.524,0.76679,0.76698,1.69,1.00
2014.04.07 07:57:49.563,0.76676,0.76694,1.19,1.00
2014.04.07 07:57:50.553,0.76675,0.76694,1.69,1.00
2014.04.07 07:57:53.522,0.76675,0.76699,1.69,1.69
2014.04.07 07:57:54.560,0.76677,0.76699,1.19,1.50
2014.04.07 07:57:54.959,0.76675,0.76699,1.69,1.50
2014.04.07 07:57:56.113,0.76675,0.76699,1.19,2.44
2014.04.07 07:57:57.272,0.76677,0.76699,1.19,2.25
2014.04.07 07:57:57.513,0.76675,0.76699,1.69,2.44
2014.04.07 07:57:59.905,0.76675,0.76694,1.69,1.00
2014.04.07 07:58:00.398,0.76673,0.76694,1.69,1.00
2014.04.07 07:58:00.784,0.7667,0.76694,1.19,1.50
2014.04.07 07:58:01.737,0.7667,0.76694,1.19,1.69
2014.04.07 07:58:02.783,0.76669,0.76693,3.19,1.19
2014.04.07 07:58:05.558,0.76669,0.76693,3.19,1.19
2014.04.07 07:58:06.124,0.76669,0.76691,1.19,1.00
2014.04.07 07:58:06.449,0.76666,0.76687,1.19,1.00
2014.04.07 07:58:06.752,0.76665,0.76685,1.19,1.00
2014.04.07 07:58:07.106,0.76665,0.76684,1.19,1.00
2014.04.07 07:58:07.773,0.76665,0.76684,1.25,1.00
2014.04.07 07:58:08.780,0.76663,0.76684,1.19,1.00
2014.04.07 07:58:08.878,0.76663,0.76687,1.19,1.69
2014.04.07 07:58:10.593,0.76663,0.76687,1.19,1.69
2014.04.07 07:58:11.190,0.76663,0.76687,1.19,1.69
2014.04.07 07:58:12.145,0.76662,0.76683,1.19,1.00
2014.04.07 07:58:12.215,0.76661,0.76683,1.19,1.00
2014.04.07 07:58:13.625,0.76661,0.76683,1.19,1.25
2014.04.07 07:58:15.732,0.76661,0.76683,1.19,1.19
2014.04.07 07:58:18.446,0.76661,0.76683,1.19,1.25
2014.04.07 07:58:21.260,0.76661,0.76683,1.19,1.25
2014.04.07 07:58:22.667,0.76661,0.76683,1.19,1.00
2014.04.07 07:58:24.926,0.76659,0.76683,1.69,1.69
2014.04.07 07:58:26.519,0.76659,0.76683,1.19,1.69
2014.04.07 07:58:30.342,0.76659,0.76683,1.19,1.19
2014.04.07 07:58:32.792,0.76659,0.76678,1.19,1.00
2014.04.07 07:58:33.195,0.76659,0.76678,2.44,1.00
2014.04.07 07:58:34.004,0.76659,0.76684,2.44,1.69
2014.04.07 07:58:35.173,0.76659,0.76684,2.44,1.69
2014.04.07 07:58:36.174,0.76659,0.76684,2.44,2.44
2014.04.07 07:58:37.428,0.76661,0.76684,1.69,1.50
2014.04.07 07:58:37.522,0.76663,0.76684,1.50,1.50
2014.04.07 07:58:38.153,0.76663,0.76683,1.69,1.25
2014.04.07 07:58:39.021,0.76663,0.76683,1.69,1.00
2014.04.07 07:58:40.163,0.7666,0.76683,1.19,1.19
2014.04.07 07:58:40.957,0.76657,0.76683,1.69,1.69
2014.04.07 07:58:43.042,0.76657,0.76683,1.19,1.69
2014.04.07 07:58:45.095,0.76657,0.76683,1.19,2.44
2014.04.07 07:58:46.061,0.76657,0.76682,1.19,1.25
2014.04.07 07:58:46.112,0.76657,0.76678,1.19,1.00
2014.04.07 07:58:48.070,0.76658,0.76678,1.19,1.00
2014.04.07 07:58:49.801,0.76657,0.76678,1.19,1.00
2014.04.07 07:58:51.409,0.76657,0.76678,1.19,1.00
2014.04.07 07:58:52.413,0.7666,0.76679,1.69,1.00
2014.04.07 07:58:52.717,0.76659,0.76678,1.19,1.00
2014.04.07 07:58:52.953,0.76657,0.76678,2.44,1.00
2014.04.07 07:58:53.073,0.76657,0.76681,1.19,1.00
2014.04.07 07:58:53.921,0.76657,0.76681,1.19,1.25
2014.04.07 07:58:59.151,0.76657,0.76682,1.69,1.19
2014.04.07 07:59:00.158,0.76657,0.76682,1.19,1.25
2014.04.07 07:59:00.410,0.76656,0.76682,1.19,1.69
2014.04.07 07:59:01.064,0.76656,0.76679,1.19,1.00
2014.04.07 07:59:02.483,0.76656,0.76679,1.19,1.19
2014.04.07 07:59:04.036,0.76656,0.76679,1.19,1.25
2014.04.07 07:59:05.011,0.76656,0.76679,1.19,1.19
2014.04.07 07:59:08.265,0.76656,0.76679,1.19,1.00
2014.04.07 07:59:09.441,0.76656,0.76679,1.69,1.25
2014.04.07 07:59:17.004,0.76657,0.76679,1.19,1.00
2014.04.07 07:59:18.553,0.7666,0.76679,1.00,1.00
2014.04.07 07:59:19.455,0.7666,0.76682,1.19,1.19
2014.04.07 07:59:21.235,0.7666,0.76682,1.25,1.19
2014.04.07 07:59:24.455,0.7666,0.76682,1.19,1.25
2014.04.07 07:59:25.694,0.7666,0.76682,1.19,1.25
2014.04.07 07:59:26.802,0.7666,0.76683,1.19,1.19
2014.04.07 07:59:28.411,0.7666,0.76683,1.19,1.69
2014.04.07 07:59:30.134,0.7666,0.7668,1.19,1.00
2014.04.07 07:59:30.751,0.7666,0.76681,1.19,1.00
2014.04.07 07:59:31.427,0.7666,0.76681,1.19,1.19
2014.04.07 07:59:32.142,0.7666,0.76681,1.25,1.19
2014.04.07 07:59:33.840,0.7666,0.7668,1.00,1.19
2014.04.07 07:59:34.537,0.76657,0.7668,1.19,1.19
2014.04.07 07:59:35.074,0.76657,0.7668,1.19,1.19
2014.04.07 07:59:36.493,0.76657,0.7668,1.19,1.00
2014.04.07 07:59:37.044,0.76658,0.76683,1.19,1.69
2014.04.07 07:59:38.106,0.76659,0.76684,1.19,1.69
2014.04.07 07:59:39.215,0.76659,0.76684,1.69,1.69
2014.04.07 07:59:40.036,0.76661,0.76683,1.19,1.00
2014.04.07 07:59:41.033,0.7666,0.76683,1.19,1.25
2014.04.07 07:59:42.841,0.7666,0.76683,1.19,1.19
2014.04.07 07:59:44.150,0.7666,0.76683,1.19,1.19
2014.04.07 07:59:49.814,0.7666,0.76683,1.19,1.19
2014.04.07 07:59:50.842,0.76662,0.76684,1.25,1.19
2014.04.07 07:59:51.327,0.76659,0.76684,1.19,1.19
2014.04.07 07:59:52.924,0.76657,0.76683,1.69,1.69
2014.04.07 07:59:54.045,0.76659,0.76683,1.19,1.69
2014.04.07 07:59:55.548,0.76659,0.76683,1.25,1.69
