2017.08.23 03:00:00.422,0.7022,0.70241,1.00,1.37
2017.08.23 03:00:00.941,0.70219,0.7024,1.00,1.37
2017.08.23 03:00:01.273,0.70217,0.7024,1.12,1.87
2017.08.23 03:00:01.892,0.70217,0.7024,1.00,2.25
2017.08.23 03:00:02.228,0.70215,0.70237,1.00,1.00
2017.08.23 03:00:02.534,0.70214,0.70234,1.12,1.00
2017.08.23 03:00:02.733,0.70213,0.70236,1.50,1.00
2017.08.23 03:00:03.059,0.70217,0.70239,1.00,2.62
2017.08.23 03:00:04.449,0.70221,0.70239,1.00,1.37
2017.08.23 03:00:04.500,0.70219,0.70239,1.87,1.00
2017.08.23 03:00:04.551,0.70225,0.70243,1.00,1.50
2017.08.23 03:00:04.602,0.70225,0.70243,1.00,1.12
2017.08.23 03:00:04.653,0.70227,0.70246,1.00,1.37
2017.08.23 03:00:04.754,0.70227,0.70247,1.00,1.00
2017.08.23 03:00:05.675,0.70227,0.70248,1.00,1.12
2017.08.23 03:00:05.912,0.70225,0.70247,1.12,1.87
2017.08.23 03:00:06.242,0.70222,0.70243,1.00,1.50
2017.08.23 03:00:06.344,0.70225,0.70247,1.12,1.12
2017.08.23 03:00:07.023,0.70225,0.70245,1.00,1.00
2017.08.23 03:00:10.786,0.70222,0.70244,2.25,1.50
2017.08.23 03:00:10.938,0.70222,0.70244,1.12,1.50
2017.08.23 03:00:11.549,0.70221,0.70243,1.00,1.37
2017.08.23 03:00:11.752,0.70219,0.70241,1.12,1.50
2017.08.23 03:00:11.803,0.70219,0.70239,1.12,1.00
2017.08.23 03:00:12.487,0.70219,0.70239,1.50,1.00
2017.08.23 03:00:12.538,0.70221,0.70241,1.00,1.50
2017.08.23 03:00:12.690,0.70223,0.70243,1.37,1.12
2017.08.23 03:00:13.197,0.70223,0.70243,1.10,1.00
2017.08.23 03:00:14.486,0.70224,0.70244,1.00,1.12
2017.08.23 03:00:19.768,0.70221,0.70243,1.50,1.00
2017.08.23 03:00:19.870,0.70221,0.70241,1.50,1.00
2017.08.23 03:00:20.564,0.70221,0.70241,1.00,1.00
2017.08.23 03:00:29.476,0.70221,0.70243,1.12,1.50
2017.08.23 03:00:30.022,0.70221,0.70243,1.37,1.00
2017.08.23 03:00:30.825,0.70221,0.70243,1.12,1.00
2017.08.23 03:00:31.508,0.70221,0.70241,1.12,1.00
2017.08.23 03:00:32.358,0.70219,0.70241,1.00,1.50
2017.08.23 03:00:32.409,0.70221,0.7024,1.00,1.00
2017.08.23 03:00:32.685,0.70219,0.70239,1.12,1.50
2017.08.23 03:00:34.836,0.70222,0.7024,1.00,1.00
2017.08.23 03:00:34.937,0.70222,0.70242,1.00,1.87
2017.08.23 03:00:35.479,0.70222,0.70243,1.00,1.12
2017.08.23 03:00:36.174,0.70221,0.70243,1.00,1.87
2017.08.23 03:00:37.859,0.70221,0.70243,1.00,1.87
2017.08.23 03:00:38.380,0.70224,0.70245,1.00,1.50
2017.08.23 03:00:39.181,0.70224,0.70245,1.00,1.00
2017.08.23 03:00:39.959,0.70224,0.70244,1.00,1.00
2017.08.23 03:00:45.249,0.70222,0.70244,1.00,1.00
2017.08.23 03:00:47.575,0.70223,0.70245,1.00,1.87
2017.08.23 03:00:48.408,0.70225,0.70245,1.00,1.87
2017.08.23 03:00:48.803,0.70223,0.70245,1.00,1.87
2017.08.23 03:00:50.145,0.70225,0.70245,1.00,1.50
2017.08.23 03:00:51.243,0.70223,0.70245,1.00,1.50
2017.08.23 03:00:52.278,0.70223,0.70245,1.20,1.50
2017.08.23 03:00:53.243,0.70223,0.70245,1.00,1.00
2017.08.23 03:00:53.505,0.70224,0.70246,1.20,1.00
2017.08.23 03:00:54.039,0.70224,0.70246,1.57,1.37
2017.08.23 03:00:57.333,0.70224,0.70246,1.37,1.87
2017.08.23 03:00:58.508,0.70224,0.70244,1.37,1.00
2017.08.23 03:00:58.815,0.70221,0.70242,1.37,1.12
2017.08.23 03:00:59.118,0.70218,0.7024,1.75,1.00
2017.08.23 03:00:59.169,0.70219,0.7024,1.00,1.00
2017.08.23 03:00:59.544,0.70219,0.70237,1.00,1.00
2017.08.23 03:00:59.646,0.70215,0.70235,1.12,1.00
2017.08.23 03:00:59.798,0.70214,0.70232,1.00,1.00
2017.08.23 03:00:59.849,0.70208,0.7023,2.25,1.00
2017.08.23 03:01:00.039,0.70208,0.7023,1.87,1.50
2017.08.23 03:01:00.563,0.70209,0.70233,1.37,1.00
2017.08.23 03:01:00.866,0.70214,0.70234,1.00,1.00
2017.08.23 03:01:01.080,0.70211,0.70233,1.12,1.87
2017.08.23 03:01:01.182,0.70208,0.7023,1.75,1.00
2017.08.23 03:01:01.436,0.70208,0.70233,1.50,1.50
2017.08.23 03:01:01.988,0.70213,0.70235,1.00,1.00
2017.08.23 03:01:02.378,0.70212,0.70233,1.37,1.00
2017.08.23 03:01:02.429,0.70212,0.70232,1.00,1.00
2017.08.23 03:01:02.582,0.70209,0.70231,1.50,1.00
2017.08.23 03:01:02.948,0.70209,0.70227,1.00,1.00
2017.08.23 03:01:03.050,0.70205,0.70225,1.12,1.00
2017.08.23 03:01:03.303,0.70202,0.70224,1.50,1.87
2017.08.23 03:01:03.944,0.70201,0.70223,1.12,1.00
2017.08.23 03:01:04.148,0.70203,0.70225,1.00,2.25
2017.08.23 03:01:04.452,0.70205,0.70227,1.50,1.00
2017.08.23 03:01:04.755,0.70205,0.70225,1.00,1.00
2017.08.23 03:01:06.997,0.70206,0.70226,1.00,1.12
2017.08.23 03:01:07.099,0.70207,0.70229,1.00,1.12
2017.08.23 03:01:07.201,0.70205,0.70227,2.25,1.00
2017.08.23 03:01:07.729,0.70208,0.70228,1.00,1.00
2017.08.23 03:01:07.904,0.70205,0.70227,1.00,1.00
2017.08.23 03:01:10.050,0.70206,0.70228,1.00,1.12
2017.08.23 03:01:10.202,0.70205,0.70225,1.12,1.00
2017.08.23 03:01:11.207,0.70204,0.70224,1.12,1.00
2017.08.23 03:01:12.601,0.70204,0.70226,1.00,1.00
2017.08.23 03:01:13.921,0.70204,0.70226,1.37,1.00
2017.08.23 03:01:14.565,0.70203,0.70225,2.25,1.00
2017.08.23 03:01:16.230,0.70206,0.70226,1.00,1.00
2017.08.23 03:01:16.788,0.70203,0.70225,2.25,1.00
2017.08.23 03:01:20.810,0.70207,0.70227,1.00,1.00
2017.08.23 03:01:20.861,0.70208,0.7023,1.00,1.50
2017.08.23 03:01:21.657,0.70208,0.7023,1.00,1.12
2017.08.23 03:01:22.481,0.70208,0.7023,1.37,1.00
2017.08.23 03:01:23.309,0.70208,0.7023,1.00,1.50
2017.08.23 03:01:24.997,0.70206,0.70228,1.37,1.00
2017.08.23 03:01:25.949,0.70207,0.70229,1.50,1.12
2017.08.23 03:01:26.252,0.7021,0.70231,1.00,1.12
2017.08.23 03:01:26.353,0.70211,0.70233,1.12,1.50
2017.08.23 03:01:26.404,0.70213,0.70235,1.12,1.87
2017.08.23 03:01:26.778,0.70214,0.70234,1.00,1.37
2017.08.23 03:01:26.829,0.7021,0.70232,2.25,1.87
2017.08.23 03:01:26.931,0.7021,0.7023,1.37,1.00
2017.08.23 03:01:27.033,0.7021,0.7023,1.00,1.00
2017.08.23 03:01:27.237,0.70207,0.70227,1.00,1.37
2017.08.23 03:01:27.547,0.70204,0.70226,1.87,1.12
2017.08.23 03:01:27.598,0.70204,0.70226,1.50,1.87
2017.08.23 03:01:27.702,0.70204,0.70226,1.50,1.00
2017.08.23 03:01:27.753,0.70206,0.70228,1.00,1.87
2017.08.23 03:01:28.189,0.70212,0.70231,1.00,1.00
2017.08.23 03:01:28.710,0.70212,0.70232,1.00,1.00
2017.08.23 03:01:32.076,0.70209,0.70231,1.75,1.00
2017.08.23 03:01:32.311,0.70208,0.70231,1.37,1.50
2017.08.23 03:01:32.463,0.70208,0.70229,1.00,1.00
2017.08.23 03:01:32.999,0.70207,0.70229,1.50,1.50
2017.08.23 03:01:35.938,0.70208,0.7023,1.00,1.50
2017.08.23 03:01:36.242,0.70211,0.70231,1.00,1.00
2017.08.23 03:01:36.973,0.7021,0.7023,1.00,1.00
2017.08.23 03:01:37.620,0.70209,0.70229,1.00,1.00
2017.08.23 03:01:38.130,0.70207,0.70229,1.50,1.00
2017.08.23 03:01:38.650,0.70206,0.70228,1.37,1.50
2017.08.23 03:01:39.259,0.70206,0.70228,1.00,1.50
2017.08.23 03:01:39.931,0.70205,0.70227,1.12,1.00
2017.08.23 03:01:40.949,0.70205,0.70227,1.37,1.00
2017.08.23 03:01:41.581,0.70205,0.70227,1.00,1.00
2017.08.23 03:01:42.242,0.70205,0.70227,1.37,1.00
2017.08.23 03:01:42.904,0.70207,0.70227,1.00,1.00
2017.08.23 03:01:43.317,0.70203,0.70225,1.87,1.00
2017.08.23 03:01:43.418,0.70201,0.70223,2.25,1.12
2017.08.23 03:01:43.469,0.70203,0.70225,1.00,2.25
2017.08.23 03:01:43.520,0.70197,0.70217,1.75,1.00
2017.08.23 03:01:43.571,0.70197,0.70217,1.37,1.37
2017.08.23 03:01:44.222,0.70197,0.70217,1.00,1.00
2017.08.23 03:01:44.736,0.70196,0.70216,1.00,1.00
2017.08.23 03:01:45.608,0.70196,0.70218,1.00,1.00
2017.08.23 03:01:45.812,0.70203,0.70222,1.00,1.00
2017.08.23 03:01:45.863,0.70203,0.70225,1.00,1.37
2017.08.23 03:01:46.191,0.70203,0.70225,1.50,1.00
2017.08.23 03:01:46.695,0.70203,0.70225,1.50,1.00
2017.08.23 03:01:47.251,0.70203,0.70225,1.12,1.37
2017.08.23 03:01:48.098,0.70202,0.70222,1.37,1.00
2017.08.23 03:01:48.250,0.70199,0.70221,2.25,1.00
2017.08.23 03:01:48.301,0.70199,0.70221,2.25,1.00
2017.08.23 03:01:48.860,0.702,0.70225,1.37,1.87
2017.08.23 03:01:48.961,0.70202,0.70222,1.00,1.00
2017.08.23 03:01:49.560,0.70204,0.70224,1.00,1.00
2017.08.23 03:01:50.098,0.70203,0.70223,1.00,1.00
2017.08.23 03:01:50.424,0.70205,0.70227,1.00,1.50
2017.08.23 03:01:51.211,0.70205,0.70227,1.00,1.37
2017.08.23 03:01:52.120,0.70205,0.70227,1.37,1.00
2017.08.23 03:01:53.331,0.70205,0.70225,1.00,1.00
2017.08.23 03:01:53.849,0.70206,0.70226,1.00,1.50
2017.08.23 03:01:54.623,0.70206,0.70228,1.00,1.50
2017.08.23 03:01:55.148,0.70206,0.70228,1.00,1.50
2017.08.23 03:01:55.199,0.70204,0.70224,1.50,1.00
2017.08.23 03:01:56.019,0.70206,0.70226,1.00,1.00
2017.08.23 03:01:58.802,0.70206,0.70224,1.00,1.00
2017.08.23 03:01:58.853,0.70206,0.70226,1.00,1.00
2017.08.23 03:01:58.954,0.70204,0.70226,1.50,1.00
2017.08.23 03:01:59.827,0.70204,0.70225,1.00,1.00
2017.08.23 03:02:00.377,0.70204,0.70226,1.50,1.00
2017.08.23 03:02:01.207,0.70204,0.70226,1.87,1.00
2017.08.23 03:02:01.789,0.70206,0.70228,1.00,1.50
2017.08.23 03:02:01.840,0.70208,0.70229,1.00,1.00
2017.08.23 03:02:02.143,0.7021,0.7023,1.00,1.50
2017.08.23 03:02:02.484,0.7021,0.70231,1.00,1.12
2017.08.23 03:02:02.995,0.70211,0.70231,1.50,1.00
2017.08.23 03:02:03.764,0.70213,0.70235,1.00,1.75
2017.08.23 03:02:04.092,0.70214,0.70236,1.00,1.50
2017.08.23 03:02:06.673,0.70214,0.70236,1.00,1.50
2017.08.23 03:02:10.509,0.70214,0.70236,1.00,1.12
2017.08.23 03:02:12.880,0.70216,0.70238,1.00,1.75
2017.08.23 03:02:12.932,0.70215,0.70238,1.87,1.12
2017.08.23 03:02:13.156,0.70215,0.70238,1.87,1.00
2017.08.23 03:02:13.389,0.70215,0.70238,1.87,1.12
2017.08.23 03:02:14.174,0.70216,0.70238,1.12,1.00
2017.08.23 03:02:14.225,0.70216,0.70236,1.87,1.00
2017.08.23 03:02:14.780,0.70217,0.70236,1.00,1.00
2017.08.23 03:02:14.997,0.70215,0.70236,1.00,1.00
2017.08.23 03:02:15.525,0.70215,0.70236,1.37,1.00
2017.08.23 03:02:16.183,0.70215,0.70235,1.12,1.00
2017.08.23 03:02:19.103,0.70215,0.70236,1.12,1.00
2017.08.23 03:02:19.154,0.70215,0.70234,1.00,1.00
2017.08.23 03:02:19.449,0.70215,0.70236,1.00,1.00
2017.08.23 03:02:20.427,0.70215,0.70237,1.87,1.12
2017.08.23 03:02:26.505,0.70215,0.70238,1.50,1.12
2017.08.23 03:02:26.666,0.70217,0.70238,1.00,1.50
2017.08.23 03:02:27.330,0.70217,0.70239,1.00,1.50
2017.08.23 03:02:27.837,0.70217,0.70236,1.00,1.00
2017.08.23 03:02:28.041,0.70211,0.70232,1.12,1.00
2017.08.23 03:02:31.351,0.70211,0.70233,1.50,1.00
2017.08.23 03:02:32.677,0.70211,0.70232,1.12,1.00
2017.08.23 03:02:33.655,0.70212,0.70232,1.00,1.00
2017.08.23 03:02:34.888,0.70212,0.70232,1.00,1.37
2017.08.23 03:02:35.557,0.70212,0.70232,1.00,1.00
2017.08.23 03:02:35.976,0.70212,0.70232,1.00,1.37
2017.08.23 03:02:38.686,0.70212,0.70232,1.00,1.12
2017.08.23 03:02:38.888,0.70211,0.70232,1.00,1.37
2017.08.23 03:02:39.251,0.7021,0.70232,1.87,1.12
2017.08.23 03:02:39.832,0.7021,0.70231,1.12,1.00
2017.08.23 03:02:40.392,0.7021,0.70232,1.00,1.87
2017.08.23 03:02:43.565,0.70211,0.70233,1.00,2.62
2017.08.23 03:02:46.295,0.70211,0.70231,1.12,1.00
2017.08.23 03:02:59.567,0.70207,0.70229,2.25,1.37
2017.08.23 03:02:59.619,0.70205,0.70226,1.37,1.12
2017.08.23 03:02:59.670,0.70205,0.70224,1.37,1.12
2017.08.23 03:02:59.771,0.70202,0.70224,1.00,1.50
2017.08.23 03:03:00.372,0.70201,0.70223,1.87,1.37
2017.08.23 03:03:00.927,0.70201,0.70223,1.87,1.00
2017.08.23 03:03:01.287,0.70201,0.70221,1.50,1.00
2017.08.23 03:03:04.119,0.702,0.70222,1.12,1.00
2017.08.23 03:03:04.423,0.70198,0.7022,1.87,1.12
2017.08.23 03:03:04.580,0.70198,0.7022,1.00,1.12
2017.08.23 03:03:10.900,0.70199,0.70221,1.00,1.50
2017.08.23 03:03:10.951,0.70202,0.70221,1.00,1.00
2017.08.23 03:03:11.254,0.70207,0.70226,1.00,1.00
2017.08.23 03:03:11.406,0.70207,0.70229,1.50,1.12
2017.08.23 03:03:12.189,0.70208,0.7023,1.00,1.12
2017.08.23 03:03:14.479,0.70209,0.70231,1.00,1.50
2017.08.23 03:03:14.937,0.70208,0.70228,1.37,1.37
2017.08.23 03:03:15.038,0.70207,0.70228,1.12,1.37
2017.08.23 03:03:15.573,0.70207,0.70228,1.50,1.00
2017.08.23 03:03:20.177,0.70208,0.70229,1.12,1.00
2017.08.23 03:03:20.747,0.70208,0.70228,1.00,1.00
2017.08.23 03:03:28.110,0.70208,0.70229,1.00,1.00
2017.08.23 03:03:29.835,0.70207,0.70229,2.25,1.50
2017.08.23 03:03:35.470,0.70207,0.70229,1.87,1.00
2017.08.23 03:03:38.236,0.70207,0.70227,1.50,1.00
2017.08.23 03:03:38.753,0.70207,0.70228,1.50,1.00
2017.08.23 03:03:39.117,0.70203,0.70222,1.75,1.00
2017.08.23 03:03:39.168,0.70202,0.70222,1.87,1.00
2017.08.23 03:03:39.320,0.702,0.70222,1.00,1.00
2017.08.23 03:03:39.371,0.70198,0.7022,1.50,1.00
2017.08.23 03:03:39.879,0.70198,0.7022,1.00,1.12
2017.08.23 03:03:40.183,0.70198,0.70218,1.12,1.00
2017.08.23 03:03:40.735,0.70198,0.70218,1.37,1.00
2017.08.23 03:03:47.079,0.70199,0.70221,1.12,1.37
2017.08.23 03:03:47.670,0.70199,0.70219,1.12,1.00
2017.08.23 03:03:50.245,0.702,0.70221,1.00,1.37
2017.08.23 03:03:50.790,0.70199,0.70221,1.12,1.37
2017.08.23 03:03:51.496,0.70198,0.70219,1.87,1.00
2017.08.23 03:03:52.016,0.70199,0.7022,1.00,1.12
2017.08.23 03:03:55.302,0.70199,0.70221,1.00,1.37
2017.08.23 03:04:00.286,0.70199,0.70218,1.00,1.00
2017.08.23 03:04:00.668,0.70201,0.7022,1.37,1.37
2017.08.23 03:04:01.298,0.70202,0.7022,1.12,1.00
2017.08.23 03:04:02.607,0.70202,0.70223,1.12,2.25
2017.08.23 03:04:04.196,0.70202,0.70222,1.00,1.00
2017.08.23 03:04:05.267,0.70202,0.70221,1.00,1.00
2017.08.23 03:04:06.306,0.70202,0.70223,1.00,1.87
2017.08.23 03:04:11.253,0.70202,0.70222,1.00,1.00
2017.08.23 03:04:11.304,0.702,0.70222,1.50,1.00
2017.08.23 03:04:14.310,0.70203,0.70223,1.00,1.12
2017.08.23 03:04:15.017,0.70204,0.70225,1.00,1.37
2017.08.23 03:04:15.371,0.70204,0.70226,1.50,1.37
2017.08.23 03:04:15.890,0.70202,0.70224,1.87,1.00
2017.08.23 03:04:26.310,0.70202,0.70222,1.87,1.00
2017.08.23 03:04:28.279,0.702,0.7022,1.00,1.00
2017.08.23 03:04:28.382,0.70197,0.70218,1.37,1.00
2017.08.23 03:04:28.483,0.70196,0.70218,2.62,1.37
2017.08.23 03:04:29.284,0.70197,0.70218,1.00,1.37
2017.08.23 03:04:29.945,0.70198,0.70218,1.00,1.37
2017.08.23 03:04:30.427,0.70198,0.70218,1.00,1.00
2017.08.23 03:04:31.298,0.70198,0.70219,1.00,1.12
2017.08.23 03:04:48.484,0.70199,0.7022,1.00,1.00
2017.08.23 03:04:48.965,0.70196,0.70215,2.25,1.00
2017.08.23 03:04:49.117,0.70195,0.70214,1.87,1.00
2017.08.23 03:04:50.125,0.70195,0.70214,1.50,1.00
2017.08.23 03:04:50.479,0.7019,0.70209,1.75,1.00
2017.08.23 03:04:50.530,0.7019,0.70209,1.50,1.00
2017.08.23 03:04:51.074,0.7019,0.70209,1.12,1.00
2017.08.23 03:04:53.548,0.7019,0.70211,1.12,1.12
2017.08.23 03:04:55.760,0.7019,0.70211,1.37,1.12
2017.08.23 03:04:58.483,0.70192,0.70213,1.00,1.87
2017.08.23 03:04:58.635,0.70193,0.70214,1.50,1.00
2017.08.23 03:04:58.737,0.70195,0.70214,1.00,1.00
2017.08.23 03:04:58.839,0.70195,0.70217,2.25,1.00
2017.08.23 03:04:59.464,0.70196,0.70218,1.87,1.00
2017.08.23 03:04:59.966,0.70196,0.70217,1.12,1.00
2017.08.23 03:05:00.480,0.70197,0.70218,1.00,1.00
2017.08.23 03:05:00.997,0.70198,0.70219,1.00,1.87
2017.08.23 03:05:01.283,0.702,0.70219,1.00,1.12
2017.08.23 03:05:01.385,0.70198,0.70219,1.00,1.87
2017.08.23 03:05:02.563,0.702,0.70222,1.00,1.37
2017.08.23 03:05:02.664,0.702,0.70222,1.00,1.37
2017.08.23 03:05:03.239,0.70201,0.70223,1.00,2.25
2017.08.23 03:05:03.750,0.702,0.70222,1.50,1.37
2017.08.23 03:05:06.792,0.70202,0.70222,1.00,1.37
2017.08.23 03:05:06.944,0.70202,0.70224,2.25,1.50
2017.08.23 03:05:07.651,0.70203,0.70224,1.00,1.12
2017.08.23 03:05:08.310,0.70204,0.70224,1.00,1.12
2017.08.23 03:05:16.623,0.70202,0.70222,2.25,1.00
2017.08.23 03:05:16.674,0.70203,0.70224,1.37,1.12
2017.08.23 03:05:16.978,0.70202,0.70222,1.87,1.00
2017.08.23 03:05:17.080,0.70202,0.70222,1.50,1.00
2017.08.23 03:05:17.131,0.70202,0.70224,1.50,1.12
2017.08.23 03:05:17.461,0.70205,0.70226,1.12,1.87
2017.08.23 03:05:19.939,0.70205,0.70226,1.12,1.12
2017.08.23 03:05:21.984,0.70205,0.70227,1.87,1.12
2017.08.23 03:05:22.289,0.70208,0.70228,1.00,1.87
2017.08.23 03:05:22.340,0.70206,0.70228,1.00,1.87
2017.08.23 03:05:22.901,0.70205,0.70226,1.12,1.00
2017.08.23 03:05:28.595,0.70205,0.70223,1.12,1.00
2017.08.23 03:05:30.764,0.70205,0.70226,1.12,1.12
2017.08.23 03:05:31.865,0.70204,0.70223,1.87,1.00
2017.08.23 03:05:31.916,0.70204,0.70225,1.87,1.00
2017.08.23 03:05:32.119,0.70203,0.70225,1.50,1.00
2017.08.23 03:05:32.335,0.70203,0.70222,1.00,1.00
2017.08.23 03:05:32.834,0.70199,0.70222,1.75,1.12
2017.08.23 03:05:33.446,0.702,0.70222,1.00,1.50
2017.08.23 03:05:33.694,0.702,0.70219,1.00,1.00
2017.08.23 03:05:34.043,0.702,0.70222,1.50,1.50
2017.08.23 03:05:34.336,0.702,0.7022,1.00,1.00
2017.08.23 03:05:34.884,0.70199,0.70223,2.25,1.37
2017.08.23 03:05:35.443,0.70199,0.70223,1.75,1.37
2017.08.23 03:05:35.844,0.702,0.7022,1.50,1.00
2017.08.23 03:05:36.499,0.702,0.70223,1.50,1.37
2017.08.23 03:05:37.094,0.70203,0.70223,1.00,1.37
2017.08.23 03:05:37.649,0.70205,0.70225,1.00,1.37
2017.08.23 03:05:37.700,0.70205,0.70226,1.00,1.00
2017.08.23 03:05:38.242,0.70205,0.70227,1.12,1.12
2017.08.23 03:05:38.780,0.70205,0.70227,1.12,1.37
2017.08.23 03:05:38.933,0.70201,0.70223,2.25,1.00
2017.08.23 03:05:39.070,0.70201,0.70223,2.25,1.00
2017.08.23 03:05:41.155,0.70201,0.70222,1.37,1.00
2017.08.23 03:05:41.560,0.70201,0.70219,1.50,1.00
2017.08.23 03:05:41.697,0.70201,0.70223,1.50,1.50
2017.08.23 03:05:42.135,0.70201,0.70223,1.00,1.87
2017.08.23 03:05:43.858,0.70199,0.70221,1.50,1.00
2017.08.23 03:05:44.189,0.70203,0.70223,1.00,1.12
2017.08.23 03:05:45.106,0.70202,0.70222,1.00,1.00
2017.08.23 03:05:46.224,0.702,0.70222,1.12,1.00
2017.08.23 03:05:49.387,0.702,0.70222,1.00,1.37
2017.08.23 03:05:49.923,0.702,0.70222,1.00,1.00
2017.08.23 03:05:49.974,0.70202,0.70222,1.00,1.00
2017.08.23 03:05:51.394,0.70203,0.70223,1.00,1.12
2017.08.23 03:05:51.556,0.70203,0.70225,1.00,1.00
2017.08.23 03:05:51.759,0.70204,0.70225,1.37,1.00
2017.08.23 03:05:52.286,0.70206,0.70226,1.12,1.00
2017.08.23 03:05:52.790,0.70204,0.70225,1.37,1.12
2017.08.23 03:05:52.942,0.70203,0.70225,1.00,1.87
2017.08.23 03:05:53.167,0.70202,0.70222,1.12,1.00
2017.08.23 03:05:54.509,0.70203,0.70223,1.00,1.00
2017.08.23 03:05:55.704,0.70199,0.70221,1.50,1.50
2017.08.23 03:05:55.936,0.70199,0.70221,1.12,1.50
2017.08.23 03:05:56.455,0.702,0.70221,1.12,1.00
2017.08.23 03:05:56.759,0.70202,0.70224,1.00,1.37
2017.08.23 03:05:57.278,0.70202,0.70224,1.00,1.12
2017.08.23 03:05:57.789,0.70203,0.70225,1.00,1.87
2017.08.23 03:06:04.072,0.70204,0.70225,1.00,1.37
2017.08.23 03:06:05.163,0.70204,0.70226,1.37,1.37
2017.08.23 03:06:05.634,0.70208,0.70229,1.00,1.37
2017.08.23 03:06:05.685,0.70208,0.70229,1.12,1.37
2017.08.23 03:06:06.239,0.70209,0.7023,1.00,1.37
2017.08.23 03:06:06.391,0.70209,0.70231,1.00,2.62
2017.08.23 03:06:06.912,0.70207,0.7023,1.50,1.12
2017.08.23 03:06:07.036,0.70206,0.70228,1.75,1.00
2017.08.23 03:06:07.402,0.70206,0.7023,1.75,1.87
2017.08.23 03:06:08.107,0.70206,0.7023,1.50,1.95
2017.08.23 03:06:08.411,0.70204,0.70226,1.87,1.50
2017.08.23 03:06:08.946,0.70204,0.70226,1.87,1.12
2017.08.23 03:06:13.333,0.70204,0.70226,1.87,1.50
2017.08.23 03:06:14.618,0.70201,0.70223,1.37,1.12
2017.08.23 03:06:14.720,0.70201,0.70223,1.37,1.37
2017.08.23 03:06:20.294,0.70199,0.70221,1.87,1.00
2017.08.23 03:06:20.877,0.70199,0.70221,1.87,1.37
2017.08.23 03:06:20.928,0.70199,0.70221,1.87,1.37
2017.08.23 03:06:21.290,0.70199,0.70221,1.87,1.12
2017.08.23 03:06:23.359,0.70199,0.70221,1.87,1.37
2017.08.23 03:06:29.730,0.70201,0.70223,1.47,1.37
2017.08.23 03:06:29.839,0.70204,0.70226,1.00,1.75
2017.08.23 03:06:30.301,0.70201,0.70222,1.50,1.00
2017.08.23 03:06:30.403,0.70201,0.70222,1.37,1.00
2017.08.23 03:06:30.978,0.70202,0.70224,1.12,1.50
2017.08.23 03:06:31.540,0.70203,0.70224,1.00,1.50
2017.08.23 03:06:33.474,0.70201,0.70224,1.87,1.12
2017.08.23 03:06:33.985,0.70203,0.70224,1.00,1.50
2017.08.23 03:06:34.238,0.70204,0.70226,1.37,1.37
2017.08.23 03:06:34.890,0.70206,0.70226,1.00,1.37
2017.08.23 03:06:36.664,0.70206,0.70226,1.00,1.00
2017.08.23 03:06:37.205,0.70204,0.70226,1.37,1.00
2017.08.23 03:06:37.508,0.70203,0.70224,1.50,1.00
2017.08.23 03:06:37.713,0.70203,0.70224,1.00,1.00
2017.08.23 03:06:38.985,0.70201,0.70223,1.37,1.00
2017.08.23 03:06:39.258,0.70201,0.70223,1.00,1.00
2017.08.23 03:06:41.357,0.70202,0.70224,1.00,1.50
2017.08.23 03:06:42.020,0.70201,0.70223,1.00,1.00
2017.08.23 03:06:49.896,0.70202,0.70224,1.00,1.87
2017.08.23 03:06:50.437,0.70203,0.70225,1.00,2.25
2017.08.23 03:06:50.684,0.70203,0.70225,1.00,1.87
2017.08.23 03:06:50.897,0.70203,0.70223,1.00,1.00
2017.08.23 03:06:51.050,0.70203,0.70225,1.00,1.12
2017.08.23 03:06:51.706,0.70202,0.70224,1.12,1.00
2017.08.23 03:06:52.715,0.70202,0.70224,1.37,1.00
2017.08.23 03:06:53.827,0.70203,0.70225,1.12,1.12
2017.08.23 03:06:57.449,0.70204,0.70226,1.00,1.12
2017.08.23 03:06:58.259,0.70203,0.70225,1.12,1.00
2017.08.23 03:06:59.379,0.70205,0.70227,1.00,1.87
2017.08.23 03:07:01.981,0.70205,0.70227,1.00,1.50
2017.08.23 03:07:04.933,0.70205,0.70225,1.00,1.00
2017.08.23 03:07:08.285,0.70203,0.70225,1.37,1.00
2017.08.23 03:07:08.595,0.70203,0.70223,1.00,1.00
2017.08.23 03:07:09.614,0.70203,0.70225,1.00,1.00
2017.08.23 03:07:09.665,0.70203,0.70223,1.00,1.00
2017.08.23 03:07:10.198,0.70204,0.70226,1.00,1.50
2017.08.23 03:07:10.526,0.70206,0.70228,1.00,1.50
2017.08.23 03:07:11.009,0.70206,0.70228,1.37,1.00
2017.08.23 03:07:11.807,0.70206,0.70228,1.00,1.00
2017.08.23 03:07:11.858,0.70205,0.70225,1.12,1.00
2017.08.23 03:07:13.225,0.70203,0.70225,1.50,1.00
2017.08.23 03:07:14.204,0.70205,0.70227,1.00,1.37
2017.08.23 03:07:14.255,0.70205,0.70227,1.00,1.00
2017.08.23 03:07:14.533,0.70205,0.70225,1.00,1.00
2017.08.23 03:07:16.748,0.70205,0.70227,1.00,1.00
2017.08.23 03:07:17.101,0.70207,0.70227,1.00,1.00
2017.08.23 03:07:17.437,0.70209,0.70228,1.00,1.12
2017.08.23 03:07:18.674,0.70208,0.70228,1.00,1.87
2017.08.23 03:07:19.184,0.70208,0.70228,1.00,1.87
2017.08.23 03:07:20.978,0.70209,0.70229,1.00,1.12
2017.08.23 03:07:21.029,0.70212,0.7023,1.00,1.50
2017.08.23 03:07:21.761,0.70212,0.7023,1.00,1.00
2017.08.23 03:07:21.863,0.70209,0.70229,1.00,1.00
2017.08.23 03:07:22.448,0.70208,0.70228,1.00,1.87
2017.08.23 03:07:22.550,0.70207,0.70227,1.00,1.87
2017.08.23 03:07:22.854,0.70202,0.70222,1.37,1.87
2017.08.23 03:07:23.006,0.70197,0.70217,1.00,1.12
2017.08.23 03:07:23.321,0.70196,0.70215,1.00,1.12
2017.08.23 03:07:25.287,0.70198,0.70216,1.00,1.00
2017.08.23 03:07:25.947,0.70198,0.70218,1.00,1.00
2017.08.23 03:07:26.944,0.702,0.70218,1.00,1.00
2017.08.23 03:07:27.447,0.702,0.7022,1.00,1.87
2017.08.23 03:07:28.121,0.702,0.7022,1.00,1.00
2017.08.23 03:07:28.781,0.70199,0.70219,1.00,1.00
2017.08.23 03:07:31.981,0.702,0.7022,1.00,1.50
2017.08.23 03:07:32.285,0.70202,0.7022,1.00,1.00
2017.08.23 03:07:32.487,0.70203,0.70223,1.00,1.50
2017.08.23 03:07:33.035,0.70204,0.70224,1.00,1.50
2017.08.23 03:07:35.588,0.70204,0.70224,1.00,1.50
2017.08.23 03:07:36.696,0.70203,0.70223,1.00,1.12
2017.08.23 03:07:39.556,0.70203,0.70221,1.00,1.00
2017.08.23 03:07:40.204,0.70199,0.70219,1.12,1.00
2017.08.23 03:07:41.154,0.70201,0.70222,1.00,1.87
2017.08.23 03:07:41.329,0.70203,0.70222,1.00,1.12
2017.08.23 03:07:42.016,0.70203,0.70223,1.00,1.00
2017.08.23 03:07:43.067,0.70203,0.70223,1.00,1.20
2017.08.23 03:07:43.625,0.70203,0.70221,1.00,1.00
2017.08.23 03:07:44.376,0.70203,0.70223,1.00,1.57
2017.08.23 03:07:44.985,0.70203,0.70221,1.00,1.20
2017.08.23 03:07:46.425,0.70203,0.70221,1.00,1.00
2017.08.23 03:07:48.212,0.70199,0.70219,1.00,1.20
2017.08.23 03:07:48.263,0.70198,0.70217,1.00,1.00
2017.08.23 03:07:48.946,0.70198,0.70218,1.00,1.20
2017.08.23 03:07:51.471,0.702,0.70218,1.00,1.20
2017.08.23 03:07:51.876,0.70198,0.70218,1.00,1.10
2017.08.23 03:07:55.664,0.70199,0.70219,1.00,2.70
2017.08.23 03:07:56.232,0.702,0.7022,1.00,1.95
2017.08.23 03:07:56.283,0.70197,0.70217,1.00,1.00
2017.08.23 03:07:57.695,0.70196,0.70216,1.00,1.00
2017.08.23 03:07:59.018,0.70198,0.70216,1.00,1.00
2017.08.23 03:07:59.148,0.70196,0.70216,1.00,1.00
2017.08.23 03:07:59.651,0.70193,0.70215,1.75,1.00
2017.08.23 03:07:59.974,0.70193,0.70213,1.75,1.00
2017.08.23 03:08:00.414,0.70192,0.70216,1.75,1.50
2017.08.23 03:08:00.683,0.70192,0.70214,1.75,1.00
2017.08.23 03:08:00.801,0.70192,0.70216,1.75,1.00
2017.08.23 03:08:00.852,0.70192,0.70214,1.75,1.00
2017.08.23 03:08:01.091,0.70192,0.70216,1.75,1.00
2017.08.23 03:08:01.214,0.70192,0.70214,1.75,1.00
2017.08.23 03:08:01.772,0.70193,0.70213,1.75,1.00
2017.08.23 03:08:01.823,0.70192,0.70216,1.75,1.00
2017.08.23 03:08:02.537,0.70193,0.70215,1.50,1.00
2017.08.23 03:08:02.588,0.70195,0.70217,1.12,1.00
2017.08.23 03:08:10.128,0.70197,0.70217,1.00,1.00
2017.08.23 03:08:10.573,0.70195,0.70217,1.12,1.00
2017.08.23 03:08:11.759,0.70194,0.70214,1.50,1.00
2017.08.23 03:08:12.224,0.70194,0.70216,1.12,1.00
2017.08.23 03:08:12.824,0.70193,0.70215,1.50,1.00
2017.08.23 03:08:13.214,0.70195,0.70215,1.00,1.00
2017.08.23 03:08:15.405,0.70195,0.70217,1.00,1.20
2017.08.23 03:08:18.773,0.70196,0.70217,1.00,1.10
2017.08.23 03:08:20.102,0.70196,0.70217,1.00,1.07
2017.08.23 03:08:20.885,0.70196,0.70218,1.00,1.57
2017.08.23 03:08:22.102,0.70195,0.70217,1.00,1.12
2017.08.23 03:08:22.923,0.70196,0.70218,1.00,1.57
2017.08.23 03:08:23.529,0.70196,0.70216,1.00,1.00
2017.08.23 03:08:24.090,0.70195,0.70217,1.00,1.12
2017.08.23 03:08:24.774,0.70197,0.70217,1.00,1.12
2017.08.23 03:08:27.949,0.70196,0.70216,1.00,1.00
2017.08.23 03:08:28.923,0.70195,0.70215,1.00,1.00
2017.08.23 03:08:30.435,0.70195,0.70217,1.00,1.12
2017.08.23 03:08:33.844,0.70196,0.70218,1.00,1.57
2017.08.23 03:08:34.504,0.70196,0.70216,1.00,1.00
2017.08.23 03:08:38.998,0.70197,0.70217,1.00,1.10
2017.08.23 03:08:39.915,0.70196,0.70216,1.00,1.00
2017.08.23 03:08:45.464,0.70197,0.70217,1.00,1.00
2017.08.23 03:08:50.841,0.70196,0.70216,1.00,1.00
2017.08.23 03:08:56.575,0.70197,0.70217,1.00,1.00
2017.08.23 03:08:57.441,0.70198,0.70218,1.00,1.10
2017.08.23 03:09:00.495,0.70197,0.70217,1.00,1.00
2017.08.23 03:09:19.713,0.70198,0.70218,1.00,2.32
2017.08.23 03:09:20.067,0.70199,0.70219,1.00,1.50
2017.08.23 03:09:20.897,0.70198,0.70218,1.00,1.00
2017.08.23 03:09:21.635,0.70196,0.70218,1.12,1.10
2017.08.23 03:09:30.523,0.70198,0.70218,1.00,1.10
2017.08.23 03:09:31.029,0.70198,0.7022,1.12,1.95
2017.08.23 03:09:31.615,0.70198,0.70218,1.12,1.00
2017.08.23 03:09:32.153,0.70197,0.70219,1.37,1.10
2017.08.23 03:09:32.779,0.70197,0.70219,1.12,1.10
2017.08.23 03:09:34.213,0.70199,0.70221,1.12,1.20
2017.08.23 03:09:34.547,0.70201,0.70221,1.12,1.10
2017.08.23 03:09:40.032,0.70202,0.70222,1.00,1.20
2017.08.23 03:09:40.438,0.70199,0.70221,1.37,1.00
2017.08.23 03:09:40.973,0.70199,0.70219,1.37,1.00
2017.08.23 03:09:41.480,0.70198,0.70218,1.37,1.00
2017.08.23 03:09:41.531,0.70199,0.70221,1.37,1.00
2017.08.23 03:09:42.168,0.70199,0.70219,1.37,1.00
2017.08.23 03:09:42.220,0.70201,0.70221,1.00,1.50
2017.08.23 03:09:42.526,0.70197,0.70219,1.50,1.00
2017.08.23 03:09:42.681,0.70197,0.70221,1.50,1.50
2017.08.23 03:09:42.833,0.70197,0.70219,1.50,1.00
2017.08.23 03:09:43.874,0.70201,0.70221,1.00,1.50
2017.08.23 03:09:45.586,0.70199,0.70221,1.37,1.00
2017.08.23 03:09:50.892,0.702,0.70222,1.12,1.10
2017.08.23 03:09:54.094,0.70199,0.70221,1.12,1.00
2017.08.23 03:09:54.247,0.70199,0.70219,1.00,1.00
2017.08.23 03:09:54.487,0.70196,0.70218,1.12,1.12
2017.08.23 03:09:55.218,0.70196,0.70218,1.12,1.95
2017.08.23 03:09:55.960,0.70196,0.70218,1.12,1.12
2017.08.23 03:09:57.961,0.70196,0.70218,1.12,1.57
2017.08.23 03:09:58.922,0.70196,0.70218,1.37,1.57
2017.08.23 03:09:59.642,0.70196,0.70218,1.37,1.20
2017.08.23 03:10:00.648,0.70195,0.70217,1.37,1.00
2017.08.23 03:10:00.988,0.70199,0.70221,1.00,2.32
2017.08.23 03:10:01.573,0.70199,0.70221,1.37,1.10
2017.08.23 03:10:02.233,0.70199,0.70221,1.12,1.20
2017.08.23 03:10:02.947,0.70199,0.70221,1.37,1.20
2017.08.23 03:10:03.555,0.70199,0.70221,1.37,1.00
2017.08.23 03:10:06.028,0.702,0.70222,1.37,1.10
2017.08.23 03:10:06.599,0.70201,0.70223,1.12,1.20
2017.08.23 03:10:08.341,0.702,0.7022,1.37,1.00
2017.08.23 03:10:09.336,0.70199,0.70219,1.37,1.00
2017.08.23 03:10:09.870,0.70201,0.70223,1.12,1.12
2017.08.23 03:10:10.549,0.70199,0.70221,2.25,1.00
2017.08.23 03:10:11.057,0.70199,0.70221,1.37,1.00
2017.08.23 03:10:14.673,0.70199,0.70221,1.37,1.00
2017.08.23 03:10:15.645,0.70199,0.70222,1.37,1.00
2017.08.23 03:10:16.169,0.702,0.70222,1.37,1.00
2017.08.23 03:10:16.790,0.702,0.70223,1.37,2.25
2017.08.23 03:10:20.801,0.70199,0.70219,1.37,1.00
2017.08.23 03:10:20.852,0.70199,0.70221,1.37,1.00
2017.08.23 03:10:20.903,0.70197,0.70217,1.37,1.00
2017.08.23 03:10:21.359,0.70201,0.70221,1.00,1.37
2017.08.23 03:10:21.536,0.70201,0.70223,1.37,1.00
2017.08.23 03:10:21.969,0.702,0.70222,1.37,1.37
2017.08.23 03:10:22.497,0.70201,0.70223,1.00,2.25
2017.08.23 03:10:23.059,0.70199,0.70222,1.37,1.37
2017.08.23 03:10:24.101,0.70199,0.70222,1.37,1.50
2017.08.23 03:10:29.281,0.70198,0.70221,1.87,1.12
2017.08.23 03:10:37.239,0.702,0.70223,1.37,2.32
2017.08.23 03:10:41.433,0.70198,0.7022,1.37,1.00
2017.08.23 03:10:41.959,0.70195,0.70216,1.87,1.00
2017.08.23 03:10:42.016,0.70194,0.70216,3.00,1.00
2017.08.23 03:10:42.537,0.70194,0.70216,2.62,1.00
2017.08.23 03:10:43.700,0.70194,0.70215,1.37,1.00
2017.08.23 03:10:45.687,0.70194,0.70216,1.75,1.00
2017.08.23 03:10:45.840,0.70197,0.70219,1.00,1.95
2017.08.23 03:10:45.891,0.70199,0.7022,1.00,1.95
2017.08.23 03:10:46.094,0.70199,0.70221,1.00,1.20
2017.08.23 03:10:46.296,0.70198,0.70219,1.00,1.00
2017.08.23 03:10:46.647,0.7019,0.70212,1.37,1.37
2017.08.23 03:10:46.849,0.7019,0.70212,1.00,1.50
2017.08.23 03:10:47.597,0.7019,0.7021,1.00,1.00
2017.08.23 03:10:48.594,0.70191,0.70211,1.00,1.00
2017.08.23 03:10:51.061,0.70192,0.70214,1.00,1.00
2017.08.23 03:10:52.195,0.70192,0.70214,1.50,1.00
2017.08.23 03:10:52.246,0.70194,0.70217,1.00,1.37
2017.08.23 03:10:52.297,0.70196,0.70218,1.12,1.47
2017.08.23 03:10:52.500,0.70197,0.70219,1.50,1.00
2017.08.23 03:10:53.173,0.70197,0.70219,1.12,1.00
2017.08.23 03:10:53.353,0.70199,0.70221,1.00,1.20
2017.08.23 03:10:53.673,0.70201,0.70221,1.12,1.00
2017.08.23 03:11:01.424,0.702,0.70221,1.00,1.12
2017.08.23 03:11:09.426,0.702,0.70221,1.00,1.47
2017.08.23 03:11:11.082,0.70199,0.70221,1.37,1.47
2017.08.23 03:11:11.311,0.70199,0.70221,1.37,1.47
2017.08.23 03:11:12.288,0.70199,0.70221,1.37,1.47
2017.08.23 03:11:12.542,0.70199,0.70219,1.00,1.37
2017.08.23 03:11:13.073,0.70197,0.70219,1.37,1.37
2017.08.23 03:11:13.377,0.70202,0.70224,1.37,1.95
2017.08.23 03:11:13.544,0.70202,0.70224,1.12,1.12
2017.08.23 03:11:13.672,0.70199,0.70219,4.50,1.00
2017.08.23 03:11:13.723,0.70199,0.70219,3.00,1.00
2017.08.23 03:11:14.309,0.70199,0.70219,1.00,1.00
2017.08.23 03:11:15.241,0.70199,0.70221,1.12,1.12
2017.08.23 03:11:15.292,0.70199,0.70219,1.12,1.00
2017.08.23 03:11:15.343,0.702,0.70222,1.00,1.37
2017.08.23 03:11:16.213,0.70199,0.70221,1.00,1.12
2017.08.23 03:11:19.396,0.702,0.70222,1.00,1.12
2017.08.23 03:11:19.740,0.70198,0.7022,1.50,1.00
2017.08.23 03:11:21.184,0.70198,0.70221,1.50,1.00
2017.08.23 03:11:22.555,0.70198,0.7022,1.50,1.00
2017.08.23 03:11:23.066,0.70201,0.70223,1.00,1.95
2017.08.23 03:11:24.068,0.70202,0.70223,1.00,1.20
2017.08.23 03:11:26.135,0.702,0.70222,1.00,1.10
2017.08.23 03:11:26.743,0.70201,0.70223,1.00,1.95
2017.08.23 03:11:28.794,0.70202,0.70224,1.00,1.95
2017.08.23 03:11:31.989,0.70203,0.70224,1.00,1.20
2017.08.23 03:11:34.864,0.702,0.70222,1.00,1.00
2017.08.23 03:11:35.859,0.70199,0.70221,1.00,1.00
2017.08.23 03:11:40.363,0.70201,0.70221,1.00,1.00
2017.08.23 03:11:46.394,0.70201,0.70223,1.00,1.12
2017.08.23 03:11:46.943,0.70201,0.70223,1.00,1.95
2017.08.23 03:11:47.485,0.70201,0.70221,1.00,1.00
2017.08.23 03:11:49.326,0.70202,0.70224,1.00,1.47
2017.08.23 03:11:49.427,0.70202,0.70224,1.00,1.12
2017.08.23 03:11:49.663,0.70202,0.70224,1.00,1.47
2017.08.23 03:11:50.270,0.70202,0.70224,1.00,1.57
2017.08.23 03:11:56.008,0.70201,0.70223,1.00,1.20
2017.08.23 03:11:56.392,0.70203,0.70223,1.00,1.20
2017.08.23 03:11:56.615,0.702,0.70222,1.00,1.00
2017.08.23 03:11:57.608,0.70201,0.70223,1.00,1.20
2017.08.23 03:12:02.537,0.70197,0.70215,1.12,1.00
2017.08.23 03:12:02.739,0.70195,0.70215,1.00,1.00
2017.08.23 03:12:03.160,0.70195,0.70217,1.00,1.50
2017.08.23 03:12:03.825,0.70195,0.70217,1.00,1.50
2017.08.23 03:12:04.556,0.70195,0.70217,1.00,1.50
2017.08.23 03:12:05.295,0.70195,0.70217,1.00,1.12
2017.08.23 03:12:13.949,0.70195,0.70217,1.00,2.32
2017.08.23 03:12:14.794,0.70195,0.70217,1.12,1.95
2017.08.23 03:12:19.252,0.70194,0.70216,1.37,1.00
2017.08.23 03:12:20.054,0.70194,0.70216,1.00,1.12
2017.08.23 03:12:20.790,0.70195,0.70215,1.00,1.00
2017.08.23 03:12:23.274,0.70193,0.70213,1.00,1.00
2017.08.23 03:12:23.376,0.70194,0.70216,1.12,1.12
2017.08.23 03:12:23.478,0.70195,0.70217,1.87,1.00
2017.08.23 03:12:23.783,0.702,0.7022,1.00,1.12
2017.08.23 03:12:24.450,0.70198,0.7022,1.00,1.12
2017.08.23 03:12:24.501,0.70196,0.70218,1.12,1.00
2017.08.23 03:12:25.668,0.702,0.70221,1.00,1.07
2017.08.23 03:12:26.463,0.702,0.70222,1.00,1.47
2017.08.23 03:12:27.337,0.70199,0.70221,1.00,1.12
2017.08.23 03:12:27.687,0.70199,0.70221,1.00,1.57
2017.08.23 03:12:28.191,0.70199,0.70221,1.00,1.37
2017.08.23 03:12:28.525,0.70201,0.70221,1.00,1.37
2017.08.23 03:12:29.412,0.70201,0.70221,1.00,1.00
2017.08.23 03:12:29.953,0.70202,0.70222,1.00,1.12
2017.08.23 03:12:30.156,0.70199,0.70221,1.12,1.00
2017.08.23 03:12:35.321,0.70201,0.70221,1.00,1.12
2017.08.23 03:12:36.287,0.70199,0.70221,1.12,1.00
2017.08.23 03:12:36.547,0.70197,0.70219,1.37,1.12
2017.08.23 03:12:36.598,0.70197,0.70219,1.00,1.12
2017.08.23 03:12:37.117,0.70198,0.7022,1.00,1.37
2017.08.23 03:12:42.459,0.702,0.7022,1.00,1.00
2017.08.23 03:12:43.006,0.702,0.70222,1.00,1.95
2017.08.23 03:12:43.557,0.702,0.70222,1.00,1.50
2017.08.23 03:12:45.945,0.70201,0.70222,1.00,1.00
2017.08.23 03:12:47.166,0.70201,0.70223,1.00,1.85
2017.08.23 03:12:56.846,0.70202,0.70222,1.00,1.12
2017.08.23 03:12:57.495,0.70202,0.70225,1.00,1.95
2017.08.23 03:12:58.970,0.70203,0.70225,1.00,1.95
2017.08.23 03:13:00.948,0.70204,0.70226,1.00,1.50
2017.08.23 03:13:01.609,0.70204,0.70226,1.00,1.50
2017.08.23 03:13:10.212,0.70203,0.70225,1.00,1.37
2017.08.23 03:13:10.801,0.70203,0.70223,1.00,1.00
2017.08.23 03:13:11.462,0.70201,0.70223,1.87,1.00
2017.08.23 03:13:20.259,0.70202,0.70224,1.12,1.12
2017.08.23 03:13:22.424,0.70202,0.70224,1.12,1.37
2017.08.23 03:13:22.576,0.70203,0.70225,1.00,2.25
2017.08.23 03:13:28.440,0.70203,0.70225,1.00,2.70
2017.08.23 03:13:29.031,0.70202,0.70224,1.00,1.37
2017.08.23 03:13:32.819,0.70201,0.70223,1.00,1.37
2017.08.23 03:13:36.454,0.702,0.70222,1.12,1.37
2017.08.23 03:13:46.463,0.70199,0.70221,1.12,1.12
2017.08.23 03:13:47.083,0.70202,0.70224,1.00,2.32
2017.08.23 03:13:47.237,0.70203,0.70225,1.00,2.32
2017.08.23 03:13:50.840,0.70204,0.70226,1.00,1.95
2017.08.23 03:13:51.350,0.70203,0.70223,1.00,1.12
2017.08.23 03:13:54.261,0.70205,0.70227,1.00,1.75
2017.08.23 03:13:54.413,0.70212,0.70233,1.00,1.50
2017.08.23 03:13:54.616,0.70212,0.70234,1.12,1.12
2017.08.23 03:13:54.668,0.70211,0.70231,1.87,1.00
2017.08.23 03:13:55.247,0.70211,0.70231,1.00,1.00
2017.08.23 03:13:55.298,0.70209,0.70231,1.12,1.00
2017.08.23 03:14:06.086,0.70208,0.7023,1.37,1.00
2017.08.23 03:14:06.187,0.7021,0.70232,1.00,1.20
2017.08.23 03:14:06.440,0.70208,0.70228,1.12,1.00
2017.08.23 03:14:06.894,0.70211,0.70231,1.00,2.32
2017.08.23 03:14:07.568,0.70211,0.70231,1.00,1.57
2017.08.23 03:14:09.348,0.70207,0.70229,1.37,1.00
2017.08.23 03:14:09.449,0.70208,0.7023,1.12,1.10
2017.08.23 03:14:09.702,0.70205,0.70225,1.12,1.00
2017.08.23 03:14:10.133,0.70208,0.7023,1.00,1.95
2017.08.23 03:14:10.721,0.70208,0.7023,1.00,1.10
2017.08.23 03:14:11.844,0.70206,0.70228,1.12,2.70
2017.08.23 03:14:12.521,0.70206,0.70228,1.00,1.95
2017.08.23 03:14:13.182,0.70205,0.70227,1.00,1.20
2017.08.23 03:14:13.489,0.70207,0.70227,1.00,1.20
2017.08.23 03:14:13.766,0.70209,0.70231,1.00,1.20
2017.08.23 03:14:14.311,0.70209,0.70231,1.00,1.95
2017.08.23 03:14:16.124,0.70208,0.7023,1.00,1.20
2017.08.23 03:14:17.389,0.70208,0.7023,1.00,1.47
2017.08.23 03:14:18.867,0.70208,0.7023,1.00,1.20
2017.08.23 03:14:19.019,0.70211,0.70231,1.00,1.00
2017.08.23 03:14:19.069,0.70209,0.70231,1.12,1.50
2017.08.23 03:14:19.273,0.70213,0.70233,1.00,1.57
2017.08.23 03:14:19.577,0.7021,0.7023,1.12,1.00
2017.08.23 03:14:19.629,0.7021,0.70228,1.12,1.00
2017.08.23 03:14:19.731,0.70206,0.70226,1.37,1.00
2017.08.23 03:14:20.264,0.70206,0.70228,1.00,1.87
2017.08.23 03:14:20.778,0.70207,0.70228,1.00,1.37
2017.08.23 03:14:21.497,0.70209,0.70228,1.00,1.37
2017.08.23 03:14:21.760,0.70207,0.70228,1.00,1.37
2017.08.23 03:14:23.723,0.70205,0.70223,1.12,1.50
2017.08.23 03:14:23.903,0.70203,0.70222,1.00,1.00
2017.08.23 03:14:24.009,0.70203,0.70224,1.37,1.10
2017.08.23 03:14:24.060,0.70205,0.70226,1.00,1.12
2017.08.23 03:14:24.601,0.70202,0.70224,2.25,1.00
2017.08.23 03:14:24.652,0.70202,0.70224,2.25,1.00
2017.08.23 03:14:24.922,0.70205,0.70225,1.00,1.57
2017.08.23 03:14:25.500,0.70206,0.70226,1.00,1.00
2017.08.23 03:14:27.556,0.70203,0.70223,1.00,1.10
2017.08.23 03:14:27.658,0.70203,0.70225,1.37,1.57
2017.08.23 03:14:28.181,0.70205,0.70225,1.00,1.57
2017.08.23 03:14:28.697,0.70204,0.70225,1.37,1.10
2017.08.23 03:14:29.130,0.70204,0.70224,1.00,1.00
2017.08.23 03:14:30.634,0.70204,0.70225,1.00,1.10
2017.08.23 03:14:30.836,0.70205,0.70227,1.00,1.95
2017.08.23 03:14:31.424,0.70207,0.70229,1.00,1.50
2017.08.23 03:14:31.730,0.70207,0.70227,1.00,1.12
2017.08.23 03:14:39.903,0.70203,0.70225,1.75,1.50
2017.08.23 03:14:41.024,0.70206,0.70225,1.00,1.00
2017.08.23 03:14:41.605,0.70204,0.70225,1.37,1.00
2017.08.23 03:14:48.094,0.70205,0.70226,1.12,1.12
2017.08.23 03:14:48.567,0.70207,0.70227,1.00,1.00
2017.08.23 03:14:51.093,0.70206,0.70227,1.00,1.00
2017.08.23 03:14:51.701,0.70206,0.70227,1.00,1.37
2017.08.23 03:14:54.479,0.70206,0.70227,1.00,1.00
2017.08.23 03:14:55.148,0.70207,0.70227,1.00,1.00
2017.08.23 03:14:56.172,0.70202,0.70222,1.50,1.00
2017.08.23 03:14:56.274,0.702,0.70222,2.25,1.00
2017.08.23 03:14:56.375,0.702,0.70222,1.37,1.00
2017.08.23 03:14:56.507,0.70198,0.7022,1.50,1.00
2017.08.23 03:14:56.768,0.70198,0.7022,1.50,1.00
2017.08.23 03:14:57.957,0.702,0.70222,1.00,1.50
2017.08.23 03:14:58.478,0.702,0.70222,1.37,1.00
2017.08.23 03:14:59.434,0.70199,0.70221,1.37,1.00
2017.08.23 03:15:01.316,0.702,0.70222,1.37,1.00
2017.08.23 03:15:01.842,0.70201,0.70223,1.12,1.57
2017.08.23 03:15:02.440,0.702,0.70222,1.37,1.00
2017.08.23 03:15:04.905,0.70202,0.70223,1.12,1.00
2017.08.23 03:15:06.613,0.70203,0.70225,1.37,1.57
2017.08.23 03:15:06.816,0.70209,0.7023,1.00,1.12
2017.08.23 03:15:07.577,0.7021,0.7023,1.00,1.57
2017.08.23 03:15:08.150,0.7021,0.7023,1.00,1.95
2017.08.23 03:15:14.539,0.7021,0.7023,1.00,1.57
2017.08.23 03:15:15.140,0.70209,0.70229,1.00,1.00
2017.08.23 03:15:15.646,0.7021,0.7023,1.00,1.10
2017.08.23 03:15:16.204,0.70209,0.7023,1.00,1.00
2017.08.23 03:15:16.963,0.70208,0.70229,1.00,1.00
2017.08.23 03:15:22.379,0.70208,0.7023,1.00,1.50
2017.08.23 03:15:25.715,0.70208,0.70228,1.00,1.00
2017.08.23 03:15:27.372,0.70209,0.7023,1.00,1.50
2017.08.23 03:15:27.913,0.70209,0.70228,1.00,1.00
2017.08.23 03:15:29.285,0.70207,0.70228,1.12,1.00
2017.08.23 03:15:30.936,0.70206,0.70227,1.37,1.00
2017.08.23 03:15:40.328,0.70205,0.70226,1.50,1.00
2017.08.23 03:15:40.451,0.70205,0.70226,1.12,1.00
2017.08.23 03:15:41.307,0.70206,0.70226,1.00,1.00
2017.08.23 03:15:42.819,0.70207,0.70227,1.00,1.50
2017.08.23 03:15:44.400,0.70207,0.70228,1.00,1.12
2017.08.23 03:15:46.173,0.70207,0.70229,1.12,1.00
2017.08.23 03:15:46.224,0.70209,0.70229,1.00,1.12
2017.08.23 03:15:46.658,0.70206,0.70228,1.37,1.00
2017.08.23 03:15:47.271,0.70209,0.70229,1.00,1.50
2017.08.23 03:15:47.783,0.70208,0.70228,1.00,1.10
2017.08.23 03:15:49.693,0.70208,0.70228,1.00,1.20
2017.08.23 03:15:51.675,0.70207,0.70227,1.12,1.10
2017.08.23 03:15:52.334,0.70205,0.70227,1.50,2.32
2017.08.23 03:15:54.905,0.70205,0.70227,1.50,2.25
2017.08.23 03:15:55.721,0.70204,0.70223,1.37,1.00
2017.08.23 03:15:55.873,0.70201,0.70222,1.12,1.00
2017.08.23 03:15:58.865,0.70201,0.70221,1.12,1.00
2017.08.23 03:15:59.170,0.70202,0.70224,1.00,1.50
2017.08.23 03:15:59.695,0.70207,0.70224,1.00,1.00
2017.08.23 03:15:59.746,0.70204,0.70225,1.00,1.50
2017.08.23 03:16:00.236,0.70202,0.70224,1.12,1.87
2017.08.23 03:16:00.802,0.70203,0.70224,1.00,1.12
2017.08.23 03:16:01.379,0.70203,0.70223,1.00,1.00
2017.08.23 03:16:01.893,0.70202,0.70222,1.00,1.00
2017.08.23 03:16:02.227,0.70203,0.70224,1.50,1.20
2017.08.23 03:16:02.419,0.70204,0.70226,1.87,1.87
2017.08.23 03:16:02.929,0.70205,0.70226,1.00,1.57
2017.08.23 03:16:02.980,0.70204,0.70223,1.00,1.00
2017.08.23 03:16:03.082,0.70207,0.70227,1.12,1.00
2017.08.23 03:16:03.497,0.70207,0.70229,1.12,2.32
2017.08.23 03:16:03.599,0.70209,0.70229,1.00,1.12
2017.08.23 03:16:04.180,0.70209,0.7023,1.00,1.10
2017.08.23 03:16:04.700,0.70211,0.7023,1.00,1.10
2017.08.23 03:16:06.751,0.70211,0.70229,1.00,1.00
2017.08.23 03:16:07.005,0.70211,0.70231,1.00,1.95
2017.08.23 03:16:07.788,0.70212,0.70231,1.00,1.57
2017.08.23 03:16:10.842,0.70209,0.70231,1.12,2.70
2017.08.23 03:16:11.056,0.70208,0.70228,1.12,1.00
2017.08.23 03:16:13.513,0.70208,0.70229,1.12,1.00
2017.08.23 03:16:15.925,0.70207,0.70227,1.37,1.00
2017.08.23 03:16:16.478,0.70206,0.70228,1.37,1.57
2017.08.23 03:16:16.793,0.7021,0.70228,1.00,1.00
2017.08.23 03:16:17.007,0.70207,0.70228,1.37,1.12
2017.08.23 03:16:17.360,0.70206,0.70227,1.37,1.37
2017.08.23 03:16:17.662,0.70208,0.70228,1.12,1.00
2017.08.23 03:16:19.209,0.70209,0.7023,1.00,1.85
2017.08.23 03:16:19.720,0.7021,0.7023,1.00,1.47
2017.08.23 03:16:20.858,0.70209,0.70229,1.00,1.12
2017.08.23 03:16:21.418,0.70209,0.70228,1.00,1.12
2017.08.23 03:16:24.108,0.70209,0.70228,1.00,1.37
2017.08.23 03:16:24.620,0.70207,0.70229,1.37,1.95
2017.08.23 03:16:25.226,0.70211,0.70231,1.00,1.95
2017.08.23 03:16:25.327,0.70211,0.70231,1.00,1.00
2017.08.23 03:16:25.984,0.70211,0.7023,1.00,1.00
2017.08.23 03:16:26.136,0.70211,0.70226,1.00,1.12
2017.08.23 03:16:26.187,0.70204,0.70226,1.87,1.12
2017.08.23 03:16:26.238,0.70204,0.70225,1.87,1.00
2017.08.23 03:16:26.739,0.70204,0.70226,1.87,2.32
2017.08.23 03:16:27.352,0.70204,0.70226,1.87,1.57
2017.08.23 03:16:27.864,0.70206,0.70226,1.37,1.00
2017.08.23 03:16:35.841,0.70206,0.70227,1.75,1.00
2017.08.23 03:16:36.145,0.70209,0.7023,1.00,1.37
2017.08.23 03:16:36.781,0.70208,0.7023,1.12,1.95
2017.08.23 03:16:37.598,0.70209,0.7023,1.00,1.57
2017.08.23 03:16:39.900,0.70211,0.70233,1.50,1.87
2017.08.23 03:16:39.951,0.70211,0.70233,1.50,1.37
2017.08.23 03:16:40.691,0.70213,0.70233,1.50,1.00
2017.08.23 03:16:40.793,0.70213,0.7023,1.00,1.00
2017.08.23 03:16:41.047,0.70206,0.70228,2.25,1.00
2017.08.23 03:16:41.589,0.70208,0.70229,1.50,1.00
2017.08.23 03:16:42.093,0.70206,0.70228,1.12,2.25
2017.08.23 03:16:42.194,0.70206,0.70226,1.12,1.10
2017.08.23 03:16:42.346,0.70204,0.70226,1.00,2.70
2017.08.23 03:16:43.076,0.70204,0.70224,1.00,1.00
2017.08.23 03:16:43.639,0.70206,0.70226,1.00,1.57
2017.08.23 03:16:57.414,0.70206,0.70228,1.50,1.87
2017.08.23 03:16:58.373,0.70206,0.70228,1.50,1.87
2017.08.23 03:16:58.913,0.70206,0.70228,1.50,1.87
2017.08.23 03:17:01.745,0.70205,0.70227,1.50,1.00
2017.08.23 03:17:03.861,0.70206,0.70228,1.12,2.32
2017.08.23 03:17:07.034,0.70206,0.70228,1.12,2.25
2017.08.23 03:17:07.734,0.70207,0.70228,1.00,1.50
2017.08.23 03:17:11.217,0.70208,0.70228,1.00,2.25
2017.08.23 03:17:13.397,0.70204,0.70226,1.87,1.00
2017.08.23 03:17:14.067,0.70207,0.70229,1.00,2.25
2017.08.23 03:17:14.371,0.70209,0.7023,1.75,1.00
2017.08.23 03:17:19.240,0.70213,0.70234,1.00,1.75
2017.08.23 03:17:19.341,0.70213,0.70234,1.00,1.37
2017.08.23 03:17:19.443,0.70213,0.70235,1.37,1.87
2017.08.23 03:17:29.509,0.70215,0.70235,1.00,1.00
2017.08.23 03:17:31.526,0.70217,0.70236,1.00,1.20
2017.08.23 03:17:31.577,0.70215,0.70237,1.00,2.32
2017.08.23 03:17:31.679,0.70212,0.70234,1.75,1.12
2017.08.23 03:17:32.735,0.70216,0.70235,1.00,1.00
2017.08.23 03:17:33.193,0.70213,0.70235,1.50,1.00
2017.08.23 03:17:33.396,0.70213,0.70235,1.00,2.70
2017.08.23 03:17:34.676,0.70214,0.70234,1.00,1.95
2017.08.23 03:17:36.906,0.70212,0.70234,1.00,1.95
2017.08.23 03:17:40.249,0.70211,0.70232,1.00,1.00
2017.08.23 03:17:40.847,0.70209,0.70231,1.87,1.12
2017.08.23 03:17:41.373,0.70209,0.70231,1.87,1.37
2017.08.23 03:17:44.919,0.70209,0.70231,1.37,1.10
2017.08.23 03:17:45.180,0.70208,0.7023,1.00,1.20
2017.08.23 03:17:50.969,0.70209,0.70231,1.00,2.32
2017.08.23 03:17:51.132,0.70213,0.70231,1.00,1.50
2017.08.23 03:17:51.284,0.70208,0.7023,1.37,1.20
2017.08.23 03:17:51.385,0.70207,0.70228,1.12,1.00
2017.08.23 03:17:51.695,0.70209,0.70228,1.12,1.47
2017.08.23 03:17:51.898,0.70209,0.7023,1.12,1.00
2017.08.23 03:17:51.949,0.70211,0.70231,1.00,1.95
2017.08.23 03:17:52.495,0.70212,0.70233,1.00,1.95
2017.08.23 03:17:54.672,0.7021,0.70232,1.00,1.37
2017.08.23 03:17:56.996,0.70208,0.70228,1.50,1.00
2017.08.23 03:17:57.231,0.70204,0.70226,1.37,1.20
2017.08.23 03:17:57.383,0.70207,0.70228,1.37,3.07
2017.08.23 03:17:57.636,0.70207,0.70229,1.37,1.45
2017.08.23 03:17:58.339,0.70207,0.7023,1.50,2.32
2017.08.23 03:17:58.490,0.70208,0.70227,1.37,1.20
2017.08.23 03:17:58.794,0.70207,0.70227,1.00,1.57
2017.08.23 03:17:58.955,0.70205,0.70227,1.00,2.32
2017.08.23 03:17:59.947,0.70207,0.70227,1.00,2.32
2017.08.23 03:18:00.099,0.70205,0.70225,1.00,1.12
2017.08.23 03:18:00.150,0.70204,0.70223,1.50,1.50
2017.08.23 03:18:00.252,0.70201,0.70222,1.37,1.00
2017.08.23 03:18:00.779,0.70201,0.70221,1.12,1.00
2017.08.23 03:18:01.086,0.70198,0.70219,1.12,1.00
2017.08.23 03:18:01.138,0.70199,0.70221,1.37,1.12
2017.08.23 03:18:01.442,0.70204,0.70224,1.00,1.00
2017.08.23 03:18:01.750,0.70203,0.70223,1.00,1.95
2017.08.23 03:18:01.954,0.702,0.70222,1.25,1.95
2017.08.23 03:18:05.802,0.70199,0.70221,1.12,2.32
2017.08.23 03:18:06.470,0.70199,0.7022,1.12,1.07
2017.08.23 03:18:06.999,0.70199,0.7022,1.12,1.00
2017.08.23 03:18:07.540,0.702,0.7022,1.00,1.00
2017.08.23 03:18:09.420,0.70197,0.70218,1.50,1.00
2017.08.23 03:18:09.522,0.70197,0.70218,1.12,1.45
2017.08.23 03:18:10.023,0.70196,0.70216,1.00,3.07
2017.08.23 03:18:10.176,0.7019,0.70212,1.37,1.57
2017.08.23 03:18:10.278,0.70189,0.70209,1.00,1.00
2017.08.23 03:18:10.581,0.70193,0.70208,1.00,1.37
2017.08.23 03:18:10.995,0.70193,0.70213,1.12,1.47
2017.08.23 03:18:11.197,0.70193,0.70215,1.12,1.47
2017.08.23 03:18:11.767,0.70193,0.70213,1.00,1.10
2017.08.23 03:18:16.653,0.7019,0.7021,1.75,1.20
2017.08.23 03:18:17.056,0.70188,0.70207,1.00,2.32
2017.08.23 03:18:17.604,0.70187,0.70207,1.00,2.70
2017.08.23 03:18:18.632,0.7019,0.70207,1.00,1.37
2017.08.23 03:18:19.708,0.70192,0.70207,1.00,1.37
2017.08.23 03:18:19.911,0.70195,0.70214,1.00,1.12
2017.08.23 03:18:20.065,0.70192,0.70213,1.00,1.20
2017.08.23 03:18:20.116,0.70191,0.70209,1.12,1.00
2017.08.23 03:18:20.445,0.70191,0.70209,1.00,1.57
2017.08.23 03:18:20.652,0.70189,0.70208,1.00,1.45
2017.08.23 03:18:21.157,0.7019,0.70206,1.00,1.07
2017.08.23 03:18:21.207,0.70186,0.70206,1.00,1.07
2017.08.23 03:18:21.460,0.70186,0.70206,1.00,1.57
2017.08.23 03:18:25.684,0.70186,0.70206,1.00,1.57
2017.08.23 03:18:25.836,0.70186,0.70207,1.00,1.95
2017.08.23 03:18:26.038,0.70188,0.70207,1.00,1.47
2017.08.23 03:18:26.415,0.7019,0.70207,1.00,1.37
2017.08.23 03:18:26.722,0.70187,0.70207,1.00,1.37
2017.08.23 03:18:26.842,0.7019,0.70207,1.00,1.37
2017.08.23 03:18:28.183,0.70188,0.70208,1.00,1.47
2017.08.23 03:18:28.443,0.7019,0.70208,1.00,1.37
2017.08.23 03:18:28.545,0.7019,0.70209,1.00,1.50
2017.08.23 03:18:43.867,0.70189,0.70209,1.00,1.50
2017.08.23 03:18:46.047,0.70195,0.70213,1.00,1.82
2017.08.23 03:18:46.148,0.70195,0.70214,1.00,1.47
2017.08.23 03:18:46.250,0.70195,0.70214,1.00,1.12
2017.08.23 03:18:46.352,0.70191,0.70213,1.87,1.00
2017.08.23 03:18:46.844,0.7019,0.70212,1.37,3.07
2017.08.23 03:18:46.949,0.70189,0.70209,1.00,1.00
2017.08.23 03:18:47.645,0.70189,0.7021,1.00,1.12
2017.08.23 03:18:48.536,0.70191,0.7021,1.00,1.12
2017.08.23 03:18:48.980,0.70193,0.70212,1.00,1.47
2017.08.23 03:18:50.149,0.70194,0.70212,1.00,1.47
2017.08.23 03:18:50.200,0.70191,0.70213,1.37,1.95
2017.08.23 03:18:50.352,0.7019,0.70211,1.00,1.50
2017.08.23 03:18:50.542,0.70188,0.7021,1.12,1.87
2017.08.23 03:18:50.757,0.70185,0.70207,1.00,1.50
2017.08.23 03:18:51.150,0.70187,0.70207,1.00,1.00
2017.08.23 03:18:51.925,0.70185,0.70207,1.00,2.25
2017.08.23 03:18:52.026,0.70188,0.70207,1.00,1.50
2017.08.23 03:18:54.177,0.70185,0.70205,1.00,1.00
2017.08.23 03:18:54.278,0.70183,0.70205,1.12,2.62
2017.08.23 03:18:54.688,0.70183,0.70202,1.12,1.00
2017.08.23 03:18:55.009,0.7018,0.70198,1.37,1.37
2017.08.23 03:18:55.302,0.70179,0.702,1.37,1.37
2017.08.23 03:18:55.907,0.7018,0.702,1.37,1.37
2017.08.23 03:18:58.014,0.7018,0.702,1.12,1.37
2017.08.23 03:18:58.200,0.70175,0.70195,1.50,1.00
2017.08.23 03:18:58.251,0.70172,0.70192,1.12,1.00
2017.08.23 03:18:58.598,0.70172,0.70189,1.00,1.12
2017.08.23 03:18:59.257,0.70172,0.70192,1.00,1.12
2017.08.23 03:19:00.563,0.70174,0.70194,1.00,1.37
2017.08.23 03:19:00.715,0.70171,0.70193,1.00,2.25
2017.08.23 03:19:01.602,0.70172,0.70192,1.00,1.00
2017.08.23 03:19:09.108,0.7017,0.70191,1.00,1.00
2017.08.23 03:19:09.363,0.70167,0.70189,1.37,1.87
2017.08.23 03:19:10.101,0.70169,0.70189,1.50,1.37
2017.08.23 03:19:10.762,0.7017,0.70189,1.00,1.37
2017.08.23 03:19:14.883,0.70168,0.70189,1.12,1.37
2017.08.23 03:19:15.390,0.70169,0.70189,1.12,1.37
2017.08.23 03:19:15.919,0.70168,0.7019,1.12,2.25
2017.08.23 03:19:15.992,0.70168,0.7019,1.00,2.25
2017.08.23 03:19:17.888,0.70166,0.70188,1.12,1.87
2017.08.23 03:19:17.939,0.70166,0.70186,1.12,1.37
2017.08.23 03:19:18.192,0.70161,0.70181,1.00,1.00
2017.08.23 03:19:18.609,0.70162,0.70184,1.12,1.87
2017.08.23 03:19:19.244,0.70159,0.70181,1.00,1.00
2017.08.23 03:19:19.746,0.70159,0.7018,1.12,1.37
2017.08.23 03:19:19.999,0.70159,0.70181,1.00,1.12
2017.08.23 03:19:20.608,0.70158,0.70181,1.12,1.12
2017.08.23 03:19:20.887,0.70158,0.70181,1.37,1.12
2017.08.23 03:19:21.191,0.70158,0.70179,1.12,1.00
2017.08.23 03:19:21.590,0.70157,0.70179,1.00,1.87
2017.08.23 03:19:22.776,0.70156,0.70176,1.50,1.00
2017.08.23 03:19:24.294,0.70156,0.70176,1.12,1.00
2017.08.23 03:19:26.330,0.70156,0.70176,1.37,1.00
2017.08.23 03:19:28.240,0.70156,0.70176,1.12,1.00
2017.08.23 03:19:28.545,0.70154,0.70175,1.37,1.37
2017.08.23 03:19:32.198,0.70153,0.70175,1.37,1.12
2017.08.23 03:19:32.249,0.70153,0.70175,1.00,1.50
2017.08.23 03:19:32.769,0.70154,0.70176,1.50,1.37
2017.08.23 03:19:33.618,0.70156,0.70176,1.00,1.37
2017.08.23 03:19:33.770,0.70158,0.70178,1.00,1.12
2017.08.23 03:19:39.416,0.7016,0.70181,1.00,1.37
2017.08.23 03:19:39.578,0.70161,0.70184,1.12,1.87
2017.08.23 03:19:39.629,0.70163,0.70184,1.00,1.12
2017.08.23 03:19:41.509,0.70163,0.70184,1.37,1.00
2017.08.23 03:19:42.164,0.70165,0.70185,1.00,1.00
2017.08.23 03:19:44.419,0.70164,0.70184,1.00,1.00
2017.08.23 03:19:46.224,0.70164,0.70186,1.00,1.20
2017.08.23 03:19:47.177,0.70164,0.70184,1.00,1.00
2017.08.23 03:19:51.485,0.70156,0.70176,1.47,1.00
2017.08.23 03:19:51.536,0.7016,0.7018,1.37,1.12
2017.08.23 03:19:52.021,0.70158,0.70178,1.00,1.00
2017.08.23 03:19:52.072,0.70154,0.70176,1.37,1.50
2017.08.23 03:19:52.173,0.70154,0.70175,1.00,1.00
2017.08.23 03:19:52.768,0.70154,0.70174,1.00,1.00
2017.08.23 03:19:55.046,0.70154,0.70176,1.00,1.00
2017.08.23 03:19:56.943,0.70155,0.70177,1.00,1.00
2017.08.23 03:19:58.858,0.70157,0.70177,1.00,1.00
2017.08.23 03:20:00.389,0.70159,0.70178,1.00,1.50
2017.08.23 03:20:00.491,0.7016,0.70181,1.00,1.12
2017.08.23 03:20:00.541,0.70162,0.70184,1.00,1.75
2017.08.23 03:20:00.592,0.70162,0.70184,1.00,1.50
2017.08.23 03:20:01.115,0.70162,0.70184,1.00,1.87
2017.08.23 03:20:01.166,0.7016,0.70182,1.12,1.12
2017.08.23 03:20:09.495,0.70164,0.70184,1.00,1.00
2017.08.23 03:20:10.066,0.70162,0.70184,1.00,1.00
2017.08.23 03:20:10.167,0.70161,0.70181,1.12,1.00
2017.08.23 03:20:11.228,0.70158,0.7018,1.50,1.00
2017.08.23 03:20:11.926,0.7016,0.7018,1.00,1.37
2017.08.23 03:20:12.687,0.70158,0.7018,1.37,1.37
2017.08.23 03:20:13.291,0.70158,0.7018,1.37,1.00
2017.08.23 03:20:17.133,0.70157,0.70179,1.85,1.00
2017.08.23 03:20:17.184,0.70156,0.70176,1.50,1.00
2017.08.23 03:20:17.337,0.70154,0.70176,1.85,1.12
2017.08.23 03:20:17.969,0.70154,0.70176,1.37,1.12
2017.08.23 03:20:19.044,0.70153,0.70174,1.37,1.00
2017.08.23 03:20:19.145,0.70153,0.70173,1.00,1.00
2017.08.23 03:20:20.176,0.70151,0.70173,1.12,1.12
2017.08.23 03:20:20.940,0.70151,0.70173,1.00,1.37
2017.08.23 03:20:22.238,0.70151,0.70171,1.00,1.00
2017.08.23 03:20:22.787,0.70152,0.70174,1.10,1.00
2017.08.23 03:20:23.344,0.70151,0.70173,1.12,1.00
2017.08.23 03:20:33.596,0.70152,0.70174,1.00,1.00
2017.08.23 03:20:33.647,0.70155,0.70175,1.00,1.00
2017.08.23 03:20:33.951,0.70155,0.70175,1.87,1.00
2017.08.23 03:20:36.613,0.70155,0.70175,1.87,1.00
2017.08.23 03:20:37.220,0.70155,0.70172,1.00,1.00
2017.08.23 03:20:37.271,0.70152,0.70172,1.37,1.37
2017.08.23 03:20:37.372,0.7015,0.70172,1.50,1.00
2017.08.23 03:20:38.174,0.7015,0.7017,1.50,1.00
2017.08.23 03:20:46.351,0.70151,0.70173,1.00,1.12
2017.08.23 03:20:47.509,0.70153,0.70173,1.50,1.00
2017.08.23 03:20:47.560,0.70154,0.70175,1.00,1.12
2017.08.23 03:20:47.611,0.70156,0.70177,1.00,1.37
2017.08.23 03:20:47.713,0.70156,0.70177,1.00,1.00
2017.08.23 03:20:47.764,0.70156,0.70177,1.37,1.00
2017.08.23 03:20:48.349,0.70156,0.70177,1.50,1.00
2017.08.23 03:20:50.285,0.70156,0.70178,1.87,1.00
2017.08.23 03:20:51.371,0.70156,0.70178,1.50,1.00
2017.08.23 03:20:51.951,0.70156,0.70178,1.50,1.37
2017.08.23 03:20:54.367,0.70156,0.70176,1.50,1.00
2017.08.23 03:20:57.659,0.70154,0.70176,1.87,1.00
2017.08.23 03:21:00.152,0.70154,0.70175,1.12,1.00
2017.08.23 03:21:00.760,0.70155,0.70175,1.00,1.00
2017.08.23 03:21:10.293,0.70154,0.70174,1.50,1.00
2017.08.23 03:21:10.861,0.70155,0.70175,1.00,1.00
2017.08.23 03:21:14.979,0.70155,0.70177,1.00,1.20
2017.08.23 03:21:16.626,0.70155,0.70177,1.00,1.20
2017.08.23 03:21:17.185,0.70154,0.70176,1.50,1.00
2017.08.23 03:21:17.592,0.70157,0.70179,1.00,1.47
2017.08.23 03:21:17.895,0.70159,0.7018,1.50,1.12
2017.08.23 03:21:18.570,0.70159,0.70179,1.00,1.00
2017.08.23 03:21:21.594,0.70158,0.7018,1.00,1.10
2017.08.23 03:21:21.897,0.70158,0.70179,1.00,1.95
2017.08.23 03:21:21.999,0.70157,0.70179,1.00,2.32
2017.08.23 03:21:22.201,0.70157,0.70179,1.00,1.95
2017.08.23 03:21:23.254,0.70158,0.70179,1.00,1.10
2017.08.23 03:21:23.709,0.70158,0.7018,1.00,1.47
2017.08.23 03:21:24.678,0.70158,0.7018,1.00,1.20
2017.08.23 03:21:25.056,0.70158,0.7018,1.00,1.95
2017.08.23 03:21:26.096,0.70158,0.7018,1.50,1.07
2017.08.23 03:21:26.758,0.70158,0.7018,1.50,1.00
2017.08.23 03:21:27.297,0.7016,0.7018,1.00,1.00
2017.08.23 03:21:27.348,0.70158,0.7018,1.50,1.00
2017.08.23 03:21:28.078,0.70158,0.7018,1.50,1.37
2017.08.23 03:21:29.260,0.70157,0.70176,1.12,1.00
2017.08.23 03:21:29.311,0.70156,0.70178,1.87,1.00
2017.08.23 03:21:30.058,0.70156,0.70177,1.00,1.00
2017.08.23 03:21:35.758,0.70156,0.70178,1.50,1.20
2017.08.23 03:21:37.950,0.70156,0.70178,1.50,1.47
2017.08.23 03:21:41.321,0.70156,0.70178,1.50,1.12
2017.08.23 03:21:43.827,0.70156,0.70177,1.00,1.00
2017.08.23 03:21:46.396,0.70156,0.70178,1.50,1.20
2017.08.23 03:21:49.149,0.70156,0.70177,1.00,1.00
2017.08.23 03:21:49.598,0.70155,0.70177,1.87,1.47
2017.08.23 03:21:49.985,0.70156,0.70178,1.50,1.12
2017.08.23 03:21:50.036,0.70158,0.70178,1.00,1.12
2017.08.23 03:21:50.138,0.70158,0.7018,1.87,1.20
2017.08.23 03:21:50.587,0.70157,0.70178,1.87,1.00
2017.08.23 03:21:50.928,0.70155,0.70176,1.87,1.00
2017.08.23 03:21:51.586,0.70156,0.70176,1.00,1.00
2017.08.23 03:21:52.413,0.70156,0.70177,1.00,1.00
2017.08.23 03:21:54.941,0.70156,0.70176,1.00,1.12
2017.08.23 03:21:56.015,0.70154,0.70176,1.50,1.12
2017.08.23 03:21:57.923,0.70156,0.70176,1.00,1.12
2017.08.23 03:21:58.918,0.70157,0.70177,1.00,1.37
2017.08.23 03:21:59.201,0.70158,0.70178,1.00,1.00
2017.08.23 03:21:59.925,0.70158,0.70178,1.00,1.37
2017.08.23 03:22:01.515,0.70158,0.70178,1.00,1.00
2017.08.23 03:22:02.563,0.70158,0.7018,1.00,1.37
2017.08.23 03:22:03.417,0.7016,0.70181,1.00,1.37
2017.08.23 03:22:03.670,0.7016,0.70181,1.00,1.12
2017.08.23 03:22:06.828,0.70161,0.70181,1.00,1.37
2017.08.23 03:22:07.346,0.7016,0.7018,1.50,1.00
2017.08.23 03:22:12.334,0.7016,0.70182,1.50,1.37
2017.08.23 03:22:15.079,0.70158,0.7018,1.12,1.12
2017.08.23 03:22:15.277,0.70158,0.70178,1.12,1.00
2017.08.23 03:22:18.872,0.70156,0.70178,1.00,1.12
2017.08.23 03:22:18.924,0.70156,0.70178,1.37,1.00
2017.08.23 03:22:18.975,0.70156,0.70178,1.12,1.00
2017.08.23 03:22:19.026,0.70156,0.70176,1.12,1.00
2017.08.23 03:22:19.756,0.70157,0.70179,1.00,1.50
2017.08.23 03:22:19.923,0.70157,0.70179,1.37,1.10
2017.08.23 03:22:19.975,0.70159,0.70181,1.12,1.12
2017.08.23 03:22:20.729,0.70159,0.70181,1.12,1.50
2017.08.23 03:22:21.300,0.70159,0.70179,1.12,1.00
2017.08.23 03:22:23.938,0.70158,0.70178,1.37,1.00
2017.08.23 03:22:24.763,0.70158,0.70178,1.12,1.00
2017.08.23 03:22:26.338,0.70158,0.7018,1.00,1.00
2017.08.23 03:22:27.075,0.70158,0.7018,1.37,1.00
2017.08.23 03:22:27.734,0.70158,0.7018,1.00,1.00
2017.08.23 03:22:29.847,0.70157,0.70179,1.10,1.00
2017.08.23 03:22:33.955,0.70159,0.70179,1.00,1.00
2017.08.23 03:22:40.521,0.70158,0.70178,1.00,1.00
2017.08.23 03:22:44.553,0.70158,0.7018,1.00,1.12
2017.08.23 03:22:47.335,0.70159,0.70181,1.00,2.62
2017.08.23 03:22:52.202,0.70157,0.70179,1.20,1.12
2017.08.23 03:22:52.954,0.70156,0.70178,1.47,1.00
2017.08.23 03:23:00.412,0.70158,0.70178,1.00,1.00
2017.08.23 03:23:00.514,0.70158,0.7018,1.57,1.00
2017.08.23 03:23:01.209,0.70158,0.7018,1.57,1.00
2017.08.23 03:23:01.871,0.70158,0.7018,2.32,1.00
2017.08.23 03:23:02.580,0.70162,0.70182,1.00,1.37
2017.08.23 03:23:02.856,0.70159,0.70181,1.45,1.00
2017.08.23 03:23:03.521,0.70159,0.7018,1.07,1.00
2017.08.23 03:23:05.749,0.7016,0.7018,1.20,1.00
2017.08.23 03:23:05.800,0.7016,0.70182,1.57,1.00
2017.08.23 03:23:05.953,0.7016,0.70182,1.57,1.00
2017.08.23 03:23:06.535,0.70159,0.70181,1.57,1.00
2017.08.23 03:23:07.125,0.70159,0.70181,1.57,1.00
2017.08.23 03:23:08.756,0.7016,0.70182,1.20,1.00
2017.08.23 03:23:09.276,0.7016,0.70182,1.57,1.00
2017.08.23 03:23:09.885,0.7016,0.70182,1.57,1.00
2017.08.23 03:23:14.322,0.70162,0.70182,1.00,1.00
2017.08.23 03:23:14.838,0.70159,0.70181,1.95,1.00
2017.08.23 03:23:15.534,0.70161,0.7018,1.10,1.00
2017.08.23 03:23:16.057,0.70159,0.70181,1.57,1.00
2017.08.23 03:23:17.725,0.7016,0.70181,1.10,1.12
2017.08.23 03:23:18.485,0.70159,0.70179,1.07,1.00
2017.08.23 03:23:18.638,0.70157,0.70179,1.57,1.12
2017.08.23 03:23:20.366,0.70159,0.70181,1.00,1.37
2017.08.23 03:23:20.868,0.70157,0.70179,1.95,1.00
2017.08.23 03:23:24.018,0.70158,0.7018,1.10,1.12
2017.08.23 03:23:24.119,0.70158,0.70178,1.45,1.00
2017.08.23 03:23:24.322,0.7016,0.70182,1.20,1.12
2017.08.23 03:23:25.044,0.70161,0.70183,1.10,1.00
2017.08.23 03:23:25.564,0.7016,0.70182,1.20,1.00
2017.08.23 03:23:26.608,0.7016,0.70183,1.45,1.00
2017.08.23 03:23:26.760,0.70164,0.70184,1.00,1.00
2017.08.23 03:23:26.942,0.70166,0.70188,1.00,1.87
2017.08.23 03:23:27.444,0.70165,0.70187,1.12,1.12
2017.08.23 03:23:27.495,0.70162,0.70184,3.07,1.00
2017.08.23 03:23:27.799,0.70164,0.70186,1.12,1.00
2017.08.23 03:23:28.319,0.70163,0.70183,1.57,1.00
2017.08.23 03:23:28.882,0.70161,0.70181,1.45,1.00
2017.08.23 03:23:29.486,0.70161,0.70181,1.95,1.00
2017.08.23 03:23:30.030,0.70161,0.70181,1.20,1.00
2017.08.23 03:23:30.350,0.70162,0.70183,1.45,1.12
2017.08.23 03:23:30.633,0.70161,0.70183,1.45,1.12
2017.08.23 03:23:31.391,0.70161,0.70183,1.45,1.37
2017.08.23 03:23:32.009,0.70159,0.70181,1.57,1.00
2017.08.23 03:23:32.809,0.70159,0.70181,1.57,1.00
2017.08.23 03:23:35.026,0.70159,0.70181,1.45,1.00
2017.08.23 03:23:35.403,0.70159,0.70181,1.57,1.00
2017.08.23 03:23:35.710,0.70161,0.70181,2.32,1.00
2017.08.23 03:23:35.761,0.70162,0.70184,1.95,1.00
2017.08.23 03:23:35.863,0.70166,0.70186,1.00,1.12
2017.08.23 03:23:36.800,0.70164,0.70186,1.45,1.50
2017.08.23 03:23:39.386,0.70164,0.70186,1.95,1.50
2017.08.23 03:23:55.426,0.70165,0.70187,1.20,1.12
2017.08.23 03:23:57.539,0.70165,0.70187,1.20,1.12
2017.08.23 03:24:01.146,0.70165,0.70187,1.20,1.50
2017.08.23 03:24:01.897,0.70165,0.70187,1.20,1.12
2017.08.23 03:24:09.980,0.70165,0.70185,1.00,1.00
2017.08.23 03:24:13.460,0.70165,0.70185,1.45,1.00
2017.08.23 03:24:13.763,0.70167,0.70189,1.45,2.25
2017.08.23 03:24:14.086,0.70168,0.70189,1.45,1.00
2017.08.23 03:24:14.460,0.70166,0.70187,1.82,1.00
2017.08.23 03:24:14.611,0.70164,0.70184,1.00,1.12
2017.08.23 03:24:14.663,0.70164,0.70181,1.00,1.00
2017.08.23 03:24:15.900,0.7016,0.70181,1.95,1.12
2017.08.23 03:24:16.911,0.70162,0.70182,1.95,1.00
2017.08.23 03:24:17.440,0.70163,0.70182,1.45,1.00
2017.08.23 03:24:18.107,0.70162,0.70182,1.45,1.00
2017.08.23 03:24:18.747,0.7016,0.7018,1.57,1.00
2017.08.23 03:24:18.798,0.7016,0.7018,1.10,1.00
2017.08.23 03:24:18.950,0.70157,0.70178,1.57,1.37
2017.08.23 03:24:19.001,0.70157,0.70178,1.57,1.37
2017.08.23 03:24:19.884,0.70157,0.70175,1.07,1.00
2017.08.23 03:24:19.935,0.70153,0.70173,1.95,1.00
2017.08.23 03:24:20.037,0.70153,0.70173,1.10,1.87
2017.08.23 03:24:23.934,0.70153,0.70174,1.20,1.87
2017.08.23 03:24:25.849,0.70152,0.70174,1.57,1.87
2017.08.23 03:24:26.525,0.70152,0.70174,1.20,1.87
2017.08.23 03:24:28.740,0.70148,0.70167,1.10,1.00
2017.08.23 03:24:29.043,0.70144,0.70165,1.12,1.87
2017.08.23 03:24:29.347,0.70148,0.70168,1.45,1.50
2017.08.23 03:24:29.542,0.70151,0.7017,1.20,1.00
2017.08.23 03:24:30.193,0.70149,0.7017,1.10,1.00
2017.08.23 03:24:32.390,0.7015,0.70172,1.00,2.25
2017.08.23 03:24:38.153,0.7015,0.70172,2.25,1.12
2017.08.23 03:24:39.446,0.7015,0.70172,2.70,1.12
2017.08.23 03:24:39.548,0.7015,0.70172,1.50,1.12
2017.08.23 03:24:40.057,0.70149,0.70171,1.47,1.37
2017.08.23 03:24:40.663,0.70149,0.70171,1.47,1.00
2017.08.23 03:24:41.325,0.70151,0.70171,1.00,1.00
2017.08.23 03:24:45.190,0.70148,0.70167,1.50,1.00
2017.08.23 03:24:45.292,0.70147,0.70167,1.12,1.00
2017.08.23 03:24:45.453,0.70145,0.70167,1.12,1.00
2017.08.23 03:24:45.504,0.70145,0.70166,1.00,1.37
2017.08.23 03:24:46.169,0.70144,0.70166,1.50,1.87
2017.08.23 03:24:46.534,0.70142,0.70161,1.00,1.37
2017.08.23 03:24:47.211,0.7014,0.70161,1.00,1.37
2017.08.23 03:24:47.926,0.70139,0.70161,1.10,1.87
2017.08.23 03:24:50.167,0.70142,0.70161,1.00,1.37
2017.08.23 03:24:51.307,0.70142,0.70162,1.00,1.50
2017.08.23 03:24:51.832,0.70143,0.70163,1.12,1.37
2017.08.23 03:24:52.354,0.70145,0.70165,1.20,1.37
2017.08.23 03:24:52.506,0.70147,0.70167,1.00,1.87
2017.08.23 03:24:52.709,0.70143,0.70162,1.00,1.00
2017.08.23 03:24:52.912,0.70141,0.70162,1.00,1.12
2017.08.23 03:24:53.129,0.70142,0.70162,1.45,1.12
2017.08.23 03:24:53.594,0.70144,0.70163,1.57,1.00
2017.08.23 03:24:54.253,0.70144,0.70164,1.95,1.00
2017.08.23 03:24:55.638,0.70144,0.70166,1.87,1.12
2017.08.23 03:24:55.790,0.70145,0.70165,2.25,1.00
2017.08.23 03:24:56.334,0.70147,0.70167,1.50,1.37
2017.08.23 03:24:56.759,0.70149,0.70168,1.00,1.37
2017.08.23 03:24:56.911,0.7015,0.7017,1.00,1.50
2017.08.23 03:24:57.063,0.70148,0.7017,1.00,1.50
2017.08.23 03:25:00.258,0.7015,0.7017,1.00,1.12
2017.08.23 03:25:00.639,0.70148,0.7017,1.50,1.12
2017.08.23 03:25:00.750,0.70148,0.7017,1.50,1.12
2017.08.23 03:25:00.904,0.70148,0.7017,1.12,1.12
2017.08.23 03:25:02.129,0.70148,0.70168,1.12,1.00
2017.08.23 03:25:02.550,0.70148,0.7017,1.00,1.12
2017.08.23 03:25:02.702,0.7015,0.7017,1.00,1.12
2017.08.23 03:25:03.543,0.70148,0.7017,1.00,1.12
2017.08.23 03:25:04.406,0.70148,0.7017,1.37,1.12
2017.08.23 03:25:05.145,0.70148,0.7017,1.00,1.12
2017.08.23 03:25:05.416,0.7015,0.70172,1.12,1.87
2017.08.23 03:25:05.597,0.7015,0.70172,2.62,1.12
2017.08.23 03:25:09.046,0.7015,0.70172,1.87,1.12
2017.08.23 03:25:09.784,0.7015,0.70171,1.00,1.00
2017.08.23 03:25:10.312,0.70151,0.70171,1.00,1.00
2017.08.23 03:25:11.871,0.70151,0.70171,1.37,1.00
2017.08.23 03:25:12.428,0.70151,0.70171,1.12,1.00
2017.08.23 03:25:12.932,0.70149,0.70171,3.00,1.00
2017.08.23 03:25:13.384,0.70149,0.70171,3.00,1.00
2017.08.23 03:25:13.486,0.70149,0.70171,2.62,1.00
2017.08.23 03:25:14.004,0.70151,0.70171,1.12,1.00
2017.08.23 03:25:14.582,0.70151,0.70171,1.37,1.00
2017.08.23 03:25:14.752,0.7015,0.70171,1.00,1.12
2017.08.23 03:25:14.915,0.7015,0.70171,1.37,1.00
2017.08.23 03:25:15.061,0.7015,0.70171,1.00,1.00
2017.08.23 03:25:15.621,0.7015,0.70171,1.37,1.00
2017.08.23 03:25:15.688,0.70151,0.70171,1.57,1.00
2017.08.23 03:25:15.991,0.70155,0.70174,1.45,1.37
2017.08.23 03:25:16.042,0.70155,0.70175,1.45,1.00
2017.08.23 03:25:16.194,0.70157,0.70177,1.45,1.37
2017.08.23 03:25:16.486,0.70163,0.70183,1.20,1.12
2017.08.23 03:25:16.906,0.70163,0.70183,1.57,1.12
2017.08.23 03:25:17.008,0.70164,0.70186,1.20,1.50
2017.08.23 03:25:17.524,0.70163,0.70185,1.00,1.87
2017.08.23 03:25:17.632,0.7016,0.70179,1.07,1.00
2017.08.23 03:25:17.835,0.70152,0.70173,1.47,1.00
2017.08.23 03:25:17.937,0.70148,0.7017,2.70,1.00
2017.08.23 03:25:18.256,0.70148,0.70169,1.12,1.37
2017.08.23 03:25:18.595,0.70148,0.70169,1.95,1.37
2017.08.23 03:25:26.456,0.70149,0.70169,1.37,1.37
2017.08.23 03:25:26.780,0.70154,0.70176,1.85,1.87
2017.08.23 03:25:26.971,0.70154,0.70176,1.20,1.87
2017.08.23 03:25:27.123,0.70154,0.70176,1.47,1.87
2017.08.23 03:25:27.329,0.70154,0.70176,1.12,1.87
2017.08.23 03:25:27.607,0.70156,0.70176,1.00,1.87
2017.08.23 03:25:27.911,0.70154,0.70176,1.12,1.87
2017.08.23 03:25:30.184,0.70155,0.70176,1.00,1.37
2017.08.23 03:25:30.713,0.70158,0.70177,1.00,1.37
2017.08.23 03:25:30.764,0.70157,0.70178,1.10,1.12
2017.08.23 03:25:31.291,0.70155,0.70177,1.82,1.00
2017.08.23 03:25:31.445,0.70155,0.70177,1.57,1.00
2017.08.23 03:25:31.757,0.70155,0.70175,1.00,1.00
2017.08.23 03:25:32.247,0.70152,0.70174,1.00,2.25
2017.08.23 03:25:33.280,0.70153,0.70174,1.00,1.50
2017.08.23 03:25:55.398,0.70149,0.70171,1.50,1.00
2017.08.23 03:25:55.600,0.70148,0.70168,1.00,1.00
2017.08.23 03:25:56.447,0.70148,0.70171,1.12,2.62
2017.08.23 03:25:57.191,0.70148,0.7017,1.37,1.37
2017.08.23 03:26:01.430,0.70148,0.7017,1.37,1.37
2017.08.23 03:26:03.715,0.70149,0.70171,1.37,1.37
2017.08.23 03:26:04.286,0.70152,0.70171,1.00,1.37
2017.08.23 03:26:06.304,0.70152,0.70172,1.00,1.37
2017.08.23 03:26:11.842,0.70154,0.70173,1.00,1.37
2017.08.23 03:26:12.045,0.70156,0.70177,1.00,1.37
2017.08.23 03:26:15.562,0.70155,0.70177,1.00,1.87
2017.08.23 03:26:17.565,0.70156,0.70177,1.00,1.37
2017.08.23 03:26:19.729,0.70156,0.70177,1.50,1.37
2017.08.23 03:26:19.831,0.70158,0.7018,1.12,1.37
2017.08.23 03:26:20.136,0.70155,0.70177,1.87,1.00
2017.08.23 03:26:20.804,0.70156,0.70178,1.37,1.00
2017.08.23 03:26:21.341,0.70157,0.70179,1.50,1.12
2017.08.23 03:26:22.591,0.70158,0.7018,1.00,1.37
2017.08.23 03:26:23.651,0.70158,0.7018,1.37,1.37
2017.08.23 03:26:24.872,0.70159,0.70181,1.37,1.37
2017.08.23 03:26:25.235,0.70162,0.70184,1.00,2.25
2017.08.23 03:26:25.286,0.70162,0.70184,1.12,1.37
2017.08.23 03:26:25.964,0.70163,0.70185,1.12,1.87
2017.08.23 03:26:31.215,0.70164,0.70185,1.00,1.37
2017.08.23 03:26:31.769,0.70164,0.70185,1.37,1.37
2017.08.23 03:26:32.280,0.70164,0.70185,1.00,1.50
2017.08.23 03:26:32.407,0.70159,0.70179,1.50,1.00
2017.08.23 03:26:32.509,0.70156,0.70176,1.50,1.00
2017.08.23 03:26:32.560,0.70156,0.70176,1.12,1.00
2017.08.23 03:26:35.962,0.70157,0.70177,1.00,1.00
2017.08.23 03:26:37.783,0.70157,0.70178,1.00,1.00
2017.08.23 03:26:39.711,0.70156,0.70178,1.12,1.12
2017.08.23 03:26:43.670,0.70157,0.70179,1.12,1.87
2017.08.23 03:26:43.974,0.70159,0.7018,1.12,1.37
2017.08.23 03:26:45.972,0.70158,0.7018,1.00,1.87
2017.08.23 03:26:52.997,0.70159,0.70179,1.00,1.37
2017.08.23 03:26:54.286,0.70157,0.70179,1.82,1.00
2017.08.23 03:26:54.387,0.70157,0.70179,1.00,1.00
2017.08.23 03:26:55.233,0.70158,0.7018,1.00,1.12
2017.08.23 03:26:56.523,0.70158,0.7018,1.37,1.12
2017.08.23 03:26:56.990,0.70158,0.7018,1.37,1.12
2017.08.23 03:26:57.638,0.7016,0.7018,1.12,1.12
2017.08.23 03:26:58.326,0.7016,0.70181,1.37,1.37
2017.08.23 03:26:59.728,0.70161,0.70181,1.37,1.37
2017.08.23 03:26:59.931,0.70162,0.70184,1.12,1.87
2017.08.23 03:27:02.668,0.70164,0.70184,1.12,1.37
2017.08.23 03:27:04.524,0.70165,0.70185,1.00,2.62
2017.08.23 03:27:04.750,0.7016,0.70182,1.12,1.12
2017.08.23 03:27:04.801,0.7016,0.70182,1.00,2.62
2017.08.23 03:27:05.587,0.7016,0.70182,1.37,1.87
2017.08.23 03:27:06.174,0.70162,0.70182,1.00,1.37
2017.08.23 03:27:07.529,0.70161,0.70182,1.00,1.37
2017.08.23 03:27:13.416,0.70161,0.70183,1.20,1.12
2017.08.23 03:27:13.734,0.70159,0.70181,1.12,1.00
2017.08.23 03:27:14.536,0.70159,0.70181,1.12,1.87
2017.08.23 03:27:14.941,0.7016,0.70181,1.37,1.37
2017.08.23 03:27:15.752,0.70162,0.70181,1.00,1.37
2017.08.23 03:27:16.402,0.70161,0.70181,1.12,1.37
2017.08.23 03:27:17.178,0.70162,0.70181,1.00,1.37
2017.08.23 03:27:18.088,0.70163,0.70181,1.00,1.37
2017.08.23 03:27:18.239,0.70164,0.70185,1.12,1.37
2017.08.23 03:27:18.801,0.7016,0.7018,1.12,1.00
2017.08.23 03:27:18.902,0.70155,0.70177,1.87,1.00
2017.08.23 03:27:18.954,0.70155,0.70177,1.87,1.00
2017.08.23 03:27:19.055,0.70155,0.70175,1.00,1.00
2017.08.23 03:27:19.566,0.70158,0.7018,1.00,1.75
2017.08.23 03:27:20.092,0.70159,0.70181,1.00,1.87
2017.08.23 03:27:21.274,0.70161,0.70181,1.00,1.37
2017.08.23 03:27:21.376,0.70161,0.70181,1.50,1.00
2017.08.23 03:27:31.944,0.70158,0.70178,2.25,1.00
2017.08.23 03:27:32.216,0.70156,0.70176,1.12,1.12
2017.08.23 03:27:32.267,0.70152,0.70174,1.50,1.00
2017.08.23 03:27:32.319,0.70154,0.70176,1.00,1.87
2017.08.23 03:27:32.370,0.70156,0.70176,1.00,1.00
2017.08.23 03:27:32.674,0.70156,0.70178,1.37,1.37
2017.08.23 03:27:32.775,0.70156,0.70178,1.75,1.00
2017.08.23 03:27:33.291,0.70158,0.7018,1.12,1.37
2017.08.23 03:27:33.493,0.70157,0.70179,1.50,1.12
2017.08.23 03:27:34.014,0.70157,0.70179,1.50,1.12
2017.08.23 03:27:34.549,0.70156,0.70178,1.95,1.00
2017.08.23 03:27:34.701,0.70156,0.70178,1.37,1.37
2017.08.23 03:27:35.336,0.70156,0.70178,1.37,1.37
2017.08.23 03:27:36.384,0.70155,0.70177,1.47,1.37
2017.08.23 03:27:37.148,0.70157,0.70179,1.00,1.87
2017.08.23 03:27:39.016,0.70157,0.70179,1.37,1.87
2017.08.23 03:27:40.412,0.70158,0.7018,1.12,1.37
2017.08.23 03:27:41.030,0.70158,0.7018,1.37,1.37
2017.08.23 03:27:41.606,0.70158,0.7018,1.12,1.37
2017.08.23 03:27:43.571,0.70157,0.70179,1.37,1.87
2017.08.23 03:27:43.824,0.70154,0.70176,1.37,1.00
2017.08.23 03:27:43.976,0.70154,0.70176,1.00,1.87
2017.08.23 03:27:45.049,0.70153,0.70175,1.00,1.37
2017.08.23 03:27:53.274,0.70154,0.70176,1.12,1.87
2017.08.23 03:27:53.526,0.70155,0.70177,1.20,1.00
2017.08.23 03:27:53.728,0.70155,0.70177,1.47,1.00
2017.08.23 03:27:56.712,0.70154,0.70177,1.50,1.00
2017.08.23 03:27:57.116,0.70154,0.70175,1.10,1.00
2017.08.23 03:27:57.871,0.70153,0.70174,1.37,1.00
2017.08.23 03:27:58.424,0.70153,0.70174,1.00,1.00
2017.08.23 03:28:00.295,0.70155,0.70175,1.00,1.00
2017.08.23 03:28:00.508,0.70156,0.70179,1.50,1.37
2017.08.23 03:28:01.020,0.70156,0.70178,1.50,1.00
2017.08.23 03:28:01.549,0.70156,0.70177,1.50,1.00
2017.08.23 03:28:03.682,0.70156,0.70176,1.50,1.00
2017.08.23 03:28:05.052,0.70156,0.70178,1.00,1.12
2017.08.23 03:28:06.025,0.70156,0.70177,1.00,1.00
2017.08.23 03:28:09.878,0.70156,0.70176,1.00,1.00
2017.08.23 03:28:10.031,0.70153,0.70174,1.20,1.00
2017.08.23 03:28:10.234,0.70152,0.70174,1.12,1.37
2017.08.23 03:28:10.545,0.70154,0.70175,1.00,1.87
2017.08.23 03:28:11.147,0.70152,0.70175,1.37,2.62
2017.08.23 03:28:14.891,0.7015,0.70171,1.50,1.00
2017.08.23 03:28:15.759,0.7015,0.70173,1.57,1.37
2017.08.23 03:28:23.206,0.70151,0.70174,1.12,1.50
2017.08.23 03:28:26.453,0.70151,0.70174,1.12,1.50
2017.08.23 03:28:27.335,0.70151,0.70174,1.37,1.50
2017.08.23 03:28:30.830,0.70153,0.70173,1.00,1.12
2017.08.23 03:28:31.873,0.70147,0.70174,1.50,1.75
2017.08.23 03:28:31.924,0.70147,0.70173,1.37,3.37
2017.08.23 03:28:32.261,0.70142,0.70163,1.12,1.12
2017.08.23 03:28:32.945,0.70143,0.70164,1.00,3.00
2017.08.23 03:28:36.021,0.70142,0.70163,1.00,1.12
2017.08.23 03:28:38.206,0.70141,0.70163,1.00,1.12
2017.08.23 03:28:47.865,0.70143,0.70163,1.00,1.12
2017.08.23 03:29:05.750,0.7014,0.70163,1.95,1.50
2017.08.23 03:29:05.801,0.70139,0.70161,1.75,1.00
2017.08.23 03:29:06.009,0.70139,0.70161,1.12,1.00
2017.08.23 03:29:07.517,0.7014,0.70163,1.20,1.37
2017.08.23 03:29:08.018,0.7014,0.70163,1.47,1.37
2017.08.23 03:29:13.522,0.7014,0.70163,1.47,1.37
2017.08.23 03:29:15.193,0.70141,0.70164,1.37,1.87
2017.08.23 03:29:16.665,0.70141,0.70164,1.37,1.87
2017.08.23 03:29:17.369,0.70141,0.70164,1.37,1.87
2017.08.23 03:29:18.692,0.70141,0.70164,1.37,1.87
2017.08.23 03:29:18.843,0.70141,0.70164,1.00,2.25
2017.08.23 03:29:19.378,0.7014,0.70161,1.00,1.00
2017.08.23 03:29:22.956,0.70142,0.70162,1.00,1.12
2017.08.23 03:29:23.159,0.70142,0.70165,1.20,1.00
2017.08.23 03:29:25.444,0.70142,0.70165,1.57,1.00
2017.08.23 03:29:25.672,0.70145,0.70167,1.95,1.37
2017.08.23 03:29:25.875,0.70147,0.70168,1.00,1.00
2017.08.23 03:29:26.639,0.70145,0.70167,1.95,1.00
2017.08.23 03:29:32.954,0.70145,0.70166,1.57,1.00
2017.08.23 03:29:35.382,0.70144,0.70166,1.50,1.00
2017.08.23 03:29:37.199,0.70143,0.70164,1.87,1.00
2017.08.23 03:29:48.986,0.70144,0.70165,1.37,1.12
2017.08.23 03:29:51.381,0.70144,0.70163,1.37,1.00
2017.08.23 03:29:55.387,0.70144,0.70163,1.00,1.00
2017.08.23 03:29:55.756,0.70133,0.70156,1.37,1.87
2017.08.23 03:29:55.807,0.70134,0.70156,1.00,2.25
2017.08.23 03:29:56.376,0.70135,0.70156,1.00,1.87
2017.08.23 03:29:57.219,0.70136,0.70159,1.57,1.37
2017.08.23 03:29:57.329,0.70138,0.70161,1.50,2.25
2017.08.23 03:29:57.380,0.7014,0.70161,1.00,2.25
2017.08.23 03:29:57.532,0.7014,0.70161,1.00,1.00
2017.08.23 03:29:57.714,0.7014,0.70159,1.00,1.00
2017.08.23 03:29:58.226,0.70141,0.70159,1.00,1.00
2017.08.23 03:29:58.277,0.70141,0.70161,1.00,1.00
2017.08.23 03:29:58.480,0.70141,0.70163,1.00,1.50
2017.08.23 03:30:02.661,0.7014,0.70163,1.50,1.50
2017.08.23 03:30:02.712,0.7014,0.70161,1.20,1.00
2017.08.23 03:30:03.278,0.70141,0.70162,1.50,1.00
2017.08.23 03:30:03.805,0.70142,0.70162,1.00,1.00
2017.08.23 03:30:07.405,0.70141,0.70162,1.00,1.00
2017.08.23 03:30:07.714,0.7014,0.7016,1.00,1.00
2017.08.23 03:30:11.144,0.7014,0.70162,1.00,1.12
2017.08.23 03:30:12.013,0.7014,0.70162,1.20,1.12
2017.08.23 03:30:12.341,0.70143,0.70164,1.00,1.75
2017.08.23 03:30:12.852,0.70143,0.70164,1.00,1.00
2017.08.23 03:30:13.594,0.70143,0.70165,1.00,1.50
2017.08.23 03:30:17.339,0.70144,0.70165,1.00,1.50
2017.08.23 03:30:18.160,0.70143,0.70164,1.87,1.00
2017.08.23 03:30:18.833,0.70143,0.70164,1.50,1.00
2017.08.23 03:30:19.523,0.70145,0.70166,1.00,1.37
2017.08.23 03:30:19.728,0.70146,0.70168,2.32,1.00
2017.08.23 03:30:19.779,0.70148,0.70171,1.37,1.37
2017.08.23 03:30:19.881,0.70151,0.70173,1.47,1.37
2017.08.23 03:30:19.982,0.70151,0.70173,1.95,1.00
2017.08.23 03:30:21.115,0.70154,0.70175,1.00,1.12
2017.08.23 03:30:21.618,0.70156,0.70178,1.00,1.37
2017.08.23 03:30:21.938,0.70162,0.70183,1.37,1.37
2017.08.23 03:30:23.367,0.70161,0.70183,1.87,1.37
2017.08.23 03:30:24.027,0.70161,0.70183,1.87,1.12
2017.08.23 03:30:24.078,0.70166,0.70188,1.00,1.75
2017.08.23 03:30:24.180,0.70166,0.70187,1.00,1.12
2017.08.23 03:30:24.231,0.70168,0.70188,1.10,1.87
2017.08.23 03:30:24.384,0.70169,0.70191,1.95,1.12
2017.08.23 03:30:24.435,0.70171,0.70191,1.00,1.12
2017.08.23 03:30:24.788,0.70169,0.70191,1.00,1.50
2017.08.23 03:30:25.358,0.70168,0.70189,1.20,1.00
2017.08.23 03:30:25.665,0.70164,0.70185,1.47,1.00
2017.08.23 03:30:26.188,0.70163,0.70185,1.42,1.12
2017.08.23 03:30:26.409,0.70163,0.70183,1.30,1.00
2017.08.23 03:30:30.956,0.70162,0.70183,1.85,1.00
2017.08.23 03:30:33.118,0.70162,0.70184,1.85,1.00
2017.08.23 03:30:33.727,0.70162,0.70184,1.57,1.00
2017.08.23 03:30:34.097,0.70165,0.70187,1.20,1.87
2017.08.23 03:30:34.429,0.70161,0.70182,1.37,1.00
2017.08.23 03:30:36.277,0.70159,0.70182,1.12,1.12
2017.08.23 03:30:37.451,0.70157,0.70175,1.37,1.00
2017.08.23 03:30:37.603,0.70153,0.70174,1.45,1.00
2017.08.23 03:30:37.827,0.70153,0.70176,1.95,1.00
2017.08.23 03:30:38.339,0.70153,0.70176,1.95,1.00
2017.08.23 03:30:39.050,0.70153,0.70175,1.20,1.00
2017.08.23 03:30:39.430,0.70153,0.70173,1.95,1.00
2017.08.23 03:30:41.703,0.70156,0.70177,1.20,1.00
2017.08.23 03:30:41.805,0.70156,0.70179,1.85,1.37
2017.08.23 03:30:41.869,0.70156,0.70179,1.95,1.00
2017.08.23 03:30:42.667,0.70156,0.70177,1.57,1.00
2017.08.23 03:30:43.346,0.70156,0.70177,1.57,1.00
2017.08.23 03:30:44.716,0.70156,0.70176,1.12,1.00
2017.08.23 03:30:52.391,0.70157,0.70177,1.00,1.37
2017.08.23 03:30:52.493,0.70157,0.7018,1.95,1.50
2017.08.23 03:30:53.016,0.70157,0.7018,1.95,1.50
2017.08.23 03:30:53.067,0.70157,0.7018,1.95,1.50
2017.08.23 03:30:53.664,0.70156,0.7018,3.07,1.50
2017.08.23 03:30:55.321,0.70156,0.7018,3.07,1.50
2017.08.23 03:30:56.304,0.70159,0.7018,1.10,1.00
2017.08.23 03:31:03.137,0.7016,0.7018,1.00,1.00
2017.08.23 03:31:04.986,0.70161,0.70181,1.00,1.50
2017.08.23 03:31:05.037,0.70164,0.70186,1.00,1.87
2017.08.23 03:31:05.088,0.70166,0.70186,1.00,1.37
2017.08.23 03:31:05.240,0.70166,0.70188,2.32,1.12
2017.08.23 03:31:07.858,0.70166,0.70187,1.20,1.00
2017.08.23 03:31:12.373,0.70167,0.70188,1.20,1.12
2017.08.23 03:31:13.412,0.70168,0.70189,1.00,1.37
2017.08.23 03:31:15.284,0.70168,0.70189,1.20,1.37
2017.08.23 03:31:22.165,0.70168,0.7019,1.50,1.37
2017.08.23 03:31:26.070,0.70169,0.70191,1.00,1.12
2017.08.23 03:31:26.121,0.70169,0.70189,1.00,1.00
2017.08.23 03:31:26.704,0.70168,0.70189,1.12,1.00
2017.08.23 03:31:27.486,0.70168,0.70189,1.12,1.37
2017.08.23 03:31:28.024,0.70168,0.70189,1.12,1.12
2017.08.23 03:31:46.358,0.70167,0.70189,1.12,1.00
2017.08.23 03:31:48.380,0.70167,0.70188,1.00,1.00
2017.08.23 03:31:49.153,0.70166,0.70188,1.00,1.37
2017.08.23 03:31:50.872,0.70166,0.70186,1.00,1.00
2017.08.23 03:31:51.565,0.70166,0.70187,1.00,1.50
2017.08.23 03:31:52.596,0.70166,0.70186,1.00,1.00
2017.08.23 03:31:54.366,0.70167,0.70189,1.00,1.37
2017.08.23 03:31:54.620,0.7017,0.70192,1.00,1.50
2017.08.23 03:31:55.488,0.70169,0.70189,1.00,1.00
2017.08.23 03:31:56.092,0.70167,0.70189,1.50,1.12
2017.08.23 03:31:58.713,0.70166,0.70187,1.87,1.00
2017.08.23 03:31:58.919,0.70164,0.70183,1.50,1.00
2017.08.23 03:31:59.021,0.70163,0.70183,1.37,1.00
2017.08.23 03:31:59.539,0.70163,0.70186,1.87,1.87
2017.08.23 03:32:00.585,0.70166,0.70186,1.37,1.37
2017.08.23 03:32:00.636,0.70168,0.70188,1.00,1.12
2017.08.23 03:32:01.171,0.70169,0.70189,1.00,1.12
2017.08.23 03:32:01.427,0.70166,0.70186,1.50,1.00
2017.08.23 03:32:01.591,0.70166,0.70186,1.00,1.00
2017.08.23 03:32:03.257,0.70164,0.70187,1.95,1.12
2017.08.23 03:32:04.126,0.70163,0.70185,1.95,1.00
2017.08.23 03:32:04.177,0.70164,0.70187,1.57,1.12
2017.08.23 03:32:04.657,0.70166,0.70187,1.00,1.12
2017.08.23 03:32:08.648,0.70165,0.70187,1.00,1.12
2017.08.23 03:32:09.417,0.70165,0.70187,1.37,1.12
2017.08.23 03:32:17.045,0.70165,0.70188,3.00,1.37
2017.08.23 03:32:17.349,0.70166,0.70185,1.37,1.00
2017.08.23 03:32:17.982,0.70165,0.70186,1.75,1.12
2017.08.23 03:32:18.495,0.70167,0.70187,1.37,1.87
2017.08.23 03:32:23.881,0.70167,0.70188,1.37,1.00
2017.08.23 03:32:24.399,0.70168,0.70189,1.50,1.00
2017.08.23 03:32:27.963,0.70167,0.70188,1.75,1.00
2017.08.23 03:32:28.221,0.70166,0.70186,1.50,1.00
2017.08.23 03:32:30.329,0.70166,0.70186,1.87,1.00
2017.08.23 03:32:31.454,0.70166,0.70186,1.87,1.00
2017.08.23 03:32:31.955,0.70166,0.70187,1.00,1.37
2017.08.23 03:32:32.006,0.70164,0.70187,1.00,1.87
2017.08.23 03:32:32.302,0.70159,0.7018,1.37,1.00
2017.08.23 03:32:32.353,0.70159,0.7018,1.00,1.00
2017.08.23 03:32:32.454,0.70156,0.70178,1.37,1.00
2017.08.23 03:32:32.809,0.70155,0.70177,1.12,1.12
2017.08.23 03:32:32.860,0.70155,0.70176,1.12,1.37
2017.08.23 03:32:33.427,0.70153,0.70173,1.37,1.00
2017.08.23 03:32:33.630,0.7015,0.70173,1.37,1.00
2017.08.23 03:32:33.981,0.70152,0.70174,1.37,1.00
2017.08.23 03:32:34.183,0.70152,0.70174,1.12,1.12
2017.08.23 03:32:34.410,0.70152,0.70174,1.37,1.00
2017.08.23 03:32:34.518,0.7015,0.70176,1.37,3.37
2017.08.23 03:32:35.220,0.7015,0.70176,1.37,3.37
2017.08.23 03:32:36.515,0.7015,0.70175,1.47,1.00
2017.08.23 03:32:36.642,0.7015,0.70176,1.47,3.00
2017.08.23 03:32:37.345,0.7015,0.70176,1.47,3.00
2017.08.23 03:32:38.688,0.70151,0.70174,1.37,1.00
2017.08.23 03:32:40.041,0.70152,0.70173,1.37,1.00
2017.08.23 03:32:42.621,0.70152,0.70173,1.37,1.00
2017.08.23 03:32:42.779,0.70152,0.70173,1.37,1.00
2017.08.23 03:32:44.999,0.70154,0.70176,1.37,1.37
2017.08.23 03:32:47.070,0.70154,0.70176,1.12,1.37
2017.08.23 03:32:47.250,0.70149,0.70176,2.25,3.37
2017.08.23 03:32:47.301,0.7015,0.70172,1.37,1.00
2017.08.23 03:32:47.454,0.7015,0.70172,1.00,1.37
2017.08.23 03:32:48.347,0.70149,0.70172,1.00,1.37
2017.08.23 03:32:49.417,0.70149,0.70172,1.37,1.37
2017.08.23 03:32:51.738,0.70149,0.70172,1.37,1.37
2017.08.23 03:32:52.422,0.70149,0.70172,1.37,1.37
2017.08.23 03:32:53.920,0.70149,0.70172,1.37,1.37
2017.08.23 03:32:55.564,0.70149,0.70172,1.37,1.37
2017.08.23 03:33:02.090,0.7015,0.70173,1.37,1.37
2017.08.23 03:33:02.782,0.7015,0.70173,1.37,1.37
2017.08.23 03:33:04.192,0.7015,0.70173,1.37,1.37
2017.08.23 03:33:06.145,0.70149,0.70173,1.37,1.37
2017.08.23 03:33:06.743,0.70149,0.70174,1.37,2.62
2017.08.23 03:33:07.414,0.70147,0.70172,1.37,1.87
2017.08.23 03:33:08.776,0.70147,0.70171,1.37,1.00
2017.08.23 03:33:09.866,0.70146,0.70169,1.50,1.00
2017.08.23 03:33:09.917,0.70145,0.70168,1.75,1.00
2017.08.23 03:33:11.650,0.70145,0.70168,1.37,1.95
2017.08.23 03:33:12.137,0.7014,0.70163,2.25,1.00
2017.08.23 03:33:12.403,0.70138,0.70161,1.37,1.95
2017.08.23 03:33:13.015,0.70137,0.70159,1.37,1.10
2017.08.23 03:33:13.820,0.70137,0.70157,1.37,1.00
2017.08.23 03:33:14.157,0.70135,0.70157,1.87,1.00
2017.08.23 03:33:14.208,0.70128,0.70151,1.75,2.70
2017.08.23 03:33:14.310,0.70128,0.70153,1.37,1.45
2017.08.23 03:33:14.412,0.70128,0.70153,1.37,1.20
2017.08.23 03:33:14.463,0.70128,0.70153,1.37,1.20
2017.08.23 03:33:14.900,0.70131,0.70154,1.37,1.95
2017.08.23 03:33:15.493,0.70129,0.70155,2.25,1.10
2017.08.23 03:33:16.318,0.70129,0.70154,2.25,1.00
2017.08.23 03:33:17.215,0.7013,0.70153,1.75,1.50
2017.08.23 03:33:17.342,0.70129,0.70149,1.75,1.10
2017.08.23 03:33:17.393,0.70126,0.70149,1.75,1.57
2017.08.23 03:33:17.494,0.70126,0.70149,1.37,1.57
2017.08.23 03:33:18.286,0.70126,0.70149,1.37,1.95
2017.08.23 03:33:18.413,0.70126,0.70149,1.37,1.57
2017.08.23 03:33:19.362,0.70125,0.70148,1.37,1.00
2017.08.23 03:33:20.089,0.70126,0.70149,1.37,1.57
2017.08.23 03:33:23.340,0.70127,0.70149,1.37,1.57
2017.08.23 03:33:23.794,0.70126,0.70147,1.37,1.20
2017.08.23 03:33:24.137,0.70119,0.70141,1.37,1.00
2017.08.23 03:33:24.239,0.70119,0.70141,1.37,1.50
2017.08.23 03:33:24.911,0.7012,0.70142,1.12,1.87
2017.08.23 03:33:26.268,0.70121,0.70142,1.00,1.87
2017.08.23 03:33:26.824,0.70122,0.70142,1.00,1.20
2017.08.23 03:33:27.026,0.70123,0.70144,1.00,1.12
2017.08.23 03:33:27.077,0.70125,0.70146,1.00,2.32
2017.08.23 03:33:27.253,0.70128,0.70149,1.00,1.50
2017.08.23 03:33:34.414,0.70126,0.70149,1.37,2.70
2017.08.23 03:33:34.515,0.70125,0.70147,1.00,2.32
2017.08.23 03:33:34.617,0.70125,0.70145,1.00,1.45
2017.08.23 03:33:34.668,0.70123,0.70145,1.00,1.45
2017.08.23 03:33:34.945,0.70123,0.70144,1.00,2.32
2017.08.23 03:33:37.027,0.70122,0.70144,1.37,2.32
2017.08.23 03:33:37.179,0.70122,0.70144,1.37,1.10
2017.08.23 03:33:37.230,0.70122,0.70144,1.37,1.45
2017.08.23 03:33:37.790,0.70122,0.70144,1.37,1.47
2017.08.23 03:33:39.998,0.70121,0.70143,1.37,1.12
2017.08.23 03:33:40.150,0.7012,0.70142,1.87,1.00
2017.08.23 03:33:40.504,0.70125,0.70145,1.00,1.37
2017.08.23 03:33:40.657,0.70128,0.70147,1.00,1.12
2017.08.23 03:33:40.759,0.70128,0.70151,1.12,1.87
2017.08.23 03:33:42.600,0.70128,0.70151,1.37,1.87
2017.08.23 03:33:43.177,0.70128,0.7015,1.12,1.87
2017.08.23 03:33:43.700,0.70127,0.70149,1.37,1.50
2017.08.23 03:33:47.639,0.70129,0.7015,1.37,1.12
2017.08.23 03:33:47.893,0.7013,0.70152,1.12,1.00
2017.08.23 03:33:48.369,0.7013,0.70152,1.75,1.00
2017.08.23 03:33:48.816,0.70129,0.7015,1.12,1.00
2017.08.23 03:33:52.634,0.70128,0.7015,1.00,1.50
2017.08.23 03:33:52.685,0.70128,0.7015,1.00,1.87
2017.08.23 03:33:53.617,0.70127,0.7015,1.00,1.37
2017.08.23 03:33:57.194,0.70127,0.7015,1.12,1.00
2017.08.23 03:33:59.256,0.70128,0.70151,1.00,1.50
2017.08.23 03:33:59.908,0.70128,0.70149,1.12,1.00
2017.08.23 03:34:00.708,0.70126,0.70148,1.50,1.00
2017.08.23 03:34:00.759,0.70126,0.70148,1.12,1.12
2017.08.23 03:34:00.860,0.70124,0.70147,1.37,1.57
2017.08.23 03:34:00.911,0.70124,0.70147,1.00,1.95
2017.08.23 03:34:00.962,0.70123,0.70144,1.00,1.00
2017.08.23 03:34:01.678,0.70124,0.70144,1.00,1.12
2017.08.23 03:34:03.116,0.70124,0.70144,1.37,1.12
2017.08.23 03:34:03.778,0.70123,0.70144,1.37,1.12
2017.08.23 03:34:07.004,0.70118,0.70139,1.75,1.00
2017.08.23 03:34:07.258,0.70116,0.70137,1.37,1.00
2017.08.23 03:34:07.360,0.70113,0.70135,1.37,1.00
2017.08.23 03:34:07.411,0.70116,0.70137,1.00,1.12
2017.08.23 03:34:07.613,0.70117,0.70138,2.25,1.37
2017.08.23 03:34:07.714,0.70115,0.70138,1.37,1.37
2017.08.23 03:34:07.867,0.70115,0.70138,1.12,1.87
2017.08.23 03:34:08.019,0.70118,0.70139,1.12,1.87
2017.08.23 03:34:08.298,0.70118,0.70139,1.12,1.00
2017.08.23 03:34:09.060,0.70117,0.70138,1.37,1.00
2017.08.23 03:34:09.719,0.70117,0.70137,1.37,1.00
2017.08.23 03:34:10.150,0.70118,0.70141,1.50,2.62
2017.08.23 03:34:10.303,0.7012,0.70143,1.00,1.87
2017.08.23 03:34:10.354,0.70118,0.70141,1.95,1.50
2017.08.23 03:34:10.887,0.70118,0.70141,1.50,1.50
2017.08.23 03:34:13.649,0.70118,0.7014,1.12,1.00
2017.08.23 03:34:14.511,0.70119,0.70141,1.00,1.00
2017.08.23 03:34:16.238,0.70118,0.7014,1.37,1.00
2017.08.23 03:34:16.928,0.70118,0.7014,1.12,1.00
2017.08.23 03:34:18.025,0.70119,0.7014,1.00,1.00
2017.08.23 03:34:19.095,0.70124,0.70145,1.00,1.37
2017.08.23 03:34:19.446,0.70122,0.70141,1.12,1.00
2017.08.23 03:34:21.884,0.7012,0.70141,1.87,1.00
2017.08.23 03:34:26.791,0.7012,0.7014,1.00,1.00
2017.08.23 03:34:27.615,0.70119,0.7014,1.12,1.00
2017.08.23 03:34:29.812,0.7012,0.7014,1.00,1.00
2017.08.23 03:34:30.583,0.7012,0.70142,1.12,2.25
2017.08.23 03:34:31.325,0.7012,0.70142,1.37,1.87
2017.08.23 03:34:32.243,0.70123,0.70141,1.50,1.00
2017.08.23 03:34:32.395,0.70126,0.70146,1.00,1.87
2017.08.23 03:34:33.156,0.70126,0.70144,1.00,1.00
2017.08.23 03:34:33.851,0.70124,0.70144,1.00,1.00
2017.08.23 03:34:34.599,0.70124,0.70143,1.00,1.00
2017.08.23 03:34:35.973,0.70125,0.70146,1.00,1.37
2017.08.23 03:34:36.502,0.70124,0.70144,1.50,1.00
2017.08.23 03:34:37.014,0.70124,0.70145,1.00,1.00
2017.08.23 03:34:39.444,0.70124,0.70144,1.00,1.00
2017.08.23 03:34:39.647,0.70121,0.70141,1.50,1.00
2017.08.23 03:34:39.799,0.70118,0.70141,2.25,1.00
2017.08.23 03:34:42.342,0.70118,0.70141,1.87,1.00
2017.08.23 03:34:48.419,0.70118,0.7014,1.12,1.00
2017.08.23 03:34:49.127,0.70119,0.70139,1.00,1.00
2017.08.23 03:34:50.181,0.70119,0.70141,1.00,1.37
2017.08.23 03:34:50.383,0.70119,0.70139,1.00,1.37
2017.08.23 03:34:51.278,0.70119,0.70139,1.37,1.37
2017.08.23 03:34:51.781,0.70119,0.70139,1.00,1.37
2017.08.23 03:34:54.743,0.7012,0.7014,1.00,1.37
2017.08.23 03:34:54.878,0.70123,0.70144,1.12,1.00
2017.08.23 03:34:55.283,0.70125,0.70145,1.00,1.00
2017.08.23 03:34:58.272,0.70121,0.70143,1.47,1.00
2017.08.23 03:34:58.434,0.70121,0.70141,1.00,1.12
2017.08.23 03:35:01.141,0.70119,0.70139,1.37,1.00
2017.08.23 03:35:01.293,0.70116,0.70139,1.37,1.00
2017.08.23 03:35:01.344,0.70115,0.70137,1.50,1.00
2017.08.23 03:35:01.395,0.70115,0.70137,1.00,1.12
2017.08.23 03:35:02.377,0.70114,0.70136,1.12,1.00
2017.08.23 03:35:04.424,0.70114,0.70136,1.50,1.00
2017.08.23 03:35:06.038,0.70114,0.70136,1.12,1.00
2017.08.23 03:35:06.089,0.70114,0.70136,1.37,1.00
2017.08.23 03:35:06.338,0.70114,0.70136,1.50,1.00
2017.08.23 03:35:07.425,0.70113,0.70135,1.57,1.00
2017.08.23 03:35:07.628,0.70113,0.70133,1.87,1.00
2017.08.23 03:35:10.479,0.70113,0.70133,1.12,1.00
2017.08.23 03:35:10.783,0.70109,0.70129,1.37,1.00
2017.08.23 03:35:12.278,0.70109,0.70129,1.37,1.00
2017.08.23 03:35:13.420,0.70111,0.70131,1.12,1.37
2017.08.23 03:35:13.521,0.70112,0.70134,1.12,2.25
2017.08.23 03:35:13.655,0.70115,0.70136,1.10,1.00
2017.08.23 03:35:13.809,0.70114,0.70136,3.45,1.00
2017.08.23 03:35:14.360,0.70114,0.70136,2.32,1.00
2017.08.23 03:35:14.411,0.70117,0.70137,1.00,1.00
2017.08.23 03:35:14.797,0.70114,0.70135,1.20,1.00
2017.08.23 03:35:15.003,0.70113,0.70133,1.37,1.00
2017.08.23 03:35:15.566,0.70113,0.70133,1.12,1.00
2017.08.23 03:35:16.744,0.70113,0.70135,1.12,1.50
2017.08.23 03:35:17.280,0.70113,0.70135,1.00,1.57
2017.08.23 03:35:18.012,0.70112,0.70134,1.00,1.00
2017.08.23 03:35:18.657,0.70111,0.70133,2.25,1.00
2017.08.23 03:35:20.501,0.70111,0.70132,1.12,1.00
2017.08.23 03:35:21.467,0.70112,0.70132,1.00,1.00
2017.08.23 03:35:22.092,0.70116,0.70136,1.00,1.20
2017.08.23 03:35:22.397,0.70118,0.70138,1.37,1.12
2017.08.23 03:35:23.064,0.70119,0.7014,1.12,1.00
2017.08.23 03:35:23.596,0.70117,0.70139,1.87,1.00
2017.08.23 03:35:24.125,0.70118,0.7014,1.37,1.50
2017.08.23 03:35:24.177,0.7012,0.70142,1.00,1.20
2017.08.23 03:35:24.379,0.7012,0.70141,1.00,1.45
2017.08.23 03:35:24.683,0.7012,0.70142,1.00,1.12
2017.08.23 03:35:24.944,0.7012,0.7014,1.00,1.00
2017.08.23 03:35:26.764,0.70118,0.7014,1.12,1.00
2017.08.23 03:35:26.815,0.7012,0.7014,1.00,1.00
2017.08.23 03:35:29.635,0.70118,0.7014,1.12,1.00
2017.08.23 03:35:30.360,0.70117,0.70139,1.37,1.00
2017.08.23 03:35:46.476,0.70117,0.70139,1.12,1.00
2017.08.23 03:35:49.610,0.70118,0.7014,1.00,1.00
2017.08.23 03:35:50.169,0.70117,0.70139,1.12,1.00
2017.08.23 03:35:50.672,0.70119,0.70139,1.00,1.00
2017.08.23 03:35:51.044,0.70117,0.70137,1.12,1.00
2017.08.23 03:36:04.078,0.70118,0.70138,1.00,1.95
2017.08.23 03:36:05.936,0.70116,0.70136,1.12,1.00
2017.08.23 03:36:09.276,0.70117,0.70138,1.00,2.25
2017.08.23 03:36:17.045,0.70115,0.70137,1.00,1.47
2017.08.23 03:36:18.010,0.70117,0.70137,1.00,1.47
2017.08.23 03:36:25.575,0.70116,0.70136,1.00,1.12
2017.08.23 03:36:27.955,0.70116,0.70137,1.00,1.20
2017.08.23 03:36:28.986,0.70115,0.70137,1.00,1.95
2017.08.23 03:36:29.987,0.70116,0.70137,1.00,1.20
2017.08.23 03:36:30.536,0.70117,0.70138,1.00,1.37
2017.08.23 03:36:32.245,0.70118,0.70137,1.00,1.12
2017.08.23 03:36:33.856,0.70117,0.70137,1.00,1.95
2017.08.23 03:36:38.844,0.70117,0.70137,1.00,1.57
2017.08.23 03:36:38.895,0.70114,0.70134,1.00,1.20
2017.08.23 03:36:39.027,0.7011,0.70132,1.37,1.95
2017.08.23 03:36:39.079,0.7011,0.70132,1.37,2.32
2017.08.23 03:36:42.589,0.7011,0.70132,1.00,2.32
2017.08.23 03:36:49.470,0.70113,0.70132,1.12,1.37
2017.08.23 03:36:49.571,0.7011,0.70132,1.00,2.32
2017.08.23 03:36:49.673,0.70112,0.70132,1.00,1.87
2017.08.23 03:36:52.535,0.70114,0.70132,1.00,1.37
2017.08.23 03:36:52.687,0.70114,0.70136,1.00,1.57
2017.08.23 03:36:53.054,0.70112,0.70134,1.12,1.10
2017.08.23 03:36:53.206,0.70112,0.70132,1.00,1.07
2017.08.23 03:36:53.733,0.70111,0.70133,1.00,2.32
2017.08.23 03:36:55.977,0.70116,0.70133,1.00,1.37
2017.08.23 03:36:56.180,0.70116,0.70137,1.00,2.32
2017.08.23 03:37:00.180,0.70115,0.70137,1.00,3.45
2017.08.23 03:37:01.130,0.70115,0.70137,1.00,3.45
2017.08.23 03:37:01.863,0.70114,0.70136,1.00,1.20
2017.08.23 03:37:05.275,0.70116,0.70137,1.00,2.70
2017.08.23 03:37:05.752,0.70118,0.70137,1.00,2.32
2017.08.23 03:37:07.465,0.70116,0.70137,1.00,1.95
2017.08.23 03:37:29.147,0.70118,0.70137,1.00,1.37
2017.08.23 03:37:30.136,0.70117,0.70137,1.00,1.37
2017.08.23 03:37:31.241,0.70117,0.70137,1.00,1.12
2017.08.23 03:37:31.443,0.70115,0.70137,1.00,1.12
2017.08.23 03:37:32.273,0.70116,0.70138,1.00,1.95
2017.08.23 03:37:33.264,0.70118,0.70139,1.00,1.47
2017.08.23 03:37:33.995,0.70117,0.70139,1.12,1.95
2017.08.23 03:37:34.327,0.70119,0.70139,1.00,2.70
2017.08.23 03:37:34.479,0.70114,0.70135,1.37,1.00
2017.08.23 03:37:34.530,0.70113,0.70133,1.50,1.00
2017.08.23 03:37:34.633,0.7011,0.70132,1.75,1.50
2017.08.23 03:37:34.734,0.7011,0.70132,1.00,2.32
2017.08.23 03:37:46.217,0.70109,0.70131,1.00,1.87
2017.08.23 03:37:47.547,0.70108,0.7013,1.12,1.12
2017.08.23 03:37:48.082,0.70105,0.70126,1.37,1.00
2017.08.23 03:37:48.133,0.70105,0.70126,1.50,1.00
2017.08.23 03:37:48.285,0.70105,0.70127,1.00,1.95
2017.08.23 03:37:48.993,0.70106,0.70127,1.00,1.47
2017.08.23 03:37:49.294,0.70108,0.7013,1.00,1.57
2017.08.23 03:37:49.396,0.70108,0.7013,1.00,1.57
2017.08.23 03:37:51.997,0.70107,0.70129,1.12,1.12
2017.08.23 03:37:52.794,0.70101,0.70119,2.25,1.00
2017.08.23 03:37:52.895,0.70101,0.70118,1.12,1.50
2017.08.23 03:37:52.997,0.70103,0.70124,1.00,1.20
2017.08.23 03:37:53.098,0.70103,0.70124,1.00,1.20
2017.08.23 03:37:53.763,0.70101,0.70123,1.50,2.32
2017.08.23 03:37:55.127,0.701,0.70121,1.37,1.00
2017.08.23 03:37:58.035,0.701,0.7012,1.37,1.50
2017.08.23 03:37:58.187,0.70099,0.70119,1.00,1.12
2017.08.23 03:38:09.226,0.70097,0.70119,1.12,1.12
2017.08.23 03:38:15.277,0.70098,0.70119,1.00,1.00
2017.08.23 03:38:15.852,0.70099,0.70121,1.00,2.32
2017.08.23 03:38:33.847,0.70098,0.7012,1.00,1.50
2017.08.23 03:38:35.435,0.70098,0.7012,1.00,1.00
2017.08.23 03:38:37.012,0.70099,0.70121,1.00,1.95
2017.08.23 03:38:38.684,0.70101,0.70121,1.00,1.87
2017.08.23 03:38:39.326,0.70103,0.70123,1.00,2.70
2017.08.23 03:38:39.377,0.70101,0.70123,1.00,2.70
2017.08.23 03:38:39.603,0.70101,0.70123,1.12,2.32
2017.08.23 03:38:39.985,0.70101,0.70121,1.12,1.00
2017.08.23 03:38:42.588,0.70101,0.70123,1.50,2.70
2017.08.23 03:38:43.327,0.70101,0.70123,1.50,2.70
2017.08.23 03:38:43.857,0.70101,0.70123,1.50,2.32
2017.08.23 03:38:46.319,0.70101,0.70123,1.50,2.70
2017.08.23 03:38:46.978,0.70102,0.70123,1.00,1.95
2017.08.23 03:38:47.180,0.70099,0.70121,1.37,1.12
2017.08.23 03:38:48.129,0.70099,0.70121,1.00,1.20
2017.08.23 03:38:48.664,0.70098,0.70118,1.00,1.00
2017.08.23 03:39:00.429,0.70098,0.7012,1.00,1.00
2017.08.23 03:39:06.499,0.70098,0.7012,1.00,1.37
2017.08.23 03:39:07.001,0.70098,0.7012,1.37,1.37
2017.08.23 03:39:09.479,0.701,0.7012,1.00,1.37
2017.08.23 03:39:12.361,0.70097,0.70119,1.50,1.50
2017.08.23 03:39:13.063,0.70099,0.70119,1.00,1.12
2017.08.23 03:39:24.832,0.70097,0.70119,2.25,1.12
2017.08.23 03:39:26.510,0.70098,0.7012,1.50,1.00
2017.08.23 03:39:27.842,0.70098,0.7012,1.37,1.37
2017.08.23 03:39:36.566,0.70098,0.7012,1.37,1.00
2017.08.23 03:39:36.887,0.70093,0.70113,1.75,1.12
2017.08.23 03:39:37.040,0.70087,0.70109,1.87,1.00
2017.08.23 03:39:38.949,0.70089,0.70109,1.00,1.00
2017.08.23 03:39:40.961,0.70087,0.70109,2.62,1.00
2017.08.23 03:39:47.826,0.70088,0.7011,1.12,1.00
2017.08.23 03:39:48.335,0.70087,0.70109,1.87,1.00
2017.08.23 03:39:50.417,0.70088,0.7011,1.12,1.00
2017.08.23 03:39:52.465,0.7009,0.7011,1.00,1.00
2017.08.23 03:39:53.443,0.70091,0.70111,1.00,1.00
2017.08.23 03:39:59.292,0.70089,0.70111,1.12,1.00
2017.08.23 03:39:59.838,0.70088,0.7011,1.50,1.00
2017.08.23 03:40:04.555,0.70088,0.7011,1.37,2.32
2017.08.23 03:40:04.606,0.70085,0.70107,1.37,1.00
2017.08.23 03:40:04.657,0.70084,0.70106,1.50,1.12
2017.08.23 03:40:09.657,0.70085,0.70107,1.00,1.37
2017.08.23 03:40:09.708,0.70087,0.70107,1.12,1.37
2017.08.23 03:40:09.860,0.7009,0.7011,1.50,1.00
2017.08.23 03:40:09.911,0.70092,0.7011,1.00,1.00
2017.08.23 03:40:10.648,0.70092,0.70111,1.00,1.00
2017.08.23 03:40:10.957,0.70089,0.70109,1.00,1.12
2017.08.23 03:40:13.191,0.70089,0.70111,1.12,1.50
2017.08.23 03:40:13.385,0.70089,0.70111,1.87,1.00
2017.08.23 03:40:18.751,0.70093,0.70115,1.00,1.50
2017.08.23 03:40:18.802,0.70093,0.70115,1.50,1.12
2017.08.23 03:40:18.853,0.70096,0.70117,1.50,1.00
2017.08.23 03:40:18.904,0.70096,0.70118,2.25,1.37
2017.08.23 03:40:19.486,0.70098,0.70118,1.00,1.00
2017.08.23 03:40:19.998,0.70098,0.70119,1.00,1.00
2017.08.23 03:40:21.490,0.70096,0.70117,1.37,1.00
2017.08.23 03:40:22.628,0.70096,0.70118,1.87,1.00
2017.08.23 03:40:34.091,0.70096,0.70115,1.50,1.00
2017.08.23 03:40:35.185,0.70096,0.70115,1.00,1.00
2017.08.23 03:40:39.697,0.70094,0.70113,1.87,1.00
2017.08.23 03:40:40.032,0.70095,0.70114,1.12,1.00
2017.08.23 03:40:40.711,0.70095,0.70116,1.12,1.00
2017.08.23 03:40:40.954,0.70091,0.70112,1.87,1.00
2017.08.23 03:40:41.005,0.70093,0.70112,1.00,1.00
2017.08.23 03:40:41.799,0.7009,0.70109,1.50,1.00
2017.08.23 03:40:42.002,0.70084,0.70105,1.00,1.00
2017.08.23 03:40:42.547,0.70083,0.70105,1.87,1.00
2017.08.23 03:40:43.088,0.70081,0.70101,1.75,1.00
2017.08.23 03:40:43.190,0.70081,0.70101,1.37,1.00
2017.08.23 03:40:43.398,0.70082,0.70104,1.87,1.12
2017.08.23 03:40:43.906,0.70082,0.70103,1.75,1.00
2017.08.23 03:40:44.247,0.70084,0.70101,1.00,1.00
2017.08.23 03:40:44.462,0.70084,0.70103,1.00,1.00
2017.08.23 03:40:44.564,0.70085,0.70104,1.50,1.00
2017.08.23 03:40:46.065,0.70085,0.70107,1.37,1.00
2017.08.23 03:40:46.116,0.70087,0.70107,2.25,1.00
2017.08.23 03:40:47.066,0.70091,0.70109,1.12,1.00
2017.08.23 03:40:48.397,0.70088,0.70108,1.75,1.00
2017.08.23 03:40:52.402,0.70088,0.70107,2.62,1.00
2017.08.23 03:40:52.501,0.70088,0.70105,1.87,1.00
2017.08.23 03:40:52.552,0.70084,0.70105,2.32,1.00
2017.08.23 03:40:53.254,0.70084,0.70105,1.75,1.00
2017.08.23 03:40:53.711,0.70086,0.70104,1.00,1.00
2017.08.23 03:40:54.008,0.70081,0.70103,1.75,1.00
2017.08.23 03:40:54.705,0.70081,0.70102,1.75,1.00
2017.08.23 03:40:56.721,0.70081,0.70101,1.75,1.00
2017.08.23 03:40:56.874,0.70083,0.70104,1.00,1.00
2017.08.23 03:40:57.017,0.70086,0.70104,1.00,1.00
2017.08.23 03:40:57.422,0.70083,0.70101,1.50,1.00
2017.08.23 03:40:57.524,0.70082,0.70101,1.37,1.00
2017.08.23 03:40:58.049,0.7008,0.70101,1.75,1.00
2017.08.23 03:40:58.838,0.7008,0.70101,1.75,1.00
2017.08.23 03:40:59.142,0.70082,0.70102,1.50,1.00
2017.08.23 03:40:59.666,0.70081,0.70102,1.75,1.00
2017.08.23 03:41:00.179,0.70082,0.70101,1.00,1.00
2017.08.23 03:41:00.320,0.70082,0.70104,2.25,1.12
2017.08.23 03:41:00.452,0.7008,0.70101,3.45,1.00
2017.08.23 03:41:01.414,0.70081,0.70101,1.12,1.00
2017.08.23 03:41:01.903,0.70083,0.70101,1.47,1.00
2017.08.23 03:41:02.187,0.70083,0.70104,2.32,1.00
2017.08.23 03:41:02.514,0.70085,0.70104,1.00,1.00
2017.08.23 03:41:02.565,0.70085,0.70104,1.37,1.00
2017.08.23 03:41:02.717,0.70085,0.70107,3.37,1.00
2017.08.23 03:41:02.768,0.7009,0.7011,1.00,1.37
2017.08.23 03:41:03.036,0.7009,0.7011,1.95,1.00
2017.08.23 03:41:05.882,0.70087,0.70108,1.12,1.00
2017.08.23 03:41:05.984,0.70086,0.70105,1.50,1.00
2017.08.23 03:41:06.035,0.70083,0.70104,2.25,1.00
2017.08.23 03:41:06.784,0.70085,0.70104,1.00,1.00
2017.08.23 03:41:07.336,0.70085,0.70103,1.00,1.00
2017.08.23 03:41:07.844,0.7008,0.70102,2.32,1.00
2017.08.23 03:41:08.626,0.7008,0.70101,3.45,1.00
2017.08.23 03:41:11.672,0.70083,0.70101,1.00,1.00
2017.08.23 03:41:12.002,0.70082,0.70105,1.87,1.12
2017.08.23 03:41:12.612,0.70085,0.70105,1.00,1.00
2017.08.23 03:41:16.297,0.70083,0.70105,2.62,1.00
2017.08.23 03:41:16.348,0.70085,0.70107,2.25,1.00
2017.08.23 03:41:16.703,0.70086,0.70104,1.75,1.00
2017.08.23 03:41:16.783,0.70086,0.70104,1.50,1.00
2017.08.23 03:41:17.233,0.70086,0.70107,1.12,1.00
2017.08.23 03:41:17.284,0.70086,0.70105,1.12,1.00
2017.08.23 03:41:17.808,0.70083,0.70104,1.75,1.00
2017.08.23 03:41:18.152,0.70083,0.70102,1.75,1.00
2017.08.23 03:41:20.595,0.70083,0.70105,2.25,1.00
2017.08.23 03:41:20.798,0.70086,0.70106,1.50,1.00
2017.08.23 03:41:26.422,0.70087,0.70106,1.00,1.00
2017.08.23 03:41:30.652,0.70085,0.70106,1.12,1.00
2017.08.23 03:41:31.205,0.70087,0.70105,1.00,1.00
2017.08.23 03:41:34.409,0.70084,0.70104,1.87,1.00
2017.08.23 03:41:34.871,0.70087,0.70106,1.00,1.00
2017.08.23 03:41:34.975,0.70085,0.70106,1.87,1.00
2017.08.23 03:41:35.145,0.70087,0.70106,1.00,1.00
2017.08.23 03:41:35.761,0.70087,0.70107,1.00,1.00
2017.08.23 03:41:43.203,0.70085,0.70106,1.87,1.00
2017.08.23 03:41:43.818,0.70086,0.70105,1.00,1.00
2017.08.23 03:41:46.080,0.70084,0.70103,1.75,1.00
2017.08.23 03:41:46.131,0.70084,0.70106,1.75,1.10
2017.08.23 03:41:46.943,0.70086,0.70107,1.37,1.00
2017.08.23 03:41:47.452,0.70086,0.70107,1.12,1.00
2017.08.23 03:41:48.111,0.70086,0.70106,1.87,1.00
2017.08.23 03:41:49.816,0.70086,0.70108,1.37,1.00
2017.08.23 03:41:50.260,0.70089,0.7011,1.75,1.00
2017.08.23 03:41:50.757,0.70087,0.70108,1.12,1.00
2017.08.23 03:41:51.198,0.70088,0.70108,1.00,1.00
2017.08.23 03:41:51.485,0.70088,0.70109,1.37,1.00
2017.08.23 03:41:52.071,0.70088,0.70108,1.37,1.00
2017.08.23 03:41:52.591,0.70086,0.70107,1.87,1.00
2017.08.23 03:41:53.100,0.70086,0.70106,1.75,1.00
2017.08.23 03:41:53.721,0.70085,0.70106,1.12,1.00
2017.08.23 03:41:54.224,0.70084,0.70105,2.62,1.00
2017.08.23 03:41:54.451,0.70089,0.70109,1.00,1.00
2017.08.23 03:41:54.975,0.70089,0.70107,1.00,1.00
2017.08.23 03:41:56.361,0.70084,0.70105,2.25,1.00
2017.08.23 03:41:56.985,0.70084,0.70105,1.75,1.00
2017.08.23 03:41:57.711,0.70084,0.70106,1.75,1.00
2017.08.23 03:41:59.039,0.70085,0.70106,1.50,1.00
2017.08.23 03:41:59.380,0.70087,0.70108,1.12,1.00
2017.08.23 03:41:59.737,0.70087,0.70106,1.75,1.00
2017.08.23 03:42:00.538,0.70086,0.70108,1.50,1.12
2017.08.23 03:42:01.067,0.70088,0.70108,1.00,1.00
2017.08.23 03:42:04.511,0.70088,0.70107,1.00,1.00
2017.08.23 03:42:09.917,0.70086,0.70107,1.00,1.00
2017.08.23 03:42:13.778,0.70085,0.70107,1.12,1.00
2017.08.23 03:42:18.036,0.70085,0.70107,1.37,1.50
2017.08.23 03:42:18.174,0.70085,0.70105,1.37,1.00
2017.08.23 03:42:18.650,0.70083,0.70102,1.50,1.00
2017.08.23 03:42:18.752,0.7008,0.70102,1.87,1.00
2017.08.23 03:42:19.659,0.7008,0.70103,3.37,1.00
2017.08.23 03:42:20.286,0.70083,0.70104,2.25,1.00
2017.08.23 03:42:20.591,0.70083,0.70104,1.00,1.00
2017.08.23 03:42:20.886,0.70083,0.70104,2.25,1.00
2017.08.23 03:42:21.155,0.7009,0.7011,1.00,1.00
2017.08.23 03:42:21.518,0.70087,0.70108,2.62,1.00
2017.08.23 03:42:21.812,0.70087,0.70108,1.37,1.00
2017.08.23 03:42:22.637,0.70087,0.70108,1.12,1.00
2017.08.23 03:42:24.468,0.70087,0.70104,1.37,1.00
2017.08.23 03:42:24.818,0.70082,0.70102,3.00,1.00
2017.08.23 03:42:25.469,0.70082,0.70103,2.25,1.00
2017.08.23 03:42:25.862,0.70083,0.70101,2.25,1.00
2017.08.23 03:42:26.237,0.70083,0.70104,2.25,1.00
2017.08.23 03:42:26.448,0.70084,0.70106,2.62,1.00
2017.08.23 03:42:27.261,0.70086,0.70105,1.00,1.00
2017.08.23 03:42:28.489,0.70084,0.70102,2.25,1.00
2017.08.23 03:42:28.540,0.70081,0.70102,1.37,1.00
2017.08.23 03:42:28.591,0.70081,0.70102,1.00,1.00
2017.08.23 03:42:28.642,0.70078,0.70101,1.37,1.10
2017.08.23 03:42:28.743,0.70077,0.70101,1.75,1.20
2017.08.23 03:42:28.794,0.70076,0.70097,1.87,1.00
2017.08.23 03:42:29.338,0.70079,0.70097,2.25,1.00
2017.08.23 03:42:29.388,0.70079,0.701,2.25,1.00
2017.08.23 03:42:30.809,0.70081,0.701,2.25,1.00
2017.08.23 03:42:31.301,0.7008,0.701,1.12,1.00
2017.08.23 03:42:31.809,0.7008,0.701,1.37,1.00
2017.08.23 03:42:32.549,0.7008,0.701,1.12,1.00
2017.08.23 03:42:33.129,0.7008,0.70101,1.00,1.00
2017.08.23 03:42:39.618,0.7008,0.70101,1.37,1.00
2017.08.23 03:42:39.901,0.7008,0.70099,1.37,1.00
2017.08.23 03:42:42.552,0.7008,0.70101,1.37,1.00
2017.08.23 03:42:43.089,0.7008,0.70102,1.87,1.00
2017.08.23 03:42:44.129,0.7008,0.70102,1.87,1.00
2017.08.23 03:42:44.738,0.7008,0.70102,1.87,1.00
2017.08.23 03:42:47.599,0.70079,0.701,3.00,1.00
2017.08.23 03:42:47.903,0.7008,0.701,2.25,1.00
2017.08.23 03:42:56.500,0.70083,0.70101,1.00,1.00
2017.08.23 03:43:00.620,0.7008,0.701,2.25,1.00
2017.08.23 03:43:01.353,0.7008,0.701,2.25,1.00
2017.08.23 03:43:02.526,0.70081,0.701,2.25,1.00
2017.08.23 03:43:02.577,0.70083,0.70103,1.00,1.00
2017.08.23 03:43:03.144,0.70084,0.70102,1.00,1.00
2017.08.23 03:43:03.873,0.70082,0.70103,3.00,1.00
2017.08.23 03:43:03.974,0.70081,0.70099,3.00,1.00
2017.08.23 03:43:04.485,0.70081,0.70099,3.00,1.00
2017.08.23 03:43:04.589,0.70081,0.70102,3.00,1.00
2017.08.23 03:43:05.699,0.70083,0.70102,1.00,1.00
2017.08.23 03:43:08.257,0.70081,0.70102,3.00,1.00
2017.08.23 03:43:17.573,0.70084,0.70104,1.87,1.00
2017.08.23 03:43:17.725,0.70082,0.70103,2.25,1.00
2017.08.23 03:43:17.970,0.70083,0.70101,1.00,1.00
2017.08.23 03:43:20.713,0.70083,0.701,1.00,1.00
2017.08.23 03:43:21.707,0.70081,0.70101,1.12,1.00
2017.08.23 03:43:22.797,0.70082,0.70101,2.25,1.00
2017.08.23 03:43:27.520,0.70081,0.70099,1.37,1.00
2017.08.23 03:43:31.611,0.70081,0.70099,1.12,1.00
2017.08.23 03:43:34.649,0.70081,0.701,1.00,1.00
2017.08.23 03:43:46.739,0.70079,0.701,1.12,1.00
2017.08.23 03:43:54.585,0.70079,0.701,1.12,1.00
2017.08.23 03:44:02.533,0.70079,0.70101,1.75,1.00
2017.08.23 03:44:03.732,0.70079,0.70101,3.00,1.00
2017.08.23 03:44:04.508,0.70077,0.701,2.62,1.00
2017.08.23 03:44:04.559,0.70077,0.70096,1.75,1.00
2017.08.23 03:44:04.661,0.70078,0.70096,1.00,1.12
2017.08.23 03:44:04.762,0.70076,0.70099,3.00,1.50
2017.08.23 03:44:04.813,0.70078,0.70095,2.25,1.00
2017.08.23 03:44:05.017,0.70075,0.70094,1.50,1.00
2017.08.23 03:44:05.150,0.70079,0.70098,1.00,1.37
2017.08.23 03:44:05.624,0.70079,0.70098,2.25,1.00
2017.08.23 03:44:06.155,0.70079,0.70099,2.25,1.00
2017.08.23 03:44:06.944,0.70079,0.70099,2.25,1.00
2017.08.23 03:44:08.077,0.70079,0.70098,2.25,1.00
2017.08.23 03:44:10.130,0.70079,0.701,2.25,1.00
2017.08.23 03:44:12.060,0.70079,0.701,2.25,1.00
2017.08.23 03:44:14.963,0.70081,0.701,1.00,1.00
2017.08.23 03:44:15.571,0.70081,0.70101,1.00,1.12
2017.08.23 03:44:16.077,0.70081,0.701,1.00,1.00
2017.08.23 03:44:17.606,0.70079,0.701,2.25,1.00
2017.08.23 03:44:19.182,0.70078,0.70099,3.00,1.00
2017.08.23 03:44:20.464,0.70077,0.70098,2.62,1.00
2017.08.23 03:44:21.794,0.70077,0.70099,2.25,1.00
2017.08.23 03:44:21.846,0.70078,0.70101,3.00,1.00
2017.08.23 03:44:22.049,0.70079,0.70101,2.25,1.00
2017.08.23 03:44:23.107,0.70081,0.70099,1.37,1.00
2017.08.23 03:44:23.386,0.7008,0.70099,1.12,1.00
2017.08.23 03:44:23.487,0.7008,0.70099,1.00,1.00
2017.08.23 03:44:23.538,0.70077,0.70094,1.37,1.00
2017.08.23 03:44:23.640,0.70077,0.70096,1.50,1.12
2017.08.23 03:44:23.741,0.7008,0.70096,1.00,1.12
2017.08.23 03:44:23.843,0.7008,0.70099,1.00,1.00
2017.08.23 03:44:24.247,0.70076,0.70097,1.87,1.00
2017.08.23 03:44:25.244,0.70076,0.70096,1.12,1.00
2017.08.23 03:44:27.509,0.70076,0.70096,1.12,1.00
2017.08.23 03:44:28.575,0.70078,0.70096,1.00,1.00
2017.08.23 03:44:29.200,0.70075,0.70095,1.12,1.00
2017.08.23 03:44:29.251,0.70076,0.70095,1.00,1.00
2017.08.23 03:44:29.935,0.70075,0.70094,1.37,1.00
2017.08.23 03:44:30.502,0.70073,0.70093,1.50,1.00
2017.08.23 03:44:33.086,0.70073,0.70093,1.87,1.00
2017.08.23 03:44:33.804,0.70073,0.70093,1.87,1.00
2017.08.23 03:44:41.036,0.70074,0.70095,1.75,1.00
2017.08.23 03:44:41.625,0.70074,0.70095,1.50,1.00
2017.08.23 03:44:47.815,0.70079,0.701,2.25,1.12
2017.08.23 03:44:48.430,0.7008,0.701,1.50,1.00
2017.08.23 03:44:51.608,0.7008,0.701,2.25,1.00
2017.08.23 03:44:52.638,0.70083,0.70102,1.00,1.00
2017.08.23 03:44:55.186,0.70085,0.70103,1.00,1.00
2017.08.23 03:44:55.338,0.70087,0.70106,1.12,1.00
2017.08.23 03:44:57.612,0.70087,0.70109,1.00,1.50
2017.08.23 03:45:00.170,0.7009,0.70111,1.87,1.37
2017.08.23 03:45:00.271,0.70092,0.70115,2.25,1.37
2017.08.23 03:45:00.322,0.70095,0.70115,1.00,1.37
2017.08.23 03:45:00.373,0.70095,0.70115,1.87,1.00
2017.08.23 03:45:01.068,0.70095,0.70115,2.62,1.00
2017.08.23 03:45:01.271,0.70092,0.70113,2.25,1.00
2017.08.23 03:45:01.372,0.70091,0.70111,1.12,1.00
2017.08.23 03:45:01.423,0.70089,0.70109,1.75,1.00
2017.08.23 03:45:02.060,0.70089,0.70109,1.37,1.00
2017.08.23 03:45:08.584,0.70089,0.70111,1.87,1.00
2017.08.23 03:45:09.758,0.70089,0.70109,1.87,1.00
2017.08.23 03:45:16.975,0.70085,0.70106,1.75,1.00
2017.08.23 03:45:17.076,0.70082,0.70105,2.25,1.00
2017.08.23 03:45:17.185,0.70082,0.70105,2.25,1.00
2017.08.23 03:45:17.702,0.70085,0.70106,1.00,1.50
2017.08.23 03:45:18.033,0.70085,0.70108,1.00,1.00
2017.08.23 03:45:19.847,0.70086,0.70106,1.00,1.00
2017.08.23 03:45:27.115,0.70084,0.70105,1.00,1.00
2017.08.23 03:45:28.401,0.70084,0.70106,1.50,1.00
2017.08.23 03:45:28.604,0.70085,0.70107,1.37,1.12
2017.08.23 03:45:28.929,0.70088,0.70108,1.00,1.00
2017.08.23 03:45:29.240,0.7009,0.70113,1.37,2.70
2017.08.23 03:45:29.291,0.7009,0.70113,1.50,1.12
2017.08.23 03:45:29.867,0.7009,0.70112,1.50,1.00
2017.08.23 03:45:30.858,0.70088,0.7011,1.50,1.00
2017.08.23 03:45:31.519,0.70087,0.70109,1.50,1.00
2017.08.23 03:45:33.218,0.70087,0.7011,1.50,1.10
2017.08.23 03:45:34.210,0.70087,0.70109,1.50,1.00
2017.08.23 03:45:34.718,0.70085,0.70108,2.25,1.00
2017.08.23 03:45:34.870,0.70085,0.70108,1.37,2.25
2017.08.23 03:45:34.972,0.70084,0.70105,1.87,1.37
2017.08.23 03:45:36.624,0.70084,0.70105,1.87,1.37
2017.08.23 03:45:40.151,0.70084,0.70105,1.37,1.37
2017.08.23 03:45:41.134,0.70084,0.70106,1.37,1.10
2017.08.23 03:45:46.424,0.70084,0.70107,2.25,1.00
2017.08.23 03:45:46.525,0.70086,0.70108,1.37,1.00
2017.08.23 03:45:46.858,0.70088,0.7011,1.37,1.00
2017.08.23 03:45:47.411,0.70088,0.70109,1.37,1.00
2017.08.23 03:45:48.464,0.70088,0.70108,1.37,1.00
2017.08.23 03:45:52.345,0.70088,0.70107,1.37,1.00
2017.08.23 03:45:54.883,0.70085,0.70105,1.75,1.00
2017.08.23 03:45:54.934,0.70085,0.70105,1.75,1.00
2017.08.23 03:45:55.673,0.70085,0.70105,1.50,1.00
2017.08.23 03:45:59.089,0.70086,0.70109,1.12,1.57
2017.08.23 03:45:59.242,0.70087,0.70109,1.37,1.00
2017.08.23 03:46:02.769,0.70087,0.70109,2.25,1.37
2017.08.23 03:46:03.596,0.70085,0.70107,1.87,1.12
2017.08.23 03:46:05.101,0.70086,0.70109,1.50,1.85
2017.08.23 03:46:08.928,0.70086,0.70109,1.50,1.47
2017.08.23 03:46:11.233,0.70086,0.70107,1.50,1.00
2017.08.23 03:46:15.363,0.70088,0.7011,1.00,2.32
2017.08.23 03:46:15.464,0.70088,0.7011,1.37,1.37
2017.08.23 03:46:15.566,0.70089,0.70112,1.50,1.50
2017.08.23 03:46:15.768,0.7009,0.70113,1.87,1.50
2017.08.23 03:46:16.502,0.7009,0.70113,2.25,1.20
2017.08.23 03:46:17.135,0.70092,0.70112,1.12,1.00
2017.08.23 03:46:17.445,0.70092,0.70114,1.37,1.57
2017.08.23 03:46:18.587,0.70093,0.70114,1.00,1.50
2017.08.23 03:46:19.151,0.70092,0.70115,2.25,1.00
2017.08.23 03:46:19.847,0.70093,0.70113,1.37,1.00
2017.08.23 03:46:20.450,0.70093,0.70114,1.37,1.00
2017.08.23 03:46:24.216,0.70092,0.70113,1.50,1.00
2017.08.23 03:46:24.469,0.7009,0.70112,1.50,1.00
2017.08.23 03:46:31.135,0.7009,0.70109,1.12,1.00
2017.08.23 03:46:32.558,0.7009,0.70113,2.25,1.37
2017.08.23 03:46:32.660,0.70092,0.70113,1.00,1.00
2017.08.23 03:46:33.021,0.70092,0.70113,1.75,1.00
2017.08.23 03:46:35.386,0.70092,0.70113,1.37,1.00
2017.08.23 03:46:38.325,0.70089,0.70111,2.25,1.00
2017.08.23 03:46:38.643,0.70087,0.7011,1.37,2.32
2017.08.23 03:46:39.050,0.70088,0.7011,1.37,1.37
2017.08.23 03:46:41.134,0.70086,0.70109,1.50,1.37
2017.08.23 03:46:41.286,0.70089,0.7011,1.37,1.37
2017.08.23 03:46:41.388,0.70089,0.70112,1.37,1.20
2017.08.23 03:46:47.909,0.70089,0.70112,1.37,1.20
2017.08.23 03:46:51.085,0.70088,0.7011,1.50,1.00
2017.08.23 03:46:51.137,0.70086,0.70108,1.75,1.00
2017.08.23 03:46:51.289,0.70088,0.70108,1.00,1.00
2017.08.23 03:46:52.536,0.70086,0.70109,1.87,1.12
2017.08.23 03:46:52.638,0.70091,0.7011,1.00,1.37
2017.08.23 03:46:52.739,0.70091,0.70114,1.87,1.37
2017.08.23 03:46:52.790,0.70091,0.70114,2.25,1.00
2017.08.23 03:46:53.592,0.70092,0.70112,1.50,1.00
2017.08.23 03:46:54.919,0.70091,0.70114,2.25,1.12
2017.08.23 03:46:55.661,0.70091,0.70113,1.50,1.00
2017.08.23 03:47:01.134,0.70087,0.7011,1.75,1.00
2017.08.23 03:47:01.315,0.70085,0.70108,1.75,1.50
2017.08.23 03:47:02.539,0.70086,0.70109,1.50,1.37
2017.08.23 03:47:06.672,0.70086,0.70108,1.50,1.12
2017.08.23 03:47:06.774,0.70089,0.70111,1.37,1.50
2017.08.23 03:47:06.926,0.70089,0.70112,1.37,1.50
2017.08.23 03:47:07.838,0.70089,0.70112,1.37,1.50
2017.08.23 03:47:09.271,0.70089,0.70112,1.37,1.50
2017.08.23 03:47:09.782,0.70089,0.70112,1.12,1.57
2017.08.23 03:47:09.934,0.70086,0.70109,1.37,1.12
2017.08.23 03:47:10.802,0.70086,0.70108,1.37,1.00
2017.08.23 03:47:13.234,0.70086,0.70108,1.12,1.00
2017.08.23 03:47:14.395,0.70086,0.70109,1.12,1.50
2017.08.23 03:47:14.446,0.70088,0.70109,1.37,1.00
2017.08.23 03:47:14.701,0.70091,0.70112,1.00,1.00
2017.08.23 03:47:15.173,0.70092,0.70114,1.12,1.00
2017.08.23 03:47:15.702,0.70092,0.70112,1.12,1.12
2017.08.23 03:47:19.173,0.70093,0.70113,1.00,1.57
2017.08.23 03:47:20.087,0.70091,0.70113,1.12,1.10
2017.08.23 03:47:21.085,0.70089,0.70112,2.25,1.00
2017.08.23 03:47:24.493,0.7009,0.70112,1.00,1.00
2017.08.23 03:47:26.710,0.70089,0.70111,1.50,1.00
2017.08.23 03:47:28.636,0.70091,0.70112,1.00,1.00
2017.08.23 03:47:28.737,0.70093,0.70113,1.00,1.00
2017.08.23 03:47:29.164,0.70093,0.70115,1.12,1.00
2017.08.23 03:47:30.766,0.70093,0.70114,1.00,1.00
2017.08.23 03:47:31.095,0.70091,0.7011,1.50,1.00
2017.08.23 03:47:31.196,0.70092,0.70113,1.37,1.00
2017.08.23 03:47:31.915,0.70093,0.70115,1.12,1.00
2017.08.23 03:47:33.867,0.70093,0.70113,1.00,1.00
2017.08.23 03:47:34.675,0.70093,0.70114,1.12,1.12
2017.08.23 03:47:38.842,0.70094,0.70116,1.50,1.37
2017.08.23 03:47:39.225,0.70094,0.70116,1.87,1.50
2017.08.23 03:47:39.768,0.70094,0.70116,2.25,1.12
2017.08.23 03:47:40.490,0.70094,0.70117,2.25,1.12
2017.08.23 03:47:41.038,0.70095,0.70115,1.37,1.00
2017.08.23 03:47:54.271,0.70095,0.70116,1.50,1.00
2017.08.23 03:47:55.005,0.70095,0.70116,1.50,1.00
2017.08.23 03:48:02.939,0.70094,0.70116,1.75,1.00
2017.08.23 03:48:03.589,0.70094,0.70115,1.37,1.00
2017.08.23 03:48:04.829,0.70094,0.70115,1.75,1.00
2017.08.23 03:48:05.571,0.70094,0.70116,1.37,1.00
2017.08.23 03:48:11.201,0.70094,0.70116,1.75,1.00
2017.08.23 03:48:11.844,0.70095,0.70116,1.00,1.00
2017.08.23 03:48:13.320,0.70094,0.70116,1.75,1.00
2017.08.23 03:48:15.070,0.70091,0.70112,2.25,1.00
2017.08.23 03:48:15.171,0.70091,0.70115,2.25,1.00
2017.08.23 03:48:15.222,0.70091,0.70113,1.75,1.00
2017.08.23 03:48:15.804,0.70091,0.70113,1.75,1.00
2017.08.23 03:48:17.995,0.70091,0.70114,2.25,1.00
2017.08.23 03:48:20.207,0.70091,0.70113,2.25,1.00
2017.08.23 03:48:21.339,0.70091,0.70113,2.25,1.00
2017.08.23 03:48:21.841,0.70093,0.70114,1.00,1.00
2017.08.23 03:48:22.410,0.70091,0.70113,1.50,1.00
2017.08.23 03:48:25.579,0.70091,0.70112,1.50,1.00
2017.08.23 03:48:34.842,0.70091,0.70113,1.37,1.00
2017.08.23 03:48:35.073,0.70093,0.70115,1.50,1.00
2017.08.23 03:48:35.174,0.70093,0.70115,1.75,1.00
2017.08.23 03:48:37.363,0.70093,0.70114,1.75,1.00
2017.08.23 03:48:38.634,0.70093,0.70115,1.75,1.00
2017.08.23 03:48:42.995,0.70093,0.70115,1.75,1.00
2017.08.23 03:48:44.172,0.70095,0.70115,1.00,1.00
2017.08.23 03:48:51.893,0.70093,0.70113,1.75,1.00
2017.08.23 03:48:55.454,0.70092,0.70113,1.75,1.00
2017.08.23 03:48:58.596,0.70092,0.70115,1.75,1.37
2017.08.23 03:48:59.462,0.70092,0.70115,1.75,1.37
2017.08.23 03:48:59.998,0.70092,0.70115,1.87,1.37
2017.08.23 03:49:00.636,0.70095,0.70115,1.37,1.37
2017.08.23 03:49:00.688,0.70096,0.70119,1.50,1.12
2017.08.23 03:49:00.739,0.70096,0.70119,1.87,1.12
2017.08.23 03:49:01.266,0.70097,0.70119,1.37,1.12
2017.08.23 03:49:04.138,0.70097,0.70117,1.75,1.00
2017.08.23 03:49:04.469,0.70094,0.70115,2.25,1.00
2017.08.23 03:49:07.017,0.70094,0.70115,2.25,1.00
2017.08.23 03:49:08.133,0.70094,0.70112,1.50,1.00
2017.08.23 03:49:08.351,0.70091,0.70112,1.75,1.00
2017.08.23 03:49:10.669,0.7009,0.70113,1.75,1.00
2017.08.23 03:49:16.663,0.7009,0.70113,1.75,1.00
2017.08.23 03:49:17.018,0.7009,0.70111,1.75,1.00
2017.08.23 03:49:17.535,0.7009,0.70111,1.75,1.00
2017.08.23 03:49:17.914,0.70092,0.70115,1.50,1.37
2017.08.23 03:49:17.965,0.70094,0.70115,1.00,1.37
2017.08.23 03:49:18.285,0.70093,0.70115,1.37,1.00
2017.08.23 03:49:21.133,0.70093,0.70112,1.12,1.37
2017.08.23 03:49:21.438,0.70088,0.70111,1.50,1.37
2017.08.23 03:49:21.621,0.70088,0.70111,1.50,1.12
2017.08.23 03:49:22.329,0.70088,0.70111,1.50,1.00
2017.08.23 03:49:25.443,0.70088,0.70111,1.50,1.12
2017.08.23 03:49:32.514,0.70088,0.7011,1.50,1.00
2017.08.23 03:49:33.297,0.70088,0.7011,1.50,1.00
2017.08.23 03:49:34.016,0.70088,0.70109,1.50,1.00
2017.08.23 03:49:38.053,0.70088,0.70109,1.12,1.00
2017.08.23 03:49:38.104,0.70087,0.70107,1.50,1.00
2017.08.23 03:49:38.312,0.70086,0.70107,1.50,1.00
2017.08.23 03:49:38.833,0.70086,0.70107,1.50,1.00
2017.08.23 03:49:40.766,0.70087,0.70108,1.12,1.00
2017.08.23 03:49:40.918,0.70087,0.70108,1.37,1.00
2017.08.23 03:49:41.222,0.70089,0.7011,1.50,1.00
2017.08.23 03:49:43.906,0.70089,0.7011,1.50,1.00
2017.08.23 03:49:48.129,0.70089,0.7011,1.50,1.00
2017.08.23 03:50:01.949,0.70088,0.7011,1.75,1.50
2017.08.23 03:50:06.937,0.70087,0.70108,1.75,1.00
2017.08.23 03:50:09.852,0.70087,0.7011,1.75,1.50
2017.08.23 03:50:10.048,0.70089,0.70108,1.00,1.00
2017.08.23 03:50:10.301,0.70086,0.70107,1.00,1.50
2017.08.23 03:50:10.446,0.70084,0.70107,2.25,1.50
2017.08.23 03:50:11.641,0.70086,0.70105,1.00,1.00
2017.08.23 03:50:12.151,0.70084,0.70107,1.75,1.00
2017.08.23 03:50:13.122,0.70084,0.70106,2.25,1.00
2017.08.23 03:50:13.781,0.70082,0.70105,1.50,1.00
2017.08.23 03:50:17.131,0.7008,0.70103,2.62,1.00
2017.08.23 03:50:17.232,0.7008,0.70103,2.32,1.00
2017.08.23 03:50:17.508,0.70081,0.70104,1.85,1.00
2017.08.23 03:50:18.785,0.70083,0.70104,1.37,1.00
2017.08.23 03:50:19.643,0.70082,0.70106,1.50,1.12
2017.08.23 03:50:20.445,0.70083,0.70104,1.37,1.00
2017.08.23 03:50:21.096,0.7008,0.70101,2.25,1.00
2017.08.23 03:50:21.198,0.70083,0.70107,1.75,1.37
2017.08.23 03:50:21.249,0.70083,0.70107,1.47,1.37
2017.08.23 03:50:21.454,0.70084,0.70107,1.85,1.00
2017.08.23 03:50:21.983,0.70084,0.70107,1.75,1.00
2017.08.23 03:50:22.624,0.70085,0.70106,1.75,1.00
2017.08.23 03:50:24.606,0.70084,0.70106,2.25,1.00
2017.08.23 03:50:25.126,0.70084,0.70104,1.50,1.00
2017.08.23 03:50:25.443,0.70084,0.70106,1.75,1.00
2017.08.23 03:50:26.119,0.70086,0.70106,1.00,1.00
2017.08.23 03:50:29.182,0.70086,0.70104,1.00,1.00
2017.08.23 03:50:29.694,0.70086,0.70107,1.37,1.37
2017.08.23 03:50:29.745,0.70086,0.70107,1.50,1.00
2017.08.23 03:50:30.384,0.70086,0.70107,1.50,1.00
2017.08.23 03:50:30.536,0.70084,0.70107,3.00,1.00
2017.08.23 03:50:31.064,0.70084,0.70107,3.00,1.00
2017.08.23 03:50:31.176,0.70086,0.70107,1.00,1.00
2017.08.23 03:50:31.315,0.70084,0.70107,3.00,1.00
2017.08.23 03:50:32.003,0.70086,0.70107,1.00,1.00
2017.08.23 03:50:32.161,0.70084,0.70107,2.25,1.00
2017.08.23 03:50:32.261,0.70086,0.70107,1.00,1.00
2017.08.23 03:50:32.392,0.70084,0.70107,2.25,1.00
2017.08.23 03:50:32.937,0.70086,0.70107,1.00,1.00
2017.08.23 03:50:33.066,0.70084,0.70107,2.25,1.00
2017.08.23 03:50:35.642,0.70086,0.70107,1.00,1.00
2017.08.23 03:50:35.849,0.70084,0.70107,2.25,1.00
2017.08.23 03:50:36.273,0.70086,0.70107,1.00,1.00
2017.08.23 03:50:36.425,0.70084,0.70107,2.25,1.00
2017.08.23 03:50:36.531,0.70084,0.70107,2.25,1.00
2017.08.23 03:50:36.656,0.70084,0.70107,2.25,1.00
2017.08.23 03:50:36.826,0.70086,0.70107,1.00,1.00
2017.08.23 03:50:37.328,0.70084,0.70107,2.25,1.00
2017.08.23 03:50:37.778,0.70084,0.70107,2.25,1.00
2017.08.23 03:50:38.121,0.70084,0.70107,2.25,1.00
2017.08.23 03:50:38.251,0.70084,0.70107,2.25,1.00
2017.08.23 03:50:39.030,0.70084,0.70107,2.25,1.00
2017.08.23 03:50:39.709,0.70084,0.70107,2.25,1.00
2017.08.23 03:50:40.236,0.70084,0.70107,2.25,1.00
2017.08.23 03:50:40.422,0.70084,0.70107,2.25,1.00
2017.08.23 03:50:40.603,0.70084,0.70107,2.25,1.00
2017.08.23 03:50:40.794,0.70084,0.70107,2.25,1.00
2017.08.23 03:50:41.133,0.70084,0.70105,1.75,1.00
2017.08.23 03:50:41.649,0.70083,0.70106,2.25,1.37
2017.08.23 03:50:41.956,0.70085,0.70107,1.37,1.37
2017.08.23 03:50:42.060,0.70085,0.70107,1.75,1.00
2017.08.23 03:50:42.111,0.70086,0.70107,1.50,1.00
2017.08.23 03:50:42.721,0.70086,0.70107,1.50,1.00
2017.08.23 03:50:43.232,0.70085,0.70107,1.75,1.00
2017.08.23 03:50:43.520,0.70085,0.70107,1.75,1.00
2017.08.23 03:50:50.194,0.70085,0.70107,1.75,1.00
2017.08.23 03:50:50.601,0.70085,0.70107,1.75,1.00
2017.08.23 03:50:51.132,0.70086,0.70107,1.00,1.00
2017.08.23 03:50:51.234,0.70085,0.70107,1.75,1.00
2017.08.23 03:50:54.212,0.70085,0.70108,1.75,1.00
2017.08.23 03:50:54.315,0.70086,0.70108,1.00,1.12
2017.08.23 03:50:55.193,0.70085,0.70107,1.37,1.00
2017.08.23 03:50:57.305,0.70086,0.70106,1.00,1.00
2017.08.23 03:51:00.988,0.70086,0.70107,1.50,1.00
2017.08.23 03:51:01.545,0.70085,0.70107,1.50,1.00
2017.08.23 03:51:02.497,0.70085,0.70106,1.50,1.00
2017.08.23 03:51:03.044,0.70085,0.70106,1.50,1.00
2017.08.23 03:51:04.835,0.70085,0.70106,1.50,1.00
2017.08.23 03:51:05.320,0.70085,0.70106,1.50,1.00
2017.08.23 03:51:09.861,0.70085,0.70106,1.50,1.00
2017.08.23 03:51:10.487,0.70085,0.70106,1.12,1.00
2017.08.23 03:51:11.131,0.70082,0.70103,1.75,1.00
2017.08.23 03:51:11.707,0.70082,0.70103,1.37,1.00
2017.08.23 03:51:12.192,0.70082,0.70103,1.12,1.00
2017.08.23 03:51:16.774,0.70081,0.70104,1.50,1.00
2017.08.23 03:51:20.566,0.7008,0.70103,2.25,1.00
2017.08.23 03:51:21.100,0.70079,0.701,1.75,1.00
2017.08.23 03:51:21.150,0.70079,0.70102,1.75,1.00
2017.08.23 03:51:21.353,0.70082,0.70103,1.37,1.00
2017.08.23 03:51:21.660,0.70084,0.70106,1.50,1.00
2017.08.23 03:51:22.312,0.70084,0.70106,1.50,1.00
2017.08.23 03:51:22.693,0.70084,0.70106,1.50,1.00
2017.08.23 03:51:22.795,0.70084,0.70106,1.50,1.00
2017.08.23 03:51:23.741,0.70084,0.70106,1.50,1.00
2017.08.23 03:51:24.350,0.70084,0.70107,2.25,1.00
2017.08.23 03:51:25.073,0.70084,0.70106,1.50,1.00
2017.08.23 03:51:25.124,0.70084,0.70105,1.00,1.00
2017.08.23 03:51:25.226,0.70082,0.70101,1.37,1.00
2017.08.23 03:51:25.480,0.70082,0.70101,1.00,1.00
2017.08.23 03:51:27.575,0.70082,0.70102,1.00,1.00
2017.08.23 03:51:28.226,0.70082,0.70103,1.00,1.12
2017.08.23 03:51:29.023,0.70082,0.70102,1.00,1.00
2017.08.23 03:51:29.583,0.70082,0.70101,1.00,1.00
2017.08.23 03:51:33.591,0.70082,0.70102,1.00,1.00
2017.08.23 03:51:35.595,0.70082,0.70101,1.00,1.00
2017.08.23 03:51:36.467,0.70082,0.70103,1.12,1.00
2017.08.23 03:51:36.768,0.70082,0.70105,1.50,1.12
2017.08.23 03:51:36.870,0.70086,0.70106,1.00,1.12
2017.08.23 03:51:37.295,0.70082,0.70103,1.75,1.00
2017.08.23 03:51:39.159,0.70081,0.70104,2.25,1.00
2017.08.23 03:51:41.063,0.70081,0.70102,2.25,1.00
2017.08.23 03:51:41.114,0.70081,0.70102,2.25,1.00
2017.08.23 03:51:41.647,0.70081,0.70102,1.50,1.00
2017.08.23 03:51:43.293,0.7008,0.70103,3.07,1.00
2017.08.23 03:51:43.395,0.7008,0.70101,3.07,1.00
2017.08.23 03:51:44.075,0.7008,0.70101,3.07,1.00
2017.08.23 03:51:44.337,0.7008,0.70103,3.07,1.00
2017.08.23 03:51:46.393,0.7008,0.70101,3.07,1.00
2017.08.23 03:51:48.558,0.70081,0.70102,1.50,1.00
2017.08.23 03:51:50.625,0.7008,0.70104,2.25,1.12
2017.08.23 03:51:53.994,0.7008,0.70103,2.62,1.00
2017.08.23 03:51:55.891,0.70082,0.70102,1.12,1.00
2017.08.23 03:52:01.133,0.70081,0.70103,1.50,1.12
2017.08.23 03:52:04.678,0.70081,0.70101,1.10,1.00
2017.08.23 03:52:05.659,0.70081,0.70102,1.00,1.00
2017.08.23 03:52:06.504,0.70081,0.70102,1.50,1.00
2017.08.23 03:52:11.027,0.70081,0.70103,2.25,1.00
2017.08.23 03:52:15.247,0.70081,0.70101,1.50,1.12
2017.08.23 03:52:15.551,0.70078,0.701,1.50,1.00
2017.08.23 03:52:15.652,0.70079,0.70102,1.37,1.12
2017.08.23 03:52:16.165,0.7008,0.70102,1.75,1.00
2017.08.23 03:52:17.700,0.7008,0.70101,1.87,1.00
2017.08.23 03:52:18.450,0.70081,0.70102,1.37,1.00
2017.08.23 03:52:20.372,0.7008,0.70103,2.25,1.00
2017.08.23 03:52:30.053,0.7008,0.70102,2.25,1.00
2017.08.23 03:52:33.735,0.70083,0.70101,1.00,1.00
2017.08.23 03:52:35.380,0.70081,0.70101,1.50,1.00
2017.08.23 03:52:35.716,0.70081,0.70103,1.00,1.00
2017.08.23 03:52:38.887,0.7008,0.70103,1.75,1.00
2017.08.23 03:52:39.709,0.70079,0.70101,2.25,1.00
2017.08.23 03:52:40.457,0.70079,0.70101,2.25,1.00
2017.08.23 03:52:43.134,0.70079,0.70099,2.25,1.00
2017.08.23 03:52:51.072,0.70079,0.70099,1.00,1.00
2017.08.23 03:52:51.173,0.70078,0.70101,1.50,1.00
2017.08.23 03:52:51.225,0.70078,0.70101,2.25,1.00
2017.08.23 03:52:52.039,0.7008,0.70101,1.37,1.00
2017.08.23 03:52:52.191,0.7008,0.70103,2.25,1.00
2017.08.23 03:52:53.043,0.7008,0.70102,2.25,1.00
2017.08.23 03:52:56.118,0.70081,0.70103,1.50,1.12
2017.08.23 03:52:56.814,0.70081,0.70103,1.50,1.12
2017.08.23 03:53:03.133,0.70081,0.70103,1.50,1.00
2017.08.23 03:53:05.294,0.70081,0.70103,1.50,1.00
2017.08.23 03:53:06.076,0.70081,0.70104,1.50,1.12
2017.08.23 03:53:11.154,0.70081,0.70103,1.50,1.00
2017.08.23 03:53:15.409,0.70081,0.70103,1.50,1.00
2017.08.23 03:53:19.470,0.70081,0.70103,1.75,1.00
2017.08.23 03:53:20.296,0.70081,0.70103,1.50,1.00
2017.08.23 03:53:24.832,0.70082,0.70102,1.00,1.00
2017.08.23 03:53:24.933,0.7008,0.70098,1.37,1.00
2017.08.23 03:53:25.136,0.70078,0.70098,1.50,1.00
2017.08.23 03:53:26.853,0.70078,0.70099,1.00,1.00
2017.08.23 03:53:30.244,0.70078,0.70098,1.50,1.00
2017.08.23 03:53:30.959,0.70078,0.70098,1.12,1.00
2017.08.23 03:53:31.240,0.70077,0.701,1.50,1.12
2017.08.23 03:53:32.776,0.70077,0.70099,1.50,1.00
2017.08.23 03:53:35.835,0.70077,0.701,1.50,1.12
2017.08.23 03:53:39.203,0.70078,0.70099,1.00,1.00
2017.08.23 03:53:43.378,0.70077,0.70099,1.75,1.00
2017.08.23 03:53:45.201,0.70077,0.701,1.75,1.12
2017.08.23 03:53:46.193,0.70077,0.70099,1.75,1.00
2017.08.23 03:53:46.652,0.70078,0.70101,1.50,1.12
2017.08.23 03:53:46.703,0.70078,0.70098,1.50,1.00
2017.08.23 03:53:47.648,0.70079,0.70099,1.12,1.00
2017.08.23 03:53:48.453,0.7008,0.701,1.00,1.00
2017.08.23 03:53:48.603,0.70078,0.701,1.50,1.00
2017.08.23 03:53:49.111,0.70078,0.70099,1.50,1.00
2017.08.23 03:53:51.132,0.70078,0.70093,1.00,1.00
2017.08.23 03:53:51.288,0.70075,0.70093,1.00,1.00
2017.08.23 03:53:51.390,0.70071,0.70091,1.00,1.00
2017.08.23 03:53:51.936,0.7007,0.70091,1.75,1.00
2017.08.23 03:53:53.126,0.70069,0.70089,1.75,1.00
2017.08.23 03:53:54.521,0.70071,0.70089,1.00,1.00
2017.08.23 03:53:55.164,0.70071,0.70092,1.00,1.00
2017.08.23 03:53:56.858,0.70071,0.70093,1.50,1.00
2017.08.23 03:53:57.009,0.70073,0.70094,1.37,1.12
2017.08.23 03:53:57.559,0.70073,0.70093,1.37,1.00
2017.08.23 03:53:58.357,0.70073,0.70092,1.37,1.00
2017.08.23 03:54:02.980,0.70073,0.70093,1.37,1.00
2017.08.23 03:54:03.505,0.70073,0.70094,1.37,1.00
2017.08.23 03:54:03.968,0.70073,0.70092,1.37,1.00
2017.08.23 03:54:05.896,0.70073,0.70093,1.37,1.00
2017.08.23 03:54:15.418,0.70071,0.70093,3.00,1.00
2017.08.23 03:54:19.197,0.70072,0.70094,1.37,1.12
2017.08.23 03:54:22.050,0.70073,0.70095,1.12,1.50
2017.08.23 03:54:22.757,0.70071,0.70094,3.00,1.00
2017.08.23 03:54:22.908,0.70071,0.70092,1.37,1.00
2017.08.23 03:54:28.712,0.70071,0.70091,1.37,1.00
2017.08.23 03:54:31.135,0.70068,0.7009,3.00,1.00
2017.08.23 03:54:31.286,0.70068,0.7009,2.25,1.00
2017.08.23 03:54:31.805,0.70068,0.7009,2.25,1.00
2017.08.23 03:54:32.174,0.7007,0.70092,1.12,1.00
2017.08.23 03:54:32.275,0.7007,0.70092,1.50,1.12
2017.08.23 03:54:41.201,0.70071,0.70092,1.12,1.00
2017.08.23 03:54:41.505,0.70073,0.70093,1.00,1.00
2017.08.23 03:54:42.039,0.70073,0.70093,1.37,1.00
2017.08.23 03:54:42.749,0.70074,0.70094,1.12,1.00
2017.08.23 03:54:46.561,0.70073,0.70094,1.37,1.37
2017.08.23 03:54:47.168,0.70073,0.70094,1.50,1.12
2017.08.23 03:54:51.150,0.70071,0.70093,1.75,1.00
2017.08.23 03:54:51.301,0.7007,0.70093,2.25,1.00
2017.08.23 03:54:51.429,0.7007,0.70093,2.25,1.12
2017.08.23 03:54:52.799,0.70071,0.70093,1.87,1.00
2017.08.23 03:54:53.345,0.70072,0.70093,1.00,1.00
2017.08.23 03:54:54.400,0.70072,0.70092,1.00,1.00
2017.08.23 03:54:54.909,0.7007,0.70092,1.50,1.00
2017.08.23 03:54:56.378,0.70071,0.70091,1.00,1.00
2017.08.23 03:54:57.225,0.70071,0.70093,1.00,1.00
2017.08.23 03:54:58.701,0.7007,0.70092,1.50,1.00
2017.08.23 03:55:00.413,0.7007,0.70093,2.25,1.12
2017.08.23 03:55:00.581,0.70071,0.70094,1.37,1.50
2017.08.23 03:55:01.101,0.70071,0.70091,1.12,1.00
2017.08.23 03:55:01.614,0.70069,0.70092,2.25,1.00
2017.08.23 03:55:02.655,0.7007,0.70092,1.50,1.00
2017.08.23 03:55:05.247,0.70069,0.70092,3.00,1.00
2017.08.23 03:55:06.018,0.70071,0.70091,1.37,1.00
2017.08.23 03:55:09.302,0.70069,0.70092,3.37,1.00
2017.08.23 03:55:12.758,0.70069,0.70092,2.25,1.37
2017.08.23 03:55:12.859,0.70071,0.70093,1.87,1.12
2017.08.23 03:55:12.961,0.70071,0.70093,1.87,1.00
2017.08.23 03:55:13.590,0.70073,0.70094,1.75,1.00
2017.08.23 03:55:14.092,0.70074,0.70093,1.00,1.00
2017.08.23 03:55:14.447,0.70072,0.70093,1.75,1.00
2017.08.23 03:55:14.995,0.70071,0.70094,2.25,1.00
2017.08.23 03:55:15.603,0.70072,0.70092,1.75,1.00
2017.08.23 03:55:16.214,0.70072,0.70093,1.75,1.00
2017.08.23 03:55:17.525,0.70071,0.70094,2.25,1.12
2017.08.23 03:55:18.573,0.70072,0.70093,1.75,1.00
2017.08.23 03:55:20.127,0.70072,0.70094,2.25,1.00
2017.08.23 03:55:21.130,0.70069,0.70091,1.95,1.00
2017.08.23 03:55:21.434,0.70065,0.70086,2.25,1.00
2017.08.23 03:55:21.536,0.70067,0.70088,1.12,1.00
2017.08.23 03:55:21.587,0.70069,0.70088,1.00,1.00
2017.08.23 03:55:21.891,0.7007,0.70091,1.87,1.37
2017.08.23 03:55:21.942,0.7007,0.70091,2.25,1.00
2017.08.23 03:55:23.424,0.7007,0.70092,2.25,1.12
2017.08.23 03:55:24.038,0.7007,0.70092,2.25,1.00
2017.08.23 03:55:24.089,0.70071,0.70094,1.37,1.12
2017.08.23 03:55:24.616,0.70072,0.70094,1.37,1.37
2017.08.23 03:55:26.420,0.70072,0.70092,1.37,1.00
2017.08.23 03:55:29.242,0.70072,0.70094,1.37,1.12
2017.08.23 03:55:29.760,0.7007,0.70093,1.87,1.12
2017.08.23 03:55:30.415,0.7007,0.70092,1.12,1.00
2017.08.23 03:55:39.826,0.7007,0.70093,1.87,1.12
2017.08.23 03:55:39.877,0.70072,0.70094,1.20,1.50
2017.08.23 03:55:40.181,0.70081,0.70101,1.00,1.37
2017.08.23 03:55:40.361,0.70087,0.70107,1.00,1.37
2017.08.23 03:55:40.464,0.70087,0.7011,1.95,1.50
2017.08.23 03:55:40.515,0.70088,0.7011,1.37,1.12
2017.08.23 03:55:42.451,0.70088,0.70111,2.25,1.00
2017.08.23 03:55:43.029,0.70089,0.70111,1.50,1.00
2017.08.23 03:55:46.243,0.70089,0.70111,1.50,1.00
2017.08.23 03:55:48.567,0.70089,0.70111,1.50,1.00
2017.08.23 03:55:48.618,0.70093,0.70113,1.12,1.12
2017.08.23 03:55:49.071,0.70092,0.70111,1.00,1.00
2017.08.23 03:55:49.275,0.70088,0.7011,1.50,1.00
2017.08.23 03:55:49.835,0.70086,0.70109,1.37,1.12
2017.08.23 03:55:51.129,0.70086,0.70108,1.37,1.00
2017.08.23 03:55:51.661,0.70088,0.70109,1.37,1.12
2017.08.23 03:55:52.456,0.7009,0.70111,1.37,1.37
2017.08.23 03:55:52.983,0.70089,0.7011,2.25,1.00
2017.08.23 03:55:54.722,0.70089,0.7011,1.50,1.00
2017.08.23 03:56:05.701,0.70089,0.7011,1.50,1.00
2017.08.23 03:56:06.204,0.70089,0.70112,2.25,1.37
2017.08.23 03:56:12.655,0.7009,0.70112,1.37,1.37
2017.08.23 03:56:12.908,0.70088,0.70109,1.50,1.00
2017.08.23 03:56:12.959,0.70087,0.70109,1.75,1.00
2017.08.23 03:56:13.061,0.70086,0.70109,1.75,1.00
2017.08.23 03:56:13.927,0.70086,0.70108,1.37,1.00
2017.08.23 03:56:14.443,0.70086,0.70106,1.37,1.00
2017.08.23 03:56:14.955,0.70085,0.70108,3.00,1.00
2017.08.23 03:56:16.961,0.70085,0.70107,2.25,1.00
2017.08.23 03:56:19.930,0.70085,0.70106,1.50,1.00
2017.08.23 03:56:20.748,0.70085,0.70106,1.50,1.00
2017.08.23 03:56:23.682,0.70085,0.70104,1.50,1.50
2017.08.23 03:56:23.884,0.70081,0.70103,2.25,1.00
2017.08.23 03:56:24.414,0.70083,0.70103,1.12,1.00
2017.08.23 03:56:24.953,0.70081,0.70101,2.25,1.00
2017.08.23 03:56:26.580,0.70082,0.70103,1.50,1.00
2017.08.23 03:56:27.102,0.70082,0.70102,1.50,1.00
2017.08.23 03:56:29.227,0.70082,0.70102,1.50,1.00
2017.08.23 03:56:29.774,0.70082,0.70103,1.50,1.00
2017.08.23 03:56:32.283,0.70082,0.70104,1.50,1.00
2017.08.23 03:56:32.965,0.70082,0.70105,2.25,1.00
2017.08.23 03:56:33.528,0.70082,0.70105,2.25,1.00
2017.08.23 03:56:33.630,0.70082,0.70105,2.25,1.00
2017.08.23 03:56:34.014,0.70082,0.70104,1.50,1.00
2017.08.23 03:56:34.115,0.70084,0.70106,1.00,1.12
2017.08.23 03:56:34.166,0.70084,0.70106,1.37,1.12
2017.08.23 03:56:34.494,0.70085,0.70104,1.00,1.00
2017.08.23 03:56:35.121,0.70084,0.70103,1.37,1.00
2017.08.23 03:56:35.498,0.70084,0.70105,1.37,1.00
2017.08.23 03:56:36.500,0.70084,0.70104,1.37,1.00
2017.08.23 03:56:37.689,0.70084,0.70106,1.87,1.12
2017.08.23 03:56:38.248,0.70084,0.70105,1.37,1.00
2017.08.23 03:56:38.795,0.70084,0.70104,1.00,1.00
2017.08.23 03:56:39.396,0.70084,0.70105,1.12,1.00
2017.08.23 03:56:40.328,0.70084,0.70106,1.87,1.12
2017.08.23 03:56:40.887,0.70083,0.70105,1.37,1.00
2017.08.23 03:56:42.281,0.70083,0.70106,1.87,1.12
2017.08.23 03:56:42.911,0.70083,0.70105,1.12,1.00
2017.08.23 03:56:43.420,0.70083,0.70104,1.12,1.00
2017.08.23 03:56:44.190,0.70083,0.70105,1.37,1.00
2017.08.23 03:56:44.748,0.70081,0.70104,3.00,1.00
2017.08.23 03:56:45.260,0.70082,0.70105,2.25,1.10
2017.08.23 03:56:45.860,0.70081,0.70104,2.25,1.00
2017.08.23 03:56:48.471,0.70083,0.70104,1.37,1.00
2017.08.23 03:56:58.639,0.70081,0.70103,2.25,1.00
2017.08.23 03:56:59.365,0.70083,0.70103,1.00,1.00
2017.08.23 03:57:04.863,0.7008,0.70102,3.00,1.00
2017.08.23 03:57:06.258,0.7008,0.70103,3.00,1.00
2017.08.23 03:57:06.937,0.70083,0.70103,1.00,1.00
2017.08.23 03:57:08.114,0.70083,0.70102,1.00,1.00
2017.08.23 03:57:11.640,0.7008,0.70102,2.25,1.00
2017.08.23 03:57:12.591,0.7008,0.70103,2.25,1.00
2017.08.23 03:57:13.418,0.7008,0.70102,1.75,1.00
2017.08.23 03:57:14.077,0.70083,0.70103,1.00,1.00
2017.08.23 03:57:18.346,0.70081,0.70101,1.37,1.00
2017.08.23 03:57:18.579,0.7008,0.70103,2.25,1.00
2017.08.23 03:57:18.630,0.70081,0.70103,1.37,1.00
2017.08.23 03:57:19.843,0.70081,0.70102,1.37,1.00
2017.08.23 03:57:20.833,0.70081,0.70103,1.37,1.00
2017.08.23 03:57:21.834,0.70081,0.70102,1.37,1.00
2017.08.23 03:57:23.956,0.70081,0.70101,1.37,1.00
2017.08.23 03:57:24.107,0.70081,0.70101,1.37,1.00
2017.08.23 03:57:24.851,0.70081,0.70102,1.37,1.00
2017.08.23 03:57:25.507,0.70081,0.70101,1.37,1.00
2017.08.23 03:57:25.772,0.70081,0.70103,1.37,1.00
2017.08.23 03:57:26.335,0.70081,0.70103,1.37,1.00
2017.08.23 03:57:26.877,0.70081,0.70102,1.37,1.00
2017.08.23 03:57:28.224,0.7008,0.70103,3.00,1.00
2017.08.23 03:57:30.760,0.70081,0.70103,1.87,1.00
2017.08.23 03:57:33.730,0.70081,0.70103,1.87,1.00
2017.08.23 03:57:36.225,0.70081,0.70103,1.87,1.00
2017.08.23 03:57:44.067,0.70081,0.70103,1.37,1.00
2017.08.23 03:57:48.571,0.70081,0.70103,1.37,1.00
2017.08.23 03:57:55.623,0.7008,0.70103,3.00,1.00
2017.08.23 03:57:57.830,0.7008,0.70102,3.00,1.00
2017.08.23 03:57:58.435,0.7008,0.70103,3.00,1.00
2017.08.23 03:57:58.536,0.70083,0.70105,1.37,1.12
2017.08.23 03:57:59.205,0.70084,0.70106,1.00,1.00
2017.08.23 03:58:05.670,0.70083,0.70103,1.75,1.00
2017.08.23 03:58:08.514,0.70084,0.70103,1.00,1.00
2017.08.23 03:58:12.198,0.70083,0.70103,1.75,1.00
2017.08.23 03:58:16.487,0.70082,0.70103,1.50,1.00
2017.08.23 03:58:17.035,0.70082,0.70102,1.00,1.00
2017.08.23 03:58:17.810,0.70081,0.70103,1.50,1.00
2017.08.23 03:58:18.342,0.70082,0.70104,1.50,1.00
2017.08.23 03:58:21.941,0.70082,0.70104,2.25,1.00
2017.08.23 03:58:24.271,0.70082,0.70102,2.25,1.00
2017.08.23 03:58:28.991,0.70082,0.70102,2.25,1.00
2017.08.23 03:58:30.570,0.70082,0.70104,2.25,1.00
2017.08.23 03:58:30.888,0.70082,0.70102,2.25,1.00
2017.08.23 03:58:31.647,0.70082,0.70102,2.25,1.00
2017.08.23 03:58:41.810,0.70081,0.70101,1.75,1.00
2017.08.23 03:58:43.051,0.70082,0.70104,1.75,1.00
2017.08.23 03:58:49.711,0.70082,0.70102,1.50,1.00
2017.08.23 03:58:50.042,0.70082,0.70102,1.50,1.00
2017.08.23 03:58:52.902,0.70082,0.70104,1.50,1.12
2017.08.23 03:58:53.421,0.70083,0.70105,1.75,1.00
2017.08.23 03:58:53.919,0.70083,0.70103,1.37,1.00
2017.08.23 03:58:54.948,0.7008,0.70102,1.75,1.00
2017.08.23 03:58:55.906,0.70081,0.70103,1.50,1.00
2017.08.23 03:58:57.299,0.7008,0.70102,1.75,1.00
2017.08.23 03:58:58.166,0.7008,0.70102,1.75,1.00
2017.08.23 03:59:01.861,0.70081,0.70103,1.50,1.00
2017.08.23 03:59:02.447,0.7008,0.70102,1.75,1.00
2017.08.23 03:59:14.841,0.7008,0.70102,1.75,1.00
2017.08.23 03:59:15.638,0.70081,0.70103,1.50,1.00
2017.08.23 03:59:20.746,0.70081,0.70103,1.50,1.00
2017.08.23 03:59:23.938,0.70083,0.70105,1.37,1.87
2017.08.23 03:59:26.301,0.70081,0.70103,1.50,1.00
2017.08.23 03:59:34.674,0.70081,0.70103,1.50,1.00
2017.08.23 03:59:36.558,0.7008,0.70102,1.37,1.00
2017.08.23 03:59:38.799,0.7008,0.70102,1.37,1.00
2017.08.23 03:59:42.476,0.70081,0.70103,1.37,1.12
2017.08.23 03:59:43.034,0.70084,0.70104,1.37,1.00
2017.08.23 03:59:45.192,0.70082,0.70102,1.75,1.00
2017.08.23 03:59:45.243,0.70082,0.70102,1.75,1.00
2017.08.23 03:59:47.796,0.70081,0.70103,1.75,1.00
