2017.08.02 23:00:00.807,0.72004,0.72025,1.00,1.00
2017.08.02 23:00:01.146,0.72004,0.72023,1.00,1.00
2017.08.02 23:00:01.305,0.72002,0.72023,1.00,1.00
2017.08.02 23:00:01.843,0.72001,0.72023,1.00,1.00
2017.08.02 23:00:01.894,0.71999,0.72023,1.00,1.00
2017.08.02 23:00:02.079,0.71999,0.72021,1.00,1.00
2017.08.02 23:00:02.184,0.7199,0.72015,1.00,1.00
2017.08.02 23:00:02.538,0.7199,0.72012,1.00,1.00
2017.08.02 23:00:02.640,0.71988,0.72012,1.00,1.00
2017.08.02 23:00:02.792,0.71985,0.72009,1.00,1.00
2017.08.02 23:00:03.101,0.71979,0.72003,1.00,1.00
2017.08.02 23:00:03.676,0.7198,0.72003,1.00,1.00
2017.08.02 23:00:04.172,0.7198,0.72005,1.00,1.00
2017.08.02 23:00:04.719,0.71981,0.72005,1.00,1.00
2017.08.02 23:00:05.067,0.71981,0.72001,1.00,1.00
2017.08.02 23:00:05.118,0.71978,0.72001,1.00,1.00
2017.08.02 23:00:05.422,0.7198,0.72003,1.00,1.00
2017.08.02 23:00:06.041,0.71981,0.72003,1.00,1.00
2017.08.02 23:00:09.212,0.7198,0.72003,1.00,1.00
2017.08.02 23:00:09.263,0.71978,0.72002,1.00,1.00
2017.08.02 23:00:10.001,0.71977,0.72002,1.00,1.00
2017.08.02 23:00:10.659,0.71978,0.72003,1.00,1.00
2017.08.02 23:00:12.691,0.71978,0.72001,1.00,1.00
2017.08.02 23:00:13.665,0.71978,0.72002,1.00,1.00
2017.08.02 23:00:16.001,0.71978,0.72003,1.00,1.00
2017.08.02 23:00:21.284,0.71978,0.72002,1.00,1.00
2017.08.02 23:00:36.313,0.71978,0.72003,1.00,1.00
2017.08.02 23:00:38.805,0.71978,0.72004,1.00,1.00
2017.08.02 23:00:39.234,0.7198,0.72005,1.00,1.00
2017.08.02 23:00:41.306,0.71978,0.72003,1.00,1.00
2017.08.02 23:00:43.117,0.71979,0.72004,1.00,1.00
2017.08.02 23:00:44.067,0.71979,0.72005,1.00,1.00
2017.08.02 23:00:47.005,0.71981,0.72005,1.00,1.00
2017.08.02 23:00:49.339,0.71981,0.72004,1.00,1.00
2017.08.02 23:00:49.896,0.71981,0.72005,1.00,1.00
2017.08.02 23:00:51.495,0.71981,0.72006,1.00,1.00
2017.08.02 23:00:58.573,0.71982,0.72006,1.00,1.00
2017.08.02 23:01:00.628,0.71987,0.72009,1.00,1.00
2017.08.02 23:01:00.730,0.71988,0.72013,1.00,1.00
2017.08.02 23:01:01.430,0.7199,0.72014,1.00,1.00
2017.08.02 23:01:01.978,0.71991,0.72014,1.00,1.00
2017.08.02 23:01:05.442,0.71993,0.72014,1.00,1.00
2017.08.02 23:01:06.289,0.71991,0.72015,1.00,1.00
2017.08.02 23:01:06.340,0.71994,0.72017,1.00,1.00
2017.08.02 23:01:06.441,0.71994,0.72019,1.00,1.00
2017.08.02 23:01:06.492,0.71996,0.72019,1.00,1.00
2017.08.02 23:01:06.594,0.71997,0.72021,1.00,1.00
2017.08.02 23:01:06.839,0.71997,0.72023,1.00,1.00
2017.08.02 23:01:07.338,0.71993,0.72017,1.00,1.00
2017.08.02 23:01:07.643,0.71989,0.72011,1.00,1.00
2017.08.02 23:01:08.185,0.71989,0.72009,1.00,1.00
2017.08.02 23:01:08.647,0.71989,0.72011,1.00,1.00
2017.08.02 23:01:09.381,0.71989,0.7201,1.00,1.00
2017.08.02 23:01:10.548,0.71989,0.72011,1.00,1.00
2017.08.02 23:01:15.802,0.71989,0.7201,1.00,1.00
2017.08.02 23:01:18.764,0.71987,0.7201,1.00,1.00
2017.08.02 23:01:20.216,0.71988,0.7201,1.00,1.00
2017.08.02 23:01:20.267,0.71989,0.72013,1.00,1.00
2017.08.02 23:01:21.403,0.71989,0.72012,1.00,1.00
2017.08.02 23:01:25.478,0.7199,0.72012,1.00,1.00
2017.08.02 23:01:26.229,0.7199,0.72013,1.00,1.00
2017.08.02 23:01:26.889,0.71991,0.72012,1.00,1.00
2017.08.02 23:01:29.024,0.71991,0.72015,1.00,1.00
2017.08.02 23:01:29.075,0.71993,0.72015,1.00,1.00
2017.08.02 23:01:31.155,0.71994,0.72015,1.00,1.00
2017.08.02 23:01:32.696,0.71992,0.72014,1.00,1.00
2017.08.02 23:01:33.211,0.71992,0.72015,1.00,1.00
2017.08.02 23:01:55.149,0.71993,0.72015,1.00,1.00
2017.08.02 23:01:55.658,0.71992,0.72016,1.00,1.00
2017.08.02 23:01:56.232,0.71996,0.72019,1.00,1.00
2017.08.02 23:01:56.385,0.71997,0.72021,1.00,1.00
2017.08.02 23:01:56.984,0.71996,0.7202,1.00,1.00
2017.08.02 23:01:57.877,0.71994,0.72014,1.00,1.00
2017.08.02 23:01:57.927,0.71988,0.72012,1.00,1.00
2017.08.02 23:01:58.029,0.71988,0.7201,1.00,1.00
2017.08.02 23:01:58.130,0.71984,0.72008,1.00,1.00
2017.08.02 23:01:58.181,0.71982,0.72006,1.00,1.00
2017.08.02 23:01:58.333,0.7198,0.72006,1.00,1.00
2017.08.02 23:01:58.883,0.71981,0.72006,1.00,1.00
2017.08.02 23:01:59.544,0.71982,0.72008,1.00,1.00
2017.08.02 23:01:59.801,0.71988,0.72011,1.00,1.00
2017.08.02 23:02:00.329,0.71989,0.72013,1.00,1.00
2017.08.02 23:02:00.481,0.71991,0.72015,1.00,1.00
2017.08.02 23:02:00.877,0.71995,0.72015,1.00,1.00
2017.08.02 23:02:01.600,0.71995,0.72016,1.00,1.00
2017.08.02 23:02:02.127,0.71991,0.72014,1.00,1.00
2017.08.02 23:02:02.228,0.71989,0.72013,1.00,1.00
2017.08.02 23:02:02.421,0.71984,0.72006,1.00,1.00
2017.08.02 23:02:02.472,0.71981,0.72004,1.00,1.00
2017.08.02 23:02:03.006,0.7198,0.72004,1.00,1.00
2017.08.02 23:02:03.544,0.71979,0.72004,1.00,1.00
2017.08.02 23:02:03.946,0.71981,0.72005,1.00,1.00
2017.08.02 23:02:04.252,0.71983,0.72005,1.00,1.00
2017.08.02 23:02:04.354,0.71983,0.72009,1.00,1.00
2017.08.02 23:02:04.405,0.71987,0.7201,1.00,1.00
2017.08.02 23:02:04.745,0.71983,0.72006,1.00,1.00
2017.08.02 23:02:05.230,0.71985,0.72006,1.00,1.00
2017.08.02 23:02:05.778,0.71985,0.72008,1.00,1.37
2017.08.02 23:02:06.140,0.71986,0.72009,1.00,1.12
2017.08.02 23:02:06.649,0.71987,0.72009,1.00,1.12
2017.08.02 23:02:06.750,0.71989,0.72013,1.00,1.37
2017.08.02 23:02:06.953,0.71987,0.72009,1.00,1.12
2017.08.02 23:02:07.054,0.71985,0.7201,1.00,1.37
2017.08.02 23:02:07.105,0.71987,0.7201,1.00,1.37
2017.08.02 23:02:07.156,0.71985,0.7201,1.00,1.37
2017.08.02 23:02:07.408,0.71987,0.7201,1.00,1.37
2017.08.02 23:02:07.973,0.71987,0.72011,1.00,1.00
2017.08.02 23:02:08.074,0.71989,0.72012,1.00,1.37
2017.08.02 23:02:09.610,0.71989,0.7201,1.00,1.37
2017.08.02 23:02:12.805,0.71989,0.72011,1.00,1.37
2017.08.02 23:02:13.483,0.71989,0.72011,1.00,1.12
2017.08.02 23:02:13.942,0.71989,0.72011,1.00,1.37
2017.08.02 23:02:14.096,0.7199,0.72014,1.00,1.00
2017.08.02 23:02:14.612,0.7199,0.72013,1.00,1.00
2017.08.02 23:02:15.636,0.71991,0.72013,1.00,1.00
2017.08.02 23:02:15.789,0.71992,0.72015,1.00,1.00
2017.08.02 23:02:16.452,0.71991,0.72014,1.00,1.00
2017.08.02 23:02:17.010,0.71991,0.72015,1.00,1.00
2017.08.02 23:02:17.551,0.71991,0.72014,1.00,1.00
2017.08.02 23:02:18.104,0.71991,0.72015,1.00,1.00
2017.08.02 23:02:18.704,0.71991,0.72013,1.00,1.00
2017.08.02 23:02:19.422,0.71991,0.72014,1.00,1.00
2017.08.02 23:02:20.863,0.71991,0.72013,1.00,1.00
2017.08.02 23:02:21.406,0.71991,0.72014,1.00,1.00
2017.08.02 23:02:22.166,0.71991,0.72017,1.00,1.00
2017.08.02 23:02:22.217,0.71993,0.72017,1.00,1.00
2017.08.02 23:02:22.806,0.71992,0.72017,1.00,1.00
2017.08.02 23:02:23.385,0.71992,0.72016,1.00,1.00
2017.08.02 23:02:23.925,0.71994,0.72016,1.00,1.00
2017.08.02 23:02:25.205,0.71994,0.72015,1.00,1.00
2017.08.02 23:02:25.452,0.71994,0.72017,1.00,1.00
2017.08.02 23:02:26.215,0.71994,0.72014,1.00,1.00
2017.08.02 23:02:26.452,0.71994,0.72016,1.00,1.00
2017.08.02 23:02:27.458,0.71994,0.72014,1.00,1.00
2017.08.02 23:02:27.865,0.71994,0.72017,1.00,1.00
2017.08.02 23:02:28.468,0.71994,0.72015,1.00,1.00
2017.08.02 23:02:28.718,0.71994,0.72017,1.00,1.00
2017.08.02 23:02:29.729,0.71994,0.72014,1.00,1.00
2017.08.02 23:02:30.057,0.71994,0.72017,1.00,1.00
2017.08.02 23:02:30.717,0.71994,0.72015,1.00,1.00
2017.08.02 23:02:30.958,0.71994,0.72017,1.00,1.00
2017.08.02 23:02:31.712,0.71994,0.72014,1.00,1.00
2017.08.02 23:02:31.864,0.71994,0.72017,1.00,1.00
2017.08.02 23:02:32.874,0.71994,0.72015,1.00,1.00
2017.08.02 23:02:33.638,0.71994,0.72016,1.00,1.00
2017.08.02 23:02:35.600,0.71994,0.72014,1.00,1.00
2017.08.02 23:02:36.111,0.71994,0.72017,1.00,1.00
2017.08.02 23:02:36.516,0.71992,0.72017,1.00,1.00
2017.08.02 23:02:36.778,0.71992,0.72015,1.00,1.00
2017.08.02 23:02:37.601,0.71992,0.72016,1.00,1.00
2017.08.02 23:02:39.631,0.71994,0.72017,1.00,1.00
2017.08.02 23:02:40.662,0.71992,0.72016,1.00,1.00
2017.08.02 23:02:41.496,0.71992,0.72015,1.00,1.00
2017.08.02 23:02:42.152,0.71992,0.72016,1.00,1.00
2017.08.02 23:02:42.724,0.71992,0.72017,1.00,1.00
2017.08.02 23:02:44.476,0.71993,0.72017,1.00,1.00
2017.08.02 23:02:45.539,0.71993,0.72017,1.00,1.37
2017.08.02 23:02:46.336,0.71992,0.72017,1.00,1.37
2017.08.02 23:02:47.010,0.71995,0.72017,1.00,1.12
2017.08.02 23:02:48.524,0.71995,0.72019,1.00,1.37
2017.08.02 23:02:49.222,0.71995,0.72018,1.00,1.37
2017.08.02 23:02:49.882,0.71995,0.72018,1.00,1.12
2017.08.02 23:02:50.689,0.71996,0.72019,1.00,1.12
2017.08.02 23:02:51.201,0.71997,0.72019,1.00,1.12
2017.08.02 23:02:52.288,0.71997,0.72016,1.00,1.00
2017.08.02 23:02:52.462,0.71995,0.72018,1.00,1.12
2017.08.02 23:02:58.189,0.71995,0.72018,1.00,1.37
2017.08.02 23:02:58.795,0.71995,0.72018,1.00,1.00
2017.08.02 23:03:02.227,0.71996,0.72019,1.00,1.00
2017.08.02 23:03:02.755,0.71995,0.72019,1.00,1.00
2017.08.02 23:03:04.090,0.71997,0.72019,1.00,1.00
2017.08.02 23:03:04.206,0.71995,0.72019,1.00,1.00
2017.08.02 23:03:04.438,0.71997,0.72019,1.00,1.00
2017.08.02 23:03:06.479,0.71997,0.7202,1.00,1.00
2017.08.02 23:03:07.045,0.71996,0.72019,1.00,1.00
2017.08.02 23:03:07.700,0.71997,0.72019,1.00,1.00
2017.08.02 23:03:09.815,0.71996,0.72019,1.00,1.00
2017.08.02 23:03:13.916,0.71996,0.7202,1.00,1.00
2017.08.02 23:03:16.013,0.71996,0.72019,1.00,1.00
2017.08.02 23:03:16.316,0.71994,0.72019,1.00,1.37
2017.08.02 23:03:21.680,0.71994,0.72017,1.00,1.00
2017.08.02 23:03:22.290,0.71994,0.72018,1.00,1.12
2017.08.02 23:03:23.869,0.71994,0.72018,1.37,1.00
2017.08.02 23:03:23.991,0.71994,0.72018,1.00,1.00
2017.08.02 23:03:24.800,0.71994,0.72019,1.00,1.00
2017.08.02 23:03:24.999,0.71996,0.72018,1.00,1.00
2017.08.02 23:03:25.572,0.71996,0.7202,1.00,1.87
2017.08.02 23:03:25.623,0.71998,0.72013,1.00,1.00
2017.08.02 23:03:25.674,0.71993,0.72013,1.12,1.00
2017.08.02 23:03:25.775,0.71989,0.72012,1.00,1.00
2017.08.02 23:03:26.478,0.71988,0.72012,1.00,1.00
2017.08.02 23:03:26.970,0.71986,0.72011,1.00,1.00
2017.08.02 23:03:27.021,0.71988,0.72011,1.00,1.00
2017.08.02 23:03:27.275,0.7198,0.72005,1.00,1.00
2017.08.02 23:03:27.433,0.71975,0.72003,1.00,1.00
2017.08.02 23:03:27.636,0.71982,0.72006,1.00,1.00
2017.08.02 23:03:27.940,0.71979,0.72006,1.50,1.00
2017.08.02 23:03:28.527,0.7198,0.72005,1.00,1.00
2017.08.02 23:03:28.680,0.71978,0.72005,1.00,1.00
2017.08.02 23:03:28.888,0.71981,0.72007,1.00,1.50
2017.08.02 23:03:29.239,0.71985,0.72009,1.00,1.00
2017.08.02 23:03:29.290,0.71986,0.72012,1.00,1.50
2017.08.02 23:03:30.081,0.71986,0.72013,1.00,1.00
2017.08.02 23:03:30.133,0.71989,0.72015,1.50,1.00
2017.08.02 23:03:30.526,0.7199,0.72017,1.50,1.00
2017.08.02 23:03:31.226,0.7199,0.72016,1.00,1.00
2017.08.02 23:03:31.277,0.71992,0.72017,1.00,1.00
2017.08.02 23:03:31.778,0.71992,0.72018,1.00,1.00
2017.08.02 23:03:31.829,0.7199,0.72017,1.00,1.00
2017.08.02 23:03:32.326,0.71988,0.72016,1.50,1.00
2017.08.02 23:03:32.478,0.7199,0.72018,1.00,1.50
2017.08.02 23:03:33.010,0.71988,0.72012,1.00,1.00
2017.08.02 23:03:33.061,0.71985,0.72012,1.50,1.00
2017.08.02 23:03:33.111,0.71985,0.72009,1.00,1.00
2017.08.02 23:03:33.162,0.71982,0.72009,1.50,1.00
2017.08.02 23:03:34.112,0.71982,0.7201,1.50,1.00
2017.08.02 23:03:35.460,0.7198,0.72007,1.00,1.00
2017.08.02 23:03:36.042,0.71979,0.72007,1.00,1.00
2017.08.02 23:03:38.482,0.71979,0.72006,1.50,1.00
2017.08.02 23:03:39.160,0.71979,0.72004,1.00,1.00
2017.08.02 23:03:39.629,0.71979,0.72006,1.00,1.00
2017.08.02 23:03:40.267,0.71979,0.72007,1.00,1.50
2017.08.02 23:03:40.811,0.7198,0.72009,1.50,1.50
2017.08.02 23:03:41.015,0.71981,0.72007,1.50,1.00
2017.08.02 23:03:41.328,0.71983,0.72009,1.00,1.00
2017.08.02 23:03:41.655,0.71988,0.72014,1.50,1.00
2017.08.02 23:03:45.013,0.71986,0.72011,1.00,1.00
2017.08.02 23:03:45.064,0.71983,0.72011,1.50,1.00
2017.08.02 23:03:45.877,0.71984,0.72012,1.00,1.50
2017.08.02 23:03:46.875,0.71987,0.72011,1.00,1.00
2017.08.02 23:03:46.977,0.71985,0.72012,1.00,1.50
2017.08.02 23:03:47.027,0.71981,0.72008,1.00,1.00
2017.08.02 23:03:47.230,0.71982,0.7201,1.00,1.50
2017.08.02 23:03:47.281,0.71981,0.72007,1.50,1.00
2017.08.02 23:03:49.153,0.7198,0.72007,1.00,1.50
2017.08.02 23:03:50.343,0.71981,0.72007,1.00,1.50
2017.08.02 23:03:50.393,0.71979,0.72007,1.00,2.25
2017.08.02 23:03:50.495,0.71979,0.72005,1.12,1.00
2017.08.02 23:03:51.219,0.71977,0.72004,1.87,1.00
2017.08.02 23:03:52.614,0.71977,0.72006,1.87,1.50
2017.08.02 23:03:53.529,0.71977,0.72006,1.87,1.50
2017.08.02 23:03:53.917,0.7198,0.72006,1.00,1.00
2017.08.02 23:03:57.343,0.71979,0.72006,1.00,1.00
2017.08.02 23:04:00.316,0.71981,0.72006,1.00,1.00
2017.08.02 23:04:00.468,0.71979,0.72006,1.00,1.00
2017.08.02 23:04:00.747,0.71978,0.72004,1.00,1.00
2017.08.02 23:04:01.047,0.71976,0.72004,1.00,1.50
2017.08.02 23:04:01.098,0.71976,0.72002,1.00,1.00
2017.08.02 23:04:01.402,0.71964,0.7199,1.00,1.00
2017.08.02 23:04:01.718,0.71962,0.71987,1.00,1.00
2017.08.02 23:04:02.178,0.71962,0.71985,1.00,1.00
2017.08.02 23:04:02.690,0.71963,0.71987,1.00,1.00
2017.08.02 23:04:02.741,0.71965,0.71987,1.00,1.00
2017.08.02 23:04:02.792,0.71965,0.71989,1.00,1.00
2017.08.02 23:04:02.995,0.71963,0.71989,1.00,1.00
2017.08.02 23:04:03.513,0.71963,0.71988,1.00,1.00
2017.08.02 23:04:04.142,0.71962,0.71988,1.00,1.00
2017.08.02 23:04:04.710,0.71962,0.71987,1.00,1.00
2017.08.02 23:04:05.222,0.71963,0.71987,1.00,1.00
2017.08.02 23:04:06.775,0.71962,0.71986,1.00,1.00
2017.08.02 23:04:07.315,0.71962,0.71985,1.00,1.00
2017.08.02 23:04:07.829,0.71961,0.71985,1.00,1.00
2017.08.02 23:04:08.521,0.71962,0.71985,1.00,1.00
2017.08.02 23:04:08.793,0.71964,0.71985,1.00,1.00
2017.08.02 23:04:08.894,0.71962,0.71985,1.00,1.00
2017.08.02 23:04:10.279,0.71963,0.71985,1.00,1.00
2017.08.02 23:04:11.380,0.71963,0.71987,1.00,1.00
2017.08.02 23:04:11.431,0.7196,0.71986,1.00,1.00
2017.08.02 23:04:11.482,0.7196,0.71984,1.00,1.00
2017.08.02 23:04:11.533,0.71958,0.71984,1.12,1.00
2017.08.02 23:04:12.094,0.71958,0.71983,1.00,1.00
2017.08.02 23:04:12.676,0.71957,0.71982,1.00,1.00
2017.08.02 23:04:13.471,0.71957,0.71983,1.00,1.00
2017.08.02 23:04:13.934,0.71961,0.71984,1.00,1.00
2017.08.02 23:04:14.743,0.71961,0.71987,1.37,1.00
2017.08.02 23:04:14.952,0.71961,0.71985,1.12,1.00
2017.08.02 23:04:15.246,0.71961,0.71987,1.12,1.00
2017.08.02 23:04:15.533,0.71964,0.71988,1.00,1.00
2017.08.02 23:04:16.854,0.71965,0.71989,1.00,1.00
2017.08.02 23:04:17.463,0.71965,0.7199,1.12,1.00
2017.08.02 23:04:17.984,0.71966,0.71991,1.00,1.00
2017.08.02 23:04:20.747,0.71968,0.71994,1.00,1.00
2017.08.02 23:04:20.849,0.71971,0.71994,1.00,1.00
2017.08.02 23:04:20.950,0.71971,0.71996,1.00,1.00
2017.08.02 23:04:21.755,0.71971,0.71997,1.00,1.00
2017.08.02 23:04:22.024,0.71973,0.71998,1.00,1.00
2017.08.02 23:04:22.415,0.71971,0.71996,1.00,1.00
2017.08.02 23:04:23.271,0.71971,0.71997,1.00,1.00
2017.08.02 23:04:24.928,0.71971,0.71994,1.00,1.00
2017.08.02 23:04:28.764,0.71969,0.71993,1.00,1.00
2017.08.02 23:04:31.802,0.71969,0.71994,1.00,1.00
2017.08.02 23:04:32.318,0.71969,0.71995,1.00,1.00
2017.08.02 23:04:34.017,0.7197,0.71995,1.00,1.00
2017.08.02 23:04:34.559,0.71967,0.71991,1.00,1.00
2017.08.02 23:04:34.908,0.71967,0.71989,1.00,1.00
2017.08.02 23:04:34.959,0.71969,0.71993,1.00,1.00
2017.08.02 23:04:35.527,0.71969,0.71995,1.00,1.00
2017.08.02 23:04:37.154,0.71971,0.71996,1.00,1.00
2017.08.02 23:04:37.797,0.71969,0.71996,1.50,1.00
2017.08.02 23:04:37.848,0.71971,0.71996,1.00,1.00
2017.08.02 23:04:40.153,0.71968,0.71994,1.00,1.00
2017.08.02 23:04:40.355,0.71971,0.71996,1.00,1.00
2017.08.02 23:04:41.614,0.71972,0.71998,1.00,1.00
2017.08.02 23:04:42.224,0.71971,0.71998,1.00,1.00
2017.08.02 23:04:42.339,0.71973,0.71998,1.00,1.00
2017.08.02 23:04:42.390,0.71971,0.71998,1.00,1.00
2017.08.02 23:04:50.485,0.71966,0.71991,1.12,1.00
2017.08.02 23:04:50.789,0.7196,0.71983,1.00,1.00
2017.08.02 23:04:50.891,0.7196,0.71986,1.12,1.00
2017.08.02 23:04:51.824,0.71961,0.71986,1.00,1.00
2017.08.02 23:04:53.087,0.7196,0.71986,1.00,1.00
2017.08.02 23:04:53.314,0.7196,0.71986,1.37,1.00
2017.08.02 23:04:55.950,0.71961,0.71986,1.37,1.00
2017.08.02 23:04:56.504,0.71962,0.71987,1.37,1.00
2017.08.02 23:04:57.055,0.71963,0.71987,1.37,1.00
2017.08.02 23:04:57.581,0.71963,0.71987,1.37,1.00
2017.08.02 23:04:57.928,0.71964,0.71989,1.37,1.00
2017.08.02 23:04:57.979,0.71965,0.71991,1.37,1.00
2017.08.02 23:04:58.502,0.71965,0.71991,1.37,1.00
2017.08.02 23:05:00.660,0.71965,0.71991,1.37,1.00
2017.08.02 23:05:00.847,0.71967,0.71994,1.37,1.00
2017.08.02 23:05:01.456,0.71968,0.71994,1.87,1.00
2017.08.02 23:05:02.122,0.71968,0.71994,1.87,1.00
2017.08.02 23:05:02.174,0.71969,0.71994,1.37,1.00
2017.08.02 23:05:02.275,0.71969,0.71994,1.37,1.00
2017.08.02 23:05:02.783,0.71969,0.71995,1.37,1.00
2017.08.02 23:05:04.587,0.71969,0.71995,1.37,1.00
2017.08.02 23:05:04.714,0.71969,0.71995,1.37,1.00
2017.08.02 23:05:07.123,0.71969,0.71995,1.37,1.00
2017.08.02 23:05:09.372,0.71969,0.71994,1.37,1.00
2017.08.02 23:05:09.993,0.71969,0.71994,1.37,1.00
2017.08.02 23:05:10.145,0.71969,0.71993,1.00,1.00
2017.08.02 23:05:10.888,0.71969,0.71993,1.37,1.00
2017.08.02 23:05:12.440,0.71969,0.71993,1.00,1.00
2017.08.02 23:05:13.013,0.71968,0.71993,1.87,1.00
2017.08.02 23:05:14.155,0.71968,0.7199,1.12,1.00
2017.08.02 23:05:14.459,0.71959,0.71981,1.37,1.00
2017.08.02 23:05:14.510,0.71959,0.71981,1.12,1.00
2017.08.02 23:05:16.309,0.71959,0.71985,1.12,1.00
2017.08.02 23:05:16.411,0.71953,0.71982,2.62,1.00
2017.08.02 23:05:16.512,0.71951,0.71979,1.00,1.00
2017.08.02 23:05:16.818,0.7195,0.71975,1.00,1.00
2017.08.02 23:05:17.408,0.71951,0.71975,1.00,1.00
2017.08.02 23:05:17.661,0.71951,0.71977,1.50,1.00
2017.08.02 23:05:18.279,0.71951,0.71976,1.00,1.00
2017.08.02 23:05:18.541,0.71951,0.71974,1.00,1.00
2017.08.02 23:05:19.542,0.7195,0.71974,1.00,1.00
2017.08.02 23:05:21.730,0.71954,0.71975,1.00,1.00
2017.08.02 23:05:21.781,0.71951,0.71973,1.00,1.00
2017.08.02 23:05:22.338,0.71951,0.71972,1.00,1.00
2017.08.02 23:05:22.982,0.71949,0.71972,1.12,1.00
2017.08.02 23:05:24.425,0.71949,0.7197,1.00,1.00
2017.08.02 23:05:24.978,0.71948,0.7197,1.12,1.00
2017.08.02 23:05:28.039,0.71948,0.71971,1.12,1.00
2017.08.02 23:05:28.805,0.71948,0.71971,1.37,1.00
2017.08.02 23:05:30.382,0.71947,0.71972,1.37,1.00
2017.08.02 23:05:31.563,0.71949,0.71974,1.87,1.00
2017.08.02 23:05:31.664,0.7195,0.71977,1.87,1.00
2017.08.02 23:05:32.292,0.7195,0.71978,1.87,1.00
2017.08.02 23:05:33.132,0.71952,0.71978,1.12,1.00
2017.08.02 23:05:33.769,0.71951,0.71977,1.37,1.00
2017.08.02 23:05:34.411,0.71951,0.71977,1.12,1.00
2017.08.02 23:05:34.531,0.71951,0.71977,1.37,1.00
2017.08.02 23:05:36.445,0.71951,0.71977,1.12,1.00
2017.08.02 23:05:37.818,0.71951,0.71977,1.37,1.00
2017.08.02 23:05:37.870,0.71954,0.71979,1.12,1.00
2017.08.02 23:05:37.971,0.71955,0.7198,1.37,1.00
2017.08.02 23:05:39.160,0.71955,0.7198,1.37,1.00
2017.08.02 23:05:39.667,0.71955,0.71981,1.37,1.00
2017.08.02 23:05:39.971,0.71952,0.71976,1.37,1.00
2017.08.02 23:05:40.455,0.71952,0.71975,1.37,1.00
2017.08.02 23:05:40.960,0.71948,0.71972,1.37,1.00
2017.08.02 23:05:41.213,0.71949,0.71973,1.37,1.00
2017.08.02 23:05:41.649,0.71952,0.71975,1.12,1.00
2017.08.02 23:05:41.700,0.71954,0.71976,1.00,1.00
2017.08.02 23:05:41.852,0.71954,0.71981,1.87,1.00
2017.08.02 23:05:42.005,0.71954,0.7198,1.87,1.00
2017.08.02 23:05:42.056,0.71954,0.7198,1.87,1.00
2017.08.02 23:05:42.975,0.71957,0.71982,1.37,1.00
2017.08.02 23:05:43.127,0.7196,0.71984,1.12,1.00
2017.08.02 23:05:43.279,0.7196,0.71986,1.37,1.00
2017.08.02 23:05:43.929,0.71961,0.71987,1.12,1.00
2017.08.02 23:05:44.311,0.71961,0.71987,1.37,1.00
2017.08.02 23:05:44.640,0.71965,0.71989,1.12,1.00
2017.08.02 23:05:44.691,0.71965,0.71991,1.12,1.00
2017.08.02 23:05:53.361,0.71968,0.71993,1.00,1.00
2017.08.02 23:06:19.458,0.71968,0.71994,1.00,1.00
2017.08.02 23:06:20.358,0.71967,0.71994,1.50,1.00
2017.08.02 23:06:20.662,0.71962,0.71985,1.00,1.00
2017.08.02 23:06:20.811,0.71958,0.71984,1.69,1.00
2017.08.02 23:06:20.921,0.71958,0.71982,1.00,1.00
2017.08.02 23:06:21.470,0.71957,0.71982,1.50,1.00
2017.08.02 23:06:22.043,0.71957,0.71981,1.50,1.00
2017.08.02 23:06:22.499,0.71957,0.71984,1.50,1.00
2017.08.02 23:06:24.607,0.71963,0.71986,1.00,1.00
2017.08.02 23:06:24.658,0.71964,0.7199,1.00,1.00
2017.08.02 23:06:24.931,0.71969,0.71992,1.00,1.00
2017.08.02 23:06:25.655,0.71969,0.71993,1.00,1.00
2017.08.02 23:06:26.800,0.71968,0.71994,1.00,1.00
2017.08.02 23:06:27.129,0.7197,0.71995,1.50,1.00
2017.08.02 23:06:27.690,0.7197,0.71996,1.00,1.00
2017.08.02 23:06:30.982,0.7197,0.71995,1.00,1.00
2017.08.02 23:06:32.179,0.71969,0.71995,1.00,1.00
2017.08.02 23:06:32.644,0.71971,0.71995,1.00,1.00
2017.08.02 23:06:33.027,0.71968,0.71992,1.00,1.00
2017.08.02 23:06:33.260,0.71959,0.71985,1.00,1.00
2017.08.02 23:06:33.311,0.71961,0.71985,1.00,1.00
2017.08.02 23:06:34.424,0.71961,0.71986,1.00,1.00
2017.08.02 23:06:34.957,0.71962,0.71986,1.00,1.00
2017.08.02 23:06:36.327,0.71963,0.71988,1.00,1.00
2017.08.02 23:06:37.040,0.71962,0.71988,1.00,1.00
2017.08.02 23:06:37.909,0.71964,0.71988,1.00,1.00
2017.08.02 23:06:39.471,0.71962,0.71988,1.00,1.00
2017.08.02 23:06:39.785,0.71964,0.71988,1.00,1.00
2017.08.02 23:06:40.028,0.71964,0.7199,1.00,1.00
2017.08.02 23:06:40.751,0.71965,0.7199,1.00,1.00
2017.08.02 23:06:41.563,0.71964,0.7199,1.00,1.00
2017.08.02 23:06:42.325,0.71964,0.71989,1.00,1.00
2017.08.02 23:06:45.242,0.71963,0.71989,1.00,1.00
2017.08.02 23:06:48.372,0.71963,0.71991,1.00,1.50
2017.08.02 23:06:48.691,0.71966,0.71993,1.00,1.00
2017.08.02 23:06:49.011,0.71967,0.71995,1.50,1.00
2017.08.02 23:06:49.973,0.71966,0.71994,1.50,1.00
2017.08.02 23:06:54.576,0.71966,0.71993,1.50,1.00
2017.08.02 23:06:55.128,0.71965,0.71993,1.50,1.50
2017.08.02 23:06:56.078,0.71964,0.71991,1.87,1.00
2017.08.02 23:07:00.900,0.71966,0.71991,1.00,1.00
2017.08.02 23:07:05.737,0.71967,0.71992,1.00,1.50
2017.08.02 23:07:05.916,0.71969,0.71995,1.00,1.00
2017.08.02 23:07:05.967,0.7197,0.71997,1.12,1.00
2017.08.02 23:07:06.018,0.71973,0.71998,1.00,1.00
2017.08.02 23:07:06.069,0.71973,0.72,1.00,1.00
2017.08.02 23:07:06.271,0.71975,0.72002,1.50,1.00
2017.08.02 23:07:15.458,0.71977,0.72002,1.00,1.00
2017.08.02 23:07:15.560,0.71977,0.72004,1.00,1.00
2017.08.02 23:07:15.715,0.7198,0.72005,1.00,1.00
2017.08.02 23:07:16.398,0.7198,0.72004,1.00,1.00
2017.08.02 23:07:18.334,0.71979,0.72004,1.00,1.00
2017.08.02 23:07:18.873,0.71978,0.72004,1.00,1.00
2017.08.02 23:07:19.139,0.71979,0.72006,1.00,1.50
2017.08.02 23:07:19.618,0.71979,0.72003,1.00,1.00
2017.08.02 23:07:20.733,0.71976,0.72003,1.87,1.00
2017.08.02 23:07:22.722,0.71976,0.72002,1.00,1.00
2017.08.02 23:07:23.808,0.71979,0.72002,1.00,1.00
2017.08.02 23:07:24.013,0.7198,0.72005,1.00,1.50
2017.08.02 23:07:24.194,0.71983,0.72005,1.00,1.00
2017.08.02 23:07:24.245,0.71981,0.72006,1.50,1.50
2017.08.02 23:07:24.498,0.71979,0.72006,1.87,1.50
2017.08.02 23:07:25.285,0.71979,0.72004,1.00,1.00
2017.08.02 23:07:25.564,0.71976,0.72002,1.00,1.50
2017.08.02 23:07:26.355,0.71977,0.72002,1.00,1.50
2017.08.02 23:07:33.055,0.71976,0.72002,3.37,1.00
2017.08.02 23:07:33.156,0.71978,0.72004,1.12,1.00
2017.08.02 23:07:34.416,0.71976,0.72003,3.37,1.00
2017.08.02 23:07:37.852,0.71978,0.72004,1.37,1.50
2017.08.02 23:07:38.470,0.71979,0.72005,1.87,1.00
2017.08.02 23:07:38.973,0.7198,0.72006,1.00,1.00
2017.08.02 23:07:48.752,0.71981,0.72006,1.00,1.00
2017.08.02 23:07:51.524,0.71983,0.72006,1.00,1.00
2017.08.02 23:07:51.870,0.71981,0.72006,1.00,1.00
2017.08.02 23:07:52.662,0.7198,0.72006,1.00,1.00
2017.08.02 23:07:54.371,0.71979,0.72006,2.62,1.00
2017.08.02 23:07:55.373,0.71981,0.72006,1.00,1.00
2017.08.02 23:07:58.089,0.7198,0.72006,1.00,1.00
2017.08.02 23:07:58.392,0.71975,0.71994,1.00,1.00
2017.08.02 23:07:58.443,0.71973,0.71998,1.12,1.00
2017.08.02 23:07:58.544,0.71972,0.71993,1.00,1.00
2017.08.02 23:07:58.645,0.71972,0.71996,1.00,1.00
2017.08.02 23:07:58.898,0.71969,0.71995,1.00,1.00
2017.08.02 23:07:59.381,0.71968,0.71992,1.37,1.00
2017.08.02 23:07:59.432,0.71967,0.71992,1.00,1.00
2017.08.02 23:07:59.695,0.71967,0.71995,1.12,1.00
2017.08.02 23:07:59.746,0.71969,0.71995,1.00,1.00
2017.08.02 23:08:02.682,0.71971,0.71995,1.00,1.00
2017.08.02 23:08:02.955,0.71968,0.71994,1.12,1.00
2017.08.02 23:08:03.057,0.71968,0.71989,1.00,1.00
2017.08.02 23:08:03.260,0.71965,0.71989,1.37,1.00
2017.08.02 23:08:04.347,0.71965,0.71989,2.62,1.00
2017.08.02 23:08:04.398,0.71966,0.71993,1.37,1.00
2017.08.02 23:08:04.949,0.71968,0.71993,1.00,1.00
2017.08.02 23:08:05.328,0.71971,0.71993,1.00,1.00
2017.08.02 23:08:05.380,0.71971,0.71996,1.00,1.00
2017.08.02 23:08:11.599,0.71972,0.71996,1.00,1.00
2017.08.02 23:08:19.263,0.71973,0.71996,1.00,1.00
2017.08.02 23:08:19.314,0.71976,0.72,1.00,1.00
2017.08.02 23:08:19.365,0.71973,0.71997,1.00,1.00
2017.08.02 23:08:19.867,0.71973,0.71998,1.00,1.00
2017.08.02 23:08:20.526,0.71972,0.71998,1.00,1.00
2017.08.02 23:08:22.300,0.71973,0.71998,1.00,1.00
2017.08.02 23:08:26.238,0.71972,0.71998,1.00,1.00
2017.08.02 23:08:33.639,0.71972,0.71999,1.00,1.00
2017.08.02 23:08:37.279,0.71973,0.71999,1.00,1.00
2017.08.02 23:08:39.322,0.71975,0.72001,1.00,1.00
2017.08.02 23:08:39.524,0.71976,0.72004,1.37,1.00
2017.08.02 23:08:39.727,0.71978,0.72006,1.50,1.00
2017.08.02 23:08:39.778,0.71978,0.72004,1.50,1.00
2017.08.02 23:08:39.829,0.71978,0.72006,1.87,1.00
2017.08.02 23:08:39.930,0.71978,0.72004,1.87,1.00
2017.08.02 23:08:40.535,0.71979,0.72005,1.00,1.00
2017.08.02 23:08:41.193,0.71979,0.72006,1.00,1.00
2017.08.02 23:08:41.853,0.71979,0.72005,1.00,1.00
2017.08.02 23:08:42.224,0.71979,0.72003,1.00,1.00
2017.08.02 23:08:42.275,0.71979,0.72005,1.00,1.00
2017.08.02 23:08:42.750,0.71979,0.72003,1.00,1.00
2017.08.02 23:08:43.402,0.71979,0.72005,1.00,1.00
2017.08.02 23:08:44.165,0.71979,0.72004,1.00,1.00
2017.08.02 23:08:44.988,0.71979,0.72003,1.00,1.00
2017.08.02 23:08:45.814,0.71979,0.72005,1.00,1.00
2017.08.02 23:08:49.826,0.71979,0.72004,1.00,1.00
2017.08.02 23:08:57.191,0.71979,0.72002,1.00,1.00
2017.08.02 23:08:57.242,0.71979,0.72004,1.00,1.00
2017.08.02 23:08:58.029,0.71978,0.72003,1.00,1.00
2017.08.02 23:09:00.323,0.71976,0.72,1.12,1.00
2017.08.02 23:09:00.485,0.71976,0.72002,1.00,1.00
2017.08.02 23:09:01.000,0.71977,0.72002,1.00,1.00
2017.08.02 23:09:06.345,0.71977,0.72003,1.00,1.00
2017.08.02 23:09:10.499,0.71977,0.72004,1.00,1.00
2017.08.02 23:09:10.550,0.71979,0.72005,1.00,1.00
2017.08.02 23:09:11.233,0.71979,0.72006,1.00,1.00
2017.08.02 23:09:15.794,0.71979,0.72005,1.00,1.00
2017.08.02 23:09:18.691,0.71979,0.72004,1.00,1.00
2017.08.02 23:09:24.540,0.71979,0.72005,1.00,1.00
2017.08.02 23:09:29.784,0.71979,0.72006,1.00,1.50
2017.08.02 23:09:30.382,0.71979,0.72005,1.00,1.00
2017.08.02 23:09:34.223,0.71978,0.72005,1.50,1.00
2017.08.02 23:09:37.400,0.71979,0.72005,1.00,1.00
2017.08.02 23:09:39.364,0.71979,0.72003,1.00,1.00
2017.08.02 23:09:48.530,0.71978,0.72003,1.00,1.00
2017.08.02 23:09:50.045,0.71983,0.72007,1.00,1.00
2017.08.02 23:09:50.096,0.71983,0.72009,1.00,1.00
2017.08.02 23:09:50.147,0.71986,0.72009,1.00,1.00
2017.08.02 23:09:50.248,0.71982,0.72008,1.50,1.00
2017.08.02 23:09:50.299,0.71982,0.72002,1.00,1.00
2017.08.02 23:09:50.350,0.71976,0.71999,1.69,1.00
2017.08.02 23:09:50.611,0.71976,0.72001,1.00,1.00
2017.08.02 23:09:51.237,0.71976,0.72002,1.00,1.00
2017.08.02 23:09:58.261,0.71976,0.72001,1.00,1.00
2017.08.02 23:09:59.146,0.71976,0.72002,1.00,1.00
2017.08.02 23:10:00.272,0.71975,0.72002,1.00,1.00
2017.08.02 23:10:00.424,0.71975,0.72,1.00,1.00
2017.08.02 23:10:00.936,0.71975,0.71999,1.00,1.00
2017.08.02 23:10:01.202,0.71971,0.71996,1.00,1.00
2017.08.02 23:10:01.762,0.7197,0.71995,1.00,1.00
2017.08.02 23:10:07.460,0.71969,0.71995,1.00,1.00
2017.08.02 23:10:10.778,0.71971,0.71995,1.00,1.00
2017.08.02 23:10:12.330,0.7197,0.71995,1.00,1.00
2017.08.02 23:10:12.760,0.71972,0.71996,1.00,1.00
2017.08.02 23:10:13.280,0.71972,0.71997,1.00,1.00
2017.08.02 23:10:18.381,0.71973,0.71997,1.00,1.00
2017.08.02 23:10:18.533,0.71974,0.71999,1.00,1.00
2017.08.02 23:10:23.146,0.71973,0.71999,1.00,1.00
2017.08.02 23:10:25.942,0.71974,0.71999,1.00,1.00
2017.08.02 23:10:35.100,0.71975,0.72003,1.00,1.12
2017.08.02 23:10:39.335,0.71975,0.72002,1.00,1.00
2017.08.02 23:10:40.033,0.71974,0.72001,1.50,1.00
2017.08.02 23:10:40.602,0.71975,0.72003,1.00,1.12
2017.08.02 23:10:42.356,0.71975,0.72002,1.00,1.00
2017.08.02 23:10:44.237,0.71975,0.72,1.00,1.00
2017.08.02 23:10:45.202,0.71977,0.72,1.00,1.00
2017.08.02 23:10:47.336,0.71977,0.72002,1.00,1.00
2017.08.02 23:10:50.103,0.71977,0.72001,1.00,1.00
2017.08.02 23:10:50.684,0.71976,0.72,1.00,1.00
2017.08.02 23:10:51.195,0.71976,0.72002,1.00,1.37
2017.08.02 23:10:52.501,0.71977,0.72002,1.00,1.37
2017.08.02 23:10:52.828,0.71979,0.72002,1.00,1.37
2017.08.02 23:10:55.691,0.7198,0.72003,1.00,1.37
2017.08.02 23:10:55.782,0.7198,0.72003,1.00,1.00
2017.08.02 23:10:55.834,0.71981,0.72006,1.00,2.62
2017.08.02 23:10:56.623,0.71982,0.72007,1.00,1.87
2017.08.02 23:10:57.995,0.71983,0.72007,1.00,1.87
2017.08.02 23:11:00.125,0.71984,0.72007,1.00,1.87
2017.08.02 23:11:07.615,0.71983,0.72007,1.00,1.87
2017.08.02 23:11:08.004,0.7199,0.7201,1.00,1.87
2017.08.02 23:11:08.105,0.7199,0.72012,1.00,1.75
2017.08.02 23:11:08.207,0.7199,0.72012,1.00,1.50
2017.08.02 23:11:08.316,0.7199,0.72012,1.00,1.12
2017.08.02 23:11:08.417,0.71987,0.72009,1.00,1.00
2017.08.02 23:11:08.570,0.71985,0.72009,1.00,1.00
2017.08.02 23:11:13.465,0.71987,0.72011,1.00,1.87
2017.08.02 23:11:15.397,0.71985,0.7201,1.00,1.37
2017.08.02 23:11:15.767,0.71983,0.7201,1.00,1.37
2017.08.02 23:11:16.582,0.71983,0.72008,1.00,1.00
2017.08.02 23:11:18.413,0.71989,0.72012,1.00,1.37
2017.08.02 23:11:18.514,0.71987,0.72012,1.00,1.37
2017.08.02 23:11:18.565,0.71989,0.72012,1.00,1.37
2017.08.02 23:11:18.616,0.71989,0.72012,1.00,1.12
2017.08.02 23:11:27.464,0.7199,0.72013,1.00,1.37
2017.08.02 23:11:34.731,0.7199,0.72013,1.00,1.37
2017.08.02 23:11:45.114,0.71988,0.72011,1.00,1.12
2017.08.02 23:11:45.266,0.71988,0.72011,1.00,1.87
2017.08.02 23:11:48.177,0.71987,0.7201,1.00,1.37
2017.08.02 23:11:49.439,0.71986,0.72009,1.00,1.37
2017.08.02 23:11:49.972,0.71986,0.72007,1.00,1.00
2017.08.02 23:11:51.625,0.71984,0.72007,1.00,1.00
2017.08.02 23:11:52.232,0.71985,0.72009,1.00,1.37
2017.08.02 23:11:54.012,0.71986,0.72011,1.00,1.47
2017.08.02 23:11:54.114,0.7199,0.72011,1.00,1.37
2017.08.02 23:11:54.215,0.71988,0.72011,1.00,1.37
2017.08.02 23:11:55.128,0.71989,0.72008,1.00,1.12
2017.08.02 23:11:55.179,0.71983,0.72008,1.00,1.12
2017.08.02 23:11:55.281,0.71983,0.72008,1.00,1.87
2017.08.02 23:11:57.427,0.71992,0.7201,1.00,1.37
2017.08.02 23:11:57.478,0.7199,0.7201,1.00,1.37
2017.08.02 23:11:57.530,0.71989,0.72013,1.00,1.37
2017.08.02 23:11:57.631,0.71989,0.72013,1.00,1.37
2017.08.02 23:11:58.173,0.71988,0.72013,1.00,1.37
2017.08.02 23:11:58.606,0.7199,0.72014,1.00,1.47
2017.08.02 23:11:59.139,0.71989,0.72011,1.00,1.00
2017.08.02 23:11:59.599,0.71984,0.72005,1.00,1.00
2017.08.02 23:12:00.340,0.71985,0.72005,1.00,1.00
2017.08.02 23:12:07.700,0.71983,0.72005,1.00,1.00
2017.08.02 23:12:15.430,0.71981,0.72004,1.12,1.00
2017.08.02 23:12:15.481,0.71979,0.72002,1.37,1.00
2017.08.02 23:12:15.533,0.71977,0.72001,1.50,1.00
2017.08.02 23:12:15.584,0.71977,0.71999,1.00,1.00
2017.08.02 23:12:21.134,0.71976,0.71999,1.12,1.00
2017.08.02 23:12:22.229,0.71975,0.71998,1.00,1.00
2017.08.02 23:12:22.611,0.71975,0.71996,1.00,1.00
2017.08.02 23:12:23.255,0.71977,0.72,1.00,1.00
2017.08.02 23:12:23.876,0.71977,0.71999,1.00,1.00
2017.08.02 23:12:23.978,0.71974,0.71996,1.12,1.00
2017.08.02 23:12:24.526,0.71973,0.71994,1.00,1.00
2017.08.02 23:12:24.951,0.7197,0.71994,1.00,1.00
2017.08.02 23:12:25.477,0.71971,0.71994,1.00,1.00
2017.08.02 23:12:26.536,0.71972,0.71994,1.00,1.00
2017.08.02 23:12:26.587,0.71974,0.71994,1.00,1.00
2017.08.02 23:12:26.638,0.71974,0.71996,1.00,1.00
2017.08.02 23:12:27.094,0.7197,0.71994,1.00,1.00
2017.08.02 23:12:27.395,0.71973,0.71995,1.00,1.00
2017.08.02 23:12:27.446,0.71973,0.71997,1.00,1.00
2017.08.02 23:12:27.497,0.71973,0.71995,1.00,1.00
2017.08.02 23:12:27.624,0.71974,0.71997,1.00,1.00
2017.08.02 23:12:27.971,0.71972,0.71995,1.00,1.00
2017.08.02 23:12:28.276,0.71974,0.71994,1.00,1.00
2017.08.02 23:12:28.327,0.71974,0.71997,1.00,1.00
2017.08.02 23:12:28.379,0.71973,0.71994,1.00,1.00
2017.08.02 23:12:29.130,0.71973,0.71993,1.00,1.00
2017.08.02 23:12:29.383,0.71971,0.71993,1.00,1.00
2017.08.02 23:12:30.505,0.71972,0.71993,1.00,1.00
2017.08.02 23:12:30.756,0.71975,0.71993,1.00,1.00
2017.08.02 23:12:30.807,0.71975,0.71995,1.00,1.00
2017.08.02 23:12:30.858,0.71973,0.71995,1.00,1.00
2017.08.02 23:12:30.909,0.71971,0.71993,1.00,1.00
2017.08.02 23:12:31.529,0.71974,0.71993,1.00,1.00
2017.08.02 23:12:31.580,0.71974,0.71996,1.00,1.00
2017.08.02 23:12:31.776,0.71974,0.71994,1.00,1.00
2017.08.02 23:12:31.878,0.71973,0.71996,1.00,1.00
2017.08.02 23:12:31.929,0.71973,0.71994,1.00,1.00
2017.08.02 23:12:33.362,0.71975,0.71997,1.00,1.00
2017.08.02 23:12:33.464,0.71973,0.71995,1.00,1.00
2017.08.02 23:12:34.880,0.71973,0.71993,1.00,1.00
2017.08.02 23:12:35.159,0.71974,0.71995,1.00,1.00
2017.08.02 23:12:35.261,0.71974,0.71997,1.00,1.00
2017.08.02 23:12:35.675,0.71974,0.71995,1.00,1.00
2017.08.02 23:12:36.010,0.71976,0.71997,1.00,1.00
2017.08.02 23:12:36.309,0.71971,0.71995,1.12,1.00
2017.08.02 23:12:36.461,0.71969,0.71991,1.37,1.00
2017.08.02 23:12:36.734,0.71968,0.71989,1.00,1.00
2017.08.02 23:12:37.795,0.71967,0.71989,1.00,1.00
2017.08.02 23:12:38.297,0.71968,0.71991,1.00,1.00
2017.08.02 23:12:38.869,0.71967,0.71989,1.00,1.00
2017.08.02 23:12:38.920,0.71965,0.71989,1.00,1.00
2017.08.02 23:12:39.126,0.71965,0.71986,1.00,1.00
2017.08.02 23:12:39.725,0.71965,0.71987,1.00,1.00
2017.08.02 23:12:40.300,0.71964,0.71987,1.00,1.00
2017.08.02 23:12:41.467,0.71966,0.71987,1.00,1.00
2017.08.02 23:12:41.646,0.71968,0.71991,1.00,1.00
2017.08.02 23:12:41.992,0.71965,0.71989,1.12,1.00
2017.08.02 23:12:42.144,0.71965,0.71987,1.00,1.00
2017.08.02 23:12:42.517,0.71969,0.7199,1.00,1.00
2017.08.02 23:12:42.719,0.71969,0.71992,1.00,1.00
2017.08.02 23:12:43.385,0.71972,0.71995,1.00,1.00
2017.08.02 23:12:43.588,0.7197,0.71994,1.00,1.00
2017.08.02 23:12:48.280,0.71969,0.71994,1.00,1.00
2017.08.02 23:12:48.630,0.71972,0.71994,1.00,1.00
2017.08.02 23:12:49.302,0.71971,0.71994,1.00,1.00
2017.08.02 23:12:49.618,0.71973,0.71995,1.00,1.00
2017.08.02 23:12:50.415,0.71976,0.71997,1.00,1.00
2017.08.02 23:12:50.820,0.71975,0.71995,1.00,1.00
2017.08.02 23:12:51.421,0.71973,0.71995,1.00,1.00
2017.08.02 23:12:51.734,0.71976,0.71995,1.00,1.00
2017.08.02 23:12:51.785,0.71976,0.71998,1.00,1.00
2017.08.02 23:12:51.937,0.71974,0.71995,1.00,1.00
2017.08.02 23:12:52.557,0.71977,0.71995,1.00,1.00
2017.08.02 23:12:52.607,0.71974,0.71997,1.00,1.00
2017.08.02 23:12:52.839,0.71974,0.71995,1.00,1.00
2017.08.02 23:12:53.173,0.71972,0.71996,1.00,1.00
2017.08.02 23:12:53.440,0.71974,0.71995,1.00,1.00
2017.08.02 23:12:53.491,0.71974,0.71998,1.00,1.00
2017.08.02 23:12:53.542,0.71974,0.71996,1.00,1.00
2017.08.02 23:12:53.643,0.71972,0.71996,1.00,1.00
2017.08.02 23:12:53.694,0.71971,0.71994,1.12,1.00
2017.08.02 23:12:54.630,0.71971,0.71995,1.00,1.00
2017.08.02 23:12:55.174,0.71971,0.71994,1.00,1.00
2017.08.02 23:12:55.495,0.71975,0.71995,1.00,1.00
2017.08.02 23:12:56.106,0.71975,0.71994,1.00,1.00
2017.08.02 23:12:56.303,0.71974,0.72001,1.00,1.37
2017.08.02 23:12:56.353,0.71977,0.72001,1.00,1.00
2017.08.02 23:12:56.658,0.71974,0.71996,1.00,1.00
2017.08.02 23:12:57.067,0.71976,0.71996,1.00,1.00
2017.08.02 23:12:57.118,0.71977,0.71998,1.00,1.00
2017.08.02 23:12:57.310,0.71974,0.71998,1.00,1.00
2017.08.02 23:12:57.490,0.71974,0.71996,1.00,1.00
2017.08.02 23:12:57.908,0.71976,0.72002,1.00,1.37
2017.08.02 23:12:57.960,0.71974,0.71997,1.00,1.00
2017.08.02 23:12:58.269,0.71973,0.71994,1.00,1.00
2017.08.02 23:12:58.961,0.71972,0.71994,1.00,1.00
2017.08.02 23:12:59.413,0.7197,0.71994,1.00,1.00
2017.08.02 23:12:59.464,0.71973,0.71995,1.00,1.00
2017.08.02 23:12:59.515,0.71974,0.71997,1.00,1.00
2017.08.02 23:13:00.053,0.71974,0.71996,1.00,1.00
2017.08.02 23:13:00.295,0.71979,0.72001,1.00,1.00
2017.08.02 23:13:00.549,0.71974,0.71997,1.00,1.00
2017.08.02 23:13:01.066,0.71977,0.72001,1.00,1.00
2017.08.02 23:13:01.118,0.71975,0.72,1.12,1.00
2017.08.02 23:13:01.321,0.71975,0.71998,1.00,1.00
2017.08.02 23:13:01.859,0.71975,0.71997,1.00,1.00
2017.08.02 23:13:02.365,0.71975,0.71998,1.00,1.00
2017.08.02 23:13:02.872,0.71974,0.71997,1.00,1.00
2017.08.02 23:13:03.867,0.71972,0.71995,1.12,1.00
2017.08.02 23:13:04.363,0.7197,0.71993,1.12,1.00
2017.08.02 23:13:04.996,0.71968,0.71992,1.37,1.00
2017.08.02 23:13:05.435,0.71965,0.71989,1.12,1.00
2017.08.02 23:13:05.985,0.71964,0.71988,1.00,1.00
2017.08.02 23:13:06.783,0.71966,0.71988,1.00,1.00
2017.08.02 23:13:06.935,0.71969,0.71992,1.00,1.00
2017.08.02 23:13:07.503,0.7197,0.71993,1.00,1.00
2017.08.02 23:13:08.016,0.71971,0.71993,1.00,1.00
2017.08.02 23:13:08.283,0.71967,0.7199,1.50,1.00
2017.08.02 23:13:08.436,0.71963,0.71982,1.37,1.00
2017.08.02 23:13:08.528,0.71963,0.71982,1.00,1.00
2017.08.02 23:13:08.579,0.71961,0.71981,1.00,1.00
2017.08.02 23:13:08.630,0.71959,0.71981,1.00,1.00
2017.08.02 23:13:09.647,0.7196,0.71983,1.00,1.00
2017.08.02 23:13:09.698,0.71962,0.71983,1.00,1.00
2017.08.02 23:13:09.800,0.71963,0.71985,1.00,1.00
2017.08.02 23:13:10.136,0.71964,0.71988,1.00,1.00
2017.08.02 23:13:10.970,0.71966,0.7199,1.00,1.00
2017.08.02 23:13:11.473,0.71967,0.7199,1.00,1.00
2017.08.02 23:13:12.308,0.71966,0.7199,1.00,1.00
2017.08.02 23:13:12.814,0.71967,0.7199,1.00,1.00
2017.08.02 23:13:13.565,0.71967,0.71991,1.00,1.00
2017.08.02 23:13:13.919,0.71967,0.71989,1.00,1.00
2017.08.02 23:13:14.359,0.71969,0.71989,1.00,1.00
2017.08.02 23:13:14.512,0.71969,0.71991,1.00,1.00
2017.08.02 23:13:15.020,0.71968,0.7199,1.00,1.00
2017.08.02 23:13:15.094,0.71966,0.7199,1.00,1.00
2017.08.02 23:13:15.145,0.71969,0.7199,1.00,1.00
2017.08.02 23:13:16.064,0.71964,0.7199,1.00,1.00
2017.08.02 23:13:16.115,0.71967,0.7199,1.00,1.00
2017.08.02 23:13:16.682,0.71968,0.71989,1.00,1.00
2017.08.02 23:13:17.541,0.71967,0.71989,1.00,1.00
2017.08.02 23:13:17.879,0.71967,0.71991,1.00,1.00
2017.08.02 23:13:18.355,0.71967,0.71989,1.00,1.00
2017.08.02 23:13:18.716,0.71969,0.71991,1.00,1.00
2017.08.02 23:13:18.767,0.71967,0.7199,1.00,1.00
2017.08.02 23:13:19.457,0.71967,0.71991,1.00,1.00
2017.08.02 23:13:19.508,0.71969,0.71991,1.00,1.00
2017.08.02 23:13:19.610,0.71966,0.71991,1.00,1.00
2017.08.02 23:13:19.661,0.71966,0.71986,1.00,1.00
2017.08.02 23:13:19.807,0.71964,0.71986,1.00,1.00
2017.08.02 23:13:19.858,0.71966,0.71987,1.00,1.00
2017.08.02 23:13:19.909,0.71966,0.71989,1.00,1.00
2017.08.02 23:13:20.999,0.71965,0.71989,1.00,1.00
2017.08.02 23:13:21.050,0.71968,0.7199,1.00,1.00
2017.08.02 23:13:21.456,0.71965,0.71989,1.00,1.00
2017.08.02 23:13:21.557,0.71968,0.71989,1.00,1.00
2017.08.02 23:13:21.710,0.71966,0.7199,1.00,1.00
2017.08.02 23:13:21.822,0.71962,0.71987,1.87,1.00
2017.08.02 23:13:22.268,0.71965,0.71987,1.00,1.00
2017.08.02 23:13:22.369,0.71963,0.71986,1.00,1.00
2017.08.02 23:13:22.712,0.71965,0.71988,1.00,1.00
2017.08.02 23:13:23.236,0.71964,0.71987,1.12,1.00
2017.08.02 23:13:23.592,0.71969,0.7199,1.00,1.00
2017.08.02 23:13:24.115,0.71968,0.7199,1.37,1.00
2017.08.02 23:13:24.267,0.71968,0.7199,1.00,1.00
2017.08.02 23:13:24.318,0.71972,0.71992,1.00,1.00
2017.08.02 23:13:24.369,0.7197,0.71992,1.00,1.00
2017.08.02 23:13:24.420,0.71968,0.71992,1.00,1.00
2017.08.02 23:13:24.522,0.71965,0.71989,1.87,1.00
2017.08.02 23:13:24.866,0.71971,0.71993,1.00,1.00
2017.08.02 23:13:25.069,0.71968,0.71991,1.00,1.00
2017.08.02 23:13:25.171,0.71968,0.71993,1.37,1.00
2017.08.02 23:13:25.222,0.71971,0.71995,1.00,1.00
2017.08.02 23:13:25.374,0.71971,0.71991,1.00,1.00
2017.08.02 23:13:25.577,0.71969,0.7199,1.00,1.00
2017.08.02 23:13:25.683,0.71969,0.71992,1.00,1.00
2017.08.02 23:13:25.996,0.71967,0.71991,1.12,1.00
2017.08.02 23:13:26.213,0.71969,0.71992,1.00,1.00
2017.08.02 23:13:28.262,0.71968,0.71992,1.00,1.00
2017.08.02 23:13:28.566,0.71958,0.71983,1.37,1.00
2017.08.02 23:13:28.617,0.71958,0.71983,1.12,1.00
2017.08.02 23:13:30.846,0.71958,0.71981,1.00,1.00
2017.08.02 23:13:32.520,0.71959,0.71981,1.00,1.00
2017.08.02 23:13:32.998,0.71962,0.71984,1.00,1.00
2017.08.02 23:13:33.363,0.71964,0.71986,1.00,1.00
2017.08.02 23:13:34.100,0.71963,0.71986,1.00,1.00
2017.08.02 23:13:40.233,0.71963,0.71989,1.12,1.87
2017.08.02 23:13:47.908,0.71964,0.71989,1.00,1.87
2017.08.02 23:13:54.014,0.71964,0.71989,1.12,1.37
2017.08.02 23:13:56.361,0.71963,0.71987,1.37,1.00
2017.08.02 23:14:04.302,0.71962,0.71983,1.37,1.00
2017.08.02 23:14:04.353,0.71959,0.71983,1.37,1.00
2017.08.02 23:14:04.454,0.71957,0.71981,1.37,1.37
2017.08.02 23:14:08.843,0.71959,0.71981,1.00,1.37
2017.08.02 23:14:09.796,0.71958,0.71981,1.12,1.37
2017.08.02 23:14:15.313,0.71955,0.71979,1.37,1.00
2017.08.02 23:14:15.616,0.71955,0.71976,1.00,1.00
2017.08.02 23:14:16.970,0.71957,0.71976,1.00,1.00
2017.08.02 23:14:17.318,0.71955,0.71976,1.00,1.00
2017.08.02 23:14:17.419,0.7195,0.71974,1.37,1.00
2017.08.02 23:14:17.724,0.71954,0.71976,1.00,1.37
2017.08.02 23:14:17.809,0.71954,0.71976,1.00,1.00
2017.08.02 23:14:18.315,0.71954,0.71977,1.00,1.12
2017.08.02 23:14:18.366,0.71956,0.71977,1.00,1.12
2017.08.02 23:14:19.036,0.71955,0.71977,1.00,1.12
2017.08.02 23:14:23.221,0.71953,0.71976,1.12,1.00
2017.08.02 23:14:23.763,0.71953,0.71975,1.12,1.00
2017.08.02 23:14:23.814,0.71953,0.71977,1.12,1.12
2017.08.02 23:14:24.373,0.71955,0.71976,1.00,1.00
2017.08.02 23:14:24.928,0.71955,0.71977,1.00,1.12
2017.08.02 23:14:31.965,0.71958,0.71977,1.00,1.12
2017.08.02 23:14:32.168,0.71958,0.71981,1.00,1.37
2017.08.02 23:14:32.422,0.71956,0.71979,1.12,1.00
2017.08.02 23:14:32.473,0.71958,0.71979,1.00,1.00
2017.08.02 23:14:33.800,0.71958,0.71981,1.00,1.37
2017.08.02 23:14:36.728,0.71961,0.71983,1.00,1.37
2017.08.02 23:14:36.779,0.71959,0.71982,1.00,1.37
2017.08.02 23:14:37.213,0.71961,0.71981,1.00,1.87
2017.08.02 23:14:37.365,0.71962,0.71985,1.00,1.37
2017.08.02 23:14:37.880,0.71962,0.71986,1.12,1.87
2017.08.02 23:14:38.318,0.71962,0.71983,1.87,1.00
2017.08.02 23:14:39.143,0.7196,0.71983,1.00,1.12
2017.08.02 23:14:39.917,0.71961,0.71983,1.00,1.12
2017.08.02 23:14:47.295,0.71961,0.71982,1.00,1.00
2017.08.02 23:14:47.994,0.71959,0.71981,1.12,1.00
2017.08.02 23:14:48.196,0.71958,0.7198,1.00,1.37
2017.08.02 23:14:48.718,0.71957,0.71978,1.12,1.00
2017.08.02 23:14:50.526,0.71961,0.7198,1.00,1.37
2017.08.02 23:14:50.678,0.71961,0.71981,1.00,1.00
2017.08.02 23:14:51.026,0.7196,0.71979,1.00,1.00
2017.08.02 23:14:51.257,0.71957,0.71979,1.12,1.12
2017.08.02 23:15:00.489,0.71957,0.71978,1.12,1.00
2017.08.02 23:15:04.789,0.71954,0.71977,1.37,1.00
2017.08.02 23:15:05.311,0.71954,0.71976,1.37,1.00
2017.08.02 23:15:12.332,0.71955,0.71976,1.12,1.00
2017.08.02 23:15:13.406,0.71954,0.71975,1.37,1.00
2017.08.02 23:15:13.627,0.71953,0.71974,1.00,1.00
2017.08.02 23:15:14.410,0.71954,0.71974,1.00,1.00
2017.08.02 23:15:14.765,0.71952,0.71974,1.00,1.00
2017.08.02 23:15:14.866,0.71951,0.71971,1.12,1.00
2017.08.02 23:15:15.440,0.71949,0.71971,1.12,1.12
2017.08.02 23:15:15.490,0.71949,0.71969,1.12,1.00
2017.08.02 23:15:16.120,0.71949,0.7197,1.12,1.00
2017.08.02 23:15:21.437,0.71943,0.71967,2.25,1.00
2017.08.02 23:15:21.539,0.71943,0.71966,1.37,1.00
2017.08.02 23:15:21.832,0.71942,0.71966,1.00,1.12
2017.08.02 23:15:25.701,0.71942,0.71964,1.00,1.00
2017.08.02 23:15:25.802,0.71942,0.71967,1.00,1.87
2017.08.02 23:15:27.277,0.71944,0.71967,1.00,1.87
2017.08.02 23:15:27.898,0.71943,0.71967,1.00,1.87
2017.08.02 23:15:28.558,0.71943,0.71965,1.00,1.00
2017.08.02 23:15:30.937,0.71942,0.71965,1.00,1.00
2017.08.02 23:15:32.739,0.71941,0.71963,1.12,1.00
2017.08.02 23:15:34.247,0.71942,0.71963,1.00,1.00
2017.08.02 23:15:34.379,0.71942,0.71965,1.00,1.00
2017.08.02 23:15:39.908,0.71942,0.71964,1.12,1.00
2017.08.02 23:15:45.884,0.71943,0.71964,1.00,1.00
2017.08.02 23:15:52.178,0.71944,0.71964,1.00,1.00
2017.08.02 23:15:52.623,0.71942,0.71964,1.12,1.12
2017.08.02 23:15:54.936,0.71942,0.71963,1.12,1.00
2017.08.02 23:16:00.309,0.7194,0.71957,1.37,1.00
2017.08.02 23:16:00.513,0.71931,0.71953,1.00,1.12
2017.08.02 23:16:00.564,0.71929,0.71954,1.12,1.37
2017.08.02 23:16:01.092,0.71928,0.71949,1.37,1.00
2017.08.02 23:16:01.194,0.71925,0.71949,1.37,1.37
2017.08.02 23:16:01.749,0.71923,0.71947,1.37,1.50
2017.08.02 23:16:01.800,0.71923,0.71946,1.00,1.37
2017.08.02 23:16:02.003,0.71924,0.71948,1.12,1.12
2017.08.02 23:16:02.369,0.71926,0.71948,1.00,1.12
2017.08.02 23:16:02.955,0.71926,0.71947,1.00,1.00
2017.08.02 23:16:03.575,0.71925,0.71947,1.00,1.00
2017.08.02 23:16:04.160,0.71925,0.71949,1.00,1.37
2017.08.02 23:16:04.664,0.71927,0.71951,1.00,1.37
2017.08.02 23:16:04.822,0.71927,0.71951,1.37,1.37
2017.08.02 23:16:07.211,0.71928,0.71949,1.12,1.00
2017.08.02 23:16:07.740,0.71921,0.71943,1.37,1.00
2017.08.02 23:16:07.924,0.71913,0.71936,1.37,1.00
2017.08.02 23:16:07.976,0.71912,0.71934,1.37,1.00
2017.08.02 23:16:08.027,0.71914,0.71936,1.37,1.50
2017.08.02 23:16:08.078,0.71912,0.71934,1.37,1.00
2017.08.02 23:16:08.129,0.71912,0.71934,1.00,1.00
2017.08.02 23:16:08.433,0.7191,0.71926,1.37,1.00
2017.08.02 23:16:08.484,0.7191,0.71931,1.37,1.00
2017.08.02 23:16:08.535,0.71911,0.71933,1.12,1.00
2017.08.02 23:16:08.636,0.71917,0.71938,1.00,1.37
2017.08.02 23:16:08.975,0.71913,0.71933,1.37,1.00
2017.08.02 23:16:09.353,0.71918,0.71939,1.00,1.37
2017.08.02 23:16:09.506,0.71918,0.71939,1.87,1.00
2017.08.02 23:16:09.759,0.71918,0.71939,1.00,1.37
2017.08.02 23:16:09.860,0.71916,0.71936,1.12,1.00
2017.08.02 23:16:10.164,0.71919,0.71939,1.00,1.87
2017.08.02 23:16:10.474,0.71911,0.71933,1.87,1.00
2017.08.02 23:16:10.576,0.71916,0.71937,1.00,1.12
2017.08.02 23:16:10.678,0.71917,0.71933,1.00,1.00
2017.08.02 23:16:10.830,0.71913,0.71935,1.37,1.00
2017.08.02 23:16:10.933,0.71917,0.7194,1.00,1.87
2017.08.02 23:16:11.237,0.71913,0.71934,1.87,1.00
2017.08.02 23:16:11.749,0.71913,0.71933,1.37,1.00
2017.08.02 23:16:12.041,0.7191,0.71932,1.87,1.00
2017.08.02 23:16:12.604,0.71908,0.71931,1.37,1.00
2017.08.02 23:16:13.038,0.71905,0.7193,1.37,1.50
2017.08.02 23:16:13.089,0.71911,0.7193,1.00,1.00
2017.08.02 23:16:13.140,0.71908,0.7193,1.00,1.37
2017.08.02 23:16:13.241,0.71908,0.7193,1.12,1.12
2017.08.02 23:16:13.527,0.71907,0.71929,1.00,1.37
2017.08.02 23:16:14.066,0.71904,0.71928,1.12,1.87
2017.08.02 23:16:14.218,0.71907,0.71928,1.00,1.12
2017.08.02 23:16:14.556,0.71907,0.71931,1.37,1.37
2017.08.02 23:16:19.410,0.7191,0.71932,1.00,1.37
2017.08.02 23:16:19.664,0.7191,0.71932,1.37,1.00
2017.08.02 23:16:19.775,0.7191,0.71934,1.37,1.00
2017.08.02 23:16:20.523,0.7191,0.71933,1.37,1.00
2017.08.02 23:16:20.726,0.7191,0.71935,1.37,1.87
2017.08.02 23:16:21.762,0.71913,0.71938,1.00,1.37
2017.08.02 23:16:21.965,0.71913,0.71938,1.87,1.00
2017.08.02 23:16:22.554,0.71915,0.71939,1.12,1.12
2017.08.02 23:16:22.605,0.71912,0.71937,1.37,1.00
2017.08.02 23:16:22.657,0.71912,0.71937,1.12,1.37
2017.08.02 23:16:22.759,0.71914,0.71937,1.00,1.37
2017.08.02 23:16:23.204,0.71912,0.71935,1.12,1.00
2017.08.02 23:16:23.609,0.71916,0.71939,1.00,1.37
2017.08.02 23:16:23.660,0.71916,0.7194,1.12,1.12
2017.08.02 23:16:23.863,0.71917,0.71942,1.87,1.12
2017.08.02 23:16:24.459,0.71917,0.71942,2.25,1.12
2017.08.02 23:16:25.168,0.7192,0.71942,1.00,1.12
2017.08.02 23:16:25.511,0.7192,0.71942,1.50,1.12
2017.08.02 23:16:27.426,0.7192,0.71943,1.75,1.00
2017.08.02 23:16:27.817,0.7192,0.71943,1.75,1.00
2017.08.02 23:16:31.091,0.7192,0.71941,1.75,1.00
2017.08.02 23:16:31.344,0.71917,0.7194,1.50,1.00
2017.08.02 23:16:31.496,0.71917,0.7194,1.50,1.00
2017.08.02 23:16:31.547,0.71915,0.71938,2.25,1.00
2017.08.02 23:16:31.698,0.71912,0.71937,2.25,1.00
2017.08.02 23:16:31.799,0.71912,0.71937,2.25,1.12
2017.08.02 23:16:32.296,0.71912,0.71935,1.75,1.00
2017.08.02 23:16:32.499,0.71904,0.71929,1.75,1.00
2017.08.02 23:16:32.857,0.71901,0.71925,1.75,1.00
2017.08.02 23:16:32.909,0.719,0.71923,1.75,1.00
2017.08.02 23:16:32.961,0.71898,0.71922,1.75,1.00
2017.08.02 23:16:33.012,0.71898,0.7192,1.75,1.00
2017.08.02 23:16:33.165,0.71897,0.7192,1.12,1.37
2017.08.02 23:16:33.268,0.71897,0.71919,1.37,1.12
2017.08.02 23:16:33.572,0.71902,0.71924,1.37,1.37
2017.08.02 23:16:33.674,0.71902,0.71925,1.75,1.00
2017.08.02 23:16:33.858,0.71902,0.71925,1.75,1.00
2017.08.02 23:16:35.685,0.71903,0.71926,1.50,1.00
2017.08.02 23:16:36.225,0.71901,0.71925,2.25,1.00
2017.08.02 23:16:36.940,0.71901,0.71925,2.25,1.00
2017.08.02 23:16:37.982,0.71901,0.71925,2.25,1.00
2017.08.02 23:16:38.286,0.71894,0.71917,1.37,1.87
2017.08.02 23:16:38.387,0.71894,0.71919,1.75,1.50
2017.08.02 23:16:38.811,0.71894,0.71917,1.75,1.00
2017.08.02 23:16:40.242,0.71893,0.71915,1.50,1.00
2017.08.02 23:16:40.293,0.71891,0.71911,1.75,1.00
2017.08.02 23:16:40.597,0.71892,0.71914,1.37,1.37
2017.08.02 23:16:41.417,0.71892,0.71916,2.25,1.37
2017.08.02 23:16:41.518,0.71892,0.71916,2.25,1.37
2017.08.02 23:16:42.517,0.71892,0.71917,2.25,1.87
2017.08.02 23:16:43.655,0.71892,0.71914,1.75,1.00
2017.08.02 23:16:43.706,0.71892,0.7191,1.75,1.00
2017.08.02 23:16:43.807,0.71886,0.7191,1.00,1.37
2017.08.02 23:16:44.377,0.71883,0.71906,1.75,1.00
2017.08.02 23:16:44.681,0.71858,0.7188,1.37,1.37
2017.08.02 23:16:44.782,0.71858,0.71883,1.37,1.37
2017.08.02 23:16:44.985,0.71858,0.71884,1.50,1.00
2017.08.02 23:16:45.036,0.7186,0.71886,1.37,1.37
2017.08.02 23:16:45.560,0.71863,0.71887,1.00,1.37
2017.08.02 23:16:45.611,0.71863,0.71887,1.00,1.00
2017.08.02 23:16:45.864,0.71865,0.7189,1.00,1.37
2017.08.02 23:16:46.379,0.71865,0.7189,1.00,1.87
2017.08.02 23:16:46.719,0.71871,0.71899,1.37,1.37
2017.08.02 23:16:47.187,0.71877,0.71902,1.00,1.37
2017.08.02 23:16:47.288,0.71878,0.71904,1.87,1.00
2017.08.02 23:16:47.734,0.71881,0.71906,1.12,1.37
2017.08.02 23:16:47.785,0.71881,0.71909,1.50,1.37
2017.08.02 23:16:47.836,0.71879,0.71894,1.75,1.87
2017.08.02 23:16:47.887,0.71877,0.71902,1.37,1.37
2017.08.02 23:16:47.988,0.71876,0.71901,1.00,1.12
2017.08.02 23:16:48.039,0.71877,0.71901,1.37,1.12
2017.08.02 23:16:48.192,0.71877,0.71904,2.25,1.00
2017.08.02 23:16:48.893,0.71877,0.71905,2.25,1.12
2017.08.02 23:16:49.503,0.71877,0.71905,1.75,1.87
2017.08.02 23:16:49.554,0.71877,0.71903,1.75,1.00
2017.08.02 23:16:50.064,0.71877,0.71904,1.75,1.00
2017.08.02 23:16:50.116,0.71879,0.71904,1.00,1.00
2017.08.02 23:16:50.874,0.71877,0.71904,2.25,1.00
2017.08.02 23:16:51.533,0.71879,0.71903,1.00,1.00
2017.08.02 23:16:52.512,0.71876,0.71901,1.75,1.00
2017.08.02 23:16:52.816,0.71872,0.71897,1.37,1.37
2017.08.02 23:16:53.171,0.71872,0.71899,1.87,1.87
2017.08.02 23:16:53.301,0.71872,0.719,3.00,1.37
2017.08.02 23:16:54.125,0.71874,0.719,1.75,1.37
2017.08.02 23:16:54.227,0.71875,0.719,1.75,1.00
2017.08.02 23:16:54.278,0.71875,0.71902,1.75,1.87
2017.08.02 23:16:56.242,0.71874,0.719,2.25,1.00
2017.08.02 23:16:56.613,0.71871,0.71897,1.75,1.87
2017.08.02 23:16:57.148,0.71872,0.71898,1.75,1.37
2017.08.02 23:16:57.417,0.71875,0.71898,1.50,1.00
2017.08.02 23:16:57.932,0.71873,0.71896,1.37,1.00
2017.08.02 23:16:58.162,0.71873,0.71898,1.37,1.00
2017.08.02 23:16:58.839,0.71874,0.71898,1.37,1.00
2017.08.02 23:16:58.889,0.71874,0.719,1.37,1.00
2017.08.02 23:17:00.169,0.71878,0.71901,1.00,1.00
2017.08.02 23:17:00.322,0.71878,0.71904,1.37,1.00
2017.08.02 23:17:00.423,0.71879,0.71904,1.37,1.00
2017.08.02 23:17:01.044,0.71879,0.71904,1.87,1.00
2017.08.02 23:17:01.713,0.71882,0.71905,1.12,1.00
2017.08.02 23:17:02.426,0.71882,0.71907,1.37,1.00
2017.08.02 23:17:03.033,0.71882,0.71906,1.37,1.00
2017.08.02 23:17:03.343,0.71884,0.71907,1.37,1.00
2017.08.02 23:17:03.444,0.71886,0.71909,1.12,1.00
2017.08.02 23:17:03.496,0.71886,0.71911,1.12,1.00
2017.08.02 23:17:05.149,0.71886,0.71911,1.37,1.00
2017.08.02 23:17:06.055,0.71887,0.71911,1.37,1.00
2017.08.02 23:17:06.156,0.71888,0.71913,1.12,1.00
2017.08.02 23:17:06.207,0.71888,0.71915,1.12,1.00
2017.08.02 23:17:07.097,0.71894,0.71921,1.00,1.37
2017.08.02 23:17:07.422,0.71899,0.71923,1.37,1.00
2017.08.02 23:17:07.769,0.719,0.71923,1.37,1.00
2017.08.02 23:17:08.075,0.71901,0.71925,1.37,1.00
2017.08.02 23:17:08.663,0.71901,0.71926,1.37,1.00
2017.08.02 23:17:09.051,0.71901,0.71926,1.12,1.00
2017.08.02 23:17:10.111,0.71897,0.71925,1.50,1.00
2017.08.02 23:17:10.637,0.71897,0.71925,1.50,1.00
2017.08.02 23:17:11.741,0.71898,0.71924,1.37,1.00
2017.08.02 23:17:12.376,0.71896,0.71924,1.50,1.00
2017.08.02 23:17:12.948,0.71896,0.71924,1.75,1.00
2017.08.02 23:17:13.606,0.71896,0.71924,1.75,1.00
2017.08.02 23:17:14.313,0.71896,0.71924,1.75,1.50
2017.08.02 23:17:14.890,0.71896,0.71924,1.75,1.50
2017.08.02 23:17:15.420,0.71896,0.71924,1.75,1.50
2017.08.02 23:17:17.171,0.71896,0.71924,1.75,1.50
2017.08.02 23:17:17.947,0.71896,0.71924,1.75,1.50
2017.08.02 23:17:19.343,0.71897,0.71924,1.50,1.00
2017.08.02 23:17:19.524,0.71898,0.71926,1.37,1.00
2017.08.02 23:17:19.626,0.71898,0.71927,2.62,1.00
2017.08.02 23:17:19.727,0.719,0.71929,1.75,1.00
2017.08.02 23:17:19.851,0.719,0.71929,1.87,1.00
2017.08.02 23:17:22.228,0.719,0.71928,1.37,1.00
2017.08.02 23:17:22.279,0.71899,0.71926,1.87,1.00
2017.08.02 23:17:22.482,0.71897,0.71924,2.62,1.00
2017.08.02 23:17:22.949,0.71899,0.71927,1.00,1.00
2017.08.02 23:17:23.255,0.71902,0.71928,1.00,1.12
2017.08.02 23:17:23.306,0.71904,0.71931,1.00,1.12
2017.08.02 23:17:23.409,0.71906,0.71933,1.00,1.37
2017.08.02 23:17:23.785,0.71909,0.71935,1.00,1.00
2017.08.02 23:17:24.321,0.7191,0.71936,1.00,1.00
2017.08.02 23:17:24.799,0.71906,0.71931,1.37,1.00
2017.08.02 23:17:25.348,0.71905,0.7193,1.37,1.00
2017.08.02 23:17:29.442,0.71905,0.71931,1.37,1.00
2017.08.02 23:17:30.715,0.71905,0.7193,1.37,1.00
2017.08.02 23:17:34.202,0.71907,0.71932,1.12,1.00
2017.08.02 23:17:36.514,0.71906,0.71923,1.37,1.87
2017.08.02 23:17:36.616,0.719,0.71923,1.87,1.87
2017.08.02 23:17:36.818,0.719,0.71923,1.00,1.87
2017.08.02 23:17:37.485,0.71898,0.71923,1.37,2.62
2017.08.02 23:17:39.114,0.71898,0.71923,1.37,1.37
2017.08.02 23:17:39.240,0.71898,0.71923,1.50,1.00
2017.08.02 23:17:39.443,0.71902,0.71926,1.00,1.00
2017.08.02 23:17:39.860,0.71902,0.71926,1.87,1.00
2017.08.02 23:17:40.434,0.71902,0.71928,1.87,1.00
2017.08.02 23:17:42.076,0.71904,0.71929,1.12,1.00
2017.08.02 23:17:42.178,0.71905,0.71931,1.50,1.00
2017.08.02 23:17:42.229,0.71905,0.71931,1.87,1.00
2017.08.02 23:17:43.051,0.71905,0.71929,1.37,1.00
2017.08.02 23:17:44.050,0.71905,0.71928,1.37,1.00
2017.08.02 23:17:46.812,0.71904,0.71928,1.12,1.00
2017.08.02 23:17:46.964,0.71902,0.71924,1.37,1.00
2017.08.02 23:17:52.865,0.71901,0.71926,1.50,1.00
2017.08.02 23:17:54.801,0.71901,0.71927,1.37,1.00
2017.08.02 23:17:58.464,0.71901,0.71926,1.37,1.00
2017.08.02 23:17:58.565,0.71901,0.71926,1.12,1.00
2017.08.02 23:18:02.239,0.71899,0.71924,1.87,1.00
2017.08.02 23:18:02.755,0.71899,0.71923,1.37,1.00
2017.08.02 23:18:11.238,0.71899,0.71922,1.37,1.00
2017.08.02 23:18:11.491,0.71892,0.71917,1.87,1.00
2017.08.02 23:18:12.149,0.71892,0.71918,1.87,1.00
2017.08.02 23:18:12.678,0.71894,0.71917,1.00,1.00
2017.08.02 23:18:12.735,0.71894,0.71919,1.00,1.00
2017.08.02 23:18:13.538,0.71894,0.71918,1.00,1.00
2017.08.02 23:18:15.153,0.71894,0.71919,1.00,1.00
2017.08.02 23:18:19.877,0.7189,0.71913,1.37,1.00
2017.08.02 23:18:20.080,0.71885,0.71911,1.37,1.00
2017.08.02 23:18:22.905,0.71887,0.71911,1.00,1.00
2017.08.02 23:18:23.516,0.71888,0.71912,1.12,1.00
2017.08.02 23:18:23.867,0.7189,0.71914,1.00,1.00
2017.08.02 23:18:23.917,0.71888,0.71914,1.87,1.00
2017.08.02 23:18:24.505,0.71888,0.71913,1.87,1.00
2017.08.02 23:18:26.338,0.71888,0.7191,1.12,1.00
2017.08.02 23:18:26.659,0.71884,0.71907,1.87,1.00
2017.08.02 23:18:27.278,0.71883,0.71907,1.37,1.00
2017.08.02 23:18:27.628,0.71885,0.71909,1.00,1.00
2017.08.02 23:18:28.913,0.71885,0.71907,1.00,1.00
2017.08.02 23:18:30.406,0.71885,0.71908,1.00,1.00
2017.08.02 23:18:34.309,0.71885,0.7191,1.87,1.00
2017.08.02 23:18:39.820,0.71885,0.7191,1.87,1.00
2017.08.02 23:18:41.424,0.71886,0.71911,1.37,1.00
2017.08.02 23:18:50.646,0.71885,0.71909,1.37,1.00
2017.08.02 23:18:50.748,0.71884,0.71909,1.37,1.00
2017.08.02 23:18:58.363,0.71884,0.7191,1.37,1.00
2017.08.02 23:18:58.981,0.71884,0.71909,1.37,1.00
2017.08.02 23:19:00.691,0.71884,0.71908,1.37,1.00
2017.08.02 23:19:05.902,0.71884,0.71908,1.12,1.00
2017.08.02 23:19:13.508,0.71883,0.71907,1.37,1.00
2017.08.02 23:19:14.331,0.71879,0.71902,1.37,1.00
2017.08.02 23:19:14.534,0.71876,0.71898,1.12,1.00
2017.08.02 23:19:14.845,0.71874,0.71897,1.00,1.00
2017.08.02 23:19:16.338,0.71873,0.71897,1.87,1.00
2017.08.02 23:19:16.844,0.71873,0.71896,1.12,1.00
2017.08.02 23:19:22.420,0.71871,0.71897,1.37,1.00
2017.08.02 23:19:27.345,0.71873,0.71898,1.12,1.00
2017.08.02 23:19:28.394,0.71875,0.71899,1.00,1.00
2017.08.02 23:19:28.711,0.71877,0.71901,1.00,1.00
2017.08.02 23:19:29.204,0.71875,0.71901,1.12,1.00
2017.08.02 23:19:29.255,0.71872,0.71896,1.37,1.00
2017.08.02 23:19:29.316,0.71872,0.71896,1.00,1.00
2017.08.02 23:19:29.691,0.7187,0.71894,1.37,1.00
2017.08.02 23:19:29.995,0.71868,0.71892,1.00,1.00
2017.08.02 23:19:32.933,0.71868,0.71894,1.50,1.00
2017.08.02 23:19:33.035,0.71869,0.71894,1.37,1.00
2017.08.02 23:19:34.497,0.71869,0.71895,1.37,1.00
2017.08.02 23:19:34.758,0.7187,0.71897,1.12,1.00
2017.08.02 23:19:36.083,0.71872,0.71897,1.00,1.00
2017.08.02 23:19:36.615,0.71873,0.71897,1.00,1.00
2017.08.02 23:19:37.514,0.71873,0.71896,1.00,1.00
2017.08.02 23:19:38.594,0.71871,0.71896,1.00,1.00
2017.08.02 23:19:40.792,0.71872,0.71896,1.00,1.00
2017.08.02 23:19:41.002,0.71874,0.71896,1.00,1.00
2017.08.02 23:19:41.691,0.71874,0.71897,1.00,1.00
2017.08.02 23:19:47.039,0.71872,0.71897,1.37,1.00
2017.08.02 23:19:49.175,0.71872,0.71898,1.37,1.00
2017.08.02 23:19:53.626,0.71874,0.71898,1.00,1.00
2017.08.02 23:20:01.961,0.71874,0.719,1.00,1.00
2017.08.02 23:20:07.718,0.71873,0.719,1.12,1.00
2017.08.02 23:20:11.062,0.71874,0.719,1.00,1.00
2017.08.02 23:20:12.204,0.71874,0.71898,1.00,1.00
2017.08.02 23:20:19.711,0.71874,0.71899,1.00,1.00
2017.08.02 23:20:20.349,0.71876,0.71902,1.00,1.50
2017.08.02 23:20:22.649,0.71874,0.71899,1.00,1.00
2017.08.02 23:20:29.561,0.71873,0.71899,1.12,1.00
2017.08.02 23:20:30.164,0.71876,0.719,1.00,1.00
2017.08.02 23:20:30.367,0.71877,0.71902,1.87,1.00
2017.08.02 23:20:30.418,0.7188,0.71903,1.00,1.00
2017.08.02 23:20:30.945,0.7188,0.71904,1.00,1.00
2017.08.02 23:20:31.567,0.71881,0.71904,1.00,1.00
2017.08.02 23:20:32.075,0.71879,0.71904,1.12,1.00
2017.08.02 23:20:35.546,0.71886,0.71909,1.00,1.50
2017.08.02 23:20:35.698,0.71889,0.71917,1.00,1.37
2017.08.02 23:20:35.749,0.71889,0.71918,1.50,2.62
2017.08.02 23:20:35.901,0.71891,0.71916,1.00,1.00
2017.08.02 23:20:43.731,0.71889,0.71915,1.37,1.00
2017.08.02 23:20:44.297,0.71893,0.71917,1.00,1.00
2017.08.02 23:20:48.455,0.71893,0.71916,1.00,1.00
2017.08.02 23:20:49.063,0.71892,0.71916,1.00,1.00
2017.08.02 23:20:53.749,0.71891,0.71916,1.00,1.00
2017.08.02 23:20:54.258,0.71892,0.71918,1.00,1.00
2017.08.02 23:20:55.374,0.71891,0.71918,1.00,1.00
2017.08.02 23:20:55.996,0.71891,0.71917,1.00,1.00
2017.08.02 23:21:07.540,0.71891,0.71919,1.50,1.00
2017.08.02 23:21:09.570,0.71891,0.71918,1.00,1.00
2017.08.02 23:21:10.329,0.7189,0.71918,1.87,1.00
2017.08.02 23:21:11.497,0.71891,0.71919,1.00,1.00
2017.08.02 23:21:12.139,0.7189,0.71919,1.87,1.50
2017.08.02 23:21:14.308,0.7189,0.71918,1.87,1.00
2017.08.02 23:21:17.215,0.71891,0.71918,1.00,1.00
2017.08.02 23:21:18.835,0.71891,0.71919,1.00,1.00
2017.08.02 23:21:20.929,0.71891,0.71916,1.00,1.00
2017.08.02 23:21:21.611,0.7189,0.71916,1.87,1.00
2017.08.02 23:21:21.992,0.7189,0.71918,1.12,1.00
2017.08.02 23:21:24.996,0.71891,0.71918,1.00,1.00
2017.08.02 23:21:25.998,0.71891,0.71919,1.50,1.00
2017.08.02 23:21:31.934,0.71891,0.71919,1.50,1.37
2017.08.02 23:21:32.330,0.71894,0.71919,1.00,1.37
2017.08.02 23:21:36.134,0.71891,0.71918,1.00,1.12
2017.08.02 23:21:38.173,0.71892,0.7192,1.50,1.37
2017.08.02 23:21:38.553,0.71893,0.71921,1.50,1.00
2017.08.02 23:21:39.103,0.71893,0.71919,1.50,1.00
2017.08.02 23:21:39.918,0.71895,0.7192,1.00,1.00
2017.08.02 23:21:39.969,0.71893,0.7192,1.00,1.00
2017.08.02 23:21:47.746,0.71892,0.7192,1.50,1.00
2017.08.02 23:21:48.331,0.71892,0.71919,1.50,1.00
2017.08.02 23:21:49.025,0.71892,0.71918,1.00,1.00
2017.08.02 23:21:56.093,0.71891,0.71918,1.00,1.50
2017.08.02 23:21:56.646,0.71891,0.71919,1.00,1.50
2017.08.02 23:22:04.382,0.71894,0.71921,1.00,1.87
2017.08.02 23:22:05.445,0.71894,0.7192,1.12,1.00
2017.08.02 23:22:08.899,0.71893,0.7192,1.00,1.00
2017.08.02 23:22:12.120,0.71893,0.71921,1.00,1.50
2017.08.02 23:22:16.513,0.71893,0.7192,1.00,1.00
2017.08.02 23:22:18.168,0.71893,0.71919,1.00,1.00
2017.08.02 23:22:27.178,0.71893,0.71921,1.00,1.37
2017.08.02 23:22:27.689,0.71893,0.71919,1.00,1.00
2017.08.02 23:22:28.380,0.71893,0.71921,1.00,1.37
2017.08.02 23:22:28.685,0.71901,0.71928,1.00,1.00
2017.08.02 23:22:29.289,0.71901,0.71929,1.00,1.50
2017.08.02 23:22:33.141,0.719,0.71928,1.00,1.00
2017.08.02 23:22:33.911,0.71899,0.71927,1.87,1.00
2017.08.02 23:22:37.987,0.71901,0.71927,1.00,1.00
2017.08.02 23:22:38.945,0.719,0.71928,1.00,1.00
2017.08.02 23:22:50.608,0.71902,0.71928,1.00,1.12
2017.08.02 23:22:50.911,0.71904,0.7193,1.00,1.00
2017.08.02 23:22:51.064,0.71906,0.71933,1.00,1.00
2017.08.02 23:22:51.215,0.71906,0.71935,1.50,2.62
2017.08.02 23:22:51.317,0.71909,0.71935,1.50,1.12
2017.08.02 23:22:51.623,0.71909,0.71937,1.87,1.00
2017.08.02 23:22:51.690,0.71911,0.71937,1.00,1.00
2017.08.02 23:22:53.533,0.7191,0.71938,1.00,1.12
2017.08.02 23:22:56.783,0.71911,0.71938,1.00,1.87
2017.08.02 23:23:02.480,0.7191,0.71937,1.00,1.00
2017.08.02 23:23:16.990,0.71911,0.71938,1.00,1.50
2017.08.02 23:23:30.222,0.71911,0.71938,1.00,1.87
2017.08.02 23:23:41.259,0.7191,0.71937,1.00,1.37
2017.08.02 23:23:41.511,0.71908,0.71937,1.50,3.00
2017.08.02 23:23:44.284,0.71909,0.71937,1.00,2.25
2017.08.02 23:23:45.843,0.71909,0.71937,1.00,1.50
2017.08.02 23:23:46.392,0.71909,0.71937,1.00,1.50
2017.08.02 23:23:47.692,0.71908,0.71933,1.00,1.00
2017.08.02 23:23:55.964,0.71908,0.71934,1.00,1.00
2017.08.02 23:24:02.230,0.71908,0.71932,1.00,1.00
2017.08.02 23:24:06.770,0.71908,0.71934,1.00,1.00
2017.08.02 23:24:21.753,0.71907,0.71934,1.12,1.00
2017.08.02 23:24:21.905,0.71905,0.71933,1.12,1.00
2017.08.02 23:24:24.169,0.71906,0.71933,1.00,1.00
2017.08.02 23:24:33.482,0.71908,0.71934,1.00,1.00
2017.08.02 23:24:34.246,0.71908,0.71935,1.50,1.87
2017.08.02 23:24:35.970,0.71906,0.71935,1.50,1.87
2017.08.02 23:24:44.921,0.71906,0.71933,1.00,1.50
2017.08.02 23:24:45.498,0.71905,0.71932,1.00,1.50
2017.08.02 23:24:45.799,0.71903,0.7193,1.37,1.00
2017.08.02 23:24:46.001,0.71903,0.71932,1.87,1.50
2017.08.02 23:24:47.259,0.71905,0.71932,1.00,1.00
2017.08.02 23:24:47.411,0.71901,0.71926,1.87,1.00
2017.08.02 23:24:47.662,0.71895,0.71923,1.00,1.00
2017.08.02 23:24:48.374,0.71895,0.71922,1.00,1.00
2017.08.02 23:24:48.425,0.71894,0.7192,1.00,1.00
2017.08.02 23:24:48.476,0.71894,0.71923,1.50,1.50
2017.08.02 23:24:48.527,0.71893,0.71921,1.12,1.00
2017.08.02 23:24:49.077,0.71894,0.71921,1.00,1.50
2017.08.02 23:24:50.554,0.71894,0.7192,1.00,1.00
2017.08.02 23:24:50.656,0.71891,0.7192,1.50,1.50
2017.08.02 23:24:50.970,0.71891,0.71919,1.00,1.37
2017.08.02 23:24:52.445,0.71892,0.7192,1.00,1.37
2017.08.02 23:24:52.578,0.71892,0.7192,1.00,1.00
2017.08.02 23:24:53.902,0.71892,0.71921,1.50,1.87
2017.08.02 23:24:54.003,0.71894,0.71921,1.00,1.87
2017.08.02 23:25:00.196,0.71894,0.7192,1.00,1.00
2017.08.02 23:25:00.399,0.71897,0.71924,1.00,1.00
2017.08.02 23:25:01.118,0.71896,0.71924,1.00,1.00
2017.08.02 23:25:02.606,0.71896,0.71925,1.50,2.25
2017.08.02 23:25:04.748,0.71897,0.71925,1.00,1.12
2017.08.02 23:25:05.307,0.71898,0.71925,1.12,1.00
2017.08.02 23:25:07.337,0.71898,0.71927,1.87,1.87
2017.08.02 23:25:07.388,0.719,0.71927,1.00,1.87
2017.08.02 23:25:07.692,0.71902,0.71929,1.50,1.50
2017.08.02 23:25:08.124,0.71902,0.71926,1.00,1.00
2017.08.02 23:25:09.583,0.71901,0.71924,1.00,1.00
2017.08.02 23:25:09.938,0.71901,0.71923,1.37,1.00
2017.08.02 23:25:10.108,0.719,0.71923,1.00,1.00
2017.08.02 23:25:12.146,0.71898,0.71923,1.00,1.00
2017.08.02 23:25:15.703,0.71898,0.71921,1.00,1.00
2017.08.02 23:25:16.600,0.71896,0.71921,1.12,1.00
2017.08.02 23:25:24.867,0.71896,0.7192,1.12,1.00
2017.08.02 23:25:25.497,0.71895,0.7192,1.00,1.00
2017.08.02 23:25:26.480,0.71897,0.7192,1.00,1.00
2017.08.02 23:25:30.893,0.71896,0.7192,1.00,1.00
2017.08.02 23:25:50.251,0.71896,0.71923,1.50,1.00
2017.08.02 23:25:50.302,0.71898,0.71923,1.00,1.00
2017.08.02 23:25:54.347,0.71898,0.71925,1.00,2.62
2017.08.02 23:25:54.953,0.71899,0.71925,1.00,1.50
2017.08.02 23:26:05.892,0.71899,0.71925,1.00,1.12
2017.08.02 23:26:20.320,0.71899,0.71925,1.00,1.37
2017.08.02 23:26:21.629,0.71897,0.71925,1.37,1.37
2017.08.02 23:26:25.340,0.71896,0.71921,1.87,1.00
2017.08.02 23:26:25.392,0.71896,0.71921,1.50,1.00
2017.08.02 23:26:26.867,0.71895,0.71921,1.87,1.00
2017.08.02 23:26:29.259,0.71895,0.71922,1.87,1.00
2017.08.02 23:26:30.320,0.71896,0.71923,1.00,1.00
2017.08.02 23:26:39.591,0.71896,0.71924,1.50,1.50
2017.08.02 23:26:40.942,0.71896,0.71921,1.50,1.00
2017.08.02 23:26:44.968,0.71896,0.7192,1.00,1.00
2017.08.02 23:26:46.718,0.71896,0.71921,1.00,1.00
2017.08.02 23:26:47.016,0.71896,0.71923,1.00,1.87
2017.08.02 23:26:47.826,0.71897,0.71924,1.00,1.87
2017.08.02 23:26:48.620,0.71897,0.71921,1.00,1.00
2017.08.02 23:26:51.992,0.71897,0.71924,1.00,1.87
2017.08.02 23:26:53.809,0.71898,0.71924,1.00,1.37
2017.08.02 23:26:54.574,0.71896,0.71924,1.00,1.37
2017.08.02 23:26:59.441,0.71897,0.71924,1.00,1.37
2017.08.02 23:26:59.543,0.71899,0.71925,1.00,1.37
2017.08.02 23:26:59.644,0.71899,0.71925,1.00,1.00
2017.08.02 23:27:03.120,0.719,0.71925,1.00,1.00
2017.08.02 23:27:03.667,0.71899,0.71926,1.00,1.12
2017.08.02 23:27:04.389,0.71898,0.71926,1.00,1.87
2017.08.02 23:27:04.925,0.71899,0.71926,1.00,1.12
2017.08.02 23:27:05.250,0.71899,0.71925,1.00,1.87
2017.08.02 23:27:05.889,0.71898,0.71925,1.00,1.37
2017.08.02 23:27:09.722,0.71899,0.71925,1.00,1.37
2017.08.02 23:27:25.872,0.71899,0.71925,1.00,1.37
2017.08.02 23:27:31.252,0.71898,0.71925,1.00,1.37
2017.08.02 23:27:36.348,0.719,0.71926,1.00,1.87
2017.08.02 23:27:36.501,0.719,0.71926,1.00,1.87
2017.08.02 23:27:40.633,0.71901,0.71926,1.00,1.87
2017.08.02 23:27:41.196,0.719,0.71926,1.00,1.87
2017.08.02 23:27:44.084,0.71899,0.71926,1.50,1.87
2017.08.02 23:27:46.136,0.71899,0.71925,1.50,1.00
2017.08.02 23:27:50.342,0.719,0.71926,1.00,1.12
2017.08.02 23:27:50.645,0.71901,0.71925,1.00,1.37
2017.08.02 23:27:55.124,0.719,0.71922,1.00,1.00
2017.08.02 23:27:55.565,0.71897,0.71919,1.37,1.00
2017.08.02 23:27:55.873,0.71896,0.71919,1.00,1.37
2017.08.02 23:27:57.010,0.71895,0.71919,1.00,1.37
2017.08.02 23:27:58.080,0.71893,0.71918,1.37,1.37
2017.08.02 23:27:59.076,0.71886,0.7191,1.37,1.00
2017.08.02 23:27:59.126,0.71884,0.71911,1.37,2.62
2017.08.02 23:27:59.468,0.71889,0.71911,1.00,1.37
2017.08.02 23:27:59.570,0.71889,0.71915,1.37,2.62
2017.08.02 23:27:59.671,0.71884,0.71909,1.37,1.00
2017.08.02 23:27:59.722,0.71884,0.71909,1.37,1.12
2017.08.02 23:28:00.605,0.71886,0.71911,1.00,1.37
2017.08.02 23:28:00.757,0.71888,0.71913,1.00,1.37
2017.08.02 23:28:00.859,0.71889,0.71914,1.00,1.37
2017.08.02 23:28:08.168,0.71888,0.71914,1.12,1.87
2017.08.02 23:28:20.466,0.71887,0.71911,1.37,1.00
2017.08.02 23:28:21.760,0.71887,0.71912,1.37,1.12
2017.08.02 23:28:39.521,0.71889,0.71914,1.00,1.37
2017.08.02 23:28:39.736,0.71891,0.71915,1.37,1.00
2017.08.02 23:28:40.262,0.71888,0.71914,1.37,1.00
2017.08.02 23:28:42.548,0.71894,0.71916,1.00,1.12
2017.08.02 23:28:42.599,0.71891,0.71916,1.37,1.87
2017.08.02 23:28:49.242,0.71891,0.71914,1.37,1.00
2017.08.02 23:28:49.912,0.71887,0.71911,1.37,1.00
2017.08.02 23:28:49.963,0.71887,0.71913,1.87,1.50
2017.08.02 23:28:50.064,0.71889,0.71913,1.00,1.37
2017.08.02 23:28:51.487,0.7189,0.71914,1.00,1.37
2017.08.02 23:28:51.539,0.7189,0.71916,1.37,1.12
2017.08.02 23:28:53.842,0.7189,0.71915,1.37,1.00
2017.08.02 23:28:54.242,0.71888,0.71912,1.37,1.00
2017.08.02 23:28:54.527,0.71879,0.71904,1.37,1.12
2017.08.02 23:29:08.055,0.71884,0.71906,1.00,1.37
2017.08.02 23:29:08.157,0.71885,0.71908,1.00,1.37
2017.08.02 23:29:08.208,0.71887,0.71913,1.50,1.37
2017.08.02 23:29:08.259,0.71887,0.71913,1.87,1.37
2017.08.02 23:29:17.831,0.71889,0.71914,1.00,1.87
2017.08.02 23:29:19.567,0.7189,0.71914,1.00,1.37
2017.08.02 23:29:19.618,0.7189,0.71914,1.37,1.00
2017.08.02 23:29:19.770,0.7189,0.71911,1.37,1.00
2017.08.02 23:29:20.024,0.71875,0.71899,1.87,1.12
2017.08.02 23:29:20.841,0.71876,0.719,1.00,1.37
2017.08.02 23:29:22.809,0.71875,0.71903,1.87,1.87
2017.08.02 23:29:22.910,0.71877,0.71903,1.00,1.87
2017.08.02 23:29:23.012,0.71879,0.71904,1.12,1.87
2017.08.02 23:29:23.113,0.71881,0.71907,1.00,1.37
2017.08.02 23:29:23.214,0.71882,0.71908,1.87,1.12
2017.08.02 23:29:29.130,0.71882,0.71906,1.37,1.00
2017.08.02 23:29:39.005,0.71882,0.71906,1.37,1.37
2017.08.02 23:29:43.540,0.71879,0.71901,1.37,1.00
2017.08.02 23:29:43.641,0.71876,0.71901,1.87,1.00
2017.08.02 23:29:43.844,0.71872,0.71894,1.37,1.00
2017.08.02 23:29:43.946,0.71867,0.71895,1.37,1.87
2017.08.02 23:29:44.149,0.71865,0.71892,1.87,1.87
2017.08.02 23:29:44.352,0.71871,0.71899,1.87,1.37
2017.08.02 23:29:44.884,0.71874,0.71899,1.00,1.37
2017.08.02 23:29:46.792,0.71873,0.71899,1.12,1.37
2017.08.02 23:29:50.142,0.71874,0.71899,1.00,1.87
2017.08.02 23:29:50.395,0.71876,0.719,1.00,1.37
2017.08.02 23:29:50.700,0.71882,0.71906,1.00,1.37
2017.08.02 23:29:50.831,0.71882,0.71906,1.00,1.37
2017.08.02 23:29:54.516,0.71883,0.71909,1.00,1.37
2017.08.02 23:30:00.310,0.71883,0.71911,1.87,1.87
2017.08.02 23:30:04.043,0.71886,0.71911,1.00,1.87
2017.08.02 23:30:04.786,0.71888,0.71911,1.00,1.37
2017.08.02 23:30:04.889,0.71888,0.71912,1.37,1.12
2017.08.02 23:30:05.153,0.71888,0.7191,1.37,1.00
2017.08.02 23:30:05.255,0.71888,0.71912,1.37,1.12
2017.08.02 23:30:05.972,0.7189,0.71915,1.37,1.50
2017.08.02 23:30:12.351,0.71886,0.71913,1.87,1.00
2017.08.02 23:30:12.655,0.71882,0.71902,1.37,1.00
2017.08.02 23:30:12.706,0.71876,0.71902,1.37,1.00
2017.08.02 23:30:12.807,0.71876,0.71902,1.37,1.12
2017.08.02 23:30:14.859,0.71876,0.71899,1.37,1.00
2017.08.02 23:30:15.113,0.71869,0.71894,1.37,1.00
2017.08.02 23:30:17.169,0.71868,0.71892,1.37,1.00
2017.08.02 23:30:17.473,0.71866,0.7189,1.00,1.37
2017.08.02 23:30:17.672,0.71866,0.71891,1.37,1.87
2017.08.02 23:30:22.859,0.71862,0.71887,1.37,1.00
2017.08.02 23:30:23.011,0.71862,0.71888,1.12,1.87
2017.08.02 23:30:23.062,0.71865,0.7189,1.00,1.37
2017.08.02 23:30:23.215,0.71866,0.71893,1.50,1.37
2017.08.02 23:30:23.317,0.71866,0.71893,1.87,1.37
2017.08.02 23:30:23.519,0.71869,0.71894,1.87,1.00
2017.08.02 23:30:24.062,0.71869,0.71896,1.87,1.37
2017.08.02 23:30:25.251,0.71869,0.71893,1.37,1.00
2017.08.02 23:30:25.302,0.71869,0.71893,1.00,1.37
2017.08.02 23:30:27.071,0.71867,0.7189,1.37,1.00
2017.08.02 23:30:27.375,0.71857,0.71883,1.87,1.00
2017.08.02 23:30:28.060,0.71857,0.71882,1.87,1.00
2017.08.02 23:30:28.111,0.7186,0.71885,1.37,1.12
2017.08.02 23:30:28.672,0.71862,0.71887,1.00,1.37
2017.08.02 23:30:29.276,0.71863,0.71887,1.00,1.87
2017.08.02 23:30:29.327,0.71861,0.71886,1.12,1.37
2017.08.02 23:30:29.529,0.71859,0.71883,1.37,1.00
2017.08.02 23:30:29.631,0.71859,0.71883,1.00,1.37
2017.08.02 23:30:31.125,0.7186,0.71883,1.00,1.37
2017.08.02 23:30:35.091,0.71859,0.71883,1.00,1.37
2017.08.02 23:30:35.243,0.71861,0.71883,1.00,1.37
2017.08.02 23:30:45.818,0.71861,0.71884,1.00,1.12
2017.08.02 23:30:51.549,0.71862,0.71884,1.00,1.12
2017.08.02 23:30:51.600,0.71864,0.71886,1.00,1.37
2017.08.02 23:30:51.752,0.71864,0.71888,1.00,1.12
2017.08.02 23:30:52.351,0.71867,0.71888,1.00,1.12
2017.08.02 23:30:52.564,0.71869,0.71891,1.12,1.12
2017.08.02 23:31:07.644,0.71867,0.7189,1.37,1.00
2017.08.02 23:31:07.796,0.71865,0.71889,1.12,1.12
2017.08.02 23:31:09.167,0.71865,0.71888,1.12,1.00
2017.08.02 23:31:10.208,0.71866,0.71888,1.00,1.00
2017.08.02 23:31:11.126,0.71868,0.71891,1.00,1.37
2017.08.02 23:31:11.360,0.71868,0.71892,1.12,1.12
2017.08.02 23:31:12.776,0.71868,0.71891,1.12,1.00
2017.08.02 23:31:14.688,0.71866,0.71891,1.12,1.37
2017.08.02 23:31:15.002,0.71869,0.71892,1.00,1.37
2017.08.02 23:31:15.305,0.71872,0.71896,1.12,1.37
2017.08.02 23:31:17.396,0.71872,0.71897,1.87,1.00
2017.08.02 23:31:18.208,0.71873,0.71897,1.00,1.87
2017.08.02 23:31:19.045,0.7187,0.71892,1.37,1.00
2017.08.02 23:31:25.323,0.7187,0.71891,1.37,1.00
2017.08.02 23:31:25.628,0.71857,0.71878,1.37,1.00
2017.08.02 23:31:25.729,0.71857,0.71879,1.37,1.00
2017.08.02 23:31:26.068,0.71861,0.71882,1.00,1.12
2017.08.02 23:31:26.393,0.71861,0.71883,1.37,1.00
2017.08.02 23:31:27.279,0.71862,0.71885,1.37,1.12
2017.08.02 23:31:30.346,0.71862,0.71883,1.37,1.00
2017.08.02 23:31:32.778,0.7186,0.71882,1.37,1.00
2017.08.02 23:31:32.931,0.71855,0.71878,1.87,1.00
2017.08.02 23:31:33.873,0.71855,0.71879,1.37,1.00
2017.08.02 23:31:34.638,0.71855,0.71878,1.37,1.00
2017.08.02 23:31:34.808,0.71849,0.71872,1.37,1.00
2017.08.02 23:31:34.911,0.71849,0.71874,1.37,1.87
2017.08.02 23:31:35.645,0.7185,0.71875,1.87,1.00
2017.08.02 23:31:36.871,0.7185,0.71873,1.87,1.00
2017.08.02 23:31:38.647,0.71849,0.71873,1.87,1.00
2017.08.02 23:31:41.346,0.7185,0.71875,1.12,1.37
2017.08.02 23:31:41.972,0.71849,0.71865,1.37,1.00
2017.08.02 23:31:42.023,0.71847,0.71869,1.12,1.00
2017.08.02 23:31:42.124,0.71848,0.71872,1.00,1.87
2017.08.02 23:31:42.327,0.71849,0.71873,1.37,1.00
2017.08.02 23:31:45.253,0.71849,0.71874,1.87,1.12
2017.08.02 23:31:48.134,0.71849,0.71873,1.87,1.00
2017.08.02 23:31:48.638,0.71849,0.71876,1.87,1.37
2017.08.02 23:32:01.045,0.71851,0.71876,1.00,1.37
2017.08.02 23:32:01.381,0.71855,0.71878,1.50,1.37
2017.08.02 23:32:01.483,0.71855,0.71883,2.62,1.87
2017.08.02 23:32:12.299,0.71858,0.71882,1.37,1.00
2017.08.02 23:32:15.481,0.71859,0.71883,1.37,1.12
2017.08.02 23:32:15.725,0.71861,0.71887,1.37,1.87
2017.08.02 23:32:19.879,0.71864,0.71889,1.00,2.62
2017.08.02 23:32:22.927,0.71861,0.71888,1.87,1.37
2017.08.02 23:32:31.240,0.71864,0.7189,1.50,1.87
2017.08.02 23:32:31.342,0.71864,0.7189,1.87,1.87
2017.08.02 23:32:48.131,0.71865,0.7189,1.37,1.12
2017.08.02 23:32:51.594,0.71868,0.71891,1.00,1.37
2017.08.02 23:32:54.214,0.71866,0.71891,1.12,1.87
2017.08.02 23:32:55.808,0.71865,0.71888,1.37,1.00
2017.08.02 23:32:58.973,0.71865,0.71885,1.37,1.00
2017.08.02 23:32:59.277,0.71852,0.71874,1.37,1.00
2017.08.02 23:33:00.051,0.71851,0.71876,1.87,1.00
2017.08.02 23:33:00.955,0.71851,0.71876,1.75,1.00
2017.08.02 23:33:01.123,0.71851,0.71875,1.37,1.00
2017.08.02 23:33:03.065,0.71851,0.71876,1.37,1.00
2017.08.02 23:33:06.412,0.71854,0.71874,1.00,1.00
2017.08.02 23:33:06.715,0.71847,0.71871,1.87,1.00
2017.08.02 23:33:06.767,0.71847,0.71871,1.87,1.12
2017.08.02 23:33:07.676,0.71847,0.71869,1.37,1.00
2017.08.02 23:33:07.892,0.71842,0.71867,1.87,1.12
2017.08.02 23:33:07.943,0.71842,0.71865,1.87,1.00
2017.08.02 23:33:09.463,0.71846,0.71871,1.00,1.87
2017.08.02 23:33:09.565,0.71843,0.71869,1.87,1.37
2017.08.02 23:33:09.616,0.71846,0.7187,1.12,1.12
2017.08.02 23:33:10.405,0.71847,0.7187,1.00,1.12
2017.08.02 23:33:10.803,0.71845,0.7187,1.00,1.37
2017.08.02 23:33:11.623,0.71844,0.71868,1.00,1.37
2017.08.02 23:33:12.374,0.71846,0.71869,1.00,1.37
2017.08.02 23:33:12.876,0.71844,0.71865,1.00,1.00
2017.08.02 23:33:13.181,0.71843,0.71868,1.00,1.37
2017.08.02 23:33:13.282,0.71844,0.71868,1.00,1.37
2017.08.02 23:33:15.014,0.71846,0.71868,1.00,1.37
2017.08.02 23:33:15.841,0.71845,0.71868,1.00,1.37
2017.08.02 23:33:16.502,0.71844,0.71868,1.00,1.37
2017.08.02 23:33:16.769,0.71841,0.71868,1.37,2.62
2017.08.02 23:33:16.820,0.71839,0.71857,1.37,1.00
2017.08.02 23:33:17.023,0.71831,0.71853,1.12,1.00
2017.08.02 23:33:17.175,0.71833,0.71855,1.00,1.12
2017.08.02 23:33:17.491,0.71836,0.71859,1.12,1.37
2017.08.02 23:33:18.899,0.71837,0.71861,1.00,1.37
2017.08.02 23:33:19.910,0.71839,0.71864,1.00,1.37
2017.08.02 23:33:20.085,0.71843,0.71864,1.12,1.00
2017.08.02 23:33:20.136,0.71844,0.71868,1.00,1.37
2017.08.02 23:33:23.711,0.71843,0.71868,1.12,1.37
2017.08.02 23:33:23.762,0.71845,0.71869,1.00,1.37
2017.08.02 23:33:24.863,0.71846,0.71869,1.00,1.37
2017.08.02 23:33:26.075,0.71841,0.71865,1.37,1.00
2017.08.02 23:33:26.329,0.71844,0.71864,1.00,1.37
2017.08.02 23:33:26.532,0.71844,0.71866,1.00,1.12
2017.08.02 23:33:27.266,0.71843,0.71868,1.00,1.37
2017.08.02 23:33:27.394,0.71843,0.71868,1.37,1.12
2017.08.02 23:33:34.844,0.71842,0.71866,1.87,1.00
2017.08.02 23:33:35.046,0.71839,0.71863,1.12,1.12
2017.08.02 23:33:35.350,0.71841,0.71863,1.00,1.12
2017.08.02 23:33:35.552,0.71844,0.7187,1.12,1.87
2017.08.02 23:33:54.655,0.71845,0.71869,1.00,1.37
2017.08.02 23:33:55.178,0.71845,0.71869,1.37,1.37
2017.08.02 23:34:09.972,0.71845,0.71872,1.37,1.37
2017.08.02 23:34:10.774,0.71845,0.7187,1.37,1.00
2017.08.02 23:34:11.478,0.71846,0.71871,1.37,1.12
2017.08.02 23:34:14.850,0.71844,0.7187,1.37,1.00
2017.08.02 23:34:15.448,0.71843,0.71869,1.87,1.00
2017.08.02 23:34:16.051,0.71842,0.71868,1.37,1.00
2017.08.02 23:34:16.203,0.71842,0.71868,1.37,1.87
2017.08.02 23:34:17.250,0.71844,0.71869,1.00,1.37
2017.08.02 23:34:17.813,0.71845,0.71872,1.00,1.37
2017.08.02 23:34:17.914,0.71845,0.71873,1.87,1.87
2017.08.02 23:34:18.016,0.71849,0.71875,1.00,1.87
2017.08.02 23:34:18.219,0.71852,0.71879,1.37,1.37
2017.08.02 23:34:18.422,0.71856,0.71881,1.00,1.37
2017.08.02 23:34:18.524,0.71858,0.71881,1.12,1.00
2017.08.02 23:34:18.820,0.71861,0.71884,1.12,1.00
2017.08.02 23:34:19.425,0.71861,0.71886,1.12,1.87
2017.08.02 23:34:22.503,0.71862,0.71887,1.00,1.37
2017.08.02 23:34:26.743,0.71863,0.71887,1.00,1.37
2017.08.02 23:34:34.725,0.71863,0.71887,1.12,1.12
2017.08.02 23:34:37.127,0.71864,0.71888,1.00,1.87
2017.08.02 23:34:39.505,0.71863,0.71887,1.12,1.12
2017.08.02 23:34:42.023,0.71865,0.71888,1.00,1.37
2017.08.02 23:34:45.353,0.71863,0.71886,1.12,1.00
2017.08.02 23:34:46.251,0.71863,0.71888,1.12,1.87
2017.08.02 23:34:51.257,0.71862,0.71887,1.12,1.87
2017.08.02 23:34:56.873,0.71862,0.71885,1.12,1.00
2017.08.02 23:35:03.070,0.71861,0.71886,1.37,1.12
2017.08.02 23:35:03.580,0.71863,0.71887,1.00,1.37
2017.08.02 23:35:04.093,0.7186,0.71887,2.62,1.37
2017.08.02 23:35:04.771,0.7186,0.71885,2.62,1.00
2017.08.02 23:35:05.032,0.71857,0.71883,1.87,1.50
2017.08.02 23:35:05.083,0.71857,0.71883,1.87,1.87
2017.08.02 23:35:08.346,0.71857,0.71881,1.37,1.00
2017.08.02 23:35:09.368,0.71857,0.71883,1.37,1.87
2017.08.02 23:35:23.036,0.7186,0.71884,1.00,1.37
2017.08.02 23:35:23.340,0.7186,0.71886,1.37,1.37
2017.08.02 23:35:39.360,0.71861,0.71886,1.12,1.37
2017.08.02 23:35:39.666,0.71864,0.71886,1.00,1.37
2017.08.02 23:35:40.364,0.71865,0.71888,1.00,1.37
2017.08.02 23:35:52.417,0.71863,0.71888,1.00,1.50
2017.08.02 23:35:54.868,0.71864,0.7189,1.00,1.87
2017.08.02 23:35:54.970,0.71866,0.7189,1.00,1.37
2017.08.02 23:35:55.122,0.71868,0.7189,1.00,1.37
2017.08.02 23:35:55.223,0.71868,0.71891,1.37,1.00
2017.08.02 23:35:55.888,0.71869,0.71894,1.12,1.87
2017.08.02 23:35:56.825,0.7187,0.71894,1.00,1.37
2017.08.02 23:35:57.200,0.71873,0.71894,1.00,1.37
2017.08.02 23:35:57.813,0.71872,0.71894,1.00,1.37
2017.08.02 23:35:58.972,0.71875,0.71894,1.00,1.37
2017.08.02 23:35:59.125,0.71876,0.71899,1.00,1.37
2017.08.02 23:35:59.226,0.71878,0.71899,1.00,1.37
2017.08.02 23:35:59.328,0.71878,0.71903,1.00,1.37
2017.08.02 23:36:01.368,0.71879,0.71903,1.00,1.37
2017.08.02 23:36:02.522,0.71878,0.71905,1.50,2.62
2017.08.02 23:36:02.624,0.71878,0.71905,1.87,1.87
2017.08.02 23:36:03.035,0.71881,0.71905,1.00,1.37
2017.08.02 23:36:05.465,0.71882,0.71905,1.00,1.37
2017.08.02 23:36:05.516,0.7188,0.71903,1.00,1.12
2017.08.02 23:36:05.618,0.71877,0.71901,1.87,1.00
2017.08.02 23:36:05.719,0.71875,0.71901,1.87,1.37
2017.08.02 23:36:06.505,0.71875,0.71899,1.37,1.00
2017.08.02 23:36:06.556,0.71874,0.71897,1.37,1.00
2017.08.02 23:36:06.860,0.7187,0.71894,1.12,1.12
2017.08.02 23:36:07.122,0.71872,0.71895,1.00,1.37
2017.08.02 23:36:07.427,0.71876,0.71902,2.62,1.87
2017.08.02 23:36:08.168,0.71878,0.71902,1.00,1.87
2017.08.02 23:36:08.374,0.7188,0.71902,1.00,1.37
2017.08.02 23:36:10.575,0.71878,0.71902,1.00,1.37
2017.08.02 23:36:12.457,0.71879,0.71902,1.00,1.37
2017.08.02 23:36:13.004,0.71881,0.71905,1.00,1.37
2017.08.02 23:36:13.156,0.71881,0.71904,1.00,1.12
2017.08.02 23:36:13.686,0.7188,0.71905,1.12,1.37
2017.08.02 23:36:17.417,0.71881,0.71905,1.00,1.37
2017.08.02 23:36:17.899,0.71884,0.71905,1.00,1.37
2017.08.02 23:36:18.181,0.71884,0.71909,1.87,1.37
2017.08.02 23:36:19.462,0.71885,0.71909,1.00,1.87
2017.08.02 23:36:22.209,0.71884,0.71911,1.87,1.37
2017.08.02 23:36:25.776,0.71886,0.71909,1.00,1.37
2017.08.02 23:36:26.288,0.71885,0.7191,1.50,1.37
2017.08.02 23:36:29.630,0.71884,0.71909,1.12,1.37
2017.08.02 23:36:31.158,0.71883,0.71905,1.37,1.00
2017.08.02 23:36:31.311,0.71883,0.71908,1.37,1.50
2017.08.02 23:36:31.362,0.71883,0.71905,1.37,1.00
2017.08.02 23:36:32.847,0.71882,0.71908,1.37,2.25
2017.08.02 23:36:34.156,0.71886,0.71908,1.00,1.50
2017.08.02 23:36:34.737,0.71886,0.71909,1.00,1.00
2017.08.02 23:36:35.346,0.71887,0.71909,1.00,1.00
2017.08.02 23:36:37.150,0.71886,0.71911,1.00,2.25
2017.08.02 23:36:37.269,0.71886,0.71911,1.37,1.87
2017.08.02 23:36:37.460,0.71885,0.71908,1.87,1.00
2017.08.02 23:36:37.988,0.71885,0.71906,1.00,1.00
2017.08.02 23:36:38.647,0.71882,0.71906,1.87,1.00
2017.08.02 23:36:40.661,0.71882,0.71907,1.37,1.00
2017.08.02 23:36:41.339,0.71886,0.71909,1.00,1.37
2017.08.02 23:36:41.491,0.71886,0.7191,1.37,2.25
2017.08.02 23:36:44.638,0.71886,0.7191,1.37,2.25
2017.08.02 23:36:46.879,0.71886,0.71908,1.37,1.00
2017.08.02 23:36:48.318,0.71886,0.71905,1.37,1.00
2017.08.02 23:36:49.037,0.71886,0.71908,1.37,1.12
2017.08.02 23:36:49.588,0.71886,0.71907,1.37,1.00
2017.08.02 23:36:50.511,0.71881,0.71904,1.37,1.00
2017.08.02 23:36:50.613,0.71879,0.71904,1.37,1.87
2017.08.02 23:36:50.714,0.71879,0.71904,1.37,2.25
2017.08.02 23:36:50.765,0.71879,0.719,1.37,1.00
2017.08.02 23:36:51.096,0.71879,0.71904,1.37,1.12
2017.08.02 23:36:51.407,0.71882,0.71907,1.00,1.37
2017.08.02 23:36:51.508,0.71882,0.71907,1.37,1.00
2017.08.02 23:36:52.358,0.71882,0.71908,1.37,1.87
2017.08.02 23:36:52.782,0.71881,0.71907,1.37,1.87
2017.08.02 23:36:53.036,0.71878,0.71902,1.37,1.00
2017.08.02 23:36:53.688,0.71879,0.71906,1.87,1.87
2017.08.02 23:36:55.017,0.71879,0.71902,1.37,1.00
2017.08.02 23:36:55.170,0.71873,0.71899,1.87,1.00
2017.08.02 23:36:55.322,0.71872,0.71897,1.37,1.00
2017.08.02 23:36:55.576,0.71876,0.71901,1.00,1.87
2017.08.02 23:36:55.899,0.71876,0.71901,1.37,1.12
2017.08.02 23:37:11.544,0.7188,0.71906,1.00,1.87
2017.08.02 23:37:11.888,0.71884,0.71909,1.00,1.37
2017.08.02 23:37:13.017,0.71884,0.71909,1.37,1.37
2017.08.02 23:37:14.940,0.71878,0.71901,1.37,1.50
2017.08.02 23:37:15.042,0.71878,0.71901,1.00,1.87
2017.08.02 23:37:15.451,0.7188,0.71904,1.00,1.87
2017.08.02 23:37:15.654,0.71882,0.71904,1.00,1.12
2017.08.02 23:37:17.342,0.71876,0.719,1.87,1.00
2017.08.02 23:37:17.933,0.71879,0.71903,1.00,1.37
2017.08.02 23:37:18.784,0.71878,0.71903,1.00,1.37
2017.08.02 23:37:19.020,0.71879,0.71904,1.12,1.87
2017.08.02 23:37:24.664,0.71874,0.71901,2.62,1.00
2017.08.02 23:37:24.766,0.71875,0.71901,1.12,1.87
2017.08.02 23:37:24.908,0.71877,0.71901,1.00,1.37
2017.08.02 23:37:25.063,0.71877,0.71902,1.87,1.00
2017.08.02 23:37:25.617,0.71877,0.71903,1.87,1.12
2017.08.02 23:37:27.543,0.71878,0.71901,1.37,1.00
2017.08.02 23:37:27.594,0.71878,0.71903,1.37,1.12
2017.08.02 23:37:28.153,0.71878,0.71902,1.37,1.00
2017.08.02 23:37:29.002,0.71878,0.71901,1.37,1.00
2017.08.02 23:37:29.053,0.71878,0.71903,1.37,1.12
2017.08.02 23:37:29.543,0.71881,0.71907,1.00,1.37
2017.08.02 23:37:29.927,0.71884,0.71907,1.00,1.37
2017.08.02 23:37:33.401,0.71882,0.71906,1.12,1.12
2017.08.02 23:37:34.475,0.71882,0.71906,1.12,1.50
2017.08.02 23:37:35.014,0.71881,0.71904,1.37,1.12
2017.08.02 23:37:35.348,0.71879,0.71904,1.12,2.25
2017.08.02 23:37:38.522,0.71879,0.71904,1.12,2.25
2017.08.02 23:37:40.642,0.71877,0.71901,1.50,1.00
2017.08.02 23:37:40.794,0.71876,0.71898,1.37,1.12
2017.08.02 23:37:41.098,0.71862,0.71883,1.37,1.00
2017.08.02 23:37:41.250,0.71863,0.71888,2.25,1.12
2017.08.02 23:37:41.352,0.71867,0.71889,1.12,1.37
2017.08.02 23:37:41.690,0.7187,0.7189,1.00,1.00
2017.08.02 23:37:42.349,0.7187,0.71891,1.00,1.00
2017.08.02 23:37:44.787,0.7187,0.71892,1.00,1.00
2017.08.02 23:37:45.307,0.71867,0.7189,1.75,1.00
2017.08.02 23:37:48.295,0.71867,0.71888,1.50,1.00
2017.08.02 23:37:48.350,0.71867,0.7189,1.50,1.00
2017.08.02 23:37:50.517,0.71867,0.71889,1.50,1.00
2017.08.02 23:37:53.896,0.71866,0.7189,1.75,1.00
2017.08.02 23:37:58.867,0.71868,0.71891,1.50,1.00
2017.08.02 23:37:59.653,0.71868,0.7189,1.37,1.00
2017.08.02 23:38:03.348,0.71868,0.7189,1.75,1.00
2017.08.02 23:38:03.762,0.71872,0.71895,1.12,1.37
2017.08.02 23:38:03.813,0.71873,0.71895,1.37,1.37
2017.08.02 23:38:03.915,0.71875,0.71898,1.37,1.37
2017.08.02 23:38:04.118,0.71877,0.71898,1.37,1.00
2017.08.02 23:38:04.853,0.71876,0.71897,1.37,1.00
2017.08.02 23:38:05.103,0.71875,0.71897,1.37,1.00
2017.08.02 23:38:05.610,0.71875,0.71896,1.37,1.00
2017.08.02 23:38:08.172,0.71875,0.71893,1.37,1.00
2017.08.02 23:38:08.491,0.71868,0.71889,1.50,1.00
2017.08.02 23:38:08.542,0.71868,0.71889,1.50,1.00
2017.08.02 23:38:09.165,0.71866,0.71888,1.75,1.00
2017.08.02 23:38:13.459,0.71866,0.71887,1.75,1.00
2017.08.02 23:38:14.020,0.71866,0.71888,1.75,1.00
2017.08.02 23:38:14.465,0.7187,0.7189,1.00,1.00
2017.08.02 23:38:14.996,0.7187,0.71891,1.37,1.00
2017.08.02 23:38:15.531,0.7187,0.71891,1.37,1.00
2017.08.02 23:38:16.039,0.7187,0.71891,1.12,1.00
2017.08.02 23:38:18.642,0.7187,0.7189,1.00,1.00
2017.08.02 23:38:18.845,0.71868,0.71888,1.37,1.00
2017.08.02 23:38:19.744,0.71869,0.7189,1.00,1.00
2017.08.02 23:38:20.481,0.71868,0.7189,1.75,1.00
2017.08.02 23:38:21.156,0.71865,0.71884,1.75,1.00
2017.08.02 23:38:21.258,0.71863,0.71884,1.37,1.00
2017.08.02 23:38:25.218,0.71863,0.71885,1.50,1.00
2017.08.02 23:38:33.917,0.71863,0.71884,1.50,1.00
2017.08.02 23:38:38.081,0.71862,0.71884,1.75,1.00
2017.08.02 23:38:39.517,0.71865,0.71884,1.00,1.00
2017.08.02 23:38:42.695,0.71865,0.71885,1.00,1.00
2017.08.02 23:38:45.497,0.71865,0.71884,1.00,1.00
2017.08.02 23:38:46.924,0.71865,0.71884,1.37,1.00
2017.08.02 23:38:47.596,0.71865,0.71885,1.37,1.00
2017.08.02 23:38:47.748,0.71864,0.71883,1.00,1.00
2017.08.02 23:38:48.265,0.7186,0.71882,1.75,1.00
2017.08.02 23:38:48.925,0.7186,0.71883,2.25,1.00
2017.08.02 23:38:51.734,0.7186,0.71884,2.25,1.12
2017.08.02 23:38:52.708,0.71864,0.71885,1.00,1.00
2017.08.02 23:38:53.167,0.71863,0.71885,1.75,1.00
2017.08.02 23:38:58.213,0.71863,0.71885,1.50,1.00
2017.08.02 23:39:01.826,0.71865,0.71885,1.00,1.00
2017.08.02 23:39:02.358,0.71863,0.71884,1.50,1.00
2017.08.02 23:39:03.278,0.71864,0.71886,1.00,1.00
2017.08.02 23:39:05.333,0.71863,0.71886,1.75,1.00
2017.08.02 23:39:06.464,0.71855,0.71878,2.44,1.00
2017.08.02 23:39:06.566,0.71853,0.71872,1.75,1.00
2017.08.02 23:39:07.599,0.71853,0.71873,1.75,1.00
2017.08.02 23:39:08.641,0.71857,0.71874,1.00,1.00
2017.08.02 23:39:13.843,0.71852,0.71873,1.75,1.00
2017.08.02 23:39:16.342,0.71852,0.71874,1.75,1.00
2017.08.02 23:39:16.675,0.71855,0.71877,1.75,1.00
2017.08.02 23:39:16.726,0.71854,0.71874,1.75,1.00
2017.08.02 23:39:16.828,0.71852,0.71874,1.75,1.00
2017.08.02 23:39:16.879,0.71852,0.71874,1.37,1.00
2017.08.02 23:39:18.293,0.71851,0.71874,2.25,1.00
2017.08.02 23:39:18.533,0.71851,0.71874,1.87,1.00
2017.08.02 23:39:19.130,0.71851,0.71874,2.25,1.00
2017.08.02 23:39:26.336,0.7185,0.71873,1.75,1.00
2017.08.02 23:39:42.274,0.71851,0.71872,1.75,1.00
2017.08.02 23:39:42.890,0.71851,0.71871,1.75,1.00
2017.08.02 23:39:42.992,0.71853,0.71875,1.75,1.00
2017.08.02 23:39:43.043,0.71853,0.71873,1.75,1.00
2017.08.02 23:39:43.552,0.71854,0.71872,1.12,1.00
2017.08.02 23:39:44.061,0.71854,0.71871,1.12,1.00
2017.08.02 23:39:47.440,0.7185,0.71872,2.25,1.00
2017.08.02 23:39:47.744,0.71853,0.7187,1.50,1.00
2017.08.02 23:39:50.238,0.71854,0.71871,1.00,1.00
2017.08.02 23:39:50.390,0.7185,0.71871,1.37,1.00
2017.08.02 23:39:50.888,0.7185,0.71871,1.75,1.00
2017.08.02 23:39:51.094,0.7185,0.7187,1.75,1.00
2017.08.02 23:39:52.106,0.7185,0.7187,1.75,1.00
2017.08.02 23:39:52.711,0.71852,0.7187,1.00,1.00
2017.08.02 23:39:56.918,0.7185,0.71869,1.37,1.00
2017.08.02 23:39:56.969,0.71845,0.71865,1.75,1.00
2017.08.02 23:39:57.121,0.71847,0.71864,1.00,1.00
2017.08.02 23:39:57.681,0.71843,0.71863,1.75,1.00
2017.08.02 23:39:59.417,0.71843,0.71863,1.75,1.00
2017.08.02 23:40:00.402,0.71843,0.71863,1.75,1.00
2017.08.02 23:40:00.555,0.71844,0.71865,1.50,1.00
2017.08.02 23:40:00.606,0.71845,0.71869,1.87,1.37
2017.08.02 23:40:00.657,0.71845,0.71865,1.37,1.00
2017.08.02 23:40:01.226,0.71845,0.71866,1.75,1.00
2017.08.02 23:40:01.936,0.71845,0.71866,1.75,1.00
2017.08.02 23:40:07.940,0.71847,0.71866,1.00,1.00
2017.08.02 23:40:11.528,0.71847,0.71869,2.25,1.00
2017.08.02 23:40:11.630,0.71851,0.71869,1.00,1.00
2017.08.02 23:40:11.961,0.71851,0.71869,1.37,1.00
2017.08.02 23:40:18.704,0.7185,0.71871,1.50,1.00
2017.08.02 23:40:19.091,0.71852,0.71877,1.37,2.25
2017.08.02 23:40:19.142,0.71855,0.71872,1.00,1.00
2017.08.02 23:40:19.344,0.71851,0.71872,1.37,1.00
2017.08.02 23:40:22.022,0.71851,0.71876,1.37,1.50
2017.08.02 23:40:22.949,0.71851,0.71875,1.37,1.00
2017.08.02 23:40:23.514,0.71851,0.71876,1.37,1.00
2017.08.02 23:40:25.120,0.71854,0.71879,1.00,1.75
2017.08.02 23:40:25.680,0.71851,0.71876,1.37,1.12
2017.08.02 23:40:31.193,0.71853,0.71875,1.00,1.00
2017.08.02 23:40:31.844,0.71851,0.71876,1.75,1.12
2017.08.02 23:40:32.947,0.71853,0.71878,1.50,1.37
2017.08.02 23:40:33.048,0.71855,0.71878,1.00,1.00
2017.08.02 23:40:33.201,0.71857,0.71882,1.12,1.37
2017.08.02 23:40:33.459,0.71857,0.71883,1.75,1.50
2017.08.02 23:40:34.604,0.71858,0.71883,1.50,1.37
2017.08.02 23:40:34.757,0.71858,0.71883,1.12,1.37
2017.08.02 23:40:35.511,0.71857,0.71883,1.75,1.37
2017.08.02 23:40:37.317,0.71858,0.71882,1.00,1.12
2017.08.02 23:40:41.117,0.71857,0.71881,1.50,1.00
2017.08.02 23:40:46.185,0.71857,0.7188,1.37,1.00
2017.08.02 23:40:51.360,0.71855,0.71879,1.50,1.00
2017.08.02 23:40:51.744,0.71855,0.7188,1.50,1.12
2017.08.02 23:40:52.098,0.71859,0.71883,1.37,1.00
2017.08.02 23:40:52.351,0.71861,0.71885,1.12,1.12
2017.08.02 23:40:52.873,0.71859,0.71883,1.37,1.00
2017.08.02 23:40:53.491,0.71859,0.71884,1.87,1.00
2017.08.02 23:40:55.791,0.71859,0.71882,1.37,1.00
2017.08.02 23:40:56.122,0.71852,0.71873,1.37,1.00
2017.08.02 23:40:56.173,0.7185,0.71873,1.37,1.00
2017.08.02 23:40:56.979,0.7185,0.71872,1.37,1.00
2017.08.02 23:40:59.320,0.7185,0.71874,1.37,1.00
2017.08.02 23:40:59.371,0.71852,0.71873,1.12,1.00
2017.08.02 23:40:59.473,0.71849,0.71873,1.37,1.00
2017.08.02 23:40:59.574,0.71849,0.71871,1.87,1.00
2017.08.02 23:41:03.188,0.71849,0.71875,1.87,1.12
2017.08.02 23:41:25.612,0.71849,0.71874,1.37,1.00
2017.08.02 23:41:25.815,0.71847,0.71873,1.37,1.37
2017.08.02 23:41:26.566,0.71847,0.7187,1.37,1.00
2017.08.02 23:41:26.617,0.71841,0.71868,1.87,1.37
2017.08.02 23:41:39.361,0.71841,0.7186,1.37,1.00
2017.08.02 23:41:39.563,0.71839,0.71862,1.12,1.00
2017.08.02 23:41:39.759,0.71838,0.7186,1.00,1.37
2017.08.02 23:41:39.862,0.71838,0.71862,1.37,1.00
2017.08.02 23:41:39.964,0.71837,0.71859,1.37,1.00
2017.08.02 23:41:40.065,0.71838,0.71863,1.50,1.87
2017.08.02 23:41:40.167,0.71838,0.71863,1.37,1.87
2017.08.02 23:41:40.522,0.71835,0.71859,1.37,1.00
2017.08.02 23:41:40.725,0.71837,0.71859,1.00,1.37
2017.08.02 23:41:40.776,0.71834,0.71861,1.50,1.37
2017.08.02 23:41:40.878,0.71836,0.7186,1.00,1.37
2017.08.02 23:41:41.336,0.71838,0.71862,1.37,1.12
2017.08.02 23:41:42.573,0.71841,0.71863,1.50,1.37
2017.08.02 23:41:43.013,0.71841,0.71864,1.87,1.00
2017.08.02 23:41:44.954,0.71841,0.71867,1.37,1.87
2017.08.02 23:41:45.156,0.71845,0.7187,1.37,1.00
2017.08.02 23:41:45.657,0.71847,0.71871,1.12,1.12
2017.08.02 23:41:46.324,0.71847,0.71871,1.37,1.00
2017.08.02 23:41:50.440,0.71847,0.71872,1.37,1.00
2017.08.02 23:41:50.743,0.71844,0.71869,1.37,1.00
2017.08.02 23:41:50.844,0.71844,0.71866,1.37,1.00
2017.08.02 23:41:51.047,0.71842,0.71866,1.37,1.50
2017.08.02 23:41:51.683,0.7184,0.71864,1.37,1.00
2017.08.02 23:41:51.837,0.7184,0.71864,1.37,1.87
2017.08.02 23:41:53.436,0.7184,0.71862,1.37,1.00
2017.08.02 23:41:59.590,0.7184,0.71863,1.37,1.87
2017.08.02 23:41:59.641,0.7184,0.71858,1.37,1.00
2017.08.02 23:41:59.794,0.71835,0.71861,1.37,1.50
2017.08.02 23:41:59.845,0.71835,0.71861,1.37,1.87
2017.08.02 23:41:59.946,0.71835,0.71858,1.37,1.00
2017.08.02 23:42:00.596,0.71833,0.71857,1.37,1.00
2017.08.02 23:42:00.865,0.71835,0.71859,1.12,1.12
2017.08.02 23:42:00.916,0.7184,0.71859,1.00,1.12
2017.08.02 23:42:01.018,0.71838,0.71861,1.37,1.00
2017.08.02 23:42:01.170,0.71838,0.71863,1.37,1.00
2017.08.02 23:42:01.221,0.71838,0.7186,1.37,1.00
2017.08.02 23:42:01.272,0.71838,0.71862,1.12,1.12
2017.08.02 23:42:01.323,0.7184,0.71859,1.00,1.00
2017.08.02 23:42:01.477,0.71836,0.71861,1.12,1.87
2017.08.02 23:42:01.528,0.71839,0.71861,1.00,1.37
2017.08.02 23:42:01.809,0.71837,0.71859,1.00,1.00
2017.08.02 23:42:01.910,0.71839,0.71859,1.00,1.00
2017.08.02 23:42:02.309,0.71839,0.71862,1.37,1.00
2017.08.02 23:42:02.360,0.71839,0.7186,1.37,1.00
2017.08.02 23:42:02.563,0.7184,0.71864,1.12,1.12
2017.08.02 23:42:02.716,0.71841,0.71861,1.00,1.00
2017.08.02 23:42:02.868,0.71838,0.71861,1.37,1.00
2017.08.02 23:42:02.919,0.71839,0.71863,1.12,1.87
2017.08.02 23:42:02.970,0.71839,0.71859,1.12,1.00
2017.08.02 23:42:03.173,0.71834,0.71859,1.37,1.12
2017.08.02 23:42:03.928,0.71834,0.71858,1.37,1.00
2017.08.02 23:42:05.830,0.71834,0.71859,1.37,1.12
2017.08.02 23:42:06.033,0.71838,0.71863,1.00,1.87
2017.08.02 23:42:06.185,0.7184,0.71866,1.87,1.87
2017.08.02 23:42:06.237,0.71844,0.71866,1.00,1.37
2017.08.02 23:42:06.288,0.71844,0.71868,1.87,1.00
2017.08.02 23:42:06.474,0.71846,0.71871,1.37,1.00
2017.08.02 23:42:07.154,0.71848,0.71873,1.87,1.37
2017.08.02 23:42:08.135,0.71849,0.71873,1.00,1.37
2017.08.02 23:42:08.648,0.71848,0.71873,1.12,1.37
2017.08.02 23:42:08.952,0.71842,0.71864,3.00,1.00
2017.08.02 23:42:09.003,0.71842,0.71862,1.37,1.00
2017.08.02 23:42:09.105,0.71837,0.71861,1.00,1.37
2017.08.02 23:42:09.156,0.7184,0.71861,1.00,1.37
2017.08.02 23:42:09.308,0.71835,0.71857,1.00,1.12
2017.08.02 23:42:09.410,0.71837,0.7186,1.00,1.37
2017.08.02 23:42:09.511,0.71838,0.71862,1.12,1.12
2017.08.02 23:42:09.765,0.7184,0.71862,1.00,1.12
2017.08.02 23:42:11.448,0.71841,0.71866,1.00,1.37
2017.08.02 23:42:11.499,0.71841,0.71866,1.37,1.12
2017.08.02 23:42:12.299,0.71841,0.71865,1.37,1.00
2017.08.02 23:42:12.800,0.71843,0.71868,1.00,1.37
2017.08.02 23:42:12.851,0.71847,0.71868,1.00,1.37
2017.08.02 23:42:13.003,0.71848,0.71873,1.37,1.12
2017.08.02 23:42:13.180,0.7185,0.71874,1.37,1.00
2017.08.02 23:42:13.937,0.7185,0.71876,1.37,1.12
2017.08.02 23:42:16.695,0.71854,0.71877,1.00,1.37
2017.08.02 23:42:17.046,0.71857,0.71879,1.37,1.00
2017.08.02 23:42:18.166,0.71857,0.71878,1.37,1.00
2017.08.02 23:42:18.471,0.71854,0.71874,1.37,1.00
2017.08.02 23:42:18.522,0.7185,0.71874,1.37,1.00
2017.08.02 23:42:20.250,0.7185,0.71873,1.37,1.00
2017.08.02 23:42:20.562,0.71854,0.71878,1.00,1.37
2017.08.02 23:42:20.664,0.71859,0.7188,1.00,1.37
2017.08.02 23:42:20.715,0.71859,0.7188,1.37,1.00
2017.08.02 23:42:21.093,0.71861,0.71881,1.37,1.00
2017.08.02 23:42:21.195,0.71861,0.71884,1.37,1.00
2017.08.02 23:42:26.327,0.71861,0.71882,1.37,1.00
2017.08.02 23:42:26.509,0.71861,0.71884,1.37,1.50
2017.08.02 23:42:27.119,0.71861,0.71883,1.37,1.00
2017.08.02 23:42:27.543,0.71861,0.71881,1.37,1.00
2017.08.02 23:42:28.108,0.71861,0.71882,1.37,1.00
2017.08.02 23:42:30.485,0.71861,0.71881,1.37,1.00
2017.08.02 23:42:30.579,0.71861,0.71883,1.37,1.00
2017.08.02 23:42:31.388,0.71861,0.71882,1.37,1.00
2017.08.02 23:42:31.489,0.71861,0.7188,1.37,1.00
2017.08.02 23:42:31.872,0.71858,0.71876,1.12,1.00
2017.08.02 23:42:32.029,0.71854,0.71876,1.37,1.95
2017.08.02 23:42:32.291,0.71854,0.71876,1.37,1.10
2017.08.02 23:42:32.544,0.71854,0.71876,1.37,1.95
2017.08.02 23:42:32.661,0.71854,0.71876,1.37,1.57
2017.08.02 23:42:32.813,0.71854,0.71871,1.37,1.00
2017.08.02 23:42:33.281,0.71854,0.71874,1.37,1.50
2017.08.02 23:42:34.794,0.71852,0.71873,1.37,1.00
2017.08.02 23:42:38.891,0.71852,0.71874,1.37,1.00
2017.08.02 23:42:47.055,0.71854,0.71874,1.37,1.00
2017.08.02 23:42:49.858,0.71853,0.71873,1.37,1.00
2017.08.02 23:42:50.583,0.71853,0.71874,1.37,1.00
2017.08.02 23:42:50.990,0.71853,0.71873,1.12,1.00
2017.08.02 23:42:51.574,0.71853,0.71874,1.12,1.50
2017.08.02 23:42:51.723,0.71851,0.71872,1.37,1.00
2017.08.02 23:42:52.096,0.71851,0.71874,1.37,1.50
2017.08.02 23:42:55.198,0.71852,0.71875,1.37,1.00
2017.08.02 23:42:55.300,0.71854,0.71875,1.37,1.50
2017.08.02 23:42:57.007,0.71856,0.71877,1.12,1.50
2017.08.02 23:42:57.178,0.71856,0.71877,1.37,1.00
2017.08.02 23:43:05.039,0.71858,0.71881,1.37,1.50
2017.08.02 23:43:05.140,0.71858,0.71877,1.37,1.00
2017.08.02 23:43:05.400,0.71853,0.71875,1.37,1.00
2017.08.02 23:43:05.704,0.71853,0.71877,1.37,1.00
2017.08.02 23:43:05.856,0.71856,0.71879,1.00,1.87
2017.08.02 23:43:06.009,0.71857,0.71878,1.37,1.00
2017.08.02 23:43:06.092,0.71857,0.7188,1.37,1.00
2017.08.02 23:43:06.912,0.71857,0.71878,1.37,1.00
2017.08.02 23:43:07.991,0.71857,0.71879,1.37,1.00
2017.08.02 23:43:08.559,0.71857,0.71878,1.37,1.00
2017.08.02 23:43:09.099,0.71855,0.71879,1.37,1.50
2017.08.02 23:43:09.222,0.71855,0.71879,1.87,1.50
2017.08.02 23:43:10.245,0.71857,0.71879,1.37,1.00
2017.08.02 23:43:10.752,0.71857,0.7188,1.37,1.00
2017.08.02 23:43:11.067,0.71855,0.71877,1.37,1.00
2017.08.02 23:43:11.118,0.71855,0.71877,1.37,1.00
2017.08.02 23:43:11.756,0.71855,0.71876,1.37,1.00
2017.08.02 23:43:12.691,0.71854,0.71875,1.37,1.00
2017.08.02 23:43:13.115,0.71853,0.71875,1.12,1.50
2017.08.02 23:43:14.337,0.71853,0.71876,1.12,1.50
2017.08.02 23:43:17.465,0.71853,0.71877,1.37,1.00
2017.08.02 23:43:17.967,0.71855,0.71878,1.37,1.00
2017.08.02 23:43:18.627,0.71855,0.71879,1.37,1.00
2017.08.02 23:43:18.943,0.71858,0.71879,1.37,1.00
2017.08.02 23:43:19.660,0.71858,0.71878,1.37,1.00
2017.08.02 23:43:20.192,0.71858,0.71879,1.37,1.00
2017.08.02 23:43:21.880,0.71858,0.7188,1.37,1.00
2017.08.02 23:43:22.301,0.71858,0.71878,1.37,1.00
2017.08.02 23:43:22.523,0.71858,0.7188,1.37,1.00
2017.08.02 23:43:24.443,0.71858,0.71879,1.37,1.00
2017.08.02 23:43:25.439,0.71858,0.71878,1.37,1.00
2017.08.02 23:43:26.122,0.71858,0.71881,1.37,1.00
2017.08.02 23:43:26.344,0.71858,0.71878,1.37,1.00
2017.08.02 23:43:29.715,0.71858,0.71879,1.37,1.00
2017.08.02 23:43:30.263,0.7186,0.7188,1.00,1.00
2017.08.02 23:43:30.894,0.7186,0.71879,1.00,1.00
2017.08.02 23:43:31.712,0.7186,0.7188,1.00,1.12
2017.08.02 23:43:32.115,0.7186,0.71878,1.00,1.00
2017.08.02 23:43:32.565,0.7186,0.7188,1.00,1.00
2017.08.02 23:43:32.880,0.7186,0.71878,1.00,1.00
2017.08.02 23:43:32.932,0.71857,0.7188,1.37,1.00
2017.08.02 23:43:33.226,0.71857,0.71877,1.50,1.00
2017.08.02 23:43:33.278,0.71859,0.71882,1.00,1.00
2017.08.02 23:43:33.329,0.71859,0.7188,1.00,1.00
2017.08.02 23:43:33.846,0.71857,0.7188,1.50,1.00
2017.08.02 23:43:33.998,0.71859,0.71883,1.37,1.12
2017.08.02 23:43:34.455,0.71858,0.7188,1.75,1.00
2017.08.02 23:43:34.978,0.71858,0.71878,1.50,1.00
2017.08.02 23:43:39.162,0.71855,0.71877,1.37,1.00
2017.08.02 23:43:39.994,0.71854,0.71875,2.25,1.00
2017.08.02 23:43:40.985,0.71853,0.71876,1.37,1.00
2017.08.02 23:43:41.301,0.71853,0.71876,1.12,1.00
2017.08.02 23:43:41.961,0.71851,0.71876,1.75,1.00
2017.08.02 23:43:42.465,0.71853,0.71876,1.50,1.00
2017.08.02 23:43:42.567,0.71853,0.71876,1.50,1.00
2017.08.02 23:43:43.381,0.7185,0.71876,3.00,1.00
2017.08.02 23:43:43.636,0.71851,0.71876,1.75,1.00
2017.08.02 23:43:44.137,0.71852,0.71876,1.75,1.00
2017.08.02 23:43:44.703,0.71852,0.71874,1.75,1.00
2017.08.02 23:43:45.309,0.7185,0.71873,1.75,1.00
2017.08.02 23:43:45.815,0.7185,0.71875,1.75,1.00
2017.08.02 23:43:46.203,0.7185,0.71873,1.50,1.00
2017.08.02 23:43:46.854,0.7185,0.71874,1.87,1.00
2017.08.02 23:43:48.440,0.71853,0.71876,1.50,1.00
2017.08.02 23:43:52.485,0.71853,0.71875,1.50,1.00
2017.08.02 23:43:52.594,0.71853,0.71875,1.50,1.00
2017.08.02 23:43:53.105,0.71853,0.71875,1.50,1.00
2017.08.02 23:43:54.702,0.71853,0.71874,1.50,1.00
2017.08.02 23:43:54.876,0.71853,0.71875,1.50,1.00
2017.08.02 23:43:55.389,0.71853,0.71875,1.50,1.00
2017.08.02 23:43:55.490,0.71853,0.71875,1.50,1.00
2017.08.02 23:43:55.651,0.71853,0.71875,1.50,1.00
2017.08.02 23:43:55.807,0.71853,0.71875,1.50,1.00
2017.08.02 23:43:56.386,0.71853,0.71876,1.50,1.00
2017.08.02 23:43:56.842,0.71855,0.71878,1.00,1.00
2017.08.02 23:43:56.994,0.71853,0.71876,1.75,1.00
2017.08.02 23:43:57.529,0.71853,0.71877,1.75,1.00
2017.08.02 23:43:58.078,0.71854,0.71877,1.75,1.00
2017.08.02 23:43:58.618,0.71856,0.71878,1.50,1.00
2017.08.02 23:43:59.123,0.71855,0.71877,1.50,1.00
2017.08.02 23:44:09.955,0.71855,0.71879,1.50,1.00
2017.08.02 23:44:14.734,0.71857,0.71879,1.37,1.00
2017.08.02 23:44:23.294,0.71858,0.71882,1.50,1.12
2017.08.02 23:44:23.868,0.7186,0.71883,1.00,1.37
2017.08.02 23:44:24.421,0.7186,0.71883,1.37,1.37
2017.08.02 23:44:24.857,0.71858,0.71879,1.00,1.00
2017.08.02 23:44:26.503,0.71857,0.71878,1.37,1.00
2017.08.02 23:44:27.106,0.71854,0.71877,1.75,1.00
2017.08.02 23:44:27.784,0.71854,0.71877,1.50,1.00
2017.08.02 23:44:28.006,0.71854,0.71879,1.50,1.12
2017.08.02 23:44:29.077,0.71854,0.71875,1.50,1.00
2017.08.02 23:44:29.627,0.71852,0.71875,1.75,1.00
2017.08.02 23:44:29.729,0.71854,0.71877,1.75,1.00
2017.08.02 23:44:30.440,0.71854,0.71877,1.50,1.00
2017.08.02 23:44:41.597,0.71852,0.71876,1.75,1.00
2017.08.02 23:44:52.392,0.71852,0.71875,2.25,1.00
2017.08.02 23:44:54.234,0.71852,0.71876,2.25,1.00
2017.08.02 23:44:55.933,0.71851,0.71874,1.75,1.00
2017.08.02 23:44:56.656,0.71851,0.71874,1.50,1.37
2017.08.02 23:44:57.611,0.71851,0.71875,2.25,1.00
2017.08.02 23:45:07.988,0.71851,0.71875,2.25,1.00
2017.08.02 23:45:09.651,0.71851,0.71874,2.25,1.00
2017.08.02 23:45:10.342,0.71851,0.71874,2.25,1.00
2017.08.02 23:45:11.705,0.71851,0.71875,2.25,1.00
2017.08.02 23:45:12.218,0.71853,0.71873,1.00,1.00
2017.08.02 23:45:13.922,0.71852,0.71873,1.00,1.00
2017.08.02 23:45:24.529,0.71849,0.71874,2.25,1.00
2017.08.02 23:45:26.411,0.71849,0.71875,2.25,1.00
2017.08.02 23:45:26.915,0.71852,0.71876,1.50,1.12
2017.08.02 23:45:27.496,0.7185,0.71874,1.50,1.12
2017.08.02 23:45:28.157,0.7185,0.71873,1.50,1.00
2017.08.02 23:45:30.251,0.71849,0.71873,2.25,1.00
2017.08.02 23:45:31.843,0.71849,0.71873,2.25,1.00
2017.08.02 23:45:32.401,0.71849,0.71873,1.87,1.00
2017.08.02 23:45:33.107,0.71849,0.71874,1.87,1.00
2017.08.02 23:45:34.326,0.71849,0.71872,1.87,1.00
2017.08.02 23:45:45.798,0.7185,0.71872,1.37,1.00
2017.08.02 23:46:04.541,0.7185,0.71873,1.37,1.00
2017.08.02 23:46:06.090,0.71848,0.71872,1.75,1.00
2017.08.02 23:46:14.727,0.71848,0.71872,1.50,1.00
2017.08.02 23:46:24.437,0.71849,0.71873,1.00,1.12
2017.08.02 23:46:26.124,0.7185,0.71875,1.00,1.50
2017.08.02 23:46:26.175,0.7185,0.71875,1.37,1.12
2017.08.02 23:46:31.515,0.71852,0.71873,1.12,1.00
2017.08.02 23:46:31.617,0.71852,0.71875,1.12,1.12
2017.08.02 23:46:33.451,0.71851,0.71868,1.37,1.00
2017.08.02 23:46:37.890,0.71849,0.7187,1.37,1.00
2017.08.02 23:46:41.324,0.71849,0.71869,1.37,1.00
2017.08.02 23:46:45.821,0.71849,0.71869,1.75,1.00
2017.08.02 23:46:51.090,0.71849,0.71867,1.50,1.00
2017.08.02 23:46:51.141,0.71849,0.71869,1.50,1.00
2017.08.02 23:47:05.643,0.7185,0.71872,1.75,1.00
2017.08.02 23:47:05.744,0.71851,0.71874,2.25,1.00
2017.08.02 23:47:05.795,0.71854,0.71875,1.12,1.12
2017.08.02 23:47:06.112,0.71857,0.71876,1.00,1.00
2017.08.02 23:47:06.616,0.71857,0.71877,1.37,1.00
2017.08.02 23:47:07.846,0.71857,0.71878,1.37,1.00
2017.08.02 23:47:08.213,0.71858,0.71879,1.75,1.00
2017.08.02 23:47:08.599,0.71858,0.71877,1.50,1.00
2017.08.02 23:47:09.242,0.71858,0.7188,1.50,1.00
2017.08.02 23:47:09.365,0.71861,0.71882,1.50,1.00
2017.08.02 23:47:09.466,0.71862,0.71885,1.37,1.37
2017.08.02 23:47:10.635,0.71865,0.71885,1.50,1.00
2017.08.02 23:47:11.641,0.71865,0.71884,1.50,1.00
2017.08.02 23:47:13.054,0.71862,0.71883,1.75,1.00
2017.08.02 23:47:13.155,0.71862,0.71883,1.37,1.00
2017.08.02 23:47:14.143,0.71863,0.71884,1.37,1.00
2017.08.02 23:47:14.682,0.71863,0.71882,1.37,1.00
2017.08.02 23:47:17.266,0.71861,0.71881,1.37,1.00
2017.08.02 23:47:17.932,0.71861,0.7188,1.37,1.00
2017.08.02 23:47:34.701,0.71861,0.7188,1.37,1.00
2017.08.02 23:47:46.966,0.71861,0.71881,1.37,1.00
2017.08.02 23:47:49.301,0.71861,0.71877,1.37,1.00
2017.08.02 23:47:49.453,0.71856,0.71875,1.37,1.00
2017.08.02 23:47:50.066,0.71858,0.71877,1.00,1.00
2017.08.02 23:47:53.142,0.71858,0.71876,1.00,1.00
2017.08.02 23:47:55.085,0.71858,0.71877,1.00,1.00
2017.08.02 23:48:01.085,0.71858,0.71876,1.00,1.00
2017.08.02 23:48:04.293,0.71856,0.71877,1.50,1.00
2017.08.02 23:48:05.882,0.71856,0.71877,1.50,1.00
2017.08.02 23:48:08.228,0.71856,0.71878,1.50,1.00
2017.08.02 23:48:25.847,0.71857,0.71878,1.50,1.00
2017.08.02 23:48:51.064,0.71859,0.71879,1.37,1.00
2017.08.02 23:48:51.165,0.71861,0.71881,1.00,1.00
2017.08.02 23:48:51.216,0.71861,0.7188,1.37,1.00
2017.08.02 23:48:55.814,0.71861,0.71882,1.37,1.00
2017.08.02 23:49:01.364,0.71861,0.7188,1.37,1.00
2017.08.02 23:49:07.418,0.71861,0.71882,1.37,1.00
2017.08.02 23:49:09.428,0.71861,0.71881,1.37,1.00
2017.08.02 23:49:10.092,0.71861,0.71882,1.37,1.00
2017.08.02 23:49:25.825,0.7186,0.71882,1.37,1.00
2017.08.02 23:49:29.058,0.71863,0.71885,1.00,1.00
2017.08.02 23:49:30.397,0.71863,0.71886,1.00,1.12
2017.08.02 23:49:31.006,0.71861,0.71886,1.37,2.25
2017.08.02 23:49:34.099,0.71861,0.71886,1.37,2.25
2017.08.02 23:50:04.236,0.71862,0.71884,1.12,1.00
2017.08.02 23:50:04.779,0.71862,0.71885,1.00,1.12
2017.08.02 23:50:07.998,0.71861,0.71885,1.12,1.12
2017.08.02 23:50:08.346,0.71861,0.71883,1.12,1.00
2017.08.02 23:50:09.369,0.71861,0.71884,1.12,1.00
2017.08.02 23:50:09.673,0.71863,0.71885,1.00,1.12
2017.08.02 23:50:10.386,0.71862,0.71886,1.37,1.00
2017.08.02 23:50:10.889,0.71863,0.71885,1.37,1.00
2017.08.02 23:50:13.860,0.71863,0.71888,1.37,1.37
2017.08.02 23:50:14.012,0.71867,0.71891,1.00,1.37
2017.08.02 23:50:14.347,0.71869,0.71894,1.37,1.00
2017.08.02 23:50:17.494,0.7187,0.71895,1.37,1.12
2017.08.02 23:50:17.799,0.71875,0.719,1.37,1.12
2017.08.02 23:50:19.640,0.71877,0.719,1.37,1.00
2017.08.02 23:50:21.330,0.71875,0.71898,1.37,1.00
2017.08.02 23:50:21.381,0.71875,0.71898,1.37,1.00
2017.08.02 23:50:21.540,0.71873,0.71898,1.87,1.12
2017.08.02 23:50:22.269,0.71873,0.71897,1.87,1.00
2017.08.02 23:50:22.906,0.71873,0.71898,1.87,1.12
2017.08.02 23:50:23.589,0.71873,0.71897,1.87,1.00
2017.08.02 23:50:33.783,0.71874,0.71898,1.12,1.12
2017.08.02 23:50:34.519,0.71875,0.71899,1.00,1.37
2017.08.02 23:50:34.678,0.71875,0.71899,1.37,1.00
2017.08.02 23:50:35.103,0.71874,0.71899,1.12,1.37
2017.08.02 23:50:42.206,0.71873,0.71895,1.37,1.00
2017.08.02 23:50:42.307,0.71871,0.71897,1.37,1.00
2017.08.02 23:50:45.091,0.71872,0.71898,1.87,1.12
2017.08.02 23:50:45.856,0.71877,0.71899,1.00,1.37
2017.08.02 23:50:46.565,0.71877,0.71899,1.37,1.00
2017.08.02 23:50:47.386,0.71877,0.71898,1.37,1.00
2017.08.02 23:50:47.488,0.71873,0.71898,1.12,1.37
2017.08.02 23:50:49.058,0.71875,0.71898,1.00,1.37
2017.08.02 23:50:49.289,0.71877,0.719,1.12,1.00
2017.08.02 23:50:53.989,0.71877,0.71901,1.87,1.12
2017.08.02 23:50:54.040,0.71879,0.71904,1.00,1.87
2017.08.02 23:50:54.344,0.71879,0.719,1.37,1.00
2017.08.02 23:50:55.559,0.71877,0.719,1.12,1.00
2017.08.02 23:50:55.861,0.71877,0.71897,1.12,1.00
2017.08.02 23:50:56.148,0.71875,0.71899,1.37,1.00
2017.08.02 23:50:56.747,0.71877,0.719,1.12,1.00
2017.08.02 23:50:58.524,0.71877,0.71901,1.12,1.00
2017.08.02 23:51:02.600,0.71874,0.71899,1.37,1.00
2017.08.02 23:51:02.753,0.71874,0.71899,1.37,1.12
2017.08.02 23:51:03.467,0.71874,0.71898,1.37,1.00
2017.08.02 23:51:03.980,0.71874,0.719,1.37,2.25
2017.08.02 23:51:09.080,0.71874,0.71898,1.37,1.00
2017.08.02 23:51:10.495,0.71874,0.71899,1.37,1.87
2017.08.02 23:51:21.077,0.71873,0.71895,1.37,1.00
2017.08.02 23:51:21.330,0.71869,0.71893,1.87,1.00
2017.08.02 23:51:25.423,0.71871,0.71894,1.12,1.00
2017.08.02 23:51:26.221,0.71871,0.71893,1.12,1.00
2017.08.02 23:51:27.409,0.71871,0.71894,1.12,1.00
2017.08.02 23:51:29.418,0.71871,0.71895,1.12,1.12
2017.08.02 23:51:29.469,0.71873,0.71897,1.37,1.00
2017.08.02 23:51:30.148,0.71877,0.71899,1.00,1.37
2017.08.02 23:51:30.655,0.71877,0.71899,1.12,1.00
2017.08.02 23:51:31.317,0.71877,0.71898,1.12,1.00
2017.08.02 23:51:31.646,0.71877,0.71896,1.12,1.00
2017.08.02 23:51:35.519,0.71874,0.71897,1.37,1.50
2017.08.02 23:51:40.197,0.71874,0.71895,1.37,1.00
2017.08.02 23:51:41.067,0.71874,0.71896,1.37,1.00
2017.08.02 23:51:41.599,0.71874,0.71897,1.37,1.00
2017.08.02 23:51:43.885,0.71874,0.71898,1.37,1.00
2017.08.02 23:51:45.893,0.71874,0.71898,1.37,1.00
2017.08.02 23:51:48.236,0.71877,0.719,1.00,1.12
2017.08.02 23:51:48.389,0.71879,0.71903,1.00,1.87
2017.08.02 23:51:48.490,0.71879,0.71903,1.37,1.00
2017.08.02 23:51:51.473,0.71879,0.71904,1.37,1.87
2017.08.02 23:51:51.524,0.71879,0.71901,1.37,1.00
2017.08.02 23:51:52.419,0.71879,0.71902,1.37,1.00
2017.08.02 23:51:53.058,0.71879,0.71904,1.37,1.87
2017.08.02 23:51:55.284,0.71881,0.71904,1.00,1.12
2017.08.02 23:52:03.284,0.71881,0.71902,1.00,1.50
2017.08.02 23:52:03.493,0.71877,0.71901,1.37,1.00
2017.08.02 23:52:08.619,0.71877,0.71902,1.37,1.50
2017.08.02 23:52:09.183,0.71877,0.71901,1.37,1.50
2017.08.02 23:52:12.163,0.71879,0.71902,1.12,1.00
2017.08.02 23:52:12.265,0.71882,0.71902,1.12,1.00
2017.08.02 23:52:13.118,0.71882,0.71903,1.12,1.00
2017.08.02 23:52:15.723,0.7188,0.71899,1.37,1.00
2017.08.02 23:52:15.976,0.71876,0.71897,1.37,1.00
2017.08.02 23:52:18.769,0.71876,0.71896,1.37,1.00
2017.08.02 23:52:22.729,0.71874,0.71898,2.25,1.00
2017.08.02 23:52:26.298,0.71875,0.71897,1.37,1.00
2017.08.02 23:52:26.803,0.71876,0.71899,1.37,1.00
2017.08.02 23:52:27.307,0.71876,0.719,1.37,1.12
2017.08.02 23:52:27.853,0.71878,0.719,1.00,1.00
2017.08.02 23:52:30.239,0.71876,0.719,1.87,1.12
2017.08.02 23:52:30.864,0.71876,0.719,1.87,1.37
2017.08.02 23:52:31.483,0.71876,0.719,1.87,1.00
2017.08.02 23:52:32.284,0.71876,0.719,1.87,1.37
2017.08.02 23:52:34.285,0.71878,0.71902,1.37,1.37
2017.08.02 23:52:34.336,0.71881,0.71902,1.00,1.12
2017.08.02 23:52:34.890,0.71879,0.71901,1.87,1.00
2017.08.02 23:52:36.041,0.71879,0.71899,1.87,1.00
2017.08.02 23:52:36.699,0.71878,0.71899,1.37,1.00
2017.08.02 23:52:37.496,0.7188,0.71902,1.00,1.37
2017.08.02 23:52:38.125,0.71879,0.71901,1.37,1.00
2017.08.02 23:52:39.367,0.71879,0.71903,1.37,1.00
2017.08.02 23:52:40.105,0.71879,0.71904,1.37,1.00
2017.08.02 23:52:44.588,0.71879,0.71902,1.37,1.00
2017.08.02 23:52:45.597,0.7188,0.71904,1.37,1.00
2017.08.02 23:52:54.628,0.7188,0.71904,1.37,1.00
2017.08.02 23:52:57.597,0.7188,0.71903,1.37,1.00
2017.08.02 23:53:09.568,0.71879,0.71904,1.37,1.00
2017.08.02 23:53:09.721,0.71884,0.71907,1.50,1.12
2017.08.02 23:53:09.772,0.71887,0.71907,1.00,1.00
2017.08.02 23:53:09.823,0.71888,0.7191,1.00,1.12
2017.08.02 23:53:14.680,0.71888,0.71912,1.87,1.00
2017.08.02 23:53:20.262,0.71888,0.71911,1.87,1.00
2017.08.02 23:53:20.640,0.71888,0.71913,1.87,1.12
2017.08.02 23:53:21.181,0.7189,0.71915,1.00,1.37
2017.08.02 23:53:33.345,0.71894,0.71916,1.00,1.37
2017.08.02 23:53:33.447,0.71895,0.7192,1.37,1.37
2017.08.02 23:53:33.548,0.71898,0.7192,1.00,1.37
2017.08.02 23:53:33.650,0.71898,0.7192,1.37,1.00
2017.08.02 23:53:34.381,0.71897,0.71921,1.37,1.12
2017.08.02 23:53:38.668,0.719,0.71926,1.00,1.87
2017.08.02 23:53:38.719,0.719,0.71926,1.37,1.87
2017.08.02 23:53:38.922,0.71903,0.71926,1.37,1.00
2017.08.02 23:53:39.023,0.71905,0.71929,1.12,1.12
2017.08.02 23:53:39.226,0.71905,0.71931,1.87,1.00
2017.08.02 23:53:39.530,0.71905,0.71929,1.87,1.00
2017.08.02 23:53:39.841,0.71904,0.71929,1.87,1.37
2017.08.02 23:53:40.043,0.71904,0.71929,1.37,1.00
2017.08.02 23:53:40.701,0.71905,0.7193,1.37,1.00
2017.08.02 23:53:41.005,0.71904,0.71928,1.37,1.00
2017.08.02 23:53:41.158,0.71903,0.71928,1.12,1.37
2017.08.02 23:53:41.706,0.71903,0.71926,1.12,1.00
2017.08.02 23:53:42.479,0.71904,0.71926,1.00,1.00
2017.08.02 23:53:43.016,0.71904,0.71928,1.00,1.37
2017.08.02 23:53:43.118,0.71906,0.71929,1.12,1.00
2017.08.02 23:53:44.608,0.71905,0.71928,1.37,1.00
2017.08.02 23:53:44.761,0.71903,0.71928,1.12,1.37
2017.08.02 23:53:44.812,0.71905,0.71928,1.00,1.37
2017.08.02 23:53:45.337,0.71905,0.71928,1.37,1.00
2017.08.02 23:53:46.437,0.71905,0.71928,1.00,1.37
2017.08.02 23:53:46.538,0.71905,0.71928,1.37,1.00
2017.08.02 23:53:47.232,0.71902,0.71927,1.37,1.00
2017.08.02 23:53:49.470,0.71904,0.71928,1.37,1.50
2017.08.02 23:53:49.745,0.71901,0.71927,1.37,1.87
2017.08.02 23:53:50.550,0.71901,0.71926,1.37,1.00
2017.08.02 23:53:52.907,0.71901,0.71927,1.37,1.87
2017.08.02 23:53:56.258,0.71901,0.71924,1.37,1.00
2017.08.02 23:53:59.596,0.71901,0.71921,1.37,1.00
2017.08.02 23:53:59.849,0.71897,0.71921,1.87,1.12
2017.08.02 23:54:01.186,0.71899,0.71925,1.87,1.37
2017.08.02 23:54:01.520,0.71903,0.71926,1.37,1.00
2017.08.02 23:54:01.784,0.71903,0.71928,1.37,1.00
2017.08.02 23:54:06.209,0.71901,0.71926,1.37,1.00
2017.08.02 23:54:06.583,0.71901,0.71924,1.37,1.00
2017.08.02 23:54:06.875,0.71901,0.71923,1.87,1.00
2017.08.02 23:54:07.330,0.71899,0.7192,1.37,1.00
2017.08.02 23:54:07.482,0.71897,0.71918,1.37,1.00
2017.08.02 23:54:07.610,0.71899,0.71922,1.00,1.12
2017.08.02 23:54:07.762,0.719,0.71922,1.37,1.00
2017.08.02 23:54:08.045,0.71901,0.71924,1.87,1.00
2017.08.02 23:54:09.454,0.71901,0.71923,1.87,1.00
2017.08.02 23:54:20.127,0.71901,0.71923,1.75,1.00
2017.08.02 23:54:20.360,0.71899,0.71923,1.75,1.00
2017.08.02 23:54:20.615,0.719,0.71921,1.75,1.00
2017.08.02 23:54:20.666,0.719,0.71923,1.75,1.00
2017.08.02 23:54:20.851,0.719,0.71921,1.75,1.00
2017.08.02 23:54:21.054,0.71902,0.71923,1.00,1.00
2017.08.02 23:54:21.105,0.71902,0.71921,1.00,1.00
2017.08.02 23:54:21.333,0.719,0.71924,1.75,1.00
2017.08.02 23:54:25.314,0.71902,0.71922,1.75,1.00
2017.08.02 23:54:25.517,0.71899,0.71921,1.75,1.00
2017.08.02 23:54:25.877,0.71902,0.71924,1.37,1.12
2017.08.02 23:54:25.928,0.71902,0.71924,1.00,1.12
2017.08.02 23:54:26.461,0.71902,0.71923,1.12,1.00
2017.08.02 23:54:27.801,0.71902,0.71924,1.50,1.00
2017.08.02 23:54:28.000,0.71902,0.71924,1.75,1.00
2017.08.02 23:54:28.166,0.71903,0.71923,1.00,1.00
2017.08.02 23:54:30.093,0.71902,0.71923,1.75,1.00
2017.08.02 23:54:30.702,0.71902,0.71924,1.75,1.00
2017.08.02 23:54:35.053,0.71902,0.71924,1.75,1.00
2017.08.02 23:54:35.661,0.71902,0.71924,1.75,1.00
2017.08.02 23:54:38.568,0.71902,0.71924,1.75,1.00
2017.08.02 23:54:39.220,0.71902,0.71923,1.75,1.00
2017.08.02 23:54:42.525,0.71901,0.71922,1.75,1.00
2017.08.02 23:54:42.829,0.71897,0.71919,1.75,1.00
2017.08.02 23:54:43.173,0.71893,0.71916,2.25,1.00
2017.08.02 23:54:43.225,0.71893,0.71915,2.25,1.00
2017.08.02 23:54:43.680,0.71893,0.71917,2.25,1.00
2017.08.02 23:54:43.782,0.71893,0.71917,2.25,1.00
2017.08.02 23:54:44.137,0.71893,0.71915,2.25,1.00
2017.08.02 23:54:44.238,0.71893,0.71917,2.25,1.00
2017.08.02 23:54:44.391,0.71893,0.71916,2.25,1.00
2017.08.02 23:54:44.492,0.71893,0.71916,1.87,1.00
2017.08.02 23:54:44.644,0.71893,0.71915,1.75,1.00
2017.08.02 23:54:45.287,0.71893,0.71915,1.75,1.00
2017.08.02 23:54:45.440,0.71895,0.71916,1.50,1.00
2017.08.02 23:54:45.694,0.71895,0.71918,1.75,1.00
2017.08.02 23:54:45.745,0.71895,0.71915,1.75,1.00
2017.08.02 23:54:45.796,0.71895,0.71915,1.75,1.00
2017.08.02 23:54:45.948,0.71893,0.71916,1.75,1.00
2017.08.02 23:54:46.050,0.71896,0.71917,1.37,1.00
2017.08.02 23:54:46.202,0.71893,0.71915,2.25,1.00
2017.08.02 23:54:46.354,0.71893,0.71915,2.25,1.00
2017.08.02 23:54:46.506,0.71895,0.71915,1.50,1.00
2017.08.02 23:54:47.046,0.71894,0.71917,1.75,1.00
2017.08.02 23:54:47.453,0.71894,0.71917,1.37,1.00
2017.08.02 23:54:47.976,0.71894,0.71916,1.37,1.00
2017.08.02 23:54:48.028,0.71894,0.71914,1.37,1.00
2017.08.02 23:54:48.079,0.71892,0.71916,1.37,1.00
2017.08.02 23:54:48.332,0.71892,0.71914,1.37,1.00
2017.08.02 23:54:48.843,0.71894,0.71915,1.37,1.00
2017.08.02 23:54:50.488,0.71892,0.71916,2.25,1.00
2017.08.02 23:54:51.133,0.71894,0.71915,1.37,1.00
2017.08.02 23:54:51.840,0.71893,0.71916,1.37,1.00
2017.08.02 23:54:52.144,0.71893,0.71914,1.37,1.00
2017.08.02 23:54:52.649,0.71892,0.71916,1.12,1.00
2017.08.02 23:54:56.905,0.71895,0.71914,1.00,1.00
2017.08.02 23:54:59.354,0.71892,0.71916,1.50,1.00
2017.08.02 23:54:59.767,0.71897,0.71919,1.00,1.12
2017.08.02 23:54:59.818,0.71897,0.71917,1.00,1.00
2017.08.02 23:55:00.149,0.71899,0.71919,1.12,1.00
2017.08.02 23:55:07.277,0.71899,0.71921,1.50,1.12
2017.08.02 23:55:07.439,0.719,0.7192,1.50,1.00
2017.08.02 23:55:07.868,0.719,0.71918,1.37,1.00
2017.08.02 23:55:08.121,0.71898,0.7192,1.75,1.00
2017.08.02 23:55:08.668,0.71898,0.71919,1.75,1.00
2017.08.02 23:55:12.106,0.71896,0.71917,1.75,1.00
2017.08.02 23:55:12.207,0.71898,0.71916,1.00,1.00
2017.08.02 23:55:12.365,0.71896,0.71918,1.37,1.12
2017.08.02 23:55:12.898,0.71899,0.71919,1.00,1.00
2017.08.02 23:55:13.417,0.71899,0.7192,1.00,1.00
2017.08.02 23:55:15.782,0.71897,0.7192,1.87,1.00
2017.08.02 23:55:20.730,0.71898,0.71922,2.25,1.00
2017.08.02 23:55:21.425,0.71898,0.71922,2.25,1.00
2017.08.02 23:55:24.525,0.71898,0.71922,2.25,1.00
2017.08.02 23:55:24.827,0.71898,0.71921,2.25,1.00
2017.08.02 23:55:25.396,0.71899,0.71921,1.00,1.00
2017.08.02 23:55:26.360,0.71899,0.7192,1.00,1.00
2017.08.02 23:55:28.443,0.71898,0.71919,1.50,1.00
2017.08.02 23:55:28.545,0.71894,0.71917,1.87,1.00
2017.08.02 23:55:28.595,0.71894,0.71917,1.87,1.00
2017.08.02 23:55:29.131,0.71892,0.71916,1.75,1.00
2017.08.02 23:55:31.968,0.71892,0.71914,1.75,1.00
2017.08.02 23:55:34.429,0.71891,0.71912,1.75,1.00
2017.08.02 23:55:34.480,0.71891,0.71912,1.87,1.00
2017.08.02 23:55:35.462,0.71891,0.71912,2.62,1.00
2017.08.02 23:55:52.466,0.71891,0.71912,2.62,1.00
2017.08.02 23:55:53.353,0.71893,0.71913,1.75,1.00
2017.08.02 23:55:55.455,0.71891,0.71913,1.87,1.00
2017.08.02 23:56:03.617,0.7189,0.71912,2.62,1.00
2017.08.02 23:56:04.395,0.7189,0.71912,1.75,1.00
2017.08.02 23:56:09.350,0.7189,0.71911,1.75,1.00
2017.08.02 23:56:10.059,0.71891,0.71911,1.00,1.00
2017.08.02 23:56:10.110,0.71891,0.71909,1.00,1.00
2017.08.02 23:56:10.789,0.71891,0.7191,1.00,1.00
2017.08.02 23:56:10.992,0.71891,0.71913,1.50,1.00
2017.08.02 23:56:11.144,0.71891,0.71913,1.75,1.00
2017.08.02 23:56:11.691,0.71893,0.71916,2.25,1.00
2017.08.02 23:56:11.742,0.71893,0.71918,2.25,1.12
2017.08.02 23:56:12.045,0.71895,0.71918,2.25,1.00
2017.08.02 23:56:12.700,0.71895,0.71917,2.25,1.00
2017.08.02 23:56:13.232,0.71895,0.71918,1.75,1.00
2017.08.02 23:56:15.344,0.71895,0.71917,1.50,1.00
2017.08.02 23:56:16.249,0.71893,0.71916,1.75,1.00
2017.08.02 23:56:16.553,0.71893,0.71916,2.25,1.00
2017.08.02 23:56:17.799,0.71894,0.71916,1.50,1.00
2017.08.02 23:56:20.672,0.71894,0.71916,1.50,1.00
2017.08.02 23:56:21.014,0.71894,0.71916,1.50,1.00
2017.08.02 23:56:21.416,0.71894,0.71915,1.00,1.00
2017.08.02 23:56:22.572,0.71894,0.71916,1.12,1.00
2017.08.02 23:56:22.673,0.71894,0.71917,1.50,1.00
2017.08.02 23:56:23.036,0.71892,0.71915,2.25,1.00
2017.08.02 23:56:25.086,0.7189,0.71913,2.25,1.00
2017.08.02 23:56:43.106,0.7189,0.71913,2.25,1.00
2017.08.02 23:56:44.092,0.7189,0.71911,2.25,1.00
2017.08.02 23:56:47.453,0.71894,0.71911,1.00,1.00
2017.08.02 23:57:00.930,0.71893,0.71911,1.00,1.00
2017.08.02 23:57:07.068,0.71893,0.71913,1.12,1.00
2017.08.02 23:57:14.602,0.71893,0.71913,1.50,1.00
2017.08.02 23:57:17.314,0.71893,0.71913,1.75,1.00
2017.08.02 23:57:18.049,0.71893,0.71913,1.50,1.00
2017.08.02 23:57:18.428,0.71893,0.71913,1.75,1.00
2017.08.02 23:57:18.588,0.71893,0.71913,1.37,1.00
2017.08.02 23:57:18.847,0.71893,0.71913,1.75,1.00
2017.08.02 23:57:18.977,0.71894,0.71913,1.00,1.00
2017.08.02 23:57:19.107,0.71893,0.71913,1.75,1.00
2017.08.02 23:57:19.646,0.71894,0.71914,1.50,1.00
2017.08.02 23:57:20.174,0.71894,0.71916,1.50,1.00
2017.08.02 23:57:20.688,0.71894,0.71915,1.50,1.00
2017.08.02 23:57:21.748,0.71894,0.71915,1.50,1.00
2017.08.02 23:57:22.293,0.71894,0.71916,1.50,1.00
2017.08.02 23:57:31.304,0.71894,0.71916,1.12,1.00
2017.08.02 23:57:34.654,0.71894,0.71916,1.50,1.00
2017.08.02 23:57:37.028,0.71894,0.71917,1.37,1.00
2017.08.02 23:57:37.962,0.71893,0.71915,1.75,1.00
2017.08.02 23:57:45.933,0.71897,0.71918,1.50,1.00
2017.08.02 23:57:46.034,0.719,0.71921,1.00,1.37
2017.08.02 23:57:46.410,0.719,0.71921,1.37,1.00
2017.08.02 23:58:05.820,0.719,0.71921,1.75,1.00
2017.08.02 23:58:07.584,0.719,0.71921,1.75,1.00
2017.08.02 23:58:07.735,0.719,0.71921,1.75,1.00
2017.08.02 23:58:07.947,0.719,0.71921,1.75,1.00
2017.08.02 23:58:08.083,0.719,0.71921,1.75,1.00
2017.08.02 23:58:08.299,0.719,0.71921,1.75,1.00
2017.08.02 23:58:08.960,0.71901,0.71921,1.00,1.00
2017.08.02 23:58:09.259,0.719,0.71921,1.75,1.00
2017.08.02 23:58:09.360,0.719,0.71921,1.75,1.00
2017.08.02 23:58:10.170,0.71902,0.71922,1.37,1.00
2017.08.02 23:58:10.241,0.71902,0.71922,1.37,1.00
2017.08.02 23:58:11.520,0.71903,0.71922,1.75,1.00
2017.08.02 23:58:29.386,0.71903,0.71924,1.75,1.00
2017.08.02 23:58:29.488,0.71903,0.71924,1.75,1.00
2017.08.02 23:58:29.641,0.71901,0.71924,2.25,1.00
2017.08.02 23:58:35.278,0.71905,0.71924,1.00,1.00
2017.08.02 23:58:35.781,0.71903,0.71923,1.50,1.00
2017.08.02 23:58:36.292,0.71905,0.71924,1.00,1.00
2017.08.02 23:58:36.425,0.71905,0.71926,1.00,1.00
2017.08.02 23:58:40.643,0.71903,0.71923,1.75,1.00
2017.08.02 23:58:41.617,0.71903,0.71924,1.75,1.00
2017.08.02 23:58:42.192,0.71903,0.71925,1.75,1.00
2017.08.02 23:58:46.741,0.71905,0.71926,1.00,1.00
2017.08.02 23:58:47.144,0.71902,0.71923,1.00,1.00
2017.08.02 23:58:47.819,0.719,0.71923,2.25,1.00
2017.08.02 23:58:48.135,0.71902,0.71924,1.50,1.00
2017.08.02 23:58:50.421,0.71902,0.71924,1.50,1.00
2017.08.02 23:58:52.096,0.71902,0.71924,1.50,1.00
2017.08.02 23:58:52.348,0.719,0.71923,1.75,1.00
2017.08.02 23:58:53.088,0.719,0.71922,1.75,1.00
2017.08.02 23:58:53.345,0.71903,0.71924,1.37,1.00
2017.08.02 23:58:53.891,0.71903,0.71924,1.75,1.00
2017.08.02 23:58:58.007,0.71902,0.71926,1.87,1.00
2017.08.02 23:59:01.771,0.71904,0.71924,1.75,1.00
2017.08.02 23:59:09.672,0.71904,0.71924,2.25,1.00
2017.08.02 23:59:10.289,0.71904,0.71924,1.75,1.00
2017.08.02 23:59:15.420,0.71903,0.71924,1.75,1.00
2017.08.02 23:59:15.855,0.71902,0.71923,1.75,1.00
2017.08.02 23:59:16.394,0.71903,0.71924,1.75,1.00
2017.08.02 23:59:17.002,0.71903,0.71924,1.75,1.00
2017.08.02 23:59:33.287,0.71903,0.71924,1.75,1.00
2017.08.02 23:59:35.713,0.71903,0.71924,1.75,1.00
2017.08.02 23:59:35.926,0.71906,0.71926,1.37,1.00
2017.08.02 23:59:36.507,0.71906,0.71926,1.37,1.00
2017.08.02 23:59:37.451,0.71907,0.71928,1.87,1.00
2017.08.02 23:59:37.988,0.71907,0.71928,1.75,1.00
2017.08.02 23:59:42.769,0.71907,0.71928,1.75,1.00
2017.08.02 23:59:43.396,0.71907,0.71929,1.87,1.00
2017.08.02 23:59:46.584,0.71909,0.71929,1.50,1.00
2017.08.02 23:59:46.889,0.71912,0.71931,1.37,1.00
2017.08.02 23:59:48.029,0.71909,0.7193,1.75,1.00
2017.08.02 23:59:48.377,0.71907,0.7193,2.25,1.00
2017.08.02 23:59:48.954,0.71907,0.7193,1.75,1.00
2017.08.02 23:59:49.450,0.71909,0.7193,1.00,1.00
2017.08.02 23:59:49.501,0.71909,0.71928,1.00,1.00
2017.08.02 23:59:50.307,0.71906,0.71928,1.75,1.00
2017.08.02 23:59:50.633,0.71906,0.71928,1.75,1.00
2017.08.02 23:59:50.791,0.71906,0.71928,1.75,1.00
2017.08.02 23:59:56.800,0.71906,0.71929,1.75,1.12
2017.08.02 23:59:57.456,0.71906,0.71929,2.25,1.12
2017.08.02 23:59:58.290,0.71906,0.71928,2.25,1.00
2017.08.02 23:59:58.493,0.71907,0.71927,1.00,1.00
2017.08.02 23:59:58.595,0.71906,0.71927,1.75,1.00
2017.08.02 23:59:58.830,0.71907,0.71928,1.00,1.00
2017.08.02 23:59:59.658,0.71907,0.71927,1.00,1.00
2017.08.02 23:59:59.929,0.71906,0.71927,1.75,1.00
