2017.11.16 22:00:00.077,0.68061,0.68134,0.75,0.75
2017.11.16 22:00:00.128,0.68066,0.68131,0.75,0.75
2017.11.16 22:00:00.645,0.68066,0.6813,0.75,0.75
2017.11.16 22:00:00.886,0.68066,0.68134,0.75,0.75
2017.11.16 22:00:00.954,0.6807,0.68128,0.75,0.75
2017.11.16 22:00:01.018,0.68073,0.68133,0.75,0.75
2017.11.16 22:00:01.391,0.68071,0.68135,0.75,0.75
2017.11.16 22:00:12.843,0.68071,0.68136,0.75,0.75
2017.11.16 22:00:15.612,0.68072,0.68136,0.75,0.75
2017.11.16 22:00:16.911,0.68064,0.68131,0.75,0.75
2017.11.16 22:00:27.241,0.68054,0.68131,0.75,0.75
2017.11.16 22:00:27.916,0.68053,0.68131,0.37,0.75
2017.11.16 22:00:37.791,0.68053,0.6813,0.37,0.75
2017.11.16 22:00:43.067,0.68053,0.68128,0.37,0.75
2017.11.16 22:00:43.181,0.68053,0.6813,0.37,1.12
2017.11.16 22:00:43.232,0.68053,0.68127,0.37,0.75
2017.11.16 22:00:46.687,0.68015,0.68127,0.37,0.75
2017.11.16 22:00:59.884,0.68014,0.68127,0.75,0.75
2017.11.16 22:01:00.116,0.68023,0.68128,0.75,0.75
2017.11.16 22:01:07.204,0.68023,0.68128,0.75,0.75
2017.11.16 22:01:26.927,0.68023,0.68128,1.12,0.75
2017.11.16 22:01:33.166,0.68041,0.68128,0.37,0.75
2017.11.16 22:01:33.672,0.68043,0.68128,0.75,0.75
2017.11.16 22:01:37.225,0.6804,0.68125,0.37,0.75
2017.11.16 22:02:00.026,0.6803,0.68125,0.37,0.75
2017.11.16 22:02:19.884,0.68029,0.68125,0.37,0.75
2017.11.16 22:02:37.293,0.68029,0.68146,0.37,1.12
2017.11.16 22:02:40.200,0.68029,0.68124,0.37,0.75
2017.11.16 22:02:44.041,0.68034,0.68124,0.75,0.75
2017.11.16 22:03:10.114,0.68039,0.68124,0.37,0.75
2017.11.16 22:03:12.545,0.68039,0.68117,0.37,0.75
2017.11.16 22:03:28.092,0.68037,0.68117,0.37,0.75
2017.11.16 22:03:31.091,0.68039,0.68117,0.37,0.75
2017.11.16 22:03:36.116,0.68039,0.68118,0.37,0.75
2017.11.16 22:03:39.742,0.68043,0.68108,0.75,0.75
2017.11.16 22:04:09.052,0.68034,0.6811,1.75,1.00
2017.11.16 22:04:15.229,0.68034,0.68113,1.75,1.00
2017.11.16 22:04:21.210,0.68034,0.68113,1.37,1.00
2017.11.16 22:04:24.241,0.68034,0.68113,1.75,1.00
2017.11.16 22:04:31.755,0.68034,0.68113,1.75,1.00
2017.11.16 22:04:34.756,0.68034,0.68113,1.50,1.00
2017.11.16 22:04:55.675,0.68039,0.68113,1.00,1.00
2017.11.16 22:04:58.413,0.68039,0.68111,1.00,1.00
2017.11.16 22:05:05.529,0.68034,0.68111,1.12,1.00
2017.11.16 22:05:05.801,0.68034,0.68111,1.57,1.00
2017.11.16 22:05:38.783,0.68038,0.6811,1.20,1.00
2017.11.16 22:06:05.758,0.68037,0.68111,1.67,1.00
2017.11.16 22:06:06.473,0.68037,0.68111,1.60,1.00
2017.11.16 22:06:25.759,0.68034,0.6811,1.97,1.00
2017.11.16 22:06:29.809,0.68039,0.68111,1.35,1.00
2017.11.16 22:06:30.500,0.68039,0.68113,1.35,1.00
2017.11.16 22:06:36.408,0.68037,0.68115,1.60,1.35
2017.11.16 22:07:05.125,0.68036,0.6811,1.20,1.00
2017.11.16 22:07:05.631,0.68035,0.68109,1.57,1.00
2017.11.16 22:07:13.753,0.68047,0.68097,1.45,1.45
2017.11.16 22:07:20.760,0.68052,0.68104,1.45,1.95
2017.11.16 22:08:05.855,0.68047,0.68097,1.45,1.45
2017.11.16 22:08:20.820,0.68043,0.68095,1.45,1.45
2017.11.16 22:08:40.081,0.68049,0.68095,1.45,1.20
2017.11.16 22:08:54.360,0.68045,0.68093,1.45,1.20
2017.11.16 22:09:02.421,0.68048,0.681,1.45,1.45
2017.11.16 22:09:03.647,0.68052,0.68104,1.45,1.45
2017.11.16 22:09:11.823,0.68048,0.681,1.45,1.95
2017.11.16 22:09:19.180,0.68052,0.68104,1.45,1.45
2017.11.16 22:09:25.035,0.68047,0.6812,1.45,1.35
2017.11.16 22:09:29.544,0.68049,0.68122,1.45,1.60
2017.11.16 22:09:47.701,0.68049,0.68121,1.45,1.00
2017.11.16 22:09:47.802,0.68055,0.68131,1.45,1.00
2017.11.16 22:09:47.853,0.68055,0.68136,1.45,1.60
2017.11.16 22:09:48.152,0.68044,0.68136,1.85,1.67
2017.11.16 22:09:48.716,0.68051,0.68136,1.00,1.67
2017.11.16 22:09:48.782,0.68048,0.68136,1.37,1.67
2017.11.16 22:09:48.849,0.68052,0.68136,1.00,1.67
2017.11.16 22:09:48.950,0.68047,0.68136,1.50,1.67
2017.11.16 22:09:49.002,0.68051,0.68136,1.00,1.67
2017.11.16 22:09:49.052,0.68047,0.68136,1.50,1.67
2017.11.16 22:09:49.111,0.68051,0.68136,1.00,1.67
2017.11.16 22:09:49.178,0.68047,0.68136,1.50,1.67
2017.11.16 22:09:49.283,0.68051,0.68136,1.00,1.67
2017.11.16 22:09:49.334,0.68048,0.68136,1.37,1.67
2017.11.16 22:09:49.385,0.68052,0.68136,1.00,1.67
2017.11.16 22:09:49.444,0.68047,0.68136,1.50,1.67
2017.11.16 22:09:49.509,0.68051,0.68136,1.00,1.67
2017.11.16 22:09:49.575,0.68048,0.68136,1.37,1.67
2017.11.16 22:09:49.677,0.68052,0.68136,1.00,1.67
2017.11.16 22:09:49.728,0.68047,0.68136,1.50,1.67
2017.11.16 22:09:49.779,0.68051,0.68136,1.00,1.67
2017.11.16 22:09:49.838,0.68047,0.68136,1.50,1.67
2017.11.16 22:09:49.940,0.68051,0.68136,1.00,1.67
2017.11.16 22:09:49.991,0.68049,0.68136,1.12,1.67
2017.11.16 22:09:50.041,0.68051,0.68136,1.00,1.67
2017.11.16 22:09:50.106,0.68049,0.68136,1.12,1.67
2017.11.16 22:09:50.173,0.68052,0.68136,1.00,1.67
2017.11.16 22:09:50.937,0.68048,0.68136,1.75,1.67
2017.11.16 22:09:53.193,0.68049,0.68136,1.37,1.67
2017.11.16 22:09:53.714,0.68053,0.68136,1.00,1.67
2017.11.16 22:09:53.779,0.68048,0.68136,1.37,1.67
2017.11.16 22:09:53.845,0.68053,0.68136,1.00,1.67
2017.11.16 22:09:53.959,0.68048,0.68136,1.37,1.67
2017.11.16 22:09:54.593,0.68052,0.68136,1.00,1.67
2017.11.16 22:09:54.893,0.68054,0.68131,1.00,1.00
2017.11.16 22:09:56.600,0.68051,0.68131,1.00,1.00
2017.11.16 22:09:56.651,0.68055,0.68131,1.00,1.00
2017.11.16 22:09:59.015,0.68056,0.68131,1.00,1.10
2017.11.16 22:10:01.073,0.68054,0.68131,1.00,1.10
2017.11.16 22:10:03.070,0.68053,0.68131,1.00,1.10
2017.11.16 22:10:05.177,0.68053,0.68131,1.37,1.10
2017.11.16 22:10:08.745,0.68055,0.68131,1.00,1.10
2017.11.16 22:10:11.188,0.68057,0.68133,1.00,1.07
2017.11.16 22:10:13.067,0.68053,0.68131,1.50,1.10
2017.11.16 22:10:13.610,0.68052,0.6813,1.75,1.10
2017.11.16 22:10:14.832,0.68052,0.6813,1.50,1.10
2017.11.16 22:10:17.829,0.68056,0.6813,1.00,1.10
2017.11.16 22:10:17.930,0.68051,0.68131,1.50,1.07
2017.11.16 22:10:18.342,0.68056,0.6813,1.00,1.10
2017.11.16 22:10:18.409,0.68052,0.6813,1.37,1.10
2017.11.16 22:10:19.089,0.68055,0.68131,1.00,1.00
2017.11.16 22:10:21.068,0.68051,0.68131,1.75,1.00
2017.11.16 22:10:22.009,0.68056,0.68131,1.10,1.07
2017.11.16 22:10:22.342,0.68064,0.68131,1.00,1.10
2017.11.16 22:10:22.667,0.68066,0.6813,1.00,1.00
2017.11.16 22:10:23.103,0.68061,0.68131,1.00,1.10
2017.11.16 22:10:23.463,0.68061,0.68131,1.75,1.10
2017.11.16 22:10:29.610,0.68061,0.68131,1.75,1.00
2017.11.16 22:10:30.273,0.68063,0.6813,1.50,1.00
2017.11.16 22:10:32.610,0.68063,0.6813,1.50,1.00
2017.11.16 22:10:33.073,0.6806,0.68134,1.82,1.07
2017.11.16 22:10:33.252,0.68062,0.68131,1.75,1.00
2017.11.16 22:10:35.077,0.6806,0.68135,1.82,1.07
2017.11.16 22:10:35.164,0.68062,0.68131,1.75,1.00
2017.11.16 22:10:35.611,0.68062,0.68131,1.75,1.00
2017.11.16 22:10:37.074,0.6806,0.6813,1.85,1.00
2017.11.16 22:10:38.480,0.6806,0.6813,1.85,1.00
2017.11.16 22:10:40.223,0.6806,0.68131,1.85,1.00
2017.11.16 22:10:41.481,0.6806,0.68131,1.85,1.00
2017.11.16 22:10:44.481,0.6806,0.68131,1.95,1.00
2017.11.16 22:10:45.309,0.6806,0.6813,1.95,1.00
2017.11.16 22:10:47.481,0.6806,0.6813,1.95,1.00
2017.11.16 22:10:50.482,0.6806,0.6813,1.82,1.00
2017.11.16 22:10:53.846,0.68063,0.6813,1.20,1.00
2017.11.16 22:10:57.071,0.68063,0.68135,1.20,1.00
2017.11.16 22:10:57.223,0.68063,0.68131,1.95,1.00
2017.11.16 22:10:59.071,0.68063,0.68135,1.20,1.00
2017.11.16 22:10:59.123,0.68063,0.68132,1.20,1.00
2017.11.16 22:11:00.075,0.68062,0.68132,1.95,1.00
2017.11.16 22:11:00.773,0.68062,0.68131,1.95,1.00
2017.11.16 22:11:01.540,0.68062,0.6813,1.95,1.00
2017.11.16 22:11:03.075,0.68062,0.6813,1.95,1.00
2017.11.16 22:11:07.044,0.68064,0.6813,1.20,1.00
2017.11.16 22:11:10.032,0.68062,0.6813,1.82,1.00
2017.11.16 22:11:18.004,0.68064,0.68129,1.82,1.00
2017.11.16 22:11:19.859,0.68068,0.68131,1.75,1.00
2017.11.16 22:11:19.960,0.68061,0.68136,1.20,1.50
2017.11.16 22:11:20.021,0.68068,0.68132,1.75,1.00
2017.11.16 22:11:20.457,0.68064,0.68129,1.82,1.00
2017.11.16 22:11:22.116,0.68068,0.68131,1.75,1.00
2017.11.16 22:11:22.769,0.68063,0.6813,1.82,1.00
2017.11.16 22:11:38.965,0.68061,0.68129,1.20,1.00
2017.11.16 22:11:39.066,0.68058,0.68129,1.75,1.00
2017.11.16 22:11:39.602,0.68057,0.68128,1.82,1.00
2017.11.16 22:11:41.917,0.68057,0.68128,1.82,1.00
2017.11.16 22:11:42.834,0.68058,0.68123,1.85,1.00
2017.11.16 22:11:44.224,0.68056,0.68125,1.82,1.00
2017.11.16 22:11:44.915,0.68059,0.68121,1.20,1.00
2017.11.16 22:11:45.016,0.68056,0.68125,1.20,1.00
2017.11.16 22:11:45.067,0.68054,0.68122,1.95,1.00
2017.11.16 22:11:47.092,0.68053,0.68124,1.95,1.00
2017.11.16 22:11:47.143,0.68055,0.68121,1.82,1.00
2017.11.16 22:11:50.931,0.68055,0.68121,1.82,1.00
2017.11.16 22:11:57.750,0.68059,0.68121,1.20,1.00
2017.11.16 22:11:59.254,0.68057,0.6812,1.20,1.00
2017.11.16 22:12:02.021,0.6806,0.68118,1.20,1.00
2017.11.16 22:12:03.504,0.68061,0.68118,1.20,1.00
2017.11.16 22:12:05.649,0.68061,0.68117,1.20,1.00
2017.11.16 22:12:06.157,0.68066,0.68119,1.07,1.00
2017.11.16 22:12:06.540,0.68066,0.68119,1.20,1.00
2017.11.16 22:12:07.088,0.68074,0.68119,1.45,1.10
2017.11.16 22:12:07.140,0.68065,0.68119,1.20,1.00
2017.11.16 22:12:09.074,0.68065,0.68124,1.20,1.00
2017.11.16 22:12:09.180,0.68065,0.68126,1.20,1.00
2017.11.16 22:12:11.014,0.68061,0.68121,1.20,1.00
2017.11.16 22:12:14.284,0.68061,0.68119,1.20,1.00
2017.11.16 22:12:14.805,0.68072,0.68119,1.20,1.45
2017.11.16 22:12:15.413,0.68073,0.68119,1.82,1.45
2017.11.16 22:12:18.172,0.68073,0.68119,1.82,1.45
2017.11.16 22:12:19.810,0.68073,0.68119,1.82,1.45
2017.11.16 22:12:20.366,0.68071,0.6812,1.95,1.45
2017.11.16 22:12:23.128,0.6807,0.6812,1.57,1.45
2017.11.16 22:12:24.429,0.68059,0.6812,1.95,1.00
2017.11.16 22:12:24.479,0.6806,0.68117,1.82,1.00
2017.11.16 22:12:30.909,0.6806,0.68117,1.82,1.00
2017.11.16 22:12:31.595,0.6806,0.68118,1.82,1.00
2017.11.16 22:12:33.075,0.68059,0.68122,1.20,1.00
2017.11.16 22:12:33.295,0.6806,0.68119,1.82,1.00
2017.11.16 22:12:35.117,0.68059,0.68123,1.20,1.00
2017.11.16 22:12:35.168,0.6806,0.68117,1.82,1.00
2017.11.16 22:12:35.218,0.68059,0.68122,1.20,1.00
2017.11.16 22:12:35.269,0.68059,0.68125,1.20,1.00
2017.11.16 22:12:35.331,0.68059,0.68121,1.95,1.00
2017.11.16 22:12:37.392,0.68071,0.68121,1.45,1.45
2017.11.16 22:12:38.370,0.68073,0.68121,1.82,1.45
2017.11.16 22:12:38.472,0.68061,0.68121,1.82,1.00
2017.11.16 22:12:39.504,0.68072,0.68121,1.82,1.45
2017.11.16 22:12:46.807,0.68073,0.68121,1.45,1.45
2017.11.16 22:12:47.137,0.68075,0.68121,1.95,1.45
2017.11.16 22:12:48.649,0.68075,0.68121,1.95,1.07
2017.11.16 22:12:50.178,0.68073,0.68121,1.20,1.95
2017.11.16 22:12:50.936,0.68072,0.68117,1.20,1.45
2017.11.16 22:12:51.655,0.68068,0.68118,1.20,1.45
2017.11.16 22:12:58.575,0.68071,0.68117,1.45,1.45
2017.11.16 22:12:59.078,0.68071,0.68117,1.45,1.45
2017.11.16 22:12:59.249,0.6807,0.68118,1.20,1.45
2017.11.16 22:12:59.778,0.6807,0.68118,1.20,1.45
2017.11.16 22:13:04.519,0.68049,0.6812,1.75,1.45
2017.11.16 22:13:04.570,0.68049,0.68119,1.75,1.45
2017.11.16 22:13:05.135,0.68053,0.6812,1.75,1.45
2017.11.16 22:13:07.527,0.68052,0.6812,1.75,1.45
2017.11.16 22:13:12.624,0.68052,0.6812,1.75,1.45
2017.11.16 22:13:13.385,0.68053,0.68118,1.75,1.45
2017.11.16 22:13:14.046,0.68053,0.68118,1.75,1.45
2017.11.16 22:13:15.662,0.68054,0.68117,1.37,1.45
2017.11.16 22:13:24.460,0.68054,0.68117,1.50,1.45
2017.11.16 22:13:24.991,0.68054,0.68115,1.50,1.45
2017.11.16 22:13:25.295,0.68043,0.68116,1.75,1.45
2017.11.16 22:13:25.655,0.68043,0.68116,1.75,1.45
2017.11.16 22:13:26.352,0.68042,0.68108,1.75,1.45
2017.11.16 22:13:26.923,0.68042,0.68112,1.75,1.45
2017.11.16 22:13:29.322,0.68043,0.68106,1.75,1.45
2017.11.16 22:13:32.150,0.68042,0.68106,1.75,1.00
2017.11.16 22:13:35.809,0.6803,0.68104,2.25,1.00
2017.11.16 22:13:38.763,0.68037,0.68104,1.75,1.00
2017.11.16 22:13:44.469,0.68038,0.68102,1.50,1.00
2017.11.16 22:13:45.074,0.68035,0.68108,1.75,1.00
2017.11.16 22:13:45.222,0.68037,0.68105,1.75,1.00
2017.11.16 22:13:47.110,0.68035,0.68108,1.75,1.00
2017.11.16 22:13:47.161,0.68037,0.68105,1.75,1.00
2017.11.16 22:13:51.989,0.68046,0.68104,1.00,1.00
2017.11.16 22:13:52.340,0.68045,0.68102,1.00,1.00
2017.11.16 22:13:59.912,0.68045,0.68102,1.50,1.00
2017.11.16 22:14:02.860,0.68045,0.68102,1.37,1.00
2017.11.16 22:14:06.283,0.68045,0.68102,1.37,1.00
2017.11.16 22:14:06.979,0.68046,0.68103,1.37,1.00
2017.11.16 22:14:08.074,0.68044,0.68108,1.50,1.00
2017.11.16 22:14:08.127,0.68045,0.68105,1.37,1.00
2017.11.16 22:14:09.283,0.68045,0.68105,1.75,1.00
2017.11.16 22:14:10.081,0.68045,0.68108,1.75,1.00
2017.11.16 22:14:10.210,0.68045,0.68106,1.75,1.00
2017.11.16 22:14:14.525,0.68045,0.68105,1.75,1.00
2017.11.16 22:14:15.283,0.68045,0.68105,1.75,1.00
2017.11.16 22:14:15.723,0.68046,0.68103,1.75,1.00
2017.11.16 22:14:18.301,0.68046,0.68103,1.50,1.00
2017.11.16 22:14:27.494,0.68044,0.68103,1.75,1.00
2017.11.16 22:14:27.795,0.68043,0.68101,1.75,1.00
2017.11.16 22:14:28.433,0.68045,0.681,1.75,1.00
2017.11.16 22:14:30.472,0.68046,0.681,1.00,1.00
2017.11.16 22:14:32.114,0.68046,0.68103,1.00,1.00
2017.11.16 22:14:32.229,0.68046,0.68101,1.00,1.00
2017.11.16 22:14:33.472,0.68048,0.68101,1.00,1.00
2017.11.16 22:14:34.094,0.68048,0.68104,1.00,1.00
2017.11.16 22:14:34.145,0.68048,0.68101,1.00,1.00
2017.11.16 22:14:36.550,0.68049,0.68101,1.00,1.00
2017.11.16 22:14:39.473,0.68044,0.68101,1.75,1.00
2017.11.16 22:14:42.271,0.68044,0.68101,1.75,1.00
2017.11.16 22:14:45.318,0.68046,0.68101,1.00,1.00
2017.11.16 22:14:48.320,0.68045,0.68101,1.00,1.00
2017.11.16 22:14:50.739,0.68045,0.68098,1.50,1.00
2017.11.16 22:14:51.292,0.68045,0.68098,1.75,1.00
2017.11.16 22:14:54.273,0.68045,0.68098,1.75,1.00
2017.11.16 22:14:56.077,0.68043,0.68102,1.75,1.00
2017.11.16 22:14:56.164,0.68043,0.681,1.75,1.00
2017.11.16 22:14:57.273,0.68043,0.681,1.75,1.00
2017.11.16 22:14:58.079,0.68042,0.68103,1.75,1.00
2017.11.16 22:14:58.246,0.68043,0.681,1.75,1.00
2017.11.16 22:14:59.614,0.68043,0.68099,1.75,1.00
2017.11.16 22:14:59.681,0.68042,0.68103,1.75,1.00
2017.11.16 22:14:59.808,0.68044,0.68099,1.75,1.00
2017.11.16 22:15:00.284,0.68045,0.68098,1.50,1.00
2017.11.16 22:15:00.514,0.6805,0.68097,1.00,1.00
2017.11.16 22:15:00.616,0.68045,0.68098,1.50,1.00
2017.11.16 22:15:00.680,0.6805,0.68097,1.00,1.00
2017.11.16 22:15:01.533,0.68045,0.68097,1.00,1.00
2017.11.16 22:15:02.049,0.68047,0.68097,1.00,1.00
2017.11.16 22:15:02.925,0.68047,0.68097,1.75,1.00
2017.11.16 22:15:03.508,0.68046,0.68096,1.75,1.00
2017.11.16 22:15:05.897,0.68046,0.68096,1.12,1.00
2017.11.16 22:15:06.978,0.68046,0.68096,2.32,1.00
2017.11.16 22:15:07.546,0.68046,0.68096,1.57,1.00
2017.11.16 22:15:12.602,0.68046,0.68096,1.45,1.00
2017.11.16 22:15:13.507,0.68046,0.68096,1.45,1.00
2017.11.16 22:15:14.159,0.68048,0.68097,1.45,1.00
2017.11.16 22:15:14.727,0.68048,0.68097,1.45,1.00
2017.11.16 22:15:15.591,0.68048,0.68097,1.45,1.00
2017.11.16 22:15:17.187,0.68046,0.68097,1.57,1.00
2017.11.16 22:15:17.790,0.6805,0.68096,1.45,1.00
2017.11.16 22:15:18.408,0.6805,0.68096,1.45,1.00
2017.11.16 22:15:19.551,0.6805,0.68096,1.45,1.00
2017.11.16 22:15:19.933,0.68044,0.68098,2.70,1.00
2017.11.16 22:15:19.984,0.68044,0.68102,2.70,1.00
2017.11.16 22:15:20.035,0.68044,0.68092,2.70,1.00
2017.11.16 22:15:20.086,0.68044,0.68103,1.95,1.00
2017.11.16 22:15:20.137,0.68044,0.68099,2.70,1.00
2017.11.16 22:15:20.188,0.68044,0.68102,1.95,1.00
2017.11.16 22:15:20.281,0.68045,0.68099,1.45,1.00
2017.11.16 22:15:20.593,0.68045,0.68108,1.45,1.00
2017.11.16 22:15:20.644,0.68049,0.68104,1.45,1.00
2017.11.16 22:15:20.969,0.68046,0.6811,1.45,1.50
2017.11.16 22:15:21.020,0.68048,0.68106,1.20,1.00
2017.11.16 22:15:22.582,0.68048,0.68106,1.20,1.00
2017.11.16 22:15:23.126,0.68048,0.6811,1.95,1.00
2017.11.16 22:15:23.177,0.68048,0.68105,2.70,1.00
2017.11.16 22:15:23.736,0.68048,0.68105,1.95,1.00
2017.11.16 22:15:25.550,0.68048,0.68105,1.95,1.00
2017.11.16 22:15:26.377,0.68049,0.68105,1.45,1.00
2017.11.16 22:15:26.926,0.6805,0.68105,1.45,1.00
2017.11.16 22:15:29.221,0.68049,0.68105,1.20,1.00
2017.11.16 22:15:29.725,0.68049,0.68104,1.95,1.00
2017.11.16 22:15:30.023,0.68053,0.68104,1.45,1.00
2017.11.16 22:15:30.088,0.68053,0.6811,1.45,1.00
2017.11.16 22:15:30.444,0.68054,0.68108,1.45,1.00
2017.11.16 22:15:34.547,0.68053,0.68108,1.45,1.00
2017.11.16 22:15:34.914,0.68051,0.68108,1.95,1.00
2017.11.16 22:15:37.000,0.6806,0.68106,1.45,1.07
2017.11.16 22:15:37.101,0.68051,0.68105,1.45,1.00
2017.11.16 22:15:38.207,0.68051,0.68105,1.45,1.00
2017.11.16 22:15:38.501,0.6805,0.68105,1.45,1.00
2017.11.16 22:15:40.080,0.68052,0.68105,1.20,1.00
2017.11.16 22:15:42.077,0.68052,0.68104,1.20,1.00
2017.11.16 22:15:42.649,0.68052,0.68104,1.20,1.00
2017.11.16 22:15:45.142,0.68052,0.68104,1.20,1.00
2017.11.16 22:15:45.395,0.68059,0.68104,1.45,1.07
2017.11.16 22:15:46.397,0.68051,0.68104,1.45,1.00
2017.11.16 22:15:48.072,0.68051,0.68108,1.45,1.00
2017.11.16 22:15:48.137,0.68051,0.68106,1.45,1.00
2017.11.16 22:15:49.508,0.68052,0.68106,1.20,1.00
2017.11.16 22:15:51.360,0.68052,0.68106,1.20,1.00
2017.11.16 22:15:51.886,0.68053,0.68106,1.20,1.00
2017.11.16 22:15:52.292,0.68053,0.68106,1.20,1.00
2017.11.16 22:15:53.662,0.68053,0.68106,1.20,1.00
2017.11.16 22:15:54.273,0.6806,0.68106,1.45,1.07
2017.11.16 22:15:55.604,0.6806,0.68106,1.45,1.45
2017.11.16 22:15:56.324,0.68059,0.68106,1.45,1.20
2017.11.16 22:15:56.982,0.68059,0.68106,1.45,1.45
2017.11.16 22:15:58.534,0.68053,0.68106,1.20,1.00
2017.11.16 22:15:59.734,0.68053,0.68104,1.20,1.00
2017.11.16 22:16:00.733,0.68053,0.68104,1.20,1.00
2017.11.16 22:16:01.608,0.6806,0.68104,1.45,1.07
2017.11.16 22:16:01.659,0.68053,0.68104,1.20,1.00
2017.11.16 22:16:02.611,0.68053,0.68104,1.20,1.00
2017.11.16 22:16:06.056,0.68053,0.68104,1.20,1.00
2017.11.16 22:16:06.876,0.68053,0.68104,1.20,1.00
2017.11.16 22:16:06.932,0.68053,0.68104,1.20,1.00
2017.11.16 22:16:07.046,0.68053,0.68104,1.20,1.00
2017.11.16 22:16:08.657,0.6806,0.68104,1.45,1.00
2017.11.16 22:16:09.031,0.68053,0.68104,1.20,1.00
2017.11.16 22:16:09.502,0.68053,0.68104,1.20,1.00
2017.11.16 22:16:10.067,0.68053,0.6811,1.20,1.00
2017.11.16 22:16:10.287,0.68053,0.68112,1.20,1.00
2017.11.16 22:16:10.844,0.68053,0.68112,1.20,1.00
2017.11.16 22:16:10.894,0.68057,0.68107,1.45,1.95
2017.11.16 22:16:11.288,0.68054,0.68104,1.45,1.95
2017.11.16 22:16:11.949,0.68055,0.68104,1.45,1.45
2017.11.16 22:16:13.075,0.68055,0.68104,1.45,1.45
2017.11.16 22:16:13.598,0.68055,0.68105,1.45,2.70
2017.11.16 22:16:14.310,0.68054,0.68105,1.45,1.95
2017.11.16 22:16:14.606,0.68054,0.68104,1.45,1.45
2017.11.16 22:16:14.862,0.68051,0.68103,1.45,1.45
2017.11.16 22:16:15.554,0.68054,0.68104,1.45,1.45
2017.11.16 22:16:16.083,0.68054,0.68105,1.45,1.95
2017.11.16 22:16:16.707,0.68055,0.68105,1.45,2.70
2017.11.16 22:16:16.801,0.68054,0.68105,1.45,1.95
2017.11.16 22:16:17.506,0.68055,0.68105,1.45,1.95
2017.11.16 22:16:17.608,0.68053,0.68105,1.45,1.95
2017.11.16 22:16:17.939,0.68053,0.68103,1.45,1.45
2017.11.16 22:16:18.548,0.68052,0.68104,1.45,1.45
2017.11.16 22:16:19.502,0.68045,0.68105,1.75,1.00
2017.11.16 22:16:20.601,0.68045,0.68105,1.75,1.00
2017.11.16 22:16:22.021,0.68052,0.68104,1.45,1.45
2017.11.16 22:16:22.562,0.68052,0.68104,1.45,1.45
2017.11.16 22:16:24.544,0.68052,0.68102,1.45,1.45
2017.11.16 22:16:25.155,0.68052,0.68102,1.45,1.45
2017.11.16 22:16:25.968,0.68044,0.68105,1.75,1.00
2017.11.16 22:16:26.475,0.68033,0.68104,1.75,1.00
2017.11.16 22:16:27.032,0.68034,0.68106,1.75,1.00
2017.11.16 22:16:27.082,0.68036,0.68103,1.75,1.00
2017.11.16 22:16:28.077,0.68036,0.68105,1.75,1.00
2017.11.16 22:16:28.885,0.68036,0.68105,1.75,1.00
2017.11.16 22:16:29.838,0.68036,0.68104,1.75,1.00
2017.11.16 22:16:30.500,0.68038,0.68105,1.75,1.00
2017.11.16 22:16:31.175,0.68033,0.68104,1.85,1.00
2017.11.16 22:16:31.226,0.68034,0.68106,1.75,1.50
2017.11.16 22:16:31.782,0.68033,0.68105,1.75,1.00
2017.11.16 22:16:33.026,0.68032,0.68105,1.85,1.00
2017.11.16 22:16:34.055,0.68036,0.68106,1.75,1.00
2017.11.16 22:16:34.754,0.68038,0.68105,1.75,1.00
2017.11.16 22:16:35.499,0.68038,0.68104,1.75,1.00
2017.11.16 22:16:35.565,0.68033,0.68106,1.85,1.50
2017.11.16 22:16:36.072,0.68036,0.68106,1.75,1.00
2017.11.16 22:16:36.734,0.68038,0.68105,1.75,1.00
2017.11.16 22:16:37.655,0.68035,0.68106,1.75,1.50
2017.11.16 22:16:38.500,0.68038,0.68105,1.75,1.00
2017.11.16 22:16:39.554,0.68038,0.68105,1.75,1.00
2017.11.16 22:16:40.083,0.68034,0.68106,1.75,1.00
2017.11.16 22:16:40.719,0.68038,0.68105,1.75,1.00
2017.11.16 22:16:41.498,0.68034,0.68106,1.75,1.00
2017.11.16 22:16:41.801,0.68035,0.68104,1.75,1.00
2017.11.16 22:16:42.498,0.68038,0.68105,1.75,1.00
2017.11.16 22:16:43.004,0.68035,0.68106,1.75,1.50
2017.11.16 22:16:44.851,0.68031,0.68105,1.75,1.00
2017.11.16 22:16:45.096,0.68027,0.68108,1.82,1.00
2017.11.16 22:16:45.386,0.68027,0.68106,1.82,1.00
2017.11.16 22:16:45.950,0.68035,0.68105,1.75,1.00
2017.11.16 22:16:46.451,0.68028,0.68106,1.82,1.50
2017.11.16 22:16:47.088,0.68029,0.68105,1.85,1.00
2017.11.16 22:16:47.599,0.6803,0.68106,1.75,1.00
2017.11.16 22:16:48.215,0.68031,0.68106,1.75,1.50
2017.11.16 22:16:48.636,0.68031,0.68104,1.75,1.00
2017.11.16 22:16:49.183,0.68033,0.68106,1.75,1.00
2017.11.16 22:16:51.005,0.68034,0.68108,1.75,1.00
2017.11.16 22:16:51.106,0.68029,0.6811,1.75,1.00
2017.11.16 22:16:51.615,0.68034,0.68108,1.75,1.00
2017.11.16 22:16:52.135,0.68037,0.68109,1.75,1.00
2017.11.16 22:16:52.499,0.68038,0.68107,1.75,1.00
2017.11.16 22:16:53.117,0.68032,0.68108,1.75,1.00
2017.11.16 22:16:56.643,0.68039,0.68112,1.75,1.00
2017.11.16 22:16:57.186,0.68039,0.68112,1.50,1.00
2017.11.16 22:16:59.240,0.68036,0.68111,1.75,1.00
2017.11.16 22:17:00.109,0.68035,0.68113,1.75,1.00
2017.11.16 22:17:00.210,0.68035,0.6811,1.75,1.00
2017.11.16 22:17:00.568,0.68034,0.68112,1.75,1.00
2017.11.16 22:17:03.187,0.68034,0.68112,1.75,1.00
2017.11.16 22:17:05.470,0.68031,0.68107,1.75,1.00
2017.11.16 22:17:05.572,0.68033,0.68109,1.75,1.00
2017.11.16 22:17:06.280,0.6803,0.68109,1.75,1.00
2017.11.16 22:17:06.804,0.68036,0.68108,1.75,1.00
2017.11.16 22:17:08.228,0.68035,0.68106,1.75,1.00
2017.11.16 22:17:09.353,0.68035,0.68114,1.75,1.00
2017.11.16 22:17:09.404,0.68036,0.68117,1.75,1.00
2017.11.16 22:17:12.322,0.68035,0.68119,1.75,1.07
2017.11.16 22:17:16.237,0.68034,0.68111,1.75,1.00
2017.11.16 22:17:16.742,0.68038,0.6811,1.75,1.00
2017.11.16 22:17:19.222,0.68038,0.6811,1.75,1.00
2017.11.16 22:17:21.081,0.68039,0.68105,1.75,1.00
2017.11.16 22:17:22.222,0.68039,0.68105,1.75,1.00
2017.11.16 22:17:23.435,0.68037,0.68117,1.75,1.00
2017.11.16 22:17:25.403,0.68037,0.68109,1.75,1.00
2017.11.16 22:17:25.454,0.68038,0.68111,1.75,1.00
2017.11.16 22:17:26.151,0.68038,0.6811,1.75,1.00
2017.11.16 22:17:26.715,0.68038,0.68111,1.75,1.00
2017.11.16 22:17:27.523,0.68038,0.6811,1.75,1.00
2017.11.16 22:17:28.223,0.68038,0.6811,1.75,1.00
2017.11.16 22:17:29.073,0.6804,0.68109,1.75,1.00
2017.11.16 22:17:29.785,0.68039,0.68108,1.75,1.00
2017.11.16 22:17:30.963,0.68038,0.68108,1.75,1.00
2017.11.16 22:17:31.508,0.68037,0.68107,1.75,1.00
2017.11.16 22:17:33.084,0.68037,0.68106,1.75,1.00
2017.11.16 22:17:36.346,0.68043,0.68106,1.00,1.00
2017.11.16 22:17:36.612,0.68043,0.68111,1.00,1.00
2017.11.16 22:17:37.376,0.68043,0.68111,1.37,1.00
2017.11.16 22:17:39.078,0.68043,0.68109,1.37,1.00
2017.11.16 22:17:39.591,0.68043,0.6811,1.37,1.00
2017.11.16 22:17:40.350,0.68043,0.68109,1.75,1.00
2017.11.16 22:17:42.071,0.68043,0.68111,1.75,1.00
2017.11.16 22:17:42.963,0.68043,0.68111,1.12,1.00
2017.11.16 22:17:46.117,0.68043,0.68111,1.37,1.00
2017.11.16 22:17:46.773,0.68043,0.68112,1.37,1.00
2017.11.16 22:17:49.463,0.68043,0.68111,1.37,1.00
2017.11.16 22:18:00.499,0.68043,0.68111,1.12,1.00
2017.11.16 22:18:03.433,0.68044,0.68111,1.00,1.00
2017.11.16 22:18:11.467,0.68042,0.68111,1.00,1.00
2017.11.16 22:18:11.729,0.68046,0.68111,1.00,1.00
2017.11.16 22:18:12.500,0.68046,0.6811,1.00,1.00
2017.11.16 22:18:13.075,0.68045,0.6811,1.00,1.00
2017.11.16 22:18:13.845,0.68046,0.6811,1.00,1.00
2017.11.16 22:18:14.166,0.6805,0.6811,1.00,1.00
2017.11.16 22:18:15.004,0.6805,0.68111,1.00,1.00
2017.11.16 22:18:16.254,0.6805,0.6811,1.00,1.00
2017.11.16 22:18:20.010,0.6805,0.68106,1.00,1.00
2017.11.16 22:18:21.066,0.68049,0.68106,1.00,1.00
2017.11.16 22:18:21.864,0.68047,0.68106,1.00,1.00
2017.11.16 22:18:21.997,0.68049,0.68106,1.00,1.00
2017.11.16 22:18:22.436,0.68049,0.68104,1.00,1.00
2017.11.16 22:18:23.001,0.68048,0.68104,1.00,1.00
2017.11.16 22:18:25.766,0.68049,0.68108,1.00,1.00
2017.11.16 22:18:26.096,0.68049,0.68111,1.00,1.00
2017.11.16 22:18:29.080,0.68049,0.6811,1.00,1.00
2017.11.16 22:18:29.131,0.68049,0.68112,1.00,1.00
2017.11.16 22:18:32.493,0.68048,0.68107,1.00,1.00
2017.11.16 22:18:33.032,0.68048,0.68109,1.00,1.00
2017.11.16 22:18:34.500,0.68048,0.6811,1.00,1.00
2017.11.16 22:18:35.069,0.68049,0.6811,1.00,1.00
2017.11.16 22:18:35.608,0.68049,0.68109,1.00,1.00
2017.11.16 22:18:38.888,0.6805,0.68121,1.00,1.00
2017.11.16 22:18:41.073,0.68049,0.68121,1.00,1.00
2017.11.16 22:18:42.875,0.68048,0.6811,1.00,1.00
2017.11.16 22:18:44.524,0.68045,0.6811,1.00,1.00
2017.11.16 22:18:45.064,0.68045,0.68111,1.00,1.00
2017.11.16 22:18:45.890,0.6804,0.68111,1.37,1.00
2017.11.16 22:18:59.510,0.68044,0.68112,1.45,1.00
2017.11.16 22:18:59.914,0.68046,0.68111,1.45,1.00
2017.11.16 22:19:00.596,0.68046,0.68111,1.45,1.00
2017.11.16 22:19:01.111,0.68046,0.68111,1.45,1.00
2017.11.16 22:19:01.337,0.68046,0.68113,1.82,1.00
2017.11.16 22:19:01.388,0.68047,0.6811,1.82,1.00
2017.11.16 22:19:01.439,0.68046,0.68113,1.82,1.00
2017.11.16 22:19:02.101,0.68046,0.68113,1.82,1.00
2017.11.16 22:19:03.068,0.68046,0.68111,1.82,1.00
2017.11.16 22:19:03.751,0.68047,0.68112,1.82,1.00
2017.11.16 22:19:04.639,0.68047,0.68112,1.50,1.00
2017.11.16 22:19:04.690,0.68047,0.6811,1.20,1.00
2017.11.16 22:19:04.743,0.68047,0.68113,1.20,1.00
2017.11.16 22:19:04.892,0.68046,0.68113,1.75,1.00
2017.11.16 22:19:05.402,0.68041,0.68112,1.75,1.00
2017.11.16 22:19:07.287,0.68041,0.68112,1.37,1.00
2017.11.16 22:19:08.386,0.68038,0.68115,1.75,1.00
2017.11.16 22:19:10.288,0.68038,0.68115,1.75,1.00
2017.11.16 22:19:11.080,0.68042,0.68114,1.37,1.00
2017.11.16 22:19:11.304,0.68042,0.6811,1.37,1.00
2017.11.16 22:19:13.289,0.68041,0.6811,1.75,1.00
2017.11.16 22:19:13.445,0.68041,0.6812,1.75,1.00
2017.11.16 22:19:16.049,0.68042,0.6812,1.00,1.00
2017.11.16 22:19:21.298,0.68041,0.6812,1.00,1.00
2017.11.16 22:19:23.823,0.68042,0.68112,1.00,1.00
2017.11.16 22:19:25.848,0.68041,0.68115,1.00,1.00
2017.11.16 22:19:26.000,0.68041,0.68113,1.00,1.00
2017.11.16 22:19:26.051,0.68041,0.68115,1.00,1.00
2017.11.16 22:19:30.155,0.6804,0.68114,1.37,1.00
2017.11.16 22:19:32.076,0.68041,0.68115,1.12,1.00
2017.11.16 22:19:46.503,0.6804,0.68114,1.00,1.00
2017.11.16 22:19:46.655,0.68041,0.68112,1.00,1.00
2017.11.16 22:19:48.124,0.6804,0.68114,1.00,1.00
2017.11.16 22:19:48.631,0.6804,0.68113,1.00,1.00
2017.11.16 22:19:50.213,0.6804,0.68114,1.00,1.00
2017.11.16 22:19:50.332,0.6804,0.68114,1.45,1.00
2017.11.16 22:19:50.636,0.68047,0.68116,1.45,1.00
2017.11.16 22:19:51.538,0.68047,0.68116,1.45,1.00
2017.11.16 22:19:52.118,0.68043,0.68117,1.45,1.00
2017.11.16 22:19:52.728,0.68047,0.68116,1.45,1.00
2017.11.16 22:19:53.939,0.68046,0.68118,1.45,1.00
2017.11.16 22:19:54.148,0.68043,0.68117,1.45,1.00
2017.11.16 22:19:55.567,0.68046,0.68117,1.45,1.00
2017.11.16 22:19:58.890,0.68047,0.68116,1.45,1.00
2017.11.16 22:19:59.531,0.68043,0.68117,1.45,1.00
2017.11.16 22:20:01.279,0.68045,0.68116,1.45,1.00
2017.11.16 22:20:01.806,0.68044,0.68115,1.45,1.00
2017.11.16 22:20:02.350,0.68045,0.68116,1.45,1.00
2017.11.16 22:20:03.047,0.68045,0.68115,1.45,1.00
2017.11.16 22:20:03.386,0.68045,0.68117,1.45,1.00
2017.11.16 22:20:04.037,0.68045,0.68116,1.45,1.00
2017.11.16 22:20:04.339,0.68044,0.68114,1.45,1.00
2017.11.16 22:20:04.667,0.68044,0.68116,1.45,1.00
2017.11.16 22:20:05.219,0.68044,0.68116,1.45,1.00
2017.11.16 22:20:05.738,0.68048,0.68115,1.45,1.00
2017.11.16 22:20:05.789,0.68048,0.68115,1.45,1.00
2017.11.16 22:20:06.305,0.68044,0.68116,1.45,1.00
2017.11.16 22:20:07.387,0.68048,0.68116,1.45,1.00
2017.11.16 22:20:08.232,0.68049,0.68116,1.20,1.00
2017.11.16 22:20:08.746,0.68049,0.68115,1.45,1.00
2017.11.16 22:20:09.293,0.68048,0.68117,1.45,1.00
2017.11.16 22:20:09.979,0.68048,0.68117,1.45,1.00
2017.11.16 22:20:10.742,0.68048,0.68117,1.45,1.00
2017.11.16 22:20:11.298,0.68046,0.68116,1.45,1.00
2017.11.16 22:20:11.958,0.68045,0.68117,1.45,1.00
2017.11.16 22:20:12.745,0.68045,0.68117,1.45,1.00
2017.11.16 22:20:13.278,0.68045,0.68117,1.45,1.00
2017.11.16 22:20:14.396,0.68045,0.68115,1.45,1.00
2017.11.16 22:20:15.550,0.68045,0.68115,1.45,1.00
2017.11.16 22:20:16.562,0.68048,0.68115,1.20,1.50
2017.11.16 22:20:17.152,0.68047,0.68115,1.45,1.50
2017.11.16 22:20:17.569,0.68047,0.68111,1.45,1.00
2017.11.16 22:20:17.680,0.68047,0.68111,1.45,1.00
2017.11.16 22:20:18.023,0.68047,0.68111,1.45,1.00
2017.11.16 22:20:18.344,0.68044,0.68112,1.45,1.00
2017.11.16 22:20:18.655,0.68045,0.68115,1.45,1.00
2017.11.16 22:20:18.706,0.68043,0.68112,1.45,1.00
2017.11.16 22:20:18.904,0.68045,0.68115,1.45,1.00
2017.11.16 22:20:19.005,0.68044,0.68113,1.45,1.00
2017.11.16 22:20:19.108,0.68043,0.68115,1.45,1.50
2017.11.16 22:20:19.159,0.68044,0.68112,1.45,1.00
2017.11.16 22:20:19.720,0.68044,0.68112,1.45,1.00
2017.11.16 22:20:20.026,0.68044,0.68112,1.45,1.00
2017.11.16 22:20:20.685,0.68044,0.68111,1.45,1.00
2017.11.16 22:20:22.516,0.68044,0.68113,1.45,1.00
2017.11.16 22:20:23.181,0.68054,0.68112,1.45,1.00
2017.11.16 22:20:23.608,0.68058,0.68112,1.45,1.00
2017.11.16 22:20:23.709,0.68058,0.68116,1.45,1.00
2017.11.16 22:20:23.760,0.68056,0.68116,1.45,1.00
2017.11.16 22:20:23.912,0.68055,0.68114,1.57,1.00
2017.11.16 22:20:24.225,0.68054,0.68111,1.82,1.00
2017.11.16 22:20:24.327,0.68054,0.68114,1.82,1.00
2017.11.16 22:20:24.378,0.68054,0.68111,1.82,1.00
2017.11.16 22:20:24.428,0.68054,0.68116,1.82,1.00
2017.11.16 22:20:24.479,0.68055,0.68116,1.57,1.00
2017.11.16 22:20:24.839,0.68053,0.68116,1.82,1.00
2017.11.16 22:20:24.890,0.68053,0.6811,1.82,1.00
2017.11.16 22:20:25.078,0.68054,0.68116,1.82,1.00
2017.11.16 22:20:25.129,0.68054,0.68114,1.82,1.00
2017.11.16 22:20:25.453,0.68053,0.6811,1.82,1.00
2017.11.16 22:20:25.505,0.68053,0.68112,1.82,1.00
2017.11.16 22:20:25.606,0.68053,0.68109,1.82,1.00
2017.11.16 22:20:25.657,0.68053,0.68114,1.82,1.00
2017.11.16 22:20:25.758,0.68053,0.6811,1.82,1.00
2017.11.16 22:20:25.809,0.68053,0.68113,1.82,1.00
2017.11.16 22:20:25.911,0.68055,0.6811,1.57,1.00
2017.11.16 22:20:25.961,0.68055,0.68112,1.57,1.00
2017.11.16 22:20:26.522,0.68053,0.68113,1.82,1.00
2017.11.16 22:20:27.028,0.68053,0.68112,1.45,1.00
2017.11.16 22:20:27.079,0.68064,0.68111,1.45,1.45
2017.11.16 22:20:27.241,0.68053,0.68111,1.45,1.00
2017.11.16 22:20:27.665,0.68054,0.68109,1.45,1.00
2017.11.16 22:20:27.797,0.68054,0.68111,1.45,1.00
2017.11.16 22:20:28.008,0.68054,0.68108,1.45,1.00
2017.11.16 22:20:28.160,0.68054,0.68111,1.45,1.00
2017.11.16 22:20:28.211,0.68054,0.68109,1.45,1.00
2017.11.16 22:20:28.277,0.68054,0.68111,1.45,1.00
2017.11.16 22:20:28.378,0.68054,0.68109,1.45,1.00
2017.11.16 22:20:28.429,0.68054,0.68111,1.45,1.00
2017.11.16 22:20:28.480,0.68054,0.68108,1.45,1.00
2017.11.16 22:20:28.599,0.68054,0.68111,1.45,1.00
2017.11.16 22:20:29.108,0.68054,0.68109,1.45,1.00
2017.11.16 22:20:29.159,0.68054,0.68111,1.45,1.50
2017.11.16 22:20:29.210,0.68054,0.68109,1.45,1.00
2017.11.16 22:20:29.271,0.68054,0.68111,1.45,1.00
2017.11.16 22:20:29.373,0.68054,0.68109,1.45,1.00
2017.11.16 22:20:29.680,0.68054,0.68111,1.45,1.00
2017.11.16 22:20:30.199,0.6805,0.6811,1.45,1.00
2017.11.16 22:20:31.616,0.68049,0.6811,1.45,1.00
2017.11.16 22:20:31.827,0.68049,0.68116,1.45,1.00
2017.11.16 22:20:31.878,0.6805,0.68115,1.45,1.00
2017.11.16 22:20:31.929,0.68049,0.68115,1.45,1.00
2017.11.16 22:20:32.055,0.68051,0.68115,1.45,1.00
2017.11.16 22:20:32.106,0.68051,0.68117,1.45,1.00
2017.11.16 22:20:32.616,0.68051,0.68117,1.45,1.00
2017.11.16 22:20:33.595,0.68051,0.68117,1.45,1.00
2017.11.16 22:20:33.702,0.6805,0.68117,1.45,1.00
2017.11.16 22:20:34.312,0.6805,0.68117,1.45,1.00
2017.11.16 22:20:34.556,0.68052,0.68113,1.45,1.00
2017.11.16 22:20:35.350,0.68053,0.68113,1.45,1.00
2017.11.16 22:20:35.451,0.6805,0.68113,1.45,1.00
2017.11.16 22:20:35.984,0.68049,0.68113,1.95,1.00
2017.11.16 22:20:36.086,0.68048,0.68114,1.45,1.00
2017.11.16 22:20:38.103,0.68047,0.68114,1.45,1.00
2017.11.16 22:20:38.205,0.68046,0.6811,1.95,1.00
2017.11.16 22:20:38.713,0.68048,0.6811,1.45,1.00
2017.11.16 22:20:39.322,0.68047,0.6811,1.45,1.00
2017.11.16 22:20:39.859,0.68047,0.6811,1.45,1.00
2017.11.16 22:20:40.815,0.68048,0.6811,1.45,1.00
2017.11.16 22:20:41.543,0.68047,0.6811,1.45,1.00
2017.11.16 22:20:42.621,0.6805,0.6811,1.45,1.00
2017.11.16 22:20:43.284,0.68049,0.6811,1.45,1.00
2017.11.16 22:20:44.519,0.6805,0.6811,1.45,1.00
2017.11.16 22:20:44.806,0.68046,0.6811,1.95,1.00
2017.11.16 22:20:45.115,0.6805,0.68113,1.45,1.00
2017.11.16 22:20:45.166,0.68052,0.68114,1.45,1.00
2017.11.16 22:20:45.634,0.68055,0.68114,1.57,1.00
2017.11.16 22:20:46.503,0.68054,0.68114,1.82,1.00
2017.11.16 22:20:47.051,0.68054,0.68115,1.82,1.00
2017.11.16 22:20:47.601,0.68054,0.68115,2.32,1.00
2017.11.16 22:20:48.184,0.68054,0.68115,2.32,1.00
2017.11.16 22:20:48.535,0.68055,0.68115,1.57,1.00
2017.11.16 22:20:49.093,0.68054,0.68114,1.45,1.00
2017.11.16 22:20:49.633,0.68053,0.68114,2.32,1.00
2017.11.16 22:20:50.087,0.68057,0.68116,1.45,1.00
2017.11.16 22:20:50.138,0.68059,0.68119,1.45,1.00
2017.11.16 22:20:50.189,0.68059,0.68116,1.45,1.00
2017.11.16 22:20:50.240,0.68059,0.6812,1.45,1.00
2017.11.16 22:20:50.399,0.68059,0.68118,1.45,1.00
2017.11.16 22:20:50.450,0.68058,0.6812,1.45,1.00
2017.11.16 22:20:50.501,0.6806,0.68121,1.45,1.00
2017.11.16 22:20:51.218,0.6806,0.68122,1.45,1.00
2017.11.16 22:20:51.893,0.6806,0.68121,1.45,1.00
2017.11.16 22:20:52.480,0.6806,0.68118,1.45,1.00
2017.11.16 22:20:52.581,0.6806,0.68121,1.45,1.50
2017.11.16 22:20:52.638,0.6806,0.68119,1.45,1.00
2017.11.16 22:20:52.704,0.6806,0.68121,1.45,1.00
2017.11.16 22:20:52.956,0.6806,0.68119,1.45,1.00
2017.11.16 22:20:53.007,0.6806,0.68121,1.45,1.00
2017.11.16 22:20:53.159,0.6806,0.68119,1.45,1.00
2017.11.16 22:20:53.311,0.6806,0.68121,1.45,1.00
2017.11.16 22:20:53.413,0.6806,0.68119,1.45,1.00
2017.11.16 22:20:53.514,0.6806,0.68121,1.45,1.00
2017.11.16 22:20:53.716,0.6806,0.68118,1.45,1.00
2017.11.16 22:20:53.774,0.6806,0.68121,1.45,1.00
2017.11.16 22:20:54.287,0.6806,0.68119,1.45,1.00
2017.11.16 22:20:54.516,0.6806,0.68121,1.45,1.50
2017.11.16 22:20:54.772,0.6806,0.68119,1.45,1.00
2017.11.16 22:20:55.515,0.6806,0.68121,1.45,1.50
2017.11.16 22:20:56.617,0.6806,0.68119,1.45,1.00
2017.11.16 22:20:56.819,0.6806,0.68121,1.45,1.50
2017.11.16 22:20:56.870,0.6806,0.68119,1.45,1.00
2017.11.16 22:20:56.921,0.6806,0.68121,1.45,1.00
2017.11.16 22:20:56.974,0.6806,0.68119,1.45,1.00
2017.11.16 22:20:57.025,0.6806,0.68121,1.45,1.50
2017.11.16 22:20:57.638,0.68061,0.68119,1.45,1.00
2017.11.16 22:20:57.789,0.6806,0.68121,1.45,1.50
2017.11.16 22:20:57.840,0.6806,0.68119,1.45,1.00
2017.11.16 22:20:58.515,0.6806,0.68121,1.45,1.50
2017.11.16 22:20:58.709,0.6806,0.68119,1.45,1.00
2017.11.16 22:20:58.927,0.6806,0.68121,1.45,1.50
2017.11.16 22:20:59.059,0.6806,0.68119,1.45,1.00
2017.11.16 22:20:59.174,0.6806,0.68121,1.45,1.50
2017.11.16 22:20:59.225,0.6806,0.68119,1.45,1.00
2017.11.16 22:20:59.831,0.68061,0.68119,1.45,1.00
2017.11.16 22:20:59.882,0.68061,0.68121,1.45,1.50
2017.11.16 22:20:59.983,0.68061,0.68118,1.45,1.00
2017.11.16 22:21:00.199,0.68061,0.68121,1.45,1.00
2017.11.16 22:21:00.301,0.68061,0.68119,1.45,1.00
2017.11.16 22:21:00.402,0.68061,0.68121,1.45,1.50
2017.11.16 22:21:00.453,0.68061,0.68119,1.45,1.00
2017.11.16 22:21:00.555,0.6806,0.68121,1.45,1.50
2017.11.16 22:21:00.656,0.6806,0.68119,1.45,1.00
2017.11.16 22:21:00.808,0.6806,0.68121,1.45,1.00
2017.11.16 22:21:00.910,0.68057,0.68119,1.45,1.00
2017.11.16 22:21:01.011,0.68057,0.68121,1.95,1.00
2017.11.16 22:21:01.070,0.68057,0.68118,1.45,1.00
2017.11.16 22:21:01.137,0.68057,0.68121,1.95,1.00
2017.11.16 22:21:01.238,0.68057,0.68119,1.45,1.00
2017.11.16 22:21:01.289,0.68057,0.68121,1.95,1.00
2017.11.16 22:21:01.339,0.68057,0.68118,1.45,1.00
2017.11.16 22:21:01.404,0.68057,0.68121,1.95,1.00
2017.11.16 22:21:01.557,0.68057,0.68119,1.45,1.00
2017.11.16 22:21:01.722,0.6806,0.68121,1.45,1.50
2017.11.16 22:21:02.486,0.68061,0.68121,1.45,1.50
2017.11.16 22:21:03.580,0.68061,0.68119,1.45,1.00
2017.11.16 22:21:03.715,0.68062,0.68121,1.45,1.00
2017.11.16 22:21:03.766,0.68062,0.68118,1.45,1.00
2017.11.16 22:21:03.868,0.6806,0.68124,1.45,1.00
2017.11.16 22:21:03.919,0.6806,0.68118,1.45,1.00
2017.11.16 22:21:04.072,0.6806,0.68124,1.45,1.00
2017.11.16 22:21:04.311,0.68061,0.68121,1.45,1.00
2017.11.16 22:21:04.463,0.68061,0.68124,1.45,1.00
2017.11.16 22:21:05.222,0.6806,0.68124,1.45,1.00
2017.11.16 22:21:05.784,0.68058,0.68124,1.82,1.00
2017.11.16 22:21:06.086,0.68058,0.68119,1.82,1.00
2017.11.16 22:21:06.136,0.68058,0.68121,2.32,1.00
2017.11.16 22:21:06.187,0.68058,0.68118,1.82,1.00
2017.11.16 22:21:06.282,0.68058,0.68121,1.82,1.00
2017.11.16 22:21:06.347,0.68058,0.68118,1.82,1.00
2017.11.16 22:21:06.414,0.68058,0.68123,1.82,1.00
2017.11.16 22:21:06.566,0.68059,0.68119,1.57,1.00
2017.11.16 22:21:06.632,0.68059,0.68121,1.57,1.00
2017.11.16 22:21:06.701,0.68059,0.68119,1.57,1.00
2017.11.16 22:21:06.766,0.68059,0.68124,1.57,1.00
2017.11.16 22:21:06.868,0.68059,0.68122,1.57,1.00
2017.11.16 22:21:07.435,0.68059,0.68123,1.57,1.00
2017.11.16 22:21:08.094,0.68057,0.68123,2.70,1.00
2017.11.16 22:21:10.531,0.68059,0.68123,1.45,1.00
2017.11.16 22:21:10.882,0.68058,0.68121,1.57,1.00
2017.11.16 22:21:11.238,0.68058,0.68117,1.57,1.00
2017.11.16 22:21:11.289,0.68058,0.68122,1.57,1.00
2017.11.16 22:21:11.802,0.68058,0.68121,1.57,1.00
2017.11.16 22:21:13.091,0.68057,0.68118,2.70,1.00
2017.11.16 22:21:13.142,0.68057,0.68121,2.70,1.50
2017.11.16 22:21:13.703,0.68057,0.68119,1.95,1.00
2017.11.16 22:21:13.754,0.68057,0.68121,2.70,1.00
2017.11.16 22:21:13.805,0.68057,0.68118,2.70,1.00
2017.11.16 22:21:13.855,0.68057,0.68121,2.70,1.50
2017.11.16 22:21:13.957,0.68057,0.68118,2.70,1.00
2017.11.16 22:21:14.091,0.68057,0.6812,2.70,1.00
2017.11.16 22:21:14.293,0.68057,0.68118,2.70,1.00
2017.11.16 22:21:14.353,0.68058,0.68121,1.57,1.50
2017.11.16 22:21:14.421,0.68057,0.68118,2.70,1.00
2017.11.16 22:21:14.522,0.68057,0.68121,1.95,1.00
2017.11.16 22:21:14.695,0.6806,0.68119,1.20,1.00
2017.11.16 22:21:14.757,0.6806,0.68121,1.20,1.00
2017.11.16 22:21:15.834,0.6806,0.68121,1.20,1.50
2017.11.16 22:21:16.636,0.6806,0.68121,1.20,1.50
2017.11.16 22:21:16.687,0.6806,0.68119,1.20,1.00
2017.11.16 22:21:17.225,0.6806,0.6812,1.20,1.00
2017.11.16 22:21:17.767,0.68062,0.68121,1.20,1.00
2017.11.16 22:21:18.311,0.68062,0.68121,1.20,1.00
2017.11.16 22:21:18.819,0.68062,0.6812,1.20,1.00
2017.11.16 22:21:19.364,0.68062,0.68121,1.20,1.00
2017.11.16 22:21:20.519,0.68062,0.6812,1.20,1.00
2017.11.16 22:21:20.884,0.68063,0.6812,1.20,1.00
2017.11.16 22:21:21.826,0.68063,0.6812,1.20,1.00
2017.11.16 22:21:22.084,0.68063,0.68118,1.20,1.00
2017.11.16 22:21:22.861,0.68063,0.68118,1.20,1.00
2017.11.16 22:21:23.669,0.68057,0.68118,1.20,1.00
2017.11.16 22:21:24.559,0.68057,0.68116,1.20,1.00
2017.11.16 22:21:25.172,0.68057,0.68116,1.20,1.00
2017.11.16 22:21:25.821,0.68057,0.68116,1.20,1.00
2017.11.16 22:21:26.591,0.68059,0.68116,1.20,1.00
2017.11.16 22:21:27.099,0.68059,0.68116,1.20,1.00
2017.11.16 22:21:27.809,0.68059,0.68116,1.20,1.00
2017.11.16 22:21:27.904,0.68059,0.68118,1.20,1.00
2017.11.16 22:21:28.056,0.68059,0.68116,1.20,1.00
2017.11.16 22:21:28.800,0.68059,0.68116,1.20,1.00
2017.11.16 22:21:29.609,0.68059,0.68116,1.20,1.00
2017.11.16 22:21:32.753,0.68057,0.68116,1.20,1.00
2017.11.16 22:21:33.256,0.68057,0.68116,1.20,1.00
2017.11.16 22:21:34.081,0.68057,0.68116,1.20,1.00
2017.11.16 22:21:36.421,0.68057,0.68118,1.20,1.00
2017.11.16 22:21:36.473,0.68058,0.68118,1.57,1.00
2017.11.16 22:21:36.957,0.68057,0.68116,1.20,1.00
2017.11.16 22:21:37.570,0.68057,0.68116,1.20,1.00
2017.11.16 22:21:38.372,0.68057,0.68116,1.20,1.00
2017.11.16 22:21:39.032,0.68061,0.68116,1.20,1.00
2017.11.16 22:21:39.363,0.68061,0.68118,1.20,1.00
2017.11.16 22:21:40.124,0.68061,0.68118,1.20,1.00
2017.11.16 22:21:40.683,0.68061,0.68118,1.20,1.00
2017.11.16 22:21:41.184,0.68061,0.68118,1.20,1.00
2017.11.16 22:21:41.568,0.68061,0.68116,1.20,1.00
2017.11.16 22:21:41.619,0.68062,0.68118,1.20,1.00
2017.11.16 22:21:41.670,0.68062,0.68118,1.20,1.00
2017.11.16 22:21:42.715,0.68062,0.68116,1.20,1.00
2017.11.16 22:21:43.326,0.68062,0.68117,1.20,1.00
2017.11.16 22:21:43.985,0.68062,0.68118,1.20,1.00
2017.11.16 22:21:45.668,0.68061,0.68118,1.20,1.00
2017.11.16 22:21:46.299,0.68061,0.68117,1.20,1.00
2017.11.16 22:21:46.957,0.68061,0.68118,1.20,1.00
2017.11.16 22:21:48.094,0.6806,0.68117,1.20,1.00
2017.11.16 22:21:49.155,0.6806,0.68118,1.20,1.00
2017.11.16 22:21:49.675,0.6806,0.68118,1.20,1.00
2017.11.16 22:21:50.093,0.6806,0.68116,1.20,1.00
2017.11.16 22:21:50.786,0.68063,0.68116,1.20,1.00
2017.11.16 22:21:51.515,0.68063,0.68118,1.20,1.00
2017.11.16 22:21:51.566,0.68063,0.68116,1.20,1.00
2017.11.16 22:21:51.616,0.68063,0.68118,1.20,1.00
2017.11.16 22:21:51.667,0.68063,0.68115,1.20,1.00
2017.11.16 22:21:51.718,0.68063,0.68118,1.20,1.00
2017.11.16 22:21:51.819,0.68063,0.68118,1.20,1.00
2017.11.16 22:21:52.565,0.68063,0.68118,1.20,1.00
2017.11.16 22:21:53.522,0.68063,0.68116,1.20,1.00
2017.11.16 22:21:54.037,0.68061,0.68118,1.20,1.00
2017.11.16 22:21:55.732,0.68061,0.68117,1.20,1.00
2017.11.16 22:21:56.428,0.68061,0.68117,1.20,1.00
2017.11.16 22:21:56.729,0.68054,0.68117,1.75,1.00
2017.11.16 22:21:57.264,0.68055,0.68118,1.75,1.00
2017.11.16 22:21:58.507,0.68054,0.68117,1.75,1.00
2017.11.16 22:21:59.531,0.68061,0.68117,1.82,1.00
2017.11.16 22:21:59.583,0.6806,0.68131,1.95,1.00
2017.11.16 22:21:59.634,0.6806,0.68131,1.45,1.00
2017.11.16 22:22:00.559,0.68061,0.68131,1.45,1.00
2017.11.16 22:22:01.091,0.68061,0.68131,1.45,1.00
2017.11.16 22:22:01.616,0.68062,0.68131,1.45,1.00
2017.11.16 22:22:02.214,0.68059,0.68131,1.45,1.00
2017.11.16 22:22:02.728,0.6806,0.68131,1.82,1.00
2017.11.16 22:22:03.586,0.6806,0.68131,1.82,1.00
2017.11.16 22:22:03.637,0.68056,0.68131,1.75,1.00
2017.11.16 22:22:05.606,0.68056,0.68131,1.75,1.00
2017.11.16 22:22:19.680,0.68057,0.68129,1.75,1.00
2017.11.16 22:22:20.104,0.68057,0.68131,1.75,1.00
2017.11.16 22:22:20.873,0.68057,0.68131,1.75,1.00
2017.11.16 22:22:25.472,0.68056,0.68131,1.75,1.50
2017.11.16 22:22:26.946,0.68059,0.68129,1.75,1.00
2017.11.16 22:22:27.970,0.6806,0.68128,1.50,1.00
2017.11.16 22:22:28.359,0.68064,0.68128,1.45,1.00
2017.11.16 22:22:28.928,0.68065,0.68129,1.95,1.00
2017.11.16 22:22:29.547,0.68065,0.68127,1.95,1.00
2017.11.16 22:22:30.028,0.68065,0.6813,1.20,1.00
2017.11.16 22:22:30.520,0.68065,0.6813,1.20,1.00
2017.11.16 22:22:30.571,0.68065,0.6813,1.95,1.00
2017.11.16 22:22:30.735,0.68065,0.68131,1.20,1.50
2017.11.16 22:22:30.893,0.68065,0.68129,1.20,1.00
2017.11.16 22:22:31.411,0.68065,0.68129,1.20,1.00
2017.11.16 22:22:32.033,0.68062,0.68129,1.20,1.00
2017.11.16 22:22:32.341,0.68065,0.6813,1.57,1.00
2017.11.16 22:22:34.104,0.68064,0.6813,1.82,1.00
2017.11.16 22:22:34.712,0.68065,0.68131,1.20,1.50
2017.11.16 22:22:36.073,0.68068,0.68129,1.57,1.00
2017.11.16 22:22:36.461,0.68069,0.68129,1.45,1.00
2017.11.16 22:22:37.615,0.68069,0.68129,1.95,1.00
2017.11.16 22:22:38.537,0.68069,0.68129,1.95,1.00
2017.11.16 22:22:40.571,0.68069,0.68129,1.95,1.00
2017.11.16 22:22:41.517,0.68069,0.68129,1.95,1.00
2017.11.16 22:22:41.930,0.68069,0.68129,1.95,1.00
2017.11.16 22:22:42.065,0.68072,0.68128,1.20,1.00
2017.11.16 22:22:42.537,0.68072,0.68128,1.20,1.00
2017.11.16 22:22:43.648,0.68072,0.68131,1.20,1.00
2017.11.16 22:22:43.699,0.68074,0.68131,1.07,1.00
2017.11.16 22:22:44.252,0.68072,0.68131,1.20,1.50
2017.11.16 22:22:44.587,0.68068,0.68129,1.20,1.00
2017.11.16 22:22:44.778,0.68068,0.68131,1.20,1.00
2017.11.16 22:22:45.131,0.68068,0.68129,1.20,1.00
2017.11.16 22:22:45.182,0.68068,0.68131,1.20,1.50
2017.11.16 22:22:45.666,0.68068,0.68128,1.20,1.00
2017.11.16 22:22:46.439,0.68068,0.68128,1.20,1.00
2017.11.16 22:22:46.541,0.68068,0.6813,1.20,1.00
2017.11.16 22:22:46.591,0.68068,0.68128,1.20,1.00
2017.11.16 22:22:47.109,0.68068,0.68128,1.20,1.00
2017.11.16 22:22:48.033,0.68065,0.68126,1.20,1.00
2017.11.16 22:22:48.568,0.68065,0.68129,1.20,1.00
2017.11.16 22:22:49.140,0.68065,0.68127,1.20,1.00
2017.11.16 22:22:49.242,0.68065,0.6813,1.20,1.00
2017.11.16 22:22:49.375,0.68065,0.68131,1.20,1.00
2017.11.16 22:22:49.427,0.68065,0.68129,1.20,1.00
2017.11.16 22:22:50.115,0.68065,0.68129,1.20,1.00
2017.11.16 22:22:50.321,0.68065,0.68129,1.20,1.00
2017.11.16 22:22:50.596,0.68062,0.68128,1.20,1.00
2017.11.16 22:22:51.097,0.68062,0.68128,1.20,1.00
2017.11.16 22:22:51.645,0.68062,0.68128,1.20,1.00
2017.11.16 22:22:52.365,0.68062,0.68127,1.95,1.00
2017.11.16 22:22:52.531,0.68062,0.68127,1.20,1.00
2017.11.16 22:22:53.086,0.68062,0.68127,1.20,1.00
2017.11.16 22:22:53.684,0.68066,0.6813,1.20,1.00
2017.11.16 22:22:53.836,0.68066,0.6813,1.20,1.00
2017.11.16 22:22:53.915,0.68066,0.68128,1.20,1.00
2017.11.16 22:22:54.578,0.68066,0.68128,1.20,1.00
2017.11.16 22:22:54.882,0.68066,0.68128,1.20,1.00
2017.11.16 22:22:55.565,0.68066,0.68129,1.20,1.00
2017.11.16 22:22:56.074,0.68066,0.68128,1.20,1.00
2017.11.16 22:22:56.125,0.68066,0.6813,1.20,1.00
2017.11.16 22:22:56.227,0.68066,0.68128,1.20,1.00
2017.11.16 22:22:56.585,0.68067,0.68129,1.20,1.00
2017.11.16 22:22:57.093,0.68067,0.68128,1.20,1.00
2017.11.16 22:22:57.799,0.68067,0.68128,1.20,1.00
2017.11.16 22:22:57.852,0.68067,0.68128,1.20,1.00
2017.11.16 22:22:58.461,0.68067,0.68129,1.20,1.00
2017.11.16 22:22:58.840,0.68067,0.68127,1.20,1.00
2017.11.16 22:22:58.941,0.68067,0.68128,1.20,1.00
2017.11.16 22:22:59.448,0.68061,0.68128,1.20,1.00
2017.11.16 22:23:00.020,0.68061,0.68128,1.20,1.00
2017.11.16 22:23:00.071,0.68061,0.68128,1.20,1.00
2017.11.16 22:23:00.837,0.68061,0.68127,1.20,1.00
2017.11.16 22:23:01.079,0.68061,0.68129,1.20,1.00
2017.11.16 22:23:01.774,0.68061,0.68128,1.20,1.00
2017.11.16 22:23:02.231,0.6806,0.6813,1.20,1.00
2017.11.16 22:23:02.523,0.6806,0.68128,1.20,1.00
2017.11.16 22:23:02.739,0.6806,0.68122,1.20,1.00
2017.11.16 22:23:02.790,0.6806,0.68117,1.20,1.00
2017.11.16 22:23:03.122,0.6806,0.68115,1.20,1.00
2017.11.16 22:23:03.224,0.6806,0.68117,1.20,1.00
2017.11.16 22:23:04.516,0.68056,0.68118,1.20,1.00
2017.11.16 22:23:04.567,0.68056,0.68124,1.20,1.00
2017.11.16 22:23:04.939,0.68056,0.68121,1.20,1.00
2017.11.16 22:23:05.256,0.68056,0.68118,1.20,1.00
2017.11.16 22:23:06.320,0.68056,0.68118,1.20,1.00
2017.11.16 22:23:06.620,0.68059,0.6812,1.20,1.00
2017.11.16 22:23:06.777,0.68059,0.6812,1.20,1.00
2017.11.16 22:23:07.389,0.68059,0.68119,1.20,1.00
2017.11.16 22:23:07.719,0.68057,0.68136,1.20,1.00
2017.11.16 22:23:07.771,0.68057,0.68136,1.20,1.00
2017.11.16 22:23:08.305,0.68057,0.68136,1.20,1.00
2017.11.16 22:23:09.023,0.68059,0.68136,1.45,1.00
2017.11.16 22:23:09.412,0.68058,0.68129,1.57,1.00
2017.11.16 22:23:10.535,0.68059,0.68129,1.45,1.00
2017.11.16 22:23:11.519,0.68062,0.68129,1.20,1.00
2017.11.16 22:23:12.014,0.68062,0.6813,1.20,1.00
2017.11.16 22:23:12.582,0.68062,0.6813,1.20,1.00
2017.11.16 22:23:13.620,0.68062,0.6813,1.20,1.00
2017.11.16 22:23:14.364,0.68062,0.68129,1.45,1.00
2017.11.16 22:23:15.570,0.68062,0.68127,1.45,1.00
2017.11.16 22:23:15.848,0.68062,0.6813,1.45,1.00
2017.11.16 22:23:16.373,0.68062,0.6813,1.45,1.00
2017.11.16 22:23:16.739,0.6806,0.68128,1.95,1.00
2017.11.16 22:23:17.263,0.68061,0.68129,1.82,1.00
2017.11.16 22:23:17.772,0.68062,0.68128,1.82,1.00
2017.11.16 22:23:18.354,0.68063,0.68128,1.57,1.00
2017.11.16 22:23:18.514,0.68063,0.6813,1.57,1.00
2017.11.16 22:23:19.064,0.68063,0.68129,1.57,1.00
2017.11.16 22:23:19.569,0.68064,0.68129,1.45,1.00
2017.11.16 22:23:20.234,0.68063,0.68129,1.57,1.00
2017.11.16 22:23:20.624,0.68061,0.68128,1.82,1.00
2017.11.16 22:23:20.675,0.6806,0.6813,1.95,1.00
2017.11.16 22:23:20.726,0.6806,0.6813,1.20,1.00
2017.11.16 22:23:20.806,0.6806,0.6813,1.95,1.00
2017.11.16 22:23:21.528,0.6806,0.6813,1.20,1.00
2017.11.16 22:23:26.157,0.68061,0.6813,1.20,1.00
2017.11.16 22:23:26.208,0.6806,0.68128,1.20,1.00
2017.11.16 22:23:26.259,0.6806,0.6813,1.20,1.00
2017.11.16 22:23:26.933,0.6806,0.6813,1.20,1.00
2017.11.16 22:23:28.514,0.6806,0.68129,1.20,1.00
2017.11.16 22:23:28.565,0.6806,0.68129,1.20,1.00
2017.11.16 22:23:29.411,0.6806,0.68121,1.20,1.00
2017.11.16 22:23:29.933,0.6806,0.68122,1.20,1.00
2017.11.16 22:23:30.517,0.6806,0.68124,1.20,1.00
2017.11.16 22:23:30.568,0.6806,0.68122,1.20,1.00
2017.11.16 22:23:31.291,0.68061,0.68122,1.57,1.00
2017.11.16 22:23:31.623,0.68063,0.68122,1.45,1.00
2017.11.16 22:23:32.527,0.68063,0.68123,1.45,1.00
2017.11.16 22:23:32.849,0.68067,0.68123,1.45,1.00
2017.11.16 22:23:33.518,0.68067,0.68124,1.45,1.00
2017.11.16 22:23:33.569,0.68065,0.68123,1.45,1.00
2017.11.16 22:23:33.912,0.68062,0.68123,1.57,1.00
2017.11.16 22:23:34.944,0.68063,0.68123,1.45,1.00
2017.11.16 22:23:35.140,0.68062,0.68123,1.57,1.00
2017.11.16 22:23:35.672,0.68062,0.68123,1.45,1.00
2017.11.16 22:23:36.508,0.68062,0.68123,1.45,1.00
2017.11.16 22:23:36.559,0.68064,0.68124,1.45,1.00
2017.11.16 22:23:37.528,0.68063,0.68124,1.45,1.00
2017.11.16 22:23:39.518,0.68063,0.68123,1.95,1.00
2017.11.16 22:23:39.569,0.68065,0.68123,1.45,1.00
2017.11.16 22:23:40.103,0.68064,0.68123,1.57,1.00
2017.11.16 22:23:40.615,0.68063,0.68123,1.20,1.00
2017.11.16 22:23:41.569,0.68065,0.68123,1.45,1.00
2017.11.16 22:23:42.082,0.68064,0.68123,1.45,1.00
2017.11.16 22:23:42.586,0.68064,0.68124,1.45,1.00
2017.11.16 22:23:43.528,0.68065,0.68124,1.45,1.00
2017.11.16 22:23:43.826,0.68063,0.68124,1.45,1.00
2017.11.16 22:23:43.877,0.68064,0.68122,1.45,1.00
2017.11.16 22:23:44.518,0.68065,0.68124,1.45,1.00
2017.11.16 22:23:44.570,0.68065,0.68121,1.45,1.00
2017.11.16 22:23:45.235,0.68065,0.68123,1.45,1.00
2017.11.16 22:23:45.337,0.68065,0.68121,1.45,1.00
2017.11.16 22:23:45.489,0.68061,0.6812,1.95,1.00
2017.11.16 22:23:45.590,0.68061,0.6812,1.20,1.00
2017.11.16 22:23:46.258,0.68061,0.6812,1.20,1.00
2017.11.16 22:23:48.196,0.68061,0.6812,1.45,1.00
2017.11.16 22:23:48.247,0.68061,0.68118,1.45,1.00
2017.11.16 22:23:48.421,0.68059,0.68118,1.45,1.00
2017.11.16 22:23:49.229,0.68059,0.68117,1.45,1.00
2017.11.16 22:23:49.945,0.68059,0.68118,1.45,1.00
2017.11.16 22:23:50.361,0.68059,0.68123,1.45,1.00
2017.11.16 22:23:50.863,0.68059,0.68124,1.45,1.00
2017.11.16 22:23:51.572,0.68058,0.68124,1.45,1.00
2017.11.16 22:23:52.629,0.68058,0.68124,1.45,1.00
2017.11.16 22:23:52.731,0.68059,0.68124,1.45,1.00
2017.11.16 22:23:53.717,0.68058,0.68124,1.45,1.00
2017.11.16 22:23:54.566,0.68058,0.68124,1.45,1.00
2017.11.16 22:23:55.136,0.68059,0.68124,1.45,1.00
2017.11.16 22:23:55.677,0.6806,0.68124,1.45,1.00
2017.11.16 22:23:56.216,0.68059,0.68125,1.45,1.00
2017.11.16 22:23:57.615,0.68058,0.68125,1.45,1.00
2017.11.16 22:23:58.173,0.68058,0.68124,1.45,1.00
2017.11.16 22:23:58.658,0.68059,0.68124,1.45,1.00
2017.11.16 22:24:00.090,0.68059,0.68123,1.45,1.00
2017.11.16 22:24:00.141,0.68058,0.68123,1.45,1.00
2017.11.16 22:24:00.779,0.68058,0.68124,1.45,1.00
2017.11.16 22:24:01.066,0.68062,0.68124,1.45,1.00
2017.11.16 22:24:01.578,0.6806,0.68124,1.45,1.00
2017.11.16 22:24:02.137,0.6806,0.68123,1.45,1.00
2017.11.16 22:24:02.899,0.6806,0.68123,1.45,1.00
2017.11.16 22:24:03.458,0.68059,0.68123,1.45,1.00
2017.11.16 22:24:04.306,0.68059,0.68127,1.45,1.00
2017.11.16 22:24:04.566,0.6806,0.68129,1.45,1.00
2017.11.16 22:24:05.109,0.68059,0.68128,1.45,1.00
2017.11.16 22:24:07.102,0.6806,0.68128,1.45,1.00
2017.11.16 22:24:07.514,0.6806,0.68126,1.45,1.00
2017.11.16 22:24:07.565,0.68062,0.68128,1.45,1.00
2017.11.16 22:24:07.701,0.68056,0.68128,1.45,1.00
2017.11.16 22:24:07.803,0.68054,0.68127,2.32,1.00
2017.11.16 22:24:08.409,0.68054,0.68128,1.45,1.00
2017.11.16 22:24:08.515,0.68054,0.68126,1.45,1.00
2017.11.16 22:24:08.566,0.68052,0.68128,1.82,1.00
2017.11.16 22:24:09.070,0.68054,0.68127,1.45,1.00
2017.11.16 22:24:09.615,0.68054,0.68128,1.45,1.00
2017.11.16 22:24:10.113,0.68056,0.68126,1.95,1.00
2017.11.16 22:24:10.546,0.68056,0.68128,1.45,1.00
2017.11.16 22:24:11.099,0.68055,0.68127,1.45,1.00
2017.11.16 22:24:11.710,0.68055,0.68126,1.95,1.00
2017.11.16 22:24:12.527,0.68055,0.68126,1.95,1.00
2017.11.16 22:24:12.728,0.68055,0.68127,2.70,1.00
2017.11.16 22:24:12.779,0.68055,0.68127,1.95,1.00
2017.11.16 22:24:13.516,0.68056,0.68125,1.82,1.00
2017.11.16 22:24:14.515,0.68055,0.68127,1.95,1.00
2017.11.16 22:24:15.180,0.68057,0.68126,1.82,1.00
2017.11.16 22:24:15.741,0.68059,0.68125,1.45,1.00
2017.11.16 22:24:16.331,0.68056,0.68126,1.82,1.00
2017.11.16 22:24:16.940,0.68058,0.68125,1.57,1.00
2017.11.16 22:24:18.516,0.68057,0.68127,1.20,1.00
2017.11.16 22:24:19.065,0.68057,0.68127,1.20,1.00
2017.11.16 22:24:19.569,0.68057,0.68126,1.95,1.00
2017.11.16 22:24:20.188,0.68057,0.68126,1.45,1.00
2017.11.16 22:24:20.954,0.68053,0.68127,1.20,1.00
2017.11.16 22:24:21.006,0.68058,0.68125,1.45,1.00
2017.11.16 22:24:21.057,0.68054,0.68129,1.82,1.00
2017.11.16 22:24:21.158,0.68056,0.68127,1.57,1.00
2017.11.16 22:24:21.663,0.68053,0.68127,1.20,1.00
2017.11.16 22:24:22.667,0.68053,0.68127,1.20,1.00
2017.11.16 22:24:23.077,0.68051,0.68129,1.95,1.00
2017.11.16 22:24:23.254,0.68051,0.68129,2.70,1.00
2017.11.16 22:24:23.566,0.68051,0.68127,2.70,1.00
2017.11.16 22:24:24.566,0.68051,0.68128,1.95,1.00
2017.11.16 22:24:24.874,0.68052,0.68126,1.82,1.00
2017.11.16 22:24:25.181,0.68051,0.68128,1.95,1.00
2017.11.16 22:24:25.904,0.68051,0.68127,1.95,1.00
2017.11.16 22:24:26.421,0.68052,0.68127,1.20,1.00
2017.11.16 22:24:28.598,0.68052,0.68128,1.20,1.00
2017.11.16 22:24:31.078,0.68053,0.68126,1.20,1.00
2017.11.16 22:24:31.849,0.68053,0.68127,1.20,1.00
2017.11.16 22:24:32.348,0.68051,0.68126,1.95,1.00
2017.11.16 22:24:32.625,0.68052,0.68126,1.57,1.00
2017.11.16 22:24:32.870,0.68051,0.68128,1.95,1.00
2017.11.16 22:24:33.469,0.68051,0.68128,1.95,1.00
2017.11.16 22:24:34.618,0.68051,0.68126,1.20,1.00
2017.11.16 22:24:35.129,0.6805,0.68127,1.95,1.00
2017.11.16 22:24:35.681,0.6805,0.68126,2.70,1.00
2017.11.16 22:24:36.206,0.6805,0.68126,2.70,1.00
2017.11.16 22:24:36.258,0.6805,0.68126,1.95,1.00
2017.11.16 22:24:36.790,0.68051,0.68127,1.82,1.00
2017.11.16 22:24:37.516,0.68051,0.68127,1.82,1.00
2017.11.16 22:24:37.936,0.68051,0.68127,1.82,1.00
2017.11.16 22:24:38.514,0.68053,0.68127,1.20,1.00
2017.11.16 22:24:39.136,0.68053,0.68126,1.20,1.00
2017.11.16 22:24:39.837,0.68053,0.68127,1.20,1.00
2017.11.16 22:24:40.985,0.68053,0.68126,1.95,1.00
2017.11.16 22:24:41.508,0.68052,0.68125,1.20,1.00
2017.11.16 22:24:41.967,0.68057,0.68127,1.45,1.00
2017.11.16 22:24:42.271,0.68055,0.68125,1.45,1.00
2017.11.16 22:24:43.515,0.68058,0.68124,1.45,1.00
2017.11.16 22:24:44.031,0.68054,0.68125,1.95,1.00
2017.11.16 22:24:44.725,0.68057,0.68124,1.57,1.00
2017.11.16 22:24:44.924,0.68057,0.68127,1.57,1.00
2017.11.16 22:24:45.446,0.68059,0.68125,1.45,1.00
2017.11.16 22:24:45.974,0.68055,0.68126,1.82,1.00
2017.11.16 22:24:46.297,0.68058,0.68124,1.45,1.00
2017.11.16 22:24:47.454,0.68057,0.68124,1.20,1.00
2017.11.16 22:24:48.031,0.68057,0.68125,1.20,1.00
2017.11.16 22:24:48.222,0.68057,0.68127,1.20,1.00
2017.11.16 22:24:48.468,0.68057,0.68125,1.20,1.00
2017.11.16 22:24:48.862,0.68057,0.68125,1.20,1.00
2017.11.16 22:24:50.514,0.68055,0.68124,1.20,1.00
2017.11.16 22:24:51.319,0.68055,0.68125,1.95,1.00
2017.11.16 22:24:52.048,0.68055,0.68125,1.20,1.00
2017.11.16 22:24:53.566,0.68059,0.68125,1.57,1.00
2017.11.16 22:24:54.074,0.68057,0.68125,1.20,1.00
2017.11.16 22:24:54.582,0.68057,0.68125,1.20,1.00
2017.11.16 22:24:55.112,0.6806,0.68124,1.45,1.00
2017.11.16 22:24:55.615,0.68057,0.68125,1.95,1.00
2017.11.16 22:24:56.381,0.68062,0.68125,1.20,1.00
2017.11.16 22:24:57.515,0.68062,0.68124,1.20,1.00
2017.11.16 22:24:57.945,0.68062,0.68125,1.20,1.00
2017.11.16 22:24:58.448,0.68062,0.68124,1.20,1.00
2017.11.16 22:24:58.920,0.68062,0.68124,1.20,1.00
2017.11.16 22:24:59.034,0.68055,0.68124,1.20,1.00
2017.11.16 22:24:59.907,0.68059,0.68125,1.45,1.00
2017.11.16 22:25:00.983,0.68055,0.68124,1.20,1.00
2017.11.16 22:25:01.519,0.68056,0.68125,1.82,1.00
2017.11.16 22:25:02.031,0.68056,0.68124,1.82,1.00
2017.11.16 22:25:02.545,0.68056,0.68124,1.82,1.00
2017.11.16 22:25:03.053,0.68055,0.68125,1.95,1.00
2017.11.16 22:25:03.935,0.68058,0.68124,1.57,1.00
2017.11.16 22:25:04.527,0.68059,0.68125,1.45,1.00
2017.11.16 22:25:05.067,0.68059,0.68124,1.57,1.00
2017.11.16 22:25:06.497,0.68058,0.68124,1.20,1.00
2017.11.16 22:25:07.006,0.68058,0.68125,1.20,1.00
2017.11.16 22:25:07.648,0.68058,0.68125,1.95,1.00
2017.11.16 22:25:07.982,0.68059,0.68123,1.57,1.00
2017.11.16 22:25:08.700,0.68059,0.68123,1.45,1.00
2017.11.16 22:25:09.360,0.68059,0.68124,1.45,1.00
2017.11.16 22:25:09.901,0.68059,0.68125,1.45,1.00
2017.11.16 22:25:10.678,0.68059,0.68125,1.45,1.00
2017.11.16 22:25:12.556,0.6806,0.68123,1.45,1.00
2017.11.16 22:25:13.012,0.6806,0.68125,1.45,1.00
2017.11.16 22:25:13.521,0.68061,0.68124,1.45,1.00
2017.11.16 22:25:15.112,0.68061,0.68124,1.57,1.00
2017.11.16 22:25:15.781,0.68061,0.68124,1.57,1.00
2017.11.16 22:25:16.312,0.6806,0.68124,1.95,1.00
2017.11.16 22:25:17.064,0.68062,0.68124,1.57,1.00
2017.11.16 22:25:19.694,0.68061,0.68124,1.20,1.00
2017.11.16 22:25:20.641,0.68058,0.68124,1.82,1.00
2017.11.16 22:25:20.784,0.68058,0.68124,1.82,1.00
2017.11.16 22:25:21.392,0.6806,0.68124,1.45,1.00
2017.11.16 22:25:22.090,0.6806,0.68124,1.45,1.00
2017.11.16 22:25:23.068,0.68059,0.68124,1.20,1.00
2017.11.16 22:25:23.743,0.68059,0.68124,1.20,1.00
2017.11.16 22:25:24.510,0.68059,0.68124,1.20,1.00
2017.11.16 22:25:25.600,0.68059,0.68124,1.20,1.00
2017.11.16 22:25:26.498,0.68058,0.68124,1.95,1.00
2017.11.16 22:25:28.216,0.68058,0.68126,1.20,1.00
2017.11.16 22:25:28.267,0.68061,0.68126,1.07,1.00
2017.11.16 22:25:28.817,0.68051,0.68126,1.57,1.00
2017.11.16 22:25:28.867,0.68051,0.68124,1.57,1.00
2017.11.16 22:25:29.496,0.68051,0.68125,1.57,1.00
2017.11.16 22:25:30.012,0.68051,0.68126,1.57,1.00
2017.11.16 22:25:30.063,0.68051,0.68126,1.12,1.07
2017.11.16 22:25:30.349,0.68051,0.68125,1.87,1.07
2017.11.16 22:25:30.400,0.68054,0.68124,1.00,1.10
2017.11.16 22:25:30.796,0.68051,0.68125,1.87,1.07
2017.11.16 22:25:31.406,0.6805,0.68126,1.00,1.07
2017.11.16 22:25:31.548,0.68051,0.68125,1.37,1.07
2017.11.16 22:25:32.067,0.68057,0.68121,1.00,1.00
2017.11.16 22:25:32.496,0.68055,0.68122,1.00,1.10
2017.11.16 22:25:32.546,0.68057,0.68124,1.00,1.07
2017.11.16 22:25:33.070,0.68054,0.68123,1.00,1.07
2017.11.16 22:25:33.222,0.68051,0.68125,1.37,1.10
2017.11.16 22:25:33.324,0.68051,0.68124,1.37,1.07
2017.11.16 22:25:34.064,0.68052,0.68124,1.37,1.10
2017.11.16 22:25:34.402,0.68053,0.68123,1.12,1.07
2017.11.16 22:25:34.702,0.68052,0.68124,1.37,1.10
2017.11.16 22:25:35.385,0.68051,0.68123,1.37,1.00
2017.11.16 22:25:36.046,0.68051,0.68124,1.37,1.10
2017.11.16 22:25:36.871,0.68051,0.68123,1.37,1.07
2017.11.16 22:25:37.416,0.68053,0.68123,1.00,1.10
2017.11.16 22:25:38.077,0.68053,0.68122,1.00,1.00
2017.11.16 22:25:38.549,0.68053,0.68119,1.00,1.00
2017.11.16 22:25:39.346,0.68053,0.6812,1.00,1.10
2017.11.16 22:25:39.684,0.68054,0.68118,1.00,1.00
2017.11.16 22:25:40.338,0.68053,0.68119,1.00,1.00
2017.11.16 22:25:40.996,0.68053,0.68118,1.50,1.00
2017.11.16 22:25:41.498,0.68053,0.68119,1.00,1.10
2017.11.16 22:25:42.320,0.68054,0.68118,1.00,1.00
2017.11.16 22:25:42.880,0.68054,0.6812,1.00,1.07
2017.11.16 22:25:45.125,0.68054,0.68118,1.00,1.00
2017.11.16 22:25:45.539,0.68054,0.6812,1.00,1.00
2017.11.16 22:25:45.590,0.68054,0.68119,1.95,1.00
2017.11.16 22:25:46.498,0.68055,0.68118,1.45,1.00
2017.11.16 22:25:46.599,0.68055,0.6812,1.45,1.00
2017.11.16 22:25:47.101,0.68055,0.68119,1.45,1.00
2017.11.16 22:25:47.555,0.68057,0.68122,1.45,1.00
2017.11.16 22:25:47.878,0.68057,0.6812,1.45,1.00
2017.11.16 22:25:48.527,0.68057,0.68121,1.45,1.00
2017.11.16 22:25:49.066,0.68057,0.68122,1.45,1.00
2017.11.16 22:25:50.551,0.68057,0.68119,1.95,1.00
2017.11.16 22:25:51.209,0.68057,0.68119,1.45,1.00
2017.11.16 22:25:51.551,0.68055,0.68122,1.45,1.00
2017.11.16 22:25:52.235,0.68055,0.68121,1.45,1.00
2017.11.16 22:25:52.500,0.68055,0.68121,1.45,1.00
2017.11.16 22:25:53.030,0.68055,0.68121,1.45,1.00
2017.11.16 22:25:53.725,0.68055,0.68121,1.45,1.00
2017.11.16 22:25:54.498,0.68055,0.68121,1.45,1.00
2017.11.16 22:25:54.599,0.68056,0.68122,1.45,1.00
2017.11.16 22:25:55.045,0.68056,0.68122,1.45,1.00
2017.11.16 22:25:55.146,0.68056,0.68119,1.45,1.00
2017.11.16 22:25:55.602,0.68056,0.68123,1.45,1.00
2017.11.16 22:25:56.194,0.68056,0.68123,1.45,1.00
2017.11.16 22:25:58.000,0.68059,0.68121,1.45,1.00
2017.11.16 22:25:58.211,0.68058,0.6812,1.45,1.00
2017.11.16 22:25:58.779,0.68058,0.68121,1.45,1.00
2017.11.16 22:25:59.547,0.68057,0.68122,1.45,1.00
2017.11.16 22:26:00.083,0.68058,0.68122,1.45,1.00
2017.11.16 22:26:00.555,0.68059,0.6812,1.45,1.00
2017.11.16 22:26:01.146,0.68059,0.6812,1.95,1.00
2017.11.16 22:26:01.400,0.68059,0.6812,1.95,1.00
2017.11.16 22:26:01.451,0.68059,0.6812,1.00,1.00
2017.11.16 22:26:01.502,0.68057,0.6812,1.00,1.00
2017.11.16 22:26:01.724,0.68058,0.68123,1.00,1.07
2017.11.16 22:26:03.071,0.68058,0.68123,1.00,1.10
2017.11.16 22:26:03.122,0.68056,0.68121,1.00,1.00
2017.11.16 22:26:03.223,0.68056,0.68124,1.00,1.07
2017.11.16 22:26:03.274,0.68056,0.68122,1.00,1.07
2017.11.16 22:26:03.610,0.68059,0.6812,1.00,1.00
2017.11.16 22:26:04.209,0.68059,0.68119,1.00,1.00
2017.11.16 22:26:04.550,0.68057,0.6812,1.00,1.00
2017.11.16 22:26:05.496,0.68057,0.68119,1.00,1.00
2017.11.16 22:26:06.192,0.68058,0.68118,1.00,1.00
2017.11.16 22:26:06.598,0.68058,0.68122,1.00,1.07
2017.11.16 22:26:07.179,0.68058,0.68122,1.00,1.10
2017.11.16 22:26:07.563,0.68058,0.68123,1.00,1.07
2017.11.16 22:26:08.171,0.68058,0.68123,1.00,1.07
2017.11.16 22:26:08.715,0.68059,0.68123,1.00,1.07
2017.11.16 22:26:08.766,0.68056,0.68124,1.00,1.07
2017.11.16 22:26:09.493,0.68056,0.68123,1.00,1.07
2017.11.16 22:26:09.707,0.68057,0.68119,1.00,1.00
2017.11.16 22:26:09.810,0.68056,0.68121,1.00,1.00
2017.11.16 22:26:09.990,0.68057,0.68119,1.00,1.00
2017.11.16 22:26:10.532,0.68056,0.6812,1.00,1.00
2017.11.16 22:26:10.684,0.68053,0.68121,1.00,1.00
2017.11.16 22:26:10.735,0.68055,0.68121,1.00,1.00
2017.11.16 22:26:12.920,0.68056,0.68121,1.45,1.00
2017.11.16 22:26:13.557,0.68056,0.68121,1.45,1.00
2017.11.16 22:26:14.086,0.68056,0.6812,1.45,1.00
2017.11.16 22:26:14.215,0.68057,0.68122,1.45,1.00
2017.11.16 22:26:14.450,0.68057,0.68122,1.95,1.00
2017.11.16 22:26:14.552,0.68059,0.68121,1.45,1.00
2017.11.16 22:26:14.916,0.68059,0.68125,1.45,1.00
2017.11.16 22:26:14.967,0.68059,0.68122,1.45,1.00
2017.11.16 22:26:15.486,0.68059,0.68122,1.45,1.00
2017.11.16 22:26:16.529,0.68059,0.68124,1.45,1.00
2017.11.16 22:26:17.071,0.68059,0.68121,1.45,1.00
2017.11.16 22:26:17.517,0.68059,0.68121,1.45,1.00
2017.11.16 22:26:18.700,0.68059,0.68121,1.45,1.00
2017.11.16 22:26:19.233,0.68059,0.68121,1.45,1.00
2017.11.16 22:26:19.284,0.68059,0.68123,1.45,1.00
2017.11.16 22:26:19.802,0.68059,0.68123,1.45,1.00
2017.11.16 22:26:20.494,0.68059,0.68123,1.45,1.00
2017.11.16 22:26:21.067,0.68058,0.68122,1.45,1.00
2017.11.16 22:26:21.545,0.68058,0.68122,1.45,1.00
2017.11.16 22:26:22.070,0.68058,0.68122,1.45,1.00
2017.11.16 22:26:22.596,0.68059,0.68123,1.45,1.00
2017.11.16 22:26:23.388,0.68059,0.68123,1.45,1.00
2017.11.16 22:26:24.126,0.68059,0.68122,1.45,1.00
2017.11.16 22:26:24.779,0.68059,0.68122,1.95,1.00
2017.11.16 22:26:25.499,0.68059,0.68122,1.45,1.00
2017.11.16 22:26:25.848,0.6806,0.68122,1.95,1.00
2017.11.16 22:26:26.078,0.6806,0.68122,1.95,1.00
2017.11.16 22:26:26.839,0.6806,0.68123,1.45,1.00
2017.11.16 22:26:27.551,0.68058,0.68122,1.45,1.00
2017.11.16 22:26:28.987,0.68058,0.68123,1.45,1.00
2017.11.16 22:26:29.285,0.6806,0.68122,1.45,1.00
2017.11.16 22:26:30.520,0.6806,0.68122,1.45,1.00
2017.11.16 22:26:30.891,0.68062,0.68121,1.45,1.00
2017.11.16 22:26:30.995,0.6806,0.68122,1.45,1.00
2017.11.16 22:26:31.641,0.68058,0.68123,1.45,1.00
2017.11.16 22:26:31.693,0.68058,0.68123,1.45,1.00
2017.11.16 22:26:32.197,0.68057,0.68123,1.45,1.00
2017.11.16 22:26:32.761,0.68056,0.68114,1.45,1.00
2017.11.16 22:26:32.863,0.68052,0.68116,1.45,1.00
2017.11.16 22:26:33.693,0.68052,0.68116,1.45,1.00
2017.11.16 22:26:34.002,0.68052,0.68117,1.45,1.00
2017.11.16 22:26:34.634,0.68052,0.68114,1.45,1.00
2017.11.16 22:26:34.735,0.68052,0.68117,1.45,1.00
2017.11.16 22:26:35.419,0.68052,0.68117,1.45,1.00
2017.11.16 22:26:36.023,0.68052,0.68116,1.45,1.00
2017.11.16 22:26:36.226,0.68052,0.68114,1.45,1.00
2017.11.16 22:26:37.177,0.68052,0.68116,1.45,1.00
2017.11.16 22:26:38.243,0.68049,0.68116,1.95,1.00
2017.11.16 22:26:38.772,0.68051,0.68116,1.45,1.00
2017.11.16 22:26:39.291,0.68051,0.68115,1.95,1.00
2017.11.16 22:26:39.817,0.68051,0.68116,1.45,1.00
2017.11.16 22:26:42.074,0.68051,0.68113,1.95,1.00
2017.11.16 22:26:42.219,0.68051,0.68116,1.95,1.00
2017.11.16 22:26:42.628,0.68053,0.68114,1.95,1.00
2017.11.16 22:26:42.679,0.68053,0.68114,1.45,1.00
2017.11.16 22:26:43.240,0.68053,0.68115,1.45,1.00
2017.11.16 22:26:43.851,0.68053,0.68115,1.45,1.00
2017.11.16 22:26:44.115,0.68055,0.68112,1.45,1.00
2017.11.16 22:26:44.497,0.68052,0.68115,1.95,1.00
2017.11.16 22:26:44.598,0.68053,0.68113,1.45,1.00
2017.11.16 22:26:44.887,0.68053,0.68115,1.45,1.00
2017.11.16 22:26:45.495,0.68053,0.68116,1.45,1.00
2017.11.16 22:26:45.612,0.68055,0.68114,1.45,1.00
2017.11.16 22:26:46.496,0.68054,0.68115,1.45,1.00
2017.11.16 22:26:47.068,0.68053,0.68116,1.45,1.00
2017.11.16 22:26:48.115,0.68053,0.68115,1.45,1.00
2017.11.16 22:26:48.673,0.68052,0.68116,1.95,1.00
2017.11.16 22:26:49.476,0.68053,0.68116,1.45,1.00
2017.11.16 22:26:50.081,0.68053,0.68115,1.95,1.00
2017.11.16 22:26:50.605,0.68054,0.68116,1.45,1.00
2017.11.16 22:26:51.055,0.68052,0.68116,1.95,1.00
2017.11.16 22:26:52.073,0.68052,0.68113,1.45,1.00
2017.11.16 22:26:52.124,0.68052,0.68116,1.45,1.00
2017.11.16 22:26:52.972,0.68053,0.68115,1.45,1.00
2017.11.16 22:26:53.524,0.68052,0.68116,1.45,1.00
2017.11.16 22:26:54.092,0.68052,0.68114,1.45,1.00
2017.11.16 22:26:54.702,0.68052,0.68115,1.45,1.00
2017.11.16 22:26:55.204,0.68051,0.68115,1.45,1.00
2017.11.16 22:26:55.772,0.68051,0.68115,1.45,1.00
2017.11.16 22:26:56.426,0.68052,0.68116,1.45,1.00
2017.11.16 22:26:57.133,0.6805,0.68116,2.70,1.00
2017.11.16 22:26:57.604,0.68053,0.68116,1.45,1.00
2017.11.16 22:26:58.123,0.68053,0.68115,1.45,1.00
2017.11.16 22:26:58.651,0.68052,0.68114,1.45,1.00
2017.11.16 22:26:59.651,0.68051,0.68115,1.45,1.00
2017.11.16 22:27:00.384,0.68052,0.68114,1.45,1.00
2017.11.16 22:27:01.043,0.68052,0.68115,1.45,1.00
2017.11.16 22:27:01.546,0.68052,0.68114,1.45,1.00
2017.11.16 22:27:02.163,0.68053,0.68113,1.45,1.00
2017.11.16 22:27:03.756,0.68053,0.68114,1.45,1.00
2017.11.16 22:27:04.547,0.68054,0.68114,1.45,1.00
2017.11.16 22:27:04.881,0.68053,0.68112,1.45,1.00
2017.11.16 22:27:05.497,0.68052,0.68113,1.45,1.00
2017.11.16 22:27:06.122,0.68052,0.68114,1.45,1.00
2017.11.16 22:27:06.573,0.68053,0.68112,1.45,1.00
2017.11.16 22:27:07.183,0.68051,0.68113,1.95,1.00
2017.11.16 22:27:07.975,0.6805,0.68113,1.45,1.00
2017.11.16 22:27:08.634,0.6805,0.68113,1.45,1.00
2017.11.16 22:27:09.347,0.6805,0.68113,1.45,1.00
2017.11.16 22:27:09.955,0.6805,0.68114,1.45,1.00
2017.11.16 22:27:11.497,0.68051,0.68113,1.45,1.00
2017.11.16 22:27:12.241,0.68052,0.68113,1.45,1.00
2017.11.16 22:27:13.831,0.68054,0.68113,1.45,1.00
2017.11.16 22:27:14.397,0.68054,0.68114,1.45,1.00
2017.11.16 22:27:15.410,0.68055,0.68114,1.45,1.00
2017.11.16 22:27:16.134,0.68054,0.68114,1.45,1.00
2017.11.16 22:27:17.281,0.68054,0.68113,1.95,1.00
2017.11.16 22:27:17.979,0.68055,0.68114,1.45,1.00
2017.11.16 22:27:18.900,0.68056,0.68114,1.45,1.00
2017.11.16 22:27:19.547,0.68056,0.68114,1.45,1.00
2017.11.16 22:27:20.104,0.68054,0.68113,1.95,1.00
2017.11.16 22:27:20.206,0.68052,0.68114,1.45,1.00
2017.11.16 22:27:21.496,0.68052,0.68115,1.45,1.00
2017.11.16 22:27:21.887,0.68055,0.68116,1.45,1.00
2017.11.16 22:27:21.938,0.68053,0.68115,1.45,1.00
2017.11.16 22:27:21.989,0.68053,0.6811,1.45,1.00
2017.11.16 22:27:22.090,0.68053,0.68112,1.45,1.00
2017.11.16 22:27:22.624,0.68052,0.68111,1.45,1.00
2017.11.16 22:27:23.420,0.68054,0.68112,1.45,1.00
2017.11.16 22:27:23.572,0.68053,0.68114,1.45,1.00
2017.11.16 22:27:24.071,0.68052,0.68116,1.45,1.00
2017.11.16 22:27:25.546,0.68052,0.68117,1.45,1.00
2017.11.16 22:27:26.055,0.68053,0.68116,1.45,1.00
2017.11.16 22:27:26.107,0.68053,0.68112,1.45,1.00
2017.11.16 22:27:26.158,0.68052,0.68116,1.45,1.00
2017.11.16 22:27:26.259,0.68052,0.68111,1.45,1.00
2017.11.16 22:27:26.310,0.68052,0.68116,1.45,1.00
2017.11.16 22:27:26.702,0.68055,0.68116,1.45,1.00
2017.11.16 22:27:27.733,0.68056,0.68116,1.45,1.00
2017.11.16 22:27:28.494,0.68057,0.68116,1.45,1.00
2017.11.16 22:27:29.164,0.68056,0.68115,1.45,1.00
2017.11.16 22:27:30.001,0.68057,0.68115,1.45,1.00
2017.11.16 22:27:30.534,0.68058,0.68115,1.45,1.00
2017.11.16 22:27:30.647,0.68056,0.68115,1.95,1.00
2017.11.16 22:27:31.475,0.68057,0.68115,1.57,1.00
2017.11.16 22:27:32.048,0.68056,0.68115,1.45,1.00
2017.11.16 22:27:32.566,0.68057,0.68114,1.45,1.00
2017.11.16 22:27:33.117,0.68061,0.68114,1.45,1.00
2017.11.16 22:27:33.786,0.68061,0.68115,1.45,1.00
2017.11.16 22:27:34.446,0.68061,0.68114,1.45,1.00
2017.11.16 22:27:34.947,0.6806,0.68115,1.45,1.00
2017.11.16 22:27:35.156,0.6806,0.68115,1.45,1.00
2017.11.16 22:27:35.908,0.6806,0.68115,1.45,1.00
2017.11.16 22:27:36.425,0.68062,0.68114,1.45,1.00
2017.11.16 22:27:36.712,0.68061,0.68113,1.45,1.00
2017.11.16 22:27:36.966,0.68061,0.68114,1.45,1.00
2017.11.16 22:27:37.554,0.68061,0.68114,1.45,1.00
2017.11.16 22:27:38.075,0.68061,0.68113,1.45,1.00
2017.11.16 22:27:38.745,0.68061,0.68112,1.45,1.00
2017.11.16 22:27:38.796,0.68061,0.68114,1.45,1.00
2017.11.16 22:27:39.355,0.68061,0.68114,1.45,1.00
2017.11.16 22:27:40.173,0.68061,0.68115,1.45,1.00
2017.11.16 22:27:41.550,0.68061,0.68113,1.45,1.00
2017.11.16 22:27:42.191,0.68061,0.68114,1.45,1.00
2017.11.16 22:27:42.851,0.68061,0.68113,1.45,1.00
2017.11.16 22:27:43.424,0.68061,0.68113,1.45,1.00
2017.11.16 22:27:44.027,0.68061,0.68114,1.45,1.00
2017.11.16 22:27:44.782,0.68061,0.68114,1.45,1.00
2017.11.16 22:27:45.115,0.68061,0.68113,1.45,1.00
2017.11.16 22:27:45.880,0.68061,0.68114,1.45,1.00
2017.11.16 22:27:46.548,0.68061,0.68114,1.45,1.00
2017.11.16 22:27:47.088,0.68061,0.68114,1.45,1.00
2017.11.16 22:27:47.624,0.68061,0.68113,1.45,1.00
2017.11.16 22:27:48.275,0.68061,0.68113,1.45,1.00
2017.11.16 22:27:48.565,0.68061,0.68115,1.45,1.00
2017.11.16 22:27:49.056,0.68061,0.68115,1.45,1.00
2017.11.16 22:27:49.546,0.68061,0.68114,1.45,1.00
2017.11.16 22:27:50.130,0.68061,0.68114,1.45,1.00
2017.11.16 22:27:50.722,0.68061,0.68114,1.45,1.00
2017.11.16 22:27:51.281,0.68061,0.68115,1.45,1.00
2017.11.16 22:27:52.585,0.68061,0.68114,1.45,1.00
2017.11.16 22:27:53.115,0.68061,0.68115,1.45,1.00
2017.11.16 22:27:53.642,0.68061,0.68114,1.45,1.00
2017.11.16 22:27:54.547,0.68061,0.68113,1.45,1.00
2017.11.16 22:27:55.242,0.68061,0.68113,1.45,1.00
2017.11.16 22:27:58.496,0.68061,0.68112,1.45,1.00
2017.11.16 22:28:00.485,0.68061,0.68114,1.45,1.00
2017.11.16 22:28:00.998,0.68061,0.68115,1.45,1.00
2017.11.16 22:28:01.547,0.68061,0.68114,1.45,1.00
2017.11.16 22:28:01.648,0.68061,0.68114,1.45,1.00
2017.11.16 22:28:02.270,0.68061,0.68115,1.45,1.00
2017.11.16 22:28:03.311,0.68061,0.68115,1.45,1.00
2017.11.16 22:28:03.362,0.68061,0.68114,1.45,1.00
2017.11.16 22:28:03.922,0.68061,0.68115,1.45,1.00
2017.11.16 22:28:04.451,0.68061,0.68115,1.45,1.00
2017.11.16 22:28:04.502,0.68061,0.68115,1.45,1.00
2017.11.16 22:28:05.073,0.68061,0.68114,1.45,1.00
2017.11.16 22:28:05.621,0.68061,0.68114,1.45,1.00
2017.11.16 22:28:06.131,0.68061,0.68115,1.45,1.00
2017.11.16 22:28:06.893,0.68061,0.68114,1.45,1.00
2017.11.16 22:28:07.546,0.68061,0.68114,1.45,1.00
2017.11.16 22:28:07.648,0.68061,0.68115,1.45,1.00
2017.11.16 22:28:07.699,0.68061,0.68115,1.00,1.00
2017.11.16 22:28:07.805,0.68063,0.68115,1.00,1.00
2017.11.16 22:28:08.497,0.68062,0.68115,1.00,1.00
2017.11.16 22:28:08.548,0.68057,0.68115,1.00,1.00
2017.11.16 22:28:09.855,0.68057,0.68114,1.45,1.00
2017.11.16 22:28:10.509,0.68057,0.68115,1.45,1.00
2017.11.16 22:28:11.615,0.68055,0.68114,1.95,1.00
2017.11.16 22:28:12.610,0.68055,0.68114,1.45,1.00
2017.11.16 22:28:13.220,0.68055,0.68114,1.45,1.00
2017.11.16 22:28:14.274,0.68056,0.68114,1.45,1.00
2017.11.16 22:28:14.808,0.68057,0.68114,1.45,1.00
2017.11.16 22:28:15.351,0.68057,0.68114,1.45,1.00
2017.11.16 22:28:15.581,0.68057,0.68117,1.45,1.00
2017.11.16 22:28:15.682,0.68057,0.68116,1.45,1.00
2017.11.16 22:28:16.190,0.68057,0.68115,1.45,1.00
2017.11.16 22:28:16.597,0.68057,0.68115,1.95,1.00
2017.11.16 22:28:17.498,0.68056,0.68115,1.45,1.00
2017.11.16 22:28:17.549,0.68057,0.68115,1.45,1.00
2017.11.16 22:28:17.600,0.68056,0.68115,1.45,1.00
2017.11.16 22:28:18.685,0.68057,0.68115,1.45,1.00
2017.11.16 22:28:19.213,0.68057,0.68115,1.45,1.00
2017.11.16 22:28:19.748,0.68057,0.68115,1.45,1.00
2017.11.16 22:28:20.062,0.68061,0.68114,1.45,1.00
2017.11.16 22:28:20.586,0.68061,0.68114,1.45,1.00
2017.11.16 22:28:21.112,0.6806,0.68115,1.45,1.00
2017.11.16 22:28:21.780,0.6806,0.68115,1.45,1.00
2017.11.16 22:28:22.299,0.6806,0.68115,1.45,1.00
2017.11.16 22:28:22.816,0.6806,0.68114,1.45,1.00
2017.11.16 22:28:23.339,0.68062,0.68116,1.45,1.00
2017.11.16 22:28:23.940,0.68062,0.68115,1.45,1.00
2017.11.16 22:28:24.469,0.6806,0.68115,1.45,1.00
2017.11.16 22:28:24.621,0.68061,0.68116,1.45,1.00
2017.11.16 22:28:24.722,0.68061,0.68115,1.45,1.00
2017.11.16 22:28:25.474,0.68061,0.68116,1.45,1.00
2017.11.16 22:28:26.014,0.6806,0.68115,1.45,1.00
2017.11.16 22:28:27.001,0.6806,0.68115,1.45,1.00
2017.11.16 22:28:28.498,0.6806,0.68116,1.45,1.00
2017.11.16 22:28:29.156,0.6806,0.68116,1.45,1.00
2017.11.16 22:28:29.705,0.6806,0.68114,1.45,1.00
2017.11.16 22:28:30.425,0.6806,0.68115,1.45,1.00
2017.11.16 22:28:31.013,0.6806,0.68114,1.45,1.00
2017.11.16 22:28:31.748,0.6806,0.68115,1.45,1.00
2017.11.16 22:28:33.120,0.6806,0.68116,1.45,1.00
2017.11.16 22:28:33.658,0.6806,0.68114,1.45,1.00
2017.11.16 22:28:34.388,0.6806,0.68114,1.45,1.00
2017.11.16 22:28:34.439,0.6806,0.68116,1.45,1.00
2017.11.16 22:28:34.540,0.6806,0.68114,1.45,1.00
2017.11.16 22:28:34.591,0.6806,0.68114,1.45,1.00
2017.11.16 22:28:34.642,0.6806,0.68115,1.45,1.00
2017.11.16 22:28:34.699,0.6806,0.68115,1.45,1.00
2017.11.16 22:28:35.101,0.6806,0.68115,1.45,1.00
2017.11.16 22:28:35.710,0.6806,0.68115,1.45,1.00
2017.11.16 22:28:36.316,0.6806,0.68115,1.45,1.00
2017.11.16 22:28:36.518,0.6806,0.68115,1.45,1.00
2017.11.16 22:28:37.140,0.6806,0.68115,1.45,1.00
2017.11.16 22:28:37.819,0.6806,0.68115,1.45,1.00
2017.11.16 22:28:38.223,0.6806,0.68115,1.45,1.00
2017.11.16 22:28:39.302,0.68061,0.68115,1.45,1.00
2017.11.16 22:28:40.000,0.68061,0.68116,1.45,1.00
2017.11.16 22:28:40.301,0.68061,0.68116,1.45,1.00
2017.11.16 22:28:40.403,0.68061,0.68116,1.45,1.00
2017.11.16 22:28:40.912,0.68061,0.68116,1.45,1.00
2017.11.16 22:28:41.499,0.68061,0.68115,1.45,1.00
2017.11.16 22:28:42.309,0.68062,0.68115,1.45,1.00
2017.11.16 22:28:42.968,0.68061,0.68114,1.45,1.00
2017.11.16 22:28:43.510,0.68061,0.68114,1.45,1.00
2017.11.16 22:28:43.761,0.68061,0.68116,1.45,1.00
2017.11.16 22:28:44.289,0.68061,0.68115,1.45,1.00
2017.11.16 22:28:44.949,0.68061,0.68116,1.45,1.00
2017.11.16 22:28:45.503,0.68061,0.68116,1.45,1.00
2017.11.16 22:28:45.705,0.68061,0.68116,1.45,1.00
2017.11.16 22:28:46.438,0.68061,0.68116,1.45,1.00
2017.11.16 22:28:46.968,0.68061,0.68115,1.45,1.00
2017.11.16 22:28:47.483,0.68061,0.68116,1.45,1.00
2017.11.16 22:28:48.256,0.68061,0.68116,1.45,1.00
2017.11.16 22:28:48.730,0.68061,0.68114,1.45,1.00
2017.11.16 22:28:49.247,0.68061,0.68114,1.45,1.00
2017.11.16 22:28:49.450,0.68061,0.68116,1.45,1.00
2017.11.16 22:28:49.501,0.68061,0.68115,1.45,1.00
2017.11.16 22:28:50.159,0.68061,0.68115,1.45,1.00
2017.11.16 22:28:50.714,0.68061,0.68116,1.45,1.00
2017.11.16 22:28:51.497,0.68061,0.68116,1.45,1.00
2017.11.16 22:28:52.067,0.68061,0.68115,1.45,1.00
2017.11.16 22:28:52.587,0.68061,0.68115,1.45,1.00
2017.11.16 22:28:53.008,0.68061,0.68115,1.45,1.00
2017.11.16 22:28:53.547,0.68061,0.68115,1.45,1.00
2017.11.16 22:28:53.924,0.68056,0.68116,1.45,1.00
2017.11.16 22:28:54.498,0.68056,0.68115,1.45,1.00
2017.11.16 22:28:55.002,0.68056,0.68115,1.45,1.00
2017.11.16 22:28:55.309,0.68056,0.68115,1.45,1.00
2017.11.16 22:28:55.855,0.68056,0.68115,1.45,1.00
2017.11.16 22:28:56.365,0.68056,0.68114,1.45,1.00
2017.11.16 22:28:57.002,0.68056,0.68115,1.45,1.00
2017.11.16 22:28:57.155,0.68056,0.68115,1.45,1.00
2017.11.16 22:28:57.685,0.68056,0.68115,1.45,1.00
2017.11.16 22:28:57.858,0.68056,0.68114,1.45,1.00
2017.11.16 22:28:58.229,0.68056,0.68115,1.45,1.00
2017.11.16 22:28:58.500,0.68056,0.68115,1.45,1.00
2017.11.16 22:28:58.582,0.68056,0.68113,1.45,1.00
2017.11.16 22:28:58.723,0.68056,0.68115,1.45,1.00
2017.11.16 22:28:59.053,0.68056,0.68115,1.95,1.00
2017.11.16 22:28:59.443,0.68056,0.68114,1.45,1.00
2017.11.16 22:28:59.993,0.68056,0.68115,1.45,1.00
2017.11.16 22:29:00.551,0.68056,0.68114,1.45,1.00
2017.11.16 22:29:01.070,0.68056,0.68115,1.45,1.00
2017.11.16 22:29:01.603,0.68056,0.68114,1.45,1.00
2017.11.16 22:29:02.553,0.68056,0.68114,1.95,1.00
2017.11.16 22:29:03.129,0.68056,0.68114,1.45,1.00
2017.11.16 22:29:03.824,0.68056,0.68116,1.45,1.00
2017.11.16 22:29:03.874,0.68056,0.68114,1.45,1.00
2017.11.16 22:29:04.026,0.68056,0.68116,1.45,1.00
2017.11.16 22:29:04.147,0.68056,0.68114,1.45,1.00
2017.11.16 22:29:04.351,0.68056,0.68116,1.45,1.00
2017.11.16 22:29:04.979,0.68056,0.68115,1.45,1.00
2017.11.16 22:29:05.515,0.68057,0.68116,1.45,1.00
2017.11.16 22:29:06.125,0.68058,0.68115,1.45,1.00
2017.11.16 22:29:06.713,0.68057,0.68115,1.95,1.00
2017.11.16 22:29:07.446,0.68057,0.68114,1.95,1.00
2017.11.16 22:29:07.905,0.68057,0.68114,1.45,1.00
2017.11.16 22:29:08.498,0.68057,0.68115,1.45,1.00
2017.11.16 22:29:08.549,0.68058,0.68115,1.45,1.00
2017.11.16 22:29:09.097,0.68058,0.68114,1.45,1.00
2017.11.16 22:29:09.723,0.68056,0.68114,1.95,1.00
2017.11.16 22:29:10.417,0.68056,0.68114,1.95,1.00
2017.11.16 22:29:10.949,0.68055,0.68114,1.45,1.00
2017.11.16 22:29:11.504,0.68055,0.68115,1.45,1.00
2017.11.16 22:29:12.496,0.68055,0.68114,1.45,1.00
2017.11.16 22:29:13.099,0.68056,0.68114,1.45,1.00
2017.11.16 22:29:14.498,0.68056,0.68115,1.45,1.00
2017.11.16 22:29:15.080,0.68056,0.68114,1.45,1.00
2017.11.16 22:29:15.725,0.68056,0.68115,1.45,1.00
2017.11.16 22:29:16.394,0.68056,0.68112,1.95,1.00
2017.11.16 22:29:16.545,0.68056,0.68114,1.95,1.00
2017.11.16 22:29:17.060,0.68057,0.68113,1.45,1.00
2017.11.16 22:29:17.720,0.68055,0.68113,1.45,1.00
2017.11.16 22:29:19.093,0.68055,0.68114,1.95,1.00
2017.11.16 22:29:19.547,0.68055,0.68112,1.95,1.00
2017.11.16 22:29:20.497,0.68055,0.68114,1.95,1.00
2017.11.16 22:29:21.910,0.68057,0.68114,1.45,1.00
2017.11.16 22:29:22.923,0.68055,0.68114,1.45,1.00
2017.11.16 22:29:24.093,0.68055,0.68115,1.45,1.00
2017.11.16 22:29:24.144,0.68055,0.68113,1.45,1.00
2017.11.16 22:29:24.734,0.68055,0.68114,1.45,1.00
2017.11.16 22:29:25.828,0.68056,0.68114,1.45,1.00
2017.11.16 22:29:26.386,0.68055,0.68115,1.45,1.00
2017.11.16 22:29:26.715,0.68055,0.68112,1.45,1.00
2017.11.16 22:29:27.496,0.68055,0.68113,1.45,1.00
2017.11.16 22:29:27.980,0.68053,0.68114,1.45,1.00
2017.11.16 22:29:28.603,0.68055,0.68114,1.45,1.00
2017.11.16 22:29:29.497,0.68054,0.68115,1.45,1.00
2017.11.16 22:29:30.545,0.68057,0.68114,1.45,1.00
2017.11.16 22:29:31.067,0.68057,0.68115,1.45,1.00
2017.11.16 22:29:31.883,0.68056,0.68114,1.45,1.00
2017.11.16 22:29:32.387,0.68056,0.68115,1.45,1.00
2017.11.16 22:29:33.503,0.68055,0.68115,1.45,1.00
2017.11.16 22:29:34.037,0.68057,0.68114,1.45,1.00
2017.11.16 22:29:34.601,0.68057,0.68115,1.45,1.00
2017.11.16 22:29:34.854,0.68054,0.68117,1.45,1.00
2017.11.16 22:29:34.905,0.68055,0.68119,1.45,1.00
2017.11.16 22:29:35.460,0.68055,0.68118,1.95,1.00
2017.11.16 22:29:35.512,0.6806,0.68115,1.45,1.00
2017.11.16 22:29:36.020,0.68062,0.68115,1.45,1.00
2017.11.16 22:29:36.497,0.68062,0.68115,1.45,1.00
2017.11.16 22:29:37.009,0.68062,0.68115,1.45,1.00
2017.11.16 22:29:37.554,0.68062,0.68115,1.95,1.00
2017.11.16 22:29:38.259,0.68068,0.68119,1.45,1.00
2017.11.16 22:29:38.688,0.68065,0.68117,1.45,1.00
2017.11.16 22:29:39.778,0.68065,0.68117,1.95,1.00
2017.11.16 22:29:40.386,0.68065,0.68122,1.45,1.00
2017.11.16 22:29:40.437,0.68068,0.68124,1.45,1.00
2017.11.16 22:29:40.488,0.68068,0.68139,1.45,1.50
2017.11.16 22:29:40.539,0.6807,0.68139,1.45,1.00
2017.11.16 22:29:40.590,0.68071,0.68143,1.45,1.00
2017.11.16 22:29:40.641,0.68076,0.68143,1.45,1.00
2017.11.16 22:29:40.945,0.68078,0.68139,1.45,1.00
2017.11.16 22:29:41.507,0.68078,0.6814,1.45,1.00
2017.11.16 22:29:42.067,0.68078,0.68141,1.45,1.00
2017.11.16 22:29:42.665,0.68078,0.6814,1.45,1.00
2017.11.16 22:29:42.852,0.68078,0.68144,1.45,1.00
2017.11.16 22:29:42.903,0.68077,0.6814,1.45,1.00
2017.11.16 22:29:43.496,0.68077,0.68138,1.45,1.00
2017.11.16 22:29:44.096,0.68078,0.68138,1.45,1.00
2017.11.16 22:29:44.569,0.68077,0.68142,1.45,1.00
2017.11.16 22:29:44.620,0.68077,0.68139,1.45,1.00
2017.11.16 22:29:45.550,0.68078,0.68139,1.45,1.00
2017.11.16 22:29:46.076,0.6808,0.68139,1.45,1.00
2017.11.16 22:29:46.611,0.68078,0.68139,1.45,1.00
2017.11.16 22:29:47.448,0.68078,0.68138,1.45,1.00
2017.11.16 22:29:47.732,0.68078,0.6815,1.45,1.50
2017.11.16 22:29:47.834,0.68079,0.68148,1.45,1.00
2017.11.16 22:29:47.884,0.68079,0.6815,1.45,1.00
2017.11.16 22:29:49.509,0.68079,0.6815,1.45,1.00
2017.11.16 22:29:50.073,0.6808,0.6815,1.45,1.00
2017.11.16 22:29:50.214,0.6808,0.68148,1.45,1.00
2017.11.16 22:29:50.316,0.68078,0.68148,1.45,1.00
2017.11.16 22:29:50.496,0.68077,0.6815,1.45,1.00
2017.11.16 22:29:50.561,0.68077,0.68148,1.45,1.00
2017.11.16 22:29:50.927,0.6808,0.68149,1.45,1.00
2017.11.16 22:29:51.545,0.68077,0.6815,1.45,1.00
2017.11.16 22:29:52.159,0.68078,0.68151,1.45,1.12
2017.11.16 22:29:52.330,0.68077,0.68149,1.45,1.00
2017.11.16 22:29:52.547,0.68078,0.68151,1.45,1.12
2017.11.16 22:29:52.598,0.68078,0.68149,1.45,1.00
2017.11.16 22:29:53.164,0.68079,0.68151,1.45,1.12
2017.11.16 22:29:53.461,0.6808,0.6815,1.45,1.00
2017.11.16 22:29:53.998,0.68079,0.6815,1.45,1.00
2017.11.16 22:29:54.565,0.6808,0.68149,1.45,1.00
2017.11.16 22:29:55.175,0.6808,0.68151,1.45,1.12
2017.11.16 22:29:55.428,0.6808,0.68149,1.45,1.00
2017.11.16 22:29:55.497,0.6808,0.68151,1.45,1.12
2017.11.16 22:29:55.549,0.68078,0.68151,1.45,1.12
2017.11.16 22:29:55.600,0.6808,0.6815,1.45,1.00
2017.11.16 22:29:56.182,0.6808,0.68151,1.45,1.12
2017.11.16 22:29:56.625,0.68078,0.6815,1.45,1.00
2017.11.16 22:29:57.298,0.68079,0.6815,1.45,1.00
2017.11.16 22:29:58.495,0.68079,0.68151,1.45,1.12
2017.11.16 22:29:58.597,0.68079,0.68149,1.45,1.00
2017.11.16 22:29:59.408,0.68079,0.6815,1.45,1.00
2017.11.16 22:29:59.933,0.68079,0.68149,1.45,1.00
2017.11.16 22:29:59.984,0.68079,0.68151,1.45,1.00
2017.11.16 22:30:00.293,0.68075,0.68151,1.45,1.37
2017.11.16 22:30:00.693,0.68077,0.6815,1.45,1.37
2017.11.16 22:30:01.107,0.68074,0.68149,1.45,1.00
2017.11.16 22:30:01.209,0.68077,0.6815,1.45,1.12
2017.11.16 22:30:01.311,0.68076,0.68151,1.45,1.37
2017.11.16 22:30:01.962,0.68075,0.68151,1.45,1.87
2017.11.16 22:30:02.108,0.68074,0.68142,1.45,1.00
2017.11.16 22:30:02.438,0.68075,0.6814,1.45,1.00
2017.11.16 22:30:03.860,0.68075,0.68151,1.45,1.87
2017.11.16 22:30:04.502,0.68075,0.68142,1.45,1.00
2017.11.16 22:30:05.236,0.68075,0.68141,1.45,1.00
2017.11.16 22:30:05.880,0.68076,0.68151,1.45,1.37
2017.11.16 22:30:05.947,0.68076,0.68142,1.45,1.00
2017.11.16 22:30:05.997,0.68076,0.68151,1.45,1.37
2017.11.16 22:30:07.736,0.68076,0.68151,1.45,1.37
2017.11.16 22:30:07.898,0.68076,0.68148,1.45,1.00
2017.11.16 22:30:07.949,0.68075,0.68151,1.45,1.37
2017.11.16 22:30:08.151,0.68078,0.68151,1.45,1.37
2017.11.16 22:30:08.674,0.68079,0.68151,1.45,1.37
2017.11.16 22:30:08.979,0.68091,0.68144,1.20,1.00
2017.11.16 22:30:09.283,0.68087,0.68136,1.45,1.00
2017.11.16 22:30:09.664,0.68088,0.68134,1.45,1.00
2017.11.16 22:30:10.197,0.68091,0.68133,1.20,1.00
2017.11.16 22:30:10.523,0.68086,0.68135,1.45,1.00
2017.11.16 22:30:10.625,0.6809,0.68133,1.45,1.00
2017.11.16 22:30:11.168,0.68085,0.68134,1.95,1.00
2017.11.16 22:30:11.219,0.68089,0.68134,1.45,1.00
2017.11.16 22:30:11.995,0.68089,0.68135,1.45,1.00
2017.11.16 22:30:12.532,0.68089,0.68135,1.45,1.00
2017.11.16 22:30:13.132,0.68088,0.68135,1.45,1.00
2017.11.16 22:30:13.183,0.68088,0.68135,1.45,1.00
2017.11.16 22:30:13.810,0.68087,0.68135,1.45,1.00
2017.11.16 22:30:13.910,0.68087,0.68135,1.45,1.00
2017.11.16 22:30:14.033,0.68087,0.68135,1.45,1.00
2017.11.16 22:30:14.087,0.68088,0.6814,1.45,1.00
2017.11.16 22:30:14.138,0.68087,0.68146,1.45,1.00
2017.11.16 22:30:14.239,0.68086,0.68139,1.45,1.00
2017.11.16 22:30:16.528,0.68087,0.68138,1.45,1.00
2017.11.16 22:30:16.783,0.68087,0.68138,1.00,1.00
2017.11.16 22:30:17.072,0.68089,0.68137,1.00,1.00
2017.11.16 22:30:17.173,0.68087,0.68138,1.00,1.00
2017.11.16 22:30:17.697,0.68087,0.68139,1.00,1.00
2017.11.16 22:30:18.860,0.68089,0.68136,1.00,1.00
2017.11.16 22:30:19.043,0.68086,0.68143,1.00,1.00
2017.11.16 22:30:19.094,0.68083,0.68144,1.00,1.00
2017.11.16 22:30:19.479,0.68081,0.68144,1.50,1.00
2017.11.16 22:30:23.415,0.68077,0.68144,1.50,1.00
2017.11.16 22:30:25.961,0.68081,0.68143,1.00,1.00
2017.11.16 22:30:29.766,0.6808,0.68145,1.00,1.00
2017.11.16 22:30:31.478,0.6808,0.68144,1.00,1.00
2017.11.16 22:30:31.629,0.68078,0.68144,1.00,1.00
2017.11.16 22:30:32.081,0.68081,0.68144,1.00,1.00
2017.11.16 22:30:32.677,0.6808,0.68143,1.00,1.00
2017.11.16 22:30:33.012,0.68083,0.6814,1.00,1.00
2017.11.16 22:30:33.361,0.68086,0.68139,1.00,1.00
2017.11.16 22:30:34.035,0.68087,0.68139,1.00,1.00
2017.11.16 22:30:34.383,0.68087,0.68136,1.00,1.00
2017.11.16 22:30:34.738,0.68092,0.68136,1.00,1.00
2017.11.16 22:30:34.840,0.68087,0.68136,1.00,1.00
2017.11.16 22:30:35.557,0.68093,0.68136,1.00,1.00
2017.11.16 22:30:35.608,0.68087,0.68136,1.00,1.00
2017.11.16 22:30:36.188,0.68087,0.68137,1.00,1.00
2017.11.16 22:30:36.848,0.68087,0.68136,1.00,1.00
2017.11.16 22:30:37.605,0.68087,0.68135,1.00,1.00
2017.11.16 22:30:40.579,0.68087,0.68136,1.00,1.00
2017.11.16 22:30:41.302,0.68087,0.68137,1.00,1.00
2017.11.16 22:30:42.240,0.68087,0.68136,1.00,1.00
2017.11.16 22:30:42.292,0.68087,0.68138,1.00,1.00
2017.11.16 22:30:42.393,0.68087,0.68139,1.45,1.00
2017.11.16 22:30:42.546,0.68087,0.68139,1.07,1.00
2017.11.16 22:30:43.180,0.68087,0.68139,1.07,1.00
2017.11.16 22:30:43.709,0.68087,0.68139,1.00,1.00
2017.11.16 22:30:56.073,0.68087,0.68137,1.00,1.00
2017.11.16 22:30:56.609,0.68087,0.68136,1.00,1.00
2017.11.16 22:30:57.211,0.68087,0.68135,1.00,1.00
2017.11.16 22:30:57.535,0.68087,0.68133,1.00,1.00
2017.11.16 22:30:58.757,0.68087,0.68136,1.00,1.00
2017.11.16 22:30:59.586,0.68087,0.68139,1.00,1.00
2017.11.16 22:31:10.258,0.6807,0.68143,1.45,1.00
2017.11.16 22:31:15.611,0.68067,0.68143,3.07,1.00
2017.11.16 22:31:16.194,0.68067,0.68143,3.07,1.00
2017.11.16 22:31:16.873,0.6807,0.68143,1.57,1.00
2017.11.16 22:31:17.224,0.68068,0.68145,1.82,1.00
2017.11.16 22:31:17.485,0.68075,0.68148,1.07,1.00
2017.11.16 22:31:17.536,0.68075,0.6815,1.07,1.00
2017.11.16 22:31:18.175,0.68074,0.6815,1.82,1.00
2017.11.16 22:31:18.727,0.68075,0.68151,1.57,1.10
2017.11.16 22:31:19.132,0.68075,0.68151,1.07,1.00
2017.11.16 22:31:19.608,0.68075,0.68151,1.57,1.00
2017.11.16 22:31:20.112,0.68075,0.6815,1.57,1.00
2017.11.16 22:31:20.677,0.68074,0.6815,1.45,1.00
2017.11.16 22:31:22.846,0.68076,0.6815,1.07,1.00
2017.11.16 22:31:23.619,0.68076,0.6815,1.07,1.00
2017.11.16 22:31:24.161,0.68077,0.68151,1.07,1.00
2017.11.16 22:31:24.730,0.68077,0.68151,1.07,1.00
2017.11.16 22:31:24.781,0.68077,0.68151,1.45,1.00
2017.11.16 22:31:25.390,0.68074,0.68151,1.45,1.00
2017.11.16 22:31:25.493,0.68074,0.68154,1.20,1.00
2017.11.16 22:31:25.594,0.68073,0.68153,2.70,1.00
2017.11.16 22:31:26.662,0.68073,0.68152,2.70,1.00
2017.11.16 22:31:26.972,0.68073,0.68151,2.32,1.00
2017.11.16 22:31:27.514,0.68074,0.68151,1.20,1.00
2017.11.16 22:31:27.930,0.68073,0.68149,3.07,1.00
2017.11.16 22:31:28.519,0.68074,0.68149,1.20,1.00
2017.11.16 22:31:29.253,0.68074,0.68149,1.20,1.00
2017.11.16 22:31:29.785,0.68075,0.68149,1.45,1.00
2017.11.16 22:31:30.204,0.68074,0.68149,1.20,1.00
2017.11.16 22:31:30.847,0.68073,0.68149,2.32,1.00
2017.11.16 22:31:31.385,0.68079,0.68147,1.00,1.00
2017.11.16 22:31:33.938,0.68089,0.68147,1.00,1.00
2017.11.16 22:31:35.172,0.68089,0.68146,1.00,1.00
2017.11.16 22:31:35.425,0.68089,0.68148,1.00,1.00
2017.11.16 22:31:35.526,0.68089,0.68146,1.00,1.00
2017.11.16 22:31:44.635,0.68096,0.68136,1.00,1.00
2017.11.16 22:31:44.897,0.68094,0.68135,1.00,1.00
2017.11.16 22:31:45.413,0.68095,0.68136,1.00,1.00
2017.11.16 22:31:45.514,0.68093,0.68137,1.00,1.00
2017.11.16 22:31:45.616,0.68096,0.68136,1.00,1.00
2017.11.16 22:31:45.667,0.68094,0.68135,1.00,1.00
2017.11.16 22:31:45.856,0.68096,0.68136,1.00,1.00
2017.11.16 22:31:46.572,0.68093,0.68136,1.45,1.00
2017.11.16 22:31:46.674,0.68095,0.68138,1.45,1.00
2017.11.16 22:31:47.225,0.68098,0.68137,1.45,1.00
2017.11.16 22:31:47.846,0.68098,0.68137,1.45,1.00
2017.11.16 22:31:48.301,0.68091,0.68139,1.45,1.00
2017.11.16 22:31:48.596,0.68089,0.68139,1.45,1.00
2017.11.16 22:31:48.647,0.6809,0.68141,1.45,1.00
2017.11.16 22:31:49.636,0.68097,0.68139,1.07,1.00
2017.11.16 22:31:50.197,0.68095,0.6814,1.45,1.00
2017.11.16 22:31:50.857,0.68095,0.6814,1.07,1.00
2017.11.16 22:31:57.028,0.68093,0.6813,1.20,1.00
2017.11.16 22:31:57.079,0.68091,0.6813,1.07,1.00
2017.11.16 22:31:57.232,0.68085,0.68133,1.45,1.00
2017.11.16 22:31:57.333,0.68094,0.68131,1.00,1.00
2017.11.16 22:31:57.384,0.68092,0.68133,1.07,1.00
2017.11.16 22:31:58.507,0.68093,0.68133,1.20,1.00
2017.11.16 22:31:59.113,0.68095,0.68132,1.10,1.00
2017.11.16 22:32:00.072,0.68099,0.68133,1.00,1.00
2017.11.16 22:32:00.123,0.68095,0.68132,1.10,1.00
2017.11.16 22:32:02.517,0.68094,0.68132,1.10,1.00
2017.11.16 22:32:02.857,0.68095,0.6813,1.00,1.00
2017.11.16 22:32:04.126,0.68093,0.68129,1.07,1.00
2017.11.16 22:32:04.665,0.68093,0.68129,1.10,1.00
2017.11.16 22:32:05.173,0.68093,0.68129,1.07,1.00
2017.11.16 22:32:05.726,0.68093,0.68129,1.07,1.00
2017.11.16 22:32:06.163,0.68093,0.68129,1.45,1.00
2017.11.16 22:32:07.211,0.68093,0.68129,1.07,1.00
2017.11.16 22:32:08.506,0.68093,0.68129,1.45,1.00
2017.11.16 22:32:09.517,0.68093,0.68129,1.07,1.00
2017.11.16 22:32:10.537,0.68093,0.68129,1.07,1.00
2017.11.16 22:32:10.588,0.68093,0.68129,1.45,1.00
2017.11.16 22:32:11.487,0.68098,0.68147,1.00,1.00
2017.11.16 22:32:11.589,0.68101,0.68148,1.00,1.00
2017.11.16 22:32:12.103,0.68095,0.6814,1.00,1.00
2017.11.16 22:32:12.863,0.68097,0.68138,1.00,1.00
2017.11.16 22:32:13.717,0.68097,0.68141,1.00,1.00
2017.11.16 22:32:17.560,0.68097,0.68139,1.00,1.00
2017.11.16 22:32:17.711,0.68097,0.68142,1.00,1.00
2017.11.16 22:32:20.069,0.68098,0.68139,1.00,1.00
2017.11.16 22:32:27.004,0.68092,0.68139,1.00,1.00
2017.11.16 22:32:27.892,0.6809,0.6814,1.00,1.00
2017.11.16 22:32:31.090,0.68089,0.6814,1.00,1.00
2017.11.16 22:32:31.325,0.68088,0.68142,1.00,1.00
2017.11.16 22:32:31.475,0.6809,0.68142,1.00,1.00
2017.11.16 22:32:31.779,0.68096,0.68146,1.00,1.00
2017.11.16 22:32:32.099,0.68098,0.68147,1.00,1.00
2017.11.16 22:32:32.551,0.68096,0.68148,1.00,1.00
2017.11.16 22:32:32.602,0.68097,0.68146,1.00,1.00
2017.11.16 22:32:32.895,0.68097,0.68148,1.00,1.00
2017.11.16 22:32:32.946,0.68099,0.68145,1.00,1.00
2017.11.16 22:32:33.048,0.68099,0.68147,1.00,1.00
2017.11.16 22:32:35.761,0.681,0.68148,1.00,1.00
2017.11.16 22:32:44.634,0.681,0.68149,1.00,1.00
2017.11.16 22:32:45.560,0.68099,0.68149,1.00,1.00
2017.11.16 22:32:46.748,0.681,0.68147,1.00,1.00
2017.11.16 22:32:52.348,0.68098,0.68146,1.00,1.00
2017.11.16 22:32:55.510,0.68098,0.68147,1.00,1.00
2017.11.16 22:32:57.086,0.68098,0.6815,1.00,1.00
2017.11.16 22:32:57.962,0.68098,0.68144,1.00,1.00
2017.11.16 22:32:58.357,0.68098,0.68141,1.00,1.00
2017.11.16 22:32:59.774,0.681,0.6814,1.00,1.00
2017.11.16 22:33:01.778,0.681,0.68139,1.00,1.00
2017.11.16 22:33:03.008,0.68098,0.68139,1.00,1.00
2017.11.16 22:33:05.602,0.68097,0.68132,1.00,1.00
2017.11.16 22:33:06.162,0.68096,0.68132,1.00,1.00
2017.11.16 22:33:08.074,0.68097,0.68132,1.00,1.00
2017.11.16 22:33:08.634,0.68095,0.68134,1.00,1.00
2017.11.16 22:33:09.516,0.68096,0.68131,1.00,1.00
2017.11.16 22:33:11.433,0.68097,0.68131,1.00,1.00
2017.11.16 22:33:11.662,0.68095,0.6813,1.00,1.00
2017.11.16 22:33:11.714,0.68095,0.68126,1.00,1.00
2017.11.16 22:33:12.391,0.68094,0.68126,1.00,1.00
2017.11.16 22:33:14.118,0.68093,0.68127,1.00,1.00
2017.11.16 22:33:15.853,0.68093,0.68125,1.00,1.00
2017.11.16 22:33:16.841,0.68091,0.68125,1.00,1.00
2017.11.16 22:33:32.503,0.68092,0.68125,1.00,1.00
2017.11.16 22:33:32.554,0.68093,0.68122,1.00,1.00
2017.11.16 22:33:32.605,0.68091,0.68127,1.00,1.00
2017.11.16 22:33:32.710,0.68092,0.6813,1.00,1.00
2017.11.16 22:33:32.951,0.68089,0.68133,1.00,1.00
2017.11.16 22:33:33.002,0.68094,0.6813,1.00,1.00
2017.11.16 22:33:33.505,0.68094,0.68131,1.00,1.00
2017.11.16 22:33:36.087,0.68095,0.68132,1.00,1.00
2017.11.16 22:33:36.557,0.68094,0.68129,1.00,1.00
2017.11.16 22:33:36.811,0.68093,0.68131,1.00,1.00
2017.11.16 22:33:36.862,0.68093,0.68131,1.07,1.00
2017.11.16 22:33:37.340,0.68093,0.68128,1.00,1.00
2017.11.16 22:33:39.912,0.68091,0.68127,1.00,1.00
2017.11.16 22:33:40.505,0.68091,0.68126,1.00,1.00
2017.11.16 22:33:42.090,0.6809,0.68123,1.00,1.00
2017.11.16 22:33:42.701,0.68089,0.68122,1.00,1.00
2017.11.16 22:33:43.394,0.68089,0.68121,1.00,1.00
2017.11.16 22:33:43.555,0.68089,0.68123,1.00,1.00
2017.11.16 22:33:43.845,0.68091,0.68125,1.00,1.00
2017.11.16 22:33:44.367,0.6809,0.68123,1.00,1.00
2017.11.16 22:33:44.715,0.6809,0.6812,1.00,1.00
2017.11.16 22:33:45.437,0.68089,0.68123,1.00,1.00
2017.11.16 22:33:46.868,0.6809,0.68124,1.00,1.00
2017.11.16 22:33:47.412,0.68089,0.68124,1.00,1.00
2017.11.16 22:33:50.523,0.6809,0.68122,1.00,1.00
2017.11.16 22:33:53.086,0.6809,0.68124,1.00,1.00
2017.11.16 22:33:53.502,0.6809,0.68122,1.00,1.00
2017.11.16 22:33:54.043,0.68089,0.68121,1.00,1.00
2017.11.16 22:33:56.747,0.68087,0.68121,1.00,1.00
2017.11.16 22:33:56.798,0.68084,0.6812,1.00,1.00
2017.11.16 22:33:56.899,0.68083,0.68117,1.00,1.00
2017.11.16 22:33:57.082,0.68074,0.68111,1.00,1.00
2017.11.16 22:33:57.234,0.68075,0.68109,1.00,1.00
2017.11.16 22:33:57.285,0.68072,0.68107,1.00,1.00
2017.11.16 22:33:57.336,0.68073,0.6811,1.00,1.10
2017.11.16 22:33:57.437,0.68071,0.68114,1.00,1.45
2017.11.16 22:33:57.488,0.68074,0.68113,1.00,1.07
2017.11.16 22:33:58.155,0.68074,0.68117,1.00,1.45
2017.11.16 22:33:58.257,0.68075,0.68114,1.00,1.20
2017.11.16 22:33:58.423,0.68072,0.68116,1.00,1.45
2017.11.16 22:33:58.490,0.68075,0.68115,1.00,1.45
2017.11.16 22:33:59.008,0.68074,0.68113,1.00,1.20
2017.11.16 22:33:59.591,0.68074,0.68113,1.00,1.20
2017.11.16 22:34:00.329,0.68074,0.68113,1.00,1.20
2017.11.16 22:34:00.988,0.68073,0.68117,1.00,1.45
2017.11.16 22:34:01.434,0.68073,0.68117,1.00,1.00
2017.11.16 22:34:01.485,0.68073,0.68119,1.00,1.00
2017.11.16 22:34:01.999,0.68073,0.68118,1.00,1.00
2017.11.16 22:34:02.502,0.68071,0.68113,1.00,1.00
2017.11.16 22:34:03.097,0.68073,0.68113,1.00,1.00
2017.11.16 22:34:03.843,0.68075,0.68114,1.00,1.00
2017.11.16 22:34:04.097,0.6808,0.68121,1.00,1.00
2017.11.16 22:34:04.724,0.68081,0.6812,1.00,1.00
2017.11.16 22:34:04.845,0.68082,0.68118,1.00,1.00
2017.11.16 22:34:05.001,0.68081,0.68121,1.00,1.00
2017.11.16 22:34:05.171,0.68082,0.68118,1.00,1.00
2017.11.16 22:34:05.502,0.68082,0.6812,1.00,1.00
2017.11.16 22:34:05.729,0.68082,0.68122,1.00,1.00
2017.11.16 22:34:06.016,0.68082,0.68126,1.00,1.00
2017.11.16 22:34:06.118,0.68082,0.68118,1.00,1.00
2017.11.16 22:34:06.502,0.68081,0.68121,1.00,1.00
2017.11.16 22:34:06.604,0.68081,0.68119,1.00,1.00
2017.11.16 22:34:06.655,0.68081,0.68121,1.00,1.00
2017.11.16 22:34:06.706,0.68082,0.68118,1.00,1.00
2017.11.16 22:34:06.757,0.68081,0.68121,1.00,1.00
2017.11.16 22:34:06.859,0.68081,0.68119,1.00,1.00
2017.11.16 22:34:06.910,0.68082,0.68121,1.00,1.00
2017.11.16 22:34:09.862,0.68086,0.68121,1.00,1.00
2017.11.16 22:34:10.667,0.68086,0.6812,1.00,1.00
2017.11.16 22:34:12.268,0.68085,0.6812,1.00,1.00
2017.11.16 22:34:12.579,0.68087,0.68122,1.00,1.00
2017.11.16 22:34:13.202,0.68088,0.68122,1.00,1.00
2017.11.16 22:34:14.505,0.68088,0.6812,1.50,1.00
2017.11.16 22:34:15.503,0.68088,0.68121,1.00,1.00
2017.11.16 22:34:15.554,0.68087,0.68123,1.00,1.00
2017.11.16 22:34:15.718,0.68087,0.68125,1.00,1.00
2017.11.16 22:34:16.963,0.68087,0.68126,1.50,1.00
2017.11.16 22:34:17.536,0.68087,0.68127,1.00,1.00
2017.11.16 22:34:17.637,0.68087,0.68124,1.00,1.00
2017.11.16 22:34:18.556,0.68088,0.68124,1.00,1.00
2017.11.16 22:34:18.895,0.6809,0.68124,1.00,1.00
2017.11.16 22:34:19.607,0.6809,0.68123,1.00,1.00
2017.11.16 22:34:21.555,0.6809,0.68124,1.00,1.00
2017.11.16 22:34:22.086,0.6809,0.68123,1.00,1.00
2017.11.16 22:34:22.137,0.68087,0.68123,1.00,1.00
2017.11.16 22:34:22.614,0.68085,0.68124,1.00,1.00
2017.11.16 22:34:31.958,0.68085,0.68123,1.00,1.00
2017.11.16 22:34:32.813,0.68083,0.68124,1.00,1.00
2017.11.16 22:34:39.815,0.68083,0.68125,1.00,1.00
2017.11.16 22:34:46.118,0.68083,0.68126,1.00,1.00
2017.11.16 22:34:47.011,0.68083,0.68125,1.00,1.00
2017.11.16 22:34:48.558,0.68083,0.68127,1.00,1.00
2017.11.16 22:34:48.614,0.68084,0.68125,1.00,1.00
2017.11.16 22:34:49.116,0.68083,0.68125,1.00,1.00
2017.11.16 22:35:05.193,0.68088,0.68121,1.00,1.00
2017.11.16 22:35:05.349,0.68079,0.68125,1.00,1.00
2017.11.16 22:35:05.400,0.68075,0.68122,1.00,1.00
2017.11.16 22:35:05.451,0.68071,0.68122,1.00,1.00
2017.11.16 22:35:05.553,0.68068,0.68123,1.00,1.00
2017.11.16 22:35:05.603,0.6807,0.68117,1.00,1.00
2017.11.16 22:35:06.012,0.68068,0.68115,1.00,1.00
2017.11.16 22:35:06.443,0.68068,0.68113,1.00,1.00
2017.11.16 22:35:07.003,0.6807,0.68112,1.00,1.00
2017.11.16 22:35:12.223,0.6807,0.68111,1.00,1.00
2017.11.16 22:35:12.527,0.68069,0.68109,1.00,1.00
2017.11.16 22:35:15.078,0.68071,0.68108,1.00,1.00
2017.11.16 22:35:17.060,0.68071,0.68109,1.00,1.00
2017.11.16 22:35:17.669,0.68071,0.6811,1.00,1.00
2017.11.16 22:35:17.949,0.68069,0.6811,1.00,1.00
2017.11.16 22:35:18.550,0.6807,0.6811,1.00,1.00
2017.11.16 22:35:19.234,0.68069,0.68109,1.00,1.00
2017.11.16 22:35:19.554,0.68071,0.68108,1.00,1.00
2017.11.16 22:35:20.331,0.6807,0.68109,1.00,1.00
2017.11.16 22:35:23.203,0.68071,0.68109,1.00,1.00
2017.11.16 22:35:24.506,0.68071,0.68109,1.45,1.00
2017.11.16 22:35:24.608,0.6807,0.68108,1.00,1.00
2017.11.16 22:35:25.396,0.6807,0.68109,1.00,1.00
2017.11.16 22:35:25.448,0.6807,0.68109,1.45,1.00
2017.11.16 22:35:25.949,0.68069,0.68108,1.95,1.00
2017.11.16 22:35:26.750,0.6807,0.68108,1.00,1.00
2017.11.16 22:35:27.079,0.68069,0.6811,1.00,1.00
2017.11.16 22:35:27.578,0.68069,0.6811,1.95,1.00
2017.11.16 22:35:27.680,0.68069,0.6811,1.00,1.00
2017.11.16 22:35:27.731,0.6807,0.6811,1.45,1.00
2017.11.16 22:35:28.255,0.6807,0.6811,1.95,1.00
2017.11.16 22:35:28.501,0.6807,0.6811,1.00,1.00
2017.11.16 22:35:29.049,0.6807,0.68111,1.00,1.00
2017.11.16 22:35:29.562,0.6807,0.6811,1.45,1.00
2017.11.16 22:35:29.613,0.6807,0.68111,1.00,1.00
2017.11.16 22:35:31.551,0.68071,0.68112,1.00,1.00
2017.11.16 22:35:32.101,0.68072,0.68109,1.00,1.00
2017.11.16 22:35:33.133,0.68071,0.68111,1.00,1.00
2017.11.16 22:35:33.555,0.68071,0.68109,1.00,1.00
2017.11.16 22:35:34.552,0.68072,0.68109,1.00,1.00
2017.11.16 22:35:35.940,0.68072,0.68108,1.45,1.00
2017.11.16 22:35:35.991,0.6807,0.6811,1.00,1.00
2017.11.16 22:35:37.504,0.6807,0.6811,1.45,1.00
2017.11.16 22:35:37.555,0.68072,0.68109,1.00,1.00
2017.11.16 22:35:38.302,0.68071,0.68109,1.00,1.00
2017.11.16 22:35:43.476,0.68071,0.6811,1.00,1.00
2017.11.16 22:35:43.978,0.68071,0.68109,1.00,1.00
2017.11.16 22:35:45.562,0.6807,0.68109,1.00,1.00
2017.11.16 22:35:47.555,0.68069,0.68109,1.00,1.00
2017.11.16 22:35:55.177,0.68069,0.68108,1.00,1.00
2017.11.16 22:35:55.880,0.6807,0.68109,1.00,1.00
2017.11.16 22:35:56.562,0.6807,0.68107,1.00,1.00
2017.11.16 22:35:57.504,0.6807,0.68107,1.45,1.00
2017.11.16 22:35:58.254,0.6807,0.68107,1.07,1.00
2017.11.16 22:35:58.306,0.6807,0.68107,1.00,1.45
2017.11.16 22:35:58.407,0.68068,0.68105,1.00,1.45
2017.11.16 22:35:58.513,0.68068,0.68105,1.00,1.00
2017.11.16 22:35:58.781,0.68065,0.68109,1.50,1.45
2017.11.16 22:35:58.897,0.68069,0.68106,1.00,1.10
2017.11.16 22:35:58.999,0.68066,0.68106,1.00,1.10
2017.11.16 22:35:59.550,0.68065,0.68108,1.50,1.45
2017.11.16 22:36:00.370,0.68065,0.68108,1.50,1.20
2017.11.16 22:36:00.894,0.68066,0.68107,1.00,1.20
2017.11.16 22:36:01.550,0.68065,0.68108,1.00,1.20
2017.11.16 22:36:02.621,0.68066,0.68107,1.00,1.07
2017.11.16 22:36:03.921,0.68065,0.6811,1.00,1.45
2017.11.16 22:36:04.407,0.68067,0.68111,1.00,1.45
2017.11.16 22:36:04.458,0.68065,0.68109,1.00,1.45
2017.11.16 22:36:04.787,0.68068,0.68107,1.00,1.00
2017.11.16 22:36:05.498,0.68069,0.68109,1.00,1.00
2017.11.16 22:36:05.703,0.68069,0.68109,1.00,1.45
2017.11.16 22:36:06.082,0.68069,0.68108,1.00,1.45
2017.11.16 22:36:06.133,0.68068,0.68109,1.00,1.45
2017.11.16 22:36:06.664,0.6807,0.68106,1.00,1.07
2017.11.16 22:36:07.499,0.68069,0.68108,1.00,1.45
2017.11.16 22:36:08.505,0.68069,0.68108,1.00,1.45
2017.11.16 22:36:08.555,0.68067,0.68107,1.00,1.45
2017.11.16 22:36:08.707,0.68068,0.68109,1.00,1.45
2017.11.16 22:36:08.878,0.68068,0.68106,1.00,1.45
2017.11.16 22:36:08.928,0.68065,0.68107,1.00,1.45
2017.11.16 22:36:08.979,0.68065,0.6811,1.00,1.45
2017.11.16 22:36:10.072,0.68065,0.68108,1.50,1.45
2017.11.16 22:36:10.124,0.68065,0.68108,1.50,1.20
2017.11.16 22:36:11.158,0.68066,0.68107,1.00,1.20
2017.11.16 22:36:11.655,0.68067,0.6811,1.00,1.45
2017.11.16 22:36:11.756,0.68067,0.68115,1.50,1.45
2017.11.16 22:36:12.312,0.68068,0.68116,1.00,1.45
2017.11.16 22:36:12.819,0.68068,0.68116,1.00,1.45
2017.11.16 22:36:13.632,0.68069,0.68113,1.00,1.45
2017.11.16 22:36:15.549,0.68067,0.68113,1.50,1.45
2017.11.16 22:36:16.306,0.68068,0.68113,1.00,1.45
2017.11.16 22:36:16.965,0.68068,0.68113,1.00,1.45
2017.11.16 22:36:17.215,0.68068,0.68113,1.00,1.00
2017.11.16 22:36:17.604,0.68068,0.68116,1.00,1.00
2017.11.16 22:36:17.905,0.6807,0.68116,1.00,1.00
2017.11.16 22:36:20.020,0.6807,0.68119,1.00,1.00
2017.11.16 22:36:20.121,0.68069,0.68116,1.50,1.00
2017.11.16 22:36:20.172,0.68069,0.68118,1.50,1.00
2017.11.16 22:36:21.001,0.68069,0.68119,1.00,1.00
2017.11.16 22:36:21.297,0.68069,0.68116,1.50,1.00
2017.11.16 22:36:22.040,0.68069,0.68119,1.00,1.00
2017.11.16 22:36:22.091,0.68069,0.68117,1.00,1.00
2017.11.16 22:36:22.651,0.68069,0.68118,1.50,1.00
2017.11.16 22:36:23.504,0.68069,0.68116,1.00,1.00
2017.11.16 22:36:24.043,0.68068,0.68119,1.00,1.00
2017.11.16 22:36:24.094,0.68069,0.68116,1.00,1.00
2017.11.16 22:36:24.498,0.68068,0.68119,1.00,1.00
2017.11.16 22:36:25.550,0.68067,0.68119,1.50,1.00
2017.11.16 22:36:26.077,0.68068,0.68117,1.00,1.00
2017.11.16 22:36:26.504,0.6807,0.68119,1.00,1.00
2017.11.16 22:36:26.904,0.68068,0.68119,1.00,1.00
2017.11.16 22:36:27.507,0.68067,0.68119,1.50,1.00
2017.11.16 22:36:28.075,0.68068,0.68117,1.50,1.00
2017.11.16 22:36:30.014,0.68068,0.68118,1.50,1.00
2017.11.16 22:36:30.564,0.68069,0.68116,1.00,1.00
2017.11.16 22:36:32.011,0.68069,0.68118,1.00,1.00
2017.11.16 22:36:32.550,0.68069,0.68116,1.00,1.00
2017.11.16 22:36:33.315,0.68067,0.68118,1.50,1.00
2017.11.16 22:36:34.080,0.68068,0.68116,1.00,1.00
2017.11.16 22:36:34.500,0.68067,0.68118,1.50,1.00
2017.11.16 22:36:35.021,0.68068,0.68117,1.00,1.00
2017.11.16 22:36:36.013,0.68068,0.68113,1.50,1.00
2017.11.16 22:36:36.064,0.68069,0.68115,1.00,1.00
2017.11.16 22:36:36.115,0.68069,0.68117,1.00,1.00
2017.11.16 22:36:36.217,0.68069,0.68119,1.00,1.00
2017.11.16 22:36:36.322,0.68068,0.68117,1.00,1.00
2017.11.16 22:36:36.424,0.68069,0.6812,1.00,1.00
2017.11.16 22:36:36.475,0.68069,0.68117,1.00,1.00
2017.11.16 22:36:36.838,0.68068,0.68114,1.50,1.00
2017.11.16 22:36:38.561,0.68068,0.68117,1.00,1.00
2017.11.16 22:36:38.662,0.68069,0.68115,1.00,1.00
2017.11.16 22:36:39.419,0.68068,0.68115,1.50,1.00
2017.11.16 22:36:39.498,0.68068,0.68117,1.50,1.00
2017.11.16 22:36:40.550,0.68069,0.68117,1.00,1.00
2017.11.16 22:36:41.008,0.68069,0.68115,1.00,1.00
2017.11.16 22:36:41.499,0.68069,0.68117,1.00,1.00
2017.11.16 22:36:42.060,0.68068,0.68116,1.00,1.00
2017.11.16 22:36:42.517,0.68068,0.68114,1.00,1.00
2017.11.16 22:36:43.009,0.68068,0.68117,1.00,1.00
2017.11.16 22:36:43.110,0.68067,0.68115,1.50,1.00
2017.11.16 22:36:43.710,0.68068,0.68114,1.50,1.00
2017.11.16 22:36:44.569,0.68069,0.68114,1.00,1.00
2017.11.16 22:36:44.891,0.68068,0.68117,1.00,1.00
2017.11.16 22:36:44.957,0.68069,0.68114,1.00,1.00
2017.11.16 22:36:45.220,0.68068,0.68116,1.00,1.00
2017.11.16 22:36:45.762,0.68068,0.68115,1.00,1.00
2017.11.16 22:36:47.143,0.68068,0.68117,1.00,1.00
2017.11.16 22:36:49.015,0.68068,0.68116,1.00,1.00
2017.11.16 22:36:49.560,0.68068,0.68117,1.00,1.00
2017.11.16 22:36:50.498,0.68068,0.68115,1.00,1.00
2017.11.16 22:36:50.806,0.68068,0.68115,1.50,1.45
2017.11.16 22:36:51.004,0.68069,0.68117,1.00,1.45
2017.11.16 22:36:51.206,0.68069,0.68115,1.00,1.45
2017.11.16 22:36:51.257,0.68067,0.68115,1.50,1.45
2017.11.16 22:36:51.840,0.68067,0.68115,1.50,1.45
2017.11.16 22:36:52.500,0.68067,0.68115,1.50,1.45
2017.11.16 22:36:53.014,0.68068,0.68116,1.50,1.45
2017.11.16 22:36:53.549,0.68068,0.68117,1.00,1.45
2017.11.16 22:36:54.549,0.68068,0.68117,1.00,1.45
2017.11.16 22:36:56.549,0.68068,0.68114,1.00,1.45
2017.11.16 22:36:56.857,0.6807,0.68115,1.00,1.45
2017.11.16 22:36:56.908,0.68068,0.68114,1.50,1.20
2017.11.16 22:36:57.500,0.68069,0.68115,1.00,1.45
2017.11.16 22:36:58.016,0.68068,0.68115,1.00,1.45
2017.11.16 22:36:59.057,0.68068,0.68114,1.50,1.45
2017.11.16 22:36:59.634,0.68067,0.68118,1.50,1.45
2017.11.16 22:36:59.685,0.68069,0.68114,1.00,1.45
2017.11.16 22:37:00.250,0.68068,0.68116,1.00,1.45
2017.11.16 22:37:00.842,0.68067,0.68115,1.50,1.45
2017.11.16 22:37:01.648,0.68068,0.68115,1.00,1.45
2017.11.16 22:37:02.881,0.68069,0.68114,1.00,1.45
2017.11.16 22:37:03.454,0.68068,0.68117,1.00,1.45
2017.11.16 22:37:04.076,0.68068,0.68115,1.50,1.45
2017.11.16 22:37:04.649,0.68068,0.68115,1.50,1.45
2017.11.16 22:37:05.312,0.68069,0.68114,1.00,1.45
2017.11.16 22:37:05.970,0.68068,0.68115,1.50,1.45
2017.11.16 22:37:06.599,0.68069,0.68114,1.00,1.45
2017.11.16 22:37:07.506,0.68069,0.68114,1.00,1.45
2017.11.16 22:37:07.557,0.68069,0.68114,1.00,1.45
2017.11.16 22:37:08.178,0.68068,0.68115,1.50,1.45
2017.11.16 22:37:09.500,0.68068,0.68117,1.00,1.45
2017.11.16 22:37:10.043,0.68069,0.68117,1.00,1.45
2017.11.16 22:37:10.601,0.68069,0.68115,1.50,1.45
2017.11.16 22:37:11.551,0.68071,0.68115,1.00,1.45
2017.11.16 22:37:12.075,0.68068,0.68115,1.50,1.45
2017.11.16 22:37:13.568,0.68068,0.68114,1.50,1.45
2017.11.16 22:37:14.501,0.68068,0.68114,1.50,1.20
2017.11.16 22:37:16.479,0.68069,0.68113,1.00,1.07
2017.11.16 22:37:19.465,0.68069,0.68113,1.50,1.45
2017.11.16 22:37:20.080,0.6807,0.68118,1.00,1.45
2017.11.16 22:37:20.185,0.68068,0.68114,1.50,1.20
2017.11.16 22:37:22.127,0.6807,0.68115,1.00,1.45
2017.11.16 22:37:22.383,0.68068,0.68116,1.50,1.45
2017.11.16 22:37:23.599,0.68068,0.68116,1.50,1.45
2017.11.16 22:37:24.127,0.68069,0.68114,1.00,1.45
2017.11.16 22:37:24.789,0.68068,0.68117,1.50,1.45
2017.11.16 22:37:26.050,0.68068,0.68115,1.00,1.45
2017.11.16 22:37:26.858,0.68069,0.68118,1.00,1.45
2017.11.16 22:37:28.077,0.6807,0.68115,1.00,1.45
2017.11.16 22:37:28.648,0.68069,0.68117,1.00,1.45
2017.11.16 22:37:29.548,0.6807,0.68117,1.00,1.45
2017.11.16 22:37:29.599,0.68068,0.68116,1.50,1.45
2017.11.16 22:37:31.579,0.68068,0.68115,1.00,1.45
2017.11.16 22:37:31.630,0.68068,0.68115,1.00,1.45
2017.11.16 22:37:32.185,0.68068,0.68115,1.00,1.45
2017.11.16 22:37:32.845,0.68068,0.68115,1.00,1.45
2017.11.16 22:37:33.505,0.68068,0.68115,1.00,1.45
2017.11.16 22:37:34.167,0.68069,0.68116,1.00,1.45
2017.11.16 22:37:34.660,0.68067,0.68117,1.00,1.45
2017.11.16 22:37:35.837,0.68067,0.68117,1.00,1.45
2017.11.16 22:37:36.175,0.6807,0.68115,1.00,1.45
2017.11.16 22:37:36.226,0.68068,0.68118,1.00,1.45
2017.11.16 22:37:36.744,0.68069,0.68116,1.00,1.45
2017.11.16 22:37:37.464,0.68068,0.68115,1.00,1.45
2017.11.16 22:37:38.132,0.68068,0.68116,1.50,1.45
2017.11.16 22:37:38.786,0.68069,0.68114,1.00,1.45
2017.11.16 22:37:39.338,0.68069,0.68114,1.00,1.45
2017.11.16 22:37:39.850,0.68069,0.68114,1.00,1.20
2017.11.16 22:37:40.008,0.68067,0.68118,1.00,1.45
2017.11.16 22:37:40.549,0.68068,0.68117,1.00,1.45
2017.11.16 22:37:41.077,0.68069,0.68114,1.00,1.45
2017.11.16 22:37:41.623,0.68068,0.68116,1.00,1.45
2017.11.16 22:37:42.150,0.68068,0.68116,1.00,1.45
2017.11.16 22:37:45.501,0.68068,0.68116,1.00,1.45
2017.11.16 22:37:46.109,0.68068,0.68116,1.00,1.45
2017.11.16 22:37:47.270,0.68068,0.68116,1.00,1.45
2017.11.16 22:37:48.903,0.68068,0.68115,1.00,1.45
2017.11.16 22:37:49.418,0.68068,0.68116,1.00,1.45
2017.11.16 22:37:50.071,0.68069,0.68116,1.00,1.45
2017.11.16 22:37:50.731,0.68069,0.68114,1.00,1.45
2017.11.16 22:37:51.498,0.68068,0.68118,1.00,1.45
2017.11.16 22:37:52.105,0.68068,0.68116,1.00,1.45
2017.11.16 22:37:52.543,0.68068,0.68116,1.00,1.45
2017.11.16 22:37:52.667,0.68068,0.68116,1.00,1.45
2017.11.16 22:37:55.503,0.68068,0.68116,1.00,1.45
2017.11.16 22:37:56.047,0.68068,0.68116,1.00,1.45
2017.11.16 22:37:58.129,0.6807,0.68115,1.00,1.45
2017.11.16 22:37:58.180,0.68068,0.68116,1.00,1.45
2017.11.16 22:37:58.230,0.68068,0.68116,1.00,1.45
2017.11.16 22:37:58.799,0.68068,0.68116,1.00,1.45
2017.11.16 22:38:01.514,0.68068,0.68115,1.00,1.45
2017.11.16 22:38:01.989,0.68068,0.68115,1.00,1.45
2017.11.16 22:38:03.500,0.68068,0.68115,1.00,1.45
2017.11.16 22:38:04.026,0.68068,0.68117,1.00,1.45
2017.11.16 22:38:04.549,0.68069,0.68116,1.00,1.45
2017.11.16 22:38:05.498,0.68068,0.68115,1.00,1.45
2017.11.16 22:38:06.002,0.68069,0.68114,1.00,1.20
2017.11.16 22:38:06.500,0.68067,0.68118,1.00,1.45
2017.11.16 22:38:07.539,0.68068,0.68114,1.00,1.45
2017.11.16 22:38:07.641,0.68067,0.6811,1.00,1.45
2017.11.16 22:38:07.692,0.68063,0.68111,1.00,1.45
2017.11.16 22:38:07.794,0.68061,0.68108,1.00,1.45
2017.11.16 22:38:07.896,0.68059,0.68107,1.00,1.45
2017.11.16 22:38:08.425,0.68059,0.68107,1.00,1.45
2017.11.16 22:38:09.586,0.68059,0.68107,1.00,1.45
2017.11.16 22:38:10.250,0.68059,0.68107,1.00,1.45
2017.11.16 22:38:11.653,0.68059,0.68107,1.00,1.45
2017.11.16 22:38:12.264,0.68059,0.68107,1.00,1.45
2017.11.16 22:38:13.789,0.68061,0.68106,1.00,1.45
2017.11.16 22:38:13.840,0.68059,0.68107,1.00,1.45
2017.11.16 22:38:13.891,0.68059,0.68107,1.00,1.45
2017.11.16 22:38:14.507,0.68059,0.68107,1.00,1.45
2017.11.16 22:38:14.712,0.68061,0.68107,1.00,1.45
2017.11.16 22:38:15.141,0.68064,0.68107,1.00,1.20
2017.11.16 22:38:15.561,0.68066,0.6811,1.00,1.45
2017.11.16 22:38:16.180,0.68066,0.6811,1.00,1.45
2017.11.16 22:38:16.723,0.68067,0.68109,1.00,1.07
2017.11.16 22:38:17.255,0.68067,0.68109,1.00,1.20
2017.11.16 22:38:18.092,0.68067,0.68109,1.00,1.20
2017.11.16 22:38:18.864,0.68067,0.68109,1.00,1.20
2017.11.16 22:38:19.501,0.68067,0.68109,1.00,1.20
2017.11.16 22:38:20.185,0.68067,0.68109,1.00,1.20
2017.11.16 22:38:20.465,0.68062,0.68109,1.00,1.45
2017.11.16 22:38:20.566,0.68061,0.68109,1.00,1.45
2017.11.16 22:38:21.073,0.6806,0.68105,1.00,1.45
2017.11.16 22:38:21.175,0.68058,0.68106,1.00,1.45
2017.11.16 22:38:21.276,0.6806,0.68104,1.00,1.45
2017.11.16 22:38:21.837,0.6806,0.68104,1.00,1.20
2017.11.16 22:38:22.076,0.68058,0.68106,1.00,1.45
2017.11.16 22:38:22.600,0.68059,0.68107,1.00,1.45
2017.11.16 22:38:23.221,0.68058,0.68106,1.00,1.45
2017.11.16 22:38:23.984,0.68058,0.68106,1.00,1.45
2017.11.16 22:38:24.240,0.68059,0.68106,1.00,1.45
2017.11.16 22:38:24.875,0.6806,0.68107,1.00,1.45
2017.11.16 22:38:25.490,0.68059,0.68106,1.00,1.45
2017.11.16 22:38:26.902,0.68059,0.68106,1.00,1.45
2017.11.16 22:38:27.660,0.6806,0.68105,1.00,1.45
2017.11.16 22:38:28.171,0.68059,0.68108,1.00,1.45
2017.11.16 22:38:30.022,0.6806,0.68107,1.00,1.45
2017.11.16 22:38:30.533,0.6806,0.68107,1.00,1.45
2017.11.16 22:38:32.434,0.68058,0.68108,1.00,1.45
2017.11.16 22:38:32.602,0.68058,0.68108,1.00,1.45
2017.11.16 22:38:33.829,0.68058,0.68108,1.00,1.45
2017.11.16 22:38:34.539,0.68058,0.68108,1.00,1.45
2017.11.16 22:38:35.530,0.68058,0.68108,1.00,1.45
2017.11.16 22:38:36.183,0.68058,0.68108,1.00,1.45
2017.11.16 22:38:37.265,0.68059,0.68107,1.00,1.45
2017.11.16 22:38:37.783,0.68059,0.68107,1.00,1.45
2017.11.16 22:38:38.554,0.68058,0.68108,1.00,1.45
2017.11.16 22:38:39.111,0.68059,0.68106,1.00,1.45
2017.11.16 22:38:39.549,0.68059,0.68107,1.00,1.45
2017.11.16 22:38:40.550,0.68059,0.68107,1.00,1.45
2017.11.16 22:38:41.093,0.68059,0.68107,1.00,1.45
2017.11.16 22:38:41.611,0.68058,0.68105,1.00,1.45
2017.11.16 22:38:42.544,0.68059,0.68106,1.00,1.45
2017.11.16 22:38:43.550,0.68059,0.68107,1.00,1.45
2017.11.16 22:38:46.639,0.68059,0.68108,1.00,1.45
2017.11.16 22:38:47.363,0.68059,0.68106,1.00,1.45
2017.11.16 22:38:47.792,0.6806,0.68104,1.00,1.45
2017.11.16 22:38:47.892,0.6806,0.68104,1.00,1.45
2017.11.16 22:38:48.498,0.68058,0.68108,1.00,1.45
2017.11.16 22:38:49.403,0.68059,0.68105,1.00,1.45
2017.11.16 22:38:50.106,0.6806,0.68104,1.00,1.45
2017.11.16 22:38:50.499,0.68058,0.68108,1.00,1.45
2017.11.16 22:38:51.074,0.68059,0.68105,1.00,1.45
2017.11.16 22:38:51.603,0.68058,0.68108,1.00,1.45
2017.11.16 22:38:52.417,0.68058,0.68108,1.00,1.45
2017.11.16 22:38:54.669,0.68059,0.68105,1.00,1.45
2017.11.16 22:38:56.479,0.6806,0.68105,1.00,1.45
2017.11.16 22:38:57.020,0.68059,0.68108,1.00,1.45
2017.11.16 22:38:57.699,0.6806,0.68105,1.00,1.45
2017.11.16 22:38:58.235,0.68059,0.68108,1.00,1.45
2017.11.16 22:38:58.821,0.6806,0.68107,1.00,1.45
2017.11.16 22:38:59.520,0.6806,0.68107,1.00,1.45
2017.11.16 22:38:59.621,0.6806,0.68107,1.00,1.45
2017.11.16 22:39:00.158,0.6806,0.68107,1.00,1.45
2017.11.16 22:39:04.513,0.6806,0.68105,1.00,1.20
2017.11.16 22:39:07.239,0.68058,0.68105,1.00,1.45
2017.11.16 22:39:08.239,0.6806,0.68103,1.00,1.07
2017.11.16 22:39:08.290,0.68058,0.68104,1.00,1.07
2017.11.16 22:39:08.923,0.68058,0.68104,1.00,1.20
2017.11.16 22:39:09.549,0.68058,0.68104,1.00,1.45
2017.11.16 22:39:10.554,0.68059,0.68101,1.00,1.07
2017.11.16 22:39:11.504,0.68059,0.68101,1.00,1.10
2017.11.16 22:39:12.157,0.68059,0.68101,1.00,1.07
2017.11.16 22:39:15.081,0.68059,0.68101,1.00,1.10
2017.11.16 22:39:15.200,0.68059,0.681,1.00,1.07
2017.11.16 22:39:15.953,0.68058,0.681,1.00,1.07
2017.11.16 22:39:16.470,0.68058,0.681,1.00,1.00
2017.11.16 22:39:17.271,0.68058,0.68102,1.00,1.07
2017.11.16 22:39:17.932,0.68057,0.68101,1.00,1.07
2017.11.16 22:39:20.705,0.68057,0.68101,1.00,1.10
2017.11.16 22:39:24.502,0.68057,0.68101,1.00,1.07
2017.11.16 22:39:28.192,0.68057,0.68103,1.00,1.07
2017.11.16 22:39:32.555,0.68058,0.68103,1.00,1.07
2017.11.16 22:39:36.419,0.68057,0.68103,1.00,1.07
2017.11.16 22:39:36.888,0.68059,0.68104,1.00,1.20
2017.11.16 22:39:38.130,0.68059,0.68104,1.00,1.45
2017.11.16 22:39:38.713,0.68059,0.68104,1.00,1.45
2017.11.16 22:39:39.542,0.68059,0.68104,1.00,1.45
2017.11.16 22:39:40.152,0.68059,0.68104,1.00,1.45
2017.11.16 22:39:41.608,0.68059,0.68104,1.00,1.45
2017.11.16 22:39:44.563,0.68059,0.68101,1.10,1.95
2017.11.16 22:39:45.502,0.68059,0.68101,1.00,1.07
2017.11.16 22:39:45.554,0.68059,0.68101,1.10,1.95
2017.11.16 22:39:48.546,0.6806,0.68101,1.00,1.45
2017.11.16 22:39:49.080,0.6806,0.68101,1.00,1.45
2017.11.16 22:39:49.613,0.6806,0.68101,1.00,1.20
2017.11.16 22:39:51.513,0.6806,0.68101,1.00,1.20
2017.11.16 22:39:52.051,0.6806,0.68101,1.00,1.20
2017.11.16 22:39:52.505,0.6806,0.68101,1.00,1.45
2017.11.16 22:39:53.040,0.6806,0.68101,1.00,1.45
2017.11.16 22:39:56.078,0.6806,0.68101,1.00,1.20
2017.11.16 22:39:56.772,0.68059,0.68111,1.00,1.45
2017.11.16 22:39:57.500,0.68059,0.68111,1.00,1.45
2017.11.16 22:39:57.703,0.68057,0.681,1.00,1.07
2017.11.16 22:39:57.999,0.68057,0.68099,1.00,1.07
2017.11.16 22:39:59.572,0.68057,0.68099,1.00,1.10
2017.11.16 22:39:59.701,0.68057,0.68099,1.00,1.20
2017.11.16 22:40:00.512,0.68057,0.68099,1.00,1.07
2017.11.16 22:40:02.106,0.68057,0.68098,1.00,1.07
2017.11.16 22:40:03.896,0.68057,0.68098,1.00,1.10
2017.11.16 22:40:05.509,0.68057,0.68098,1.00,1.07
2017.11.16 22:40:06.087,0.68057,0.68098,1.00,1.10
2017.11.16 22:40:08.511,0.68057,0.68098,1.00,1.07
2017.11.16 22:40:09.514,0.68057,0.68098,1.00,1.10
2017.11.16 22:40:14.498,0.68057,0.68099,1.00,1.20
2017.11.16 22:40:17.498,0.68057,0.68099,1.00,1.10
2017.11.16 22:40:18.020,0.68057,0.68099,1.00,1.07
2017.11.16 22:40:19.552,0.68056,0.68098,1.00,1.10
2017.11.16 22:40:20.329,0.68056,0.68098,1.00,1.07
2017.11.16 22:40:20.988,0.68056,0.68098,1.00,1.10
2017.11.16 22:40:28.563,0.68056,0.68099,1.00,1.20
2017.11.16 22:40:29.287,0.68056,0.68099,1.00,1.45
2017.11.16 22:40:30.183,0.68057,0.68098,1.00,1.45
2017.11.16 22:40:31.870,0.68056,0.68098,1.00,1.45
2017.11.16 22:40:32.673,0.68055,0.68097,1.00,1.20
2017.11.16 22:40:33.247,0.68054,0.68097,1.00,1.20
2017.11.16 22:40:33.871,0.68055,0.68096,1.00,1.20
2017.11.16 22:40:34.497,0.68054,0.68099,1.00,1.45
2017.11.16 22:40:39.532,0.68055,0.68095,1.00,1.07
2017.11.16 22:40:39.883,0.68055,0.68093,1.00,1.07
2017.11.16 22:40:40.962,0.68055,0.68093,1.00,1.00
2017.11.16 22:40:46.898,0.68054,0.68093,1.00,1.10
2017.11.16 22:40:47.939,0.68055,0.68095,1.00,1.07
2017.11.16 22:40:48.469,0.68055,0.68095,1.00,1.07
2017.11.16 22:40:48.800,0.68055,0.68095,1.00,1.45
2017.11.16 22:40:49.512,0.68054,0.68095,1.00,1.07
2017.11.16 22:40:50.067,0.68056,0.68096,1.00,1.20
2017.11.16 22:40:50.169,0.68054,0.68096,1.00,1.20
2017.11.16 22:40:51.551,0.68053,0.68096,1.00,1.20
2017.11.16 22:40:52.501,0.68053,0.68095,1.10,1.45
2017.11.16 22:40:53.090,0.68054,0.68093,1.00,1.45
2017.11.16 22:40:53.497,0.68054,0.68093,1.00,1.10
2017.11.16 22:40:54.976,0.68053,0.68095,1.00,1.20
2017.11.16 22:40:55.999,0.68053,0.68095,1.00,1.07
2017.11.16 22:40:56.051,0.68055,0.68094,1.00,1.10
2017.11.16 22:40:57.541,0.68053,0.68096,1.00,1.20
2017.11.16 22:40:58.043,0.68053,0.68096,1.00,1.20
2017.11.16 22:40:59.502,0.68053,0.68095,1.00,1.20
2017.11.16 22:41:01.605,0.68053,0.68095,1.00,1.20
2017.11.16 22:41:02.598,0.68053,0.68095,1.00,1.20
2017.11.16 22:41:02.733,0.68055,0.68095,1.00,1.20
2017.11.16 22:41:03.549,0.68055,0.68095,1.00,1.20
2017.11.16 22:41:04.313,0.68054,0.68095,1.00,1.20
2017.11.16 22:41:04.974,0.68054,0.68095,1.00,1.20
2017.11.16 22:41:05.498,0.68054,0.68095,1.00,1.20
2017.11.16 22:41:06.019,0.68055,0.68094,1.00,1.07
2017.11.16 22:41:08.080,0.68055,0.68094,1.00,1.45
2017.11.16 22:41:09.499,0.68055,0.68094,1.00,1.20
2017.11.16 22:41:10.510,0.68055,0.68095,1.00,1.20
2017.11.16 22:41:11.843,0.68055,0.68095,1.00,1.20
2017.11.16 22:41:12.501,0.68055,0.68095,1.00,1.95
2017.11.16 22:41:13.390,0.68056,0.68092,1.00,1.45
2017.11.16 22:41:14.216,0.68056,0.68092,1.00,1.45
2017.11.16 22:41:14.501,0.68056,0.68092,1.00,1.10
2017.11.16 22:41:14.552,0.68054,0.68094,1.00,1.07
2017.11.16 22:41:15.513,0.68054,0.68094,1.00,1.95
2017.11.16 22:41:15.615,0.68054,0.68093,1.00,1.07
2017.11.16 22:41:16.194,0.68055,0.68094,1.00,1.07
2017.11.16 22:41:16.857,0.68055,0.68094,1.00,1.20
2017.11.16 22:41:18.552,0.68054,0.68093,1.00,1.45
2017.11.16 22:41:19.165,0.68054,0.68093,1.00,1.45
2017.11.16 22:41:21.093,0.68054,0.68093,1.00,1.45
2017.11.16 22:41:23.521,0.68054,0.68093,1.00,1.07
2017.11.16 22:41:24.027,0.68055,0.68094,1.00,1.07
2017.11.16 22:41:25.003,0.68055,0.68094,1.00,1.20
2017.11.16 22:41:25.573,0.68056,0.68093,1.00,1.07
2017.11.16 22:41:27.511,0.68056,0.68093,1.00,1.20
2017.11.16 22:41:28.499,0.68056,0.68093,1.00,1.07
2017.11.16 22:41:29.550,0.68056,0.68092,1.00,1.45
2017.11.16 22:41:30.059,0.68056,0.68092,1.00,1.45
2017.11.16 22:41:30.788,0.68055,0.68094,1.00,1.95
2017.11.16 22:41:31.363,0.68055,0.68092,1.00,1.45
2017.11.16 22:41:31.512,0.68055,0.68092,1.00,1.07
2017.11.16 22:41:31.614,0.68054,0.68095,1.00,1.95
2017.11.16 22:41:32.098,0.68054,0.68093,1.00,1.07
2017.11.16 22:41:32.700,0.68055,0.68094,1.00,1.20
2017.11.16 22:41:33.992,0.68053,0.68095,1.00,1.45
2017.11.16 22:41:35.295,0.68054,0.68095,1.00,1.20
2017.11.16 22:41:38.498,0.68054,0.68095,1.00,1.45
2017.11.16 22:41:41.082,0.68054,0.68094,1.00,1.45
2017.11.16 22:41:41.274,0.68054,0.68094,1.00,1.45
2017.11.16 22:41:41.818,0.68054,0.68094,1.00,1.45
2017.11.16 22:41:42.189,0.68054,0.68094,1.00,1.07
2017.11.16 22:41:42.966,0.68055,0.68094,1.00,1.20
2017.11.16 22:41:43.780,0.68055,0.68094,1.00,1.07
2017.11.16 22:41:43.831,0.68053,0.68094,1.00,1.07
2017.11.16 22:41:44.570,0.68053,0.68094,1.00,1.45
2017.11.16 22:41:45.346,0.68052,0.68094,1.00,1.45
2017.11.16 22:41:46.007,0.68052,0.68094,1.00,1.45
2017.11.16 22:41:49.509,0.68052,0.68094,1.00,1.45
2017.11.16 22:41:49.628,0.6805,0.68089,1.00,1.20
2017.11.16 22:41:49.729,0.68051,0.6809,1.00,1.45
2017.11.16 22:41:49.897,0.6805,0.68091,1.00,1.45
2017.11.16 22:41:50.049,0.6805,0.68091,1.00,1.07
2017.11.16 22:41:50.386,0.68052,0.68092,1.00,1.20
2017.11.16 22:41:50.885,0.68051,0.68092,1.00,1.95
2017.11.16 22:41:50.936,0.6805,0.68091,1.00,1.45
2017.11.16 22:41:51.456,0.6805,0.68091,1.00,1.20
2017.11.16 22:41:53.549,0.6805,0.68091,1.00,1.45
2017.11.16 22:41:54.709,0.6805,0.68091,1.00,1.20
2017.11.16 22:41:55.416,0.6805,0.68091,1.00,1.45
2017.11.16 22:41:57.792,0.6805,0.68091,1.00,1.20
2017.11.16 22:41:58.493,0.6805,0.6809,1.00,1.07
2017.11.16 22:42:00.525,0.6805,0.6809,1.00,1.07
2017.11.16 22:42:00.611,0.6805,0.6809,1.00,1.45
2017.11.16 22:42:01.135,0.68049,0.68092,1.00,1.45
2017.11.16 22:42:01.771,0.68049,0.68092,1.00,1.45
2017.11.16 22:42:04.051,0.6805,0.68092,1.00,1.45
2017.11.16 22:42:05.623,0.68051,0.68088,1.00,1.07
2017.11.16 22:42:08.511,0.68051,0.68088,1.00,1.07
2017.11.16 22:42:09.121,0.6805,0.68087,1.00,1.10
2017.11.16 22:42:09.781,0.6805,0.68087,1.00,1.07
2017.11.16 22:42:10.329,0.68052,0.68103,1.00,1.45
2017.11.16 22:42:10.380,0.68052,0.68107,1.00,1.45
2017.11.16 22:42:10.431,0.68054,0.68114,1.00,1.45
2017.11.16 22:42:10.482,0.68057,0.68113,1.00,1.45
2017.11.16 22:42:10.836,0.68057,0.6811,1.00,1.00
2017.11.16 22:42:15.163,0.68056,0.68112,1.00,1.00
2017.11.16 22:42:18.104,0.68059,0.68112,1.00,1.00
2017.11.16 22:42:21.400,0.68059,0.68111,1.00,1.00
2017.11.16 22:42:22.585,0.68059,0.68112,1.00,1.00
2017.11.16 22:42:23.657,0.6806,0.6811,1.00,1.00
2017.11.16 22:42:24.392,0.68059,0.6811,1.00,1.00
2017.11.16 22:42:27.082,0.68057,0.6811,1.00,1.00
2017.11.16 22:42:32.913,0.68058,0.6811,1.00,1.00
2017.11.16 22:42:42.728,0.68059,0.68109,1.00,1.00
2017.11.16 22:43:01.842,0.68064,0.68105,1.00,1.00
2017.11.16 22:43:01.994,0.68059,0.68109,1.00,1.00
2017.11.16 22:43:04.904,0.68058,0.68112,1.00,1.00
2017.11.16 22:43:04.955,0.68058,0.68114,1.50,1.00
2017.11.16 22:43:05.684,0.68059,0.68114,1.00,1.00
2017.11.16 22:43:06.295,0.68061,0.68114,1.00,1.00
2017.11.16 22:43:18.030,0.68061,0.68115,1.00,1.00
2017.11.16 22:43:18.886,0.68067,0.68116,1.00,1.45
2017.11.16 22:43:18.937,0.6807,0.68118,1.00,1.20
2017.11.16 22:43:19.038,0.6807,0.68121,1.00,1.45
2017.11.16 22:43:19.683,0.68071,0.68122,1.00,1.45
2017.11.16 22:43:21.375,0.68078,0.68122,1.00,1.20
2017.11.16 22:43:21.526,0.6808,0.68125,1.00,1.45
2017.11.16 22:43:21.853,0.68077,0.68126,1.00,1.20
2017.11.16 22:43:24.149,0.68081,0.68125,1.00,1.07
2017.11.16 22:43:24.200,0.68078,0.68126,1.00,1.20
2017.11.16 22:43:29.415,0.68078,0.68124,1.00,1.07
2017.11.16 22:43:29.913,0.68081,0.68125,1.00,1.20
2017.11.16 22:43:31.642,0.68081,0.68125,1.00,1.20
2017.11.16 22:43:32.325,0.68081,0.68125,1.00,1.45
2017.11.16 22:43:32.885,0.68081,0.68125,1.00,1.20
2017.11.16 22:43:34.256,0.68078,0.68126,1.00,1.45
2017.11.16 22:43:34.500,0.68082,0.68125,1.00,1.20
2017.11.16 22:43:35.004,0.68078,0.68126,1.00,1.45
2017.11.16 22:43:35.106,0.68082,0.68125,1.00,1.20
2017.11.16 22:43:38.647,0.68082,0.68125,1.00,1.45
2017.11.16 22:43:39.509,0.68082,0.68125,1.00,1.20
2017.11.16 22:43:40.218,0.68082,0.68125,1.00,1.45
2017.11.16 22:43:40.462,0.68077,0.68126,1.00,1.45
2017.11.16 22:43:40.564,0.68077,0.68126,1.00,1.45
2017.11.16 22:43:41.245,0.68077,0.68126,1.00,1.45
2017.11.16 22:43:41.907,0.68077,0.68126,1.00,1.45
2017.11.16 22:43:42.618,0.68077,0.68126,1.00,1.45
2017.11.16 22:43:44.068,0.68078,0.68122,1.00,1.07
2017.11.16 22:43:46.189,0.68077,0.68124,1.00,1.45
2017.11.16 22:43:46.857,0.68077,0.68124,1.00,1.45
2017.11.16 22:43:47.510,0.68077,0.68124,1.00,1.45
2017.11.16 22:43:49.370,0.68077,0.68124,1.00,1.20
2017.11.16 22:43:49.926,0.68077,0.68124,1.00,1.20
2017.11.16 22:43:51.502,0.68077,0.68124,1.00,1.45
2017.11.16 22:43:52.075,0.68078,0.68122,1.00,1.07
2017.11.16 22:43:52.598,0.68077,0.68124,1.00,1.20
2017.11.16 22:43:53.499,0.68077,0.68124,1.00,1.20
2017.11.16 22:43:54.072,0.68079,0.68121,1.00,1.10
2017.11.16 22:43:54.833,0.68078,0.68123,1.00,1.07
2017.11.16 22:44:00.800,0.68078,0.68123,1.00,1.10
2017.11.16 22:44:01.082,0.68078,0.68123,1.00,1.07
2017.11.16 22:44:02.520,0.68078,0.68123,1.00,1.10
2017.11.16 22:44:03.092,0.68077,0.68125,1.00,1.07
2017.11.16 22:44:03.754,0.68077,0.68125,1.00,1.20
2017.11.16 22:44:04.292,0.68078,0.68125,1.00,1.20
2017.11.16 22:44:05.097,0.68078,0.68125,1.00,1.20
2017.11.16 22:44:07.600,0.68078,0.68125,1.00,1.45
2017.11.16 22:44:08.327,0.68077,0.68123,1.00,1.20
2017.11.16 22:44:09.073,0.68077,0.68122,1.00,1.07
2017.11.16 22:44:09.499,0.68081,0.6812,1.00,1.10
2017.11.16 22:44:09.550,0.68077,0.68122,1.00,1.07
2017.11.16 22:44:10.968,0.68077,0.68122,1.00,1.07
2017.11.16 22:44:11.717,0.68077,0.68122,1.00,1.07
2017.11.16 22:44:12.095,0.68081,0.6812,1.00,1.10
2017.11.16 22:44:12.146,0.68076,0.68123,1.00,1.07
2017.11.16 22:44:14.499,0.68076,0.68123,1.00,1.07
2017.11.16 22:44:15.407,0.68079,0.68123,1.00,1.07
2017.11.16 22:44:16.566,0.68084,0.68124,1.00,1.45
2017.11.16 22:44:17.600,0.68084,0.68124,1.00,1.45
2017.11.16 22:44:19.322,0.68085,0.6812,1.00,1.07
2017.11.16 22:44:19.933,0.68085,0.6812,1.00,1.10
2017.11.16 22:44:20.537,0.68085,0.6812,1.00,1.07
2017.11.16 22:44:24.291,0.68085,0.6812,1.00,1.10
2017.11.16 22:44:25.501,0.68085,0.6812,1.00,1.07
2017.11.16 22:44:26.202,0.68085,0.6812,1.00,1.10
2017.11.16 22:44:26.841,0.68085,0.6812,1.00,1.07
2017.11.16 22:44:29.288,0.68085,0.6812,1.00,1.10
2017.11.16 22:44:29.803,0.68085,0.6812,1.00,1.07
2017.11.16 22:44:34.352,0.68084,0.68122,1.00,1.07
2017.11.16 22:44:35.743,0.68084,0.68122,1.00,1.07
2017.11.16 22:44:38.252,0.68084,0.68122,1.00,1.45
2017.11.16 22:44:39.078,0.68084,0.68122,1.00,1.20
2017.11.16 22:44:42.483,0.68084,0.68122,1.00,1.07
2017.11.16 22:44:42.534,0.68081,0.68123,1.00,1.07
2017.11.16 22:44:43.945,0.68081,0.68123,1.00,1.20
2017.11.16 22:44:44.047,0.68081,0.68116,1.00,1.00
2017.11.16 22:44:44.692,0.6808,0.68117,1.00,1.00
2017.11.16 22:44:46.178,0.68081,0.68115,1.00,1.00
2017.11.16 22:44:49.361,0.68084,0.68117,1.00,1.00
2017.11.16 22:44:49.444,0.68082,0.68116,1.00,1.00
2017.11.16 22:44:49.494,0.68085,0.68117,1.00,1.00
2017.11.16 22:44:49.691,0.68083,0.68116,1.00,1.00
2017.11.16 22:44:50.509,0.68085,0.68117,1.00,1.00
2017.11.16 22:44:50.758,0.68082,0.68117,1.00,1.00
2017.11.16 22:44:50.809,0.68086,0.68117,1.00,1.00
2017.11.16 22:44:50.958,0.68082,0.68117,1.00,1.00
2017.11.16 22:44:51.069,0.68085,0.68117,1.00,1.00
2017.11.16 22:44:51.120,0.68081,0.68117,1.00,1.00
2017.11.16 22:44:51.261,0.68085,0.68117,1.00,1.00
2017.11.16 22:44:51.496,0.68081,0.68117,1.00,1.00
2017.11.16 22:44:52.553,0.68085,0.68117,1.00,1.00
2017.11.16 22:44:53.128,0.68082,0.68116,1.00,1.00
2017.11.16 22:44:55.072,0.68085,0.68117,1.00,1.00
2017.11.16 22:44:57.071,0.68082,0.68116,1.00,1.00
2017.11.16 22:44:57.902,0.68086,0.68116,1.00,1.00
2017.11.16 22:44:58.251,0.68083,0.68113,1.00,1.00
2017.11.16 22:44:58.497,0.68084,0.68116,1.00,1.00
2017.11.16 22:44:59.498,0.68082,0.68115,1.00,1.00
2017.11.16 22:44:59.650,0.68085,0.68117,1.00,1.00
2017.11.16 22:45:00.106,0.68083,0.68113,1.00,1.00
2017.11.16 22:45:00.157,0.68084,0.68116,1.00,1.00
2017.11.16 22:45:00.943,0.68082,0.68114,1.00,1.00
2017.11.16 22:45:01.466,0.68084,0.68116,1.00,1.00
2017.11.16 22:45:01.517,0.68081,0.68117,1.00,1.00
2017.11.16 22:45:01.644,0.68085,0.68117,1.00,1.00
2017.11.16 22:45:02.087,0.68083,0.68113,1.00,1.00
2017.11.16 22:45:02.498,0.68084,0.68116,1.00,1.00
2017.11.16 22:45:02.599,0.68082,0.68116,1.00,1.00
2017.11.16 22:45:02.745,0.68085,0.68117,1.00,1.00
2017.11.16 22:45:04.072,0.68082,0.68114,1.00,1.00
2017.11.16 22:45:04.498,0.68084,0.68116,1.00,1.00
2017.11.16 22:45:04.642,0.68081,0.68117,1.00,1.00
2017.11.16 22:45:04.693,0.68085,0.68117,1.00,1.00
2017.11.16 22:45:05.498,0.68081,0.68117,1.00,1.00
2017.11.16 22:45:05.907,0.68086,0.68116,1.00,1.00
2017.11.16 22:45:06.090,0.68082,0.68116,1.00,1.00
2017.11.16 22:45:09.229,0.68081,0.68114,1.00,1.00
2017.11.16 22:45:11.073,0.6808,0.68116,1.00,1.00
2017.11.16 22:45:13.161,0.68081,0.68114,1.00,1.00
2017.11.16 22:45:15.498,0.68081,0.68116,1.00,1.00
2017.11.16 22:45:18.243,0.68081,0.68117,1.00,1.00
2017.11.16 22:45:20.431,0.68082,0.68117,1.00,1.00
2017.11.16 22:45:25.681,0.68082,0.68118,1.00,1.00
2017.11.16 22:45:25.732,0.6808,0.68122,1.00,1.07
2017.11.16 22:45:25.783,0.6808,0.68119,1.00,1.10
2017.11.16 22:45:28.072,0.68081,0.68121,1.00,1.07
2017.11.16 22:45:28.594,0.68081,0.68118,1.00,1.00
2017.11.16 22:45:28.645,0.68081,0.68121,1.00,1.07
2017.11.16 22:45:29.159,0.6808,0.68119,1.00,1.00
2017.11.16 22:45:29.680,0.68081,0.68121,1.00,1.07
2017.11.16 22:45:30.194,0.68081,0.68118,1.00,1.00
2017.11.16 22:45:30.726,0.68081,0.68121,1.00,1.07
2017.11.16 22:45:31.245,0.6808,0.68119,1.00,1.00
2017.11.16 22:45:31.768,0.68081,0.68121,1.00,1.07
2017.11.16 22:45:32.288,0.6808,0.68119,1.00,1.10
2017.11.16 22:45:32.560,0.68081,0.68121,1.00,1.10
2017.11.16 22:45:32.725,0.6808,0.68119,1.00,1.00
2017.11.16 22:45:34.072,0.68081,0.68121,1.00,1.10
2017.11.16 22:45:34.141,0.6808,0.68119,1.00,1.00
2017.11.16 22:45:34.192,0.6808,0.68122,1.00,1.07
2017.11.16 22:45:34.370,0.6808,0.68119,1.00,1.00
2017.11.16 22:45:34.542,0.68081,0.68121,1.00,1.10
2017.11.16 22:45:34.639,0.68081,0.68119,1.00,1.00
2017.11.16 22:45:35.076,0.6808,0.68123,1.00,1.07
2017.11.16 22:45:36.508,0.6808,0.68123,1.00,1.20
2017.11.16 22:45:38.501,0.6808,0.68123,1.00,1.07
2017.11.16 22:45:39.546,0.6808,0.68123,1.00,1.20
2017.11.16 22:45:41.069,0.6808,0.68123,1.00,1.20
2017.11.16 22:45:42.657,0.68081,0.68122,1.00,1.07
2017.11.16 22:45:48.303,0.68079,0.68124,1.00,1.45
2017.11.16 22:45:51.534,0.68079,0.68124,1.00,1.45
2017.11.16 22:45:51.861,0.68083,0.68124,1.00,1.20
2017.11.16 22:45:51.912,0.68079,0.68124,1.00,1.20
2017.11.16 22:45:53.515,0.68083,0.68124,1.00,1.20
2017.11.16 22:45:53.566,0.68079,0.68124,1.00,1.20
2017.11.16 22:45:54.480,0.68085,0.68119,1.00,1.00
2017.11.16 22:45:54.749,0.6808,0.68123,1.00,1.07
2017.11.16 22:45:54.850,0.68084,0.68122,1.00,1.07
2017.11.16 22:45:54.901,0.6808,0.68123,1.00,1.07
2017.11.16 22:45:55.465,0.68084,0.68132,1.00,1.45
2017.11.16 22:45:55.516,0.68081,0.68129,1.00,1.45
2017.11.16 22:45:55.567,0.68084,0.68128,1.00,1.45
2017.11.16 22:45:55.618,0.68079,0.68131,1.00,1.45
2017.11.16 22:45:55.734,0.68085,0.68127,1.00,1.45
2017.11.16 22:45:55.887,0.6808,0.68131,1.00,1.45
2017.11.16 22:45:56.058,0.68084,0.68128,1.00,1.45
2017.11.16 22:45:56.238,0.6808,0.68131,1.00,1.45
2017.11.16 22:45:56.407,0.68084,0.68128,1.00,1.45
2017.11.16 22:45:56.620,0.68082,0.68127,1.00,1.45
2017.11.16 22:45:56.798,0.68085,0.6813,1.00,1.45
2017.11.16 22:45:57.537,0.68081,0.68128,1.00,1.45
2017.11.16 22:45:58.532,0.68084,0.68131,1.00,1.45
2017.11.16 22:45:58.583,0.68081,0.68128,1.00,1.45
2017.11.16 22:45:58.635,0.68084,0.68131,1.00,1.45
2017.11.16 22:45:58.686,0.68082,0.68128,1.00,1.45
2017.11.16 22:45:58.737,0.68085,0.68127,1.00,1.45
2017.11.16 22:45:58.854,0.68082,0.6813,1.00,1.45
2017.11.16 22:45:59.009,0.68084,0.68128,1.00,1.45
2017.11.16 22:45:59.072,0.68081,0.68128,1.00,1.45
2017.11.16 22:46:00.907,0.68084,0.68131,1.00,1.45
2017.11.16 22:46:01.069,0.68081,0.68128,1.00,1.45
2017.11.16 22:46:01.497,0.68085,0.6813,1.00,1.45
2017.11.16 22:46:02.160,0.68085,0.6813,1.00,1.45
2017.11.16 22:46:02.523,0.68082,0.68128,1.00,1.45
2017.11.16 22:46:02.637,0.68085,0.6813,1.00,1.45
2017.11.16 22:46:02.688,0.68082,0.68128,1.00,1.45
2017.11.16 22:46:02.977,0.68085,0.6813,1.00,1.45
2017.11.16 22:46:03.036,0.68081,0.68129,1.00,1.45
2017.11.16 22:46:03.498,0.68084,0.68131,1.00,1.45
2017.11.16 22:46:03.549,0.68082,0.68128,1.00,1.45
2017.11.16 22:46:05.127,0.68085,0.6813,1.00,1.45
2017.11.16 22:46:05.598,0.68081,0.68129,1.00,1.45
2017.11.16 22:46:07.047,0.68084,0.68131,1.00,1.45
2017.11.16 22:46:07.098,0.68081,0.68129,1.00,1.45
2017.11.16 22:46:07.149,0.68084,0.68131,1.00,1.45
2017.11.16 22:46:07.550,0.68081,0.68129,1.00,1.45
2017.11.16 22:46:08.531,0.68084,0.68131,1.00,1.45
2017.11.16 22:46:09.086,0.68081,0.68129,1.00,1.45
2017.11.16 22:46:10.550,0.68081,0.68129,1.00,1.45
2017.11.16 22:46:11.075,0.68084,0.68131,1.00,1.45
2017.11.16 22:46:11.844,0.68084,0.68131,1.00,1.45
2017.11.16 22:46:13.078,0.68081,0.68129,1.00,1.45
2017.11.16 22:46:14.480,0.68084,0.68131,1.00,1.45
2017.11.16 22:46:14.531,0.68082,0.68132,1.00,1.45
2017.11.16 22:46:14.636,0.68084,0.68133,1.00,1.45
2017.11.16 22:46:15.068,0.68081,0.68133,1.00,1.45
2017.11.16 22:46:16.512,0.68081,0.68133,1.00,1.45
2017.11.16 22:46:16.799,0.68084,0.68133,1.00,1.45
2017.11.16 22:46:16.902,0.68079,0.68132,1.00,1.45
2017.11.16 22:46:17.497,0.68084,0.68131,1.00,1.45
2017.11.16 22:46:18.200,0.68084,0.68131,1.00,1.45
2017.11.16 22:46:18.497,0.68081,0.68131,1.00,1.45
2017.11.16 22:46:19.077,0.68083,0.68132,1.00,1.45
2017.11.16 22:46:19.468,0.68085,0.68131,1.00,1.45
2017.11.16 22:46:19.519,0.68082,0.68131,1.00,1.45
2017.11.16 22:46:19.570,0.68085,0.68131,1.00,1.45
2017.11.16 22:46:19.815,0.68081,0.68132,1.00,1.45
2017.11.16 22:46:20.498,0.68084,0.68132,1.00,1.45
2017.11.16 22:46:20.550,0.68082,0.68131,1.00,1.45
2017.11.16 22:46:20.718,0.68086,0.68128,1.00,1.45
2017.11.16 22:46:20.769,0.68081,0.68129,1.00,1.45
2017.11.16 22:46:20.820,0.68084,0.68132,1.00,1.45
2017.11.16 22:46:20.871,0.6808,0.68132,1.00,1.45
2017.11.16 22:46:21.058,0.68084,0.68132,1.00,1.45
2017.11.16 22:46:21.159,0.68081,0.68131,1.00,1.45
2017.11.16 22:46:21.574,0.68081,0.68131,1.00,1.45
2017.11.16 22:46:24.498,0.68084,0.68132,1.00,1.45
2017.11.16 22:46:24.550,0.68082,0.68131,1.00,1.45
2017.11.16 22:46:24.733,0.68085,0.68131,1.00,1.45
2017.11.16 22:46:24.784,0.6808,0.68132,1.00,1.45
2017.11.16 22:46:25.470,0.68084,0.68132,1.00,1.45
2017.11.16 22:46:25.521,0.68081,0.68131,1.00,1.00
2017.11.16 22:46:25.623,0.68084,0.68131,1.00,1.00
2017.11.16 22:46:25.776,0.68079,0.68132,1.00,1.00
2017.11.16 22:46:25.837,0.68079,0.68125,1.00,1.00
2017.11.16 22:46:26.201,0.68077,0.68121,1.00,1.00
2017.11.16 22:46:26.452,0.68078,0.68123,1.00,1.00
2017.11.16 22:46:26.503,0.68082,0.68122,1.00,1.00
2017.11.16 22:46:26.554,0.6808,0.68123,1.00,1.00
2017.11.16 22:46:26.605,0.68082,0.68122,1.00,1.00
2017.11.16 22:46:26.955,0.68077,0.68121,1.00,1.00
2017.11.16 22:46:27.074,0.68074,0.68121,1.00,1.00
2017.11.16 22:46:27.245,0.68077,0.6812,1.00,1.00
2017.11.16 22:46:30.306,0.68074,0.68121,1.00,1.00
2017.11.16 22:46:30.513,0.68073,0.68118,1.00,1.00
2017.11.16 22:46:30.665,0.68068,0.68114,1.00,1.00
2017.11.16 22:46:30.787,0.68069,0.68116,1.00,1.00
2017.11.16 22:46:30.979,0.68068,0.68114,1.00,1.00
2017.11.16 22:46:31.164,0.68063,0.68111,1.00,1.00
2017.11.16 22:46:31.266,0.68063,0.68113,1.00,1.00
2017.11.16 22:46:31.317,0.68063,0.68109,1.00,1.00
2017.11.16 22:46:31.931,0.68065,0.68109,1.00,1.00
2017.11.16 22:46:32.760,0.68063,0.68108,1.00,1.00
2017.11.16 22:46:32.811,0.68065,0.68109,1.00,1.00
2017.11.16 22:46:33.504,0.68063,0.68095,1.00,1.00
2017.11.16 22:46:33.707,0.68061,0.68096,1.00,1.00
2017.11.16 22:46:35.006,0.68057,0.68094,1.00,1.00
2017.11.16 22:46:35.057,0.6806,0.68095,1.00,1.00
2017.11.16 22:46:44.077,0.68057,0.68095,1.00,1.00
2017.11.16 22:46:44.228,0.68059,0.68095,1.00,1.00
2017.11.16 22:46:44.992,0.68058,0.68095,1.00,1.00
2017.11.16 22:46:45.671,0.68058,0.68097,1.00,1.00
2017.11.16 22:46:48.423,0.6806,0.68097,1.00,1.00
2017.11.16 22:46:49.971,0.68057,0.68097,1.00,1.00
2017.11.16 22:46:50.073,0.68059,0.68097,1.00,1.00
2017.11.16 22:46:52.785,0.68059,0.68095,1.00,1.00
2017.11.16 22:46:55.264,0.68057,0.68095,1.00,1.00
2017.11.16 22:46:55.873,0.68057,0.68096,1.00,1.00
2017.11.16 22:46:57.137,0.68061,0.68097,1.00,1.00
2017.11.16 22:46:57.188,0.68058,0.681,1.00,1.00
2017.11.16 22:46:57.239,0.68058,0.68096,1.00,1.00
2017.11.16 22:46:57.855,0.68058,0.68097,1.00,1.00
2017.11.16 22:47:01.198,0.68057,0.68094,1.00,1.00
2017.11.16 22:47:01.249,0.68055,0.68094,1.00,1.00
2017.11.16 22:47:01.904,0.68055,0.68093,1.00,1.00
2017.11.16 22:47:02.172,0.68057,0.68093,1.00,1.00
2017.11.16 22:47:03.455,0.68056,0.68093,1.00,1.00
2017.11.16 22:47:04.706,0.6805,0.68086,1.00,1.00
2017.11.16 22:47:04.808,0.68051,0.68088,1.00,1.00
2017.11.16 22:47:04.859,0.68051,0.6809,1.00,1.00
2017.11.16 22:47:05.094,0.68048,0.68092,1.00,1.00
2017.11.16 22:47:06.170,0.68049,0.68097,1.00,1.00
2017.11.16 22:47:06.296,0.68051,0.68097,1.00,1.50
2017.11.16 22:47:06.626,0.68053,0.68097,1.00,1.00
2017.11.16 22:47:10.241,0.68051,0.68097,1.00,1.00
2017.11.16 22:47:10.518,0.68054,0.68097,1.00,1.00
2017.11.16 22:47:10.853,0.68054,0.68095,1.00,1.00
2017.11.16 22:47:12.717,0.68053,0.68095,1.00,1.00
2017.11.16 22:47:19.319,0.68053,0.68094,1.00,1.00
2017.11.16 22:47:20.112,0.68054,0.68094,1.00,1.00
2017.11.16 22:47:22.073,0.68054,0.68095,1.00,1.00
2017.11.16 22:47:22.760,0.68054,0.68096,1.00,1.00
2017.11.16 22:47:24.078,0.68054,0.68094,1.00,1.00
2017.11.16 22:47:24.129,0.68054,0.68096,1.00,1.00
2017.11.16 22:47:28.939,0.68055,0.68096,1.00,1.00
2017.11.16 22:47:29.619,0.68056,0.68096,1.00,1.00
2017.11.16 22:47:30.303,0.68055,0.68096,1.00,1.00
2017.11.16 22:47:33.119,0.68055,0.68097,1.00,1.00
2017.11.16 22:47:33.720,0.68055,0.68096,1.00,1.00
2017.11.16 22:47:34.051,0.68055,0.68098,1.00,1.00
2017.11.16 22:47:34.592,0.68056,0.68097,1.00,1.00
2017.11.16 22:47:35.113,0.68056,0.68098,1.00,1.00
2017.11.16 22:47:36.996,0.68057,0.68097,1.00,1.00
2017.11.16 22:47:37.047,0.68055,0.68099,1.00,1.00
2017.11.16 22:47:40.218,0.68054,0.68099,1.00,1.00
2017.11.16 22:47:40.909,0.68053,0.68099,1.00,1.00
2017.11.16 22:47:41.595,0.68052,0.68099,1.00,1.00
2017.11.16 22:47:44.286,0.68052,0.68095,1.00,1.00
2017.11.16 22:47:44.766,0.68051,0.68093,1.00,1.00
2017.11.16 22:47:49.742,0.6805,0.68093,1.00,1.00
2017.11.16 22:47:51.115,0.68051,0.681,1.00,1.00
2017.11.16 22:47:51.167,0.68053,0.681,1.00,1.00
2017.11.16 22:47:51.830,0.68053,0.68099,1.00,1.00
2017.11.16 22:47:54.936,0.68052,0.68098,1.00,1.00
2017.11.16 22:47:56.127,0.68056,0.68097,1.00,1.00
2017.11.16 22:47:56.845,0.68055,0.68096,1.00,1.00
2017.11.16 22:47:59.896,0.68059,0.68097,1.00,1.00
2017.11.16 22:48:00.606,0.68056,0.68097,1.00,1.00
2017.11.16 22:48:06.078,0.68057,0.68097,1.00,1.00
2017.11.16 22:48:06.584,0.68058,0.68097,1.00,1.00
2017.11.16 22:48:06.939,0.68056,0.68097,1.00,1.00
2017.11.16 22:48:09.365,0.68057,0.68097,1.00,1.00
2017.11.16 22:48:10.438,0.68057,0.68096,1.00,1.00
2017.11.16 22:48:10.951,0.6806,0.68098,1.00,1.00
2017.11.16 22:48:11.277,0.68069,0.68105,1.00,1.00
2017.11.16 22:48:13.095,0.68066,0.68105,1.00,1.00
2017.11.16 22:48:13.691,0.68065,0.68105,1.00,1.00
2017.11.16 22:48:14.357,0.68066,0.68105,1.00,1.00
2017.11.16 22:48:16.372,0.68065,0.68106,1.00,1.00
2017.11.16 22:48:16.890,0.68066,0.68106,1.00,1.00
2017.11.16 22:48:21.160,0.68066,0.68104,1.00,1.00
2017.11.16 22:48:21.669,0.68066,0.68107,1.00,1.00
2017.11.16 22:48:23.069,0.68065,0.68107,1.00,1.00
2017.11.16 22:48:24.926,0.68063,0.68106,1.00,1.00
2017.11.16 22:48:25.190,0.68064,0.68108,1.00,1.00
2017.11.16 22:48:25.671,0.68064,0.68106,1.00,1.00
2017.11.16 22:48:26.360,0.68065,0.68106,1.00,1.00
2017.11.16 22:48:29.087,0.68063,0.68106,1.00,1.00
2017.11.16 22:48:29.336,0.68067,0.68106,1.00,1.00
2017.11.16 22:48:33.633,0.68067,0.68107,1.00,1.00
2017.11.16 22:48:34.832,0.68065,0.68107,1.00,1.00
2017.11.16 22:48:42.085,0.68068,0.68107,1.00,1.00
2017.11.16 22:48:45.180,0.68066,0.68106,1.00,1.00
2017.11.16 22:48:46.716,0.68066,0.68105,1.00,1.00
2017.11.16 22:48:47.327,0.68066,0.68106,1.00,1.00
2017.11.16 22:48:48.698,0.68067,0.68106,1.00,1.00
2017.11.16 22:48:56.487,0.68067,0.68105,1.00,1.00
2017.11.16 22:48:57.373,0.68067,0.68106,1.00,1.00
2017.11.16 22:49:01.267,0.68065,0.68106,1.00,1.00
2017.11.16 22:49:02.290,0.68065,0.68106,1.60,1.00
2017.11.16 22:49:03.841,0.68066,0.68105,1.60,1.00
2017.11.16 22:49:04.373,0.68066,0.68106,1.00,1.00
2017.11.16 22:49:04.917,0.68066,0.68105,1.00,1.00
2017.11.16 22:49:05.662,0.68067,0.68105,1.00,1.00
2017.11.16 22:49:06.320,0.68066,0.68106,1.00,1.00
2017.11.16 22:49:06.922,0.68066,0.68105,1.00,1.00
2017.11.16 22:49:07.647,0.68065,0.68106,1.00,1.00
2017.11.16 22:49:09.316,0.68063,0.68105,1.00,1.00
2017.11.16 22:49:09.367,0.68065,0.68106,1.00,1.00
2017.11.16 22:49:14.302,0.68064,0.68108,1.00,1.00
2017.11.16 22:49:14.353,0.68063,0.68106,1.00,1.00
2017.11.16 22:49:14.404,0.68064,0.68108,1.00,1.00
2017.11.16 22:49:14.498,0.68064,0.68106,1.00,1.00
2017.11.16 22:49:15.497,0.68065,0.68107,1.00,1.00
2017.11.16 22:49:15.860,0.68063,0.68106,1.00,1.00
2017.11.16 22:49:17.141,0.68064,0.68108,1.00,1.00
2017.11.16 22:49:17.192,0.68064,0.68106,1.00,1.00
2017.11.16 22:49:17.243,0.68064,0.68108,1.00,1.00
2017.11.16 22:49:17.293,0.68067,0.68105,1.00,1.00
2017.11.16 22:49:17.344,0.68064,0.68108,1.00,1.00
2017.11.16 22:49:17.396,0.68064,0.68106,1.00,1.00
2017.11.16 22:49:17.451,0.68064,0.68109,1.00,1.00
2017.11.16 22:49:19.921,0.68064,0.68108,1.00,1.00
2017.11.16 22:49:21.088,0.68065,0.68105,1.00,1.00
2017.11.16 22:49:31.750,0.68065,0.68106,1.00,1.00
2017.11.16 22:49:34.953,0.68066,0.68106,1.00,1.00
2017.11.16 22:49:48.783,0.68065,0.68106,1.00,1.00
2017.11.16 22:50:01.818,0.68064,0.68108,1.00,1.00
2017.11.16 22:50:03.823,0.68064,0.68107,1.00,1.00
2017.11.16 22:50:11.007,0.68066,0.68107,1.00,1.00
2017.11.16 22:50:11.167,0.68064,0.68108,1.00,1.00
2017.11.16 22:50:11.435,0.68066,0.68107,1.00,1.00
2017.11.16 22:50:15.510,0.68064,0.68108,1.00,1.00
2017.11.16 22:50:15.680,0.68066,0.68107,1.00,1.00
2017.11.16 22:50:17.233,0.68064,0.68108,1.00,1.00
2017.11.16 22:50:17.787,0.68066,0.68107,1.00,1.00
2017.11.16 22:50:20.051,0.68065,0.68107,1.00,1.00
2017.11.16 22:50:21.509,0.68065,0.68108,1.00,1.00
2017.11.16 22:50:22.117,0.68065,0.68109,1.00,1.00
2017.11.16 22:50:22.524,0.68064,0.68106,1.00,1.00
2017.11.16 22:50:23.131,0.68065,0.68107,1.00,1.00
2017.11.16 22:50:23.989,0.68064,0.68106,1.00,1.00
2017.11.16 22:50:24.090,0.68064,0.68108,1.00,1.00
2017.11.16 22:50:25.140,0.68064,0.68107,1.00,1.00
2017.11.16 22:50:29.306,0.68063,0.68107,1.00,1.00
2017.11.16 22:50:29.362,0.68066,0.68106,1.00,1.00
2017.11.16 22:50:30.610,0.68065,0.68109,1.00,1.00
2017.11.16 22:50:30.879,0.68065,0.68107,1.00,1.00
2017.11.16 22:50:30.981,0.68063,0.68109,1.00,1.00
2017.11.16 22:50:31.082,0.68061,0.68108,1.00,1.00
2017.11.16 22:50:31.183,0.68065,0.68109,1.00,1.00
2017.11.16 22:50:32.273,0.68061,0.68108,1.00,1.00
2017.11.16 22:50:32.324,0.68065,0.68109,1.00,1.00
2017.11.16 22:50:32.469,0.68063,0.68109,1.00,1.00
2017.11.16 22:50:32.621,0.68061,0.68108,1.00,1.00
2017.11.16 22:50:32.672,0.68065,0.68109,1.00,1.00
2017.11.16 22:50:33.735,0.68063,0.68109,1.00,1.00
2017.11.16 22:50:33.786,0.68066,0.68108,1.00,1.00
2017.11.16 22:50:34.428,0.68068,0.68108,1.00,1.00
2017.11.16 22:50:36.342,0.68069,0.68106,1.00,1.00
2017.11.16 22:50:40.642,0.68069,0.68107,1.00,1.00
2017.11.16 22:50:40.956,0.68067,0.68107,1.00,1.00
2017.11.16 22:50:41.158,0.68069,0.68107,1.00,1.00
2017.11.16 22:50:41.259,0.68067,0.68107,1.00,1.00
2017.11.16 22:50:42.158,0.68067,0.68108,1.00,1.00
2017.11.16 22:50:42.348,0.68068,0.68106,1.00,1.00
2017.11.16 22:50:44.211,0.68067,0.68108,1.00,1.00
2017.11.16 22:50:44.529,0.68068,0.68106,1.00,1.00
2017.11.16 22:50:46.060,0.68067,0.68108,1.00,1.00
2017.11.16 22:50:46.163,0.68068,0.68106,1.00,1.00
2017.11.16 22:50:47.316,0.68068,0.68107,1.00,1.00
2017.11.16 22:50:48.943,0.68068,0.68106,1.00,1.00
2017.11.16 22:50:49.503,0.68068,0.68105,1.00,1.00
2017.11.16 22:50:49.675,0.68067,0.68108,1.00,1.00
2017.11.16 22:50:49.777,0.68069,0.68107,1.00,1.00
2017.11.16 22:50:50.309,0.68068,0.68106,1.00,1.00
2017.11.16 22:50:50.520,0.68067,0.68108,1.00,1.00
2017.11.16 22:50:51.175,0.68068,0.68108,1.00,1.00
2017.11.16 22:50:51.226,0.68068,0.68106,1.00,1.00
2017.11.16 22:50:52.910,0.68069,0.68107,1.00,1.00
2017.11.16 22:50:53.507,0.68068,0.68106,1.00,1.00
2017.11.16 22:50:53.609,0.68067,0.68108,1.00,1.00
2017.11.16 22:50:54.163,0.68069,0.68107,1.00,1.00
2017.11.16 22:51:03.947,0.68069,0.68108,1.00,1.00
2017.11.16 22:51:10.011,0.6807,0.68105,1.00,1.00
2017.11.16 22:51:13.144,0.6807,0.68107,1.00,1.00
2017.11.16 22:51:13.653,0.68069,0.68107,1.00,1.00
2017.11.16 22:51:14.866,0.6807,0.68107,1.00,1.00
2017.11.16 22:51:18.972,0.6807,0.68106,1.00,1.00
2017.11.16 22:51:35.191,0.68073,0.68109,1.00,1.00
2017.11.16 22:51:38.173,0.68074,0.68109,1.00,1.00
2017.11.16 22:51:38.225,0.68069,0.68107,1.00,1.00
2017.11.16 22:51:38.276,0.68071,0.68105,1.00,1.00
2017.11.16 22:51:38.858,0.68074,0.68108,1.00,1.00
2017.11.16 22:51:39.347,0.68079,0.68109,1.00,1.00
2017.11.16 22:51:40.886,0.68074,0.68109,1.00,1.00
2017.11.16 22:51:41.363,0.68072,0.68109,1.00,1.00
2017.11.16 22:51:41.414,0.68071,0.68107,1.00,1.00
2017.11.16 22:51:41.799,0.68074,0.68108,1.00,1.00
2017.11.16 22:51:41.938,0.68073,0.6811,1.00,1.00
2017.11.16 22:51:42.444,0.68077,0.6811,1.00,1.00
2017.11.16 22:51:42.918,0.68075,0.68109,1.00,1.00
2017.11.16 22:51:43.475,0.68075,0.68108,1.00,1.00
2017.11.16 22:51:49.032,0.68074,0.6811,1.00,1.00
2017.11.16 22:51:54.003,0.68076,0.68109,1.00,1.00
2017.11.16 22:52:04.110,0.68079,0.68111,1.00,1.00
2017.11.16 22:52:04.161,0.68075,0.6811,1.00,1.00
2017.11.16 22:52:05.261,0.68075,0.68111,1.00,1.00
2017.11.16 22:52:05.312,0.68079,0.68111,1.00,1.00
2017.11.16 22:52:05.363,0.68075,0.6811,1.00,1.00
2017.11.16 22:52:06.359,0.6808,0.68111,1.00,1.00
2017.11.16 22:52:10.078,0.68076,0.6811,1.00,1.00
2017.11.16 22:52:19.093,0.68075,0.6811,1.00,1.00
2017.11.16 22:52:26.462,0.68077,0.68109,1.00,1.00
2017.11.16 22:52:26.837,0.68083,0.6811,1.00,1.00
2017.11.16 22:52:34.122,0.68083,0.68111,1.00,1.00
2017.11.16 22:52:41.524,0.6808,0.68108,1.00,1.00
2017.11.16 22:52:41.828,0.68082,0.68111,1.00,1.00
2017.11.16 22:52:49.152,0.68083,0.68111,1.00,1.00
2017.11.16 22:53:01.824,0.68083,0.68112,1.00,1.00
2017.11.16 22:53:16.962,0.68084,0.68113,1.00,1.00
2017.11.16 22:53:17.012,0.68086,0.68113,1.00,1.00
2017.11.16 22:53:18.407,0.68087,0.68113,1.00,1.00
2017.11.16 22:53:19.212,0.68085,0.68114,1.00,1.00
2017.11.16 22:53:34.242,0.68087,0.68113,1.00,1.00
2017.11.16 22:53:47.283,0.68086,0.68115,1.00,1.00
2017.11.16 22:53:48.044,0.68089,0.68115,1.00,1.00
2017.11.16 22:53:48.554,0.68088,0.68116,1.00,1.50
2017.11.16 22:54:05.377,0.68086,0.68113,1.00,1.00
2017.11.16 22:54:09.527,0.68074,0.68114,1.45,1.00
2017.11.16 22:54:09.682,0.68071,0.68111,1.45,1.00
2017.11.16 22:54:09.733,0.68065,0.68108,1.00,1.00
2017.11.16 22:54:09.784,0.68083,0.68112,1.00,1.00
2017.11.16 22:54:09.987,0.68081,0.68111,1.00,1.00
2017.11.16 22:54:10.038,0.68078,0.68112,1.00,1.00
2017.11.16 22:54:10.089,0.68081,0.6811,1.00,1.00
2017.11.16 22:54:10.140,0.68078,0.68109,1.00,1.00
2017.11.16 22:54:10.191,0.68081,0.68109,1.00,1.00
2017.11.16 22:54:10.514,0.68083,0.6811,1.00,1.00
2017.11.16 22:54:10.617,0.68084,0.68113,1.00,1.00
2017.11.16 22:54:46.204,0.68084,0.68112,1.00,1.00
2017.11.16 22:55:04.412,0.68084,0.68113,1.00,1.00
2017.11.16 22:55:10.053,0.68083,0.6811,1.00,1.00
2017.11.16 22:55:10.375,0.68085,0.68111,1.00,1.00
2017.11.16 22:55:27.531,0.68086,0.68112,1.00,1.00
2017.11.16 22:55:31.650,0.68085,0.68112,1.00,1.00
2017.11.16 22:55:32.210,0.68085,0.68113,1.00,1.00
2017.11.16 22:55:34.472,0.68085,0.68112,1.00,1.00
2017.11.16 22:55:55.113,0.68087,0.68112,1.00,1.00
2017.11.16 22:55:55.164,0.68086,0.68117,1.00,1.00
2017.11.16 22:55:55.215,0.68092,0.68122,1.00,1.00
2017.11.16 22:55:55.518,0.68103,0.68129,1.00,1.00
2017.11.16 22:55:55.947,0.68105,0.6813,1.00,1.00
2017.11.16 22:55:59.120,0.68103,0.68131,1.00,1.00
2017.11.16 22:55:59.792,0.68104,0.68131,1.00,1.00
2017.11.16 22:56:08.458,0.68103,0.68131,1.00,1.00
2017.11.16 22:56:15.412,0.68103,0.68129,1.00,1.00
2017.11.16 22:56:17.607,0.68103,0.6813,1.00,1.00
2017.11.16 22:56:22.625,0.68103,0.68129,1.00,1.00
2017.11.16 22:57:04.652,0.68102,0.68129,1.00,1.00
2017.11.16 22:57:10.579,0.68101,0.68129,1.00,1.00
2017.11.16 22:57:19.688,0.68102,0.68129,1.00,1.00
2017.11.16 22:57:34.743,0.68101,0.68129,1.00,1.00
2017.11.16 22:57:42.572,0.68101,0.68126,1.00,1.00
2017.11.16 22:57:49.742,0.68102,0.68126,1.00,1.00
2017.11.16 22:58:05.972,0.68101,0.68126,1.00,1.00
2017.11.16 22:58:06.978,0.68101,0.68125,1.00,1.00
2017.11.16 22:58:14.328,0.681,0.68126,1.00,1.00
2017.11.16 22:58:17.800,0.68101,0.68126,1.00,1.00
2017.11.16 22:58:19.106,0.68094,0.68122,1.00,1.00
2017.11.16 22:58:19.207,0.68091,0.68116,1.00,1.00
2017.11.16 22:58:19.514,0.68089,0.68113,1.00,1.00
2017.11.16 22:58:19.638,0.68085,0.68113,1.00,1.00
2017.11.16 22:58:19.689,0.68083,0.68109,1.00,1.00
2017.11.16 22:58:19.994,0.6808,0.68105,1.00,1.00
2017.11.16 22:58:20.165,0.68074,0.68103,1.00,1.00
2017.11.16 22:58:20.216,0.68076,0.68103,1.00,1.00
2017.11.16 22:58:20.476,0.68074,0.68102,1.00,1.00
2017.11.16 22:58:20.528,0.68077,0.68103,1.00,1.00
2017.11.16 22:58:20.578,0.68074,0.68101,1.00,1.00
2017.11.16 22:58:20.688,0.68078,0.68101,1.00,1.00
2017.11.16 22:58:21.132,0.68074,0.68102,1.00,1.00
2017.11.16 22:58:21.183,0.68078,0.68101,1.00,1.00
2017.11.16 22:58:21.234,0.68074,0.68101,1.00,1.00
2017.11.16 22:58:21.285,0.68077,0.68103,1.00,1.00
2017.11.16 22:58:21.594,0.68074,0.68102,1.00,1.00
2017.11.16 22:58:21.764,0.68077,0.68102,1.00,1.00
2017.11.16 22:58:21.865,0.68074,0.68101,1.00,1.00
2017.11.16 22:58:21.944,0.68078,0.68102,1.00,1.00
2017.11.16 22:58:22.114,0.68075,0.681,1.00,1.00
2017.11.16 22:58:22.165,0.68077,0.68102,1.00,1.00
2017.11.16 22:58:22.215,0.68074,0.68101,1.00,1.00
2017.11.16 22:58:22.317,0.68077,0.68102,1.00,1.00
2017.11.16 22:58:22.541,0.68075,0.68101,1.00,1.00
2017.11.16 22:58:22.603,0.68078,0.68101,1.00,1.00
2017.11.16 22:58:22.654,0.68073,0.681,1.00,1.00
2017.11.16 22:58:22.705,0.68076,0.68101,1.00,1.00
2017.11.16 22:58:22.946,0.68073,0.681,1.00,1.00
2017.11.16 22:58:23.284,0.68076,0.68101,1.00,1.00
2017.11.16 22:58:23.335,0.68074,0.68104,1.00,1.00
2017.11.16 22:58:30.590,0.68074,0.68107,1.00,1.00
2017.11.16 22:58:30.796,0.6808,0.68108,1.00,1.00
2017.11.16 22:58:31.048,0.68086,0.68118,1.00,1.00
2017.11.16 22:58:31.099,0.68088,0.68118,1.00,1.00
2017.11.16 22:58:31.432,0.68095,0.6812,1.00,1.00
2017.11.16 22:58:31.483,0.68094,0.68125,1.00,1.00
2017.11.16 22:58:31.534,0.68096,0.68126,1.00,1.00
2017.11.16 22:58:31.840,0.68102,0.68128,1.00,1.00
2017.11.16 22:58:31.891,0.68099,0.68128,1.00,1.00
2017.11.16 22:58:32.082,0.68103,0.68129,1.00,1.00
2017.11.16 22:58:34.833,0.68103,0.68128,1.00,1.00
2017.11.16 22:58:36.072,0.68102,0.68128,1.00,1.00
2017.11.16 22:58:39.093,0.68101,0.68127,1.00,1.00
2017.11.16 22:58:39.195,0.68092,0.6812,1.00,1.00
2017.11.16 22:59:19.937,0.68091,0.68119,1.00,1.00
2017.11.16 22:59:21.121,0.6809,0.68119,1.00,1.00
2017.11.16 22:59:32.948,0.68091,0.6812,1.00,1.00
2017.11.16 22:59:48.612,0.68089,0.68117,1.00,1.00
2017.11.16 22:59:48.925,0.68084,0.6811,1.00,1.00
2017.11.16 22:59:49.983,0.68083,0.6811,1.00,1.00
