2017.11.07 15:00:00.027,0.68992,0.69013,1.00,1.57
2017.11.07 15:00:00.373,0.68991,0.69013,2.25,1.57
2017.11.07 15:00:00.677,0.68991,0.6901,2.25,1.20
2017.11.07 15:00:00.992,0.68991,0.69009,2.25,1.47
2017.11.07 15:00:02.182,0.68986,0.69009,1.20,1.45
2017.11.07 15:00:02.766,0.68986,0.69007,1.12,1.00
2017.11.07 15:00:02.867,0.68986,0.69005,1.12,1.00
2017.11.07 15:00:03.213,0.68986,0.69007,1.12,1.00
2017.11.07 15:00:03.623,0.68986,0.69007,2.62,1.00
2017.11.07 15:00:04.692,0.68986,0.69007,2.25,1.87
2017.11.07 15:00:05.620,0.68986,0.69003,2.25,1.00
2017.11.07 15:00:06.024,0.68985,0.69003,1.00,1.00
2017.11.07 15:00:06.647,0.68987,0.69003,1.00,1.00
2017.11.07 15:00:06.781,0.68983,0.69003,1.20,1.00
2017.11.07 15:00:08.671,0.68983,0.69002,1.20,1.00
2017.11.07 15:00:08.722,0.68983,0.69002,1.10,1.00
2017.11.07 15:00:09.269,0.68984,0.69002,1.00,1.00
2017.11.07 15:00:09.928,0.68984,0.69003,1.00,1.50
2017.11.07 15:00:11.027,0.68984,0.69002,1.00,1.00
2017.11.07 15:00:11.578,0.68985,0.69002,1.00,1.50
2017.11.07 15:00:11.815,0.68983,0.69002,1.00,1.50
2017.11.07 15:00:11.967,0.68983,0.69,1.00,1.00
2017.11.07 15:00:12.459,0.68985,0.69,1.00,1.00
2017.11.07 15:00:13.810,0.68981,0.69,1.50,1.00
2017.11.07 15:00:14.135,0.68983,0.69,1.00,1.00
2017.11.07 15:00:14.687,0.68983,0.68999,1.50,1.00
2017.11.07 15:00:15.375,0.68983,0.68997,1.50,1.00
2017.11.07 15:00:15.426,0.68983,0.68999,1.50,1.50
2017.11.07 15:00:16.384,0.68982,0.68997,1.00,1.00
2017.11.07 15:00:16.985,0.68981,0.68998,1.12,1.50
2017.11.07 15:00:18.576,0.6898,0.68997,1.00,1.00
2017.11.07 15:00:20.944,0.6898,0.68995,1.00,1.00
2017.11.07 15:00:21.536,0.68979,0.68995,1.12,1.00
2017.11.07 15:00:21.868,0.68981,0.68995,1.00,1.00
2017.11.07 15:00:21.946,0.68979,0.68995,1.12,1.00
2017.11.07 15:00:23.137,0.68978,0.68995,1.00,1.50
2017.11.07 15:00:23.188,0.68977,0.68993,1.00,1.00
2017.11.07 15:00:23.891,0.68979,0.68993,1.00,1.00
2017.11.07 15:00:24.476,0.6898,0.68996,1.00,1.50
2017.11.07 15:00:24.527,0.68982,0.68996,1.00,1.00
2017.11.07 15:00:24.578,0.68982,0.68999,1.12,1.50
2017.11.07 15:00:24.731,0.68984,0.68999,1.00,1.00
2017.11.07 15:00:25.499,0.68983,0.69,1.00,1.50
2017.11.07 15:00:26.091,0.68984,0.69,1.00,1.50
2017.11.07 15:00:26.192,0.68984,0.69002,1.12,2.25
2017.11.07 15:00:26.621,0.68984,0.69,1.12,1.00
2017.11.07 15:00:27.259,0.68985,0.69,1.00,1.00
2017.11.07 15:00:28.322,0.68986,0.69,1.00,1.00
2017.11.07 15:00:28.373,0.68987,0.69002,1.00,1.00
2017.11.07 15:00:28.424,0.68989,0.69002,1.00,1.00
2017.11.07 15:00:28.729,0.68986,0.69002,1.12,1.00
2017.11.07 15:00:28.961,0.68985,0.69,1.00,1.00
2017.11.07 15:00:30.342,0.68984,0.69001,1.00,1.50
2017.11.07 15:00:30.755,0.68988,0.69003,1.00,1.00
2017.11.07 15:00:32.165,0.68989,0.69003,1.00,1.00
2017.11.07 15:00:32.485,0.68987,0.69003,1.12,1.00
2017.11.07 15:00:33.121,0.68988,0.69003,1.12,1.00
2017.11.07 15:00:33.882,0.68987,0.69003,1.12,1.00
2017.11.07 15:00:34.417,0.68988,0.69003,1.00,1.00
2017.11.07 15:00:34.930,0.68987,0.69003,1.12,1.00
2017.11.07 15:00:35.531,0.68988,0.69003,1.12,1.00
2017.11.07 15:00:36.242,0.68989,0.69003,1.00,1.00
2017.11.07 15:00:38.077,0.68989,0.69004,1.00,1.00
2017.11.07 15:00:42.203,0.68988,0.69005,1.00,1.50
2017.11.07 15:00:42.305,0.68988,0.69003,1.00,1.00
2017.11.07 15:00:42.356,0.68988,0.69005,1.00,1.00
2017.11.07 15:00:42.849,0.68988,0.69003,1.00,1.00
2017.11.07 15:00:43.206,0.68986,0.69002,1.50,1.00
2017.11.07 15:00:43.257,0.68988,0.69005,1.00,1.50
2017.11.07 15:00:43.308,0.6899,0.69006,1.00,1.50
2017.11.07 15:00:43.611,0.68993,0.69006,1.00,1.00
2017.11.07 15:00:43.806,0.68993,0.6901,1.00,2.25
2017.11.07 15:00:44.363,0.68993,0.69009,1.00,1.00
2017.11.07 15:00:44.414,0.68993,0.69007,1.00,1.00
2017.11.07 15:00:45.652,0.68993,0.69009,1.00,1.50
2017.11.07 15:00:46.007,0.68991,0.69007,1.00,1.00
2017.11.07 15:00:46.312,0.68989,0.69004,1.00,1.00
2017.11.07 15:00:47.036,0.68989,0.69005,1.00,1.50
2017.11.07 15:00:48.382,0.68988,0.69005,1.00,1.50
2017.11.07 15:00:52.164,0.6899,0.69005,1.00,1.00
2017.11.07 15:00:52.688,0.68991,0.69006,1.00,1.50
2017.11.07 15:00:53.196,0.68992,0.69007,1.00,1.50
2017.11.07 15:00:53.699,0.68991,0.69006,1.00,1.00
2017.11.07 15:00:56.924,0.6899,0.69006,1.00,1.00
2017.11.07 15:00:57.462,0.68991,0.69006,1.00,1.00
2017.11.07 15:00:58.235,0.6899,0.69006,1.00,1.00
2017.11.07 15:00:59.444,0.68989,0.69006,1.00,1.00
2017.11.07 15:01:00.607,0.68988,0.69005,1.12,1.00
2017.11.07 15:01:01.197,0.68988,0.69004,1.00,1.00
2017.11.07 15:01:02.145,0.68987,0.69003,1.00,1.00
2017.11.07 15:01:02.456,0.68984,0.69,3.00,1.50
2017.11.07 15:01:03.228,0.68984,0.69,1.00,2.25
2017.11.07 15:01:03.883,0.68986,0.69,1.00,1.00
2017.11.07 15:01:04.145,0.68986,0.69002,1.00,1.50
2017.11.07 15:01:04.722,0.68987,0.69002,1.00,1.00
2017.11.07 15:01:05.372,0.68989,0.69002,1.00,1.00
2017.11.07 15:01:05.423,0.68987,0.69003,1.00,1.00
2017.11.07 15:01:05.970,0.68988,0.69004,1.00,1.50
2017.11.07 15:01:06.303,0.68986,0.69002,1.50,1.00
2017.11.07 15:01:06.913,0.68987,0.69003,1.00,1.50
2017.11.07 15:01:09.374,0.68986,0.69002,1.12,1.00
2017.11.07 15:01:09.682,0.6899,0.69006,1.00,1.00
2017.11.07 15:01:10.247,0.68989,0.69005,1.00,1.50
2017.11.07 15:01:10.875,0.6899,0.69005,1.00,1.50
2017.11.07 15:01:14.261,0.6899,0.69007,1.00,1.50
2017.11.07 15:01:14.413,0.68993,0.69007,1.00,1.50
2017.11.07 15:01:14.776,0.68995,0.69007,1.00,1.00
2017.11.07 15:01:15.662,0.68994,0.69007,1.00,1.00
2017.11.07 15:01:15.764,0.68996,0.6901,1.00,1.50
2017.11.07 15:01:17.105,0.68993,0.69007,1.00,1.00
2017.11.07 15:01:19.936,0.68991,0.69007,1.00,1.00
2017.11.07 15:01:20.041,0.68993,0.69007,1.00,1.00
2017.11.07 15:01:20.544,0.68992,0.69007,1.00,1.50
2017.11.07 15:01:20.771,0.68987,0.69004,1.00,1.00
2017.11.07 15:01:21.277,0.68986,0.69004,1.12,1.50
2017.11.07 15:01:21.545,0.68987,0.69002,1.00,1.00
2017.11.07 15:01:21.696,0.68987,0.69004,1.00,1.00
2017.11.07 15:01:22.217,0.68988,0.69005,1.00,1.00
2017.11.07 15:01:24.974,0.68991,0.69007,1.00,1.00
2017.11.07 15:01:25.555,0.68992,0.69007,1.00,1.00
2017.11.07 15:01:26.388,0.68994,0.69007,1.00,1.00
2017.11.07 15:01:26.438,0.68994,0.6901,1.00,2.25
2017.11.07 15:01:26.742,0.68992,0.6901,1.00,1.50
2017.11.07 15:01:27.385,0.68993,0.69009,1.00,1.00
2017.11.07 15:01:27.487,0.68991,0.69007,1.50,1.00
2017.11.07 15:01:27.921,0.68989,0.69007,1.00,2.25
2017.11.07 15:01:28.487,0.68989,0.69006,1.00,1.00
2017.11.07 15:01:28.699,0.68991,0.69008,1.12,1.00
2017.11.07 15:01:29.247,0.68992,0.69008,1.00,1.00
2017.11.07 15:01:29.582,0.68994,0.6901,1.00,1.50
2017.11.07 15:01:30.136,0.68993,0.6901,1.00,1.50
2017.11.07 15:01:30.454,0.68995,0.69011,1.00,1.12
2017.11.07 15:01:31.380,0.68997,0.69011,1.00,1.00
2017.11.07 15:01:31.532,0.68995,0.69012,1.12,1.00
2017.11.07 15:01:31.583,0.68995,0.6901,1.12,1.00
2017.11.07 15:01:31.837,0.68995,0.69012,1.37,1.00
2017.11.07 15:01:32.341,0.68996,0.69011,1.00,1.00
2017.11.07 15:01:33.963,0.68995,0.69011,1.12,1.00
2017.11.07 15:01:34.966,0.68995,0.69011,1.37,1.00
2017.11.07 15:01:35.510,0.68995,0.69011,1.00,1.00
2017.11.07 15:01:36.124,0.68994,0.69011,1.12,1.00
2017.11.07 15:01:39.150,0.68993,0.69009,1.12,1.00
2017.11.07 15:01:39.712,0.68993,0.69008,1.00,1.00
2017.11.07 15:01:40.372,0.68994,0.69009,1.00,1.00
2017.11.07 15:01:41.097,0.68992,0.69009,1.00,1.00
2017.11.07 15:01:41.660,0.68993,0.69009,1.00,1.00
2017.11.07 15:01:41.969,0.68992,0.69006,1.00,1.00
2017.11.07 15:01:42.261,0.6899,0.69005,1.00,1.00
2017.11.07 15:01:42.533,0.68992,0.69006,1.00,1.00
2017.11.07 15:01:42.584,0.68992,0.69008,1.00,1.00
2017.11.07 15:01:42.736,0.6899,0.69008,1.00,1.50
2017.11.07 15:01:43.179,0.68992,0.69005,1.00,1.00
2017.11.07 15:01:43.379,0.6899,0.69005,1.00,1.00
2017.11.07 15:01:44.223,0.68992,0.69005,1.00,1.00
2017.11.07 15:01:44.274,0.68992,0.69008,1.00,1.00
2017.11.07 15:01:44.325,0.68994,0.69008,1.00,1.00
2017.11.07 15:01:44.528,0.68992,0.69008,1.12,1.00
2017.11.07 15:01:48.064,0.68991,0.69008,1.00,1.00
2017.11.07 15:01:48.579,0.6899,0.69007,1.00,1.12
2017.11.07 15:01:49.132,0.68992,0.69008,1.00,1.87
2017.11.07 15:01:49.658,0.68992,0.69008,1.00,1.00
2017.11.07 15:01:50.261,0.68991,0.69007,1.00,1.00
2017.11.07 15:01:50.958,0.68992,0.69007,1.00,1.50
2017.11.07 15:01:51.470,0.68991,0.69007,1.00,1.00
2017.11.07 15:01:51.921,0.68993,0.69007,1.00,1.00
2017.11.07 15:01:51.972,0.68993,0.69009,1.00,1.00
2017.11.07 15:01:52.565,0.68992,0.69009,1.00,1.50
2017.11.07 15:01:52.980,0.68992,0.69007,1.00,1.00
2017.11.07 15:01:53.266,0.68992,0.69009,1.00,1.00
2017.11.07 15:01:53.928,0.68992,0.69008,1.00,1.00
2017.11.07 15:01:55.582,0.68992,0.69007,1.00,1.00
2017.11.07 15:01:56.341,0.68991,0.69007,1.00,1.00
2017.11.07 15:01:57.466,0.68992,0.69007,1.00,1.00
2017.11.07 15:01:59.564,0.6899,0.69007,1.00,1.00
2017.11.07 15:01:59.815,0.68989,0.69005,1.12,1.00
2017.11.07 15:02:00.018,0.68986,0.69004,1.00,1.50
2017.11.07 15:02:00.524,0.68986,0.69003,1.12,1.00
2017.11.07 15:02:01.065,0.68986,0.69004,1.12,1.57
2017.11.07 15:02:01.236,0.68988,0.69003,1.00,1.00
2017.11.07 15:02:01.785,0.68988,0.69004,1.00,1.00
2017.11.07 15:02:02.224,0.6899,0.69005,1.00,1.50
2017.11.07 15:02:02.276,0.68988,0.69005,1.12,1.00
2017.11.07 15:02:02.428,0.68988,0.69003,1.00,1.00
2017.11.07 15:02:02.747,0.68988,0.69005,1.00,1.00
2017.11.07 15:02:02.798,0.68991,0.69005,1.00,1.00
2017.11.07 15:02:05.700,0.68992,0.69005,1.00,1.00
2017.11.07 15:02:05.956,0.68993,0.69008,1.00,1.00
2017.11.07 15:02:06.007,0.68995,0.69008,1.00,1.00
2017.11.07 15:02:06.058,0.68995,0.6901,1.00,1.50
2017.11.07 15:02:06.162,0.68993,0.69008,1.00,1.00
2017.11.07 15:02:07.986,0.68994,0.69008,1.00,1.00
2017.11.07 15:02:08.487,0.68992,0.69007,1.00,1.00
2017.11.07 15:02:09.270,0.68993,0.69007,1.00,1.00
2017.11.07 15:02:09.321,0.68992,0.69009,1.00,1.00
2017.11.07 15:02:09.965,0.68992,0.69008,1.00,1.00
2017.11.07 15:02:14.635,0.68993,0.69008,1.00,1.10
2017.11.07 15:02:14.985,0.68991,0.69004,1.00,1.00
2017.11.07 15:02:15.296,0.68993,0.69007,1.00,1.20
2017.11.07 15:02:15.398,0.68991,0.69007,1.00,1.00
2017.11.07 15:02:16.286,0.68992,0.69007,1.00,1.10
2017.11.07 15:02:16.337,0.68994,0.69007,1.00,1.10
2017.11.07 15:02:16.534,0.68992,0.69007,1.00,1.00
2017.11.07 15:02:17.444,0.68994,0.6901,1.00,1.50
2017.11.07 15:02:19.944,0.68996,0.6901,1.00,1.00
2017.11.07 15:02:19.995,0.68997,0.69012,1.00,1.10
2017.11.07 15:02:21.981,0.68998,0.69013,1.00,1.50
2017.11.07 15:02:22.492,0.68997,0.69013,1.00,1.00
2017.11.07 15:02:25.578,0.68996,0.69012,1.12,1.00
2017.11.07 15:02:26.122,0.68995,0.69012,1.00,1.20
2017.11.07 15:02:26.488,0.68993,0.69009,1.12,1.50
2017.11.07 15:02:27.539,0.68993,0.69008,1.00,1.00
2017.11.07 15:02:28.717,0.68993,0.69005,1.00,1.00
2017.11.07 15:02:31.105,0.68993,0.69008,1.00,1.00
2017.11.07 15:02:31.635,0.68993,0.69007,1.00,1.00
2017.11.07 15:02:32.522,0.68994,0.69007,1.00,1.00
2017.11.07 15:02:33.218,0.68993,0.69008,1.00,1.00
2017.11.07 15:02:33.319,0.68993,0.69006,1.00,1.00
2017.11.07 15:02:34.001,0.68992,0.69006,1.00,1.00
2017.11.07 15:02:36.572,0.68993,0.69006,1.00,1.00
2017.11.07 15:02:37.247,0.68992,0.69008,1.12,1.00
2017.11.07 15:02:37.982,0.68993,0.69009,1.00,1.00
2017.11.07 15:02:39.168,0.68992,0.69009,1.12,1.00
2017.11.07 15:02:41.988,0.68993,0.69009,1.00,1.00
2017.11.07 15:02:43.482,0.68993,0.69007,1.50,1.00
2017.11.07 15:02:44.796,0.68995,0.69009,1.00,1.00
2017.11.07 15:02:44.948,0.68996,0.69011,1.00,1.50
2017.11.07 15:02:45.467,0.68997,0.6901,1.00,1.00
2017.11.07 15:02:46.268,0.68995,0.6901,1.00,1.10
2017.11.07 15:02:46.319,0.68993,0.69008,1.87,1.00
2017.11.07 15:02:46.757,0.68991,0.69005,1.00,1.00
2017.11.07 15:02:47.285,0.6899,0.69005,1.00,1.00
2017.11.07 15:02:47.967,0.68986,0.69001,1.00,1.00
2017.11.07 15:02:48.469,0.68987,0.69001,1.00,1.00
2017.11.07 15:02:50.630,0.68988,0.69001,1.00,1.00
2017.11.07 15:02:51.234,0.68987,0.69001,1.00,1.00
2017.11.07 15:02:52.275,0.68986,0.69001,1.00,1.00
2017.11.07 15:02:55.300,0.68986,0.69001,1.00,1.37
2017.11.07 15:02:55.351,0.68983,0.68999,1.00,1.00
2017.11.07 15:02:55.452,0.6898,0.68997,1.12,1.00
2017.11.07 15:02:55.864,0.6898,0.68994,1.00,1.00
2017.11.07 15:02:56.745,0.68979,0.68994,1.12,1.00
2017.11.07 15:02:56.917,0.68977,0.68994,1.00,1.00
2017.11.07 15:02:56.969,0.68977,0.68994,1.00,1.37
2017.11.07 15:02:57.552,0.68976,0.68992,1.00,1.12
2017.11.07 15:02:58.704,0.68978,0.68992,1.00,1.12
2017.11.07 15:03:00.100,0.68976,0.68992,1.00,1.12
2017.11.07 15:03:01.298,0.68978,0.68992,1.00,1.12
2017.11.07 15:03:01.676,0.68978,0.6899,1.00,1.00
2017.11.07 15:03:01.825,0.68976,0.6899,1.00,1.00
2017.11.07 15:03:02.452,0.68976,0.68989,1.00,1.00
2017.11.07 15:03:02.554,0.68974,0.68989,1.00,1.00
2017.11.07 15:03:03.508,0.68975,0.68989,1.00,1.00
2017.11.07 15:03:03.609,0.68978,0.68991,1.00,1.00
2017.11.07 15:03:03.661,0.68979,0.68994,1.00,1.00
2017.11.07 15:03:04.186,0.6898,0.68995,1.12,1.00
2017.11.07 15:03:05.267,0.68979,0.68995,1.00,2.25
2017.11.07 15:03:05.853,0.68977,0.68994,1.00,1.00
2017.11.07 15:03:05.904,0.68978,0.68994,1.37,1.00
2017.11.07 15:03:06.548,0.68978,0.68994,1.00,1.00
2017.11.07 15:03:06.745,0.68975,0.68993,1.37,1.50
2017.11.07 15:03:07.259,0.68974,0.6899,1.00,1.50
2017.11.07 15:03:07.807,0.68973,0.6899,1.00,1.50
2017.11.07 15:03:11.635,0.68974,0.6899,1.00,1.50
2017.11.07 15:03:11.946,0.68982,0.68996,1.00,1.00
2017.11.07 15:03:13.109,0.68978,0.68994,1.10,1.00
2017.11.07 15:03:14.012,0.6898,0.68994,1.00,1.00
2017.11.07 15:03:14.714,0.68979,0.68994,1.00,1.00
2017.11.07 15:03:16.556,0.6898,0.68994,1.00,1.00
2017.11.07 15:03:16.861,0.68982,0.68995,1.00,1.00
2017.11.07 15:03:16.912,0.68984,0.68999,1.00,1.50
2017.11.07 15:03:18.205,0.68983,0.68999,1.12,1.00
2017.11.07 15:03:18.358,0.68985,0.68999,1.00,1.00
2017.11.07 15:03:18.409,0.68984,0.69002,1.00,1.50
2017.11.07 15:03:18.995,0.68983,0.69001,1.12,1.50
2017.11.07 15:03:19.450,0.68983,0.68999,1.12,1.00
2017.11.07 15:03:19.972,0.68982,0.68998,1.00,1.00
2017.11.07 15:03:20.360,0.68981,0.68995,1.00,1.00
2017.11.07 15:03:20.868,0.68983,0.68995,1.00,1.00
2017.11.07 15:03:20.922,0.68981,0.68997,1.12,1.00
2017.11.07 15:03:21.612,0.6898,0.68997,1.12,1.00
2017.11.07 15:03:22.983,0.6898,0.68996,1.12,1.50
2017.11.07 15:03:23.445,0.68978,0.68995,1.00,1.00
2017.11.07 15:03:23.563,0.6898,0.68995,1.00,1.00
2017.11.07 15:03:24.363,0.6898,0.68996,1.00,1.50
2017.11.07 15:03:24.980,0.68981,0.68996,1.00,1.00
2017.11.07 15:03:25.608,0.68981,0.68997,1.00,1.50
2017.11.07 15:03:26.536,0.68983,0.68997,1.00,1.50
2017.11.07 15:03:28.633,0.68981,0.68997,1.37,1.00
2017.11.07 15:03:29.965,0.68979,0.68995,1.12,1.00
2017.11.07 15:03:30.883,0.68978,0.68994,1.12,1.00
2017.11.07 15:03:32.337,0.68977,0.68994,1.00,1.50
2017.11.07 15:03:32.489,0.68976,0.68991,1.00,1.00
2017.11.07 15:03:32.829,0.68975,0.68989,1.00,1.00
2017.11.07 15:03:33.214,0.68978,0.68992,1.00,1.00
2017.11.07 15:03:35.200,0.68975,0.68991,1.00,1.00
2017.11.07 15:03:35.771,0.68977,0.68991,1.00,1.00
2017.11.07 15:03:37.485,0.68978,0.68991,1.00,1.00
2017.11.07 15:03:37.536,0.68978,0.68994,1.00,1.50
2017.11.07 15:03:38.227,0.68976,0.68992,1.00,1.50
2017.11.07 15:03:38.839,0.68976,0.68991,1.00,1.00
2017.11.07 15:03:39.382,0.68975,0.68991,1.00,1.00
2017.11.07 15:03:40.109,0.68976,0.68991,1.00,1.00
2017.11.07 15:03:40.620,0.68977,0.68993,1.00,1.50
2017.11.07 15:03:41.443,0.68977,0.68992,1.00,1.00
2017.11.07 15:03:42.102,0.68977,0.68991,1.00,1.00
2017.11.07 15:03:43.554,0.68976,0.68991,1.00,1.50
2017.11.07 15:03:44.071,0.68977,0.68991,1.00,1.50
2017.11.07 15:03:44.775,0.68975,0.68991,1.00,1.00
2017.11.07 15:03:45.388,0.68976,0.68992,1.00,1.00
2017.11.07 15:03:46.806,0.68975,0.68992,1.00,1.00
2017.11.07 15:03:47.386,0.68975,0.6899,1.00,1.00
2017.11.07 15:03:47.909,0.68975,0.68989,1.00,1.00
2017.11.07 15:03:48.191,0.68973,0.68988,1.00,1.00
2017.11.07 15:03:48.874,0.68972,0.68988,1.00,1.00
2017.11.07 15:03:48.925,0.68974,0.68988,1.00,1.00
2017.11.07 15:03:49.600,0.68972,0.68989,1.00,1.50
2017.11.07 15:03:49.817,0.68972,0.68987,1.00,1.00
2017.11.07 15:03:49.869,0.6897,0.68986,1.00,1.00
2017.11.07 15:03:50.162,0.6897,0.68984,1.00,1.00
2017.11.07 15:03:50.834,0.68969,0.68984,1.00,1.00
2017.11.07 15:03:51.471,0.6897,0.68984,1.00,1.00
2017.11.07 15:03:51.879,0.6897,0.68982,1.00,1.00
2017.11.07 15:03:52.382,0.68969,0.68983,1.00,1.00
2017.11.07 15:03:52.433,0.68969,0.68985,1.00,1.50
2017.11.07 15:03:54.523,0.68971,0.68985,1.00,1.00
2017.11.07 15:03:55.301,0.68969,0.68982,1.00,1.00
2017.11.07 15:03:55.814,0.68967,0.6898,1.00,1.00
2017.11.07 15:03:55.916,0.6897,0.68985,1.00,1.37
2017.11.07 15:03:55.967,0.68972,0.68985,1.00,1.00
2017.11.07 15:03:56.181,0.68971,0.68987,1.37,1.00
2017.11.07 15:03:56.334,0.68971,0.68985,1.12,1.00
2017.11.07 15:03:56.436,0.68973,0.68988,1.00,1.50
2017.11.07 15:03:56.661,0.68973,0.68986,1.00,1.00
2017.11.07 15:03:56.969,0.68971,0.68986,1.00,1.00
2017.11.07 15:03:57.559,0.68972,0.68986,1.00,1.00
2017.11.07 15:03:57.863,0.68974,0.68987,1.00,1.00
2017.11.07 15:03:58.502,0.68975,0.68987,1.00,1.00
2017.11.07 15:03:59.383,0.68975,0.68986,1.00,1.00
2017.11.07 15:03:59.787,0.68973,0.68986,1.12,1.00
2017.11.07 15:04:01.909,0.68973,0.68985,1.00,1.00
2017.11.07 15:04:02.461,0.68974,0.68986,1.00,1.00
2017.11.07 15:04:03.715,0.68972,0.68986,1.00,1.00
2017.11.07 15:04:05.292,0.68971,0.68986,1.00,1.00
2017.11.07 15:04:05.992,0.68972,0.68986,1.00,1.00
2017.11.07 15:04:06.162,0.6897,0.68986,1.00,1.00
2017.11.07 15:04:06.214,0.68969,0.68984,1.00,1.00
2017.11.07 15:04:07.608,0.68968,0.68984,1.12,1.00
2017.11.07 15:04:08.120,0.68969,0.68984,1.00,1.00
2017.11.07 15:04:10.407,0.68969,0.68983,1.00,1.00
2017.11.07 15:04:11.934,0.68969,0.68984,1.00,1.00
2017.11.07 15:04:12.246,0.68971,0.68985,1.00,1.00
2017.11.07 15:04:12.931,0.68971,0.68986,1.00,1.00
2017.11.07 15:04:13.490,0.68972,0.68986,1.00,1.00
2017.11.07 15:04:13.833,0.68972,0.68988,1.00,1.00
2017.11.07 15:04:16.314,0.68971,0.68988,1.00,1.50
2017.11.07 15:04:17.122,0.68971,0.68987,1.00,1.00
2017.11.07 15:04:20.656,0.68972,0.68988,1.12,1.00
2017.11.07 15:04:21.416,0.68971,0.68987,1.37,1.00
2017.11.07 15:04:24.034,0.68971,0.68987,1.00,1.00
2017.11.07 15:04:24.187,0.68971,0.68985,1.00,1.00
2017.11.07 15:04:24.288,0.68968,0.68984,1.12,1.00
2017.11.07 15:04:24.793,0.68969,0.68984,1.12,1.00
2017.11.07 15:04:25.444,0.68968,0.68984,1.00,1.00
2017.11.07 15:04:26.729,0.68967,0.68983,1.00,1.50
2017.11.07 15:04:26.831,0.68965,0.68982,1.00,1.00
2017.11.07 15:04:27.449,0.68966,0.68982,1.00,1.00
2017.11.07 15:04:30.777,0.68967,0.68982,1.00,1.00
2017.11.07 15:04:31.362,0.68967,0.68983,1.00,1.50
2017.11.07 15:04:36.476,0.68967,0.68982,1.00,1.00
2017.11.07 15:04:36.527,0.68965,0.68982,1.00,1.00
2017.11.07 15:04:39.198,0.68965,0.6898,1.00,1.00
2017.11.07 15:04:39.544,0.68965,0.68982,1.00,1.00
2017.11.07 15:04:39.858,0.6897,0.68983,1.00,1.00
2017.11.07 15:04:39.909,0.6897,0.68986,1.00,1.12
2017.11.07 15:04:40.465,0.6897,0.68985,1.00,1.00
2017.11.07 15:04:41.178,0.6897,0.68986,1.00,1.00
2017.11.07 15:04:42.578,0.68971,0.68986,1.00,1.00
2017.11.07 15:04:43.869,0.6897,0.68986,1.00,1.00
2017.11.07 15:04:43.920,0.68971,0.68988,1.00,1.50
2017.11.07 15:04:45.083,0.68972,0.68988,1.00,1.50
2017.11.07 15:04:45.611,0.68972,0.68989,1.00,1.00
2017.11.07 15:04:46.504,0.68972,0.68988,1.00,1.00
2017.11.07 15:04:47.148,0.68971,0.68986,1.00,1.00
2017.11.07 15:04:47.692,0.6897,0.68987,1.00,1.50
2017.11.07 15:04:48.593,0.6897,0.68986,1.00,1.00
2017.11.07 15:04:49.082,0.68968,0.68986,1.12,1.00
2017.11.07 15:04:49.419,0.68968,0.68984,1.00,1.00
2017.11.07 15:04:49.960,0.68969,0.68985,1.00,1.50
2017.11.07 15:04:50.347,0.68968,0.68983,1.00,1.00
2017.11.07 15:04:50.398,0.68966,0.68983,1.00,1.00
2017.11.07 15:04:52.160,0.68968,0.68983,1.00,1.00
2017.11.07 15:04:52.474,0.6897,0.68984,1.00,1.00
2017.11.07 15:04:53.141,0.6897,0.68986,1.00,1.50
2017.11.07 15:04:53.672,0.6897,0.68987,1.00,1.00
2017.11.07 15:04:56.357,0.68971,0.68987,1.00,1.00
2017.11.07 15:04:56.408,0.68973,0.68989,1.00,1.00
2017.11.07 15:04:59.105,0.68974,0.6899,1.00,1.12
2017.11.07 15:04:59.359,0.68977,0.68994,1.00,1.00
2017.11.07 15:04:59.946,0.68977,0.68993,1.00,1.00
2017.11.07 15:05:00.503,0.68979,0.68993,1.00,1.00
2017.11.07 15:05:01.012,0.6898,0.68993,1.00,1.00
2017.11.07 15:05:02.677,0.68979,0.68993,1.50,1.00
2017.11.07 15:05:03.645,0.68979,0.68991,1.00,1.00
2017.11.07 15:05:04.215,0.68978,0.68992,1.00,1.00
2017.11.07 15:05:04.268,0.68976,0.68992,1.00,1.00
2017.11.07 15:05:04.371,0.68976,0.68994,1.00,1.50
2017.11.07 15:05:04.426,0.68978,0.68994,1.00,1.00
2017.11.07 15:05:04.996,0.68979,0.68994,1.00,1.00
2017.11.07 15:05:09.669,0.68981,0.68994,1.00,1.00
2017.11.07 15:05:09.822,0.68983,0.68998,1.00,1.00
2017.11.07 15:05:10.334,0.68981,0.68998,1.50,1.00
2017.11.07 15:05:11.377,0.68982,0.68998,1.00,1.00
2017.11.07 15:05:11.893,0.68981,0.68998,1.50,1.00
2017.11.07 15:05:12.802,0.68982,0.68998,1.00,1.00
2017.11.07 15:05:13.790,0.68983,0.68998,1.00,1.00
2017.11.07 15:05:14.573,0.68984,0.68998,1.00,1.00
2017.11.07 15:05:15.116,0.68984,0.68999,1.00,1.50
2017.11.07 15:05:17.761,0.68985,0.68999,1.00,1.00
2017.11.07 15:05:18.286,0.68985,0.69,1.00,1.00
2017.11.07 15:05:19.216,0.6898,0.68997,1.00,1.00
2017.11.07 15:05:20.703,0.6898,0.68998,1.00,1.50
2017.11.07 15:05:20.754,0.68981,0.68996,1.00,1.00
2017.11.07 15:05:21.580,0.6898,0.68996,1.00,1.00
2017.11.07 15:05:23.382,0.68979,0.68994,1.00,1.00
2017.11.07 15:05:23.910,0.6898,0.68994,1.00,1.00
2017.11.07 15:05:24.341,0.68981,0.68996,1.00,1.00
2017.11.07 15:05:25.000,0.68982,0.68996,1.00,1.00
2017.11.07 15:05:25.338,0.68978,0.68994,1.87,1.00
2017.11.07 15:05:25.562,0.68977,0.68994,1.00,1.50
2017.11.07 15:05:29.101,0.68978,0.68994,1.00,1.50
2017.11.07 15:05:29.152,0.68981,0.68997,1.00,1.50
2017.11.07 15:05:33.097,0.6898,0.68997,1.00,1.00
2017.11.07 15:05:33.767,0.68981,0.68997,1.00,1.00
2017.11.07 15:05:33.904,0.68979,0.68997,1.00,1.00
2017.11.07 15:05:33.955,0.68976,0.68993,1.00,1.00
2017.11.07 15:05:34.260,0.6898,0.68995,1.00,1.00
2017.11.07 15:05:34.588,0.68978,0.68993,1.00,1.00
2017.11.07 15:05:35.127,0.68978,0.68992,1.00,1.00
2017.11.07 15:05:35.289,0.68975,0.68991,1.00,1.00
2017.11.07 15:05:35.341,0.68975,0.68989,1.00,1.00
2017.11.07 15:05:35.923,0.68974,0.68989,1.00,1.00
2017.11.07 15:05:36.537,0.68972,0.68989,1.00,1.50
2017.11.07 15:05:37.110,0.68973,0.68989,1.00,2.25
2017.11.07 15:05:37.856,0.68973,0.68987,1.00,1.00
2017.11.07 15:05:39.783,0.68971,0.68987,1.00,1.00
2017.11.07 15:05:41.328,0.68972,0.68987,1.00,1.00
2017.11.07 15:05:43.839,0.6897,0.68987,1.12,1.00
2017.11.07 15:05:44.877,0.68971,0.68987,1.00,1.00
2017.11.07 15:05:45.305,0.6897,0.68984,1.12,1.00
2017.11.07 15:05:45.714,0.68971,0.68987,1.00,1.00
2017.11.07 15:05:46.280,0.68972,0.68987,1.00,1.00
2017.11.07 15:05:47.029,0.68973,0.68987,1.00,1.00
2017.11.07 15:05:47.080,0.68974,0.68989,1.00,1.00
2017.11.07 15:05:47.181,0.68976,0.68989,1.00,1.00
2017.11.07 15:05:48.195,0.68977,0.68991,1.00,1.50
2017.11.07 15:05:48.848,0.68977,0.68992,1.00,1.00
2017.11.07 15:05:49.102,0.68975,0.68992,1.00,1.50
2017.11.07 15:05:49.153,0.68975,0.68989,1.00,1.00
2017.11.07 15:05:49.701,0.68974,0.68989,1.00,1.50
2017.11.07 15:05:50.237,0.6897,0.68984,1.00,1.00
2017.11.07 15:05:50.287,0.68968,0.68984,1.10,1.00
2017.11.07 15:05:50.723,0.6897,0.68984,1.00,1.00
2017.11.07 15:05:50.774,0.6897,0.68986,1.50,1.00
2017.11.07 15:05:51.278,0.68968,0.68985,1.12,1.00
2017.11.07 15:05:51.846,0.68968,0.68983,1.00,1.00
2017.11.07 15:05:52.358,0.68967,0.68983,1.50,1.00
2017.11.07 15:05:52.936,0.68968,0.68984,1.00,1.00
2017.11.07 15:05:53.561,0.68967,0.68982,1.37,1.00
2017.11.07 15:05:54.536,0.68968,0.68984,1.87,1.00
2017.11.07 15:05:56.013,0.6897,0.68984,1.00,1.00
2017.11.07 15:05:56.114,0.6897,0.68986,1.00,1.00
2017.11.07 15:05:56.708,0.6897,0.68985,1.00,1.00
2017.11.07 15:05:57.376,0.68971,0.68986,1.00,1.00
2017.11.07 15:05:57.680,0.6897,0.68983,1.00,1.00
2017.11.07 15:05:57.833,0.68968,0.68983,1.00,1.00
2017.11.07 15:06:00.041,0.6897,0.68983,1.00,1.00
2017.11.07 15:06:00.092,0.68968,0.68983,1.00,1.00
2017.11.07 15:06:00.641,0.68968,0.68982,1.00,1.00
2017.11.07 15:06:00.692,0.6897,0.68985,1.00,1.00
2017.11.07 15:06:01.493,0.68969,0.68985,1.00,1.00
2017.11.07 15:06:01.980,0.68969,0.68983,1.00,1.00
2017.11.07 15:06:02.031,0.68967,0.68983,1.12,1.00
2017.11.07 15:06:02.653,0.68966,0.68982,1.50,1.00
2017.11.07 15:06:03.249,0.68968,0.68982,1.00,1.00
2017.11.07 15:06:03.652,0.68966,0.68982,1.00,1.00
2017.11.07 15:06:04.401,0.68966,0.68981,1.00,1.00
2017.11.07 15:06:04.952,0.68966,0.68982,1.00,1.00
2017.11.07 15:06:05.532,0.68967,0.68982,1.00,1.00
2017.11.07 15:06:06.687,0.68965,0.68982,1.00,1.00
2017.11.07 15:06:07.589,0.68967,0.68982,1.00,1.00
2017.11.07 15:06:09.216,0.68966,0.68983,1.00,1.00
2017.11.07 15:06:09.761,0.68965,0.68983,1.00,1.50
2017.11.07 15:06:10.274,0.68964,0.68982,1.12,1.50
2017.11.07 15:06:10.984,0.68964,0.6898,1.00,1.00
2017.11.07 15:06:11.573,0.68964,0.68981,1.00,1.00
2017.11.07 15:06:20.273,0.68966,0.68982,1.00,1.00
2017.11.07 15:06:20.800,0.68965,0.68982,1.00,1.50
2017.11.07 15:06:21.377,0.68965,0.68981,1.00,1.00
2017.11.07 15:06:21.706,0.68967,0.68982,1.00,1.00
2017.11.07 15:06:23.565,0.68967,0.68983,1.50,1.00
2017.11.07 15:06:24.219,0.68967,0.68982,1.00,1.00
2017.11.07 15:06:25.930,0.68968,0.68984,1.50,1.50
2017.11.07 15:06:26.184,0.6897,0.68985,1.00,1.00
2017.11.07 15:06:26.767,0.68971,0.68985,1.00,1.00
2017.11.07 15:06:27.090,0.68973,0.68986,1.00,1.00
2017.11.07 15:06:27.142,0.68973,0.68988,1.00,1.00
2017.11.07 15:06:27.599,0.68971,0.68988,1.12,1.00
2017.11.07 15:06:28.004,0.68973,0.68988,1.00,1.00
2017.11.07 15:06:28.541,0.68973,0.68989,1.00,1.50
2017.11.07 15:06:30.106,0.68971,0.68989,1.12,1.50
2017.11.07 15:06:31.861,0.68975,0.68989,1.00,1.00
2017.11.07 15:06:32.020,0.68972,0.68989,1.87,1.50
2017.11.07 15:06:32.071,0.68974,0.68991,1.00,1.50
2017.11.07 15:06:32.667,0.68974,0.68991,1.37,1.50
2017.11.07 15:06:34.037,0.68976,0.68991,1.00,1.50
2017.11.07 15:06:34.590,0.68974,0.6899,1.37,1.50
2017.11.07 15:06:34.642,0.68972,0.68989,1.37,1.50
2017.11.07 15:06:34.743,0.68971,0.68989,1.12,1.50
2017.11.07 15:06:36.783,0.68971,0.68988,1.12,1.00
2017.11.07 15:06:37.670,0.68972,0.68988,1.00,1.50
2017.11.07 15:06:38.494,0.6897,0.68988,1.37,1.50
2017.11.07 15:06:38.783,0.68972,0.6899,1.00,2.25
2017.11.07 15:06:38.987,0.68974,0.68991,1.00,1.00
2017.11.07 15:06:39.610,0.68975,0.68991,1.00,1.00
2017.11.07 15:06:40.251,0.68974,0.68991,1.00,1.00
2017.11.07 15:06:40.904,0.68973,0.68991,1.12,1.50
2017.11.07 15:06:41.671,0.68973,0.6899,1.12,1.00
2017.11.07 15:06:44.086,0.68974,0.6899,1.00,1.00
2017.11.07 15:06:46.331,0.68973,0.6899,1.12,1.00
2017.11.07 15:06:47.934,0.68974,0.6899,1.00,1.00
2017.11.07 15:06:48.539,0.68975,0.68991,1.00,1.00
2017.11.07 15:06:49.073,0.68976,0.68991,1.00,1.00
2017.11.07 15:06:50.047,0.68975,0.68991,1.50,1.00
2017.11.07 15:06:52.206,0.68974,0.68989,1.00,1.00
2017.11.07 15:06:52.721,0.68976,0.68989,1.00,1.00
2017.11.07 15:06:53.176,0.68976,0.68991,1.00,1.00
2017.11.07 15:06:53.802,0.68977,0.68991,1.00,1.00
2017.11.07 15:06:56.782,0.68977,0.68993,1.00,1.50
2017.11.07 15:06:57.316,0.68977,0.68992,1.00,1.00
2017.11.07 15:06:58.032,0.68976,0.68992,1.00,1.00
2017.11.07 15:06:58.709,0.68976,0.68993,1.00,1.00
2017.11.07 15:06:59.413,0.68977,0.68993,1.00,1.00
2017.11.07 15:07:00.916,0.68975,0.68993,1.00,1.50
2017.11.07 15:07:01.607,0.68979,0.68994,1.00,1.00
2017.11.07 15:07:02.662,0.6898,0.68996,1.00,1.50
2017.11.07 15:07:03.028,0.68982,0.68997,1.00,1.50
2017.11.07 15:07:03.551,0.68981,0.68998,1.00,1.00
2017.11.07 15:07:03.901,0.68981,0.68996,1.00,1.00
2017.11.07 15:07:04.068,0.68982,0.68998,1.00,1.00
2017.11.07 15:07:04.648,0.68981,0.68998,1.00,1.50
2017.11.07 15:07:05.274,0.68981,0.68997,1.00,1.00
2017.11.07 15:07:06.467,0.68982,0.68998,1.00,1.00
2017.11.07 15:07:08.383,0.68982,0.68999,1.00,1.50
2017.11.07 15:07:08.619,0.68981,0.68997,1.00,1.00
2017.11.07 15:07:09.147,0.6898,0.68996,1.00,1.00
2017.11.07 15:07:11.591,0.68981,0.68996,1.00,1.50
2017.11.07 15:07:12.108,0.68981,0.68998,1.00,1.50
2017.11.07 15:07:12.523,0.68983,0.69,1.00,1.50
2017.11.07 15:07:13.068,0.68983,0.68999,1.00,1.00
2017.11.07 15:07:13.575,0.68983,0.68998,1.00,1.00
2017.11.07 15:07:14.477,0.68981,0.68997,1.00,1.00
2017.11.07 15:07:15.046,0.6898,0.68996,1.00,1.00
2017.11.07 15:07:16.795,0.68979,0.68996,1.00,1.50
2017.11.07 15:07:17.504,0.6898,0.68996,1.00,2.25
2017.11.07 15:07:18.087,0.6898,0.68994,1.00,1.00
2017.11.07 15:07:18.621,0.6898,0.68995,1.00,1.00
2017.11.07 15:07:19.969,0.68978,0.68995,1.12,1.00
2017.11.07 15:07:22.665,0.68978,0.68994,1.00,1.00
2017.11.07 15:07:22.868,0.68977,0.68991,1.00,1.00
2017.11.07 15:07:23.177,0.68975,0.6899,1.00,1.00
2017.11.07 15:07:23.637,0.68975,0.68988,1.00,1.00
2017.11.07 15:07:24.214,0.68973,0.68988,1.00,1.00
2017.11.07 15:07:24.843,0.68972,0.68988,1.00,1.00
2017.11.07 15:07:24.997,0.68975,0.68987,1.00,1.00
2017.11.07 15:07:25.099,0.6898,0.68995,1.00,2.62
2017.11.07 15:07:25.550,0.68981,0.68995,1.00,1.00
2017.11.07 15:07:26.062,0.68979,0.68996,1.00,1.00
2017.11.07 15:07:27.755,0.68978,0.68992,1.00,1.00
2017.11.07 15:07:27.807,0.68976,0.68992,1.00,1.00
2017.11.07 15:07:28.022,0.68978,0.68992,1.00,1.00
2017.11.07 15:07:28.073,0.68978,0.68994,1.00,1.00
2017.11.07 15:07:28.126,0.68979,0.68996,1.00,1.12
2017.11.07 15:07:28.177,0.68979,0.68994,1.00,1.00
2017.11.07 15:07:28.544,0.68977,0.68994,1.00,1.50
2017.11.07 15:07:30.148,0.68978,0.68993,1.00,1.00
2017.11.07 15:07:30.249,0.68976,0.68993,1.00,1.00
2017.11.07 15:07:30.402,0.68979,0.68994,1.00,1.50
2017.11.07 15:07:30.605,0.68977,0.68994,1.87,1.00
2017.11.07 15:07:31.774,0.68977,0.68993,1.00,1.00
2017.11.07 15:07:32.154,0.68973,0.68988,1.12,1.00
2017.11.07 15:07:32.740,0.68971,0.68988,1.20,1.00
2017.11.07 15:07:33.178,0.68973,0.68988,1.00,1.00
2017.11.07 15:07:33.490,0.68975,0.68989,1.00,1.00
2017.11.07 15:07:33.592,0.68973,0.68988,1.12,1.50
2017.11.07 15:07:33.693,0.68971,0.68988,1.00,1.00
2017.11.07 15:07:34.218,0.68972,0.68988,1.00,1.00
2017.11.07 15:07:34.604,0.68974,0.6899,1.00,1.00
2017.11.07 15:07:35.160,0.68975,0.6899,1.50,1.00
2017.11.07 15:07:36.325,0.68974,0.6899,1.00,1.00
2017.11.07 15:07:36.629,0.68977,0.6899,1.00,1.00
2017.11.07 15:07:37.980,0.68976,0.6899,1.00,1.00
2017.11.07 15:07:38.516,0.68975,0.6899,1.00,1.00
2017.11.07 15:07:38.824,0.68974,0.68988,1.00,1.00
2017.11.07 15:07:38.875,0.68974,0.6899,1.00,1.00
2017.11.07 15:07:40.460,0.68973,0.6899,1.12,1.00
2017.11.07 15:07:40.672,0.68975,0.6899,1.00,1.00
2017.11.07 15:07:41.185,0.68974,0.6899,1.00,1.00
2017.11.07 15:07:42.224,0.68974,0.68989,1.00,1.00
2017.11.07 15:07:43.273,0.68973,0.68989,1.00,1.00
2017.11.07 15:07:43.809,0.68972,0.68988,1.00,1.00
2017.11.07 15:07:44.327,0.68972,0.68987,1.00,1.00
2017.11.07 15:07:44.919,0.68972,0.68986,1.00,1.00
2017.11.07 15:07:45.423,0.68971,0.68986,1.00,1.00
2017.11.07 15:07:45.971,0.68972,0.68986,1.00,1.00
2017.11.07 15:07:46.273,0.68974,0.68987,1.00,1.00
2017.11.07 15:07:46.324,0.68974,0.68989,1.00,1.00
2017.11.07 15:07:46.866,0.68973,0.68989,1.00,1.00
2017.11.07 15:07:47.071,0.68971,0.68987,1.00,1.00
2017.11.07 15:07:47.733,0.68972,0.68986,1.00,1.00
2017.11.07 15:07:48.336,0.68971,0.68987,1.00,1.50
2017.11.07 15:07:48.900,0.68971,0.68986,1.00,1.00
2017.11.07 15:07:49.613,0.68972,0.68986,1.00,1.00
2017.11.07 15:07:50.502,0.68971,0.68986,1.00,1.00
2017.11.07 15:07:51.033,0.6897,0.68986,1.00,1.50
2017.11.07 15:07:52.190,0.68971,0.68986,1.00,1.50
2017.11.07 15:07:54.055,0.6897,0.68986,1.00,2.25
2017.11.07 15:07:55.385,0.68971,0.68986,1.00,1.00
2017.11.07 15:07:55.909,0.68972,0.68986,1.00,1.00
2017.11.07 15:07:56.483,0.68973,0.68986,1.00,1.00
2017.11.07 15:07:56.534,0.68971,0.68986,1.00,1.50
2017.11.07 15:07:56.787,0.68973,0.68986,1.00,1.00
2017.11.07 15:07:56.838,0.68971,0.68986,1.00,1.00
2017.11.07 15:07:57.762,0.68971,0.68987,1.00,1.00
2017.11.07 15:07:58.312,0.6897,0.68987,1.00,1.00
2017.11.07 15:07:58.993,0.68973,0.68987,1.00,1.00
2017.11.07 15:07:59.146,0.68971,0.68987,1.12,1.00
2017.11.07 15:08:00.066,0.6897,0.68987,1.00,1.00
2017.11.07 15:08:00.117,0.68972,0.68987,1.00,1.00
2017.11.07 15:08:00.456,0.68969,0.68983,1.00,1.00
2017.11.07 15:08:00.990,0.6897,0.68983,1.00,1.00
2017.11.07 15:08:01.736,0.68971,0.68985,1.00,1.50
2017.11.07 15:08:02.284,0.68972,0.68985,1.00,1.00
2017.11.07 15:08:02.385,0.68969,0.68986,1.12,1.50
2017.11.07 15:08:02.922,0.68969,0.68985,1.00,1.50
2017.11.07 15:08:04.264,0.68971,0.68985,1.00,1.00
2017.11.07 15:08:04.315,0.68972,0.68988,1.00,1.50
2017.11.07 15:08:04.367,0.6897,0.68988,1.20,1.50
2017.11.07 15:08:04.418,0.6897,0.68986,1.12,1.00
2017.11.07 15:08:05.867,0.68971,0.68986,1.00,1.00
2017.11.07 15:08:09.804,0.6897,0.68986,1.00,1.00
2017.11.07 15:08:10.730,0.6897,0.68985,1.00,1.00
2017.11.07 15:08:11.634,0.68971,0.68985,1.00,1.00
2017.11.07 15:08:11.957,0.68974,0.68988,1.00,1.00
2017.11.07 15:08:12.790,0.68975,0.68991,1.00,1.50
2017.11.07 15:08:16.359,0.68976,0.68991,1.00,1.00
2017.11.07 15:08:16.410,0.68974,0.68991,1.00,1.00
2017.11.07 15:08:16.869,0.68976,0.6899,1.00,1.00
2017.11.07 15:08:17.536,0.68976,0.68991,1.00,1.50
2017.11.07 15:08:18.579,0.68974,0.68991,1.00,1.50
2017.11.07 15:08:18.630,0.68976,0.68991,1.00,1.50
2017.11.07 15:08:20.175,0.68974,0.68991,1.00,1.50
2017.11.07 15:08:20.305,0.68973,0.68989,1.10,1.00
2017.11.07 15:08:20.939,0.68974,0.68989,1.00,1.00
2017.11.07 15:08:21.498,0.68973,0.68989,1.00,1.00
2017.11.07 15:08:23.393,0.68972,0.68989,1.00,1.50
2017.11.07 15:08:24.589,0.68972,0.68987,1.00,1.00
2017.11.07 15:08:25.113,0.68971,0.68987,1.12,1.00
2017.11.07 15:08:25.696,0.68973,0.68987,1.00,1.00
2017.11.07 15:08:27.004,0.68971,0.68987,1.12,1.00
2017.11.07 15:08:27.160,0.68974,0.68987,1.00,1.00
2017.11.07 15:08:27.211,0.68974,0.68989,1.00,1.00
2017.11.07 15:08:28.790,0.68974,0.6899,1.00,2.25
2017.11.07 15:08:29.299,0.68975,0.6899,1.00,1.00
2017.11.07 15:08:30.113,0.68974,0.6899,1.00,1.50
2017.11.07 15:08:30.761,0.68976,0.6899,1.00,1.00
2017.11.07 15:08:30.862,0.68976,0.68992,1.00,1.50
2017.11.07 15:08:32.469,0.68974,0.6899,1.00,1.00
2017.11.07 15:08:32.977,0.68974,0.68991,1.00,1.00
2017.11.07 15:08:34.139,0.68975,0.68991,1.00,1.50
2017.11.07 15:08:34.948,0.68974,0.6899,1.00,1.95
2017.11.07 15:08:35.101,0.68975,0.68992,1.00,1.00
2017.11.07 15:08:35.152,0.68977,0.68992,1.00,1.00
2017.11.07 15:08:35.474,0.6898,0.68992,1.00,1.00
2017.11.07 15:08:35.727,0.6898,0.68994,1.00,1.00
2017.11.07 15:08:36.092,0.68978,0.68994,1.12,1.00
2017.11.07 15:08:36.143,0.68979,0.68992,1.00,1.00
2017.11.07 15:08:36.663,0.68978,0.68993,1.12,1.00
2017.11.07 15:08:37.034,0.6898,0.68993,1.00,1.00
2017.11.07 15:08:37.594,0.68978,0.68993,1.12,1.00
2017.11.07 15:08:37.988,0.68976,0.68993,1.00,1.00
2017.11.07 15:08:38.090,0.68976,0.68991,1.00,1.00
2017.11.07 15:08:38.293,0.68973,0.68989,1.12,1.00
2017.11.07 15:08:38.660,0.68971,0.68986,1.37,1.00
2017.11.07 15:08:38.967,0.68969,0.68984,1.00,1.00
2017.11.07 15:08:39.234,0.68968,0.68982,1.00,1.00
2017.11.07 15:08:39.848,0.68969,0.68982,1.00,1.00
2017.11.07 15:08:40.342,0.68969,0.68984,1.00,1.50
2017.11.07 15:08:40.924,0.6897,0.68984,1.00,1.00
2017.11.07 15:08:41.498,0.6897,0.68985,1.00,1.50
2017.11.07 15:08:42.174,0.6897,0.68984,1.00,1.00
2017.11.07 15:08:42.704,0.6897,0.68985,1.00,1.00
2017.11.07 15:08:42.887,0.68972,0.68986,1.00,1.00
2017.11.07 15:08:44.378,0.6897,0.68986,1.12,1.50
2017.11.07 15:08:44.880,0.68969,0.68985,1.12,2.25
2017.11.07 15:08:45.427,0.6897,0.68985,1.00,1.50
2017.11.07 15:08:45.934,0.6897,0.68984,1.00,1.00
2017.11.07 15:08:46.576,0.68969,0.68984,1.12,1.00
2017.11.07 15:08:50.408,0.68969,0.68983,1.12,1.00
2017.11.07 15:08:51.270,0.68966,0.68981,1.00,1.00
2017.11.07 15:08:51.868,0.68965,0.68981,1.00,1.50
2017.11.07 15:08:52.412,0.68964,0.68977,1.00,1.00
2017.11.07 15:08:52.514,0.68962,0.68976,1.00,1.50
2017.11.07 15:08:53.660,0.6896,0.68975,1.12,1.00
2017.11.07 15:08:54.811,0.68963,0.68976,1.00,1.00
2017.11.07 15:08:54.862,0.68962,0.68978,1.00,1.00
2017.11.07 15:08:55.033,0.68965,0.68978,1.00,1.00
2017.11.07 15:08:55.136,0.68963,0.68978,1.00,1.00
2017.11.07 15:08:55.658,0.68963,0.68977,1.00,1.00
2017.11.07 15:08:56.356,0.68962,0.68976,1.00,1.00
2017.11.07 15:08:56.860,0.6896,0.68974,1.00,1.00
2017.11.07 15:08:57.490,0.68962,0.68977,1.00,1.00
2017.11.07 15:08:57.721,0.6896,0.68975,1.00,1.00
2017.11.07 15:08:57.874,0.68961,0.68978,1.00,1.50
2017.11.07 15:08:58.506,0.68962,0.68978,1.00,1.50
2017.11.07 15:08:59.811,0.68964,0.68979,1.00,1.00
2017.11.07 15:08:59.862,0.68964,0.68981,1.00,1.00
2017.11.07 15:09:00.290,0.68964,0.68979,1.00,1.00
2017.11.07 15:09:01.230,0.68963,0.68979,1.00,1.50
2017.11.07 15:09:01.952,0.68964,0.68979,1.00,1.50
2017.11.07 15:09:02.221,0.68965,0.68981,1.12,1.00
2017.11.07 15:09:02.373,0.68965,0.68979,1.00,1.00
2017.11.07 15:09:02.526,0.68963,0.68978,1.12,1.50
2017.11.07 15:09:03.069,0.68964,0.68978,1.00,1.50
2017.11.07 15:09:03.575,0.68963,0.68978,1.00,1.50
2017.11.07 15:09:04.149,0.68962,0.68977,1.12,1.00
2017.11.07 15:09:04.738,0.68961,0.68977,1.00,1.50
2017.11.07 15:09:09.381,0.68961,0.68978,1.00,1.00
2017.11.07 15:09:09.433,0.68966,0.6898,1.00,1.00
2017.11.07 15:09:11.360,0.68968,0.68983,1.00,1.00
2017.11.07 15:09:11.894,0.68969,0.68983,1.00,1.00
2017.11.07 15:09:12.872,0.68968,0.68983,1.00,1.00
2017.11.07 15:09:13.125,0.68968,0.6898,1.00,1.00
2017.11.07 15:09:13.231,0.68968,0.68983,1.00,1.00
2017.11.07 15:09:14.212,0.68968,0.68982,1.00,1.00
2017.11.07 15:09:16.102,0.68968,0.68981,1.00,1.00
2017.11.07 15:09:18.322,0.68967,0.68981,1.50,1.00
2017.11.07 15:09:20.253,0.68967,0.6898,1.50,1.00
2017.11.07 15:09:24.729,0.68965,0.6898,1.00,1.50
2017.11.07 15:09:25.528,0.68968,0.6898,1.00,1.50
2017.11.07 15:09:26.244,0.68969,0.68984,1.50,1.00
2017.11.07 15:09:26.299,0.68971,0.68984,1.00,1.00
2017.11.07 15:09:26.620,0.68971,0.68982,1.00,1.00
2017.11.07 15:09:26.671,0.68972,0.68984,1.00,1.00
2017.11.07 15:09:27.507,0.68973,0.68984,1.00,1.00
2017.11.07 15:09:28.258,0.68972,0.68983,1.00,1.00
2017.11.07 15:09:28.360,0.68972,0.68981,1.00,1.00
2017.11.07 15:09:28.545,0.68973,0.68984,1.00,1.00
2017.11.07 15:09:29.814,0.68973,0.68985,1.00,1.00
2017.11.07 15:09:29.966,0.68976,0.68985,1.00,1.00
2017.11.07 15:09:30.067,0.68977,0.68989,1.00,1.12
2017.11.07 15:09:30.598,0.68978,0.68989,1.00,1.00
2017.11.07 15:09:30.649,0.68978,0.68987,1.00,1.00
2017.11.07 15:09:32.604,0.68978,0.6899,1.00,1.00
2017.11.07 15:09:33.090,0.68976,0.68989,1.00,1.00
2017.11.07 15:09:33.412,0.68978,0.68988,1.00,1.00
2017.11.07 15:09:33.717,0.68981,0.68989,1.00,1.00
2017.11.07 15:09:33.971,0.68981,0.68993,1.00,1.00
2017.11.07 15:09:34.755,0.68983,0.68993,1.00,1.00
2017.11.07 15:09:35.538,0.68983,0.68994,1.00,1.00
2017.11.07 15:09:35.842,0.68987,0.68997,1.00,1.00
2017.11.07 15:09:35.893,0.68987,0.68999,1.00,1.00
2017.11.07 15:09:35.944,0.68986,0.68996,1.00,1.00
2017.11.07 15:09:36.148,0.68984,0.68995,1.00,1.00
2017.11.07 15:09:36.199,0.68986,0.68995,1.00,1.00
2017.11.07 15:09:36.739,0.68986,0.68996,1.00,1.00
2017.11.07 15:09:38.335,0.68988,0.68996,1.00,1.00
2017.11.07 15:09:38.487,0.68988,0.69,1.00,1.00
2017.11.07 15:09:39.686,0.68987,0.69,1.00,1.12
2017.11.07 15:09:42.515,0.68988,0.68999,1.00,1.00
2017.11.07 15:09:43.150,0.68989,0.68999,1.00,1.00
2017.11.07 15:09:44.296,0.68988,0.68999,1.00,1.00
2017.11.07 15:09:46.623,0.68986,0.68998,1.00,1.00
2017.11.07 15:09:49.161,0.68986,0.68996,1.00,1.00
2017.11.07 15:09:49.568,0.68984,0.68996,1.00,1.00
2017.11.07 15:09:49.631,0.68987,0.68997,1.00,1.00
2017.11.07 15:09:49.938,0.6899,0.69,1.00,1.00
2017.11.07 15:09:50.302,0.68988,0.69,1.00,1.00
2017.11.07 15:09:51.153,0.68988,0.69002,1.00,1.50
2017.11.07 15:09:51.306,0.68986,0.69002,1.00,1.50
2017.11.07 15:09:51.902,0.68987,0.69002,1.50,1.00
2017.11.07 15:09:52.830,0.68988,0.69002,1.00,1.00
2017.11.07 15:09:53.230,0.68986,0.69002,1.50,1.00
2017.11.07 15:09:56.488,0.68981,0.68999,1.12,2.25
2017.11.07 15:09:56.539,0.68979,0.68997,2.62,1.50
2017.11.07 15:09:56.878,0.68978,0.68995,1.00,1.00
2017.11.07 15:09:57.185,0.68977,0.68993,1.12,1.00
2017.11.07 15:09:59.166,0.68978,0.68993,1.00,1.00
2017.11.07 15:09:59.218,0.68978,0.68995,1.00,1.00
2017.11.07 15:09:59.370,0.6898,0.68995,1.00,1.00
2017.11.07 15:10:00.314,0.6898,0.68996,1.00,1.00
2017.11.07 15:10:00.619,0.68978,0.68994,1.00,1.00
2017.11.07 15:10:02.789,0.68978,0.68991,1.00,1.00
2017.11.07 15:10:03.066,0.68976,0.68991,1.00,1.00
2017.11.07 15:10:04.011,0.68975,0.68991,1.12,1.00
2017.11.07 15:10:05.700,0.68976,0.68991,1.00,1.00
2017.11.07 15:10:10.672,0.68978,0.68993,1.00,1.00
2017.11.07 15:10:11.334,0.68977,0.68993,1.00,1.50
2017.11.07 15:10:12.763,0.68976,0.68993,1.00,1.00
2017.11.07 15:10:14.386,0.68977,0.68993,1.00,1.00
2017.11.07 15:10:15.174,0.68978,0.68993,1.00,1.00
2017.11.07 15:10:15.282,0.68977,0.68995,1.00,1.00
2017.11.07 15:10:15.334,0.68976,0.68993,1.50,1.00
2017.11.07 15:10:15.666,0.68975,0.68991,1.00,1.00
2017.11.07 15:10:16.188,0.68974,0.68991,1.50,1.00
2017.11.07 15:10:17.071,0.68974,0.6899,1.00,1.00
2017.11.07 15:10:19.385,0.68974,0.68988,1.00,1.00
2017.11.07 15:10:19.638,0.68972,0.68988,1.00,1.00
2017.11.07 15:10:19.689,0.6897,0.68987,1.50,1.00
2017.11.07 15:10:19.843,0.68972,0.68988,1.50,1.00
2017.11.07 15:10:20.387,0.68971,0.68988,1.00,2.25
2017.11.07 15:10:21.053,0.68972,0.68988,1.00,1.50
2017.11.07 15:10:24.789,0.68972,0.68987,1.00,1.00
2017.11.07 15:10:27.148,0.68973,0.68988,1.00,1.50
2017.11.07 15:10:29.984,0.68973,0.68987,1.00,1.00
2017.11.07 15:10:31.356,0.68971,0.68987,1.00,1.00
2017.11.07 15:10:32.359,0.68973,0.68987,1.00,1.00
2017.11.07 15:10:35.361,0.68973,0.68988,1.00,1.00
2017.11.07 15:10:36.073,0.68973,0.68987,1.00,1.00
2017.11.07 15:10:36.175,0.68972,0.68989,1.12,1.00
2017.11.07 15:10:36.556,0.68976,0.68991,1.00,1.00
2017.11.07 15:10:37.106,0.68975,0.68991,1.00,1.50
2017.11.07 15:10:37.863,0.68974,0.68991,1.00,1.50
2017.11.07 15:10:38.533,0.68975,0.68991,1.00,1.00
2017.11.07 15:10:39.035,0.68974,0.68991,1.00,1.50
2017.11.07 15:10:39.538,0.68974,0.6899,1.00,1.00
2017.11.07 15:10:40.279,0.68973,0.6899,1.00,1.50
2017.11.07 15:10:40.807,0.68974,0.6899,1.00,1.50
2017.11.07 15:10:41.350,0.68973,0.68989,1.00,1.00
2017.11.07 15:10:42.079,0.68974,0.6899,1.00,1.50
2017.11.07 15:10:42.419,0.68972,0.68989,1.50,1.00
2017.11.07 15:10:42.672,0.68974,0.68988,1.00,1.00
2017.11.07 15:10:43.198,0.68974,0.6899,1.00,1.50
2017.11.07 15:10:44.076,0.68973,0.68988,1.00,1.00
2017.11.07 15:10:44.380,0.68972,0.68986,1.00,2.25
2017.11.07 15:10:45.188,0.6897,0.68986,1.00,1.50
2017.11.07 15:10:45.768,0.68971,0.68985,1.00,1.50
2017.11.07 15:10:46.437,0.6897,0.68984,1.00,1.00
2017.11.07 15:10:51.670,0.68971,0.68985,1.00,1.50
2017.11.07 15:10:51.730,0.68969,0.68985,1.00,1.50
2017.11.07 15:10:53.273,0.68971,0.68985,1.00,1.00
2017.11.07 15:10:54.756,0.6897,0.68985,1.00,1.50
2017.11.07 15:10:55.060,0.6897,0.68983,1.00,1.00
2017.11.07 15:10:55.256,0.68967,0.68983,1.00,1.50
2017.11.07 15:10:55.358,0.68967,0.68981,1.00,1.00
2017.11.07 15:10:55.916,0.68966,0.68981,1.00,1.50
2017.11.07 15:10:56.658,0.68965,0.68981,1.00,1.50
2017.11.07 15:10:57.294,0.68966,0.68981,1.00,1.00
2017.11.07 15:11:00.649,0.68965,0.68981,1.00,2.25
2017.11.07 15:11:03.009,0.68964,0.68981,1.00,2.25
2017.11.07 15:11:03.683,0.68965,0.68981,1.00,2.25
2017.11.07 15:11:06.903,0.68965,0.6898,1.00,1.00
2017.11.07 15:11:07.410,0.68965,0.68979,1.00,1.00
2017.11.07 15:11:08.994,0.68964,0.68979,1.00,1.00
2017.11.07 15:11:09.299,0.68963,0.68976,1.00,1.50
2017.11.07 15:11:09.350,0.68964,0.68978,1.00,1.00
2017.11.07 15:11:09.554,0.6896,0.68977,1.10,1.50
2017.11.07 15:11:09.698,0.68959,0.68975,1.12,1.00
2017.11.07 15:11:11.242,0.68961,0.68975,1.00,2.25
2017.11.07 15:11:13.998,0.68962,0.68978,1.00,2.25
2017.11.07 15:11:14.121,0.68962,0.68976,1.00,1.00
2017.11.07 15:11:15.655,0.68961,0.68975,1.12,1.00
2017.11.07 15:11:16.936,0.68959,0.68975,1.00,1.00
2017.11.07 15:11:17.281,0.68961,0.68977,1.00,1.50
2017.11.07 15:11:18.509,0.6896,0.68976,1.12,1.00
2017.11.07 15:11:19.307,0.68961,0.68977,1.00,1.50
2017.11.07 15:11:21.098,0.68963,0.6898,1.00,1.50
2017.11.07 15:11:21.250,0.68963,0.68978,1.00,1.00
2017.11.07 15:11:21.352,0.68963,0.6898,1.50,2.25
2017.11.07 15:11:21.403,0.68966,0.6898,1.00,1.00
2017.11.07 15:11:21.777,0.68968,0.68982,1.00,1.50
2017.11.07 15:11:22.290,0.68969,0.68983,1.00,1.00
2017.11.07 15:11:22.851,0.6897,0.68983,1.00,1.00
2017.11.07 15:11:23.077,0.68968,0.68983,1.00,1.50
2017.11.07 15:11:23.698,0.68969,0.68983,1.00,2.25
2017.11.07 15:11:24.312,0.68968,0.68983,1.00,2.25
2017.11.07 15:11:24.901,0.68969,0.68984,1.00,1.00
2017.11.07 15:11:25.483,0.68968,0.68983,1.00,1.00
2017.11.07 15:11:26.074,0.68967,0.68982,1.00,1.00
2017.11.07 15:11:26.730,0.68966,0.68981,1.00,1.00
2017.11.07 15:11:26.781,0.68968,0.68981,1.00,1.00
2017.11.07 15:11:26.832,0.68966,0.68981,1.00,1.00
2017.11.07 15:11:27.327,0.68965,0.68979,1.00,1.00
2017.11.07 15:11:29.466,0.68966,0.6898,1.00,2.25
2017.11.07 15:11:29.568,0.68962,0.68978,1.12,1.00
2017.11.07 15:11:32.060,0.68964,0.68978,1.00,1.00
2017.11.07 15:11:32.431,0.68967,0.68981,1.00,1.50
2017.11.07 15:11:35.160,0.68967,0.68982,1.00,1.00
2017.11.07 15:11:35.960,0.68966,0.68981,1.12,1.00
2017.11.07 15:11:36.559,0.68967,0.68981,1.00,1.00
2017.11.07 15:11:36.664,0.68964,0.68981,1.00,1.00
2017.11.07 15:11:36.766,0.68967,0.68981,1.00,1.00
2017.11.07 15:11:37.518,0.68968,0.68982,1.00,1.50
2017.11.07 15:11:38.044,0.68967,0.68982,1.00,1.50
2017.11.07 15:11:39.028,0.68966,0.68982,1.00,1.50
2017.11.07 15:11:39.707,0.68965,0.68981,1.00,1.00
2017.11.07 15:11:40.581,0.68967,0.68981,1.00,1.50
2017.11.07 15:11:41.313,0.68967,0.68982,1.00,1.00
2017.11.07 15:11:41.628,0.68969,0.68982,1.00,1.00
2017.11.07 15:11:42.899,0.68969,0.68983,1.00,1.00
2017.11.07 15:11:43.426,0.68968,0.68984,1.00,2.25
2017.11.07 15:11:47.736,0.68962,0.6898,1.82,1.00
2017.11.07 15:11:48.040,0.68967,0.68981,1.00,1.50
2017.11.07 15:11:48.811,0.68969,0.68983,1.00,1.00
2017.11.07 15:11:48.862,0.68968,0.68985,1.00,1.50
2017.11.07 15:11:49.664,0.68969,0.68985,1.00,1.50
2017.11.07 15:11:53.985,0.6897,0.68984,1.00,1.00
2017.11.07 15:11:54.188,0.68968,0.68984,1.12,1.00
2017.11.07 15:11:55.251,0.68969,0.68985,1.00,1.00
2017.11.07 15:11:55.419,0.68965,0.68983,2.32,1.00
2017.11.07 15:11:55.579,0.68965,0.68982,1.87,1.00
2017.11.07 15:11:56.279,0.68965,0.68981,1.12,1.50
2017.11.07 15:11:56.330,0.68967,0.68981,1.00,1.00
2017.11.07 15:11:56.381,0.68967,0.68984,1.00,2.25
2017.11.07 15:11:56.500,0.68966,0.68982,1.00,1.50
2017.11.07 15:11:56.805,0.68965,0.68979,1.00,1.50
2017.11.07 15:11:57.379,0.68964,0.68978,1.00,1.00
2017.11.07 15:12:00.241,0.68964,0.68979,1.00,1.50
2017.11.07 15:12:00.744,0.68964,0.68978,1.00,1.00
2017.11.07 15:12:01.389,0.68962,0.68978,1.00,1.00
2017.11.07 15:12:01.440,0.68964,0.68979,1.00,1.00
2017.11.07 15:12:02.040,0.68963,0.68977,1.00,1.00
2017.11.07 15:12:02.091,0.68961,0.68978,1.00,1.00
2017.11.07 15:12:02.659,0.68961,0.68977,1.00,1.00
2017.11.07 15:12:04.764,0.6896,0.68974,1.12,1.00
2017.11.07 15:12:04.816,0.68961,0.68976,1.00,1.50
2017.11.07 15:12:05.236,0.68963,0.68976,1.00,1.00
2017.11.07 15:12:05.288,0.68962,0.68979,1.00,1.50
2017.11.07 15:12:05.490,0.68962,0.68977,1.00,1.00
2017.11.07 15:12:06.131,0.68962,0.68978,1.00,1.50
2017.11.07 15:12:08.795,0.68963,0.68978,1.00,1.50
2017.11.07 15:12:10.582,0.68962,0.68978,1.00,1.50
2017.11.07 15:12:11.909,0.68962,0.68976,1.00,1.00
2017.11.07 15:12:11.960,0.68962,0.68978,1.00,1.00
2017.11.07 15:12:14.765,0.68962,0.68976,1.00,1.00
2017.11.07 15:12:17.851,0.68961,0.68976,1.00,1.00
2017.11.07 15:12:18.447,0.68962,0.68976,1.00,1.00
2017.11.07 15:12:18.751,0.6896,0.68976,1.00,1.00
2017.11.07 15:12:19.259,0.6896,0.68975,1.00,1.50
2017.11.07 15:12:19.361,0.68959,0.68973,1.00,1.00
2017.11.07 15:12:20.907,0.68956,0.68972,1.00,1.00
2017.11.07 15:12:22.334,0.68957,0.68974,1.00,1.00
2017.11.07 15:12:22.781,0.68957,0.68971,1.00,1.00
2017.11.07 15:12:22.933,0.68955,0.6897,1.00,1.00
2017.11.07 15:12:23.475,0.68954,0.6897,1.00,1.50
2017.11.07 15:12:25.136,0.68958,0.68973,1.00,1.00
2017.11.07 15:12:25.188,0.68959,0.68976,1.00,2.62
2017.11.07 15:12:25.868,0.68962,0.68976,1.00,2.25
2017.11.07 15:12:28.801,0.68961,0.68976,1.00,1.50
2017.11.07 15:12:29.171,0.68963,0.68976,1.00,1.00
2017.11.07 15:12:29.570,0.68961,0.68976,1.00,1.00
2017.11.07 15:12:30.265,0.6896,0.68976,1.00,1.50
2017.11.07 15:12:34.129,0.68962,0.68976,1.00,2.25
2017.11.07 15:12:34.919,0.68961,0.68975,1.00,1.00
2017.11.07 15:12:35.634,0.68961,0.68977,1.00,1.50
2017.11.07 15:12:36.140,0.68962,0.68978,1.00,1.50
2017.11.07 15:12:36.774,0.68962,0.68977,1.00,1.00
2017.11.07 15:12:37.343,0.68963,0.68977,1.00,1.00
2017.11.07 15:12:37.892,0.68962,0.68977,1.00,1.00
2017.11.07 15:12:41.752,0.68963,0.68978,1.00,1.00
2017.11.07 15:12:43.350,0.68962,0.68978,1.00,1.50
2017.11.07 15:12:43.503,0.6896,0.68976,1.00,1.00
2017.11.07 15:12:44.098,0.68961,0.68976,1.00,1.00
2017.11.07 15:12:45.390,0.68961,0.68975,1.00,1.00
2017.11.07 15:12:46.155,0.6896,0.68975,1.00,1.00
2017.11.07 15:12:50.856,0.6896,0.68974,1.00,1.00
2017.11.07 15:12:51.867,0.68961,0.68975,1.00,1.50
2017.11.07 15:12:52.741,0.68962,0.68975,1.00,1.00
2017.11.07 15:12:53.347,0.68961,0.68975,1.00,1.00
2017.11.07 15:12:53.504,0.68961,0.68977,1.00,1.50
2017.11.07 15:12:56.536,0.68958,0.68974,1.00,1.00
2017.11.07 15:12:57.150,0.68959,0.68973,1.00,1.00
2017.11.07 15:12:58.860,0.68957,0.68973,1.00,1.00
2017.11.07 15:12:59.615,0.68957,0.6897,1.00,1.00
2017.11.07 15:12:59.666,0.68954,0.6897,1.00,1.50
2017.11.07 15:12:59.868,0.68953,0.68967,1.00,1.00
2017.11.07 15:13:00.904,0.68954,0.68968,1.00,1.00
2017.11.07 15:13:01.208,0.68957,0.6897,1.00,1.00
2017.11.07 15:13:01.410,0.68959,0.68973,1.00,1.50
2017.11.07 15:13:02.186,0.68957,0.68973,1.00,2.25
2017.11.07 15:13:02.491,0.68956,0.68971,1.00,1.00
2017.11.07 15:13:03.026,0.68955,0.6897,1.00,1.00
2017.11.07 15:13:03.352,0.68958,0.6897,1.00,1.00
2017.11.07 15:13:03.403,0.68959,0.68974,1.00,1.50
2017.11.07 15:13:04.005,0.6896,0.68974,1.00,1.00
2017.11.07 15:13:05.277,0.68959,0.68974,1.00,1.00
2017.11.07 15:13:06.185,0.6896,0.68974,1.00,1.00
2017.11.07 15:13:06.921,0.6896,0.68973,1.00,1.00
2017.11.07 15:13:07.770,0.6896,0.68972,1.00,1.00
2017.11.07 15:13:07.821,0.68958,0.68972,1.00,1.00
2017.11.07 15:13:08.340,0.68957,0.68972,1.00,1.50
2017.11.07 15:13:08.849,0.68956,0.68971,1.00,1.00
2017.11.07 15:13:09.378,0.68958,0.68971,1.00,1.00
2017.11.07 15:13:09.429,0.68956,0.68971,1.00,1.00
2017.11.07 15:13:09.898,0.68958,0.68971,1.00,1.00
2017.11.07 15:13:10.493,0.68955,0.68971,1.00,1.00
2017.11.07 15:13:10.595,0.68958,0.68971,1.00,1.00
2017.11.07 15:13:10.798,0.68958,0.68973,1.00,1.00
2017.11.07 15:13:11.446,0.68958,0.68974,1.00,1.50
2017.11.07 15:13:11.967,0.68958,0.68973,1.00,1.00
2017.11.07 15:13:13.081,0.68962,0.68974,1.00,1.00
2017.11.07 15:13:14.417,0.68964,0.68978,1.00,1.00
2017.11.07 15:13:15.227,0.68964,0.68979,1.00,1.50
2017.11.07 15:13:15.785,0.68964,0.68978,1.00,1.00
2017.11.07 15:13:15.837,0.68961,0.68976,1.00,1.00
2017.11.07 15:13:16.434,0.68961,0.68977,1.00,1.50
2017.11.07 15:13:18.021,0.68961,0.68976,1.00,2.25
2017.11.07 15:13:18.574,0.6896,0.68975,1.00,1.50
2017.11.07 15:13:19.135,0.68959,0.68972,1.00,1.00
2017.11.07 15:13:19.186,0.68957,0.68972,1.00,1.00
2017.11.07 15:13:19.732,0.68957,0.68971,1.00,1.00
2017.11.07 15:13:20.942,0.68959,0.68972,1.00,1.00
2017.11.07 15:13:20.994,0.6896,0.68975,1.00,1.00
2017.11.07 15:13:21.662,0.68959,0.68975,1.00,1.50
2017.11.07 15:13:21.713,0.68959,0.68973,1.00,1.00
2017.11.07 15:13:23.738,0.68958,0.68973,1.00,1.50
2017.11.07 15:13:25.477,0.68958,0.68972,1.00,1.00
2017.11.07 15:13:26.111,0.68958,0.68973,1.00,1.00
2017.11.07 15:13:26.831,0.68959,0.68973,1.00,1.00
2017.11.07 15:13:27.382,0.68959,0.68972,1.00,1.00
2017.11.07 15:13:29.448,0.68956,0.68972,1.00,1.50
2017.11.07 15:13:29.499,0.68954,0.6897,1.00,1.00
2017.11.07 15:13:29.836,0.68955,0.68968,1.00,1.00
2017.11.07 15:13:29.886,0.68952,0.68967,1.00,1.00
2017.11.07 15:13:30.117,0.6895,0.68966,1.00,1.00
2017.11.07 15:13:30.828,0.68951,0.68966,1.00,1.50
2017.11.07 15:13:31.488,0.6895,0.68966,1.00,1.50
2017.11.07 15:13:32.677,0.6895,0.68964,1.00,1.00
2017.11.07 15:13:33.454,0.68949,0.68964,1.00,1.00
2017.11.07 15:13:36.733,0.68948,0.68963,1.00,1.00
2017.11.07 15:13:40.640,0.68949,0.68963,1.00,1.00
2017.11.07 15:13:42.119,0.6895,0.68963,1.00,1.00
2017.11.07 15:13:42.170,0.6895,0.68965,1.00,1.50
2017.11.07 15:13:42.322,0.68948,0.68964,1.00,1.50
2017.11.07 15:13:43.586,0.68947,0.68964,1.00,1.50
2017.11.07 15:13:44.191,0.68947,0.68963,1.00,1.00
2017.11.07 15:13:45.110,0.68947,0.68964,1.00,1.50
2017.11.07 15:13:45.986,0.68949,0.68964,1.00,2.25
2017.11.07 15:13:46.517,0.68948,0.68964,1.00,2.25
2017.11.07 15:13:47.486,0.68948,0.68963,1.00,1.00
2017.11.07 15:13:50.780,0.68947,0.68963,1.00,1.00
2017.11.07 15:13:53.048,0.68946,0.68963,1.00,1.00
2017.11.07 15:13:53.819,0.68945,0.68959,1.12,1.00
2017.11.07 15:13:54.073,0.68948,0.68963,1.00,1.00
2017.11.07 15:13:54.839,0.68949,0.68964,1.00,1.50
2017.11.07 15:13:56.538,0.68949,0.68963,1.00,1.00
2017.11.07 15:13:57.080,0.68948,0.68963,1.00,1.00
2017.11.07 15:13:59.397,0.68949,0.68963,1.00,1.00
2017.11.07 15:14:00.937,0.68948,0.68963,1.12,1.00
2017.11.07 15:14:01.727,0.68948,0.68964,1.00,1.00
2017.11.07 15:14:02.260,0.68949,0.68964,1.00,1.50
2017.11.07 15:14:02.820,0.68948,0.68964,1.00,1.00
2017.11.07 15:14:06.096,0.68948,0.68965,1.00,1.50
2017.11.07 15:14:06.905,0.68949,0.68964,1.00,1.00
2017.11.07 15:14:07.861,0.6895,0.68964,1.00,1.00
2017.11.07 15:14:11.118,0.68951,0.68964,1.00,1.00
2017.11.07 15:14:11.321,0.68948,0.68964,1.00,1.00
2017.11.07 15:14:12.302,0.68948,0.68963,1.00,1.00
2017.11.07 15:14:12.353,0.6895,0.68965,1.00,2.62
2017.11.07 15:14:12.659,0.68947,0.68962,1.00,1.00
2017.11.07 15:14:12.710,0.68945,0.68961,1.00,1.87
2017.11.07 15:14:12.761,0.68944,0.68957,1.00,1.00
2017.11.07 15:14:12.812,0.68942,0.68957,1.00,1.00
2017.11.07 15:14:13.582,0.68942,0.68956,1.00,1.00
2017.11.07 15:14:14.267,0.68941,0.68957,1.00,1.50
2017.11.07 15:14:15.032,0.68941,0.68956,1.00,1.00
2017.11.07 15:14:15.583,0.68941,0.68957,1.00,1.00
2017.11.07 15:14:16.248,0.68942,0.68957,1.00,1.00
2017.11.07 15:14:17.082,0.68943,0.68957,1.00,1.00
2017.11.07 15:14:17.584,0.68943,0.68958,1.00,1.00
2017.11.07 15:14:18.189,0.68942,0.68958,1.00,1.00
2017.11.07 15:14:18.693,0.68943,0.68957,1.00,1.00
2017.11.07 15:14:19.548,0.68941,0.68957,1.00,1.00
2017.11.07 15:14:20.084,0.68942,0.68957,1.00,1.00
2017.11.07 15:14:21.209,0.68943,0.68957,1.00,1.00
2017.11.07 15:14:21.861,0.68944,0.68957,1.50,1.00
2017.11.07 15:14:24.419,0.68947,0.68961,1.00,1.00
2017.11.07 15:14:30.841,0.68946,0.68961,1.00,1.00
2017.11.07 15:14:32.990,0.68946,0.6896,1.00,1.00
2017.11.07 15:14:33.520,0.68946,0.68961,1.00,1.50
2017.11.07 15:14:35.538,0.68947,0.68961,1.00,1.50
2017.11.07 15:14:36.159,0.68946,0.68962,1.00,1.00
2017.11.07 15:14:37.736,0.68946,0.68963,1.00,1.50
2017.11.07 15:14:38.276,0.68947,0.68962,1.00,1.00
2017.11.07 15:14:38.879,0.68948,0.68961,1.00,1.00
2017.11.07 15:14:40.736,0.68948,0.68962,1.00,1.00
2017.11.07 15:14:41.207,0.68949,0.68964,1.00,1.50
2017.11.07 15:14:42.920,0.68948,0.68964,1.00,1.50
2017.11.07 15:14:44.070,0.68947,0.68964,1.00,1.50
2017.11.07 15:14:45.192,0.68947,0.68962,1.00,1.00
2017.11.07 15:14:45.974,0.68946,0.68963,1.00,1.00
2017.11.07 15:14:46.589,0.68946,0.68962,1.00,1.00
2017.11.07 15:14:48.730,0.68947,0.68962,1.00,2.25
2017.11.07 15:14:48.781,0.68945,0.68962,1.00,1.50
2017.11.07 15:14:51.391,0.68945,0.68961,1.00,1.00
2017.11.07 15:14:51.993,0.68946,0.6896,1.00,1.00
2017.11.07 15:14:52.581,0.68945,0.6896,1.00,1.00
2017.11.07 15:14:54.687,0.68945,0.68961,1.00,1.00
2017.11.07 15:14:55.617,0.68943,0.6896,1.12,1.00
2017.11.07 15:14:55.818,0.68941,0.68959,1.00,2.32
2017.11.07 15:14:56.888,0.68941,0.68956,1.00,1.00
2017.11.07 15:14:59.355,0.68942,0.68956,1.00,1.00
2017.11.07 15:15:00.488,0.68944,0.68956,1.00,1.00
2017.11.07 15:15:00.539,0.68944,0.68959,1.00,1.57
2017.11.07 15:15:00.741,0.68942,0.68958,1.12,1.00
2017.11.07 15:15:00.911,0.68942,0.68956,1.12,1.00
2017.11.07 15:15:02.776,0.68942,0.68955,1.00,1.00
2017.11.07 15:15:03.298,0.68941,0.68955,1.12,1.00
2017.11.07 15:15:04.787,0.68941,0.68956,1.00,1.50
2017.11.07 15:15:05.325,0.6894,0.68954,1.00,1.00
2017.11.07 15:15:06.838,0.6894,0.68955,1.00,1.00
2017.11.07 15:15:07.380,0.6894,0.68955,1.37,1.00
2017.11.07 15:15:07.944,0.68941,0.68956,1.12,1.00
2017.11.07 15:15:09.744,0.68932,0.68948,2.85,1.00
2017.11.07 15:15:10.066,0.68932,0.68946,2.10,1.00
2017.11.07 15:15:10.455,0.68933,0.68946,1.00,1.00
2017.11.07 15:15:10.506,0.68933,0.68948,1.00,1.50
2017.11.07 15:15:10.951,0.68931,0.68947,1.00,1.00
2017.11.07 15:15:12.208,0.68931,0.68946,1.00,1.00
2017.11.07 15:15:14.342,0.6893,0.68946,1.00,1.00
2017.11.07 15:15:14.772,0.6893,0.68944,1.00,1.00
2017.11.07 15:15:15.285,0.68931,0.68944,1.00,1.00
2017.11.07 15:15:15.386,0.68931,0.68946,1.00,1.50
2017.11.07 15:15:16.414,0.68929,0.68946,1.12,1.50
2017.11.07 15:15:16.465,0.68928,0.68943,1.00,1.00
2017.11.07 15:15:17.070,0.68927,0.68943,1.00,1.50
2017.11.07 15:15:18.081,0.68928,0.68943,1.00,1.50
2017.11.07 15:15:19.329,0.68926,0.68943,1.00,1.00
2017.11.07 15:15:19.583,0.68933,0.68942,1.00,1.00
2017.11.07 15:15:19.634,0.68932,0.68945,1.00,1.00
2017.11.07 15:15:19.685,0.68932,0.68947,1.00,1.00
2017.11.07 15:15:19.787,0.68932,0.68949,1.00,1.50
2017.11.07 15:15:20.547,0.68932,0.68948,1.00,1.00
2017.11.07 15:15:21.053,0.68934,0.68948,1.00,1.00
2017.11.07 15:15:22.142,0.68934,0.68949,1.00,1.00
2017.11.07 15:15:22.535,0.6893,0.68946,1.00,1.00
2017.11.07 15:15:22.970,0.68929,0.68944,1.00,1.00
2017.11.07 15:15:23.592,0.68929,0.68943,1.00,1.00
2017.11.07 15:15:24.150,0.68928,0.68943,1.00,1.00
2017.11.07 15:15:25.375,0.68927,0.68943,1.00,1.00
2017.11.07 15:15:25.909,0.68928,0.68944,1.00,1.00
2017.11.07 15:15:27.274,0.68928,0.68943,1.00,1.00
2017.11.07 15:15:27.668,0.68927,0.68945,1.00,1.50
2017.11.07 15:15:27.719,0.68929,0.68945,1.00,1.50
2017.11.07 15:15:28.311,0.68927,0.68945,1.00,1.50
2017.11.07 15:15:28.934,0.68929,0.68944,1.00,1.00
2017.11.07 15:15:30.140,0.68929,0.68945,1.00,1.00
2017.11.07 15:15:30.445,0.68933,0.68948,1.00,1.00
2017.11.07 15:15:30.949,0.68929,0.68943,1.12,1.00
2017.11.07 15:15:31.371,0.68928,0.68945,1.00,1.00
2017.11.07 15:15:31.422,0.68927,0.68943,1.00,1.00
2017.11.07 15:15:34.661,0.68928,0.68943,1.00,1.00
2017.11.07 15:15:34.814,0.68928,0.68945,1.00,1.00
2017.11.07 15:15:36.098,0.68928,0.68944,1.50,1.00
2017.11.07 15:15:36.618,0.68928,0.68943,1.00,1.50
2017.11.07 15:15:37.089,0.68926,0.68942,1.50,1.00
2017.11.07 15:15:37.726,0.68929,0.68943,1.00,1.00
2017.11.07 15:15:37.777,0.68929,0.68946,1.00,1.50
2017.11.07 15:15:37.878,0.68927,0.68945,1.50,1.00
2017.11.07 15:15:38.786,0.68927,0.68943,1.50,1.00
2017.11.07 15:15:40.255,0.68928,0.68943,1.00,1.00
2017.11.07 15:15:40.801,0.68929,0.68943,1.00,1.00
2017.11.07 15:15:42.824,0.68928,0.68943,1.50,1.00
2017.11.07 15:15:43.325,0.68927,0.68942,1.00,1.00
2017.11.07 15:15:44.981,0.68929,0.68942,1.00,1.00
2017.11.07 15:15:45.729,0.68929,0.68945,1.50,1.00
2017.11.07 15:15:46.628,0.68931,0.68947,1.00,2.25
2017.11.07 15:15:46.679,0.68929,0.68947,1.87,2.25
2017.11.07 15:15:49.089,0.6893,0.68945,1.00,1.00
2017.11.07 15:15:49.313,0.68927,0.68943,1.00,1.00
2017.11.07 15:15:49.720,0.68928,0.68945,1.87,1.00
2017.11.07 15:15:50.458,0.68929,0.68945,1.00,1.00
2017.11.07 15:15:50.971,0.6893,0.68946,1.12,1.00
2017.11.07 15:15:51.494,0.6893,0.68945,1.87,1.00
2017.11.07 15:15:51.712,0.6893,0.68947,1.12,1.00
2017.11.07 15:15:52.270,0.68929,0.68947,1.50,1.00
2017.11.07 15:15:52.860,0.68929,0.68946,1.50,1.00
2017.11.07 15:15:53.377,0.68929,0.68947,1.50,1.00
2017.11.07 15:15:53.830,0.68931,0.68948,1.00,1.35
2017.11.07 15:15:54.355,0.6893,0.68948,1.50,1.50
2017.11.07 15:15:54.673,0.68932,0.68948,1.00,1.00
2017.11.07 15:15:55.456,0.68932,0.68949,1.87,1.00
2017.11.07 15:15:55.746,0.68933,0.68951,1.87,1.00
2017.11.07 15:15:56.611,0.68934,0.68952,1.00,1.87
2017.11.07 15:15:56.940,0.68934,0.68948,1.00,1.00
2017.11.07 15:15:56.991,0.6893,0.68947,1.12,1.00
2017.11.07 15:15:57.043,0.6893,0.68944,1.00,1.00
2017.11.07 15:15:57.221,0.68928,0.68944,1.00,1.00
2017.11.07 15:15:58.237,0.6893,0.68944,1.00,1.00
2017.11.07 15:15:58.814,0.68928,0.68944,1.00,1.00
2017.11.07 15:16:00.555,0.68929,0.68944,1.00,1.50
2017.11.07 15:16:01.233,0.68928,0.68944,1.00,1.50
2017.11.07 15:16:01.771,0.68928,0.68943,1.00,1.00
2017.11.07 15:16:02.548,0.68928,0.68944,1.00,1.00
2017.11.07 15:16:02.906,0.68929,0.68946,1.12,1.00
2017.11.07 15:16:03.589,0.68928,0.68946,1.00,1.00
2017.11.07 15:16:04.291,0.68928,0.68945,1.00,1.00
2017.11.07 15:16:05.288,0.68927,0.68945,1.00,1.00
2017.11.07 15:16:05.803,0.68927,0.68944,1.00,1.00
2017.11.07 15:16:06.333,0.68927,0.68945,1.00,1.00
2017.11.07 15:16:07.094,0.68928,0.68945,1.00,1.00
2017.11.07 15:16:07.640,0.68929,0.68945,1.00,1.12
2017.11.07 15:16:09.504,0.68928,0.68944,1.50,1.00
2017.11.07 15:16:10.054,0.68926,0.68944,1.87,1.00
2017.11.07 15:16:10.561,0.68926,0.68944,1.00,1.50
2017.11.07 15:16:11.207,0.68927,0.68944,1.00,1.00
2017.11.07 15:16:11.780,0.68927,0.68945,1.00,1.00
2017.11.07 15:16:12.060,0.68929,0.68944,1.00,1.00
2017.11.07 15:16:12.111,0.68929,0.68947,1.00,1.12
2017.11.07 15:16:12.162,0.68932,0.68948,1.00,1.37
2017.11.07 15:16:12.213,0.68931,0.68949,1.50,1.00
2017.11.07 15:16:12.929,0.68932,0.6895,1.00,1.57
2017.11.07 15:16:12.980,0.6893,0.68945,1.00,1.00
2017.11.07 15:16:13.031,0.68928,0.68944,1.00,1.00
2017.11.07 15:16:13.132,0.68928,0.68942,1.00,1.00
2017.11.07 15:16:13.403,0.68928,0.68944,1.00,1.50
2017.11.07 15:16:13.454,0.68927,0.68942,1.00,1.00
2017.11.07 15:16:13.972,0.68927,0.68941,1.00,1.00
2017.11.07 15:16:14.627,0.68924,0.68941,1.12,1.00
2017.11.07 15:16:14.678,0.68923,0.68939,1.00,1.00
2017.11.07 15:16:15.187,0.68922,0.68938,1.00,1.00
2017.11.07 15:16:15.909,0.68922,0.68937,1.00,1.00
2017.11.07 15:16:16.251,0.68924,0.68939,1.00,1.00
2017.11.07 15:16:17.118,0.68924,0.68937,1.00,1.00
2017.11.07 15:16:17.339,0.68925,0.68942,1.00,1.00
2017.11.07 15:16:17.770,0.68924,0.6894,1.00,1.00
2017.11.07 15:16:18.135,0.68922,0.68939,1.00,1.00
2017.11.07 15:16:18.661,0.68922,0.68938,1.12,1.00
2017.11.07 15:16:19.690,0.68923,0.68938,1.00,1.50
2017.11.07 15:16:19.944,0.68923,0.68936,1.00,1.00
2017.11.07 15:16:21.019,0.68921,0.68936,1.00,1.00
2017.11.07 15:16:24.768,0.68921,0.68936,1.37,1.00
2017.11.07 15:16:24.819,0.68925,0.68938,1.00,1.00
2017.11.07 15:16:24.870,0.68926,0.68942,1.00,1.12
2017.11.07 15:16:24.922,0.68924,0.6894,1.87,1.00
2017.11.07 15:16:25.381,0.68926,0.68942,1.00,1.00
2017.11.07 15:16:25.798,0.68926,0.68944,1.00,1.50
2017.11.07 15:16:26.164,0.68928,0.68945,1.00,1.00
2017.11.07 15:16:27.014,0.68929,0.68946,1.00,1.00
2017.11.07 15:16:27.561,0.68927,0.68945,1.00,1.00
2017.11.07 15:16:28.219,0.68926,0.68944,1.50,1.00
2017.11.07 15:16:28.814,0.68926,0.68944,1.00,1.37
2017.11.07 15:16:30.020,0.68924,0.68942,1.50,1.00
2017.11.07 15:16:30.316,0.68923,0.6894,1.50,1.00
2017.11.07 15:16:30.642,0.68924,0.68942,1.00,1.12
2017.11.07 15:16:30.846,0.68925,0.6894,1.00,1.00
2017.11.07 15:16:30.897,0.68923,0.68941,1.00,1.00
2017.11.07 15:16:31.428,0.68924,0.6894,1.00,1.00
2017.11.07 15:16:31.591,0.68922,0.68939,1.00,1.00
2017.11.07 15:16:32.451,0.68922,0.68938,1.00,1.00
2017.11.07 15:16:33.264,0.68922,0.68937,1.00,1.00
2017.11.07 15:16:34.219,0.68923,0.68937,1.00,1.00
2017.11.07 15:16:34.723,0.68923,0.68938,1.00,1.00
2017.11.07 15:16:35.001,0.68921,0.68939,1.87,1.00
2017.11.07 15:16:35.503,0.68922,0.68939,1.00,1.00
2017.11.07 15:16:36.119,0.68922,0.6894,1.00,1.00
2017.11.07 15:16:36.671,0.68923,0.6894,1.00,1.00
2017.11.07 15:16:36.931,0.68923,0.68938,1.00,1.00
2017.11.07 15:16:37.411,0.68921,0.68939,1.87,1.00
2017.11.07 15:16:37.462,0.68923,0.68939,1.00,1.00
2017.11.07 15:16:38.123,0.68923,0.68938,1.00,1.00
2017.11.07 15:16:38.684,0.68922,0.68939,1.50,1.00
2017.11.07 15:16:39.215,0.68922,0.6894,1.50,1.00
2017.11.07 15:16:40.564,0.68923,0.6894,1.00,1.00
2017.11.07 15:16:43.135,0.68923,0.68941,1.50,1.00
2017.11.07 15:16:43.449,0.68929,0.68944,1.00,1.00
2017.11.07 15:16:43.501,0.68929,0.68946,1.00,1.00
2017.11.07 15:16:44.285,0.68929,0.68944,1.50,1.00
2017.11.07 15:16:46.325,0.68929,0.68946,1.00,1.00
2017.11.07 15:16:46.843,0.6893,0.68944,1.00,1.00
2017.11.07 15:16:47.650,0.6893,0.68945,1.00,1.00
2017.11.07 15:16:47.801,0.6893,0.68948,1.87,1.00
2017.11.07 15:16:47.953,0.68933,0.68949,1.00,1.00
2017.11.07 15:16:48.004,0.68934,0.68951,1.50,1.12
2017.11.07 15:16:48.604,0.68935,0.68952,1.00,1.00
2017.11.07 15:16:48.756,0.68937,0.68952,1.00,1.00
2017.11.07 15:16:49.265,0.68937,0.68951,1.00,1.00
2017.11.07 15:16:50.128,0.68936,0.68951,1.50,1.00
2017.11.07 15:16:50.915,0.68936,0.68952,1.00,1.00
2017.11.07 15:16:51.408,0.68932,0.68949,1.37,1.00
2017.11.07 15:16:51.458,0.68932,0.6895,1.95,1.00
2017.11.07 15:16:51.509,0.68934,0.6895,1.00,1.00
2017.11.07 15:16:51.713,0.68936,0.68953,1.00,1.00
2017.11.07 15:16:51.816,0.68938,0.68954,1.00,1.12
2017.11.07 15:16:52.370,0.68937,0.68953,1.00,1.00
2017.11.07 15:16:52.950,0.68938,0.68952,1.00,1.00
2017.11.07 15:16:53.162,0.68937,0.68954,1.00,1.00
2017.11.07 15:16:54.387,0.68937,0.68955,1.50,1.00
2017.11.07 15:16:54.742,0.6894,0.68956,1.00,1.00
2017.11.07 15:16:55.298,0.68939,0.68955,1.12,1.00
2017.11.07 15:16:56.197,0.6894,0.68956,1.50,1.00
2017.11.07 15:16:56.248,0.68941,0.68958,1.50,1.00
2017.11.07 15:16:56.772,0.68942,0.68958,1.50,1.00
2017.11.07 15:16:57.174,0.68942,0.6896,1.50,1.00
2017.11.07 15:16:57.961,0.68943,0.6896,1.00,1.00
2017.11.07 15:16:58.532,0.68942,0.6896,1.57,1.00
2017.11.07 15:16:59.349,0.68943,0.6896,1.00,1.00
2017.11.07 15:17:00.347,0.68943,0.68961,1.00,1.00
2017.11.07 15:17:00.399,0.68945,0.68963,1.50,1.37
2017.11.07 15:17:00.743,0.68948,0.68963,1.00,1.00
2017.11.07 15:17:01.279,0.68947,0.68962,1.00,1.00
2017.11.07 15:17:01.824,0.68946,0.68962,1.00,1.00
2017.11.07 15:17:02.337,0.68945,0.68962,1.50,1.00
2017.11.07 15:17:02.947,0.68944,0.68961,1.00,1.00
2017.11.07 15:17:05.565,0.68944,0.68959,1.00,1.00
2017.11.07 15:17:06.105,0.68941,0.68959,1.87,1.00
2017.11.07 15:17:06.963,0.68941,0.68957,1.87,1.00
2017.11.07 15:17:07.345,0.68939,0.68954,1.20,1.00
2017.11.07 15:17:08.183,0.68939,0.68955,1.00,1.00
2017.11.07 15:17:08.773,0.68939,0.68954,1.00,1.00
2017.11.07 15:17:09.650,0.68939,0.68956,1.00,1.00
2017.11.07 15:17:12.310,0.6894,0.68956,1.00,1.00
2017.11.07 15:17:12.944,0.68941,0.68957,1.00,1.00
2017.11.07 15:17:17.256,0.6894,0.68957,1.00,1.00
2017.11.07 15:17:19.694,0.6894,0.68956,1.00,1.00
2017.11.07 15:17:20.396,0.6894,0.68955,1.00,1.00
2017.11.07 15:17:20.694,0.68938,0.68955,1.00,1.00
2017.11.07 15:17:24.716,0.68939,0.68955,1.00,1.00
2017.11.07 15:17:27.313,0.68939,0.68956,1.00,1.00
2017.11.07 15:17:27.988,0.68939,0.68955,1.00,1.00
2017.11.07 15:17:28.311,0.68939,0.68953,1.00,1.00
2017.11.07 15:17:28.652,0.68936,0.68954,1.00,1.12
2017.11.07 15:17:28.754,0.68936,0.6895,1.00,1.00
2017.11.07 15:17:28.856,0.68934,0.6895,1.12,1.00
2017.11.07 15:17:29.188,0.68933,0.68948,1.00,1.00
2017.11.07 15:17:29.293,0.68933,0.68951,1.50,1.12
2017.11.07 15:17:29.396,0.68936,0.68951,1.00,1.00
2017.11.07 15:17:30.042,0.68937,0.68951,1.00,1.00
2017.11.07 15:17:31.273,0.68937,0.68953,1.00,1.00
2017.11.07 15:17:34.073,0.68939,0.68954,1.00,1.00
2017.11.07 15:17:34.689,0.68939,0.68953,1.00,1.00
2017.11.07 15:17:35.012,0.68939,0.68955,1.00,1.00
2017.11.07 15:17:35.164,0.68939,0.68953,1.00,1.00
2017.11.07 15:17:35.215,0.68937,0.68953,1.00,1.00
2017.11.07 15:17:35.932,0.68935,0.68953,1.87,1.00
2017.11.07 15:17:36.448,0.68936,0.68952,1.00,1.00
2017.11.07 15:17:37.101,0.68936,0.68951,1.00,1.00
2017.11.07 15:17:38.651,0.68935,0.68951,1.00,1.50
2017.11.07 15:17:39.410,0.68934,0.68951,1.87,1.50
2017.11.07 15:17:41.696,0.68932,0.68947,1.10,1.00
2017.11.07 15:17:41.798,0.68931,0.68949,1.57,1.12
2017.11.07 15:17:42.286,0.6893,0.68947,1.50,1.87
2017.11.07 15:17:42.975,0.6893,0.68946,1.00,1.00
2017.11.07 15:17:43.559,0.68929,0.68946,1.00,1.00
2017.11.07 15:17:44.766,0.68931,0.68948,1.50,1.00
2017.11.07 15:17:45.539,0.6893,0.68947,1.50,1.00
2017.11.07 15:17:46.149,0.6893,0.68946,1.00,1.00
2017.11.07 15:17:46.748,0.6893,0.68947,1.00,1.00
2017.11.07 15:17:52.122,0.68931,0.68947,1.00,1.87
2017.11.07 15:17:52.746,0.6893,0.68947,1.00,1.87
2017.11.07 15:17:53.392,0.68931,0.68947,1.00,1.00
2017.11.07 15:17:53.911,0.6893,0.68948,1.00,1.00
2017.11.07 15:17:54.242,0.68933,0.68949,1.00,1.87
2017.11.07 15:17:54.997,0.68932,0.68949,1.00,1.87
2017.11.07 15:17:55.517,0.68932,0.68948,1.00,1.00
2017.11.07 15:17:55.844,0.68925,0.6894,1.20,1.00
2017.11.07 15:17:56.369,0.68924,0.6894,1.00,1.00
2017.11.07 15:17:56.420,0.68922,0.6894,1.95,1.00
2017.11.07 15:17:56.471,0.68922,0.68937,1.00,1.00
2017.11.07 15:17:57.005,0.68923,0.68938,1.00,1.00
2017.11.07 15:17:57.826,0.68924,0.68938,1.00,1.00
2017.11.07 15:17:58.491,0.68922,0.68939,1.00,1.00
2017.11.07 15:17:59.268,0.68923,0.68939,1.00,1.00
2017.11.07 15:18:00.122,0.68924,0.68939,1.00,1.00
2017.11.07 15:18:00.941,0.68924,0.6894,1.50,1.00
2017.11.07 15:18:02.938,0.68923,0.6894,1.00,1.00
2017.11.07 15:18:03.624,0.68923,0.68938,1.50,1.00
2017.11.07 15:18:03.699,0.68921,0.68938,1.10,1.00
2017.11.07 15:18:04.725,0.68921,0.68939,1.00,1.00
2017.11.07 15:18:05.076,0.68923,0.68939,1.00,1.00
2017.11.07 15:18:05.127,0.68921,0.68938,1.00,1.00
2017.11.07 15:18:05.630,0.6892,0.68938,1.00,1.00
2017.11.07 15:18:05.681,0.68922,0.68938,1.00,1.00
2017.11.07 15:18:05.802,0.68923,0.68942,1.00,3.07
2017.11.07 15:18:06.002,0.68928,0.68942,1.00,1.37
2017.11.07 15:18:06.053,0.68926,0.68942,1.00,1.12
2017.11.07 15:18:06.619,0.68927,0.68942,1.00,1.00
2017.11.07 15:18:06.670,0.68928,0.68944,1.00,1.50
2017.11.07 15:18:06.874,0.6893,0.68946,1.00,1.00
2017.11.07 15:18:07.028,0.68925,0.68943,1.57,1.50
2017.11.07 15:18:07.285,0.68928,0.68942,1.00,1.00
2017.11.07 15:18:07.387,0.68927,0.68944,1.00,1.87
2017.11.07 15:18:07.934,0.68927,0.68943,1.20,1.00
2017.11.07 15:18:08.506,0.68927,0.68943,1.10,1.00
2017.11.07 15:18:09.912,0.68925,0.68943,1.95,1.50
2017.11.07 15:18:09.963,0.68924,0.68941,1.37,1.00
2017.11.07 15:18:10.549,0.68924,0.6894,1.00,1.50
2017.11.07 15:18:11.012,0.68924,0.68938,1.00,1.00
2017.11.07 15:18:11.063,0.68924,0.6894,1.00,1.50
2017.11.07 15:18:11.691,0.68924,0.68939,1.00,1.00
2017.11.07 15:18:12.218,0.68924,0.6894,1.00,1.50
2017.11.07 15:18:12.598,0.68927,0.68941,1.00,1.00
2017.11.07 15:18:12.810,0.68926,0.68943,1.00,1.00
2017.11.07 15:18:12.912,0.68926,0.68941,1.20,1.00
2017.11.07 15:18:13.759,0.68927,0.68941,1.00,1.00
2017.11.07 15:18:14.313,0.68927,0.68942,1.00,1.00
2017.11.07 15:18:14.822,0.68928,0.68943,1.00,1.00
2017.11.07 15:18:15.461,0.68928,0.68942,1.00,1.00
2017.11.07 15:18:15.613,0.68928,0.68944,1.00,1.00
2017.11.07 15:18:16.724,0.68928,0.68945,1.00,1.00
2017.11.07 15:18:16.825,0.6893,0.68946,1.00,1.12
2017.11.07 15:18:17.310,0.68929,0.68944,1.00,1.00
2017.11.07 15:18:17.840,0.68928,0.68944,1.00,1.00
2017.11.07 15:18:18.055,0.68929,0.68946,1.00,1.12
2017.11.07 15:18:18.558,0.6893,0.68947,1.00,1.37
2017.11.07 15:18:19.035,0.6893,0.68948,1.00,1.00
2017.11.07 15:18:19.547,0.68929,0.68947,1.20,1.00
2017.11.07 15:18:19.943,0.6893,0.6895,1.00,1.37
2017.11.07 15:18:20.147,0.68932,0.68949,1.00,1.12
2017.11.07 15:18:20.669,0.68933,0.68949,1.00,1.00
2017.11.07 15:18:21.330,0.68934,0.68949,1.00,1.00
2017.11.07 15:18:21.995,0.68932,0.6895,1.00,1.50
2017.11.07 15:18:22.096,0.68932,0.68947,1.00,1.00
2017.11.07 15:18:22.148,0.68929,0.68947,1.57,1.50
2017.11.07 15:18:22.199,0.68929,0.68945,1.00,1.00
2017.11.07 15:18:23.338,0.68929,0.68947,1.00,1.50
2017.11.07 15:18:24.134,0.68929,0.68946,1.00,1.00
2017.11.07 15:18:24.807,0.6893,0.68946,1.00,1.00
2017.11.07 15:18:26.014,0.68931,0.68946,1.00,1.50
2017.11.07 15:18:26.870,0.68931,0.68948,1.00,1.50
2017.11.07 15:18:27.526,0.6893,0.68948,1.00,1.50
2017.11.07 15:18:28.075,0.6893,0.68947,1.00,1.00
2017.11.07 15:18:28.766,0.6893,0.68946,1.00,1.00
2017.11.07 15:18:29.668,0.68931,0.68946,1.00,1.00
2017.11.07 15:18:29.719,0.68929,0.68947,1.10,1.50
2017.11.07 15:18:29.821,0.68927,0.68944,1.20,1.50
2017.11.07 15:18:30.126,0.68925,0.68942,1.10,1.50
2017.11.07 15:18:30.449,0.68927,0.68942,1.00,1.50
2017.11.07 15:18:31.974,0.68924,0.68939,1.57,1.00
2017.11.07 15:18:32.394,0.68921,0.68937,1.57,1.00
2017.11.07 15:18:32.445,0.68922,0.68937,1.00,1.50
2017.11.07 15:18:32.985,0.68922,0.68935,1.00,1.00
2017.11.07 15:18:33.087,0.6892,0.68935,1.10,1.00
2017.11.07 15:18:35.994,0.68921,0.68936,1.00,1.00
2017.11.07 15:18:36.629,0.68919,0.68936,1.20,1.00
2017.11.07 15:18:37.275,0.68919,0.68936,1.20,1.00
2017.11.07 15:18:37.795,0.68919,0.68935,1.00,1.50
2017.11.07 15:18:43.011,0.68918,0.68935,1.00,1.50
2017.11.07 15:18:43.112,0.68918,0.68933,1.00,1.00
2017.11.07 15:18:43.645,0.68919,0.68933,1.10,1.00
2017.11.07 15:18:45.151,0.6892,0.68933,1.00,1.00
2017.11.07 15:18:46.580,0.68919,0.68933,1.10,1.00
2017.11.07 15:18:49.394,0.6892,0.68933,1.00,1.00
2017.11.07 15:18:51.413,0.68919,0.68933,1.20,1.00
2017.11.07 15:18:51.793,0.68919,0.68935,1.10,1.00
2017.11.07 15:18:52.097,0.68921,0.68936,1.00,1.00
2017.11.07 15:18:53.151,0.68922,0.68936,1.00,1.00
2017.11.07 15:18:54.375,0.68924,0.68939,1.00,1.00
2017.11.07 15:18:55.374,0.68925,0.68939,1.00,1.00
2017.11.07 15:18:56.294,0.68924,0.68939,1.00,1.00
2017.11.07 15:18:56.812,0.68924,0.68938,1.00,1.00
2017.11.07 15:18:58.766,0.68923,0.68938,1.00,1.00
2017.11.07 15:18:59.564,0.68922,0.68938,1.00,1.00
2017.11.07 15:19:00.620,0.68924,0.68938,1.00,1.00
2017.11.07 15:19:01.472,0.68924,0.68939,1.00,1.00
2017.11.07 15:19:01.792,0.68926,0.6894,1.00,1.00
2017.11.07 15:19:01.994,0.68922,0.68939,1.45,1.00
2017.11.07 15:19:02.238,0.68921,0.68938,1.00,1.50
2017.11.07 15:19:02.594,0.68926,0.6894,1.00,1.37
2017.11.07 15:19:02.696,0.6892,0.68935,1.57,1.00
2017.11.07 15:19:02.800,0.6892,0.68937,1.20,1.00
2017.11.07 15:19:03.119,0.68922,0.68939,1.00,1.50
2017.11.07 15:19:04.065,0.68925,0.6894,1.00,1.50
2017.11.07 15:19:04.180,0.68923,0.6894,1.00,1.00
2017.11.07 15:19:04.231,0.68921,0.68937,1.00,1.00
2017.11.07 15:19:04.547,0.68917,0.68932,1.00,1.00
2017.11.07 15:19:04.753,0.68915,0.68933,1.87,1.50
2017.11.07 15:19:04.907,0.68917,0.68935,1.00,1.12
2017.11.07 15:19:05.245,0.68921,0.68937,1.37,1.00
2017.11.07 15:19:05.499,0.6892,0.68937,1.87,1.00
2017.11.07 15:19:06.019,0.68922,0.68943,1.50,2.32
2017.11.07 15:19:06.070,0.68928,0.68945,1.00,2.70
2017.11.07 15:19:06.598,0.68927,0.68942,1.00,1.00
2017.11.07 15:19:07.370,0.68928,0.68943,1.00,1.00
2017.11.07 15:19:07.881,0.68927,0.68944,1.00,1.00
2017.11.07 15:19:08.532,0.68925,0.6894,1.50,1.00
2017.11.07 15:19:08.929,0.68926,0.68944,1.00,1.50
2017.11.07 15:19:09.440,0.68927,0.68944,1.00,1.00
2017.11.07 15:19:09.491,0.68927,0.68942,1.00,1.00
2017.11.07 15:19:10.017,0.68926,0.68942,1.00,1.00
2017.11.07 15:19:11.182,0.68928,0.68942,1.00,1.00
2017.11.07 15:19:11.762,0.68928,0.6894,1.00,1.00
2017.11.07 15:19:11.813,0.68925,0.6894,1.00,1.00
2017.11.07 15:19:12.351,0.68925,0.68941,1.50,1.00
2017.11.07 15:19:12.402,0.68928,0.68944,1.00,1.00
2017.11.07 15:19:13.347,0.68928,0.68945,1.00,1.00
2017.11.07 15:19:13.849,0.6893,0.68945,1.00,1.00
2017.11.07 15:19:13.951,0.68932,0.68949,1.50,1.00
2017.11.07 15:19:16.211,0.68932,0.6895,1.50,1.00
2017.11.07 15:19:16.720,0.68933,0.68949,1.00,1.00
2017.11.07 15:19:18.225,0.68933,0.68947,1.00,1.00
2017.11.07 15:19:18.377,0.6893,0.68946,1.00,1.00
2017.11.07 15:19:18.648,0.68928,0.68945,1.00,1.12
2017.11.07 15:19:18.885,0.68928,0.68943,1.00,1.00
2017.11.07 15:19:18.936,0.68928,0.68945,1.00,1.12
2017.11.07 15:19:19.495,0.68929,0.68945,1.00,1.12
2017.11.07 15:19:21.379,0.68929,0.68943,1.00,1.00
2017.11.07 15:19:22.071,0.68929,0.68944,1.00,1.00
2017.11.07 15:19:23.205,0.6893,0.68947,1.00,1.00
2017.11.07 15:19:23.740,0.68931,0.68948,1.00,1.00
2017.11.07 15:19:24.265,0.68932,0.68949,1.00,1.00
2017.11.07 15:19:24.566,0.68931,0.68947,1.00,1.00
2017.11.07 15:19:24.720,0.68933,0.6895,1.00,1.50
2017.11.07 15:19:25.187,0.68931,0.68949,1.10,1.00
2017.11.07 15:19:27.080,0.68934,0.68951,1.00,1.12
2017.11.07 15:19:27.620,0.68933,0.68951,1.00,1.00
2017.11.07 15:19:28.133,0.68933,0.68949,1.00,1.00
2017.11.07 15:19:28.184,0.68931,0.68949,1.00,1.50
2017.11.07 15:19:28.336,0.6893,0.68947,1.00,1.00
2017.11.07 15:19:28.962,0.68929,0.68947,1.00,1.50
2017.11.07 15:19:29.336,0.68931,0.68947,1.00,1.50
2017.11.07 15:19:29.488,0.68929,0.68946,1.00,1.00
2017.11.07 15:19:30.087,0.68929,0.68947,1.00,1.00
2017.11.07 15:19:31.228,0.6893,0.68947,1.00,1.00
2017.11.07 15:19:31.330,0.68933,0.6895,1.00,1.00
2017.11.07 15:19:31.667,0.68934,0.68952,1.00,1.50
2017.11.07 15:19:31.972,0.68937,0.6895,1.00,1.00
2017.11.07 15:19:32.024,0.68935,0.6895,1.00,1.00
2017.11.07 15:19:32.076,0.68935,0.68953,1.00,1.87
2017.11.07 15:19:32.664,0.68935,0.68952,1.00,1.00
2017.11.07 15:19:33.604,0.68937,0.68952,1.00,1.00
2017.11.07 15:19:34.150,0.68938,0.68952,1.00,1.00
2017.11.07 15:19:34.758,0.68939,0.68952,1.00,1.00
2017.11.07 15:19:35.320,0.68939,0.68953,1.00,1.00
2017.11.07 15:19:36.699,0.68938,0.68953,1.00,1.00
2017.11.07 15:19:36.762,0.68936,0.68952,1.00,1.50
2017.11.07 15:19:36.813,0.68935,0.6895,1.00,1.00
2017.11.07 15:19:38.100,0.68932,0.6895,1.00,2.25
2017.11.07 15:19:38.151,0.68931,0.68948,1.00,1.50
2017.11.07 15:19:38.518,0.6893,0.68946,1.00,1.00
2017.11.07 15:19:38.923,0.68928,0.68944,1.12,1.50
2017.11.07 15:19:39.241,0.6893,0.68944,1.00,1.00
2017.11.07 15:19:39.343,0.68928,0.68944,1.00,1.00
2017.11.07 15:19:39.394,0.6893,0.68944,1.00,1.00
2017.11.07 15:19:40.399,0.68928,0.68944,1.00,1.00
2017.11.07 15:19:40.756,0.6893,0.68944,1.00,1.00
2017.11.07 15:19:40.858,0.68932,0.68949,1.00,1.00
2017.11.07 15:19:41.448,0.68933,0.68948,1.00,1.00
2017.11.07 15:19:41.999,0.6893,0.68945,1.00,1.00
2017.11.07 15:19:42.101,0.68927,0.68944,1.00,1.00
2017.11.07 15:19:42.390,0.68929,0.68944,1.00,1.00
2017.11.07 15:19:43.902,0.68928,0.68945,1.20,1.00
2017.11.07 15:19:44.295,0.68927,0.68942,1.00,1.00
2017.11.07 15:19:44.500,0.68925,0.68942,1.10,1.00
2017.11.07 15:19:44.604,0.68927,0.68942,1.00,1.50
2017.11.07 15:19:45.271,0.68926,0.68942,1.00,1.00
2017.11.07 15:19:46.725,0.68926,0.68943,1.00,1.00
2017.11.07 15:19:47.335,0.68927,0.68944,1.00,1.00
2017.11.07 15:19:48.023,0.68928,0.68945,1.00,1.50
2017.11.07 15:19:48.354,0.68931,0.68947,1.20,1.12
2017.11.07 15:19:49.276,0.68932,0.68948,1.57,1.00
2017.11.07 15:19:49.428,0.68934,0.68951,1.00,1.00
2017.11.07 15:19:49.959,0.68934,0.6895,1.50,1.00
2017.11.07 15:19:50.140,0.68932,0.6895,1.95,1.50
2017.11.07 15:19:50.273,0.68932,0.68948,1.00,1.00
2017.11.07 15:19:50.603,0.68926,0.68942,1.10,1.00
2017.11.07 15:19:50.951,0.68924,0.6894,1.00,1.00
2017.11.07 15:19:51.416,0.68925,0.68942,1.00,1.00
2017.11.07 15:19:51.670,0.68924,0.6894,1.20,1.00
2017.11.07 15:19:52.191,0.68924,0.68939,1.00,1.50
2017.11.07 15:19:52.746,0.68923,0.68939,1.10,1.00
2017.11.07 15:19:53.513,0.68922,0.68941,1.20,1.00
2017.11.07 15:19:54.004,0.68922,0.68941,1.45,1.00
2017.11.07 15:19:54.592,0.68924,0.68942,1.00,1.87
2017.11.07 15:19:54.972,0.68925,0.68944,1.95,1.37
2017.11.07 15:19:55.752,0.68927,0.68942,1.00,1.00
2017.11.07 15:19:55.954,0.68924,0.68941,1.20,1.00
2017.11.07 15:19:56.005,0.68924,0.68939,1.00,1.00
2017.11.07 15:19:56.513,0.68922,0.6894,1.95,1.00
2017.11.07 15:19:57.673,0.68922,0.6894,1.20,1.00
2017.11.07 15:19:58.069,0.6892,0.68936,1.00,1.00
2017.11.07 15:19:58.361,0.68921,0.68938,1.00,1.00
2017.11.07 15:19:58.909,0.68921,0.68939,1.50,1.00
2017.11.07 15:19:59.334,0.68924,0.6894,1.00,1.87
2017.11.07 15:19:59.695,0.68921,0.68939,1.10,1.00
2017.11.07 15:19:59.746,0.68924,0.68939,1.00,1.00
2017.11.07 15:20:00.123,0.68922,0.68939,1.00,1.00
2017.11.07 15:20:00.846,0.68924,0.6894,1.00,1.00
2017.11.07 15:20:01.409,0.68924,0.68941,1.00,1.00
2017.11.07 15:20:01.460,0.68925,0.68943,1.00,1.12
2017.11.07 15:20:02.078,0.68925,0.68942,1.50,1.00
2017.11.07 15:20:02.627,0.68925,0.68941,1.00,1.00
2017.11.07 15:20:03.145,0.68925,0.68942,1.00,1.00
2017.11.07 15:20:03.672,0.68925,0.68943,1.00,1.00
2017.11.07 15:20:04.220,0.68925,0.68943,1.20,1.00
2017.11.07 15:20:04.872,0.68927,0.68942,1.00,1.00
2017.11.07 15:20:06.532,0.68927,0.68943,1.50,1.00
2017.11.07 15:20:07.317,0.68928,0.68945,1.00,1.87
2017.11.07 15:20:07.369,0.6893,0.68945,1.50,1.12
2017.11.07 15:20:07.471,0.68931,0.68948,1.50,1.50
2017.11.07 15:20:08.209,0.68931,0.68947,1.50,1.00
2017.11.07 15:20:08.776,0.68931,0.68948,1.50,1.00
2017.11.07 15:20:11.904,0.68932,0.68948,1.00,1.00
2017.11.07 15:20:12.451,0.68931,0.68947,1.50,1.00
2017.11.07 15:20:12.552,0.68931,0.68949,1.50,1.50
2017.11.07 15:20:13.241,0.68931,0.68948,1.00,1.00
2017.11.07 15:20:14.213,0.6893,0.68948,1.50,1.00
2017.11.07 15:20:14.772,0.68931,0.68948,1.00,1.00
2017.11.07 15:20:16.314,0.68929,0.68946,1.10,1.00
2017.11.07 15:20:16.561,0.68926,0.68944,1.50,1.00
2017.11.07 15:20:17.517,0.68927,0.68944,1.00,1.00
2017.11.07 15:20:18.114,0.68927,0.68942,1.00,1.00
2017.11.07 15:20:18.653,0.68926,0.68942,1.00,1.00
2017.11.07 15:20:19.184,0.68926,0.68943,1.00,1.00
2017.11.07 15:20:19.534,0.68922,0.68939,1.12,1.37
2017.11.07 15:20:19.838,0.68914,0.6893,1.50,1.00
2017.11.07 15:20:20.042,0.68915,0.68933,1.00,1.87
2017.11.07 15:20:20.560,0.68916,0.68933,1.87,1.00
2017.11.07 15:20:20.611,0.68918,0.68933,1.00,1.00
2017.11.07 15:20:21.529,0.68918,0.68934,1.00,1.00
2017.11.07 15:20:21.732,0.68921,0.68938,1.00,1.20
2017.11.07 15:20:21.834,0.68925,0.6894,1.00,1.00
2017.11.07 15:20:22.344,0.68924,0.68941,1.00,1.00
2017.11.07 15:20:23.092,0.68925,0.68941,1.00,1.00
2017.11.07 15:20:23.752,0.68924,0.68941,1.50,1.00
2017.11.07 15:20:24.097,0.6893,0.68944,1.00,1.00
2017.11.07 15:20:24.975,0.6893,0.68945,1.00,1.50
2017.11.07 15:20:26.543,0.68929,0.68944,1.50,1.00
2017.11.07 15:20:27.062,0.68929,0.68943,1.00,1.00
2017.11.07 15:20:27.172,0.68927,0.68942,1.00,1.50
2017.11.07 15:20:27.411,0.68925,0.68941,1.00,1.50
2017.11.07 15:20:27.965,0.68924,0.6894,1.00,1.00
2017.11.07 15:20:28.484,0.68923,0.68939,1.50,1.50
2017.11.07 15:20:29.499,0.68923,0.6894,1.50,1.00
2017.11.07 15:20:30.146,0.68923,0.68941,1.50,1.00
2017.11.07 15:20:30.501,0.68926,0.68941,1.00,1.00
2017.11.07 15:20:30.653,0.68925,0.68944,2.62,1.00
2017.11.07 15:20:31.199,0.68927,0.68944,1.00,1.00
2017.11.07 15:20:31.739,0.68928,0.68945,1.50,1.00
2017.11.07 15:20:32.205,0.68928,0.68943,1.00,1.00
2017.11.07 15:20:32.256,0.68924,0.68941,1.00,1.00
2017.11.07 15:20:32.459,0.68923,0.68939,1.00,1.00
2017.11.07 15:20:32.849,0.68923,0.68941,1.00,1.50
2017.11.07 15:20:33.386,0.68924,0.6894,1.12,1.00
2017.11.07 15:20:35.411,0.68922,0.68938,1.00,1.00
2017.11.07 15:20:35.763,0.68923,0.68941,1.00,1.50
2017.11.07 15:20:36.298,0.68922,0.68941,1.00,1.00
2017.11.07 15:20:36.447,0.6892,0.6894,1.57,1.00
2017.11.07 15:20:36.549,0.68918,0.68937,1.80,1.00
2017.11.07 15:20:36.876,0.68921,0.68937,1.00,1.00
2017.11.07 15:20:37.448,0.68921,0.68936,1.00,1.00
2017.11.07 15:20:37.499,0.68919,0.68935,1.00,1.00
2017.11.07 15:20:37.819,0.68919,0.68933,1.00,1.00
2017.11.07 15:20:38.355,0.68919,0.68936,1.00,1.12
2017.11.07 15:20:38.614,0.68921,0.68936,1.00,1.00
2017.11.07 15:20:39.237,0.68922,0.68937,1.00,1.00
2017.11.07 15:20:40.015,0.68922,0.68938,1.00,1.00
2017.11.07 15:20:40.324,0.68922,0.68936,1.00,1.00
2017.11.07 15:20:40.519,0.68922,0.68938,1.00,1.00
2017.11.07 15:20:42.533,0.68923,0.68939,1.00,1.00
2017.11.07 15:20:42.935,0.68925,0.6894,1.00,1.00
2017.11.07 15:20:43.460,0.68924,0.6894,1.00,1.00
2017.11.07 15:20:44.891,0.68925,0.68941,1.00,1.87
2017.11.07 15:20:45.313,0.68923,0.68939,1.00,1.00
2017.11.07 15:20:46.065,0.68923,0.68939,1.00,1.37
2017.11.07 15:20:46.424,0.6892,0.68937,1.00,1.12
2017.11.07 15:20:46.791,0.68924,0.6894,1.00,1.37
2017.11.07 15:20:46.892,0.68924,0.68941,1.00,1.00
2017.11.07 15:20:47.168,0.68922,0.68939,1.00,1.00
2017.11.07 15:20:48.434,0.68924,0.68939,1.00,1.00
2017.11.07 15:20:49.293,0.68922,0.68937,1.00,1.12
2017.11.07 15:20:49.446,0.68918,0.68934,1.50,1.12
2017.11.07 15:20:49.849,0.68918,0.68932,1.00,1.00
2017.11.07 15:20:50.383,0.68917,0.68932,1.00,1.00
2017.11.07 15:20:51.199,0.68915,0.68932,1.00,1.00
2017.11.07 15:20:51.868,0.68915,0.6893,1.00,1.00
2017.11.07 15:20:52.020,0.68913,0.6893,1.00,1.50
2017.11.07 15:20:52.121,0.68913,0.68928,1.00,1.00
2017.11.07 15:20:52.759,0.68914,0.68928,1.00,1.00
2017.11.07 15:20:54.266,0.68914,0.68929,1.00,1.00
2017.11.07 15:20:56.115,0.68915,0.68931,1.00,1.00
2017.11.07 15:20:56.991,0.68916,0.68932,1.20,1.00
2017.11.07 15:20:57.618,0.68915,0.68932,1.20,1.00
2017.11.07 15:20:58.133,0.68916,0.68932,1.20,1.00
2017.11.07 15:20:59.480,0.68916,0.68933,1.20,1.00
2017.11.07 15:21:00.024,0.68917,0.68933,1.00,1.00
2017.11.07 15:21:01.645,0.68917,0.68931,1.00,1.00
2017.11.07 15:21:01.868,0.68915,0.68931,1.00,1.00
2017.11.07 15:21:02.374,0.68915,0.68932,1.00,1.00
2017.11.07 15:21:02.614,0.68915,0.6893,1.00,1.00
2017.11.07 15:21:03.295,0.68915,0.68931,1.00,1.00
2017.11.07 15:21:04.852,0.68913,0.6893,1.42,1.00
2017.11.07 15:21:05.399,0.68913,0.68929,1.00,1.50
2017.11.07 15:21:08.305,0.68918,0.68931,1.00,1.00
2017.11.07 15:21:09.036,0.68917,0.68932,1.00,1.12
2017.11.07 15:21:09.469,0.68919,0.68933,1.00,1.12
2017.11.07 15:21:11.397,0.68921,0.68934,1.00,1.00
2017.11.07 15:21:11.448,0.68922,0.68936,1.00,1.12
2017.11.07 15:21:12.091,0.68922,0.68937,1.00,1.00
2017.11.07 15:21:13.412,0.68924,0.68937,1.00,1.00
2017.11.07 15:21:14.170,0.68924,0.68938,1.00,1.00
2017.11.07 15:21:14.534,0.68924,0.6894,1.00,1.00
2017.11.07 15:21:15.092,0.68924,0.68939,1.00,1.00
2017.11.07 15:21:15.653,0.68925,0.68939,1.00,1.00
2017.11.07 15:21:16.167,0.68925,0.6894,1.00,1.00
2017.11.07 15:21:16.709,0.68926,0.68941,1.00,1.00
2017.11.07 15:21:17.108,0.68928,0.68941,1.00,1.00
2017.11.07 15:21:17.211,0.68928,0.68943,1.00,1.00
2017.11.07 15:21:17.363,0.6893,0.68944,1.00,1.00
2017.11.07 15:21:17.414,0.68931,0.68946,1.00,1.12
2017.11.07 15:21:17.902,0.68934,0.68948,1.00,1.00
2017.11.07 15:21:19.583,0.68934,0.68947,1.00,1.00
2017.11.07 15:21:20.068,0.68934,0.68949,1.00,1.12
2017.11.07 15:21:20.522,0.68937,0.68951,1.00,1.00
2017.11.07 15:21:20.826,0.68943,0.68957,1.00,1.00
2017.11.07 15:21:21.586,0.68943,0.68958,1.00,1.00
2017.11.07 15:21:22.089,0.68945,0.68958,1.00,1.00
2017.11.07 15:21:22.756,0.68945,0.68959,1.00,1.00
2017.11.07 15:21:23.664,0.68947,0.68963,1.00,1.87
2017.11.07 15:21:23.715,0.6895,0.68964,1.00,1.00
2017.11.07 15:21:27.234,0.68948,0.68964,1.00,1.00
2017.11.07 15:21:28.784,0.68948,0.68962,1.00,1.00
2017.11.07 15:21:32.267,0.68948,0.68963,1.00,1.00
2017.11.07 15:21:33.022,0.68948,0.68961,1.00,1.00
2017.11.07 15:21:33.134,0.68946,0.68961,1.00,1.00
2017.11.07 15:21:33.643,0.68947,0.68961,1.00,1.00
2017.11.07 15:21:34.220,0.68947,0.68962,1.00,1.00
2017.11.07 15:21:34.888,0.68947,0.68961,1.00,1.00
2017.11.07 15:21:34.990,0.68945,0.6896,1.00,1.00
2017.11.07 15:21:35.259,0.68947,0.68958,1.00,1.00
2017.11.07 15:21:35.368,0.68944,0.68958,1.00,1.00
2017.11.07 15:21:35.924,0.68945,0.68959,1.00,1.00
2017.11.07 15:21:36.548,0.68945,0.6896,1.00,1.00
2017.11.07 15:21:36.936,0.68943,0.68961,1.50,1.00
2017.11.07 15:21:37.462,0.68943,0.6896,1.50,1.00
2017.11.07 15:21:37.976,0.68942,0.68959,1.00,1.00
2017.11.07 15:21:38.332,0.68944,0.6896,1.00,1.12
2017.11.07 15:21:38.704,0.68944,0.68962,1.50,1.12
2017.11.07 15:21:40.092,0.68945,0.68962,1.00,1.12
2017.11.07 15:21:40.243,0.68944,0.6896,1.00,1.00
2017.11.07 15:21:40.587,0.68942,0.68959,1.00,1.00
2017.11.07 15:21:41.219,0.68943,0.68959,1.00,1.00
2017.11.07 15:21:41.270,0.68943,0.68961,1.00,1.12
2017.11.07 15:21:41.697,0.68943,0.68958,1.00,1.00
2017.11.07 15:21:42.037,0.68939,0.68956,1.20,1.00
2017.11.07 15:21:42.669,0.68939,0.68955,1.00,1.00
2017.11.07 15:21:43.830,0.68941,0.68959,1.00,1.37
2017.11.07 15:21:44.471,0.6894,0.68958,1.00,1.12
2017.11.07 15:21:45.231,0.6894,0.68957,1.12,1.00
2017.11.07 15:21:45.570,0.68942,0.68959,1.00,1.00
2017.11.07 15:21:45.958,0.6894,0.68957,1.57,1.00
2017.11.07 15:21:46.295,0.6894,0.68955,1.00,1.00
2017.11.07 15:21:47.037,0.68938,0.68955,1.87,1.00
2017.11.07 15:21:49.212,0.68937,0.68954,1.37,1.00
2017.11.07 15:21:49.671,0.68936,0.68953,1.87,1.50
2017.11.07 15:21:51.956,0.68937,0.68953,1.00,1.00
2017.11.07 15:21:52.510,0.68935,0.68953,2.62,1.50
2017.11.07 15:21:53.041,0.68935,0.68953,1.00,1.50
2017.11.07 15:21:53.651,0.68935,0.68952,1.00,1.00
2017.11.07 15:21:55.434,0.68934,0.68952,1.00,1.50
2017.11.07 15:21:55.945,0.68935,0.68952,1.00,1.50
2017.11.07 15:21:58.457,0.68937,0.68952,1.00,1.50
2017.11.07 15:22:01.778,0.68938,0.68952,1.00,1.00
2017.11.07 15:22:02.304,0.68937,0.68952,1.00,1.50
2017.11.07 15:22:03.513,0.68938,0.68952,1.00,1.00
2017.11.07 15:22:04.225,0.68937,0.68952,1.50,1.00
2017.11.07 15:22:04.894,0.68938,0.68952,1.00,1.00
2017.11.07 15:22:06.080,0.68938,0.68954,1.00,1.50
2017.11.07 15:22:06.319,0.68938,0.68952,1.00,1.00
2017.11.07 15:22:06.421,0.68938,0.68955,1.00,1.00
2017.11.07 15:22:06.472,0.6894,0.68955,1.00,1.00
2017.11.07 15:22:07.065,0.68939,0.68955,1.00,1.00
2017.11.07 15:22:07.447,0.68941,0.68955,1.00,1.00
2017.11.07 15:22:07.980,0.68941,0.68956,1.00,1.00
2017.11.07 15:22:08.777,0.6894,0.68956,1.00,1.00
2017.11.07 15:22:10.649,0.6894,0.68955,1.00,1.00
2017.11.07 15:22:11.199,0.68941,0.68956,1.00,1.00
2017.11.07 15:22:13.754,0.68939,0.68955,1.50,1.50
2017.11.07 15:22:15.000,0.6894,0.68955,1.00,1.50
2017.11.07 15:22:16.923,0.68938,0.68955,1.50,1.50
2017.11.07 15:22:16.974,0.6894,0.68955,1.00,1.50
2017.11.07 15:22:17.178,0.68937,0.68955,1.00,1.50
2017.11.07 15:22:18.383,0.68936,0.68953,2.25,1.00
2017.11.07 15:22:25.071,0.68937,0.68953,1.00,1.00
2017.11.07 15:22:26.144,0.68937,0.68954,1.00,1.50
2017.11.07 15:22:28.559,0.68936,0.68953,1.50,1.00
2017.11.07 15:22:28.943,0.68936,0.68951,1.50,1.50
2017.11.07 15:22:29.553,0.68936,0.6895,1.00,1.87
2017.11.07 15:22:30.797,0.68933,0.6895,1.50,1.00
2017.11.07 15:22:31.487,0.68932,0.6895,2.25,1.50
2017.11.07 15:22:31.539,0.68934,0.6895,1.00,1.50
2017.11.07 15:22:32.258,0.68933,0.68948,1.00,1.50
2017.11.07 15:22:32.309,0.6893,0.68947,1.00,1.00
2017.11.07 15:22:35.200,0.68929,0.68947,1.00,1.50
2017.11.07 15:22:39.084,0.68928,0.68945,1.00,1.00
2017.11.07 15:22:39.588,0.68928,0.68944,1.00,1.00
2017.11.07 15:22:40.113,0.68927,0.68943,1.00,1.00
2017.11.07 15:22:40.790,0.68926,0.68944,1.00,1.50
2017.11.07 15:22:41.142,0.68926,0.68942,1.00,1.00
2017.11.07 15:22:47.303,0.68927,0.68942,1.00,1.00
2017.11.07 15:22:48.119,0.68923,0.6894,1.00,1.00
2017.11.07 15:22:48.659,0.68923,0.68939,1.10,1.00
2017.11.07 15:22:50.054,0.68921,0.68939,1.95,1.00
2017.11.07 15:22:50.602,0.68921,0.68938,1.45,1.50
2017.11.07 15:22:51.193,0.68921,0.68938,1.45,2.25
2017.11.07 15:22:51.752,0.68921,0.68938,1.45,1.00
2017.11.07 15:22:52.355,0.68921,0.68936,1.45,1.00
2017.11.07 15:22:52.984,0.68921,0.68936,1.95,1.00
2017.11.07 15:22:53.498,0.68921,0.68936,1.20,1.00
2017.11.07 15:22:54.132,0.68921,0.68936,1.45,1.00
2017.11.07 15:22:56.796,0.68921,0.68936,2.70,1.00
2017.11.07 15:22:57.000,0.68921,0.68934,1.45,1.00
2017.11.07 15:22:57.166,0.68919,0.68934,1.57,1.00
2017.11.07 15:22:57.766,0.68918,0.68934,1.45,1.00
2017.11.07 15:22:57.867,0.68917,0.68932,1.95,1.00
2017.11.07 15:22:58.407,0.68917,0.68933,1.95,1.00
2017.11.07 15:23:00.123,0.68918,0.68933,1.10,1.00
2017.11.07 15:23:00.655,0.68918,0.68934,1.45,1.00
2017.11.07 15:23:01.243,0.68919,0.68935,1.20,1.00
2017.11.07 15:23:03.443,0.68917,0.68933,1.95,1.00
2017.11.07 15:23:03.596,0.68917,0.68931,1.20,1.00
2017.11.07 15:23:04.169,0.68917,0.68931,1.00,1.00
2017.11.07 15:23:04.329,0.68918,0.68933,1.00,1.00
2017.11.07 15:23:04.912,0.68917,0.68933,1.20,1.00
2017.11.07 15:23:04.963,0.68915,0.68931,1.45,1.00
2017.11.07 15:23:06.095,0.68914,0.68931,1.95,1.00
2017.11.07 15:23:07.002,0.68914,0.6893,1.45,1.00
2017.11.07 15:23:07.692,0.68915,0.6893,1.20,1.00
2017.11.07 15:23:07.743,0.68915,0.68932,1.20,1.87
2017.11.07 15:23:07.845,0.68918,0.68932,1.45,1.12
2017.11.07 15:23:08.169,0.68918,0.68934,1.45,1.00
2017.11.07 15:23:08.575,0.68919,0.68935,1.45,1.50
2017.11.07 15:23:08.880,0.68919,0.68935,1.20,1.00
2017.11.07 15:23:09.909,0.68919,0.68934,1.95,1.00
2017.11.07 15:23:10.079,0.68919,0.68936,1.20,1.00
2017.11.07 15:23:10.332,0.68919,0.68936,1.95,1.00
2017.11.07 15:23:10.601,0.68923,0.6894,1.20,1.12
2017.11.07 15:23:10.829,0.68924,0.68942,1.45,1.00
2017.11.07 15:23:11.133,0.68933,0.68948,1.20,1.37
2017.11.07 15:23:11.471,0.68935,0.68948,1.00,1.00
2017.11.07 15:23:11.866,0.68934,0.68946,1.00,1.00
2017.11.07 15:23:11.951,0.68931,0.68946,1.20,1.00
2017.11.07 15:23:12.103,0.68929,0.68946,1.45,1.00
2017.11.07 15:23:12.535,0.68929,0.68946,1.45,1.37
2017.11.07 15:23:13.040,0.68929,0.68946,1.45,1.37
2017.11.07 15:23:13.649,0.6893,0.68945,1.20,1.37
2017.11.07 15:23:14.020,0.6893,0.68946,1.45,1.37
2017.11.07 15:23:14.367,0.6893,0.68945,1.10,1.37
2017.11.07 15:23:14.884,0.68929,0.68945,1.45,1.37
2017.11.07 15:23:14.935,0.68929,0.68945,1.20,1.37
2017.11.07 15:23:15.442,0.68929,0.68944,1.45,1.12
2017.11.07 15:23:16.498,0.68927,0.68942,1.45,1.00
2017.11.07 15:23:17.156,0.68927,0.68942,1.45,1.00
2017.11.07 15:23:19.834,0.68927,0.68942,1.45,1.00
2017.11.07 15:23:19.936,0.68927,0.6894,1.00,1.00
2017.11.07 15:23:19.987,0.68923,0.68937,1.45,1.00
2017.11.07 15:23:20.038,0.68921,0.68936,1.10,1.00
2017.11.07 15:23:20.191,0.6892,0.68933,1.10,1.00
2017.11.07 15:23:20.578,0.68919,0.68935,1.50,1.00
2017.11.07 15:23:20.680,0.68919,0.68937,1.57,1.12
2017.11.07 15:23:20.732,0.68919,0.68935,1.57,1.00
2017.11.07 15:23:21.037,0.68922,0.68934,1.00,1.00
2017.11.07 15:23:21.227,0.68918,0.68934,1.95,1.00
2017.11.07 15:23:21.465,0.68919,0.68932,1.00,1.00
2017.11.07 15:23:21.516,0.68919,0.68934,1.00,1.00
2017.11.07 15:23:21.619,0.68918,0.68932,1.10,1.00
2017.11.07 15:23:21.821,0.68916,0.68933,1.00,1.12
2017.11.07 15:23:21.872,0.68919,0.68935,1.00,1.37
2017.11.07 15:23:21.975,0.6892,0.68936,1.00,1.00
2017.11.07 15:23:22.026,0.6892,0.68934,1.00,1.00
2017.11.07 15:23:22.334,0.68916,0.68929,1.00,1.00
2017.11.07 15:23:22.487,0.6892,0.68934,1.00,1.00
2017.11.07 15:23:22.538,0.6892,0.68936,1.00,1.00
2017.11.07 15:23:22.589,0.68922,0.68936,1.00,1.00
2017.11.07 15:23:22.918,0.6892,0.68934,1.00,1.00
2017.11.07 15:23:24.879,0.6892,0.68935,1.00,1.00
2017.11.07 15:23:25.516,0.6892,0.68936,1.00,1.50
2017.11.07 15:23:25.567,0.68918,0.68935,2.32,1.00
2017.11.07 15:23:25.739,0.6892,0.68935,1.00,1.00
2017.11.07 15:23:25.790,0.6892,0.68937,1.00,1.00
2017.11.07 15:23:25.841,0.68922,0.6894,1.50,1.50
2017.11.07 15:23:25.892,0.68924,0.6894,1.00,1.00
2017.11.07 15:23:26.021,0.68924,0.68942,1.50,1.50
2017.11.07 15:23:26.125,0.68926,0.68943,1.20,1.00
2017.11.07 15:23:26.662,0.68927,0.68942,1.10,1.00
2017.11.07 15:23:26.970,0.68922,0.68938,1.20,1.50
2017.11.07 15:23:27.519,0.68923,0.68937,1.57,1.00
2017.11.07 15:23:28.046,0.68923,0.68938,1.57,1.00
2017.11.07 15:23:28.433,0.6892,0.68937,1.57,1.00
2017.11.07 15:23:28.484,0.68918,0.68933,1.95,1.00
2017.11.07 15:23:29.018,0.68917,0.68933,1.20,1.00
2017.11.07 15:23:29.069,0.68917,0.68935,1.57,1.87
2017.11.07 15:23:29.621,0.68917,0.68935,1.20,1.87
2017.11.07 15:23:30.009,0.68919,0.68934,1.20,1.00
2017.11.07 15:23:30.522,0.6892,0.68935,1.10,1.00
2017.11.07 15:23:31.167,0.6892,0.68936,1.95,1.12
2017.11.07 15:23:31.500,0.68923,0.6894,1.50,1.00
2017.11.07 15:23:32.061,0.68924,0.6894,1.50,1.00
2017.11.07 15:23:32.264,0.68923,0.68938,1.20,1.00
2017.11.07 15:23:32.782,0.68924,0.6894,1.00,1.12
2017.11.07 15:23:33.319,0.68925,0.6894,1.00,1.12
2017.11.07 15:23:33.952,0.68925,0.68941,1.00,1.00
2017.11.07 15:23:34.518,0.68926,0.68941,1.50,1.00
2017.11.07 15:23:34.886,0.68923,0.6894,1.95,1.00
2017.11.07 15:23:34.937,0.68921,0.68937,1.57,1.00
2017.11.07 15:23:35.038,0.68919,0.68937,2.25,1.00
2017.11.07 15:23:35.592,0.68919,0.68937,2.32,1.37
2017.11.07 15:23:36.120,0.6892,0.68935,1.50,1.00
2017.11.07 15:23:36.222,0.68922,0.68937,1.00,1.37
2017.11.07 15:23:38.025,0.68922,0.68939,1.00,1.12
2017.11.07 15:23:38.127,0.68926,0.68941,1.50,1.00
2017.11.07 15:23:38.577,0.68928,0.68943,1.00,1.37
2017.11.07 15:23:39.024,0.68924,0.68938,1.10,1.00
2017.11.07 15:23:39.075,0.68921,0.68937,1.50,1.00
2017.11.07 15:23:39.227,0.68919,0.68936,1.20,1.12
2017.11.07 15:23:39.380,0.68918,0.68934,1.50,1.87
2017.11.07 15:23:40.038,0.68918,0.68934,1.00,1.50
2017.11.07 15:23:41.370,0.6892,0.68937,1.20,1.12
2017.11.07 15:23:41.901,0.6892,0.68937,1.10,1.00
2017.11.07 15:23:42.210,0.6892,0.68937,1.00,1.37
2017.11.07 15:23:42.884,0.6892,0.68936,1.00,1.00
2017.11.07 15:23:43.392,0.68919,0.68936,1.95,1.00
2017.11.07 15:23:43.922,0.6892,0.68938,1.00,1.00
2017.11.07 15:23:43.973,0.68922,0.6894,1.10,1.00
2017.11.07 15:23:44.926,0.68924,0.68942,1.00,1.37
2017.11.07 15:23:45.114,0.68925,0.68942,1.00,1.00
2017.11.07 15:23:45.586,0.68925,0.6894,1.00,1.00
2017.11.07 15:23:45.994,0.68922,0.68938,1.95,1.00
2017.11.07 15:23:46.334,0.68922,0.68937,1.00,1.37
2017.11.07 15:23:46.668,0.6892,0.68937,1.50,1.37
2017.11.07 15:23:47.537,0.68921,0.68938,1.00,1.37
2017.11.07 15:23:50.309,0.68923,0.68938,1.00,1.00
2017.11.07 15:23:50.855,0.68924,0.68939,1.00,1.12
2017.11.07 15:23:51.194,0.68924,0.68942,1.57,1.87
2017.11.07 15:23:51.245,0.68926,0.68943,1.00,1.87
2017.11.07 15:23:51.347,0.68926,0.68943,2.25,1.00
2017.11.07 15:23:51.672,0.68928,0.68944,1.00,1.12
2017.11.07 15:23:52.024,0.68926,0.68944,2.25,1.12
2017.11.07 15:23:52.764,0.68926,0.68944,2.25,1.37
2017.11.07 15:23:53.934,0.68926,0.68941,1.50,1.00
2017.11.07 15:23:54.036,0.68924,0.6894,1.00,1.12
2017.11.07 15:23:54.201,0.68926,0.68943,1.00,2.62
2017.11.07 15:23:54.256,0.68928,0.68943,1.00,1.00
2017.11.07 15:23:54.408,0.68926,0.68943,2.70,1.00
2017.11.07 15:23:57.238,0.68924,0.68942,1.50,1.87
2017.11.07 15:23:57.289,0.68924,0.68939,1.50,1.00
2017.11.07 15:23:57.341,0.68922,0.68939,1.50,1.00
2017.11.07 15:23:57.866,0.68921,0.68938,1.00,1.12
2017.11.07 15:23:58.246,0.68923,0.68937,1.00,1.00
2017.11.07 15:23:58.932,0.68923,0.68938,1.50,1.12
2017.11.07 15:23:59.088,0.68921,0.68937,1.00,1.00
2017.11.07 15:24:00.050,0.6892,0.68937,2.32,1.00
2017.11.07 15:24:00.624,0.6892,0.68936,1.00,1.12
2017.11.07 15:24:01.231,0.6892,0.68935,1.00,1.00
2017.11.07 15:24:01.640,0.68918,0.68933,1.00,1.00
2017.11.07 15:24:06.815,0.68916,0.68933,1.00,1.50
2017.11.07 15:24:08.271,0.68916,0.68931,1.00,1.00
2017.11.07 15:24:08.322,0.68914,0.6893,1.12,1.00
2017.11.07 15:24:08.526,0.68915,0.68931,1.95,1.12
2017.11.07 15:24:09.227,0.68915,0.68931,2.32,1.00
2017.11.07 15:24:10.265,0.68917,0.68931,1.00,1.00
2017.11.07 15:24:11.342,0.68917,0.68934,1.50,1.00
2017.11.07 15:24:11.444,0.6892,0.68937,1.00,1.12
2017.11.07 15:24:12.196,0.68921,0.68936,1.00,1.00
2017.11.07 15:24:13.966,0.6892,0.68935,1.00,1.00
2017.11.07 15:24:14.537,0.68919,0.68935,1.00,1.00
2017.11.07 15:24:15.035,0.68919,0.68933,1.00,1.00
2017.11.07 15:24:15.424,0.68924,0.68938,1.00,1.00
2017.11.07 15:24:15.475,0.68925,0.6894,1.00,1.00
2017.11.07 15:24:15.677,0.68924,0.68938,1.50,1.00
2017.11.07 15:24:15.982,0.68924,0.6894,1.00,1.00
2017.11.07 15:24:16.084,0.68926,0.68942,1.00,1.12
2017.11.07 15:24:16.432,0.68928,0.68944,1.00,1.00
2017.11.07 15:24:16.736,0.68928,0.68942,1.00,1.00
2017.11.07 15:24:17.252,0.68929,0.68943,1.00,1.00
2017.11.07 15:24:17.593,0.68925,0.68941,1.50,1.00
2017.11.07 15:24:19.632,0.68925,0.68939,1.00,1.00
2017.11.07 15:24:19.834,0.68923,0.68939,2.25,1.00
2017.11.07 15:24:20.320,0.68924,0.68941,1.00,1.12
2017.11.07 15:24:20.422,0.68923,0.68938,1.50,1.00
2017.11.07 15:24:20.966,0.68923,0.68939,1.00,1.00
2017.11.07 15:24:21.723,0.68924,0.68939,1.00,1.00
2017.11.07 15:24:21.976,0.6892,0.68937,1.12,1.00
2017.11.07 15:24:22.314,0.68923,0.68938,1.00,1.12
2017.11.07 15:24:22.911,0.68922,0.68938,1.00,1.00
2017.11.07 15:24:23.506,0.68924,0.68938,1.00,1.00
2017.11.07 15:24:24.039,0.68923,0.68938,1.00,1.00
2017.11.07 15:24:24.675,0.68922,0.68938,1.50,1.00
2017.11.07 15:24:25.192,0.68923,0.68937,1.50,1.00
2017.11.07 15:24:25.832,0.68923,0.68939,1.00,1.00
2017.11.07 15:24:26.439,0.68923,0.68938,1.00,1.00
2017.11.07 15:24:26.844,0.68925,0.68939,1.00,1.00
2017.11.07 15:24:26.946,0.68924,0.68941,1.00,1.00
2017.11.07 15:24:27.685,0.68924,0.6894,1.57,1.00
2017.11.07 15:24:28.190,0.68923,0.6894,2.25,1.00
2017.11.07 15:24:31.128,0.68925,0.6894,1.00,1.00
2017.11.07 15:24:31.756,0.68925,0.68938,1.00,1.00
2017.11.07 15:24:31.959,0.68925,0.6894,1.00,1.00
2017.11.07 15:24:32.178,0.68929,0.68943,1.00,1.37
2017.11.07 15:24:32.229,0.68929,0.68944,1.00,1.00
2017.11.07 15:24:33.010,0.68927,0.68944,1.50,1.00
2017.11.07 15:24:33.061,0.68928,0.68942,1.00,1.00
2017.11.07 15:24:33.574,0.68928,0.68943,1.00,1.00
2017.11.07 15:24:35.402,0.68928,0.68942,1.00,1.00
2017.11.07 15:24:36.228,0.68928,0.68943,1.00,1.00
2017.11.07 15:24:36.602,0.68926,0.68943,1.50,1.00
2017.11.07 15:24:37.174,0.68926,0.68942,1.50,1.00
2017.11.07 15:24:39.279,0.68926,0.68943,1.50,1.00
2017.11.07 15:24:40.276,0.68927,0.68943,1.00,1.00
2017.11.07 15:24:40.797,0.68926,0.68943,2.25,1.00
2017.11.07 15:24:41.151,0.68926,0.6894,1.50,1.00
2017.11.07 15:24:41.202,0.68926,0.68942,1.00,1.87
2017.11.07 15:24:41.780,0.68925,0.68941,1.00,1.00
2017.11.07 15:24:42.294,0.68924,0.68941,1.50,1.00
2017.11.07 15:24:42.712,0.68926,0.68941,1.00,1.00
2017.11.07 15:24:42.916,0.68926,0.68943,1.00,1.12
2017.11.07 15:24:43.123,0.68927,0.68941,1.00,1.00
2017.11.07 15:24:43.501,0.68925,0.68939,1.00,1.00
2017.11.07 15:24:44.107,0.68926,0.68939,1.00,1.00
2017.11.07 15:24:44.159,0.68922,0.68939,1.00,1.50
2017.11.07 15:24:44.211,0.68923,0.68937,1.00,1.00
2017.11.07 15:24:44.262,0.68921,0.68936,1.50,1.00
2017.11.07 15:24:44.363,0.68921,0.68934,1.00,1.00
2017.11.07 15:24:44.891,0.6892,0.68933,1.50,1.00
2017.11.07 15:24:45.192,0.68922,0.68935,1.00,1.00
2017.11.07 15:24:45.820,0.68921,0.68934,1.00,1.00
2017.11.07 15:24:46.911,0.68921,0.68935,1.00,1.50
2017.11.07 15:24:47.672,0.68922,0.68936,1.00,1.00
2017.11.07 15:24:48.873,0.68923,0.68935,1.00,1.00
2017.11.07 15:24:49.076,0.68921,0.68935,1.50,1.00
2017.11.07 15:24:49.620,0.68922,0.68936,1.00,1.00
2017.11.07 15:24:50.122,0.68921,0.68936,1.50,1.00
2017.11.07 15:24:50.791,0.68921,0.68935,1.00,1.00
2017.11.07 15:24:51.166,0.68921,0.68937,1.00,1.50
2017.11.07 15:24:51.678,0.68922,0.68937,1.00,1.00
2017.11.07 15:24:51.780,0.68924,0.68938,1.00,1.00
2017.11.07 15:24:52.291,0.68921,0.68937,3.00,1.00
2017.11.07 15:24:53.418,0.68924,0.6894,1.00,1.37
2017.11.07 15:24:53.520,0.68923,0.6894,1.87,1.00
2017.11.07 15:24:54.195,0.68923,0.68938,1.87,1.00
2017.11.07 15:24:54.875,0.68922,0.68936,1.00,1.00
2017.11.07 15:24:55.590,0.68919,0.68936,3.75,1.00
2017.11.07 15:24:56.040,0.68919,0.68934,1.00,1.00
2017.11.07 15:24:56.497,0.68917,0.68933,1.00,1.00
2017.11.07 15:24:59.013,0.68918,0.68933,1.50,1.00
2017.11.07 15:25:00.544,0.68919,0.68934,1.00,1.00
2017.11.07 15:25:01.116,0.68921,0.68934,1.00,1.00
2017.11.07 15:25:01.647,0.6892,0.68934,1.00,1.00
2017.11.07 15:25:02.316,0.68919,0.68934,1.50,1.00
2017.11.07 15:25:02.989,0.68919,0.68933,1.00,1.00
2017.11.07 15:25:03.418,0.68917,0.68933,1.00,1.00
2017.11.07 15:25:03.520,0.68917,0.68933,1.00,1.37
2017.11.07 15:25:04.030,0.68916,0.68933,1.50,1.87
2017.11.07 15:25:04.692,0.68916,0.6893,1.00,1.00
2017.11.07 15:25:05.302,0.68915,0.6893,1.00,1.87
2017.11.07 15:25:07.406,0.68915,0.68928,1.00,1.00
2017.11.07 15:25:07.458,0.68911,0.68926,1.87,1.00
2017.11.07 15:25:08.591,0.68912,0.68927,1.00,1.00
2017.11.07 15:25:10.175,0.68912,0.68929,1.00,1.00
2017.11.07 15:25:11.053,0.68914,0.68931,1.50,1.00
2017.11.07 15:25:11.795,0.68915,0.68929,1.00,1.00
2017.11.07 15:25:12.368,0.68916,0.6893,1.00,1.00
2017.11.07 15:25:12.419,0.68914,0.68931,1.00,1.12
2017.11.07 15:25:12.650,0.68916,0.6893,1.00,1.00
2017.11.07 15:25:12.781,0.68913,0.68929,1.00,1.00
2017.11.07 15:25:13.381,0.68912,0.68929,1.00,1.00
2017.11.07 15:25:14.704,0.68913,0.68927,1.00,1.00
2017.11.07 15:25:14.756,0.68911,0.68928,1.00,1.00
2017.11.07 15:25:14.973,0.6891,0.68926,1.00,1.00
2017.11.07 15:25:16.001,0.68909,0.68926,1.50,1.00
2017.11.07 15:25:16.449,0.68911,0.68925,1.00,1.00
2017.11.07 15:25:16.827,0.6891,0.68927,1.00,1.00
2017.11.07 15:25:17.086,0.68912,0.68929,1.00,1.00
2017.11.07 15:25:17.991,0.68913,0.68927,1.00,1.00
2017.11.07 15:25:18.534,0.68913,0.68928,1.00,1.00
2017.11.07 15:25:19.195,0.68911,0.68927,1.50,1.00
2017.11.07 15:25:19.865,0.6891,0.68926,1.00,1.00
2017.11.07 15:25:20.613,0.68909,0.68926,1.87,1.00
2017.11.07 15:25:22.165,0.6891,0.68926,1.00,1.00
2017.11.07 15:25:23.444,0.68909,0.68926,1.12,1.50
2017.11.07 15:25:25.021,0.68909,0.68925,1.12,1.00
2017.11.07 15:25:25.532,0.68908,0.68924,1.00,1.00
2017.11.07 15:25:25.737,0.68906,0.68922,1.00,1.50
2017.11.07 15:25:26.607,0.68903,0.68919,1.95,1.00
2017.11.07 15:25:26.658,0.68903,0.68921,1.50,1.00
2017.11.07 15:25:26.710,0.68905,0.6892,1.00,1.00
2017.11.07 15:25:27.094,0.68905,0.68922,1.00,1.00
2017.11.07 15:25:28.832,0.68907,0.68922,1.00,1.00
2017.11.07 15:25:29.401,0.68906,0.68921,1.00,1.00
2017.11.07 15:25:29.654,0.68904,0.68921,1.00,1.00
2017.11.07 15:25:32.147,0.68907,0.68921,1.00,1.00
2017.11.07 15:25:32.198,0.68905,0.68922,1.00,1.87
2017.11.07 15:25:32.401,0.68906,0.6892,1.00,1.00
2017.11.07 15:25:33.241,0.68906,0.68918,1.00,1.00
2017.11.07 15:25:33.455,0.68906,0.6892,1.00,1.50
2017.11.07 15:25:34.933,0.68905,0.6892,1.00,1.00
2017.11.07 15:25:35.402,0.68902,0.68919,1.50,1.00
2017.11.07 15:25:36.026,0.68902,0.68918,1.50,1.00
2017.11.07 15:25:36.551,0.68904,0.68918,1.00,1.00
2017.11.07 15:25:37.082,0.68905,0.68919,1.00,1.50
2017.11.07 15:25:37.547,0.68903,0.6892,1.00,1.50
2017.11.07 15:25:38.161,0.68904,0.68918,1.00,1.00
2017.11.07 15:25:39.224,0.68902,0.68919,1.00,1.12
2017.11.07 15:25:40.123,0.68903,0.6892,1.00,1.87
2017.11.07 15:25:40.174,0.68905,0.6892,1.00,1.87
2017.11.07 15:25:40.406,0.68903,0.68918,1.00,1.00
2017.11.07 15:25:41.282,0.68902,0.68917,1.00,1.00
2017.11.07 15:25:42.081,0.68902,0.68916,1.00,1.00
2017.11.07 15:25:42.742,0.68904,0.68916,1.00,1.00
2017.11.07 15:25:42.793,0.68904,0.68918,1.00,1.12
2017.11.07 15:25:42.844,0.68901,0.68917,1.00,1.00
2017.11.07 15:25:43.078,0.68901,0.68915,1.00,1.00
2017.11.07 15:25:46.325,0.68902,0.68915,1.00,1.00
2017.11.07 15:25:46.713,0.68899,0.68915,1.00,1.00
2017.11.07 15:25:46.764,0.68899,0.68913,1.00,1.00
2017.11.07 15:25:47.275,0.68898,0.68914,1.00,1.00
2017.11.07 15:25:47.821,0.68899,0.68913,1.00,1.00
2017.11.07 15:25:48.093,0.68896,0.68913,1.00,1.00
2017.11.07 15:25:48.362,0.68895,0.68911,1.12,1.00
2017.11.07 15:25:52.082,0.68894,0.68911,1.00,1.00
2017.11.07 15:25:52.600,0.68895,0.68911,1.00,1.00
2017.11.07 15:25:52.941,0.68899,0.68913,1.00,1.50
2017.11.07 15:25:53.043,0.68897,0.68913,1.00,1.50
2017.11.07 15:25:53.607,0.68897,0.68912,1.00,1.00
2017.11.07 15:25:53.659,0.68897,0.6891,1.00,1.00
2017.11.07 15:25:53.734,0.68897,0.68912,1.00,1.00
2017.11.07 15:25:53.987,0.68899,0.68913,1.00,1.00
2017.11.07 15:25:54.578,0.68898,0.68914,1.00,1.00
2017.11.07 15:25:56.241,0.68895,0.68914,1.12,1.00
2017.11.07 15:25:56.755,0.68896,0.68913,1.00,1.50
2017.11.07 15:25:56.910,0.68897,0.68916,1.12,1.00
2017.11.07 15:25:57.562,0.68898,0.68916,1.00,1.00
2017.11.07 15:25:57.929,0.68902,0.68919,1.50,1.12
2017.11.07 15:25:58.032,0.68905,0.68923,1.00,1.12
2017.11.07 15:25:58.083,0.68903,0.68923,1.87,1.12
2017.11.07 15:25:58.634,0.68904,0.68924,1.50,1.00
2017.11.07 15:25:58.967,0.68906,0.68925,1.00,1.12
2017.11.07 15:25:59.171,0.68908,0.68928,1.00,1.50
2017.11.07 15:25:59.706,0.68909,0.68926,1.00,1.00
2017.11.07 15:26:00.167,0.68909,0.68928,1.00,1.00
2017.11.07 15:26:00.322,0.68911,0.68928,1.00,1.00
2017.11.07 15:26:01.949,0.6891,0.68927,1.12,1.00
2017.11.07 15:26:02.386,0.6891,0.68929,1.00,1.50
2017.11.07 15:26:02.437,0.68912,0.68928,1.00,1.00
2017.11.07 15:26:02.983,0.68912,0.68926,1.00,1.00
2017.11.07 15:26:04.414,0.6891,0.68926,1.00,1.00
2017.11.07 15:26:06.120,0.68909,0.68926,1.10,1.00
2017.11.07 15:26:06.651,0.68907,0.68924,1.00,1.00
2017.11.07 15:26:08.448,0.68908,0.68925,1.00,1.00
2017.11.07 15:26:09.588,0.68908,0.68926,1.00,1.00
2017.11.07 15:26:10.563,0.68908,0.68925,1.00,1.00
2017.11.07 15:26:11.139,0.68909,0.68927,1.00,1.00
2017.11.07 15:26:11.545,0.68909,0.68925,1.00,1.00
2017.11.07 15:26:11.978,0.68909,0.68927,1.00,1.00
2017.11.07 15:26:13.575,0.68909,0.68926,1.00,1.00
2017.11.07 15:26:14.197,0.68909,0.68927,1.00,1.00
2017.11.07 15:26:15.767,0.68909,0.68926,1.00,1.00
2017.11.07 15:26:16.277,0.68909,0.68927,1.00,1.00
2017.11.07 15:26:16.764,0.68908,0.68924,1.20,1.00
2017.11.07 15:26:17.266,0.68907,0.68925,1.00,1.50
2017.11.07 15:26:17.922,0.68908,0.68925,1.00,1.00
2017.11.07 15:26:18.497,0.68907,0.68925,1.00,1.50
2017.11.07 15:26:19.408,0.68905,0.68923,1.07,1.00
2017.11.07 15:26:19.510,0.68904,0.68922,1.00,1.50
2017.11.07 15:26:19.659,0.68906,0.68921,1.00,1.00
2017.11.07 15:26:19.710,0.68905,0.68923,1.00,1.87
2017.11.07 15:26:19.762,0.68905,0.68921,1.00,1.00
2017.11.07 15:26:20.117,0.68906,0.68923,1.00,1.00
2017.11.07 15:26:20.270,0.68908,0.68923,1.00,1.00
2017.11.07 15:26:20.779,0.68907,0.68924,1.00,1.00
2017.11.07 15:26:21.104,0.68909,0.68925,1.00,1.50
2017.11.07 15:26:21.775,0.68909,0.68924,1.00,1.50
2017.11.07 15:26:22.807,0.68909,0.68925,1.00,1.00
2017.11.07 15:26:23.702,0.68909,0.68924,1.00,1.00
2017.11.07 15:26:23.753,0.68907,0.68924,1.00,1.00
2017.11.07 15:26:24.327,0.68907,0.68923,1.00,1.00
2017.11.07 15:26:25.215,0.68907,0.68924,1.00,1.00
2017.11.07 15:26:27.535,0.68908,0.68925,1.00,1.00
2017.11.07 15:26:28.092,0.68908,0.68926,1.00,1.50
2017.11.07 15:26:28.638,0.68907,0.68925,1.00,1.00
2017.11.07 15:26:29.957,0.68908,0.68926,1.00,1.50
2017.11.07 15:26:30.109,0.68911,0.68926,1.00,1.00
2017.11.07 15:26:30.407,0.68909,0.68926,1.00,1.00
2017.11.07 15:26:31.176,0.68909,0.68927,1.00,1.50
2017.11.07 15:26:31.344,0.68909,0.68924,1.00,1.00
2017.11.07 15:26:31.548,0.68905,0.68922,1.50,1.50
2017.11.07 15:26:33.554,0.68905,0.68922,1.00,1.50
2017.11.07 15:26:34.497,0.68905,0.68921,1.00,1.00
2017.11.07 15:26:34.599,0.68901,0.68918,1.00,1.00
2017.11.07 15:26:34.650,0.689,0.68915,1.00,1.00
2017.11.07 15:26:35.076,0.68898,0.68916,1.00,1.00
2017.11.07 15:26:35.178,0.68899,0.68914,1.00,1.00
2017.11.07 15:26:36.340,0.68899,0.68917,1.00,1.50
2017.11.07 15:26:36.854,0.68901,0.68917,1.00,1.00
2017.11.07 15:26:37.387,0.689,0.68915,1.00,1.00
2017.11.07 15:26:39.319,0.68901,0.68915,1.00,1.00
2017.11.07 15:26:40.014,0.68899,0.68915,1.12,1.00
2017.11.07 15:26:41.388,0.689,0.68915,1.00,1.00
2017.11.07 15:26:44.794,0.68902,0.68919,1.00,1.00
2017.11.07 15:26:45.398,0.68902,0.68918,1.00,1.00
2017.11.07 15:26:45.967,0.68903,0.68919,1.00,1.00
2017.11.07 15:26:47.518,0.68902,0.68919,1.00,1.50
2017.11.07 15:26:48.047,0.68901,0.68919,1.00,1.50
2017.11.07 15:26:50.012,0.68901,0.68918,1.00,1.00
2017.11.07 15:26:50.521,0.68902,0.68919,1.12,1.50
2017.11.07 15:26:50.900,0.68905,0.6892,1.00,1.50
2017.11.07 15:26:51.510,0.68904,0.68919,1.00,1.00
2017.11.07 15:26:52.883,0.68902,0.68919,1.12,1.00
2017.11.07 15:26:53.244,0.689,0.68918,1.00,1.00
2017.11.07 15:26:53.594,0.68898,0.68915,1.12,1.50
2017.11.07 15:26:54.152,0.68897,0.68915,1.00,1.50
2017.11.07 15:26:59.563,0.68899,0.68915,1.00,1.00
2017.11.07 15:27:00.094,0.68903,0.68916,1.00,1.00
2017.11.07 15:27:00.145,0.68902,0.68918,1.00,1.12
2017.11.07 15:27:00.196,0.68899,0.68915,1.00,1.00
2017.11.07 15:27:00.713,0.68898,0.68914,1.00,1.87
2017.11.07 15:27:01.920,0.68897,0.68913,1.00,1.50
2017.11.07 15:27:03.022,0.68898,0.68913,1.00,1.00
2017.11.07 15:27:03.541,0.68897,0.68914,1.00,1.12
2017.11.07 15:27:04.151,0.68896,0.68914,1.00,1.87
2017.11.07 15:27:04.531,0.68898,0.68914,1.00,1.12
2017.11.07 15:27:05.192,0.68897,0.68914,1.00,1.12
2017.11.07 15:27:06.315,0.68896,0.68913,1.00,1.00
2017.11.07 15:27:06.861,0.68897,0.68912,1.00,1.00
2017.11.07 15:27:07.376,0.68895,0.68913,1.00,1.00
2017.11.07 15:27:08.828,0.68896,0.68914,1.00,1.87
2017.11.07 15:27:09.371,0.68897,0.68914,1.00,1.87
2017.11.07 15:27:10.174,0.68897,0.68912,1.00,1.00
2017.11.07 15:27:10.630,0.68895,0.68912,1.00,1.00
2017.11.07 15:27:10.681,0.68893,0.68911,1.50,1.50
2017.11.07 15:27:10.732,0.68893,0.68911,1.50,3.37
2017.11.07 15:27:13.666,0.68894,0.68909,1.00,1.12
2017.11.07 15:27:14.549,0.68893,0.6891,1.00,1.37
2017.11.07 15:27:14.653,0.68894,0.68911,1.00,3.37
2017.11.07 15:27:15.768,0.68893,0.6891,1.00,1.87
2017.11.07 15:27:16.406,0.68894,0.6891,1.00,1.37
2017.11.07 15:27:16.917,0.68894,0.6891,1.00,1.37
2017.11.07 15:27:17.306,0.68899,0.68916,1.00,1.37
2017.11.07 15:27:17.595,0.68897,0.68915,1.00,2.62
2017.11.07 15:27:17.646,0.68894,0.6891,1.10,1.00
2017.11.07 15:27:17.951,0.68895,0.68913,1.00,1.12
2017.11.07 15:27:18.002,0.68895,0.68911,1.00,1.00
2017.11.07 15:27:18.358,0.68896,0.68913,1.00,1.87
2017.11.07 15:27:18.914,0.68898,0.68913,1.00,1.50
2017.11.07 15:27:19.636,0.68896,0.68913,1.00,1.00
2017.11.07 15:27:20.185,0.68896,0.68912,1.00,1.00
2017.11.07 15:27:22.405,0.68896,0.68913,1.00,1.87
2017.11.07 15:27:23.716,0.68896,0.68912,1.00,1.00
2017.11.07 15:27:24.751,0.68895,0.68911,1.00,1.00
2017.11.07 15:27:25.360,0.68894,0.68912,1.00,1.50
2017.11.07 15:27:26.641,0.68896,0.68911,1.00,1.00
2017.11.07 15:27:28.965,0.68894,0.68912,1.00,1.50
2017.11.07 15:27:30.111,0.68896,0.68912,1.00,1.50
2017.11.07 15:27:30.658,0.68897,0.68913,1.00,1.87
2017.11.07 15:27:31.009,0.68897,0.68911,1.00,1.00
2017.11.07 15:27:31.539,0.68896,0.68911,1.00,1.00
2017.11.07 15:27:33.077,0.68896,0.68913,1.00,1.87
2017.11.07 15:27:36.055,0.68896,0.68912,1.00,1.00
2017.11.07 15:27:36.559,0.68896,0.68911,1.00,1.00
2017.11.07 15:27:37.080,0.68896,0.68912,1.00,1.00
2017.11.07 15:27:41.162,0.68895,0.68911,1.12,1.00
2017.11.07 15:27:41.801,0.68895,0.68912,1.20,1.00
2017.11.07 15:27:42.917,0.68895,0.68913,1.20,1.50
2017.11.07 15:27:43.173,0.68898,0.68913,1.00,1.50
2017.11.07 15:27:44.825,0.68897,0.68912,1.00,1.00
2017.11.07 15:27:45.378,0.68895,0.68912,1.10,1.00
2017.11.07 15:27:45.429,0.68897,0.68913,1.00,2.25
2017.11.07 15:27:47.638,0.68896,0.68913,1.00,1.00
2017.11.07 15:27:50.299,0.68899,0.68914,1.00,2.25
2017.11.07 15:27:52.204,0.68896,0.68914,1.00,2.25
2017.11.07 15:27:52.255,0.68896,0.68912,1.00,1.00
2017.11.07 15:27:54.644,0.68895,0.68912,1.00,1.00
2017.11.07 15:27:54.995,0.68895,0.6891,1.00,1.00
2017.11.07 15:27:55.665,0.68894,0.6891,1.10,1.00
2017.11.07 15:27:56.967,0.68895,0.6891,1.00,1.00
2017.11.07 15:27:57.315,0.68898,0.68915,1.47,1.00
2017.11.07 15:27:57.468,0.689,0.68917,1.00,1.50
2017.11.07 15:27:57.519,0.689,0.68915,1.00,1.00
2017.11.07 15:27:57.570,0.689,0.68917,1.00,2.25
2017.11.07 15:27:59.109,0.689,0.68916,1.00,1.00
2017.11.07 15:27:59.720,0.68899,0.68916,1.10,1.00
2017.11.07 15:28:00.651,0.689,0.68917,1.00,1.00
2017.11.07 15:28:02.546,0.689,0.68916,1.00,1.00
2017.11.07 15:28:03.105,0.68898,0.68916,1.20,1.50
2017.11.07 15:28:03.156,0.68896,0.68912,1.10,1.00
2017.11.07 15:28:03.679,0.68894,0.68912,1.10,1.50
2017.11.07 15:28:04.284,0.68895,0.68912,1.00,1.00
2017.11.07 15:28:04.487,0.68898,0.68912,1.00,1.00
2017.11.07 15:28:04.589,0.68898,0.68915,1.00,1.00
2017.11.07 15:28:04.848,0.68906,0.6892,1.00,1.12
2017.11.07 15:28:04.951,0.68908,0.68924,1.00,1.37
2017.11.07 15:28:05.550,0.68909,0.68924,1.00,1.00
2017.11.07 15:28:07.348,0.68908,0.68924,1.00,1.50
2017.11.07 15:28:07.884,0.68907,0.68924,1.00,1.50
2017.11.07 15:28:08.479,0.68907,0.68923,1.00,1.00
2017.11.07 15:28:09.139,0.68907,0.68924,1.00,1.50
2017.11.07 15:28:10.195,0.68908,0.68924,1.00,1.00
2017.11.07 15:28:11.185,0.68907,0.68924,1.00,1.00
2017.11.07 15:28:11.793,0.68907,0.68923,1.00,1.00
2017.11.07 15:28:12.322,0.68906,0.68922,1.00,1.50
2017.11.07 15:28:12.588,0.68901,0.68918,1.87,1.50
2017.11.07 15:28:12.639,0.68901,0.68916,1.12,1.00
2017.11.07 15:28:12.690,0.68899,0.68916,1.00,1.00
2017.11.07 15:28:12.993,0.68901,0.68915,1.00,1.00
2017.11.07 15:28:13.045,0.68899,0.68915,1.00,1.00
2017.11.07 15:28:14.370,0.689,0.68915,1.00,1.00
2017.11.07 15:28:14.623,0.68898,0.68915,1.12,1.00
2017.11.07 15:28:15.143,0.68899,0.68916,1.00,1.50
2017.11.07 15:28:15.424,0.68899,0.68914,1.00,1.00
2017.11.07 15:28:15.951,0.68899,0.68915,1.00,1.50
2017.11.07 15:28:16.770,0.68897,0.68913,1.00,1.00
2017.11.07 15:28:20.614,0.68898,0.68913,1.00,1.00
2017.11.07 15:28:21.006,0.68896,0.68912,1.00,1.00
2017.11.07 15:28:21.550,0.68898,0.68912,1.00,1.00
2017.11.07 15:28:23.284,0.68898,0.68914,1.00,1.50
2017.11.07 15:28:23.821,0.68898,0.68913,1.00,1.00
2017.11.07 15:28:24.125,0.68896,0.68913,1.00,1.00
2017.11.07 15:28:24.329,0.68898,0.68912,1.00,1.00
2017.11.07 15:28:26.536,0.68898,0.68913,1.00,1.50
2017.11.07 15:28:26.688,0.68896,0.68913,1.00,1.50
2017.11.07 15:28:27.260,0.68895,0.68912,1.00,1.12
2017.11.07 15:28:30.327,0.68896,0.68913,1.00,1.50
2017.11.07 15:28:31.159,0.68896,0.68913,1.00,2.62
2017.11.07 15:28:31.915,0.68897,0.68913,1.00,2.62
2017.11.07 15:28:32.426,0.68896,0.68913,1.00,1.87
2017.11.07 15:28:33.192,0.68897,0.68913,1.00,1.00
2017.11.07 15:28:33.293,0.68895,0.68911,1.00,1.37
2017.11.07 15:28:34.001,0.68894,0.68911,1.00,1.37
2017.11.07 15:28:34.723,0.68895,0.68911,1.00,1.00
2017.11.07 15:28:35.861,0.68896,0.6891,1.00,1.00
2017.11.07 15:28:35.912,0.68896,0.68912,1.00,1.00
2017.11.07 15:28:36.115,0.689,0.68912,1.00,1.00
2017.11.07 15:28:37.080,0.689,0.68914,1.00,1.50
2017.11.07 15:28:37.555,0.68898,0.68914,1.00,1.00
2017.11.07 15:28:37.743,0.68894,0.68914,1.12,1.00
2017.11.07 15:28:37.794,0.68894,0.68911,1.12,1.00
2017.11.07 15:28:38.125,0.68898,0.68913,1.00,1.00
2017.11.07 15:28:38.460,0.689,0.68913,1.00,1.00
2017.11.07 15:28:38.692,0.68901,0.68916,1.00,1.00
2017.11.07 15:28:38.844,0.68897,0.68914,1.45,1.50
2017.11.07 15:28:38.895,0.68896,0.68912,1.00,1.50
2017.11.07 15:28:38.946,0.689,0.68915,1.00,1.00
2017.11.07 15:28:39.611,0.68899,0.68915,1.00,2.25
2017.11.07 15:28:41.189,0.68899,0.68914,1.00,1.00
2017.11.07 15:28:41.735,0.68898,0.68914,1.00,1.50
2017.11.07 15:28:44.118,0.68895,0.68911,1.12,1.50
2017.11.07 15:28:44.644,0.68896,0.68911,1.00,1.50
2017.11.07 15:28:45.003,0.68898,0.68912,1.00,1.00
2017.11.07 15:28:45.468,0.68898,0.68915,1.00,1.50
2017.11.07 15:28:46.150,0.68897,0.68914,1.00,1.00
2017.11.07 15:28:46.487,0.68895,0.68913,1.00,2.25
2017.11.07 15:28:46.538,0.68895,0.68911,1.00,1.00
2017.11.07 15:28:47.076,0.68895,0.68913,1.00,1.87
2017.11.07 15:28:48.414,0.68896,0.68913,1.00,1.12
2017.11.07 15:28:50.161,0.68896,0.6891,1.00,1.00
2017.11.07 15:28:50.671,0.68895,0.6891,1.00,1.00
2017.11.07 15:28:51.718,0.68894,0.68909,1.50,1.00
2017.11.07 15:28:52.244,0.68895,0.6891,1.00,1.00
2017.11.07 15:28:52.774,0.68896,0.6891,1.00,1.00
2017.11.07 15:28:53.627,0.68896,0.68913,1.00,1.00
2017.11.07 15:28:53.678,0.68898,0.68914,1.00,1.10
2017.11.07 15:28:54.600,0.68899,0.68914,1.00,1.50
2017.11.07 15:28:56.995,0.68899,0.68913,1.00,1.00
2017.11.07 15:29:00.678,0.68901,0.68914,1.00,1.00
2017.11.07 15:29:00.945,0.689,0.68917,1.00,1.00
2017.11.07 15:29:01.856,0.68905,0.68921,1.00,1.87
2017.11.07 15:29:02.439,0.68904,0.68921,1.00,2.25
2017.11.07 15:29:06.699,0.68904,0.6892,1.00,1.00
2017.11.07 15:29:07.320,0.68905,0.68921,1.00,2.25
2017.11.07 15:29:08.360,0.68905,0.68918,1.00,1.00
2017.11.07 15:29:08.910,0.68905,0.68919,1.00,1.00
2017.11.07 15:29:09.734,0.68906,0.6892,1.00,1.50
2017.11.07 15:29:11.859,0.68903,0.68919,1.00,1.00
2017.11.07 15:29:12.668,0.68903,0.68918,1.00,1.12
2017.11.07 15:29:13.938,0.68902,0.68918,1.00,1.12
2017.11.07 15:29:14.239,0.68904,0.68917,1.00,1.00
2017.11.07 15:29:14.762,0.68903,0.68918,1.00,1.12
2017.11.07 15:29:15.372,0.68904,0.68918,1.00,1.87
2017.11.07 15:29:15.854,0.68905,0.68921,1.00,1.50
2017.11.07 15:29:15.905,0.68907,0.68921,1.00,1.00
2017.11.07 15:29:15.956,0.68909,0.68925,1.00,1.12
2017.11.07 15:29:17.622,0.68911,0.68925,1.00,1.00
2017.11.07 15:29:17.733,0.68912,0.68928,1.12,1.00
2017.11.07 15:29:17.784,0.68914,0.68929,1.00,1.00
2017.11.07 15:29:18.094,0.68913,0.68927,1.00,1.00
2017.11.07 15:29:18.561,0.68911,0.68928,1.00,1.50
2017.11.07 15:29:19.060,0.68911,0.68926,1.00,1.00
2017.11.07 15:29:20.430,0.68912,0.68927,1.00,1.00
2017.11.07 15:29:21.612,0.68912,0.68925,1.00,1.00
2017.11.07 15:29:21.764,0.68911,0.68927,1.00,2.62
2017.11.07 15:29:21.815,0.6891,0.68924,1.00,1.00
2017.11.07 15:29:22.412,0.6891,0.68923,1.00,1.00
2017.11.07 15:29:23.064,0.68909,0.68922,1.00,1.00
2017.11.07 15:29:24.090,0.68908,0.68923,1.00,1.00
2017.11.07 15:29:24.549,0.68906,0.68921,1.00,1.00
2017.11.07 15:29:25.247,0.68906,0.68919,1.00,1.00
2017.11.07 15:29:25.754,0.68903,0.68919,1.00,2.25
2017.11.07 15:29:26.172,0.68903,0.68917,1.00,1.00
2017.11.07 15:29:26.224,0.68903,0.68919,1.00,2.25
2017.11.07 15:29:26.376,0.68903,0.68917,1.00,1.00
2017.11.07 15:29:27.081,0.68902,0.68917,1.00,1.00
2017.11.07 15:29:27.729,0.68903,0.68917,1.00,1.00
2017.11.07 15:29:27.780,0.68905,0.6892,1.00,1.00
2017.11.07 15:29:30.325,0.68905,0.68919,1.00,1.50
2017.11.07 15:29:30.966,0.68905,0.68918,1.00,1.00
2017.11.07 15:29:31.017,0.68903,0.68918,1.00,1.00
2017.11.07 15:29:35.128,0.68904,0.68918,1.00,1.50
2017.11.07 15:29:35.230,0.68905,0.6892,1.00,1.00
2017.11.07 15:29:40.255,0.68906,0.6892,1.00,1.00
2017.11.07 15:29:40.611,0.68904,0.6892,1.00,1.50
2017.11.07 15:29:40.865,0.68903,0.68918,1.00,1.00
2017.11.07 15:29:41.669,0.68905,0.68918,1.00,1.00
2017.11.07 15:29:43.470,0.68903,0.68918,1.00,1.00
2017.11.07 15:29:44.079,0.68903,0.68917,1.00,1.50
2017.11.07 15:29:44.679,0.68903,0.68915,1.00,1.00
2017.11.07 15:29:47.523,0.68903,0.68916,1.00,1.00
2017.11.07 15:29:47.854,0.68903,0.68914,1.00,1.00
2017.11.07 15:29:47.905,0.68901,0.68914,1.00,1.00
2017.11.07 15:29:48.240,0.68902,0.68916,1.00,1.50
2017.11.07 15:29:48.842,0.68902,0.68915,1.00,1.00
2017.11.07 15:29:50.085,0.68903,0.68915,1.00,1.00
2017.11.07 15:29:50.136,0.68903,0.68917,1.00,1.12
2017.11.07 15:29:50.238,0.68906,0.68919,1.00,1.00
2017.11.07 15:29:50.847,0.68906,0.68918,1.00,1.00
2017.11.07 15:29:51.174,0.68903,0.68915,1.00,1.00
2017.11.07 15:29:51.564,0.68903,0.68917,1.00,1.00
2017.11.07 15:29:51.615,0.68907,0.68919,1.00,1.00
2017.11.07 15:29:51.717,0.68907,0.68921,1.00,1.50
2017.11.07 15:29:51.768,0.68906,0.68919,1.00,1.00
2017.11.07 15:29:53.264,0.68906,0.6892,1.00,1.00
2017.11.07 15:29:53.569,0.68908,0.68921,1.00,1.00
2017.11.07 15:29:54.594,0.68907,0.68921,1.00,1.00
2017.11.07 15:29:55.186,0.68908,0.68921,1.00,1.00
2017.11.07 15:29:57.674,0.68908,0.6892,1.00,1.00
2017.11.07 15:29:57.725,0.68908,0.68922,1.00,1.50
2017.11.07 15:29:57.983,0.68905,0.68922,1.00,1.00
2017.11.07 15:29:58.256,0.68907,0.68924,1.00,1.50
2017.11.07 15:29:58.874,0.68908,0.68923,1.00,1.00
2017.11.07 15:29:58.976,0.68908,0.68926,1.00,1.12
2017.11.07 15:29:59.594,0.68909,0.68926,1.00,1.00
2017.11.07 15:30:00.991,0.6891,0.68927,1.00,1.00
2017.11.07 15:30:02.908,0.6891,0.68925,1.00,1.00
2017.11.07 15:30:03.350,0.6891,0.68928,1.00,1.50
2017.11.07 15:30:03.908,0.68911,0.68929,1.00,1.00
2017.11.07 15:30:05.611,0.68913,0.68931,1.00,1.50
2017.11.07 15:30:05.990,0.68915,0.68931,1.00,1.00
2017.11.07 15:30:06.559,0.68914,0.68931,1.00,1.00
2017.11.07 15:30:07.193,0.68914,0.68932,1.00,1.50
2017.11.07 15:30:08.399,0.68916,0.68931,1.00,1.00
2017.11.07 15:30:08.551,0.68914,0.68931,1.00,1.00
2017.11.07 15:30:09.312,0.68914,0.68932,1.00,1.50
2017.11.07 15:30:09.738,0.68914,0.6893,1.00,1.00
2017.11.07 15:30:10.063,0.68914,0.68932,1.00,1.50
2017.11.07 15:30:11.538,0.68915,0.68933,1.00,1.00
2017.11.07 15:30:11.589,0.68917,0.68935,1.00,1.87
2017.11.07 15:30:13.002,0.68918,0.68935,1.00,1.12
2017.11.07 15:30:14.614,0.68916,0.68934,1.10,1.00
2017.11.07 15:30:15.117,0.68915,0.68933,1.20,1.50
2017.11.07 15:30:15.644,0.68915,0.68932,1.10,1.00
2017.11.07 15:30:17.238,0.68915,0.68933,1.20,1.00
2017.11.07 15:30:17.289,0.68918,0.68934,1.00,1.50
2017.11.07 15:30:17.340,0.68918,0.68936,1.00,2.25
2017.11.07 15:30:17.984,0.68919,0.68936,1.00,1.50
2017.11.07 15:30:18.646,0.68918,0.68936,1.00,2.25
2017.11.07 15:30:19.669,0.6892,0.68936,1.00,2.25
2017.11.07 15:30:20.557,0.68918,0.68935,1.00,1.00
2017.11.07 15:30:21.171,0.68919,0.68935,1.00,1.87
2017.11.07 15:30:21.718,0.68919,0.68935,1.00,1.00
2017.11.07 15:30:22.423,0.68918,0.68935,1.00,1.00
2017.11.07 15:30:23.005,0.68918,0.68935,1.00,1.37
2017.11.07 15:30:23.639,0.68916,0.68934,1.00,1.87
2017.11.07 15:30:24.315,0.68916,0.68933,1.00,1.50
2017.11.07 15:30:24.818,0.68916,0.68932,1.00,1.00
2017.11.07 15:30:25.359,0.68913,0.6893,1.00,1.00
2017.11.07 15:30:25.879,0.68912,0.6893,1.00,1.12
2017.11.07 15:30:26.426,0.68912,0.68929,1.00,1.00
2017.11.07 15:30:26.954,0.68911,0.68928,1.00,1.12
2017.11.07 15:30:30.284,0.68912,0.68928,1.00,1.87
2017.11.07 15:30:32.336,0.68908,0.68926,1.00,1.00
2017.11.07 15:30:32.438,0.68907,0.68925,1.00,1.87
2017.11.07 15:30:34.605,0.68906,0.68923,1.00,1.12
2017.11.07 15:30:35.524,0.68908,0.68925,1.00,1.12
2017.11.07 15:30:41.898,0.68909,0.68924,1.00,1.00
2017.11.07 15:30:43.543,0.68907,0.68924,1.00,1.00
2017.11.07 15:30:44.329,0.68907,0.68922,1.00,1.00
2017.11.07 15:30:48.009,0.68907,0.68924,1.00,1.00
2017.11.07 15:30:48.227,0.68911,0.68926,1.00,1.37
2017.11.07 15:30:48.329,0.68911,0.68929,1.12,1.00
2017.11.07 15:30:48.948,0.68912,0.68929,1.00,1.00
2017.11.07 15:30:50.148,0.68911,0.68929,1.00,1.50
2017.11.07 15:30:50.199,0.68911,0.68927,1.00,1.00
2017.11.07 15:30:51.413,0.68911,0.68928,1.00,1.50
2017.11.07 15:30:51.961,0.6891,0.68928,1.00,1.50
2017.11.07 15:30:53.021,0.68911,0.68928,1.00,1.50
2017.11.07 15:30:56.015,0.68909,0.68927,1.50,1.00
2017.11.07 15:30:56.664,0.68911,0.68928,1.00,1.00
2017.11.07 15:30:58.366,0.68911,0.68929,1.00,1.50
2017.11.07 15:30:59.510,0.68912,0.68927,1.00,1.00
2017.11.07 15:30:59.561,0.6891,0.68927,1.00,1.00
2017.11.07 15:31:00.155,0.6891,0.68926,1.00,1.00
2017.11.07 15:31:00.596,0.68908,0.68925,1.10,1.00
2017.11.07 15:31:00.779,0.6891,0.68925,1.00,1.00
2017.11.07 15:31:02.033,0.68908,0.68926,1.00,1.00
2017.11.07 15:31:02.377,0.6891,0.68925,1.00,1.00
2017.11.07 15:31:02.693,0.68911,0.68928,1.00,1.00
2017.11.07 15:31:03.212,0.68912,0.68928,1.35,1.00
2017.11.07 15:31:03.263,0.68918,0.68934,1.70,1.00
2017.11.07 15:31:03.315,0.68922,0.68939,1.00,2.62
2017.11.07 15:31:03.366,0.68925,0.68939,1.00,1.00
2017.11.07 15:31:03.963,0.68924,0.6894,1.00,1.00
2017.11.07 15:31:04.154,0.68921,0.68938,1.00,1.50
2017.11.07 15:31:04.257,0.6892,0.68936,1.00,1.00
2017.11.07 15:31:04.427,0.68917,0.68934,1.50,1.00
2017.11.07 15:31:05.182,0.68917,0.68932,1.00,1.00
2017.11.07 15:31:06.339,0.68915,0.68933,1.00,1.00
2017.11.07 15:31:08.369,0.68916,0.68934,1.00,1.50
2017.11.07 15:31:08.882,0.68917,0.68934,1.00,1.00
2017.11.07 15:31:09.817,0.68916,0.68934,1.12,1.00
2017.11.07 15:31:09.868,0.68916,0.68931,1.50,1.00
2017.11.07 15:31:10.374,0.68915,0.68931,1.00,1.00
2017.11.07 15:31:10.921,0.68915,0.68933,1.00,1.87
2017.11.07 15:31:11.369,0.68915,0.6893,1.00,1.00
2017.11.07 15:31:11.422,0.68913,0.68931,1.00,1.00
2017.11.07 15:31:12.938,0.68914,0.68929,1.00,1.00
2017.11.07 15:31:13.434,0.68912,0.68929,1.00,1.00
2017.11.07 15:31:13.951,0.68911,0.68929,1.50,1.37
2017.11.07 15:31:14.490,0.68911,0.68929,1.00,1.00
2017.11.07 15:31:15.136,0.68911,0.68926,1.00,1.00
2017.11.07 15:31:15.843,0.68908,0.68927,1.50,1.37
2017.11.07 15:31:16.378,0.68909,0.68926,1.00,1.12
2017.11.07 15:31:17.181,0.68908,0.68926,1.00,1.12
2017.11.07 15:31:17.233,0.68909,0.68924,1.00,1.00
2017.11.07 15:31:17.769,0.68908,0.68923,1.00,1.00
2017.11.07 15:31:18.058,0.68906,0.68923,1.12,1.00
2017.11.07 15:31:18.597,0.68909,0.68925,1.00,1.00
2017.11.07 15:31:19.143,0.68909,0.68926,1.00,1.00
2017.11.07 15:31:19.480,0.68911,0.68929,1.00,1.87
2017.11.07 15:31:19.532,0.68911,0.68929,1.00,1.00
2017.11.07 15:31:19.585,0.68911,0.68927,1.00,1.00
2017.11.07 15:31:19.636,0.68909,0.68927,1.00,1.50
2017.11.07 15:31:19.687,0.6891,0.68925,1.00,1.00
2017.11.07 15:31:20.552,0.68909,0.68926,1.00,1.00
2017.11.07 15:31:21.109,0.68908,0.68926,1.00,1.50
2017.11.07 15:31:21.768,0.68907,0.68925,1.00,1.50
2017.11.07 15:31:22.751,0.68907,0.68924,1.00,1.00
2017.11.07 15:31:24.392,0.68907,0.68923,1.00,1.00
2017.11.07 15:31:24.939,0.68907,0.68924,1.00,1.00
2017.11.07 15:31:27.165,0.68906,0.68923,1.00,1.00
2017.11.07 15:31:27.655,0.68907,0.68925,1.00,1.50
2017.11.07 15:31:27.833,0.68909,0.68925,1.00,1.00
2017.11.07 15:31:28.309,0.68903,0.68923,3.07,1.00
2017.11.07 15:31:28.411,0.68905,0.68921,1.00,1.00
2017.11.07 15:31:28.821,0.68904,0.68923,1.00,1.50
2017.11.07 15:31:29.212,0.68904,0.68921,1.00,1.00
2017.11.07 15:31:29.719,0.68905,0.68922,1.00,1.00
2017.11.07 15:31:30.225,0.68906,0.68923,1.00,1.00
2017.11.07 15:31:30.772,0.68905,0.68922,1.00,1.12
2017.11.07 15:31:31.290,0.68905,0.68921,1.00,1.00
2017.11.07 15:31:32.135,0.68902,0.6892,1.12,1.00
2017.11.07 15:31:33.056,0.68902,0.68918,1.00,1.00
2017.11.07 15:31:34.317,0.68902,0.6892,1.00,1.50
2017.11.07 15:31:34.840,0.68901,0.68919,1.00,1.50
2017.11.07 15:31:34.891,0.689,0.68917,1.00,1.00
2017.11.07 15:31:35.302,0.68898,0.68915,1.00,1.00
2017.11.07 15:31:35.607,0.68896,0.68913,1.00,1.00
2017.11.07 15:31:35.912,0.68893,0.68909,1.00,1.12
2017.11.07 15:31:36.631,0.68892,0.68909,1.00,1.12
2017.11.07 15:31:36.939,0.68894,0.68911,1.00,3.37
2017.11.07 15:31:37.143,0.68896,0.68912,1.00,1.50
2017.11.07 15:31:37.446,0.68894,0.68909,1.12,1.00
2017.11.07 15:31:37.722,0.68892,0.6891,1.00,1.50
2017.11.07 15:31:38.129,0.68895,0.6891,1.00,1.12
2017.11.07 15:31:38.433,0.68893,0.68908,1.00,1.00
2017.11.07 15:31:38.644,0.68891,0.68908,1.00,1.00
2017.11.07 15:31:38.796,0.6889,0.68905,1.00,1.00
2017.11.07 15:31:38.849,0.68891,0.68907,1.00,1.00
2017.11.07 15:31:39.425,0.68889,0.68906,1.00,1.00
2017.11.07 15:31:40.092,0.68888,0.68906,1.00,1.00
2017.11.07 15:31:40.602,0.68889,0.68905,1.00,1.00
2017.11.07 15:31:41.127,0.68891,0.68906,1.00,1.00
2017.11.07 15:31:41.178,0.68893,0.68909,1.00,2.62
2017.11.07 15:31:41.706,0.68893,0.68908,1.00,1.00
2017.11.07 15:31:42.432,0.68891,0.68908,1.00,1.00
2017.11.07 15:31:44.558,0.68891,0.68909,1.00,1.50
2017.11.07 15:31:44.660,0.68891,0.68907,1.00,1.00
2017.11.07 15:31:44.964,0.68889,0.68906,1.00,1.00
2017.11.07 15:31:45.180,0.68888,0.68904,1.00,1.00
2017.11.07 15:31:47.603,0.68888,0.68906,1.00,1.50
2017.11.07 15:31:47.755,0.68891,0.68907,1.00,1.00
2017.11.07 15:31:47.806,0.68891,0.68909,1.00,1.12
2017.11.07 15:31:48.348,0.68892,0.68909,1.00,1.00
2017.11.07 15:31:48.639,0.6889,0.68907,1.00,1.00
2017.11.07 15:31:49.345,0.68889,0.68906,1.00,1.00
2017.11.07 15:31:49.498,0.68892,0.6891,1.00,1.50
2017.11.07 15:31:49.737,0.68892,0.68907,1.00,1.00
2017.11.07 15:31:50.815,0.68893,0.68908,1.00,1.00
2017.11.07 15:31:52.849,0.68893,0.68909,1.00,1.00
2017.11.07 15:31:53.321,0.68891,0.68909,1.00,1.50
2017.11.07 15:31:54.849,0.68892,0.68909,1.00,2.25
2017.11.07 15:31:55.386,0.68891,0.68908,1.00,1.00
2017.11.07 15:31:55.865,0.68888,0.68905,1.10,1.00
2017.11.07 15:31:56.169,0.68893,0.68909,1.00,1.00
2017.11.07 15:31:56.274,0.68893,0.68911,1.00,1.50
2017.11.07 15:31:56.811,0.68894,0.68909,1.00,1.00
2017.11.07 15:31:58.826,0.68891,0.68909,1.00,2.25
2017.11.07 15:31:59.357,0.68891,0.68908,1.00,1.00
2017.11.07 15:32:00.088,0.68894,0.68909,1.00,1.50
2017.11.07 15:32:01.304,0.68892,0.68909,1.00,1.00
2017.11.07 15:32:02.596,0.68893,0.68909,1.00,1.00
2017.11.07 15:32:02.648,0.68895,0.68911,1.00,1.00
2017.11.07 15:32:03.042,0.68893,0.6891,1.00,1.00
2017.11.07 15:32:04.186,0.68894,0.68911,1.00,1.50
2017.11.07 15:32:05.232,0.68893,0.68911,1.00,1.50
2017.11.07 15:32:05.880,0.68893,0.6891,1.00,1.50
2017.11.07 15:32:06.614,0.68892,0.6891,1.12,1.50
2017.11.07 15:32:07.135,0.68893,0.6891,1.00,1.50
2017.11.07 15:32:08.413,0.68892,0.68909,1.12,1.00
2017.11.07 15:32:08.464,0.68891,0.68907,1.00,1.00
2017.11.07 15:32:08.974,0.6889,0.68908,1.00,1.00
2017.11.07 15:32:09.319,0.68892,0.6891,1.00,1.50
2017.11.07 15:32:09.861,0.68893,0.6891,1.00,1.50
2017.11.07 15:32:10.265,0.68891,0.68907,1.50,1.00
2017.11.07 15:32:10.817,0.68892,0.68907,1.00,1.00
2017.11.07 15:32:11.226,0.68892,0.6891,1.00,1.50
2017.11.07 15:32:11.277,0.68894,0.68909,1.00,1.00
2017.11.07 15:32:11.328,0.68892,0.6891,1.00,1.50
2017.11.07 15:32:11.500,0.6889,0.68907,1.00,1.00
2017.11.07 15:32:12.165,0.6889,0.68905,1.00,1.00
2017.11.07 15:32:13.105,0.68891,0.68905,1.00,1.00
2017.11.07 15:32:13.842,0.68893,0.6891,1.00,1.50
2017.11.07 15:32:13.944,0.68895,0.6891,1.00,1.00
2017.11.07 15:32:14.539,0.68896,0.68912,1.50,1.00
2017.11.07 15:32:15.050,0.68894,0.68912,1.87,1.50
2017.11.07 15:32:15.152,0.68895,0.6891,1.00,1.00
2017.11.07 15:32:17.499,0.68894,0.6891,1.00,1.00
2017.11.07 15:32:18.025,0.68893,0.68909,1.00,1.00
2017.11.07 15:32:18.607,0.68893,0.68908,1.50,1.00
2017.11.07 15:32:18.681,0.68891,0.68908,1.50,1.00
2017.11.07 15:32:18.935,0.68891,0.68906,1.00,1.00
2017.11.07 15:32:19.301,0.68888,0.68903,1.50,1.00
2017.11.07 15:32:19.605,0.68884,0.68899,1.00,1.00
2017.11.07 15:32:21.551,0.68883,0.68898,1.00,1.00
2017.11.07 15:32:21.653,0.68878,0.68896,1.12,1.00
2017.11.07 15:32:21.921,0.6888,0.68897,1.00,1.50
2017.11.07 15:32:22.225,0.68883,0.68899,1.00,1.00
2017.11.07 15:32:22.561,0.68881,0.68899,1.00,2.25
2017.11.07 15:32:22.874,0.68883,0.68898,1.00,1.00
2017.11.07 15:32:23.166,0.68884,0.68901,1.00,1.00
2017.11.07 15:32:23.694,0.68883,0.68901,1.00,1.50
2017.11.07 15:32:25.008,0.68885,0.689,1.00,1.00
2017.11.07 15:32:25.418,0.68883,0.68901,1.00,1.50
2017.11.07 15:32:26.036,0.68883,0.689,1.00,1.00
2017.11.07 15:32:26.704,0.68882,0.68899,1.00,1.00
2017.11.07 15:32:27.446,0.68882,0.68898,1.00,1.00
2017.11.07 15:32:27.969,0.68883,0.68899,1.00,1.00
2017.11.07 15:32:28.473,0.68882,0.68899,1.00,1.00
2017.11.07 15:32:28.787,0.6888,0.68898,1.00,2.25
2017.11.07 15:32:29.510,0.68881,0.68898,1.00,1.50
2017.11.07 15:32:29.992,0.68881,0.68896,1.00,1.00
2017.11.07 15:32:30.147,0.68884,0.68901,1.00,1.50
2017.11.07 15:32:30.449,0.68882,0.68899,1.00,1.00
2017.11.07 15:32:31.779,0.68883,0.68899,1.00,1.00
2017.11.07 15:32:32.331,0.68883,0.68898,1.00,1.00
2017.11.07 15:32:32.939,0.68882,0.68898,1.00,1.00
2017.11.07 15:32:33.251,0.68885,0.689,1.00,1.50
2017.11.07 15:32:33.523,0.68883,0.689,1.50,1.00
2017.11.07 15:32:33.777,0.68886,0.68901,1.00,1.00
2017.11.07 15:32:34.172,0.68884,0.68902,1.50,1.50
2017.11.07 15:32:34.223,0.68886,0.68901,1.00,1.00
2017.11.07 15:32:34.274,0.68887,0.68903,1.00,1.50
2017.11.07 15:32:35.058,0.68887,0.68901,1.00,1.00
2017.11.07 15:32:35.109,0.68885,0.68901,1.50,1.00
2017.11.07 15:32:35.369,0.68885,0.68898,1.00,1.00
2017.11.07 15:32:35.892,0.68883,0.68898,1.00,1.00
2017.11.07 15:32:36.045,0.68881,0.68897,1.12,1.00
2017.11.07 15:32:37.583,0.6888,0.68897,1.00,1.00
2017.11.07 15:32:38.428,0.68882,0.68897,1.00,1.00
2017.11.07 15:32:38.731,0.68888,0.68902,1.00,1.00
2017.11.07 15:32:38.883,0.68884,0.68901,1.00,2.25
2017.11.07 15:32:39.281,0.68886,0.68902,1.00,1.00
2017.11.07 15:32:39.534,0.68884,0.68901,1.00,1.00
2017.11.07 15:32:40.057,0.68885,0.689,1.00,1.00
2017.11.07 15:32:40.159,0.68886,0.68903,1.00,1.00
2017.11.07 15:32:40.262,0.68889,0.68904,1.00,1.00
2017.11.07 15:32:40.465,0.68886,0.68902,1.12,2.25
2017.11.07 15:32:40.566,0.68884,0.689,1.75,1.00
2017.11.07 15:32:40.757,0.68884,0.689,1.00,2.25
2017.11.07 15:32:40.982,0.68883,0.68898,1.00,1.00
2017.11.07 15:32:42.402,0.68883,0.68899,1.00,1.50
2017.11.07 15:32:43.213,0.68883,0.689,1.00,1.50
2017.11.07 15:32:43.696,0.68883,0.68898,1.00,1.00
2017.11.07 15:32:44.231,0.68882,0.68898,1.00,1.00
2017.11.07 15:32:44.816,0.68883,0.689,1.00,2.25
2017.11.07 15:32:45.020,0.68886,0.689,1.00,1.50
2017.11.07 15:32:45.071,0.68886,0.68902,1.00,1.50
2017.11.07 15:32:46.328,0.68886,0.689,1.00,1.00
2017.11.07 15:32:46.530,0.68881,0.68896,1.00,1.00
2017.11.07 15:32:47.337,0.6888,0.68896,1.00,1.50
2017.11.07 15:32:47.790,0.68877,0.68895,1.12,1.00
2017.11.07 15:32:48.308,0.6888,0.68896,1.00,1.00
2017.11.07 15:32:48.940,0.68881,0.68896,1.00,1.00
2017.11.07 15:32:48.991,0.68881,0.68898,1.00,1.00
2017.11.07 15:32:49.969,0.68881,0.68899,1.00,1.50
2017.11.07 15:32:50.419,0.68883,0.68899,1.00,1.00
2017.11.07 15:32:51.130,0.68882,0.68899,1.00,1.00
2017.11.07 15:32:51.774,0.68881,0.68899,1.00,1.00
2017.11.07 15:32:52.993,0.68882,0.68897,1.00,1.00
2017.11.07 15:32:53.111,0.6888,0.68898,1.00,1.00
2017.11.07 15:32:53.488,0.68877,0.68895,2.32,1.00
2017.11.07 15:32:53.784,0.68876,0.68894,1.00,1.00
2017.11.07 15:32:54.177,0.68878,0.68895,1.00,1.00
2017.11.07 15:32:54.279,0.68876,0.68894,1.00,1.00
2017.11.07 15:32:54.329,0.68878,0.68894,1.00,1.00
2017.11.07 15:32:54.380,0.68876,0.68894,1.00,1.00
2017.11.07 15:32:54.731,0.68879,0.68895,1.00,1.50
2017.11.07 15:32:55.340,0.68878,0.68895,1.00,1.00
2017.11.07 15:32:55.665,0.6888,0.68898,1.00,1.50
2017.11.07 15:32:55.868,0.68882,0.68898,1.00,1.00
2017.11.07 15:32:56.311,0.68884,0.68898,1.00,1.00
2017.11.07 15:32:56.464,0.68882,0.68898,1.00,1.00
2017.11.07 15:32:56.566,0.68884,0.68898,1.00,1.00
2017.11.07 15:32:57.467,0.68884,0.68901,1.00,1.50
2017.11.07 15:32:57.519,0.68887,0.68902,1.00,1.00
2017.11.07 15:32:57.570,0.68887,0.68904,1.00,1.00
2017.11.07 15:32:57.621,0.68889,0.68904,1.00,1.00
2017.11.07 15:32:57.723,0.6889,0.68907,1.12,1.50
2017.11.07 15:32:57.927,0.68888,0.68905,1.12,1.00
2017.11.07 15:32:58.876,0.6889,0.68904,1.00,1.00
2017.11.07 15:32:59.057,0.6889,0.68907,1.00,1.50
2017.11.07 15:32:59.109,0.68888,0.68904,1.12,1.00
2017.11.07 15:32:59.617,0.68887,0.68904,1.00,1.00
2017.11.07 15:33:00.119,0.6889,0.68906,1.00,1.00
2017.11.07 15:33:00.280,0.68888,0.68905,1.00,1.00
2017.11.07 15:33:00.988,0.68889,0.68907,1.00,1.87
2017.11.07 15:33:01.039,0.68887,0.68905,1.00,1.00
2017.11.07 15:33:01.343,0.6889,0.68906,1.00,1.00
2017.11.07 15:33:01.528,0.68891,0.68908,1.00,1.50
2017.11.07 15:33:02.059,0.68892,0.68907,1.00,1.00
2017.11.07 15:33:02.419,0.68889,0.68907,1.12,1.00
2017.11.07 15:33:02.576,0.68888,0.68904,1.00,1.00
2017.11.07 15:33:03.295,0.68887,0.68903,1.12,1.00
2017.11.07 15:33:03.348,0.68885,0.68902,1.00,1.00
2017.11.07 15:33:03.865,0.68882,0.689,1.87,1.00
2017.11.07 15:33:04.270,0.68882,0.68898,1.00,1.00
2017.11.07 15:33:04.793,0.68884,0.68899,1.00,1.00
2017.11.07 15:33:05.430,0.68883,0.689,1.50,1.50
2017.11.07 15:33:05.532,0.68884,0.68902,1.50,1.50
2017.11.07 15:33:05.846,0.68884,0.689,1.87,1.00
2017.11.07 15:33:06.150,0.68882,0.68899,1.50,1.00
2017.11.07 15:33:06.202,0.68884,0.68902,1.50,1.00
2017.11.07 15:33:06.708,0.68885,0.68902,1.12,1.00
2017.11.07 15:33:07.045,0.68888,0.68903,1.00,1.00
2017.11.07 15:33:08.903,0.68887,0.68903,1.00,1.00
2017.11.07 15:33:09.490,0.68887,0.68904,1.00,1.00
2017.11.07 15:33:10.099,0.68887,0.68905,1.00,1.00
2017.11.07 15:33:10.976,0.6889,0.68906,1.00,1.00
2017.11.07 15:33:11.411,0.68892,0.68908,1.00,1.50
2017.11.07 15:33:11.900,0.68894,0.6891,1.00,1.50
2017.11.07 15:33:13.567,0.68895,0.68911,1.50,1.00
2017.11.07 15:33:15.017,0.68895,0.68908,1.00,1.00
2017.11.07 15:33:15.068,0.68892,0.68909,1.50,1.50
2017.11.07 15:33:15.566,0.68891,0.68906,1.00,1.00
2017.11.07 15:33:17.761,0.68891,0.68907,1.00,1.50
2017.11.07 15:33:18.298,0.68889,0.68907,1.87,1.50
2017.11.07 15:33:18.825,0.68891,0.68908,1.50,1.00
2017.11.07 15:33:19.746,0.6889,0.68908,1.12,1.50
2017.11.07 15:33:20.258,0.68891,0.68908,1.00,1.50
2017.11.07 15:33:20.885,0.6889,0.68908,1.12,1.00
2017.11.07 15:33:21.805,0.68892,0.68907,1.00,1.00
2017.11.07 15:33:22.138,0.6889,0.68908,1.12,1.00
2017.11.07 15:33:22.428,0.68892,0.68907,1.00,1.00
2017.11.07 15:33:22.930,0.68892,0.68909,1.87,1.00
2017.11.07 15:33:23.244,0.6889,0.68903,1.37,1.00
2017.11.07 15:33:23.295,0.6889,0.68904,1.00,1.50
2017.11.07 15:33:23.346,0.68888,0.68904,1.00,1.50
2017.11.07 15:33:23.397,0.68885,0.68901,1.10,1.00
2017.11.07 15:33:23.636,0.68888,0.68906,1.00,1.87
2017.11.07 15:33:24.064,0.68887,0.68903,1.00,1.00
2017.11.07 15:33:24.375,0.68886,0.689,1.00,1.00
2017.11.07 15:33:24.426,0.68886,0.68904,1.50,1.87
2017.11.07 15:33:24.529,0.68889,0.68905,1.00,1.00
2017.11.07 15:33:24.840,0.6889,0.68907,1.50,1.00
2017.11.07 15:33:25.032,0.6889,0.68905,1.00,1.00
2017.11.07 15:33:25.462,0.68889,0.68907,1.50,1.87
2017.11.07 15:33:25.729,0.6889,0.68905,1.00,1.00
2017.11.07 15:33:25.783,0.6889,0.68907,1.00,1.50
2017.11.07 15:33:26.620,0.6889,0.68908,1.50,1.00
2017.11.07 15:33:26.671,0.68892,0.68908,1.00,1.00
2017.11.07 15:33:27.240,0.68891,0.68909,1.50,1.50
2017.11.07 15:33:27.595,0.6889,0.68907,1.50,1.00
2017.11.07 15:33:28.144,0.6889,0.68906,1.00,1.00
2017.11.07 15:33:28.779,0.68889,0.68906,1.50,1.00
2017.11.07 15:33:29.106,0.68891,0.68906,1.00,1.00
2017.11.07 15:33:29.244,0.68889,0.68906,1.50,1.00
2017.11.07 15:33:29.643,0.68892,0.68908,1.00,1.37
2017.11.07 15:33:30.153,0.68891,0.68908,1.00,1.50
2017.11.07 15:33:30.715,0.68892,0.68908,1.00,1.50
2017.11.07 15:33:31.181,0.68892,0.6891,1.00,1.87
2017.11.07 15:33:35.411,0.68893,0.6891,1.00,1.00
2017.11.07 15:33:35.970,0.68894,0.6891,1.00,1.00
2017.11.07 15:33:36.072,0.68893,0.68908,1.00,1.00
2017.11.07 15:33:36.123,0.68891,0.68907,1.00,1.00
2017.11.07 15:33:36.224,0.68891,0.68909,1.50,1.50
2017.11.07 15:33:36.429,0.68891,0.68906,1.00,1.00
2017.11.07 15:33:36.546,0.6889,0.68908,1.00,1.87
2017.11.07 15:33:36.752,0.6889,0.68906,1.00,1.00
2017.11.07 15:33:36.905,0.6889,0.68908,1.00,1.50
2017.11.07 15:33:36.957,0.68892,0.68907,1.00,1.00
2017.11.07 15:33:37.059,0.68892,0.68909,1.00,1.00
2017.11.07 15:33:37.324,0.68889,0.68907,1.12,1.00
2017.11.07 15:33:37.375,0.68889,0.68905,1.00,1.50
2017.11.07 15:33:38.262,0.68887,0.68903,1.00,1.00
2017.11.07 15:33:39.054,0.68885,0.68903,1.12,1.00
2017.11.07 15:33:39.259,0.68885,0.68901,1.00,1.00
2017.11.07 15:33:40.009,0.68886,0.68901,1.00,1.00
2017.11.07 15:33:40.112,0.68886,0.68903,1.00,1.87
2017.11.07 15:33:40.734,0.68887,0.68903,1.00,1.00
2017.11.07 15:33:40.862,0.68887,0.68905,1.00,1.50
2017.11.07 15:33:41.106,0.68887,0.68903,1.00,1.00
2017.11.07 15:33:41.455,0.68887,0.68905,1.00,1.00
2017.11.07 15:33:41.668,0.68884,0.68903,1.95,1.00
2017.11.07 15:33:41.972,0.68886,0.68901,1.00,1.00
2017.11.07 15:33:42.022,0.68886,0.68903,1.00,1.12
2017.11.07 15:33:42.229,0.68883,0.689,1.57,1.00
2017.11.07 15:33:42.854,0.68883,0.68898,1.00,1.00
2017.11.07 15:33:43.058,0.6888,0.68897,1.50,1.00
2017.11.07 15:33:44.285,0.68882,0.68897,1.00,1.00
2017.11.07 15:33:44.946,0.68881,0.68897,1.50,1.00
2017.11.07 15:33:45.233,0.68881,0.68899,1.50,1.00
2017.11.07 15:33:45.765,0.68882,0.689,1.00,1.87
2017.11.07 15:33:46.226,0.6888,0.68895,1.00,1.00
2017.11.07 15:33:46.277,0.68878,0.68896,1.50,1.50
2017.11.07 15:33:46.430,0.6888,0.68896,1.00,1.87
2017.11.07 15:33:46.804,0.68878,0.68896,1.00,1.87
2017.11.07 15:33:47.428,0.68877,0.68893,1.00,1.00
2017.11.07 15:33:47.653,0.68873,0.68891,1.47,1.00
2017.11.07 15:33:47.704,0.68871,0.68887,1.87,1.00
2017.11.07 15:33:47.862,0.68875,0.68892,1.00,1.00
2017.11.07 15:33:48.489,0.68871,0.68891,1.57,1.00
2017.11.07 15:33:48.539,0.68876,0.68893,1.00,1.00
2017.11.07 15:33:49.104,0.68878,0.68894,1.00,1.00
2017.11.07 15:33:49.155,0.68878,0.68896,1.00,1.50
2017.11.07 15:33:49.257,0.6888,0.68895,1.00,1.00
2017.11.07 15:33:49.732,0.68882,0.68898,1.00,1.00
2017.11.07 15:33:49.796,0.68879,0.68897,1.37,1.00
2017.11.07 15:33:49.898,0.68881,0.68899,1.00,1.50
2017.11.07 15:33:50.495,0.68882,0.689,1.00,1.87
2017.11.07 15:33:50.547,0.68881,0.68896,1.00,1.00
2017.11.07 15:33:50.902,0.68882,0.68898,1.00,1.00
2017.11.07 15:33:50.953,0.68881,0.68896,1.00,1.00
2017.11.07 15:33:51.212,0.68881,0.68899,1.00,1.50
2017.11.07 15:33:51.763,0.68881,0.68899,1.37,1.50
2017.11.07 15:33:52.530,0.68884,0.689,1.00,1.00
2017.11.07 15:33:52.631,0.68882,0.689,1.12,1.00
2017.11.07 15:33:52.682,0.68882,0.68897,1.12,1.00
2017.11.07 15:33:52.854,0.68882,0.68899,1.87,1.50
2017.11.07 15:33:53.058,0.68884,0.68899,1.00,1.00
2017.11.07 15:33:53.111,0.68884,0.68901,1.00,1.50
2017.11.07 15:33:53.524,0.68884,0.68899,1.12,1.00
2017.11.07 15:33:53.626,0.68883,0.68901,1.50,1.50
2017.11.07 15:33:53.728,0.68885,0.68901,1.00,1.50
2017.11.07 15:33:54.321,0.68884,0.68901,1.87,1.00
2017.11.07 15:33:54.590,0.68884,0.689,1.50,1.00
2017.11.07 15:33:55.170,0.68883,0.689,1.87,1.00
2017.11.07 15:33:55.733,0.68883,0.68899,1.00,1.00
2017.11.07 15:33:56.542,0.68883,0.689,1.00,1.50
2017.11.07 15:33:57.067,0.68883,0.68899,1.00,1.00
2017.11.07 15:33:57.576,0.68885,0.689,1.00,1.00
2017.11.07 15:33:58.109,0.68886,0.689,1.00,1.00
2017.11.07 15:33:58.160,0.68885,0.68902,1.00,1.00
2017.11.07 15:33:58.435,0.68887,0.68902,1.00,1.00
2017.11.07 15:33:58.739,0.68889,0.68907,1.00,2.25
2017.11.07 15:33:58.843,0.68891,0.68906,1.00,1.00
2017.11.07 15:33:59.314,0.6889,0.68908,1.50,1.00
2017.11.07 15:34:00.003,0.68892,0.68908,1.00,1.00
2017.11.07 15:34:00.889,0.6889,0.68908,1.00,1.50
2017.11.07 15:34:01.061,0.68888,0.68904,1.00,1.00
2017.11.07 15:34:01.162,0.68885,0.68903,1.20,1.00
2017.11.07 15:34:01.564,0.68884,0.68902,1.12,2.25
2017.11.07 15:34:01.729,0.68883,0.689,1.00,1.50
2017.11.07 15:34:01.831,0.68881,0.68899,1.87,1.50
2017.11.07 15:34:01.882,0.68882,0.68897,1.00,1.00
2017.11.07 15:34:02.469,0.6888,0.68898,1.00,2.25
2017.11.07 15:34:02.520,0.68881,0.68896,1.00,1.00
2017.11.07 15:34:03.088,0.6888,0.68897,1.00,1.50
2017.11.07 15:34:03.604,0.68881,0.68897,1.00,2.25
2017.11.07 15:34:04.364,0.68882,0.68899,1.00,1.00
2017.11.07 15:34:04.987,0.68883,0.689,1.00,1.50
2017.11.07 15:34:05.663,0.68882,0.68899,1.00,1.00
2017.11.07 15:34:06.260,0.68879,0.68899,1.20,1.50
2017.11.07 15:34:06.412,0.68882,0.68897,1.00,1.00
2017.11.07 15:34:06.695,0.68883,0.68899,1.00,1.50
2017.11.07 15:34:07.292,0.68884,0.68899,1.00,1.00
2017.11.07 15:34:07.580,0.68883,0.68901,1.00,2.25
2017.11.07 15:34:07.631,0.68883,0.68899,1.00,1.50
2017.11.07 15:34:08.303,0.68882,0.68899,1.12,1.50
2017.11.07 15:34:08.898,0.68883,0.68899,1.00,1.00
2017.11.07 15:34:10.703,0.6888,0.68898,1.37,1.00
2017.11.07 15:34:10.856,0.68878,0.68895,1.00,1.50
2017.11.07 15:34:11.587,0.6888,0.68895,1.00,1.50
2017.11.07 15:34:12.154,0.68879,0.68894,1.00,1.00
2017.11.07 15:34:12.308,0.68877,0.68894,1.00,1.50
2017.11.07 15:34:12.359,0.6888,0.68894,1.00,1.00
2017.11.07 15:34:12.410,0.68881,0.68896,1.00,1.00
2017.11.07 15:34:12.926,0.68881,0.68897,1.00,1.50
2017.11.07 15:34:13.078,0.68879,0.68895,1.12,1.00
2017.11.07 15:34:13.281,0.68876,0.68894,1.00,2.25
2017.11.07 15:34:13.332,0.68875,0.68892,1.00,1.00
2017.11.07 15:34:13.962,0.68876,0.68891,1.00,1.00
2017.11.07 15:34:14.184,0.68874,0.68892,1.12,2.25
2017.11.07 15:34:14.718,0.68874,0.68891,1.12,1.50
2017.11.07 15:34:14.904,0.68872,0.68888,1.00,1.50
2017.11.07 15:34:15.453,0.68871,0.68888,1.00,1.00
2017.11.07 15:34:15.825,0.68866,0.68886,2.32,1.00
2017.11.07 15:34:16.375,0.6887,0.68886,1.00,1.00
2017.11.07 15:34:17.668,0.68872,0.68888,1.00,1.00
2017.11.07 15:34:18.338,0.68872,0.68889,1.00,1.00
2017.11.07 15:34:18.686,0.68874,0.68888,1.00,1.00
2017.11.07 15:34:18.737,0.68874,0.68891,1.00,1.87
2017.11.07 15:34:19.298,0.68873,0.68891,1.00,2.62
2017.11.07 15:34:19.349,0.68874,0.68889,1.00,1.50
2017.11.07 15:34:19.987,0.68873,0.6889,1.00,1.50
2017.11.07 15:34:20.593,0.68875,0.6889,1.00,1.50
2017.11.07 15:34:20.886,0.68873,0.6889,1.00,1.00
2017.11.07 15:34:21.259,0.68871,0.68888,1.12,1.50
2017.11.07 15:34:21.783,0.68871,0.68889,1.00,1.50
2017.11.07 15:34:22.413,0.68871,0.68888,1.00,1.00
2017.11.07 15:34:24.127,0.68869,0.68886,1.00,1.00
2017.11.07 15:34:24.435,0.68869,0.68884,1.00,1.50
2017.11.07 15:34:25.029,0.68867,0.68883,1.00,1.00
2017.11.07 15:34:28.050,0.68866,0.68883,1.00,1.50
2017.11.07 15:34:28.637,0.68866,0.68882,1.00,1.50
2017.11.07 15:34:29.156,0.68867,0.68881,1.00,1.00
2017.11.07 15:34:29.783,0.68867,0.68882,1.00,1.50
2017.11.07 15:34:30.379,0.68868,0.68882,1.00,1.00
2017.11.07 15:34:30.431,0.68864,0.6888,1.00,1.00
2017.11.07 15:34:30.952,0.68863,0.68879,1.00,1.00
2017.11.07 15:34:31.500,0.68863,0.6888,1.12,1.00
2017.11.07 15:34:31.819,0.6886,0.68878,1.12,1.00
2017.11.07 15:34:32.040,0.68861,0.6888,1.00,2.25
2017.11.07 15:34:32.376,0.68863,0.6888,1.00,1.50
2017.11.07 15:34:32.956,0.68864,0.6888,1.00,1.50
2017.11.07 15:34:33.502,0.68864,0.68881,1.00,1.50
2017.11.07 15:34:34.742,0.68866,0.68881,1.00,1.00
2017.11.07 15:34:34.894,0.68867,0.68883,1.00,1.00
2017.11.07 15:34:34.945,0.68867,0.68881,1.00,1.00
2017.11.07 15:34:34.997,0.68865,0.68881,1.00,1.00
2017.11.07 15:34:35.149,0.68867,0.68881,1.00,1.00
2017.11.07 15:34:35.696,0.68866,0.68881,1.00,1.00
2017.11.07 15:34:36.405,0.68865,0.68881,1.00,1.50
2017.11.07 15:34:37.061,0.68866,0.68881,1.00,2.25
2017.11.07 15:34:37.111,0.68864,0.68881,1.00,1.50
2017.11.07 15:34:37.163,0.68865,0.68879,1.00,1.00
2017.11.07 15:34:37.369,0.68863,0.68879,1.00,1.50
2017.11.07 15:34:37.713,0.68862,0.68877,1.00,1.00
2017.11.07 15:34:37.967,0.68862,0.68879,1.00,1.50
2017.11.07 15:34:38.197,0.68862,0.68877,1.00,1.00
2017.11.07 15:34:39.211,0.68863,0.68877,1.00,1.00
2017.11.07 15:34:39.263,0.68864,0.68879,1.00,1.50
2017.11.07 15:34:40.256,0.68862,0.68879,1.00,1.50
2017.11.07 15:34:41.790,0.68862,0.68878,1.00,1.00
2017.11.07 15:34:42.426,0.68861,0.68878,1.00,1.00
2017.11.07 15:34:44.388,0.68859,0.68876,1.00,1.50
2017.11.07 15:34:44.914,0.68858,0.68875,1.00,2.25
2017.11.07 15:34:45.590,0.68858,0.68875,1.00,2.25
2017.11.07 15:34:46.180,0.68858,0.68873,1.00,1.00
2017.11.07 15:34:46.560,0.68856,0.68874,1.00,1.00
2017.11.07 15:34:46.611,0.68857,0.68872,1.00,1.00
2017.11.07 15:34:46.896,0.68851,0.68872,3.07,1.50
2017.11.07 15:34:46.997,0.68855,0.68872,1.00,1.50
2017.11.07 15:34:47.592,0.68851,0.68871,3.07,1.00
2017.11.07 15:34:47.644,0.68853,0.68873,1.57,1.00
2017.11.07 15:34:48.114,0.6886,0.68875,1.00,1.50
2017.11.07 15:34:48.864,0.6886,0.68876,1.00,1.50
2017.11.07 15:34:49.575,0.68859,0.68876,1.00,1.00
2017.11.07 15:34:50.105,0.68859,0.68875,1.00,1.00
2017.11.07 15:34:53.218,0.6886,0.68875,1.00,1.00
2017.11.07 15:34:53.864,0.6886,0.68876,1.00,1.00
2017.11.07 15:34:54.351,0.68862,0.68876,1.00,1.00
2017.11.07 15:34:56.395,0.6886,0.68876,1.00,1.50
2017.11.07 15:35:01.553,0.68861,0.68876,1.00,1.00
2017.11.07 15:35:01.607,0.68861,0.68878,1.00,1.00
2017.11.07 15:35:02.186,0.6886,0.68877,1.00,1.50
2017.11.07 15:35:02.367,0.68857,0.68874,1.00,1.50
2017.11.07 15:35:02.898,0.68856,0.68873,1.00,1.00
2017.11.07 15:35:04.438,0.68854,0.68871,1.00,1.00
2017.11.07 15:35:05.084,0.68859,0.68876,1.00,2.25
2017.11.07 15:35:05.943,0.6886,0.68876,1.00,1.00
2017.11.07 15:35:08.523,0.6886,0.68875,1.00,1.00
2017.11.07 15:35:08.854,0.68858,0.68873,1.00,1.00
2017.11.07 15:35:10.117,0.6886,0.68874,1.00,1.00
2017.11.07 15:35:10.440,0.68858,0.68873,1.00,1.00
2017.11.07 15:35:10.954,0.68859,0.68873,1.00,1.00
2017.11.07 15:35:12.217,0.68852,0.68866,1.00,1.00
2017.11.07 15:35:12.318,0.6885,0.68866,1.00,1.00
2017.11.07 15:35:12.827,0.68851,0.68866,1.00,1.00
2017.11.07 15:35:13.714,0.6885,0.68866,1.00,1.00
2017.11.07 15:35:14.249,0.68849,0.68865,1.00,1.00
2017.11.07 15:35:17.098,0.68851,0.68865,1.00,1.00
2017.11.07 15:35:19.447,0.68851,0.68866,1.12,1.00
2017.11.07 15:35:19.835,0.68851,0.68868,1.12,1.50
2017.11.07 15:35:20.336,0.68851,0.68869,1.00,1.50
2017.11.07 15:35:20.593,0.68855,0.68871,1.00,1.50
2017.11.07 15:35:21.129,0.68856,0.68872,1.00,1.00
2017.11.07 15:35:22.539,0.68857,0.68872,1.00,1.00
2017.11.07 15:35:22.591,0.68856,0.68874,1.00,1.50
2017.11.07 15:35:23.149,0.68857,0.68874,1.00,1.50
2017.11.07 15:35:23.767,0.68859,0.68874,1.00,1.50
2017.11.07 15:35:24.399,0.6886,0.68877,1.00,1.50
2017.11.07 15:35:24.500,0.68863,0.68877,1.00,1.00
2017.11.07 15:35:25.047,0.68862,0.68877,1.12,1.00
2017.11.07 15:35:25.620,0.68861,0.68877,1.00,1.00
2017.11.07 15:35:26.439,0.68861,0.68879,1.37,2.25
2017.11.07 15:35:29.202,0.68862,0.68878,1.00,1.00
2017.11.07 15:35:29.304,0.6886,0.68877,1.00,1.50
2017.11.07 15:35:29.456,0.68859,0.68875,1.00,1.50
2017.11.07 15:35:30.064,0.68858,0.68875,1.00,1.50
2017.11.07 15:35:30.999,0.68859,0.68876,1.00,2.25
2017.11.07 15:35:31.307,0.68861,0.68877,1.00,1.50
2017.11.07 15:35:32.283,0.68859,0.68874,1.12,1.00
2017.11.07 15:35:32.537,0.68857,0.68874,1.00,1.00
2017.11.07 15:35:34.160,0.68856,0.68874,1.12,1.50
2017.11.07 15:35:34.211,0.68855,0.68872,1.00,1.00
2017.11.07 15:35:34.675,0.68854,0.6887,1.00,1.00
2017.11.07 15:35:34.777,0.68851,0.68869,1.12,1.50
2017.11.07 15:35:35.326,0.6885,0.68869,1.00,1.50
2017.11.07 15:35:35.377,0.68848,0.68869,1.10,1.00
2017.11.07 15:35:35.428,0.68849,0.68869,1.95,1.50
2017.11.07 15:35:35.956,0.68851,0.68869,1.00,2.25
2017.11.07 15:35:36.468,0.68852,0.68869,1.00,2.25
2017.11.07 15:35:37.151,0.68853,0.6887,1.00,2.25
2017.11.07 15:35:37.710,0.68852,0.6887,1.00,2.25
2017.11.07 15:35:38.336,0.68852,0.68869,1.00,1.00
2017.11.07 15:35:38.387,0.6885,0.68868,1.00,1.00
2017.11.07 15:35:38.780,0.68852,0.68869,1.00,2.25
2017.11.07 15:35:39.129,0.68849,0.68866,1.00,1.50
2017.11.07 15:35:39.435,0.68851,0.68867,1.00,1.50
2017.11.07 15:35:40.071,0.68851,0.68866,1.00,1.00
2017.11.07 15:35:40.760,0.6885,0.68866,1.00,1.00
2017.11.07 15:35:43.595,0.68851,0.68866,1.00,1.00
2017.11.07 15:35:43.646,0.68853,0.68871,1.00,2.32
2017.11.07 15:35:43.697,0.68853,0.68869,1.00,1.00
2017.11.07 15:35:43.966,0.68853,0.68871,1.37,1.00
2017.11.07 15:35:44.683,0.68854,0.6887,1.00,1.00
2017.11.07 15:35:45.318,0.68851,0.68869,1.87,1.00
2017.11.07 15:35:45.369,0.68852,0.68867,1.37,1.00
2017.11.07 15:35:45.471,0.6885,0.68866,1.00,1.00
2017.11.07 15:35:45.572,0.68848,0.68866,1.00,1.12
2017.11.07 15:35:45.870,0.6885,0.68868,1.50,1.12
2017.11.07 15:35:46.174,0.68854,0.68867,1.00,1.00
2017.11.07 15:35:46.489,0.68854,0.6887,1.00,1.50
2017.11.07 15:35:46.639,0.68857,0.6887,1.00,1.00
2017.11.07 15:35:46.906,0.68859,0.68873,1.00,1.00
2017.11.07 15:35:46.957,0.68861,0.68874,1.00,1.00
2017.11.07 15:35:48.896,0.68861,0.68876,1.00,1.00
2017.11.07 15:35:50.153,0.68862,0.68876,1.00,1.00
2017.11.07 15:35:51.204,0.68862,0.68877,1.00,1.00
2017.11.07 15:35:51.727,0.68862,0.68878,1.00,1.00
2017.11.07 15:35:53.118,0.68862,0.68876,1.00,1.00
2017.11.07 15:35:54.071,0.68861,0.68876,1.00,1.50
2017.11.07 15:35:54.437,0.68859,0.68874,1.00,1.00
2017.11.07 15:35:56.042,0.6886,0.68874,1.00,1.00
2017.11.07 15:35:56.556,0.68861,0.68878,1.00,1.50
2017.11.07 15:35:57.226,0.68862,0.68878,1.12,1.00
2017.11.07 15:36:00.422,0.68864,0.68878,1.00,1.00
2017.11.07 15:36:01.167,0.68862,0.68878,1.12,1.00
2017.11.07 15:36:03.631,0.68864,0.68878,1.00,1.00
2017.11.07 15:36:04.161,0.68864,0.68879,1.00,1.50
2017.11.07 15:36:05.144,0.68865,0.6888,1.00,1.00
2017.11.07 15:36:05.475,0.68869,0.68883,1.00,1.00
2017.11.07 15:36:06.141,0.68868,0.68884,1.00,1.00
2017.11.07 15:36:06.721,0.68868,0.68883,1.00,1.00
2017.11.07 15:36:07.183,0.6887,0.68884,1.00,1.00
2017.11.07 15:36:08.842,0.6887,0.68887,1.00,1.00
2017.11.07 15:36:09.330,0.68874,0.6889,1.00,1.50
2017.11.07 15:36:09.898,0.68875,0.68891,1.00,1.00
2017.11.07 15:36:11.052,0.68875,0.68888,1.00,1.00
2017.11.07 15:36:11.204,0.68876,0.68891,1.00,1.50
2017.11.07 15:36:17.419,0.68876,0.68892,1.00,1.00
2017.11.07 15:36:17.755,0.68878,0.68892,1.00,1.00
2017.11.07 15:36:17.959,0.68881,0.68896,1.00,1.00
2017.11.07 15:36:18.060,0.68883,0.68897,1.00,1.00
2017.11.07 15:36:18.643,0.68883,0.68896,1.00,1.00
2017.11.07 15:36:19.200,0.68883,0.68897,1.00,1.00
2017.11.07 15:36:21.330,0.68881,0.68897,1.00,1.00
2017.11.07 15:36:21.381,0.68882,0.68899,1.00,1.50
2017.11.07 15:36:24.776,0.68884,0.68899,1.00,1.50
2017.11.07 15:36:29.691,0.68886,0.689,1.00,1.00
2017.11.07 15:36:33.057,0.68886,0.68901,1.00,1.00
2017.11.07 15:36:33.561,0.68887,0.68902,1.00,1.50
2017.11.07 15:36:34.163,0.68888,0.68903,1.00,1.00
2017.11.07 15:36:34.265,0.68891,0.68907,1.00,1.00
2017.11.07 15:36:34.316,0.68893,0.68907,1.00,1.50
2017.11.07 15:36:34.966,0.68892,0.68907,1.00,1.00
2017.11.07 15:36:36.214,0.68887,0.68903,1.00,1.00
2017.11.07 15:36:36.720,0.68886,0.68902,1.00,1.00
2017.11.07 15:36:38.637,0.68888,0.68902,1.00,1.00
2017.11.07 15:36:41.240,0.68886,0.68902,1.12,1.00
2017.11.07 15:36:41.452,0.68884,0.68897,1.12,1.00
2017.11.07 15:36:42.000,0.68883,0.68897,1.00,1.00
2017.11.07 15:36:44.239,0.68883,0.689,1.00,1.50
2017.11.07 15:36:44.290,0.68885,0.689,1.00,1.50
2017.11.07 15:36:46.735,0.68883,0.689,1.00,1.50
2017.11.07 15:36:47.294,0.68882,0.68899,1.00,1.00
2017.11.07 15:36:47.726,0.68884,0.68899,1.00,1.00
2017.11.07 15:36:48.292,0.68884,0.689,1.00,1.00
2017.11.07 15:36:48.596,0.68886,0.689,1.00,1.00
2017.11.07 15:36:49.246,0.68885,0.689,1.00,1.00
2017.11.07 15:36:51.636,0.68884,0.689,1.00,1.00
2017.11.07 15:36:52.859,0.68885,0.68901,1.00,1.00
2017.11.07 15:36:53.401,0.68886,0.68901,1.00,1.00
2017.11.07 15:36:53.691,0.68886,0.68903,1.00,1.50
2017.11.07 15:36:53.743,0.68887,0.689,1.00,1.00
2017.11.07 15:36:53.930,0.68888,0.68904,1.00,1.00
2017.11.07 15:36:55.107,0.68889,0.68904,1.00,1.00
2017.11.07 15:36:55.551,0.68891,0.68904,1.00,1.00
2017.11.07 15:36:55.602,0.68889,0.68904,1.00,1.50
2017.11.07 15:36:56.169,0.68888,0.68903,1.00,1.00
2017.11.07 15:36:57.859,0.68886,0.68903,1.00,1.00
2017.11.07 15:36:57.960,0.68887,0.68901,1.00,1.00
2017.11.07 15:37:00.963,0.68886,0.68902,1.00,1.00
2017.11.07 15:37:01.307,0.68886,0.689,1.00,1.50
2017.11.07 15:37:02.479,0.68885,0.689,1.00,1.00
2017.11.07 15:37:02.843,0.68884,0.68898,1.00,1.00
2017.11.07 15:37:04.361,0.68885,0.68898,1.00,1.00
2017.11.07 15:37:06.073,0.68885,0.68899,1.00,1.00
2017.11.07 15:37:06.500,0.68888,0.68899,1.00,1.00
2017.11.07 15:37:06.551,0.68888,0.68902,1.00,1.00
2017.11.07 15:37:07.161,0.68887,0.68902,1.00,1.00
2017.11.07 15:37:07.668,0.68888,0.68902,1.00,1.00
2017.11.07 15:37:08.021,0.6889,0.68903,1.00,1.00
2017.11.07 15:37:08.637,0.68889,0.68903,1.00,1.00
2017.11.07 15:37:09.702,0.6889,0.68903,1.00,1.00
2017.11.07 15:37:10.224,0.68893,0.68906,1.00,1.00
2017.11.07 15:37:10.527,0.68898,0.68912,1.00,1.50
2017.11.07 15:37:10.629,0.68896,0.68912,1.00,1.00
2017.11.07 15:37:10.937,0.68898,0.68912,1.00,1.00
2017.11.07 15:37:12.026,0.68897,0.68912,1.00,1.00
2017.11.07 15:37:12.636,0.68896,0.68911,1.00,1.00
2017.11.07 15:37:13.140,0.68895,0.68911,1.50,1.00
2017.11.07 15:37:14.336,0.68896,0.68911,1.00,1.00
2017.11.07 15:37:16.110,0.68897,0.68911,1.00,1.00
2017.11.07 15:37:17.723,0.68896,0.68911,1.00,1.00
2017.11.07 15:37:18.831,0.68897,0.68911,1.00,1.00
2017.11.07 15:37:19.664,0.68897,0.68914,1.00,1.12
2017.11.07 15:37:20.204,0.68896,0.68913,1.00,1.00
2017.11.07 15:37:20.907,0.68897,0.68912,1.00,1.00
2017.11.07 15:37:21.085,0.68891,0.68909,1.47,1.00
2017.11.07 15:37:21.315,0.68895,0.68912,1.00,1.10
2017.11.07 15:37:21.840,0.68896,0.68913,1.00,1.00
2017.11.07 15:37:21.942,0.68898,0.68915,1.00,1.12
2017.11.07 15:37:22.262,0.68901,0.68916,1.00,1.00
2017.11.07 15:37:25.611,0.68901,0.68918,1.00,1.57
2017.11.07 15:37:27.245,0.689,0.68915,1.00,1.00
2017.11.07 15:37:27.572,0.68898,0.68913,1.00,1.00
2017.11.07 15:37:29.082,0.68897,0.68912,1.00,1.00
2017.11.07 15:37:29.133,0.68895,0.68912,1.50,1.00
2017.11.07 15:37:34.364,0.68895,0.68911,1.00,1.00
2017.11.07 15:37:34.897,0.68894,0.68909,1.00,1.00
2017.11.07 15:37:35.243,0.68892,0.68909,1.00,1.00
2017.11.07 15:37:36.889,0.68892,0.68909,1.50,1.00
2017.11.07 15:37:36.990,0.68895,0.68912,1.00,1.10
2017.11.07 15:37:37.696,0.68896,0.68913,1.00,1.00
2017.11.07 15:37:38.476,0.68896,0.68912,1.00,1.00
2017.11.07 15:37:39.121,0.68895,0.68912,1.12,1.00
2017.11.07 15:37:39.172,0.68892,0.68909,2.62,1.00
2017.11.07 15:37:39.500,0.68896,0.68911,1.00,1.00
2017.11.07 15:37:41.104,0.68897,0.68912,1.00,1.00
2017.11.07 15:37:41.155,0.68898,0.68915,1.00,1.37
2017.11.07 15:37:41.206,0.689,0.68915,1.00,1.37
2017.11.07 15:37:41.372,0.68902,0.68917,1.00,1.00
2017.11.07 15:37:42.286,0.689,0.68917,1.00,1.00
2017.11.07 15:37:42.574,0.68898,0.68913,1.37,1.00
2017.11.07 15:37:42.676,0.68895,0.68912,1.12,1.00
2017.11.07 15:37:43.216,0.68896,0.68913,1.12,1.12
2017.11.07 15:37:43.806,0.68898,0.68915,1.00,1.10
2017.11.07 15:37:46.423,0.68898,0.68913,1.00,1.00
2017.11.07 15:37:47.949,0.68896,0.68913,1.00,1.00
2017.11.07 15:37:48.404,0.68894,0.68908,1.00,1.00
2017.11.07 15:37:48.501,0.68895,0.6891,1.00,1.00
2017.11.07 15:37:48.754,0.68893,0.68908,1.00,1.00
2017.11.07 15:37:49.076,0.68891,0.68906,1.00,1.00
2017.11.07 15:37:49.401,0.68892,0.68908,1.00,1.00
2017.11.07 15:37:49.995,0.68892,0.68909,1.00,1.00
2017.11.07 15:37:50.512,0.68888,0.68905,1.12,1.00
2017.11.07 15:37:51.146,0.68889,0.68906,1.00,1.12
2017.11.07 15:37:51.772,0.68891,0.68908,1.12,1.00
2017.11.07 15:37:52.720,0.68893,0.68908,1.00,1.00
2017.11.07 15:37:54.534,0.68892,0.68907,1.00,1.00
2017.11.07 15:37:57.739,0.68893,0.68909,1.00,1.00
2017.11.07 15:37:59.022,0.68894,0.6891,1.00,1.00
2017.11.07 15:37:59.558,0.68893,0.6891,1.00,1.00
2017.11.07 15:38:01.501,0.68895,0.68909,1.00,1.00
2017.11.07 15:38:01.731,0.68893,0.6891,1.00,1.00
2017.11.07 15:38:02.745,0.68894,0.6891,1.00,1.00
2017.11.07 15:38:03.871,0.68894,0.68908,1.00,1.00
2017.11.07 15:38:04.372,0.68892,0.68909,1.00,1.00
2017.11.07 15:38:08.296,0.6889,0.68907,1.00,1.00
2017.11.07 15:38:08.707,0.68892,0.68909,1.00,1.87
2017.11.07 15:38:13.703,0.68886,0.68902,1.50,1.00
2017.11.07 15:38:14.232,0.68888,0.68902,1.00,1.50
2017.11.07 15:38:14.775,0.68887,0.68901,1.00,1.00
2017.11.07 15:38:16.899,0.68885,0.68902,1.00,1.00
2017.11.07 15:38:18.900,0.68886,0.68902,1.00,1.50
2017.11.07 15:38:19.105,0.68884,0.68901,1.00,1.00
2017.11.07 15:38:19.768,0.68884,0.689,1.00,1.50
2017.11.07 15:38:20.315,0.68884,0.68899,1.00,1.00
2017.11.07 15:38:20.875,0.68884,0.689,1.00,1.00
2017.11.07 15:38:22.939,0.68882,0.68899,1.00,1.00
2017.11.07 15:38:23.465,0.68883,0.68898,1.00,1.00
2017.11.07 15:38:24.847,0.68884,0.68898,1.00,1.00
2017.11.07 15:38:24.898,0.68884,0.689,1.00,1.50
2017.11.07 15:38:25.329,0.68883,0.68898,1.00,1.00
2017.11.07 15:38:28.320,0.68884,0.68898,1.00,1.50
2017.11.07 15:38:28.573,0.68881,0.68898,1.00,1.50
2017.11.07 15:38:29.209,0.68882,0.68898,1.00,1.50
2017.11.07 15:38:32.011,0.68881,0.68898,1.00,1.50
2017.11.07 15:38:32.923,0.68882,0.68898,1.00,1.00
2017.11.07 15:38:35.989,0.68883,0.68899,1.00,1.50
2017.11.07 15:38:36.141,0.68881,0.68898,1.00,1.00
2017.11.07 15:38:36.466,0.68886,0.68901,1.00,1.37
2017.11.07 15:38:36.517,0.68886,0.68902,1.00,1.57
2017.11.07 15:38:36.621,0.68882,0.68899,1.00,1.00
2017.11.07 15:38:37.644,0.68883,0.68899,1.00,1.00
2017.11.07 15:38:38.122,0.6888,0.68896,1.37,1.00
2017.11.07 15:38:38.450,0.68883,0.68898,1.00,1.00
2017.11.07 15:38:39.272,0.68882,0.68898,1.00,1.00
2017.11.07 15:38:39.324,0.68883,0.689,1.00,1.00
2017.11.07 15:38:39.610,0.68882,0.68898,1.00,1.00
2017.11.07 15:38:39.935,0.68879,0.68895,1.00,1.00
2017.11.07 15:38:41.330,0.6888,0.68895,1.00,1.00
2017.11.07 15:38:43.383,0.68879,0.68895,1.00,1.00
2017.11.07 15:38:43.900,0.68877,0.68894,1.37,1.00
2017.11.07 15:38:44.944,0.68877,0.68895,1.37,1.10
2017.11.07 15:38:45.928,0.6888,0.68895,1.00,1.20
2017.11.07 15:38:47.221,0.6888,0.68897,1.00,1.20
2017.11.07 15:38:47.722,0.68881,0.68898,1.00,1.10
2017.11.07 15:38:48.625,0.6888,0.68898,1.00,1.10
2017.11.07 15:38:49.172,0.68879,0.68897,1.12,1.00
2017.11.07 15:38:49.375,0.68882,0.68898,1.00,1.10
2017.11.07 15:38:49.799,0.6888,0.68898,1.00,1.00
2017.11.07 15:38:49.951,0.68878,0.68895,1.37,1.00
2017.11.07 15:38:50.002,0.68877,0.68895,1.12,1.00
2017.11.07 15:38:50.517,0.68878,0.68895,1.00,1.00
2017.11.07 15:38:51.270,0.68877,0.68895,1.12,1.00
2017.11.07 15:38:51.372,0.68876,0.68893,1.00,1.00
2017.11.07 15:38:51.606,0.68873,0.68891,1.12,1.00
2017.11.07 15:38:53.550,0.68871,0.68889,1.00,1.00
2017.11.07 15:38:55.790,0.68871,0.68888,1.00,1.00
2017.11.07 15:38:56.383,0.68871,0.68887,1.00,1.00
2017.11.07 15:38:56.586,0.68873,0.6889,1.00,1.00
2017.11.07 15:38:57.157,0.68872,0.68889,1.37,1.00
2017.11.07 15:38:57.309,0.68872,0.68887,1.12,1.00
2017.11.07 15:38:57.692,0.68871,0.68885,1.00,1.00
2017.11.07 15:38:57.959,0.68868,0.68885,1.12,1.00
2017.11.07 15:38:59.763,0.68868,0.68886,1.00,1.00
2017.11.07 15:39:00.631,0.68869,0.68886,1.00,1.00
2017.11.07 15:39:01.161,0.68869,0.68885,1.00,1.00
2017.11.07 15:39:01.778,0.68868,0.68885,1.00,1.00
2017.11.07 15:39:02.362,0.68867,0.68885,1.12,1.00
2017.11.07 15:39:02.901,0.68868,0.68885,1.00,1.00
2017.11.07 15:39:03.515,0.68868,0.68886,1.00,1.00
2017.11.07 15:39:03.833,0.68867,0.68883,1.00,1.00
2017.11.07 15:39:05.612,0.68868,0.68884,1.00,1.00
2017.11.07 15:39:05.663,0.68868,0.68886,1.00,1.00
2017.11.07 15:39:08.594,0.68869,0.68887,1.00,1.00
2017.11.07 15:39:09.484,0.68871,0.68886,1.00,1.00
2017.11.07 15:39:10.594,0.68871,0.68889,1.00,1.00
2017.11.07 15:39:10.851,0.68873,0.68889,1.00,1.00
2017.11.07 15:39:10.953,0.68871,0.68889,1.12,1.00
2017.11.07 15:39:11.206,0.68871,0.68887,1.12,1.00
2017.11.07 15:39:11.308,0.68872,0.68889,1.00,1.00
2017.11.07 15:39:12.159,0.68875,0.68891,1.00,1.12
2017.11.07 15:39:12.525,0.68877,0.68893,1.00,1.00
2017.11.07 15:39:13.776,0.68874,0.68892,1.12,1.00
2017.11.07 15:39:13.827,0.68872,0.6889,1.37,1.00
2017.11.07 15:39:14.030,0.6887,0.68888,1.00,1.00
2017.11.07 15:39:14.534,0.68869,0.68887,1.57,1.00
2017.11.07 15:39:15.545,0.68869,0.68885,1.00,1.00
2017.11.07 15:39:15.651,0.68866,0.68884,2.32,1.00
2017.11.07 15:39:16.201,0.68866,0.68884,1.00,1.50
2017.11.07 15:39:16.803,0.68867,0.68885,1.00,1.00
2017.11.07 15:39:17.293,0.6887,0.68885,1.00,1.00
2017.11.07 15:39:19.350,0.68869,0.68887,1.00,1.00
2017.11.07 15:39:20.198,0.6887,0.68888,1.00,1.87
2017.11.07 15:39:21.225,0.6887,0.68888,1.37,1.00
2017.11.07 15:39:21.846,0.6887,0.68888,1.47,1.00
2017.11.07 15:39:23.779,0.68871,0.68889,1.37,1.00
2017.11.07 15:39:26.080,0.68872,0.6889,1.12,1.00
2017.11.07 15:39:26.259,0.68875,0.6889,1.00,1.00
2017.11.07 15:39:26.412,0.68875,0.68892,1.00,1.50
2017.11.07 15:39:27.109,0.68875,0.68893,1.00,1.50
2017.11.07 15:39:30.176,0.68875,0.68892,1.00,1.00
2017.11.07 15:39:30.719,0.68875,0.68893,1.00,1.00
2017.11.07 15:39:32.505,0.68876,0.68894,1.00,1.00
2017.11.07 15:39:33.013,0.68874,0.6889,1.20,1.00
2017.11.07 15:39:33.597,0.68873,0.68891,1.12,1.00
2017.11.07 15:39:34.067,0.68875,0.68891,1.00,1.00
2017.11.07 15:39:34.220,0.68873,0.68891,1.20,1.00
2017.11.07 15:39:34.775,0.68873,0.68891,1.37,1.00
2017.11.07 15:39:35.570,0.68875,0.68892,1.12,1.00
2017.11.07 15:39:36.360,0.68876,0.68892,1.00,1.00
2017.11.07 15:39:36.531,0.68877,0.68895,1.00,1.12
2017.11.07 15:39:37.988,0.68878,0.68896,1.00,1.00
2017.11.07 15:39:38.039,0.6888,0.68898,1.00,1.20
2017.11.07 15:39:38.670,0.68881,0.68898,1.00,1.00
2017.11.07 15:39:39.360,0.6888,0.68898,1.50,1.00
2017.11.07 15:39:39.869,0.68879,0.68895,1.00,1.00
2017.11.07 15:39:40.174,0.68875,0.68891,1.12,1.00
2017.11.07 15:39:40.794,0.68875,0.6889,1.00,1.00
2017.11.07 15:39:40.895,0.68873,0.68892,1.37,1.00
2017.11.07 15:39:40.946,0.68873,0.68889,1.00,1.00
2017.11.07 15:39:41.452,0.68871,0.68889,1.57,1.00
2017.11.07 15:39:42.000,0.68873,0.68889,1.00,1.00
2017.11.07 15:39:42.944,0.68873,0.6889,1.00,1.50
2017.11.07 15:39:45.514,0.68872,0.6889,1.12,1.00
2017.11.07 15:39:45.977,0.68871,0.68888,1.37,1.00
2017.11.07 15:39:46.314,0.68872,0.68889,3.37,1.00
2017.11.07 15:39:46.467,0.68872,0.68891,1.47,1.50
2017.11.07 15:39:46.642,0.68875,0.68889,1.12,1.00
2017.11.07 15:39:46.693,0.68875,0.68891,1.12,1.00
2017.11.07 15:39:47.260,0.68876,0.68892,1.00,1.50
2017.11.07 15:39:48.017,0.68875,0.68891,1.12,1.00
2017.11.07 15:39:48.220,0.68873,0.6889,1.00,1.50
2017.11.07 15:39:48.822,0.68872,0.6889,1.00,1.50
2017.11.07 15:39:49.357,0.68873,0.68888,1.00,1.00
2017.11.07 15:39:49.408,0.68871,0.68889,1.12,1.50
2017.11.07 15:39:50.100,0.68874,0.68889,1.00,1.50
2017.11.07 15:39:51.568,0.68871,0.68889,1.00,1.50
2017.11.07 15:39:55.471,0.6887,0.68886,1.00,1.00
2017.11.07 15:39:55.824,0.68872,0.68888,1.00,1.00
2017.11.07 15:39:56.332,0.68871,0.68888,1.00,1.00
2017.11.07 15:39:57.001,0.68872,0.68889,1.00,1.50
2017.11.07 15:39:57.680,0.68871,0.68887,1.00,1.00
2017.11.07 15:39:58.253,0.68872,0.68887,1.00,1.00
2017.11.07 15:39:58.461,0.68873,0.68891,1.12,1.50
2017.11.07 15:39:58.962,0.68873,0.6889,1.00,1.00
2017.11.07 15:40:00.194,0.68873,0.68889,1.00,1.00
2017.11.07 15:40:02.287,0.68874,0.68891,1.00,1.00
2017.11.07 15:40:02.456,0.68872,0.6889,1.57,1.00
2017.11.07 15:40:02.699,0.68872,0.68887,1.00,1.00
2017.11.07 15:40:04.387,0.68871,0.68888,1.00,1.00
2017.11.07 15:40:04.995,0.68872,0.68888,1.00,1.00
2017.11.07 15:40:06.037,0.68872,0.68889,1.00,1.00
2017.11.07 15:40:06.539,0.68872,0.68888,1.00,1.00
2017.11.07 15:40:08.222,0.6887,0.68888,1.37,1.00
2017.11.07 15:40:08.589,0.68873,0.6889,1.00,1.00
2017.11.07 15:40:09.095,0.68873,0.68889,1.00,1.00
2017.11.07 15:40:09.433,0.68875,0.68889,1.00,1.00
2017.11.07 15:40:09.484,0.68875,0.68891,1.00,1.00
2017.11.07 15:40:09.535,0.68873,0.68891,1.50,1.00
2017.11.07 15:40:10.476,0.68874,0.68889,1.00,1.00
2017.11.07 15:40:10.716,0.68872,0.6889,1.50,1.00
2017.11.07 15:40:10.960,0.68872,0.68888,1.00,1.00
2017.11.07 15:40:11.916,0.68872,0.6889,1.50,1.00
2017.11.07 15:40:12.541,0.68873,0.6889,1.00,1.00
2017.11.07 15:40:12.774,0.68873,0.68888,1.00,1.00
2017.11.07 15:40:13.223,0.68871,0.68888,1.50,1.00
2017.11.07 15:40:13.274,0.68873,0.68889,1.00,1.00
2017.11.07 15:40:13.803,0.68872,0.6889,1.50,1.00
2017.11.07 15:40:14.427,0.68872,0.68889,1.50,1.00
2017.11.07 15:40:14.798,0.68874,0.6889,1.00,1.00
2017.11.07 15:40:15.186,0.68874,0.68888,1.00,1.00
2017.11.07 15:40:15.439,0.68873,0.6889,1.00,1.00
2017.11.07 15:40:16.058,0.68874,0.68891,1.00,1.00
2017.11.07 15:40:16.566,0.68874,0.68893,1.50,1.20
2017.11.07 15:40:16.618,0.68872,0.68891,1.00,1.87
2017.11.07 15:40:17.190,0.68872,0.68889,1.50,1.00
2017.11.07 15:40:17.757,0.68872,0.6889,1.50,1.12
2017.11.07 15:40:18.616,0.68873,0.6889,1.00,1.12
2017.11.07 15:40:19.125,0.68874,0.68889,1.00,1.00
2017.11.07 15:40:19.655,0.68873,0.68889,1.00,1.00
2017.11.07 15:40:20.181,0.68874,0.68889,1.00,1.00
2017.11.07 15:40:20.557,0.68876,0.68892,1.00,1.00
2017.11.07 15:40:20.608,0.68878,0.68894,1.00,1.00
2017.11.07 15:40:21.928,0.68878,0.68893,1.50,1.00
2017.11.07 15:40:22.030,0.68878,0.68895,1.00,1.00
2017.11.07 15:40:22.131,0.68878,0.68893,1.00,1.00
2017.11.07 15:40:22.536,0.68876,0.68893,1.50,1.00
2017.11.07 15:40:23.066,0.68877,0.68893,1.00,1.00
2017.11.07 15:40:23.597,0.68877,0.68894,1.50,1.00
2017.11.07 15:40:24.366,0.68878,0.68894,1.00,1.00
2017.11.07 15:40:26.327,0.68879,0.68894,1.00,1.00
2017.11.07 15:40:27.862,0.68879,0.68893,1.00,1.00
2017.11.07 15:40:29.297,0.68879,0.68895,1.00,1.00
2017.11.07 15:40:31.939,0.68879,0.68896,1.00,1.00
2017.11.07 15:40:32.349,0.68879,0.68893,1.00,1.00
2017.11.07 15:40:38.200,0.68879,0.68894,1.00,1.00
2017.11.07 15:40:39.979,0.68879,0.68895,1.00,1.00
2017.11.07 15:40:40.798,0.68879,0.68894,1.00,1.00
2017.11.07 15:40:41.563,0.68878,0.68893,1.00,1.00
2017.11.07 15:40:42.081,0.68877,0.68893,1.50,1.00
2017.11.07 15:40:42.605,0.68878,0.68893,1.00,1.00
2017.11.07 15:40:43.168,0.68878,0.68895,1.00,1.00
2017.11.07 15:40:45.258,0.68878,0.68894,1.50,1.00
2017.11.07 15:40:48.565,0.68879,0.68894,1.00,1.00
2017.11.07 15:40:49.209,0.68879,0.68895,1.00,1.00
2017.11.07 15:40:49.463,0.6888,0.689,1.00,1.00
2017.11.07 15:40:49.514,0.68883,0.68901,1.00,1.47
2017.11.07 15:40:49.821,0.68881,0.68896,1.00,1.00
2017.11.07 15:40:50.275,0.68881,0.68898,1.50,1.00
2017.11.07 15:40:50.478,0.6888,0.68895,1.20,1.00
2017.11.07 15:40:51.620,0.68881,0.68898,1.50,1.12
2017.11.07 15:40:52.136,0.68882,0.68897,1.00,1.00
2017.11.07 15:40:52.187,0.6888,0.68897,1.00,1.00
2017.11.07 15:40:53.040,0.6888,0.68898,1.50,1.00
2017.11.07 15:40:53.699,0.6888,0.68897,1.50,1.00
2017.11.07 15:40:54.165,0.68882,0.68899,1.00,1.12
2017.11.07 15:40:54.690,0.68883,0.689,1.50,1.00
2017.11.07 15:40:55.266,0.68884,0.689,1.00,1.00
2017.11.07 15:40:55.811,0.68883,0.689,1.00,1.00
2017.11.07 15:40:56.339,0.68883,0.68899,1.00,1.00
2017.11.07 15:40:59.570,0.68884,0.68899,1.00,1.00
2017.11.07 15:40:59.772,0.68882,0.68898,1.00,1.00
2017.11.07 15:41:00.313,0.68882,0.68897,1.00,1.00
2017.11.07 15:41:00.364,0.68881,0.68894,1.00,1.00
2017.11.07 15:41:00.465,0.68879,0.68894,1.00,1.00
2017.11.07 15:41:00.517,0.68879,0.68896,1.50,1.00
2017.11.07 15:41:00.821,0.6888,0.68894,1.00,1.00
2017.11.07 15:41:03.324,0.68881,0.68898,1.50,1.12
2017.11.07 15:41:03.968,0.68881,0.68897,1.50,1.00
2017.11.07 15:41:04.510,0.68881,0.68895,1.00,1.00
2017.11.07 15:41:05.059,0.6888,0.68896,1.00,1.00
2017.11.07 15:41:05.620,0.6888,0.68894,1.00,1.00
2017.11.07 15:41:05.966,0.6888,0.68896,1.00,1.00
2017.11.07 15:41:06.659,0.68879,0.68896,1.87,1.00
2017.11.07 15:41:07.440,0.68879,0.68894,1.87,1.00
2017.11.07 15:41:07.662,0.68882,0.689,1.50,1.00
2017.11.07 15:41:07.714,0.68884,0.68901,1.00,1.12
2017.11.07 15:41:08.018,0.68887,0.68902,1.50,1.00
2017.11.07 15:41:08.211,0.68885,0.68902,1.87,1.00
2017.11.07 15:41:09.437,0.68884,0.689,1.00,1.00
2017.11.07 15:41:10.000,0.68884,0.68901,1.00,1.00
2017.11.07 15:41:10.491,0.68884,0.68899,1.00,1.00
2017.11.07 15:41:14.793,0.68883,0.68899,1.00,1.00
2017.11.07 15:41:15.014,0.68881,0.68898,1.12,1.00
2017.11.07 15:41:15.065,0.68879,0.68894,1.00,1.00
2017.11.07 15:41:15.167,0.68877,0.68895,1.12,1.00
2017.11.07 15:41:16.251,0.68877,0.68894,1.87,1.00
2017.11.07 15:41:16.764,0.68877,0.68895,1.12,1.00
2017.11.07 15:41:18.002,0.6888,0.68897,1.12,1.00
2017.11.07 15:41:18.546,0.6888,0.68898,1.37,1.00
2017.11.07 15:41:19.114,0.68881,0.68898,1.37,1.00
2017.11.07 15:41:20.311,0.68881,0.68899,1.87,1.00
2017.11.07 15:41:24.182,0.68882,0.68899,1.87,1.00
2017.11.07 15:41:27.281,0.68886,0.68899,2.62,1.00
2017.11.07 15:41:27.333,0.68886,0.68902,1.37,1.00
2017.11.07 15:41:27.485,0.68885,0.68902,1.87,1.00
2017.11.07 15:41:27.587,0.68886,0.68903,2.62,1.00
2017.11.07 15:41:27.906,0.68886,0.68901,1.87,1.00
2017.11.07 15:41:29.946,0.68884,0.689,1.37,1.00
2017.11.07 15:41:29.997,0.68884,0.689,1.12,1.00
2017.11.07 15:41:32.792,0.68885,0.689,1.00,1.00
2017.11.07 15:41:33.291,0.68883,0.689,1.87,1.00
2017.11.07 15:41:33.892,0.68882,0.68899,1.87,1.00
2017.11.07 15:41:35.863,0.68884,0.68901,1.12,1.00
2017.11.07 15:41:36.067,0.68885,0.68902,1.87,1.00
2017.11.07 15:41:37.487,0.68887,0.68902,1.00,1.00
2017.11.07 15:41:38.237,0.68885,0.68902,1.87,1.00
2017.11.07 15:41:38.490,0.68882,0.689,2.62,1.00
2017.11.07 15:41:38.541,0.68882,0.689,1.87,1.00
2017.11.07 15:41:38.592,0.68883,0.68898,1.00,1.00
2017.11.07 15:41:39.138,0.68883,0.68899,1.00,1.00
2017.11.07 15:41:40.508,0.68883,0.68898,1.00,1.00
2017.11.07 15:41:41.096,0.68883,0.68899,1.12,1.00
2017.11.07 15:41:43.863,0.68884,0.68899,1.00,1.00
2017.11.07 15:41:43.966,0.68885,0.68901,1.00,1.00
2017.11.07 15:41:44.017,0.68882,0.68899,1.37,1.00
2017.11.07 15:41:44.217,0.68881,0.68899,1.00,1.00
2017.11.07 15:41:45.796,0.68883,0.68898,1.00,1.00
2017.11.07 15:41:46.327,0.6888,0.68896,1.12,1.00
2017.11.07 15:41:46.378,0.6888,0.68898,1.12,1.00
2017.11.07 15:41:47.337,0.6888,0.68897,1.12,1.00
2017.11.07 15:41:47.776,0.68882,0.68899,1.00,1.00
2017.11.07 15:41:48.297,0.68882,0.689,1.37,1.00
2017.11.07 15:41:48.630,0.68882,0.68897,1.00,1.00
2017.11.07 15:41:49.178,0.68882,0.68899,1.00,1.00
2017.11.07 15:41:49.755,0.68881,0.68898,1.00,1.00
2017.11.07 15:41:50.750,0.68879,0.68898,2.62,1.00
2017.11.07 15:41:51.301,0.68881,0.68897,1.00,1.00
2017.11.07 15:41:51.925,0.68883,0.68897,1.00,1.00
2017.11.07 15:41:54.245,0.6888,0.68894,1.00,1.00
2017.11.07 15:41:54.436,0.68876,0.68892,1.50,1.00
2017.11.07 15:41:54.488,0.68877,0.68894,1.50,1.00
2017.11.07 15:41:54.975,0.68877,0.68892,1.00,1.00
2017.11.07 15:41:55.285,0.68876,0.6889,1.00,1.00
2017.11.07 15:41:55.650,0.68876,0.68893,1.50,1.00
2017.11.07 15:41:56.249,0.68877,0.68895,1.12,1.00
2017.11.07 15:41:56.523,0.68879,0.68894,1.00,1.00
2017.11.07 15:41:57.047,0.68878,0.68894,1.00,1.00
2017.11.07 15:41:57.413,0.6888,0.68894,1.00,1.00
2017.11.07 15:41:59.216,0.6888,0.68892,1.00,1.00
2017.11.07 15:42:00.934,0.6888,0.68893,1.00,1.00
2017.11.07 15:42:05.051,0.6888,0.68895,1.00,1.00
2017.11.07 15:42:05.663,0.6888,0.68894,1.00,1.00
2017.11.07 15:42:06.247,0.68876,0.68893,1.50,1.00
2017.11.07 15:42:06.349,0.68878,0.68893,1.00,1.00
2017.11.07 15:42:06.607,0.68876,0.68894,1.50,1.00
2017.11.07 15:42:06.659,0.68879,0.68894,1.00,1.00
2017.11.07 15:42:07.522,0.68877,0.68894,1.00,1.00
2017.11.07 15:42:07.879,0.68877,0.68892,1.00,1.00
2017.11.07 15:42:08.493,0.68878,0.68893,1.00,1.00
2017.11.07 15:42:09.791,0.68875,0.68893,1.12,1.00
2017.11.07 15:42:10.395,0.68876,0.68893,1.12,1.00
2017.11.07 15:42:10.964,0.68876,0.68894,1.12,1.00
2017.11.07 15:42:13.375,0.68876,0.68893,1.12,1.00
2017.11.07 15:42:16.906,0.6888,0.68895,1.00,1.00
2017.11.07 15:42:17.161,0.68879,0.68897,1.37,1.00
2017.11.07 15:42:17.742,0.68879,0.68896,1.12,1.00
2017.11.07 15:42:18.370,0.68879,0.68895,1.12,1.00
2017.11.07 15:42:18.872,0.68881,0.68898,1.00,1.00
2017.11.07 15:42:19.075,0.68879,0.68896,1.12,1.00
2017.11.07 15:42:19.386,0.68879,0.68893,1.12,1.00
2017.11.07 15:42:20.082,0.68877,0.68894,1.00,1.00
2017.11.07 15:42:24.079,0.68879,0.68894,1.00,1.00
2017.11.07 15:42:26.872,0.68879,0.68896,1.00,1.00
2017.11.07 15:42:27.774,0.68879,0.68895,1.00,1.00
2017.11.07 15:42:28.587,0.68879,0.68896,1.00,1.00
2017.11.07 15:42:28.837,0.68881,0.68897,1.00,1.20
2017.11.07 15:42:29.931,0.68881,0.68898,1.00,1.50
2017.11.07 15:42:30.541,0.6888,0.68896,1.00,1.00
2017.11.07 15:42:31.117,0.68878,0.68893,1.12,1.00
2017.11.07 15:42:31.625,0.68879,0.68894,1.00,1.00
2017.11.07 15:42:32.649,0.68878,0.68894,1.12,1.50
2017.11.07 15:42:33.403,0.68878,0.68895,1.00,1.50
2017.11.07 15:42:34.430,0.68879,0.68895,1.00,1.50
2017.11.07 15:42:34.964,0.68879,0.68894,1.00,1.00
2017.11.07 15:42:37.584,0.68879,0.68893,1.00,1.00
2017.11.07 15:42:41.256,0.68878,0.68895,1.00,1.00
2017.11.07 15:42:43.277,0.68879,0.68893,1.00,1.00
2017.11.07 15:42:44.601,0.68878,0.68895,1.00,1.57
2017.11.07 15:42:45.155,0.68879,0.68893,1.00,1.00
2017.11.07 15:42:45.864,0.68878,0.68893,1.00,1.00
2017.11.07 15:42:47.183,0.68878,0.68894,1.00,1.00
2017.11.07 15:42:48.800,0.68878,0.68893,1.00,1.00
2017.11.07 15:42:50.693,0.68877,0.68893,1.00,1.00
2017.11.07 15:42:53.546,0.68877,0.68891,1.00,1.00
2017.11.07 15:42:54.242,0.68878,0.68892,1.00,1.00
2017.11.07 15:42:56.350,0.68877,0.68892,1.00,1.00
2017.11.07 15:43:01.477,0.68878,0.68892,1.00,1.00
2017.11.07 15:43:04.026,0.68877,0.68892,1.00,1.00
2017.11.07 15:43:04.340,0.6888,0.68895,1.00,1.00
2017.11.07 15:43:04.953,0.6888,0.68896,1.00,2.10
2017.11.07 15:43:05.684,0.68881,0.68896,1.00,2.10
2017.11.07 15:43:11.180,0.6888,0.68896,1.00,1.00
2017.11.07 15:43:11.559,0.68882,0.68896,1.00,1.50
2017.11.07 15:43:11.661,0.68878,0.68895,1.37,1.00
2017.11.07 15:43:12.267,0.6888,0.68896,1.00,2.25
2017.11.07 15:43:12.791,0.6888,0.68895,1.00,1.00
2017.11.07 15:43:12.943,0.68878,0.68895,1.00,1.50
2017.11.07 15:43:13.495,0.68879,0.68895,1.00,1.00
2017.11.07 15:43:14.113,0.68879,0.68894,1.00,1.00
2017.11.07 15:43:14.651,0.68879,0.68895,1.00,1.00
2017.11.07 15:43:15.627,0.6888,0.68895,1.00,1.00
2017.11.07 15:43:16.958,0.68882,0.68895,1.00,1.00
2017.11.07 15:43:19.522,0.68881,0.68895,1.00,1.00
2017.11.07 15:43:21.059,0.68882,0.68895,1.00,1.00
2017.11.07 15:43:21.110,0.68882,0.68897,1.00,1.57
2017.11.07 15:43:21.342,0.68881,0.68895,1.00,1.00
2017.11.07 15:43:21.528,0.68879,0.68895,1.00,1.00
2017.11.07 15:43:22.428,0.68881,0.68895,1.00,1.00
2017.11.07 15:43:23.010,0.6888,0.68895,1.00,1.00
2017.11.07 15:43:23.817,0.6888,0.68894,1.00,1.00
2017.11.07 15:43:24.950,0.6888,0.68895,1.00,1.00
2017.11.07 15:43:26.647,0.68881,0.68895,1.00,1.00
2017.11.07 15:43:28.390,0.6888,0.68895,1.00,1.00
2017.11.07 15:43:30.073,0.6888,0.68894,1.00,1.00
2017.11.07 15:43:33.588,0.68881,0.68894,1.00,1.00
2017.11.07 15:43:35.627,0.6888,0.68896,1.00,1.00
2017.11.07 15:43:36.154,0.68881,0.68896,1.00,1.00
2017.11.07 15:43:41.381,0.68882,0.68896,1.00,1.00
2017.11.07 15:43:47.904,0.68881,0.68897,1.00,1.35
2017.11.07 15:43:48.560,0.6888,0.68897,1.00,1.35
2017.11.07 15:43:49.301,0.68879,0.68897,1.00,1.35
2017.11.07 15:43:52.958,0.68878,0.68896,1.12,1.00
2017.11.07 15:43:53.278,0.68881,0.68897,1.00,2.85
2017.11.07 15:43:53.890,0.68882,0.68897,1.00,2.85
2017.11.07 15:43:54.739,0.68881,0.68897,1.00,2.10
2017.11.07 15:43:57.967,0.6888,0.68896,1.00,1.00
2017.11.07 15:43:59.310,0.68879,0.68896,1.00,1.50
2017.11.07 15:44:00.443,0.6888,0.68894,1.00,1.00
2017.11.07 15:44:00.495,0.68878,0.68895,1.12,1.50
2017.11.07 15:44:04.868,0.68879,0.68895,1.00,1.00
2017.11.07 15:44:05.773,0.68879,0.68894,1.00,1.00
2017.11.07 15:44:05.979,0.68875,0.68889,1.00,1.00
2017.11.07 15:44:06.422,0.68873,0.68888,1.00,1.00
2017.11.07 15:44:09.282,0.68872,0.68889,1.00,1.00
2017.11.07 15:44:09.498,0.68875,0.68889,1.00,1.00
2017.11.07 15:44:11.442,0.68876,0.68889,1.00,1.00
2017.11.07 15:44:13.920,0.68874,0.68889,1.00,1.50
2017.11.07 15:44:14.458,0.68875,0.68889,1.00,1.00
2017.11.07 15:44:15.763,0.68875,0.68891,1.00,1.00
2017.11.07 15:44:16.302,0.68876,0.68891,1.00,1.00
2017.11.07 15:44:17.099,0.68875,0.68891,1.00,1.00
2017.11.07 15:44:18.216,0.68874,0.6889,1.00,1.00
2017.11.07 15:44:18.418,0.68874,0.68888,1.00,1.00
2017.11.07 15:44:19.079,0.68873,0.68888,1.00,1.00
2017.11.07 15:44:19.989,0.68873,0.68887,1.00,1.00
2017.11.07 15:44:22.510,0.68874,0.68889,1.00,1.00
2017.11.07 15:44:22.561,0.68874,0.68891,1.50,1.50
2017.11.07 15:44:22.896,0.68876,0.68892,1.00,2.25
2017.11.07 15:44:23.688,0.68875,0.68892,1.50,2.25
2017.11.07 15:44:24.257,0.68875,0.68891,1.50,1.00
2017.11.07 15:44:25.047,0.68876,0.68891,1.00,1.00
2017.11.07 15:44:25.556,0.68877,0.68892,1.00,1.00
2017.11.07 15:44:26.470,0.68878,0.68892,1.00,1.00
2017.11.07 15:44:26.743,0.68876,0.68892,1.00,1.50
2017.11.07 15:44:26.973,0.68878,0.68893,1.00,1.10
2017.11.07 15:44:27.505,0.68877,0.68893,1.00,1.50
2017.11.07 15:44:28.819,0.68878,0.68893,1.00,1.00
2017.11.07 15:44:29.969,0.68879,0.68893,1.12,1.00
2017.11.07 15:44:30.312,0.68875,0.6889,1.00,1.00
2017.11.07 15:44:30.364,0.68875,0.68892,1.00,1.50
2017.11.07 15:44:30.516,0.68875,0.6889,1.00,1.00
2017.11.07 15:44:31.095,0.68876,0.6889,1.00,1.50
2017.11.07 15:44:32.350,0.68874,0.6889,1.00,1.00
2017.11.07 15:44:33.169,0.68874,0.68889,1.00,1.00
2017.11.07 15:44:33.427,0.68877,0.6889,1.00,1.00
2017.11.07 15:44:33.680,0.68875,0.68891,1.00,1.50
2017.11.07 15:44:33.781,0.68874,0.68889,1.50,1.00
2017.11.07 15:44:35.073,0.68874,0.68888,1.00,1.00
2017.11.07 15:44:35.839,0.68873,0.68888,1.50,1.00
2017.11.07 15:44:37.291,0.68874,0.68888,1.00,1.00
2017.11.07 15:44:39.321,0.68873,0.68888,1.50,1.00
2017.11.07 15:44:42.550,0.68874,0.68888,1.00,1.00
2017.11.07 15:44:44.045,0.68873,0.68888,1.50,1.00
2017.11.07 15:44:45.511,0.68875,0.68888,1.00,1.00
2017.11.07 15:44:45.613,0.68876,0.68891,1.00,1.00
2017.11.07 15:44:47.348,0.68877,0.68892,1.00,1.00
2017.11.07 15:44:47.868,0.68877,0.68891,1.00,1.00
2017.11.07 15:44:52.336,0.68877,0.68893,1.00,1.50
2017.11.07 15:44:52.921,0.68876,0.68893,1.87,1.50
2017.11.07 15:44:53.435,0.68876,0.68892,1.87,1.00
2017.11.07 15:44:54.436,0.68873,0.68889,1.00,1.00
2017.11.07 15:44:54.752,0.68872,0.68887,1.00,1.50
2017.11.07 15:44:55.293,0.68873,0.68887,1.00,1.50
2017.11.07 15:44:56.167,0.68871,0.68885,1.00,1.00
2017.11.07 15:44:57.113,0.68872,0.68885,1.00,1.00
2017.11.07 15:44:58.360,0.6887,0.68885,1.50,1.00
2017.11.07 15:44:58.596,0.68869,0.68883,1.00,1.50
2017.11.07 15:44:58.697,0.6887,0.68885,1.00,1.00
2017.11.07 15:44:58.799,0.68868,0.68882,1.00,1.00
2017.11.07 15:44:59.523,0.68868,0.68883,1.00,1.00
2017.11.07 15:45:00.033,0.68866,0.68883,1.87,1.00
2017.11.07 15:45:00.542,0.68868,0.68885,1.00,1.87
2017.11.07 15:45:01.193,0.68871,0.68885,1.00,1.00
2017.11.07 15:45:01.245,0.68872,0.68889,1.00,1.95
2017.11.07 15:45:01.718,0.6887,0.68885,1.00,1.00
2017.11.07 15:45:01.769,0.6887,0.68887,1.00,1.87
2017.11.07 15:45:01.820,0.68872,0.68886,1.00,1.00
2017.11.07 15:45:02.396,0.68871,0.68888,1.00,1.37
2017.11.07 15:45:03.002,0.68871,0.68888,1.00,1.00
2017.11.07 15:45:04.603,0.68873,0.68888,1.00,1.00
2017.11.07 15:45:04.957,0.68873,0.6889,1.00,1.50
2017.11.07 15:45:05.665,0.68873,0.68889,1.00,1.00
2017.11.07 15:45:05.717,0.68871,0.68888,1.87,1.00
2017.11.07 15:45:06.076,0.68873,0.6889,1.00,1.10
2017.11.07 15:45:06.425,0.68874,0.68888,1.00,1.00
2017.11.07 15:45:08.085,0.68874,0.6889,1.00,1.00
2017.11.07 15:45:09.170,0.68874,0.68888,1.00,1.00
2017.11.07 15:45:11.547,0.68872,0.68889,1.12,1.00
2017.11.07 15:45:13.839,0.68872,0.68888,1.12,1.00
2017.11.07 15:45:13.890,0.68872,0.68886,1.00,1.00
2017.11.07 15:45:14.778,0.68872,0.68889,1.00,1.00
2017.11.07 15:45:16.139,0.68872,0.68888,1.50,1.00
2017.11.07 15:45:16.190,0.6887,0.68886,1.87,1.00
2017.11.07 15:45:16.688,0.68872,0.68886,1.00,1.00
2017.11.07 15:45:19.175,0.68874,0.68889,1.00,1.10
2017.11.07 15:45:19.708,0.68874,0.6889,1.00,1.00
2017.11.07 15:45:20.308,0.68873,0.6889,1.00,1.00
2017.11.07 15:45:20.845,0.68871,0.68887,1.87,1.00
2017.11.07 15:45:21.149,0.6887,0.68884,1.00,1.00
2017.11.07 15:45:22.581,0.68873,0.68889,1.00,1.00
2017.11.07 15:45:23.315,0.68873,0.68888,1.00,1.00
2017.11.07 15:45:23.856,0.68873,0.68889,1.00,1.00
2017.11.07 15:45:24.400,0.68874,0.6889,1.00,1.00
2017.11.07 15:45:24.778,0.68877,0.68892,1.00,1.12
2017.11.07 15:45:25.299,0.68877,0.68894,1.00,1.00
2017.11.07 15:45:25.988,0.68877,0.68893,1.00,1.00
2017.11.07 15:45:26.524,0.68878,0.68894,1.00,1.00
2017.11.07 15:45:27.658,0.68879,0.68894,1.00,1.00
2017.11.07 15:45:34.777,0.6888,0.68894,1.00,1.00
2017.11.07 15:45:35.223,0.68878,0.68894,1.00,1.00
2017.11.07 15:45:35.890,0.68877,0.68893,1.50,1.00
2017.11.07 15:45:37.692,0.68877,0.68892,1.50,1.00
2017.11.07 15:45:39.485,0.68877,0.68893,1.50,1.00
2017.11.07 15:45:43.240,0.68877,0.68891,1.50,1.00
2017.11.07 15:45:43.292,0.68875,0.68891,1.00,1.50
2017.11.07 15:45:43.646,0.68874,0.68889,1.00,1.00
2017.11.07 15:45:43.697,0.6887,0.68886,1.12,1.00
2017.11.07 15:45:44.618,0.68869,0.68883,1.50,1.00
2017.11.07 15:45:45.091,0.68865,0.68882,1.37,1.00
2017.11.07 15:45:45.251,0.68868,0.68883,1.00,1.00
2017.11.07 15:45:45.776,0.68867,0.68884,1.00,1.12
2017.11.07 15:45:46.281,0.68868,0.68882,1.00,1.00
2017.11.07 15:45:46.452,0.68868,0.68884,1.00,1.87
2017.11.07 15:45:46.599,0.68868,0.68882,1.00,1.00
2017.11.07 15:45:47.274,0.68867,0.68882,1.00,1.00
2017.11.07 15:45:47.379,0.68868,0.68884,1.00,1.00
2017.11.07 15:45:47.621,0.68865,0.68881,1.37,1.00
2017.11.07 15:45:48.124,0.68868,0.68882,1.00,1.00
2017.11.07 15:45:49.062,0.68867,0.68883,1.00,1.00
2017.11.07 15:45:49.419,0.68869,0.68885,1.00,1.00
2017.11.07 15:45:50.273,0.68871,0.68885,1.00,1.00
2017.11.07 15:45:50.324,0.68871,0.68887,1.00,1.00
2017.11.07 15:45:50.426,0.68873,0.68888,1.00,1.00
2017.11.07 15:45:51.797,0.68876,0.6889,1.00,1.00
2017.11.07 15:45:55.358,0.68876,0.68893,1.00,1.00
2017.11.07 15:45:55.894,0.68877,0.68893,1.00,1.00
2017.11.07 15:45:56.471,0.68878,0.68894,1.00,1.00
2017.11.07 15:45:57.723,0.68875,0.68894,1.87,1.00
2017.11.07 15:45:57.872,0.68877,0.68891,1.00,1.00
2017.11.07 15:45:57.993,0.68877,0.68893,1.00,1.00
2017.11.07 15:45:58.102,0.68877,0.68891,1.00,1.00
2017.11.07 15:45:58.581,0.68874,0.6889,1.87,1.00
2017.11.07 15:45:58.783,0.68872,0.68888,1.50,1.00
2017.11.07 15:45:59.331,0.68874,0.68891,1.00,1.00
2017.11.07 15:45:59.858,0.68875,0.68891,1.00,1.00
2017.11.07 15:46:00.450,0.68874,0.6889,1.00,1.00
2017.11.07 15:46:00.989,0.68873,0.68889,1.50,1.00
2017.11.07 15:46:01.041,0.68874,0.68891,1.00,1.00
2017.11.07 15:46:01.583,0.68875,0.6889,1.00,1.00
2017.11.07 15:46:01.887,0.68877,0.68891,1.00,1.00
2017.11.07 15:46:02.166,0.68875,0.68891,1.00,1.00
2017.11.07 15:46:02.507,0.68877,0.68894,1.00,1.12
2017.11.07 15:46:03.032,0.68878,0.68894,1.00,1.00
2017.11.07 15:46:03.593,0.68879,0.68895,1.00,1.00
2017.11.07 15:46:03.987,0.68881,0.68897,1.00,1.00
2017.11.07 15:46:04.510,0.68882,0.68898,1.00,1.07
2017.11.07 15:46:04.806,0.68883,0.68899,1.00,1.57
2017.11.07 15:46:04.857,0.68883,0.68897,1.00,1.00
2017.11.07 15:46:04.908,0.68881,0.68897,1.50,1.00
2017.11.07 15:46:05.161,0.6888,0.68895,1.00,1.00
2017.11.07 15:46:05.213,0.68878,0.68895,1.00,1.00
2017.11.07 15:46:05.264,0.68876,0.68894,1.87,1.00
2017.11.07 15:46:05.745,0.68878,0.68893,1.00,1.00
2017.11.07 15:46:06.000,0.68876,0.68893,1.00,1.00
2017.11.07 15:46:06.556,0.68875,0.68893,1.12,1.00
2017.11.07 15:46:06.729,0.68875,0.6889,1.12,1.00
2017.11.07 15:46:07.270,0.68874,0.6889,1.00,1.00
2017.11.07 15:46:07.878,0.68873,0.68889,1.00,1.00
2017.11.07 15:46:07.979,0.68874,0.68891,1.12,1.00
2017.11.07 15:46:08.030,0.68877,0.68891,1.00,1.00
2017.11.07 15:46:08.081,0.68876,0.68893,1.00,1.00
2017.11.07 15:46:08.132,0.6888,0.68894,1.00,1.20
2017.11.07 15:46:08.234,0.6888,0.68896,1.00,1.10
2017.11.07 15:46:08.554,0.68882,0.68896,1.00,1.00
2017.11.07 15:46:09.025,0.68882,0.68898,1.00,1.00
2017.11.07 15:46:09.366,0.68882,0.68896,1.00,1.00
2017.11.07 15:46:09.784,0.6888,0.68896,1.00,1.00
2017.11.07 15:46:10.327,0.68881,0.68897,1.00,1.00
2017.11.07 15:46:10.378,0.68881,0.68895,1.00,1.00
2017.11.07 15:46:11.410,0.68881,0.68897,1.00,1.00
2017.11.07 15:46:13.314,0.68882,0.68899,1.00,1.00
2017.11.07 15:46:13.601,0.68886,0.689,1.00,1.00
2017.11.07 15:46:14.158,0.68875,0.68891,1.00,1.00
2017.11.07 15:46:14.615,0.68875,0.68889,1.00,1.00
2017.11.07 15:46:15.119,0.68876,0.6889,1.00,1.00
2017.11.07 15:46:15.621,0.68875,0.68889,1.50,1.00
2017.11.07 15:46:15.862,0.68879,0.68895,1.00,1.00
2017.11.07 15:46:15.913,0.68877,0.68893,1.00,1.00
2017.11.07 15:46:16.219,0.68879,0.68895,1.00,1.00
2017.11.07 15:46:16.425,0.68877,0.68894,1.00,1.00
2017.11.07 15:46:16.956,0.68879,0.68893,1.00,1.50
2017.11.07 15:46:17.480,0.68876,0.68892,1.00,1.00
2017.11.07 15:46:17.531,0.68878,0.68893,1.00,1.00
2017.11.07 15:46:17.685,0.68879,0.68895,1.00,1.12
2017.11.07 15:46:17.736,0.68879,0.68893,1.00,1.00
2017.11.07 15:46:18.263,0.68879,0.68894,1.00,1.00
2017.11.07 15:46:18.770,0.68878,0.68892,1.00,1.00
2017.11.07 15:46:19.330,0.68879,0.68893,1.00,1.00
2017.11.07 15:46:19.850,0.68878,0.68894,1.00,1.00
2017.11.07 15:46:20.279,0.6888,0.68894,1.00,1.50
2017.11.07 15:46:20.331,0.68878,0.68894,1.00,1.00
2017.11.07 15:46:21.515,0.68879,0.68894,1.00,1.00
2017.11.07 15:46:21.715,0.68879,0.68896,1.00,1.50
2017.11.07 15:46:21.767,0.68879,0.68894,1.00,1.00
2017.11.07 15:46:22.408,0.68878,0.68894,1.00,1.00
2017.11.07 15:46:23.251,0.68877,0.68894,1.00,1.50
2017.11.07 15:46:23.588,0.68879,0.68893,1.00,1.00
2017.11.07 15:46:24.132,0.68878,0.68892,1.00,1.00
2017.11.07 15:46:25.116,0.68879,0.68893,1.00,1.50
2017.11.07 15:46:25.167,0.68879,0.68895,1.00,1.50
2017.11.07 15:46:28.862,0.68879,0.68894,1.00,1.00
2017.11.07 15:46:32.848,0.6888,0.68896,1.00,1.50
2017.11.07 15:46:34.928,0.68881,0.68896,1.00,1.00
2017.11.07 15:46:34.979,0.68881,0.68898,1.00,1.87
2017.11.07 15:46:38.709,0.68882,0.68896,1.00,1.00
2017.11.07 15:46:41.451,0.68881,0.68895,1.00,1.00
2017.11.07 15:46:42.401,0.68881,0.68897,1.00,1.50
2017.11.07 15:46:43.399,0.68882,0.68898,1.00,1.50
2017.11.07 15:46:44.520,0.68883,0.68899,1.00,1.50
2017.11.07 15:46:45.046,0.68882,0.68898,1.00,1.50
2017.11.07 15:46:45.488,0.68885,0.68901,1.00,1.00
2017.11.07 15:46:45.996,0.68884,0.689,1.12,1.00
2017.11.07 15:46:46.579,0.68883,0.68899,1.37,1.00
2017.11.07 15:46:47.089,0.68885,0.68901,1.00,1.50
2017.11.07 15:46:47.344,0.68887,0.68902,1.00,1.00
2017.11.07 15:46:49.294,0.68887,0.68901,1.00,1.00
2017.11.07 15:46:49.944,0.68887,0.68902,1.00,1.50
2017.11.07 15:46:50.112,0.68884,0.689,1.50,1.00
2017.11.07 15:46:50.644,0.68885,0.68901,1.00,1.00
2017.11.07 15:46:50.815,0.68884,0.68899,1.50,1.00
2017.11.07 15:46:51.548,0.68883,0.68899,1.50,1.00
2017.11.07 15:46:52.125,0.68883,0.689,1.50,1.50
2017.11.07 15:46:52.507,0.68878,0.68894,1.50,1.00
2017.11.07 15:46:52.989,0.68878,0.68892,1.00,1.00
2017.11.07 15:46:53.266,0.68875,0.68891,1.00,1.00
2017.11.07 15:46:53.318,0.68879,0.68894,1.00,1.37
2017.11.07 15:46:53.374,0.6888,0.68895,1.00,1.00
2017.11.07 15:46:53.971,0.68879,0.68895,1.50,1.00
2017.11.07 15:47:04.774,0.68878,0.68894,1.50,1.00
2017.11.07 15:47:05.330,0.68878,0.68893,1.00,1.50
2017.11.07 15:47:05.516,0.68876,0.68893,1.00,1.50
2017.11.07 15:47:05.986,0.68874,0.6889,1.87,1.00
2017.11.07 15:47:06.139,0.68872,0.68889,1.87,1.50
2017.11.07 15:47:06.715,0.68872,0.68888,1.00,1.00
2017.11.07 15:47:07.282,0.68873,0.68889,1.00,1.50
2017.11.07 15:47:07.821,0.68872,0.68888,1.00,1.00
2017.11.07 15:47:08.616,0.68873,0.68889,1.00,1.00
2017.11.07 15:47:08.768,0.68873,0.68887,1.00,1.00
2017.11.07 15:47:08.971,0.68873,0.68889,1.00,1.50
2017.11.07 15:47:10.891,0.68874,0.68889,1.00,1.00
2017.11.07 15:47:11.043,0.68872,0.68888,1.00,1.50
2017.11.07 15:47:11.252,0.68875,0.68891,1.00,1.57
2017.11.07 15:47:11.557,0.68877,0.68892,1.00,1.00
2017.11.07 15:47:12.614,0.68876,0.68892,1.00,1.50
2017.11.07 15:47:13.207,0.68878,0.68892,1.00,1.50
2017.11.07 15:47:13.892,0.68875,0.6889,1.00,1.00
2017.11.07 15:47:14.582,0.68874,0.68889,1.12,1.00
2017.11.07 15:47:15.726,0.68874,0.6889,1.12,1.00
2017.11.07 15:47:15.998,0.68875,0.68888,1.00,1.00
2017.11.07 15:47:16.049,0.68875,0.68891,1.00,1.50
2017.11.07 15:47:16.103,0.6887,0.68884,1.12,1.00
2017.11.07 15:47:16.258,0.68865,0.68881,1.00,1.00
2017.11.07 15:47:16.361,0.68863,0.68881,1.12,1.00
2017.11.07 15:47:17.831,0.68861,0.68879,1.87,1.50
2017.11.07 15:47:18.288,0.68863,0.68881,1.87,1.00
2017.11.07 15:47:18.818,0.68866,0.68882,1.00,1.00
2017.11.07 15:47:19.197,0.68862,0.6888,1.95,1.00
2017.11.07 15:47:19.372,0.6886,0.68878,2.62,1.50
2017.11.07 15:47:20.511,0.68862,0.68878,1.00,1.00
2017.11.07 15:47:20.663,0.6886,0.68878,1.12,1.00
2017.11.07 15:47:20.816,0.6886,0.68876,1.12,1.00
2017.11.07 15:47:20.917,0.68861,0.68878,1.00,1.50
2017.11.07 15:47:21.070,0.68859,0.68876,1.00,1.00
2017.11.07 15:47:22.474,0.68859,0.68876,1.37,1.00
2017.11.07 15:47:22.678,0.6886,0.68878,1.37,1.50
2017.11.07 15:47:24.028,0.68861,0.68877,1.12,1.00
2017.11.07 15:47:24.827,0.68862,0.68878,1.00,1.50
2017.11.07 15:47:25.425,0.6886,0.68878,1.37,1.00
2017.11.07 15:47:25.926,0.6886,0.68878,1.12,1.00
2017.11.07 15:47:26.746,0.6886,0.68879,1.12,1.50
2017.11.07 15:47:26.797,0.68862,0.68879,1.00,1.00
2017.11.07 15:47:27.357,0.68862,0.68881,1.00,1.87
2017.11.07 15:47:28.077,0.68861,0.6888,1.00,1.20
2017.11.07 15:47:31.626,0.68861,0.6888,1.00,1.80
2017.11.07 15:47:31.677,0.68858,0.68878,1.00,2.10
2017.11.07 15:47:31.925,0.68857,0.68876,1.12,1.00
2017.11.07 15:47:33.012,0.68858,0.68876,1.00,1.00
2017.11.07 15:47:33.538,0.68857,0.68875,1.12,1.00
2017.11.07 15:47:33.843,0.6886,0.68878,1.00,1.00
2017.11.07 15:47:34.362,0.6886,0.68878,1.87,1.00
2017.11.07 15:47:34.902,0.6886,0.68877,1.87,1.00
2017.11.07 15:47:35.521,0.6886,0.68877,1.00,1.00
2017.11.07 15:47:36.055,0.6886,0.68877,1.37,1.00
2017.11.07 15:47:37.251,0.6886,0.68876,1.37,1.00
2017.11.07 15:47:37.613,0.68861,0.68878,1.12,1.00
2017.11.07 15:47:38.058,0.68864,0.68883,1.00,2.92
2017.11.07 15:47:38.579,0.68863,0.68881,1.12,1.00
2017.11.07 15:47:39.374,0.68863,0.6888,1.12,1.00
2017.11.07 15:47:39.921,0.68863,0.68879,1.12,1.00
2017.11.07 15:47:41.361,0.68863,0.68881,1.00,1.00
2017.11.07 15:47:42.947,0.68863,0.68879,1.50,1.00
2017.11.07 15:47:43.200,0.68859,0.68876,1.00,1.00
2017.11.07 15:47:43.251,0.68861,0.68877,1.00,1.00
2017.11.07 15:47:43.303,0.68861,0.68879,1.00,1.00
2017.11.07 15:47:43.739,0.68861,0.68877,1.50,1.00
2017.11.07 15:47:43.790,0.68862,0.6888,1.00,1.00
2017.11.07 15:47:44.189,0.6886,0.68878,1.87,1.00
2017.11.07 15:47:44.776,0.68861,0.68879,1.00,1.00
2017.11.07 15:47:45.332,0.6886,0.6888,1.95,1.00
2017.11.07 15:47:45.636,0.68858,0.68876,1.00,1.00
2017.11.07 15:47:46.172,0.68856,0.68873,1.47,1.00
2017.11.07 15:47:46.425,0.68857,0.68875,1.10,1.00
2017.11.07 15:47:48.400,0.68856,0.68874,1.95,1.00
2017.11.07 15:47:48.934,0.68858,0.68875,1.00,1.00
2017.11.07 15:47:49.187,0.68859,0.68877,1.00,1.50
2017.11.07 15:47:49.735,0.68859,0.68875,1.00,1.00
2017.11.07 15:47:50.636,0.68859,0.68876,1.00,1.00
2017.11.07 15:47:51.147,0.68859,0.68876,1.57,1.00
2017.11.07 15:47:51.592,0.68857,0.68875,1.57,1.00
2017.11.07 15:47:52.228,0.68857,0.68875,1.57,1.00
2017.11.07 15:47:52.847,0.68857,0.68874,1.57,1.00
2017.11.07 15:47:54.183,0.68858,0.68875,1.00,1.00
2017.11.07 15:47:54.802,0.68859,0.68875,1.00,1.00
2017.11.07 15:47:55.174,0.68861,0.68877,1.00,1.00
2017.11.07 15:47:55.860,0.68861,0.68878,1.37,1.00
2017.11.07 15:47:56.777,0.68862,0.6888,1.12,1.50
2017.11.07 15:48:00.244,0.68862,0.68878,1.12,1.00
2017.11.07 15:48:00.481,0.68859,0.68876,1.57,1.00
2017.11.07 15:48:00.894,0.68859,0.68874,1.00,1.00
2017.11.07 15:48:01.532,0.68858,0.68874,1.00,1.00
2017.11.07 15:48:01.583,0.68856,0.68874,1.00,1.50
2017.11.07 15:48:01.634,0.68856,0.68872,1.00,1.00
2017.11.07 15:48:01.963,0.68854,0.68872,1.00,1.50
2017.11.07 15:48:02.524,0.68854,0.68871,1.00,1.00
2017.11.07 15:48:03.804,0.68853,0.68871,1.12,1.50
2017.11.07 15:48:04.424,0.68852,0.68868,1.00,1.50
2017.11.07 15:48:05.076,0.68853,0.68868,1.00,1.00
2017.11.07 15:48:05.424,0.68852,0.6887,1.00,1.50
2017.11.07 15:48:11.512,0.68852,0.68868,1.00,1.00
2017.11.07 15:48:12.799,0.68853,0.68868,1.00,1.50
2017.11.07 15:48:13.982,0.68851,0.68868,1.00,1.00
2017.11.07 15:48:15.921,0.6885,0.68866,1.12,1.50
2017.11.07 15:48:16.254,0.68847,0.68862,1.00,1.00
2017.11.07 15:48:17.645,0.68846,0.68862,1.00,1.00
2017.11.07 15:48:18.236,0.68845,0.68861,1.12,1.00
2017.11.07 15:48:18.992,0.68847,0.68861,1.00,1.00
2017.11.07 15:48:19.347,0.68849,0.68861,1.00,1.00
2017.11.07 15:48:20.106,0.6885,0.68861,1.00,1.00
2017.11.07 15:48:20.700,0.68851,0.68861,1.00,1.00
2017.11.07 15:48:21.303,0.68851,0.68864,1.00,1.50
2017.11.07 15:48:22.066,0.6885,0.68864,1.00,1.00
2017.11.07 15:48:22.683,0.68851,0.68864,1.00,1.00
2017.11.07 15:48:24.717,0.6885,0.68864,1.00,1.50
2017.11.07 15:48:25.468,0.68849,0.68864,1.00,1.00
2017.11.07 15:48:26.321,0.6885,0.68864,1.00,1.50
2017.11.07 15:48:26.937,0.68848,0.68864,1.12,1.50
2017.11.07 15:48:27.718,0.68847,0.68862,1.10,1.00
2017.11.07 15:48:28.911,0.68846,0.68862,1.00,1.50
2017.11.07 15:48:29.229,0.68846,0.6886,1.00,1.50
2017.11.07 15:48:29.741,0.68846,0.68861,1.00,1.00
2017.11.07 15:48:30.665,0.68846,0.6886,1.00,1.00
2017.11.07 15:48:31.223,0.68846,0.68859,1.00,1.00
2017.11.07 15:48:31.610,0.68844,0.68859,1.00,1.00
2017.11.07 15:48:32.220,0.68843,0.68859,1.00,1.50
2017.11.07 15:48:33.599,0.68846,0.68859,1.00,1.00
2017.11.07 15:48:33.650,0.68846,0.68861,1.00,1.00
2017.11.07 15:48:34.169,0.68846,0.6886,1.00,1.00
2017.11.07 15:48:34.782,0.68847,0.6886,1.00,1.00
2017.11.07 15:48:35.048,0.68849,0.68861,1.00,1.00
2017.11.07 15:48:35.099,0.68847,0.68861,1.00,1.00
2017.11.07 15:48:35.954,0.68846,0.68861,1.00,1.00
2017.11.07 15:48:36.158,0.68848,0.68864,1.00,1.50
2017.11.07 15:48:36.209,0.68848,0.6886,1.00,1.00
2017.11.07 15:48:36.471,0.6885,0.68863,1.00,1.00
2017.11.07 15:48:37.859,0.68851,0.68867,1.00,1.50
2017.11.07 15:48:38.531,0.68852,0.68867,1.00,1.00
2017.11.07 15:48:39.261,0.68851,0.68867,1.12,1.50
2017.11.07 15:48:39.787,0.68852,0.68866,1.00,1.00
2017.11.07 15:48:41.968,0.68853,0.68866,1.00,1.50
2017.11.07 15:48:42.612,0.68851,0.68867,1.00,1.50
2017.11.07 15:48:42.754,0.68851,0.68865,1.00,1.00
2017.11.07 15:48:43.857,0.68852,0.68865,1.00,1.00
2017.11.07 15:48:43.959,0.68854,0.68868,1.00,1.00
2017.11.07 15:48:44.112,0.68852,0.68868,1.00,1.50
2017.11.07 15:48:44.648,0.68852,0.68867,1.00,1.00
2017.11.07 15:48:45.184,0.68853,0.68867,1.00,1.00
2017.11.07 15:48:45.369,0.68854,0.68869,1.50,1.00
2017.11.07 15:48:45.521,0.68856,0.68869,1.00,1.00
2017.11.07 15:48:45.826,0.68858,0.68869,1.00,1.00
2017.11.07 15:48:46.523,0.68858,0.6887,1.00,1.00
2017.11.07 15:48:48.494,0.68858,0.68869,1.00,1.00
2017.11.07 15:48:48.545,0.68856,0.68869,1.00,1.00
2017.11.07 15:48:49.466,0.68856,0.68868,1.00,1.00
2017.11.07 15:48:50.584,0.68856,0.6887,1.00,1.50
2017.11.07 15:48:54.868,0.68857,0.6887,1.00,1.00
2017.11.07 15:48:54.919,0.68856,0.68872,1.00,1.87
2017.11.07 15:48:55.448,0.68857,0.68872,1.00,1.00
2017.11.07 15:48:55.652,0.68859,0.68872,1.00,1.00
2017.11.07 15:48:55.755,0.68857,0.68873,1.00,1.00
2017.11.07 15:48:55.806,0.68857,0.68871,1.00,1.00
2017.11.07 15:48:56.516,0.68858,0.68871,1.00,1.00
2017.11.07 15:48:57.065,0.68857,0.68871,1.00,1.00
2017.11.07 15:48:57.117,0.68858,0.68873,1.00,1.00
2017.11.07 15:48:57.624,0.68857,0.68873,1.00,1.00
2017.11.07 15:48:57.817,0.68859,0.68875,1.00,1.50
2017.11.07 15:48:58.553,0.6886,0.68876,1.00,1.50
2017.11.07 15:48:58.857,0.68858,0.68873,1.00,1.00
2017.11.07 15:49:00.372,0.68858,0.68874,1.00,1.50
2017.11.07 15:49:01.531,0.68859,0.68874,1.00,1.00
2017.11.07 15:49:02.200,0.68859,0.68873,1.00,1.00
2017.11.07 15:49:04.801,0.68857,0.68873,1.00,1.00
2017.11.07 15:49:04.902,0.68857,0.68871,1.00,1.00
2017.11.07 15:49:05.451,0.68854,0.68871,1.75,1.00
2017.11.07 15:49:05.972,0.68855,0.68872,1.00,1.50
2017.11.07 15:49:06.514,0.68854,0.68871,1.00,1.50
2017.11.07 15:49:07.843,0.68853,0.6887,1.00,1.00
2017.11.07 15:49:09.239,0.68854,0.68871,1.00,1.00
2017.11.07 15:49:09.564,0.68856,0.68871,1.00,1.00
2017.11.07 15:49:09.918,0.68857,0.68873,1.00,1.00
2017.11.07 15:49:09.969,0.68857,0.68876,1.00,1.87
2017.11.07 15:49:10.020,0.68859,0.68876,1.12,1.50
2017.11.07 15:49:10.367,0.68855,0.68873,1.37,1.00
2017.11.07 15:49:10.549,0.68853,0.68873,3.07,1.50
2017.11.07 15:49:10.600,0.68853,0.6887,1.57,1.00
2017.11.07 15:49:11.126,0.68853,0.6887,1.00,1.00
2017.11.07 15:49:11.644,0.68853,0.68869,1.00,1.00
2017.11.07 15:49:12.006,0.68854,0.68872,1.00,1.00
2017.11.07 15:49:12.615,0.68854,0.68871,1.00,1.00
2017.11.07 15:49:13.168,0.68855,0.68872,1.00,1.00
2017.11.07 15:49:15.390,0.68855,0.68874,1.00,1.00
2017.11.07 15:49:15.943,0.68856,0.68875,1.00,1.35
2017.11.07 15:49:16.141,0.68857,0.68872,1.00,1.00
2017.11.07 15:49:17.592,0.68856,0.68874,1.50,1.00
2017.11.07 15:49:17.643,0.68859,0.68874,1.00,1.00
2017.11.07 15:49:17.694,0.6886,0.68877,1.50,1.37
2017.11.07 15:49:17.796,0.68861,0.68878,1.50,1.00
2017.11.07 15:49:19.412,0.68861,0.68879,1.50,1.00
2017.11.07 15:49:20.227,0.68862,0.6888,1.00,1.00
2017.11.07 15:49:21.424,0.68863,0.6888,1.00,1.00
2017.11.07 15:49:22.271,0.68863,0.68881,1.00,1.20
2017.11.07 15:49:22.620,0.68867,0.68882,1.00,1.00
2017.11.07 15:49:22.933,0.68868,0.68884,1.50,1.00
2017.11.07 15:49:25.761,0.68867,0.68884,1.87,1.00
2017.11.07 15:49:26.298,0.68866,0.68883,1.00,1.00
2017.11.07 15:49:27.057,0.68866,0.68884,1.00,1.00
2017.11.07 15:49:27.895,0.68866,0.68884,1.37,1.00
2017.11.07 15:49:27.945,0.68867,0.68882,1.12,1.00
2017.11.07 15:49:28.551,0.68867,0.68884,1.50,1.00
2017.11.07 15:49:29.058,0.68868,0.68885,1.00,1.00
2017.11.07 15:49:29.285,0.68867,0.68882,1.00,1.00
2017.11.07 15:49:29.544,0.68866,0.68885,1.12,1.00
2017.11.07 15:49:29.646,0.68866,0.68884,1.87,1.00
2017.11.07 15:49:30.172,0.68868,0.68885,1.12,1.00
2017.11.07 15:49:34.651,0.68869,0.68886,1.00,1.00
2017.11.07 15:49:35.256,0.6887,0.68886,1.00,1.00
2017.11.07 15:49:35.510,0.68867,0.68884,1.50,1.00
2017.11.07 15:49:40.307,0.68867,0.68885,1.00,1.00
2017.11.07 15:49:41.480,0.68869,0.68884,1.00,1.00
2017.11.07 15:49:41.582,0.68868,0.68886,1.00,1.00
2017.11.07 15:49:42.097,0.68869,0.68885,1.00,1.00
2017.11.07 15:49:42.940,0.68871,0.68886,1.00,1.00
2017.11.07 15:49:45.313,0.68869,0.68887,3.37,1.00
2017.11.07 15:49:47.416,0.68869,0.68886,1.12,1.00
2017.11.07 15:49:48.751,0.6887,0.68887,1.00,1.00
2017.11.07 15:49:49.272,0.6887,0.68888,1.00,1.00
2017.11.07 15:49:49.440,0.68871,0.68886,1.00,1.00
2017.11.07 15:49:49.491,0.6887,0.68888,1.00,1.00
2017.11.07 15:49:50.041,0.68871,0.68888,1.00,1.00
2017.11.07 15:49:50.554,0.6887,0.68888,1.00,1.00
2017.11.07 15:49:51.101,0.68869,0.68887,1.12,1.00
2017.11.07 15:49:51.614,0.6887,0.68887,1.00,1.00
2017.11.07 15:49:54.016,0.6887,0.68886,1.00,1.00
2017.11.07 15:49:54.337,0.68871,0.68888,1.00,1.00
2017.11.07 15:49:54.439,0.68872,0.6889,1.12,1.00
2017.11.07 15:49:55.129,0.68872,0.68889,1.12,1.00
2017.11.07 15:49:55.540,0.6887,0.68887,1.20,1.00
2017.11.07 15:49:55.872,0.68872,0.68889,1.00,1.00
2017.11.07 15:49:56.218,0.68872,0.68887,1.00,1.00
2017.11.07 15:49:56.559,0.6887,0.68887,1.20,1.00
2017.11.07 15:49:57.154,0.6887,0.68888,1.12,1.00
2017.11.07 15:49:57.667,0.68872,0.68889,1.00,1.00
2017.11.07 15:49:57.994,0.68871,0.68887,1.00,1.00
2017.11.07 15:49:58.247,0.68868,0.68885,1.00,1.50
2017.11.07 15:49:58.886,0.68867,0.68884,1.00,1.00
2017.11.07 15:49:59.412,0.68867,0.68885,1.00,1.50
2017.11.07 15:50:00.148,0.68867,0.68884,1.00,1.00
2017.11.07 15:50:00.459,0.6887,0.68885,1.00,1.50
2017.11.07 15:50:00.992,0.68871,0.68886,1.00,1.00
2017.11.07 15:50:01.055,0.68868,0.68885,1.37,1.00
2017.11.07 15:50:01.659,0.68868,0.68885,1.00,1.50
2017.11.07 15:50:03.141,0.68868,0.68884,1.00,1.00
2017.11.07 15:50:03.649,0.68867,0.68885,1.12,1.50
2017.11.07 15:50:03.801,0.68869,0.68885,1.00,1.50
2017.11.07 15:50:04.271,0.68867,0.68884,1.12,1.50
2017.11.07 15:50:04.589,0.68868,0.68885,1.37,1.50
2017.11.07 15:50:04.741,0.68871,0.68888,1.12,1.50
2017.11.07 15:50:05.197,0.68871,0.68886,1.00,1.00
2017.11.07 15:50:05.248,0.68871,0.68888,1.00,1.50
2017.11.07 15:50:05.985,0.68872,0.68889,1.00,1.50
2017.11.07 15:50:06.390,0.6887,0.68887,1.00,1.00
2017.11.07 15:50:06.905,0.68868,0.68886,1.37,1.00
2017.11.07 15:50:07.538,0.68869,0.68885,1.00,1.00
2017.11.07 15:50:08.111,0.68869,0.68886,1.00,1.00
2017.11.07 15:50:09.864,0.6887,0.68887,1.37,1.00
2017.11.07 15:50:10.404,0.68871,0.68888,1.12,1.00
2017.11.07 15:50:10.721,0.68873,0.68888,1.00,1.00
2017.11.07 15:50:11.327,0.68872,0.68888,1.12,1.00
2017.11.07 15:50:11.818,0.68875,0.68891,1.00,1.00
2017.11.07 15:50:12.448,0.68874,0.68892,1.37,1.50
2017.11.07 15:50:12.968,0.68876,0.68891,1.00,1.00
2017.11.07 15:50:13.382,0.68875,0.68893,1.12,1.50
2017.11.07 15:50:13.487,0.68878,0.68893,1.00,1.00
2017.11.07 15:50:14.063,0.68877,0.68894,1.37,1.00
2017.11.07 15:50:14.663,0.68877,0.68892,1.37,1.00
2017.11.07 15:50:14.765,0.68877,0.68894,1.37,1.00
2017.11.07 15:50:15.321,0.68877,0.68892,2.62,1.00
2017.11.07 15:50:15.704,0.68877,0.68894,1.37,1.50
2017.11.07 15:50:16.248,0.68877,0.68892,1.37,1.00
2017.11.07 15:50:16.299,0.68878,0.68894,1.12,1.00
2017.11.07 15:50:16.812,0.68876,0.68893,1.37,1.00
2017.11.07 15:50:17.471,0.68878,0.68894,1.12,1.50
2017.11.07 15:50:17.522,0.68877,0.68895,1.37,1.50
2017.11.07 15:50:18.026,0.68879,0.68894,1.37,1.00
2017.11.07 15:50:19.165,0.68879,0.68896,1.37,1.50
2017.11.07 15:50:19.701,0.68879,0.68894,1.37,1.00
2017.11.07 15:50:19.809,0.68878,0.68896,1.87,1.00
2017.11.07 15:50:19.932,0.68879,0.68894,1.37,1.00
2017.11.07 15:50:20.419,0.68878,0.68896,1.37,1.50
2017.11.07 15:50:20.603,0.68877,0.68894,1.87,1.00
2017.11.07 15:50:21.680,0.68877,0.68892,1.12,1.00
2017.11.07 15:50:21.782,0.68877,0.68895,1.12,1.00
2017.11.07 15:50:21.833,0.68879,0.68894,1.00,1.00
2017.11.07 15:50:22.506,0.68878,0.68895,1.00,1.00
2017.11.07 15:50:23.019,0.68879,0.68895,1.00,1.50
2017.11.07 15:50:23.699,0.68878,0.68895,1.00,1.00
2017.11.07 15:50:24.232,0.68879,0.68896,1.12,1.00
2017.11.07 15:50:24.764,0.68879,0.68897,1.12,1.00
2017.11.07 15:50:25.069,0.68879,0.68895,1.12,1.00
2017.11.07 15:50:25.575,0.6888,0.68895,1.00,1.50
2017.11.07 15:50:26.152,0.68878,0.68895,1.37,1.50
2017.11.07 15:50:26.713,0.68879,0.68894,1.12,1.00
2017.11.07 15:50:27.020,0.68879,0.68896,1.12,1.50
2017.11.07 15:50:30.126,0.68878,0.68895,1.37,1.50
2017.11.07 15:50:30.735,0.68879,0.68896,1.12,1.50
2017.11.07 15:50:31.505,0.68879,0.68894,1.12,1.00
2017.11.07 15:50:31.657,0.68878,0.68896,1.37,1.50
2017.11.07 15:50:32.194,0.68881,0.68897,1.00,1.50
2017.11.07 15:50:32.987,0.68881,0.68898,1.12,1.50
2017.11.07 15:50:34.223,0.6888,0.68896,1.37,1.00
2017.11.07 15:50:34.879,0.68879,0.68894,1.37,1.00
2017.11.07 15:50:35.032,0.68879,0.68896,1.37,1.00
2017.11.07 15:50:35.757,0.68878,0.68895,1.37,1.50
2017.11.07 15:50:35.808,0.68877,0.68893,1.12,1.00
2017.11.07 15:50:36.242,0.68877,0.68895,1.00,1.00
2017.11.07 15:50:36.394,0.6888,0.68895,1.00,1.00
2017.11.07 15:50:36.814,0.68878,0.68895,1.00,1.00
2017.11.07 15:50:37.353,0.68877,0.68894,1.12,1.00
2017.11.07 15:50:37.971,0.68878,0.68893,1.00,1.00
2017.11.07 15:50:38.072,0.68878,0.68895,1.00,1.00
2017.11.07 15:50:38.620,0.68878,0.68894,1.00,1.00
2017.11.07 15:50:39.357,0.68877,0.68895,1.00,1.50
2017.11.07 15:50:40.014,0.68876,0.68893,1.00,1.00
2017.11.07 15:50:40.593,0.68877,0.68894,1.00,1.00
2017.11.07 15:50:44.640,0.68879,0.68895,1.00,1.50
2017.11.07 15:50:44.894,0.68879,0.68897,1.00,1.50
2017.11.07 15:50:45.424,0.68879,0.68896,1.00,1.00
2017.11.07 15:50:45.915,0.68881,0.68897,1.00,1.00
2017.11.07 15:50:46.164,0.68879,0.68896,1.00,1.50
2017.11.07 15:50:49.144,0.68879,0.68895,1.00,1.00
2017.11.07 15:50:49.195,0.68877,0.68895,1.00,1.50
2017.11.07 15:50:49.543,0.68879,0.68896,1.00,1.50
2017.11.07 15:50:50.340,0.6888,0.68896,1.00,1.50
2017.11.07 15:50:50.743,0.68878,0.68896,1.00,1.50
2017.11.07 15:50:50.794,0.68878,0.68893,1.00,1.00
2017.11.07 15:50:51.098,0.68877,0.68895,1.00,1.87
2017.11.07 15:50:51.836,0.68879,0.68894,1.00,1.00
2017.11.07 15:50:54.123,0.68878,0.68896,1.00,1.50
2017.11.07 15:50:54.626,0.68879,0.68896,1.00,1.00
2017.11.07 15:50:55.173,0.68879,0.68897,1.00,1.00
2017.11.07 15:50:56.061,0.6888,0.68897,1.00,1.00
2017.11.07 15:50:56.112,0.6888,0.68895,1.00,1.00
2017.11.07 15:50:56.672,0.68881,0.68896,1.00,1.00
2017.11.07 15:50:57.197,0.68879,0.68896,1.37,1.00
2017.11.07 15:50:58.585,0.68878,0.68896,1.12,1.50
2017.11.07 15:50:58.686,0.68879,0.68896,1.37,1.00
2017.11.07 15:51:00.053,0.68879,0.68896,1.12,1.00
2017.11.07 15:51:00.359,0.68874,0.6889,1.50,1.00
2017.11.07 15:51:00.664,0.68873,0.68888,1.00,1.00
2017.11.07 15:51:00.715,0.68871,0.68888,1.12,1.00
2017.11.07 15:51:00.868,0.68873,0.68888,1.00,1.00
2017.11.07 15:51:01.471,0.68872,0.68888,1.00,1.00
2017.11.07 15:51:02.053,0.68871,0.68888,1.12,1.50
2017.11.07 15:51:02.600,0.68872,0.68888,1.00,1.00
2017.11.07 15:51:03.151,0.68871,0.68888,1.00,1.00
2017.11.07 15:51:03.633,0.68871,0.68886,1.00,1.00
2017.11.07 15:51:04.000,0.68868,0.68886,1.12,1.50
2017.11.07 15:51:04.507,0.68868,0.68885,1.12,1.50
2017.11.07 15:51:05.618,0.68867,0.68884,1.00,1.50
2017.11.07 15:51:06.216,0.68868,0.68885,1.12,1.50
2017.11.07 15:51:06.854,0.68869,0.68884,1.00,1.00
2017.11.07 15:51:06.905,0.68867,0.68884,1.00,1.50
2017.11.07 15:51:07.399,0.68867,0.68882,1.00,1.00
2017.11.07 15:51:07.511,0.68866,0.68884,1.12,1.00
2017.11.07 15:51:07.653,0.68866,0.68882,1.12,1.00
2017.11.07 15:51:08.183,0.68865,0.68883,1.87,1.00
2017.11.07 15:51:09.539,0.68865,0.68882,2.62,1.50
2017.11.07 15:51:09.878,0.68865,0.6888,1.00,1.50
2017.11.07 15:51:09.929,0.68863,0.6888,1.00,2.25
2017.11.07 15:51:10.458,0.68863,0.6888,1.37,1.50
2017.11.07 15:51:11.429,0.68864,0.68879,1.12,1.00
2017.11.07 15:51:11.949,0.68864,0.6888,1.00,1.00
2017.11.07 15:51:12.311,0.68865,0.68882,1.00,1.50
2017.11.07 15:51:12.869,0.68865,0.68883,1.00,1.50
2017.11.07 15:51:13.388,0.68864,0.68882,1.12,1.00
2017.11.07 15:51:13.439,0.68866,0.68883,1.00,2.25
2017.11.07 15:51:13.970,0.68865,0.68881,1.00,1.00
2017.11.07 15:51:14.072,0.68866,0.68883,1.00,2.25
2017.11.07 15:51:14.174,0.68864,0.68881,1.12,1.00
2017.11.07 15:51:14.599,0.68866,0.68881,1.00,1.00
2017.11.07 15:51:14.751,0.68864,0.68882,1.00,1.50
2017.11.07 15:51:15.348,0.68863,0.68881,1.37,1.00
2017.11.07 15:51:15.399,0.68862,0.68879,1.45,1.50
2017.11.07 15:51:15.501,0.68862,0.68877,1.00,1.00
2017.11.07 15:51:16.005,0.68862,0.68879,1.00,1.50
2017.11.07 15:51:16.363,0.68864,0.68881,1.00,1.00
2017.11.07 15:51:17.674,0.68864,0.6888,1.00,1.00
2017.11.07 15:51:18.405,0.68864,0.68879,1.00,1.00
2017.11.07 15:51:19.109,0.68863,0.6888,1.12,1.50
2017.11.07 15:51:20.281,0.68865,0.68881,1.00,2.25
2017.11.07 15:51:20.434,0.68867,0.68885,1.00,1.50
2017.11.07 15:51:20.486,0.68868,0.68883,1.12,1.00
2017.11.07 15:51:21.625,0.68868,0.68885,1.12,1.50
2017.11.07 15:51:22.140,0.6887,0.68885,1.00,1.50
2017.11.07 15:51:22.419,0.68868,0.68885,1.12,1.50
2017.11.07 15:51:23.176,0.68868,0.68885,1.37,1.00
2017.11.07 15:51:23.704,0.68868,0.68884,1.37,1.00
2017.11.07 15:51:24.251,0.68868,0.68885,1.37,1.00
2017.11.07 15:51:25.536,0.68868,0.68885,1.00,1.50
2017.11.07 15:51:26.274,0.68868,0.68884,1.00,1.00
2017.11.07 15:51:27.112,0.68868,0.68885,1.00,1.50
2017.11.07 15:51:27.734,0.68868,0.68885,1.37,2.25
2017.11.07 15:51:29.510,0.68868,0.68886,1.37,2.25
2017.11.07 15:51:30.033,0.68868,0.68885,1.00,1.50
2017.11.07 15:51:30.576,0.68868,0.68886,1.12,2.25
2017.11.07 15:51:30.997,0.68869,0.68884,1.00,1.00
2017.11.07 15:51:31.150,0.68869,0.68886,1.37,1.00
2017.11.07 15:51:31.710,0.68869,0.68886,1.00,1.00
2017.11.07 15:51:32.323,0.68869,0.68885,1.00,1.00
2017.11.07 15:51:32.577,0.6887,0.68885,1.37,1.00
2017.11.07 15:51:33.478,0.6887,0.68884,1.00,1.00
2017.11.07 15:51:33.985,0.68869,0.68884,1.00,1.00
2017.11.07 15:51:35.096,0.68869,0.68885,1.00,1.00
2017.11.07 15:51:35.506,0.68872,0.68885,1.00,1.00
2017.11.07 15:51:35.860,0.68873,0.68887,1.00,1.00
2017.11.07 15:51:35.912,0.68874,0.68889,1.00,1.50
2017.11.07 15:51:36.337,0.68871,0.68888,1.87,1.50
2017.11.07 15:51:36.880,0.68871,0.68887,1.12,1.00
2017.11.07 15:51:37.163,0.68871,0.68889,1.12,2.25
2017.11.07 15:51:38.339,0.68872,0.68889,1.00,2.25
2017.11.07 15:51:38.992,0.68871,0.68889,1.00,2.25
2017.11.07 15:51:39.231,0.68873,0.68889,1.00,1.00
2017.11.07 15:51:40.538,0.68874,0.68889,1.00,1.00
2017.11.07 15:51:40.842,0.68873,0.68886,1.00,1.00
2017.11.07 15:51:40.994,0.68872,0.68888,1.12,1.00
2017.11.07 15:51:41.538,0.6887,0.68887,1.87,1.50
2017.11.07 15:51:41.589,0.68869,0.68886,1.37,1.00
2017.11.07 15:51:41.640,0.68868,0.68884,2.25,1.00
2017.11.07 15:51:41.693,0.68868,0.68885,2.25,1.50
2017.11.07 15:51:42.197,0.68868,0.68884,1.12,1.00
2017.11.07 15:51:42.766,0.68867,0.68883,1.00,1.00
2017.11.07 15:51:43.228,0.68869,0.68884,1.00,2.25
2017.11.07 15:51:43.488,0.68867,0.68884,1.12,2.25
2017.11.07 15:51:43.989,0.68868,0.68884,1.00,1.50
2017.11.07 15:51:44.615,0.68867,0.68883,1.00,1.00
2017.11.07 15:51:45.119,0.68866,0.68882,1.00,1.00
2017.11.07 15:51:45.643,0.68866,0.68881,1.00,1.00
2017.11.07 15:51:45.922,0.68864,0.68879,1.00,1.00
2017.11.07 15:51:45.973,0.6886,0.68879,1.47,2.25
2017.11.07 15:51:46.025,0.68857,0.68879,1.95,2.25
2017.11.07 15:51:46.076,0.68863,0.68879,1.00,1.00
2017.11.07 15:51:46.178,0.68863,0.68881,1.37,2.25
2017.11.07 15:51:46.835,0.68863,0.6888,1.37,1.00
2017.11.07 15:51:46.887,0.68862,0.68878,1.37,1.00
2017.11.07 15:51:46.989,0.68862,0.68878,1.00,1.50
2017.11.07 15:51:47.427,0.68864,0.68878,1.00,1.50
2017.11.07 15:51:47.874,0.68862,0.68878,1.12,2.25
2017.11.07 15:51:47.926,0.68861,0.68876,1.00,1.00
2017.11.07 15:51:48.125,0.68859,0.68876,1.00,1.50
2017.11.07 15:51:48.176,0.68862,0.68876,1.00,1.00
2017.11.07 15:51:48.616,0.68858,0.68876,1.37,1.50
2017.11.07 15:51:49.091,0.68858,0.68874,1.00,1.00
2017.11.07 15:51:49.433,0.68862,0.68876,1.00,1.00
2017.11.07 15:51:49.964,0.68862,0.68877,1.00,1.00
2017.11.07 15:51:51.508,0.68861,0.68877,1.12,1.00
2017.11.07 15:51:51.789,0.68859,0.68876,1.12,1.00
2017.11.07 15:51:52.296,0.68858,0.68875,1.00,1.00
2017.11.07 15:51:52.813,0.68859,0.68874,1.00,1.00
2017.11.07 15:51:53.012,0.68857,0.68875,1.00,2.25
2017.11.07 15:51:53.432,0.6886,0.68875,1.00,1.50
2017.11.07 15:51:53.705,0.68858,0.68875,1.00,1.50
2017.11.07 15:51:54.216,0.68857,0.68873,1.00,1.00
2017.11.07 15:51:54.562,0.68859,0.68873,1.00,1.00
2017.11.07 15:51:54.719,0.68859,0.68875,1.00,1.00
2017.11.07 15:51:54.930,0.68858,0.68873,1.00,1.00
2017.11.07 15:51:55.369,0.6886,0.68873,1.00,1.00
2017.11.07 15:51:55.702,0.68858,0.68873,1.00,1.00
2017.11.07 15:51:56.217,0.68859,0.68873,1.00,1.00
2017.11.07 15:51:56.739,0.6886,0.68876,1.00,1.50
2017.11.07 15:51:57.257,0.68859,0.68876,1.00,1.50
2017.11.07 15:51:57.801,0.68858,0.68876,1.00,2.25
2017.11.07 15:51:57.973,0.68858,0.68874,1.00,1.00
2017.11.07 15:51:58.766,0.68859,0.68874,1.00,1.50
2017.11.07 15:51:59.129,0.68856,0.68874,1.00,1.50
2017.11.07 15:51:59.281,0.68857,0.68872,1.00,1.00
2017.11.07 15:51:59.787,0.68856,0.68873,1.00,1.00
2017.11.07 15:52:00.424,0.68856,0.68874,1.00,1.50
2017.11.07 15:52:01.151,0.68856,0.68872,1.00,1.00
2017.11.07 15:52:01.303,0.68857,0.68875,1.12,2.25
2017.11.07 15:52:01.405,0.68857,0.68873,1.12,1.00
2017.11.07 15:52:01.932,0.68858,0.68874,1.00,1.50
2017.11.07 15:52:02.418,0.68856,0.68872,1.00,1.50
2017.11.07 15:52:03.085,0.68858,0.68872,1.00,1.00
2017.11.07 15:52:03.136,0.68856,0.68872,1.00,1.00
2017.11.07 15:52:04.000,0.68854,0.68871,1.12,1.00
2017.11.07 15:52:04.102,0.68854,0.68869,1.12,1.00
2017.11.07 15:52:04.204,0.68856,0.68872,1.00,1.57
2017.11.07 15:52:04.835,0.68857,0.68872,1.00,1.00
2017.11.07 15:52:05.496,0.68858,0.68872,1.00,1.00
2017.11.07 15:52:05.701,0.68862,0.68872,1.00,1.00
2017.11.07 15:52:05.753,0.68863,0.68878,1.00,3.37
2017.11.07 15:52:05.907,0.68865,0.68879,1.00,1.00
2017.11.07 15:52:05.958,0.68863,0.68879,1.00,1.00
2017.11.07 15:52:06.541,0.68864,0.6888,1.00,1.50
2017.11.07 15:52:07.353,0.68863,0.6888,1.12,1.50
2017.11.07 15:52:07.454,0.68865,0.6888,1.00,1.00
2017.11.07 15:52:07.505,0.68863,0.6888,1.00,1.50
2017.11.07 15:52:07.700,0.68862,0.68877,1.12,1.00
2017.11.07 15:52:08.005,0.68865,0.68879,1.00,1.00
2017.11.07 15:52:08.324,0.68863,0.68879,1.00,1.50
2017.11.07 15:52:08.645,0.68861,0.68879,1.00,1.50
2017.11.07 15:52:08.748,0.68863,0.68879,1.00,1.50
2017.11.07 15:52:08.799,0.68861,0.68879,1.00,1.00
2017.11.07 15:52:09.085,0.6886,0.68877,1.00,1.00
2017.11.07 15:52:09.928,0.6886,0.68875,1.00,1.00
2017.11.07 15:52:10.440,0.6886,0.68874,1.00,1.00
2017.11.07 15:52:10.541,0.6886,0.68876,1.00,1.00
2017.11.07 15:52:11.071,0.68861,0.68876,1.00,1.00
2017.11.07 15:52:11.586,0.68859,0.68875,1.00,1.00
2017.11.07 15:52:13.865,0.68861,0.68875,1.00,1.00
2017.11.07 15:52:14.170,0.68862,0.68878,1.00,1.00
2017.11.07 15:52:14.221,0.6886,0.68875,1.00,1.00
2017.11.07 15:52:14.538,0.68863,0.68876,1.00,1.00
2017.11.07 15:52:14.589,0.68861,0.68876,1.00,1.00
2017.11.07 15:52:15.318,0.68862,0.68876,1.00,1.00
2017.11.07 15:52:15.607,0.68862,0.68878,1.00,1.00
2017.11.07 15:52:15.658,0.68862,0.68876,1.00,1.00
2017.11.07 15:52:16.223,0.68863,0.68877,1.00,1.00
2017.11.07 15:52:17.232,0.68863,0.68879,1.00,1.50
2017.11.07 15:52:18.078,0.68862,0.68879,1.00,2.25
2017.11.07 15:52:19.878,0.68861,0.68875,1.12,1.00
2017.11.07 15:52:20.204,0.68863,0.68876,1.00,1.00
2017.11.07 15:52:20.559,0.68861,0.68877,1.12,1.00
2017.11.07 15:52:20.903,0.68863,0.68877,1.00,1.00
2017.11.07 15:52:22.673,0.6886,0.68875,1.37,1.50
2017.11.07 15:52:23.063,0.68858,0.68874,1.00,1.00
2017.11.07 15:52:27.071,0.68858,0.68875,1.00,1.50
2017.11.07 15:52:27.194,0.68857,0.68872,1.00,1.00
2017.11.07 15:52:27.814,0.68856,0.68872,1.00,1.00
2017.11.07 15:52:28.343,0.68856,0.68871,1.00,1.00
2017.11.07 15:52:28.981,0.68854,0.6887,1.00,1.00
2017.11.07 15:52:29.866,0.68856,0.6887,1.00,1.00
2017.11.07 15:52:30.434,0.68855,0.6887,1.00,1.00
2017.11.07 15:52:30.797,0.68855,0.68868,1.00,1.00
2017.11.07 15:52:31.401,0.68854,0.68869,1.00,1.00
2017.11.07 15:52:32.119,0.68852,0.68869,1.00,1.00
2017.11.07 15:52:32.321,0.68852,0.68867,1.00,1.00
2017.11.07 15:52:32.714,0.68853,0.68869,1.00,1.00
2017.11.07 15:52:33.640,0.68854,0.68869,1.00,1.50
2017.11.07 15:52:34.188,0.68855,0.6887,1.00,1.50
2017.11.07 15:52:35.619,0.68854,0.6887,1.00,1.00
2017.11.07 15:52:36.124,0.68855,0.6887,1.00,1.00
2017.11.07 15:52:36.652,0.68853,0.6887,1.50,1.00
2017.11.07 15:52:37.194,0.68851,0.68869,1.12,1.57
2017.11.07 15:52:37.600,0.68851,0.68867,1.00,1.00
2017.11.07 15:52:37.934,0.68854,0.68867,1.00,1.00
2017.11.07 15:52:37.987,0.68853,0.68869,1.50,1.20
2017.11.07 15:52:38.493,0.68852,0.68868,1.00,1.00
2017.11.07 15:52:39.035,0.68853,0.68868,1.00,1.00
2017.11.07 15:52:39.551,0.68853,0.68869,1.00,1.00
2017.11.07 15:52:40.470,0.68852,0.68869,1.12,1.00
2017.11.07 15:52:41.009,0.68851,0.68868,1.00,1.10
2017.11.07 15:52:43.660,0.6885,0.68866,1.00,1.00
2017.11.07 15:52:44.356,0.68851,0.68867,1.00,1.00
2017.11.07 15:52:45.271,0.68852,0.68868,1.00,1.12
2017.11.07 15:52:45.621,0.68854,0.68869,1.00,1.00
2017.11.07 15:52:46.045,0.68857,0.68869,1.00,1.00
2017.11.07 15:52:46.593,0.68856,0.6887,1.00,1.00
2017.11.07 15:52:46.855,0.68856,0.68872,1.00,1.12
2017.11.07 15:52:49.008,0.68853,0.68871,1.00,2.25
2017.11.07 15:52:49.593,0.68853,0.6887,1.00,1.00
2017.11.07 15:52:53.707,0.68852,0.6887,1.00,1.50
2017.11.07 15:52:54.425,0.68852,0.6887,1.00,2.70
2017.11.07 15:52:54.526,0.68851,0.68867,1.00,1.50
2017.11.07 15:52:55.063,0.68851,0.68866,1.00,1.00
2017.11.07 15:52:56.569,0.6885,0.68867,1.00,1.10
2017.11.07 15:52:57.193,0.68851,0.68868,1.00,1.00
2017.11.07 15:52:57.621,0.68853,0.68868,1.00,1.00
2017.11.07 15:52:58.263,0.68853,0.68869,1.00,1.00
2017.11.07 15:52:58.586,0.68858,0.68874,1.00,1.20
2017.11.07 15:52:58.859,0.68858,0.68876,1.00,1.12
2017.11.07 15:52:59.012,0.68854,0.68875,1.95,1.00
2017.11.07 15:52:59.113,0.68858,0.68875,1.00,1.00
2017.11.07 15:52:59.777,0.68857,0.68875,1.00,1.00
2017.11.07 15:53:03.591,0.68857,0.68873,1.00,1.00
2017.11.07 15:53:04.181,0.68858,0.68874,1.00,1.00
2017.11.07 15:53:05.668,0.68857,0.68874,1.00,1.00
2017.11.07 15:53:05.995,0.68853,0.68868,1.00,1.00
2017.11.07 15:53:06.050,0.6885,0.68866,1.00,1.00
2017.11.07 15:53:06.506,0.68848,0.68865,1.00,1.00
2017.11.07 15:53:06.819,0.68851,0.68866,1.00,1.00
2017.11.07 15:53:07.024,0.68851,0.68868,1.00,1.50
2017.11.07 15:53:07.534,0.6885,0.68867,1.00,1.00
2017.11.07 15:53:08.075,0.68847,0.68865,1.00,1.00
2017.11.07 15:53:08.126,0.68847,0.68863,1.00,1.00
2017.11.07 15:53:08.759,0.68846,0.68862,1.00,1.00
2017.11.07 15:53:08.810,0.68846,0.68864,1.00,1.20
2017.11.07 15:53:10.062,0.68848,0.68866,1.00,1.37
2017.11.07 15:53:10.444,0.68848,0.68863,1.00,1.00
2017.11.07 15:53:11.333,0.68847,0.68865,1.00,1.00
2017.11.07 15:53:11.449,0.68847,0.68863,1.00,1.00
2017.11.07 15:53:12.234,0.68849,0.68866,1.00,1.37
2017.11.07 15:53:12.336,0.68849,0.68867,1.00,1.12
2017.11.07 15:53:12.696,0.68849,0.68864,1.00,1.00
2017.11.07 15:53:13.264,0.68849,0.68865,1.00,1.00
2017.11.07 15:53:13.849,0.68847,0.68865,1.00,1.00
2017.11.07 15:53:14.134,0.68852,0.68868,1.00,1.00
2017.11.07 15:53:14.594,0.68853,0.68871,1.00,1.87
2017.11.07 15:53:15.136,0.68852,0.6887,1.00,1.00
2017.11.07 15:53:15.289,0.6885,0.68869,1.00,1.12
2017.11.07 15:53:15.391,0.6885,0.68867,1.00,1.00
2017.11.07 15:53:17.302,0.6885,0.68866,1.00,1.00
2017.11.07 15:53:18.543,0.68852,0.68868,1.00,1.00
2017.11.07 15:53:18.772,0.68853,0.68871,1.00,1.00
2017.11.07 15:53:19.276,0.68854,0.68872,1.00,1.00
2017.11.07 15:53:19.864,0.68854,0.68873,1.00,1.87
2017.11.07 15:53:19.915,0.68855,0.68871,1.00,1.00
2017.11.07 15:53:20.718,0.68853,0.68871,1.00,1.00
2017.11.07 15:53:21.189,0.68853,0.68869,1.00,1.00
2017.11.07 15:53:21.557,0.68854,0.68872,1.00,1.00
2017.11.07 15:53:22.059,0.68853,0.68869,1.00,1.00
2017.11.07 15:53:23.401,0.68852,0.68868,1.00,1.00
2017.11.07 15:53:23.703,0.68855,0.6887,1.00,1.00
2017.11.07 15:53:25.609,0.68856,0.68872,1.00,1.00
2017.11.07 15:53:26.198,0.68855,0.68873,1.00,1.12
2017.11.07 15:53:27.563,0.68855,0.68872,1.00,1.00
2017.11.07 15:53:27.832,0.68856,0.68874,1.00,1.00
2017.11.07 15:53:27.934,0.68857,0.68872,1.00,1.00
2017.11.07 15:53:27.984,0.68855,0.68873,1.00,1.00
2017.11.07 15:53:28.125,0.68857,0.68873,1.00,1.00
2017.11.07 15:53:28.576,0.68858,0.68876,1.00,1.37
2017.11.07 15:53:28.680,0.68858,0.68877,1.00,1.12
2017.11.07 15:53:29.304,0.68858,0.68876,1.00,1.00
2017.11.07 15:53:29.854,0.68857,0.68875,1.00,1.00
2017.11.07 15:53:31.401,0.68858,0.68875,1.00,1.00
2017.11.07 15:53:31.925,0.68859,0.68875,1.00,1.00
2017.11.07 15:53:32.186,0.68856,0.68874,1.10,1.00
2017.11.07 15:53:38.639,0.68858,0.68874,1.00,1.00
2017.11.07 15:53:39.119,0.6886,0.68878,1.00,1.00
2017.11.07 15:53:41.311,0.68859,0.68877,1.00,1.50
2017.11.07 15:53:42.169,0.6886,0.68878,1.00,1.00
2017.11.07 15:53:45.214,0.6886,0.68876,1.00,1.00
2017.11.07 15:53:48.007,0.68858,0.68877,1.00,1.50
2017.11.07 15:53:48.466,0.6886,0.68876,1.00,1.50
2017.11.07 15:53:48.518,0.68858,0.68876,1.00,1.50
2017.11.07 15:53:49.330,0.68859,0.68876,1.00,1.50
2017.11.07 15:53:49.381,0.68855,0.68874,1.57,1.00
2017.11.07 15:53:49.432,0.68853,0.68871,1.95,1.00
2017.11.07 15:53:49.483,0.68853,0.68871,1.10,1.00
2017.11.07 15:53:49.689,0.68855,0.68871,1.00,1.00
2017.11.07 15:53:50.194,0.68853,0.68872,1.00,1.00
2017.11.07 15:53:50.741,0.68852,0.68871,1.12,1.00
2017.11.07 15:53:51.328,0.68853,0.68871,1.00,1.00
2017.11.07 15:53:53.663,0.68855,0.68872,1.00,1.12
2017.11.07 15:53:54.299,0.68854,0.68872,1.00,1.12
2017.11.07 15:53:55.017,0.68853,0.68872,1.00,1.12
2017.11.07 15:53:55.547,0.68853,0.68871,1.00,1.00
2017.11.07 15:53:57.647,0.68853,0.6887,1.00,1.00
2017.11.07 15:53:59.425,0.68853,0.68871,1.00,1.00
2017.11.07 15:54:00.014,0.68854,0.68869,1.00,1.00
2017.11.07 15:54:00.564,0.68854,0.6887,1.00,1.00
2017.11.07 15:54:00.666,0.68854,0.68872,1.12,1.00
2017.11.07 15:54:01.653,0.68857,0.68873,1.00,1.00
2017.11.07 15:54:02.532,0.68857,0.68875,1.00,1.50
2017.11.07 15:54:02.785,0.68859,0.68874,1.00,1.00
2017.11.07 15:54:02.836,0.68856,0.68874,1.00,1.00
2017.11.07 15:54:03.539,0.68855,0.68873,1.00,1.00
2017.11.07 15:54:03.992,0.68853,0.68871,1.00,1.37
2017.11.07 15:54:04.914,0.68853,0.68871,1.00,1.00
2017.11.07 15:54:05.914,0.68853,0.6887,1.00,1.00
2017.11.07 15:54:06.217,0.68855,0.6887,1.00,1.00
2017.11.07 15:54:06.533,0.68852,0.68868,1.00,1.00
2017.11.07 15:54:06.894,0.6885,0.68868,1.00,1.00
2017.11.07 15:54:07.447,0.68851,0.68868,1.00,1.00
2017.11.07 15:54:07.953,0.68851,0.68867,1.00,1.00
2017.11.07 15:54:09.120,0.68851,0.68869,1.00,1.00
2017.11.07 15:54:09.337,0.68852,0.68867,1.00,1.00
2017.11.07 15:54:09.388,0.6885,0.68868,1.00,1.00
2017.11.07 15:54:09.914,0.68851,0.68869,1.00,1.00
2017.11.07 15:54:10.949,0.68852,0.6887,1.00,1.00
2017.11.07 15:54:11.395,0.68852,0.68867,1.00,1.00
2017.11.07 15:54:11.923,0.68851,0.68867,1.00,1.00
2017.11.07 15:54:11.975,0.68851,0.68869,1.00,1.00
2017.11.07 15:54:12.854,0.6885,0.68868,1.00,1.00
2017.11.07 15:54:13.057,0.68849,0.68867,1.00,1.37
2017.11.07 15:54:13.943,0.68851,0.68868,1.00,1.00
2017.11.07 15:54:14.256,0.68852,0.6887,1.00,1.00
2017.11.07 15:54:14.828,0.68853,0.68871,1.00,1.12
2017.11.07 15:54:16.505,0.68854,0.68871,1.00,1.12
2017.11.07 15:54:17.370,0.68853,0.68871,1.00,1.12
2017.11.07 15:54:19.381,0.68853,0.6887,1.00,1.00
2017.11.07 15:54:19.432,0.68851,0.68869,1.00,1.00
2017.11.07 15:54:19.635,0.68855,0.68871,1.00,1.00
2017.11.07 15:54:19.996,0.68855,0.68873,1.00,1.00
2017.11.07 15:54:20.341,0.68854,0.6887,1.00,1.00
2017.11.07 15:54:20.870,0.68855,0.68871,1.00,1.00
2017.11.07 15:54:21.149,0.68853,0.6887,1.00,1.00
2017.11.07 15:54:21.975,0.68853,0.68869,1.00,1.00
2017.11.07 15:54:22.650,0.68854,0.68869,1.00,1.00
2017.11.07 15:54:23.387,0.68853,0.68869,1.00,1.00
2017.11.07 15:54:23.942,0.68852,0.68868,1.00,1.00
2017.11.07 15:54:25.478,0.68851,0.68867,1.12,1.00
2017.11.07 15:54:26.259,0.6885,0.68866,1.00,1.00
2017.11.07 15:54:27.879,0.68849,0.68865,1.12,1.00
2017.11.07 15:54:33.515,0.68851,0.68865,1.00,1.00
2017.11.07 15:54:39.177,0.68852,0.68866,1.00,1.00
2017.11.07 15:54:40.444,0.6885,0.68866,1.00,1.00
2017.11.07 15:54:42.264,0.68851,0.68867,1.00,1.00
2017.11.07 15:54:42.366,0.68853,0.68869,1.00,1.12
2017.11.07 15:54:42.469,0.68853,0.68873,1.00,1.87
2017.11.07 15:54:42.570,0.68856,0.6887,1.00,1.00
2017.11.07 15:54:42.834,0.68854,0.6887,1.00,1.00
2017.11.07 15:54:43.030,0.68854,0.68872,1.00,1.00
2017.11.07 15:54:44.036,0.68855,0.6887,1.00,1.00
2017.11.07 15:54:44.159,0.68856,0.68872,1.00,1.00
2017.11.07 15:54:45.004,0.68857,0.68874,1.00,1.00
2017.11.07 15:54:45.055,0.68859,0.68875,1.00,1.00
2017.11.07 15:54:45.557,0.68859,0.68876,1.00,1.00
2017.11.07 15:54:46.131,0.68859,0.68875,1.00,1.00
2017.11.07 15:54:46.551,0.68861,0.68878,1.00,1.87
2017.11.07 15:54:46.972,0.68863,0.6888,1.00,1.37
2017.11.07 15:54:47.638,0.68863,0.68878,1.50,1.00
2017.11.07 15:54:49.142,0.68863,0.68878,1.00,1.37
2017.11.07 15:54:49.954,0.68862,0.68877,1.00,1.12
2017.11.07 15:54:51.228,0.68862,0.68877,1.00,1.37
2017.11.07 15:54:51.279,0.68859,0.68876,1.50,1.37
2017.11.07 15:54:52.270,0.68858,0.68875,1.50,1.12
2017.11.07 15:54:52.321,0.68858,0.68874,1.00,1.87
2017.11.07 15:54:53.171,0.68857,0.68874,1.00,1.87
2017.11.07 15:54:53.718,0.68858,0.68874,1.00,1.37
2017.11.07 15:54:53.986,0.68859,0.68877,1.50,2.62
2017.11.07 15:54:54.240,0.68861,0.68876,1.00,1.37
2017.11.07 15:54:54.880,0.6886,0.68877,1.00,1.37
2017.11.07 15:54:56.667,0.68861,0.68877,1.00,1.37
2017.11.07 15:54:56.897,0.68864,0.6888,1.00,1.87
2017.11.07 15:54:57.200,0.68866,0.68881,1.00,1.37
2017.11.07 15:54:57.251,0.68866,0.68882,1.50,1.87
2017.11.07 15:54:57.845,0.68867,0.68882,1.00,1.12
2017.11.07 15:54:58.389,0.68866,0.68883,1.00,1.50
2017.11.07 15:54:58.974,0.68864,0.68881,1.50,1.00
2017.11.07 15:55:02.979,0.68865,0.68881,1.00,1.00
2017.11.07 15:55:06.109,0.68865,0.68881,1.00,1.37
2017.11.07 15:55:07.460,0.68864,0.68881,1.50,1.37
2017.11.07 15:55:08.186,0.68869,0.68883,1.00,1.37
2017.11.07 15:55:08.288,0.68869,0.68884,1.50,1.00
2017.11.07 15:55:08.830,0.68869,0.68884,1.00,1.37
2017.11.07 15:55:09.283,0.68866,0.68883,1.50,1.00
2017.11.07 15:55:09.894,0.68866,0.68884,1.00,2.62
2017.11.07 15:55:10.605,0.68869,0.68885,1.00,1.37
2017.11.07 15:55:10.706,0.68869,0.68887,1.50,1.37
2017.11.07 15:55:12.756,0.6887,0.68887,1.00,1.37
2017.11.07 15:55:15.140,0.68869,0.68887,1.50,1.37
2017.11.07 15:55:15.481,0.68869,0.68887,1.50,1.37
2017.11.07 15:55:18.388,0.68867,0.68882,1.50,1.37
2017.11.07 15:55:18.490,0.68865,0.68881,1.00,1.12
2017.11.07 15:55:18.592,0.68864,0.6888,1.00,1.37
2017.11.07 15:55:18.896,0.68862,0.68877,1.00,1.87
2017.11.07 15:55:20.584,0.68861,0.68877,1.00,1.37
2017.11.07 15:55:21.042,0.68863,0.68877,1.00,1.00
2017.11.07 15:55:21.383,0.68867,0.6888,1.00,1.12
2017.11.07 15:55:21.434,0.68867,0.68882,1.00,1.50
2017.11.07 15:55:22.128,0.68867,0.68883,1.00,1.12
2017.11.07 15:55:26.808,0.68871,0.68885,1.00,1.00
2017.11.07 15:55:27.097,0.68871,0.68887,1.00,1.00
2017.11.07 15:55:27.753,0.68873,0.68888,1.00,1.87
2017.11.07 15:55:29.220,0.68871,0.68888,1.00,1.12
2017.11.07 15:55:31.621,0.68871,0.68888,1.00,1.87
2017.11.07 15:55:33.879,0.6887,0.68888,1.00,2.62
2017.11.07 15:55:35.598,0.6887,0.68886,1.00,1.87
2017.11.07 15:55:35.872,0.68867,0.68885,1.00,1.12
2017.11.07 15:55:36.313,0.68866,0.68882,1.00,1.00
2017.11.07 15:55:37.084,0.68866,0.68881,1.00,1.00
2017.11.07 15:55:37.763,0.68865,0.68881,1.50,1.00
2017.11.07 15:55:38.411,0.68865,0.68881,1.00,1.87
2017.11.07 15:55:47.108,0.68865,0.68881,1.00,1.00
2017.11.07 15:55:49.169,0.68865,0.68879,1.00,1.00
2017.11.07 15:55:49.220,0.68863,0.68879,1.00,1.00
2017.11.07 15:55:49.631,0.68865,0.6888,1.00,1.00
2017.11.07 15:55:50.192,0.68866,0.68881,1.00,1.00
2017.11.07 15:55:51.040,0.68865,0.68881,1.00,1.00
2017.11.07 15:55:52.417,0.68866,0.68881,1.00,1.50
2017.11.07 15:55:52.672,0.68864,0.6888,1.50,1.00
2017.11.07 15:55:53.257,0.68864,0.68879,1.00,1.00
2017.11.07 15:55:53.359,0.68862,0.68879,1.00,1.00
2017.11.07 15:55:54.335,0.68861,0.68879,1.50,1.00
2017.11.07 15:55:54.616,0.68863,0.6888,1.50,1.50
2017.11.07 15:55:55.327,0.68864,0.68881,1.50,3.37
2017.11.07 15:55:56.134,0.68866,0.68881,1.00,1.00
2017.11.07 15:55:56.438,0.68866,0.68879,1.00,1.00
2017.11.07 15:55:56.489,0.68866,0.68881,1.00,1.00
2017.11.07 15:55:57.166,0.68865,0.68881,1.00,1.00
2017.11.07 15:55:57.831,0.68864,0.68881,1.00,1.00
2017.11.07 15:55:58.147,0.68866,0.68881,1.00,1.50
2017.11.07 15:56:01.069,0.6887,0.68885,1.00,1.50
2017.11.07 15:56:01.446,0.68872,0.68885,1.00,1.00
2017.11.07 15:56:02.157,0.6887,0.68885,1.00,1.00
2017.11.07 15:56:02.659,0.68869,0.68884,1.00,1.00
2017.11.07 15:56:04.676,0.68868,0.68884,1.00,1.00
2017.11.07 15:56:05.282,0.68869,0.68884,1.00,1.00
2017.11.07 15:56:05.825,0.68868,0.68884,1.00,1.00
2017.11.07 15:56:07.308,0.68869,0.68884,1.00,1.00
2017.11.07 15:56:09.660,0.68868,0.68884,1.00,1.00
2017.11.07 15:56:09.864,0.68868,0.68886,1.00,1.50
2017.11.07 15:56:10.435,0.68868,0.68885,1.00,1.12
2017.11.07 15:56:12.908,0.68869,0.68885,1.00,1.12
2017.11.07 15:56:15.091,0.68869,0.68887,1.00,1.87
2017.11.07 15:56:15.646,0.68869,0.68886,1.00,1.00
2017.11.07 15:56:16.241,0.68868,0.68886,1.00,1.00
2017.11.07 15:56:20.246,0.68868,0.68886,1.00,1.37
2017.11.07 15:56:20.347,0.68865,0.68882,1.12,1.00
2017.11.07 15:56:21.950,0.68865,0.68883,1.50,1.12
2017.11.07 15:56:22.255,0.68867,0.68885,1.50,1.12
2017.11.07 15:56:22.591,0.68869,0.6889,1.50,3.67
2017.11.07 15:56:22.905,0.68871,0.68886,1.00,1.00
2017.11.07 15:56:22.956,0.6887,0.68888,1.50,1.00
2017.11.07 15:56:23.488,0.68871,0.68888,1.00,1.00
2017.11.07 15:56:25.676,0.68874,0.68889,1.00,1.10
2017.11.07 15:56:25.777,0.68872,0.68888,1.50,1.00
2017.11.07 15:56:26.346,0.68871,0.68888,1.00,1.00
2017.11.07 15:56:28.079,0.68872,0.68888,1.00,1.00
2017.11.07 15:56:28.130,0.68874,0.68889,1.00,1.12
2017.11.07 15:56:28.652,0.68873,0.68888,1.00,1.00
2017.11.07 15:56:28.704,0.68874,0.6889,1.00,1.00
2017.11.07 15:56:29.315,0.68874,0.68891,1.00,1.12
2017.11.07 15:56:29.978,0.68873,0.6889,1.00,1.00
2017.11.07 15:56:31.617,0.68873,0.68891,1.00,1.72
2017.11.07 15:56:33.869,0.68874,0.68891,1.00,1.00
2017.11.07 15:56:34.387,0.68874,0.68891,1.00,1.37
2017.11.07 15:56:34.928,0.68873,0.68891,1.00,1.37
2017.11.07 15:56:35.663,0.68875,0.68891,1.00,1.37
2017.11.07 15:56:36.090,0.68873,0.6889,1.00,1.12
2017.11.07 15:56:37.393,0.68875,0.68893,1.00,1.00
2017.11.07 15:56:37.596,0.68877,0.68893,1.00,1.00
2017.11.07 15:56:38.176,0.68877,0.68895,1.00,1.47
2017.11.07 15:56:38.493,0.68879,0.68894,1.00,1.00
2017.11.07 15:56:38.788,0.68877,0.68895,1.00,1.00
2017.11.07 15:56:39.066,0.68876,0.68893,1.00,1.00
2017.11.07 15:56:39.224,0.68874,0.68892,1.00,1.00
2017.11.07 15:56:39.275,0.68874,0.68889,1.00,1.00
2017.11.07 15:56:39.398,0.68872,0.6889,1.00,1.12
2017.11.07 15:56:39.601,0.68871,0.68888,1.00,1.00
2017.11.07 15:56:39.905,0.68871,0.68886,1.00,1.00
2017.11.07 15:56:40.921,0.68869,0.68887,1.00,1.00
2017.11.07 15:56:41.352,0.68867,0.68884,1.00,1.00
2017.11.07 15:56:42.958,0.68866,0.68884,1.12,1.00
2017.11.07 15:56:43.585,0.68866,0.68883,1.00,1.00
2017.11.07 15:56:44.821,0.68867,0.68883,1.00,1.00
2017.11.07 15:56:45.331,0.68866,0.68883,1.50,1.00
2017.11.07 15:56:46.608,0.68868,0.68883,1.00,1.00
2017.11.07 15:56:46.659,0.68869,0.68885,1.00,1.00
2017.11.07 15:56:47.178,0.6887,0.68885,1.00,1.00
2017.11.07 15:56:47.853,0.6887,0.68887,1.00,1.12
2017.11.07 15:56:48.632,0.68871,0.68888,1.00,1.00
2017.11.07 15:56:48.684,0.68874,0.6889,1.00,1.37
2017.11.07 15:56:49.764,0.68874,0.68891,1.00,1.00
2017.11.07 15:56:50.818,0.68876,0.68891,1.00,1.00
2017.11.07 15:56:50.869,0.68878,0.68895,1.00,1.12
2017.11.07 15:56:51.481,0.68879,0.68896,1.00,1.12
2017.11.07 15:56:51.987,0.6888,0.689,1.00,1.82
2017.11.07 15:56:52.041,0.68882,0.68901,1.00,1.95
2017.11.07 15:56:52.092,0.6888,0.68901,1.50,1.57
2017.11.07 15:56:52.706,0.68881,0.68898,1.00,1.00
2017.11.07 15:56:52.757,0.68883,0.689,1.00,1.37
2017.11.07 15:56:53.106,0.6888,0.68898,1.00,1.00
2017.11.07 15:56:53.258,0.68881,0.68896,1.00,1.00
2017.11.07 15:56:53.309,0.68881,0.68899,1.00,1.37
2017.11.07 15:56:54.119,0.6888,0.68897,1.00,1.00
2017.11.07 15:56:54.170,0.68882,0.68897,1.00,1.00
2017.11.07 15:56:54.471,0.6888,0.68897,1.50,1.00
2017.11.07 15:56:55.722,0.6888,0.68896,1.50,1.00
2017.11.07 15:56:56.345,0.68881,0.68896,1.00,1.00
2017.11.07 15:56:57.532,0.68881,0.68899,1.00,1.00
2017.11.07 15:56:57.992,0.68881,0.68897,1.00,1.00
2017.11.07 15:56:58.305,0.68879,0.68895,1.00,1.00
2017.11.07 15:56:59.265,0.68877,0.68893,1.12,1.00
2017.11.07 15:56:59.921,0.68875,0.68893,1.12,1.00
2017.11.07 15:57:01.807,0.68876,0.68894,1.00,1.12
2017.11.07 15:57:03.164,0.68878,0.68896,1.12,1.50
2017.11.07 15:57:03.831,0.68879,0.68896,1.00,1.00
2017.11.07 15:57:04.377,0.68879,0.68897,1.00,1.50
2017.11.07 15:57:04.637,0.6888,0.68899,1.50,1.10
2017.11.07 15:57:04.940,0.68882,0.68899,1.12,1.00
2017.11.07 15:57:05.245,0.68878,0.68896,1.87,1.10
2017.11.07 15:57:07.251,0.68878,0.68894,2.62,1.00
2017.11.07 15:57:07.649,0.68878,0.68894,3.37,1.00
2017.11.07 15:57:07.700,0.68882,0.68898,1.00,1.45
2017.11.07 15:57:07.819,0.68882,0.68898,1.00,1.00
2017.11.07 15:57:07.870,0.6888,0.68896,1.87,1.00
2017.11.07 15:57:07.971,0.68879,0.68896,1.87,1.00
2017.11.07 15:57:10.623,0.68879,0.68896,2.62,1.10
2017.11.07 15:57:13.549,0.68878,0.68896,1.87,1.57
2017.11.07 15:57:15.038,0.68877,0.68896,2.62,1.95
2017.11.07 15:57:16.227,0.68879,0.68896,1.00,1.50
2017.11.07 15:57:16.998,0.68877,0.68896,2.62,1.00
2017.11.07 15:57:17.477,0.68879,0.68896,1.87,1.00
2017.11.07 15:57:17.579,0.68879,0.68898,1.87,1.57
2017.11.07 15:57:17.849,0.68881,0.68898,1.37,1.95
2017.11.07 15:57:18.513,0.68881,0.68899,1.37,1.10
2017.11.07 15:57:18.679,0.68881,0.68898,1.87,1.50
2017.11.07 15:57:18.932,0.68879,0.68896,1.87,1.00
2017.11.07 15:57:19.477,0.68879,0.68897,1.87,1.00
2017.11.07 15:57:20.009,0.6888,0.68897,1.37,1.00
2017.11.07 15:57:21.868,0.68881,0.68899,1.12,1.50
2017.11.07 15:57:22.124,0.68881,0.68896,1.87,1.00
2017.11.07 15:57:22.175,0.68881,0.68898,2.62,1.00
2017.11.07 15:57:23.790,0.68879,0.68897,1.87,1.00
2017.11.07 15:57:24.334,0.68879,0.68897,1.87,1.00
2017.11.07 15:57:25.492,0.68879,0.68896,1.37,1.00
2017.11.07 15:57:26.160,0.68879,0.68891,1.37,1.00
2017.11.07 15:57:26.262,0.68876,0.68891,1.87,1.00
2017.11.07 15:57:26.786,0.68876,0.68892,1.12,1.00
2017.11.07 15:57:27.141,0.68877,0.68893,1.87,1.00
2017.11.07 15:57:27.652,0.68878,0.68894,1.87,1.50
2017.11.07 15:57:30.174,0.68878,0.68893,1.00,1.00
2017.11.07 15:57:30.346,0.68876,0.68893,2.25,1.00
2017.11.07 15:57:30.397,0.68878,0.68893,1.12,1.00
2017.11.07 15:57:30.852,0.68878,0.68895,1.12,1.00
2017.11.07 15:57:31.466,0.68879,0.68896,1.00,1.00
2017.11.07 15:57:31.630,0.68881,0.68896,1.12,1.00
2017.11.07 15:57:32.105,0.68881,0.68898,1.12,1.00
2017.11.07 15:57:32.156,0.68883,0.689,1.00,1.20
2017.11.07 15:57:32.674,0.68883,0.68901,1.12,1.95
2017.11.07 15:57:32.776,0.68885,0.68901,1.00,1.57
2017.11.07 15:57:33.080,0.68884,0.68899,1.12,1.00
2017.11.07 15:57:33.316,0.68884,0.68901,1.12,1.00
2017.11.07 15:57:34.293,0.68885,0.68902,1.00,1.95
2017.11.07 15:57:34.862,0.68885,0.68902,1.00,1.50
2017.11.07 15:57:35.141,0.68886,0.68904,1.50,1.00
2017.11.07 15:57:35.993,0.68888,0.68905,1.00,1.50
2017.11.07 15:57:36.598,0.68887,0.68905,1.50,1.50
2017.11.07 15:57:37.800,0.68888,0.68905,1.00,1.57
2017.11.07 15:57:38.330,0.68889,0.68905,1.00,1.50
2017.11.07 15:57:38.695,0.68887,0.68905,1.50,1.00
2017.11.07 15:57:39.202,0.68888,0.68905,1.00,1.57
2017.11.07 15:57:39.734,0.68888,0.68906,1.00,1.95
2017.11.07 15:57:39.886,0.68888,0.68904,1.00,1.00
2017.11.07 15:57:40.314,0.68889,0.68907,1.50,1.57
2017.11.07 15:57:40.365,0.68889,0.68905,1.50,1.00
2017.11.07 15:57:42.127,0.68889,0.68907,1.50,1.50
2017.11.07 15:57:42.468,0.68891,0.68907,1.00,1.00
2017.11.07 15:57:44.331,0.68892,0.68907,1.00,1.00
2017.11.07 15:57:44.510,0.6889,0.68907,1.00,1.50
2017.11.07 15:57:44.562,0.68892,0.68909,1.00,2.62
2017.11.07 15:57:44.866,0.6889,0.68905,1.00,1.00
2017.11.07 15:57:45.027,0.68888,0.68905,1.87,1.00
2017.11.07 15:57:45.565,0.68888,0.68906,1.50,1.00
2017.11.07 15:57:46.089,0.68888,0.68905,1.00,1.12
2017.11.07 15:57:46.608,0.68888,0.68904,1.00,1.00
2017.11.07 15:57:47.352,0.68887,0.68904,1.00,1.00
2017.11.07 15:57:47.870,0.68887,0.68903,1.00,1.00
2017.11.07 15:57:48.408,0.68888,0.68904,1.00,1.00
2017.11.07 15:57:53.496,0.68886,0.68903,1.50,1.00
2017.11.07 15:57:53.549,0.68884,0.68901,1.12,1.50
2017.11.07 15:57:53.600,0.68881,0.68899,1.57,1.50
2017.11.07 15:57:53.651,0.68882,0.68897,1.00,1.00
2017.11.07 15:57:54.131,0.6888,0.68897,1.12,1.00
2017.11.07 15:57:54.427,0.68878,0.68894,1.37,1.00
2017.11.07 15:57:54.529,0.68876,0.68893,1.37,1.00
2017.11.07 15:57:54.580,0.68875,0.68893,1.00,2.25
2017.11.07 15:57:54.817,0.68876,0.68895,2.25,1.50
2017.11.07 15:57:55.311,0.6888,0.68895,1.00,1.00
2017.11.07 15:57:56.284,0.68881,0.68895,1.00,1.00
2017.11.07 15:57:56.436,0.68881,0.68898,1.00,1.00
2017.11.07 15:57:56.949,0.68882,0.68898,1.00,1.00
2017.11.07 15:57:58.116,0.68881,0.68898,1.00,1.00
2017.11.07 15:57:58.656,0.68883,0.68899,1.00,1.00
2017.11.07 15:58:00.000,0.68883,0.68898,1.00,1.00
2017.11.07 15:58:03.334,0.68883,0.68899,1.00,1.50
2017.11.07 15:58:04.714,0.68881,0.68898,1.12,1.00
2017.11.07 15:58:05.319,0.68881,0.68897,1.00,1.00
2017.11.07 15:58:05.421,0.6888,0.68895,1.00,1.00
2017.11.07 15:58:05.472,0.68878,0.68895,1.00,1.00
2017.11.07 15:58:05.674,0.68876,0.68894,1.00,1.00
2017.11.07 15:58:06.123,0.68875,0.68891,1.00,1.00
2017.11.07 15:58:06.325,0.68875,0.68893,1.00,2.62
2017.11.07 15:58:07.881,0.68875,0.68892,1.00,1.00
2017.11.07 15:58:09.145,0.68873,0.6889,1.12,1.50
2017.11.07 15:58:09.472,0.68876,0.68891,1.00,1.00
2017.11.07 15:58:10.008,0.68875,0.68892,1.00,1.50
2017.11.07 15:58:10.357,0.68877,0.68893,1.00,1.50
2017.11.07 15:58:10.711,0.68878,0.68895,1.00,1.00
2017.11.07 15:58:10.991,0.6888,0.68895,1.00,1.00
2017.11.07 15:58:11.548,0.6888,0.68896,1.00,1.00
2017.11.07 15:58:12.097,0.6888,0.68899,1.00,1.95
2017.11.07 15:58:13.249,0.68881,0.689,1.00,3.45
2017.11.07 15:58:13.799,0.6888,0.68899,1.00,1.87
2017.11.07 15:58:14.552,0.68881,0.68899,1.00,1.37
2017.11.07 15:58:16.137,0.68881,0.689,1.00,1.37
2017.11.07 15:58:16.666,0.68883,0.68901,1.00,1.00
2017.11.07 15:58:17.176,0.68882,0.689,1.00,1.00
2017.11.07 15:58:18.409,0.6888,0.68898,1.00,1.00
2017.11.07 15:58:18.966,0.68881,0.68899,1.00,1.57
2017.11.07 15:58:19.512,0.6888,0.68898,1.00,1.50
2017.11.07 15:58:22.231,0.68881,0.68899,1.00,1.00
2017.11.07 15:58:23.222,0.68882,0.689,1.00,1.00
2017.11.07 15:58:25.534,0.68882,0.68898,1.00,1.00
2017.11.07 15:58:26.690,0.68881,0.689,1.00,1.12
2017.11.07 15:58:28.173,0.68881,0.68899,1.00,1.00
2017.11.07 15:58:30.096,0.68882,0.68902,1.00,1.95
2017.11.07 15:58:32.428,0.68883,0.689,1.00,1.00
2017.11.07 15:58:33.199,0.68881,0.689,1.50,1.12
2017.11.07 15:58:34.177,0.68882,0.689,1.00,1.12
2017.11.07 15:58:35.351,0.6888,0.68898,1.00,1.00
2017.11.07 15:58:35.856,0.68881,0.68899,1.00,1.00
2017.11.07 15:58:36.382,0.68882,0.689,1.00,1.00
2017.11.07 15:58:36.724,0.68884,0.68902,1.37,1.00
2017.11.07 15:58:36.927,0.68884,0.68902,1.00,1.00
2017.11.07 15:58:37.453,0.68885,0.68903,1.00,1.00
2017.11.07 15:58:39.580,0.68887,0.68903,1.00,1.00
2017.11.07 15:58:42.567,0.68885,0.68903,1.00,1.00
2017.11.07 15:58:42.924,0.68888,0.68904,1.00,1.00
2017.11.07 15:58:44.341,0.68886,0.68904,1.00,1.00
2017.11.07 15:58:45.231,0.68885,0.68904,1.12,1.00
2017.11.07 15:58:48.489,0.68887,0.68903,1.00,1.00
2017.11.07 15:58:50.540,0.68887,0.68905,1.00,1.20
2017.11.07 15:58:51.347,0.68888,0.68908,1.00,1.07
2017.11.07 15:58:51.398,0.68891,0.68908,1.00,1.07
2017.11.07 15:58:51.755,0.68891,0.68909,1.00,1.00
2017.11.07 15:58:54.377,0.68892,0.6891,1.00,1.12
2017.11.07 15:58:54.479,0.68892,0.68908,1.00,1.00
2017.11.07 15:58:54.530,0.68892,0.6891,1.00,1.12
2017.11.07 15:58:55.034,0.68891,0.68909,1.00,1.00
2017.11.07 15:58:57.940,0.68892,0.68909,1.00,1.00
2017.11.07 15:59:00.099,0.68891,0.68909,1.50,1.00
2017.11.07 15:59:00.203,0.68891,0.68907,1.50,1.00
2017.11.07 15:59:00.787,0.6889,0.68908,1.50,1.00
2017.11.07 15:59:03.649,0.68892,0.68908,1.00,1.00
2017.11.07 15:59:04.161,0.68892,0.68909,1.50,1.00
2017.11.07 15:59:05.374,0.68893,0.68908,1.00,1.00
2017.11.07 15:59:05.921,0.68892,0.68909,1.00,1.00
2017.11.07 15:59:06.358,0.68894,0.6891,1.12,1.50
2017.11.07 15:59:08.294,0.68894,0.68911,1.50,1.00
2017.11.07 15:59:08.903,0.68894,0.68912,1.50,1.00
2017.11.07 15:59:09.564,0.68894,0.68911,1.00,1.50
2017.11.07 15:59:10.665,0.68895,0.68911,1.00,1.00
2017.11.07 15:59:13.587,0.68893,0.68911,1.00,1.00
2017.11.07 15:59:13.962,0.68892,0.68909,1.00,1.00
2017.11.07 15:59:14.495,0.68892,0.68908,1.00,1.50
2017.11.07 15:59:14.952,0.68893,0.68911,1.00,1.87
2017.11.07 15:59:15.108,0.68891,0.68909,1.00,1.00
2017.11.07 15:59:15.160,0.68891,0.68907,1.00,1.00
2017.11.07 15:59:15.262,0.68891,0.68909,1.00,1.12
2017.11.07 15:59:15.313,0.68889,0.68905,1.87,1.00
2017.11.07 15:59:15.466,0.68884,0.68902,1.87,1.00
2017.11.07 15:59:15.629,0.68887,0.68903,1.00,1.00
2017.11.07 15:59:16.195,0.68888,0.68904,1.00,1.00
2017.11.07 15:59:16.900,0.68888,0.68906,1.50,1.00
2017.11.07 15:59:17.170,0.68891,0.68906,1.00,1.00
2017.11.07 15:59:17.221,0.68891,0.68908,1.00,1.00
2017.11.07 15:59:17.763,0.68891,0.68909,1.00,1.00
2017.11.07 15:59:17.814,0.68893,0.68911,1.00,1.10
2017.11.07 15:59:18.439,0.68891,0.68907,1.00,1.00
2017.11.07 15:59:18.954,0.68891,0.68908,1.00,1.00
2017.11.07 15:59:19.877,0.68892,0.68908,1.00,1.00
2017.11.07 15:59:21.534,0.68891,0.68907,1.00,1.00
2017.11.07 15:59:21.736,0.68889,0.68906,1.50,1.00
2017.11.07 15:59:22.409,0.68888,0.68906,1.00,1.00
2017.11.07 15:59:23.386,0.68888,0.68905,1.00,1.00
2017.11.07 15:59:23.538,0.68889,0.68907,1.00,1.12
2017.11.07 15:59:24.315,0.6889,0.68908,1.00,1.00
2017.11.07 15:59:24.648,0.68889,0.68906,1.00,1.00
2017.11.07 15:59:24.749,0.68886,0.68906,2.62,1.00
2017.11.07 15:59:24.800,0.68888,0.68906,1.00,1.00
2017.11.07 15:59:25.315,0.68887,0.68905,1.87,1.00
2017.11.07 15:59:25.920,0.68886,0.68904,3.37,1.00
2017.11.07 15:59:28.264,0.68886,0.68904,1.50,1.00
2017.11.07 15:59:28.579,0.68888,0.68905,1.00,1.00
2017.11.07 15:59:29.728,0.68887,0.68905,1.00,1.00
2017.11.07 15:59:30.139,0.68887,0.68903,1.00,1.00
2017.11.07 15:59:30.448,0.68885,0.68903,2.25,1.00
2017.11.07 15:59:30.752,0.68887,0.68905,1.00,1.00
2017.11.07 15:59:31.605,0.68888,0.68903,1.00,1.00
2017.11.07 15:59:31.706,0.68889,0.68905,1.00,1.00
2017.11.07 15:59:31.757,0.68887,0.68905,1.87,1.00
2017.11.07 15:59:32.271,0.68888,0.68905,1.00,1.00
2017.11.07 15:59:32.372,0.6889,0.68907,1.00,1.00
2017.11.07 15:59:32.576,0.68888,0.68906,1.00,1.00
2017.11.07 15:59:32.678,0.68887,0.68904,1.12,1.00
2017.11.07 15:59:33.134,0.68889,0.68905,1.00,1.00
2017.11.07 15:59:33.344,0.68886,0.68904,2.25,1.00
2017.11.07 15:59:33.969,0.68887,0.68903,1.00,1.00
2017.11.07 15:59:34.587,0.68888,0.68903,1.00,1.00
2017.11.07 15:59:34.743,0.68887,0.68905,1.50,1.00
2017.11.07 15:59:36.473,0.68887,0.68904,1.00,1.00
2017.11.07 15:59:37.179,0.68887,0.68901,1.00,1.00
2017.11.07 15:59:37.331,0.68885,0.68901,1.50,1.00
2017.11.07 15:59:40.496,0.68886,0.68901,1.00,1.00
2017.11.07 15:59:41.230,0.68886,0.689,1.00,1.00
2017.11.07 15:59:41.860,0.68885,0.689,1.50,1.00
2017.11.07 15:59:42.439,0.68883,0.68898,1.00,1.00
2017.11.07 15:59:43.740,0.68886,0.68898,1.00,1.00
2017.11.07 15:59:43.891,0.68886,0.689,1.00,1.00
2017.11.07 15:59:45.312,0.68884,0.689,1.12,1.00
2017.11.07 15:59:45.618,0.68885,0.68901,1.37,1.00
2017.11.07 15:59:46.647,0.68887,0.68901,1.00,1.00
2017.11.07 15:59:47.160,0.68886,0.68902,1.12,1.00
2017.11.07 15:59:48.484,0.68887,0.68902,1.00,1.00
2017.11.07 15:59:49.069,0.68888,0.68901,1.00,1.00
2017.11.07 15:59:49.652,0.68887,0.68901,1.50,1.00
2017.11.07 15:59:50.248,0.68888,0.68901,1.00,1.00
2017.11.07 15:59:51.017,0.68889,0.68901,1.00,1.00
2017.11.07 15:59:51.193,0.68891,0.68905,1.00,1.00
2017.11.07 15:59:54.881,0.6889,0.68905,1.00,1.00
2017.11.07 15:59:55.499,0.68889,0.68905,1.00,1.00
2017.11.07 15:59:55.846,0.68889,0.68902,1.00,1.00
2017.11.07 15:59:56.357,0.68888,0.68902,1.50,1.00
2017.11.07 15:59:57.017,0.68889,0.68902,1.00,1.00
2017.11.07 15:59:57.069,0.68892,0.68906,1.00,1.00
2017.11.07 15:59:58.124,0.68893,0.68908,1.00,1.00
2017.11.07 15:59:58.176,0.68895,0.68908,1.00,1.00
2017.11.07 15:59:58.545,0.68896,0.68911,1.50,1.50
2017.11.07 15:59:59.177,0.68895,0.68911,1.50,1.00
2017.11.07 15:59:59.228,0.68894,0.68909,1.12,1.00
2017.11.07 15:59:59.778,0.68893,0.68908,1.00,1.00
