2013.12.23 07:00:00.334,0.73527,0.73548,1.00,1.00
2013.12.23 07:00:00.661,0.7353,0.73549,1.00,1.00
2013.12.23 07:00:01.200,0.73531,0.73549,1.00,1.00
2013.12.23 07:00:02.262,0.73531,0.73552,1.00,1.00
2013.12.23 07:00:03.386,0.73531,0.73548,1.00,1.00
2013.12.23 07:00:06.962,0.73531,0.73553,1.00,1.00
2013.12.23 07:00:07.145,0.73533,0.73553,1.00,1.00
2013.12.23 07:00:07.195,0.73533,0.73555,1.00,1.00
2013.12.23 07:00:07.246,0.73535,0.73555,1.00,1.00
2013.12.23 07:00:08.062,0.73535,0.73556,1.00,1.00
2013.12.23 07:00:08.410,0.73536,0.73559,1.00,1.50
2013.12.23 07:00:08.461,0.73533,0.73559,1.00,1.50
2013.12.23 07:00:08.561,0.73535,0.73559,1.00,1.50
2013.12.23 07:00:10.291,0.73535,0.73555,1.00,1.00
2013.12.23 07:00:11.394,0.73535,0.73553,1.00,1.00
2013.12.23 07:00:11.671,0.73533,0.73552,1.00,1.00
2013.12.23 07:00:12.174,0.7353,0.73553,1.00,1.00
2013.12.23 07:00:12.903,0.7353,0.73547,1.00,1.00
2013.12.23 07:00:13.804,0.7353,0.73548,1.00,1.00
2013.12.23 07:00:15.036,0.73529,0.73548,1.00,1.00
2013.12.23 07:00:24.240,0.73529,0.73544,1.00,1.00
2013.12.23 07:00:28.703,0.73528,0.73544,1.00,1.00
2013.12.23 07:00:31.550,0.73527,0.73545,1.00,1.00
2013.12.23 07:00:33.488,0.73527,0.73544,1.00,1.00
2013.12.23 07:00:34.891,0.73527,0.73548,1.00,1.00
2013.12.23 07:00:39.673,0.73527,0.73546,1.00,1.00
2013.12.23 07:00:40.993,0.73527,0.73548,1.00,1.00
2013.12.23 07:01:02.552,0.73533,0.73548,1.00,1.00
2013.12.23 07:01:03.669,0.73533,0.73547,1.00,1.00
2013.12.23 07:01:04.642,0.73531,0.73547,1.00,1.00
2013.12.23 07:01:07.284,0.73531,0.73548,1.00,1.00
2013.12.23 07:01:10.583,0.73533,0.73548,1.00,1.00
2013.12.23 07:01:14.128,0.73531,0.73551,1.00,1.00
2013.12.23 07:01:14.209,0.73531,0.73548,1.00,1.00
2013.12.23 07:01:20.170,0.73532,0.73551,1.00,1.00
2013.12.23 07:01:20.733,0.73533,0.73551,1.00,1.00
2013.12.23 07:01:20.813,0.73535,0.73551,1.00,1.00
2013.12.23 07:01:21.769,0.73535,0.73552,1.00,1.00
2013.12.23 07:01:25.652,0.73537,0.73552,1.00,1.00
2013.12.23 07:01:31.042,0.73531,0.73552,1.50,1.00
2013.12.23 07:01:37.738,0.73531,0.73548,1.00,1.00
2013.12.23 07:01:38.137,0.73527,0.73548,1.00,1.00
2013.12.23 07:01:38.311,0.73527,0.7355,1.00,1.00
2013.12.23 07:01:38.562,0.73531,0.7355,1.00,1.00
2013.12.23 07:01:38.890,0.73536,0.7355,1.00,1.00
2013.12.23 07:01:39.113,0.73532,0.7355,1.00,1.00
2013.12.23 07:01:41.436,0.73532,0.73551,1.00,1.00
2013.12.23 07:01:42.360,0.73532,0.7355,1.00,1.00
2013.12.23 07:01:42.932,0.73532,0.73551,1.00,1.00
2013.12.23 07:01:43.477,0.73536,0.7355,1.00,1.00
2013.12.23 07:01:43.528,0.73536,0.73553,1.00,1.00
2013.12.23 07:01:45.353,0.73536,0.73549,1.00,1.00
2013.12.23 07:01:45.599,0.73532,0.73549,1.00,1.00
2013.12.23 07:01:46.433,0.73532,0.7355,1.00,1.00
2013.12.23 07:01:47.222,0.73532,0.73551,1.00,1.00
2013.12.23 07:01:47.410,0.73536,0.73551,1.00,1.00
2013.12.23 07:01:48.102,0.73536,0.73549,1.00,1.00
2013.12.23 07:01:48.212,0.73536,0.73551,1.00,1.00
2013.12.23 07:01:49.532,0.73536,0.73549,1.00,1.00
2013.12.23 07:01:51.208,0.73531,0.73549,1.00,1.00
2013.12.23 07:01:52.350,0.73536,0.73549,1.00,1.00
2013.12.23 07:01:52.548,0.73536,0.73552,1.00,1.00
2013.12.23 07:01:56.181,0.73536,0.73551,1.00,1.00
2013.12.23 07:01:58.289,0.73531,0.73551,1.00,1.00
2013.12.23 07:01:58.619,0.73537,0.73551,1.00,1.00
2013.12.23 07:02:00.240,0.73537,0.73548,1.00,1.00
2013.12.23 07:02:06.252,0.73537,0.73549,1.00,1.00
2013.12.23 07:02:09.539,0.73532,0.73549,1.00,1.00
2013.12.23 07:02:15.932,0.73532,0.73548,1.00,1.00
2013.12.23 07:02:17.362,0.73532,0.73553,1.00,1.50
2013.12.23 07:02:17.472,0.73532,0.73551,1.00,1.00
2013.12.23 07:02:18.121,0.73532,0.73549,1.00,1.00
2013.12.23 07:02:18.528,0.73536,0.73549,1.00,1.00
2013.12.23 07:02:29.134,0.73536,0.73552,1.00,1.00
2013.12.23 07:02:29.462,0.73536,0.73549,1.00,1.00
2013.12.23 07:02:38.239,0.73531,0.73549,1.00,1.00
2013.12.23 07:02:38.482,0.73531,0.73546,1.00,1.00
2013.12.23 07:02:50.801,0.73531,0.73548,1.00,1.00
2013.12.23 07:02:51.021,0.73531,0.73546,1.00,1.00
2013.12.23 07:02:51.241,0.73531,0.73551,1.00,1.00
2013.12.23 07:02:51.352,0.73531,0.73548,1.00,1.00
2013.12.23 07:03:07.302,0.73531,0.73546,1.00,1.00
2013.12.23 07:03:08.036,0.73531,0.73545,1.00,1.00
2013.12.23 07:03:09.281,0.73531,0.73547,1.00,1.00
2013.12.23 07:03:14.160,0.73531,0.73545,1.00,1.00
2013.12.23 07:03:14.342,0.73531,0.7355,1.00,1.00
2013.12.23 07:03:14.453,0.73531,0.73547,1.00,1.00
2013.12.23 07:03:21.638,0.73531,0.7355,1.00,1.00
2013.12.23 07:03:21.739,0.73526,0.7355,1.00,1.00
2013.12.23 07:03:21.932,0.73526,0.73548,1.00,1.00
2013.12.23 07:03:22.261,0.73526,0.73546,1.00,1.00
2013.12.23 07:03:25.162,0.73526,0.73545,1.00,1.00
2013.12.23 07:03:39.311,0.73526,0.73547,1.00,1.00
2013.12.23 07:03:41.429,0.73526,0.73546,1.00,1.00
2013.12.23 07:04:03.096,0.73526,0.73548,1.00,1.00
2013.12.23 07:04:17.492,0.73526,0.73546,1.00,1.00
2013.12.23 07:04:18.337,0.73523,0.73546,1.38,1.00
2013.12.23 07:04:18.437,0.73523,0.73549,1.00,1.00
2013.12.23 07:04:18.701,0.73523,0.73551,1.00,1.00
2013.12.23 07:04:18.920,0.73523,0.73548,1.00,1.00
2013.12.23 07:04:20.681,0.73523,0.7355,1.00,1.00
2013.12.23 07:04:20.820,0.73523,0.73548,1.00,1.00
2013.12.23 07:04:22.330,0.73523,0.73549,1.00,1.00
2013.12.23 07:04:22.880,0.73523,0.73551,1.00,1.50
2013.12.23 07:04:23.100,0.73523,0.73549,1.00,1.00
2013.12.23 07:04:23.870,0.73523,0.7355,1.00,1.00
2013.12.23 07:04:26.445,0.73523,0.73549,1.00,1.00
2013.12.23 07:04:35.143,0.73526,0.73549,1.00,1.00
2013.12.23 07:04:40.659,0.73522,0.73549,1.00,1.00
2013.12.23 07:04:41.463,0.73527,0.73549,1.00,1.00
2013.12.23 07:04:41.513,0.73527,0.73551,1.00,1.00
2013.12.23 07:04:41.688,0.73524,0.73551,1.00,1.00
2013.12.23 07:04:41.738,0.73524,0.73546,1.00,1.00
2013.12.23 07:04:41.839,0.73524,0.7355,1.00,1.00
2013.12.23 07:04:42.351,0.73524,0.73548,1.00,1.00
2013.12.23 07:04:42.826,0.73524,0.73546,1.00,1.00
2013.12.23 07:04:43.120,0.73524,0.73548,1.00,1.00
2013.12.23 07:04:43.675,0.73521,0.73548,1.00,1.00
2013.12.23 07:04:43.780,0.73521,0.73546,1.00,1.00
2013.12.23 07:04:44.079,0.73517,0.73547,1.00,1.00
2013.12.23 07:04:44.129,0.73517,0.73544,1.00,1.00
2013.12.23 07:04:46.090,0.73517,0.73546,1.00,1.00
2013.12.23 07:04:49.286,0.73517,0.73541,1.00,1.00
2013.12.23 07:04:49.609,0.73515,0.73541,1.00,1.00
2013.12.23 07:04:49.709,0.73513,0.73541,1.00,1.00
2013.12.23 07:04:50.395,0.73513,0.73542,1.00,1.00
2013.12.23 07:04:51.224,0.73516,0.73543,1.00,1.00
2013.12.23 07:04:52.499,0.73521,0.73543,1.00,1.00
2013.12.23 07:04:54.492,0.73515,0.73541,1.00,1.00
2013.12.23 07:05:01.270,0.73515,0.73544,1.00,1.50
2013.12.23 07:05:01.601,0.73515,0.7354,1.00,1.00
2013.12.23 07:05:03.698,0.73516,0.73538,1.00,1.00
2013.12.23 07:05:03.799,0.73512,0.73538,1.00,1.00
2013.12.23 07:05:11.930,0.73511,0.73538,1.50,1.00
2013.12.23 07:05:12.249,0.73508,0.73538,1.00,1.50
2013.12.23 07:05:12.299,0.73508,0.73534,1.00,1.00
2013.12.23 07:05:12.882,0.73507,0.73534,1.00,1.00
2013.12.23 07:05:14.188,0.73507,0.73533,1.00,1.00
2013.12.23 07:05:16.766,0.73505,0.73533,1.00,1.00
2013.12.23 07:05:19.956,0.73509,0.73533,1.00,1.00
2013.12.23 07:05:21.290,0.73509,0.73539,1.00,1.00
2013.12.23 07:05:22.170,0.73511,0.73539,1.00,1.00
2013.12.23 07:05:30.972,0.73515,0.73539,1.00,1.00
2013.12.23 07:05:39.770,0.73514,0.73539,1.00,1.00
2013.12.23 07:05:40.432,0.73514,0.7354,1.00,1.00
2013.12.23 07:06:09.801,0.73516,0.7354,1.00,1.00
2013.12.23 07:06:16.758,0.73515,0.7354,1.00,1.00
2013.12.23 07:06:17.115,0.73512,0.73534,1.00,1.00
2013.12.23 07:06:17.266,0.73512,0.73538,1.00,1.00
2013.12.23 07:06:18.380,0.73514,0.73538,1.00,1.00
2013.12.23 07:06:26.217,0.73515,0.73538,1.00,1.00
2013.12.23 07:06:29.179,0.73515,0.73535,1.00,1.00
2013.12.23 07:06:29.280,0.73515,0.7354,1.00,1.00
2013.12.23 07:06:30.810,0.73522,0.7354,1.00,1.00
2013.12.23 07:06:31.363,0.73521,0.73536,1.00,1.00
2013.12.23 07:06:31.565,0.73521,0.73538,1.00,1.00
2013.12.23 07:06:32.350,0.73524,0.73538,1.00,1.00
2013.12.23 07:06:34.389,0.73524,0.73539,1.00,1.00
2013.12.23 07:06:34.440,0.73522,0.73539,1.00,1.00
2013.12.23 07:06:39.828,0.73522,0.73535,1.00,1.00
2013.12.23 07:06:39.978,0.73518,0.73535,1.00,1.00
2013.12.23 07:06:41.144,0.73517,0.73536,1.00,1.00
2013.12.23 07:06:42.594,0.73517,0.73534,1.00,1.00
2013.12.23 07:06:42.694,0.73514,0.73534,1.00,1.00
2013.12.23 07:06:42.850,0.73513,0.73532,1.00,1.00
2013.12.23 07:06:44.925,0.73515,0.73532,1.00,1.00
2013.12.23 07:06:47.530,0.73513,0.73532,1.00,1.00
2013.12.23 07:06:50.341,0.73513,0.73534,1.00,1.00
2013.12.23 07:06:53.376,0.73513,0.73535,1.00,1.00
2013.12.23 07:06:53.477,0.73518,0.73535,1.00,1.00
2013.12.23 07:06:53.579,0.73515,0.73535,1.00,1.00
2013.12.23 07:06:56.955,0.73515,0.73536,1.00,1.00
2013.12.23 07:07:01.470,0.73515,0.73533,1.00,1.00
2013.12.23 07:07:02.273,0.73515,0.73532,1.00,1.00
2013.12.23 07:07:12.199,0.73515,0.73536,1.00,1.00
2013.12.23 07:07:13.758,0.73515,0.73532,1.00,1.00
2013.12.23 07:07:14.164,0.73511,0.73532,1.00,1.00
2013.12.23 07:07:14.259,0.73514,0.73532,1.00,1.00
2013.12.23 07:07:17.838,0.73514,0.73533,1.00,1.00
2013.12.23 07:07:18.004,0.73511,0.73533,1.00,1.00
2013.12.23 07:07:18.205,0.73512,0.73527,1.00,1.00
2013.12.23 07:07:18.256,0.73509,0.73527,1.00,1.00
2013.12.23 07:07:18.457,0.73507,0.73526,1.00,1.00
2013.12.23 07:07:18.986,0.73507,0.73527,1.00,1.00
2013.12.23 07:07:21.407,0.73507,0.73524,1.00,1.00
2013.12.23 07:07:21.608,0.73507,0.73527,1.00,1.00
2013.12.23 07:07:22.815,0.73507,0.73526,1.00,1.00
2013.12.23 07:07:23.367,0.73508,0.73527,1.00,1.00
2013.12.23 07:07:26.166,0.73512,0.73527,1.00,1.00
2013.12.23 07:07:26.481,0.73514,0.73531,1.00,1.00
2013.12.23 07:07:27.391,0.73521,0.73531,1.00,1.00
2013.12.23 07:07:27.441,0.73521,0.7354,1.00,1.00
2013.12.23 07:07:27.545,0.73521,0.73536,1.00,1.00
2013.12.23 07:07:27.596,0.73519,0.73536,1.00,1.00
2013.12.23 07:07:27.696,0.73522,0.7354,1.00,1.00
2013.12.23 07:07:29.155,0.73522,0.73539,1.00,1.00
2013.12.23 07:07:29.335,0.73525,0.73539,1.00,1.00
2013.12.23 07:07:29.465,0.73525,0.73543,1.00,1.00
2013.12.23 07:07:30.036,0.7352,0.73543,1.00,1.00
2013.12.23 07:07:30.137,0.73524,0.73543,1.00,1.00
2013.12.23 07:07:30.338,0.7352,0.73541,1.00,1.00
2013.12.23 07:07:30.439,0.73525,0.7354,1.00,1.00
2013.12.23 07:07:30.489,0.73525,0.73543,1.00,1.00
2013.12.23 07:07:30.590,0.73528,0.73543,1.00,1.00
2013.12.23 07:07:30.760,0.73526,0.73543,1.00,1.00
2013.12.23 07:07:30.873,0.73528,0.73543,1.00,1.00
2013.12.23 07:07:31.665,0.73528,0.73547,1.00,1.00
2013.12.23 07:07:32.439,0.73528,0.73546,1.00,1.00
2013.12.23 07:07:32.984,0.7353,0.73546,1.00,1.00
2013.12.23 07:07:34.637,0.7353,0.73547,1.00,1.00
2013.12.23 07:07:35.295,0.73529,0.73547,1.00,1.00
2013.12.23 07:07:35.544,0.73531,0.7355,1.00,1.00
2013.12.23 07:07:36.194,0.73532,0.73549,1.00,1.00
2013.12.23 07:07:36.986,0.73533,0.73549,1.00,1.00
2013.12.23 07:07:37.166,0.73533,0.73553,1.00,1.00
2013.12.23 07:07:38.466,0.73533,0.73552,1.00,1.00
2013.12.23 07:07:39.424,0.73533,0.73553,1.00,1.00
2013.12.23 07:07:45.450,0.73531,0.73553,1.00,1.00
2013.12.23 07:07:50.944,0.73531,0.73554,1.00,1.00
2013.12.23 07:07:51.059,0.73533,0.73554,1.00,1.00
2013.12.23 07:07:52.020,0.73534,0.73554,1.00,1.00
2013.12.23 07:07:52.584,0.73534,0.73555,1.00,1.00
2013.12.23 07:07:53.134,0.73535,0.73554,1.00,1.00
2013.12.23 07:07:53.285,0.73532,0.73554,1.00,1.00
2013.12.23 07:07:53.905,0.73531,0.73548,1.00,1.00
2013.12.23 07:07:54.056,0.73527,0.73548,1.38,1.00
2013.12.23 07:07:54.176,0.73527,0.73545,1.00,1.00
2013.12.23 07:07:54.277,0.73525,0.73545,1.00,1.00
2013.12.23 07:07:54.378,0.73525,0.73543,1.00,1.00
2013.12.23 07:07:54.799,0.73522,0.73542,1.00,1.00
2013.12.23 07:07:54.960,0.73521,0.73538,1.00,1.00
2013.12.23 07:07:55.791,0.73524,0.73538,1.00,1.50
2013.12.23 07:07:55.942,0.73524,0.73541,1.00,1.00
2013.12.23 07:07:56.034,0.73526,0.73541,1.00,1.00
2013.12.23 07:07:56.763,0.73525,0.73542,1.00,1.00
2013.12.23 07:07:59.530,0.73523,0.73542,1.00,1.00
2013.12.23 07:07:59.630,0.73523,0.73534,1.00,1.00
2013.12.23 07:07:59.681,0.7352,0.73534,1.00,1.00
2013.12.23 07:07:59.781,0.73516,0.73534,1.00,1.00
2013.12.23 07:07:59.969,0.73512,0.73534,1.00,1.00
2013.12.23 07:08:00.181,0.73512,0.73532,1.00,1.00
2013.12.23 07:08:00.332,0.7351,0.73532,1.00,1.13
2013.12.23 07:08:00.483,0.7351,0.73528,1.00,1.00
2013.12.23 07:08:00.533,0.73508,0.73528,1.00,1.00
2013.12.23 07:08:01.274,0.73508,0.73529,1.00,1.00
2013.12.23 07:08:01.410,0.73512,0.73529,1.00,1.00
2013.12.23 07:08:01.461,0.73512,0.73533,1.00,1.00
2013.12.23 07:08:01.511,0.73514,0.73533,1.00,1.00
2013.12.23 07:08:01.629,0.73511,0.73533,1.00,1.00
2013.12.23 07:08:01.680,0.73511,0.73537,1.00,1.00
2013.12.23 07:08:01.730,0.73513,0.73537,1.00,1.00
2013.12.23 07:08:01.781,0.73513,0.73542,1.00,1.00
2013.12.23 07:08:01.840,0.73517,0.73542,1.00,1.00
2013.12.23 07:08:02.160,0.73521,0.73545,1.00,1.00
2013.12.23 07:08:02.480,0.73524,0.73543,1.00,1.00
2013.12.23 07:08:02.631,0.73524,0.73545,1.00,1.00
2013.12.23 07:08:02.681,0.73524,0.73537,1.00,1.00
2013.12.23 07:08:02.732,0.73521,0.73537,1.00,1.00
2013.12.23 07:08:05.140,0.7352,0.73537,1.00,1.00
2013.12.23 07:08:05.394,0.73522,0.7354,1.00,1.00
2013.12.23 07:08:09.249,0.7352,0.73535,1.00,1.00
2013.12.23 07:08:23.324,0.73519,0.73535,1.00,1.00
2013.12.23 07:08:23.968,0.73516,0.73535,1.00,1.00
2013.12.23 07:08:24.499,0.73518,0.73535,1.00,1.00
2013.12.23 07:08:25.121,0.73518,0.73536,1.00,1.00
2013.12.23 07:08:27.579,0.73519,0.73536,1.00,1.00
2013.12.23 07:08:27.819,0.73517,0.73536,1.00,1.00
2013.12.23 07:08:29.597,0.73517,0.73535,1.00,1.00
2013.12.23 07:08:36.085,0.73519,0.73535,1.00,1.00
2013.12.23 07:08:36.599,0.7352,0.73534,1.00,1.00
2013.12.23 07:08:37.218,0.7352,0.73535,1.00,1.00
2013.12.23 07:08:37.520,0.73522,0.73534,1.00,1.00
2013.12.23 07:08:40.452,0.7352,0.73534,1.00,1.00
2013.12.23 07:08:40.602,0.73518,0.73535,1.00,1.00
2013.12.23 07:08:40.672,0.73511,0.73535,1.00,1.00
2013.12.23 07:08:40.873,0.73505,0.73535,1.38,1.00
2013.12.23 07:08:41.024,0.73508,0.73534,1.00,1.00
2013.12.23 07:08:41.595,0.73511,0.73534,1.00,1.00
2013.12.23 07:08:41.650,0.73511,0.73537,1.00,1.00
2013.12.23 07:08:41.700,0.73515,0.73537,1.00,1.00
2013.12.23 07:08:41.914,0.7351,0.73534,1.00,1.00
2013.12.23 07:08:41.965,0.7351,0.73531,1.00,1.00
2013.12.23 07:08:42.226,0.73507,0.7353,1.00,1.00
2013.12.23 07:08:42.377,0.73507,0.73538,1.00,1.00
2013.12.23 07:08:42.478,0.73512,0.73531,1.00,1.00
2013.12.23 07:08:42.664,0.73512,0.73536,1.00,1.00
2013.12.23 07:08:42.772,0.73512,0.73538,1.00,1.00
2013.12.23 07:08:42.873,0.73516,0.73538,1.00,1.00
2013.12.23 07:08:43.566,0.73511,0.73538,1.00,1.00
2013.12.23 07:08:43.639,0.73519,0.73538,1.00,1.00
2013.12.23 07:08:44.014,0.73521,0.73539,1.00,1.00
2013.12.23 07:08:44.122,0.73518,0.73539,1.00,1.00
2013.12.23 07:08:44.223,0.73518,0.73535,1.00,1.00
2013.12.23 07:08:45.184,0.73521,0.73535,1.00,1.00
2013.12.23 07:08:57.002,0.73518,0.73535,1.00,1.00
2013.12.23 07:08:57.510,0.73521,0.73535,1.00,1.00
2013.12.23 07:08:57.761,0.73522,0.73538,1.00,1.00
2013.12.23 07:09:12.016,0.73522,0.73541,1.00,1.00
2013.12.23 07:09:20.030,0.73522,0.73537,1.00,1.00
2013.12.23 07:09:20.447,0.73522,0.7354,1.00,1.00
2013.12.23 07:09:20.497,0.73524,0.7354,1.00,1.00
2013.12.23 07:09:21.011,0.73524,0.73544,1.00,1.00
2013.12.23 07:09:21.182,0.73524,0.73546,1.00,1.13
2013.12.23 07:09:29.113,0.73524,0.73544,1.00,1.00
2013.12.23 07:09:29.753,0.73523,0.73543,1.00,1.00
2013.12.23 07:09:32.416,0.73523,0.73538,1.00,1.00
2013.12.23 07:09:32.632,0.73523,0.73543,1.00,1.50
2013.12.23 07:09:47.372,0.73523,0.73544,1.00,1.50
2013.12.23 07:09:50.189,0.73524,0.73544,1.00,1.50
2013.12.23 07:09:51.213,0.73523,0.73544,1.00,1.50
2013.12.23 07:10:00.862,0.73525,0.73543,1.00,1.00
2013.12.23 07:10:04.644,0.73525,0.73539,1.00,1.00
2013.12.23 07:10:10.980,0.73523,0.73539,1.00,1.00
2013.12.23 07:10:11.575,0.73523,0.73538,1.00,1.00
2013.12.23 07:10:11.640,0.73526,0.73538,1.00,1.00
2013.12.23 07:10:24.519,0.73524,0.73538,1.00,1.00
2013.12.23 07:10:24.730,0.7352,0.73538,1.00,1.00
2013.12.23 07:10:25.533,0.73518,0.73538,1.50,1.00
2013.12.23 07:10:25.610,0.7352,0.73538,1.00,1.00
2013.12.23 07:10:26.514,0.73522,0.73538,1.00,1.00
2013.12.23 07:10:26.615,0.73519,0.73538,1.00,1.00
2013.12.23 07:10:26.715,0.73521,0.73538,1.00,1.00
2013.12.23 07:10:28.402,0.73521,0.73533,1.00,1.00
2013.12.23 07:10:28.503,0.73519,0.73533,1.00,1.00
2013.12.23 07:10:28.654,0.73518,0.73539,1.00,1.00
2013.12.23 07:10:28.800,0.7352,0.73539,1.00,1.00
2013.12.23 07:10:29.680,0.73524,0.73539,1.00,1.00
2013.12.23 07:10:34.233,0.73524,0.73538,1.00,1.00
2013.12.23 07:10:52.670,0.73521,0.73538,1.00,1.00
2013.12.23 07:10:53.712,0.73521,0.73539,1.00,1.00
2013.12.23 07:10:54.463,0.73524,0.73539,1.00,1.00
2013.12.23 07:11:24.679,0.73522,0.73539,1.00,1.00
2013.12.23 07:11:25.532,0.73522,0.73538,1.00,1.00
2013.12.23 07:11:25.632,0.73518,0.73534,1.00,1.00
2013.12.23 07:11:27.429,0.73519,0.73534,1.00,1.00
2013.12.23 07:11:31.499,0.73518,0.73534,1.00,1.00
2013.12.23 07:11:39.621,0.73518,0.73529,1.00,1.00
2013.12.23 07:11:39.772,0.73516,0.73529,1.00,1.00
2013.12.23 07:11:40.556,0.73515,0.73529,1.00,1.00
2013.12.23 07:11:40.607,0.73515,0.73534,1.00,1.00
2013.12.23 07:11:40.723,0.73513,0.73534,1.00,1.13
2013.12.23 07:11:41.970,0.73514,0.73534,1.00,1.00
2013.12.23 07:11:42.829,0.73515,0.73534,1.00,1.00
2013.12.23 07:11:45.700,0.73515,0.73529,1.00,1.00
2013.12.23 07:11:45.993,0.73515,0.73533,1.00,1.00
2013.12.23 07:11:47.376,0.73517,0.73533,1.00,1.00
2013.12.23 07:11:47.758,0.7352,0.73534,1.00,1.00
2013.12.23 07:12:05.270,0.73521,0.73534,1.00,1.00
2013.12.23 07:12:05.371,0.73521,0.73539,1.00,1.00
2013.12.23 07:12:16.930,0.73522,0.73539,1.00,1.00
2013.12.23 07:12:17.259,0.73524,0.73539,1.00,1.00
2013.12.23 07:12:17.589,0.73527,0.73539,1.00,1.00
2013.12.23 07:12:20.890,0.73525,0.73539,1.00,1.00
2013.12.23 07:12:27.928,0.73522,0.73539,1.00,1.00
2013.12.23 07:12:34.880,0.73525,0.73539,1.00,1.00
2013.12.23 07:12:34.981,0.73523,0.73539,1.00,1.00
2013.12.23 07:12:35.051,0.73523,0.73534,1.00,1.00
2013.12.23 07:12:35.381,0.73524,0.73538,1.00,1.00
2013.12.23 07:12:37.582,0.73524,0.73534,1.00,1.00
2013.12.23 07:12:39.890,0.73524,0.73538,1.00,1.00
2013.12.23 07:12:44.979,0.73523,0.73538,1.00,1.00
2013.12.23 07:12:45.062,0.73523,0.73533,1.00,1.00
2013.12.23 07:12:45.232,0.73521,0.73533,1.00,1.00
2013.12.23 07:12:46.298,0.73522,0.73533,1.00,1.00
2013.12.23 07:12:47.288,0.73525,0.73533,1.00,1.00
2013.12.23 07:12:47.388,0.73525,0.73538,1.00,1.00
2013.12.23 07:12:52.569,0.73527,0.73538,1.00,1.00
2013.12.23 07:13:00.738,0.7353,0.73538,1.00,1.00
2013.12.23 07:13:00.839,0.7353,0.73544,1.00,1.00
2013.12.23 07:13:01.193,0.73532,0.73544,1.00,1.00
2013.12.23 07:13:01.841,0.73533,0.73544,1.00,1.00
2013.12.23 07:13:04.450,0.73532,0.73544,1.00,1.00
2013.12.23 07:13:04.651,0.73532,0.73549,1.00,1.00
2013.12.23 07:13:04.703,0.73535,0.73549,1.00,1.00
2013.12.23 07:13:05.285,0.73535,0.73544,1.00,1.00
2013.12.23 07:13:13.248,0.73538,0.73544,1.00,1.00
2013.12.23 07:13:13.349,0.73538,0.73548,1.00,1.00
2013.12.23 07:13:16.591,0.73544,0.73557,1.00,1.38
2013.12.23 07:13:16.642,0.73545,0.73554,1.00,1.00
2013.12.23 07:13:16.793,0.73546,0.73558,1.00,1.38
2013.12.23 07:13:16.901,0.73532,0.73553,1.75,1.00
2013.12.23 07:13:17.103,0.73542,0.73554,1.50,1.00
2013.12.23 07:13:17.630,0.73541,0.73554,1.00,1.00
2013.12.23 07:13:17.681,0.73541,0.73548,1.00,1.00
2013.12.23 07:13:18.139,0.7354,0.73554,1.00,1.00
2013.12.23 07:13:18.309,0.73538,0.73554,1.00,1.00
2013.12.23 07:13:18.360,0.73538,0.73548,1.00,1.00
2013.12.23 07:13:19.000,0.73537,0.73548,1.00,1.00
2013.12.23 07:13:19.960,0.73539,0.73548,1.00,1.00
2013.12.23 07:13:21.167,0.73537,0.73548,1.00,1.00
2013.12.23 07:13:22.157,0.73539,0.73548,1.00,1.00
2013.12.23 07:13:22.268,0.73537,0.73548,1.00,1.00
2013.12.23 07:13:23.151,0.73541,0.73548,1.00,1.00
2013.12.23 07:13:23.302,0.73538,0.73548,1.00,1.00
2013.12.23 07:13:24.060,0.73537,0.73548,1.00,1.00
2013.12.23 07:13:24.161,0.73539,0.73548,1.00,1.00
2013.12.23 07:13:24.273,0.73537,0.73548,1.00,1.00
2013.12.23 07:13:24.822,0.73539,0.73548,1.00,1.00
2013.12.23 07:13:25.350,0.73539,0.73554,1.00,1.00
2013.12.23 07:13:25.571,0.73539,0.73549,1.00,1.00
2013.12.23 07:13:26.244,0.7354,0.73549,1.00,1.00
2013.12.23 07:13:26.340,0.7354,0.73554,1.00,1.00
2013.12.23 07:13:26.921,0.7354,0.73549,1.00,1.00
2013.12.23 07:13:27.357,0.7354,0.73554,1.00,1.00
2013.12.23 07:13:27.768,0.73538,0.73554,1.00,1.00
2013.12.23 07:13:28.258,0.7354,0.73554,1.00,1.00
2013.12.23 07:13:29.217,0.73542,0.73554,1.00,1.00
2013.12.23 07:13:29.722,0.73544,0.73554,1.00,1.00
2013.12.23 07:13:31.440,0.73544,0.73548,1.00,1.00
2013.12.23 07:13:31.621,0.73544,0.73554,1.00,1.00
2013.12.23 07:13:34.231,0.73546,0.73554,1.00,1.00
2013.12.23 07:13:38.842,0.73542,0.73554,1.00,1.00
2013.12.23 07:13:39.244,0.73542,0.73549,1.00,1.00
2013.12.23 07:13:39.858,0.73541,0.73549,1.00,1.00
2013.12.23 07:13:41.152,0.73539,0.73549,1.00,1.00
2013.12.23 07:13:41.333,0.73539,0.73553,1.00,1.00
2013.12.23 07:13:45.987,0.73538,0.73553,1.00,1.00
2013.12.23 07:13:46.429,0.73535,0.73553,1.00,1.00
2013.12.23 07:13:46.579,0.73533,0.73553,1.00,1.38
2013.12.23 07:13:47.528,0.73533,0.73553,1.00,1.38
2013.12.23 07:13:49.970,0.73537,0.73553,1.00,1.38
2013.12.23 07:13:50.761,0.73536,0.73553,1.00,1.00
2013.12.23 07:13:51.416,0.73534,0.73553,1.00,1.00
2013.12.23 07:13:52.838,0.73535,0.73554,1.00,1.13
2013.12.23 07:13:53.040,0.73537,0.73554,1.00,1.00
2013.12.23 07:13:53.583,0.73538,0.73554,1.00,1.00
2013.12.23 07:13:53.910,0.73543,0.73548,1.00,1.00
2013.12.23 07:13:54.795,0.73545,0.73557,1.00,1.38
2013.12.23 07:13:55.007,0.73542,0.73548,1.00,1.00
2013.12.23 07:13:58.549,0.73542,0.73554,1.00,1.00
2013.12.23 07:13:59.847,0.73541,0.73554,1.00,1.00
2013.12.23 07:14:06.198,0.73543,0.73554,1.00,1.00
2013.12.23 07:14:11.556,0.73546,0.73554,1.00,1.00
2013.12.23 07:14:11.656,0.73547,0.73558,1.00,1.38
2013.12.23 07:14:11.707,0.73549,0.73558,1.00,1.38
2013.12.23 07:14:12.081,0.73549,0.73559,1.00,1.13
2013.12.23 07:14:12.134,0.73549,0.73559,1.00,1.38
2013.12.23 07:14:12.441,0.73549,0.73554,1.00,1.00
2013.12.23 07:14:12.969,0.73548,0.73554,1.00,1.00
2013.12.23 07:14:13.661,0.73548,0.73558,1.00,1.38
2013.12.23 07:14:13.778,0.73544,0.73558,1.00,1.38
2013.12.23 07:14:13.879,0.73544,0.73553,1.00,1.00
2013.12.23 07:14:14.865,0.73539,0.73553,1.00,1.00
2013.12.23 07:14:14.966,0.73536,0.73553,1.00,1.00
2013.12.23 07:14:16.498,0.73538,0.73553,1.00,1.00
2013.12.23 07:14:33.482,0.7354,0.73553,1.00,1.00
2013.12.23 07:14:33.987,0.73538,0.73553,1.00,1.00
2013.12.23 07:14:37.712,0.73538,0.73549,1.00,1.00
2013.12.23 07:14:37.762,0.73536,0.73549,1.00,1.00
2013.12.23 07:14:38.172,0.73532,0.73543,1.00,1.00
2013.12.23 07:14:38.525,0.7353,0.73543,1.00,1.00
2013.12.23 07:14:39.158,0.73529,0.73543,1.00,1.00
2013.12.23 07:15:01.707,0.73531,0.73543,1.00,1.00
2013.12.23 07:15:10.067,0.73532,0.73543,1.00,1.00
2013.12.23 07:15:12.714,0.73535,0.73543,1.00,1.00
2013.12.23 07:15:15.347,0.73525,0.73538,1.13,1.00
2013.12.23 07:15:16.532,0.73535,0.73543,1.00,1.00
2013.12.23 07:15:16.798,0.73539,0.73543,1.00,1.00
2013.12.23 07:15:19.056,0.73539,0.73549,1.00,1.00
2013.12.23 07:15:26.926,0.73538,0.73549,1.00,1.00
2013.12.23 07:15:28.740,0.73538,0.73544,1.00,1.00
2013.12.23 07:15:34.567,0.73538,0.73548,1.00,1.00
2013.12.23 07:15:36.798,0.73535,0.73548,1.00,1.00
2013.12.23 07:15:37.693,0.73533,0.73548,1.00,1.00
2013.12.23 07:15:38.573,0.73532,0.73548,1.00,1.00
2013.12.23 07:15:39.436,0.73534,0.73548,1.00,1.00
2013.12.23 07:15:45.569,0.73534,0.73544,1.00,1.00
2013.12.23 07:15:45.787,0.73534,0.73549,1.00,1.00
2013.12.23 07:15:48.462,0.73533,0.73544,1.00,1.00
2013.12.23 07:15:52.749,0.73531,0.73544,1.00,1.00
2013.12.23 07:15:52.860,0.73534,0.73544,1.00,1.00
2013.12.23 07:15:53.079,0.73532,0.73544,1.00,1.00
2013.12.23 07:15:54.508,0.73533,0.73544,1.00,1.00
2013.12.23 07:15:55.497,0.73535,0.73544,1.00,1.00
2013.12.23 07:15:56.449,0.73534,0.73544,1.00,1.00
2013.12.23 07:16:00.525,0.73534,0.73548,1.00,1.00
2013.12.23 07:16:01.326,0.73532,0.73548,1.00,1.00
2013.12.23 07:16:06.411,0.73535,0.73548,1.00,1.00
2013.12.23 07:16:06.718,0.73537,0.73548,1.00,1.00
2013.12.23 07:16:12.187,0.73537,0.73543,1.00,1.00
2013.12.23 07:16:13.316,0.73536,0.73543,1.00,1.00
2013.12.23 07:16:13.398,0.73536,0.73548,1.00,1.00
2013.12.23 07:16:14.005,0.7353,0.73543,1.00,1.00
2013.12.23 07:16:14.106,0.73538,0.73543,1.00,1.00
2013.12.23 07:16:15.076,0.7354,0.73559,1.00,1.13
2013.12.23 07:16:21.036,0.7354,0.73549,1.00,1.00
2013.12.23 07:16:21.561,0.73541,0.73549,1.00,1.00
2013.12.23 07:16:21.676,0.73539,0.73553,1.00,1.00
2013.12.23 07:16:23.216,0.73542,0.73553,1.00,1.00
2013.12.23 07:16:34.586,0.73541,0.73553,1.00,1.00
2013.12.23 07:16:50.715,0.73539,0.73553,1.00,1.00
2013.12.23 07:16:56.128,0.73539,0.73549,1.00,1.00
2013.12.23 07:16:57.133,0.73541,0.73549,1.00,1.00
2013.12.23 07:16:57.830,0.7354,0.73549,1.00,1.00
2013.12.23 07:16:58.965,0.73538,0.73549,1.00,1.00
2013.12.23 07:17:03.696,0.73539,0.73549,1.00,1.00
2013.12.23 07:17:17.225,0.7354,0.73549,1.00,1.00
2013.12.23 07:17:17.335,0.73538,0.73549,1.00,1.00
2013.12.23 07:17:21.745,0.73537,0.73549,1.00,1.00
2013.12.23 07:17:22.412,0.73535,0.73549,1.00,1.00
2013.12.23 07:17:24.092,0.73533,0.73549,1.00,1.00
2013.12.23 07:17:25.835,0.73531,0.73549,1.00,1.00
2013.12.23 07:17:56.005,0.73531,0.73543,1.00,1.00
2013.12.23 07:18:00.367,0.73529,0.73543,1.00,1.00
2013.12.23 07:18:05.775,0.73532,0.73543,1.00,1.00
2013.12.23 07:18:06.344,0.7353,0.73543,1.00,1.00
2013.12.23 07:18:20.264,0.73527,0.73543,1.00,1.00
2013.12.23 07:18:20.784,0.73528,0.73543,1.00,1.00
2013.12.23 07:18:20.926,0.7353,0.73543,1.00,1.00
2013.12.23 07:18:21.364,0.73527,0.73543,1.00,1.00
2013.12.23 07:18:31.265,0.7353,0.73543,1.00,1.00
2013.12.23 07:18:33.045,0.73529,0.73543,1.00,1.00
2013.12.23 07:18:44.694,0.73527,0.73543,1.00,1.00
2013.12.23 07:18:48.975,0.73529,0.73543,1.00,1.00
2013.12.23 07:18:49.853,0.7353,0.73543,1.00,1.00
2013.12.23 07:18:51.503,0.73526,0.73543,1.00,1.00
2013.12.23 07:18:56.540,0.73526,0.73547,1.00,1.00
2013.12.23 07:19:01.184,0.73525,0.73547,1.00,1.00
2013.12.23 07:19:01.845,0.73523,0.73547,1.13,1.00
2013.12.23 07:19:01.996,0.73521,0.73547,1.50,1.00
2013.12.23 07:19:03.656,0.73521,0.73544,1.00,1.00
2013.12.23 07:19:07.233,0.73523,0.73544,1.00,1.00
2013.12.23 07:19:09.544,0.73524,0.73544,1.00,1.00
2013.12.23 07:19:20.574,0.73524,0.73546,1.00,1.00
2013.12.23 07:19:20.653,0.73522,0.73546,1.00,1.00
2013.12.23 07:19:26.460,0.73522,0.73548,1.00,1.00
2013.12.23 07:19:30.223,0.73524,0.73548,1.00,1.00
2013.12.23 07:19:32.367,0.73524,0.73544,1.00,1.00
2013.12.23 07:19:39.463,0.73522,0.73544,1.00,1.00
2013.12.23 07:20:15.174,0.7352,0.73544,1.00,1.00
2013.12.23 07:20:18.684,0.73517,0.73544,1.00,1.50
2013.12.23 07:20:24.997,0.73518,0.73544,1.00,1.50
2013.12.23 07:20:25.174,0.7352,0.73544,1.00,1.00
2013.12.23 07:20:32.622,0.7352,0.73545,1.00,1.00
2013.12.23 07:20:36.293,0.73524,0.73546,1.00,1.00
2013.12.23 07:20:50.662,0.73524,0.73538,1.00,1.00
2013.12.23 07:20:50.712,0.73522,0.73538,1.00,1.00
2013.12.23 07:20:55.133,0.73524,0.73538,1.00,1.00
2013.12.23 07:21:04.883,0.73521,0.73538,1.00,1.00
2013.12.23 07:21:11.703,0.73519,0.73538,1.00,1.00
2013.12.23 07:21:11.963,0.73518,0.73534,1.00,1.00
2013.12.23 07:21:22.382,0.73518,0.73539,1.00,1.00
2013.12.23 07:21:25.133,0.73518,0.73533,1.00,1.00
2013.12.23 07:21:34.365,0.73521,0.73533,1.00,1.00
2013.12.23 07:21:34.415,0.73521,0.73538,1.00,1.00
2013.12.23 07:21:34.466,0.73524,0.73538,1.00,1.00
2013.12.23 07:21:34.774,0.73527,0.73538,1.00,1.00
2013.12.23 07:21:35.324,0.73528,0.73538,1.00,1.00
2013.12.23 07:21:38.622,0.73525,0.73538,1.00,1.00
2013.12.23 07:21:58.022,0.73527,0.73538,1.00,1.00
2013.12.23 07:22:03.701,0.73523,0.73538,1.00,1.00
2013.12.23 07:22:04.362,0.73525,0.73538,1.00,1.00
2013.12.23 07:22:04.710,0.73522,0.73538,1.00,1.00
2013.12.23 07:22:07.331,0.7352,0.73538,1.00,1.00
2013.12.23 07:22:07.905,0.73519,0.73538,1.00,1.00
2013.12.23 07:22:08.872,0.73518,0.73538,1.00,1.00
2013.12.23 07:22:22.512,0.73519,0.73538,1.00,1.00
2013.12.23 07:22:25.180,0.73521,0.73538,1.00,1.00
2013.12.23 07:22:33.511,0.73522,0.73538,1.00,1.00
2013.12.23 07:22:34.657,0.73522,0.73544,1.00,1.00
2013.12.23 07:22:37.331,0.73519,0.73544,1.00,1.00
2013.12.23 07:22:40.081,0.73521,0.73544,1.00,1.00
2013.12.23 07:22:40.221,0.73518,0.73544,1.13,1.00
2013.12.23 07:22:41.828,0.73518,0.7354,1.13,1.00
2013.12.23 07:22:46.770,0.73518,0.7354,1.38,1.00
2013.12.23 07:22:48.041,0.73518,0.73544,1.38,1.00
2013.12.23 07:22:55.131,0.73518,0.73544,1.38,1.00
2013.12.23 07:22:56.011,0.73518,0.73543,1.13,1.00
2013.12.23 07:22:57.381,0.73519,0.73544,1.00,1.50
2013.12.23 07:23:00.597,0.73519,0.73533,1.00,1.00
2013.12.23 07:23:00.898,0.73516,0.73533,1.38,1.00
2013.12.23 07:23:01.231,0.73511,0.73534,1.38,1.00
2013.12.23 07:23:01.383,0.73509,0.73528,1.38,1.00
2013.12.23 07:23:01.621,0.73509,0.73528,1.13,1.00
2013.12.23 07:23:02.172,0.73506,0.73529,1.50,1.00
2013.12.23 07:23:02.342,0.73506,0.73524,1.00,1.00
2013.12.23 07:23:04.871,0.73506,0.73529,1.00,1.50
2013.12.23 07:23:06.850,0.73506,0.73523,1.00,1.00
2013.12.23 07:23:07.842,0.73506,0.73528,1.00,1.00
2013.12.23 07:23:09.422,0.73507,0.73528,1.00,1.00
2013.12.23 07:23:09.653,0.73507,0.73528,1.38,1.00
2013.12.23 07:23:11.662,0.73507,0.73528,1.13,1.00
2013.12.23 07:23:16.325,0.73506,0.73523,1.38,1.00
2013.12.23 07:23:16.850,0.73503,0.73523,1.38,1.00
2013.12.23 07:23:17.410,0.73503,0.73527,1.38,1.00
2013.12.23 07:23:18.452,0.73503,0.73527,1.38,1.00
2013.12.23 07:23:30.651,0.735,0.73524,1.38,1.00
2013.12.23 07:23:30.701,0.735,0.73524,1.00,1.00
2013.12.23 07:23:35.631,0.73501,0.73524,1.00,1.00
2013.12.23 07:23:40.031,0.73503,0.73524,1.00,1.00
2013.12.23 07:23:55.101,0.73502,0.73524,1.00,1.00
2013.12.23 07:24:02.889,0.73502,0.73527,1.00,1.88
2013.12.23 07:24:02.999,0.73502,0.73523,1.00,1.00
2013.12.23 07:24:10.060,0.73504,0.73523,1.00,1.00
2013.12.23 07:24:25.206,0.73502,0.73523,1.00,1.00
2013.12.23 07:24:40.120,0.73503,0.73523,1.00,1.00
2013.12.23 07:24:55.080,0.73502,0.73523,1.00,1.00
2013.12.23 07:25:02.563,0.73501,0.73523,1.00,1.00
2013.12.23 07:25:02.782,0.73499,0.73523,1.00,1.00
2013.12.23 07:25:03.050,0.73499,0.73526,1.00,1.50
2013.12.23 07:25:03.101,0.73499,0.73518,1.00,1.00
2013.12.23 07:25:03.202,0.73498,0.73523,1.00,1.00
2013.12.23 07:25:03.417,0.73499,0.73526,1.00,1.50
2013.12.23 07:25:03.499,0.73499,0.73524,1.00,1.00
2013.12.23 07:25:04.981,0.73503,0.73524,1.00,1.00
2013.12.23 07:25:08.494,0.73503,0.73528,1.00,1.00
2013.12.23 07:25:10.041,0.73503,0.73529,1.00,1.00
2013.12.23 07:25:25.117,0.73503,0.73528,1.00,1.00
2013.12.23 07:25:30.941,0.73504,0.73529,1.00,1.50
2013.12.23 07:25:34.458,0.73504,0.73528,1.00,1.00
2013.12.23 07:25:39.332,0.73505,0.73528,1.00,1.00
2013.12.23 07:25:39.505,0.73503,0.73528,1.50,1.00
2013.12.23 07:25:48.651,0.73506,0.73528,1.00,1.00
2013.12.23 07:25:49.200,0.73504,0.73528,1.00,1.00
2013.12.23 07:25:50.487,0.73504,0.73529,1.00,1.00
2013.12.23 07:25:51.837,0.73504,0.73528,1.00,1.00
2013.12.23 07:25:56.350,0.73506,0.73528,1.00,1.00
2013.12.23 07:25:57.123,0.73505,0.73528,1.00,1.00
2013.12.23 07:25:57.338,0.73505,0.7353,1.00,1.00
2013.12.23 07:25:57.489,0.73507,0.73532,1.00,1.50
2013.12.23 07:26:10.100,0.73509,0.73532,1.00,1.00
2013.12.23 07:26:25.204,0.73507,0.73532,1.00,1.50
2013.12.23 07:26:32.537,0.73507,0.73528,1.00,1.00
2013.12.23 07:26:32.807,0.73504,0.73528,1.00,1.00
2013.12.23 07:26:32.868,0.73504,0.73524,1.00,1.00
2013.12.23 07:26:37.822,0.73505,0.73524,1.00,1.00
2013.12.23 07:26:38.044,0.73503,0.73524,1.00,1.00
2013.12.23 07:26:38.273,0.735,0.73524,1.13,1.00
2013.12.23 07:26:38.324,0.735,0.73524,1.38,1.00
2013.12.23 07:26:38.625,0.73497,0.73523,1.00,1.00
2013.12.23 07:26:39.360,0.73497,0.73519,1.00,1.00
2013.12.23 07:26:39.609,0.73495,0.73519,1.00,1.00
2013.12.23 07:26:39.847,0.73495,0.73513,1.00,1.00
2013.12.23 07:26:39.948,0.73492,0.73513,1.00,1.00
2013.12.23 07:26:40.146,0.73492,0.73516,1.00,1.13
2013.12.23 07:26:42.277,0.73491,0.73517,1.00,1.00
2013.12.23 07:26:42.584,0.73494,0.73517,1.00,1.00
2013.12.23 07:26:42.634,0.73494,0.73519,1.00,1.50
2013.12.23 07:26:43.137,0.73495,0.73519,1.00,1.00
2013.12.23 07:26:45.411,0.73496,0.73519,1.00,1.00
2013.12.23 07:27:05.900,0.73496,0.73513,1.00,1.00
2013.12.23 07:27:06.001,0.73491,0.73513,1.13,1.00
2013.12.23 07:27:06.309,0.73491,0.73516,1.00,1.00
2013.12.23 07:27:10.049,0.73494,0.73518,1.00,1.00
2013.12.23 07:27:16.429,0.73495,0.73518,1.00,1.00
2013.12.23 07:27:20.857,0.73494,0.73518,1.00,1.00
2013.12.23 07:27:21.380,0.73496,0.73518,1.00,1.00
2013.12.23 07:27:22.718,0.73495,0.73518,1.00,1.00
2013.12.23 07:27:25.119,0.73493,0.73518,1.00,1.00
2013.12.23 07:27:26.659,0.73493,0.73517,1.00,1.00
2013.12.23 07:27:28.859,0.73494,0.73517,1.00,1.00
2013.12.23 07:27:29.366,0.73494,0.73518,1.00,1.00
2013.12.23 07:27:30.737,0.73491,0.73514,1.00,1.00
2013.12.23 07:27:31.175,0.73489,0.73514,1.88,1.00
2013.12.23 07:27:31.395,0.73491,0.73514,1.00,1.00
2013.12.23 07:27:32.081,0.73493,0.73514,1.00,1.00
2013.12.23 07:27:32.182,0.73493,0.73516,1.00,1.00
2013.12.23 07:27:36.122,0.73493,0.73511,1.00,1.00
2013.12.23 07:27:36.174,0.73489,0.73511,1.00,1.00
2013.12.23 07:27:36.349,0.73491,0.73511,1.00,1.00
2013.12.23 07:27:36.451,0.73491,0.73513,1.00,1.00
2013.12.23 07:27:36.567,0.73489,0.73513,1.00,1.00
2013.12.23 07:27:36.780,0.73489,0.7351,1.00,1.00
2013.12.23 07:27:40.051,0.73486,0.7351,1.00,1.00
2013.12.23 07:27:47.267,0.73486,0.73512,1.00,1.00
2013.12.23 07:27:58.396,0.73486,0.73512,1.38,1.00
2013.12.23 07:28:00.269,0.73486,0.73512,1.38,1.00
2013.12.23 07:28:07.367,0.73491,0.73512,1.00,1.00
2013.12.23 07:28:07.686,0.73487,0.73512,1.88,1.00
2013.12.23 07:28:07.737,0.73487,0.7351,1.88,1.00
2013.12.23 07:28:10.172,0.73487,0.7351,1.50,1.00
2013.12.23 07:28:11.871,0.73487,0.73509,1.50,1.00
2013.12.23 07:28:12.243,0.73487,0.73507,1.00,1.00
2013.12.23 07:28:12.344,0.73484,0.73507,1.00,1.00
2013.12.23 07:28:12.495,0.73481,0.73506,1.00,1.00
2013.12.23 07:28:12.545,0.73482,0.73503,1.00,1.00
2013.12.23 07:28:13.189,0.73482,0.73502,1.00,1.00
2013.12.23 07:28:15.505,0.73481,0.73502,1.00,1.00
2013.12.23 07:28:15.609,0.73481,0.73504,1.00,1.00
2013.12.23 07:28:16.397,0.73481,0.73505,1.00,1.00
2013.12.23 07:28:18.141,0.73481,0.73503,1.00,1.00
2013.12.23 07:28:18.292,0.73478,0.73501,1.13,1.00
2013.12.23 07:28:18.692,0.73478,0.73499,1.00,1.00
2013.12.23 07:28:18.793,0.73476,0.73499,1.00,1.00
2013.12.23 07:28:18.843,0.73476,0.73496,1.00,1.00
2013.12.23 07:28:19.519,0.73475,0.73496,1.00,1.00
2013.12.23 07:28:25.955,0.73477,0.73496,1.00,1.00
2013.12.23 07:28:26.312,0.73477,0.73499,1.00,1.00
2013.12.23 07:28:26.412,0.73477,0.73501,1.00,1.00
2013.12.23 07:28:26.564,0.73481,0.73501,1.00,1.00
2013.12.23 07:28:29.148,0.7348,0.73501,1.00,1.00
2013.12.23 07:28:30.350,0.7348,0.735,1.00,1.00
2013.12.23 07:28:34.975,0.73481,0.735,1.00,1.00
2013.12.23 07:28:35.912,0.7348,0.735,1.00,1.00
2013.12.23 07:28:36.468,0.73478,0.73499,1.00,1.00
2013.12.23 07:28:38.550,0.73477,0.73499,1.00,1.00
2013.12.23 07:28:40.029,0.73477,0.735,1.13,1.00
2013.12.23 07:28:40.825,0.73478,0.735,1.00,1.00
2013.12.23 07:28:49.268,0.73478,0.73501,1.00,1.00
2013.12.23 07:28:50.846,0.73477,0.73501,1.13,1.00
2013.12.23 07:28:51.030,0.73477,0.73499,1.13,1.00
2013.12.23 07:28:51.578,0.73476,0.73499,1.00,1.00
2013.12.23 07:28:52.174,0.73476,0.73498,1.00,1.00
2013.12.23 07:28:56.065,0.73474,0.73498,1.00,1.00
2013.12.23 07:28:56.418,0.73474,0.73495,1.00,1.00
2013.12.23 07:29:03.617,0.73475,0.73495,1.00,1.00
2013.12.23 07:29:08.810,0.73475,0.73495,1.38,1.00
2013.12.23 07:29:10.108,0.73475,0.73497,1.38,1.00
2013.12.23 07:29:13.058,0.73474,0.73499,1.88,1.00
2013.12.23 07:29:13.468,0.73475,0.73496,1.13,1.00
2013.12.23 07:29:13.864,0.73475,0.73496,1.38,1.00
2013.12.23 07:29:16.469,0.73477,0.73499,1.13,1.00
2013.12.23 07:29:22.323,0.73477,0.73498,1.13,1.00
2013.12.23 07:29:22.625,0.73482,0.735,1.50,1.00
2013.12.23 07:29:22.726,0.73483,0.73504,1.00,1.00
2013.12.23 07:29:22.826,0.73486,0.73505,1.00,1.00
2013.12.23 07:29:23.174,0.73484,0.73506,1.00,1.00
2013.12.23 07:29:23.275,0.73484,0.73509,1.00,1.00
2013.12.23 07:29:23.345,0.73486,0.73509,1.00,1.00
2013.12.23 07:29:23.395,0.73486,0.73512,1.00,1.50
2013.12.23 07:29:23.496,0.73488,0.7351,1.00,1.00
2013.12.23 07:29:23.597,0.73488,0.73514,1.00,1.00
2013.12.23 07:29:23.704,0.73486,0.73511,1.50,1.00
2013.12.23 07:29:24.158,0.73486,0.73507,1.00,1.00
2013.12.23 07:29:24.410,0.73481,0.73505,1.88,1.00
2013.12.23 07:29:24.696,0.73481,0.73507,1.88,1.00
2013.12.23 07:29:26.609,0.73487,0.73507,1.00,1.00
2013.12.23 07:29:26.721,0.73487,0.73509,1.00,1.00
2013.12.23 07:29:26.822,0.73487,0.73506,1.00,1.00
2013.12.23 07:29:27.397,0.73483,0.73506,1.38,1.00
2013.12.23 07:29:27.448,0.73483,0.73508,1.88,1.00
2013.12.23 07:29:27.852,0.73483,0.73508,1.88,1.00
2013.12.23 07:29:28.429,0.73486,0.7351,1.00,1.00
2013.12.23 07:29:28.871,0.73489,0.73512,1.00,1.00
2013.12.23 07:29:29.253,0.73492,0.73512,1.00,1.00
2013.12.23 07:29:29.309,0.73492,0.73514,1.00,1.00
2013.12.23 07:29:29.360,0.73496,0.73514,1.00,1.00
2013.12.23 07:29:29.529,0.73496,0.73518,1.00,1.00
2013.12.23 07:29:29.780,0.73496,0.7352,1.88,1.00
2013.12.23 07:29:29.981,0.735,0.7352,1.00,1.00
2013.12.23 07:29:32.128,0.735,0.73519,1.00,1.00
2013.12.23 07:29:32.179,0.73493,0.73518,1.88,1.00
2013.12.23 07:29:32.279,0.73493,0.73515,1.38,1.00
2013.12.23 07:29:32.674,0.73491,0.73512,1.38,1.00
2013.12.23 07:29:32.725,0.73491,0.73512,1.38,1.00
2013.12.23 07:29:34.530,0.73491,0.73512,1.38,1.00
2013.12.23 07:29:38.592,0.73491,0.73514,1.38,1.00
2013.12.23 07:29:38.642,0.73491,0.73514,1.38,1.00
2013.12.23 07:29:40.906,0.73502,0.73514,1.00,1.00
2013.12.23 07:29:41.007,0.73502,0.73523,1.00,1.00
2013.12.23 07:29:41.128,0.73501,0.73526,1.00,1.38
2013.12.23 07:29:41.178,0.73501,0.73526,1.38,1.38
2013.12.23 07:29:41.280,0.73507,0.73528,1.38,1.00
2013.12.23 07:29:41.908,0.73507,0.73529,1.38,1.00
2013.12.23 07:29:42.336,0.73507,0.73531,1.88,1.00
2013.12.23 07:29:42.883,0.73511,0.73531,1.38,1.00
2013.12.23 07:29:43.146,0.73511,0.73529,1.38,1.00
2013.12.23 07:29:43.247,0.73509,0.73531,1.38,1.00
2013.12.23 07:29:43.448,0.73511,0.73534,1.88,1.00
2013.12.23 07:29:44.987,0.73515,0.73534,1.00,1.00
2013.12.23 07:29:45.324,0.73517,0.73534,1.00,1.00
2013.12.23 07:29:45.847,0.73516,0.73534,1.00,1.00
2013.12.23 07:29:46.975,0.73516,0.73533,1.00,1.00
2013.12.23 07:29:48.166,0.73516,0.73538,1.00,1.38
2013.12.23 07:29:52.673,0.73516,0.73534,1.00,1.00
2013.12.23 07:29:53.063,0.73514,0.73534,1.00,1.00
2013.12.23 07:29:53.658,0.73514,0.73534,1.00,1.38
2013.12.23 07:29:54.008,0.73515,0.7353,1.00,1.00
2013.12.23 07:29:54.562,0.73514,0.7353,1.00,1.00
2013.12.23 07:29:54.884,0.73514,0.73528,1.00,1.00
2013.12.23 07:29:54.935,0.73512,0.73528,1.00,1.00
2013.12.23 07:29:56.468,0.73515,0.73528,1.00,1.00
2013.12.23 07:29:56.538,0.73512,0.73528,1.00,1.00
2013.12.23 07:29:56.978,0.73507,0.73528,1.00,1.50
2013.12.23 07:30:00.061,0.73507,0.73525,1.00,1.00
2013.12.23 07:30:00.420,0.73501,0.73525,1.00,1.00
2013.12.23 07:30:00.477,0.73501,0.73525,1.38,1.00
2013.12.23 07:30:00.828,0.735,0.73522,1.38,1.00
2013.12.23 07:30:00.929,0.73497,0.73522,2.25,1.00
2013.12.23 07:30:01.470,0.73499,0.73523,1.13,1.00
2013.12.23 07:30:01.521,0.73499,0.73519,1.38,1.00
2013.12.23 07:30:02.834,0.73496,0.73518,1.38,1.00
2013.12.23 07:30:03.110,0.73496,0.73516,1.00,1.00
2013.12.23 07:30:03.413,0.73496,0.73513,1.00,1.00
2013.12.23 07:30:03.513,0.73492,0.73513,1.00,1.00
2013.12.23 07:30:04.574,0.73489,0.73513,1.38,1.00
2013.12.23 07:30:04.683,0.73492,0.73513,1.00,1.00
2013.12.23 07:30:05.377,0.73489,0.73513,1.38,1.50
2013.12.23 07:30:05.780,0.73487,0.7351,1.75,1.00
2013.12.23 07:30:17.328,0.73491,0.7351,1.00,1.00
2013.12.23 07:30:23.384,0.73491,0.73509,1.00,1.00
2013.12.23 07:30:23.535,0.73488,0.73509,1.13,1.00
2013.12.23 07:30:24.149,0.73487,0.73509,1.13,1.00
2013.12.23 07:30:24.424,0.73485,0.73508,1.00,1.00
2013.12.23 07:30:24.936,0.73484,0.73508,1.00,1.50
2013.12.23 07:30:24.986,0.73484,0.73502,1.00,1.00
2013.12.23 07:30:27.448,0.73482,0.73502,1.88,1.00
2013.12.23 07:30:33.558,0.73482,0.73498,1.13,1.00
2013.12.23 07:30:34.715,0.73478,0.73499,1.00,1.00
2013.12.23 07:30:35.425,0.73476,0.73498,1.38,1.00
2013.12.23 07:30:43.237,0.73476,0.73498,1.38,1.00
2013.12.23 07:30:45.653,0.73478,0.73498,1.38,1.00
2013.12.23 07:30:47.365,0.73478,0.73499,1.38,1.00
2013.12.23 07:30:53.079,0.73481,0.73499,1.00,1.00
2013.12.23 07:30:54.001,0.73481,0.73497,1.00,1.00
2013.12.23 07:30:54.605,0.73481,0.73499,1.00,1.00
2013.12.23 07:30:55.050,0.73482,0.73501,1.00,1.00
2013.12.23 07:30:59.248,0.73479,0.73501,1.13,1.00
2013.12.23 07:31:01.167,0.73479,0.73497,1.13,1.00
2013.12.23 07:31:02.281,0.73479,0.73495,1.13,1.00
2013.12.23 07:31:07.104,0.73476,0.73495,1.88,1.00
2013.12.23 07:31:07.776,0.73475,0.73495,1.38,1.00
2013.12.23 07:31:10.197,0.73475,0.73495,1.00,1.00
2013.12.23 07:31:10.298,0.73473,0.73495,1.13,1.00
2013.12.23 07:31:11.117,0.73477,0.73494,1.00,1.00
2013.12.23 07:31:11.656,0.73477,0.73495,1.00,1.00
2013.12.23 07:31:11.903,0.73471,0.73495,1.38,1.00
2013.12.23 07:31:12.448,0.73473,0.73495,1.13,1.00
2013.12.23 07:31:12.498,0.73474,0.73495,1.38,1.00
2013.12.23 07:31:12.827,0.73471,0.73495,1.50,1.00
2013.12.23 07:31:12.878,0.73471,0.73493,1.00,1.00
2013.12.23 07:31:13.130,0.73472,0.73495,1.00,1.00
2013.12.23 07:31:17.497,0.73471,0.73493,1.00,1.00
2013.12.23 07:31:17.839,0.73474,0.73493,1.00,1.00
2013.12.23 07:31:18.665,0.73475,0.73493,1.00,1.00
2013.12.23 07:31:20.358,0.73475,0.73498,1.00,1.00
2013.12.23 07:31:20.409,0.73477,0.73498,1.00,1.00
2013.12.23 07:31:21.058,0.73477,0.73499,1.00,1.00
2013.12.23 07:31:21.124,0.73477,0.73501,1.50,1.50
2013.12.23 07:31:21.175,0.73479,0.73503,1.00,1.50
2013.12.23 07:31:21.896,0.73478,0.73503,1.13,1.50
2013.12.23 07:31:22.365,0.73481,0.73503,1.13,1.50
2013.12.23 07:31:23.338,0.73482,0.73503,1.00,1.50
2013.12.23 07:31:31.258,0.73483,0.73503,1.00,1.50
2013.12.23 07:31:32.493,0.73481,0.73503,1.38,1.50
2013.12.23 07:31:32.954,0.73481,0.73503,1.38,1.00
2013.12.23 07:31:33.525,0.73481,0.73504,1.38,1.00
2013.12.23 07:31:34.053,0.73481,0.73504,1.38,1.00
2013.12.23 07:31:40.897,0.73481,0.73503,1.38,1.00
2013.12.23 07:31:42.720,0.73481,0.73503,1.13,1.00
2013.12.23 07:31:43.365,0.73481,0.73503,1.38,1.00
2013.12.23 07:31:47.982,0.73485,0.73503,1.00,1.00
2013.12.23 07:31:48.308,0.73488,0.73504,1.00,1.00
2013.12.23 07:31:48.837,0.73487,0.73504,1.00,1.00
2013.12.23 07:31:48.888,0.73485,0.73504,1.00,1.00
2013.12.23 07:31:49.131,0.73486,0.73508,1.00,1.50
2013.12.23 07:31:49.641,0.73486,0.73508,1.88,1.00
2013.12.23 07:31:51.203,0.73486,0.73509,1.88,1.00
2013.12.23 07:31:51.707,0.73489,0.73509,1.00,1.00
2013.12.23 07:31:52.553,0.73493,0.73509,1.00,1.00
2013.12.23 07:31:58.671,0.7349,0.73509,1.00,1.00
2013.12.23 07:32:00.188,0.73491,0.73509,1.00,1.00
2013.12.23 07:32:06.073,0.73491,0.73513,1.50,1.38
2013.12.23 07:32:08.665,0.73491,0.73513,1.50,1.38
2013.12.23 07:32:09.670,0.73492,0.73513,1.00,1.13
2013.12.23 07:32:10.199,0.73491,0.73513,1.13,1.00
2013.12.23 07:32:10.250,0.73491,0.73508,1.00,1.00
2013.12.23 07:32:11.151,0.73491,0.73505,1.00,1.00
2013.12.23 07:32:11.721,0.73491,0.73511,1.13,1.00
2013.12.23 07:32:11.822,0.73491,0.73508,1.13,1.00
2013.12.23 07:32:12.343,0.73491,0.73505,1.00,1.00
2013.12.23 07:32:12.452,0.73486,0.73504,1.50,1.00
2013.12.23 07:32:12.782,0.73486,0.73501,1.00,1.00
2013.12.23 07:32:22.612,0.73482,0.73501,1.88,1.00
2013.12.23 07:32:22.663,0.73482,0.73501,1.88,1.00
2013.12.23 07:32:35.765,0.73482,0.73497,1.13,1.00
2013.12.23 07:32:35.916,0.73482,0.735,1.00,1.00
2013.12.23 07:32:36.212,0.73482,0.73496,1.00,1.00
2013.12.23 07:32:36.679,0.73481,0.73501,1.00,1.00
2013.12.23 07:32:36.851,0.73486,0.73501,1.00,1.00
2013.12.23 07:32:36.901,0.73486,0.73503,1.00,1.13
2013.12.23 07:32:38.626,0.73486,0.73501,1.00,1.00
2013.12.23 07:32:44.515,0.73486,0.73503,1.00,1.00
2013.12.23 07:32:44.767,0.73486,0.73506,1.00,1.00
2013.12.23 07:32:45.622,0.73486,0.73507,1.38,1.50
2013.12.23 07:32:46.216,0.73486,0.73507,1.00,1.00
2013.12.23 07:32:50.021,0.73486,0.73507,1.38,1.00
2013.12.23 07:32:55.741,0.73486,0.73507,1.00,1.00
2013.12.23 07:33:05.127,0.73486,0.73508,1.00,1.50
2013.12.23 07:33:12.898,0.73486,0.73507,1.00,1.00
2013.12.23 07:33:13.518,0.73486,0.73504,1.00,1.00
2013.12.23 07:33:15.071,0.73486,0.73502,1.00,1.00
2013.12.23 07:33:15.639,0.73486,0.73503,1.00,1.00
2013.12.23 07:33:16.370,0.73486,0.73502,1.00,1.00
2013.12.23 07:33:17.254,0.73486,0.73503,1.00,1.00
2013.12.23 07:33:17.841,0.73481,0.73503,1.38,1.50
2013.12.23 07:33:17.891,0.73481,0.73499,1.00,1.00
2013.12.23 07:33:19.959,0.73487,0.73499,1.00,1.00
2013.12.23 07:33:22.887,0.73487,0.73502,1.00,1.00
2013.12.23 07:33:25.653,0.73487,0.73502,1.00,1.38
2013.12.23 07:33:27.063,0.73487,0.73497,1.00,1.00
2013.12.23 07:33:27.247,0.73482,0.73497,1.00,1.13
2013.12.23 07:33:27.348,0.73487,0.73497,1.00,1.13
2013.12.23 07:33:31.422,0.73486,0.73496,1.00,1.00
2013.12.23 07:33:33.682,0.73487,0.73497,1.00,1.00
2013.12.23 07:33:45.581,0.73487,0.735,1.00,1.88
2013.12.23 07:33:46.112,0.73487,0.735,1.00,1.13
2013.12.23 07:33:46.908,0.73487,0.73501,1.00,1.00
2013.12.23 07:33:47.038,0.73487,0.73503,1.00,1.13
2013.12.23 07:33:47.892,0.73487,0.73502,1.00,1.00
2013.12.23 07:34:02.355,0.73492,0.73502,1.00,1.50
2013.12.23 07:34:03.114,0.73487,0.73502,1.00,1.50
2013.12.23 07:34:03.346,0.73487,0.73499,1.00,1.00
2013.12.23 07:34:04.443,0.73487,0.73502,1.00,1.50
2013.12.23 07:34:05.326,0.73491,0.73502,1.00,1.88
2013.12.23 07:34:22.355,0.73486,0.73502,1.00,1.50
2013.12.23 07:34:22.933,0.73486,0.73501,1.00,1.00
2013.12.23 07:34:24.584,0.73486,0.735,1.00,1.00
2013.12.23 07:34:31.091,0.73482,0.735,1.00,1.00
2013.12.23 07:34:31.141,0.73482,0.73495,1.00,1.00
2013.12.23 07:34:31.443,0.73482,0.73491,1.00,1.00
2013.12.23 07:34:32.129,0.73477,0.73491,1.00,1.00
2013.12.23 07:34:32.341,0.73477,0.73487,1.00,1.00
2013.12.23 07:34:34.896,0.73477,0.73493,1.00,1.00
2013.12.23 07:34:34.996,0.73477,0.73491,1.00,1.00
2013.12.23 07:34:37.362,0.73471,0.73491,1.00,1.50
2013.12.23 07:34:38.803,0.73471,0.73495,1.50,1.00
2013.12.23 07:34:40.408,0.73471,0.73493,1.00,1.50
2013.12.23 07:34:41.496,0.73471,0.73494,1.00,1.00
2013.12.23 07:34:41.850,0.73477,0.73497,1.00,1.50
2013.12.23 07:34:44.983,0.73477,0.73493,1.00,1.00
2013.12.23 07:34:58.357,0.73477,0.73496,1.00,1.00
2013.12.23 07:35:01.527,0.73477,0.73499,1.00,1.00
2013.12.23 07:35:02.401,0.73477,0.73497,1.00,1.00
2013.12.23 07:35:22.634,0.73477,0.73498,1.00,1.00
2013.12.23 07:35:41.293,0.73482,0.73498,1.00,1.00
2013.12.23 07:35:43.536,0.73482,0.73496,1.00,1.00
2013.12.23 07:36:00.398,0.73477,0.73496,1.00,1.00
2013.12.23 07:36:04.505,0.73477,0.73497,1.00,1.00
2013.12.23 07:36:08.559,0.73474,0.73497,1.38,1.00
2013.12.23 07:36:08.772,0.73477,0.73495,1.00,1.00
2013.12.23 07:36:08.923,0.73471,0.73494,1.38,1.00
2013.12.23 07:36:09.421,0.73471,0.73491,1.88,1.00
2013.12.23 07:36:09.556,0.73471,0.73494,1.88,1.00
2013.12.23 07:36:26.102,0.73471,0.73492,1.50,1.00
2013.12.23 07:36:33.219,0.73471,0.73493,1.00,1.00
2013.12.23 07:36:34.929,0.73471,0.73491,1.00,1.00
2013.12.23 07:36:56.669,0.73471,0.73491,1.38,1.00
2013.12.23 07:36:56.979,0.73477,0.73493,1.00,1.00
2013.12.23 07:37:05.149,0.73472,0.73493,1.00,1.00
2013.12.23 07:37:05.808,0.73476,0.73493,1.00,1.00
2013.12.23 07:37:07.914,0.73476,0.73492,1.00,1.00
2013.12.23 07:37:10.515,0.73476,0.73493,1.00,1.00
2013.12.23 07:37:11.368,0.73476,0.73492,1.00,1.00
2013.12.23 07:37:13.322,0.73476,0.73494,1.00,1.50
2013.12.23 07:37:13.423,0.73476,0.73491,1.00,1.00
2013.12.23 07:37:16.371,0.73472,0.73491,1.00,1.00
2013.12.23 07:37:16.802,0.73472,0.73494,1.00,1.50
2013.12.23 07:37:30.558,0.73472,0.73493,1.00,1.00
2013.12.23 07:37:31.333,0.73471,0.73493,1.00,1.00
2013.12.23 07:37:31.384,0.73471,0.73491,1.00,1.00
2013.12.23 07:37:32.869,0.73471,0.7349,1.00,1.00
2013.12.23 07:37:39.317,0.73471,0.73491,1.00,1.50
2013.12.23 07:37:40.167,0.73466,0.73489,1.38,1.00
2013.12.23 07:37:40.814,0.73466,0.73489,1.38,1.50
2013.12.23 07:37:41.539,0.73466,0.73489,1.00,1.00
2013.12.23 07:37:42.685,0.73466,0.73488,1.00,1.00
2013.12.23 07:37:43.276,0.73466,0.73487,1.00,1.00
2013.12.23 07:37:43.579,0.73472,0.73487,1.00,1.00
2013.12.23 07:37:47.318,0.73466,0.73487,1.00,1.00
2013.12.23 07:37:47.874,0.73466,0.73486,1.00,1.00
2013.12.23 07:37:48.229,0.73471,0.7349,1.00,1.00
2013.12.23 07:37:48.547,0.73481,0.73495,1.00,1.00
2013.12.23 07:37:49.043,0.73482,0.73492,1.00,1.00
2013.12.23 07:37:50.714,0.73482,0.73496,1.00,1.13
2013.12.23 07:37:50.923,0.73482,0.73502,1.00,1.00
2013.12.23 07:37:51.200,0.73482,0.73504,1.00,1.13
2013.12.23 07:37:52.784,0.73482,0.73506,1.50,1.75
2013.12.23 07:37:52.924,0.73486,0.73506,1.00,1.75
2013.12.23 07:37:54.420,0.73486,0.73507,1.00,1.75
2013.12.23 07:37:54.722,0.73492,0.73504,1.00,1.00
2013.12.23 07:37:55.700,0.73492,0.73505,1.00,1.00
2013.12.23 07:37:56.201,0.73492,0.73505,1.00,1.50
2013.12.23 07:37:56.751,0.73491,0.73504,1.00,1.00
2013.12.23 07:37:57.419,0.73486,0.73506,1.00,1.00
2013.12.23 07:38:00.367,0.73491,0.73506,1.00,1.00
2013.12.23 07:38:01.067,0.73486,0.73506,1.00,1.00
2013.12.23 07:38:02.918,0.73486,0.73508,1.00,1.00
2013.12.23 07:38:03.411,0.73491,0.7351,1.00,1.13
2013.12.23 07:38:03.563,0.73491,0.73514,1.50,1.13
2013.12.23 07:38:06.780,0.73494,0.73514,1.00,1.13
2013.12.23 07:38:07.168,0.73501,0.73517,1.00,1.13
2013.12.23 07:38:07.420,0.73501,0.73519,1.00,1.00
2013.12.23 07:38:07.521,0.73501,0.73521,1.00,2.10
2013.12.23 07:38:07.722,0.73501,0.7352,1.00,1.38
2013.12.23 07:38:07.923,0.73501,0.73523,1.00,1.38
2013.12.23 07:38:08.548,0.73497,0.73518,2.25,1.00
2013.12.23 07:38:08.884,0.73502,0.73523,1.00,1.50
2013.12.23 07:38:09.236,0.73507,0.73523,1.00,1.38
2013.12.23 07:38:09.287,0.73507,0.73522,1.00,1.38
2013.12.23 07:38:09.439,0.73501,0.73524,1.00,1.38
2013.12.23 07:38:09.578,0.73507,0.73526,1.00,1.75
2013.12.23 07:38:10.121,0.73507,0.73526,1.00,2.25
2013.12.23 07:38:10.840,0.73512,0.73526,1.00,1.50
2013.12.23 07:38:10.941,0.73512,0.73525,1.00,1.00
2013.12.23 07:38:11.042,0.73506,0.73525,1.00,1.88
2013.12.23 07:38:11.876,0.73506,0.73525,1.00,1.38
2013.12.23 07:38:12.068,0.73502,0.73523,1.00,1.50
2013.12.23 07:38:14.266,0.73507,0.73523,1.00,1.00
2013.12.23 07:38:14.467,0.73507,0.73526,1.00,1.88
2013.12.23 07:38:14.783,0.73512,0.73528,1.00,1.75
2013.12.23 07:38:15.286,0.73511,0.73527,1.00,1.13
2013.12.23 07:38:15.792,0.73512,0.73528,1.00,1.00
2013.12.23 07:38:16.339,0.73512,0.7353,1.00,1.00
2013.12.23 07:38:16.440,0.73512,0.73534,1.00,1.00
2013.12.23 07:38:16.540,0.73513,0.73537,1.00,1.50
2013.12.23 07:38:16.641,0.73509,0.73533,1.00,1.00
2013.12.23 07:38:18.315,0.73514,0.73537,1.00,1.00
2013.12.23 07:38:18.504,0.7351,0.73534,1.00,1.00
2013.12.23 07:38:19.276,0.73509,0.73533,1.00,1.00
2013.12.23 07:38:22.243,0.73507,0.7353,1.00,1.00
2013.12.23 07:38:23.683,0.73507,0.73531,1.50,1.00
2013.12.23 07:38:25.008,0.73509,0.73533,1.00,1.00
2013.12.23 07:38:25.654,0.73513,0.73535,1.00,1.00
2013.12.23 07:38:26.093,0.73514,0.73537,1.00,1.00
2013.12.23 07:38:27.068,0.73514,0.73538,1.00,1.00
2013.12.23 07:38:33.793,0.73511,0.73537,2.25,1.00
2013.12.23 07:38:34.893,0.73512,0.73536,1.00,1.00
2013.12.23 07:38:37.288,0.73512,0.73536,1.38,1.00
2013.12.23 07:38:37.789,0.73514,0.73538,1.00,1.00
2013.12.23 07:38:37.864,0.73512,0.73536,1.38,1.00
2013.12.23 07:38:38.095,0.73513,0.73539,1.38,1.50
2013.12.23 07:38:38.639,0.73513,0.73539,1.00,1.50
2013.12.23 07:38:43.897,0.73513,0.73538,1.00,1.00
2013.12.23 07:38:44.263,0.73511,0.73537,1.50,1.00
2013.12.23 07:38:47.582,0.73511,0.73536,1.00,1.00
2013.12.23 07:38:51.562,0.73513,0.73537,1.00,1.00
2013.12.23 07:38:54.828,0.73512,0.73536,1.50,1.00
2013.12.23 07:38:57.252,0.73513,0.73537,1.00,1.00
2013.12.23 07:38:58.223,0.73515,0.73539,1.00,1.50
2013.12.23 07:38:58.896,0.73515,0.73541,1.88,1.00
2013.12.23 07:39:00.313,0.73515,0.73539,1.88,1.00
2013.12.23 07:39:00.644,0.73515,0.73541,1.88,1.00
2013.12.23 07:39:00.839,0.73515,0.73538,1.00,1.00
2013.12.23 07:39:01.001,0.73512,0.73538,1.50,2.25
2013.12.23 07:39:01.210,0.73517,0.73538,1.00,1.00
2013.12.23 07:39:01.646,0.73511,0.73537,1.38,1.00
2013.12.23 07:39:01.706,0.73511,0.73537,1.00,1.00
2013.12.23 07:39:01.886,0.7351,0.73534,1.00,1.00
2013.12.23 07:39:01.986,0.73508,0.73534,1.00,1.00
2013.12.23 07:39:02.104,0.73507,0.73531,1.50,1.00
2013.12.23 07:39:02.417,0.73504,0.73528,1.00,1.00
2013.12.23 07:39:03.418,0.73506,0.73532,1.00,1.00
2013.12.23 07:39:03.620,0.73511,0.73532,1.00,1.00
2013.12.23 07:39:03.965,0.73511,0.73534,1.00,1.00
2013.12.23 07:39:04.176,0.73511,0.73531,1.00,1.00
2013.12.23 07:39:04.356,0.73507,0.73531,1.00,1.50
2013.12.23 07:39:06.133,0.73505,0.73528,1.00,1.00
2013.12.23 07:39:06.657,0.73502,0.73526,1.38,1.00
2013.12.23 07:39:07.133,0.73502,0.73524,1.38,1.00
2013.12.23 07:39:07.890,0.735,0.73523,1.38,1.00
2013.12.23 07:39:08.536,0.735,0.73523,1.38,1.00
2013.12.23 07:39:09.209,0.73499,0.73523,1.50,1.50
2013.12.23 07:39:09.962,0.73499,0.73523,1.50,1.50
2013.12.23 07:39:10.342,0.73499,0.73513,1.13,1.00
2013.12.23 07:39:10.644,0.73501,0.73513,1.00,1.00
2013.12.23 07:39:10.795,0.73494,0.73508,1.00,1.00
2013.12.23 07:39:10.896,0.73489,0.73503,1.75,1.00
2013.12.23 07:39:10.946,0.73489,0.73503,1.00,1.00
2013.12.23 07:39:10.997,0.73487,0.73503,1.00,1.00
2013.12.23 07:39:11.501,0.73486,0.73503,1.00,1.00
2013.12.23 07:39:11.552,0.73484,0.73503,1.13,1.00
2013.12.23 07:39:11.653,0.73481,0.73499,1.00,1.00
2013.12.23 07:39:13.299,0.73481,0.73503,1.00,1.00
2013.12.23 07:39:13.515,0.73483,0.73503,1.00,1.00
2013.12.23 07:39:16.491,0.73486,0.73503,1.00,1.00
2013.12.23 07:39:20.334,0.73486,0.73507,1.00,1.13
2013.12.23 07:39:21.000,0.73487,0.73507,1.00,1.13
2013.12.23 07:39:22.753,0.73486,0.7351,1.50,1.38
2013.12.23 07:39:23.282,0.73487,0.7351,1.00,1.00
2013.12.23 07:39:23.854,0.73488,0.73511,1.00,1.00
2013.12.23 07:39:23.904,0.73492,0.7351,1.00,1.00
2013.12.23 07:39:24.005,0.73492,0.73512,1.00,1.00
2013.12.23 07:39:24.076,0.73496,0.73512,1.00,1.00
2013.12.23 07:39:24.688,0.73496,0.73513,1.00,1.00
2013.12.23 07:39:25.222,0.73501,0.73513,1.00,1.00
2013.12.23 07:39:25.327,0.73497,0.73513,1.00,1.00
2013.12.23 07:39:29.617,0.73491,0.73513,1.00,1.00
2013.12.23 07:39:29.725,0.73497,0.73513,1.00,1.00
2013.12.23 07:39:40.023,0.73497,0.73514,1.00,1.00
2013.12.23 07:39:42.447,0.73497,0.73513,1.00,1.00
2013.12.23 07:39:42.706,0.73491,0.73511,1.00,1.50
2013.12.23 07:39:43.368,0.73491,0.73512,1.13,1.00
2013.12.23 07:39:43.468,0.73491,0.73509,1.13,1.00
2013.12.23 07:39:44.095,0.73491,0.73512,1.13,1.00
2013.12.23 07:39:44.145,0.73497,0.73512,1.00,1.00
2013.12.23 07:39:44.409,0.73497,0.73515,1.00,1.00
2013.12.23 07:39:44.579,0.73502,0.73515,1.00,1.00
2013.12.23 07:39:44.890,0.73502,0.73523,1.00,1.50
2013.12.23 07:39:45.032,0.73497,0.73523,1.50,2.63
2013.12.23 07:39:45.133,0.73506,0.73523,1.00,1.50
2013.12.23 07:39:45.477,0.73507,0.73525,1.00,1.00
2013.12.23 07:39:46.337,0.73502,0.73526,1.00,1.50
2013.12.23 07:39:46.718,0.73502,0.73524,1.00,1.00
2013.12.23 07:39:47.107,0.73506,0.73525,1.00,1.00
2013.12.23 07:39:47.813,0.73506,0.73523,1.00,1.00
2013.12.23 07:39:48.363,0.73506,0.73525,1.00,1.00
2013.12.23 07:39:48.953,0.73506,0.73523,1.00,1.00
2013.12.23 07:39:49.132,0.73506,0.73525,1.00,1.00
2013.12.23 07:39:51.113,0.73506,0.73524,1.00,1.00
2013.12.23 07:39:53.652,0.73506,0.73526,1.00,1.50
2013.12.23 07:39:55.187,0.73501,0.73526,1.00,1.00
2013.12.23 07:39:55.406,0.73501,0.73523,1.00,1.00
2013.12.23 07:39:56.392,0.73501,0.73526,1.00,1.50
2013.12.23 07:40:01.216,0.73501,0.73526,1.38,1.50
2013.12.23 07:40:01.863,0.73506,0.73526,1.00,1.00
2013.12.23 07:40:09.923,0.73511,0.73526,1.00,1.00
2013.12.23 07:40:10.074,0.73511,0.73529,1.00,1.00
2013.12.23 07:40:10.341,0.73517,0.73529,1.00,1.00
2013.12.23 07:40:10.391,0.73517,0.73531,1.00,1.00
2013.12.23 07:40:10.492,0.73517,0.73533,1.00,1.00
2013.12.23 07:40:10.593,0.73517,0.73536,1.00,1.50
2013.12.23 07:40:10.700,0.73517,0.73534,1.00,1.00
2013.12.23 07:40:10.922,0.73517,0.73536,1.00,1.00
2013.12.23 07:40:11.466,0.73517,0.73537,1.00,1.50
2013.12.23 07:40:11.837,0.73517,0.7354,1.50,1.00
2013.12.23 07:40:11.938,0.73517,0.73537,1.00,1.00
2013.12.23 07:40:12.155,0.73517,0.7354,1.50,1.00
2013.12.23 07:40:12.459,0.73517,0.73538,1.00,1.00
2013.12.23 07:40:12.563,0.73517,0.7354,1.00,1.00
2013.12.23 07:40:13.883,0.73517,0.73537,1.00,1.00
2013.12.23 07:40:16.528,0.73513,0.73537,1.00,1.00
2013.12.23 07:40:19.521,0.73515,0.73539,1.00,1.00
2013.12.23 07:40:19.652,0.73511,0.73537,1.50,1.00
2013.12.23 07:40:21.408,0.73514,0.73538,1.00,1.00
2013.12.23 07:40:21.819,0.73516,0.7354,1.00,1.50
2013.12.23 07:40:22.339,0.73517,0.73539,1.00,1.00
2013.12.23 07:40:22.684,0.73516,0.73537,1.00,1.00
2013.12.23 07:40:23.827,0.73517,0.73537,1.00,1.00
2013.12.23 07:40:24.130,0.73517,0.73535,1.00,1.00
2013.12.23 07:40:24.471,0.73517,0.73533,1.00,1.00
2013.12.23 07:40:24.886,0.73511,0.73533,1.38,1.00
2013.12.23 07:40:24.949,0.73511,0.73533,1.13,1.00
2013.12.23 07:40:25.152,0.73512,0.73531,1.00,1.00
2013.12.23 07:40:26.357,0.73512,0.7353,1.00,1.00
2013.12.23 07:40:27.743,0.73512,0.73528,1.00,1.00
2013.12.23 07:40:31.035,0.73512,0.73527,1.00,1.00
2013.12.23 07:40:31.186,0.73507,0.7353,1.00,1.50
2013.12.23 07:40:32.364,0.73507,0.73529,1.00,1.00
2013.12.23 07:40:34.261,0.73507,0.7353,1.00,1.50
2013.12.23 07:40:41.606,0.73507,0.73529,1.00,1.00
2013.12.23 07:40:44.401,0.73507,0.7353,1.00,1.00
2013.12.23 07:40:44.501,0.73511,0.7353,1.00,1.00
2013.12.23 07:40:44.790,0.73511,0.73533,1.00,1.00
2013.12.23 07:40:45.417,0.73511,0.73534,1.00,1.00
2013.12.23 07:40:47.479,0.73509,0.73534,1.38,1.00
2013.12.23 07:40:47.782,0.73507,0.73533,1.00,1.00
2013.12.23 07:40:49.130,0.73508,0.73534,1.00,2.25
2013.12.23 07:40:52.410,0.73509,0.73533,1.00,1.00
2013.12.23 07:40:52.912,0.73509,0.73534,1.00,1.50
2013.12.23 07:40:54.804,0.73511,0.73534,1.00,1.50
2013.12.23 07:40:55.125,0.7351,0.73529,1.00,1.00
2013.12.23 07:40:55.175,0.73507,0.73529,1.13,1.00
2013.12.23 07:40:55.353,0.7351,0.73529,1.00,1.00
2013.12.23 07:40:57.992,0.73508,0.73529,1.00,1.00
2013.12.23 07:40:58.590,0.73506,0.73529,1.38,1.00
2013.12.23 07:40:59.376,0.73504,0.73529,1.38,1.00
2013.12.23 07:41:04.105,0.73504,0.73529,1.38,1.00
2013.12.23 07:41:05.349,0.73504,0.73529,1.13,1.00
2013.12.23 07:41:07.234,0.73502,0.73528,2.25,1.00
2013.12.23 07:41:07.868,0.73504,0.73529,1.13,1.00
2013.12.23 07:41:15.817,0.73504,0.73523,1.13,1.00
2013.12.23 07:41:16.473,0.73506,0.73523,1.00,1.00
2013.12.23 07:41:19.393,0.73506,0.73529,1.00,1.00
2013.12.23 07:41:20.408,0.73507,0.7353,1.00,1.00
2013.12.23 07:41:22.144,0.73506,0.73528,1.00,1.00
2013.12.23 07:41:22.696,0.73505,0.73528,1.00,1.00
2013.12.23 07:41:23.403,0.73503,0.73527,1.38,1.00
2013.12.23 07:41:24.565,0.73503,0.73523,1.38,1.00
2013.12.23 07:41:25.118,0.73503,0.73523,1.13,1.00
2013.12.23 07:41:25.615,0.73497,0.73521,2.25,1.00
2013.12.23 07:41:25.716,0.73497,0.73518,1.00,1.00
2013.12.23 07:41:25.956,0.73497,0.73516,1.00,1.00
2013.12.23 07:41:26.145,0.73492,0.73513,1.00,1.00
2013.12.23 07:41:26.715,0.73491,0.73513,1.00,1.50
2013.12.23 07:41:26.875,0.73491,0.73509,1.00,1.00
2013.12.23 07:41:26.925,0.73488,0.73509,1.00,1.00
2013.12.23 07:41:27.076,0.73486,0.73509,1.13,1.50
2013.12.23 07:41:27.176,0.73486,0.73505,1.00,1.00
2013.12.23 07:41:27.327,0.73482,0.73505,1.38,1.00
2013.12.23 07:41:27.378,0.73482,0.73502,1.38,1.00
2013.12.23 07:41:27.479,0.73481,0.73502,1.50,1.00
2013.12.23 07:41:27.675,0.73481,0.73505,1.50,1.00
2013.12.23 07:41:30.112,0.73481,0.73506,1.00,1.00
2013.12.23 07:41:34.134,0.7348,0.73504,1.50,1.00
2013.12.23 07:41:38.033,0.7348,0.73502,1.00,1.00
2013.12.23 07:41:38.134,0.73478,0.73502,1.00,1.00
2013.12.23 07:41:41.881,0.73478,0.73494,1.88,1.00
2013.12.23 07:41:43.379,0.73478,0.73498,1.00,1.00
2013.12.23 07:41:44.090,0.73478,0.73498,1.88,1.00
2013.12.23 07:41:45.134,0.73477,0.73503,1.88,1.88
2013.12.23 07:41:45.185,0.73477,0.73501,1.50,1.13
2013.12.23 07:41:46.565,0.73477,0.73499,1.00,1.00
2013.12.23 07:41:47.494,0.73475,0.73499,1.00,1.00
2013.12.23 07:41:49.094,0.73477,0.73501,1.00,1.38
2013.12.23 07:41:51.192,0.73477,0.73501,1.00,1.00
2013.12.23 07:41:53.498,0.73475,0.73499,1.00,1.00
2013.12.23 07:42:02.624,0.73477,0.73501,1.00,1.00
2013.12.23 07:42:04.053,0.73475,0.73498,1.00,1.00
2013.12.23 07:42:06.665,0.73474,0.73498,1.00,1.50
2013.12.23 07:42:07.169,0.73476,0.73498,1.13,1.00
2013.12.23 07:42:14.255,0.73476,0.73499,1.13,1.00
2013.12.23 07:42:14.907,0.73476,0.73498,1.00,1.00
2013.12.23 07:42:15.313,0.73472,0.73496,1.38,1.00
2013.12.23 07:42:15.464,0.73472,0.73496,1.38,1.00
2013.12.23 07:42:15.565,0.73472,0.73498,1.88,1.50
2013.12.23 07:42:15.894,0.73472,0.73498,1.88,1.50
2013.12.23 07:42:18.097,0.73476,0.73498,1.38,1.00
2013.12.23 07:42:21.082,0.73476,0.73497,1.38,1.00
2013.12.23 07:42:22.032,0.73476,0.73498,1.38,1.00
2013.12.23 07:42:23.234,0.73481,0.73498,1.00,1.00
2013.12.23 07:42:23.352,0.73481,0.735,1.00,1.00
2013.12.23 07:42:23.817,0.73481,0.73502,1.13,1.00
2013.12.23 07:42:23.918,0.73481,0.73504,1.13,1.50
2013.12.23 07:42:24.791,0.73481,0.73504,1.38,1.50
2013.12.23 07:42:29.642,0.73481,0.73504,1.38,1.50
2013.12.23 07:42:34.131,0.73481,0.73503,1.38,1.00
2013.12.23 07:42:37.004,0.73481,0.73503,1.38,1.00
2013.12.23 07:42:47.874,0.73477,0.73499,1.38,1.00
2013.12.23 07:42:49.083,0.73481,0.73503,1.38,1.00
2013.12.23 07:42:54.151,0.73481,0.73502,1.38,1.00
2013.12.23 07:42:55.399,0.73481,0.73504,1.13,1.50
2013.12.23 07:42:55.500,0.73481,0.73502,1.13,1.00
2013.12.23 07:42:55.827,0.73481,0.735,1.00,1.00
2013.12.23 07:43:03.061,0.73481,0.73499,1.00,1.00
2013.12.23 07:43:04.051,0.73481,0.73498,1.00,1.00
2013.12.23 07:43:04.821,0.73481,0.73499,1.00,1.00
2013.12.23 07:43:26.102,0.73481,0.73501,1.13,1.00
2013.12.23 07:43:26.156,0.73481,0.73501,1.38,1.00
2013.12.23 07:43:26.206,0.73481,0.73503,1.38,1.00
2013.12.23 07:43:37.593,0.73481,0.73503,1.13,1.00
2013.12.23 07:43:39.611,0.73481,0.73502,1.13,1.00
2013.12.23 07:43:39.844,0.73481,0.73504,1.38,1.00
2013.12.23 07:43:40.781,0.73481,0.73504,1.00,1.00
2013.12.23 07:43:41.353,0.73481,0.73503,1.00,1.00
2013.12.23 07:43:41.495,0.73481,0.735,1.00,1.00
2013.12.23 07:43:42.540,0.73481,0.73501,1.00,1.13
2013.12.23 07:43:44.112,0.73481,0.735,1.00,1.00
2013.12.23 07:43:44.313,0.73481,0.73502,1.00,1.13
2013.12.23 07:43:44.565,0.73486,0.73504,1.00,1.38
2013.12.23 07:43:44.967,0.73491,0.73512,1.00,1.38
2013.12.23 07:43:45.068,0.73491,0.73514,1.00,1.00
2013.12.23 07:43:45.332,0.73491,0.73512,1.00,1.00
2013.12.23 07:43:45.382,0.73488,0.73512,1.00,1.00
2013.12.23 07:43:45.697,0.73496,0.73512,1.00,1.00
2013.12.23 07:43:46.105,0.73501,0.73512,1.00,1.00
2013.12.23 07:43:49.294,0.73501,0.73514,1.00,1.00
2013.12.23 07:43:49.495,0.73501,0.73518,1.00,1.00
2013.12.23 07:43:49.838,0.73501,0.7352,1.00,1.00
2013.12.23 07:43:50.611,0.73507,0.7352,1.00,1.00
2013.12.23 07:43:53.999,0.73507,0.73524,1.00,1.00
2013.12.23 07:44:00.400,0.73502,0.73524,1.00,1.00
2013.12.23 07:44:00.947,0.73502,0.73522,1.00,1.00
2013.12.23 07:44:01.248,0.73502,0.73518,1.00,1.00
2013.12.23 07:44:02.276,0.73496,0.73518,1.00,1.00
2013.12.23 07:44:02.427,0.73501,0.73518,1.00,1.00
2013.12.23 07:44:02.578,0.73501,0.7352,1.00,1.00
2013.12.23 07:44:02.729,0.73501,0.73523,1.00,1.00
2013.12.23 07:44:03.145,0.73501,0.7352,1.00,1.00
2013.12.23 07:44:03.813,0.73507,0.7352,1.00,1.00
2013.12.23 07:44:04.551,0.73507,0.73523,1.00,1.00
2013.12.23 07:44:04.912,0.73502,0.73523,1.00,1.00
2013.12.23 07:44:15.330,0.73502,0.73521,1.00,1.00
2013.12.23 07:44:34.611,0.73502,0.73518,1.00,1.00
2013.12.23 07:44:51.960,0.73502,0.7352,1.00,1.00
2013.12.23 07:44:53.500,0.73502,0.73519,1.00,1.00
2013.12.23 07:45:06.131,0.73493,0.73519,1.75,1.00
2013.12.23 07:45:07.131,0.73493,0.73519,1.75,1.00
2013.12.23 07:45:13.631,0.73495,0.73521,1.50,1.00
2013.12.23 07:45:14.211,0.73497,0.73522,1.13,1.00
2013.12.23 07:45:14.843,0.73495,0.73521,1.50,1.00
2013.12.23 07:45:15.986,0.73497,0.73523,1.13,1.00
2013.12.23 07:45:16.939,0.73497,0.73521,1.13,1.00
2013.12.23 07:45:19.121,0.73497,0.73521,1.38,1.50
2013.12.23 07:45:21.332,0.73495,0.73521,2.25,1.00
2013.12.23 07:45:22.200,0.73495,0.73521,2.25,1.00
2013.12.23 07:45:30.780,0.73495,0.73521,2.25,1.00
2013.12.23 07:45:34.414,0.73495,0.73521,2.25,1.00
2013.12.23 07:45:36.463,0.73495,0.73521,2.25,1.00
2013.12.23 07:45:37.160,0.73495,0.73521,2.25,1.00
2013.12.23 07:45:41.113,0.73501,0.73521,1.00,1.00
2013.12.23 07:45:41.225,0.73496,0.73521,1.50,1.00
2013.12.23 07:45:41.276,0.735,0.73522,1.00,1.00
2013.12.23 07:45:41.477,0.73501,0.73526,1.00,1.50
2013.12.23 07:45:41.692,0.73503,0.73527,1.00,1.50
2013.12.23 07:45:42.561,0.73501,0.73526,1.38,1.00
2013.12.23 07:45:42.782,0.73502,0.73528,1.13,1.00
2013.12.23 07:45:43.593,0.73501,0.73527,1.88,1.00
2013.12.23 07:45:44.866,0.73501,0.73527,1.88,1.00
2013.12.23 07:45:44.917,0.73501,0.73524,1.13,1.00
2013.12.23 07:45:48.447,0.735,0.73523,1.38,1.00
2013.12.23 07:45:48.598,0.73498,0.73523,1.00,1.00
2013.12.23 07:46:03.040,0.73501,0.73524,1.00,1.88
2013.12.23 07:46:03.350,0.73501,0.73522,1.00,1.38
2013.12.23 07:46:27.111,0.73501,0.73521,1.00,1.13
2013.12.23 07:46:27.161,0.73497,0.73518,1.88,1.00
2013.12.23 07:46:32.411,0.73497,0.73521,1.88,1.00
2013.12.23 07:46:32.518,0.735,0.73523,1.00,1.00
2013.12.23 07:46:40.439,0.73501,0.73524,1.00,1.00
2013.12.23 07:46:43.751,0.735,0.73523,1.00,1.00
2013.12.23 07:46:49.371,0.73502,0.73524,1.00,1.00
2013.12.23 07:46:51.130,0.73502,0.73523,1.00,1.00
2013.12.23 07:46:52.989,0.73502,0.73523,1.00,1.88
2013.12.23 07:46:59.124,0.73502,0.73523,1.00,1.88
2013.12.23 07:47:00.599,0.73501,0.73523,1.00,1.38
2013.12.23 07:47:00.650,0.73501,0.73523,1.00,1.00
2013.12.23 07:47:04.520,0.73501,0.73524,1.00,1.13
2013.12.23 07:47:04.939,0.73501,0.73524,1.00,1.38
2013.12.23 07:47:05.159,0.73501,0.73524,1.00,1.00
2013.12.23 07:47:06.533,0.73507,0.73524,1.00,1.00
2013.12.23 07:47:20.368,0.73502,0.73524,1.00,1.00
2013.12.23 07:47:32.461,0.73502,0.73523,1.00,1.00
2013.12.23 07:47:34.119,0.73497,0.73523,1.00,1.00
2013.12.23 07:47:34.419,0.73497,0.73523,1.00,1.38
2013.12.23 07:47:35.580,0.73497,0.73518,1.50,1.00
2013.12.23 07:47:39.951,0.73501,0.7352,1.00,1.13
2013.12.23 07:47:40.253,0.73507,0.73525,1.38,1.00
2013.12.23 07:47:40.361,0.73507,0.73525,1.00,1.38
2013.12.23 07:47:40.412,0.735,0.73523,1.00,1.00
2013.12.23 07:47:41.348,0.73499,0.73523,1.13,1.38
2013.12.23 07:47:41.399,0.73502,0.73523,1.00,1.38
2013.12.23 07:47:42.888,0.73502,0.73523,1.00,1.88
2013.12.23 07:47:43.456,0.73502,0.73523,1.00,1.88
2013.12.23 07:47:46.850,0.73502,0.73523,1.00,1.38
2013.12.23 07:47:47.100,0.73499,0.73519,1.00,1.00
2013.12.23 07:47:47.750,0.73498,0.73519,1.00,1.00
2013.12.23 07:47:48.351,0.73499,0.73519,1.00,1.00
2013.12.23 07:47:49.079,0.73501,0.73524,1.00,1.38
2013.12.23 07:47:49.159,0.73501,0.73524,1.00,1.13
2013.12.23 07:47:49.303,0.73506,0.73525,1.00,1.38
2013.12.23 07:47:50.116,0.73506,0.73525,1.00,1.00
2013.12.23 07:47:50.183,0.73502,0.73523,1.00,1.00
2013.12.23 07:47:55.150,0.73498,0.73518,1.00,1.00
2013.12.23 07:47:55.251,0.73495,0.73518,1.00,1.00
2013.12.23 07:47:55.502,0.73492,0.73514,1.00,1.00
2013.12.23 07:47:55.919,0.7349,0.73514,1.13,1.00
2013.12.23 07:47:56.424,0.73488,0.73514,1.00,1.50
2013.12.23 07:48:37.140,0.73488,0.73508,1.00,1.00
2013.12.23 07:48:37.191,0.73482,0.73507,1.00,1.00
2013.12.23 07:48:37.450,0.73482,0.73503,1.00,1.00
2013.12.23 07:48:37.867,0.73479,0.73503,1.00,2.25
2013.12.23 07:48:39.627,0.73481,0.73503,1.00,1.50
2013.12.23 07:49:08.519,0.73481,0.73505,1.50,1.50
2013.12.23 07:49:09.188,0.73481,0.73507,1.50,1.00
2013.12.23 07:49:12.009,0.73481,0.73504,1.00,1.00
2013.12.23 07:49:12.337,0.73486,0.735,1.00,1.00
2013.12.23 07:49:20.327,0.73481,0.735,1.00,1.00
2013.12.23 07:49:21.868,0.73487,0.735,1.00,1.00
2013.12.23 07:49:22.507,0.73482,0.735,1.00,1.00
2013.12.23 07:49:30.708,0.73482,0.73502,1.00,1.00
2013.12.23 07:49:38.447,0.73482,0.73499,1.00,1.00
2013.12.23 07:49:59.801,0.73477,0.73499,1.00,1.00
2013.12.23 07:50:00.079,0.73477,0.73496,1.00,1.00
2013.12.23 07:50:01.125,0.73477,0.73495,1.00,1.00
2013.12.23 07:50:19.706,0.73472,0.73495,1.00,1.00
2013.12.23 07:50:19.818,0.73476,0.73495,1.00,1.00
2013.12.23 07:50:33.095,0.73476,0.73494,1.00,1.00
2013.12.23 07:50:46.280,0.73476,0.73492,1.00,1.00
2013.12.23 07:50:46.330,0.73472,0.73492,1.00,1.00
2013.12.23 07:50:46.431,0.73472,0.7349,1.00,1.00
2013.12.23 07:50:46.937,0.73472,0.73491,1.00,1.00
2013.12.23 07:50:53.977,0.73472,0.73492,1.00,1.00
2013.12.23 07:51:01.825,0.73472,0.73491,1.00,1.00
2013.12.23 07:51:06.430,0.73472,0.73492,1.00,1.00
2013.12.23 07:51:14.217,0.73467,0.73492,1.13,1.00
2013.12.23 07:51:14.267,0.73467,0.7349,1.13,1.00
2013.12.23 07:51:15.626,0.73471,0.7349,1.00,1.00
2013.12.23 07:51:15.889,0.73469,0.73493,1.00,1.00
2013.12.23 07:51:22.160,0.73467,0.73493,1.50,1.50
2013.12.23 07:51:22.355,0.73467,0.73489,1.00,1.00
2013.12.23 07:51:28.029,0.73467,0.73492,1.00,1.00
2013.12.23 07:51:28.265,0.73469,0.73493,1.00,1.50
2013.12.23 07:51:38.081,0.73471,0.73493,1.00,1.00
2013.12.23 07:51:38.185,0.73471,0.73497,1.88,1.50
2013.12.23 07:51:39.357,0.73472,0.73496,1.00,1.00
2013.12.23 07:51:54.207,0.73474,0.73497,1.00,1.00
2013.12.23 07:52:03.115,0.73474,0.73498,1.00,1.50
2013.12.23 07:52:15.575,0.73476,0.73498,1.00,1.00
2013.12.23 07:52:17.348,0.73476,0.73496,1.00,1.00
2013.12.23 07:52:25.336,0.73476,0.73499,1.00,1.00
2013.12.23 07:52:25.487,0.73476,0.73497,1.00,1.00
2013.12.23 07:52:30.295,0.73476,0.73496,1.00,1.00
2013.12.23 07:52:30.398,0.73476,0.73498,1.00,1.00
2013.12.23 07:52:42.276,0.73476,0.73497,1.00,1.00
2013.12.23 07:52:57.415,0.73476,0.73497,1.38,1.00
2013.12.23 07:52:59.174,0.73476,0.73497,1.13,1.00
2013.12.23 07:52:59.998,0.73476,0.73499,1.13,1.00
2013.12.23 07:53:00.216,0.73476,0.73501,1.38,1.38
2013.12.23 07:53:00.747,0.73476,0.73501,1.38,1.00
2013.12.23 07:53:01.263,0.73476,0.73501,1.38,1.38
2013.12.23 07:53:02.146,0.73476,0.73501,1.38,1.00
2013.12.23 07:53:02.535,0.73482,0.73501,1.00,1.13
2013.12.23 07:53:06.497,0.73477,0.73501,1.38,1.13
2013.12.23 07:53:06.598,0.73476,0.73498,1.38,1.00
2013.12.23 07:53:06.807,0.73476,0.735,1.38,1.13
2013.12.23 07:53:07.533,0.73476,0.735,1.38,1.13
2013.12.23 07:53:08.142,0.73482,0.735,1.00,1.13
2013.12.23 07:53:13.846,0.73482,0.73502,1.00,1.38
2013.12.23 07:53:14.544,0.73482,0.73502,1.00,1.00
2013.12.23 07:53:38.053,0.73482,0.73502,1.00,1.38
2013.12.23 07:53:38.596,0.73482,0.735,1.00,1.00
2013.12.23 07:53:39.137,0.73482,0.73501,1.00,1.00
2013.12.23 07:53:51.086,0.73487,0.73501,1.00,1.00
2013.12.23 07:53:51.188,0.73482,0.73501,1.00,1.00
2013.12.23 07:53:51.246,0.73482,0.73499,1.00,1.00
2013.12.23 07:53:53.091,0.73482,0.735,1.00,1.00
2013.12.23 07:53:57.515,0.73482,0.73502,1.00,1.00
2013.12.23 07:54:05.774,0.73482,0.73504,1.00,1.88
2013.12.23 07:54:06.284,0.7348,0.73503,1.38,1.00
2013.12.23 07:54:06.655,0.73478,0.73503,1.50,1.50
2013.12.23 07:54:06.756,0.73478,0.73501,1.50,1.00
2013.12.23 07:54:07.431,0.73482,0.73501,1.00,1.00
2013.12.23 07:54:12.606,0.73478,0.73499,1.50,1.00
2013.12.23 07:54:12.952,0.73476,0.73499,1.38,1.00
2013.12.23 07:54:14.362,0.73482,0.735,1.00,1.50
2013.12.23 07:54:14.566,0.73482,0.73502,1.00,1.00
2013.12.23 07:54:14.616,0.73477,0.73498,1.38,1.00
2013.12.23 07:54:15.386,0.73477,0.73498,1.88,1.00
2013.12.23 07:54:16.419,0.73477,0.73498,1.38,1.00
2013.12.23 07:54:17.102,0.73477,0.73498,1.38,1.00
2013.12.23 07:54:19.961,0.73477,0.73498,1.38,1.00
2013.12.23 07:54:29.091,0.73477,0.73498,1.13,1.00
2013.12.23 07:54:33.112,0.73477,0.73499,1.13,1.00
2013.12.23 07:54:33.163,0.73477,0.73499,1.38,1.00
2013.12.23 07:54:33.400,0.73477,0.73501,1.88,1.00
2013.12.23 07:54:35.002,0.73477,0.73501,1.88,1.00
2013.12.23 07:54:36.691,0.73482,0.73501,1.00,1.00
2013.12.23 07:54:41.215,0.73482,0.73502,1.00,1.00
2013.12.23 07:54:41.422,0.73482,0.73505,1.38,1.00
2013.12.23 07:54:41.622,0.73482,0.73506,1.88,1.00
2013.12.23 07:54:41.936,0.73484,0.73508,1.38,1.00
2013.12.23 07:54:42.238,0.73487,0.73508,1.38,1.00
2013.12.23 07:54:42.389,0.73487,0.73508,1.38,1.00
2013.12.23 07:54:42.923,0.73487,0.73508,1.13,1.00
2013.12.23 07:54:44.132,0.73487,0.73508,1.38,1.00
2013.12.23 07:54:44.932,0.73484,0.73508,1.38,1.00
2013.12.23 07:54:47.999,0.73485,0.73508,1.50,1.00
2013.12.23 07:54:49.011,0.73486,0.73508,1.38,1.00
2013.12.23 07:54:49.846,0.73487,0.73512,1.38,1.00
2013.12.23 07:54:51.382,0.73486,0.73509,1.38,1.00
2013.12.23 07:54:53.405,0.73487,0.73508,1.13,1.00
2013.12.23 07:54:54.282,0.73487,0.73507,1.00,1.00
2013.12.23 07:54:54.383,0.73481,0.73498,1.38,1.00
2013.12.23 07:54:54.433,0.7348,0.73498,1.00,1.00
2013.12.23 07:54:54.744,0.73474,0.73498,1.38,1.50
2013.12.23 07:54:54.962,0.73471,0.73494,1.00,1.00
2013.12.23 07:54:55.163,0.73468,0.73492,1.00,1.00
2013.12.23 07:54:55.313,0.73467,0.7349,1.13,1.00
2013.12.23 07:54:55.485,0.73467,0.73492,1.13,1.00
2013.12.23 07:54:55.713,0.73464,0.7349,1.00,1.00
2013.12.23 07:54:55.864,0.73463,0.73487,1.50,1.00
2013.12.23 07:54:57.382,0.73462,0.73485,1.00,1.00
2013.12.23 07:54:57.575,0.73462,0.73487,1.00,1.00
2013.12.23 07:54:58.424,0.73461,0.73487,1.50,1.00
2013.12.23 07:55:02.133,0.73464,0.73488,1.00,1.00
2013.12.23 07:55:02.435,0.73471,0.73494,1.00,1.00
2013.12.23 07:55:06.597,0.73471,0.73493,1.00,1.00
2013.12.23 07:55:17.536,0.73472,0.73496,1.00,1.00
2013.12.23 07:55:17.587,0.73476,0.73496,1.00,1.00
2013.12.23 07:55:18.065,0.73476,0.73498,1.00,1.00
2013.12.23 07:55:19.825,0.73476,0.73499,1.00,1.00
2013.12.23 07:55:21.461,0.73476,0.735,1.00,1.00
2013.12.23 07:55:25.824,0.73482,0.735,1.00,1.00
2013.12.23 07:55:26.594,0.73477,0.735,1.00,1.00
2013.12.23 07:55:28.792,0.73481,0.735,1.00,1.00
2013.12.23 07:55:29.122,0.73477,0.735,1.00,1.00
2013.12.23 07:55:34.126,0.73477,0.73498,1.00,1.00
2013.12.23 07:55:41.882,0.73482,0.73498,1.00,1.00
2013.12.23 07:55:43.092,0.73476,0.73498,1.00,1.00
2013.12.23 07:55:51.044,0.73476,0.73498,1.00,1.38
2013.12.23 07:55:51.356,0.73471,0.73482,1.00,1.00
2013.12.23 07:55:51.515,0.73471,0.73489,1.00,1.00
2013.12.23 07:55:51.566,0.73465,0.73489,1.00,1.00
2013.12.23 07:55:51.617,0.73463,0.73489,1.50,1.00
2013.12.23 07:55:51.945,0.73463,0.73486,1.00,1.00
2013.12.23 07:55:52.275,0.73466,0.73491,1.00,1.00
2013.12.23 07:56:01.573,0.73465,0.73491,1.00,1.00
2013.12.23 07:56:05.046,0.73463,0.73488,1.00,1.00
2013.12.23 07:56:06.101,0.73466,0.73488,1.00,1.00
2013.12.23 07:56:08.108,0.73466,0.73489,1.00,1.00
2013.12.23 07:56:11.363,0.73463,0.73489,1.50,1.00
2013.12.23 07:56:12.452,0.73463,0.73487,1.00,1.00
2013.12.23 07:56:12.502,0.73461,0.73487,1.50,1.00
2013.12.23 07:56:12.763,0.73457,0.73481,1.50,1.00
2013.12.23 07:56:13.066,0.73457,0.73479,1.00,1.00
2013.12.23 07:56:17.363,0.73457,0.73478,1.00,1.00
2013.12.23 07:56:26.843,0.73456,0.73476,1.00,1.00
2013.12.23 07:56:27.151,0.73456,0.73474,1.00,1.00
2013.12.23 07:56:27.584,0.73456,0.73472,1.00,1.00
2013.12.23 07:56:27.694,0.73456,0.73474,1.00,1.00
2013.12.23 07:56:33.290,0.73451,0.73474,1.00,1.00
2013.12.23 07:56:34.011,0.73451,0.73472,1.00,1.00
2013.12.23 07:56:34.335,0.73451,0.73469,1.00,1.00
2013.12.23 07:56:34.393,0.73446,0.73469,1.00,1.00
2013.12.23 07:56:34.455,0.73446,0.73467,1.00,1.00
2013.12.23 07:56:39.314,0.73446,0.73468,1.00,1.00
2013.12.23 07:56:44.687,0.73446,0.73467,1.00,1.00
2013.12.23 07:56:45.387,0.73446,0.73468,1.00,1.00
2013.12.23 07:56:56.610,0.73442,0.73468,1.00,1.00
2013.12.23 07:56:56.779,0.73442,0.73466,1.00,1.00
2013.12.23 07:57:01.684,0.73443,0.73469,1.00,1.50
2013.12.23 07:57:03.389,0.73444,0.73468,1.00,1.00
2013.12.23 07:57:04.985,0.73443,0.73467,1.00,1.00
2013.12.23 07:57:05.086,0.73447,0.73467,1.00,1.00
2013.12.23 07:57:05.314,0.73447,0.73469,1.00,1.00
2013.12.23 07:57:06.524,0.73447,0.73471,1.00,1.00
2013.12.23 07:57:08.301,0.73447,0.73469,1.00,1.00
2013.12.23 07:57:08.856,0.73447,0.73467,1.00,1.00
2013.12.23 07:57:12.120,0.73452,0.73467,1.00,1.00
2013.12.23 07:57:16.204,0.73452,0.73469,1.00,1.00
2013.12.23 07:57:16.755,0.73452,0.73472,1.00,1.00
2013.12.23 07:57:20.039,0.73447,0.73472,1.00,1.00
2013.12.23 07:57:22.914,0.73447,0.73471,1.00,1.00
2013.12.23 07:57:38.866,0.73448,0.73472,1.00,1.00
2013.12.23 07:57:46.344,0.73447,0.73471,1.50,1.00
2013.12.23 07:57:48.654,0.73447,0.7347,1.00,1.00
2013.12.23 07:58:03.284,0.73447,0.73472,1.00,1.00
2013.12.23 07:58:20.108,0.73446,0.73472,1.00,1.00
2013.12.23 07:58:33.973,0.73449,0.73472,1.00,1.00
2013.12.23 07:58:39.583,0.73446,0.73472,1.00,1.50
2013.12.23 07:58:41.123,0.73445,0.73471,1.13,1.00
2013.12.23 07:58:54.888,0.73445,0.73471,1.38,1.00
2013.12.23 07:59:00.278,0.73445,0.73471,1.13,1.00
2013.12.23 07:59:03.013,0.73448,0.73472,1.00,1.50
2013.12.23 07:59:16.762,0.73446,0.73471,1.13,1.00
2013.12.23 07:59:18.173,0.73446,0.7347,1.13,1.00
2013.12.23 07:59:22.837,0.73444,0.7347,1.38,1.00
2013.12.23 07:59:27.873,0.73447,0.73471,1.00,1.00
2013.12.23 07:59:30.265,0.73447,0.7347,1.00,1.00
2013.12.23 07:59:30.639,0.73447,0.7347,1.38,1.00
2013.12.23 07:59:31.381,0.73452,0.73471,1.00,1.00
2013.12.23 07:59:32.054,0.73452,0.73472,1.00,1.00
2013.12.23 07:59:32.941,0.73452,0.73473,1.00,1.00
2013.12.23 07:59:33.841,0.73447,0.73473,1.88,2.25
2013.12.23 07:59:36.578,0.73447,0.73473,1.88,2.25
2013.12.23 07:59:36.629,0.73447,0.7347,1.88,1.00
2013.12.23 07:59:40.656,0.73452,0.7347,1.00,1.00
2013.12.23 07:59:41.467,0.73452,0.73471,1.00,1.00
2013.12.23 07:59:46.062,0.73452,0.73473,1.00,1.50
2013.12.23 07:59:49.034,0.73452,0.7347,1.00,1.00
2013.12.23 07:59:50.038,0.73446,0.7347,1.88,1.00
2013.12.23 07:59:53.078,0.73446,0.7347,1.88,1.00
2013.12.23 07:59:53.957,0.7345,0.7347,1.00,1.00
2013.12.23 07:59:54.763,0.73449,0.7347,1.00,1.00
2013.12.23 07:59:57.876,0.73446,0.7347,2.63,1.00
2013.12.23 07:59:59.458,0.73446,0.7347,2.63,1.00
