2015.10.26 14:00:00.784,0.66549,0.66614,0.75,1.00
2015.10.26 14:00:00.841,0.66501,0.66625,0.75,1.00
2015.10.26 14:00:01.051,0.66449,0.66626,1.00,0.75
2015.10.26 14:00:01.503,0.66464,0.66631,0.75,0.75
2015.10.26 14:00:01.604,0.66445,0.66616,1.50,1.00
2015.10.26 14:00:01.740,0.66444,0.66612,1.00,1.00
2015.10.26 14:00:02.158,0.66497,0.66606,0.75,1.00
2015.10.26 14:00:02.801,0.66536,0.66601,1.00,1.00
2015.10.26 14:00:02.851,0.6654,0.66607,1.00,1.00
2015.10.26 14:00:03.053,0.66546,0.66611,1.00,1.00
2015.10.26 14:00:03.543,0.66539,0.66604,1.00,1.00
2015.10.26 14:00:03.844,0.66539,0.66614,1.00,1.00
2015.10.26 14:00:04.218,0.6654,0.66605,1.00,1.00
2015.10.26 14:00:04.553,0.6654,0.66603,1.00,1.00
2015.10.26 14:00:05.101,0.66553,0.66586,1.00,1.00
2015.10.26 14:00:05.403,0.66555,0.66588,1.00,1.00
2015.10.26 14:00:06.033,0.66551,0.66584,1.00,1.00
2015.10.26 14:00:06.335,0.66553,0.66585,1.00,1.00
2015.10.26 14:00:06.984,0.66555,0.66586,1.00,1.00
2015.10.26 14:00:07.135,0.66552,0.66584,1.00,1.00
2015.10.26 14:00:07.236,0.66552,0.66581,1.00,1.00
2015.10.26 14:00:07.438,0.66553,0.66585,1.00,1.00
2015.10.26 14:00:07.931,0.66553,0.66581,1.00,1.00
2015.10.26 14:00:08.133,0.66554,0.66585,1.00,1.00
2015.10.26 14:00:08.920,0.66558,0.66587,1.00,1.00
2015.10.26 14:00:09.180,0.66558,0.6659,1.00,1.00
2015.10.26 14:00:09.331,0.66557,0.66588,1.50,1.00
2015.10.26 14:00:10.072,0.66555,0.66586,1.00,1.00
2015.10.26 14:00:10.381,0.66559,0.6659,1.00,1.50
2015.10.26 14:00:12.241,0.66559,0.66589,1.00,1.00
2015.10.26 14:00:12.602,0.66562,0.66589,1.00,1.00
2015.10.26 14:00:13.591,0.66578,0.66595,1.00,1.00
2015.10.26 14:00:13.641,0.6658,0.66606,1.00,1.00
2015.10.26 14:00:14.192,0.66583,0.66606,1.00,1.00
2015.10.26 14:00:14.621,0.66588,0.66612,1.00,1.00
2015.10.26 14:00:14.672,0.66588,0.6661,1.00,1.00
2015.10.26 14:00:14.823,0.66583,0.66608,1.00,1.00
2015.10.26 14:00:14.873,0.66583,0.66605,1.00,1.00
2015.10.26 14:00:15.024,0.66573,0.66602,1.00,1.50
2015.10.26 14:00:15.579,0.6658,0.66606,1.00,1.00
2015.10.26 14:00:15.881,0.6658,0.66603,1.00,1.00
2015.10.26 14:00:15.982,0.66583,0.66607,1.00,1.00
2015.10.26 14:00:16.033,0.66586,0.66609,1.00,1.00
2015.10.26 14:00:16.184,0.66586,0.66611,1.00,1.00
2015.10.26 14:00:16.656,0.66595,0.66617,1.00,1.00
2015.10.26 14:00:16.858,0.66593,0.66619,1.00,1.00
2015.10.26 14:00:17.009,0.66596,0.6662,1.00,1.00
2015.10.26 14:00:17.550,0.66596,0.66619,1.00,1.00
2015.10.26 14:00:17.603,0.66592,0.66616,1.00,1.00
2015.10.26 14:00:17.755,0.66596,0.66622,1.00,1.00
2015.10.26 14:00:18.065,0.66592,0.66621,1.00,1.50
2015.10.26 14:00:18.577,0.66592,0.6662,1.00,1.00
2015.10.26 14:00:19.032,0.66594,0.66621,1.00,1.00
2015.10.26 14:00:19.611,0.66594,0.66622,1.00,1.00
2015.10.26 14:00:20.058,0.66591,0.66619,1.00,1.00
2015.10.26 14:00:20.273,0.66592,0.66621,1.00,1.00
2015.10.26 14:00:20.843,0.66585,0.66611,1.00,1.00
2015.10.26 14:00:21.054,0.66576,0.66605,1.00,1.50
2015.10.26 14:00:21.105,0.66576,0.66601,1.00,1.00
2015.10.26 14:00:21.155,0.66572,0.666,1.00,1.00
2015.10.26 14:00:21.278,0.66572,0.66597,1.00,1.00
2015.10.26 14:00:21.328,0.66572,0.66599,1.00,1.00
2015.10.26 14:00:21.379,0.66568,0.66597,1.00,1.00
2015.10.26 14:00:21.782,0.66558,0.66588,1.00,1.00
2015.10.26 14:00:21.833,0.66556,0.66586,1.00,1.00
2015.10.26 14:00:22.336,0.66557,0.66587,1.00,1.00
2015.10.26 14:00:22.915,0.66564,0.6659,1.00,1.00
2015.10.26 14:00:23.067,0.66567,0.66596,1.00,1.50
2015.10.26 14:00:23.335,0.66565,0.66594,1.00,1.00
2015.10.26 14:00:24.369,0.66565,0.66592,1.00,1.00
2015.10.26 14:00:24.705,0.6656,0.66585,1.00,1.00
2015.10.26 14:00:24.806,0.6656,0.66588,1.00,1.00
2015.10.26 14:00:24.907,0.66563,0.66587,1.00,1.00
2015.10.26 14:00:25.008,0.66563,0.66589,1.00,1.00
2015.10.26 14:00:25.465,0.66564,0.66592,1.00,1.00
2015.10.26 14:00:25.944,0.66564,0.66589,1.00,1.00
2015.10.26 14:00:26.095,0.66559,0.66587,1.00,1.50
2015.10.26 14:00:26.505,0.66557,0.66584,1.00,1.00
2015.10.26 14:00:27.048,0.66556,0.66585,1.00,1.50
2015.10.26 14:00:27.568,0.66561,0.66589,1.00,1.00
2015.10.26 14:00:28.072,0.66556,0.66586,1.00,1.00
2015.10.26 14:00:28.173,0.66557,0.66588,1.00,1.00
2015.10.26 14:00:28.541,0.66563,0.66591,1.00,1.00
2015.10.26 14:00:28.957,0.66565,0.66591,1.00,1.00
2015.10.26 14:00:29.591,0.6656,0.66589,1.00,1.50
2015.10.26 14:00:29.642,0.66556,0.66583,1.00,1.00
2015.10.26 14:00:29.959,0.66562,0.66579,1.00,1.00
2015.10.26 14:00:30.010,0.66562,0.66583,1.00,1.00
2015.10.26 14:00:30.111,0.66562,0.66587,1.00,1.00
2015.10.26 14:00:30.211,0.66559,0.66587,1.00,1.00
2015.10.26 14:00:30.882,0.66559,0.66585,1.00,1.00
2015.10.26 14:00:31.044,0.66556,0.66585,1.00,1.50
2015.10.26 14:00:31.144,0.66556,0.66583,1.00,1.00
2015.10.26 14:00:31.804,0.66556,0.66579,1.00,1.00
2015.10.26 14:00:31.993,0.66557,0.66581,1.00,1.00
2015.10.26 14:00:34.328,0.66555,0.66581,1.00,1.00
2015.10.26 14:00:34.429,0.66555,0.66583,1.00,1.00
2015.10.26 14:00:34.583,0.66557,0.66583,1.00,1.00
2015.10.26 14:00:35.436,0.66559,0.66582,1.00,1.00
2015.10.26 14:00:35.782,0.66562,0.66582,1.00,1.00
2015.10.26 14:00:35.970,0.6656,0.66582,1.00,1.00
2015.10.26 14:00:36.484,0.66561,0.66582,1.00,1.00
2015.10.26 14:00:36.736,0.66561,0.66585,1.00,1.00
2015.10.26 14:00:36.971,0.66564,0.66585,1.00,1.00
2015.10.26 14:00:37.467,0.66567,0.66585,1.00,1.00
2015.10.26 14:00:37.518,0.66569,0.66595,1.00,1.00
2015.10.26 14:00:37.663,0.66571,0.66595,1.00,1.00
2015.10.26 14:00:38.002,0.66576,0.66603,1.00,1.00
2015.10.26 14:00:38.486,0.66588,0.66617,1.00,1.00
2015.10.26 14:00:38.737,0.6659,0.66616,1.00,1.00
2015.10.26 14:00:39.093,0.6659,0.66613,1.00,1.00
2015.10.26 14:00:39.605,0.66576,0.66601,1.00,1.00
2015.10.26 14:00:39.706,0.66576,0.66597,1.00,1.00
2015.10.26 14:00:39.863,0.66569,0.66593,1.00,1.00
2015.10.26 14:00:40.641,0.66576,0.66593,1.00,1.00
2015.10.26 14:00:40.845,0.66567,0.66587,1.00,1.00
2015.10.26 14:00:40.896,0.66567,0.66591,1.00,1.00
2015.10.26 14:00:40.946,0.6657,0.66591,1.00,1.00
2015.10.26 14:00:40.997,0.6657,0.66593,1.00,1.00
2015.10.26 14:00:41.097,0.66571,0.66595,1.00,1.00
2015.10.26 14:00:41.910,0.66582,0.66601,1.00,1.00
2015.10.26 14:00:42.281,0.6658,0.66604,1.00,1.00
2015.10.26 14:00:42.382,0.6658,0.66602,1.00,1.00
2015.10.26 14:00:44.313,0.6658,0.666,1.00,1.00
2015.10.26 14:00:44.363,0.66577,0.666,1.00,1.00
2015.10.26 14:00:44.464,0.66575,0.666,1.00,1.00
2015.10.26 14:00:44.780,0.66573,0.666,1.00,1.00
2015.10.26 14:00:44.831,0.66573,0.66598,1.00,1.00
2015.10.26 14:00:45.694,0.66573,0.66599,1.00,1.00
2015.10.26 14:00:46.337,0.66574,0.66599,1.00,1.00
2015.10.26 14:00:46.866,0.66574,0.66595,1.00,1.00
2015.10.26 14:00:46.972,0.66571,0.66595,1.00,1.00
2015.10.26 14:00:47.431,0.66571,0.66597,1.00,1.00
2015.10.26 14:00:47.895,0.66571,0.66599,1.00,1.00
2015.10.26 14:00:47.946,0.66581,0.66605,1.00,1.00
2015.10.26 14:00:48.393,0.66581,0.6661,1.00,1.00
2015.10.26 14:00:48.443,0.66584,0.66611,1.00,1.00
2015.10.26 14:00:48.908,0.66586,0.66613,1.00,1.00
2015.10.26 14:00:49.214,0.66583,0.66612,1.00,1.00
2015.10.26 14:00:49.365,0.66583,0.6661,1.00,1.00
2015.10.26 14:00:49.416,0.66583,0.66612,1.00,1.00
2015.10.26 14:00:49.517,0.6658,0.66607,1.00,1.50
2015.10.26 14:00:49.892,0.66575,0.66604,1.00,1.00
2015.10.26 14:00:49.942,0.66575,0.66601,1.00,1.00
2015.10.26 14:00:50.093,0.66572,0.66601,1.00,1.00
2015.10.26 14:00:50.194,0.66574,0.66598,1.00,1.00
2015.10.26 14:00:50.372,0.66574,0.666,1.00,1.50
2015.10.26 14:00:50.934,0.66574,0.66599,1.00,1.00
2015.10.26 14:00:50.985,0.66569,0.66598,1.00,1.00
2015.10.26 14:00:51.309,0.66569,0.66594,1.00,1.00
2015.10.26 14:00:52.328,0.66573,0.66595,1.00,1.00
2015.10.26 14:00:54.715,0.66575,0.66595,1.00,1.00
2015.10.26 14:00:54.778,0.66577,0.66598,1.00,1.00
2015.10.26 14:00:55.147,0.66579,0.66598,1.00,1.00
2015.10.26 14:00:55.197,0.66579,0.666,1.00,1.00
2015.10.26 14:00:55.342,0.66581,0.666,1.00,1.00
2015.10.26 14:00:55.443,0.66576,0.66596,1.00,1.00
2015.10.26 14:00:56.243,0.66573,0.66596,1.00,1.00
2015.10.26 14:00:56.343,0.66573,0.66594,1.00,1.00
2015.10.26 14:00:56.444,0.66569,0.66598,1.00,1.00
2015.10.26 14:00:56.545,0.66573,0.66601,1.00,1.00
2015.10.26 14:00:57.211,0.66578,0.66606,1.00,1.50
2015.10.26 14:00:57.550,0.66574,0.66596,1.00,1.00
2015.10.26 14:00:57.651,0.6657,0.66593,1.00,1.00
2015.10.26 14:00:57.702,0.6657,0.66589,1.00,1.00
2015.10.26 14:00:57.853,0.6657,0.66591,1.00,1.00
2015.10.26 14:00:58.273,0.66564,0.66589,1.00,1.00
2015.10.26 14:00:58.323,0.66564,0.66586,1.00,1.00
2015.10.26 14:00:58.374,0.66564,0.6659,1.00,1.00
2015.10.26 14:00:58.475,0.66565,0.66592,1.00,1.00
2015.10.26 14:00:58.676,0.66568,0.66594,1.00,1.00
2015.10.26 14:00:58.777,0.66574,0.66601,1.00,1.00
2015.10.26 14:00:59.237,0.66573,0.66599,1.00,1.00
2015.10.26 14:00:59.338,0.66573,0.66601,1.00,1.00
2015.10.26 14:00:59.439,0.66572,0.66599,1.00,1.00
2015.10.26 14:00:59.662,0.66573,0.66602,1.00,1.00
2015.10.26 14:00:59.713,0.66573,0.66599,1.00,1.00
2015.10.26 14:00:59.764,0.66571,0.66602,1.00,1.50
2015.10.26 14:00:59.814,0.66571,0.66599,1.00,1.00
2015.10.26 14:01:00.335,0.66571,0.66602,1.00,1.00
2015.10.26 14:01:00.391,0.66575,0.66603,1.00,1.00
2015.10.26 14:01:00.695,0.66573,0.66599,1.00,1.00
2015.10.26 14:01:01.206,0.6658,0.66609,1.00,1.00
2015.10.26 14:01:01.257,0.6658,0.66607,1.00,1.00
2015.10.26 14:01:01.559,0.66578,0.66601,1.00,1.00
2015.10.26 14:01:01.610,0.66573,0.66601,1.00,1.00
2015.10.26 14:01:02.165,0.66573,0.666,1.00,1.00
2015.10.26 14:01:02.219,0.66575,0.66604,1.00,1.00
2015.10.26 14:01:02.481,0.66578,0.66604,1.00,1.00
2015.10.26 14:01:03.282,0.66577,0.66604,1.00,1.00
2015.10.26 14:01:03.332,0.66574,0.66604,1.00,1.00
2015.10.26 14:01:03.880,0.66574,0.66603,1.00,1.00
2015.10.26 14:01:04.516,0.66574,0.66602,1.00,1.00
2015.10.26 14:01:04.567,0.66572,0.66602,1.00,1.50
2015.10.26 14:01:04.846,0.66574,0.66602,1.00,1.50
2015.10.26 14:01:05.504,0.66577,0.66606,1.00,1.50
2015.10.26 14:01:05.656,0.6658,0.66605,1.00,1.00
2015.10.26 14:01:05.756,0.6658,0.66607,1.00,1.00
2015.10.26 14:01:05.911,0.6658,0.66605,1.00,1.00
2015.10.26 14:01:05.971,0.66578,0.66605,1.00,1.00
2015.10.26 14:01:06.132,0.66578,0.66607,1.00,1.00
2015.10.26 14:01:07.026,0.66579,0.66605,1.00,1.00
2015.10.26 14:01:07.436,0.66577,0.66605,1.00,1.00
2015.10.26 14:01:07.621,0.66579,0.66605,1.00,1.00
2015.10.26 14:01:09.395,0.66579,0.66607,1.00,1.00
2015.10.26 14:01:10.605,0.66579,0.66605,1.00,1.00
2015.10.26 14:01:11.191,0.66579,0.66606,1.00,1.00
2015.10.26 14:01:11.947,0.66582,0.66606,1.00,1.00
2015.10.26 14:01:12.098,0.66582,0.6661,1.00,1.50
2015.10.26 14:01:12.149,0.66584,0.66611,1.00,1.50
2015.10.26 14:01:12.460,0.66587,0.66611,1.00,1.00
2015.10.26 14:01:12.864,0.66584,0.6661,1.00,1.00
2015.10.26 14:01:13.282,0.66585,0.66606,1.00,1.00
2015.10.26 14:01:14.516,0.66585,0.66611,1.00,1.00
2015.10.26 14:01:14.918,0.66588,0.66611,1.00,1.00
2015.10.26 14:01:15.337,0.66586,0.66611,1.00,1.00
2015.10.26 14:01:15.445,0.66583,0.66611,1.00,1.50
2015.10.26 14:01:15.697,0.66586,0.66611,1.00,1.00
2015.10.26 14:01:16.022,0.66584,0.66611,1.00,1.00
2015.10.26 14:01:16.443,0.66577,0.66606,1.00,1.50
2015.10.26 14:01:16.579,0.66577,0.66604,1.00,1.00
2015.10.26 14:01:16.731,0.6658,0.66608,1.00,1.00
2015.10.26 14:01:16.831,0.6658,0.66606,1.00,1.00
2015.10.26 14:01:17.983,0.6657,0.66594,1.00,1.00
2015.10.26 14:01:18.034,0.6657,0.66596,1.00,1.00
2015.10.26 14:01:18.084,0.66577,0.66596,1.00,1.00
2015.10.26 14:01:18.135,0.66577,0.666,1.00,1.00
2015.10.26 14:01:19.098,0.66578,0.66601,1.00,1.00
2015.10.26 14:01:19.321,0.6658,0.66601,1.00,1.00
2015.10.26 14:01:19.371,0.6658,0.66606,1.00,1.50
2015.10.26 14:01:19.422,0.66584,0.66606,1.00,1.00
2015.10.26 14:01:19.723,0.66586,0.66609,1.00,1.00
2015.10.26 14:01:20.210,0.66585,0.66606,1.00,1.00
2015.10.26 14:01:21.224,0.66587,0.6661,1.00,1.00
2015.10.26 14:01:21.476,0.66588,0.66608,1.00,1.00
2015.10.26 14:01:21.526,0.66583,0.66608,1.00,1.00
2015.10.26 14:01:21.577,0.66583,0.66606,1.00,1.00
2015.10.26 14:01:22.268,0.66585,0.6661,1.00,1.00
2015.10.26 14:01:22.379,0.6659,0.6661,1.00,1.00
2015.10.26 14:01:22.682,0.66586,0.66611,1.00,1.50
2015.10.26 14:01:22.732,0.66589,0.66611,1.00,1.50
2015.10.26 14:01:22.783,0.66589,0.66613,1.00,1.00
2015.10.26 14:01:23.296,0.6659,0.66613,1.00,1.00
2015.10.26 14:01:23.420,0.6659,0.6661,1.00,1.00
2015.10.26 14:01:23.952,0.6659,0.66613,1.00,1.00
2015.10.26 14:01:24.654,0.6659,0.66611,1.00,1.50
2015.10.26 14:01:24.704,0.66587,0.66611,1.00,1.50
2015.10.26 14:01:24.780,0.66585,0.66611,1.00,1.50
2015.10.26 14:01:25.032,0.66588,0.66611,1.00,1.00
2015.10.26 14:01:25.535,0.66585,0.66611,1.00,1.00
2015.10.26 14:01:25.595,0.66585,0.66608,1.00,1.00
2015.10.26 14:01:25.908,0.66585,0.6661,1.00,1.00
2015.10.26 14:01:26.090,0.66585,0.66606,1.00,1.00
2015.10.26 14:01:26.671,0.66583,0.66605,1.00,1.00
2015.10.26 14:01:27.132,0.6658,0.66606,1.00,1.00
2015.10.26 14:01:27.182,0.6658,0.66601,1.00,1.00
2015.10.26 14:01:27.233,0.66577,0.66601,1.00,1.00
2015.10.26 14:01:27.283,0.66577,0.66596,1.00,1.00
2015.10.26 14:01:27.333,0.66574,0.66596,1.00,1.00
2015.10.26 14:01:27.384,0.66574,0.666,1.00,1.00
2015.10.26 14:01:27.806,0.66572,0.66596,1.00,1.00
2015.10.26 14:01:28.042,0.66574,0.66601,1.00,1.00
2015.10.26 14:01:29.439,0.66574,0.66595,1.00,1.00
2015.10.26 14:01:29.742,0.66576,0.66596,1.00,1.00
2015.10.26 14:01:29.994,0.6658,0.66601,1.00,1.00
2015.10.26 14:01:30.384,0.66578,0.66601,1.00,1.00
2015.10.26 14:01:30.636,0.66575,0.66598,1.00,1.00
2015.10.26 14:01:31.044,0.66573,0.66596,1.00,1.00
2015.10.26 14:01:32.698,0.66575,0.66597,1.00,1.00
2015.10.26 14:01:32.748,0.66576,0.66599,1.00,1.00
2015.10.26 14:01:33.821,0.66573,0.66598,1.00,1.00
2015.10.26 14:01:33.950,0.66573,0.66596,1.00,1.00
2015.10.26 14:01:34.071,0.66571,0.66595,1.00,1.00
2015.10.26 14:01:34.240,0.66567,0.66594,1.00,1.00
2015.10.26 14:01:34.399,0.66568,0.66591,1.00,1.00
2015.10.26 14:01:34.550,0.66568,0.66594,1.00,1.00
2015.10.26 14:01:34.962,0.66572,0.66594,1.00,1.00
2015.10.26 14:01:35.013,0.66569,0.66596,1.00,1.00
2015.10.26 14:01:35.239,0.66572,0.66596,1.00,1.00
2015.10.26 14:01:35.560,0.66571,0.6659,1.00,1.00
2015.10.26 14:01:35.711,0.66571,0.66596,1.00,1.00
2015.10.26 14:01:36.339,0.66571,0.66595,1.00,1.00
2015.10.26 14:01:36.493,0.66571,0.66597,1.00,1.00
2015.10.26 14:01:36.895,0.66571,0.666,1.00,1.00
2015.10.26 14:01:36.945,0.66571,0.66595,1.00,1.00
2015.10.26 14:01:37.435,0.66577,0.66596,1.00,1.00
2015.10.26 14:01:37.589,0.66576,0.66601,1.00,1.00
2015.10.26 14:01:37.697,0.66576,0.66596,1.00,1.00
2015.10.26 14:01:37.809,0.66576,0.66601,1.00,1.00
2015.10.26 14:01:38.139,0.66576,0.66603,1.00,1.00
2015.10.26 14:01:38.240,0.66576,0.66601,1.00,1.00
2015.10.26 14:01:38.641,0.66576,0.66595,1.00,1.00
2015.10.26 14:01:39.291,0.66576,0.66596,1.00,1.00
2015.10.26 14:01:40.374,0.66571,0.66595,1.00,1.00
2015.10.26 14:01:40.425,0.66571,0.66597,1.00,1.00
2015.10.26 14:01:40.475,0.66571,0.66591,1.00,1.00
2015.10.26 14:01:40.591,0.66571,0.66596,1.00,1.00
2015.10.26 14:01:41.347,0.66572,0.66596,1.00,1.00
2015.10.26 14:01:41.863,0.66572,0.66595,1.00,1.00
2015.10.26 14:01:42.482,0.66573,0.66601,1.00,1.50
2015.10.26 14:01:42.533,0.66573,0.66595,1.00,1.00
2015.10.26 14:01:42.634,0.6657,0.66595,1.00,1.00
2015.10.26 14:01:42.835,0.66567,0.66596,1.00,1.00
2015.10.26 14:01:42.886,0.66567,0.6659,1.00,1.00
2015.10.26 14:01:43.090,0.66571,0.66595,1.00,1.00
2015.10.26 14:01:43.668,0.66571,0.66596,1.00,1.00
2015.10.26 14:01:44.072,0.66569,0.66596,1.00,1.00
2015.10.26 14:01:44.123,0.66569,0.66591,1.00,1.00
2015.10.26 14:01:44.173,0.66566,0.66591,1.00,1.00
2015.10.26 14:01:44.791,0.66566,0.66595,1.00,1.00
2015.10.26 14:01:44.842,0.66571,0.66596,1.00,1.00
2015.10.26 14:01:45.428,0.66572,0.66596,1.00,1.00
2015.10.26 14:01:46.026,0.6657,0.66596,1.00,1.00
2015.10.26 14:01:46.560,0.66571,0.66596,1.00,1.00
2015.10.26 14:01:47.920,0.66571,0.66595,1.00,1.00
2015.10.26 14:01:48.538,0.66571,0.66596,1.00,1.00
2015.10.26 14:01:48.648,0.66565,0.66595,1.00,1.50
2015.10.26 14:01:48.978,0.66567,0.66595,1.00,1.00
2015.10.26 14:01:49.408,0.66567,0.66591,1.00,1.00
2015.10.26 14:01:49.829,0.66571,0.66591,1.00,1.00
2015.10.26 14:01:49.879,0.66571,0.66595,1.00,1.00
2015.10.26 14:01:50.429,0.66572,0.66596,1.00,1.00
2015.10.26 14:01:51.537,0.66572,0.66591,1.00,1.00
2015.10.26 14:01:51.587,0.66566,0.6659,1.00,1.00
2015.10.26 14:01:51.891,0.66566,0.66585,1.00,1.00
2015.10.26 14:01:52.590,0.66569,0.66586,1.00,1.00
2015.10.26 14:01:52.697,0.66569,0.66591,1.00,1.00
2015.10.26 14:01:52.899,0.66569,0.66596,1.00,1.00
2015.10.26 14:01:53.735,0.6657,0.66596,1.00,1.00
2015.10.26 14:01:54.301,0.6657,0.66591,1.00,1.00
2015.10.26 14:01:54.402,0.66568,0.66591,1.00,1.00
2015.10.26 14:01:54.453,0.66568,0.66595,1.00,1.00
2015.10.26 14:01:54.832,0.66568,0.66591,1.00,1.00
2015.10.26 14:01:54.882,0.66566,0.66595,1.00,1.00
2015.10.26 14:01:54.933,0.6657,0.66595,1.00,1.00
2015.10.26 14:01:55.290,0.66572,0.66596,1.00,1.00
2015.10.26 14:01:56.082,0.66572,0.666,1.00,1.50
2015.10.26 14:01:56.170,0.66572,0.66596,1.00,1.00
2015.10.26 14:01:56.299,0.66572,0.666,1.00,1.50
2015.10.26 14:01:56.389,0.66572,0.66596,1.00,1.00
2015.10.26 14:01:57.059,0.66571,0.66595,1.00,1.00
2015.10.26 14:01:57.229,0.66569,0.66595,1.00,1.00
2015.10.26 14:01:57.746,0.66569,0.66596,1.00,1.00
2015.10.26 14:01:58.373,0.66571,0.66585,1.00,1.00
2015.10.26 14:01:58.491,0.66573,0.6659,1.00,1.00
2015.10.26 14:01:58.592,0.66572,0.66595,1.00,1.00
2015.10.26 14:01:58.793,0.66575,0.66596,1.00,1.00
2015.10.26 14:01:58.844,0.66575,0.66601,1.00,1.00
2015.10.26 14:01:59.376,0.66571,0.66596,1.00,1.00
2015.10.26 14:01:59.477,0.66565,0.66591,1.00,1.00
2015.10.26 14:01:59.693,0.66561,0.66591,1.00,1.50
2015.10.26 14:01:59.793,0.66563,0.66591,1.00,1.00
2015.10.26 14:02:00.366,0.66559,0.66586,1.00,1.00
2015.10.26 14:02:00.668,0.66566,0.66586,1.00,1.00
2015.10.26 14:02:00.719,0.66566,0.6659,1.00,1.00
2015.10.26 14:02:00.819,0.66565,0.66586,1.00,1.00
2015.10.26 14:02:00.900,0.66565,0.66591,1.00,1.00
2015.10.26 14:02:01.734,0.66564,0.66591,1.00,1.00
2015.10.26 14:02:01.790,0.66578,0.66601,1.00,1.00
2015.10.26 14:02:02.092,0.66581,0.66601,1.00,1.00
2015.10.26 14:02:02.142,0.66581,0.66606,1.00,1.00
2015.10.26 14:02:02.243,0.6658,0.66601,1.00,1.00
2015.10.26 14:02:02.647,0.6658,0.66606,1.00,1.00
2015.10.26 14:02:02.697,0.66582,0.66606,1.00,1.00
2015.10.26 14:02:03.692,0.66581,0.6661,1.00,1.00
2015.10.26 14:02:04.303,0.66582,0.6661,1.00,1.00
2015.10.26 14:02:04.880,0.66586,0.66611,1.00,1.00
2015.10.26 14:02:05.066,0.66583,0.66611,1.00,1.00
2015.10.26 14:02:05.590,0.66582,0.6661,1.00,1.00
2015.10.26 14:02:06.112,0.66583,0.66611,1.00,1.00
2015.10.26 14:02:06.364,0.66586,0.66611,1.00,1.00
2015.10.26 14:02:07.188,0.66587,0.66611,1.00,1.00
2015.10.26 14:02:07.863,0.66587,0.6661,1.00,1.00
2015.10.26 14:02:08.445,0.66585,0.66611,1.00,1.00
2015.10.26 14:02:08.501,0.66588,0.66615,1.00,1.35
2015.10.26 14:02:08.720,0.66587,0.66611,1.00,1.00
2015.10.26 14:02:08.820,0.66588,0.66615,1.00,1.00
2015.10.26 14:02:09.141,0.6659,0.66616,1.00,1.00
2015.10.26 14:02:10.140,0.66589,0.66616,1.00,1.00
2015.10.26 14:02:10.807,0.66589,0.66615,1.00,1.00
2015.10.26 14:02:10.959,0.66592,0.6662,1.00,1.50
2015.10.26 14:02:11.010,0.66596,0.6662,1.00,1.00
2015.10.26 14:02:11.211,0.66593,0.6662,1.00,1.00
2015.10.26 14:02:12.405,0.66592,0.66616,1.00,1.00
2015.10.26 14:02:13.000,0.66592,0.66615,1.00,1.00
2015.10.26 14:02:13.571,0.66597,0.66625,1.00,1.00
2015.10.26 14:02:13.624,0.66599,0.66625,1.00,1.00
2015.10.26 14:02:14.201,0.66599,0.66626,1.00,1.00
2015.10.26 14:02:14.980,0.66599,0.66625,1.00,1.00
2015.10.26 14:02:15.282,0.66595,0.66623,1.00,1.50
2015.10.26 14:02:15.333,0.66595,0.66621,1.00,1.50
2015.10.26 14:02:15.843,0.66595,0.66615,1.00,1.00
2015.10.26 14:02:15.901,0.66588,0.66615,1.00,1.00
2015.10.26 14:02:16.060,0.66586,0.66615,1.00,1.00
2015.10.26 14:02:16.315,0.66587,0.6661,1.00,1.00
2015.10.26 14:02:16.562,0.66587,0.66616,1.00,1.50
2015.10.26 14:02:17.127,0.66588,0.66616,1.00,1.50
2015.10.26 14:02:17.178,0.66592,0.66615,1.00,1.00
2015.10.26 14:02:17.290,0.66592,0.66619,1.00,1.00
2015.10.26 14:02:17.391,0.66592,0.66621,1.00,1.00
2015.10.26 14:02:18.432,0.66589,0.66616,1.00,1.00
2015.10.26 14:02:18.748,0.66591,0.66616,1.00,1.00
2015.10.26 14:02:19.605,0.6659,0.66616,1.00,1.00
2015.10.26 14:02:22.547,0.66591,0.66616,1.00,1.00
2015.10.26 14:02:22.598,0.66591,0.66619,1.00,1.00
2015.10.26 14:02:22.729,0.66591,0.66621,1.00,2.25
2015.10.26 14:02:22.880,0.66593,0.66621,1.00,1.50
2015.10.26 14:02:23.200,0.66596,0.66621,1.00,1.00
2015.10.26 14:02:23.571,0.66593,0.66621,1.00,1.00
2015.10.26 14:02:23.860,0.66595,0.6662,1.00,1.00
2015.10.26 14:02:24.111,0.66596,0.66625,1.00,1.00
2015.10.26 14:02:24.313,0.66597,0.6662,1.00,1.00
2015.10.26 14:02:26.041,0.66594,0.66621,1.00,1.00
2015.10.26 14:02:26.091,0.66594,0.66616,1.00,1.00
2015.10.26 14:02:26.192,0.66592,0.66615,1.00,1.00
2015.10.26 14:02:26.510,0.66589,0.66616,1.00,1.00
2015.10.26 14:02:27.499,0.66592,0.66616,1.00,1.00
2015.10.26 14:02:27.650,0.66588,0.66616,1.00,1.00
2015.10.26 14:02:28.547,0.66588,0.66611,1.00,1.00
2015.10.26 14:02:28.717,0.66581,0.66605,1.00,1.00
2015.10.26 14:02:29.257,0.66582,0.66605,1.00,1.00
2015.10.26 14:02:29.776,0.66581,0.66605,1.00,1.00
2015.10.26 14:02:30.378,0.66581,0.66611,1.00,2.85
2015.10.26 14:02:30.880,0.66579,0.66606,1.00,1.00
2015.10.26 14:02:31.220,0.66579,0.66596,1.00,1.00
2015.10.26 14:02:31.379,0.66581,0.66601,1.00,1.00
2015.10.26 14:02:31.480,0.66581,0.66605,1.00,1.00
2015.10.26 14:02:32.409,0.66581,0.666,1.00,1.00
2015.10.26 14:02:32.468,0.66581,0.66606,1.00,1.00
2015.10.26 14:02:32.800,0.66583,0.66606,1.00,1.00
2015.10.26 14:02:33.129,0.66585,0.66601,1.00,1.00
2015.10.26 14:02:33.507,0.66583,0.66601,1.00,1.00
2015.10.26 14:02:33.558,0.66581,0.666,1.00,1.00
2015.10.26 14:02:33.884,0.66583,0.666,1.00,1.00
2015.10.26 14:02:34.299,0.66581,0.66601,1.00,1.00
2015.10.26 14:02:34.800,0.66582,0.66601,1.00,1.00
2015.10.26 14:02:35.977,0.66582,0.666,1.00,1.00
2015.10.26 14:02:36.520,0.66582,0.66601,1.00,1.00
2015.10.26 14:02:37.082,0.66582,0.666,1.00,1.00
2015.10.26 14:02:37.595,0.66583,0.66601,1.00,1.00
2015.10.26 14:02:37.847,0.66587,0.66601,1.00,1.00
2015.10.26 14:02:38.502,0.66584,0.66606,1.00,1.00
2015.10.26 14:02:39.199,0.66584,0.66601,1.00,1.00
2015.10.26 14:02:40.154,0.66582,0.66601,1.00,1.00
2015.10.26 14:02:40.382,0.66582,0.66606,1.00,1.00
2015.10.26 14:02:40.482,0.66584,0.66606,1.00,1.00
2015.10.26 14:02:41.131,0.66585,0.66606,1.00,1.00
2015.10.26 14:02:41.460,0.6658,0.66601,1.00,1.00
2015.10.26 14:02:42.764,0.66579,0.66601,1.00,1.00
2015.10.26 14:02:43.313,0.66579,0.666,1.00,1.00
2015.10.26 14:02:43.934,0.66581,0.66595,1.00,1.00
2015.10.26 14:02:43.985,0.66581,0.66601,1.00,1.00
2015.10.26 14:02:44.089,0.66581,0.66606,1.00,1.00
2015.10.26 14:02:44.240,0.66581,0.66601,1.00,1.00
2015.10.26 14:02:44.567,0.66583,0.66601,1.00,1.00
2015.10.26 14:02:45.067,0.66582,0.66606,1.00,1.00
2015.10.26 14:02:45.208,0.66582,0.66601,1.00,1.00
2015.10.26 14:02:45.359,0.66585,0.66606,1.00,1.00
2015.10.26 14:02:46.190,0.66587,0.66606,1.00,1.00
2015.10.26 14:02:46.240,0.66587,0.66611,1.00,1.00
2015.10.26 14:02:46.342,0.66587,0.66605,1.00,1.00
2015.10.26 14:02:46.443,0.66585,0.66606,1.00,1.00
2015.10.26 14:02:47.312,0.66585,0.66605,1.00,1.00
2015.10.26 14:02:47.368,0.66589,0.66611,1.00,1.00
2015.10.26 14:02:48.298,0.66589,0.6661,1.00,1.00
2015.10.26 14:02:48.932,0.6659,0.66611,1.00,1.00
2015.10.26 14:02:49.083,0.66591,0.66615,1.00,1.00
2015.10.26 14:02:49.184,0.66593,0.66615,1.00,1.00
2015.10.26 14:02:49.846,0.66593,0.66616,1.00,1.00
2015.10.26 14:02:50.383,0.66593,0.66615,1.00,1.00
2015.10.26 14:02:50.487,0.66591,0.66616,1.50,1.00
2015.10.26 14:02:51.071,0.66594,0.66611,1.00,1.00
2015.10.26 14:02:51.591,0.66595,0.66611,1.00,1.00
2015.10.26 14:02:51.692,0.66592,0.66611,1.00,1.00
2015.10.26 14:02:52.830,0.66597,0.66611,1.00,1.00
2015.10.26 14:02:53.031,0.666,0.66616,1.00,1.00
2015.10.26 14:02:53.132,0.666,0.66611,1.00,1.00
2015.10.26 14:02:53.284,0.666,0.66616,1.00,1.00
2015.10.26 14:02:53.970,0.666,0.66611,1.00,1.00
2015.10.26 14:02:54.020,0.666,0.66615,1.00,1.00
2015.10.26 14:02:55.108,0.66601,0.66616,1.00,1.00
2015.10.26 14:02:55.755,0.666,0.66616,1.00,1.00
2015.10.26 14:02:56.306,0.666,0.66615,1.00,1.00
2015.10.26 14:02:56.858,0.666,0.66616,1.00,1.00
2015.10.26 14:02:58.097,0.66597,0.66616,1.00,1.00
2015.10.26 14:02:59.049,0.66596,0.66615,1.00,1.00
2015.10.26 14:02:59.509,0.66596,0.66611,1.00,1.00
2015.10.26 14:02:59.660,0.66597,0.66616,1.00,1.00
2015.10.26 14:03:01.609,0.66597,0.6662,1.00,1.00
2015.10.26 14:03:01.660,0.66601,0.6662,1.00,1.00
2015.10.26 14:03:01.962,0.66598,0.66616,1.00,1.00
2015.10.26 14:03:03.070,0.66597,0.66616,1.00,1.00
2015.10.26 14:03:04.680,0.66597,0.66615,1.00,1.00
2015.10.26 14:03:05.467,0.66597,0.66616,1.00,1.00
2015.10.26 14:03:06.139,0.66596,0.66616,1.00,1.00
2015.10.26 14:03:08.677,0.66596,0.66611,1.00,1.00
2015.10.26 14:03:09.599,0.66595,0.66611,1.00,1.00
2015.10.26 14:03:09.948,0.66597,0.66611,1.00,1.00
2015.10.26 14:03:09.999,0.66597,0.66616,1.00,1.00
2015.10.26 14:03:10.508,0.66597,0.66615,1.00,1.00
2015.10.26 14:03:10.923,0.66599,0.6662,1.00,1.00
2015.10.26 14:03:10.975,0.66599,0.66616,1.00,1.00
2015.10.26 14:03:11.076,0.66597,0.66616,1.00,1.00
2015.10.26 14:03:12.308,0.66598,0.66616,1.00,1.00
2015.10.26 14:03:12.811,0.66597,0.66616,1.00,1.00
2015.10.26 14:03:13.787,0.66595,0.66616,1.00,1.00
2015.10.26 14:03:14.577,0.66595,0.66615,1.00,1.00
2015.10.26 14:03:15.221,0.66595,0.66616,1.00,1.00
2015.10.26 14:03:16.564,0.66595,0.66615,1.00,1.00
2015.10.26 14:03:17.041,0.66596,0.66611,1.00,1.00
2015.10.26 14:03:17.142,0.66599,0.66616,1.00,1.00
2015.10.26 14:03:17.612,0.66599,0.66621,1.00,1.00
2015.10.26 14:03:17.664,0.66601,0.66621,1.00,1.00
2015.10.26 14:03:17.989,0.66603,0.66616,1.00,1.00
2015.10.26 14:03:18.332,0.66603,0.66621,1.00,1.00
2015.10.26 14:03:19.114,0.66603,0.6662,1.00,1.00
2015.10.26 14:03:19.686,0.66603,0.66621,1.00,1.00
2015.10.26 14:03:20.148,0.66601,0.6662,1.00,1.00
2015.10.26 14:03:20.679,0.66601,0.66621,1.00,1.00
2015.10.26 14:03:21.329,0.66601,0.66616,1.00,1.00
2015.10.26 14:03:21.380,0.66597,0.66616,1.00,1.00
2015.10.26 14:03:21.769,0.666,0.66611,1.00,1.00
2015.10.26 14:03:21.870,0.66599,0.66616,1.00,1.00
2015.10.26 14:03:21.966,0.66601,0.66616,1.00,1.00
2015.10.26 14:03:22.352,0.66598,0.66616,1.00,1.00
2015.10.26 14:03:22.847,0.66598,0.66621,1.00,1.00
2015.10.26 14:03:23.089,0.66595,0.66621,1.00,1.00
2015.10.26 14:03:24.043,0.66596,0.66616,1.00,1.00
2015.10.26 14:03:24.603,0.66596,0.66621,1.00,1.00
2015.10.26 14:03:25.386,0.66596,0.6662,1.00,1.00
2015.10.26 14:03:25.518,0.66596,0.66623,1.00,1.00
2015.10.26 14:03:25.619,0.66598,0.6662,1.00,1.00
2015.10.26 14:03:25.720,0.66598,0.66625,1.00,1.00
2015.10.26 14:03:25.821,0.66602,0.66629,1.00,1.00
2015.10.26 14:03:26.330,0.66601,0.66626,1.00,1.00
2015.10.26 14:03:26.481,0.66599,0.66626,1.00,1.00
2015.10.26 14:03:26.722,0.66601,0.66626,1.00,1.00
2015.10.26 14:03:27.726,0.66602,0.66626,1.00,1.00
2015.10.26 14:03:28.509,0.66601,0.66626,1.00,1.00
2015.10.26 14:03:28.830,0.66598,0.66621,1.50,1.00
2015.10.26 14:03:29.649,0.66598,0.6662,1.00,1.00
2015.10.26 14:03:30.184,0.66598,0.66621,1.00,1.00
2015.10.26 14:03:31.018,0.66601,0.66625,1.00,1.00
2015.10.26 14:03:31.127,0.66601,0.66621,1.50,1.00
2015.10.26 14:03:31.558,0.66601,0.66626,1.50,1.00
2015.10.26 14:03:32.206,0.66601,0.66621,1.00,1.00
2015.10.26 14:03:32.442,0.66601,0.66626,1.00,1.00
2015.10.26 14:03:32.543,0.66599,0.66626,1.50,1.50
2015.10.26 14:03:32.593,0.66599,0.6662,1.50,1.00
2015.10.26 14:03:33.450,0.666,0.6662,1.00,1.00
2015.10.26 14:03:34.088,0.666,0.66626,1.00,1.00
2015.10.26 14:03:35.119,0.666,0.6662,1.00,1.00
2015.10.26 14:03:36.294,0.66598,0.6662,1.00,1.00
2015.10.26 14:03:36.900,0.66597,0.66621,1.00,1.00
2015.10.26 14:03:37.420,0.66593,0.66616,1.00,1.00
2015.10.26 14:03:37.937,0.66593,0.66615,1.00,1.00
2015.10.26 14:03:38.533,0.66593,0.66616,1.00,1.00
2015.10.26 14:03:39.115,0.66592,0.66615,1.00,1.00
2015.10.26 14:03:39.634,0.66592,0.66611,1.00,1.00
2015.10.26 14:03:39.684,0.66592,0.66616,1.00,1.00
2015.10.26 14:03:39.787,0.66595,0.66616,1.00,1.00
2015.10.26 14:03:40.320,0.66595,0.66615,1.00,1.00
2015.10.26 14:03:40.720,0.66597,0.66615,1.00,1.00
2015.10.26 14:03:40.770,0.66597,0.66621,1.50,1.00
2015.10.26 14:03:41.323,0.66598,0.66621,1.00,1.00
2015.10.26 14:03:41.870,0.66597,0.6662,1.50,1.00
2015.10.26 14:03:42.219,0.66593,0.66621,1.00,1.50
2015.10.26 14:03:42.269,0.66593,0.66615,1.00,1.00
2015.10.26 14:03:42.577,0.66592,0.66611,1.00,1.00
2015.10.26 14:03:43.047,0.6659,0.66611,1.00,1.00
2015.10.26 14:03:43.108,0.6659,0.66615,1.00,1.00
2015.10.26 14:03:43.309,0.66594,0.66616,1.00,1.00
2015.10.26 14:03:43.681,0.66594,0.6662,1.00,1.00
2015.10.26 14:03:44.193,0.66595,0.6662,1.00,1.00
2015.10.26 14:03:44.346,0.66595,0.66615,1.00,1.00
2015.10.26 14:03:44.537,0.66595,0.6662,1.00,1.00
2015.10.26 14:03:44.738,0.66597,0.66621,1.00,1.00
2015.10.26 14:03:45.748,0.66596,0.66621,1.00,1.00
2015.10.26 14:03:46.059,0.66593,0.66616,1.00,1.00
2015.10.26 14:03:46.210,0.6659,0.66615,1.00,1.00
2015.10.26 14:03:46.311,0.66589,0.66611,1.00,1.00
2015.10.26 14:03:46.839,0.66592,0.6661,1.00,1.00
2015.10.26 14:03:46.890,0.66592,0.66615,1.00,1.00
2015.10.26 14:03:46.991,0.66596,0.66615,1.00,1.00
2015.10.26 14:03:47.212,0.66593,0.66621,1.50,1.50
2015.10.26 14:03:47.313,0.66594,0.66615,1.00,1.00
2015.10.26 14:03:47.729,0.66592,0.66616,1.50,1.00
2015.10.26 14:03:49.522,0.66592,0.66615,1.50,1.00
2015.10.26 14:03:49.723,0.66592,0.6662,1.50,1.00
2015.10.26 14:03:50.107,0.66595,0.66621,1.00,1.00
2015.10.26 14:03:50.486,0.66593,0.66619,1.00,1.00
2015.10.26 14:03:51.310,0.66598,0.66616,1.00,1.00
2015.10.26 14:03:51.361,0.66596,0.66616,1.00,1.00
2015.10.26 14:03:51.730,0.66593,0.66615,1.00,1.00
2015.10.26 14:03:52.474,0.66593,0.66616,1.00,1.00
2015.10.26 14:03:52.830,0.66593,0.66611,1.00,1.00
2015.10.26 14:03:53.867,0.66591,0.66611,1.00,1.00
2015.10.26 14:03:53.976,0.66597,0.66611,1.00,1.00
2015.10.26 14:03:54.127,0.66597,0.66616,1.00,1.00
2015.10.26 14:03:54.238,0.66595,0.66616,1.00,1.00
2015.10.26 14:03:54.757,0.66595,0.66615,1.50,1.00
2015.10.26 14:03:55.337,0.66595,0.66616,1.50,1.00
2015.10.26 14:03:56.638,0.66595,0.66611,1.00,1.00
2015.10.26 14:03:56.878,0.66595,0.66616,1.00,1.00
2015.10.26 14:03:57.318,0.66595,0.66611,1.00,1.00
2015.10.26 14:03:57.887,0.66595,0.66615,1.00,1.00
2015.10.26 14:03:58.403,0.66595,0.66616,1.00,1.00
2015.10.26 14:03:59.015,0.66593,0.66615,1.00,1.00
2015.10.26 14:03:59.066,0.66589,0.66614,1.00,1.00
2015.10.26 14:03:59.227,0.66587,0.66614,1.50,1.00
2015.10.26 14:03:59.277,0.66587,0.66612,1.00,1.00
2015.10.26 14:03:59.579,0.66589,0.66611,1.00,1.00
2015.10.26 14:03:59.630,0.66587,0.66611,1.50,1.00
2015.10.26 14:04:00.112,0.66589,0.66611,1.00,1.00
2015.10.26 14:04:00.438,0.66591,0.66611,1.00,1.00
2015.10.26 14:04:00.610,0.66589,0.66611,1.00,1.00
2015.10.26 14:04:01.204,0.66592,0.66611,1.00,1.00
2015.10.26 14:04:01.254,0.66592,0.66616,1.00,1.00
2015.10.26 14:04:01.305,0.66592,0.66619,1.00,1.00
2015.10.26 14:04:01.615,0.66592,0.66616,1.50,1.00
2015.10.26 14:04:02.310,0.66595,0.66616,1.00,1.00
2015.10.26 14:04:02.368,0.66595,0.66621,1.00,1.00
2015.10.26 14:04:02.519,0.66594,0.66615,1.00,1.00
2015.10.26 14:04:02.822,0.6659,0.66615,1.50,1.00
2015.10.26 14:04:03.602,0.6659,0.66616,1.00,1.00
2015.10.26 14:04:04.097,0.66589,0.66611,1.00,1.00
2015.10.26 14:04:04.147,0.66586,0.66611,1.00,1.50
2015.10.26 14:04:04.198,0.66583,0.66611,1.00,1.50
2015.10.26 14:04:04.349,0.66581,0.66607,1.00,1.00
2015.10.26 14:04:04.797,0.66581,0.66605,1.00,1.00
2015.10.26 14:04:04.848,0.66576,0.66604,1.00,1.00
2015.10.26 14:04:05.117,0.66578,0.66605,1.00,1.00
2015.10.26 14:04:06.635,0.6658,0.66604,1.00,1.00
2015.10.26 14:04:07.758,0.66579,0.66605,1.00,1.00
2015.10.26 14:04:08.922,0.6658,0.66606,1.50,1.00
2015.10.26 14:04:09.248,0.66583,0.66609,1.00,1.00
2015.10.26 14:04:09.598,0.66579,0.66605,1.00,1.50
2015.10.26 14:04:09.978,0.66579,0.66603,1.00,1.00
2015.10.26 14:04:10.147,0.66579,0.66605,1.00,1.00
2015.10.26 14:04:10.501,0.66581,0.66607,1.00,1.00
2015.10.26 14:04:11.130,0.66582,0.66606,1.00,1.00
2015.10.26 14:04:12.608,0.66582,0.66608,1.00,1.00
2015.10.26 14:04:13.251,0.66584,0.6661,1.00,1.00
2015.10.26 14:04:13.840,0.66587,0.66613,1.00,1.00
2015.10.26 14:04:16.367,0.66583,0.66607,1.00,1.00
2015.10.26 14:04:16.673,0.66586,0.6661,1.00,1.00
2015.10.26 14:04:17.936,0.66588,0.66612,1.00,1.00
2015.10.26 14:04:18.323,0.66588,0.66614,1.00,1.00
2015.10.26 14:04:18.574,0.66588,0.66611,1.00,1.00
2015.10.26 14:04:19.606,0.66587,0.66611,1.00,1.00
2015.10.26 14:04:21.779,0.66586,0.66611,1.00,1.00
2015.10.26 14:04:23.236,0.66584,0.6661,1.00,1.00
2015.10.26 14:04:23.286,0.66584,0.66605,1.00,1.00
2015.10.26 14:04:23.488,0.66582,0.66606,1.00,1.00
2015.10.26 14:04:23.796,0.6658,0.66606,1.00,1.50
2015.10.26 14:04:24.998,0.66582,0.66606,1.00,1.00
2015.10.26 14:04:25.149,0.66582,0.66608,1.00,1.00
2015.10.26 14:04:25.250,0.66584,0.6661,1.00,1.50
2015.10.26 14:04:25.669,0.66581,0.66606,1.35,1.00
2015.10.26 14:04:26.002,0.6658,0.66604,1.00,1.00
2015.10.26 14:04:26.246,0.6658,0.66606,1.00,1.50
2015.10.26 14:04:26.837,0.66579,0.66605,1.00,1.00
2015.10.26 14:04:27.141,0.66579,0.666,1.00,1.00
2015.10.26 14:04:27.796,0.66579,0.66603,1.00,1.00
2015.10.26 14:04:28.657,0.66571,0.6659,1.00,1.00
2015.10.26 14:04:28.708,0.66567,0.66591,1.00,1.00
2015.10.26 14:04:29.005,0.66565,0.66591,1.00,1.50
2015.10.26 14:04:29.723,0.66566,0.6659,1.00,1.00
2015.10.26 14:04:30.917,0.66566,0.66591,1.00,1.00
2015.10.26 14:04:30.970,0.66568,0.66591,1.00,1.00
2015.10.26 14:04:31.021,0.66568,0.66594,1.00,1.00
2015.10.26 14:04:31.071,0.66572,0.66596,1.00,1.00
2015.10.26 14:04:31.954,0.66573,0.66596,1.00,1.00
2015.10.26 14:04:32.487,0.66577,0.66596,1.00,1.00
2015.10.26 14:04:32.537,0.66577,0.66601,1.00,1.50
2015.10.26 14:04:33.047,0.66578,0.66601,1.00,1.00
2015.10.26 14:04:33.247,0.66576,0.66601,1.00,1.00
2015.10.26 14:04:34.178,0.66577,0.66601,1.00,1.00
2015.10.26 14:04:34.480,0.66579,0.66601,1.00,1.00
2015.10.26 14:04:34.894,0.66575,0.66599,1.00,1.00
2015.10.26 14:04:35.153,0.66578,0.66601,1.00,1.00
2015.10.26 14:04:35.605,0.66576,0.66601,1.00,1.00
2015.10.26 14:04:36.106,0.66577,0.66601,1.00,1.00
2015.10.26 14:04:36.815,0.66576,0.66601,1.00,1.00
2015.10.26 14:04:37.581,0.66578,0.66601,1.00,1.00
2015.10.26 14:04:38.854,0.6658,0.66601,1.00,1.00
2015.10.26 14:04:40.050,0.66578,0.666,1.00,1.00
2015.10.26 14:04:40.418,0.66581,0.66605,1.00,1.00
2015.10.26 14:04:41.150,0.66582,0.66606,1.00,1.00
2015.10.26 14:04:41.319,0.66579,0.66601,1.35,1.00
2015.10.26 14:04:41.421,0.66579,0.66605,1.35,1.00
2015.10.26 14:04:42.264,0.66578,0.66604,1.60,1.00
2015.10.26 14:04:43.539,0.66581,0.66606,1.00,1.00
2015.10.26 14:04:43.867,0.66582,0.66608,1.00,1.50
2015.10.26 14:04:43.918,0.66584,0.6661,1.00,2.25
2015.10.26 14:04:44.632,0.66586,0.6661,1.00,1.00
2015.10.26 14:04:45.174,0.66586,0.66611,1.00,1.00
2015.10.26 14:04:46.074,0.66588,0.66613,1.00,1.00
2015.10.26 14:04:46.594,0.66585,0.66611,1.00,1.50
2015.10.26 14:04:47.259,0.66589,0.66611,1.00,1.00
2015.10.26 14:04:47.309,0.66589,0.66615,1.00,2.25
2015.10.26 14:04:48.468,0.66587,0.66613,1.00,1.00
2015.10.26 14:04:48.797,0.66589,0.66613,1.00,1.00
2015.10.26 14:04:48.973,0.66589,0.66615,1.00,1.50
2015.10.26 14:04:50.236,0.66591,0.66615,1.00,1.00
2015.10.26 14:04:50.287,0.66591,0.66617,1.00,1.50
2015.10.26 14:04:53.310,0.66592,0.66616,1.00,1.00
2015.10.26 14:04:53.411,0.66589,0.66615,1.00,1.00
2015.10.26 14:04:53.612,0.66587,0.66613,1.00,1.00
2015.10.26 14:04:54.151,0.66589,0.66613,1.00,1.00
2015.10.26 14:04:54.740,0.66587,0.66612,1.00,1.00
2015.10.26 14:04:55.378,0.66587,0.66613,1.00,1.00
2015.10.26 14:04:55.616,0.66589,0.66614,1.00,1.00
2015.10.26 14:04:55.911,0.66587,0.66613,1.00,1.00
2015.10.26 14:04:56.264,0.66587,0.66611,1.00,1.00
2015.10.26 14:04:57.143,0.66584,0.66608,1.00,1.00
2015.10.26 14:04:57.345,0.66581,0.66607,1.00,1.00
2015.10.26 14:04:59.434,0.66582,0.66608,1.00,1.00
2015.10.26 14:04:59.585,0.66585,0.66611,1.00,1.50
2015.10.26 14:05:00.638,0.66586,0.66611,1.00,1.00
2015.10.26 14:05:01.334,0.66585,0.66611,1.00,1.50
2015.10.26 14:05:01.900,0.66585,0.6661,1.00,1.00
2015.10.26 14:05:02.251,0.66587,0.6661,1.00,1.00
2015.10.26 14:05:02.548,0.66585,0.66609,1.00,1.00
2015.10.26 14:05:02.750,0.66581,0.66607,1.00,1.00
2015.10.26 14:05:03.536,0.66582,0.66608,1.00,1.50
2015.10.26 14:05:03.636,0.66585,0.66608,1.00,1.00
2015.10.26 14:05:03.750,0.66585,0.66611,1.50,1.00
2015.10.26 14:05:04.387,0.66582,0.66605,1.00,1.00
2015.10.26 14:05:04.597,0.66579,0.66605,1.00,1.00
2015.10.26 14:05:05.630,0.66582,0.66606,1.00,1.00
2015.10.26 14:05:07.055,0.66586,0.66612,1.00,1.00
2015.10.26 14:05:07.586,0.66585,0.66611,1.00,1.00
2015.10.26 14:05:08.262,0.66588,0.66612,1.00,1.00
2015.10.26 14:05:08.312,0.66588,0.66614,1.00,1.00
2015.10.26 14:05:08.363,0.6659,0.66614,1.00,1.00
2015.10.26 14:05:08.792,0.66585,0.6661,1.00,1.00
2015.10.26 14:05:09.459,0.66583,0.66609,1.00,1.00
2015.10.26 14:05:10.021,0.66584,0.66609,1.00,1.00
2015.10.26 14:05:11.221,0.66587,0.66612,1.00,1.00
2015.10.26 14:05:11.280,0.66585,0.66611,1.50,1.00
2015.10.26 14:05:11.677,0.66588,0.66611,1.00,1.00
2015.10.26 14:05:11.879,0.66585,0.66611,1.00,1.00
2015.10.26 14:05:12.347,0.66585,0.66609,1.00,1.00
2015.10.26 14:05:13.182,0.66582,0.66608,1.00,1.00
2015.10.26 14:05:13.647,0.66584,0.6661,1.50,1.00
2015.10.26 14:05:13.949,0.66589,0.66613,1.00,1.00
2015.10.26 14:05:14.101,0.6659,0.66616,1.00,1.50
2015.10.26 14:05:14.783,0.66589,0.66615,1.00,1.00
2015.10.26 14:05:15.290,0.66588,0.66614,1.00,1.00
2015.10.26 14:05:16.279,0.6659,0.66614,1.00,1.00
2015.10.26 14:05:16.544,0.66588,0.66614,1.00,1.00
2015.10.26 14:05:16.900,0.66588,0.66612,1.00,1.00
2015.10.26 14:05:17.322,0.66585,0.66609,1.00,1.00
2015.10.26 14:05:18.615,0.66585,0.66611,1.00,1.00
2015.10.26 14:05:19.226,0.66585,0.66609,1.00,1.00
2015.10.26 14:05:21.836,0.66584,0.6661,1.50,1.00
2015.10.26 14:05:22.518,0.66584,0.66609,1.50,1.00
2015.10.26 14:05:22.670,0.66579,0.66605,1.50,1.50
2015.10.26 14:05:23.188,0.6658,0.66604,1.50,1.00
2015.10.26 14:05:23.726,0.66579,0.66605,1.50,1.50
2015.10.26 14:05:24.849,0.66581,0.66605,1.00,1.00
2015.10.26 14:05:24.900,0.66581,0.66607,1.00,1.00
2015.10.26 14:05:24.950,0.66585,0.66609,1.00,1.00
2015.10.26 14:05:25.052,0.66585,0.66611,1.00,1.50
2015.10.26 14:05:26.267,0.66586,0.66611,1.00,1.00
2015.10.26 14:05:28.733,0.66585,0.66611,1.00,1.50
2015.10.26 14:05:29.530,0.66585,0.6661,1.00,1.00
2015.10.26 14:05:29.681,0.66582,0.66608,1.00,1.00
2015.10.26 14:05:29.836,0.6658,0.66606,1.00,1.00
2015.10.26 14:05:30.186,0.6658,0.66604,1.00,1.00
2015.10.26 14:05:30.236,0.6658,0.66606,1.00,1.00
2015.10.26 14:05:30.806,0.66581,0.66605,1.00,1.00
2015.10.26 14:05:32.575,0.66579,0.66605,1.00,1.00
2015.10.26 14:05:32.676,0.66582,0.66606,1.00,1.50
2015.10.26 14:05:32.877,0.66584,0.6661,1.00,1.00
2015.10.26 14:05:33.728,0.66585,0.66609,1.50,1.00
2015.10.26 14:05:36.831,0.66587,0.66611,1.00,1.00
2015.10.26 14:05:37.941,0.66587,0.66612,1.00,1.50
2015.10.26 14:05:37.991,0.66588,0.66614,1.00,1.50
2015.10.26 14:05:38.310,0.66583,0.66607,1.00,1.50
2015.10.26 14:05:38.587,0.66579,0.66605,1.00,1.00
2015.10.26 14:05:38.697,0.66582,0.66606,1.00,1.00
2015.10.26 14:05:39.243,0.66583,0.66609,1.00,1.00
2015.10.26 14:05:39.293,0.66586,0.66611,1.00,1.00
2015.10.26 14:05:39.708,0.66588,0.66613,1.00,1.00
2015.10.26 14:05:40.481,0.66583,0.66609,1.00,1.00
2015.10.26 14:05:41.071,0.66583,0.66603,1.00,1.00
2015.10.26 14:05:41.121,0.66574,0.66599,1.00,1.00
2015.10.26 14:05:41.570,0.66572,0.66596,1.00,1.00
2015.10.26 14:05:42.042,0.66574,0.66599,1.00,1.00
2015.10.26 14:05:43.389,0.66574,0.666,1.00,1.50
2015.10.26 14:05:43.541,0.66578,0.66602,1.00,1.50
2015.10.26 14:05:43.999,0.66576,0.66602,1.00,1.00
2015.10.26 14:05:44.201,0.6658,0.66605,1.00,1.00
2015.10.26 14:05:44.714,0.66579,0.66605,1.00,1.50
2015.10.26 14:05:45.036,0.66579,0.66603,1.00,1.00
2015.10.26 14:05:45.306,0.66582,0.66608,1.00,1.00
2015.10.26 14:05:47.036,0.66583,0.66609,1.00,1.00
2015.10.26 14:05:47.544,0.66584,0.6661,1.00,1.00
2015.10.26 14:05:48.350,0.66584,0.66608,1.00,1.00
2015.10.26 14:05:48.932,0.66585,0.66611,1.00,1.50
2015.10.26 14:05:49.475,0.66583,0.66609,1.00,1.00
2015.10.26 14:05:50.026,0.66584,0.6661,1.00,1.00
2015.10.26 14:05:50.401,0.66587,0.66612,1.00,1.00
2015.10.26 14:05:51.391,0.66588,0.66614,1.00,1.00
2015.10.26 14:05:52.799,0.66589,0.66615,1.00,1.00
2015.10.26 14:05:53.358,0.66587,0.66613,1.00,1.00
2015.10.26 14:05:54.429,0.66587,0.6661,1.00,1.00
2015.10.26 14:05:54.480,0.66587,0.66613,1.00,1.00
2015.10.26 14:05:54.580,0.66586,0.6661,1.00,1.00
2015.10.26 14:05:54.681,0.66584,0.6661,1.00,1.00
2015.10.26 14:05:54.901,0.66584,0.66608,1.00,1.00
2015.10.26 14:05:55.580,0.6658,0.66604,1.00,1.00
2015.10.26 14:05:56.420,0.66578,0.66604,1.00,1.00
2015.10.26 14:05:56.935,0.66576,0.66602,1.00,1.00
2015.10.26 14:05:57.253,0.6658,0.66604,1.00,1.00
2015.10.26 14:05:57.836,0.66581,0.66605,1.00,1.00
2015.10.26 14:05:58.277,0.66583,0.66608,1.00,1.00
2015.10.26 14:05:58.814,0.66582,0.66608,1.00,1.00
2015.10.26 14:06:02.031,0.66583,0.66609,1.00,1.00
2015.10.26 14:06:02.131,0.66589,0.66611,1.00,1.00
2015.10.26 14:06:02.182,0.66589,0.66615,1.00,1.00
2015.10.26 14:06:02.674,0.66593,0.66618,1.00,1.00
2015.10.26 14:06:02.775,0.66596,0.66622,1.00,1.00
2015.10.26 14:06:02.943,0.66596,0.6662,1.00,1.00
2015.10.26 14:06:03.795,0.66597,0.6662,1.00,1.00
2015.10.26 14:06:04.298,0.66597,0.66621,1.00,1.00
2015.10.26 14:06:06.906,0.66594,0.6662,1.00,1.00
2015.10.26 14:06:07.409,0.66593,0.66619,1.00,1.00
2015.10.26 14:06:07.761,0.66596,0.6662,1.00,1.00
2015.10.26 14:06:08.747,0.66596,0.66622,1.00,1.00
2015.10.26 14:06:13.184,0.66596,0.66621,1.00,1.00
2015.10.26 14:06:13.284,0.66594,0.6662,1.00,1.00
2015.10.26 14:06:13.586,0.66597,0.66621,1.00,1.50
2015.10.26 14:06:14.368,0.66597,0.6662,1.00,1.00
2015.10.26 14:06:14.420,0.66595,0.6662,1.00,1.00
2015.10.26 14:06:14.706,0.66592,0.66618,1.00,1.00
2015.10.26 14:06:15.214,0.66594,0.6662,1.00,1.00
2015.10.26 14:06:16.221,0.66598,0.66621,1.00,1.00
2015.10.26 14:06:16.586,0.66597,0.66623,1.00,1.00
2015.10.26 14:06:16.807,0.66597,0.6662,1.00,1.00
2015.10.26 14:06:17.515,0.66596,0.6662,1.00,1.00
2015.10.26 14:06:17.939,0.66596,0.66616,1.00,1.00
2015.10.26 14:06:17.990,0.66592,0.66616,1.00,1.00
2015.10.26 14:06:18.295,0.66589,0.66615,1.00,1.00
2015.10.26 14:06:18.877,0.66589,0.66613,1.00,1.00
2015.10.26 14:06:20.639,0.66593,0.66619,1.00,1.00
2015.10.26 14:06:21.521,0.66594,0.6662,1.00,1.50
2015.10.26 14:06:24.475,0.66594,0.66615,1.00,1.00
2015.10.26 14:06:24.531,0.6659,0.66616,1.00,1.50
2015.10.26 14:06:25.115,0.66592,0.66618,1.00,1.00
2015.10.26 14:06:25.720,0.66594,0.6662,1.00,1.00
2015.10.26 14:06:26.048,0.66593,0.66617,1.00,1.00
2015.10.26 14:06:27.577,0.6659,0.66616,1.00,1.00
2015.10.26 14:06:27.679,0.66588,0.66614,1.00,1.00
2015.10.26 14:06:28.124,0.6659,0.66616,1.00,1.00
2015.10.26 14:06:28.912,0.66594,0.6662,1.00,1.00
2015.10.26 14:06:29.227,0.66597,0.66623,1.00,1.00
2015.10.26 14:06:29.777,0.66596,0.66622,1.00,1.00
2015.10.26 14:06:31.523,0.66596,0.6662,1.00,1.00
2015.10.26 14:06:31.577,0.66591,0.66617,1.00,1.00
2015.10.26 14:06:31.628,0.6659,0.66614,1.00,1.00
2015.10.26 14:06:31.981,0.66591,0.66617,1.00,1.00
2015.10.26 14:06:34.214,0.66592,0.66618,1.00,1.00
2015.10.26 14:06:34.805,0.66593,0.66617,1.00,1.00
2015.10.26 14:06:35.437,0.66593,0.66616,1.00,1.00
2015.10.26 14:06:36.259,0.66594,0.66616,1.00,1.00
2015.10.26 14:06:36.804,0.66597,0.66615,1.00,1.00
2015.10.26 14:06:36.855,0.66597,0.66623,1.00,1.00
2015.10.26 14:06:36.955,0.66597,0.66621,1.00,1.00
2015.10.26 14:06:37.467,0.66596,0.66621,1.00,1.00
2015.10.26 14:06:39.152,0.66596,0.6662,1.00,1.00
2015.10.26 14:06:39.760,0.66596,0.66621,1.00,1.00
2015.10.26 14:06:40.271,0.66596,0.66616,1.00,1.00
2015.10.26 14:06:40.322,0.66594,0.66616,1.00,1.00
2015.10.26 14:06:41.091,0.66595,0.66616,1.00,1.00
2015.10.26 14:06:41.335,0.66595,0.66618,1.00,1.00
2015.10.26 14:06:42.480,0.66596,0.66621,1.00,1.00
2015.10.26 14:06:42.631,0.66593,0.66617,1.00,1.00
2015.10.26 14:06:42.933,0.66591,0.66615,1.00,1.00
2015.10.26 14:06:43.258,0.66589,0.66611,1.00,1.00
2015.10.26 14:06:43.762,0.6659,0.66611,1.00,1.00
2015.10.26 14:06:44.089,0.66592,0.66611,1.00,1.00
2015.10.26 14:06:44.140,0.66592,0.66615,1.00,1.00
2015.10.26 14:06:44.291,0.66592,0.66617,1.00,1.00
2015.10.26 14:06:45.162,0.66596,0.6662,1.00,1.00
2015.10.26 14:06:45.670,0.66597,0.6662,1.00,1.00
2015.10.26 14:06:46.307,0.66597,0.66616,1.00,1.00
2015.10.26 14:06:46.943,0.66596,0.66615,1.00,1.00
2015.10.26 14:06:47.569,0.66596,0.66616,1.00,1.00
2015.10.26 14:06:47.619,0.66594,0.66616,1.00,1.00
2015.10.26 14:06:48.103,0.66596,0.66616,1.00,1.00
2015.10.26 14:06:48.380,0.66596,0.66619,1.00,1.00
2015.10.26 14:06:49.334,0.66596,0.6662,1.00,1.00
2015.10.26 14:06:49.646,0.66598,0.66622,1.00,1.00
2015.10.26 14:06:50.435,0.66597,0.6662,1.00,1.00
2015.10.26 14:06:50.488,0.66597,0.66622,1.00,1.00
2015.10.26 14:06:51.047,0.66597,0.66621,1.00,1.00
2015.10.26 14:06:51.098,0.66595,0.66621,1.00,1.50
2015.10.26 14:06:52.310,0.66593,0.66619,1.00,1.00
2015.10.26 14:06:53.018,0.66591,0.66617,1.00,1.00
2015.10.26 14:06:53.325,0.66589,0.66615,1.00,1.00
2015.10.26 14:06:53.665,0.66587,0.66613,1.00,1.00
2015.10.26 14:06:54.307,0.66586,0.66611,1.00,1.00
2015.10.26 14:06:55.938,0.66583,0.66609,1.00,1.00
2015.10.26 14:06:56.244,0.66581,0.66607,1.00,1.00
2015.10.26 14:06:56.683,0.66583,0.66607,1.00,1.00
2015.10.26 14:06:57.347,0.66581,0.66607,1.00,1.00
2015.10.26 14:06:57.563,0.66583,0.66609,1.00,1.00
2015.10.26 14:06:57.874,0.66581,0.66607,1.00,1.00
2015.10.26 14:06:58.785,0.6658,0.66606,1.00,1.00
2015.10.26 14:06:59.138,0.66583,0.66607,1.00,1.00
2015.10.26 14:06:59.340,0.66583,0.66609,1.00,1.00
2015.10.26 14:07:00.398,0.66586,0.66612,1.00,1.00
2015.10.26 14:07:01.104,0.66584,0.6661,1.00,1.00
2015.10.26 14:07:01.619,0.6658,0.66604,1.00,1.00
2015.10.26 14:07:01.986,0.66581,0.66607,1.00,1.00
2015.10.26 14:07:02.816,0.66582,0.66608,1.00,1.00
2015.10.26 14:07:03.425,0.66581,0.66607,1.00,1.00
2015.10.26 14:07:04.173,0.66583,0.66609,1.00,1.00
2015.10.26 14:07:04.644,0.66582,0.66606,1.00,1.00
2015.10.26 14:07:09.774,0.66578,0.66604,1.00,1.00
2015.10.26 14:07:10.473,0.66579,0.66605,1.00,1.00
2015.10.26 14:07:11.329,0.66579,0.66603,1.00,1.00
2015.10.26 14:07:12.178,0.6658,0.66606,1.00,1.50
2015.10.26 14:07:14.210,0.66581,0.66605,1.00,1.00
2015.10.26 14:07:17.743,0.66578,0.66604,1.00,1.00
2015.10.26 14:07:20.223,0.6658,0.66604,1.00,1.00
2015.10.26 14:07:21.235,0.6658,0.66605,1.00,1.00
2015.10.26 14:07:21.835,0.66579,0.66605,1.00,1.00
2015.10.26 14:07:23.114,0.6658,0.66605,1.00,1.00
2015.10.26 14:07:23.421,0.66577,0.66601,1.00,1.50
2015.10.26 14:07:23.572,0.66574,0.666,1.00,1.00
2015.10.26 14:07:23.792,0.66574,0.66596,1.60,1.00
2015.10.26 14:07:24.280,0.66578,0.666,1.00,1.00
2015.10.26 14:07:24.331,0.66578,0.66604,1.00,1.00
2015.10.26 14:07:25.063,0.66576,0.66602,1.00,1.00
2015.10.26 14:07:25.674,0.66576,0.666,1.00,1.50
2015.10.26 14:07:26.247,0.66577,0.66601,1.00,1.00
2015.10.26 14:07:26.953,0.66581,0.66606,1.00,1.00
2015.10.26 14:07:27.467,0.66581,0.66605,1.00,1.00
2015.10.26 14:07:27.618,0.66585,0.66606,1.00,1.00
2015.10.26 14:07:28.332,0.66585,0.6661,1.00,1.00
2015.10.26 14:07:28.857,0.66585,0.66611,1.00,1.50
2015.10.26 14:07:29.683,0.66586,0.6661,1.00,1.00
2015.10.26 14:07:30.452,0.66583,0.66609,1.00,1.00
2015.10.26 14:07:30.914,0.66585,0.6661,1.00,1.00
2015.10.26 14:07:32.243,0.66585,0.66611,1.00,1.50
2015.10.26 14:07:32.750,0.66585,0.6661,1.00,1.00
2015.10.26 14:07:34.712,0.66586,0.6661,1.00,1.00
2015.10.26 14:07:35.224,0.66579,0.66603,1.00,1.00
2015.10.26 14:07:36.313,0.66575,0.66601,1.00,1.00
2015.10.26 14:07:43.042,0.66577,0.66603,1.00,1.00
2015.10.26 14:07:43.459,0.66575,0.66601,1.00,1.00
2015.10.26 14:07:46.084,0.66579,0.66604,1.00,1.00
2015.10.26 14:07:46.867,0.66576,0.66601,1.00,1.00
2015.10.26 14:07:49.488,0.66577,0.66602,1.00,1.00
2015.10.26 14:07:50.153,0.66579,0.66602,1.00,1.00
2015.10.26 14:07:51.852,0.66577,0.66603,1.00,1.00
2015.10.26 14:07:53.320,0.66576,0.66601,1.00,1.00
2015.10.26 14:07:53.670,0.66578,0.66601,1.00,1.00
2015.10.26 14:07:54.213,0.66576,0.66601,1.00,1.00
2015.10.26 14:07:55.475,0.66575,0.66599,1.00,1.00
2015.10.26 14:07:55.533,0.66575,0.66601,1.00,1.00
2015.10.26 14:07:56.484,0.66579,0.66603,1.00,1.00
2015.10.26 14:07:57.900,0.66574,0.666,1.00,1.00
2015.10.26 14:08:01.819,0.66576,0.666,1.00,1.00
2015.10.26 14:08:06.669,0.66577,0.66601,1.00,1.00
2015.10.26 14:08:07.020,0.66581,0.66605,1.00,1.50
2015.10.26 14:08:07.932,0.66585,0.66609,1.00,1.00
2015.10.26 14:08:07.982,0.66585,0.66611,1.00,1.50
2015.10.26 14:08:08.292,0.66585,0.66609,1.00,1.00
2015.10.26 14:08:09.261,0.66583,0.66609,1.00,1.00
2015.10.26 14:08:09.315,0.66586,0.6661,1.00,1.00
2015.10.26 14:08:09.876,0.66585,0.6661,1.00,1.00
2015.10.26 14:08:10.610,0.66584,0.6661,1.00,1.00
2015.10.26 14:08:10.935,0.66583,0.66608,1.00,1.00
2015.10.26 14:08:11.152,0.66576,0.66602,1.00,1.00
2015.10.26 14:08:11.853,0.66577,0.66603,1.00,1.00
2015.10.26 14:08:13.926,0.66579,0.66603,1.00,1.00
2015.10.26 14:08:14.026,0.66581,0.66607,1.00,1.00
2015.10.26 14:08:14.127,0.6658,0.66604,1.00,1.00
2015.10.26 14:08:14.378,0.6658,0.66606,1.00,1.00
2015.10.26 14:08:14.903,0.66579,0.66603,1.00,1.00
2015.10.26 14:08:17.971,0.66577,0.66603,1.00,1.00
2015.10.26 14:08:18.450,0.66577,0.66601,1.00,1.00
2015.10.26 14:08:19.109,0.66577,0.666,1.00,1.00
2015.10.26 14:08:19.160,0.66576,0.66602,1.00,1.00
2015.10.26 14:08:19.311,0.66572,0.66598,1.00,1.00
2015.10.26 14:08:19.704,0.66574,0.66598,1.00,1.00
2015.10.26 14:08:20.759,0.66574,0.666,1.50,1.00
2015.10.26 14:08:20.962,0.66579,0.66603,1.00,1.00
2015.10.26 14:08:21.715,0.66579,0.66605,1.00,1.00
2015.10.26 14:08:22.292,0.66577,0.66603,1.00,1.00
2015.10.26 14:08:24.022,0.66578,0.66604,1.00,1.00
2015.10.26 14:08:26.271,0.66581,0.66605,1.00,1.00
2015.10.26 14:08:28.125,0.66581,0.66606,1.00,1.00
2015.10.26 14:08:28.734,0.66581,0.66607,1.00,1.00
2015.10.26 14:08:29.608,0.66585,0.66611,1.00,1.50
2015.10.26 14:08:30.010,0.66585,0.66609,1.00,1.00
2015.10.26 14:08:30.849,0.66585,0.66611,1.00,1.50
2015.10.26 14:08:31.283,0.66585,0.66609,1.00,1.00
2015.10.26 14:08:31.613,0.66583,0.66606,1.00,1.00
2015.10.26 14:08:32.131,0.66581,0.66606,1.00,1.00
2015.10.26 14:08:32.645,0.66577,0.66603,1.00,1.00
2015.10.26 14:08:32.744,0.66577,0.66601,1.00,1.00
2015.10.26 14:08:33.276,0.66576,0.666,1.00,1.00
2015.10.26 14:08:33.783,0.66575,0.66599,1.00,1.00
2015.10.26 14:08:33.834,0.66573,0.66599,1.00,1.00
2015.10.26 14:08:33.935,0.66575,0.66601,1.00,1.50
2015.10.26 14:08:36.231,0.66576,0.666,1.00,1.00
2015.10.26 14:08:37.534,0.66577,0.66601,1.00,1.50
2015.10.26 14:08:37.886,0.6658,0.66604,1.00,1.00
2015.10.26 14:08:38.043,0.66585,0.6661,1.00,1.00
2015.10.26 14:08:38.143,0.66584,0.66608,1.00,1.00
2015.10.26 14:08:38.212,0.66582,0.66608,1.00,1.00
2015.10.26 14:08:38.599,0.66581,0.66605,1.00,1.00
2015.10.26 14:08:39.113,0.66582,0.66606,1.00,1.00
2015.10.26 14:08:39.453,0.66582,0.66608,1.00,1.00
2015.10.26 14:08:40.498,0.66586,0.6661,1.00,1.50
2015.10.26 14:08:41.069,0.66586,0.66611,1.00,1.00
2015.10.26 14:08:41.697,0.66585,0.66611,1.00,1.50
2015.10.26 14:08:43.023,0.66587,0.66611,1.00,1.00
2015.10.26 14:08:43.174,0.66585,0.66611,1.00,1.50
2015.10.26 14:08:43.821,0.66584,0.6661,1.00,1.00
2015.10.26 14:08:46.583,0.66584,0.66606,1.00,1.00
2015.10.26 14:08:47.405,0.66585,0.66606,1.00,1.00
2015.10.26 14:08:50.091,0.66584,0.66606,1.50,1.00
2015.10.26 14:08:52.743,0.66584,0.66607,1.00,1.00
2015.10.26 14:08:53.102,0.66589,0.66611,1.00,1.00
2015.10.26 14:08:53.203,0.66587,0.66611,1.00,1.50
2015.10.26 14:08:53.732,0.66586,0.6661,1.00,1.00
2015.10.26 14:08:53.841,0.66586,0.66605,1.00,1.00
2015.10.26 14:08:54.405,0.66585,0.6661,1.00,1.00
2015.10.26 14:08:55.261,0.66584,0.6661,1.00,1.50
2015.10.26 14:08:55.703,0.66591,0.6661,1.00,1.00
2015.10.26 14:08:56.044,0.66592,0.66616,1.00,1.00
2015.10.26 14:08:56.591,0.66591,0.66615,1.00,1.00
2015.10.26 14:08:57.109,0.6659,0.66614,1.00,1.00
2015.10.26 14:08:57.902,0.66588,0.66614,1.00,1.00
2015.10.26 14:08:58.123,0.6659,0.66615,1.00,1.00
2015.10.26 14:08:58.274,0.66592,0.66618,1.00,1.00
2015.10.26 14:08:58.878,0.66591,0.66617,1.00,1.00
2015.10.26 14:08:59.111,0.6659,0.66614,1.00,1.00
2015.10.26 14:08:59.331,0.6659,0.66616,1.00,1.50
2015.10.26 14:08:59.870,0.6659,0.66615,1.00,1.00
2015.10.26 14:09:00.994,0.6659,0.66616,1.00,1.00
2015.10.26 14:09:05.626,0.66592,0.66616,1.00,1.50
2015.10.26 14:09:07.030,0.66594,0.66616,1.00,1.00
2015.10.26 14:09:07.740,0.66593,0.66616,1.00,1.00
2015.10.26 14:09:08.199,0.66588,0.6661,1.00,1.00
2015.10.26 14:09:08.845,0.66587,0.6661,1.00,1.00
2015.10.26 14:09:09.795,0.66587,0.66611,1.00,1.00
2015.10.26 14:09:10.333,0.66585,0.66609,1.00,1.00
2015.10.26 14:09:11.358,0.66585,0.66611,1.00,1.50
2015.10.26 14:09:12.001,0.66587,0.66611,1.00,1.00
2015.10.26 14:09:12.255,0.66587,0.66613,1.00,1.00
2015.10.26 14:09:12.703,0.66591,0.66615,1.00,1.00
2015.10.26 14:09:12.754,0.66591,0.66617,1.00,1.00
2015.10.26 14:09:13.210,0.6659,0.66614,1.00,1.00
2015.10.26 14:09:13.412,0.6659,0.66616,1.00,1.50
2015.10.26 14:09:13.936,0.66589,0.66615,1.00,1.50
2015.10.26 14:09:13.986,0.66586,0.6661,1.00,1.00
2015.10.26 14:09:14.313,0.66588,0.66611,1.00,1.00
2015.10.26 14:09:14.533,0.66586,0.66611,1.00,1.00
2015.10.26 14:09:17.309,0.66586,0.66605,1.00,1.00
2015.10.26 14:09:17.410,0.66587,0.6661,1.00,1.50
2015.10.26 14:09:18.010,0.66586,0.6661,1.00,1.00
2015.10.26 14:09:18.653,0.66586,0.66611,1.00,1.00
2015.10.26 14:09:19.303,0.66587,0.6661,1.00,1.00
2015.10.26 14:09:22.870,0.66586,0.6661,1.00,1.00
2015.10.26 14:09:23.912,0.66581,0.66606,1.50,1.00
2015.10.26 14:09:24.748,0.66579,0.66605,1.00,1.00
2015.10.26 14:09:25.359,0.6658,0.66604,1.00,1.00
2015.10.26 14:09:30.584,0.6658,0.66605,1.00,1.00
2015.10.26 14:09:32.899,0.6658,0.66606,1.00,1.00
2015.10.26 14:09:32.949,0.66583,0.66607,1.00,1.00
2015.10.26 14:09:33.101,0.66581,0.66607,1.00,1.00
2015.10.26 14:09:33.673,0.66581,0.66605,1.00,1.00
2015.10.26 14:09:36.180,0.66582,0.66608,1.00,1.50
2015.10.26 14:09:37.551,0.66582,0.66606,1.00,1.00
2015.10.26 14:09:38.109,0.66582,0.66608,1.00,1.50
2015.10.26 14:09:39.404,0.66581,0.66607,1.00,1.00
2015.10.26 14:09:40.188,0.6658,0.66606,1.00,1.50
2015.10.26 14:09:40.407,0.66585,0.66609,1.00,1.50
2015.10.26 14:09:40.819,0.66586,0.66612,1.00,1.00
2015.10.26 14:09:40.920,0.6659,0.66615,1.00,1.00
2015.10.26 14:09:41.344,0.66585,0.66609,1.00,1.00
2015.10.26 14:09:41.661,0.66583,0.66607,1.00,1.00
2015.10.26 14:09:41.712,0.66585,0.66611,1.00,2.25
2015.10.26 14:09:41.792,0.66585,0.66609,1.00,1.00
2015.10.26 14:09:42.974,0.66587,0.66613,1.00,1.00
2015.10.26 14:09:43.109,0.66589,0.66614,1.00,1.00
2015.10.26 14:09:43.610,0.66588,0.66614,1.00,1.50
2015.10.26 14:09:44.282,0.66586,0.6661,1.00,1.00
2015.10.26 14:09:44.759,0.66583,0.66609,1.00,1.00
2015.10.26 14:09:49.319,0.66583,0.66607,1.00,1.00
2015.10.26 14:09:50.023,0.66584,0.66608,1.00,1.00
2015.10.26 14:09:50.074,0.66585,0.66611,1.00,1.50
2015.10.26 14:09:51.525,0.66585,0.66609,1.00,1.00
2015.10.26 14:09:53.386,0.66585,0.66611,1.00,1.00
2015.10.26 14:09:55.348,0.66586,0.6661,1.00,1.00
2015.10.26 14:09:56.022,0.66586,0.66606,1.00,1.00
2015.10.26 14:09:56.073,0.66583,0.66606,1.00,1.00
2015.10.26 14:09:56.124,0.66583,0.66609,1.00,1.00
2015.10.26 14:09:56.661,0.66585,0.66611,1.00,1.50
2015.10.26 14:09:57.024,0.66584,0.66608,1.00,1.00
2015.10.26 14:09:57.453,0.6658,0.66606,1.00,1.50
2015.10.26 14:09:57.971,0.66581,0.66606,1.00,1.00
2015.10.26 14:09:58.197,0.66583,0.66605,1.00,1.00
2015.10.26 14:09:58.986,0.66585,0.66606,1.00,1.00
2015.10.26 14:09:59.037,0.66585,0.6661,1.00,1.00
2015.10.26 14:09:59.729,0.66585,0.66611,1.00,2.85
2015.10.26 14:10:00.527,0.66585,0.6661,1.00,1.00
2015.10.26 14:10:01.370,0.66587,0.6661,1.00,1.00
2015.10.26 14:10:01.901,0.66587,0.66613,1.00,2.10
2015.10.26 14:10:02.426,0.66586,0.66611,1.00,1.35
2015.10.26 14:10:02.608,0.66583,0.66609,1.00,1.00
2015.10.26 14:10:02.809,0.66583,0.66606,1.00,1.00
2015.10.26 14:10:03.718,0.66587,0.66611,1.00,2.10
2015.10.26 14:10:04.042,0.66585,0.66611,1.00,1.35
2015.10.26 14:10:04.144,0.66585,0.66609,1.00,1.00
2015.10.26 14:10:04.856,0.66584,0.66608,1.00,1.00
2015.10.26 14:10:05.438,0.66583,0.66607,1.00,1.00
2015.10.26 14:10:06.184,0.6658,0.66606,1.00,1.50
2015.10.26 14:10:06.433,0.66583,0.66606,1.00,1.00
2015.10.26 14:10:06.586,0.66583,0.66609,1.00,1.50
2015.10.26 14:10:06.885,0.66585,0.66611,1.00,2.25
2015.10.26 14:10:07.379,0.66593,0.66612,1.00,1.00
2015.10.26 14:10:07.430,0.66593,0.66614,1.00,1.00
2015.10.26 14:10:08.085,0.66587,0.66613,1.00,1.00
2015.10.26 14:10:08.591,0.66585,0.66609,1.00,1.00
2015.10.26 14:10:08.742,0.66582,0.66608,1.00,1.00
2015.10.26 14:10:08.853,0.6658,0.66606,1.00,1.00
2015.10.26 14:10:10.993,0.6658,0.66604,1.00,1.00
2015.10.26 14:10:11.413,0.66584,0.66608,1.00,1.00
2015.10.26 14:10:11.618,0.66585,0.6661,1.00,1.00
2015.10.26 14:10:12.086,0.66584,0.66608,1.00,1.00
2015.10.26 14:10:12.387,0.66582,0.66606,1.00,1.00
2015.10.26 14:10:12.776,0.66582,0.66608,1.00,1.00
2015.10.26 14:10:15.027,0.66581,0.66607,1.00,1.00
2015.10.26 14:10:16.664,0.66584,0.66608,1.00,1.00
2015.10.26 14:10:17.563,0.66584,0.6661,1.00,1.50
2015.10.26 14:10:19.938,0.66584,0.66609,1.00,1.00
2015.10.26 14:10:19.988,0.66581,0.66602,1.00,1.00
2015.10.26 14:10:20.184,0.66576,0.66602,1.00,1.50
2015.10.26 14:10:20.600,0.6658,0.66603,1.00,1.00
2015.10.26 14:10:21.898,0.66581,0.66605,1.00,1.00
2015.10.26 14:10:22.432,0.6658,0.66606,1.00,1.50
2015.10.26 14:10:25.103,0.66583,0.66608,1.00,1.00
2015.10.26 14:10:25.154,0.66585,0.66611,1.00,1.00
2015.10.26 14:10:25.356,0.66587,0.66613,1.00,1.00
2015.10.26 14:10:25.675,0.66592,0.66614,1.00,1.00
2015.10.26 14:10:25.726,0.66589,0.66614,1.00,1.00
2015.10.26 14:10:26.119,0.66587,0.6661,1.00,1.00
2015.10.26 14:10:26.171,0.66585,0.66611,1.00,1.00
2015.10.26 14:10:26.372,0.66586,0.66609,1.00,1.00
2015.10.26 14:10:27.325,0.66582,0.66608,1.00,1.00
2015.10.26 14:10:28.262,0.66585,0.66609,1.00,1.00
2015.10.26 14:10:28.766,0.66583,0.66609,1.00,1.00
2015.10.26 14:10:31.661,0.66586,0.66609,1.00,1.00
2015.10.26 14:10:32.501,0.66585,0.66609,1.00,1.00
2015.10.26 14:10:33.274,0.66584,0.66608,1.00,1.00
2015.10.26 14:10:34.079,0.66582,0.66608,1.00,1.00
2015.10.26 14:10:35.251,0.6658,0.66606,1.00,1.00
2015.10.26 14:10:36.432,0.66581,0.66599,1.00,1.00
2015.10.26 14:10:36.484,0.66574,0.66598,1.00,1.00
2015.10.26 14:10:36.585,0.66572,0.66595,1.00,1.00
2015.10.26 14:10:36.848,0.66573,0.66597,1.00,1.50
2015.10.26 14:10:37.748,0.66573,0.66596,1.00,1.00
2015.10.26 14:10:37.799,0.66571,0.66597,1.00,1.50
2015.10.26 14:10:38.342,0.66572,0.66598,1.00,1.00
2015.10.26 14:10:42.261,0.66572,0.66595,1.00,2.10
2015.10.26 14:10:42.312,0.66569,0.66591,1.00,1.35
2015.10.26 14:10:42.621,0.66567,0.66591,1.00,1.50
2015.10.26 14:10:42.841,0.6657,0.66594,1.00,2.10
2015.10.26 14:10:43.529,0.6657,0.66596,1.00,1.00
2015.10.26 14:10:43.630,0.66572,0.66598,1.00,1.00
2015.10.26 14:10:44.158,0.66573,0.66599,1.00,1.00
2015.10.26 14:10:44.648,0.66573,0.66597,1.00,1.00
2015.10.26 14:10:44.749,0.66571,0.66597,1.00,1.00
2015.10.26 14:10:46.188,0.6657,0.66596,1.00,1.00
2015.10.26 14:10:46.239,0.66568,0.66594,1.00,1.00
2015.10.26 14:10:46.565,0.66568,0.6659,1.00,1.00
2015.10.26 14:10:46.616,0.66566,0.66591,1.00,1.00
2015.10.26 14:10:47.271,0.66566,0.66592,1.00,1.00
2015.10.26 14:10:47.322,0.66569,0.66593,1.00,1.00
2015.10.26 14:10:47.373,0.66567,0.66593,1.00,1.00
2015.10.26 14:10:47.619,0.6657,0.66594,1.00,1.00
2015.10.26 14:10:48.606,0.66567,0.66591,1.00,1.00
2015.10.26 14:10:48.823,0.66565,0.66591,1.00,1.50
2015.10.26 14:10:49.330,0.66566,0.66591,1.00,1.00
2015.10.26 14:10:50.041,0.66566,0.6659,1.00,1.00
2015.10.26 14:10:51.370,0.66567,0.66591,1.00,1.00
2015.10.26 14:10:52.022,0.66567,0.6659,1.00,1.00
2015.10.26 14:10:53.533,0.66567,0.66591,1.00,1.00
2015.10.26 14:10:54.228,0.66567,0.6659,1.00,1.00
2015.10.26 14:10:54.981,0.66566,0.66591,1.00,1.00
2015.10.26 14:10:55.082,0.66563,0.66589,1.00,1.00
2015.10.26 14:10:55.182,0.66561,0.66585,1.00,1.00
2015.10.26 14:10:55.835,0.66563,0.66587,1.00,1.50
2015.10.26 14:10:56.291,0.66565,0.66588,1.00,1.00
2015.10.26 14:10:56.495,0.66562,0.66587,1.00,1.00
2015.10.26 14:10:57.390,0.66562,0.66586,1.00,1.00
2015.10.26 14:10:59.011,0.66563,0.66586,1.00,1.00
2015.10.26 14:10:59.348,0.66559,0.66585,1.00,1.00
2015.10.26 14:11:00.180,0.6656,0.66586,1.00,1.50
2015.10.26 14:11:00.771,0.66563,0.66588,1.00,1.00
2015.10.26 14:11:01.091,0.66566,0.6659,1.00,1.00
2015.10.26 14:11:01.531,0.66571,0.66596,1.00,1.60
2015.10.26 14:11:01.582,0.66571,0.66596,1.00,1.00
2015.10.26 14:11:01.971,0.6657,0.66594,1.00,1.00
2015.10.26 14:11:02.021,0.66566,0.66591,1.00,1.00
2015.10.26 14:11:02.223,0.66568,0.66591,1.00,1.50
2015.10.26 14:11:03.051,0.66574,0.66596,1.00,1.00
2015.10.26 14:11:03.101,0.66568,0.66594,1.00,1.00
2015.10.26 14:11:03.202,0.66568,0.66592,1.00,1.00
2015.10.26 14:11:03.353,0.66571,0.66597,1.00,1.50
2015.10.26 14:11:03.933,0.66568,0.66592,1.00,1.00
2015.10.26 14:11:04.417,0.66568,0.66594,1.00,1.00
2015.10.26 14:11:05.612,0.66567,0.66593,1.00,1.00
2015.10.26 14:11:05.968,0.6657,0.66594,1.00,1.00
2015.10.26 14:11:06.631,0.66571,0.66596,1.00,1.00
2015.10.26 14:11:06.820,0.66569,0.66595,1.00,1.00
2015.10.26 14:11:08.484,0.66571,0.66596,1.00,1.50
2015.10.26 14:11:09.866,0.6657,0.6659,1.00,1.00
2015.10.26 14:11:10.379,0.6657,0.66595,1.00,1.00
2015.10.26 14:11:11.182,0.66568,0.66594,1.00,1.50
2015.10.26 14:11:11.241,0.66568,0.6659,1.00,1.00
2015.10.26 14:11:11.601,0.66566,0.6659,1.00,1.00
2015.10.26 14:11:11.702,0.66568,0.6659,1.00,1.00
2015.10.26 14:11:12.517,0.66568,0.66594,1.00,1.00
2015.10.26 14:11:13.069,0.66568,0.66592,1.00,2.10
2015.10.26 14:11:13.120,0.66565,0.66586,1.00,1.00
2015.10.26 14:11:13.321,0.66558,0.66584,1.00,1.00
2015.10.26 14:11:13.372,0.6656,0.66584,1.00,1.00
2015.10.26 14:11:13.808,0.66567,0.66591,1.00,1.00
2015.10.26 14:11:14.442,0.66565,0.66591,1.00,1.50
2015.10.26 14:11:14.543,0.66567,0.66591,1.00,1.50
2015.10.26 14:11:14.765,0.66565,0.66591,1.00,1.50
2015.10.26 14:11:15.298,0.66564,0.6659,1.00,1.00
2015.10.26 14:11:15.533,0.66567,0.66591,1.00,1.50
2015.10.26 14:11:15.734,0.66569,0.66595,1.00,1.00
2015.10.26 14:11:15.885,0.66567,0.66593,1.00,1.00
2015.10.26 14:11:16.333,0.66569,0.66593,1.00,1.00
2015.10.26 14:11:16.434,0.66567,0.66593,1.00,1.00
2015.10.26 14:11:16.635,0.66569,0.66595,1.00,1.00
2015.10.26 14:11:17.149,0.6657,0.66596,1.00,1.50
2015.10.26 14:11:17.661,0.66568,0.6659,1.00,1.00
2015.10.26 14:11:17.762,0.66576,0.66601,1.00,1.00
2015.10.26 14:11:17.967,0.66577,0.66603,1.00,1.00
2015.10.26 14:11:18.091,0.66576,0.66601,1.00,1.00
2015.10.26 14:11:19.272,0.66581,0.66605,1.00,1.00
2015.10.26 14:11:19.809,0.66579,0.66605,1.00,1.00
2015.10.26 14:11:20.903,0.66577,0.66603,1.00,1.00
2015.10.26 14:11:21.223,0.66575,0.66601,1.00,1.00
2015.10.26 14:11:21.731,0.66577,0.66603,1.00,1.00
2015.10.26 14:11:22.051,0.66575,0.66601,1.00,1.50
2015.10.26 14:11:22.366,0.66574,0.66598,1.00,1.00
2015.10.26 14:11:22.570,0.6657,0.66596,1.00,1.00
2015.10.26 14:11:23.087,0.66572,0.66596,1.00,1.50
2015.10.26 14:11:23.239,0.66573,0.66599,1.00,1.00
2015.10.26 14:11:23.873,0.66575,0.66601,1.00,1.50
2015.10.26 14:11:24.251,0.66577,0.66601,1.00,1.50
2015.10.26 14:11:26.182,0.66578,0.66602,1.00,1.00
2015.10.26 14:11:27.193,0.66579,0.66603,1.00,1.00
2015.10.26 14:11:27.530,0.66575,0.66601,1.00,1.00
2015.10.26 14:11:27.730,0.66573,0.66597,1.00,1.00
2015.10.26 14:11:28.386,0.66572,0.66596,1.00,1.00
2015.10.26 14:11:28.651,0.6657,0.66596,1.00,1.00
2015.10.26 14:11:30.257,0.66574,0.666,1.00,1.00
2015.10.26 14:11:33.807,0.66576,0.666,1.00,1.00
2015.10.26 14:11:37.842,0.66574,0.666,1.00,1.00
2015.10.26 14:11:38.553,0.66574,0.66598,1.00,1.00
2015.10.26 14:11:38.659,0.66576,0.66601,1.00,1.00
2015.10.26 14:11:39.201,0.66576,0.666,1.00,1.00
2015.10.26 14:11:40.363,0.66576,0.66602,1.00,1.00
2015.10.26 14:11:40.431,0.66576,0.666,1.00,1.00
2015.10.26 14:11:42.472,0.66574,0.666,1.00,1.50
2015.10.26 14:11:42.948,0.66577,0.66601,1.00,1.50
2015.10.26 14:11:43.523,0.66577,0.666,1.00,1.00
2015.10.26 14:11:43.674,0.66575,0.66601,1.00,1.50
2015.10.26 14:11:44.225,0.66576,0.666,1.00,1.00
2015.10.26 14:11:44.755,0.66577,0.66601,1.00,1.00
2015.10.26 14:11:45.300,0.66576,0.66601,1.00,1.00
2015.10.26 14:11:46.707,0.66575,0.666,1.00,1.00
2015.10.26 14:11:47.236,0.66576,0.66601,1.00,1.00
2015.10.26 14:11:48.135,0.66577,0.66601,1.00,1.00
2015.10.26 14:11:48.289,0.66576,0.66596,1.00,1.00
2015.10.26 14:11:48.501,0.66576,0.66601,1.00,1.00
2015.10.26 14:11:48.570,0.66576,0.66596,1.00,1.00
2015.10.26 14:11:49.662,0.66576,0.66601,1.00,1.00
2015.10.26 14:11:50.111,0.66576,0.66596,1.00,1.00
2015.10.26 14:11:51.596,0.66581,0.66596,1.00,1.00
2015.10.26 14:11:51.646,0.66582,0.66601,1.00,1.00
2015.10.26 14:11:51.697,0.66582,0.66606,1.00,1.00
2015.10.26 14:11:51.848,0.66584,0.66609,1.00,1.00
2015.10.26 14:11:52.130,0.66584,0.66606,1.00,1.00
2015.10.26 14:11:52.838,0.66579,0.66605,1.00,1.00
2015.10.26 14:11:52.893,0.66579,0.66601,1.00,1.00
2015.10.26 14:11:53.044,0.66573,0.66599,1.00,1.00
2015.10.26 14:11:53.095,0.66573,0.66596,1.00,1.00
2015.10.26 14:11:53.452,0.66575,0.66596,1.00,1.00
2015.10.26 14:11:53.998,0.66576,0.66596,1.00,1.00
2015.10.26 14:11:55.389,0.66573,0.66596,1.00,1.00
2015.10.26 14:11:55.694,0.66573,0.66599,1.00,1.00
2015.10.26 14:11:56.557,0.66574,0.666,1.50,1.50
2015.10.26 14:11:57.315,0.66574,0.66599,1.00,1.00
2015.10.26 14:11:57.519,0.66573,0.66595,1.00,1.00
2015.10.26 14:11:58.171,0.66572,0.66595,1.00,1.00
2015.10.26 14:11:59.173,0.66573,0.66595,1.00,1.00
2015.10.26 14:11:59.224,0.66573,0.66599,1.50,1.00
2015.10.26 14:11:59.621,0.66575,0.66599,1.00,1.00
2015.10.26 14:12:00.481,0.66575,0.666,1.00,1.00
2015.10.26 14:12:01.110,0.66575,0.66596,1.00,1.00
2015.10.26 14:12:02.353,0.66574,0.66598,1.00,1.00
2015.10.26 14:12:02.403,0.66573,0.66596,1.00,1.00
2015.10.26 14:12:05.314,0.66573,0.66597,1.50,1.00
2015.10.26 14:12:05.875,0.66572,0.66598,1.00,1.00
2015.10.26 14:12:06.769,0.66573,0.66599,1.00,1.00
2015.10.26 14:12:07.081,0.66576,0.666,1.00,1.00
2015.10.26 14:12:07.562,0.66574,0.66598,1.50,1.00
2015.10.26 14:12:07.612,0.66572,0.66597,1.00,1.00
2015.10.26 14:12:08.141,0.66572,0.66596,1.50,1.00
2015.10.26 14:12:09.366,0.66572,0.66595,1.50,1.00
2015.10.26 14:12:09.800,0.66573,0.66598,1.00,1.00
2015.10.26 14:12:10.281,0.66573,0.66596,1.00,1.00
2015.10.26 14:12:10.331,0.66575,0.66601,1.00,1.50
2015.10.26 14:12:10.655,0.66575,0.66599,1.00,1.00
2015.10.26 14:12:12.183,0.66576,0.66601,1.00,1.00
2015.10.26 14:12:12.385,0.66574,0.66599,1.00,1.00
2015.10.26 14:12:13.447,0.66574,0.66596,1.00,1.00
2015.10.26 14:12:13.973,0.66573,0.66596,1.00,1.00
2015.10.26 14:12:14.089,0.66573,0.66599,1.00,1.00
2015.10.26 14:12:14.140,0.66572,0.66597,1.00,1.00
2015.10.26 14:12:14.697,0.6657,0.66596,1.00,1.50
2015.10.26 14:12:14.748,0.66568,0.66594,1.50,1.00
2015.10.26 14:12:15.316,0.66569,0.66594,1.00,1.00
2015.10.26 14:12:16.131,0.66571,0.66596,1.00,1.00
2015.10.26 14:12:16.434,0.66576,0.66601,1.00,1.00
2015.10.26 14:12:16.771,0.66574,0.666,1.00,1.00
2015.10.26 14:12:16.822,0.66573,0.66598,1.00,1.00
2015.10.26 14:12:17.400,0.66574,0.66598,1.00,1.00
2015.10.26 14:12:17.744,0.66572,0.66596,1.00,1.50
2015.10.26 14:12:18.075,0.66574,0.66596,1.00,1.00
2015.10.26 14:12:18.209,0.66571,0.66596,1.50,1.00
2015.10.26 14:12:18.753,0.66572,0.66596,1.00,1.00
2015.10.26 14:12:18.821,0.66572,0.6659,1.00,1.00
2015.10.26 14:12:19.042,0.66572,0.66596,1.50,1.00
2015.10.26 14:12:19.616,0.66574,0.66596,1.00,1.00
2015.10.26 14:12:21.020,0.66574,0.66595,1.00,1.00
2015.10.26 14:12:21.693,0.66574,0.66596,1.50,1.00
2015.10.26 14:12:22.061,0.66576,0.66596,1.00,1.00
2015.10.26 14:12:22.185,0.66573,0.66596,1.00,1.50
2015.10.26 14:12:22.928,0.66573,0.66595,1.00,1.00
2015.10.26 14:12:23.028,0.66575,0.66595,1.00,1.00
2015.10.26 14:12:23.537,0.66574,0.66596,1.00,1.50
2015.10.26 14:12:24.536,0.66585,0.66595,1.00,1.00
2015.10.26 14:12:24.587,0.66585,0.66605,1.50,1.00
2015.10.26 14:12:25.088,0.66585,0.66606,1.50,1.00
2015.10.26 14:12:25.642,0.66587,0.66606,1.00,1.00
2015.10.26 14:12:26.110,0.66587,0.66601,1.00,1.00
2015.10.26 14:12:26.211,0.66587,0.66606,1.00,1.00
2015.10.26 14:12:26.312,0.66584,0.66605,1.00,1.00
2015.10.26 14:12:26.844,0.66586,0.66606,1.00,1.00
2015.10.26 14:12:26.945,0.66586,0.66611,1.00,1.50
2015.10.26 14:12:26.996,0.66589,0.6661,1.00,1.00
2015.10.26 14:12:27.097,0.66589,0.66614,1.00,1.00
2015.10.26 14:12:27.298,0.66589,0.66611,1.00,1.00
2015.10.26 14:12:27.948,0.66593,0.66616,1.00,1.00
2015.10.26 14:12:28.644,0.66593,0.66611,1.00,1.00
2015.10.26 14:12:29.300,0.66593,0.66616,1.00,1.00
2015.10.26 14:12:29.401,0.66593,0.6661,1.50,1.00
2015.10.26 14:12:30.924,0.66592,0.66611,1.00,1.00
2015.10.26 14:12:30.974,0.6659,0.66611,1.50,1.00
2015.10.26 14:12:31.176,0.66588,0.66611,1.00,1.50
2015.10.26 14:12:31.276,0.66586,0.66605,1.00,1.00
2015.10.26 14:12:31.966,0.66585,0.66605,1.00,1.00
2015.10.26 14:12:32.511,0.66586,0.66606,1.00,1.00
2015.10.26 14:12:32.612,0.66587,0.66611,1.00,1.50
2015.10.26 14:12:32.724,0.6659,0.66611,1.00,1.50
2015.10.26 14:12:33.884,0.66592,0.66611,1.00,1.00
2015.10.26 14:12:34.852,0.66588,0.66605,1.00,1.00
2015.10.26 14:12:35.154,0.66591,0.66606,1.00,1.00
2015.10.26 14:12:35.205,0.66589,0.66606,1.00,1.00
2015.10.26 14:12:35.951,0.66588,0.66606,1.00,1.00
2015.10.26 14:12:36.002,0.66583,0.666,1.00,1.00
2015.10.26 14:12:36.505,0.66583,0.66601,1.00,1.00
2015.10.26 14:12:37.072,0.66582,0.66601,1.00,1.00
2015.10.26 14:12:37.446,0.6658,0.66595,1.00,1.00
2015.10.26 14:12:37.547,0.66579,0.66601,1.00,1.50
2015.10.26 14:12:38.217,0.66579,0.666,1.00,1.00
2015.10.26 14:12:39.060,0.66579,0.66601,1.50,1.00
2015.10.26 14:12:39.732,0.6658,0.66601,1.00,1.00
2015.10.26 14:12:40.387,0.66581,0.66601,1.00,1.00
2015.10.26 14:12:41.121,0.6658,0.66601,1.50,1.00
2015.10.26 14:12:41.373,0.66579,0.66596,1.00,1.00
2015.10.26 14:12:41.423,0.66577,0.66596,1.00,1.00
2015.10.26 14:12:42.560,0.66579,0.66596,1.00,1.00
2015.10.26 14:12:42.661,0.66576,0.66595,1.50,1.00
2015.10.26 14:12:42.913,0.66578,0.66595,1.00,1.00
2015.10.26 14:12:43.599,0.66575,0.66596,1.00,1.00
2015.10.26 14:12:44.166,0.66577,0.66596,1.00,1.00
2015.10.26 14:12:45.194,0.66577,0.66595,1.00,1.00
2015.10.26 14:12:45.708,0.66576,0.66595,1.00,1.00
2015.10.26 14:12:46.495,0.66574,0.66591,1.00,1.00
2015.10.26 14:12:46.549,0.6657,0.66591,1.50,1.00
2015.10.26 14:12:46.879,0.6657,0.66585,1.00,1.00
2015.10.26 14:12:47.135,0.6657,0.66591,1.00,1.00
2015.10.26 14:12:48.554,0.66568,0.66585,1.00,1.00
2015.10.26 14:12:49.050,0.66566,0.66588,1.00,1.00
2015.10.26 14:12:49.422,0.66568,0.66589,1.00,1.00
2015.10.26 14:12:49.473,0.66568,0.66591,1.00,1.50
2015.10.26 14:12:49.580,0.66568,0.66589,1.00,1.00
2015.10.26 14:12:49.681,0.66566,0.66589,1.00,1.00
2015.10.26 14:12:50.387,0.66565,0.66588,1.00,1.00
2015.10.26 14:12:50.907,0.66565,0.66586,1.00,1.00
2015.10.26 14:12:51.184,0.66565,0.66588,1.00,1.00
2015.10.26 14:12:51.335,0.66565,0.66591,1.50,1.50
2015.10.26 14:12:51.887,0.66565,0.6659,1.50,1.00
2015.10.26 14:12:51.938,0.66568,0.6659,1.00,1.00
2015.10.26 14:12:52.588,0.66568,0.66591,1.00,1.50
2015.10.26 14:12:54.012,0.66565,0.66591,1.50,1.50
2015.10.26 14:12:54.217,0.66565,0.66589,1.50,1.00
2015.10.26 14:12:54.769,0.66566,0.66589,1.00,1.00
2015.10.26 14:12:55.145,0.66566,0.66585,1.00,1.00
2015.10.26 14:12:56.349,0.66566,0.66588,1.00,1.00
2015.10.26 14:12:58.304,0.66566,0.6659,1.00,1.00
2015.10.26 14:12:58.405,0.66566,0.66588,1.00,1.00
2015.10.26 14:12:58.834,0.66568,0.66588,1.00,1.00
2015.10.26 14:12:58.884,0.66568,0.66591,1.00,1.00
2015.10.26 14:12:59.390,0.66568,0.66586,1.00,1.00
2015.10.26 14:12:59.607,0.66568,0.6659,1.00,1.00
2015.10.26 14:13:01.437,0.66568,0.66591,1.00,1.00
2015.10.26 14:13:01.488,0.66571,0.66591,1.00,1.00
2015.10.26 14:13:02.164,0.66568,0.66591,1.00,1.50
2015.10.26 14:13:02.793,0.66568,0.6659,1.00,1.50
2015.10.26 14:13:02.944,0.66564,0.66589,1.00,1.00
2015.10.26 14:13:02.995,0.66564,0.66587,1.00,1.00
2015.10.26 14:13:03.349,0.66564,0.66585,1.00,1.00
2015.10.26 14:13:04.007,0.66566,0.66585,1.00,1.00
2015.10.26 14:13:04.573,0.66565,0.66585,1.00,1.00
2015.10.26 14:13:07.123,0.66564,0.66585,1.00,1.00
2015.10.26 14:13:07.424,0.66565,0.66581,1.00,1.00
2015.10.26 14:13:07.532,0.66565,0.66586,1.00,1.00
2015.10.26 14:13:07.648,0.66565,0.66581,1.00,1.00
2015.10.26 14:13:08.195,0.66565,0.66586,1.00,1.50
2015.10.26 14:13:08.246,0.66568,0.66586,1.00,1.00
2015.10.26 14:13:08.347,0.66568,0.66591,1.00,1.00
2015.10.26 14:13:08.700,0.6657,0.66591,1.00,1.00
2015.10.26 14:13:09.327,0.66569,0.66593,1.00,1.00
2015.10.26 14:13:09.428,0.66567,0.66591,1.50,1.00
2015.10.26 14:13:09.841,0.66567,0.66585,1.50,1.00
2015.10.26 14:13:10.515,0.66567,0.6659,1.50,1.00
2015.10.26 14:13:12.000,0.66567,0.66587,1.00,1.00
2015.10.26 14:13:12.374,0.66565,0.66587,1.00,1.00
2015.10.26 14:13:12.986,0.66565,0.66589,1.00,1.00
2015.10.26 14:13:13.516,0.6657,0.66591,1.00,1.00
2015.10.26 14:13:14.428,0.66569,0.66591,1.00,1.00
2015.10.26 14:13:17.112,0.66568,0.66591,1.00,1.00
2015.10.26 14:13:19.157,0.66567,0.66591,1.50,1.00
2015.10.26 14:13:19.884,0.66568,0.66591,1.00,1.00
2015.10.26 14:13:21.332,0.66564,0.66586,1.00,1.00
2015.10.26 14:13:21.763,0.66563,0.6658,1.00,1.00
2015.10.26 14:13:22.270,0.66562,0.6658,1.00,1.00
2015.10.26 14:13:22.997,0.66562,0.66581,1.00,1.00
2015.10.26 14:13:23.712,0.66563,0.66585,1.00,1.00
2015.10.26 14:13:23.813,0.66565,0.6658,1.00,1.00
2015.10.26 14:13:23.964,0.66566,0.66585,1.50,1.00
2015.10.26 14:13:24.410,0.66562,0.6658,1.50,1.00
2015.10.26 14:13:25.023,0.66562,0.66581,1.00,1.00
2015.10.26 14:13:26.249,0.66562,0.6658,1.00,1.00
2015.10.26 14:13:26.622,0.66562,0.66576,1.00,1.00
2015.10.26 14:13:27.235,0.66563,0.66575,1.00,1.00
2015.10.26 14:13:27.936,0.66562,0.66575,1.00,1.00
2015.10.26 14:13:29.089,0.66562,0.66581,1.00,1.00
2015.10.26 14:13:29.747,0.66562,0.66576,1.00,1.00
2015.10.26 14:13:30.357,0.66559,0.66575,1.00,1.00
2015.10.26 14:13:31.713,0.66559,0.66576,1.00,1.00
2015.10.26 14:13:33.132,0.6656,0.66576,1.00,1.00
2015.10.26 14:13:33.237,0.66558,0.66576,1.00,1.00
2015.10.26 14:13:33.792,0.66557,0.66576,1.00,1.00
2015.10.26 14:13:34.195,0.66555,0.66576,1.50,1.00
2015.10.26 14:13:34.905,0.66556,0.66576,1.00,1.00
2015.10.26 14:13:35.985,0.66556,0.66575,1.00,1.00
2015.10.26 14:13:36.562,0.66555,0.66576,1.00,1.00
2015.10.26 14:13:36.713,0.66555,0.6658,1.00,1.00
2015.10.26 14:13:36.787,0.66555,0.66576,1.00,1.00
2015.10.26 14:13:37.562,0.66556,0.66576,1.00,1.00
2015.10.26 14:13:40.645,0.66558,0.6658,1.00,1.00
2015.10.26 14:13:40.798,0.6656,0.66581,1.00,1.00
2015.10.26 14:13:40.899,0.66562,0.66585,1.00,1.00
2015.10.26 14:13:41.004,0.66564,0.66585,1.00,1.00
2015.10.26 14:13:41.831,0.66563,0.66581,1.00,1.00
2015.10.26 14:13:41.933,0.66561,0.66581,1.00,1.00
2015.10.26 14:13:42.478,0.66561,0.6658,1.00,1.00
2015.10.26 14:13:43.311,0.6656,0.6658,1.00,1.00
2015.10.26 14:13:43.921,0.66561,0.6658,1.00,1.00
2015.10.26 14:13:44.462,0.6656,0.66581,1.00,1.00
2015.10.26 14:13:44.875,0.66557,0.66575,1.00,1.00
2015.10.26 14:13:45.116,0.66554,0.66575,1.50,1.00
2015.10.26 14:13:45.369,0.66554,0.66571,1.50,1.00
2015.10.26 14:13:45.498,0.66555,0.66576,1.00,1.00
2015.10.26 14:13:45.599,0.66557,0.66576,1.50,1.00
2015.10.26 14:13:47.604,0.66557,0.66575,1.50,1.00
2015.10.26 14:13:48.350,0.66559,0.66575,1.00,1.00
2015.10.26 14:13:49.623,0.66559,0.66576,1.00,1.00
2015.10.26 14:13:51.183,0.66552,0.66576,1.00,1.00
2015.10.26 14:13:51.384,0.66551,0.66571,1.00,1.00
2015.10.26 14:13:51.888,0.6655,0.6657,1.00,1.00
2015.10.26 14:13:52.263,0.6655,0.66566,1.00,1.00
2015.10.26 14:13:52.319,0.6655,0.66571,1.00,1.00
2015.10.26 14:13:52.878,0.66549,0.6657,1.00,1.00
2015.10.26 14:13:53.099,0.66549,0.66574,1.00,1.00
2015.10.26 14:13:53.978,0.66549,0.66571,1.00,1.00
2015.10.26 14:13:54.089,0.66549,0.66574,1.00,1.00
2015.10.26 14:13:54.869,0.66549,0.66571,1.00,1.00
2015.10.26 14:13:55.329,0.66549,0.66574,1.00,1.00
2015.10.26 14:13:55.676,0.66549,0.66572,1.00,1.00
2015.10.26 14:13:56.320,0.6655,0.66576,1.50,1.50
2015.10.26 14:13:56.488,0.66552,0.66576,1.00,1.50
2015.10.26 14:13:57.770,0.66551,0.66575,1.00,1.00
2015.10.26 14:13:58.577,0.66552,0.66576,1.00,1.00
2015.10.26 14:13:58.627,0.66553,0.66578,1.00,1.00
2015.10.26 14:13:59.020,0.66557,0.6658,1.00,1.00
2015.10.26 14:13:59.322,0.66554,0.66578,1.50,1.00
2015.10.26 14:13:59.636,0.66554,0.6658,1.00,1.00
2015.10.26 14:13:59.856,0.66556,0.6658,1.00,1.00
2015.10.26 14:14:00.803,0.66554,0.66578,1.00,1.00
2015.10.26 14:14:01.288,0.66551,0.66577,1.00,1.00
2015.10.26 14:14:01.396,0.66551,0.66575,1.00,1.00
2015.10.26 14:14:02.091,0.66552,0.66576,1.00,1.00
2015.10.26 14:14:02.794,0.66552,0.66575,1.00,1.00
2015.10.26 14:14:03.361,0.66552,0.66576,1.00,1.00
2015.10.26 14:14:03.699,0.6655,0.66574,1.00,1.00
2015.10.26 14:14:03.927,0.6655,0.66576,1.00,1.50
2015.10.26 14:14:04.799,0.6655,0.66575,1.00,1.00
2015.10.26 14:14:04.967,0.66552,0.66576,1.00,1.00
2015.10.26 14:14:05.118,0.66552,0.66578,1.00,1.00
2015.10.26 14:14:05.273,0.66555,0.66579,1.00,1.00
2015.10.26 14:14:05.574,0.66555,0.66576,1.00,1.00
2015.10.26 14:14:05.680,0.66555,0.66579,1.00,1.00
2015.10.26 14:14:06.519,0.66555,0.66576,1.00,1.00
2015.10.26 14:14:06.670,0.66556,0.66581,1.00,1.00
2015.10.26 14:14:06.721,0.66559,0.66581,1.00,1.00
2015.10.26 14:14:06.771,0.66559,0.66585,1.00,1.50
2015.10.26 14:14:06.956,0.66559,0.6658,1.00,1.00
2015.10.26 14:14:07.619,0.6655,0.66574,1.00,1.00
2015.10.26 14:14:07.776,0.6655,0.66576,1.00,1.50
2015.10.26 14:14:07.877,0.6655,0.6657,1.00,1.00
2015.10.26 14:14:08.169,0.6655,0.66575,1.00,1.00
2015.10.26 14:14:08.219,0.66552,0.66575,1.00,1.00
2015.10.26 14:14:08.863,0.6655,0.66576,1.00,1.50
2015.10.26 14:14:09.513,0.6655,0.66575,1.00,1.00
2015.10.26 14:14:10.219,0.6655,0.6657,1.00,1.00
2015.10.26 14:14:11.026,0.6655,0.66576,1.00,1.50
2015.10.26 14:14:12.100,0.66549,0.66575,1.00,1.00
2015.10.26 14:14:13.275,0.66547,0.66571,1.00,1.00
2015.10.26 14:14:13.489,0.66548,0.66574,1.00,1.00
2015.10.26 14:14:13.589,0.66548,0.66571,1.00,1.00
2015.10.26 14:14:14.513,0.66548,0.66574,1.00,1.00
2015.10.26 14:14:14.564,0.66554,0.66576,1.00,1.00
2015.10.26 14:14:14.866,0.66554,0.66571,1.00,1.00
2015.10.26 14:14:15.068,0.66547,0.6657,1.00,1.00
2015.10.26 14:14:15.678,0.66546,0.66571,1.00,1.50
2015.10.26 14:14:15.732,0.66545,0.66566,1.00,1.00
2015.10.26 14:14:16.591,0.66543,0.66566,1.00,1.00
2015.10.26 14:14:17.298,0.66543,0.66565,1.00,1.00
2015.10.26 14:14:18.066,0.66543,0.66566,1.00,1.00
2015.10.26 14:14:18.767,0.66543,0.66565,1.00,1.00
2015.10.26 14:14:19.311,0.66543,0.66566,1.00,1.00
2015.10.26 14:14:19.564,0.66545,0.66566,1.00,1.00
2015.10.26 14:14:19.614,0.66545,0.66569,1.00,1.00
2015.10.26 14:14:20.179,0.66541,0.66561,1.00,1.00
2015.10.26 14:14:20.230,0.66535,0.66561,1.00,1.50
2015.10.26 14:14:20.381,0.66535,0.66555,1.00,1.00
2015.10.26 14:14:20.599,0.66535,0.66561,1.00,2.25
2015.10.26 14:14:21.487,0.66536,0.66561,1.00,1.50
2015.10.26 14:14:21.538,0.66538,0.66561,1.00,1.50
2015.10.26 14:14:21.898,0.66541,0.6656,1.00,1.00
2015.10.26 14:14:21.948,0.66541,0.66565,1.00,1.00
2015.10.26 14:14:21.999,0.66538,0.66564,1.00,1.00
2015.10.26 14:14:23.262,0.66538,0.66561,1.00,1.00
2015.10.26 14:14:23.767,0.66537,0.6656,1.00,1.00
2015.10.26 14:14:24.008,0.66537,0.66563,1.00,1.00
2015.10.26 14:14:24.462,0.66541,0.66565,1.00,1.00
2015.10.26 14:14:25.029,0.66542,0.66566,1.00,1.50
2015.10.26 14:14:27.324,0.66541,0.66565,1.00,1.00
2015.10.26 14:14:28.342,0.66539,0.66565,1.00,1.00
2015.10.26 14:14:29.335,0.6654,0.66566,1.00,1.00
2015.10.26 14:14:30.895,0.66539,0.66565,1.00,1.00
2015.10.26 14:14:34.127,0.66536,0.66562,1.00,1.00
2015.10.26 14:14:34.454,0.66535,0.6656,1.00,1.00
2015.10.26 14:14:35.233,0.66535,0.66561,1.00,1.00
2015.10.26 14:14:35.803,0.66536,0.66561,1.00,1.00
2015.10.26 14:14:37.925,0.6654,0.6656,1.00,1.00
2015.10.26 14:14:38.163,0.6654,0.66564,1.00,1.00
2015.10.26 14:14:38.667,0.66539,0.66563,1.00,1.00
2015.10.26 14:14:39.365,0.66536,0.66562,1.00,1.00
2015.10.26 14:14:39.873,0.66536,0.66561,1.00,1.00
2015.10.26 14:14:40.027,0.66542,0.66566,1.00,1.00
2015.10.26 14:14:40.128,0.66542,0.66568,1.00,1.00
2015.10.26 14:14:40.641,0.66544,0.66566,1.00,1.00
2015.10.26 14:14:41.009,0.66542,0.66566,1.00,1.50
2015.10.26 14:14:41.232,0.66543,0.66569,1.00,1.00
2015.10.26 14:14:41.926,0.66541,0.66566,1.00,1.00
2015.10.26 14:14:42.353,0.66542,0.66568,1.00,1.00
2015.10.26 14:14:42.555,0.66541,0.66565,1.00,1.00
2015.10.26 14:14:43.090,0.66541,0.66566,1.00,1.00
2015.10.26 14:14:43.392,0.66543,0.66561,1.00,1.00
2015.10.26 14:14:43.443,0.66543,0.66566,1.00,1.00
2015.10.26 14:14:43.642,0.66543,0.66561,1.00,1.00
2015.10.26 14:14:43.735,0.66543,0.66565,1.00,1.00
2015.10.26 14:14:44.815,0.66543,0.66569,1.00,1.00
2015.10.26 14:14:44.866,0.66545,0.66569,1.00,1.00
2015.10.26 14:14:45.277,0.66545,0.66566,1.00,1.00
2015.10.26 14:14:45.387,0.66545,0.66569,1.00,1.00
2015.10.26 14:14:45.961,0.66546,0.66571,1.00,1.00
2015.10.26 14:14:46.062,0.66548,0.66574,1.00,1.00
2015.10.26 14:14:46.313,0.66548,0.66571,1.00,1.00
2015.10.26 14:14:47.239,0.66548,0.66574,1.00,1.00
2015.10.26 14:14:47.366,0.66548,0.66571,1.00,1.00
2015.10.26 14:14:48.526,0.66547,0.66571,1.00,1.50
2015.10.26 14:14:48.876,0.66541,0.66565,1.00,1.00
2015.10.26 14:14:49.396,0.66541,0.66566,1.00,1.00
2015.10.26 14:14:49.772,0.66546,0.66566,1.00,1.00
2015.10.26 14:14:50.310,0.66545,0.66565,1.00,1.00
2015.10.26 14:14:51.218,0.66544,0.66565,1.00,1.00
2015.10.26 14:14:51.269,0.66541,0.66566,1.00,1.00
2015.10.26 14:14:51.884,0.66541,0.66565,1.00,1.00
2015.10.26 14:14:51.987,0.66541,0.6656,1.00,1.00
2015.10.26 14:14:52.564,0.66541,0.66561,1.00,1.00
2015.10.26 14:14:53.117,0.66542,0.66561,1.00,1.00
2015.10.26 14:14:55.195,0.66541,0.66561,1.00,1.00
2015.10.26 14:14:56.301,0.66537,0.66563,1.50,1.00
2015.10.26 14:14:56.405,0.66539,0.66565,1.00,1.50
2015.10.26 14:14:56.726,0.66537,0.66563,1.50,1.00
2015.10.26 14:14:57.678,0.66537,0.6656,1.50,1.00
2015.10.26 14:14:58.338,0.66536,0.6656,1.00,1.00
2015.10.26 14:14:59.033,0.66536,0.66561,1.00,1.50
2015.10.26 14:14:59.351,0.66538,0.66561,1.00,1.50
2015.10.26 14:14:59.581,0.66536,0.66561,1.00,1.50
2015.10.26 14:15:00.469,0.66539,0.66561,1.00,1.50
2015.10.26 14:15:01.117,0.66539,0.6656,1.00,1.00
2015.10.26 14:15:01.553,0.66539,0.66555,1.00,1.00
2015.10.26 14:15:02.004,0.66539,0.66561,1.00,1.50
2015.10.26 14:15:02.532,0.6654,0.66561,1.00,1.00
2015.10.26 14:15:02.633,0.66542,0.66561,1.00,1.00
2015.10.26 14:15:03.175,0.6654,0.66565,1.00,1.00
2015.10.26 14:15:03.685,0.66541,0.66566,1.50,1.00
2015.10.26 14:15:04.495,0.66541,0.66565,1.50,1.00
2015.10.26 14:15:06.994,0.6654,0.66564,1.00,1.00
2015.10.26 14:15:07.109,0.66538,0.66563,1.00,1.00
2015.10.26 14:15:07.828,0.66541,0.66565,1.00,1.50
2015.10.26 14:15:10.069,0.6654,0.66566,1.50,1.50
2015.10.26 14:15:10.791,0.66541,0.66566,1.00,1.00
2015.10.26 14:15:11.153,0.6654,0.66564,1.50,1.00
2015.10.26 14:15:12.365,0.6654,0.6656,1.00,1.00
2015.10.26 14:15:12.908,0.66539,0.66561,1.00,1.00
2015.10.26 14:15:13.543,0.66539,0.6656,1.00,1.00
2015.10.26 14:15:14.362,0.66539,0.66562,1.00,1.00
2015.10.26 14:15:14.943,0.66539,0.66561,1.00,1.50
2015.10.26 14:15:15.638,0.66539,0.6656,1.00,1.00
2015.10.26 14:15:17.204,0.66539,0.66561,1.00,1.50
2015.10.26 14:15:18.242,0.66541,0.66565,1.00,1.00
2015.10.26 14:15:18.397,0.66543,0.66565,1.00,1.00
2015.10.26 14:15:18.945,0.66542,0.66565,1.00,1.00
2015.10.26 14:15:19.556,0.66545,0.66565,1.00,1.00
2015.10.26 14:15:19.878,0.66542,0.66566,1.50,1.00
2015.10.26 14:15:20.822,0.66542,0.66565,1.00,1.00
2015.10.26 14:15:21.688,0.66542,0.66566,1.00,1.50
2015.10.26 14:15:24.103,0.66545,0.66566,1.00,1.50
2015.10.26 14:15:24.639,0.66545,0.66565,1.00,1.00
2015.10.26 14:15:24.690,0.66542,0.66566,1.00,1.00
2015.10.26 14:15:25.346,0.66541,0.66566,1.50,1.00
2015.10.26 14:15:25.870,0.6654,0.66565,1.00,1.00
2015.10.26 14:15:25.920,0.66538,0.66562,1.00,1.00
2015.10.26 14:15:26.952,0.66542,0.66566,1.00,1.00
2015.10.26 14:15:27.655,0.66543,0.66566,1.00,1.00
2015.10.26 14:15:28.207,0.66545,0.66566,1.00,1.00
2015.10.26 14:15:28.728,0.66545,0.66565,1.00,1.00
2015.10.26 14:15:29.487,0.66545,0.66566,1.00,1.00
2015.10.26 14:15:30.388,0.66542,0.66566,1.00,1.00
2015.10.26 14:15:30.911,0.66542,0.66565,1.50,1.00
2015.10.26 14:15:31.087,0.66544,0.66566,1.00,1.00
2015.10.26 14:15:31.156,0.66542,0.66566,1.50,1.00
2015.10.26 14:15:32.834,0.6654,0.66565,1.00,1.00
2015.10.26 14:15:33.233,0.66542,0.66565,1.00,1.00
2015.10.26 14:15:33.283,0.66542,0.66567,1.00,1.00
2015.10.26 14:15:33.384,0.66545,0.66567,1.00,1.00
2015.10.26 14:15:33.485,0.66545,0.6657,1.50,1.00
2015.10.26 14:15:34.023,0.66545,0.66571,1.50,1.00
2015.10.26 14:15:35.685,0.66548,0.66572,1.00,1.00
2015.10.26 14:15:35.900,0.66553,0.66579,1.00,1.00
2015.10.26 14:15:36.906,0.66553,0.66576,1.00,1.00
2015.10.26 14:15:43.660,0.66553,0.66579,1.00,1.00
2015.10.26 14:15:43.880,0.66552,0.66576,1.50,1.00
2015.10.26 14:15:47.670,0.66551,0.66576,1.50,1.00
2015.10.26 14:15:49.050,0.66553,0.66576,1.00,1.00
2015.10.26 14:15:50.699,0.66553,0.66577,1.00,1.00
2015.10.26 14:15:50.968,0.66554,0.6658,1.50,1.00
2015.10.26 14:15:51.875,0.66553,0.66578,1.00,1.00
2015.10.26 14:15:53.397,0.66553,0.66576,1.00,1.00
2015.10.26 14:15:53.448,0.66551,0.66576,1.50,1.00
2015.10.26 14:15:53.599,0.66548,0.6657,1.50,1.00
2015.10.26 14:15:53.900,0.66547,0.66566,1.00,1.00
2015.10.26 14:15:54.634,0.66542,0.66566,1.00,1.50
2015.10.26 14:15:55.209,0.66542,0.66565,1.00,1.00
2015.10.26 14:15:55.360,0.66545,0.66566,1.50,1.00
2015.10.26 14:15:55.955,0.66546,0.66565,1.00,1.00
2015.10.26 14:15:56.487,0.66545,0.66566,1.50,1.00
2015.10.26 14:15:57.777,0.66545,0.66565,1.00,1.00
2015.10.26 14:15:58.318,0.66544,0.66566,1.00,1.00
2015.10.26 14:15:58.762,0.66547,0.66566,1.00,1.00
2015.10.26 14:15:59.313,0.66546,0.6657,1.50,1.00
2015.10.26 14:15:59.496,0.66549,0.66571,1.00,1.00
2015.10.26 14:16:00.143,0.66547,0.66571,1.50,1.00
2015.10.26 14:16:00.926,0.66547,0.6657,1.50,1.00
2015.10.26 14:16:00.977,0.66549,0.6657,1.00,1.00
2015.10.26 14:16:01.917,0.66549,0.66571,1.50,1.00
2015.10.26 14:16:03.970,0.6655,0.6657,1.00,1.00
2015.10.26 14:16:04.021,0.6655,0.66576,1.00,1.50
2015.10.26 14:16:04.183,0.66552,0.66576,1.00,1.50
2015.10.26 14:16:04.710,0.66553,0.66576,1.00,1.00
2015.10.26 14:16:05.255,0.66554,0.66576,1.00,1.00
2015.10.26 14:16:05.587,0.66553,0.66571,1.00,1.00
2015.10.26 14:16:06.363,0.66553,0.66575,1.00,1.00
2015.10.26 14:16:06.649,0.66553,0.66571,1.00,1.00
2015.10.26 14:16:07.125,0.66553,0.66576,1.00,1.00
2015.10.26 14:16:08.133,0.66553,0.66571,1.00,1.00
2015.10.26 14:16:08.321,0.66553,0.66575,1.00,1.00
2015.10.26 14:16:08.657,0.66551,0.66575,1.00,1.00
2015.10.26 14:16:08.708,0.66549,0.6657,1.00,1.00
2015.10.26 14:16:08.809,0.66549,0.66572,1.00,1.00
2015.10.26 14:16:08.977,0.66546,0.6657,1.50,1.00
2015.10.26 14:16:09.438,0.66551,0.66576,1.00,1.50
2015.10.26 14:16:09.489,0.66556,0.66576,1.00,1.00
2015.10.26 14:16:10.099,0.66553,0.66576,1.00,1.00
2015.10.26 14:16:12.244,0.66551,0.66575,1.00,1.00
2015.10.26 14:16:13.322,0.66551,0.66574,1.00,1.00
2015.10.26 14:16:13.861,0.66549,0.66574,1.00,1.00
2015.10.26 14:16:14.167,0.6655,0.66576,1.00,1.50
2015.10.26 14:16:14.268,0.66552,0.66576,1.00,1.50
2015.10.26 14:16:14.747,0.66556,0.66576,1.00,1.00
2015.10.26 14:16:14.798,0.66556,0.66581,1.00,1.00
2015.10.26 14:16:14.849,0.66557,0.66583,1.00,1.00
2015.10.26 14:16:15.400,0.66558,0.66583,1.00,1.00
2015.10.26 14:16:15.983,0.66558,0.66584,1.50,1.00
2015.10.26 14:16:16.713,0.66558,0.66583,1.00,1.00
2015.10.26 14:16:17.836,0.66558,0.66584,1.50,1.00
2015.10.26 14:16:17.886,0.66562,0.66584,1.00,1.00
2015.10.26 14:16:18.196,0.66564,0.66585,1.00,1.00
2015.10.26 14:16:19.031,0.66567,0.6659,1.00,1.00
2015.10.26 14:16:19.677,0.66568,0.6659,1.00,1.00
2015.10.26 14:16:20.253,0.66568,0.66591,1.00,1.00
2015.10.26 14:16:20.806,0.66568,0.6659,1.00,1.00
2015.10.26 14:16:21.587,0.66568,0.66592,1.00,1.00
2015.10.26 14:16:22.356,0.66567,0.66591,1.00,1.00
2015.10.26 14:16:26.619,0.66565,0.66591,1.50,1.50
2015.10.26 14:16:27.720,0.66565,0.6659,1.00,1.50
2015.10.26 14:16:28.367,0.66564,0.6659,1.50,1.50
2015.10.26 14:16:28.847,0.66564,0.66586,1.50,1.00
2015.10.26 14:16:29.743,0.66564,0.66588,1.50,1.00
2015.10.26 14:16:29.844,0.66564,0.66585,1.50,1.00
2015.10.26 14:16:30.386,0.66565,0.66586,1.00,1.00
2015.10.26 14:16:30.997,0.66566,0.66591,1.50,1.00
2015.10.26 14:16:32.306,0.66566,0.6659,1.50,1.00
2015.10.26 14:16:32.863,0.66566,0.66589,1.00,1.00
2015.10.26 14:16:33.602,0.66566,0.6659,1.00,1.00
2015.10.26 14:16:34.238,0.66566,0.66591,1.00,1.50
2015.10.26 14:16:36.126,0.66566,0.6659,1.00,1.00
2015.10.26 14:16:36.698,0.66566,0.66591,1.50,1.00
2015.10.26 14:16:37.427,0.66566,0.6659,1.50,1.00
2015.10.26 14:16:37.980,0.66567,0.66591,1.00,1.50
2015.10.26 14:16:38.030,0.66567,0.66586,1.00,1.00
2015.10.26 14:16:38.404,0.66564,0.66586,1.00,1.00
2015.10.26 14:16:38.505,0.66566,0.66586,1.00,1.00
2015.10.26 14:16:38.556,0.66566,0.6659,1.00,1.00
2015.10.26 14:16:39.278,0.66566,0.66591,1.00,1.00
2015.10.26 14:16:41.183,0.66575,0.66591,1.00,1.00
2015.10.26 14:16:41.242,0.66572,0.66595,1.50,1.00
2015.10.26 14:16:41.828,0.66573,0.66595,1.00,1.00
2015.10.26 14:16:42.476,0.66572,0.66596,1.00,1.00
2015.10.26 14:16:42.655,0.66574,0.66596,1.00,1.00
2015.10.26 14:16:43.206,0.66573,0.66596,1.00,1.00
2015.10.26 14:16:43.838,0.66574,0.66596,1.00,1.00
2015.10.26 14:16:44.574,0.66571,0.66596,1.00,1.50
2015.10.26 14:16:44.625,0.66571,0.66591,1.00,1.00
2015.10.26 14:16:45.214,0.66569,0.66591,1.50,1.00
2015.10.26 14:16:45.548,0.66566,0.66589,1.00,1.00
2015.10.26 14:16:45.598,0.66566,0.66586,1.00,1.00
2015.10.26 14:16:47.731,0.66565,0.66586,1.50,1.00
2015.10.26 14:16:48.287,0.66565,0.66585,1.00,1.00
2015.10.26 14:16:48.527,0.66562,0.66586,1.00,1.00
2015.10.26 14:16:49.036,0.66563,0.66586,1.00,1.00
2015.10.26 14:16:49.666,0.66563,0.66585,1.00,1.00
2015.10.26 14:16:51.623,0.66563,0.66586,1.00,1.00
2015.10.26 14:16:52.167,0.66563,0.66585,1.00,1.00
2015.10.26 14:16:52.689,0.66563,0.66586,1.50,1.00
2015.10.26 14:16:52.890,0.66558,0.66584,1.50,1.00
2015.10.26 14:16:52.941,0.6656,0.66584,1.00,1.00
2015.10.26 14:16:53.785,0.66559,0.66583,1.00,1.00
2015.10.26 14:16:55.106,0.66556,0.6658,1.50,1.00
2015.10.26 14:16:55.472,0.66555,0.66576,1.00,1.00
2015.10.26 14:16:55.673,0.66552,0.66576,1.00,1.50
2015.10.26 14:16:56.494,0.66551,0.66576,1.00,1.00
2015.10.26 14:16:58.302,0.6655,0.66574,1.00,1.00
2015.10.26 14:16:58.503,0.66546,0.66571,1.00,1.00
2015.10.26 14:16:58.654,0.66545,0.66566,1.00,1.00
2015.10.26 14:16:59.187,0.6654,0.66564,1.00,1.00
2015.10.26 14:17:01.355,0.6654,0.66563,1.00,1.00
2015.10.26 14:17:01.468,0.6654,0.66565,1.00,1.00
2015.10.26 14:17:02.429,0.66546,0.66569,1.00,1.00
2015.10.26 14:17:03.012,0.66546,0.66568,1.00,1.00
2015.10.26 14:17:03.213,0.66544,0.66568,1.50,1.00
2015.10.26 14:17:03.622,0.66544,0.66565,1.00,1.00
2015.10.26 14:17:03.677,0.66541,0.66565,1.00,1.00
2015.10.26 14:17:04.368,0.66539,0.66565,1.50,1.00
2015.10.26 14:17:04.857,0.6654,0.66562,1.00,1.00
2015.10.26 14:17:05.009,0.66538,0.66561,1.00,1.00
2015.10.26 14:17:05.211,0.66537,0.66559,1.00,1.00
2015.10.26 14:17:05.312,0.66535,0.66559,1.00,1.00
2015.10.26 14:17:05.413,0.66531,0.66559,1.50,1.00
2015.10.26 14:17:05.463,0.66531,0.66556,1.00,1.00
2015.10.26 14:17:06.040,0.66534,0.66556,1.00,1.00
2015.10.26 14:17:06.388,0.66531,0.66555,1.00,1.00
2015.10.26 14:17:07.384,0.66529,0.66553,1.00,1.00
2015.10.26 14:17:07.893,0.66529,0.66551,1.00,1.00
2015.10.26 14:17:08.848,0.6653,0.66551,1.00,1.00
2015.10.26 14:17:08.899,0.66531,0.66555,1.00,1.00
2015.10.26 14:17:09.274,0.66531,0.66551,1.00,1.00
2015.10.26 14:17:10.169,0.66525,0.66545,1.00,1.00
2015.10.26 14:17:10.526,0.66524,0.66548,1.50,1.00
2015.10.26 14:17:11.398,0.66526,0.66548,1.00,1.00
2015.10.26 14:17:11.699,0.66524,0.66545,1.50,1.00
2015.10.26 14:17:11.806,0.66524,0.66547,1.00,1.00
2015.10.26 14:17:13.190,0.66524,0.66543,1.00,1.00
2015.10.26 14:17:13.246,0.66518,0.66543,1.00,1.00
2015.10.26 14:17:13.297,0.66516,0.66543,1.50,1.00
2015.10.26 14:17:13.347,0.66516,0.66536,1.00,1.00
2015.10.26 14:17:13.398,0.66514,0.66536,1.00,1.00
2015.10.26 14:17:13.499,0.66514,0.66532,1.00,1.00
2015.10.26 14:17:13.650,0.66511,0.66532,1.00,1.00
2015.10.26 14:17:13.701,0.66511,0.66534,1.00,1.00
2015.10.26 14:17:13.909,0.66514,0.66534,1.00,1.00
2015.10.26 14:17:14.010,0.66514,0.66537,1.00,1.00
2015.10.26 14:17:14.384,0.66514,0.66535,1.00,1.00
2015.10.26 14:17:15.701,0.66516,0.66535,1.00,1.00
2015.10.26 14:17:15.766,0.66516,0.66538,1.00,1.00
2015.10.26 14:17:15.915,0.66516,0.6654,1.00,1.00
2015.10.26 14:17:17.318,0.66516,0.66539,1.00,1.00
2015.10.26 14:17:17.570,0.66514,0.66536,1.00,1.00
2015.10.26 14:17:17.670,0.66512,0.66536,1.00,1.00
2015.10.26 14:17:18.320,0.66512,0.66535,1.00,1.00
2015.10.26 14:17:18.554,0.66512,0.66531,1.00,1.00
2015.10.26 14:17:19.222,0.6651,0.66531,1.00,1.00
2015.10.26 14:17:19.394,0.6651,0.66534,1.00,1.00
2015.10.26 14:17:19.445,0.66514,0.66534,1.00,1.00
2015.10.26 14:17:19.914,0.66514,0.66537,1.00,1.00
2015.10.26 14:17:19.965,0.66514,0.66535,1.00,1.00
2015.10.26 14:17:20.526,0.66511,0.66531,1.00,1.00
2015.10.26 14:17:21.098,0.66506,0.66527,1.00,1.00
2015.10.26 14:17:21.595,0.66507,0.66529,1.00,1.00
2015.10.26 14:17:21.747,0.66506,0.66527,1.00,1.00
2015.10.26 14:17:22.339,0.66506,0.66528,1.00,1.00
2015.10.26 14:17:22.902,0.66505,0.66528,1.50,1.00
2015.10.26 14:17:22.953,0.66506,0.6653,1.00,1.00
2015.10.26 14:17:24.115,0.66505,0.66527,1.00,1.00
2015.10.26 14:17:24.266,0.66505,0.6653,1.00,1.00
2015.10.26 14:17:24.493,0.66504,0.66527,1.00,1.00
2015.10.26 14:17:25.007,0.66505,0.66527,1.00,1.00
2015.10.26 14:17:25.532,0.66504,0.66526,1.00,1.00
2015.10.26 14:17:26.135,0.66504,0.66527,1.00,1.00
2015.10.26 14:17:26.900,0.66507,0.66527,1.00,1.00
2015.10.26 14:17:26.951,0.66507,0.66532,1.00,1.00
2015.10.26 14:17:27.473,0.66505,0.66529,1.00,1.00
2015.10.26 14:17:28.069,0.66505,0.66528,1.50,1.00
2015.10.26 14:17:28.441,0.66505,0.6653,1.50,1.00
2015.10.26 14:17:29.051,0.66505,0.66531,1.50,1.00
2015.10.26 14:17:32.659,0.66505,0.66529,1.50,1.00
2015.10.26 14:17:32.709,0.66505,0.66531,1.50,1.00
2015.10.26 14:17:33.555,0.66507,0.66531,1.00,1.00
2015.10.26 14:17:37.413,0.66507,0.66527,1.00,1.00
2015.10.26 14:17:37.469,0.66504,0.66527,1.00,1.00
2015.10.26 14:17:38.004,0.66503,0.66527,1.00,1.00
2015.10.26 14:17:38.105,0.66503,0.66529,1.50,1.00
2015.10.26 14:17:39.095,0.66503,0.66526,1.50,1.00
2015.10.26 14:17:39.455,0.665,0.66525,1.00,1.00
2015.10.26 14:17:43.559,0.665,0.66523,1.00,1.00
2015.10.26 14:17:46.825,0.665,0.66521,1.00,1.00
2015.10.26 14:17:47.169,0.66497,0.66519,1.00,1.00
2015.10.26 14:17:47.370,0.66496,0.66517,1.00,1.00
2015.10.26 14:17:48.075,0.66496,0.66516,1.00,1.00
2015.10.26 14:17:48.128,0.66494,0.66516,1.00,1.00
2015.10.26 14:17:49.204,0.66494,0.66515,1.00,1.00
2015.10.26 14:17:49.625,0.6649,0.66515,1.00,1.00
2015.10.26 14:17:49.675,0.6649,0.6651,1.00,1.00
2015.10.26 14:17:49.726,0.66487,0.6651,1.00,1.00
2015.10.26 14:17:49.877,0.66485,0.66507,1.00,1.00
2015.10.26 14:17:50.161,0.66483,0.66506,1.00,1.00
2015.10.26 14:17:50.842,0.66482,0.66505,1.00,1.00
2015.10.26 14:17:50.893,0.6648,0.66501,1.00,1.00
2015.10.26 14:17:51.431,0.6648,0.66502,1.00,1.00
2015.10.26 14:17:51.733,0.66476,0.66499,1.00,1.00
2015.10.26 14:17:52.468,0.66475,0.66499,1.00,1.00
2015.10.26 14:17:52.534,0.66486,0.66508,1.00,1.00
2015.10.26 14:17:52.944,0.66486,0.6651,1.50,1.00
2015.10.26 14:17:52.994,0.66488,0.6651,1.00,1.00
2015.10.26 14:17:53.196,0.66489,0.66513,1.00,1.00
2015.10.26 14:17:53.788,0.66489,0.66514,1.50,1.00
2015.10.26 14:17:54.028,0.66491,0.66514,1.00,1.00
2015.10.26 14:17:54.079,0.66491,0.66516,1.00,1.00
2015.10.26 14:17:54.180,0.66494,0.66518,1.00,1.00
2015.10.26 14:17:54.482,0.66494,0.66516,1.50,1.00
2015.10.26 14:17:55.053,0.66494,0.66518,1.50,1.00
2015.10.26 14:17:55.602,0.66494,0.66517,1.50,1.00
2015.10.26 14:17:56.878,0.66494,0.66516,1.50,1.00
2015.10.26 14:17:57.500,0.66494,0.66513,1.00,1.00
2015.10.26 14:17:57.554,0.66492,0.66513,1.00,1.00
2015.10.26 14:17:58.140,0.66492,0.66515,1.00,1.00
2015.10.26 14:17:58.655,0.66493,0.66515,1.00,1.00
2015.10.26 14:17:59.435,0.66491,0.66514,1.00,1.00
2015.10.26 14:18:00.374,0.66492,0.66514,1.00,1.00
2015.10.26 14:18:00.888,0.66497,0.66516,1.00,1.00
2015.10.26 14:18:01.190,0.66502,0.66516,1.00,1.00
2015.10.26 14:18:01.241,0.66504,0.6652,1.00,1.00
2015.10.26 14:18:01.344,0.66504,0.66523,1.00,1.00
2015.10.26 14:18:01.648,0.66501,0.66521,1.00,1.00
2015.10.26 14:18:01.699,0.66499,0.66521,1.00,1.00
2015.10.26 14:18:01.750,0.66499,0.66517,1.00,1.00
2015.10.26 14:18:02.270,0.66498,0.66516,1.00,1.00
2015.10.26 14:18:02.641,0.665,0.66519,1.00,1.00
2015.10.26 14:18:02.882,0.66501,0.66523,1.00,1.00
2015.10.26 14:18:03.093,0.665,0.66521,1.00,1.00
2015.10.26 14:18:03.730,0.66501,0.66521,1.00,1.00
2015.10.26 14:18:04.511,0.66502,0.66521,1.00,1.00
2015.10.26 14:18:04.612,0.66503,0.66523,1.00,1.00
2015.10.26 14:18:05.040,0.66503,0.66521,1.00,1.00
2015.10.26 14:18:05.230,0.66501,0.66521,1.00,1.00
2015.10.26 14:18:05.631,0.66502,0.66523,1.00,1.00
2015.10.26 14:18:05.731,0.66504,0.66523,1.50,1.00
2015.10.26 14:18:05.832,0.66504,0.66525,1.50,1.00
2015.10.26 14:18:06.352,0.66507,0.66526,1.00,1.00
2015.10.26 14:18:06.952,0.66507,0.66527,1.00,1.00
2015.10.26 14:18:08.169,0.66509,0.66527,1.00,1.00
2015.10.26 14:18:09.113,0.66509,0.66528,1.00,1.00
2015.10.26 14:18:09.566,0.66513,0.66528,1.00,1.00
2015.10.26 14:18:09.616,0.66513,0.66533,1.00,1.00
2015.10.26 14:18:11.891,0.66512,0.66533,1.00,1.00
2015.10.26 14:18:11.992,0.66511,0.6653,1.00,1.00
2015.10.26 14:18:12.529,0.66512,0.66533,1.00,1.00
2015.10.26 14:18:13.823,0.6651,0.66533,1.00,1.00
2015.10.26 14:18:14.243,0.6651,0.6653,1.00,1.00
2015.10.26 14:18:14.558,0.66508,0.66527,1.00,1.00
2015.10.26 14:18:14.722,0.66508,0.66529,1.00,1.00
2015.10.26 14:18:15.851,0.66509,0.66529,1.00,1.00
2015.10.26 14:18:16.264,0.66509,0.66532,1.00,1.00
2015.10.26 14:18:17.061,0.66505,0.6653,1.00,1.00
2015.10.26 14:18:17.113,0.66505,0.66524,1.00,1.00
2015.10.26 14:18:17.651,0.66502,0.66524,1.00,1.00
2015.10.26 14:18:18.791,0.66501,0.66523,1.00,1.00
2015.10.26 14:18:18.842,0.66499,0.6652,1.00,1.00
2015.10.26 14:18:19.163,0.66496,0.66517,1.00,1.00
2015.10.26 14:18:19.264,0.66496,0.66519,1.00,1.00
2015.10.26 14:18:19.314,0.66499,0.66519,1.00,1.00
2015.10.26 14:18:19.840,0.66497,0.66519,1.00,1.00
2015.10.26 14:18:20.371,0.66498,0.66519,1.00,1.00
2015.10.26 14:18:20.883,0.66498,0.66521,1.00,1.00
2015.10.26 14:18:21.597,0.66499,0.66522,1.00,1.00
2015.10.26 14:18:22.169,0.665,0.66522,1.00,1.00
2015.10.26 14:18:24.004,0.665,0.66523,1.00,1.00
2015.10.26 14:18:24.206,0.665,0.66525,1.00,1.00
2015.10.26 14:18:24.939,0.665,0.66524,1.00,1.00
2015.10.26 14:18:25.039,0.66504,0.66524,1.00,1.00
2015.10.26 14:18:25.291,0.66508,0.6653,1.00,1.00
2015.10.26 14:18:26.140,0.66509,0.6653,1.00,1.00
2015.10.26 14:18:26.794,0.66509,0.66529,1.00,1.00
2015.10.26 14:18:27.076,0.66509,0.66531,1.00,1.00
2015.10.26 14:18:27.612,0.6651,0.66531,1.00,1.00
2015.10.26 14:18:27.763,0.66514,0.66532,1.00,1.00
2015.10.26 14:18:27.963,0.66514,0.66536,1.00,1.50
2015.10.26 14:18:29.087,0.66516,0.66537,1.00,1.00
2015.10.26 14:18:30.543,0.66516,0.66536,1.00,1.00
2015.10.26 14:18:30.883,0.66516,0.66534,1.00,1.00
2015.10.26 14:18:33.423,0.66516,0.66535,1.00,1.00
2015.10.26 14:18:33.950,0.66518,0.66535,1.00,1.00
2015.10.26 14:18:34.001,0.66516,0.66535,1.00,1.00
2015.10.26 14:18:34.305,0.66513,0.66535,1.00,1.00
2015.10.26 14:18:34.406,0.66516,0.66535,1.00,1.00
2015.10.26 14:18:36.484,0.66517,0.66535,1.00,1.00
2015.10.26 14:18:37.046,0.66515,0.66535,1.00,1.00
2015.10.26 14:18:37.656,0.66514,0.66535,1.00,1.00
2015.10.26 14:18:40.648,0.66514,0.66536,1.00,1.00
2015.10.26 14:18:41.998,0.66514,0.66533,1.00,1.00
2015.10.26 14:18:42.897,0.66514,0.66535,1.00,1.00
2015.10.26 14:18:43.102,0.66514,0.66537,1.00,1.00
2015.10.26 14:18:43.153,0.66514,0.66535,1.00,1.00
2015.10.26 14:18:43.610,0.66516,0.66536,1.00,1.00
2015.10.26 14:18:45.043,0.66513,0.66534,1.00,1.00
2015.10.26 14:18:45.245,0.6651,0.66533,1.00,1.00
2015.10.26 14:18:45.346,0.6651,0.6653,1.00,1.00
2015.10.26 14:18:45.879,0.66507,0.6653,1.00,1.00
2015.10.26 14:18:46.509,0.66506,0.6653,1.50,1.00
2015.10.26 14:18:46.559,0.6651,0.66531,1.00,1.00
2015.10.26 14:18:46.910,0.6651,0.66528,1.00,1.00
2015.10.26 14:18:47.362,0.66508,0.66528,1.00,1.00
2015.10.26 14:18:47.413,0.66503,0.66526,1.00,1.00
2015.10.26 14:18:47.463,0.66505,0.66526,1.00,1.00
2015.10.26 14:18:47.972,0.66505,0.66525,1.00,1.00
2015.10.26 14:18:48.465,0.66507,0.66526,1.00,1.00
2015.10.26 14:18:48.516,0.66507,0.66528,1.00,1.00
2015.10.26 14:18:49.259,0.66508,0.66528,1.00,1.00
2015.10.26 14:18:49.310,0.66508,0.6653,1.00,1.00
2015.10.26 14:18:51.056,0.66508,0.66526,1.00,1.00
2015.10.26 14:18:51.207,0.66504,0.66526,1.00,1.00
2015.10.26 14:18:51.358,0.66503,0.66523,1.00,1.00
2015.10.26 14:18:51.723,0.66503,0.66521,1.00,1.00
2015.10.26 14:18:52.257,0.66503,0.66524,1.00,1.00
2015.10.26 14:18:52.691,0.66504,0.66526,1.00,1.00
2015.10.26 14:18:53.772,0.66504,0.66524,1.00,1.00
2015.10.26 14:18:55.161,0.66505,0.66524,1.00,1.00
2015.10.26 14:18:55.212,0.66507,0.66527,1.00,1.00
2015.10.26 14:18:55.748,0.66508,0.66526,1.00,1.00
2015.10.26 14:18:55.799,0.66505,0.66526,1.00,1.00
2015.10.26 14:18:55.900,0.66501,0.66524,1.00,1.00
2015.10.26 14:18:56.285,0.66501,0.66519,1.00,1.00
2015.10.26 14:18:56.335,0.66497,0.66518,1.00,1.00
2015.10.26 14:18:56.873,0.66496,0.66517,1.00,1.00
2015.10.26 14:18:57.139,0.66494,0.66517,1.00,1.00
2015.10.26 14:18:57.681,0.66494,0.66518,1.00,1.00
2015.10.26 14:18:57.739,0.66495,0.66516,1.50,1.00
2015.10.26 14:18:58.142,0.66492,0.66516,1.50,1.00
2015.10.26 14:18:58.661,0.66492,0.66515,1.00,1.00
2015.10.26 14:18:58.712,0.66493,0.66512,1.00,1.00
2015.10.26 14:18:58.963,0.66491,0.66511,1.00,1.00
2015.10.26 14:18:59.852,0.66492,0.6651,1.00,1.00
2015.10.26 14:19:00.012,0.6649,0.66511,1.00,1.00
2015.10.26 14:19:00.163,0.6649,0.66507,1.00,1.00
2015.10.26 14:19:00.313,0.66493,0.66511,1.00,1.00
2015.10.26 14:19:00.369,0.6649,0.66511,1.00,1.00
2015.10.26 14:19:00.484,0.6649,0.66509,1.00,1.00
2015.10.26 14:19:01.350,0.66489,0.66506,1.00,1.00
2015.10.26 14:19:01.408,0.66485,0.66507,1.50,1.00
2015.10.26 14:19:01.524,0.66488,0.66508,1.00,1.00
2015.10.26 14:19:01.902,0.6649,0.66509,1.00,1.00
2015.10.26 14:19:02.427,0.66489,0.66509,1.00,1.00
2015.10.26 14:19:03.121,0.66489,0.66508,1.00,1.00
2015.10.26 14:19:03.739,0.66489,0.66509,1.00,1.00
2015.10.26 14:19:03.891,0.66486,0.66509,1.00,1.00
2015.10.26 14:19:03.942,0.66483,0.66504,1.00,1.00
2015.10.26 14:19:03.993,0.66481,0.66504,1.00,1.00
2015.10.26 14:19:04.144,0.66481,0.66502,1.00,1.00
2015.10.26 14:19:04.822,0.66481,0.66503,1.00,1.00
2015.10.26 14:19:05.373,0.66484,0.66501,1.00,1.00
2015.10.26 14:19:05.516,0.66482,0.66501,1.00,1.00
2015.10.26 14:19:05.567,0.66482,0.66503,1.00,1.00
2015.10.26 14:19:06.189,0.66482,0.66502,1.00,1.00
2015.10.26 14:19:06.239,0.66482,0.665,1.00,1.00
2015.10.26 14:19:06.340,0.66479,0.665,1.00,1.00
2015.10.26 14:19:07.481,0.66482,0.66501,1.00,1.00
2015.10.26 14:19:09.471,0.6648,0.66501,1.00,1.00
2015.10.26 14:19:10.713,0.6648,0.665,1.00,1.00
2015.10.26 14:19:11.562,0.66478,0.665,1.00,1.00
2015.10.26 14:19:12.106,0.66478,0.66499,1.00,1.00
2015.10.26 14:19:13.185,0.66478,0.665,1.00,1.00
2015.10.26 14:19:13.244,0.66478,0.66494,1.00,1.00
2015.10.26 14:19:13.855,0.66477,0.66494,1.00,1.00
2015.10.26 14:19:14.494,0.66476,0.66495,1.00,1.00
2015.10.26 14:19:14.800,0.66452,0.66476,1.00,1.00
2015.10.26 14:19:14.901,0.66454,0.6648,1.00,1.50
2015.10.26 14:19:15.053,0.66459,0.66481,1.00,1.00
2015.10.26 14:19:15.425,0.66459,0.66479,1.00,1.00
2015.10.26 14:19:15.476,0.66459,0.66483,1.00,1.00
2015.10.26 14:19:15.702,0.66454,0.66477,1.50,1.00
2015.10.26 14:19:16.596,0.66455,0.66477,1.00,1.00
2015.10.26 14:19:16.697,0.66455,0.66479,2.25,1.00
2015.10.26 14:19:16.798,0.66457,0.66479,1.00,1.00
2015.10.26 14:19:16.848,0.66455,0.66479,1.50,1.00
2015.10.26 14:19:16.899,0.66456,0.66482,1.00,1.00
2015.10.26 14:19:17.890,0.66457,0.66481,1.50,1.00
2015.10.26 14:19:18.064,0.66459,0.66481,1.00,1.00
2015.10.26 14:19:18.219,0.66458,0.66483,1.00,1.00
2015.10.26 14:19:18.320,0.66459,0.66485,1.00,1.00
2015.10.26 14:19:18.572,0.66463,0.66485,1.00,1.00
2015.10.26 14:19:19.340,0.6646,0.66486,2.25,1.60
2015.10.26 14:19:19.541,0.66458,0.66481,1.00,1.00
2015.10.26 14:19:19.862,0.66461,0.66482,1.00,1.00
2015.10.26 14:19:20.378,0.66462,0.66488,1.50,1.00
2015.10.26 14:19:20.532,0.66462,0.66483,1.00,1.00
2015.10.26 14:19:20.582,0.6646,0.66483,1.00,1.00
2015.10.26 14:19:20.744,0.6646,0.6648,1.00,1.00
2015.10.26 14:19:20.884,0.66458,0.6648,1.00,1.00
2015.10.26 14:19:20.995,0.66456,0.6648,1.50,1.00
2015.10.26 14:19:21.556,0.66456,0.66479,1.00,1.00
2015.10.26 14:19:21.742,0.66455,0.66477,1.50,1.00
2015.10.26 14:19:23.286,0.66454,0.66477,1.00,1.00
2015.10.26 14:19:23.344,0.66455,0.66479,1.00,1.00
2015.10.26 14:19:23.948,0.66455,0.66478,1.00,1.00
2015.10.26 14:19:24.048,0.66455,0.66476,1.00,1.00
2015.10.26 14:19:24.601,0.66454,0.66476,1.00,1.00
2015.10.26 14:19:25.150,0.66454,0.66477,1.00,1.00
2015.10.26 14:19:26.332,0.66455,0.66477,1.00,1.00
2015.10.26 14:19:26.706,0.66459,0.66475,1.00,1.00
2015.10.26 14:19:27.137,0.66459,0.66482,1.00,1.00
2015.10.26 14:19:27.434,0.66465,0.66482,1.00,1.00
2015.10.26 14:19:27.542,0.66459,0.66482,1.00,1.00
2015.10.26 14:19:28.344,0.66459,0.66483,1.00,1.00
2015.10.26 14:19:29.965,0.6646,0.66484,1.00,1.00
2015.10.26 14:19:30.116,0.66464,0.66484,1.00,1.00
2015.10.26 14:19:30.183,0.66464,0.66486,1.00,1.00
2015.10.26 14:19:30.562,0.66465,0.66488,1.00,1.00
2015.10.26 14:19:31.742,0.66464,0.66488,1.50,1.00
2015.10.26 14:19:32.492,0.66464,0.66486,1.00,1.00
2015.10.26 14:19:32.543,0.66462,0.66486,1.00,1.00
2015.10.26 14:19:32.711,0.6646,0.66484,1.00,1.00
2015.10.26 14:19:33.849,0.66464,0.66487,1.00,1.00
2015.10.26 14:19:34.361,0.66464,0.66486,1.00,1.00
2015.10.26 14:19:35.091,0.66462,0.66486,1.00,1.00
2015.10.26 14:19:35.602,0.66462,0.66487,1.00,1.00
2015.10.26 14:19:36.499,0.66461,0.66484,1.00,1.00
2015.10.26 14:19:36.939,0.66461,0.66487,1.50,1.00
2015.10.26 14:19:37.039,0.66466,0.6649,1.00,1.00
2015.10.26 14:19:37.113,0.66466,0.66492,1.00,1.00
2015.10.26 14:19:37.222,0.66468,0.66494,1.00,1.00
2015.10.26 14:19:37.753,0.66465,0.66491,1.50,1.00
2015.10.26 14:19:38.056,0.66467,0.66493,1.00,1.00
2015.10.26 14:19:38.374,0.66464,0.66489,1.50,1.00
2015.10.26 14:19:38.956,0.66464,0.66486,1.00,1.00
2015.10.26 14:19:39.534,0.66465,0.66488,1.00,1.00
2015.10.26 14:19:39.793,0.66465,0.66486,1.00,1.00
2015.10.26 14:19:39.944,0.66462,0.66486,1.00,1.00
2015.10.26 14:19:40.462,0.66463,0.66486,1.00,1.00
2015.10.26 14:19:40.563,0.66463,0.66488,1.00,1.00
2015.10.26 14:19:40.791,0.66465,0.66488,1.00,1.00
2015.10.26 14:19:41.239,0.66463,0.66487,1.00,1.00
2015.10.26 14:19:41.855,0.66464,0.66486,1.00,1.00
2015.10.26 14:19:41.953,0.66464,0.66488,1.00,1.00
2015.10.26 14:19:42.104,0.66466,0.66489,1.00,1.00
2015.10.26 14:19:43.057,0.66466,0.66491,1.00,1.00
2015.10.26 14:19:43.208,0.66467,0.66493,1.50,1.00
2015.10.26 14:19:43.509,0.66472,0.66494,1.00,1.00
2015.10.26 14:19:43.610,0.66472,0.66498,1.50,1.00
2015.10.26 14:19:43.660,0.66475,0.66498,1.00,1.00
2015.10.26 14:19:43.761,0.66477,0.66503,1.50,1.00
2015.10.26 14:19:44.744,0.66476,0.66501,1.50,1.00
2015.10.26 14:19:45.386,0.66476,0.66502,1.50,1.00
2015.10.26 14:19:46.240,0.66478,0.66504,1.00,1.00
2015.10.26 14:19:46.760,0.66479,0.66503,1.00,1.00
2015.10.26 14:19:47.126,0.66475,0.66495,1.00,1.00
2015.10.26 14:19:47.547,0.66475,0.66499,1.00,1.00
2015.10.26 14:19:47.597,0.66474,0.66496,1.00,1.00
2015.10.26 14:19:47.748,0.66467,0.66491,1.00,1.50
2015.10.26 14:19:48.301,0.66469,0.66491,1.00,1.50
2015.10.26 14:19:48.861,0.66469,0.66492,1.00,1.00
2015.10.26 14:19:49.118,0.66467,0.66491,1.00,1.00
2015.10.26 14:19:49.843,0.66468,0.66491,1.00,1.00
2015.10.26 14:19:51.761,0.66469,0.66491,1.00,1.00
2015.10.26 14:19:52.533,0.66469,0.66493,1.00,1.00
2015.10.26 14:19:54.425,0.66469,0.6649,1.00,1.00
2015.10.26 14:19:54.477,0.66467,0.66491,1.00,1.50
2015.10.26 14:19:54.601,0.66466,0.66488,1.00,1.00
2015.10.26 14:19:54.856,0.66466,0.6649,1.00,1.00
2015.10.26 14:19:56.183,0.66466,0.66489,1.00,1.00
2015.10.26 14:20:00.550,0.66466,0.6649,1.00,1.00
2015.10.26 14:20:01.422,0.66466,0.66489,1.00,1.00
2015.10.26 14:20:01.472,0.66464,0.66487,1.00,1.00
2015.10.26 14:20:01.816,0.66464,0.66485,1.00,1.00
2015.10.26 14:20:01.867,0.6646,0.66485,1.50,1.00
2015.10.26 14:20:02.302,0.66462,0.66485,1.00,1.00
2015.10.26 14:20:02.713,0.66464,0.66488,1.00,1.00
2015.10.26 14:20:03.022,0.66462,0.66487,1.00,1.00
2015.10.26 14:20:04.191,0.66465,0.66487,1.00,1.00
2015.10.26 14:20:04.714,0.66465,0.66486,1.00,1.00
2015.10.26 14:20:07.332,0.66469,0.66491,1.00,1.00
2015.10.26 14:20:07.930,0.6647,0.66492,1.00,1.00
2015.10.26 14:20:08.167,0.66468,0.66491,1.00,1.50
2015.10.26 14:20:08.588,0.66472,0.66493,1.00,1.00
2015.10.26 14:20:08.826,0.66473,0.66496,1.00,1.50
2015.10.26 14:20:09.373,0.66474,0.66495,1.00,1.50
2015.10.26 14:20:09.767,0.6647,0.66491,1.00,1.00
2015.10.26 14:20:10.071,0.66469,0.66486,1.00,1.00
2015.10.26 14:20:10.121,0.66468,0.66491,1.50,1.00
2015.10.26 14:20:10.172,0.6647,0.66491,1.00,1.00
2015.10.26 14:20:10.222,0.66468,0.66491,1.50,1.00
2015.10.26 14:20:10.808,0.66471,0.66495,1.00,1.00
2015.10.26 14:20:10.858,0.66471,0.66493,1.00,1.00
2015.10.26 14:20:10.959,0.66468,0.66492,1.00,1.00
2015.10.26 14:20:11.182,0.66467,0.6649,1.00,1.00
2015.10.26 14:20:11.746,0.66467,0.66489,1.00,1.00
2015.10.26 14:20:12.313,0.66467,0.66491,1.00,1.00
2015.10.26 14:20:13.052,0.66467,0.6649,1.50,1.00
2015.10.26 14:20:13.848,0.66467,0.66491,1.50,1.00
2015.10.26 14:20:13.999,0.66467,0.66493,1.50,1.00
2015.10.26 14:20:14.050,0.66469,0.66493,1.00,1.00
2015.10.26 14:20:14.283,0.66472,0.66498,1.50,1.00
2015.10.26 14:20:14.333,0.66475,0.66498,1.00,1.00
2015.10.26 14:20:14.708,0.66478,0.66501,1.00,1.00
2015.10.26 14:20:15.362,0.66477,0.66501,1.00,1.00
2015.10.26 14:20:16.009,0.66478,0.665,1.00,1.00
2015.10.26 14:20:16.194,0.66476,0.66501,1.00,1.50
2015.10.26 14:20:17.718,0.66477,0.66501,1.00,1.50
2015.10.26 14:20:18.255,0.66476,0.665,1.50,1.00
2015.10.26 14:20:18.928,0.66484,0.665,1.00,1.00
2015.10.26 14:20:18.978,0.66486,0.6651,1.00,1.00
2015.10.26 14:20:19.029,0.66484,0.6651,2.25,1.00
2015.10.26 14:20:19.079,0.66486,0.6651,1.00,1.00
2015.10.26 14:20:19.617,0.66486,0.66509,1.00,1.00
2015.10.26 14:20:20.587,0.66486,0.66507,1.00,1.00
2015.10.26 14:20:20.974,0.66484,0.66507,1.00,1.00
2015.10.26 14:20:21.025,0.66484,0.66505,1.00,1.00
2015.10.26 14:20:21.500,0.6648,0.66504,1.00,1.00
2015.10.26 14:20:21.696,0.6648,0.66501,1.00,1.00
2015.10.26 14:20:22.027,0.6648,0.66503,1.00,1.00
2015.10.26 14:20:23.126,0.6648,0.66502,1.00,1.00
2015.10.26 14:20:23.645,0.6648,0.66501,1.00,1.00
2015.10.26 14:20:23.746,0.66478,0.66501,1.00,1.00
2015.10.26 14:20:25.704,0.6648,0.66502,1.00,1.00
2015.10.26 14:20:25.844,0.6648,0.66504,1.50,1.00
2015.10.26 14:20:26.426,0.6648,0.66505,1.00,1.00
2015.10.26 14:20:28.963,0.66483,0.66505,1.00,1.00
2015.10.26 14:20:29.503,0.66484,0.66506,1.00,1.00
2015.10.26 14:20:30.458,0.66484,0.66505,1.00,1.00
2015.10.26 14:20:30.508,0.66482,0.66505,1.00,1.00
2015.10.26 14:20:31.054,0.66482,0.66506,1.00,1.50
2015.10.26 14:20:31.592,0.66481,0.66505,1.50,1.00
2015.10.26 14:20:34.425,0.66481,0.66504,1.00,1.00
2015.10.26 14:20:34.950,0.6648,0.66503,1.00,1.00
2015.10.26 14:20:35.460,0.66479,0.66502,1.00,1.00
2015.10.26 14:20:35.634,0.66477,0.665,1.00,1.00
2015.10.26 14:20:35.772,0.66475,0.665,1.00,1.00
2015.10.26 14:20:36.354,0.66475,0.66499,1.00,1.00
2015.10.26 14:20:37.625,0.66474,0.66499,1.00,1.00
2015.10.26 14:20:38.285,0.66474,0.66498,1.00,1.00
2015.10.26 14:20:40.257,0.66474,0.665,1.50,1.50
2015.10.26 14:20:40.408,0.66476,0.665,1.00,1.50
2015.10.26 14:20:40.892,0.66471,0.66496,1.50,1.00
2015.10.26 14:20:40.944,0.66473,0.66496,1.00,1.00
2015.10.26 14:20:41.474,0.66472,0.66495,1.00,1.00
2015.10.26 14:20:42.146,0.66472,0.66496,1.00,1.00
2015.10.26 14:20:42.484,0.66474,0.66496,1.00,1.00
2015.10.26 14:20:43.090,0.66475,0.66496,1.00,1.00
2015.10.26 14:20:44.182,0.66475,0.66495,1.50,1.00
2015.10.26 14:20:46.038,0.66475,0.665,1.50,1.00
2015.10.26 14:20:46.122,0.66478,0.665,1.00,1.00
2015.10.26 14:20:46.901,0.66478,0.66501,1.00,1.00
2015.10.26 14:20:46.951,0.66478,0.66503,1.50,1.00
2015.10.26 14:20:47.002,0.66479,0.66505,1.00,1.00
2015.10.26 14:20:47.392,0.66481,0.66505,1.00,1.00
2015.10.26 14:20:47.977,0.66482,0.66505,1.00,1.00
2015.10.26 14:20:48.390,0.66484,0.66506,1.50,1.00
2015.10.26 14:20:48.698,0.66478,0.66501,1.00,1.00
2015.10.26 14:20:48.749,0.6648,0.66501,1.00,1.00
2015.10.26 14:20:50.763,0.6648,0.665,1.00,1.00
2015.10.26 14:20:50.914,0.66482,0.66506,1.00,1.00
2015.10.26 14:20:51.418,0.66484,0.66506,1.00,1.00
2015.10.26 14:20:51.720,0.66488,0.66506,1.00,1.00
2015.10.26 14:20:52.023,0.66485,0.66506,1.00,1.00
2015.10.26 14:20:53.260,0.66484,0.66506,1.00,1.00
2015.10.26 14:20:53.311,0.66484,0.665,1.00,1.00
2015.10.26 14:20:53.405,0.66484,0.66506,1.00,1.00
2015.10.26 14:20:53.456,0.66481,0.66506,1.50,1.00
2015.10.26 14:20:53.514,0.66481,0.66501,1.50,1.00
2015.10.26 14:20:53.931,0.66481,0.66506,1.00,1.00
2015.10.26 14:20:54.086,0.66481,0.66501,1.00,1.00
2015.10.26 14:20:54.338,0.66479,0.66501,1.00,1.00
2015.10.26 14:20:54.503,0.66479,0.66496,1.00,1.00
2015.10.26 14:20:55.313,0.66479,0.665,1.00,1.00
2015.10.26 14:20:55.871,0.6648,0.665,1.50,1.00
2015.10.26 14:20:56.852,0.6648,0.66501,1.00,1.00
2015.10.26 14:20:56.902,0.66482,0.66501,1.00,1.00
2015.10.26 14:20:56.953,0.66482,0.66505,1.00,1.00
2015.10.26 14:20:57.120,0.6648,0.66505,1.00,1.50
2015.10.26 14:20:57.171,0.6648,0.66501,1.00,1.00
2015.10.26 14:20:58.243,0.6648,0.66504,1.50,1.00
2015.10.26 14:20:58.800,0.6648,0.665,1.00,1.00
2015.10.26 14:20:59.130,0.6648,0.66504,1.00,1.00
2015.10.26 14:20:59.545,0.66476,0.66495,1.00,1.00
2015.10.26 14:20:59.646,0.66474,0.66496,1.50,1.00
2015.10.26 14:20:59.947,0.66476,0.66496,1.00,1.00
2015.10.26 14:21:00.151,0.66474,0.66496,1.50,1.00
2015.10.26 14:21:01.259,0.66474,0.665,2.25,1.00
2015.10.26 14:21:01.309,0.66478,0.66501,1.00,1.00
2015.10.26 14:21:01.873,0.66479,0.66501,1.00,1.00
2015.10.26 14:21:02.543,0.66481,0.66501,1.00,1.00
2015.10.26 14:21:03.085,0.66481,0.66502,1.00,1.00
2015.10.26 14:21:03.136,0.66482,0.66506,1.00,1.50
2015.10.26 14:21:03.377,0.6648,0.66505,1.00,1.00
2015.10.26 14:21:05.210,0.6648,0.66503,1.00,1.00
2015.10.26 14:21:07.617,0.66479,0.66503,1.00,1.00
2015.10.26 14:21:08.164,0.66475,0.66494,1.00,1.00
2015.10.26 14:21:08.222,0.66472,0.66496,1.00,1.00
2015.10.26 14:21:08.415,0.66475,0.66499,1.00,1.00
2015.10.26 14:21:08.737,0.66475,0.66496,1.00,1.00
2015.10.26 14:21:08.902,0.66476,0.66499,1.00,1.00
2015.10.26 14:21:09.378,0.66476,0.66501,1.00,1.00
2015.10.26 14:21:09.982,0.66477,0.665,1.00,1.00
2015.10.26 14:21:11.095,0.66477,0.66501,1.00,1.00
2015.10.26 14:21:11.610,0.66477,0.665,1.00,1.00
2015.10.26 14:21:12.352,0.66477,0.66502,1.00,1.00
2015.10.26 14:21:12.864,0.66478,0.66501,1.00,1.00
2015.10.26 14:21:12.965,0.66479,0.66503,1.00,1.00
2015.10.26 14:21:13.470,0.66479,0.66504,1.00,1.00
2015.10.26 14:21:13.790,0.66482,0.66504,1.00,1.00
2015.10.26 14:21:13.942,0.66483,0.66509,1.50,1.00
2015.10.26 14:21:14.319,0.66485,0.66509,1.00,1.00
2015.10.26 14:21:14.862,0.66486,0.6651,1.00,1.00
2015.10.26 14:21:15.266,0.6648,0.66505,1.00,1.00
2015.10.26 14:21:15.342,0.6648,0.66503,1.00,1.00
2015.10.26 14:21:16.199,0.66478,0.66503,1.00,1.00
2015.10.26 14:21:16.351,0.66482,0.66504,1.00,1.00
2015.10.26 14:21:16.744,0.66479,0.66505,1.50,1.50
2015.10.26 14:21:16.947,0.66483,0.66505,1.00,1.50
2015.10.26 14:21:17.569,0.66483,0.66506,1.00,1.50
2015.10.26 14:21:18.430,0.66483,0.66509,1.50,1.00
2015.10.26 14:21:18.854,0.66485,0.66509,1.00,1.00
2015.10.26 14:21:19.201,0.66488,0.66511,1.00,1.00
2015.10.26 14:21:19.834,0.66489,0.6651,1.00,1.00
2015.10.26 14:21:20.370,0.66489,0.66511,1.00,1.00
2015.10.26 14:21:22.410,0.66493,0.66514,1.00,1.00
2015.10.26 14:21:22.714,0.66487,0.66505,1.00,1.00
2015.10.26 14:21:23.016,0.66487,0.66509,1.00,1.00
2015.10.26 14:21:23.598,0.66485,0.66506,1.00,1.00
2015.10.26 14:21:23.800,0.66485,0.66509,1.00,1.00
2015.10.26 14:21:23.901,0.66485,0.66505,1.50,1.00
2015.10.26 14:21:24.448,0.66485,0.66506,1.50,1.00
2015.10.26 14:21:24.985,0.6649,0.66511,1.00,1.00
2015.10.26 14:21:25.287,0.66488,0.6651,1.00,1.00
2015.10.26 14:21:25.581,0.66487,0.66507,1.00,1.00
2015.10.26 14:21:26.306,0.66488,0.6651,1.00,1.00
2015.10.26 14:21:27.005,0.6649,0.6651,1.00,1.00
2015.10.26 14:21:27.545,0.66488,0.66508,1.00,1.00
2015.10.26 14:21:27.596,0.66488,0.6651,1.00,1.00
2015.10.26 14:21:28.039,0.66486,0.6651,1.00,1.00
2015.10.26 14:21:28.641,0.66486,0.66509,1.00,1.00
2015.10.26 14:21:29.415,0.66483,0.66506,1.00,1.00
2015.10.26 14:21:29.634,0.6648,0.66504,1.00,1.00
2015.10.26 14:21:29.785,0.66476,0.66499,1.00,1.00
2015.10.26 14:21:30.013,0.66471,0.66496,1.00,1.50
2015.10.26 14:21:30.064,0.66474,0.66496,1.00,1.50
2015.10.26 14:21:30.635,0.66475,0.66496,1.00,1.50
2015.10.26 14:21:30.960,0.66474,0.66493,1.00,1.00
2015.10.26 14:21:31.172,0.66471,0.66493,1.00,1.00
2015.10.26 14:21:31.223,0.6647,0.6649,1.00,1.00
2015.10.26 14:21:32.382,0.66468,0.66491,1.00,1.50
2015.10.26 14:21:32.534,0.66467,0.66486,1.00,1.00
2015.10.26 14:21:33.780,0.66471,0.66491,1.00,1.50
2015.10.26 14:21:34.074,0.66472,0.66495,1.00,1.00
2015.10.26 14:21:34.674,0.66473,0.66495,1.00,1.00
2015.10.26 14:21:35.359,0.66477,0.66501,1.50,1.50
2015.10.26 14:21:35.473,0.66477,0.66499,1.00,1.00
2015.10.26 14:21:35.824,0.6648,0.66501,1.00,1.50
2015.10.26 14:21:36.465,0.66478,0.665,1.00,1.00
2015.10.26 14:21:36.617,0.66479,0.66496,1.00,1.00
2015.10.26 14:21:36.818,0.66482,0.66505,1.00,1.00
2015.10.26 14:21:36.969,0.66484,0.66505,1.00,1.00
2015.10.26 14:21:37.071,0.66482,0.66506,1.00,1.50
2015.10.26 14:21:37.904,0.6648,0.665,1.00,1.00
2015.10.26 14:21:38.485,0.6648,0.66501,1.00,1.00
2015.10.26 14:21:39.142,0.66476,0.665,1.50,1.00
2015.10.26 14:21:39.545,0.66477,0.66498,1.00,1.00
2015.10.26 14:21:40.223,0.66476,0.66498,1.00,1.00
2015.10.26 14:21:40.544,0.66476,0.665,1.50,1.00
2015.10.26 14:21:42.072,0.66476,0.66501,1.50,1.00
2015.10.26 14:21:43.749,0.66477,0.66501,1.00,1.00
2015.10.26 14:21:43.850,0.66479,0.66501,1.00,1.00
2015.10.26 14:21:43.900,0.66479,0.66505,1.00,1.00
2015.10.26 14:21:44.162,0.66479,0.66503,1.00,1.00
2015.10.26 14:21:45.274,0.66478,0.66503,1.00,1.00
2015.10.26 14:21:47.358,0.66479,0.66503,1.00,1.00
2015.10.26 14:21:47.461,0.66486,0.66511,1.00,1.00
2015.10.26 14:21:47.512,0.66488,0.66512,1.00,1.00
2015.10.26 14:21:49.117,0.66484,0.66508,1.50,1.00
2015.10.26 14:21:50.476,0.66487,0.66508,1.00,1.00
2015.10.26 14:21:50.577,0.66487,0.66511,1.00,1.00
2015.10.26 14:21:51.320,0.6649,0.66511,1.00,1.00
2015.10.26 14:21:51.761,0.66493,0.66511,1.00,1.00
2015.10.26 14:21:51.814,0.66494,0.66518,1.50,1.00
2015.10.26 14:21:52.324,0.66495,0.66518,1.00,1.00
2015.10.26 14:21:52.586,0.66495,0.66516,1.00,1.00
2015.10.26 14:21:53.100,0.66495,0.66518,1.00,1.00
2015.10.26 14:21:55.053,0.66495,0.6652,1.00,1.00
2015.10.26 14:21:56.135,0.66494,0.6652,1.50,1.50
2015.10.26 14:21:59.560,0.66498,0.6652,1.00,1.00
2015.10.26 14:22:00.362,0.66498,0.66521,1.00,1.00
2015.10.26 14:22:01.071,0.66498,0.6652,1.00,1.00
2015.10.26 14:22:01.122,0.66498,0.66524,1.00,1.00
2015.10.26 14:22:01.222,0.665,0.66526,1.00,1.50
2015.10.26 14:22:01.532,0.66503,0.66526,1.00,1.00
2015.10.26 14:22:01.810,0.66504,0.6653,1.00,1.50
2015.10.26 14:22:01.911,0.66507,0.66531,1.00,1.00
2015.10.26 14:22:02.350,0.66512,0.66531,1.00,1.00
2015.10.26 14:22:02.451,0.66509,0.66531,1.00,1.00
2015.10.26 14:22:02.673,0.66511,0.6653,1.00,1.00
2015.10.26 14:22:02.774,0.66511,0.66535,1.00,1.00
2015.10.26 14:22:02.875,0.66514,0.66536,1.00,1.00
2015.10.26 14:22:03.586,0.66512,0.66536,1.00,1.00
2015.10.26 14:22:04.125,0.66511,0.66536,1.00,1.00
2015.10.26 14:22:04.234,0.6651,0.66531,1.00,1.00
2015.10.26 14:22:05.137,0.66509,0.66531,1.00,1.00
2015.10.26 14:22:05.188,0.66505,0.6653,1.50,1.00
2015.10.26 14:22:05.633,0.66505,0.66525,1.00,1.00
2015.10.26 14:22:05.743,0.66505,0.6653,1.00,1.00
2015.10.26 14:22:06.432,0.66505,0.66529,1.00,1.00
2015.10.26 14:22:06.962,0.66505,0.66531,1.50,1.50
2015.10.26 14:22:07.013,0.66507,0.66531,1.00,1.50
2015.10.26 14:22:07.315,0.66511,0.66535,1.00,1.00
2015.10.26 14:22:07.829,0.6651,0.66531,1.00,1.00
2015.10.26 14:22:07.980,0.66506,0.66529,1.00,1.00
2015.10.26 14:22:08.082,0.66506,0.66526,1.00,1.00
2015.10.26 14:22:08.182,0.66506,0.6653,1.00,1.00
2015.10.26 14:22:08.233,0.66508,0.6653,1.00,1.00
2015.10.26 14:22:09.070,0.66507,0.66529,1.00,1.00
2015.10.26 14:22:09.999,0.66509,0.66529,1.00,1.00
2015.10.26 14:22:10.953,0.66509,0.66526,1.00,1.00
2015.10.26 14:22:11.154,0.66506,0.66526,1.00,1.00
2015.10.26 14:22:11.660,0.66506,0.66525,1.00,1.00
2015.10.26 14:22:12.233,0.66506,0.66526,1.00,1.00
2015.10.26 14:22:12.356,0.66501,0.66526,1.50,1.00
2015.10.26 14:22:12.407,0.66507,0.66526,1.00,1.00
2015.10.26 14:22:12.713,0.66505,0.6652,1.00,1.00
2015.10.26 14:22:12.914,0.66504,0.66523,1.00,1.00
2015.10.26 14:22:13.297,0.66504,0.66521,1.00,1.00
2015.10.26 14:22:13.625,0.6651,0.66521,1.00,1.00
2015.10.26 14:22:13.826,0.66508,0.66521,1.00,1.00
2015.10.26 14:22:15.064,0.66501,0.66516,1.00,1.50
2015.10.26 14:22:15.266,0.66498,0.66516,1.00,1.50
2015.10.26 14:22:15.317,0.665,0.66516,1.00,1.50
2015.10.26 14:22:15.417,0.66497,0.66516,1.00,1.00
2015.10.26 14:22:16.011,0.66497,0.66519,1.00,1.00
2015.10.26 14:22:16.061,0.665,0.66519,1.00,1.00
2015.10.26 14:22:16.112,0.665,0.66521,1.00,1.00
2015.10.26 14:22:16.213,0.66502,0.66521,1.00,1.50
2015.10.26 14:22:16.614,0.66502,0.66523,1.00,1.00
2015.10.26 14:22:17.158,0.66503,0.66524,1.00,1.00
2015.10.26 14:22:17.223,0.66503,0.6652,1.00,1.00
2015.10.26 14:22:17.749,0.66505,0.66521,1.00,1.00
2015.10.26 14:22:18.298,0.66506,0.66521,1.00,1.00
2015.10.26 14:22:18.914,0.66506,0.66524,1.00,1.00
2015.10.26 14:22:19.015,0.66506,0.66526,1.00,1.00
2015.10.26 14:22:19.435,0.66515,0.66531,1.00,1.50
2015.10.26 14:22:19.643,0.66516,0.66536,1.00,1.00
2015.10.26 14:22:20.146,0.66516,0.66534,1.00,1.00
2015.10.26 14:22:20.624,0.66516,0.66531,1.00,1.00
2015.10.26 14:22:20.675,0.66512,0.66531,1.00,1.00
2015.10.26 14:22:20.791,0.66514,0.66531,1.00,1.00
2015.10.26 14:22:21.560,0.66515,0.66531,1.00,1.00
2015.10.26 14:22:21.974,0.66511,0.66526,1.00,1.00
2015.10.26 14:22:22.289,0.66511,0.66531,1.00,1.00
2015.10.26 14:22:22.503,0.66511,0.66526,1.00,1.00
2015.10.26 14:22:23.207,0.66511,0.66525,1.00,1.00
2015.10.26 14:22:23.506,0.66513,0.66531,1.00,1.00
2015.10.26 14:22:24.007,0.66514,0.66531,1.00,1.00
2015.10.26 14:22:24.544,0.66514,0.6653,1.00,1.00
2015.10.26 14:22:24.644,0.66519,0.66536,1.00,1.00
2015.10.26 14:22:25.060,0.66519,0.66531,1.00,1.00
2015.10.26 14:22:25.211,0.66516,0.6653,1.00,1.00
2015.10.26 14:22:26.297,0.66515,0.66534,1.00,1.00
2015.10.26 14:22:27.559,0.66515,0.66535,1.00,1.00
2015.10.26 14:22:29.238,0.66512,0.66535,1.00,1.00
2015.10.26 14:22:29.339,0.66512,0.6653,1.00,1.00
2015.10.26 14:22:30.547,0.66516,0.66535,1.00,1.00
2015.10.26 14:22:30.876,0.66518,0.66536,1.00,1.00
2015.10.26 14:22:31.078,0.66516,0.66535,1.00,1.00
2015.10.26 14:22:31.983,0.66516,0.66536,1.00,1.00
2015.10.26 14:22:32.580,0.66517,0.66536,1.00,1.00
2015.10.26 14:22:34.075,0.66517,0.66535,1.00,1.00
2015.10.26 14:22:34.782,0.66517,0.66539,1.00,1.00
2015.10.26 14:22:35.119,0.6652,0.66539,1.00,1.00
2015.10.26 14:22:35.270,0.6652,0.66541,1.00,1.50
2015.10.26 14:22:35.320,0.6652,0.66539,1.00,1.00
2015.10.26 14:22:36.482,0.66516,0.66526,1.00,1.50
2015.10.26 14:22:36.537,0.66505,0.66526,1.00,1.50
2015.10.26 14:22:36.729,0.66504,0.66524,1.00,1.00
2015.10.26 14:22:36.799,0.66502,0.66524,1.00,1.00
2015.10.26 14:22:36.950,0.66501,0.66522,1.00,1.00
2015.10.26 14:22:37.050,0.66499,0.66521,1.00,1.00
2015.10.26 14:22:37.736,0.66502,0.66522,1.00,1.00
2015.10.26 14:22:39.001,0.66502,0.66521,1.00,1.00
2015.10.26 14:22:40.287,0.66502,0.66522,1.00,1.00
2015.10.26 14:22:40.605,0.665,0.66521,1.00,1.50
2015.10.26 14:22:40.670,0.665,0.66519,1.00,1.00
2015.10.26 14:22:40.721,0.66497,0.66519,1.00,1.00
2015.10.26 14:22:41.608,0.66499,0.66519,1.00,1.00
2015.10.26 14:22:42.231,0.66499,0.6652,1.00,1.00
2015.10.26 14:22:44.521,0.66499,0.66521,1.00,1.50
2015.10.26 14:22:45.017,0.66502,0.66522,1.00,1.00
2015.10.26 14:22:46.007,0.66502,0.66523,1.00,1.00
2015.10.26 14:22:46.322,0.66504,0.66523,1.00,1.00
2015.10.26 14:22:46.873,0.66504,0.66524,1.00,1.00
2015.10.26 14:22:47.935,0.66504,0.66523,1.00,1.00
2015.10.26 14:22:48.579,0.66503,0.66523,1.00,1.00
2015.10.26 14:22:49.680,0.66503,0.66521,1.00,1.00
2015.10.26 14:22:50.146,0.66505,0.66525,1.00,1.00
2015.10.26 14:22:50.197,0.66503,0.66525,1.00,1.00
2015.10.26 14:22:50.779,0.66503,0.66524,1.00,1.00
2015.10.26 14:22:51.092,0.66501,0.66524,1.00,1.00
2015.10.26 14:22:51.193,0.66499,0.66524,1.00,1.00
2015.10.26 14:22:51.244,0.66499,0.6652,1.00,1.00
2015.10.26 14:22:52.295,0.66496,0.6652,1.00,1.00
2015.10.26 14:22:52.421,0.66496,0.66516,1.00,1.00
2015.10.26 14:22:52.642,0.66495,0.66518,1.00,1.00
2015.10.26 14:22:53.080,0.66493,0.66515,1.00,1.50
2015.10.26 14:22:53.137,0.66493,0.66517,1.00,1.00
2015.10.26 14:22:53.188,0.66495,0.66517,1.00,1.00
2015.10.26 14:22:53.614,0.66495,0.66515,1.00,1.00
2015.10.26 14:22:55.169,0.66492,0.66515,1.00,1.50
2015.10.26 14:22:56.105,0.66489,0.66515,1.00,1.00
2015.10.26 14:22:56.155,0.66489,0.66513,1.00,1.35
2015.10.26 14:22:56.457,0.66485,0.66507,1.00,1.00
2015.10.26 14:22:57.090,0.6649,0.66508,1.00,1.00
2015.10.26 14:22:57.191,0.66493,0.66514,1.00,1.00
2015.10.26 14:22:57.411,0.66493,0.66516,1.00,1.00
2015.10.26 14:22:57.462,0.66497,0.66516,1.00,1.00
2015.10.26 14:22:57.613,0.66497,0.66519,1.00,1.00
2015.10.26 14:22:57.663,0.665,0.66519,1.00,1.00
2015.10.26 14:22:58.597,0.66507,0.66528,1.00,1.00
2015.10.26 14:22:58.816,0.66506,0.66525,1.00,1.00
2015.10.26 14:22:59.022,0.66506,0.66527,1.00,1.00
2015.10.26 14:22:59.123,0.66508,0.66528,1.00,1.00
2015.10.26 14:22:59.821,0.66508,0.66526,1.00,1.00
2015.10.26 14:22:59.922,0.66505,0.66526,1.00,1.00
2015.10.26 14:23:00.172,0.66505,0.66529,1.00,1.00
2015.10.26 14:23:00.231,0.66505,0.66526,1.00,1.00
2015.10.26 14:23:00.788,0.66506,0.66525,1.00,1.00
2015.10.26 14:23:01.090,0.66508,0.66526,1.00,1.00
2015.10.26 14:23:01.241,0.66509,0.66531,1.00,1.00
2015.10.26 14:23:01.292,0.66511,0.66531,1.00,1.00
2015.10.26 14:23:01.929,0.66513,0.66531,1.00,1.00
2015.10.26 14:23:01.980,0.66513,0.66536,1.00,1.35
2015.10.26 14:23:02.590,0.66513,0.66535,1.00,1.00
2015.10.26 14:23:03.438,0.66513,0.66536,1.00,1.35
2015.10.26 14:23:03.844,0.66511,0.66536,1.00,2.10
2015.10.26 14:23:04.280,0.66511,0.66531,1.50,1.00
2015.10.26 14:23:04.795,0.6651,0.66535,1.00,1.50
2015.10.26 14:23:04.898,0.66512,0.66534,1.00,1.00
2015.10.26 14:23:05.449,0.66512,0.66535,1.00,1.00
2015.10.26 14:23:06.011,0.66512,0.6653,1.00,1.00
2015.10.26 14:23:06.062,0.6651,0.6653,1.00,1.00
2015.10.26 14:23:06.170,0.6651,0.66535,1.00,1.00
2015.10.26 14:23:06.499,0.6651,0.66531,1.00,1.00
2015.10.26 14:23:06.611,0.6651,0.66535,1.00,1.50
2015.10.26 14:23:07.748,0.66512,0.66531,1.00,1.00
2015.10.26 14:23:08.160,0.66511,0.66535,1.00,1.00
2015.10.26 14:23:09.034,0.66513,0.66536,1.50,1.00
2015.10.26 14:23:09.403,0.66514,0.66539,1.00,1.00
2015.10.26 14:23:09.454,0.66516,0.66539,1.00,1.00
2015.10.26 14:23:09.778,0.66518,0.6654,1.00,1.00
2015.10.26 14:23:10.375,0.66518,0.66541,1.00,1.00
2015.10.26 14:23:10.889,0.66521,0.6654,1.00,1.00
2015.10.26 14:23:11.141,0.66525,0.66546,1.00,1.00
2015.10.26 14:23:11.661,0.66526,0.66546,1.00,1.00
2015.10.26 14:23:12.376,0.66526,0.66545,1.00,1.00
2015.10.26 14:23:13.054,0.66526,0.66546,1.00,1.00
2015.10.26 14:23:13.562,0.66526,0.66545,1.00,1.00
2015.10.26 14:23:14.253,0.66526,0.66546,1.00,1.50
2015.10.26 14:23:14.931,0.66527,0.66546,1.00,1.00
2015.10.26 14:23:15.283,0.66525,0.66546,1.00,1.00
2015.10.26 14:23:17.152,0.66524,0.66546,1.50,1.00
2015.10.26 14:23:17.203,0.66524,0.66543,1.00,1.00
2015.10.26 14:23:17.540,0.66524,0.66546,1.00,1.50
2015.10.26 14:23:18.131,0.66525,0.66546,1.00,1.50
2015.10.26 14:23:22.342,0.66525,0.66545,1.00,1.00
2015.10.26 14:23:22.765,0.66521,0.66546,1.50,1.00
2015.10.26 14:23:22.816,0.66521,0.66542,1.00,1.00
2015.10.26 14:23:23.437,0.6652,0.66542,1.00,1.00
2015.10.26 14:23:23.778,0.66524,0.66541,1.00,1.00
2015.10.26 14:23:23.829,0.66522,0.66541,1.00,1.00
2015.10.26 14:23:24.903,0.66522,0.6654,1.00,1.00
2015.10.26 14:23:26.459,0.66522,0.66541,1.00,1.50
2015.10.26 14:23:27.077,0.66522,0.6654,1.00,1.00
2015.10.26 14:23:27.177,0.6652,0.6654,1.00,1.00
2015.10.26 14:23:27.327,0.6652,0.66537,1.00,1.00
2015.10.26 14:23:27.845,0.6652,0.66538,1.00,1.00
2015.10.26 14:23:28.299,0.6652,0.6654,1.00,1.50
2015.10.26 14:23:31.939,0.66522,0.6654,1.00,1.00
2015.10.26 14:23:32.574,0.66523,0.6654,1.00,1.00
2015.10.26 14:23:34.601,0.66523,0.66544,1.00,1.00
2015.10.26 14:23:36.404,0.66525,0.66544,1.00,1.00
2015.10.26 14:23:38.455,0.66525,0.66545,1.00,1.00
2015.10.26 14:23:39.118,0.66527,0.66545,1.00,1.00
2015.10.26 14:23:41.491,0.66529,0.66545,1.00,1.50
2015.10.26 14:23:42.115,0.66529,0.66544,1.00,1.00
2015.10.26 14:23:42.657,0.66524,0.66544,1.00,1.00
2015.10.26 14:23:43.160,0.66523,0.66542,1.00,1.00
2015.10.26 14:23:44.097,0.66524,0.66542,1.00,1.00
2015.10.26 14:23:44.264,0.66524,0.66545,1.00,1.50
2015.10.26 14:23:44.780,0.66525,0.66545,1.00,1.00
2015.10.26 14:23:45.250,0.66528,0.66544,1.00,1.00
2015.10.26 14:23:45.576,0.66525,0.66543,1.00,1.00
2015.10.26 14:23:45.677,0.66519,0.66543,1.00,1.00
2015.10.26 14:23:45.728,0.66519,0.66539,1.00,1.00
2015.10.26 14:23:46.407,0.66521,0.66539,1.00,1.00
2015.10.26 14:23:46.458,0.66517,0.66538,1.00,1.00
2015.10.26 14:23:47.330,0.66517,0.6654,1.50,1.00
2015.10.26 14:23:47.920,0.66523,0.66545,1.00,1.00
2015.10.26 14:23:48.369,0.66521,0.66545,1.00,1.00
2015.10.26 14:23:48.419,0.66521,0.66541,1.00,1.00
2015.10.26 14:23:48.520,0.66519,0.66541,1.00,1.50
2015.10.26 14:23:48.679,0.66516,0.66541,1.50,1.50
2015.10.26 14:23:49.731,0.66516,0.6654,1.50,1.00
2015.10.26 14:23:49.882,0.66516,0.66536,1.00,1.00
2015.10.26 14:23:50.440,0.66517,0.66536,1.00,1.00
2015.10.26 14:23:50.590,0.66515,0.66536,1.00,1.00
2015.10.26 14:23:51.041,0.66513,0.66536,1.00,1.00
2015.10.26 14:23:52.808,0.66513,0.66535,1.00,1.00
2015.10.26 14:23:53.331,0.66514,0.66535,1.00,1.00
2015.10.26 14:23:53.482,0.66514,0.6653,1.00,1.00
2015.10.26 14:23:53.734,0.66513,0.66534,1.00,1.00
2015.10.26 14:23:53.835,0.66514,0.66536,1.00,1.00
2015.10.26 14:23:53.936,0.66516,0.66538,1.00,1.00
2015.10.26 14:23:54.444,0.66518,0.66538,1.00,1.00
2015.10.26 14:23:54.708,0.66519,0.66541,1.00,1.00
2015.10.26 14:23:54.758,0.66521,0.66541,1.00,1.00
2015.10.26 14:23:54.859,0.66523,0.66544,1.00,1.00
2015.10.26 14:23:54.910,0.66525,0.66544,1.00,1.00
2015.10.26 14:23:54.960,0.66525,0.66546,1.00,1.00
2015.10.26 14:23:55.061,0.66527,0.66545,1.00,1.00
2015.10.26 14:23:55.762,0.66529,0.66551,1.00,1.00
2015.10.26 14:23:56.220,0.66527,0.66551,1.00,1.00
2015.10.26 14:23:56.270,0.66529,0.66551,1.00,1.00
2015.10.26 14:23:56.482,0.66525,0.66551,1.00,1.00
2015.10.26 14:23:56.964,0.66525,0.66546,1.00,1.00
2015.10.26 14:23:57.115,0.66526,0.6655,1.00,1.00
2015.10.26 14:23:57.320,0.66526,0.66545,1.00,1.00
2015.10.26 14:23:57.432,0.66526,0.66551,1.00,1.00
2015.10.26 14:23:57.749,0.66529,0.6655,1.00,1.00
2015.10.26 14:23:58.375,0.66529,0.66551,1.00,1.00
2015.10.26 14:23:59.214,0.66528,0.6655,1.00,1.00
2015.10.26 14:23:59.764,0.66526,0.66546,1.00,1.50
2015.10.26 14:23:59.916,0.66523,0.66545,1.00,1.00
2015.10.26 14:24:00.117,0.66521,0.66545,1.00,1.00
2015.10.26 14:24:00.168,0.66519,0.66545,1.50,1.00
2015.10.26 14:24:00.319,0.66519,0.6654,1.50,1.00
2015.10.26 14:24:00.420,0.66516,0.6654,1.00,1.00
2015.10.26 14:24:00.621,0.66514,0.6654,1.00,1.00
2015.10.26 14:24:00.672,0.66512,0.66536,1.00,1.50
2015.10.26 14:24:01.087,0.6651,0.66534,1.00,1.00
2015.10.26 14:24:01.220,0.66507,0.66532,1.00,1.00
2015.10.26 14:24:01.423,0.66506,0.6653,1.00,1.00
2015.10.26 14:24:02.871,0.66504,0.66526,1.00,1.00
2015.10.26 14:24:02.931,0.66498,0.66524,1.00,1.00
2015.10.26 14:24:02.982,0.665,0.66525,1.00,1.00
2015.10.26 14:24:03.639,0.66499,0.66525,1.00,1.50
2015.10.26 14:24:04.249,0.66496,0.66521,1.50,1.00
2015.10.26 14:24:04.569,0.66498,0.66521,1.00,1.00
2015.10.26 14:24:05.933,0.66498,0.66523,1.00,1.00
2015.10.26 14:24:06.743,0.66498,0.66522,1.00,1.00
2015.10.26 14:24:07.598,0.66499,0.66523,1.00,1.00
2015.10.26 14:24:08.158,0.66497,0.66524,1.00,1.00
2015.10.26 14:24:09.591,0.66497,0.66521,1.00,1.00
2015.10.26 14:24:10.345,0.66495,0.66519,1.00,1.00
2015.10.26 14:24:10.952,0.66497,0.66521,1.00,1.00
2015.10.26 14:24:11.007,0.66495,0.66521,1.00,1.00
2015.10.26 14:24:11.331,0.66497,0.66521,1.00,1.50
2015.10.26 14:24:11.648,0.66495,0.66521,1.50,1.50
2015.10.26 14:24:12.173,0.66496,0.66522,1.00,1.00
2015.10.26 14:24:12.940,0.66496,0.66521,1.00,1.00
2015.10.26 14:24:13.868,0.66495,0.66515,1.00,1.00
2015.10.26 14:24:13.931,0.66495,0.66521,1.00,1.50
2015.10.26 14:24:14.188,0.66493,0.66519,1.50,1.00
2015.10.26 14:24:14.814,0.66493,0.66517,1.00,1.00
2015.10.26 14:24:15.239,0.66495,0.66519,1.00,1.00
2015.10.26 14:24:15.491,0.66493,0.66519,1.00,1.00
2015.10.26 14:24:15.861,0.66491,0.66516,1.00,1.50
2015.10.26 14:24:16.461,0.66492,0.66518,1.00,1.00
2015.10.26 14:24:16.881,0.6649,0.66516,1.50,1.00
2015.10.26 14:24:17.214,0.66495,0.66521,1.00,1.00
2015.10.26 14:24:18.131,0.66494,0.66513,1.00,1.00
2015.10.26 14:24:18.182,0.66487,0.66513,1.00,1.00
2015.10.26 14:24:18.383,0.66489,0.66515,1.00,1.00
2015.10.26 14:24:19.009,0.66488,0.66512,1.00,1.00
2015.10.26 14:24:19.425,0.6649,0.66514,1.00,1.00
2015.10.26 14:24:19.476,0.66487,0.66513,1.00,1.00
2015.10.26 14:24:19.891,0.66484,0.66504,1.00,1.00
2015.10.26 14:24:19.943,0.6648,0.66504,1.00,1.00
2015.10.26 14:24:20.241,0.66476,0.66502,1.00,1.00
2015.10.26 14:24:20.361,0.66475,0.66498,1.00,1.00
2015.10.26 14:24:20.835,0.66475,0.66495,1.00,1.00
2015.10.26 14:24:21.353,0.66475,0.66498,1.00,1.00
2015.10.26 14:24:21.404,0.66477,0.66498,1.00,1.00
2015.10.26 14:24:22.134,0.66476,0.665,1.50,1.50
2015.10.26 14:24:22.289,0.66476,0.66495,1.00,1.00
2015.10.26 14:24:22.534,0.66475,0.66501,1.50,2.10
2015.10.26 14:24:22.670,0.66475,0.66498,1.00,1.00
2015.10.26 14:24:22.880,0.66475,0.665,1.00,1.50
2015.10.26 14:24:23.427,0.66477,0.66501,1.00,1.00
2015.10.26 14:24:23.528,0.66479,0.66505,1.00,1.00
2015.10.26 14:24:24.067,0.66479,0.66504,1.00,1.00
2015.10.26 14:24:25.067,0.66478,0.66504,1.50,1.00
2015.10.26 14:24:25.408,0.66476,0.66499,1.00,1.00
2015.10.26 14:24:25.821,0.66474,0.66499,1.00,1.00
2015.10.26 14:24:26.317,0.66473,0.66496,1.00,1.00
2015.10.26 14:24:26.518,0.66472,0.66498,1.00,1.00
2015.10.26 14:24:26.619,0.66471,0.66495,1.00,1.00
2015.10.26 14:24:28.220,0.66472,0.66495,1.00,1.00
2015.10.26 14:24:28.371,0.66474,0.66499,1.00,1.00
2015.10.26 14:24:28.472,0.66476,0.66502,1.00,1.00
2015.10.26 14:24:28.861,0.66479,0.66505,1.00,1.00
2015.10.26 14:24:29.169,0.66477,0.66503,1.50,1.00
2015.10.26 14:24:29.513,0.66477,0.66501,1.50,1.00
2015.10.26 14:24:30.035,0.66479,0.66503,1.00,1.00
2015.10.26 14:24:30.349,0.66477,0.66501,1.00,1.50
2015.10.26 14:24:33.120,0.66478,0.66501,1.00,1.00
2015.10.26 14:24:33.328,0.66478,0.66504,1.50,1.00
2015.10.26 14:24:33.832,0.66478,0.66503,1.00,1.00
2015.10.26 14:24:34.939,0.66478,0.665,1.00,1.00
2015.10.26 14:24:35.099,0.66475,0.66499,1.00,1.00
2015.10.26 14:24:36.155,0.66478,0.66501,1.00,1.00
2015.10.26 14:24:36.369,0.66478,0.66504,1.00,1.00
2015.10.26 14:24:36.850,0.6648,0.66506,1.00,1.50
2015.10.26 14:24:37.536,0.66483,0.66506,1.00,1.00
2015.10.26 14:24:37.844,0.66485,0.66505,1.00,1.00
2015.10.26 14:24:38.161,0.66487,0.66511,1.00,1.00
2015.10.26 14:24:38.910,0.66487,0.66513,1.00,1.00
2015.10.26 14:24:39.118,0.66487,0.6651,1.00,1.00
2015.10.26 14:24:39.987,0.66486,0.66511,1.00,1.00
2015.10.26 14:24:40.317,0.66489,0.66511,1.00,1.00
2015.10.26 14:24:40.829,0.66488,0.66511,1.00,1.00
2015.10.26 14:24:41.364,0.66488,0.6651,1.00,1.00
2015.10.26 14:24:41.889,0.66489,0.66511,1.00,1.00
2015.10.26 14:24:45.281,0.66489,0.6651,1.00,1.00
2015.10.26 14:24:45.916,0.66489,0.66511,1.00,1.00
2015.10.26 14:24:46.489,0.6649,0.6651,1.00,1.00
2015.10.26 14:24:47.740,0.6649,0.66511,1.00,1.00
2015.10.26 14:24:47.791,0.66488,0.66511,1.50,1.00
2015.10.26 14:24:48.308,0.66489,0.66511,1.00,1.00
2015.10.26 14:24:49.460,0.66489,0.66516,1.00,1.60
2015.10.26 14:24:49.590,0.66489,0.66511,1.00,1.00
2015.10.26 14:24:49.792,0.6649,0.66515,1.50,1.00
2015.10.26 14:24:49.842,0.66492,0.66515,1.00,1.00
2015.10.26 14:24:50.423,0.66496,0.66515,1.00,1.00
2015.10.26 14:24:50.797,0.66496,0.66511,1.00,1.00
2015.10.26 14:24:51.017,0.66493,0.66511,1.50,1.00
2015.10.26 14:24:51.800,0.66492,0.6651,1.00,1.00
2015.10.26 14:24:51.901,0.66489,0.6651,1.50,1.00
2015.10.26 14:24:52.448,0.66489,0.66511,1.00,1.00
2015.10.26 14:24:52.499,0.66491,0.66511,1.00,1.00
2015.10.26 14:24:53.639,0.66491,0.6651,1.00,1.00
2015.10.26 14:24:53.768,0.66489,0.6651,1.50,1.00
2015.10.26 14:24:54.380,0.66489,0.66511,1.00,1.00
2015.10.26 14:24:55.029,0.66488,0.6651,1.00,1.00
2015.10.26 14:24:57.353,0.66488,0.66511,1.50,1.00
2015.10.26 14:24:59.507,0.66488,0.6651,1.50,1.00
2015.10.26 14:25:00.349,0.66488,0.66511,1.50,1.00
2015.10.26 14:25:00.822,0.66488,0.66505,1.00,1.00
2015.10.26 14:25:00.872,0.66483,0.66505,1.00,1.00
2015.10.26 14:25:01.169,0.66481,0.66506,1.00,1.00
2015.10.26 14:25:01.492,0.66486,0.66506,1.00,1.00
2015.10.26 14:25:02.002,0.66494,0.66521,1.00,1.60
2015.10.26 14:25:02.053,0.66494,0.66521,1.50,1.00
2015.10.26 14:25:02.154,0.66498,0.66521,1.00,1.00
2015.10.26 14:25:02.340,0.66499,0.66526,1.50,1.00
2015.10.26 14:25:02.390,0.66501,0.66526,1.00,1.00
2015.10.26 14:25:02.592,0.66505,0.66531,1.00,1.00
2015.10.26 14:25:03.168,0.66507,0.66531,1.00,1.00
2015.10.26 14:25:03.449,0.66505,0.66531,1.00,1.00
2015.10.26 14:25:04.510,0.66506,0.66531,1.00,1.00
2015.10.26 14:25:05.156,0.66506,0.6653,1.00,1.00
2015.10.26 14:25:05.459,0.66509,0.6653,1.00,1.00
2015.10.26 14:25:06.176,0.6651,0.66531,1.00,1.00
2015.10.26 14:25:06.881,0.66509,0.66531,1.00,1.00
2015.10.26 14:25:07.959,0.6651,0.66531,1.00,1.00
2015.10.26 14:25:08.221,0.66508,0.66531,1.00,1.00
2015.10.26 14:25:08.530,0.66508,0.66536,1.00,1.00
2015.10.26 14:25:09.089,0.66508,0.66531,1.00,1.00
2015.10.26 14:25:09.190,0.66508,0.66536,1.00,1.00
2015.10.26 14:25:09.291,0.6651,0.66535,1.00,1.00
2015.10.26 14:25:09.499,0.66508,0.66536,1.00,1.00
2015.10.26 14:25:10.739,0.66508,0.66531,1.00,1.00
2015.10.26 14:25:11.070,0.66512,0.66536,1.00,1.00
2015.10.26 14:25:11.171,0.66516,0.66535,1.00,1.00
2015.10.26 14:25:11.474,0.66517,0.6654,1.00,1.00
2015.10.26 14:25:12.449,0.66517,0.66541,1.00,1.00
2015.10.26 14:25:14.121,0.66518,0.6654,1.00,1.00
2015.10.26 14:25:14.870,0.66518,0.66541,1.00,1.00
2015.10.26 14:25:15.941,0.6652,0.66541,1.00,1.00
2015.10.26 14:25:16.732,0.66519,0.66541,1.00,1.00
2015.10.26 14:25:17.352,0.66512,0.66531,1.00,1.00
2015.10.26 14:25:18.310,0.66512,0.6653,1.00,1.00
2015.10.26 14:25:18.715,0.66509,0.66525,1.00,1.00
2015.10.26 14:25:18.768,0.66506,0.66526,1.00,1.00
2015.10.26 14:25:20.111,0.66503,0.6652,1.00,1.00
2015.10.26 14:25:20.633,0.66502,0.6652,1.00,1.00
2015.10.26 14:25:21.862,0.66502,0.66521,1.00,1.00
2015.10.26 14:25:22.026,0.66502,0.66525,1.00,1.00
2015.10.26 14:25:22.259,0.66499,0.66525,1.00,1.00
2015.10.26 14:25:23.065,0.66498,0.66521,1.00,1.00
2015.10.26 14:25:23.340,0.66498,0.66525,1.00,1.00
2015.10.26 14:25:23.780,0.66498,0.66521,1.00,1.00
2015.10.26 14:25:24.408,0.66498,0.66525,1.00,1.50
2015.10.26 14:25:25.132,0.66497,0.66526,1.50,1.50
2015.10.26 14:25:25.752,0.66498,0.66526,1.00,1.00
2015.10.26 14:25:25.805,0.66498,0.6652,1.00,1.00
2015.10.26 14:25:26.139,0.665,0.6652,1.00,1.00
2015.10.26 14:25:26.240,0.66498,0.66521,1.00,1.00
2015.10.26 14:25:26.341,0.66493,0.66521,1.50,1.00
2015.10.26 14:25:26.457,0.66495,0.66525,1.00,1.00
2015.10.26 14:25:26.931,0.66498,0.66526,1.00,1.00
2015.10.26 14:25:27.450,0.66498,0.66525,1.00,1.50
2015.10.26 14:25:27.793,0.665,0.66521,1.00,1.00
2015.10.26 14:25:27.850,0.665,0.66525,1.00,1.00
2015.10.26 14:25:28.433,0.66497,0.66525,1.50,1.00
2015.10.26 14:25:30.050,0.66497,0.66521,1.50,1.00
2015.10.26 14:25:30.269,0.66497,0.66526,1.50,1.50
2015.10.26 14:25:31.436,0.66497,0.66525,1.00,1.00
2015.10.26 14:25:31.604,0.66502,0.66525,1.00,1.00
2015.10.26 14:25:31.655,0.66502,0.66528,1.00,1.00
2015.10.26 14:25:31.755,0.66505,0.6653,1.00,1.00
2015.10.26 14:25:32.790,0.66505,0.66531,1.00,1.00
2015.10.26 14:25:32.840,0.66508,0.66535,1.00,1.50
2015.10.26 14:25:32.958,0.66506,0.66535,1.00,1.50
2015.10.26 14:25:34.361,0.66508,0.66535,1.00,1.50
2015.10.26 14:25:35.707,0.66509,0.66535,1.00,1.00
2015.10.26 14:25:35.759,0.66514,0.66541,1.00,1.00
2015.10.26 14:25:36.255,0.66517,0.66541,1.00,1.00
2015.10.26 14:25:36.954,0.66517,0.66544,1.00,1.00
2015.10.26 14:25:37.005,0.66513,0.66541,1.00,1.00
2015.10.26 14:25:37.106,0.66513,0.66536,1.00,1.00
2015.10.26 14:25:37.156,0.66511,0.66536,1.00,1.00
2015.10.26 14:25:37.207,0.66509,0.66536,1.00,1.00
2015.10.26 14:25:37.995,0.6651,0.66536,1.00,1.00
2015.10.26 14:25:38.503,0.66506,0.66533,1.00,1.00
2015.10.26 14:25:38.778,0.66505,0.66527,1.00,1.00
2015.10.26 14:25:39.345,0.66506,0.6653,1.00,1.00
2015.10.26 14:25:40.081,0.66505,0.66529,1.00,1.00
2015.10.26 14:25:40.680,0.66503,0.66529,1.50,1.00
2015.10.26 14:25:41.986,0.66508,0.66532,1.00,1.00
2015.10.26 14:25:42.489,0.66507,0.66531,1.00,1.00
2015.10.26 14:25:42.651,0.66507,0.66533,1.00,1.00
2015.10.26 14:25:44.069,0.66509,0.66533,1.00,1.00
2015.10.26 14:25:45.471,0.66508,0.6653,1.00,1.00
2015.10.26 14:25:46.163,0.66504,0.66531,1.00,1.00
2015.10.26 14:25:46.265,0.66506,0.66531,1.00,1.00
2015.10.26 14:25:46.570,0.66509,0.66534,1.00,1.00
2015.10.26 14:25:46.905,0.66509,0.6653,1.00,1.00
2015.10.26 14:25:47.695,0.66509,0.66532,1.00,1.00
2015.10.26 14:25:47.907,0.66509,0.66534,1.00,1.00
2015.10.26 14:25:49.125,0.66509,0.66533,1.00,1.00
2015.10.26 14:25:49.226,0.66509,0.66531,1.00,1.00
2015.10.26 14:25:49.377,0.66507,0.66531,1.00,1.00
2015.10.26 14:25:49.478,0.66507,0.66528,1.00,1.00
2015.10.26 14:25:50.113,0.66509,0.66528,1.00,1.00
2015.10.26 14:25:51.637,0.66508,0.66528,1.00,1.00
2015.10.26 14:25:51.940,0.66505,0.66528,1.00,1.00
2015.10.26 14:25:52.041,0.66503,0.66528,1.00,1.00
2015.10.26 14:25:52.091,0.66503,0.66525,1.00,1.00
2015.10.26 14:25:52.615,0.665,0.66524,1.00,1.00
2015.10.26 14:25:54.151,0.66501,0.66525,1.00,1.00
2015.10.26 14:25:54.403,0.665,0.6652,1.00,1.00
2015.10.26 14:25:55.222,0.665,0.66519,1.00,1.00
2015.10.26 14:25:55.478,0.665,0.66524,1.00,1.00
2015.10.26 14:25:56.435,0.66498,0.66518,1.00,1.00
2015.10.26 14:25:56.485,0.66498,0.6652,1.00,1.00
2015.10.26 14:25:56.935,0.665,0.6652,1.00,1.00
2015.10.26 14:25:57.036,0.665,0.66522,1.00,1.00
2015.10.26 14:25:57.086,0.66502,0.66522,1.00,1.00
2015.10.26 14:25:57.556,0.66506,0.66526,1.00,1.00
2015.10.26 14:25:58.004,0.66508,0.66528,1.00,1.00
2015.10.26 14:25:58.728,0.66508,0.66527,1.00,1.00
2015.10.26 14:26:00.339,0.66508,0.66528,1.00,1.00
2015.10.26 14:26:00.758,0.66509,0.66525,1.00,1.00
2015.10.26 14:26:01.214,0.66505,0.66523,1.00,1.00
2015.10.26 14:26:01.369,0.66503,0.66524,1.00,1.00
2015.10.26 14:26:01.419,0.66503,0.66522,1.00,1.00
2015.10.26 14:26:01.952,0.66502,0.66522,1.00,1.00
2015.10.26 14:26:04.269,0.66501,0.66522,1.00,1.00
2015.10.26 14:26:05.450,0.66499,0.6652,1.00,1.00
2015.10.26 14:26:06.123,0.66498,0.6652,1.00,1.00
2015.10.26 14:26:06.776,0.66498,0.66519,1.00,1.00
2015.10.26 14:26:11.107,0.66501,0.66519,1.00,1.00
2015.10.26 14:26:11.603,0.66497,0.66516,1.00,1.00
2015.10.26 14:26:11.777,0.66497,0.66519,1.00,1.00
2015.10.26 14:26:11.878,0.66497,0.66517,1.00,1.00
2015.10.26 14:26:12.379,0.66496,0.66517,1.00,1.00
2015.10.26 14:26:13.207,0.66498,0.66517,1.00,1.00
2015.10.26 14:26:13.308,0.66498,0.6652,1.00,1.00
2015.10.26 14:26:13.459,0.66502,0.6652,1.00,1.00
2015.10.26 14:26:14.334,0.66502,0.66522,1.00,1.00
2015.10.26 14:26:14.435,0.66505,0.66522,1.00,1.00
2015.10.26 14:26:14.983,0.66505,0.66523,1.00,1.00
2015.10.26 14:26:15.843,0.66508,0.66525,1.00,1.00
2015.10.26 14:26:16.718,0.66508,0.66527,1.00,1.00
2015.10.26 14:26:17.241,0.6651,0.66528,1.00,1.00
2015.10.26 14:26:17.291,0.66508,0.66528,1.00,1.00
2015.10.26 14:26:17.392,0.66508,0.66525,1.00,1.00
2015.10.26 14:26:17.443,0.66505,0.66525,1.00,1.00
2015.10.26 14:26:17.600,0.66503,0.66523,1.00,1.00
2015.10.26 14:26:17.903,0.66503,0.66519,1.00,1.00
2015.10.26 14:26:18.402,0.665,0.66523,1.00,1.00
2015.10.26 14:26:18.947,0.66501,0.66522,1.00,1.00
2015.10.26 14:26:18.998,0.66503,0.66522,1.00,1.00
2015.10.26 14:26:19.048,0.66503,0.66525,1.00,1.50
2015.10.26 14:26:19.740,0.66503,0.66524,1.00,1.00
2015.10.26 14:26:20.350,0.66503,0.66526,1.00,1.00
2015.10.26 14:26:21.036,0.66506,0.66528,1.00,1.00
2015.10.26 14:26:21.216,0.66506,0.6653,1.00,1.00
2015.10.26 14:26:21.904,0.66506,0.66528,1.00,1.00
2015.10.26 14:26:22.004,0.66504,0.66528,1.00,1.00
2015.10.26 14:26:22.445,0.66502,0.66528,1.00,1.00
2015.10.26 14:26:22.508,0.66502,0.66526,1.00,1.00
2015.10.26 14:26:22.669,0.66502,0.66529,1.00,1.00
2015.10.26 14:26:22.720,0.66504,0.66529,1.00,1.00
2015.10.26 14:26:23.060,0.66505,0.66526,1.00,1.00
2015.10.26 14:26:23.575,0.66502,0.66525,1.00,1.00
2015.10.26 14:26:24.933,0.66505,0.66527,1.00,1.00
2015.10.26 14:26:25.238,0.66503,0.66525,1.00,1.00
2015.10.26 14:26:25.288,0.66504,0.66528,1.50,1.00
2015.10.26 14:26:25.339,0.66506,0.66528,1.00,1.00
2015.10.26 14:26:26.791,0.66505,0.66531,1.00,1.00
2015.10.26 14:26:27.172,0.66505,0.66529,1.00,1.00
2015.10.26 14:26:27.970,0.66505,0.6653,1.00,1.00
2015.10.26 14:26:28.820,0.66505,0.66526,1.00,1.00
2015.10.26 14:26:29.367,0.66505,0.66525,1.00,1.00
2015.10.26 14:26:29.418,0.66502,0.66525,1.00,1.00
2015.10.26 14:26:29.697,0.66505,0.66525,1.00,1.00
2015.10.26 14:26:30.139,0.66505,0.66529,1.00,1.00
2015.10.26 14:26:30.681,0.66505,0.6653,1.00,1.00
2015.10.26 14:26:31.000,0.66507,0.6653,1.00,1.00
2015.10.26 14:26:31.385,0.66507,0.66528,1.00,1.00
2015.10.26 14:26:31.888,0.66505,0.66528,1.00,1.00
2015.10.26 14:26:33.741,0.66506,0.66528,1.00,1.00
2015.10.26 14:26:33.949,0.66504,0.66528,1.50,1.00
2015.10.26 14:26:34.050,0.66506,0.66528,1.00,1.00
2015.10.26 14:26:34.606,0.66508,0.66528,1.00,1.00
2015.10.26 14:26:34.656,0.66508,0.66531,1.00,1.00
2015.10.26 14:26:34.757,0.66506,0.66531,1.00,1.00
2015.10.26 14:26:34.858,0.66506,0.66528,1.00,1.00
2015.10.26 14:26:35.048,0.66504,0.66528,1.00,1.00
2015.10.26 14:26:35.951,0.66505,0.66528,1.00,1.00
2015.10.26 14:26:36.002,0.66505,0.6653,1.00,1.00
2015.10.26 14:26:36.053,0.66507,0.6653,1.00,1.00
2015.10.26 14:26:36.354,0.66509,0.66531,1.00,1.00
2015.10.26 14:26:37.686,0.6651,0.66531,1.00,1.00
2015.10.26 14:26:37.990,0.66505,0.66528,1.00,1.00
2015.10.26 14:26:38.091,0.66503,0.66526,1.00,1.00
2015.10.26 14:26:38.671,0.665,0.66521,1.00,1.00
2015.10.26 14:26:38.722,0.66502,0.66526,1.00,1.00
2015.10.26 14:26:38.923,0.6651,0.66526,1.00,1.00
2015.10.26 14:26:38.974,0.66512,0.66532,1.00,1.00
2015.10.26 14:26:39.701,0.66512,0.66533,1.00,1.00
2015.10.26 14:26:40.211,0.66513,0.66534,1.00,1.00
2015.10.26 14:26:40.262,0.66513,0.66536,1.00,1.00
2015.10.26 14:26:40.363,0.66516,0.66536,1.00,1.00
2015.10.26 14:26:40.514,0.66517,0.66538,1.00,1.00
2015.10.26 14:26:40.944,0.66512,0.66534,1.00,1.00
2015.10.26 14:26:41.068,0.66513,0.66537,1.00,1.00
2015.10.26 14:26:41.270,0.66511,0.66535,1.00,1.00
2015.10.26 14:26:41.522,0.665,0.66526,1.00,1.00
2015.10.26 14:26:42.000,0.66503,0.66529,1.00,1.00
2015.10.26 14:26:42.534,0.66504,0.66529,1.00,1.00
2015.10.26 14:26:43.203,0.66504,0.66528,1.50,1.00
2015.10.26 14:26:43.818,0.66504,0.66529,1.00,1.00
2015.10.26 14:26:44.713,0.66509,0.66535,1.00,1.00
2015.10.26 14:26:45.128,0.66511,0.66535,1.00,1.00
2015.10.26 14:26:45.443,0.66513,0.66538,1.00,1.00
2015.10.26 14:26:45.850,0.66515,0.66542,1.00,1.00
2015.10.26 14:26:45.900,0.66517,0.66542,1.00,1.00
2015.10.26 14:26:46.001,0.66518,0.66544,1.00,1.00
2015.10.26 14:26:46.547,0.66518,0.66545,1.00,1.50
2015.10.26 14:26:47.069,0.66518,0.66544,1.50,1.00
2015.10.26 14:26:47.651,0.66519,0.66545,1.00,1.00
2015.10.26 14:26:48.651,0.66519,0.66544,1.00,1.00
2015.10.26 14:26:48.715,0.66511,0.66535,1.00,1.00
2015.10.26 14:26:49.256,0.66512,0.66536,1.00,1.00
2015.10.26 14:26:49.407,0.6651,0.66535,2.25,1.00
2015.10.26 14:26:49.819,0.6651,0.66537,2.25,1.00
2015.10.26 14:26:50.326,0.66511,0.66538,1.00,1.00
2015.10.26 14:26:50.377,0.6651,0.66535,1.50,1.00
2015.10.26 14:26:51.617,0.6651,0.66536,2.25,1.00
2015.10.26 14:26:52.438,0.66511,0.66537,1.00,1.00
2015.10.26 14:26:53.801,0.66514,0.66538,1.00,1.00
2015.10.26 14:26:53.853,0.66512,0.66538,1.00,1.00
2015.10.26 14:26:54.347,0.66515,0.66538,1.00,1.00
2015.10.26 14:26:54.448,0.66515,0.6654,1.00,1.00
2015.10.26 14:26:55.224,0.66515,0.66539,1.00,1.00
2015.10.26 14:26:55.749,0.66511,0.66538,1.50,1.00
2015.10.26 14:26:56.026,0.66514,0.66538,1.00,1.00
2015.10.26 14:26:56.607,0.66514,0.66537,1.00,1.00
2015.10.26 14:26:57.076,0.66514,0.66539,1.00,1.00
2015.10.26 14:26:58.072,0.66514,0.6654,1.50,1.00
2015.10.26 14:26:58.631,0.66515,0.6654,1.00,1.00
2015.10.26 14:26:59.932,0.66514,0.6654,2.25,1.00
2015.10.26 14:27:00.707,0.66516,0.66541,1.00,1.00
2015.10.26 14:27:01.326,0.66517,0.66541,1.00,1.00
2015.10.26 14:27:01.377,0.66518,0.66543,1.00,1.00
2015.10.26 14:27:01.893,0.66517,0.66543,1.00,1.00
2015.10.26 14:27:02.144,0.66515,0.66538,1.00,1.00
2015.10.26 14:27:02.775,0.6651,0.66534,1.00,1.00
2015.10.26 14:27:02.826,0.66508,0.66533,1.00,1.00
2015.10.26 14:27:03.144,0.66509,0.66535,1.00,1.00
2015.10.26 14:27:03.348,0.66508,0.66533,1.00,1.00
2015.10.26 14:27:05.721,0.66509,0.66533,1.00,1.00
2015.10.26 14:27:06.096,0.66509,0.66535,1.50,1.00
2015.10.26 14:27:11.911,0.6651,0.66537,1.00,1.00
2015.10.26 14:27:13.302,0.66511,0.66535,1.00,1.00
2015.10.26 14:27:14.619,0.6651,0.66536,1.00,1.00
2015.10.26 14:27:14.933,0.66509,0.66534,1.00,1.00
2015.10.26 14:27:15.607,0.66511,0.66537,1.00,1.00
2015.10.26 14:27:16.123,0.66512,0.66538,1.00,1.00
2015.10.26 14:27:17.027,0.66515,0.6654,1.00,1.00
2015.10.26 14:27:17.630,0.66514,0.66538,1.00,1.00
2015.10.26 14:27:17.781,0.66509,0.66535,2.25,1.00
2015.10.26 14:27:17.891,0.66509,0.66533,1.50,1.00
2015.10.26 14:27:17.992,0.66509,0.66535,1.00,1.00
2015.10.26 14:27:18.348,0.66509,0.66533,1.00,1.00
2015.10.26 14:27:18.929,0.66508,0.66533,1.00,1.00
2015.10.26 14:27:19.055,0.66506,0.66533,1.50,1.00
2015.10.26 14:27:19.736,0.66508,0.66532,1.00,1.00
2015.10.26 14:27:20.817,0.66507,0.66532,1.00,1.00
2015.10.26 14:27:21.217,0.6651,0.66532,1.00,1.00
2015.10.26 14:27:21.327,0.66507,0.66532,1.00,1.00
2015.10.26 14:27:21.875,0.66509,0.66532,1.00,1.00
2015.10.26 14:27:22.476,0.66509,0.66533,1.50,1.00
2015.10.26 14:27:22.840,0.66509,0.66535,1.00,1.00
2015.10.26 14:27:22.941,0.66509,0.66533,1.00,1.00
2015.10.26 14:27:23.192,0.66506,0.66533,1.00,1.00
2015.10.26 14:27:23.648,0.66508,0.66533,1.00,1.00
2015.10.26 14:27:23.959,0.66506,0.6653,1.00,1.00
2015.10.26 14:27:24.136,0.66507,0.66533,1.00,1.00
2015.10.26 14:27:24.950,0.66508,0.66532,1.00,1.00
2015.10.26 14:27:28.786,0.66505,0.66532,1.00,1.00
2015.10.26 14:27:28.887,0.66507,0.66532,1.00,1.00
2015.10.26 14:27:29.542,0.66509,0.66532,1.00,1.00
2015.10.26 14:27:30.076,0.66508,0.66532,1.00,1.00
2015.10.26 14:27:30.307,0.6651,0.66535,1.00,1.00
2015.10.26 14:27:30.516,0.6651,0.66533,1.00,1.00
2015.10.26 14:27:34.317,0.6651,0.66534,1.00,1.00
2015.10.26 14:27:37.701,0.6651,0.66533,1.00,1.00
2015.10.26 14:27:37.751,0.66506,0.66533,1.50,1.00
2015.10.26 14:27:38.361,0.66507,0.66532,1.00,1.00
2015.10.26 14:27:39.092,0.66506,0.66531,1.00,1.00
2015.10.26 14:27:39.615,0.66506,0.6653,1.00,1.00
2015.10.26 14:27:39.666,0.66506,0.66528,1.00,1.00
2015.10.26 14:27:39.886,0.66504,0.66528,2.25,1.00
2015.10.26 14:27:39.987,0.66504,0.6653,2.25,1.00
2015.10.26 14:27:40.465,0.66505,0.66532,2.25,1.00
2015.10.26 14:27:40.767,0.66508,0.66532,1.00,1.00
2015.10.26 14:27:40.965,0.66506,0.66532,1.50,1.00
2015.10.26 14:27:42.383,0.66507,0.66533,1.00,1.00
2015.10.26 14:27:42.917,0.66507,0.66534,1.50,1.00
2015.10.26 14:27:43.868,0.66507,0.66531,1.50,1.00
2015.10.26 14:27:44.478,0.66507,0.66532,1.00,1.00
2015.10.26 14:27:46.145,0.66507,0.66531,1.50,1.00
2015.10.26 14:27:47.679,0.66507,0.66533,1.50,1.00
2015.10.26 14:27:50.304,0.66506,0.66533,1.00,1.00
2015.10.26 14:27:50.456,0.66505,0.66529,1.00,1.00
2015.10.26 14:27:50.690,0.66503,0.66529,1.00,1.00
2015.10.26 14:27:50.791,0.66506,0.6653,1.00,1.00
2015.10.26 14:27:51.642,0.66505,0.66531,1.50,1.00
2015.10.26 14:27:52.143,0.66506,0.66532,1.00,1.00
2015.10.26 14:27:54.065,0.66505,0.66531,1.50,1.00
2015.10.26 14:27:54.367,0.66507,0.66531,1.50,1.00
2015.10.26 14:27:54.808,0.66507,0.66533,1.50,1.00
2015.10.26 14:27:54.935,0.66508,0.66535,1.00,1.50
2015.10.26 14:27:58.157,0.6651,0.66535,1.00,1.00
2015.10.26 14:27:58.611,0.66508,0.66535,1.50,1.50
2015.10.26 14:27:59.940,0.66509,0.66535,1.00,1.00
2015.10.26 14:28:00.598,0.6651,0.66535,1.00,1.00
2015.10.26 14:28:01.141,0.66511,0.66535,1.00,1.00
2015.10.26 14:28:02.967,0.66511,0.66537,1.00,1.00
2015.10.26 14:28:04.243,0.66514,0.66537,1.00,1.00
2015.10.26 14:28:04.522,0.66514,0.66539,1.00,1.00
2015.10.26 14:28:04.673,0.66516,0.66539,1.00,1.00
2015.10.26 14:28:04.835,0.66516,0.66541,1.00,1.00
2015.10.26 14:28:05.460,0.66517,0.66541,1.00,1.00
2015.10.26 14:28:06.328,0.6652,0.66541,1.00,1.00
2015.10.26 14:28:06.808,0.66522,0.66546,1.00,1.00
2015.10.26 14:28:09.859,0.66524,0.66547,1.00,1.00
2015.10.26 14:28:10.188,0.66522,0.66546,1.00,1.00
2015.10.26 14:28:12.124,0.66524,0.66546,1.00,1.00
2015.10.26 14:28:12.896,0.66522,0.66546,1.00,1.00
2015.10.26 14:28:13.575,0.66524,0.66546,1.00,1.00
2015.10.26 14:28:13.635,0.66524,0.66549,1.00,1.00
2015.10.26 14:28:14.621,0.66525,0.66551,1.50,1.00
2015.10.26 14:28:19.360,0.66524,0.66548,1.50,1.00
2015.10.26 14:28:21.087,0.66525,0.66548,1.00,1.00
2015.10.26 14:28:21.389,0.66524,0.66546,1.00,1.00
2015.10.26 14:28:21.690,0.66525,0.66543,1.00,1.00
2015.10.26 14:28:21.791,0.66524,0.66547,1.50,1.00
2015.10.26 14:28:22.274,0.66524,0.6655,1.50,1.00
2015.10.26 14:28:22.544,0.66524,0.66547,1.00,1.00
2015.10.26 14:28:22.876,0.66526,0.6655,1.50,1.00
2015.10.26 14:28:23.431,0.66527,0.66554,1.00,1.00
2015.10.26 14:28:23.796,0.66528,0.66552,1.00,1.00
2015.10.26 14:28:24.125,0.66531,0.66556,1.00,1.00
2015.10.26 14:28:24.225,0.66533,0.66559,1.00,1.00
2015.10.26 14:28:25.183,0.66535,0.66562,1.50,1.00
2015.10.26 14:28:25.334,0.66536,0.6656,1.00,1.00
2015.10.26 14:28:25.535,0.66536,0.66563,1.00,1.00
2015.10.26 14:28:25.636,0.66541,0.66568,1.50,1.00
2015.10.26 14:28:25.938,0.66545,0.66569,1.00,1.00
2015.10.26 14:28:26.403,0.66545,0.66571,1.00,1.00
2015.10.26 14:28:26.635,0.66547,0.66573,1.00,1.00
2015.10.26 14:28:27.714,0.66546,0.66569,1.00,1.00
2015.10.26 14:28:28.124,0.66546,0.66568,1.00,2.10
2015.10.26 14:28:28.174,0.66542,0.66564,1.00,1.60
2015.10.26 14:28:28.225,0.66539,0.66564,1.50,1.60
2015.10.26 14:28:28.276,0.66534,0.66556,1.50,1.00
2015.10.26 14:28:28.428,0.66536,0.66556,1.00,1.00
2015.10.26 14:28:28.943,0.66538,0.66559,1.00,1.00
2015.10.26 14:28:29.500,0.66538,0.66561,1.00,1.00
2015.10.26 14:28:32.394,0.66538,0.6656,1.00,1.00
2015.10.26 14:28:32.608,0.66541,0.6656,1.00,1.00
2015.10.26 14:28:32.974,0.66541,0.66564,1.00,1.00
2015.10.26 14:28:33.075,0.66541,0.66562,1.00,1.00
2015.10.26 14:28:33.695,0.6654,0.66563,1.00,1.00
2015.10.26 14:28:34.234,0.66541,0.66563,1.00,1.00
2015.10.26 14:28:35.120,0.66539,0.66563,1.00,1.00
2015.10.26 14:28:35.734,0.66537,0.66563,1.00,1.00
2015.10.26 14:28:36.034,0.66539,0.66563,1.00,1.00
2015.10.26 14:28:37.026,0.6654,0.66563,1.00,1.00
2015.10.26 14:28:38.447,0.66541,0.66563,1.00,1.00
2015.10.26 14:28:39.040,0.6654,0.66563,1.00,1.00
2015.10.26 14:28:40.243,0.66538,0.66562,1.00,1.00
2015.10.26 14:28:40.344,0.66536,0.66562,1.00,1.00
2015.10.26 14:28:41.361,0.66536,0.66557,1.00,1.00
2015.10.26 14:28:41.462,0.66534,0.66557,1.00,1.00
2015.10.26 14:28:42.450,0.66534,0.66554,1.00,1.00
2015.10.26 14:28:42.500,0.6653,0.66554,1.50,1.00
2015.10.26 14:28:42.922,0.6653,0.66552,1.00,1.00
2015.10.26 14:28:43.251,0.66534,0.66552,1.00,1.00
2015.10.26 14:28:43.684,0.66529,0.66552,1.00,1.00
2015.10.26 14:28:43.734,0.66529,0.6655,1.00,1.00
2015.10.26 14:28:44.291,0.66523,0.66544,1.00,1.00
2015.10.26 14:28:44.342,0.66521,0.66544,1.00,1.00
2015.10.26 14:28:44.505,0.66521,0.66546,1.00,1.00
2015.10.26 14:28:45.075,0.66522,0.66545,1.00,1.00
2015.10.26 14:28:48.235,0.66519,0.66545,1.00,1.00
2015.10.26 14:28:48.453,0.6652,0.66538,1.00,1.00
2015.10.26 14:28:48.514,0.66518,0.66538,1.00,1.00
2015.10.26 14:28:48.893,0.6651,0.66538,1.60,1.00
2015.10.26 14:28:48.944,0.6651,0.66529,1.00,1.00
2015.10.26 14:28:49.274,0.6651,0.66526,1.00,1.00
2015.10.26 14:28:49.476,0.6651,0.66529,1.00,1.00
2015.10.26 14:28:49.778,0.66509,0.66526,1.00,1.00
2015.10.26 14:28:50.235,0.66507,0.66526,1.00,1.00
2015.10.26 14:28:50.896,0.66507,0.66527,1.00,1.00
2015.10.26 14:28:51.650,0.66505,0.66527,1.00,1.00
2015.10.26 14:28:53.313,0.66507,0.66527,1.00,1.00
2015.10.26 14:28:53.527,0.66508,0.6653,1.00,1.00
2015.10.26 14:28:53.879,0.66507,0.66527,1.00,1.00
2015.10.26 14:28:55.054,0.66506,0.66527,1.00,1.00
2015.10.26 14:28:55.631,0.66506,0.66528,1.00,1.00
2015.10.26 14:28:56.703,0.66506,0.66529,1.00,1.00
2015.10.26 14:28:57.254,0.66505,0.66529,1.00,1.00
2015.10.26 14:28:58.206,0.66505,0.66528,1.00,1.00
2015.10.26 14:28:58.522,0.66503,0.66525,1.00,1.00
2015.10.26 14:28:59.339,0.66503,0.66526,1.00,1.00
2015.10.26 14:28:59.862,0.66503,0.66525,1.00,1.00
2015.10.26 14:29:00.695,0.66506,0.66527,1.00,1.00
2015.10.26 14:29:01.654,0.66508,0.66527,1.00,1.00
2015.10.26 14:29:04.027,0.66518,0.66533,1.00,1.00
2015.10.26 14:29:04.083,0.66518,0.66537,1.00,1.00
2015.10.26 14:29:04.234,0.66519,0.66542,1.00,1.00
2015.10.26 14:29:04.398,0.66523,0.66542,1.00,1.00
2015.10.26 14:29:04.448,0.66525,0.66545,1.00,1.00
2015.10.26 14:29:04.727,0.66522,0.66545,1.00,1.00
2015.10.26 14:29:04.777,0.66525,0.66545,1.00,1.00
2015.10.26 14:29:05.280,0.66524,0.66546,1.00,1.00
2015.10.26 14:29:05.879,0.66524,0.66547,1.00,1.00
2015.10.26 14:29:06.585,0.66523,0.66546,1.00,1.00
2015.10.26 14:29:07.374,0.66523,0.66547,1.00,1.00
2015.10.26 14:29:08.583,0.66524,0.66548,1.00,1.00
2015.10.26 14:29:09.473,0.66521,0.66546,1.00,1.00
2015.10.26 14:29:10.079,0.66522,0.66546,1.00,1.00
2015.10.26 14:29:11.662,0.66521,0.66546,1.00,1.00
2015.10.26 14:29:13.784,0.66521,0.66545,1.00,1.00
2015.10.26 14:29:13.973,0.66521,0.66543,1.00,1.00
2015.10.26 14:29:14.948,0.6652,0.66543,1.00,1.00
2015.10.26 14:29:15.550,0.6652,0.66541,1.00,1.00
2015.10.26 14:29:16.057,0.66519,0.66541,1.00,1.00
2015.10.26 14:29:18.331,0.6652,0.66541,1.00,1.00
2015.10.26 14:29:18.583,0.66516,0.66539,1.00,1.00
2015.10.26 14:29:19.226,0.66517,0.66538,1.00,1.00
2015.10.26 14:29:20.403,0.66516,0.66538,1.00,1.00
2015.10.26 14:29:20.605,0.66516,0.6654,1.00,1.00
2015.10.26 14:29:31.424,0.66515,0.6654,1.50,1.00
2015.10.26 14:29:37.486,0.66517,0.66544,1.00,1.00
2015.10.26 14:29:40.962,0.66516,0.66543,1.50,1.00
2015.10.26 14:29:45.754,0.66518,0.66543,1.00,1.00
2015.10.26 14:29:46.861,0.66518,0.66545,1.00,1.00
2015.10.26 14:29:47.573,0.66519,0.66546,1.00,1.00
2015.10.26 14:29:48.402,0.66518,0.66544,1.00,1.00
2015.10.26 14:29:48.953,0.66518,0.66546,1.00,1.00
2015.10.26 14:29:49.003,0.6652,0.66546,1.00,1.00
2015.10.26 14:29:49.748,0.6652,0.66545,1.00,1.00
2015.10.26 14:29:49.798,0.66517,0.66545,1.00,1.00
2015.10.26 14:29:50.712,0.66523,0.66549,1.00,1.00
2015.10.26 14:29:55.154,0.66525,0.66549,1.00,1.00
2015.10.26 14:29:55.688,0.66525,0.66551,1.00,1.00
2015.10.26 14:29:57.222,0.66526,0.66552,1.00,1.00
2015.10.26 14:29:57.770,0.66527,0.66553,1.00,1.00
2015.10.26 14:29:57.862,0.66525,0.66551,1.00,1.00
2015.10.26 14:30:01.245,0.66527,0.66551,1.00,1.00
2015.10.26 14:30:01.579,0.66529,0.66553,1.00,1.00
2015.10.26 14:30:08.567,0.6653,0.66556,1.00,1.00
2015.10.26 14:30:08.970,0.66533,0.66559,1.00,1.00
2015.10.26 14:30:09.522,0.66529,0.66553,1.00,1.00
2015.10.26 14:30:09.572,0.6653,0.66556,1.00,1.00
2015.10.26 14:30:12.426,0.66529,0.66555,1.00,1.00
2015.10.26 14:30:14.325,0.6653,0.66555,1.00,1.00
2015.10.26 14:30:14.375,0.66533,0.66557,1.00,1.00
2015.10.26 14:30:15.284,0.66532,0.66558,1.00,1.00
2015.10.26 14:30:21.750,0.66534,0.6656,1.00,1.00
2015.10.26 14:30:22.052,0.66536,0.6656,1.00,1.00
2015.10.26 14:30:22.103,0.66537,0.66563,1.00,1.00
2015.10.26 14:30:22.873,0.66538,0.66562,1.00,1.00
2015.10.26 14:30:24.814,0.66539,0.66563,1.00,1.00
2015.10.26 14:30:25.144,0.66537,0.66563,1.00,1.00
2015.10.26 14:30:26.166,0.66539,0.66565,1.00,1.00
2015.10.26 14:30:26.771,0.66539,0.66564,1.00,1.00
2015.10.26 14:30:27.356,0.66538,0.66564,1.00,1.00
2015.10.26 14:30:27.465,0.66536,0.66563,1.00,1.00
2015.10.26 14:30:27.717,0.66535,0.66561,1.50,1.00
2015.10.26 14:30:28.065,0.66538,0.66562,1.00,1.00
2015.10.26 14:30:28.579,0.66535,0.66561,1.00,1.00
2015.10.26 14:30:29.119,0.66536,0.66562,1.00,1.00
2015.10.26 14:30:30.574,0.66538,0.66562,1.00,1.00
2015.10.26 14:30:30.864,0.66535,0.66561,1.00,1.00
2015.10.26 14:30:33.285,0.66534,0.6656,1.00,1.00
2015.10.26 14:30:33.835,0.66535,0.6656,1.00,1.00
2015.10.26 14:30:41.797,0.66534,0.6656,1.00,1.00
2015.10.26 14:30:43.507,0.66535,0.66561,1.00,1.00
2015.10.26 14:30:43.558,0.66536,0.66563,1.00,1.00
2015.10.26 14:30:43.974,0.6654,0.66564,1.00,1.00
2015.10.26 14:30:44.723,0.66541,0.66565,1.00,1.00
2015.10.26 14:30:48.265,0.66542,0.66566,1.00,1.00
2015.10.26 14:30:49.576,0.66542,0.66568,1.00,1.00
2015.10.26 14:30:50.165,0.66542,0.66565,1.00,1.00
2015.10.26 14:30:50.740,0.66541,0.66566,1.00,1.00
2015.10.26 14:30:51.070,0.66544,0.66565,1.00,1.00
2015.10.26 14:30:51.221,0.66541,0.66566,1.50,1.00
2015.10.26 14:30:51.324,0.66541,0.66561,1.50,1.00
2015.10.26 14:30:51.826,0.66541,0.6656,1.50,1.00
2015.10.26 14:30:52.322,0.66542,0.66565,1.00,1.00
2015.10.26 14:30:53.070,0.66542,0.66566,1.00,1.00
2015.10.26 14:30:54.358,0.66544,0.66566,1.00,1.00
2015.10.26 14:30:56.825,0.66544,0.66565,1.00,1.00
2015.10.26 14:30:58.365,0.66544,0.66566,1.00,1.00
2015.10.26 14:30:59.464,0.66546,0.66566,1.00,1.00
2015.10.26 14:30:59.900,0.66548,0.66566,1.00,1.00
2015.10.26 14:31:00.763,0.66547,0.66565,1.00,1.00
2015.10.26 14:31:01.409,0.66547,0.66566,1.00,1.00
2015.10.26 14:31:02.276,0.66545,0.66566,1.00,1.00
2015.10.26 14:31:02.477,0.66543,0.66566,1.00,1.00
2015.10.26 14:31:03.491,0.66543,0.66565,1.00,1.00
2015.10.26 14:31:04.105,0.66542,0.66565,1.00,1.00
2015.10.26 14:31:05.293,0.66542,0.66566,1.00,1.00
2015.10.26 14:31:07.603,0.66541,0.66566,1.00,1.00
2015.10.26 14:31:08.244,0.66541,0.66565,1.00,1.00
2015.10.26 14:31:08.966,0.66542,0.66561,1.00,1.00
2015.10.26 14:31:09.035,0.66542,0.66566,1.00,1.00
2015.10.26 14:31:09.630,0.66542,0.66565,1.00,1.00
2015.10.26 14:31:10.396,0.66542,0.66566,1.00,1.00
2015.10.26 14:31:10.496,0.66544,0.66566,1.00,1.00
2015.10.26 14:31:11.451,0.66544,0.66565,1.00,1.00
2015.10.26 14:31:12.004,0.66544,0.66566,1.00,1.00
2015.10.26 14:31:12.322,0.66544,0.66561,1.00,1.00
2015.10.26 14:31:12.824,0.66543,0.6656,1.00,1.00
2015.10.26 14:31:12.925,0.66541,0.66561,1.00,1.00
2015.10.26 14:31:13.027,0.66533,0.66555,1.00,1.00
2015.10.26 14:31:13.315,0.66535,0.66556,1.00,1.00
2015.10.26 14:31:13.858,0.66536,0.66556,1.00,1.00
2015.10.26 14:31:13.908,0.66536,0.66561,1.00,1.50
2015.10.26 14:31:14.316,0.66536,0.66555,1.00,1.00
2015.10.26 14:31:14.985,0.66536,0.66556,1.00,1.00
2015.10.26 14:31:15.196,0.66536,0.66561,1.00,1.50
2015.10.26 14:31:15.685,0.66534,0.66561,1.50,1.50
2015.10.26 14:31:15.854,0.66534,0.66555,1.50,1.00
2015.10.26 14:31:18.100,0.66534,0.66561,1.50,1.50
2015.10.26 14:31:18.152,0.66537,0.66561,1.00,1.00
2015.10.26 14:31:19.425,0.66537,0.6656,1.00,1.00
2015.10.26 14:31:20.034,0.66537,0.66561,1.00,1.50
2015.10.26 14:31:20.742,0.66535,0.66561,1.50,1.50
2015.10.26 14:31:22.576,0.66538,0.66562,1.00,1.00
2015.10.26 14:31:22.678,0.6654,0.66565,1.00,1.00
2015.10.26 14:31:22.802,0.6654,0.66561,1.00,1.00
2015.10.26 14:31:22.954,0.66538,0.66561,1.00,1.00
2015.10.26 14:31:23.648,0.66539,0.66565,1.00,1.00
2015.10.26 14:31:25.043,0.66538,0.66564,1.50,1.00
2015.10.26 14:31:25.660,0.66539,0.66563,1.00,1.00
2015.10.26 14:31:30.525,0.6654,0.66563,1.00,1.00
2015.10.26 14:31:30.926,0.66542,0.66561,1.00,1.00
2015.10.26 14:31:31.826,0.66542,0.66565,1.00,1.00
2015.10.26 14:31:32.335,0.6655,0.6657,1.00,1.00
2015.10.26 14:31:32.877,0.66549,0.6657,1.00,1.00
2015.10.26 14:31:33.946,0.66549,0.66566,1.50,1.00
2015.10.26 14:31:34.772,0.66548,0.66566,1.50,1.00
2015.10.26 14:31:36.134,0.66548,0.6657,1.50,1.00
2015.10.26 14:31:36.235,0.6655,0.6657,1.00,1.00
2015.10.26 14:31:37.303,0.6655,0.66565,1.00,1.00
2015.10.26 14:31:37.539,0.6655,0.6657,1.00,1.00
2015.10.26 14:31:38.060,0.66551,0.6657,1.00,1.00
2015.10.26 14:31:38.626,0.66551,0.66571,1.00,1.00
2015.10.26 14:31:41.750,0.66552,0.66571,1.00,1.00
2015.10.26 14:31:42.322,0.66554,0.66575,1.00,1.00
2015.10.26 14:31:42.603,0.66556,0.66575,1.00,1.00
2015.10.26 14:31:42.921,0.66556,0.66571,1.00,1.00
2015.10.26 14:31:43.133,0.66556,0.66576,1.00,1.00
2015.10.26 14:31:44.045,0.66556,0.66575,1.00,1.00
2015.10.26 14:31:44.564,0.66555,0.66575,1.00,1.00
2015.10.26 14:31:45.199,0.66555,0.66576,1.00,1.00
2015.10.26 14:31:45.249,0.66557,0.66576,1.00,1.00
2015.10.26 14:31:45.848,0.66556,0.66576,1.00,1.00
2015.10.26 14:31:46.535,0.66558,0.66576,1.50,1.00
2015.10.26 14:31:46.588,0.66562,0.66581,1.00,1.00
2015.10.26 14:31:46.654,0.66562,0.66586,1.00,1.50
2015.10.26 14:31:46.805,0.6656,0.66586,1.50,1.50
2015.10.26 14:31:46.906,0.6656,0.6658,1.50,1.00
2015.10.26 14:31:47.651,0.6656,0.66581,1.50,1.00
2015.10.26 14:31:48.304,0.6656,0.6658,1.50,1.00
2015.10.26 14:31:48.943,0.6656,0.66586,1.50,1.50
2015.10.26 14:31:49.874,0.6656,0.66585,1.50,1.00
2015.10.26 14:31:50.426,0.66559,0.66586,1.50,1.50
2015.10.26 14:31:50.961,0.6656,0.66586,1.00,1.50
2015.10.26 14:31:51.053,0.66562,0.66586,1.00,1.00
2015.10.26 14:31:53.254,0.6656,0.66586,1.50,1.50
2015.10.26 14:31:53.484,0.6656,0.6658,1.50,1.00
2015.10.26 14:31:53.804,0.66559,0.66577,1.00,1.00
2015.10.26 14:31:54.648,0.66551,0.66576,1.00,1.00
2015.10.26 14:31:56.022,0.6655,0.66575,1.50,1.00
2015.10.26 14:31:56.532,0.6655,0.66576,1.50,1.50
2015.10.26 14:31:57.262,0.66551,0.66576,1.00,1.00
2015.10.26 14:31:59.304,0.66551,0.66575,1.00,1.00
2015.10.26 14:32:00.732,0.66551,0.66571,1.00,1.00
2015.10.26 14:32:01.106,0.66551,0.66576,1.00,1.50
2015.10.26 14:32:03.420,0.66552,0.66578,1.00,1.00
2015.10.26 14:32:03.621,0.66552,0.66576,1.00,1.00
2015.10.26 14:32:03.966,0.66553,0.66579,1.00,1.00
2015.10.26 14:32:04.991,0.66555,0.66581,1.00,1.50
2015.10.26 14:32:05.812,0.66556,0.6658,1.00,1.00
2015.10.26 14:32:06.393,0.66556,0.66581,1.00,1.00
2015.10.26 14:32:08.240,0.66557,0.66581,1.00,1.50
2015.10.26 14:32:11.088,0.66557,0.6658,1.00,1.00
2015.10.26 14:32:12.672,0.66557,0.66581,1.00,1.50
2015.10.26 14:32:12.873,0.66554,0.66579,1.00,1.00
2015.10.26 14:32:13.074,0.66554,0.66576,1.00,1.00
2015.10.26 14:32:13.945,0.66558,0.66575,1.00,1.00
2015.10.26 14:32:14.046,0.66556,0.66575,1.00,1.00
2015.10.26 14:32:14.374,0.66556,0.6658,1.00,1.00
2015.10.26 14:32:14.593,0.66556,0.66576,1.50,1.00
2015.10.26 14:32:16.049,0.66558,0.66576,1.00,1.00
2015.10.26 14:32:16.573,0.66553,0.66576,1.00,1.00
2015.10.26 14:32:17.006,0.6655,0.66571,1.00,1.00
2015.10.26 14:32:17.516,0.6655,0.6657,1.00,1.00
2015.10.26 14:32:17.782,0.66548,0.6657,1.50,1.00
2015.10.26 14:32:18.306,0.66548,0.66571,1.50,1.00
2015.10.26 14:32:20.827,0.66549,0.66575,1.00,1.00
2015.10.26 14:32:21.608,0.66551,0.66576,1.00,1.00
2015.10.26 14:32:22.186,0.6655,0.66576,1.00,1.50
2015.10.26 14:32:23.107,0.6655,0.66575,1.00,1.00
2015.10.26 14:32:25.373,0.6655,0.66571,1.00,1.00
2015.10.26 14:32:26.518,0.66548,0.66571,1.00,1.00
2015.10.26 14:32:26.692,0.66545,0.66571,1.50,1.50
2015.10.26 14:32:27.768,0.66548,0.66571,1.00,1.00
2015.10.26 14:32:27.920,0.6654,0.66566,1.50,1.00
2015.10.26 14:32:28.021,0.66543,0.66566,1.00,1.00
2015.10.26 14:32:28.172,0.66543,0.66568,1.00,1.00
2015.10.26 14:32:29.017,0.66545,0.66569,1.00,1.00
2015.10.26 14:32:29.269,0.66546,0.66571,1.00,1.00
2015.10.26 14:32:29.484,0.66548,0.66571,1.00,1.00
2015.10.26 14:32:30.906,0.66548,0.66572,1.00,1.00
2015.10.26 14:32:31.577,0.66547,0.66573,1.00,1.00
2015.10.26 14:32:32.632,0.66547,0.66571,1.00,1.00
2015.10.26 14:32:33.134,0.66549,0.66575,1.00,1.00
2015.10.26 14:32:33.662,0.6655,0.66574,1.00,1.00
2015.10.26 14:32:33.731,0.6655,0.66576,1.00,1.50
2015.10.26 14:32:35.519,0.66549,0.66571,1.00,1.00
2015.10.26 14:32:35.961,0.66547,0.66571,1.00,1.00
2015.10.26 14:32:36.569,0.66547,0.6657,1.00,1.00
2015.10.26 14:32:37.963,0.66549,0.66571,1.00,1.00
2015.10.26 14:32:39.927,0.66549,0.6657,1.00,1.00
2015.10.26 14:32:41.431,0.6655,0.6657,1.00,1.00
2015.10.26 14:32:41.977,0.6655,0.66571,1.00,1.00
2015.10.26 14:32:42.751,0.6655,0.6657,1.00,1.00
2015.10.26 14:32:44.623,0.6655,0.66571,1.00,1.00
2015.10.26 14:32:45.597,0.66551,0.6657,1.00,1.00
2015.10.26 14:32:47.009,0.6655,0.66571,1.00,1.00
2015.10.26 14:32:50.295,0.66549,0.66571,1.00,1.00
2015.10.26 14:32:52.663,0.66549,0.6657,1.00,1.00
2015.10.26 14:32:53.281,0.6655,0.6657,1.00,1.00
2015.10.26 14:32:53.662,0.66551,0.66566,1.00,1.00
2015.10.26 14:32:53.763,0.66551,0.66571,1.00,1.00
2015.10.26 14:32:53.884,0.66549,0.66571,1.00,1.00
2015.10.26 14:32:56.072,0.66549,0.6657,1.00,1.00
2015.10.26 14:32:56.673,0.6655,0.6657,1.00,1.00
2015.10.26 14:32:58.196,0.6655,0.66571,1.00,1.00
2015.10.26 14:32:59.400,0.66551,0.6657,1.00,1.00
2015.10.26 14:33:01.030,0.66553,0.6657,1.00,1.00
2015.10.26 14:33:01.393,0.66555,0.66571,1.00,1.00
2015.10.26 14:33:04.628,0.66552,0.66571,1.00,1.00
2015.10.26 14:33:05.565,0.6655,0.6657,1.00,1.00
2015.10.26 14:33:06.112,0.6655,0.66571,1.00,1.00
2015.10.26 14:33:07.392,0.6655,0.6657,1.00,1.00
2015.10.26 14:33:07.613,0.6655,0.66565,1.00,1.00
2015.10.26 14:33:08.473,0.6655,0.66566,1.00,1.00
2015.10.26 14:33:09.903,0.6655,0.66571,1.00,1.00
2015.10.26 14:33:10.851,0.66551,0.6657,1.00,1.00
2015.10.26 14:33:11.367,0.66551,0.66571,1.00,1.00
2015.10.26 14:33:11.569,0.6655,0.66566,1.00,1.00
2015.10.26 14:33:11.619,0.66547,0.66566,1.00,1.00
2015.10.26 14:33:12.045,0.66547,0.6656,1.00,1.00
2015.10.26 14:33:12.096,0.6654,0.6656,1.00,1.00
2015.10.26 14:33:12.641,0.6654,0.66561,1.00,1.00
2015.10.26 14:33:13.396,0.6654,0.6656,1.00,1.00
2015.10.26 14:33:14.006,0.66541,0.6656,1.00,1.00
2015.10.26 14:33:14.546,0.6654,0.66561,1.00,1.00
2015.10.26 14:33:15.975,0.66544,0.66561,1.00,1.00
2015.10.26 14:33:16.100,0.66542,0.6656,1.00,1.00
2015.10.26 14:33:16.171,0.66542,0.66566,1.00,1.00
2015.10.26 14:33:16.222,0.6654,0.66564,1.00,1.00
2015.10.26 14:33:16.583,0.6654,0.66561,1.00,1.00
2015.10.26 14:33:17.175,0.6654,0.6656,1.00,1.00
2015.10.26 14:33:17.333,0.66534,0.66556,1.00,1.00
2015.10.26 14:33:17.840,0.66533,0.66555,1.00,1.00
2015.10.26 14:33:18.338,0.66535,0.66556,1.00,1.00
2015.10.26 14:33:20.077,0.66532,0.66556,1.00,1.00
2015.10.26 14:33:21.561,0.66532,0.66555,1.00,1.00
2015.10.26 14:33:22.048,0.6653,0.66556,1.00,1.00
2015.10.26 14:33:22.607,0.66529,0.66556,1.00,1.50
2015.10.26 14:33:23.453,0.66529,0.66555,1.00,1.00
2015.10.26 14:33:24.241,0.66531,0.66555,1.00,1.00
2015.10.26 14:33:24.393,0.66528,0.66553,1.00,1.00
2015.10.26 14:33:24.443,0.66528,0.66551,1.00,1.00
2015.10.26 14:33:25.581,0.66529,0.66551,1.00,1.00
2015.10.26 14:33:27.064,0.66529,0.66556,1.00,1.50
2015.10.26 14:33:27.733,0.66534,0.66556,1.00,1.00
2015.10.26 14:33:27.831,0.66534,0.6656,1.00,1.00
2015.10.26 14:33:28.092,0.66536,0.66561,1.00,1.50
2015.10.26 14:33:28.826,0.66537,0.66561,1.00,1.00
2015.10.26 14:33:29.420,0.66537,0.6656,1.00,1.00
2015.10.26 14:33:29.722,0.6654,0.66561,1.00,1.00
2015.10.26 14:33:30.575,0.66539,0.66561,1.00,1.00
2015.10.26 14:33:31.858,0.66539,0.6656,1.00,1.00
2015.10.26 14:33:32.429,0.66539,0.66561,1.00,1.00
2015.10.26 14:33:33.205,0.6654,0.66561,1.00,1.00
2015.10.26 14:33:33.420,0.66538,0.6656,1.50,1.00
2015.10.26 14:33:33.933,0.66538,0.66561,1.50,1.00
2015.10.26 14:33:34.475,0.66537,0.66561,1.00,1.00
2015.10.26 14:33:35.718,0.66537,0.6656,1.50,1.00
2015.10.26 14:33:35.889,0.66538,0.66556,1.00,1.00
2015.10.26 14:33:35.940,0.66534,0.66556,1.00,1.00
2015.10.26 14:33:36.521,0.66535,0.66555,1.00,1.00
2015.10.26 14:33:36.572,0.66533,0.66555,1.00,1.00
2015.10.26 14:33:37.153,0.6653,0.66554,1.00,1.00
2015.10.26 14:33:37.293,0.6653,0.66551,1.00,1.00
2015.10.26 14:33:37.995,0.6653,0.6655,1.00,1.00
2015.10.26 14:33:38.431,0.6653,0.66555,1.00,1.00
2015.10.26 14:33:38.769,0.6653,0.66551,1.00,1.00
2015.10.26 14:33:39.816,0.6653,0.66555,1.00,1.00
2015.10.26 14:33:39.868,0.66529,0.6655,1.50,1.00
2015.10.26 14:33:40.372,0.66529,0.66551,1.50,1.00
2015.10.26 14:33:40.502,0.66529,0.66555,1.50,1.50
2015.10.26 14:33:40.603,0.66532,0.66551,1.00,1.00
2015.10.26 14:33:41.496,0.66533,0.66551,1.50,1.00
2015.10.26 14:33:41.781,0.66531,0.66551,1.50,1.00
2015.10.26 14:33:41.949,0.66529,0.66551,1.00,1.00
2015.10.26 14:33:42.643,0.66529,0.6655,1.00,1.00
2015.10.26 14:33:43.120,0.66529,0.66554,1.00,1.00
2015.10.26 14:33:44.363,0.66529,0.66551,1.00,1.00
2015.10.26 14:33:44.552,0.66529,0.66554,1.00,1.00
2015.10.26 14:33:45.406,0.66529,0.66555,1.50,1.00
2015.10.26 14:33:45.457,0.66529,0.66551,1.50,1.00
2015.10.26 14:33:45.758,0.6654,0.66556,1.00,1.00
2015.10.26 14:33:45.871,0.66539,0.66561,1.00,1.00
2015.10.26 14:33:46.549,0.66539,0.6656,1.00,1.00
2015.10.26 14:33:47.079,0.66539,0.66561,1.00,1.00
2015.10.26 14:33:47.631,0.66538,0.6656,1.50,1.00
2015.10.26 14:33:48.174,0.66539,0.6656,1.00,1.00
2015.10.26 14:33:48.675,0.66538,0.66561,1.50,1.00
2015.10.26 14:33:49.433,0.66538,0.6656,1.50,1.00
2015.10.26 14:33:51.150,0.66537,0.66556,1.00,1.00
2015.10.26 14:33:51.259,0.66537,0.6656,1.00,1.00
2015.10.26 14:33:52.032,0.66537,0.66556,1.00,1.00
2015.10.26 14:33:52.988,0.66537,0.6656,1.00,1.00
2015.10.26 14:33:53.632,0.66538,0.6656,1.00,1.00
2015.10.26 14:33:54.311,0.66537,0.6656,1.00,1.00
2015.10.26 14:33:55.604,0.66537,0.66561,1.00,1.00
2015.10.26 14:33:55.705,0.66537,0.66556,1.00,1.00
2015.10.26 14:33:56.007,0.66535,0.66556,1.00,1.00
2015.10.26 14:33:56.767,0.66534,0.66556,1.00,1.00
2015.10.26 14:33:57.310,0.66535,0.66556,1.00,1.00
2015.10.26 14:33:58.126,0.66535,0.66561,1.00,1.50
2015.10.26 14:33:58.302,0.66535,0.66555,1.00,1.00
2015.10.26 14:33:58.667,0.66535,0.66559,1.00,1.00
2015.10.26 14:33:58.767,0.66534,0.66556,1.00,1.00
2015.10.26 14:33:58.818,0.66529,0.66554,1.00,1.00
2015.10.26 14:33:58.969,0.66528,0.66551,1.50,1.00
2015.10.26 14:33:59.465,0.66529,0.66555,1.00,1.00
2015.10.26 14:34:00.008,0.6653,0.66555,1.00,1.00
2015.10.26 14:34:00.637,0.66531,0.66556,1.00,1.00
2015.10.26 14:34:01.065,0.66532,0.66559,1.00,1.00
2015.10.26 14:34:01.116,0.66534,0.6656,1.00,1.00
2015.10.26 14:34:01.751,0.66536,0.6656,1.00,1.00
2015.10.26 14:34:02.371,0.66537,0.66561,1.00,1.00
2015.10.26 14:34:03.502,0.66537,0.6656,1.00,1.00
2015.10.26 14:34:03.554,0.66535,0.6656,1.00,1.00
2015.10.26 14:34:06.381,0.66536,0.6656,1.00,1.00
2015.10.26 14:34:07.033,0.66538,0.66561,1.00,1.00
2015.10.26 14:34:07.184,0.66536,0.66561,1.50,1.00
2015.10.26 14:34:07.812,0.66536,0.66562,1.50,1.00
2015.10.26 14:34:07.912,0.66538,0.66564,1.00,1.00
2015.10.26 14:34:11.209,0.66539,0.66565,1.00,1.00
2015.10.26 14:34:15.611,0.66538,0.66564,1.00,1.00
2015.10.26 14:34:16.344,0.66537,0.66563,1.50,1.00
2015.10.26 14:34:18.662,0.66538,0.66563,1.00,1.00
2015.10.26 14:34:20.784,0.66538,0.66564,1.00,1.00
2015.10.26 14:34:22.561,0.66539,0.66566,1.00,1.50
2015.10.26 14:34:22.662,0.66542,0.66566,1.00,1.00
2015.10.26 14:34:23.947,0.66543,0.66566,1.00,1.00
2015.10.26 14:34:24.937,0.66543,0.6657,1.00,1.00
2015.10.26 14:34:25.398,0.66544,0.66566,1.00,1.00
2015.10.26 14:34:25.468,0.66544,0.6657,1.00,1.00
2015.10.26 14:34:25.990,0.66545,0.66571,1.00,1.50
2015.10.26 14:34:26.771,0.66546,0.66571,1.00,1.50
2015.10.26 14:34:27.340,0.66546,0.6657,1.00,1.00
2015.10.26 14:34:27.998,0.66546,0.66571,1.00,1.50
2015.10.26 14:34:28.147,0.66546,0.66569,1.00,1.00
2015.10.26 14:34:31.654,0.66546,0.66566,1.00,1.00
2015.10.26 14:34:31.704,0.66543,0.66566,1.50,1.00
2015.10.26 14:34:31.755,0.66543,0.66569,1.50,1.00
2015.10.26 14:34:31.880,0.66543,0.66565,1.50,1.00
2015.10.26 14:34:32.421,0.66544,0.66566,1.00,1.00
2015.10.26 14:34:35.742,0.6654,0.66565,1.00,1.00
2015.10.26 14:34:36.250,0.6654,0.66564,1.00,1.00
2015.10.26 14:34:37.121,0.66539,0.66564,1.00,1.00
2015.10.26 14:34:37.171,0.66537,0.6656,1.50,1.00
2015.10.26 14:34:37.673,0.66537,0.66561,1.50,1.00
2015.10.26 14:34:38.117,0.6654,0.66561,1.00,1.00
2015.10.26 14:34:38.778,0.6654,0.66562,1.00,1.00
2015.10.26 14:34:39.778,0.6654,0.66563,1.00,1.00
2015.10.26 14:34:40.101,0.66538,0.6656,1.00,1.00
2015.10.26 14:34:42.079,0.66538,0.66561,1.00,1.00
2015.10.26 14:34:42.637,0.66537,0.66561,1.00,1.00
2015.10.26 14:34:45.740,0.66537,0.6656,1.00,1.00
2015.10.26 14:34:45.840,0.66537,0.66564,1.50,1.00
2015.10.26 14:34:48.002,0.66539,0.66564,1.00,1.00
2015.10.26 14:34:48.713,0.66539,0.66565,1.50,1.00
2015.10.26 14:34:49.244,0.6654,0.66564,1.50,1.00
2015.10.26 14:34:50.408,0.66543,0.66564,1.00,1.00
2015.10.26 14:34:51.040,0.6655,0.66575,1.50,1.00
2015.10.26 14:34:51.551,0.66549,0.66575,1.00,1.50
2015.10.26 14:34:51.773,0.66551,0.66575,1.00,1.00
2015.10.26 14:34:52.305,0.66551,0.66576,1.50,1.00
2015.10.26 14:34:54.260,0.66552,0.66576,1.00,1.00
2015.10.26 14:34:55.550,0.66551,0.66576,1.50,1.00
2015.10.26 14:34:56.952,0.66548,0.66571,1.00,1.00
2015.10.26 14:34:58.639,0.66548,0.6657,1.00,1.00
2015.10.26 14:34:59.329,0.66548,0.66571,1.00,1.00
2015.10.26 14:34:59.947,0.66547,0.66571,1.00,1.00
2015.10.26 14:35:00.140,0.66545,0.6657,1.00,1.00
2015.10.26 14:35:00.342,0.66544,0.66566,1.00,1.00
2015.10.26 14:35:00.448,0.66541,0.66566,1.50,1.00
2015.10.26 14:35:01.491,0.6654,0.66566,1.00,1.50
2015.10.26 14:35:03.201,0.66539,0.66565,1.00,1.00
2015.10.26 14:35:03.852,0.6654,0.66566,1.00,1.50
2015.10.26 14:35:05.738,0.66533,0.66559,1.00,1.00
2015.10.26 14:35:06.053,0.66535,0.66558,1.00,1.00
2015.10.26 14:35:09.591,0.66535,0.66559,1.00,1.00
2015.10.26 14:35:09.897,0.66535,0.66555,1.00,1.00
2015.10.26 14:35:10.561,0.66535,0.66556,1.00,1.00
2015.10.26 14:35:12.750,0.66535,0.66555,1.00,1.00
2015.10.26 14:35:13.412,0.66535,0.66556,1.00,1.00
2015.10.26 14:35:15.706,0.66535,0.6656,1.00,1.50
2015.10.26 14:35:17.235,0.66537,0.6656,1.00,1.00
2015.10.26 14:35:17.388,0.66537,0.66562,1.00,1.00
2015.10.26 14:35:17.438,0.66539,0.66563,1.00,1.00
2015.10.26 14:35:17.940,0.66538,0.66563,1.00,1.00
2015.10.26 14:35:18.887,0.66535,0.6656,1.00,1.50
2015.10.26 14:35:20.177,0.6654,0.66561,1.00,1.00
2015.10.26 14:35:20.393,0.66538,0.66561,1.50,1.00
2015.10.26 14:35:20.565,0.66538,0.66564,1.50,1.00
2015.10.26 14:35:20.616,0.6654,0.66564,1.00,1.00
2015.10.26 14:35:21.359,0.66542,0.66565,1.00,1.00
2015.10.26 14:35:22.692,0.66542,0.66566,1.00,1.00
2015.10.26 14:35:23.420,0.66542,0.66568,1.00,1.00
2015.10.26 14:35:24.623,0.66543,0.66568,1.00,1.00
2015.10.26 14:35:26.313,0.66544,0.6657,1.00,1.00
2015.10.26 14:35:27.970,0.66543,0.66569,1.00,1.00
2015.10.26 14:35:28.440,0.66546,0.6657,1.00,1.00
2015.10.26 14:35:28.854,0.66543,0.66568,1.00,1.00
2015.10.26 14:35:29.362,0.66543,0.66566,1.00,1.00
2015.10.26 14:35:30.183,0.66543,0.66565,1.00,1.00
2015.10.26 14:35:30.233,0.66539,0.66565,1.50,1.00
2015.10.26 14:35:30.512,0.66541,0.66565,1.00,1.00
2015.10.26 14:35:30.965,0.66542,0.66568,1.00,1.00
2015.10.26 14:35:31.475,0.66542,0.66569,1.50,1.00
2015.10.26 14:35:31.927,0.66545,0.66569,1.00,1.00
2015.10.26 14:35:32.131,0.66545,0.66571,1.00,1.50
2015.10.26 14:35:33.903,0.66544,0.66568,1.00,1.00
2015.10.26 14:35:34.517,0.66542,0.66568,1.50,1.00
2015.10.26 14:35:36.032,0.66541,0.66566,1.00,1.50
2015.10.26 14:35:36.388,0.6654,0.66564,1.50,1.00
2015.10.26 14:35:36.531,0.6654,0.66566,1.50,1.50
2015.10.26 14:35:37.136,0.66541,0.66565,1.00,1.00
2015.10.26 14:35:37.782,0.66541,0.66566,1.00,1.50
2015.10.26 14:35:40.261,0.66541,0.66564,1.00,1.00
2015.10.26 14:35:41.543,0.66542,0.66566,1.00,1.50
2015.10.26 14:35:42.063,0.66544,0.66566,1.00,1.00
2015.10.26 14:35:42.164,0.66547,0.66571,1.50,1.00
2015.10.26 14:35:42.688,0.66545,0.6657,1.50,1.00
2015.10.26 14:35:42.789,0.66545,0.66566,1.50,1.00
2015.10.26 14:35:43.267,0.66543,0.66565,1.50,1.00
2015.10.26 14:35:43.839,0.66545,0.66565,1.00,1.00
2015.10.26 14:35:43.939,0.66543,0.66565,1.00,1.00
2015.10.26 14:35:44.194,0.66545,0.66566,1.00,1.00
2015.10.26 14:35:44.371,0.66547,0.6657,1.00,1.00
2015.10.26 14:35:44.988,0.66546,0.66571,1.00,1.00
2015.10.26 14:35:45.671,0.66545,0.66565,1.00,1.00
2015.10.26 14:35:46.341,0.6654,0.66561,1.00,1.00
2015.10.26 14:35:46.928,0.66539,0.6656,1.00,1.00
2015.10.26 14:35:47.603,0.66539,0.66561,1.00,1.00
2015.10.26 14:35:49.042,0.66539,0.6656,1.50,1.00
2015.10.26 14:35:49.620,0.66539,0.66561,1.50,1.00
2015.10.26 14:35:50.975,0.66541,0.66565,1.00,1.00
2015.10.26 14:35:51.080,0.66543,0.66566,1.00,1.00
2015.10.26 14:35:51.620,0.66541,0.66566,1.50,1.00
2015.10.26 14:35:51.721,0.6654,0.66563,1.00,1.00
2015.10.26 14:35:52.316,0.66542,0.66566,1.50,1.00
2015.10.26 14:35:52.417,0.66544,0.66566,1.00,1.00
2015.10.26 14:35:52.920,0.66546,0.66566,1.00,1.00
2015.10.26 14:35:53.021,0.66546,0.6657,1.50,1.50
2015.10.26 14:35:53.222,0.66549,0.66571,1.00,1.00
2015.10.26 14:35:53.950,0.66548,0.66571,1.00,1.00
2015.10.26 14:35:54.152,0.66546,0.6657,1.00,1.50
2015.10.26 14:35:54.253,0.66546,0.66565,1.00,1.00
2015.10.26 14:35:54.738,0.66541,0.66561,1.00,1.00
2015.10.26 14:35:55.240,0.6654,0.6656,1.00,1.00
2015.10.26 14:35:55.341,0.6654,0.66566,1.50,1.50
2015.10.26 14:35:55.859,0.66543,0.66566,1.00,1.00
2015.10.26 14:35:56.123,0.66542,0.66568,1.50,1.00
2015.10.26 14:35:56.225,0.66547,0.66566,1.00,1.00
2015.10.26 14:35:56.326,0.66547,0.6657,1.00,1.00
2015.10.26 14:35:56.836,0.66546,0.6657,1.00,1.00
2015.10.26 14:35:57.381,0.66547,0.6657,1.00,1.00
2015.10.26 14:35:57.577,0.66544,0.6657,1.50,1.00
2015.10.26 14:35:57.678,0.66546,0.66566,1.00,1.00
2015.10.26 14:35:58.981,0.66545,0.66566,1.00,1.00
2015.10.26 14:35:59.924,0.66547,0.66566,1.00,1.00
2015.10.26 14:35:59.974,0.66545,0.66566,1.00,1.00
2015.10.26 14:36:03.407,0.66546,0.66566,1.00,1.00
2015.10.26 14:36:03.571,0.66546,0.66571,1.00,1.00
2015.10.26 14:36:04.194,0.66547,0.6657,1.00,1.00
2015.10.26 14:36:04.245,0.66547,0.66566,1.00,1.00
2015.10.26 14:36:04.706,0.66549,0.66566,1.00,1.00
2015.10.26 14:36:04.762,0.66546,0.66566,1.00,1.00
2015.10.26 14:36:05.297,0.66548,0.66566,1.00,1.00
2015.10.26 14:36:05.561,0.66549,0.66571,1.00,1.00
2015.10.26 14:36:05.958,0.66552,0.66571,1.50,1.00
2015.10.26 14:36:06.012,0.66555,0.66575,1.00,1.00
2015.10.26 14:36:06.113,0.66555,0.66571,1.00,1.00
2015.10.26 14:36:06.229,0.66553,0.66571,1.00,1.00
2015.10.26 14:36:06.330,0.66553,0.66576,1.00,1.00
2015.10.26 14:36:06.744,0.66552,0.66574,1.00,1.00
2015.10.26 14:36:07.534,0.66553,0.66574,1.00,1.00
2015.10.26 14:36:08.039,0.66554,0.66574,1.00,1.00
2015.10.26 14:36:08.662,0.66551,0.66569,1.00,1.00
2015.10.26 14:36:08.715,0.66548,0.6657,1.00,1.00
2015.10.26 14:36:09.227,0.66545,0.6657,1.00,1.00
2015.10.26 14:36:09.278,0.66545,0.66568,1.00,1.00
2015.10.26 14:36:09.433,0.66543,0.66567,1.00,1.00
2015.10.26 14:36:10.009,0.66542,0.66565,1.00,1.00
2015.10.26 14:36:11.620,0.66543,0.66565,1.00,1.00
2015.10.26 14:36:12.122,0.66543,0.66564,1.00,1.00
2015.10.26 14:36:13.960,0.66541,0.66564,1.00,1.00
2015.10.26 14:36:15.092,0.66541,0.66562,1.00,1.00
2015.10.26 14:36:15.774,0.66539,0.6656,1.00,1.00
2015.10.26 14:36:15.825,0.66537,0.66559,1.00,1.00
2015.10.26 14:36:15.926,0.66533,0.66556,1.00,1.00
2015.10.26 14:36:16.382,0.66535,0.66555,1.00,1.00
2015.10.26 14:36:17.064,0.66535,0.66557,1.00,1.00
2015.10.26 14:36:18.948,0.66536,0.66557,1.00,1.00
2015.10.26 14:36:19.410,0.66536,0.66555,1.00,1.00
2015.10.26 14:36:20.073,0.66536,0.66556,1.00,1.00
2015.10.26 14:36:20.843,0.66536,0.66555,1.00,1.00
2015.10.26 14:36:21.477,0.66537,0.66555,1.00,1.00
2015.10.26 14:36:24.979,0.66536,0.66556,1.00,1.00
2015.10.26 14:36:26.451,0.66536,0.66555,1.00,1.00
2015.10.26 14:36:26.909,0.66535,0.66551,1.00,1.00
2015.10.26 14:36:27.010,0.66535,0.66555,1.00,1.00
2015.10.26 14:36:27.061,0.66532,0.66554,1.00,1.00
2015.10.26 14:36:27.111,0.66532,0.66552,1.00,1.00
2015.10.26 14:36:27.162,0.66528,0.66552,1.00,1.00
2015.10.26 14:36:27.556,0.6653,0.66552,1.00,1.00
2015.10.26 14:36:29.749,0.6653,0.66554,1.00,1.00
2015.10.26 14:36:30.372,0.66534,0.66556,1.00,1.00
2015.10.26 14:36:30.423,0.66534,0.66558,1.00,1.00
2015.10.26 14:36:30.989,0.66535,0.66557,1.00,1.00
2015.10.26 14:36:32.111,0.66537,0.66559,1.00,1.00
2015.10.26 14:36:33.848,0.6654,0.66559,1.00,1.00
2015.10.26 14:36:33.899,0.6654,0.66561,1.00,1.00
2015.10.26 14:36:34.346,0.66542,0.66565,1.00,1.00
2015.10.26 14:36:39.284,0.66545,0.66565,1.00,1.00
2015.10.26 14:36:39.857,0.66546,0.66566,1.00,1.00
2015.10.26 14:36:40.800,0.66542,0.66566,1.00,1.50
2015.10.26 14:36:41.129,0.66544,0.66566,1.00,1.50
2015.10.26 14:36:41.508,0.66546,0.66566,1.00,1.50
2015.10.26 14:36:42.039,0.66546,0.66565,1.00,1.00
2015.10.26 14:36:42.993,0.66546,0.66566,1.00,1.00
2015.10.26 14:36:43.518,0.66547,0.66569,1.00,1.00
2015.10.26 14:36:43.852,0.66547,0.66566,1.00,1.50
2015.10.26 14:36:44.003,0.66543,0.66565,1.50,1.00
2015.10.26 14:36:44.054,0.66543,0.66568,1.50,1.00
2015.10.26 14:36:44.104,0.66547,0.6657,1.00,1.00
2015.10.26 14:36:44.669,0.66548,0.66571,1.00,1.50
2015.10.26 14:36:45.205,0.66549,0.66571,1.50,1.00
2015.10.26 14:36:46.515,0.66547,0.6657,1.00,1.00
2015.10.26 14:36:48.358,0.66547,0.66569,1.00,1.00
2015.10.26 14:36:49.500,0.66547,0.6657,1.00,1.00
2015.10.26 14:36:50.058,0.66546,0.6657,1.50,1.00
2015.10.26 14:36:51.712,0.66546,0.66565,1.00,1.00
2015.10.26 14:36:52.672,0.66546,0.6657,1.00,1.00
2015.10.26 14:36:53.425,0.66545,0.66569,1.00,1.00
2015.10.26 14:36:53.725,0.66543,0.66569,1.50,1.00
2015.10.26 14:36:54.583,0.66545,0.66569,1.00,1.00
2015.10.26 14:36:54.885,0.66547,0.66571,1.00,1.35
2015.10.26 14:36:55.390,0.66546,0.66572,1.50,1.00
2015.10.26 14:36:55.719,0.66549,0.66575,1.00,1.00
2015.10.26 14:36:56.981,0.66545,0.66566,1.00,1.00
2015.10.26 14:36:58.489,0.66546,0.66571,1.00,1.00
2015.10.26 14:36:58.728,0.66548,0.6657,1.00,1.00
2015.10.26 14:36:59.542,0.66549,0.6657,1.00,1.00
2015.10.26 14:36:59.592,0.66549,0.66574,1.00,1.00
2015.10.26 14:37:00.292,0.66548,0.66574,1.00,1.00
2015.10.26 14:37:00.343,0.66548,0.6657,1.00,1.00
2015.10.26 14:37:00.444,0.66546,0.6657,1.50,1.00
2015.10.26 14:37:01.591,0.66544,0.6657,1.50,1.50
2015.10.26 14:37:01.699,0.66544,0.66568,1.50,1.00
2015.10.26 14:37:02.204,0.66546,0.66571,1.50,1.00
2015.10.26 14:37:02.812,0.66547,0.66571,1.00,1.00
2015.10.26 14:37:03.014,0.66548,0.66574,1.50,1.00
2015.10.26 14:37:03.114,0.66548,0.66572,1.00,1.00
2015.10.26 14:37:03.532,0.66552,0.66575,1.00,1.00
2015.10.26 14:37:04.058,0.66552,0.66576,1.00,1.00
2015.10.26 14:37:04.309,0.66554,0.6658,1.50,1.50
2015.10.26 14:37:04.725,0.66555,0.66576,1.00,1.00
2015.10.26 14:37:05.628,0.66554,0.66576,1.50,1.00
2015.10.26 14:37:06.160,0.66554,0.6658,1.50,1.00
2015.10.26 14:37:06.315,0.66554,0.66576,1.50,1.00
2015.10.26 14:37:06.580,0.66552,0.66576,1.00,1.00
2015.10.26 14:37:07.757,0.66551,0.66576,1.50,1.00
2015.10.26 14:37:08.420,0.66551,0.66575,1.50,1.00
2015.10.26 14:37:09.172,0.66551,0.66576,1.50,1.00
2015.10.26 14:37:09.928,0.66551,0.66574,1.00,1.00
2015.10.26 14:37:10.828,0.66551,0.66576,1.00,1.50
2015.10.26 14:37:11.440,0.66551,0.66575,1.00,1.00
2015.10.26 14:37:11.980,0.6655,0.66575,1.50,1.00
2015.10.26 14:37:12.031,0.66547,0.6657,1.00,1.00
2015.10.26 14:37:12.337,0.66544,0.66566,1.00,1.00
2015.10.26 14:37:15.035,0.66545,0.66566,1.00,1.00
2015.10.26 14:37:15.948,0.66545,0.66565,1.00,1.00
2015.10.26 14:37:22.589,0.66545,0.6657,1.00,1.00
2015.10.26 14:37:24.156,0.66544,0.66569,1.00,1.00
2015.10.26 14:37:25.178,0.66543,0.66568,1.00,1.00
2015.10.26 14:37:25.349,0.66545,0.66569,1.00,1.00
2015.10.26 14:37:25.890,0.66548,0.6657,1.00,1.00
2015.10.26 14:37:26.446,0.66548,0.66571,1.00,1.00
2015.10.26 14:37:26.627,0.6655,0.66575,1.00,1.00
2015.10.26 14:37:26.778,0.66553,0.66576,1.00,1.00
2015.10.26 14:37:27.064,0.66553,0.66579,1.00,1.00
2015.10.26 14:37:27.115,0.66553,0.66576,1.00,1.00
2015.10.26 14:37:27.327,0.66553,0.66578,1.50,1.00
2015.10.26 14:37:30.511,0.66553,0.66579,1.00,1.00
2015.10.26 14:37:30.612,0.66551,0.66576,1.50,1.00
2015.10.26 14:37:31.108,0.66552,0.66578,1.00,1.00
2015.10.26 14:37:32.691,0.66554,0.66578,1.00,1.00
2015.10.26 14:37:32.821,0.66554,0.6658,1.00,1.00
2015.10.26 14:37:32.972,0.66559,0.6658,1.00,1.00
2015.10.26 14:37:33.224,0.66563,0.66587,1.00,1.00
2015.10.26 14:37:33.748,0.66562,0.66586,1.50,1.00
2015.10.26 14:37:34.276,0.66562,0.66587,1.00,1.00
2015.10.26 14:37:35.103,0.66561,0.66586,1.00,1.00
2015.10.26 14:37:35.467,0.66559,0.66585,1.50,1.00
2015.10.26 14:37:37.196,0.6656,0.66585,1.00,1.00
2015.10.26 14:37:38.010,0.66557,0.66581,1.00,1.00
2015.10.26 14:37:39.659,0.66557,0.6658,1.00,1.00
2015.10.26 14:37:39.848,0.66555,0.6658,1.50,1.00
2015.10.26 14:37:41.170,0.66554,0.6658,1.50,1.00
2015.10.26 14:37:41.975,0.66555,0.66578,1.00,1.00
2015.10.26 14:37:42.036,0.66552,0.66578,1.50,1.00
2015.10.26 14:37:42.572,0.66553,0.66578,1.00,1.00
2015.10.26 14:37:42.623,0.66555,0.66579,1.00,1.00
2015.10.26 14:37:43.358,0.66553,0.66579,1.00,1.00
2015.10.26 14:37:44.027,0.66551,0.66577,1.00,1.00
2015.10.26 14:37:44.362,0.66549,0.66575,1.00,1.00
2015.10.26 14:37:45.024,0.66557,0.66581,1.00,1.00
2015.10.26 14:37:45.543,0.66558,0.66581,1.00,1.50
2015.10.26 14:37:47.270,0.6656,0.66581,1.00,1.50
2015.10.26 14:37:47.795,0.6656,0.6658,1.00,1.00
2015.10.26 14:37:48.311,0.66561,0.66581,1.00,1.50
2015.10.26 14:37:49.078,0.66558,0.6658,1.00,1.00
2015.10.26 14:37:49.646,0.66558,0.66579,1.00,1.00
2015.10.26 14:37:50.458,0.66558,0.66581,1.00,1.50
2015.10.26 14:37:51.158,0.66561,0.66581,1.00,1.00
2015.10.26 14:37:55.104,0.66565,0.66586,1.00,1.00
2015.10.26 14:37:56.777,0.66566,0.66586,1.00,1.00
2015.10.26 14:37:56.996,0.66566,0.66588,1.00,1.00
2015.10.26 14:37:57.766,0.66566,0.6659,1.00,1.50
2015.10.26 14:37:58.665,0.66569,0.6659,1.00,1.50
2015.10.26 14:37:59.051,0.66568,0.66586,1.00,1.00
2015.10.26 14:37:59.488,0.6657,0.66586,1.00,1.00
2015.10.26 14:37:59.815,0.6657,0.6659,1.00,1.00
2015.10.26 14:38:00.253,0.66568,0.66589,1.00,1.00
2015.10.26 14:38:00.755,0.66567,0.66588,1.00,1.00
2015.10.26 14:38:00.805,0.66567,0.66585,1.00,1.00
2015.10.26 14:38:01.155,0.66567,0.66589,1.00,1.00
2015.10.26 14:38:01.456,0.6657,0.66589,1.00,1.00
2015.10.26 14:38:02.582,0.66571,0.66588,1.00,1.00
2015.10.26 14:38:03.109,0.6657,0.66588,1.00,1.00
2015.10.26 14:38:03.461,0.66569,0.6659,1.00,1.00
2015.10.26 14:38:05.373,0.66568,0.6659,1.00,1.50
2015.10.26 14:38:06.691,0.66568,0.66586,1.00,1.00
2015.10.26 14:38:07.229,0.66566,0.66585,1.00,1.00
2015.10.26 14:38:07.982,0.66565,0.66585,1.00,1.00
2015.10.26 14:38:08.532,0.66565,0.66584,1.00,1.00
2015.10.26 14:38:09.437,0.66565,0.66585,1.00,1.00
2015.10.26 14:38:09.488,0.66567,0.66585,1.00,1.00
2015.10.26 14:38:10.026,0.66566,0.66586,1.00,1.50
2015.10.26 14:38:11.327,0.66565,0.66586,1.00,1.50
2015.10.26 14:38:12.048,0.66564,0.66585,1.00,1.00
2015.10.26 14:38:12.706,0.66564,0.66586,1.00,1.50
2015.10.26 14:38:14.081,0.66564,0.66585,1.00,1.00
2015.10.26 14:38:14.750,0.66564,0.66586,1.00,1.00
2015.10.26 14:38:15.469,0.66566,0.66588,1.00,1.00
2015.10.26 14:38:15.570,0.66566,0.6659,1.00,1.50
2015.10.26 14:38:17.010,0.66567,0.6659,1.00,1.50
2015.10.26 14:38:17.111,0.6657,0.6659,1.00,1.00
2015.10.26 14:38:17.658,0.6657,0.66591,1.00,1.00
2015.10.26 14:38:18.597,0.6657,0.6659,1.00,1.00
2015.10.26 14:38:19.267,0.6657,0.66591,1.00,1.50
2015.10.26 14:38:19.317,0.66567,0.66591,1.50,1.35
2015.10.26 14:38:19.704,0.66567,0.66589,1.00,1.00
2015.10.26 14:38:20.010,0.66567,0.66585,1.00,1.50
2015.10.26 14:38:20.928,0.66567,0.66586,1.00,1.00
2015.10.26 14:38:21.130,0.66567,0.66588,1.00,1.00
2015.10.26 14:38:21.358,0.66568,0.66591,1.00,1.50
2015.10.26 14:38:22.235,0.66571,0.6659,1.00,1.00
2015.10.26 14:38:24.042,0.66571,0.66591,1.00,1.00
2015.10.26 14:38:24.692,0.66571,0.6659,1.00,1.00
2015.10.26 14:38:25.435,0.66571,0.66591,1.00,1.00
2015.10.26 14:38:26.405,0.66571,0.6659,1.00,1.00
2015.10.26 14:38:27.225,0.66571,0.66591,1.00,1.00
2015.10.26 14:38:27.527,0.66568,0.66586,1.00,1.00
2015.10.26 14:38:28.286,0.66568,0.66585,1.00,1.00
2015.10.26 14:38:29.917,0.66568,0.66586,1.00,1.00
2015.10.26 14:38:33.830,0.66567,0.66586,1.00,1.00
2015.10.26 14:38:35.059,0.66568,0.6659,1.50,1.00
2015.10.26 14:38:35.211,0.66571,0.6659,1.00,1.00
2015.10.26 14:38:36.095,0.66571,0.66591,1.00,1.00
2015.10.26 14:38:37.297,0.66571,0.66586,1.00,1.00
2015.10.26 14:38:37.518,0.66571,0.66591,1.00,1.00
2015.10.26 14:38:39.472,0.66572,0.66591,1.00,1.50
2015.10.26 14:38:39.986,0.66571,0.66591,1.00,1.50
2015.10.26 14:38:40.785,0.6657,0.6659,1.00,1.00
2015.10.26 14:38:41.451,0.66569,0.66589,1.00,1.00
2015.10.26 14:38:46.911,0.66569,0.6659,1.00,1.00
2015.10.26 14:38:47.576,0.66569,0.66591,1.00,1.50
2015.10.26 14:38:48.305,0.6657,0.66591,1.00,1.50
2015.10.26 14:38:49.739,0.66571,0.66592,1.00,1.00
2015.10.26 14:38:50.485,0.66571,0.66593,1.00,1.00
2015.10.26 14:38:51.292,0.66571,0.66591,1.00,1.00
2015.10.26 14:38:51.835,0.66571,0.66593,1.00,1.00
2015.10.26 14:38:52.753,0.66571,0.66595,1.00,1.50
2015.10.26 14:38:52.854,0.66571,0.66593,1.00,1.00
2015.10.26 14:38:53.239,0.66573,0.66593,1.00,1.00
2015.10.26 14:38:53.831,0.66573,0.66594,1.00,1.00
2015.10.26 14:38:54.434,0.66573,0.66593,1.00,1.00
2015.10.26 14:38:56.110,0.66572,0.66593,1.00,1.00
2015.10.26 14:38:57.504,0.66572,0.66591,1.00,1.00
2015.10.26 14:38:57.649,0.66572,0.66593,1.00,1.00
2015.10.26 14:39:05.947,0.66572,0.66592,1.00,1.00
2015.10.26 14:39:06.066,0.6657,0.66592,1.00,1.00
2015.10.26 14:39:07.370,0.6657,0.66591,1.00,1.50
2015.10.26 14:39:08.618,0.66572,0.66591,1.00,1.00
2015.10.26 14:39:08.778,0.66572,0.66595,1.00,1.00
2015.10.26 14:39:09.307,0.66573,0.66596,1.00,1.00
2015.10.26 14:39:09.358,0.66573,0.66594,1.00,1.00
2015.10.26 14:39:09.929,0.66573,0.66593,1.00,1.00
2015.10.26 14:39:10.480,0.66574,0.66593,1.00,1.00
2015.10.26 14:39:10.531,0.66574,0.66595,1.00,1.00
2015.10.26 14:39:11.032,0.66574,0.66596,1.00,1.00
2015.10.26 14:39:11.084,0.66574,0.66594,1.00,1.00
2015.10.26 14:39:12.677,0.66576,0.66596,1.00,1.00
2015.10.26 14:39:12.779,0.66574,0.66596,1.00,1.50
2015.10.26 14:39:14.052,0.66574,0.66597,1.00,1.00
2015.10.26 14:39:14.103,0.66579,0.66597,1.00,1.00
2015.10.26 14:39:14.204,0.6658,0.66601,1.00,1.00
2015.10.26 14:39:14.255,0.66578,0.66601,1.00,1.00
2015.10.26 14:39:14.506,0.66576,0.66601,1.50,1.00
2015.10.26 14:39:14.607,0.66576,0.66595,1.50,1.00
2015.10.26 14:39:15.103,0.66577,0.66601,1.00,1.00
2015.10.26 14:39:17.015,0.66576,0.66601,1.50,1.00
2015.10.26 14:39:17.912,0.66577,0.66601,1.00,1.50
2015.10.26 14:39:18.063,0.66575,0.666,1.00,1.00
2015.10.26 14:39:19.251,0.66576,0.666,1.00,1.00
2015.10.26 14:39:19.757,0.66577,0.66601,1.00,1.00
2015.10.26 14:39:19.808,0.66579,0.66601,1.00,1.50
2015.10.26 14:39:20.313,0.66581,0.66604,1.00,1.00
2015.10.26 14:39:20.754,0.66581,0.66606,1.00,1.50
2015.10.26 14:39:21.588,0.66582,0.66605,1.00,1.00
2015.10.26 14:39:22.413,0.66583,0.66605,1.00,1.00
2015.10.26 14:39:23.034,0.66583,0.66606,1.00,1.50
2015.10.26 14:39:23.985,0.66581,0.66606,1.00,1.50
2015.10.26 14:39:26.246,0.66581,0.66601,1.00,1.00
2015.10.26 14:39:26.684,0.66581,0.66606,1.00,1.50
2015.10.26 14:39:27.682,0.66581,0.66601,1.00,1.00
2015.10.26 14:39:28.267,0.66581,0.666,1.00,1.00
2015.10.26 14:39:28.888,0.6658,0.666,1.50,1.00
2015.10.26 14:39:28.939,0.6658,0.66606,1.00,1.50
2015.10.26 14:39:29.444,0.6658,0.66604,1.00,1.00
2015.10.26 14:39:29.746,0.6658,0.66601,1.00,1.00
2015.10.26 14:39:30.441,0.6658,0.66604,1.00,1.00
2015.10.26 14:39:30.856,0.6658,0.666,1.00,1.00
2015.10.26 14:39:31.955,0.66581,0.666,1.00,1.00
2015.10.26 14:39:32.275,0.66581,0.66604,1.00,1.00
2015.10.26 14:39:32.942,0.66581,0.666,1.00,1.00
2015.10.26 14:39:33.486,0.6658,0.66604,1.00,1.00
2015.10.26 14:39:33.637,0.66579,0.66601,1.00,1.00
2015.10.26 14:39:34.257,0.66576,0.66599,1.00,1.00
2015.10.26 14:39:34.308,0.66576,0.66597,1.00,1.00
2015.10.26 14:39:34.756,0.66576,0.66599,1.00,1.00
2015.10.26 14:39:34.857,0.66576,0.66601,1.00,1.50
2015.10.26 14:39:34.908,0.66578,0.66601,1.00,1.50
2015.10.26 14:39:35.059,0.66576,0.66601,1.00,1.50
2015.10.26 14:39:35.579,0.66576,0.66597,1.00,1.00
2015.10.26 14:39:36.210,0.66575,0.66596,1.00,1.00
2015.10.26 14:39:36.412,0.66576,0.66598,1.00,1.00
2015.10.26 14:39:36.831,0.66576,0.66601,1.00,1.50
2015.10.26 14:39:37.105,0.66578,0.66601,1.00,1.00
2015.10.26 14:39:38.467,0.66579,0.66601,1.00,1.00
2015.10.26 14:39:39.018,0.66579,0.666,1.50,1.00
2015.10.26 14:39:39.798,0.66579,0.66601,1.00,1.00
2015.10.26 14:39:40.125,0.66578,0.66599,1.00,1.00
2015.10.26 14:39:40.326,0.66578,0.66601,1.00,1.50
2015.10.26 14:39:40.984,0.66577,0.666,1.00,1.00
2015.10.26 14:39:41.528,0.66574,0.66596,1.00,1.00
2015.10.26 14:39:42.034,0.66573,0.66596,1.50,1.00
2015.10.26 14:39:42.767,0.66573,0.66598,1.00,1.00
2015.10.26 14:39:43.635,0.66573,0.66596,1.00,1.00
2015.10.26 14:39:43.787,0.66569,0.66594,1.00,1.00
2015.10.26 14:39:44.594,0.66572,0.66595,1.00,1.00
2015.10.26 14:39:45.191,0.66572,0.66594,1.00,1.00
2015.10.26 14:39:45.854,0.66572,0.66593,1.00,1.00
2015.10.26 14:39:46.129,0.66572,0.66596,1.00,1.50
2015.10.26 14:39:48.938,0.66572,0.66595,1.00,1.00
2015.10.26 14:39:49.456,0.66572,0.66596,1.00,1.00
2015.10.26 14:39:49.974,0.66572,0.66595,1.00,1.00
2015.10.26 14:39:50.696,0.66572,0.66593,1.00,1.00
2015.10.26 14:39:51.113,0.6657,0.66594,1.50,1.00
2015.10.26 14:39:51.673,0.6657,0.66593,1.00,1.00
2015.10.26 14:39:52.344,0.6657,0.66594,1.00,1.00
2015.10.26 14:39:53.021,0.6657,0.66593,1.00,1.00
2015.10.26 14:39:53.568,0.66571,0.66594,1.00,1.00
2015.10.26 14:39:54.613,0.66574,0.66594,1.00,1.00
2015.10.26 14:39:54.682,0.66573,0.66596,1.50,1.00
2015.10.26 14:39:54.834,0.66572,0.6659,1.00,1.00
2015.10.26 14:39:54.985,0.6657,0.6659,1.00,1.50
2015.10.26 14:39:55.136,0.66568,0.6659,1.00,1.00
2015.10.26 14:39:55.236,0.6657,0.66592,1.00,1.00
2015.10.26 14:39:55.862,0.6657,0.6659,1.00,1.00
2015.10.26 14:39:56.175,0.66569,0.66586,1.00,1.00
2015.10.26 14:39:56.364,0.66569,0.6659,1.00,1.00
2015.10.26 14:39:56.903,0.66569,0.66591,1.00,1.50
2015.10.26 14:39:58.028,0.66569,0.6659,1.00,1.00
2015.10.26 14:39:58.564,0.66569,0.66591,1.00,1.50
2015.10.26 14:40:00.791,0.66567,0.66591,1.50,1.00
2015.10.26 14:40:00.942,0.6657,0.6659,1.00,1.00
2015.10.26 14:40:00.993,0.6657,0.66596,1.00,1.50
2015.10.26 14:40:01.130,0.66572,0.66596,1.00,1.00
2015.10.26 14:40:01.284,0.66574,0.666,1.50,1.00
2015.10.26 14:40:01.335,0.66574,0.66596,1.00,1.00
2015.10.26 14:40:01.886,0.66574,0.666,1.00,1.00
2015.10.26 14:40:02.449,0.66574,0.66596,1.00,1.00
2015.10.26 14:40:03.082,0.66574,0.666,1.00,1.50
2015.10.26 14:40:03.583,0.66573,0.66599,1.00,1.00
2015.10.26 14:40:04.554,0.66575,0.66599,1.00,1.00
2015.10.26 14:40:04.756,0.66578,0.66603,1.00,1.00
2015.10.26 14:40:05.728,0.66578,0.66601,1.00,1.00
2015.10.26 14:40:05.858,0.66578,0.66603,1.00,1.00
2015.10.26 14:40:06.209,0.6658,0.66604,1.00,1.00
2015.10.26 14:40:06.370,0.66578,0.66604,1.00,1.00
2015.10.26 14:40:06.421,0.66578,0.66601,1.00,1.00
2015.10.26 14:40:06.810,0.66579,0.66605,1.00,1.00
2015.10.26 14:40:07.038,0.66579,0.66601,1.00,1.00
2015.10.26 14:40:07.697,0.66579,0.66605,1.00,1.00
2015.10.26 14:40:08.476,0.6658,0.66605,1.00,1.00
2015.10.26 14:40:09.008,0.6658,0.66606,1.50,1.50
2015.10.26 14:40:09.986,0.66584,0.66605,1.00,1.00
2015.10.26 14:40:10.514,0.66585,0.66605,1.00,1.00
2015.10.26 14:40:11.186,0.66585,0.66606,1.00,1.00
2015.10.26 14:40:11.766,0.66585,0.66605,1.00,1.00
2015.10.26 14:40:12.593,0.66583,0.66605,1.00,1.00
2015.10.26 14:40:12.700,0.66583,0.66609,1.50,1.00
2015.10.26 14:40:13.246,0.66584,0.66608,1.00,1.00
2015.10.26 14:40:13.926,0.66586,0.6661,1.00,1.00
2015.10.26 14:40:14.131,0.66583,0.66609,1.50,1.00
2015.10.26 14:40:14.231,0.66585,0.66609,1.00,1.00
2015.10.26 14:40:14.433,0.66589,0.66615,1.00,1.50
2015.10.26 14:40:14.583,0.66591,0.66615,1.00,1.00
2015.10.26 14:40:16.198,0.66589,0.66615,1.00,1.50
2015.10.26 14:40:16.806,0.66589,0.66611,1.00,1.00
2015.10.26 14:40:19.070,0.66588,0.66611,1.00,1.00
2015.10.26 14:40:19.645,0.66588,0.66612,1.00,1.00
2015.10.26 14:40:21.111,0.66588,0.66614,1.00,1.00
2015.10.26 14:40:21.602,0.66593,0.66616,1.00,1.50
2015.10.26 14:40:22.195,0.6659,0.66616,1.00,1.50
2015.10.26 14:40:23.752,0.6659,0.66614,1.00,1.00
2015.10.26 14:40:26.810,0.6659,0.66616,1.00,1.00
2015.10.26 14:40:27.011,0.66592,0.66616,1.00,1.00
2015.10.26 14:40:27.062,0.66592,0.66618,1.00,1.00
2015.10.26 14:40:27.215,0.66594,0.6662,1.00,2.25
2015.10.26 14:40:27.516,0.66592,0.66615,1.00,1.00
2015.10.26 14:40:28.183,0.66591,0.66615,1.00,1.50
2015.10.26 14:40:29.921,0.66591,0.66611,1.00,1.00
2015.10.26 14:40:31.668,0.66591,0.6661,1.00,1.00
2015.10.26 14:40:32.229,0.6659,0.6661,1.00,1.00
2015.10.26 14:40:32.477,0.66587,0.6661,1.00,1.00
2015.10.26 14:40:32.628,0.66584,0.66608,1.00,1.00
2015.10.26 14:40:33.247,0.66584,0.66606,1.00,1.00
2015.10.26 14:40:33.348,0.66584,0.66608,1.00,1.00
2015.10.26 14:40:34.567,0.66584,0.6661,1.00,1.50
2015.10.26 14:40:34.667,0.66584,0.66606,1.00,1.00
2015.10.26 14:40:35.042,0.66586,0.66606,1.00,1.00
2015.10.26 14:40:35.721,0.66586,0.6661,1.00,1.00
2015.10.26 14:40:35.772,0.66586,0.66606,1.00,1.00
2015.10.26 14:40:36.096,0.66586,0.6661,1.00,1.50
2015.10.26 14:40:36.147,0.66591,0.6661,1.00,1.00
2015.10.26 14:40:36.439,0.6659,0.66614,1.00,1.00
2015.10.26 14:40:36.540,0.6659,0.66611,1.00,1.00
2015.10.26 14:40:36.927,0.66589,0.66615,1.00,1.00
2015.10.26 14:40:38.937,0.66589,0.66611,1.00,1.00
2015.10.26 14:40:39.159,0.66589,0.66615,1.00,1.00
2015.10.26 14:40:39.790,0.66591,0.66611,1.60,1.00
2015.10.26 14:40:39.842,0.66595,0.66615,1.00,1.00
2015.10.26 14:40:39.892,0.66601,0.66621,1.00,1.00
2015.10.26 14:40:39.943,0.66601,0.66625,1.00,1.00
2015.10.26 14:40:40.331,0.66605,0.66626,1.00,1.00
2015.10.26 14:40:40.382,0.66605,0.66631,1.00,2.25
2015.10.26 14:40:40.995,0.66609,0.66631,1.00,1.00
2015.10.26 14:40:41.317,0.66605,0.66626,1.00,1.00
2015.10.26 14:40:42.660,0.66603,0.66621,1.00,1.00
2015.10.26 14:40:45.942,0.66602,0.66621,1.00,1.00
2015.10.26 14:40:46.244,0.666,0.66621,1.00,1.00
2015.10.26 14:40:46.345,0.66602,0.66621,1.00,1.00
2015.10.26 14:40:46.819,0.66602,0.66626,1.00,1.00
2015.10.26 14:40:47.238,0.66604,0.66626,1.00,1.00
2015.10.26 14:40:47.457,0.66602,0.66626,1.00,1.00
2015.10.26 14:40:49.823,0.66604,0.66626,1.00,1.00
2015.10.26 14:40:49.937,0.66604,0.66628,1.00,1.00
2015.10.26 14:40:50.096,0.66604,0.66625,1.00,1.00
2015.10.26 14:40:50.297,0.66604,0.66629,1.00,1.00
2015.10.26 14:40:50.515,0.66608,0.6663,1.00,1.00
2015.10.26 14:40:51.050,0.66608,0.66631,1.00,1.00
2015.10.26 14:40:51.610,0.66608,0.6663,1.00,1.00
2015.10.26 14:40:52.657,0.66608,0.66631,1.00,1.00
2015.10.26 14:40:53.974,0.66608,0.6663,1.00,1.00
2015.10.26 14:40:54.966,0.66611,0.6663,1.00,1.00
2015.10.26 14:40:55.365,0.6661,0.66636,1.00,2.25
2015.10.26 14:40:55.685,0.66615,0.66635,1.00,1.00
2015.10.26 14:40:55.836,0.66613,0.66635,1.00,1.00
2015.10.26 14:40:56.124,0.66611,0.66636,1.00,1.00
2015.10.26 14:40:56.205,0.66611,0.66631,1.00,1.00
2015.10.26 14:40:57.100,0.66611,0.6663,1.00,1.00
2015.10.26 14:40:57.633,0.6661,0.66631,1.00,1.00
2015.10.26 14:40:58.202,0.66612,0.6663,1.00,1.00
2015.10.26 14:40:58.252,0.6661,0.6663,1.00,1.00
2015.10.26 14:40:58.303,0.6661,0.66634,1.00,1.00
2015.10.26 14:40:58.586,0.66613,0.66635,1.00,1.00
2015.10.26 14:40:59.336,0.66612,0.66636,1.00,1.50
2015.10.26 14:40:59.886,0.66616,0.66636,1.00,1.00
2015.10.26 14:41:00.693,0.66615,0.66635,1.00,1.00
2015.10.26 14:41:01.210,0.66616,0.66636,1.00,1.00
2015.10.26 14:41:01.528,0.66621,0.66636,1.00,1.00
2015.10.26 14:41:02.402,0.66621,0.66641,1.00,1.00
2015.10.26 14:41:02.503,0.66621,0.66635,1.00,1.00
2015.10.26 14:41:03.025,0.6662,0.66636,1.00,1.00
2015.10.26 14:41:03.176,0.66615,0.66636,1.00,1.00
2015.10.26 14:41:03.749,0.66616,0.66635,1.00,1.00
2015.10.26 14:41:05.130,0.66611,0.6663,1.00,1.00
2015.10.26 14:41:05.445,0.66614,0.6663,1.00,1.00
2015.10.26 14:41:05.496,0.6661,0.66631,1.00,1.00
2015.10.26 14:41:05.832,0.66606,0.66631,1.00,1.00
2015.10.26 14:41:06.367,0.66601,0.66626,1.00,1.00
2015.10.26 14:41:06.469,0.66598,0.66624,1.00,1.00
2015.10.26 14:41:06.576,0.66598,0.66621,1.00,1.00
2015.10.26 14:41:07.227,0.66598,0.6662,1.00,1.00
2015.10.26 14:41:07.731,0.66598,0.66621,1.00,1.00
2015.10.26 14:41:08.335,0.66597,0.66621,1.00,1.00
2015.10.26 14:41:08.651,0.66597,0.66615,1.00,1.00
2015.10.26 14:41:08.802,0.66594,0.66615,1.00,1.00
2015.10.26 14:41:09.322,0.66594,0.66616,1.00,1.00
2015.10.26 14:41:09.705,0.66592,0.66616,1.00,1.00
2015.10.26 14:41:09.805,0.6659,0.66616,1.00,1.50
2015.10.26 14:41:11.146,0.6659,0.66615,1.00,1.00
2015.10.26 14:41:11.409,0.66591,0.66617,1.00,1.00
2015.10.26 14:41:11.459,0.66598,0.66621,1.00,1.00
2015.10.26 14:41:12.010,0.66598,0.6662,1.00,1.00
2015.10.26 14:41:12.950,0.66598,0.66621,1.00,1.00
2015.10.26 14:41:13.871,0.66596,0.66621,1.00,1.00
2015.10.26 14:41:14.416,0.66596,0.6662,1.00,1.00
2015.10.26 14:41:15.197,0.66594,0.66616,1.00,1.00
2015.10.26 14:41:15.248,0.6659,0.66616,1.00,1.50
2015.10.26 14:41:15.859,0.66591,0.66615,1.00,1.00
2015.10.26 14:41:16.157,0.6659,0.66612,1.00,1.00
2015.10.26 14:41:16.671,0.66589,0.66615,1.00,2.25
2015.10.26 14:41:16.873,0.66589,0.66611,1.00,1.00
2015.10.26 14:41:17.087,0.66589,0.66615,1.00,2.25
2015.10.26 14:41:17.137,0.66592,0.66615,1.00,1.00
2015.10.26 14:41:17.718,0.66594,0.66616,1.00,1.00
2015.10.26 14:41:17.864,0.66592,0.66616,1.00,1.00
2015.10.26 14:41:18.678,0.66593,0.66616,1.00,1.00
2015.10.26 14:41:19.469,0.66594,0.66616,1.00,1.00
2015.10.26 14:41:19.974,0.66596,0.66615,1.00,1.00
2015.10.26 14:41:20.075,0.66596,0.66621,1.00,1.00
2015.10.26 14:41:20.176,0.66602,0.66621,1.00,1.00
2015.10.26 14:41:20.327,0.66602,0.66626,1.00,1.00
2015.10.26 14:41:20.787,0.66598,0.66621,1.00,1.50
2015.10.26 14:41:20.841,0.66595,0.66621,1.00,2.25
2015.10.26 14:41:21.204,0.66597,0.66621,1.00,2.25
2015.10.26 14:41:21.515,0.66597,0.66615,1.00,1.00
2015.10.26 14:41:22.206,0.66597,0.66616,1.00,1.00
2015.10.26 14:41:23.797,0.66595,0.66616,1.00,1.00
2015.10.26 14:41:24.410,0.66596,0.66616,1.00,1.00
2015.10.26 14:41:25.798,0.66594,0.66615,1.00,1.00
2015.10.26 14:41:26.319,0.66593,0.66616,1.00,1.00
2015.10.26 14:41:26.369,0.66591,0.66611,1.00,1.00
2015.10.26 14:41:26.802,0.66594,0.66611,1.00,1.00
2015.10.26 14:41:26.903,0.66594,0.66615,1.00,1.00
2015.10.26 14:41:27.427,0.66592,0.66615,1.00,1.00
2015.10.26 14:41:28.130,0.66593,0.66615,1.00,1.00
2015.10.26 14:41:28.996,0.66593,0.66616,1.00,1.00
2015.10.26 14:41:29.564,0.66595,0.66616,1.00,1.00
2015.10.26 14:41:30.402,0.66595,0.66615,1.00,1.00
2015.10.26 14:41:30.961,0.66595,0.66616,1.00,1.00
2015.10.26 14:41:31.730,0.66597,0.6662,1.00,1.00
2015.10.26 14:41:31.780,0.66601,0.6662,1.00,1.00
2015.10.26 14:41:32.046,0.66601,0.66625,1.00,1.00
2015.10.26 14:41:32.197,0.66605,0.66631,1.00,1.50
2015.10.26 14:41:32.310,0.66607,0.66631,1.00,1.00
2015.10.26 14:41:32.842,0.66607,0.6663,1.00,1.00
2015.10.26 14:41:34.906,0.66607,0.66631,1.00,1.00
2015.10.26 14:41:35.427,0.66608,0.6663,1.00,1.00
2015.10.26 14:41:35.930,0.66606,0.66626,1.00,1.00
2015.10.26 14:41:36.229,0.66606,0.6663,1.00,1.00
2015.10.26 14:41:36.664,0.66606,0.66626,1.00,1.00
2015.10.26 14:41:37.386,0.66606,0.6663,1.00,1.50
2015.10.26 14:41:37.443,0.66604,0.6663,1.00,1.50
2015.10.26 14:41:37.994,0.66606,0.6663,1.00,1.00
2015.10.26 14:41:38.860,0.66606,0.66631,1.00,1.50
2015.10.26 14:41:39.414,0.66606,0.66628,1.00,1.00
2015.10.26 14:41:39.464,0.66603,0.66628,1.00,1.00
2015.10.26 14:41:39.565,0.66601,0.66625,1.00,1.00
2015.10.26 14:41:39.666,0.66598,0.66624,1.00,1.00
2015.10.26 14:41:40.103,0.66599,0.66622,1.00,1.00
2015.10.26 14:41:40.419,0.66596,0.66621,1.00,1.00
2015.10.26 14:41:40.963,0.66596,0.6662,1.00,1.00
2015.10.26 14:41:41.509,0.66596,0.66621,1.00,1.00
2015.10.26 14:41:42.176,0.66594,0.6662,1.00,1.00
2015.10.26 14:41:42.277,0.66594,0.66615,1.00,1.00
2015.10.26 14:41:42.775,0.66589,0.66611,1.00,1.00
2015.10.26 14:41:42.977,0.66592,0.6661,1.00,1.00
2015.10.26 14:41:43.077,0.66592,0.66616,1.00,1.50
2015.10.26 14:41:43.178,0.66594,0.66616,1.00,1.00
2015.10.26 14:41:44.111,0.66596,0.66621,1.00,1.00
2015.10.26 14:41:45.959,0.66598,0.66624,1.00,1.00
2015.10.26 14:41:46.271,0.666,0.66625,1.00,1.00
2015.10.26 14:41:47.164,0.66599,0.66625,1.00,1.50
2015.10.26 14:41:47.474,0.66598,0.66623,1.00,1.00
2015.10.26 14:41:47.776,0.66597,0.6662,1.00,1.00
2015.10.26 14:41:47.935,0.66595,0.66619,1.00,1.00
2015.10.26 14:41:48.445,0.66595,0.66621,1.00,1.50
2015.10.26 14:41:48.984,0.66596,0.66621,1.00,1.00
2015.10.26 14:41:49.216,0.66598,0.66621,1.00,1.00
2015.10.26 14:41:49.317,0.66598,0.66624,1.00,1.00
2015.10.26 14:41:49.932,0.66597,0.66623,1.00,1.00
2015.10.26 14:41:50.902,0.66599,0.66625,1.00,2.25
2015.10.26 14:41:51.235,0.66598,0.66621,1.00,1.00
2015.10.26 14:41:51.696,0.66594,0.66619,1.00,1.00
2015.10.26 14:41:52.258,0.66595,0.66619,1.00,1.50
2015.10.26 14:41:52.395,0.66593,0.66619,1.00,1.50
2015.10.26 14:41:52.546,0.66595,0.66621,1.00,1.50
2015.10.26 14:41:52.887,0.66593,0.66619,1.00,1.00
2015.10.26 14:41:53.501,0.66591,0.66615,1.00,1.00
2015.10.26 14:41:53.615,0.66589,0.66615,1.00,1.00
2015.10.26 14:41:54.800,0.66588,0.66614,1.00,1.00
2015.10.26 14:41:54.850,0.66588,0.66611,1.00,1.00
2015.10.26 14:41:55.704,0.66587,0.66613,1.00,1.00
2015.10.26 14:41:56.713,0.66588,0.66614,1.00,1.00
2015.10.26 14:41:57.236,0.66589,0.66615,1.00,1.00
2015.10.26 14:41:58.233,0.6659,0.66616,1.00,1.00
2015.10.26 14:42:01.011,0.66591,0.66616,1.00,1.00
2015.10.26 14:42:01.612,0.66591,0.66617,1.00,1.00
2015.10.26 14:42:02.429,0.66591,0.66616,1.00,1.00
2015.10.26 14:42:02.756,0.66593,0.66615,1.00,1.00
2015.10.26 14:42:03.308,0.66593,0.66616,1.00,1.00
2015.10.26 14:42:03.816,0.66592,0.66616,1.00,1.00
2015.10.26 14:42:04.696,0.66592,0.66615,1.00,1.00
2015.10.26 14:42:05.261,0.66592,0.66616,1.00,1.00
2015.10.26 14:42:07.271,0.66584,0.6661,1.50,1.00
2015.10.26 14:42:07.377,0.66587,0.6661,1.00,1.00
2015.10.26 14:42:07.676,0.66587,0.66613,1.00,1.00
2015.10.26 14:42:07.833,0.6659,0.66616,1.00,1.50
2015.10.26 14:42:08.410,0.6659,0.66615,1.00,1.00
2015.10.26 14:42:09.781,0.6659,0.66616,1.00,1.50
2015.10.26 14:42:13.343,0.66591,0.66616,1.00,1.00
2015.10.26 14:42:13.665,0.66592,0.66618,1.00,1.00
2015.10.26 14:42:14.185,0.66593,0.66616,1.00,1.00
2015.10.26 14:42:14.303,0.66593,0.66619,1.00,1.00
2015.10.26 14:42:15.832,0.66592,0.66618,1.00,1.00
2015.10.26 14:42:16.200,0.66594,0.66616,1.00,1.00
2015.10.26 14:42:16.301,0.66589,0.66613,1.00,1.00
2015.10.26 14:42:16.353,0.66589,0.66611,1.00,1.00
2015.10.26 14:42:17.705,0.66586,0.66611,1.00,1.00
2015.10.26 14:42:17.806,0.66586,0.66606,1.00,1.00
2015.10.26 14:42:17.957,0.66584,0.66605,1.00,1.00
2015.10.26 14:42:18.862,0.66584,0.6661,1.00,1.00
2015.10.26 14:42:19.655,0.66584,0.66606,1.00,1.00
2015.10.26 14:42:20.224,0.66583,0.66606,1.00,1.00
2015.10.26 14:42:20.823,0.66582,0.66606,1.00,1.00
2015.10.26 14:42:21.614,0.66585,0.66605,1.00,1.00
2015.10.26 14:42:22.166,0.66585,0.66606,1.00,1.00
2015.10.26 14:42:23.004,0.66583,0.66606,1.00,1.00
2015.10.26 14:42:23.571,0.66584,0.66606,1.00,1.00
2015.10.26 14:42:24.105,0.66583,0.66606,1.00,1.00
2015.10.26 14:42:24.836,0.66583,0.66609,1.00,1.50
2015.10.26 14:42:25.309,0.6658,0.66606,1.00,1.50
2015.10.26 14:42:25.823,0.66579,0.66605,1.00,1.00
2015.10.26 14:42:26.129,0.66584,0.6661,1.00,2.25
2015.10.26 14:42:26.755,0.66583,0.66609,1.00,1.00
2015.10.26 14:42:27.262,0.6658,0.66605,1.00,1.00
2015.10.26 14:42:27.564,0.66579,0.66602,1.00,1.00
2015.10.26 14:42:27.615,0.66576,0.666,1.00,1.00
2015.10.26 14:42:30.303,0.6658,0.66606,1.00,2.25
2015.10.26 14:42:30.604,0.66583,0.66606,1.00,1.00
2015.10.26 14:42:31.488,0.66583,0.66605,1.00,1.00
2015.10.26 14:42:32.025,0.6658,0.66605,1.00,1.00
2015.10.26 14:42:32.346,0.66579,0.66601,1.00,1.00
2015.10.26 14:42:32.737,0.66577,0.666,1.00,1.00
2015.10.26 14:42:33.295,0.66577,0.66601,1.00,1.50
2015.10.26 14:42:35.083,0.66579,0.66601,1.00,1.00
2015.10.26 14:42:35.806,0.66581,0.66601,1.00,1.00
2015.10.26 14:42:35.856,0.66581,0.66605,1.00,1.50
2015.10.26 14:42:35.963,0.66583,0.66605,1.00,1.00
2015.10.26 14:42:36.315,0.6658,0.66605,1.00,1.00
2015.10.26 14:42:37.119,0.6658,0.666,1.00,1.00
2015.10.26 14:42:37.169,0.6658,0.66605,1.00,1.00
2015.10.26 14:42:38.360,0.6658,0.66601,1.00,1.00
2015.10.26 14:42:38.929,0.6658,0.66603,1.00,1.00
2015.10.26 14:42:39.030,0.6658,0.66601,1.00,1.00
2015.10.26 14:42:39.573,0.66581,0.66604,1.00,1.00
2015.10.26 14:42:40.604,0.66581,0.666,1.00,1.00
2015.10.26 14:42:40.705,0.66581,0.66605,1.00,1.00
2015.10.26 14:42:40.806,0.66581,0.666,1.00,1.00
2015.10.26 14:42:41.158,0.66579,0.666,1.00,1.00
2015.10.26 14:42:41.324,0.66579,0.66603,1.00,1.00
2015.10.26 14:42:41.792,0.66579,0.66601,1.00,1.00
2015.10.26 14:42:42.304,0.66578,0.66601,1.00,1.00
2015.10.26 14:42:42.612,0.66588,0.66611,1.00,1.00
2015.10.26 14:42:43.091,0.66586,0.66606,1.00,1.00
2015.10.26 14:42:43.653,0.66586,0.66601,1.00,1.00
2015.10.26 14:42:43.704,0.66584,0.66601,1.00,1.00
2015.10.26 14:42:43.805,0.6658,0.66601,1.00,1.00
2015.10.26 14:42:43.855,0.6658,0.66596,1.00,1.00
2015.10.26 14:42:44.007,0.66578,0.66601,1.00,1.00
2015.10.26 14:42:44.531,0.66578,0.666,1.00,1.00
2015.10.26 14:42:45.065,0.66578,0.66601,1.00,1.00
2015.10.26 14:42:46.185,0.66578,0.666,1.00,1.00
2015.10.26 14:42:46.746,0.66578,0.66601,1.00,1.00
2015.10.26 14:42:46.897,0.66575,0.66601,1.00,1.50
2015.10.26 14:42:46.947,0.66575,0.66596,1.00,1.00
2015.10.26 14:42:47.409,0.66575,0.66601,1.00,1.50
2015.10.26 14:42:47.513,0.66577,0.66601,1.00,1.50
2015.10.26 14:42:48.073,0.66578,0.666,1.00,1.00
2015.10.26 14:42:48.779,0.6658,0.666,1.00,1.00
2015.10.26 14:42:48.830,0.66583,0.66606,1.00,1.50
2015.10.26 14:42:48.881,0.66581,0.66606,1.00,1.50
2015.10.26 14:42:48.982,0.66584,0.66606,1.00,1.00
2015.10.26 14:42:49.504,0.66584,0.66605,1.00,1.00
2015.10.26 14:42:50.611,0.66583,0.66605,1.00,1.00
2015.10.26 14:42:50.957,0.66582,0.666,1.00,1.00
2015.10.26 14:42:51.159,0.66579,0.66601,1.00,1.00
2015.10.26 14:42:52.009,0.66576,0.66601,1.00,1.00
2015.10.26 14:42:52.163,0.66579,0.66601,1.00,1.00
2015.10.26 14:42:52.519,0.66583,0.66605,1.00,1.00
2015.10.26 14:42:52.620,0.66581,0.66605,1.00,1.00
2015.10.26 14:42:53.031,0.66577,0.66603,1.00,1.50
2015.10.26 14:42:53.082,0.66577,0.66599,1.00,1.00
2015.10.26 14:42:53.284,0.66575,0.66599,1.00,1.00
2015.10.26 14:42:54.342,0.66575,0.66596,1.00,1.00
2015.10.26 14:42:54.392,0.66573,0.66596,1.00,1.00
2015.10.26 14:42:55.478,0.66571,0.66596,1.00,1.00
2015.10.26 14:42:55.886,0.6657,0.6659,1.00,1.00
2015.10.26 14:42:56.064,0.6657,0.66594,1.00,1.00
2015.10.26 14:42:56.741,0.66569,0.66593,1.00,1.00
2015.10.26 14:42:56.982,0.66571,0.66594,1.00,1.00
2015.10.26 14:42:58.044,0.66571,0.66591,1.00,1.00
2015.10.26 14:42:58.282,0.66571,0.66595,1.00,1.00
2015.10.26 14:42:58.332,0.66573,0.66595,1.00,1.00
2015.10.26 14:42:58.645,0.66575,0.66596,1.00,1.00
2015.10.26 14:42:59.178,0.66575,0.666,1.00,1.50
2015.10.26 14:42:59.229,0.66578,0.666,1.00,1.50
2015.10.26 14:42:59.632,0.66576,0.666,1.00,1.00
2015.10.26 14:43:01.041,0.66575,0.66599,1.00,1.00
2015.10.26 14:43:01.243,0.66575,0.66596,1.00,1.00
2015.10.26 14:43:01.415,0.66573,0.66596,1.00,1.00
2015.10.26 14:43:02.282,0.66573,0.66595,1.00,1.00
2015.10.26 14:43:02.942,0.66573,0.66596,1.00,1.00
2015.10.26 14:43:03.148,0.66571,0.66595,1.00,1.00
2015.10.26 14:43:03.719,0.66566,0.66591,1.00,1.00
2015.10.26 14:43:03.820,0.66568,0.66591,1.00,1.00
2015.10.26 14:43:05.116,0.66566,0.6659,1.00,1.50
2015.10.26 14:43:05.682,0.66564,0.6659,1.00,1.00
2015.10.26 14:43:10.543,0.66565,0.66589,1.00,1.00
2015.10.26 14:43:13.991,0.66561,0.66587,1.00,1.00
2015.10.26 14:43:14.373,0.66563,0.66589,1.00,1.50
2015.10.26 14:43:14.823,0.66565,0.66589,1.00,1.00
2015.10.26 14:43:14.912,0.66563,0.66589,1.00,1.00
2015.10.26 14:43:19.001,0.66566,0.6659,1.00,1.00
2015.10.26 14:43:19.331,0.66562,0.66588,1.00,1.00
2015.10.26 14:43:19.541,0.66566,0.6659,1.00,1.50
2015.10.26 14:43:19.783,0.66563,0.66589,1.00,1.00
2015.10.26 14:43:20.203,0.66565,0.66589,1.00,1.00
2015.10.26 14:43:21.187,0.66563,0.66589,1.00,1.00
2015.10.26 14:43:22.540,0.66564,0.6659,1.00,1.50
2015.10.26 14:43:23.533,0.66561,0.66587,1.00,1.00
2015.10.26 14:43:24.229,0.66561,0.66586,1.00,1.00
2015.10.26 14:43:27.001,0.66561,0.66585,1.00,1.00
2015.10.26 14:43:27.336,0.6656,0.66581,1.00,1.00
2015.10.26 14:43:27.786,0.66559,0.66583,1.00,1.00
2015.10.26 14:43:28.293,0.66559,0.66581,1.00,1.00
2015.10.26 14:43:28.711,0.66557,0.66581,1.00,1.50
2015.10.26 14:43:28.812,0.66555,0.6658,1.00,1.00
2015.10.26 14:43:29.187,0.66558,0.66581,1.00,1.00
2015.10.26 14:43:29.338,0.66558,0.66584,1.00,1.00
2015.10.26 14:43:29.561,0.66558,0.66582,1.00,1.00
2015.10.26 14:43:30.009,0.66556,0.66582,1.00,1.00
2015.10.26 14:43:30.542,0.66556,0.6658,1.00,1.00
2015.10.26 14:43:31.196,0.66556,0.66581,1.00,1.00
2015.10.26 14:43:34.673,0.66556,0.6658,1.00,1.00
2015.10.26 14:43:36.101,0.66556,0.66581,1.00,1.00
2015.10.26 14:43:36.995,0.66556,0.6658,1.00,1.00
2015.10.26 14:43:37.791,0.66556,0.66581,1.00,1.00
2015.10.26 14:43:38.521,0.66556,0.6658,1.00,1.00
2015.10.26 14:43:39.115,0.66556,0.66581,1.00,1.00
2015.10.26 14:43:40.571,0.66554,0.6658,1.00,1.00
2015.10.26 14:43:40.672,0.66552,0.66578,1.00,1.00
2015.10.26 14:43:41.056,0.66552,0.66576,1.00,1.00
2015.10.26 14:43:41.570,0.66551,0.66576,1.00,1.00
2015.10.26 14:43:42.238,0.66554,0.66576,1.00,1.00
2015.10.26 14:43:42.929,0.66555,0.66576,1.00,1.00
2015.10.26 14:43:43.090,0.66553,0.66576,1.00,1.00
2015.10.26 14:43:44.340,0.6655,0.66576,1.00,1.50
2015.10.26 14:43:46.261,0.66552,0.66576,1.00,1.50
2015.10.26 14:43:46.794,0.66553,0.66576,1.00,1.00
2015.10.26 14:43:48.351,0.66553,0.6657,1.00,1.00
2015.10.26 14:43:48.402,0.6655,0.6657,1.00,1.00
2015.10.26 14:43:49.016,0.66552,0.66571,1.00,1.00
2015.10.26 14:43:49.067,0.66552,0.66576,1.00,1.50
2015.10.26 14:43:49.241,0.66554,0.66575,1.00,1.00
2015.10.26 14:43:49.820,0.66554,0.66576,1.00,1.00
2015.10.26 14:43:50.674,0.66554,0.66575,1.00,1.00
2015.10.26 14:43:51.660,0.66552,0.66575,1.00,1.00
2015.10.26 14:43:52.244,0.66552,0.66576,1.00,1.00
2015.10.26 14:43:52.872,0.66552,0.6657,1.00,1.00
2015.10.26 14:43:53.539,0.66551,0.6657,1.00,1.00
2015.10.26 14:43:53.589,0.66549,0.6657,1.00,1.00
2015.10.26 14:43:55.432,0.66549,0.66571,1.00,1.00
2015.10.26 14:43:55.500,0.66551,0.66571,1.00,1.00
2015.10.26 14:43:57.160,0.66548,0.66571,1.00,1.00
2015.10.26 14:43:57.768,0.66548,0.6657,1.00,1.00
2015.10.26 14:43:58.425,0.66549,0.6657,1.00,1.00
2015.10.26 14:43:58.802,0.66546,0.6657,1.00,1.50
2015.10.26 14:43:59.428,0.66548,0.66571,1.00,1.00
2015.10.26 14:44:00.130,0.66548,0.6657,1.00,1.00
2015.10.26 14:44:00.987,0.66544,0.66566,1.00,1.00
2015.10.26 14:44:01.319,0.66547,0.66566,1.00,1.00
2015.10.26 14:44:01.951,0.66547,0.66571,1.00,1.00
2015.10.26 14:44:02.783,0.66546,0.66571,1.00,1.00
2015.10.26 14:44:02.834,0.66546,0.66566,1.00,1.00
2015.10.26 14:44:02.980,0.66544,0.66566,1.00,1.00
2015.10.26 14:44:03.724,0.6654,0.66566,1.00,1.50
2015.10.26 14:44:03.781,0.66536,0.6656,1.00,1.00
2015.10.26 14:44:04.111,0.66534,0.6656,1.00,1.00
2015.10.26 14:44:04.162,0.66534,0.66556,1.00,1.00
2015.10.26 14:44:04.413,0.6654,0.66564,1.00,1.00
2015.10.26 14:44:05.851,0.66538,0.66564,1.00,1.00
2015.10.26 14:44:06.211,0.6654,0.66564,1.00,1.00
2015.10.26 14:44:06.627,0.6654,0.66566,1.00,1.50
2015.10.26 14:44:09.514,0.66541,0.66565,1.00,1.00
2015.10.26 14:44:11.682,0.66539,0.66563,1.00,1.00
2015.10.26 14:44:11.807,0.66536,0.66562,1.00,1.00
2015.10.26 14:44:12.363,0.66537,0.66563,1.00,1.00
2015.10.26 14:44:13.086,0.66537,0.66561,1.00,1.00
2015.10.26 14:44:13.849,0.66538,0.66561,1.00,1.00
2015.10.26 14:44:14.382,0.66538,0.6656,1.00,1.00
2015.10.26 14:44:15.843,0.66538,0.66561,1.00,1.00
2015.10.26 14:44:16.045,0.66541,0.66565,1.00,1.00
2015.10.26 14:44:18.566,0.6654,0.66564,1.00,1.00
2015.10.26 14:44:18.711,0.66542,0.66566,1.00,1.00
2015.10.26 14:44:20.100,0.66542,0.66565,1.00,1.00
2015.10.26 14:44:20.871,0.66542,0.66566,1.00,1.00
2015.10.26 14:44:21.619,0.6654,0.66566,1.00,1.50
2015.10.26 14:44:23.554,0.66541,0.66565,1.00,1.00
2015.10.26 14:44:23.622,0.66541,0.66561,1.00,1.00
2015.10.26 14:44:24.101,0.66539,0.66561,1.00,1.00
2015.10.26 14:44:25.165,0.66539,0.6656,1.00,1.00
2015.10.26 14:44:25.266,0.66537,0.6656,1.00,1.50
2015.10.26 14:44:25.366,0.66534,0.66558,1.00,1.00
2015.10.26 14:44:25.529,0.66532,0.66556,1.00,1.00
2015.10.26 14:44:26.379,0.6653,0.66555,1.00,1.00
2015.10.26 14:44:26.860,0.66532,0.66556,1.00,1.00
2015.10.26 14:44:27.070,0.66534,0.6656,1.00,1.50
2015.10.26 14:44:27.662,0.66534,0.66556,1.00,1.00
2015.10.26 14:44:27.960,0.66531,0.66555,1.00,1.00
2015.10.26 14:44:28.212,0.66533,0.66556,1.00,1.00
2015.10.26 14:44:28.965,0.6653,0.66556,1.00,1.50
2015.10.26 14:44:29.559,0.6653,0.66555,1.00,1.00
2015.10.26 14:44:30.427,0.6653,0.66554,1.00,1.50
2015.10.26 14:44:32.835,0.66528,0.66554,1.00,1.00
2015.10.26 14:44:33.534,0.66529,0.66555,1.00,1.50
2015.10.26 14:44:33.685,0.66528,0.66553,1.00,1.00
2015.10.26 14:44:34.100,0.66528,0.6655,1.00,1.00
2015.10.26 14:44:34.151,0.66526,0.6655,1.00,1.50
2015.10.26 14:44:34.440,0.66524,0.6655,1.00,1.00
2015.10.26 14:44:37.299,0.66526,0.6655,1.00,1.00
2015.10.26 14:44:37.631,0.66524,0.6655,1.00,1.00
2015.10.26 14:44:38.849,0.66523,0.66549,1.00,1.00
2015.10.26 14:44:39.558,0.66526,0.66551,1.00,1.00
2015.10.26 14:44:41.300,0.66527,0.66551,1.00,1.00
2015.10.26 14:44:41.849,0.66529,0.66551,1.00,1.00
2015.10.26 14:44:41.899,0.66529,0.66555,1.00,1.00
2015.10.26 14:44:42.259,0.66531,0.66556,1.00,1.00
2015.10.26 14:44:42.641,0.66532,0.66558,1.00,1.00
2015.10.26 14:44:42.809,0.6653,0.66556,1.00,1.00
2015.10.26 14:44:43.111,0.66532,0.66557,1.00,1.00
2015.10.26 14:44:44.231,0.66532,0.66558,1.00,1.00
2015.10.26 14:44:45.111,0.66534,0.66558,1.00,1.00
2015.10.26 14:44:45.806,0.66534,0.6656,1.00,1.00
2015.10.26 14:44:46.468,0.66536,0.6656,1.00,1.50
2015.10.26 14:44:47.607,0.66538,0.66561,1.00,1.00
2015.10.26 14:44:47.658,0.66538,0.66564,1.00,1.50
2015.10.26 14:44:47.821,0.66538,0.6656,1.00,1.00
2015.10.26 14:44:47.972,0.66533,0.66557,1.00,1.00
2015.10.26 14:44:48.043,0.66533,0.66555,1.00,1.00
2015.10.26 14:44:48.669,0.66532,0.66556,1.00,1.50
2015.10.26 14:44:49.171,0.66531,0.66555,1.00,2.25
2015.10.26 14:44:51.333,0.66529,0.66553,1.00,1.00
2015.10.26 14:44:51.960,0.66527,0.66553,1.00,1.00
2015.10.26 14:44:52.787,0.66527,0.66551,1.00,1.00
2015.10.26 14:44:52.888,0.66525,0.66551,1.00,1.50
2015.10.26 14:44:52.952,0.66523,0.66549,1.00,1.00
2015.10.26 14:44:53.501,0.66524,0.66548,1.00,1.00
2015.10.26 14:44:53.987,0.66527,0.66553,1.00,1.00
2015.10.26 14:44:54.380,0.66525,0.66551,1.00,1.00
2015.10.26 14:44:54.706,0.66523,0.66549,1.00,1.00
2015.10.26 14:44:55.271,0.66522,0.66546,1.00,1.00
2015.10.26 14:44:55.333,0.66523,0.66549,1.00,1.00
2015.10.26 14:44:56.029,0.66526,0.6655,1.00,1.00
2015.10.26 14:44:56.683,0.66527,0.66553,1.00,1.00
2015.10.26 14:44:56.734,0.6653,0.66555,1.00,1.00
2015.10.26 14:44:57.082,0.66526,0.66552,1.00,1.00
2015.10.26 14:44:58.441,0.66526,0.6655,1.00,1.00
2015.10.26 14:44:58.669,0.66529,0.66555,1.00,1.50
2015.10.26 14:44:59.670,0.66525,0.66551,1.00,1.00
2015.10.26 14:44:59.989,0.66528,0.66552,1.00,1.00
2015.10.26 14:45:01.555,0.6653,0.66555,1.00,1.00
2015.10.26 14:45:02.189,0.66533,0.66557,1.00,1.00
2015.10.26 14:45:02.732,0.66532,0.66557,1.00,1.00
2015.10.26 14:45:03.508,0.66533,0.66557,1.00,1.00
2015.10.26 14:45:04.142,0.66531,0.66557,1.00,1.00
2015.10.26 14:45:04.193,0.66533,0.66559,1.00,1.00
2015.10.26 14:45:04.613,0.66532,0.66557,1.00,1.00
2015.10.26 14:45:06.490,0.66533,0.66557,1.00,1.00
2015.10.26 14:45:06.842,0.6653,0.66556,1.00,1.00
2015.10.26 14:45:08.242,0.66533,0.66557,1.00,1.50
2015.10.26 14:45:09.475,0.66532,0.66557,1.00,1.00
2015.10.26 14:45:10.022,0.66532,0.66558,1.00,1.00
2015.10.26 14:45:10.333,0.66532,0.66556,1.00,1.00
2015.10.26 14:45:11.150,0.66534,0.66558,1.00,1.00
2015.10.26 14:45:11.919,0.66538,0.66562,1.00,1.00
2015.10.26 14:45:12.460,0.66539,0.66563,1.00,1.00
2015.10.26 14:45:12.534,0.66537,0.66563,1.00,1.00
2015.10.26 14:45:13.245,0.66538,0.66564,1.00,1.50
2015.10.26 14:45:13.742,0.66536,0.66562,1.00,1.00
2015.10.26 14:45:15.216,0.66538,0.66564,1.00,1.50
2015.10.26 14:45:15.566,0.66536,0.6656,1.00,1.50
2015.10.26 14:45:16.491,0.66539,0.66565,1.00,2.25
2015.10.26 14:45:16.642,0.66537,0.66561,1.00,1.00
2015.10.26 14:45:16.843,0.66534,0.6656,1.00,1.00
2015.10.26 14:45:17.372,0.66535,0.66561,1.00,1.00
2015.10.26 14:45:17.749,0.66539,0.66565,1.00,1.50
2015.10.26 14:45:18.273,0.66538,0.66564,1.00,1.00
2015.10.26 14:45:19.194,0.66537,0.66563,1.00,1.00
2015.10.26 14:45:21.062,0.66539,0.66565,1.00,1.00
2015.10.26 14:45:21.465,0.66539,0.66563,1.00,1.00
2015.10.26 14:45:22.078,0.66539,0.66565,1.00,1.00
2015.10.26 14:45:23.108,0.66538,0.66564,1.00,1.00
2015.10.26 14:45:25.872,0.66536,0.66562,1.00,1.00
2015.10.26 14:45:26.213,0.66538,0.66562,1.00,1.00
2015.10.26 14:45:26.725,0.66539,0.66565,1.00,1.00
2015.10.26 14:45:27.405,0.66541,0.66567,1.00,1.00
2015.10.26 14:45:27.969,0.66545,0.66569,1.00,1.00
2015.10.26 14:45:28.020,0.66546,0.66572,1.00,1.00
2015.10.26 14:45:28.599,0.66545,0.66571,1.00,1.00
2015.10.26 14:45:29.509,0.66546,0.66572,1.00,1.00
2015.10.26 14:45:30.048,0.66547,0.66573,1.00,1.00
2015.10.26 14:45:31.028,0.66548,0.66572,1.00,1.00
2015.10.26 14:45:31.097,0.66546,0.6657,1.00,1.00
2015.10.26 14:45:33.261,0.66547,0.66571,1.00,1.00
2015.10.26 14:45:33.811,0.6655,0.66573,1.00,1.00
2015.10.26 14:45:34.408,0.6655,0.66574,1.00,1.00
2015.10.26 14:45:34.459,0.6655,0.66576,1.00,1.00
2015.10.26 14:45:34.560,0.66553,0.66577,1.00,1.00
2015.10.26 14:45:36.833,0.66552,0.66578,1.00,1.00
2015.10.26 14:45:37.837,0.66552,0.66577,1.00,1.00
2015.10.26 14:45:38.420,0.66552,0.66578,1.00,1.00
2015.10.26 14:45:39.960,0.66553,0.66579,1.00,1.00
2015.10.26 14:45:42.569,0.66552,0.66578,1.00,1.00
2015.10.26 14:45:42.983,0.6655,0.66576,1.00,1.00
2015.10.26 14:45:43.321,0.66552,0.66576,1.00,1.50
2015.10.26 14:45:45.854,0.66551,0.66577,1.00,1.00
2015.10.26 14:45:48.281,0.6655,0.66576,1.00,1.00
2015.10.26 14:45:49.100,0.66548,0.66574,1.00,1.00
2015.10.26 14:45:55.989,0.66548,0.66572,1.00,1.00
2015.10.26 14:45:56.317,0.66543,0.66569,1.00,1.00
2015.10.26 14:45:59.146,0.66544,0.6657,1.00,1.00
2015.10.26 14:45:59.731,0.66542,0.66568,1.00,1.00
2015.10.26 14:46:00.043,0.66547,0.66573,1.00,1.00
2015.10.26 14:46:00.423,0.66554,0.66576,1.00,1.00
2015.10.26 14:46:00.474,0.66554,0.6658,1.00,1.50
2015.10.26 14:46:01.002,0.66555,0.66579,1.00,1.00
2015.10.26 14:46:01.968,0.66553,0.66579,1.00,1.50
2015.10.26 14:46:02.582,0.66554,0.66579,1.00,1.00
2015.10.26 14:46:03.493,0.66553,0.66579,1.00,1.50
2015.10.26 14:46:04.037,0.66553,0.66578,1.00,1.00
2015.10.26 14:46:04.138,0.66552,0.66576,1.00,1.00
2015.10.26 14:46:04.926,0.66553,0.66575,1.00,1.00
2015.10.26 14:46:04.977,0.6655,0.66575,1.00,1.00
2015.10.26 14:46:05.380,0.66552,0.66576,1.00,1.00
2015.10.26 14:46:05.742,0.66552,0.66578,1.00,1.00
2015.10.26 14:46:07.351,0.66555,0.6658,1.00,1.00
2015.10.26 14:46:07.834,0.66559,0.66581,1.00,1.00
2015.10.26 14:46:08.752,0.66558,0.66581,1.00,1.00
2015.10.26 14:46:09.277,0.66558,0.66582,1.00,1.00
2015.10.26 14:46:09.771,0.66555,0.66581,1.00,1.50
2015.10.26 14:46:10.798,0.66555,0.66579,1.00,1.00
2015.10.26 14:46:11.100,0.66549,0.66573,1.00,1.00
2015.10.26 14:46:11.151,0.66547,0.66573,1.00,1.00
2015.10.26 14:46:11.558,0.66547,0.66571,1.00,1.00
2015.10.26 14:46:12.123,0.66547,0.6657,1.00,1.00
2015.10.26 14:46:12.453,0.66547,0.66573,1.00,1.00
2015.10.26 14:46:13.934,0.66547,0.66571,1.00,1.00
2015.10.26 14:46:14.470,0.66546,0.66572,1.00,1.00
2015.10.26 14:46:15.266,0.66544,0.6657,1.00,1.00
2015.10.26 14:46:16.667,0.66547,0.66571,1.00,1.00
2015.10.26 14:46:17.139,0.66545,0.66568,1.00,1.00
2015.10.26 14:46:17.240,0.6654,0.66566,1.00,1.50
2015.10.26 14:46:17.341,0.66538,0.66564,1.00,1.00
2015.10.26 14:46:19.901,0.66538,0.66561,1.00,1.00
2015.10.26 14:46:20.231,0.66538,0.66564,1.00,1.00
2015.10.26 14:46:21.868,0.66538,0.66562,1.00,1.00
2015.10.26 14:46:22.938,0.66541,0.66566,1.00,1.00
2015.10.26 14:46:23.089,0.66543,0.66566,1.00,1.00
2015.10.26 14:46:23.190,0.66547,0.66573,1.00,1.50
2015.10.26 14:46:26.055,0.66545,0.66571,1.00,1.50
2015.10.26 14:46:26.400,0.66542,0.66567,1.00,1.00
2015.10.26 14:46:27.039,0.66538,0.66562,1.00,1.00
2015.10.26 14:46:27.140,0.66535,0.66561,1.00,1.00
2015.10.26 14:46:28.801,0.66534,0.6656,1.00,1.00
2015.10.26 14:46:29.573,0.66535,0.66561,1.00,1.00
2015.10.26 14:46:30.499,0.66534,0.6656,1.00,1.00
2015.10.26 14:46:31.208,0.66533,0.66559,1.00,1.00
2015.10.26 14:46:31.808,0.66534,0.6656,1.00,1.50
2015.10.26 14:46:35.173,0.66533,0.66559,1.00,1.00
2015.10.26 14:46:35.223,0.66533,0.66556,1.00,1.00
2015.10.26 14:46:35.375,0.66529,0.66555,1.00,1.00
2015.10.26 14:46:35.626,0.66527,0.66553,1.00,1.00
2015.10.26 14:46:36.374,0.66526,0.66552,1.00,1.00
2015.10.26 14:46:37.009,0.66529,0.66553,1.00,1.00
2015.10.26 14:46:37.360,0.66529,0.66555,1.00,1.00
2015.10.26 14:46:37.877,0.6653,0.66554,1.00,1.00
2015.10.26 14:46:38.144,0.66531,0.66557,1.00,1.00
2015.10.26 14:46:38.245,0.66533,0.66559,1.00,2.10
2015.10.26 14:46:38.884,0.66534,0.66558,1.00,1.00
2015.10.26 14:46:41.107,0.66536,0.6656,1.00,1.00
2015.10.26 14:46:41.990,0.66534,0.6656,1.00,1.00
2015.10.26 14:46:43.495,0.66533,0.66557,1.00,1.00
2015.10.26 14:46:44.192,0.66534,0.66558,1.00,1.00
2015.10.26 14:46:44.269,0.66535,0.66561,1.00,1.50
2015.10.26 14:46:45.090,0.66535,0.6656,1.00,1.00
2015.10.26 14:46:46.668,0.66535,0.66561,1.00,2.25
2015.10.26 14:46:48.091,0.66534,0.66559,1.00,1.00
2015.10.26 14:46:48.242,0.66532,0.66558,1.00,1.00
2015.10.26 14:46:48.353,0.6653,0.66556,1.00,1.00
2015.10.26 14:46:48.704,0.66533,0.66559,1.00,1.50
2015.10.26 14:46:49.005,0.66536,0.66561,1.00,1.00
2015.10.26 14:46:49.379,0.66537,0.66563,1.00,1.00
2015.10.26 14:46:49.909,0.66536,0.66562,1.00,1.00
2015.10.26 14:46:51.969,0.66535,0.66561,1.00,1.00
2015.10.26 14:46:56.481,0.66535,0.66559,1.00,1.00
2015.10.26 14:46:57.567,0.66534,0.66558,1.00,1.00
2015.10.26 14:46:58.357,0.66532,0.66558,1.00,1.00
2015.10.26 14:46:58.993,0.66529,0.66555,1.00,1.00
2015.10.26 14:46:59.303,0.66529,0.66553,1.00,1.00
2015.10.26 14:46:59.813,0.6653,0.66556,1.00,1.00
2015.10.26 14:47:00.488,0.6653,0.66554,1.00,1.00
2015.10.26 14:47:00.658,0.6653,0.66556,1.00,1.00
2015.10.26 14:47:03.520,0.66531,0.66557,1.00,1.00
2015.10.26 14:47:03.722,0.66534,0.66557,1.00,1.00
2015.10.26 14:47:03.973,0.66534,0.6656,1.50,1.00
2015.10.26 14:47:04.414,0.66539,0.6656,1.00,1.00
2015.10.26 14:47:04.468,0.6654,0.66564,1.00,1.00
2015.10.26 14:47:05.048,0.66541,0.66565,1.00,1.00
2015.10.26 14:47:07.521,0.6654,0.66566,1.00,1.50
2015.10.26 14:47:07.810,0.66538,0.66562,1.00,1.00
2015.10.26 14:47:08.374,0.66537,0.66563,1.00,1.00
2015.10.26 14:47:09.461,0.66536,0.66562,1.00,1.00
2015.10.26 14:47:10.109,0.66537,0.66563,1.00,1.50
2015.10.26 14:47:10.709,0.66536,0.6656,1.00,1.00
2015.10.26 14:47:11.348,0.66534,0.66558,1.00,1.00
2015.10.26 14:47:11.999,0.66533,0.66559,1.00,1.00
2015.10.26 14:47:12.701,0.66535,0.66561,1.00,1.50
2015.10.26 14:47:13.228,0.66537,0.66563,1.00,1.00
2015.10.26 14:47:14.561,0.66539,0.66565,1.00,1.00
2015.10.26 14:47:15.630,0.66539,0.66563,1.00,1.00
2015.10.26 14:47:15.880,0.66539,0.66565,1.00,1.50
2015.10.26 14:47:17.378,0.66539,0.66563,1.00,1.00
2015.10.26 14:47:23.539,0.66537,0.66563,1.00,1.00
2015.10.26 14:47:24.865,0.66538,0.66564,1.00,1.50
2015.10.26 14:47:25.016,0.66541,0.66565,1.00,1.00
2015.10.26 14:47:26.291,0.66543,0.66566,1.00,1.00
2015.10.26 14:47:26.542,0.66545,0.66569,1.00,1.00
2015.10.26 14:47:26.865,0.66546,0.66572,1.00,1.00
2015.10.26 14:47:29.920,0.66547,0.66573,1.00,1.00
2015.10.26 14:47:30.358,0.66547,0.66571,1.00,1.00
2015.10.26 14:47:33.328,0.66547,0.66573,1.00,1.00
2015.10.26 14:47:33.480,0.66549,0.66573,1.00,1.00
2015.10.26 14:47:36.109,0.66547,0.66571,1.00,1.00
2015.10.26 14:47:36.447,0.66543,0.66569,1.00,1.00
2015.10.26 14:47:36.628,0.66545,0.66569,1.00,1.00
2015.10.26 14:47:36.779,0.66545,0.66571,1.00,1.00
2015.10.26 14:47:39.739,0.66545,0.66569,1.00,1.00
2015.10.26 14:47:41.086,0.66545,0.66571,1.00,1.00
2015.10.26 14:47:41.358,0.66548,0.66572,1.00,1.50
2015.10.26 14:47:42.838,0.66546,0.6657,1.00,1.00
2015.10.26 14:47:42.939,0.66544,0.6657,1.50,1.50
2015.10.26 14:47:43.578,0.66545,0.66569,1.00,1.00
2015.10.26 14:47:45.467,0.66544,0.6657,1.50,1.50
2015.10.26 14:47:45.889,0.66546,0.6657,1.00,1.50
2015.10.26 14:47:46.235,0.66552,0.66576,1.00,1.00
2015.10.26 14:47:47.322,0.66552,0.66575,1.00,1.00
2015.10.26 14:47:47.373,0.6655,0.66576,1.00,1.00
2015.10.26 14:47:47.774,0.66548,0.66574,1.00,1.00
2015.10.26 14:47:48.543,0.66547,0.66573,1.00,1.00
2015.10.26 14:47:48.874,0.66545,0.66571,1.50,1.00
2015.10.26 14:47:49.176,0.6654,0.66564,1.00,1.00
2015.10.26 14:47:49.711,0.66538,0.66564,1.00,1.00
2015.10.26 14:47:49.978,0.66544,0.66568,1.00,1.00
2015.10.26 14:47:50.079,0.66544,0.6657,1.00,1.00
2015.10.26 14:47:50.179,0.66547,0.66573,1.00,1.00
2015.10.26 14:47:51.337,0.66541,0.66567,1.00,1.00
2015.10.26 14:47:52.688,0.6654,0.66566,1.00,1.00
2015.10.26 14:47:53.859,0.66545,0.66566,1.00,1.00
2015.10.26 14:47:54.458,0.66544,0.66566,1.00,1.00
2015.10.26 14:47:55.247,0.6654,0.66566,1.00,1.00
2015.10.26 14:47:55.379,0.66544,0.66566,1.00,1.00
2015.10.26 14:47:55.819,0.66545,0.66569,1.00,1.00
2015.10.26 14:47:55.971,0.6655,0.66569,1.00,1.00
2015.10.26 14:47:56.410,0.66554,0.66577,1.00,1.00
2015.10.26 14:47:56.461,0.66554,0.6658,1.50,1.00
2015.10.26 14:47:57.198,0.66554,0.66579,1.00,1.00
2015.10.26 14:48:00.657,0.66555,0.66579,1.00,1.00
2015.10.26 14:48:01.089,0.66554,0.66577,1.00,1.00
2015.10.26 14:48:01.208,0.66551,0.66577,1.00,1.00
2015.10.26 14:48:02.354,0.66551,0.66575,1.00,1.00
2015.10.26 14:48:02.405,0.66549,0.66575,1.50,1.00
2015.10.26 14:48:03.172,0.6655,0.66576,1.00,1.00
2015.10.26 14:48:03.222,0.66554,0.66576,1.00,1.00
2015.10.26 14:48:03.681,0.66549,0.66575,1.50,1.00
2015.10.26 14:48:04.609,0.66549,0.66574,1.00,1.00
2015.10.26 14:48:05.181,0.66549,0.66573,1.00,1.00
2015.10.26 14:48:07.016,0.66551,0.66576,1.00,1.00
2015.10.26 14:48:11.007,0.66551,0.66577,1.00,1.50
2015.10.26 14:48:12.931,0.66552,0.66577,1.00,1.00
2015.10.26 14:48:12.981,0.66554,0.66577,1.00,1.00
2015.10.26 14:48:13.852,0.66557,0.66581,1.00,1.00
2015.10.26 14:48:13.953,0.66557,0.66583,1.00,1.00
2015.10.26 14:48:14.139,0.66554,0.66578,1.50,1.00
2015.10.26 14:48:14.706,0.66556,0.6658,1.00,1.00
2015.10.26 14:48:15.332,0.66555,0.66582,1.50,1.00
2015.10.26 14:48:15.837,0.6656,0.66582,1.00,1.00
2015.10.26 14:48:17.327,0.6656,0.66581,1.00,1.00
2015.10.26 14:48:18.665,0.6656,0.66579,1.00,1.00
2015.10.26 14:48:18.716,0.66555,0.66579,1.00,1.00
2015.10.26 14:48:20.023,0.66555,0.66581,1.00,1.00
2015.10.26 14:48:20.124,0.66557,0.66582,1.00,1.00
2015.10.26 14:48:20.326,0.66559,0.66586,1.00,2.10
2015.10.26 14:48:21.359,0.6656,0.66586,1.00,1.50
2015.10.26 14:48:22.012,0.66559,0.66586,1.00,1.50
2015.10.26 14:48:26.063,0.66559,0.66584,1.00,1.00
2015.10.26 14:48:26.525,0.66559,0.66586,1.00,1.00
2015.10.26 14:48:27.135,0.66558,0.66585,1.00,1.00
2015.10.26 14:48:27.915,0.66559,0.66585,1.00,1.00
2015.10.26 14:48:30.576,0.66559,0.66584,1.00,1.00
2015.10.26 14:48:31.226,0.6656,0.66584,1.00,1.00
2015.10.26 14:48:31.288,0.6656,0.66587,1.50,1.00
2015.10.26 14:48:31.878,0.6656,0.66586,1.00,1.00
2015.10.26 14:48:32.177,0.66558,0.66584,1.00,1.00
2015.10.26 14:48:34.507,0.66557,0.66584,1.00,1.00
2015.10.26 14:48:38.762,0.66557,0.66583,1.00,1.00
2015.10.26 14:48:38.813,0.66555,0.66583,1.00,1.50
2015.10.26 14:48:39.480,0.66556,0.66581,1.00,1.00
2015.10.26 14:48:39.848,0.66556,0.66583,1.00,1.50
2015.10.26 14:48:39.899,0.66556,0.66581,1.00,1.00
2015.10.26 14:48:40.433,0.66558,0.66585,1.00,1.50
2015.10.26 14:48:40.935,0.66555,0.66582,1.00,1.00
2015.10.26 14:48:41.438,0.66554,0.66581,1.50,1.00
2015.10.26 14:48:41.748,0.66554,0.66579,1.00,1.00
2015.10.26 14:48:43.556,0.66552,0.66579,1.00,1.00
2015.10.26 14:48:44.413,0.66554,0.66579,1.00,1.00
2015.10.26 14:48:44.577,0.66552,0.66579,1.00,1.00
2015.10.26 14:48:46.618,0.66552,0.66577,1.00,1.00
2015.10.26 14:48:47.656,0.66554,0.66579,1.50,1.00
2015.10.26 14:48:48.308,0.66555,0.66579,1.00,1.00
2015.10.26 14:48:49.284,0.66555,0.66578,1.00,1.00
2015.10.26 14:48:49.811,0.66554,0.66578,1.00,1.00
2015.10.26 14:48:50.664,0.66553,0.66578,1.00,1.00
2015.10.26 14:48:51.371,0.66554,0.66578,1.00,1.00
2015.10.26 14:48:52.232,0.66554,0.66577,1.00,1.00
2015.10.26 14:48:52.558,0.6655,0.66577,1.50,1.00
2015.10.26 14:48:53.068,0.66549,0.66577,1.50,1.00
2015.10.26 14:48:53.925,0.66549,0.66576,1.50,1.00
2015.10.26 14:48:55.022,0.66551,0.66578,1.00,1.00
2015.10.26 14:48:55.496,0.66554,0.66581,1.50,1.00
2015.10.26 14:48:55.814,0.66556,0.66581,1.00,1.00
2015.10.26 14:48:57.421,0.66554,0.66579,1.00,1.00
2015.10.26 14:48:57.673,0.66549,0.66575,1.50,1.00
2015.10.26 14:48:58.559,0.66546,0.66573,1.00,1.00
2015.10.26 14:49:02.805,0.66546,0.66571,1.00,1.00
2015.10.26 14:49:03.487,0.66545,0.66573,1.00,1.00
2015.10.26 14:49:03.994,0.66545,0.66572,1.50,1.00
2015.10.26 14:49:08.136,0.66544,0.66571,1.00,1.00
2015.10.26 14:49:08.353,0.66545,0.66573,1.00,1.00
2015.10.26 14:49:10.395,0.66544,0.66571,1.00,1.00
2015.10.26 14:49:10.909,0.66544,0.6657,1.00,1.00
2015.10.26 14:49:11.410,0.66543,0.6657,1.00,1.00
2015.10.26 14:49:12.648,0.6654,0.66567,1.50,1.00
2015.10.26 14:49:13.397,0.66539,0.66566,1.50,1.00
2015.10.26 14:49:17.170,0.66541,0.66568,1.00,1.00
2015.10.26 14:49:17.878,0.6654,0.66568,1.00,1.00
2015.10.26 14:49:18.530,0.66547,0.66572,1.00,1.00
2015.10.26 14:49:18.681,0.66544,0.6657,1.00,1.00
2015.10.26 14:49:18.737,0.66542,0.6657,1.00,1.00
2015.10.26 14:49:19.066,0.66544,0.6657,1.00,1.00
2015.10.26 14:49:19.301,0.66542,0.6657,1.00,1.00
2015.10.26 14:49:20.213,0.66544,0.6657,1.00,1.00
2015.10.26 14:49:20.628,0.66542,0.6657,1.00,1.00
2015.10.26 14:49:21.188,0.66541,0.66569,1.00,1.00
2015.10.26 14:49:23.389,0.66542,0.6657,1.00,1.00
2015.10.26 14:49:26.233,0.66543,0.66571,1.00,1.00
2015.10.26 14:49:27.122,0.66542,0.6657,1.00,1.00
2015.10.26 14:49:27.688,0.6654,0.66565,1.50,1.00
2015.10.26 14:49:27.924,0.6654,0.66568,1.00,1.00
2015.10.26 14:49:28.125,0.66543,0.66569,1.00,1.00
2015.10.26 14:49:28.246,0.66544,0.66572,1.00,1.00
2015.10.26 14:49:29.529,0.66549,0.66572,1.00,1.00
2015.10.26 14:49:29.889,0.66549,0.6657,1.00,1.00
2015.10.26 14:49:30.795,0.66544,0.66569,1.00,1.00
2015.10.26 14:49:30.896,0.66544,0.66571,1.00,1.00
2015.10.26 14:49:31.057,0.66549,0.66571,1.00,1.00
2015.10.26 14:49:32.081,0.66549,0.6657,1.00,1.00
2015.10.26 14:49:32.132,0.66545,0.6657,1.00,1.00
2015.10.26 14:49:32.741,0.66544,0.6657,1.50,1.00
2015.10.26 14:49:32.835,0.66544,0.66572,1.50,1.00
2015.10.26 14:49:33.839,0.66544,0.66571,1.00,1.00
2015.10.26 14:49:35.397,0.66546,0.66571,1.00,1.00
2015.10.26 14:49:35.716,0.66545,0.66569,1.00,1.00
2015.10.26 14:49:36.116,0.66542,0.66569,1.00,1.00
2015.10.26 14:49:38.176,0.66541,0.66569,1.00,1.00
2015.10.26 14:49:38.226,0.66544,0.66569,1.00,1.00
2015.10.26 14:49:38.445,0.6654,0.66568,1.00,1.00
2015.10.26 14:49:41.540,0.66542,0.66567,1.00,1.00
2015.10.26 14:49:41.964,0.66543,0.6657,1.00,1.00
2015.10.26 14:49:42.015,0.66545,0.6657,1.00,1.00
2015.10.26 14:49:42.536,0.66544,0.66569,1.50,1.00
2015.10.26 14:49:46.681,0.66541,0.66569,1.00,1.00
2015.10.26 14:49:47.275,0.66541,0.66568,1.00,1.00
2015.10.26 14:49:47.883,0.6654,0.66568,1.00,1.00
2015.10.26 14:49:49.013,0.6654,0.66567,1.00,1.00
2015.10.26 14:49:49.505,0.66538,0.66565,1.00,1.00
2015.10.26 14:49:49.908,0.6654,0.66567,1.00,1.50
2015.10.26 14:49:50.259,0.66542,0.66567,1.00,1.00
2015.10.26 14:49:50.971,0.6654,0.66567,1.00,1.00
2015.10.26 14:49:51.475,0.6654,0.66568,1.00,1.00
2015.10.26 14:49:51.865,0.6654,0.66565,1.00,1.00
2015.10.26 14:49:54.725,0.66541,0.66566,1.00,1.00
2015.10.26 14:49:59.015,0.66542,0.66569,1.00,2.10
2015.10.26 14:50:01.128,0.66545,0.66571,1.00,1.60
2015.10.26 14:50:01.183,0.66545,0.66571,1.50,1.00
2015.10.26 14:50:01.699,0.66544,0.66572,1.50,1.00
2015.10.26 14:50:03.313,0.66545,0.66571,1.00,1.00
2015.10.26 14:50:06.499,0.66544,0.6657,1.50,1.00
2015.10.26 14:50:07.218,0.66545,0.66569,1.00,1.00
2015.10.26 14:50:08.225,0.66545,0.66571,1.00,1.00
2015.10.26 14:50:09.378,0.66545,0.6657,1.00,1.00
2015.10.26 14:50:12.585,0.66545,0.66569,1.00,1.00
2015.10.26 14:50:12.685,0.66545,0.66571,1.00,1.00
2015.10.26 14:50:13.318,0.66545,0.6657,1.00,1.00
2015.10.26 14:50:14.343,0.66545,0.66571,1.00,1.00
2015.10.26 14:50:16.039,0.66539,0.66564,1.00,1.00
2015.10.26 14:50:16.144,0.66535,0.66561,1.00,1.00
2015.10.26 14:50:16.444,0.66534,0.66559,1.00,1.00
2015.10.26 14:50:17.022,0.66534,0.6656,1.00,1.50
2015.10.26 14:50:17.890,0.66535,0.6656,1.00,1.00
2015.10.26 14:50:18.633,0.66534,0.6656,1.00,1.00
2015.10.26 14:50:21.616,0.66534,0.66558,1.00,1.00
2015.10.26 14:50:22.946,0.66535,0.66558,1.00,1.00
2015.10.26 14:50:23.047,0.66534,0.66561,1.50,1.00
2015.10.26 14:50:23.148,0.66536,0.66563,1.00,1.00
2015.10.26 14:50:24.917,0.66536,0.66564,1.00,1.00
2015.10.26 14:50:25.969,0.66534,0.66562,1.50,1.00
2015.10.26 14:50:27.414,0.66534,0.6656,1.50,1.00
2015.10.26 14:50:29.966,0.66535,0.6656,1.00,1.00
2015.10.26 14:50:30.067,0.66535,0.66562,1.50,1.00
2015.10.26 14:50:32.136,0.66537,0.66562,1.00,1.00
2015.10.26 14:50:32.568,0.66538,0.66565,1.00,1.50
2015.10.26 14:50:32.829,0.6654,0.66565,1.00,1.00
2015.10.26 14:50:33.471,0.66544,0.66567,1.00,1.00
2015.10.26 14:50:33.524,0.66545,0.66571,1.00,1.00
2015.10.26 14:50:33.668,0.66546,0.66573,1.00,1.00
2015.10.26 14:50:35.329,0.66546,0.66571,1.00,1.00
2015.10.26 14:50:35.999,0.66544,0.6657,1.50,1.00
2015.10.26 14:50:36.200,0.66541,0.66568,1.00,1.00
2015.10.26 14:50:36.568,0.66539,0.66564,1.50,1.00
2015.10.26 14:50:36.669,0.6654,0.66567,1.00,1.00
2015.10.26 14:50:37.843,0.6655,0.66575,1.00,1.00
2015.10.26 14:50:38.458,0.66554,0.66575,1.00,1.00
2015.10.26 14:50:39.019,0.6655,0.66575,1.00,1.00
2015.10.26 14:50:39.960,0.66551,0.66579,1.00,1.50
2015.10.26 14:50:40.949,0.66551,0.66576,1.00,1.00
2015.10.26 14:50:42.294,0.66549,0.66576,1.00,1.00
2015.10.26 14:50:44.877,0.66549,0.66571,1.00,1.00
2015.10.26 14:50:45.287,0.6654,0.66568,1.00,1.00
2015.10.26 14:50:45.624,0.66539,0.66566,1.00,1.00
2015.10.26 14:50:46.984,0.6654,0.66567,1.00,1.00
2015.10.26 14:50:47.332,0.66545,0.6657,1.00,1.50
2015.10.26 14:50:47.583,0.6654,0.66567,1.00,1.00
2015.10.26 14:50:50.206,0.66539,0.66567,1.50,1.00
2015.10.26 14:50:51.087,0.66544,0.6657,1.00,1.00
2015.10.26 14:50:51.506,0.66542,0.6657,1.00,1.00
2015.10.26 14:50:51.927,0.66545,0.6657,1.00,1.00
2015.10.26 14:50:52.334,0.66543,0.66569,1.00,1.00
2015.10.26 14:50:53.111,0.66544,0.66569,1.00,1.00
2015.10.26 14:50:53.238,0.66547,0.66573,1.00,1.00
2015.10.26 14:50:54.472,0.66545,0.66572,1.00,1.00
2015.10.26 14:50:55.249,0.66546,0.66574,1.00,1.00
2015.10.26 14:50:55.347,0.66549,0.66574,1.00,1.00
2015.10.26 14:50:55.448,0.6655,0.66577,1.00,1.00
2015.10.26 14:50:55.907,0.6655,0.66574,1.00,1.00
2015.10.26 14:50:56.129,0.6655,0.66578,1.00,1.50
2015.10.26 14:50:58.416,0.66552,0.66578,1.00,1.00
2015.10.26 14:51:03.853,0.66551,0.66577,1.00,1.00
2015.10.26 14:51:08.229,0.66551,0.66579,1.00,1.00
2015.10.26 14:51:09.138,0.66554,0.6658,1.00,1.00
2015.10.26 14:51:09.749,0.66555,0.66581,1.00,1.00
2015.10.26 14:51:11.286,0.66555,0.6658,1.00,1.00
2015.10.26 14:51:11.903,0.66555,0.66581,1.00,1.00
2015.10.26 14:51:12.233,0.66554,0.66578,1.00,1.00
2015.10.26 14:51:12.791,0.66553,0.66578,1.00,1.00
2015.10.26 14:51:13.230,0.66555,0.66578,1.00,1.00
2015.10.26 14:51:13.844,0.66551,0.66578,1.00,1.00
2015.10.26 14:51:14.581,0.66554,0.66578,1.00,1.00
2015.10.26 14:51:16.455,0.66554,0.66577,1.00,1.00
2015.10.26 14:51:17.466,0.6655,0.66577,1.00,1.00
2015.10.26 14:51:18.092,0.66544,0.66568,1.00,1.00
2015.10.26 14:51:18.153,0.6654,0.66568,1.00,1.50
2015.10.26 14:51:18.370,0.6654,0.66565,1.00,1.00
2015.10.26 14:51:18.471,0.6654,0.66568,1.00,1.50
2015.10.26 14:51:18.672,0.66544,0.66568,1.00,1.50
2015.10.26 14:51:19.221,0.66539,0.66566,1.50,1.00
2015.10.26 14:51:19.474,0.6654,0.66568,1.00,1.50
2015.10.26 14:51:22.009,0.66545,0.66568,1.00,1.50
2015.10.26 14:51:22.610,0.66549,0.66571,1.00,1.00
2015.10.26 14:51:22.993,0.66546,0.66572,1.00,1.00
2015.10.26 14:51:23.815,0.66546,0.66571,1.00,1.00
2015.10.26 14:51:25.485,0.66545,0.66571,1.00,1.00
2015.10.26 14:51:26.368,0.66544,0.66571,1.50,1.00
2015.10.26 14:51:27.576,0.66545,0.66571,1.00,1.00
2015.10.26 14:51:28.576,0.66545,0.66572,1.50,1.50
2015.10.26 14:51:30.907,0.66544,0.6657,1.00,1.00
2015.10.26 14:51:33.310,0.66544,0.66571,1.00,1.00
2015.10.26 14:51:34.067,0.66543,0.66571,1.00,1.00
2015.10.26 14:51:34.630,0.66542,0.6657,1.00,1.00
2015.10.26 14:51:34.936,0.66547,0.66572,1.00,1.00
2015.10.26 14:51:35.886,0.66544,0.66569,1.50,1.00
2015.10.26 14:51:35.937,0.66544,0.66571,1.50,1.00
2015.10.26 14:51:36.149,0.66546,0.66571,1.00,1.00
2015.10.26 14:51:36.496,0.6655,0.66571,1.00,1.50
2015.10.26 14:51:37.059,0.66547,0.66573,1.00,1.50
2015.10.26 14:51:37.573,0.66547,0.66574,1.00,1.00
2015.10.26 14:51:38.446,0.66548,0.66575,1.00,1.00
2015.10.26 14:51:38.986,0.66548,0.66574,1.00,1.00
2015.10.26 14:51:39.136,0.66545,0.66572,1.00,1.00
2015.10.26 14:51:39.885,0.66541,0.66568,1.00,1.00
2015.10.26 14:51:43.313,0.66539,0.66567,1.50,1.00
2015.10.26 14:51:43.923,0.6654,0.66567,1.00,1.00
2015.10.26 14:51:44.675,0.6654,0.66568,1.50,1.00
2015.10.26 14:51:47.387,0.6654,0.66567,1.50,1.00
2015.10.26 14:51:48.215,0.66541,0.66567,1.00,1.00
2015.10.26 14:51:48.607,0.66544,0.66568,1.00,1.00
2015.10.26 14:51:48.696,0.66542,0.66568,1.00,1.00
2015.10.26 14:51:50.466,0.66544,0.66571,1.00,1.50
2015.10.26 14:51:50.936,0.66547,0.66573,1.00,1.00
2015.10.26 14:51:51.258,0.66551,0.66576,1.00,1.00
2015.10.26 14:51:51.358,0.66551,0.66579,1.00,1.50
2015.10.26 14:51:51.470,0.6655,0.66577,1.00,1.00
2015.10.26 14:51:52.145,0.66552,0.66579,1.00,1.00
2015.10.26 14:51:53.956,0.66554,0.66579,1.00,1.00
2015.10.26 14:51:54.516,0.66554,0.6658,1.00,1.50
2015.10.26 14:51:56.825,0.6655,0.66573,1.00,1.00
2015.10.26 14:51:56.876,0.66544,0.66571,1.50,1.00
2015.10.26 14:51:57.376,0.66544,0.66569,1.00,1.00
2015.10.26 14:51:57.998,0.66544,0.6657,1.00,1.50
2015.10.26 14:52:01.250,0.66544,0.66569,1.00,1.00
2015.10.26 14:52:02.747,0.66544,0.6657,1.00,1.00
2015.10.26 14:52:05.093,0.66545,0.66571,1.00,1.00
2015.10.26 14:52:05.195,0.66548,0.66575,1.00,2.25
2015.10.26 14:52:05.322,0.6655,0.66575,1.00,1.50
2015.10.26 14:52:05.857,0.6655,0.66574,1.00,1.00
2015.10.26 14:52:06.554,0.6655,0.66575,1.00,1.50
2015.10.26 14:52:07.060,0.66549,0.66575,1.00,1.00
2015.10.26 14:52:11.236,0.6655,0.66574,1.00,1.00
2015.10.26 14:52:13.764,0.6655,0.66572,1.00,1.00
2015.10.26 14:52:14.027,0.66545,0.66571,1.50,1.00
2015.10.26 14:52:14.410,0.66544,0.66569,1.00,1.00
2015.10.26 14:52:14.940,0.66544,0.66568,1.00,1.00
2015.10.26 14:52:15.115,0.66541,0.66568,1.00,1.00
2015.10.26 14:52:15.166,0.66541,0.66566,1.00,1.00
2015.10.26 14:52:17.065,0.66539,0.66566,1.00,1.50
2015.10.26 14:52:17.688,0.66545,0.66569,1.00,1.50
2015.10.26 14:52:18.216,0.66544,0.6657,1.50,1.00
2015.10.26 14:52:19.375,0.66545,0.6657,1.00,1.50
2015.10.26 14:52:20.888,0.66545,0.66572,1.00,1.00
2015.10.26 14:52:20.939,0.66549,0.66573,1.00,1.50
2015.10.26 14:52:21.452,0.66549,0.66574,1.00,1.00
2015.10.26 14:52:23.665,0.66549,0.66575,1.00,1.50
2015.10.26 14:52:24.085,0.66549,0.66577,1.50,1.50
2015.10.26 14:52:24.240,0.66549,0.66575,1.00,1.00
2015.10.26 14:52:24.664,0.6655,0.66573,1.00,1.00
2015.10.26 14:52:26.097,0.66549,0.66573,1.00,1.00
2015.10.26 14:52:26.195,0.6655,0.66575,1.00,1.00
2015.10.26 14:52:26.457,0.66552,0.66577,1.00,1.00
2015.10.26 14:52:27.469,0.6655,0.66576,1.50,1.00
2015.10.26 14:52:31.268,0.66549,0.66576,1.50,1.00
2015.10.26 14:52:31.369,0.66552,0.66577,1.00,1.50
2015.10.26 14:52:31.769,0.66554,0.66579,1.00,1.00
2015.10.26 14:52:33.240,0.66554,0.66578,1.00,1.00
2015.10.26 14:52:36.624,0.66555,0.6658,1.00,1.00
2015.10.26 14:52:37.193,0.66554,0.6658,1.00,1.00
2015.10.26 14:52:37.656,0.66556,0.6658,1.00,1.00
2015.10.26 14:52:38.738,0.66554,0.6658,1.00,1.00
2015.10.26 14:52:40.095,0.66554,0.66579,1.00,1.00
2015.10.26 14:52:40.750,0.66551,0.66579,1.00,1.50
2015.10.26 14:52:41.505,0.66551,0.66577,1.00,1.00
2015.10.26 14:52:41.656,0.66549,0.66576,1.50,1.00
2015.10.26 14:52:41.848,0.66551,0.66571,1.00,1.00
2015.10.26 14:52:42.150,0.66544,0.66569,1.00,1.00
2015.10.26 14:52:42.665,0.6654,0.66566,1.00,1.00
2015.10.26 14:52:42.716,0.66542,0.66568,1.00,1.00
2015.10.26 14:52:43.397,0.66542,0.66567,1.00,1.00
2015.10.26 14:52:43.499,0.66539,0.66566,1.50,1.00
2015.10.26 14:52:43.880,0.66545,0.66567,1.00,1.00
2015.10.26 14:52:44.173,0.66544,0.66571,1.00,1.00
2015.10.26 14:52:45.451,0.66544,0.66569,1.00,1.00
2015.10.26 14:52:47.025,0.6655,0.66569,1.00,1.00
2015.10.26 14:52:47.075,0.6655,0.66573,1.00,1.00
2015.10.26 14:52:47.126,0.66544,0.66572,1.50,1.00
2015.10.26 14:52:48.357,0.66544,0.6657,1.50,1.00
2015.10.26 14:52:52.815,0.66544,0.66571,1.00,1.00
2015.10.26 14:52:55.139,0.66544,0.6657,1.50,1.00
2015.10.26 14:52:56.026,0.6655,0.6657,1.00,1.00
2015.10.26 14:52:56.234,0.66544,0.6657,1.50,1.00
2015.10.26 14:52:58.582,0.66544,0.66572,1.50,1.00
2015.10.26 14:53:01.837,0.66544,0.66571,1.00,1.00
2015.10.26 14:53:02.066,0.66549,0.66571,1.00,1.00
2015.10.26 14:53:02.286,0.66544,0.66571,1.00,1.00
2015.10.26 14:53:04.771,0.66549,0.66572,1.00,1.00
2015.10.26 14:53:05.352,0.66549,0.66575,1.00,1.00
2015.10.26 14:53:06.213,0.66548,0.66575,1.00,1.00
2015.10.26 14:53:06.794,0.66549,0.66575,1.00,1.50
2015.10.26 14:53:07.074,0.66549,0.66573,1.00,1.00
2015.10.26 14:53:07.846,0.66548,0.66573,1.00,1.00
2015.10.26 14:53:08.404,0.66549,0.66573,1.00,1.00
2015.10.26 14:53:09.523,0.66548,0.66573,1.00,1.00
2015.10.26 14:53:09.575,0.66546,0.66574,1.00,1.00
2015.10.26 14:53:10.019,0.66545,0.66572,1.00,1.00
2015.10.26 14:53:10.353,0.66547,0.66573,1.00,1.00
2015.10.26 14:53:12.833,0.66546,0.66574,1.00,1.00
2015.10.26 14:53:14.431,0.66549,0.66574,1.00,1.00
2015.10.26 14:53:14.532,0.66548,0.66576,1.00,1.50
2015.10.26 14:53:15.035,0.66546,0.66574,1.00,1.00
2015.10.26 14:53:15.734,0.66545,0.66572,1.50,1.00
2015.10.26 14:53:15.785,0.66546,0.66574,1.00,1.00
2015.10.26 14:53:15.835,0.66546,0.66571,1.00,1.00
2015.10.26 14:53:15.936,0.66547,0.66573,1.00,1.00
2015.10.26 14:53:17.469,0.66549,0.66573,1.00,1.00
2015.10.26 14:53:17.574,0.66547,0.66573,1.00,1.00
2015.10.26 14:53:18.058,0.66545,0.66573,1.00,1.00
2015.10.26 14:53:19.140,0.66546,0.66573,1.00,1.00
2015.10.26 14:53:19.335,0.66549,0.66573,1.00,1.00
2015.10.26 14:53:19.498,0.66549,0.66575,1.50,1.50
2015.10.26 14:53:21.412,0.66549,0.66573,1.00,1.00
2015.10.26 14:53:21.940,0.66547,0.66573,1.00,1.00
2015.10.26 14:53:21.990,0.66549,0.66573,1.00,1.00
2015.10.26 14:53:22.083,0.66547,0.66573,1.00,1.00
2015.10.26 14:53:23.893,0.66545,0.66573,1.00,1.00
2015.10.26 14:53:24.456,0.66546,0.66574,1.00,1.00
2015.10.26 14:53:24.602,0.66544,0.66572,1.50,1.00
2015.10.26 14:53:27.565,0.66549,0.66572,1.00,1.00
2015.10.26 14:53:28.541,0.66549,0.6657,1.00,1.00
2015.10.26 14:53:28.673,0.66549,0.66573,1.00,1.00
2015.10.26 14:53:30.102,0.66554,0.66576,1.00,1.00
2015.10.26 14:53:30.152,0.66554,0.66578,1.00,1.00
2015.10.26 14:53:30.314,0.66559,0.66578,1.00,1.00
2015.10.26 14:53:30.365,0.66559,0.66583,1.00,1.00
2015.10.26 14:53:31.500,0.66555,0.6658,1.50,1.00
2015.10.26 14:53:31.552,0.66555,0.66576,1.00,1.00
2015.10.26 14:53:31.864,0.66555,0.66578,1.00,1.50
2015.10.26 14:53:31.973,0.66555,0.66576,1.00,1.00
2015.10.26 14:53:32.103,0.66549,0.66576,1.00,1.00
2015.10.26 14:53:32.203,0.66549,0.66574,1.00,1.00
2015.10.26 14:53:32.963,0.66549,0.66575,1.50,1.00
2015.10.26 14:53:36.166,0.6655,0.66573,1.00,1.00
2015.10.26 14:53:36.474,0.66549,0.66571,1.00,1.00
2015.10.26 14:53:36.952,0.66544,0.66568,1.00,1.00
2015.10.26 14:53:37.365,0.6654,0.66565,1.60,1.00
2015.10.26 14:53:37.905,0.6654,0.66566,1.60,1.00
2015.10.26 14:53:40.043,0.66541,0.66568,1.60,1.00
2015.10.26 14:53:40.516,0.66544,0.6657,1.00,1.00
2015.10.26 14:53:41.102,0.66544,0.66571,1.00,1.00
2015.10.26 14:53:41.875,0.66545,0.66571,1.50,1.00
2015.10.26 14:53:42.124,0.66545,0.66573,1.00,1.00
2015.10.26 14:53:42.225,0.66549,0.66573,1.00,1.00
2015.10.26 14:53:42.574,0.6655,0.66575,1.00,1.00
2015.10.26 14:53:43.103,0.66549,0.66575,1.50,1.00
2015.10.26 14:53:43.673,0.66549,0.66574,1.00,1.00
2015.10.26 14:53:44.828,0.66549,0.66572,1.00,1.00
2015.10.26 14:53:45.053,0.66544,0.6657,1.00,1.00
2015.10.26 14:53:45.604,0.66545,0.6657,1.00,1.00
2015.10.26 14:53:45.765,0.66545,0.66566,1.00,1.00
2015.10.26 14:53:46.325,0.66544,0.66566,1.00,1.00
2015.10.26 14:53:49.279,0.66544,0.66568,1.00,1.00
2015.10.26 14:53:50.053,0.66543,0.66568,1.00,1.00
2015.10.26 14:53:53.089,0.66545,0.66568,1.00,1.00
2015.10.26 14:53:55.071,0.66545,0.6657,1.00,1.00
2015.10.26 14:53:55.841,0.66545,0.66571,1.00,1.00
2015.10.26 14:53:58.879,0.66545,0.66572,1.00,1.00
2015.10.26 14:53:59.030,0.66549,0.66573,1.00,1.50
2015.10.26 14:54:01.485,0.66549,0.66575,1.50,1.00
2015.10.26 14:54:01.561,0.66551,0.66575,1.00,1.00
2015.10.26 14:54:01.662,0.66551,0.66577,1.00,1.50
2015.10.26 14:54:01.813,0.66555,0.6658,1.00,2.25
2015.10.26 14:54:01.914,0.66556,0.66582,1.00,1.00
2015.10.26 14:54:02.165,0.66554,0.66581,1.00,1.00
2015.10.26 14:54:02.266,0.66552,0.66579,1.00,1.00
2015.10.26 14:54:02.853,0.66552,0.66578,1.00,1.00
2015.10.26 14:54:04.481,0.66551,0.66579,1.00,1.50
2015.10.26 14:54:13.712,0.66552,0.66577,1.00,1.00
2015.10.26 14:54:14.034,0.6655,0.66575,1.00,1.00
2015.10.26 14:54:14.473,0.66549,0.66577,1.50,1.50
2015.10.26 14:54:15.881,0.66551,0.66577,1.00,1.00
2015.10.26 14:54:16.977,0.66551,0.66578,1.00,1.00
2015.10.26 14:54:17.952,0.6655,0.66578,1.50,1.00
2015.10.26 14:54:18.846,0.66556,0.66584,1.00,1.00
2015.10.26 14:54:19.534,0.66556,0.66582,1.00,1.00
2015.10.26 14:54:19.692,0.66554,0.66582,2.25,1.00
2015.10.26 14:54:20.193,0.66555,0.66581,1.00,1.00
2015.10.26 14:54:20.261,0.66555,0.66583,1.00,1.00
2015.10.26 14:54:24.511,0.66555,0.66583,1.50,1.60
2015.10.26 14:54:25.017,0.66555,0.6658,1.50,1.60
2015.10.26 14:54:25.067,0.66549,0.66574,1.00,1.00
2015.10.26 14:54:25.667,0.66548,0.66574,1.00,1.00
2015.10.26 14:54:25.980,0.66546,0.66572,1.50,1.00
2015.10.26 14:54:30.853,0.66546,0.66573,1.50,1.00
2015.10.26 14:54:32.428,0.66547,0.66572,1.00,1.00
2015.10.26 14:54:33.011,0.66549,0.66572,1.00,1.00
2015.10.26 14:54:33.886,0.66549,0.66574,1.50,1.00
2015.10.26 14:54:33.937,0.6655,0.66577,1.00,1.00
2015.10.26 14:54:34.446,0.66549,0.66576,1.00,1.00
2015.10.26 14:54:37.046,0.66549,0.66575,1.00,1.00
2015.10.26 14:54:38.407,0.66549,0.66573,1.00,1.00
2015.10.26 14:54:39.310,0.66549,0.66575,1.00,1.00
2015.10.26 14:54:40.822,0.6655,0.66575,1.00,1.00
2015.10.26 14:54:41.324,0.6655,0.66576,1.00,1.00
2015.10.26 14:54:48.927,0.66549,0.66576,1.00,1.00
2015.10.26 14:54:49.429,0.6655,0.66576,1.00,1.00
2015.10.26 14:54:50.478,0.66552,0.66579,1.00,1.00
2015.10.26 14:54:50.529,0.66553,0.66581,1.00,1.50
2015.10.26 14:54:50.840,0.66552,0.66579,1.00,1.00
2015.10.26 14:54:51.844,0.66553,0.66581,1.00,1.50
2015.10.26 14:54:53.856,0.66554,0.66579,1.00,1.00
2015.10.26 14:54:54.403,0.66553,0.66579,1.00,1.00
2015.10.26 14:54:55.055,0.66554,0.66578,1.00,1.00
2015.10.26 14:54:55.613,0.66554,0.66579,1.00,1.00
2015.10.26 14:54:56.525,0.66553,0.66579,1.00,1.00
2015.10.26 14:54:57.352,0.66553,0.6658,1.00,1.00
2015.10.26 14:54:57.948,0.66554,0.66581,1.50,1.00
2015.10.26 14:55:01.768,0.66555,0.66581,1.00,1.00
2015.10.26 14:55:02.426,0.66554,0.66581,1.00,1.00
2015.10.26 14:55:03.044,0.66553,0.66581,1.50,1.50
2015.10.26 14:55:03.346,0.66549,0.66575,1.50,1.00
2015.10.26 14:55:04.207,0.66548,0.66574,1.00,1.00
2015.10.26 14:55:04.745,0.66549,0.66573,1.00,1.00
2015.10.26 14:55:04.846,0.66545,0.66573,1.00,1.00
2015.10.26 14:55:04.973,0.66544,0.66571,1.00,1.00
2015.10.26 14:55:05.524,0.66545,0.66571,1.00,1.00
2015.10.26 14:55:06.070,0.66544,0.66571,1.00,1.00
2015.10.26 14:55:06.345,0.6654,0.66568,1.50,1.00
2015.10.26 14:55:07.485,0.6654,0.66565,1.00,1.00
2015.10.26 14:55:07.785,0.66541,0.66569,1.00,1.00
2015.10.26 14:55:09.381,0.66541,0.66567,1.50,1.00
2015.10.26 14:55:11.773,0.66541,0.66569,1.50,1.00
2015.10.26 14:55:11.874,0.66542,0.66567,1.00,1.00
2015.10.26 14:55:11.975,0.66543,0.66569,1.00,1.00
2015.10.26 14:55:13.068,0.66545,0.66573,1.00,1.00
2015.10.26 14:55:13.630,0.66546,0.66574,1.00,1.00
2015.10.26 14:55:15.726,0.66544,0.6657,1.50,1.00
2015.10.26 14:55:15.827,0.66542,0.6657,1.00,1.00
2015.10.26 14:55:16.235,0.66546,0.66571,1.00,1.00
2015.10.26 14:55:16.607,0.66543,0.6657,1.50,1.00
2015.10.26 14:55:18.344,0.66543,0.66569,1.50,1.00
2015.10.26 14:55:20.770,0.66542,0.66569,1.00,1.00
2015.10.26 14:55:21.685,0.6654,0.66567,1.50,1.00
2015.10.26 14:55:22.302,0.66539,0.66565,2.25,1.00
2015.10.26 14:55:23.416,0.66538,0.66565,1.50,1.00
2015.10.26 14:55:24.181,0.66536,0.66563,1.00,1.00
2015.10.26 14:55:25.898,0.66535,0.66563,1.50,1.00
2015.10.26 14:55:26.788,0.66534,0.66559,1.00,1.00
2015.10.26 14:55:27.333,0.66533,0.66559,1.00,1.00
2015.10.26 14:55:27.383,0.66531,0.66559,1.50,1.00
2015.10.26 14:55:27.490,0.66531,0.66557,1.00,1.00
2015.10.26 14:55:28.014,0.6653,0.66557,1.50,1.00
2015.10.26 14:55:29.498,0.66531,0.66557,1.00,1.00
2015.10.26 14:55:33.962,0.66531,0.66559,1.50,1.00
2015.10.26 14:55:35.282,0.66531,0.66556,1.50,1.00
2015.10.26 14:55:36.045,0.6653,0.66555,1.00,1.00
2015.10.26 14:55:36.255,0.66528,0.66555,1.50,1.00
2015.10.26 14:55:36.806,0.66529,0.66555,1.00,1.00
2015.10.26 14:55:39.497,0.6653,0.66557,1.00,1.00
2015.10.26 14:55:40.099,0.66529,0.66557,2.25,1.00
2015.10.26 14:55:41.868,0.6653,0.66558,1.00,1.00
2015.10.26 14:55:42.422,0.66531,0.66558,1.00,1.00
2015.10.26 14:55:42.980,0.66531,0.66559,1.50,1.00
2015.10.26 14:55:46.032,0.66531,0.66558,1.00,1.00
2015.10.26 14:55:49.591,0.66531,0.66557,1.00,1.00
2015.10.26 14:55:54.403,0.66532,0.66557,1.00,1.00
2015.10.26 14:55:54.504,0.66533,0.66559,1.00,1.00
2015.10.26 14:55:55.073,0.66534,0.66559,1.00,1.00
2015.10.26 14:55:56.009,0.66534,0.66562,1.50,1.00
2015.10.26 14:55:56.610,0.66535,0.66562,1.00,1.00
2015.10.26 14:55:57.257,0.66542,0.6657,1.00,1.00
2015.10.26 14:55:57.923,0.66541,0.66566,1.00,1.00
2015.10.26 14:55:58.024,0.66539,0.66566,1.00,1.00
2015.10.26 14:55:58.549,0.66536,0.66563,1.00,1.00
2015.10.26 14:55:58.873,0.66538,0.66565,1.00,1.00
2015.10.26 14:55:58.973,0.66536,0.66564,1.00,1.00
2015.10.26 14:55:59.341,0.66536,0.66561,1.00,1.00
2015.10.26 14:56:00.272,0.66535,0.66561,1.00,1.00
2015.10.26 14:56:01.981,0.66535,0.66562,1.00,1.00
2015.10.26 14:56:03.022,0.66536,0.66564,1.00,1.00
2015.10.26 14:56:03.406,0.66539,0.66566,1.00,1.00
2015.10.26 14:56:03.729,0.66544,0.66568,1.00,1.00
2015.10.26 14:56:05.126,0.66541,0.66568,1.00,1.00
2015.10.26 14:56:05.633,0.6654,0.66568,1.50,1.00
2015.10.26 14:56:05.734,0.66539,0.66565,1.50,1.00
2015.10.26 14:56:07.273,0.66539,0.66562,1.00,1.00
2015.10.26 14:56:07.392,0.66537,0.66562,1.00,1.00
2015.10.26 14:56:07.493,0.66534,0.66559,1.00,1.00
2015.10.26 14:56:08.272,0.66533,0.66559,1.00,1.00
2015.10.26 14:56:08.835,0.66535,0.66559,1.00,1.00
2015.10.26 14:56:08.932,0.66533,0.66559,1.00,1.00
2015.10.26 14:56:14.473,0.66534,0.66559,1.00,1.00
2015.10.26 14:56:14.525,0.66535,0.66561,1.00,1.00
2015.10.26 14:56:18.258,0.66535,0.66559,1.00,1.00
2015.10.26 14:56:18.901,0.6653,0.66555,1.00,1.00
2015.10.26 14:56:18.953,0.66531,0.66557,1.50,1.00
2015.10.26 14:56:19.004,0.66533,0.66557,1.00,1.00
2015.10.26 14:56:19.256,0.66535,0.66561,1.50,1.00
2015.10.26 14:56:19.366,0.66535,0.66563,2.25,1.00
2015.10.26 14:56:21.848,0.66535,0.66562,1.00,1.00
2015.10.26 14:56:22.360,0.66534,0.6656,2.25,1.00
2015.10.26 14:56:23.029,0.66533,0.66559,1.00,1.00
2015.10.26 14:56:23.332,0.66532,0.66557,1.00,1.00
2015.10.26 14:56:23.433,0.66532,0.66559,1.00,1.00
2015.10.26 14:56:23.584,0.66535,0.66559,1.50,1.00
2015.10.26 14:56:23.685,0.66535,0.66561,2.25,1.00
2015.10.26 14:56:23.836,0.66538,0.66562,1.00,1.00
2015.10.26 14:56:24.255,0.66538,0.66566,1.50,1.00
2015.10.26 14:56:24.421,0.66539,0.66564,1.00,1.00
2015.10.26 14:56:26.071,0.66539,0.66565,1.00,1.00
2015.10.26 14:56:26.959,0.66537,0.66565,1.00,1.00
2015.10.26 14:56:27.493,0.66536,0.66564,1.50,1.00
2015.10.26 14:56:31.818,0.66538,0.66564,1.00,1.00
2015.10.26 14:56:31.919,0.66538,0.66566,1.50,1.00
2015.10.26 14:56:31.969,0.66542,0.66566,1.00,1.00
2015.10.26 14:56:32.020,0.66543,0.66569,1.00,1.00
2015.10.26 14:56:32.273,0.66541,0.66567,1.00,1.00
2015.10.26 14:56:33.081,0.66541,0.66565,1.00,1.00
2015.10.26 14:56:33.609,0.6654,0.66565,1.00,1.00
2015.10.26 14:56:34.431,0.6654,0.66564,1.00,1.00
2015.10.26 14:56:36.518,0.66539,0.66564,1.50,1.00
2015.10.26 14:56:36.774,0.66541,0.66567,1.00,1.00
2015.10.26 14:56:37.179,0.66543,0.66569,1.00,1.00
2015.10.26 14:56:39.524,0.6654,0.66566,1.00,1.00
2015.10.26 14:56:40.052,0.66539,0.66566,1.50,1.00
2015.10.26 14:56:40.219,0.66534,0.66562,1.50,1.00
2015.10.26 14:56:40.270,0.66534,0.66558,1.00,1.00
2015.10.26 14:56:40.481,0.66535,0.66561,1.00,1.00
2015.10.26 14:56:41.101,0.66532,0.6656,1.00,1.00
2015.10.26 14:56:41.374,0.6653,0.66558,1.50,1.00
2015.10.26 14:56:41.682,0.66529,0.66556,1.00,1.00
2015.10.26 14:56:43.174,0.6653,0.66556,1.00,1.00
2015.10.26 14:56:44.017,0.6653,0.66554,1.00,1.00
2015.10.26 14:56:44.573,0.66529,0.66554,1.00,1.00
2015.10.26 14:56:44.889,0.66525,0.66549,1.00,1.00
2015.10.26 14:56:45.432,0.66525,0.6655,1.00,1.00
2015.10.26 14:56:45.772,0.66524,0.66552,1.50,1.00
2015.10.26 14:56:46.559,0.66527,0.66555,1.00,1.00
2015.10.26 14:56:47.090,0.66532,0.6656,1.00,1.00
2015.10.26 14:56:47.625,0.66534,0.6656,1.00,1.00
2015.10.26 14:56:47.776,0.66539,0.66566,1.00,1.00
2015.10.26 14:56:48.332,0.66538,0.66566,1.50,1.00
2015.10.26 14:56:49.303,0.6654,0.66566,1.00,1.00
2015.10.26 14:56:49.812,0.66541,0.66566,1.00,1.00
2015.10.26 14:56:50.273,0.66543,0.6657,1.00,1.00
2015.10.26 14:56:50.525,0.66544,0.66572,1.50,1.00
2015.10.26 14:56:51.524,0.66544,0.6657,1.00,1.00
2015.10.26 14:56:51.847,0.66542,0.6657,1.50,1.00
2015.10.26 14:56:53.100,0.66542,0.66571,1.50,1.00
2015.10.26 14:56:53.824,0.66542,0.66569,1.00,1.00
2015.10.26 14:56:54.346,0.66539,0.66567,2.25,1.00
2015.10.26 14:56:54.911,0.6654,0.66568,1.00,1.00
2015.10.26 14:56:55.649,0.66538,0.66567,1.50,1.00
2015.10.26 14:56:55.699,0.66541,0.66568,1.00,1.00
2015.10.26 14:56:56.302,0.6654,0.66567,1.00,1.00
2015.10.26 14:56:57.031,0.66542,0.6657,1.00,1.00
2015.10.26 14:56:57.132,0.66544,0.66569,1.00,1.00
2015.10.26 14:56:57.233,0.66544,0.66572,1.00,1.00
2015.10.26 14:56:57.434,0.66544,0.66567,1.00,1.00
2015.10.26 14:56:57.535,0.66544,0.66569,1.00,1.00
2015.10.26 14:56:57.586,0.6654,0.66569,1.00,1.00
2015.10.26 14:56:57.641,0.66539,0.66563,1.00,1.00
2015.10.26 14:56:58.191,0.66535,0.66564,2.25,1.00
2015.10.26 14:56:59.101,0.66537,0.66564,1.00,1.00
2015.10.26 14:56:59.202,0.66538,0.66567,1.00,1.00
2015.10.26 14:56:59.671,0.6654,0.66568,1.00,1.00
2015.10.26 14:57:01.415,0.6654,0.66566,1.00,1.00
2015.10.26 14:57:01.466,0.66538,0.66566,1.00,1.00
2015.10.26 14:57:02.403,0.66537,0.66566,1.00,1.00
2015.10.26 14:57:02.453,0.66535,0.66564,1.50,1.00
2015.10.26 14:57:04.900,0.66536,0.66563,1.00,1.00
2015.10.26 14:57:05.685,0.66534,0.66562,1.50,1.00
2015.10.26 14:57:05.937,0.66534,0.66559,1.00,1.00
2015.10.26 14:57:06.111,0.66534,0.66561,1.00,1.00
2015.10.26 14:57:06.817,0.66534,0.66562,1.50,1.00
2015.10.26 14:57:07.650,0.66534,0.66559,1.00,1.00
2015.10.26 14:57:08.206,0.66533,0.66559,1.00,1.00
2015.10.26 14:57:08.854,0.66532,0.66559,1.00,1.00
2015.10.26 14:57:10.039,0.66532,0.6656,1.00,1.00
2015.10.26 14:57:10.651,0.66532,0.66556,1.00,1.00
2015.10.26 14:57:12.269,0.66532,0.66557,1.00,1.00
2015.10.26 14:57:13.261,0.66532,0.66559,1.00,1.00
2015.10.26 14:57:13.921,0.66532,0.66556,1.00,1.00
2015.10.26 14:57:14.616,0.66532,0.66557,1.00,1.00
2015.10.26 14:57:15.362,0.66532,0.66556,1.00,1.00
2015.10.26 14:57:16.151,0.66532,0.66555,1.00,1.00
2015.10.26 14:57:16.202,0.66529,0.66554,1.50,1.00
2015.10.26 14:57:16.451,0.66529,0.66552,1.50,1.00
2015.10.26 14:57:17.879,0.66529,0.66555,1.50,1.00
2015.10.26 14:57:19.199,0.66529,0.66553,1.50,1.00
2015.10.26 14:57:20.047,0.66526,0.66551,1.00,1.00
2015.10.26 14:57:20.557,0.66526,0.66549,1.00,1.00
2015.10.26 14:57:20.658,0.66526,0.66552,1.00,1.00
2015.10.26 14:57:23.106,0.66526,0.66551,1.50,1.00
2015.10.26 14:57:23.863,0.66526,0.6655,1.00,1.00
2015.10.26 14:57:26.214,0.66526,0.66551,1.00,1.00
2015.10.26 14:57:26.271,0.6653,0.66551,1.00,1.00
2015.10.26 14:57:26.322,0.6653,0.66554,1.00,1.00
2015.10.26 14:57:26.861,0.66531,0.66558,1.00,1.00
2015.10.26 14:57:27.122,0.66531,0.66556,1.00,1.00
2015.10.26 14:57:28.069,0.6653,0.66556,1.00,1.00
2015.10.26 14:57:29.400,0.66529,0.66557,2.25,1.00
2015.10.26 14:57:29.941,0.66529,0.66554,1.00,1.00
2015.10.26 14:57:30.162,0.6653,0.66556,1.00,1.00
2015.10.26 14:57:30.864,0.6653,0.66554,1.00,1.00
2015.10.26 14:57:30.915,0.66528,0.66554,1.00,1.00
2015.10.26 14:57:31.611,0.66527,0.66554,1.50,1.00
2015.10.26 14:57:40.072,0.66527,0.66553,1.00,1.00
2015.10.26 14:57:46.919,0.66527,0.66551,1.00,1.00
2015.10.26 14:57:47.020,0.66525,0.6655,1.50,1.00
2015.10.26 14:57:47.531,0.66526,0.6655,1.00,1.00
2015.10.26 14:57:47.582,0.66526,0.66552,1.00,1.00
2015.10.26 14:57:47.632,0.66529,0.66552,1.00,1.00
2015.10.26 14:57:48.021,0.6653,0.6655,1.00,1.00
2015.10.26 14:57:48.420,0.66529,0.66552,1.00,1.00
2015.10.26 14:57:48.825,0.66529,0.66554,1.00,1.00
2015.10.26 14:57:49.540,0.66527,0.66554,1.50,1.00
2015.10.26 14:57:49.590,0.66529,0.66554,1.00,1.00
2015.10.26 14:57:54.179,0.66529,0.66553,1.00,1.00
2015.10.26 14:57:55.258,0.66529,0.66555,1.00,1.00
2015.10.26 14:57:55.970,0.66529,0.66556,1.50,1.00
2015.10.26 14:57:57.768,0.66529,0.66553,1.50,1.00
2015.10.26 14:57:58.908,0.6653,0.66558,1.50,1.00
2015.10.26 14:57:59.658,0.66529,0.66555,1.50,1.00
2015.10.26 14:57:59.708,0.66527,0.66555,1.00,1.00
2015.10.26 14:58:00.543,0.6653,0.66558,1.00,1.00
2015.10.26 14:58:00.891,0.66534,0.66558,1.00,1.00
2015.10.26 14:58:01.351,0.66532,0.66558,1.00,1.00
2015.10.26 14:58:01.944,0.66531,0.66558,1.00,1.00
2015.10.26 14:58:02.109,0.6653,0.66556,1.50,1.00
2015.10.26 14:58:03.245,0.66529,0.66555,1.00,1.00
2015.10.26 14:58:04.784,0.66528,0.66554,1.00,1.00
2015.10.26 14:58:05.086,0.66528,0.66552,1.00,1.00
2015.10.26 14:58:09.101,0.66528,0.6655,1.00,1.00
2015.10.26 14:58:09.520,0.66524,0.6655,1.00,1.00
2015.10.26 14:58:10.214,0.66524,0.66548,1.00,1.00
2015.10.26 14:58:11.370,0.66519,0.66544,1.00,1.00
2015.10.26 14:58:11.521,0.66519,0.66541,1.00,1.00
2015.10.26 14:58:11.622,0.66514,0.66541,1.00,1.00
2015.10.26 14:58:11.773,0.66514,0.66539,1.00,1.00
2015.10.26 14:58:12.404,0.66514,0.6654,1.00,1.00
2015.10.26 14:58:13.963,0.66514,0.66538,1.00,1.00
2015.10.26 14:58:14.015,0.66512,0.66538,1.00,1.00
2015.10.26 14:58:14.066,0.6651,0.66538,1.50,1.00
2015.10.26 14:58:14.271,0.66509,0.66536,1.50,1.00
2015.10.26 14:58:15.733,0.66509,0.66535,1.00,1.00
2015.10.26 14:58:15.784,0.66507,0.66535,1.00,1.00
2015.10.26 14:58:15.935,0.66504,0.6653,1.00,1.00
2015.10.26 14:58:16.485,0.66504,0.66529,1.00,1.00
2015.10.26 14:58:16.790,0.66506,0.66531,1.00,1.00
2015.10.26 14:58:17.096,0.66504,0.66531,1.00,1.00
2015.10.26 14:58:19.682,0.66504,0.66529,1.50,1.00
2015.10.26 14:58:19.991,0.66505,0.66533,1.00,1.00
2015.10.26 14:58:20.159,0.66509,0.66533,1.00,1.00
2015.10.26 14:58:20.361,0.66509,0.66535,1.00,1.00
2015.10.26 14:58:20.563,0.6651,0.66537,1.00,1.00
2015.10.26 14:58:21.005,0.66514,0.66537,1.00,1.00
2015.10.26 14:58:21.191,0.66509,0.66537,1.50,1.00
2015.10.26 14:58:21.242,0.66509,0.66535,1.00,1.00
2015.10.26 14:58:21.579,0.66509,0.66531,1.00,1.00
2015.10.26 14:58:21.629,0.66505,0.66531,1.00,1.00
2015.10.26 14:58:21.816,0.66509,0.66531,1.00,1.00
2015.10.26 14:58:22.672,0.66509,0.66534,1.00,1.00
2015.10.26 14:58:22.850,0.6651,0.66538,1.00,1.00
2015.10.26 14:58:23.052,0.66514,0.66538,1.00,1.00
2015.10.26 14:58:23.152,0.6651,0.66535,1.00,1.00
2015.10.26 14:58:23.905,0.66509,0.66534,1.00,1.00
2015.10.26 14:58:24.454,0.6651,0.66533,1.00,1.00
2015.10.26 14:58:24.724,0.6651,0.66535,1.00,1.00
2015.10.26 14:58:25.932,0.6651,0.66533,1.00,1.00
2015.10.26 14:58:26.278,0.6651,0.66531,1.00,1.00
2015.10.26 14:58:26.981,0.66504,0.66531,1.50,1.00
2015.10.26 14:58:27.876,0.66509,0.66531,1.00,1.00
2015.10.26 14:58:29.868,0.66509,0.66533,1.00,1.00
2015.10.26 14:58:29.969,0.66505,0.66533,1.50,1.00
2015.10.26 14:58:30.120,0.66504,0.66531,1.00,1.00
2015.10.26 14:58:30.690,0.66505,0.66531,1.00,1.00
2015.10.26 14:58:31.391,0.66504,0.66531,1.00,1.00
2015.10.26 14:58:33.242,0.66506,0.66533,1.00,1.00
2015.10.26 14:58:33.559,0.66509,0.66534,1.50,1.00
2015.10.26 14:58:33.848,0.66509,0.66537,1.50,1.00
2015.10.26 14:58:34.394,0.66513,0.66539,1.00,1.00
2015.10.26 14:58:34.447,0.66514,0.66541,1.00,1.00
2015.10.26 14:58:35.204,0.66513,0.66541,1.00,1.50
2015.10.26 14:58:35.753,0.66513,0.6654,1.00,1.00
2015.10.26 14:58:36.307,0.66513,0.66541,1.00,1.50
2015.10.26 14:58:36.508,0.66513,0.66541,1.00,2.10
2015.10.26 14:58:36.884,0.66513,0.66541,1.00,1.00
2015.10.26 14:58:37.409,0.66512,0.6654,1.00,1.00
2015.10.26 14:58:38.231,0.66513,0.66539,1.00,1.00
2015.10.26 14:58:41.987,0.66512,0.66538,1.00,1.00
2015.10.26 14:58:42.252,0.6651,0.66538,1.00,1.00
2015.10.26 14:58:42.832,0.66511,0.66537,1.00,1.00
2015.10.26 14:58:43.976,0.66509,0.66537,1.00,1.00
2015.10.26 14:58:46.309,0.66513,0.66541,1.00,1.00
2015.10.26 14:58:46.718,0.66511,0.66539,1.00,1.00
2015.10.26 14:58:47.547,0.66512,0.6654,1.00,1.00
2015.10.26 14:58:47.885,0.66511,0.66536,1.00,1.00
2015.10.26 14:58:48.099,0.66511,0.66539,1.00,1.00
2015.10.26 14:58:49.015,0.66511,0.66535,1.00,1.00
2015.10.26 14:58:49.317,0.6651,0.66531,1.00,1.00
2015.10.26 14:58:49.367,0.66505,0.66531,1.00,1.00
2015.10.26 14:58:49.420,0.66505,0.66533,1.00,1.00
2015.10.26 14:58:50.475,0.66509,0.66537,1.00,1.00
2015.10.26 14:58:52.299,0.66509,0.66535,1.00,1.00
2015.10.26 14:58:53.126,0.6651,0.66538,1.00,1.00
2015.10.26 14:58:53.350,0.6651,0.66536,1.00,1.00
2015.10.26 14:58:53.953,0.66509,0.66536,1.00,1.00
2015.10.26 14:58:54.868,0.66505,0.66531,1.00,1.00
2015.10.26 14:58:55.519,0.66502,0.6653,1.00,1.00
2015.10.26 14:58:56.334,0.66499,0.66526,1.00,1.00
2015.10.26 14:58:57.212,0.66499,0.66523,1.00,1.00
2015.10.26 14:58:57.636,0.66497,0.66523,1.00,1.00
2015.10.26 14:58:58.048,0.66498,0.66525,1.00,1.00
2015.10.26 14:59:00.199,0.66499,0.66525,1.00,1.00
2015.10.26 14:59:00.883,0.66498,0.66525,1.00,1.00
2015.10.26 14:59:01.019,0.66499,0.66527,1.00,1.00
2015.10.26 14:59:01.177,0.66498,0.66525,1.00,1.00
2015.10.26 14:59:05.087,0.66499,0.66524,1.00,1.00
2015.10.26 14:59:06.742,0.66496,0.66524,1.00,1.00
2015.10.26 14:59:07.274,0.66495,0.66523,1.00,1.00
2015.10.26 14:59:07.963,0.66494,0.66522,1.50,1.00
2015.10.26 14:59:08.495,0.66495,0.66523,1.00,1.00
2015.10.26 14:59:09.412,0.66498,0.66524,1.00,1.00
2015.10.26 14:59:10.117,0.66499,0.66525,1.00,1.50
2015.10.26 14:59:10.501,0.66497,0.66525,1.00,1.50
2015.10.26 14:59:11.014,0.66498,0.66526,1.00,1.00
2015.10.26 14:59:11.065,0.66498,0.66524,1.00,1.00
2015.10.26 14:59:11.165,0.66502,0.66529,1.00,1.00
2015.10.26 14:59:11.468,0.66504,0.66532,1.00,1.00
2015.10.26 14:59:11.686,0.66502,0.6653,1.00,1.00
2015.10.26 14:59:14.918,0.66506,0.66532,1.00,1.00
2015.10.26 14:59:15.098,0.66507,0.66535,1.00,1.35
2015.10.26 14:59:17.616,0.66509,0.66535,1.00,1.00
2015.10.26 14:59:17.799,0.66507,0.66535,1.00,1.00
2015.10.26 14:59:18.475,0.66508,0.66535,1.00,1.00
2015.10.26 14:59:19.938,0.66509,0.66536,1.00,1.00
2015.10.26 14:59:20.526,0.6651,0.66536,1.00,1.00
2015.10.26 14:59:25.607,0.66509,0.66536,1.50,1.00
2015.10.26 14:59:26.557,0.66515,0.66537,1.00,1.00
2015.10.26 14:59:27.191,0.66511,0.66537,1.00,1.00
2015.10.26 14:59:28.626,0.66511,0.66539,1.00,1.00
2015.10.26 14:59:29.667,0.66511,0.66537,1.00,1.00
2015.10.26 14:59:29.979,0.66516,0.66544,1.00,1.00
2015.10.26 14:59:30.149,0.66519,0.66544,1.00,1.00
2015.10.26 14:59:30.781,0.66518,0.66546,1.00,1.00
2015.10.26 14:59:30.832,0.6652,0.66547,1.00,1.00
2015.10.26 14:59:32.838,0.66518,0.66545,1.00,1.00
2015.10.26 14:59:33.737,0.6652,0.66547,1.00,1.00
2015.10.26 14:59:34.561,0.66524,0.66547,1.00,1.00
2015.10.26 14:59:35.446,0.66524,0.6655,1.50,1.60
2015.10.26 14:59:37.200,0.66523,0.66549,1.00,1.60
2015.10.26 14:59:38.612,0.66525,0.66549,1.00,1.60
2015.10.26 14:59:39.278,0.66523,0.66549,1.00,1.60
2015.10.26 14:59:40.727,0.66525,0.66549,1.00,1.60
2015.10.26 14:59:42.137,0.66523,0.66549,1.00,1.60
2015.10.26 14:59:43.366,0.66521,0.66549,1.00,1.60
2015.10.26 14:59:44.516,0.66521,0.66549,1.00,1.00
2015.10.26 14:59:44.954,0.66523,0.66551,1.00,1.50
2015.10.26 14:59:45.276,0.66525,0.66549,1.00,1.00
2015.10.26 14:59:46.428,0.66521,0.66549,1.00,1.00
2015.10.26 14:59:48.202,0.66524,0.66549,1.00,1.00
2015.10.26 14:59:48.628,0.66521,0.66549,1.00,1.00
2015.10.26 14:59:49.544,0.66524,0.66549,1.00,1.00
2015.10.26 14:59:50.428,0.66521,0.66549,1.00,1.00
2015.10.26 14:59:50.803,0.66523,0.66551,1.00,1.00
2015.10.26 14:59:53.963,0.66524,0.66551,1.00,1.00
2015.10.26 14:59:56.326,0.66523,0.66551,1.00,1.50
2015.10.26 14:59:56.855,0.66521,0.66549,1.00,1.00
2015.10.26 14:59:57.462,0.66521,0.66548,1.00,1.00
2015.10.26 14:59:58.619,0.66525,0.66548,1.00,1.00
2015.10.26 14:59:59.186,0.66521,0.66548,1.00,1.00
2015.10.26 14:59:59.878,0.66521,0.66547,1.00,1.00
