2010.08.24 12:00:00.065,0.7315,0.7319,2.40,1.00
2010.08.24 12:00:00.262,0.73155,0.73195,2.40,3.30
2010.08.24 12:00:00.457,0.7315,0.73195,2.50,5.70
2010.08.24 12:00:01.313,0.73155,0.73195,2.40,3.30
2010.08.24 12:00:01.649,0.73155,0.73195,3.30,2.40
2010.08.24 12:00:03.058,0.73155,0.73195,3.20,2.40
2010.08.24 12:00:03.263,0.73155,0.73195,3.20,2.40
2010.08.24 12:00:04.151,0.73155,0.73195,3.20,2.50
2010.08.24 12:00:04.490,0.7316,0.732,1.00,2.40
2010.08.24 12:00:04.827,0.7316,0.732,1.00,1.00
2010.08.24 12:00:06.090,0.7316,0.732,1.00,1.00
2010.08.24 12:00:07.001,0.7316,0.732,1.00,2.50
2010.08.24 12:00:07.324,0.7316,0.73195,1.00,1.00
2010.08.24 12:00:09.223,0.73155,0.7318,2.40,1.60
2010.08.24 12:00:09.358,0.73145,0.7318,1.00,1.60
2010.08.24 12:00:10.086,0.7315,0.7318,2.40,1.60
2010.08.24 12:00:10.379,0.7316,0.732,3.20,1.00
2010.08.24 12:00:10.660,0.7316,0.732,1.00,1.00
2010.08.24 12:00:11.623,0.7317,0.73205,2.40,1.00
2010.08.24 12:00:11.959,0.7317,0.7321,1.00,2.40
2010.08.24 12:00:12.953,0.7317,0.7321,1.00,2.50
2010.08.24 12:00:14.151,0.73165,0.73205,3.20,1.00
2010.08.24 12:00:14.388,0.7317,0.7321,1.00,1.00
2010.08.24 12:00:15.334,0.73175,0.73215,1.00,2.90
2010.08.24 12:00:15.602,0.73175,0.7321,1.00,1.70
2010.08.24 12:00:15.859,0.73175,0.7321,1.00,1.60
2010.08.24 12:00:17.408,0.7318,0.73215,1.00,1.60
2010.08.24 12:00:18.348,0.7318,0.7322,4.00,2.40
2010.08.24 12:00:18.692,0.7319,0.73235,3.20,4.10
2010.08.24 12:00:19.051,0.7319,0.73225,3.20,1.00
2010.08.24 12:00:19.950,0.7318,0.7323,3.20,5.70
2010.08.24 12:00:20.189,0.7318,0.73225,3.20,1.00
2010.08.24 12:00:20.377,0.73185,0.73225,2.40,1.00
2010.08.24 12:00:20.557,0.73185,0.73225,2.40,1.00
2010.08.24 12:00:21.457,0.73185,0.73225,3.20,1.00
2010.08.24 12:00:21.797,0.73185,0.7323,3.20,4.10
2010.08.24 12:00:23.392,0.73195,0.73235,1.00,4.90
2010.08.24 12:00:23.948,0.73195,0.7323,1.00,1.00
2010.08.24 12:00:25.810,0.73195,0.7323,1.00,1.00
2010.08.24 12:00:26.776,0.73195,0.73225,1.00,1.00
2010.08.24 12:00:27.829,0.73195,0.73225,3.20,1.00
2010.08.24 12:00:27.878,0.73195,0.7323,3.20,1.00
2010.08.24 12:00:31.318,0.73195,0.73235,3.20,1.00
2010.08.24 12:00:31.658,0.7319,0.73235,3.20,3.30
2010.08.24 12:00:32.000,0.73185,0.73225,3.20,1.00
2010.08.24 12:00:32.723,0.73185,0.7323,3.20,4.90
2010.08.24 12:00:32.950,0.73185,0.7323,3.20,4.80
2010.08.24 12:00:33.795,0.73185,0.73225,3.20,1.00
2010.08.24 12:00:33.965,0.73185,0.73225,3.20,1.00
2010.08.24 12:00:35.177,0.73185,0.73225,3.20,1.00
2010.08.24 12:00:35.368,0.73185,0.73225,3.20,1.00
2010.08.24 12:00:36.339,0.73185,0.7322,3.20,1.00
2010.08.24 12:00:37.563,0.73185,0.73225,3.20,1.00
2010.08.24 12:00:37.862,0.73175,0.7321,1.00,2.40
2010.08.24 12:00:38.170,0.73165,0.73205,1.00,1.00
2010.08.24 12:00:38.480,0.7316,0.73205,2.50,1.00
2010.08.24 12:00:39.504,0.7316,0.73205,2.50,1.60
2010.08.24 12:00:39.768,0.7316,0.73205,2.50,1.00
2010.08.24 12:00:40.724,0.7317,0.732,2.40,1.60
2010.08.24 12:00:40.944,0.73165,0.73205,2.40,1.00
2010.08.24 12:00:41.160,0.73165,0.73205,1.00,1.00
2010.08.24 12:00:41.370,0.73165,0.73205,1.00,2.40
2010.08.24 12:00:42.274,0.7316,0.732,3.30,1.00
2010.08.24 12:00:42.590,0.7316,0.732,2.50,1.00
2010.08.24 12:00:43.900,0.7316,0.732,2.40,1.00
2010.08.24 12:00:44.208,0.7316,0.732,3.20,1.00
2010.08.24 12:00:44.518,0.7316,0.732,1.00,1.00
2010.08.24 12:00:44.829,0.7316,0.732,3.20,1.00
2010.08.24 12:00:45.099,0.7316,0.732,2.50,1.00
2010.08.24 12:00:46.091,0.73155,0.73195,2.40,1.00
2010.08.24 12:00:47.308,0.73155,0.73195,2.40,1.00
2010.08.24 12:00:47.635,0.73155,0.73195,2.40,1.00
2010.08.24 12:00:47.959,0.7316,0.73195,2.40,1.00
2010.08.24 12:00:49.162,0.73155,0.73195,1.00,1.00
2010.08.24 12:00:49.563,0.73155,0.73195,1.00,1.00
2010.08.24 12:00:50.600,0.7316,0.732,2.40,1.00
2010.08.24 12:00:50.939,0.7316,0.732,2.40,2.50
2010.08.24 12:00:51.706,0.7316,0.73185,2.40,1.60
2010.08.24 12:00:52.010,0.7315,0.7319,3.20,1.70
2010.08.24 12:00:53.349,0.73155,0.73185,2.40,1.00
2010.08.24 12:00:53.689,0.73145,0.7319,2.50,5.60
2010.08.24 12:00:54.028,0.73145,0.7319,2.40,5.70
2010.08.24 12:00:54.771,0.7314,0.7319,2.50,5.70
2010.08.24 12:00:55.053,0.73145,0.7319,2.40,5.70
2010.08.24 12:00:56.138,0.73145,0.7319,2.40,4.90
2010.08.24 12:00:56.478,0.7315,0.7319,2.40,1.70
2010.08.24 12:00:58.317,0.7315,0.7319,2.40,1.60
2010.08.24 12:00:59.617,0.73145,0.7319,2.40,1.70
2010.08.24 12:00:59.809,0.73145,0.7319,2.50,1.70
2010.08.24 12:01:01.410,0.7315,0.7319,1.00,1.60
2010.08.24 12:01:01.748,0.7315,0.7319,2.40,1.70
2010.08.24 12:01:02.571,0.7315,0.7319,2.50,1.60
2010.08.24 12:01:02.908,0.7315,0.7319,1.00,1.60
2010.08.24 12:01:04.542,0.73145,0.7319,2.50,1.70
2010.08.24 12:01:05.839,0.7315,0.7319,1.00,1.60
2010.08.24 12:01:07.369,0.73145,0.73175,1.00,1.60
2010.08.24 12:01:08.812,0.7314,0.73175,2.50,1.60
2010.08.24 12:01:16.628,0.73145,0.73175,1.00,1.60
2010.08.24 12:01:18.459,0.7314,0.73175,2.50,1.60
2010.08.24 12:01:19.955,0.73145,0.73175,1.00,1.60
2010.08.24 12:01:26.269,0.7315,0.73175,1.00,1.60
2010.08.24 12:01:26.892,0.73145,0.73175,1.00,1.60
2010.08.24 12:01:28.374,0.73145,0.73175,2.40,1.60
2010.08.24 12:01:29.242,0.73145,0.73175,2.50,1.60
2010.08.24 12:01:29.460,0.73145,0.73175,2.40,1.60
2010.08.24 12:01:31.178,0.7314,0.73175,2.50,1.60
2010.08.24 12:01:31.377,0.73145,0.73175,1.00,1.60
2010.08.24 12:01:32.145,0.73145,0.73175,1.00,1.60
2010.08.24 12:01:32.491,0.7314,0.7318,2.50,2.40
2010.08.24 12:01:32.832,0.7314,0.73175,2.50,1.60
2010.08.24 12:01:38.233,0.7314,0.73175,2.40,1.60
2010.08.24 12:01:38.409,0.73135,0.73165,2.50,1.60
2010.08.24 12:01:39.331,0.7314,0.73165,1.00,1.60
2010.08.24 12:01:39.560,0.73135,0.73165,2.50,1.60
2010.08.24 12:01:39.789,0.73135,0.7317,2.50,1.00
2010.08.24 12:01:40.525,0.73135,0.73165,1.00,1.60
2010.08.24 12:01:40.748,0.7313,0.73165,1.00,1.60
2010.08.24 12:01:40.977,0.7313,0.73175,1.00,2.40
2010.08.24 12:01:41.957,0.7313,0.73175,1.00,2.50
2010.08.24 12:01:44.169,0.7313,0.73165,1.00,1.60
2010.08.24 12:01:44.268,0.7313,0.73165,1.00,1.60
2010.08.24 12:01:45.161,0.73125,0.73165,2.40,1.60
2010.08.24 12:01:45.857,0.73125,0.73165,2.40,1.70
2010.08.24 12:01:46.399,0.73125,0.73165,2.40,2.50
2010.08.24 12:01:47.164,0.7312,0.73165,2.40,4.80
2010.08.24 12:01:47.500,0.7312,0.7316,2.50,1.60
2010.08.24 12:01:47.697,0.7312,0.7316,2.40,1.60
2010.08.24 12:01:48.848,0.7312,0.7316,2.50,1.60
2010.08.24 12:01:50.899,0.7312,0.7316,2.40,1.60
2010.08.24 12:01:53.514,0.73125,0.7316,2.40,1.60
2010.08.24 12:01:53.607,0.73125,0.73165,2.40,3.20
2010.08.24 12:01:53.699,0.73125,0.73165,2.40,3.20
2010.08.24 12:01:54.418,0.7312,0.7316,2.50,1.60
2010.08.24 12:01:54.510,0.73125,0.7316,2.40,1.60
2010.08.24 12:01:56.710,0.73125,0.7316,2.40,1.60
2010.08.24 12:01:57.048,0.73125,0.7316,1.00,1.60
2010.08.24 12:01:58.869,0.7313,0.7316,1.00,1.60
2010.08.24 12:01:59.310,0.73125,0.7316,2.40,1.60
2010.08.24 12:02:00.250,0.73125,0.73165,2.50,1.60
2010.08.24 12:02:00.488,0.73135,0.7317,1.00,1.00
2010.08.24 12:02:00.728,0.73135,0.73175,1.00,2.40
2010.08.24 12:02:01.769,0.73135,0.73175,2.40,2.50
2010.08.24 12:02:04.813,0.73135,0.73175,2.40,2.40
2010.08.24 12:02:05.137,0.73135,0.73175,2.40,2.50
2010.08.24 12:02:12.616,0.73135,0.7317,2.40,1.00
2010.08.24 12:02:13.749,0.73135,0.73175,2.40,2.50
2010.08.24 12:02:15.010,0.73135,0.73175,2.40,2.40
2010.08.24 12:02:23.883,0.73135,0.73175,2.40,1.60
2010.08.24 12:02:24.039,0.73135,0.7317,2.40,1.00
2010.08.24 12:02:24.199,0.73135,0.73175,4.00,1.00
2010.08.24 12:02:24.359,0.7314,0.73175,2.40,2.50
2010.08.24 12:02:24.518,0.73135,0.73175,2.40,2.50
2010.08.24 12:02:25.781,0.7313,0.73175,2.50,2.50
2010.08.24 12:02:26.009,0.7314,0.73175,2.40,2.50
2010.08.24 12:02:27.081,0.73145,0.7318,2.40,1.60
2010.08.24 12:02:28.781,0.73145,0.7318,2.40,1.70
2010.08.24 12:02:30.140,0.7315,0.7318,2.40,1.70
2010.08.24 12:02:30.211,0.7315,0.73185,2.40,2.00
2010.08.24 12:02:30.400,0.73145,0.73185,3.20,2.00
2010.08.24 12:02:31.599,0.73145,0.73185,3.20,2.10
2010.08.24 12:02:33.230,0.73145,0.73185,3.20,1.70
2010.08.24 12:02:39.331,0.73145,0.73185,2.40,1.70
2010.08.24 12:02:39.572,0.7315,0.73185,2.40,1.70
2010.08.24 12:02:40.737,0.73145,0.73185,3.20,1.70
2010.08.24 12:02:41.659,0.73145,0.73185,3.20,2.50
2010.08.24 12:02:41.938,0.73145,0.7318,3.20,1.00
2010.08.24 12:02:42.218,0.73145,0.73185,3.20,2.40
2010.08.24 12:02:43.046,0.73145,0.7318,3.20,1.60
2010.08.24 12:02:43.815,0.73145,0.73185,3.20,2.40
2010.08.24 12:02:44.038,0.73145,0.7318,3.20,1.00
2010.08.24 12:02:44.257,0.73145,0.7318,3.20,1.00
2010.08.24 12:02:45.428,0.73145,0.7318,3.20,1.00
2010.08.24 12:02:46.541,0.73135,0.7317,3.20,1.60
2010.08.24 12:02:48.368,0.73135,0.7317,3.20,1.70
2010.08.24 12:02:49.858,0.73135,0.7317,3.20,1.00
2010.08.24 12:02:50.118,0.73135,0.7317,3.20,1.00
2010.08.24 12:02:53.959,0.7314,0.73175,2.40,1.00
2010.08.24 12:02:54.108,0.7314,0.73175,3.20,1.00
2010.08.24 12:02:54.258,0.7314,0.73175,3.20,1.70
2010.08.24 12:02:55.596,0.7314,0.73175,3.20,1.60
2010.08.24 12:02:55.841,0.73135,0.7317,3.20,1.70
2010.08.24 12:02:56.479,0.73135,0.7317,3.20,2.50
2010.08.24 12:02:56.818,0.7313,0.73165,3.20,1.60
2010.08.24 12:02:58.578,0.7313,0.73175,4.80,5.30
2010.08.24 12:02:58.648,0.7314,0.73175,3.20,1.70
2010.08.24 12:02:59.479,0.7314,0.73175,3.20,1.00
2010.08.24 12:03:02.297,0.7314,0.73175,3.20,1.70
2010.08.24 12:03:03.723,0.7314,0.7317,3.20,1.00
2010.08.24 12:03:04.401,0.73135,0.7317,3.20,1.60
2010.08.24 12:03:05.449,0.73135,0.73175,3.20,2.50
2010.08.24 12:03:05.708,0.73135,0.7317,3.20,1.00
2010.08.24 12:03:07.301,0.73135,0.73175,3.20,2.50
2010.08.24 12:03:08.278,0.73135,0.73175,3.20,2.40
2010.08.24 12:03:08.624,0.73135,0.73175,3.20,2.50
2010.08.24 12:03:08.942,0.73135,0.73175,3.20,2.40
2010.08.24 12:03:09.140,0.73135,0.7317,3.20,1.00
2010.08.24 12:03:09.338,0.73135,0.7317,3.20,1.70
2010.08.24 12:03:10.149,0.73135,0.7317,3.20,1.60
2010.08.24 12:03:10.322,0.73135,0.7317,3.20,1.60
2010.08.24 12:03:12.531,0.73135,0.7317,3.20,1.70
2010.08.24 12:03:12.869,0.73135,0.7317,3.20,1.60
2010.08.24 12:03:13.478,0.73135,0.7317,3.20,1.70
2010.08.24 12:03:14.299,0.73135,0.7317,3.20,1.60
2010.08.24 12:03:16.999,0.73135,0.7317,3.20,1.70
2010.08.24 12:03:17.912,0.73135,0.7317,3.30,1.60
2010.08.24 12:03:18.259,0.73135,0.7317,3.20,1.70
2010.08.24 12:03:18.480,0.73135,0.7317,3.20,1.60
2010.08.24 12:03:21.252,0.73135,0.7317,3.20,1.70
2010.08.24 12:03:21.468,0.73135,0.7317,3.20,1.60
2010.08.24 12:03:23.810,0.7314,0.73175,3.20,1.60
2010.08.24 12:03:24.098,0.7314,0.7317,3.20,1.60
2010.08.24 12:03:24.381,0.73145,0.7318,3.20,1.60
2010.08.24 12:03:25.988,0.73145,0.73175,3.20,1.00
2010.08.24 12:03:28.040,0.73145,0.7318,3.20,1.60
2010.08.24 12:03:28.240,0.73145,0.7318,3.20,1.70
2010.08.24 12:03:29.270,0.73145,0.73175,3.20,1.00
2010.08.24 12:03:29.608,0.73145,0.73175,3.20,1.00
2010.08.24 12:03:29.949,0.73145,0.7318,3.20,1.70
2010.08.24 12:03:31.961,0.73145,0.73175,3.20,1.00
2010.08.24 12:03:33.051,0.73145,0.73175,3.20,1.00
2010.08.24 12:03:33.309,0.73145,0.7318,3.20,1.60
2010.08.24 12:03:35.070,0.7314,0.7318,3.20,2.40
2010.08.24 12:03:35.393,0.7314,0.7318,3.20,2.50
2010.08.24 12:03:35.919,0.7314,0.7318,3.20,2.40
2010.08.24 12:03:37.619,0.7314,0.73175,3.20,1.00
2010.08.24 12:03:37.882,0.7314,0.73175,2.40,1.00
2010.08.24 12:03:38.743,0.73135,0.73175,2.40,1.00
2010.08.24 12:03:38.959,0.73135,0.73175,2.40,1.00
2010.08.24 12:03:40.461,0.73135,0.73175,2.40,1.00
2010.08.24 12:03:40.579,0.73135,0.73175,2.40,1.60
2010.08.24 12:03:40.737,0.73135,0.73175,2.40,1.00
2010.08.24 12:03:42.478,0.73135,0.73175,2.40,1.00
2010.08.24 12:03:43.579,0.7313,0.73175,2.40,1.00
2010.08.24 12:03:44.699,0.7314,0.7318,2.40,1.70
2010.08.24 12:03:47.128,0.7314,0.7318,2.40,1.60
2010.08.24 12:03:48.457,0.7314,0.7318,2.40,1.60
2010.08.24 12:03:48.675,0.7314,0.7318,2.40,1.70
2010.08.24 12:03:48.890,0.73145,0.7318,2.40,1.70
2010.08.24 12:03:51.289,0.73145,0.7318,2.40,1.60
2010.08.24 12:03:52.884,0.7314,0.7318,2.40,1.60
2010.08.24 12:03:52.951,0.7314,0.7318,2.40,1.70
2010.08.24 12:03:54.680,0.7314,0.7318,2.40,1.60
2010.08.24 12:03:54.867,0.73145,0.7318,2.40,1.60
2010.08.24 12:03:55.033,0.73145,0.7318,2.40,1.70
2010.08.24 12:03:56.339,0.73145,0.7318,2.40,1.60
2010.08.24 12:03:57.588,0.7314,0.7318,2.40,2.40
2010.08.24 12:03:57.908,0.7314,0.73175,2.40,1.00
2010.08.24 12:03:59.929,0.7314,0.7318,2.40,2.50
2010.08.24 12:04:00.514,0.7314,0.7318,2.40,3.30
2010.08.24 12:04:00.579,0.73135,0.7318,2.50,3.30
2010.08.24 12:04:01.442,0.73135,0.73175,2.40,1.00
2010.08.24 12:04:01.648,0.7314,0.7318,2.40,3.30
2010.08.24 12:04:01.847,0.73135,0.7318,2.50,3.30
2010.08.24 12:04:02.604,0.73135,0.73175,2.50,1.00
2010.08.24 12:04:04.823,0.73135,0.7318,2.50,3.30
2010.08.24 12:04:05.110,0.73135,0.73175,2.40,1.00
2010.08.24 12:04:05.853,0.73135,0.73175,2.50,1.00
2010.08.24 12:04:06.188,0.7314,0.73175,2.40,1.00
2010.08.24 12:04:07.615,0.7314,0.7318,2.40,2.50
2010.08.24 12:04:12.154,0.7314,0.7318,2.40,2.40
2010.08.24 12:04:12.969,0.7314,0.7318,2.40,3.20
2010.08.24 12:04:13.043,0.73135,0.7318,2.50,2.50
2010.08.24 12:04:13.108,0.7314,0.7318,1.00,1.70
2010.08.24 12:04:13.178,0.7314,0.7318,3.20,2.50
2010.08.24 12:04:13.248,0.7314,0.7318,1.00,2.50
2010.08.24 12:04:13.317,0.73135,0.7318,2.50,3.30
2010.08.24 12:04:14.869,0.73135,0.7318,2.40,3.20
2010.08.24 12:04:16.045,0.73135,0.7318,2.40,2.40
2010.08.24 12:04:16.148,0.7314,0.7318,2.40,2.40
2010.08.24 12:04:18.446,0.73155,0.7318,4.80,1.00
2010.08.24 12:04:18.711,0.7316,0.73195,3.20,1.00
2010.08.24 12:04:18.968,0.7316,0.73195,3.20,1.70
2010.08.24 12:04:19.960,0.7316,0.73195,3.20,1.60
2010.08.24 12:04:21.497,0.7316,0.73195,3.20,1.70
2010.08.24 12:04:21.940,0.7316,0.73195,3.20,1.60
2010.08.24 12:04:23.118,0.7316,0.73195,3.20,2.40
2010.08.24 12:04:23.883,0.73155,0.7319,3.20,1.00
2010.08.24 12:04:24.030,0.7316,0.73195,3.20,1.60
2010.08.24 12:04:24.179,0.7316,0.73195,3.20,1.60
2010.08.24 12:04:25.217,0.7316,0.73195,3.20,1.70
2010.08.24 12:04:27.131,0.7316,0.73195,3.20,1.60
2010.08.24 12:04:30.168,0.7316,0.73195,3.20,1.70
2010.08.24 12:04:32.328,0.7316,0.73195,3.20,1.60
2010.08.24 12:04:33.769,0.73165,0.73195,1.00,1.60
2010.08.24 12:04:33.949,0.73165,0.732,3.20,1.00
2010.08.24 12:04:34.175,0.73165,0.732,3.20,1.00
2010.08.24 12:04:35.030,0.7316,0.732,3.20,1.00
2010.08.24 12:04:35.309,0.73165,0.732,3.20,1.00
2010.08.24 12:04:36.148,0.73165,0.732,3.20,1.00
2010.08.24 12:04:37.265,0.73165,0.73205,3.20,1.70
2010.08.24 12:04:37.331,0.7317,0.73205,3.20,1.70
2010.08.24 12:04:37.397,0.7317,0.73205,3.20,1.00
2010.08.24 12:04:38.162,0.73165,0.73205,1.00,1.70
2010.08.24 12:04:39.644,0.73165,0.73205,1.00,1.60
2010.08.24 12:04:39.740,0.73165,0.73205,2.50,1.60
2010.08.24 12:04:42.789,0.7317,0.73205,2.40,1.60
2010.08.24 12:04:43.051,0.73165,0.73205,2.40,1.60
2010.08.24 12:04:44.312,0.73165,0.73205,2.40,1.70
2010.08.24 12:04:45.564,0.73165,0.73205,2.50,1.60
2010.08.24 12:04:45.851,0.73165,0.732,2.40,1.70
2010.08.24 12:04:46.138,0.73165,0.732,2.40,1.60
2010.08.24 12:04:47.280,0.7316,0.732,2.40,1.60
2010.08.24 12:04:47.570,0.7316,0.732,2.40,1.70
2010.08.24 12:04:49.126,0.7316,0.732,2.40,1.60
2010.08.24 12:04:49.371,0.7316,0.732,2.80,1.60
2010.08.24 12:04:49.614,0.7316,0.732,2.80,1.60
2010.08.24 12:04:49.855,0.73165,0.732,1.00,1.60
2010.08.24 12:04:50.094,0.7316,0.732,2.80,1.60
2010.08.24 12:04:50.968,0.7316,0.732,2.90,1.60
2010.08.24 12:04:51.294,0.7316,0.732,3.10,1.60
2010.08.24 12:04:52.072,0.7316,0.732,3.20,1.60
2010.08.24 12:04:52.598,0.7316,0.73195,2.90,1.60
2010.08.24 12:04:53.591,0.7316,0.73195,1.00,1.60
2010.08.24 12:04:53.823,0.7315,0.73195,3.20,2.50
2010.08.24 12:04:54.050,0.7315,0.73195,3.20,2.40
2010.08.24 12:04:54.958,0.7315,0.73195,3.30,1.00
2010.08.24 12:04:55.341,0.7315,0.73195,3.30,1.00
2010.08.24 12:04:56.063,0.7315,0.73195,3.20,1.00
2010.08.24 12:04:56.293,0.7316,0.73195,1.00,1.00
2010.08.24 12:04:58.199,0.7316,0.732,1.00,1.70
2010.08.24 12:04:59.032,0.7316,0.732,1.00,4.10
2010.08.24 12:04:59.311,0.73155,0.73195,1.00,4.90
2010.08.24 12:04:59.588,0.73155,0.73195,1.00,5.70
2010.08.24 12:05:00.337,0.73155,0.73195,1.00,6.50
2010.08.24 12:05:00.682,0.7315,0.73175,3.20,1.60
2010.08.24 12:05:01.020,0.7315,0.7319,1.00,2.40
2010.08.24 12:05:02.045,0.73145,0.73185,1.00,2.40
2010.08.24 12:05:02.393,0.73145,0.73185,1.00,2.40
2010.08.24 12:05:03.638,0.73145,0.7318,1.00,2.40
2010.08.24 12:05:03.828,0.73145,0.7318,1.00,3.20
2010.08.24 12:05:04.018,0.7314,0.7318,2.50,3.20
2010.08.24 12:05:04.789,0.7314,0.7318,2.50,1.60
2010.08.24 12:05:05.132,0.7314,0.73185,4.00,2.40
2010.08.24 12:05:06.172,0.7316,0.73195,1.00,1.00
2010.08.24 12:05:07.108,0.73155,0.73195,2.40,1.00
2010.08.24 12:05:09.023,0.7315,0.7318,2.50,2.40
2010.08.24 12:05:09.354,0.7315,0.73195,2.40,1.60
2010.08.24 12:05:10.385,0.73145,0.7319,2.40,1.00
2010.08.24 12:05:10.590,0.73145,0.7319,2.40,1.70
2010.08.24 12:05:10.920,0.7315,0.7319,1.00,1.60
2010.08.24 12:05:11.879,0.7315,0.7319,1.00,1.70
2010.08.24 12:05:14.069,0.73145,0.7319,2.50,1.70
2010.08.24 12:05:14.199,0.73145,0.73185,2.50,1.00
2010.08.24 12:05:14.331,0.7314,0.73185,2.50,3.20
2010.08.24 12:05:15.461,0.73155,0.73185,2.40,1.60
2010.08.24 12:05:15.759,0.7314,0.73185,2.40,3.20
2010.08.24 12:05:16.593,0.7314,0.73185,2.50,3.20
2010.08.24 12:05:17.289,0.73145,0.73185,2.40,1.00
2010.08.24 12:05:18.340,0.73145,0.73185,1.00,3.20
2010.08.24 12:05:18.832,0.7314,0.73185,2.50,3.30
2010.08.24 12:05:19.809,0.73145,0.73185,2.40,1.00
2010.08.24 12:05:21.589,0.73145,0.73185,1.00,3.20
2010.08.24 12:05:21.708,0.73145,0.73185,2.40,1.00
2010.08.24 12:05:22.549,0.73145,0.73185,2.40,1.00
2010.08.24 12:05:22.888,0.73145,0.73185,2.50,1.00
2010.08.24 12:05:24.080,0.73145,0.73185,2.40,1.00
2010.08.24 12:05:25.404,0.73145,0.73185,2.50,1.00
2010.08.24 12:05:25.619,0.73155,0.73195,2.40,1.00
2010.08.24 12:05:26.934,0.73155,0.732,3.20,1.00
2010.08.24 12:05:27.219,0.73165,0.73205,2.40,2.40
2010.08.24 12:05:27.503,0.7316,0.73205,2.40,1.60
2010.08.24 12:05:28.476,0.7317,0.73215,2.40,1.00
2010.08.24 12:05:28.728,0.7317,0.7322,2.40,4.10
2010.08.24 12:05:29.730,0.73165,0.73215,3.20,5.60
2010.08.24 12:05:29.989,0.73165,0.73215,3.20,5.70
2010.08.24 12:05:30.238,0.73165,0.73215,3.30,5.70
2010.08.24 12:05:31.468,0.7317,0.73215,2.40,1.70
2010.08.24 12:05:32.801,0.7317,0.73215,2.50,1.70
2010.08.24 12:05:33.441,0.7317,0.7321,2.40,1.00
2010.08.24 12:05:33.609,0.7317,0.73215,2.40,5.70
2010.08.24 12:05:34.419,0.7317,0.73205,2.40,2.40
2010.08.24 12:05:34.606,0.73155,0.732,2.50,3.20
2010.08.24 12:05:34.789,0.73155,0.732,2.40,3.20
2010.08.24 12:05:37.260,0.73155,0.732,2.50,3.30
2010.08.24 12:05:37.819,0.7317,0.73205,1.00,1.60
2010.08.24 12:05:39.759,0.7317,0.73205,1.00,1.60
2010.08.24 12:05:41.310,0.7317,0.73205,1.00,1.60
2010.08.24 12:05:42.431,0.7317,0.73205,1.00,1.60
2010.08.24 12:05:43.793,0.7317,0.73205,1.00,1.60
2010.08.24 12:05:45.615,0.7317,0.73205,1.00,1.60
2010.08.24 12:05:45.671,0.7317,0.73205,1.00,1.70
2010.08.24 12:05:45.832,0.7317,0.73205,1.00,1.00
2010.08.24 12:05:46.821,0.7317,0.7321,1.00,4.80
2010.08.24 12:05:47.098,0.73165,0.7321,3.30,2.50
2010.08.24 12:05:47.378,0.7317,0.7321,3.20,1.00
2010.08.24 12:05:51.758,0.7316,0.732,2.50,1.60
2010.08.24 12:05:52.018,0.73165,0.73205,1.00,2.40
2010.08.24 12:05:52.916,0.73165,0.73205,1.00,3.20
2010.08.24 12:05:53.049,0.7316,0.73205,1.00,3.20
2010.08.24 12:05:53.241,0.7317,0.73205,1.00,3.20
2010.08.24 12:05:53.368,0.73165,0.73205,1.00,2.40
2010.08.24 12:05:54.153,0.73165,0.73205,1.00,3.20
2010.08.24 12:05:56.439,0.7316,0.73205,2.50,3.20
2010.08.24 12:05:56.799,0.7316,0.73205,1.00,5.60
2010.08.24 12:05:57.862,0.7316,0.73205,1.00,5.60
2010.08.24 12:05:58.433,0.7316,0.73205,1.00,5.70
2010.08.24 12:05:58.807,0.7316,0.73205,1.00,5.60
2010.08.24 12:05:59.871,0.7316,0.73205,1.00,5.70
2010.08.24 12:05:59.930,0.73155,0.73205,2.50,5.70
2010.08.24 12:06:00.317,0.7316,0.73205,1.00,5.70
2010.08.24 12:06:03.860,0.73155,0.732,1.00,1.00
2010.08.24 12:06:04.560,0.73155,0.732,1.00,1.00
2010.08.24 12:06:05.669,0.73165,0.73205,3.30,2.40
2010.08.24 12:06:07.140,0.73155,0.73195,1.00,2.40
2010.08.24 12:06:07.438,0.7316,0.73195,1.00,2.40
2010.08.24 12:06:08.755,0.7316,0.73195,1.00,2.40
2010.08.24 12:06:08.998,0.7316,0.73195,1.00,2.40
2010.08.24 12:06:09.693,0.7316,0.73195,1.00,2.40
2010.08.24 12:06:09.958,0.7316,0.73195,1.00,2.40
2010.08.24 12:06:12.230,0.73155,0.73195,1.00,4.80
2010.08.24 12:06:12.439,0.7315,0.73195,3.30,4.00
2010.08.24 12:06:13.610,0.7315,0.73195,3.30,4.90
2010.08.24 12:06:15.269,0.7315,0.73195,3.20,4.80
2010.08.24 12:06:16.460,0.73155,0.73195,1.00,4.80
2010.08.24 12:06:16.781,0.73155,0.73195,1.00,2.40
2010.08.24 12:06:17.782,0.73155,0.73195,1.00,2.40
2010.08.24 12:06:18.102,0.73165,0.73205,3.20,2.50
2010.08.24 12:06:19.745,0.73165,0.73205,2.40,2.50
2010.08.24 12:06:20.022,0.73165,0.73205,1.00,4.00
2010.08.24 12:06:21.428,0.7316,0.73205,3.30,4.10
2010.08.24 12:06:21.638,0.7316,0.73205,3.20,4.10
2010.08.24 12:06:22.562,0.7316,0.73205,3.30,5.60
2010.08.24 12:06:22.902,0.73155,0.73185,1.00,1.60
2010.08.24 12:06:23.949,0.7315,0.73185,1.00,1.60
2010.08.24 12:06:24.260,0.73145,0.73185,3.30,1.60
2010.08.24 12:06:25.575,0.73145,0.73185,2.50,1.60
2010.08.24 12:06:25.860,0.73145,0.73185,3.30,1.60
2010.08.24 12:06:27.731,0.73145,0.73185,3.20,1.60
2010.08.24 12:06:27.874,0.7315,0.73185,1.00,1.60
2010.08.24 12:06:30.057,0.7314,0.73175,3.20,1.60
2010.08.24 12:06:30.253,0.73145,0.73175,1.00,1.60
2010.08.24 12:06:31.130,0.7314,0.73185,4.80,4.90
2010.08.24 12:06:31.462,0.7314,0.73185,3.30,4.80
2010.08.24 12:06:31.789,0.7314,0.73185,3.30,4.90
2010.08.24 12:06:32.809,0.73145,0.73185,2.50,3.20
2010.08.24 12:06:33.071,0.73155,0.73195,1.60,2.50
2010.08.24 12:06:34.607,0.73155,0.73195,1.60,2.40
2010.08.24 12:06:34.861,0.73155,0.732,1.60,4.00
2010.08.24 12:06:35.145,0.73155,0.732,1.70,4.10
2010.08.24 12:06:36.201,0.73155,0.73205,1.60,2.50
2010.08.24 12:06:36.428,0.73155,0.732,1.60,1.00
2010.08.24 12:06:37.581,0.7315,0.73195,1.70,1.60
2010.08.24 12:06:37.919,0.73155,0.73195,1.00,1.60
2010.08.24 12:06:39.002,0.73155,0.732,1.70,4.10
2010.08.24 12:06:40.300,0.73155,0.732,1.60,4.10
2010.08.24 12:06:40.572,0.73155,0.732,1.70,4.10
2010.08.24 12:06:40.903,0.73155,0.732,1.60,4.00
2010.08.24 12:06:42.508,0.73155,0.73195,1.60,2.40
2010.08.24 12:06:42.628,0.73155,0.732,1.60,4.00
2010.08.24 12:06:42.714,0.73155,0.73195,1.60,1.00
2010.08.24 12:06:42.898,0.73155,0.732,1.60,4.00
2010.08.24 12:06:46.144,0.73155,0.732,2.40,4.80
2010.08.24 12:06:46.318,0.73155,0.732,2.50,4.80
2010.08.24 12:06:46.498,0.73155,0.73205,2.50,2.50
2010.08.24 12:06:46.802,0.73155,0.73205,1.70,2.50
2010.08.24 12:06:47.650,0.73155,0.732,1.60,1.00
2010.08.24 12:06:47.942,0.7315,0.73195,1.70,1.60
2010.08.24 12:06:51.832,0.73155,0.73195,1.00,1.60
2010.08.24 12:06:55.648,0.7315,0.73195,1.70,1.60
2010.08.24 12:06:58.909,0.7315,0.7318,1.00,1.60
2010.08.24 12:06:59.429,0.73145,0.7318,2.50,1.60
2010.08.24 12:07:00.390,0.73145,0.73185,3.30,2.40
2010.08.24 12:07:01.759,0.73145,0.7318,1.00,1.60
2010.08.24 12:07:02.098,0.73145,0.7318,1.00,1.60
2010.08.24 12:07:02.839,0.7315,0.73185,1.00,1.60
2010.08.24 12:07:03.763,0.73145,0.7318,1.00,1.60
2010.08.24 12:07:03.870,0.7315,0.7318,1.00,1.60
2010.08.24 12:07:04.070,0.73145,0.7318,1.00,1.60
2010.08.24 12:07:05.880,0.73145,0.73185,1.00,1.60
2010.08.24 12:07:07.168,0.73145,0.7319,1.90,3.30
2010.08.24 12:07:09.118,0.73145,0.7319,1.90,5.70
2010.08.24 12:07:09.205,0.73145,0.73175,1.00,1.60
2010.08.24 12:07:09.280,0.7314,0.73175,1.00,1.60
2010.08.24 12:07:09.359,0.7314,0.7317,1.00,1.60
2010.08.24 12:07:12.319,0.73135,0.7317,2.40,2.80
2010.08.24 12:07:13.179,0.7313,0.7316,1.00,1.60
2010.08.24 12:07:13.509,0.7313,0.7316,1.00,1.60
2010.08.24 12:07:13.849,0.7313,0.7317,2.50,2.90
2010.08.24 12:07:15.280,0.7313,0.7317,1.00,2.40
2010.08.24 12:07:16.270,0.7313,0.7317,2.50,2.40
2010.08.24 12:07:16.494,0.7313,0.7317,1.00,2.40
2010.08.24 12:07:17.112,0.7313,0.7317,2.40,3.20
2010.08.24 12:07:18.151,0.73125,0.7317,2.70,5.70
2010.08.24 12:07:18.419,0.7313,0.7317,1.00,5.60
2010.08.24 12:07:18.691,0.7313,0.7317,1.00,5.60
2010.08.24 12:07:19.589,0.7313,0.7317,1.00,5.60
2010.08.24 12:07:21.300,0.73125,0.7316,1.00,1.60
2010.08.24 12:07:22.930,0.73125,0.7316,1.00,1.60
2010.08.24 12:07:23.270,0.73125,0.7316,1.00,1.00
2010.08.24 12:07:23.820,0.7312,0.7316,1.00,1.00
2010.08.24 12:07:24.058,0.7312,0.7316,1.00,2.40
2010.08.24 12:07:25.780,0.7312,0.7316,1.00,2.00
2010.08.24 12:07:28.493,0.7312,0.7316,1.00,2.00
2010.08.24 12:07:29.321,0.7312,0.7316,2.70,2.00
2010.08.24 12:07:30.345,0.7312,0.7316,2.60,2.00
2010.08.24 12:07:30.705,0.7312,0.7316,2.50,2.10
2010.08.24 12:07:31.064,0.73125,0.7316,1.00,1.00
2010.08.24 12:07:34.343,0.73125,0.7316,1.00,2.00
2010.08.24 12:07:34.499,0.73125,0.7316,1.00,1.00
2010.08.24 12:07:34.768,0.73125,0.7316,1.00,2.00
2010.08.24 12:07:35.038,0.7312,0.7316,2.60,2.00
2010.08.24 12:07:35.775,0.7312,0.73155,2.60,1.00
2010.08.24 12:07:36.807,0.73125,0.73155,1.00,1.00
2010.08.24 12:07:37.763,0.7312,0.73155,2.60,1.00
2010.08.24 12:07:38.105,0.7312,0.73165,4.90,4.80
2010.08.24 12:07:39.060,0.7313,0.7317,1.00,4.00
2010.08.24 12:07:39.308,0.73125,0.7317,3.30,4.80
2010.08.24 12:07:39.558,0.7313,0.7317,2.40,2.40
2010.08.24 12:07:40.278,0.73125,0.7317,3.30,4.80
2010.08.24 12:07:40.738,0.7313,0.7317,1.00,4.80
2010.08.24 12:07:43.599,0.7313,0.73175,4.90,2.40
2010.08.24 12:07:44.863,0.7313,0.73175,4.90,2.50
2010.08.24 12:07:45.170,0.7313,0.73175,4.90,2.40
2010.08.24 12:07:45.479,0.73135,0.73175,1.00,2.40
2010.08.24 12:07:47.174,0.7313,0.73175,4.90,2.40
2010.08.24 12:07:47.378,0.7313,0.73165,2.50,1.60
2010.08.24 12:07:48.181,0.73125,0.73165,3.30,1.60
2010.08.24 12:07:48.519,0.73125,0.7316,3.30,1.60
2010.08.24 12:07:51.210,0.7313,0.7316,1.00,1.60
2010.08.24 12:07:52.231,0.7313,0.7317,1.00,4.10
2010.08.24 12:07:52.460,0.7313,0.7317,1.00,1.60
2010.08.24 12:07:53.230,0.7313,0.7317,1.00,1.60
2010.08.24 12:07:53.749,0.7314,0.7317,1.00,1.60
2010.08.24 12:07:54.010,0.7314,0.7318,1.60,1.60
2010.08.24 12:07:54.980,0.73145,0.7318,3.20,1.00
2010.08.24 12:07:55.265,0.73145,0.7319,2.70,2.00
2010.08.24 12:07:55.613,0.73145,0.7319,2.70,2.10
2010.08.24 12:07:56.746,0.73145,0.7319,2.50,2.50
2010.08.24 12:07:56.856,0.73145,0.7319,2.40,2.40
2010.08.24 12:07:58.152,0.73145,0.73185,2.40,1.00
2010.08.24 12:07:58.489,0.7314,0.73185,4.00,3.20
2010.08.24 12:07:58.828,0.7314,0.73185,4.00,3.60
2010.08.24 12:07:59.979,0.7314,0.7318,4.00,1.00
2010.08.24 12:08:00.238,0.7314,0.73185,4.00,3.60
2010.08.24 12:08:00.348,0.7314,0.73185,4.10,3.70
2010.08.24 12:08:00.459,0.7314,0.7318,4.10,1.00
2010.08.24 12:08:01.251,0.7314,0.7318,1.70,1.00
2010.08.24 12:08:01.371,0.73125,0.73165,4.00,1.00
2010.08.24 12:08:01.559,0.73125,0.73165,4.00,1.00
2010.08.24 12:08:02.596,0.73125,0.7317,4.10,1.30
2010.08.24 12:08:02.900,0.73125,0.7317,4.90,2.90
2010.08.24 12:08:03.372,0.73125,0.7317,4.80,2.80
2010.08.24 12:08:04.219,0.73125,0.7317,4.80,1.00
2010.08.24 12:08:04.413,0.73125,0.73165,4.80,1.00
2010.08.24 12:08:06.143,0.73125,0.73165,4.00,1.00
2010.08.24 12:08:06.478,0.73125,0.7317,4.10,1.20
2010.08.24 12:08:07.649,0.73125,0.7317,4.10,1.30
2010.08.24 12:08:08.930,0.7312,0.7316,1.70,2.40
2010.08.24 12:08:09.138,0.7312,0.7316,1.00,2.40
2010.08.24 12:08:09.338,0.73115,0.7316,2.40,2.40
2010.08.24 12:08:10.121,0.73115,0.7316,2.50,2.40
2010.08.24 12:08:10.329,0.73115,0.7316,2.40,2.50
2010.08.24 12:08:10.910,0.73115,0.7316,2.50,2.40
2010.08.24 12:08:13.413,0.73115,0.7316,2.70,2.40
2010.08.24 12:08:13.560,0.7312,0.7316,1.00,2.40
2010.08.24 12:08:13.708,0.7312,0.73165,2.50,2.50
2010.08.24 12:08:14.600,0.73125,0.73165,2.40,1.00
2010.08.24 12:08:17.331,0.73125,0.7316,2.40,1.00
2010.08.24 12:08:17.381,0.73115,0.73155,2.50,1.00
2010.08.24 12:08:18.399,0.73115,0.7316,2.70,5.30
2010.08.24 12:08:18.739,0.73125,0.7316,1.00,2.00
2010.08.24 12:08:20.960,0.73125,0.7316,1.00,2.00
2010.08.24 12:08:21.028,0.73125,0.7316,1.00,2.00
2010.08.24 12:08:21.098,0.73125,0.7316,1.00,2.00
2010.08.24 12:08:21.159,0.73125,0.7316,1.00,1.00
2010.08.24 12:08:22.008,0.7312,0.7316,2.70,1.00
2010.08.24 12:08:23.189,0.73125,0.7316,1.00,1.00
2010.08.24 12:08:23.411,0.7312,0.7316,2.70,1.00
2010.08.24 12:08:25.070,0.7313,0.7316,1.00,1.00
2010.08.24 12:08:25.981,0.7313,0.73165,3.20,1.00
2010.08.24 12:08:28.359,0.7313,0.7317,3.20,1.00
2010.08.24 12:08:29.639,0.7313,0.73165,3.20,1.00
2010.08.24 12:08:29.824,0.7313,0.7317,3.20,1.00
2010.08.24 12:08:30.989,0.7313,0.7317,3.20,1.00
2010.08.24 12:08:32.410,0.7313,0.7317,3.20,1.00
2010.08.24 12:08:32.708,0.7313,0.7317,3.20,1.00
2010.08.24 12:08:33.844,0.7313,0.7317,3.20,1.00
2010.08.24 12:08:34.179,0.7313,0.7317,2.50,1.00
2010.08.24 12:08:37.696,0.7313,0.7317,1.00,1.00
2010.08.24 12:08:37.772,0.7313,0.73175,1.00,3.30
2010.08.24 12:08:38.136,0.73125,0.73175,2.70,3.30
2010.08.24 12:08:40.175,0.73125,0.73175,2.60,3.20
2010.08.24 12:08:41.200,0.73125,0.7317,2.60,1.00
2010.08.24 12:08:41.860,0.73125,0.73175,2.60,3.20
2010.08.24 12:08:42.030,0.73125,0.7317,2.60,1.00
2010.08.24 12:08:42.775,0.73125,0.73175,2.60,3.20
2010.08.24 12:08:43.682,0.7313,0.73175,1.00,3.20
2010.08.24 12:08:44.871,0.7313,0.7318,3.20,3.60
2010.08.24 12:08:45.978,0.7313,0.7318,3.30,3.70
2010.08.24 12:08:47.158,0.7313,0.73175,3.20,1.00
2010.08.24 12:08:49.849,0.7313,0.73175,3.20,1.00
2010.08.24 12:08:50.098,0.7313,0.7317,3.20,1.00
2010.08.24 12:08:50.348,0.7313,0.73175,2.50,1.00
2010.08.24 12:08:51.081,0.7313,0.73175,2.50,1.00
2010.08.24 12:08:51.330,0.73125,0.7317,2.50,1.00
2010.08.24 12:08:52.771,0.73125,0.7317,3.30,1.00
2010.08.24 12:08:53.110,0.7313,0.7317,3.20,1.00
2010.08.24 12:08:53.743,0.7313,0.73175,3.20,1.00
2010.08.24 12:08:54.698,0.7313,0.73175,3.30,1.00
2010.08.24 12:08:54.861,0.7313,0.73175,3.20,1.00
2010.08.24 12:08:56.378,0.7313,0.73175,3.20,1.00
2010.08.24 12:08:56.558,0.7313,0.73175,3.20,1.00
2010.08.24 12:08:59.319,0.7313,0.73175,3.20,1.00
2010.08.24 12:08:59.507,0.7313,0.73175,3.20,2.80
2010.08.24 12:08:59.765,0.7313,0.7317,3.20,1.00
2010.08.24 12:09:00.772,0.7313,0.73175,3.20,1.00
2010.08.24 12:09:01.408,0.73135,0.73175,2.40,1.00
2010.08.24 12:09:02.419,0.73135,0.73175,2.50,1.00
2010.08.24 12:09:02.640,0.73135,0.7318,2.50,1.00
2010.08.24 12:09:03.220,0.73135,0.7318,2.60,1.00
2010.08.24 12:09:03.438,0.73135,0.7318,2.50,1.00
2010.08.24 12:09:03.658,0.73135,0.7318,2.50,1.00
2010.08.24 12:09:03.879,0.7313,0.73175,2.60,1.00
2010.08.24 12:09:05.039,0.7313,0.7317,1.00,2.40
2010.08.24 12:09:05.140,0.7313,0.7317,1.00,3.20
2010.08.24 12:09:05.211,0.73125,0.7317,2.70,3.20
2010.08.24 12:09:05.270,0.73125,0.7317,1.00,5.60
2010.08.24 12:09:05.469,0.73125,0.73165,1.00,1.00
2010.08.24 12:09:06.619,0.7312,0.7316,2.60,1.00
2010.08.24 12:09:06.799,0.73125,0.7316,1.00,2.40
2010.08.24 12:09:06.978,0.73125,0.73165,1.00,4.80
2010.08.24 12:09:07.723,0.7312,0.73165,2.60,1.00
2010.08.24 12:09:08.060,0.7312,0.73165,2.70,1.00
2010.08.24 12:09:09.058,0.73125,0.73165,1.00,1.00
2010.08.24 12:09:12.473,0.73125,0.7315,1.00,1.60
2010.08.24 12:09:13.499,0.7312,0.7316,1.00,2.50
2010.08.24 12:09:14.148,0.7312,0.7316,1.00,3.30
2010.08.24 12:09:14.863,0.7312,0.73155,1.00,1.60
2010.08.24 12:09:15.039,0.73115,0.73155,1.00,2.40
2010.08.24 12:09:15.230,0.73115,0.73155,1.00,2.40
2010.08.24 12:09:15.408,0.73115,0.73155,1.00,2.40
2010.08.24 12:09:16.498,0.7312,0.73155,1.00,2.40
2010.08.24 12:09:16.689,0.73115,0.73155,1.00,2.40
2010.08.24 12:09:16.890,0.73115,0.73155,1.00,2.40
2010.08.24 12:09:17.773,0.7312,0.73155,1.00,2.40
2010.08.24 12:09:18.110,0.7312,0.73155,1.00,2.40
2010.08.24 12:09:18.762,0.73115,0.73155,1.00,2.40
2010.08.24 12:09:20.030,0.73115,0.73155,1.00,2.40
2010.08.24 12:09:20.114,0.73115,0.73155,2.50,1.00
2010.08.24 12:09:20.181,0.7312,0.73155,1.00,1.00
2010.08.24 12:09:20.903,0.7312,0.7316,1.00,2.40
2010.08.24 12:09:20.952,0.7312,0.73165,1.00,2.00
2010.08.24 12:09:21.019,0.73125,0.73165,1.00,2.00
2010.08.24 12:09:23.154,0.7312,0.73165,1.00,2.10
2010.08.24 12:09:25.158,0.7312,0.7316,1.00,1.00
2010.08.24 12:09:28.971,0.7312,0.7316,1.00,1.00
2010.08.24 12:09:29.865,0.73115,0.7316,4.90,1.00
2010.08.24 12:09:30.072,0.7312,0.7316,1.00,1.00
2010.08.24 12:09:30.780,0.73125,0.7316,1.00,1.00
2010.08.24 12:09:32.578,0.7312,0.7316,1.00,1.00
2010.08.24 12:09:33.366,0.7312,0.7316,3.30,1.00
2010.08.24 12:09:35.610,0.73125,0.7316,1.00,1.00
2010.08.24 12:09:36.584,0.73125,0.7316,1.00,1.00
2010.08.24 12:09:36.631,0.7312,0.7316,3.30,1.00
2010.08.24 12:09:39.374,0.7312,0.7316,2.70,1.00
2010.08.24 12:09:39.549,0.73125,0.7316,1.00,1.00
2010.08.24 12:09:40.513,0.7313,0.73165,1.00,1.60
2010.08.24 12:09:40.648,0.7313,0.73165,1.00,1.60
2010.08.24 12:09:41.287,0.73135,0.73165,1.00,1.60
2010.08.24 12:09:41.429,0.7313,0.73165,1.00,1.60
2010.08.24 12:09:42.492,0.73135,0.7318,1.00,5.20
2010.08.24 12:09:42.719,0.7314,0.7318,1.00,5.20
2010.08.24 12:09:42.948,0.73135,0.7318,1.00,5.20
2010.08.24 12:09:43.980,0.73135,0.7318,1.00,3.60
2010.08.24 12:09:44.171,0.7314,0.7318,1.00,2.80
2010.08.24 12:09:44.360,0.73135,0.7318,3.30,2.90
2010.08.24 12:09:45.351,0.7314,0.7318,1.00,2.40
2010.08.24 12:09:45.592,0.73135,0.73175,3.20,1.00
2010.08.24 12:09:45.831,0.73135,0.7318,3.20,2.40
2010.08.24 12:09:47.393,0.73135,0.73175,3.30,1.00
2010.08.24 12:09:48.315,0.73135,0.7318,3.30,2.50
2010.08.24 12:09:48.651,0.73135,0.73175,1.00,1.00
2010.08.24 12:09:48.889,0.73135,0.73175,1.00,2.40
2010.08.24 12:09:49.009,0.7313,0.73175,3.20,4.80
2010.08.24 12:09:49.813,0.7313,0.73165,3.20,1.60
2010.08.24 12:09:50.031,0.73125,0.73165,1.00,4.80
2010.08.24 12:09:50.248,0.73125,0.7317,1.00,4.00
2010.08.24 12:09:51.317,0.73125,0.7317,2.50,1.60
2010.08.24 12:09:51.548,0.73125,0.7317,3.30,1.00
2010.08.24 12:09:52.851,0.73125,0.73165,1.00,1.00
2010.08.24 12:09:53.188,0.73125,0.7317,1.00,4.10
2010.08.24 12:09:54.116,0.73125,0.73165,1.00,1.00
2010.08.24 12:09:54.410,0.7312,0.73165,3.20,4.80
2010.08.24 12:09:54.910,0.7312,0.7316,3.20,1.00
2010.08.24 12:09:55.727,0.7312,0.73165,3.20,4.80
2010.08.24 12:09:56.123,0.7312,0.7316,3.20,1.00
2010.08.24 12:09:56.341,0.7312,0.7316,3.20,1.00
2010.08.24 12:09:57.402,0.7312,0.7316,3.20,1.00
2010.08.24 12:09:57.700,0.7312,0.73165,3.30,4.90
2010.08.24 12:09:58.620,0.7312,0.73165,3.20,4.80
2010.08.24 12:09:58.909,0.73125,0.73165,1.00,4.90
2010.08.24 12:09:59.218,0.7312,0.73165,3.20,4.90
2010.08.24 12:09:59.528,0.7312,0.73165,3.30,4.90
2010.08.24 12:10:00.408,0.7312,0.73165,3.20,4.80
2010.08.24 12:10:01.611,0.73125,0.73165,1.00,4.80
2010.08.24 12:10:02.288,0.73125,0.73165,1.00,4.80
2010.08.24 12:10:03.639,0.73125,0.73165,1.00,4.90
2010.08.24 12:10:03.978,0.73125,0.73165,1.00,4.80
2010.08.24 12:10:07.164,0.73125,0.73165,1.00,4.80
2010.08.24 12:10:09.312,0.73125,0.73165,1.00,4.80
2010.08.24 12:10:10.254,0.73125,0.73165,1.00,4.80
2010.08.24 12:10:10.551,0.7312,0.7316,1.00,3.20
2010.08.24 12:10:10.851,0.7312,0.73155,1.00,1.60
2010.08.24 12:10:11.971,0.7312,0.73155,2.50,1.00
2010.08.24 12:10:12.918,0.7312,0.7316,2.70,1.60
2010.08.24 12:10:13.128,0.7312,0.7316,2.70,1.70
2010.08.24 12:10:14.972,0.7312,0.7316,2.50,1.70
2010.08.24 12:10:15.280,0.7312,0.7316,2.70,1.70
2010.08.24 12:10:16.510,0.7312,0.7316,2.50,1.70
2010.08.24 12:10:17.039,0.7312,0.7316,2.70,1.60
2010.08.24 12:10:19.061,0.7312,0.7316,2.50,1.70
2010.08.24 12:10:19.282,0.731,0.73145,3.30,4.80
2010.08.24 12:10:20.018,0.73105,0.73145,2.40,2.40
2010.08.24 12:10:20.270,0.73105,0.73145,1.00,5.60
2010.08.24 12:10:22.252,0.731,0.73145,3.30,5.70
2010.08.24 12:10:24.629,0.731,0.73145,3.30,5.60
2010.08.24 12:10:24.721,0.731,0.73145,2.70,5.60
2010.08.24 12:10:25.140,0.73105,0.73145,1.00,5.60
2010.08.24 12:10:27.061,0.73105,0.73145,1.00,5.60
2010.08.24 12:10:28.319,0.73105,0.73145,2.70,1.60
2010.08.24 12:10:28.638,0.73105,0.73145,2.50,1.60
2010.08.24 12:10:29.349,0.73105,0.73145,2.70,1.60
2010.08.24 12:10:29.611,0.73105,0.73145,2.60,1.60
2010.08.24 12:10:29.823,0.7311,0.73145,1.00,1.60
2010.08.24 12:10:30.483,0.73105,0.73145,2.60,1.60
2010.08.24 12:10:30.969,0.73105,0.73145,2.60,1.60
2010.08.24 12:10:31.141,0.73105,0.73145,2.60,1.60
2010.08.24 12:10:32.181,0.7311,0.73145,1.00,5.60
2010.08.24 12:10:35.142,0.73105,0.73145,1.00,5.60
2010.08.24 12:10:35.339,0.7311,0.73145,1.00,5.60
2010.08.24 12:10:35.539,0.7311,0.73145,1.00,4.80
2010.08.24 12:10:36.333,0.73105,0.73145,1.00,4.80
2010.08.24 12:10:36.609,0.7311,0.73145,1.00,1.60
2010.08.24 12:10:37.296,0.7311,0.73145,1.00,1.60
2010.08.24 12:10:38.180,0.7311,0.73145,1.00,2.40
2010.08.24 12:10:38.527,0.73105,0.73145,1.00,5.20
2010.08.24 12:10:38.729,0.73105,0.73145,1.00,5.20
2010.08.24 12:10:39.084,0.73105,0.73145,1.00,5.20
2010.08.24 12:10:40.092,0.7311,0.73145,1.00,5.20
2010.08.24 12:10:40.760,0.7311,0.7314,1.00,1.00
2010.08.24 12:10:40.949,0.73105,0.7314,1.00,3.20
2010.08.24 12:10:41.069,0.731,0.7314,1.00,5.60
2010.08.24 12:10:43.276,0.731,0.7314,1.00,5.60
2010.08.24 12:10:45.833,0.731,0.7314,1.00,5.60
2010.08.24 12:10:47.340,0.731,0.7314,1.00,5.60
2010.08.24 12:10:48.697,0.731,0.7314,1.00,5.60
2010.08.24 12:10:48.966,0.731,0.7314,2.50,2.80
2010.08.24 12:10:49.260,0.731,0.7314,2.50,2.00
2010.08.24 12:10:50.178,0.731,0.7314,4.10,1.00
2010.08.24 12:10:50.441,0.73105,0.73145,1.00,2.00
2010.08.24 12:10:52.370,0.731,0.73145,4.90,2.10
2010.08.24 12:10:52.558,0.731,0.73145,4.90,5.30
2010.08.24 12:10:54.185,0.731,0.73145,4.80,5.20
2010.08.24 12:10:54.751,0.731,0.7314,4.80,1.00
2010.08.24 12:10:55.531,0.731,0.7314,2.40,3.20
2010.08.24 12:10:55.724,0.7309,0.73125,2.40,1.60
2010.08.24 12:10:55.910,0.7309,0.73125,2.50,1.60
2010.08.24 12:10:56.636,0.7309,0.73125,2.40,1.60
2010.08.24 12:10:57.323,0.7309,0.73125,2.50,1.60
2010.08.24 12:10:59.392,0.7309,0.73125,2.40,1.60
2010.08.24 12:11:34.692,0.7309,0.73125,2.50,1.60
2010.08.24 12:11:34.709,0.7309,0.73125,3.10,1.60
2010.08.24 12:11:35.589,0.73095,0.7313,1.00,1.60
2010.08.24 12:11:35.679,0.73095,0.7313,2.80,1.70
2010.08.24 12:11:35.769,0.73095,0.73135,3.20,3.30
2010.08.24 12:11:36.065,0.73095,0.73135,3.30,3.30
2010.08.24 12:11:37.485,0.73095,0.7313,3.30,1.60
2010.08.24 12:11:39.039,0.73095,0.7313,3.20,1.00
2010.08.24 12:11:39.378,0.73095,0.7313,3.20,1.70
2010.08.24 12:11:40.471,0.73095,0.7313,3.20,1.00
2010.08.24 12:11:44.613,0.73095,0.7313,3.20,1.70
2010.08.24 12:11:44.720,0.73095,0.7313,3.30,1.60
2010.08.24 12:11:45.680,0.731,0.73135,1.00,2.50
2010.08.24 12:11:45.849,0.731,0.73135,2.90,2.50
2010.08.24 12:11:46.632,0.731,0.73135,1.00,2.50
2010.08.24 12:11:46.975,0.73095,0.73135,2.90,2.50
2010.08.24 12:11:47.373,0.73095,0.7313,2.90,1.00
2010.08.24 12:11:48.092,0.73095,0.73135,3.10,2.50
2010.08.24 12:11:48.406,0.73095,0.7313,2.90,1.00
2010.08.24 12:11:48.709,0.73095,0.7313,2.90,1.00
2010.08.24 12:11:49.308,0.73095,0.7313,2.90,1.70
2010.08.24 12:11:50.041,0.73095,0.7313,2.90,1.00
2010.08.24 12:11:52.951,0.73095,0.73135,4.50,1.00
2010.08.24 12:11:53.719,0.731,0.73135,2.40,1.00
2010.08.24 12:11:53.959,0.731,0.73135,2.80,1.00
2010.08.24 12:11:55.702,0.731,0.73135,2.80,1.70
2010.08.24 12:11:58.910,0.731,0.73135,3.20,1.70
2010.08.24 12:12:00.746,0.731,0.7313,3.20,1.60
2010.08.24 12:12:02.054,0.731,0.73135,3.20,1.70
2010.08.24 12:12:02.552,0.731,0.73135,3.20,1.60
2010.08.24 12:12:02.738,0.731,0.73135,1.00,2.40
2010.08.24 12:12:02.928,0.73095,0.73125,3.30,1.60
2010.08.24 12:12:04.435,0.73095,0.73125,3.20,1.60
2010.08.24 12:12:06.429,0.731,0.73125,1.00,1.60
2010.08.24 12:12:07.461,0.73095,0.73125,2.80,1.60
2010.08.24 12:12:07.911,0.73095,0.73125,2.80,1.70
2010.08.24 12:12:08.842,0.73095,0.73125,2.80,1.60
2010.08.24 12:12:11.622,0.73095,0.7313,2.80,1.70
2010.08.24 12:12:11.791,0.73095,0.7313,4.40,1.00
2010.08.24 12:12:11.961,0.731,0.7313,3.20,1.00
2010.08.24 12:12:15.279,0.731,0.73135,3.20,1.00
2010.08.24 12:12:16.609,0.731,0.73135,1.00,1.00
2010.08.24 12:12:16.749,0.73095,0.7313,3.20,1.60
2010.08.24 12:12:18.500,0.73095,0.7313,3.20,1.70
2010.08.24 12:12:18.845,0.73095,0.73125,2.40,1.60
2010.08.24 12:12:19.090,0.73095,0.7313,1.00,1.00
2010.08.24 12:12:19.800,0.7309,0.73125,2.80,1.60
2010.08.24 12:12:20.039,0.7309,0.73125,2.80,1.70
2010.08.24 12:12:21.782,0.73085,0.73125,1.00,4.90
2010.08.24 12:12:22.070,0.7308,0.73115,3.20,1.60
2010.08.24 12:12:22.349,0.73085,0.73125,1.00,4.90
2010.08.24 12:12:23.303,0.7308,0.73115,3.20,1.60
2010.08.24 12:12:23.959,0.7308,0.73115,3.20,1.70
2010.08.24 12:12:25.260,0.7307,0.73105,3.30,1.60
2010.08.24 12:12:25.501,0.7307,0.731,3.20,1.60
2010.08.24 12:12:25.695,0.73075,0.73105,3.20,1.60
2010.08.24 12:12:26.758,0.73075,0.73115,4.80,1.00
2010.08.24 12:12:26.960,0.7308,0.73115,3.20,1.00
2010.08.24 12:12:27.142,0.73075,0.73115,2.40,1.60
2010.08.24 12:12:27.848,0.73075,0.7312,4.00,4.90
2010.08.24 12:12:28.204,0.7309,0.73125,1.00,2.40
2010.08.24 12:12:28.540,0.7309,0.73125,2.90,2.40
2010.08.24 12:12:29.479,0.73085,0.73125,2.40,2.40
2010.08.24 12:12:29.985,0.73085,0.73125,2.40,2.40
2010.08.24 12:12:31.491,0.73085,0.73125,2.40,2.40
2010.08.24 12:12:32.882,0.73085,0.73125,2.90,2.50
2010.08.24 12:12:33.621,0.73085,0.7312,2.90,1.00
2010.08.24 12:12:34.385,0.73085,0.73125,3.00,2.40
2010.08.24 12:12:34.520,0.73085,0.7312,3.10,1.00
2010.08.24 12:12:34.652,0.73085,0.7312,2.90,1.00
2010.08.24 12:12:34.783,0.73085,0.7312,1.00,1.00
2010.08.24 12:12:35.575,0.73085,0.73125,1.00,4.80
2010.08.24 12:12:35.830,0.73085,0.73125,2.90,2.40
2010.08.24 12:12:36.291,0.73085,0.73125,3.10,2.50
2010.08.24 12:12:37.639,0.7309,0.73125,2.90,1.60
2010.08.24 12:12:37.889,0.7309,0.73125,1.00,1.60
2010.08.24 12:12:38.539,0.7309,0.73125,1.00,1.70
2010.08.24 12:12:42.000,0.7309,0.73125,1.00,1.60
2010.08.24 12:12:43.322,0.7309,0.73125,1.00,1.70
2010.08.24 12:12:44.932,0.7309,0.73125,1.00,1.60
2010.08.24 12:12:45.099,0.7309,0.73125,1.00,1.60
2010.08.24 12:12:47.029,0.7309,0.73125,1.00,1.60
2010.08.24 12:12:47.543,0.7309,0.73125,1.00,1.60
2010.08.24 12:12:48.701,0.7309,0.73125,1.00,1.70
2010.08.24 12:12:49.605,0.7309,0.73125,1.00,1.60
2010.08.24 12:12:50.042,0.7309,0.73125,1.00,1.60
2010.08.24 12:12:50.899,0.7309,0.73125,1.00,1.60
2010.08.24 12:12:51.912,0.7309,0.73125,1.00,1.60
2010.08.24 12:12:52.179,0.7309,0.73125,1.00,1.60
2010.08.24 12:12:52.897,0.7309,0.73125,1.00,2.40
2010.08.24 12:12:53.172,0.73085,0.73125,1.00,5.70
2010.08.24 12:12:55.103,0.7308,0.73115,1.00,1.60
2010.08.24 12:12:55.640,0.73085,0.73115,1.00,1.60
2010.08.24 12:12:55.923,0.7308,0.73115,1.00,1.60
2010.08.24 12:12:56.958,0.73085,0.73115,1.00,1.60
2010.08.24 12:12:57.130,0.7308,0.7312,1.00,1.00
2010.08.24 12:12:57.299,0.73085,0.7312,1.00,1.00
2010.08.24 12:12:58.439,0.73085,0.73125,1.00,5.60
2010.08.24 12:12:58.669,0.7309,0.73125,1.00,5.60
2010.08.24 12:12:58.850,0.7309,0.73125,1.00,5.60
2010.08.24 12:12:59.910,0.73085,0.73125,1.00,5.60
2010.08.24 12:13:00.188,0.73085,0.73125,1.00,5.60
2010.08.24 12:13:00.748,0.73085,0.73125,1.00,5.60
2010.08.24 12:13:01.770,0.73085,0.73125,1.00,5.60
2010.08.24 12:13:01.829,0.7309,0.73125,1.00,5.60
2010.08.24 12:13:05.026,0.73085,0.73125,1.00,5.70
2010.08.24 12:13:05.792,0.73085,0.73125,1.00,5.60
2010.08.24 12:13:06.519,0.73085,0.73125,1.00,4.00
2010.08.24 12:13:06.672,0.7309,0.7313,1.00,2.40
2010.08.24 12:13:06.819,0.73095,0.73135,1.00,6.10
2010.08.24 12:13:07.864,0.73095,0.73135,1.00,6.00
2010.08.24 12:13:08.010,0.73095,0.73135,1.00,6.00
2010.08.24 12:13:09.020,0.73095,0.73135,1.00,6.00
2010.08.24 12:13:10.381,0.73095,0.73135,2.90,2.50
2010.08.24 12:13:10.552,0.73095,0.73135,2.70,2.40
2010.08.24 12:13:10.719,0.73095,0.73135,1.00,4.80
2010.08.24 12:13:11.620,0.73095,0.7314,3.20,4.80
2010.08.24 12:13:13.079,0.731,0.7314,1.00,4.80
2010.08.24 12:13:13.339,0.73095,0.7314,2.60,4.80
2010.08.24 12:13:15.358,0.73095,0.7314,2.40,4.80
2010.08.24 12:13:17.050,0.7309,0.7313,2.50,1.60
2010.08.24 12:13:19.289,0.7309,0.7313,2.40,1.70
2010.08.24 12:13:20.743,0.7309,0.7313,2.50,1.70
2010.08.24 12:13:20.870,0.73105,0.7314,1.00,1.00
2010.08.24 12:13:21.350,0.7311,0.7314,1.00,1.00
2010.08.24 12:13:21.470,0.7311,0.7315,1.00,4.90
2010.08.24 12:13:22.279,0.73105,0.73145,1.00,4.90
2010.08.24 12:13:22.779,0.7311,0.73145,4.10,1.00
2010.08.24 12:13:23.030,0.7312,0.7315,1.60,1.00
2010.08.24 12:13:23.911,0.7312,0.73155,1.60,1.00
2010.08.24 12:13:24.251,0.73115,0.7315,3.20,1.60
2010.08.24 12:13:25.894,0.73115,0.7315,3.20,1.70
2010.08.24 12:13:27.181,0.73115,0.7315,2.80,1.70
2010.08.24 12:13:27.538,0.73115,0.73155,2.80,1.60
2010.08.24 12:13:27.749,0.73115,0.73155,2.90,1.60
2010.08.24 12:13:28.424,0.73115,0.7315,2.90,1.00
2010.08.24 12:13:29.322,0.73115,0.7315,3.10,1.00
2010.08.24 12:13:29.520,0.73115,0.73155,4.40,1.00
2010.08.24 12:13:29.719,0.7312,0.73155,4.00,1.00
2010.08.24 12:13:29.898,0.7312,0.73155,2.40,1.00
2010.08.24 12:13:30.799,0.7312,0.73155,4.00,1.00
2010.08.24 12:13:31.061,0.7312,0.73155,4.00,1.00
2010.08.24 12:13:32.079,0.7312,0.73155,4.10,1.00
2010.08.24 12:13:32.457,0.7312,0.7316,4.10,1.00
2010.08.24 12:13:33.019,0.7312,0.73155,4.10,1.00
2010.08.24 12:13:33.300,0.73125,0.7316,2.40,1.00
2010.08.24 12:13:34.350,0.73125,0.73155,4.40,1.00
2010.08.24 12:13:34.689,0.73125,0.7316,4.40,1.00
2010.08.24 12:13:34.909,0.73125,0.7316,4.50,1.00
2010.08.24 12:13:34.999,0.73125,0.73155,4.50,1.00
2010.08.24 12:13:36.019,0.73125,0.7316,4.50,1.00
2010.08.24 12:13:36.110,0.73125,0.73155,4.70,1.00
2010.08.24 12:13:37.358,0.73125,0.73155,4.40,1.00
2010.08.24 12:13:38.360,0.73125,0.73155,4.60,1.00
2010.08.24 12:13:39.133,0.73125,0.7315,4.60,1.00
2010.08.24 12:13:39.473,0.73125,0.7315,4.70,1.00
2010.08.24 12:13:40.712,0.73125,0.7315,4.80,1.00
2010.08.24 12:13:41.009,0.73125,0.73155,4.80,1.00
2010.08.24 12:13:42.151,0.73125,0.7316,4.80,1.00
2010.08.24 12:13:43.440,0.7313,0.73155,1.00,1.00
2010.08.24 12:13:43.639,0.7313,0.73155,2.50,1.00
2010.08.24 12:13:43.841,0.7313,0.73165,2.50,1.00
2010.08.24 12:13:44.667,0.73135,0.73165,2.50,1.00
2010.08.24 12:13:44.969,0.7314,0.73165,1.00,1.00
2010.08.24 12:13:45.998,0.7314,0.7317,1.00,1.00
2010.08.24 12:13:46.184,0.73135,0.7317,4.80,1.00
2010.08.24 12:13:47.682,0.7314,0.73165,1.00,1.00
2010.08.24 12:13:47.949,0.7314,0.7317,1.00,1.00
2010.08.24 12:13:48.219,0.7314,0.73165,1.00,1.00
2010.08.24 12:13:51.668,0.7314,0.7317,1.00,1.00
2010.08.24 12:13:52.760,0.73125,0.7317,2.50,4.90
2010.08.24 12:13:53.061,0.73125,0.73165,2.50,1.00
2010.08.24 12:13:53.958,0.7312,0.73165,1.10,3.20
2010.08.24 12:13:54.109,0.73135,0.73165,1.00,1.00
2010.08.24 12:13:54.910,0.73135,0.7317,1.00,1.00
2010.08.24 12:13:55.629,0.7313,0.7317,3.30,1.00
2010.08.24 12:13:55.840,0.7313,0.7316,1.00,1.00
2010.08.24 12:13:57.121,0.7313,0.73165,1.00,1.00
2010.08.24 12:13:57.677,0.73135,0.73165,1.00,1.00
2010.08.24 12:13:58.714,0.7313,0.7317,1.00,4.00
2010.08.24 12:13:59.041,0.73125,0.73165,1.00,1.00
2010.08.24 12:14:00.139,0.73125,0.73165,1.00,1.00
2010.08.24 12:14:01.139,0.73125,0.73165,1.00,1.00
2010.08.24 12:14:01.912,0.73125,0.73165,1.00,1.00
2010.08.24 12:14:02.219,0.73125,0.73165,1.00,1.00
2010.08.24 12:14:02.360,0.73125,0.7317,1.00,4.90
2010.08.24 12:14:03.195,0.73125,0.7317,4.80,2.50
2010.08.24 12:14:03.441,0.7313,0.7317,1.00,2.50
2010.08.24 12:14:04.581,0.7313,0.7317,1.00,2.40
2010.08.24 12:14:04.700,0.7313,0.7317,1.00,1.60
2010.08.24 12:14:04.820,0.7313,0.73175,2.70,2.50
2010.08.24 12:14:08.573,0.7313,0.7317,2.50,1.00
2010.08.24 12:14:08.905,0.7313,0.7317,1.00,4.80
2010.08.24 12:14:10.539,0.7313,0.7317,1.00,4.80
2010.08.24 12:14:10.770,0.7313,0.7317,1.00,4.90
2010.08.24 12:14:11.730,0.7313,0.7317,2.50,1.60
2010.08.24 12:14:13.454,0.73135,0.7317,1.00,1.70
2010.08.24 12:14:15.380,0.7313,0.7317,1.00,4.90
2010.08.24 12:14:16.340,0.7313,0.7317,1.00,4.90
2010.08.24 12:14:16.642,0.7313,0.7317,1.00,4.80
2010.08.24 12:14:16.980,0.7313,0.7317,1.00,4.80
2010.08.24 12:14:17.930,0.7313,0.7317,1.00,4.90
2010.08.24 12:14:18.059,0.7313,0.73165,1.00,1.00
2010.08.24 12:14:18.189,0.7313,0.73165,2.50,1.00
2010.08.24 12:14:19.283,0.7313,0.73165,1.00,1.00
2010.08.24 12:14:19.619,0.7313,0.73165,2.50,1.00
2010.08.24 12:14:22.471,0.7313,0.73165,1.00,1.00
2010.08.24 12:14:23.422,0.7313,0.73165,1.00,1.00
2010.08.24 12:14:24.279,0.7313,0.7316,1.00,1.00
2010.08.24 12:14:24.529,0.73125,0.73165,1.00,1.00
2010.08.24 12:14:31.711,0.73125,0.73165,1.00,1.00
2010.08.24 12:14:32.084,0.73125,0.73165,1.00,1.00
2010.08.24 12:14:34.570,0.73125,0.73165,1.00,1.00
2010.08.24 12:14:44.753,0.73125,0.7316,1.00,1.00
2010.08.24 12:14:45.100,0.73125,0.73165,1.00,1.00
2010.08.24 12:14:46.489,0.7313,0.73165,1.00,1.00
2010.08.24 12:14:47.590,0.73125,0.73165,1.00,1.00
2010.08.24 12:14:47.809,0.73125,0.73165,1.00,1.00
2010.08.24 12:14:49.039,0.73125,0.7317,1.00,5.60
2010.08.24 12:14:49.340,0.73125,0.7317,4.90,3.30
2010.08.24 12:14:50.140,0.73125,0.7317,3.30,1.00
2010.08.24 12:14:50.462,0.7313,0.7317,1.00,1.00
2010.08.24 12:14:50.782,0.7312,0.73165,3.20,1.00
2010.08.24 12:14:51.791,0.73115,0.73155,4.80,1.00
2010.08.24 12:14:52.109,0.73115,0.7316,4.80,4.90
2010.08.24 12:14:53.476,0.7312,0.73165,2.40,4.80
2010.08.24 12:14:53.758,0.7312,0.7316,1.00,4.80
2010.08.24 12:14:54.743,0.73125,0.7316,1.00,4.80
2010.08.24 12:14:55.333,0.7313,0.7316,1.00,4.80
2010.08.24 12:14:57.736,0.73115,0.7316,1.60,2.40
2010.08.24 12:14:58.004,0.73135,0.73175,4.80,1.00
2010.08.24 12:14:58.916,0.7314,0.7318,1.00,1.60
2010.08.24 12:14:59.170,0.7314,0.73185,2.50,4.50
2010.08.24 12:14:59.523,0.7314,0.73185,1.00,4.50
2010.08.24 12:15:00.324,0.7314,0.73185,1.00,4.50
2010.08.24 12:15:00.585,0.7314,0.7318,1.00,1.00
2010.08.24 12:15:00.831,0.73135,0.73175,2.40,1.00
2010.08.24 12:15:01.780,0.73135,0.73175,1.00,3.20
2010.08.24 12:15:02.019,0.7313,0.73175,2.40,4.80
2010.08.24 12:15:02.807,0.7313,0.73175,3.20,4.80
2010.08.24 12:15:03.056,0.73135,0.73175,1.00,4.00
2010.08.24 12:15:03.931,0.7313,0.73175,3.30,4.80
2010.08.24 12:15:04.179,0.7313,0.73175,3.30,4.90
2010.08.24 12:15:04.519,0.7313,0.73175,3.20,4.90
2010.08.24 12:15:05.392,0.7313,0.73175,4.00,4.90
2010.08.24 12:15:05.667,0.7313,0.73175,3.30,4.80
2010.08.24 12:15:05.921,0.7313,0.73175,3.20,4.80
2010.08.24 12:15:06.990,0.73135,0.73175,2.40,1.70
2010.08.24 12:15:08.014,0.7314,0.73175,1.00,1.00
2010.08.24 12:15:08.252,0.7313,0.73175,5.70,1.00
2010.08.24 12:15:09.233,0.7313,0.7318,5.70,4.90
2010.08.24 12:15:09.570,0.7313,0.73175,5.60,1.00
2010.08.24 12:15:10.564,0.7313,0.7318,5.70,4.90
2010.08.24 12:15:10.860,0.73135,0.7318,1.00,4.90
2010.08.24 12:15:11.160,0.73145,0.7318,1.60,1.00
2010.08.24 12:15:11.460,0.73145,0.73185,1.60,3.30
2010.08.24 12:15:12.371,0.73135,0.7318,1.00,4.80
2010.08.24 12:15:12.945,0.7313,0.73175,5.70,1.00
2010.08.24 12:15:13.963,0.73135,0.7318,1.00,4.80
2010.08.24 12:15:14.251,0.73135,0.7318,1.00,4.90
2010.08.24 12:15:14.983,0.73135,0.7318,4.80,2.50
2010.08.24 12:15:15.269,0.73145,0.7318,1.60,1.00
2010.08.24 12:15:16.881,0.73145,0.73185,1.60,1.00
2010.08.24 12:15:18.053,0.7315,0.73185,1.00,1.00
2010.08.24 12:15:18.380,0.73145,0.7318,1.60,1.00
2010.08.24 12:15:19.107,0.7314,0.7318,1.00,2.40
2010.08.24 12:15:19.402,0.73135,0.73175,1.00,2.40
2010.08.24 12:15:19.701,0.7313,0.73175,1.60,2.50
2010.08.24 12:15:20.400,0.7313,0.7317,1.60,1.00
2010.08.24 12:15:20.741,0.7313,0.73175,4.80,1.00
2010.08.24 12:15:21.081,0.7313,0.73175,4.00,1.00
2010.08.24 12:15:22.094,0.7313,0.7317,1.00,4.00
2010.08.24 12:15:22.289,0.7313,0.7317,1.00,4.80
2010.08.24 12:15:22.889,0.73125,0.7317,4.10,4.90
2010.08.24 12:15:23.089,0.7313,0.7317,1.60,3.30
2010.08.24 12:15:23.862,0.7313,0.7317,1.70,3.20
2010.08.24 12:15:24.200,0.7313,0.7317,1.60,3.30
2010.08.24 12:15:24.401,0.7313,0.73165,1.60,1.00
2010.08.24 12:15:25.259,0.73125,0.73165,4.80,1.00
2010.08.24 12:15:25.450,0.7313,0.7317,1.00,4.80
2010.08.24 12:15:26.478,0.7313,0.7317,4.00,1.00
2010.08.24 12:15:26.774,0.7313,0.73175,4.00,1.00
2010.08.24 12:15:27.071,0.7313,0.73175,4.10,1.00
2010.08.24 12:15:27.370,0.7313,0.73175,4.10,1.00
2010.08.24 12:15:28.105,0.7313,0.73175,4.00,1.00
2010.08.24 12:15:28.393,0.7313,0.7317,4.00,1.00
2010.08.24 12:15:28.684,0.7313,0.73175,4.80,2.50
2010.08.24 12:15:29.656,0.7313,0.73175,4.90,2.50
2010.08.24 12:15:29.951,0.73125,0.73165,4.00,1.00
2010.08.24 12:15:30.242,0.73125,0.7316,2.40,1.60
2010.08.24 12:15:31.240,0.7312,0.7316,3.20,1.60
2010.08.24 12:15:32.170,0.7312,0.7316,2.40,1.60
2010.08.24 12:15:32.401,0.7312,0.7316,3.20,1.70
2010.08.24 12:15:34.101,0.7312,0.73155,3.20,1.00
2010.08.24 12:15:34.371,0.7312,0.7316,1.00,4.90
2010.08.24 12:15:35.314,0.7312,0.7316,3.20,2.50
2010.08.24 12:15:35.601,0.7312,0.7316,3.20,1.60
2010.08.24 12:15:36.931,0.7312,0.73155,3.20,1.00
2010.08.24 12:15:37.321,0.7312,0.7316,3.20,1.70
2010.08.24 12:15:39.164,0.73125,0.7316,2.40,1.70
2010.08.24 12:15:39.360,0.73125,0.7316,2.40,1.60
2010.08.24 12:15:39.561,0.73125,0.73165,2.40,1.00
2010.08.24 12:15:40.470,0.73125,0.73165,4.00,1.00
2010.08.24 12:15:41.847,0.73125,0.7317,4.80,4.00
2010.08.24 12:15:42.191,0.73125,0.7317,4.00,4.90
2010.08.24 12:15:43.991,0.7314,0.73165,1.60,2.40
2010.08.24 12:15:44.968,0.7312,0.7316,1.00,1.00
2010.08.24 12:15:45.212,0.7312,0.73165,3.30,1.00
2010.08.24 12:15:46.156,0.7312,0.73165,3.30,3.20
2010.08.24 12:15:46.373,0.73125,0.73165,2.40,1.00
2010.08.24 12:15:47.253,0.73125,0.73165,2.50,1.00
2010.08.24 12:15:47.592,0.7312,0.73165,3.70,1.00
2010.08.24 12:15:48.982,0.73125,0.73165,1.60,1.00
2010.08.24 12:15:49.379,0.73125,0.73165,4.00,1.00
2010.08.24 12:15:49.669,0.73125,0.73165,4.00,1.00
2010.08.24 12:15:50.650,0.73125,0.73165,2.40,1.00
2010.08.24 12:15:51.972,0.73125,0.7316,1.00,1.00
2010.08.24 12:15:52.141,0.73125,0.7316,2.40,1.00
2010.08.24 12:15:52.991,0.73125,0.73165,2.40,1.00
2010.08.24 12:15:53.271,0.7312,0.73165,5.30,2.40
2010.08.24 12:15:54.460,0.7312,0.73165,5.30,2.50
2010.08.24 12:15:55.922,0.7312,0.73165,5.30,1.00
2010.08.24 12:15:56.261,0.73125,0.73165,4.00,1.00
2010.08.24 12:15:57.480,0.73125,0.73165,4.00,1.00
2010.08.24 12:16:00.910,0.7312,0.73165,5.00,1.00
2010.08.24 12:16:02.393,0.73125,0.7317,1.00,4.10
2010.08.24 12:16:03.393,0.7312,0.73165,5.10,1.00
2010.08.24 12:16:03.992,0.73125,0.73165,2.50,1.00
2010.08.24 12:16:04.290,0.73125,0.73165,4.10,1.00
2010.08.24 12:16:05.010,0.73125,0.73165,4.10,1.00
2010.08.24 12:16:05.309,0.73125,0.73165,4.10,1.00
2010.08.24 12:16:06.662,0.73125,0.73165,4.20,1.00
2010.08.24 12:16:06.850,0.73125,0.73165,4.10,1.00
2010.08.24 12:16:07.040,0.73125,0.73165,4.20,1.00
2010.08.24 12:16:07.931,0.73125,0.73165,5.00,1.00
2010.08.24 12:16:08.141,0.73125,0.73165,3.20,1.00
2010.08.24 12:16:08.350,0.73125,0.73165,2.40,1.00
2010.08.24 12:16:09.229,0.73125,0.73165,3.30,1.00
2010.08.24 12:16:09.574,0.7313,0.73175,5.00,4.80
2010.08.24 12:16:10.629,0.73135,0.73175,2.40,2.40
2010.08.24 12:16:10.932,0.7313,0.73175,4.30,4.80
2010.08.24 12:16:11.232,0.73135,0.73175,1.00,4.80
2010.08.24 12:16:12.033,0.73135,0.73175,4.10,1.00
2010.08.24 12:16:12.332,0.7314,0.73175,1.00,1.00
2010.08.24 12:16:13.670,0.73135,0.73175,1.00,4.80
2010.08.24 12:16:15.063,0.7313,0.73175,4.30,4.90
2010.08.24 12:16:16.244,0.73135,0.73175,1.00,4.80
2010.08.24 12:16:16.548,0.7313,0.73175,4.10,4.80
2010.08.24 12:16:17.530,0.7313,0.73175,1.60,4.80
2010.08.24 12:16:17.842,0.7312,0.73165,5.10,1.00
2010.08.24 12:16:19.251,0.7312,0.73165,5.10,1.00
2010.08.24 12:16:21.061,0.73125,0.73165,1.00,1.00
2010.08.24 12:16:21.403,0.7312,0.73165,5.00,1.00
2010.08.24 12:16:22.208,0.73125,0.73165,1.00,1.00
2010.08.24 12:16:22.439,0.7312,0.7316,5.10,1.00
2010.08.24 12:16:23.881,0.7312,0.7316,4.20,1.00
2010.08.24 12:16:24.221,0.73115,0.7315,4.10,1.00
2010.08.24 12:16:25.290,0.73115,0.73155,1.60,3.20
2010.08.24 12:16:25.610,0.73115,0.7315,1.60,1.00
2010.08.24 12:16:26.561,0.73115,0.7315,4.00,1.00
2010.08.24 12:16:26.787,0.73125,0.7317,2.40,5.30
2010.08.24 12:16:27.003,0.73125,0.7316,2.40,1.00
2010.08.24 12:16:27.983,0.7312,0.7316,2.70,2.40
2010.08.24 12:16:28.270,0.7312,0.7316,2.50,2.40
2010.08.24 12:16:29.650,0.73115,0.73155,1.00,4.80
2010.08.24 12:16:30.976,0.7312,0.73155,1.00,4.80
2010.08.24 12:16:31.561,0.7312,0.73155,1.00,4.80
2010.08.24 12:16:33.762,0.73115,0.73155,1.00,4.80
2010.08.24 12:16:35.013,0.7312,0.73155,1.00,4.80
2010.08.24 12:16:35.319,0.73115,0.73155,2.50,2.50
2010.08.24 12:16:36.219,0.73115,0.73155,1.00,4.90
2010.08.24 12:16:37.369,0.73115,0.73155,1.00,4.80
2010.08.24 12:16:37.661,0.73115,0.73155,2.50,2.40
2010.08.24 12:16:37.960,0.73115,0.73155,2.50,1.60
2010.08.24 12:16:39.612,0.73115,0.73155,1.00,1.60
2010.08.24 12:16:39.669,0.73115,0.7315,1.00,1.00
2010.08.24 12:16:41.031,0.73115,0.73155,1.00,2.50
2010.08.24 12:16:41.331,0.73115,0.7315,1.00,1.00
2010.08.24 12:16:42.340,0.73115,0.73155,1.00,2.50
2010.08.24 12:16:45.520,0.73115,0.73155,2.40,1.00
2010.08.24 12:16:46.815,0.73115,0.73155,1.00,2.50
2010.08.24 12:16:47.701,0.73115,0.7315,1.00,1.00
2010.08.24 12:16:48.861,0.73115,0.73155,1.00,2.40
2010.08.24 12:16:49.470,0.73115,0.73155,1.00,4.80
2010.08.24 12:16:49.779,0.7311,0.73155,4.80,4.80
2010.08.24 12:16:50.862,0.73115,0.73155,1.00,4.80
2010.08.24 12:16:50.911,0.73115,0.73155,1.00,2.40
2010.08.24 12:16:52.411,0.73115,0.73155,1.00,2.40
2010.08.24 12:16:54.752,0.73115,0.73155,1.00,2.40
2010.08.24 12:16:55.470,0.73115,0.73155,1.00,2.40
2010.08.24 12:16:55.643,0.73115,0.73155,1.00,2.40
2010.08.24 12:16:55.812,0.73115,0.73155,1.00,2.50
2010.08.24 12:16:55.980,0.73115,0.73155,1.00,4.90
2010.08.24 12:16:56.980,0.73115,0.73155,1.00,4.80
2010.08.24 12:16:57.364,0.7311,0.7315,4.80,1.00
2010.08.24 12:16:58.322,0.7311,0.73155,4.90,4.80
2010.08.24 12:16:58.571,0.73115,0.73155,1.00,4.80
2010.08.24 12:16:59.465,0.7311,0.73155,4.90,4.90
2010.08.24 12:17:00.010,0.7311,0.73155,4.90,4.80
2010.08.24 12:17:00.844,0.73115,0.73155,1.00,4.80
2010.08.24 12:17:01.091,0.73115,0.73155,1.00,4.80
2010.08.24 12:17:03.892,0.73115,0.73155,1.00,4.80
2010.08.24 12:17:04.201,0.73115,0.73155,1.00,4.80
2010.08.24 12:17:04.791,0.7312,0.73155,1.00,4.80
2010.08.24 12:17:05.671,0.7312,0.7316,1.00,2.40
2010.08.24 12:17:07.192,0.73115,0.7316,1.70,2.50
2010.08.24 12:17:08.836,0.73115,0.7316,4.10,2.50
2010.08.24 12:17:09.882,0.7312,0.7316,1.00,2.40
2010.08.24 12:17:10.111,0.7312,0.7316,1.00,2.40
2010.08.24 12:17:10.340,0.73115,0.7316,4.10,2.50
2010.08.24 12:17:11.551,0.7312,0.7316,1.00,2.40
2010.08.24 12:17:11.790,0.7312,0.7316,4.00,1.00
2010.08.24 12:17:12.562,0.7312,0.7316,1.60,1.00
2010.08.24 12:17:12.822,0.7312,0.7316,2.50,2.40
2010.08.24 12:17:14.354,0.7312,0.7316,4.00,1.00
2010.08.24 12:17:15.003,0.7312,0.7316,4.00,1.00
2010.08.24 12:17:15.870,0.7312,0.7316,2.40,1.00
2010.08.24 12:17:16.059,0.7312,0.7316,2.40,1.00
2010.08.24 12:17:17.073,0.7312,0.7316,4.80,1.00
2010.08.24 12:17:17.260,0.7312,0.7316,1.00,2.50
2010.08.24 12:17:17.559,0.7312,0.7316,2.40,1.00
2010.08.24 12:17:17.859,0.7312,0.7316,1.00,2.50
2010.08.24 12:17:19.019,0.7312,0.7316,1.00,2.40
2010.08.24 12:17:19.709,0.73115,0.7316,1.60,2.40
2010.08.24 12:17:22.689,0.7312,0.7316,1.00,2.40
2010.08.24 12:17:23.130,0.7312,0.7316,1.00,2.40
2010.08.24 12:17:23.873,0.7312,0.7316,1.00,4.80
2010.08.24 12:17:24.212,0.7312,0.7316,1.00,4.80
2010.08.24 12:17:25.902,0.73115,0.7316,5.70,4.90
2010.08.24 12:17:26.034,0.73115,0.73155,5.60,1.00
2010.08.24 12:17:27.659,0.73115,0.7316,5.60,3.30
2010.08.24 12:17:27.969,0.73115,0.7316,5.70,3.30
2010.08.24 12:17:28.667,0.7312,0.7316,1.00,3.20
2010.08.24 12:17:28.979,0.7312,0.7316,1.00,3.20
2010.08.24 12:17:29.309,0.7312,0.7316,1.00,3.20
2010.08.24 12:17:30.317,0.7312,0.7316,1.60,3.20
2010.08.24 12:17:30.532,0.73115,0.7316,3.30,4.80
2010.08.24 12:17:30.750,0.7311,0.73155,4.10,4.80
2010.08.24 12:17:31.683,0.73115,0.73155,2.40,2.40
2010.08.24 12:17:31.900,0.7312,0.7316,1.60,3.20
2010.08.24 12:17:32.220,0.7312,0.7316,1.70,3.20
2010.08.24 12:17:32.603,0.7312,0.7316,1.60,3.30
2010.08.24 12:17:32.878,0.73115,0.7316,5.70,3.30
2010.08.24 12:17:33.920,0.73115,0.7316,5.60,3.20
2010.08.24 12:17:35.400,0.7312,0.7316,1.00,3.20
2010.08.24 12:17:35.600,0.73115,0.7316,5.70,3.20
2010.08.24 12:17:36.591,0.7312,0.7316,1.70,3.20
2010.08.24 12:17:36.769,0.7312,0.7316,1.00,3.20
2010.08.24 12:17:37.222,0.7312,0.7316,1.00,3.20
2010.08.24 12:17:39.442,0.73125,0.7316,1.00,3.20
2010.08.24 12:17:40.340,0.7312,0.7316,1.00,3.20
2010.08.24 12:17:43.188,0.73125,0.7316,1.00,3.20
2010.08.24 12:17:43.370,0.7312,0.7316,1.70,3.20
2010.08.24 12:17:43.730,0.73125,0.7316,1.00,3.20
2010.08.24 12:17:44.635,0.7312,0.7316,1.60,3.20
2010.08.24 12:17:44.969,0.7312,0.7316,1.60,3.30
2010.08.24 12:17:47.367,0.7312,0.73155,1.60,2.40
2010.08.24 12:17:47.582,0.7312,0.7316,1.60,3.30
2010.08.24 12:17:49.324,0.7311,0.73155,4.90,5.60
2010.08.24 12:17:49.662,0.7311,0.7315,1.70,3.20
2010.08.24 12:17:50.413,0.7311,0.7315,1.60,3.20
2010.08.24 12:17:50.632,0.73115,0.73155,1.60,4.10
2010.08.24 12:17:50.849,0.73115,0.73155,1.60,4.00
2010.08.24 12:17:51.744,0.73115,0.73155,1.60,4.00
2010.08.24 12:17:52.050,0.73115,0.73155,1.60,4.00
2010.08.24 12:17:53.092,0.73115,0.73155,2.40,4.00
2010.08.24 12:17:53.404,0.7312,0.7316,1.60,3.20
2010.08.24 12:17:54.593,0.7312,0.7316,1.70,3.20
2010.08.24 12:17:54.880,0.7312,0.7316,1.60,3.20
2010.08.24 12:17:56.303,0.7312,0.7316,1.70,3.20
2010.08.24 12:17:56.640,0.7312,0.7316,1.70,1.00
2010.08.24 12:17:57.649,0.7312,0.7316,1.60,1.00
2010.08.24 12:17:58.296,0.7312,0.7316,1.70,1.00
2010.08.24 12:17:59.024,0.7312,0.7316,1.60,1.00
2010.08.24 12:17:59.352,0.7312,0.73155,1.60,1.00
2010.08.24 12:17:59.681,0.7312,0.73155,2.40,1.00
2010.08.24 12:18:00.510,0.7312,0.7316,4.80,1.00
2010.08.24 12:18:00.723,0.7312,0.7316,4.10,1.00
2010.08.24 12:18:00.930,0.7313,0.73165,1.60,1.00
2010.08.24 12:18:02.069,0.7313,0.73165,1.60,1.00
2010.08.24 12:18:02.421,0.7313,0.73165,1.60,1.00
2010.08.24 12:18:03.361,0.73115,0.73155,1.70,1.00
2010.08.24 12:18:06.901,0.73125,0.73165,4.00,1.00
2010.08.24 12:18:08.834,0.73125,0.73165,4.00,1.00
2010.08.24 12:18:13.340,0.73125,0.73165,4.00,1.00
2010.08.24 12:18:13.902,0.73125,0.73165,4.00,1.00
2010.08.24 12:18:14.970,0.73125,0.73165,4.00,1.00
2010.08.24 12:18:15.321,0.73125,0.73165,4.00,1.00
2010.08.24 12:18:16.225,0.73125,0.73165,4.80,1.00
2010.08.24 12:18:19.586,0.73125,0.7317,2.50,2.50
2010.08.24 12:18:19.644,0.7313,0.7317,1.60,1.00
2010.08.24 12:18:20.481,0.7313,0.7317,1.60,1.00
2010.08.24 12:18:20.822,0.7313,0.7317,1.70,1.00
2010.08.24 12:18:22.440,0.73135,0.73175,1.00,4.80
2010.08.24 12:18:22.691,0.7313,0.73175,5.70,4.00
2010.08.24 12:18:22.979,0.7313,0.73175,5.70,4.10
2010.08.24 12:18:24.420,0.73135,0.73175,1.00,4.00
2010.08.24 12:18:25.347,0.73135,0.73175,1.00,4.80
2010.08.24 12:18:25.571,0.73135,0.73175,1.70,3.20
2010.08.24 12:18:26.970,0.73135,0.73175,4.00,1.00
2010.08.24 12:18:27.966,0.73135,0.73175,1.60,3.30
2010.08.24 12:18:28.299,0.73135,0.73175,1.70,3.20
2010.08.24 12:18:29.809,0.73135,0.73175,1.60,3.20
2010.08.24 12:18:30.110,0.73135,0.73175,1.60,3.30
2010.08.24 12:18:31.371,0.73135,0.73175,1.70,3.20
2010.08.24 12:18:35.233,0.73135,0.73175,1.60,3.30
2010.08.24 12:18:35.940,0.73135,0.73175,4.00,1.00
2010.08.24 12:18:36.490,0.73135,0.73175,4.00,1.00
2010.08.24 12:18:37.631,0.73145,0.7318,1.60,2.40
2010.08.24 12:18:38.781,0.73145,0.7318,1.60,1.00
2010.08.24 12:18:39.074,0.7314,0.7318,4.90,1.00
2010.08.24 12:18:40.262,0.73145,0.73185,2.40,1.70
2010.08.24 12:18:40.474,0.7315,0.73185,1.60,1.00
2010.08.24 12:18:41.384,0.73145,0.73185,2.40,1.00
2010.08.24 12:18:41.612,0.7314,0.73185,4.00,3.30
2010.08.24 12:18:42.621,0.7315,0.73185,1.60,1.00
2010.08.24 12:18:44.024,0.73145,0.73185,2.40,1.00
2010.08.24 12:18:45.107,0.7315,0.73185,1.60,1.00
2010.08.24 12:18:46.119,0.7315,0.73185,1.60,1.00
2010.08.24 12:18:46.932,0.7315,0.7318,1.60,2.40
2010.08.24 12:18:47.173,0.7314,0.73175,2.40,1.00
2010.08.24 12:18:48.354,0.73155,0.7319,1.60,1.00
2010.08.24 12:18:48.503,0.73155,0.732,2.80,4.00
2010.08.24 12:18:49.240,0.73155,0.732,2.80,3.20
2010.08.24 12:18:49.402,0.73175,0.73205,1.60,1.00
2010.08.24 12:18:50.181,0.73175,0.73215,1.60,3.20
2010.08.24 12:18:50.522,0.73175,0.73215,1.60,1.00
2010.08.24 12:18:52.263,0.73175,0.73215,1.60,1.00
2010.08.24 12:18:53.133,0.73175,0.7322,1.60,4.80
2010.08.24 12:18:53.320,0.73175,0.73215,1.60,2.40
2010.08.24 12:18:53.540,0.7317,0.7321,1.00,1.00
2010.08.24 12:18:54.662,0.7316,0.732,1.60,3.20
2010.08.24 12:18:55.061,0.7316,0.73195,1.60,1.00
2010.08.24 12:18:55.794,0.73145,0.73185,4.30,1.00
2010.08.24 12:18:56.256,0.7315,0.7319,2.50,1.00
2010.08.24 12:18:56.954,0.7315,0.7319,1.00,4.80
2010.08.24 12:18:57.185,0.7314,0.7318,1.60,3.20
2010.08.24 12:18:58.331,0.7313,0.7314,2.40,1.00
2010.08.24 12:18:59.382,0.73095,0.7314,4.10,1.00
2010.08.24 12:19:00.212,0.73095,0.7314,4.00,1.00
2010.08.24 12:19:00.445,0.7309,0.73135,2.40,1.00
2010.08.24 12:19:01.211,0.7309,0.7313,2.40,1.00
2010.08.24 12:19:01.421,0.7309,0.7313,1.00,3.20
2010.08.24 12:19:02.417,0.7309,0.7313,1.00,3.20
2010.08.24 12:19:02.751,0.7309,0.7313,1.00,3.20
2010.08.24 12:19:03.574,0.7309,0.7313,1.00,1.00
2010.08.24 12:19:03.911,0.7309,0.7313,1.00,1.00
2010.08.24 12:19:05.090,0.73085,0.7313,5.60,1.00
2010.08.24 12:19:05.816,0.73085,0.7313,5.60,1.00
2010.08.24 12:19:06.159,0.7309,0.7313,1.00,1.00
2010.08.24 12:19:07.226,0.73095,0.7313,1.60,1.00
2010.08.24 12:19:07.447,0.73095,0.7313,1.60,1.00
2010.08.24 12:19:08.671,0.73095,0.7313,1.70,1.00
2010.08.24 12:19:10.096,0.73095,0.7313,1.60,1.00
2010.08.24 12:19:11.483,0.7309,0.73125,1.00,4.80
2010.08.24 12:19:12.434,0.73085,0.73125,1.00,4.80
2010.08.24 12:19:12.720,0.7308,0.73125,1.00,4.80
2010.08.24 12:19:13.031,0.73085,0.7313,2.50,4.80
2010.08.24 12:19:13.800,0.73085,0.7313,4.90,2.40
2010.08.24 12:19:14.101,0.73095,0.7313,1.00,4.10
2010.08.24 12:19:14.330,0.7309,0.7313,1.00,4.10
2010.08.24 12:19:15.271,0.73085,0.73125,1.00,4.80
2010.08.24 12:19:15.611,0.7309,0.7313,1.00,2.40
2010.08.24 12:19:16.791,0.73095,0.7313,1.00,2.40
2010.08.24 12:19:17.608,0.7309,0.7313,1.00,2.40
2010.08.24 12:19:17.802,0.7309,0.7313,1.60,4.00
2010.08.24 12:19:18.142,0.7308,0.73125,1.60,3.20
2010.08.24 12:19:18.984,0.73085,0.7312,1.00,2.40
2010.08.24 12:19:19.323,0.7308,0.73115,1.60,1.00
2010.08.24 12:19:19.643,0.73085,0.73115,1.00,1.00
2010.08.24 12:19:20.654,0.7308,0.73125,3.30,2.50
2010.08.24 12:19:21.561,0.73085,0.7313,2.40,1.60
2010.08.24 12:19:21.902,0.73085,0.7313,1.00,5.60
2010.08.24 12:19:22.962,0.73085,0.7313,2.40,2.40
2010.08.24 12:19:23.175,0.7308,0.73125,2.40,1.00
2010.08.24 12:19:24.382,0.7308,0.73125,2.50,1.00
2010.08.24 12:19:25.397,0.7308,0.73125,2.50,1.00
2010.08.24 12:19:25.610,0.7308,0.7312,2.40,1.00
2010.08.24 12:19:25.810,0.7308,0.73125,2.40,1.00
2010.08.24 12:19:26.669,0.73075,0.73125,4.90,4.90
2010.08.24 12:19:26.981,0.7308,0.7312,2.40,1.00
2010.08.24 12:19:27.299,0.73075,0.7312,1.70,3.30
2010.08.24 12:19:28.281,0.73075,0.73115,1.70,1.00
2010.08.24 12:19:29.472,0.7308,0.73115,1.70,1.00
2010.08.24 12:19:29.721,0.7309,0.73135,1.60,3.20
2010.08.24 12:19:30.022,0.73095,0.73135,1.60,1.00
2010.08.24 12:19:30.831,0.73095,0.73135,1.60,1.00
2010.08.24 12:19:31.063,0.7309,0.73135,4.00,1.00
2010.08.24 12:19:31.989,0.7309,0.73135,4.10,1.00
2010.08.24 12:19:32.341,0.7309,0.73135,1.60,3.20
2010.08.24 12:19:32.684,0.7309,0.7313,4.00,1.00
2010.08.24 12:19:33.635,0.7309,0.73135,1.00,3.20
2010.08.24 12:19:33.926,0.7311,0.7315,1.60,2.40
2010.08.24 12:19:34.700,0.7311,0.7315,1.60,3.20
2010.08.24 12:19:34.965,0.7311,0.73155,1.60,3.30
2010.08.24 12:19:35.262,0.7311,0.7315,1.60,1.00
2010.08.24 12:19:36.261,0.7311,0.7315,4.00,1.00
2010.08.24 12:19:37.601,0.7311,0.73155,4.10,1.00
2010.08.24 12:19:39.301,0.73115,0.7316,4.10,1.70
2010.08.24 12:19:39.531,0.7312,0.7316,2.40,1.00
2010.08.24 12:19:40.264,0.7312,0.7316,2.40,1.00
2010.08.24 12:19:40.496,0.73125,0.7316,1.60,1.00
2010.08.24 12:19:41.431,0.73125,0.73165,1.60,2.40
2010.08.24 12:19:41.691,0.7312,0.73165,1.00,4.90
2010.08.24 12:19:41.951,0.7312,0.7316,2.40,1.00
2010.08.24 12:19:42.890,0.73125,0.7317,1.70,4.90
2010.08.24 12:19:43.122,0.7313,0.7317,1.00,2.40
2010.08.24 12:19:44.056,0.7313,0.73175,4.00,1.00
2010.08.24 12:19:45.482,0.7314,0.73175,1.60,1.00
2010.08.24 12:19:46.155,0.7314,0.7318,1.60,1.00
2010.08.24 12:19:46.361,0.7314,0.7318,1.60,1.00
2010.08.24 12:19:46.570,0.7314,0.73175,1.60,1.00
2010.08.24 12:19:47.617,0.73145,0.73185,1.60,1.00
2010.08.24 12:19:47.913,0.73145,0.7318,1.60,1.00
2010.08.24 12:19:48.746,0.73145,0.7318,1.60,1.00
2010.08.24 12:19:49.036,0.73145,0.7319,1.60,3.30
2010.08.24 12:19:49.300,0.73145,0.73185,1.60,1.00
2010.08.24 12:19:50.047,0.73145,0.73185,1.60,1.00
2010.08.24 12:19:50.276,0.73145,0.73195,4.80,2.40
2010.08.24 12:19:50.503,0.73145,0.7319,1.60,2.40
2010.08.24 12:19:51.590,0.73145,0.7319,1.70,2.40
2010.08.24 12:19:51.931,0.73145,0.73185,1.60,1.00
2010.08.24 12:19:52.717,0.73145,0.7319,1.60,2.50
2010.08.24 12:19:53.061,0.73145,0.7319,1.60,3.20
2010.08.24 12:19:54.294,0.73145,0.7319,1.60,3.20
2010.08.24 12:19:55.468,0.73145,0.7319,1.60,3.30
2010.08.24 12:19:56.471,0.73145,0.7319,1.70,3.20
2010.08.24 12:19:57.529,0.73145,0.7319,2.50,2.40
2010.08.24 12:19:57.872,0.73155,0.73195,1.60,1.00
2010.08.24 12:19:59.232,0.73145,0.73185,2.00,2.50
2010.08.24 12:20:00.024,0.73145,0.73185,1.60,2.50
2010.08.24 12:20:00.272,0.7314,0.7318,1.00,2.40
2010.08.24 12:20:01.284,0.73135,0.7317,1.00,1.00
2010.08.24 12:20:01.526,0.7314,0.73175,1.00,2.50
2010.08.24 12:20:02.637,0.7314,0.73175,1.00,2.40
2010.08.24 12:20:03.511,0.7313,0.7318,4.00,4.80
2010.08.24 12:20:03.851,0.73145,0.7319,1.00,2.40
2010.08.24 12:20:04.720,0.7314,0.73185,2.10,1.60
2010.08.24 12:20:05.025,0.73145,0.7319,1.00,2.40
2010.08.24 12:20:06.293,0.73145,0.73185,1.00,2.40
2010.08.24 12:20:07.274,0.7314,0.73185,1.70,2.40
2010.08.24 12:20:07.327,0.7314,0.73185,2.50,2.40
2010.08.24 12:20:08.425,0.73145,0.73185,1.00,2.40
2010.08.24 12:20:08.763,0.73145,0.73185,1.00,1.60
2010.08.24 12:20:09.562,0.73145,0.73185,1.00,2.40
2010.08.24 12:20:09.916,0.73145,0.73185,1.00,1.60
2010.08.24 12:20:10.998,0.73145,0.7319,1.00,2.40
2010.08.24 12:20:11.184,0.7314,0.73185,1.00,5.30
2010.08.24 12:20:11.361,0.7314,0.73185,1.00,5.20
2010.08.24 12:20:12.260,0.73145,0.73185,1.00,5.20
2010.08.24 12:20:12.534,0.73145,0.73185,1.00,1.00
2010.08.24 12:20:13.501,0.73145,0.73185,2.50,1.00
2010.08.24 12:20:13.776,0.7315,0.7319,1.00,2.40
2010.08.24 12:20:14.122,0.73145,0.7319,4.80,2.40
2010.08.24 12:20:14.975,0.73145,0.7319,2.40,4.00
2010.08.24 12:20:15.364,0.73145,0.7318,1.00,2.40
2010.08.24 12:20:16.080,0.73145,0.7318,1.00,4.80
2010.08.24 12:20:16.422,0.7314,0.73185,1.70,4.40
2010.08.24 12:20:16.762,0.73145,0.73185,1.60,1.00
2010.08.24 12:20:17.722,0.73145,0.7319,1.70,4.50
2010.08.24 12:20:19.034,0.73135,0.73185,4.80,5.30
2010.08.24 12:20:20.127,0.73135,0.73175,2.40,2.40
2010.08.24 12:20:20.442,0.7314,0.73175,1.00,2.40
2010.08.24 12:20:20.751,0.73135,0.7318,4.80,1.00
2010.08.24 12:20:21.503,0.73135,0.73175,2.40,2.40
2010.08.24 12:20:21.712,0.73135,0.7318,2.50,2.90
2010.08.24 12:20:21.922,0.73135,0.7318,2.40,2.90
2010.08.24 12:20:22.682,0.73135,0.7318,4.90,1.00
2010.08.24 12:20:23.021,0.73135,0.7318,4.80,1.00
2010.08.24 12:20:23.360,0.73135,0.7318,4.90,1.00
2010.08.24 12:20:24.171,0.73145,0.73185,1.00,4.40
2010.08.24 12:20:24.516,0.73135,0.73175,2.50,1.60
2010.08.24 12:20:25.490,0.73135,0.73175,1.00,1.60
2010.08.24 12:20:25.518,0.73135,0.7318,1.70,4.90
2010.08.24 12:20:25.730,0.73135,0.7318,4.10,2.10
2010.08.24 12:20:25.939,0.73135,0.7318,4.10,2.00
2010.08.24 12:20:27.053,0.73135,0.7318,1.60,4.40
2010.08.24 12:20:28.138,0.7314,0.7318,1.60,1.00
2010.08.24 12:20:28.346,0.73145,0.7319,1.60,4.50
2010.08.24 12:20:29.307,0.73145,0.73185,1.60,1.00
2010.08.24 12:20:29.656,0.73145,0.7318,1.60,1.00
2010.08.24 12:20:31.002,0.73145,0.7318,1.60,2.40
2010.08.24 12:20:31.982,0.73145,0.73185,1.60,1.00
2010.08.24 12:20:32.966,0.73145,0.73185,1.60,2.50
2010.08.24 12:20:33.191,0.73135,0.73175,1.60,2.40
2010.08.24 12:20:33.969,0.73135,0.7317,1.60,2.40
2010.08.24 12:20:34.324,0.7313,0.73175,1.00,4.00
2010.08.24 12:20:34.661,0.7313,0.73175,1.00,4.80
2010.08.24 12:20:35.422,0.73125,0.73175,2.50,4.90
2010.08.24 12:20:41.529,0.73125,0.7317,2.40,1.00
2010.08.24 12:20:43.574,0.7313,0.7317,1.00,2.40
2010.08.24 12:20:43.592,0.73125,0.7317,4.80,1.00
2010.08.24 12:20:43.697,0.73125,0.7317,2.40,1.00
2010.08.24 12:20:44.507,0.7313,0.73175,1.00,4.90
2010.08.24 12:20:45.377,0.7313,0.73175,1.00,4.80
2010.08.24 12:20:45.582,0.73125,0.73175,2.50,4.90
2010.08.24 12:20:46.571,0.73125,0.73175,2.40,4.80
2010.08.24 12:20:46.841,0.7313,0.73175,1.00,4.80
2010.08.24 12:20:48.139,0.7313,0.73175,1.00,4.80
2010.08.24 12:20:48.413,0.73125,0.73175,4.10,4.80
2010.08.24 12:20:49.191,0.73125,0.73175,1.70,4.80
2010.08.24 12:20:49.539,0.73125,0.7317,2.50,2.50
2010.08.24 12:20:50.500,0.73125,0.7317,2.40,2.40
2010.08.24 12:20:54.010,0.7313,0.7317,1.00,2.40
2010.08.24 12:20:54.896,0.7313,0.73175,1.00,4.90
2010.08.24 12:20:56.350,0.7313,0.7317,1.00,2.40
2010.08.24 12:20:57.196,0.73125,0.7317,2.50,4.10
2010.08.24 12:20:57.472,0.73125,0.7316,1.70,3.20
2010.08.24 12:20:58.751,0.73125,0.7316,1.60,1.00
2010.08.24 12:20:59.090,0.73125,0.7316,1.60,3.20
2010.08.24 12:20:59.941,0.73115,0.73155,1.70,1.00
2010.08.24 12:21:00.152,0.73115,0.73155,1.00,3.20
2010.08.24 12:21:00.966,0.7311,0.7315,1.00,1.60
2010.08.24 12:21:01.303,0.7311,0.73155,4.10,1.00
2010.08.24 12:21:02.216,0.7311,0.73155,1.60,3.20
2010.08.24 12:21:02.454,0.7311,0.73155,1.60,3.20
2010.08.24 12:21:03.358,0.7311,0.73155,1.60,3.30
2010.08.24 12:21:03.611,0.7311,0.7315,1.60,1.00
2010.08.24 12:21:03.870,0.7311,0.73155,1.70,3.30
2010.08.24 12:21:05.300,0.73115,0.73155,1.00,2.40
2010.08.24 12:21:06.049,0.73115,0.7316,1.00,4.90
2010.08.24 12:21:06.385,0.7311,0.73155,4.80,1.00
2010.08.24 12:21:07.623,0.73105,0.7315,2.50,2.40
2010.08.24 12:21:09.151,0.73105,0.7315,2.40,2.40
2010.08.24 12:21:09.491,0.73105,0.7315,2.40,2.40
2010.08.24 12:21:10.763,0.7311,0.7315,2.40,1.00
2010.08.24 12:21:11.031,0.7311,0.73155,4.80,1.00
2010.08.24 12:21:12.480,0.7311,0.7316,4.90,4.10
2010.08.24 12:21:13.533,0.73105,0.73145,1.00,2.40
2010.08.24 12:21:13.870,0.731,0.73145,4.90,2.50
2010.08.24 12:21:14.643,0.731,0.73145,4.80,2.40
2010.08.24 12:21:14.933,0.73095,0.7314,4.10,1.00
2010.08.24 12:21:15.221,0.73095,0.7314,4.00,1.00
2010.08.24 12:21:16.266,0.73095,0.7314,1.00,4.80
2010.08.24 12:21:17.572,0.73095,0.7314,1.00,4.90
2010.08.24 12:21:18.506,0.73095,0.7314,1.00,4.80
2010.08.24 12:21:18.842,0.7309,0.73135,4.90,1.00
2010.08.24 12:21:19.711,0.7309,0.73135,2.50,1.00
2010.08.24 12:21:20.054,0.7309,0.7313,1.00,2.40
2010.08.24 12:21:20.809,0.73085,0.7313,4.10,2.40
2010.08.24 12:21:21.098,0.73075,0.73125,4.50,4.80
2010.08.24 12:21:22.081,0.73075,0.7312,1.00,4.80
2010.08.24 12:21:22.263,0.73075,0.7312,4.00,1.00
2010.08.24 12:21:23.484,0.73075,0.7312,4.10,1.00
2010.08.24 12:21:24.772,0.73075,0.73125,4.10,4.90
2010.08.24 12:21:25.111,0.73075,0.7312,4.10,1.00
2010.08.24 12:21:25.360,0.73075,0.7312,2.50,4.90
2010.08.24 12:21:26.342,0.73075,0.73115,2.40,1.00
2010.08.24 12:21:26.783,0.7307,0.73115,4.00,1.70
2010.08.24 12:21:27.421,0.73075,0.73115,1.00,1.60
2010.08.24 12:21:27.670,0.7307,0.73115,4.10,1.70
2010.08.24 12:21:28.823,0.7307,0.73115,4.00,1.60
2010.08.24 12:21:29.161,0.73075,0.73115,2.50,1.60
2010.08.24 12:21:31.768,0.73075,0.73115,2.40,1.60
2010.08.24 12:21:33.150,0.73075,0.73115,2.40,1.70
2010.08.24 12:21:34.318,0.73075,0.73115,2.40,1.60
2010.08.24 12:21:34.650,0.7307,0.7311,1.00,3.20
2010.08.24 12:21:35.657,0.7307,0.7311,1.00,3.20
2010.08.24 12:21:35.855,0.7307,0.7311,1.00,1.00
2010.08.24 12:21:36.052,0.73065,0.73115,4.10,4.90
2010.08.24 12:21:37.120,0.7307,0.73115,1.00,4.90
2010.08.24 12:21:37.634,0.73075,0.73115,1.00,4.90
2010.08.24 12:21:38.616,0.7307,0.73115,1.00,4.90
2010.08.24 12:21:39.635,0.73075,0.73115,1.00,4.80
2010.08.24 12:21:39.972,0.73075,0.73115,1.00,4.80
2010.08.24 12:21:41.531,0.7307,0.7311,1.00,1.00
2010.08.24 12:21:42.477,0.7307,0.7311,1.00,2.40
2010.08.24 12:21:42.691,0.7307,0.7311,1.00,3.20
2010.08.24 12:21:43.992,0.73065,0.7311,1.70,3.20
2010.08.24 12:21:44.334,0.73065,0.73105,1.70,2.40
2010.08.24 12:21:45.038,0.73065,0.73105,1.00,4.00
2010.08.24 12:21:45.383,0.7306,0.73105,1.00,4.80
2010.08.24 12:21:47.121,0.73055,0.731,4.10,1.00
2010.08.24 12:21:47.333,0.73065,0.73105,1.60,3.20
2010.08.24 12:21:48.203,0.73065,0.7311,4.00,1.00
2010.08.24 12:21:49.231,0.73075,0.7311,1.60,2.40
2010.08.24 12:21:49.414,0.73065,0.73115,4.10,3.20
2010.08.24 12:21:50.573,0.73075,0.7312,1.60,3.30
2010.08.24 12:21:52.477,0.73075,0.73115,1.60,1.00
2010.08.24 12:21:52.809,0.7308,0.73115,2.40,1.60
2010.08.24 12:21:53.894,0.73085,0.7313,2.00,4.80
2010.08.24 12:21:54.651,0.73075,0.73125,4.50,4.00
2010.08.24 12:21:54.994,0.73075,0.7312,1.60,3.30
2010.08.24 12:21:57.921,0.73075,0.7312,1.70,3.20
2010.08.24 12:21:58.121,0.73075,0.7312,1.60,3.30
2010.08.24 12:22:00.875,0.73075,0.7312,4.80,1.00
2010.08.24 12:22:01.121,0.73075,0.7312,4.90,1.00
2010.08.24 12:22:02.083,0.73075,0.7312,4.90,1.00
2010.08.24 12:22:03.656,0.73075,0.7312,4.90,1.00
2010.08.24 12:22:04.672,0.7308,0.7312,1.00,1.00
2010.08.24 12:22:05.963,0.73075,0.7312,4.50,1.00
2010.08.24 12:22:06.172,0.73085,0.73125,1.60,1.00
2010.08.24 12:22:07.252,0.7308,0.7312,2.50,1.00
2010.08.24 12:22:08.360,0.7308,0.73125,2.90,1.60
2010.08.24 12:22:08.553,0.7309,0.73135,2.40,3.30
2010.08.24 12:22:09.305,0.73095,0.73135,1.60,3.30
2010.08.24 12:22:09.642,0.73095,0.73135,4.00,1.00
2010.08.24 12:22:10.749,0.73095,0.73135,1.60,1.00
2010.08.24 12:22:10.954,0.73095,0.7314,1.70,1.00
2010.08.24 12:22:11.913,0.73095,0.73135,1.60,1.00
2010.08.24 12:22:12.171,0.73095,0.7314,1.60,1.00
2010.08.24 12:22:12.554,0.73095,0.7314,1.70,1.00
2010.08.24 12:22:14.310,0.73095,0.73135,1.60,1.00
2010.08.24 12:22:15.642,0.73095,0.7314,1.70,1.00
2010.08.24 12:22:16.476,0.73095,0.7314,1.60,1.00
2010.08.24 12:22:16.728,0.73095,0.7314,1.70,1.00
2010.08.24 12:22:19.403,0.73095,0.7314,4.10,1.00
2010.08.24 12:22:19.711,0.73095,0.7314,4.10,1.00
2010.08.24 12:22:22.010,0.73095,0.73135,4.00,1.00
2010.08.24 12:22:22.333,0.73095,0.7314,4.00,1.00
2010.08.24 12:22:23.171,0.73095,0.7314,4.00,1.00
2010.08.24 12:22:23.361,0.73095,0.7314,4.10,1.00
2010.08.24 12:22:23.570,0.73095,0.7314,4.00,1.00
2010.08.24 12:22:24.330,0.73095,0.7314,1.60,1.00
2010.08.24 12:22:24.676,0.73095,0.7314,1.70,1.00
2010.08.24 12:22:26.062,0.731,0.73145,1.00,4.80
2010.08.24 12:22:27.130,0.73105,0.73145,1.00,4.90
2010.08.24 12:22:27.360,0.731,0.7314,1.00,1.00
2010.08.24 12:22:28.363,0.73095,0.7314,4.10,1.00
2010.08.24 12:22:29.376,0.73095,0.7314,1.70,3.30
2010.08.24 12:22:29.697,0.7309,0.73135,4.90,1.00
2010.08.24 12:22:30.014,0.73095,0.73135,1.00,1.00
2010.08.24 12:22:30.964,0.73095,0.7314,4.90,1.00
2010.08.24 12:22:31.205,0.73095,0.7314,4.50,1.00
2010.08.24 12:22:31.955,0.731,0.7314,1.60,1.00
2010.08.24 12:22:32.292,0.731,0.7314,1.60,1.00
2010.08.24 12:22:33.239,0.731,0.7314,1.60,1.00
2010.08.24 12:22:34.801,0.7309,0.73135,4.90,2.40
2010.08.24 12:22:35.770,0.7309,0.73135,6.10,1.60
2010.08.24 12:22:36.064,0.731,0.7314,1.00,1.60
2010.08.24 12:22:37.133,0.7307,0.73115,3.30,1.00
2010.08.24 12:22:38.111,0.7306,0.731,1.00,1.00
2010.08.24 12:22:38.316,0.7304,0.73085,1.60,2.40
2010.08.24 12:22:38.540,0.7304,0.73085,1.60,3.20
2010.08.24 12:22:39.570,0.7304,0.73085,1.60,3.30
2010.08.24 12:22:39.911,0.7304,0.73085,1.70,3.20
2010.08.24 12:22:40.842,0.73045,0.73085,1.60,1.00
2010.08.24 12:22:41.050,0.73045,0.7309,4.90,1.00
2010.08.24 12:22:41.828,0.73045,0.7309,2.50,3.20
2010.08.24 12:22:42.111,0.7305,0.73095,1.00,1.00
2010.08.24 12:22:42.930,0.73055,0.731,1.00,3.20
2010.08.24 12:22:43.201,0.73055,0.73095,1.60,1.00
2010.08.24 12:22:43.540,0.73055,0.731,4.80,1.00
2010.08.24 12:22:44.312,0.73055,0.7309,1.60,1.00
2010.08.24 12:22:44.636,0.73045,0.7309,4.40,1.00
2010.08.24 12:22:45.459,0.73045,0.7309,2.00,1.00
2010.08.24 12:22:45.807,0.73045,0.73085,1.60,3.30
2010.08.24 12:22:46.150,0.73045,0.73085,1.60,3.20
2010.08.24 12:22:46.858,0.73045,0.73085,2.40,2.40
2010.08.24 12:22:47.201,0.7305,0.7309,1.60,1.00
2010.08.24 12:22:48.227,0.7305,0.7309,1.60,1.00
2010.08.24 12:22:48.462,0.7305,0.7309,1.60,1.00
2010.08.24 12:22:49.812,0.7305,0.73085,1.60,1.00
2010.08.24 12:22:50.242,0.7305,0.7309,1.60,1.00
2010.08.24 12:22:51.501,0.7305,0.7309,2.40,1.00
2010.08.24 12:22:52.835,0.73055,0.73095,4.00,1.00
2010.08.24 12:22:53.042,0.73055,0.731,4.00,1.00
2010.08.24 12:22:53.961,0.7306,0.731,1.00,1.60
2010.08.24 12:22:54.302,0.73055,0.731,4.00,2.50
2010.08.24 12:22:55.351,0.7306,0.731,4.00,1.00
2010.08.24 12:22:56.572,0.73055,0.731,4.00,1.70
2010.08.24 12:22:56.830,0.73055,0.731,4.00,2.50
2010.08.24 12:22:57.562,0.73055,0.731,4.00,2.40
2010.08.24 12:22:57.902,0.7306,0.731,1.60,1.00
2010.08.24 12:22:58.240,0.7306,0.731,4.00,1.00
2010.08.24 12:22:59.520,0.7306,0.731,1.60,1.00
2010.08.24 12:23:00.551,0.73065,0.73105,1.60,1.00
2010.08.24 12:23:00.881,0.73065,0.73105,1.60,1.00
2010.08.24 12:23:02.253,0.73065,0.731,1.60,1.00
2010.08.24 12:23:03.245,0.73065,0.73105,1.60,1.00
2010.08.24 12:23:04.555,0.73065,0.73105,1.60,1.00
2010.08.24 12:23:05.617,0.73065,0.731,1.60,1.00
2010.08.24 12:23:05.876,0.73065,0.73105,1.60,1.00
2010.08.24 12:23:06.808,0.73065,0.73105,1.60,1.00
2010.08.24 12:23:07.492,0.73065,0.73105,1.70,1.00
2010.08.24 12:23:08.558,0.7307,0.73115,4.00,1.60
2010.08.24 12:23:09.452,0.73075,0.73115,1.60,1.00
2010.08.24 12:23:09.802,0.73075,0.7312,4.00,1.00
2010.08.24 12:23:10.730,0.7307,0.731,1.00,1.00
2010.08.24 12:23:10.945,0.7306,0.731,1.00,2.40
2010.08.24 12:23:11.894,0.73055,0.73105,1.00,4.10
2010.08.24 12:23:12.231,0.73055,0.731,1.00,2.40
2010.08.24 12:23:13.075,0.73055,0.731,1.00,2.40
2010.08.24 12:23:13.291,0.73055,0.731,1.00,2.40
2010.08.24 12:23:14.309,0.7306,0.731,1.00,2.40
2010.08.24 12:23:14.664,0.73055,0.731,1.00,2.50
2010.08.24 12:23:16.026,0.7306,0.731,1.00,2.40
2010.08.24 12:23:17.929,0.73055,0.73095,2.40,1.00
2010.08.24 12:23:18.049,0.73055,0.73095,1.70,1.00
2010.08.24 12:23:18.859,0.73055,0.73095,1.60,1.00
2010.08.24 12:23:19.693,0.73045,0.73085,1.00,3.20
2010.08.24 12:23:20.034,0.7305,0.73085,1.60,1.00
2010.08.24 12:23:20.820,0.73045,0.73085,1.70,1.00
2010.08.24 12:23:21.034,0.73045,0.7308,1.00,3.20
2010.08.24 12:23:21.930,0.73035,0.7308,1.70,4.00
2010.08.24 12:23:22.275,0.7302,0.7307,3.60,3.20
2010.08.24 12:23:22.481,0.7304,0.7308,1.60,3.30
2010.08.24 12:23:23.245,0.7304,0.7308,1.60,3.20
2010.08.24 12:23:23.465,0.73035,0.73075,1.00,3.20
2010.08.24 12:23:24.733,0.7303,0.7307,1.00,3.20
2010.08.24 12:23:25.070,0.7302,0.7307,4.00,3.20
2010.08.24 12:23:25.926,0.7303,0.7307,2.40,1.00
2010.08.24 12:23:26.235,0.73025,0.7307,1.00,3.20
2010.08.24 12:23:26.534,0.7302,0.7307,4.90,3.30
2010.08.24 12:23:27.251,0.73025,0.7307,2.40,1.00
2010.08.24 12:23:27.544,0.73015,0.73055,1.00,3.20
2010.08.24 12:23:28.381,0.7301,0.73055,2.50,3.30
2010.08.24 12:23:28.724,0.73025,0.7306,1.60,1.00
2010.08.24 12:23:30.113,0.73015,0.7306,1.70,3.20
2010.08.24 12:23:31.170,0.73015,0.7306,1.70,2.40
2010.08.24 12:23:31.414,0.7302,0.7306,1.00,2.40
2010.08.24 12:23:31.650,0.73015,0.7306,1.70,2.50
2010.08.24 12:23:32.452,0.73015,0.73055,1.70,3.20
2010.08.24 12:23:32.699,0.7301,0.73045,1.00,3.20
2010.08.24 12:23:33.648,0.73005,0.73045,1.00,3.20
2010.08.24 12:23:33.851,0.73,0.7304,1.00,1.00
2010.08.24 12:23:34.060,0.73,0.7304,1.00,2.40
2010.08.24 12:23:35.013,0.72995,0.7303,1.00,3.20
2010.08.24 12:23:37.903,0.7299,0.7303,1.00,3.20
2010.08.24 12:23:38.941,0.7299,0.73025,1.00,1.60
2010.08.24 12:23:39.396,0.7299,0.73025,1.00,4.80
2010.08.24 12:23:40.266,0.73,0.7304,1.60,1.00
2010.08.24 12:23:40.492,0.7299,0.73035,1.60,1.00
2010.08.24 12:23:41.563,0.72995,0.7304,1.00,4.90
2010.08.24 12:23:42.795,0.73,0.7304,1.60,1.00
2010.08.24 12:23:43.005,0.73,0.73045,1.70,4.90
2010.08.24 12:23:44.211,0.72995,0.7304,1.00,3.20
2010.08.24 12:23:44.551,0.73,0.7304,1.00,3.20
2010.08.24 12:23:45.622,0.73005,0.7304,1.00,2.40
2010.08.24 12:23:45.976,0.73005,0.7304,1.00,3.20
2010.08.24 12:23:46.903,0.73,0.7304,1.00,1.00
2010.08.24 12:23:48.065,0.72995,0.7304,2.10,2.40
2010.08.24 12:23:49.240,0.73005,0.7304,1.00,2.40
2010.08.24 12:23:53.474,0.73005,0.7304,1.00,3.20
2010.08.24 12:23:53.774,0.73015,0.7304,1.60,2.40
2010.08.24 12:23:54.668,0.73015,0.7305,1.60,2.40
2010.08.24 12:23:55.170,0.73015,0.7305,1.60,1.00
2010.08.24 12:23:55.897,0.73015,0.73055,1.60,2.50
2010.08.24 12:23:56.203,0.73015,0.7305,1.60,2.40
2010.08.24 12:23:58.950,0.73015,0.7305,1.70,2.40
2010.08.24 12:23:59.844,0.73015,0.7305,1.60,2.40
2010.08.24 12:24:00.142,0.73015,0.7305,1.00,2.40
2010.08.24 12:24:00.451,0.7301,0.73045,1.00,2.40
2010.08.24 12:24:01.484,0.7301,0.73045,1.00,1.00
2010.08.24 12:24:02.732,0.73005,0.73045,1.70,1.00
2010.08.24 12:24:03.070,0.7301,0.73045,1.00,2.40
2010.08.24 12:24:04.151,0.7301,0.7305,1.00,4.00
2010.08.24 12:24:05.323,0.7301,0.7305,1.00,4.00
2010.08.24 12:24:05.621,0.73005,0.7305,1.70,4.00
2010.08.24 12:24:05.915,0.73,0.7303,1.60,1.00
2010.08.24 12:24:06.884,0.72995,0.7303,1.00,1.00
2010.08.24 12:24:08.730,0.72995,0.7303,1.00,1.00
2010.08.24 12:24:09.684,0.72995,0.7303,1.00,1.00
2010.08.24 12:24:10.041,0.73005,0.7303,1.60,1.00
2010.08.24 12:24:11.061,0.72995,0.73035,1.00,1.00
2010.08.24 12:24:11.284,0.72995,0.73035,1.00,2.40
2010.08.24 12:24:12.175,0.72995,0.73035,1.00,3.20
2010.08.24 12:24:12.492,0.72995,0.7303,1.00,2.40
2010.08.24 12:24:12.830,0.72995,0.7303,1.00,3.20
2010.08.24 12:24:15.096,0.7299,0.73025,1.00,3.20
2010.08.24 12:24:16.381,0.7298,0.73025,1.00,3.20
2010.08.24 12:24:17.591,0.7298,0.7302,1.00,2.40
2010.08.24 12:24:18.916,0.7298,0.7301,1.00,1.00
2010.08.24 12:24:19.251,0.72985,0.7301,1.00,1.00
2010.08.24 12:24:20.321,0.7298,0.7301,1.00,1.00
2010.08.24 12:24:20.660,0.72975,0.7301,1.00,1.00
2010.08.24 12:24:21.595,0.72975,0.73005,1.60,1.00
2010.08.24 12:24:21.802,0.72975,0.73005,1.70,1.00
2010.08.24 12:24:22.897,0.72975,0.7302,2.10,2.50
2010.08.24 12:24:23.231,0.72975,0.73015,1.00,3.20
2010.08.24 12:24:24.251,0.72975,0.73015,2.00,3.20
2010.08.24 12:24:24.560,0.72975,0.73015,2.00,3.30
2010.08.24 12:24:25.683,0.72975,0.73015,2.10,3.20
2010.08.24 12:24:26.827,0.72975,0.73015,2.10,2.40
2010.08.24 12:24:27.112,0.72985,0.7302,1.00,3.20
2010.08.24 12:24:28.101,0.7299,0.7302,1.60,1.00
2010.08.24 12:24:28.151,0.7299,0.73025,2.00,1.00
2010.08.24 12:24:28.405,0.72985,0.73025,1.00,3.20
2010.08.24 12:24:29.297,0.72985,0.73025,1.00,1.00
2010.08.24 12:24:29.542,0.7299,0.73025,1.00,1.00
2010.08.24 12:24:29.881,0.72995,0.73025,1.00,1.00
2010.08.24 12:24:30.948,0.7299,0.7303,1.70,3.30
2010.08.24 12:24:31.192,0.7299,0.7303,1.60,3.20
2010.08.24 12:24:32.136,0.72995,0.7303,1.00,1.00
2010.08.24 12:24:32.392,0.73005,0.73035,1.00,3.20
2010.08.24 12:24:33.121,0.73005,0.73035,1.00,2.40
2010.08.24 12:24:33.432,0.73005,0.73045,1.00,4.00
2010.08.24 12:24:34.202,0.73005,0.73035,1.00,1.60
2010.08.24 12:24:34.542,0.73,0.73045,1.00,4.80
2010.08.24 12:24:34.883,0.73005,0.7304,1.00,1.00
2010.08.24 12:24:35.933,0.73005,0.73045,1.00,1.70
2010.08.24 12:24:36.772,0.7301,0.73045,1.00,2.40
2010.08.24 12:24:37.112,0.72995,0.7304,4.10,1.00
2010.08.24 12:24:38.035,0.73005,0.73045,1.00,5.20
2010.08.24 12:24:38.271,0.73005,0.7304,1.00,1.00
2010.08.24 12:24:38.662,0.7301,0.7304,1.00,1.00
2010.08.24 12:24:39.592,0.73015,0.73055,1.00,3.20
2010.08.24 12:24:39.931,0.73015,0.73055,1.00,1.00
2010.08.24 12:24:41.125,0.7302,0.73055,1.00,2.40
2010.08.24 12:24:42.369,0.7302,0.7306,1.00,1.00
2010.08.24 12:24:42.552,0.7302,0.73065,1.00,4.80
2010.08.24 12:24:43.468,0.7302,0.73065,2.50,2.50
2010.08.24 12:24:43.814,0.7302,0.73055,1.00,1.60
2010.08.24 12:24:45.035,0.7302,0.73045,1.00,1.60
2010.08.24 12:24:46.434,0.7301,0.73045,1.00,1.60
2010.08.24 12:24:46.641,0.73015,0.73045,1.00,1.60
2010.08.24 12:24:47.402,0.7301,0.73045,1.00,1.60
2010.08.24 12:24:48.764,0.73015,0.73045,1.00,1.60
2010.08.24 12:24:49.193,0.73025,0.73045,1.00,1.60
2010.08.24 12:24:49.928,0.73025,0.7305,1.00,3.20
2010.08.24 12:24:50.274,0.73015,0.73045,1.00,1.60
2010.08.24 12:24:51.363,0.7302,0.73045,1.00,1.60
2010.08.24 12:24:51.655,0.73015,0.73045,1.00,1.60
2010.08.24 12:24:52.751,0.7302,0.73045,1.00,1.60
2010.08.24 12:24:52.984,0.7302,0.7306,1.00,4.80
2010.08.24 12:24:53.914,0.7302,0.7306,1.00,1.00
2010.08.24 12:24:54.254,0.73025,0.7307,1.00,4.90
2010.08.24 12:24:55.332,0.7303,0.73065,1.00,2.40
2010.08.24 12:24:55.654,0.73025,0.7307,1.00,2.40
2010.08.24 12:24:56.675,0.73025,0.7307,1.00,2.40
2010.08.24 12:24:56.983,0.73035,0.7307,1.00,2.40
2010.08.24 12:24:58.277,0.7304,0.73075,1.00,2.40
2010.08.24 12:24:59.269,0.73045,0.73075,1.00,2.40
2010.08.24 12:24:59.584,0.7304,0.73075,1.00,2.40
2010.08.24 12:25:00.597,0.7304,0.73075,1.00,3.20
2010.08.24 12:25:00.915,0.73045,0.73095,3.20,2.50
2010.08.24 12:25:01.999,0.73055,0.73105,2.40,4.90
2010.08.24 12:25:02.820,0.7306,0.73105,1.00,4.80
2010.08.24 12:25:03.082,0.73065,0.73115,2.40,2.50
2010.08.24 12:25:04.263,0.73065,0.73115,3.30,4.90
2010.08.24 12:25:05.471,0.73085,0.7312,2.40,1.00
2010.08.24 12:25:06.524,0.73085,0.7312,2.40,1.00
2010.08.24 12:25:06.731,0.73085,0.73125,2.40,1.00
2010.08.24 12:25:07.524,0.73085,0.7312,2.40,1.00
2010.08.24 12:25:07.869,0.73085,0.73125,1.60,1.00
2010.08.24 12:25:08.213,0.7308,0.7312,3.20,1.00
2010.08.24 12:25:09.909,0.7308,0.7312,1.00,1.00
2010.08.24 12:25:10.043,0.73075,0.73115,1.00,1.00
2010.08.24 12:25:10.972,0.7308,0.73125,3.20,2.40
2010.08.24 12:25:11.311,0.7308,0.73125,3.30,2.40
2010.08.24 12:25:12.283,0.73085,0.73125,1.00,1.60
2010.08.24 12:25:12.504,0.7309,0.7313,1.00,4.00
2010.08.24 12:25:12.733,0.7309,0.7313,1.00,4.00
2010.08.24 12:25:13.693,0.7309,0.73135,1.00,1.00
2010.08.24 12:25:14.745,0.73095,0.73135,1.00,1.00
2010.08.24 12:25:16.070,0.7309,0.73135,1.00,1.00
2010.08.24 12:25:16.352,0.731,0.7314,1.00,1.00
2010.08.24 12:25:17.373,0.731,0.7314,1.00,1.70
2010.08.24 12:25:17.661,0.7309,0.73135,1.00,1.00
2010.08.24 12:25:17.990,0.73095,0.73135,1.00,1.00
2010.08.24 12:25:18.837,0.73095,0.7314,1.00,4.90
2010.08.24 12:25:19.074,0.73085,0.73135,4.10,4.90
2010.08.24 12:25:20.019,0.73085,0.7313,3.20,1.00
2010.08.24 12:25:20.364,0.73085,0.7313,1.00,3.20
2010.08.24 12:25:21.575,0.73085,0.73135,3.20,2.90
2010.08.24 12:25:21.792,0.73085,0.7313,4.80,1.00
2010.08.24 12:25:22.530,0.73085,0.7313,4.00,1.00
2010.08.24 12:25:22.879,0.73085,0.73135,4.90,4.00
2010.08.24 12:25:23.903,0.73085,0.7313,4.80,1.00
2010.08.24 12:25:24.172,0.73095,0.73135,1.60,1.00
2010.08.24 12:25:25.187,0.73095,0.73135,1.70,1.00
2010.08.24 12:25:25.854,0.73095,0.73135,1.60,1.00
2010.08.24 12:25:26.776,0.73095,0.7313,1.60,1.00
2010.08.24 12:25:26.982,0.73095,0.7314,2.40,2.80
2010.08.24 12:25:27.191,0.73095,0.73135,2.40,1.00
2010.08.24 12:25:28.141,0.73095,0.7314,2.40,2.80
2010.08.24 12:25:28.944,0.73095,0.7314,2.50,2.90
2010.08.24 12:25:29.751,0.73095,0.7314,2.40,2.80
2010.08.24 12:25:30.098,0.731,0.7314,1.00,2.40
2010.08.24 12:25:31.082,0.73095,0.7314,2.50,2.40
2010.08.24 12:25:31.364,0.731,0.7314,1.00,4.10
2010.08.24 12:25:31.641,0.73095,0.73135,1.00,1.60
2010.08.24 12:25:32.624,0.73095,0.7314,1.70,4.00
2010.08.24 12:25:32.940,0.73095,0.7314,1.60,4.00
2010.08.24 12:25:33.970,0.73095,0.7314,1.70,4.10
2010.08.24 12:25:34.210,0.73095,0.73135,1.60,1.00
2010.08.24 12:25:35.322,0.73095,0.7314,2.40,4.00
2010.08.24 12:25:36.814,0.731,0.7314,1.00,4.00
2010.08.24 12:25:38.315,0.73095,0.7314,2.40,1.70
2010.08.24 12:25:38.512,0.73095,0.7314,1.00,4.10
2010.08.24 12:25:39.463,0.731,0.73145,1.00,4.10
2010.08.24 12:25:40.141,0.731,0.7314,1.00,1.00
2010.08.24 12:25:41.183,0.731,0.7314,2.40,1.00
2010.08.24 12:25:41.454,0.731,0.73145,4.90,1.00
2010.08.24 12:25:41.661,0.731,0.7314,4.80,1.00
2010.08.24 12:25:42.761,0.731,0.73145,4.80,1.00
2010.08.24 12:25:44.274,0.73095,0.7314,1.00,2.40
2010.08.24 12:25:45.846,0.73095,0.7314,1.00,4.00
2010.08.24 12:25:46.153,0.7309,0.7314,4.80,2.40
2010.08.24 12:25:47.202,0.73105,0.7315,2.40,4.90
2010.08.24 12:25:47.511,0.731,0.73145,3.20,1.00
2010.08.24 12:25:48.547,0.73085,0.73125,2.40,1.00
2010.08.24 12:25:49.602,0.73075,0.73125,1.60,4.00
2010.08.24 12:25:49.940,0.7307,0.73125,4.50,4.10
2010.08.24 12:25:50.851,0.73075,0.7313,1.00,3.20
2010.08.24 12:25:51.862,0.73075,0.73125,4.80,1.00
2010.08.24 12:25:52.200,0.73085,0.73135,3.20,2.50
2010.08.24 12:25:53.073,0.7308,0.7313,4.00,2.50
2010.08.24 12:25:53.270,0.7308,0.73125,1.00,3.20
2010.08.24 12:25:54.137,0.73075,0.73115,1.60,3.20
2010.08.24 12:25:56.267,0.7307,0.73115,1.00,4.80
2010.08.24 12:25:57.246,0.7309,0.73125,1.00,1.60
2010.08.24 12:25:58.332,0.73095,0.7314,2.40,4.10
2010.08.24 12:25:59.261,0.73095,0.73135,2.40,1.00
2010.08.24 12:25:59.411,0.73095,0.73135,2.40,1.00
2010.08.24 12:26:00.442,0.73095,0.73135,3.20,1.00
2010.08.24 12:26:01.484,0.73095,0.73135,4.80,1.00
2010.08.24 12:26:01.674,0.73095,0.7314,4.80,1.00
2010.08.24 12:26:01.856,0.73095,0.73135,4.80,1.00
2010.08.24 12:26:02.691,0.73095,0.7314,4.80,1.00
2010.08.24 12:26:02.961,0.73095,0.73135,4.80,1.00
2010.08.24 12:26:03.230,0.73095,0.73135,4.80,1.00
2010.08.24 12:26:04.244,0.7309,0.7314,1.00,4.90
2010.08.24 12:26:04.500,0.7309,0.7314,1.00,4.80
2010.08.24 12:26:05.472,0.7309,0.7313,1.00,1.00
2010.08.24 12:26:05.812,0.7308,0.7313,2.40,1.20
2010.08.24 12:26:06.604,0.7308,0.7313,2.40,1.30
2010.08.24 12:26:07.503,0.73075,0.7312,1.00,1.00
2010.08.24 12:26:07.754,0.73075,0.7312,3.20,1.00
2010.08.24 12:26:08.092,0.73075,0.7312,1.00,1.00
2010.08.24 12:26:08.845,0.73075,0.7312,1.00,1.60
2010.08.24 12:26:09.065,0.73065,0.7311,2.50,1.00
2010.08.24 12:26:10.244,0.73055,0.73095,1.00,1.60
2010.08.24 12:26:10.580,0.7305,0.73095,2.50,2.40
2010.08.24 12:26:11.406,0.73055,0.73095,1.00,1.60
2010.08.24 12:26:11.621,0.7306,0.731,1.00,1.00
2010.08.24 12:26:11.831,0.7306,0.73105,1.00,4.80
2010.08.24 12:26:12.554,0.73065,0.73105,1.60,1.00
2010.08.24 12:26:12.793,0.7306,0.73095,1.00,1.60
2010.08.24 12:26:14.006,0.73065,0.7311,1.60,4.80
2010.08.24 12:26:14.250,0.73065,0.7311,1.60,5.60
2010.08.24 12:26:15.651,0.73065,0.7311,5.70,1.00
2010.08.24 12:26:15.901,0.73075,0.7311,1.00,1.00
2010.08.24 12:26:16.657,0.73075,0.73115,1.00,1.00
2010.08.24 12:26:16.923,0.73075,0.73115,1.00,3.20
2010.08.24 12:26:17.968,0.7307,0.73115,1.00,3.20
2010.08.24 12:26:20.908,0.7307,0.7312,4.90,4.90
2010.08.24 12:26:21.006,0.7307,0.73115,1.00,4.10
2010.08.24 12:26:21.761,0.73075,0.73115,1.00,2.40
2010.08.24 12:26:22.123,0.7307,0.7312,4.90,4.90
2010.08.24 12:26:23.216,0.73075,0.7312,1.00,4.80
2010.08.24 12:26:23.413,0.73075,0.7312,1.00,4.90
2010.08.24 12:26:24.321,0.73075,0.7312,1.00,4.80
2010.08.24 12:26:26.031,0.73065,0.7311,1.00,3.30
2010.08.24 12:26:26.361,0.7306,0.7311,3.30,3.30
2010.08.24 12:26:27.496,0.7306,0.73105,3.30,1.00
2010.08.24 12:26:27.802,0.73065,0.73105,1.00,1.00
2010.08.24 12:26:28.800,0.7306,0.73105,3.20,1.00
2010.08.24 12:26:29.060,0.7307,0.7311,1.00,3.20
2010.08.24 12:26:30.132,0.73065,0.7311,1.00,3.20
2010.08.24 12:26:31.368,0.7307,0.73115,1.00,2.40
2010.08.24 12:26:32.431,0.73065,0.73115,2.50,2.40
2010.08.24 12:26:32.664,0.73075,0.73115,1.00,4.80
2010.08.24 12:26:33.619,0.73075,0.73115,1.60,2.40
2010.08.24 12:26:33.907,0.7308,0.73125,3.30,1.00
2010.08.24 12:26:34.888,0.73085,0.7312,1.60,1.00
2010.08.24 12:26:35.224,0.73105,0.73145,1.00,3.20
2010.08.24 12:26:35.979,0.7311,0.7315,3.20,1.00
2010.08.24 12:26:36.213,0.7311,0.73155,4.00,1.00
2010.08.24 12:26:36.464,0.7311,0.73155,4.00,1.00
2010.08.24 12:26:37.272,0.7311,0.73155,3.20,1.00
2010.08.24 12:26:37.569,0.7311,0.73155,3.30,1.00
2010.08.24 12:26:38.272,0.7311,0.73155,3.20,1.00
2010.08.24 12:26:38.551,0.7311,0.73155,3.30,1.00
2010.08.24 12:26:40.046,0.7311,0.7315,2.50,1.00
2010.08.24 12:26:40.373,0.7311,0.73155,2.50,1.00
2010.08.24 12:26:40.701,0.73115,0.73155,1.00,1.00
2010.08.24 12:26:41.705,0.73115,0.73155,1.00,1.00
2010.08.24 12:26:41.861,0.73115,0.73155,1.00,1.00
2010.08.24 12:26:42.761,0.73115,0.73155,1.00,1.00
2010.08.24 12:26:42.910,0.7312,0.7316,1.00,5.60
2010.08.24 12:26:43.931,0.7311,0.7315,3.20,1.00
2010.08.24 12:26:45.117,0.7311,0.73155,3.30,1.00
2010.08.24 12:26:46.311,0.73115,0.73155,1.00,1.00
2010.08.24 12:26:47.282,0.73115,0.73155,1.00,3.20
2010.08.24 12:26:47.534,0.73115,0.73155,1.00,2.40
2010.08.24 12:26:48.631,0.7312,0.73155,1.00,2.40
2010.08.24 12:26:49.111,0.7312,0.73155,1.00,3.20
2010.08.24 12:26:49.351,0.7312,0.7316,1.00,6.50
2010.08.24 12:26:50.107,0.7312,0.73155,1.00,2.40
2010.08.24 12:26:50.437,0.7312,0.73155,1.00,1.00
2010.08.24 12:26:51.790,0.7311,0.7315,3.30,1.00
2010.08.24 12:26:52.791,0.73115,0.7315,1.00,1.00
2010.08.24 12:26:54.256,0.7311,0.7315,1.00,2.50
2010.08.24 12:26:54.720,0.73105,0.73145,2.50,1.00
2010.08.24 12:26:55.460,0.73115,0.7315,1.00,2.40
2010.08.24 12:26:57.192,0.73115,0.73155,1.00,2.50
2010.08.24 12:26:57.482,0.7311,0.7315,1.00,1.00
2010.08.24 12:26:58.574,0.73115,0.7315,1.00,1.00
2010.08.24 12:26:58.823,0.7311,0.7315,3.70,1.00
2010.08.24 12:27:00.476,0.7311,0.7316,3.70,3.30
2010.08.24 12:27:00.685,0.73115,0.7316,1.00,3.20
2010.08.24 12:27:00.891,0.73115,0.7316,1.00,3.30
2010.08.24 12:27:01.814,0.73115,0.7315,1.00,1.00
2010.08.24 12:27:06.651,0.7311,0.7315,1.00,1.00
2010.08.24 12:27:08.074,0.73115,0.7315,1.00,1.00
2010.08.24 12:27:08.332,0.7311,0.7315,1.00,1.00
2010.08.24 12:27:08.490,0.7311,0.7315,1.00,1.00
2010.08.24 12:27:08.651,0.73105,0.73145,1.00,2.40
2010.08.24 12:27:09.533,0.7311,0.73145,1.00,3.20
2010.08.24 12:27:09.997,0.73115,0.73145,1.00,3.20
2010.08.24 12:27:11.140,0.73115,0.73145,1.00,1.00
2010.08.24 12:27:11.451,0.7311,0.73145,1.00,3.20
2010.08.24 12:27:12.696,0.73115,0.73145,1.00,3.20
2010.08.24 12:27:12.951,0.7311,0.73145,1.00,3.20
2010.08.24 12:27:14.963,0.73105,0.73145,1.00,3.20
2010.08.24 12:27:15.293,0.7311,0.7315,1.00,4.90
2010.08.24 12:27:15.672,0.73115,0.7315,1.00,4.80
2010.08.24 12:27:16.568,0.73115,0.7315,1.00,1.00
2010.08.24 12:27:16.790,0.7311,0.73155,1.00,3.30
2010.08.24 12:27:17.941,0.7311,0.7315,1.00,1.00
2010.08.24 12:27:18.231,0.73115,0.7315,1.00,1.00
2010.08.24 12:27:19.290,0.7311,0.7315,1.00,1.00
2010.08.24 12:27:19.541,0.7311,0.7315,1.00,1.00
2010.08.24 12:27:20.515,0.73105,0.73145,1.00,4.00
2010.08.24 12:27:20.840,0.73105,0.73145,1.00,4.00
2010.08.24 12:27:21.568,0.731,0.73145,1.00,4.10
2010.08.24 12:27:21.925,0.731,0.7314,1.00,1.00
2010.08.24 12:27:22.260,0.73105,0.73145,1.00,4.10
2010.08.24 12:27:22.604,0.731,0.7314,1.00,1.00
2010.08.24 12:27:25.365,0.73095,0.7313,1.00,1.00
2010.08.24 12:27:25.521,0.73085,0.7313,3.70,1.00
2010.08.24 12:27:26.293,0.73085,0.7313,2.50,1.00
2010.08.24 12:27:26.604,0.7308,0.7312,1.00,3.20
2010.08.24 12:27:28.971,0.7308,0.7312,1.00,3.20
2010.08.24 12:27:29.313,0.7307,0.73115,5.30,1.00
2010.08.24 12:27:30.332,0.7307,0.73115,1.00,3.20
2010.08.24 12:27:30.680,0.7307,0.73115,1.70,4.80
2010.08.24 12:27:31.022,0.7307,0.73115,1.00,5.60
2010.08.24 12:27:31.740,0.7307,0.7311,1.00,2.40
2010.08.24 12:27:31.932,0.73065,0.73105,1.00,3.20
2010.08.24 12:27:33.213,0.7306,0.73105,1.00,3.20
2010.08.24 12:27:34.513,0.73065,0.73105,1.00,3.20
2010.08.24 12:27:35.720,0.7306,0.73105,1.00,3.20
2010.08.24 12:27:36.013,0.73055,0.73105,1.00,4.10
2010.08.24 12:27:36.297,0.7306,0.73095,1.00,1.00
2010.08.24 12:27:37.294,0.7306,0.731,1.70,2.40
2010.08.24 12:27:37.573,0.7306,0.73105,1.60,4.80
2010.08.24 12:27:38.603,0.7307,0.73105,1.00,4.80
2010.08.24 12:27:39.623,0.73065,0.73105,1.00,4.80
2010.08.24 12:27:39.963,0.73065,0.731,1.00,2.40
2010.08.24 12:27:40.955,0.7306,0.731,1.70,2.40
2010.08.24 12:27:41.153,0.7306,0.73105,1.70,4.90
2010.08.24 12:27:42.045,0.7306,0.731,1.70,2.40
2010.08.24 12:27:42.382,0.7306,0.73095,1.00,1.00
2010.08.24 12:27:42.721,0.73065,0.731,1.00,4.80
2010.08.24 12:27:43.593,0.7306,0.731,1.00,4.80
2010.08.24 12:27:43.801,0.7306,0.73095,1.00,1.00
2010.08.24 12:27:45.232,0.7306,0.73095,1.00,3.20
2010.08.24 12:27:45.502,0.73065,0.731,1.00,1.00
2010.08.24 12:27:45.781,0.7306,0.731,1.70,1.00
2010.08.24 12:27:46.561,0.73065,0.731,1.00,1.00
2010.08.24 12:27:47.753,0.7307,0.731,1.00,2.40
2010.08.24 12:27:48.201,0.73075,0.73105,1.60,1.00
2010.08.24 12:27:49.182,0.73075,0.73115,1.60,1.00
2010.08.24 12:27:50.414,0.73075,0.73115,1.70,1.00
2010.08.24 12:27:50.770,0.7307,0.73115,1.70,3.20
2010.08.24 12:27:51.083,0.73075,0.73115,1.00,3.30
2010.08.24 12:27:55.081,0.73075,0.73115,1.00,3.20
2010.08.24 12:27:55.381,0.7307,0.73105,1.60,2.40
2010.08.24 12:27:56.402,0.73075,0.7311,1.00,2.40
2010.08.24 12:27:57.749,0.73075,0.7311,1.00,2.40
2010.08.24 12:27:59.507,0.7307,0.7311,1.00,2.40
2010.08.24 12:28:01.640,0.73075,0.7311,1.00,2.40
2010.08.24 12:28:01.790,0.7307,0.73115,1.70,2.50
2010.08.24 12:28:01.931,0.73075,0.7312,1.00,4.10
2010.08.24 12:28:02.635,0.73075,0.7312,1.70,4.10
2010.08.24 12:28:03.090,0.73075,0.7312,2.50,4.10
2010.08.24 12:28:03.321,0.7308,0.7312,1.60,1.00
2010.08.24 12:28:04.074,0.73085,0.7312,1.00,1.00
2010.08.24 12:28:04.326,0.731,0.7314,1.60,3.30
2010.08.24 12:28:05.792,0.731,0.73135,1.60,1.00
2010.08.24 12:28:08.353,0.73095,0.73135,1.60,1.00
2010.08.24 12:28:08.562,0.73085,0.73125,1.00,3.20
2010.08.24 12:28:10.175,0.7309,0.73125,1.00,3.20
2010.08.24 12:28:11.175,0.7308,0.7312,2.40,2.40
2010.08.24 12:28:11.363,0.73065,0.7311,1.70,3.20
2010.08.24 12:28:11.550,0.73065,0.731,1.00,1.00
2010.08.24 12:28:17.185,0.73065,0.731,1.70,1.00
2010.08.24 12:28:17.405,0.73065,0.73105,3.20,1.00
2010.08.24 12:28:17.621,0.73065,0.73105,2.40,1.00
2010.08.24 12:28:18.565,0.73065,0.7311,2.50,2.50
2010.08.24 12:28:19.682,0.7307,0.7311,1.00,2.50
2010.08.24 12:28:20.026,0.7307,0.73105,1.00,2.40
2010.08.24 12:28:21.439,0.7307,0.73115,1.60,4.10
2010.08.24 12:28:21.672,0.7307,0.7311,1.60,1.00
2010.08.24 12:28:22.399,0.7307,0.7311,1.60,2.50
2010.08.24 12:28:22.665,0.73075,0.73115,1.70,2.50
2010.08.24 12:28:22.934,0.73075,0.73115,1.60,2.40
2010.08.24 12:28:23.203,0.73075,0.73115,1.70,2.50
2010.08.24 12:28:24.175,0.73075,0.73115,1.60,2.50
2010.08.24 12:28:24.622,0.73075,0.73115,1.70,2.50
2010.08.24 12:28:25.528,0.73075,0.73115,1.60,2.40
2010.08.24 12:28:27.101,0.73075,0.73115,2.40,2.50
2010.08.24 12:28:27.370,0.73075,0.73115,1.70,2.40
2010.08.24 12:28:27.630,0.73075,0.73115,1.60,2.40
2010.08.24 12:28:28.608,0.7307,0.7311,1.00,2.40
2010.08.24 12:28:29.894,0.7307,0.7311,1.00,4.00
2010.08.24 12:28:30.185,0.7307,0.73105,1.00,2.40
2010.08.24 12:28:31.123,0.73065,0.73105,1.00,2.40
2010.08.24 12:28:31.405,0.73065,0.731,1.00,1.00
2010.08.24 12:28:32.347,0.73075,0.731,1.00,1.00
2010.08.24 12:28:33.334,0.73075,0.73105,1.00,2.40
2010.08.24 12:28:33.531,0.73065,0.73095,1.00,1.00
2010.08.24 12:28:34.314,0.7306,0.73095,1.00,1.00
2010.08.24 12:28:34.514,0.7307,0.73105,1.00,2.40
2010.08.24 12:28:34.851,0.7307,0.73105,1.00,2.40
2010.08.24 12:28:35.936,0.73075,0.73105,1.00,2.40
2010.08.24 12:28:36.244,0.7307,0.73105,1.00,2.40
2010.08.24 12:28:36.553,0.7307,0.731,1.00,1.00
2010.08.24 12:28:37.581,0.73065,0.731,1.00,3.20
2010.08.24 12:28:39.682,0.7307,0.73105,1.00,2.40
2010.08.24 12:28:41.332,0.7307,0.73105,1.00,2.40
2010.08.24 12:28:41.470,0.7307,0.7311,1.00,2.40
2010.08.24 12:28:42.336,0.73065,0.7311,1.00,2.50
2010.08.24 12:28:43.923,0.73065,0.7311,1.00,2.50
2010.08.24 12:28:44.141,0.73065,0.7311,1.00,2.40
2010.08.24 12:28:45.136,0.73065,0.73105,1.00,2.40
2010.08.24 12:28:45.480,0.73065,0.731,1.00,1.00
2010.08.24 12:28:45.822,0.7306,0.731,1.70,1.00
2010.08.24 12:28:47.154,0.73065,0.7311,1.00,2.50
2010.08.24 12:28:47.264,0.73065,0.7311,1.00,2.50
2010.08.24 12:28:47.978,0.73065,0.7311,1.00,2.40
2010.08.24 12:28:48.063,0.73065,0.7311,1.00,2.50
2010.08.24 12:28:51.037,0.7307,0.7311,1.00,2.40
2010.08.24 12:28:51.211,0.73065,0.73105,1.00,1.00
2010.08.24 12:28:51.955,0.73065,0.73105,1.00,2.40
2010.08.24 12:28:52.022,0.7307,0.7311,1.00,2.40
2010.08.24 12:28:52.167,0.73075,0.7311,1.00,2.40
2010.08.24 12:28:52.971,0.7307,0.7311,1.00,2.40
2010.08.24 12:28:53.310,0.73075,0.7311,1.00,2.40
2010.08.24 12:28:54.402,0.7307,0.7311,1.00,2.40
2010.08.24 12:28:55.541,0.7307,0.73115,1.00,2.50
2010.08.24 12:28:55.884,0.73075,0.7311,1.00,2.40
2010.08.24 12:28:56.724,0.7307,0.7311,1.00,2.40
2010.08.24 12:28:57.067,0.7307,0.731,1.00,1.00
2010.08.24 12:28:58.352,0.73075,0.7311,1.00,2.40
2010.08.24 12:28:58.680,0.73075,0.73105,1.00,2.40
2010.08.24 12:28:59.478,0.7307,0.73105,1.00,2.40
2010.08.24 12:28:59.762,0.73065,0.73105,1.00,2.40
2010.08.24 12:29:01.105,0.7306,0.731,2.50,2.40
2010.08.24 12:29:01.423,0.7306,0.731,1.70,2.40
2010.08.24 12:29:02.391,0.7306,0.73095,1.00,1.00
2010.08.24 12:29:02.564,0.7306,0.73095,1.00,1.00
2010.08.24 12:29:02.947,0.7306,0.73095,1.00,1.00
2010.08.24 12:29:05.183,0.73055,0.73095,1.70,1.00
2010.08.24 12:29:05.499,0.73075,0.73115,2.40,1.00
2010.08.24 12:29:05.781,0.73075,0.73115,1.60,1.00
2010.08.24 12:29:06.650,0.7307,0.73115,1.00,2.50
2010.08.24 12:29:06.935,0.73075,0.7312,2.40,2.50
2010.08.24 12:29:08.079,0.73075,0.7312,2.50,2.50
2010.08.24 12:29:08.339,0.7308,0.7312,1.00,2.40
2010.08.24 12:29:08.602,0.73075,0.7312,2.50,2.40
2010.08.24 12:29:09.504,0.7308,0.7312,1.00,2.40
2010.08.24 12:29:09.810,0.7308,0.7312,1.00,2.40
2010.08.24 12:29:11.152,0.73075,0.7312,2.40,2.40
2010.08.24 12:29:11.325,0.73075,0.7312,3.30,2.40
2010.08.24 12:29:11.491,0.73075,0.7312,3.30,2.50
2010.08.24 12:29:11.988,0.7308,0.7312,1.00,2.40
2010.08.24 12:29:12.718,0.7308,0.7312,1.70,2.40
2010.08.24 12:29:12.992,0.7308,0.73125,2.50,2.50
2010.08.24 12:29:13.540,0.73085,0.73125,1.00,2.50
2010.08.24 12:29:14.444,0.7308,0.7312,1.00,3.20
2010.08.24 12:29:14.651,0.7308,0.7312,1.00,3.30
2010.08.24 12:29:15.423,0.73085,0.7312,1.00,3.20
2010.08.24 12:29:15.633,0.73085,0.73125,1.00,2.40
2010.08.24 12:29:16.311,0.73085,0.73125,1.00,2.40
2010.08.24 12:29:17.287,0.7308,0.73125,2.50,2.50
2010.08.24 12:29:17.844,0.73085,0.73125,1.00,2.50
2010.08.24 12:29:18.800,0.73085,0.7313,1.00,2.50
2010.08.24 12:29:20.082,0.7309,0.7313,1.00,2.40
2010.08.24 12:29:20.374,0.73095,0.7313,1.00,2.40
2010.08.24 12:29:21.657,0.7309,0.7313,1.00,2.40
2010.08.24 12:29:21.941,0.73095,0.7313,1.00,2.40
2010.08.24 12:29:24.904,0.73095,0.7313,1.00,3.20
2010.08.24 12:29:25.291,0.73095,0.7313,1.00,2.40
2010.08.24 12:29:26.571,0.7309,0.7313,1.00,2.40
2010.08.24 12:29:28.256,0.7309,0.73135,1.00,4.10
2010.08.24 12:29:28.484,0.7309,0.7313,1.00,2.40
2010.08.24 12:29:28.573,0.7309,0.7313,1.00,3.20
2010.08.24 12:29:28.661,0.73085,0.7312,3.20,1.60
2010.08.24 12:29:29.382,0.73085,0.7312,1.00,1.60
2010.08.24 12:29:29.471,0.73085,0.73125,1.00,3.20
2010.08.24 12:29:29.645,0.7308,0.73125,1.70,3.30
2010.08.24 12:29:30.903,0.7308,0.73125,1.70,3.20
2010.08.24 12:29:31.675,0.73085,0.73125,1.00,3.20
2010.08.24 12:29:33.413,0.73085,0.73125,1.70,3.20
2010.08.24 12:29:34.594,0.73085,0.73125,1.60,3.20
2010.08.24 12:29:34.934,0.73085,0.73125,1.60,3.30
2010.08.24 12:29:36.304,0.73085,0.73125,1.70,3.20
2010.08.24 12:29:37.252,0.73085,0.73125,1.00,3.20
2010.08.24 12:29:37.503,0.7309,0.73125,1.00,3.20
2010.08.24 12:29:37.762,0.73085,0.73125,1.00,3.20
2010.08.24 12:29:39.380,0.73085,0.73125,2.50,3.20
2010.08.24 12:29:39.601,0.73085,0.7313,5.70,1.00
2010.08.24 12:29:39.820,0.7309,0.7313,1.00,1.00
2010.08.24 12:29:40.592,0.7309,0.7313,1.00,3.30
2010.08.24 12:29:40.937,0.73085,0.7313,1.00,3.30
2010.08.24 12:29:42.281,0.73085,0.7313,3.30,1.00
2010.08.24 12:29:42.542,0.7309,0.7313,1.00,1.00
2010.08.24 12:29:42.812,0.73095,0.7313,1.00,1.00
2010.08.24 12:29:43.599,0.7309,0.7313,1.00,1.00
2010.08.24 12:29:43.853,0.73105,0.7313,1.00,2.40
2010.08.24 12:29:44.094,0.7311,0.7315,4.00,1.00
2010.08.24 12:29:45.035,0.7311,0.7315,1.60,1.00
2010.08.24 12:29:45.341,0.7311,0.7315,1.60,1.00
2010.08.24 12:29:45.753,0.7311,0.7315,1.60,1.00
2010.08.24 12:29:46.900,0.7311,0.7315,1.70,1.00
2010.08.24 12:29:48.251,0.7311,0.7315,4.10,1.00
2010.08.24 12:29:51.025,0.73105,0.73145,3.60,1.00
2010.08.24 12:29:51.691,0.7311,0.73155,1.00,3.30
2010.08.24 12:29:52.032,0.7311,0.7315,3.20,1.00
2010.08.24 12:29:53.011,0.7311,0.7315,4.00,1.00
2010.08.24 12:29:53.121,0.7311,0.73155,4.10,1.00
2010.08.24 12:29:54.642,0.73115,0.73155,1.60,1.00
2010.08.24 12:29:55.918,0.73115,0.73155,2.00,1.00
2010.08.24 12:29:57.108,0.73115,0.73155,1.00,3.30
2010.08.24 12:30:00.451,0.73115,0.7315,1.00,1.00
2010.08.24 12:30:00.894,0.73115,0.73155,1.00,3.20
2010.08.24 12:30:02.933,0.73125,0.7315,1.00,1.00
2010.08.24 12:30:03.247,0.73095,0.7313,1.00,2.40
2010.08.24 12:30:04.247,0.73085,0.73125,1.00,3.20
2010.08.24 12:30:05.502,0.73085,0.73125,1.00,3.20
2010.08.24 12:30:06.703,0.73085,0.73125,2.00,3.20
2010.08.24 12:30:06.940,0.73085,0.73125,2.10,3.20
2010.08.24 12:30:07.717,0.7309,0.73125,1.00,3.20
2010.08.24 12:30:08.063,0.73085,0.73125,2.00,3.30
2010.08.24 12:30:09.059,0.73085,0.7312,2.00,1.00
2010.08.24 12:30:09.263,0.73085,0.73115,1.00,2.40
2010.08.24 12:30:09.471,0.73085,0.7312,1.00,3.20
2010.08.24 12:30:10.529,0.73085,0.7312,1.00,3.20
2010.08.24 12:30:10.874,0.73085,0.7312,1.00,3.20
2010.08.24 12:30:11.626,0.73085,0.73115,1.00,2.40
2010.08.24 12:30:11.932,0.73085,0.7312,1.00,3.20
2010.08.24 12:30:12.241,0.73085,0.73115,1.00,3.20
2010.08.24 12:30:16.136,0.73075,0.73115,1.00,3.30
2010.08.24 12:30:17.476,0.73075,0.73115,1.00,3.20
2010.08.24 12:30:17.742,0.73075,0.73115,1.00,3.30
2010.08.24 12:30:19.231,0.7308,0.73115,1.00,3.20
2010.08.24 12:30:20.892,0.73075,0.73115,1.00,3.20
2010.08.24 12:30:21.966,0.7308,0.73115,1.00,3.20
2010.08.24 12:30:22.220,0.73075,0.73115,1.00,3.20
2010.08.24 12:30:22.550,0.73075,0.73115,1.00,3.30
2010.08.24 12:30:23.733,0.73085,0.7312,1.00,2.40
2010.08.24 12:30:26.822,0.73085,0.7312,1.00,3.20
2010.08.24 12:30:27.080,0.73085,0.7312,1.00,3.20
2010.08.24 12:30:28.413,0.73085,0.7312,1.00,3.20
2010.08.24 12:30:32.264,0.73085,0.7312,1.00,1.00
2010.08.24 12:30:32.481,0.73095,0.73135,1.00,3.20
2010.08.24 12:30:32.700,0.731,0.73135,1.00,3.20
2010.08.24 12:30:33.945,0.73115,0.73135,1.00,2.40
2010.08.24 12:30:34.230,0.73105,0.73135,1.00,3.20
2010.08.24 12:30:35.331,0.73105,0.7314,1.00,2.50
2010.08.24 12:30:37.461,0.7311,0.7314,1.00,1.00
2010.08.24 12:30:38.775,0.7311,0.73145,1.00,1.00
2010.08.24 12:30:39.750,0.7311,0.7315,1.00,2.40
2010.08.24 12:30:42.035,0.7311,0.7315,1.00,2.40
2010.08.24 12:30:42.416,0.7311,0.7315,1.00,2.40
2010.08.24 12:30:43.262,0.7311,0.73155,1.00,2.40
2010.08.24 12:30:43.602,0.7311,0.7315,1.00,2.40
2010.08.24 12:30:44.726,0.73115,0.7315,1.00,2.40
2010.08.24 12:30:45.049,0.7311,0.7315,1.00,2.40
2010.08.24 12:30:46.223,0.7311,0.73155,2.90,1.00
2010.08.24 12:30:46.426,0.7312,0.7316,1.00,2.40
2010.08.24 12:30:47.341,0.7312,0.73165,3.20,1.00
2010.08.24 12:30:48.584,0.73125,0.73165,1.00,1.00
2010.08.24 12:30:49.531,0.7313,0.73165,1.60,1.00
2010.08.24 12:30:49.824,0.73125,0.7317,1.00,5.70
2010.08.24 12:30:50.871,0.73125,0.73165,1.00,1.00
2010.08.24 12:30:51.253,0.7312,0.73165,2.90,1.00
2010.08.24 12:30:51.981,0.73125,0.73165,1.00,1.00
2010.08.24 12:30:52.265,0.7312,0.73165,2.90,1.00
2010.08.24 12:30:53.190,0.7312,0.7316,1.00,2.40
2010.08.24 12:30:53.457,0.73125,0.7316,1.00,4.00
2010.08.24 12:30:53.935,0.7312,0.7316,1.00,4.00
2010.08.24 12:30:54.932,0.73115,0.73155,1.00,2.40
2010.08.24 12:30:55.272,0.73115,0.73155,1.00,1.00
2010.08.24 12:30:56.443,0.73115,0.7315,1.00,1.00
2010.08.24 12:30:57.462,0.73115,0.7315,1.00,1.00
2010.08.24 12:30:57.801,0.7311,0.7315,1.00,1.00
2010.08.24 12:30:58.288,0.7311,0.7315,1.00,1.00
2010.08.24 12:30:59.273,0.7311,0.73155,1.30,2.40
2010.08.24 12:31:00.239,0.7311,0.73155,1.20,3.20
2010.08.24 12:31:00.485,0.7311,0.7315,1.00,2.40
2010.08.24 12:31:00.732,0.7311,0.7315,1.00,2.40
2010.08.24 12:31:01.825,0.7311,0.7315,1.00,1.00
2010.08.24 12:31:02.162,0.73105,0.73145,2.00,1.00
2010.08.24 12:31:02.913,0.73105,0.73145,1.00,1.00
2010.08.24 12:31:04.971,0.73105,0.73145,1.00,1.00
2010.08.24 12:31:05.153,0.73105,0.7315,1.00,2.50
2010.08.24 12:31:06.597,0.7311,0.7315,1.00,1.00
2010.08.24 12:31:06.784,0.7311,0.7315,1.00,3.20
2010.08.24 12:31:07.649,0.7311,0.73145,2.80,1.00
2010.08.24 12:31:07.833,0.73115,0.7316,4.80,3.30
2010.08.24 12:31:08.952,0.73115,0.73155,4.80,1.00
2010.08.24 12:31:09.291,0.73115,0.73155,4.90,1.00
2010.08.24 12:31:10.982,0.7312,0.73165,3.30,3.30
2010.08.24 12:31:11.994,0.7312,0.7316,2.50,1.00
2010.08.24 12:31:12.234,0.73115,0.7315,1.00,1.00
2010.08.24 12:31:12.453,0.73105,0.73145,1.00,4.00
2010.08.24 12:31:13.358,0.731,0.73145,3.20,4.00
2010.08.24 12:31:13.583,0.73075,0.73115,1.20,1.00
2010.08.24 12:31:14.522,0.73085,0.7312,1.00,4.80
2010.08.24 12:31:14.786,0.73115,0.73145,2.00,2.40
2010.08.24 12:31:15.681,0.73115,0.73145,1.60,2.40
2010.08.24 12:31:16.724,0.7311,0.7316,5.20,4.90
2010.08.24 12:31:17.071,0.73115,0.7316,1.00,5.70
2010.08.24 12:31:17.403,0.73115,0.7316,1.00,5.60
2010.08.24 12:31:18.171,0.73115,0.73155,1.00,1.00
2010.08.24 12:31:18.374,0.73115,0.73155,1.00,1.00
2010.08.24 12:31:19.270,0.7312,0.7316,2.40,1.00
2010.08.24 12:31:19.603,0.7311,0.73155,1.00,3.60
2010.08.24 12:31:21.002,0.7311,0.73155,1.00,4.10
2010.08.24 12:31:21.321,0.7311,0.73155,1.00,3.30
2010.08.24 12:31:21.631,0.7311,0.7315,1.00,1.00
2010.08.24 12:31:22.811,0.7311,0.73155,1.00,3.30
2010.08.24 12:31:23.568,0.73115,0.73155,1.00,3.30
2010.08.24 12:31:23.742,0.73125,0.73175,1.00,2.90
2010.08.24 12:31:24.684,0.7312,0.73165,2.40,1.00
2010.08.24 12:31:24.944,0.731,0.7315,3.70,2.40
2010.08.24 12:31:25.201,0.731,0.7315,1.00,4.00
2010.08.24 12:31:25.954,0.731,0.7315,1.00,5.60
2010.08.24 12:31:26.268,0.731,0.73145,1.00,3.20
2010.08.24 12:31:27.196,0.731,0.7315,1.00,4.00
2010.08.24 12:31:27.432,0.73105,0.7315,1.00,1.00
2010.08.24 12:31:28.321,0.7311,0.73155,2.40,3.30
2010.08.24 12:31:28.572,0.73105,0.7315,1.00,1.00
2010.08.24 12:31:29.529,0.73105,0.7315,1.00,1.00
2010.08.24 12:31:29.774,0.7312,0.73155,1.00,1.00
2010.08.24 12:31:30.721,0.7312,0.7316,1.00,1.00
2010.08.24 12:31:31.064,0.73115,0.7315,4.40,2.40
2010.08.24 12:31:32.022,0.73115,0.73145,1.00,1.00
2010.08.24 12:31:32.240,0.73105,0.7315,1.00,3.20
2010.08.24 12:31:32.956,0.73105,0.7315,1.00,2.40
2010.08.24 12:31:33.152,0.73105,0.73155,2.40,4.00
2010.08.24 12:31:33.492,0.73105,0.73155,3.30,4.10
2010.08.24 12:31:34.202,0.73105,0.73155,3.20,4.00
2010.08.24 12:31:34.422,0.73105,0.7315,4.00,1.00
2010.08.24 12:31:34.652,0.7311,0.7315,2.80,1.00
2010.08.24 12:31:35.422,0.7311,0.7315,1.00,3.20
2010.08.24 12:31:35.753,0.73115,0.7316,1.00,4.00
2010.08.24 12:31:36.091,0.7311,0.73155,1.00,3.20
2010.08.24 12:31:37.004,0.7311,0.73145,1.00,2.40
2010.08.24 12:31:38.278,0.731,0.73145,2.40,1.00
2010.08.24 12:31:38.622,0.731,0.73145,2.40,1.00
2010.08.24 12:31:39.641,0.731,0.73145,2.50,1.00
2010.08.24 12:31:39.840,0.731,0.73145,2.40,1.00
2010.08.24 12:31:40.823,0.7309,0.73125,2.80,1.00
2010.08.24 12:31:41.162,0.73075,0.7312,1.00,1.00
2010.08.24 12:31:42.068,0.73075,0.73125,3.70,2.40
2010.08.24 12:31:42.303,0.73085,0.73125,2.40,1.00
2010.08.24 12:31:43.251,0.73095,0.7314,1.00,2.50
2010.08.24 12:31:43.539,0.731,0.7314,2.40,1.00
2010.08.24 12:31:44.540,0.731,0.73145,1.60,1.00
2010.08.24 12:31:44.884,0.73105,0.73145,2.40,1.00
2010.08.24 12:31:45.222,0.73095,0.73145,3.30,1.00
2010.08.24 12:31:46.266,0.731,0.7315,3.20,1.00
2010.08.24 12:31:46.584,0.73105,0.73155,1.00,2.50
2010.08.24 12:31:47.346,0.7311,0.73155,3.20,1.00
2010.08.24 12:31:47.918,0.7311,0.73155,3.60,1.00
2010.08.24 12:31:48.256,0.73115,0.7316,2.40,1.00
2010.08.24 12:31:48.595,0.7312,0.73165,4.90,4.90
2010.08.24 12:31:49.532,0.73125,0.73165,1.00,4.80
2010.08.24 12:31:49.995,0.7312,0.7316,4.90,1.00
2010.08.24 12:31:50.846,0.7311,0.73145,1.00,1.60
2010.08.24 12:31:50.973,0.7311,0.73145,1.00,2.40
2010.08.24 12:31:51.834,0.73115,0.7315,1.60,1.00
2010.08.24 12:31:52.172,0.73125,0.73155,2.40,1.00
2010.08.24 12:31:53.243,0.73105,0.73145,1.00,1.00
2010.08.24 12:31:53.491,0.731,0.7314,1.00,2.40
2010.08.24 12:31:54.345,0.73105,0.7314,1.00,2.40
2010.08.24 12:31:54.600,0.73105,0.7315,3.30,1.00
2010.08.24 12:31:54.922,0.73105,0.7315,3.20,1.00
2010.08.24 12:31:56.082,0.73105,0.73155,3.30,4.10
2010.08.24 12:31:56.410,0.7311,0.73155,1.00,4.00
2010.08.24 12:31:57.740,0.7311,0.73155,1.00,4.00
2010.08.24 12:31:58.523,0.7311,0.73155,1.00,4.10
2010.08.24 12:32:05.821,0.73105,0.73155,2.50,3.30
2010.08.24 12:32:05.991,0.73105,0.73145,2.50,1.00
2010.08.24 12:32:06.765,0.73105,0.73145,3.30,1.00
2010.08.24 12:32:06.985,0.7311,0.7315,1.00,1.00
2010.08.24 12:32:07.916,0.7311,0.7315,4.00,1.00
2010.08.24 12:32:08.254,0.73105,0.7315,1.00,2.40
2010.08.24 12:32:08.592,0.73105,0.7315,1.00,2.40
2010.08.24 12:32:09.552,0.73105,0.7315,1.00,3.20
2010.08.24 12:32:10.024,0.73105,0.7315,1.00,3.30
2010.08.24 12:32:11.086,0.7311,0.7315,1.00,1.70
2010.08.24 12:32:11.402,0.731,0.7315,3.30,4.10
2010.08.24 12:32:13.424,0.731,0.73145,3.30,1.00
2010.08.24 12:32:13.754,0.731,0.7315,3.30,4.10
2010.08.24 12:32:15.158,0.731,0.7315,3.20,4.10
2010.08.24 12:32:15.508,0.731,0.7314,3.20,1.00
2010.08.24 12:32:16.521,0.731,0.73135,1.00,1.00
2010.08.24 12:32:16.764,0.7309,0.7313,1.00,3.20
2010.08.24 12:32:17.782,0.73085,0.7313,1.00,3.20
2010.08.24 12:32:18.023,0.7309,0.7313,1.00,1.00
2010.08.24 12:32:18.302,0.7309,0.7313,1.00,3.20
2010.08.24 12:32:18.581,0.73085,0.7313,4.50,1.00
2010.08.24 12:32:19.505,0.7309,0.7313,1.00,3.20
2010.08.24 12:32:22.441,0.73085,0.7313,1.00,3.30
2010.08.24 12:32:25.162,0.73085,0.7313,1.00,3.20
2010.08.24 12:32:27.166,0.73085,0.7313,1.00,2.40
2010.08.24 12:32:28.143,0.73085,0.73125,1.00,2.40
2010.08.24 12:32:28.495,0.7309,0.7313,3.20,1.00
2010.08.24 12:32:29.444,0.7309,0.7313,2.40,1.00
2010.08.24 12:32:29.664,0.73085,0.73125,1.00,1.00
2010.08.24 12:32:30.004,0.73085,0.73125,1.00,1.00
2010.08.24 12:32:31.183,0.73085,0.73125,1.00,1.00
2010.08.24 12:32:33.802,0.73085,0.73125,1.00,2.40
2010.08.24 12:32:34.036,0.73085,0.73135,4.80,4.10
2010.08.24 12:32:34.935,0.7309,0.73135,1.00,2.40
2010.08.24 12:32:35.276,0.73095,0.7314,4.00,3.30
2010.08.24 12:32:36.184,0.73095,0.73135,2.40,1.60
2010.08.24 12:32:36.427,0.73095,0.73135,4.80,1.00
2010.08.24 12:32:36.674,0.73095,0.73135,2.40,3.20
2010.08.24 12:32:37.697,0.7309,0.73135,3.30,3.30
2010.08.24 12:32:37.974,0.7309,0.73135,3.20,3.30
2010.08.24 12:32:38.735,0.7309,0.7313,3.20,1.00
2010.08.24 12:32:39.019,0.7309,0.7313,3.20,1.00
2010.08.24 12:32:39.293,0.7309,0.73125,3.20,1.00
2010.08.24 12:32:39.992,0.7309,0.7313,3.20,1.00
2010.08.24 12:32:41.958,0.7309,0.7313,3.20,1.00
2010.08.24 12:32:42.176,0.7309,0.7313,3.20,1.00
2010.08.24 12:32:43.371,0.7309,0.73135,3.30,3.30
2010.08.24 12:32:43.612,0.73095,0.73135,1.00,3.20
2010.08.24 12:32:45.042,0.7309,0.73135,3.20,3.20
2010.08.24 12:32:47.899,0.73105,0.73145,1.00,1.00
2010.08.24 12:32:48.206,0.73105,0.7315,1.00,2.40
2010.08.24 12:32:48.504,0.73105,0.73145,1.00,2.40
2010.08.24 12:32:49.228,0.73105,0.73145,1.00,3.20
2010.08.24 12:32:49.508,0.73095,0.73135,1.00,4.00
2010.08.24 12:32:49.783,0.73095,0.7313,1.00,4.80
2010.08.24 12:32:50.752,0.73095,0.73135,1.00,3.20
2010.08.24 12:32:51.080,0.7309,0.73135,3.30,3.20
2010.08.24 12:32:51.411,0.73095,0.73135,1.00,3.20
2010.08.24 12:32:52.235,0.7309,0.73135,3.30,3.20
2010.08.24 12:32:52.559,0.7309,0.7313,3.20,1.00
2010.08.24 12:32:53.432,0.73095,0.73135,1.00,3.20
2010.08.24 12:32:53.572,0.7309,0.7313,1.00,4.80
2010.08.24 12:32:53.711,0.73085,0.73125,2.40,1.00
2010.08.24 12:32:54.040,0.73085,0.73125,1.00,1.00
2010.08.24 12:32:54.812,0.73085,0.73125,1.00,1.00
2010.08.24 12:32:55.142,0.7308,0.73125,1.00,3.20
2010.08.24 12:32:56.106,0.73085,0.73125,1.00,1.00
2010.08.24 12:32:57.652,0.73085,0.7313,1.00,4.10
2010.08.24 12:32:57.971,0.73085,0.73125,1.00,1.00
2010.08.24 12:32:59.274,0.73085,0.73125,1.00,3.20
2010.08.24 12:32:59.553,0.7308,0.73125,1.00,3.20
2010.08.24 12:33:00.294,0.7308,0.73125,1.00,2.40
2010.08.24 12:33:00.562,0.7308,0.73125,1.00,3.20
2010.08.24 12:33:00.901,0.7309,0.73125,1.00,1.00
2010.08.24 12:33:02.642,0.73085,0.73125,1.00,1.00
2010.08.24 12:33:03.672,0.7308,0.73125,1.00,1.00
2010.08.24 12:33:03.914,0.7308,0.73125,1.00,3.20
2010.08.24 12:33:06.300,0.7308,0.73125,1.00,3.30
2010.08.24 12:33:06.416,0.7309,0.73125,1.00,1.00
2010.08.24 12:33:07.332,0.73085,0.73125,1.00,1.00
2010.08.24 12:33:07.504,0.7309,0.73125,1.00,1.00
2010.08.24 12:33:08.717,0.7309,0.73125,1.00,1.00
2010.08.24 12:33:10.342,0.73085,0.7313,3.30,1.60
2010.08.24 12:33:10.622,0.73095,0.7314,2.40,4.90
2010.08.24 12:33:10.901,0.73095,0.73135,2.40,1.00
2010.08.24 12:33:11.942,0.73085,0.7314,4.10,4.90
2010.08.24 12:33:12.711,0.73085,0.7314,4.10,6.50
2010.08.24 12:33:13.015,0.7309,0.73135,3.20,3.20
2010.08.24 12:33:13.294,0.73095,0.7314,4.80,1.00
2010.08.24 12:33:14.112,0.731,0.7314,1.00,1.00
2010.08.24 12:33:14.435,0.731,0.7314,1.00,1.00
2010.08.24 12:33:15.387,0.731,0.7313,3.20,1.60
2010.08.24 12:33:15.714,0.731,0.73145,1.00,2.40
2010.08.24 12:33:16.983,0.731,0.73145,1.00,2.40
2010.08.24 12:33:17.213,0.731,0.73145,1.00,2.50
2010.08.24 12:33:18.766,0.731,0.7315,4.10,2.40
2010.08.24 12:33:19.002,0.731,0.7315,4.10,2.50
2010.08.24 12:33:19.742,0.7311,0.7315,1.00,2.40
2010.08.24 12:33:20.005,0.73105,0.7315,2.40,1.00
2010.08.24 12:33:20.732,0.73105,0.7315,3.20,1.00
2010.08.24 12:33:20.997,0.7311,0.73155,4.80,1.00
2010.08.24 12:33:22.505,0.73115,0.73155,3.20,1.00
2010.08.24 12:33:22.815,0.73115,0.7316,4.00,2.50
2010.08.24 12:33:23.042,0.73115,0.7316,3.20,1.70
2010.08.24 12:33:23.784,0.73115,0.7316,4.00,1.70
2010.08.24 12:33:24.033,0.7312,0.73165,4.00,1.00
2010.08.24 12:33:24.284,0.7312,0.7317,4.40,4.90
2010.08.24 12:33:24.533,0.73125,0.7317,3.20,1.00
2010.08.24 12:33:24.782,0.73125,0.7317,3.20,1.00
2010.08.24 12:33:25.832,0.7312,0.7317,5.30,4.80
2010.08.24 12:33:27.067,0.73125,0.7317,1.60,4.80
2010.08.24 12:33:27.294,0.73125,0.73165,1.60,3.20
2010.08.24 12:33:28.241,0.73125,0.73165,1.70,3.20
2010.08.24 12:33:28.924,0.73125,0.73165,1.60,3.20
2010.08.24 12:33:29.687,0.7313,0.73165,1.00,3.20
2010.08.24 12:33:29.923,0.73125,0.73165,1.70,3.20
2010.08.24 12:33:30.162,0.73125,0.73165,1.60,3.20
2010.08.24 12:33:31.232,0.7314,0.73165,1.00,1.00
2010.08.24 12:33:31.552,0.7314,0.73175,1.60,1.00
2010.08.24 12:33:31.871,0.73135,0.7317,1.00,1.00
2010.08.24 12:33:32.774,0.73135,0.73175,2.80,1.00
2010.08.24 12:33:32.991,0.73145,0.73175,1.00,1.00
2010.08.24 12:33:34.004,0.73145,0.73185,2.00,1.00
2010.08.24 12:33:34.281,0.7315,0.73185,1.00,1.00
2010.08.24 12:33:35.090,0.7315,0.7319,1.20,2.50
2010.08.24 12:33:35.440,0.7315,0.73185,1.00,2.40
2010.08.24 12:33:36.499,0.7315,0.73185,1.00,2.50
2010.08.24 12:33:36.726,0.7315,0.73185,1.00,2.40
2010.08.24 12:33:38.355,0.73155,0.73185,1.00,3.20
2010.08.24 12:33:38.694,0.7315,0.73185,1.00,2.50
2010.08.24 12:33:39.895,0.7315,0.73185,1.00,2.40
2010.08.24 12:33:41.142,0.7315,0.73185,1.00,2.40
2010.08.24 12:33:41.558,0.7315,0.73185,1.00,2.40
2010.08.24 12:33:43.523,0.73155,0.7319,1.00,1.00
2010.08.24 12:33:44.882,0.73155,0.7319,1.00,3.30
2010.08.24 12:33:45.131,0.73155,0.7319,1.00,2.50
2010.08.24 12:33:45.631,0.73155,0.7319,1.00,2.40
2010.08.24 12:33:46.714,0.73155,0.7319,1.00,1.00
2010.08.24 12:33:47.636,0.73175,0.732,2.40,1.60
2010.08.24 12:33:47.714,0.73185,0.732,1.00,1.60
2010.08.24 12:33:48.778,0.73175,0.7321,1.00,1.00
2010.08.24 12:33:49.121,0.73175,0.7321,1.00,1.00
2010.08.24 12:33:49.482,0.73175,0.73205,1.00,1.00
2010.08.24 12:33:50.632,0.73175,0.7321,1.00,1.00
2010.08.24 12:33:52.709,0.73165,0.7319,1.00,2.40
2010.08.24 12:33:52.767,0.73155,0.7319,1.00,2.40
2010.08.24 12:33:53.534,0.73155,0.7319,1.00,3.20
2010.08.24 12:33:53.598,0.73155,0.7319,1.00,1.00
2010.08.24 12:33:54.002,0.73155,0.7319,1.00,1.00
2010.08.24 12:33:55.073,0.73155,0.73195,1.00,4.10
2010.08.24 12:33:55.272,0.73155,0.7319,1.00,1.00
2010.08.24 12:33:56.145,0.73155,0.73185,1.00,2.40
2010.08.24 12:33:56.344,0.7315,0.7318,1.00,2.40
2010.08.24 12:33:58.973,0.7315,0.73185,1.20,2.40
2010.08.24 12:33:59.242,0.7316,0.73195,1.00,2.40
2010.08.24 12:33:59.511,0.7316,0.73195,1.00,1.00
2010.08.24 12:34:00.521,0.73165,0.73195,1.00,1.00
2010.08.24 12:34:00.821,0.73165,0.732,1.00,2.50
2010.08.24 12:34:01.868,0.73165,0.73195,1.00,1.00
2010.08.24 12:34:05.983,0.73165,0.732,1.00,2.50
2010.08.24 12:34:06.790,0.7317,0.73195,1.00,1.00
2010.08.24 12:34:07.133,0.7317,0.7319,1.00,1.00
2010.08.24 12:34:08.452,0.7317,0.73195,1.00,1.00
2010.08.24 12:34:08.640,0.7317,0.73195,1.00,1.00
2010.08.24 12:34:15.737,0.73165,0.7319,1.00,2.40
2010.08.24 12:34:16.422,0.73165,0.73195,1.00,2.50
2010.08.24 12:34:17.472,0.73165,0.73195,1.00,2.40
2010.08.24 12:34:17.792,0.73165,0.7319,1.00,2.40
2010.08.24 12:34:19.295,0.73165,0.7319,1.00,1.00
2010.08.24 12:34:21.153,0.73165,0.73195,1.00,2.40
2010.08.24 12:34:24.983,0.7317,0.732,1.00,2.40
2010.08.24 12:34:26.266,0.7318,0.73205,1.00,1.00
2010.08.24 12:34:26.605,0.7318,0.732,1.00,2.40
2010.08.24 12:34:26.941,0.7317,0.732,1.00,2.40
2010.08.24 12:34:28.172,0.7317,0.732,1.00,1.00
2010.08.24 12:34:29.084,0.7317,0.732,1.00,1.00
2010.08.24 12:34:36.521,0.7317,0.732,1.00,3.30
2010.08.24 12:34:37.471,0.73165,0.732,1.00,3.30
2010.08.24 12:34:39.158,0.73165,0.73195,1.00,1.00
2010.08.24 12:34:42.407,0.73165,0.73195,1.00,2.50
2010.08.24 12:34:42.425,0.73165,0.73195,1.00,2.40
2010.08.24 12:34:42.447,0.73165,0.73195,1.00,3.20
2010.08.24 12:34:42.482,0.73165,0.73195,1.00,3.20
2010.08.24 12:34:42.658,0.73165,0.73195,1.00,3.30
2010.08.24 12:34:44.413,0.73165,0.73185,1.00,1.00
2010.08.24 12:34:44.681,0.73155,0.73185,1.00,1.00
2010.08.24 12:34:45.671,0.73155,0.73185,1.00,1.00
2010.08.24 12:34:45.811,0.73155,0.73185,1.00,1.00
2010.08.24 12:34:46.012,0.73155,0.7319,1.00,2.40
2010.08.24 12:34:46.081,0.73155,0.73195,1.00,3.20
2010.08.24 12:34:46.877,0.73155,0.73195,1.00,3.20
2010.08.24 12:34:46.953,0.7316,0.73185,1.00,1.00
2010.08.24 12:34:48.687,0.7316,0.7319,1.00,1.00
2010.08.24 12:34:49.111,0.7316,0.7319,1.00,1.00
2010.08.24 12:34:49.321,0.7316,0.7319,1.00,1.00
2010.08.24 12:34:50.261,0.7316,0.7319,1.00,3.20
2010.08.24 12:34:50.473,0.7316,0.73185,1.00,1.00
2010.08.24 12:34:57.172,0.7316,0.73185,1.00,3.20
2010.08.24 12:34:58.592,0.7316,0.73185,1.00,1.00
2010.08.24 12:35:00.942,0.73165,0.73195,1.00,3.30
2010.08.24 12:35:01.241,0.73165,0.73195,1.00,3.20
2010.08.24 12:35:02.347,0.73165,0.73195,1.00,3.30
2010.08.24 12:35:02.443,0.73165,0.73195,1.00,3.20
2010.08.24 12:35:03.083,0.73165,0.73195,1.00,3.20
2010.08.24 12:35:10.476,0.73165,0.73195,1.00,3.20
2010.08.24 12:35:11.670,0.7316,0.73195,1.00,3.20
2010.08.24 12:35:11.971,0.7316,0.73195,1.00,3.20
2010.08.24 12:35:13.961,0.7316,0.73195,1.00,3.20
2010.08.24 12:35:14.683,0.7316,0.73195,1.00,3.20
2010.08.24 12:35:14.982,0.73165,0.73195,1.00,2.40
2010.08.24 12:35:16.585,0.73165,0.732,2.00,2.50
2010.08.24 12:35:18.023,0.73165,0.732,1.00,2.40
2010.08.24 12:35:18.235,0.73165,0.73205,2.00,4.10
2010.08.24 12:35:18.990,0.7317,0.73205,1.00,2.50
2010.08.24 12:35:19.263,0.7317,0.732,1.00,2.50
2010.08.24 12:35:20.224,0.7317,0.73205,1.00,2.50
2010.08.24 12:35:20.582,0.7317,0.732,1.00,1.00
2010.08.24 12:35:20.922,0.7317,0.732,1.00,2.40
2010.08.24 12:35:21.656,0.7317,0.73195,1.00,2.40
2010.08.24 12:35:21.951,0.7317,0.732,1.00,2.50
2010.08.24 12:35:22.252,0.7317,0.732,1.00,2.40
2010.08.24 12:35:23.301,0.7317,0.732,1.00,2.50
2010.08.24 12:35:23.512,0.7317,0.732,1.00,2.40
2010.08.24 12:35:24.052,0.7317,0.73195,1.00,2.40
2010.08.24 12:35:26.258,0.73175,0.73195,1.00,2.40
2010.08.24 12:35:31.497,0.7316,0.73195,1.00,2.40
2010.08.24 12:35:32.347,0.7316,0.73195,1.00,2.40
2010.08.24 12:35:34.862,0.7316,0.73195,1.00,2.40
2010.08.24 12:35:34.962,0.7316,0.732,1.00,2.40
2010.08.24 12:35:35.758,0.73165,0.732,2.80,2.40
2010.08.24 12:35:36.068,0.73165,0.73205,2.90,2.40
2010.08.24 12:35:36.717,0.7317,0.73205,1.00,2.40
2010.08.24 12:35:37.012,0.73165,0.73205,2.90,2.50
2010.08.24 12:35:40.825,0.7317,0.73205,1.00,2.40
2010.08.24 12:35:42.015,0.73165,0.73205,2.00,1.00
2010.08.24 12:35:42.182,0.73165,0.73205,2.90,2.50
2010.08.24 12:35:42.353,0.73165,0.73205,2.10,1.00
2010.08.24 12:35:42.522,0.7317,0.73205,1.00,1.00
2010.08.24 12:35:43.463,0.73165,0.73205,1.00,1.00
2010.08.24 12:35:43.712,0.7317,0.73205,1.00,1.00
2010.08.24 12:35:44.557,0.73165,0.73205,1.00,1.00
2010.08.24 12:35:44.803,0.73165,0.732,1.00,1.00
2010.08.24 12:35:45.141,0.7316,0.732,1.00,3.20
2010.08.24 12:35:46.014,0.7316,0.732,3.70,1.00
2010.08.24 12:35:46.354,0.7316,0.732,3.60,1.00
2010.08.24 12:35:46.698,0.7316,0.732,3.70,1.00
2010.08.24 12:35:47.705,0.73165,0.732,1.60,1.00
2010.08.24 12:35:48.013,0.7317,0.73205,1.00,1.00
2010.08.24 12:35:49.864,0.73165,0.73205,1.60,1.00
2010.08.24 12:35:52.656,0.73165,0.732,1.60,1.00
2010.08.24 12:35:54.154,0.73165,0.73205,1.70,1.00
2010.08.24 12:35:55.438,0.73165,0.73205,1.70,1.00
2010.08.24 12:35:55.663,0.73165,0.73205,1.70,2.50
2010.08.24 12:35:56.102,0.73165,0.73205,1.60,2.40
2010.08.24 12:35:56.321,0.7316,0.732,2.50,2.40
2010.08.24 12:35:57.306,0.73165,0.732,1.00,2.40
2010.08.24 12:35:57.576,0.7316,0.732,2.10,2.50
2010.08.24 12:35:58.540,0.73165,0.73205,1.60,2.50
2010.08.24 12:35:58.854,0.73165,0.732,1.00,2.40
2010.08.24 12:36:00.543,0.7316,0.732,2.10,2.50
2010.08.24 12:36:02.053,0.7316,0.73205,5.30,4.10
2010.08.24 12:36:02.322,0.73165,0.732,1.60,1.00
2010.08.24 12:36:03.373,0.73165,0.73205,1.70,2.50
2010.08.24 12:36:03.872,0.7316,0.73205,4.50,5.70
2010.08.24 12:36:04.600,0.7316,0.732,2.10,2.40
2010.08.24 12:36:04.902,0.7316,0.732,2.10,2.50
2010.08.24 12:36:08.173,0.73165,0.73205,1.60,2.50
2010.08.24 12:36:09.454,0.73165,0.73205,1.70,2.50
2010.08.24 12:36:10.783,0.7316,0.732,1.00,4.90
2010.08.24 12:36:11.121,0.7316,0.73195,1.00,2.40
2010.08.24 12:36:12.762,0.7316,0.73195,1.00,2.50
2010.08.24 12:36:13.042,0.7316,0.7319,1.00,1.00
2010.08.24 12:36:13.817,0.7316,0.7319,1.00,2.50
2010.08.24 12:36:14.053,0.7316,0.7319,1.00,2.40
2010.08.24 12:36:14.272,0.7316,0.73195,1.00,2.40
2010.08.24 12:36:15.137,0.7316,0.7319,1.00,1.00
2010.08.24 12:36:15.403,0.7315,0.7319,1.00,2.50
2010.08.24 12:36:15.672,0.73155,0.73185,1.00,2.40
2010.08.24 12:36:16.713,0.7315,0.7319,2.00,2.50
2010.08.24 12:36:17.051,0.73155,0.7319,1.00,2.40
2010.08.24 12:36:17.788,0.7315,0.7319,2.00,2.50
2010.08.24 12:36:18.103,0.7315,0.7319,1.00,2.50
2010.08.24 12:36:18.652,0.7315,0.73185,1.00,1.00
2010.08.24 12:36:20.671,0.7315,0.7319,1.00,2.50
2010.08.24 12:36:21.456,0.7315,0.7319,1.00,2.50
2010.08.24 12:36:22.394,0.7315,0.73185,2.00,1.00
2010.08.24 12:36:24.044,0.7315,0.7319,2.10,2.50
2010.08.24 12:36:24.441,0.7315,0.7319,2.10,1.00
2010.08.24 12:36:25.781,0.73155,0.7319,1.00,1.00
2010.08.24 12:36:26.682,0.7315,0.73195,2.10,2.50
2010.08.24 12:36:27.023,0.7315,0.7319,2.10,2.50
2010.08.24 12:36:27.363,0.7315,0.73185,1.00,2.40
2010.08.24 12:36:28.424,0.73155,0.73185,1.00,2.40
2010.08.24 12:36:29.775,0.73145,0.73185,1.00,3.20
2010.08.24 12:36:31.223,0.73145,0.73185,1.00,3.20
2010.08.24 12:36:31.521,0.73135,0.7318,2.90,2.50
2010.08.24 12:36:32.305,0.73135,0.7317,2.50,1.00
2010.08.24 12:36:32.633,0.73135,0.7317,1.00,4.80
2010.08.24 12:36:34.043,0.7313,0.7317,1.00,4.80
2010.08.24 12:36:34.347,0.7313,0.7317,1.00,4.80
2010.08.24 12:36:35.263,0.7313,0.7317,1.00,4.90
2010.08.24 12:36:35.513,0.7314,0.7317,1.00,4.80
2010.08.24 12:36:35.802,0.7314,0.7317,1.00,4.80
2010.08.24 12:36:36.245,0.73135,0.7317,1.00,4.80
2010.08.24 12:36:37.031,0.7313,0.7317,1.00,4.90
2010.08.24 12:36:39.131,0.73135,0.7317,1.00,4.80
2010.08.24 12:36:39.631,0.73135,0.7317,1.00,2.40
2010.08.24 12:36:40.864,0.73135,0.7317,1.00,1.60
2010.08.24 12:36:41.187,0.73135,0.73165,1.00,4.80
2010.08.24 12:36:42.612,0.7313,0.73165,1.00,4.80
2010.08.24 12:36:42.824,0.7313,0.73165,1.00,2.40
2010.08.24 12:36:43.578,0.7313,0.73165,1.00,1.00
2010.08.24 12:36:43.843,0.73135,0.73165,1.00,1.00
2010.08.24 12:36:44.112,0.73135,0.73175,3.20,1.00
2010.08.24 12:36:45.102,0.7314,0.73175,1.00,1.00
2010.08.24 12:36:45.352,0.7314,0.73175,1.00,1.00
2010.08.24 12:36:45.601,0.73135,0.73175,3.30,1.00
2010.08.24 12:36:46.694,0.7314,0.73175,1.00,1.00
2010.08.24 12:36:47.021,0.7314,0.73175,1.00,2.40
2010.08.24 12:36:47.788,0.7314,0.7318,1.00,2.50
2010.08.24 12:36:48.099,0.7314,0.7318,1.00,3.20
2010.08.24 12:36:48.402,0.7314,0.7318,1.00,2.40
2010.08.24 12:36:49.128,0.73135,0.7318,2.50,2.50
2010.08.24 12:36:49.472,0.7314,0.7318,1.00,2.40
2010.08.24 12:36:50.516,0.7314,0.7318,1.00,2.50
2010.08.24 12:36:51.173,0.7314,0.7318,1.00,2.40
2010.08.24 12:36:52.546,0.7314,0.7318,1.00,2.40
2010.08.24 12:36:53.832,0.7314,0.7318,1.00,2.40
2010.08.24 12:36:54.082,0.7314,0.7318,1.00,2.50
2010.08.24 12:36:54.332,0.7314,0.7318,1.00,1.00
2010.08.24 12:36:55.272,0.7314,0.7318,1.30,1.00
2010.08.24 12:36:56.390,0.7314,0.7318,1.30,1.00
2010.08.24 12:36:57.077,0.73145,0.7318,1.00,1.00
2010.08.24 12:36:58.494,0.7314,0.7318,1.30,1.00
2010.08.24 12:36:58.662,0.7314,0.7318,3.70,1.00
2010.08.24 12:36:59.470,0.7314,0.7318,2.90,1.00
2010.08.24 12:36:59.694,0.7314,0.7318,3.70,1.00
2010.08.24 12:36:59.912,0.73145,0.73185,1.70,3.30
2010.08.24 12:37:00.131,0.73145,0.73185,1.00,3.30
2010.08.24 12:37:00.900,0.73145,0.73185,1.70,3.30
2010.08.24 12:37:04.781,0.7315,0.73185,1.00,3.20
2010.08.24 12:37:05.600,0.7315,0.7319,4.80,1.00
2010.08.24 12:37:05.705,0.7315,0.7319,4.80,1.00
2010.08.24 12:37:10.512,0.7315,0.7319,5.60,1.00
2010.08.24 12:37:14.932,0.7315,0.7319,4.90,1.00
2010.08.24 12:37:15.915,0.7316,0.73195,1.60,1.00
2010.08.24 12:37:16.806,0.7315,0.73195,5.30,3.30
2010.08.24 12:37:17.093,0.7315,0.7319,1.00,2.40
2010.08.24 12:37:17.422,0.7315,0.73195,1.00,3.30
2010.08.24 12:37:18.505,0.7315,0.73195,4.90,1.00
2010.08.24 12:37:18.811,0.7315,0.73195,5.30,1.00
2010.08.24 12:37:19.121,0.7315,0.73195,5.20,1.00
2010.08.24 12:37:20.132,0.73155,0.732,1.00,3.20
2010.08.24 12:37:20.487,0.73155,0.732,1.00,3.30
2010.08.24 12:37:21.468,0.73155,0.73195,1.00,2.40
2010.08.24 12:37:21.773,0.73155,0.73195,1.00,2.40
2010.08.24 12:37:23.167,0.7315,0.732,5.70,3.30
2010.08.24 12:37:23.360,0.73155,0.732,1.00,3.30
2010.08.24 12:37:24.290,0.73155,0.73195,1.00,1.00
2010.08.24 12:37:24.624,0.73155,0.732,1.00,3.30
2010.08.24 12:37:24.951,0.73155,0.732,1.00,3.20
2010.08.24 12:37:25.935,0.7315,0.73195,5.70,1.00
2010.08.24 12:37:26.585,0.73155,0.732,1.00,3.30
2010.08.24 12:37:26.922,0.7316,0.732,1.00,3.20
2010.08.24 12:37:27.682,0.7316,0.732,1.00,2.40
2010.08.24 12:37:27.923,0.7316,0.73205,1.00,2.50
2010.08.24 12:37:28.226,0.7316,0.732,1.00,1.00
2010.08.24 12:37:29.081,0.7316,0.732,1.00,2.50
2010.08.24 12:37:29.263,0.7316,0.732,1.00,2.40
2010.08.24 12:37:30.802,0.7316,0.73205,3.30,2.50
2010.08.24 12:37:31.033,0.7316,0.732,2.50,1.60
2010.08.24 12:37:31.272,0.73155,0.7319,1.60,2.40
2010.08.24 12:37:32.242,0.73155,0.73195,1.00,3.20
2010.08.24 12:37:32.799,0.73155,0.73195,1.00,2.40
2010.08.24 12:37:33.081,0.73155,0.73195,1.70,2.50
2010.08.24 12:37:34.164,0.7315,0.7319,1.60,2.40
2010.08.24 12:37:34.272,0.7315,0.7319,1.70,2.50
2010.08.24 12:37:35.563,0.7315,0.73185,1.60,1.00
2010.08.24 12:37:37.255,0.7315,0.73185,1.60,1.00
2010.08.24 12:37:38.452,0.7315,0.73185,1.60,3.30
2010.08.24 12:37:38.751,0.7315,0.73185,1.60,2.50
2010.08.24 12:37:39.351,0.7315,0.73185,1.60,2.40
2010.08.24 12:37:39.766,0.7315,0.73185,1.60,2.50
2010.08.24 12:37:40.801,0.73145,0.7318,1.00,2.40
2010.08.24 12:37:42.174,0.73145,0.73175,1.00,2.40
2010.08.24 12:37:42.375,0.73135,0.7317,1.00,2.40
2010.08.24 12:37:42.583,0.73135,0.73175,2.40,2.40
2010.08.24 12:37:43.504,0.7314,0.7318,1.00,2.40
2010.08.24 12:37:43.773,0.73135,0.73175,1.00,2.40
2010.08.24 12:37:44.574,0.73135,0.73175,1.00,2.50
2010.08.24 12:37:44.926,0.73135,0.7317,1.60,3.20
2010.08.24 12:37:46.592,0.73135,0.7317,1.60,3.30
2010.08.24 12:37:50.129,0.73135,0.7317,1.60,3.20
2010.08.24 12:37:50.957,0.73135,0.7317,1.60,3.30
2010.08.24 12:37:51.077,0.73135,0.7317,1.60,3.20
2010.08.24 12:37:52.391,0.73135,0.7317,1.60,3.30
2010.08.24 12:37:53.994,0.7313,0.7316,1.00,1.00
2010.08.24 12:37:54.601,0.73125,0.7316,1.70,1.00
2010.08.24 12:37:55.583,0.7313,0.7316,1.00,2.40
2010.08.24 12:37:55.881,0.7313,0.7317,1.00,2.40
2010.08.24 12:37:56.879,0.73135,0.7317,1.00,2.40
2010.08.24 12:37:57.172,0.7314,0.7318,1.00,2.50
2010.08.24 12:37:57.482,0.7315,0.7318,1.00,2.40
2010.08.24 12:38:02.075,0.7315,0.73185,2.00,3.20
2010.08.24 12:38:03.152,0.73135,0.7317,1.00,3.20
2010.08.24 12:38:03.411,0.7314,0.7317,1.00,3.20
2010.08.24 12:38:06.262,0.7314,0.73175,1.60,3.20
2010.08.24 12:38:06.542,0.7314,0.73175,1.70,3.20
2010.08.24 12:38:06.825,0.73145,0.73185,1.00,2.40
2010.08.24 12:38:07.725,0.73165,0.73205,1.00,4.10
2010.08.24 12:38:07.941,0.73165,0.73205,1.00,4.00
2010.08.24 12:38:08.658,0.7317,0.73205,1.00,4.00
2010.08.24 12:38:08.993,0.73165,0.73205,1.00,2.50
2010.08.24 12:38:09.671,0.73165,0.732,1.00,1.00
2010.08.24 12:38:10.694,0.73175,0.73215,3.20,1.00
2010.08.24 12:38:10.912,0.73165,0.7321,4.10,3.20
2010.08.24 12:38:11.903,0.7318,0.7321,1.00,3.20
2010.08.24 12:38:12.163,0.7318,0.7322,4.00,1.00
2010.08.24 12:38:14.702,0.7318,0.7322,4.10,1.00
2010.08.24 12:38:14.882,0.7318,0.7322,1.00,3.30
2010.08.24 12:38:16.382,0.73185,0.73225,1.00,3.20
2010.08.24 12:38:16.711,0.7318,0.7322,1.00,3.20
2010.08.24 12:38:18.085,0.73175,0.73215,1.30,3.20
2010.08.24 12:38:18.242,0.7318,0.73215,1.00,3.20
2010.08.24 12:38:18.314,0.7318,0.7321,1.00,1.00
2010.08.24 12:38:19.107,0.7318,0.7321,1.00,3.20
2010.08.24 12:38:19.383,0.73185,0.73225,2.40,3.20
2010.08.24 12:38:19.684,0.73185,0.73225,2.50,3.20
2010.08.24 12:38:20.679,0.73185,0.73225,1.70,3.20
2010.08.24 12:38:20.954,0.73195,0.73225,1.00,3.20
2010.08.24 12:38:22.393,0.732,0.73235,1.00,3.20
2010.08.24 12:38:23.213,0.732,0.7323,1.00,2.40
2010.08.24 12:38:23.553,0.73195,0.7323,1.00,3.20
2010.08.24 12:38:23.892,0.732,0.73235,1.00,3.20
2010.08.24 12:38:24.831,0.73205,0.73235,1.00,3.20
2010.08.24 12:38:26.533,0.7321,0.73245,1.00,2.40
2010.08.24 12:38:26.872,0.7321,0.7325,2.00,1.00
2010.08.24 12:38:27.661,0.73215,0.7325,1.00,1.00
2010.08.24 12:38:27.885,0.73215,0.7325,1.00,3.30
2010.08.24 12:38:28.103,0.73215,0.7325,1.00,3.20
2010.08.24 12:38:28.323,0.73215,0.73255,1.00,3.30
2010.08.24 12:38:30.506,0.73215,0.73255,1.00,3.30
2010.08.24 12:38:30.692,0.7321,0.73255,3.30,2.50
2010.08.24 12:38:30.961,0.73215,0.73255,1.00,2.50
2010.08.24 12:38:33.263,0.73215,0.73255,1.00,2.50
2010.08.24 12:38:34.213,0.7321,0.7325,1.00,2.40
2010.08.24 12:38:35.852,0.7321,0.7325,1.00,2.50
2010.08.24 12:38:36.973,0.7321,0.73255,2.40,1.00
2010.08.24 12:38:37.317,0.73205,0.73245,2.10,2.40
2010.08.24 12:38:38.636,0.7321,0.73245,1.00,2.40
2010.08.24 12:38:39.014,0.73205,0.73245,2.00,2.40
2010.08.24 12:38:39.312,0.7321,0.73245,1.00,2.40
2010.08.24 12:38:41.403,0.73205,0.7324,2.10,2.40
2010.08.24 12:38:42.146,0.73205,0.7324,1.70,2.40
2010.08.24 12:38:42.417,0.73205,0.7324,1.60,2.40
2010.08.24 12:38:42.573,0.73205,0.7324,1.60,2.50
2010.08.24 12:38:43.339,0.73205,0.7324,1.60,1.00
2010.08.24 12:38:43.685,0.7321,0.7325,1.60,2.50
2010.08.24 12:38:44.022,0.7321,0.73245,1.60,1.00
2010.08.24 12:38:45.074,0.7321,0.73245,1.60,1.00
2010.08.24 12:38:45.762,0.73205,0.73245,1.60,2.50
2010.08.24 12:38:46.807,0.73205,0.73245,1.70,2.40
2010.08.24 12:38:47.986,0.73205,0.73245,1.60,2.50
2010.08.24 12:38:48.215,0.73205,0.73245,1.70,2.50
2010.08.24 12:38:48.447,0.7321,0.73245,1.00,2.40
2010.08.24 12:38:49.252,0.7321,0.73245,1.00,2.40
2010.08.24 12:38:50.905,0.73205,0.73245,1.70,2.40
2010.08.24 12:38:52.064,0.73205,0.73245,1.70,2.50
2010.08.24 12:38:52.352,0.73205,0.73245,1.60,2.40
2010.08.24 12:38:55.093,0.7321,0.7325,1.00,4.90
2010.08.24 12:38:55.432,0.73205,0.7325,1.70,4.90
2010.08.24 12:38:56.507,0.73205,0.73245,1.60,1.00
2010.08.24 12:38:59.481,0.7321,0.73245,1.60,1.00
2010.08.24 12:38:59.843,0.73205,0.7325,1.00,2.50
2010.08.24 12:39:00.767,0.7321,0.7325,1.00,2.50
2010.08.24 12:39:00.873,0.73205,0.73245,1.00,1.00
2010.08.24 12:39:03.053,0.732,0.73245,5.70,1.00
2010.08.24 12:39:04.861,0.73205,0.73245,1.00,1.00
2010.08.24 12:39:05.751,0.732,0.7324,5.60,1.00
2010.08.24 12:39:06.108,0.732,0.7324,5.70,1.00
2010.08.24 12:39:07.302,0.732,0.7324,1.60,2.40
2010.08.24 12:39:07.506,0.7319,0.73235,1.70,2.40
2010.08.24 12:39:07.702,0.73195,0.73235,1.00,2.40
2010.08.24 12:39:08.839,0.73195,0.73235,1.00,2.40
2010.08.24 12:39:09.104,0.7319,0.7323,1.70,1.00
2010.08.24 12:39:10.019,0.7319,0.7323,4.90,1.00
2010.08.24 12:39:10.306,0.7319,0.73225,1.00,2.40
2010.08.24 12:39:11.252,0.7319,0.7323,1.00,2.40
2010.08.24 12:39:11.596,0.73185,0.7323,1.00,3.20
2010.08.24 12:39:12.622,0.73185,0.7323,1.00,3.30
2010.08.24 12:39:12.892,0.73185,0.73225,1.00,2.40
2010.08.24 12:39:13.385,0.73185,0.7323,1.00,2.50
2010.08.24 12:39:14.159,0.73185,0.7323,1.00,3.30
2010.08.24 12:39:14.443,0.73185,0.7323,1.00,3.20
2010.08.24 12:39:15.574,0.73185,0.73225,1.00,1.00
2010.08.24 12:39:16.302,0.7319,0.7323,1.00,3.20
2010.08.24 12:39:16.356,0.73185,0.73225,1.00,1.00
2010.08.24 12:39:16.472,0.7319,0.7323,1.00,3.20
2010.08.24 12:39:16.529,0.73185,0.7323,1.00,3.20
2010.08.24 12:39:17.317,0.73185,0.7323,1.70,3.20
2010.08.24 12:39:17.613,0.73185,0.7323,5.60,3.20
2010.08.24 12:39:17.912,0.7319,0.7323,1.00,3.30
2010.08.24 12:39:19.357,0.73195,0.7323,1.00,3.20
2010.08.24 12:39:20.546,0.7318,0.73225,3.70,2.40
2010.08.24 12:39:20.884,0.7318,0.73215,1.00,2.40
2010.08.24 12:39:21.977,0.73185,0.7322,1.00,3.20
2010.08.24 12:39:22.312,0.7318,0.7322,1.00,3.20
2010.08.24 12:39:22.651,0.7318,0.73215,1.00,2.40
2010.08.24 12:39:23.752,0.73175,0.73215,1.00,2.40
2010.08.24 12:39:23.863,0.73175,0.7321,1.00,3.20
2010.08.24 12:39:29.479,0.7318,0.7321,1.00,1.00
2010.08.24 12:39:29.575,0.73185,0.73225,1.00,2.40
2010.08.24 12:39:29.920,0.7318,0.73225,5.70,1.00
2010.08.24 12:39:30.861,0.73185,0.7323,1.00,2.50
2010.08.24 12:39:31.118,0.7318,0.73225,5.70,1.00
2010.08.24 12:39:31.361,0.7318,0.73225,5.70,2.50
2010.08.24 12:39:32.101,0.73185,0.73225,1.00,2.40
2010.08.24 12:39:32.412,0.73185,0.7323,1.00,2.50
2010.08.24 12:39:33.315,0.73185,0.7323,1.00,2.40
2010.08.24 12:39:33.547,0.73185,0.73225,1.00,2.40
2010.08.24 12:39:34.732,0.73185,0.73225,1.00,2.40
2010.08.24 12:39:35.023,0.73185,0.73225,1.70,3.20
2010.08.24 12:39:35.322,0.73185,0.73225,1.60,3.30
2010.08.24 12:39:36.391,0.73185,0.7322,1.60,3.20
2010.08.24 12:39:36.734,0.7318,0.7322,1.60,3.20
2010.08.24 12:39:37.763,0.7317,0.73215,3.30,2.40
2010.08.24 12:39:37.993,0.7317,0.7321,1.00,2.40
2010.08.24 12:39:39.343,0.73175,0.7321,1.00,2.40
2010.08.24 12:39:40.126,0.73175,0.73205,1.00,1.00
2010.08.24 12:39:40.350,0.73175,0.73205,1.00,3.20
2010.08.24 12:39:41.655,0.7317,0.73205,1.00,3.20
2010.08.24 12:39:47.136,0.73165,0.732,1.70,3.20
2010.08.24 12:39:50.481,0.73165,0.732,1.60,3.20
2010.08.24 12:39:51.934,0.73165,0.73205,1.60,2.40
2010.08.24 12:39:52.842,0.73165,0.73205,1.60,3.20
2010.08.24 12:39:53.162,0.7316,0.73195,1.00,3.20
2010.08.24 12:39:53.361,0.7316,0.73195,1.00,4.80
2010.08.24 12:39:54.512,0.7316,0.732,1.00,3.20
2010.08.24 12:39:54.884,0.73165,0.732,1.00,3.20
2010.08.24 12:39:56.405,0.7316,0.732,1.00,3.20
2010.08.24 12:39:56.742,0.7316,0.73195,1.00,4.00
2010.08.24 12:39:57.646,0.7316,0.73195,1.00,4.80
2010.08.24 12:39:58.889,0.7316,0.73195,1.00,3.20
2010.08.24 12:40:01.603,0.73155,0.73195,1.70,3.30
2010.08.24 12:40:01.942,0.73155,0.73195,1.70,3.20
2010.08.24 12:40:03.082,0.7316,0.73195,1.00,3.20
2010.08.24 12:40:05.362,0.7316,0.73195,1.00,1.00
2010.08.24 12:40:06.143,0.73155,0.73195,4.10,1.00
2010.08.24 12:40:06.483,0.73155,0.73195,4.00,1.00
2010.08.24 12:40:07.500,0.73155,0.73195,4.00,1.00
2010.08.24 12:40:07.682,0.73155,0.73195,4.10,1.00
2010.08.24 12:40:10.075,0.7316,0.73195,2.40,1.00
2010.08.24 12:40:10.384,0.73155,0.7319,1.00,1.00
2010.08.24 12:40:10.694,0.73165,0.73195,1.60,3.20
2010.08.24 12:40:11.003,0.7316,0.7319,1.00,1.00
2010.08.24 12:40:12.302,0.73155,0.7319,1.70,1.00
2010.08.24 12:40:13.731,0.7316,0.7319,1.00,1.00
2010.08.24 12:40:14.019,0.73155,0.7319,1.70,1.00
2010.08.24 12:40:16.532,0.73155,0.73185,1.00,1.00
2010.08.24 12:40:17.812,0.73145,0.73185,2.50,1.00
2010.08.24 12:40:18.133,0.73155,0.7319,1.60,1.00
2010.08.24 12:40:18.452,0.7315,0.7319,4.10,1.00
2010.08.24 12:40:19.553,0.73155,0.7319,1.00,1.00
2010.08.24 12:40:19.883,0.73155,0.7319,1.00,1.00
2010.08.24 12:40:20.874,0.7316,0.73195,1.70,1.00
2010.08.24 12:40:22.159,0.73165,0.73195,1.00,1.00
2010.08.24 12:40:22.463,0.7316,0.73195,1.70,1.00
2010.08.24 12:40:25.252,0.73165,0.73195,1.00,1.00
2010.08.24 12:40:25.421,0.7316,0.73195,1.70,1.00
2010.08.24 12:40:27.202,0.73165,0.73195,1.60,1.00
2010.08.24 12:40:27.554,0.7317,0.73205,1.60,1.00
2010.08.24 12:40:28.593,0.7317,0.7321,2.50,1.00
2010.08.24 12:40:28.721,0.7317,0.73205,2.40,1.00
2010.08.24 12:40:30.125,0.7317,0.7321,2.50,1.00
2010.08.24 12:40:32.540,0.7317,0.7321,2.40,1.00
2010.08.24 12:40:32.869,0.7317,0.7321,2.40,1.00
2010.08.24 12:40:33.183,0.7317,0.7321,2.40,2.50
2010.08.24 12:40:33.510,0.7317,0.7321,2.50,2.40
2010.08.24 12:40:34.230,0.7317,0.7321,2.50,3.20
2010.08.24 12:40:34.574,0.7317,0.7321,2.50,1.00
2010.08.24 12:40:35.953,0.7317,0.7321,2.50,2.50
2010.08.24 12:40:37.135,0.7317,0.7321,1.00,2.50
2010.08.24 12:40:38.376,0.7317,0.7321,1.00,4.00
2010.08.24 12:40:38.602,0.7317,0.7321,1.00,4.00
2010.08.24 12:40:39.773,0.7317,0.73205,1.00,4.00
2010.08.24 12:40:41.261,0.73165,0.7321,4.90,2.40
2010.08.24 12:40:41.591,0.73165,0.732,1.00,1.60
2010.08.24 12:40:42.325,0.73165,0.732,1.00,4.00
2010.08.24 12:40:42.635,0.7315,0.73195,4.80,4.80
2010.08.24 12:40:43.672,0.7315,0.73195,4.80,4.80
2010.08.24 12:40:43.915,0.7315,0.73195,4.90,4.80
2010.08.24 12:40:45.264,0.73155,0.732,1.60,2.50
2010.08.24 12:40:45.443,0.73155,0.732,1.70,2.50
2010.08.24 12:40:46.423,0.7316,0.732,1.00,1.00
2010.08.24 12:40:47.101,0.7316,0.732,1.00,1.00
2010.08.24 12:40:48.017,0.7316,0.732,1.00,1.00
2010.08.24 12:40:48.315,0.73155,0.732,4.10,2.50
2010.08.24 12:40:48.431,0.7316,0.732,1.00,2.40
2010.08.24 12:40:48.576,0.73155,0.732,4.00,2.40
2010.08.24 12:40:49.572,0.73155,0.732,4.10,2.50
2010.08.24 12:40:49.772,0.7316,0.732,1.00,2.40
2010.08.24 12:40:51.125,0.73165,0.73205,3.20,1.60
2010.08.24 12:40:52.021,0.7317,0.73205,1.00,1.60
2010.08.24 12:40:52.370,0.73175,0.73215,5.60,1.00
2010.08.24 12:40:54.332,0.73165,0.73215,3.30,2.50
2010.08.24 12:40:55.582,0.73165,0.73215,3.30,2.40
2010.08.24 12:40:55.922,0.7317,0.73215,3.30,2.40
2010.08.24 12:40:57.356,0.73175,0.73215,1.00,2.40
2010.08.24 12:40:58.270,0.7317,0.7322,3.60,1.00
2010.08.24 12:40:58.475,0.73175,0.7322,2.40,1.00
2010.08.24 12:40:58.692,0.73175,0.73225,2.50,4.10
2010.08.24 12:40:59.428,0.73175,0.73225,3.30,3.30
2010.08.24 12:40:59.634,0.73175,0.7322,3.30,1.00
2010.08.24 12:41:00.884,0.73175,0.7322,3.20,1.00
2010.08.24 12:41:01.102,0.73175,0.73225,3.30,1.00
2010.08.24 12:41:02.044,0.73175,0.73215,4.00,1.00
2010.08.24 12:41:02.383,0.7317,0.73215,4.80,1.00
2010.08.24 12:41:03.245,0.7317,0.73215,1.00,1.00
2010.08.24 12:41:03.483,0.7317,0.73215,1.00,1.00
2010.08.24 12:41:03.722,0.7317,0.73215,1.00,1.00
2010.08.24 12:41:04.672,0.7317,0.73215,3.30,1.00
2010.08.24 12:41:04.905,0.7317,0.73215,4.90,1.00
2010.08.24 12:41:08.218,0.73175,0.73215,2.40,1.00
2010.08.24 12:41:08.283,0.7318,0.73225,1.00,4.10
2010.08.24 12:41:09.088,0.7318,0.73225,2.50,4.10
2010.08.24 12:41:09.424,0.73185,0.73225,1.00,4.10
2010.08.24 12:41:10.924,0.7318,0.7322,2.50,1.00
2010.08.24 12:41:11.167,0.7318,0.7322,2.40,1.00
2010.08.24 12:41:11.855,0.7318,0.7322,2.50,1.00
2010.08.24 12:41:13.063,0.7318,0.73225,2.40,4.00
2010.08.24 12:41:13.282,0.7318,0.7322,2.50,1.00
2010.08.24 12:41:13.462,0.73175,0.7322,2.50,2.50
2010.08.24 12:41:14.413,0.73185,0.7323,2.40,2.50
2010.08.24 12:41:16.022,0.73185,0.7323,2.50,2.50
2010.08.24 12:41:17.142,0.7319,0.7323,1.00,2.40
2010.08.24 12:41:17.442,0.7319,0.7323,1.00,2.40
2010.08.24 12:41:18.408,0.7319,0.7323,2.50,1.00
2010.08.24 12:41:18.613,0.7319,0.7323,2.40,1.00
2010.08.24 12:41:19.740,0.7319,0.7323,3.20,1.00
2010.08.24 12:41:19.956,0.7319,0.7323,3.30,1.00
2010.08.24 12:41:22.656,0.7319,0.73235,3.20,3.20
2010.08.24 12:41:22.798,0.7319,0.73235,3.30,3.30
2010.08.24 12:41:22.905,0.7319,0.73235,3.30,4.10
2010.08.24 12:41:23.649,0.7319,0.7323,2.40,1.00
2010.08.24 12:41:23.723,0.73185,0.73225,1.00,3.20
2010.08.24 12:41:24.002,0.73185,0.73225,1.00,3.20
2010.08.24 12:41:24.925,0.73185,0.73225,2.40,1.00
2010.08.24 12:41:25.204,0.73185,0.7323,3.30,2.40
2010.08.24 12:41:25.422,0.7319,0.73235,3.20,3.30
2010.08.24 12:41:26.471,0.73195,0.73235,1.00,3.20
2010.08.24 12:41:26.812,0.732,0.73235,1.00,1.00
2010.08.24 12:41:27.152,0.73195,0.73235,2.50,3.20
2010.08.24 12:41:28.095,0.73195,0.7324,3.20,4.90
2010.08.24 12:41:28.337,0.73195,0.7324,3.20,5.70
2010.08.24 12:41:29.344,0.73195,0.73235,3.30,1.00
2010.08.24 12:41:29.643,0.73195,0.73235,1.00,1.00
2010.08.24 12:41:31.160,0.73195,0.73235,1.00,2.40
2010.08.24 12:41:31.363,0.7319,0.7323,1.00,1.00
2010.08.24 12:41:33.855,0.7319,0.73235,1.00,2.50
2010.08.24 12:41:34.323,0.7319,0.7323,1.00,1.00
2010.08.24 12:41:35.287,0.7319,0.7323,1.00,1.00
2010.08.24 12:41:35.533,0.7319,0.7323,1.00,1.00
2010.08.24 12:41:37.955,0.7319,0.73235,1.00,2.50
2010.08.24 12:41:42.000,0.7319,0.7323,1.00,1.00
2010.08.24 12:41:42.287,0.73195,0.73235,1.00,2.40
2010.08.24 12:41:43.026,0.73195,0.73235,1.00,1.00
2010.08.24 12:41:43.085,0.7319,0.73235,1.00,3.30
2010.08.24 12:41:43.374,0.7319,0.73235,1.00,3.30
2010.08.24 12:41:43.672,0.7319,0.7323,1.00,4.00
2010.08.24 12:41:44.398,0.7319,0.73225,1.00,1.00
2010.08.24 12:41:45.828,0.73195,0.73225,1.00,1.00
2010.08.24 12:41:46.083,0.7319,0.73225,1.00,1.00
2010.08.24 12:41:46.346,0.73195,0.73225,1.00,1.00
2010.08.24 12:41:49.452,0.73185,0.73225,1.00,1.00
2010.08.24 12:41:50.694,0.73185,0.73215,1.00,1.00
2010.08.24 12:41:51.033,0.7318,0.73215,1.00,1.00
2010.08.24 12:41:53.644,0.7318,0.73215,1.00,1.60
2010.08.24 12:41:53.896,0.7318,0.7321,1.00,1.00
2010.08.24 12:41:54.143,0.73185,0.7321,1.00,1.00
2010.08.24 12:41:55.099,0.73185,0.7321,1.00,1.00
2010.08.24 12:41:55.403,0.7318,0.73215,1.00,2.40
2010.08.24 12:41:55.687,0.73175,0.7322,2.40,3.20
2010.08.24 12:41:56.662,0.7318,0.73225,4.00,1.00
2010.08.24 12:41:57.024,0.7318,0.73225,4.10,1.00
2010.08.24 12:41:58.283,0.73185,0.73225,1.00,1.00
2010.08.24 12:42:01.133,0.7318,0.73225,4.10,1.00
2010.08.24 12:42:02.319,0.73185,0.73225,1.00,1.00
2010.08.24 12:42:02.618,0.7318,0.7322,4.10,1.00
2010.08.24 12:42:02.916,0.7318,0.7322,1.00,1.00
2010.08.24 12:42:04.893,0.73175,0.7322,3.30,2.50
2010.08.24 12:42:05.621,0.73175,0.7322,3.30,4.10
2010.08.24 12:42:05.913,0.73185,0.7322,1.00,4.80
2010.08.24 12:42:06.202,0.7318,0.7322,1.00,4.80
2010.08.24 12:42:07.165,0.7318,0.73225,1.00,4.00
2010.08.24 12:42:08.669,0.73185,0.73225,1.00,3.20
2010.08.24 12:42:09.112,0.73185,0.73225,1.00,4.00
2010.08.24 12:42:09.875,0.7318,0.73225,1.00,4.00
2010.08.24 12:42:16.312,0.73175,0.73225,3.30,3.30
2010.08.24 12:42:17.073,0.73175,0.7322,2.70,4.80
2010.08.24 12:42:17.413,0.7318,0.73225,1.00,4.00
2010.08.24 12:42:17.752,0.7318,0.73225,1.00,4.10
2010.08.24 12:42:18.745,0.73185,0.73225,1.00,4.00
2010.08.24 12:42:20.000,0.73185,0.73225,1.00,4.10
2010.08.24 12:42:21.031,0.73185,0.73225,1.00,3.30
2010.08.24 12:42:21.898,0.7318,0.7322,2.70,2.50
2010.08.24 12:42:24.768,0.7318,0.7322,2.70,1.60
2010.08.24 12:42:25.105,0.73185,0.73225,1.00,3.20
2010.08.24 12:42:26.021,0.7319,0.73225,1.00,3.20
2010.08.24 12:42:26.363,0.73185,0.73225,1.00,3.30
2010.08.24 12:42:27.085,0.73185,0.73225,1.00,3.20
2010.08.24 12:42:27.887,0.73185,0.73225,1.00,3.20
2010.08.24 12:42:28.225,0.73185,0.73225,1.00,1.00
2010.08.24 12:42:28.385,0.7319,0.73225,1.00,1.00
2010.08.24 12:42:31.504,0.73185,0.73225,1.00,1.00
2010.08.24 12:42:36.033,0.73185,0.7323,1.00,5.70
2010.08.24 12:42:36.335,0.7319,0.7323,1.00,5.60
2010.08.24 12:42:36.613,0.73185,0.7323,2.90,5.70
2010.08.24 12:42:41.973,0.73185,0.7323,2.90,3.30
2010.08.24 12:42:42.165,0.73185,0.7323,2.90,1.00
2010.08.24 12:42:43.010,0.73195,0.7323,1.00,1.00
2010.08.24 12:42:43.194,0.73195,0.7324,1.00,5.60
2010.08.24 12:42:43.446,0.73195,0.73235,1.00,1.00
2010.08.24 12:42:43.664,0.73195,0.7324,1.00,4.80
2010.08.24 12:42:44.624,0.73205,0.73235,2.40,1.00
2010.08.24 12:42:45.478,0.73205,0.73225,2.40,1.00
2010.08.24 12:42:45.746,0.73185,0.73225,1.00,1.60
2010.08.24 12:42:47.653,0.7319,0.73225,1.00,1.60
2010.08.24 12:42:48.438,0.73185,0.73225,1.00,1.60
2010.08.24 12:42:48.684,0.7319,0.73225,1.00,1.60
2010.08.24 12:42:50.734,0.73195,0.7324,1.00,2.50
2010.08.24 12:42:51.199,0.73195,0.7324,1.00,2.40
2010.08.24 12:42:51.426,0.73195,0.73235,1.00,1.60
2010.08.24 12:42:52.335,0.7319,0.73235,3.30,4.80
2010.08.24 12:42:52.523,0.732,0.7324,1.00,1.60
2010.08.24 12:42:53.497,0.73215,0.73255,1.00,1.00
2010.08.24 12:42:53.732,0.73215,0.7325,3.20,1.00
2010.08.24 12:42:53.972,0.73215,0.7325,1.00,1.00
2010.08.24 12:42:54.728,0.73215,0.73255,1.00,1.00
2010.08.24 12:42:56.263,0.73215,0.7326,1.00,1.70
2010.08.24 12:42:56.635,0.73215,0.7326,1.00,1.60
2010.08.24 12:42:59.568,0.73215,0.73255,1.00,1.00
2010.08.24 12:43:00.375,0.73215,0.73255,1.00,1.00
2010.08.24 12:43:00.664,0.73215,0.7326,1.00,1.60
2010.08.24 12:43:00.894,0.73215,0.7326,1.00,1.70
2010.08.24 12:43:01.664,0.73215,0.7326,1.00,1.00
2010.08.24 12:43:01.915,0.73215,0.73255,2.40,3.20
2010.08.24 12:43:02.836,0.7321,0.7325,2.50,1.00
2010.08.24 12:43:03.168,0.73205,0.7325,2.70,1.60
2010.08.24 12:43:03.833,0.73205,0.7325,2.70,1.70
2010.08.24 12:43:04.588,0.73205,0.7325,2.70,1.60
2010.08.24 12:43:04.898,0.73205,0.7325,1.00,1.70
2010.08.24 12:43:06.256,0.73205,0.7325,1.00,1.60
2010.08.24 12:43:06.543,0.73205,0.73245,1.00,1.00
2010.08.24 12:43:06.834,0.73205,0.7325,4.00,1.00
2010.08.24 12:43:07.582,0.73205,0.7325,4.80,1.00
2010.08.24 12:43:07.876,0.73215,0.73255,1.00,1.00
2010.08.24 12:43:08.822,0.73215,0.7326,1.00,1.00
2010.08.24 12:43:09.033,0.73215,0.73255,1.00,1.00
2010.08.24 12:43:09.252,0.73215,0.73255,1.00,1.00
2010.08.24 12:43:10.312,0.73215,0.73255,1.00,1.00
2010.08.24 12:43:11.062,0.73215,0.73255,1.00,1.00
2010.08.24 12:43:12.398,0.73215,0.73255,1.00,1.00
2010.08.24 12:43:15.135,0.73215,0.73255,1.00,1.00
2010.08.24 12:43:15.196,0.73215,0.73255,1.00,1.00
2010.08.24 12:43:16.610,0.73215,0.73255,1.00,1.00
2010.08.24 12:43:16.834,0.73215,0.7326,1.00,1.60
2010.08.24 12:43:18.706,0.73215,0.7326,1.00,1.70
2010.08.24 12:43:18.963,0.73215,0.7326,1.00,1.00
2010.08.24 12:43:19.992,0.73215,0.7326,1.00,1.00
2010.08.24 12:43:23.046,0.73215,0.7326,1.00,3.20
2010.08.24 12:43:23.355,0.73215,0.73255,1.00,1.00
2010.08.24 12:43:23.665,0.7322,0.7326,1.00,1.00
2010.08.24 12:43:24.398,0.7322,0.7326,2.80,1.00
2010.08.24 12:43:24.644,0.73225,0.7326,1.00,1.00
2010.08.24 12:43:26.603,0.73225,0.73255,1.00,1.00
2010.08.24 12:43:26.775,0.73225,0.73255,1.00,1.00
2010.08.24 12:43:27.654,0.7322,0.7326,4.40,1.00
2010.08.24 12:43:27.972,0.7322,0.73255,4.80,1.00
2010.08.24 12:43:29.082,0.7322,0.73255,3.20,1.00
2010.08.24 12:43:29.425,0.7322,0.7326,3.30,1.70
2010.08.24 12:43:30.292,0.7322,0.7326,3.20,1.60
2010.08.24 12:43:30.632,0.7322,0.7326,3.30,1.70
2010.08.24 12:43:32.619,0.7322,0.7326,3.30,1.60
2010.08.24 12:43:33.796,0.7322,0.7326,3.30,1.70
2010.08.24 12:43:34.039,0.73225,0.7326,1.00,1.60
2010.08.24 12:43:35.495,0.7322,0.7326,3.20,1.60
2010.08.24 12:43:35.714,0.73225,0.7326,1.00,1.60
2010.08.24 12:43:36.682,0.7322,0.7326,3.20,1.60
2010.08.24 12:43:41.578,0.7322,0.7326,1.00,1.60
2010.08.24 12:43:41.913,0.73225,0.7326,1.00,2.40
2010.08.24 12:43:42.253,0.7322,0.7326,1.00,2.40
2010.08.24 12:43:42.745,0.73225,0.7326,1.00,2.40
2010.08.24 12:43:43.776,0.73225,0.73265,1.00,4.80
2010.08.24 12:43:43.944,0.73225,0.73265,3.20,2.40
2010.08.24 12:43:44.758,0.73225,0.73265,4.40,1.00
2010.08.24 12:43:44.923,0.7323,0.7327,1.00,1.00
2010.08.24 12:43:45.171,0.7323,0.7327,1.00,2.50
2010.08.24 12:43:46.224,0.73225,0.73265,1.00,2.40
2010.08.24 12:43:46.452,0.73225,0.7327,2.10,2.50
2010.08.24 12:43:47.187,0.73225,0.7327,2.10,3.30
2010.08.24 12:43:47.413,0.73225,0.73265,1.00,2.50
2010.08.24 12:43:49.513,0.73225,0.73265,1.00,4.10
2010.08.24 12:43:50.511,0.73225,0.7326,2.00,1.00
2010.08.24 12:43:50.801,0.73225,0.73265,1.00,4.10
2010.08.24 12:43:51.770,0.73225,0.7326,1.00,1.00
2010.08.24 12:43:52.845,0.73225,0.73265,1.00,4.10
2010.08.24 12:43:55.564,0.7322,0.73255,1.00,2.40
2010.08.24 12:43:55.813,0.7321,0.7325,1.00,1.00
2010.08.24 12:43:56.293,0.7321,0.7325,1.00,1.00
2010.08.24 12:43:57.062,0.7321,0.7325,1.00,1.00
2010.08.24 12:43:57.192,0.73215,0.73255,1.00,2.50
2010.08.24 12:43:57.517,0.7321,0.7325,1.00,1.00
2010.08.24 12:43:59.563,0.7321,0.7325,1.00,4.90
2010.08.24 12:44:00.325,0.7321,0.73245,1.00,2.40
2010.08.24 12:44:00.387,0.7321,0.73245,1.00,2.40
2010.08.24 12:44:00.723,0.7321,0.7325,1.00,4.10
2010.08.24 12:44:01.753,0.7321,0.73245,1.00,1.00
2010.08.24 12:44:02.054,0.73205,0.7324,1.00,2.40
2010.08.24 12:44:03.411,0.732,0.7324,1.00,2.40
2010.08.24 12:44:03.855,0.73205,0.7324,1.00,2.40
2010.08.24 12:44:04.713,0.73205,0.7324,1.00,1.00
2010.08.24 12:44:04.904,0.73205,0.73245,1.00,3.20
2010.08.24 12:44:06.373,0.73205,0.73245,1.00,3.30
2010.08.24 12:44:06.677,0.732,0.73235,1.00,2.40
2010.08.24 12:44:07.694,0.73205,0.7323,1.00,1.00
2010.08.24 12:44:07.965,0.7319,0.73225,1.00,2.40
2010.08.24 12:44:08.877,0.7319,0.73225,1.00,2.40
2010.08.24 12:44:09.105,0.73195,0.73225,1.00,3.20
2010.08.24 12:44:09.333,0.732,0.73225,1.00,3.20
2010.08.24 12:44:10.523,0.7319,0.73225,1.00,3.20
2010.08.24 12:44:10.823,0.7319,0.7323,1.00,3.20
2010.08.24 12:44:11.132,0.73195,0.73235,1.00,2.40
2010.08.24 12:44:12.069,0.73195,0.73235,1.00,2.40
2010.08.24 12:44:12.413,0.73195,0.73235,1.00,2.50
2010.08.24 12:44:12.562,0.73195,0.73235,1.00,2.40
2010.08.24 12:44:12.712,0.73195,0.73235,1.00,2.50
2010.08.24 12:44:17.924,0.73195,0.73235,1.00,2.40
2010.08.24 12:44:18.144,0.73195,0.73235,1.00,3.20
2010.08.24 12:44:18.432,0.73195,0.7323,1.00,1.00
2010.08.24 12:44:19.404,0.73195,0.73235,1.00,6.40
2010.08.24 12:44:19.490,0.73195,0.73235,1.00,6.50
2010.08.24 12:44:20.295,0.73195,0.7323,1.00,2.40
2010.08.24 12:44:20.524,0.73195,0.7323,1.00,2.50
2010.08.24 12:44:21.484,0.73195,0.73225,1.00,2.40
2010.08.24 12:44:21.714,0.7319,0.7322,1.00,2.40
2010.08.24 12:44:23.023,0.7318,0.73225,5.30,4.80
2010.08.24 12:44:24.943,0.7319,0.7323,1.00,4.10
2010.08.24 12:44:26.085,0.73195,0.7323,1.00,1.60
2010.08.24 12:44:26.423,0.73195,0.7323,1.00,2.40
2010.08.24 12:44:27.253,0.73195,0.7323,1.00,2.40
2010.08.24 12:44:27.576,0.73195,0.73225,1.00,1.00
2010.08.24 12:44:30.642,0.7319,0.73225,1.00,1.00
2010.08.24 12:44:30.862,0.7319,0.7323,1.00,1.00
2010.08.24 12:44:32.165,0.7319,0.7323,1.00,1.00
2010.08.24 12:44:33.496,0.7319,0.7323,1.00,1.00
2010.08.24 12:44:33.858,0.73195,0.7323,1.00,1.00
2010.08.24 12:44:34.142,0.73195,0.7323,1.00,1.00
2010.08.24 12:44:35.032,0.73195,0.7323,1.00,2.40
2010.08.24 12:44:35.254,0.73195,0.7323,1.00,1.00
2010.08.24 12:44:37.441,0.73195,0.7323,1.00,2.40
2010.08.24 12:44:43.321,0.732,0.7323,1.00,2.40
2010.08.24 12:44:43.558,0.73195,0.7323,1.00,2.40
2010.08.24 12:44:45.204,0.73195,0.7323,1.00,1.60
2010.08.24 12:44:45.432,0.73195,0.73235,1.00,1.00
2010.08.24 12:44:46.332,0.73195,0.73235,1.00,1.00
2010.08.24 12:44:46.645,0.73195,0.73235,1.00,1.00
2010.08.24 12:44:47.478,0.73195,0.73235,1.00,1.00
2010.08.24 12:44:50.165,0.73195,0.73235,1.00,1.00
2010.08.24 12:44:51.123,0.7319,0.7323,2.00,1.00
2010.08.24 12:44:51.313,0.73195,0.7323,1.00,1.00
2010.08.24 12:44:51.502,0.73195,0.73235,1.00,4.80
2010.08.24 12:44:52.403,0.7319,0.7323,1.00,2.40
2010.08.24 12:44:52.723,0.73195,0.7323,4.10,1.00
2010.08.24 12:44:53.701,0.73195,0.73235,2.00,2.50
2010.08.24 12:44:53.963,0.73195,0.73235,1.00,4.00
2010.08.24 12:44:54.442,0.73195,0.73235,1.00,4.10
2010.08.24 12:44:55.417,0.732,0.73235,1.00,4.00
2010.08.24 12:44:55.683,0.732,0.73235,1.00,2.40
2010.08.24 12:44:55.952,0.73195,0.73235,2.10,2.40
2010.08.24 12:44:57.043,0.732,0.7324,1.00,4.10
2010.08.24 12:44:58.558,0.732,0.7324,1.00,4.00
2010.08.24 12:44:58.838,0.732,0.7324,1.00,4.00
2010.08.24 12:44:59.056,0.732,0.7324,1.00,4.10
2010.08.24 12:45:00.066,0.732,0.7324,1.00,2.40
2010.08.24 12:45:00.225,0.732,0.73245,3.70,1.00
2010.08.24 12:45:00.385,0.73205,0.7325,1.70,4.10
2010.08.24 12:45:01.244,0.7321,0.7324,1.00,1.00
2010.08.24 12:45:01.542,0.7321,0.7324,1.00,2.40
2010.08.24 12:45:03.167,0.7321,0.73235,1.00,1.00
2010.08.24 12:45:03.373,0.73205,0.7324,1.00,2.50
2010.08.24 12:45:03.572,0.73205,0.7324,1.00,1.00
2010.08.24 12:45:04.823,0.732,0.73235,1.00,1.00
2010.08.24 12:45:07.958,0.732,0.7323,1.00,1.00
2010.08.24 12:45:08.135,0.732,0.73235,1.00,1.00
2010.08.24 12:45:09.215,0.732,0.7323,1.00,1.00
2010.08.24 12:45:09.955,0.732,0.7323,1.00,1.00
2010.08.24 12:45:11.387,0.732,0.73235,1.00,1.00
2010.08.24 12:45:12.764,0.7319,0.73235,1.00,4.10
2010.08.24 12:45:12.963,0.7319,0.7323,1.00,1.00
2010.08.24 12:45:13.748,0.7319,0.73225,1.00,1.00
2010.08.24 12:45:13.984,0.7319,0.73225,1.00,1.00
2010.08.24 12:45:15.383,0.7319,0.73225,1.00,1.00
2010.08.24 12:45:16.903,0.73185,0.7322,4.00,1.30
2010.08.24 12:45:17.242,0.73175,0.7321,1.00,2.40
2010.08.24 12:45:18.322,0.73175,0.73215,1.00,4.10
2010.08.24 12:45:18.998,0.73175,0.7321,1.00,1.00
2010.08.24 12:45:20.235,0.73175,0.7321,1.00,1.00
2010.08.24 12:45:23.350,0.73175,0.7321,2.00,1.00
2010.08.24 12:45:23.697,0.73175,0.7321,1.00,1.00
2010.08.24 12:45:24.034,0.7317,0.7321,1.00,1.00
2010.08.24 12:45:24.858,0.7317,0.7321,1.00,2.50
2010.08.24 12:45:25.077,0.73175,0.7321,3.20,1.00
2010.08.24 12:45:25.292,0.73175,0.73215,3.20,1.00
2010.08.24 12:45:26.060,0.73175,0.7321,3.20,1.00
2010.08.24 12:45:26.368,0.73175,0.73215,2.40,1.00
2010.08.24 12:45:26.665,0.7317,0.73215,4.90,2.50
2010.08.24 12:45:27.383,0.7317,0.73215,4.90,1.00
2010.08.24 12:45:27.683,0.7317,0.73215,5.60,2.50
2010.08.24 12:45:28.581,0.7317,0.7321,3.20,2.40
2010.08.24 12:45:28.785,0.73165,0.7321,4.50,2.50
2010.08.24 12:45:29.886,0.7317,0.7321,2.40,1.00
2010.08.24 12:45:30.204,0.7317,0.73205,3.20,1.00
2010.08.24 12:45:30.522,0.7317,0.7321,3.20,1.00
2010.08.24 12:45:30.842,0.7317,0.7321,3.30,1.00
2010.08.24 12:45:32.113,0.7318,0.73215,1.00,1.00
2010.08.24 12:45:32.995,0.7318,0.73215,1.00,1.00
2010.08.24 12:45:33.145,0.7318,0.73215,1.00,1.00
2010.08.24 12:45:34.493,0.7318,0.7321,1.00,1.00
2010.08.24 12:45:34.752,0.73175,0.7321,4.80,1.00
2010.08.24 12:45:35.717,0.73175,0.7321,1.00,1.00
2010.08.24 12:45:36.883,0.73175,0.73205,1.00,1.00
2010.08.24 12:45:38.637,0.73175,0.7321,1.00,1.00
2010.08.24 12:45:43.852,0.73175,0.73215,3.60,1.70
2010.08.24 12:45:44.596,0.73175,0.73215,5.20,1.00
2010.08.24 12:45:44.935,0.73185,0.7322,1.00,1.00
2010.08.24 12:45:46.555,0.73185,0.7322,1.00,1.00
2010.08.24 12:45:50.083,0.7318,0.73215,5.60,1.00
2010.08.24 12:45:51.354,0.7318,0.7322,4.10,1.00
2010.08.24 12:45:51.864,0.7318,0.7322,3.30,1.00
2010.08.24 12:45:52.162,0.7318,0.7322,1.00,4.10
2010.08.24 12:45:53.242,0.7318,0.73215,1.00,1.00
2010.08.24 12:45:54.586,0.73185,0.73225,3.60,1.00
2010.08.24 12:45:54.813,0.73185,0.73225,1.00,2.50
2010.08.24 12:45:55.032,0.73185,0.73225,1.00,2.40
2010.08.24 12:45:55.765,0.73185,0.73225,1.00,2.50
2010.08.24 12:45:56.030,0.7318,0.73225,5.30,2.50
2010.08.24 12:45:57.907,0.73185,0.73225,1.00,2.50
2010.08.24 12:45:58.106,0.73185,0.73225,1.00,2.40
2010.08.24 12:45:59.145,0.73185,0.7322,1.00,1.00
2010.08.24 12:46:03.012,0.7318,0.7322,6.00,1.00
2010.08.24 12:46:07.534,0.7318,0.7322,5.20,1.00
2010.08.24 12:46:07.754,0.7318,0.7322,1.20,2.50
2010.08.24 12:46:08.671,0.73175,0.7321,2.80,1.00
2010.08.24 12:46:08.793,0.73165,0.73205,1.00,3.30
2010.08.24 12:46:09.025,0.73155,0.73205,2.90,2.50
2010.08.24 12:46:09.749,0.7316,0.73205,1.00,2.50
2010.08.24 12:46:10.002,0.73155,0.732,1.00,4.10
2010.08.24 12:46:10.238,0.7316,0.732,1.00,1.00
2010.08.24 12:46:11.383,0.73155,0.732,3.20,1.70
2010.08.24 12:46:12.313,0.7315,0.73195,5.60,1.00
2010.08.24 12:46:12.653,0.73155,0.73195,1.00,1.00
2010.08.24 12:46:12.992,0.73155,0.732,1.00,4.10
2010.08.24 12:46:13.731,0.73155,0.73195,1.00,1.00
2010.08.24 12:46:13.945,0.73155,0.73195,1.00,1.00
2010.08.24 12:46:17.220,0.7316,0.732,4.80,1.00
2010.08.24 12:46:17.295,0.7316,0.732,4.80,1.00
2010.08.24 12:46:17.379,0.7316,0.73195,4.80,1.00
2010.08.24 12:46:18.395,0.7316,0.73195,5.60,1.00
2010.08.24 12:46:18.723,0.7316,0.732,4.80,1.00
2010.08.24 12:46:19.786,0.7316,0.732,4.90,1.00
2010.08.24 12:46:20.013,0.7316,0.732,4.80,1.00
2010.08.24 12:46:21.083,0.7316,0.732,4.90,1.00
2010.08.24 12:46:22.895,0.7316,0.73205,4.90,1.70
2010.08.24 12:46:25.275,0.7316,0.732,4.80,1.00
2010.08.24 12:46:25.422,0.7316,0.732,1.60,1.00
2010.08.24 12:46:26.168,0.73155,0.732,3.30,1.00
2010.08.24 12:46:26.316,0.7315,0.73195,4.90,1.70
2010.08.24 12:46:27.284,0.7315,0.7319,4.90,1.00
2010.08.24 12:46:29.015,0.7315,0.7319,4.80,1.00
2010.08.24 12:46:29.868,0.7315,0.7319,4.90,1.00
2010.08.24 12:46:30.531,0.7315,0.7319,2.50,1.00
2010.08.24 12:46:31.255,0.7315,0.7319,2.40,1.00
2010.08.24 12:46:31.507,0.73155,0.73195,4.90,1.00
2010.08.24 12:46:31.753,0.73155,0.73195,4.80,1.00
2010.08.24 12:46:32.827,0.73155,0.732,5.70,4.90
2010.08.24 12:46:33.162,0.7316,0.732,3.20,1.00
2010.08.24 12:46:34.216,0.73165,0.732,4.80,1.00
2010.08.24 12:46:34.504,0.73165,0.73205,4.80,1.00
2010.08.24 12:46:35.475,0.73165,0.73205,4.80,1.00
2010.08.24 12:46:35.908,0.73165,0.732,4.80,1.00
2010.08.24 12:46:37.254,0.73165,0.73205,2.40,1.70
2010.08.24 12:46:37.533,0.73165,0.73205,3.20,1.00
2010.08.24 12:46:38.545,0.73165,0.73205,3.20,1.00
2010.08.24 12:46:38.824,0.73165,0.73205,3.30,1.00
2010.08.24 12:46:39.982,0.7317,0.7321,1.00,1.00
2010.08.24 12:46:40.807,0.7317,0.7321,1.00,1.00
2010.08.24 12:46:41.023,0.7317,0.7321,2.50,1.00
2010.08.24 12:46:41.352,0.7317,0.7321,2.70,1.00
2010.08.24 12:46:42.854,0.7317,0.7321,1.00,4.90
2010.08.24 12:46:43.192,0.7317,0.73205,1.00,1.00
2010.08.24 12:46:46.667,0.7317,0.7321,1.00,4.90
2010.08.24 12:46:47.743,0.7317,0.73205,1.00,1.00
2010.08.24 12:46:47.945,0.7317,0.73205,1.00,1.00
2010.08.24 12:46:49.137,0.73165,0.73205,3.30,1.00
2010.08.24 12:46:49.380,0.7316,0.73205,3.30,4.90
2010.08.24 12:46:49.614,0.73165,0.73205,3.30,1.00
2010.08.24 12:46:51.522,0.73165,0.73205,3.20,1.00
2010.08.24 12:46:51.672,0.73165,0.73205,3.20,1.00
2010.08.24 12:46:51.823,0.73165,0.73205,1.00,1.00
2010.08.24 12:46:52.649,0.73165,0.73205,1.00,1.00
2010.08.24 12:46:52.881,0.73165,0.73205,1.00,1.00
2010.08.24 12:46:53.281,0.73165,0.73205,1.00,1.00
2010.08.24 12:46:59.745,0.7316,0.73205,4.90,4.90
2010.08.24 12:47:00.196,0.7316,0.732,4.90,1.00
2010.08.24 12:47:00.382,0.7317,0.73205,1.00,4.10
2010.08.24 12:47:01.275,0.73165,0.73205,3.30,1.00
2010.08.24 12:47:04.228,0.73165,0.73205,3.20,1.00
2010.08.24 12:47:04.438,0.73165,0.73205,3.20,1.00
2010.08.24 12:47:05.567,0.73165,0.73205,3.20,1.00
2010.08.24 12:47:05.794,0.73165,0.73205,3.20,1.00
2010.08.24 12:47:06.124,0.73165,0.73205,3.30,1.00
2010.08.24 12:47:10.911,0.73165,0.73205,3.20,1.00
2010.08.24 12:47:21.724,0.73165,0.73205,3.30,1.00
2010.08.24 12:47:21.927,0.73165,0.73205,3.20,1.00
2010.08.24 12:47:23.035,0.7316,0.732,2.50,1.00
2010.08.24 12:47:23.373,0.7316,0.732,2.40,1.00
2010.08.24 12:47:23.714,0.7316,0.732,2.50,1.00
2010.08.24 12:47:24.438,0.7316,0.732,2.50,1.00
2010.08.24 12:47:24.695,0.7316,0.732,2.50,1.00
2010.08.24 12:47:25.077,0.7316,0.732,2.50,1.00
2010.08.24 12:47:26.383,0.7316,0.732,2.40,1.00
2010.08.24 12:47:26.482,0.7316,0.732,2.50,1.00
2010.08.24 12:47:26.602,0.7316,0.732,2.40,1.00
2010.08.24 12:47:26.704,0.7316,0.732,2.40,1.00
2010.08.24 12:47:26.803,0.7316,0.732,2.50,1.00
2010.08.24 12:47:27.595,0.7316,0.732,2.50,1.00
2010.08.24 12:47:28.247,0.7316,0.732,2.40,1.00
2010.08.24 12:47:29.277,0.7316,0.732,2.50,1.00
2010.08.24 12:47:33.852,0.73165,0.732,1.00,1.00
2010.08.24 12:47:33.895,0.7317,0.73205,1.60,1.00
2010.08.24 12:47:34.235,0.73175,0.73215,3.20,1.00
2010.08.24 12:47:35.594,0.73175,0.73215,3.30,1.00
2010.08.24 12:47:35.884,0.73175,0.73215,3.20,1.00
2010.08.24 12:47:36.884,0.73175,0.7322,3.20,4.90
2010.08.24 12:47:37.065,0.73175,0.7322,3.30,4.90
2010.08.24 12:47:38.013,0.73175,0.7322,3.20,4.00
2010.08.24 12:47:38.333,0.73175,0.73215,3.20,1.00
2010.08.24 12:47:39.696,0.73175,0.73215,3.20,1.00
2010.08.24 12:47:42.995,0.73175,0.73215,1.00,1.00
2010.08.24 12:47:43.193,0.7317,0.73215,1.00,1.00
2010.08.24 12:47:45.174,0.73175,0.7321,1.60,1.00
2010.08.24 12:47:45.293,0.73175,0.7321,2.40,1.00
2010.08.24 12:47:46.164,0.73165,0.73205,4.80,1.00
2010.08.24 12:47:46.502,0.73165,0.7321,4.80,1.00
2010.08.24 12:47:47.466,0.73165,0.73205,4.80,1.00
2010.08.24 12:47:47.795,0.73165,0.7321,4.90,1.00
2010.08.24 12:47:49.274,0.7316,0.7321,3.30,1.00
2010.08.24 12:47:49.586,0.73165,0.7321,1.00,1.00
2010.08.24 12:47:51.012,0.73165,0.7321,1.00,1.00
2010.08.24 12:47:51.576,0.73165,0.7321,1.00,1.00
2010.08.24 12:47:51.812,0.7317,0.7321,1.00,1.00
2010.08.24 12:47:52.834,0.73165,0.7321,1.00,1.00
2010.08.24 12:47:55.414,0.73165,0.73205,1.00,1.00
2010.08.24 12:47:56.842,0.73165,0.7321,1.00,1.00
2010.08.24 12:48:02.155,0.73165,0.7321,3.60,1.00
2010.08.24 12:48:02.334,0.73165,0.7321,1.20,1.00
2010.08.24 12:48:02.513,0.73165,0.7321,1.00,1.00
2010.08.24 12:48:03.726,0.7316,0.7321,3.30,1.00
2010.08.24 12:48:03.895,0.7316,0.7321,3.20,1.00
2010.08.24 12:48:04.072,0.73165,0.7321,1.00,1.00
2010.08.24 12:48:04.820,0.7316,0.73205,3.30,1.00
2010.08.24 12:48:05.190,0.7316,0.73205,3.20,1.00
2010.08.24 12:48:07.205,0.73165,0.7321,1.00,1.00
2010.08.24 12:48:09.274,0.7316,0.73205,3.20,1.00
2010.08.24 12:48:09.992,0.7316,0.73205,4.00,1.00
2010.08.24 12:48:10.118,0.7317,0.73205,1.00,1.00
2010.08.24 12:48:10.944,0.7317,0.7321,1.00,1.00
2010.08.24 12:48:11.104,0.7317,0.73205,1.00,1.00
2010.08.24 12:48:11.364,0.7317,0.73205,1.00,1.00
2010.08.24 12:48:13.394,0.7317,0.7321,1.00,3.20
2010.08.24 12:48:15.417,0.7317,0.73205,1.00,1.00
2010.08.24 12:48:15.602,0.7317,0.7321,1.00,2.40
2010.08.24 12:48:16.693,0.7317,0.7321,4.00,1.00
2010.08.24 12:48:18.781,0.7317,0.7321,4.10,1.00
2010.08.24 12:48:18.845,0.7317,0.7321,3.20,1.00
2010.08.24 12:48:18.905,0.7317,0.7321,3.60,1.00
2010.08.24 12:48:19.678,0.7317,0.7321,1.20,1.00
2010.08.24 12:48:19.738,0.73165,0.73205,1.20,2.50
2010.08.24 12:48:19.836,0.73165,0.73205,1.30,2.50
2010.08.24 12:48:22.753,0.73165,0.73205,1.30,1.00
2010.08.24 12:48:26.955,0.73165,0.73205,1.20,1.00
2010.08.24 12:48:29.072,0.73165,0.73205,1.30,1.00
2010.08.24 12:48:32.100,0.7317,0.73205,3.20,1.00
2010.08.24 12:48:32.397,0.7318,0.7322,2.40,1.00
2010.08.24 12:48:32.685,0.7318,0.7322,1.00,2.50
2010.08.24 12:48:34.143,0.7318,0.7322,1.00,4.00
2010.08.24 12:48:34.907,0.7318,0.7322,1.00,4.10
2010.08.24 12:48:35.184,0.7318,0.7322,1.00,2.50
2010.08.24 12:48:36.965,0.7319,0.7323,4.80,1.00
2010.08.24 12:48:37.303,0.732,0.73235,1.00,1.00
2010.08.24 12:48:38.375,0.73195,0.7324,4.90,2.40
2010.08.24 12:48:39.419,0.732,0.7324,1.00,2.50
2010.08.24 12:48:40.755,0.73205,0.7324,1.00,1.00
2010.08.24 12:48:40.965,0.73205,0.73245,1.00,4.90
2010.08.24 12:48:42.400,0.732,0.73235,1.00,1.00
2010.08.24 12:48:42.744,0.732,0.73235,1.00,1.00
2010.08.24 12:48:43.815,0.732,0.7324,1.00,1.00
2010.08.24 12:48:45.065,0.732,0.7324,1.00,2.50
2010.08.24 12:48:45.405,0.73205,0.73235,1.00,1.00
2010.08.24 12:48:46.294,0.732,0.7323,1.00,1.00
2010.08.24 12:48:46.514,0.7319,0.73235,3.20,2.50
2010.08.24 12:48:46.734,0.7319,0.7323,3.20,1.00
2010.08.24 12:48:48.036,0.73185,0.7323,4.10,2.50
2010.08.24 12:48:48.374,0.7319,0.7323,2.40,1.00
2010.08.24 12:48:49.455,0.7319,0.73235,2.40,2.50
2010.08.24 12:48:49.652,0.7319,0.73235,2.40,3.30
2010.08.24 12:48:50.763,0.7319,0.7323,2.40,1.00
2010.08.24 12:48:55.029,0.7319,0.7323,2.50,1.00
2010.08.24 12:48:55.106,0.7319,0.73235,2.70,2.50
2010.08.24 12:48:55.889,0.73195,0.73235,1.00,2.40
2010.08.24 12:48:56.120,0.732,0.73245,3.20,1.00
2010.08.24 12:48:57.050,0.73205,0.73245,3.20,1.00
2010.08.24 12:48:57.396,0.732,0.73245,3.20,1.00
2010.08.24 12:48:57.946,0.73205,0.73245,1.00,1.00
2010.08.24 12:48:58.283,0.732,0.73245,3.30,1.00
2010.08.24 12:48:59.307,0.732,0.73245,4.10,1.00
2010.08.24 12:48:59.355,0.732,0.73245,4.00,1.00
2010.08.24 12:49:01.542,0.732,0.73245,3.20,1.00
2010.08.24 12:49:02.652,0.732,0.73245,4.00,1.00
2010.08.24 12:49:03.680,0.73205,0.73245,2.40,1.00
2010.08.24 12:49:03.996,0.73205,0.73245,3.20,1.00
2010.08.24 12:49:04.313,0.73205,0.73245,1.00,1.00
2010.08.24 12:49:05.152,0.732,0.73245,3.20,1.70
2010.08.24 12:49:05.455,0.732,0.73245,1.00,4.10
2010.08.24 12:49:05.875,0.732,0.7324,1.00,1.00
2010.08.24 12:49:06.182,0.73195,0.7324,5.70,2.50
2010.08.24 12:49:07.402,0.73195,0.73235,5.70,1.00
2010.08.24 12:49:10.286,0.732,0.7324,1.00,2.40
2010.08.24 12:49:10.526,0.73195,0.73235,5.60,1.00
2010.08.24 12:49:10.764,0.732,0.7324,1.00,2.40
2010.08.24 12:49:12.649,0.73195,0.73235,5.60,1.00
2010.08.24 12:49:12.845,0.73195,0.73235,4.80,1.00
2010.08.24 12:49:14.298,0.73195,0.73235,1.60,2.40
2010.08.24 12:49:14.554,0.732,0.73245,3.30,2.50
2010.08.24 12:49:15.185,0.73205,0.73245,1.00,2.50
2010.08.24 12:49:16.054,0.73205,0.73245,1.00,2.40
2010.08.24 12:49:17.663,0.732,0.7324,3.30,1.00
2010.08.24 12:49:18.383,0.73205,0.7324,1.00,1.00
2010.08.24 12:49:18.543,0.732,0.7324,3.30,1.00
2010.08.24 12:49:18.774,0.732,0.7324,2.50,1.00
2010.08.24 12:49:18.932,0.73205,0.73245,1.00,2.50
2010.08.24 12:49:19.761,0.73205,0.73245,1.00,1.00
2010.08.24 12:49:20.025,0.73205,0.7324,1.00,1.00
2010.08.24 12:49:20.283,0.732,0.7324,1.00,4.80
2010.08.24 12:49:21.143,0.732,0.7324,1.00,3.20
2010.08.24 12:49:21.384,0.73205,0.7324,1.00,4.80
2010.08.24 12:49:21.622,0.732,0.7324,1.00,4.90
2010.08.24 12:49:21.862,0.732,0.7324,1.00,4.80
2010.08.24 12:49:23.767,0.73175,0.73215,1.00,2.40
2010.08.24 12:49:24.694,0.73175,0.7322,2.40,3.20
2010.08.24 12:49:25.033,0.73175,0.7322,2.50,3.20
2010.08.24 12:49:26.075,0.73185,0.7323,1.00,1.00
2010.08.24 12:49:26.274,0.73185,0.73235,1.00,4.00
2010.08.24 12:49:26.473,0.73185,0.73235,1.00,4.10
2010.08.24 12:49:27.332,0.7318,0.7323,3.30,1.00
2010.08.24 12:49:27.534,0.7319,0.73235,1.00,4.00
2010.08.24 12:49:28.214,0.73185,0.73225,1.00,1.00
2010.08.24 12:49:28.553,0.7318,0.73225,1.00,1.00
2010.08.24 12:49:29.407,0.7318,0.73235,3.30,4.10
2010.08.24 12:49:29.484,0.73185,0.73235,1.00,4.10
2010.08.24 12:49:33.033,0.73185,0.73235,2.50,4.10
2010.08.24 12:49:34.864,0.73185,0.7323,2.50,1.00
2010.08.24 12:49:35.845,0.73185,0.7323,2.50,4.00
2010.08.24 12:49:35.937,0.7319,0.7323,1.00,3.20
2010.08.24 12:49:37.994,0.73185,0.7323,2.50,4.10
2010.08.24 12:49:39.415,0.73185,0.7323,2.40,4.00
2010.08.24 12:49:40.743,0.7319,0.7323,1.00,4.00
2010.08.24 12:49:41.083,0.73185,0.7323,2.50,4.10
2010.08.24 12:49:41.422,0.73185,0.7323,1.00,4.10
2010.08.24 12:49:42.175,0.7318,0.7323,3.30,4.10
2010.08.24 12:49:42.695,0.73185,0.7323,1.00,4.00
2010.08.24 12:49:44.035,0.73185,0.7323,2.50,4.00
2010.08.24 12:49:45.412,0.73185,0.7323,2.40,4.10
2010.08.24 12:49:45.636,0.73185,0.7323,2.50,4.00
2010.08.24 12:49:45.904,0.73185,0.7323,2.50,4.10
2010.08.24 12:49:47.812,0.73185,0.7323,2.40,4.00
2010.08.24 12:49:48.807,0.73185,0.73225,2.40,1.00
2010.08.24 12:49:49.143,0.7318,0.7322,2.50,1.00
2010.08.24 12:49:50.460,0.7318,0.7322,2.50,1.00
2010.08.24 12:49:50.666,0.7318,0.7322,2.50,1.00
2010.08.24 12:49:50.863,0.7318,0.7322,1.00,3.20
2010.08.24 12:49:53.305,0.73185,0.7322,1.00,1.00
2010.08.24 12:49:54.703,0.7318,0.7322,1.00,3.20
2010.08.24 12:50:01.223,0.73185,0.7322,1.00,3.20
2010.08.24 12:50:01.938,0.73185,0.7322,1.00,2.40
2010.08.24 12:50:02.134,0.73185,0.7323,1.00,4.00
2010.08.24 12:50:03.661,0.73185,0.7323,1.00,4.00
2010.08.24 12:50:03.996,0.7318,0.7322,1.00,1.00
2010.08.24 12:50:05.294,0.73185,0.7323,1.00,4.00
2010.08.24 12:50:06.987,0.73185,0.7323,2.40,4.00
2010.08.24 12:50:08.215,0.73185,0.7323,2.50,3.30
2010.08.24 12:50:08.679,0.73185,0.7323,2.40,3.20
2010.08.24 12:50:09.818,0.7319,0.7323,1.00,3.20
2010.08.24 12:50:10.023,0.73185,0.7323,2.50,3.20
2010.08.24 12:50:10.891,0.73185,0.73225,1.00,2.40
2010.08.24 12:50:11.224,0.73185,0.73225,1.00,4.80
2010.08.24 12:50:11.563,0.73185,0.7323,1.00,5.60
2010.08.24 12:50:12.603,0.7318,0.73225,2.50,1.00
2010.08.24 12:50:13.543,0.73185,0.7323,1.00,5.70
2010.08.24 12:50:14.524,0.73185,0.7323,1.00,5.60
2010.08.24 12:50:18.567,0.7319,0.7323,1.00,5.60
2010.08.24 12:50:18.707,0.7319,0.7323,1.00,4.80
2010.08.24 12:50:19.442,0.7319,0.7323,1.00,4.80
2010.08.24 12:50:19.544,0.7319,0.73235,2.40,3.30
2010.08.24 12:50:20.463,0.7319,0.7323,1.00,4.80
2010.08.24 12:50:20.806,0.73185,0.7323,3.20,4.80
2010.08.24 12:50:21.728,0.73185,0.73225,3.20,1.00
2010.08.24 12:50:21.964,0.73185,0.7323,2.50,4.90
2010.08.24 12:50:22.966,0.7319,0.7323,2.40,2.50
2010.08.24 12:50:23.306,0.73185,0.73225,2.40,1.00
2010.08.24 12:50:23.642,0.73185,0.73225,2.50,1.00
2010.08.24 12:50:24.768,0.7319,0.73225,1.00,1.00
2010.08.24 12:50:25.102,0.7319,0.73225,2.40,1.00
2010.08.24 12:50:25.205,0.7319,0.73225,2.40,1.00
2010.08.24 12:50:26.643,0.7319,0.7323,2.40,2.40
2010.08.24 12:50:26.913,0.7319,0.7323,2.40,1.60
2010.08.24 12:50:27.739,0.7319,0.7323,2.50,1.70
2010.08.24 12:50:31.131,0.7319,0.73225,2.40,1.00
2010.08.24 12:50:32.826,0.7319,0.7323,2.50,1.70
2010.08.24 12:50:33.755,0.7319,0.73225,2.40,1.00
2010.08.24 12:50:34.096,0.7318,0.73225,3.20,4.90
2010.08.24 12:50:34.433,0.7318,0.7322,2.40,1.00
2010.08.24 12:50:35.479,0.7318,0.7322,2.50,1.70
2010.08.24 12:50:35.925,0.7318,0.7322,2.40,1.70
2010.08.24 12:50:36.647,0.73185,0.7322,2.40,1.70
2010.08.24 12:50:38.394,0.73185,0.7322,2.40,1.00
2010.08.24 12:50:38.727,0.73185,0.73225,2.50,2.50
2010.08.24 12:50:39.759,0.73185,0.7322,2.50,1.60
2010.08.24 12:50:39.993,0.73185,0.7322,2.40,1.70
2010.08.24 12:50:40.223,0.73185,0.7322,2.40,1.00
2010.08.24 12:50:42.164,0.7318,0.7322,2.40,1.00
2010.08.24 12:50:42.946,0.7318,0.73225,2.40,4.80
2010.08.24 12:50:43.275,0.73185,0.7322,1.00,1.60
2010.08.24 12:50:44.293,0.73185,0.7322,1.00,1.60
2010.08.24 12:50:44.507,0.7319,0.7323,1.00,4.80
2010.08.24 12:50:44.713,0.73185,0.7323,2.50,4.90
2010.08.24 12:50:45.883,0.7319,0.7323,1.00,4.80
2010.08.24 12:50:46.122,0.7319,0.7323,2.50,1.00
2010.08.24 12:50:46.896,0.7319,0.73235,2.50,3.30
2010.08.24 12:50:47.234,0.73195,0.73235,1.00,3.30
2010.08.24 12:50:47.573,0.7319,0.73235,2.50,4.10
2010.08.24 12:50:48.629,0.73185,0.7323,4.10,4.90
2010.08.24 12:50:48.979,0.73185,0.7323,2.50,4.90
2010.08.24 12:50:49.116,0.7319,0.7323,1.00,4.80
2010.08.24 12:50:49.526,0.7319,0.7323,1.00,4.80
2010.08.24 12:50:50.282,0.7319,0.7323,1.00,4.80
2010.08.24 12:50:50.723,0.7319,0.7323,1.00,4.80
2010.08.24 12:50:51.114,0.73195,0.7323,1.00,4.80
2010.08.24 12:50:51.295,0.7319,0.7323,1.00,4.80
2010.08.24 12:50:52.247,0.73195,0.73235,1.00,2.50
2010.08.24 12:50:52.484,0.73195,0.7323,1.00,4.80
2010.08.24 12:50:55.734,0.73195,0.7323,1.00,4.00
2010.08.24 12:50:56.064,0.73195,0.7323,1.00,1.60
2010.08.24 12:50:57.195,0.7319,0.7322,1.00,1.60
2010.08.24 12:50:57.485,0.73185,0.7323,2.50,4.80
2010.08.24 12:50:58.534,0.7319,0.7323,1.00,4.80
2010.08.24 12:50:58.874,0.73195,0.7323,1.00,4.80
2010.08.24 12:51:00.086,0.7318,0.73205,1.00,1.60
2010.08.24 12:51:00.275,0.7317,0.73205,3.20,2.40
2010.08.24 12:51:01.184,0.7316,0.732,2.40,3.20
2010.08.24 12:51:01.523,0.73155,0.732,4.80,2.40
2010.08.24 12:51:02.588,0.73165,0.73205,2.40,3.20
2010.08.24 12:51:02.921,0.73165,0.732,4.80,1.00
2010.08.24 12:51:03.947,0.7317,0.73215,1.00,4.00
2010.08.24 12:51:05.103,0.7317,0.73215,1.00,4.00
2010.08.24 12:51:06.596,0.7317,0.73215,1.00,4.10
2010.08.24 12:51:07.489,0.7317,0.73215,2.50,3.30
2010.08.24 12:51:07.837,0.73165,0.73205,2.50,1.60
2010.08.24 12:51:08.173,0.7317,0.73205,2.40,1.60
2010.08.24 12:51:09.270,0.73175,0.73215,2.40,1.00
2010.08.24 12:51:09.588,0.73175,0.73215,2.40,1.00
2010.08.24 12:51:10.675,0.73175,0.7322,2.40,1.70
2010.08.24 12:51:10.873,0.73175,0.73215,2.40,1.00
2010.08.24 12:51:11.072,0.73165,0.73215,5.70,4.90
2010.08.24 12:51:11.272,0.73165,0.73215,5.60,4.80
2010.08.24 12:51:11.476,0.7317,0.73215,1.00,4.90
2010.08.24 12:51:12.293,0.73165,0.73215,5.70,4.90
2010.08.24 12:51:12.635,0.7317,0.73215,1.00,5.60
2010.08.24 12:51:13.943,0.7317,0.73215,1.00,5.70
2010.08.24 12:51:15.757,0.73175,0.73215,1.00,5.60
2010.08.24 12:51:16.113,0.7317,0.73215,1.00,4.90
2010.08.24 12:51:16.288,0.73165,0.73215,5.70,4.80
2010.08.24 12:51:17.139,0.7317,0.73215,1.00,4.90
2010.08.24 12:51:17.506,0.73175,0.73215,2.40,2.50
2010.08.24 12:51:17.763,0.73175,0.73215,2.40,1.00
2010.08.24 12:51:18.627,0.73175,0.7322,4.00,4.10
2010.08.24 12:51:18.935,0.73185,0.73225,2.40,1.00
2010.08.24 12:51:19.244,0.73185,0.73225,3.20,1.00
2010.08.24 12:51:20.643,0.7318,0.7323,4.10,4.90
2010.08.24 12:51:21.594,0.73185,0.7323,1.00,5.30
2010.08.24 12:51:22.469,0.73185,0.7323,1.00,5.20
2010.08.24 12:51:23.658,0.73185,0.7323,1.00,1.00
2010.08.24 12:51:23.873,0.73185,0.7323,1.00,2.40
2010.08.24 12:51:24.638,0.73185,0.73235,1.00,3.60
2010.08.24 12:51:24.857,0.7319,0.73235,1.00,3.70
2010.08.24 12:51:26.191,0.7319,0.73235,1.00,3.20
2010.08.24 12:51:26.353,0.7319,0.73235,1.00,3.30
2010.08.24 12:51:26.516,0.7319,0.73235,1.00,3.20
2010.08.24 12:51:26.684,0.73195,0.73235,1.00,2.40
2010.08.24 12:51:28.085,0.7319,0.73235,3.20,2.40
2010.08.24 12:51:28.454,0.7319,0.73235,3.20,3.20
2010.08.24 12:51:28.773,0.7319,0.73235,1.00,3.20
2010.08.24 12:51:30.669,0.7319,0.73225,1.00,1.60
2010.08.24 12:51:30.763,0.73195,0.73225,1.00,1.60
2010.08.24 12:51:31.529,0.73195,0.73225,1.00,2.40
2010.08.24 12:51:31.745,0.7319,0.7323,1.00,4.80
2010.08.24 12:51:32.294,0.7319,0.7323,1.00,5.60
2010.08.24 12:51:32.514,0.7319,0.73225,1.00,4.80
2010.08.24 12:51:32.734,0.73195,0.7323,1.00,4.80
2010.08.24 12:51:33.993,0.7319,0.7323,1.00,4.80
2010.08.24 12:51:34.473,0.7319,0.73225,1.00,2.40
2010.08.24 12:51:34.592,0.7319,0.7323,1.00,5.60
2010.08.24 12:51:34.643,0.7319,0.7323,1.00,4.80
2010.08.24 12:51:35.654,0.73185,0.7323,1.00,5.60
2010.08.24 12:51:36.185,0.73185,0.7323,1.00,5.60
2010.08.24 12:51:37.705,0.73185,0.73225,1.00,1.00
2010.08.24 12:51:38.745,0.73185,0.7323,1.00,4.80
2010.08.24 12:51:40.631,0.73185,0.7323,1.00,4.00
2010.08.24 12:51:40.705,0.73185,0.7323,3.30,4.10
2010.08.24 12:51:42.256,0.73185,0.73225,1.00,4.00
2010.08.24 12:51:42.533,0.73185,0.73225,1.00,4.80
2010.08.24 12:51:43.644,0.7319,0.7323,2.40,3.30
2010.08.24 12:51:43.933,0.7319,0.7323,1.00,2.40
2010.08.24 12:51:44.887,0.7319,0.7323,1.00,1.60
2010.08.24 12:51:45.173,0.7319,0.7323,1.00,1.60
2010.08.24 12:51:47.205,0.73185,0.7323,4.00,1.70
2010.08.24 12:51:49.799,0.73185,0.7323,4.10,1.60
2010.08.24 12:51:50.453,0.73185,0.7323,2.50,1.60
2010.08.24 12:51:50.528,0.7319,0.7323,1.00,1.60
2010.08.24 12:51:50.595,0.73185,0.7323,2.50,1.60
2010.08.24 12:51:51.623,0.7319,0.7323,1.00,1.60
2010.08.24 12:51:53.105,0.7319,0.73235,1.00,2.50
2010.08.24 12:51:54.454,0.73195,0.73235,1.00,2.40
2010.08.24 12:51:54.705,0.73195,0.73235,1.00,2.50
2010.08.24 12:51:54.957,0.73195,0.7324,1.00,4.90
2010.08.24 12:51:55.446,0.7319,0.7323,1.00,1.60
2010.08.24 12:51:56.424,0.73185,0.73225,1.00,1.00
2010.08.24 12:51:56.724,0.73185,0.73235,1.00,1.30
2010.08.24 12:51:57.908,0.7318,0.73225,4.10,1.00
2010.08.24 12:51:59.605,0.73185,0.7323,1.00,1.00
2010.08.24 12:52:01.656,0.73185,0.73235,1.00,3.30
2010.08.24 12:52:01.878,0.73185,0.73235,1.00,1.00
2010.08.24 12:52:02.142,0.73185,0.73235,1.00,1.00
2010.08.24 12:52:08.658,0.73185,0.7323,1.00,1.00
2010.08.24 12:52:09.856,0.73185,0.73235,1.00,1.00
2010.08.24 12:52:12.916,0.73185,0.73235,1.00,3.30
2010.08.24 12:52:13.275,0.73185,0.73235,1.00,3.30
2010.08.24 12:52:13.323,0.7319,0.73235,1.00,3.30
2010.08.24 12:52:14.654,0.73185,0.7323,1.00,1.00
2010.08.24 12:52:14.843,0.73185,0.73235,1.00,5.30
2010.08.24 12:52:15.739,0.73185,0.7323,4.90,1.00
2010.08.24 12:52:16.067,0.7319,0.73235,4.80,4.00
2010.08.24 12:52:16.393,0.7319,0.7323,4.80,1.00
2010.08.24 12:52:17.488,0.7319,0.73235,4.90,4.10
2010.08.24 12:52:17.714,0.73195,0.73235,1.00,4.90
2010.08.24 12:52:17.944,0.73195,0.73235,1.00,2.50
2010.08.24 12:52:18.175,0.73195,0.73235,1.00,2.40
2010.08.24 12:52:19.113,0.732,0.7324,1.00,1.00
2010.08.24 12:52:19.694,0.73195,0.7324,1.00,1.00
2010.08.24 12:52:20.482,0.73195,0.73235,1.00,1.00
2010.08.24 12:52:21.885,0.73195,0.7324,1.00,1.00
2010.08.24 12:52:23.216,0.73195,0.73235,1.00,1.00
2010.08.24 12:52:24.442,0.73195,0.7324,3.30,1.00
2010.08.24 12:52:24.574,0.73195,0.7324,2.40,1.00
2010.08.24 12:52:26.173,0.732,0.7324,1.00,1.00
2010.08.24 12:52:26.465,0.73195,0.73235,2.40,1.00
2010.08.24 12:52:27.709,0.732,0.73245,2.50,5.70
2010.08.24 12:52:28.377,0.732,0.73245,2.40,5.60
2010.08.24 12:52:29.813,0.732,0.7324,2.40,1.00
2010.08.24 12:52:30.073,0.732,0.7324,3.30,1.00
2010.08.24 12:52:30.373,0.73195,0.7324,2.50,1.00
2010.08.24 12:52:31.569,0.73195,0.7324,2.40,1.00
2010.08.24 12:52:32.044,0.73195,0.7324,3.20,1.00
2010.08.24 12:52:32.213,0.73195,0.7324,4.80,1.00
2010.08.24 12:52:32.383,0.732,0.7324,1.00,1.00
2010.08.24 12:52:32.885,0.732,0.7324,1.00,1.00
2010.08.24 12:52:33.123,0.73205,0.7324,1.00,1.00
2010.08.24 12:52:34.153,0.73205,0.73245,1.00,1.00
2010.08.24 12:52:34.513,0.73205,0.7324,1.00,1.00
2010.08.24 12:52:34.662,0.73205,0.73245,1.00,1.00
2010.08.24 12:52:34.813,0.73205,0.73245,1.00,4.80
2010.08.24 12:52:35.663,0.732,0.7324,4.80,1.00
2010.08.24 12:52:37.569,0.73195,0.7323,1.00,4.00
2010.08.24 12:52:37.903,0.73195,0.73235,4.80,1.00
2010.08.24 12:52:38.813,0.7319,0.73235,3.20,4.90
2010.08.24 12:52:38.992,0.7319,0.73235,2.40,5.70
2010.08.24 12:52:39.173,0.7319,0.7323,3.20,1.60
2010.08.24 12:52:39.935,0.7319,0.7323,3.30,1.60
2010.08.24 12:52:40.224,0.7319,0.7323,1.00,4.80
2010.08.24 12:52:41.562,0.73195,0.73235,1.00,4.90
2010.08.24 12:52:41.815,0.73195,0.73235,3.20,1.00
2010.08.24 12:52:42.600,0.73195,0.73235,3.20,1.00
2010.08.24 12:52:42.948,0.73185,0.7322,1.00,3.20
2010.08.24 12:52:43.693,0.73175,0.7322,3.30,3.20
2010.08.24 12:52:44.035,0.73185,0.73225,1.00,2.40
2010.08.24 12:52:44.802,0.73185,0.7323,3.20,4.00
2010.08.24 12:52:45.034,0.73185,0.7323,3.30,2.50
2010.08.24 12:52:45.385,0.73185,0.7323,3.30,2.40
2010.08.24 12:52:46.575,0.7319,0.7323,1.00,2.40
2010.08.24 12:52:47.437,0.7319,0.73235,1.00,4.00
2010.08.24 12:52:47.665,0.73195,0.73235,1.00,1.00
2010.08.24 12:52:48.884,0.73195,0.7323,1.00,1.00
2010.08.24 12:52:49.127,0.73195,0.7323,1.00,1.00
2010.08.24 12:52:50.514,0.7319,0.73225,3.20,1.00
2010.08.24 12:52:50.723,0.7319,0.73225,1.00,1.00
2010.08.24 12:52:51.505,0.73185,0.73225,3.20,1.00
2010.08.24 12:52:51.845,0.73185,0.7323,3.20,1.00
2010.08.24 12:52:53.215,0.7319,0.7323,1.00,2.40
2010.08.24 12:52:54.757,0.7319,0.73235,1.00,1.30
2010.08.24 12:52:54.955,0.73195,0.73235,1.00,1.30
2010.08.24 12:52:55.917,0.7319,0.7323,1.00,2.40
2010.08.24 12:52:56.223,0.7319,0.7323,1.00,2.50
2010.08.24 12:52:57.159,0.7319,0.7323,1.00,1.70
2010.08.24 12:52:57.387,0.73185,0.73225,3.20,1.00
2010.08.24 12:52:58.242,0.7319,0.73225,1.00,1.00
2010.08.24 12:52:58.435,0.7319,0.7323,1.00,2.50
2010.08.24 12:52:59.653,0.732,0.7323,1.60,1.00
2010.08.24 12:52:59.887,0.7319,0.73235,1.00,1.30
2010.08.24 12:53:00.113,0.7319,0.7323,1.00,1.00
2010.08.24 12:53:01.203,0.7319,0.7323,1.00,1.00
2010.08.24 12:53:02.994,0.7319,0.7322,1.00,1.00
2010.08.24 12:53:03.966,0.7319,0.73225,1.00,1.00
2010.08.24 12:53:06.046,0.73185,0.73225,3.20,1.00
2010.08.24 12:53:06.800,0.73185,0.73225,1.00,1.00
2010.08.24 12:53:07.107,0.7318,0.7323,1.00,3.70
2010.08.24 12:53:08.907,0.7318,0.7323,1.00,1.30
2010.08.24 12:53:09.217,0.73185,0.7323,4.90,1.70
2010.08.24 12:53:11.758,0.73185,0.7323,4.80,1.60
2010.08.24 12:53:12.025,0.7318,0.7322,2.90,1.60
2010.08.24 12:53:13.295,0.7318,0.7322,2.90,1.70
2010.08.24 12:53:13.664,0.7318,0.7322,2.90,1.60
2010.08.24 12:53:13.825,0.7318,0.7322,2.80,1.70
2010.08.24 12:53:14.767,0.73175,0.7322,3.30,1.00
2010.08.24 12:53:14.983,0.7318,0.73225,1.00,1.30
2010.08.24 12:53:16.014,0.7318,0.7322,1.00,2.40
2010.08.24 12:53:16.353,0.73185,0.7322,1.00,2.40
2010.08.24 12:53:16.745,0.7318,0.7322,1.00,2.40
2010.08.24 12:53:19.185,0.7317,0.7321,3.30,1.60
2010.08.24 12:53:19.404,0.7317,0.7321,3.20,1.60
2010.08.24 12:53:20.169,0.7317,0.7321,4.10,1.60
2010.08.24 12:53:20.504,0.73175,0.7322,3.20,2.50
2010.08.24 12:53:21.456,0.73175,0.7322,3.30,2.40
2010.08.24 12:53:22.596,0.73175,0.73215,1.00,2.40
2010.08.24 12:53:22.806,0.73175,0.7321,1.00,1.60
2010.08.24 12:53:23.145,0.7317,0.7321,3.30,1.60
2010.08.24 12:53:24.058,0.73175,0.7321,1.00,1.60
2010.08.24 12:53:24.287,0.73175,0.7321,2.40,1.60
2010.08.24 12:53:24.515,0.73175,0.7322,3.20,2.50
2010.08.24 12:53:25.287,0.73175,0.7322,3.20,2.40
2010.08.24 12:53:25.898,0.73175,0.7322,3.30,2.50
2010.08.24 12:53:26.768,0.7318,0.7322,2.40,2.50
2010.08.24 12:53:27.087,0.73185,0.73225,2.50,1.00
2010.08.24 12:53:27.396,0.73185,0.7323,3.30,1.00
2010.08.24 12:53:28.455,0.73185,0.73235,3.30,5.70
2010.08.24 12:53:28.783,0.7319,0.73235,1.00,5.70
2010.08.24 12:53:29.115,0.73185,0.73225,3.30,1.00
2010.08.24 12:53:29.444,0.73185,0.7322,1.00,1.60
2010.08.24 12:53:30.555,0.73185,0.7322,1.00,1.60
2010.08.24 12:53:30.634,0.73185,0.7322,1.00,2.40
2010.08.24 12:53:31.875,0.7318,0.7322,1.00,2.40
2010.08.24 12:53:32.074,0.73175,0.7322,3.30,2.40
2010.08.24 12:53:33.022,0.7318,0.7322,1.00,2.40
2010.08.24 12:53:33.706,0.7318,0.7322,2.80,2.40
2010.08.24 12:53:34.543,0.7318,0.7322,2.80,2.50
2010.08.24 12:53:34.884,0.73185,0.73225,2.80,2.50
2010.08.24 12:53:35.699,0.73185,0.73225,3.20,2.50
2010.08.24 12:53:36.037,0.7318,0.7322,1.60,1.00
2010.08.24 12:53:36.373,0.73185,0.73225,1.00,2.40
2010.08.24 12:53:37.718,0.73185,0.73225,1.00,4.80
2010.08.24 12:53:37.975,0.7318,0.7322,1.00,2.40
2010.08.24 12:53:38.175,0.7318,0.7322,2.90,2.40
2010.08.24 12:53:39.079,0.7318,0.7322,2.50,2.40
2010.08.24 12:53:39.477,0.73185,0.7322,1.00,2.40
2010.08.24 12:53:39.809,0.7318,0.7322,1.00,2.40
2010.08.24 12:53:40.875,0.7318,0.7323,1.00,3.20
2010.08.24 12:53:41.123,0.73185,0.73225,3.20,1.00
2010.08.24 12:53:41.374,0.73185,0.73235,3.30,5.30
2010.08.24 12:53:42.643,0.7319,0.73235,1.00,5.20
2010.08.24 12:53:42.953,0.73185,0.7323,1.00,4.00
2010.08.24 12:53:43.132,0.73185,0.73225,1.00,1.00
2010.08.24 12:53:44.334,0.7319,0.73225,1.00,1.00
2010.08.24 12:53:44.494,0.73195,0.73225,1.00,1.00
2010.08.24 12:53:44.653,0.73195,0.7323,1.00,2.40
2010.08.24 12:53:45.795,0.732,0.7324,3.20,1.60
2010.08.24 12:53:45.983,0.73205,0.73245,3.20,1.00
2010.08.24 12:53:46.802,0.73205,0.7325,3.20,3.20
2010.08.24 12:53:47.096,0.7321,0.7325,1.00,1.60
2010.08.24 12:53:47.394,0.73215,0.73255,3.20,1.00
2010.08.24 12:53:48.404,0.73215,0.73255,3.20,1.00
2010.08.24 12:53:48.736,0.7321,0.7325,2.50,1.00
2010.08.24 12:53:49.064,0.73205,0.7325,3.20,3.20
2010.08.24 12:53:49.943,0.73205,0.7325,3.30,1.00
2010.08.24 12:53:51.280,0.73205,0.7325,3.30,2.50
2010.08.24 12:53:51.576,0.73205,0.73245,3.20,1.00
2010.08.24 12:53:53.046,0.73205,0.73245,3.20,1.00
2010.08.24 12:53:54.409,0.73205,0.73245,3.20,1.00
2010.08.24 12:53:54.623,0.73205,0.7324,3.20,1.00
2010.08.24 12:53:55.707,0.73205,0.7324,1.00,1.00
2010.08.24 12:53:56.046,0.732,0.7324,3.30,1.00
2010.08.24 12:53:56.376,0.732,0.73245,1.00,1.00
2010.08.24 12:53:57.144,0.732,0.73245,1.00,1.00
2010.08.24 12:53:57.376,0.732,0.7324,1.00,1.00
2010.08.24 12:53:57.604,0.732,0.7324,1.00,1.00
2010.08.24 12:54:00.484,0.732,0.7324,1.00,1.00
2010.08.24 12:54:01.935,0.732,0.7324,1.00,1.00
2010.08.24 12:54:04.155,0.73205,0.7325,3.20,1.00
2010.08.24 12:54:04.444,0.73205,0.73245,1.00,1.00
2010.08.24 12:54:05.279,0.73205,0.73245,2.40,1.00
2010.08.24 12:54:05.564,0.73215,0.7326,1.00,4.00
2010.08.24 12:54:06.525,0.73215,0.7326,3.20,1.00
2010.08.24 12:54:06.774,0.7322,0.73265,1.00,5.70
2010.08.24 12:54:07.014,0.73215,0.7326,1.00,1.00
2010.08.24 12:54:08.024,0.73215,0.73265,1.00,4.90
2010.08.24 12:54:08.364,0.73215,0.7326,1.00,1.00
2010.08.24 12:54:08.703,0.73215,0.7326,1.00,1.00
2010.08.24 12:54:09.794,0.7321,0.7326,4.10,2.50
2010.08.24 12:54:10.054,0.7321,0.7326,3.30,5.70
2010.08.24 12:54:10.785,0.7321,0.7326,3.20,5.60
2010.08.24 12:54:11.004,0.73215,0.73255,1.00,1.00
2010.08.24 12:54:11.283,0.7321,0.73255,3.20,1.00
2010.08.24 12:54:12.377,0.7321,0.7325,1.00,2.40
2010.08.24 12:54:12.705,0.73205,0.7325,1.00,2.50
2010.08.24 12:54:13.637,0.73205,0.7325,1.00,3.20
2010.08.24 12:54:13.938,0.732,0.73245,1.00,1.00
2010.08.24 12:54:14.238,0.732,0.73245,1.00,1.00
2010.08.24 12:54:15.270,0.73205,0.73245,1.00,1.00
2010.08.24 12:54:15.501,0.7321,0.73255,4.00,1.00
2010.08.24 12:54:16.423,0.7321,0.7326,4.00,1.00
2010.08.24 12:54:16.694,0.73215,0.7326,1.00,1.00
2010.08.24 12:54:16.963,0.7321,0.7326,4.10,1.00
2010.08.24 12:54:17.233,0.7321,0.7326,4.00,1.00
2010.08.24 12:54:18.316,0.73215,0.7326,1.00,5.60
2010.08.24 12:54:18.656,0.73215,0.7326,2.50,1.00
2010.08.24 12:54:19.699,0.73215,0.7326,1.00,4.00
2010.08.24 12:54:20.049,0.73215,0.7326,1.00,5.60
2010.08.24 12:54:20.167,0.7321,0.73255,2.70,1.00
2010.08.24 12:54:20.284,0.7321,0.73255,2.50,1.00
2010.08.24 12:54:21.004,0.7321,0.73255,1.00,1.00
2010.08.24 12:54:21.132,0.7321,0.73255,1.00,1.00
2010.08.24 12:54:21.476,0.7321,0.73255,1.00,1.00
2010.08.24 12:54:22.485,0.73215,0.73255,1.00,1.00
2010.08.24 12:54:22.687,0.7321,0.7325,1.00,2.40
2010.08.24 12:54:23.085,0.73215,0.7325,1.00,2.40
2010.08.24 12:54:23.795,0.7321,0.7325,1.00,2.40
2010.08.24 12:54:24.152,0.73205,0.7325,4.00,2.40
2010.08.24 12:54:24.491,0.7321,0.73255,1.00,2.50
2010.08.24 12:54:25.882,0.7321,0.73255,1.00,3.30
2010.08.24 12:54:26.086,0.7321,0.73255,1.00,1.00
2010.08.24 12:54:27.443,0.7321,0.73255,1.00,1.00
2010.08.24 12:54:28.144,0.7321,0.7325,1.00,1.00
2010.08.24 12:54:28.978,0.7321,0.7325,1.00,1.00
2010.08.24 12:54:29.315,0.7321,0.73255,1.00,2.40
2010.08.24 12:54:30.775,0.7321,0.73255,1.70,2.40
2010.08.24 12:54:30.963,0.7321,0.73265,4.10,3.30
2010.08.24 12:54:31.874,0.73215,0.73265,1.00,2.50
2010.08.24 12:54:32.572,0.73215,0.73265,1.00,2.40
2010.08.24 12:54:33.475,0.73215,0.73265,1.00,3.20
2010.08.24 12:54:33.815,0.7321,0.7325,1.00,2.40
2010.08.24 12:54:35.364,0.7321,0.7325,1.00,4.00
2010.08.24 12:54:35.533,0.7321,0.7325,1.00,2.40
2010.08.24 12:54:35.704,0.73205,0.7325,3.30,2.40
2010.08.24 12:54:36.714,0.7321,0.7325,1.00,4.10
2010.08.24 12:54:38.105,0.73215,0.7325,1.00,4.00
2010.08.24 12:54:38.445,0.73215,0.7325,1.00,1.60
2010.08.24 12:54:39.487,0.7321,0.7325,1.00,1.60
2010.08.24 12:54:39.839,0.7321,0.73245,1.00,1.00
2010.08.24 12:54:39.955,0.7321,0.7325,1.00,1.60
2010.08.24 12:54:40.074,0.7321,0.7325,1.00,1.60
2010.08.24 12:54:40.905,0.7321,0.7325,1.00,1.70
2010.08.24 12:54:42.664,0.73205,0.7325,3.30,2.40
2010.08.24 12:54:43.596,0.73205,0.7325,3.20,2.50
2010.08.24 12:54:43.934,0.7321,0.7325,1.00,2.40
2010.08.24 12:54:45.356,0.7321,0.7326,2.50,3.30
2010.08.24 12:54:45.564,0.7321,0.73255,2.40,1.00
2010.08.24 12:54:46.684,0.7321,0.7326,2.50,3.30
2010.08.24 12:54:47.013,0.73215,0.7326,1.00,3.30
2010.08.24 12:54:48.453,0.7321,0.7326,2.50,3.30
2010.08.24 12:54:49.212,0.7321,0.7325,2.50,1.00
2010.08.24 12:54:49.530,0.7321,0.7325,1.00,2.40
2010.08.24 12:54:50.237,0.73215,0.7325,1.00,2.40
2010.08.24 12:54:51.114,0.7321,0.7325,1.00,2.40
2010.08.24 12:54:53.076,0.7321,0.7325,1.00,2.50
2010.08.24 12:54:53.313,0.7321,0.7325,1.00,2.40
2010.08.24 12:54:54.908,0.7321,0.7325,1.00,2.50
2010.08.24 12:55:00.559,0.7321,0.7325,1.00,2.40
2010.08.24 12:55:00.770,0.7321,0.7325,1.00,2.50
2010.08.24 12:55:04.636,0.7321,0.7325,1.00,4.90
2010.08.24 12:55:05.503,0.7321,0.7325,1.00,2.50
2010.08.24 12:55:07.223,0.7321,0.7325,1.00,2.40
2010.08.24 12:55:07.566,0.73205,0.7325,3.30,2.50
2010.08.24 12:55:08.803,0.73205,0.7325,3.20,2.40
2010.08.24 12:55:09.424,0.73205,0.73245,3.20,1.00
2010.08.24 12:55:10.205,0.73205,0.7325,3.20,2.40
2010.08.24 12:55:10.488,0.73205,0.73245,3.20,1.00
2010.08.24 12:55:10.741,0.73205,0.7325,3.30,2.40
2010.08.24 12:55:11.496,0.7321,0.7325,1.00,2.40
2010.08.24 12:55:12.484,0.7321,0.7325,1.00,2.40
2010.08.24 12:55:13.281,0.73205,0.7325,3.30,2.50
2010.08.24 12:55:13.615,0.7321,0.7325,1.00,2.40
2010.08.24 12:55:13.743,0.73215,0.7325,1.00,2.40
2010.08.24 12:55:15.254,0.7321,0.7325,1.00,2.50
2010.08.24 12:55:16.513,0.7321,0.7325,1.00,2.40
2010.08.24 12:55:16.732,0.7321,0.7325,1.00,2.50
2010.08.24 12:55:16.919,0.7321,0.7325,1.00,2.40
2010.08.24 12:55:17.974,0.7321,0.7325,1.00,2.40
2010.08.24 12:55:19.723,0.73205,0.7325,3.30,2.50
2010.08.24 12:55:19.993,0.7321,0.73255,3.30,2.50
2010.08.24 12:55:20.126,0.7321,0.73255,3.20,3.20
2010.08.24 12:55:20.970,0.7321,0.7325,1.00,2.40
2010.08.24 12:55:21.207,0.73205,0.7325,1.00,4.00
2010.08.24 12:55:21.765,0.7321,0.7325,1.00,4.00
2010.08.24 12:55:22.596,0.732,0.73245,3.30,1.00
2010.08.24 12:55:22.800,0.7321,0.7325,2.40,1.00
2010.08.24 12:55:23.686,0.73215,0.7325,2.40,1.00
2010.08.24 12:55:24.063,0.73215,0.7326,2.40,1.00
2010.08.24 12:55:25.110,0.7321,0.7326,3.20,3.30
2010.08.24 12:55:25.333,0.73215,0.7326,1.00,1.00
2010.08.24 12:55:25.554,0.73205,0.73255,2.50,1.00
2010.08.24 12:55:26.379,0.732,0.73235,2.50,1.00
2010.08.24 12:55:26.716,0.73195,0.7324,3.20,1.00
2010.08.24 12:55:27.054,0.732,0.73245,1.00,2.50
2010.08.24 12:55:27.394,0.73205,0.7324,1.00,1.00
2010.08.24 12:55:28.444,0.73205,0.7325,1.00,4.10
2010.08.24 12:55:28.783,0.732,0.7325,2.50,4.10
2010.08.24 12:55:29.696,0.73185,0.73225,1.00,2.40
2010.08.24 12:55:29.915,0.7318,0.73225,1.00,3.20
2010.08.24 12:55:30.722,0.73175,0.73225,3.30,3.20
2010.08.24 12:55:30.936,0.73185,0.7323,1.00,4.00
2010.08.24 12:55:32.116,0.7318,0.7323,3.30,4.10
2010.08.24 12:55:32.454,0.73185,0.7323,1.00,2.40
2010.08.24 12:55:32.653,0.7319,0.7323,1.00,2.40
2010.08.24 12:55:32.854,0.7319,0.73235,1.00,3.20
2010.08.24 12:55:33.053,0.7319,0.73235,1.00,4.00
2010.08.24 12:55:33.793,0.7319,0.7323,1.00,1.00
2010.08.24 12:55:33.994,0.73185,0.73225,1.00,1.00
2010.08.24 12:55:34.754,0.73185,0.7323,1.00,3.20
2010.08.24 12:55:35.536,0.73185,0.73235,3.30,4.00
2010.08.24 12:55:35.794,0.73185,0.73235,3.30,4.10
2010.08.24 12:55:36.054,0.73185,0.7323,1.00,4.80
2010.08.24 12:55:37.027,0.7319,0.7323,1.00,4.80
2010.08.24 12:55:37.196,0.7319,0.7323,1.00,4.80
2010.08.24 12:55:37.477,0.7319,0.7323,1.00,3.20
2010.08.24 12:55:38.283,0.7319,0.73235,1.00,4.10
2010.08.24 12:55:38.295,0.7319,0.7323,1.00,1.00
2010.08.24 12:55:39.738,0.7319,0.73235,1.00,4.00
2010.08.24 12:55:40.035,0.7319,0.73235,1.00,4.10
2010.08.24 12:55:40.980,0.73185,0.73235,3.30,4.10
2010.08.24 12:55:41.264,0.73195,0.7324,2.40,1.00
2010.08.24 12:55:41.618,0.73195,0.73235,2.40,1.00
2010.08.24 12:55:42.627,0.7319,0.73235,1.00,3.20
2010.08.24 12:55:42.889,0.7319,0.73235,1.00,4.00
2010.08.24 12:55:44.173,0.7319,0.73235,1.00,4.00
2010.08.24 12:55:44.503,0.7319,0.73235,1.00,4.10
2010.08.24 12:55:45.282,0.73185,0.73235,3.30,4.10
2010.08.24 12:55:45.594,0.7319,0.73235,1.00,4.00
2010.08.24 12:55:46.973,0.73185,0.73235,3.30,4.10
2010.08.24 12:55:48.197,0.7319,0.73235,1.00,4.00
2010.08.24 12:55:48.536,0.73185,0.7323,1.00,4.00
2010.08.24 12:55:49.538,0.73185,0.73235,4.10,4.00
2010.08.24 12:55:49.760,0.73185,0.7323,1.00,5.70
2010.08.24 12:55:50.704,0.7318,0.73225,1.00,1.00
2010.08.24 12:55:50.967,0.73185,0.73225,1.00,1.00
2010.08.24 12:55:51.919,0.7318,0.73225,1.00,1.00
2010.08.24 12:55:52.176,0.7318,0.73225,1.00,1.00
2010.08.24 12:55:53.578,0.73185,0.7322,1.00,3.20
2010.08.24 12:55:53.867,0.73185,0.7323,2.40,2.80
2010.08.24 12:55:54.866,0.7319,0.7323,1.00,1.60
2010.08.24 12:55:55.207,0.7319,0.7324,1.00,5.30
2010.08.24 12:55:56.139,0.7319,0.7324,2.50,5.70
2010.08.24 12:55:56.478,0.73195,0.7324,2.50,2.50
2010.08.24 12:55:57.474,0.73195,0.7324,1.00,5.70
2010.08.24 12:55:57.694,0.7319,0.73235,1.00,1.00
2010.08.24 12:55:57.903,0.7319,0.73235,1.00,1.00
2010.08.24 12:56:00.286,0.73195,0.7324,1.00,4.90
2010.08.24 12:56:00.480,0.7319,0.73235,1.00,1.00
2010.08.24 12:56:01.735,0.73195,0.73245,2.40,4.00
2010.08.24 12:56:02.073,0.73195,0.73245,2.40,4.00
2010.08.24 12:56:02.839,0.73195,0.73245,2.50,4.00
2010.08.24 12:56:03.163,0.7321,0.7325,1.00,4.00
2010.08.24 12:56:03.485,0.732,0.73245,1.00,4.80
2010.08.24 12:56:04.226,0.732,0.7324,1.00,2.40
2010.08.24 12:56:04.455,0.7319,0.7324,2.90,2.40
2010.08.24 12:56:04.683,0.73195,0.7324,1.00,2.40
2010.08.24 12:56:06.064,0.732,0.73245,1.00,4.90
2010.08.24 12:56:07.080,0.732,0.7324,1.00,2.40
2010.08.24 12:56:07.312,0.73195,0.7324,1.00,2.40
2010.08.24 12:56:07.835,0.73195,0.7324,1.00,2.40
2010.08.24 12:56:11.745,0.73195,0.73245,2.50,5.70
2010.08.24 12:56:11.937,0.732,0.73235,1.00,4.80
2010.08.24 12:56:12.094,0.7319,0.73235,1.00,4.80
2010.08.24 12:56:13.070,0.7319,0.73235,1.00,4.80
2010.08.24 12:56:13.224,0.7319,0.73235,1.00,4.80
2010.08.24 12:56:13.503,0.7319,0.73235,1.00,4.90
2010.08.24 12:56:14.319,0.7319,0.7323,1.00,1.00
2010.08.24 12:56:15.191,0.7319,0.73225,1.00,1.60
2010.08.24 12:56:15.407,0.7319,0.7323,1.00,3.20
2010.08.24 12:56:15.628,0.7319,0.73235,1.00,3.30
2010.08.24 12:56:16.754,0.7319,0.73235,1.00,3.30
2010.08.24 12:56:17.004,0.73195,0.73235,1.00,3.20
2010.08.24 12:56:18.032,0.7319,0.73225,1.00,1.00
2010.08.24 12:56:18.286,0.7319,0.73225,1.00,3.20
2010.08.24 12:56:18.545,0.7319,0.73225,1.00,4.00
2010.08.24 12:56:20.427,0.73185,0.7322,1.00,3.20
2010.08.24 12:56:20.500,0.7318,0.7322,1.00,3.20
2010.08.24 12:56:21.256,0.7318,0.73215,1.00,3.20
2010.08.24 12:56:21.512,0.73185,0.73215,1.00,3.20
2010.08.24 12:56:22.475,0.73185,0.73215,1.60,2.40
2010.08.24 12:56:22.746,0.732,0.7324,1.00,1.00
2010.08.24 12:56:23.013,0.732,0.73245,1.00,4.90
2010.08.24 12:56:23.975,0.73205,0.73245,3.20,1.00
2010.08.24 12:56:24.313,0.73205,0.73245,3.20,1.00
2010.08.24 12:56:24.653,0.73205,0.7325,3.20,2.50
2010.08.24 12:56:25.723,0.73205,0.7325,3.20,1.00
2010.08.24 12:56:25.995,0.7321,0.7325,1.00,1.00
2010.08.24 12:56:26.895,0.7321,0.73245,1.00,1.00
2010.08.24 12:56:28.185,0.73205,0.7325,3.30,2.50
2010.08.24 12:56:28.524,0.732,0.73245,3.20,1.00
2010.08.24 12:56:29.203,0.732,0.73245,3.30,1.00
2010.08.24 12:56:30.384,0.73205,0.73245,1.00,1.00
2010.08.24 12:56:30.613,0.732,0.7325,3.30,5.70
2010.08.24 12:56:31.543,0.73205,0.7325,1.00,5.70
2010.08.24 12:56:31.975,0.732,0.7324,3.20,1.00
2010.08.24 12:56:32.891,0.732,0.73245,3.20,1.00
2010.08.24 12:56:33.209,0.73205,0.7325,1.00,5.70
2010.08.24 12:56:33.518,0.73195,0.73245,3.30,3.20
2010.08.24 12:56:34.527,0.7319,0.73235,1.00,4.00
2010.08.24 12:56:37.194,0.7319,0.7323,1.00,1.00
2010.08.24 12:56:37.374,0.73185,0.7323,1.00,5.60
2010.08.24 12:56:37.553,0.73185,0.7322,1.00,1.60
2010.08.24 12:56:37.733,0.7318,0.7322,1.00,1.60
2010.08.24 12:56:38.440,0.7318,0.73225,1.00,4.80
2010.08.24 12:56:38.615,0.73185,0.73225,1.00,4.80
2010.08.24 12:56:39.339,0.7318,0.73225,1.00,4.90
2010.08.24 12:56:40.337,0.7318,0.7322,1.00,1.00
2010.08.24 12:56:40.878,0.7318,0.7322,1.00,4.80
2010.08.24 12:56:41.805,0.73185,0.7322,1.00,4.80
2010.08.24 12:56:43.563,0.7319,0.7322,1.00,4.80
2010.08.24 12:56:43.904,0.73185,0.73225,1.00,4.80
2010.08.24 12:56:44.681,0.73185,0.73225,1.00,1.60
2010.08.24 12:56:44.908,0.73185,0.7322,1.00,4.80
2010.08.24 12:56:46.896,0.73185,0.7322,1.00,1.60
2010.08.24 12:56:48.163,0.73185,0.7322,1.00,4.80
2010.08.24 12:56:49.023,0.7318,0.7322,1.00,4.90
2010.08.24 12:56:49.273,0.73175,0.73215,1.00,1.00
2010.08.24 12:56:50.667,0.7318,0.73215,1.00,1.00
2010.08.24 12:56:51.216,0.73175,0.73215,1.00,1.00
2010.08.24 12:56:51.488,0.73175,0.73215,1.00,1.00
2010.08.24 12:56:52.626,0.7318,0.7322,1.00,5.60
2010.08.24 12:56:52.897,0.7318,0.7322,1.00,4.80
2010.08.24 12:56:54.195,0.73185,0.7322,1.00,4.80
2010.08.24 12:56:55.513,0.73185,0.7322,1.00,1.60
2010.08.24 12:56:56.876,0.7318,0.7322,1.00,1.70
2010.08.24 12:56:58.484,0.7318,0.7322,1.00,4.80
2010.08.24 12:56:58.763,0.73175,0.7322,1.00,4.90
2010.08.24 12:56:59.043,0.73175,0.7322,1.00,4.80
2010.08.24 12:57:00.040,0.73175,0.7322,1.00,4.90
2010.08.24 12:57:00.998,0.73175,0.7322,1.00,3.30
2010.08.24 12:57:01.349,0.7318,0.73225,1.00,2.40
2010.08.24 12:57:01.697,0.7318,0.73225,3.30,1.00
2010.08.24 12:57:02.728,0.7318,0.73225,1.00,3.30
2010.08.24 12:57:03.065,0.7318,0.73225,1.00,4.00
2010.08.24 12:57:04.741,0.73175,0.73225,3.30,4.10
2010.08.24 12:57:04.875,0.7318,0.73225,1.00,4.00
2010.08.24 12:57:05.015,0.73185,0.7322,1.00,1.60
2010.08.24 12:57:05.154,0.7318,0.7322,1.00,1.60
2010.08.24 12:57:05.864,0.7318,0.7322,1.00,4.00
2010.08.24 12:57:06.145,0.73175,0.7322,1.00,5.60
2010.08.24 12:57:06.424,0.73175,0.73215,1.00,1.00
2010.08.24 12:57:06.704,0.7318,0.73225,1.00,5.20
2010.08.24 12:57:07.585,0.7318,0.73225,4.00,1.00
2010.08.24 12:57:07.784,0.7318,0.73225,3.20,1.00
2010.08.24 12:57:08.674,0.73185,0.7323,4.80,2.40
2010.08.24 12:57:10.275,0.7318,0.73225,3.20,1.00
2010.08.24 12:57:10.494,0.73175,0.73225,3.30,3.20
2010.08.24 12:57:11.217,0.73175,0.73225,4.90,3.20
2010.08.24 12:57:11.499,0.7318,0.73225,3.30,1.00
2010.08.24 12:57:11.877,0.73185,0.73225,1.00,1.00
2010.08.24 12:57:12.791,0.7318,0.73225,3.20,1.00
2010.08.24 12:57:13.009,0.7318,0.73225,3.30,1.00
2010.08.24 12:57:13.224,0.7318,0.73225,3.30,1.70
2010.08.24 12:57:14.148,0.7318,0.73225,3.20,1.60
2010.08.24 12:57:14.455,0.73185,0.7322,1.00,1.60
2010.08.24 12:57:15.447,0.7318,0.7322,1.00,4.80
2010.08.24 12:57:15.756,0.7318,0.73225,1.00,4.00
2010.08.24 12:57:16.065,0.73185,0.73225,1.00,4.00
2010.08.24 12:57:16.901,0.73185,0.73225,1.00,4.00
2010.08.24 12:57:17.777,0.73185,0.7322,1.00,1.00
2010.08.24 12:57:17.954,0.7318,0.7322,1.00,2.40
2010.08.24 12:57:18.173,0.7318,0.7322,1.00,5.60
2010.08.24 12:57:19.435,0.73185,0.73225,1.00,2.40
2010.08.24 12:57:19.673,0.73185,0.7323,1.00,3.20
2010.08.24 12:57:21.120,0.7319,0.7323,1.00,3.20
2010.08.24 12:57:22.123,0.7319,0.7322,1.00,1.60
2010.08.24 12:57:22.465,0.73185,0.7323,1.00,2.40
2010.08.24 12:57:22.804,0.73185,0.73235,3.30,4.10
2010.08.24 12:57:23.785,0.73185,0.73235,4.10,3.30
2010.08.24 12:57:24.855,0.7319,0.7324,4.90,4.90
2010.08.24 12:57:24.924,0.73195,0.7324,1.00,4.90
2010.08.24 12:57:25.503,0.73195,0.7324,1.00,4.80
2010.08.24 12:57:26.242,0.73195,0.7323,1.60,1.00
2010.08.24 12:57:26.539,0.732,0.7324,2.40,2.40
2010.08.24 12:57:26.623,0.73195,0.7324,4.90,2.40
2010.08.24 12:57:27.923,0.732,0.7324,1.00,2.40
2010.08.24 12:57:28.922,0.732,0.73245,1.00,1.60
2010.08.24 12:57:29.137,0.732,0.7324,1.00,1.00
2010.08.24 12:57:29.345,0.732,0.73235,1.00,1.00
2010.08.24 12:57:29.555,0.73195,0.73235,2.40,1.00
2010.08.24 12:57:30.495,0.73185,0.7323,2.40,4.00
2010.08.24 12:57:30.776,0.7319,0.73235,2.40,2.40
2010.08.24 12:57:31.607,0.73195,0.73235,1.00,2.40
2010.08.24 12:57:31.848,0.73195,0.73245,4.10,1.00
2010.08.24 12:57:32.084,0.73195,0.73245,4.00,1.00
2010.08.24 12:57:33.059,0.73195,0.7324,4.00,1.00
2010.08.24 12:57:33.388,0.732,0.7325,2.50,3.30
2010.08.24 12:57:33.716,0.732,0.73245,2.50,1.00
2010.08.24 12:57:34.559,0.732,0.73245,2.40,1.00
2010.08.24 12:57:34.750,0.73195,0.73245,3.30,1.00
2010.08.24 12:57:35.651,0.73195,0.73245,2.40,1.00
2010.08.24 12:57:35.996,0.732,0.7325,1.00,3.20
2010.08.24 12:57:36.334,0.73195,0.73245,4.10,1.00
2010.08.24 12:57:38.153,0.73195,0.73245,4.10,2.50
2010.08.24 12:57:38.383,0.73195,0.73245,4.00,2.40
2010.08.24 12:57:38.694,0.73195,0.73245,2.40,4.10
2010.08.24 12:57:39.916,0.73195,0.7324,2.40,1.00
2010.08.24 12:57:43.403,0.73195,0.73245,4.10,2.50
2010.08.24 12:57:44.676,0.73195,0.7324,1.70,2.40
2010.08.24 12:57:44.895,0.73195,0.7324,1.00,2.40
2010.08.24 12:57:45.238,0.7319,0.73235,4.10,1.00
2010.08.24 12:57:45.453,0.7319,0.73235,4.00,1.00
2010.08.24 12:57:46.210,0.7319,0.7324,4.10,2.50
2010.08.24 12:57:46.424,0.7319,0.73235,1.70,2.50
2010.08.24 12:57:47.655,0.7319,0.73235,4.00,1.00
2010.08.24 12:57:47.913,0.73195,0.73235,1.00,1.00
2010.08.24 12:57:49.265,0.7319,0.73235,4.00,1.00
2010.08.24 12:57:49.564,0.73195,0.73235,1.00,1.00
2010.08.24 12:57:49.863,0.73195,0.73235,1.00,1.00
2010.08.24 12:57:51.938,0.73195,0.7324,1.00,1.00
2010.08.24 12:57:54.028,0.73195,0.73235,1.00,1.00
2010.08.24 12:57:54.978,0.7319,0.73235,3.30,1.60
2010.08.24 12:57:55.971,0.7319,0.73235,1.00,4.00
2010.08.24 12:57:56.165,0.7319,0.73235,1.00,4.10
2010.08.24 12:57:57.162,0.7319,0.7323,1.00,1.00
2010.08.24 12:57:57.505,0.73195,0.73235,1.00,4.10
2010.08.24 12:57:58.884,0.73195,0.73225,1.00,1.60
2010.08.24 12:57:59.240,0.7319,0.73225,1.00,1.60
2010.08.24 12:58:00.576,0.7319,0.73235,1.00,3.20
2010.08.24 12:58:01.373,0.7319,0.73235,1.00,3.30
2010.08.24 12:58:01.670,0.73195,0.7324,1.00,1.00
2010.08.24 12:58:02.591,0.73195,0.7324,1.00,3.30
2010.08.24 12:58:02.897,0.73195,0.7324,1.00,2.50
2010.08.24 12:58:03.206,0.73195,0.7324,1.00,2.50
2010.08.24 12:58:03.945,0.73195,0.7324,1.00,2.40
2010.08.24 12:58:04.265,0.732,0.7324,1.00,2.40
2010.08.24 12:58:04.584,0.73195,0.73235,1.00,1.00
2010.08.24 12:58:04.896,0.73195,0.7324,1.00,2.40
2010.08.24 12:58:05.924,0.73195,0.73235,1.00,1.00
2010.08.24 12:58:06.123,0.73195,0.73235,1.00,1.00
2010.08.24 12:58:06.324,0.73195,0.73235,5.70,1.00
2010.08.24 12:58:07.034,0.73195,0.73235,4.90,1.00
2010.08.24 12:58:08.264,0.73195,0.7324,4.80,1.60
2010.08.24 12:58:08.605,0.732,0.7324,1.00,4.10
2010.08.24 12:58:08.943,0.73195,0.7324,1.70,4.10
2010.08.24 12:58:10.047,0.73195,0.73235,1.00,4.00
2010.08.24 12:58:10.334,0.73195,0.73235,1.00,4.00
2010.08.24 12:58:11.521,0.73195,0.73235,1.00,2.40
2010.08.24 12:58:11.866,0.73195,0.73235,1.00,4.00
2010.08.24 12:58:12.544,0.73195,0.73235,1.00,4.10
2010.08.24 12:58:13.443,0.7319,0.73235,1.00,4.10
2010.08.24 12:58:13.687,0.73195,0.73235,1.00,4.10
2010.08.24 12:58:13.930,0.73195,0.73235,1.00,2.50
2010.08.24 12:58:15.073,0.7319,0.7323,1.00,4.80
2010.08.24 12:58:16.007,0.73185,0.73225,1.00,1.00
2010.08.24 12:58:16.345,0.7319,0.7323,1.00,4.10
2010.08.24 12:58:17.554,0.73185,0.7323,1.00,4.80
2010.08.24 12:58:18.576,0.7319,0.7323,1.00,4.80
2010.08.24 12:58:18.924,0.7319,0.7323,1.00,4.80
2010.08.24 12:58:19.418,0.73185,0.7323,1.00,4.90
2010.08.24 12:58:20.622,0.73185,0.7323,1.00,4.80
2010.08.24 12:58:20.947,0.7319,0.7323,1.00,4.80
2010.08.24 12:58:21.925,0.732,0.73235,1.60,1.20
2010.08.24 12:58:22.105,0.73185,0.73225,1.00,3.20
2010.08.24 12:58:22.283,0.73185,0.7323,1.00,3.20
2010.08.24 12:58:23.360,0.73185,0.7323,1.70,3.20
2010.08.24 12:58:23.536,0.7319,0.73235,1.00,2.40
2010.08.24 12:58:23.864,0.7319,0.73235,1.00,2.50
2010.08.24 12:58:24.184,0.7319,0.7323,1.00,2.40
2010.08.24 12:58:25.391,0.73195,0.73235,1.00,1.00
2010.08.24 12:58:25.548,0.73195,0.7324,1.70,2.50
2010.08.24 12:58:26.994,0.73205,0.73245,1.60,1.00
2010.08.24 12:58:28.745,0.73205,0.73245,1.60,1.00
2010.08.24 12:58:29.083,0.73205,0.73245,1.70,1.00
2010.08.24 12:58:29.951,0.73205,0.73245,1.60,1.00
2010.08.24 12:58:30.674,0.732,0.7324,1.60,3.30
2010.08.24 12:58:30.905,0.732,0.73235,1.00,1.00
2010.08.24 12:58:31.647,0.7319,0.73235,3.30,1.00
2010.08.24 12:58:31.905,0.73185,0.73235,3.20,4.00
2010.08.24 12:58:32.935,0.7319,0.73235,1.00,4.00
2010.08.24 12:58:33.074,0.73185,0.73235,3.30,4.10
2010.08.24 12:58:34.055,0.73185,0.73235,3.20,4.00
2010.08.24 12:58:34.300,0.7318,0.73225,1.00,4.00
2010.08.24 12:58:34.536,0.73185,0.73225,1.00,4.00
2010.08.24 12:58:35.543,0.73185,0.7323,2.40,1.00
2010.08.24 12:58:35.774,0.73185,0.7323,2.40,1.00
2010.08.24 12:58:36.004,0.7319,0.7324,2.40,5.70
2010.08.24 12:58:36.764,0.73185,0.73235,3.30,2.40
2010.08.24 12:58:36.994,0.73195,0.73235,2.40,1.00
2010.08.24 12:58:37.684,0.7319,0.73235,3.20,1.00
2010.08.24 12:58:38.689,0.7319,0.73235,1.00,4.90
2010.08.24 12:58:39.114,0.732,0.73235,1.00,1.00
2010.08.24 12:58:40.024,0.732,0.7324,1.00,1.00
2010.08.24 12:58:40.095,0.73195,0.73235,1.00,4.80
2010.08.24 12:58:40.515,0.73195,0.73235,2.40,2.40
2010.08.24 12:58:41.005,0.7319,0.73235,1.00,4.80
2010.08.24 12:58:41.647,0.7319,0.7323,1.00,1.60
2010.08.24 12:58:41.807,0.7319,0.73225,1.00,1.00
2010.08.24 12:58:41.968,0.7318,0.73225,1.00,2.50
2010.08.24 12:58:42.125,0.7318,0.73225,2.50,1.60
2010.08.24 12:58:43.191,0.7318,0.7322,1.00,2.40
2010.08.24 12:58:43.536,0.7318,0.73225,1.00,4.90
2010.08.24 12:58:43.873,0.7318,0.73225,1.00,4.90
2010.08.24 12:58:44.841,0.7318,0.7322,1.00,1.00
2010.08.24 12:58:45.185,0.7318,0.7322,1.00,1.00
2010.08.24 12:58:46.019,0.7318,0.7322,1.00,1.00
2010.08.24 12:58:46.286,0.7318,0.7322,1.00,1.00
2010.08.24 12:58:46.556,0.7318,0.7322,1.00,1.60
2010.08.24 12:58:46.827,0.7318,0.7323,4.10,5.70
2010.08.24 12:58:47.798,0.7318,0.7323,4.90,5.70
2010.08.24 12:58:48.027,0.73185,0.7323,1.00,5.60
2010.08.24 12:58:48.944,0.73185,0.7323,1.00,5.70
2010.08.24 12:58:49.235,0.73185,0.7323,1.00,5.60
2010.08.24 12:58:49.535,0.7319,0.7323,1.00,5.60
2010.08.24 12:58:49.833,0.7319,0.7323,1.00,5.60
2010.08.24 12:58:50.901,0.7319,0.7323,1.00,5.60
2010.08.24 12:58:51.308,0.7319,0.7323,1.00,4.80
2010.08.24 12:58:56.085,0.7319,0.7323,1.00,4.80
2010.08.24 12:58:56.263,0.73185,0.7323,1.00,4.90
2010.08.24 12:58:57.046,0.7319,0.7323,1.00,4.80
2010.08.24 12:58:57.295,0.7318,0.73225,1.00,4.90
2010.08.24 12:58:58.237,0.73185,0.7323,1.00,5.70
2010.08.24 12:58:58.475,0.7318,0.73225,4.90,1.00
2010.08.24 12:58:58.716,0.73185,0.7322,4.00,1.00
2010.08.24 12:58:59.463,0.73185,0.7323,4.80,3.70
2010.08.24 12:58:59.783,0.73185,0.7323,1.00,5.70
2010.08.24 12:59:01.677,0.73185,0.73225,1.00,4.80
2010.08.24 12:59:01.784,0.7318,0.73225,1.00,4.90
2010.08.24 12:59:03.045,0.7318,0.7322,1.00,1.60
2010.08.24 12:59:03.296,0.7318,0.7322,1.00,1.60
2010.08.24 12:59:04.545,0.7318,0.73225,1.00,4.00
2010.08.24 12:59:04.844,0.73185,0.73225,1.00,3.20
2010.08.24 12:59:05.889,0.73185,0.7322,1.00,4.80
2010.08.24 12:59:06.225,0.73185,0.73225,1.00,4.80
2010.08.24 12:59:07.606,0.73185,0.73225,1.00,4.00
2010.08.24 12:59:07.834,0.73185,0.73225,1.00,4.00
2010.08.24 12:59:08.063,0.73185,0.7323,1.00,4.40
2010.08.24 12:59:09.025,0.73195,0.7323,1.00,1.60
2010.08.24 12:59:09.444,0.7319,0.7323,1.00,1.60
2010.08.24 12:59:09.776,0.73195,0.7323,1.00,1.60
2010.08.24 12:59:10.907,0.73195,0.73235,1.00,3.30
2010.08.24 12:59:11.154,0.73195,0.73235,1.00,2.40
2010.08.24 12:59:11.373,0.73195,0.73235,1.00,3.20
2010.08.24 12:59:11.593,0.7319,0.73235,3.30,1.00
2010.08.24 12:59:12.387,0.7319,0.73235,4.00,1.00
2010.08.24 12:59:12.614,0.73195,0.7324,1.00,1.00
2010.08.24 12:59:12.864,0.73195,0.7324,1.00,1.00
2010.08.24 12:59:13.974,0.73195,0.7324,1.00,1.00
2010.08.24 12:59:14.315,0.73205,0.7325,1.00,1.00
2010.08.24 12:59:14.654,0.73205,0.7325,2.50,1.00
2010.08.24 12:59:15.654,0.73205,0.7325,2.80,1.00
2010.08.24 12:59:15.954,0.7321,0.7325,1.00,1.00
2010.08.24 12:59:16.830,0.73205,0.7325,2.90,1.00
2010.08.24 12:59:17.361,0.7321,0.7325,1.00,1.00
2010.08.24 12:59:18.784,0.73205,0.7325,2.50,1.00
2010.08.24 12:59:19.124,0.73205,0.7325,1.00,2.40
2010.08.24 12:59:20.031,0.73205,0.73245,1.00,1.00
2010.08.24 12:59:20.986,0.73205,0.7325,1.00,4.80
2010.08.24 12:59:21.184,0.73205,0.73245,1.00,1.00
2010.08.24 12:59:23.190,0.7321,0.7325,1.00,3.20
2010.08.24 12:59:23.426,0.7321,0.7325,1.00,1.00
2010.08.24 12:59:24.634,0.7321,0.7325,1.00,1.00
2010.08.24 12:59:25.216,0.73205,0.7325,2.40,1.00
2010.08.24 12:59:27.114,0.73205,0.7325,3.30,1.00
2010.08.24 12:59:27.265,0.7321,0.7325,1.00,1.00
2010.08.24 12:59:28.484,0.732,0.73245,3.20,2.40
2010.08.24 12:59:28.825,0.732,0.7324,1.00,1.00
2010.08.24 12:59:31.658,0.732,0.73235,1.00,2.40
2010.08.24 12:59:31.915,0.73195,0.73235,1.00,2.40
2010.08.24 12:59:32.127,0.7319,0.7323,2.50,1.00
2010.08.24 12:59:33.008,0.7319,0.7323,1.00,1.00
2010.08.24 12:59:33.177,0.73185,0.7323,2.50,1.00
2010.08.24 12:59:33.344,0.73185,0.7323,2.50,1.00
2010.08.24 12:59:33.605,0.7319,0.7323,1.00,1.00
2010.08.24 12:59:34.707,0.73195,0.7324,1.00,4.80
2010.08.24 12:59:35.794,0.73195,0.73235,1.00,3.20
2010.08.24 12:59:36.137,0.7319,0.7324,2.50,5.70
2010.08.24 12:59:36.427,0.7319,0.7324,1.70,4.90
2010.08.24 12:59:37.447,0.7319,0.73235,1.00,1.00
2010.08.24 12:59:38.368,0.73195,0.7324,4.00,3.30
2010.08.24 12:59:38.704,0.73195,0.7324,4.80,1.60
2010.08.24 12:59:39.044,0.73195,0.7324,4.90,1.60
2010.08.24 12:59:40.102,0.73195,0.7324,2.50,4.00
2010.08.24 12:59:40.451,0.73195,0.7324,1.00,5.60
2010.08.24 12:59:40.746,0.73195,0.7324,1.00,5.70
2010.08.24 12:59:41.945,0.73195,0.7324,3.20,2.50
2010.08.24 12:59:42.103,0.73195,0.7324,1.00,5.70
2010.08.24 12:59:42.878,0.73195,0.73235,1.00,1.00
2010.08.24 12:59:43.046,0.7319,0.7323,1.00,4.80
2010.08.24 12:59:44.423,0.7319,0.7323,1.00,1.60
2010.08.24 12:59:44.767,0.73195,0.73235,1.00,4.00
2010.08.24 12:59:45.734,0.7319,0.73235,1.00,4.80
2010.08.24 12:59:45.969,0.73195,0.73235,1.00,4.80
2010.08.24 12:59:46.658,0.73195,0.73235,1.00,4.80
2010.08.24 12:59:48.668,0.73195,0.73235,1.00,4.80
2010.08.24 12:59:49.766,0.73185,0.7323,1.00,4.80
2010.08.24 12:59:49.986,0.73185,0.7323,1.00,4.80
2010.08.24 12:59:50.959,0.73185,0.73225,1.00,4.80
2010.08.24 12:59:51.225,0.73185,0.73225,1.00,4.80
2010.08.24 12:59:51.934,0.73185,0.73225,1.00,3.20
2010.08.24 12:59:52.155,0.7318,0.7323,5.70,4.90
2010.08.24 12:59:52.375,0.73185,0.7323,2.40,2.50
2010.08.24 12:59:52.600,0.7318,0.7323,4.90,4.90
2010.08.24 12:59:53.675,0.73185,0.73225,1.00,1.00
2010.08.24 12:59:54.014,0.73185,0.7323,1.00,5.60
2010.08.24 12:59:55.084,0.7319,0.7323,1.00,5.60
2010.08.24 12:59:56.714,0.73185,0.7323,1.00,4.80
2010.08.24 12:59:57.506,0.73185,0.7323,2.50,2.40
2010.08.24 12:59:57.717,0.73195,0.73245,3.30,3.30
2010.08.24 12:59:58.443,0.732,0.73245,1.00,3.20
2010.08.24 12:59:59.566,0.732,0.73245,1.00,3.20
2010.08.24 12:59:59.804,0.73205,0.73245,1.00,3.20
