2012.11.21 18:00:00.254,0.76252,0.76279,1.35,1.73
2012.11.21 18:00:00.813,0.76251,0.76279,1.50,1.73
2012.11.21 18:00:01.602,0.76251,0.76276,1.73,1.50
2012.11.21 18:00:01.782,0.76251,0.76279,1.73,1.73
2012.11.21 18:00:01.841,0.76253,0.76279,1.73,1.73
2012.11.21 18:00:02.372,0.7625,0.76279,2.10,1.73
2012.11.21 18:00:02.453,0.7625,0.76275,2.10,1.50
2012.11.21 18:00:02.992,0.7625,0.76275,1.73,1.50
2012.11.21 18:00:04.185,0.76249,0.76276,2.10,1.50
2012.11.21 18:00:07.422,0.76248,0.76275,1.35,1.50
2012.11.21 18:00:07.482,0.76246,0.76274,2.10,1.73
2012.11.21 18:00:08.722,0.76248,0.76273,1.35,1.50
2012.11.21 18:00:11.521,0.76246,0.76276,1.35,1.73
2012.11.21 18:00:11.634,0.76246,0.76274,1.35,1.73
2012.11.21 18:00:13.752,0.76243,0.76274,1.50,2.25
2012.11.21 18:00:14.633,0.76242,0.76274,2.10,1.73
2012.11.21 18:00:17.233,0.76242,0.76274,1.88,3.08
2012.11.21 18:00:17.384,0.76242,0.76268,1.88,1.73
2012.11.21 18:00:17.504,0.76243,0.76269,1.13,1.73
2012.11.21 18:00:17.834,0.76244,0.76273,1.73,1.73
2012.11.21 18:00:18.013,0.76247,0.76273,1.73,1.73
2012.11.21 18:00:18.072,0.76246,0.76272,2.48,1.73
2012.11.21 18:00:18.768,0.76246,0.76272,2.48,1.73
2012.11.21 18:00:19.333,0.76246,0.7627,1.35,1.73
2012.11.21 18:00:19.658,0.76247,0.76274,1.13,1.73
2012.11.21 18:00:20.202,0.76246,0.76273,2.10,1.73
2012.11.21 18:00:20.744,0.76248,0.76274,2.25,1.73
2012.11.21 18:00:21.303,0.7625,0.76275,1.50,1.73
2012.11.21 18:00:24.938,0.76251,0.76277,1.50,1.73
2012.11.21 18:00:25.433,0.76251,0.76276,1.50,1.73
2012.11.21 18:00:27.022,0.76249,0.76275,1.13,1.73
2012.11.21 18:00:28.268,0.76249,0.76275,1.13,1.73
2012.11.21 18:00:29.704,0.76248,0.76274,1.13,1.73
2012.11.21 18:00:30.533,0.76247,0.76274,1.35,1.73
2012.11.21 18:00:34.043,0.76247,0.76274,1.35,1.73
2012.11.21 18:00:34.103,0.76248,0.76279,1.35,1.73
2012.11.21 18:00:34.282,0.7625,0.76279,1.35,1.73
2012.11.21 18:00:34.342,0.76251,0.76279,1.73,1.73
2012.11.21 18:00:35.629,0.76252,0.76279,1.35,1.73
2012.11.21 18:00:36.178,0.76252,0.76279,1.35,1.73
2012.11.21 18:00:40.254,0.76251,0.76279,2.10,1.73
2012.11.21 18:00:42.052,0.76253,0.76279,1.35,1.73
2012.11.21 18:00:42.629,0.76251,0.76279,2.10,1.73
2012.11.21 18:00:43.233,0.76252,0.76277,1.73,1.50
2012.11.21 18:00:46.192,0.76252,0.76278,2.10,2.25
2012.11.21 18:00:47.252,0.76252,0.76278,1.73,1.50
2012.11.21 18:00:48.042,0.76252,0.76279,2.10,1.73
2012.11.21 18:00:48.908,0.76252,0.76279,2.10,1.73
2012.11.21 18:00:49.482,0.76253,0.76278,1.35,1.73
2012.11.21 18:00:55.421,0.76254,0.76281,1.35,1.73
2012.11.21 18:00:58.272,0.76254,0.76283,1.35,1.73
2012.11.21 18:00:58.494,0.76253,0.76283,2.10,1.73
2012.11.21 18:00:59.074,0.76253,0.76283,2.10,1.73
2012.11.21 18:00:59.542,0.76253,0.7628,1.35,1.73
2012.11.21 18:01:00.614,0.76252,0.76278,2.48,1.73
2012.11.21 18:01:00.933,0.76252,0.76278,1.73,1.73
2012.11.21 18:01:01.131,0.76251,0.76274,1.13,1.50
2012.11.21 18:01:09.393,0.76251,0.76278,1.73,1.73
2012.11.21 18:01:09.452,0.76252,0.76278,1.13,1.73
2012.11.21 18:01:09.578,0.76252,0.76279,2.10,1.50
2012.11.21 18:01:11.139,0.76252,0.76279,1.73,1.50
2012.11.21 18:01:12.963,0.76253,0.76279,2.10,1.50
2012.11.21 18:01:15.403,0.76253,0.76279,1.35,1.50
2012.11.21 18:01:15.923,0.76252,0.76279,1.35,1.50
2012.11.21 18:01:16.092,0.76252,0.76279,1.35,1.50
2012.11.21 18:01:16.273,0.76251,0.76279,1.73,1.73
2012.11.21 18:01:17.682,0.7625,0.76279,1.35,1.73
2012.11.21 18:01:17.742,0.7625,0.76279,1.35,1.73
2012.11.21 18:01:18.183,0.76252,0.76284,2.10,1.73
2012.11.21 18:01:18.509,0.76252,0.76278,2.10,1.50
2012.11.21 18:01:23.350,0.76252,0.76283,1.35,1.73
2012.11.21 18:01:23.535,0.76254,0.76283,1.73,1.73
2012.11.21 18:01:35.366,0.76254,0.76283,1.73,1.73
2012.11.21 18:01:35.423,0.76254,0.76278,1.73,1.50
2012.11.21 18:01:36.493,0.76255,0.76283,1.35,1.73
2012.11.21 18:01:36.712,0.76255,0.76283,2.10,1.73
2012.11.21 18:01:40.612,0.76255,0.7628,1.73,1.50
2012.11.21 18:01:45.412,0.76255,0.76282,1.35,1.73
2012.11.21 18:01:45.652,0.76254,0.76278,1.13,1.73
2012.11.21 18:01:45.832,0.76255,0.76281,1.73,1.73
2012.11.21 18:01:48.133,0.76256,0.76284,1.13,1.73
2012.11.21 18:01:48.322,0.76257,0.76284,1.35,1.73
2012.11.21 18:01:50.562,0.76258,0.76284,1.73,1.73
2012.11.21 18:01:51.718,0.76258,0.76284,1.73,1.73
2012.11.21 18:01:52.402,0.76259,0.76286,1.73,1.73
2012.11.21 18:01:54.237,0.76261,0.76289,1.73,1.73
2012.11.21 18:01:57.922,0.7626,0.76289,1.35,1.73
2012.11.21 18:01:57.982,0.76257,0.76284,1.35,1.50
2012.11.21 18:01:58.042,0.76257,0.76284,1.35,1.73
2012.11.21 18:02:00.523,0.76257,0.76284,1.35,1.73
2012.11.21 18:02:00.633,0.76257,0.76284,1.35,1.73
2012.11.21 18:02:07.773,0.76258,0.76284,1.73,1.73
2012.11.21 18:02:10.023,0.7626,0.76289,1.35,1.73
2012.11.21 18:02:10.142,0.7626,0.76289,1.35,1.73
2012.11.21 18:02:10.464,0.76257,0.76284,2.48,1.73
2012.11.21 18:02:15.072,0.76259,0.76286,1.35,1.73
2012.11.21 18:02:18.156,0.76259,0.76286,1.13,1.73
2012.11.21 18:02:20.231,0.76259,0.76286,1.13,1.73
2012.11.21 18:02:20.532,0.76256,0.76283,1.13,1.73
2012.11.21 18:02:20.764,0.76256,0.76284,2.25,1.73
2012.11.21 18:02:21.605,0.76256,0.76284,1.13,1.73
2012.11.21 18:02:22.597,0.76256,0.76284,1.13,1.73
2012.11.21 18:02:23.212,0.76256,0.76284,1.13,1.73
2012.11.21 18:02:25.825,0.76256,0.76284,1.13,1.73
2012.11.21 18:02:27.043,0.76256,0.76284,1.13,1.65
2012.11.21 18:02:27.913,0.76256,0.76284,1.35,1.65
2012.11.21 18:02:29.003,0.76256,0.76284,1.35,1.73
2012.11.21 18:02:29.592,0.76256,0.76284,1.35,1.73
2012.11.21 18:02:38.388,0.76256,0.76284,2.10,1.73
2012.11.21 18:02:48.454,0.76257,0.76284,1.13,1.73
2012.11.21 18:02:53.284,0.76259,0.76284,1.13,1.73
2012.11.21 18:02:53.490,0.76259,0.76284,1.35,1.50
2012.11.21 18:02:54.102,0.76261,0.76289,1.13,1.73
2012.11.21 18:02:59.686,0.76262,0.76289,1.50,1.73
2012.11.21 18:02:59.802,0.76262,0.76289,1.73,1.73
2012.11.21 18:03:05.952,0.76265,0.76292,1.50,1.73
2012.11.21 18:03:06.637,0.76261,0.76288,1.73,1.73
2012.11.21 18:03:06.701,0.7626,0.76286,1.35,1.50
2012.11.21 18:03:06.822,0.7626,0.76286,1.13,1.73
2012.11.21 18:03:15.216,0.76257,0.76287,1.73,1.73
2012.11.21 18:03:16.533,0.76258,0.76288,1.35,1.73
2012.11.21 18:03:46.523,0.76261,0.76289,1.73,1.73
2012.11.21 18:03:50.664,0.76264,0.76294,1.50,1.92
2012.11.21 18:03:50.782,0.76265,0.76294,1.73,1.73
2012.11.21 18:04:23.621,0.76262,0.76293,2.33,1.35
2012.11.21 18:04:23.684,0.76262,0.76289,2.33,1.50
2012.11.21 18:04:23.804,0.76262,0.76289,2.70,1.73
2012.11.21 18:04:23.864,0.76262,0.76287,1.58,1.73
2012.11.21 18:04:23.923,0.76262,0.76287,1.58,1.50
2012.11.21 18:04:24.283,0.76251,0.76278,1.13,1.50
2012.11.21 18:04:24.843,0.76252,0.76278,1.13,1.50
2012.11.21 18:04:24.985,0.76252,0.76278,1.13,1.50
2012.11.21 18:04:25.522,0.76252,0.76278,1.13,1.50
2012.11.21 18:04:26.245,0.76253,0.76283,1.13,1.73
2012.11.21 18:04:31.732,0.76252,0.76284,1.50,1.35
2012.11.21 18:04:31.864,0.76255,0.76287,1.73,1.35
2012.11.21 18:04:32.180,0.76255,0.76284,1.73,1.73
2012.11.21 18:04:33.171,0.76255,0.76287,1.73,1.35
2012.11.21 18:04:34.945,0.76255,0.76287,1.73,1.35
2012.11.21 18:04:37.763,0.76255,0.76288,1.73,1.35
2012.11.21 18:04:39.384,0.76255,0.76283,1.73,1.73
2012.11.21 18:04:39.724,0.76252,0.76283,1.50,1.73
2012.11.21 18:04:44.843,0.76253,0.76283,1.50,1.73
2012.11.21 18:04:45.944,0.7625,0.76283,1.73,1.73
2012.11.21 18:04:47.832,0.76254,0.76283,1.50,1.73
2012.11.21 18:04:52.842,0.76251,0.76283,1.73,1.73
2012.11.21 18:04:54.881,0.76252,0.76283,1.50,1.73
2012.11.21 18:04:55.582,0.76251,0.76283,1.73,1.73
2012.11.21 18:04:57.314,0.76251,0.76283,1.73,2.10
2012.11.21 18:04:58.083,0.76251,0.76283,1.50,1.35
2012.11.21 18:04:58.323,0.76254,0.76283,1.50,1.35
2012.11.21 18:04:58.383,0.76254,0.76283,1.73,1.35
2012.11.21 18:05:15.912,0.76255,0.76281,1.35,1.50
2012.11.21 18:05:16.122,0.76254,0.76279,1.50,1.73
2012.11.21 18:05:19.094,0.76251,0.76279,1.73,1.73
2012.11.21 18:05:19.213,0.7625,0.76279,2.33,1.73
2012.11.21 18:05:19.544,0.7625,0.76279,1.50,1.73
2012.11.21 18:05:19.853,0.76252,0.76283,1.50,1.50
2012.11.21 18:05:19.912,0.76252,0.76284,1.50,1.73
2012.11.21 18:05:21.892,0.76252,0.76284,1.50,1.73
2012.11.21 18:05:22.604,0.76253,0.76284,1.50,1.73
2012.11.21 18:05:33.222,0.76251,0.76283,1.50,1.35
2012.11.21 18:05:33.704,0.76252,0.76283,1.50,1.35
2012.11.21 18:05:36.200,0.76251,0.76279,2.25,1.50
2012.11.21 18:05:36.880,0.76251,0.76279,1.50,1.73
2012.11.21 18:05:43.124,0.76249,0.76279,1.13,1.73
2012.11.21 18:05:43.243,0.76247,0.76276,2.10,1.50
2012.11.21 18:05:43.362,0.76247,0.76274,1.50,1.73
2012.11.21 18:05:45.054,0.76247,0.76278,1.73,1.73
2012.11.21 18:05:45.116,0.76247,0.76278,1.73,1.73
2012.11.21 18:05:49.235,0.76246,0.76274,2.10,1.73
2012.11.21 18:05:49.934,0.76246,0.76274,2.10,1.73
2012.11.21 18:05:49.995,0.76246,0.76274,1.88,1.73
2012.11.21 18:05:54.793,0.76246,0.76274,1.13,1.73
2012.11.21 18:05:58.483,0.76246,0.76274,1.88,1.73
2012.11.21 18:05:59.014,0.76246,0.76274,1.13,1.73
2012.11.21 18:06:03.088,0.76246,0.76274,1.13,1.73
2012.11.21 18:06:05.244,0.76247,0.76274,1.13,1.73
2012.11.21 18:06:17.068,0.76247,0.76277,1.13,1.73
2012.11.21 18:06:18.054,0.7625,0.76277,1.50,1.73
2012.11.21 18:06:18.434,0.76251,0.76279,1.50,1.73
2012.11.21 18:06:20.915,0.76251,0.76281,1.50,2.37
2012.11.21 18:06:21.033,0.76252,0.76279,1.13,1.73
2012.11.21 18:06:21.281,0.76252,0.76281,1.13,2.10
2012.11.21 18:06:26.908,0.76252,0.76279,1.13,1.73
2012.11.21 18:06:34.940,0.7625,0.76279,1.73,1.73
2012.11.21 18:07:17.925,0.76251,0.76279,1.73,1.73
2012.11.21 18:07:18.213,0.76251,0.76279,1.73,1.73
2012.11.21 18:07:18.354,0.76254,0.76283,1.73,1.73
2012.11.21 18:07:20.803,0.76254,0.76283,1.50,1.73
2012.11.21 18:07:20.863,0.76252,0.7628,1.73,1.73
2012.11.21 18:07:20.923,0.76252,0.7628,1.73,1.73
2012.11.21 18:07:21.054,0.76254,0.76284,1.73,1.73
2012.11.21 18:07:23.973,0.76252,0.7628,1.73,1.73
2012.11.21 18:07:24.069,0.76252,0.7628,1.73,1.73
2012.11.21 18:07:24.884,0.76252,0.76279,1.73,1.73
2012.11.21 18:07:32.470,0.76252,0.76279,1.73,1.73
2012.11.21 18:07:36.665,0.76252,0.76279,1.73,1.73
2012.11.21 18:07:41.003,0.76252,0.76279,1.50,1.73
2012.11.21 18:07:44.929,0.76252,0.76281,1.50,1.73
2012.11.21 18:07:46.067,0.76252,0.76278,1.50,1.73
2012.11.21 18:07:46.274,0.76252,0.76284,1.73,1.73
2012.11.21 18:07:46.784,0.76253,0.76284,1.73,1.73
2012.11.21 18:07:55.032,0.76253,0.76284,1.73,1.73
2012.11.21 18:08:05.044,0.76251,0.76284,1.73,1.73
2012.11.21 18:08:05.485,0.76251,0.76279,1.73,1.73
2012.11.21 18:08:06.034,0.76251,0.76284,1.73,1.73
2012.11.21 18:08:15.803,0.76251,0.76279,1.73,1.73
2012.11.21 18:08:15.864,0.76251,0.7628,1.73,1.73
2012.11.21 18:08:24.734,0.76251,0.7628,1.73,1.73
2012.11.21 18:08:26.236,0.76252,0.76284,1.73,1.73
2012.11.21 18:08:37.054,0.76251,0.76279,1.73,1.73
2012.11.21 18:08:37.624,0.76252,0.76284,1.73,2.10
2012.11.21 18:08:54.922,0.76252,0.76284,1.73,1.73
2012.11.21 18:08:58.400,0.76251,0.76284,2.10,2.10
2012.11.21 18:09:05.778,0.76251,0.76284,1.73,2.64
2012.11.21 18:09:06.335,0.76251,0.76279,1.73,1.73
2012.11.21 18:09:07.264,0.76251,0.76279,1.73,1.73
2012.11.21 18:09:07.546,0.76251,0.76283,1.73,1.73
2012.11.21 18:09:08.133,0.76251,0.76283,1.73,1.73
2012.11.21 18:09:15.761,0.76254,0.76283,1.50,1.73
2012.11.21 18:09:17.571,0.76251,0.7628,1.73,1.73
2012.11.21 18:09:18.107,0.76251,0.7628,1.73,1.73
2012.11.21 18:09:23.810,0.76251,0.7628,1.73,1.73
2012.11.21 18:09:26.502,0.76252,0.76283,1.73,1.73
2012.11.21 18:09:34.941,0.76252,0.76283,1.50,1.73
2012.11.21 18:09:35.303,0.76246,0.76278,1.73,2.10
2012.11.21 18:09:35.613,0.76243,0.7627,1.13,1.36
2012.11.21 18:09:35.794,0.76242,0.7627,1.13,2.11
2012.11.21 18:09:38.677,0.76242,0.7627,1.13,1.73
2012.11.21 18:09:45.374,0.76242,0.7627,1.13,1.73
2012.11.21 18:09:45.433,0.76242,0.7627,1.13,1.73
2012.11.21 18:09:46.434,0.76242,0.7627,1.13,1.73
2012.11.21 18:09:49.284,0.76242,0.7627,1.13,1.73
2012.11.21 18:09:53.094,0.76243,0.7627,1.13,1.73
2012.11.21 18:09:53.643,0.76244,0.7627,1.50,1.73
2012.11.21 18:09:53.873,0.76241,0.7627,1.13,1.73
2012.11.21 18:09:53.936,0.76241,0.7627,1.13,2.13
2012.11.21 18:09:54.073,0.76241,0.76267,1.13,1.73
2012.11.21 18:10:02.695,0.76241,0.76269,1.50,1.73
2012.11.21 18:10:02.753,0.76242,0.76269,1.13,1.73
2012.11.21 18:10:09.224,0.76246,0.76272,1.50,1.73
2012.11.21 18:10:09.344,0.76242,0.76271,1.50,1.73
2012.11.21 18:10:09.855,0.76242,0.7627,1.50,1.73
2012.11.21 18:10:10.180,0.76242,0.7627,1.50,1.73
2012.11.21 18:10:10.325,0.76242,0.7627,1.50,1.73
2012.11.21 18:10:10.479,0.76242,0.76272,1.50,1.73
2012.11.21 18:10:12.484,0.76246,0.76272,1.50,1.73
2012.11.21 18:10:14.953,0.76243,0.76271,1.13,1.73
2012.11.21 18:10:15.460,0.76243,0.76271,1.13,2.25
2012.11.21 18:10:16.122,0.76243,0.7627,1.13,1.73
2012.11.21 18:10:17.548,0.76243,0.7627,1.13,1.73
2012.11.21 18:10:19.376,0.76243,0.76271,1.13,2.18
2012.11.21 18:10:20.283,0.76243,0.76271,1.13,1.73
2012.11.21 18:10:21.133,0.76243,0.76271,1.13,2.22
2012.11.21 18:10:21.253,0.76243,0.76271,1.13,2.22
2012.11.21 18:10:21.373,0.76243,0.76271,1.13,2.22
2012.11.21 18:10:21.784,0.76243,0.76271,1.13,2.22
2012.11.21 18:10:22.558,0.76243,0.76271,1.13,2.22
2012.11.21 18:10:23.535,0.76242,0.76271,1.13,2.22
2012.11.21 18:10:24.083,0.76242,0.76272,1.13,2.11
2012.11.21 18:10:24.978,0.76243,0.76272,1.13,2.11
2012.11.21 18:10:26.421,0.76243,0.76271,1.13,1.63
2012.11.21 18:10:26.933,0.76243,0.76272,1.13,2.04
2012.11.21 18:10:29.851,0.76243,0.76271,1.13,1.32
2012.11.21 18:10:30.224,0.76243,0.76272,1.13,1.73
2012.11.21 18:10:38.876,0.76243,0.7627,1.13,1.27
2012.11.21 18:10:39.253,0.76243,0.7627,1.13,2.02
2012.11.21 18:10:39.433,0.76241,0.76269,1.88,1.25
2012.11.21 18:10:41.703,0.76241,0.76267,1.50,1.73
2012.11.21 18:10:51.496,0.76239,0.76266,1.13,1.73
2012.11.21 18:10:52.344,0.76239,0.76268,1.13,1.60
2012.11.21 18:10:52.425,0.76241,0.76269,1.50,1.60
2012.11.21 18:10:52.483,0.76244,0.76272,1.50,1.35
2012.11.21 18:10:52.704,0.76246,0.76274,1.50,2.10
2012.11.21 18:10:53.053,0.76249,0.76276,1.13,1.73
2012.11.21 18:10:53.254,0.7625,0.76279,1.13,1.73
2012.11.21 18:10:53.393,0.76251,0.76279,1.88,1.73
2012.11.21 18:11:05.109,0.76251,0.76279,1.88,1.73
2012.11.21 18:11:05.174,0.76251,0.76279,1.88,1.73
2012.11.21 18:11:06.195,0.76251,0.76279,1.88,1.73
2012.11.21 18:11:07.145,0.76251,0.76279,1.13,1.73
2012.11.21 18:11:07.904,0.76251,0.76279,1.13,1.73
2012.11.21 18:11:20.993,0.76251,0.76279,1.88,1.73
2012.11.21 18:11:21.711,0.76251,0.76279,1.88,1.73
2012.11.21 18:11:25.684,0.76251,0.76279,1.88,1.73
2012.11.21 18:11:27.794,0.76251,0.76279,1.88,1.73
2012.11.21 18:11:28.425,0.76251,0.76279,1.50,1.73
2012.11.21 18:11:29.654,0.76251,0.76279,1.88,1.73
2012.11.21 18:11:30.453,0.76251,0.76279,1.88,1.73
2012.11.21 18:11:33.415,0.76251,0.76279,1.88,1.73
2012.11.21 18:11:33.773,0.76254,0.76279,1.13,1.73
2012.11.21 18:11:33.893,0.76254,0.7628,2.10,1.73
2012.11.21 18:11:38.184,0.76254,0.7628,1.35,1.73
2012.11.21 18:11:38.423,0.76252,0.76279,1.13,1.73
2012.11.21 18:11:38.694,0.76254,0.76284,1.88,1.73
2012.11.21 18:11:41.380,0.76256,0.76284,1.50,1.73
2012.11.21 18:11:41.443,0.76257,0.76287,1.50,1.35
2012.11.21 18:11:42.005,0.76258,0.76289,1.73,1.73
2012.11.21 18:11:43.366,0.76257,0.76286,1.35,1.73
2012.11.21 18:11:43.673,0.76252,0.76278,1.13,1.73
2012.11.21 18:12:27.209,0.7625,0.76278,1.13,1.73
2012.11.21 18:12:43.768,0.76248,0.76282,1.35,1.35
2012.11.21 18:12:44.294,0.76248,0.76283,1.35,1.73
2012.11.21 18:12:44.814,0.7625,0.76283,1.13,1.35
2012.11.21 18:12:44.933,0.76249,0.76284,1.35,1.80
2012.11.21 18:12:45.113,0.76247,0.76284,1.35,1.35
2012.11.21 18:12:45.888,0.76252,0.76284,1.50,2.10
2012.11.21 18:12:52.804,0.76251,0.7628,1.50,1.73
2012.11.21 18:12:53.163,0.76251,0.76281,1.50,1.73
2012.11.21 18:12:58.795,0.76251,0.76282,1.88,1.73
2012.11.21 18:12:58.954,0.76251,0.76282,2.10,1.73
2012.11.21 18:13:04.954,0.76251,0.76283,2.10,1.73
2012.11.21 18:13:05.224,0.76257,0.76285,1.50,1.73
2012.11.21 18:13:06.034,0.76256,0.76284,1.50,1.73
2012.11.21 18:13:10.373,0.76259,0.76287,1.13,1.59
2012.11.21 18:13:10.433,0.76259,0.7629,1.35,2.10
2012.11.21 18:13:10.683,0.76266,0.76293,1.50,1.73
2012.11.21 18:13:12.815,0.76267,0.76293,1.50,1.73
2012.11.21 18:13:16.173,0.76267,0.76296,1.50,1.73
2012.11.21 18:13:16.684,0.76267,0.76293,1.50,1.27
2012.11.21 18:13:16.864,0.76263,0.76291,1.50,1.73
2012.11.21 18:13:16.985,0.76266,0.76293,1.13,1.27
2012.11.21 18:13:17.515,0.76265,0.76292,1.13,1.23
2012.11.21 18:13:18.026,0.76265,0.76291,1.13,1.23
2012.11.21 18:13:18.983,0.76265,0.76292,1.13,1.61
2012.11.21 18:13:20.536,0.76265,0.76292,1.13,1.61
2012.11.21 18:13:20.727,0.76265,0.76294,1.13,1.22
2012.11.21 18:13:21.430,0.76266,0.76294,1.13,1.22
2012.11.21 18:13:21.737,0.76262,0.76294,3.15,1.22
2012.11.21 18:13:22.645,0.76264,0.76295,1.13,1.35
2012.11.21 18:13:24.497,0.76273,0.76304,1.13,2.10
2012.11.21 18:13:24.565,0.76273,0.76304,1.13,1.50
2012.11.21 18:13:24.623,0.76274,0.76305,1.13,1.13
2012.11.21 18:13:24.983,0.76271,0.76299,1.50,1.73
2012.11.21 18:13:25.044,0.76269,0.76299,1.50,1.73
2012.11.21 18:13:25.283,0.76269,0.76299,1.50,1.50
2012.11.21 18:13:25.584,0.76272,0.76304,1.50,1.50
2012.11.21 18:13:25.646,0.76272,0.76302,1.50,1.59
2012.11.21 18:13:25.794,0.76272,0.76305,1.50,1.13
2012.11.21 18:13:26.173,0.76272,0.76301,1.50,1.50
2012.11.21 18:13:26.533,0.76271,0.76303,1.50,1.31
2012.11.21 18:13:26.593,0.76271,0.76306,1.50,1.13
2012.11.21 18:13:26.913,0.7627,0.76303,1.50,1.88
2012.11.21 18:13:27.244,0.76271,0.76304,1.50,1.13
2012.11.21 18:13:27.585,0.76272,0.76302,1.50,1.50
2012.11.21 18:13:27.893,0.7627,0.76298,1.50,1.73
2012.11.21 18:13:27.953,0.7627,0.76304,1.50,1.13
2012.11.21 18:13:28.014,0.76271,0.76304,1.50,1.13
2012.11.21 18:13:28.403,0.76271,0.76303,1.50,1.50
2012.11.21 18:13:28.523,0.7627,0.76299,1.50,1.50
2012.11.21 18:13:28.583,0.7627,0.76299,1.50,1.73
2012.11.21 18:13:28.823,0.76272,0.76305,1.50,1.13
2012.11.21 18:13:29.173,0.76271,0.76301,1.50,1.50
2012.11.21 18:13:29.533,0.76271,0.76302,1.50,2.01
2012.11.21 18:13:29.593,0.76271,0.76308,1.50,1.13
2012.11.21 18:13:29.853,0.76269,0.76301,1.13,1.50
2012.11.21 18:13:29.974,0.76267,0.76296,1.50,1.50
2012.11.21 18:13:30.153,0.7627,0.76302,1.50,1.35
2012.11.21 18:13:30.394,0.76272,0.76305,1.50,1.50
2012.11.21 18:13:30.453,0.76274,0.76305,1.50,1.50
2012.11.21 18:13:30.813,0.76269,0.76299,1.50,1.73
2012.11.21 18:13:31.116,0.76272,0.76302,1.50,1.50
2012.11.21 18:13:31.303,0.7627,0.76298,1.50,1.50
2012.11.21 18:13:31.640,0.76275,0.76304,1.50,1.50
2012.11.21 18:13:31.974,0.76271,0.76301,1.50,1.50
2012.11.21 18:13:32.244,0.76275,0.76303,1.50,1.13
2012.11.21 18:13:32.433,0.76269,0.76303,1.50,1.27
2012.11.21 18:13:32.493,0.76269,0.76299,1.50,1.73
2012.11.21 18:13:32.885,0.76269,0.76302,1.50,1.35
2012.11.21 18:13:33.123,0.76272,0.76302,1.50,1.50
2012.11.21 18:13:33.184,0.7627,0.76298,1.50,1.50
2012.11.21 18:13:33.543,0.76275,0.76308,1.50,2.25
2012.11.21 18:13:33.903,0.76272,0.76301,1.50,1.50
2012.11.21 18:13:33.963,0.7627,0.76298,1.50,1.50
2012.11.21 18:13:34.083,0.7627,0.76298,1.50,1.73
2012.11.21 18:13:34.323,0.76275,0.76304,1.50,1.13
2012.11.21 18:13:34.683,0.76271,0.76301,1.50,1.50
2012.11.21 18:13:34.744,0.76269,0.76299,1.50,1.50
2012.11.21 18:13:34.863,0.76269,0.76299,1.50,1.73
2012.11.21 18:13:35.104,0.76274,0.76305,1.50,1.13
2012.11.21 18:13:35.383,0.76271,0.76305,1.50,1.13
2012.11.21 18:13:35.443,0.76271,0.76299,1.50,1.50
2012.11.21 18:13:35.503,0.76271,0.76299,1.50,1.73
2012.11.21 18:13:35.814,0.76275,0.76303,1.50,1.27
2012.11.21 18:13:35.874,0.7627,0.76299,1.50,1.50
2012.11.21 18:13:35.934,0.7627,0.76299,1.50,1.73
2012.11.21 18:13:36.524,0.76266,0.76297,1.50,1.73
2012.11.21 18:13:36.764,0.76271,0.76302,1.50,1.13
2012.11.21 18:13:36.824,0.76269,0.76304,1.50,1.50
2012.11.21 18:13:37.388,0.76267,0.76297,1.50,1.73
2012.11.21 18:13:37.833,0.76262,0.76295,1.50,1.35
2012.11.21 18:13:38.308,0.76262,0.76293,1.50,1.73
2012.11.21 18:13:38.363,0.76262,0.76293,1.50,2.00
2012.11.21 18:13:38.424,0.76262,0.76293,1.50,2.00
2012.11.21 18:13:38.484,0.76262,0.76291,1.50,1.59
2012.11.21 18:13:38.875,0.76262,0.76292,1.50,1.61
2012.11.21 18:13:40.273,0.76266,0.76292,1.50,1.61
2012.11.21 18:13:40.333,0.76266,0.76295,1.50,2.10
2012.11.21 18:13:40.393,0.76266,0.76295,1.50,1.35
2012.11.21 18:13:41.043,0.76266,0.76294,1.50,1.73
2012.11.21 18:13:42.686,0.76262,0.76293,1.73,1.73
2012.11.21 18:13:42.863,0.76262,0.76293,1.50,2.22
2012.11.21 18:13:47.504,0.76262,0.76293,1.50,1.47
2012.11.21 18:13:48.303,0.76262,0.7629,1.50,1.73
2012.11.21 18:13:48.375,0.76262,0.76288,1.50,1.54
2012.11.21 18:13:49.334,0.76262,0.7629,1.50,2.10
2012.11.21 18:13:53.975,0.76262,0.76288,1.50,1.43
2012.11.21 18:13:54.101,0.76262,0.7629,1.50,2.58
2012.11.21 18:13:54.969,0.76262,0.76289,1.50,1.73
2012.11.21 18:14:04.856,0.76262,0.7629,1.50,1.73
2012.11.21 18:14:07.678,0.76262,0.76289,1.50,1.73
2012.11.21 18:14:18.283,0.76261,0.76289,1.50,1.73
2012.11.21 18:14:18.464,0.76262,0.7629,1.50,1.35
2012.11.21 18:14:18.897,0.76262,0.7629,1.50,2.10
2012.11.21 18:14:21.526,0.76262,0.7629,1.50,2.10
2012.11.21 18:14:24.934,0.76262,0.7629,1.50,1.35
2012.11.21 18:14:26.703,0.76262,0.7629,1.50,1.73
2012.11.21 18:14:27.814,0.76262,0.76291,1.50,2.33
2012.11.21 18:14:36.263,0.76258,0.76285,1.13,1.25
2012.11.21 18:14:36.323,0.76257,0.76285,1.50,1.25
2012.11.21 18:14:37.844,0.76257,0.76285,1.50,1.25
2012.11.21 18:14:43.580,0.76257,0.76285,1.50,1.25
2012.11.21 18:14:44.894,0.76257,0.76285,1.50,2.00
2012.11.21 18:14:46.415,0.76257,0.76285,1.50,1.25
2012.11.21 18:14:46.987,0.76257,0.76285,1.50,1.25
2012.11.21 18:14:47.533,0.76257,0.76285,1.50,2.00
2012.11.21 18:14:48.165,0.76257,0.76285,1.50,1.25
2012.11.21 18:14:51.985,0.76257,0.76287,1.50,2.46
2012.11.21 18:14:54.138,0.76257,0.76287,1.50,1.71
2012.11.21 18:14:54.824,0.76257,0.76285,1.50,1.73
2012.11.21 18:15:03.563,0.76257,0.76287,1.50,1.71
2012.11.21 18:15:03.635,0.76257,0.76287,1.50,1.35
2012.11.21 18:15:04.420,0.76257,0.76287,1.50,1.35
2012.11.21 18:15:04.646,0.76254,0.76287,2.10,1.35
2012.11.21 18:15:08.714,0.76254,0.76287,1.50,2.10
2012.11.21 18:15:23.653,0.76261,0.76285,1.50,1.23
2012.11.21 18:15:23.833,0.76256,0.76286,1.50,1.35
2012.11.21 18:15:28.182,0.76256,0.76286,1.50,1.35
2012.11.21 18:15:31.362,0.76261,0.76289,1.35,1.61
2012.11.21 18:15:31.423,0.76262,0.76291,1.50,1.35
2012.11.21 18:15:31.483,0.76262,0.76291,1.50,1.35
2012.11.21 18:15:31.605,0.76261,0.76291,2.10,1.35
2012.11.21 18:15:32.613,0.76261,0.76291,3.08,1.35
2012.11.21 18:15:38.743,0.76263,0.76294,1.73,1.35
2012.11.21 18:15:38.862,0.76263,0.76294,1.73,1.35
2012.11.21 18:15:47.022,0.76263,0.76296,1.50,1.27
2012.11.21 18:15:54.778,0.76264,0.76296,1.13,2.02
2012.11.21 18:16:15.022,0.76261,0.76295,2.33,1.73
2012.11.21 18:16:19.072,0.76261,0.76295,2.33,1.73
2012.11.21 18:16:20.878,0.76261,0.76292,2.33,1.73
2012.11.21 18:16:21.892,0.76258,0.76291,1.35,1.35
2012.11.21 18:16:22.033,0.76256,0.7629,2.48,2.48
2012.11.21 18:16:22.163,0.76256,0.7629,2.48,2.48
2012.11.21 18:16:34.943,0.76256,0.7629,1.73,1.73
2012.11.21 18:16:39.463,0.76257,0.76291,2.40,1.73
2012.11.21 18:16:39.792,0.76267,0.76291,1.50,1.35
2012.11.21 18:16:44.963,0.76267,0.76294,1.50,1.73
2012.11.21 18:16:50.362,0.76267,0.76295,1.50,2.10
2012.11.21 18:16:51.162,0.76267,0.76294,1.50,1.73
2012.11.21 18:16:51.223,0.76267,0.76297,1.50,1.32
2012.11.21 18:17:05.038,0.76267,0.76296,1.50,1.73
2012.11.21 18:17:14.995,0.76267,0.76297,1.50,2.07
2012.11.21 18:17:35.187,0.76267,0.76297,1.50,2.02
2012.11.21 18:17:36.161,0.76267,0.76296,1.50,1.56
2012.11.21 18:17:37.482,0.76267,0.76296,1.50,2.31
2012.11.21 18:17:39.769,0.76262,0.76297,1.35,1.27
2012.11.21 18:17:40.541,0.76263,0.76297,1.35,2.02
2012.11.21 18:17:41.233,0.76261,0.76291,1.13,1.35
2012.11.21 18:17:45.154,0.76258,0.76286,1.35,1.73
2012.11.21 18:17:54.628,0.76261,0.76289,1.50,1.73
2012.11.21 18:17:55.441,0.76257,0.76287,1.73,1.73
2012.11.21 18:18:00.163,0.76257,0.76287,1.73,1.73
2012.11.21 18:18:01.512,0.76257,0.76287,1.73,1.73
2012.11.21 18:18:02.130,0.76257,0.76287,1.73,1.73
2012.11.21 18:18:06.194,0.76257,0.76287,1.73,1.73
2012.11.21 18:18:08.756,0.76257,0.76287,1.50,1.73
2012.11.21 18:18:09.653,0.76257,0.76287,1.50,1.73
2012.11.21 18:18:16.990,0.76257,0.76287,1.73,1.73
2012.11.21 18:18:24.953,0.76257,0.76287,1.73,1.73
2012.11.21 18:18:57.162,0.76253,0.7629,1.73,1.35
2012.11.21 18:19:04.917,0.76253,0.7629,1.73,1.35
2012.11.21 18:19:13.063,0.76254,0.7629,1.73,1.35
2012.11.21 18:19:14.833,0.76254,0.7629,1.35,1.73
2012.11.21 18:19:34.863,0.76254,0.7629,1.35,1.35
2012.11.21 18:19:42.563,0.7626,0.76289,1.50,1.73
2012.11.21 18:19:47.192,0.76257,0.76285,1.73,1.35
2012.11.21 18:19:47.312,0.76257,0.76285,1.73,2.10
2012.11.21 18:19:48.153,0.76257,0.76285,1.50,2.10
2012.11.21 18:19:54.776,0.76257,0.76284,1.50,1.73
2012.11.21 18:19:55.583,0.76257,0.76285,1.50,2.10
2012.11.21 18:19:55.643,0.76259,0.76285,1.50,1.35
2012.11.21 18:19:57.451,0.76261,0.7629,1.50,1.35
2012.11.21 18:19:57.634,0.76261,0.76292,1.73,1.73
2012.11.21 18:19:57.780,0.76261,0.76294,1.73,2.10
2012.11.21 18:19:58.373,0.76261,0.76291,1.73,1.73
2012.11.21 18:19:58.685,0.76259,0.76292,1.73,1.73
2012.11.21 18:20:00.557,0.76262,0.76292,1.73,1.73
2012.11.21 18:20:04.924,0.76262,0.76292,1.73,1.73
2012.11.21 18:20:14.879,0.76262,0.76292,1.73,1.73
2012.11.21 18:20:18.532,0.76262,0.76292,1.73,1.73
2012.11.21 18:20:25.115,0.76262,0.76294,1.73,1.73
2012.11.21 18:20:29.733,0.76262,0.76293,1.73,1.73
2012.11.21 18:20:40.384,0.76262,0.76293,1.35,1.73
2012.11.21 18:20:40.564,0.76262,0.76293,1.88,1.73
2012.11.21 18:20:41.472,0.76262,0.76293,2.10,1.73
2012.11.21 18:20:42.438,0.76262,0.76293,1.35,1.73
2012.11.21 18:21:08.753,0.76263,0.76293,1.13,1.35
2012.11.21 18:21:13.003,0.76262,0.76293,1.35,1.73
2012.11.21 18:21:13.133,0.76262,0.76291,1.35,1.58
2012.11.21 18:21:13.374,0.76261,0.7629,1.88,1.20
2012.11.21 18:21:13.804,0.76261,0.76293,2.10,1.73
2012.11.21 18:21:14.353,0.76261,0.76294,2.10,2.10
2012.11.21 18:21:15.344,0.76266,0.76294,1.50,2.10
2012.11.21 18:21:17.874,0.76261,0.76294,1.35,2.10
2012.11.21 18:21:17.994,0.76257,0.76284,1.35,1.50
2012.11.21 18:21:18.113,0.76259,0.76288,1.35,1.73
2012.11.21 18:21:19.529,0.76258,0.76288,1.73,1.73
2012.11.21 18:21:22.175,0.76255,0.76288,2.70,1.73
2012.11.21 18:21:22.795,0.76257,0.76288,1.73,1.73
2012.11.21 18:21:23.823,0.76257,0.76285,1.73,1.73
2012.11.21 18:21:24.263,0.76259,0.76285,1.13,1.73
2012.11.21 18:21:24.915,0.76259,0.76283,1.13,1.73
2012.11.21 18:21:25.363,0.76256,0.76283,1.35,1.73
2012.11.21 18:21:25.926,0.76256,0.7628,1.13,1.73
2012.11.21 18:21:29.163,0.76256,0.7628,1.13,1.73
2012.11.21 18:21:30.313,0.76257,0.76283,1.13,1.73
2012.11.21 18:21:43.653,0.76257,0.76283,1.13,1.73
2012.11.21 18:21:44.315,0.76255,0.76283,1.35,1.73
2012.11.21 18:21:44.516,0.76255,0.7628,1.35,1.50
2012.11.21 18:21:46.543,0.76255,0.76283,1.35,1.73
2012.11.21 18:21:47.086,0.76257,0.76283,1.50,1.73
2012.11.21 18:21:51.392,0.76256,0.76283,2.10,1.73
2012.11.21 18:21:52.051,0.76256,0.7628,1.35,1.50
2012.11.21 18:22:21.033,0.76256,0.7628,1.35,1.50
2012.11.21 18:22:21.681,0.76255,0.7628,1.35,1.50
2012.11.21 18:22:24.273,0.76256,0.76284,1.35,1.73
2012.11.21 18:22:24.933,0.76259,0.76284,1.35,1.73
2012.11.21 18:22:44.073,0.7626,0.76284,1.35,1.73
2012.11.21 18:22:45.416,0.76259,0.76285,1.35,1.73
2012.11.21 18:22:52.123,0.76261,0.76287,1.13,1.73
2012.11.21 18:22:52.644,0.76261,0.76285,1.13,1.73
2012.11.21 18:23:20.835,0.76261,0.76285,1.13,1.73
2012.11.21 18:23:21.775,0.76261,0.76284,1.13,1.73
2012.11.21 18:23:24.328,0.76258,0.76291,1.35,1.35
2012.11.21 18:23:45.214,0.76258,0.76289,1.35,1.35
2012.11.21 18:24:04.294,0.76252,0.7629,1.35,1.35
2012.11.21 18:24:04.543,0.76258,0.76291,1.35,1.73
2012.11.21 18:24:05.054,0.76259,0.76287,1.35,1.73
2012.11.21 18:24:07.415,0.76262,0.76287,1.13,1.73
2012.11.21 18:24:09.384,0.76262,0.76287,1.13,1.73
2012.11.21 18:24:12.205,0.76259,0.76287,1.35,1.73
2012.11.21 18:24:12.523,0.76259,0.76287,1.35,1.73
2012.11.21 18:24:13.684,0.76261,0.76284,1.13,1.73
2012.11.21 18:24:13.743,0.76261,0.76284,1.13,1.73
2012.11.21 18:24:13.863,0.76267,0.76288,1.13,1.73
2012.11.21 18:24:26.513,0.76265,0.76288,1.13,1.73
2012.11.21 18:24:26.895,0.76262,0.76286,1.35,1.73
2012.11.21 18:24:26.954,0.76262,0.76286,1.35,1.73
2012.11.21 18:24:28.993,0.76263,0.76289,1.13,1.73
2012.11.21 18:24:34.443,0.76266,0.76289,1.13,1.73
2012.11.21 18:24:35.194,0.76266,0.76289,1.13,1.73
2012.11.21 18:24:35.924,0.76266,0.76289,1.13,1.73
2012.11.21 18:24:36.745,0.76266,0.7629,1.35,1.50
2012.11.21 18:24:39.836,0.76268,0.76293,1.13,1.73
2012.11.21 18:24:40.153,0.76272,0.76293,1.35,1.50
2012.11.21 18:24:40.513,0.7628,0.76303,1.13,1.73
2012.11.21 18:24:41.013,0.76278,0.76303,1.35,1.50
2012.11.21 18:24:42.710,0.76279,0.76303,1.35,1.50
2012.11.21 18:24:44.919,0.7628,0.76303,1.13,1.73
2012.11.21 18:24:50.056,0.76277,0.76299,4.35,1.50
2012.11.21 18:24:50.296,0.76275,0.76299,1.35,1.73
2012.11.21 18:24:50.423,0.76275,0.76303,1.35,1.73
2012.11.21 18:24:50.543,0.76274,0.76303,1.95,1.73
2012.11.21 18:24:50.663,0.76274,0.76304,1.95,1.50
2012.11.21 18:24:51.198,0.76274,0.76304,1.95,1.73
2012.11.21 18:24:54.928,0.76274,0.763,1.58,3.00
2012.11.21 18:25:00.603,0.76274,0.76304,1.58,2.48
2012.11.21 18:25:02.366,0.76274,0.76304,1.58,2.48
2012.11.21 18:25:02.833,0.76274,0.76304,1.58,1.73
2012.11.21 18:25:06.534,0.76274,0.76304,1.58,1.73
2012.11.21 18:25:07.184,0.76274,0.76304,1.58,1.73
2012.11.21 18:25:19.698,0.76274,0.76302,1.58,1.35
2012.11.21 18:25:20.143,0.76274,0.76302,1.58,1.35
2012.11.21 18:25:27.343,0.76274,0.76301,1.58,1.35
2012.11.21 18:25:27.996,0.76275,0.76302,1.35,1.35
2012.11.21 18:25:35.045,0.76274,0.76303,1.95,3.38
2012.11.21 18:25:36.865,0.76275,0.763,1.35,1.73
2012.11.21 18:25:37.163,0.76276,0.76304,1.35,1.73
2012.11.21 18:25:38.793,0.76281,0.76304,1.35,1.73
2012.11.21 18:25:39.323,0.76281,0.76304,1.35,1.73
2012.11.21 18:25:39.960,0.76281,0.76304,1.35,1.73
2012.11.21 18:25:42.303,0.76281,0.76304,1.35,1.73
2012.11.21 18:25:42.904,0.76281,0.76304,1.95,1.73
2012.11.21 18:25:42.963,0.76283,0.7631,1.13,1.73
2012.11.21 18:25:43.023,0.76285,0.76314,1.13,2.48
2012.11.21 18:25:43.163,0.76282,0.76306,1.35,1.50
2012.11.21 18:25:43.343,0.76282,0.76306,1.13,1.73
2012.11.21 18:25:44.692,0.76282,0.76304,1.13,2.48
2012.11.21 18:25:44.893,0.76282,0.76303,1.13,1.50
2012.11.21 18:25:45.073,0.76282,0.76303,1.13,1.50
2012.11.21 18:25:47.704,0.76281,0.76303,1.95,1.50
2012.11.21 18:25:48.233,0.76281,0.76303,1.58,1.50
2012.11.21 18:25:50.294,0.76279,0.76307,1.35,3.98
2012.11.21 18:26:02.964,0.76282,0.76308,1.13,1.73
2012.11.21 18:26:04.703,0.76279,0.76305,5.10,1.73
2012.11.21 18:26:05.003,0.7628,0.76303,5.10,2.93
2012.11.21 18:26:05.414,0.7628,0.76302,1.35,1.50
2012.11.21 18:26:12.443,0.76277,0.76304,1.50,1.73
2012.11.21 18:26:12.504,0.76278,0.76304,1.35,1.50
2012.11.21 18:26:12.563,0.76278,0.76308,1.35,1.73
2012.11.21 18:26:12.623,0.76278,0.76308,1.35,1.73
2012.11.21 18:26:15.304,0.76278,0.76304,1.35,1.50
2012.11.21 18:26:17.565,0.76278,0.76303,1.35,1.50
2012.11.21 18:26:20.205,0.76278,0.76304,1.35,1.50
2012.11.21 18:26:22.905,0.76281,0.76306,1.35,1.50
2012.11.21 18:26:22.965,0.76281,0.76308,1.35,1.73
2012.11.21 18:26:25.505,0.76284,0.76308,1.35,2.25
2012.11.21 18:26:27.189,0.76284,0.76305,1.35,1.50
2012.11.21 18:26:27.314,0.76284,0.76309,1.35,1.73
2012.11.21 18:26:27.546,0.76284,0.76314,1.35,2.48
2012.11.21 18:26:28.814,0.76286,0.76309,1.13,1.50
2012.11.21 18:26:28.933,0.76282,0.76309,1.20,1.50
2012.11.21 18:26:29.054,0.76286,0.76308,1.35,1.50
2012.11.21 18:26:29.174,0.76287,0.76308,1.13,1.73
2012.11.21 18:26:29.339,0.76287,0.76309,1.13,1.73
2012.11.21 18:26:34.953,0.76284,0.76308,1.13,1.73
2012.11.21 18:26:35.154,0.76283,0.76301,1.13,2.70
2012.11.21 18:26:44.989,0.76283,0.76301,1.13,1.13
2012.11.21 18:26:50.523,0.76283,0.76303,1.13,1.13
2012.11.21 18:26:50.714,0.76282,0.76307,1.13,1.35
2012.11.21 18:26:51.063,0.76283,0.76308,1.35,1.73
2012.11.21 18:26:55.023,0.76283,0.76304,1.35,2.03
2012.11.21 18:26:55.864,0.76281,0.76308,1.35,1.73
2012.11.21 18:27:00.424,0.76284,0.76308,1.13,2.48
2012.11.21 18:27:00.980,0.76283,0.76309,1.13,2.10
2012.11.21 18:27:01.053,0.76287,0.76313,1.13,2.48
2012.11.21 18:27:01.595,0.76287,0.76314,1.35,1.73
2012.11.21 18:27:01.703,0.76287,0.76314,1.35,1.73
2012.11.21 18:27:02.405,0.76286,0.76309,1.35,1.50
2012.11.21 18:27:02.524,0.76284,0.76309,1.13,1.73
2012.11.21 18:27:03.053,0.76282,0.76309,1.35,1.73
2012.11.21 18:27:04.366,0.76284,0.76309,1.13,1.73
2012.11.21 18:27:04.906,0.76285,0.76305,1.13,2.78
2012.11.21 18:27:25.184,0.76285,0.76304,1.13,2.78
2012.11.21 18:27:44.923,0.76284,0.76303,1.13,2.78
2012.11.21 18:27:47.704,0.76285,0.76308,1.13,1.35
2012.11.21 18:27:47.904,0.76286,0.76309,1.13,1.73
2012.11.21 18:27:48.425,0.76282,0.76309,1.35,1.73
2012.11.21 18:27:55.095,0.76282,0.76309,1.35,1.73
2012.11.21 18:27:55.451,0.76282,0.76307,1.35,1.35
2012.11.21 18:27:55.513,0.76282,0.76307,1.35,1.35
2012.11.21 18:28:01.073,0.76285,0.76309,1.13,1.73
2012.11.21 18:28:02.122,0.76286,0.76309,1.13,1.73
2012.11.21 18:28:05.105,0.76286,0.76304,1.13,2.63
2012.11.21 18:28:25.123,0.76284,0.76305,1.13,1.73
2012.11.21 18:28:35.095,0.76283,0.76304,1.13,2.33
2012.11.21 18:28:44.902,0.76282,0.76306,1.73,1.35
2012.11.21 18:28:45.065,0.76283,0.76307,1.35,1.35
2012.11.21 18:28:45.287,0.76283,0.76306,1.35,1.35
2012.11.21 18:28:45.622,0.76283,0.76301,1.35,1.13
2012.11.21 18:28:48.945,0.76277,0.76301,1.35,1.13
2012.11.21 18:28:54.849,0.76276,0.76304,1.35,1.88
2012.11.21 18:28:54.964,0.76276,0.76314,1.35,3.23
2012.11.21 18:28:55.023,0.76276,0.76305,1.35,1.88
2012.11.21 18:28:55.865,0.76276,0.76305,1.35,1.88
2012.11.21 18:28:56.364,0.76276,0.76301,1.35,1.13
2012.11.21 18:28:57.964,0.76273,0.76306,1.85,1.35
2012.11.21 18:28:58.023,0.76277,0.76306,1.58,1.35
2012.11.21 18:28:58.083,0.76277,0.76316,1.58,1.35
2012.11.21 18:28:59.128,0.76277,0.76316,1.58,3.23
2012.11.21 18:28:59.196,0.76277,0.76317,1.58,5.40
2012.11.21 18:28:59.963,0.76277,0.76315,1.58,3.23
2012.11.21 18:29:00.746,0.76277,0.76317,1.58,3.23
2012.11.21 18:29:00.924,0.76277,0.76318,1.58,3.23
2012.11.21 18:29:01.043,0.76281,0.76309,1.35,1.73
2012.11.21 18:29:01.368,0.76285,0.76314,1.35,1.73
2012.11.21 18:29:01.883,0.76286,0.76314,1.35,1.73
2012.11.21 18:29:02.514,0.76286,0.76314,1.35,1.73
2012.11.21 18:29:05.005,0.76286,0.76314,1.35,1.73
2012.11.21 18:29:12.495,0.76286,0.76312,1.35,1.35
2012.11.21 18:29:15.045,0.76286,0.76312,1.35,1.35
2012.11.21 18:29:15.895,0.76286,0.76311,1.35,1.35
2012.11.21 18:29:17.144,0.76286,0.76312,1.35,1.35
2012.11.21 18:29:17.706,0.76286,0.76311,1.35,1.35
2012.11.21 18:29:25.145,0.76286,0.76314,1.35,2.70
2012.11.21 18:29:30.714,0.76286,0.76311,1.35,1.35
2012.11.21 18:29:34.937,0.76286,0.76311,1.35,1.35
2012.11.21 18:29:37.197,0.76286,0.76314,1.35,1.73
2012.11.21 18:29:37.373,0.76286,0.76314,1.35,1.73
2012.11.21 18:29:37.675,0.76282,0.76309,1.35,1.50
2012.11.21 18:29:38.226,0.76282,0.76305,1.35,1.50
2012.11.21 18:29:38.494,0.76285,0.76314,1.13,1.73
2012.11.21 18:29:38.553,0.76286,0.76314,1.35,1.73
2012.11.21 18:29:41.383,0.76286,0.76314,1.35,1.73
2012.11.21 18:29:45.464,0.76286,0.76311,1.35,3.15
2012.11.21 18:29:52.360,0.76283,0.7631,1.35,1.13
2012.11.21 18:29:53.584,0.76282,0.76314,1.58,1.73
2012.11.21 18:29:55.914,0.76282,0.76314,1.58,1.73
2012.11.21 18:29:56.333,0.76282,0.76314,1.58,1.73
2012.11.21 18:29:59.150,0.76284,0.76314,1.35,1.73
2012.11.21 18:30:00.923,0.76284,0.76311,1.35,1.73
2012.11.21 18:30:01.455,0.76282,0.76314,1.58,1.73
2012.11.21 18:30:02.865,0.76282,0.76314,1.58,1.73
2012.11.21 18:30:03.557,0.76282,0.76307,1.95,1.13
2012.11.21 18:30:03.636,0.76282,0.76307,1.95,1.13
2012.11.21 18:30:03.694,0.76282,0.76307,1.95,1.13
2012.11.21 18:30:03.814,0.76282,0.76308,1.58,1.73
2012.11.21 18:30:04.355,0.76281,0.76308,1.35,1.73
2012.11.21 18:30:04.495,0.76281,0.76308,1.35,1.73
2012.11.21 18:30:04.852,0.76281,0.76308,1.35,1.73
2012.11.21 18:30:04.976,0.76281,0.76308,1.35,1.73
2012.11.21 18:30:15.103,0.7628,0.76308,1.35,1.73
2012.11.21 18:30:19.094,0.76279,0.76307,1.35,1.35
2012.11.21 18:30:19.307,0.76279,0.76307,1.35,1.35
2012.11.21 18:30:19.525,0.76279,0.76307,1.35,1.13
2012.11.21 18:30:26.793,0.7628,0.76306,1.35,1.13
2012.11.21 18:30:32.895,0.76282,0.76306,1.35,1.13
2012.11.21 18:30:33.097,0.76281,0.76308,1.35,1.73
2012.11.21 18:30:33.153,0.76281,0.76308,1.35,1.73
2012.11.21 18:30:35.007,0.76281,0.76308,1.35,1.73
2012.11.21 18:30:35.124,0.76282,0.76308,1.35,1.73
2012.11.21 18:30:36.685,0.76277,0.76307,2.04,1.50
2012.11.21 18:30:54.615,0.7628,0.76309,1.35,1.73
2012.11.21 18:30:54.804,0.76282,0.7631,1.10,1.50
2012.11.21 18:30:55.226,0.76282,0.76309,1.10,1.50
2012.11.21 18:31:01.149,0.76281,0.76309,1.98,1.88
2012.11.21 18:31:05.033,0.76281,0.76309,1.98,1.88
2012.11.21 18:31:08.116,0.76282,0.76309,1.10,1.50
2012.11.21 18:31:14.969,0.76282,0.76309,1.10,1.50
2012.11.21 18:31:22.989,0.76282,0.76309,1.10,1.88
2012.11.21 18:31:24.195,0.76282,0.76309,1.47,1.50
2012.11.21 18:31:24.965,0.76282,0.76309,1.47,1.50
2012.11.21 18:31:34.983,0.76282,0.76309,1.10,1.50
2012.11.21 18:31:44.994,0.76282,0.76309,1.10,1.50
2012.11.21 18:31:45.424,0.76281,0.76309,1.62,1.50
2012.11.21 18:31:45.603,0.76281,0.76309,1.35,1.50
2012.11.21 18:31:55.023,0.76279,0.7631,1.85,2.55
2012.11.21 18:32:05.065,0.76279,0.76313,1.85,1.35
2012.11.21 18:32:10.229,0.76279,0.76313,1.85,1.35
2012.11.21 18:32:12.208,0.7628,0.76313,1.35,1.35
2012.11.21 18:32:15.003,0.7628,0.76313,1.35,1.35
2012.11.21 18:32:24.963,0.7628,0.76316,1.35,1.35
2012.11.21 18:33:11.477,0.7628,0.76314,1.73,1.35
2012.11.21 18:33:14.912,0.76281,0.76314,1.73,1.35
2012.11.21 18:33:16.314,0.76282,0.76316,1.35,1.35
2012.11.21 18:33:29.903,0.76282,0.76316,1.35,1.35
2012.11.21 18:33:34.893,0.76282,0.76316,1.35,1.35
2012.11.21 18:33:39.467,0.76284,0.7631,1.73,1.73
2012.11.21 18:33:39.985,0.76281,0.76309,2.10,1.50
2012.11.21 18:33:40.274,0.76281,0.76309,2.10,1.50
2012.11.21 18:33:43.342,0.76281,0.76309,2.10,1.50
2012.11.21 18:33:44.283,0.76281,0.76309,2.10,1.50
2012.11.21 18:33:44.682,0.76283,0.76309,1.35,1.50
2012.11.21 18:33:45.114,0.76281,0.76309,1.76,1.50
2012.11.21 18:33:47.632,0.76281,0.76309,2.51,1.50
2012.11.21 18:34:00.256,0.76282,0.76309,1.35,1.50
2012.11.21 18:34:03.005,0.76281,0.76309,2.13,1.50
2012.11.21 18:34:05.096,0.76282,0.76309,1.35,1.50
2012.11.21 18:34:06.413,0.76282,0.76309,1.35,1.50
2012.11.21 18:34:08.052,0.76282,0.76309,1.35,1.50
2012.11.21 18:34:08.374,0.76284,0.76314,2.40,1.50
2012.11.21 18:34:08.772,0.76283,0.76311,2.33,1.50
2012.11.21 18:34:28.398,0.76283,0.76311,1.58,1.50
2012.11.21 18:34:36.104,0.76284,0.76313,1.58,1.50
2012.11.21 18:34:42.266,0.76283,0.76311,1.58,1.50
2012.11.21 18:34:42.815,0.76284,0.76313,1.58,1.73
2012.11.21 18:34:43.145,0.76283,0.76311,1.58,1.50
2012.11.21 18:34:43.924,0.76284,0.76314,1.58,1.73
2012.11.21 18:34:44.653,0.76284,0.76314,1.58,1.73
2012.11.21 18:34:45.573,0.76287,0.76316,2.10,1.35
2012.11.21 18:34:45.633,0.76287,0.76318,2.10,1.73
2012.11.21 18:34:49.833,0.76287,0.76318,2.10,1.73
2012.11.21 18:34:49.893,0.76287,0.76318,1.35,1.73
2012.11.21 18:34:50.694,0.76287,0.76318,1.35,2.10
2012.11.21 18:34:56.515,0.76287,0.76318,1.35,2.10
2012.11.21 18:34:59.524,0.76287,0.76318,2.10,2.10
2012.11.21 18:34:59.649,0.76287,0.76318,2.10,2.10
2012.11.21 18:35:01.133,0.76287,0.76315,1.35,1.50
2012.11.21 18:35:02.395,0.76287,0.76315,1.35,1.73
2012.11.21 18:35:05.904,0.76288,0.76316,1.59,1.50
2012.11.21 18:35:07.023,0.7629,0.76315,1.35,1.73
2012.11.21 18:35:07.343,0.7629,0.76315,1.35,1.50
2012.11.21 18:35:07.572,0.7629,0.76315,1.35,1.50
2012.11.21 18:35:08.224,0.7629,0.76315,1.35,1.73
2012.11.21 18:35:08.882,0.7629,0.76315,1.35,1.50
2012.11.21 18:35:36.285,0.76288,0.76314,1.35,1.73
2012.11.21 18:35:40.774,0.76286,0.76314,2.10,1.50
2012.11.21 18:35:44.540,0.76286,0.76314,2.10,1.50
2012.11.21 18:35:58.046,0.76286,0.76314,1.35,1.50
2012.11.21 18:35:58.163,0.76284,0.76314,1.73,1.73
2012.11.21 18:35:58.693,0.76284,0.76313,1.73,1.50
2012.11.21 18:35:58.813,0.76285,0.76313,1.73,1.50
2012.11.21 18:36:07.024,0.76287,0.76313,1.73,1.50
2012.11.21 18:36:16.663,0.76285,0.76314,1.73,1.50
2012.11.21 18:36:20.013,0.76289,0.76314,1.35,1.50
2012.11.21 18:36:21.523,0.7629,0.76317,1.73,1.73
2012.11.21 18:36:26.080,0.76289,0.76315,1.35,1.50
2012.11.21 18:36:26.734,0.76289,0.76315,1.35,1.50
2012.11.21 18:36:27.363,0.7629,0.76316,1.35,1.50
2012.11.21 18:36:27.563,0.76288,0.76313,1.35,1.73
2012.11.21 18:36:27.669,0.76288,0.76313,1.35,1.50
2012.11.21 18:36:27.723,0.76291,0.76314,1.35,1.50
2012.11.21 18:36:28.418,0.76291,0.76316,1.35,1.50
2012.11.21 18:36:41.428,0.76291,0.76317,1.35,1.73
2012.11.21 18:36:41.914,0.76291,0.76316,1.35,1.50
2012.11.21 18:37:20.904,0.7629,0.76315,1.73,1.50
2012.11.21 18:37:21.443,0.76288,0.76315,1.35,1.50
2012.11.21 18:37:22.653,0.76288,0.76315,1.35,1.73
2012.11.21 18:37:22.773,0.76288,0.76314,1.35,1.50
2012.11.21 18:37:23.583,0.76288,0.76314,1.35,1.50
2012.11.21 18:37:23.703,0.76288,0.76314,1.35,1.73
2012.11.21 18:37:24.274,0.76288,0.76314,1.35,1.50
2012.11.21 18:37:24.393,0.76284,0.76314,2.10,1.73
2012.11.21 18:37:27.754,0.76284,0.76317,1.35,1.35
2012.11.21 18:37:27.813,0.76285,0.7632,1.35,1.35
2012.11.21 18:37:36.165,0.76284,0.76321,1.35,1.35
2012.11.21 18:37:36.224,0.76286,0.76315,1.73,1.73
2012.11.21 18:37:36.774,0.76286,0.76315,1.73,1.73
2012.11.21 18:37:46.559,0.76286,0.76316,2.10,1.73
2012.11.21 18:37:52.393,0.76286,0.76316,1.73,1.73
2012.11.21 18:38:02.173,0.76286,0.76311,1.35,1.73
2012.11.21 18:38:36.602,0.76283,0.76318,1.35,1.35
2012.11.21 18:38:49.954,0.7629,0.76319,1.50,1.73
2012.11.21 18:38:50.305,0.76287,0.76315,2.85,1.73
2012.11.21 18:38:50.554,0.7629,0.76318,1.50,1.73
2012.11.21 18:38:51.125,0.7629,0.76318,1.73,1.73
2012.11.21 18:38:51.556,0.76287,0.76315,1.35,1.73
2012.11.21 18:38:54.503,0.76285,0.76314,1.73,1.73
2012.11.21 18:38:54.654,0.76283,0.76314,1.73,1.73
2012.11.21 18:38:56.173,0.76283,0.76314,1.73,2.10
2012.11.21 18:38:56.293,0.76286,0.76314,1.73,1.73
2012.11.21 18:39:04.981,0.76286,0.76316,2.10,1.73
2012.11.21 18:39:05.675,0.76286,0.76317,2.10,1.73
2012.11.21 18:39:24.833,0.76288,0.76317,1.35,1.73
2012.11.21 18:39:31.924,0.76288,0.76318,1.35,1.73
2012.11.21 18:39:39.676,0.76287,0.76318,1.35,1.73
2012.11.21 18:39:39.846,0.76287,0.76318,1.35,1.73
2012.11.21 18:39:40.383,0.76286,0.76318,2.10,1.73
2012.11.21 18:39:41.738,0.76286,0.76316,2.10,1.73
2012.11.21 18:39:51.883,0.76286,0.76314,1.35,1.50
2012.11.21 18:39:52.074,0.76281,0.76309,2.48,1.50
2012.11.21 18:40:05.035,0.76284,0.76315,1.35,1.73
2012.11.21 18:40:10.353,0.76284,0.76314,1.35,1.73
2012.11.21 18:40:14.940,0.76284,0.76315,1.35,1.73
2012.11.21 18:40:21.759,0.76283,0.76316,1.35,1.73
2012.11.21 18:40:24.963,0.76281,0.76309,2.10,1.50
2012.11.21 18:40:31.325,0.76283,0.76308,1.35,1.50
2012.11.21 18:40:31.668,0.76283,0.76308,1.35,1.50
2012.11.21 18:40:31.912,0.76283,0.76313,1.35,2.48
2012.11.21 18:40:32.965,0.76283,0.76313,1.35,2.48
2012.11.21 18:40:33.553,0.76278,0.76309,1.89,1.50
2012.11.21 18:40:33.613,0.76278,0.76309,1.35,1.73
2012.11.21 18:40:34.864,0.76278,0.76309,1.35,1.73
2012.11.21 18:40:35.498,0.76278,0.76309,1.35,1.73
2012.11.21 18:40:44.965,0.76284,0.7631,1.50,1.73
2012.11.21 18:40:52.015,0.76286,0.76314,1.50,1.73
2012.11.21 18:40:52.073,0.76286,0.76314,1.73,1.73
2012.11.21 18:40:54.405,0.76286,0.76315,1.73,1.73
2012.11.21 18:41:02.045,0.76284,0.76312,1.35,3.23
2012.11.21 18:41:02.858,0.76284,0.76308,1.35,1.50
2012.11.21 18:41:03.855,0.76287,0.76312,1.13,3.23
2012.11.21 18:41:03.981,0.76288,0.76314,1.35,1.50
2012.11.21 18:41:04.044,0.76288,0.76314,1.35,1.50
2012.11.21 18:41:04.193,0.76287,0.76313,1.35,1.50
2012.11.21 18:41:04.373,0.76287,0.76313,1.13,1.73
2012.11.21 18:41:04.904,0.76287,0.76314,1.13,3.23
2012.11.21 18:41:04.964,0.76287,0.76313,1.13,2.93
2012.11.21 18:41:05.796,0.76287,0.7631,1.35,1.13
2012.11.21 18:41:06.454,0.76287,0.7631,1.35,1.35
2012.11.21 18:41:07.527,0.76287,0.76313,1.13,1.73
2012.11.21 18:41:14.964,0.76287,0.76313,1.13,3.68
2012.11.21 18:41:19.065,0.76287,0.76309,1.35,1.13
2012.11.21 18:41:19.766,0.76287,0.76313,1.13,4.05
2012.11.21 18:41:19.893,0.76287,0.76313,1.13,2.10
2012.11.21 18:41:21.237,0.76287,0.76314,1.13,1.73
2012.11.21 18:41:22.458,0.76287,0.76313,1.35,1.73
2012.11.21 18:41:22.825,0.76287,0.76313,1.13,1.73
2012.11.21 18:41:23.499,0.76282,0.76312,1.35,1.73
2012.11.21 18:41:24.765,0.76286,0.76314,1.35,1.73
2012.11.21 18:41:25.054,0.76286,0.76314,1.35,3.15
2012.11.21 18:41:29.663,0.76286,0.76314,1.35,1.73
2012.11.21 18:41:33.353,0.76287,0.76319,1.13,1.73
2012.11.21 18:41:33.414,0.76287,0.76319,1.35,1.73
2012.11.21 18:41:34.903,0.76288,0.76316,1.35,1.80
2012.11.21 18:41:38.343,0.76286,0.76318,1.35,1.35
2012.11.21 18:41:38.403,0.76288,0.76319,1.73,2.10
2012.11.21 18:41:38.463,0.76286,0.76318,2.70,1.73
2012.11.21 18:41:44.949,0.76286,0.76314,2.70,1.50
2012.11.21 18:41:50.013,0.76286,0.76317,2.70,1.35
2012.11.21 18:41:55.143,0.76286,0.76314,2.70,1.50
2012.11.21 18:41:57.344,0.76288,0.76314,1.35,1.88
2012.11.21 18:41:57.464,0.76291,0.76319,1.35,1.35
2012.11.21 18:41:57.844,0.76291,0.7632,1.35,1.73
2012.11.21 18:41:58.085,0.76291,0.7632,1.73,1.73
2012.11.21 18:41:58.143,0.76291,0.7632,1.73,1.73
2012.11.21 18:42:00.943,0.76289,0.7632,1.35,1.73
2012.11.21 18:42:03.539,0.76291,0.7632,1.35,1.73
2012.11.21 18:42:04.940,0.76291,0.76319,1.35,1.73
2012.11.21 18:42:10.615,0.76291,0.76318,1.35,1.35
2012.11.21 18:42:10.733,0.76301,0.76324,1.13,1.35
2012.11.21 18:42:10.854,0.76301,0.76326,1.35,1.73
2012.11.21 18:42:11.158,0.76301,0.76332,1.35,1.35
2012.11.21 18:42:11.273,0.76301,0.76332,1.35,1.35
2012.11.21 18:42:11.845,0.76301,0.76332,1.35,1.35
2012.11.21 18:42:12.213,0.76297,0.7633,1.14,1.13
2012.11.21 18:42:12.273,0.76295,0.76328,1.20,1.73
2012.11.21 18:42:12.694,0.76293,0.76328,1.95,1.73
2012.11.21 18:42:12.753,0.76307,0.76333,1.35,1.73
2012.11.21 18:42:13.084,0.76302,0.7633,1.73,1.50
2012.11.21 18:42:13.404,0.76302,0.7633,1.73,1.73
2012.11.21 18:42:14.593,0.76307,0.76333,1.35,1.73
2012.11.21 18:42:15.604,0.76307,0.76332,1.35,1.35
2012.11.21 18:42:16.783,0.76301,0.76329,1.73,2.10
2012.11.21 18:42:17.295,0.76306,0.76334,1.35,1.73
2012.11.21 18:42:25.094,0.76306,0.76332,1.35,3.15
2012.11.21 18:42:28.863,0.76306,0.76334,1.35,1.73
2012.11.21 18:42:35.039,0.76306,0.76332,1.35,2.78
2012.11.21 18:42:40.394,0.76306,0.76332,1.35,2.55
2012.11.21 18:42:41.596,0.76306,0.76332,1.35,2.78
2012.11.21 18:42:41.803,0.7631,0.76336,1.13,1.73
2012.11.21 18:42:41.878,0.7631,0.76336,1.35,1.73
2012.11.21 18:42:41.944,0.76307,0.76336,1.35,1.73
2012.11.21 18:42:42.184,0.76301,0.76334,2.33,1.73
2012.11.21 18:42:42.243,0.76301,0.7633,1.58,1.73
2012.11.21 18:42:42.543,0.76301,0.76334,2.70,1.73
2012.11.21 18:42:43.885,0.76301,0.76334,2.48,1.73
2012.11.21 18:42:44.065,0.7631,0.76337,1.35,1.35
2012.11.21 18:42:44.125,0.76306,0.76336,1.35,1.73
2012.11.21 18:42:44.853,0.76306,0.76334,1.35,1.73
2012.11.21 18:42:45.175,0.76306,0.76333,1.35,1.88
2012.11.21 18:42:45.433,0.76302,0.76331,1.73,1.50
2012.11.21 18:42:45.634,0.76301,0.76331,1.35,1.73
2012.11.21 18:42:45.694,0.76301,0.76333,1.35,1.73
2012.11.21 18:42:45.874,0.76301,0.76333,1.35,1.73
2012.11.21 18:42:45.934,0.76301,0.76331,1.35,1.50
2012.11.21 18:42:45.994,0.76301,0.76331,1.35,1.73
2012.11.21 18:42:46.143,0.76301,0.76334,1.35,1.73
2012.11.21 18:42:46.203,0.76301,0.76334,1.35,1.73
2012.11.21 18:42:48.005,0.76301,0.76334,1.35,1.73
2012.11.21 18:42:48.886,0.76301,0.76334,2.10,1.73
2012.11.21 18:42:55.094,0.76301,0.76334,2.10,3.45
2012.11.21 18:43:03.895,0.76303,0.76333,1.35,1.35
2012.11.21 18:43:04.264,0.76303,0.76334,1.35,1.73
2012.11.21 18:43:05.013,0.76303,0.76333,1.35,2.78
2012.11.21 18:43:07.140,0.76303,0.76334,1.35,1.73
2012.11.21 18:43:09.574,0.76303,0.76334,1.35,1.73
2012.11.21 18:43:15.016,0.76303,0.76334,2.10,1.73
2012.11.21 18:43:18.333,0.76303,0.76334,1.35,1.73
2012.11.21 18:43:25.825,0.76303,0.76329,1.35,2.10
2012.11.21 18:43:26.815,0.76304,0.76329,1.35,1.35
2012.11.21 18:43:35.054,0.76304,0.76332,1.35,1.35
2012.11.21 18:43:44.814,0.76305,0.76334,1.35,1.73
2012.11.21 18:43:44.965,0.76305,0.76334,1.73,3.53
2012.11.21 18:43:45.133,0.76302,0.76328,1.73,1.50
2012.11.21 18:43:45.734,0.76302,0.76331,1.73,1.73
2012.11.21 18:43:46.113,0.76302,0.76331,1.73,1.73
2012.11.21 18:43:53.195,0.76302,0.76329,1.73,1.50
2012.11.21 18:43:55.025,0.76302,0.76328,1.73,1.50
2012.11.21 18:43:55.713,0.76302,0.76328,1.73,1.50
2012.11.21 18:43:55.907,0.76302,0.76329,1.73,1.50
2012.11.21 18:44:00.904,0.76302,0.76329,1.73,1.50
2012.11.21 18:44:04.948,0.76302,0.76328,1.73,1.50
2012.11.21 18:44:06.943,0.76302,0.76332,1.73,1.73
2012.11.21 18:44:15.565,0.76302,0.76328,1.73,1.50
2012.11.21 18:44:17.463,0.76302,0.76331,1.73,1.73
2012.11.21 18:44:25.020,0.76302,0.76328,1.73,1.50
2012.11.21 18:44:29.205,0.76302,0.76331,1.73,1.35
2012.11.21 18:44:33.934,0.76302,0.7633,1.35,1.73
2012.11.21 18:44:34.961,0.76302,0.76328,1.35,1.50
2012.11.21 18:44:37.664,0.76304,0.7633,1.35,1.50
2012.11.21 18:44:38.191,0.76302,0.7633,1.35,1.73
2012.11.21 18:44:38.344,0.76302,0.7633,1.35,1.73
2012.11.21 18:44:39.664,0.76304,0.7633,1.35,1.73
2012.11.21 18:44:40.836,0.76301,0.7633,1.73,1.50
2012.11.21 18:44:42.684,0.76301,0.76329,1.73,1.50
2012.11.21 18:44:45.285,0.76298,0.76326,1.23,1.13
2012.11.21 18:44:45.454,0.76301,0.76326,1.73,1.13
2012.11.21 18:44:45.514,0.76301,0.76324,1.73,1.50
2012.11.21 18:44:49.535,0.76301,0.76326,1.73,1.50
2012.11.21 18:44:54.485,0.76305,0.76333,1.35,2.48
2012.11.21 18:44:54.544,0.76302,0.76328,1.35,1.73
2012.11.21 18:44:54.855,0.76316,0.76339,1.13,2.02
2012.11.21 18:44:54.974,0.76316,0.76342,1.35,1.50
2012.11.21 18:44:55.034,0.76316,0.76344,1.35,1.50
2012.11.21 18:44:55.625,0.76316,0.76341,1.35,1.13
2012.11.21 18:44:56.319,0.76318,0.76342,1.35,1.13
2012.11.21 18:44:56.644,0.76321,0.76348,1.35,1.50
2012.11.21 18:44:57.424,0.76316,0.76343,1.87,1.50
2012.11.21 18:44:57.485,0.76316,0.76343,1.35,1.73
2012.11.21 18:44:57.773,0.76316,0.76339,1.35,1.50
2012.11.21 18:44:58.465,0.76316,0.76339,1.35,1.50
2012.11.21 18:44:58.825,0.76316,0.76339,1.35,1.50
2012.11.21 18:44:59.044,0.76316,0.76339,1.35,1.50
2012.11.21 18:45:00.936,0.76311,0.76337,1.73,1.73
2012.11.21 18:45:01.114,0.76306,0.76335,1.35,1.50
2012.11.21 18:45:01.625,0.76303,0.76329,1.58,1.50
2012.11.21 18:45:03.644,0.76303,0.76329,1.58,1.50
2012.11.21 18:45:03.764,0.76304,0.76329,1.08,1.50
2012.11.21 18:45:04.992,0.76304,0.76328,1.08,1.50
2012.11.21 18:45:14.985,0.76307,0.76332,1.35,1.13
2012.11.21 18:45:15.044,0.76307,0.76333,1.35,1.50
2012.11.21 18:45:21.597,0.76307,0.76333,1.35,1.13
2012.11.21 18:45:21.676,0.76307,0.76333,1.35,1.13
2012.11.21 18:45:21.794,0.76309,0.76335,1.35,1.50
2012.11.21 18:45:33.484,0.76307,0.76333,1.60,1.50
2012.11.21 18:45:33.664,0.76303,0.76333,2.85,1.50
2012.11.21 18:45:33.724,0.76303,0.76326,2.10,1.50
2012.11.21 18:45:33.825,0.76303,0.76326,1.58,1.50
2012.11.21 18:45:34.703,0.76303,0.76326,1.58,1.50
2012.11.21 18:45:35.018,0.76301,0.76324,1.73,1.50
2012.11.21 18:45:47.034,0.76301,0.76327,1.35,1.50
2012.11.21 18:45:53.494,0.76301,0.76327,1.35,1.50
2012.11.21 18:45:59.968,0.76301,0.76325,1.76,1.50
2012.11.21 18:46:00.454,0.76304,0.76327,1.20,1.50
2012.11.21 18:46:05.016,0.76304,0.76324,1.20,1.50
2012.11.21 18:46:14.938,0.76304,0.7633,1.95,1.50
2012.11.21 18:46:27.565,0.76304,0.76332,1.35,1.73
2012.11.21 18:46:27.655,0.76304,0.76332,1.35,1.73
2012.11.21 18:46:37.984,0.76304,0.76332,1.35,1.73
2012.11.21 18:46:38.525,0.76304,0.76332,1.35,1.73
2012.11.21 18:46:39.674,0.76304,0.76332,1.35,1.73
2012.11.21 18:46:39.794,0.76304,0.76332,1.35,1.73
2012.11.21 18:46:57.125,0.76301,0.76331,2.10,1.73
2012.11.21 18:46:57.744,0.76303,0.76331,1.35,1.73
2012.11.21 18:47:02.844,0.76302,0.76328,1.35,1.73
2012.11.21 18:47:02.906,0.76303,0.76329,1.74,1.50
2012.11.21 18:47:02.964,0.76306,0.76332,1.73,1.50
2012.11.21 18:47:03.625,0.76306,0.76334,1.35,1.73
2012.11.21 18:47:03.865,0.76305,0.7633,1.35,1.73
2012.11.21 18:47:15.144,0.76302,0.7633,1.73,1.73
2012.11.21 18:48:00.874,0.76302,0.76328,1.35,1.73
2012.11.21 18:48:14.935,0.763,0.76332,1.35,1.35
2012.11.21 18:48:24.835,0.76299,0.76333,1.35,1.35
2012.11.21 18:48:36.414,0.76298,0.76335,1.35,1.73
2012.11.21 18:48:38.454,0.76303,0.76337,1.35,1.35
2012.11.21 18:48:41.425,0.76303,0.76337,1.35,1.35
2012.11.21 18:48:41.736,0.76303,0.76333,1.35,1.35
2012.11.21 18:48:43.772,0.76303,0.76333,1.35,1.35
2012.11.21 18:48:44.375,0.76304,0.76333,1.35,1.35
2012.11.21 18:48:53.495,0.76301,0.76332,1.95,1.35
2012.11.21 18:48:54.190,0.76302,0.76332,1.35,1.35
2012.11.21 18:48:54.531,0.76302,0.76332,1.35,1.35
2012.11.21 18:48:59.516,0.76306,0.76332,1.35,1.35
2012.11.21 18:48:59.599,0.76306,0.76332,1.35,1.35
2012.11.21 18:49:00.116,0.76307,0.76331,1.35,1.35
2012.11.21 18:49:32.842,0.76302,0.76331,1.35,1.13
2012.11.21 18:49:34.563,0.76306,0.76334,1.73,2.10
2012.11.21 18:49:40.799,0.76306,0.76334,1.73,1.73
2012.11.21 18:49:41.733,0.7631,0.76339,1.73,1.73
2012.11.21 18:49:44.103,0.76314,0.76344,1.35,1.73
2012.11.21 18:49:45.575,0.76316,0.76343,1.73,1.50
2012.11.21 18:49:52.284,0.76314,0.76342,1.73,1.50
2012.11.21 18:49:53.553,0.76314,0.76341,1.35,1.73
2012.11.21 18:49:57.154,0.76311,0.7634,1.73,1.50
2012.11.21 18:49:57.695,0.76314,0.76344,1.73,1.73
2012.11.21 18:50:10.353,0.76315,0.76344,1.73,1.73
2012.11.21 18:50:11.557,0.76315,0.76344,1.73,1.73
2012.11.21 18:50:12.095,0.76316,0.76344,1.73,1.73
2012.11.21 18:50:12.273,0.76313,0.76342,1.35,1.73
2012.11.21 18:50:15.466,0.76313,0.76339,1.35,1.50
2012.11.21 18:50:21.264,0.76311,0.76342,2.10,1.73
2012.11.21 18:50:23.894,0.76311,0.76342,2.10,1.73
2012.11.21 18:50:30.695,0.76316,0.76344,1.73,1.73
2012.11.21 18:50:30.760,0.76316,0.76344,1.73,1.73
2012.11.21 18:50:34.964,0.76316,0.76344,1.73,1.73
2012.11.21 18:50:40.183,0.76313,0.76343,1.35,1.50
2012.11.21 18:50:41.240,0.76316,0.76344,1.73,1.73
2012.11.21 18:50:42.953,0.76316,0.76344,1.73,1.73
2012.11.21 18:51:04.471,0.76316,0.76344,1.73,1.73
2012.11.21 18:51:05.037,0.76313,0.76344,1.73,1.73
2012.11.21 18:51:07.728,0.76313,0.76344,1.73,1.73
2012.11.21 18:51:11.504,0.76315,0.76344,1.73,1.73
2012.11.21 18:51:12.034,0.76314,0.76344,1.35,1.73
2012.11.21 18:51:23.154,0.76319,0.76349,1.35,1.73
2012.11.21 18:51:23.275,0.76319,0.76349,1.35,1.73
2012.11.21 18:51:24.498,0.7632,0.76349,1.88,1.73
2012.11.21 18:51:24.614,0.76319,0.76347,1.13,1.73
2012.11.21 18:51:24.924,0.76321,0.76354,1.13,2.10
2012.11.21 18:51:25.103,0.76323,0.76354,1.13,1.50
2012.11.21 18:51:26.473,0.76323,0.76354,1.13,1.50
2012.11.21 18:51:27.614,0.76324,0.76354,1.13,1.50
2012.11.21 18:51:27.915,0.76321,0.7635,1.13,1.73
2012.11.21 18:51:28.323,0.76321,0.76347,1.13,1.73
2012.11.21 18:51:31.673,0.76318,0.76346,1.13,1.73
2012.11.21 18:51:31.955,0.76318,0.76346,1.13,1.73
2012.11.21 18:51:33.360,0.76319,0.76347,1.13,1.73
2012.11.21 18:51:33.429,0.76319,0.76347,1.13,1.73
2012.11.21 18:51:33.613,0.7632,0.76347,1.35,1.73
2012.11.21 18:51:33.754,0.76321,0.76348,1.73,1.73
2012.11.21 18:51:33.933,0.76322,0.76348,1.73,1.50
2012.11.21 18:51:34.973,0.7633,0.76358,1.50,1.35
2012.11.21 18:51:35.093,0.7633,0.76359,1.73,1.13
2012.11.21 18:51:35.153,0.76326,0.76356,1.35,1.50
2012.11.21 18:51:35.274,0.76325,0.7635,1.35,1.73
2012.11.21 18:51:37.583,0.76325,0.76353,1.35,1.50
2012.11.21 18:51:38.013,0.76327,0.76354,1.73,1.73
2012.11.21 18:51:51.875,0.76331,0.76357,2.10,1.73
2012.11.21 18:51:53.003,0.76331,0.76357,2.10,1.73
2012.11.21 18:51:55.353,0.76329,0.76357,1.35,1.73
2012.11.21 18:51:55.614,0.76327,0.76352,2.10,1.73
2012.11.21 18:51:57.743,0.76328,0.76353,1.13,1.73
2012.11.21 18:51:57.863,0.7633,0.76356,2.10,1.73
2012.11.21 18:52:19.489,0.76332,0.76359,1.50,2.10
2012.11.21 18:52:22.355,0.76332,0.76359,1.50,1.35
2012.11.21 18:52:23.224,0.76332,0.76359,1.88,1.35
2012.11.21 18:52:24.624,0.76332,0.76359,1.50,1.35
2012.11.21 18:52:37.565,0.76332,0.76355,1.13,1.73
2012.11.21 18:52:39.074,0.76332,0.76355,1.13,1.73
2012.11.21 18:52:40.194,0.76332,0.76357,1.13,2.10
2012.11.21 18:52:41.293,0.76332,0.76357,1.13,2.10
2012.11.21 18:52:45.183,0.76332,0.76354,1.13,1.73
2012.11.21 18:52:45.843,0.76333,0.76357,1.13,1.35
2012.11.21 18:52:45.963,0.76333,0.76359,1.35,1.35
2012.11.21 18:52:54.954,0.76336,0.76362,1.35,1.35
2012.11.21 18:53:04.983,0.76331,0.76359,1.35,1.73
2012.11.21 18:53:05.684,0.76331,0.76359,1.35,1.73
2012.11.21 18:53:06.564,0.76331,0.76359,1.35,1.73
2012.11.21 18:53:12.734,0.76331,0.76359,1.35,1.73
2012.11.21 18:53:15.054,0.76331,0.76359,1.35,1.73
2012.11.21 18:53:15.904,0.76331,0.76359,1.35,1.73
2012.11.21 18:53:17.615,0.76331,0.76359,1.35,1.73
2012.11.21 18:53:39.653,0.76331,0.76355,1.35,1.50
2012.11.21 18:53:39.784,0.76331,0.76353,1.35,1.50
2012.11.21 18:53:41.648,0.76326,0.76354,1.35,1.73
2012.11.21 18:53:47.917,0.7633,0.76353,1.35,1.50
2012.11.21 18:53:52.426,0.76326,0.76354,1.35,1.73
2012.11.21 18:53:52.484,0.76326,0.76354,1.35,1.73
2012.11.21 18:53:52.656,0.76326,0.76354,1.35,1.73
2012.11.21 18:53:53.505,0.76326,0.76354,1.35,1.73
2012.11.21 18:53:54.656,0.76326,0.76354,1.35,1.73
2012.11.21 18:53:55.224,0.76329,0.76353,1.35,1.50
2012.11.21 18:53:55.768,0.76329,0.76353,1.35,1.50
2012.11.21 18:54:25.046,0.76329,0.76353,1.35,1.50
2012.11.21 18:54:31.914,0.76329,0.76358,1.35,1.35
2012.11.21 18:54:31.974,0.76329,0.76358,1.35,1.35
2012.11.21 18:54:39.888,0.76326,0.76354,1.35,1.73
2012.11.21 18:54:39.944,0.76326,0.76354,1.35,1.73
2012.11.21 18:54:40.436,0.76326,0.76354,1.35,1.73
2012.11.21 18:54:40.754,0.76331,0.76356,1.35,2.48
2012.11.21 18:54:40.813,0.76331,0.76358,1.35,2.78
2012.11.21 18:54:44.075,0.76331,0.76359,1.35,1.73
2012.11.21 18:54:44.195,0.76331,0.76359,1.35,1.73
2012.11.21 18:54:44.433,0.76331,0.76359,1.35,1.35
2012.11.21 18:54:44.974,0.76331,0.76364,1.95,1.50
2012.11.21 18:54:45.622,0.76331,0.76364,1.95,1.50
2012.11.21 18:54:46.428,0.76331,0.76363,1.95,1.13
2012.11.21 18:54:46.685,0.76331,0.7636,1.35,1.80
2012.11.21 18:54:46.934,0.76332,0.76358,1.35,1.73
2012.11.21 18:55:04.855,0.76332,0.76358,1.35,1.73
2012.11.21 18:55:05.667,0.76332,0.76358,1.35,1.73
2012.11.21 18:55:09.153,0.76332,0.76358,1.35,1.73
2012.11.21 18:55:12.000,0.76332,0.76358,1.35,1.73
2012.11.21 18:55:14.124,0.76332,0.76358,1.35,1.73
2012.11.21 18:55:14.244,0.76335,0.76362,1.35,1.13
2012.11.21 18:55:14.930,0.76331,0.76359,1.35,1.73
2012.11.21 18:55:15.688,0.76331,0.76359,1.35,1.73
2012.11.21 18:55:19.154,0.76331,0.76359,1.35,1.73
2012.11.21 18:55:19.484,0.76331,0.76359,1.35,1.73
2012.11.21 18:55:22.145,0.76332,0.7636,1.35,1.35
2012.11.21 18:55:22.324,0.76334,0.76363,1.35,2.10
2012.11.21 18:55:22.914,0.76337,0.76363,1.35,1.73
2012.11.21 18:55:24.726,0.76337,0.76363,1.35,1.73
2012.11.21 18:55:35.065,0.76337,0.76363,1.35,1.73
2012.11.21 18:55:44.526,0.76337,0.76363,1.35,1.73
2012.11.21 18:55:45.371,0.76337,0.76363,1.35,1.73
2012.11.21 18:55:48.004,0.76332,0.76358,1.35,1.50
2012.11.21 18:55:48.064,0.76332,0.76358,1.35,1.73
2012.11.21 18:55:48.263,0.76332,0.76358,1.35,1.73
2012.11.21 18:55:48.684,0.76332,0.76358,1.35,1.73
2012.11.21 18:55:50.305,0.76332,0.76358,1.35,1.73
2012.11.21 18:55:50.881,0.76332,0.76358,1.35,1.73
2012.11.21 18:55:54.955,0.76331,0.76359,1.35,2.40
2012.11.21 18:55:57.864,0.76332,0.76359,1.35,2.78
2012.11.21 18:56:14.847,0.76332,0.76359,1.35,1.35
2012.11.21 18:56:26.674,0.76332,0.76358,1.13,1.73
2012.11.21 18:56:26.853,0.7633,0.76356,1.35,2.78
2012.11.21 18:56:34.881,0.7633,0.76356,1.35,1.35
2012.11.21 18:56:35.574,0.7633,0.76358,1.35,3.60
2012.11.21 18:56:35.904,0.76329,0.76356,1.35,2.18
2012.11.21 18:56:37.056,0.76332,0.76356,1.13,2.55
2012.11.21 18:56:44.836,0.76332,0.76356,1.13,1.35
2012.11.21 18:56:45.879,0.76332,0.76358,1.13,3.00
2012.11.21 18:56:55.065,0.76332,0.76357,1.13,2.25
2012.11.21 18:56:57.746,0.76332,0.76357,1.13,2.18
2012.11.21 18:57:00.346,0.76332,0.76357,1.13,2.18
2012.11.21 18:57:00.694,0.76335,0.76358,1.13,1.35
2012.11.21 18:57:00.814,0.76336,0.76363,1.13,1.73
2012.11.21 18:57:02.975,0.76332,0.76358,1.35,1.73
2012.11.21 18:57:04.089,0.76332,0.76358,1.35,1.73
2012.11.21 18:57:04.876,0.76332,0.76358,1.35,1.73
2012.11.21 18:57:05.475,0.76332,0.76358,1.35,1.73
2012.11.21 18:57:06.500,0.76332,0.76358,1.35,1.73
2012.11.21 18:57:07.159,0.76332,0.76358,1.35,1.73
2012.11.21 18:57:07.633,0.76332,0.76358,1.35,1.73
2012.11.21 18:57:07.973,0.76332,0.76358,1.35,1.73
2012.11.21 18:57:08.476,0.76337,0.76363,1.35,3.75
2012.11.21 18:57:09.024,0.76337,0.76363,1.35,3.75
2012.11.21 18:57:13.187,0.76332,0.76358,1.35,1.73
2012.11.21 18:57:13.955,0.76332,0.76358,1.35,1.73
2012.11.21 18:57:14.907,0.76332,0.76358,1.35,1.73
2012.11.21 18:57:15.480,0.76332,0.76358,1.35,1.73
2012.11.21 18:57:19.555,0.76337,0.76363,1.35,2.10
2012.11.21 18:57:21.753,0.76337,0.76363,1.35,4.28
2012.11.21 18:57:24.183,0.76337,0.76362,1.35,1.35
2012.11.21 18:57:25.037,0.76337,0.76362,1.35,1.35
2012.11.21 18:57:25.955,0.76337,0.76363,1.35,2.10
2012.11.21 18:57:28.286,0.76335,0.76363,1.73,2.10
2012.11.21 18:57:28.344,0.76335,0.76362,1.73,2.25
2012.11.21 18:57:30.969,0.76337,0.76362,1.13,2.85
2012.11.21 18:57:31.364,0.76332,0.76358,1.35,1.73
2012.11.21 18:57:31.424,0.76332,0.76358,1.35,1.73
2012.11.21 18:57:31.964,0.76332,0.76358,1.35,1.73
2012.11.21 18:57:32.615,0.76332,0.76358,1.35,1.73
2012.11.21 18:57:33.554,0.76332,0.76358,1.35,1.73
2012.11.21 18:57:34.408,0.76332,0.76358,1.35,1.73
2012.11.21 18:57:34.905,0.76332,0.76358,1.35,1.73
2012.11.21 18:57:37.183,0.76332,0.76358,1.35,1.73
2012.11.21 18:57:37.885,0.76332,0.76358,1.35,1.73
2012.11.21 18:57:39.074,0.76332,0.76358,1.35,1.73
2012.11.21 18:57:41.071,0.76332,0.76358,1.35,1.73
2012.11.21 18:57:41.379,0.76336,0.76363,1.13,2.70
2012.11.21 18:57:41.958,0.76336,0.76363,1.13,2.03
2012.11.21 18:57:42.616,0.76336,0.76364,1.13,3.53
2012.11.21 18:57:44.023,0.76336,0.76364,1.35,3.53
2012.11.21 18:57:44.930,0.76336,0.76364,1.35,2.10
2012.11.21 18:57:48.584,0.76331,0.76359,1.35,1.73
2012.11.21 18:57:49.180,0.76331,0.76359,1.35,1.73
2012.11.21 18:57:49.379,0.76331,0.76359,1.35,1.73
2012.11.21 18:57:53.190,0.76336,0.76364,1.35,2.10
2012.11.21 18:57:53.524,0.76336,0.76364,1.35,1.73
2012.11.21 18:57:54.005,0.76342,0.76368,1.35,1.50
2012.11.21 18:57:54.064,0.76342,0.76368,1.35,1.50
2012.11.21 18:57:54.864,0.76342,0.76368,1.35,1.73
2012.11.21 18:57:54.924,0.76342,0.76368,1.35,1.73
2012.11.21 18:57:56.022,0.76342,0.76368,1.35,1.73
2012.11.21 18:57:57.340,0.76342,0.76368,1.35,1.73
2012.11.21 18:57:58.355,0.76342,0.76368,1.35,1.73
2012.11.21 18:58:00.864,0.76342,0.76368,1.35,1.73
2012.11.21 18:58:01.964,0.76346,0.76374,1.13,2.10
2012.11.21 18:58:02.024,0.76346,0.76374,1.35,1.73
2012.11.21 18:58:04.163,0.76346,0.76374,2.10,1.73
2012.11.21 18:58:04.224,0.76348,0.76378,1.35,1.35
2012.11.21 18:58:05.458,0.7635,0.76379,1.35,2.10
2012.11.21 18:58:08.585,0.7635,0.76374,1.35,1.50
2012.11.21 18:58:08.764,0.76346,0.76374,1.35,1.73
2012.11.21 18:58:09.606,0.76346,0.76374,1.35,1.73
2012.11.21 18:58:09.664,0.76346,0.76374,1.35,1.73
2012.11.21 18:58:12.832,0.76346,0.76374,1.35,1.73
2012.11.21 18:58:13.717,0.76346,0.76374,1.35,1.73
2012.11.21 18:58:14.954,0.76346,0.76374,1.35,1.73
2012.11.21 18:58:25.527,0.76346,0.76374,1.35,1.73
2012.11.21 18:58:25.584,0.76346,0.76374,2.10,1.73
2012.11.21 18:58:32.605,0.76346,0.76374,2.10,1.73
2012.11.21 18:58:32.964,0.76348,0.76374,1.35,1.73
2012.11.21 18:58:33.024,0.76348,0.76374,1.35,1.73
2012.11.21 18:58:33.694,0.76348,0.76374,1.35,1.73
2012.11.21 18:58:37.796,0.76348,0.76376,1.35,1.73
2012.11.21 18:58:37.915,0.7635,0.76376,1.35,1.73
2012.11.21 18:58:39.225,0.76346,0.76374,2.10,1.50
2012.11.21 18:58:39.462,0.76346,0.76374,2.10,1.73
2012.11.21 18:58:52.684,0.76348,0.76374,1.35,1.73
2012.11.21 18:58:55.064,0.76346,0.76374,1.35,1.73
2012.11.21 18:58:55.846,0.7635,0.76379,1.35,1.73
2012.11.21 18:58:56.624,0.76345,0.76371,1.35,1.50
2012.11.21 18:58:56.804,0.76337,0.76358,1.35,1.73
2012.11.21 18:58:56.895,0.76337,0.76358,1.35,1.73
2012.11.21 18:58:57.530,0.76337,0.76358,1.35,1.73
2012.11.21 18:58:59.086,0.76337,0.76358,1.35,1.73
2012.11.21 18:59:02.835,0.76333,0.76358,1.35,1.73
2012.11.21 18:59:02.896,0.76333,0.76358,1.73,1.73
2012.11.21 18:59:03.428,0.76333,0.76359,1.35,1.73
2012.11.21 18:59:04.535,0.76331,0.76359,2.10,1.73
2012.11.21 18:59:05.467,0.76331,0.76359,2.10,1.73
2012.11.21 18:59:05.905,0.76331,0.76359,2.10,1.73
2012.11.21 18:59:06.455,0.76331,0.76359,2.10,1.73
2012.11.21 18:59:07.361,0.76332,0.76359,1.35,1.73
2012.11.21 18:59:08.208,0.76332,0.76359,1.35,1.73
2012.11.21 18:59:09.339,0.76332,0.76359,1.35,1.73
2012.11.21 18:59:11.325,0.76332,0.76359,1.35,1.73
2012.11.21 18:59:12.555,0.76332,0.76359,1.35,1.73
2012.11.21 18:59:13.664,0.76332,0.76359,1.35,1.73
2012.11.21 18:59:17.453,0.76332,0.76359,1.35,1.73
2012.11.21 18:59:18.914,0.76332,0.76359,1.73,1.73
2012.11.21 18:59:19.274,0.76338,0.76364,1.35,1.50
2012.11.21 18:59:19.334,0.76338,0.76364,1.13,1.73
2012.11.21 18:59:19.835,0.76332,0.76358,2.10,1.73
2012.11.21 18:59:20.585,0.76332,0.76358,2.10,1.73
2012.11.21 18:59:21.124,0.76332,0.76358,2.10,1.73
2012.11.21 18:59:24.705,0.76332,0.76358,2.10,1.73
2012.11.21 18:59:26.826,0.76332,0.76358,2.10,1.73
2012.11.21 18:59:27.655,0.76332,0.76358,2.10,1.73
2012.11.21 18:59:30.545,0.76332,0.76358,2.10,1.73
2012.11.21 18:59:32.714,0.76337,0.76363,1.73,1.73
2012.11.21 18:59:32.834,0.76337,0.76365,2.48,1.50
2012.11.21 18:59:32.894,0.76337,0.76365,1.73,1.50
2012.11.21 18:59:33.074,0.76332,0.76359,1.35,1.73
2012.11.21 18:59:33.284,0.76332,0.76359,1.35,1.73
2012.11.21 18:59:33.655,0.76332,0.76359,1.35,1.73
2012.11.21 18:59:43.024,0.76332,0.76359,1.35,1.73
2012.11.21 18:59:43.715,0.76331,0.76359,2.10,1.73
2012.11.21 18:59:43.776,0.76331,0.76359,2.10,1.73
2012.11.21 18:59:47.795,0.76331,0.76359,2.10,1.73
2012.11.21 18:59:50.315,0.76331,0.76359,2.10,1.73
2012.11.21 18:59:54.855,0.76332,0.76359,1.35,1.73
2012.11.21 18:59:55.446,0.76332,0.76359,1.35,1.73
2012.11.21 18:59:56.065,0.76332,0.76359,1.35,1.73
2012.11.21 18:59:57.018,0.76332,0.76359,1.35,1.73
2012.11.21 18:59:59.494,0.76331,0.76359,2.10,1.73
