2016.04.05 12:00:02.530,0.64895,0.64921,1.00,2.25
2016.04.05 12:00:03.475,0.64896,0.64919,1.00,1.37
2016.04.05 12:00:06.268,0.64895,0.64919,1.00,1.37
2016.04.05 12:00:06.667,0.64897,0.64919,1.00,1.37
2016.04.05 12:00:06.894,0.64895,0.64919,1.00,1.37
2016.04.05 12:00:08.043,0.64895,0.64919,1.00,1.37
2016.04.05 12:00:08.774,0.64896,0.64919,1.00,1.37
2016.04.05 12:00:10.627,0.64895,0.64919,1.00,1.37
2016.04.05 12:00:12.167,0.64895,0.64916,1.00,1.37
2016.04.05 12:00:12.745,0.64895,0.64916,1.00,1.12
2016.04.05 12:00:13.196,0.64893,0.64917,1.00,1.87
2016.04.05 12:00:13.297,0.64892,0.64915,1.00,1.50
2016.04.05 12:00:13.398,0.64889,0.64914,1.12,1.37
2016.04.05 12:00:13.499,0.6489,0.64914,1.00,1.87
2016.04.05 12:00:13.707,0.64888,0.64912,1.00,1.12
2016.04.05 12:00:14.917,0.6489,0.64914,1.00,1.37
2016.04.05 12:00:17.227,0.64889,0.64914,1.00,1.37
2016.04.05 12:00:17.912,0.64889,0.64914,1.87,1.37
2016.04.05 12:00:22.195,0.64891,0.64915,1.00,1.50
2016.04.05 12:00:24.177,0.6489,0.64916,1.87,2.25
2016.04.05 12:00:24.806,0.6489,0.64915,1.00,1.50
2016.04.05 12:00:25.058,0.64885,0.64906,1.00,1.00
2016.04.05 12:00:25.416,0.64885,0.64909,1.87,1.12
2016.04.05 12:00:26.382,0.64885,0.64905,1.00,1.12
2016.04.05 12:00:27.246,0.64887,0.64908,1.00,1.37
2016.04.05 12:00:27.347,0.64885,0.64911,1.00,3.60
2016.04.05 12:00:27.448,0.64885,0.6491,1.00,1.72
2016.04.05 12:00:28.335,0.64884,0.64909,1.12,1.37
2016.04.05 12:00:28.436,0.64884,0.64909,1.00,1.37
2016.04.05 12:00:29.015,0.64885,0.64909,1.00,1.37
2016.04.05 12:00:29.327,0.64888,0.6491,1.00,1.72
2016.04.05 12:00:29.587,0.64886,0.64906,1.00,1.00
2016.04.05 12:00:30.121,0.6489,0.64908,1.00,1.12
2016.04.05 12:00:30.222,0.64888,0.64911,1.00,2.10
2016.04.05 12:00:30.644,0.64886,0.64911,1.12,2.10
2016.04.05 12:00:31.663,0.6489,0.64911,1.00,2.10
2016.04.05 12:00:32.898,0.64893,0.64911,1.00,1.37
2016.04.05 12:00:33.049,0.64895,0.6492,1.12,1.37
2016.04.05 12:00:33.516,0.64897,0.64921,1.00,1.67
2016.04.05 12:00:33.768,0.64897,0.64921,1.37,1.72
2016.04.05 12:00:34.313,0.64903,0.64925,1.00,1.37
2016.04.05 12:00:37.480,0.64895,0.64919,3.00,1.37
2016.04.05 12:00:37.582,0.64895,0.64915,1.37,1.12
2016.04.05 12:00:37.633,0.64895,0.64916,1.00,1.50
2016.04.05 12:00:37.734,0.64897,0.64916,1.00,1.50
2016.04.05 12:00:37.937,0.64894,0.64916,1.00,1.37
2016.04.05 12:00:40.443,0.64896,0.64915,1.00,1.12
2016.04.05 12:00:43.406,0.64895,0.64916,1.00,1.37
2016.04.05 12:00:45.852,0.64895,0.6491,1.00,1.00
2016.04.05 12:00:45.953,0.64893,0.6491,1.00,1.00
2016.04.05 12:00:46.004,0.64893,0.64915,1.00,1.37
2016.04.05 12:00:48.700,0.64893,0.64915,1.00,1.12
2016.04.05 12:00:49.209,0.64892,0.64916,1.12,1.12
2016.04.05 12:00:50.223,0.64894,0.64916,1.00,1.12
2016.04.05 12:00:50.714,0.64893,0.64911,1.00,1.00
2016.04.05 12:00:50.815,0.64888,0.6491,1.37,1.00
2016.04.05 12:00:50.916,0.64888,0.6491,1.00,1.12
2016.04.05 12:00:52.205,0.6489,0.64911,1.00,1.37
2016.04.05 12:00:52.656,0.64893,0.6491,1.00,1.12
2016.04.05 12:00:52.707,0.64893,0.64916,1.00,2.85
2016.04.05 12:00:52.993,0.64893,0.64915,1.00,1.12
2016.04.05 12:00:53.888,0.64895,0.64915,1.00,1.00
2016.04.05 12:00:54.585,0.64894,0.64915,1.00,1.00
2016.04.05 12:00:54.889,0.64896,0.64915,1.00,1.00
2016.04.05 12:00:55.178,0.64894,0.64915,1.00,1.00
2016.04.05 12:00:56.846,0.64894,0.64916,1.00,1.72
2016.04.05 12:00:59.185,0.64895,0.64916,1.00,1.72
2016.04.05 12:00:59.873,0.64895,0.64915,1.00,1.00
2016.04.05 12:01:00.437,0.64895,0.64916,1.00,2.10
2016.04.05 12:01:01.313,0.64893,0.64915,1.00,1.00
2016.04.05 12:01:01.364,0.64893,0.64915,1.00,1.60
2016.04.05 12:01:01.465,0.64885,0.6491,1.87,1.00
2016.04.05 12:01:01.516,0.64885,0.64909,1.00,1.37
2016.04.05 12:01:02.041,0.64886,0.64906,1.00,1.37
2016.04.05 12:01:02.693,0.64884,0.64906,1.12,1.37
2016.04.05 12:01:03.226,0.64885,0.64906,1.00,1.37
2016.04.05 12:01:03.659,0.64884,0.64906,1.00,1.37
2016.04.05 12:01:04.045,0.64884,0.64905,1.00,1.00
2016.04.05 12:01:04.546,0.64885,0.64906,1.00,1.12
2016.04.05 12:01:05.078,0.64884,0.64906,1.00,1.12
2016.04.05 12:01:05.229,0.64882,0.64906,1.00,1.87
2016.04.05 12:01:05.431,0.64877,0.64901,1.12,1.87
2016.04.05 12:01:05.532,0.64879,0.64901,1.00,1.12
2016.04.05 12:01:05.633,0.64877,0.64901,1.87,1.87
2016.04.05 12:01:06.153,0.64878,0.64901,1.00,1.12
2016.04.05 12:01:06.935,0.64878,0.64902,1.37,1.00
2016.04.05 12:01:07.494,0.6488,0.64905,1.37,1.37
2016.04.05 12:01:09.173,0.64883,0.64906,1.00,2.62
2016.04.05 12:01:09.274,0.64879,0.64905,1.37,1.37
2016.04.05 12:01:09.324,0.64879,0.64904,1.00,1.37
2016.04.05 12:01:09.526,0.64874,0.649,1.12,1.87
2016.04.05 12:01:09.730,0.64874,0.64896,1.00,1.37
2016.04.05 12:01:10.232,0.64872,0.64896,1.37,1.37
2016.04.05 12:01:10.762,0.64874,0.64895,1.00,1.00
2016.04.05 12:01:11.613,0.64876,0.64895,1.00,1.00
2016.04.05 12:01:11.985,0.64873,0.64895,1.12,1.00
2016.04.05 12:01:12.036,0.64876,0.64896,1.00,1.00
2016.04.05 12:01:13.405,0.64877,0.64896,1.00,1.00
2016.04.05 12:01:13.955,0.64876,0.64896,1.00,1.00
2016.04.05 12:01:14.219,0.64874,0.64896,1.12,1.00
2016.04.05 12:01:14.371,0.64872,0.64891,1.00,1.00
2016.04.05 12:01:14.472,0.64868,0.64891,1.37,1.00
2016.04.05 12:01:14.573,0.64868,0.64891,1.00,2.25
2016.04.05 12:01:14.860,0.64865,0.64891,1.00,2.62
2016.04.05 12:01:14.918,0.64867,0.64891,1.00,2.62
2016.04.05 12:01:14.969,0.64867,0.64891,1.37,1.87
2016.04.05 12:01:16.009,0.64868,0.64886,1.87,1.00
2016.04.05 12:01:16.620,0.64868,0.6489,1.87,1.12
2016.04.05 12:01:17.128,0.6487,0.64891,1.00,1.37
2016.04.05 12:01:17.779,0.64868,0.64891,1.87,1.37
2016.04.05 12:01:18.197,0.64871,0.64891,1.00,1.37
2016.04.05 12:01:18.299,0.64872,0.64895,1.37,1.00
2016.04.05 12:01:18.450,0.64875,0.64896,1.37,1.00
2016.04.05 12:01:18.954,0.64876,0.649,1.37,1.12
2016.04.05 12:01:19.498,0.64876,0.64895,1.37,1.00
2016.04.05 12:01:19.966,0.64876,0.64901,1.37,2.47
2016.04.05 12:01:20.167,0.64882,0.649,1.00,1.12
2016.04.05 12:01:20.268,0.64876,0.649,1.87,1.12
2016.04.05 12:01:20.534,0.64876,0.64895,1.87,1.00
2016.04.05 12:01:20.646,0.64876,0.64895,1.00,1.00
2016.04.05 12:01:21.185,0.64874,0.64895,1.87,1.00
2016.04.05 12:01:21.686,0.64874,0.64896,1.87,1.00
2016.04.05 12:01:22.240,0.64876,0.64896,1.00,1.00
2016.04.05 12:01:23.455,0.64876,0.64896,1.37,1.00
2016.04.05 12:01:23.969,0.64878,0.64896,1.00,1.00
2016.04.05 12:01:24.020,0.64878,0.64901,1.00,1.12
2016.04.05 12:01:24.122,0.6488,0.64901,1.00,1.12
2016.04.05 12:01:25.555,0.6488,0.649,1.12,1.00
2016.04.05 12:01:26.546,0.6488,0.64906,1.87,2.25
2016.04.05 12:01:26.656,0.6488,0.64901,1.87,1.00
2016.04.05 12:01:27.301,0.64881,0.64901,1.00,1.00
2016.04.05 12:01:27.882,0.64881,0.64904,1.00,1.12
2016.04.05 12:01:28.234,0.64881,0.64901,1.00,1.00
2016.04.05 12:01:28.762,0.64879,0.649,1.87,1.00
2016.04.05 12:01:29.326,0.6488,0.64901,1.12,1.00
2016.04.05 12:01:30.201,0.64881,0.64901,1.00,1.00
2016.04.05 12:01:31.632,0.64881,0.64901,1.37,1.00
2016.04.05 12:01:32.057,0.64882,0.64906,1.37,1.87
2016.04.05 12:01:32.307,0.64882,0.64901,1.37,1.00
2016.04.05 12:01:33.710,0.6488,0.649,2.25,1.00
2016.04.05 12:01:36.497,0.64882,0.64901,1.37,1.00
2016.04.05 12:01:36.797,0.64885,0.64906,1.00,1.12
2016.04.05 12:01:37.099,0.6488,0.64904,1.37,1.00
2016.04.05 12:01:37.200,0.6488,0.64904,1.00,1.37
2016.04.05 12:01:37.565,0.6488,0.64901,1.00,1.00
2016.04.05 12:01:38.022,0.6488,0.64905,1.00,1.37
2016.04.05 12:01:38.525,0.64881,0.64906,1.00,1.87
2016.04.05 12:01:39.066,0.64883,0.64906,1.00,2.62
2016.04.05 12:01:39.217,0.64883,0.64905,1.12,1.12
2016.04.05 12:01:39.745,0.64884,0.64905,1.00,1.12
2016.04.05 12:01:40.317,0.64885,0.64906,1.00,1.37
2016.04.05 12:01:40.418,0.64888,0.64905,1.00,1.12
2016.04.05 12:01:40.519,0.64884,0.64909,1.37,1.12
2016.04.05 12:01:40.620,0.64884,0.64909,1.37,1.50
2016.04.05 12:01:40.953,0.64876,0.649,1.12,1.12
2016.04.05 12:01:42.190,0.64874,0.64896,1.87,1.00
2016.04.05 12:01:42.305,0.64878,0.649,1.00,1.00
2016.04.05 12:01:42.521,0.64876,0.649,1.12,1.00
2016.04.05 12:01:43.424,0.64876,0.64899,1.00,1.37
2016.04.05 12:01:44.833,0.64876,0.64895,1.00,1.00
2016.04.05 12:01:45.143,0.64877,0.64901,1.00,1.37
2016.04.05 12:01:45.584,0.64876,0.64895,1.37,1.00
2016.04.05 12:01:45.837,0.64876,0.64901,1.37,1.50
2016.04.05 12:01:45.938,0.64878,0.64895,1.12,1.00
2016.04.05 12:01:46.173,0.64878,0.64901,1.12,1.37
2016.04.05 12:01:48.591,0.64878,0.64896,1.12,1.00
2016.04.05 12:01:48.914,0.64878,0.64901,1.12,1.37
2016.04.05 12:01:49.477,0.64879,0.649,1.00,1.37
2016.04.05 12:01:49.528,0.64881,0.649,1.00,1.37
2016.04.05 12:01:49.629,0.64881,0.64903,1.00,1.72
2016.04.05 12:01:50.006,0.64881,0.649,1.00,1.00
2016.04.05 12:01:50.221,0.64878,0.649,1.00,1.37
2016.04.05 12:01:50.731,0.64881,0.64901,1.00,1.37
2016.04.05 12:01:51.256,0.6488,0.64901,1.12,1.37
2016.04.05 12:01:51.357,0.6488,0.64905,1.50,1.50
2016.04.05 12:01:51.408,0.64882,0.64905,1.00,1.50
2016.04.05 12:01:51.524,0.64882,0.64906,1.12,1.37
2016.04.05 12:01:51.847,0.64884,0.64906,1.00,1.37
2016.04.05 12:01:52.084,0.64882,0.64906,1.87,1.37
2016.04.05 12:01:55.469,0.6488,0.64906,1.00,2.25
2016.04.05 12:01:57.032,0.64882,0.64905,1.00,1.37
2016.04.05 12:01:57.335,0.64877,0.649,1.37,1.12
2016.04.05 12:01:57.386,0.64877,0.64901,1.12,1.75
2016.04.05 12:01:57.592,0.64872,0.64898,2.62,1.37
2016.04.05 12:01:58.160,0.64873,0.64896,1.00,1.37
2016.04.05 12:01:58.695,0.64874,0.64895,1.00,1.12
2016.04.05 12:02:04.723,0.64873,0.64896,1.00,1.37
2016.04.05 12:02:09.034,0.64875,0.64898,1.00,1.37
2016.04.05 12:02:09.230,0.64872,0.64896,1.12,1.37
2016.04.05 12:02:09.773,0.64873,0.64899,1.37,1.37
2016.04.05 12:02:11.234,0.64875,0.649,1.00,1.50
2016.04.05 12:02:11.810,0.64876,0.64901,1.00,2.25
2016.04.05 12:02:12.526,0.64875,0.64901,1.00,3.00
2016.04.05 12:02:20.344,0.64876,0.64902,1.00,2.47
2016.04.05 12:02:21.004,0.64875,0.649,1.00,1.37
2016.04.05 12:02:22.186,0.64876,0.64902,1.00,2.47
2016.04.05 12:02:22.708,0.64876,0.64896,1.00,1.37
2016.04.05 12:02:22.759,0.6487,0.64896,1.37,1.87
2016.04.05 12:02:23.319,0.6487,0.64896,1.00,1.87
2016.04.05 12:02:23.922,0.64871,0.64894,1.00,1.37
2016.04.05 12:02:24.446,0.64871,0.64895,1.37,1.00
2016.04.05 12:02:24.497,0.64875,0.64895,1.00,1.00
2016.04.05 12:02:24.648,0.64872,0.64895,1.12,1.00
2016.04.05 12:02:24.761,0.64872,0.64896,1.87,1.00
2016.04.05 12:02:25.297,0.64877,0.64901,1.00,2.62
2016.04.05 12:02:25.855,0.64876,0.64901,1.12,1.87
2016.04.05 12:02:26.665,0.64873,0.64896,1.37,1.37
2016.04.05 12:02:26.766,0.64873,0.64896,1.00,1.75
2016.04.05 12:02:27.619,0.64871,0.64895,1.12,1.37
2016.04.05 12:02:27.670,0.64871,0.64895,1.00,1.37
2016.04.05 12:02:27.771,0.64871,0.64896,1.37,1.37
2016.04.05 12:02:28.228,0.64875,0.64896,1.00,1.37
2016.04.05 12:02:28.281,0.64873,0.64896,1.12,1.37
2016.04.05 12:02:28.803,0.6487,0.64894,1.37,1.00
2016.04.05 12:02:28.854,0.64869,0.64894,1.37,1.37
2016.04.05 12:02:28.955,0.64868,0.6489,1.87,1.00
2016.04.05 12:02:29.056,0.64868,0.64894,1.37,1.37
2016.04.05 12:02:29.678,0.64873,0.64895,1.00,1.37
2016.04.05 12:02:29.778,0.64873,0.64895,1.12,1.00
2016.04.05 12:02:29.930,0.64876,0.649,1.00,2.25
2016.04.05 12:02:30.774,0.64876,0.64901,1.37,1.75
2016.04.05 12:02:34.494,0.6488,0.649,1.00,1.37
2016.04.05 12:02:34.595,0.6488,0.64901,1.00,1.00
2016.04.05 12:02:34.747,0.64882,0.64905,1.00,2.10
2016.04.05 12:02:35.095,0.64884,0.64905,1.00,1.00
2016.04.05 12:02:35.626,0.64885,0.64906,1.00,1.12
2016.04.05 12:02:36.494,0.64881,0.64906,2.62,1.12
2016.04.05 12:02:37.086,0.64882,0.64905,1.12,1.00
2016.04.05 12:02:37.606,0.64882,0.64906,1.12,1.87
2016.04.05 12:02:38.127,0.6488,0.64905,2.25,1.12
2016.04.05 12:02:38.178,0.6488,0.649,2.25,1.00
2016.04.05 12:02:38.279,0.6488,0.649,1.00,1.00
2016.04.05 12:02:39.048,0.64876,0.649,1.37,1.00
2016.04.05 12:02:39.614,0.64876,0.649,1.37,1.87
2016.04.05 12:02:50.914,0.64881,0.64905,1.00,1.37
2016.04.05 12:02:51.016,0.64882,0.64906,1.12,2.85
2016.04.05 12:02:51.257,0.64879,0.64905,1.00,1.72
2016.04.05 12:02:51.358,0.64877,0.64901,1.12,1.50
2016.04.05 12:02:51.798,0.64873,0.64895,1.37,1.00
2016.04.05 12:02:51.848,0.64873,0.64899,1.37,1.87
2016.04.05 12:02:52.453,0.64873,0.64896,1.37,1.50
2016.04.05 12:02:52.999,0.64875,0.64895,1.00,1.00
2016.04.05 12:02:53.609,0.64872,0.64896,1.37,1.00
2016.04.05 12:02:54.169,0.64874,0.64898,1.12,1.37
2016.04.05 12:02:54.374,0.64874,0.64895,1.12,1.00
2016.04.05 12:02:54.817,0.64874,0.64898,1.87,1.37
2016.04.05 12:02:54.868,0.64876,0.64899,1.00,1.37
2016.04.05 12:02:55.297,0.64878,0.64896,1.00,1.00
2016.04.05 12:02:55.449,0.64874,0.64896,1.00,1.00
2016.04.05 12:02:55.963,0.64876,0.64901,1.37,1.37
2016.04.05 12:02:56.215,0.64879,0.64905,1.37,2.10
2016.04.05 12:02:58.302,0.64881,0.64906,1.00,2.85
2016.04.05 12:02:58.914,0.64882,0.64906,1.00,1.50
2016.04.05 12:03:00.267,0.64881,0.64906,1.00,2.25
2016.04.05 12:03:01.719,0.64879,0.64903,1.37,1.12
2016.04.05 12:03:02.026,0.64879,0.64903,1.00,1.37
2016.04.05 12:03:02.676,0.6488,0.64906,1.12,2.85
2016.04.05 12:03:04.597,0.64881,0.64905,1.00,1.37
2016.04.05 12:03:05.551,0.6488,0.64906,1.12,2.47
2016.04.05 12:03:05.653,0.64882,0.64905,1.00,1.37
2016.04.05 12:03:06.844,0.64881,0.64905,1.00,2.25
2016.04.05 12:03:07.636,0.64882,0.64905,1.00,1.37
2016.04.05 12:03:08.235,0.64881,0.64905,1.00,1.37
2016.04.05 12:03:08.962,0.6488,0.64906,1.12,2.25
2016.04.05 12:03:09.271,0.64883,0.64906,1.00,2.25
2016.04.05 12:03:09.524,0.64881,0.64906,1.00,1.37
2016.04.05 12:03:10.031,0.6488,0.64904,1.87,1.12
2016.04.05 12:03:10.544,0.64881,0.64906,1.00,2.25
2016.04.05 12:03:13.514,0.6488,0.64906,1.12,3.00
2016.04.05 12:03:15.114,0.64882,0.64905,1.00,1.37
2016.04.05 12:03:15.443,0.64879,0.64905,1.37,1.37
2016.04.05 12:03:17.056,0.64879,0.64905,1.00,1.87
2016.04.05 12:03:17.360,0.64878,0.649,1.00,1.37
2016.04.05 12:03:17.902,0.64877,0.64901,1.00,1.87
2016.04.05 12:03:19.402,0.64879,0.64904,1.00,1.97
2016.04.05 12:03:19.755,0.64877,0.64901,1.12,1.12
2016.04.05 12:03:20.608,0.64877,0.649,1.12,1.00
2016.04.05 12:03:22.152,0.64877,0.64901,1.12,1.12
2016.04.05 12:03:24.005,0.64876,0.64901,1.00,1.75
2016.04.05 12:03:24.776,0.64877,0.64901,1.00,1.50
2016.04.05 12:03:25.306,0.64876,0.649,1.12,1.12
2016.04.05 12:03:27.083,0.64877,0.649,1.00,1.12
2016.04.05 12:03:30.637,0.64878,0.649,1.00,1.12
2016.04.05 12:03:31.340,0.64875,0.649,1.37,1.12
2016.04.05 12:03:32.317,0.64875,0.64901,1.00,2.62
2016.04.05 12:03:32.756,0.64872,0.64895,1.00,1.37
2016.04.05 12:03:33.998,0.64872,0.64896,1.37,1.50
2016.04.05 12:03:34.554,0.64872,0.64895,1.37,1.00
2016.04.05 12:03:34.655,0.64873,0.64897,1.12,1.12
2016.04.05 12:03:34.705,0.64875,0.64898,1.00,1.37
2016.04.05 12:03:36.875,0.64875,0.64896,1.00,1.00
2016.04.05 12:03:37.379,0.64876,0.64896,1.00,1.00
2016.04.05 12:03:37.652,0.64872,0.64895,1.00,1.50
2016.04.05 12:03:38.342,0.64875,0.64896,1.00,1.37
2016.04.05 12:03:38.393,0.64875,0.64899,1.12,1.37
2016.04.05 12:03:39.357,0.64874,0.64896,1.00,1.37
2016.04.05 12:03:40.007,0.64873,0.64895,1.37,1.00
2016.04.05 12:03:41.496,0.64876,0.649,1.00,2.47
2016.04.05 12:03:42.934,0.64875,0.649,1.00,2.47
2016.04.05 12:03:43.464,0.64875,0.64895,1.00,1.00
2016.04.05 12:03:43.565,0.64872,0.64895,1.00,1.37
2016.04.05 12:03:43.716,0.64875,0.64898,1.00,1.37
2016.04.05 12:03:44.069,0.64871,0.64896,1.12,1.50
2016.04.05 12:03:44.170,0.64874,0.64895,1.00,1.37
2016.04.05 12:03:44.371,0.64872,0.64894,1.00,1.12
2016.04.05 12:03:44.646,0.64872,0.64894,1.00,1.37
2016.04.05 12:03:44.697,0.64869,0.64894,1.00,1.37
2016.04.05 12:03:44.916,0.64867,0.64893,1.87,1.37
2016.04.05 12:03:45.458,0.64868,0.64891,1.50,1.87
2016.04.05 12:03:45.521,0.64868,0.64891,1.87,1.50
2016.04.05 12:03:46.038,0.64864,0.6489,2.62,1.50
2016.04.05 12:03:46.089,0.64864,0.6489,1.37,1.37
2016.04.05 12:03:46.140,0.64863,0.64887,1.87,1.00
2016.04.05 12:03:46.241,0.64863,0.64886,1.37,1.12
2016.04.05 12:03:46.821,0.64863,0.64885,1.37,1.00
2016.04.05 12:03:47.348,0.64864,0.64886,1.12,1.12
2016.04.05 12:03:48.069,0.64864,0.64885,1.12,1.00
2016.04.05 12:03:48.728,0.64864,0.64886,1.12,1.12
2016.04.05 12:03:49.845,0.64864,0.64885,1.12,1.00
2016.04.05 12:03:50.187,0.64866,0.6489,1.00,1.37
2016.04.05 12:03:50.238,0.64866,0.6489,1.37,1.12
2016.04.05 12:03:50.339,0.64866,0.64891,1.00,1.72
2016.04.05 12:03:50.851,0.64861,0.64887,2.62,1.37
2016.04.05 12:03:51.454,0.64863,0.64887,1.37,1.00
2016.04.05 12:03:51.984,0.64864,0.64888,1.37,1.12
2016.04.05 12:03:52.887,0.64863,0.64888,1.12,1.37
2016.04.05 12:03:53.614,0.64862,0.64888,1.87,1.12
2016.04.05 12:04:01.685,0.64863,0.64888,1.50,1.37
2016.04.05 12:04:01.887,0.64872,0.64895,1.87,1.87
2016.04.05 12:04:02.373,0.64875,0.64895,1.12,1.00
2016.04.05 12:04:02.428,0.64875,0.64901,2.25,1.87
2016.04.05 12:04:02.479,0.64877,0.64901,1.00,1.87
2016.04.05 12:04:02.631,0.64875,0.649,2.25,1.37
2016.04.05 12:04:02.884,0.64877,0.64901,1.37,1.00
2016.04.05 12:04:03.086,0.64877,0.64903,1.87,1.12
2016.04.05 12:04:03.575,0.64877,0.64901,1.87,1.00
2016.04.05 12:04:04.022,0.64877,0.64903,1.87,1.12
2016.04.05 12:04:04.707,0.64883,0.64905,1.00,1.37
2016.04.05 12:04:05.491,0.64882,0.64906,1.00,1.72
2016.04.05 12:04:06.135,0.64881,0.64906,1.00,2.85
2016.04.05 12:04:07.897,0.64881,0.64905,1.37,1.50
2016.04.05 12:04:08.570,0.64884,0.64908,1.00,1.97
2016.04.05 12:04:09.172,0.64883,0.64906,1.12,1.87
2016.04.05 12:04:10.531,0.64883,0.64906,1.00,1.87
2016.04.05 12:04:10.734,0.64884,0.6491,1.37,2.10
2016.04.05 12:04:11.209,0.64887,0.6491,1.00,1.50
2016.04.05 12:04:11.645,0.64884,0.6491,1.87,1.50
2016.04.05 12:04:11.874,0.64887,0.64911,1.00,3.00
2016.04.05 12:04:12.472,0.64886,0.6491,1.00,2.25
2016.04.05 12:04:12.776,0.64886,0.64906,1.00,1.00
2016.04.05 12:04:12.936,0.64886,0.6491,1.00,2.10
2016.04.05 12:04:13.109,0.64886,0.64906,1.00,1.00
2016.04.05 12:04:13.412,0.64886,0.6491,1.00,2.10
2016.04.05 12:04:13.989,0.64884,0.64909,1.37,1.37
2016.04.05 12:04:14.857,0.64883,0.64906,1.37,1.00
2016.04.05 12:04:16.201,0.64883,0.64905,1.37,1.00
2016.04.05 12:04:16.634,0.64883,0.64905,1.12,1.12
2016.04.05 12:04:18.129,0.64884,0.64906,1.00,1.37
2016.04.05 12:04:20.152,0.64883,0.64906,1.12,1.37
2016.04.05 12:04:21.094,0.64886,0.64906,1.00,1.37
2016.04.05 12:04:21.395,0.6489,0.64915,1.00,1.50
2016.04.05 12:04:21.446,0.64894,0.64915,1.00,1.50
2016.04.05 12:04:22.859,0.64896,0.64916,1.00,1.72
2016.04.05 12:04:23.548,0.64893,0.64915,1.00,1.50
2016.04.05 12:04:27.767,0.64893,0.64916,1.00,2.85
2016.04.05 12:04:28.070,0.6489,0.64912,1.00,1.37
2016.04.05 12:04:28.171,0.64892,0.64912,1.00,1.37
2016.04.05 12:04:32.748,0.64884,0.6491,1.75,2.10
2016.04.05 12:04:32.899,0.64889,0.64906,1.00,1.00
2016.04.05 12:04:33.050,0.6489,0.64911,1.00,1.37
2016.04.05 12:04:33.252,0.6489,0.64911,1.00,1.00
2016.04.05 12:04:33.789,0.6489,0.6491,1.00,1.00
2016.04.05 12:04:34.524,0.64891,0.6491,1.00,1.00
2016.04.05 12:04:34.795,0.64891,0.64915,1.00,1.37
2016.04.05 12:04:34.846,0.64893,0.64916,1.00,1.87
2016.04.05 12:04:35.527,0.64893,0.64916,1.12,1.87
2016.04.05 12:04:38.110,0.64893,0.64915,1.12,1.00
2016.04.05 12:04:38.762,0.64893,0.64916,1.12,1.12
2016.04.05 12:04:39.046,0.64897,0.64916,1.00,1.12
2016.04.05 12:04:39.365,0.64899,0.64919,1.00,1.37
2016.04.05 12:04:39.897,0.64899,0.64919,1.00,1.37
2016.04.05 12:04:40.452,0.649,0.64921,1.00,1.37
2016.04.05 12:04:40.773,0.649,0.64922,1.00,1.30
2016.04.05 12:04:41.316,0.64899,0.64922,1.12,1.30
2016.04.05 12:04:43.424,0.649,0.64922,1.00,1.30
2016.04.05 12:04:46.534,0.64899,0.64922,1.12,1.30
2016.04.05 12:04:49.033,0.649,0.64922,1.00,1.30
2016.04.05 12:04:51.377,0.64899,0.64922,1.12,1.30
2016.04.05 12:04:54.893,0.64898,0.64921,1.37,1.00
2016.04.05 12:04:58.228,0.64898,0.64922,1.37,1.30
2016.04.05 12:04:58.754,0.649,0.64922,1.00,1.30
2016.04.05 12:04:59.452,0.64899,0.64921,1.12,1.00
2016.04.05 12:05:01.809,0.64899,0.64921,1.00,1.37
2016.04.05 12:05:01.910,0.64899,0.64921,1.00,1.50
2016.04.05 12:05:02.677,0.64896,0.64921,1.00,2.25
2016.04.05 12:05:03.706,0.64896,0.64918,1.00,1.37
2016.04.05 12:05:03.908,0.64891,0.64914,1.00,1.72
2016.04.05 12:05:04.598,0.64892,0.64915,1.00,2.47
2016.04.05 12:05:06.529,0.6489,0.64915,1.00,3.22
2016.04.05 12:05:08.492,0.64894,0.64915,1.12,1.87
2016.04.05 12:05:08.543,0.64895,0.64915,1.00,1.00
2016.04.05 12:05:08.644,0.64895,0.64915,1.37,1.00
2016.04.05 12:05:08.872,0.64901,0.64921,1.00,1.12
2016.04.05 12:05:09.382,0.64899,0.64921,1.00,1.12
2016.04.05 12:05:09.492,0.64901,0.64921,1.00,1.12
2016.04.05 12:05:10.682,0.64901,0.6492,1.00,1.00
2016.04.05 12:05:11.195,0.64901,0.64921,1.00,1.50
2016.04.05 12:05:12.317,0.64901,0.6492,1.00,1.00
2016.04.05 12:05:14.772,0.649,0.6492,1.00,1.00
2016.04.05 12:05:15.372,0.649,0.64921,1.00,1.12
2016.04.05 12:05:15.899,0.649,0.6492,1.00,1.00
2016.04.05 12:05:16.529,0.649,0.64921,1.00,1.12
2016.04.05 12:05:17.170,0.649,0.6492,1.00,1.00
2016.04.05 12:05:17.901,0.649,0.64923,1.00,1.72
2016.04.05 12:05:18.674,0.64901,0.64923,1.00,1.72
2016.04.05 12:05:19.221,0.64902,0.64923,1.00,1.72
2016.04.05 12:05:22.481,0.649,0.64924,1.00,3.22
2016.04.05 12:05:24.892,0.64899,0.64922,1.00,1.37
2016.04.05 12:05:25.032,0.64899,0.64922,1.00,1.37
2016.04.05 12:05:27.465,0.64898,0.64922,1.00,1.87
2016.04.05 12:05:27.831,0.649,0.64923,1.00,1.72
2016.04.05 12:05:27.882,0.64898,0.64923,1.37,1.72
2016.04.05 12:05:28.443,0.649,0.64924,1.00,3.22
2016.04.05 12:05:28.745,0.64902,0.64924,1.00,2.47
2016.04.05 12:05:31.933,0.64901,0.64924,1.00,2.47
2016.04.05 12:05:34.522,0.64902,0.64924,1.00,2.47
2016.04.05 12:05:36.661,0.64901,0.64924,1.00,2.47
2016.04.05 12:05:37.858,0.64904,0.64925,1.00,1.37
2016.04.05 12:05:38.062,0.64904,0.64928,1.00,2.47
2016.04.05 12:05:45.132,0.64903,0.64928,1.00,1.97
2016.04.05 12:05:56.334,0.64904,0.64929,1.50,1.37
2016.04.05 12:05:56.385,0.64909,0.64931,1.00,1.12
2016.04.05 12:05:56.890,0.64908,0.64932,1.00,1.37
2016.04.05 12:05:57.451,0.64907,0.64931,1.12,1.12
2016.04.05 12:06:00.149,0.64907,0.64931,1.12,1.72
2016.04.05 12:06:01.029,0.64908,0.6493,1.00,1.35
2016.04.05 12:06:03.612,0.64906,0.6493,1.37,2.10
2016.04.05 12:06:04.089,0.64904,0.64928,1.37,1.60
2016.04.05 12:06:04.240,0.64904,0.64925,1.00,1.00
2016.04.05 12:06:04.341,0.649,0.64925,1.50,1.37
2016.04.05 12:06:04.392,0.64904,0.6493,1.00,1.87
2016.04.05 12:06:04.446,0.64905,0.6493,1.00,1.37
2016.04.05 12:06:04.547,0.64905,0.6493,1.37,1.30
2016.04.05 12:06:04.648,0.64905,0.6493,1.00,1.67
2016.04.05 12:06:04.801,0.64905,0.64926,1.00,1.00
2016.04.05 12:06:05.042,0.64901,0.64925,1.12,1.87
2016.04.05 12:06:05.504,0.64902,0.64926,1.87,1.00
2016.04.05 12:06:07.081,0.64904,0.64928,1.37,1.72
2016.04.05 12:06:08.774,0.64904,0.64926,1.37,1.00
2016.04.05 12:06:08.925,0.64904,0.64928,1.37,1.12
2016.04.05 12:06:12.978,0.64906,0.6493,1.37,1.00
2016.04.05 12:06:13.298,0.64911,0.64935,1.00,1.37
2016.04.05 12:06:13.651,0.64911,0.6493,1.00,1.37
2016.04.05 12:06:13.854,0.64904,0.64927,1.00,1.37
2016.04.05 12:06:13.955,0.64901,0.64926,1.12,1.37
2016.04.05 12:06:14.400,0.64901,0.64923,1.00,1.37
2016.04.05 12:06:14.936,0.64901,0.6492,1.00,1.00
2016.04.05 12:06:15.051,0.64898,0.6492,1.00,1.00
2016.04.05 12:06:15.562,0.64899,0.64923,1.00,1.37
2016.04.05 12:06:15.970,0.64901,0.64924,1.00,1.37
2016.04.05 12:06:16.071,0.64901,0.64925,1.00,1.37
2016.04.05 12:06:16.808,0.64902,0.64926,1.00,3.37
2016.04.05 12:06:19.495,0.64902,0.64921,1.00,1.00
2016.04.05 12:06:19.846,0.64901,0.64925,1.00,1.37
2016.04.05 12:06:20.347,0.64902,0.64925,1.00,1.37
2016.04.05 12:06:20.556,0.64902,0.64926,1.37,1.87
2016.04.05 12:06:21.156,0.64902,0.64921,1.37,1.00
2016.04.05 12:06:23.542,0.64903,0.64925,1.12,1.00
2016.04.05 12:06:23.968,0.64905,0.64926,1.00,1.35
2016.04.05 12:06:24.794,0.64905,0.64925,1.00,1.00
2016.04.05 12:06:25.302,0.64905,0.64926,1.00,1.35
2016.04.05 12:06:26.208,0.64905,0.64925,1.00,1.00
2016.04.05 12:06:27.189,0.64905,0.64926,1.00,1.35
2016.04.05 12:06:27.713,0.64904,0.64925,1.00,1.00
2016.04.05 12:06:28.657,0.64904,0.64925,1.00,1.37
2016.04.05 12:06:29.169,0.649,0.64926,1.37,3.60
2016.04.05 12:06:31.169,0.649,0.64921,1.37,1.00
2016.04.05 12:06:31.373,0.64901,0.64925,1.37,1.72
2016.04.05 12:06:32.981,0.64901,0.64921,1.37,1.00
2016.04.05 12:06:33.222,0.64901,0.64925,1.37,1.72
2016.04.05 12:06:36.478,0.64902,0.64926,1.00,2.10
2016.04.05 12:06:36.529,0.64902,0.64916,1.00,1.00
2016.04.05 12:06:36.630,0.64898,0.64916,1.12,1.00
2016.04.05 12:06:36.731,0.64896,0.6492,1.12,2.10
2016.04.05 12:06:37.072,0.64896,0.64915,1.12,1.00
2016.04.05 12:06:37.639,0.64896,0.6492,1.12,2.85
2016.04.05 12:06:39.838,0.64896,0.64916,1.12,1.00
2016.04.05 12:06:41.273,0.64895,0.64919,1.37,1.30
2016.04.05 12:06:41.494,0.649,0.64924,1.00,2.47
2016.04.05 12:06:41.595,0.649,0.64924,1.37,1.00
2016.04.05 12:06:42.005,0.64906,0.64926,1.00,1.37
2016.04.05 12:06:43.232,0.64904,0.64926,1.00,1.37
2016.04.05 12:06:43.799,0.64905,0.64925,1.00,1.00
2016.04.05 12:06:48.962,0.64904,0.64928,1.00,1.97
2016.04.05 12:06:52.111,0.64903,0.64925,1.00,1.30
2016.04.05 12:06:52.554,0.64903,0.64924,1.00,1.37
2016.04.05 12:06:52.604,0.64901,0.64921,1.00,1.12
2016.04.05 12:06:54.445,0.64899,0.64925,1.37,2.47
2016.04.05 12:06:55.116,0.64903,0.64925,1.00,1.72
2016.04.05 12:06:55.218,0.64901,0.64925,1.00,3.22
2016.04.05 12:06:55.622,0.64901,0.64925,1.37,2.47
2016.04.05 12:06:55.931,0.64901,0.64925,1.00,1.72
2016.04.05 12:06:55.982,0.64898,0.64924,1.12,1.37
2016.04.05 12:06:56.359,0.64898,0.64924,1.12,3.97
2016.04.05 12:06:56.933,0.64897,0.64921,1.00,1.67
2016.04.05 12:06:57.435,0.64898,0.64921,1.00,1.67
2016.04.05 12:06:58.029,0.64899,0.64921,1.00,1.67
2016.04.05 12:06:58.287,0.64894,0.64919,1.37,1.12
2016.04.05 12:06:58.338,0.64894,0.64919,1.00,1.37
2016.04.05 12:07:01.291,0.64893,0.64919,1.00,1.37
2016.04.05 12:07:01.632,0.64895,0.64919,1.00,1.37
2016.04.05 12:07:04.142,0.64898,0.6492,1.00,1.37
2016.04.05 12:07:04.770,0.64895,0.6492,1.00,1.37
2016.04.05 12:07:05.101,0.64893,0.64917,1.00,1.87
2016.04.05 12:07:06.229,0.64895,0.64917,1.00,1.12
2016.04.05 12:07:06.740,0.64896,0.6492,1.00,2.62
2016.04.05 12:07:07.227,0.64894,0.64916,1.00,1.50
2016.04.05 12:07:07.328,0.64892,0.64916,1.12,1.50
2016.04.05 12:07:07.625,0.64895,0.64919,1.00,1.37
2016.04.05 12:07:07.776,0.64896,0.6492,1.12,1.37
2016.04.05 12:07:07.877,0.64899,0.6492,1.00,1.37
2016.04.05 12:07:08.432,0.649,0.6492,1.00,1.00
2016.04.05 12:07:08.957,0.649,0.64925,1.00,2.10
2016.04.05 12:07:09.459,0.64897,0.64921,1.37,1.50
2016.04.05 12:07:09.762,0.64897,0.6492,1.12,1.67
2016.04.05 12:07:10.292,0.64898,0.6492,1.00,1.72
2016.04.05 12:07:10.397,0.64899,0.64921,1.00,1.97
2016.04.05 12:07:10.948,0.649,0.64923,1.00,1.37
2016.04.05 12:07:16.261,0.649,0.64926,1.12,3.00
2016.04.05 12:07:16.676,0.64902,0.64926,1.00,1.75
2016.04.05 12:07:16.777,0.64906,0.64926,1.00,1.00
2016.04.05 12:07:16.878,0.64909,0.6493,1.00,1.37
2016.04.05 12:07:17.107,0.64909,0.6493,1.00,1.50
2016.04.05 12:07:22.392,0.64908,0.64931,1.00,1.72
2016.04.05 12:07:29.459,0.64907,0.6493,1.12,1.00
2016.04.05 12:07:29.842,0.64907,0.6493,1.12,1.60
2016.04.05 12:07:29.994,0.64902,0.64926,1.37,1.00
2016.04.05 12:07:30.807,0.64902,0.64925,1.37,1.00
2016.04.05 12:07:31.391,0.64902,0.64926,1.37,1.00
2016.04.05 12:07:33.953,0.64904,0.64926,1.00,1.00
2016.04.05 12:07:34.217,0.64904,0.64926,1.37,1.00
2016.04.05 12:07:34.267,0.64904,0.64928,1.87,1.00
2016.04.05 12:07:34.801,0.64905,0.64931,1.37,2.47
2016.04.05 12:07:38.933,0.64907,0.64931,1.37,1.00
2016.04.05 12:07:45.497,0.64906,0.64925,1.37,1.00
2016.04.05 12:07:46.789,0.64906,0.64931,1.37,1.37
2016.04.05 12:07:46.841,0.64907,0.64931,1.37,1.00
2016.04.05 12:07:47.479,0.64908,0.64926,1.37,1.00
2016.04.05 12:07:48.543,0.64908,0.64931,1.00,1.37
2016.04.05 12:07:51.294,0.64908,0.64926,1.00,1.00
2016.04.05 12:07:51.836,0.64905,0.64926,1.37,1.00
2016.04.05 12:07:52.602,0.64905,0.64925,1.37,1.00
2016.04.05 12:07:54.278,0.64903,0.64926,1.37,1.50
2016.04.05 12:07:54.379,0.649,0.64926,1.50,1.87
2016.04.05 12:07:54.480,0.649,0.6492,1.37,1.00
2016.04.05 12:07:55.126,0.64899,0.6492,1.00,1.37
2016.04.05 12:07:56.360,0.64898,0.64921,1.00,2.25
2016.04.05 12:07:56.802,0.64896,0.6492,1.00,1.87
2016.04.05 12:07:57.041,0.64894,0.64919,1.50,1.37
2016.04.05 12:07:59.782,0.64895,0.64917,1.00,1.37
2016.04.05 12:08:00.301,0.64896,0.64918,1.00,1.37
2016.04.05 12:08:02.772,0.64894,0.64918,1.00,1.37
2016.04.05 12:08:02.880,0.64896,0.64918,1.00,1.37
2016.04.05 12:08:08.166,0.64896,0.64917,1.00,1.00
2016.04.05 12:08:08.267,0.64898,0.64922,1.12,2.25
2016.04.05 12:08:08.838,0.64897,0.64921,1.00,2.25
2016.04.05 12:08:09.268,0.649,0.64921,1.00,1.37
2016.04.05 12:08:11.431,0.64898,0.6492,1.00,1.37
2016.04.05 12:08:12.135,0.64895,0.64919,1.12,1.12
2016.04.05 12:08:13.190,0.64896,0.64919,1.00,1.12
2016.04.05 12:08:16.402,0.64897,0.64919,1.00,1.12
2016.04.05 12:08:17.156,0.64898,0.64922,1.00,1.37
2016.04.05 12:08:17.937,0.64896,0.6492,1.00,2.25
2016.04.05 12:08:17.988,0.64896,0.64919,1.00,1.37
2016.04.05 12:08:18.910,0.64895,0.64918,1.00,1.37
2016.04.05 12:08:19.437,0.64894,0.64919,1.00,1.37
2016.04.05 12:08:19.993,0.64895,0.64919,1.00,1.37
2016.04.05 12:08:22.983,0.64897,0.64919,1.00,1.37
2016.04.05 12:08:23.135,0.64897,0.64921,1.00,1.87
2016.04.05 12:08:24.190,0.64896,0.64921,1.00,1.37
2016.04.05 12:08:25.831,0.64896,0.64915,1.00,1.00
2016.04.05 12:08:26.050,0.64893,0.64916,1.00,1.12
2016.04.05 12:08:26.511,0.64897,0.64921,1.00,1.97
2016.04.05 12:08:26.884,0.64895,0.64916,1.37,1.00
2016.04.05 12:08:26.934,0.64895,0.64921,1.37,3.22
2016.04.05 12:08:27.035,0.64895,0.64916,1.37,1.00
2016.04.05 12:08:27.144,0.64895,0.64921,1.50,2.47
2016.04.05 12:08:27.774,0.64897,0.64923,1.00,1.37
2016.04.05 12:08:28.682,0.64898,0.64923,1.00,1.37
2016.04.05 12:08:28.733,0.64898,0.64923,1.37,1.12
2016.04.05 12:08:28.833,0.64903,0.64926,1.00,1.50
2016.04.05 12:08:29.845,0.64901,0.64925,1.00,1.37
2016.04.05 12:08:29.896,0.64901,0.6492,1.00,1.00
2016.04.05 12:08:30.126,0.64901,0.64925,1.00,1.87
2016.04.05 12:08:33.320,0.64899,0.64925,1.12,1.37
2016.04.05 12:08:33.421,0.64899,0.64921,1.12,1.00
2016.04.05 12:08:33.641,0.64899,0.64925,1.12,1.87
2016.04.05 12:08:33.882,0.64898,0.64921,1.37,1.00
2016.04.05 12:08:34.403,0.64899,0.64923,1.00,1.37
2016.04.05 12:08:34.878,0.64897,0.64921,1.12,1.37
2016.04.05 12:08:35.402,0.64898,0.64921,1.00,1.37
2016.04.05 12:08:36.181,0.64899,0.64921,1.00,1.37
2016.04.05 12:08:37.579,0.649,0.64926,1.37,1.87
2016.04.05 12:08:37.881,0.64904,0.64928,1.12,1.37
2016.04.05 12:08:37.932,0.64904,0.64928,1.75,1.00
2016.04.05 12:08:38.084,0.64908,0.64931,1.00,1.87
2016.04.05 12:08:38.549,0.64908,0.64931,1.37,1.00
2016.04.05 12:08:39.289,0.64908,0.6493,1.37,1.00
2016.04.05 12:08:40.370,0.64908,0.64931,1.37,1.00
2016.04.05 12:08:40.909,0.64909,0.6493,1.12,1.00
2016.04.05 12:08:41.460,0.64908,0.64931,1.37,1.00
2016.04.05 12:08:42.698,0.64906,0.6493,1.37,1.00
2016.04.05 12:08:43.101,0.64906,0.64925,1.37,1.00
2016.04.05 12:08:43.647,0.64906,0.64926,1.37,1.00
2016.04.05 12:08:44.148,0.64906,0.64925,1.37,1.00
2016.04.05 12:08:44.200,0.64906,0.64931,1.37,1.00
2016.04.05 12:08:44.749,0.64906,0.6493,1.37,1.00
2016.04.05 12:08:45.472,0.64904,0.64926,1.87,1.00
2016.04.05 12:08:45.523,0.64904,0.64926,1.12,1.00
2016.04.05 12:08:45.751,0.64901,0.64926,1.37,1.37
2016.04.05 12:08:47.857,0.649,0.64921,1.50,1.00
2016.04.05 12:08:48.389,0.649,0.6492,1.50,1.00
2016.04.05 12:08:49.084,0.649,0.64921,1.37,1.00
2016.04.05 12:08:49.717,0.64897,0.6492,1.87,1.00
2016.04.05 12:08:49.768,0.64897,0.6492,1.87,1.00
2016.04.05 12:08:51.177,0.64897,0.64921,1.37,1.00
2016.04.05 12:08:54.329,0.64901,0.64921,1.00,1.00
2016.04.05 12:08:54.879,0.64899,0.64921,1.37,1.00
2016.04.05 12:08:57.324,0.64899,0.6492,1.37,1.00
2016.04.05 12:08:57.875,0.649,0.64921,1.12,1.00
2016.04.05 12:08:58.948,0.649,0.64925,1.12,2.47
2016.04.05 12:08:59.483,0.649,0.64921,1.12,1.00
2016.04.05 12:09:00.017,0.64901,0.64926,1.00,2.85
2016.04.05 12:09:00.580,0.64902,0.64926,1.00,2.47
2016.04.05 12:09:01.271,0.64902,0.64921,1.00,1.00
2016.04.05 12:09:01.807,0.64902,0.64925,1.12,1.30
2016.04.05 12:09:02.419,0.64903,0.64925,1.00,1.30
2016.04.05 12:09:03.035,0.64902,0.64925,1.12,1.30
2016.04.05 12:09:05.760,0.64902,0.6492,1.12,1.00
2016.04.05 12:09:05.912,0.64902,0.64925,1.12,1.72
2016.04.05 12:09:05.982,0.64902,0.6492,1.12,1.00
2016.04.05 12:09:06.659,0.64901,0.64925,1.37,1.30
2016.04.05 12:09:09.952,0.649,0.64924,1.37,1.00
2016.04.05 12:09:10.053,0.649,0.64924,1.00,1.37
2016.04.05 12:09:10.104,0.64897,0.64923,1.87,1.37
2016.04.05 12:09:11.731,0.64898,0.6492,1.00,1.37
2016.04.05 12:09:12.153,0.64895,0.64921,1.87,1.87
2016.04.05 12:09:13.470,0.64897,0.64921,1.00,1.37
2016.04.05 12:09:14.189,0.64896,0.64921,1.00,1.37
2016.04.05 12:09:15.140,0.64895,0.6492,1.12,1.37
2016.04.05 12:09:15.613,0.64897,0.64921,1.00,1.37
2016.04.05 12:09:15.955,0.64901,0.64923,1.37,1.00
2016.04.05 12:09:16.014,0.64901,0.64926,1.37,2.10
2016.04.05 12:09:16.065,0.64901,0.64924,1.00,1.12
2016.04.05 12:09:16.116,0.64897,0.6492,1.37,1.00
2016.04.05 12:09:16.167,0.64897,0.6492,1.12,1.00
2016.04.05 12:09:16.421,0.64895,0.64921,1.00,3.00
2016.04.05 12:09:16.954,0.64898,0.6492,1.12,1.12
2016.04.05 12:09:17.461,0.64899,0.64923,1.00,1.37
2016.04.05 12:09:18.570,0.649,0.64923,1.00,1.37
2016.04.05 12:09:18.898,0.64899,0.64919,1.00,1.37
2016.04.05 12:09:19.100,0.64896,0.6492,1.00,1.37
2016.04.05 12:09:19.454,0.64893,0.64916,1.00,1.12
2016.04.05 12:09:20.731,0.64895,0.64917,1.00,1.37
2016.04.05 12:09:22.972,0.64896,0.64919,1.00,1.72
2016.04.05 12:09:24.958,0.64897,0.64919,1.00,1.72
2016.04.05 12:09:25.483,0.64896,0.64918,1.00,1.37
2016.04.05 12:09:27.220,0.64897,0.64919,1.00,1.72
2016.04.05 12:09:28.030,0.64896,0.64916,1.00,1.12
2016.04.05 12:09:28.790,0.64897,0.64919,1.00,1.72
2016.04.05 12:09:31.531,0.64895,0.64916,1.00,1.00
2016.04.05 12:09:31.582,0.64895,0.64916,1.00,1.60
2016.04.05 12:09:31.733,0.6489,0.64911,1.12,1.87
2016.04.05 12:09:31.894,0.64887,0.64911,1.00,3.37
2016.04.05 12:09:32.472,0.64888,0.64911,1.00,2.10
2016.04.05 12:09:32.999,0.64888,0.6491,1.12,1.60
2016.04.05 12:09:33.379,0.6489,0.6491,1.00,1.60
2016.04.05 12:09:34.173,0.64887,0.64913,1.87,3.22
2016.04.05 12:09:34.843,0.6489,0.64913,1.00,2.47
2016.04.05 12:09:35.579,0.64889,0.64913,1.00,2.47
2016.04.05 12:09:36.271,0.64891,0.64913,1.00,2.47
2016.04.05 12:09:36.372,0.64889,0.64913,1.00,3.22
2016.04.05 12:09:36.655,0.64889,0.64913,1.00,1.37
2016.04.05 12:09:37.961,0.64892,0.64916,1.50,2.47
2016.04.05 12:09:38.357,0.64897,0.6492,1.00,1.97
2016.04.05 12:09:39.915,0.64897,0.64919,1.12,1.30
2016.04.05 12:09:41.106,0.64892,0.64918,1.87,1.37
2016.04.05 12:09:42.616,0.64892,0.64916,1.37,1.00
2016.04.05 12:09:42.921,0.64892,0.64916,1.00,1.37
2016.04.05 12:09:43.776,0.64891,0.64916,1.12,3.00
2016.04.05 12:09:44.098,0.64889,0.64911,1.00,1.12
2016.04.05 12:09:44.583,0.64889,0.64911,1.00,1.50
2016.04.05 12:09:44.633,0.64887,0.64911,1.00,1.50
2016.04.05 12:09:45.241,0.64888,0.6491,1.00,1.37
2016.04.05 12:09:46.872,0.6489,0.64911,1.00,1.37
2016.04.05 12:09:48.647,0.64891,0.64911,1.00,1.37
2016.04.05 12:09:48.698,0.64889,0.64911,1.00,1.37
2016.04.05 12:09:49.129,0.64887,0.6491,1.00,1.87
2016.04.05 12:09:49.555,0.64886,0.64905,1.12,1.00
2016.04.05 12:09:50.081,0.64885,0.64908,1.37,2.47
2016.04.05 12:09:50.963,0.64885,0.64905,1.37,1.00
2016.04.05 12:09:51.570,0.64885,0.64908,1.37,2.47
2016.04.05 12:09:51.621,0.64885,0.64906,1.37,1.00
2016.04.05 12:09:51.722,0.64883,0.64906,1.12,1.37
2016.04.05 12:09:51.773,0.64886,0.64906,1.00,1.37
2016.04.05 12:09:51.985,0.64883,0.64906,1.12,1.37
2016.04.05 12:09:53.950,0.64885,0.64905,1.00,1.72
2016.04.05 12:09:54.796,0.64884,0.64906,1.00,1.97
2016.04.05 12:09:55.142,0.64884,0.64906,1.50,1.60
2016.04.05 12:09:56.317,0.64888,0.64905,1.00,1.00
2016.04.05 12:09:56.570,0.64888,0.64911,1.00,3.22
2016.04.05 12:09:57.046,0.64885,0.64911,1.37,4.35
2016.04.05 12:09:58.455,0.64885,0.64906,1.37,1.00
2016.04.05 12:09:59.001,0.64885,0.64911,1.37,4.35
2016.04.05 12:10:00.558,0.64885,0.64906,1.37,1.00
2016.04.05 12:10:01.193,0.64883,0.64905,1.87,1.00
2016.04.05 12:10:01.294,0.64883,0.64905,1.37,1.60
2016.04.05 12:10:01.345,0.64883,0.64906,1.00,2.47
2016.04.05 12:10:01.446,0.64881,0.649,1.00,1.00
2016.04.05 12:10:01.958,0.64881,0.64904,1.00,1.97
2016.04.05 12:10:02.948,0.64881,0.649,1.00,1.00
2016.04.05 12:10:03.514,0.6488,0.649,1.50,1.00
2016.04.05 12:10:04.268,0.6488,0.64906,1.50,3.60
2016.04.05 12:10:04.817,0.6488,0.649,1.50,1.00
2016.04.05 12:10:05.325,0.6488,0.64905,1.00,1.97
2016.04.05 12:10:08.458,0.64878,0.64904,1.87,1.97
2016.04.05 12:10:09.375,0.64878,0.649,1.87,1.00
2016.04.05 12:10:10.997,0.6488,0.649,1.00,1.00
2016.04.05 12:10:11.290,0.64878,0.64901,1.87,1.12
2016.04.05 12:10:11.947,0.64879,0.64905,1.00,2.47
2016.04.05 12:10:13.508,0.64879,0.649,1.00,1.00
2016.04.05 12:10:14.040,0.64876,0.64901,1.37,1.12
2016.04.05 12:10:14.588,0.64878,0.649,1.12,1.00
2016.04.05 12:10:15.140,0.64877,0.64901,1.00,1.87
2016.04.05 12:10:15.392,0.64878,0.64904,1.37,1.97
2016.04.05 12:10:15.998,0.64878,0.64902,1.00,1.87
2016.04.05 12:10:16.750,0.64877,0.64901,1.00,1.37
2016.04.05 12:10:17.225,0.64879,0.64901,1.00,1.37
2016.04.05 12:10:17.747,0.64878,0.64903,1.00,1.72
2016.04.05 12:10:18.826,0.64877,0.649,1.00,1.37
2016.04.05 12:10:19.701,0.64879,0.64904,1.00,1.97
2016.04.05 12:10:22.021,0.64878,0.64901,1.00,2.25
2016.04.05 12:10:22.419,0.64879,0.64899,1.00,1.37
2016.04.05 12:10:22.571,0.64876,0.649,1.00,1.72
2016.04.05 12:10:23.158,0.64877,0.649,1.00,1.72
2016.04.05 12:10:23.659,0.64876,0.64901,1.00,2.85
2016.04.05 12:10:25.525,0.64878,0.649,1.00,1.72
2016.04.05 12:10:25.920,0.64881,0.649,1.00,1.67
2016.04.05 12:10:26.116,0.64879,0.64901,1.00,1.97
2016.04.05 12:10:26.768,0.6488,0.64903,1.00,3.22
2016.04.05 12:10:26.928,0.6488,0.64904,1.12,1.30
2016.04.05 12:10:26.979,0.6488,0.64901,1.12,1.00
2016.04.05 12:10:27.047,0.6488,0.64904,1.12,1.30
2016.04.05 12:10:27.590,0.64879,0.64905,1.00,2.47
2016.04.05 12:10:28.156,0.64878,0.64904,1.00,1.72
2016.04.05 12:10:28.471,0.64881,0.64905,1.00,2.47
2016.04.05 12:10:28.973,0.64877,0.64902,1.12,1.87
2016.04.05 12:10:29.625,0.64878,0.64902,1.00,1.87
2016.04.05 12:10:30.302,0.64879,0.64901,1.00,1.37
2016.04.05 12:10:34.682,0.6488,0.64903,1.00,1.37
2016.04.05 12:10:40.184,0.64878,0.64902,1.00,1.12
2016.04.05 12:10:42.788,0.64879,0.64903,1.00,1.37
2016.04.05 12:10:43.331,0.6488,0.649,1.00,1.12
2016.04.05 12:10:43.900,0.64879,0.649,1.00,1.12
2016.04.05 12:10:45.578,0.6488,0.64901,1.00,1.37
2016.04.05 12:10:46.087,0.64878,0.64902,1.00,1.37
2016.04.05 12:10:47.078,0.64879,0.64901,1.00,1.37
2016.04.05 12:10:47.419,0.6488,0.64904,1.00,1.72
2016.04.05 12:10:47.469,0.6488,0.64904,1.00,1.72
2016.04.05 12:10:47.520,0.64878,0.64901,1.00,1.37
2016.04.05 12:10:48.110,0.64879,0.64901,1.00,1.37
2016.04.05 12:10:48.637,0.64878,0.64901,1.00,1.37
2016.04.05 12:10:49.323,0.64879,0.64901,1.00,1.37
2016.04.05 12:10:49.906,0.64878,0.64901,1.00,1.50
2016.04.05 12:10:50.541,0.64879,0.64903,1.00,1.37
2016.04.05 12:10:51.499,0.6488,0.64903,1.00,1.12
2016.04.05 12:10:52.370,0.64881,0.64905,1.00,1.97
2016.04.05 12:10:53.726,0.64881,0.64904,1.00,1.72
2016.04.05 12:10:54.324,0.6488,0.64904,1.00,2.47
2016.04.05 12:10:54.831,0.64879,0.64903,1.00,1.37
2016.04.05 12:10:57.881,0.6488,0.64904,1.00,1.87
2016.04.05 12:11:00.625,0.64879,0.649,1.00,1.37
2016.04.05 12:11:02.326,0.64878,0.64904,1.00,2.25
2016.04.05 12:11:02.870,0.64879,0.64904,1.00,1.37
2016.04.05 12:11:03.876,0.64879,0.64905,1.12,1.72
2016.04.05 12:11:04.178,0.64879,0.64903,1.12,1.12
2016.04.05 12:11:04.488,0.64878,0.64901,1.00,1.50
2016.04.05 12:11:05.198,0.64879,0.64903,1.50,1.37
2016.04.05 12:11:05.349,0.64879,0.64903,1.87,1.12
2016.04.05 12:11:05.551,0.64879,0.64901,1.12,1.00
2016.04.05 12:11:06.387,0.64879,0.64903,1.12,1.87
2016.04.05 12:11:07.349,0.64879,0.64903,1.00,1.37
2016.04.05 12:11:07.852,0.64877,0.64901,1.37,2.10
2016.04.05 12:11:08.185,0.64875,0.64899,1.00,1.37
2016.04.05 12:11:08.758,0.64875,0.649,1.37,3.22
2016.04.05 12:11:09.010,0.64879,0.64901,1.00,1.37
2016.04.05 12:11:09.304,0.64882,0.64907,1.12,1.87
2016.04.05 12:11:10.019,0.64879,0.64903,1.00,1.37
2016.04.05 12:11:10.521,0.64877,0.64901,1.37,1.50
2016.04.05 12:11:10.572,0.64877,0.64901,1.00,1.50
2016.04.05 12:11:10.907,0.64879,0.64901,1.00,1.37
2016.04.05 12:11:11.517,0.64878,0.64902,1.00,1.37
2016.04.05 12:11:13.036,0.64879,0.64902,1.00,1.37
2016.04.05 12:11:15.267,0.64874,0.649,1.12,1.97
2016.04.05 12:11:16.446,0.64876,0.64901,1.00,2.10
2016.04.05 12:11:17.328,0.64878,0.64901,1.00,2.85
2016.04.05 12:11:17.777,0.64876,0.64901,1.00,2.85
2016.04.05 12:11:18.428,0.64877,0.649,1.00,1.97
2016.04.05 12:11:18.825,0.64875,0.649,1.00,1.35
2016.04.05 12:11:21.047,0.64875,0.64898,1.00,2.47
2016.04.05 12:11:21.198,0.6487,0.64894,1.50,1.12
2016.04.05 12:11:21.708,0.64871,0.64895,1.00,2.10
2016.04.05 12:11:22.220,0.64869,0.64895,3.00,1.72
2016.04.05 12:11:22.331,0.64873,0.64895,1.37,1.72
2016.04.05 12:11:27.272,0.64871,0.64894,1.00,1.30
2016.04.05 12:11:27.373,0.64868,0.64892,1.37,1.00
2016.04.05 12:11:27.795,0.6487,0.64894,1.12,1.72
2016.04.05 12:11:27.997,0.64873,0.64894,1.00,1.30
2016.04.05 12:11:28.148,0.64873,0.64896,1.37,1.00
2016.04.05 12:11:28.675,0.64874,0.64897,1.12,1.30
2016.04.05 12:11:29.259,0.64873,0.64897,1.37,1.67
2016.04.05 12:11:30.549,0.64873,0.64897,1.37,1.30
2016.04.05 12:11:31.001,0.64877,0.64899,1.00,1.37
2016.04.05 12:11:31.051,0.64877,0.64901,1.12,2.47
2016.04.05 12:11:31.203,0.64879,0.64901,1.00,1.30
2016.04.05 12:11:31.737,0.64878,0.64901,1.00,1.30
2016.04.05 12:11:32.654,0.6488,0.64901,1.00,1.30
2016.04.05 12:11:32.805,0.64881,0.64906,1.12,2.85
2016.04.05 12:11:33.286,0.64883,0.64905,1.00,1.37
2016.04.05 12:11:34.061,0.64882,0.64906,1.00,2.10
2016.04.05 12:11:34.566,0.6488,0.64905,1.50,1.50
2016.04.05 12:11:38.938,0.6488,0.64905,1.50,1.37
2016.04.05 12:11:39.258,0.64884,0.64906,1.00,1.37
2016.04.05 12:11:39.460,0.64892,0.64915,1.00,1.37
2016.04.05 12:11:39.561,0.64894,0.64918,1.00,1.97
2016.04.05 12:11:39.662,0.64894,0.64917,1.00,1.30
2016.04.05 12:11:40.684,0.64895,0.64917,1.00,1.30
2016.04.05 12:11:40.983,0.64892,0.64916,1.00,1.50
2016.04.05 12:11:43.358,0.64893,0.64917,1.00,2.47
2016.04.05 12:11:43.661,0.64893,0.64917,1.12,1.72
2016.04.05 12:11:44.106,0.64895,0.64917,1.00,1.72
2016.04.05 12:11:45.280,0.64894,0.64917,1.00,1.72
2016.04.05 12:11:45.583,0.64898,0.6492,1.00,1.30
2016.04.05 12:11:46.089,0.64897,0.6492,1.00,1.30
2016.04.05 12:11:46.413,0.64893,0.64919,1.00,1.87
2016.04.05 12:11:46.934,0.64892,0.64916,1.12,1.12
2016.04.05 12:11:49.250,0.64894,0.64918,1.00,1.97
2016.04.05 12:11:49.820,0.64895,0.64919,1.00,3.97
2016.04.05 12:11:50.328,0.64897,0.64919,1.00,3.22
2016.04.05 12:11:52.409,0.64897,0.64918,1.00,1.30
2016.04.05 12:11:52.812,0.64898,0.6492,1.37,2.10
2016.04.05 12:11:53.115,0.649,0.64923,1.00,1.97
2016.04.05 12:11:54.977,0.649,0.64923,1.37,1.72
2016.04.05 12:11:55.628,0.64903,0.64924,1.00,1.37
2016.04.05 12:11:55.981,0.64903,0.64926,1.00,2.85
2016.04.05 12:11:56.082,0.64897,0.64921,1.12,1.50
2016.04.05 12:11:56.851,0.64898,0.6492,1.00,1.00
2016.04.05 12:11:57.799,0.64898,0.64921,1.00,1.12
2016.04.05 12:11:59.462,0.64899,0.64923,1.00,1.35
2016.04.05 12:12:00.160,0.64899,0.64925,1.00,2.85
2016.04.05 12:12:00.647,0.64899,0.6492,1.00,1.00
2016.04.05 12:12:00.698,0.64896,0.6492,1.00,1.50
2016.04.05 12:12:01.000,0.64898,0.64922,1.00,2.47
2016.04.05 12:12:01.691,0.64901,0.64924,1.00,1.97
2016.04.05 12:12:01.742,0.64901,0.64925,1.00,1.00
2016.04.05 12:12:02.215,0.64899,0.64925,1.00,1.00
2016.04.05 12:12:03.618,0.64899,0.64925,1.37,1.12
2016.04.05 12:12:04.127,0.64899,0.64925,1.00,1.00
2016.04.05 12:12:04.600,0.64898,0.64923,1.12,1.37
2016.04.05 12:12:05.191,0.64901,0.64923,1.00,1.37
2016.04.05 12:12:05.857,0.64899,0.64923,1.00,1.37
2016.04.05 12:12:06.059,0.64901,0.64923,1.00,1.37
2016.04.05 12:12:06.584,0.64902,0.64924,1.00,1.37
2016.04.05 12:12:06.635,0.649,0.64924,1.00,1.37
2016.04.05 12:12:07.079,0.64899,0.64923,1.37,1.00
2016.04.05 12:12:07.779,0.64899,0.64925,1.37,1.87
2016.04.05 12:12:08.289,0.64902,0.64925,1.00,1.37
2016.04.05 12:12:09.718,0.64904,0.64928,1.00,2.47
2016.04.05 12:12:10.141,0.64902,0.64928,1.00,2.47
2016.04.05 12:12:12.272,0.64902,0.64927,1.37,1.12
2016.04.05 12:12:14.332,0.64901,0.64926,1.87,1.30
2016.04.05 12:12:14.433,0.64901,0.64926,1.00,2.05
2016.04.05 12:12:14.837,0.649,0.64924,1.00,1.97
2016.04.05 12:12:14.888,0.64897,0.64922,1.00,1.37
2016.04.05 12:12:14.939,0.64899,0.64922,1.00,1.12
2016.04.05 12:12:14.989,0.64903,0.64922,1.00,1.12
2016.04.05 12:12:15.344,0.649,0.64924,1.00,1.37
2016.04.05 12:12:15.886,0.64899,0.64925,1.00,1.87
2016.04.05 12:12:17.358,0.64899,0.64925,1.00,2.25
2016.04.05 12:12:17.865,0.64898,0.64921,1.12,1.00
2016.04.05 12:12:19.060,0.649,0.64924,1.00,2.25
2016.04.05 12:12:19.596,0.64899,0.64925,1.00,1.87
2016.04.05 12:12:19.912,0.64903,0.64925,1.00,1.37
2016.04.05 12:12:20.464,0.64903,0.64926,1.00,1.37
2016.04.05 12:12:20.937,0.64901,0.64927,1.12,2.85
2016.04.05 12:12:21.526,0.64902,0.64926,1.00,1.50
2016.04.05 12:12:22.159,0.64903,0.64928,1.00,1.97
2016.04.05 12:12:22.684,0.649,0.64926,1.87,1.37
2016.04.05 12:12:22.931,0.64905,0.64927,1.00,1.72
2016.04.05 12:12:22.983,0.64905,0.64927,1.37,1.35
2016.04.05 12:12:23.513,0.64907,0.64932,1.00,3.22
2016.04.05 12:12:24.172,0.64907,0.64932,1.00,3.22
2016.04.05 12:12:24.223,0.64905,0.64931,1.00,1.50
2016.04.05 12:12:27.618,0.64904,0.64928,1.00,1.37
2016.04.05 12:12:29.751,0.64903,0.64928,1.87,1.37
2016.04.05 12:12:30.990,0.64903,0.64928,1.50,1.37
2016.04.05 12:12:32.087,0.64905,0.64931,1.12,3.22
2016.04.05 12:12:33.064,0.64906,0.64932,1.00,1.87
2016.04.05 12:12:34.976,0.6491,0.64932,1.00,1.12
2016.04.05 12:12:35.127,0.6491,0.64933,1.00,2.47
2016.04.05 12:12:35.178,0.64908,0.64933,1.12,1.72
2016.04.05 12:12:35.717,0.64909,0.64933,1.00,1.72
2016.04.05 12:12:36.219,0.64911,0.64933,1.37,1.30
2016.04.05 12:12:38.696,0.64911,0.64935,1.00,1.97
2016.04.05 12:12:40.648,0.64909,0.64933,1.00,1.72
2016.04.05 12:12:41.218,0.6491,0.64934,1.00,1.97
2016.04.05 12:12:42.180,0.64911,0.64934,1.00,1.97
2016.04.05 12:12:44.310,0.64911,0.64937,1.37,2.10
2016.04.05 12:12:44.734,0.64912,0.64938,1.50,2.47
2016.04.05 12:12:45.087,0.64916,0.6494,1.00,2.10
2016.04.05 12:12:45.614,0.64917,0.6494,1.00,1.67
2016.04.05 12:12:45.716,0.64915,0.6494,1.50,1.67
2016.04.05 12:12:46.034,0.64914,0.64938,1.37,1.37
2016.04.05 12:12:46.136,0.64915,0.64938,1.00,1.00
2016.04.05 12:12:46.288,0.64918,0.6494,1.00,1.67
2016.04.05 12:12:46.822,0.6492,0.64943,1.00,1.97
2016.04.05 12:12:48.242,0.6492,0.64945,1.00,2.10
2016.04.05 12:12:48.770,0.64921,0.64945,1.00,2.10
2016.04.05 12:12:48.998,0.64919,0.64943,1.12,1.37
2016.04.05 12:12:49.906,0.64915,0.64939,1.37,1.00
2016.04.05 12:12:50.057,0.64916,0.64941,1.37,2.10
2016.04.05 12:12:50.571,0.64918,0.64941,1.00,1.67
2016.04.05 12:12:50.827,0.64916,0.64939,1.00,1.12
2016.04.05 12:12:51.880,0.64918,0.64941,1.00,1.67
2016.04.05 12:12:53.438,0.64918,0.64942,1.37,1.60
2016.04.05 12:12:54.156,0.6492,0.64944,1.00,1.37
2016.04.05 12:12:54.207,0.6492,0.64944,1.37,1.00
2016.04.05 12:12:54.409,0.64918,0.64944,1.37,1.37
2016.04.05 12:12:57.863,0.64919,0.64945,1.37,2.47
2016.04.05 12:12:59.266,0.64921,0.64946,1.37,1.60
2016.04.05 12:13:04.936,0.64923,0.64946,1.00,1.97
2016.04.05 12:13:05.439,0.6492,0.64945,1.37,1.67
2016.04.05 12:13:10.119,0.64923,0.64949,1.00,3.97
2016.04.05 12:13:10.690,0.64921,0.64948,1.37,1.97
2016.04.05 12:13:11.326,0.64919,0.64943,1.87,1.00
2016.04.05 12:13:12.405,0.64919,0.64943,1.87,1.60
2016.04.05 12:13:12.506,0.64919,0.64943,1.12,1.97
2016.04.05 12:13:13.015,0.64916,0.64941,1.37,1.72
2016.04.05 12:13:13.660,0.64917,0.64942,1.37,1.97
2016.04.05 12:13:14.249,0.6492,0.6494,1.00,1.35
2016.04.05 12:13:14.599,0.6492,0.6494,1.00,1.72
2016.04.05 12:13:15.352,0.64914,0.6494,1.37,1.37
2016.04.05 12:13:15.878,0.64918,0.64941,1.00,1.72
2016.04.05 12:13:18.410,0.64915,0.6494,1.37,1.37
2016.04.05 12:13:18.998,0.64915,0.64939,1.37,1.00
2016.04.05 12:13:19.508,0.6492,0.64944,1.00,1.37
2016.04.05 12:13:19.559,0.6492,0.64944,1.37,1.12
2016.04.05 12:13:19.812,0.64923,0.64949,1.87,1.37
2016.04.05 12:13:20.830,0.64923,0.64949,1.50,1.37
2016.04.05 12:13:22.575,0.64924,0.64947,1.00,1.37
2016.04.05 12:13:23.360,0.64923,0.64947,1.00,1.87
2016.04.05 12:13:23.737,0.64924,0.64948,1.37,1.30
2016.04.05 12:13:25.517,0.64926,0.6495,1.00,1.37
2016.04.05 12:13:26.182,0.64924,0.6495,1.37,1.50
2016.04.05 12:13:29.016,0.64923,0.64947,1.37,1.00
2016.04.05 12:13:29.359,0.64923,0.64947,1.00,1.37
2016.04.05 12:13:29.561,0.64923,0.64949,1.37,1.87
2016.04.05 12:13:29.836,0.64923,0.64946,1.00,1.50
2016.04.05 12:13:30.038,0.6492,0.64944,1.12,1.37
2016.04.05 12:13:30.474,0.64922,0.64946,1.00,2.25
2016.04.05 12:13:32.130,0.64923,0.64945,1.00,1.50
2016.04.05 12:13:32.583,0.64919,0.64943,1.00,1.37
2016.04.05 12:13:33.338,0.64919,0.64943,1.87,1.00
2016.04.05 12:13:33.655,0.64919,0.64943,1.50,1.37
2016.04.05 12:13:33.994,0.64921,0.64944,1.00,1.87
2016.04.05 12:13:34.347,0.64919,0.64941,1.00,1.37
2016.04.05 12:13:34.891,0.64917,0.64939,1.00,1.37
2016.04.05 12:13:35.194,0.64917,0.64938,1.00,1.87
2016.04.05 12:13:35.547,0.64914,0.64938,1.00,1.87
2016.04.05 12:13:36.312,0.64916,0.64939,1.00,1.87
2016.04.05 12:13:36.657,0.64918,0.64939,1.00,1.87
2016.04.05 12:13:37.174,0.64914,0.64939,1.00,1.87
2016.04.05 12:13:37.989,0.64916,0.64939,1.00,1.87
2016.04.05 12:13:38.707,0.64916,0.64939,1.00,1.37
2016.04.05 12:13:40.058,0.64916,0.64937,1.00,1.87
2016.04.05 12:13:40.807,0.64915,0.64937,1.12,1.87
2016.04.05 12:13:41.058,0.64915,0.64937,1.12,1.12
2016.04.05 12:13:43.213,0.64913,0.64937,1.00,1.37
2016.04.05 12:13:43.905,0.64917,0.6494,1.00,2.47
2016.04.05 12:13:45.238,0.64915,0.6494,1.00,1.97
2016.04.05 12:13:47.671,0.64914,0.6494,1.12,2.47
2016.04.05 12:13:48.308,0.64913,0.64937,1.00,1.37
2016.04.05 12:13:48.806,0.64913,0.64939,1.37,1.72
2016.04.05 12:13:55.198,0.64919,0.64939,1.00,1.30
2016.04.05 12:13:55.537,0.64919,0.64941,1.12,1.00
2016.04.05 12:13:55.588,0.64919,0.64943,1.12,1.12
2016.04.05 12:13:56.439,0.6492,0.64943,1.00,1.12
2016.04.05 12:13:56.490,0.6492,0.64941,1.00,1.00
2016.04.05 12:13:57.016,0.64919,0.64941,1.12,1.00
2016.04.05 12:13:57.176,0.64919,0.64944,1.12,1.87
2016.04.05 12:13:57.741,0.6492,0.64945,1.00,1.72
2016.04.05 12:13:59.774,0.64922,0.64946,1.00,1.87
2016.04.05 12:14:00.306,0.64923,0.64946,1.00,1.87
2016.04.05 12:14:01.389,0.64921,0.64945,1.00,1.37
2016.04.05 12:14:01.637,0.64919,0.64945,1.12,1.87
2016.04.05 12:14:01.940,0.64919,0.64945,2.25,1.00
2016.04.05 12:14:02.485,0.64922,0.64946,1.12,1.87
2016.04.05 12:14:02.837,0.64924,0.64948,1.00,2.47
2016.04.05 12:14:03.153,0.64921,0.64946,1.37,2.25
2016.04.05 12:14:03.450,0.64919,0.64945,1.12,1.50
2016.04.05 12:14:06.459,0.6492,0.64941,1.00,1.00
2016.04.05 12:14:06.510,0.6492,0.64943,1.00,1.12
2016.04.05 12:14:07.026,0.64918,0.64943,1.37,1.87
2016.04.05 12:14:07.940,0.64919,0.64942,1.00,1.37
2016.04.05 12:14:08.544,0.64917,0.64942,1.37,1.37
2016.04.05 12:14:09.697,0.64919,0.64942,1.00,1.37
2016.04.05 12:14:10.207,0.6492,0.64941,1.00,2.47
2016.04.05 12:14:10.309,0.64918,0.64941,1.00,2.47
2016.04.05 12:14:10.616,0.64916,0.64941,1.00,2.47
2016.04.05 12:14:10.767,0.64915,0.64941,1.37,3.37
2016.04.05 12:14:11.328,0.64918,0.64942,1.00,1.37
2016.04.05 12:14:12.273,0.64917,0.6494,1.12,1.12
2016.04.05 12:14:12.706,0.64919,0.6494,1.00,1.12
2016.04.05 12:14:13.505,0.64917,0.6494,1.12,1.72
2016.04.05 12:14:13.725,0.64917,0.64939,1.12,1.60
2016.04.05 12:14:13.877,0.64912,0.64935,1.37,1.00
2016.04.05 12:14:14.425,0.64912,0.64934,1.00,1.12
2016.04.05 12:14:16.478,0.6491,0.64934,1.12,1.12
2016.04.05 12:14:16.926,0.64913,0.64934,1.00,1.12
2016.04.05 12:14:17.205,0.6491,0.64934,1.12,1.12
2016.04.05 12:14:17.868,0.6491,0.64934,1.00,1.87
2016.04.05 12:14:19.232,0.64906,0.64929,1.37,1.00
2016.04.05 12:14:19.283,0.64906,0.64929,1.00,1.37
2016.04.05 12:14:19.435,0.64908,0.6493,1.00,1.37
2016.04.05 12:14:19.586,0.64908,0.64931,1.12,1.12
2016.04.05 12:14:20.160,0.64908,0.64926,1.12,1.00
2016.04.05 12:14:20.413,0.64906,0.64926,1.00,1.00
2016.04.05 12:14:20.564,0.64902,0.64926,1.37,1.00
2016.04.05 12:14:20.716,0.64902,0.64925,1.00,1.37
2016.04.05 12:14:21.243,0.64899,0.64923,1.37,1.00
2016.04.05 12:14:21.860,0.649,0.64924,1.00,1.37
2016.04.05 12:14:22.166,0.64894,0.64918,1.37,1.00
2016.04.05 12:14:22.217,0.64894,0.64918,1.00,1.87
2016.04.05 12:14:24.145,0.64895,0.64917,1.00,1.12
2016.04.05 12:14:25.599,0.64892,0.64917,1.37,1.12
2016.04.05 12:14:26.208,0.64894,0.64917,1.00,1.12
2016.04.05 12:14:26.676,0.64896,0.6492,1.00,3.22
2016.04.05 12:14:27.127,0.64894,0.64919,1.37,1.12
2016.04.05 12:14:28.322,0.64893,0.64914,1.50,1.00
2016.04.05 12:14:28.904,0.64892,0.64915,1.00,1.12
2016.04.05 12:14:29.669,0.64888,0.64908,1.37,1.00
2016.04.05 12:14:29.720,0.64888,0.64908,1.00,1.12
2016.04.05 12:14:30.245,0.64887,0.64908,1.00,1.12
2016.04.05 12:14:30.459,0.64884,0.64908,1.12,1.12
2016.04.05 12:14:31.759,0.64885,0.64908,1.00,1.12
2016.04.05 12:14:32.767,0.64883,0.64908,1.37,1.12
2016.04.05 12:14:33.291,0.64886,0.6491,1.00,1.37
2016.04.05 12:14:33.816,0.64885,0.6491,1.00,1.37
2016.04.05 12:14:34.118,0.64887,0.64911,1.00,1.87
2016.04.05 12:14:37.124,0.64886,0.64911,1.00,1.37
2016.04.05 12:14:38.098,0.64886,0.64912,1.37,1.87
2016.04.05 12:14:38.200,0.6489,0.64912,1.12,1.37
2016.04.05 12:14:38.410,0.64895,0.6492,1.00,1.72
2016.04.05 12:14:38.461,0.64895,0.6492,1.37,1.72
2016.04.05 12:14:39.347,0.64898,0.64923,1.00,1.37
2016.04.05 12:14:39.549,0.649,0.64925,1.12,1.72
2016.04.05 12:14:39.751,0.649,0.64923,1.00,1.37
2016.04.05 12:14:40.933,0.649,0.64924,1.37,1.12
2016.04.05 12:14:41.204,0.64904,0.64925,1.00,1.37
2016.04.05 12:14:41.356,0.64904,0.64928,1.12,1.12
2016.04.05 12:14:41.678,0.649,0.64926,1.87,1.37
2016.04.05 12:14:41.980,0.64899,0.64923,1.87,1.50
2016.04.05 12:14:42.283,0.64897,0.6492,1.00,1.37
2016.04.05 12:14:43.108,0.64895,0.64921,1.37,1.50
2016.04.05 12:14:44.319,0.64897,0.64921,1.00,3.00
2016.04.05 12:14:45.706,0.64896,0.6492,1.12,1.37
2016.04.05 12:14:51.934,0.64894,0.64918,1.00,1.87
2016.04.05 12:14:52.467,0.64893,0.64917,1.00,1.87
2016.04.05 12:14:53.199,0.64892,0.64916,1.12,1.37
2016.04.05 12:14:54.065,0.64894,0.64917,1.00,2.62
2016.04.05 12:14:54.317,0.64891,0.64917,1.37,3.37
2016.04.05 12:14:54.469,0.64891,0.64916,1.00,1.50
2016.04.05 12:14:55.313,0.64892,0.64916,1.00,3.37
2016.04.05 12:14:57.144,0.64891,0.64916,1.00,3.37
2016.04.05 12:14:57.915,0.64893,0.64916,1.00,1.50
2016.04.05 12:14:58.417,0.64893,0.64916,1.12,2.25
2016.04.05 12:14:58.719,0.64892,0.64915,1.00,1.37
2016.04.05 12:14:59.022,0.6489,0.64913,1.12,1.37
2016.04.05 12:14:59.744,0.6489,0.64915,1.00,1.37
2016.04.05 12:15:00.024,0.6489,0.64916,1.37,1.50
2016.04.05 12:15:00.226,0.64891,0.64916,1.37,1.00
2016.04.05 12:15:00.674,0.64893,0.64912,1.37,1.00
2016.04.05 12:15:00.785,0.64888,0.64912,1.37,1.50
2016.04.05 12:15:00.836,0.64888,0.64912,1.37,1.87
2016.04.05 12:15:01.986,0.64887,0.64911,1.37,1.00
2016.04.05 12:15:02.195,0.64884,0.6491,1.87,1.50
2016.04.05 12:15:03.671,0.64886,0.64908,1.12,1.00
2016.04.05 12:15:03.772,0.64886,0.6491,1.87,1.00
2016.04.05 12:15:04.776,0.64887,0.64912,1.37,1.37
2016.04.05 12:15:05.135,0.64886,0.64909,1.37,1.00
2016.04.05 12:15:05.186,0.64886,0.6491,1.00,1.37
2016.04.05 12:15:05.813,0.64886,0.64906,1.00,1.12
2016.04.05 12:15:05.864,0.64881,0.64906,1.37,1.12
2016.04.05 12:15:07.489,0.64881,0.64905,1.37,1.00
2016.04.05 12:15:08.015,0.64881,0.64906,1.37,1.00
2016.04.05 12:15:08.427,0.6488,0.64904,1.50,1.12
2016.04.05 12:15:12.653,0.64879,0.64903,1.37,1.00
2016.04.05 12:15:13.175,0.64878,0.64904,1.37,1.87
2016.04.05 12:15:14.459,0.64882,0.64908,1.00,1.87
2016.04.05 12:15:15.620,0.64881,0.64905,1.12,1.37
2016.04.05 12:15:16.407,0.64882,0.64906,1.00,1.37
2016.04.05 12:15:17.177,0.64881,0.64907,1.12,2.62
2016.04.05 12:15:17.824,0.64883,0.64907,1.00,2.62
2016.04.05 12:15:18.477,0.64879,0.64903,1.50,1.00
2016.04.05 12:15:18.991,0.6488,0.64906,1.50,1.87
2016.04.05 12:15:19.225,0.64881,0.64907,1.37,1.87
2016.04.05 12:15:19.765,0.64883,0.64906,1.37,1.12
2016.04.05 12:15:20.918,0.64883,0.64909,1.87,1.12
2016.04.05 12:15:22.634,0.64886,0.64912,1.00,3.37
2016.04.05 12:15:22.685,0.64884,0.6491,1.12,2.25
2016.04.05 12:15:23.304,0.64885,0.64909,1.00,1.37
2016.04.05 12:15:23.355,0.64887,0.6491,1.00,1.50
2016.04.05 12:15:25.429,0.64887,0.64911,1.00,1.50
2016.04.05 12:15:25.739,0.64885,0.64911,1.00,2.25
2016.04.05 12:15:27.331,0.64883,0.64907,1.37,1.00
2016.04.05 12:15:27.634,0.64882,0.64907,1.37,1.35
2016.04.05 12:15:28.070,0.64882,0.64908,1.12,3.22
2016.04.05 12:15:28.824,0.64885,0.64908,1.00,1.97
2016.04.05 12:15:29.061,0.64883,0.64908,1.00,1.97
2016.04.05 12:15:31.286,0.64882,0.64906,1.12,1.72
2016.04.05 12:15:32.385,0.64879,0.64903,1.12,1.37
2016.04.05 12:15:32.790,0.6488,0.64902,1.00,1.37
2016.04.05 12:15:32.942,0.64878,0.64901,1.00,1.75
2016.04.05 12:15:33.043,0.64876,0.649,1.00,1.50
2016.04.05 12:15:33.144,0.64876,0.64897,1.00,1.00
2016.04.05 12:15:33.396,0.64873,0.64897,1.00,1.87
2016.04.05 12:15:33.995,0.64872,0.64897,1.12,1.12
2016.04.05 12:15:35.997,0.6487,0.64894,1.37,1.00
2016.04.05 12:15:36.098,0.6487,0.64894,1.00,1.37
2016.04.05 12:15:36.372,0.6487,0.64894,1.37,1.12
2016.04.05 12:15:36.573,0.64875,0.64898,1.00,1.87
2016.04.05 12:15:36.674,0.64875,0.64898,1.12,1.37
2016.04.05 12:15:37.284,0.64876,0.649,1.00,3.22
2016.04.05 12:15:39.171,0.64875,0.649,1.12,1.72
2016.04.05 12:15:41.220,0.64874,0.64897,1.00,1.37
2016.04.05 12:15:41.321,0.64873,0.64897,1.12,1.75
2016.04.05 12:15:41.423,0.64873,0.64895,1.00,1.50
2016.04.05 12:15:41.474,0.64871,0.64895,1.00,1.50
2016.04.05 12:15:42.120,0.64872,0.64897,1.00,1.87
2016.04.05 12:15:43.772,0.64874,0.64897,1.00,1.50
2016.04.05 12:15:44.587,0.64872,0.64897,1.00,1.87
2016.04.05 12:15:45.528,0.64872,0.64895,1.37,1.00
2016.04.05 12:15:46.582,0.64876,0.64897,1.00,1.37
2016.04.05 12:15:47.130,0.64877,0.64899,1.00,1.37
2016.04.05 12:15:48.464,0.64875,0.64899,1.00,1.37
2016.04.05 12:15:49.285,0.64876,0.64899,1.00,1.37
2016.04.05 12:15:50.126,0.64876,0.649,1.00,1.50
2016.04.05 12:15:50.637,0.64877,0.649,1.00,1.50
2016.04.05 12:15:51.318,0.64878,0.64901,1.00,1.67
2016.04.05 12:15:54.493,0.64879,0.64904,1.00,1.97
2016.04.05 12:15:54.544,0.64879,0.64904,1.37,1.37
2016.04.05 12:15:55.045,0.64881,0.64905,1.00,1.37
2016.04.05 12:15:55.776,0.6488,0.64905,1.12,1.87
2016.04.05 12:15:57.105,0.64881,0.64905,1.00,1.37
2016.04.05 12:15:57.464,0.64883,0.64906,1.00,2.85
2016.04.05 12:15:59.819,0.64881,0.64905,1.00,1.50
2016.04.05 12:16:01.608,0.6488,0.64906,1.12,3.60
2016.04.05 12:16:02.144,0.64881,0.64906,1.00,2.85
2016.04.05 12:16:03.393,0.64883,0.64907,1.00,1.37
2016.04.05 12:16:03.444,0.64883,0.64907,1.12,1.37
2016.04.05 12:16:03.611,0.64885,0.64908,1.00,1.37
2016.04.05 12:16:03.912,0.64887,0.64911,1.00,2.25
2016.04.05 12:16:04.446,0.64886,0.64911,1.00,3.00
2016.04.05 12:16:04.498,0.64884,0.64907,1.00,1.37
2016.04.05 12:16:04.776,0.64883,0.64905,1.00,1.37
2016.04.05 12:16:05.078,0.64882,0.64907,1.12,1.50
2016.04.05 12:16:05.898,0.64884,0.64907,1.00,1.37
2016.04.05 12:16:06.407,0.64885,0.64906,1.00,1.37
2016.04.05 12:16:08.864,0.64884,0.64907,1.00,1.37
2016.04.05 12:16:09.354,0.64884,0.64907,1.37,1.12
2016.04.05 12:16:18.799,0.64885,0.64908,1.37,1.75
2016.04.05 12:16:19.546,0.64885,0.64909,1.00,1.87
2016.04.05 12:16:20.445,0.64887,0.6491,1.00,1.37
2016.04.05 12:16:20.496,0.64887,0.6491,1.00,1.37
2016.04.05 12:16:20.895,0.64885,0.6491,1.12,1.37
2016.04.05 12:16:24.710,0.64885,0.64909,1.00,1.87
2016.04.05 12:16:24.957,0.64883,0.64906,1.00,1.12
2016.04.05 12:16:25.108,0.64883,0.64905,1.00,1.87
2016.04.05 12:16:25.652,0.64882,0.64905,1.00,1.37
2016.04.05 12:16:26.156,0.64881,0.64906,1.00,1.37
2016.04.05 12:16:27.915,0.6488,0.64905,1.12,1.37
2016.04.05 12:16:29.205,0.64881,0.64906,1.00,2.25
2016.04.05 12:16:31.194,0.64882,0.64905,1.00,1.37
2016.04.05 12:16:34.200,0.64881,0.64906,1.00,2.25
2016.04.05 12:16:35.163,0.6488,0.64905,1.12,1.37
2016.04.05 12:16:35.830,0.64883,0.64906,1.00,1.75
2016.04.05 12:16:36.210,0.64884,0.64909,1.00,1.37
2016.04.05 12:16:36.731,0.64885,0.64908,1.00,1.37
2016.04.05 12:16:37.338,0.64883,0.64906,1.00,1.00
2016.04.05 12:16:38.698,0.64883,0.64905,1.00,1.00
2016.04.05 12:16:39.237,0.64883,0.64906,1.00,1.50
2016.04.05 12:16:39.739,0.64882,0.64906,1.12,1.50
2016.04.05 12:16:41.205,0.64882,0.64905,1.12,1.00
2016.04.05 12:16:41.457,0.64883,0.64905,1.00,1.37
2016.04.05 12:16:42.031,0.64882,0.64904,1.00,2.62
2016.04.05 12:16:42.089,0.64877,0.64901,1.00,2.25
2016.04.05 12:16:42.676,0.64878,0.64901,1.00,2.25
2016.04.05 12:16:46.705,0.64879,0.64901,1.00,1.75
2016.04.05 12:16:47.625,0.64877,0.649,1.00,1.50
2016.04.05 12:16:48.134,0.64876,0.649,1.00,1.37
2016.04.05 12:16:49.708,0.6488,0.64901,1.00,1.75
2016.04.05 12:16:49.759,0.6488,0.649,1.00,1.50
2016.04.05 12:16:50.306,0.64879,0.64903,1.12,1.37
2016.04.05 12:16:50.972,0.64879,0.64904,1.00,1.37
2016.04.05 12:16:51.740,0.64878,0.64904,1.00,1.87
2016.04.05 12:16:52.643,0.64876,0.64902,1.12,1.37
2016.04.05 12:16:55.167,0.64876,0.64898,1.12,1.00
2016.04.05 12:16:55.713,0.64874,0.64898,1.50,1.37
2016.04.05 12:16:56.988,0.64874,0.64898,2.25,1.12
2016.04.05 12:16:57.516,0.64876,0.649,1.00,1.37
2016.04.05 12:16:58.049,0.64875,0.64901,1.12,2.25
2016.04.05 12:16:58.152,0.64879,0.649,1.00,1.37
2016.04.05 12:16:58.304,0.64879,0.64905,1.00,1.72
2016.04.05 12:16:58.805,0.64878,0.64901,1.12,1.12
2016.04.05 12:16:58.907,0.64878,0.64901,1.00,1.50
2016.04.05 12:16:58.958,0.64876,0.64901,1.00,1.50
2016.04.05 12:16:59.546,0.64877,0.64901,1.00,1.50
2016.04.05 12:17:00.390,0.64879,0.64902,1.00,1.87
2016.04.05 12:17:01.464,0.6488,0.64902,1.00,1.37
2016.04.05 12:17:02.102,0.6488,0.64904,1.00,1.37
2016.04.05 12:17:02.804,0.64878,0.64903,1.00,1.75
2016.04.05 12:17:03.329,0.64875,0.64901,1.37,1.50
2016.04.05 12:17:03.430,0.64875,0.64901,1.00,2.25
2016.04.05 12:17:03.891,0.64882,0.64903,1.00,1.37
2016.04.05 12:17:04.745,0.64881,0.64904,1.00,1.72
2016.04.05 12:17:06.333,0.64877,0.64901,1.37,1.87
2016.04.05 12:17:07.717,0.6488,0.64905,1.00,1.87
2016.04.05 12:17:07.934,0.64878,0.64904,1.12,1.37
2016.04.05 12:17:11.069,0.64878,0.64904,1.50,1.87
2016.04.05 12:17:11.170,0.6488,0.64904,1.12,1.37
2016.04.05 12:17:11.727,0.64878,0.64903,1.00,1.37
2016.04.05 12:17:12.032,0.64882,0.64906,1.00,2.25
2016.04.05 12:17:13.254,0.64884,0.64906,1.00,1.37
2016.04.05 12:17:13.569,0.64883,0.64909,1.12,2.25
2016.04.05 12:17:24.423,0.64884,0.64908,1.00,1.37
2016.04.05 12:17:25.029,0.64882,0.64908,1.87,1.37
2016.04.05 12:17:29.865,0.64882,0.64908,1.37,1.00
2016.04.05 12:17:30.067,0.64883,0.64909,1.00,1.37
2016.04.05 12:17:30.742,0.64881,0.64907,1.37,1.50
2016.04.05 12:17:31.401,0.64883,0.64907,1.00,1.87
2016.04.05 12:17:32.187,0.64879,0.64903,2.62,1.00
2016.04.05 12:17:32.507,0.64879,0.64905,1.50,1.87
2016.04.05 12:17:33.937,0.6488,0.64904,1.00,1.37
2016.04.05 12:17:35.258,0.64881,0.64906,1.00,1.50
2016.04.05 12:17:35.309,0.64881,0.64906,1.12,1.50
2016.04.05 12:17:35.360,0.64884,0.64906,1.00,1.50
2016.04.05 12:17:35.583,0.64882,0.64906,1.00,1.37
2016.04.05 12:17:36.016,0.64884,0.64908,1.00,1.37
2016.04.05 12:17:36.117,0.64881,0.64906,1.12,1.37
2016.04.05 12:17:36.303,0.64882,0.64906,1.37,1.00
2016.04.05 12:17:36.859,0.64885,0.64909,1.00,1.37
2016.04.05 12:17:37.414,0.64884,0.64908,1.00,1.37
2016.04.05 12:17:38.263,0.64884,0.6491,1.87,2.25
2016.04.05 12:17:38.617,0.64882,0.64906,1.00,1.50
2016.04.05 12:17:38.895,0.64884,0.64908,1.00,1.37
2016.04.05 12:17:39.297,0.64882,0.64908,1.00,1.37
2016.04.05 12:17:39.392,0.64884,0.64908,1.00,1.37
2016.04.05 12:17:39.934,0.64884,0.64909,1.37,1.37
2016.04.05 12:17:44.532,0.64883,0.64909,1.00,1.37
2016.04.05 12:17:45.077,0.64881,0.64906,1.37,1.00
2016.04.05 12:17:47.423,0.64883,0.64909,1.00,1.37
2016.04.05 12:17:47.967,0.64882,0.64908,1.12,1.37
2016.04.05 12:17:49.199,0.64885,0.64909,1.00,1.37
2016.04.05 12:17:49.402,0.64883,0.64909,1.00,1.37
2016.04.05 12:17:49.479,0.64883,0.64909,1.37,1.37
2016.04.05 12:17:49.529,0.64884,0.6491,2.25,2.25
2016.04.05 12:17:51.044,0.64883,0.64909,1.00,1.87
2016.04.05 12:17:52.949,0.64882,0.64908,1.12,1.37
2016.04.05 12:17:53.457,0.64883,0.64909,1.00,1.87
2016.04.05 12:17:54.008,0.64882,0.64908,1.12,1.37
2016.04.05 12:17:55.012,0.64883,0.64909,1.00,1.37
2016.04.05 12:17:56.662,0.64884,0.6491,1.00,1.87
2016.04.05 12:17:57.374,0.64883,0.64909,1.00,1.37
2016.04.05 12:17:59.224,0.64885,0.64909,1.00,1.37
2016.04.05 12:17:59.439,0.64885,0.64909,1.12,1.12
2016.04.05 12:18:00.228,0.64882,0.64908,1.37,1.00
2016.04.05 12:18:02.083,0.64884,0.64908,1.00,1.37
2016.04.05 12:18:02.185,0.64882,0.64906,1.00,1.50
2016.04.05 12:18:02.668,0.6488,0.64906,1.00,3.00
2016.04.05 12:18:02.971,0.64878,0.64904,1.87,1.37
2016.04.05 12:18:03.847,0.64882,0.64906,1.00,3.00
2016.04.05 12:18:04.048,0.64884,0.64908,1.00,1.37
2016.04.05 12:18:04.149,0.64886,0.64909,1.00,1.37
2016.04.05 12:18:04.725,0.64886,0.64909,1.00,1.37
2016.04.05 12:18:07.334,0.64885,0.64909,1.12,1.37
2016.04.05 12:18:10.944,0.64885,0.64909,1.12,1.75
2016.04.05 12:18:11.294,0.64881,0.64907,1.37,1.87
2016.04.05 12:18:11.395,0.64881,0.64904,1.00,1.37
2016.04.05 12:18:11.798,0.64883,0.64907,1.00,1.37
2016.04.05 12:18:11.899,0.64883,0.64906,1.00,1.37
2016.04.05 12:18:12.503,0.64885,0.64906,1.00,1.37
2016.04.05 12:18:13.932,0.64884,0.64906,1.00,1.37
2016.04.05 12:18:15.792,0.64885,0.64911,1.37,1.87
2016.04.05 12:18:15.848,0.64888,0.64914,1.00,1.87
2016.04.05 12:18:15.900,0.64888,0.64914,1.12,1.37
2016.04.05 12:18:16.257,0.64886,0.64912,1.37,1.50
2016.04.05 12:18:16.574,0.64885,0.64909,1.12,1.37
2016.04.05 12:18:16.675,0.64885,0.64908,1.00,1.37
2016.04.05 12:18:16.907,0.64883,0.64907,1.00,1.37
2016.04.05 12:18:17.008,0.64883,0.64909,1.37,1.37
2016.04.05 12:18:17.555,0.64885,0.6491,1.00,1.50
2016.04.05 12:18:20.534,0.64887,0.6491,1.00,1.50
2016.04.05 12:18:20.864,0.64885,0.6491,1.00,2.25
2016.04.05 12:18:21.015,0.64884,0.64907,1.00,1.37
2016.04.05 12:18:21.378,0.64886,0.6491,1.37,1.00
2016.04.05 12:18:21.429,0.64888,0.64912,1.12,1.12
2016.04.05 12:18:21.683,0.64889,0.64915,1.87,1.50
2016.04.05 12:18:22.431,0.64892,0.64918,1.00,1.87
2016.04.05 12:18:22.482,0.64892,0.64918,1.37,1.87
2016.04.05 12:18:22.986,0.64894,0.6492,1.00,1.37
2016.04.05 12:18:23.933,0.64893,0.64919,1.12,1.37
2016.04.05 12:18:25.075,0.64894,0.6492,1.00,1.37
2016.04.05 12:18:25.227,0.64895,0.64921,1.37,1.50
2016.04.05 12:18:25.850,0.64897,0.64922,1.00,1.87
2016.04.05 12:18:29.572,0.64898,0.64923,1.00,1.37
2016.04.05 12:18:29.623,0.64898,0.64924,1.37,1.37
2016.04.05 12:18:33.589,0.64897,0.6492,1.37,1.00
2016.04.05 12:18:34.148,0.64897,0.64921,1.37,1.00
2016.04.05 12:18:37.023,0.64897,0.64921,1.37,1.87
2016.04.05 12:18:38.461,0.64898,0.64921,1.37,1.00
2016.04.05 12:18:39.242,0.64897,0.64921,1.00,1.75
2016.04.05 12:18:39.918,0.64894,0.64919,1.00,1.37
2016.04.05 12:18:40.813,0.64896,0.64916,1.00,1.37
2016.04.05 12:18:41.134,0.64898,0.6492,1.00,1.00
2016.04.05 12:18:41.235,0.64896,0.64919,1.00,1.37
2016.04.05 12:18:41.336,0.64892,0.64915,1.00,1.50
2016.04.05 12:18:41.437,0.6489,0.64913,1.12,1.37
2016.04.05 12:18:41.951,0.64891,0.64913,1.00,1.37
2016.04.05 12:18:42.319,0.64891,0.64913,1.00,1.37
2016.04.05 12:18:43.536,0.64892,0.64913,1.00,1.37
2016.04.05 12:18:43.898,0.64889,0.64913,1.00,1.37
2016.04.05 12:18:44.439,0.64888,0.64913,1.00,1.37
2016.04.05 12:18:44.941,0.64889,0.64913,1.00,1.37
2016.04.05 12:18:45.832,0.6489,0.64913,1.00,1.37
2016.04.05 12:18:46.821,0.64889,0.64913,1.00,1.37
2016.04.05 12:18:47.351,0.64888,0.64913,1.00,1.37
2016.04.05 12:18:47.923,0.64887,0.64911,1.12,1.50
2016.04.05 12:18:48.546,0.64888,0.64911,1.00,1.50
2016.04.05 12:18:52.103,0.64888,0.64909,1.00,1.37
2016.04.05 12:18:52.348,0.64886,0.64909,1.00,1.37
2016.04.05 12:18:54.109,0.64888,0.64909,1.00,1.37
2016.04.05 12:18:54.311,0.64886,0.64909,1.00,1.37
2016.04.05 12:18:54.859,0.64887,0.64909,1.00,1.37
2016.04.05 12:18:56.212,0.64886,0.64909,1.00,1.37
2016.04.05 12:18:57.950,0.64885,0.64909,1.12,1.37
2016.04.05 12:18:58.152,0.64887,0.64909,1.00,1.37
2016.04.05 12:18:58.862,0.64888,0.64909,1.00,1.37
2016.04.05 12:19:01.233,0.64887,0.64911,1.00,1.50
2016.04.05 12:19:03.381,0.64889,0.64911,1.00,1.50
2016.04.05 12:19:03.542,0.64887,0.64911,1.00,1.50
2016.04.05 12:19:05.306,0.64884,0.64911,1.37,3.00
2016.04.05 12:19:05.457,0.64887,0.64911,1.00,2.25
2016.04.05 12:19:05.709,0.6489,0.64911,1.00,1.87
2016.04.05 12:19:05.760,0.64887,0.64911,1.37,2.25
2016.04.05 12:19:05.810,0.64887,0.64911,1.00,2.25
2016.04.05 12:19:06.653,0.64888,0.6491,1.00,1.87
2016.04.05 12:19:08.188,0.64887,0.64911,1.00,1.50
2016.04.05 12:19:08.693,0.64886,0.64911,1.00,2.25
2016.04.05 12:19:09.563,0.64885,0.64911,1.12,2.25
2016.04.05 12:19:09.931,0.64887,0.64909,1.00,1.37
2016.04.05 12:19:10.141,0.64885,0.6491,1.12,1.37
2016.04.05 12:19:10.724,0.64886,0.64909,1.00,1.37
2016.04.05 12:19:13.221,0.64885,0.64909,1.12,1.37
2016.04.05 12:19:14.824,0.64885,0.64909,1.00,1.37
2016.04.05 12:19:15.557,0.64884,0.6491,1.00,1.87
2016.04.05 12:19:16.005,0.64887,0.6491,1.00,1.87
2016.04.05 12:19:17.749,0.64885,0.6491,1.00,1.87
2016.04.05 12:19:18.288,0.64886,0.6491,1.00,1.37
2016.04.05 12:19:18.493,0.64886,0.6491,1.00,1.37
2016.04.05 12:19:18.656,0.64889,0.6491,1.00,1.37
2016.04.05 12:19:19.311,0.64887,0.64909,1.00,1.12
2016.04.05 12:19:19.854,0.64886,0.6491,1.00,1.37
2016.04.05 12:19:20.389,0.64885,0.6491,1.12,1.37
2016.04.05 12:19:21.361,0.64887,0.64911,1.00,2.25
2016.04.05 12:19:27.124,0.64885,0.64911,1.12,1.75
2016.04.05 12:19:30.271,0.64885,0.64911,2.10,1.75
2016.04.05 12:19:30.602,0.64892,0.64918,1.50,1.37
2016.04.05 12:19:30.661,0.64893,0.64919,1.37,1.87
2016.04.05 12:19:30.762,0.64896,0.64919,1.00,1.37
2016.04.05 12:19:35.011,0.64894,0.6492,1.50,2.25
2016.04.05 12:19:35.706,0.64894,0.6492,1.12,2.25
2016.04.05 12:19:39.761,0.6489,0.64916,1.12,1.50
2016.04.05 12:19:39.963,0.64888,0.64912,1.87,1.00
2016.04.05 12:19:40.600,0.64889,0.64913,1.37,1.00
2016.04.05 12:19:41.694,0.64889,0.64913,1.00,1.37
2016.04.05 12:19:42.219,0.64887,0.64911,1.37,1.12
2016.04.05 12:19:42.721,0.64886,0.6491,1.37,1.00
2016.04.05 12:19:43.509,0.64885,0.6491,1.12,1.37
2016.04.05 12:19:46.011,0.64887,0.64911,1.00,2.62
2016.04.05 12:19:46.123,0.64885,0.64911,1.12,1.75
2016.04.05 12:19:46.441,0.64885,0.6491,1.37,1.12
2016.04.05 12:19:46.833,0.64885,0.6491,1.00,1.50
2016.04.05 12:19:47.382,0.64884,0.6491,1.00,2.25
2016.04.05 12:19:48.102,0.64883,0.64907,1.12,1.37
2016.04.05 12:19:48.423,0.64885,0.64909,1.00,1.37
2016.04.05 12:19:48.474,0.64883,0.64908,1.12,1.37
2016.04.05 12:19:50.215,0.64884,0.64908,1.00,1.37
2016.04.05 12:19:54.433,0.64885,0.6491,1.87,1.00
2016.04.05 12:19:55.029,0.64889,0.64915,1.00,1.87
2016.04.05 12:19:56.498,0.6489,0.64914,1.00,1.37
2016.04.05 12:19:57.233,0.64892,0.64915,1.00,1.50
2016.04.05 12:19:57.342,0.6489,0.64915,1.12,1.50
2016.04.05 12:19:58.732,0.6489,0.64916,1.50,2.10
2016.04.05 12:20:00.141,0.64887,0.64911,1.87,1.00
2016.04.05 12:20:00.243,0.64887,0.64911,1.12,1.50
2016.04.05 12:20:00.505,0.64886,0.6491,1.00,2.47
2016.04.05 12:20:00.807,0.64884,0.6491,1.12,1.87
2016.04.05 12:20:01.009,0.64881,0.64905,1.00,1.37
2016.04.05 12:20:01.538,0.6488,0.64905,1.12,1.37
2016.04.05 12:20:01.840,0.64882,0.64905,1.00,1.37
2016.04.05 12:20:01.961,0.6488,0.64904,1.87,1.37
2016.04.05 12:20:02.291,0.64883,0.64906,1.00,2.25
2016.04.05 12:20:02.543,0.64885,0.64906,1.00,1.00
2016.04.05 12:20:02.645,0.64883,0.64906,1.87,1.00
2016.04.05 12:20:03.131,0.64885,0.64908,1.37,1.12
2016.04.05 12:20:03.436,0.64886,0.6491,1.37,1.00
2016.04.05 12:20:03.941,0.64886,0.64911,1.37,1.50
2016.04.05 12:20:04.483,0.64887,0.6491,1.37,1.00
2016.04.05 12:20:04.761,0.64885,0.6491,1.87,1.12
2016.04.05 12:20:04.862,0.64885,0.64908,1.87,1.00
2016.04.05 12:20:05.150,0.64885,0.6491,1.87,1.12
2016.04.05 12:20:07.812,0.64885,0.64909,1.37,1.00
2016.04.05 12:20:08.320,0.64884,0.6491,1.50,1.87
2016.04.05 12:20:09.010,0.64883,0.64909,2.62,1.00
2016.04.05 12:20:10.278,0.64883,0.64909,1.87,1.37
2016.04.05 12:20:11.469,0.64884,0.64909,1.50,1.37
2016.04.05 12:20:12.071,0.64885,0.64909,1.37,1.00
2016.04.05 12:20:17.331,0.64883,0.64909,1.87,1.60
2016.04.05 12:20:17.381,0.64883,0.64906,1.00,1.00
2016.04.05 12:20:17.483,0.64879,0.64904,1.00,1.37
2016.04.05 12:20:17.786,0.64876,0.64901,1.50,1.37
2016.04.05 12:20:18.614,0.64877,0.64903,1.00,1.87
2016.04.05 12:20:19.120,0.64878,0.64901,1.00,1.87
2016.04.05 12:20:19.229,0.64875,0.64901,2.10,2.62
2016.04.05 12:20:19.889,0.64878,0.64901,1.00,1.87
2016.04.05 12:20:21.979,0.64879,0.64903,1.00,1.87
2016.04.05 12:20:22.310,0.64877,0.64902,1.00,1.37
2016.04.05 12:20:22.520,0.64875,0.649,1.12,1.37
2016.04.05 12:20:22.726,0.64875,0.64899,1.12,1.50
2016.04.05 12:20:23.071,0.64868,0.64892,1.00,1.37
2016.04.05 12:20:23.641,0.64866,0.64892,1.87,1.37
2016.04.05 12:20:23.801,0.64867,0.64893,1.87,1.12
2016.04.05 12:20:23.967,0.64871,0.64895,1.00,1.87
2016.04.05 12:20:24.513,0.64872,0.64898,1.37,1.37
2016.04.05 12:20:28.001,0.64872,0.64896,1.00,1.87
2016.04.05 12:20:28.152,0.6487,0.64896,1.50,3.37
2016.04.05 12:20:30.146,0.64871,0.64897,1.00,2.62
2016.04.05 12:20:32.255,0.6487,0.64896,1.12,1.75
2016.04.05 12:20:32.803,0.64871,0.64897,1.00,1.87
2016.04.05 12:20:34.745,0.64872,0.64896,1.00,1.37
2016.04.05 12:20:37.423,0.64871,0.64897,1.00,1.37
2016.04.05 12:20:37.855,0.64871,0.64897,1.37,1.37
2016.04.05 12:20:38.371,0.64874,0.64899,1.00,1.37
2016.04.05 12:20:40.243,0.64871,0.64897,1.00,1.37
2016.04.05 12:20:40.532,0.64875,0.649,1.37,1.12
2016.04.05 12:20:40.850,0.64876,0.64899,1.00,1.37
2016.04.05 12:20:40.901,0.64872,0.64898,1.87,1.37
2016.04.05 12:20:42.225,0.64873,0.64896,1.00,1.00
2016.04.05 12:20:42.834,0.64874,0.64899,1.00,1.37
2016.04.05 12:20:44.210,0.64873,0.64899,1.00,1.87
2016.04.05 12:20:45.200,0.64876,0.64899,1.00,1.37
2016.04.05 12:20:45.310,0.64874,0.64898,1.00,1.37
2016.04.05 12:20:45.361,0.64874,0.64898,1.37,1.12
2016.04.05 12:20:45.841,0.64875,0.64899,1.00,1.37
2016.04.05 12:20:45.892,0.64873,0.64897,1.00,1.37
2016.04.05 12:20:45.993,0.6487,0.64894,1.37,1.00
2016.04.05 12:20:46.044,0.64868,0.64894,1.12,1.37
2016.04.05 12:20:46.625,0.64869,0.64893,1.00,1.37
2016.04.05 12:20:50.652,0.64869,0.64891,1.00,1.37
2016.04.05 12:20:50.703,0.64867,0.64891,1.00,1.37
2016.04.05 12:20:50.753,0.64867,0.64888,1.00,1.37
2016.04.05 12:20:50.804,0.64865,0.64888,1.12,1.37
2016.04.05 12:20:51.463,0.64866,0.64888,1.00,1.37
2016.04.05 12:20:52.555,0.64866,0.64891,1.00,1.37
2016.04.05 12:20:53.167,0.64864,0.6489,1.37,1.37
2016.04.05 12:20:55.562,0.64864,0.64888,1.37,1.00
2016.04.05 12:20:56.629,0.64864,0.6489,1.37,1.87
2016.04.05 12:20:59.392,0.64867,0.64891,1.00,1.50
2016.04.05 12:20:59.695,0.64869,0.6489,1.12,1.12
2016.04.05 12:21:02.423,0.64867,0.64886,1.00,1.37
2016.04.05 12:21:02.474,0.6486,0.64885,1.37,1.37
2016.04.05 12:21:04.883,0.64863,0.64889,1.00,1.37
2016.04.05 12:21:04.934,0.64863,0.64889,1.37,1.37
2016.04.05 12:21:08.210,0.64863,0.64887,1.37,1.00
2016.04.05 12:21:08.738,0.64864,0.6489,1.37,1.37
2016.04.05 12:21:08.940,0.64866,0.6489,1.87,1.00
2016.04.05 12:21:09.142,0.64867,0.6489,1.87,1.00
2016.04.05 12:21:09.528,0.64868,0.64894,1.37,1.12
2016.04.05 12:21:12.148,0.64867,0.64893,2.62,1.37
2016.04.05 12:21:12.385,0.6487,0.64894,1.12,1.12
2016.04.05 12:21:13.139,0.64871,0.64897,1.00,1.87
2016.04.05 12:21:13.341,0.6487,0.64891,1.12,1.00
2016.04.05 12:21:13.493,0.64862,0.64888,1.37,1.12
2016.04.05 12:21:16.005,0.64863,0.64888,1.37,1.12
2016.04.05 12:21:16.574,0.64863,0.64887,1.37,1.12
2016.04.05 12:21:19.296,0.64863,0.64889,1.37,1.37
2016.04.05 12:21:22.608,0.64863,0.64887,1.37,1.00
2016.04.05 12:21:23.399,0.64862,0.64888,1.87,1.12
2016.04.05 12:21:26.660,0.64862,0.64886,1.87,1.00
2016.04.05 12:21:26.862,0.64862,0.64885,1.12,1.12
2016.04.05 12:21:27.566,0.64864,0.64888,1.00,1.87
2016.04.05 12:21:28.378,0.64864,0.64888,1.87,1.50
2016.04.05 12:21:29.282,0.64864,0.64888,1.00,1.37
2016.04.05 12:21:29.670,0.64866,0.64888,1.12,1.12
2016.04.05 12:21:30.185,0.64866,0.64888,1.37,1.00
2016.04.05 12:21:30.443,0.64866,0.64891,1.37,1.00
2016.04.05 12:21:31.049,0.64866,0.6489,1.37,1.50
2016.04.05 12:21:32.292,0.64865,0.64889,1.37,1.00
2016.04.05 12:21:32.395,0.64863,0.64889,1.87,1.37
2016.04.05 12:21:32.840,0.64863,0.64886,1.87,1.00
2016.04.05 12:21:33.392,0.64863,0.64887,1.87,1.00
2016.04.05 12:21:34.144,0.64863,0.64886,1.37,1.00
2016.04.05 12:21:35.317,0.64862,0.64884,1.37,1.00
2016.04.05 12:21:38.249,0.64863,0.64886,1.37,1.00
2016.04.05 12:21:38.703,0.64861,0.64885,1.87,1.12
2016.04.05 12:21:39.785,0.64859,0.64884,1.12,1.37
2016.04.05 12:21:40.088,0.64861,0.64885,1.87,2.62
2016.04.05 12:21:40.391,0.64861,0.64885,1.87,1.00
2016.04.05 12:21:41.007,0.64861,0.64885,1.87,1.37
2016.04.05 12:21:42.689,0.64859,0.64883,1.37,1.00
2016.04.05 12:21:42.911,0.64859,0.64883,1.37,1.37
2016.04.05 12:21:43.483,0.64859,0.6488,1.37,1.00
2016.04.05 12:21:44.218,0.64859,0.64883,1.37,1.00
2016.04.05 12:21:44.790,0.64858,0.64884,1.87,1.00
2016.04.05 12:21:46.939,0.64858,0.64883,1.87,1.00
2016.04.05 12:21:48.969,0.64861,0.64886,1.87,2.62
2016.04.05 12:21:49.071,0.64864,0.64885,1.00,1.37
2016.04.05 12:21:49.122,0.64864,0.64886,1.37,1.12
2016.04.05 12:21:49.474,0.64861,0.64883,1.37,1.00
2016.04.05 12:21:49.525,0.64861,0.64883,1.00,1.37
2016.04.05 12:21:50.020,0.64858,0.64881,1.00,1.00
2016.04.05 12:21:50.621,0.64858,0.64883,1.00,1.37
2016.04.05 12:21:50.913,0.6486,0.64885,1.37,1.12
2016.04.05 12:21:51.417,0.64862,0.64885,1.00,1.12
2016.04.05 12:21:52.931,0.64862,0.64886,1.87,1.00
2016.04.05 12:21:53.188,0.64863,0.64889,1.87,1.37
2016.04.05 12:21:57.506,0.64866,0.64888,1.00,1.12
2016.04.05 12:21:57.898,0.64865,0.64885,1.50,1.00
2016.04.05 12:21:58.110,0.64865,0.64891,1.12,3.00
2016.04.05 12:21:59.049,0.64865,0.64891,2.25,1.50
2016.04.05 12:21:59.649,0.64865,0.64889,2.25,1.00
2016.04.05 12:21:59.801,0.64866,0.64891,1.37,1.12
2016.04.05 12:22:00.203,0.64867,0.64886,1.37,1.00
2016.04.05 12:22:01.455,0.64867,0.64886,1.00,1.00
2016.04.05 12:22:01.956,0.64866,0.64886,1.00,1.00
2016.04.05 12:22:02.886,0.64866,0.6489,1.00,1.37
2016.04.05 12:22:02.937,0.64868,0.6489,1.00,1.37
2016.04.05 12:22:03.311,0.64868,0.64886,1.00,1.00
2016.04.05 12:22:04.267,0.64868,0.64891,1.00,1.50
2016.04.05 12:22:06.520,0.64866,0.6489,1.00,1.37
2016.04.05 12:22:06.740,0.64866,0.6489,1.37,1.00
2016.04.05 12:22:07.264,0.64866,0.64891,1.37,1.50
2016.04.05 12:22:08.352,0.64866,0.6489,1.37,1.00
2016.04.05 12:22:09.549,0.64866,0.64886,1.87,1.00
2016.04.05 12:22:10.334,0.64866,0.6489,1.87,1.12
2016.04.05 12:22:12.023,0.64866,0.64891,1.87,1.50
2016.04.05 12:22:13.733,0.64866,0.64891,1.87,1.37
2016.04.05 12:22:15.587,0.64866,0.6489,1.00,1.37
2016.04.05 12:22:21.138,0.64866,0.64886,1.00,1.37
2016.04.05 12:22:21.202,0.64858,0.64882,1.00,1.12
2016.04.05 12:22:21.792,0.64855,0.64882,3.00,1.87
2016.04.05 12:22:23.154,0.64858,0.64882,1.00,1.87
2016.04.05 12:22:23.599,0.64859,0.64885,1.12,2.62
2016.04.05 12:22:24.306,0.64859,0.64885,1.50,1.12
2016.04.05 12:22:24.809,0.64859,0.64884,1.37,1.00
2016.04.05 12:22:24.910,0.64859,0.64884,1.12,1.37
2016.04.05 12:22:29.220,0.64858,0.64883,1.00,1.37
2016.04.05 12:22:29.771,0.64856,0.64882,1.37,1.12
2016.04.05 12:22:31.155,0.64858,0.64881,1.00,1.37
2016.04.05 12:22:34.930,0.64858,0.64884,1.37,1.37
2016.04.05 12:22:35.620,0.6486,0.64885,1.00,1.37
2016.04.05 12:22:38.310,0.64859,0.64885,1.12,1.87
2016.04.05 12:22:38.369,0.64859,0.6488,1.12,1.00
2016.04.05 12:22:38.699,0.64858,0.64882,1.37,1.12
2016.04.05 12:22:50.538,0.64858,0.64884,1.37,1.87
2016.04.05 12:22:51.163,0.64856,0.6488,1.00,1.37
2016.04.05 12:22:52.054,0.64857,0.6488,1.37,1.00
2016.04.05 12:22:52.155,0.6486,0.64886,1.12,3.00
2016.04.05 12:22:52.256,0.6486,0.64885,1.87,1.00
2016.04.05 12:22:53.115,0.64861,0.64886,1.37,1.12
2016.04.05 12:22:55.088,0.64861,0.64885,1.37,1.00
2016.04.05 12:22:56.158,0.64859,0.64885,1.87,1.37
2016.04.05 12:22:56.460,0.64859,0.64881,1.37,1.00
2016.04.05 12:22:56.561,0.64859,0.64884,1.37,1.12
2016.04.05 12:22:56.863,0.64859,0.64884,1.12,1.37
2016.04.05 12:22:57.392,0.64859,0.64881,1.12,1.00
2016.04.05 12:22:58.525,0.64859,0.64884,1.12,1.37
2016.04.05 12:22:59.878,0.64856,0.6488,1.00,1.37
2016.04.05 12:22:59.983,0.64856,0.6488,1.37,1.87
2016.04.05 12:23:00.257,0.64854,0.6488,1.12,1.87
2016.04.05 12:23:00.509,0.64853,0.64875,1.00,1.00
2016.04.05 12:23:01.870,0.6485,0.64876,2.62,1.50
2016.04.05 12:23:03.518,0.6485,0.64875,1.00,1.37
2016.04.05 12:23:04.938,0.64849,0.64875,1.00,1.87
2016.04.05 12:23:05.445,0.6485,0.64871,1.00,1.00
2016.04.05 12:23:06.109,0.6485,0.64873,1.00,1.37
2016.04.05 12:23:06.449,0.6485,0.64872,1.00,1.12
2016.04.05 12:23:06.799,0.6485,0.64874,1.00,1.37
2016.04.05 12:23:07.018,0.64848,0.64874,1.12,1.37
2016.04.05 12:23:07.348,0.6485,0.64874,1.00,1.37
2016.04.05 12:23:07.851,0.64849,0.64871,1.00,1.00
2016.04.05 12:23:08.401,0.64847,0.64873,2.62,1.00
2016.04.05 12:23:08.970,0.64852,0.64875,1.37,1.50
2016.04.05 12:23:09.502,0.64854,0.6488,1.37,1.50
2016.04.05 12:23:09.887,0.64854,0.6488,1.00,1.50
2016.04.05 12:23:12.221,0.64849,0.64876,1.50,2.25
2016.04.05 12:23:12.555,0.64851,0.64874,1.00,1.37
2016.04.05 12:23:13.923,0.64851,0.6487,1.00,1.00
2016.04.05 12:23:13.974,0.64845,0.6487,1.37,1.00
2016.04.05 12:23:14.024,0.64845,0.64871,1.12,2.85
2016.04.05 12:23:14.328,0.6484,0.64867,1.87,1.37
2016.04.05 12:23:14.429,0.6484,0.64867,2.62,1.12
2016.04.05 12:23:14.960,0.64845,0.64871,1.00,2.62
2016.04.05 12:23:15.241,0.64847,0.64871,1.00,2.62
2016.04.05 12:23:15.562,0.64851,0.64871,1.37,1.00
2016.04.05 12:23:15.713,0.64853,0.64878,1.00,1.37
2016.04.05 12:23:17.508,0.64853,0.64878,1.37,1.00
2016.04.05 12:23:18.016,0.64856,0.6488,1.00,1.87
2016.04.05 12:23:18.328,0.64855,0.64879,1.00,1.37
2016.04.05 12:23:18.379,0.64852,0.64878,1.87,1.87
2016.04.05 12:23:23.442,0.64851,0.64876,1.37,1.37
2016.04.05 12:23:25.336,0.64851,0.64876,1.00,1.87
2016.04.05 12:23:26.356,0.64851,0.64875,1.00,1.50
2016.04.05 12:23:26.457,0.64852,0.64876,1.00,1.12
2016.04.05 12:23:29.392,0.64851,0.64876,1.12,1.50
2016.04.05 12:23:29.493,0.64849,0.64875,1.12,1.37
2016.04.05 12:23:30.215,0.64847,0.64871,1.00,1.75
2016.04.05 12:23:30.824,0.64846,0.64871,1.12,2.62
2016.04.05 12:23:31.076,0.64847,0.64871,1.37,1.00
2016.04.05 12:23:31.620,0.64847,0.64873,1.87,1.37
2016.04.05 12:23:31.671,0.64852,0.64876,1.00,2.25
2016.04.05 12:23:31.780,0.64852,0.64876,1.12,2.25
2016.04.05 12:23:32.127,0.64854,0.64876,1.00,1.37
2016.04.05 12:23:33.018,0.64851,0.64877,1.37,2.62
2016.04.05 12:23:34.164,0.64853,0.64877,1.00,1.12
2016.04.05 12:23:34.672,0.64852,0.64877,1.12,1.12
2016.04.05 12:23:35.211,0.64852,0.64876,1.00,2.25
2016.04.05 12:23:35.312,0.64847,0.64871,1.00,1.50
2016.04.05 12:23:36.178,0.64844,0.6487,1.37,1.37
2016.04.05 12:23:36.987,0.64846,0.64871,1.00,1.12
2016.04.05 12:23:37.281,0.6485,0.64874,1.00,1.37
2016.04.05 12:23:37.382,0.64851,0.64875,1.37,1.12
2016.04.05 12:23:38.011,0.6485,0.64876,1.37,3.37
2016.04.05 12:23:38.548,0.6485,0.64875,1.37,1.00
2016.04.05 12:23:39.087,0.6485,0.64876,1.37,3.37
2016.04.05 12:23:39.950,0.64849,0.64875,3.00,1.00
2016.04.05 12:23:40.933,0.6485,0.64876,1.37,1.87
2016.04.05 12:23:42.403,0.6485,0.64876,2.25,1.50
2016.04.05 12:23:43.280,0.64851,0.64876,1.37,1.12
2016.04.05 12:23:43.703,0.64852,0.64878,1.37,1.12
2016.04.05 12:23:44.529,0.64853,0.64875,1.87,1.00
2016.04.05 12:23:44.938,0.64852,0.64878,1.72,1.87
2016.04.05 12:23:45.212,0.64851,0.64876,3.22,1.00
2016.04.05 12:23:45.615,0.64851,0.64876,1.72,1.75
2016.04.05 12:23:46.418,0.64851,0.64875,1.12,1.50
2016.04.05 12:23:46.721,0.64849,0.64874,1.00,1.37
2016.04.05 12:23:47.636,0.64848,0.64874,1.12,1.37
2016.04.05 12:23:49.134,0.64845,0.64871,1.50,1.50
2016.04.05 12:23:49.689,0.64846,0.64869,1.00,1.37
2016.04.05 12:23:49.739,0.64846,0.64869,1.12,1.37
2016.04.05 12:23:51.142,0.64847,0.6487,1.00,1.50
2016.04.05 12:23:51.629,0.64846,0.6487,1.00,1.50
2016.04.05 12:23:51.965,0.64841,0.64865,1.00,1.37
2016.04.05 12:23:52.066,0.64838,0.64862,1.00,1.37
2016.04.05 12:23:52.769,0.64838,0.64863,1.87,1.37
2016.04.05 12:23:53.380,0.6484,0.64864,1.00,1.87
2016.04.05 12:23:53.683,0.64836,0.64859,1.12,1.37
2016.04.05 12:23:53.985,0.64833,0.64858,1.00,1.37
2016.04.05 12:23:54.505,0.64834,0.64858,1.50,1.37
2016.04.05 12:23:54.807,0.64836,0.6486,1.00,1.37
2016.04.05 12:23:55.733,0.64835,0.64859,1.87,1.37
2016.04.05 12:23:56.036,0.6484,0.64859,1.00,1.12
2016.04.05 12:23:56.238,0.64841,0.64864,1.00,1.37
2016.04.05 12:23:56.340,0.64843,0.64864,1.00,1.37
2016.04.05 12:23:57.519,0.6484,0.64866,1.50,1.50
2016.04.05 12:23:58.308,0.64839,0.64863,1.12,1.12
2016.04.05 12:23:58.359,0.64839,0.64863,1.00,1.37
2016.04.05 12:23:58.460,0.64837,0.64863,1.00,1.87
2016.04.05 12:23:58.511,0.64835,0.64859,1.00,1.37
2016.04.05 12:23:58.910,0.64838,0.6486,1.00,1.37
2016.04.05 12:23:58.961,0.64835,0.6486,1.00,1.37
2016.04.05 12:23:59.517,0.64836,0.6486,1.00,1.50
2016.04.05 12:24:00.169,0.64838,0.64861,1.00,1.37
2016.04.05 12:24:02.273,0.64837,0.6486,1.37,1.37
2016.04.05 12:24:02.876,0.64837,0.6486,1.00,2.25
2016.04.05 12:24:02.927,0.64834,0.6486,1.12,3.00
2016.04.05 12:24:03.448,0.64835,0.64861,1.12,2.25
2016.04.05 12:24:03.499,0.64835,0.64861,1.50,2.25
2016.04.05 12:24:04.682,0.64838,0.64864,1.00,1.87
2016.04.05 12:24:04.732,0.64838,0.64864,1.12,1.87
2016.04.05 12:24:06.180,0.64838,0.64864,1.50,1.37
2016.04.05 12:24:06.231,0.64841,0.64867,1.00,2.25
2016.04.05 12:24:06.552,0.6485,0.64873,1.50,1.00
2016.04.05 12:24:06.704,0.64848,0.64873,1.37,1.37
2016.04.05 12:24:07.132,0.64847,0.64873,1.12,1.87
2016.04.05 12:24:08.638,0.64848,0.64874,1.00,1.37
2016.04.05 12:24:08.956,0.64845,0.64871,2.85,1.00
2016.04.05 12:24:09.504,0.64847,0.64873,1.37,1.37
2016.04.05 12:24:11.058,0.64851,0.64876,1.00,1.75
2016.04.05 12:24:11.725,0.64847,0.64871,1.12,1.37
2016.04.05 12:24:13.313,0.64847,0.6487,1.00,1.37
2016.04.05 12:24:13.364,0.64845,0.64869,1.00,1.37
2016.04.05 12:24:14.153,0.64846,0.6487,1.00,1.37
2016.04.05 12:24:14.254,0.64848,0.64871,1.12,1.37
2016.04.05 12:24:14.797,0.64849,0.64875,1.00,1.87
2016.04.05 12:24:14.848,0.64849,0.64875,1.37,1.37
2016.04.05 12:24:15.050,0.64848,0.64875,1.00,1.87
2016.04.05 12:24:15.555,0.64849,0.64873,1.00,1.37
2016.04.05 12:24:17.539,0.64848,0.64872,1.00,1.12
2016.04.05 12:24:18.312,0.64846,0.64871,1.12,1.50
2016.04.05 12:24:18.363,0.64846,0.64871,1.00,1.50
2016.04.05 12:24:18.749,0.64844,0.64868,1.00,1.75
2016.04.05 12:24:18.901,0.64842,0.64867,1.00,1.12
2016.04.05 12:24:19.409,0.64841,0.64866,1.00,1.50
2016.04.05 12:24:23.562,0.64841,0.64866,1.00,1.50
2016.04.05 12:24:24.104,0.64841,0.64866,1.00,1.50
2016.04.05 12:24:25.464,0.64842,0.64865,1.00,1.37
2016.04.05 12:24:27.212,0.64843,0.64869,1.00,1.87
2016.04.05 12:24:29.006,0.64846,0.6487,1.00,1.37
2016.04.05 12:24:29.108,0.64848,0.6487,1.00,1.37
2016.04.05 12:24:29.310,0.64848,0.64874,1.37,1.87
2016.04.05 12:24:33.916,0.6485,0.64874,1.00,1.87
2016.04.05 12:24:34.456,0.64848,0.64874,1.37,1.87
2016.04.05 12:24:39.813,0.64847,0.64871,1.00,1.37
2016.04.05 12:24:40.640,0.64846,0.64871,1.00,1.87
2016.04.05 12:24:41.262,0.64846,0.64869,1.00,1.37
2016.04.05 12:24:41.861,0.64845,0.64869,1.00,1.37
2016.04.05 12:24:41.962,0.64843,0.64868,1.12,1.37
2016.04.05 12:24:42.507,0.64844,0.64868,1.12,1.37
2016.04.05 12:24:43.965,0.64845,0.6487,1.60,1.37
2016.04.05 12:24:44.066,0.64849,0.6487,1.50,1.12
2016.04.05 12:24:44.260,0.64854,0.64875,1.00,1.00
2016.04.05 12:24:44.564,0.64857,0.64878,1.00,2.62
2016.04.05 12:24:44.614,0.64853,0.64878,1.37,2.62
2016.04.05 12:24:44.865,0.64853,0.64878,1.00,2.62
2016.04.05 12:24:45.737,0.64851,0.64875,1.37,1.37
2016.04.05 12:24:49.813,0.64856,0.64876,1.00,1.37
2016.04.05 12:24:49.865,0.64856,0.64879,1.37,1.37
2016.04.05 12:24:50.398,0.64858,0.64879,1.00,1.37
2016.04.05 12:24:51.330,0.64857,0.64879,1.12,1.37
2016.04.05 12:24:52.988,0.64856,0.64881,1.00,3.00
2016.04.05 12:24:54.136,0.64857,0.64881,1.00,2.25
2016.04.05 12:24:55.388,0.64856,0.64881,1.00,2.25
2016.04.05 12:24:56.591,0.64857,0.64881,1.00,1.50
2016.04.05 12:24:57.107,0.64856,0.64881,1.00,1.50
2016.04.05 12:24:57.208,0.64856,0.64881,1.12,1.50
2016.04.05 12:24:57.708,0.64857,0.64881,1.37,1.00
2016.04.05 12:24:58.371,0.64859,0.64885,1.00,1.87
2016.04.05 12:24:59.053,0.64857,0.64881,1.00,1.37
2016.04.05 12:24:59.606,0.64856,0.64881,1.12,1.50
2016.04.05 12:25:01.008,0.64855,0.6488,1.00,1.50
2016.04.05 12:25:03.169,0.64856,0.64878,1.00,1.37
2016.04.05 12:25:09.507,0.64858,0.6488,1.00,1.37
2016.04.05 12:25:09.565,0.64856,0.6488,1.00,1.37
2016.04.05 12:25:09.790,0.64858,0.64881,1.00,1.37
2016.04.05 12:25:10.337,0.64857,0.6488,1.00,1.37
2016.04.05 12:25:11.890,0.64856,0.64881,1.00,1.75
2016.04.05 12:25:14.077,0.64855,0.64881,1.00,2.25
2016.04.05 12:25:14.754,0.64855,0.64877,1.00,1.50
2016.04.05 12:25:15.446,0.64855,0.64877,1.00,1.87
2016.04.05 12:25:16.846,0.64855,0.64878,1.00,1.37
2016.04.05 12:25:20.146,0.64857,0.6488,1.00,1.37
2016.04.05 12:25:21.268,0.64854,0.6488,1.12,1.87
2016.04.05 12:25:22.855,0.64856,0.64879,1.00,1.37
2016.04.05 12:25:23.474,0.64857,0.64879,1.00,1.37
2016.04.05 12:25:26.395,0.64856,0.64879,1.00,1.37
2016.04.05 12:25:26.990,0.64858,0.64879,1.00,1.37
2016.04.05 12:25:27.239,0.64855,0.64879,1.00,1.37
2016.04.05 12:25:27.758,0.64854,0.6488,1.12,1.87
2016.04.05 12:25:27.825,0.64857,0.6488,1.00,1.37
2016.04.05 12:25:29.745,0.64854,0.6488,1.12,2.25
2016.04.05 12:25:30.345,0.64855,0.64879,1.00,1.37
2016.04.05 12:25:32.004,0.64856,0.6488,1.00,1.50
2016.04.05 12:25:32.565,0.64856,0.6488,1.00,1.50
2016.04.05 12:25:33.871,0.64856,0.64879,1.00,1.75
2016.04.05 12:25:34.023,0.64854,0.64877,1.12,1.12
2016.04.05 12:25:34.664,0.64854,0.64876,1.12,1.00
2016.04.05 12:25:34.715,0.64854,0.64876,1.00,1.87
2016.04.05 12:25:35.319,0.64853,0.64876,1.00,1.75
2016.04.05 12:25:35.444,0.6485,0.64874,1.50,1.30
2016.04.05 12:25:35.545,0.64849,0.64871,1.37,1.00
2016.04.05 12:25:35.902,0.64845,0.64869,1.00,1.37
2016.04.05 12:25:36.007,0.64847,0.6487,1.37,1.00
2016.04.05 12:25:36.581,0.64847,0.64873,1.37,1.37
2016.04.05 12:25:37.853,0.64844,0.6487,2.25,1.00
2016.04.05 12:25:38.411,0.64846,0.64872,1.37,1.37
2016.04.05 12:25:42.064,0.64846,0.64872,1.75,1.37
2016.04.05 12:25:42.616,0.64849,0.64873,1.00,1.87
2016.04.05 12:25:43.180,0.64848,0.64873,1.12,1.87
2016.04.05 12:25:45.034,0.64849,0.64873,1.00,1.37
2016.04.05 12:25:45.388,0.64849,0.64873,1.37,1.00
2016.04.05 12:25:45.439,0.6485,0.64875,1.37,1.12
2016.04.05 12:25:45.696,0.6485,0.64876,1.37,1.00
2016.04.05 12:25:45.797,0.64856,0.64881,1.12,1.37
2016.04.05 12:25:45.999,0.64857,0.6488,1.37,1.00
2016.04.05 12:25:46.388,0.64858,0.64884,1.12,2.25
2016.04.05 12:25:47.089,0.64859,0.64883,1.37,1.37
2016.04.05 12:25:51.012,0.64857,0.64881,1.72,1.00
2016.04.05 12:25:51.152,0.64858,0.64881,1.37,1.00
2016.04.05 12:25:52.210,0.64856,0.64881,1.97,1.00
2016.04.05 12:25:55.261,0.64859,0.64882,1.00,1.12
2016.04.05 12:25:56.364,0.64858,0.64882,1.12,1.12
2016.04.05 12:25:58.153,0.64857,0.64883,1.75,1.37
2016.04.05 12:25:58.371,0.64857,0.64883,1.37,1.37
2016.04.05 12:25:58.421,0.64857,0.64883,1.37,1.12
2016.04.05 12:26:03.788,0.64862,0.64888,1.72,1.87
2016.04.05 12:26:03.839,0.64863,0.64888,1.37,2.25
2016.04.05 12:26:04.383,0.64868,0.6489,1.00,1.37
2016.04.05 12:26:04.933,0.64867,0.6489,1.12,1.00
2016.04.05 12:26:05.022,0.64867,0.64891,1.00,1.75
2016.04.05 12:26:05.685,0.64865,0.64891,1.50,3.00
2016.04.05 12:26:06.147,0.64866,0.6489,1.37,1.00
2016.04.05 12:26:10.840,0.64868,0.64891,1.00,1.87
2016.04.05 12:26:12.392,0.64869,0.64891,1.00,1.37
2016.04.05 12:26:13.355,0.64869,0.64892,1.37,1.00
2016.04.05 12:26:18.889,0.64868,0.64892,1.00,1.37
2016.04.05 12:26:21.081,0.64865,0.64889,1.50,1.00
2016.04.05 12:26:21.132,0.64864,0.64886,1.37,1.00
2016.04.05 12:26:21.462,0.64863,0.64888,1.00,1.37
2016.04.05 12:26:23.522,0.64862,0.64886,1.12,1.87
2016.04.05 12:26:30.736,0.64864,0.64888,1.30,1.87
2016.04.05 12:26:30.787,0.64865,0.64888,1.37,1.00
2016.04.05 12:26:31.301,0.64866,0.6489,1.37,1.37
2016.04.05 12:26:38.793,0.64868,0.6489,1.00,1.37
2016.04.05 12:26:38.894,0.64864,0.6489,1.87,1.87
2016.04.05 12:26:41.041,0.64866,0.64892,1.00,3.00
2016.04.05 12:26:41.194,0.64864,0.6489,1.50,1.37
2016.04.05 12:26:42.295,0.64865,0.64891,1.00,1.50
2016.04.05 12:26:43.115,0.64865,0.64887,1.00,1.37
2016.04.05 12:26:47.684,0.64863,0.64887,1.00,1.87
2016.04.05 12:26:49.555,0.64862,0.64887,1.00,1.87
2016.04.05 12:26:52.164,0.64863,0.64887,1.00,1.87
2016.04.05 12:26:57.112,0.64863,0.64887,1.37,1.37
2016.04.05 12:26:58.947,0.64863,0.64889,1.87,1.87
2016.04.05 12:26:59.512,0.64863,0.64889,1.37,1.37
2016.04.05 12:27:01.181,0.64865,0.64889,1.50,1.12
2016.04.05 12:27:01.232,0.64867,0.64891,1.00,1.37
2016.04.05 12:27:04.078,0.64866,0.64891,1.00,1.37
2016.04.05 12:27:05.513,0.64868,0.64891,1.00,1.37
2016.04.05 12:27:06.826,0.64865,0.64891,1.12,2.25
2016.04.05 12:27:07.342,0.64866,0.64891,1.00,1.50
2016.04.05 12:27:08.284,0.64867,0.64891,1.00,2.25
2016.04.05 12:27:08.363,0.64865,0.64891,1.12,3.00
2016.04.05 12:27:10.589,0.64866,0.64891,1.00,2.25
2016.04.05 12:27:10.865,0.64865,0.64888,1.00,1.37
2016.04.05 12:27:11.391,0.64864,0.64889,1.12,1.37
2016.04.05 12:27:11.989,0.64864,0.64887,1.00,1.37
2016.04.05 12:27:12.892,0.64862,0.64885,1.00,1.37
2016.04.05 12:27:12.993,0.64862,0.64885,1.00,1.37
2016.04.05 12:27:13.549,0.64863,0.64884,1.00,1.37
2016.04.05 12:27:14.085,0.64863,0.64884,1.00,1.37
2016.04.05 12:27:15.297,0.64864,0.64887,1.00,1.87
2016.04.05 12:27:15.844,0.64862,0.64886,1.00,1.87
2016.04.05 12:27:21.015,0.64864,0.64888,1.00,1.87
2016.04.05 12:27:21.345,0.64866,0.64888,1.00,1.37
2016.04.05 12:27:21.396,0.64866,0.64889,1.00,1.37
2016.04.05 12:27:24.013,0.64867,0.64889,1.00,1.37
2016.04.05 12:27:24.114,0.64863,0.64889,1.12,1.87
2016.04.05 12:27:24.216,0.64863,0.64885,1.00,1.37
2016.04.05 12:27:24.425,0.64858,0.64884,1.12,1.37
2016.04.05 12:27:24.644,0.64862,0.64885,1.00,1.37
2016.04.05 12:27:24.754,0.6486,0.64885,1.00,1.37
2016.04.05 12:27:25.194,0.64867,0.6489,1.00,1.75
2016.04.05 12:27:25.413,0.64865,0.64889,1.00,1.37
2016.04.05 12:27:25.514,0.64865,0.64886,1.00,1.37
2016.04.05 12:27:25.844,0.64863,0.64886,1.00,1.50
2016.04.05 12:27:26.224,0.64861,0.64886,1.00,1.50
2016.04.05 12:27:27.613,0.64862,0.64886,1.00,1.50
2016.04.05 12:27:27.874,0.64864,0.64886,1.00,1.50
2016.04.05 12:27:28.070,0.64862,0.64884,1.00,1.37
2016.04.05 12:27:28.630,0.64863,0.64884,1.00,1.37
2016.04.05 12:27:29.876,0.64864,0.64887,1.00,1.75
2016.04.05 12:27:29.927,0.64863,0.64887,1.00,1.37
2016.04.05 12:27:30.255,0.64865,0.64887,1.00,1.37
2016.04.05 12:27:33.300,0.64865,0.6489,1.00,1.37
2016.04.05 12:27:33.350,0.64868,0.6489,1.00,1.37
2016.04.05 12:27:38.403,0.64867,0.64892,1.00,1.12
2016.04.05 12:27:40.023,0.64867,0.64888,1.00,1.37
2016.04.05 12:27:40.374,0.64861,0.64882,1.00,1.37
2016.04.05 12:27:40.886,0.6486,0.64882,1.00,1.37
2016.04.05 12:27:41.524,0.64859,0.64882,1.00,1.37
2016.04.05 12:27:46.093,0.64861,0.64882,1.00,1.37
2016.04.05 12:27:46.771,0.64859,0.6488,1.00,1.37
2016.04.05 12:27:46.872,0.64857,0.64881,1.00,1.37
2016.04.05 12:27:47.212,0.64859,0.64882,1.00,1.50
2016.04.05 12:27:47.771,0.6486,0.64882,1.00,1.37
2016.04.05 12:27:52.606,0.64856,0.64882,1.37,2.25
2016.04.05 12:27:52.657,0.64856,0.64877,1.00,1.37
2016.04.05 12:27:52.758,0.64856,0.64881,1.00,1.75
2016.04.05 12:27:53.412,0.64857,0.6488,1.00,1.37
2016.04.05 12:27:54.673,0.64858,0.64881,1.00,1.37
2016.04.05 12:27:55.356,0.64859,0.64883,1.00,1.37
2016.04.05 12:27:56.145,0.64858,0.64883,1.00,1.37
2016.04.05 12:27:56.347,0.6486,0.64883,1.00,1.37
2016.04.05 12:27:57.666,0.64859,0.64882,1.00,1.12
2016.04.05 12:27:59.143,0.6486,0.64882,1.00,1.37
2016.04.05 12:28:01.089,0.64859,0.64883,1.00,1.87
2016.04.05 12:28:01.350,0.64859,0.64883,1.00,1.87
2016.04.05 12:28:01.943,0.64858,0.64883,1.12,1.37
2016.04.05 12:28:02.548,0.64859,0.64883,1.00,1.37
2016.04.05 12:28:03.072,0.64858,0.64883,1.12,1.37
2016.04.05 12:28:03.173,0.6486,0.64883,1.00,1.37
2016.04.05 12:28:03.274,0.64857,0.64883,1.87,1.87
2016.04.05 12:28:06.673,0.64859,0.64883,1.00,1.37
2016.04.05 12:28:11.387,0.64858,0.64883,1.12,1.37
2016.04.05 12:28:11.963,0.64862,0.64884,1.12,1.00
2016.04.05 12:28:12.468,0.64862,0.64886,1.12,1.37
2016.04.05 12:28:13.494,0.64864,0.64888,1.00,1.87
2016.04.05 12:28:14.024,0.64863,0.64888,1.00,1.87
2016.04.05 12:28:16.243,0.64862,0.64888,1.12,1.87
2016.04.05 12:28:18.073,0.64864,0.64888,1.00,1.87
2016.04.05 12:28:18.402,0.64867,0.64891,1.00,1.87
2016.04.05 12:28:18.784,0.64868,0.64892,1.00,1.37
2016.04.05 12:28:19.014,0.64867,0.6489,1.00,1.37
2016.04.05 12:28:19.923,0.64866,0.64891,1.37,1.37
2016.04.05 12:28:20.854,0.64867,0.64888,1.37,1.00
2016.04.05 12:28:21.006,0.64863,0.64889,1.37,1.87
2016.04.05 12:28:30.500,0.64862,0.64886,1.00,1.37
2016.04.05 12:28:30.551,0.6486,0.64886,1.12,1.87
2016.04.05 12:28:35.053,0.64861,0.64884,1.00,1.37
2016.04.05 12:28:36.182,0.64862,0.64886,1.00,1.37
2016.04.05 12:28:36.233,0.64862,0.64886,1.37,1.00
2016.04.05 12:28:36.772,0.64864,0.64888,1.12,1.37
2016.04.05 12:28:46.603,0.64865,0.64891,1.00,1.87
2016.04.05 12:28:47.154,0.64866,0.6489,1.00,1.87
2016.04.05 12:28:48.408,0.64864,0.6489,1.87,1.37
2016.04.05 12:28:48.774,0.64863,0.64889,1.00,1.87
2016.04.05 12:28:48.825,0.6486,0.64886,1.37,1.37
2016.04.05 12:28:50.573,0.64858,0.64875,1.37,1.00
2016.04.05 12:28:50.623,0.64848,0.64875,1.87,1.37
2016.04.05 12:28:51.186,0.6485,0.64874,1.00,1.37
2016.04.05 12:28:51.700,0.64848,0.64873,1.12,1.37
2016.04.05 12:28:51.900,0.6485,0.64874,1.00,1.37
2016.04.05 12:28:55.182,0.64849,0.64874,1.00,1.37
2016.04.05 12:28:57.932,0.6485,0.64874,1.00,1.37
2016.04.05 12:29:00.290,0.64848,0.64874,1.12,1.87
2016.04.05 12:29:00.838,0.64849,0.64873,1.00,1.37
2016.04.05 12:29:02.292,0.64848,0.64873,1.12,1.37
2016.04.05 12:29:06.100,0.64845,0.64869,1.37,1.00
2016.04.05 12:29:06.952,0.64845,0.6487,1.37,1.00
2016.04.05 12:29:07.832,0.64846,0.64868,1.37,1.00
2016.04.05 12:29:09.923,0.64846,0.6487,1.37,1.00
2016.04.05 12:29:10.463,0.64846,0.64869,1.37,1.00
2016.04.05 12:29:11.931,0.64846,0.6487,1.37,1.00
2016.04.05 12:29:12.032,0.64846,0.64868,1.37,1.00
2016.04.05 12:29:12.133,0.64846,0.6487,1.37,1.00
2016.04.05 12:29:12.636,0.64846,0.64869,1.37,1.00
2016.04.05 12:29:13.026,0.64843,0.64868,1.37,1.37
2016.04.05 12:29:15.227,0.64845,0.64869,1.00,1.37
2016.04.05 12:29:18.621,0.64843,0.64868,1.37,1.37
2016.04.05 12:29:19.213,0.64842,0.64866,1.87,1.00
2016.04.05 12:29:20.406,0.64844,0.64869,1.12,1.87
2016.04.05 12:29:20.507,0.64847,0.64871,1.00,1.37
2016.04.05 12:29:20.608,0.64847,0.64873,1.37,1.87
2016.04.05 12:29:20.861,0.64851,0.64875,1.00,1.37
2016.04.05 12:29:20.912,0.64851,0.64875,1.00,1.37
2016.04.05 12:29:21.196,0.64855,0.64875,1.37,1.00
2016.04.05 12:29:21.247,0.64856,0.64879,1.12,1.00
2016.04.05 12:29:21.751,0.64856,0.64882,1.12,1.37
2016.04.05 12:29:23.810,0.64853,0.64879,1.87,1.00
2016.04.05 12:29:24.473,0.64854,0.6488,1.37,1.12
2016.04.05 12:29:25.264,0.64857,0.64881,1.00,1.37
2016.04.05 12:29:25.949,0.64859,0.64885,1.00,1.37
2016.04.05 12:29:26.000,0.64859,0.64885,1.37,1.37
2016.04.05 12:29:29.538,0.64858,0.64882,1.00,1.37
2016.04.05 12:29:29.589,0.64856,0.64881,1.00,1.37
2016.04.05 12:29:29.640,0.64856,0.64881,1.00,1.37
2016.04.05 12:29:29.741,0.64854,0.64879,1.00,1.37
2016.04.05 12:29:29.942,0.64854,0.6488,1.37,1.87
2016.04.05 12:29:32.950,0.64857,0.64883,1.00,1.37
2016.04.05 12:29:33.480,0.64856,0.64882,1.12,1.37
2016.04.05 12:29:35.219,0.64858,0.64883,1.00,1.37
2016.04.05 12:29:35.270,0.64858,0.64883,1.37,1.00
2016.04.05 12:29:35.472,0.64862,0.64887,1.37,1.12
2016.04.05 12:29:35.573,0.64865,0.64892,1.37,1.37
2016.04.05 12:29:36.554,0.64867,0.64892,1.37,1.12
2016.04.05 12:29:37.058,0.6487,0.64895,1.00,1.87
2016.04.05 12:29:40.283,0.64869,0.64895,1.12,1.37
2016.04.05 12:29:45.541,0.64871,0.64895,1.00,1.87
2016.04.05 12:29:46.467,0.64871,0.64895,1.37,1.50
2016.04.05 12:29:47.263,0.64869,0.64896,1.87,1.87
2016.04.05 12:29:47.474,0.64869,0.64894,1.37,1.00
2016.04.05 12:29:48.472,0.6487,0.64895,1.37,1.00
2016.04.05 12:29:49.023,0.64871,0.64896,1.87,1.12
2016.04.05 12:29:50.278,0.64871,0.64897,1.87,1.00
2016.04.05 12:29:50.680,0.64875,0.64895,1.37,1.00
2016.04.05 12:29:50.731,0.64877,0.64902,1.37,1.12
2016.04.05 12:29:50.782,0.64875,0.64901,1.12,1.37
2016.04.05 12:29:51.104,0.64878,0.64905,1.37,1.37
2016.04.05 12:29:51.767,0.64878,0.649,1.37,1.00
2016.04.05 12:29:51.918,0.64878,0.64905,1.37,1.37
2016.04.05 12:29:52.630,0.64874,0.64903,1.37,1.37
2016.04.05 12:29:55.198,0.64867,0.64905,1.00,1.50
2016.04.05 12:29:55.707,0.64868,0.64905,1.00,1.00
2016.04.05 12:29:56.562,0.64866,0.64905,1.00,1.50
2016.04.05 12:29:56.613,0.64866,0.649,1.00,1.00
2016.04.05 12:29:57.763,0.64863,0.64901,1.00,1.50
2016.04.05 12:29:57.814,0.64861,0.64899,1.00,1.00
2016.04.05 12:29:58.341,0.64863,0.649,1.00,1.00
2016.04.05 12:29:58.845,0.64863,0.64901,1.00,1.50
2016.04.05 12:29:59.862,0.64866,0.64901,1.00,1.00
2016.04.05 12:30:00.106,0.64863,0.64901,1.00,1.50
2016.04.05 12:30:00.207,0.64859,0.64897,1.00,1.00
2016.04.05 12:30:00.538,0.64863,0.649,1.00,1.00
2016.04.05 12:30:01.047,0.64863,0.64901,1.00,1.50
2016.04.05 12:30:01.374,0.64865,0.64903,1.00,1.00
2016.04.05 12:30:01.952,0.64863,0.64896,1.00,1.00
2016.04.05 12:30:02.007,0.64861,0.64896,1.00,1.00
2016.04.05 12:30:02.259,0.64861,0.64899,1.00,1.00
2016.04.05 12:30:02.310,0.64859,0.64897,1.00,1.00
2016.04.05 12:30:02.617,0.64855,0.64893,1.00,1.00
2016.04.05 12:30:03.443,0.64855,0.64891,1.00,1.00
2016.04.05 12:30:03.553,0.64855,0.64893,1.00,1.00
2016.04.05 12:30:04.063,0.64862,0.64896,1.00,1.00
2016.04.05 12:30:04.224,0.64862,0.649,1.00,2.25
2016.04.05 12:30:04.677,0.64862,0.64895,1.00,1.00
2016.04.05 12:30:05.087,0.64863,0.64899,1.00,1.50
2016.04.05 12:30:05.447,0.64864,0.64896,1.00,1.00
2016.04.05 12:30:05.549,0.64864,0.64901,1.00,1.00
2016.04.05 12:30:05.913,0.64862,0.649,1.00,1.00
2016.04.05 12:30:06.813,0.64866,0.649,1.00,1.00
2016.04.05 12:30:07.756,0.64866,0.64903,1.00,1.00
2016.04.05 12:30:07.807,0.64868,0.64903,1.00,1.00
2016.04.05 12:30:08.155,0.64868,0.64901,1.00,1.00
2016.04.05 12:30:08.392,0.64868,0.64903,1.00,1.00
2016.04.05 12:30:09.152,0.64868,0.64901,1.00,1.00
2016.04.05 12:30:09.355,0.64869,0.64905,1.00,1.87
2016.04.05 12:30:09.946,0.6487,0.64905,1.00,1.87
2016.04.05 12:30:10.097,0.6487,0.64906,1.00,1.00
2016.04.05 12:30:10.308,0.64872,0.64906,1.00,1.00
2016.04.05 12:30:11.583,0.64872,0.649,1.00,1.00
2016.04.05 12:30:11.886,0.64876,0.64903,1.00,1.00
2016.04.05 12:30:12.285,0.64873,0.64901,1.00,1.00
2016.04.05 12:30:12.336,0.64868,0.64895,1.00,1.00
2016.04.05 12:30:12.775,0.64862,0.64888,1.37,1.37
2016.04.05 12:30:13.092,0.64867,0.64889,1.00,1.37
2016.04.05 12:30:13.294,0.64862,0.64891,1.37,1.87
2016.04.05 12:30:13.794,0.64859,0.64882,1.00,1.37
2016.04.05 12:30:14.105,0.64861,0.64882,1.00,1.37
2016.04.05 12:30:14.365,0.64861,0.64884,1.00,1.37
2016.04.05 12:30:14.860,0.64861,0.64879,1.00,1.37
2016.04.05 12:30:15.533,0.64856,0.6488,1.00,1.37
2016.04.05 12:30:15.744,0.64853,0.64876,1.12,1.12
2016.04.05 12:30:16.328,0.64848,0.64876,1.87,1.87
2016.04.05 12:30:18.832,0.64854,0.64876,1.00,1.37
2016.04.05 12:30:18.884,0.64854,0.64879,1.87,1.00
2016.04.05 12:30:19.434,0.64857,0.64883,1.12,1.37
2016.04.05 12:30:21.083,0.6485,0.6488,2.62,1.87
2016.04.05 12:30:21.632,0.6485,0.64875,1.87,1.00
2016.04.05 12:30:21.683,0.64847,0.64875,1.37,1.37
2016.04.05 12:30:21.884,0.64854,0.64878,1.00,1.37
2016.04.05 12:30:21.985,0.64853,0.64878,1.37,1.00
2016.04.05 12:30:22.087,0.64851,0.64877,1.37,1.37
2016.04.05 12:30:22.188,0.64851,0.64877,1.12,1.37
2016.04.05 12:30:22.685,0.64848,0.64871,1.00,1.37
2016.04.05 12:30:22.888,0.64845,0.64869,1.00,1.37
2016.04.05 12:30:23.845,0.64844,0.64869,1.12,1.37
2016.04.05 12:30:23.896,0.64846,0.64869,1.00,1.37
2016.04.05 12:30:24.106,0.64846,0.6487,1.37,1.12
2016.04.05 12:30:24.510,0.64849,0.6487,1.00,1.12
2016.04.05 12:30:24.813,0.64851,0.6487,1.12,1.00
2016.04.05 12:30:25.150,0.64856,0.6487,1.00,1.00
2016.04.05 12:30:25.402,0.64863,0.64884,1.12,1.00
2016.04.05 12:30:25.503,0.64862,0.6488,1.37,1.00
2016.04.05 12:30:25.655,0.6486,0.64882,1.87,1.00
2016.04.05 12:30:25.756,0.64855,0.64881,1.87,1.12
2016.04.05 12:30:25.960,0.64855,0.64878,1.37,1.00
2016.04.05 12:30:26.011,0.64853,0.64878,1.00,1.37
2016.04.05 12:30:26.063,0.64855,0.6488,1.00,2.25
2016.04.05 12:30:26.114,0.64855,0.6488,1.00,1.37
2016.04.05 12:30:26.645,0.64857,0.6488,1.00,1.87
2016.04.05 12:30:27.199,0.6485,0.64874,1.37,1.12
2016.04.05 12:30:28.905,0.64853,0.64874,1.00,1.12
2016.04.05 12:30:29.386,0.64849,0.64876,1.37,1.37
2016.04.05 12:30:29.595,0.64852,0.64876,1.37,1.00
2016.04.05 12:30:29.935,0.64854,0.64876,1.37,1.00
2016.04.05 12:30:30.499,0.64852,0.64876,1.37,1.00
2016.04.05 12:30:30.600,0.64847,0.64876,1.37,1.37
2016.04.05 12:30:31.107,0.6485,0.64872,1.00,1.37
2016.04.05 12:30:31.258,0.64847,0.6487,1.12,1.12
2016.04.05 12:30:31.309,0.64847,0.64871,1.00,1.37
2016.04.05 12:30:31.836,0.64847,0.64871,1.12,1.37
2016.04.05 12:30:32.460,0.64851,0.64871,1.00,1.37
2016.04.05 12:30:32.511,0.64851,0.64874,1.12,1.37
2016.04.05 12:30:32.562,0.64855,0.64876,1.00,1.37
2016.04.05 12:30:32.663,0.64853,0.64877,1.00,1.37
2016.04.05 12:30:33.203,0.64852,0.64879,1.00,1.87
2016.04.05 12:30:33.254,0.64852,0.64879,1.37,1.87
2016.04.05 12:30:33.306,0.64851,0.64876,1.37,1.00
2016.04.05 12:30:33.357,0.64851,0.64876,1.50,1.37
2016.04.05 12:30:33.458,0.64851,0.64878,2.62,1.37
2016.04.05 12:30:34.128,0.64855,0.64879,1.00,1.37
2016.04.05 12:30:34.546,0.64852,0.64877,1.00,1.37
2016.04.05 12:30:35.358,0.6485,0.64875,1.12,1.37
2016.04.05 12:30:35.459,0.6485,0.64875,1.00,1.37
2016.04.05 12:30:35.510,0.64847,0.64873,1.37,1.37
2016.04.05 12:30:36.601,0.6485,0.64874,1.00,1.87
2016.04.05 12:30:37.304,0.64847,0.64874,1.37,1.87
2016.04.05 12:30:37.830,0.64851,0.64875,1.37,1.12
2016.04.05 12:30:38.071,0.64847,0.64873,1.87,1.37
2016.04.05 12:30:38.582,0.64848,0.64872,1.00,1.37
2016.04.05 12:30:39.104,0.64846,0.64872,1.87,1.37
2016.04.05 12:30:39.579,0.64849,0.64873,1.00,1.37
2016.04.05 12:30:40.279,0.64847,0.64872,1.87,1.37
2016.04.05 12:30:40.452,0.64849,0.64873,1.00,1.87
2016.04.05 12:30:42.235,0.64847,0.64873,1.12,1.87
2016.04.05 12:30:43.343,0.64849,0.64873,1.00,1.37
2016.04.05 12:30:43.444,0.64846,0.64872,1.87,1.37
2016.04.05 12:30:44.044,0.64848,0.64872,1.00,1.37
2016.04.05 12:30:44.552,0.64847,0.64873,1.12,1.87
2016.04.05 12:30:45.758,0.64848,0.64874,1.00,1.87
2016.04.05 12:30:45.961,0.64846,0.64868,1.00,1.37
2016.04.05 12:30:46.062,0.64841,0.64867,1.37,1.87
2016.04.05 12:30:46.163,0.64841,0.64867,1.12,1.87
2016.04.05 12:30:46.501,0.64846,0.64868,1.00,1.37
2016.04.05 12:30:46.972,0.64844,0.64869,1.00,1.37
2016.04.05 12:30:47.397,0.64846,0.64873,1.37,1.87
2016.04.05 12:30:50.649,0.64844,0.64868,2.62,1.00
2016.04.05 12:30:52.103,0.64843,0.64868,1.12,1.37
2016.04.05 12:30:53.546,0.64845,0.64871,1.00,1.87
2016.04.05 12:30:54.201,0.64844,0.6487,1.00,1.37
2016.04.05 12:30:54.531,0.64847,0.64872,1.12,1.37
2016.04.05 12:30:57.923,0.64851,0.64872,1.00,1.37
2016.04.05 12:30:58.171,0.64848,0.64873,1.00,1.37
2016.04.05 12:30:58.739,0.64847,0.64873,1.12,1.37
2016.04.05 12:30:58.972,0.64851,0.64872,1.00,1.37
2016.04.05 12:30:59.971,0.64848,0.64872,1.50,1.37
2016.04.05 12:31:00.722,0.64852,0.64871,1.00,1.37
2016.04.05 12:31:01.578,0.6485,0.64872,1.00,1.37
2016.04.05 12:31:02.800,0.64852,0.64873,1.00,1.87
2016.04.05 12:31:03.552,0.64848,0.64869,1.00,1.37
2016.04.05 12:31:03.704,0.6485,0.64871,1.00,1.37
2016.04.05 12:31:04.153,0.64853,0.6487,1.00,1.12
2016.04.05 12:31:06.221,0.64854,0.64873,1.00,1.37
2016.04.05 12:31:07.041,0.64851,0.64874,1.00,1.37
2016.04.05 12:31:07.142,0.64851,0.64871,1.00,3.37
2016.04.05 12:31:07.412,0.64847,0.64867,1.00,1.37
2016.04.05 12:31:07.710,0.64845,0.64869,1.00,1.37
2016.04.05 12:31:07.761,0.64847,0.64868,1.00,1.37
2016.04.05 12:31:10.020,0.64847,0.64868,1.00,1.37
2016.04.05 12:31:10.322,0.64845,0.64869,1.00,1.37
2016.04.05 12:31:10.848,0.64844,0.64866,1.00,1.37
2016.04.05 12:31:11.813,0.64842,0.64865,1.12,1.37
2016.04.05 12:31:11.864,0.64842,0.64865,1.00,1.37
2016.04.05 12:31:13.656,0.64844,0.64866,1.00,1.37
2016.04.05 12:31:18.937,0.64843,0.64865,1.00,1.37
2016.04.05 12:31:19.430,0.64841,0.64862,1.00,1.87
2016.04.05 12:31:25.093,0.64842,0.64865,1.00,1.87
2016.04.05 12:31:25.983,0.6484,0.64863,1.00,1.37
2016.04.05 12:31:28.438,0.64839,0.64862,1.00,1.87
2016.04.05 12:31:32.314,0.64841,0.64862,1.00,1.37
2016.04.05 12:31:33.908,0.64839,0.64863,1.00,1.37
2016.04.05 12:31:36.571,0.64838,0.64863,1.00,1.37
2016.04.05 12:31:37.029,0.64838,0.64858,1.00,1.37
2016.04.05 12:31:37.151,0.64836,0.64858,1.00,1.37
2016.04.05 12:31:37.673,0.64837,0.64859,1.00,1.37
2016.04.05 12:31:39.343,0.64835,0.64858,1.00,1.37
2016.04.05 12:31:43.571,0.64834,0.64858,1.00,1.50
2016.04.05 12:31:44.092,0.64833,0.64853,1.12,1.00
2016.04.05 12:31:44.252,0.64835,0.64855,1.00,1.37
2016.04.05 12:31:44.364,0.64833,0.64857,1.12,1.87
2016.04.05 12:31:44.719,0.64835,0.64857,1.00,1.37
2016.04.05 12:31:44.821,0.64833,0.64857,1.12,1.37
2016.04.05 12:31:46.678,0.64832,0.64853,1.37,1.00
2016.04.05 12:31:46.729,0.64832,0.64853,1.00,1.37
2016.04.05 12:31:47.243,0.64829,0.6485,1.00,1.00
2016.04.05 12:31:47.344,0.64829,0.6485,1.00,1.37
2016.04.05 12:31:47.882,0.6483,0.6485,1.00,1.37
2016.04.05 12:31:48.015,0.6483,0.6485,1.00,1.00
2016.04.05 12:31:48.524,0.6483,0.64852,1.00,1.37
2016.04.05 12:31:48.675,0.64832,0.64854,1.00,1.37
2016.04.05 12:31:48.726,0.64832,0.64856,1.00,2.62
2016.04.05 12:31:49.397,0.64832,0.64852,1.00,1.00
2016.04.05 12:31:50.752,0.64827,0.64845,1.00,1.00
2016.04.05 12:31:50.853,0.64824,0.64844,1.37,1.00
2016.04.05 12:31:51.004,0.64822,0.64845,1.37,2.25
2016.04.05 12:31:51.055,0.64822,0.64845,1.00,2.62
2016.04.05 12:31:51.232,0.6482,0.64845,1.00,2.62
2016.04.05 12:31:52.118,0.6482,0.64843,1.37,1.87
2016.04.05 12:31:52.449,0.64821,0.6484,1.00,1.00
2016.04.05 12:31:53.155,0.6482,0.6484,1.00,1.00
2016.04.05 12:31:53.423,0.64818,0.6484,1.00,1.50
2016.04.05 12:31:53.474,0.64818,0.6484,1.00,2.25
2016.04.05 12:31:54.056,0.64817,0.64838,1.00,1.37
2016.04.05 12:31:54.766,0.64817,0.6484,1.00,2.25
2016.04.05 12:31:55.018,0.64817,0.64839,1.00,1.12
2016.04.05 12:31:55.522,0.64818,0.64839,1.00,1.12
2016.04.05 12:31:55.852,0.64818,0.6484,1.37,1.75
2016.04.05 12:31:56.472,0.64814,0.64839,1.87,1.75
2016.04.05 12:31:58.002,0.64814,0.6484,1.87,1.87
2016.04.05 12:32:00.222,0.64812,0.64837,1.87,1.00
2016.04.05 12:32:00.771,0.64812,0.64838,1.87,1.87
2016.04.05 12:32:01.174,0.64813,0.64837,1.12,2.25
2016.04.05 12:32:01.824,0.64813,0.64837,1.12,1.87
2016.04.05 12:32:05.465,0.64812,0.64837,1.87,1.37
2016.04.05 12:32:05.988,0.64812,0.64838,1.37,1.50
2016.04.05 12:32:06.285,0.6481,0.64835,1.37,1.37
2016.04.05 12:32:06.541,0.64806,0.64831,1.37,1.00
2016.04.05 12:32:06.592,0.64806,0.64828,1.00,1.00
2016.04.05 12:32:06.693,0.64806,0.6483,1.00,1.00
2016.04.05 12:32:07.183,0.64806,0.64832,1.00,1.00
2016.04.05 12:32:07.690,0.64806,0.6483,1.00,1.00
2016.04.05 12:32:08.005,0.64806,0.64828,1.00,1.12
2016.04.05 12:32:08.656,0.64805,0.64831,1.00,1.75
2016.04.05 12:32:09.309,0.64804,0.64831,1.50,1.75
2016.04.05 12:32:10.793,0.64806,0.64831,1.12,1.75
2016.04.05 12:32:11.300,0.64806,0.64832,1.00,1.75
2016.04.05 12:32:11.902,0.64808,0.64832,1.00,1.75
2016.04.05 12:32:12.429,0.64809,0.64834,1.00,1.75
2016.04.05 12:32:13.516,0.64811,0.64836,1.00,1.50
2016.04.05 12:32:13.668,0.64813,0.64836,1.00,1.00
2016.04.05 12:32:14.213,0.64812,0.64836,1.00,1.50
2016.04.05 12:32:14.314,0.6481,0.64836,1.50,1.87
2016.04.05 12:32:14.901,0.64811,0.64836,1.00,1.87
2016.04.05 12:32:16.043,0.6481,0.64834,1.00,1.00
2016.04.05 12:32:16.243,0.64808,0.64834,1.50,1.00
2016.04.05 12:32:16.294,0.64807,0.64832,1.00,1.00
2016.04.05 12:32:16.882,0.64807,0.64831,1.00,1.00
2016.04.05 12:32:17.745,0.64807,0.64831,1.00,1.50
2016.04.05 12:32:18.944,0.64809,0.64835,1.00,1.87
2016.04.05 12:32:19.247,0.64811,0.64835,1.37,1.87
2016.04.05 12:32:20.526,0.6481,0.64834,1.87,1.00
2016.04.05 12:32:21.742,0.64809,0.64834,1.87,1.37
2016.04.05 12:32:25.713,0.6481,0.64834,1.00,1.87
2016.04.05 12:32:26.864,0.64809,0.64834,2.62,1.12
2016.04.05 12:32:28.316,0.64807,0.64831,1.37,1.12
2016.04.05 12:32:28.367,0.64806,0.64828,1.00,1.12
2016.04.05 12:32:29.100,0.64805,0.64827,1.00,1.50
2016.04.05 12:32:29.719,0.64803,0.64827,1.37,1.50
2016.04.05 12:32:30.471,0.64802,0.64826,1.00,1.87
2016.04.05 12:32:30.996,0.64795,0.64821,1.72,1.50
2016.04.05 12:32:31.047,0.64794,0.64819,1.37,1.12
2016.04.05 12:32:31.649,0.64796,0.64819,1.00,1.12
2016.04.05 12:32:32.398,0.64797,0.64821,1.37,1.12
2016.04.05 12:32:33.212,0.64799,0.64821,1.00,1.12
2016.04.05 12:32:34.536,0.64797,0.64821,1.37,1.00
2016.04.05 12:32:38.973,0.64795,0.64821,1.87,1.50
2016.04.05 12:32:39.300,0.64802,0.64822,1.00,1.37
2016.04.05 12:32:39.350,0.64802,0.64822,1.00,1.00
2016.04.05 12:32:39.837,0.64799,0.64823,1.12,1.12
2016.04.05 12:32:39.890,0.64799,0.64823,1.00,1.37
2016.04.05 12:32:39.941,0.64797,0.64823,1.00,1.87
2016.04.05 12:32:40.244,0.64796,0.64822,1.87,1.37
2016.04.05 12:32:40.777,0.64801,0.64823,1.00,1.37
2016.04.05 12:32:42.111,0.64802,0.64826,1.00,1.87
2016.04.05 12:32:42.958,0.64802,0.64826,1.87,1.37
2016.04.05 12:32:43.911,0.64803,0.64829,1.00,1.87
2016.04.05 12:32:44.471,0.64803,0.64829,1.37,1.37
2016.04.05 12:32:46.068,0.64805,0.64829,1.37,1.50
2016.04.05 12:32:47.737,0.64805,0.64829,1.87,1.00
2016.04.05 12:32:50.003,0.64807,0.64829,1.37,1.00
2016.04.05 12:32:50.748,0.64807,0.64831,1.37,1.12
2016.04.05 12:32:52.552,0.64809,0.64835,1.87,1.50
2016.04.05 12:32:54.105,0.64809,0.64835,1.00,1.50
2016.04.05 12:32:54.647,0.64807,0.64833,1.37,1.75
2016.04.05 12:32:54.899,0.64811,0.64835,1.00,1.37
2016.04.05 12:32:55.208,0.6481,0.64832,1.00,1.37
2016.04.05 12:32:55.493,0.6481,0.64836,1.00,2.10
2016.04.05 12:32:56.008,0.64809,0.64834,1.12,1.37
2016.04.05 12:32:56.423,0.64811,0.64835,1.00,1.37
2016.04.05 12:32:56.532,0.64809,0.64835,1.12,1.37
2016.04.05 12:32:57.374,0.6481,0.6483,1.00,1.37
2016.04.05 12:32:57.840,0.64808,0.6483,1.00,1.37
2016.04.05 12:32:58.965,0.64807,0.6483,1.00,1.37
2016.04.05 12:33:00.739,0.64805,0.6483,1.12,1.37
2016.04.05 12:33:00.790,0.64805,0.6483,1.00,1.50
2016.04.05 12:33:01.124,0.64808,0.64828,1.00,1.37
2016.04.05 12:33:01.224,0.64808,0.64831,1.00,1.37
2016.04.05 12:33:01.787,0.64808,0.64831,1.00,1.37
2016.04.05 12:33:02.724,0.64811,0.64832,1.00,1.37
2016.04.05 12:33:02.959,0.64812,0.64835,1.00,1.87
2016.04.05 12:33:03.475,0.64811,0.64835,1.00,1.87
2016.04.05 12:33:04.440,0.64811,0.64833,1.00,1.37
2016.04.05 12:33:04.493,0.64808,0.64833,1.00,1.37
2016.04.05 12:33:04.678,0.6481,0.64833,1.00,1.37
2016.04.05 12:33:05.458,0.64806,0.64831,1.50,1.50
2016.04.05 12:33:05.881,0.64808,0.64831,1.00,1.37
2016.04.05 12:33:06.014,0.64806,0.64831,1.50,1.50
2016.04.05 12:33:06.216,0.64809,0.64831,1.00,2.62
2016.04.05 12:33:06.855,0.64806,0.64831,1.00,1.87
2016.04.05 12:33:07.080,0.64808,0.64831,1.00,1.75
2016.04.05 12:33:07.434,0.64806,0.64831,1.00,2.62
2016.04.05 12:33:07.636,0.64808,0.64829,1.00,1.12
2016.04.05 12:33:08.607,0.64807,0.6483,1.00,1.37
2016.04.05 12:33:08.931,0.64809,0.6483,1.00,1.37
2016.04.05 12:33:09.495,0.64807,0.6483,1.00,1.37
2016.04.05 12:33:10.181,0.64805,0.6483,1.87,1.37
2016.04.05 12:33:10.343,0.64807,0.64834,1.00,2.85
2016.04.05 12:33:10.444,0.64807,0.64834,1.37,2.25
2016.04.05 12:33:10.994,0.64809,0.64834,1.00,1.50
2016.04.05 12:33:11.496,0.64809,0.64831,1.00,1.37
2016.04.05 12:33:12.281,0.64807,0.64831,1.37,1.37
2016.04.05 12:33:14.204,0.64808,0.64833,1.12,1.37
2016.04.05 12:33:14.471,0.6481,0.64833,1.00,1.37
2016.04.05 12:33:15.156,0.64809,0.64834,1.00,1.37
2016.04.05 12:33:16.307,0.64808,0.64833,1.12,1.37
2016.04.05 12:33:16.694,0.6481,0.64833,1.00,1.75
2016.04.05 12:33:16.795,0.64805,0.6483,1.37,1.00
2016.04.05 12:33:16.846,0.64805,0.6483,1.00,1.37
2016.04.05 12:33:17.161,0.64807,0.6483,1.00,1.37
2016.04.05 12:33:18.741,0.64808,0.6483,1.00,1.37
2016.04.05 12:33:19.101,0.64806,0.6483,1.00,1.37
2016.04.05 12:33:19.331,0.64808,0.6483,1.00,1.37
2016.04.05 12:33:19.783,0.64808,0.6483,1.12,1.37
2016.04.05 12:33:19.841,0.6481,0.6483,1.00,1.37
2016.04.05 12:33:20.510,0.64809,0.64831,1.00,1.37
2016.04.05 12:33:23.370,0.6481,0.64831,1.00,1.12
2016.04.05 12:33:24.284,0.64811,0.64831,1.00,1.12
2016.04.05 12:33:24.881,0.6481,0.64831,1.00,1.12
2016.04.05 12:33:26.685,0.64812,0.64835,1.00,1.87
2016.04.05 12:33:27.351,0.6481,0.64834,1.00,1.37
2016.04.05 12:33:27.980,0.6481,0.64834,1.12,1.37
2016.04.05 12:33:31.152,0.64813,0.64837,1.00,1.87
2016.04.05 12:33:31.203,0.64813,0.64837,1.12,1.87
2016.04.05 12:33:32.873,0.64813,0.64839,1.37,1.00
2016.04.05 12:33:33.176,0.64814,0.64836,1.37,1.00
2016.04.05 12:33:35.923,0.64814,0.6484,1.37,1.12
2016.04.05 12:33:37.880,0.64817,0.64841,1.00,1.37
2016.04.05 12:33:38.462,0.64818,0.64842,1.00,1.37
2016.04.05 12:33:38.563,0.64816,0.64842,1.12,1.37
2016.04.05 12:33:39.121,0.64817,0.64843,1.00,2.62
2016.04.05 12:33:39.767,0.64818,0.64843,1.00,1.37
2016.04.05 12:33:40.922,0.64818,0.64844,1.37,1.37
2016.04.05 12:33:46.742,0.64818,0.64842,1.00,1.37
2016.04.05 12:33:47.387,0.64816,0.64842,1.37,1.37
2016.04.05 12:33:49.987,0.64818,0.64843,1.00,1.37
2016.04.05 12:33:50.518,0.64819,0.64842,1.00,1.37
2016.04.05 12:33:51.054,0.64818,0.64842,1.00,1.37
2016.04.05 12:33:51.590,0.64817,0.64843,1.12,1.87
2016.04.05 12:33:52.243,0.64819,0.64842,1.00,1.37
2016.04.05 12:33:52.576,0.64821,0.64842,1.00,1.37
2016.04.05 12:33:52.627,0.64821,0.64845,1.00,1.87
2016.04.05 12:33:53.177,0.64822,0.64846,1.00,1.87
2016.04.05 12:33:53.292,0.6482,0.64844,1.00,1.37
2016.04.05 12:33:55.557,0.64821,0.64847,1.00,1.50
2016.04.05 12:33:58.545,0.64821,0.64847,1.37,1.50
2016.04.05 12:33:58.965,0.64829,0.64845,1.00,1.00
2016.04.05 12:33:59.016,0.6483,0.64854,1.00,1.37
2016.04.05 12:33:59.067,0.6483,0.64854,1.00,1.37
2016.04.05 12:33:59.629,0.64828,0.64852,1.37,1.00
2016.04.05 12:34:01.560,0.64826,0.64852,1.37,1.37
2016.04.05 12:34:02.003,0.64827,0.64851,1.00,1.37
2016.04.05 12:34:03.967,0.64825,0.64849,1.37,1.12
2016.04.05 12:34:04.418,0.64823,0.64847,1.37,1.00
2016.04.05 12:34:04.468,0.64823,0.64847,1.00,1.37
2016.04.05 12:34:04.955,0.64819,0.64844,2.25,1.00
2016.04.05 12:34:05.259,0.64819,0.64845,1.87,1.37
2016.04.05 12:34:07.078,0.64819,0.64843,1.00,1.37
2016.04.05 12:34:07.392,0.64817,0.64842,1.12,1.37
2016.04.05 12:34:08.085,0.64817,0.64843,1.87,1.87
2016.04.05 12:34:08.534,0.64817,0.64843,1.00,1.87
2016.04.05 12:34:09.934,0.64816,0.6484,1.12,1.12
2016.04.05 12:34:10.238,0.64815,0.64841,1.50,1.75
2016.04.05 12:34:10.540,0.64818,0.64842,1.12,1.37
2016.04.05 12:34:11.228,0.64818,0.64842,1.00,1.87
2016.04.05 12:34:11.329,0.64818,0.64842,1.12,1.87
2016.04.05 12:34:12.259,0.64819,0.64842,1.37,1.00
2016.04.05 12:34:12.793,0.6482,0.64844,1.37,1.37
2016.04.05 12:34:20.010,0.64822,0.64845,1.00,1.87
2016.04.05 12:34:20.161,0.64822,0.64846,1.37,1.00
2016.04.05 12:34:20.676,0.64825,0.64846,1.87,1.00
2016.04.05 12:34:20.727,0.64825,0.64848,1.87,1.00
2016.04.05 12:34:21.274,0.64825,0.64848,1.37,1.00
2016.04.05 12:34:21.375,0.64824,0.64847,1.37,1.00
2016.04.05 12:34:21.852,0.64824,0.64844,1.37,1.00
2016.04.05 12:34:22.004,0.64824,0.64849,1.37,1.87
2016.04.05 12:34:22.105,0.64824,0.64845,1.37,1.00
2016.04.05 12:34:22.916,0.64825,0.64846,1.12,1.00
2016.04.05 12:34:24.073,0.64824,0.64847,1.00,1.37
2016.04.05 12:34:24.600,0.64825,0.64845,1.00,1.00
2016.04.05 12:34:25.222,0.64825,0.64844,1.00,1.50
2016.04.05 12:34:25.770,0.64821,0.64844,1.87,1.50
2016.04.05 12:34:25.821,0.64825,0.64844,1.00,1.50
2016.04.05 12:34:25.922,0.64821,0.64844,1.87,1.50
2016.04.05 12:34:26.528,0.64821,0.64842,1.37,1.00
2016.04.05 12:34:27.164,0.64821,0.64841,1.37,1.00
2016.04.05 12:34:27.682,0.6482,0.64842,1.37,1.00
2016.04.05 12:34:28.755,0.64819,0.64842,1.37,1.12
2016.04.05 12:34:28.856,0.6482,0.64842,1.87,1.00
2016.04.05 12:34:28.958,0.6482,0.64845,1.37,1.87
2016.04.05 12:34:29.934,0.64821,0.64844,1.37,1.00
2016.04.05 12:34:30.789,0.64823,0.64844,1.37,1.00
2016.04.05 12:34:31.366,0.64822,0.64845,1.37,1.50
2016.04.05 12:34:31.980,0.64822,0.64844,1.37,1.00
2016.04.05 12:34:33.161,0.64822,0.64846,1.37,1.00
2016.04.05 12:34:34.762,0.64821,0.64845,1.37,1.00
2016.04.05 12:34:35.448,0.64821,0.64846,1.37,1.87
2016.04.05 12:34:36.681,0.64821,0.64846,1.37,2.25
2016.04.05 12:34:37.863,0.64821,0.64844,1.37,1.00
2016.04.05 12:34:38.470,0.6482,0.64843,2.25,1.00
2016.04.05 12:34:39.202,0.6482,0.64843,1.12,1.12
2016.04.05 12:34:39.692,0.64819,0.64843,1.37,1.50
2016.04.05 12:34:39.995,0.64814,0.64837,1.37,1.12
2016.04.05 12:34:41.610,0.64817,0.64841,1.37,1.50
2016.04.05 12:34:42.125,0.6482,0.64843,1.37,1.00
2016.04.05 12:34:43.014,0.6482,0.64844,3.00,1.00
2016.04.05 12:34:44.009,0.64822,0.64846,1.37,1.00
2016.04.05 12:34:44.540,0.64823,0.64848,1.37,1.12
2016.04.05 12:34:44.671,0.64824,0.64846,1.37,1.00
2016.04.05 12:34:47.097,0.64823,0.64846,1.37,1.00
2016.04.05 12:34:47.450,0.64828,0.64853,1.00,1.37
2016.04.05 12:34:47.601,0.64828,0.64853,1.37,1.00
2016.04.05 12:34:50.084,0.6483,0.64851,1.12,1.00
2016.04.05 12:34:50.677,0.64831,0.64851,1.00,1.00
2016.04.05 12:34:52.269,0.6483,0.64852,1.00,1.37
2016.04.05 12:34:53.432,0.6483,0.64854,1.87,1.37
2016.04.05 12:34:57.490,0.64828,0.64854,1.37,1.75
2016.04.05 12:34:57.541,0.64828,0.64851,1.37,1.00
2016.04.05 12:34:57.642,0.64826,0.64851,1.00,1.50
2016.04.05 12:34:58.016,0.64828,0.64851,1.00,1.50
2016.04.05 12:34:58.221,0.64829,0.64852,1.37,1.37
2016.04.05 12:34:58.743,0.64831,0.64854,1.00,1.37
2016.04.05 12:34:59.044,0.64831,0.64857,1.87,1.87
2016.04.05 12:34:59.600,0.64831,0.64854,1.00,1.37
2016.04.05 12:35:01.508,0.6483,0.64854,1.12,1.37
2016.04.05 12:35:02.050,0.64831,0.64851,1.00,1.37
2016.04.05 12:35:02.248,0.64829,0.64855,1.37,1.50
2016.04.05 12:35:03.968,0.64829,0.64852,1.50,1.37
2016.04.05 12:35:04.478,0.6483,0.64855,1.50,1.50
2016.04.05 12:35:05.045,0.64834,0.64855,1.00,1.37
2016.04.05 12:35:05.096,0.64834,0.64857,1.12,1.12
2016.04.05 12:35:05.259,0.64834,0.64855,1.12,1.00
2016.04.05 12:35:05.562,0.64834,0.64853,1.00,1.00
2016.04.05 12:35:05.961,0.64834,0.64856,1.37,1.12
2016.04.05 12:35:06.355,0.64833,0.64856,1.00,1.87
2016.04.05 12:35:07.088,0.64833,0.64854,1.00,1.00
2016.04.05 12:35:08.221,0.64833,0.64852,1.00,1.00
2016.04.05 12:35:08.949,0.64833,0.64853,1.00,1.00
2016.04.05 12:35:09.000,0.6483,0.64853,1.37,1.00
2016.04.05 12:35:09.654,0.6483,0.64854,1.87,1.00
2016.04.05 12:35:10.166,0.6483,0.64855,1.37,2.62
2016.04.05 12:35:10.690,0.6483,0.64854,1.37,1.00
2016.04.05 12:35:12.081,0.64829,0.64854,1.00,1.37
2016.04.05 12:35:12.671,0.6483,0.64854,1.00,1.37
2016.04.05 12:35:15.683,0.64832,0.64856,1.12,1.87
2016.04.05 12:35:15.987,0.64832,0.64856,1.87,1.12
2016.04.05 12:35:17.178,0.64833,0.64856,1.37,1.37
2016.04.05 12:35:18.246,0.64833,0.64856,1.37,1.00
2016.04.05 12:35:20.525,0.64838,0.64859,1.00,1.37
2016.04.05 12:35:20.583,0.64838,0.64862,1.37,1.12
2016.04.05 12:35:20.835,0.64842,0.64863,1.00,1.37
2016.04.05 12:35:21.147,0.64837,0.64863,1.37,2.25
2016.04.05 12:35:21.248,0.64837,0.64862,1.00,1.87
2016.04.05 12:35:21.477,0.64839,0.64861,1.00,1.37
2016.04.05 12:35:21.799,0.64839,0.64861,1.12,1.00
2016.04.05 12:35:21.850,0.64839,0.64863,1.12,1.12
2016.04.05 12:35:21.976,0.64839,0.64861,1.12,1.00
2016.04.05 12:35:22.298,0.64843,0.64865,1.12,1.50
2016.04.05 12:35:31.125,0.64841,0.64865,1.00,1.37
2016.04.05 12:35:31.735,0.6484,0.64866,1.87,3.00
2016.04.05 12:35:35.005,0.64842,0.64863,1.00,1.12
2016.04.05 12:35:35.106,0.6484,0.64863,1.12,1.12
2016.04.05 12:35:35.768,0.6484,0.64866,1.87,1.50
2016.04.05 12:35:36.675,0.6484,0.64865,1.37,1.00
2016.04.05 12:35:36.877,0.6484,0.64865,1.12,1.37
2016.04.05 12:35:38.152,0.64839,0.64863,1.37,1.00
2016.04.05 12:35:38.354,0.6484,0.6486,1.12,1.00
2016.04.05 12:35:38.728,0.64836,0.6486,1.37,1.50
2016.04.05 12:35:39.961,0.64835,0.6486,1.87,1.37
2016.04.05 12:35:41.045,0.64835,0.64857,1.12,1.12
2016.04.05 12:35:41.606,0.64834,0.64859,1.37,1.37
2016.04.05 12:35:42.586,0.64834,0.64855,1.00,1.50
2016.04.05 12:35:42.742,0.64831,0.64855,1.12,2.25
2016.04.05 12:35:43.677,0.64832,0.64857,1.00,1.87
2016.04.05 12:35:43.879,0.64833,0.64856,1.00,1.00
2016.04.05 12:35:44.385,0.64832,0.64858,1.12,1.37
2016.04.05 12:35:44.865,0.64834,0.64858,1.37,1.12
2016.04.05 12:35:46.770,0.64833,0.64857,1.12,1.37
2016.04.05 12:35:47.139,0.64833,0.64856,1.00,1.87
2016.04.05 12:35:48.007,0.64831,0.64856,1.00,2.62
2016.04.05 12:35:48.523,0.6483,0.64853,1.12,1.12
2016.04.05 12:35:55.489,0.64829,0.64852,1.37,1.00
2016.04.05 12:35:56.744,0.64829,0.64853,1.37,1.12
2016.04.05 12:35:57.494,0.64829,0.64852,1.37,1.00
2016.04.05 12:35:58.141,0.64828,0.64852,1.50,1.37
2016.04.05 12:35:58.242,0.64828,0.64852,2.25,1.00
2016.04.05 12:35:59.901,0.64829,0.64854,1.37,1.37
2016.04.05 12:36:00.210,0.64835,0.64857,1.37,1.00
2016.04.05 12:36:00.577,0.64836,0.64859,1.37,1.12
2016.04.05 12:36:01.054,0.64836,0.64858,1.37,1.00
2016.04.05 12:36:01.776,0.64838,0.6486,1.37,1.00
2016.04.05 12:36:02.308,0.64838,0.64861,1.37,1.00
2016.04.05 12:36:02.637,0.64838,0.64859,1.37,1.00
2016.04.05 12:36:02.788,0.64837,0.64862,1.37,1.12
2016.04.05 12:36:03.316,0.64836,0.64862,1.87,1.87
2016.04.05 12:36:03.966,0.64837,0.64862,1.37,1.12
2016.04.05 12:36:04.067,0.64837,0.6486,1.00,1.37
2016.04.05 12:36:04.370,0.64834,0.64857,1.37,1.00
2016.04.05 12:36:04.521,0.64836,0.64861,1.12,1.87
2016.04.05 12:36:09.979,0.64836,0.64861,1.37,1.12
2016.04.05 12:36:11.762,0.64838,0.64863,1.37,1.37
2016.04.05 12:36:12.736,0.64838,0.64861,1.37,1.00
2016.04.05 12:36:13.286,0.64836,0.64861,2.62,1.37
2016.04.05 12:36:14.741,0.64835,0.64859,1.37,1.00
2016.04.05 12:36:14.943,0.64833,0.64857,1.37,1.37
2016.04.05 12:36:15.492,0.64835,0.64858,1.00,1.37
2016.04.05 12:36:16.013,0.64834,0.64858,1.12,1.37
2016.04.05 12:36:16.305,0.64834,0.64858,1.37,1.12
2016.04.05 12:36:27.016,0.64833,0.64858,1.37,1.50
2016.04.05 12:36:27.168,0.64832,0.64856,1.00,1.87
2016.04.05 12:36:27.684,0.6483,0.64856,1.87,2.25
2016.04.05 12:36:28.460,0.6483,0.64854,1.37,1.00
2016.04.05 12:36:29.880,0.64831,0.64855,1.12,1.00
2016.04.05 12:36:30.155,0.64833,0.64857,1.00,1.50
2016.04.05 12:36:31.124,0.64834,0.64858,1.00,1.37
2016.04.05 12:36:32.227,0.64833,0.64857,1.00,1.87
2016.04.05 12:36:32.531,0.64835,0.64856,1.00,1.00
2016.04.05 12:36:33.123,0.64834,0.64856,1.00,1.37
2016.04.05 12:36:33.345,0.64832,0.64856,1.12,1.37
2016.04.05 12:36:34.583,0.64834,0.64858,1.00,1.75
2016.04.05 12:36:34.735,0.64835,0.6486,1.37,1.12
2016.04.05 12:36:41.935,0.64837,0.64861,1.37,1.00
2016.04.05 12:36:42.171,0.64839,0.64865,1.87,1.37
2016.04.05 12:36:42.753,0.64841,0.64865,1.00,1.37
2016.04.05 12:36:42.804,0.64841,0.64865,1.37,1.00
2016.04.05 12:36:43.405,0.64841,0.64866,1.37,1.50
2016.04.05 12:36:43.953,0.64841,0.64865,1.37,1.50
2016.04.05 12:36:49.716,0.6484,0.64866,2.62,1.50
2016.04.05 12:36:50.252,0.6484,0.64865,1.37,1.00
2016.04.05 12:36:53.024,0.64843,0.64866,1.12,1.00
2016.04.05 12:36:53.625,0.64843,0.64867,1.12,1.12
2016.04.05 12:36:54.475,0.64845,0.6487,1.00,1.87
2016.04.05 12:36:55.216,0.64846,0.6487,1.00,1.50
2016.04.05 12:36:55.367,0.64846,0.6487,1.12,1.12
2016.04.05 12:36:55.468,0.64845,0.64869,1.00,1.37
2016.04.05 12:36:56.286,0.64844,0.64868,1.37,1.12
2016.04.05 12:36:58.537,0.64843,0.64867,1.37,1.00
2016.04.05 12:36:59.836,0.64845,0.64871,1.37,2.25
2016.04.05 12:37:00.480,0.64847,0.6487,1.00,1.37
2016.04.05 12:37:00.581,0.64847,0.64868,1.00,1.67
2016.04.05 12:37:00.885,0.64839,0.64861,1.00,1.37
2016.04.05 12:37:00.936,0.64839,0.64856,1.00,1.00
2016.04.05 12:37:00.986,0.64836,0.64856,1.12,1.00
2016.04.05 12:37:01.037,0.64836,0.64859,1.12,1.12
2016.04.05 12:37:01.511,0.64834,0.64858,1.87,1.37
2016.04.05 12:37:01.830,0.64835,0.64858,1.37,1.12
2016.04.05 12:37:04.699,0.6483,0.64852,1.00,1.37
2016.04.05 12:37:04.901,0.64828,0.64852,1.50,1.87
2016.04.05 12:37:08.186,0.64828,0.64851,1.12,1.12
2016.04.05 12:37:08.638,0.64824,0.6485,1.87,1.37
2016.04.05 12:37:11.315,0.64824,0.64848,1.37,1.00
2016.04.05 12:37:14.135,0.64824,0.6485,1.37,1.87
2016.04.05 12:37:14.671,0.64826,0.6485,1.00,1.87
2016.04.05 12:37:15.245,0.64833,0.64853,1.00,1.37
2016.04.05 12:37:15.296,0.64833,0.64853,1.00,1.37
2016.04.05 12:37:15.347,0.64835,0.64857,1.00,1.37
2016.04.05 12:37:15.449,0.64835,0.64861,1.00,1.50
2016.04.05 12:37:15.954,0.64836,0.64861,1.00,1.37
2016.04.05 12:37:16.392,0.64834,0.64858,1.12,1.12
2016.04.05 12:37:16.543,0.64833,0.64858,1.00,1.37
2016.04.05 12:37:17.076,0.64832,0.64855,1.00,1.12
2016.04.05 12:37:17.378,0.64834,0.64858,1.00,1.37
2016.04.05 12:37:17.854,0.64836,0.64858,1.00,1.37
2016.04.05 12:37:18.057,0.64837,0.64861,1.00,1.37
2016.04.05 12:37:18.108,0.64839,0.64861,1.00,1.37
2016.04.05 12:37:18.259,0.64839,0.64864,1.00,1.87
2016.04.05 12:37:18.360,0.64842,0.64864,1.00,1.87
2016.04.05 12:37:18.881,0.64839,0.64864,1.00,1.87
2016.04.05 12:37:19.526,0.64837,0.64864,1.37,1.87
2016.04.05 12:37:19.783,0.6484,0.64864,1.00,1.37
2016.04.05 12:37:19.965,0.64837,0.64864,1.37,1.37
2016.04.05 12:37:20.730,0.64838,0.64865,1.37,1.37
2016.04.05 12:37:20.781,0.64843,0.64866,1.00,1.75
2016.04.05 12:37:20.985,0.64838,0.64864,1.00,1.37
2016.04.05 12:37:23.115,0.64837,0.64863,1.87,1.37
2016.04.05 12:37:23.629,0.6484,0.64863,1.00,1.37
2016.04.05 12:37:23.680,0.6484,0.64863,1.12,1.12
2016.04.05 12:37:24.060,0.64842,0.64866,1.00,1.37
2016.04.05 12:37:24.393,0.64839,0.64866,1.37,1.37
2016.04.05 12:37:25.365,0.64842,0.64865,1.00,1.37
2016.04.05 12:37:25.617,0.6484,0.64865,1.87,1.37
2016.04.05 12:37:26.607,0.64843,0.64864,1.00,1.37
2016.04.05 12:37:26.708,0.64841,0.64866,1.37,1.12
2016.04.05 12:37:30.114,0.64841,0.64865,1.37,1.00
2016.04.05 12:37:30.436,0.64841,0.64865,1.00,1.37
2016.04.05 12:37:30.726,0.64839,0.64865,1.87,1.87
2016.04.05 12:37:31.625,0.64841,0.64865,1.00,1.37
2016.04.05 12:37:32.158,0.64842,0.64865,1.00,1.37
2016.04.05 12:37:32.663,0.64843,0.64865,1.00,1.87
2016.04.05 12:37:32.764,0.6484,0.64864,1.00,1.37
2016.04.05 12:37:33.055,0.64842,0.64864,1.00,1.37
2016.04.05 12:37:35.730,0.6484,0.64865,1.00,2.25
2016.04.05 12:37:36.033,0.64834,0.64862,1.37,2.05
2016.04.05 12:37:36.418,0.64832,0.64856,1.00,1.37
2016.04.05 12:37:37.372,0.6483,0.64856,1.37,2.10
2016.04.05 12:37:38.423,0.64833,0.64857,1.00,1.37
2016.04.05 12:37:38.575,0.64836,0.64859,1.00,1.37
2016.04.05 12:37:38.777,0.64839,0.64864,1.00,1.97
2016.04.05 12:37:39.158,0.64835,0.64863,1.37,1.37
2016.04.05 12:37:39.209,0.64835,0.64859,1.37,1.00
2016.04.05 12:37:39.512,0.64833,0.64858,1.87,1.37
2016.04.05 12:37:41.236,0.64838,0.64858,1.00,1.37
2016.04.05 12:37:43.179,0.64836,0.64862,1.00,2.47
2016.04.05 12:37:43.280,0.64836,0.64862,1.12,2.47
2016.04.05 12:37:43.985,0.64833,0.6486,1.00,1.37
2016.04.05 12:37:44.299,0.64836,0.6486,1.00,1.37
2016.04.05 12:37:46.498,0.64837,0.64861,1.37,1.00
2016.04.05 12:37:46.548,0.64838,0.64863,1.37,1.30
2016.04.05 12:37:46.700,0.64841,0.64863,1.00,1.30
2016.04.05 12:37:48.143,0.64843,0.64866,1.00,1.37
2016.04.05 12:37:48.244,0.64841,0.64866,1.00,1.37
2016.04.05 12:37:48.746,0.64842,0.64866,1.00,1.37
2016.04.05 12:37:49.290,0.6484,0.64866,1.00,1.50
2016.04.05 12:37:51.319,0.64839,0.64866,1.12,2.25
2016.04.05 12:37:54.117,0.64837,0.64865,1.50,1.37
2016.04.05 12:37:54.419,0.6484,0.64864,1.00,1.37
2016.04.05 12:37:54.520,0.6484,0.64866,1.87,1.87
2016.04.05 12:37:55.121,0.64841,0.64866,1.00,1.37
2016.04.05 12:37:55.172,0.64843,0.64866,1.12,1.00
2016.04.05 12:37:55.627,0.64841,0.64868,1.12,1.37
2016.04.05 12:37:55.961,0.64843,0.64869,1.00,1.37
2016.04.05 12:37:59.733,0.64842,0.64866,1.50,1.37
2016.04.05 12:38:01.565,0.64841,0.64866,1.12,1.37
2016.04.05 12:38:06.981,0.64839,0.64862,1.37,1.00
2016.04.05 12:38:07.283,0.64838,0.64859,1.00,1.12
2016.04.05 12:38:09.389,0.6484,0.64862,1.00,1.37
2016.04.05 12:38:09.642,0.64837,0.64862,1.12,1.37
2016.04.05 12:38:15.316,0.64838,0.64864,1.00,1.87
2016.04.05 12:38:17.222,0.64837,0.64862,1.12,1.37
2016.04.05 12:38:22.626,0.64837,0.64861,1.00,1.50
2016.04.05 12:38:23.145,0.64836,0.64862,1.87,1.37
2016.04.05 12:38:23.944,0.64839,0.64861,1.00,1.37
2016.04.05 12:38:24.471,0.6484,0.64861,1.00,1.37
2016.04.05 12:38:24.985,0.64839,0.64864,1.50,1.37
2016.04.05 12:38:25.982,0.64839,0.64863,1.87,1.00
2016.04.05 12:38:26.525,0.64839,0.64864,1.37,1.12
2016.04.05 12:38:28.981,0.64839,0.64863,1.37,1.00
2016.04.05 12:38:29.190,0.64838,0.6486,1.12,1.00
2016.04.05 12:38:29.798,0.64838,0.64862,1.12,1.37
2016.04.05 12:38:31.443,0.64836,0.6486,1.37,1.00
2016.04.05 12:38:32.695,0.64838,0.64861,1.12,1.12
2016.04.05 12:38:34.903,0.64836,0.6486,1.87,1.12
2016.04.05 12:38:35.005,0.64835,0.64859,1.12,1.37
2016.04.05 12:38:36.021,0.64836,0.64858,1.00,1.12
2016.04.05 12:38:36.474,0.64838,0.64859,1.00,1.37
2016.04.05 12:38:36.990,0.64836,0.64862,1.50,1.87
2016.04.05 12:38:37.855,0.64835,0.64861,1.12,1.50
2016.04.05 12:38:38.436,0.64837,0.6486,1.00,1.37
2016.04.05 12:38:38.663,0.64835,0.6486,1.12,1.37
2016.04.05 12:38:40.871,0.64836,0.64861,1.00,2.62
2016.04.05 12:38:42.460,0.64836,0.64861,1.00,1.75
2016.04.05 12:38:42.975,0.64832,0.64854,1.00,1.37
2016.04.05 12:38:43.524,0.64831,0.64854,1.00,1.37
2016.04.05 12:38:43.827,0.64832,0.64857,1.00,1.37
2016.04.05 12:38:43.929,0.64835,0.64856,1.00,1.00
2016.04.05 12:38:44.030,0.64835,0.64858,1.00,1.12
2016.04.05 12:38:44.220,0.64835,0.64859,1.37,1.00
2016.04.05 12:38:44.727,0.64838,0.6486,1.00,1.00
2016.04.05 12:38:45.114,0.64837,0.64858,1.12,1.00
2016.04.05 12:38:46.230,0.64833,0.64857,1.87,1.37
2016.04.05 12:38:46.431,0.64833,0.64856,1.00,1.50
2016.04.05 12:38:46.583,0.6483,0.64855,1.00,1.37
2016.04.05 12:38:47.229,0.64833,0.64856,1.12,1.00
2016.04.05 12:38:47.533,0.64834,0.64858,1.87,1.00
2016.04.05 12:38:48.873,0.64837,0.64862,1.00,1.50
2016.04.05 12:38:48.924,0.64837,0.64862,1.37,1.50
2016.04.05 12:38:49.758,0.64836,0.64859,1.37,1.00
2016.04.05 12:38:49.971,0.64836,0.64859,1.00,1.37
2016.04.05 12:38:50.623,0.64835,0.64859,1.12,1.37
2016.04.05 12:38:55.749,0.64836,0.64859,1.00,1.37
2016.04.05 12:38:56.683,0.64834,0.64858,1.37,1.12
2016.04.05 12:38:57.434,0.64833,0.64857,1.37,1.00
2016.04.05 12:39:00.001,0.64835,0.64859,1.12,1.37
2016.04.05 12:39:00.513,0.64836,0.6486,1.00,1.37
2016.04.05 12:39:00.766,0.64836,0.6486,1.37,1.00
2016.04.05 12:39:02.053,0.64837,0.64861,1.12,1.87
2016.04.05 12:39:04.955,0.64837,0.64861,1.00,1.87
2016.04.05 12:39:05.886,0.64835,0.64861,2.62,1.37
2016.04.05 12:39:06.416,0.64836,0.64862,1.00,1.87
2016.04.05 12:39:06.919,0.64835,0.6486,1.87,1.37
2016.04.05 12:39:07.020,0.64837,0.6486,1.00,1.37
2016.04.05 12:39:07.272,0.64838,0.64862,1.12,1.37
2016.04.05 12:39:07.322,0.6484,0.64862,1.00,1.37
2016.04.05 12:39:07.474,0.6484,0.64863,1.12,1.00
2016.04.05 12:39:08.105,0.6484,0.64865,1.12,2.25
2016.04.05 12:39:09.388,0.64841,0.64865,1.00,2.25
2016.04.05 12:39:11.122,0.64839,0.64864,1.00,1.37
2016.04.05 12:39:11.647,0.64838,0.64861,1.00,1.12
2016.04.05 12:39:12.131,0.6484,0.64861,1.00,1.12
2016.04.05 12:39:12.408,0.64838,0.64861,1.00,1.12
2016.04.05 12:39:18.185,0.64836,0.64862,1.87,1.87
2016.04.05 12:39:18.236,0.64839,0.64862,1.00,1.37
2016.04.05 12:39:18.722,0.64839,0.64865,1.37,1.50
2016.04.05 12:39:20.136,0.64843,0.64866,1.75,1.00
2016.04.05 12:39:20.338,0.64847,0.64871,1.87,1.00
2016.04.05 12:39:20.842,0.64849,0.64874,1.87,1.37
2016.04.05 12:39:21.227,0.64845,0.64871,2.62,1.75
2016.04.05 12:39:21.329,0.64845,0.64869,1.00,1.37
2016.04.05 12:39:24.199,0.64842,0.64868,1.12,1.87
2016.04.05 12:39:31.144,0.64844,0.64868,1.00,1.37
2016.04.05 12:39:31.676,0.64842,0.64866,1.12,1.12
2016.04.05 12:39:34.741,0.64841,0.64865,1.37,1.00
2016.04.05 12:39:35.741,0.64841,0.64867,1.37,1.87
2016.04.05 12:39:42.806,0.64844,0.64867,1.00,1.37
2016.04.05 12:39:43.311,0.6484,0.64866,1.50,1.12
2016.04.05 12:39:44.980,0.6484,0.64866,2.25,1.37
2016.04.05 12:39:46.427,0.64843,0.64868,1.00,1.87
2016.04.05 12:39:47.705,0.64844,0.64868,1.00,1.37
2016.04.05 12:39:47.907,0.64844,0.6487,1.12,1.87
2016.04.05 12:39:49.562,0.64844,0.6487,1.37,1.37
2016.04.05 12:39:51.195,0.64843,0.64869,1.37,1.37
2016.04.05 12:39:51.583,0.64847,0.6487,1.00,1.37
2016.04.05 12:39:51.795,0.64846,0.64872,1.37,1.37
2016.04.05 12:39:59.214,0.64845,0.64871,1.37,1.50
2016.04.05 12:39:59.264,0.64845,0.64867,1.37,1.00
2016.04.05 12:39:59.416,0.64843,0.64867,1.12,1.37
2016.04.05 12:39:59.567,0.64842,0.64864,1.37,1.00
2016.04.05 12:39:59.870,0.64843,0.64864,1.00,1.37
2016.04.05 12:40:00.613,0.64839,0.64862,1.00,1.87
2016.04.05 12:40:00.685,0.64842,0.64862,1.00,1.87
2016.04.05 12:40:00.923,0.64838,0.64862,1.00,1.87
2016.04.05 12:40:01.260,0.6484,0.64862,1.00,1.87
2016.04.05 12:40:01.313,0.6484,0.64862,1.00,1.87
2016.04.05 12:40:02.445,0.64839,0.64861,1.12,1.37
2016.04.05 12:40:03.771,0.6484,0.64861,1.00,1.87
2016.04.05 12:40:05.423,0.64839,0.64861,1.12,1.87
2016.04.05 12:40:07.052,0.64837,0.64862,1.00,1.87
2016.04.05 12:40:07.655,0.64837,0.6486,1.00,1.37
2016.04.05 12:40:07.706,0.64832,0.64858,1.12,1.37
2016.04.05 12:40:08.383,0.64833,0.64856,1.00,1.12
2016.04.05 12:40:10.348,0.64834,0.64858,1.00,1.87
2016.04.05 12:40:10.940,0.64835,0.64858,1.00,1.37
2016.04.05 12:40:10.991,0.64832,0.64858,1.12,1.37
2016.04.05 12:40:11.042,0.64835,0.64859,1.00,1.37
2016.04.05 12:40:11.292,0.64832,0.64858,1.12,1.37
2016.04.05 12:40:11.444,0.64833,0.64858,1.37,1.00
2016.04.05 12:40:11.748,0.64839,0.64861,1.12,1.00
2016.04.05 12:40:11.799,0.6484,0.64864,1.00,1.87
2016.04.05 12:40:12.394,0.64838,0.64862,1.37,1.00
2016.04.05 12:40:13.021,0.64832,0.64858,2.62,1.00
2016.04.05 12:40:13.078,0.64832,0.64858,1.37,1.37
2016.04.05 12:40:13.129,0.64833,0.64856,1.00,1.37
2016.04.05 12:40:13.532,0.64833,0.64859,1.37,1.37
2016.04.05 12:40:13.936,0.64835,0.64859,1.37,1.00
2016.04.05 12:40:13.997,0.64839,0.64862,1.00,1.37
2016.04.05 12:40:14.207,0.64836,0.64862,1.12,1.87
2016.04.05 12:40:14.402,0.64839,0.64862,1.00,1.87
2016.04.05 12:40:14.953,0.64837,0.64862,1.00,1.37
2016.04.05 12:40:15.155,0.64839,0.64862,1.00,1.37
2016.04.05 12:40:15.839,0.6484,0.64863,1.00,1.37
2016.04.05 12:40:15.895,0.64834,0.64859,1.00,1.87
2016.04.05 12:40:16.148,0.64834,0.6486,1.87,1.12
2016.04.05 12:40:18.985,0.64836,0.6486,1.00,1.87
2016.04.05 12:40:20.059,0.64833,0.64859,1.37,1.87
2016.04.05 12:40:25.293,0.64835,0.64859,1.00,1.37
2016.04.05 12:40:25.888,0.64836,0.6486,1.00,1.87
2016.04.05 12:40:26.667,0.64832,0.64857,1.37,1.12
2016.04.05 12:40:26.718,0.64832,0.64857,1.00,1.37
2016.04.05 12:40:27.021,0.64829,0.64853,1.00,1.37
2016.04.05 12:40:27.705,0.64831,0.64853,1.12,1.00
2016.04.05 12:40:28.322,0.6483,0.64856,1.37,1.87
2016.04.05 12:40:30.251,0.64831,0.64853,1.12,1.00
2016.04.05 12:40:30.627,0.6483,0.64853,1.00,1.37
2016.04.05 12:40:33.256,0.64829,0.64854,1.12,1.87
2016.04.05 12:40:33.816,0.6483,0.64854,1.00,1.87
2016.04.05 12:40:34.317,0.64831,0.64854,1.00,1.87
2016.04.05 12:40:35.005,0.6483,0.64854,1.00,1.37
2016.04.05 12:40:35.519,0.64831,0.64854,1.00,1.37
2016.04.05 12:40:36.105,0.6483,0.64854,1.50,1.37
2016.04.05 12:40:37.323,0.6483,0.64855,1.37,1.37
2016.04.05 12:40:38.223,0.64831,0.64854,1.00,1.37
2016.04.05 12:40:38.826,0.6483,0.64849,1.00,1.87
2016.04.05 12:40:38.877,0.64821,0.64845,1.00,1.37
2016.04.05 12:40:39.432,0.64819,0.64845,1.37,1.87
2016.04.05 12:40:40.170,0.6482,0.64843,1.37,1.00
2016.04.05 12:40:40.227,0.64823,0.64847,1.12,1.37
2016.04.05 12:40:40.429,0.64824,0.6485,1.37,1.87
2016.04.05 12:40:40.530,0.64823,0.64847,1.87,1.00
2016.04.05 12:40:42.724,0.64825,0.64851,1.12,1.87
2016.04.05 12:40:43.261,0.64827,0.64851,1.00,1.87
2016.04.05 12:40:44.697,0.64826,0.6485,1.00,1.37
2016.04.05 12:40:45.405,0.64824,0.6485,1.87,1.37
2016.04.05 12:40:45.760,0.64824,0.64849,1.12,1.37
2016.04.05 12:40:45.861,0.6482,0.64846,1.50,1.87
2016.04.05 12:40:46.137,0.64819,0.64843,1.00,1.37
2016.04.05 12:40:46.238,0.64816,0.64839,1.00,1.37
2016.04.05 12:40:46.797,0.64815,0.64839,1.00,1.37
2016.04.05 12:40:50.317,0.64813,0.64839,1.87,1.37
2016.04.05 12:40:51.005,0.64815,0.64839,1.00,1.37
2016.04.05 12:40:51.157,0.64813,0.64839,1.00,1.87
2016.04.05 12:40:51.465,0.64815,0.6484,1.00,1.37
2016.04.05 12:40:51.516,0.64813,0.64839,1.00,1.37
2016.04.05 12:40:51.567,0.64813,0.64839,1.12,1.37
2016.04.05 12:40:52.316,0.64814,0.64838,1.00,1.37
2016.04.05 12:40:52.518,0.64816,0.64838,1.00,1.37
2016.04.05 12:40:54.175,0.64814,0.6484,1.00,1.37
2016.04.05 12:40:55.176,0.64815,0.64841,1.00,1.87
2016.04.05 12:40:56.688,0.64817,0.64841,1.00,1.37
2016.04.05 12:40:57.266,0.64817,0.64843,1.37,1.87
2016.04.05 12:40:57.369,0.64819,0.64845,1.37,1.37
2016.04.05 12:40:57.869,0.64819,0.64844,1.00,1.37
2016.04.05 12:40:58.171,0.64814,0.6484,1.87,1.37
2016.04.05 12:40:58.880,0.64817,0.64841,1.00,1.37
2016.04.05 12:40:59.393,0.64816,0.64839,1.37,1.12
2016.04.05 12:41:01.885,0.64819,0.64845,1.37,1.37
2016.04.05 12:41:04.899,0.64819,0.64844,1.00,1.37
2016.04.05 12:41:05.235,0.64816,0.64839,1.37,1.00
2016.04.05 12:41:07.124,0.64816,0.64841,1.37,1.12
2016.04.05 12:41:09.911,0.64815,0.64844,1.12,3.75
2016.04.05 12:41:10.838,0.64818,0.64839,1.00,1.37
2016.04.05 12:41:10.888,0.64818,0.64843,1.00,1.37
2016.04.05 12:41:11.107,0.64818,0.64846,1.37,1.37
2016.04.05 12:41:11.715,0.64821,0.64846,1.00,1.37
2016.04.05 12:41:12.870,0.6482,0.64846,1.12,1.37
2016.04.05 12:41:13.172,0.64818,0.64841,1.00,1.37
2016.04.05 12:41:14.000,0.64818,0.64846,1.37,1.37
2016.04.05 12:41:16.236,0.6482,0.64847,2.62,1.37
2016.04.05 12:41:16.286,0.64825,0.6485,1.00,1.37
2016.04.05 12:41:16.337,0.64825,0.6485,1.12,1.37
2016.04.05 12:41:17.036,0.64826,0.64852,1.37,1.37
2016.04.05 12:41:22.332,0.6483,0.64859,1.87,1.87
2016.04.05 12:41:24.171,0.6483,0.64857,1.00,1.37
2016.04.05 12:41:24.845,0.64829,0.64854,1.12,1.37
2016.04.05 12:41:25.196,0.64829,0.64854,1.00,1.37
2016.04.05 12:41:26.925,0.6483,0.64854,1.00,1.37
2016.04.05 12:41:27.804,0.64828,0.64854,1.00,1.37
2016.04.05 12:41:27.954,0.64828,0.64854,1.12,1.37
2016.04.05 12:41:28.793,0.64831,0.64857,1.00,1.37
2016.04.05 12:41:29.544,0.64831,0.64857,1.12,1.37
2016.04.05 12:41:32.109,0.64833,0.64858,1.00,1.37
2016.04.05 12:41:32.862,0.64833,0.64858,1.37,1.37
2016.04.05 12:41:33.670,0.64834,0.64856,1.00,1.37
2016.04.05 12:41:33.771,0.64831,0.64855,1.00,1.37
2016.04.05 12:41:33.992,0.6483,0.64858,1.87,1.37
2016.04.05 12:41:35.723,0.64834,0.64858,1.00,1.37
2016.04.05 12:41:36.267,0.64832,0.64858,1.37,1.37
2016.04.05 12:41:40.127,0.64834,0.64858,1.00,1.37
2016.04.05 12:41:40.829,0.64833,0.64858,1.12,1.37
2016.04.05 12:41:41.910,0.64834,0.64858,1.00,1.37
2016.04.05 12:41:42.433,0.64832,0.64858,1.37,1.37
2016.04.05 12:41:42.775,0.64831,0.64856,1.00,1.37
2016.04.05 12:41:43.443,0.6483,0.64856,1.12,1.37
2016.04.05 12:41:45.438,0.64831,0.64856,1.00,1.37
2016.04.05 12:41:47.324,0.64831,0.64856,1.00,1.37
2016.04.05 12:41:47.526,0.64829,0.64853,1.50,1.37
2016.04.05 12:41:51.601,0.64831,0.64851,1.00,1.37
2016.04.05 12:41:57.116,0.64834,0.64851,1.00,1.37
2016.04.05 12:41:57.217,0.64834,0.64856,1.00,1.87
2016.04.05 12:41:57.318,0.64831,0.64856,1.00,1.87
2016.04.05 12:41:58.237,0.64831,0.64856,1.00,2.62
2016.04.05 12:41:58.288,0.64829,0.64856,1.00,2.62
2016.04.05 12:41:58.891,0.6483,0.64852,1.50,1.37
2016.04.05 12:41:58.942,0.64833,0.64852,1.00,1.37
2016.04.05 12:41:59.564,0.64833,0.64856,1.00,1.37
2016.04.05 12:41:59.816,0.64835,0.64856,1.00,1.37
2016.04.05 12:42:00.569,0.64834,0.64855,1.00,1.37
2016.04.05 12:42:01.011,0.64834,0.64855,1.00,1.37
2016.04.05 12:42:03.143,0.6483,0.64853,1.00,1.37
2016.04.05 12:42:03.347,0.64832,0.64853,1.00,1.37
2016.04.05 12:42:03.448,0.64826,0.6485,1.37,1.00
2016.04.05 12:42:03.499,0.64826,0.6485,1.00,1.37
2016.04.05 12:42:03.673,0.64824,0.64849,1.50,1.37
2016.04.05 12:42:04.833,0.64825,0.64849,1.00,1.37
2016.04.05 12:42:05.377,0.64824,0.64849,1.50,1.37
2016.04.05 12:42:06.523,0.64825,0.64849,1.00,1.37
2016.04.05 12:42:11.961,0.64826,0.64849,1.00,1.37
2016.04.05 12:42:12.204,0.64824,0.64849,1.12,1.37
2016.04.05 12:42:12.792,0.64825,0.64849,1.00,1.37
2016.04.05 12:42:13.404,0.64824,0.64849,1.87,1.37
2016.04.05 12:42:16.718,0.64825,0.64848,1.00,1.37
2016.04.05 12:42:17.627,0.64824,0.64848,1.12,1.37
2016.04.05 12:42:17.923,0.6483,0.64849,1.00,1.37
2016.04.05 12:42:18.155,0.6483,0.64852,1.00,1.37
2016.04.05 12:42:18.256,0.64834,0.64854,1.00,1.37
2016.04.05 12:42:18.408,0.64834,0.64854,1.00,1.37
2016.04.05 12:42:19.133,0.64833,0.64854,1.00,1.37
2016.04.05 12:42:20.870,0.64831,0.64854,1.00,1.37
2016.04.05 12:42:20.922,0.64831,0.64854,1.00,1.87
2016.04.05 12:42:20.973,0.64829,0.6485,1.00,1.37
2016.04.05 12:42:21.124,0.64826,0.64849,1.00,1.37
2016.04.05 12:42:21.654,0.64825,0.64849,1.00,1.37
2016.04.05 12:42:23.024,0.64826,0.64849,1.00,1.37
2016.04.05 12:42:23.982,0.64829,0.64851,1.00,1.37
2016.04.05 12:42:25.878,0.6483,0.64851,1.00,1.37
2016.04.05 12:42:26.181,0.64835,0.64855,1.00,1.37
2016.04.05 12:42:26.779,0.64834,0.64855,1.00,1.37
2016.04.05 12:42:26.830,0.64831,0.64855,1.00,1.37
2016.04.05 12:42:27.217,0.64831,0.64855,1.00,2.62
2016.04.05 12:42:27.419,0.64832,0.64855,1.00,1.37
2016.04.05 12:42:27.470,0.6483,0.64855,1.50,1.37
2016.04.05 12:42:27.671,0.64832,0.64855,1.00,1.37
2016.04.05 12:42:27.985,0.64835,0.64855,1.00,1.37
2016.04.05 12:42:28.365,0.64833,0.64855,1.00,1.37
2016.04.05 12:42:28.634,0.6483,0.64855,1.00,1.37
2016.04.05 12:42:32.611,0.64831,0.64852,1.00,1.37
2016.04.05 12:42:33.235,0.6483,0.64852,1.00,1.37
2016.04.05 12:42:33.906,0.64828,0.64853,1.37,1.37
2016.04.05 12:42:35.405,0.6483,0.64853,1.00,1.37
2016.04.05 12:42:36.330,0.6483,0.64849,1.00,1.37
2016.04.05 12:42:36.380,0.64828,0.64849,1.00,1.37
2016.04.05 12:42:36.856,0.6483,0.64852,1.00,1.37
2016.04.05 12:42:36.957,0.6483,0.64854,1.00,1.37
2016.04.05 12:42:37.007,0.64833,0.64854,1.00,1.37
2016.04.05 12:42:37.108,0.64831,0.64854,1.00,1.37
2016.04.05 12:42:40.958,0.64829,0.64854,1.12,1.37
2016.04.05 12:42:41.065,0.64829,0.64853,1.00,1.37
2016.04.05 12:42:41.648,0.64828,0.64853,1.00,1.37
2016.04.05 12:42:42.401,0.6483,0.64854,1.00,1.37
2016.04.05 12:42:43.058,0.64829,0.64853,1.00,1.37
2016.04.05 12:42:43.982,0.64827,0.64853,1.12,1.37
2016.04.05 12:42:44.084,0.64829,0.64853,1.00,1.37
2016.04.05 12:42:44.185,0.64827,0.64853,1.12,1.37
2016.04.05 12:42:44.754,0.64828,0.64853,1.00,1.87
2016.04.05 12:42:45.276,0.64826,0.64852,1.37,1.37
2016.04.05 12:42:47.580,0.6483,0.64852,1.00,1.37
2016.04.05 12:42:50.671,0.64829,0.64853,1.00,1.37
2016.04.05 12:42:51.374,0.64829,0.64855,1.12,1.87
2016.04.05 12:42:51.425,0.64831,0.64855,1.00,1.37
2016.04.05 12:42:51.947,0.6483,0.64855,1.00,1.37
2016.04.05 12:42:52.526,0.64828,0.64855,1.37,1.87
2016.04.05 12:42:53.232,0.6483,0.64855,1.00,1.37
2016.04.05 12:42:57.601,0.64828,0.64854,1.37,1.37
2016.04.05 12:43:00.289,0.64828,0.64852,1.00,1.37
2016.04.05 12:43:00.655,0.64826,0.64852,1.12,1.37
2016.04.05 12:43:00.880,0.64826,0.6485,1.00,1.87
2016.04.05 12:43:00.981,0.64824,0.64849,1.00,1.37
2016.04.05 12:43:03.613,0.64823,0.64847,1.00,1.37
2016.04.05 12:43:05.117,0.64823,0.64847,1.00,1.37
2016.04.05 12:43:05.635,0.64822,0.64846,1.00,1.37
2016.04.05 12:43:07.565,0.64822,0.64843,1.00,1.37
2016.04.05 12:43:07.615,0.64817,0.64841,1.00,1.37
2016.04.05 12:43:08.512,0.64821,0.64843,1.00,1.37
2016.04.05 12:43:08.614,0.64821,0.64843,1.00,1.12
2016.04.05 12:43:08.817,0.64818,0.64844,1.37,1.37
2016.04.05 12:43:11.523,0.6482,0.64845,1.00,1.87
2016.04.05 12:43:11.725,0.64821,0.64845,1.37,1.12
2016.04.05 12:43:13.554,0.64824,0.64847,1.00,1.37
2016.04.05 12:43:14.078,0.64823,0.64849,1.12,1.87
2016.04.05 12:43:14.949,0.64825,0.64848,1.00,1.37
2016.04.05 12:43:15.338,0.64825,0.64846,1.00,1.37
2016.04.05 12:43:16.012,0.64823,0.64845,1.00,1.37
2016.04.05 12:43:16.718,0.64825,0.64846,1.00,1.37
2016.04.05 12:43:17.621,0.64823,0.64846,1.00,1.37
2016.04.05 12:43:19.230,0.64823,0.64846,1.00,1.12
2016.04.05 12:43:19.760,0.64824,0.64849,1.00,1.87
2016.04.05 12:43:21.025,0.6482,0.64845,1.37,1.00
2016.04.05 12:43:21.076,0.6482,0.64845,1.37,1.37
2016.04.05 12:43:21.380,0.64829,0.64855,1.00,1.87
2016.04.05 12:43:21.431,0.64829,0.64855,1.37,1.87
2016.04.05 12:43:21.571,0.64832,0.64855,1.00,1.37
2016.04.05 12:43:21.874,0.64834,0.64856,1.00,1.37
2016.04.05 12:43:22.272,0.64835,0.6486,1.00,1.50
2016.04.05 12:43:22.778,0.64834,0.6486,1.12,2.25
2016.04.05 12:43:23.131,0.64831,0.64854,1.00,1.12
2016.04.05 12:43:23.672,0.6483,0.64853,1.12,1.50
2016.04.05 12:43:23.724,0.6483,0.64853,1.00,1.87
2016.04.05 12:43:24.141,0.6483,0.64853,1.00,1.87
2016.04.05 12:43:25.178,0.6483,0.64853,1.00,1.87
2016.04.05 12:43:26.329,0.64829,0.64853,1.00,1.87
2016.04.05 12:43:26.740,0.64834,0.64857,1.37,1.12
2016.04.05 12:43:29.790,0.64835,0.64861,1.37,1.00
2016.04.05 12:43:29.841,0.64834,0.64857,1.37,1.00
2016.04.05 12:43:30.099,0.64831,0.64855,1.50,1.00
2016.04.05 12:43:31.573,0.64833,0.64859,1.37,1.37
2016.04.05 12:43:41.295,0.64834,0.6486,1.00,2.62
2016.04.05 12:43:41.468,0.64833,0.64859,1.37,1.87
2016.04.05 12:43:42.168,0.64835,0.64861,1.00,1.87
2016.04.05 12:43:47.741,0.64836,0.6486,1.00,1.37
2016.04.05 12:43:47.792,0.64836,0.6486,1.37,1.12
2016.04.05 12:43:50.506,0.64839,0.64861,1.37,1.00
2016.04.05 12:43:50.557,0.64839,0.64865,1.87,1.50
2016.04.05 12:43:50.608,0.64843,0.64866,1.00,1.87
2016.04.05 12:43:50.841,0.64843,0.64867,1.37,1.37
2016.04.05 12:43:51.406,0.64845,0.64869,1.00,1.97
2016.04.05 12:43:52.526,0.64847,0.6487,1.00,1.72
2016.04.05 12:43:52.577,0.64844,0.6487,1.87,2.47
2016.04.05 12:43:53.112,0.64845,0.6487,1.00,2.47
2016.04.05 12:43:53.650,0.64844,0.6487,1.87,3.22
2016.04.05 12:43:54.890,0.64845,0.64869,1.00,1.37
2016.04.05 12:43:56.635,0.64847,0.64871,1.00,1.87
2016.04.05 12:43:57.184,0.64846,0.64871,1.87,1.87
2016.04.05 12:43:58.172,0.64845,0.64871,1.87,1.37
2016.04.05 12:43:59.085,0.64848,0.64873,1.00,1.37
2016.04.05 12:43:59.401,0.64853,0.64877,1.00,1.87
2016.04.05 12:43:59.750,0.64867,0.6489,1.00,1.37
2016.04.05 12:43:59.851,0.64867,0.6489,1.12,1.00
2016.04.05 12:44:00.116,0.64866,0.64891,1.00,1.87
2016.04.05 12:44:01.374,0.64867,0.64892,1.00,1.37
2016.04.05 12:44:01.802,0.64865,0.64889,1.50,1.37
2016.04.05 12:44:02.353,0.64867,0.64891,1.00,1.37
2016.04.05 12:44:03.569,0.64869,0.6489,1.00,1.37
2016.04.05 12:44:03.773,0.64875,0.64901,1.37,2.25
2016.04.05 12:44:04.176,0.64874,0.64899,1.00,1.37
2016.04.05 12:44:04.776,0.64877,0.64901,1.87,1.87
2016.04.05 12:44:06.691,0.6488,0.64903,1.00,1.37
2016.04.05 12:44:07.427,0.64881,0.64906,1.00,1.75
2016.04.05 12:44:09.507,0.64882,0.64904,1.00,1.37
2016.04.05 12:44:09.658,0.6488,0.64905,1.00,1.37
2016.04.05 12:44:09.759,0.64882,0.64904,1.00,1.37
2016.04.05 12:44:10.186,0.64884,0.64904,1.00,1.37
2016.04.05 12:44:11.585,0.6488,0.64904,1.00,1.37
2016.04.05 12:44:12.512,0.64878,0.64904,1.87,1.37
2016.04.05 12:44:12.563,0.64879,0.64904,1.37,1.12
2016.04.05 12:44:13.059,0.64883,0.64908,1.00,1.97
2016.04.05 12:44:14.783,0.64884,0.64908,1.00,2.47
2016.04.05 12:44:15.284,0.64885,0.64908,1.37,1.00
2016.04.05 12:44:15.595,0.64885,0.64908,1.00,1.75
2016.04.05 12:44:16.183,0.64885,0.64904,1.00,1.37
2016.04.05 12:44:16.334,0.64882,0.64904,1.00,1.37
2016.04.05 12:44:16.435,0.6488,0.64904,1.00,1.37
2016.04.05 12:44:16.881,0.64882,0.64904,1.00,1.37
2016.04.05 12:44:17.223,0.64884,0.64907,1.00,1.87
2016.04.05 12:44:17.527,0.64884,0.64909,1.00,1.37
2016.04.05 12:44:18.168,0.64885,0.64908,1.00,1.37
2016.04.05 12:44:18.710,0.64884,0.64909,1.00,1.37
2016.04.05 12:44:19.227,0.64885,0.64908,1.00,1.37
2016.04.05 12:44:19.874,0.64886,0.64909,1.00,1.37
2016.04.05 12:44:20.378,0.64887,0.64909,1.00,1.37
2016.04.05 12:44:20.530,0.64884,0.64906,1.00,1.00
2016.04.05 12:44:20.631,0.64884,0.64905,1.00,1.37
2016.04.05 12:44:21.412,0.64886,0.64906,1.00,1.37
2016.04.05 12:44:21.463,0.64886,0.64906,1.00,1.12
2016.04.05 12:44:22.167,0.64884,0.64909,1.00,1.37
2016.04.05 12:44:23.386,0.64885,0.64909,1.00,1.37
2016.04.05 12:44:24.048,0.64884,0.64909,1.00,1.37
2016.04.05 12:44:24.570,0.64883,0.64906,1.00,1.12
2016.04.05 12:44:24.621,0.64882,0.64906,1.00,2.25
2016.04.05 12:44:24.722,0.64879,0.64904,1.87,1.37
2016.04.05 12:44:25.440,0.64879,0.64901,1.00,1.37
2016.04.05 12:44:25.492,0.64877,0.64901,1.00,1.37
2016.04.05 12:44:26.379,0.64876,0.64901,1.00,1.37
2016.04.05 12:44:26.580,0.64878,0.64901,1.00,1.37
2016.04.05 12:44:27.124,0.64875,0.64901,1.87,1.87
2016.04.05 12:44:27.473,0.64877,0.64901,1.00,1.37
2016.04.05 12:44:28.016,0.64878,0.64901,1.00,1.37
2016.04.05 12:44:28.537,0.64881,0.64901,1.00,1.37
2016.04.05 12:44:28.890,0.64883,0.64906,1.00,2.62
2016.04.05 12:44:28.941,0.64883,0.64906,1.00,1.37
2016.04.05 12:44:29.414,0.64885,0.64908,1.00,1.37
2016.04.05 12:44:32.524,0.64886,0.64907,1.00,1.37
2016.04.05 12:44:32.711,0.64886,0.64907,1.00,1.37
2016.04.05 12:44:32.812,0.64884,0.64909,1.50,1.37
2016.04.05 12:44:32.863,0.64885,0.6491,1.12,1.87
2016.04.05 12:44:33.461,0.64885,0.64907,1.00,1.87
2016.04.05 12:44:33.511,0.64879,0.64905,1.37,1.37
2016.04.05 12:44:33.562,0.64879,0.64902,1.00,1.37
2016.04.05 12:44:34.516,0.64878,0.64902,1.00,1.37
2016.04.05 12:44:34.954,0.6488,0.64902,1.00,1.37
2016.04.05 12:44:36.276,0.64878,0.64902,1.00,1.37
2016.04.05 12:44:36.534,0.64878,0.64902,1.00,2.62
2016.04.05 12:44:36.585,0.64876,0.64898,1.50,1.37
2016.04.05 12:44:37.088,0.64877,0.64899,1.00,1.37
2016.04.05 12:44:37.607,0.64875,0.64899,1.00,1.87
2016.04.05 12:44:38.124,0.64876,0.64898,1.00,1.37
2016.04.05 12:44:38.971,0.64875,0.64895,1.50,1.37
2016.04.05 12:44:39.072,0.64873,0.64895,1.00,1.37
2016.04.05 12:44:39.425,0.64875,0.64895,1.00,1.37
2016.04.05 12:44:39.783,0.64873,0.64895,1.00,1.37
2016.04.05 12:44:40.159,0.64873,0.64894,1.00,1.00
2016.04.05 12:44:40.422,0.64876,0.64898,1.00,1.37
2016.04.05 12:44:40.716,0.64876,0.64901,1.00,1.75
2016.04.05 12:44:41.223,0.64877,0.64901,1.00,1.37
2016.04.05 12:44:41.274,0.64877,0.64901,1.00,1.37
2016.04.05 12:44:41.324,0.64875,0.64898,1.00,1.37
2016.04.05 12:44:42.956,0.64874,0.64898,1.00,1.37
2016.04.05 12:44:43.486,0.64873,0.64898,1.87,1.37
2016.04.05 12:44:44.289,0.64876,0.64897,1.00,1.37
2016.04.05 12:44:44.491,0.64875,0.64899,1.12,1.37
2016.04.05 12:44:48.589,0.64877,0.64901,1.00,1.50
2016.04.05 12:44:49.255,0.64875,0.649,1.12,1.50
2016.04.05 12:44:49.671,0.64877,0.64901,1.00,1.75
2016.04.05 12:44:49.973,0.64877,0.649,1.00,1.37
2016.04.05 12:44:50.024,0.64875,0.64901,1.00,3.00
2016.04.05 12:44:52.645,0.64874,0.64896,1.00,1.37
2016.04.05 12:44:52.746,0.64869,0.64893,1.37,1.50
2016.04.05 12:44:52.797,0.64869,0.64893,1.00,1.87
2016.04.05 12:44:52.848,0.64867,0.64893,1.12,1.87
2016.04.05 12:44:53.300,0.64867,0.64891,1.00,1.75
2016.04.05 12:44:53.850,0.64868,0.64892,1.00,1.37
2016.04.05 12:44:54.019,0.64868,0.64894,1.12,1.87
2016.04.05 12:44:54.570,0.64869,0.64894,1.00,1.37
2016.04.05 12:44:55.103,0.6487,0.64894,1.00,1.37
2016.04.05 12:44:56.589,0.64874,0.64895,1.00,1.50
2016.04.05 12:44:56.690,0.64874,0.64895,1.00,1.50
2016.04.05 12:44:56.811,0.6487,0.64895,1.12,1.50
2016.04.05 12:44:57.132,0.64872,0.64895,1.00,1.50
2016.04.05 12:44:57.384,0.64869,0.64895,1.37,1.87
2016.04.05 12:44:57.886,0.64868,0.64892,1.37,1.00
2016.04.05 12:44:58.078,0.64868,0.64892,1.00,1.37
2016.04.05 12:44:58.129,0.64871,0.64895,1.00,1.37
2016.04.05 12:44:58.232,0.64869,0.64895,1.00,1.87
2016.04.05 12:44:58.789,0.64871,0.64895,1.00,1.37
2016.04.05 12:44:59.143,0.64868,0.64894,1.50,1.37
2016.04.05 12:44:59.244,0.6487,0.64895,1.00,1.37
2016.04.05 12:45:00.569,0.64868,0.64892,1.00,1.37
2016.04.05 12:45:01.348,0.6487,0.64891,1.00,1.12
2016.04.05 12:45:01.679,0.64868,0.64891,1.00,1.37
2016.04.05 12:45:02.439,0.6487,0.64891,1.00,1.00
2016.04.05 12:45:02.976,0.64869,0.64894,1.12,1.37
2016.04.05 12:45:03.648,0.64869,0.64894,1.00,1.75
2016.04.05 12:45:03.851,0.64869,0.64892,1.00,1.37
2016.04.05 12:45:05.733,0.64871,0.64894,1.00,1.37
2016.04.05 12:45:06.113,0.64871,0.64895,1.00,3.75
2016.04.05 12:45:06.164,0.64866,0.64892,1.50,1.37
2016.04.05 12:45:06.704,0.64865,0.64889,1.00,1.37
2016.04.05 12:45:08.350,0.64866,0.64891,1.00,1.75
2016.04.05 12:45:10.441,0.64867,0.64891,1.00,1.75
2016.04.05 12:45:10.543,0.64867,0.64892,1.12,1.75
2016.04.05 12:45:10.593,0.6487,0.64892,1.00,1.75
2016.04.05 12:45:10.968,0.6487,0.64894,1.12,1.37
2016.04.05 12:45:11.523,0.64872,0.64896,1.00,1.50
2016.04.05 12:45:12.095,0.64872,0.64896,1.00,2.25
2016.04.05 12:45:14.303,0.64869,0.64895,1.37,1.87
2016.04.05 12:45:15.612,0.64869,0.64895,1.00,1.87
2016.04.05 12:45:16.215,0.6487,0.64895,1.00,1.87
2016.04.05 12:45:18.060,0.6487,0.64895,1.12,1.37
2016.04.05 12:45:18.161,0.64871,0.64896,1.37,1.12
2016.04.05 12:45:18.262,0.64872,0.64897,1.00,1.37
2016.04.05 12:45:18.497,0.64875,0.64898,1.00,1.37
2016.04.05 12:45:18.548,0.64875,0.64899,1.87,1.00
2016.04.05 12:45:18.649,0.64875,0.64899,1.87,1.00
2016.04.05 12:45:18.700,0.64877,0.64901,1.37,1.00
2016.04.05 12:45:18.801,0.64877,0.64903,1.87,1.12
2016.04.05 12:45:19.312,0.64877,0.64902,1.37,1.00
2016.04.05 12:45:19.950,0.6488,0.64903,1.00,1.12
2016.04.05 12:45:24.322,0.64881,0.64905,1.00,1.37
2016.04.05 12:45:24.922,0.6488,0.64904,1.00,1.37
2016.04.05 12:45:26.498,0.64881,0.64905,1.00,1.37
2016.04.05 12:45:26.608,0.64879,0.64904,1.12,1.37
2016.04.05 12:45:29.250,0.6488,0.64901,1.00,1.00
2016.04.05 12:45:29.835,0.6488,0.64903,1.00,1.12
2016.04.05 12:45:30.384,0.64879,0.64902,1.12,1.37
2016.04.05 12:45:31.025,0.64879,0.649,1.12,1.00
2016.04.05 12:45:31.357,0.64877,0.649,1.00,1.37
2016.04.05 12:45:33.470,0.64878,0.64902,1.00,1.87
2016.04.05 12:45:34.290,0.64879,0.64902,1.00,1.87
2016.04.05 12:45:34.806,0.64878,0.64902,1.00,1.87
2016.04.05 12:45:35.334,0.64877,0.649,1.00,1.37
2016.04.05 12:45:35.934,0.64878,0.64901,1.00,1.87
2016.04.05 12:45:36.515,0.64877,0.649,1.00,1.37
2016.04.05 12:45:37.098,0.64878,0.64901,1.00,1.37
2016.04.05 12:45:37.550,0.64878,0.64901,1.37,1.37
2016.04.05 12:45:38.159,0.64878,0.64899,1.37,1.00
2016.04.05 12:45:38.735,0.64878,0.649,1.37,1.12
2016.04.05 12:45:39.152,0.64877,0.64899,1.00,1.12
2016.04.05 12:45:39.701,0.64879,0.64901,1.00,1.37
2016.04.05 12:45:40.246,0.6488,0.64901,1.00,1.37
2016.04.05 12:45:40.606,0.64877,0.64899,1.00,1.12
2016.04.05 12:45:40.656,0.64877,0.64899,1.00,1.37
2016.04.05 12:45:41.371,0.64876,0.64896,1.00,1.12
2016.04.05 12:45:42.111,0.64876,0.64896,1.00,1.37
2016.04.05 12:45:42.212,0.64874,0.64894,1.00,1.37
2016.04.05 12:45:42.540,0.64875,0.64898,1.00,1.87
2016.04.05 12:45:43.218,0.64876,0.64898,1.00,1.37
2016.04.05 12:45:44.562,0.64878,0.64898,1.00,1.37
2016.04.05 12:45:45.001,0.64876,0.64898,1.00,1.37
2016.04.05 12:45:46.219,0.64876,0.64899,1.00,1.37
2016.04.05 12:45:46.766,0.64877,0.649,1.00,1.37
2016.04.05 12:45:48.761,0.64876,0.649,1.00,1.37
2016.04.05 12:45:49.091,0.64878,0.64901,1.00,2.25
2016.04.05 12:45:54.371,0.64877,0.64901,1.00,2.25
2016.04.05 12:45:54.778,0.64877,0.64901,1.12,1.50
2016.04.05 12:45:55.286,0.64878,0.64901,1.00,1.00
2016.04.05 12:45:56.858,0.64877,0.64901,1.12,1.87
2016.04.05 12:46:01.260,0.64879,0.64901,1.00,1.12
2016.04.05 12:46:01.796,0.6488,0.64902,1.00,1.37
2016.04.05 12:46:05.701,0.64879,0.64903,1.00,1.87
2016.04.05 12:46:05.802,0.64877,0.64901,1.12,1.50
2016.04.05 12:46:06.004,0.6488,0.64904,1.00,1.87
2016.04.05 12:46:07.559,0.64882,0.64903,1.00,1.37
2016.04.05 12:46:07.893,0.64884,0.64903,1.00,1.00
2016.04.05 12:46:07.994,0.64879,0.64902,1.00,1.87
2016.04.05 12:46:08.201,0.64877,0.64901,1.00,1.50
2016.04.05 12:46:09.107,0.64878,0.64898,1.00,1.00
2016.04.05 12:46:09.208,0.64879,0.64898,1.00,1.37
2016.04.05 12:46:09.665,0.64875,0.64898,1.00,1.37
2016.04.05 12:46:09.867,0.64873,0.64896,1.12,1.12
2016.04.05 12:46:09.918,0.64873,0.64896,1.00,2.25
2016.04.05 12:46:10.384,0.64877,0.64899,1.00,1.87
2016.04.05 12:46:10.435,0.64877,0.64899,1.00,2.25
2016.04.05 12:46:10.966,0.6488,0.64899,1.00,1.37
2016.04.05 12:46:12.269,0.64878,0.64899,1.00,1.37
2016.04.05 12:46:12.533,0.64878,0.64901,1.00,1.72
2016.04.05 12:46:12.635,0.6488,0.64901,1.00,2.10
2016.04.05 12:46:13.171,0.64878,0.649,1.00,1.37
2016.04.05 12:46:13.431,0.64878,0.64898,1.00,1.37
2016.04.05 12:46:13.737,0.64876,0.64898,1.00,1.75
2016.04.05 12:46:14.119,0.64877,0.64898,1.00,1.00
2016.04.05 12:46:14.669,0.64877,0.64899,1.00,1.12
2016.04.05 12:46:14.820,0.64878,0.64899,1.00,1.37
2016.04.05 12:46:15.584,0.64877,0.649,1.00,1.37
2016.04.05 12:46:16.119,0.64878,0.649,1.00,1.37
2016.04.05 12:46:17.523,0.6488,0.64901,1.00,1.37
2016.04.05 12:46:17.624,0.64878,0.64901,1.12,1.87
2016.04.05 12:46:17.878,0.64875,0.64899,1.00,1.37
2016.04.05 12:46:19.046,0.64874,0.64896,1.12,1.00
2016.04.05 12:46:20.544,0.64873,0.64896,1.00,1.37
2016.04.05 12:46:20.894,0.64875,0.64897,1.00,1.37
2016.04.05 12:46:22.508,0.64876,0.64899,1.00,1.87
2016.04.05 12:46:24.252,0.64876,0.64899,1.00,1.37
2016.04.05 12:46:24.504,0.64879,0.64903,1.00,1.37
2016.04.05 12:46:24.555,0.64879,0.64903,1.00,1.37
2016.04.05 12:46:24.702,0.64881,0.64905,1.00,1.87
2016.04.05 12:46:25.059,0.64878,0.64902,1.12,1.12
2016.04.05 12:46:25.361,0.64876,0.649,1.00,1.37
2016.04.05 12:46:27.232,0.64877,0.649,1.00,1.37
2016.04.05 12:46:28.110,0.64876,0.649,1.00,1.87
2016.04.05 12:46:29.012,0.64878,0.64899,1.00,1.12
2016.04.05 12:46:30.002,0.6488,0.64903,1.00,1.37
2016.04.05 12:46:32.318,0.64879,0.64903,1.00,1.87
2016.04.05 12:46:32.843,0.64878,0.64902,1.00,1.37
2016.04.05 12:46:34.336,0.64878,0.64902,1.12,1.37
2016.04.05 12:46:34.387,0.6488,0.64903,1.00,1.37
2016.04.05 12:46:35.028,0.64878,0.64902,1.12,1.37
2016.04.05 12:46:35.575,0.64879,0.64903,1.00,1.37
2016.04.05 12:46:35.726,0.64879,0.64901,1.00,1.37
2016.04.05 12:46:35.827,0.64876,0.64898,1.00,1.12
2016.04.05 12:46:35.929,0.64874,0.64897,1.12,1.00
2016.04.05 12:46:36.446,0.64874,0.64897,1.00,1.37
2016.04.05 12:46:36.497,0.64872,0.64896,1.12,1.37
2016.04.05 12:46:37.027,0.64874,0.64897,1.00,1.37
2016.04.05 12:46:38.757,0.64874,0.64896,1.12,1.00
2016.04.05 12:46:38.858,0.64874,0.64898,1.50,1.12
2016.04.05 12:46:38.959,0.64876,0.64898,1.37,1.00
2016.04.05 12:46:39.009,0.64876,0.649,1.87,1.00
2016.04.05 12:46:39.204,0.64879,0.64902,1.12,1.00
2016.04.05 12:46:40.145,0.64879,0.64902,1.00,1.37
2016.04.05 12:46:40.418,0.64875,0.64899,1.37,1.12
2016.04.05 12:46:40.712,0.64874,0.64898,1.00,1.37
2016.04.05 12:46:41.355,0.64874,0.64896,1.00,1.00
2016.04.05 12:46:42.959,0.64875,0.64899,1.00,1.37
2016.04.05 12:46:43.740,0.64876,0.649,1.00,1.87
2016.04.05 12:46:43.942,0.64878,0.64901,1.00,2.25
2016.04.05 12:46:45.958,0.6488,0.64899,1.00,1.37
2016.04.05 12:46:46.374,0.64878,0.64898,1.00,1.37
2016.04.05 12:46:47.043,0.64879,0.64899,1.00,1.37
2016.04.05 12:46:47.580,0.64878,0.649,1.00,1.37
2016.04.05 12:46:47.832,0.64882,0.64902,1.00,1.37
2016.04.05 12:46:48.380,0.64881,0.64902,1.00,1.37
2016.04.05 12:46:48.481,0.64878,0.64902,1.00,1.87
2016.04.05 12:46:50.012,0.64877,0.64901,1.00,2.62
2016.04.05 12:46:51.199,0.64879,0.64902,1.00,1.37
2016.04.05 12:46:53.398,0.6488,0.64901,1.00,1.37
2016.04.05 12:46:53.849,0.64882,0.64901,1.00,1.37
2016.04.05 12:46:55.169,0.64883,0.64899,1.00,1.37
2016.04.05 12:46:55.220,0.64883,0.64902,1.00,1.37
2016.04.05 12:46:55.778,0.64884,0.64903,1.00,1.37
2016.04.05 12:46:56.026,0.64884,0.64903,1.00,1.37
2016.04.05 12:46:57.490,0.64883,0.64903,1.00,1.37
2016.04.05 12:46:57.996,0.64882,0.64904,1.00,1.37
2016.04.05 12:46:58.526,0.64883,0.64903,1.00,1.37
2016.04.05 12:46:58.891,0.64883,0.64902,1.00,1.37
2016.04.05 12:46:59.414,0.64883,0.64904,1.00,1.00
2016.04.05 12:46:59.465,0.64886,0.64908,1.00,1.37
2016.04.05 12:47:00.031,0.64887,0.64908,1.00,1.37
2016.04.05 12:47:00.132,0.64885,0.64907,1.00,1.37
2016.04.05 12:47:00.327,0.64888,0.64907,1.00,1.37
2016.04.05 12:47:01.052,0.64885,0.64907,1.00,1.37
2016.04.05 12:47:03.980,0.64887,0.64908,1.00,1.37
2016.04.05 12:47:04.283,0.6489,0.64909,1.00,1.37
2016.04.05 12:47:04.334,0.64886,0.64906,1.00,1.00
2016.04.05 12:47:04.435,0.64884,0.64906,1.00,1.37
2016.04.05 12:47:04.766,0.64882,0.64905,1.00,1.37
2016.04.05 12:47:05.719,0.64883,0.64905,1.00,1.87
2016.04.05 12:47:05.972,0.64881,0.64902,1.00,1.00
2016.04.05 12:47:06.485,0.6488,0.64903,1.00,1.87
2016.04.05 12:47:06.801,0.64883,0.64906,1.00,1.75
2016.04.05 12:47:07.598,0.64884,0.64907,1.00,2.10
2016.04.05 12:47:07.850,0.64882,0.64906,1.00,1.50
2016.04.05 12:47:08.218,0.64882,0.64904,1.00,1.37
2016.04.05 12:47:08.369,0.64879,0.64903,1.87,1.37
2016.04.05 12:47:08.883,0.6488,0.64902,1.00,1.37
2016.04.05 12:47:09.055,0.64878,0.64902,1.00,1.87
2016.04.05 12:47:09.587,0.64876,0.649,1.50,1.00
2016.04.05 12:47:09.637,0.64876,0.649,1.12,1.37
2016.04.05 12:47:10.169,0.64877,0.64899,1.00,1.37
2016.04.05 12:47:10.709,0.64878,0.64901,1.00,1.50
2016.04.05 12:47:11.309,0.64878,0.64901,1.00,1.12
2016.04.05 12:47:11.579,0.6488,0.64901,1.00,1.50
2016.04.05 12:47:11.781,0.64878,0.64901,1.00,1.50
2016.04.05 12:47:12.330,0.64877,0.649,1.12,1.00
2016.04.05 12:47:12.991,0.64877,0.649,1.00,1.37
2016.04.05 12:47:13.294,0.64874,0.64897,1.00,1.37
2016.04.05 12:47:13.864,0.64873,0.64897,1.00,1.37
2016.04.05 12:47:14.462,0.64874,0.64897,1.00,1.37
2016.04.05 12:47:15.727,0.64875,0.64898,1.00,1.37
2016.04.05 12:47:16.282,0.64876,0.649,1.00,1.37
2016.04.05 12:47:16.870,0.64877,0.64901,1.00,1.87
2016.04.05 12:47:18.186,0.64876,0.649,1.00,1.37
2016.04.05 12:47:18.406,0.64875,0.64897,1.12,1.00
2016.04.05 12:47:20.897,0.64875,0.64898,1.87,1.00
2016.04.05 12:47:22.371,0.64877,0.64899,1.00,1.12
2016.04.05 12:47:23.506,0.64879,0.64902,1.00,1.12
2016.04.05 12:47:24.178,0.64879,0.64901,1.00,1.00
2016.04.05 12:47:24.229,0.64879,0.64901,1.00,1.37
2016.04.05 12:47:24.330,0.64877,0.64901,1.00,2.62
2016.04.05 12:47:25.688,0.64877,0.649,1.00,2.25
2016.04.05 12:47:26.247,0.64876,0.64899,1.00,1.37
2016.04.05 12:47:27.057,0.64878,0.64899,1.00,1.37
2016.04.05 12:47:27.991,0.64877,0.649,1.00,1.37
2016.04.05 12:47:28.044,0.64877,0.64901,1.00,1.37
2016.04.05 12:47:28.095,0.64881,0.64903,1.37,1.12
2016.04.05 12:47:29.665,0.6488,0.64902,1.37,1.00
2016.04.05 12:47:30.489,0.6488,0.64904,1.37,1.37
2016.04.05 12:47:31.128,0.6488,0.64902,1.37,1.00
2016.04.05 12:47:32.951,0.64879,0.64901,1.37,1.00
2016.04.05 12:47:34.488,0.64879,0.64902,1.37,1.00
2016.04.05 12:47:35.006,0.64879,0.64901,1.37,1.00
2016.04.05 12:47:35.652,0.6488,0.64902,1.37,1.00
2016.04.05 12:47:36.778,0.64881,0.64903,1.37,1.12
2016.04.05 12:47:37.566,0.64878,0.64902,1.87,1.00
2016.04.05 12:47:38.089,0.64881,0.64905,1.37,1.37
2016.04.05 12:47:38.612,0.64878,0.64902,1.87,1.00
2016.04.05 12:47:41.355,0.64878,0.64901,1.12,1.00
2016.04.05 12:47:41.869,0.64879,0.64903,1.50,1.37
2016.04.05 12:47:43.201,0.64878,0.64902,1.12,1.12
2016.04.05 12:47:43.722,0.64879,0.64902,1.00,1.12
2016.04.05 12:47:44.223,0.6488,0.64904,1.50,1.37
2016.04.05 12:47:44.508,0.64882,0.64906,1.00,2.25
2016.04.05 12:47:44.810,0.64883,0.64906,1.37,1.00
2016.04.05 12:47:46.787,0.64882,0.64905,1.37,1.00
2016.04.05 12:47:47.180,0.64881,0.64904,1.37,1.37
2016.04.05 12:47:50.197,0.64883,0.64906,1.00,1.87
2016.04.05 12:47:50.307,0.64885,0.64906,1.00,1.37
2016.04.05 12:47:50.527,0.64883,0.64906,1.00,1.37
2016.04.05 12:47:50.634,0.64883,0.64906,1.37,1.00
2016.04.05 12:47:51.137,0.64884,0.64905,1.12,1.00
2016.04.05 12:47:51.752,0.64885,0.64907,1.00,1.12
2016.04.05 12:47:52.256,0.64886,0.64908,1.00,1.37
2016.04.05 12:47:55.503,0.64883,0.64906,1.37,1.00
2016.04.05 12:47:56.155,0.64882,0.64905,1.37,1.00
2016.04.05 12:47:56.296,0.64884,0.64907,1.12,1.12
2016.04.05 12:47:56.805,0.64885,0.64908,1.00,1.37
2016.04.05 12:47:56.908,0.64887,0.64909,1.00,1.87
2016.04.05 12:47:57.167,0.64885,0.64908,1.00,1.37
2016.04.05 12:47:57.796,0.64884,0.64906,1.12,1.00
2016.04.05 12:47:58.643,0.64881,0.64905,1.37,1.00
2016.04.05 12:47:58.799,0.64881,0.64905,1.12,1.12
2016.04.05 12:47:59.451,0.64882,0.64903,1.00,1.00
2016.04.05 12:47:59.952,0.6488,0.64903,1.87,1.00
2016.04.05 12:48:01.328,0.64882,0.64905,1.00,1.12
2016.04.05 12:48:01.555,0.64884,0.64906,1.00,1.87
2016.04.05 12:48:02.318,0.64885,0.64908,1.00,1.37
2016.04.05 12:48:03.837,0.64883,0.64907,1.00,1.37
2016.04.05 12:48:04.278,0.64885,0.64906,1.00,1.37
2016.04.05 12:48:04.502,0.64883,0.64907,1.00,1.37
2016.04.05 12:48:05.049,0.64885,0.64908,1.00,1.37
2016.04.05 12:48:05.594,0.64884,0.64908,1.12,1.37
2016.04.05 12:48:05.958,0.64882,0.64903,1.37,1.00
2016.04.05 12:48:06.009,0.64882,0.64903,1.00,1.00
2016.04.05 12:48:06.565,0.64881,0.64904,1.12,1.12
2016.04.05 12:48:10.926,0.64882,0.64904,1.00,1.12
2016.04.05 12:48:11.757,0.64881,0.64905,1.87,1.37
2016.04.05 12:48:11.908,0.64882,0.64905,1.37,1.00
2016.04.05 12:48:14.635,0.64881,0.64905,1.37,1.37
2016.04.05 12:48:17.306,0.6488,0.64902,1.37,1.00
2016.04.05 12:48:17.458,0.64878,0.64902,1.87,1.37
2016.04.05 12:48:20.557,0.6488,0.64903,1.00,1.37
2016.04.05 12:48:21.897,0.6488,0.64903,1.00,1.87
2016.04.05 12:48:21.948,0.6488,0.64903,1.00,1.37
2016.04.05 12:48:22.796,0.64877,0.649,1.37,1.00
2016.04.05 12:48:23.298,0.6488,0.64904,1.00,1.37
2016.04.05 12:48:23.555,0.64882,0.64904,1.12,1.12
2016.04.05 12:48:24.939,0.64882,0.64906,1.00,1.87
2016.04.05 12:48:26.167,0.64881,0.64903,1.00,1.37
2016.04.05 12:48:26.416,0.64879,0.64903,1.87,1.37
2016.04.05 12:48:28.147,0.64881,0.64905,1.00,1.87
2016.04.05 12:48:28.557,0.64882,0.64905,1.00,1.12
2016.04.05 12:48:28.807,0.64885,0.64906,1.00,1.37
2016.04.05 12:48:29.183,0.64882,0.64906,1.00,1.37
2016.04.05 12:48:31.032,0.64884,0.64907,1.00,1.37
2016.04.05 12:48:31.570,0.64882,0.64906,1.50,1.37
2016.04.05 12:48:31.808,0.64884,0.64906,1.00,1.37
2016.04.05 12:48:32.063,0.64882,0.64906,1.50,1.87
2016.04.05 12:48:35.099,0.64884,0.64907,1.00,1.37
2016.04.05 12:48:35.451,0.64887,0.6491,1.00,1.37
2016.04.05 12:48:35.879,0.64889,0.64912,1.00,1.87
2016.04.05 12:48:36.082,0.64891,0.64914,1.00,1.37
2016.04.05 12:48:36.284,0.64893,0.64914,1.00,1.37
2016.04.05 12:48:37.526,0.64891,0.64914,1.00,1.37
2016.04.05 12:48:38.379,0.64893,0.64915,1.00,1.37
2016.04.05 12:48:38.928,0.64892,0.64914,1.00,1.87
2016.04.05 12:48:41.042,0.64893,0.64915,1.00,1.37
2016.04.05 12:48:41.283,0.64893,0.64915,1.00,1.00
2016.04.05 12:48:41.485,0.64896,0.64917,1.00,1.37
2016.04.05 12:48:46.425,0.64895,0.64919,1.00,1.37
2016.04.05 12:48:47.318,0.64894,0.64918,1.00,1.87
2016.04.05 12:48:48.032,0.64891,0.64913,1.37,1.00
2016.04.05 12:48:48.085,0.64891,0.64915,1.37,1.12
2016.04.05 12:48:48.632,0.64894,0.64918,1.00,1.87
2016.04.05 12:48:49.175,0.64891,0.64915,1.37,1.00
2016.04.05 12:48:49.428,0.6489,0.64913,1.00,1.12
2016.04.05 12:48:49.730,0.64887,0.64908,1.00,1.00
2016.04.05 12:48:50.729,0.64889,0.6491,1.00,1.37
2016.04.05 12:48:51.512,0.64887,0.64908,1.00,1.00
2016.04.05 12:48:51.774,0.64889,0.64912,1.00,1.87
2016.04.05 12:48:52.365,0.64888,0.64911,1.00,1.37
2016.04.05 12:48:52.884,0.64889,0.64912,1.00,1.87
2016.04.05 12:48:53.819,0.64888,0.64911,1.00,1.37
2016.04.05 12:48:54.154,0.6489,0.64912,1.00,1.87
2016.04.05 12:48:54.618,0.64888,0.64909,1.00,1.12
2016.04.05 12:48:55.129,0.64886,0.6491,1.12,1.37
2016.04.05 12:48:56.130,0.64889,0.64912,1.00,1.37
2016.04.05 12:48:56.348,0.64887,0.64911,1.00,1.37
2016.04.05 12:48:56.449,0.64889,0.64912,1.00,1.37
2016.04.05 12:48:58.183,0.64887,0.64911,1.00,1.87
2016.04.05 12:48:58.336,0.6489,0.64911,1.00,1.37
2016.04.05 12:48:58.958,0.64889,0.64911,1.00,1.37
2016.04.05 12:48:59.059,0.64887,0.64911,1.00,1.87
2016.04.05 12:48:59.288,0.64889,0.64911,1.00,1.87
2016.04.05 12:48:59.837,0.64888,0.6491,1.00,1.37
2016.04.05 12:49:00.584,0.64888,0.6491,1.00,1.37
2016.04.05 12:49:01.946,0.64886,0.64909,1.00,1.37
2016.04.05 12:49:03.162,0.64886,0.64909,1.12,1.12
2016.04.05 12:49:03.459,0.64885,0.64907,1.37,1.00
2016.04.05 12:49:04.010,0.64884,0.64908,1.87,1.00
2016.04.05 12:49:04.962,0.64885,0.64908,1.00,1.87
2016.04.05 12:49:05.357,0.64882,0.64906,1.37,1.12
2016.04.05 12:49:05.408,0.64885,0.64906,1.00,1.12
2016.04.05 12:49:05.827,0.64883,0.64907,1.12,1.37
2016.04.05 12:49:05.937,0.64885,0.64907,1.00,1.37
2016.04.05 12:49:06.977,0.64886,0.64908,1.00,1.37
2016.04.05 12:49:07.513,0.64885,0.64908,1.00,1.37
2016.04.05 12:49:07.564,0.64885,0.64909,1.12,1.12
2016.04.05 12:49:07.969,0.64887,0.64909,1.00,1.12
2016.04.05 12:49:08.869,0.64886,0.64907,1.00,1.00
2016.04.05 12:49:09.313,0.64885,0.64909,1.12,1.12
2016.04.05 12:49:10.171,0.64885,0.64908,1.12,1.00
2016.04.05 12:49:10.473,0.64889,0.64908,1.00,1.00
2016.04.05 12:49:10.574,0.64887,0.6491,1.37,1.00
2016.04.05 12:49:10.913,0.6489,0.64911,1.00,1.12
2016.04.05 12:49:12.073,0.64891,0.64913,1.00,1.37
2016.04.05 12:49:12.256,0.64889,0.64913,1.00,1.37
2016.04.05 12:49:13.374,0.64891,0.64914,1.00,1.37
2016.04.05 12:49:13.475,0.64891,0.64914,1.00,1.12
2016.04.05 12:49:13.977,0.64891,0.64913,1.00,1.00
2016.04.05 12:49:15.044,0.64892,0.64915,1.00,1.37
2016.04.05 12:49:15.548,0.64892,0.64913,1.00,1.00
2016.04.05 12:49:16.110,0.64891,0.64915,1.00,1.37
2016.04.05 12:49:16.333,0.64889,0.64912,1.37,1.00
2016.04.05 12:49:16.547,0.6489,0.64914,1.12,1.12
2016.04.05 12:49:17.134,0.64889,0.64913,1.37,1.00
2016.04.05 12:49:18.857,0.64889,0.64912,1.87,1.00
2016.04.05 12:49:19.439,0.6489,0.64911,1.12,1.00
2016.04.05 12:49:19.981,0.6489,0.64913,1.12,1.00
2016.04.05 12:49:20.978,0.64889,0.64912,1.37,1.00
2016.04.05 12:49:21.130,0.64889,0.64912,1.12,1.37
2016.04.05 12:49:22.640,0.6489,0.64913,1.00,1.87
2016.04.05 12:49:23.148,0.64891,0.64912,1.00,1.37
2016.04.05 12:49:23.431,0.64891,0.64915,1.00,1.37
2016.04.05 12:49:24.098,0.64892,0.64915,1.00,1.37
2016.04.05 12:49:25.724,0.64892,0.64915,1.37,1.00
2016.04.05 12:49:26.128,0.64897,0.64919,1.00,1.37
2016.04.05 12:49:26.414,0.64897,0.6492,1.00,1.87
2016.04.05 12:49:26.718,0.64895,0.64917,1.12,1.00
2016.04.05 12:49:27.219,0.64897,0.64921,1.00,1.37
2016.04.05 12:49:27.778,0.64896,0.64918,1.00,1.00
2016.04.05 12:49:28.574,0.64896,0.64919,1.00,1.12
2016.04.05 12:49:29.528,0.64896,0.6492,1.37,1.00
2016.04.05 12:49:31.950,0.64896,0.64919,1.37,1.00
2016.04.05 12:49:32.537,0.64898,0.6492,1.12,1.00
2016.04.05 12:49:33.167,0.64899,0.64923,1.00,1.37
2016.04.05 12:49:33.692,0.649,0.64924,1.00,1.37
2016.04.05 12:49:33.743,0.64898,0.64919,1.12,1.00
2016.04.05 12:49:33.945,0.64897,0.64921,1.37,1.00
2016.04.05 12:49:34.490,0.64896,0.6492,1.37,1.00
2016.04.05 12:49:34.992,0.64897,0.64921,1.37,1.00
2016.04.05 12:49:35.798,0.64897,0.6492,1.37,1.00
2016.04.05 12:49:37.435,0.64898,0.6492,1.87,1.00
2016.04.05 12:49:37.556,0.64899,0.64923,1.37,1.00
2016.04.05 12:49:38.092,0.64899,0.64922,1.37,1.00
2016.04.05 12:49:38.646,0.64895,0.64919,1.87,1.00
2016.04.05 12:49:38.696,0.64894,0.64917,2.25,1.00
2016.04.05 12:49:39.029,0.64898,0.6492,1.00,1.00
2016.04.05 12:49:39.130,0.64906,0.64923,1.00,1.37
2016.04.05 12:49:39.232,0.64904,0.64926,1.37,1.00
2016.04.05 12:49:39.333,0.64904,0.64926,1.37,1.00
2016.04.05 12:49:39.729,0.64907,0.64931,1.12,1.12
2016.04.05 12:49:40.249,0.64908,0.64932,1.00,1.37
2016.04.05 12:49:40.350,0.64907,0.64929,1.12,1.00
2016.04.05 12:49:41.669,0.64909,0.64929,1.00,1.00
2016.04.05 12:49:41.871,0.64907,0.64929,1.87,1.00
2016.04.05 12:49:41.972,0.64907,0.64927,1.12,1.00
2016.04.05 12:49:42.325,0.64907,0.6493,1.12,1.00
2016.04.05 12:49:42.886,0.64908,0.64929,1.00,1.00
2016.04.05 12:49:43.634,0.64908,0.64931,1.00,1.12
2016.04.05 12:49:44.171,0.64909,0.64932,1.00,1.87
2016.04.05 12:49:44.690,0.64908,0.64931,1.00,1.87
2016.04.05 12:49:45.143,0.64906,0.6493,1.50,1.50
2016.04.05 12:49:45.889,0.64905,0.64928,1.12,1.12
2016.04.05 12:49:46.407,0.64906,0.6493,1.00,1.37
2016.04.05 12:49:46.956,0.64907,0.64931,1.00,1.37
2016.04.05 12:49:50.350,0.64906,0.64929,1.50,1.37
2016.04.05 12:49:51.752,0.64907,0.6493,1.00,1.37
2016.04.05 12:49:52.297,0.64906,0.6493,1.50,1.37
2016.04.05 12:49:52.818,0.64905,0.64929,1.12,1.37
2016.04.05 12:49:53.146,0.64903,0.64924,1.00,1.00
2016.04.05 12:49:53.757,0.64903,0.64926,1.00,1.37
2016.04.05 12:49:57.033,0.64904,0.64924,1.00,1.00
2016.04.05 12:49:57.084,0.64902,0.64924,1.00,1.00
2016.04.05 12:49:57.618,0.64901,0.64924,1.12,1.00
2016.04.05 12:49:57.668,0.64901,0.64924,1.00,1.87
2016.04.05 12:49:58.054,0.64901,0.64923,1.87,1.00
2016.04.05 12:49:59.164,0.64901,0.64922,1.37,1.00
2016.04.05 12:49:59.487,0.64901,0.64923,1.12,1.37
2016.04.05 12:50:00.042,0.64901,0.64921,1.12,1.00
2016.04.05 12:50:00.409,0.64904,0.64922,1.00,1.12
2016.04.05 12:50:00.988,0.64904,0.64925,1.00,1.00
2016.04.05 12:50:01.095,0.64907,0.64925,1.00,1.00
2016.04.05 12:50:01.297,0.64906,0.64928,1.00,1.00
2016.04.05 12:50:01.498,0.64907,0.64927,1.00,1.37
2016.04.05 12:50:01.599,0.64905,0.64926,1.00,1.12
2016.04.05 12:50:01.650,0.64903,0.64925,1.12,1.00
2016.04.05 12:50:01.895,0.64902,0.64922,1.00,1.12
2016.04.05 12:50:02.427,0.64903,0.64924,1.50,1.87
2016.04.05 12:50:03.391,0.64899,0.64921,1.50,1.37
2016.04.05 12:50:10.800,0.64898,0.64922,1.50,1.37
2016.04.05 12:50:13.527,0.64899,0.64923,1.00,1.87
2016.04.05 12:50:20.691,0.64898,0.64919,1.00,1.00
2016.04.05 12:50:21.705,0.64896,0.6492,1.87,1.12
2016.04.05 12:50:22.276,0.64897,0.64919,1.12,1.00
2016.04.05 12:50:22.820,0.649,0.64919,1.00,1.00
2016.04.05 12:50:23.460,0.64897,0.64919,1.12,1.00
2016.04.05 12:50:24.863,0.64896,0.6492,1.37,1.12
2016.04.05 12:50:26.685,0.64896,0.64917,1.87,1.00
2016.04.05 12:50:30.237,0.64896,0.64919,1.87,1.00
2016.04.05 12:50:31.244,0.64897,0.64921,1.12,1.37
2016.04.05 12:50:33.663,0.64899,0.64921,1.00,1.37
2016.04.05 12:50:33.939,0.64899,0.64922,1.37,1.12
2016.04.05 12:50:33.990,0.64899,0.6492,1.37,1.00
2016.04.05 12:50:34.252,0.64898,0.64922,1.37,1.12
2016.04.05 12:50:36.294,0.64901,0.64925,1.00,1.37
2016.04.05 12:50:36.641,0.64903,0.64925,1.00,1.00
2016.04.05 12:50:37.183,0.64907,0.64928,1.00,1.12
2016.04.05 12:50:37.503,0.64905,0.64926,1.37,1.00
2016.04.05 12:50:38.133,0.64908,0.64928,1.00,1.12
2016.04.05 12:50:38.436,0.64913,0.6493,1.00,1.00
2016.04.05 12:50:39.233,0.64913,0.64934,1.00,1.37
2016.04.05 12:50:39.284,0.6491,0.64934,1.87,1.37
2016.04.05 12:50:39.816,0.64912,0.64933,1.00,1.12
2016.04.05 12:50:40.066,0.64914,0.64935,1.00,1.37
2016.04.05 12:50:40.665,0.64916,0.64937,1.00,1.00
2016.04.05 12:50:40.768,0.64916,0.64937,1.00,1.37
2016.04.05 12:50:40.819,0.64911,0.64934,1.00,1.37
2016.04.05 12:50:40.971,0.64911,0.64933,1.50,1.87
2016.04.05 12:50:41.123,0.64909,0.64931,1.50,1.37
2016.04.05 12:50:42.473,0.64908,0.64929,1.00,1.37
2016.04.05 12:50:43.022,0.64907,0.64929,1.00,1.37
2016.04.05 12:50:44.131,0.64905,0.64929,1.00,1.37
2016.04.05 12:50:46.051,0.64907,0.64927,1.00,1.00
2016.04.05 12:50:46.528,0.64905,0.64928,1.00,1.12
2016.04.05 12:50:46.579,0.64908,0.64928,1.00,1.12
2016.04.05 12:50:46.630,0.64905,0.64928,1.50,1.12
2016.04.05 12:50:46.782,0.64908,0.64931,1.00,1.37
2016.04.05 12:50:46.984,0.64906,0.64929,1.00,1.37
2016.04.05 12:50:47.227,0.64903,0.64927,1.00,1.87
2016.04.05 12:50:47.589,0.64903,0.64927,1.37,1.12
2016.04.05 12:50:49.189,0.64906,0.64927,1.00,1.12
2016.04.05 12:50:49.422,0.64906,0.64927,1.00,1.37
2016.04.05 12:50:49.873,0.64904,0.64927,1.00,1.37
2016.04.05 12:50:50.372,0.64906,0.64928,1.00,1.87
2016.04.05 12:50:51.045,0.64905,0.64928,1.00,1.37
2016.04.05 12:50:52.250,0.64906,0.64927,1.00,1.37
2016.04.05 12:50:53.854,0.64907,0.64929,1.00,1.37
2016.04.05 12:50:54.385,0.64906,0.6493,1.00,2.25
2016.04.05 12:50:54.907,0.64905,0.64929,1.00,1.37
2016.04.05 12:50:56.005,0.64906,0.6493,1.00,1.87
2016.04.05 12:50:56.568,0.64905,0.64929,1.50,1.37
2016.04.05 12:50:57.253,0.64906,0.64929,1.00,1.37
2016.04.05 12:50:57.758,0.64905,0.64929,1.00,1.87
2016.04.05 12:50:59.411,0.64906,0.6493,1.00,1.87
2016.04.05 12:50:59.812,0.64906,0.6493,1.00,1.87
2016.04.05 12:50:59.863,0.64908,0.64929,1.00,1.37
2016.04.05 12:51:00.258,0.64905,0.64925,1.00,1.37
2016.04.05 12:51:00.309,0.64902,0.64926,1.12,1.37
2016.04.05 12:51:03.434,0.64905,0.64926,1.00,1.87
2016.04.05 12:51:04.174,0.64902,0.64925,1.12,1.37
2016.04.05 12:51:04.477,0.64904,0.64926,1.00,1.87
2016.04.05 12:51:04.579,0.64902,0.64926,1.12,2.62
2016.04.05 12:51:04.867,0.649,0.64922,1.00,1.37
2016.04.05 12:51:05.472,0.64898,0.64921,1.37,1.37
2016.04.05 12:51:05.897,0.64901,0.64924,1.00,2.62
2016.04.05 12:51:06.914,0.64902,0.64923,1.00,1.37
2016.04.05 12:51:07.116,0.64899,0.64923,1.87,1.37
2016.04.05 12:51:07.217,0.64902,0.64923,1.00,1.37
2016.04.05 12:51:07.567,0.64905,0.64929,1.00,1.37
2016.04.05 12:51:07.668,0.64905,0.64929,1.37,1.12
2016.04.05 12:51:08.184,0.64905,0.64929,1.00,1.37
2016.04.05 12:51:09.294,0.64906,0.64929,1.00,1.37
2016.04.05 12:51:09.844,0.64907,0.64928,1.00,1.37
2016.04.05 12:51:10.090,0.64905,0.64928,1.50,1.37
2016.04.05 12:51:11.848,0.64906,0.64929,1.00,1.37
2016.04.05 12:51:13.053,0.64905,0.64929,1.00,1.87
2016.04.05 12:51:13.607,0.64906,0.64929,1.00,1.37
2016.04.05 12:51:15.162,0.64905,0.64928,1.00,1.37
2016.04.05 12:51:15.806,0.64905,0.64926,1.00,1.00
2016.04.05 12:51:15.907,0.64902,0.64924,1.37,1.00
2016.04.05 12:51:16.009,0.64901,0.64924,1.00,1.12
2016.04.05 12:51:16.553,0.64902,0.64926,1.00,1.87
2016.04.05 12:51:17.101,0.64904,0.64926,1.00,1.87
2016.04.05 12:51:17.203,0.64904,0.64926,1.00,1.50
2016.04.05 12:51:18.461,0.64905,0.64926,1.00,1.00
2016.04.05 12:51:19.216,0.64905,0.64928,1.00,1.37
2016.04.05 12:51:19.671,0.64907,0.64929,1.00,1.37
2016.04.05 12:51:19.772,0.64905,0.64929,1.00,1.37
2016.04.05 12:51:20.429,0.64904,0.64928,1.12,1.87
2016.04.05 12:51:21.377,0.64905,0.64928,1.00,1.87
2016.04.05 12:51:21.976,0.64906,0.64929,1.00,2.62
2016.04.05 12:51:22.520,0.64907,0.64929,1.00,1.37
2016.04.05 12:51:25.259,0.64905,0.64927,1.87,1.12
2016.04.05 12:51:26.128,0.64902,0.64926,1.37,1.00
2016.04.05 12:51:26.452,0.649,0.64924,1.87,1.00
2016.04.05 12:51:26.554,0.649,0.64923,2.62,1.00
2016.04.05 12:51:26.765,0.649,0.64917,1.37,1.00
2016.04.05 12:51:26.816,0.64895,0.64917,1.00,1.12
2016.04.05 12:51:27.379,0.64896,0.64918,1.00,1.37
2016.04.05 12:51:27.631,0.64899,0.64917,1.00,1.12
2016.04.05 12:51:27.833,0.64895,0.64919,1.50,1.37
2016.04.05 12:51:28.833,0.64899,0.64919,1.00,1.37
2016.04.05 12:51:29.931,0.64899,0.64921,1.00,1.12
2016.04.05 12:51:30.436,0.64897,0.64921,1.37,1.12
2016.04.05 12:51:30.606,0.649,0.64921,1.00,1.12
2016.04.05 12:51:32.223,0.64899,0.64921,1.00,1.12
2016.04.05 12:51:32.740,0.649,0.64922,1.00,1.87
2016.04.05 12:51:35.460,0.64899,0.64922,1.00,2.62
2016.04.05 12:51:37.159,0.649,0.64922,1.00,1.87
2016.04.05 12:51:37.664,0.64899,0.64923,1.50,1.37
2016.04.05 12:51:38.241,0.64896,0.6492,1.37,1.00
2016.04.05 12:51:38.552,0.64896,0.6492,1.12,1.37
2016.04.05 12:51:39.455,0.64897,0.64919,1.00,1.37
2016.04.05 12:51:40.641,0.64895,0.64919,1.87,1.37
2016.04.05 12:51:41.860,0.64896,0.64917,1.37,1.00
2016.04.05 12:51:42.012,0.64897,0.64921,1.37,1.00
2016.04.05 12:51:44.090,0.64896,0.6492,1.87,1.00
2016.04.05 12:51:47.132,0.64897,0.64921,1.37,1.00
2016.04.05 12:51:47.682,0.64896,0.64918,1.87,1.00
2016.04.05 12:51:47.935,0.64898,0.64922,1.37,1.00
2016.04.05 12:51:48.292,0.64899,0.64923,1.87,1.00
2016.04.05 12:51:48.844,0.649,0.64924,1.37,1.00
2016.04.05 12:51:51.837,0.64901,0.64925,1.37,1.00
2016.04.05 12:51:53.102,0.64903,0.64925,1.00,1.00
2016.04.05 12:51:53.566,0.64903,0.64927,1.87,1.00
2016.04.05 12:51:54.084,0.64905,0.64927,1.37,1.00
2016.04.05 12:51:54.185,0.64905,0.64929,1.87,1.00
2016.04.05 12:51:54.878,0.64904,0.64929,2.62,1.37
2016.04.05 12:51:57.101,0.64905,0.64929,1.00,1.37
2016.04.05 12:51:57.152,0.64903,0.64925,1.50,1.00
2016.04.05 12:51:57.691,0.64902,0.64926,1.12,1.12
2016.04.05 12:51:58.401,0.64903,0.64927,1.00,1.37
2016.04.05 12:51:58.928,0.64904,0.64928,1.37,1.00
2016.04.05 12:51:59.453,0.64903,0.64927,1.37,1.00
2016.04.05 12:51:59.812,0.64903,0.64927,1.12,1.37
2016.04.05 12:52:02.340,0.64902,0.64926,1.87,1.00
2016.04.05 12:52:03.345,0.64902,0.64924,1.37,1.00
2016.04.05 12:52:03.446,0.649,0.64924,1.87,1.12
2016.04.05 12:52:03.949,0.64901,0.64925,1.00,1.37
2016.04.05 12:52:04.354,0.64904,0.64926,1.00,1.00
2016.04.05 12:52:05.204,0.64901,0.64925,1.37,1.00
2016.04.05 12:52:05.456,0.64901,0.64925,1.00,1.37
2016.04.05 12:52:05.507,0.64903,0.64925,1.00,1.37
2016.04.05 12:52:05.760,0.649,0.64924,1.12,1.12
2016.04.05 12:52:06.400,0.64902,0.64926,1.00,1.37
2016.04.05 12:52:06.451,0.64902,0.64926,1.37,1.00
2016.04.05 12:52:07.482,0.64904,0.64926,1.00,1.00
2016.04.05 12:52:08.006,0.64904,0.64928,1.37,1.00
2016.04.05 12:52:08.118,0.64904,0.64928,1.00,1.37
2016.04.05 12:52:08.169,0.64902,0.64925,1.37,1.00
2016.04.05 12:52:08.481,0.649,0.64922,1.37,1.00
2016.04.05 12:52:08.733,0.649,0.64922,1.37,1.00
2016.04.05 12:52:08.802,0.64902,0.64924,1.00,1.12
2016.04.05 12:52:11.161,0.649,0.64924,1.37,1.12
2016.04.05 12:52:13.523,0.64902,0.64924,1.00,1.12
2016.04.05 12:52:14.026,0.64902,0.64924,1.37,1.00
2016.04.05 12:52:15.115,0.64904,0.64926,1.00,1.00
2016.04.05 12:52:17.534,0.64903,0.64927,1.12,1.12
2016.04.05 12:52:17.736,0.64905,0.64929,1.00,1.37
2016.04.05 12:52:18.687,0.64905,0.64929,1.37,1.00
2016.04.05 12:52:18.939,0.64909,0.64931,1.00,1.37
2016.04.05 12:52:19.497,0.64909,0.64931,1.37,1.00
2016.04.05 12:52:19.850,0.64907,0.64931,1.12,1.12
2016.04.05 12:52:20.354,0.64906,0.6493,1.37,1.00
2016.04.05 12:52:21.006,0.64908,0.64932,1.00,1.37
2016.04.05 12:52:21.794,0.64907,0.64931,1.12,1.12
2016.04.05 12:52:22.034,0.64907,0.64929,1.12,1.00
2016.04.05 12:52:22.381,0.64907,0.64929,1.37,1.00
2016.04.05 12:52:22.434,0.64908,0.64932,1.37,1.12
2016.04.05 12:52:24.458,0.64909,0.64931,1.37,1.00
2016.04.05 12:52:26.443,0.64909,0.64933,1.37,1.87
2016.04.05 12:52:27.039,0.64912,0.64934,1.00,1.37
2016.04.05 12:52:27.502,0.64914,0.64936,1.00,1.12
2016.04.05 12:52:28.006,0.64912,0.64936,1.37,1.12
2016.04.05 12:52:30.712,0.64911,0.64935,1.37,1.00
2016.04.05 12:52:32.916,0.64912,0.64934,1.37,1.00
2016.04.05 12:52:34.197,0.64913,0.64935,1.12,1.00
2016.04.05 12:52:34.701,0.64912,0.64936,1.37,1.12
2016.04.05 12:52:39.938,0.64911,0.64935,1.00,1.37
2016.04.05 12:52:41.589,0.6491,0.64934,1.12,1.37
2016.04.05 12:52:41.892,0.64908,0.64932,1.00,1.37
2016.04.05 12:52:43.259,0.64909,0.64931,1.00,1.37
2016.04.05 12:52:44.213,0.64907,0.64931,1.00,1.87
2016.04.05 12:52:44.415,0.64909,0.64933,1.00,1.37
2016.04.05 12:52:44.588,0.64911,0.64935,1.00,1.87
2016.04.05 12:52:44.891,0.64908,0.64932,1.12,1.12
2016.04.05 12:52:45.143,0.64909,0.64931,1.00,1.37
2016.04.05 12:52:45.244,0.64909,0.64931,1.87,1.00
2016.04.05 12:52:45.491,0.6491,0.64934,1.37,1.00
2016.04.05 12:52:45.543,0.64908,0.64932,2.62,1.00
2016.04.05 12:52:48.223,0.64911,0.64933,1.37,1.00
2016.04.05 12:52:50.076,0.64911,0.64933,1.00,1.12
2016.04.05 12:52:50.573,0.64909,0.64933,2.25,1.12
2016.04.05 12:52:51.203,0.6491,0.64933,1.00,1.12
2016.04.05 12:52:54.346,0.64909,0.64932,1.12,1.00
2016.04.05 12:52:54.562,0.64911,0.64932,1.00,1.00
2016.04.05 12:52:55.991,0.64911,0.64935,1.00,1.87
2016.04.05 12:52:57.468,0.64912,0.64934,1.00,1.37
2016.04.05 12:52:57.772,0.64912,0.64936,1.12,1.37
2016.04.05 12:52:58.350,0.64913,0.64936,1.00,1.37
2016.04.05 12:52:59.401,0.64914,0.64936,1.00,1.37
2016.04.05 12:53:00.281,0.64912,0.64936,1.12,1.37
2016.04.05 12:53:01.932,0.64912,0.64934,1.12,1.00
2016.04.05 12:53:02.443,0.64912,0.64936,1.12,1.37
2016.04.05 12:53:04.942,0.64911,0.64933,1.37,1.00
2016.04.05 12:53:05.240,0.64911,0.64935,1.37,1.12
2016.04.05 12:53:05.342,0.64914,0.64937,1.00,1.37
2016.04.05 12:53:05.443,0.64914,0.64938,1.12,1.12
2016.04.05 12:53:06.004,0.64915,0.64937,1.00,1.00
2016.04.05 12:53:06.282,0.64915,0.64937,1.87,1.00
2016.04.05 12:53:06.491,0.64917,0.64939,1.12,1.00
2016.04.05 12:53:06.693,0.6492,0.64944,1.00,1.37
2016.04.05 12:53:06.881,0.64921,0.64945,1.12,1.87
2016.04.05 12:53:08.095,0.64918,0.64942,1.37,1.00
2016.04.05 12:53:09.451,0.64918,0.6494,1.37,1.00
2016.04.05 12:53:10.091,0.64916,0.6494,1.37,1.37
2016.04.05 12:53:12.103,0.64916,0.64938,1.37,1.00
2016.04.05 12:53:12.611,0.64916,0.64937,1.37,1.00
2016.04.05 12:53:14.005,0.64918,0.6494,1.12,1.87
2016.04.05 12:53:14.056,0.64919,0.64942,1.12,1.00
2016.04.05 12:53:14.598,0.6492,0.64942,1.00,1.00
2016.04.05 12:53:15.828,0.64918,0.6494,1.37,1.00
2016.04.05 12:53:17.246,0.64918,0.64942,1.37,1.00
2016.04.05 12:53:17.775,0.64919,0.64943,1.12,1.12
2016.04.05 12:53:19.421,0.64921,0.64944,1.00,1.37
2016.04.05 12:53:19.792,0.64918,0.64942,1.87,1.00
2016.04.05 12:53:20.094,0.64921,0.64945,1.37,1.12
2016.04.05 12:53:20.771,0.64922,0.64944,1.12,1.00
2016.04.05 12:53:22.724,0.64921,0.64945,1.37,1.12
2016.04.05 12:53:23.432,0.6492,0.64944,1.37,1.00
2016.04.05 12:53:23.755,0.6492,0.64942,1.37,1.00
2016.04.05 12:53:23.907,0.6492,0.64942,1.12,1.37
2016.04.05 12:53:28.661,0.64921,0.64943,1.00,1.37
2016.04.05 12:53:29.204,0.64919,0.64943,1.37,1.87
2016.04.05 12:53:29.433,0.64917,0.64941,1.00,1.37
2016.04.05 12:53:29.741,0.64919,0.64943,1.00,1.37
2016.04.05 12:53:29.842,0.64917,0.64941,1.00,1.37
2016.04.05 12:53:30.309,0.64918,0.64941,1.37,1.12
2016.04.05 12:53:30.410,0.64918,0.64941,1.00,1.37
2016.04.05 12:53:30.461,0.64916,0.6494,1.00,1.37
2016.04.05 12:53:30.562,0.64914,0.64938,1.12,1.12
2016.04.05 12:53:30.713,0.64914,0.64937,1.00,1.37
2016.04.05 12:53:30.764,0.64912,0.64934,1.12,1.12
2016.04.05 12:53:31.653,0.64912,0.64936,1.37,1.00
2016.04.05 12:53:32.208,0.64914,0.64938,1.37,1.12
2016.04.05 12:53:32.309,0.64913,0.64935,1.87,1.00
2016.04.05 12:53:32.899,0.64914,0.64936,1.37,1.00
2016.04.05 12:53:33.653,0.64913,0.64937,1.37,1.00
2016.04.05 12:53:34.203,0.64913,0.64936,1.37,1.00
2016.04.05 12:53:34.889,0.64913,0.64936,1.12,1.37
2016.04.05 12:53:35.406,0.6491,0.64934,1.37,1.00
2016.04.05 12:53:36.691,0.64914,0.64936,1.00,1.37
2016.04.05 12:53:37.260,0.64912,0.64936,1.37,1.37
2016.04.05 12:53:37.412,0.64912,0.64936,1.37,1.00
2016.04.05 12:53:37.462,0.64914,0.64938,1.37,1.12
2016.04.05 12:53:37.972,0.64917,0.64941,1.00,1.87
2016.04.05 12:53:38.587,0.64916,0.6494,1.12,1.37
2016.04.05 12:53:40.015,0.64917,0.64941,1.00,1.37
2016.04.05 12:53:40.653,0.64917,0.64939,1.37,1.00
2016.04.05 12:53:40.805,0.6492,0.64942,1.00,1.12
2016.04.05 12:53:42.782,0.64917,0.64941,1.87,1.00
2016.04.05 12:53:43.515,0.64916,0.6494,1.37,1.00
2016.04.05 12:53:43.566,0.64916,0.6494,1.12,1.12
2016.04.05 12:53:43.667,0.64916,0.64938,1.12,1.00
2016.04.05 12:53:44.055,0.64917,0.64941,1.00,1.37
2016.04.05 12:53:44.173,0.64916,0.64938,1.12,1.00
2016.04.05 12:53:44.712,0.64916,0.64939,1.12,1.00
2016.04.05 12:53:46.079,0.64916,0.6494,1.12,1.12
2016.04.05 12:53:46.592,0.64915,0.64939,1.87,1.00
2016.04.05 12:53:47.015,0.64914,0.64938,1.12,1.87
2016.04.05 12:53:47.346,0.64913,0.64935,1.00,1.37
2016.04.05 12:53:47.648,0.64916,0.64938,1.00,1.37
2016.04.05 12:53:48.632,0.64915,0.64939,1.00,1.37
2016.04.05 12:53:49.891,0.64916,0.64939,1.00,1.37
2016.04.05 12:53:50.880,0.64915,0.64938,1.00,1.37
2016.04.05 12:53:51.475,0.64916,0.64939,1.00,1.37
2016.04.05 12:53:54.320,0.64914,0.64938,1.00,1.37
2016.04.05 12:53:55.162,0.64914,0.64935,1.00,1.00
2016.04.05 12:53:55.264,0.64913,0.64937,1.12,1.87
2016.04.05 12:53:55.314,0.6491,0.64934,1.87,1.00
2016.04.05 12:53:55.365,0.6491,0.64934,1.87,1.87
2016.04.05 12:53:55.416,0.64909,0.64931,1.37,1.00
2016.04.05 12:53:55.961,0.64908,0.6493,1.37,1.00
2016.04.05 12:53:56.491,0.64906,0.6493,1.37,1.00
2016.04.05 12:53:57.508,0.64905,0.64929,1.37,1.00
2016.04.05 12:53:57.811,0.64907,0.64931,1.12,1.12
2016.04.05 12:53:58.292,0.64906,0.64928,1.37,1.00
2016.04.05 12:53:58.393,0.64906,0.6493,1.37,1.00
2016.04.05 12:53:58.912,0.64908,0.6493,1.00,1.00
2016.04.05 12:53:59.474,0.64909,0.6493,1.00,1.00
2016.04.05 12:54:00.079,0.6491,0.64932,1.00,1.87
2016.04.05 12:54:00.420,0.64908,0.6493,1.00,1.00
2016.04.05 12:54:00.472,0.64908,0.6493,1.00,1.37
2016.04.05 12:54:00.573,0.64905,0.64928,1.00,1.37
2016.04.05 12:54:01.427,0.64906,0.6493,1.00,1.87
2016.04.05 12:54:02.033,0.64904,0.64926,1.00,1.00
2016.04.05 12:54:02.741,0.64905,0.64927,1.00,1.12
2016.04.05 12:54:02.792,0.64905,0.64929,1.37,1.00
2016.04.05 12:54:03.732,0.64905,0.64928,1.37,1.00
2016.04.05 12:54:03.782,0.64904,0.64926,1.87,1.12
2016.04.05 12:54:04.460,0.64909,0.64928,1.00,1.37
2016.04.05 12:54:04.571,0.64907,0.64928,1.12,1.00
2016.04.05 12:54:04.722,0.64909,0.64928,1.00,1.00
2016.04.05 12:54:05.231,0.64909,0.64931,1.00,1.87
2016.04.05 12:54:06.464,0.64906,0.6493,1.37,1.37
2016.04.05 12:54:07.161,0.64907,0.64928,1.12,1.00
2016.04.05 12:54:07.895,0.64907,0.64928,1.00,1.37
2016.04.05 12:54:08.046,0.64905,0.64927,1.00,1.87
2016.04.05 12:54:08.596,0.64903,0.64927,1.37,1.87
2016.04.05 12:54:08.875,0.64907,0.64927,1.00,1.12
2016.04.05 12:54:09.078,0.64905,0.64927,1.00,1.12
2016.04.05 12:54:09.600,0.64903,0.64927,1.37,1.87
2016.04.05 12:54:11.452,0.64906,0.64927,1.00,1.12
2016.04.05 12:54:12.154,0.64904,0.64927,1.12,1.12
2016.04.05 12:54:12.712,0.64905,0.64927,1.00,1.12
2016.04.05 12:54:13.456,0.64906,0.64929,1.00,1.87
2016.04.05 12:54:14.141,0.64907,0.64929,1.00,1.37
2016.04.05 12:54:14.681,0.64906,0.64929,1.00,1.87
2016.04.05 12:54:14.782,0.64909,0.64929,1.00,1.87
2016.04.05 12:54:15.309,0.64908,0.64929,1.00,1.87
2016.04.05 12:54:16.235,0.64907,0.64929,1.00,1.87
2016.04.05 12:54:17.064,0.64908,0.64929,1.00,1.87
2016.04.05 12:54:19.200,0.64907,0.64929,1.00,1.87
2016.04.05 12:54:19.871,0.64909,0.64929,1.00,1.37
2016.04.05 12:54:19.972,0.64907,0.64929,1.00,1.37
2016.04.05 12:54:20.073,0.64905,0.64926,1.50,1.00
2016.04.05 12:54:20.224,0.64905,0.64925,1.00,1.37
2016.04.05 12:54:20.527,0.649,0.64923,1.50,1.37
2016.04.05 12:54:22.024,0.64899,0.64921,1.50,1.37
2016.04.05 12:54:22.976,0.64909,0.64922,1.00,1.37
2016.04.05 12:54:23.128,0.64909,0.6493,1.37,1.00
2016.04.05 12:54:23.229,0.64905,0.64925,1.37,1.00
2016.04.05 12:54:23.330,0.64904,0.64928,2.62,1.00
2016.04.05 12:54:24.011,0.64903,0.64927,1.87,1.37
2016.04.05 12:54:24.552,0.64904,0.64927,1.00,1.37
2016.04.05 12:54:26.360,0.64905,0.64927,1.00,1.87
2016.04.05 12:54:30.283,0.64906,0.64928,1.00,1.12
2016.04.05 12:54:30.847,0.64905,0.64928,1.50,1.12
2016.04.05 12:54:31.333,0.64905,0.64927,1.00,1.37
2016.04.05 12:54:31.792,0.64899,0.64922,1.50,1.37
2016.04.05 12:54:31.947,0.649,0.64919,1.00,1.00
2016.04.05 12:54:32.166,0.649,0.64921,1.00,1.12
2016.04.05 12:54:33.511,0.64899,0.64921,1.12,1.12
2016.04.05 12:54:33.663,0.64899,0.64921,1.50,1.00
2016.04.05 12:54:34.935,0.64899,0.64922,1.50,1.00
2016.04.05 12:54:37.960,0.649,0.64923,1.37,1.00
2016.04.05 12:54:38.632,0.64899,0.64922,1.87,1.00
2016.04.05 12:54:39.702,0.64904,0.64922,1.00,1.00
2016.04.05 12:54:39.803,0.649,0.64923,1.37,1.00
2016.04.05 12:54:40.596,0.649,0.64917,1.37,1.00
2016.04.05 12:54:40.821,0.649,0.64922,1.37,1.00
2016.04.05 12:54:41.083,0.64898,0.64919,1.75,1.00
2016.04.05 12:54:41.184,0.649,0.64922,1.37,1.00
2016.04.05 12:54:41.386,0.64902,0.64921,1.37,1.00
2016.04.05 12:54:42.020,0.64902,0.64922,1.75,1.00
2016.04.05 12:54:43.270,0.64899,0.64921,1.87,1.00
2016.04.05 12:54:43.371,0.64899,0.6492,1.12,1.12
2016.04.05 12:54:44.001,0.649,0.6492,1.00,1.12
2016.04.05 12:54:44.662,0.64899,0.6492,1.00,1.12
2016.04.05 12:54:44.832,0.64897,0.64919,1.00,1.00
2016.04.05 12:54:46.026,0.64895,0.64918,1.37,1.00
2016.04.05 12:54:46.276,0.649,0.64917,1.00,1.00
2016.04.05 12:54:46.377,0.64894,0.64917,1.50,1.12
2016.04.05 12:54:46.541,0.64894,0.64914,1.50,1.00
2016.04.05 12:54:47.279,0.64899,0.64914,1.00,1.00
2016.04.05 12:54:47.650,0.64899,0.64918,1.00,1.37
2016.04.05 12:54:48.391,0.64895,0.64917,1.00,1.12
2016.04.05 12:54:48.442,0.64895,0.64915,1.00,1.00
2016.04.05 12:54:48.593,0.64889,0.64913,2.85,1.12
2016.04.05 12:54:49.157,0.6489,0.64913,1.00,1.37
2016.04.05 12:54:49.653,0.64889,0.64907,1.00,1.00
2016.04.05 12:54:49.905,0.64884,0.64903,1.00,1.12
2016.04.05 12:54:50.350,0.64889,0.64905,1.00,1.87
2016.04.05 12:54:50.867,0.64889,0.64909,1.00,1.37
2016.04.05 12:54:50.918,0.64889,0.64909,1.00,1.12
2016.04.05 12:54:52.242,0.6489,0.6491,1.00,1.37
2016.04.05 12:54:52.394,0.6489,0.64908,1.00,1.37
2016.04.05 12:54:52.546,0.64884,0.64904,1.00,1.12
2016.04.05 12:54:53.121,0.64884,0.64904,1.00,1.37
2016.04.05 12:54:54.748,0.64885,0.64906,1.00,1.87
2016.04.05 12:54:55.294,0.64884,0.64906,1.00,1.37
2016.04.05 12:54:55.970,0.6489,0.64905,1.00,1.12
2016.04.05 12:54:56.390,0.64884,0.64905,1.50,1.12
2016.04.05 12:54:56.547,0.64889,0.64905,1.00,1.12
2016.04.05 12:54:57.160,0.64884,0.64908,2.62,1.37
2016.04.05 12:54:57.380,0.64889,0.64908,1.00,1.37
2016.04.05 12:54:58.088,0.64889,0.64907,1.00,1.87
2016.04.05 12:54:58.139,0.64889,0.64905,1.00,1.37
2016.04.05 12:54:58.190,0.64885,0.64905,1.00,1.37
2016.04.05 12:54:58.697,0.64884,0.64906,1.00,1.87
2016.04.05 12:54:59.230,0.64884,0.64901,1.00,1.37
2016.04.05 12:54:59.533,0.64883,0.64898,1.00,1.12
2016.04.05 12:54:59.843,0.64883,0.64899,1.00,1.37
2016.04.05 12:54:59.994,0.64879,0.64898,1.00,1.37
2016.04.05 12:55:00.340,0.64874,0.64898,2.62,1.37
2016.04.05 12:55:00.492,0.6488,0.64896,1.00,1.37
2016.04.05 12:55:01.011,0.64879,0.64896,1.00,1.37
2016.04.05 12:55:01.808,0.64874,0.64896,1.87,1.37
2016.04.05 12:55:01.909,0.64879,0.64896,1.00,1.87
2016.04.05 12:55:02.010,0.64874,0.64896,1.50,1.87
2016.04.05 12:55:02.512,0.64874,0.64896,1.00,1.87
2016.04.05 12:55:02.992,0.64879,0.64894,1.00,1.00
2016.04.05 12:55:03.494,0.64879,0.64893,1.00,1.00
2016.04.05 12:55:04.077,0.6488,0.64893,1.00,1.00
2016.04.05 12:55:04.623,0.64879,0.64893,1.00,1.00
2016.04.05 12:55:05.246,0.64879,0.64896,1.00,1.87
2016.04.05 12:55:05.877,0.6488,0.64897,1.00,1.37
2016.04.05 12:55:05.978,0.6488,0.64898,1.00,1.12
2016.04.05 12:55:06.511,0.64879,0.64898,1.00,1.12
2016.04.05 12:55:06.713,0.64879,0.64896,1.00,1.00
2016.04.05 12:55:07.173,0.64879,0.649,1.00,1.37
2016.04.05 12:55:08.182,0.6488,0.64899,1.00,1.37
2016.04.05 12:55:10.683,0.64879,0.64898,1.00,1.12
2016.04.05 12:55:11.213,0.6488,0.64897,1.00,1.00
2016.04.05 12:55:11.721,0.64874,0.64896,1.50,1.00
2016.04.05 12:55:12.371,0.64875,0.64896,1.00,1.00
2016.04.05 12:55:14.260,0.64875,0.64897,1.00,1.00
2016.04.05 12:55:14.364,0.6488,0.64897,1.00,1.00
2016.04.05 12:55:16.898,0.64879,0.64897,1.00,1.00
2016.04.05 12:55:17.498,0.64879,0.649,1.00,1.37
2016.04.05 12:55:18.282,0.6488,0.649,1.00,1.37
2016.04.05 12:55:19.201,0.64879,0.649,1.00,1.37
2016.04.05 12:55:20.104,0.64883,0.64903,1.00,1.12
2016.04.05 12:55:20.314,0.64884,0.64903,1.37,1.12
2016.04.05 12:55:20.617,0.64889,0.64907,1.00,1.00
2016.04.05 12:55:21.501,0.64889,0.64908,1.00,1.00
2016.04.05 12:55:21.956,0.64887,0.64908,1.00,1.00
2016.04.05 12:55:22.259,0.64887,0.64908,1.37,1.00
2016.04.05 12:55:22.810,0.64889,0.64908,1.37,1.00
2016.04.05 12:55:24.966,0.6489,0.64909,1.12,1.12
2016.04.05 12:55:25.432,0.64885,0.64909,1.50,1.12
2016.04.05 12:55:25.482,0.64887,0.64908,1.00,1.00
2016.04.05 12:55:25.988,0.64889,0.64908,1.00,1.00
2016.04.05 12:55:26.039,0.64889,0.64911,1.12,1.12
2016.04.05 12:55:26.140,0.64889,0.64911,1.50,1.00
2016.04.05 12:55:26.191,0.6489,0.64913,1.37,1.00
2016.04.05 12:55:26.503,0.64893,0.64914,1.00,1.12
2016.04.05 12:55:27.304,0.64891,0.64912,1.12,1.00
2016.04.05 12:55:30.364,0.6489,0.64913,1.37,1.00
2016.04.05 12:55:30.665,0.64897,0.64919,1.00,1.37
2016.04.05 12:55:30.716,0.64897,0.64919,1.12,1.00
2016.04.05 12:55:30.868,0.64894,0.64916,1.87,1.00
2016.04.05 12:55:30.919,0.64894,0.64916,1.50,1.12
2016.04.05 12:55:31.020,0.64894,0.64914,1.00,1.00
2016.04.05 12:55:31.526,0.64894,0.64913,1.00,1.00
2016.04.05 12:55:32.008,0.64894,0.64915,1.00,1.00
2016.04.05 12:55:32.801,0.64895,0.64915,1.00,1.00
2016.04.05 12:55:33.342,0.64894,0.64915,1.00,1.00
2016.04.05 12:55:33.883,0.64894,0.64916,1.87,1.12
2016.04.05 12:55:34.423,0.64895,0.6491,1.12,1.00
2016.04.05 12:55:34.625,0.64889,0.64911,1.00,1.00
2016.04.05 12:55:34.894,0.64888,0.64907,1.12,1.00
2016.04.05 12:55:34.944,0.64884,0.64907,1.00,1.87
2016.04.05 12:55:35.096,0.64881,0.64902,1.12,1.00
2016.04.05 12:55:35.399,0.64879,0.649,1.12,1.00
2016.04.05 12:55:35.550,0.64877,0.649,1.12,1.00
2016.04.05 12:55:35.711,0.64875,0.64896,1.37,1.00
2016.04.05 12:55:36.417,0.64874,0.64897,1.37,1.00
2016.04.05 12:55:36.569,0.64875,0.64896,1.00,1.00
2016.04.05 12:55:36.619,0.64874,0.64892,1.37,1.00
2016.04.05 12:55:36.921,0.64874,0.64894,1.87,1.00
2016.04.05 12:55:37.573,0.64875,0.64896,1.12,1.00
2016.04.05 12:55:37.625,0.64875,0.64893,1.12,1.00
2016.04.05 12:55:37.827,0.64874,0.64895,3.00,1.00
2016.04.05 12:55:38.371,0.64874,0.64894,2.25,1.00
2016.04.05 12:55:39.071,0.6488,0.64894,1.00,1.00
2016.04.05 12:55:39.356,0.6488,0.64896,1.00,1.00
2016.04.05 12:55:39.538,0.64875,0.64896,1.12,1.00
2016.04.05 12:55:40.013,0.64874,0.64893,1.37,1.00
2016.04.05 12:55:40.693,0.64875,0.64894,1.12,1.00
2016.04.05 12:55:40.997,0.64874,0.64896,1.37,1.00
2016.04.05 12:55:41.210,0.64874,0.64893,1.37,1.00
2016.04.05 12:55:41.474,0.64874,0.64895,2.62,1.00
2016.04.05 12:55:42.356,0.64874,0.64894,1.37,1.00
2016.04.05 12:55:42.861,0.64874,0.64896,1.37,1.00
2016.04.05 12:55:43.855,0.64874,0.64894,1.87,1.00
2016.04.05 12:55:44.305,0.64875,0.64898,1.12,1.12
2016.04.05 12:55:44.356,0.64875,0.64898,1.87,1.00
2016.04.05 12:55:44.957,0.64874,0.64896,1.50,1.00
2016.04.05 12:55:45.768,0.64877,0.64899,1.37,1.00
2016.04.05 12:55:46.310,0.64876,0.64898,1.37,1.00
2016.04.05 12:55:46.613,0.64877,0.64901,1.37,1.00
2016.04.05 12:55:47.481,0.64877,0.64899,1.87,1.00
2016.04.05 12:55:48.360,0.6488,0.64899,1.00,1.00
2016.04.05 12:55:48.910,0.64879,0.64899,1.00,1.00
2016.04.05 12:55:49.666,0.6488,0.64899,1.00,1.00
2016.04.05 12:55:49.867,0.64877,0.64899,1.37,1.00
2016.04.05 12:55:50.524,0.6488,0.649,1.00,1.00
2016.04.05 12:55:51.226,0.64879,0.649,1.00,1.00
2016.04.05 12:55:51.820,0.6488,0.649,1.00,1.00
2016.04.05 12:55:52.278,0.64877,0.64899,1.37,1.00
2016.04.05 12:55:52.825,0.64879,0.64899,1.00,1.00
2016.04.05 12:55:53.337,0.64877,0.64899,1.37,1.00
2016.04.05 12:55:56.531,0.64877,0.649,1.37,1.00
2016.04.05 12:56:01.426,0.64877,0.649,2.25,1.00
2016.04.05 12:56:02.339,0.64878,0.64901,1.12,1.00
2016.04.05 12:56:03.038,0.6488,0.649,1.00,1.00
2016.04.05 12:56:03.620,0.6488,0.64901,1.00,1.00
2016.04.05 12:56:06.671,0.6488,0.649,1.00,1.00
2016.04.05 12:56:08.062,0.64877,0.64901,1.87,1.00
2016.04.05 12:56:08.600,0.64878,0.64902,1.87,1.12
2016.04.05 12:56:09.285,0.64877,0.64901,1.87,1.00
2016.04.05 12:56:12.306,0.64877,0.64899,1.37,1.00
2016.04.05 12:56:12.356,0.64874,0.64897,1.37,1.00
2016.04.05 12:56:12.940,0.64874,0.64896,1.87,1.00
2016.04.05 12:56:13.719,0.64872,0.64895,1.12,1.00
2016.04.05 12:56:13.820,0.6487,0.64892,1.37,1.00
2016.04.05 12:56:14.006,0.64871,0.64894,1.37,1.00
2016.04.05 12:56:15.269,0.64873,0.64897,1.00,1.37
2016.04.05 12:56:15.531,0.6487,0.64894,1.37,1.00
2016.04.05 12:56:16.639,0.64867,0.6489,1.37,1.00
2016.04.05 12:56:16.962,0.64864,0.64883,1.37,1.00
2016.04.05 12:56:17.182,0.64864,0.64886,1.37,1.00
2016.04.05 12:56:17.520,0.64862,0.64883,1.87,1.00
2016.04.05 12:56:17.772,0.64865,0.64888,1.12,1.12
2016.04.05 12:56:17.924,0.64869,0.64888,1.00,1.12
2016.04.05 12:56:18.469,0.6487,0.64889,1.00,1.37
2016.04.05 12:56:19.168,0.6487,0.64887,1.00,1.00
2016.04.05 12:56:19.468,0.64866,0.64887,1.00,1.00
2016.04.05 12:56:19.889,0.64869,0.64889,1.00,1.37
2016.04.05 12:56:20.456,0.64866,0.64889,1.00,1.37
2016.04.05 12:56:20.507,0.64865,0.64886,1.12,1.00
2016.04.05 12:56:20.871,0.6487,0.64886,1.00,1.00
2016.04.05 12:56:20.922,0.6487,0.64889,1.00,1.37
2016.04.05 12:56:21.672,0.64866,0.64889,1.00,1.37
2016.04.05 12:56:22.644,0.64869,0.64889,1.00,1.37
2016.04.05 12:56:22.745,0.64866,0.64889,1.00,1.37
2016.04.05 12:56:22.796,0.64865,0.64886,1.50,1.00
2016.04.05 12:56:23.306,0.64869,0.64886,1.00,1.00
2016.04.05 12:56:23.357,0.64869,0.64888,1.00,1.12
2016.04.05 12:56:23.977,0.6487,0.64888,1.00,1.12
2016.04.05 12:56:24.978,0.64869,0.64888,1.00,1.12
2016.04.05 12:56:25.181,0.64874,0.64889,1.00,1.00
2016.04.05 12:56:25.232,0.64874,0.64893,1.00,1.00
2016.04.05 12:56:25.473,0.64871,0.64893,1.37,1.00
2016.04.05 12:56:25.526,0.64871,0.64895,1.37,1.87
2016.04.05 12:56:25.577,0.64869,0.64893,3.00,1.00
2016.04.05 12:56:26.213,0.6487,0.64892,1.87,1.00
2016.04.05 12:56:26.264,0.6487,0.64892,1.00,1.12
2016.04.05 12:56:26.466,0.6487,0.64894,1.37,1.00
2016.04.05 12:56:26.784,0.64871,0.64892,1.37,1.00
2016.04.05 12:56:27.285,0.64869,0.6489,1.87,1.00
2016.04.05 12:56:27.441,0.6487,0.64893,1.37,1.00
2016.04.05 12:56:27.743,0.64868,0.6489,1.37,1.00
2016.04.05 12:56:28.291,0.6487,0.64891,1.87,1.00
2016.04.05 12:56:28.988,0.64872,0.64893,1.12,1.00
2016.04.05 12:56:29.391,0.64873,0.64896,1.00,1.37
2016.04.05 12:56:29.492,0.64873,0.64896,1.37,1.00
2016.04.05 12:56:29.945,0.64877,0.649,1.00,1.37
2016.04.05 12:56:30.592,0.64875,0.64897,1.37,1.00
2016.04.05 12:56:31.190,0.64875,0.64898,1.87,1.00
2016.04.05 12:56:33.517,0.64875,0.64897,1.87,1.00
2016.04.05 12:56:36.429,0.64875,0.64898,1.87,1.00
2016.04.05 12:56:38.519,0.64875,0.64897,1.37,1.00
2016.04.05 12:56:39.733,0.64875,0.64898,1.87,1.00
2016.04.05 12:56:40.311,0.64875,0.64897,1.37,1.00
2016.04.05 12:56:42.165,0.64875,0.64896,1.37,1.00
2016.04.05 12:56:42.482,0.64874,0.64893,1.37,1.00
2016.04.05 12:56:42.636,0.64874,0.64896,1.37,1.00
2016.04.05 12:56:44.470,0.64874,0.64895,1.37,1.00
2016.04.05 12:56:45.171,0.64874,0.64897,1.87,1.00
2016.04.05 12:56:45.272,0.64874,0.64895,1.87,1.00
2016.04.05 12:56:46.021,0.64874,0.64897,1.87,1.00
2016.04.05 12:56:46.371,0.64872,0.64895,1.87,1.00
2016.04.05 12:56:46.850,0.64874,0.64897,1.87,1.00
2016.04.05 12:56:47.209,0.64873,0.64894,1.37,1.00
2016.04.05 12:56:47.672,0.64874,0.64897,1.87,1.00
2016.04.05 12:56:47.902,0.64874,0.64895,1.37,1.00
2016.04.05 12:56:48.003,0.64866,0.6489,1.37,1.00
2016.04.05 12:56:48.720,0.6487,0.6489,1.00,1.00
2016.04.05 12:56:49.221,0.64866,0.64888,1.87,1.00
2016.04.05 12:56:49.530,0.64869,0.64891,1.12,1.00
2016.04.05 12:56:50.227,0.64869,0.64892,1.12,1.12
2016.04.05 12:56:50.731,0.64868,0.64891,1.37,1.00
2016.04.05 12:56:51.483,0.6487,0.64891,1.00,1.00
2016.04.05 12:56:52.157,0.64869,0.64892,1.87,1.12
2016.04.05 12:56:52.491,0.64869,0.6489,1.87,1.00
2016.04.05 12:56:52.936,0.6487,0.64893,1.00,1.37
2016.04.05 12:56:53.450,0.64869,0.64891,1.12,1.00
2016.04.05 12:56:53.500,0.64869,0.64889,1.12,1.00
2016.04.05 12:56:53.909,0.6487,0.64891,1.00,1.00
2016.04.05 12:56:54.139,0.64866,0.64889,1.37,1.00
2016.04.05 12:56:54.493,0.64869,0.64891,1.12,1.00
2016.04.05 12:56:55.044,0.64869,0.6489,1.12,1.00
2016.04.05 12:56:55.814,0.64869,0.64889,1.12,1.00
2016.04.05 12:56:56.931,0.64866,0.64888,1.37,1.00
2016.04.05 12:56:57.459,0.64867,0.64889,1.37,1.00
2016.04.05 12:56:59.215,0.64869,0.6489,1.12,1.00
2016.04.05 12:57:01.322,0.64867,0.64891,1.37,1.00
2016.04.05 12:57:01.841,0.64866,0.6489,1.37,1.00
2016.04.05 12:57:02.377,0.64865,0.64889,1.87,1.00
2016.04.05 12:57:02.915,0.64866,0.6489,1.37,1.00
2016.04.05 12:57:03.941,0.64867,0.6489,1.37,1.00
2016.04.05 12:57:04.244,0.64866,0.64886,1.00,1.12
2016.04.05 12:57:04.294,0.6486,0.64882,1.37,1.00
2016.04.05 12:57:04.700,0.6486,0.64879,1.37,1.00
2016.04.05 12:57:05.143,0.6486,0.64883,1.37,1.00
2016.04.05 12:57:05.295,0.64862,0.64885,1.12,1.00
2016.04.05 12:57:05.345,0.64865,0.64885,1.00,1.00
2016.04.05 12:57:05.645,0.64862,0.64885,1.00,1.37
2016.04.05 12:57:05.696,0.64859,0.64882,1.87,1.00
2016.04.05 12:57:05.824,0.64859,0.6488,1.37,1.00
2016.04.05 12:57:06.353,0.64858,0.64882,1.87,1.00
2016.04.05 12:57:06.454,0.64865,0.64882,1.00,1.00
2016.04.05 12:57:07.041,0.64867,0.64888,1.37,1.00
2016.04.05 12:57:07.142,0.64867,0.6489,1.87,1.00
2016.04.05 12:57:07.862,0.64867,0.6489,1.00,1.37
2016.04.05 12:57:08.013,0.64864,0.64886,1.37,1.00
2016.04.05 12:57:08.351,0.64863,0.64883,1.37,1.00
2016.04.05 12:57:08.805,0.64864,0.64885,1.37,1.00
2016.04.05 12:57:09.007,0.64864,0.64882,1.37,1.00
2016.04.05 12:57:09.159,0.64861,0.64882,1.12,1.00
2016.04.05 12:57:09.963,0.64865,0.64882,1.00,1.00
2016.04.05 12:57:10.418,0.64859,0.64883,1.87,1.00
2016.04.05 12:57:10.468,0.64859,0.64881,1.87,1.00
2016.04.05 12:57:10.914,0.64858,0.64878,1.37,1.00
2016.04.05 12:57:11.121,0.64858,0.6488,1.87,1.00
2016.04.05 12:57:11.999,0.64859,0.64879,1.37,1.00
2016.04.05 12:57:12.546,0.64859,0.64881,1.37,1.00
2016.04.05 12:57:13.074,0.64859,0.6488,1.37,1.00
2016.04.05 12:57:13.427,0.6486,0.64883,1.37,1.00
2016.04.05 12:57:13.928,0.6486,0.64882,1.37,1.00
2016.04.05 12:57:14.970,0.6486,0.64883,1.87,1.00
2016.04.05 12:57:15.071,0.64865,0.64883,1.00,1.00
2016.04.05 12:57:15.616,0.64861,0.64884,1.12,1.00
2016.04.05 12:57:16.257,0.64861,0.64883,1.12,1.00
2016.04.05 12:57:18.120,0.64859,0.64881,1.87,1.00
2016.04.05 12:57:18.439,0.64864,0.64883,1.00,1.00
2016.04.05 12:57:18.542,0.64862,0.64884,1.00,1.00
2016.04.05 12:57:19.255,0.64861,0.64883,1.12,1.00
2016.04.05 12:57:19.359,0.6486,0.64881,1.37,1.00
2016.04.05 12:57:19.907,0.64859,0.64882,1.37,1.00
2016.04.05 12:57:23.779,0.6486,0.6488,1.37,1.00
2016.04.05 12:57:25.032,0.6486,0.6488,1.12,1.00
2016.04.05 12:57:25.084,0.6486,0.64882,1.12,1.00
2016.04.05 12:57:25.721,0.64859,0.64879,1.87,1.00
2016.04.05 12:57:25.923,0.64856,0.64879,1.00,1.87
2016.04.05 12:57:25.974,0.64855,0.64874,1.12,1.00
2016.04.05 12:57:26.787,0.6485,0.64874,1.37,1.12
2016.04.05 12:57:28.137,0.64849,0.64872,1.37,1.00
2016.04.05 12:57:28.394,0.64851,0.64874,1.12,1.12
2016.04.05 12:57:33.417,0.6485,0.64873,1.37,1.00
2016.04.05 12:57:34.406,0.64849,0.64872,1.37,1.50
2016.04.05 12:57:34.507,0.64849,0.64872,1.00,1.87
2016.04.05 12:57:35.256,0.6485,0.64872,1.00,1.87
2016.04.05 12:57:35.841,0.6485,0.64871,1.00,1.00
2016.04.05 12:57:36.510,0.64849,0.64871,1.00,1.00
2016.04.05 12:57:37.029,0.6485,0.64872,1.00,1.87
2016.04.05 12:57:37.561,0.64849,0.64872,1.50,1.87
2016.04.05 12:57:38.150,0.6485,0.64872,1.00,1.12
2016.04.05 12:57:38.201,0.64849,0.64872,1.87,1.00
2016.04.05 12:57:38.252,0.64851,0.64874,1.37,1.12
2016.04.05 12:57:38.579,0.6485,0.64871,1.37,1.00
2016.04.05 12:57:41.669,0.64852,0.64873,1.12,1.00
2016.04.05 12:57:42.178,0.6485,0.64872,1.37,1.00
2016.04.05 12:57:42.620,0.64849,0.64872,1.50,1.37
2016.04.05 12:57:42.992,0.64848,0.64869,1.00,1.00
2016.04.05 12:57:43.496,0.64846,0.6487,1.37,1.00
2016.04.05 12:57:46.878,0.64844,0.64866,2.62,1.00
2016.04.05 12:57:47.096,0.64844,0.64866,1.87,1.00
2016.04.05 12:57:47.886,0.64845,0.64866,1.00,1.00
2016.04.05 12:57:47.987,0.64849,0.64866,1.00,1.00
2016.04.05 12:57:48.088,0.64849,0.6487,1.00,1.00
2016.04.05 12:57:50.134,0.64849,0.64871,1.00,1.12
2016.04.05 12:57:50.460,0.64852,0.64873,1.00,1.37
2016.04.05 12:57:50.662,0.64852,0.64875,1.12,1.50
2016.04.05 12:57:50.919,0.64852,0.64873,1.12,1.00
2016.04.05 12:57:52.338,0.64851,0.64875,1.37,1.50
2016.04.05 12:57:52.978,0.64851,0.64873,1.00,1.37
2016.04.05 12:57:53.029,0.64847,0.64869,1.37,1.00
2016.04.05 12:57:53.341,0.64848,0.64871,1.12,1.87
2016.04.05 12:57:53.891,0.64848,0.6487,1.12,1.00
2016.04.05 12:57:54.442,0.64849,0.6487,1.00,1.00
2016.04.05 12:57:55.210,0.6485,0.6487,1.00,1.00
2016.04.05 12:57:55.716,0.64849,0.6487,1.00,1.00
2016.04.05 12:57:56.286,0.6485,0.6487,1.00,1.00
2016.04.05 12:57:56.778,0.64846,0.64869,1.00,1.12
2016.04.05 12:57:57.499,0.64844,0.64868,1.87,1.00
2016.04.05 12:57:58.073,0.64846,0.64869,1.00,1.12
2016.04.05 12:57:58.225,0.6485,0.64868,1.00,1.00
2016.04.05 12:57:58.618,0.64848,0.6487,1.00,1.87
2016.04.05 12:57:58.769,0.6485,0.64872,1.00,1.37
2016.04.05 12:57:59.172,0.6485,0.64874,1.12,1.12
2016.04.05 12:57:59.288,0.64853,0.64874,1.00,1.12
2016.04.05 12:57:59.540,0.64853,0.64876,1.12,1.00
2016.04.05 12:57:59.591,0.64855,0.64879,1.00,1.87
2016.04.05 12:58:00.087,0.64856,0.6488,1.37,1.50
2016.04.05 12:58:00.607,0.64856,0.64879,1.37,1.00
2016.04.05 12:58:01.253,0.64856,0.64879,1.00,1.37
2016.04.05 12:58:02.460,0.64855,0.64878,1.00,1.12
2016.04.05 12:58:02.893,0.64855,0.64876,1.00,1.00
2016.04.05 12:58:03.196,0.64855,0.64875,1.00,1.37
2016.04.05 12:58:03.247,0.64853,0.64875,1.00,1.37
2016.04.05 12:58:03.348,0.6485,0.64873,1.00,1.37
2016.04.05 12:58:03.449,0.64852,0.64874,1.00,1.37
2016.04.05 12:58:03.702,0.6485,0.64873,1.00,1.37
2016.04.05 12:58:04.436,0.64849,0.64871,1.12,1.00
2016.04.05 12:58:04.920,0.64854,0.64872,1.00,1.12
2016.04.05 12:58:05.000,0.6485,0.64872,1.00,1.12
2016.04.05 12:58:05.523,0.64849,0.64871,1.12,1.00
2016.04.05 12:58:05.574,0.64852,0.64872,1.00,1.12
2016.04.05 12:58:05.776,0.64853,0.64874,1.12,1.12
2016.04.05 12:58:07.973,0.64854,0.64875,1.50,1.87
2016.04.05 12:58:09.528,0.64855,0.64875,1.00,1.37
2016.04.05 12:58:10.243,0.64854,0.64876,1.00,1.37
2016.04.05 12:58:10.395,0.6486,0.6488,1.00,1.37
2016.04.05 12:58:10.496,0.6486,0.64881,1.00,1.12
2016.04.05 12:58:11.019,0.64857,0.6488,1.37,1.00
2016.04.05 12:58:11.471,0.64861,0.64882,1.00,1.37
2016.04.05 12:58:11.774,0.64858,0.64879,1.37,1.00
2016.04.05 12:58:12.082,0.64856,0.64877,1.37,1.00
2016.04.05 12:58:12.383,0.64858,0.64879,1.37,1.00
2016.04.05 12:58:12.897,0.64858,0.64879,1.00,1.12
2016.04.05 12:58:12.998,0.64856,0.64878,1.12,1.00
2016.04.05 12:58:13.580,0.64856,0.6488,1.12,1.87
2016.04.05 12:58:14.136,0.64855,0.64878,1.37,1.00
2016.04.05 12:58:14.639,0.64855,0.64879,1.87,1.12
2016.04.05 12:58:15.140,0.64858,0.64881,1.00,1.87
2016.04.05 12:58:15.332,0.64856,0.64879,1.12,1.12
2016.04.05 12:58:15.739,0.64858,0.64879,1.00,1.12
2016.04.05 12:58:15.991,0.64856,0.64878,1.12,1.00
2016.04.05 12:58:17.411,0.64855,0.64879,1.87,1.12
2016.04.05 12:58:17.694,0.64859,0.64881,1.00,1.87
2016.04.05 12:58:17.795,0.64857,0.64881,1.00,1.87
2016.04.05 12:58:18.346,0.64856,0.64878,1.12,1.00
2016.04.05 12:58:18.899,0.64856,0.64879,1.12,1.12
2016.04.05 12:58:19.197,0.64855,0.64877,1.37,1.00
2016.04.05 12:58:19.558,0.64854,0.64876,1.00,1.00
2016.04.05 12:58:20.149,0.64855,0.64876,1.00,1.00
2016.04.05 12:58:20.413,0.64854,0.64873,1.00,1.00
2016.04.05 12:58:20.772,0.6485,0.64873,1.12,1.12
2016.04.05 12:58:21.927,0.64849,0.64871,1.87,1.00
2016.04.05 12:58:22.455,0.6485,0.6487,1.12,1.00
2016.04.05 12:58:23.060,0.6485,0.64872,1.12,1.00
2016.04.05 12:58:23.129,0.64852,0.64873,1.00,1.12
2016.04.05 12:58:25.011,0.64851,0.64872,1.00,1.00
2016.04.05 12:58:25.439,0.64852,0.64874,1.12,1.00
2016.04.05 12:58:27.327,0.6485,0.64873,1.37,1.00
2016.04.05 12:58:27.428,0.6485,0.64873,1.12,1.12
2016.04.05 12:58:27.530,0.64849,0.6487,1.37,1.00
2016.04.05 12:58:27.858,0.6485,0.64872,1.12,1.00
2016.04.05 12:58:28.367,0.6485,0.64873,1.12,1.87
2016.04.05 12:58:29.305,0.64849,0.6487,1.87,1.00
2016.04.05 12:58:29.407,0.64849,0.64873,1.87,1.87
2016.04.05 12:58:29.989,0.64852,0.64874,1.00,1.87
2016.04.05 12:58:30.242,0.64853,0.64875,1.12,1.12
2016.04.05 12:58:30.684,0.64855,0.64876,1.00,1.37
2016.04.05 12:58:31.274,0.64854,0.64876,1.00,1.37
2016.04.05 12:58:31.775,0.64852,0.64876,1.37,1.37
2016.04.05 12:58:36.841,0.64854,0.64875,1.00,1.12
2016.04.05 12:58:37.376,0.64855,0.64875,1.00,1.12
2016.04.05 12:58:37.944,0.64854,0.64875,1.50,1.12
2016.04.05 12:58:39.068,0.64855,0.64875,1.00,1.12
2016.04.05 12:58:39.597,0.64854,0.64877,1.00,1.87
2016.04.05 12:58:40.179,0.64855,0.64877,1.00,1.37
2016.04.05 12:58:40.746,0.64854,0.64877,1.00,1.87
2016.04.05 12:58:40.897,0.64856,0.64878,1.12,1.00
2016.04.05 12:58:41.623,0.64856,0.64877,1.12,1.00
2016.04.05 12:58:42.152,0.64855,0.64876,1.87,1.00
2016.04.05 12:58:42.268,0.64855,0.64878,1.37,1.00
2016.04.05 12:58:42.521,0.64858,0.64881,1.00,1.87
2016.04.05 12:58:42.823,0.6486,0.64882,1.12,1.37
2016.04.05 12:58:43.373,0.64864,0.64887,1.00,2.62
2016.04.05 12:58:43.424,0.64864,0.64887,1.00,1.87
2016.04.05 12:58:43.626,0.64866,0.64888,1.00,1.87
2016.04.05 12:58:43.677,0.64866,0.64888,1.00,1.87
2016.04.05 12:58:44.302,0.64866,0.64887,1.00,1.37
2016.04.05 12:58:44.722,0.64864,0.64885,1.00,1.37
2016.04.05 12:58:45.310,0.64865,0.64885,1.00,1.37
2016.04.05 12:58:45.552,0.64862,0.64884,1.37,1.12
2016.04.05 12:58:45.909,0.6486,0.64883,1.00,1.37
2016.04.05 12:58:46.161,0.64863,0.64884,1.00,1.00
2016.04.05 12:58:47.109,0.64864,0.64885,1.00,1.87
2016.04.05 12:58:47.646,0.64863,0.64885,1.00,1.12
2016.04.05 12:58:48.128,0.64865,0.64887,1.00,1.87
2016.04.05 12:58:48.341,0.64863,0.64887,1.00,1.37
2016.04.05 12:58:49.023,0.64863,0.64887,1.37,1.12
2016.04.05 12:58:50.125,0.64867,0.64889,1.00,1.37
2016.04.05 12:58:50.659,0.64866,0.64888,1.12,1.37
2016.04.05 12:58:51.224,0.64868,0.6489,1.00,1.37
2016.04.05 12:58:51.277,0.64868,0.6489,1.12,1.00
2016.04.05 12:58:51.633,0.64866,0.64887,1.37,1.00
2016.04.05 12:58:52.830,0.64865,0.64886,1.37,1.00
2016.04.05 12:58:52.931,0.64864,0.64886,2.25,1.00
2016.04.05 12:58:53.436,0.64863,0.64887,1.12,1.37
2016.04.05 12:58:53.834,0.64865,0.64887,1.37,1.00
2016.04.05 12:58:54.330,0.64865,0.64889,1.37,1.87
2016.04.05 12:58:55.232,0.64866,0.64888,1.12,1.00
2016.04.05 12:58:59.170,0.64865,0.64887,1.37,1.00
2016.04.05 12:59:00.549,0.64864,0.64886,1.87,1.00
2016.04.05 12:59:01.305,0.64864,0.64882,1.37,1.00
2016.04.05 12:59:01.765,0.64865,0.64885,1.50,1.00
2016.04.05 12:59:03.501,0.64862,0.64885,1.37,1.00
2016.04.05 12:59:04.060,0.64862,0.64884,1.37,1.00
2016.04.05 12:59:04.823,0.6486,0.64882,1.37,1.00
2016.04.05 12:59:05.280,0.6486,0.64882,1.37,1.00
2016.04.05 12:59:05.591,0.64859,0.64881,1.12,1.87
2016.04.05 12:59:06.106,0.64859,0.64879,1.12,1.00
2016.04.05 12:59:06.665,0.6486,0.64879,1.00,1.00
2016.04.05 12:59:07.166,0.6486,0.6488,1.00,1.12
2016.04.05 12:59:07.712,0.64857,0.64879,1.37,1.00
2016.04.05 12:59:08.270,0.6486,0.6488,1.00,1.12
2016.04.05 12:59:09.171,0.64859,0.6488,1.75,1.00
2016.04.05 12:59:09.439,0.64859,0.64883,2.25,1.00
2016.04.05 12:59:09.658,0.64859,0.64878,1.37,1.00
2016.04.05 12:59:10.012,0.64855,0.64878,1.50,1.00
2016.04.05 12:59:10.213,0.6486,0.64879,1.00,1.12
2016.04.05 12:59:10.416,0.64854,0.64879,3.00,1.12
2016.04.05 12:59:11.078,0.64859,0.6488,1.00,1.37
2016.04.05 12:59:11.390,0.64869,0.6488,1.00,1.37
2016.04.05 12:59:11.492,0.64864,0.64884,1.12,1.37
2016.04.05 12:59:11.593,0.64863,0.64886,1.12,1.00
2016.04.05 12:59:11.644,0.64864,0.64883,1.50,1.00
2016.04.05 12:59:12.040,0.64865,0.64889,1.87,1.00
2016.04.05 12:59:12.299,0.64868,0.64889,1.37,1.00
2016.04.05 12:59:12.829,0.64869,0.64888,1.37,1.00
2016.04.05 12:59:13.210,0.64869,0.6489,1.37,1.00
2016.04.05 12:59:13.711,0.6487,0.64889,1.37,1.00
2016.04.05 12:59:13.762,0.6487,0.64891,1.37,1.00
2016.04.05 12:59:14.064,0.64869,0.64891,1.00,1.37
2016.04.05 12:59:14.369,0.64867,0.64891,1.12,1.37
2016.04.05 12:59:14.419,0.64865,0.64887,1.87,1.00
2016.04.05 12:59:14.937,0.64864,0.64888,3.00,1.00
2016.04.05 12:59:15.249,0.6487,0.64888,1.00,1.00
2016.04.05 12:59:15.401,0.64869,0.6489,1.00,1.12
2016.04.05 12:59:15.944,0.64869,0.6489,1.37,1.00
2016.04.05 12:59:16.803,0.64869,0.64891,1.37,1.00
2016.04.05 12:59:17.611,0.6487,0.64894,1.12,1.37
2016.04.05 12:59:21.340,0.64875,0.64894,1.00,1.00
2016.04.05 12:59:21.642,0.64875,0.64895,2.25,1.00
2016.04.05 12:59:22.101,0.64876,0.64898,1.37,1.00
2016.04.05 12:59:22.454,0.64876,0.64898,1.37,1.00
2016.04.05 12:59:22.656,0.64881,0.64903,1.37,1.00
2016.04.05 12:59:22.757,0.64884,0.64903,1.37,1.00
2016.04.05 12:59:22.908,0.64884,0.64906,1.37,1.00
2016.04.05 12:59:23.431,0.6488,0.64904,1.87,1.50
2016.04.05 12:59:23.532,0.64877,0.64899,1.12,1.00
2016.04.05 12:59:23.633,0.64874,0.64895,1.37,1.00
2016.04.05 12:59:24.036,0.64874,0.64895,1.87,1.00
2016.04.05 12:59:24.586,0.64874,0.64893,1.37,1.00
2016.04.05 12:59:24.644,0.64872,0.64895,1.37,1.00
2016.04.05 12:59:25.211,0.64873,0.64894,1.37,1.00
2016.04.05 12:59:25.866,0.64875,0.64895,1.12,1.00
2016.04.05 12:59:26.391,0.64874,0.64896,1.37,1.00
2016.04.05 12:59:26.850,0.64875,0.64893,1.12,1.00
2016.04.05 12:59:29.288,0.64875,0.64894,1.12,1.00
2016.04.05 12:59:29.805,0.64872,0.64895,1.37,1.00
2016.04.05 12:59:32.139,0.64872,0.64894,1.37,1.00
2016.04.05 12:59:33.867,0.64872,0.64894,1.12,1.00
2016.04.05 12:59:33.918,0.6487,0.64892,1.37,1.00
2016.04.05 12:59:34.070,0.64869,0.64892,1.12,1.12
2016.04.05 12:59:34.424,0.64866,0.64886,1.37,1.00
2016.04.05 12:59:34.525,0.64869,0.64889,1.12,1.00
2016.04.05 12:59:35.036,0.6487,0.64889,1.00,1.00
2016.04.05 12:59:35.316,0.6487,0.64891,1.00,1.00
2016.04.05 12:59:35.928,0.6487,0.6489,1.00,1.00
2016.04.05 12:59:36.216,0.64869,0.64892,1.37,1.00
2016.04.05 12:59:38.027,0.64874,0.64892,1.00,1.00
2016.04.05 12:59:38.078,0.64874,0.64894,1.00,1.12
2016.04.05 12:59:38.179,0.64874,0.64891,1.00,1.00
2016.04.05 12:59:38.491,0.64875,0.64898,1.50,1.00
2016.04.05 12:59:38.995,0.64874,0.64897,1.12,1.37
2016.04.05 12:59:39.545,0.64875,0.64897,1.00,1.37
2016.04.05 12:59:39.802,0.6487,0.64892,1.00,1.37
2016.04.05 12:59:40.020,0.6487,0.64889,1.00,1.00
2016.04.05 12:59:40.382,0.64869,0.64887,1.00,1.00
2016.04.05 12:59:41.228,0.64869,0.64889,1.00,1.00
2016.04.05 12:59:41.753,0.6487,0.6489,1.00,1.00
2016.04.05 12:59:41.804,0.64866,0.6489,1.37,1.00
2016.04.05 12:59:42.617,0.64867,0.64889,1.37,1.00
2016.04.05 12:59:43.118,0.64869,0.64889,1.00,1.00
2016.04.05 12:59:43.219,0.64869,0.64891,1.37,1.00
2016.04.05 12:59:45.885,0.6487,0.64893,1.12,1.00
2016.04.05 12:59:47.308,0.64871,0.64893,1.00,1.00
2016.04.05 12:59:47.816,0.6487,0.64894,1.12,1.12
2016.04.05 12:59:48.491,0.64869,0.64892,1.37,1.00
2016.04.05 12:59:48.648,0.64868,0.64892,1.12,1.37
2016.04.05 12:59:49.239,0.64869,0.6489,1.00,1.00
2016.04.05 12:59:49.768,0.64869,0.64889,1.00,1.00
2016.04.05 12:59:50.298,0.64869,0.64888,1.00,1.00
2016.04.05 12:59:50.799,0.64865,0.64888,1.50,1.00
2016.04.05 12:59:52.325,0.6487,0.64888,1.00,1.00
2016.04.05 12:59:52.876,0.64869,0.64887,1.00,1.00
2016.04.05 12:59:53.546,0.64865,0.64887,1.87,1.00
2016.04.05 12:59:53.597,0.64867,0.64889,1.37,1.00
2016.04.05 12:59:54.130,0.64869,0.64889,1.00,1.00
2016.04.05 12:59:56.620,0.6487,0.64889,1.00,1.00
2016.04.05 12:59:57.709,0.64869,0.64889,1.00,1.00
2016.04.05 12:59:58.700,0.6487,0.64889,1.00,1.00
2016.04.05 12:59:58.751,0.6487,0.64893,1.00,1.37
2016.04.05 12:59:58.802,0.64871,0.64893,1.37,1.00
2016.04.05 12:59:59.155,0.64871,0.64894,1.00,1.37
2016.04.05 12:59:59.675,0.6487,0.64894,1.00,1.37
