2010.06.10 16:00:00.175,0.78175,0.78225,2.40,3.20
2010.06.10 16:00:01.914,0.78175,0.78225,2.40,3.30
2010.06.10 16:00:03.604,0.78175,0.78225,3.20,2.40
2010.06.10 16:00:03.803,0.78175,0.78225,3.20,2.50
2010.06.10 16:00:04.456,0.78175,0.7822,2.40,1.00
2010.06.10 16:00:06.920,0.78175,0.78225,2.40,3.30
2010.06.10 16:00:07.744,0.78175,0.7822,2.40,1.00
2010.06.10 16:00:08.085,0.78175,0.78225,2.40,3.30
2010.06.10 16:00:14.119,0.78175,0.78225,2.40,3.20
2010.06.10 16:00:14.333,0.78175,0.78225,3.20,2.40
2010.06.10 16:00:14.757,0.78175,0.78225,2.40,3.20
2010.06.10 16:00:15.100,0.78175,0.78225,2.40,3.20
2010.06.10 16:00:15.446,0.78175,0.7822,2.40,1.00
2010.06.10 16:00:15.785,0.78175,0.7822,2.40,1.00
2010.06.10 16:00:16.465,0.78175,0.78225,3.20,2.50
2010.06.10 16:00:24.202,0.78175,0.78225,3.30,2.40
2010.06.10 16:00:24.684,0.78175,0.78225,3.20,2.50
2010.06.10 16:00:24.896,0.78175,0.78225,2.40,3.20
2010.06.10 16:00:26.086,0.78175,0.7822,2.40,1.00
2010.06.10 16:00:28.217,0.78175,0.7822,2.40,1.00
2010.06.10 16:00:29.705,0.78155,0.78205,4.90,4.80
2010.06.10 16:00:31.084,0.7816,0.78205,2.40,1.00
2010.06.10 16:00:31.424,0.7817,0.7822,3.20,2.40
2010.06.10 16:00:33.265,0.78175,0.7822,1.00,2.40
2010.06.10 16:00:33.602,0.7817,0.7822,3.30,2.40
2010.06.10 16:00:38.534,0.7817,0.7822,3.20,2.40
2010.06.10 16:00:38.874,0.78175,0.78225,2.40,2.50
2010.06.10 16:00:39.504,0.7817,0.7822,3.20,2.40
2010.06.10 16:00:39.872,0.7817,0.7822,1.00,2.50
2010.06.10 16:00:40.216,0.7816,0.7821,3.30,2.40
2010.06.10 16:00:41.995,0.7816,0.7821,3.20,2.40
2010.06.10 16:00:43.551,0.78165,0.7821,2.40,1.00
2010.06.10 16:00:43.909,0.7817,0.78215,3.20,1.00
2010.06.10 16:00:44.033,0.7817,0.7822,3.20,2.50
2010.06.10 16:00:44.403,0.7817,0.7822,2.40,2.50
2010.06.10 16:00:44.884,0.78165,0.7822,3.30,2.40
2010.06.10 16:00:45.953,0.7817,0.7822,1.00,2.40
2010.06.10 16:00:46.235,0.7817,0.7822,3.20,2.40
2010.06.10 16:00:46.513,0.7817,0.7822,3.30,2.40
2010.06.10 16:00:48.514,0.7817,0.7822,1.00,2.40
2010.06.10 16:00:48.624,0.7817,0.78215,1.00,1.00
2010.06.10 16:00:49.414,0.7817,0.7822,3.20,2.50
2010.06.10 16:00:49.757,0.7817,0.78215,3.20,1.00
2010.06.10 16:00:50.093,0.7817,0.7822,3.20,2.50
2010.06.10 16:00:51.033,0.7817,0.7822,3.20,2.40
2010.06.10 16:00:52.635,0.7817,0.78215,1.00,1.00
2010.06.10 16:00:52.968,0.7816,0.7821,3.30,2.40
2010.06.10 16:00:56.552,0.78165,0.7821,2.40,2.40
2010.06.10 16:00:56.763,0.78165,0.78215,4.80,3.20
2010.06.10 16:00:56.973,0.78165,0.78215,4.90,3.20
2010.06.10 16:00:58.054,0.7817,0.78215,1.00,2.40
2010.06.10 16:00:58.155,0.7817,0.7822,3.20,2.40
2010.06.10 16:00:59.073,0.7817,0.7822,3.30,2.40
2010.06.10 16:00:59.355,0.7817,0.7822,3.30,2.80
2010.06.10 16:00:59.792,0.7817,0.7822,1.00,2.80
2010.06.10 16:01:00.100,0.7816,0.78205,3.30,1.00
2010.06.10 16:01:00.396,0.78155,0.78205,4.90,4.80
2010.06.10 16:01:00.696,0.7816,0.78205,3.20,1.00
2010.06.10 16:01:01.568,0.7816,0.78205,3.30,1.00
2010.06.10 16:01:01.783,0.7816,0.7821,3.30,2.40
2010.06.10 16:01:02.003,0.7816,0.7821,3.20,2.40
2010.06.10 16:01:02.222,0.78165,0.78215,4.80,3.30
2010.06.10 16:01:03.524,0.78165,0.78215,4.80,3.20
2010.06.10 16:01:04.143,0.78165,0.78215,4.90,3.30
2010.06.10 16:01:04.842,0.78165,0.7821,4.80,1.00
2010.06.10 16:01:07.135,0.7816,0.7821,3.30,2.40
2010.06.10 16:01:09.333,0.7816,0.7821,3.20,2.40
2010.06.10 16:01:09.493,0.78155,0.78205,4.90,4.80
2010.06.10 16:01:09.812,0.7816,0.78205,2.40,2.40
2010.06.10 16:01:09.973,0.7816,0.7821,3.30,2.40
2010.06.10 16:01:10.133,0.78165,0.78215,4.80,3.20
2010.06.10 16:01:11.065,0.78165,0.78215,4.90,3.20
2010.06.10 16:01:12.016,0.7817,0.78215,1.00,3.20
2010.06.10 16:01:12.420,0.7817,0.78215,1.00,3.20
2010.06.10 16:01:13.866,0.78175,0.78215,1.00,3.20
2010.06.10 16:01:14.404,0.7817,0.78215,1.00,2.40
2010.06.10 16:01:14.542,0.7817,0.7822,3.20,2.40
2010.06.10 16:01:14.879,0.7817,0.7822,3.20,2.50
2010.06.10 16:01:15.296,0.7817,0.7822,3.20,2.40
2010.06.10 16:01:15.634,0.7817,0.78215,1.00,1.00
2010.06.10 16:01:16.313,0.7817,0.7822,3.20,2.50
2010.06.10 16:01:19.513,0.7817,0.7821,3.20,1.00
2010.06.10 16:01:19.814,0.7817,0.7821,3.30,1.00
2010.06.10 16:01:19.994,0.7817,0.7821,3.20,1.00
2010.06.10 16:01:23.286,0.7817,0.7821,3.30,1.00
2010.06.10 16:01:23.760,0.7817,0.7821,3.20,1.00
2010.06.10 16:01:24.758,0.7817,0.7821,3.20,1.00
2010.06.10 16:01:26.834,0.7817,0.7821,3.20,1.00
2010.06.10 16:01:27.303,0.78165,0.7821,4.80,1.00
2010.06.10 16:01:27.489,0.78165,0.7821,3.20,1.00
2010.06.10 16:01:27.675,0.78165,0.7821,3.30,1.00
2010.06.10 16:01:28.751,0.78165,0.7821,3.20,1.00
2010.06.10 16:01:29.095,0.78165,0.7821,4.80,1.00
2010.06.10 16:01:29.212,0.7817,0.7821,2.40,1.00
2010.06.10 16:01:29.323,0.7817,0.7821,3.20,1.00
2010.06.10 16:01:30.259,0.78175,0.7821,1.00,1.00
2010.06.10 16:01:30.778,0.7817,0.7821,3.30,1.00
2010.06.10 16:01:34.316,0.7817,0.78205,3.30,1.00
2010.06.10 16:01:41.175,0.7817,0.78205,3.20,1.00
2010.06.10 16:01:42.934,0.78165,0.78205,3.30,1.00
2010.06.10 16:01:44.135,0.78165,0.78205,2.50,1.00
2010.06.10 16:01:44.424,0.78165,0.782,2.50,1.00
2010.06.10 16:01:45.574,0.78175,0.782,1.00,1.00
2010.06.10 16:01:45.904,0.7817,0.7821,3.20,1.00
2010.06.10 16:01:48.393,0.7817,0.7821,3.20,1.00
2010.06.10 16:01:48.633,0.7817,0.7821,3.20,1.00
2010.06.10 16:01:49.725,0.7817,0.7821,3.20,1.00
2010.06.10 16:01:50.065,0.7817,0.7821,3.30,1.00
2010.06.10 16:01:54.234,0.78175,0.7821,2.50,1.00
2010.06.10 16:01:54.527,0.78175,0.78215,2.40,1.00
2010.06.10 16:01:55.114,0.7818,0.78215,2.40,1.00
2010.06.10 16:01:55.966,0.78175,0.78215,2.40,1.00
2010.06.10 16:01:56.472,0.78175,0.7823,2.40,3.30
2010.06.10 16:01:56.773,0.78185,0.7823,1.60,3.30
2010.06.10 16:01:57.004,0.78195,0.78245,1.00,2.40
2010.06.10 16:01:57.233,0.78195,0.7825,2.80,2.40
2010.06.10 16:01:57.884,0.7821,0.7826,1.00,4.00
2010.06.10 16:01:58.113,0.7821,0.7826,1.00,4.10
2010.06.10 16:01:58.453,0.78205,0.78255,3.20,1.00
2010.06.10 16:01:58.793,0.7821,0.7826,2.40,1.70
2010.06.10 16:01:59.262,0.78205,0.7826,3.20,4.10
2010.06.10 16:01:59.487,0.7821,0.78255,2.40,1.00
2010.06.10 16:02:00.083,0.7821,0.7826,2.40,1.70
2010.06.10 16:02:00.653,0.78205,0.78255,3.20,1.00
2010.06.10 16:02:00.996,0.7821,0.7826,2.40,1.60
2010.06.10 16:02:01.185,0.78205,0.78255,3.20,1.00
2010.06.10 16:02:01.374,0.7821,0.7826,2.40,1.00
2010.06.10 16:02:01.563,0.7821,0.78255,2.40,1.00
2010.06.10 16:02:01.754,0.78205,0.78255,3.20,1.00
2010.06.10 16:02:02.247,0.78205,0.78255,3.20,1.00
2010.06.10 16:02:02.434,0.7821,0.78255,2.40,1.00
2010.06.10 16:02:04.457,0.7821,0.7825,2.40,1.00
2010.06.10 16:02:04.729,0.7821,0.7826,2.40,1.00
2010.06.10 16:02:04.814,0.7821,0.7826,3.20,1.00
2010.06.10 16:02:05.172,0.78215,0.7826,2.40,1.00
2010.06.10 16:02:05.224,0.7821,0.7826,3.20,4.10
2010.06.10 16:02:06.244,0.78205,0.78255,3.20,1.00
2010.06.10 16:02:06.583,0.782,0.7825,4.80,3.20
2010.06.10 16:02:06.803,0.782,0.7825,4.80,3.30
2010.06.10 16:02:07.285,0.782,0.7825,4.80,3.20
2010.06.10 16:02:08.100,0.782,0.78245,4.80,1.00
2010.06.10 16:02:09.926,0.78205,0.7825,1.00,3.20
2010.06.10 16:02:10.548,0.782,0.7825,4.80,3.20
2010.06.10 16:02:10.665,0.78205,0.7825,1.00,3.20
2010.06.10 16:02:10.867,0.78205,0.7825,1.00,3.20
2010.06.10 16:02:10.982,0.782,0.7825,4.90,3.30
2010.06.10 16:02:15.035,0.78205,0.7825,1.00,3.20
2010.06.10 16:02:15.386,0.78205,0.7825,1.00,3.20
2010.06.10 16:02:16.038,0.782,0.7825,4.80,3.20
2010.06.10 16:02:17.730,0.782,0.7825,4.90,3.30
2010.06.10 16:02:19.857,0.78205,0.7825,1.00,3.20
2010.06.10 16:02:20.845,0.782,0.7825,4.90,3.30
2010.06.10 16:02:21.317,0.78205,0.7825,1.00,3.20
2010.06.10 16:02:22.883,0.782,0.7825,4.90,3.30
2010.06.10 16:02:25.416,0.782,0.7825,1.00,3.30
2010.06.10 16:02:25.755,0.782,0.7825,4.80,3.30
2010.06.10 16:02:26.484,0.782,0.78245,4.80,1.00
2010.06.10 16:02:28.203,0.78205,0.7825,1.00,3.20
2010.06.10 16:02:28.403,0.78205,0.7825,1.00,2.40
2010.06.10 16:02:28.794,0.78205,0.7826,2.80,3.30
2010.06.10 16:02:29.034,0.78205,0.7826,3.20,3.20
2010.06.10 16:02:29.273,0.78205,0.78255,3.20,1.00
2010.06.10 16:02:29.783,0.78205,0.7826,3.30,3.30
2010.06.10 16:02:30.063,0.78205,0.7826,3.20,3.30
2010.06.10 16:02:30.343,0.7821,0.7826,4.80,3.30
2010.06.10 16:02:30.708,0.7821,0.7826,4.80,3.20
2010.06.10 16:02:31.255,0.7821,0.78255,1.00,4.00
2010.06.10 16:02:31.523,0.7821,0.78255,1.00,4.80
2010.06.10 16:02:36.589,0.7821,0.78255,1.00,4.90
2010.06.10 16:02:36.823,0.7821,0.78255,2.00,3.30
2010.06.10 16:02:37.776,0.7821,0.78255,1.00,4.90
2010.06.10 16:02:41.894,0.78215,0.7826,2.40,3.30
2010.06.10 16:02:42.164,0.78225,0.7826,2.00,2.40
2010.06.10 16:02:42.253,0.78225,0.78265,2.00,3.30
2010.06.10 16:02:43.845,0.78225,0.7826,2.00,1.00
2010.06.10 16:02:44.135,0.78225,0.7826,2.00,1.00
2010.06.10 16:02:45.084,0.78225,0.78265,2.00,3.30
2010.06.10 16:02:45.792,0.78225,0.7826,1.00,1.00
2010.06.10 16:02:46.057,0.78225,0.78265,2.00,1.00
2010.06.10 16:02:46.794,0.78215,0.78265,4.00,4.90
2010.06.10 16:02:47.054,0.78205,0.7826,2.10,1.60
2010.06.10 16:02:47.538,0.78215,0.7826,1.00,4.80
2010.06.10 16:02:48.554,0.78225,0.7826,1.00,4.80
2010.06.10 16:02:49.222,0.78225,0.7826,1.00,4.90
2010.06.10 16:02:49.897,0.78225,0.78255,1.00,1.00
2010.06.10 16:02:50.493,0.7822,0.7826,1.00,4.90
2010.06.10 16:02:51.446,0.7822,0.7826,3.60,1.00
2010.06.10 16:02:51.613,0.7822,0.7826,3.60,1.00
2010.06.10 16:02:51.774,0.78225,0.78265,1.00,1.00
2010.06.10 16:02:52.161,0.78225,0.78265,1.00,1.00
2010.06.10 16:03:01.747,0.78225,0.7826,1.00,1.00
2010.06.10 16:03:03.764,0.78225,0.78265,1.00,1.00
2010.06.10 16:03:04.274,0.78205,0.7825,1.00,2.40
2010.06.10 16:03:07.113,0.78205,0.78245,1.00,3.20
2010.06.10 16:03:07.577,0.78205,0.78245,1.00,4.80
2010.06.10 16:03:07.804,0.782,0.7825,2.40,3.30
2010.06.10 16:03:07.993,0.782,0.7825,2.40,3.20
2010.06.10 16:03:08.855,0.782,0.7825,2.50,3.20
2010.06.10 16:03:11.106,0.782,0.7825,2.40,3.30
2010.06.10 16:03:11.253,0.782,0.7825,3.20,2.50
2010.06.10 16:03:11.393,0.782,0.7825,2.40,2.50
2010.06.10 16:03:13.795,0.78195,0.78245,3.20,4.80
2010.06.10 16:03:14.125,0.78205,0.7825,1.00,2.40
2010.06.10 16:03:14.464,0.78205,0.7825,1.00,3.20
2010.06.10 16:03:14.909,0.78195,0.7825,3.20,2.40
2010.06.10 16:03:15.108,0.78205,0.7825,4.80,1.00
2010.06.10 16:03:15.312,0.7821,0.7825,1.00,1.00
2010.06.10 16:03:15.660,0.7821,0.78255,1.00,1.00
2010.06.10 16:03:17.543,0.78205,0.7825,4.80,1.00
2010.06.10 16:03:17.952,0.7821,0.7825,1.00,1.00
2010.06.10 16:03:19.563,0.78215,0.78255,4.80,1.00
2010.06.10 16:03:21.305,0.78215,0.7826,4.80,1.00
2010.06.10 16:03:25.771,0.78215,0.7826,4.00,1.00
2010.06.10 16:03:26.123,0.7821,0.7826,2.50,2.40
2010.06.10 16:03:27.005,0.7821,0.7826,2.40,2.40
2010.06.10 16:03:27.283,0.7821,0.7826,2.40,3.20
2010.06.10 16:03:27.623,0.78205,0.78255,3.20,1.00
2010.06.10 16:03:28.156,0.7821,0.7826,2.40,2.50
2010.06.10 16:03:28.444,0.7821,0.78255,2.40,1.00
2010.06.10 16:03:29.835,0.7821,0.7826,2.40,3.30
2010.06.10 16:03:30.024,0.7821,0.7826,1.00,3.30
2010.06.10 16:03:30.553,0.7821,0.7826,3.20,1.00
2010.06.10 16:03:30.999,0.7821,0.7826,3.30,1.00
2010.06.10 16:03:32.043,0.7821,0.7826,3.20,1.00
2010.06.10 16:03:33.076,0.78215,0.7826,1.00,1.00
2010.06.10 16:03:33.357,0.7821,0.7826,3.20,1.00
2010.06.10 16:03:35.635,0.7821,0.7826,3.30,1.00
2010.06.10 16:03:35.844,0.7821,0.7826,3.20,1.00
2010.06.10 16:03:35.943,0.7821,0.78255,3.20,1.00
2010.06.10 16:03:36.142,0.7821,0.78255,1.00,1.00
2010.06.10 16:03:37.024,0.7821,0.78255,1.00,1.00
2010.06.10 16:03:38.524,0.7821,0.78255,1.00,1.00
2010.06.10 16:03:42.424,0.7821,0.78255,1.00,1.00
2010.06.10 16:03:42.534,0.78215,0.7826,1.60,4.80
2010.06.10 16:03:42.643,0.78215,0.78255,1.60,2.40
2010.06.10 16:03:42.833,0.78215,0.78255,3.20,1.00
2010.06.10 16:03:43.023,0.7821,0.7826,3.20,1.00
2010.06.10 16:03:44.378,0.7821,0.78255,1.00,1.00
2010.06.10 16:03:44.703,0.7821,0.78255,1.00,1.00
2010.06.10 16:03:45.323,0.78215,0.7826,1.60,4.80
2010.06.10 16:03:46.703,0.78215,0.7826,2.50,4.80
2010.06.10 16:03:47.044,0.78215,0.78265,4.90,4.90
2010.06.10 16:03:49.146,0.78215,0.7826,4.80,1.00
2010.06.10 16:03:50.606,0.78215,0.78265,4.80,4.90
2010.06.10 16:03:52.322,0.78215,0.7826,4.80,1.00
2010.06.10 16:03:52.854,0.78215,0.78265,4.80,4.90
2010.06.10 16:03:52.973,0.78215,0.78265,2.40,4.90
2010.06.10 16:03:53.371,0.7821,0.7826,2.40,2.40
2010.06.10 16:03:53.817,0.7821,0.7826,2.40,2.50
2010.06.10 16:03:54.493,0.7821,0.7826,2.50,2.40
2010.06.10 16:03:54.713,0.7821,0.7826,2.40,2.40
2010.06.10 16:03:55.528,0.7821,0.7826,2.50,2.40
2010.06.10 16:03:57.295,0.7821,0.78255,2.50,2.40
2010.06.10 16:03:57.573,0.78205,0.78255,3.30,4.80
2010.06.10 16:03:59.263,0.78205,0.78255,3.30,4.90
2010.06.10 16:04:01.254,0.78205,0.78255,3.20,4.90
2010.06.10 16:04:01.466,0.78205,0.7825,3.20,1.00
2010.06.10 16:04:01.673,0.78205,0.7825,3.20,1.00
2010.06.10 16:04:02.465,0.78205,0.78245,3.20,1.00
2010.06.10 16:04:03.143,0.78205,0.7825,1.00,1.00
2010.06.10 16:04:03.377,0.78205,0.78245,1.00,1.00
2010.06.10 16:04:03.518,0.78205,0.7825,1.00,1.00
2010.06.10 16:04:03.644,0.78205,0.7825,3.20,1.00
2010.06.10 16:04:09.856,0.78205,0.78255,3.30,4.90
2010.06.10 16:04:10.158,0.78205,0.7825,3.20,1.00
2010.06.10 16:04:10.894,0.782,0.7825,4.90,3.30
2010.06.10 16:04:12.376,0.782,0.7825,4.90,3.20
2010.06.10 16:04:12.693,0.782,0.78235,4.10,1.00
2010.06.10 16:04:13.270,0.78195,0.78235,3.30,2.00
2010.06.10 16:04:13.558,0.782,0.78245,2.40,1.00
2010.06.10 16:04:13.834,0.782,0.7825,2.40,4.80
2010.06.10 16:04:14.178,0.782,0.7825,2.40,4.80
2010.06.10 16:04:14.515,0.782,0.7825,2.50,4.80
2010.06.10 16:04:14.961,0.78205,0.7825,2.40,4.80
2010.06.10 16:04:15.293,0.78205,0.7825,1.60,2.40
2010.06.10 16:04:15.464,0.78205,0.7825,1.60,4.90
2010.06.10 16:04:17.726,0.78205,0.78245,1.60,1.00
2010.06.10 16:04:22.692,0.78205,0.7824,1.60,1.00
2010.06.10 16:04:23.122,0.78205,0.7824,1.60,1.00
2010.06.10 16:04:23.347,0.78205,0.78245,1.60,1.00
2010.06.10 16:04:23.689,0.78205,0.7824,1.60,1.00
2010.06.10 16:04:24.825,0.78195,0.78235,4.80,1.00
2010.06.10 16:04:25.044,0.782,0.78235,1.60,1.00
2010.06.10 16:04:25.955,0.78195,0.7824,2.40,4.90
2010.06.10 16:04:26.294,0.78195,0.78235,4.80,1.00
2010.06.10 16:04:26.634,0.78195,0.78235,1.60,1.00
2010.06.10 16:04:29.125,0.78195,0.7824,1.60,3.30
2010.06.10 16:04:32.003,0.78195,0.7824,1.70,3.20
2010.06.10 16:04:32.499,0.78195,0.7824,1.60,3.30
2010.06.10 16:04:32.783,0.78195,0.7824,1.70,3.20
2010.06.10 16:04:33.277,0.78195,0.7824,1.60,3.30
2010.06.10 16:04:33.554,0.78195,0.7824,1.70,3.20
2010.06.10 16:04:33.913,0.78195,0.7824,4.90,1.00
2010.06.10 16:04:34.358,0.78195,0.7824,4.80,1.00
2010.06.10 16:04:34.534,0.78195,0.7824,4.90,1.00
2010.06.10 16:04:34.873,0.782,0.7824,1.00,1.00
2010.06.10 16:04:36.224,0.78195,0.7824,4.90,1.00
2010.06.10 16:04:36.727,0.782,0.7824,1.00,1.00
2010.06.10 16:04:37.305,0.78195,0.7824,4.90,1.00
2010.06.10 16:04:37.849,0.782,0.7824,1.00,1.00
2010.06.10 16:04:38.083,0.78195,0.7824,4.90,1.00
2010.06.10 16:04:38.525,0.782,0.7824,1.00,1.00
2010.06.10 16:04:38.763,0.78195,0.78245,4.90,4.90
2010.06.10 16:04:39.223,0.782,0.78245,1.00,4.80
2010.06.10 16:04:39.544,0.78195,0.7824,1.60,1.00
2010.06.10 16:04:39.864,0.78195,0.7824,1.60,3.20
2010.06.10 16:04:40.183,0.78195,0.7824,1.70,3.20
2010.06.10 16:04:41.213,0.78195,0.7824,1.60,3.30
2010.06.10 16:04:42.974,0.78185,0.7822,1.60,1.00
2010.06.10 16:04:43.465,0.78175,0.78215,1.00,1.00
2010.06.10 16:04:44.433,0.78175,0.78215,1.00,1.00
2010.06.10 16:04:45.503,0.78175,0.78215,1.00,1.00
2010.06.10 16:04:46.294,0.7817,0.7822,2.50,4.80
2010.06.10 16:04:46.544,0.78175,0.7822,2.40,3.20
2010.06.10 16:04:47.473,0.78175,0.7822,2.40,3.30
2010.06.10 16:04:47.899,0.78175,0.7822,2.50,3.20
2010.06.10 16:04:49.018,0.78175,0.7822,2.40,3.30
2010.06.10 16:04:49.215,0.78175,0.7822,1.00,4.80
2010.06.10 16:04:49.315,0.78175,0.78215,1.00,1.00
2010.06.10 16:04:50.743,0.7817,0.78215,2.50,1.00
2010.06.10 16:04:52.003,0.7817,0.78215,2.40,3.20
2010.06.10 16:04:52.501,0.7817,0.78215,1.60,3.20
2010.06.10 16:04:53.184,0.7817,0.78215,1.60,3.30
2010.06.10 16:04:54.705,0.7817,0.78215,1.70,3.20
2010.06.10 16:04:54.930,0.78175,0.78215,1.60,1.00
2010.06.10 16:04:55.137,0.78175,0.7822,2.40,3.30
2010.06.10 16:04:55.647,0.78175,0.78215,2.40,2.40
2010.06.10 16:04:55.985,0.7817,0.78215,2.40,4.80
2010.06.10 16:04:56.324,0.7817,0.78215,2.40,4.90
2010.06.10 16:04:57.323,0.7817,0.7821,2.40,1.00
2010.06.10 16:04:57.644,0.7817,0.78215,2.40,4.90
2010.06.10 16:04:57.883,0.7817,0.7821,1.60,1.00
2010.06.10 16:04:58.813,0.7817,0.7821,1.60,1.00
2010.06.10 16:04:59.153,0.7817,0.7821,1.60,1.00
2010.06.10 16:04:59.833,0.7817,0.7821,1.60,1.00
2010.06.10 16:05:00.190,0.7817,0.7821,1.60,1.00
2010.06.10 16:05:00.473,0.78165,0.7821,1.70,4.80
2010.06.10 16:05:02.220,0.78165,0.7821,1.60,4.90
2010.06.10 16:05:02.433,0.78165,0.7821,1.60,4.80
2010.06.10 16:05:02.643,0.78165,0.78205,1.60,3.20
2010.06.10 16:05:03.747,0.78165,0.78205,1.60,3.30
2010.06.10 16:05:03.963,0.78165,0.782,1.60,1.00
2010.06.10 16:05:04.284,0.78165,0.78205,1.60,3.20
2010.06.10 16:05:04.924,0.78165,0.782,1.60,1.00
2010.06.10 16:05:05.414,0.7815,0.78195,4.10,1.00
2010.06.10 16:05:05.715,0.78165,0.782,1.60,1.00
2010.06.10 16:05:06.014,0.78165,0.78205,1.60,3.30
2010.06.10 16:05:06.254,0.78155,0.782,4.90,1.00
2010.06.10 16:05:06.884,0.78155,0.78205,4.90,2.40
2010.06.10 16:05:07.124,0.78165,0.7821,1.60,4.80
2010.06.10 16:05:08.442,0.78165,0.7821,1.70,4.80
2010.06.10 16:05:09.666,0.78165,0.7821,1.60,4.90
2010.06.10 16:05:10.668,0.78165,0.7821,1.70,4.80
2010.06.10 16:05:10.883,0.78165,0.7821,1.60,4.90
2010.06.10 16:05:11.769,0.78165,0.7821,1.60,4.80
2010.06.10 16:05:11.989,0.78165,0.7821,1.70,4.80
2010.06.10 16:05:12.471,0.78165,0.7821,1.70,3.20
2010.06.10 16:05:12.964,0.78165,0.7821,1.60,4.80
2010.06.10 16:05:13.304,0.78165,0.7821,1.70,4.80
2010.06.10 16:05:13.994,0.78165,0.7821,1.60,4.90
2010.06.10 16:05:15.899,0.78165,0.7821,1.70,4.80
2010.06.10 16:05:18.774,0.78165,0.7821,1.60,4.90
2010.06.10 16:05:19.033,0.78165,0.7821,1.70,4.80
2010.06.10 16:05:24.873,0.78165,0.7821,1.60,4.80
2010.06.10 16:05:25.063,0.78165,0.7821,4.80,1.60
2010.06.10 16:05:25.805,0.78165,0.782,4.80,1.00
2010.06.10 16:05:29.595,0.78165,0.782,1.60,1.00
2010.06.10 16:05:33.535,0.78165,0.782,2.40,1.00
2010.06.10 16:05:34.154,0.78165,0.782,1.60,1.00
2010.06.10 16:05:35.952,0.78165,0.782,4.80,1.00
2010.06.10 16:05:36.204,0.78165,0.782,1.60,1.00
2010.06.10 16:05:37.104,0.78165,0.782,4.80,1.00
2010.06.10 16:05:38.535,0.78165,0.782,2.40,1.00
2010.06.10 16:05:38.765,0.78165,0.782,1.60,1.00
2010.06.10 16:05:40.333,0.7816,0.782,3.20,1.00
2010.06.10 16:05:40.742,0.7816,0.78195,3.20,1.00
2010.06.10 16:05:41.086,0.78155,0.78195,4.80,1.00
2010.06.10 16:05:44.304,0.78165,0.782,1.60,1.00
2010.06.10 16:05:44.533,0.78165,0.782,1.60,1.00
2010.06.10 16:05:45.857,0.78165,0.78205,1.60,3.70
2010.06.10 16:05:46.413,0.78165,0.78205,1.60,3.60
2010.06.10 16:05:46.493,0.78165,0.78205,1.60,1.20
2010.06.10 16:05:46.574,0.78165,0.7821,1.60,4.90
2010.06.10 16:05:46.653,0.78165,0.78205,1.60,1.00
2010.06.10 16:05:54.347,0.78165,0.78205,1.60,3.20
2010.06.10 16:05:54.572,0.78165,0.78205,1.60,2.40
2010.06.10 16:05:54.797,0.78165,0.7821,1.60,4.90
2010.06.10 16:05:55.297,0.7817,0.7821,2.40,2.80
2010.06.10 16:05:55.636,0.7817,0.78205,2.40,1.00
2010.06.10 16:05:55.975,0.7816,0.7821,4.80,3.20
2010.06.10 16:05:56.381,0.7816,0.7821,4.80,3.30
2010.06.10 16:05:56.762,0.7816,0.7821,4.80,3.20
2010.06.10 16:05:57.103,0.7816,0.7821,4.90,3.30
2010.06.10 16:05:57.443,0.7816,0.7821,4.80,3.30
2010.06.10 16:05:58.056,0.7816,0.7821,4.90,3.30
2010.06.10 16:05:58.418,0.7816,0.7821,4.80,3.30
2010.06.10 16:05:58.703,0.7816,0.78205,4.80,1.00
2010.06.10 16:05:59.043,0.7816,0.78205,4.80,1.00
2010.06.10 16:05:59.877,0.7816,0.782,4.80,1.00
2010.06.10 16:06:01.900,0.7816,0.78205,4.80,1.00
2010.06.10 16:06:02.243,0.7816,0.782,4.80,1.00
2010.06.10 16:06:07.488,0.7816,0.782,4.80,1.00
2010.06.10 16:06:07.888,0.7816,0.782,4.80,1.00
2010.06.10 16:06:08.166,0.7816,0.78205,4.80,1.00
2010.06.10 16:06:08.434,0.7816,0.782,4.80,1.00
2010.06.10 16:06:09.691,0.7816,0.78205,4.80,1.00
2010.06.10 16:06:09.755,0.7816,0.782,4.80,1.00
2010.06.10 16:06:09.824,0.7816,0.78205,4.80,1.00
2010.06.10 16:06:09.884,0.7816,0.7821,4.80,3.30
2010.06.10 16:06:09.943,0.7816,0.78205,4.80,1.00
2010.06.10 16:06:10.490,0.7816,0.78205,4.80,1.00
2010.06.10 16:06:10.696,0.7816,0.782,4.80,1.00
2010.06.10 16:06:10.885,0.7816,0.78195,4.80,1.00
2010.06.10 16:06:11.903,0.7816,0.782,4.80,1.00
2010.06.10 16:06:12.429,0.78165,0.782,1.00,1.00
2010.06.10 16:06:12.599,0.7816,0.78195,4.80,1.00
2010.06.10 16:06:13.104,0.7816,0.782,4.80,1.00
2010.06.10 16:06:14.083,0.7816,0.78195,4.80,1.00
2010.06.10 16:06:24.676,0.7816,0.78195,1.00,1.00
2010.06.10 16:06:24.898,0.7816,0.7819,1.00,1.00
2010.06.10 16:06:24.985,0.78155,0.7819,4.80,1.00
2010.06.10 16:06:25.603,0.78155,0.78185,4.80,1.00
2010.06.10 16:06:26.807,0.78155,0.78185,2.40,1.00
2010.06.10 16:06:26.904,0.7815,0.78185,3.20,1.00
2010.06.10 16:06:27.116,0.7815,0.78185,3.20,1.00
2010.06.10 16:06:28.324,0.7815,0.7819,3.20,1.00
2010.06.10 16:06:28.663,0.7815,0.78185,3.20,1.00
2010.06.10 16:06:29.049,0.7815,0.7818,3.20,1.00
2010.06.10 16:06:30.293,0.7815,0.78185,3.20,1.00
2010.06.10 16:06:30.867,0.7815,0.7818,3.20,1.00
2010.06.10 16:06:31.203,0.7815,0.78185,3.20,1.00
2010.06.10 16:06:31.543,0.7815,0.7818,3.20,1.00
2010.06.10 16:06:32.878,0.7815,0.78185,3.20,1.00
2010.06.10 16:06:33.961,0.7815,0.7818,3.20,1.00
2010.06.10 16:06:39.421,0.7815,0.78185,3.20,1.00
2010.06.10 16:06:39.756,0.78135,0.78185,4.00,3.30
2010.06.10 16:06:39.904,0.78135,0.78185,4.00,1.00
2010.06.10 16:06:40.045,0.78135,0.78185,3.20,1.00
2010.06.10 16:06:40.184,0.78135,0.78185,2.40,2.50
2010.06.10 16:06:40.323,0.78135,0.78185,2.40,3.30
2010.06.10 16:06:40.794,0.78125,0.78185,2.50,3.20
2010.06.10 16:06:41.507,0.78125,0.78185,2.50,3.30
2010.06.10 16:06:43.223,0.7813,0.78185,1.00,3.20
2010.06.10 16:06:43.484,0.78125,0.78185,2.40,2.40
2010.06.10 16:06:44.055,0.78125,0.7819,3.20,3.20
2010.06.10 16:06:44.398,0.78135,0.78195,3.20,2.50
2010.06.10 16:06:44.734,0.78135,0.78195,3.30,2.40
2010.06.10 16:06:45.460,0.7814,0.78195,1.00,2.40
2010.06.10 16:06:46.288,0.78135,0.78195,3.30,2.50
2010.06.10 16:06:47.304,0.7814,0.78195,1.00,2.40
2010.06.10 16:06:47.585,0.78135,0.78195,3.30,2.40
2010.06.10 16:06:47.856,0.7815,0.782,2.40,3.30
2010.06.10 16:06:50.168,0.7815,0.78195,2.40,1.00
2010.06.10 16:06:51.307,0.7815,0.782,2.40,3.30
2010.06.10 16:06:55.236,0.7815,0.782,2.50,3.20
2010.06.10 16:06:55.918,0.78145,0.78195,2.50,2.40
2010.06.10 16:06:56.256,0.78155,0.782,1.00,2.40
2010.06.10 16:06:56.927,0.7816,0.7821,1.00,3.20
2010.06.10 16:06:57.235,0.78155,0.7821,3.30,3.20
2010.06.10 16:06:57.545,0.78155,0.78205,2.50,2.40
2010.06.10 16:06:57.982,0.7816,0.78205,1.00,2.40
2010.06.10 16:06:58.637,0.78165,0.782,2.50,1.00
2010.06.10 16:06:59.599,0.7817,0.782,1.00,1.00
2010.06.10 16:06:59.935,0.78165,0.782,2.50,1.00
2010.06.10 16:07:01.174,0.7817,0.782,1.00,1.00
2010.06.10 16:07:01.446,0.78165,0.782,1.00,1.00
2010.06.10 16:07:02.138,0.7816,0.782,1.00,1.00
2010.06.10 16:07:02.466,0.78155,0.782,2.50,1.00
2010.06.10 16:07:03.490,0.7816,0.782,1.00,1.00
2010.06.10 16:07:04.104,0.78165,0.78205,1.00,2.40
2010.06.10 16:07:05.688,0.7816,0.78205,1.00,2.80
2010.06.10 16:07:06.027,0.7816,0.782,1.00,2.40
2010.06.10 16:07:06.571,0.7816,0.78205,1.00,3.20
2010.06.10 16:07:06.844,0.7816,0.782,1.00,1.00
2010.06.10 16:07:07.113,0.7816,0.78205,1.00,3.20
2010.06.10 16:07:07.434,0.7816,0.7819,1.00,2.40
2010.06.10 16:07:07.861,0.7816,0.78195,2.40,2.40
2010.06.10 16:07:08.189,0.7816,0.78205,4.80,2.00
2010.06.10 16:07:10.276,0.7816,0.782,1.00,2.80
2010.06.10 16:07:10.763,0.78155,0.7819,1.60,2.40
2010.06.10 16:07:10.913,0.7815,0.78195,3.20,1.20
2010.06.10 16:07:11.194,0.7815,0.78195,2.40,1.00
2010.06.10 16:07:11.995,0.7815,0.78195,1.00,3.20
2010.06.10 16:07:12.924,0.78145,0.7819,1.00,3.20
2010.06.10 16:07:14.175,0.7814,0.7818,3.30,1.60
2010.06.10 16:07:14.531,0.7814,0.7818,3.20,2.00
2010.06.10 16:07:14.684,0.78145,0.7819,3.20,1.00
2010.06.10 16:07:15.023,0.7814,0.78185,4.90,1.00
2010.06.10 16:07:15.684,0.7814,0.78185,4.80,1.00
2010.06.10 16:07:16.032,0.78145,0.7819,1.00,2.80
2010.06.10 16:07:16.679,0.7814,0.7819,4.90,2.80
2010.06.10 16:07:17.614,0.7814,0.7819,4.90,2.90
2010.06.10 16:07:19.135,0.7814,0.7819,4.90,4.40
2010.06.10 16:07:19.474,0.7814,0.78185,1.70,3.20
2010.06.10 16:07:20.537,0.78145,0.78185,1.00,2.40
2010.06.10 16:07:20.775,0.78145,0.7819,2.50,2.40
2010.06.10 16:07:20.995,0.78145,0.78195,3.20,2.40
2010.06.10 16:07:21.385,0.78145,0.7819,3.30,1.00
2010.06.10 16:07:21.730,0.78145,0.7819,3.20,1.00
2010.06.10 16:07:22.066,0.7814,0.7819,3.30,3.20
2010.06.10 16:07:23.104,0.78145,0.7819,1.00,3.20
2010.06.10 16:07:24.034,0.7815,0.7819,1.00,3.20
2010.06.10 16:07:24.374,0.78145,0.7819,1.00,3.20
2010.06.10 16:07:25.404,0.7814,0.78185,1.00,2.40
2010.06.10 16:07:25.744,0.78145,0.7819,1.00,3.20
2010.06.10 16:07:26.701,0.7815,0.7819,1.00,3.20
2010.06.10 16:07:27.305,0.7815,0.7819,1.00,3.20
2010.06.10 16:07:27.631,0.78145,0.7819,1.00,3.20
2010.06.10 16:07:28.614,0.7815,0.7819,1.00,3.20
2010.06.10 16:07:29.904,0.7815,0.7819,1.00,1.00
2010.06.10 16:07:30.243,0.78145,0.7819,3.20,1.00
2010.06.10 16:07:30.583,0.7815,0.7819,1.00,1.00
2010.06.10 16:07:31.264,0.78155,0.7819,1.00,1.00
2010.06.10 16:07:32.403,0.78155,0.7819,1.00,1.00
2010.06.10 16:07:32.934,0.7815,0.7819,1.00,1.00
2010.06.10 16:07:33.226,0.7815,0.7819,1.00,1.00
2010.06.10 16:07:33.503,0.7815,0.78195,1.00,3.20
2010.06.10 16:07:33.788,0.7815,0.78195,1.00,1.00
2010.06.10 16:07:34.414,0.7815,0.782,4.80,3.30
2010.06.10 16:07:34.754,0.7815,0.782,4.90,3.20
2010.06.10 16:07:35.545,0.78145,0.7819,3.20,1.00
2010.06.10 16:07:36.125,0.7815,0.78195,1.00,1.00
2010.06.10 16:07:36.413,0.7815,0.78195,1.00,1.00
2010.06.10 16:07:37.385,0.78145,0.78195,3.30,1.00
2010.06.10 16:07:37.728,0.7815,0.78195,1.00,1.00
2010.06.10 16:07:38.254,0.78145,0.78195,3.30,1.00
2010.06.10 16:07:38.595,0.7815,0.78195,3.30,1.00
2010.06.10 16:07:38.934,0.78155,0.782,1.00,3.20
2010.06.10 16:07:39.245,0.7815,0.78195,1.00,3.20
2010.06.10 16:07:39.611,0.78145,0.78195,2.50,3.20
2010.06.10 16:07:39.924,0.7815,0.782,4.80,3.20
2010.06.10 16:07:40.576,0.7815,0.78195,2.50,1.00
2010.06.10 16:07:41.244,0.7815,0.78195,1.00,1.00
2010.06.10 16:07:41.484,0.7815,0.7819,1.00,1.00
2010.06.10 16:07:41.944,0.78145,0.7819,3.30,1.00
2010.06.10 16:07:42.664,0.7815,0.7819,1.00,1.00
2010.06.10 16:07:43.004,0.7816,0.7819,1.00,1.00
2010.06.10 16:07:43.605,0.7815,0.7819,1.00,1.00
2010.06.10 16:07:46.383,0.7815,0.7819,1.00,2.40
2010.06.10 16:07:46.778,0.7815,0.7819,1.00,4.80
2010.06.10 16:07:47.114,0.7815,0.7819,1.00,1.00
2010.06.10 16:07:47.453,0.7815,0.7819,1.00,1.00
2010.06.10 16:07:50.416,0.78155,0.78195,1.00,3.20
2010.06.10 16:07:50.695,0.78155,0.78195,1.00,1.00
2010.06.10 16:07:51.075,0.7815,0.78195,1.00,1.00
2010.06.10 16:07:51.387,0.78155,0.78195,1.00,1.00
2010.06.10 16:07:51.697,0.78155,0.782,1.00,3.20
2010.06.10 16:07:52.357,0.7815,0.78195,2.50,2.40
2010.06.10 16:07:52.698,0.7815,0.782,4.80,3.20
2010.06.10 16:07:53.034,0.7815,0.782,4.90,3.20
2010.06.10 16:07:54.323,0.78155,0.782,1.00,3.20
2010.06.10 16:07:55.341,0.78155,0.78195,1.00,3.20
2010.06.10 16:07:55.685,0.78165,0.782,1.00,3.20
2010.06.10 16:07:55.913,0.78155,0.782,1.00,3.20
2010.06.10 16:07:56.296,0.7816,0.782,1.00,3.20
2010.06.10 16:07:56.525,0.7816,0.78205,1.00,3.20
2010.06.10 16:07:56.754,0.7815,0.782,4.90,3.20
2010.06.10 16:07:57.094,0.7816,0.782,1.00,3.20
2010.06.10 16:07:57.775,0.7816,0.782,1.00,3.20
2010.06.10 16:07:58.113,0.78155,0.782,1.00,3.20
2010.06.10 16:07:59.894,0.78155,0.78205,3.20,3.20
2010.06.10 16:08:00.234,0.7816,0.78205,1.00,3.20
2010.06.10 16:08:00.789,0.7816,0.78205,1.00,3.20
2010.06.10 16:08:01.657,0.78155,0.78205,2.40,3.20
2010.06.10 16:08:02.823,0.7816,0.78205,1.00,3.20
2010.06.10 16:08:03.164,0.7816,0.7821,4.80,4.90
2010.06.10 16:08:03.510,0.78165,0.7821,2.40,2.50
2010.06.10 16:08:03.752,0.78165,0.7821,1.00,3.20
2010.06.10 16:08:03.985,0.78165,0.7821,2.40,1.00
2010.06.10 16:08:04.554,0.78165,0.78215,3.20,4.80
2010.06.10 16:08:04.784,0.7817,0.78215,1.60,3.20
2010.06.10 16:08:05.125,0.7818,0.7822,1.00,2.40
2010.06.10 16:08:05.463,0.7818,0.78225,1.00,1.00
2010.06.10 16:08:06.289,0.78175,0.78225,2.40,2.40
2010.06.10 16:08:06.626,0.7817,0.7822,3.30,2.40
2010.06.10 16:08:07.464,0.7817,0.78225,3.30,3.30
2010.06.10 16:08:07.795,0.7817,0.78215,1.00,3.20
2010.06.10 16:08:08.125,0.78175,0.78225,1.00,3.20
2010.06.10 16:08:08.537,0.78175,0.78225,1.00,2.40
2010.06.10 16:08:08.876,0.78175,0.7823,3.20,3.20
2010.06.10 16:08:09.217,0.78175,0.78225,3.20,2.40
2010.06.10 16:08:09.914,0.78175,0.7822,3.20,1.00
2010.06.10 16:08:10.258,0.7818,0.7823,2.40,3.30
2010.06.10 16:08:10.935,0.7817,0.7822,3.20,2.40
2010.06.10 16:08:11.255,0.7818,0.78225,1.00,3.20
2010.06.10 16:08:11.584,0.78175,0.7822,4.80,1.00
2010.06.10 16:08:11.984,0.78175,0.7822,2.40,1.00
2010.06.10 16:08:12.317,0.78175,0.7822,1.00,3.20
2010.06.10 16:08:13.694,0.7818,0.7822,1.00,3.20
2010.06.10 16:08:14.034,0.7817,0.7822,4.90,3.20
2010.06.10 16:08:14.699,0.7818,0.7822,1.00,3.20
2010.06.10 16:08:17.735,0.78175,0.7822,1.00,3.20
2010.06.10 16:08:19.154,0.7818,0.7822,1.00,3.20
2010.06.10 16:08:20.396,0.7817,0.7822,3.30,3.20
2010.06.10 16:08:20.734,0.78175,0.7822,1.00,3.20
2010.06.10 16:08:20.943,0.78175,0.7822,1.00,3.20
2010.06.10 16:08:21.847,0.7818,0.78225,1.00,3.20
2010.06.10 16:08:22.174,0.78175,0.78225,1.00,3.20
2010.06.10 16:08:26.513,0.78175,0.78225,1.00,2.40
2010.06.10 16:08:26.733,0.78175,0.78225,2.50,3.20
2010.06.10 16:08:27.088,0.78175,0.78215,2.50,1.00
2010.06.10 16:08:27.305,0.78175,0.78215,1.00,3.20
2010.06.10 16:08:27.864,0.7817,0.78215,1.00,3.20
2010.06.10 16:08:28.905,0.78175,0.78215,1.00,3.20
2010.06.10 16:08:30.674,0.78175,0.7821,1.00,1.00
2010.06.10 16:08:31.188,0.7817,0.7821,1.00,1.00
2010.06.10 16:08:31.474,0.7817,0.7821,1.00,4.80
2010.06.10 16:08:32.056,0.7817,0.7821,1.00,2.40
2010.06.10 16:08:32.315,0.7817,0.7821,1.00,1.00
2010.06.10 16:08:32.574,0.7817,0.78215,1.00,3.20
2010.06.10 16:08:33.295,0.78165,0.78215,4.90,3.30
2010.06.10 16:08:34.132,0.7817,0.78215,1.00,3.20
2010.06.10 16:08:34.637,0.78175,0.78215,1.60,3.20
2010.06.10 16:08:34.944,0.78175,0.7822,2.40,4.80
2010.06.10 16:08:36.023,0.7818,0.7822,1.00,4.80
2010.06.10 16:08:36.974,0.7817,0.78215,1.00,3.20
2010.06.10 16:08:37.869,0.78165,0.78215,4.90,3.20
2010.06.10 16:08:38.585,0.7817,0.78215,1.00,4.80
2010.06.10 16:08:39.881,0.78175,0.78215,1.00,4.80
2010.06.10 16:08:40.196,0.7817,0.7821,1.00,4.80
2010.06.10 16:08:40.517,0.7817,0.7821,1.00,1.60
2010.06.10 16:08:40.835,0.7817,0.7821,1.00,2.40
2010.06.10 16:08:41.356,0.78165,0.7821,1.00,2.40
2010.06.10 16:08:41.695,0.7817,0.78205,1.00,1.00
2010.06.10 16:08:42.434,0.78165,0.78205,1.00,1.00
2010.06.10 16:08:42.864,0.78165,0.78205,1.00,1.00
2010.06.10 16:08:43.098,0.78165,0.78205,1.00,2.40
2010.06.10 16:08:43.345,0.7817,0.78205,1.00,4.80
2010.06.10 16:08:43.583,0.78165,0.78205,1.00,4.80
2010.06.10 16:08:44.196,0.78165,0.78205,1.00,1.60
2010.06.10 16:08:44.534,0.78165,0.78205,1.00,2.40
2010.06.10 16:08:45.208,0.7816,0.78205,3.20,2.40
2010.06.10 16:08:45.223,0.7816,0.78205,4.80,2.40
2010.06.10 16:08:45.566,0.7816,0.78205,4.80,2.40
2010.06.10 16:08:46.244,0.78165,0.78205,1.00,2.40
2010.06.10 16:08:46.620,0.7816,0.78205,4.80,2.40
2010.06.10 16:08:46.970,0.78165,0.78205,1.00,2.40
2010.06.10 16:08:47.306,0.7817,0.78205,1.00,2.40
2010.06.10 16:08:47.614,0.78165,0.78205,1.00,2.40
2010.06.10 16:08:48.110,0.7816,0.78205,1.00,4.80
2010.06.10 16:08:49.394,0.78175,0.7822,1.60,1.00
2010.06.10 16:08:49.725,0.78175,0.7822,1.60,3.20
2010.06.10 16:08:50.065,0.78185,0.7822,1.60,3.20
2010.06.10 16:08:50.480,0.7817,0.78215,3.30,1.60
2010.06.10 16:08:50.830,0.78175,0.78215,1.00,1.60
2010.06.10 16:08:51.165,0.7817,0.78215,3.30,1.60
2010.06.10 16:08:51.822,0.78175,0.78215,1.00,1.60
2010.06.10 16:08:52.165,0.78175,0.78225,1.00,4.90
2010.06.10 16:08:52.505,0.78175,0.7822,1.60,3.20
2010.06.10 16:08:52.776,0.7817,0.78215,1.00,4.80
2010.06.10 16:08:53.405,0.7817,0.7822,1.00,3.20
2010.06.10 16:08:53.663,0.7817,0.7822,1.00,3.20
2010.06.10 16:08:54.623,0.7817,0.7822,1.00,3.30
2010.06.10 16:08:55.238,0.7817,0.78215,1.00,1.60
2010.06.10 16:08:55.453,0.7817,0.78215,1.00,4.80
2010.06.10 16:09:01.044,0.7817,0.78215,1.00,3.20
2010.06.10 16:09:01.624,0.7817,0.78215,1.00,2.80
2010.06.10 16:09:01.924,0.7817,0.78215,1.00,4.80
2010.06.10 16:09:03.436,0.7817,0.78215,1.00,3.20
2010.06.10 16:09:03.783,0.78175,0.7822,1.00,3.30
2010.06.10 16:09:04.806,0.78175,0.78225,1.00,3.30
2010.06.10 16:09:05.146,0.78175,0.7822,3.20,1.00
2010.06.10 16:09:05.866,0.7817,0.7822,3.30,3.30
2010.06.10 16:09:06.218,0.7817,0.7822,1.00,3.30
2010.06.10 16:09:06.474,0.7817,0.78215,1.00,1.00
2010.06.10 16:09:06.838,0.78175,0.7822,1.00,3.20
2010.06.10 16:09:07.175,0.7817,0.7822,1.00,3.30
2010.06.10 16:09:07.513,0.7817,0.7822,3.30,3.30
2010.06.10 16:09:08.563,0.7817,0.78215,1.00,1.00
2010.06.10 16:09:08.912,0.7817,0.78215,3.20,1.00
2010.06.10 16:09:09.187,0.78175,0.7822,1.00,3.20
2010.06.10 16:09:09.692,0.7817,0.7822,1.00,3.30
2010.06.10 16:09:09.967,0.7817,0.78215,1.00,4.80
2010.06.10 16:09:10.647,0.7817,0.7822,1.00,3.30
2010.06.10 16:09:11.246,0.7817,0.7822,3.30,3.30
2010.06.10 16:09:12.514,0.78175,0.7822,1.00,3.20
2010.06.10 16:09:13.114,0.7817,0.7822,3.30,3.30
2010.06.10 16:09:13.325,0.7817,0.78215,1.00,4.80
2010.06.10 16:09:20.110,0.78175,0.78215,1.00,4.80
2010.06.10 16:09:20.353,0.78175,0.78215,1.00,3.20
2010.06.10 16:09:20.594,0.7817,0.7822,3.30,3.30
2010.06.10 16:09:21.164,0.7817,0.78215,1.00,4.80
2010.06.10 16:09:22.193,0.78175,0.7822,1.00,3.20
2010.06.10 16:09:22.536,0.78175,0.7822,1.00,3.20
2010.06.10 16:09:22.875,0.7817,0.78215,3.30,1.60
2010.06.10 16:09:23.215,0.7817,0.78215,1.00,4.80
2010.06.10 16:09:26.380,0.78175,0.7822,1.70,3.20
2010.06.10 16:09:26.575,0.7819,0.78235,3.20,2.40
2010.06.10 16:09:26.764,0.7819,0.78235,3.20,1.00
2010.06.10 16:09:26.986,0.7819,0.78235,2.40,1.00
2010.06.10 16:09:27.684,0.78185,0.78235,3.20,3.20
2010.06.10 16:09:27.964,0.7819,0.78235,1.00,3.20
2010.06.10 16:09:28.244,0.78195,0.78235,1.00,1.00
2010.06.10 16:09:28.745,0.7819,0.78235,3.20,1.00
2010.06.10 16:09:29.087,0.7819,0.78235,1.00,3.20
2010.06.10 16:09:30.692,0.7819,0.78235,1.00,4.80
2010.06.10 16:09:30.986,0.78185,0.78235,3.30,4.90
2010.06.10 16:09:31.889,0.7819,0.78235,1.00,4.80
2010.06.10 16:09:32.456,0.78195,0.7824,1.00,4.80
2010.06.10 16:09:32.745,0.7819,0.7824,3.30,4.90
2010.06.10 16:09:33.767,0.78195,0.7824,1.00,4.80
2010.06.10 16:09:34.106,0.78195,0.7824,3.20,1.60
2010.06.10 16:09:34.445,0.78195,0.7824,3.30,1.60
2010.06.10 16:09:36.333,0.78195,0.7824,4.90,1.60
2010.06.10 16:09:37.524,0.78195,0.7824,4.80,1.60
2010.06.10 16:09:37.634,0.78195,0.7824,4.50,2.40
2010.06.10 16:09:37.953,0.78195,0.7824,2.10,2.40
2010.06.10 16:09:39.649,0.78195,0.7824,2.40,1.60
2010.06.10 16:09:39.843,0.78195,0.7824,4.80,1.60
2010.06.10 16:09:40.044,0.78195,0.7824,4.90,1.60
2010.06.10 16:09:41.942,0.78195,0.7824,5.30,1.60
2010.06.10 16:09:43.088,0.782,0.7824,1.00,1.60
2010.06.10 16:09:43.424,0.782,0.78245,3.20,1.60
2010.06.10 16:09:44.036,0.782,0.7824,3.20,1.60
2010.06.10 16:09:44.384,0.7819,0.78235,3.30,1.00
2010.06.10 16:09:45.469,0.7819,0.78235,3.20,1.00
2010.06.10 16:09:46.144,0.7819,0.78235,3.20,1.00
2010.06.10 16:09:46.394,0.7819,0.78235,3.30,1.00
2010.06.10 16:09:46.644,0.78195,0.78235,1.00,1.00
2010.06.10 16:09:48.556,0.7819,0.78235,3.30,1.00
2010.06.10 16:09:49.060,0.7819,0.78235,1.00,3.20
2010.06.10 16:09:49.364,0.7819,0.78235,1.00,3.20
2010.06.10 16:09:54.484,0.78195,0.78235,1.00,3.20
2010.06.10 16:09:54.694,0.7819,0.78235,1.00,3.20
2010.06.10 16:09:55.191,0.78195,0.78235,1.00,3.20
2010.06.10 16:09:55.865,0.7819,0.78235,1.00,3.20
2010.06.10 16:09:56.229,0.78195,0.78235,1.00,3.20
2010.06.10 16:09:58.319,0.78195,0.78235,1.00,1.00
2010.06.10 16:09:58.556,0.7819,0.7824,4.90,4.80
2010.06.10 16:09:58.796,0.78195,0.7824,1.00,4.80
2010.06.10 16:09:59.035,0.782,0.7824,1.00,4.80
2010.06.10 16:10:02.579,0.78195,0.7822,1.60,1.00
2010.06.10 16:10:02.816,0.7819,0.7822,1.00,1.00
2010.06.10 16:10:03.025,0.78195,0.7824,1.60,3.20
2010.06.10 16:10:03.460,0.782,0.7824,1.00,4.80
2010.06.10 16:10:03.667,0.782,0.7824,1.60,3.20
2010.06.10 16:10:04.749,0.782,0.78225,1.60,2.40
2010.06.10 16:10:05.087,0.7819,0.78235,1.00,3.20
2010.06.10 16:10:05.334,0.78185,0.78235,4.90,3.20
2010.06.10 16:10:05.573,0.78185,0.78235,3.30,3.20
2010.06.10 16:10:05.815,0.7819,0.78235,1.00,3.20
2010.06.10 16:10:06.054,0.7819,0.78235,2.50,1.00
2010.06.10 16:10:06.428,0.7819,0.7824,3.30,4.80
2010.06.10 16:10:07.105,0.78185,0.78225,1.00,2.40
2010.06.10 16:10:07.444,0.78185,0.7822,1.00,1.00
2010.06.10 16:10:10.838,0.7818,0.7822,1.00,1.00
2010.06.10 16:10:11.084,0.7819,0.7822,1.00,1.00
2010.06.10 16:10:11.323,0.78185,0.7822,1.00,1.00
2010.06.10 16:10:12.497,0.7818,0.7822,1.00,1.00
2010.06.10 16:10:12.614,0.7818,0.78215,1.00,1.00
2010.06.10 16:10:12.724,0.78185,0.78215,1.00,3.20
2010.06.10 16:10:13.335,0.7818,0.78215,1.00,3.20
2010.06.10 16:10:19.625,0.78175,0.78225,1.00,2.40
2010.06.10 16:10:19.965,0.7818,0.7823,1.00,3.20
2010.06.10 16:10:20.652,0.7819,0.78235,3.20,2.40
2010.06.10 16:10:20.916,0.7819,0.78235,4.80,1.00
2010.06.10 16:10:21.175,0.7819,0.7823,4.00,1.00
2010.06.10 16:10:21.789,0.78185,0.7823,1.00,3.20
2010.06.10 16:10:22.127,0.7818,0.78225,1.00,2.40
2010.06.10 16:10:22.466,0.78185,0.78225,1.00,2.40
2010.06.10 16:10:23.085,0.7818,0.7823,4.10,3.20
2010.06.10 16:10:23.427,0.7819,0.78235,1.00,1.00
2010.06.10 16:10:24.101,0.78185,0.78235,3.20,1.00
2010.06.10 16:10:24.446,0.78185,0.78235,3.20,1.00
2010.06.10 16:10:25.148,0.78185,0.7823,1.00,3.20
2010.06.10 16:10:25.385,0.78185,0.7823,1.00,3.20
2010.06.10 16:10:26.215,0.7819,0.78235,1.00,1.00
2010.06.10 16:10:26.453,0.7819,0.78235,3.30,1.00
2010.06.10 16:10:26.744,0.7819,0.78235,1.00,1.00
2010.06.10 16:10:27.210,0.7819,0.78235,2.50,1.00
2010.06.10 16:10:27.518,0.7819,0.78235,1.00,1.00
2010.06.10 16:10:27.858,0.78185,0.7823,1.00,3.20
2010.06.10 16:10:29.224,0.7819,0.7823,1.00,3.20
2010.06.10 16:10:31.585,0.7819,0.78235,3.30,1.00
2010.06.10 16:10:33.174,0.78185,0.78235,3.30,1.00
2010.06.10 16:10:33.354,0.7819,0.78235,1.00,1.00
2010.06.10 16:10:33.577,0.78185,0.78235,3.30,1.00
2010.06.10 16:10:34.406,0.7819,0.78235,1.00,1.00
2010.06.10 16:10:34.807,0.78185,0.78235,3.30,1.00
2010.06.10 16:10:35.446,0.7819,0.78235,1.00,1.00
2010.06.10 16:10:36.084,0.78185,0.7823,3.30,1.00
2010.06.10 16:10:36.635,0.78185,0.7823,1.00,3.20
2010.06.10 16:10:36.862,0.7819,0.7823,1.00,3.20
2010.06.10 16:10:37.088,0.78185,0.7823,3.20,1.00
2010.06.10 16:10:37.414,0.7819,0.78235,3.20,1.00
2010.06.10 16:10:38.075,0.7818,0.78225,1.00,3.20
2010.06.10 16:10:39.095,0.78185,0.78225,1.00,3.20
2010.06.10 16:10:39.996,0.7818,0.78225,1.00,3.20
2010.06.10 16:10:40.276,0.7818,0.7822,1.00,3.20
2010.06.10 16:10:42.284,0.7818,0.78225,1.00,3.20
2010.06.10 16:10:42.760,0.7818,0.78225,1.00,3.20
2010.06.10 16:10:43.336,0.7818,0.78225,1.00,3.20
2010.06.10 16:10:45.681,0.78175,0.78225,1.00,3.20
2010.06.10 16:10:45.884,0.78175,0.7822,1.00,2.40
2010.06.10 16:10:46.259,0.78175,0.7822,1.00,3.20
2010.06.10 16:10:46.737,0.7818,0.7822,1.00,3.20
2010.06.10 16:10:47.316,0.7817,0.7822,4.90,3.30
2010.06.10 16:10:47.594,0.78175,0.78215,1.00,1.00
2010.06.10 16:10:47.983,0.78175,0.78215,1.00,2.40
2010.06.10 16:10:48.185,0.78175,0.78215,1.00,4.80
2010.06.10 16:10:48.410,0.78165,0.78215,3.30,4.80
2010.06.10 16:10:49.024,0.78175,0.78225,4.90,3.20
2010.06.10 16:10:49.367,0.7818,0.7822,1.00,2.40
2010.06.10 16:10:49.705,0.78175,0.7822,1.00,2.40
2010.06.10 16:10:51.948,0.7817,0.7822,2.50,2.40
2010.06.10 16:10:52.632,0.7818,0.78225,1.00,2.40
2010.06.10 16:10:52.815,0.78175,0.78225,3.30,2.40
2010.06.10 16:10:52.995,0.78175,0.7822,3.20,1.00
2010.06.10 16:10:53.547,0.78175,0.7822,3.30,1.00
2010.06.10 16:10:54.245,0.7818,0.7822,1.00,1.00
2010.06.10 16:10:54.587,0.7818,0.7822,4.00,1.00
2010.06.10 16:10:55.259,0.7818,0.7822,1.00,1.00
2010.06.10 16:10:55.936,0.78175,0.7822,3.30,1.00
2010.06.10 16:10:56.270,0.7818,0.7822,1.00,1.00
2010.06.10 16:10:59.614,0.78175,0.7822,2.50,1.00
2010.06.10 16:10:59.779,0.7818,0.7822,1.00,3.20
2010.06.10 16:11:00.684,0.78175,0.7822,1.00,3.20
2010.06.10 16:11:01.004,0.7818,0.7822,1.00,3.20
2010.06.10 16:11:01.324,0.78175,0.7822,1.00,3.20
2010.06.10 16:11:01.690,0.78175,0.7822,1.00,3.20
2010.06.10 16:11:01.999,0.7818,0.7822,1.00,3.20
2010.06.10 16:11:04.086,0.78175,0.7822,3.30,1.00
2010.06.10 16:11:04.294,0.7818,0.78225,1.00,3.20
2010.06.10 16:11:04.495,0.7817,0.7822,1.00,2.40
2010.06.10 16:11:04.872,0.7817,0.78225,2.50,3.20
2010.06.10 16:11:05.076,0.78175,0.78225,1.00,3.20
2010.06.10 16:11:05.704,0.78175,0.78225,1.00,3.20
2010.06.10 16:11:06.816,0.7818,0.78225,1.00,3.20
2010.06.10 16:11:08.636,0.7818,0.78225,1.00,2.40
2010.06.10 16:11:08.880,0.7818,0.7823,3.20,4.90
2010.06.10 16:11:09.451,0.78175,0.78225,2.50,2.40
2010.06.10 16:11:09.796,0.7818,0.7822,1.00,4.80
2010.06.10 16:11:10.368,0.78175,0.7822,1.00,4.80
2010.06.10 16:11:11.524,0.7818,0.7822,1.00,4.80
2010.06.10 16:11:11.863,0.7817,0.7822,3.30,4.80
2010.06.10 16:11:12.408,0.7817,0.7821,2.50,1.00
2010.06.10 16:11:12.675,0.7817,0.7822,3.20,2.40
2010.06.10 16:11:13.014,0.78175,0.7822,1.00,2.40
2010.06.10 16:11:13.354,0.7817,0.7822,3.30,2.40
2010.06.10 16:11:14.021,0.7818,0.78225,1.00,3.20
2010.06.10 16:11:15.356,0.7818,0.78225,1.00,3.20
2010.06.10 16:11:20.906,0.7818,0.78225,1.00,3.20
2010.06.10 16:11:21.368,0.78175,0.7822,2.50,1.00
2010.06.10 16:11:21.491,0.7818,0.7822,1.00,3.20
2010.06.10 16:11:22.287,0.78185,0.7822,1.00,3.20
2010.06.10 16:11:22.625,0.7818,0.7822,1.00,3.20
2010.06.10 16:11:33.764,0.78185,0.7822,1.00,1.00
2010.06.10 16:11:33.934,0.78175,0.7822,3.30,1.00
2010.06.10 16:11:34.329,0.78175,0.7822,1.00,3.20
2010.06.10 16:11:34.665,0.78175,0.7822,1.00,3.20
2010.06.10 16:11:35.162,0.7818,0.7822,1.00,3.20
2010.06.10 16:11:38.427,0.78175,0.7822,1.00,3.20
2010.06.10 16:11:38.594,0.7818,0.7822,1.00,3.20
2010.06.10 16:11:38.765,0.7817,0.7822,4.10,3.20
2010.06.10 16:11:39.175,0.7817,0.7822,2.50,3.20
2010.06.10 16:11:39.346,0.7817,0.78215,1.00,2.40
2010.06.10 16:11:39.514,0.7817,0.78215,1.60,2.40
2010.06.10 16:11:39.855,0.7817,0.7822,4.90,3.20
2010.06.10 16:11:40.875,0.78175,0.7822,1.00,3.20
2010.06.10 16:11:41.396,0.78175,0.7822,1.00,3.20
2010.06.10 16:11:41.694,0.7818,0.7822,1.00,3.20
2010.06.10 16:11:41.914,0.78175,0.7822,1.00,3.20
2010.06.10 16:11:42.835,0.7818,0.7822,1.00,3.20
2010.06.10 16:11:44.565,0.78175,0.78215,1.00,2.40
2010.06.10 16:11:44.879,0.78175,0.7822,1.00,3.20
2010.06.10 16:11:45.248,0.7818,0.7822,1.00,3.20
2010.06.10 16:11:45.875,0.7818,0.7822,1.00,1.00
2010.06.10 16:11:46.094,0.7818,0.78225,2.40,1.60
2010.06.10 16:11:46.313,0.7818,0.7823,2.40,3.20
2010.06.10 16:11:46.534,0.7818,0.7823,2.40,3.30
2010.06.10 16:11:51.003,0.7818,0.7823,2.40,3.20
2010.06.10 16:11:51.354,0.7818,0.7823,2.40,3.30
2010.06.10 16:11:52.082,0.7819,0.7823,1.00,3.20
2010.06.10 16:11:52.390,0.7819,0.78235,4.80,1.00
2010.06.10 16:12:00.077,0.7819,0.78235,4.80,1.00
2010.06.10 16:12:00.656,0.7819,0.78235,4.80,1.00
2010.06.10 16:12:03.095,0.78185,0.78235,4.80,4.90
2010.06.10 16:12:04.864,0.78185,0.78235,4.80,4.80
2010.06.10 16:12:05.113,0.78185,0.7823,4.80,1.00
2010.06.10 16:12:06.488,0.78185,0.78235,4.80,4.90
2010.06.10 16:12:08.136,0.78185,0.7823,4.80,1.00
2010.06.10 16:12:08.335,0.78185,0.78215,2.40,2.40
2010.06.10 16:12:08.414,0.78185,0.7821,1.00,1.60
2010.06.10 16:12:08.495,0.7817,0.7821,1.00,2.40
2010.06.10 16:12:10.364,0.7817,0.7821,1.00,2.40
2010.06.10 16:12:11.858,0.7817,0.7821,1.00,2.40
2010.06.10 16:12:12.505,0.7817,0.78215,1.70,4.80
2010.06.10 16:12:13.824,0.7817,0.7821,1.00,2.40
2010.06.10 16:12:24.864,0.78165,0.782,1.00,1.00
2010.06.10 16:12:25.073,0.78165,0.78205,1.00,1.00
2010.06.10 16:12:25.363,0.78165,0.7821,1.00,2.40
2010.06.10 16:12:26.060,0.7817,0.7821,1.00,2.40
2010.06.10 16:12:26.856,0.7817,0.78215,1.60,4.90
2010.06.10 16:12:30.002,0.7816,0.782,4.00,1.00
2010.06.10 16:12:30.348,0.78165,0.78205,1.00,4.80
2010.06.10 16:12:30.626,0.7816,0.782,1.00,2.40
2010.06.10 16:12:31.004,0.7816,0.782,1.00,4.80
2010.06.10 16:12:31.302,0.7816,0.78205,3.30,1.00
2010.06.10 16:12:31.924,0.78165,0.78205,1.00,1.00
2010.06.10 16:12:33.265,0.7816,0.78205,1.00,3.20
2010.06.10 16:12:34.114,0.78165,0.78205,1.00,3.20
2010.06.10 16:12:34.549,0.7816,0.78205,1.00,3.20
2010.06.10 16:12:34.865,0.78165,0.78205,1.00,3.20
2010.06.10 16:12:35.177,0.78155,0.78195,1.00,4.80
2010.06.10 16:12:35.804,0.7815,0.78195,1.00,4.80
2010.06.10 16:12:36.418,0.7815,0.78195,1.00,4.80
2010.06.10 16:12:36.756,0.78155,0.78195,1.00,2.40
2010.06.10 16:12:37.094,0.7815,0.78195,1.00,2.50
2010.06.10 16:12:38.228,0.7815,0.78195,1.00,4.90
2010.06.10 16:12:38.504,0.78145,0.78195,3.30,4.90
2010.06.10 16:12:43.278,0.7815,0.78195,1.00,4.80
2010.06.10 16:12:43.374,0.7815,0.78195,1.00,4.80
2010.06.10 16:12:43.463,0.7815,0.78195,1.00,2.40
2010.06.10 16:12:48.176,0.78155,0.78195,1.00,2.40
2010.06.10 16:12:49.947,0.78155,0.782,1.00,3.20
2010.06.10 16:12:50.590,0.78155,0.78205,3.30,3.20
2010.06.10 16:12:50.905,0.78165,0.78215,2.40,2.90
2010.06.10 16:12:51.224,0.78165,0.78215,3.20,4.90
2010.06.10 16:12:52.605,0.78165,0.78215,3.30,4.90
2010.06.10 16:12:53.945,0.78165,0.78215,3.20,4.90
2010.06.10 16:12:54.284,0.78165,0.7821,3.20,1.00
2010.06.10 16:12:54.624,0.78165,0.7821,3.20,1.00
2010.06.10 16:12:54.964,0.78165,0.7821,3.20,1.00
2010.06.10 16:12:55.331,0.78165,0.7821,3.20,1.00
2010.06.10 16:12:55.680,0.78165,0.7821,3.20,1.00
2010.06.10 16:12:56.133,0.78165,0.7821,3.20,1.00
2010.06.10 16:12:56.652,0.78165,0.7821,3.20,1.00
2010.06.10 16:12:57.696,0.7817,0.78215,1.00,1.00
2010.06.10 16:12:57.884,0.7817,0.78215,1.00,1.00
2010.06.10 16:12:58.269,0.7817,0.78205,1.00,1.00
2010.06.10 16:12:58.463,0.7816,0.78205,2.50,1.00
2010.06.10 16:12:58.646,0.78165,0.78205,1.00,1.00
2010.06.10 16:13:00.435,0.7817,0.78205,1.00,1.00
2010.06.10 16:13:00.694,0.78165,0.78205,1.00,1.00
2010.06.10 16:13:00.954,0.78165,0.78205,1.00,1.00
2010.06.10 16:13:02.277,0.7817,0.7821,2.40,1.00
2010.06.10 16:13:02.565,0.7817,0.7821,2.50,1.00
2010.06.10 16:13:03.082,0.7817,0.7821,2.40,1.00
2010.06.10 16:13:03.374,0.7817,0.7821,1.00,1.00
2010.06.10 16:13:03.761,0.7817,0.7821,1.00,1.00
2010.06.10 16:13:04.619,0.7816,0.78205,3.20,1.00
2010.06.10 16:13:04.960,0.7816,0.78205,3.30,1.00
2010.06.10 16:13:05.661,0.78165,0.78205,1.00,1.00
2010.06.10 16:13:06.769,0.7817,0.78205,1.00,1.00
2010.06.10 16:13:07.475,0.7817,0.78205,3.30,1.00
2010.06.10 16:13:07.815,0.7817,0.7821,1.00,1.00
2010.06.10 16:13:08.707,0.7817,0.78205,1.00,1.00
2010.06.10 16:13:10.359,0.7817,0.78205,1.00,1.00
2010.06.10 16:13:10.654,0.7817,0.78205,1.00,1.00
2010.06.10 16:13:11.335,0.7816,0.78205,1.00,1.00
2010.06.10 16:13:11.717,0.7816,0.78205,2.50,1.00
2010.06.10 16:13:11.965,0.7816,0.78205,3.30,1.00
2010.06.10 16:13:12.221,0.7816,0.78215,3.30,3.60
2010.06.10 16:13:12.464,0.7816,0.78215,3.20,3.60
2010.06.10 16:13:12.704,0.7816,0.78215,3.20,3.60
2010.06.10 16:13:12.945,0.7817,0.78215,1.00,1.00
2010.06.10 16:13:13.302,0.7817,0.78215,2.40,1.00
2010.06.10 16:13:13.638,0.78175,0.78215,3.20,1.00
2010.06.10 16:13:13.966,0.78175,0.78215,1.00,1.00
2010.06.10 16:13:16.146,0.7817,0.78215,3.30,1.00
2010.06.10 16:13:16.807,0.7816,0.7821,3.30,4.80
2010.06.10 16:13:17.125,0.78165,0.7821,1.00,5.20
2010.06.10 16:13:18.146,0.7817,0.7821,1.00,4.80
2010.06.10 16:13:18.395,0.7817,0.7821,1.00,5.20
2010.06.10 16:13:18.615,0.7816,0.7821,3.30,5.20
2010.06.10 16:13:19.420,0.7817,0.7821,1.00,5.20
2010.06.10 16:13:22.141,0.7816,0.7821,3.30,5.20
2010.06.10 16:13:22.366,0.7816,0.7821,3.30,5.30
2010.06.10 16:13:22.825,0.7816,0.7821,3.20,5.20
2010.06.10 16:13:24.619,0.78165,0.7821,1.00,5.20
2010.06.10 16:13:25.157,0.7816,0.7821,3.30,4.90
2010.06.10 16:13:25.497,0.78165,0.7821,1.00,4.80
2010.06.10 16:13:25.826,0.78165,0.7821,1.00,4.80
2010.06.10 16:13:26.644,0.78165,0.7821,1.00,4.80
2010.06.10 16:13:27.106,0.78165,0.7821,1.00,4.80
2010.06.10 16:13:27.319,0.78165,0.7821,1.00,4.80
2010.06.10 16:13:27.664,0.7816,0.7821,3.20,4.80
2010.06.10 16:13:27.863,0.78165,0.7821,1.00,4.80
2010.06.10 16:13:28.024,0.7817,0.7821,1.00,4.80
2010.06.10 16:13:28.391,0.7817,0.7821,1.00,1.00
2010.06.10 16:13:28.544,0.78165,0.7821,1.00,1.00
2010.06.10 16:13:31.005,0.7816,0.78205,2.40,2.40
2010.06.10 16:13:31.181,0.7816,0.782,1.00,1.00
2010.06.10 16:13:31.835,0.78165,0.782,1.00,1.00
2010.06.10 16:13:32.175,0.7816,0.782,1.00,1.00
2010.06.10 16:13:33.896,0.78155,0.78195,1.00,2.40
2010.06.10 16:13:34.607,0.78155,0.78195,1.00,2.40
2010.06.10 16:13:34.944,0.7815,0.78195,3.30,1.60
2010.06.10 16:13:35.681,0.7815,0.78195,3.20,1.60
2010.06.10 16:13:36.017,0.78155,0.78195,1.00,2.40
2010.06.10 16:13:36.278,0.78155,0.78195,1.00,2.40
2010.06.10 16:13:37.863,0.78165,0.782,1.00,2.40
2010.06.10 16:13:38.208,0.78165,0.78205,1.00,4.00
2010.06.10 16:13:38.827,0.78165,0.78205,1.00,1.60
2010.06.10 16:13:39.084,0.7816,0.78205,3.30,1.60
2010.06.10 16:13:39.344,0.78155,0.78205,4.90,4.80
2010.06.10 16:13:39.604,0.78155,0.782,4.80,1.60
2010.06.10 16:13:40.296,0.78155,0.782,4.90,2.40
2010.06.10 16:13:40.635,0.7815,0.78195,1.00,4.00
2010.06.10 16:13:40.976,0.7815,0.78195,3.30,1.60
2010.06.10 16:13:41.346,0.78155,0.78195,1.00,1.60
2010.06.10 16:13:41.994,0.7816,0.78195,1.00,1.60
2010.06.10 16:13:45.126,0.78155,0.78195,1.00,1.60
2010.06.10 16:13:45.576,0.7816,0.78195,1.00,1.60
2010.06.10 16:13:45.827,0.78155,0.78195,1.00,2.40
2010.06.10 16:13:49.418,0.7815,0.78195,1.00,2.40
2010.06.10 16:13:50.434,0.7815,0.78195,1.00,2.50
2010.06.10 16:13:50.775,0.7814,0.7819,3.30,3.20
2010.06.10 16:13:51.143,0.78145,0.78185,2.40,1.60
2010.06.10 16:13:51.485,0.7814,0.78185,1.00,4.80
2010.06.10 16:13:51.839,0.7814,0.78185,1.00,4.80
2010.06.10 16:13:52.408,0.7814,0.7818,1.00,1.60
2010.06.10 16:13:52.720,0.7814,0.7819,1.00,3.20
2010.06.10 16:13:53.025,0.7814,0.7819,1.00,3.20
2010.06.10 16:13:54.334,0.7814,0.7819,1.00,3.20
2010.06.10 16:13:54.654,0.7814,0.7819,4.80,3.20
2010.06.10 16:13:54.974,0.7814,0.7819,4.80,3.20
2010.06.10 16:13:55.264,0.78145,0.7819,1.00,2.40
2010.06.10 16:13:55.701,0.7815,0.7819,1.00,2.40
2010.06.10 16:13:56.009,0.7815,0.7819,1.00,3.20
2010.06.10 16:13:58.006,0.78155,0.7819,1.00,3.20
2010.06.10 16:13:58.275,0.7815,0.7819,1.00,2.40
2010.06.10 16:13:58.806,0.7815,0.78195,1.00,2.40
2010.06.10 16:13:59.006,0.7815,0.78195,2.40,2.40
2010.06.10 16:14:00.305,0.7815,0.78195,2.50,2.40
2010.06.10 16:14:00.645,0.78155,0.78195,1.00,2.40
2010.06.10 16:14:01.659,0.7815,0.78195,2.50,2.40
2010.06.10 16:14:02.180,0.78155,0.78195,1.00,2.40
2010.06.10 16:14:02.468,0.7816,0.78205,3.30,1.60
2010.06.10 16:14:03.335,0.78165,0.78205,1.00,1.60
2010.06.10 16:14:03.674,0.78165,0.78205,1.00,1.60
2010.06.10 16:14:05.917,0.78165,0.78205,1.00,1.60
2010.06.10 16:14:07.655,0.78165,0.78205,1.00,1.60
2010.06.10 16:14:07.895,0.7817,0.78205,1.00,1.60
2010.06.10 16:14:08.539,0.7817,0.78205,1.00,1.60
2010.06.10 16:14:09.635,0.7818,0.78205,1.00,1.60
2010.06.10 16:14:09.827,0.78175,0.7822,1.00,3.20
2010.06.10 16:14:10.015,0.78175,0.7822,1.00,4.80
2010.06.10 16:14:10.305,0.78175,0.7822,3.20,1.60
2010.06.10 16:14:10.663,0.78175,0.7822,1.00,4.00
2010.06.10 16:14:10.959,0.78175,0.7822,3.30,1.60
2010.06.10 16:14:11.957,0.78175,0.7822,1.00,2.40
2010.06.10 16:14:13.238,0.78175,0.7822,3.30,1.60
2010.06.10 16:14:13.534,0.78175,0.7822,1.00,2.40
2010.06.10 16:14:14.325,0.7817,0.7821,1.00,1.60
2010.06.10 16:14:14.645,0.78165,0.7821,4.90,1.60
2010.06.10 16:14:14.964,0.7817,0.7821,1.00,1.60
2010.06.10 16:14:15.789,0.7817,0.7821,1.00,1.60
2010.06.10 16:14:22.344,0.78175,0.7821,1.00,1.60
2010.06.10 16:14:22.495,0.7817,0.78205,1.00,1.60
2010.06.10 16:14:22.644,0.78165,0.78205,3.30,1.60
2010.06.10 16:14:23.183,0.78165,0.7821,3.30,2.40
2010.06.10 16:14:23.407,0.78165,0.78215,3.30,4.80
2010.06.10 16:14:24.044,0.7817,0.78215,1.00,4.80
2010.06.10 16:14:24.631,0.78175,0.78215,1.00,4.80
2010.06.10 16:14:24.916,0.78165,0.78215,3.30,4.90
2010.06.10 16:14:25.519,0.7817,0.78215,1.00,4.80
2010.06.10 16:14:25.795,0.7817,0.78215,1.00,3.20
2010.06.10 16:14:26.305,0.7817,0.78215,1.00,1.00
2010.06.10 16:14:26.590,0.7817,0.78205,1.00,1.00
2010.06.10 16:14:26.864,0.78165,0.78205,1.00,2.40
2010.06.10 16:14:27.204,0.7817,0.78205,1.00,2.40
2010.06.10 16:14:27.570,0.78165,0.78205,1.00,2.40
2010.06.10 16:14:27.905,0.78165,0.78205,1.00,2.40
2010.06.10 16:14:30.106,0.7816,0.78205,4.90,2.40
2010.06.10 16:14:30.496,0.7816,0.782,3.30,1.60
2010.06.10 16:14:30.685,0.7816,0.782,1.00,1.60
2010.06.10 16:14:30.874,0.78165,0.78205,1.00,4.80
2010.06.10 16:14:31.064,0.78165,0.78205,1.00,2.40
2010.06.10 16:14:33.524,0.7816,0.78205,4.90,2.40
2010.06.10 16:14:34.135,0.78165,0.78205,1.00,2.40
2010.06.10 16:14:39.387,0.7817,0.78205,1.00,2.40
2010.06.10 16:14:41.407,0.7816,0.78205,4.50,2.40
2010.06.10 16:14:44.775,0.7816,0.78205,4.50,3.20
2010.06.10 16:14:45.280,0.7816,0.7819,2.40,1.60
2010.06.10 16:14:45.477,0.78155,0.782,1.00,1.00
2010.06.10 16:14:46.017,0.78155,0.782,1.00,1.00
2010.06.10 16:14:47.276,0.78155,0.782,1.00,1.00
2010.06.10 16:14:50.438,0.7816,0.782,1.00,1.00
2010.06.10 16:14:51.087,0.78155,0.782,1.30,1.00
2010.06.10 16:14:52.162,0.7816,0.782,1.00,1.00
2010.06.10 16:14:52.325,0.78155,0.782,1.20,1.00
2010.06.10 16:14:52.485,0.78155,0.782,1.30,1.00
2010.06.10 16:14:52.646,0.7816,0.782,1.00,1.00
2010.06.10 16:14:52.823,0.78155,0.782,1.30,1.00
2010.06.10 16:14:53.087,0.7816,0.782,1.00,1.00
2010.06.10 16:14:53.297,0.78155,0.782,1.30,1.00
2010.06.10 16:14:54.398,0.7816,0.782,1.00,1.00
2010.06.10 16:14:54.620,0.78155,0.782,1.30,1.00
2010.06.10 16:14:58.755,0.78155,0.782,1.00,1.00
2010.06.10 16:14:58.936,0.78155,0.782,1.00,1.00
2010.06.10 16:15:05.375,0.78155,0.78195,1.00,4.00
2010.06.10 16:15:05.584,0.7815,0.78195,2.10,4.80
2010.06.10 16:15:06.630,0.7815,0.78195,2.00,4.80
2010.06.10 16:15:07.098,0.7815,0.7819,1.00,1.60
2010.06.10 16:15:07.232,0.78155,0.7819,1.00,4.00
2010.06.10 16:15:07.921,0.78155,0.78195,1.60,1.00
2010.06.10 16:15:08.280,0.7816,0.78205,4.40,2.50
2010.06.10 16:15:10.669,0.7816,0.78205,4.80,1.70
2010.06.10 16:15:11.548,0.7815,0.78195,1.00,3.20
2010.06.10 16:15:11.861,0.7815,0.78195,1.00,3.20
2010.06.10 16:15:13.036,0.7815,0.78195,1.00,3.20
2010.06.10 16:15:13.495,0.7815,0.78195,2.90,1.00
2010.06.10 16:15:13.744,0.7815,0.78195,1.00,3.20
2010.06.10 16:15:18.404,0.7815,0.78195,1.00,3.30
2010.06.10 16:15:18.692,0.7815,0.7819,1.00,4.80
2010.06.10 16:15:20.815,0.7815,0.7819,1.00,1.00
2010.06.10 16:15:21.213,0.78145,0.7819,1.30,1.00
2010.06.10 16:15:21.614,0.78145,0.7819,1.00,1.00
2010.06.10 16:15:22.675,0.78145,0.7819,1.30,1.00
2010.06.10 16:15:23.014,0.78145,0.7819,1.20,1.00
2010.06.10 16:15:23.399,0.78145,0.7819,1.30,1.00
2010.06.10 16:15:27.995,0.78145,0.7819,1.00,2.40
2010.06.10 16:15:28.165,0.78145,0.7819,1.00,4.80
2010.06.10 16:15:28.887,0.78145,0.7819,1.00,4.80
2010.06.10 16:15:33.656,0.7815,0.7819,1.60,2.40
2010.06.10 16:15:33.805,0.7815,0.78195,1.60,4.80
2010.06.10 16:15:34.569,0.7815,0.78195,1.70,4.80
2010.06.10 16:15:34.905,0.7815,0.78195,2.40,4.00
2010.06.10 16:15:35.537,0.7815,0.782,4.80,3.20
2010.06.10 16:15:35.845,0.7815,0.782,4.80,3.20
2010.06.10 16:15:36.154,0.7815,0.782,4.90,3.20
2010.06.10 16:15:36.464,0.7815,0.782,4.80,3.20
2010.06.10 16:15:36.774,0.7815,0.782,4.90,3.20
2010.06.10 16:15:37.163,0.78155,0.782,1.00,3.20
2010.06.10 16:15:43.065,0.78155,0.782,1.60,1.00
2010.06.10 16:15:43.404,0.78155,0.782,1.60,1.00
2010.06.10 16:15:43.744,0.78155,0.782,1.60,1.00
2010.06.10 16:15:44.419,0.78155,0.782,1.60,1.00
2010.06.10 16:15:48.813,0.78155,0.782,4.00,1.00
2010.06.10 16:15:48.965,0.7816,0.78205,1.60,4.80
2010.06.10 16:15:49.979,0.78155,0.782,1.60,1.00
2010.06.10 16:15:51.285,0.78155,0.782,1.70,1.00
2010.06.10 16:15:53.599,0.78155,0.782,1.60,1.00
2010.06.10 16:15:58.016,0.78155,0.782,1.70,1.00
2010.06.10 16:15:58.945,0.78155,0.782,1.60,1.00
2010.06.10 16:15:59.889,0.78155,0.782,1.70,1.00
2010.06.10 16:16:00.464,0.78155,0.782,1.60,1.00
2010.06.10 16:16:01.140,0.78155,0.782,1.70,1.00
2010.06.10 16:16:05.745,0.78155,0.782,1.60,1.00
2010.06.10 16:16:08.585,0.7816,0.78205,2.00,1.00
2010.06.10 16:16:08.885,0.7816,0.782,2.00,1.00
2010.06.10 16:16:09.625,0.7816,0.782,1.00,1.00
2010.06.10 16:16:10.285,0.7816,0.782,1.00,1.00
2010.06.10 16:16:10.525,0.7816,0.78205,1.00,4.80
2010.06.10 16:16:10.837,0.7816,0.78205,1.00,4.90
2010.06.10 16:16:12.516,0.78155,0.78195,1.00,1.60
2010.06.10 16:16:12.635,0.78155,0.782,2.00,2.40
2010.06.10 16:16:12.755,0.78155,0.782,2.10,4.80
2010.06.10 16:16:13.526,0.7817,0.78215,1.60,2.40
2010.06.10 16:16:13.825,0.78185,0.78235,2.40,3.20
2010.06.10 16:16:14.717,0.78185,0.78235,2.40,3.30
2010.06.10 16:16:15.054,0.78185,0.7823,2.40,1.00
2010.06.10 16:16:15.764,0.78185,0.78235,2.40,3.30
2010.06.10 16:16:16.427,0.78185,0.7823,2.40,1.00
2010.06.10 16:16:16.658,0.78185,0.78225,2.40,1.00
2010.06.10 16:16:18.659,0.78185,0.7823,2.40,1.00
2010.06.10 16:16:19.175,0.78185,0.78225,2.40,1.00
2010.06.10 16:16:21.557,0.78185,0.7823,2.40,1.00
2010.06.10 16:16:22.635,0.78185,0.78235,2.40,3.30
2010.06.10 16:16:22.935,0.7819,0.78235,3.20,1.00
2010.06.10 16:16:25.095,0.7819,0.7823,3.20,1.00
2010.06.10 16:16:25.765,0.7819,0.78235,3.20,1.00
2010.06.10 16:16:27.444,0.78195,0.7824,1.00,4.00
2010.06.10 16:16:27.928,0.78195,0.7824,1.00,2.50
2010.06.10 16:16:28.218,0.78195,0.78235,4.80,1.00
2010.06.10 16:16:28.506,0.78195,0.78235,3.20,1.00
2010.06.10 16:16:30.089,0.78195,0.7824,3.20,1.00
2010.06.10 16:16:31.697,0.7819,0.7824,3.30,4.80
2010.06.10 16:16:31.978,0.7819,0.78245,3.20,3.30
2010.06.10 16:16:33.504,0.7819,0.78245,3.30,3.30
2010.06.10 16:16:35.237,0.7819,0.78245,4.80,3.30
2010.06.10 16:16:35.565,0.78205,0.7825,1.60,1.00
2010.06.10 16:16:35.907,0.7821,0.78255,1.00,1.00
2010.06.10 16:16:38.144,0.7821,0.7826,1.00,3.30
2010.06.10 16:16:38.954,0.78205,0.78255,4.80,2.40
2010.06.10 16:16:39.124,0.78205,0.78255,4.80,4.80
2010.06.10 16:16:39.464,0.78205,0.78245,4.80,1.00
2010.06.10 16:16:40.546,0.78205,0.7825,3.20,1.00
2010.06.10 16:16:40.886,0.78195,0.7824,3.20,1.00
2010.06.10 16:16:43.984,0.78195,0.78245,2.40,4.00
2010.06.10 16:16:44.098,0.78195,0.78245,2.50,2.40
2010.06.10 16:16:44.374,0.782,0.78245,4.00,1.00
2010.06.10 16:16:44.484,0.782,0.78245,4.80,1.00
2010.06.10 16:16:44.868,0.782,0.7825,3.20,3.20
2010.06.10 16:16:44.975,0.78195,0.78245,2.50,2.40
2010.06.10 16:16:45.627,0.78195,0.78245,2.40,2.50
2010.06.10 16:16:45.964,0.7819,0.78245,2.50,3.30
2010.06.10 16:16:52.348,0.7819,0.78245,2.50,3.20
2010.06.10 16:16:52.501,0.7819,0.78245,2.40,3.30
2010.06.10 16:16:52.574,0.7819,0.7824,2.40,1.60
2010.06.10 16:16:53.256,0.7819,0.78235,1.00,3.20
2010.06.10 16:16:54.779,0.7819,0.7824,3.20,1.00
2010.06.10 16:16:55.117,0.7818,0.7824,3.30,4.40
2010.06.10 16:16:55.387,0.7819,0.7823,1.00,2.40
2010.06.10 16:16:55.656,0.7819,0.78235,1.00,3.20
2010.06.10 16:16:56.385,0.7819,0.7824,3.20,1.00
2010.06.10 16:16:58.713,0.7819,0.78235,3.20,1.00
2010.06.10 16:16:58.836,0.7818,0.7823,3.30,2.40
2010.06.10 16:16:58.965,0.78185,0.78235,2.40,3.20
2010.06.10 16:16:59.085,0.7818,0.7823,2.50,1.00
2010.06.10 16:16:59.205,0.78185,0.7823,2.40,1.00
2010.06.10 16:16:59.895,0.7819,0.78235,4.80,1.00
2010.06.10 16:17:00.247,0.7819,0.78235,4.80,1.00
2010.06.10 16:17:00.951,0.78195,0.78235,2.40,1.00
2010.06.10 16:17:01.302,0.78195,0.7824,4.80,1.00
2010.06.10 16:17:01.496,0.7819,0.7824,3.30,1.00
2010.06.10 16:17:01.964,0.7819,0.78235,1.00,2.40
2010.06.10 16:17:02.164,0.7818,0.7823,2.50,2.40
2010.06.10 16:17:02.390,0.7818,0.7823,2.40,2.40
2010.06.10 16:17:02.838,0.7818,0.7823,2.50,2.40
2010.06.10 16:17:03.174,0.7818,0.7823,2.40,2.40
2010.06.10 16:17:03.514,0.78185,0.7823,1.00,2.40
2010.06.10 16:17:04.226,0.782,0.7823,1.00,2.40
2010.06.10 16:17:04.395,0.782,0.7824,3.20,1.60
2010.06.10 16:17:04.564,0.782,0.7824,1.00,1.00
2010.06.10 16:17:04.825,0.7819,0.78235,1.00,3.20
2010.06.10 16:17:05.085,0.7818,0.7823,2.40,2.40
2010.06.10 16:17:05.549,0.78185,0.7823,1.00,2.40
2010.06.10 16:17:05.876,0.78185,0.78235,3.30,2.40
2010.06.10 16:17:06.204,0.7819,0.7824,2.40,2.80
2010.06.10 16:17:07.204,0.7819,0.7824,2.40,2.90
2010.06.10 16:17:07.571,0.7819,0.78235,2.40,1.00
2010.06.10 16:17:08.095,0.7819,0.7824,2.40,2.80
2010.06.10 16:17:08.981,0.7819,0.78235,2.40,1.00
2010.06.10 16:17:09.157,0.7819,0.7824,2.40,2.90
2010.06.10 16:17:09.341,0.7819,0.7824,3.30,2.80
2010.06.10 16:17:09.821,0.7819,0.78245,3.20,1.00
2010.06.10 16:17:09.995,0.78195,0.78245,2.40,2.40
2010.06.10 16:17:10.363,0.78195,0.78245,2.40,2.50
2010.06.10 16:17:11.402,0.7819,0.78245,2.40,3.30
2010.06.10 16:17:12.176,0.7819,0.78245,2.50,3.20
2010.06.10 16:17:12.474,0.7819,0.7824,2.40,3.20
2010.06.10 16:17:13.844,0.7819,0.7824,2.40,3.30
2010.06.10 16:17:20.364,0.7819,0.7824,2.40,3.20
2010.06.10 16:17:20.564,0.7819,0.7824,2.40,3.20
2010.06.10 16:17:21.097,0.7819,0.7824,4.00,3.20
2010.06.10 16:17:21.256,0.78205,0.78245,4.80,1.00
2010.06.10 16:17:22.326,0.78215,0.78255,1.00,1.00
2010.06.10 16:17:23.867,0.78215,0.7825,1.00,1.00
2010.06.10 16:17:26.862,0.7821,0.7825,1.60,1.00
2010.06.10 16:17:27.039,0.78195,0.78245,2.50,2.40
2010.06.10 16:17:29.950,0.78195,0.7824,2.40,1.00
2010.06.10 16:17:30.699,0.78195,0.78245,2.40,2.50
2010.06.10 16:17:30.936,0.78195,0.78245,2.50,2.40
2010.06.10 16:17:31.595,0.78205,0.78245,1.00,2.40
2010.06.10 16:17:31.785,0.78215,0.78255,1.00,4.40
2010.06.10 16:17:31.994,0.78215,0.78255,1.00,1.00
2010.06.10 16:17:33.899,0.78215,0.78255,1.00,1.00
2010.06.10 16:17:34.714,0.78215,0.78255,1.00,1.00
2010.06.10 16:17:37.536,0.78215,0.78255,1.00,1.00
2010.06.10 16:17:41.824,0.78215,0.78255,1.00,1.00
2010.06.10 16:17:45.352,0.7822,0.7826,2.40,1.00
2010.06.10 16:17:45.577,0.7822,0.7826,3.20,1.00
2010.06.10 16:17:45.802,0.7822,0.7826,1.00,1.00
2010.06.10 16:17:46.027,0.7822,0.7826,3.20,1.00
2010.06.10 16:17:48.298,0.7822,0.78265,3.20,1.00
2010.06.10 16:17:50.087,0.7822,0.7826,3.20,1.00
2010.06.10 16:17:50.699,0.7822,0.78255,3.20,1.00
2010.06.10 16:17:51.385,0.78215,0.78255,1.00,1.00
2010.06.10 16:17:51.665,0.78215,0.78255,1.00,1.00
2010.06.10 16:17:51.944,0.78215,0.78255,1.00,1.00
2010.06.10 16:17:55.238,0.7821,0.7825,4.90,1.00
2010.06.10 16:17:55.508,0.78205,0.7824,4.80,1.00
2010.06.10 16:17:55.777,0.78205,0.7824,4.90,1.00
2010.06.10 16:17:56.472,0.78205,0.7824,3.20,1.00
2010.06.10 16:17:56.818,0.78205,0.7824,1.00,1.00
2010.06.10 16:18:02.185,0.78205,0.7824,4.80,1.00
2010.06.10 16:18:03.475,0.78205,0.7824,4.90,1.00
2010.06.10 16:18:05.797,0.78205,0.7824,4.80,1.00
2010.06.10 16:18:06.076,0.78205,0.78245,3.20,1.00
2010.06.10 16:18:06.672,0.782,0.78245,3.20,1.00
2010.06.10 16:18:06.958,0.782,0.78235,3.20,1.00
2010.06.10 16:18:07.556,0.782,0.78235,3.30,1.00
2010.06.10 16:18:11.925,0.782,0.78235,3.20,1.00
2010.06.10 16:18:12.128,0.782,0.78235,3.30,1.00
2010.06.10 16:18:13.356,0.782,0.78235,3.20,1.00
2010.06.10 16:18:13.975,0.782,0.78235,3.30,1.00
2010.06.10 16:18:15.367,0.782,0.78235,3.20,1.00
2010.06.10 16:18:15.616,0.782,0.78235,2.40,1.00
2010.06.10 16:18:15.855,0.78195,0.78235,1.00,1.00
2010.06.10 16:18:16.806,0.7819,0.78235,4.90,1.00
2010.06.10 16:18:17.678,0.7819,0.78235,4.80,1.00
2010.06.10 16:18:17.895,0.7819,0.78235,4.90,1.00
2010.06.10 16:18:18.756,0.7819,0.78235,4.80,1.00
2010.06.10 16:18:19.071,0.78195,0.78235,1.00,1.00
2010.06.10 16:18:19.765,0.782,0.78245,1.00,1.00
2010.06.10 16:18:20.301,0.782,0.78245,3.20,1.00
2010.06.10 16:18:20.636,0.78205,0.7825,4.80,1.00
2010.06.10 16:18:20.975,0.78205,0.78245,3.20,1.00
2010.06.10 16:18:21.318,0.782,0.78245,1.00,1.00
2010.06.10 16:18:21.518,0.782,0.78245,2.40,1.00
2010.06.10 16:18:22.046,0.78195,0.78235,4.90,1.00
2010.06.10 16:18:22.384,0.78195,0.78235,4.80,1.00
2010.06.10 16:18:22.724,0.78195,0.78235,4.90,1.00
2010.06.10 16:18:23.457,0.78195,0.78235,4.80,1.00
2010.06.10 16:18:23.857,0.78195,0.78235,4.80,1.00
2010.06.10 16:18:24.085,0.78195,0.78235,2.40,1.00
2010.06.10 16:18:24.305,0.7819,0.78235,4.90,1.00
2010.06.10 16:18:24.585,0.7819,0.78235,1.60,3.20
2010.06.10 16:18:25.059,0.7819,0.78235,1.60,4.80
2010.06.10 16:18:25.351,0.7819,0.78235,4.80,2.80
2010.06.10 16:18:26.025,0.7819,0.78235,4.80,2.90
2010.06.10 16:18:26.366,0.7819,0.78235,4.90,1.00
2010.06.10 16:18:27.096,0.782,0.7824,1.00,1.00
2010.06.10 16:18:27.655,0.782,0.78245,3.20,1.00
2010.06.10 16:18:28.113,0.782,0.78245,1.00,1.00
2010.06.10 16:18:28.461,0.782,0.7824,3.20,1.00
2010.06.10 16:18:28.746,0.782,0.7824,1.00,1.00
2010.06.10 16:18:29.683,0.782,0.78245,1.00,1.00
2010.06.10 16:18:29.980,0.782,0.7824,1.00,1.00
2010.06.10 16:18:30.266,0.782,0.7824,1.00,1.00
2010.06.10 16:18:32.628,0.782,0.7824,1.00,1.00
2010.06.10 16:18:32.799,0.782,0.7824,1.00,1.00
2010.06.10 16:18:33.056,0.782,0.7824,1.00,1.00
2010.06.10 16:18:33.551,0.782,0.7824,1.00,1.00
2010.06.10 16:18:34.225,0.782,0.7824,1.00,1.00
2010.06.10 16:18:34.419,0.782,0.7824,1.00,1.00
2010.06.10 16:18:34.565,0.782,0.7824,1.00,1.00
2010.06.10 16:18:35.554,0.782,0.7824,1.00,1.00
2010.06.10 16:18:35.804,0.782,0.7824,1.00,1.00
2010.06.10 16:18:37.339,0.782,0.7824,1.00,1.00
2010.06.10 16:18:37.449,0.782,0.7824,1.00,1.00
2010.06.10 16:18:38.134,0.782,0.7824,3.20,1.00
2010.06.10 16:18:38.738,0.78205,0.7824,4.80,1.00
2010.06.10 16:18:38.865,0.78205,0.7824,2.40,1.00
2010.06.10 16:18:39.205,0.78205,0.7824,1.60,1.00
2010.06.10 16:18:40.012,0.78205,0.78245,1.60,1.00
2010.06.10 16:18:40.834,0.78205,0.78245,1.60,1.00
2010.06.10 16:18:47.973,0.78205,0.7825,1.60,3.30
2010.06.10 16:18:48.166,0.7821,0.7825,3.20,1.00
2010.06.10 16:18:48.347,0.78205,0.7825,4.80,1.00
2010.06.10 16:18:48.920,0.7821,0.78255,2.40,2.90
2010.06.10 16:18:49.269,0.782,0.7825,3.20,2.40
2010.06.10 16:18:49.611,0.78195,0.7825,3.20,2.40
2010.06.10 16:18:49.962,0.78195,0.7825,3.20,2.50
2010.06.10 16:18:50.314,0.78195,0.78245,2.40,2.40
2010.06.10 16:18:50.666,0.78195,0.78245,2.50,2.40
2010.06.10 16:18:51.343,0.7819,0.78245,3.30,2.40
2010.06.10 16:18:51.687,0.7819,0.78245,2.50,3.20
2010.06.10 16:18:52.543,0.7819,0.78245,2.50,3.30
2010.06.10 16:18:52.942,0.7819,0.78245,3.30,3.30
2010.06.10 16:18:53.246,0.78195,0.78245,2.40,2.40
2010.06.10 16:18:53.494,0.78195,0.78245,2.40,3.20
2010.06.10 16:18:53.744,0.7819,0.78245,2.50,3.20
2010.06.10 16:18:54.488,0.782,0.78245,1.00,3.20
2010.06.10 16:18:54.825,0.782,0.7825,3.20,2.40
2010.06.10 16:18:55.725,0.782,0.7825,3.20,2.40
2010.06.10 16:18:56.065,0.782,0.7825,3.20,2.50
2010.06.10 16:18:56.405,0.782,0.78245,3.20,1.00
2010.06.10 16:18:57.225,0.782,0.7825,2.40,2.40
2010.06.10 16:18:57.565,0.782,0.7825,2.40,3.20
2010.06.10 16:18:58.168,0.782,0.78245,1.00,2.40
2010.06.10 16:18:58.508,0.782,0.7825,3.20,2.50
2010.06.10 16:19:00.195,0.78205,0.78245,2.40,1.00
2010.06.10 16:19:00.504,0.782,0.78245,3.20,1.00
2010.06.10 16:19:02.025,0.782,0.7825,3.20,2.50
2010.06.10 16:19:02.404,0.782,0.78245,3.20,1.00
2010.06.10 16:19:03.450,0.782,0.7825,3.20,2.40
2010.06.10 16:19:04.108,0.78205,0.78255,2.40,2.50
2010.06.10 16:19:04.647,0.7821,0.78255,2.40,1.00
2010.06.10 16:19:06.036,0.7821,0.78255,2.40,1.00
2010.06.10 16:19:06.374,0.78205,0.78255,2.40,1.00
2010.06.10 16:19:07.525,0.78205,0.7825,2.40,1.00
2010.06.10 16:19:07.755,0.78205,0.78255,2.40,1.00
2010.06.10 16:19:08.697,0.7821,0.78255,2.40,1.00
2010.06.10 16:19:09.037,0.7821,0.78255,2.40,1.00
2010.06.10 16:19:09.375,0.7821,0.78255,2.40,1.00
2010.06.10 16:19:10.078,0.7821,0.7826,2.40,3.30
2010.06.10 16:19:10.245,0.7821,0.7826,2.40,3.20
2010.06.10 16:19:10.739,0.7821,0.78255,2.40,1.00
2010.06.10 16:19:11.079,0.7821,0.7826,2.40,2.40
2010.06.10 16:19:11.417,0.78205,0.7826,2.40,1.00
2010.06.10 16:19:12.246,0.78205,0.7826,2.40,1.00
2010.06.10 16:19:13.160,0.78205,0.7826,2.50,1.00
2010.06.10 16:19:13.494,0.78205,0.7826,2.40,1.00
2010.06.10 16:19:13.868,0.78205,0.7826,2.40,1.00
2010.06.10 16:19:18.168,0.78205,0.7826,2.40,1.00
2010.06.10 16:19:18.642,0.7821,0.7826,2.40,1.00
2010.06.10 16:19:18.769,0.7821,0.7826,3.20,1.00
2010.06.10 16:19:18.887,0.78215,0.78265,2.40,1.00
2010.06.10 16:19:19.008,0.78205,0.78255,4.90,4.00
2010.06.10 16:19:19.586,0.78205,0.78255,4.90,4.80
2010.06.10 16:19:20.289,0.78205,0.78255,4.80,4.90
2010.06.10 16:19:20.640,0.7821,0.78255,1.00,4.00
2010.06.10 16:19:21.125,0.78215,0.7826,1.00,2.80
2010.06.10 16:19:21.466,0.78215,0.7826,1.00,3.30
2010.06.10 16:19:22.135,0.78215,0.78255,1.00,1.00
2010.06.10 16:19:22.815,0.78215,0.78255,1.00,1.00
2010.06.10 16:19:23.155,0.78215,0.78255,1.00,1.00
2010.06.10 16:19:24.416,0.78215,0.78255,3.20,1.00
2010.06.10 16:19:27.055,0.78215,0.7826,3.20,1.00
2010.06.10 16:19:27.136,0.7822,0.7826,2.40,1.00
2010.06.10 16:19:27.677,0.7821,0.7825,4.80,1.00
2010.06.10 16:19:27.788,0.7821,0.78255,4.80,1.00
2010.06.10 16:19:28.046,0.7821,0.7826,4.80,3.30
2010.06.10 16:19:28.608,0.7821,0.78255,2.40,1.00
2010.06.10 16:19:28.945,0.7821,0.78255,2.40,1.00
2010.06.10 16:19:31.507,0.7821,0.78255,2.40,1.00
2010.06.10 16:19:31.849,0.7821,0.78255,2.40,1.00
2010.06.10 16:19:32.228,0.7821,0.78255,2.40,1.00
2010.06.10 16:19:33.286,0.7821,0.7825,2.40,1.00
2010.06.10 16:19:33.445,0.7821,0.78255,2.40,1.00
2010.06.10 16:19:33.565,0.7821,0.78255,4.80,1.00
2010.06.10 16:19:34.998,0.7821,0.7826,4.80,3.30
2010.06.10 16:19:35.336,0.7821,0.78255,2.40,1.00
2010.06.10 16:19:36.471,0.7821,0.78255,2.40,1.00
2010.06.10 16:19:37.546,0.7821,0.78255,2.50,1.00
2010.06.10 16:19:37.943,0.7821,0.7826,2.50,3.30
2010.06.10 16:19:38.175,0.78215,0.7826,1.60,3.30
2010.06.10 16:19:38.405,0.7821,0.7826,4.90,3.30
2010.06.10 16:19:38.831,0.7821,0.7826,4.80,3.30
2010.06.10 16:19:39.165,0.7821,0.7826,4.90,3.30
2010.06.10 16:19:39.505,0.7821,0.7826,4.80,3.30
2010.06.10 16:19:39.845,0.7821,0.78255,2.40,1.00
2010.06.10 16:19:40.224,0.7821,0.78255,2.40,1.00
2010.06.10 16:19:40.798,0.7821,0.7826,4.80,3.30
2010.06.10 16:19:41.465,0.7821,0.7826,4.90,3.30
2010.06.10 16:19:41.794,0.7821,0.78255,2.50,1.00
2010.06.10 16:19:42.475,0.7821,0.78255,2.50,3.20
2010.06.10 16:19:42.796,0.7821,0.78255,1.60,4.90
2010.06.10 16:19:44.524,0.7821,0.78255,1.60,4.80
2010.06.10 16:19:44.834,0.7821,0.78255,1.60,4.90
2010.06.10 16:19:45.145,0.7821,0.7825,1.60,1.00
2010.06.10 16:19:45.425,0.7821,0.78255,1.60,4.80
2010.06.10 16:19:46.261,0.7821,0.7825,1.60,1.00
2010.06.10 16:19:46.439,0.7821,0.7825,1.60,1.00
2010.06.10 16:19:46.704,0.7821,0.78255,1.60,4.80
2010.06.10 16:19:46.908,0.7821,0.78255,1.60,4.90
2010.06.10 16:19:47.345,0.7821,0.7825,1.60,1.00
2010.06.10 16:19:47.799,0.78205,0.7825,2.40,4.80
2010.06.10 16:19:47.981,0.782,0.7824,1.60,3.20
2010.06.10 16:19:48.155,0.7819,0.7824,4.10,3.20
2010.06.10 16:19:49.537,0.78195,0.7824,1.00,3.20
2010.06.10 16:19:50.216,0.78195,0.78235,1.00,2.40
2010.06.10 16:19:51.115,0.78195,0.7824,4.10,1.00
2010.06.10 16:19:51.463,0.782,0.78245,1.00,3.20
2010.06.10 16:19:52.145,0.782,0.78245,1.00,3.20
2010.06.10 16:19:52.484,0.7819,0.78245,4.90,3.30
2010.06.10 16:19:52.734,0.7819,0.78245,4.90,3.70
2010.06.10 16:19:52.984,0.7819,0.78245,4.90,3.60
2010.06.10 16:19:54.332,0.7819,0.78245,4.90,3.70
2010.06.10 16:19:54.905,0.78195,0.78245,1.00,3.60
2010.06.10 16:19:55.407,0.7819,0.78245,4.80,3.60
2010.06.10 16:19:55.675,0.78195,0.78245,1.00,3.60
2010.06.10 16:19:56.016,0.78195,0.78245,2.50,1.00
2010.06.10 16:19:56.694,0.78195,0.78245,2.50,2.80
2010.06.10 16:19:57.396,0.78195,0.78245,2.50,1.00
2010.06.10 16:19:58.964,0.78195,0.78245,2.40,1.00
2010.06.10 16:19:59.725,0.78195,0.78245,2.50,1.00
2010.06.10 16:19:59.945,0.78195,0.78245,2.40,1.00
2010.06.10 16:20:00.164,0.78195,0.78245,2.50,1.00
2010.06.10 16:20:01.004,0.78195,0.78245,2.50,1.20
2010.06.10 16:20:01.176,0.782,0.78245,1.00,3.60
2010.06.10 16:20:01.556,0.78195,0.78245,2.50,3.60
2010.06.10 16:20:02.285,0.78195,0.78245,2.40,3.60
2010.06.10 16:20:02.667,0.782,0.78245,2.40,1.20
2010.06.10 16:20:02.987,0.78205,0.78245,1.00,1.00
2010.06.10 16:20:03.310,0.78205,0.78245,1.00,1.00
2010.06.10 16:20:03.940,0.782,0.78245,4.90,1.00
2010.06.10 16:20:04.595,0.78205,0.78245,1.00,1.00
2010.06.10 16:20:07.539,0.782,0.78245,4.90,1.00
2010.06.10 16:20:07.894,0.78205,0.78245,1.00,1.00
2010.06.10 16:20:08.585,0.7821,0.78245,1.00,1.00
2010.06.10 16:20:09.750,0.7821,0.7825,1.00,1.00
2010.06.10 16:20:10.091,0.78205,0.7825,1.00,1.00
2010.06.10 16:20:10.785,0.78205,0.7825,1.70,1.00
2010.06.10 16:20:11.096,0.7821,0.78255,1.00,3.20
2010.06.10 16:20:11.409,0.7821,0.78255,2.50,1.00
2010.06.10 16:20:12.040,0.78215,0.7826,2.40,3.20
2010.06.10 16:20:12.242,0.7821,0.78255,1.00,3.20
2010.06.10 16:20:12.608,0.78215,0.78255,1.00,3.20
2010.06.10 16:20:12.797,0.7821,0.7826,2.50,2.40
2010.06.10 16:20:13.777,0.78215,0.7826,1.00,2.40
2010.06.10 16:20:15.894,0.78215,0.7826,1.00,3.20
2010.06.10 16:20:16.136,0.7822,0.7826,1.00,2.40
2010.06.10 16:20:16.648,0.7822,0.7826,1.00,2.40
2010.06.10 16:20:17.200,0.78215,0.78265,4.10,3.20
2010.06.10 16:20:17.506,0.78215,0.7826,1.00,2.40
2010.06.10 16:20:17.817,0.7822,0.7826,1.00,2.40
2010.06.10 16:20:24.965,0.78215,0.7826,1.00,2.40
2010.06.10 16:20:25.468,0.78215,0.7826,1.00,3.20
2010.06.10 16:20:31.725,0.78215,0.7826,1.00,3.20
2010.06.10 16:20:31.834,0.7822,0.7826,1.60,3.20
2010.06.10 16:20:31.946,0.7822,0.7826,1.60,1.00
2010.06.10 16:20:34.586,0.7822,0.7826,1.70,1.00
2010.06.10 16:20:38.181,0.78225,0.7826,1.00,1.00
2010.06.10 16:20:40.325,0.7822,0.78265,4.90,1.00
2010.06.10 16:20:40.950,0.78225,0.78265,1.00,1.00
2010.06.10 16:20:41.154,0.7822,0.78265,4.90,1.00
2010.06.10 16:20:41.496,0.78225,0.78265,1.00,1.00
2010.06.10 16:20:46.367,0.7822,0.78265,4.90,1.00
2010.06.10 16:20:46.995,0.78225,0.78265,1.60,1.00
2010.06.10 16:20:47.177,0.78225,0.7827,4.80,1.60
2010.06.10 16:20:47.685,0.78225,0.7827,4.90,1.60
2010.06.10 16:20:48.205,0.7823,0.7827,1.00,1.60
2010.06.10 16:20:48.795,0.78225,0.7827,4.90,1.60
2010.06.10 16:20:49.485,0.78225,0.7827,1.70,4.80
2010.06.10 16:20:50.267,0.78225,0.78265,1.60,1.00
2010.06.10 16:20:50.485,0.7822,0.7826,1.70,1.00
2010.06.10 16:20:50.825,0.7822,0.7826,1.60,1.00
2010.06.10 16:20:51.164,0.7822,0.7826,1.60,1.00
2010.06.10 16:20:52.005,0.7822,0.7826,1.70,1.00
2010.06.10 16:20:52.476,0.7822,0.7826,1.60,1.00
2010.06.10 16:20:52.605,0.7822,0.7826,1.70,1.00
2010.06.10 16:20:53.105,0.78225,0.78265,1.60,2.40
2010.06.10 16:20:53.235,0.78225,0.7827,1.60,4.80
2010.06.10 16:20:53.696,0.7822,0.7827,4.90,4.80
2010.06.10 16:20:54.038,0.7822,0.78265,1.60,1.00
2010.06.10 16:20:54.378,0.7822,0.7826,1.60,1.00
2010.06.10 16:20:54.904,0.78225,0.78275,2.40,3.20
2010.06.10 16:20:55.178,0.78225,0.78275,4.80,1.00
2010.06.10 16:20:56.145,0.78225,0.78275,4.90,1.00
2010.06.10 16:20:56.531,0.78225,0.78275,4.80,1.00
2010.06.10 16:20:56.739,0.7824,0.78275,1.60,1.00
2010.06.10 16:20:57.487,0.78235,0.78275,1.60,1.00
2010.06.10 16:20:58.035,0.78235,0.78275,1.60,3.20
2010.06.10 16:20:59.185,0.78235,0.78275,1.60,3.30
2010.06.10 16:20:59.525,0.78235,0.78275,1.60,3.20
2010.06.10 16:20:59.865,0.78235,0.78275,1.60,3.20
2010.06.10 16:21:00.250,0.7824,0.78275,2.40,1.00
2010.06.10 16:21:00.588,0.7824,0.78285,2.40,1.00
2010.06.10 16:21:00.858,0.7824,0.7829,2.40,3.30
2010.06.10 16:21:01.068,0.7824,0.78285,2.40,1.00
2010.06.10 16:21:02.471,0.7824,0.7829,2.40,3.30
2010.06.10 16:21:02.765,0.7824,0.78285,4.80,1.00
2010.06.10 16:21:03.327,0.7824,0.78285,2.40,4.80
2010.06.10 16:21:03.668,0.7824,0.7828,1.60,1.00
2010.06.10 16:21:05.757,0.7824,0.7829,4.80,4.80
2010.06.10 16:21:06.425,0.7824,0.78285,1.60,1.00
2010.06.10 16:21:06.766,0.7824,0.78285,1.60,1.00
2010.06.10 16:21:07.107,0.7824,0.7828,1.60,1.00
2010.06.10 16:21:08.467,0.7824,0.78285,4.80,2.50
2010.06.10 16:21:08.805,0.7824,0.78285,4.80,1.00
2010.06.10 16:21:09.536,0.78245,0.7829,2.40,1.00
2010.06.10 16:21:11.375,0.7824,0.78285,4.80,1.00
2010.06.10 16:21:11.976,0.7824,0.78285,4.90,1.00
2010.06.10 16:21:17.216,0.78245,0.78285,2.40,1.00
2010.06.10 16:21:17.345,0.78245,0.78295,2.40,2.40
2010.06.10 16:21:17.475,0.78245,0.78295,2.40,2.50
2010.06.10 16:21:17.887,0.7825,0.78295,2.40,1.00
2010.06.10 16:21:18.229,0.78255,0.783,1.60,3.20
2010.06.10 16:21:18.568,0.7826,0.78305,1.60,3.20
2010.06.10 16:21:18.906,0.7826,0.783,1.60,1.00
2010.06.10 16:21:20.415,0.7826,0.78305,1.60,3.30
2010.06.10 16:21:21.516,0.78265,0.78305,2.40,1.00
2010.06.10 16:21:21.785,0.78265,0.78305,2.40,1.00
2010.06.10 16:21:22.654,0.78265,0.78305,2.40,1.00
2010.06.10 16:21:25.825,0.7826,0.78305,1.60,3.30
2010.06.10 16:21:26.240,0.7826,0.7829,1.60,2.40
2010.06.10 16:21:26.516,0.78245,0.78295,2.40,2.40
2010.06.10 16:21:28.147,0.78245,0.78295,2.40,2.50
2010.06.10 16:21:28.436,0.78245,0.78295,2.40,2.40
2010.06.10 16:21:28.860,0.78245,0.78295,2.40,2.50
2010.06.10 16:21:29.252,0.78245,0.7829,2.40,1.00
2010.06.10 16:21:29.435,0.7824,0.78285,1.00,2.40
2010.06.10 16:21:29.926,0.78235,0.78285,1.00,2.40
2010.06.10 16:21:30.238,0.78235,0.7829,4.90,2.40
2010.06.10 16:21:30.546,0.78235,0.7829,4.80,2.40
2010.06.10 16:21:31.057,0.78245,0.78295,2.40,3.30
2010.06.10 16:21:31.397,0.78245,0.78295,2.40,3.20
2010.06.10 16:21:33.489,0.78245,0.7829,1.00,2.40
2010.06.10 16:21:33.778,0.78245,0.78295,2.50,3.20
2010.06.10 16:21:33.905,0.78245,0.78285,2.50,1.00
2010.06.10 16:21:35.045,0.78245,0.78285,2.40,1.00
2010.06.10 16:21:35.983,0.7824,0.78285,1.00,1.00
2010.06.10 16:21:36.286,0.7824,0.7829,1.00,2.80
2010.06.10 16:21:36.985,0.78245,0.7829,2.40,1.00
2010.06.10 16:21:37.895,0.7825,0.7829,1.00,1.00
2010.06.10 16:21:38.145,0.78245,0.7829,4.00,1.00
2010.06.10 16:21:38.394,0.78245,0.78295,4.80,3.70
2010.06.10 16:21:39.038,0.7825,0.78295,4.80,1.00
2010.06.10 16:21:39.377,0.7825,0.78295,2.40,1.20
2010.06.10 16:21:39.717,0.78245,0.7829,1.60,3.30
2010.06.10 16:21:40.382,0.78255,0.7829,1.60,2.40
2010.06.10 16:21:40.726,0.78255,0.78295,1.60,1.00
2010.06.10 16:21:42.328,0.78255,0.78295,1.70,1.00
2010.06.10 16:21:43.785,0.78255,0.78295,1.60,1.00
2010.06.10 16:21:44.027,0.78255,0.78295,1.60,1.00
2010.06.10 16:21:44.427,0.78255,0.78295,1.60,3.20
2010.06.10 16:21:45.516,0.78255,0.78295,1.70,3.20
2010.06.10 16:21:46.205,0.78255,0.78295,1.60,3.20
2010.06.10 16:21:47.273,0.78255,0.7829,1.00,3.20
2010.06.10 16:21:47.578,0.78255,0.7829,1.00,3.20
2010.06.10 16:21:47.916,0.78255,0.78285,1.00,1.00
2010.06.10 16:21:50.369,0.7825,0.78285,1.70,1.00
2010.06.10 16:21:50.637,0.78255,0.78285,1.00,1.00
2010.06.10 16:21:57.782,0.78255,0.7828,1.00,1.60
2010.06.10 16:21:57.836,0.78245,0.7828,1.00,1.60
2010.06.10 16:21:57.898,0.78245,0.7828,1.00,2.40
2010.06.10 16:21:58.015,0.7825,0.7828,1.60,1.00
2010.06.10 16:21:58.263,0.7825,0.78285,1.60,1.00
2010.06.10 16:21:59.226,0.7825,0.78285,1.70,1.00
2010.06.10 16:22:03.665,0.7825,0.78285,1.00,1.00
2010.06.10 16:22:04.890,0.78245,0.7828,1.00,1.00
2010.06.10 16:22:09.175,0.78245,0.78285,1.00,3.20
2010.06.10 16:22:09.516,0.7825,0.78285,1.60,1.00
2010.06.10 16:22:10.396,0.78245,0.78285,1.70,1.00
2010.06.10 16:22:10.695,0.7825,0.78285,1.00,1.00
2010.06.10 16:22:15.491,0.78245,0.78285,1.00,2.40
2010.06.10 16:22:16.007,0.78235,0.7828,2.50,1.00
2010.06.10 16:22:16.184,0.78235,0.7828,1.00,1.00
2010.06.10 16:22:16.746,0.78245,0.78285,1.60,1.00
2010.06.10 16:22:17.088,0.78235,0.78285,4.80,3.20
2010.06.10 16:22:17.407,0.78235,0.78275,4.00,1.00
2010.06.10 16:22:17.725,0.78235,0.7828,4.80,1.00
2010.06.10 16:22:18.381,0.78235,0.78285,4.80,3.20
2010.06.10 16:22:18.707,0.78235,0.78285,4.90,3.30
2010.06.10 16:22:19.035,0.78235,0.78285,4.80,3.20
2010.06.10 16:22:19.356,0.7824,0.78285,1.00,1.00
2010.06.10 16:22:19.678,0.78235,0.78285,4.80,3.30
2010.06.10 16:22:20.336,0.78235,0.78285,4.90,3.20
2010.06.10 16:22:21.035,0.7824,0.78285,1.00,3.20
2010.06.10 16:22:21.917,0.78235,0.78285,4.80,3.20
2010.06.10 16:22:22.168,0.78235,0.78285,4.90,3.20
2010.06.10 16:22:22.417,0.7824,0.7829,1.00,3.70
2010.06.10 16:22:24.015,0.7824,0.78285,1.00,4.00
2010.06.10 16:22:24.255,0.78235,0.7828,1.60,1.00
2010.06.10 16:22:24.495,0.7824,0.78285,1.00,1.70
2010.06.10 16:22:25.032,0.7824,0.78285,1.00,1.00
2010.06.10 16:22:25.966,0.7824,0.7829,3.20,3.70
2010.06.10 16:22:26.196,0.7824,0.78285,3.20,1.00
2010.06.10 16:22:26.729,0.7824,0.78285,1.00,1.00
2010.06.10 16:22:27.050,0.78235,0.78285,4.80,3.30
2010.06.10 16:22:27.367,0.78235,0.78285,4.90,3.30
2010.06.10 16:22:28.048,0.78245,0.78285,1.60,3.30
2010.06.10 16:22:28.386,0.78245,0.78285,1.60,3.20
2010.06.10 16:22:28.726,0.7822,0.78255,1.60,1.00
2010.06.10 16:22:29.297,0.7821,0.78245,3.30,1.60
2010.06.10 16:22:29.656,0.7821,0.78255,2.40,1.00
2010.06.10 16:22:30.585,0.7821,0.7826,2.50,3.20
2010.06.10 16:22:30.970,0.7821,0.7826,2.40,3.20
2010.06.10 16:22:31.186,0.78215,0.7826,4.80,1.00
2010.06.10 16:22:31.619,0.78215,0.7826,4.90,1.00
2010.06.10 16:22:32.888,0.7822,0.7826,1.00,1.00
2010.06.10 16:22:33.605,0.78215,0.7826,4.90,1.00
2010.06.10 16:22:33.866,0.78215,0.7826,4.00,1.00
2010.06.10 16:22:33.995,0.78215,0.7826,1.00,1.00
2010.06.10 16:22:34.423,0.78215,0.7826,1.00,3.20
2010.06.10 16:22:34.780,0.78225,0.78265,1.00,2.40
2010.06.10 16:22:35.443,0.7823,0.78275,1.60,4.80
2010.06.10 16:22:36.147,0.7823,0.7827,1.60,1.00
2010.06.10 16:22:36.487,0.78235,0.78275,1.60,1.00
2010.06.10 16:22:36.849,0.78235,0.78275,4.00,1.00
2010.06.10 16:22:37.187,0.78235,0.78285,4.00,2.80
2010.06.10 16:22:37.556,0.78235,0.78285,4.00,2.80
2010.06.10 16:22:38.725,0.7824,0.78285,1.00,2.80
2010.06.10 16:22:39.363,0.7824,0.78285,1.00,2.80
2010.06.10 16:22:40.348,0.7824,0.78285,1.00,2.80
2010.06.10 16:22:40.690,0.7824,0.7829,4.00,3.20
2010.06.10 16:22:41.030,0.7824,0.7829,4.00,2.80
2010.06.10 16:22:41.365,0.7824,0.7829,4.10,2.80
2010.06.10 16:22:42.386,0.7824,0.78285,1.60,2.40
2010.06.10 16:22:42.615,0.7824,0.78285,1.00,3.20
2010.06.10 16:22:44.462,0.78235,0.78285,4.10,3.20
2010.06.10 16:22:45.596,0.78235,0.78285,4.90,2.40
2010.06.10 16:22:45.935,0.78235,0.78285,4.10,3.20
2010.06.10 16:22:46.275,0.7824,0.78285,1.60,2.40
2010.06.10 16:22:46.615,0.78235,0.78285,4.10,3.20
2010.06.10 16:22:47.096,0.7824,0.78285,1.00,3.20
2010.06.10 16:22:47.335,0.7824,0.78285,1.60,2.40
2010.06.10 16:22:47.559,0.7824,0.78285,1.00,3.20
2010.06.10 16:22:48.161,0.7824,0.7828,2.40,2.40
2010.06.10 16:22:48.437,0.7824,0.78285,2.40,3.30
2010.06.10 16:22:49.447,0.7824,0.78285,2.40,3.20
2010.06.10 16:22:49.792,0.7824,0.7829,4.00,2.40
2010.06.10 16:22:50.966,0.78235,0.7828,1.60,2.40
2010.06.10 16:22:51.307,0.78245,0.78285,1.60,3.20
2010.06.10 16:22:52.145,0.78245,0.78285,1.60,1.00
2010.06.10 16:22:52.495,0.78245,0.78285,1.60,3.20
2010.06.10 16:22:55.756,0.78245,0.78285,1.70,3.20
2010.06.10 16:22:56.748,0.78245,0.78285,1.60,3.20
2010.06.10 16:22:57.266,0.78245,0.78285,1.70,3.20
2010.06.10 16:23:01.518,0.78245,0.78285,1.60,3.20
2010.06.10 16:23:03.905,0.7825,0.78285,1.60,2.40
2010.06.10 16:23:04.078,0.78245,0.78285,1.60,2.40
2010.06.10 16:23:04.257,0.78245,0.7829,1.60,3.20
2010.06.10 16:23:04.752,0.78245,0.7829,1.70,3.20
2010.06.10 16:23:05.086,0.78255,0.7829,1.60,1.00
2010.06.10 16:23:05.425,0.78255,0.78295,1.60,1.00
2010.06.10 16:23:05.766,0.78265,0.783,1.60,2.80
2010.06.10 16:23:06.107,0.78255,0.78295,1.70,1.00
2010.06.10 16:23:07.198,0.78255,0.78295,1.00,1.00
2010.06.10 16:23:08.344,0.78265,0.783,1.60,2.40
2010.06.10 16:23:08.617,0.7826,0.783,1.60,1.00
2010.06.10 16:23:08.898,0.78265,0.783,1.60,1.00
2010.06.10 16:23:09.155,0.78255,0.783,3.30,1.00
2010.06.10 16:23:09.531,0.78255,0.783,3.30,1.20
2010.06.10 16:23:09.786,0.7826,0.783,1.00,3.60
2010.06.10 16:23:10.386,0.78255,0.78295,1.00,1.00
2010.06.10 16:23:11.065,0.78255,0.783,1.00,2.80
2010.06.10 16:23:11.736,0.78255,0.783,2.40,2.40
2010.06.10 16:23:12.036,0.78255,0.78305,4.80,3.20
2010.06.10 16:23:12.856,0.7826,0.78305,1.00,3.20
2010.06.10 16:23:13.492,0.78265,0.78305,1.00,3.20
2010.06.10 16:23:13.835,0.7827,0.7831,1.60,3.20
2010.06.10 16:23:16.217,0.7827,0.7831,1.70,3.20
2010.06.10 16:23:16.425,0.78275,0.7831,1.00,3.20
2010.06.10 16:23:17.863,0.7827,0.7831,1.60,3.20
2010.06.10 16:23:19.083,0.78275,0.7831,1.00,3.20
2010.06.10 16:23:19.317,0.78275,0.7831,1.00,3.20
2010.06.10 16:23:20.081,0.7827,0.7831,1.00,3.20
2010.06.10 16:23:20.341,0.78265,0.7831,1.70,3.20
2010.06.10 16:23:20.597,0.78265,0.7831,1.00,4.80
2010.06.10 16:23:21.267,0.78265,0.78305,1.00,3.20
2010.06.10 16:23:21.598,0.78265,0.783,1.00,1.00
2010.06.10 16:23:21.899,0.7827,0.78305,1.60,1.00
2010.06.10 16:23:22.860,0.78265,0.78305,1.70,1.20
2010.06.10 16:23:23.566,0.7827,0.7831,1.70,3.20
2010.06.10 16:23:24.346,0.78275,0.78315,1.60,3.20
2010.06.10 16:23:24.946,0.7827,0.7831,1.70,3.20
2010.06.10 16:23:25.665,0.78275,0.7831,1.00,3.20
2010.06.10 16:23:27.186,0.78275,0.7831,1.00,1.00
2010.06.10 16:23:27.356,0.78275,0.78315,1.60,3.20
2010.06.10 16:23:28.175,0.7827,0.7831,1.70,3.20
2010.06.10 16:23:28.956,0.78275,0.7831,1.00,3.20
2010.06.10 16:23:29.215,0.7827,0.7831,1.00,4.80
2010.06.10 16:23:29.641,0.7827,0.7831,1.70,3.60
2010.06.10 16:23:29.920,0.78275,0.78315,1.60,3.20
2010.06.10 16:23:30.188,0.7828,0.78325,4.80,1.00
2010.06.10 16:23:30.853,0.78275,0.78325,2.40,3.20
2010.06.10 16:23:31.197,0.78275,0.78325,2.50,3.20
2010.06.10 16:23:31.476,0.7828,0.78325,1.00,3.20
2010.06.10 16:23:31.756,0.78285,0.78325,1.60,3.20
2010.06.10 16:23:32.036,0.7829,0.7833,1.60,1.00
2010.06.10 16:23:32.515,0.78285,0.7833,1.60,1.00
2010.06.10 16:23:32.767,0.7829,0.78335,2.40,4.80
2010.06.10 16:23:33.015,0.7829,0.78335,2.40,2.40
2010.06.10 16:23:33.516,0.7829,0.7833,1.00,1.00
2010.06.10 16:23:33.965,0.78285,0.7833,2.00,3.20
2010.06.10 16:23:34.308,0.78285,0.7833,4.00,1.00
2010.06.10 16:23:34.646,0.78285,0.7833,1.70,1.00
2010.06.10 16:23:34.976,0.78285,0.7833,1.00,2.40
2010.06.10 16:23:35.366,0.78285,0.78325,1.00,1.00
2010.06.10 16:23:35.714,0.78285,0.78325,1.00,3.20
2010.06.10 16:23:36.658,0.7829,0.78325,1.00,3.20
2010.06.10 16:23:36.967,0.78285,0.78325,1.00,3.20
2010.06.10 16:23:37.362,0.7829,0.78325,1.00,3.20
2010.06.10 16:23:37.706,0.7829,0.78335,1.00,4.80
2010.06.10 16:23:38.360,0.7829,0.78335,2.00,2.40
2010.06.10 16:23:38.649,0.7829,0.7833,1.60,1.00
2010.06.10 16:23:39.495,0.7829,0.7833,1.60,1.00
2010.06.10 16:23:39.951,0.7829,0.7833,1.60,1.00
2010.06.10 16:23:41.887,0.783,0.78335,1.60,1.00
2010.06.10 16:23:42.225,0.783,0.7834,1.60,2.40
2010.06.10 16:23:42.621,0.783,0.78335,1.60,1.00
2010.06.10 16:23:42.917,0.78285,0.78335,2.00,4.80
2010.06.10 16:23:43.206,0.78285,0.7833,1.60,3.20
2010.06.10 16:23:44.625,0.78285,0.78335,2.40,3.20
2010.06.10 16:23:45.255,0.78285,0.7833,2.40,2.40
2010.06.10 16:23:45.543,0.78275,0.7832,4.90,1.00
2010.06.10 16:23:45.888,0.7827,0.7832,3.20,1.00
2010.06.10 16:23:46.231,0.7827,0.7831,1.00,1.00
2010.06.10 16:23:46.594,0.7827,0.7831,1.00,3.20
2010.06.10 16:23:46.953,0.78265,0.7831,1.70,3.20
2010.06.10 16:23:47.299,0.78275,0.78315,1.60,3.20
2010.06.10 16:23:47.655,0.78275,0.78315,1.70,3.20
2010.06.10 16:23:48.007,0.78275,0.7832,1.60,1.00
2010.06.10 16:23:48.337,0.78275,0.7832,1.70,1.00
2010.06.10 16:23:48.667,0.78275,0.7832,1.60,1.00
2010.06.10 16:23:49.176,0.78285,0.7832,1.00,1.00
2010.06.10 16:23:49.519,0.78285,0.78325,1.60,1.00
2010.06.10 16:23:51.495,0.78285,0.78325,1.60,3.20
2010.06.10 16:23:51.705,0.78285,0.7832,1.60,1.00
2010.06.10 16:23:53.735,0.78285,0.78325,1.60,1.00
2010.06.10 16:23:54.396,0.78285,0.7833,1.70,4.80
2010.06.10 16:23:54.735,0.78285,0.7833,1.60,4.80
2010.06.10 16:23:55.075,0.7828,0.78325,1.70,4.80
2010.06.10 16:23:55.445,0.78285,0.78325,1.60,3.20
2010.06.10 16:23:55.797,0.7828,0.78325,4.80,2.40
2010.06.10 16:23:56.139,0.7828,0.7832,1.00,1.00
2010.06.10 16:23:56.477,0.7828,0.7832,1.00,1.00
2010.06.10 16:23:57.167,0.78285,0.7832,1.00,1.00
2010.06.10 16:23:57.511,0.78285,0.78325,1.00,1.00
2010.06.10 16:23:57.768,0.7828,0.78325,2.50,1.00
2010.06.10 16:23:58.363,0.78285,0.78325,1.00,1.00
2010.06.10 16:23:58.615,0.7828,0.78325,1.00,1.00
2010.06.10 16:23:58.936,0.7828,0.78325,1.00,1.00
2010.06.10 16:23:59.256,0.7828,0.7833,4.80,3.20
2010.06.10 16:23:59.637,0.7828,0.7833,4.80,3.20
2010.06.10 16:23:59.976,0.7828,0.7833,4.90,3.30
2010.06.10 16:24:00.732,0.78285,0.7833,1.00,3.20
2010.06.10 16:24:02.458,0.78285,0.78335,1.00,3.20
2010.06.10 16:24:03.795,0.7828,0.78335,1.00,3.30
2010.06.10 16:24:03.995,0.78285,0.78335,1.00,3.20
2010.06.10 16:24:04.399,0.7828,0.78335,1.00,3.30
2010.06.10 16:24:04.597,0.7828,0.78335,1.00,3.30
2010.06.10 16:24:05.726,0.78275,0.78325,3.30,1.00
2010.06.10 16:24:05.995,0.7828,0.78325,1.00,1.00
2010.06.10 16:24:08.030,0.78285,0.78325,1.00,1.00
2010.06.10 16:24:09.369,0.7828,0.78325,1.00,1.00
2010.06.10 16:24:10.025,0.7828,0.7832,1.00,1.00
2010.06.10 16:24:11.938,0.7828,0.7832,2.40,1.00
2010.06.10 16:24:12.039,0.7828,0.7832,1.00,1.00
2010.06.10 16:24:17.125,0.78285,0.7832,2.40,1.00
2010.06.10 16:24:17.268,0.7828,0.78325,1.00,1.00
2010.06.10 16:24:17.736,0.78285,0.78325,1.00,1.00
2010.06.10 16:24:18.380,0.7829,0.78325,1.00,1.00
2010.06.10 16:24:19.116,0.78285,0.7833,4.90,1.00
2010.06.10 16:24:19.489,0.7829,0.7833,1.00,1.00
2010.06.10 16:24:19.766,0.78295,0.78335,1.00,3.20
2010.06.10 16:24:20.379,0.78285,0.78335,1.00,3.20
2010.06.10 16:24:20.715,0.78285,0.78335,1.00,3.20
2010.06.10 16:24:22.825,0.7829,0.78335,1.00,3.20
2010.06.10 16:24:24.421,0.7829,0.78335,1.00,3.20
2010.06.10 16:24:28.795,0.78285,0.78335,1.00,3.20
2010.06.10 16:24:29.115,0.78285,0.78335,1.00,3.20
2010.06.10 16:24:29.275,0.78285,0.78335,1.00,3.20
2010.06.10 16:24:30.268,0.7829,0.78335,1.00,3.20
2010.06.10 16:24:30.517,0.78285,0.78335,1.00,3.20
2010.06.10 16:24:30.995,0.78285,0.78335,1.00,3.30
2010.06.10 16:24:31.657,0.7828,0.78325,4.80,1.00
2010.06.10 16:24:32.004,0.7828,0.78325,2.50,1.00
2010.06.10 16:24:33.287,0.78285,0.78325,1.60,1.00
2010.06.10 16:24:33.587,0.78285,0.7833,2.40,4.00
2010.06.10 16:24:33.886,0.78285,0.7833,1.00,5.20
2010.06.10 16:24:34.342,0.78285,0.7833,1.00,5.20
2010.06.10 16:24:34.883,0.7828,0.7833,2.50,3.60
2010.06.10 16:24:35.146,0.78285,0.7833,1.00,1.00
2010.06.10 16:24:35.676,0.78285,0.7833,1.00,1.00
2010.06.10 16:24:35.935,0.78285,0.7833,1.00,1.00
2010.06.10 16:24:36.747,0.78295,0.78335,1.60,3.20
2010.06.10 16:24:37.086,0.78295,0.7834,4.80,1.00
2010.06.10 16:24:37.873,0.7829,0.7834,2.50,4.80
2010.06.10 16:24:38.207,0.78295,0.7834,1.00,2.40
2010.06.10 16:24:38.485,0.78295,0.7834,1.00,2.40
2010.06.10 16:24:38.765,0.78295,0.7834,1.00,2.40
2010.06.10 16:24:39.045,0.783,0.7834,1.00,2.40
2010.06.10 16:24:39.358,0.78295,0.7834,1.00,2.40
2010.06.10 16:24:40.057,0.783,0.7834,1.00,2.40
2010.06.10 16:24:43.795,0.78295,0.78325,1.00,1.60
2010.06.10 16:24:43.965,0.78295,0.7834,1.00,2.40
2010.06.10 16:24:45.838,0.783,0.7834,1.00,1.60
2010.06.10 16:24:46.325,0.783,0.7834,1.00,1.60
2010.06.10 16:24:46.485,0.783,0.7834,1.00,2.40
2010.06.10 16:24:48.491,0.78295,0.7834,1.00,2.40
2010.06.10 16:24:50.249,0.783,0.78345,1.60,5.20
2010.06.10 16:24:50.365,0.78295,0.7834,4.90,1.60
2010.06.10 16:24:50.747,0.783,0.7834,1.00,2.40
2010.06.10 16:24:50.985,0.78295,0.7834,1.00,2.40
2010.06.10 16:24:51.898,0.78295,0.7834,1.00,2.40
2010.06.10 16:24:52.394,0.7829,0.78335,4.90,2.40
2010.06.10 16:24:52.875,0.7829,0.78335,4.80,2.40
2010.06.10 16:24:53.015,0.78295,0.78335,1.00,2.40
2010.06.10 16:24:53.745,0.7829,0.78335,3.30,2.40
2010.06.10 16:24:54.123,0.7829,0.78335,1.00,4.80
2010.06.10 16:24:54.307,0.7829,0.78335,3.30,2.40
2010.06.10 16:24:54.485,0.78295,0.78335,1.00,2.40
2010.06.10 16:24:54.665,0.78295,0.78335,1.00,4.80
2010.06.10 16:24:55.734,0.7829,0.78335,1.70,4.80
2010.06.10 16:24:55.957,0.78295,0.78335,1.00,4.80
2010.06.10 16:24:58.051,0.78295,0.78335,1.00,2.40
2010.06.10 16:24:58.156,0.78295,0.78335,1.00,1.60
2010.06.10 16:24:58.455,0.78295,0.78335,1.00,4.80
2010.06.10 16:25:00.026,0.7829,0.78335,2.10,3.20
2010.06.10 16:25:00.366,0.7829,0.78335,1.70,3.20
2010.06.10 16:25:00.638,0.78295,0.78335,1.00,3.20
2010.06.10 16:25:00.878,0.78295,0.78335,1.00,3.20
2010.06.10 16:25:01.052,0.78295,0.78335,1.00,3.20
2010.06.10 16:25:01.230,0.7829,0.78335,1.70,3.20
2010.06.10 16:25:02.097,0.78295,0.78335,1.00,3.20
2010.06.10 16:25:02.435,0.78295,0.78335,1.70,1.00
2010.06.10 16:25:03.236,0.78295,0.7833,1.00,1.00
2010.06.10 16:25:03.426,0.78295,0.78335,1.00,3.20
2010.06.10 16:25:04.057,0.78295,0.78335,1.00,3.20
2010.06.10 16:25:04.325,0.78295,0.78335,1.00,4.80
2010.06.10 16:25:04.595,0.7829,0.78335,1.70,4.80
2010.06.10 16:25:06.334,0.78295,0.78335,1.00,2.40
2010.06.10 16:25:07.478,0.7829,0.78335,3.30,2.40
2010.06.10 16:25:09.534,0.7829,0.78335,4.90,2.40
2010.06.10 16:25:09.849,0.7829,0.78335,3.30,2.40
2010.06.10 16:25:11.821,0.78295,0.78335,1.00,2.40
2010.06.10 16:25:12.050,0.7829,0.78335,3.30,2.40
2010.06.10 16:25:13.006,0.78295,0.78335,1.00,2.40
2010.06.10 16:25:13.115,0.7829,0.78335,3.20,2.40
2010.06.10 16:25:14.475,0.783,0.78335,1.00,2.40
2010.06.10 16:25:14.611,0.78295,0.78335,1.00,2.40
2010.06.10 16:25:15.296,0.78295,0.78335,2.40,1.00
2010.06.10 16:25:15.616,0.783,0.78345,4.80,1.00
2010.06.10 16:25:16.347,0.783,0.78345,4.90,1.00
2010.06.10 16:25:17.420,0.78305,0.78345,1.00,1.00
2010.06.10 16:25:17.615,0.78305,0.7835,1.00,3.20
2010.06.10 16:25:17.829,0.78305,0.7835,1.00,3.30
2010.06.10 16:25:24.485,0.78305,0.7835,3.20,1.00
2010.06.10 16:25:24.655,0.78305,0.7835,1.00,3.30
2010.06.10 16:25:27.716,0.78305,0.7835,1.00,3.20
2010.06.10 16:25:27.856,0.78305,0.7835,1.00,3.20
2010.06.10 16:25:27.995,0.78305,0.7835,2.50,2.40
2010.06.10 16:25:28.337,0.78305,0.78355,4.90,5.30
2010.06.10 16:25:28.478,0.78305,0.7835,4.80,1.00
2010.06.10 16:25:28.616,0.78305,0.7835,1.00,3.30
2010.06.10 16:25:30.896,0.783,0.78345,4.90,1.00
2010.06.10 16:25:32.102,0.78305,0.78345,1.00,1.00
2010.06.10 16:25:35.205,0.7831,0.78345,1.00,1.00
2010.06.10 16:25:35.420,0.78325,0.7837,4.80,1.70
2010.06.10 16:25:35.618,0.7833,0.7837,1.60,1.00
2010.06.10 16:25:36.686,0.7833,0.78375,1.60,4.90
2010.06.10 16:25:37.026,0.7833,0.7837,1.60,1.00
2010.06.10 16:25:38.689,0.7831,0.78355,3.30,1.60
2010.06.10 16:25:38.858,0.7831,0.78355,1.00,2.40
2010.06.10 16:25:39.027,0.7831,0.7835,1.00,2.40
2010.06.10 16:25:40.185,0.7831,0.7835,1.00,2.40
2010.06.10 16:25:40.878,0.7831,0.7835,1.00,2.40
2010.06.10 16:25:42.340,0.78305,0.7835,1.00,2.40
2010.06.10 16:25:44.032,0.78315,0.7835,1.00,2.40
2010.06.10 16:25:44.328,0.7831,0.7835,1.00,2.40
2010.06.10 16:25:44.546,0.7831,0.78355,3.20,1.00
2010.06.10 16:25:46.605,0.78315,0.7836,1.60,4.90
2010.06.10 16:25:49.453,0.78315,0.78355,1.60,1.00
2010.06.10 16:25:50.614,0.78315,0.7836,1.60,4.90
2010.06.10 16:25:52.047,0.78315,0.78355,1.60,1.00
2010.06.10 16:25:53.056,0.7831,0.78355,1.00,2.40
2010.06.10 16:25:53.296,0.78305,0.7835,2.40,2.40
2010.06.10 16:25:53.744,0.783,0.7835,4.80,4.80
2010.06.10 16:25:55.095,0.783,0.7835,4.90,4.80
2010.06.10 16:25:56.068,0.783,0.7835,4.90,4.90
2010.06.10 16:25:56.406,0.783,0.78345,4.80,1.00
2010.06.10 16:25:57.779,0.783,0.78345,4.90,1.00
2010.06.10 16:25:59.219,0.783,0.78345,4.80,1.00
2010.06.10 16:25:59.555,0.78305,0.7835,2.40,1.60
2010.06.10 16:25:59.725,0.78305,0.78355,2.40,2.40
2010.06.10 16:26:00.315,0.78315,0.7836,1.60,4.90
2010.06.10 16:26:00.608,0.78305,0.78355,2.40,2.40
2010.06.10 16:26:00.896,0.78305,0.78355,2.40,2.50
2010.06.10 16:26:01.506,0.78305,0.7835,2.40,1.00
2010.06.10 16:26:04.835,0.78305,0.78355,2.40,2.50
2010.06.10 16:26:09.525,0.78305,0.78355,4.00,1.00
2010.06.10 16:26:09.911,0.78305,0.78355,4.80,1.00
2010.06.10 16:26:10.066,0.7831,0.7836,2.40,2.40
2010.06.10 16:26:10.225,0.78315,0.78365,2.40,3.30
2010.06.10 16:26:10.386,0.78315,0.78365,2.40,2.40
2010.06.10 16:26:11.125,0.78315,0.78365,2.40,2.50
2010.06.10 16:26:11.466,0.78315,0.78365,2.50,2.40
2010.06.10 16:26:11.805,0.78315,0.78365,2.40,2.50
2010.06.10 16:26:12.177,0.7832,0.78365,2.40,1.00
2010.06.10 16:26:14.227,0.7832,0.7837,2.40,3.30
2010.06.10 16:26:14.679,0.7832,0.78365,4.80,1.00
2010.06.10 16:26:15.375,0.78325,0.78365,1.60,1.00
2010.06.10 16:26:15.727,0.78325,0.78365,1.60,1.00
2010.06.10 16:26:16.069,0.78325,0.7836,1.60,1.00
2010.06.10 16:26:16.349,0.78325,0.78365,1.60,1.00
2010.06.10 16:26:16.545,0.78325,0.7836,1.60,1.00
2010.06.10 16:26:16.790,0.78325,0.78365,1.60,1.00
2010.06.10 16:26:16.985,0.78325,0.78365,1.60,1.00
2010.06.10 16:26:17.351,0.78325,0.7836,1.60,1.00
2010.06.10 16:26:17.546,0.78325,0.78365,1.60,1.00
2010.06.10 16:26:17.775,0.78315,0.7836,4.80,1.70
2010.06.10 16:26:18.006,0.78315,0.7836,4.90,1.60
2010.06.10 16:26:19.926,0.7832,0.78365,1.60,4.80
2010.06.10 16:26:20.065,0.78315,0.7836,4.80,1.60
2010.06.10 16:26:20.205,0.78315,0.7836,2.40,2.40
2010.06.10 16:26:20.345,0.78315,0.7836,2.40,2.50
2010.06.10 16:26:20.735,0.78315,0.7836,1.60,2.50
2010.06.10 16:26:21.077,0.7832,0.7836,1.00,1.00
2010.06.10 16:26:21.416,0.7832,0.7837,1.00,3.30
2010.06.10 16:26:22.326,0.7832,0.7836,1.00,1.60
2010.06.10 16:26:22.666,0.78315,0.7836,4.80,1.60
2010.06.10 16:26:23.284,0.78315,0.7836,4.90,1.60
2010.06.10 16:26:23.627,0.78315,0.7836,4.80,1.70
2010.06.10 16:26:26.346,0.78315,0.7836,2.50,2.40
2010.06.10 16:26:28.230,0.78315,0.7836,2.40,2.50
2010.06.10 16:26:28.485,0.78315,0.7836,2.40,1.70
2010.06.10 16:26:28.735,0.78315,0.7836,4.80,1.70
2010.06.10 16:26:29.366,0.78315,0.7836,2.40,2.50
2010.06.10 16:26:29.655,0.78315,0.78355,2.40,1.00
2010.06.10 16:26:29.945,0.78315,0.7836,2.40,2.50
2010.06.10 16:26:34.025,0.78315,0.7836,1.60,2.40
2010.06.10 16:26:34.886,0.78315,0.7836,2.40,2.50
2010.06.10 16:26:35.685,0.78315,0.7836,2.40,2.40
2010.06.10 16:26:36.500,0.78325,0.7836,1.60,1.00
2010.06.10 16:26:37.027,0.78325,0.78375,4.80,4.90
2010.06.10 16:26:37.347,0.78325,0.78375,4.80,4.80
2010.06.10 16:26:37.806,0.78325,0.78375,4.90,4.90
2010.06.10 16:26:41.071,0.78325,0.7837,4.80,1.00
2010.06.10 16:26:43.468,0.7834,0.78375,1.60,1.00
2010.06.10 16:26:44.147,0.7834,0.7838,2.40,2.40
2010.06.10 16:26:44.761,0.7834,0.7838,2.40,1.00
2010.06.10 16:26:45.098,0.7834,0.7838,2.40,1.00
2010.06.10 16:26:45.436,0.7834,0.78375,2.40,1.00
2010.06.10 16:26:47.016,0.7834,0.78375,1.60,1.00
2010.06.10 16:26:49.769,0.7834,0.7837,1.60,1.00
2010.06.10 16:26:50.364,0.78335,0.78375,2.40,1.00
2010.06.10 16:26:50.558,0.7833,0.78375,4.80,1.00
2010.06.10 16:26:50.937,0.7833,0.78375,4.00,1.00
2010.06.10 16:26:51.461,0.7833,0.78375,1.60,3.20
2010.06.10 16:26:51.797,0.7833,0.78375,1.60,3.30
2010.06.10 16:26:52.477,0.7833,0.78375,2.40,3.30
2010.06.10 16:26:53.177,0.7833,0.7837,4.80,1.00
2010.06.10 16:26:55.085,0.7833,0.78375,4.80,1.00
2010.06.10 16:26:55.336,0.7833,0.7837,4.80,1.00
2010.06.10 16:26:55.976,0.78335,0.78375,1.00,1.00
2010.06.10 16:26:56.517,0.78335,0.78375,2.40,1.00
2010.06.10 16:27:00.818,0.78335,0.7838,2.40,3.30
2010.06.10 16:27:00.895,0.78335,0.7838,2.40,3.20
2010.06.10 16:27:01.235,0.7834,0.7838,1.00,1.00
2010.06.10 16:27:01.877,0.7834,0.7838,1.00,1.00
2010.06.10 16:27:02.716,0.78335,0.7838,4.80,1.00
2010.06.10 16:27:02.906,0.78335,0.78385,4.80,1.00
2010.06.10 16:27:03.534,0.7834,0.78385,1.00,1.00
2010.06.10 16:27:04.340,0.7834,0.78385,1.00,1.00
2010.06.10 16:27:05.180,0.7834,0.78385,1.00,1.00
2010.06.10 16:27:05.375,0.7834,0.78385,1.00,1.00
2010.06.10 16:27:08.673,0.78335,0.78385,4.90,1.00
2010.06.10 16:27:08.857,0.7834,0.78385,1.00,1.00
2010.06.10 16:27:13.776,0.78335,0.78385,4.90,3.20
2010.06.10 16:27:14.344,0.7834,0.78385,1.00,3.20
2010.06.10 16:27:14.581,0.78345,0.7839,4.80,2.40
2010.06.10 16:27:15.904,0.78345,0.7839,4.00,2.40
2010.06.10 16:27:16.255,0.78335,0.7839,2.50,3.20
2010.06.10 16:27:16.531,0.7834,0.7839,3.20,1.00
2010.06.10 16:27:16.806,0.7834,0.7839,1.00,1.00
2010.06.10 16:27:17.773,0.7834,0.7839,1.00,1.00
2010.06.10 16:27:19.242,0.7834,0.78395,1.00,3.30
2010.06.10 16:27:19.527,0.78345,0.78395,3.20,1.00
2010.06.10 16:27:19.806,0.78335,0.7839,3.20,4.00
2010.06.10 16:27:20.085,0.78335,0.78385,1.00,3.20
2010.06.10 16:27:21.078,0.7833,0.78385,1.00,3.20
2010.06.10 16:27:21.417,0.7833,0.78385,1.00,3.20
2010.06.10 16:27:21.725,0.7833,0.78385,1.00,3.30
2010.06.10 16:27:23.000,0.78335,0.78385,1.00,3.20
2010.06.10 16:27:23.227,0.7833,0.78385,1.00,3.20
2010.06.10 16:27:23.445,0.7833,0.78385,1.00,2.40
2010.06.10 16:27:23.910,0.7833,0.7839,3.20,2.80
2010.06.10 16:27:24.251,0.7834,0.7839,3.20,1.00
2010.06.10 16:27:25.125,0.7834,0.78395,3.20,1.00
2010.06.10 16:27:25.386,0.78345,0.7839,1.00,1.00
2010.06.10 16:27:25.646,0.78345,0.78395,2.00,4.90
2010.06.10 16:27:26.319,0.78345,0.7839,2.80,1.00
2010.06.10 16:27:26.627,0.78345,0.7839,1.00,1.00
2010.06.10 16:27:28.236,0.78345,0.78395,1.00,3.20
2010.06.10 16:27:28.415,0.78345,0.78395,1.00,1.00
2010.06.10 16:27:29.178,0.78345,0.78395,1.00,1.00
2010.06.10 16:27:29.756,0.78345,0.7839,1.00,1.00
2010.06.10 16:27:30.249,0.78345,0.7839,1.00,1.00
2010.06.10 16:27:31.575,0.78345,0.7839,2.80,1.00
2010.06.10 16:27:31.725,0.78345,0.7839,2.80,1.00
2010.06.10 16:27:32.456,0.78345,0.7839,1.00,3.20
2010.06.10 16:27:32.665,0.7834,0.7839,2.90,3.20
2010.06.10 16:27:35.215,0.78345,0.7839,1.00,3.20
2010.06.10 16:27:35.376,0.7834,0.7839,2.90,2.40
2010.06.10 16:27:35.812,0.78345,0.7839,1.00,2.40
2010.06.10 16:27:36.119,0.78345,0.78385,1.00,2.40
2010.06.10 16:27:36.427,0.78345,0.78385,1.00,3.20
2010.06.10 16:27:36.738,0.78345,0.78385,1.00,1.00
2010.06.10 16:27:37.077,0.78345,0.78385,1.00,3.20
2010.06.10 16:27:37.816,0.78345,0.7839,1.00,3.20
2010.06.10 16:27:38.307,0.7836,0.7839,1.00,1.00
2010.06.10 16:27:38.427,0.7836,0.7839,1.00,3.20
2010.06.10 16:27:38.927,0.7835,0.78395,1.00,3.20
2010.06.10 16:27:39.266,0.7835,0.784,2.80,4.90
2010.06.10 16:27:39.606,0.7835,0.784,2.80,4.80
2010.06.10 16:27:40.656,0.7835,0.784,2.90,4.90
2010.06.10 16:27:43.921,0.7835,0.78395,2.80,1.00
2010.06.10 16:27:44.125,0.7835,0.784,2.80,4.90
2010.06.10 16:27:44.376,0.7836,0.784,1.00,4.80
2010.06.10 16:27:48.029,0.7836,0.784,1.00,4.90
2010.06.10 16:27:48.368,0.7836,0.7839,1.00,1.60
2010.06.10 16:27:49.066,0.7836,0.7839,1.00,2.40
2010.06.10 16:27:49.406,0.7836,0.7839,1.00,1.60
2010.06.10 16:27:50.139,0.7836,0.7839,1.00,1.00
2010.06.10 16:27:50.476,0.7836,0.78395,1.00,1.00
2010.06.10 16:27:51.846,0.7836,0.784,1.00,4.90
2010.06.10 16:27:52.185,0.7836,0.78395,1.00,1.00
2010.06.10 16:27:55.211,0.7836,0.784,1.00,4.90
2010.06.10 16:27:55.872,0.7836,0.78395,1.00,1.00
2010.06.10 16:27:56.030,0.7836,0.78395,1.00,1.00
2010.06.10 16:27:56.156,0.78355,0.78395,1.00,1.00
2010.06.10 16:27:56.286,0.78355,0.78395,1.00,3.30
2010.06.10 16:27:56.721,0.78355,0.78395,1.00,3.20
2010.06.10 16:27:57.057,0.78355,0.78395,1.00,3.30
2010.06.10 16:28:07.247,0.78355,0.7839,1.00,2.40
2010.06.10 16:28:07.626,0.78345,0.78385,2.80,1.00
2010.06.10 16:28:07.842,0.78345,0.7838,2.00,1.00
2010.06.10 16:28:08.049,0.78345,0.78385,2.00,1.00
2010.06.10 16:28:13.196,0.78345,0.7839,2.00,4.90
2010.06.10 16:28:13.540,0.78345,0.7839,2.00,3.30
2010.06.10 16:28:13.598,0.78345,0.7839,2.90,1.00
2010.06.10 16:28:13.713,0.7835,0.7839,1.00,1.00
2010.06.10 16:28:13.856,0.7835,0.7839,1.00,1.00
2010.06.10 16:28:14.198,0.7835,0.78395,1.00,4.80
2010.06.10 16:28:14.864,0.7835,0.7839,1.00,1.00
2010.06.10 16:28:14.879,0.7835,0.7839,1.00,3.20
2010.06.10 16:28:16.649,0.7835,0.7839,1.00,1.00
2010.06.10 16:28:22.166,0.7835,0.78395,1.20,1.00
2010.06.10 16:28:22.616,0.7835,0.7839,1.20,1.00
2010.06.10 16:28:22.827,0.7835,0.78395,1.00,3.30
2010.06.10 16:28:23.173,0.7835,0.78395,1.00,3.20
2010.06.10 16:28:23.622,0.78345,0.78395,3.30,1.00
2010.06.10 16:28:23.838,0.78345,0.78395,3.20,1.00
2010.06.10 16:28:24.387,0.78355,0.7839,1.00,1.00
2010.06.10 16:28:24.657,0.78355,0.78395,1.00,2.40
2010.06.10 16:28:24.926,0.7835,0.78395,1.00,1.60
2010.06.10 16:28:25.195,0.7835,0.784,1.00,1.00
2010.06.10 16:28:25.561,0.7835,0.784,1.00,2.50
2010.06.10 16:28:25.896,0.7835,0.78395,1.00,1.00
2010.06.10 16:28:26.235,0.7835,0.78395,1.00,1.00
2010.06.10 16:28:26.980,0.7835,0.78395,1.00,1.00
2010.06.10 16:28:27.326,0.7835,0.7839,1.00,3.20
2010.06.10 16:28:27.809,0.7835,0.7839,1.00,4.80
2010.06.10 16:28:28.756,0.7835,0.7839,1.00,2.40
2010.06.10 16:28:29.066,0.7835,0.7839,2.80,1.00
2010.06.10 16:28:29.718,0.7835,0.78395,1.00,1.00
2010.06.10 16:28:30.036,0.7835,0.78395,1.00,1.00
2010.06.10 16:28:31.057,0.7835,0.78395,1.00,1.00
2010.06.10 16:28:31.408,0.7835,0.78395,1.00,1.00
2010.06.10 16:28:32.482,0.7835,0.78395,1.00,1.00
2010.06.10 16:28:32.676,0.7835,0.78395,2.80,1.00
2010.06.10 16:28:33.285,0.7835,0.78395,1.00,1.00
2010.06.10 16:28:34.292,0.7835,0.78395,1.00,1.00
2010.06.10 16:28:35.076,0.7835,0.78395,1.00,1.00
2010.06.10 16:28:35.305,0.7835,0.7839,1.00,1.00
2010.06.10 16:28:35.812,0.7835,0.7839,1.00,1.00
2010.06.10 16:28:36.146,0.7835,0.7839,1.00,1.00
2010.06.10 16:28:38.347,0.7835,0.78395,1.00,1.00
2010.06.10 16:28:43.547,0.7835,0.78395,1.00,1.00
2010.06.10 16:28:43.827,0.7835,0.78395,1.00,1.00
2010.06.10 16:28:44.306,0.7835,0.78395,1.00,1.00
2010.06.10 16:28:45.018,0.78355,0.78395,1.00,1.00
2010.06.10 16:28:45.337,0.78355,0.78395,1.00,1.00
2010.06.10 16:28:46.535,0.78355,0.78395,1.00,1.00
2010.06.10 16:28:48.538,0.78355,0.78395,1.00,1.00
2010.06.10 16:28:48.756,0.78355,0.78395,1.00,1.00
2010.06.10 16:28:49.179,0.78355,0.7839,1.00,3.20
2010.06.10 16:28:49.398,0.7836,0.784,1.00,4.80
2010.06.10 16:28:49.616,0.7836,0.784,1.00,2.40
2010.06.10 16:28:49.956,0.7836,0.784,1.00,2.40
2010.06.10 16:28:50.651,0.7835,0.78395,4.50,1.00
2010.06.10 16:28:50.926,0.7835,0.78395,1.00,1.00
2010.06.10 16:28:51.195,0.7835,0.78395,1.00,1.00
2010.06.10 16:28:51.512,0.7835,0.78395,1.00,1.00
2010.06.10 16:28:52.397,0.78345,0.78395,1.00,3.20
2010.06.10 16:28:57.128,0.78345,0.78395,2.90,1.00
2010.06.10 16:29:01.091,0.78345,0.78395,1.00,3.30
2010.06.10 16:29:01.388,0.78345,0.78395,1.00,3.20
2010.06.10 16:29:02.518,0.7835,0.78395,1.00,3.20
2010.06.10 16:29:04.426,0.7835,0.78395,1.00,3.20
2010.06.10 16:29:04.515,0.7835,0.78395,1.00,3.20
2010.06.10 16:29:04.605,0.7835,0.78395,1.00,3.20
2010.06.10 16:29:06.747,0.7835,0.7839,1.00,3.20
2010.06.10 16:29:07.558,0.78345,0.7839,1.00,3.20
2010.06.10 16:29:07.837,0.7835,0.78395,1.00,4.80
2010.06.10 16:29:09.242,0.7835,0.78395,1.00,4.80
2010.06.10 16:29:09.516,0.7835,0.7839,1.00,2.40
2010.06.10 16:29:10.016,0.7835,0.7839,1.00,3.20
2010.06.10 16:29:10.642,0.7835,0.78395,1.00,3.20
2010.06.10 16:29:11.328,0.7835,0.7839,1.00,1.00
2010.06.10 16:29:11.671,0.7835,0.78395,1.00,3.20
2010.06.10 16:29:12.007,0.7835,0.7839,1.00,3.20
2010.06.10 16:29:15.217,0.7835,0.7839,1.00,3.30
2010.06.10 16:29:16.050,0.7835,0.7839,1.00,3.20
2010.06.10 16:29:16.722,0.7835,0.78385,1.00,2.40
2010.06.10 16:29:16.947,0.7835,0.78385,1.00,3.20
2010.06.10 16:29:19.046,0.7835,0.78385,1.00,1.00
2010.06.10 16:29:19.367,0.7835,0.7839,1.00,4.80
2010.06.10 16:29:19.752,0.7836,0.78395,1.00,1.00
2010.06.10 16:29:20.059,0.7837,0.78415,1.00,2.50
2010.06.10 16:29:20.396,0.7837,0.78415,1.00,3.30
2010.06.10 16:29:21.743,0.7837,0.78415,1.00,3.20
2010.06.10 16:29:22.038,0.7837,0.7841,1.00,1.00
2010.06.10 16:29:22.337,0.7837,0.78415,1.00,3.30
2010.06.10 16:29:24.540,0.7837,0.78415,1.00,3.20
2010.06.10 16:29:24.748,0.7837,0.78415,1.00,1.00
2010.06.10 16:29:24.959,0.7837,0.7842,1.00,1.00
2010.06.10 16:29:25.497,0.7838,0.7843,1.00,3.20
2010.06.10 16:29:26.046,0.7838,0.7843,1.00,3.20
2010.06.10 16:29:26.747,0.7838,0.7843,1.00,3.20
2010.06.10 16:29:27.086,0.7838,0.7843,1.00,3.30
2010.06.10 16:29:27.427,0.7838,0.78425,1.00,1.00
2010.06.10 16:29:28.357,0.78375,0.7842,1.00,3.30
2010.06.10 16:29:28.616,0.78375,0.7842,1.00,3.20
2010.06.10 16:29:28.866,0.78375,0.78415,1.00,1.00
2010.06.10 16:29:30.632,0.78375,0.78415,1.00,1.00
2010.06.10 16:29:31.695,0.78375,0.78415,1.00,1.00
2010.06.10 16:29:32.044,0.78375,0.7841,1.00,1.00
2010.06.10 16:29:32.923,0.78375,0.78415,1.00,1.00
2010.06.10 16:29:34.279,0.7838,0.7842,1.00,1.00
2010.06.10 16:29:34.617,0.7838,0.78425,1.00,4.90
2010.06.10 16:29:35.006,0.7838,0.7842,1.00,2.40
2010.06.10 16:29:35.181,0.78375,0.7842,1.00,3.30
2010.06.10 16:29:35.995,0.78375,0.7842,1.00,3.20
2010.06.10 16:29:36.538,0.78375,0.78425,1.00,1.00
2010.06.10 16:29:37.183,0.78375,0.7842,1.00,1.00
2010.06.10 16:29:37.391,0.78375,0.7842,1.00,3.30
2010.06.10 16:29:38.338,0.78375,0.78415,1.00,1.00
2010.06.10 16:29:38.677,0.78375,0.7841,1.00,1.00
2010.06.10 16:29:39.017,0.78375,0.7842,1.00,1.00
2010.06.10 16:29:39.357,0.78375,0.7842,1.00,1.00
2010.06.10 16:29:39.699,0.78375,0.7842,1.00,3.20
2010.06.10 16:29:40.038,0.78365,0.7841,1.00,3.20
2010.06.10 16:29:40.375,0.78365,0.78395,1.00,2.40
2010.06.10 16:29:40.719,0.78365,0.78395,1.00,3.20
2010.06.10 16:29:41.378,0.78365,0.78395,1.00,2.40
2010.06.10 16:29:43.047,0.78365,0.7841,1.00,3.20
2010.06.10 16:29:44.726,0.78375,0.78415,1.00,4.80
2010.06.10 16:29:46.003,0.78375,0.78415,1.00,2.50
2010.06.10 16:29:46.686,0.78375,0.78415,1.00,2.40
2010.06.10 16:29:47.169,0.78375,0.78415,1.00,2.50
2010.06.10 16:29:47.466,0.78375,0.78415,1.00,4.80
2010.06.10 16:29:48.206,0.78385,0.78425,1.00,3.30
2010.06.10 16:29:48.716,0.78385,0.7842,1.00,2.40
2010.06.10 16:29:50.456,0.78375,0.7842,1.00,2.40
2010.06.10 16:29:52.046,0.78375,0.78425,2.80,3.30
2010.06.10 16:29:52.265,0.78385,0.78425,1.00,3.30
2010.06.10 16:29:52.762,0.78385,0.78425,1.00,3.20
2010.06.10 16:29:53.327,0.78385,0.7842,1.00,1.00
2010.06.10 16:29:53.516,0.78375,0.7841,1.00,2.40
2010.06.10 16:29:53.706,0.78375,0.78415,1.00,4.80
2010.06.10 16:29:56.151,0.78375,0.78415,1.00,4.90
2010.06.10 16:29:57.878,0.78375,0.78415,1.00,2.40
2010.06.10 16:29:58.217,0.78375,0.78415,2.00,1.00
2010.06.10 16:29:58.557,0.78385,0.7843,1.00,4.90
2010.06.10 16:29:59.256,0.78395,0.7843,1.00,1.70
2010.06.10 16:29:59.936,0.78395,0.7843,1.00,1.60
2010.06.10 16:30:00.156,0.78395,0.7843,1.00,1.70
2010.06.10 16:30:00.663,0.78395,0.7843,1.00,1.60
2010.06.10 16:30:00.947,0.78395,0.7843,1.00,1.70
2010.06.10 16:30:01.226,0.78395,0.7843,1.00,1.60
2010.06.10 16:30:01.509,0.78395,0.7843,1.00,1.70
2010.06.10 16:30:02.086,0.78395,0.7843,1.00,1.60
2010.06.10 16:30:02.430,0.78395,0.7843,1.00,1.70
2010.06.10 16:30:09.146,0.78395,0.78425,1.00,1.00
2010.06.10 16:30:10.457,0.7839,0.78425,1.00,1.70
2010.06.10 16:30:10.936,0.7839,0.7842,1.00,1.00
2010.06.10 16:30:11.175,0.7839,0.78425,1.00,1.60
2010.06.10 16:30:11.845,0.7839,0.7842,1.00,1.00
2010.06.10 16:30:12.895,0.7839,0.78415,1.00,1.00
2010.06.10 16:30:13.256,0.7839,0.78415,1.00,1.00
2010.06.10 16:30:13.436,0.7839,0.78415,1.00,1.00
2010.06.10 16:30:13.616,0.7839,0.7842,1.00,1.00
2010.06.10 16:30:16.354,0.7839,0.78415,1.00,1.00
2010.06.10 16:30:17.011,0.7839,0.7842,1.00,3.20
2010.06.10 16:30:17.207,0.7839,0.7842,1.00,1.00
2010.06.10 16:30:17.407,0.7839,0.78425,1.00,3.20
2010.06.10 16:30:17.806,0.7839,0.78425,1.00,1.00
2010.06.10 16:30:18.006,0.7839,0.7843,1.00,4.90
2010.06.10 16:30:18.776,0.7839,0.78425,1.00,1.00
2010.06.10 16:30:20.129,0.7839,0.78425,1.00,1.00
2010.06.10 16:30:21.452,0.7839,0.7842,1.00,1.00
2010.06.10 16:30:21.757,0.7839,0.78425,1.00,1.00
2010.06.10 16:30:24.455,0.7839,0.7842,1.00,1.00
2010.06.10 16:30:24.746,0.7839,0.78425,1.00,1.00
2010.06.10 16:30:25.358,0.7839,0.7842,1.00,1.00
2010.06.10 16:30:29.426,0.7839,0.7843,1.00,4.90
2010.06.10 16:30:29.938,0.78385,0.7843,1.00,4.80
2010.06.10 16:30:30.207,0.78375,0.78415,1.00,4.00
2010.06.10 16:30:30.476,0.78375,0.7841,1.00,1.00
2010.06.10 16:30:30.970,0.78375,0.7841,1.00,3.20
2010.06.10 16:30:32.506,0.78375,0.7841,1.00,3.30
2010.06.10 16:30:36.088,0.7837,0.7841,1.00,1.00
2010.06.10 16:30:36.315,0.7837,0.7841,1.00,1.00
2010.06.10 16:30:36.425,0.7837,0.7841,1.00,1.00
2010.06.10 16:30:37.779,0.7837,0.7841,1.00,1.00
2010.06.10 16:30:38.717,0.7837,0.7841,1.00,1.00
2010.06.10 16:30:48.310,0.7837,0.7841,1.00,3.20
2010.06.10 16:30:48.399,0.78365,0.7841,1.00,3.20
2010.06.10 16:30:51.259,0.78365,0.7841,1.00,3.30
2010.06.10 16:30:56.568,0.78365,0.7841,1.00,3.20
2010.06.10 16:30:56.826,0.78365,0.7841,1.00,3.30
2010.06.10 16:30:58.911,0.78365,0.78405,1.00,1.00
2010.06.10 16:30:59.146,0.78365,0.784,1.00,1.00
2010.06.10 16:30:59.626,0.78365,0.78405,1.00,1.00
2010.06.10 16:31:00.582,0.78365,0.7841,1.00,1.00
2010.06.10 16:31:01.635,0.78365,0.7841,1.00,3.30
2010.06.10 16:31:05.876,0.78365,0.78405,1.00,1.00
2010.06.10 16:31:06.265,0.78365,0.7841,1.00,3.30
2010.06.10 16:31:06.726,0.78365,0.78405,1.00,1.00
2010.06.10 16:31:06.966,0.78365,0.7841,1.00,3.30
2010.06.10 16:31:08.507,0.78375,0.7841,1.00,3.20
2010.06.10 16:31:10.052,0.78375,0.7841,1.00,3.30
2010.06.10 16:31:10.351,0.78375,0.784,1.00,1.00
2010.06.10 16:31:10.860,0.78365,0.784,1.00,1.00
2010.06.10 16:31:11.089,0.78375,0.7841,1.00,3.30
2010.06.10 16:31:13.146,0.78375,0.7841,1.00,1.00
2010.06.10 16:31:13.678,0.78375,0.7841,1.00,1.00
2010.06.10 16:31:13.737,0.784,0.7841,1.00,1.00
2010.06.10 16:31:13.922,0.784,0.7842,1.00,1.60
2010.06.10 16:31:14.027,0.784,0.7842,1.00,4.00
2010.06.10 16:31:14.367,0.7837,0.7841,1.00,1.00
2010.06.10 16:31:16.884,0.7837,0.7841,1.00,1.00
2010.06.10 16:31:23.536,0.7837,0.7841,1.00,3.30
2010.06.10 16:31:23.875,0.7837,0.7841,1.00,4.90
2010.06.10 16:31:29.986,0.7837,0.78405,1.00,1.00
2010.06.10 16:31:30.126,0.7837,0.78405,1.00,1.00
2010.06.10 16:31:31.136,0.78365,0.78405,1.00,1.00
2010.06.10 16:31:31.936,0.78365,0.78405,1.00,1.00
2010.06.10 16:31:50.617,0.7837,0.78405,1.00,1.00
2010.06.10 16:31:50.956,0.7837,0.78415,1.00,4.90
2010.06.10 16:31:51.551,0.7837,0.78405,1.00,1.00
2010.06.10 16:31:51.887,0.7837,0.78415,1.00,4.90
2010.06.10 16:31:54.782,0.7837,0.7841,1.00,1.00
2010.06.10 16:31:54.986,0.7837,0.78405,1.00,1.00
2010.06.10 16:31:55.530,0.7837,0.78405,1.00,3.30
2010.06.10 16:31:56.107,0.7837,0.78405,1.00,3.20
2010.06.10 16:31:57.518,0.7837,0.7841,2.00,3.30
2010.06.10 16:31:57.857,0.78375,0.78405,1.00,3.20
2010.06.10 16:31:58.957,0.78375,0.78405,1.00,4.80
2010.06.10 16:31:59.297,0.78375,0.784,1.00,3.20
2010.06.10 16:31:59.679,0.78365,0.78395,1.00,1.00
2010.06.10 16:32:03.459,0.7836,0.78395,1.00,3.20
2010.06.10 16:32:03.668,0.7835,0.78385,1.00,1.00
2010.06.10 16:32:03.876,0.7835,0.78385,1.00,3.20
2010.06.10 16:32:04.587,0.7834,0.78385,1.00,3.20
2010.06.10 16:32:04.928,0.7834,0.78385,2.00,3.20
2010.06.10 16:32:05.197,0.7835,0.78385,1.00,3.20
2010.06.10 16:32:06.468,0.7835,0.7839,1.00,3.20
2010.06.10 16:32:06.806,0.7835,0.78385,1.00,1.00
2010.06.10 16:32:09.358,0.7835,0.7838,1.00,1.00
2010.06.10 16:32:10.391,0.7835,0.78385,1.00,3.20
2010.06.10 16:32:12.061,0.7835,0.78385,1.00,3.20
2010.06.10 16:32:12.399,0.7835,0.78385,1.00,3.20
2010.06.10 16:32:13.527,0.7835,0.7838,1.00,2.40
2010.06.10 16:32:14.033,0.7835,0.7838,1.00,3.20
2010.06.10 16:32:15.586,0.78345,0.7838,1.00,3.20
2010.06.10 16:32:17.669,0.78345,0.7838,1.00,3.30
2010.06.10 16:32:20.674,0.78345,0.7838,1.00,3.20
2010.06.10 16:32:22.447,0.78345,0.7838,1.00,3.30
2010.06.10 16:32:22.785,0.78335,0.7838,1.00,3.30
2010.06.10 16:32:23.126,0.78335,0.78375,1.00,3.20
2010.06.10 16:32:24.176,0.7833,0.78365,1.00,1.00
2010.06.10 16:32:24.516,0.7833,0.78365,1.00,2.40
2010.06.10 16:32:25.227,0.78325,0.7837,1.00,4.80
2010.06.10 16:32:25.568,0.78325,0.7837,1.00,4.80
2010.06.10 16:32:26.161,0.78325,0.7837,1.00,4.80
2010.06.10 16:32:26.437,0.78325,0.7837,1.00,4.90
2010.06.10 16:32:26.776,0.78325,0.7837,1.00,4.80
2010.06.10 16:32:27.415,0.7833,0.7837,1.00,4.80
2010.06.10 16:32:28.137,0.78345,0.78375,3.20,1.00
2010.06.10 16:32:28.467,0.7834,0.7837,1.00,1.00
2010.06.10 16:32:28.800,0.7834,0.78385,1.00,2.40
2010.06.10 16:32:29.792,0.7834,0.78385,1.00,2.50
2010.06.10 16:32:30.057,0.7834,0.78385,1.00,2.40
2010.06.10 16:32:31.745,0.7834,0.78385,1.00,2.50
2010.06.10 16:32:32.508,0.7834,0.78385,1.00,2.40
2010.06.10 16:32:32.762,0.7834,0.78385,1.00,2.50
2010.06.10 16:32:33.834,0.7834,0.78385,1.00,2.40
2010.06.10 16:32:34.007,0.7834,0.78385,1.00,2.50
2010.06.10 16:32:35.200,0.7834,0.78385,1.00,2.40
2010.06.10 16:32:36.046,0.7834,0.78385,1.00,2.50
2010.06.10 16:32:36.298,0.7834,0.78385,1.00,2.40
2010.06.10 16:32:38.491,0.7835,0.78385,1.00,2.40
2010.06.10 16:32:39.720,0.7835,0.78385,1.00,2.40
2010.06.10 16:32:39.937,0.7835,0.78385,1.00,2.50
2010.06.10 16:32:40.145,0.7835,0.78385,2.00,1.00
2010.06.10 16:32:40.958,0.7835,0.7839,1.00,4.90
2010.06.10 16:32:41.296,0.7835,0.7839,1.00,4.80
2010.06.10 16:32:41.636,0.7835,0.78385,1.00,1.00
2010.06.10 16:32:41.977,0.78345,0.7839,1.00,4.80
2010.06.10 16:32:42.378,0.78345,0.78385,1.00,2.40
2010.06.10 16:32:53.986,0.78345,0.7839,1.00,1.00
2010.06.10 16:32:56.761,0.78345,0.7839,1.00,1.00
2010.06.10 16:32:59.737,0.78345,0.7839,1.00,3.20
2010.06.10 16:33:01.587,0.78345,0.7839,1.00,3.20
2010.06.10 16:33:01.927,0.78345,0.7839,1.00,3.20
2010.06.10 16:33:05.263,0.78345,0.7839,1.00,3.30
2010.06.10 16:33:05.416,0.7835,0.7839,1.00,1.00
2010.06.10 16:33:06.751,0.7835,0.7839,1.00,1.00
2010.06.10 16:33:07.687,0.78355,0.7839,1.00,1.00
2010.06.10 16:33:07.906,0.78355,0.78395,1.00,3.20
2010.06.10 16:33:08.126,0.7835,0.78395,1.00,3.30
2010.06.10 16:33:08.543,0.7835,0.7839,1.00,1.00
2010.06.10 16:33:08.843,0.78345,0.78385,1.00,3.20
2010.06.10 16:33:11.206,0.7834,0.78385,1.00,3.30
2010.06.10 16:33:12.362,0.7834,0.7838,1.00,1.00
2010.06.10 16:33:12.530,0.7834,0.78385,1.00,3.30
2010.06.10 16:33:13.091,0.7834,0.78385,1.00,3.20
2010.06.10 16:33:13.910,0.7834,0.7838,1.00,1.00
2010.06.10 16:33:14.239,0.7834,0.78385,1.00,3.30
2010.06.10 16:33:14.447,0.7834,0.7838,1.00,1.00
2010.06.10 16:33:15.005,0.7834,0.78385,1.00,3.30
2010.06.10 16:33:15.207,0.7834,0.78385,1.00,3.20
2010.06.10 16:33:15.960,0.7834,0.78385,1.00,3.30
2010.06.10 16:33:17.033,0.7834,0.78385,1.00,3.20
2010.06.10 16:33:17.308,0.7834,0.78385,1.00,3.20
2010.06.10 16:33:20.177,0.78345,0.78385,1.00,1.00
2010.06.10 16:33:20.920,0.78345,0.78385,2.80,1.00
2010.06.10 16:33:21.258,0.78345,0.7839,2.80,1.00
2010.06.10 16:33:21.596,0.78345,0.784,2.80,4.90
2010.06.10 16:33:22.509,0.78345,0.784,2.80,4.80
2010.06.10 16:33:22.847,0.78345,0.784,4.40,4.80
2010.06.10 16:33:23.027,0.78345,0.784,4.40,4.80
2010.06.10 16:33:23.216,0.78345,0.784,4.50,4.90
2010.06.10 16:33:23.407,0.78345,0.784,2.90,1.00
2010.06.10 16:33:23.890,0.78345,0.784,2.80,1.00
2010.06.10 16:33:24.076,0.78345,0.784,2.90,1.00
2010.06.10 16:33:24.376,0.78345,0.784,2.80,1.00
2010.06.10 16:33:24.919,0.78345,0.78395,2.80,1.00
2010.06.10 16:33:25.077,0.78355,0.784,1.00,1.00
2010.06.10 16:33:25.237,0.78355,0.78405,1.00,3.30
2010.06.10 16:33:25.939,0.78355,0.784,1.00,1.00
2010.06.10 16:33:26.278,0.78355,0.784,1.00,4.10
2010.06.10 16:33:26.618,0.78355,0.78395,1.00,1.00
2010.06.10 16:33:26.956,0.78355,0.7839,1.00,1.00
2010.06.10 16:33:27.787,0.78355,0.7839,1.00,1.00
2010.06.10 16:33:28.127,0.78355,0.784,1.00,4.90
2010.06.10 16:33:31.066,0.78355,0.784,1.00,3.30
2010.06.10 16:33:31.547,0.78355,0.78395,1.00,1.00
2010.06.10 16:33:36.626,0.7835,0.78395,1.00,1.00
2010.06.10 16:33:37.114,0.7835,0.784,2.80,1.00
2010.06.10 16:33:38.201,0.7835,0.78395,2.80,1.00
2010.06.10 16:33:38.536,0.7835,0.784,2.80,1.00
2010.06.10 16:33:40.116,0.7835,0.78405,2.80,3.30
2010.06.10 16:33:40.990,0.7835,0.78405,2.90,3.30
2010.06.10 16:33:42.468,0.7835,0.784,2.80,1.00
2010.06.10 16:33:43.985,0.7835,0.784,2.80,1.00
2010.06.10 16:33:44.901,0.7835,0.78395,2.80,1.00
2010.06.10 16:33:45.331,0.7835,0.78395,2.80,1.00
2010.06.10 16:33:45.778,0.7835,0.784,2.80,1.00
2010.06.10 16:33:47.597,0.7836,0.78405,1.00,2.50
2010.06.10 16:33:47.696,0.7836,0.78405,1.00,1.00
2010.06.10 16:33:47.797,0.7836,0.784,1.00,1.00
2010.06.10 16:33:48.251,0.7836,0.78405,1.00,1.00
2010.06.10 16:33:48.918,0.7836,0.7841,1.00,1.00
2010.06.10 16:33:49.258,0.7836,0.78405,1.00,1.00
2010.06.10 16:33:51.496,0.7836,0.78405,1.00,1.00
2010.06.10 16:33:51.644,0.7836,0.78405,1.00,1.00
2010.06.10 16:33:53.516,0.7836,0.7841,1.00,1.00
2010.06.10 16:33:53.856,0.78365,0.7841,1.00,1.00
2010.06.10 16:33:54.236,0.78365,0.78415,1.00,1.00
2010.06.10 16:33:54.407,0.78365,0.7841,1.00,1.00
2010.06.10 16:33:59.407,0.7837,0.78415,1.00,1.00
2010.06.10 16:34:02.117,0.78365,0.78415,1.00,1.00
2010.06.10 16:34:02.306,0.78365,0.7842,1.00,1.00
2010.06.10 16:34:02.781,0.78365,0.78415,1.00,1.00
2010.06.10 16:34:03.623,0.78365,0.7842,2.80,1.00
2010.06.10 16:34:03.971,0.78365,0.78415,1.00,1.00
2010.06.10 16:34:04.147,0.78365,0.7842,1.00,1.00
2010.06.10 16:34:04.560,0.78365,0.78415,1.00,1.00
2010.06.10 16:34:06.337,0.7837,0.78415,1.00,1.00
2010.06.10 16:34:06.812,0.7837,0.7842,1.00,2.50
2010.06.10 16:34:07.019,0.7837,0.7842,1.00,1.00
2010.06.10 16:34:08.687,0.7837,0.78425,1.00,3.30
2010.06.10 16:34:09.442,0.7837,0.7842,1.00,1.00
2010.06.10 16:34:12.507,0.7837,0.78415,1.00,1.00
2010.06.10 16:34:12.908,0.7837,0.7842,1.00,1.00
2010.06.10 16:34:14.856,0.7837,0.78425,1.00,3.20
2010.06.10 16:34:15.057,0.78365,0.7842,1.00,1.00
2010.06.10 16:34:15.433,0.78365,0.7842,1.00,1.00
2010.06.10 16:34:15.639,0.78365,0.7842,1.00,1.00
2010.06.10 16:34:15.977,0.78365,0.7842,1.00,1.00
2010.06.10 16:34:17.438,0.78365,0.78425,1.00,3.30
2010.06.10 16:34:17.696,0.78365,0.7842,2.90,3.20
2010.06.10 16:34:17.958,0.78375,0.7842,1.00,1.00
2010.06.10 16:34:18.560,0.78375,0.78415,1.00,1.00
2010.06.10 16:34:25.128,0.78375,0.78425,1.00,3.30
2010.06.10 16:34:25.567,0.7836,0.7842,1.00,1.00
2010.06.10 16:34:26.697,0.7836,0.7842,1.00,1.00
2010.06.10 16:34:27.037,0.7836,0.78415,1.00,1.00
2010.06.10 16:34:28.600,0.7836,0.7842,1.00,1.00
2010.06.10 16:34:29.827,0.78365,0.7842,1.00,1.00
2010.06.10 16:34:30.097,0.7836,0.7842,1.00,1.00
2010.06.10 16:34:31.777,0.7836,0.7842,1.00,1.00
2010.06.10 16:34:32.417,0.78375,0.78425,1.00,3.30
2010.06.10 16:34:33.084,0.78375,0.78425,1.00,3.20
2010.06.10 16:34:33.426,0.78375,0.78425,1.00,3.30
2010.06.10 16:34:34.040,0.78375,0.7842,1.00,1.00
2010.06.10 16:34:34.267,0.78375,0.78425,1.00,3.30
2010.06.10 16:34:34.791,0.78375,0.7842,1.00,1.00
2010.06.10 16:34:35.571,0.78375,0.78425,1.00,1.00
2010.06.10 16:34:35.808,0.78375,0.7843,1.00,3.20
2010.06.10 16:34:36.837,0.78375,0.7843,1.00,3.30
2010.06.10 16:34:37.176,0.7837,0.7843,1.00,3.30
2010.06.10 16:34:37.674,0.7837,0.78425,1.00,1.00
2010.06.10 16:34:38.879,0.7837,0.7843,1.00,3.30
2010.06.10 16:34:39.197,0.7837,0.78425,1.00,1.00
2010.06.10 16:34:39.752,0.7837,0.7842,1.00,1.00
2010.06.10 16:34:40.248,0.7837,0.78425,1.00,1.00
2010.06.10 16:34:41.706,0.7837,0.7843,1.00,3.30
2010.06.10 16:34:44.856,0.7837,0.7842,1.00,1.00
2010.06.10 16:34:47.159,0.7837,0.78425,1.00,1.00
2010.06.10 16:34:47.810,0.7837,0.7843,1.00,3.30
2010.06.10 16:34:48.089,0.7837,0.7842,1.00,1.00
2010.06.10 16:34:48.573,0.7837,0.7843,1.00,3.20
2010.06.10 16:34:48.727,0.7837,0.7843,1.00,3.30
2010.06.10 16:34:48.877,0.7837,0.78425,1.00,1.00
2010.06.10 16:34:51.395,0.78375,0.78425,1.00,1.00
2010.06.10 16:34:52.798,0.78375,0.7842,1.00,3.20
2010.06.10 16:34:53.066,0.78375,0.7841,1.00,3.20
2010.06.10 16:34:53.337,0.7837,0.7841,1.00,3.20
2010.06.10 16:34:54.214,0.78365,0.7841,1.00,3.20
2010.06.10 16:34:55.298,0.78365,0.7841,1.00,3.30
2010.06.10 16:34:56.487,0.78365,0.7841,1.00,3.20
2010.06.10 16:34:56.776,0.78365,0.78405,1.00,1.00
2010.06.10 16:35:00.908,0.78365,0.7841,1.00,3.20
2010.06.10 16:35:01.047,0.78365,0.7841,1.00,3.30
2010.06.10 16:35:01.367,0.78365,0.7841,1.00,3.20
2010.06.10 16:35:01.970,0.78365,0.7841,1.00,3.30
2010.06.10 16:35:02.307,0.78365,0.7841,1.00,3.20
2010.06.10 16:35:03.332,0.78365,0.78405,1.00,1.00
2010.06.10 16:35:06.349,0.7836,0.784,1.00,1.00
2010.06.10 16:35:06.857,0.7835,0.7841,1.00,3.30
2010.06.10 16:35:08.018,0.7835,0.78405,1.00,1.00
2010.06.10 16:35:10.347,0.7835,0.78405,1.00,3.30
2010.06.10 16:35:11.037,0.7836,0.7841,1.00,3.20
2010.06.10 16:35:11.226,0.7837,0.7841,1.00,3.20
2010.06.10 16:35:12.031,0.7837,0.78405,1.00,2.40
2010.06.10 16:35:12.380,0.7837,0.7841,1.00,3.20
2010.06.10 16:35:12.720,0.7837,0.78415,1.00,2.40
2010.06.10 16:35:13.918,0.7837,0.78415,1.00,2.40
2010.06.10 16:35:14.259,0.7837,0.78415,1.00,2.40
2010.06.10 16:35:14.568,0.7837,0.78415,1.00,2.40
2010.06.10 16:35:15.219,0.78375,0.78415,1.00,2.40
2010.06.10 16:35:15.787,0.7837,0.78415,1.00,2.50
2010.06.10 16:35:16.006,0.7837,0.78415,1.00,2.40
2010.06.10 16:35:16.810,0.78375,0.78415,1.00,2.40
2010.06.10 16:35:17.107,0.7837,0.78415,1.00,4.80
2010.06.10 16:35:19.224,0.78375,0.78415,1.00,4.80
2010.06.10 16:35:19.827,0.7837,0.78415,1.00,4.80
2010.06.10 16:35:20.185,0.7837,0.78415,1.00,4.80
2010.06.10 16:35:25.365,0.78365,0.78415,1.00,4.90
2010.06.10 16:35:25.924,0.78365,0.7841,1.00,1.00
2010.06.10 16:35:26.092,0.78365,0.784,1.00,1.60
2010.06.10 16:35:26.249,0.7836,0.784,1.00,1.60
2010.06.10 16:35:27.599,0.7836,0.78405,3.30,1.60
2010.06.10 16:35:27.767,0.78365,0.78405,2.00,2.40
2010.06.10 16:35:27.926,0.78365,0.7841,2.00,1.00
2010.06.10 16:35:30.726,0.78365,0.78415,2.10,4.90
2010.06.10 16:35:31.929,0.78365,0.78415,4.50,4.90
2010.06.10 16:35:32.268,0.78365,0.7841,4.80,1.00
2010.06.10 16:35:32.608,0.78365,0.78415,4.90,4.90
2010.06.10 16:35:35.059,0.78365,0.7841,4.80,1.00
2010.06.10 16:35:35.647,0.78365,0.78415,4.90,4.90
2010.06.10 16:35:36.715,0.78365,0.78415,4.80,4.90
2010.06.10 16:35:36.924,0.7836,0.7841,1.00,3.20
2010.06.10 16:35:37.667,0.7836,0.78405,1.00,1.00
2010.06.10 16:35:39.697,0.7836,0.78405,1.00,1.00
2010.06.10 16:35:40.365,0.7836,0.78405,1.00,1.00
2010.06.10 16:35:40.586,0.7836,0.78405,1.00,1.00
2010.06.10 16:35:40.879,0.7836,0.78405,1.00,1.00
2010.06.10 16:35:42.206,0.7836,0.78405,1.00,1.00
2010.06.10 16:35:42.426,0.7836,0.78405,1.00,1.00
2010.06.10 16:35:42.763,0.7836,0.78405,1.00,1.00
2010.06.10 16:35:43.312,0.7836,0.78405,1.00,1.00
2010.06.10 16:35:43.535,0.7836,0.78405,1.00,1.00
2010.06.10 16:35:43.736,0.7836,0.78405,1.00,1.00
2010.06.10 16:35:44.321,0.7836,0.78405,1.00,1.00
2010.06.10 16:35:44.556,0.7836,0.78405,1.00,1.00
2010.06.10 16:35:45.445,0.7836,0.7841,1.00,3.20
2010.06.10 16:35:46.257,0.7836,0.78405,1.00,1.00
2010.06.10 16:35:47.357,0.7836,0.78405,1.00,1.00
2010.06.10 16:35:48.037,0.7836,0.78405,1.00,1.00
2010.06.10 16:35:48.376,0.7836,0.784,1.00,1.00
2010.06.10 16:35:50.193,0.7835,0.784,3.30,4.80
2010.06.10 16:35:50.433,0.7835,0.784,3.20,4.80
2010.06.10 16:35:50.777,0.7835,0.78395,1.00,1.00
2010.06.10 16:35:52.279,0.7835,0.78395,1.00,3.20
2010.06.10 16:35:52.902,0.7835,0.78395,1.00,1.00
2010.06.10 16:35:53.237,0.7835,0.78395,1.00,3.20
2010.06.10 16:35:53.917,0.78345,0.78395,3.30,1.00
2010.06.10 16:35:54.628,0.7835,0.78395,1.00,3.20
2010.06.10 16:35:55.021,0.78345,0.78395,3.70,3.30
2010.06.10 16:35:58.939,0.7835,0.78395,1.00,3.30
2010.06.10 16:35:59.312,0.7835,0.78395,1.00,1.00
2010.06.10 16:36:01.528,0.7835,0.784,3.30,4.90
2010.06.10 16:36:01.952,0.7835,0.7839,3.20,1.00
2010.06.10 16:36:02.247,0.7835,0.78395,2.40,1.00
2010.06.10 16:36:02.744,0.7835,0.7839,2.40,1.60
2010.06.10 16:36:03.080,0.78335,0.7838,1.00,3.20
2010.06.10 16:36:03.569,0.78335,0.7838,1.00,3.20
2010.06.10 16:36:03.926,0.7833,0.7838,1.00,3.20
2010.06.10 16:36:04.294,0.78325,0.7838,2.80,3.20
2010.06.10 16:36:04.481,0.7833,0.78385,3.30,3.20
2010.06.10 16:36:04.811,0.78335,0.78385,1.00,3.20
2010.06.10 16:36:05.137,0.7833,0.78385,3.30,3.20
2010.06.10 16:36:05.777,0.7834,0.78385,1.00,3.20
2010.06.10 16:36:06.116,0.7833,0.78385,3.30,3.30
2010.06.10 16:36:07.787,0.78335,0.78385,1.00,3.30
2010.06.10 16:36:08.242,0.78335,0.78385,1.00,3.20
2010.06.10 16:36:08.516,0.7834,0.78385,1.00,3.20
2010.06.10 16:36:09.587,0.78335,0.78385,1.00,3.20
2010.06.10 16:36:09.926,0.7834,0.78385,1.00,3.20
2010.06.10 16:36:11.041,0.78335,0.78385,1.00,3.20
2010.06.10 16:36:11.337,0.7834,0.78385,1.00,3.20
2010.06.10 16:36:12.032,0.78335,0.78385,1.00,3.20
2010.06.10 16:36:12.601,0.7834,0.78385,1.00,3.20
2010.06.10 16:36:12.908,0.78335,0.78385,1.00,3.30
2010.06.10 16:36:13.513,0.7833,0.78385,3.30,3.30
2010.06.10 16:36:13.876,0.78335,0.7839,2.40,4.80
2010.06.10 16:36:14.216,0.78335,0.78385,2.40,1.00
2010.06.10 16:36:14.477,0.78335,0.7839,2.40,4.80
2010.06.10 16:36:14.738,0.78335,0.78385,2.40,1.00
2010.06.10 16:36:15.581,0.78335,0.78385,2.80,1.00
2010.06.10 16:36:19.977,0.7834,0.7839,3.20,4.90
2010.06.10 16:36:21.789,0.7834,0.7839,3.30,4.90
2010.06.10 16:36:22.638,0.7834,0.7839,3.20,3.20
2010.06.10 16:36:22.846,0.78345,0.78395,3.20,1.00
2010.06.10 16:36:25.092,0.78345,0.7839,3.20,1.00
2010.06.10 16:36:25.702,0.78345,0.7839,1.00,2.50
2010.06.10 16:36:25.903,0.7835,0.7839,1.00,2.40
2010.06.10 16:36:26.086,0.7835,0.78395,1.00,4.80
2010.06.10 16:36:26.593,0.7835,0.7839,1.00,3.20
2010.06.10 16:36:26.767,0.78335,0.7838,1.00,1.00
2010.06.10 16:36:27.107,0.78335,0.7838,1.00,1.00
2010.06.10 16:36:27.446,0.78335,0.7839,3.30,2.40
2010.06.10 16:36:28.327,0.7834,0.7839,1.00,2.40
2010.06.10 16:36:30.354,0.78335,0.7839,3.30,2.40
2010.06.10 16:36:30.645,0.78335,0.7839,3.30,2.50
2010.06.10 16:36:33.886,0.7834,0.7839,3.20,1.00
2010.06.10 16:36:34.362,0.78345,0.7839,1.00,1.00
2010.06.10 16:36:34.509,0.78345,0.7839,3.20,1.00
2010.06.10 16:36:34.848,0.78345,0.78395,3.20,1.00
2010.06.10 16:36:35.878,0.78345,0.78395,3.20,1.00
2010.06.10 16:36:36.557,0.78345,0.78395,3.20,1.00
2010.06.10 16:36:37.238,0.78335,0.78395,2.40,1.00
2010.06.10 16:36:37.581,0.78335,0.7839,3.20,4.80
2010.06.10 16:36:37.848,0.78335,0.7838,3.30,2.40
2010.06.10 16:36:38.477,0.7833,0.7838,1.00,4.00
2010.06.10 16:36:40.541,0.78325,0.7838,3.30,4.00
2010.06.10 16:36:41.832,0.7833,0.7838,1.00,4.00
2010.06.10 16:36:42.513,0.7833,0.7838,1.00,4.00
2010.06.10 16:36:43.021,0.78335,0.78385,1.00,2.40
2010.06.10 16:36:43.383,0.78335,0.7839,3.20,1.00
2010.06.10 16:36:43.635,0.78335,0.78385,3.20,1.00
2010.06.10 16:36:46.950,0.7835,0.78385,1.00,1.00
2010.06.10 16:36:47.289,0.7835,0.7839,1.00,1.00
2010.06.10 16:36:47.897,0.7835,0.7839,1.00,1.00
2010.06.10 16:36:49.673,0.7835,0.7839,1.20,1.00
2010.06.10 16:36:52.842,0.78355,0.7839,1.00,1.00
2010.06.10 16:36:53.138,0.7835,0.78395,1.20,1.00
2010.06.10 16:36:53.478,0.7835,0.78395,3.60,1.00
2010.06.10 16:36:53.647,0.7835,0.7839,3.20,1.00
2010.06.10 16:36:53.873,0.7835,0.78395,3.20,1.00
2010.06.10 16:36:54.548,0.7835,0.78395,3.20,1.00
2010.06.10 16:36:56.596,0.7835,0.78395,3.60,1.00
2010.06.10 16:36:57.368,0.78355,0.78395,1.00,1.00
2010.06.10 16:36:59.967,0.7836,0.78395,4.00,1.00
2010.06.10 16:37:00.156,0.78365,0.78395,1.00,1.00
2010.06.10 16:37:00.889,0.7836,0.784,1.00,1.00
2010.06.10 16:37:01.208,0.78355,0.784,1.00,1.00
2010.06.10 16:37:01.775,0.78355,0.78395,1.00,1.00
2010.06.10 16:37:05.184,0.78355,0.784,1.00,1.00
2010.06.10 16:37:05.358,0.7836,0.784,3.20,1.00
2010.06.10 16:37:05.508,0.7836,0.784,1.00,1.00
2010.06.10 16:37:05.657,0.78355,0.784,1.00,1.00
2010.06.10 16:37:05.807,0.78355,0.78395,1.00,1.00
2010.06.10 16:37:06.289,0.78355,0.78395,5.20,1.00
2010.06.10 16:37:06.439,0.7836,0.784,1.00,1.00
2010.06.10 16:37:06.777,0.7836,0.78395,1.00,1.00
2010.06.10 16:37:07.596,0.7836,0.784,1.00,1.00
2010.06.10 16:37:08.556,0.7836,0.784,1.00,1.00
2010.06.10 16:37:10.863,0.7836,0.78405,1.00,3.30
2010.06.10 16:37:11.037,0.78355,0.78405,1.00,3.30
2010.06.10 16:37:12.596,0.78355,0.78395,1.00,1.00
2010.06.10 16:37:14.006,0.78355,0.78395,1.00,1.00
2010.06.10 16:37:15.427,0.78355,0.78405,1.00,3.30
2010.06.10 16:37:16.220,0.7835,0.78405,2.90,3.30
2010.06.10 16:37:16.546,0.7835,0.78405,2.80,3.30
2010.06.10 16:37:16.936,0.7835,0.78405,2.90,3.30
2010.06.10 16:37:17.536,0.7835,0.784,2.40,2.50
2010.06.10 16:37:17.837,0.7835,0.784,1.00,4.80
2010.06.10 16:37:18.137,0.78345,0.784,3.70,3.20
2010.06.10 16:37:18.752,0.78345,0.784,1.20,3.20
2010.06.10 16:37:18.968,0.78345,0.78395,1.00,1.00
2010.06.10 16:37:19.386,0.78345,0.78395,1.00,2.50
2010.06.10 16:37:21.720,0.78345,0.78395,1.00,2.40
2010.06.10 16:37:22.264,0.78345,0.784,1.00,3.30
2010.06.10 16:37:22.867,0.78345,0.78395,1.00,1.60
2010.06.10 16:37:23.167,0.78345,0.784,5.20,4.80
2010.06.10 16:37:23.757,0.7835,0.78405,3.30,3.30
2010.06.10 16:37:24.341,0.7835,0.784,3.20,1.00
2010.06.10 16:37:24.679,0.7835,0.784,3.20,1.00
2010.06.10 16:37:24.898,0.78345,0.784,3.70,3.30
2010.06.10 16:37:27.034,0.78345,0.784,2.90,3.30
2010.06.10 16:37:27.236,0.78345,0.784,1.00,3.20
2010.06.10 16:37:27.437,0.78345,0.78395,1.00,2.40
2010.06.10 16:37:27.983,0.78345,0.78395,1.00,2.50
2010.06.10 16:37:28.257,0.78335,0.78395,1.00,3.20
2010.06.10 16:37:28.747,0.78335,0.78395,1.00,3.30
2010.06.10 16:37:29.806,0.78335,0.78395,3.70,1.00
2010.06.10 16:37:30.066,0.78335,0.78395,1.00,3.30
2010.06.10 16:37:31.506,0.78335,0.78395,1.00,2.50
2010.06.10 16:37:33.166,0.78335,0.78395,1.00,2.50
2010.06.10 16:37:37.443,0.7833,0.7839,3.70,1.00
2010.06.10 16:37:37.578,0.7834,0.7839,1.20,2.50
2010.06.10 16:37:37.708,0.7834,0.7839,3.60,1.00
2010.06.10 16:37:38.070,0.7834,0.7839,1.20,2.50
2010.06.10 16:37:38.200,0.7834,0.7839,3.60,1.00
2010.06.10 16:37:38.543,0.7834,0.7839,3.20,1.00
2010.06.10 16:37:43.102,0.7834,0.78395,3.30,3.30
2010.06.10 16:37:43.398,0.7834,0.7839,3.20,1.00
2010.06.10 16:37:48.689,0.78345,0.78395,1.00,3.20
2010.06.10 16:37:48.887,0.7834,0.7839,3.20,1.00
2010.06.10 16:37:50.651,0.7834,0.78385,3.20,1.00
2010.06.10 16:37:51.561,0.7834,0.78395,3.30,3.30
2010.06.10 16:37:52.021,0.7834,0.78395,3.30,2.50
2010.06.10 16:37:52.696,0.7834,0.78395,3.30,3.30
2010.06.10 16:37:54.638,0.7834,0.7839,3.20,1.00
2010.06.10 16:37:55.006,0.7834,0.78395,3.30,3.30
2010.06.10 16:37:55.296,0.7834,0.78395,3.30,2.50
2010.06.10 16:37:55.806,0.78345,0.78395,1.00,2.50
2010.06.10 16:37:56.471,0.78345,0.78395,1.00,2.40
2010.06.10 16:37:56.738,0.78345,0.78395,1.00,2.40
2010.06.10 16:37:57.375,0.78345,0.78395,1.00,3.20
2010.06.10 16:37:57.723,0.78355,0.78395,1.00,3.20
2010.06.10 16:37:58.069,0.78355,0.78395,1.00,2.40
2010.06.10 16:37:58.375,0.7836,0.784,1.00,1.00
2010.06.10 16:37:59.008,0.7836,0.784,1.00,2.40
2010.06.10 16:37:59.307,0.78365,0.78405,1.00,3.30
2010.06.10 16:37:59.647,0.78365,0.784,1.00,1.00
2010.06.10 16:38:00.308,0.78365,0.78405,1.00,3.20
2010.06.10 16:38:01.693,0.78365,0.784,1.00,2.40
2010.06.10 16:38:02.027,0.78365,0.78405,1.00,3.20
2010.06.10 16:38:03.481,0.78365,0.78405,1.00,3.30
2010.06.10 16:38:03.997,0.78365,0.78405,1.00,3.20
2010.06.10 16:38:05.226,0.78365,0.78405,1.00,3.30
2010.06.10 16:38:06.568,0.78355,0.784,1.00,3.20
2010.06.10 16:38:06.877,0.7835,0.7839,1.00,3.20
2010.06.10 16:38:09.837,0.7835,0.7839,1.00,1.00
2010.06.10 16:38:10.056,0.7835,0.78395,1.00,2.40
2010.06.10 16:38:10.166,0.7835,0.784,1.00,3.30
2010.06.10 16:38:10.403,0.78355,0.784,1.00,3.30
2010.06.10 16:38:11.556,0.78355,0.784,1.00,4.90
2010.06.10 16:38:11.846,0.78355,0.7839,1.00,1.00
2010.06.10 16:38:15.309,0.78355,0.7839,1.00,1.00
2010.06.10 16:38:15.569,0.78355,0.7839,1.00,1.00
2010.06.10 16:38:19.653,0.78355,0.78385,1.00,1.00
2010.06.10 16:38:20.609,0.78355,0.7839,1.00,1.00
2010.06.10 16:38:20.847,0.78355,0.78395,1.00,1.00
2010.06.10 16:38:21.854,0.7835,0.78395,1.00,1.00
2010.06.10 16:38:22.696,0.7835,0.7839,1.00,1.00
2010.06.10 16:38:23.218,0.7835,0.7839,1.00,1.00
2010.06.10 16:38:26.077,0.7835,0.78395,1.00,1.00
2010.06.10 16:38:26.978,0.7835,0.7839,1.00,1.00
2010.06.10 16:38:29.361,0.7835,0.78395,1.00,1.00
2010.06.10 16:38:29.970,0.7835,0.7839,1.00,1.00
2010.06.10 16:38:30.126,0.7835,0.78395,1.00,1.00
2010.06.10 16:38:34.399,0.7835,0.7839,1.00,1.00
2010.06.10 16:38:34.520,0.7835,0.7839,1.00,1.00
2010.06.10 16:38:35.126,0.7835,0.78395,1.00,1.00
2010.06.10 16:38:38.538,0.7835,0.7839,1.00,1.00
2010.06.10 16:38:39.133,0.7835,0.78395,1.00,1.00
2010.06.10 16:38:39.804,0.7835,0.7839,1.00,1.00
2010.06.10 16:38:40.976,0.7835,0.78395,1.00,1.00
2010.06.10 16:38:42.278,0.7835,0.7839,1.00,1.00
2010.06.10 16:38:44.676,0.7835,0.7839,1.00,1.00
2010.06.10 16:38:45.757,0.7835,0.78395,1.00,1.00
2010.06.10 16:38:49.097,0.7835,0.7839,1.00,1.00
2010.06.10 16:38:50.019,0.7835,0.78385,1.00,1.00
2010.06.10 16:38:50.676,0.7835,0.78395,1.00,1.00
2010.06.10 16:38:51.302,0.7835,0.7839,1.00,1.00
2010.06.10 16:38:56.968,0.78355,0.7839,2.40,1.00
2010.06.10 16:38:57.145,0.7836,0.78395,1.00,1.00
2010.06.10 16:38:57.318,0.7836,0.784,1.00,2.40
2010.06.10 16:38:59.277,0.7836,0.784,1.00,2.50
2010.06.10 16:39:03.477,0.7836,0.78395,1.00,1.00
2010.06.10 16:39:05.468,0.78365,0.78395,1.00,1.00
2010.06.10 16:39:06.478,0.78365,0.784,1.00,1.00
2010.06.10 16:39:07.822,0.78365,0.78405,1.00,3.30
2010.06.10 16:39:08.014,0.78365,0.78395,1.00,1.00
2010.06.10 16:39:09.916,0.78365,0.78395,2.80,1.00
2010.06.10 16:39:10.207,0.78365,0.784,1.00,1.00
2010.06.10 16:39:11.968,0.78365,0.78395,1.00,1.00
2010.06.10 16:39:17.792,0.78365,0.78395,1.00,1.00
2010.06.10 16:39:18.597,0.78365,0.784,1.00,1.00
2010.06.10 16:39:18.852,0.78365,0.784,1.00,1.00
2010.06.10 16:39:19.527,0.78365,0.784,1.00,1.00
2010.06.10 16:39:20.122,0.78365,0.784,1.00,2.50
2010.06.10 16:39:20.430,0.78365,0.784,1.00,1.00
2010.06.10 16:39:20.739,0.78365,0.784,1.00,1.00
2010.06.10 16:39:20.969,0.78365,0.78405,1.00,3.30
2010.06.10 16:39:21.198,0.78365,0.784,1.00,1.00
2010.06.10 16:39:30.048,0.7836,0.78395,1.00,1.00
2010.06.10 16:39:30.359,0.7836,0.784,1.00,4.90
2010.06.10 16:39:31.181,0.7836,0.784,1.00,1.00
2010.06.10 16:39:31.857,0.7836,0.784,1.00,1.00
2010.06.10 16:39:32.858,0.7836,0.784,1.00,1.00
2010.06.10 16:39:33.824,0.7836,0.78395,1.00,1.00
2010.06.10 16:39:34.573,0.7836,0.7839,1.00,1.00
2010.06.10 16:39:34.650,0.7836,0.7839,1.00,1.00
2010.06.10 16:39:35.079,0.7836,0.7839,1.00,1.00
2010.06.10 16:39:41.717,0.7836,0.78395,1.00,1.00
2010.06.10 16:39:41.950,0.7836,0.784,1.00,1.00
2010.06.10 16:39:42.873,0.7836,0.784,1.00,1.00
2010.06.10 16:39:45.027,0.7836,0.784,2.80,1.00
2010.06.10 16:39:45.273,0.78375,0.784,2.00,1.00
2010.06.10 16:39:45.509,0.78375,0.7841,2.00,1.00
2010.06.10 16:39:45.838,0.78375,0.78415,2.00,3.30
2010.06.10 16:39:46.521,0.78375,0.78405,2.00,1.00
2010.06.10 16:39:47.117,0.78375,0.78405,2.00,1.00
2010.06.10 16:39:47.417,0.78375,0.78405,2.00,1.00
2010.06.10 16:39:48.638,0.78365,0.78405,1.00,3.20
2010.06.10 16:39:49.415,0.78365,0.784,1.00,2.40
2010.06.10 16:39:49.748,0.7836,0.784,1.00,2.40
2010.06.10 16:39:51.700,0.7836,0.784,1.00,2.50
2010.06.10 16:39:56.666,0.7836,0.784,1.00,2.40
2010.06.10 16:39:58.168,0.7836,0.784,1.00,3.20
2010.06.10 16:39:59.826,0.78365,0.784,1.00,3.20
2010.06.10 16:40:00.170,0.78365,0.78395,1.00,1.00
2010.06.10 16:40:00.508,0.78355,0.78395,1.00,3.20
2010.06.10 16:40:01.619,0.78355,0.78395,1.00,2.40
2010.06.10 16:40:01.958,0.78355,0.78395,1.00,2.40
2010.06.10 16:40:02.947,0.78365,0.784,1.00,3.20
2010.06.10 16:40:03.536,0.78365,0.784,1.00,2.40
2010.06.10 16:40:11.977,0.78365,0.78395,1.00,1.00
2010.06.10 16:40:12.519,0.78365,0.78405,1.00,3.20
2010.06.10 16:40:12.728,0.7837,0.7841,1.00,3.30
2010.06.10 16:40:14.786,0.7837,0.78405,1.00,3.20
2010.06.10 16:40:15.831,0.7837,0.78405,1.00,3.30
2010.06.10 16:40:16.489,0.7837,0.78405,1.00,3.20
2010.06.10 16:40:18.317,0.7837,0.784,1.00,2.40
2010.06.10 16:40:18.972,0.7837,0.78405,1.00,1.00
2010.06.10 16:40:19.197,0.7837,0.78405,1.00,1.00
2010.06.10 16:40:19.823,0.7837,0.78405,1.00,3.20
2010.06.10 16:40:20.594,0.78355,0.78405,1.00,3.20
2010.06.10 16:40:22.799,0.78355,0.78405,1.00,3.20
2010.06.10 16:40:24.471,0.78355,0.78405,1.00,3.20
2010.06.10 16:40:24.726,0.78355,0.78405,1.00,3.20
2010.06.10 16:40:24.946,0.78355,0.78405,1.00,1.00
2010.06.10 16:40:25.470,0.78355,0.78405,1.00,3.20
2010.06.10 16:40:25.690,0.78355,0.78405,1.00,1.00
2010.06.10 16:40:26.386,0.78355,0.7841,1.00,3.20
2010.06.10 16:40:26.667,0.78355,0.78405,1.00,1.00
2010.06.10 16:40:27.140,0.78355,0.7841,1.00,3.20
2010.06.10 16:40:27.522,0.78355,0.78405,1.00,1.00
2010.06.10 16:40:28.058,0.78355,0.7841,1.00,3.20
2010.06.10 16:40:31.695,0.78355,0.78405,1.00,1.00
2010.06.10 16:40:32.083,0.78355,0.784,1.00,2.40
2010.06.10 16:40:32.237,0.78355,0.78405,1.00,3.20
2010.06.10 16:40:32.557,0.78355,0.78405,1.00,3.20
2010.06.10 16:40:32.838,0.78355,0.78405,1.00,3.20
2010.06.10 16:40:33.117,0.7835,0.78405,2.90,4.80
2010.06.10 16:40:33.614,0.7835,0.78395,1.00,1.00
2010.06.10 16:40:34.697,0.7835,0.78395,1.00,1.00
2010.06.10 16:40:35.282,0.7835,0.78395,1.00,1.00
2010.06.10 16:40:35.549,0.7835,0.78395,1.00,1.00
2010.06.10 16:40:35.820,0.7835,0.78395,1.00,3.30
2010.06.10 16:40:36.128,0.7835,0.78395,1.00,1.00
2010.06.10 16:40:37.368,0.78345,0.78395,4.80,1.00
2010.06.10 16:40:37.628,0.7835,0.78395,1.00,1.00
2010.06.10 16:40:40.697,0.7835,0.784,1.00,2.40
2010.06.10 16:40:40.867,0.7835,0.78405,3.20,3.30
2010.06.10 16:40:41.037,0.78345,0.784,4.90,2.40
2010.06.10 16:40:41.588,0.78355,0.784,1.00,2.40
2010.06.10 16:40:43.089,0.78355,0.784,1.00,2.40
2010.06.10 16:40:43.428,0.78355,0.784,1.00,2.40
2010.06.10 16:40:44.812,0.7835,0.784,3.20,1.00
2010.06.10 16:40:45.307,0.78345,0.78395,4.90,4.80
2010.06.10 16:40:47.077,0.7835,0.78395,1.00,4.80
2010.06.10 16:40:47.652,0.7835,0.784,3.20,1.00
2010.06.10 16:40:51.051,0.7835,0.78405,3.30,3.30
2010.06.10 16:40:51.502,0.7835,0.78405,3.20,3.30
2010.06.10 16:40:51.841,0.7834,0.78395,3.20,2.40
2010.06.10 16:40:52.517,0.7834,0.78395,3.30,2.40
2010.06.10 16:40:53.202,0.7834,0.78395,3.20,3.20
2010.06.10 16:40:53.865,0.7834,0.78395,3.30,3.30
2010.06.10 16:40:54.139,0.78345,0.78395,1.00,3.20
2010.06.10 16:40:58.598,0.7834,0.78395,3.20,3.30
2010.06.10 16:40:58.848,0.7835,0.78395,1.00,1.00
2010.06.10 16:40:59.188,0.78345,0.78395,1.00,3.20
2010.06.10 16:41:01.417,0.78345,0.78395,1.00,3.20
2010.06.10 16:41:01.769,0.78345,0.7839,1.00,1.00
2010.06.10 16:41:02.051,0.7834,0.7839,3.20,1.00
2010.06.10 16:41:03.311,0.7834,0.7839,3.20,1.00
2010.06.10 16:41:03.657,0.78345,0.78395,1.00,2.40
2010.06.10 16:41:04.387,0.78345,0.78395,1.00,2.40
2010.06.10 16:41:04.557,0.7834,0.78395,3.30,2.50
2010.06.10 16:41:05.053,0.7834,0.7839,3.20,1.00
2010.06.10 16:41:08.142,0.78345,0.78395,1.00,3.20
2010.06.10 16:41:12.100,0.78345,0.78395,1.00,3.20
2010.06.10 16:41:14.947,0.7834,0.78395,3.30,3.20
2010.06.10 16:41:15.307,0.7834,0.78395,3.30,2.40
2010.06.10 16:41:16.495,0.7834,0.78395,3.30,3.20
2010.06.10 16:41:16.747,0.78345,0.78395,1.00,3.20
2010.06.10 16:41:17.542,0.78345,0.78395,1.00,3.20
2010.06.10 16:41:18.087,0.7835,0.78395,1.00,3.20
2010.06.10 16:41:18.326,0.7835,0.78395,1.00,1.00
2010.06.10 16:41:22.282,0.7835,0.78395,1.00,3.30
2010.06.10 16:41:22.389,0.7834,0.78395,3.30,3.20
2010.06.10 16:41:22.532,0.7834,0.78395,3.20,3.30
2010.06.10 16:41:22.964,0.7834,0.78395,3.30,3.30
2010.06.10 16:41:23.910,0.7834,0.7839,3.20,1.00
2010.06.10 16:41:24.517,0.7834,0.7839,3.20,1.00
2010.06.10 16:41:25.809,0.7834,0.78395,3.30,3.30
2010.06.10 16:41:25.989,0.7834,0.7839,3.20,1.00
2010.06.10 16:41:32.660,0.7834,0.7839,3.20,1.00
2010.06.10 16:41:33.061,0.7834,0.7839,3.20,1.00
2010.06.10 16:41:33.277,0.7834,0.78395,3.30,3.30
2010.06.10 16:41:33.497,0.7834,0.78395,3.20,3.30
2010.06.10 16:41:33.718,0.7834,0.78395,3.20,2.50
2010.06.10 16:41:33.948,0.7834,0.78395,3.20,3.30
2010.06.10 16:41:34.528,0.7834,0.78395,3.20,2.50
2010.06.10 16:41:34.772,0.7834,0.78395,3.30,3.20
2010.06.10 16:41:35.027,0.7834,0.78395,3.20,3.20
2010.06.10 16:41:35.277,0.7834,0.78395,3.30,3.30
2010.06.10 16:41:35.528,0.7834,0.78385,3.20,1.00
2010.06.10 16:41:36.450,0.7834,0.7839,3.20,1.00
2010.06.10 16:41:36.731,0.7833,0.7838,4.90,2.40
2010.06.10 16:41:40.130,0.7833,0.7838,4.80,2.40
2010.06.10 16:41:40.368,0.7833,0.7838,4.90,2.50
2010.06.10 16:41:40.477,0.7833,0.7838,4.90,2.40
2010.06.10 16:41:40.587,0.7833,0.7838,4.90,1.00
2010.06.10 16:41:40.697,0.78335,0.78385,1.00,3.30
2010.06.10 16:41:40.807,0.78335,0.78385,3.20,1.00
2010.06.10 16:41:41.783,0.78335,0.78385,3.30,1.00
2010.06.10 16:41:42.587,0.7834,0.78385,1.00,1.00
2010.06.10 16:41:43.278,0.78335,0.78385,3.30,1.00
2010.06.10 16:41:44.219,0.78335,0.78385,3.20,1.00
2010.06.10 16:41:45.747,0.78335,0.78385,3.30,1.00
2010.06.10 16:41:46.019,0.78335,0.78385,3.30,1.00
2010.06.10 16:41:46.288,0.78335,0.78385,3.30,1.00
2010.06.10 16:41:47.308,0.78335,0.78385,3.30,1.00
2010.06.10 16:41:48.362,0.7834,0.78385,1.00,1.00
2010.06.10 16:41:48.557,0.7834,0.78385,1.00,1.00
2010.06.10 16:41:48.756,0.7834,0.78385,1.00,1.00
2010.06.10 16:41:50.008,0.7834,0.7839,3.20,4.90
2010.06.10 16:41:50.741,0.7834,0.7839,3.20,4.80
2010.06.10 16:41:51.728,0.7834,0.7839,3.20,4.90
2010.06.10 16:41:52.090,0.7834,0.7839,3.30,4.90
2010.06.10 16:41:52.429,0.7834,0.78385,3.20,1.00
2010.06.10 16:41:53.361,0.7834,0.7839,3.20,4.90
2010.06.10 16:41:53.697,0.78345,0.78385,1.00,1.00
2010.06.10 16:41:54.636,0.7834,0.78385,3.20,1.00
2010.06.10 16:41:54.897,0.7834,0.7839,3.30,4.90
2010.06.10 16:41:55.833,0.7835,0.7839,1.00,2.40
2010.06.10 16:41:56.078,0.78345,0.7839,2.40,4.80
2010.06.10 16:41:57.008,0.7835,0.78395,3.20,1.00
2010.06.10 16:41:57.372,0.7835,0.7839,3.20,1.00
2010.06.10 16:41:57.906,0.7835,0.7839,3.20,1.00
2010.06.10 16:41:58.567,0.7835,0.78395,3.20,1.00
2010.06.10 16:41:58.898,0.7836,0.78395,2.40,1.00
2010.06.10 16:41:59.609,0.78355,0.78385,2.40,1.00
2010.06.10 16:41:59.948,0.7834,0.78365,2.40,1.00
2010.06.10 16:42:00.882,0.78345,0.78365,2.40,1.00
2010.06.10 16:42:01.220,0.78315,0.7837,1.00,2.40
2010.06.10 16:42:01.441,0.7832,0.7837,1.00,2.40
2010.06.10 16:42:02.021,0.78315,0.7837,4.80,3.20
2010.06.10 16:42:02.237,0.7832,0.78375,3.20,3.30
2010.06.10 16:42:02.719,0.7832,0.78375,3.20,3.20
2010.06.10 16:42:03.609,0.78325,0.78375,1.00,2.40
2010.06.10 16:42:03.879,0.7832,0.78375,3.30,3.20
2010.06.10 16:42:04.149,0.7833,0.7838,3.20,1.70
2010.06.10 16:42:04.543,0.7833,0.7838,2.50,2.40
2010.06.10 16:42:04.819,0.7833,0.78385,1.00,3.30
2010.06.10 16:42:05.241,0.78325,0.78385,3.30,3.30
2010.06.10 16:42:05.720,0.7833,0.78385,1.00,3.20
2010.06.10 16:42:06.059,0.7833,0.78405,3.30,3.20
2010.06.10 16:42:06.397,0.7833,0.78405,3.30,3.30
2010.06.10 16:42:07.026,0.78325,0.78395,3.20,2.80
2010.06.10 16:42:07.358,0.7832,0.7838,1.00,2.40
2010.06.10 16:42:07.697,0.7833,0.7838,1.00,2.40
2010.06.10 16:42:08.039,0.78325,0.7837,1.00,1.00
2010.06.10 16:42:08.769,0.78335,0.7837,1.00,2.40
2010.06.10 16:42:09.107,0.78335,0.7839,3.20,1.00
2010.06.10 16:42:10.447,0.78335,0.7839,3.30,1.00
2010.06.10 16:42:12.457,0.78335,0.78385,3.20,1.00
2010.06.10 16:42:13.069,0.78335,0.7839,3.20,1.00
2010.06.10 16:42:13.588,0.78335,0.78385,3.20,1.00
2010.06.10 16:42:16.483,0.78335,0.7838,3.20,1.00
2010.06.10 16:42:16.768,0.78335,0.78385,3.20,1.00
2010.06.10 16:42:17.251,0.78335,0.78385,2.40,1.00
2010.06.10 16:42:17.510,0.7833,0.78385,3.30,3.20
2010.06.10 16:42:17.769,0.78335,0.78385,1.00,3.20
2010.06.10 16:42:18.027,0.7833,0.78385,3.30,3.20
2010.06.10 16:42:18.708,0.78325,0.78385,1.00,3.30
2010.06.10 16:42:19.846,0.78325,0.7838,1.00,2.40
2010.06.10 16:42:20.068,0.7833,0.78385,1.00,3.30
2010.06.10 16:42:20.287,0.78325,0.78385,1.00,3.30
2010.06.10 16:42:20.607,0.7833,0.78385,1.00,3.20
2010.06.10 16:42:20.927,0.78325,0.78385,1.00,3.30
2010.06.10 16:42:22.237,0.7833,0.78385,1.00,3.30
2010.06.10 16:42:22.579,0.7833,0.78385,3.30,3.30
2010.06.10 16:42:23.220,0.7833,0.78375,1.00,1.00
2010.06.10 16:42:23.508,0.78315,0.78375,3.30,3.20
2010.06.10 16:42:23.848,0.78315,0.78375,1.00,3.20
2010.06.10 16:42:24.290,0.78315,0.78375,1.00,2.40
2010.06.10 16:42:24.449,0.78315,0.78375,1.00,3.20
2010.06.10 16:42:24.768,0.7831,0.78365,1.00,2.40
2010.06.10 16:42:24.928,0.78315,0.7837,1.00,3.20
2010.06.10 16:42:25.440,0.7832,0.7837,3.20,1.00
2010.06.10 16:42:25.779,0.7832,0.78365,3.20,1.00
2010.06.10 16:42:26.378,0.7832,0.78365,3.30,1.00
2010.06.10 16:42:26.722,0.78305,0.7836,1.00,1.00
2010.06.10 16:42:27.061,0.78305,0.78355,3.30,1.00
2010.06.10 16:42:28.150,0.78305,0.78345,3.20,1.00
2010.06.10 16:42:28.492,0.78305,0.7835,2.40,1.00
2010.06.10 16:42:29.511,0.78305,0.7835,2.50,1.00
2010.06.10 16:42:29.847,0.7831,0.7835,1.00,1.00
2010.06.10 16:42:30.550,0.78315,0.78355,1.00,1.00
2010.06.10 16:42:31.746,0.78315,0.78355,1.00,1.00
2010.06.10 16:42:32.089,0.78315,0.7836,1.00,3.30
2010.06.10 16:42:32.428,0.78315,0.7836,1.00,3.20
2010.06.10 16:42:33.637,0.78315,0.7836,1.00,3.30
2010.06.10 16:42:33.908,0.78305,0.78355,4.80,3.20
2010.06.10 16:42:34.597,0.78305,0.78355,4.90,3.30
2010.06.10 16:42:38.308,0.78305,0.78355,4.90,3.20
2010.06.10 16:42:38.607,0.78305,0.78355,4.80,3.20
2010.06.10 16:42:40.172,0.78305,0.7835,4.80,1.00
2010.06.10 16:42:40.389,0.78305,0.78355,4.90,3.20
2010.06.10 16:42:40.608,0.7831,0.7836,3.30,4.90
2010.06.10 16:42:40.980,0.7831,0.78345,3.30,1.60
2010.06.10 16:42:41.201,0.7831,0.7836,1.00,1.00
2010.06.10 16:42:41.538,0.78305,0.78365,3.20,3.30
2010.06.10 16:42:41.938,0.78305,0.7836,3.20,1.00
2010.06.10 16:42:42.290,0.78305,0.78355,3.20,1.00
2010.06.10 16:42:42.970,0.78305,0.78355,3.30,1.00
2010.06.10 16:42:45.360,0.78305,0.78355,3.20,1.00
2010.06.10 16:42:45.617,0.78305,0.78355,3.30,1.00
2010.06.10 16:42:46.328,0.78305,0.78355,3.20,1.00
2010.06.10 16:42:46.505,0.78305,0.78355,3.30,1.00
2010.06.10 16:42:48.320,0.78305,0.78355,3.20,1.00
2010.06.10 16:42:50.296,0.78305,0.7835,3.20,1.00
2010.06.10 16:42:51.000,0.78305,0.78355,3.30,1.00
2010.06.10 16:42:52.519,0.78315,0.7836,1.00,4.80
2010.06.10 16:42:52.767,0.7832,0.7836,1.00,1.60
2010.06.10 16:42:53.017,0.78315,0.78355,1.00,1.60
2010.06.10 16:42:53.428,0.7831,0.78355,3.20,1.70
2010.06.10 16:42:53.770,0.78305,0.7835,1.00,1.60
2010.06.10 16:42:54.110,0.78285,0.7835,3.30,4.00
2010.06.10 16:42:54.977,0.78285,0.7835,3.30,4.10
2010.06.10 16:42:55.277,0.78285,0.78345,3.20,1.00
2010.06.10 16:42:55.577,0.7828,0.78345,1.00,4.40
2010.06.10 16:42:55.878,0.7828,0.78345,3.30,5.70
2010.06.10 16:42:56.668,0.7828,0.78345,3.30,3.30
2010.06.10 16:42:57.007,0.7828,0.78345,3.20,1.00
2010.06.10 16:42:57.678,0.7828,0.7834,2.50,1.00
2010.06.10 16:42:57.973,0.78275,0.7834,3.30,3.30
2010.06.10 16:42:58.248,0.78275,0.7833,3.20,1.00
2010.06.10 16:42:58.587,0.78275,0.78335,3.20,1.00
2010.06.10 16:42:58.928,0.78275,0.7833,3.20,1.00
2010.06.10 16:42:59.469,0.7827,0.7833,3.20,3.30
2010.06.10 16:42:59.668,0.7827,0.7833,3.30,3.20
2010.06.10 16:42:59.869,0.7827,0.7832,3.20,3.20
2010.06.10 16:43:00.068,0.7827,0.7832,3.30,3.20
2010.06.10 16:43:00.629,0.78275,0.7832,2.40,1.00
2010.06.10 16:43:00.970,0.78285,0.7833,1.00,4.00
2010.06.10 16:43:01.307,0.78285,0.78335,1.00,2.40
2010.06.10 16:43:02.496,0.7829,0.78335,1.00,2.40
2010.06.10 16:43:03.076,0.7829,0.78335,1.00,2.50
2010.06.10 16:43:03.366,0.78285,0.78335,3.30,2.50
2010.06.10 16:43:03.845,0.7829,0.78335,1.00,2.40
2010.06.10 16:43:04.148,0.7829,0.78335,1.00,2.50
2010.06.10 16:43:05.722,0.7829,0.78335,1.00,4.90
2010.06.10 16:43:06.029,0.7828,0.78335,3.20,4.90
2010.06.10 16:43:06.337,0.78285,0.78335,1.00,4.80
2010.06.10 16:43:07.037,0.78295,0.78335,1.00,1.60
2010.06.10 16:43:07.383,0.7829,0.78335,3.20,1.60
2010.06.10 16:43:08.876,0.7829,0.78335,3.30,1.60
2010.06.10 16:43:10.297,0.78295,0.78335,1.00,1.60
2010.06.10 16:43:11.314,0.78295,0.78335,1.00,1.60
2010.06.10 16:43:11.544,0.7829,0.78335,3.30,1.60
2010.06.10 16:43:12.563,0.7829,0.78335,1.00,2.40
2010.06.10 16:43:12.840,0.7829,0.78335,1.00,2.40
2010.06.10 16:43:13.277,0.78285,0.78335,3.30,2.40
2010.06.10 16:43:14.215,0.7829,0.78335,1.00,2.40
2010.06.10 16:43:14.509,0.7829,0.78335,1.00,2.40
2010.06.10 16:43:15.067,0.7829,0.78335,1.00,2.40
2010.06.10 16:43:15.297,0.78285,0.78335,2.50,2.40
2010.06.10 16:43:15.828,0.78285,0.78335,1.00,4.80
2010.06.10 16:43:16.770,0.78295,0.78335,1.00,1.60
2010.06.10 16:43:19.076,0.78295,0.7833,1.00,1.00
2010.06.10 16:43:19.489,0.78295,0.7832,1.00,1.00
2010.06.10 16:43:19.650,0.7828,0.78335,3.30,5.60
2010.06.10 16:43:19.808,0.7828,0.78335,2.50,5.60
2010.06.10 16:43:19.969,0.7827,0.78335,1.00,4.80
2010.06.10 16:43:20.128,0.78275,0.78335,1.00,4.80
2010.06.10 16:43:20.417,0.7828,0.78335,3.20,4.80
2010.06.10 16:43:20.958,0.7828,0.78335,3.30,4.80
2010.06.10 16:43:21.237,0.7828,0.78335,3.20,4.80
2010.06.10 16:43:21.700,0.78295,0.78335,1.00,4.00
2010.06.10 16:43:21.888,0.78295,0.78335,1.00,1.60
2010.06.10 16:43:24.621,0.78295,0.78335,1.00,1.60
2010.06.10 16:43:24.840,0.78295,0.78335,1.00,1.60
2010.06.10 16:43:25.333,0.7829,0.78335,3.20,1.60
2010.06.10 16:43:27.297,0.78295,0.78335,1.00,1.60
2010.06.10 16:43:27.757,0.78295,0.78335,1.00,1.60
2010.06.10 16:43:33.220,0.7829,0.78335,3.30,1.60
2010.06.10 16:43:33.577,0.7829,0.7833,3.30,1.60
2010.06.10 16:43:34.190,0.7829,0.78335,2.50,1.60
2010.06.10 16:43:34.461,0.78295,0.7835,3.20,2.50
2010.06.10 16:43:35.807,0.78295,0.7835,3.30,2.50
2010.06.10 16:43:36.955,0.783,0.7835,1.00,2.40
2010.06.10 16:43:37.725,0.78295,0.7835,3.30,2.50
2010.06.10 16:43:38.561,0.783,0.7835,1.00,2.40
2010.06.10 16:43:38.909,0.78295,0.78345,2.40,1.00
2010.06.10 16:43:39.249,0.7829,0.78345,3.30,1.00
2010.06.10 16:43:39.956,0.78295,0.78345,1.00,1.00
2010.06.10 16:43:41.559,0.78295,0.78345,1.00,1.00
2010.06.10 16:43:41.968,0.78295,0.78345,3.20,1.00
2010.06.10 16:43:44.261,0.78295,0.78345,3.30,1.00
2010.06.10 16:43:44.397,0.78295,0.78345,3.30,1.00
2010.06.10 16:43:46.629,0.783,0.78345,1.00,1.00
2010.06.10 16:43:46.808,0.783,0.7835,4.90,1.60
2010.06.10 16:43:46.977,0.783,0.7835,4.80,1.60
2010.06.10 16:43:47.780,0.783,0.7835,4.90,1.60
2010.06.10 16:43:48.802,0.78295,0.78345,3.30,1.00
2010.06.10 16:43:49.456,0.78295,0.78345,3.20,1.00
2010.06.10 16:43:49.756,0.78295,0.7834,3.20,1.00
2010.06.10 16:43:52.141,0.78295,0.78345,3.30,1.00
2010.06.10 16:43:54.498,0.78295,0.78345,3.20,1.00
2010.06.10 16:43:54.677,0.78295,0.78345,3.20,3.30
2010.06.10 16:43:54.768,0.78295,0.78345,3.20,3.20
2010.06.10 16:43:54.948,0.78295,0.7834,1.00,2.40
2010.06.10 16:43:55.037,0.78295,0.7834,1.00,3.20
2010.06.10 16:43:55.127,0.78295,0.7834,2.40,1.00
2010.06.10 16:43:55.217,0.78295,0.78345,3.20,3.30
2010.06.10 16:43:55.601,0.78295,0.78345,3.20,3.20
2010.06.10 16:43:56.098,0.78295,0.78345,3.20,3.30
2010.06.10 16:43:56.777,0.78295,0.7834,3.20,1.00
2010.06.10 16:43:57.549,0.78295,0.78345,3.30,3.30
2010.06.10 16:43:57.888,0.783,0.78345,1.00,3.30
2010.06.10 16:43:58.138,0.78305,0.7835,4.80,1.00
2010.06.10 16:43:58.653,0.78315,0.78355,2.40,1.00
2010.06.10 16:43:58.900,0.7832,0.78355,1.00,1.00
2010.06.10 16:43:59.191,0.7832,0.78355,3.20,1.00
2010.06.10 16:43:59.771,0.7832,0.7836,3.20,1.00
2010.06.10 16:44:00.479,0.78315,0.7836,1.00,1.70
2010.06.10 16:44:00.807,0.78315,0.78355,1.00,1.00
2010.06.10 16:44:01.127,0.78315,0.7836,1.00,1.60
2010.06.10 16:44:01.786,0.783,0.78355,3.20,3.20
2010.06.10 16:44:02.469,0.783,0.78355,3.20,3.30
2010.06.10 16:44:03.357,0.783,0.78355,3.30,3.30
2010.06.10 16:44:05.844,0.783,0.7835,3.20,1.00
2010.06.10 16:44:05.969,0.783,0.78355,3.30,3.30
2010.06.10 16:44:06.737,0.783,0.78355,3.20,3.30
2010.06.10 16:44:07.080,0.783,0.7835,3.20,1.00
2010.06.10 16:44:09.642,0.783,0.78355,3.20,3.20
2010.06.10 16:44:12.047,0.783,0.78355,3.20,2.40
2010.06.10 16:44:12.238,0.783,0.78355,3.30,2.50
2010.06.10 16:44:13.368,0.783,0.78355,3.20,3.30
2010.06.10 16:44:13.871,0.783,0.78355,3.30,3.30
2010.06.10 16:44:17.014,0.783,0.7835,3.20,1.00
2010.06.10 16:44:17.159,0.783,0.78355,3.30,3.30
2010.06.10 16:44:18.768,0.783,0.78355,3.20,3.30
2010.06.10 16:44:20.737,0.783,0.78355,3.30,3.30
2010.06.10 16:44:28.777,0.783,0.78355,3.20,3.30
2010.06.10 16:44:30.497,0.783,0.78355,3.20,2.50
2010.06.10 16:44:30.817,0.783,0.78355,3.30,2.50
2010.06.10 16:44:30.976,0.783,0.78355,3.20,2.50
2010.06.10 16:44:31.899,0.78305,0.78355,1.00,2.40
2010.06.10 16:44:32.238,0.78305,0.7836,3.20,4.90
2010.06.10 16:44:32.578,0.7831,0.7836,3.20,1.00
2010.06.10 16:44:36.287,0.7831,0.78355,3.20,1.00
2010.06.10 16:44:36.678,0.7831,0.7836,3.20,1.00
2010.06.10 16:44:36.836,0.7831,0.78355,3.20,1.00
2010.06.10 16:44:37.162,0.7831,0.7836,3.20,1.00
2010.06.10 16:44:47.907,0.78315,0.7836,3.20,1.00
2010.06.10 16:44:48.158,0.7832,0.78375,3.20,2.40
2010.06.10 16:44:48.612,0.78325,0.7838,3.20,2.10
2010.06.10 16:44:48.859,0.78325,0.78385,3.20,4.90
2010.06.10 16:44:49.127,0.7833,0.7838,3.20,1.00
2010.06.10 16:44:49.398,0.78325,0.7838,3.20,1.00
2010.06.10 16:44:50.148,0.78325,0.78375,3.20,1.00
2010.06.10 16:44:51.518,0.78335,0.7839,1.00,2.50
2010.06.10 16:44:51.818,0.78335,0.78385,1.00,2.40
2010.06.10 16:44:52.701,0.78325,0.7837,3.30,1.60
2010.06.10 16:44:52.988,0.7833,0.78375,1.00,1.60
2010.06.10 16:44:54.548,0.7833,0.78375,1.00,1.70
2010.06.10 16:44:55.438,0.78325,0.7837,2.40,2.40
2010.06.10 16:44:56.060,0.78325,0.7837,3.20,1.60
2010.06.10 16:44:56.338,0.78325,0.78375,1.00,2.40
2010.06.10 16:44:56.638,0.78325,0.78375,2.40,1.00
2010.06.10 16:44:56.937,0.78325,0.78375,3.20,1.00
2010.06.10 16:44:57.881,0.78325,0.7837,3.20,1.00
2010.06.10 16:44:58.138,0.78325,0.78375,3.20,1.00
2010.06.10 16:44:58.398,0.7833,0.7838,3.20,1.00
2010.06.10 16:44:58.658,0.7833,0.78375,1.00,1.00
2010.06.10 16:44:58.928,0.78325,0.7838,3.20,2.40
2010.06.10 16:44:59.650,0.78325,0.78375,3.20,1.00
2010.06.10 16:44:59.811,0.7833,0.7838,3.20,1.00
2010.06.10 16:44:59.970,0.78325,0.7838,2.40,1.00
2010.06.10 16:45:00.128,0.78315,0.78385,3.30,4.10
2010.06.10 16:45:00.527,0.78315,0.7838,1.00,2.40
2010.06.10 16:45:00.701,0.7832,0.78375,3.20,1.00
2010.06.10 16:45:01.041,0.78315,0.7838,4.00,3.20
2010.06.10 16:45:01.379,0.7832,0.7838,3.20,1.00
2010.06.10 16:45:01.984,0.78325,0.7838,2.40,1.00
2010.06.10 16:45:02.325,0.78325,0.78385,1.00,3.30
2010.06.10 16:45:02.673,0.78325,0.7838,3.20,1.00
2010.06.10 16:45:03.661,0.78335,0.78385,3.20,1.00
2010.06.10 16:45:04.719,0.78335,0.78385,3.20,1.00
2010.06.10 16:45:05.062,0.78335,0.78385,3.20,1.00
2010.06.10 16:45:05.353,0.78325,0.78385,1.00,2.50
2010.06.10 16:45:05.639,0.7832,0.78385,3.30,3.30
2010.06.10 16:45:06.628,0.7832,0.7838,1.00,3.20
2010.06.10 16:45:08.250,0.7832,0.7838,1.00,3.20
2010.06.10 16:45:08.541,0.7832,0.7838,1.00,3.30
2010.06.10 16:45:18.427,0.7832,0.7838,1.00,4.90
2010.06.10 16:45:19.087,0.78315,0.78375,3.20,1.00
2010.06.10 16:45:19.970,0.78315,0.78375,3.30,1.00
2010.06.10 16:45:20.114,0.78315,0.78375,1.00,2.40
2010.06.10 16:45:20.458,0.78315,0.78375,1.00,2.40
2010.06.10 16:45:20.819,0.78315,0.7838,3.30,4.90
2010.06.10 16:45:21.160,0.78325,0.78375,2.40,1.00
2010.06.10 16:45:21.498,0.7832,0.78375,3.60,1.00
2010.06.10 16:45:22.552,0.7832,0.7838,1.00,2.50
2010.06.10 16:45:22.839,0.7832,0.7838,1.00,3.20
2010.06.10 16:45:23.137,0.7832,0.7838,1.00,3.30
2010.06.10 16:45:23.728,0.7832,0.78375,1.00,1.00
2010.06.10 16:45:24.049,0.7832,0.7838,1.00,3.30
2010.06.10 16:45:24.698,0.7832,0.78375,1.00,1.00
2010.06.10 16:45:25.018,0.7832,0.7837,1.00,1.00
2010.06.10 16:45:25.645,0.7832,0.7838,1.00,3.30
2010.06.10 16:45:25.983,0.78315,0.78375,1.00,3.30
2010.06.10 16:45:26.527,0.7831,0.78375,3.70,3.30
2010.06.10 16:45:27.148,0.7831,0.7837,3.70,1.00
2010.06.10 16:45:28.836,0.7831,0.7837,3.70,2.50
2010.06.10 16:45:29.142,0.7831,0.7837,1.00,3.30
2010.06.10 16:45:29.531,0.7831,0.78365,1.00,1.00
2010.06.10 16:45:33.836,0.78305,0.78365,2.90,1.00
2010.06.10 16:45:34.325,0.78305,0.7836,2.80,1.00
2010.06.10 16:45:37.286,0.78305,0.78365,2.80,1.00
2010.06.10 16:45:37.469,0.78305,0.78365,4.80,1.00
2010.06.10 16:45:38.199,0.7831,0.78355,1.00,4.80
2010.06.10 16:45:38.878,0.7831,0.78355,3.20,1.00
2010.06.10 16:45:40.057,0.78305,0.78355,3.20,2.50
2010.06.10 16:45:40.500,0.78305,0.78355,3.20,4.90
2010.06.10 16:45:40.670,0.7831,0.78355,1.00,4.80
2010.06.10 16:45:41.754,0.78315,0.78355,2.40,1.00
2010.06.10 16:45:42.101,0.78315,0.7836,3.20,2.50
2010.06.10 16:45:42.441,0.78315,0.78355,3.20,1.00
2010.06.10 16:45:42.836,0.78315,0.7836,3.20,2.40
2010.06.10 16:45:43.183,0.78305,0.78355,1.00,3.20
2010.06.10 16:45:43.518,0.783,0.78355,3.30,3.30
2010.06.10 16:45:43.857,0.78305,0.78355,1.00,3.20
2010.06.10 16:45:44.632,0.783,0.78355,3.30,3.30
2010.06.10 16:45:44.958,0.783,0.78355,3.30,3.20
2010.06.10 16:45:45.598,0.7831,0.78355,1.00,2.40
2010.06.10 16:45:45.917,0.7831,0.7836,3.20,4.90
2010.06.10 16:45:46.467,0.78315,0.7836,1.00,4.90
2010.06.10 16:45:46.657,0.7831,0.7836,3.20,4.90
2010.06.10 16:45:46.847,0.783,0.78355,3.30,2.40
2010.06.10 16:45:47.038,0.78305,0.78355,2.40,1.00
2010.06.10 16:45:47.432,0.78305,0.7836,3.20,4.80
2010.06.10 16:45:47.774,0.78305,0.7836,3.20,4.90
2010.06.10 16:45:48.507,0.78305,0.78355,3.20,1.00
2010.06.10 16:45:52.860,0.78305,0.7835,3.20,1.00
2010.06.10 16:45:53.727,0.78305,0.7836,3.30,4.90
2010.06.10 16:45:53.877,0.7831,0.7836,1.00,4.80
2010.06.10 16:45:54.058,0.78305,0.78355,3.20,1.00
2010.06.10 16:45:54.603,0.78305,0.78355,3.20,1.00
2010.06.10 16:45:56.050,0.78305,0.7836,3.30,4.90
2010.06.10 16:45:57.058,0.78305,0.78355,3.20,1.00
2010.06.10 16:45:58.581,0.783,0.78355,3.30,3.30
2010.06.10 16:45:58.919,0.783,0.7835,3.20,1.00
2010.06.10 16:45:59.828,0.783,0.78345,3.20,1.00
2010.06.10 16:46:01.057,0.78305,0.78345,1.00,1.00
2010.06.10 16:46:01.624,0.78305,0.7835,3.20,1.00
2010.06.10 16:46:01.910,0.783,0.7834,3.20,1.60
2010.06.10 16:46:02.198,0.78305,0.78345,3.20,1.00
2010.06.10 16:46:02.540,0.78285,0.7835,3.30,4.90
2010.06.10 16:46:03.156,0.78295,0.7834,1.00,2.40
2010.06.10 16:46:03.807,0.78295,0.7834,1.00,2.50
2010.06.10 16:46:04.220,0.78295,0.7834,1.00,2.40
2010.06.10 16:46:05.133,0.78295,0.7834,1.00,1.60
2010.06.10 16:46:05.311,0.78295,0.7834,1.00,2.40
2010.06.10 16:46:06.008,0.78295,0.7834,1.00,2.40
2010.06.10 16:46:06.287,0.78295,0.7834,1.70,2.40
2010.06.10 16:46:06.567,0.78315,0.78355,3.20,1.70
2010.06.10 16:46:06.987,0.78315,0.7835,2.40,1.00
2010.06.10 16:46:07.329,0.78295,0.7835,3.20,4.80
2010.06.10 16:46:07.821,0.78295,0.7835,3.20,4.90
2010.06.10 16:46:08.505,0.783,0.7835,1.00,4.10
2010.06.10 16:46:08.884,0.783,0.7835,1.00,2.50
2010.06.10 16:46:09.235,0.78295,0.7835,3.30,1.00
2010.06.10 16:46:09.682,0.78295,0.78345,3.20,1.00
2010.06.10 16:46:09.877,0.78295,0.7835,3.30,1.00
2010.06.10 16:46:10.067,0.78295,0.78345,3.20,1.00
2010.06.10 16:46:10.860,0.783,0.7835,1.00,1.00
2010.06.10 16:46:11.071,0.78295,0.7835,3.20,3.30
2010.06.10 16:46:11.278,0.78305,0.7835,3.20,1.00
2010.06.10 16:46:13.257,0.78305,0.7835,3.20,1.00
2010.06.10 16:46:14.102,0.78305,0.7835,3.20,1.00
2010.06.10 16:46:14.712,0.7831,0.7835,3.20,1.00
2010.06.10 16:46:15.011,0.7831,0.7835,3.20,1.00
2010.06.10 16:46:16.030,0.78325,0.78355,1.00,1.00
2010.06.10 16:46:16.248,0.7832,0.78355,2.40,1.00
2010.06.10 16:46:16.457,0.78325,0.78365,1.00,1.00
2010.06.10 16:46:17.767,0.78325,0.7836,1.00,1.00
2010.06.10 16:46:18.221,0.78325,0.7837,1.00,2.50
2010.06.10 16:46:19.060,0.7833,0.78365,3.20,1.00
2010.06.10 16:46:19.387,0.7833,0.7837,3.20,1.70
2010.06.10 16:46:19.718,0.78335,0.78375,1.00,1.00
2010.06.10 16:46:20.048,0.78335,0.78375,3.20,1.00
2010.06.10 16:46:22.908,0.78335,0.7838,3.20,1.60
2010.06.10 16:46:23.183,0.78345,0.78385,3.20,1.00
2010.06.10 16:46:23.839,0.7834,0.7838,3.20,1.60
2010.06.10 16:46:25.213,0.78335,0.7838,3.20,1.60
2010.06.10 16:46:25.534,0.7833,0.7838,3.20,4.90
2010.06.10 16:46:25.849,0.7833,0.78375,3.20,1.00
2010.06.10 16:46:26.509,0.7833,0.7838,3.20,4.80
2010.06.10 16:46:26.847,0.7833,0.78375,3.20,1.00
2010.06.10 16:46:27.527,0.7833,0.7838,3.30,4.90
2010.06.10 16:46:27.810,0.78335,0.7838,4.80,1.70
2010.06.10 16:46:28.087,0.78335,0.7838,4.80,1.60
2010.06.10 16:46:28.369,0.78335,0.7838,4.80,1.70
2010.06.10 16:46:28.877,0.78345,0.7838,1.00,1.70
2010.06.10 16:46:29.184,0.78345,0.7839,3.20,1.00
2010.06.10 16:46:29.469,0.78345,0.78395,3.20,1.00
2010.06.10 16:46:30.078,0.78345,0.78395,3.20,1.00
2010.06.10 16:46:30.401,0.7834,0.78395,3.20,2.40
2010.06.10 16:46:30.730,0.7834,0.78395,3.60,3.20
2010.06.10 16:46:31.432,0.7834,0.78395,3.20,4.90
2010.06.10 16:46:31.768,0.7834,0.78395,3.20,3.30
2010.06.10 16:46:33.178,0.7834,0.7839,3.20,1.00
2010.06.10 16:46:34.210,0.7834,0.78395,3.20,3.30
2010.06.10 16:46:34.520,0.7834,0.78395,3.20,4.90
2010.06.10 16:46:35.342,0.7834,0.7839,3.20,1.00
2010.06.10 16:46:35.883,0.7834,0.7839,2.40,1.00
2010.06.10 16:46:35.981,0.7834,0.784,1.00,3.30
2010.06.10 16:46:36.078,0.7834,0.78395,1.00,1.00
2010.06.10 16:46:36.582,0.7834,0.78395,1.00,1.00
2010.06.10 16:46:37.910,0.78335,0.78395,2.50,1.00
2010.06.10 16:46:38.167,0.78335,0.78395,2.40,2.50
2010.06.10 16:46:38.427,0.78335,0.78395,2.40,2.40
2010.06.10 16:46:38.689,0.78335,0.78395,3.20,2.50
2010.06.10 16:46:39.320,0.78335,0.7839,3.20,3.30
2010.06.10 16:46:40.281,0.78335,0.78385,3.20,1.00
2010.06.10 16:46:40.617,0.78335,0.78385,1.00,2.50
2010.06.10 16:46:40.958,0.7833,0.78385,3.20,2.40
2010.06.10 16:46:41.362,0.7833,0.78385,3.30,2.50
2010.06.10 16:46:41.707,0.7833,0.7838,3.30,1.00
2010.06.10 16:46:43.737,0.7833,0.78385,3.30,2.50
2010.06.10 16:46:44.256,0.7833,0.78385,3.30,3.30
2010.06.10 16:46:44.868,0.7833,0.78385,3.30,4.50
2010.06.10 16:46:46.677,0.7833,0.7838,3.20,1.00
2010.06.10 16:46:47.211,0.7833,0.78385,2.40,4.90
2010.06.10 16:46:47.428,0.78325,0.7838,3.30,2.40
2010.06.10 16:46:47.681,0.78325,0.7838,3.30,2.50
2010.06.10 16:46:48.083,0.78325,0.7838,3.30,3.30
2010.06.10 16:46:48.420,0.78325,0.7838,3.20,3.30
2010.06.10 16:46:48.758,0.78325,0.78375,3.20,1.00
2010.06.10 16:46:50.279,0.7833,0.7838,2.40,1.00
2010.06.10 16:46:50.490,0.7833,0.78385,3.30,2.90
2010.06.10 16:46:50.700,0.78335,0.78385,3.20,1.00
2010.06.10 16:46:51.085,0.7834,0.78385,2.40,1.00
2010.06.10 16:46:51.289,0.78325,0.78375,3.20,1.00
2010.06.10 16:46:51.627,0.78325,0.78375,3.20,4.90
2010.06.10 16:46:51.967,0.78325,0.78375,3.20,4.80
2010.06.10 16:46:52.307,0.78325,0.7837,3.20,1.00
2010.06.10 16:46:53.482,0.78325,0.78365,3.20,1.00
2010.06.10 16:46:55.291,0.7833,0.7837,1.60,1.00
2010.06.10 16:46:55.568,0.78335,0.7838,3.20,1.00
2010.06.10 16:46:55.848,0.7834,0.7838,2.40,1.00
2010.06.10 16:46:56.221,0.7834,0.7838,3.20,1.00
2010.06.10 16:46:56.499,0.78335,0.7838,3.20,1.00
2010.06.10 16:46:56.777,0.78325,0.7838,3.20,2.90
2010.06.10 16:46:57.117,0.78325,0.78375,3.20,1.00
2010.06.10 16:46:58.249,0.78325,0.7838,3.20,2.90
2010.06.10 16:46:59.117,0.78325,0.78375,3.20,1.00
2010.06.10 16:47:00.128,0.7833,0.78375,1.00,2.50
2010.06.10 16:47:00.398,0.7833,0.78375,3.20,1.00
2010.06.10 16:47:00.974,0.78335,0.78375,3.20,1.00
2010.06.10 16:47:01.630,0.78335,0.78375,3.20,1.00
2010.06.10 16:47:05.208,0.78335,0.78375,3.20,1.00
2010.06.10 16:47:05.581,0.78335,0.7839,3.20,1.00
2010.06.10 16:47:06.247,0.78335,0.7839,3.20,1.00
2010.06.10 16:47:06.592,0.78335,0.7839,3.20,1.00
2010.06.10 16:47:07.946,0.78335,0.78385,3.20,1.00
2010.06.10 16:47:08.290,0.78335,0.78395,3.20,2.50
2010.06.10 16:47:08.792,0.78335,0.7839,3.20,1.00
2010.06.10 16:47:10.346,0.78335,0.7839,1.00,1.00
2010.06.10 16:47:10.590,0.78325,0.78385,3.20,1.00
2010.06.10 16:47:10.817,0.78325,0.7839,3.30,3.30
2010.06.10 16:47:11.037,0.7833,0.7839,1.00,3.20
2010.06.10 16:47:11.353,0.7833,0.7839,1.00,3.30
2010.06.10 16:47:12.400,0.7833,0.78385,2.40,1.00
2010.06.10 16:47:12.738,0.7833,0.78385,3.20,1.00
2010.06.10 16:47:13.596,0.7833,0.7839,2.50,1.00
2010.06.10 16:47:13.841,0.78345,0.7839,3.20,1.00
2010.06.10 16:47:14.179,0.7835,0.7839,2.40,1.00
2010.06.10 16:47:14.518,0.7835,0.78385,2.40,1.00
2010.06.10 16:47:15.106,0.7835,0.7839,3.20,1.00
2010.06.10 16:47:18.437,0.7835,0.7839,2.40,1.00
2010.06.10 16:47:19.150,0.78345,0.784,3.30,3.30
2010.06.10 16:47:20.488,0.78345,0.78395,3.20,1.00
2010.06.10 16:47:21.569,0.78345,0.784,3.30,3.30
2010.06.10 16:47:22.235,0.7835,0.784,2.40,1.00
2010.06.10 16:47:22.957,0.78345,0.784,3.20,3.30
2010.06.10 16:47:23.681,0.78345,0.784,3.20,4.90
2010.06.10 16:47:24.043,0.7835,0.784,1.00,4.80
2010.06.10 16:47:24.383,0.78345,0.7839,1.00,1.60
2010.06.10 16:47:25.380,0.78345,0.784,3.30,4.90
2010.06.10 16:47:25.719,0.78345,0.7839,3.20,1.00
2010.06.10 16:47:26.719,0.78345,0.78385,3.20,1.00
2010.06.10 16:47:27.397,0.78345,0.7839,3.20,1.00
2010.06.10 16:47:27.897,0.7834,0.78385,3.20,1.00
2010.06.10 16:47:28.238,0.78345,0.78385,3.20,1.00
2010.06.10 16:47:29.111,0.78345,0.78395,3.20,1.00
2010.06.10 16:47:29.327,0.78345,0.784,3.20,3.70
2010.06.10 16:47:29.819,0.7835,0.784,1.00,4.10
2010.06.10 16:47:30.046,0.7834,0.78395,3.20,3.20
2010.06.10 16:47:30.390,0.7833,0.7839,3.20,1.00
2010.06.10 16:47:30.728,0.7833,0.78395,3.30,3.30
2010.06.10 16:47:32.057,0.7833,0.7839,1.00,3.20
2010.06.10 16:47:32.317,0.7833,0.7839,1.00,3.30
2010.06.10 16:47:34.103,0.78335,0.7839,1.00,3.20
2010.06.10 16:47:34.355,0.7833,0.7839,1.00,3.20
2010.06.10 16:47:34.929,0.7833,0.784,2.50,3.30
2010.06.10 16:47:35.280,0.78335,0.7839,1.00,3.20
2010.06.10 16:47:35.619,0.7833,0.7839,1.00,3.20
2010.06.10 16:47:35.959,0.78325,0.7839,3.30,3.30
2010.06.10 16:47:36.611,0.7833,0.7839,2.40,1.00
2010.06.10 16:47:36.949,0.7833,0.78385,1.00,1.00
2010.06.10 16:47:37.629,0.7833,0.7839,3.30,1.00
2010.06.10 16:47:37.968,0.7833,0.78385,3.20,1.00
2010.06.10 16:47:38.340,0.7833,0.7838,3.20,1.00
2010.06.10 16:47:38.709,0.7833,0.7839,3.30,1.00
2010.06.10 16:47:39.072,0.7833,0.7839,3.20,1.00
2010.06.10 16:47:39.879,0.7836,0.784,3.20,1.00
2010.06.10 16:47:41.338,0.7836,0.78395,3.20,1.00
2010.06.10 16:47:41.657,0.7836,0.784,3.20,1.00
2010.06.10 16:47:42.076,0.7836,0.78395,3.20,1.00
2010.06.10 16:47:43.069,0.7836,0.784,1.00,1.00
2010.06.10 16:47:43.927,0.7836,0.784,3.20,1.00
2010.06.10 16:47:44.728,0.7837,0.78395,3.20,1.00
2010.06.10 16:47:45.005,0.7837,0.78405,3.20,1.00
2010.06.10 16:47:45.332,0.7837,0.78405,3.20,1.00
2010.06.10 16:47:45.628,0.7837,0.7841,3.20,1.00
2010.06.10 16:47:46.490,0.78375,0.7841,1.00,1.00
2010.06.10 16:47:47.442,0.7837,0.7841,3.20,1.00
2010.06.10 16:47:49.357,0.7837,0.78415,3.20,1.00
2010.06.10 16:47:50.238,0.7837,0.78415,4.80,1.00
2010.06.10 16:47:50.579,0.7837,0.78415,4.80,1.00
2010.06.10 16:47:52.400,0.7837,0.78415,4.80,1.00
2010.06.10 16:47:53.362,0.7837,0.78405,3.20,1.00
2010.06.10 16:47:53.806,0.7837,0.78415,1.00,4.90
2010.06.10 16:47:54.120,0.7837,0.7842,3.20,1.00
2010.06.10 16:47:55.581,0.7837,0.7842,3.20,1.00
2010.06.10 16:47:55.871,0.7837,0.78425,2.40,1.00
2010.06.10 16:47:57.489,0.7837,0.78425,3.20,1.00
2010.06.10 16:47:57.788,0.78375,0.7843,2.40,1.00
2010.06.10 16:47:58.087,0.78375,0.7843,3.20,1.00
2010.06.10 16:47:58.688,0.78365,0.78415,4.90,3.20
2010.06.10 16:47:58.908,0.78365,0.78415,4.80,3.20
2010.06.10 16:47:59.998,0.78365,0.78415,3.20,3.30
2010.06.10 16:48:00.813,0.78365,0.7841,3.20,1.00
2010.06.10 16:48:01.833,0.78365,0.78405,3.20,1.00
2010.06.10 16:48:02.608,0.7836,0.78405,3.20,1.00
2010.06.10 16:48:02.878,0.78355,0.784,3.20,1.00
2010.06.10 16:48:03.310,0.78355,0.784,3.20,1.00
2010.06.10 16:48:05.191,0.7836,0.784,3.20,1.00
2010.06.10 16:48:05.979,0.7836,0.78395,3.20,1.00
2010.06.10 16:48:13.305,0.7836,0.7839,3.20,1.00
2010.06.10 16:48:13.438,0.7836,0.78395,3.20,1.00
2010.06.10 16:48:14.149,0.7836,0.784,3.20,1.00
2010.06.10 16:48:16.168,0.7836,0.78395,3.20,1.00
2010.06.10 16:48:18.645,0.7836,0.7839,3.20,1.00
2010.06.10 16:48:20.525,0.7836,0.78395,3.20,1.00
2010.06.10 16:48:20.718,0.7836,0.7839,3.20,1.00
2010.06.10 16:48:23.448,0.7836,0.7839,1.00,1.00
2010.06.10 16:48:26.143,0.7836,0.78385,1.00,1.00
2010.06.10 16:48:26.318,0.7836,0.78385,1.00,1.00
2010.06.10 16:48:27.701,0.7835,0.7839,3.20,1.00
2010.06.10 16:48:28.084,0.7835,0.78385,3.20,1.00
2010.06.10 16:48:30.623,0.7836,0.78385,1.00,1.00
2010.06.10 16:48:31.408,0.7835,0.7839,3.20,1.00
2010.06.10 16:48:32.045,0.7835,0.78395,3.20,1.00
2010.06.10 16:48:32.240,0.7836,0.7839,1.00,1.00
2010.06.10 16:48:35.190,0.7836,0.78395,1.00,1.00
2010.06.10 16:48:37.631,0.7836,0.7839,1.00,1.00
2010.06.10 16:48:42.058,0.7836,0.78395,1.00,1.00
2010.06.10 16:48:42.219,0.7836,0.78395,3.20,1.00
2010.06.10 16:48:42.732,0.7835,0.78385,2.40,1.60
2010.06.10 16:48:42.899,0.7835,0.78385,2.40,2.40
2010.06.10 16:48:43.430,0.7833,0.78375,1.00,3.20
2010.06.10 16:48:43.770,0.78325,0.78375,1.00,3.20
2010.06.10 16:48:44.852,0.78325,0.78375,1.00,3.20
2010.06.10 16:48:45.494,0.78325,0.78375,1.00,3.30
2010.06.10 16:48:45.836,0.78325,0.7837,1.00,1.00
2010.06.10 16:48:46.020,0.78325,0.78375,1.00,1.00
2010.06.10 16:48:47.098,0.78325,0.7837,1.00,1.00
2010.06.10 16:48:47.938,0.7833,0.7838,2.40,2.50
2010.06.10 16:48:48.177,0.7833,0.7838,4.80,1.00
2010.06.10 16:48:48.576,0.7833,0.78375,4.80,1.00
2010.06.10 16:48:48.909,0.7833,0.7838,4.80,1.00
2010.06.10 16:48:50.268,0.7833,0.7838,4.80,1.00
2010.06.10 16:48:50.608,0.7833,0.7838,4.80,1.00
2010.06.10 16:48:52.759,0.7833,0.7838,4.80,1.00
2010.06.10 16:48:52.938,0.7833,0.78385,4.80,2.40
2010.06.10 16:48:53.117,0.7833,0.7838,4.80,1.00
2010.06.10 16:48:54.039,0.78335,0.7839,1.00,2.90
2010.06.10 16:48:54.378,0.7834,0.7839,3.20,1.00
2010.06.10 16:48:55.058,0.7835,0.7839,3.20,1.00
2010.06.10 16:48:55.581,0.7835,0.784,3.20,1.00
2010.06.10 16:48:56.734,0.7835,0.78395,3.20,1.00
2010.06.10 16:48:56.959,0.7835,0.78395,3.20,1.00
2010.06.10 16:48:57.078,0.7835,0.78395,2.40,1.00
2010.06.10 16:48:57.189,0.78345,0.784,3.30,1.00
2010.06.10 16:48:58.207,0.78345,0.784,3.20,1.00
2010.06.10 16:48:58.791,0.78345,0.78395,3.20,1.00
2010.06.10 16:49:01.229,0.78345,0.784,3.30,1.00
2010.06.10 16:49:02.838,0.78345,0.78395,3.20,1.00
2010.06.10 16:49:04.650,0.78345,0.784,3.20,1.00
2010.06.10 16:49:04.840,0.78345,0.78395,3.20,1.00
2010.06.10 16:49:05.409,0.78345,0.784,3.20,1.00
2010.06.10 16:49:06.568,0.7835,0.784,1.00,1.00
2010.06.10 16:49:06.908,0.7835,0.784,2.40,1.00
2010.06.10 16:49:07.249,0.78345,0.784,3.30,1.00
2010.06.10 16:49:08.777,0.78345,0.78395,3.20,1.00
2010.06.10 16:49:10.168,0.78365,0.78405,2.40,2.50
2010.06.10 16:49:10.488,0.78365,0.78405,2.40,1.00
2010.06.10 16:49:10.670,0.78365,0.7841,2.40,1.70
2010.06.10 16:49:12.468,0.78365,0.78405,2.40,1.00
2010.06.10 16:49:12.788,0.7836,0.78405,4.80,1.70
2010.06.10 16:49:13.186,0.7836,0.78405,4.80,1.60
2010.06.10 16:49:13.520,0.7836,0.78405,4.80,1.60
2010.06.10 16:49:13.858,0.7836,0.78405,4.80,1.70
2010.06.10 16:49:14.552,0.7836,0.784,4.80,1.00
2010.06.10 16:49:15.140,0.7836,0.78405,4.80,2.40
2010.06.10 16:49:15.461,0.7836,0.78405,4.80,2.50
2010.06.10 16:49:15.738,0.7836,0.78405,4.80,2.40
2010.06.10 16:49:16.498,0.7836,0.78405,5.20,1.60
2010.06.10 16:49:16.778,0.78375,0.78415,4.80,1.00
2010.06.10 16:49:17.472,0.78375,0.7841,2.40,1.00
2010.06.10 16:49:17.770,0.78365,0.78405,1.00,1.60
2010.06.10 16:49:18.110,0.7836,0.78405,4.80,1.60
2010.06.10 16:49:18.789,0.78365,0.78405,1.00,1.60
2010.06.10 16:49:19.316,0.7836,0.78405,4.90,1.60
2010.06.10 16:49:20.526,0.7836,0.78405,4.80,1.70
2010.06.10 16:49:20.988,0.78365,0.78405,3.20,1.70
2010.06.10 16:49:21.117,0.78365,0.784,1.00,1.00
2010.06.10 16:49:22.918,0.7836,0.784,4.80,1.00
2010.06.10 16:49:23.264,0.7836,0.78405,4.80,1.60
2010.06.10 16:49:23.720,0.7836,0.78405,4.90,1.60
2010.06.10 16:49:24.071,0.7836,0.784,4.80,1.00
2010.06.10 16:49:28.334,0.7836,0.78405,4.80,1.70
2010.06.10 16:49:28.588,0.78375,0.7841,1.60,1.00
2010.06.10 16:49:28.848,0.78355,0.7841,1.00,1.00
2010.06.10 16:49:29.285,0.78355,0.7841,3.20,1.00
2010.06.10 16:49:29.560,0.78355,0.78395,2.40,1.00
2010.06.10 16:49:29.898,0.78335,0.78395,1.00,3.20
2010.06.10 16:49:30.505,0.78335,0.78395,1.00,2.40
2010.06.10 16:49:30.850,0.7833,0.78395,3.30,1.00
2010.06.10 16:49:31.178,0.7834,0.784,1.00,3.20
2010.06.10 16:49:31.508,0.7834,0.784,1.00,3.30
2010.06.10 16:49:32.185,0.7835,0.78395,3.20,1.00
2010.06.10 16:49:32.491,0.78345,0.784,3.20,1.00
2010.06.10 16:49:32.800,0.7835,0.784,2.40,1.00
2010.06.10 16:49:33.138,0.7835,0.78405,3.20,1.00
2010.06.10 16:49:33.511,0.7835,0.78405,3.20,2.50
2010.06.10 16:49:33.851,0.78355,0.7841,4.80,3.30
2010.06.10 16:49:34.150,0.78355,0.78405,4.00,1.00
2010.06.10 16:49:34.449,0.78355,0.7841,4.80,3.30
2010.06.10 16:49:35.368,0.7836,0.7841,1.00,2.40
2010.06.10 16:49:35.688,0.7836,0.78415,3.20,3.30
2010.06.10 16:49:36.008,0.7836,0.78415,4.80,2.50
2010.06.10 16:49:36.731,0.7836,0.7841,3.20,1.00
2010.06.10 16:49:38.089,0.7836,0.7841,3.20,1.00
2010.06.10 16:49:38.407,0.7836,0.7841,3.20,1.00
2010.06.10 16:49:38.976,0.7836,0.78405,3.20,1.00
2010.06.10 16:49:39.289,0.7836,0.7841,3.20,1.00
2010.06.10 16:49:40.268,0.78365,0.78415,2.40,2.40
2010.06.10 16:49:40.408,0.7837,0.7842,2.40,1.00
2010.06.10 16:49:40.958,0.78365,0.78415,3.20,1.00
2010.06.10 16:49:41.779,0.78365,0.78415,2.40,1.00
2010.06.10 16:49:44.432,0.7836,0.78415,4.00,3.20
2010.06.10 16:49:44.600,0.78375,0.7842,4.80,1.00
2010.06.10 16:49:44.913,0.78375,0.78415,4.80,1.00
2010.06.10 16:49:45.078,0.7838,0.7842,1.00,1.00
2010.06.10 16:49:45.429,0.78375,0.7842,4.80,1.00
2010.06.10 16:49:45.748,0.78375,0.78415,4.80,1.00
2010.06.10 16:49:46.388,0.78375,0.78415,1.60,1.00
2010.06.10 16:49:47.110,0.78375,0.7842,2.40,2.40
2010.06.10 16:49:47.449,0.7838,0.78425,2.40,4.10
2010.06.10 16:49:47.871,0.7838,0.78425,4.80,1.60
2010.06.10 16:49:49.766,0.7838,0.78425,4.80,1.60
2010.06.10 16:49:49.899,0.7838,0.78425,4.80,1.60
2010.06.10 16:49:50.348,0.78375,0.78425,4.90,2.40
2010.06.10 16:49:50.480,0.7838,0.78425,1.60,2.40
2010.06.10 16:49:50.607,0.7838,0.78425,4.80,1.60
2010.06.10 16:49:51.797,0.7838,0.78425,4.90,1.60
2010.06.10 16:50:00.092,0.7838,0.78425,4.80,1.60
2010.06.10 16:50:00.219,0.78385,0.78425,1.00,1.60
2010.06.10 16:50:00.350,0.78385,0.7842,2.40,1.60
2010.06.10 16:50:01.018,0.7838,0.7843,4.80,4.90
2010.06.10 16:50:02.030,0.7838,0.78425,4.80,1.00
2010.06.10 16:50:04.934,0.7838,0.7843,4.90,4.90
2010.06.10 16:50:06.968,0.7839,0.7843,2.40,2.50
2010.06.10 16:50:07.325,0.7839,0.7843,2.40,1.70
2010.06.10 16:50:07.579,0.78385,0.78435,2.50,4.80
2010.06.10 16:50:07.828,0.78385,0.78435,2.40,4.90
2010.06.10 16:50:09.102,0.78385,0.78435,2.40,4.80
2010.06.10 16:50:09.339,0.78385,0.7843,2.40,1.00
2010.06.10 16:50:09.977,0.7838,0.7843,1.00,1.00
2010.06.10 16:50:10.477,0.78385,0.7843,1.60,1.00
2010.06.10 16:50:11.149,0.78385,0.78435,2.40,4.90
2010.06.10 16:50:11.769,0.78385,0.7843,2.40,1.00
2010.06.10 16:50:12.038,0.78385,0.7843,2.40,1.00
2010.06.10 16:50:12.240,0.78385,0.7843,2.40,1.00
2010.06.10 16:50:13.369,0.7838,0.7843,1.00,1.00
2010.06.10 16:50:13.588,0.78385,0.7843,2.40,1.00
2010.06.10 16:50:13.808,0.78385,0.78435,2.40,4.90
2010.06.10 16:50:14.029,0.7838,0.7843,1.00,1.00
2010.06.10 16:50:14.867,0.7838,0.78435,1.00,4.90
2010.06.10 16:50:17.298,0.7839,0.78435,2.40,2.40
2010.06.10 16:50:18.039,0.78385,0.78435,2.40,4.80
2010.06.10 16:50:18.229,0.78385,0.78435,2.40,4.90
2010.06.10 16:50:19.559,0.7839,0.7843,2.40,1.00
2010.06.10 16:50:20.481,0.7839,0.7843,2.40,1.00
2010.06.10 16:50:21.328,0.7839,0.78435,2.40,4.90
2010.06.10 16:50:21.830,0.7839,0.7843,2.40,1.00
2010.06.10 16:50:22.129,0.78385,0.7843,2.40,1.00
2010.06.10 16:50:24.040,0.78385,0.78435,2.40,4.90
2010.06.10 16:50:24.298,0.7839,0.78435,2.40,2.50
2010.06.10 16:50:24.696,0.7839,0.78435,2.40,4.90
2010.06.10 16:50:24.965,0.78385,0.7843,2.40,1.00
2010.06.10 16:50:25.528,0.7839,0.78435,2.40,2.50
2010.06.10 16:50:25.929,0.7839,0.7843,2.40,1.00
2010.06.10 16:50:26.087,0.7839,0.7843,2.40,1.00
2010.06.10 16:50:27.037,0.7839,0.78435,2.40,2.50
2010.06.10 16:50:27.339,0.7839,0.7843,2.40,1.00
2010.06.10 16:50:29.498,0.7839,0.78425,2.40,1.00
2010.06.10 16:50:29.649,0.7839,0.78425,1.60,1.00
2010.06.10 16:50:29.801,0.78385,0.78425,2.40,1.00
2010.06.10 16:50:30.767,0.78385,0.78425,1.60,1.00
2010.06.10 16:50:31.448,0.78385,0.7842,1.60,1.00
2010.06.10 16:50:32.223,0.7839,0.78425,1.60,1.00
2010.06.10 16:50:32.560,0.78385,0.7842,1.60,1.00
2010.06.10 16:50:33.298,0.7839,0.7843,2.40,2.50
2010.06.10 16:50:33.899,0.7839,0.78425,2.40,1.00
2010.06.10 16:50:35.798,0.7839,0.78425,2.40,1.00
2010.06.10 16:50:37.059,0.7839,0.7842,2.40,1.00
2010.06.10 16:50:39.220,0.7839,0.78425,2.40,1.00
2010.06.10 16:50:39.604,0.7839,0.78425,2.40,1.00
2010.06.10 16:50:39.974,0.7839,0.7842,2.40,1.00
2010.06.10 16:50:40.088,0.7839,0.78425,2.40,1.00
2010.06.10 16:50:42.298,0.7839,0.7842,2.40,1.00
2010.06.10 16:50:45.223,0.7839,0.78425,2.40,1.00
2010.06.10 16:50:46.908,0.7839,0.7842,2.40,1.00
2010.06.10 16:50:51.006,0.7839,0.78425,2.40,1.00
2010.06.10 16:50:51.442,0.7839,0.78425,2.40,1.00
2010.06.10 16:50:51.658,0.7839,0.78425,2.40,1.00
2010.06.10 16:50:57.578,0.7839,0.78425,2.40,1.00
2010.06.10 16:50:57.878,0.78385,0.78425,4.80,1.00
2010.06.10 16:50:58.538,0.78385,0.78415,1.60,2.40
2010.06.10 16:50:59.219,0.78385,0.78405,1.60,1.00
2010.06.10 16:50:59.861,0.78375,0.784,1.60,2.40
2010.06.10 16:51:00.206,0.78345,0.78375,1.70,2.40
2010.06.10 16:51:00.554,0.7833,0.78365,1.00,3.20
2010.06.10 16:51:01.057,0.7833,0.7836,1.00,2.40
2010.06.10 16:51:01.370,0.78335,0.7836,1.00,2.40
2010.06.10 16:51:01.678,0.7833,0.7836,1.00,2.40
2010.06.10 16:51:01.979,0.78335,0.78365,1.70,3.20
2010.06.10 16:51:02.279,0.78335,0.7836,1.00,2.40
2010.06.10 16:51:02.578,0.78335,0.7836,1.00,2.40
2010.06.10 16:51:03.729,0.7833,0.7836,1.00,2.40
2010.06.10 16:51:04.581,0.78335,0.7836,1.00,2.40
2010.06.10 16:51:04.832,0.7832,0.7836,1.00,2.40
2010.06.10 16:51:05.152,0.78325,0.7836,1.00,3.20
2010.06.10 16:51:06.150,0.78325,0.78355,1.00,1.00
2010.06.10 16:51:06.489,0.7832,0.7835,1.60,1.00
2010.06.10 16:51:07.165,0.783,0.7835,1.00,1.00
2010.06.10 16:51:07.490,0.78305,0.7835,1.60,1.00
2010.06.10 16:51:07.800,0.7831,0.7835,1.00,1.00
2010.06.10 16:51:08.433,0.7831,0.78345,1.00,3.20
2010.06.10 16:51:09.068,0.7831,0.7834,1.00,1.00
2010.06.10 16:51:09.407,0.7831,0.7834,1.00,3.20
2010.06.10 16:51:10.926,0.7831,0.7834,1.00,1.00
2010.06.10 16:51:11.110,0.7831,0.78345,1.00,3.20
2010.06.10 16:51:11.468,0.78315,0.78345,1.00,3.20
2010.06.10 16:51:12.558,0.78315,0.7835,1.00,3.20
2010.06.10 16:51:13.158,0.78315,0.78345,1.00,3.20
2010.06.10 16:51:13.468,0.7831,0.78345,1.00,3.20
2010.06.10 16:51:15.249,0.78305,0.78345,1.60,3.20
2010.06.10 16:51:15.939,0.78305,0.78345,1.60,3.20
2010.06.10 16:51:16.818,0.78305,0.78345,1.70,3.20
2010.06.10 16:51:17.209,0.78305,0.78345,1.70,2.80
2010.06.10 16:51:17.548,0.78305,0.78345,1.00,3.60
2010.06.10 16:51:17.889,0.78295,0.7833,1.00,1.00
2010.06.10 16:51:18.228,0.78295,0.78335,1.00,3.20
2010.06.10 16:51:19.670,0.783,0.78335,1.00,3.20
2010.06.10 16:51:19.968,0.783,0.78335,1.00,3.20
2010.06.10 16:51:22.668,0.78295,0.78335,1.00,3.20
2010.06.10 16:51:22.978,0.7829,0.7833,1.00,1.00
2010.06.10 16:51:23.287,0.7829,0.7833,1.00,2.80
2010.06.10 16:51:25.133,0.7829,0.7833,1.00,2.80
2010.06.10 16:51:25.298,0.78285,0.7833,1.00,2.80
2010.06.10 16:51:26.093,0.7829,0.7833,1.00,2.80
2010.06.10 16:51:26.268,0.7829,0.7833,1.00,1.00
2010.06.10 16:51:26.447,0.78285,0.7833,1.00,1.00
2010.06.10 16:51:26.972,0.7828,0.7832,1.60,1.00
2010.06.10 16:51:27.154,0.78275,0.7832,1.00,1.00
2010.06.10 16:51:27.491,0.78295,0.78345,3.20,2.90
2010.06.10 16:51:28.176,0.78275,0.78325,1.00,1.00
2010.06.10 16:51:28.501,0.7828,0.78325,1.60,1.00
2010.06.10 16:51:29.791,0.7828,0.78325,1.70,1.00
2010.06.10 16:51:30.742,0.78285,0.78325,1.00,1.00
2010.06.10 16:51:30.984,0.78305,0.78325,1.60,1.00
2010.06.10 16:51:31.060,0.78305,0.78335,1.60,1.00
2010.06.10 16:51:32.728,0.78305,0.7834,1.60,2.80
2010.06.10 16:51:33.638,0.78305,0.78335,1.60,1.00
2010.06.10 16:51:35.188,0.7831,0.78335,1.60,1.00
2010.06.10 16:51:35.738,0.783,0.78335,1.60,1.00
2010.06.10 16:51:35.968,0.7829,0.78335,1.00,2.80
2010.06.10 16:51:36.543,0.78285,0.78325,1.70,1.00
2010.06.10 16:51:36.799,0.78285,0.78325,1.60,1.00
2010.06.10 16:51:37.292,0.78285,0.78325,1.70,1.00
2010.06.10 16:51:38.459,0.78285,0.78325,1.60,1.00
2010.06.10 16:51:39.892,0.78285,0.78325,1.60,1.00
2010.06.10 16:51:40.309,0.78285,0.78325,1.60,1.00
2010.06.10 16:51:40.688,0.78285,0.78325,4.00,1.00
2010.06.10 16:51:41.078,0.78285,0.78325,4.00,1.00
2010.06.10 16:51:41.198,0.78285,0.7833,4.00,1.00
2010.06.10 16:51:41.543,0.7829,0.7833,1.00,1.00
2010.06.10 16:51:42.694,0.7829,0.7834,1.00,3.20
2010.06.10 16:51:43.281,0.78285,0.7834,4.10,3.30
2010.06.10 16:51:43.562,0.7829,0.7834,1.00,3.20
2010.06.10 16:51:43.758,0.78295,0.7834,1.00,3.20
2010.06.10 16:51:44.688,0.7829,0.78335,1.00,3.20
2010.06.10 16:51:45.029,0.78295,0.78335,1.00,1.00
2010.06.10 16:51:45.579,0.78285,0.78335,1.00,3.20
2010.06.10 16:51:45.897,0.78295,0.7834,1.00,3.20
2010.06.10 16:51:46.628,0.7829,0.7834,1.00,3.20
2010.06.10 16:51:48.058,0.7829,0.7833,1.00,1.00
2010.06.10 16:51:48.889,0.7828,0.78335,4.10,3.20
2010.06.10 16:51:49.666,0.7828,0.78335,2.40,3.20
2010.06.10 16:51:50.312,0.7827,0.7832,1.70,3.20
2010.06.10 16:51:50.599,0.78275,0.7832,1.00,3.20
2010.06.10 16:51:51.661,0.7828,0.7832,1.00,3.20
2010.06.10 16:51:52.211,0.78275,0.7832,1.00,3.20
2010.06.10 16:51:52.409,0.7828,0.7831,1.00,3.20
2010.06.10 16:51:52.608,0.78285,0.7831,1.00,3.20
2010.06.10 16:51:53.650,0.7828,0.7831,1.00,3.20
2010.06.10 16:51:53.942,0.7827,0.7831,1.60,3.20
2010.06.10 16:51:54.221,0.7827,0.7831,1.70,3.20
2010.06.10 16:51:54.922,0.7827,0.7831,1.00,3.20
2010.06.10 16:51:55.260,0.7827,0.7831,1.60,3.20
2010.06.10 16:51:55.888,0.78275,0.7831,1.00,3.20
2010.06.10 16:51:57.258,0.78285,0.7831,1.00,3.20
2010.06.10 16:51:57.478,0.7828,0.7831,1.00,3.20
2010.06.10 16:51:57.702,0.78285,0.7831,1.00,3.20
2010.06.10 16:51:58.778,0.7829,0.7831,1.00,3.20
2010.06.10 16:52:00.051,0.7828,0.7831,1.00,3.20
2010.06.10 16:52:00.482,0.7828,0.7831,1.00,3.20
2010.06.10 16:52:00.712,0.78295,0.7834,1.00,2.40
2010.06.10 16:52:01.051,0.783,0.7834,1.00,3.20
2010.06.10 16:52:01.608,0.7829,0.78335,2.50,2.40
2010.06.10 16:52:01.939,0.7829,0.7834,4.90,3.20
2010.06.10 16:52:02.278,0.78295,0.7834,1.00,3.20
2010.06.10 16:52:02.618,0.7829,0.7834,4.90,3.20
2010.06.10 16:52:03.011,0.78295,0.7834,1.00,3.20
2010.06.10 16:52:05.251,0.783,0.7834,1.00,3.20
2010.06.10 16:52:06.889,0.78295,0.7834,1.00,3.20
2010.06.10 16:52:19.819,0.78295,0.7834,1.00,1.00
2010.06.10 16:52:20.225,0.783,0.7834,1.60,1.00
2010.06.10 16:52:20.341,0.78285,0.78335,4.90,3.20
2010.06.10 16:52:20.458,0.7829,0.7833,1.00,3.20
2010.06.10 16:52:21.109,0.7829,0.7833,1.00,2.40
2010.06.10 16:52:21.289,0.7829,0.78335,1.00,1.00
2010.06.10 16:52:21.478,0.78295,0.78335,1.00,1.00
2010.06.10 16:52:22.660,0.78295,0.78335,1.60,3.20
2010.06.10 16:52:22.808,0.7831,0.7834,1.00,2.40
2010.06.10 16:52:23.263,0.7832,0.78335,1.60,2.40
2010.06.10 16:52:23.438,0.783,0.78355,3.20,2.40
2010.06.10 16:52:23.591,0.7831,0.78355,1.00,1.00
2010.06.10 16:52:23.931,0.7831,0.7836,1.00,3.30
2010.06.10 16:52:24.609,0.7831,0.78355,1.00,1.00
2010.06.10 16:52:25.338,0.78305,0.7835,2.40,3.20
2010.06.10 16:52:26.668,0.783,0.7835,1.00,3.20
2010.06.10 16:52:26.977,0.78295,0.7835,4.90,3.20
2010.06.10 16:52:27.800,0.783,0.7835,1.00,3.20
2010.06.10 16:52:28.139,0.783,0.78345,1.00,1.00
2010.06.10 16:52:28.533,0.783,0.78345,1.00,3.20
2010.06.10 16:52:28.869,0.78295,0.78345,1.00,3.20
2010.06.10 16:52:29.548,0.783,0.78345,1.00,3.20
2010.06.10 16:52:30.124,0.78295,0.78345,1.00,3.20
2010.06.10 16:52:31.338,0.78295,0.78345,1.00,3.20
2010.06.10 16:52:31.822,0.783,0.78345,1.00,3.20
2010.06.10 16:52:32.253,0.78295,0.78345,1.00,3.20
2010.06.10 16:52:32.980,0.78295,0.78335,1.00,3.20
2010.06.10 16:52:33.320,0.7829,0.78335,1.00,3.20
2010.06.10 16:52:33.983,0.7829,0.78335,1.00,3.20
2010.06.10 16:52:34.313,0.78285,0.78335,2.90,3.20
2010.06.10 16:52:34.611,0.78285,0.78335,2.40,3.20
2010.06.10 16:52:34.909,0.78285,0.78345,4.90,3.20
2010.06.10 16:52:35.312,0.78285,0.78345,4.90,3.30
2010.06.10 16:52:35.620,0.7829,0.78345,1.00,3.30
2010.06.10 16:52:36.362,0.7829,0.78345,1.00,3.20
2010.06.10 16:52:36.667,0.7829,0.78345,1.00,3.30
2010.06.10 16:52:37.509,0.78285,0.7834,4.90,1.00
2010.06.10 16:52:37.827,0.7829,0.78345,1.00,3.20
2010.06.10 16:52:39.704,0.7829,0.78345,1.00,3.30
2010.06.10 16:52:40.103,0.78285,0.7834,4.90,1.00
2010.06.10 16:52:40.941,0.78285,0.78335,3.20,1.00
2010.06.10 16:52:41.180,0.78285,0.78335,1.00,3.20
2010.06.10 16:52:41.419,0.78285,0.78335,2.50,3.20
2010.06.10 16:52:43.378,0.78285,0.78335,2.40,3.20
2010.06.10 16:52:44.675,0.78285,0.7833,1.00,1.00
2010.06.10 16:52:44.988,0.78285,0.78335,1.00,3.20
2010.06.10 16:52:45.298,0.78285,0.7833,1.00,2.40
2010.06.10 16:52:45.448,0.78285,0.7833,1.00,3.20
2010.06.10 16:52:45.598,0.7828,0.7833,2.50,1.00
2010.06.10 16:52:46.130,0.7828,0.7834,2.50,3.20
2010.06.10 16:52:46.278,0.7828,0.7834,2.50,3.30
2010.06.10 16:52:46.854,0.78285,0.7834,1.00,3.30
2010.06.10 16:52:48.133,0.78285,0.7834,2.50,1.00
2010.06.10 16:52:48.269,0.78285,0.7834,4.90,1.00
2010.06.10 16:52:48.408,0.78285,0.78345,4.90,3.30
2010.06.10 16:52:48.718,0.78285,0.78335,2.50,3.20
2010.06.10 16:52:49.399,0.7828,0.7832,1.00,1.00
2010.06.10 16:52:50.262,0.7828,0.7832,1.00,1.00
2010.06.10 16:52:50.598,0.7828,0.7832,1.00,1.00
2010.06.10 16:52:51.840,0.7828,0.7832,1.00,1.00
2010.06.10 16:52:52.603,0.78275,0.7832,1.70,1.00
2010.06.10 16:52:52.965,0.7828,0.7832,1.00,1.00
2010.06.10 16:52:53.352,0.78285,0.7832,1.00,1.00
2010.06.10 16:52:53.637,0.78285,0.7832,1.60,1.00
2010.06.10 16:52:53.738,0.78285,0.7832,1.60,1.00
2010.06.10 16:52:54.420,0.78285,0.78335,1.60,3.20
2010.06.10 16:52:55.099,0.78285,0.78335,1.60,3.20
2010.06.10 16:52:55.809,0.78285,0.78335,1.70,3.20
2010.06.10 16:52:58.084,0.78285,0.78335,1.60,3.20
2010.06.10 16:52:58.532,0.78285,0.78335,1.60,3.20
2010.06.10 16:52:59.104,0.78285,0.7833,1.00,2.40
2010.06.10 16:52:59.425,0.78295,0.78335,1.60,3.30
2010.06.10 16:53:02.269,0.78285,0.78335,2.40,3.30
2010.06.10 16:53:02.988,0.78295,0.78335,1.60,3.30
2010.06.10 16:53:03.963,0.78295,0.78335,1.60,1.00
2010.06.10 16:53:04.304,0.78295,0.78335,1.60,1.00
2010.06.10 16:53:04.641,0.78285,0.78335,2.40,3.30
2010.06.10 16:53:04.979,0.78285,0.78335,2.50,3.20
2010.06.10 16:53:05.899,0.78285,0.78335,2.40,1.00
2010.06.10 16:53:06.237,0.7828,0.78335,2.40,1.00
2010.06.10 16:53:06.927,0.7828,0.78335,2.40,1.00
2010.06.10 16:53:07.241,0.7828,0.7833,1.00,2.40
2010.06.10 16:53:07.520,0.78275,0.7833,5.70,3.20
2010.06.10 16:53:07.800,0.7828,0.7833,1.00,3.20
2010.06.10 16:53:08.931,0.78285,0.7833,1.60,3.20
2010.06.10 16:53:09.181,0.7829,0.7833,1.00,3.20
2010.06.10 16:53:10.164,0.7829,0.7834,1.00,1.00
2010.06.10 16:53:10.500,0.7829,0.7834,1.00,3.20
2010.06.10 16:53:10.779,0.7829,0.7834,1.00,3.20
2010.06.10 16:53:11.808,0.7829,0.78345,1.00,3.30
2010.06.10 16:53:12.009,0.7829,0.78345,1.00,3.30
2010.06.10 16:53:12.608,0.7829,0.78345,1.00,3.30
2010.06.10 16:53:13.338,0.7829,0.7834,1.00,3.30
2010.06.10 16:53:13.678,0.7829,0.7834,1.00,3.20
2010.06.10 16:53:14.018,0.78285,0.7833,1.00,3.20
2010.06.10 16:53:14.939,0.78285,0.78335,1.00,3.20
2010.06.10 16:53:15.278,0.78285,0.78335,2.10,3.20
2010.06.10 16:53:15.619,0.7829,0.78335,1.00,3.20
2010.06.10 16:53:16.289,0.78285,0.78335,2.10,3.20
2010.06.10 16:53:17.950,0.78285,0.7833,1.00,3.20
2010.06.10 16:53:18.190,0.78285,0.7834,1.00,1.00
2010.06.10 16:53:18.429,0.78285,0.78345,2.10,3.30
2010.06.10 16:53:18.668,0.78285,0.78345,4.50,3.30
2010.06.10 16:53:18.908,0.7829,0.78345,1.00,3.20
2010.06.10 16:53:19.148,0.78285,0.78345,4.50,3.30
2010.06.10 16:53:19.502,0.7829,0.78345,1.00,3.30
2010.06.10 16:53:20.818,0.78285,0.78345,4.50,3.30
2010.06.10 16:53:21.118,0.78285,0.7834,1.00,1.00
2010.06.10 16:53:21.377,0.78285,0.7834,1.00,1.00
2010.06.10 16:53:21.837,0.78285,0.7834,2.00,1.00
2010.06.10 16:53:22.001,0.78285,0.7834,4.50,1.00
2010.06.10 16:53:22.592,0.78285,0.78345,4.50,3.30
2010.06.10 16:53:23.017,0.78285,0.78345,4.90,3.30
2010.06.10 16:53:23.361,0.7829,0.78335,1.00,3.20
2010.06.10 16:53:23.868,0.78285,0.78335,2.50,3.20
2010.06.10 16:53:24.059,0.78285,0.7832,1.60,1.00
2010.06.10 16:53:24.249,0.7829,0.78325,1.00,4.00
2010.06.10 16:53:24.478,0.78295,0.7834,1.60,3.20
2010.06.10 16:53:24.708,0.78285,0.7833,1.60,1.00
2010.06.10 16:53:25.227,0.78285,0.78335,2.40,2.40
2010.06.10 16:53:25.460,0.78285,0.78345,4.80,3.30
2010.06.10 16:53:25.764,0.78285,0.78345,4.90,3.20
2010.06.10 16:53:26.044,0.7829,0.78345,1.00,3.20
2010.06.10 16:53:26.179,0.7829,0.78345,1.00,3.30
2010.06.10 16:53:26.999,0.78295,0.78345,1.00,3.20
2010.06.10 16:53:30.921,0.783,0.78345,1.00,3.20
2010.06.10 16:53:31.010,0.78305,0.78345,1.00,3.20
2010.06.10 16:53:31.262,0.78295,0.78345,1.00,3.20
2010.06.10 16:53:31.878,0.78305,0.78345,1.00,3.20
2010.06.10 16:53:31.987,0.783,0.78345,1.00,3.20
2010.06.10 16:53:32.329,0.78295,0.78345,1.00,3.20
2010.06.10 16:53:32.668,0.78295,0.7834,1.00,2.40
2010.06.10 16:53:33.918,0.7829,0.78335,1.00,1.00
2010.06.10 16:53:34.249,0.7829,0.78335,1.00,3.20
2010.06.10 16:53:34.568,0.78285,0.78335,1.00,3.20
2010.06.10 16:53:37.109,0.7829,0.78335,1.00,3.20
2010.06.10 16:53:37.567,0.78285,0.78335,1.00,3.20
2010.06.10 16:53:38.527,0.7829,0.78335,1.00,3.20
2010.06.10 16:53:39.439,0.78285,0.78335,1.00,3.20
2010.06.10 16:53:40.902,0.7828,0.78335,2.90,3.20
2010.06.10 16:53:41.069,0.7828,0.7833,1.00,2.40
2010.06.10 16:53:41.157,0.7828,0.7833,1.00,3.20
2010.06.10 16:53:41.577,0.78285,0.7833,1.00,3.20
2010.06.10 16:53:41.831,0.7829,0.7833,1.00,3.20
2010.06.10 16:53:42.090,0.7828,0.78335,2.90,1.00
2010.06.10 16:53:42.351,0.78285,0.78335,2.40,1.00
2010.06.10 16:53:42.771,0.78285,0.78335,4.80,3.20
2010.06.10 16:53:43.028,0.78285,0.7833,4.90,1.00
2010.06.10 16:53:44.248,0.7829,0.78335,1.00,3.20
2010.06.10 16:53:45.540,0.7829,0.78335,1.00,2.40
2010.06.10 16:53:45.859,0.78285,0.78335,5.30,3.20
2010.06.10 16:53:46.088,0.7829,0.78335,1.00,2.40
2010.06.10 16:53:46.716,0.7829,0.7834,1.00,3.30
2010.06.10 16:53:46.950,0.78295,0.7834,1.00,3.20
2010.06.10 16:53:48.328,0.7829,0.7834,1.00,3.30
2010.06.10 16:53:48.824,0.7829,0.7834,1.00,3.20
2010.06.10 16:53:49.329,0.78295,0.7833,1.60,3.20
2010.06.10 16:53:49.648,0.78295,0.7834,1.60,3.30
2010.06.10 16:53:49.968,0.7829,0.7834,1.00,3.20
2010.06.10 16:53:50.882,0.7829,0.7834,1.00,3.20
2010.06.10 16:53:51.080,0.7829,0.7834,1.00,3.20
2010.06.10 16:53:51.267,0.7829,0.7834,1.00,3.20
2010.06.10 16:53:51.458,0.7829,0.7834,1.00,3.30
2010.06.10 16:53:51.648,0.7829,0.7834,1.00,3.20
2010.06.10 16:53:51.838,0.7829,0.7834,1.00,3.20
2010.06.10 16:53:52.028,0.7829,0.7834,1.00,2.40
2010.06.10 16:53:52.394,0.7829,0.7835,3.30,3.30
2010.06.10 16:53:52.908,0.78295,0.78345,1.00,1.00
2010.06.10 16:53:53.229,0.783,0.78345,2.40,2.40
2010.06.10 16:53:53.783,0.783,0.78355,4.40,3.30
2010.06.10 16:53:54.121,0.783,0.78355,4.40,1.00
2010.06.10 16:53:54.459,0.783,0.78355,4.50,3.30
2010.06.10 16:53:54.888,0.783,0.78355,4.50,3.20
2010.06.10 16:53:55.306,0.783,0.78355,4.40,3.30
2010.06.10 16:53:55.648,0.783,0.78355,4.50,3.30
2010.06.10 16:53:56.749,0.783,0.7835,4.40,1.00
2010.06.10 16:53:57.029,0.783,0.78355,4.50,3.30
2010.06.10 16:53:57.762,0.783,0.78355,4.40,3.30
2010.06.10 16:53:58.059,0.783,0.78355,4.50,3.30
2010.06.10 16:53:59.578,0.783,0.7835,4.50,1.00
2010.06.10 16:53:59.879,0.78295,0.78345,1.00,3.20
2010.06.10 16:54:00.178,0.78295,0.78345,1.00,3.30
2010.06.10 16:54:00.428,0.78295,0.78345,1.00,3.20
2010.06.10 16:54:00.979,0.78295,0.78345,1.00,3.30
2010.06.10 16:54:02.872,0.78295,0.78345,1.00,3.20
2010.06.10 16:54:03.635,0.78295,0.78345,1.00,3.30
2010.06.10 16:54:03.880,0.78295,0.78345,1.00,3.20
2010.06.10 16:54:05.034,0.78295,0.78345,1.00,1.00
2010.06.10 16:54:05.370,0.78295,0.7835,1.00,3.30
2010.06.10 16:54:05.709,0.78295,0.78345,1.00,1.00
2010.06.10 16:54:06.029,0.7829,0.7835,4.90,3.30
2010.06.10 16:54:06.728,0.78295,0.78355,1.00,3.30
2010.06.10 16:54:07.048,0.78295,0.7835,1.00,1.00
2010.06.10 16:54:07.298,0.78295,0.78355,1.00,3.30
2010.06.10 16:54:07.549,0.78295,0.7835,1.00,1.00
2010.06.10 16:54:08.638,0.78295,0.78355,1.00,3.30
2010.06.10 16:54:08.890,0.78295,0.7835,1.00,1.00
2010.06.10 16:54:09.609,0.78295,0.78345,1.00,1.00
2010.06.10 16:54:10.109,0.78295,0.7834,1.00,3.20
2010.06.10 16:54:11.337,0.7829,0.7834,1.00,3.20
2010.06.10 16:54:12.261,0.78295,0.7834,1.00,3.20
2010.06.10 16:54:13.129,0.7829,0.7834,1.00,3.20
2010.06.10 16:54:13.378,0.78295,0.7834,1.00,3.20
2010.06.10 16:54:13.779,0.7829,0.7834,1.00,3.20
2010.06.10 16:54:13.979,0.78295,0.7834,1.00,3.20
2010.06.10 16:54:15.850,0.78295,0.7834,1.00,1.00
2010.06.10 16:54:16.058,0.78295,0.7834,1.00,3.20
2010.06.10 16:54:17.729,0.78295,0.7834,1.00,3.20
2010.06.10 16:54:18.409,0.78295,0.7834,1.00,3.20
2010.06.10 16:54:19.739,0.7829,0.7834,1.00,3.20
2010.06.10 16:54:20.790,0.78295,0.7834,1.00,3.20
2010.06.10 16:54:21.911,0.7829,0.7834,1.00,3.20
2010.06.10 16:54:24.820,0.7829,0.7834,1.00,3.20
2010.06.10 16:54:26.451,0.7829,0.7834,1.00,1.00
2010.06.10 16:54:26.619,0.78295,0.7834,1.00,1.00
2010.06.10 16:54:26.788,0.78295,0.7835,1.00,3.20
2010.06.10 16:54:27.478,0.7829,0.7835,1.00,3.30
2010.06.10 16:54:27.818,0.78295,0.7835,1.00,3.30
2010.06.10 16:54:28.158,0.78295,0.7835,1.00,3.20
2010.06.10 16:54:28.498,0.78295,0.7835,1.00,3.30
2010.06.10 16:54:28.762,0.78295,0.7835,1.00,3.20
2010.06.10 16:54:31.598,0.783,0.7835,1.00,3.20
2010.06.10 16:54:32.235,0.78295,0.7835,1.00,3.30
2010.06.10 16:54:32.519,0.783,0.7835,1.00,3.20
2010.06.10 16:54:33.380,0.78295,0.7834,1.00,1.00
2010.06.10 16:54:33.960,0.78295,0.7835,1.00,1.00
2010.06.10 16:54:34.078,0.78295,0.7836,1.00,3.20
2010.06.10 16:54:34.188,0.78295,0.7836,1.00,3.20
2010.06.10 16:54:34.811,0.78295,0.7836,1.00,3.30
2010.06.10 16:54:35.318,0.78295,0.7836,1.00,3.20
2010.06.10 16:54:35.488,0.78295,0.7836,1.00,3.20
2010.06.10 16:54:41.353,0.783,0.7836,1.00,3.20
2010.06.10 16:54:41.428,0.783,0.7836,1.00,3.20
2010.06.10 16:54:42.014,0.783,0.7836,1.00,3.20
2010.06.10 16:54:42.859,0.783,0.7836,1.00,3.20
2010.06.10 16:54:45.249,0.783,0.7836,1.00,3.20
2010.06.10 16:54:45.484,0.783,0.7836,1.00,3.20
2010.06.10 16:54:46.841,0.78305,0.7836,1.00,3.20
2010.06.10 16:54:46.969,0.78305,0.7836,1.00,3.20
2010.06.10 16:54:47.581,0.783,0.7836,1.00,3.20
2010.06.10 16:54:48.771,0.78305,0.7836,1.00,3.20
2010.06.10 16:54:54.735,0.7831,0.7836,1.00,3.20
2010.06.10 16:54:54.899,0.78305,0.7836,1.00,3.20
2010.06.10 16:54:55.528,0.7831,0.7836,1.00,3.20
2010.06.10 16:54:55.741,0.783,0.7836,1.00,3.30
2010.06.10 16:54:55.959,0.78305,0.7836,1.00,3.20
2010.06.10 16:54:56.320,0.78305,0.78355,1.00,2.40
2010.06.10 16:54:56.661,0.783,0.7836,1.00,3.20
2010.06.10 16:54:56.989,0.783,0.7836,1.00,3.20
2010.06.10 16:54:57.319,0.78305,0.7836,1.00,3.20
2010.06.10 16:54:57.991,0.7831,0.7837,2.80,1.00
2010.06.10 16:54:58.521,0.7831,0.7837,2.90,1.00
2010.06.10 16:54:59.515,0.78315,0.7837,1.00,1.00
2010.06.10 16:55:01.273,0.7831,0.7837,2.90,1.00
2010.06.10 16:55:02.787,0.78315,0.7837,1.00,1.00
2010.06.10 16:55:03.198,0.78315,0.7837,1.00,1.00
2010.06.10 16:55:06.508,0.78315,0.78375,1.00,2.40
2010.06.10 16:55:06.708,0.78315,0.7838,1.00,3.20
2010.06.10 16:55:07.238,0.7832,0.7838,2.40,1.00
2010.06.10 16:55:07.498,0.7832,0.7838,4.80,1.00
2010.06.10 16:55:08.020,0.7832,0.7838,4.80,1.00
2010.06.10 16:55:08.854,0.7832,0.7838,3.20,1.00
2010.06.10 16:55:09.042,0.78325,0.78385,3.20,3.20
2010.06.10 16:55:09.229,0.78325,0.7838,3.20,1.00
2010.06.10 16:55:09.419,0.78325,0.78375,1.00,2.40
2010.06.10 16:55:09.769,0.78325,0.7837,1.00,1.00
2010.06.10 16:55:10.449,0.78325,0.7837,1.00,1.00
2010.06.10 16:55:10.647,0.78325,0.7837,1.00,1.00
2010.06.10 16:55:11.504,0.78325,0.7837,1.00,1.00
2010.06.10 16:55:12.052,0.78325,0.7837,1.00,1.00
2010.06.10 16:55:12.226,0.7832,0.7837,4.80,1.00
2010.06.10 16:55:12.881,0.7832,0.7837,4.80,1.00
2010.06.10 16:55:13.054,0.7832,0.7837,4.80,1.00
2010.06.10 16:55:13.387,0.7832,0.7837,4.90,1.00
2010.06.10 16:55:14.905,0.7832,0.7837,4.90,1.00
2010.06.10 16:55:15.149,0.7832,0.7837,4.90,1.00
2010.06.10 16:55:15.388,0.78325,0.7837,1.00,1.00
2010.06.10 16:55:17.036,0.7832,0.7837,4.80,1.00
2010.06.10 16:55:17.811,0.78325,0.7837,1.00,1.00
2010.06.10 16:55:17.898,0.78325,0.7837,1.00,1.00
2010.06.10 16:55:18.102,0.78325,0.7837,1.00,1.00
2010.06.10 16:55:18.699,0.78325,0.78375,2.80,1.00
2010.06.10 16:55:19.872,0.78325,0.78375,2.80,1.00
2010.06.10 16:55:23.160,0.78325,0.7837,1.00,1.00
2010.06.10 16:55:24.023,0.78325,0.7837,1.00,1.00
2010.06.10 16:55:24.348,0.7833,0.78375,1.60,3.20
2010.06.10 16:55:25.065,0.7833,0.7838,4.80,2.40
2010.06.10 16:55:25.310,0.78355,0.78385,3.60,1.00
2010.06.10 16:55:25.559,0.78355,0.7839,2.40,1.00
2010.06.10 16:55:25.809,0.7834,0.7839,3.20,3.30
2010.06.10 16:55:26.172,0.7834,0.7839,2.40,3.30
2010.06.10 16:55:26.419,0.78335,0.7838,3.20,1.00
2010.06.10 16:55:26.759,0.78345,0.7839,1.00,3.30
2010.06.10 16:55:27.833,0.78345,0.78385,1.00,1.00
2010.06.10 16:55:29.383,0.78345,0.7839,1.00,3.20
2010.06.10 16:55:29.508,0.78345,0.78395,4.80,4.90
2010.06.10 16:55:29.638,0.78345,0.7839,4.80,1.00
2010.06.10 16:55:29.768,0.78345,0.78395,4.80,4.90
2010.06.10 16:55:30.236,0.78345,0.78395,4.80,4.80
2010.06.10 16:55:30.570,0.78345,0.78385,4.80,1.00
2010.06.10 16:55:31.304,0.78345,0.7839,4.80,1.00
2010.06.10 16:55:32.196,0.78345,0.78385,4.80,1.00
2010.06.10 16:55:33.204,0.78345,0.7839,4.80,1.00
2010.06.10 16:55:33.532,0.78345,0.78385,4.80,1.00
2010.06.10 16:55:34.260,0.78345,0.7839,1.60,1.00
2010.06.10 16:55:34.540,0.7834,0.7839,2.40,1.00
2010.06.10 16:55:35.192,0.7834,0.78385,2.40,1.00
2010.06.10 16:55:35.448,0.7834,0.7839,2.40,1.00
2010.06.10 16:55:35.658,0.7834,0.78385,2.40,1.00
2010.06.10 16:55:36.229,0.7834,0.7839,2.40,1.00
2010.06.10 16:55:36.650,0.7834,0.78385,2.40,1.00
2010.06.10 16:55:36.842,0.7834,0.7839,2.40,1.00
2010.06.10 16:55:37.018,0.7834,0.78385,2.40,1.00
2010.06.10 16:55:37.295,0.7834,0.7839,2.40,1.00
2010.06.10 16:55:37.969,0.7834,0.78385,1.00,1.00
2010.06.10 16:55:38.219,0.7834,0.7839,1.00,3.30
2010.06.10 16:55:38.490,0.7834,0.78385,1.00,1.00
2010.06.10 16:55:39.148,0.7834,0.7839,1.00,3.30
2010.06.10 16:55:39.505,0.7834,0.7839,1.00,3.20
2010.06.10 16:55:41.799,0.7834,0.7839,1.00,3.30
2010.06.10 16:55:51.821,0.7834,0.7839,1.00,3.20
2010.06.10 16:55:52.341,0.7834,0.78385,2.40,1.00
2010.06.10 16:55:52.481,0.7834,0.78385,1.00,1.00
2010.06.10 16:55:52.954,0.7834,0.7839,1.00,3.30
2010.06.10 16:55:53.324,0.78325,0.78375,3.30,1.00
2010.06.10 16:55:54.619,0.78325,0.78375,3.20,1.00
2010.06.10 16:55:55.195,0.78325,0.78375,3.30,1.00
2010.06.10 16:55:55.382,0.7833,0.78375,1.00,1.00
2010.06.10 16:55:55.751,0.78325,0.78375,3.20,1.00
2010.06.10 16:55:55.951,0.7833,0.78375,1.00,1.00
2010.06.10 16:55:57.554,0.78325,0.7837,3.20,1.00
2010.06.10 16:55:57.768,0.78325,0.78375,3.20,1.00
2010.06.10 16:55:57.995,0.78325,0.7837,3.20,1.00
2010.06.10 16:55:58.412,0.78325,0.78375,3.20,1.00
2010.06.10 16:55:58.584,0.78325,0.7837,3.20,1.00
2010.06.10 16:55:59.845,0.78325,0.78375,3.20,1.00
2010.06.10 16:56:00.649,0.78325,0.78365,3.20,1.00
2010.06.10 16:56:00.783,0.78325,0.7837,3.20,1.00
2010.06.10 16:56:01.205,0.78325,0.7837,3.20,1.00
2010.06.10 16:56:01.358,0.78325,0.7837,3.20,1.00
2010.06.10 16:56:02.456,0.78325,0.78375,3.20,1.00
2010.06.10 16:56:06.437,0.78325,0.78375,3.20,1.00
2010.06.10 16:56:06.603,0.78325,0.78375,3.30,1.00
2010.06.10 16:56:06.959,0.78325,0.78375,3.20,1.00
2010.06.10 16:56:07.307,0.7833,0.78375,2.40,1.00
2010.06.10 16:56:07.584,0.7833,0.7837,4.80,1.00
2010.06.10 16:56:07.850,0.7833,0.78375,4.80,1.00
2010.06.10 16:56:09.252,0.7833,0.78375,4.00,1.00
2010.06.10 16:56:09.461,0.78325,0.78375,3.20,1.00
2010.06.10 16:56:09.660,0.78325,0.7837,3.20,1.00
2010.06.10 16:56:09.860,0.78325,0.78375,3.20,1.00
2010.06.10 16:56:11.059,0.78325,0.7837,3.20,1.00
2010.06.10 16:56:11.378,0.78325,0.78375,3.20,1.00
2010.06.10 16:56:13.739,0.78325,0.78375,3.30,1.00
2010.06.10 16:56:13.970,0.78325,0.78375,3.20,1.00
2010.06.10 16:56:14.089,0.7833,0.7838,3.20,1.00
2010.06.10 16:56:14.199,0.7833,0.78385,3.20,1.00
2010.06.10 16:56:14.881,0.7834,0.78385,1.00,1.00
2010.06.10 16:56:15.658,0.7834,0.7839,1.00,3.30
2010.06.10 16:56:16.799,0.7834,0.7839,4.90,3.20
2010.06.10 16:56:17.259,0.78345,0.7839,1.00,3.20
2010.06.10 16:56:17.899,0.7834,0.7839,1.00,3.20
2010.06.10 16:56:18.580,0.78345,0.7839,1.00,3.20
2010.06.10 16:56:19.489,0.7835,0.7839,1.00,3.20
2010.06.10 16:56:19.869,0.7835,0.78385,1.00,2.40
2010.06.10 16:56:20.157,0.7835,0.78385,1.00,3.20
2010.06.10 16:56:20.789,0.7834,0.78385,1.00,3.20
2010.06.10 16:56:22.611,0.78335,0.78385,2.50,3.20
2010.06.10 16:56:25.757,0.7834,0.78385,1.00,3.20
2010.06.10 16:56:26.451,0.78345,0.78385,1.00,3.20
2010.06.10 16:56:27.103,0.7834,0.78385,1.00,3.20
2010.06.10 16:56:27.439,0.78335,0.78385,2.50,3.20
2010.06.10 16:56:28.122,0.7834,0.78385,1.00,3.20
2010.06.10 16:56:31.129,0.7834,0.78385,1.00,3.20
2010.06.10 16:56:32.059,0.78345,0.78385,1.00,3.20
2010.06.10 16:56:33.611,0.7834,0.78385,1.00,3.20
2010.06.10 16:56:33.989,0.78345,0.78385,1.00,3.20
2010.06.10 16:56:35.549,0.78345,0.78385,1.00,4.00
2010.06.10 16:56:36.082,0.7835,0.7838,1.00,2.40
2010.06.10 16:56:36.393,0.7835,0.78385,1.00,3.20
2010.06.10 16:56:36.699,0.7835,0.78385,1.00,2.40
2010.06.10 16:56:36.999,0.7835,0.7839,1.00,3.20
2010.06.10 16:56:37.691,0.7834,0.7839,1.00,3.20
2010.06.10 16:56:38.219,0.78345,0.7839,1.00,3.20
2010.06.10 16:56:40.843,0.7834,0.7839,1.00,3.20
2010.06.10 16:56:43.001,0.7835,0.7839,1.00,3.20
2010.06.10 16:56:43.219,0.78345,0.7839,1.00,3.20
2010.06.10 16:56:44.146,0.7835,0.7839,1.00,3.20
2010.06.10 16:56:46.071,0.7834,0.7839,1.00,3.20
2010.06.10 16:56:46.695,0.7835,0.7839,1.00,3.20
2010.06.10 16:56:47.614,0.78345,0.7839,1.00,3.20
2010.06.10 16:56:49.033,0.78345,0.7839,1.00,3.20
2010.06.10 16:56:49.279,0.7835,0.7839,1.00,3.20
2010.06.10 16:56:50.020,0.7834,0.7841,3.70,3.30
2010.06.10 16:56:50.362,0.78345,0.7841,1.00,3.20
2010.06.10 16:56:50.700,0.7836,0.7841,3.20,1.00
2010.06.10 16:56:51.314,0.7836,0.7841,3.20,1.00
2010.06.10 16:56:52.903,0.7836,0.7841,3.30,1.00
2010.06.10 16:57:02.673,0.7836,0.7841,3.20,1.00
2010.06.10 16:57:02.878,0.7836,0.7841,3.30,1.00
2010.06.10 16:57:03.802,0.7836,0.7841,3.30,1.00
2010.06.10 16:57:04.060,0.7836,0.7841,3.20,1.00
2010.06.10 16:57:04.733,0.7836,0.7841,3.20,1.00
2010.06.10 16:57:05.479,0.7835,0.78405,3.20,1.00
2010.06.10 16:57:05.819,0.78345,0.78405,1.00,1.00
2010.06.10 16:57:06.159,0.7834,0.78385,2.40,1.00
2010.06.10 16:57:06.500,0.7834,0.78395,2.50,1.00
2010.06.10 16:57:07.259,0.78335,0.78395,1.00,1.00
2010.06.10 16:57:07.588,0.7834,0.78395,1.00,1.00
2010.06.10 16:57:08.911,0.7834,0.78395,3.30,1.00
2010.06.10 16:57:09.678,0.78345,0.784,1.00,1.00
2010.06.10 16:57:10.158,0.7834,0.784,3.30,1.00
2010.06.10 16:57:10.779,0.7834,0.784,1.00,1.00
2010.06.10 16:57:11.038,0.7834,0.78395,1.00,1.00
2010.06.10 16:57:12.410,0.78335,0.78395,1.00,1.00
2010.06.10 16:57:12.699,0.7834,0.78395,3.20,1.00
2010.06.10 16:57:13.298,0.7834,0.78395,3.30,1.00
2010.06.10 16:57:13.519,0.78345,0.784,3.20,1.00
2010.06.10 16:57:13.909,0.78345,0.784,3.30,1.00
2010.06.10 16:57:14.020,0.7836,0.7841,1.00,1.00
2010.06.10 16:57:14.319,0.7835,0.7841,3.30,3.60
2010.06.10 16:57:14.619,0.7836,0.7841,3.20,1.00
2010.06.10 16:57:15.175,0.7836,0.7841,2.40,1.30
2010.06.10 16:57:15.509,0.7836,0.7841,3.20,1.00
2010.06.10 16:57:15.848,0.7836,0.7841,3.20,1.00
2010.06.10 16:57:16.190,0.78355,0.78405,4.90,2.40
2010.06.10 16:57:17.340,0.78355,0.78405,4.80,2.50
2010.06.10 16:57:17.759,0.78355,0.784,2.40,1.00
2010.06.10 16:57:17.958,0.7835,0.784,1.00,3.20
2010.06.10 16:57:19.078,0.7835,0.784,1.00,3.20
2010.06.10 16:57:19.558,0.7834,0.784,3.30,3.30
2010.06.10 16:57:20.091,0.7835,0.784,1.00,3.20
2010.06.10 16:57:20.535,0.78345,0.784,1.00,3.20
2010.06.10 16:57:20.699,0.7835,0.784,1.00,3.20
2010.06.10 16:57:22.438,0.78345,0.784,1.00,3.20
2010.06.10 16:57:23.502,0.7834,0.784,3.30,3.30
2010.06.10 16:57:23.688,0.7834,0.784,2.50,3.30
2010.06.10 16:57:23.918,0.7834,0.78395,1.00,1.00
2010.06.10 16:57:24.559,0.78345,0.784,1.00,3.60
2010.06.10 16:57:24.788,0.78345,0.784,1.00,3.20
2010.06.10 16:57:25.128,0.78345,0.784,1.00,3.20
2010.06.10 16:57:26.459,0.7834,0.78405,3.30,1.00
2010.06.10 16:57:27.098,0.78345,0.78405,1.00,1.00
2010.06.10 16:57:30.154,0.7834,0.784,3.30,3.20
2010.06.10 16:57:30.489,0.78345,0.784,1.00,3.20
2010.06.10 16:57:30.829,0.7834,0.784,3.20,3.20
2010.06.10 16:57:32.028,0.7834,0.784,3.30,3.30
2010.06.10 16:57:35.114,0.78345,0.784,1.00,3.30
2010.06.10 16:57:35.310,0.7834,0.78395,3.30,1.00
2010.06.10 16:57:36.838,0.7834,0.784,3.30,3.30
2010.06.10 16:57:37.433,0.7834,0.78395,3.30,1.00
2010.06.10 16:57:37.887,0.78345,0.784,1.00,3.20
2010.06.10 16:57:39.142,0.78345,0.784,1.00,3.30
2010.06.10 16:57:39.478,0.7834,0.78395,3.30,1.00
2010.06.10 16:57:42.330,0.7834,0.784,3.30,3.30
2010.06.10 16:57:42.418,0.7834,0.78395,3.30,2.40
2010.06.10 16:57:42.509,0.78345,0.78395,1.00,2.40
2010.06.10 16:57:42.948,0.78345,0.784,1.00,3.20
2010.06.10 16:57:43.038,0.78345,0.784,1.00,3.20
2010.06.10 16:57:43.241,0.7835,0.784,1.00,3.20
2010.06.10 16:57:43.471,0.78345,0.784,1.00,3.30
2010.06.10 16:57:43.918,0.7834,0.784,3.20,3.20
2010.06.10 16:57:44.274,0.7834,0.78395,3.30,1.00
2010.06.10 16:57:44.561,0.7834,0.7839,3.20,1.00
2010.06.10 16:57:45.240,0.7834,0.78395,3.20,1.00
2010.06.10 16:57:48.801,0.7834,0.7839,3.20,1.00
2010.06.10 16:57:49.021,0.7834,0.78395,3.20,1.00
2010.06.10 16:57:49.772,0.7834,0.784,3.30,3.70
2010.06.10 16:57:50.812,0.7834,0.78395,3.30,1.00
2010.06.10 16:57:51.663,0.7834,0.784,3.30,3.70
2010.06.10 16:57:52.214,0.7834,0.78395,3.30,1.00
2010.06.10 16:57:52.702,0.7834,0.784,3.30,3.70
2010.06.10 16:57:53.010,0.78345,0.784,1.00,3.70
2010.06.10 16:57:53.274,0.7834,0.784,3.30,3.70
2010.06.10 16:57:53.896,0.7834,0.78395,3.30,1.00
2010.06.10 16:57:55.152,0.78345,0.784,1.00,3.70
2010.06.10 16:57:55.191,0.7834,0.78395,3.20,1.00
2010.06.10 16:57:55.283,0.7834,0.78395,3.30,1.00
2010.06.10 16:57:55.579,0.7834,0.784,3.30,3.70
2010.06.10 16:57:56.979,0.7834,0.78395,3.30,1.00
2010.06.10 16:57:58.268,0.7834,0.784,3.30,3.70
2010.06.10 16:58:00.689,0.7834,0.78395,3.30,1.00
2010.06.10 16:58:02.321,0.7834,0.784,3.30,3.70
2010.06.10 16:58:02.670,0.7834,0.78395,3.30,1.00
2010.06.10 16:58:03.967,0.7834,0.784,3.30,3.70
2010.06.10 16:58:04.080,0.7834,0.784,4.90,3.70
2010.06.10 16:58:04.308,0.78345,0.784,2.40,3.70
2010.06.10 16:58:04.418,0.78345,0.784,3.20,2.90
2010.06.10 16:58:05.508,0.78345,0.78395,3.20,1.00
2010.06.10 16:58:06.603,0.78345,0.784,3.20,2.90
2010.06.10 16:58:06.800,0.78345,0.784,3.20,2.80
2010.06.10 16:58:07.000,0.78345,0.78395,3.20,1.00
2010.06.10 16:58:08.990,0.78345,0.78395,3.20,1.00
2010.06.10 16:58:09.461,0.78345,0.784,3.30,2.90
2010.06.10 16:58:09.639,0.78345,0.784,2.40,2.90
2010.06.10 16:58:09.818,0.7834,0.784,3.30,2.90
2010.06.10 16:58:09.998,0.7834,0.784,3.30,3.70
2010.06.10 16:58:11.645,0.7834,0.784,3.30,3.30
2010.06.10 16:58:11.848,0.7834,0.78395,3.30,1.00
2010.06.10 16:58:13.858,0.7834,0.784,3.30,3.30
2010.06.10 16:58:14.068,0.7834,0.78395,3.30,1.00
2010.06.10 16:58:14.761,0.7834,0.784,3.30,3.30
2010.06.10 16:58:15.718,0.7834,0.78395,3.30,1.00
2010.06.10 16:58:15.759,0.7834,0.784,3.30,3.30
2010.06.10 16:58:16.161,0.7834,0.78395,3.30,1.00
2010.06.10 16:58:19.329,0.7834,0.784,3.30,3.30
2010.06.10 16:58:20.702,0.78345,0.784,1.00,3.30
2010.06.10 16:58:21.321,0.7834,0.78395,3.20,1.00
2010.06.10 16:58:21.491,0.7834,0.78395,3.20,2.50
2010.06.10 16:58:22.028,0.7834,0.78395,2.40,3.20
2010.06.10 16:58:22.359,0.7834,0.7839,3.20,1.00
2010.06.10 16:58:23.783,0.7834,0.78395,3.30,1.00
2010.06.10 16:58:24.611,0.78345,0.784,1.00,3.30
2010.06.10 16:58:24.813,0.7834,0.784,3.20,2.50
2010.06.10 16:58:25.369,0.7834,0.78405,3.30,1.00
2010.06.10 16:58:26.012,0.78345,0.78405,1.00,1.00
2010.06.10 16:58:27.910,0.78345,0.78405,1.00,1.00
2010.06.10 16:58:28.564,0.78345,0.7841,1.00,3.30
2010.06.10 16:58:28.850,0.78345,0.78405,1.00,1.00
2010.06.10 16:58:29.169,0.78345,0.7841,1.00,3.30
2010.06.10 16:58:30.299,0.78345,0.78405,1.00,1.00
2010.06.10 16:58:30.541,0.78345,0.7841,1.00,3.30
2010.06.10 16:58:30.718,0.78345,0.78405,1.00,1.00
2010.06.10 16:58:30.889,0.7834,0.784,3.20,1.00
2010.06.10 16:58:32.069,0.78345,0.784,1.00,3.20
2010.06.10 16:58:32.298,0.7834,0.784,3.20,3.30
2010.06.10 16:58:33.098,0.7834,0.78395,3.20,1.00
2010.06.10 16:58:33.440,0.7834,0.784,3.20,3.30
2010.06.10 16:58:33.778,0.7834,0.78395,3.20,1.00
2010.06.10 16:58:42.990,0.7834,0.7839,3.20,1.00
2010.06.10 16:58:43.329,0.7834,0.78395,3.20,1.00
2010.06.10 16:58:43.669,0.7834,0.784,3.30,3.30
2010.06.10 16:58:44.711,0.7834,0.78405,3.30,1.00
2010.06.10 16:58:46.016,0.78345,0.78405,1.00,1.00
2010.06.10 16:58:46.761,0.7834,0.784,3.30,1.00
2010.06.10 16:58:50.117,0.7834,0.784,3.20,1.00
2010.06.10 16:58:54.148,0.7834,0.78405,3.30,1.00
2010.06.10 16:58:54.308,0.7835,0.78405,1.00,1.00
2010.06.10 16:58:54.469,0.7835,0.784,3.20,1.00
2010.06.10 16:58:54.628,0.7836,0.784,1.00,1.00
2010.06.10 16:58:54.788,0.7836,0.784,3.20,1.00
2010.06.10 16:58:54.948,0.7836,0.784,3.20,1.00
2010.06.10 16:58:55.832,0.7836,0.784,3.20,1.00
2010.06.10 16:58:56.570,0.7836,0.78405,3.20,1.00
2010.06.10 16:58:57.162,0.7836,0.7841,3.20,1.00
2010.06.10 16:59:04.302,0.7836,0.78405,3.20,1.00
2010.06.10 16:59:05.677,0.78365,0.7841,2.40,1.00
2010.06.10 16:59:05.959,0.78365,0.7841,4.80,1.00
2010.06.10 16:59:10.243,0.7837,0.78415,1.00,4.80
2010.06.10 16:59:10.348,0.78365,0.78415,4.90,4.90
2010.06.10 16:59:10.451,0.78365,0.7841,3.30,1.60
2010.06.10 16:59:10.562,0.78375,0.7841,1.00,1.60
2010.06.10 16:59:11.104,0.78365,0.7841,3.30,1.60
2010.06.10 16:59:11.200,0.7836,0.78405,3.20,1.00
2010.06.10 16:59:12.559,0.78365,0.78405,1.00,1.00
2010.06.10 16:59:20.848,0.78365,0.7841,1.00,3.20
2010.06.10 16:59:22.188,0.78365,0.7841,1.00,1.00
2010.06.10 16:59:22.489,0.7836,0.7841,3.30,1.00
2010.06.10 16:59:22.788,0.78365,0.7841,1.00,1.00
2010.06.10 16:59:23.399,0.78365,0.7841,1.00,3.20
2010.06.10 16:59:23.741,0.78365,0.7841,1.00,1.00
2010.06.10 16:59:25.514,0.78365,0.7841,1.00,2.80
2010.06.10 16:59:25.671,0.7836,0.7841,3.30,1.00
2010.06.10 16:59:26.113,0.7836,0.7841,3.20,1.00
2010.06.10 16:59:26.448,0.7836,0.7841,3.20,1.00
2010.06.10 16:59:26.815,0.78365,0.7841,1.00,1.00
2010.06.10 16:59:27.068,0.78365,0.7841,1.00,1.00
2010.06.10 16:59:32.830,0.7836,0.7841,3.30,1.00
2010.06.10 16:59:33.376,0.78365,0.7841,1.00,1.00
2010.06.10 16:59:33.751,0.7836,0.7841,3.30,1.00
2010.06.10 16:59:34.096,0.78365,0.7841,1.00,1.00
2010.06.10 16:59:34.438,0.7836,0.7841,3.30,1.00
2010.06.10 16:59:34.758,0.78365,0.7841,1.00,1.00
2010.06.10 16:59:35.418,0.7836,0.7841,3.30,1.00
2010.06.10 16:59:35.828,0.78365,0.7841,1.00,1.00
2010.06.10 16:59:35.918,0.7836,0.7841,3.30,1.00
2010.06.10 16:59:36.033,0.78365,0.7841,1.00,1.00
2010.06.10 16:59:36.373,0.7836,0.7841,3.30,1.00
2010.06.10 16:59:36.601,0.78365,0.7841,1.00,1.00
2010.06.10 16:59:37.824,0.7836,0.7841,3.30,1.00
2010.06.10 16:59:38.053,0.78365,0.7841,1.00,1.00
2010.06.10 16:59:38.725,0.78365,0.78415,2.40,4.80
2010.06.10 16:59:39.060,0.78365,0.78415,4.90,4.80
2010.06.10 16:59:39.437,0.78365,0.78415,4.80,4.80
2010.06.10 16:59:39.770,0.78365,0.78415,4.90,4.90
2010.06.10 16:59:41.539,0.78365,0.7841,1.00,1.00
2010.06.10 16:59:41.759,0.78365,0.7841,3.20,1.00
2010.06.10 16:59:41.979,0.78365,0.78415,1.00,4.80
2010.06.10 16:59:42.298,0.78365,0.7841,1.00,1.00
2010.06.10 16:59:42.802,0.7836,0.7841,3.20,1.00
2010.06.10 16:59:47.079,0.78365,0.7841,1.60,1.00
2010.06.10 16:59:47.178,0.78365,0.78415,2.40,4.80
2010.06.10 16:59:47.559,0.78365,0.78415,4.80,4.80
2010.06.10 16:59:47.890,0.7836,0.7841,3.20,1.00
2010.06.10 16:59:48.899,0.78365,0.7841,1.00,1.00
2010.06.10 16:59:49.238,0.78365,0.78415,4.80,4.80
2010.06.10 16:59:50.082,0.78365,0.78415,4.90,4.90
2010.06.10 16:59:51.073,0.78365,0.78415,4.90,4.80
2010.06.10 16:59:51.789,0.78365,0.78415,1.00,4.80
2010.06.10 16:59:52.018,0.7836,0.7841,3.30,1.00
2010.06.10 16:59:52.249,0.7836,0.7841,3.30,1.00
2010.06.10 16:59:52.479,0.7836,0.7841,3.30,1.00
2010.06.10 16:59:52.708,0.78365,0.7841,1.00,1.00
2010.06.10 16:59:53.729,0.7837,0.7841,1.00,1.00
2010.06.10 16:59:54.401,0.78365,0.78415,4.90,4.80
2010.06.10 16:59:56.418,0.78365,0.78415,4.80,4.80
2010.06.10 16:59:57.972,0.78365,0.7841,4.80,1.00
2010.06.10 16:59:58.290,0.78365,0.78415,4.80,4.80
2010.06.10 16:59:58.478,0.78365,0.78415,4.80,4.90
2010.06.10 16:59:59.255,0.78365,0.78415,4.80,4.80
2010.06.10 16:59:59.599,0.78365,0.7841,4.80,1.00
2010.06.10 16:59:59.940,0.78365,0.78415,4.80,4.90
