2015.03.25 19:00:00.226,0.73043,0.73059,1.00,1.00
2015.03.25 19:00:00.276,0.73043,0.73055,1.00,1.00
2015.03.25 19:00:00.577,0.73043,0.73053,1.00,1.00
2015.03.25 19:00:00.631,0.73041,0.73053,1.00,1.00
2015.03.25 19:00:01.645,0.73039,0.73053,1.00,1.00
2015.03.25 19:00:01.745,0.73037,0.73052,1.00,1.00
2015.03.25 19:00:01.846,0.73037,0.73048,1.00,1.00
2015.03.25 19:00:01.997,0.73035,0.73049,1.00,1.00
2015.03.25 19:00:05.003,0.73035,0.73047,1.00,1.00
2015.03.25 19:00:05.154,0.73035,0.73058,1.00,1.00
2015.03.25 19:00:05.967,0.73035,0.7306,1.00,1.37
2015.03.25 19:00:11.068,0.73035,0.73058,1.00,1.00
2015.03.25 19:00:11.219,0.73032,0.73058,1.00,1.37
2015.03.25 19:00:20.722,0.73032,0.73056,1.00,1.00
2015.03.25 19:00:23.634,0.73031,0.73056,1.00,1.37
2015.03.25 19:00:24.710,0.73028,0.73055,1.00,1.37
2015.03.25 19:00:25.315,0.73028,0.73055,1.00,1.37
2015.03.25 19:00:26.303,0.73028,0.73043,1.00,1.00
2015.03.25 19:00:28.312,0.73028,0.73041,1.00,1.00
2015.03.25 19:00:28.832,0.73028,0.7304,1.00,1.00
2015.03.25 19:00:29.342,0.73028,0.73039,1.00,1.00
2015.03.25 19:00:29.474,0.73026,0.73039,1.00,1.00
2015.03.25 19:00:29.526,0.73026,0.73037,1.00,1.00
2015.03.25 19:00:29.668,0.73023,0.73037,1.00,1.00
2015.03.25 19:00:29.769,0.73023,0.73035,1.00,1.00
2015.03.25 19:00:32.052,0.73023,0.73037,1.00,1.00
2015.03.25 19:00:35.050,0.73027,0.73037,1.00,1.00
2015.03.25 19:00:35.161,0.73023,0.73037,1.00,1.00
2015.03.25 19:00:35.938,0.73023,0.73039,1.00,1.00
2015.03.25 19:00:36.011,0.73023,0.73041,1.00,1.00
2015.03.25 19:00:37.191,0.73021,0.73041,1.00,1.00
2015.03.25 19:00:37.241,0.73021,0.73039,1.00,1.00
2015.03.25 19:00:37.292,0.73018,0.73039,1.00,1.00
2015.03.25 19:00:37.342,0.73018,0.73033,1.00,1.00
2015.03.25 19:00:37.493,0.73016,0.73032,1.00,1.00
2015.03.25 19:00:37.552,0.73016,0.7303,1.00,1.00
2015.03.25 19:00:42.309,0.73016,0.73033,1.00,1.00
2015.03.25 19:00:43.273,0.73016,0.7303,1.00,1.00
2015.03.25 19:00:44.828,0.73016,0.73029,1.00,1.00
2015.03.25 19:00:45.822,0.73016,0.73028,1.00,1.00
2015.03.25 19:00:47.803,0.73016,0.73029,1.00,1.00
2015.03.25 19:00:48.741,0.73016,0.73028,1.00,1.00
2015.03.25 19:00:49.343,0.73016,0.73029,1.00,1.00
2015.03.25 19:00:51.000,0.73013,0.73029,1.00,1.00
2015.03.25 19:00:51.725,0.73014,0.73029,1.00,1.00
2015.03.25 19:00:56.213,0.73016,0.73029,1.00,1.00
2015.03.25 19:00:56.486,0.73016,0.73031,1.00,1.00
2015.03.25 19:01:01.670,0.73018,0.73031,1.00,1.00
2015.03.25 19:01:02.654,0.73018,0.73032,1.00,1.00
2015.03.25 19:01:02.982,0.7302,0.73033,1.00,1.00
2015.03.25 19:01:05.190,0.73023,0.73033,1.00,1.00
2015.03.25 19:01:05.410,0.73019,0.73033,1.00,1.00
2015.03.25 19:01:12.891,0.73017,0.73033,1.00,1.00
2015.03.25 19:01:13.110,0.73021,0.73033,1.00,1.00
2015.03.25 19:01:18.492,0.73021,0.73029,1.00,1.00
2015.03.25 19:01:18.543,0.73018,0.73029,1.00,1.00
2015.03.25 19:01:19.710,0.7302,0.73029,1.00,1.00
2015.03.25 19:01:21.026,0.7302,0.73031,1.00,1.00
2015.03.25 19:01:21.140,0.73018,0.73031,1.00,1.00
2015.03.25 19:01:21.354,0.73018,0.73029,1.00,1.00
2015.03.25 19:01:22.542,0.73018,0.7303,1.00,1.00
2015.03.25 19:01:23.800,0.73016,0.7303,1.00,1.00
2015.03.25 19:01:23.901,0.73013,0.73031,1.00,1.00
2015.03.25 19:01:23.973,0.73013,0.73026,1.00,1.00
2015.03.25 19:01:24.452,0.73011,0.73025,1.00,1.00
2015.03.25 19:01:27.453,0.73009,0.73025,1.00,1.00
2015.03.25 19:01:27.753,0.73009,0.7302,1.00,1.00
2015.03.25 19:01:27.920,0.73006,0.7302,1.00,1.00
2015.03.25 19:01:27.975,0.73008,0.7302,1.00,1.00
2015.03.25 19:01:28.583,0.73007,0.73019,1.00,1.00
2015.03.25 19:01:28.704,0.73007,0.73021,1.00,1.00
2015.03.25 19:01:29.032,0.73007,0.73019,1.00,1.00
2015.03.25 19:01:30.664,0.73007,0.73021,1.00,1.00
2015.03.25 19:01:31.184,0.73004,0.73021,1.00,1.00
2015.03.25 19:01:31.234,0.73004,0.73018,1.00,1.00
2015.03.25 19:01:31.551,0.73005,0.73016,1.00,1.00
2015.03.25 19:01:31.894,0.73005,0.73013,1.00,1.00
2015.03.25 19:01:32.646,0.73005,0.73014,1.00,1.00
2015.03.25 19:01:36.429,0.73006,0.73014,1.00,1.00
2015.03.25 19:01:39.070,0.73008,0.73014,1.00,1.00
2015.03.25 19:01:39.522,0.73005,0.73014,1.00,1.00
2015.03.25 19:01:39.729,0.73007,0.73014,1.00,1.00
2015.03.25 19:01:40.720,0.73005,0.73014,1.00,1.00
2015.03.25 19:01:45.264,0.73008,0.73014,1.00,1.00
2015.03.25 19:01:45.314,0.73008,0.73017,1.00,1.00
2015.03.25 19:01:45.962,0.73008,0.73018,1.00,1.00
2015.03.25 19:01:46.920,0.73008,0.73019,1.00,1.00
2015.03.25 19:01:52.159,0.73006,0.73019,1.00,1.00
2015.03.25 19:01:52.911,0.73006,0.73018,1.00,1.00
2015.03.25 19:01:53.602,0.73006,0.73017,1.00,1.00
2015.03.25 19:01:54.149,0.73006,0.73018,1.00,1.00
2015.03.25 19:01:55.750,0.73006,0.73019,1.00,1.00
2015.03.25 19:01:57.191,0.73006,0.73017,1.00,1.00
2015.03.25 19:01:58.999,0.73006,0.73016,1.00,1.00
2015.03.25 19:01:59.320,0.73006,0.73014,1.00,1.00
2015.03.25 19:02:01.631,0.72998,0.73014,1.00,1.00
2015.03.25 19:02:01.732,0.72995,0.73007,1.00,1.00
2015.03.25 19:02:02.033,0.72998,0.73015,1.00,1.00
2015.03.25 19:02:02.084,0.73,0.73015,1.00,1.00
2015.03.25 19:02:02.800,0.73,0.73013,1.00,1.00
2015.03.25 19:02:02.957,0.72998,0.73013,1.00,1.00
2015.03.25 19:02:03.058,0.72998,0.73009,1.00,1.00
2015.03.25 19:02:04.231,0.72998,0.73011,1.00,1.00
2015.03.25 19:02:04.932,0.72998,0.73012,1.00,1.00
2015.03.25 19:02:05.703,0.72998,0.73013,1.00,1.00
2015.03.25 19:02:05.770,0.72998,0.73011,1.00,1.00
2015.03.25 19:02:06.331,0.72998,0.7301,1.00,1.00
2015.03.25 19:02:07.560,0.72996,0.7301,1.00,1.00
2015.03.25 19:02:09.582,0.72994,0.7301,1.00,1.00
2015.03.25 19:02:09.733,0.72994,0.73008,1.00,1.00
2015.03.25 19:02:10.046,0.72998,0.73011,1.00,1.00
2015.03.25 19:02:10.601,0.72998,0.7301,1.00,1.00
2015.03.25 19:02:11.566,0.72997,0.7301,1.00,1.00
2015.03.25 19:02:13.942,0.72997,0.73014,1.00,1.00
2015.03.25 19:02:14.043,0.72997,0.73012,1.00,1.00
2015.03.25 19:02:14.346,0.73002,0.73014,1.00,1.00
2015.03.25 19:02:14.494,0.73002,0.73016,1.00,1.00
2015.03.25 19:02:15.120,0.73002,0.73013,1.00,1.00
2015.03.25 19:02:15.781,0.73002,0.73018,1.00,1.00
2015.03.25 19:02:15.948,0.73004,0.73019,1.00,1.00
2015.03.25 19:02:16.251,0.73001,0.73016,1.00,1.00
2015.03.25 19:02:18.353,0.73008,0.73016,1.00,1.00
2015.03.25 19:02:18.454,0.73006,0.73016,1.00,1.00
2015.03.25 19:02:18.901,0.73006,0.73018,1.00,1.00
2015.03.25 19:02:19.410,0.73006,0.73017,1.00,1.00
2015.03.25 19:02:20.729,0.73006,0.73019,1.00,1.00
2015.03.25 19:02:22.515,0.73006,0.73017,1.00,1.00
2015.03.25 19:02:22.585,0.73003,0.73017,1.00,1.00
2015.03.25 19:02:23.141,0.73003,0.73018,1.00,1.00
2015.03.25 19:02:23.667,0.73009,0.73019,1.00,1.00
2015.03.25 19:02:23.852,0.73009,0.73039,1.00,1.50
2015.03.25 19:02:23.952,0.73011,0.73039,1.00,1.00
2015.03.25 19:02:24.269,0.73011,0.73024,1.00,1.00
2015.03.25 19:02:24.320,0.73008,0.73024,1.00,1.00
2015.03.25 19:02:24.370,0.73008,0.73022,1.00,1.00
2015.03.25 19:02:24.911,0.73008,0.73023,1.00,1.00
2015.03.25 19:02:25.062,0.73005,0.73023,1.00,1.00
2015.03.25 19:02:25.241,0.73005,0.7302,1.00,1.00
2015.03.25 19:02:25.490,0.73003,0.7302,1.00,1.00
2015.03.25 19:02:25.741,0.73001,0.7302,1.00,1.00
2015.03.25 19:02:25.792,0.73001,0.73018,1.00,1.00
2015.03.25 19:02:26.323,0.73001,0.73017,1.00,1.00
2015.03.25 19:02:26.475,0.73006,0.73023,1.00,1.00
2015.03.25 19:02:27.033,0.73009,0.73025,1.00,1.00
2015.03.25 19:02:27.817,0.7301,0.73025,1.00,1.00
2015.03.25 19:02:28.251,0.7301,0.73027,1.00,1.00
2015.03.25 19:02:33.270,0.7301,0.73026,1.00,1.00
2015.03.25 19:02:33.408,0.73008,0.73026,1.00,1.00
2015.03.25 19:02:41.447,0.73008,0.73025,1.00,1.00
2015.03.25 19:02:46.709,0.73008,0.73026,1.00,1.00
2015.03.25 19:02:48.671,0.73008,0.73024,1.00,1.00
2015.03.25 19:02:48.722,0.73006,0.73024,1.00,1.00
2015.03.25 19:02:49.357,0.73006,0.73023,1.00,1.00
2015.03.25 19:02:51.200,0.73006,0.73022,1.00,1.00
2015.03.25 19:02:51.529,0.73006,0.7302,1.00,1.00
2015.03.25 19:02:52.143,0.73006,0.73021,1.00,1.00
2015.03.25 19:02:52.519,0.73006,0.73019,1.00,1.00
2015.03.25 19:02:52.740,0.73006,0.73023,1.00,1.00
2015.03.25 19:02:58.831,0.73005,0.73023,1.00,1.00
2015.03.25 19:02:58.931,0.72998,0.73019,1.00,1.00
2015.03.25 19:02:59.032,0.72998,0.73013,1.00,1.00
2015.03.25 19:02:59.082,0.72995,0.73013,1.00,1.00
2015.03.25 19:02:59.133,0.72995,0.73011,1.00,1.00
2015.03.25 19:02:59.439,0.72994,0.73008,1.00,1.00
2015.03.25 19:02:59.492,0.72994,0.7301,1.00,1.00
2015.03.25 19:03:00.209,0.72994,0.73009,1.00,1.00
2015.03.25 19:03:00.827,0.72997,0.73009,1.00,1.00
2015.03.25 19:03:00.928,0.72997,0.73012,1.00,1.00
2015.03.25 19:03:01.032,0.72997,0.73014,1.00,1.00
2015.03.25 19:03:02.240,0.72997,0.73013,1.00,1.00
2015.03.25 19:03:04.179,0.72997,0.73014,1.00,1.00
2015.03.25 19:03:08.058,0.73001,0.73014,1.00,1.00
2015.03.25 19:03:08.259,0.73005,0.7302,1.00,1.00
2015.03.25 19:03:08.395,0.73005,0.73022,1.00,1.00
2015.03.25 19:03:08.620,0.73006,0.7302,1.00,1.00
2015.03.25 19:03:08.840,0.73006,0.73023,1.00,1.00
2015.03.25 19:03:09.171,0.73006,0.73021,1.00,1.00
2015.03.25 19:03:10.229,0.73006,0.73022,1.00,1.00
2015.03.25 19:03:19.608,0.73007,0.73022,1.00,1.00
2015.03.25 19:03:23.567,0.73007,0.73021,1.00,1.00
2015.03.25 19:03:24.362,0.73007,0.7302,1.00,1.00
2015.03.25 19:03:25.629,0.73007,0.73019,1.00,1.00
2015.03.25 19:03:25.680,0.73005,0.73019,1.00,1.00
2015.03.25 19:03:27.830,0.73005,0.7302,1.00,1.00
2015.03.25 19:03:29.399,0.73005,0.73019,1.00,1.00
2015.03.25 19:03:30.029,0.73005,0.7302,1.00,1.00
2015.03.25 19:03:31.640,0.73006,0.7302,1.00,1.00
2015.03.25 19:03:31.692,0.73006,0.73018,1.00,1.00
2015.03.25 19:03:32.600,0.73006,0.73032,1.00,1.12
2015.03.25 19:03:33.280,0.73007,0.73032,1.00,1.12
2015.03.25 19:03:35.947,0.73007,0.73032,1.00,1.37
2015.03.25 19:03:36.048,0.7301,0.73032,1.00,1.37
2015.03.25 19:03:36.392,0.7301,0.73022,1.00,1.00
2015.03.25 19:03:36.955,0.7301,0.73023,1.00,1.00
2015.03.25 19:03:37.510,0.73012,0.73023,1.00,1.00
2015.03.25 19:03:37.950,0.73011,0.73021,1.00,1.00
2015.03.25 19:03:38.059,0.73011,0.73023,1.00,1.00
2015.03.25 19:03:43.349,0.73011,0.73022,1.00,1.00
2015.03.25 19:03:43.569,0.73011,0.7302,1.00,1.00
2015.03.25 19:03:44.548,0.73011,0.73022,1.00,1.00
2015.03.25 19:03:45.003,0.73011,0.7302,1.00,1.00
2015.03.25 19:03:45.160,0.73009,0.73019,1.00,1.00
2015.03.25 19:03:45.211,0.73009,0.73017,1.00,1.00
2015.03.25 19:03:47.669,0.73007,0.73017,1.00,1.00
2015.03.25 19:03:49.828,0.73007,0.73018,1.00,1.00
2015.03.25 19:03:54.149,0.73009,0.73018,1.00,1.00
2015.03.25 19:03:56.785,0.7301,0.73018,1.00,1.00
2015.03.25 19:04:04.268,0.73006,0.73018,1.00,1.00
2015.03.25 19:04:06.001,0.73006,0.73019,1.00,1.00
2015.03.25 19:04:06.281,0.73012,0.73019,1.00,1.00
2015.03.25 19:04:06.331,0.73012,0.73023,1.00,1.00
2015.03.25 19:04:06.382,0.73018,0.73023,1.00,1.00
2015.03.25 19:04:06.482,0.73018,0.73029,1.00,1.00
2015.03.25 19:04:06.583,0.73019,0.73031,1.00,1.00
2015.03.25 19:04:06.684,0.73019,0.73037,1.00,1.00
2015.03.25 19:04:06.924,0.73022,0.73038,1.00,1.00
2015.03.25 19:04:07.025,0.73024,0.73041,1.00,1.00
2015.03.25 19:04:07.126,0.73024,0.73043,1.00,1.00
2015.03.25 19:04:07.419,0.73026,0.73043,1.00,1.00
2015.03.25 19:04:07.839,0.73031,0.73043,1.00,1.00
2015.03.25 19:04:08.360,0.7303,0.73044,1.00,1.00
2015.03.25 19:04:08.983,0.7303,0.73045,1.00,1.00
2015.03.25 19:04:12.657,0.73029,0.73045,1.00,1.00
2015.03.25 19:04:13.138,0.73029,0.73043,1.00,1.00
2015.03.25 19:04:13.261,0.73029,0.73047,1.00,1.00
2015.03.25 19:04:13.836,0.73029,0.73046,1.00,1.00
2015.03.25 19:04:14.593,0.73029,0.73044,1.00,1.00
2015.03.25 19:04:15.217,0.73023,0.73044,1.00,1.00
2015.03.25 19:04:15.267,0.73023,0.73042,1.00,1.00
2015.03.25 19:04:15.318,0.73015,0.73042,1.00,1.12
2015.03.25 19:04:15.368,0.73015,0.73039,1.00,1.00
2015.03.25 19:04:15.671,0.73013,0.73034,1.00,1.00
2015.03.25 19:04:15.979,0.73009,0.73027,1.00,1.00
2015.03.25 19:04:16.596,0.73009,0.73026,1.00,1.00
2015.03.25 19:04:17.057,0.73011,0.73026,1.00,1.00
2015.03.25 19:04:17.548,0.73011,0.73028,1.00,1.00
2015.03.25 19:04:18.129,0.73011,0.73029,1.00,1.00
2015.03.25 19:04:18.267,0.73009,0.73029,1.00,1.00
2015.03.25 19:04:19.619,0.73006,0.73029,1.00,1.75
2015.03.25 19:04:19.720,0.72995,0.73017,1.00,1.00
2015.03.25 19:04:19.770,0.72984,0.73004,1.00,1.00
2015.03.25 19:04:19.871,0.7298,0.7301,1.00,1.00
2015.03.25 19:04:19.972,0.72978,0.73008,1.00,1.00
2015.03.25 19:04:20.279,0.72993,0.73011,1.00,1.00
2015.03.25 19:04:20.433,0.72993,0.73013,1.00,1.00
2015.03.25 19:04:20.519,0.72993,0.7301,1.00,1.00
2015.03.25 19:04:20.578,0.72988,0.7301,1.00,1.00
2015.03.25 19:04:20.779,0.72989,0.73013,1.00,1.00
2015.03.25 19:04:20.830,0.72992,0.73013,1.00,1.00
2015.03.25 19:04:21.174,0.72989,0.73012,1.00,1.00
2015.03.25 19:04:21.225,0.72989,0.73009,1.00,1.00
2015.03.25 19:04:21.630,0.72988,0.73007,1.00,1.00
2015.03.25 19:04:22.328,0.72988,0.73011,1.00,1.00
2015.03.25 19:04:22.379,0.7299,0.73011,1.00,1.00
2015.03.25 19:04:22.429,0.7299,0.73017,1.00,1.00
2015.03.25 19:04:22.480,0.72996,0.73017,1.00,1.00
2015.03.25 19:04:22.681,0.72994,0.73017,1.00,1.00
2015.03.25 19:04:22.731,0.72994,0.73013,1.00,1.00
2015.03.25 19:04:22.782,0.72991,0.73013,1.00,1.00
2015.03.25 19:04:22.832,0.72991,0.73009,1.00,1.00
2015.03.25 19:04:22.971,0.72991,0.73013,1.00,1.00
2015.03.25 19:04:23.071,0.72992,0.7301,1.00,1.00
2015.03.25 19:04:23.189,0.72992,0.73012,1.00,1.00
2015.03.25 19:04:23.488,0.72992,0.73014,1.00,1.00
2015.03.25 19:04:23.548,0.72998,0.73014,1.00,1.00
2015.03.25 19:04:23.849,0.72995,0.7301,1.00,1.00
2015.03.25 19:04:23.900,0.7299,0.7301,1.00,1.00
2015.03.25 19:04:23.950,0.7299,0.73002,1.00,1.00
2015.03.25 19:04:24.101,0.72986,0.72999,1.00,1.00
2015.03.25 19:04:24.152,0.72986,0.73001,1.00,1.00
2015.03.25 19:04:24.392,0.72986,0.72997,1.00,1.00
2015.03.25 19:04:24.478,0.72986,0.72999,1.00,1.00
2015.03.25 19:04:24.588,0.72986,0.72997,1.00,1.00
2015.03.25 19:04:24.690,0.72983,0.72997,1.00,1.00
2015.03.25 19:04:24.910,0.72985,0.72996,1.00,1.00
2015.03.25 19:04:25.359,0.72985,0.73,1.00,1.00
2015.03.25 19:04:25.460,0.72987,0.73,1.00,1.00
2015.03.25 19:04:25.578,0.72987,0.73002,1.00,1.00
2015.03.25 19:04:25.788,0.72989,0.73001,1.00,1.00
2015.03.25 19:04:25.838,0.72989,0.73005,1.00,1.00
2015.03.25 19:04:25.889,0.72991,0.73005,1.00,1.00
2015.03.25 19:04:26.392,0.72991,0.73006,1.00,1.00
2015.03.25 19:04:26.695,0.7299,0.73004,1.00,1.00
2015.03.25 19:04:27.177,0.72987,0.73004,1.00,1.00
2015.03.25 19:04:27.705,0.72987,0.73003,1.00,1.00
2015.03.25 19:04:28.400,0.72986,0.73003,1.00,1.00
2015.03.25 19:04:28.450,0.72986,0.73,1.00,1.00
2015.03.25 19:04:28.651,0.72981,0.73,1.00,1.00
2015.03.25 19:04:28.702,0.72981,0.72996,1.00,1.00
2015.03.25 19:04:28.802,0.72981,0.72998,1.00,1.00
2015.03.25 19:04:28.853,0.72983,0.72998,1.00,1.00
2015.03.25 19:04:29.215,0.72983,0.72996,1.00,1.00
2015.03.25 19:04:29.818,0.72981,0.72996,1.00,1.00
2015.03.25 19:04:30.407,0.72981,0.72995,1.00,1.00
2015.03.25 19:04:30.572,0.72981,0.72997,1.00,1.00
2015.03.25 19:04:31.408,0.72981,0.72996,1.00,1.00
2015.03.25 19:04:34.200,0.72981,0.72998,1.00,1.00
2015.03.25 19:04:34.930,0.72981,0.72997,1.00,1.00
2015.03.25 19:04:35.514,0.72981,0.72999,1.00,1.00
2015.03.25 19:04:35.565,0.72985,0.72999,1.00,1.00
2015.03.25 19:04:35.825,0.72985,0.73001,1.00,1.00
2015.03.25 19:04:36.348,0.72986,0.73001,1.00,1.00
2015.03.25 19:04:38.008,0.72986,0.73,1.00,1.00
2015.03.25 19:04:45.658,0.72985,0.73,1.00,1.00
2015.03.25 19:04:47.138,0.72985,0.72999,1.00,1.00
2015.03.25 19:04:49.709,0.72985,0.73,1.00,1.00
2015.03.25 19:04:55.278,0.72985,0.72999,1.00,1.00
2015.03.25 19:05:02.750,0.72982,0.72999,1.00,1.00
2015.03.25 19:05:02.887,0.72982,0.72997,1.00,1.00
2015.03.25 19:05:05.707,0.72978,0.72997,1.00,1.00
2015.03.25 19:05:05.758,0.72978,0.72988,1.00,1.00
2015.03.25 19:05:05.808,0.72974,0.72988,1.00,1.00
2015.03.25 19:05:05.909,0.72974,0.72986,1.00,1.00
2015.03.25 19:05:06.009,0.72971,0.72986,1.00,1.00
2015.03.25 19:05:06.881,0.72971,0.72988,1.00,1.00
2015.03.25 19:05:06.931,0.72976,0.72988,1.00,1.00
2015.03.25 19:05:07.438,0.72976,0.72989,1.00,1.00
2015.03.25 19:05:08.001,0.72977,0.72989,1.00,1.00
2015.03.25 19:05:08.324,0.72975,0.72987,1.00,1.00
2015.03.25 19:05:08.425,0.72975,0.7299,1.00,1.00
2015.03.25 19:05:08.699,0.72977,0.7299,1.00,1.00
2015.03.25 19:05:09.070,0.72976,0.72987,1.00,1.00
2015.03.25 19:05:09.698,0.72976,0.72986,1.00,1.00
2015.03.25 19:05:10.187,0.72974,0.72986,1.00,1.00
2015.03.25 19:05:10.648,0.72983,0.73006,1.00,1.00
2015.03.25 19:05:10.698,0.72983,0.73,1.00,1.00
2015.03.25 19:05:10.749,0.72986,0.73,1.00,1.00
2015.03.25 19:05:10.849,0.72982,0.73,1.00,1.00
2015.03.25 19:05:10.950,0.72982,0.72992,1.00,1.00
2015.03.25 19:05:11.000,0.72979,0.72992,1.00,1.00
2015.03.25 19:05:11.051,0.72979,0.72996,1.00,1.00
2015.03.25 19:05:11.201,0.72984,0.72996,1.00,1.00
2015.03.25 19:05:11.252,0.72984,0.73002,1.00,1.00
2015.03.25 19:05:11.404,0.72984,0.73,1.00,1.00
2015.03.25 19:05:11.751,0.72983,0.72998,1.00,1.00
2015.03.25 19:05:12.085,0.72983,0.72996,1.00,1.00
2015.03.25 19:05:12.187,0.72981,0.72995,1.00,1.00
2015.03.25 19:05:12.539,0.72983,0.72996,1.00,1.00
2015.03.25 19:05:13.667,0.72983,0.72999,1.00,1.00
2015.03.25 19:05:13.718,0.72989,0.72999,1.00,1.00
2015.03.25 19:05:13.819,0.7299,0.73005,1.00,1.00
2015.03.25 19:05:13.928,0.72993,0.73005,1.00,1.00
2015.03.25 19:05:14.029,0.72993,0.73007,1.00,1.00
2015.03.25 19:05:14.079,0.72995,0.73007,1.00,1.00
2015.03.25 19:05:14.923,0.72998,0.73009,1.00,1.00
2015.03.25 19:05:15.023,0.72998,0.73011,1.00,1.00
2015.03.25 19:05:15.174,0.73002,0.73011,1.00,1.00
2015.03.25 19:05:15.224,0.73002,0.73013,1.00,1.00
2015.03.25 19:05:15.275,0.73004,0.73013,1.00,1.00
2015.03.25 19:05:15.375,0.73002,0.73014,1.00,1.00
2015.03.25 19:05:15.427,0.73002,0.73011,1.00,1.00
2015.03.25 19:05:15.723,0.72996,0.7301,1.00,1.00
2015.03.25 19:05:15.774,0.72996,0.73008,1.00,1.00
2015.03.25 19:05:15.924,0.72994,0.73008,1.00,1.00
2015.03.25 19:05:16.025,0.72994,0.73006,1.00,1.00
2015.03.25 19:05:16.176,0.72991,0.73004,1.00,1.00
2015.03.25 19:05:17.201,0.72991,0.73003,1.00,1.00
2015.03.25 19:05:17.301,0.72986,0.73001,1.00,1.00
2015.03.25 19:05:17.456,0.72983,0.72998,1.00,1.00
2015.03.25 19:05:17.760,0.72983,0.72996,1.00,1.00
2015.03.25 19:05:17.811,0.7298,0.72996,1.00,1.00
2015.03.25 19:05:17.861,0.7298,0.72993,1.00,1.00
2015.03.25 19:05:17.912,0.72978,0.72993,1.00,1.00
2015.03.25 19:05:18.221,0.7298,0.72997,1.00,1.00
2015.03.25 19:05:18.323,0.7298,0.72994,1.00,1.00
2015.03.25 19:05:18.659,0.72977,0.72993,1.00,1.00
2015.03.25 19:05:22.098,0.72976,0.72993,1.00,1.12
2015.03.25 19:05:22.148,0.72976,0.72989,1.00,1.00
2015.03.25 19:05:22.401,0.72976,0.72992,1.00,1.00
2015.03.25 19:05:23.497,0.72976,0.72993,1.00,1.00
2015.03.25 19:05:24.236,0.72976,0.72994,1.00,1.00
2015.03.25 19:05:29.987,0.72979,0.72994,1.00,1.00
2015.03.25 19:05:31.606,0.72979,0.72995,1.00,1.00
2015.03.25 19:05:33.816,0.72979,0.72991,1.00,1.00
2015.03.25 19:05:34.121,0.7298,0.72987,1.00,1.00
2015.03.25 19:05:34.272,0.72984,0.72999,1.00,1.00
2015.03.25 19:05:34.322,0.72986,0.72999,1.00,1.00
2015.03.25 19:05:34.653,0.72986,0.72996,1.00,1.00
2015.03.25 19:05:35.019,0.72986,0.72998,1.00,1.00
2015.03.25 19:05:35.070,0.72991,0.72998,1.00,1.00
2015.03.25 19:05:35.120,0.72991,0.73002,1.00,1.00
2015.03.25 19:05:35.170,0.72993,0.73002,1.00,1.00
2015.03.25 19:05:35.227,0.72993,0.73009,1.00,1.00
2015.03.25 19:05:35.777,0.72993,0.73011,1.00,1.00
2015.03.25 19:05:35.827,0.72995,0.73011,1.00,1.00
2015.03.25 19:05:37.002,0.72995,0.73007,1.00,1.00
2015.03.25 19:05:37.328,0.72994,0.73005,1.00,1.00
2015.03.25 19:05:39.473,0.72989,0.73005,1.00,1.00
2015.03.25 19:05:39.523,0.72989,0.73003,1.00,1.00
2015.03.25 19:05:39.674,0.72987,0.73004,1.00,1.00
2015.03.25 19:05:39.775,0.72987,0.73015,1.00,1.75
2015.03.25 19:05:40.027,0.72985,0.73015,1.00,1.75
2015.03.25 19:05:40.577,0.72985,0.73015,1.00,1.75
2015.03.25 19:05:40.886,0.72988,0.73016,1.00,2.92
2015.03.25 19:05:40.936,0.72988,0.73016,1.00,2.92
2015.03.25 19:05:40.986,0.72988,0.73002,1.00,1.00
2015.03.25 19:05:46.697,0.72988,0.73001,1.00,1.00
2015.03.25 19:05:46.998,0.72988,0.73005,1.00,1.00
2015.03.25 19:05:47.049,0.72991,0.73005,1.00,1.00
2015.03.25 19:05:47.108,0.72991,0.73007,1.00,1.00
2015.03.25 19:05:47.259,0.72993,0.73006,1.00,1.00
2015.03.25 19:05:47.410,0.7299,0.73004,1.00,1.00
2015.03.25 19:05:47.561,0.7299,0.73002,1.00,1.00
2015.03.25 19:05:47.728,0.72988,0.73002,1.00,1.00
2015.03.25 19:05:48.167,0.7299,0.73003,1.00,1.00
2015.03.25 19:05:48.468,0.72989,0.73001,1.00,1.00
2015.03.25 19:05:49.168,0.72988,0.73001,1.00,1.00
2015.03.25 19:05:59.264,0.72985,0.73001,1.00,1.00
2015.03.25 19:05:59.799,0.72985,0.73,1.00,1.00
2015.03.25 19:06:01.893,0.72988,0.73,1.00,1.00
2015.03.25 19:06:02.069,0.72991,0.73004,1.00,1.00
2015.03.25 19:06:03.827,0.72991,0.73005,1.00,1.00
2015.03.25 19:06:03.877,0.72993,0.73005,1.00,1.00
2015.03.25 19:06:05.477,0.72993,0.73004,1.00,1.00
2015.03.25 19:06:06.036,0.72993,0.73005,1.00,1.00
2015.03.25 19:06:07.634,0.73004,0.73031,1.00,1.00
2015.03.25 19:06:07.759,0.73004,0.7301,1.00,1.00
2015.03.25 19:06:07.810,0.73005,0.73015,1.00,1.00
2015.03.25 19:06:07.910,0.73001,0.73013,1.00,1.00
2015.03.25 19:06:09.194,0.73008,0.73013,1.00,1.00
2015.03.25 19:06:09.244,0.73009,0.73016,1.00,1.00
2015.03.25 19:06:09.327,0.73009,0.73018,1.00,1.00
2015.03.25 19:06:09.427,0.73007,0.73018,1.00,1.00
2015.03.25 19:06:09.937,0.73007,0.73017,1.00,1.00
2015.03.25 19:06:10.316,0.73007,0.73015,1.00,1.00
2015.03.25 19:06:10.467,0.73005,0.73015,1.00,1.00
2015.03.25 19:06:14.648,0.73003,0.73015,1.00,1.00
2015.03.25 19:06:14.855,0.73002,0.73013,1.00,1.00
2015.03.25 19:06:15.157,0.73005,0.73017,1.00,1.00
2015.03.25 19:06:16.186,0.73007,0.73017,1.00,1.00
2015.03.25 19:06:17.926,0.73007,0.73018,1.00,1.00
2015.03.25 19:06:20.684,0.73007,0.73019,1.00,1.00
2015.03.25 19:06:21.096,0.73007,0.73021,1.00,1.00
2015.03.25 19:06:21.197,0.73011,0.73021,1.00,1.00
2015.03.25 19:06:21.247,0.73011,0.73027,1.00,1.00
2015.03.25 19:06:21.357,0.73013,0.73027,1.00,1.00
2015.03.25 19:06:21.869,0.73014,0.73028,1.00,1.00
2015.03.25 19:06:31.515,0.73015,0.73028,1.00,1.00
2015.03.25 19:06:32.571,0.73015,0.73029,1.00,1.00
2015.03.25 19:06:34.526,0.73015,0.7303,1.00,1.00
2015.03.25 19:06:36.193,0.73015,0.73027,1.00,1.00
2015.03.25 19:06:37.117,0.73013,0.73027,1.00,1.00
2015.03.25 19:06:37.168,0.73013,0.73042,1.00,1.75
2015.03.25 19:06:37.436,0.73011,0.73042,1.00,1.75
2015.03.25 19:06:37.486,0.73011,0.73026,1.00,1.00
2015.03.25 19:06:44.638,0.73011,0.73024,1.00,1.00
2015.03.25 19:06:44.789,0.73009,0.73023,1.00,1.00
2015.03.25 19:06:45.077,0.73009,0.73025,1.00,1.00
2015.03.25 19:06:45.127,0.73012,0.73025,1.00,1.00
2015.03.25 19:06:45.456,0.73018,0.73038,1.00,1.00
2015.03.25 19:06:45.742,0.73018,0.73043,1.00,1.00
2015.03.25 19:06:46.217,0.73017,0.7304,1.00,1.00
2015.03.25 19:06:46.326,0.73015,0.7304,1.00,1.00
2015.03.25 19:06:46.508,0.73015,0.7304,1.00,1.75
2015.03.25 19:06:50.916,0.73015,0.7304,1.00,1.75
2015.03.25 19:06:51.145,0.73016,0.7304,1.00,1.37
2015.03.25 19:06:51.217,0.73016,0.7304,1.00,1.00
2015.03.25 19:06:51.318,0.73016,0.7304,1.00,1.75
2015.03.25 19:06:51.419,0.73016,0.7304,1.00,1.37
2015.03.25 19:06:53.222,0.73016,0.73042,1.00,1.75
2015.03.25 19:06:54.939,0.73016,0.73042,1.00,1.75
2015.03.25 19:06:55.358,0.73019,0.7304,1.00,1.00
2015.03.25 19:06:55.468,0.73019,0.73041,1.00,1.75
2015.03.25 19:06:55.829,0.73019,0.73041,1.00,1.37
2015.03.25 19:06:56.428,0.73019,0.73041,1.00,1.37
2015.03.25 19:06:56.942,0.7302,0.73042,1.00,1.37
2015.03.25 19:06:57.051,0.7302,0.73042,1.00,1.37
2015.03.25 19:06:57.578,0.7302,0.73042,1.00,1.00
2015.03.25 19:06:57.687,0.73018,0.73042,1.00,1.37
2015.03.25 19:06:58.454,0.73018,0.73044,1.00,1.50
2015.03.25 19:07:00.207,0.73018,0.73044,1.00,1.75
2015.03.25 19:07:00.416,0.73014,0.73042,1.00,1.75
2015.03.25 19:07:00.711,0.73014,0.7304,1.00,2.25
2015.03.25 19:07:01.464,0.73014,0.7304,1.00,2.25
2015.03.25 19:07:01.565,0.73016,0.7304,1.00,1.50
2015.03.25 19:07:01.666,0.73013,0.73044,1.00,1.75
2015.03.25 19:07:01.867,0.73013,0.73042,1.00,1.75
2015.03.25 19:07:02.967,0.73013,0.73041,1.00,1.75
2015.03.25 19:07:03.199,0.73013,0.73041,1.00,1.50
2015.03.25 19:07:03.299,0.73013,0.7304,1.00,1.75
2015.03.25 19:07:03.469,0.73013,0.73041,1.00,1.50
2015.03.25 19:07:03.669,0.73013,0.73041,1.00,1.75
2015.03.25 19:07:03.826,0.73011,0.7304,1.00,1.75
2015.03.25 19:07:04.348,0.73011,0.7304,1.00,1.75
2015.03.25 19:07:04.828,0.73009,0.7304,1.00,1.00
2015.03.25 19:07:04.928,0.73023,0.73044,1.00,1.87
2015.03.25 19:07:05.233,0.73023,0.73033,1.00,1.00
2015.03.25 19:07:05.808,0.73019,0.73033,1.00,1.00
2015.03.25 19:07:06.077,0.73023,0.73033,1.00,1.00
2015.03.25 19:07:06.128,0.73023,0.73035,1.00,1.00
2015.03.25 19:07:07.295,0.73023,0.73036,1.00,1.00
2015.03.25 19:07:10.421,0.73023,0.73035,1.00,1.00
2015.03.25 19:07:10.521,0.73019,0.73033,1.00,1.00
2015.03.25 19:07:10.660,0.73016,0.73033,1.00,1.12
2015.03.25 19:07:10.760,0.73014,0.73032,1.00,1.00
2015.03.25 19:07:10.865,0.73014,0.73024,1.00,1.00
2015.03.25 19:07:11.156,0.73014,0.73026,1.00,1.00
2015.03.25 19:07:11.737,0.73014,0.73025,1.00,1.00
2015.03.25 19:07:12.247,0.73014,0.73024,1.00,1.00
2015.03.25 19:07:12.499,0.73015,0.73026,1.00,1.00
2015.03.25 19:07:12.549,0.73018,0.73026,1.00,1.00
2015.03.25 19:07:12.599,0.73018,0.73028,1.00,1.00
2015.03.25 19:07:12.910,0.73018,0.73025,1.00,1.00
2015.03.25 19:07:12.960,0.73016,0.73025,1.00,1.00
2015.03.25 19:07:13.017,0.73016,0.73028,1.00,1.00
2015.03.25 19:07:15.146,0.73016,0.73029,1.00,1.00
2015.03.25 19:07:16.052,0.73019,0.73029,1.00,1.00
2015.03.25 19:07:16.253,0.73019,0.73032,1.00,1.00
2015.03.25 19:07:16.315,0.73019,0.73034,1.00,1.00
2015.03.25 19:07:17.355,0.73021,0.73034,1.00,1.00
2015.03.25 19:07:20.604,0.73021,0.73033,1.00,1.00
2015.03.25 19:07:30.286,0.73021,0.73032,1.00,1.00
2015.03.25 19:07:30.438,0.73021,0.73034,1.00,1.00
2015.03.25 19:07:31.288,0.73021,0.73036,1.00,1.00
2015.03.25 19:07:31.339,0.73027,0.73036,1.00,1.00
2015.03.25 19:07:31.439,0.73025,0.73036,1.00,1.00
2015.03.25 19:07:31.540,0.73025,0.73046,1.00,1.00
2015.03.25 19:07:31.691,0.73022,0.73046,1.00,1.00
2015.03.25 19:07:31.741,0.73022,0.73034,1.00,1.00
2015.03.25 19:07:31.942,0.73024,0.73039,1.00,1.00
2015.03.25 19:07:31.993,0.73026,0.73039,1.00,1.00
2015.03.25 19:07:32.306,0.73026,0.73037,1.00,1.00
2015.03.25 19:07:32.649,0.73028,0.73037,1.00,1.00
2015.03.25 19:07:33.075,0.73028,0.73035,1.00,1.00
2015.03.25 19:07:33.226,0.73023,0.73035,1.00,1.00
2015.03.25 19:07:34.363,0.73023,0.73034,1.00,1.00
2015.03.25 19:07:40.667,0.73023,0.73036,1.00,1.00
2015.03.25 19:07:41.295,0.73023,0.73035,1.00,1.00
2015.03.25 19:07:44.811,0.73023,0.73036,1.00,1.00
2015.03.25 19:07:44.861,0.73025,0.73036,1.00,1.00
2015.03.25 19:07:45.244,0.73029,0.73039,1.00,1.00
2015.03.25 19:07:45.370,0.73029,0.73043,1.00,1.00
2015.03.25 19:07:46.125,0.73029,0.7304,1.00,1.00
2015.03.25 19:07:46.676,0.73029,0.73041,1.00,1.00
2015.03.25 19:07:47.259,0.73029,0.73042,1.00,1.00
2015.03.25 19:07:51.618,0.73027,0.73042,1.00,1.00
2015.03.25 19:07:51.718,0.73025,0.73041,1.00,1.00
2015.03.25 19:07:51.769,0.73025,0.73037,1.00,1.00
2015.03.25 19:07:52.445,0.73025,0.73036,1.00,1.00
2015.03.25 19:07:53.434,0.73025,0.73035,1.00,1.00
2015.03.25 19:07:55.145,0.73025,0.73033,1.00,1.00
2015.03.25 19:07:55.245,0.73021,0.73033,1.00,1.00
2015.03.25 19:07:55.597,0.73021,0.73031,1.00,1.00
2015.03.25 19:08:00.014,0.73021,0.7303,1.00,1.00
2015.03.25 19:08:00.537,0.73021,0.73031,1.00,1.00
2015.03.25 19:08:01.466,0.73017,0.73031,1.00,1.00
2015.03.25 19:08:01.835,0.73014,0.7303,1.00,1.00
2015.03.25 19:08:01.885,0.73014,0.73028,1.00,1.00
2015.03.25 19:08:02.306,0.73014,0.73026,1.00,1.00
2015.03.25 19:08:02.669,0.73013,0.73024,1.00,1.00
2015.03.25 19:08:02.769,0.73013,0.73026,1.00,1.00
2015.03.25 19:08:03.276,0.73013,0.73027,1.00,1.00
2015.03.25 19:08:03.666,0.73013,0.73025,1.00,1.00
2015.03.25 19:08:03.775,0.73013,0.73027,1.00,1.00
2015.03.25 19:08:05.024,0.73013,0.73028,1.00,1.00
2015.03.25 19:08:06.308,0.73013,0.73027,1.00,1.00
2015.03.25 19:08:06.358,0.73015,0.73027,1.00,1.00
2015.03.25 19:08:07.127,0.73016,0.73028,1.00,1.00
2015.03.25 19:08:07.657,0.73016,0.73031,1.00,1.00
2015.03.25 19:08:09.605,0.73018,0.73031,1.00,1.00
2015.03.25 19:08:10.167,0.73018,0.73032,1.00,1.00
2015.03.25 19:08:10.471,0.73025,0.73037,1.00,1.00
2015.03.25 19:08:10.521,0.73025,0.73039,1.00,1.00
2015.03.25 19:08:10.622,0.73028,0.7304,1.00,1.00
2015.03.25 19:08:11.632,0.73026,0.73039,1.00,1.00
2015.03.25 19:08:11.732,0.73026,0.73036,1.00,1.00
2015.03.25 19:08:12.244,0.73026,0.73037,1.00,1.00
2015.03.25 19:08:12.886,0.73026,0.73038,1.00,1.00
2015.03.25 19:08:13.455,0.73026,0.73036,1.00,1.00
2015.03.25 19:08:13.564,0.73026,0.73038,1.00,1.00
2015.03.25 19:08:14.107,0.73026,0.73037,1.00,1.00
2015.03.25 19:08:14.627,0.73027,0.73038,1.00,1.00
2015.03.25 19:08:14.678,0.73027,0.7304,1.00,1.00
2015.03.25 19:08:14.778,0.73029,0.7304,1.00,1.00
2015.03.25 19:08:18.995,0.73029,0.73039,1.00,1.00
2015.03.25 19:08:19.426,0.73025,0.73038,1.00,1.00
2015.03.25 19:08:19.528,0.73025,0.7304,1.00,1.00
2015.03.25 19:08:19.629,0.73025,0.73038,1.00,1.00
2015.03.25 19:08:19.770,0.73022,0.73038,1.00,1.00
2015.03.25 19:08:19.871,0.73022,0.73036,1.00,1.00
2015.03.25 19:08:20.748,0.73022,0.73037,1.00,1.00
2015.03.25 19:08:32.484,0.73023,0.73037,1.00,1.00
2015.03.25 19:08:35.013,0.73023,0.73035,1.00,1.00
2015.03.25 19:08:35.584,0.73023,0.73037,1.00,1.00
2015.03.25 19:08:39.303,0.73023,0.73035,1.00,1.00
2015.03.25 19:08:40.623,0.73023,0.73036,1.00,1.00
2015.03.25 19:08:42.847,0.73023,0.73035,1.00,1.00
2015.03.25 19:08:43.604,0.7302,0.73035,1.00,1.00
2015.03.25 19:08:43.834,0.7302,0.73033,1.00,1.00
2015.03.25 19:08:44.632,0.7302,0.73031,1.00,1.00
2015.03.25 19:08:45.183,0.7302,0.73032,1.00,1.00
2015.03.25 19:08:51.296,0.73019,0.73032,1.00,1.00
2015.03.25 19:08:55.159,0.73019,0.73031,1.00,1.00
2015.03.25 19:08:55.410,0.73019,0.73034,1.00,1.00
2015.03.25 19:08:55.804,0.73019,0.73032,1.00,1.00
2015.03.25 19:08:58.935,0.73019,0.7303,1.00,1.00
2015.03.25 19:08:59.036,0.73019,0.73032,1.00,1.00
2015.03.25 19:09:02.624,0.73019,0.73033,1.00,1.00
2015.03.25 19:09:03.221,0.73019,0.73035,1.00,1.00
2015.03.25 19:09:03.425,0.73015,0.73031,1.00,1.00
2015.03.25 19:09:03.756,0.73012,0.73025,1.00,1.00
2015.03.25 19:09:04.075,0.73012,0.73023,1.00,1.00
2015.03.25 19:09:04.582,0.73012,0.73024,1.00,1.00
2015.03.25 19:09:06.179,0.73008,0.73024,1.00,1.00
2015.03.25 19:09:06.365,0.7301,0.73024,1.00,1.00
2015.03.25 19:09:10.020,0.7301,0.73025,1.00,1.00
2015.03.25 19:09:10.474,0.73011,0.73027,1.00,1.00
2015.03.25 19:09:10.886,0.73011,0.73025,1.00,1.00
2015.03.25 19:09:11.768,0.73011,0.73024,1.00,1.00
2015.03.25 19:09:12.734,0.73011,0.73025,1.00,1.00
2015.03.25 19:09:16.044,0.73011,0.73024,1.00,1.00
2015.03.25 19:09:16.415,0.73013,0.73026,1.00,1.00
2015.03.25 19:09:19.684,0.73013,0.73024,1.00,1.00
2015.03.25 19:09:20.218,0.73013,0.73025,1.00,1.00
2015.03.25 19:09:20.749,0.73012,0.73025,1.00,1.00
2015.03.25 19:09:22.662,0.73009,0.73025,1.00,1.00
2015.03.25 19:09:22.763,0.73009,0.73022,1.00,1.00
2015.03.25 19:09:23.325,0.73009,0.73021,1.00,1.00
2015.03.25 19:09:23.844,0.73009,0.73022,1.00,1.00
2015.03.25 19:09:24.285,0.73013,0.73026,1.00,1.00
2015.03.25 19:09:26.055,0.73013,0.73028,1.00,1.00
2015.03.25 19:09:26.206,0.73017,0.73029,1.00,1.00
2015.03.25 19:09:26.607,0.73017,0.73031,1.00,1.00
2015.03.25 19:09:26.864,0.73019,0.73031,1.00,1.00
2015.03.25 19:09:27.219,0.73019,0.73029,1.00,1.00
2015.03.25 19:09:27.269,0.73019,0.73031,1.00,1.00
2015.03.25 19:09:27.776,0.73019,0.73032,1.00,1.00
2015.03.25 19:09:27.927,0.73019,0.73034,1.00,1.00
2015.03.25 19:09:28.186,0.73023,0.73033,1.00,1.00
2015.03.25 19:09:28.925,0.73023,0.73034,1.00,1.00
2015.03.25 19:09:29.391,0.73023,0.73032,1.00,1.00
2015.03.25 19:09:29.689,0.7302,0.73034,1.00,1.00
2015.03.25 19:09:29.801,0.73019,0.73032,1.00,1.00
2015.03.25 19:09:30.345,0.73019,0.73033,1.00,1.00
2015.03.25 19:09:30.805,0.73019,0.73031,1.00,1.00
2015.03.25 19:09:31.223,0.73019,0.73033,1.00,1.00
2015.03.25 19:09:31.333,0.73019,0.73031,1.00,1.00
2015.03.25 19:09:32.901,0.73019,0.7303,1.00,1.00
2015.03.25 19:09:33.437,0.73019,0.73032,1.00,1.00
2015.03.25 19:09:33.537,0.73019,0.7303,1.00,1.00
2015.03.25 19:09:37.053,0.73019,0.73028,1.00,1.00
2015.03.25 19:09:37.304,0.73016,0.73028,1.00,1.00
2015.03.25 19:09:37.505,0.73018,0.7303,1.00,1.00
2015.03.25 19:09:38.229,0.73018,0.73031,1.00,1.00
2015.03.25 19:09:38.533,0.73021,0.73031,1.00,1.00
2015.03.25 19:09:40.134,0.73021,0.73033,1.00,1.00
2015.03.25 19:09:40.353,0.73021,0.7303,1.00,1.00
2015.03.25 19:09:40.596,0.73021,0.73033,1.00,1.00
2015.03.25 19:09:40.965,0.73023,0.73033,1.00,1.00
2015.03.25 19:09:41.149,0.73023,0.73035,1.00,1.00
2015.03.25 19:09:42.555,0.73023,0.73036,1.00,1.00
2015.03.25 19:09:42.719,0.7302,0.73036,1.00,1.00
2015.03.25 19:09:42.927,0.73023,0.73035,1.00,1.00
2015.03.25 19:09:43.028,0.73023,0.73038,1.00,1.00
2015.03.25 19:09:49.491,0.73023,0.73037,1.00,1.00
2015.03.25 19:09:53.913,0.73023,0.73036,1.00,1.00
2015.03.25 19:09:54.015,0.73021,0.73036,1.00,1.00
2015.03.25 19:09:54.065,0.73021,0.73034,1.00,1.00
2015.03.25 19:09:54.458,0.73024,0.73035,1.00,1.00
2015.03.25 19:09:55.258,0.7302,0.73035,1.00,1.00
2015.03.25 19:09:55.358,0.73022,0.73036,1.00,1.00
2015.03.25 19:09:55.665,0.73027,0.73038,1.00,1.00
2015.03.25 19:09:56.144,0.73027,0.73041,1.00,1.00
2015.03.25 19:09:57.654,0.73027,0.7304,1.00,1.00
2015.03.25 19:09:58.194,0.73024,0.7304,1.00,1.00
2015.03.25 19:09:58.533,0.73023,0.73038,1.00,1.00
2015.03.25 19:09:58.765,0.7302,0.73036,1.00,1.00
2015.03.25 19:10:00.765,0.7302,0.73033,1.00,1.00
2015.03.25 19:10:01.053,0.73018,0.73033,1.00,1.00
2015.03.25 19:10:04.177,0.73015,0.73032,1.00,1.00
2015.03.25 19:10:05.020,0.73015,0.73031,1.00,1.00
2015.03.25 19:10:06.584,0.73012,0.73031,1.00,1.00
2015.03.25 19:10:06.684,0.73012,0.73028,1.00,1.00
2015.03.25 19:10:06.927,0.7301,0.73028,1.00,1.00
2015.03.25 19:10:07.128,0.73008,0.73026,1.00,1.00
2015.03.25 19:10:07.656,0.73007,0.73025,1.00,1.00
2015.03.25 19:10:07.707,0.73005,0.73024,1.00,1.00
2015.03.25 19:10:07.807,0.73005,0.73021,1.00,1.00
2015.03.25 19:10:11.428,0.73004,0.73021,1.00,1.00
2015.03.25 19:10:12.909,0.73004,0.7302,1.00,1.00
2015.03.25 19:10:14.049,0.73004,0.73021,1.00,1.00
2015.03.25 19:10:25.365,0.73001,0.73021,1.00,1.00
2015.03.25 19:10:25.593,0.73001,0.73018,1.00,1.00
2015.03.25 19:10:29.154,0.73001,0.73017,1.00,1.00
2015.03.25 19:10:29.581,0.73,0.73013,1.00,1.00
2015.03.25 19:10:29.681,0.72998,0.73013,1.00,1.00
2015.03.25 19:10:29.782,0.72998,0.73011,1.00,1.00
2015.03.25 19:10:29.882,0.72995,0.73011,1.00,1.00
2015.03.25 19:10:30.033,0.72995,0.73009,1.00,1.00
2015.03.25 19:10:30.205,0.72992,0.73009,1.00,1.00
2015.03.25 19:10:31.086,0.72993,0.73009,1.00,1.00
2015.03.25 19:10:33.208,0.72995,0.73009,1.00,1.00
2015.03.25 19:10:33.727,0.72994,0.73009,1.00,1.00
2015.03.25 19:10:34.307,0.72994,0.73008,1.00,1.00
2015.03.25 19:10:34.625,0.72994,0.73006,1.00,1.00
2015.03.25 19:10:37.144,0.72994,0.73007,1.00,1.00
2015.03.25 19:10:38.236,0.72991,0.73007,1.00,1.00
2015.03.25 19:10:38.816,0.72992,0.73007,1.00,1.00
2015.03.25 19:10:41.580,0.72991,0.73007,1.00,1.00
2015.03.25 19:10:45.187,0.72993,0.7301,1.00,1.00
2015.03.25 19:10:56.519,0.72995,0.7301,1.00,1.00
2015.03.25 19:10:56.620,0.72995,0.73012,1.00,1.00
2015.03.25 19:10:56.812,0.72998,0.73011,1.00,1.00
2015.03.25 19:10:57.053,0.72997,0.73013,1.00,1.00
2015.03.25 19:10:57.204,0.73,0.73014,1.00,1.00
2015.03.25 19:10:57.274,0.73,0.73016,1.00,1.00
2015.03.25 19:10:57.425,0.73002,0.73016,1.00,1.00
2015.03.25 19:10:57.775,0.73004,0.73017,1.00,1.00
2015.03.25 19:10:58.145,0.73002,0.73018,1.00,1.00
2015.03.25 19:10:58.195,0.73002,0.73016,1.00,1.00
2015.03.25 19:11:00.463,0.73002,0.73015,1.00,1.00
2015.03.25 19:11:00.835,0.73001,0.73026,1.00,1.37
2015.03.25 19:11:05.114,0.73007,0.73026,1.00,1.00
2015.03.25 19:11:05.417,0.73017,0.73027,1.00,1.00
2015.03.25 19:11:05.634,0.73017,0.73029,1.00,1.00
2015.03.25 19:11:07.063,0.73017,0.7303,1.00,1.00
2015.03.25 19:11:07.955,0.7302,0.73032,1.00,1.00
2015.03.25 19:11:08.184,0.73016,0.73029,1.00,1.00
2015.03.25 19:11:08.383,0.73016,0.73027,1.00,1.00
2015.03.25 19:11:09.064,0.73015,0.73027,1.00,1.00
2015.03.25 19:11:09.499,0.73012,0.73025,1.00,1.00
2015.03.25 19:11:09.844,0.73016,0.73029,1.00,1.00
2015.03.25 19:11:10.363,0.73016,0.73027,1.00,1.00
2015.03.25 19:11:10.467,0.73012,0.73027,1.00,1.00
2015.03.25 19:11:10.627,0.73011,0.73025,1.00,1.00
2015.03.25 19:11:10.832,0.73011,0.73027,1.00,1.00
2015.03.25 19:11:12.013,0.73011,0.7303,1.00,1.00
2015.03.25 19:11:12.115,0.73018,0.7303,1.00,1.00
2015.03.25 19:11:12.266,0.73018,0.73032,1.00,1.00
2015.03.25 19:11:12.562,0.73018,0.73028,1.00,1.00
2015.03.25 19:11:12.713,0.73014,0.73028,1.00,1.00
2015.03.25 19:11:13.243,0.73013,0.73027,1.00,1.00
2015.03.25 19:11:13.784,0.7301,0.73025,1.00,1.00
2015.03.25 19:11:13.884,0.73009,0.73037,1.00,1.75
2015.03.25 19:11:14.035,0.73009,0.73037,1.00,1.75
2015.03.25 19:11:14.095,0.73007,0.73037,1.00,1.75
2015.03.25 19:11:14.324,0.73007,0.73019,1.00,1.00
2015.03.25 19:11:15.305,0.73005,0.73019,1.00,1.00
2015.03.25 19:11:16.334,0.73009,0.73019,1.00,1.00
2015.03.25 19:11:16.435,0.7301,0.73022,1.00,1.00
2015.03.25 19:11:16.535,0.7301,0.73026,1.00,1.00
2015.03.25 19:11:16.636,0.73008,0.73025,1.00,1.00
2015.03.25 19:11:16.787,0.73008,0.73021,1.00,1.00
2015.03.25 19:11:17.098,0.73005,0.7302,1.00,1.00
2015.03.25 19:11:17.616,0.73008,0.73021,1.00,1.00
2015.03.25 19:11:17.946,0.73005,0.73021,1.00,1.00
2015.03.25 19:11:18.111,0.73005,0.73019,1.00,1.00
2015.03.25 19:11:18.165,0.73002,0.73019,1.00,1.00
2015.03.25 19:11:18.283,0.73002,0.73016,1.00,1.00
2015.03.25 19:11:19.321,0.73002,0.73019,1.00,1.00
2015.03.25 19:11:19.422,0.7301,0.73019,1.00,1.00
2015.03.25 19:11:19.523,0.73011,0.73026,1.00,1.00
2015.03.25 19:11:19.595,0.73009,0.73026,1.00,1.00
2015.03.25 19:11:19.645,0.73009,0.73023,1.00,1.00
2015.03.25 19:11:19.746,0.73007,0.73023,1.00,1.00
2015.03.25 19:11:19.823,0.73007,0.73021,1.00,1.00
2015.03.25 19:11:21.835,0.7301,0.73021,1.00,1.00
2015.03.25 19:11:21.936,0.7301,0.73024,1.00,1.00
2015.03.25 19:11:22.037,0.73013,0.73028,1.00,1.00
2015.03.25 19:11:23.013,0.73013,0.73029,1.00,1.00
2015.03.25 19:11:26.085,0.73017,0.73029,1.00,1.00
2015.03.25 19:11:30.064,0.73011,0.73029,1.00,1.00
2015.03.25 19:11:30.115,0.73011,0.73029,1.00,1.37
2015.03.25 19:11:30.165,0.73008,0.73027,1.00,1.12
2015.03.25 19:11:30.216,0.73008,0.73027,1.00,1.37
2015.03.25 19:11:30.266,0.73006,0.73027,1.00,1.37
2015.03.25 19:11:30.317,0.73006,0.73022,1.00,1.00
2015.03.25 19:11:30.417,0.73002,0.73019,1.00,1.00
2015.03.25 19:11:31.013,0.73002,0.73018,1.00,1.00
2015.03.25 19:11:31.255,0.73004,0.73018,1.00,1.00
2015.03.25 19:11:32.472,0.73005,0.73019,1.00,1.00
2015.03.25 19:11:35.375,0.7301,0.73019,1.00,1.00
2015.03.25 19:11:35.476,0.7301,0.73024,1.00,1.00
2015.03.25 19:11:35.771,0.73006,0.73023,1.00,1.00
2015.03.25 19:11:35.822,0.73006,0.73021,1.00,1.00
2015.03.25 19:11:35.923,0.73004,0.73021,1.00,1.00
2015.03.25 19:11:36.023,0.73004,0.73019,1.00,1.00
2015.03.25 19:11:36.474,0.73004,0.73017,1.00,1.00
2015.03.25 19:11:40.294,0.73007,0.73019,1.00,1.00
2015.03.25 19:11:40.869,0.73007,0.73018,1.00,1.00
2015.03.25 19:11:47.915,0.73004,0.73018,1.00,1.00
2015.03.25 19:11:51.494,0.73005,0.73018,1.00,1.00
2015.03.25 19:11:54.957,0.73005,0.7302,1.00,1.00
2015.03.25 19:12:02.510,0.73008,0.73022,1.00,1.00
2015.03.25 19:12:02.812,0.73008,0.7302,1.00,1.00
2015.03.25 19:12:04.626,0.73005,0.73019,1.00,1.00
2015.03.25 19:12:04.706,0.73005,0.73017,1.00,1.00
2015.03.25 19:12:05.378,0.73005,0.7302,1.00,1.00
2015.03.25 19:12:05.464,0.73007,0.7302,1.00,1.00
2015.03.25 19:12:17.697,0.73007,0.73022,1.00,1.00
2015.03.25 19:12:19.875,0.7301,0.73022,1.00,1.00
2015.03.25 19:12:23.071,0.7301,0.7302,1.00,1.00
2015.03.25 19:12:23.951,0.7301,0.73022,1.00,1.00
2015.03.25 19:12:25.161,0.7301,0.73023,1.00,1.00
2015.03.25 19:12:32.354,0.7301,0.73021,1.00,1.00
2015.03.25 19:12:34.404,0.7301,0.73022,1.00,1.00
2015.03.25 19:12:35.546,0.7301,0.73023,1.00,1.00
2015.03.25 19:12:37.364,0.73012,0.73023,1.00,1.00
2015.03.25 19:12:45.037,0.73015,0.73023,1.00,1.00
2015.03.25 19:12:45.088,0.73016,0.73027,1.00,1.00
2015.03.25 19:12:45.190,0.73016,0.7303,1.00,1.00
2015.03.25 19:12:45.772,0.73016,0.73029,1.00,1.00
2015.03.25 19:12:46.275,0.73016,0.73028,1.00,1.00
2015.03.25 19:12:46.973,0.73014,0.73026,1.00,1.00
2015.03.25 19:12:50.711,0.73014,0.73027,1.00,1.00
2015.03.25 19:12:51.825,0.73015,0.73027,1.00,1.00
2015.03.25 19:12:52.155,0.73018,0.73028,1.00,1.00
2015.03.25 19:12:52.474,0.73018,0.73032,1.00,1.00
2015.03.25 19:12:53.259,0.7302,0.73032,1.00,1.00
2015.03.25 19:12:53.864,0.73021,0.73032,1.00,1.00
2015.03.25 19:12:54.442,0.73021,0.73035,1.00,1.00
2015.03.25 19:12:55.245,0.73021,0.73033,1.00,1.00
2015.03.25 19:12:56.118,0.73018,0.73031,1.00,1.00
2015.03.25 19:12:56.866,0.73018,0.7303,1.00,1.00
2015.03.25 19:12:57.522,0.73018,0.73031,1.00,1.00
2015.03.25 19:12:58.093,0.73018,0.7303,1.00,1.00
2015.03.25 19:13:00.674,0.73016,0.7303,1.00,1.00
2015.03.25 19:13:00.725,0.73013,0.73023,1.00,1.00
2015.03.25 19:13:00.775,0.73008,0.73023,1.00,1.00
2015.03.25 19:13:00.876,0.73005,0.73023,1.00,1.00
2015.03.25 19:13:00.926,0.73005,0.73019,1.00,1.00
2015.03.25 19:13:01.064,0.73005,0.7303,1.00,1.37
2015.03.25 19:13:01.180,0.73005,0.7303,1.00,2.25
2015.03.25 19:13:01.501,0.73005,0.7303,1.00,1.37
2015.03.25 19:13:01.682,0.73005,0.73029,1.00,1.37
2015.03.25 19:13:02.003,0.73005,0.73017,1.00,1.00
2015.03.25 19:13:03.587,0.73005,0.73015,1.00,1.00
2015.03.25 19:13:05.199,0.73002,0.73015,1.00,1.00
2015.03.25 19:13:05.250,0.73005,0.73015,1.00,1.00
2015.03.25 19:13:05.350,0.73005,0.73018,1.00,1.00
2015.03.25 19:13:05.501,0.73002,0.73018,1.00,1.00
2015.03.25 19:13:05.551,0.73002,0.73016,1.00,1.00
2015.03.25 19:13:05.602,0.73,0.73016,1.00,1.00
2015.03.25 19:13:05.652,0.73,0.73014,1.00,1.00
2015.03.25 19:13:05.703,0.72997,0.73014,1.00,1.00
2015.03.25 19:13:06.270,0.72998,0.73014,1.00,1.00
2015.03.25 19:13:06.676,0.72996,0.73014,1.00,1.00
2015.03.25 19:13:06.777,0.72996,0.73012,1.00,1.00
2015.03.25 19:13:07.078,0.72996,0.73009,1.00,1.00
2015.03.25 19:13:07.129,0.72993,0.73009,1.00,1.00
2015.03.25 19:13:09.694,0.72992,0.73009,1.00,1.00
2015.03.25 19:13:09.865,0.72992,0.73007,1.00,1.00
2015.03.25 19:13:09.915,0.72989,0.73007,1.00,1.00
2015.03.25 19:13:10.066,0.72989,0.73004,1.00,1.00
2015.03.25 19:13:11.154,0.72989,0.73003,1.00,1.00
2015.03.25 19:13:11.764,0.72986,0.73003,1.00,1.00
2015.03.25 19:13:11.814,0.72986,0.73001,1.00,1.00
2015.03.25 19:13:12.124,0.72986,0.72999,1.00,1.00
2015.03.25 19:13:13.051,0.72986,0.73002,1.00,1.00
2015.03.25 19:13:13.781,0.72986,0.73,1.00,1.00
2015.03.25 19:13:14.082,0.72991,0.73001,1.00,1.00
2015.03.25 19:13:14.366,0.72991,0.73005,1.00,1.00
2015.03.25 19:13:14.417,0.72993,0.73005,1.00,1.00
2015.03.25 19:13:15.584,0.72993,0.73008,1.00,1.00
2015.03.25 19:13:16.422,0.72993,0.73009,1.00,1.00
2015.03.25 19:13:16.684,0.72993,0.73012,1.00,1.00
2015.03.25 19:13:16.735,0.73,0.73012,1.00,1.00
2015.03.25 19:13:20.724,0.73,0.73011,1.00,1.00
2015.03.25 19:13:22.642,0.72999,0.73011,1.00,1.00
2015.03.25 19:13:26.272,0.73002,0.73011,1.00,1.00
2015.03.25 19:13:26.430,0.73002,0.73013,1.00,1.00
2015.03.25 19:13:26.713,0.73004,0.73013,1.00,1.00
2015.03.25 19:13:26.764,0.73004,0.73016,1.00,1.00
2015.03.25 19:13:26.915,0.73006,0.73016,1.00,1.00
2015.03.25 19:13:27.016,0.73006,0.73019,1.00,1.00
2015.03.25 19:13:27.066,0.73008,0.73019,1.00,1.00
2015.03.25 19:13:27.326,0.73008,0.73021,1.00,1.00
2015.03.25 19:13:27.377,0.7301,0.73021,1.00,1.00
2015.03.25 19:13:28.914,0.73007,0.73021,1.00,1.00
2015.03.25 19:13:29.460,0.73007,0.73022,1.00,1.00
2015.03.25 19:13:34.173,0.73009,0.73022,1.00,1.00
2015.03.25 19:13:34.941,0.73009,0.7302,1.00,1.00
2015.03.25 19:13:34.992,0.73007,0.7302,1.00,1.00
2015.03.25 19:13:42.857,0.73007,0.73021,1.00,1.00
2015.03.25 19:13:48.762,0.73007,0.73022,1.00,1.00
2015.03.25 19:14:02.956,0.73007,0.73019,1.00,1.00
2015.03.25 19:14:12.012,0.73004,0.73019,1.00,1.00
2015.03.25 19:14:12.842,0.73004,0.73018,1.00,1.00
2015.03.25 19:14:20.661,0.73004,0.73017,1.00,1.00
2015.03.25 19:14:22.983,0.73004,0.73019,1.00,1.00
2015.03.25 19:14:29.740,0.73002,0.73019,1.00,1.00
2015.03.25 19:14:32.370,0.73002,0.73017,1.00,1.00
2015.03.25 19:14:32.473,0.73002,0.73027,1.00,1.37
2015.03.25 19:14:32.573,0.72999,0.73027,1.00,1.50
2015.03.25 19:14:32.674,0.72999,0.73012,1.00,1.00
2015.03.25 19:14:32.725,0.72997,0.73012,1.00,1.00
2015.03.25 19:14:32.982,0.72996,0.7301,1.00,1.00
2015.03.25 19:14:34.189,0.72996,0.73009,1.00,1.00
2015.03.25 19:14:36.564,0.72992,0.73009,1.00,1.00
2015.03.25 19:14:36.893,0.72995,0.73008,1.00,1.00
2015.03.25 19:14:37.201,0.72995,0.7302,1.00,1.75
2015.03.25 19:14:37.251,0.72995,0.7302,1.00,1.75
2015.03.25 19:14:37.553,0.72994,0.73008,1.00,1.00
2015.03.25 19:14:37.930,0.72996,0.73011,1.00,1.00
2015.03.25 19:14:38.454,0.72996,0.7301,1.00,1.00
2015.03.25 19:14:38.555,0.72998,0.7301,1.00,1.00
2015.03.25 19:14:38.606,0.72998,0.73022,1.00,1.00
2015.03.25 19:14:38.656,0.72998,0.73022,1.00,1.37
2015.03.25 19:14:38.757,0.73,0.73025,1.00,1.37
2015.03.25 19:14:39.579,0.73,0.73015,1.00,1.00
2015.03.25 19:14:39.960,0.73002,0.73016,1.00,1.00
2015.03.25 19:14:42.117,0.73002,0.73019,1.00,1.00
2015.03.25 19:14:42.167,0.73005,0.73019,1.00,1.00
2015.03.25 19:14:42.268,0.73002,0.73017,1.00,1.00
2015.03.25 19:14:42.368,0.73002,0.7302,1.00,1.00
2015.03.25 19:14:42.419,0.73005,0.7302,1.00,1.00
2015.03.25 19:14:42.469,0.73005,0.73022,1.00,1.00
2015.03.25 19:14:47.551,0.73009,0.73022,1.00,1.00
2015.03.25 19:14:47.608,0.73009,0.73025,1.00,1.00
2015.03.25 19:14:48.756,0.73009,0.73023,1.00,1.00
2015.03.25 19:14:49.070,0.73012,0.73028,1.00,1.00
2015.03.25 19:14:49.221,0.73016,0.73028,1.00,1.00
2015.03.25 19:14:49.271,0.73016,0.7303,1.00,1.00
2015.03.25 19:14:50.306,0.73017,0.7303,1.00,1.00
2015.03.25 19:14:50.357,0.73015,0.7303,1.00,1.00
2015.03.25 19:14:51.187,0.73015,0.73029,1.00,1.00
2015.03.25 19:14:52.603,0.73009,0.73029,1.00,1.00
2015.03.25 19:14:52.757,0.73007,0.73029,1.00,1.00
2015.03.25 19:14:52.808,0.73007,0.73025,1.00,1.00
2015.03.25 19:14:53.439,0.73007,0.73024,1.00,1.00
2015.03.25 19:14:53.989,0.73007,0.73023,1.00,1.00
2015.03.25 19:15:00.588,0.73007,0.73022,1.00,1.00
2015.03.25 19:15:02.788,0.73007,0.7302,1.00,1.00
2015.03.25 19:15:02.947,0.73005,0.7302,1.00,1.00
2015.03.25 19:15:03.009,0.73005,0.73018,1.00,1.00
2015.03.25 19:15:03.169,0.73003,0.73017,1.00,1.00
2015.03.25 19:15:03.559,0.73003,0.73015,1.00,1.00
2015.03.25 19:15:03.760,0.72999,0.73014,1.00,1.00
2015.03.25 19:15:03.861,0.73001,0.73014,1.00,1.00
2015.03.25 19:15:04.417,0.73001,0.73015,1.00,1.00
2015.03.25 19:15:29.722,0.73004,0.73015,1.00,1.00
2015.03.25 19:15:30.258,0.73002,0.73015,1.00,1.00
2015.03.25 19:15:33.480,0.73002,0.73013,1.00,1.00
2015.03.25 19:15:33.818,0.73002,0.73016,1.00,1.00
2015.03.25 19:15:34.350,0.73003,0.73017,1.00,1.00
2015.03.25 19:15:34.530,0.73003,0.73019,1.00,1.00
2015.03.25 19:15:57.348,0.73003,0.73018,1.00,1.00
2015.03.25 19:15:58.271,0.73001,0.73018,1.00,1.00
2015.03.25 19:16:00.340,0.73001,0.73015,1.00,1.00
2015.03.25 19:16:02.557,0.73001,0.73016,1.00,1.00
2015.03.25 19:16:03.059,0.73001,0.73015,1.00,1.00
2015.03.25 19:16:03.110,0.73001,0.73017,1.00,1.00
2015.03.25 19:16:03.224,0.73004,0.73018,1.00,1.00
2015.03.25 19:16:03.532,0.73002,0.73015,1.00,1.00
2015.03.25 19:16:03.650,0.73002,0.73017,1.00,1.00
2015.03.25 19:16:03.800,0.73004,0.73018,1.00,1.00
2015.03.25 19:16:04.105,0.73002,0.73017,1.00,1.00
2015.03.25 19:16:04.205,0.73002,0.73019,1.00,1.00
2015.03.25 19:16:04.256,0.73004,0.73019,1.00,1.00
2015.03.25 19:16:11.453,0.73004,0.73017,1.00,1.00
2015.03.25 19:16:11.504,0.72999,0.73017,1.00,1.00
2015.03.25 19:16:12.297,0.72999,0.73016,1.00,1.00
2015.03.25 19:16:12.348,0.72999,0.7301,1.00,1.00
2015.03.25 19:16:12.398,0.72992,0.7301,1.00,1.00
2015.03.25 19:16:12.449,0.72992,0.73002,1.00,1.00
2015.03.25 19:16:12.499,0.72986,0.73002,1.00,1.00
2015.03.25 19:16:12.550,0.72986,0.72998,1.00,1.00
2015.03.25 19:16:12.815,0.72982,0.72997,1.00,1.00
2015.03.25 19:16:13.342,0.72982,0.72998,1.00,1.00
2015.03.25 19:16:14.202,0.72985,0.72998,1.00,1.00
2015.03.25 19:16:14.403,0.72985,0.73001,1.00,1.00
2015.03.25 19:16:14.454,0.72988,0.73001,1.00,1.00
2015.03.25 19:16:14.878,0.7299,0.73005,1.00,1.00
2015.03.25 19:16:14.979,0.72993,0.73007,1.00,1.00
2015.03.25 19:16:17.630,0.72989,0.73007,1.00,1.00
2015.03.25 19:16:17.730,0.72986,0.73005,1.00,1.00
2015.03.25 19:16:17.847,0.72986,0.73001,1.00,1.00
2015.03.25 19:16:21.132,0.72986,0.72998,1.00,1.00
2015.03.25 19:16:23.893,0.72988,0.72999,1.00,1.00
2015.03.25 19:16:24.428,0.72988,0.73,1.00,1.00
2015.03.25 19:16:24.517,0.72988,0.73002,1.00,1.00
2015.03.25 19:16:24.768,0.72989,0.73004,1.00,1.00
2015.03.25 19:16:25.198,0.72989,0.73008,1.00,1.00
2015.03.25 19:16:25.248,0.72992,0.73008,1.00,1.00
2015.03.25 19:16:25.608,0.72995,0.73008,1.00,1.00
2015.03.25 19:16:33.231,0.72994,0.73008,1.00,1.00
2015.03.25 19:16:35.187,0.72994,0.73007,1.00,1.00
2015.03.25 19:16:46.337,0.72994,0.73008,1.00,1.00
2015.03.25 19:16:47.200,0.72995,0.73008,1.00,1.00
2015.03.25 19:16:50.146,0.72995,0.7301,1.00,1.00
2015.03.25 19:16:50.408,0.72998,0.73013,1.00,1.00
2015.03.25 19:16:50.508,0.72999,0.73015,1.00,1.00
2015.03.25 19:16:50.659,0.73001,0.73016,1.00,1.00
2015.03.25 19:16:51.678,0.73001,0.73017,1.00,1.00
2015.03.25 19:16:55.890,0.72997,0.73017,1.00,1.00
2015.03.25 19:16:58.192,0.72997,0.73014,1.00,1.00
2015.03.25 19:16:58.826,0.72997,0.73012,1.00,1.00
2015.03.25 19:16:59.132,0.73,0.73015,1.00,1.00
2015.03.25 19:17:01.386,0.73,0.73014,1.00,1.00
2015.03.25 19:17:01.706,0.73,0.73011,1.00,1.00
2015.03.25 19:17:42.971,0.72998,0.7301,1.00,1.00
2015.03.25 19:17:44.525,0.72999,0.7301,1.00,1.00
2015.03.25 19:17:44.925,0.72999,0.73013,1.00,1.00
2015.03.25 19:17:47.015,0.72999,0.73011,1.00,1.00
2015.03.25 19:17:52.009,0.72997,0.73011,1.00,1.00
2015.03.25 19:17:52.110,0.72994,0.7301,1.00,1.00
2015.03.25 19:17:52.441,0.72994,0.73008,1.00,1.00
2015.03.25 19:17:56.726,0.72994,0.73007,1.00,1.00
2015.03.25 19:18:10.775,0.72994,0.73006,1.00,1.00
2015.03.25 19:18:11.335,0.72994,0.73005,1.00,1.00
2015.03.25 19:18:20.457,0.72994,0.73007,1.00,1.00
2015.03.25 19:18:21.995,0.72994,0.73006,1.00,1.00
2015.03.25 19:18:22.666,0.72994,0.73005,1.00,1.00
2015.03.25 19:18:27.274,0.72994,0.73007,1.00,1.00
2015.03.25 19:18:43.554,0.72994,0.73008,1.00,1.00
2015.03.25 19:18:43.665,0.72994,0.73006,1.00,1.00
2015.03.25 19:18:46.131,0.72996,0.73006,1.00,1.00
2015.03.25 19:18:48.835,0.72996,0.73007,1.00,1.00
2015.03.25 19:18:51.145,0.72996,0.73009,1.00,1.00
2015.03.25 19:18:51.694,0.72996,0.73007,1.00,1.00
2015.03.25 19:18:51.859,0.72993,0.73007,1.00,1.00
2015.03.25 19:18:52.467,0.72993,0.73008,1.00,1.00
2015.03.25 19:18:52.622,0.72996,0.73009,1.00,1.00
2015.03.25 19:18:52.722,0.72997,0.73011,1.00,1.00
2015.03.25 19:18:53.930,0.72997,0.7301,1.00,1.00
2015.03.25 19:19:10.723,0.72997,0.73008,1.00,1.00
2015.03.25 19:19:14.049,0.72993,0.73008,1.00,1.00
2015.03.25 19:19:16.726,0.72995,0.73008,1.00,1.00
2015.03.25 19:19:16.883,0.72995,0.7301,1.00,1.00
2015.03.25 19:19:19.814,0.72998,0.7301,1.00,1.00
2015.03.25 19:19:25.355,0.72998,0.73012,1.00,1.00
2015.03.25 19:19:27.262,0.73001,0.73012,1.00,1.00
2015.03.25 19:19:27.775,0.73001,0.73013,1.00,1.00
2015.03.25 19:19:29.423,0.73001,0.73012,1.00,1.00
2015.03.25 19:19:30.685,0.73,0.73012,1.00,1.00
2015.03.25 19:19:31.081,0.73001,0.73015,1.00,1.00
2015.03.25 19:19:31.134,0.73003,0.73015,1.00,1.00
2015.03.25 19:19:34.218,0.73,0.73015,1.00,1.00
2015.03.25 19:19:34.419,0.73,0.73012,1.00,1.00
2015.03.25 19:19:34.950,0.72999,0.73012,1.00,1.00
2015.03.25 19:19:35.257,0.73008,0.73024,1.00,1.00
2015.03.25 19:19:35.307,0.73013,0.73024,1.00,1.00
2015.03.25 19:19:35.416,0.73009,0.73022,1.00,1.00
2015.03.25 19:19:35.745,0.73012,0.73023,1.00,1.00
2015.03.25 19:19:35.845,0.73012,0.73027,1.00,1.00
2015.03.25 19:19:36.464,0.73012,0.73025,1.00,1.00
2015.03.25 19:19:36.615,0.73012,0.73028,1.00,1.00
2015.03.25 19:19:36.825,0.73012,0.73025,1.00,1.00
2015.03.25 19:19:36.926,0.73012,0.73028,1.00,1.00
2015.03.25 19:19:41.413,0.73012,0.73027,1.00,1.00
2015.03.25 19:19:47.489,0.73013,0.73027,1.00,1.00
2015.03.25 19:19:47.855,0.73011,0.73026,1.00,1.00
2015.03.25 19:19:48.049,0.73009,0.73026,1.00,1.00
2015.03.25 19:19:48.558,0.73008,0.73025,1.00,1.00
2015.03.25 19:19:49.100,0.73008,0.73024,1.00,1.00
2015.03.25 19:19:49.251,0.73009,0.73026,1.00,1.00
2015.03.25 19:19:49.402,0.73006,0.73026,1.00,1.00
2015.03.25 19:19:49.453,0.73006,0.73023,1.00,1.00
2015.03.25 19:19:50.324,0.73006,0.73025,1.00,1.00
2015.03.25 19:19:51.049,0.73006,0.73023,1.00,1.00
2015.03.25 19:19:51.364,0.73006,0.73021,1.00,1.00
2015.03.25 19:19:51.539,0.73006,0.73023,1.00,1.00
2015.03.25 19:19:51.754,0.73006,0.73021,1.00,1.00
2015.03.25 19:19:52.022,0.73006,0.73023,1.00,1.00
2015.03.25 19:19:54.424,0.7301,0.73023,1.00,1.00
2015.03.25 19:19:54.983,0.7301,0.73024,1.00,1.00
2015.03.25 19:19:58.023,0.7301,0.73023,1.00,1.00
2015.03.25 19:20:00.147,0.7301,0.73022,1.00,1.00
2015.03.25 19:20:00.298,0.73007,0.7302,1.00,1.00
2015.03.25 19:20:00.444,0.73007,0.73022,1.00,1.00
2015.03.25 19:20:06.295,0.73007,0.7302,1.00,1.00
2015.03.25 19:20:06.716,0.73006,0.73018,1.00,1.00
2015.03.25 19:20:07.197,0.7301,0.73023,1.00,1.00
2015.03.25 19:20:07.357,0.73008,0.7302,1.00,1.00
2015.03.25 19:20:07.608,0.73011,0.73025,1.00,1.00
2015.03.25 19:20:07.659,0.73014,0.73025,1.00,1.00
2015.03.25 19:20:07.709,0.73014,0.73027,1.00,1.00
2015.03.25 19:20:07.760,0.73016,0.73027,1.00,1.00
2015.03.25 19:20:07.816,0.73016,0.7303,1.00,1.00
2015.03.25 19:20:08.148,0.73017,0.73033,1.00,1.00
2015.03.25 19:20:11.449,0.73017,0.73029,1.00,1.00
2015.03.25 19:20:11.556,0.73017,0.73032,1.00,1.00
2015.03.25 19:20:12.146,0.73017,0.7303,1.00,1.00
2015.03.25 19:20:12.216,0.73017,0.73033,1.00,1.00
2015.03.25 19:20:16.118,0.73015,0.73031,1.00,1.00
2015.03.25 19:20:16.552,0.73015,0.73029,1.00,1.00
2015.03.25 19:20:16.726,0.73015,0.73031,1.00,1.00
2015.03.25 19:20:19.174,0.73017,0.73031,1.00,1.00
2015.03.25 19:20:19.256,0.73017,0.73033,1.00,1.00
2015.03.25 19:20:19.736,0.73023,0.73035,1.00,1.00
2015.03.25 19:20:19.837,0.73023,0.73037,1.00,1.00
2015.03.25 19:20:19.937,0.73023,0.7304,1.00,1.00
2015.03.25 19:20:20.136,0.73023,0.73038,1.00,1.00
2015.03.25 19:20:20.652,0.73022,0.73038,1.00,1.00
2015.03.25 19:20:21.285,0.7302,0.73036,1.00,1.00
2015.03.25 19:20:22.776,0.7302,0.73035,1.00,1.00
2015.03.25 19:20:26.130,0.73018,0.73035,1.00,1.00
2015.03.25 19:20:26.235,0.73015,0.73033,1.00,1.00
2015.03.25 19:20:26.298,0.73015,0.73029,1.00,1.00
2015.03.25 19:20:26.687,0.7301,0.73028,1.00,1.00
2015.03.25 19:20:27.286,0.7301,0.73025,1.00,1.00
2015.03.25 19:20:27.437,0.73006,0.73025,1.00,1.00
2015.03.25 19:20:27.506,0.73006,0.73021,1.00,1.00
2015.03.25 19:20:27.838,0.73004,0.73018,1.00,1.00
2015.03.25 19:20:27.988,0.73002,0.73018,1.00,1.00
2015.03.25 19:20:28.276,0.73002,0.73015,1.00,1.00
2015.03.25 19:20:28.386,0.73007,0.73021,1.00,1.00
2015.03.25 19:20:28.496,0.73007,0.73024,1.00,1.00
2015.03.25 19:20:29.238,0.73007,0.73025,1.00,1.00
2015.03.25 19:20:29.760,0.73012,0.73025,1.00,1.00
2015.03.25 19:20:30.190,0.73012,0.73027,1.00,1.00
2015.03.25 19:20:33.448,0.73012,0.73029,1.00,1.00
2015.03.25 19:20:33.692,0.73014,0.73029,1.00,1.00
2015.03.25 19:20:35.892,0.73017,0.73029,1.00,1.00
2015.03.25 19:20:36.418,0.73017,0.73034,1.00,1.00
2015.03.25 19:20:36.469,0.73019,0.73034,1.00,1.00
2015.03.25 19:20:36.796,0.73019,0.73032,1.00,1.00
2015.03.25 19:20:36.896,0.73019,0.73034,1.00,1.00
2015.03.25 19:20:37.955,0.73019,0.73033,1.00,1.00
2015.03.25 19:20:38.505,0.73019,0.73034,1.00,1.00
2015.03.25 19:20:39.276,0.73019,0.73035,1.00,1.00
2015.03.25 19:20:40.728,0.73019,0.73037,1.00,1.00
2015.03.25 19:20:41.433,0.73019,0.73036,1.00,1.00
2015.03.25 19:20:45.577,0.73021,0.73037,1.00,1.00
2015.03.25 19:20:46.058,0.73025,0.73037,1.00,1.00
2015.03.25 19:20:46.108,0.73025,0.73044,1.00,1.00
2015.03.25 19:20:46.675,0.73026,0.73045,1.00,1.00
2015.03.25 19:20:48.212,0.73028,0.73045,1.00,1.00
2015.03.25 19:20:50.056,0.73028,0.73044,1.00,1.00
2015.03.25 19:20:50.386,0.7303,0.73047,1.00,1.00
2015.03.25 19:20:51.276,0.7303,0.73042,1.00,1.00
2015.03.25 19:20:51.428,0.73027,0.73043,1.00,1.00
2015.03.25 19:20:51.639,0.73027,0.73041,1.00,1.00
2015.03.25 19:20:51.693,0.73025,0.73041,1.00,1.00
2015.03.25 19:20:51.944,0.73024,0.73036,1.00,1.00
2015.03.25 19:20:52.463,0.73026,0.73036,1.00,1.00
2015.03.25 19:20:52.514,0.73026,0.73039,1.00,1.00
2015.03.25 19:20:52.629,0.73026,0.73041,1.00,1.00
2015.03.25 19:20:53.187,0.73026,0.73042,1.00,1.00
2015.03.25 19:20:53.566,0.73023,0.73042,1.00,1.00
2015.03.25 19:20:53.616,0.73023,0.73038,1.00,1.00
2015.03.25 19:20:54.243,0.73023,0.73039,1.00,1.00
2015.03.25 19:20:54.582,0.73027,0.73039,1.00,1.00
2015.03.25 19:20:54.683,0.73028,0.73042,1.00,1.00
2015.03.25 19:20:54.783,0.7303,0.73042,1.00,1.00
2015.03.25 19:20:56.140,0.7303,0.73044,1.00,1.00
2015.03.25 19:20:58.096,0.7303,0.73043,1.00,1.00
2015.03.25 19:20:58.196,0.73028,0.73043,1.00,1.00
2015.03.25 19:20:58.247,0.73028,0.73041,1.00,1.00
2015.03.25 19:20:58.543,0.73028,0.73044,1.00,1.00
2015.03.25 19:20:59.061,0.73027,0.73045,1.00,1.00
2015.03.25 19:20:59.212,0.73027,0.73041,1.00,1.00
2015.03.25 19:20:59.281,0.73025,0.73041,1.00,1.00
2015.03.25 19:21:00.615,0.73025,0.73042,1.00,1.00
2015.03.25 19:21:02.265,0.73025,0.73041,1.00,1.00
2015.03.25 19:21:02.529,0.73024,0.73038,1.00,1.00
2015.03.25 19:21:03.064,0.73024,0.73037,1.00,1.00
2015.03.25 19:21:04.266,0.73025,0.73037,1.00,1.00
2015.03.25 19:21:04.502,0.73029,0.73042,1.00,1.00
2015.03.25 19:21:05.042,0.7303,0.73043,1.00,1.00
2015.03.25 19:21:05.235,0.73031,0.73047,1.00,1.00
2015.03.25 19:21:05.336,0.73033,0.73047,1.00,1.00
2015.03.25 19:21:05.455,0.73033,0.73049,1.00,1.00
2015.03.25 19:21:05.675,0.73037,0.7305,1.00,1.00
2015.03.25 19:21:06.435,0.73033,0.7305,1.00,1.00
2015.03.25 19:21:06.555,0.73033,0.73047,1.00,1.00
2015.03.25 19:21:06.866,0.73033,0.73045,1.00,1.00
2015.03.25 19:21:07.971,0.73032,0.73045,1.00,1.00
2015.03.25 19:21:09.071,0.73028,0.73045,1.00,1.00
2015.03.25 19:21:09.222,0.73026,0.73044,1.00,1.00
2015.03.25 19:21:09.779,0.73026,0.73043,1.00,1.00
2015.03.25 19:21:09.989,0.73029,0.73043,1.00,1.00
2015.03.25 19:21:10.624,0.73029,0.73044,1.00,1.00
2015.03.25 19:21:11.936,0.73026,0.73044,1.00,1.37
2015.03.25 19:21:12.054,0.73026,0.73041,1.00,1.00
2015.03.25 19:21:13.506,0.73026,0.73043,1.00,1.00
2015.03.25 19:21:13.825,0.73027,0.7304,1.00,1.00
2015.03.25 19:21:14.453,0.73026,0.73039,1.00,1.00
2015.03.25 19:21:16.440,0.73024,0.73039,1.00,1.00
2015.03.25 19:21:17.114,0.73024,0.7304,1.00,1.00
2015.03.25 19:21:20.446,0.73024,0.73041,1.00,1.00
2015.03.25 19:21:21.515,0.73024,0.7304,1.00,1.00
2015.03.25 19:21:23.953,0.73026,0.73043,1.00,1.00
2015.03.25 19:21:24.924,0.73026,0.73044,1.00,1.00
2015.03.25 19:21:30.645,0.73026,0.73043,1.00,1.00
2015.03.25 19:21:37.599,0.73026,0.7304,1.00,1.00
2015.03.25 19:21:38.376,0.73026,0.73039,1.00,1.00
2015.03.25 19:21:39.336,0.73026,0.73041,1.00,1.00
2015.03.25 19:21:39.686,0.73028,0.73041,1.00,1.00
2015.03.25 19:21:39.787,0.73028,0.73043,1.00,1.00
2015.03.25 19:21:41.974,0.73028,0.73044,1.00,1.00
2015.03.25 19:21:42.180,0.7303,0.73044,1.00,1.00
2015.03.25 19:21:46.850,0.73027,0.73042,1.00,1.00
2015.03.25 19:21:46.951,0.73027,0.73038,1.00,1.00
2015.03.25 19:21:47.166,0.73027,0.7304,1.00,1.00
2015.03.25 19:21:47.267,0.73028,0.73043,1.00,1.00
2015.03.25 19:21:47.703,0.7303,0.73043,1.00,1.00
2015.03.25 19:21:51.016,0.7303,0.73044,1.00,1.00
2015.03.25 19:21:51.459,0.73035,0.73046,1.00,1.00
2015.03.25 19:21:51.560,0.73035,0.7305,1.00,1.00
2015.03.25 19:21:52.564,0.73036,0.7305,1.00,1.00
2015.03.25 19:21:52.796,0.73036,0.73052,1.00,1.00
2015.03.25 19:21:53.071,0.73039,0.73052,1.00,1.00
2015.03.25 19:21:53.305,0.73041,0.73055,1.00,1.00
2015.03.25 19:21:53.406,0.73043,0.73055,1.00,1.00
2015.03.25 19:21:53.525,0.73043,0.73057,1.00,1.00
2015.03.25 19:21:57.927,0.73039,0.73055,1.00,1.00
2015.03.25 19:21:58.034,0.73039,0.73052,1.00,1.00
2015.03.25 19:21:58.135,0.73037,0.73052,1.00,1.00
2015.03.25 19:21:58.494,0.73034,0.73048,1.00,1.00
2015.03.25 19:21:58.718,0.73032,0.73056,1.00,1.12
2015.03.25 19:21:58.920,0.73033,0.73048,1.00,1.00
2015.03.25 19:21:59.169,0.73031,0.73048,1.00,1.00
2015.03.25 19:22:00.563,0.73031,0.73047,1.00,1.00
2015.03.25 19:22:03.987,0.73028,0.73046,1.00,1.12
2015.03.25 19:22:04.088,0.73025,0.73046,1.00,1.12
2015.03.25 19:22:04.239,0.73025,0.73055,1.00,1.00
2015.03.25 19:22:04.339,0.73027,0.73043,1.00,1.00
2015.03.25 19:22:04.440,0.73027,0.73048,1.00,1.00
2015.03.25 19:22:04.511,0.73029,0.73048,1.00,1.00
2015.03.25 19:22:05.643,0.73029,0.73046,1.00,1.00
2015.03.25 19:22:07.905,0.73031,0.73046,1.00,1.00
2015.03.25 19:22:14.007,0.73031,0.73047,1.00,1.00
2015.03.25 19:22:17.612,0.73031,0.73045,1.00,1.00
2015.03.25 19:22:17.724,0.73031,0.73047,1.00,1.00
2015.03.25 19:22:18.054,0.73031,0.73045,1.00,1.00
2015.03.25 19:22:18.205,0.73031,0.73051,1.00,1.12
2015.03.25 19:22:18.406,0.73031,0.73046,1.00,1.00
2015.03.25 19:22:18.507,0.73029,0.73051,1.00,1.00
2015.03.25 19:22:19.184,0.73029,0.73056,1.00,1.50
2015.03.25 19:22:19.404,0.73029,0.73051,1.00,1.00
2015.03.25 19:22:19.954,0.73029,0.73056,1.00,2.25
2015.03.25 19:22:22.308,0.73029,0.73051,1.00,1.37
2015.03.25 19:22:22.358,0.73026,0.73051,1.00,1.37
2015.03.25 19:22:22.934,0.73026,0.73051,1.00,1.37
2015.03.25 19:22:26.554,0.73026,0.73045,1.00,1.00
2015.03.25 19:22:26.730,0.73023,0.73045,1.00,1.12
2015.03.25 19:22:27.390,0.73021,0.73045,1.00,1.12
2015.03.25 19:22:27.440,0.73021,0.73046,1.00,1.37
2015.03.25 19:22:29.248,0.73021,0.73045,1.00,1.87
2015.03.25 19:22:29.514,0.73018,0.73045,1.00,1.37
2015.03.25 19:22:29.665,0.73018,0.73041,1.00,1.75
2015.03.25 19:22:29.715,0.73015,0.73041,1.00,1.75
2015.03.25 19:22:31.443,0.73015,0.73041,1.00,1.50
2015.03.25 19:22:31.944,0.73015,0.73035,1.00,1.00
2015.03.25 19:22:32.484,0.73015,0.7303,1.00,1.00
2015.03.25 19:22:50.722,0.73015,0.73031,1.00,1.00
2015.03.25 19:23:10.626,0.73016,0.73031,1.00,1.00
2015.03.25 19:23:10.777,0.73016,0.73033,1.00,1.00
2015.03.25 19:23:11.073,0.73016,0.73035,1.00,1.00
2015.03.25 19:23:13.501,0.73016,0.73034,1.00,1.00
2015.03.25 19:23:15.043,0.73016,0.73035,1.00,1.00
2015.03.25 19:23:15.459,0.73019,0.73036,1.00,1.00
2015.03.25 19:23:20.684,0.73019,0.73035,1.00,1.00
2015.03.25 19:23:32.764,0.73019,0.73034,1.00,1.00
2015.03.25 19:23:35.301,0.7302,0.73044,1.00,1.37
2015.03.25 19:23:35.831,0.73021,0.73039,1.00,1.12
2015.03.25 19:23:36.362,0.73021,0.73039,1.00,1.37
2015.03.25 19:23:36.899,0.73021,0.73039,1.00,1.00
2015.03.25 19:23:39.484,0.7302,0.73038,1.00,1.00
2015.03.25 19:23:39.585,0.7302,0.73036,1.00,1.00
2015.03.25 19:23:40.812,0.7302,0.73035,1.00,1.00
2015.03.25 19:23:41.432,0.7302,0.73036,1.00,1.00
2015.03.25 19:23:46.192,0.7302,0.73035,1.00,1.00
2015.03.25 19:23:57.092,0.7302,0.73034,1.00,1.00
2015.03.25 19:24:00.821,0.7302,0.73033,1.00,1.00
2015.03.25 19:24:18.617,0.7302,0.73035,1.00,1.00
2015.03.25 19:24:19.185,0.7302,0.73033,1.00,1.00
2015.03.25 19:24:19.739,0.7302,0.73034,1.00,1.00
2015.03.25 19:24:22.161,0.73019,0.73034,1.00,1.00
2015.03.25 19:24:28.291,0.73019,0.73028,1.00,1.00
2015.03.25 19:24:28.478,0.73019,0.73033,1.00,1.00
2015.03.25 19:24:28.528,0.73016,0.73029,1.00,1.00
2015.03.25 19:24:28.658,0.73018,0.73032,1.00,1.00
2015.03.25 19:24:32.478,0.73018,0.73031,1.00,1.00
2015.03.25 19:24:36.664,0.73018,0.73035,1.00,1.00
2015.03.25 19:24:39.621,0.73018,0.73032,1.00,1.00
2015.03.25 19:24:46.115,0.73021,0.73035,1.00,1.00
2015.03.25 19:24:49.974,0.73019,0.73035,1.00,1.00
2015.03.25 19:24:50.075,0.73019,0.73032,1.00,1.00
2015.03.25 19:25:00.618,0.73016,0.73032,1.00,1.00
2015.03.25 19:25:19.778,0.73016,0.73031,1.00,1.00
2015.03.25 19:25:23.398,0.73016,0.73032,1.00,1.00
2015.03.25 19:26:00.651,0.73004,0.73032,1.00,1.00
2015.03.25 19:26:09.402,0.73003,0.73031,1.00,1.00
2015.03.25 19:26:09.921,0.73002,0.7303,1.00,1.00
2015.03.25 19:26:18.620,0.73001,0.7303,1.00,1.00
2015.03.25 19:26:18.850,0.73013,0.73027,1.00,1.00
2015.03.25 19:26:19.476,0.73012,0.73026,1.00,1.00
2015.03.25 19:26:24.580,0.73015,0.73028,1.00,1.00
2015.03.25 19:26:24.681,0.73015,0.7303,1.00,1.00
2015.03.25 19:26:24.899,0.73015,0.73032,1.00,1.00
2015.03.25 19:26:34.989,0.73017,0.73032,1.00,1.00
2015.03.25 19:26:35.291,0.7302,0.73032,1.00,1.00
2015.03.25 19:26:35.591,0.7302,0.73034,1.00,1.00
2015.03.25 19:26:43.151,0.7302,0.73036,1.00,1.00
2015.03.25 19:26:43.302,0.73022,0.73037,1.00,1.00
2015.03.25 19:26:43.477,0.73022,0.7304,1.00,1.00
2015.03.25 19:26:43.578,0.73025,0.7304,1.00,1.00
2015.03.25 19:26:43.807,0.73025,0.73042,1.00,1.00
2015.03.25 19:26:45.021,0.73027,0.73042,1.00,1.00
2015.03.25 19:26:45.349,0.73027,0.73044,1.00,1.00
2015.03.25 19:26:45.535,0.7303,0.73044,1.00,1.00
2015.03.25 19:26:48.638,0.73028,0.73044,1.00,1.00
2015.03.25 19:26:48.739,0.73026,0.73044,1.00,1.00
2015.03.25 19:26:48.839,0.73021,0.73044,1.00,1.37
2015.03.25 19:26:48.890,0.73021,0.73039,1.00,1.00
2015.03.25 19:26:49.209,0.7302,0.73037,1.00,1.00
2015.03.25 19:26:49.637,0.7302,0.73035,1.00,1.00
2015.03.25 19:26:49.715,0.73018,0.73035,1.00,1.00
2015.03.25 19:26:52.250,0.73027,0.73035,1.00,1.00
2015.03.25 19:26:52.302,0.73028,0.73037,1.00,1.00
2015.03.25 19:26:52.503,0.73028,0.73042,1.00,1.00
2015.03.25 19:26:53.070,0.73029,0.73042,1.00,1.00
2015.03.25 19:26:54.118,0.73024,0.73042,1.00,1.00
2015.03.25 19:26:54.270,0.73021,0.73038,1.00,1.00
2015.03.25 19:26:54.471,0.73018,0.73036,1.00,1.00
2015.03.25 19:26:54.521,0.73018,0.73033,1.00,1.00
2015.03.25 19:26:55.687,0.73018,0.73031,1.00,1.00
2015.03.25 19:26:58.541,0.73022,0.73031,1.00,1.00
2015.03.25 19:26:58.592,0.73022,0.73035,1.00,1.00
2015.03.25 19:26:58.692,0.73023,0.73038,1.00,1.00
2015.03.25 19:26:58.987,0.73023,0.7304,1.00,1.00
2015.03.25 19:27:00.001,0.73023,0.73038,1.00,1.00
2015.03.25 19:27:00.510,0.73022,0.73037,1.00,1.00
2015.03.25 19:27:00.751,0.73018,0.73035,1.00,1.00
2015.03.25 19:27:12.831,0.73021,0.73035,1.00,1.00
2015.03.25 19:27:12.982,0.73024,0.73039,1.00,1.00
2015.03.25 19:27:13.182,0.73021,0.73038,1.00,1.00
2015.03.25 19:27:13.333,0.73021,0.73035,1.00,1.00
2015.03.25 19:27:13.384,0.73019,0.73035,1.00,1.00
2015.03.25 19:27:14.653,0.73019,0.73036,1.00,1.00
2015.03.25 19:27:25.506,0.73016,0.73035,1.00,1.00
2015.03.25 19:27:25.607,0.73016,0.73033,1.00,1.00
2015.03.25 19:27:33.857,0.73017,0.73033,1.00,1.00
2015.03.25 19:27:34.008,0.73017,0.73035,1.00,1.00
2015.03.25 19:27:34.109,0.73017,0.73033,1.00,1.00
2015.03.25 19:27:34.210,0.73017,0.73035,1.00,1.00
2015.03.25 19:27:35.914,0.73019,0.73035,1.00,1.00
2015.03.25 19:27:48.820,0.73019,0.73034,1.00,1.00
2015.03.25 19:27:49.373,0.73019,0.73036,1.00,1.00
2015.03.25 19:27:50.045,0.73019,0.73037,1.00,1.00
2015.03.25 19:27:50.385,0.73019,0.73035,1.00,1.00
2015.03.25 19:27:51.368,0.73019,0.73034,1.00,1.00
2015.03.25 19:27:53.206,0.73023,0.73034,1.00,1.00
2015.03.25 19:27:53.256,0.73023,0.73037,1.00,1.00
2015.03.25 19:27:53.357,0.73023,0.73039,1.00,1.00
2015.03.25 19:27:55.110,0.73023,0.7304,1.00,1.00
2015.03.25 19:27:56.175,0.73023,0.73041,1.00,1.00
2015.03.25 19:28:00.586,0.73023,0.7304,1.00,1.00
2015.03.25 19:28:02.864,0.73012,0.7304,1.00,1.00
2015.03.25 19:28:05.214,0.73011,0.7304,1.00,1.00
2015.03.25 19:28:05.317,0.73007,0.73036,1.00,1.00
2015.03.25 19:28:05.866,0.73005,0.73032,1.00,1.00
2015.03.25 19:28:05.976,0.73005,0.73034,1.00,1.00
2015.03.25 19:28:06.086,0.73004,0.73031,1.00,1.00
2015.03.25 19:28:06.237,0.73002,0.73031,1.00,1.00
2015.03.25 19:28:08.630,0.73004,0.73033,1.00,1.00
2015.03.25 19:28:09.484,0.73003,0.73032,1.00,1.00
2015.03.25 19:28:14.888,0.73006,0.73032,1.00,1.00
2015.03.25 19:28:16.505,0.73009,0.73032,1.00,1.00
2015.03.25 19:28:19.286,0.73009,0.73035,1.00,1.00
2015.03.25 19:28:26.876,0.73009,0.73036,1.00,1.00
2015.03.25 19:28:27.475,0.7301,0.73036,1.00,1.00
2015.03.25 19:28:35.281,0.7301,0.73035,1.00,1.00
2015.03.25 19:28:35.820,0.73009,0.73035,1.00,1.00
2015.03.25 19:28:44.553,0.73006,0.73035,1.50,1.00
2015.03.25 19:28:50.634,0.73007,0.73033,1.00,1.00
2015.03.25 19:29:00.225,0.73004,0.73033,1.00,1.00
2015.03.25 19:29:00.879,0.73005,0.73034,1.00,1.00
2015.03.25 19:29:01.474,0.73004,0.73033,1.00,1.00
2015.03.25 19:29:02.027,0.73005,0.73034,1.00,1.00
2015.03.25 19:29:03.504,0.73004,0.73033,1.00,1.00
2015.03.25 19:29:07.905,0.73003,0.73032,1.50,1.00
2015.03.25 19:29:09.474,0.73004,0.73033,1.00,1.00
2015.03.25 19:29:10.367,0.73003,0.73032,1.50,1.00
2015.03.25 19:29:11.427,0.73004,0.73033,1.00,1.00
2015.03.25 19:29:12.274,0.73003,0.73032,1.50,1.00
2015.03.25 19:29:13.514,0.73004,0.73033,1.00,1.00
2015.03.25 19:29:14.490,0.73003,0.73032,1.50,1.00
2015.03.25 19:29:15.463,0.73006,0.73032,1.00,1.00
2015.03.25 19:29:16.194,0.73006,0.73033,1.00,1.00
2015.03.25 19:29:17.855,0.73006,0.73032,1.00,1.00
2015.03.25 19:29:18.794,0.73006,0.73031,1.00,1.00
2015.03.25 19:29:19.905,0.73006,0.73032,1.00,1.00
2015.03.25 19:29:22.095,0.73006,0.73033,1.50,1.00
2015.03.25 19:29:29.465,0.73006,0.73031,1.00,1.00
2015.03.25 19:29:29.774,0.73005,0.73029,1.00,1.00
2015.03.25 19:29:33.465,0.73005,0.73031,1.00,1.00
2015.03.25 19:29:33.675,0.73005,0.73029,1.00,1.00
2015.03.25 19:29:33.725,0.73003,0.73029,1.00,1.00
2015.03.25 19:29:34.492,0.73002,0.73028,1.00,1.00
2015.03.25 19:29:36.835,0.73002,0.73031,1.50,1.00
2015.03.25 19:29:36.936,0.73004,0.73031,1.00,1.00
2015.03.25 19:29:37.506,0.73005,0.73034,1.00,1.00
2015.03.25 19:29:37.764,0.73004,0.73032,1.00,1.00
2015.03.25 19:29:38.140,0.73007,0.73034,1.00,1.00
2015.03.25 19:29:41.102,0.73005,0.73034,1.50,1.00
2015.03.25 19:29:42.022,0.73005,0.73031,1.00,1.00
2015.03.25 19:29:44.063,0.73004,0.73031,1.00,1.00
2015.03.25 19:29:45.744,0.73001,0.7303,1.50,1.00
2015.03.25 19:29:48.755,0.73,0.73027,1.00,1.00
2015.03.25 19:29:49.496,0.73,0.73028,1.00,1.00
2015.03.25 19:29:53.554,0.72998,0.73026,1.50,1.00
2015.03.25 19:29:55.424,0.72998,0.73024,1.50,1.00
2015.03.25 19:30:03.990,0.72997,0.73023,1.00,1.00
2015.03.25 19:30:04.191,0.72998,0.73025,1.00,1.00
2015.03.25 19:30:04.292,0.72996,0.73025,1.50,1.00
2015.03.25 19:30:04.793,0.72995,0.73024,1.00,1.00
2015.03.25 19:30:04.843,0.72994,0.73021,1.50,1.00
2015.03.25 19:30:04.994,0.72992,0.7302,1.00,1.00
2015.03.25 19:30:05.605,0.72991,0.7302,1.50,1.00
2015.03.25 19:30:07.254,0.72992,0.73021,1.00,1.00
2015.03.25 19:30:07.474,0.72991,0.73019,1.00,1.00
2015.03.25 19:30:07.787,0.72989,0.73015,1.00,1.00
2015.03.25 19:30:08.350,0.72989,0.73016,1.50,1.00
2015.03.25 19:30:09.019,0.7299,0.73017,1.00,1.00
2015.03.25 19:30:09.630,0.72991,0.73017,1.00,1.00
2015.03.25 19:30:11.119,0.72991,0.73019,1.00,1.00
2015.03.25 19:30:11.764,0.72991,0.73018,1.00,1.00
2015.03.25 19:30:14.074,0.72991,0.73019,1.00,1.00
2015.03.25 19:30:20.277,0.72996,0.7302,1.00,1.00
2015.03.25 19:30:20.566,0.72996,0.73023,1.00,1.00
2015.03.25 19:30:25.345,0.72998,0.73035,1.00,1.50
2015.03.25 19:30:29.712,0.73,0.73035,1.00,1.50
2015.03.25 19:30:35.523,0.73,0.73034,1.00,1.00
2015.03.25 19:30:35.903,0.72997,0.73033,1.00,1.12
2015.03.25 19:30:39.943,0.73,0.73033,1.00,1.12
2015.03.25 19:30:42.453,0.73,0.73031,1.00,1.00
2015.03.25 19:30:42.783,0.72998,0.73028,1.00,1.12
2015.03.25 19:30:43.936,0.72998,0.73028,1.00,1.37
2015.03.25 19:30:45.372,0.72998,0.73029,1.00,1.00
2015.03.25 19:30:45.639,0.72998,0.73031,1.00,1.12
2015.03.25 19:30:49.295,0.72992,0.73031,1.37,1.12
2015.03.25 19:30:49.402,0.72989,0.73029,1.37,1.00
2015.03.25 19:30:50.147,0.72989,0.73029,1.37,1.00
2015.03.25 19:30:51.452,0.72989,0.73029,1.00,1.50
2015.03.25 19:30:51.502,0.72987,0.73027,1.37,1.00
2015.03.25 19:30:58.212,0.72987,0.73027,1.37,1.00
2015.03.25 19:31:01.473,0.72987,0.73027,1.37,1.00
2015.03.25 19:31:01.975,0.72987,0.73027,1.37,1.00
2015.03.25 19:31:02.378,0.72988,0.73028,1.50,1.00
2015.03.25 19:31:02.479,0.72988,0.73028,1.37,1.00
2015.03.25 19:31:03.686,0.72988,0.73028,1.37,1.00
2015.03.25 19:31:04.188,0.72988,0.73028,1.37,1.00
2015.03.25 19:31:05.193,0.72988,0.73028,1.37,1.00
2015.03.25 19:31:05.823,0.72988,0.73028,1.00,1.00
2015.03.25 19:31:05.924,0.72988,0.73028,1.37,1.00
2015.03.25 19:31:06.552,0.72991,0.73029,1.00,1.00
2015.03.25 19:31:07.223,0.72988,0.73028,1.37,1.00
2015.03.25 19:31:07.919,0.72988,0.73028,1.12,1.00
2015.03.25 19:31:09.124,0.72988,0.73028,1.37,1.00
2015.03.25 19:31:09.752,0.72987,0.73026,1.37,1.00
2015.03.25 19:31:10.475,0.72987,0.73026,1.37,1.00
2015.03.25 19:31:11.730,0.72987,0.73026,1.00,1.00
2015.03.25 19:31:11.842,0.72987,0.73024,1.00,1.00
2015.03.25 19:31:15.236,0.72987,0.73024,1.37,1.00
2015.03.25 19:31:15.378,0.72987,0.73027,1.87,1.00
2015.03.25 19:31:15.956,0.72987,0.73026,1.12,1.00
2015.03.25 19:31:17.044,0.72986,0.73026,1.50,1.00
2015.03.25 19:31:17.232,0.72986,0.73021,1.00,1.00
2015.03.25 19:31:17.745,0.72985,0.73021,1.37,1.00
2015.03.25 19:31:17.914,0.72987,0.73023,1.12,1.00
2015.03.25 19:31:18.848,0.72987,0.73027,1.87,1.00
2015.03.25 19:31:19.248,0.72988,0.73027,1.00,1.00
2015.03.25 19:31:19.349,0.7299,0.7303,1.37,1.00
2015.03.25 19:31:19.553,0.72992,0.73032,1.37,1.00
2015.03.25 19:31:19.986,0.72992,0.73028,1.12,1.00
2015.03.25 19:31:20.500,0.72996,0.73024,1.00,1.00
2015.03.25 19:31:20.890,0.72998,0.73026,1.00,1.00
2015.03.25 19:31:21.422,0.72999,0.73027,1.00,1.00
2015.03.25 19:31:22.000,0.72999,0.73026,1.00,1.00
2015.03.25 19:31:22.624,0.72998,0.73026,1.00,1.50
2015.03.25 19:31:23.167,0.72999,0.73026,1.00,1.00
2015.03.25 19:31:23.509,0.73001,0.73028,1.00,1.00
2015.03.25 19:31:23.944,0.73003,0.73028,1.00,1.00
2015.03.25 19:31:25.062,0.73004,0.73032,1.00,1.00
2015.03.25 19:31:25.576,0.73003,0.73031,1.00,1.50
2015.03.25 19:31:25.763,0.73003,0.73031,1.37,1.50
2015.03.25 19:31:25.931,0.73005,0.73033,1.12,1.00
2015.03.25 19:31:26.013,0.73007,0.73035,1.00,1.50
2015.03.25 19:31:26.342,0.73004,0.7303,1.00,1.00
2015.03.25 19:31:27.016,0.73007,0.73033,1.00,1.00
2015.03.25 19:31:27.352,0.73004,0.7303,1.00,1.00
2015.03.25 19:31:29.319,0.73005,0.73031,1.00,1.00
2015.03.25 19:31:29.533,0.73003,0.73031,1.00,1.00
2015.03.25 19:31:30.788,0.72994,0.73031,1.00,1.00
2015.03.25 19:31:31.546,0.72991,0.73031,1.87,1.00
2015.03.25 19:31:31.597,0.72991,0.73031,1.87,1.00
2015.03.25 19:31:31.967,0.72997,0.73032,1.00,1.00
2015.03.25 19:31:32.502,0.72995,0.73032,1.37,1.00
2015.03.25 19:31:32.883,0.72994,0.73032,1.12,1.00
2015.03.25 19:31:33.952,0.72991,0.73029,1.37,1.00
2015.03.25 19:31:38.788,0.72991,0.73029,1.37,1.00
2015.03.25 19:31:44.297,0.7299,0.73029,1.37,1.00
2015.03.25 19:31:44.531,0.72989,0.73029,1.87,1.00
2015.03.25 19:31:45.172,0.72989,0.73028,1.37,1.00
2015.03.25 19:31:45.809,0.72986,0.73025,1.37,1.00
2015.03.25 19:31:45.951,0.72987,0.73027,1.37,1.00
2015.03.25 19:31:46.002,0.72987,0.73027,1.50,1.00
2015.03.25 19:31:46.403,0.73001,0.73027,1.00,1.00
2015.03.25 19:31:47.153,0.73001,0.73026,1.00,1.00
2015.03.25 19:31:48.552,0.73001,0.73025,1.00,1.00
2015.03.25 19:31:49.159,0.72998,0.73025,1.00,1.00
2015.03.25 19:31:52.182,0.72998,0.73026,1.00,1.00
2015.03.25 19:31:55.395,0.72995,0.73023,1.00,1.00
2015.03.25 19:31:55.495,0.72991,0.7302,1.00,1.00
2015.03.25 19:31:55.745,0.72989,0.73018,1.00,1.00
2015.03.25 19:32:00.674,0.72987,0.73016,1.00,1.00
2015.03.25 19:32:01.442,0.72987,0.73014,1.00,1.00
2015.03.25 19:32:02.422,0.72985,0.73014,1.00,1.00
2015.03.25 19:32:02.774,0.72985,0.73012,1.00,1.00
2015.03.25 19:32:04.222,0.72983,0.73012,1.00,1.00
2015.03.25 19:32:04.292,0.72981,0.7301,1.00,1.00
2015.03.25 19:32:10.671,0.72982,0.7301,1.00,1.00
2015.03.25 19:32:14.893,0.72982,0.73011,1.00,1.00
2015.03.25 19:32:15.072,0.72974,0.73014,1.87,1.00
2015.03.25 19:32:15.173,0.72976,0.73016,1.12,1.00
2015.03.25 19:32:15.512,0.72983,0.7301,1.00,1.00
2015.03.25 19:32:16.191,0.72983,0.73009,1.00,1.00
2015.03.25 19:32:16.432,0.7298,0.73008,1.00,1.00
2015.03.25 19:32:18.749,0.72979,0.73007,1.00,1.00
2015.03.25 19:32:19.505,0.72978,0.73006,1.00,1.00
2015.03.25 19:32:21.707,0.72977,0.73005,1.00,1.50
2015.03.25 19:32:22.143,0.72974,0.73002,1.00,1.00
2015.03.25 19:32:23.460,0.72964,0.73004,1.87,1.00
2015.03.25 19:32:23.566,0.72966,0.73006,1.37,1.00
2015.03.25 19:32:23.696,0.72975,0.73003,1.00,1.00
2015.03.25 19:32:29.191,0.72977,0.73003,1.00,1.00
2015.03.25 19:32:30.691,0.72977,0.73005,1.00,1.00
2015.03.25 19:32:45.654,0.72978,0.73006,1.00,1.00
2015.03.25 19:32:51.153,0.72977,0.73003,1.00,1.00
2015.03.25 19:32:51.262,0.72974,0.73003,1.00,1.00
2015.03.25 19:32:51.498,0.72976,0.73003,1.00,1.00
2015.03.25 19:32:58.115,0.72977,0.73006,1.00,1.00
2015.03.25 19:32:58.216,0.72977,0.73003,1.00,1.00
2015.03.25 19:32:58.321,0.72976,0.73005,1.00,1.00
2015.03.25 19:32:58.422,0.72977,0.73003,1.00,1.00
2015.03.25 19:32:58.662,0.72977,0.73005,1.00,1.00
2015.03.25 19:32:58.763,0.72974,0.73012,1.00,1.00
2015.03.25 19:32:58.863,0.72977,0.73006,1.00,1.00
2015.03.25 19:32:59.383,0.72978,0.73007,1.00,1.00
2015.03.25 19:33:01.525,0.72978,0.73006,1.00,1.00
2015.03.25 19:33:02.512,0.72977,0.73005,1.00,1.00
2015.03.25 19:33:03.624,0.72979,0.73007,1.00,1.00
2015.03.25 19:33:04.277,0.7298,0.73008,1.00,1.00
2015.03.25 19:33:04.724,0.72978,0.73006,1.00,1.00
2015.03.25 19:33:08.644,0.72969,0.73008,1.00,1.00
2015.03.25 19:33:09.095,0.72975,0.73001,1.00,1.00
2015.03.25 19:33:10.103,0.72976,0.73002,1.00,1.00
2015.03.25 19:33:10.203,0.72976,0.73004,1.00,1.00
2015.03.25 19:33:10.304,0.7298,0.73007,1.00,1.50
2015.03.25 19:33:10.647,0.72979,0.73005,1.00,1.00
2015.03.25 19:33:11.202,0.7298,0.73006,1.00,1.00
2015.03.25 19:33:16.027,0.7298,0.73007,1.00,1.00
2015.03.25 19:33:23.965,0.72979,0.73006,1.00,1.00
2015.03.25 19:33:27.888,0.72979,0.73004,1.00,1.00
2015.03.25 19:33:28.074,0.72967,0.72995,1.00,1.00
2015.03.25 19:33:28.126,0.72967,0.72993,1.00,1.00
2015.03.25 19:33:28.227,0.72963,0.72992,1.00,1.00
2015.03.25 19:33:29.791,0.72962,0.72991,1.00,1.00
2015.03.25 19:33:30.391,0.72963,0.72992,1.00,1.00
2015.03.25 19:33:34.854,0.72964,0.72993,1.00,1.00
2015.03.25 19:33:36.184,0.72966,0.72993,1.00,1.00
2015.03.25 19:33:36.389,0.72967,0.72996,1.00,1.00
2015.03.25 19:33:36.605,0.72969,0.72996,1.00,1.00
2015.03.25 19:33:36.806,0.72971,0.72999,1.00,1.00
2015.03.25 19:33:36.959,0.72978,0.73006,1.00,1.00
2015.03.25 19:33:37.274,0.72976,0.73004,1.00,1.00
2015.03.25 19:33:37.463,0.72973,0.73011,1.00,1.12
2015.03.25 19:33:37.661,0.72974,0.73011,1.00,1.37
2015.03.25 19:33:37.729,0.72971,0.73011,1.00,1.87
2015.03.25 19:33:38.142,0.72974,0.73001,1.00,1.00
2015.03.25 19:33:39.016,0.72972,0.73001,1.00,1.00
2015.03.25 19:33:39.117,0.7297,0.72998,1.00,1.00
2015.03.25 19:33:39.430,0.72968,0.72996,1.00,1.00
2015.03.25 19:33:39.761,0.7297,0.72997,1.00,1.00
2015.03.25 19:33:39.811,0.72963,0.73003,1.12,1.00
2015.03.25 19:33:39.981,0.72961,0.73001,1.12,1.00
2015.03.25 19:33:40.861,0.72964,0.73004,1.00,1.00
2015.03.25 19:33:42.401,0.72966,0.73005,1.00,1.00
2015.03.25 19:33:42.738,0.7297,0.72998,1.00,1.00
2015.03.25 19:33:43.244,0.7297,0.72999,1.00,1.00
2015.03.25 19:33:45.608,0.72972,0.73001,1.00,1.00
2015.03.25 19:33:45.961,0.72974,0.73003,1.00,1.00
2015.03.25 19:33:52.013,0.7297,0.72999,1.00,1.00
2015.03.25 19:33:52.548,0.72971,0.73,1.00,1.00
2015.03.25 19:33:53.121,0.7297,0.72999,1.12,1.00
2015.03.25 19:33:57.161,0.72969,0.72998,1.00,1.00
2015.03.25 19:33:57.621,0.72967,0.72997,1.00,1.00
2015.03.25 19:33:57.721,0.72965,0.72995,1.00,1.00
2015.03.25 19:33:58.131,0.72964,0.72992,1.00,1.00
2015.03.25 19:34:00.376,0.72963,0.72991,1.00,1.00
2015.03.25 19:34:00.603,0.72961,0.72991,1.00,1.00
2015.03.25 19:34:02.190,0.7296,0.7299,1.00,1.00
2015.03.25 19:34:02.860,0.72959,0.72989,1.00,1.00
2015.03.25 19:34:03.404,0.72962,0.7299,1.00,1.00
2015.03.25 19:34:04.610,0.72963,0.72992,1.00,1.00
2015.03.25 19:34:05.209,0.72965,0.72992,1.00,1.00
2015.03.25 19:34:06.965,0.72964,0.72991,1.00,1.00
2015.03.25 19:34:07.141,0.72962,0.7299,1.00,1.00
2015.03.25 19:34:21.472,0.7296,0.7299,1.00,1.00
2015.03.25 19:34:21.673,0.72957,0.72987,1.50,1.00
2015.03.25 19:34:22.330,0.72958,0.72988,1.00,1.00
2015.03.25 19:34:23.234,0.72961,0.72989,1.00,1.00
2015.03.25 19:34:23.310,0.72961,0.72991,1.00,1.00
2015.03.25 19:34:25.619,0.72962,0.72992,1.00,1.00
2015.03.25 19:34:34.460,0.72959,0.72988,1.00,1.00
2015.03.25 19:34:34.783,0.72954,0.7298,1.00,1.00
2015.03.25 19:34:34.858,0.72953,0.72982,1.00,1.00
2015.03.25 19:34:35.009,0.72953,0.7298,1.00,1.00
2015.03.25 19:34:35.670,0.72954,0.72983,1.00,1.00
2015.03.25 19:34:36.319,0.72955,0.72983,1.00,1.00
2015.03.25 19:34:36.433,0.72956,0.72985,1.00,1.00
2015.03.25 19:34:36.971,0.72957,0.72986,1.00,1.00
2015.03.25 19:34:38.382,0.72958,0.72987,1.00,1.00
2015.03.25 19:34:38.533,0.7296,0.72988,1.00,1.00
2015.03.25 19:34:39.072,0.72958,0.72986,1.00,1.00
2015.03.25 19:34:39.474,0.72955,0.72983,1.00,1.00
2015.03.25 19:34:39.920,0.72961,0.72989,1.00,1.00
2015.03.25 19:34:41.263,0.72962,0.7299,1.00,1.00
2015.03.25 19:34:45.019,0.72963,0.72991,1.00,1.00
2015.03.25 19:34:47.179,0.72962,0.7299,1.00,1.00
2015.03.25 19:34:54.443,0.72964,0.72992,1.00,1.00
2015.03.25 19:34:54.789,0.72962,0.72989,1.00,1.00
2015.03.25 19:34:55.458,0.72961,0.72989,1.00,1.00
2015.03.25 19:35:02.580,0.7296,0.72988,1.00,1.00
2015.03.25 19:35:23.171,0.72961,0.7299,1.00,1.00
2015.03.25 19:35:23.749,0.72962,0.72991,1.00,1.00
2015.03.25 19:35:48.372,0.72962,0.72989,1.00,1.12
2015.03.25 19:35:48.573,0.7295,0.72978,1.50,1.00
2015.03.25 19:35:48.782,0.72949,0.72976,1.50,1.00
2015.03.25 19:35:51.341,0.7295,0.72976,1.00,1.00
2015.03.25 19:35:51.999,0.72949,0.72976,1.50,1.00
2015.03.25 19:35:54.641,0.7295,0.72976,1.00,1.00
2015.03.25 19:35:55.370,0.72949,0.72976,1.50,1.00
2015.03.25 19:35:57.160,0.72949,0.72977,1.87,1.00
2015.03.25 19:35:57.260,0.72954,0.72982,1.00,1.00
2015.03.25 19:35:57.512,0.72956,0.72982,1.00,1.00
2015.03.25 19:35:57.699,0.7296,0.72988,1.00,1.00
2015.03.25 19:35:58.273,0.72959,0.72987,1.00,1.00
2015.03.25 19:35:59.888,0.7296,0.72988,1.00,1.00
2015.03.25 19:36:00.151,0.72961,0.7299,1.00,1.00
2015.03.25 19:36:00.682,0.72962,0.72991,1.00,1.00
2015.03.25 19:36:02.322,0.72963,0.72992,1.00,1.00
2015.03.25 19:36:02.372,0.72963,0.72992,1.37,1.00
2015.03.25 19:36:02.422,0.72969,0.72998,1.00,1.00
2015.03.25 19:36:02.676,0.72971,0.72998,1.00,1.00
2015.03.25 19:36:06.160,0.72969,0.72998,1.00,1.00
2015.03.25 19:36:07.844,0.7297,0.72999,1.00,1.00
2015.03.25 19:36:08.375,0.72973,0.73002,1.00,1.00
2015.03.25 19:36:08.801,0.72976,0.73003,1.00,1.00
2015.03.25 19:36:09.067,0.72978,0.73006,1.00,1.00
2015.03.25 19:36:09.218,0.72979,0.73007,1.37,1.00
2015.03.25 19:36:09.369,0.72982,0.7301,1.00,1.00
2015.03.25 19:36:09.470,0.72984,0.7301,1.00,1.00
2015.03.25 19:36:10.999,0.72979,0.73005,1.00,1.00
2015.03.25 19:36:11.250,0.72977,0.73005,1.00,1.00
2015.03.25 19:36:11.351,0.72974,0.73003,1.50,1.00
2015.03.25 19:36:13.858,0.72975,0.73004,1.00,1.00
2015.03.25 19:36:14.079,0.72978,0.73004,1.00,1.00
2015.03.25 19:36:14.739,0.72977,0.73003,1.00,1.00
2015.03.25 19:36:15.398,0.72977,0.73005,1.00,1.00
2015.03.25 19:36:16.828,0.72976,0.73004,1.00,1.00
2015.03.25 19:36:20.381,0.72975,0.73004,1.00,1.00
2015.03.25 19:36:20.942,0.72974,0.73003,1.00,1.00
2015.03.25 19:36:21.458,0.72973,0.73002,1.00,1.00
2015.03.25 19:36:21.596,0.72976,0.73003,1.00,1.00
2015.03.25 19:36:21.778,0.72973,0.73002,1.00,1.00
2015.03.25 19:36:22.330,0.72973,0.73,1.00,1.00
2015.03.25 19:36:22.438,0.72971,0.73,1.00,1.00
2015.03.25 19:36:23.449,0.72973,0.73001,1.00,1.00
2015.03.25 19:36:23.808,0.72975,0.73002,1.00,1.00
2015.03.25 19:36:23.908,0.72977,0.73006,1.00,1.00
2015.03.25 19:36:24.015,0.72979,0.73006,1.00,1.00
2015.03.25 19:36:24.309,0.72979,0.73008,1.00,1.00
2015.03.25 19:36:25.649,0.72976,0.73005,1.00,1.00
2015.03.25 19:36:25.749,0.72969,0.72999,1.12,1.00
2015.03.25 19:36:25.848,0.72968,0.72997,1.37,1.00
2015.03.25 19:36:27.309,0.7297,0.72997,1.00,1.00
2015.03.25 19:36:27.410,0.7297,0.72999,1.37,1.00
2015.03.25 19:36:27.510,0.72971,0.73001,1.87,1.00
2015.03.25 19:36:27.561,0.72975,0.73001,1.00,1.00
2015.03.25 19:36:27.762,0.72979,0.73006,1.00,1.00
2015.03.25 19:36:28.301,0.7298,0.73007,1.00,1.00
2015.03.25 19:36:48.731,0.72981,0.7301,1.00,1.00
2015.03.25 19:36:50.928,0.72981,0.73008,1.00,1.00
2015.03.25 19:36:53.787,0.72982,0.73011,1.00,1.00
2015.03.25 19:36:53.897,0.7298,0.73009,1.00,1.00
2015.03.25 19:37:05.560,0.72979,0.73008,1.00,1.00
2015.03.25 19:37:06.031,0.72977,0.73006,1.00,1.00
2015.03.25 19:37:06.798,0.72976,0.73005,1.12,1.00
2015.03.25 19:37:07.100,0.72975,0.73002,1.37,1.00
2015.03.25 19:37:13.179,0.72972,0.73001,1.37,1.00
2015.03.25 19:37:13.516,0.7297,0.72999,1.75,1.00
2015.03.25 19:37:29.133,0.72975,0.72999,1.37,1.00
2015.03.25 19:37:29.234,0.72975,0.72999,1.00,1.00
2015.03.25 19:37:30.639,0.72975,0.72998,1.00,1.00
2015.03.25 19:37:57.250,0.72978,0.72998,1.00,1.00
2015.03.25 19:37:57.588,0.72978,0.73002,1.00,1.00
2015.03.25 19:37:57.690,0.72981,0.73002,1.00,1.00
2015.03.25 19:37:57.740,0.72981,0.73005,1.00,1.00
2015.03.25 19:37:58.298,0.72982,0.73006,1.00,1.00
2015.03.25 19:37:58.819,0.72986,0.73007,1.00,1.00
2015.03.25 19:37:59.531,0.72985,0.73007,1.00,1.00
2015.03.25 19:38:01.986,0.72985,0.73009,1.00,1.00
2015.03.25 19:38:02.308,0.72988,0.73009,1.00,1.00
2015.03.25 19:38:02.359,0.72988,0.73011,1.00,1.00
2015.03.25 19:38:03.966,0.72988,0.7301,1.00,1.00
2015.03.25 19:38:04.516,0.72988,0.73009,1.00,1.00
2015.03.25 19:38:04.730,0.72985,0.73009,1.00,1.00
2015.03.25 19:38:04.982,0.72981,0.73005,1.00,1.00
2015.03.25 19:38:06.518,0.72981,0.73007,1.00,1.00
2015.03.25 19:38:07.221,0.72981,0.73008,1.00,1.00
2015.03.25 19:38:07.271,0.72983,0.73008,1.00,1.00
2015.03.25 19:38:07.623,0.72983,0.73006,1.00,1.00
2015.03.25 19:38:07.723,0.72979,0.73006,1.00,1.00
2015.03.25 19:38:07.952,0.72983,0.73007,1.00,1.00
2015.03.25 19:38:08.629,0.72983,0.73008,1.00,1.00
2015.03.25 19:38:14.958,0.72981,0.73008,1.00,1.00
2015.03.25 19:38:24.678,0.72981,0.73007,1.00,1.00
2015.03.25 19:38:24.779,0.72978,0.73004,1.00,1.00
2015.03.25 19:38:24.980,0.72978,0.73015,1.00,2.25
2015.03.25 19:38:25.081,0.72978,0.73015,1.00,2.25
2015.03.25 19:38:25.131,0.72978,0.73004,1.00,1.00
2015.03.25 19:38:27.066,0.72978,0.73006,1.00,1.00
2015.03.25 19:38:28.495,0.72978,0.73007,1.50,1.00
2015.03.25 19:38:31.898,0.72987,0.73007,1.00,1.00
2015.03.25 19:38:34.216,0.72987,0.73008,1.00,1.00
2015.03.25 19:38:34.759,0.72989,0.73008,1.00,1.00
2015.03.25 19:38:56.455,0.72989,0.73007,1.00,1.00
2015.03.25 19:38:56.555,0.72986,0.73007,1.00,1.00
2015.03.25 19:38:59.099,0.72986,0.73005,1.00,1.00
2015.03.25 19:39:00.206,0.72986,0.73007,1.00,1.00
2015.03.25 19:39:00.285,0.72986,0.73009,1.00,1.00
2015.03.25 19:39:00.515,0.72988,0.73009,1.00,1.00
2015.03.25 19:39:11.759,0.72988,0.73008,1.00,1.00
2015.03.25 19:39:12.344,0.72988,0.73009,1.00,1.00
2015.03.25 19:39:17.271,0.72988,0.73008,1.00,1.00
2015.03.25 19:39:18.311,0.72988,0.73007,1.00,1.00
2015.03.25 19:39:40.757,0.72986,0.73007,1.00,1.00
2015.03.25 19:39:47.385,0.72991,0.7301,1.00,1.00
2015.03.25 19:39:48.266,0.72987,0.7301,1.00,1.00
2015.03.25 19:39:48.725,0.7299,0.73009,1.00,1.00
2015.03.25 19:39:49.043,0.72988,0.73011,1.00,1.00
2015.03.25 19:39:49.243,0.72993,0.73011,1.00,1.00
2015.03.25 19:39:49.588,0.72993,0.73013,1.00,1.00
2015.03.25 19:39:49.784,0.72993,0.73015,1.00,1.00
2015.03.25 19:39:50.218,0.72995,0.73015,1.00,1.00
2015.03.25 19:39:51.125,0.72993,0.73025,1.00,1.75
2015.03.25 19:39:51.645,0.72994,0.73025,1.00,1.50
2015.03.25 19:39:51.698,0.72994,0.73025,1.00,1.75
2015.03.25 19:39:52.420,0.72991,0.7301,1.00,1.00
2015.03.25 19:40:00.259,0.72991,0.73013,1.00,1.00
2015.03.25 19:40:00.566,0.72991,0.73015,1.00,1.00
2015.03.25 19:40:00.935,0.72995,0.73016,1.00,1.00
2015.03.25 19:40:01.136,0.72996,0.73018,1.00,1.00
2015.03.25 19:40:01.988,0.72994,0.73017,1.00,1.00
2015.03.25 19:40:02.346,0.72997,0.73019,1.00,1.00
2015.03.25 19:40:02.447,0.72997,0.73021,1.00,1.00
2015.03.25 19:40:02.622,0.72997,0.73019,1.00,1.00
2015.03.25 19:40:02.967,0.72997,0.73017,1.00,1.00
2015.03.25 19:40:03.477,0.72997,0.73016,1.00,1.00
2015.03.25 19:40:04.397,0.72997,0.73015,1.00,1.00
2015.03.25 19:40:04.906,0.72997,0.73014,1.00,1.00
2015.03.25 19:40:05.007,0.72995,0.73013,1.00,1.00
2015.03.25 19:40:06.266,0.72995,0.7301,1.00,1.00
2015.03.25 19:40:06.317,0.72993,0.7301,1.00,1.00
2015.03.25 19:40:08.089,0.7299,0.7301,1.00,1.00
2015.03.25 19:40:08.190,0.72989,0.73004,1.00,1.00
2015.03.25 19:40:08.290,0.72986,0.73004,1.00,1.00
2015.03.25 19:40:10.605,0.72984,0.73004,1.00,1.00
2015.03.25 19:40:10.707,0.72981,0.72999,1.00,1.00
2015.03.25 19:40:11.009,0.72983,0.73003,1.00,1.00
2015.03.25 19:40:11.129,0.72985,0.73003,1.00,1.00
2015.03.25 19:40:11.332,0.72985,0.73005,1.00,1.00
2015.03.25 19:40:11.546,0.72985,0.73003,1.00,1.00
2015.03.25 19:40:12.253,0.72985,0.73001,1.00,1.00
2015.03.25 19:40:13.025,0.72985,0.73002,1.00,1.00
2015.03.25 19:40:22.229,0.72984,0.73002,1.00,1.00
2015.03.25 19:40:24.199,0.72984,0.73001,1.00,1.00
2015.03.25 19:40:27.296,0.72981,0.73001,1.00,1.00
2015.03.25 19:40:27.396,0.72981,0.72997,1.00,1.00
2015.03.25 19:40:27.447,0.72978,0.72997,1.00,1.00
2015.03.25 19:40:36.345,0.7298,0.72995,1.00,1.00
2015.03.25 19:40:37.016,0.7298,0.72996,1.00,1.00
2015.03.25 19:40:38.069,0.72977,0.72996,1.00,1.00
2015.03.25 19:40:39.611,0.72977,0.72994,1.00,1.00
2015.03.25 19:40:46.779,0.72979,0.72994,1.00,1.00
2015.03.25 19:40:46.894,0.72979,0.72996,1.00,1.00
2015.03.25 19:40:47.630,0.72979,0.72997,1.00,1.00
2015.03.25 19:40:48.131,0.72979,0.72998,1.00,1.00
2015.03.25 19:40:50.517,0.72979,0.72999,1.00,1.00
2015.03.25 19:40:51.186,0.72981,0.72999,1.00,1.00
2015.03.25 19:40:59.973,0.72981,0.73001,1.00,1.00
2015.03.25 19:41:00.085,0.72981,0.73003,1.00,1.00
2015.03.25 19:41:00.288,0.72985,0.73003,1.00,1.00
2015.03.25 19:41:01.282,0.72985,0.73001,1.00,1.00
2015.03.25 19:41:02.006,0.72987,0.73001,1.00,1.00
2015.03.25 19:41:02.057,0.72989,0.73005,1.00,1.00
2015.03.25 19:41:02.177,0.72989,0.73007,1.00,1.00
2015.03.25 19:41:02.698,0.72989,0.73006,1.00,1.00
2015.03.25 19:41:03.918,0.72988,0.73006,1.00,1.00
2015.03.25 19:41:04.019,0.72988,0.73004,1.00,1.00
2015.03.25 19:41:04.705,0.72985,0.73004,1.00,1.00
2015.03.25 19:41:05.445,0.72985,0.73015,1.00,1.50
2015.03.25 19:41:05.496,0.72983,0.73015,1.00,1.50
2015.03.25 19:41:06.026,0.72979,0.73009,1.00,1.37
2015.03.25 19:41:06.332,0.72979,0.72996,1.00,1.00
2015.03.25 19:41:09.542,0.72983,0.72996,1.00,1.00
2015.03.25 19:41:09.642,0.72985,0.72999,1.00,1.00
2015.03.25 19:41:09.743,0.72985,0.73014,1.00,1.37
2015.03.25 19:41:10.096,0.72989,0.73014,1.00,1.00
2015.03.25 19:41:10.400,0.72986,0.73006,1.00,1.00
2015.03.25 19:41:10.725,0.72988,0.73006,1.00,1.00
2015.03.25 19:41:11.175,0.72988,0.73008,1.00,1.00
2015.03.25 19:41:16.802,0.72993,0.73006,1.00,1.00
2015.03.25 19:41:17.042,0.72993,0.73009,1.00,1.00
2015.03.25 19:41:17.229,0.7299,0.73008,1.00,1.00
2015.03.25 19:41:17.330,0.7299,0.73006,1.00,1.00
2015.03.25 19:41:17.816,0.72992,0.73007,1.00,1.00
2015.03.25 19:41:21.196,0.7299,0.73007,1.00,1.00
2015.03.25 19:41:21.296,0.7299,0.73005,1.00,1.00
2015.03.25 19:41:21.347,0.72987,0.73005,1.00,1.00
2015.03.25 19:41:21.397,0.72987,0.73003,1.00,1.00
2015.03.25 19:41:24.699,0.72987,0.73005,1.00,1.00
2015.03.25 19:41:25.904,0.72987,0.73003,1.00,1.00
2015.03.25 19:41:28.798,0.72987,0.73001,1.00,1.00
2015.03.25 19:41:30.349,0.72987,0.73003,1.00,1.00
2015.03.25 19:41:36.257,0.72985,0.73003,1.00,1.00
2015.03.25 19:41:42.403,0.72985,0.73004,1.00,1.00
2015.03.25 19:41:42.639,0.72987,0.73004,1.00,1.00
2015.03.25 19:41:47.905,0.72987,0.73002,1.00,1.00
2015.03.25 19:41:48.545,0.72987,0.73003,1.00,1.00
2015.03.25 19:41:49.367,0.72989,0.73003,1.00,1.00
2015.03.25 19:41:53.485,0.72988,0.73003,1.00,1.00
2015.03.25 19:41:53.705,0.72984,0.73002,1.00,1.00
2015.03.25 19:41:53.755,0.72984,0.72999,1.00,1.00
2015.03.25 19:41:54.026,0.72981,0.72999,1.00,1.00
2015.03.25 19:41:54.552,0.72981,0.72998,1.00,1.00
2015.03.25 19:41:57.192,0.72981,0.72999,1.00,1.00
2015.03.25 19:41:57.242,0.72984,0.72999,1.00,1.00
2015.03.25 19:41:57.774,0.72984,0.72998,1.00,1.00
2015.03.25 19:41:59.708,0.72979,0.72998,1.00,1.00
2015.03.25 19:42:00.500,0.72978,0.72997,1.00,1.00
2015.03.25 19:42:04.441,0.72978,0.72994,1.00,1.00
2015.03.25 19:42:04.708,0.72974,0.72993,1.00,1.00
2015.03.25 19:42:04.858,0.72974,0.72991,1.00,1.00
2015.03.25 19:42:05.227,0.72973,0.72989,1.00,1.00
2015.03.25 19:42:05.278,0.72969,0.72989,1.00,1.00
2015.03.25 19:42:07.627,0.72969,0.72988,1.00,1.00
2015.03.25 19:42:09.702,0.72969,0.72987,1.00,1.00
2015.03.25 19:42:09.976,0.72966,0.72986,1.00,1.00
2015.03.25 19:42:11.381,0.72968,0.72987,1.00,1.00
2015.03.25 19:42:11.714,0.72973,0.72989,1.00,1.00
2015.03.25 19:42:11.774,0.72973,0.72991,1.00,1.00
2015.03.25 19:42:11.925,0.72973,0.72994,1.00,1.00
2015.03.25 19:42:12.025,0.72973,0.72996,1.00,1.00
2015.03.25 19:42:12.468,0.72976,0.72997,1.00,1.00
2015.03.25 19:42:17.935,0.72976,0.72998,1.00,1.00
2015.03.25 19:42:18.243,0.72978,0.72998,1.00,1.00
2015.03.25 19:42:18.575,0.72981,0.73001,1.00,1.00
2015.03.25 19:42:19.997,0.72978,0.73001,1.00,1.00
2015.03.25 19:42:20.498,0.72978,0.73,1.00,1.00
2015.03.25 19:42:20.599,0.72978,0.72997,1.00,1.00
2015.03.25 19:42:20.987,0.72976,0.72996,1.00,1.00
2015.03.25 19:42:23.215,0.72976,0.72994,1.00,1.00
2015.03.25 19:42:27.406,0.72976,0.72993,1.00,1.00
2015.03.25 19:42:37.987,0.72972,0.72993,1.00,1.00
2015.03.25 19:42:38.977,0.72972,0.72992,1.00,1.00
2015.03.25 19:42:40.517,0.72976,0.72992,1.00,1.00
2015.03.25 19:42:41.115,0.72976,0.72993,1.00,1.00
2015.03.25 19:42:43.597,0.72978,0.72993,1.00,1.00
2015.03.25 19:42:43.935,0.72981,0.72996,1.00,1.00
2015.03.25 19:42:44.296,0.72984,0.72997,1.00,1.00
2015.03.25 19:42:44.447,0.72985,0.73009,1.00,1.00
2015.03.25 19:42:44.598,0.72985,0.73001,1.00,1.00
2015.03.25 19:42:44.978,0.72987,0.73002,1.00,1.00
2015.03.25 19:42:45.483,0.72988,0.73002,1.00,1.00
2015.03.25 19:42:45.789,0.72988,0.73004,1.00,1.00
2015.03.25 19:42:46.345,0.72988,0.73006,1.00,1.00
2015.03.25 19:42:46.396,0.7299,0.73006,1.00,1.00
2015.03.25 19:42:50.637,0.72992,0.73006,1.00,1.00
2015.03.25 19:42:53.056,0.72992,0.73007,1.00,1.00
2015.03.25 19:43:01.511,0.72992,0.73006,1.00,1.00
2015.03.25 19:43:02.164,0.72992,0.73003,1.00,1.00
2015.03.25 19:43:02.214,0.72987,0.73003,1.00,1.00
2015.03.25 19:43:04.804,0.72987,0.73004,1.00,1.00
2015.03.25 19:43:05.343,0.72987,0.73002,1.00,1.00
2015.03.25 19:43:05.595,0.72987,0.73006,1.00,1.00
2015.03.25 19:43:14.617,0.72991,0.73006,1.00,1.00
2015.03.25 19:43:16.157,0.72991,0.73005,1.00,1.00
2015.03.25 19:43:32.402,0.72991,0.73007,1.00,1.00
2015.03.25 19:43:35.737,0.72994,0.73007,1.00,1.00
2015.03.25 19:43:36.039,0.72998,0.73014,1.00,1.00
2015.03.25 19:43:36.089,0.73,0.73014,1.00,1.00
2015.03.25 19:43:36.764,0.73,0.73013,1.00,1.00
2015.03.25 19:43:45.959,0.73,0.73014,1.00,1.00
2015.03.25 19:43:46.110,0.72998,0.73013,1.00,1.00
2015.03.25 19:43:46.605,0.72998,0.73015,1.00,1.00
2015.03.25 19:43:46.655,0.73004,0.73015,1.00,1.00
2015.03.25 19:43:46.957,0.73003,0.73018,1.00,1.00
2015.03.25 19:43:47.066,0.73005,0.73018,1.00,1.00
2015.03.25 19:43:50.934,0.73008,0.73018,1.00,1.00
2015.03.25 19:43:55.976,0.73005,0.73018,1.00,1.00
2015.03.25 19:43:56.494,0.73005,0.73013,1.00,1.00
2015.03.25 19:43:56.903,0.73003,0.73013,1.00,1.00
2015.03.25 19:44:04.488,0.72999,0.73013,1.00,1.00
2015.03.25 19:44:04.538,0.72999,0.73011,1.00,1.00
2015.03.25 19:44:04.695,0.72995,0.73011,1.00,1.00
2015.03.25 19:44:04.795,0.72998,0.73014,1.00,1.00
2015.03.25 19:44:05.207,0.72997,0.73012,1.00,1.00
2015.03.25 19:44:05.258,0.72995,0.73012,1.00,1.00
2015.03.25 19:44:05.565,0.72997,0.73013,1.00,1.00
2015.03.25 19:44:10.352,0.72997,0.73014,1.00,1.00
2015.03.25 19:44:10.716,0.72999,0.73014,1.00,1.00
2015.03.25 19:44:12.223,0.72999,0.73012,1.00,1.00
2015.03.25 19:44:12.782,0.72999,0.73014,1.00,1.00
2015.03.25 19:44:19.956,0.72997,0.73014,1.00,1.00
2015.03.25 19:44:21.386,0.73001,0.73014,1.00,1.00
2015.03.25 19:44:25.643,0.73001,0.73016,1.00,1.00
2015.03.25 19:44:39.310,0.73001,0.73014,1.00,1.00
2015.03.25 19:44:44.975,0.73002,0.73014,1.00,1.00
2015.03.25 19:44:45.026,0.73002,0.73016,1.00,1.00
2015.03.25 19:45:04.071,0.73,0.73016,1.00,1.00
2015.03.25 19:45:04.222,0.72998,0.73015,1.00,1.00
2015.03.25 19:45:04.272,0.72998,0.73011,1.00,1.00
2015.03.25 19:45:04.688,0.72998,0.73009,1.00,1.00
2015.03.25 19:45:06.132,0.72998,0.73011,1.00,1.00
2015.03.25 19:45:06.595,0.72996,0.73011,1.00,1.00
2015.03.25 19:45:06.706,0.72994,0.73011,1.00,1.00
2015.03.25 19:45:07.761,0.72994,0.7301,1.00,1.00
2015.03.25 19:45:07.811,0.72998,0.7301,1.00,1.00
2015.03.25 19:45:08.012,0.73002,0.73016,1.00,1.00
2015.03.25 19:45:08.163,0.73,0.73017,1.00,1.00
2015.03.25 19:45:08.214,0.73,0.73012,1.00,1.00
2015.03.25 19:45:08.516,0.73,0.73008,1.00,1.00
2015.03.25 19:45:09.100,0.73,0.7301,1.00,1.00
2015.03.25 19:45:09.151,0.72996,0.7301,1.00,1.00
2015.03.25 19:45:09.252,0.72998,0.73011,1.00,1.00
2015.03.25 19:45:12.755,0.72999,0.73011,1.00,1.00
2015.03.25 19:45:12.855,0.72999,0.73013,1.00,1.00
2015.03.25 19:45:13.057,0.72999,0.73015,1.00,1.00
2015.03.25 19:45:13.208,0.73001,0.73018,1.00,1.00
2015.03.25 19:45:22.092,0.73001,0.73018,1.00,1.37
2015.03.25 19:45:22.259,0.72996,0.73018,1.00,1.50
2015.03.25 19:45:22.360,0.72992,0.73012,1.00,1.00
2015.03.25 19:45:22.543,0.72992,0.73008,1.00,1.00
2015.03.25 19:45:23.140,0.72993,0.73008,1.00,1.00
2015.03.25 19:45:28.781,0.72993,0.73009,1.00,1.00
2015.03.25 19:45:30.440,0.72993,0.73011,1.00,1.00
2015.03.25 19:45:31.381,0.72993,0.7301,1.00,1.00
2015.03.25 19:45:32.519,0.72993,0.73011,1.00,1.00
2015.03.25 19:45:37.799,0.72993,0.73012,1.00,1.00
2015.03.25 19:45:37.850,0.72996,0.73012,1.00,1.00
2015.03.25 19:45:38.679,0.72996,0.7301,1.00,1.00
2015.03.25 19:45:39.521,0.72994,0.7301,1.00,1.00
2015.03.25 19:45:40.022,0.72994,0.73009,1.00,1.00
2015.03.25 19:45:42.001,0.72994,0.73011,1.00,1.00
2015.03.25 19:45:42.152,0.72997,0.73012,1.00,1.00
2015.03.25 19:45:42.203,0.72997,0.73015,1.00,1.00
2015.03.25 19:45:43.116,0.72999,0.73015,1.00,1.00
2015.03.25 19:46:10.394,0.72995,0.73015,1.00,1.00
2015.03.25 19:46:11.056,0.72998,0.73015,1.00,1.00
2015.03.25 19:46:18.544,0.72998,0.73014,1.00,1.00
2015.03.25 19:46:25.019,0.72998,0.73015,1.00,1.00
2015.03.25 19:46:25.988,0.72998,0.73016,1.00,1.00
2015.03.25 19:46:50.950,0.72998,0.73015,1.00,1.00
2015.03.25 19:46:52.639,0.73001,0.73016,1.00,1.00
2015.03.25 19:46:52.711,0.73001,0.73018,1.00,1.00
2015.03.25 19:46:52.762,0.73006,0.73018,1.00,1.00
2015.03.25 19:46:52.931,0.73006,0.73021,1.00,1.00
2015.03.25 19:46:52.981,0.73008,0.73021,1.00,1.00
2015.03.25 19:46:53.588,0.73008,0.73026,1.00,1.37
2015.03.25 19:47:01.948,0.73008,0.7302,1.00,1.00
2015.03.25 19:47:02.093,0.73006,0.7302,1.00,1.00
2015.03.25 19:47:03.280,0.73005,0.7302,1.00,1.00
2015.03.25 19:47:07.150,0.73005,0.73018,1.00,1.00
2015.03.25 19:47:10.124,0.73007,0.73018,1.00,1.00
2015.03.25 19:47:11.996,0.73004,0.73018,1.00,1.00
2015.03.25 19:47:12.102,0.73004,0.7302,1.00,1.00
2015.03.25 19:47:12.202,0.72998,0.73014,1.00,1.00
2015.03.25 19:47:12.326,0.72996,0.73014,1.00,1.00
2015.03.25 19:47:12.737,0.72996,0.73009,1.00,1.00
2015.03.25 19:47:12.888,0.72992,0.73009,1.00,1.00
2015.03.25 19:47:18.007,0.72992,0.73007,1.00,1.00
2015.03.25 19:47:19.430,0.72991,0.73007,1.00,1.00
2015.03.25 19:47:23.838,0.72991,0.73006,1.00,1.00
2015.03.25 19:47:23.983,0.72987,0.73006,1.00,1.00
2015.03.25 19:47:24.533,0.72987,0.73005,1.00,1.00
2015.03.25 19:47:25.084,0.72988,0.73005,1.00,1.00
2015.03.25 19:47:25.694,0.72988,0.73006,1.00,1.00
2015.03.25 19:47:27.834,0.72993,0.73006,1.00,1.00
2015.03.25 19:47:27.908,0.72993,0.73012,1.00,1.00
2015.03.25 19:47:28.017,0.72993,0.73014,1.00,1.00
2015.03.25 19:47:28.128,0.72993,0.73016,1.00,1.00
2015.03.25 19:47:28.178,0.72997,0.73016,1.00,1.00
2015.03.25 19:47:28.388,0.72995,0.73016,1.00,1.00
2015.03.25 19:47:28.493,0.72998,0.73016,1.00,1.00
2015.03.25 19:47:30.145,0.73001,0.73016,1.00,1.00
2015.03.25 19:47:31.977,0.73001,0.73018,1.00,1.00
2015.03.25 19:47:38.618,0.73001,0.73016,1.00,1.00
2015.03.25 19:47:39.178,0.73001,0.73017,1.00,1.00
2015.03.25 19:47:45.100,0.73001,0.73019,1.00,1.00
2015.03.25 19:47:45.214,0.73003,0.73019,1.00,1.00
2015.03.25 19:47:45.287,0.73003,0.73021,1.00,1.00
2015.03.25 19:47:45.507,0.73004,0.73019,1.00,1.00
2015.03.25 19:47:45.617,0.73004,0.73022,1.00,1.00
2015.03.25 19:47:47.745,0.73006,0.73022,1.00,1.00
2015.03.25 19:47:47.957,0.73006,0.73024,1.00,1.00
2015.03.25 19:47:48.513,0.73004,0.73023,1.00,1.00
2015.03.25 19:47:48.587,0.73004,0.73021,1.00,1.00
2015.03.25 19:47:53.136,0.73006,0.73021,1.00,1.00
2015.03.25 19:47:58.234,0.73003,0.73021,1.00,1.00
2015.03.25 19:47:58.284,0.73003,0.73019,1.00,1.00
2015.03.25 19:47:58.521,0.73003,0.73021,1.00,1.00
2015.03.25 19:48:00.928,0.73003,0.7302,1.00,1.00
2015.03.25 19:48:02.153,0.73002,0.7302,1.00,1.00
2015.03.25 19:48:02.253,0.73002,0.73018,1.00,1.00
2015.03.25 19:48:02.587,0.73,0.73015,1.00,1.00
2015.03.25 19:48:03.087,0.73,0.73013,1.00,1.00
2015.03.25 19:48:06.959,0.73,0.73015,1.00,1.00
2015.03.25 19:48:07.880,0.73003,0.73015,1.00,1.00
2015.03.25 19:48:10.147,0.73003,0.73014,1.00,1.00
2015.03.25 19:48:11.037,0.73003,0.73015,1.00,1.00
2015.03.25 19:48:11.389,0.73004,0.73017,1.00,1.00
2015.03.25 19:48:11.540,0.73008,0.73017,1.00,1.00
2015.03.25 19:48:11.640,0.73003,0.73018,1.00,1.00
2015.03.25 19:48:12.136,0.73003,0.73016,1.00,1.00
2015.03.25 19:48:14.687,0.73003,0.73017,1.00,1.00
2015.03.25 19:48:15.191,0.73003,0.73018,1.00,1.00
2015.03.25 19:48:15.537,0.73005,0.73015,1.00,1.00
2015.03.25 19:48:15.590,0.73005,0.73018,1.00,1.00
2015.03.25 19:48:26.177,0.73,0.73018,1.00,1.00
2015.03.25 19:48:26.228,0.73,0.73013,1.00,1.00
2015.03.25 19:48:26.612,0.73002,0.73014,1.00,1.00
2015.03.25 19:48:27.118,0.73002,0.73017,1.00,1.00
2015.03.25 19:48:27.550,0.73002,0.73019,1.00,1.00
2015.03.25 19:48:27.600,0.73005,0.73019,1.00,1.00
2015.03.25 19:48:30.496,0.73005,0.7302,1.00,1.00
2015.03.25 19:48:31.972,0.73009,0.73022,1.00,1.00
2015.03.25 19:48:32.622,0.73006,0.73022,1.00,1.00
2015.03.25 19:48:33.141,0.73006,0.73021,1.00,1.00
2015.03.25 19:48:33.686,0.73006,0.73018,1.00,1.00
2015.03.25 19:48:33.954,0.73004,0.73018,1.00,1.00
2015.03.25 19:48:44.167,0.73004,0.7302,1.00,1.00
2015.03.25 19:48:44.218,0.73008,0.7302,1.00,1.00
2015.03.25 19:48:44.556,0.73008,0.73018,1.00,1.00
2015.03.25 19:48:44.607,0.73008,0.7302,1.00,1.00
2015.03.25 19:48:44.757,0.73005,0.73021,1.00,1.00
2015.03.25 19:48:45.327,0.73005,0.7302,1.00,1.00
2015.03.25 19:48:45.377,0.73005,0.73018,1.00,1.00
2015.03.25 19:48:46.121,0.73005,0.73016,1.00,1.00
2015.03.25 19:48:46.171,0.73003,0.73016,1.00,1.00
2015.03.25 19:48:46.418,0.73,0.73015,1.00,1.00
2015.03.25 19:48:46.469,0.73,0.73013,1.00,1.00
2015.03.25 19:48:46.996,0.73,0.73015,1.00,1.00
2015.03.25 19:48:47.908,0.73,0.73016,1.00,1.00
2015.03.25 19:48:48.052,0.72999,0.7301,1.00,1.00
2015.03.25 19:48:48.103,0.72999,0.73013,1.00,1.00
2015.03.25 19:48:48.556,0.72999,0.73015,1.00,1.00
2015.03.25 19:48:48.657,0.72997,0.73013,1.00,1.00
2015.03.25 19:48:49.189,0.72997,0.73012,1.00,1.00
2015.03.25 19:48:49.307,0.72997,0.73014,1.00,1.00
2015.03.25 19:48:49.416,0.72997,0.73012,1.00,1.00
2015.03.25 19:48:49.953,0.72998,0.73012,1.00,1.00
2015.03.25 19:48:53.596,0.72998,0.73011,1.00,1.00
2015.03.25 19:48:54.179,0.72998,0.73012,1.00,1.00
2015.03.25 19:48:55.686,0.72998,0.73011,1.00,1.00
2015.03.25 19:48:56.236,0.72998,0.73012,1.00,1.00
2015.03.25 19:48:58.908,0.72998,0.73014,1.00,1.00
2015.03.25 19:48:59.583,0.72999,0.73015,1.00,1.00
2015.03.25 19:49:00.636,0.72999,0.73014,1.00,1.00
2015.03.25 19:49:02.597,0.72999,0.73015,1.00,1.00
2015.03.25 19:49:03.169,0.72998,0.73015,1.00,1.00
2015.03.25 19:49:06.486,0.72998,0.73013,1.00,1.00
2015.03.25 19:49:06.537,0.72996,0.73013,1.00,1.00
2015.03.25 19:49:06.938,0.72996,0.73015,1.00,1.00
2015.03.25 19:49:07.052,0.72998,0.73015,1.00,1.00
2015.03.25 19:49:08.165,0.72998,0.73016,1.00,1.00
2015.03.25 19:49:11.001,0.72998,0.73013,1.00,1.00
2015.03.25 19:49:11.526,0.72998,0.73014,1.00,1.00
2015.03.25 19:49:33.460,0.72995,0.73012,1.00,1.00
2015.03.25 19:49:35.065,0.72995,0.7301,1.00,1.00
2015.03.25 19:49:35.175,0.72995,0.73012,1.00,1.00
2015.03.25 19:49:35.836,0.72995,0.73014,1.00,1.00
2015.03.25 19:49:38.145,0.72995,0.73013,1.00,1.00
2015.03.25 19:49:38.756,0.72995,0.73012,1.00,1.00
2015.03.25 19:49:42.142,0.72996,0.73012,1.00,1.00
2015.03.25 19:49:48.220,0.72994,0.73012,1.00,1.00
2015.03.25 19:49:50.193,0.72996,0.73012,1.00,1.00
2015.03.25 19:49:50.536,0.72998,0.73011,1.00,1.00
2015.03.25 19:49:51.345,0.72998,0.73012,1.00,1.00
2015.03.25 19:49:51.946,0.72996,0.73012,1.00,1.00
2015.03.25 19:49:53.400,0.72998,0.73012,1.00,1.00
2015.03.25 19:49:53.706,0.73,0.73012,1.00,1.00
2015.03.25 19:49:53.835,0.72997,0.73012,1.00,1.00
2015.03.25 19:49:54.810,0.73,0.73012,1.00,1.00
2015.03.25 19:49:54.978,0.73,0.73014,1.00,1.00
2015.03.25 19:49:55.136,0.73003,0.73014,1.00,1.00
2015.03.25 19:49:55.196,0.73003,0.73019,1.00,1.00
2015.03.25 19:49:55.306,0.73003,0.73022,1.00,1.00
2015.03.25 19:49:55.456,0.73006,0.73024,1.00,1.00
2015.03.25 19:49:55.856,0.73009,0.73027,1.00,1.00
2015.03.25 19:49:56.858,0.73009,0.73025,1.00,1.00
2015.03.25 19:49:56.908,0.73007,0.73025,1.00,1.00
2015.03.25 19:49:56.959,0.73007,0.73023,1.00,1.00
2015.03.25 19:49:57.009,0.73004,0.73023,1.00,1.00
2015.03.25 19:49:59.630,0.73004,0.73022,1.00,1.00
2015.03.25 19:49:59.856,0.73004,0.73026,1.00,1.00
2015.03.25 19:49:59.961,0.73006,0.73026,1.00,1.00
2015.03.25 19:50:00.290,0.73008,0.73026,1.00,1.00
2015.03.25 19:50:00.807,0.73008,0.73027,1.00,1.00
2015.03.25 19:50:01.086,0.73002,0.73024,1.00,1.00
2015.03.25 19:50:01.187,0.73,0.73022,1.00,1.00
2015.03.25 19:50:01.503,0.72997,0.73019,1.00,1.00
2015.03.25 19:50:02.902,0.72997,0.7302,1.00,1.00
2015.03.25 19:50:03.418,0.73,0.73021,1.00,1.00
2015.03.25 19:50:04.331,0.73,0.73022,1.00,1.00
2015.03.25 19:50:06.750,0.73,0.73018,1.00,1.00
2015.03.25 19:50:09.206,0.73003,0.73018,1.00,1.00
2015.03.25 19:50:09.671,0.73005,0.73018,1.00,1.00
2015.03.25 19:50:09.722,0.73005,0.7302,1.00,1.00
2015.03.25 19:50:09.772,0.73007,0.7302,1.00,1.00
2015.03.25 19:50:09.873,0.73007,0.73024,1.00,1.00
2015.03.25 19:50:10.091,0.73005,0.73024,1.00,1.00
2015.03.25 19:50:10.242,0.73009,0.73023,1.00,1.00
2015.03.25 19:50:10.393,0.73009,0.73025,1.00,1.00
2015.03.25 19:50:10.526,0.73013,0.73025,1.00,1.00
2015.03.25 19:50:10.631,0.73013,0.73027,1.00,1.00
2015.03.25 19:50:11.259,0.73013,0.73029,1.00,1.00
2015.03.25 19:50:11.839,0.73014,0.73029,1.00,1.00
2015.03.25 19:50:13.496,0.73013,0.73029,1.00,1.00
2015.03.25 19:50:14.486,0.73009,0.73029,1.00,1.00
2015.03.25 19:50:14.713,0.73006,0.73029,1.00,1.00
2015.03.25 19:50:14.914,0.73005,0.73021,1.00,1.00
2015.03.25 19:50:14.964,0.73003,0.73021,1.00,1.00
2015.03.25 19:50:15.340,0.73003,0.73023,1.00,1.00
2015.03.25 19:50:16.292,0.73004,0.73024,1.00,1.00
2015.03.25 19:50:18.486,0.73008,0.73024,1.00,1.00
2015.03.25 19:50:18.839,0.7301,0.73024,1.00,1.00
2015.03.25 19:50:18.891,0.7301,0.73028,1.00,1.00
2015.03.25 19:50:19.434,0.7301,0.73029,1.00,1.00
2015.03.25 19:50:21.955,0.7301,0.73027,1.00,1.00
2015.03.25 19:50:22.259,0.73008,0.73024,1.00,1.00
2015.03.25 19:50:23.658,0.73006,0.73024,1.00,1.00
2015.03.25 19:50:27.833,0.73003,0.73024,1.00,1.00
2015.03.25 19:50:28.030,0.73003,0.73022,1.00,1.00
2015.03.25 19:50:28.417,0.73002,0.7302,1.00,1.00
2015.03.25 19:50:28.468,0.72999,0.7302,1.00,1.00
2015.03.25 19:50:28.749,0.72999,0.73017,1.00,1.00
2015.03.25 19:50:29.116,0.72996,0.73017,1.00,1.00
2015.03.25 19:50:43.871,0.72999,0.73017,1.00,1.00
2015.03.25 19:50:43.929,0.72999,0.73019,1.00,1.00
2015.03.25 19:50:44.096,0.73001,0.73019,1.00,1.00
2015.03.25 19:50:45.396,0.72998,0.73019,1.00,1.00
2015.03.25 19:50:50.859,0.72998,0.73021,1.00,1.00
2015.03.25 19:50:50.910,0.73,0.73021,1.00,1.00
2015.03.25 19:50:52.728,0.73,0.73022,1.00,1.00
2015.03.25 19:50:52.875,0.72998,0.73022,1.00,1.00
2015.03.25 19:51:02.776,0.73002,0.73022,1.00,1.00
2015.03.25 19:51:03.083,0.73005,0.73022,1.00,1.00
2015.03.25 19:51:05.386,0.73005,0.73022,1.00,1.37
2015.03.25 19:51:05.436,0.73003,0.73022,1.00,1.37
2015.03.25 19:51:05.492,0.73003,0.73018,1.00,1.00
2015.03.25 19:51:05.652,0.73,0.73018,1.00,1.00
2015.03.25 19:51:05.709,0.73,0.73016,1.00,1.00
2015.03.25 19:51:06.057,0.73,0.73014,1.00,1.00
2015.03.25 19:51:06.208,0.72998,0.73014,1.00,1.00
2015.03.25 19:51:06.369,0.72998,0.73016,1.00,1.00
2015.03.25 19:51:06.419,0.73002,0.73016,1.00,1.00
2015.03.25 19:51:06.948,0.73002,0.73017,1.00,1.00
2015.03.25 19:51:13.131,0.72997,0.73017,1.00,1.00
2015.03.25 19:51:13.189,0.72997,0.73014,1.00,1.00
2015.03.25 19:51:13.240,0.72994,0.73014,1.00,1.00
2015.03.25 19:51:13.459,0.72999,0.73015,1.00,1.00
2015.03.25 19:51:13.772,0.73001,0.73026,1.00,1.87
2015.03.25 19:51:13.900,0.72999,0.73025,1.00,1.12
2015.03.25 19:51:14.004,0.72999,0.73015,1.00,1.00
2015.03.25 19:51:15.228,0.73001,0.73015,1.00,1.00
2015.03.25 19:51:15.758,0.73,0.73015,1.00,1.00
2015.03.25 19:51:17.088,0.72999,0.73014,1.00,1.00
2015.03.25 19:51:17.196,0.72997,0.73014,1.00,1.00
2015.03.25 19:51:17.296,0.72997,0.73012,1.00,1.00
2015.03.25 19:51:26.610,0.72997,0.73013,1.00,1.00
2015.03.25 19:51:27.458,0.72997,0.73012,1.00,1.00
2015.03.25 19:51:31.557,0.72997,0.73011,1.00,1.00
2015.03.25 19:51:31.723,0.72995,0.73011,1.00,1.00
2015.03.25 19:51:31.925,0.72994,0.73008,1.00,1.00
2015.03.25 19:51:32.328,0.72997,0.7301,1.00,1.00
2015.03.25 19:51:36.034,0.73001,0.7301,1.00,1.00
2015.03.25 19:51:36.185,0.73002,0.73016,1.00,1.00
2015.03.25 19:51:36.288,0.73002,0.73014,1.00,1.00
2015.03.25 19:51:36.448,0.73,0.73014,1.00,1.00
2015.03.25 19:51:36.962,0.73,0.73012,1.00,1.00
2015.03.25 19:51:39.745,0.72999,0.73012,1.00,1.00
2015.03.25 19:51:43.231,0.72999,0.73014,1.00,1.00
2015.03.25 19:51:43.353,0.72999,0.73016,1.00,1.00
2015.03.25 19:51:43.403,0.73001,0.73016,1.00,1.00
2015.03.25 19:51:43.737,0.73005,0.73018,1.00,1.00
2015.03.25 19:51:43.887,0.73005,0.73021,1.00,1.00
2015.03.25 19:51:44.099,0.73006,0.73023,1.00,1.00
2015.03.25 19:51:44.255,0.73006,0.73025,1.00,1.00
2015.03.25 19:51:44.699,0.73008,0.73025,1.00,1.00
2015.03.25 19:51:48.875,0.73004,0.73025,1.00,1.00
2015.03.25 19:51:49.095,0.73007,0.73025,1.00,1.00
2015.03.25 19:51:49.600,0.73007,0.73026,1.00,1.00
2015.03.25 19:51:55.779,0.73007,0.73024,1.00,1.00
2015.03.25 19:51:57.299,0.73007,0.73026,1.00,1.00
2015.03.25 19:51:57.458,0.73009,0.73027,1.00,1.00
2015.03.25 19:51:58.007,0.73009,0.73028,1.00,1.00
2015.03.25 19:52:00.288,0.73009,0.73027,1.00,1.00
2015.03.25 19:52:01.477,0.73009,0.73026,1.00,1.00
2015.03.25 19:52:01.967,0.73007,0.73023,1.00,1.00
2015.03.25 19:52:02.118,0.73005,0.73022,1.00,1.00
2015.03.25 19:52:02.169,0.73005,0.7302,1.00,1.00
2015.03.25 19:52:02.684,0.73005,0.73016,1.00,1.00
2015.03.25 19:52:03.285,0.73003,0.73016,1.00,1.00
2015.03.25 19:52:05.709,0.72999,0.73016,1.00,1.00
2015.03.25 19:52:05.810,0.72999,0.73014,1.00,1.00
2015.03.25 19:52:06.606,0.72997,0.73014,1.00,1.00
2015.03.25 19:52:06.657,0.72997,0.73012,1.00,1.00
2015.03.25 19:52:07.172,0.72997,0.73013,1.00,1.00
2015.03.25 19:52:08.784,0.73,0.73013,1.00,1.00
2015.03.25 19:52:12.478,0.73,0.73014,1.00,1.00
2015.03.25 19:52:14.130,0.73,0.73016,1.00,1.00
2015.03.25 19:52:15.165,0.73002,0.73016,1.00,1.00
2015.03.25 19:52:17.083,0.73005,0.73016,1.00,1.00
2015.03.25 19:52:17.133,0.73005,0.73019,1.00,1.00
2015.03.25 19:52:19.128,0.73005,0.73018,1.00,1.00
2015.03.25 19:52:20.325,0.73005,0.73019,1.00,1.00
2015.03.25 19:52:20.839,0.73005,0.73017,1.00,1.00
2015.03.25 19:52:20.947,0.73005,0.73019,1.00,1.00
2015.03.25 19:52:39.097,0.73005,0.73018,1.00,1.00
2015.03.25 19:52:39.421,0.73003,0.73017,1.00,1.00
2015.03.25 19:52:39.471,0.73003,0.73015,1.00,1.00
2015.03.25 19:52:39.881,0.73003,0.73017,1.00,1.00
2015.03.25 19:52:40.884,0.73003,0.73015,1.00,1.00
2015.03.25 19:52:50.647,0.73003,0.73016,1.00,1.00
2015.03.25 19:52:51.215,0.73003,0.73013,1.00,1.00
2015.03.25 19:52:51.768,0.73003,0.73014,1.00,1.00
2015.03.25 19:52:57.400,0.73003,0.73015,1.00,1.00
2015.03.25 19:52:57.716,0.73008,0.73024,1.00,1.00
2015.03.25 19:52:58.017,0.73008,0.73022,1.00,1.00
2015.03.25 19:52:58.347,0.73008,0.73019,1.00,1.00
2015.03.25 19:52:58.397,0.73006,0.73019,1.00,1.00
2015.03.25 19:52:58.942,0.73006,0.73016,1.00,1.00
2015.03.25 19:52:59.470,0.73006,0.73015,1.00,1.00
2015.03.25 19:53:02.277,0.73006,0.73016,1.00,1.00
2015.03.25 19:53:02.526,0.73006,0.73018,1.00,1.00
2015.03.25 19:53:02.746,0.73006,0.7302,1.00,1.00
2015.03.25 19:53:02.936,0.73008,0.73021,1.00,1.00
2015.03.25 19:53:02.987,0.73008,0.73024,1.00,1.00
2015.03.25 19:53:03.148,0.7301,0.73024,1.00,1.00
2015.03.25 19:53:04.836,0.7301,0.73023,1.00,1.00
2015.03.25 19:53:05.410,0.7301,0.73024,1.00,1.00
2015.03.25 19:53:07.185,0.7301,0.73023,1.00,1.00
2015.03.25 19:53:07.286,0.7301,0.73025,1.00,1.00
2015.03.25 19:53:08.597,0.7301,0.73023,1.00,1.00
2015.03.25 19:53:08.796,0.7301,0.73025,1.00,1.00
2015.03.25 19:53:12.233,0.7301,0.73024,1.00,1.00
2015.03.25 19:53:12.765,0.7301,0.73025,1.00,1.00
2015.03.25 19:53:20.016,0.7301,0.73024,1.00,1.00
2015.03.25 19:53:20.701,0.7301,0.73025,1.00,1.00
2015.03.25 19:53:22.658,0.7301,0.73023,1.00,1.00
2015.03.25 19:53:22.766,0.7301,0.73025,1.00,1.00
2015.03.25 19:53:23.426,0.7301,0.73024,1.00,1.00
2015.03.25 19:53:23.616,0.73013,0.73024,1.00,1.00
2015.03.25 19:53:23.666,0.73013,0.73029,1.00,1.00
2015.03.25 19:53:23.717,0.73016,0.73029,1.00,1.00
2015.03.25 19:53:23.918,0.73016,0.73031,1.00,1.00
2015.03.25 19:53:28.433,0.73014,0.73031,1.00,1.12
2015.03.25 19:53:28.533,0.73014,0.73031,1.00,1.37
2015.03.25 19:53:28.840,0.73011,0.73022,1.00,1.00
2015.03.25 19:53:29.194,0.7301,0.7302,1.00,1.00
2015.03.25 19:53:29.359,0.73007,0.7302,1.00,1.00
2015.03.25 19:53:29.409,0.73007,0.73015,1.00,1.00
2015.03.25 19:53:30.465,0.73007,0.73016,1.00,1.00
2015.03.25 19:53:34.376,0.73006,0.73016,1.00,1.00
2015.03.25 19:53:35.550,0.73006,0.73017,1.00,1.00
2015.03.25 19:53:35.868,0.73008,0.73015,1.00,1.00
2015.03.25 19:53:36.087,0.73008,0.73019,1.00,1.00
2015.03.25 19:53:36.628,0.73008,0.73018,1.00,1.00
2015.03.25 19:53:36.930,0.73011,0.73019,1.00,1.00
2015.03.25 19:53:36.980,0.73011,0.73023,1.00,1.00
2015.03.25 19:53:37.527,0.73011,0.73024,1.00,1.00
2015.03.25 19:53:41.187,0.73016,0.73024,1.00,1.00
2015.03.25 19:53:41.287,0.73016,0.73029,1.00,1.00
2015.03.25 19:53:41.488,0.73015,0.73027,1.00,1.00
2015.03.25 19:53:41.804,0.73015,0.73024,1.00,1.00
2015.03.25 19:53:42.156,0.73014,0.73026,1.00,1.00
2015.03.25 19:53:42.504,0.73014,0.73024,1.00,1.00
2015.03.25 19:53:42.567,0.73014,0.73026,1.00,1.00
2015.03.25 19:53:43.219,0.73014,0.73025,1.00,1.00
2015.03.25 19:53:43.270,0.73014,0.73023,1.00,1.00
2015.03.25 19:53:43.320,0.73012,0.73023,1.00,1.00
2015.03.25 19:53:51.984,0.73014,0.73023,1.00,1.00
2015.03.25 19:53:52.142,0.73014,0.73025,1.00,1.00
2015.03.25 19:53:52.387,0.73014,0.73027,1.00,1.00
2015.03.25 19:53:53.284,0.73013,0.73027,1.00,1.00
2015.03.25 19:53:53.435,0.73006,0.73027,1.00,1.00
2015.03.25 19:53:53.486,0.73006,0.73016,1.00,1.00
2015.03.25 19:53:53.536,0.73003,0.73016,1.00,1.00
2015.03.25 19:53:53.966,0.73001,0.73015,1.00,1.00
2015.03.25 19:53:54.077,0.73004,0.73015,1.00,1.00
2015.03.25 19:53:54.228,0.73004,0.73019,1.00,1.00
2015.03.25 19:53:54.337,0.73004,0.73023,1.00,1.00
2015.03.25 19:53:54.388,0.73007,0.73023,1.00,1.00
2015.03.25 19:53:54.929,0.73007,0.7302,1.00,1.00
2015.03.25 19:53:54.980,0.73004,0.7302,1.00,1.00
2015.03.25 19:53:55.080,0.73009,0.7302,1.00,1.00
2015.03.25 19:53:55.332,0.73009,0.73024,1.00,1.00
2015.03.25 19:53:55.382,0.73011,0.73024,1.00,1.00
2015.03.25 19:53:55.788,0.73012,0.73022,1.00,1.00
2015.03.25 19:53:56.326,0.73011,0.73022,1.00,1.00
2015.03.25 19:53:56.657,0.73011,0.73019,1.00,1.00
2015.03.25 19:53:56.707,0.73007,0.73019,1.00,1.00
2015.03.25 19:53:56.808,0.73005,0.73019,1.00,1.00
2015.03.25 19:53:56.908,0.73005,0.73016,1.00,1.00
2015.03.25 19:53:57.009,0.73005,0.73018,1.00,1.00
2015.03.25 19:53:57.560,0.73005,0.73019,1.00,1.00
2015.03.25 19:53:58.654,0.73005,0.73022,1.00,1.00
2015.03.25 19:53:58.705,0.73007,0.73022,1.00,1.00
2015.03.25 19:53:58.755,0.73007,0.73024,1.00,1.00
2015.03.25 19:53:59.275,0.73007,0.73023,1.00,1.00
2015.03.25 19:53:59.626,0.73007,0.7302,1.00,1.00
2015.03.25 19:53:59.676,0.73005,0.7302,1.00,1.00
2015.03.25 19:54:00.319,0.73005,0.73019,1.00,1.00
2015.03.25 19:54:00.625,0.73005,0.73017,1.00,1.00
2015.03.25 19:54:00.725,0.73005,0.73022,1.00,1.00
2015.03.25 19:54:00.876,0.73005,0.7302,1.00,1.00
2015.03.25 19:54:00.927,0.73002,0.7302,1.00,1.00
2015.03.25 19:54:02.077,0.73002,0.73019,1.00,1.00
2015.03.25 19:54:02.925,0.73002,0.73018,1.00,1.00
2015.03.25 19:54:04.246,0.73002,0.73014,1.00,1.00
2015.03.25 19:54:04.296,0.73,0.73014,1.00,1.00
2015.03.25 19:54:04.397,0.73,0.73012,1.00,1.00
2015.03.25 19:54:04.507,0.72996,0.73012,1.00,1.00
2015.03.25 19:54:06.713,0.72996,0.73011,1.00,1.00
2015.03.25 19:54:06.813,0.72996,0.73009,1.00,1.00
2015.03.25 19:54:06.964,0.72992,0.73006,1.00,1.00
2015.03.25 19:54:07.326,0.72992,0.73008,1.00,1.00
2015.03.25 19:54:09.218,0.72992,0.73011,1.00,1.00
2015.03.25 19:54:09.268,0.72995,0.73011,1.00,1.00
2015.03.25 19:54:09.774,0.72996,0.73011,1.00,1.00
2015.03.25 19:54:10.076,0.72998,0.73012,1.00,1.00
2015.03.25 19:54:10.444,0.73002,0.73013,1.00,1.00
2015.03.25 19:54:10.515,0.73002,0.73015,1.00,1.00
2015.03.25 19:54:11.111,0.73002,0.73016,1.00,1.00
2015.03.25 19:54:11.417,0.73002,0.73012,1.00,1.00
2015.03.25 19:54:11.568,0.72997,0.73011,1.00,1.00
2015.03.25 19:54:11.619,0.72997,0.73008,1.00,1.00
2015.03.25 19:54:11.669,0.72995,0.73008,1.00,1.00
2015.03.25 19:54:11.888,0.72993,0.73008,1.00,1.00
2015.03.25 19:54:12.430,0.72992,0.73007,1.00,1.00
2015.03.25 19:54:12.933,0.72993,0.73006,1.00,1.00
2015.03.25 19:54:13.595,0.72993,0.73004,1.00,1.00
2015.03.25 19:54:16.565,0.72993,0.73003,1.00,1.00
2015.03.25 19:54:16.715,0.7299,0.73001,1.00,1.00
2015.03.25 19:54:16.943,0.7299,0.73004,1.00,1.00
2015.03.25 19:54:17.156,0.7299,0.73007,1.00,1.00
2015.03.25 19:54:17.813,0.72994,0.73007,1.00,1.00
2015.03.25 19:54:18.357,0.72994,0.73008,1.00,1.00
2015.03.25 19:54:19.535,0.72994,0.73009,1.00,1.00
2015.03.25 19:54:20.076,0.72995,0.7301,1.00,1.00
2015.03.25 19:54:21.013,0.72996,0.73009,1.00,1.00
2015.03.25 19:54:21.296,0.72996,0.73011,1.00,1.00
2015.03.25 19:54:21.950,0.72998,0.73011,1.00,1.00
2015.03.25 19:54:24.066,0.72998,0.73012,1.00,1.00
2015.03.25 19:54:24.375,0.73001,0.73011,1.00,1.00
2015.03.25 19:54:24.595,0.73001,0.73013,1.00,1.00
2015.03.25 19:54:30.205,0.73001,0.73012,1.00,1.00
2015.03.25 19:54:32.515,0.73001,0.73011,1.00,1.00
2015.03.25 19:54:33.488,0.73001,0.73012,1.00,1.00
2015.03.25 19:54:35.488,0.73001,0.73011,1.00,1.00
2015.03.25 19:54:36.105,0.73001,0.73012,1.00,1.00
2015.03.25 19:54:37.488,0.73001,0.73013,1.00,1.00
2015.03.25 19:54:37.588,0.73001,0.7301,1.00,1.00
2015.03.25 19:54:37.925,0.73001,0.73013,1.00,1.00
2015.03.25 19:54:38.126,0.73001,0.73015,1.00,1.00
2015.03.25 19:54:39.299,0.73004,0.73015,1.00,1.00
2015.03.25 19:54:39.450,0.73004,0.73017,1.00,1.00
2015.03.25 19:54:40.605,0.73004,0.73016,1.00,1.00
2015.03.25 19:54:44.003,0.73005,0.73016,1.00,1.00
2015.03.25 19:54:46.663,0.73002,0.73016,1.00,1.00
2015.03.25 19:54:46.763,0.72999,0.73015,1.00,1.00
2015.03.25 19:54:46.864,0.72999,0.7301,1.00,1.00
2015.03.25 19:54:47.467,0.72998,0.73011,1.00,1.00
2015.03.25 19:54:50.306,0.72999,0.73011,1.00,1.00
2015.03.25 19:54:50.667,0.73002,0.73015,1.00,1.00
2015.03.25 19:54:57.326,0.73004,0.73015,1.00,1.00
2015.03.25 19:55:00.564,0.73004,0.73017,1.00,1.00
2015.03.25 19:55:03.008,0.73004,0.73015,1.00,1.00
2015.03.25 19:55:03.058,0.73,0.73015,1.00,1.00
2015.03.25 19:55:03.109,0.73,0.73011,1.00,1.00
2015.03.25 19:55:04.361,0.72999,0.73011,1.00,1.00
2015.03.25 19:55:04.673,0.73003,0.73016,1.00,1.00
2015.03.25 19:55:04.724,0.73006,0.73016,1.00,1.00
2015.03.25 19:55:05.118,0.73006,0.73018,1.00,1.00
2015.03.25 19:55:07.793,0.73005,0.73018,1.00,1.00
2015.03.25 19:55:07.893,0.73003,0.73017,1.00,1.00
2015.03.25 19:55:08.094,0.73006,0.73018,1.00,1.00
2015.03.25 19:55:08.472,0.73004,0.73017,1.00,1.00
2015.03.25 19:55:08.933,0.73004,0.73015,1.00,1.00
2015.03.25 19:55:20.485,0.73004,0.73016,1.00,1.00
2015.03.25 19:55:20.713,0.73005,0.73022,1.00,1.00
2015.03.25 19:55:20.764,0.73009,0.73022,1.00,1.00
2015.03.25 19:55:34.395,0.73006,0.73022,1.00,1.00
2015.03.25 19:55:34.445,0.73006,0.7302,1.00,1.00
2015.03.25 19:55:34.646,0.73002,0.73019,1.00,1.00
2015.03.25 19:55:34.697,0.73002,0.73017,1.00,1.00
2015.03.25 19:55:35.003,0.73004,0.73016,1.00,1.00
2015.03.25 19:55:35.543,0.73005,0.73018,1.00,1.00
2015.03.25 19:55:37.854,0.73005,0.73016,1.00,1.00
2015.03.25 19:55:38.500,0.73005,0.73017,1.00,1.00
2015.03.25 19:55:40.712,0.73005,0.73018,1.00,1.00
2015.03.25 19:55:43.291,0.73004,0.73018,1.00,1.00
2015.03.25 19:55:48.128,0.73004,0.73017,1.00,1.00
2015.03.25 19:55:48.460,0.73006,0.73016,1.00,1.00
2015.03.25 19:55:49.217,0.73006,0.73015,1.00,1.00
2015.03.25 19:55:50.161,0.73006,0.73016,1.00,1.00
2015.03.25 19:55:54.944,0.73006,0.73019,1.00,1.00
2015.03.25 19:55:55.451,0.73006,0.73018,1.00,1.00
2015.03.25 19:55:56.263,0.73006,0.73019,1.00,1.00
2015.03.25 19:55:57.655,0.73006,0.73016,1.00,1.00
2015.03.25 19:56:00.953,0.73006,0.73018,1.00,1.00
2015.03.25 19:56:02.354,0.73007,0.73018,1.00,1.00
2015.03.25 19:56:02.454,0.73007,0.7302,1.00,1.00
2015.03.25 19:56:05.923,0.73007,0.73021,1.00,1.00
2015.03.25 19:56:07.283,0.73006,0.73021,1.00,1.00
2015.03.25 19:56:07.384,0.73008,0.73021,1.00,1.00
2015.03.25 19:56:12.745,0.73008,0.73023,1.00,1.00
2015.03.25 19:56:12.896,0.73011,0.73023,1.00,1.00
2015.03.25 19:56:13.493,0.73011,0.73022,1.00,1.00
2015.03.25 19:56:14.491,0.73011,0.73021,1.00,1.00
2015.03.25 19:56:18.915,0.73011,0.7302,1.00,1.00
2015.03.25 19:56:19.018,0.73011,0.73022,1.00,1.00
2015.03.25 19:56:19.436,0.7301,0.7302,1.00,1.00
2015.03.25 19:56:20.003,0.7301,0.73021,1.00,1.00
2015.03.25 19:56:20.755,0.7301,0.7302,1.00,1.00
2015.03.25 19:56:20.863,0.7301,0.73022,1.00,1.00
2015.03.25 19:56:21.863,0.7301,0.73021,1.00,1.00
2015.03.25 19:56:22.749,0.7301,0.73019,1.00,1.00
2015.03.25 19:56:23.111,0.73007,0.73019,1.00,1.00
2015.03.25 19:56:23.638,0.73007,0.73018,1.00,1.00
2015.03.25 19:56:23.738,0.73005,0.73016,1.00,1.00
2015.03.25 19:56:23.831,0.73005,0.73018,1.00,1.00
2015.03.25 19:56:23.931,0.73003,0.73018,1.00,1.00
2015.03.25 19:56:24.083,0.73003,0.73015,1.00,1.00
2015.03.25 19:56:24.381,0.73003,0.73023,1.00,1.37
2015.03.25 19:56:24.893,0.73003,0.73023,1.00,1.37
2015.03.25 19:56:27.098,0.73003,0.73023,1.00,1.12
2015.03.25 19:56:31.531,0.73003,0.73014,1.00,1.00
2015.03.25 19:56:31.581,0.73001,0.73014,1.00,1.00
2015.03.25 19:56:31.682,0.73001,0.7301,1.00,1.00
2015.03.25 19:56:31.732,0.72999,0.7301,1.00,1.00
2015.03.25 19:56:31.861,0.72999,0.73008,1.00,1.00
2015.03.25 19:56:32.163,0.72994,0.73006,1.00,1.00
2015.03.25 19:56:32.631,0.72993,0.73003,1.00,1.00
2015.03.25 19:56:33.193,0.72992,0.73003,1.00,1.00
2015.03.25 19:56:33.720,0.72992,0.73004,1.00,1.00
2015.03.25 19:56:34.051,0.72992,0.73002,1.00,1.00
2015.03.25 19:56:36.488,0.72992,0.73003,1.00,1.00
2015.03.25 19:56:37.402,0.72992,0.73004,1.00,1.00
2015.03.25 19:56:38.492,0.72992,0.73007,1.00,1.00
2015.03.25 19:56:38.542,0.72995,0.73007,1.00,1.00
2015.03.25 19:56:38.593,0.72995,0.73009,1.00,1.00
2015.03.25 19:56:38.643,0.72998,0.73009,1.00,1.00
2015.03.25 19:56:38.949,0.73,0.73012,1.00,1.00
2015.03.25 19:56:39.280,0.73002,0.73012,1.00,1.00
2015.03.25 19:56:39.492,0.73005,0.73017,1.00,1.00
2015.03.25 19:56:39.642,0.73008,0.73017,1.00,1.00
2015.03.25 19:56:39.783,0.73008,0.7302,1.00,1.00
2015.03.25 19:56:40.552,0.73008,0.73019,1.00,1.00
2015.03.25 19:56:41.041,0.7301,0.73019,1.00,1.00
2015.03.25 19:56:43.900,0.73008,0.73019,1.00,1.00
2015.03.25 19:56:57.603,0.73008,0.73018,1.00,1.00
2015.03.25 19:56:57.854,0.73008,0.73021,1.00,1.00
2015.03.25 19:56:57.904,0.73012,0.73021,1.00,1.00
2015.03.25 19:56:58.005,0.73008,0.73021,1.00,1.00
2015.03.25 19:56:58.106,0.73014,0.7302,1.00,1.00
2015.03.25 19:56:58.308,0.73014,0.73024,1.00,1.00
2015.03.25 19:56:58.842,0.73014,0.73026,1.00,1.00
2015.03.25 19:56:58.892,0.73016,0.73026,1.00,1.00
2015.03.25 19:56:59.370,0.73014,0.73024,1.00,1.00
2015.03.25 19:57:02.159,0.73009,0.73024,1.00,1.00
2015.03.25 19:57:02.371,0.73009,0.73016,1.00,1.00
2015.03.25 19:57:02.421,0.73006,0.73016,1.00,1.00
2015.03.25 19:57:02.921,0.73006,0.73019,1.00,1.00
2015.03.25 19:57:09.721,0.73006,0.7302,1.00,1.00
2015.03.25 19:57:13.493,0.73011,0.7302,1.00,1.00
2015.03.25 19:57:13.544,0.73012,0.73023,1.00,1.00
2015.03.25 19:57:14.621,0.73012,0.73024,1.00,1.00
2015.03.25 19:57:40.570,0.73012,0.73025,1.00,1.00
2015.03.25 19:57:41.686,0.73012,0.73027,1.00,1.00
2015.03.25 19:57:43.444,0.73012,0.73024,1.00,1.00
2015.03.25 19:57:44.321,0.73012,0.73026,1.00,1.00
2015.03.25 19:57:44.422,0.73014,0.73026,1.00,1.00
2015.03.25 19:57:44.472,0.73014,0.73028,1.00,1.00
2015.03.25 19:57:44.523,0.73016,0.73028,1.00,1.00
2015.03.25 19:57:44.624,0.73014,0.73027,1.00,1.00
2015.03.25 19:57:45.353,0.73013,0.73026,1.00,1.00
2015.03.25 19:57:46.964,0.73013,0.73023,1.00,1.00
2015.03.25 19:57:47.165,0.73011,0.73023,1.00,1.00
2015.03.25 19:57:47.215,0.73011,0.73018,1.00,1.00
2015.03.25 19:57:47.517,0.73006,0.73018,1.00,1.00
2015.03.25 19:57:48.155,0.7301,0.73018,1.00,1.00
2015.03.25 19:57:48.207,0.73011,0.73021,1.00,1.00
2015.03.25 19:57:48.307,0.73008,0.73021,1.00,1.00
2015.03.25 19:57:48.408,0.7301,0.73024,1.00,1.00
2015.03.25 19:57:48.580,0.73012,0.73024,1.00,1.00
2015.03.25 19:57:48.630,0.73012,0.73026,1.00,1.00
2015.03.25 19:57:53.012,0.7301,0.73026,1.00,1.00
2015.03.25 19:57:53.113,0.7301,0.73023,1.00,1.00
2015.03.25 19:57:53.684,0.7301,0.73024,1.00,1.00
2015.03.25 19:57:54.759,0.7301,0.73036,1.00,1.75
2015.03.25 19:57:57.411,0.7301,0.73037,1.00,1.50
2015.03.25 19:57:58.797,0.7301,0.73037,1.00,1.75
2015.03.25 19:57:58.847,0.73008,0.73037,1.00,1.75
2015.03.25 19:58:00.444,0.73008,0.73035,1.00,1.75
2015.03.25 19:58:00.544,0.73008,0.73035,1.00,1.87
2015.03.25 19:58:02.606,0.73008,0.73035,1.00,2.25
2015.03.25 19:58:04.310,0.73005,0.73034,1.00,1.50
2015.03.25 19:58:05.829,0.73005,0.73034,1.00,1.75
2015.03.25 19:58:05.930,0.73007,0.73035,1.00,2.25
2015.03.25 19:58:06.030,0.73003,0.73032,1.00,1.50
2015.03.25 19:58:06.330,0.73003,0.73032,1.00,1.37
2015.03.25 19:58:06.872,0.73006,0.73035,1.00,1.87
2015.03.25 19:58:08.709,0.73008,0.73035,1.00,1.87
2015.03.25 19:58:10.600,0.73008,0.73019,1.00,1.00
2015.03.25 19:58:13.001,0.73009,0.73019,1.00,1.00
2015.03.25 19:58:13.152,0.73012,0.73027,1.00,1.00
2015.03.25 19:58:13.353,0.73013,0.73025,1.00,1.00
2015.03.25 19:58:13.681,0.73011,0.73022,1.00,1.00
2015.03.25 19:58:13.913,0.73011,0.73025,1.00,1.00
2015.03.25 19:58:14.563,0.73011,0.73024,1.00,1.00
2015.03.25 19:58:14.676,0.73009,0.73021,1.00,1.00
2015.03.25 19:58:14.792,0.73007,0.7302,1.00,1.00
2015.03.25 19:58:17.560,0.73007,0.73021,1.00,1.00
2015.03.25 19:58:17.761,0.73006,0.73019,1.00,1.00
2015.03.25 19:58:18.531,0.73008,0.7302,1.00,1.00
2015.03.25 19:58:18.636,0.73008,0.73022,1.00,1.00
2015.03.25 19:58:18.837,0.7301,0.73023,1.00,1.00
2015.03.25 19:58:18.988,0.7301,0.73025,1.00,1.00
2015.03.25 19:58:20.609,0.7301,0.73026,1.00,1.00
2015.03.25 19:58:20.660,0.73013,0.73026,1.00,1.00
2015.03.25 19:58:22.388,0.73013,0.73025,1.00,1.00
2015.03.25 19:58:22.700,0.73011,0.73024,1.00,1.00
2015.03.25 19:58:29.435,0.73011,0.73023,1.00,1.00
2015.03.25 19:58:34.578,0.73011,0.7302,1.00,1.00
2015.03.25 19:58:35.695,0.73008,0.73019,1.00,1.00
2015.03.25 19:58:36.449,0.73008,0.73018,1.00,1.00
2015.03.25 19:58:37.548,0.73008,0.7302,1.00,1.00
2015.03.25 19:58:42.939,0.73008,0.73021,1.00,1.00
2015.03.25 19:58:43.533,0.73008,0.7302,1.00,1.00
2015.03.25 19:58:46.269,0.73006,0.7302,1.00,1.00
2015.03.25 19:58:46.370,0.73006,0.73018,1.00,1.00
2015.03.25 19:58:46.790,0.73006,0.7302,1.00,1.00
2015.03.25 19:58:50.418,0.73007,0.7302,1.00,1.00
2015.03.25 19:58:53.548,0.73009,0.7302,1.00,1.00
2015.03.25 19:58:53.738,0.73009,0.73022,1.00,1.00
2015.03.25 19:58:59.026,0.73008,0.7302,1.00,1.00
2015.03.25 19:58:59.618,0.73008,0.73019,1.00,1.00
2015.03.25 19:59:00.781,0.73008,0.73018,1.00,1.00
2015.03.25 19:59:01.349,0.73008,0.73019,1.00,1.00
2015.03.25 19:59:03.220,0.73008,0.73022,1.00,1.00
2015.03.25 19:59:03.289,0.73008,0.7302,1.00,1.00
2015.03.25 19:59:04.498,0.73008,0.73018,1.00,1.00
2015.03.25 19:59:05.208,0.73008,0.73017,1.00,1.00
2015.03.25 19:59:06.259,0.73005,0.73017,1.00,1.00
2015.03.25 19:59:08.612,0.73005,0.73018,1.00,1.00
2015.03.25 19:59:10.335,0.73008,0.73019,1.00,1.00
2015.03.25 19:59:10.587,0.73006,0.7302,1.00,1.00
2015.03.25 19:59:10.687,0.73004,0.73016,1.00,1.00
2015.03.25 19:59:11.145,0.73006,0.73017,1.00,1.00
2015.03.25 19:59:11.345,0.73006,0.73019,1.00,1.00
2015.03.25 19:59:13.092,0.73006,0.73016,1.00,1.00
2015.03.25 19:59:13.443,0.73004,0.73014,1.00,1.00
2015.03.25 19:59:14.111,0.73004,0.73013,1.00,1.00
2015.03.25 19:59:14.630,0.73004,0.73012,1.00,1.00
2015.03.25 19:59:17.705,0.72999,0.7301,1.00,1.00
2015.03.25 19:59:17.856,0.72994,0.73006,1.00,1.00
2015.03.25 19:59:17.956,0.72993,0.73002,1.00,1.00
2015.03.25 19:59:18.258,0.72985,0.72994,1.00,1.00
2015.03.25 19:59:18.560,0.72986,0.72992,1.00,1.00
2015.03.25 19:59:18.823,0.72986,0.72994,1.00,1.00
2015.03.25 19:59:20.340,0.72986,0.72995,1.00,1.00
2015.03.25 19:59:20.870,0.72986,0.72996,1.00,1.00
2015.03.25 19:59:21.439,0.72983,0.72995,1.00,1.00
2015.03.25 19:59:29.258,0.72983,0.72992,1.00,1.00
2015.03.25 19:59:30.130,0.72983,0.72994,1.00,1.00
2015.03.25 19:59:35.549,0.72983,0.72993,1.00,1.00
2015.03.25 19:59:35.880,0.7298,0.72993,1.00,1.00
2015.03.25 19:59:39.493,0.72979,0.72992,1.00,1.00
2015.03.25 19:59:39.587,0.72979,0.7299,1.00,1.00
2015.03.25 19:59:40.261,0.72979,0.72988,1.00,1.00
2015.03.25 19:59:41.370,0.72967,0.72986,1.00,1.00
2015.03.25 19:59:41.471,0.72967,0.72979,1.00,1.00
2015.03.25 19:59:41.572,0.72965,0.72979,1.00,1.00
2015.03.25 19:59:41.723,0.72962,0.72977,1.00,1.00
2015.03.25 19:59:41.824,0.72962,0.72974,1.00,1.00
2015.03.25 19:59:41.924,0.72958,0.72974,1.00,1.00
2015.03.25 19:59:41.986,0.72958,0.72968,1.00,1.00
2015.03.25 19:59:42.297,0.72956,0.72964,1.00,1.00
2015.03.25 19:59:42.348,0.72953,0.72963,1.00,1.00
2015.03.25 19:59:42.477,0.72953,0.72965,1.00,1.00
2015.03.25 19:59:42.900,0.7295,0.72963,1.00,1.00
2015.03.25 19:59:43.565,0.7295,0.72962,1.00,1.00
2015.03.25 19:59:44.459,0.7295,0.72961,1.00,1.00
2015.03.25 19:59:44.560,0.72944,0.72967,1.00,1.37
2015.03.25 19:59:44.660,0.72947,0.72967,1.00,1.00
2015.03.25 19:59:44.761,0.72947,0.7297,1.00,1.37
2015.03.25 19:59:45.200,0.72949,0.7297,1.00,1.37
2015.03.25 19:59:45.762,0.72949,0.7297,1.00,1.12
2015.03.25 19:59:46.170,0.72949,0.72963,1.00,1.00
2015.03.25 19:59:46.990,0.72949,0.72964,1.00,1.00
2015.03.25 19:59:50.747,0.72949,0.72962,1.00,1.00
2015.03.25 19:59:53.369,0.72949,0.72964,1.00,1.00
2015.03.25 19:59:57.549,0.72947,0.72964,1.00,1.00
2015.03.25 19:59:58.509,0.72952,0.72961,1.00,1.00
2015.03.25 19:59:58.667,0.72948,0.7296,1.00,1.00
2015.03.25 19:59:58.879,0.72946,0.72954,1.00,1.00
2015.03.25 19:59:58.979,0.72947,0.72957,1.00,1.00
2015.03.25 19:59:59.180,0.72948,0.72957,1.00,1.00
2015.03.25 19:59:59.711,0.72949,0.72958,1.00,1.00
