2010.11.19 10:00:00.184,0.76933,0.76971,1.50,3.20
2010.11.19 10:00:01.437,0.76925,0.76959,2.50,2.30
2010.11.19 10:00:04.342,0.7693,0.76972,3.20,2.40
2010.11.19 10:00:04.981,0.7693,0.76972,2.50,3.20
2010.11.19 10:00:06.371,0.76931,0.76977,2.50,2.60
2010.11.19 10:00:08.813,0.76931,0.76977,3.20,2.30
2010.11.19 10:00:10.892,0.76936,0.76977,2.50,2.40
2010.11.19 10:00:14.961,0.76933,0.76971,2.50,2.30
2010.11.19 10:00:29.603,0.76933,0.76976,4.70,2.60
2010.11.19 10:00:30.412,0.76933,0.76976,3.80,3.20
2010.11.19 10:00:33.653,0.76923,0.76966,4.70,2.60
2010.11.19 10:00:34.093,0.76917,0.76953,2.30,1.10
2010.11.19 10:00:34.799,0.76903,0.76957,2.30,2.50
2010.11.19 10:00:37.151,0.76917,0.76962,2.30,2.60
2010.11.19 10:00:37.915,0.76942,0.76983,3.20,2.40
2010.11.19 10:00:39.973,0.76942,0.76983,2.50,1.90
2010.11.19 10:00:42.883,0.76929,0.76967,3.20,2.50
2010.11.19 10:00:44.924,0.76929,0.76973,3.20,4.80
2010.11.19 10:00:45.741,0.76928,0.76973,4.70,2.60
2010.11.19 10:00:48.687,0.76929,0.76966,1.10,2.50
2010.11.19 10:00:56.022,0.76932,0.76966,1.10,1.50
2010.11.19 10:00:56.544,0.76938,0.76973,3.20,1.50
2010.11.19 10:01:03.744,0.76932,0.76973,1.10,2.50
2010.11.19 10:01:14.253,0.76929,0.76973,2.50,5.10
2010.11.19 10:01:14.473,0.76924,0.76968,3.20,2.30
2010.11.19 10:01:14.694,0.76943,0.76984,2.30,4.10
2010.11.19 10:01:15.514,0.76927,0.76975,2.50,2.30
2010.11.19 10:01:17.555,0.76928,0.76971,2.30,1.10
2010.11.19 10:01:17.662,0.76928,0.76974,2.50,2.60
2010.11.19 10:01:20.413,0.76923,0.76969,2.50,2.60
2010.11.19 10:01:21.166,0.76923,0.76969,2.50,2.60
2010.11.19 10:01:23.824,0.76928,0.76973,4.00,1.90
2010.11.19 10:01:32.144,0.76928,0.76969,4.00,2.40
2010.11.19 10:01:33.792,0.7693,0.76969,1.40,2.40
2010.11.19 10:01:36.895,0.76933,0.76974,2.50,2.40
2010.11.19 10:01:39.884,0.76933,0.76974,3.20,2.40
2010.11.19 10:01:40.213,0.76952,0.7698,2.50,2.40
2010.11.19 10:01:40.715,0.76964,0.77002,2.50,2.40
2010.11.19 10:01:41.404,0.76952,0.76987,2.30,1.50
2010.11.19 10:01:41.514,0.76943,0.76986,2.30,2.30
2010.11.19 10:01:44.193,0.76949,0.76988,2.30,3.20
2010.11.19 10:01:44.412,0.76941,0.76978,3.20,1.50
2010.11.19 10:01:51.152,0.76948,0.76987,2.30,1.10
2010.11.19 10:01:57.941,0.76942,0.7698,2.50,2.30
2010.11.19 10:01:59.473,0.76945,0.76986,3.20,3.20
2010.11.19 10:02:00.563,0.76955,0.76989,3.20,1.70
2010.11.19 10:02:03.241,0.76966,0.77005,2.50,2.50
2010.11.19 10:02:10.433,0.76968,0.77005,1.10,2.30
2010.11.19 10:02:13.554,0.76968,0.77007,3.20,2.50
2010.11.19 10:02:17.613,0.76966,0.77012,3.20,6.20
2010.11.19 10:02:19.852,0.7696,0.76999,2.50,1.80
2010.11.19 10:02:20.325,0.7695,0.76992,3.20,1.10
2010.11.19 10:02:22.743,0.76951,0.77,2.50,2.60
2010.11.19 10:02:23.968,0.76951,0.77,2.50,2.60
2010.11.19 10:02:24.183,0.76951,0.77,2.50,2.60
2010.11.19 10:02:24.536,0.76951,0.77,2.50,2.60
2010.11.19 10:02:39.733,0.7695,0.76996,3.60,2.40
2010.11.19 10:02:50.669,0.7695,0.76996,3.60,2.30
2010.11.19 10:02:55.572,0.7695,0.76996,2.90,2.30
2010.11.19 10:02:57.730,0.7695,0.76996,2.90,2.40
2010.11.19 10:03:00.487,0.76949,0.76994,2.50,2.40
2010.11.19 10:03:01.014,0.76941,0.76987,2.90,2.60
2010.11.19 10:03:04.154,0.76952,0.76991,2.50,2.40
2010.11.19 10:03:04.663,0.76943,0.76986,2.50,2.60
2010.11.19 10:03:06.738,0.76931,0.76974,1.80,2.50
2010.11.19 10:03:09.683,0.76931,0.76974,1.90,2.50
2010.11.19 10:03:12.643,0.76931,0.76974,1.70,2.50
2010.11.19 10:03:15.372,0.76931,0.76974,1.70,3.20
2010.11.19 10:03:33.477,0.76923,0.76965,6.50,2.50
2010.11.19 10:03:33.747,0.76923,0.76965,2.60,2.50
2010.11.19 10:03:34.945,0.76933,0.7697,1.70,3.20
2010.11.19 10:03:37.044,0.76934,0.7697,1.10,2.50
2010.11.19 10:03:40.534,0.76933,0.7697,2.50,3.20
2010.11.19 10:03:43.722,0.76933,0.7697,2.60,3.20
2010.11.19 10:03:48.716,0.76941,0.76974,2.30,3.20
2010.11.19 10:03:50.981,0.76941,0.76974,1.10,3.20
2010.11.19 10:03:51.252,0.76943,0.76978,1.10,2.50
2010.11.19 10:03:53.962,0.76939,0.76974,2.60,2.30
2010.11.19 10:03:56.314,0.76921,0.76964,6.20,2.50
2010.11.19 10:04:00.665,0.76921,0.76964,8.40,2.50
2010.11.19 10:04:04.073,0.76926,0.76967,6.20,2.50
2010.11.19 10:04:12.082,0.76926,0.76967,2.60,2.50
2010.11.19 10:04:14.976,0.76926,0.76967,2.60,2.50
2010.11.19 10:04:15.085,0.76925,0.7698,3.20,2.50
2010.11.19 10:04:15.303,0.76925,0.7697,2.50,2.30
2010.11.19 10:04:17.853,0.76925,0.7697,2.40,2.50
2010.11.19 10:04:22.149,0.76924,0.76971,2.50,2.30
2010.11.19 10:04:24.459,0.76924,0.76964,2.50,2.30
2010.11.19 10:04:27.016,0.76922,0.76962,2.50,2.30
2010.11.19 10:04:29.891,0.76915,0.76957,2.50,2.30
2010.11.19 10:04:31.754,0.76902,0.76947,2.50,2.50
2010.11.19 10:04:34.138,0.76899,0.76941,2.50,2.30
2010.11.19 10:04:36.442,0.76899,0.76941,2.50,2.40
2010.11.19 10:04:39.071,0.769,0.7694,2.50,2.30
2010.11.19 10:04:39.513,0.76899,0.76941,2.50,2.30
2010.11.19 10:04:39.623,0.76909,0.76949,2.30,2.40
2010.11.19 10:04:42.216,0.76909,0.76949,2.30,2.30
2010.11.19 10:04:42.704,0.76905,0.76955,2.40,2.50
2010.11.19 10:04:47.042,0.76905,0.76955,2.30,2.60
2010.11.19 10:04:49.712,0.76905,0.76955,2.40,2.50
2010.11.19 10:04:51.292,0.76905,0.76955,2.40,2.50
2010.11.19 10:04:53.486,0.76905,0.76955,2.30,2.60
2010.11.19 10:04:55.283,0.76917,0.76962,2.30,2.40
2010.11.19 10:04:55.612,0.76909,0.76955,2.30,2.30
2010.11.19 10:04:56.614,0.76916,0.76963,2.50,2.40
2010.11.19 10:04:59.467,0.76913,0.76957,2.30,2.50
2010.11.19 10:05:01.652,0.76907,0.76946,2.50,3.20
2010.11.19 10:05:12.282,0.76911,0.76948,3.20,1.10
2010.11.19 10:05:12.846,0.76907,0.76946,2.50,2.50
2010.11.19 10:05:15.034,0.76917,0.76957,3.20,2.60
2010.11.19 10:05:18.834,0.76917,0.76957,2.50,2.30
2010.11.19 10:05:20.926,0.76919,0.76964,2.30,3.20
2010.11.19 10:05:21.471,0.76909,0.76951,1.70,2.30
2010.11.19 10:05:23.572,0.76909,0.76952,1.70,2.50
2010.11.19 10:05:31.476,0.76909,0.76953,2.90,2.50
2010.11.19 10:05:36.701,0.76912,0.76957,2.50,2.60
2010.11.19 10:05:38.832,0.76913,0.76962,2.90,2.60
2010.11.19 10:05:43.443,0.76917,0.76962,2.50,2.40
2010.11.19 10:05:45.533,0.76918,0.76961,2.30,6.00
2010.11.19 10:05:48.993,0.76918,0.76958,2.30,1.50
2010.11.19 10:05:52.602,0.76914,0.76955,2.30,2.40
2010.11.19 10:05:54.152,0.76903,0.76946,2.50,2.50
2010.11.19 10:05:56.652,0.76901,0.76941,2.50,2.30
2010.11.19 10:05:59.833,0.76899,0.76937,1.70,2.50
2010.11.19 10:06:03.717,0.76896,0.7694,3.20,7.90
2010.11.19 10:06:09.583,0.76901,0.76941,2.50,2.40
2010.11.19 10:06:10.221,0.76908,0.76947,2.30,3.40
2010.11.19 10:06:10.325,0.76909,0.76954,2.50,8.00
2010.11.19 10:06:14.563,0.76903,0.76955,3.60,2.40
2010.11.19 10:06:16.966,0.76907,0.76951,1.70,2.60
2010.11.19 10:06:19.693,0.76907,0.76948,1.70,2.50
2010.11.19 10:06:26.392,0.76907,0.76948,1.70,2.50
2010.11.19 10:06:26.892,0.76911,0.76952,3.20,2.60
2010.11.19 10:06:28.585,0.76916,0.76952,1.40,2.30
2010.11.19 10:06:28.694,0.76911,0.76952,2.30,2.50
2010.11.19 10:06:28.803,0.7692,0.76954,2.30,1.70
2010.11.19 10:06:30.023,0.76911,0.76954,2.50,3.20
2010.11.19 10:06:30.835,0.76897,0.76939,6.00,2.50
2010.11.19 10:06:33.783,0.76906,0.76944,2.50,2.50
2010.11.19 10:06:35.162,0.7691,0.76945,2.30,1.40
2010.11.19 10:06:35.272,0.76897,0.76939,7.90,2.50
2010.11.19 10:06:38.139,0.76897,0.76939,3.30,2.50
2010.11.19 10:06:42.553,0.76899,0.76939,2.60,2.30
2010.11.19 10:06:47.043,0.76902,0.76942,2.60,2.50
2010.11.19 10:06:49.684,0.76897,0.76939,2.60,2.50
2010.11.19 10:06:54.052,0.76897,0.76939,2.40,2.30
2010.11.19 10:06:54.274,0.76897,0.76938,2.30,1.10
2010.11.19 10:06:54.706,0.76887,0.76929,2.60,2.30
2010.11.19 10:06:55.353,0.76888,0.76931,2.60,2.50
2010.11.19 10:06:56.933,0.76888,0.76925,1.10,2.30
2010.11.19 10:06:58.993,0.7688,0.76924,6.40,2.30
2010.11.19 10:07:00.661,0.76884,0.76923,2.40,4.00
2010.11.19 10:07:03.575,0.76885,0.76924,2.60,3.20
2010.11.19 10:07:04.286,0.76883,0.76923,2.50,2.50
2010.11.19 10:07:04.984,0.76883,0.76923,2.40,2.50
2010.11.19 10:07:06.943,0.76892,0.76931,3.30,1.70
2010.11.19 10:07:09.582,0.76897,0.76939,1.40,2.30
2010.11.19 10:07:12.283,0.76896,0.76939,2.30,1.40
2010.11.19 10:07:15.153,0.76894,0.76941,4.50,2.30
2010.11.19 10:07:30.728,0.76896,0.76942,6.00,2.30
2010.11.19 10:07:32.864,0.769,0.76945,3.20,2.30
2010.11.19 10:07:32.974,0.769,0.76954,3.20,2.40
2010.11.19 10:07:34.903,0.76916,0.76959,2.30,2.30
2010.11.19 10:07:35.405,0.7691,0.76954,2.50,2.30
2010.11.19 10:07:35.622,0.76916,0.76959,2.30,2.40
2010.11.19 10:07:35.842,0.76909,0.76955,2.30,2.30
2010.11.19 10:07:37.488,0.76904,0.76955,2.60,2.30
2010.11.19 10:07:38.818,0.7691,0.76953,2.30,2.30
2010.11.19 10:07:41.049,0.76916,0.76954,2.60,2.30
2010.11.19 10:07:43.053,0.76915,0.76955,3.20,2.30
2010.11.19 10:07:48.573,0.76915,0.76955,3.60,2.30
2010.11.19 10:07:54.020,0.76915,0.76955,2.30,2.30
2010.11.19 10:07:56.425,0.76911,0.76955,2.50,2.30
2010.11.19 10:07:58.482,0.76911,0.76955,2.60,2.30
2010.11.19 10:08:00.853,0.76911,0.76955,2.60,2.30
2010.11.19 10:08:05.702,0.76914,0.76956,2.30,2.30
2010.11.19 10:08:07.770,0.76914,0.76956,2.30,2.30
2010.11.19 10:08:10.692,0.76905,0.76954,2.40,2.50
2010.11.19 10:08:20.326,0.76918,0.76958,2.50,2.40
2010.11.19 10:08:22.482,0.76918,0.76961,2.50,2.40
2010.11.19 10:08:24.582,0.76914,0.76961,2.50,2.40
2010.11.19 10:08:24.776,0.76914,0.76961,2.50,2.40
2010.11.19 10:08:27.276,0.76912,0.76957,2.50,2.40
2010.11.19 10:08:30.387,0.7691,0.76956,2.50,2.30
2010.11.19 10:08:32.746,0.7691,0.76956,2.50,2.40
2010.11.19 10:08:35.263,0.7691,0.76956,2.50,2.30
2010.11.19 10:08:35.373,0.76906,0.7695,2.60,2.30
2010.11.19 10:08:45.284,0.76906,0.7695,2.60,2.30
2010.11.19 10:08:47.323,0.76906,0.7695,3.30,2.50
2010.11.19 10:08:47.874,0.76899,0.76944,2.60,2.50
2010.11.19 10:08:50.405,0.769,0.76949,2.60,2.50
2010.11.19 10:08:57.698,0.76916,0.76968,2.90,2.60
2010.11.19 10:08:58.884,0.76915,0.76957,6.30,2.30
2010.11.19 10:08:58.995,0.76916,0.76968,2.90,2.60
2010.11.19 10:09:01.745,0.76917,0.76967,2.50,2.50
2010.11.19 10:09:04.611,0.76924,0.76967,2.40,2.30
2010.11.19 10:09:06.698,0.76924,0.76967,2.40,2.30
2010.11.19 10:09:09.494,0.76924,0.76967,2.50,2.50
2010.11.19 10:09:11.867,0.76924,0.76962,2.50,2.30
2010.11.19 10:09:14.377,0.76928,0.76966,3.60,2.30
2010.11.19 10:09:14.485,0.76939,0.7698,2.50,2.30
2010.11.19 10:09:20.806,0.76947,0.76986,2.30,1.40
2010.11.19 10:09:21.133,0.76947,0.76986,2.50,2.30
2010.11.19 10:09:24.486,0.76943,0.76985,4.80,3.20
2010.11.19 10:09:26.896,0.76937,0.76981,2.40,2.50
2010.11.19 10:09:27.113,0.76935,0.76975,4.30,2.50
2010.11.19 10:09:27.333,0.76937,0.7698,2.60,2.50
2010.11.19 10:09:29.784,0.76939,0.76982,2.60,2.50
2010.11.19 10:09:30.024,0.76939,0.76982,6.00,2.50
2010.11.19 10:09:30.313,0.76939,0.76978,2.50,1.50
2010.11.19 10:09:32.335,0.76938,0.76983,2.60,2.50
2010.11.19 10:09:34.495,0.76938,0.7698,2.50,2.50
2010.11.19 10:09:37.225,0.76942,0.7698,2.30,2.50
2010.11.19 10:09:38.462,0.76938,0.76978,1.10,2.50
2010.11.19 10:09:41.414,0.76938,0.76978,1.10,3.20
2010.11.19 10:09:44.483,0.76932,0.76977,2.60,3.30
2010.11.19 10:09:47.398,0.76937,0.76972,2.30,1.70
2010.11.19 10:09:50.683,0.76932,0.76974,2.30,3.20
2010.11.19 10:09:51.312,0.76927,0.76967,3.90,2.50
2010.11.19 10:09:51.429,0.76935,0.7698,2.30,2.50
2010.11.19 10:09:53.544,0.7694,0.76981,2.50,2.30
2010.11.19 10:09:54.845,0.76935,0.76975,2.50,2.50
2010.11.19 10:09:58.042,0.76936,0.76974,2.30,2.30
2010.11.19 10:09:59.453,0.76944,0.76984,2.30,1.90
2010.11.19 10:09:59.783,0.76936,0.76984,2.50,4.50
2010.11.19 10:10:01.979,0.76932,0.76973,2.60,2.30
2010.11.19 10:10:04.244,0.76929,0.7697,2.50,2.30
2010.11.19 10:10:06.653,0.76929,0.7697,2.60,2.30
2010.11.19 10:10:10.230,0.76929,0.7697,2.60,2.30
2010.11.19 10:10:12.422,0.76927,0.7697,2.30,2.60
2010.11.19 10:10:14.763,0.76932,0.7698,2.50,6.00
2010.11.19 10:10:21.956,0.76928,0.76968,2.50,2.30
2010.11.19 10:10:24.228,0.76928,0.76968,2.50,2.30
2010.11.19 10:10:28.090,0.76928,0.76968,2.50,2.30
2010.11.19 10:10:31.861,0.76928,0.76968,2.50,2.40
2010.11.19 10:10:32.686,0.76923,0.76968,2.30,2.30
2010.11.19 10:10:32.904,0.76933,0.76974,2.30,2.30
2010.11.19 10:10:35.654,0.76938,0.76979,2.50,3.20
2010.11.19 10:10:37.102,0.76938,0.76979,3.20,2.30
2010.11.19 10:10:37.974,0.76938,0.76979,2.30,3.20
2010.11.19 10:10:38.623,0.76939,0.76978,2.30,2.50
2010.11.19 10:10:41.870,0.76942,0.76983,3.30,3.20
2010.11.19 10:10:44.874,0.76934,0.76977,1.10,2.50
2010.11.19 10:10:47.318,0.76939,0.76978,2.60,2.50
2010.11.19 10:10:48.234,0.7694,0.76983,2.60,2.50
2010.11.19 10:10:51.163,0.7695,0.76992,1.50,1.70
2010.11.19 10:10:51.605,0.76945,0.76998,2.40,2.30
2010.11.19 10:10:52.049,0.76945,0.7699,2.30,3.20
2010.11.19 10:10:52.373,0.76944,0.7699,2.40,2.50
2010.11.19 10:10:52.837,0.76944,0.76991,2.30,2.50
2010.11.19 10:10:55.137,0.76944,0.76991,2.30,2.50
2010.11.19 10:11:00.439,0.76944,0.7699,2.70,2.50
2010.11.19 10:11:01.175,0.76942,0.76987,2.60,2.30
2010.11.19 10:11:02.923,0.76942,0.76987,2.60,2.50
2010.11.19 10:11:04.583,0.76951,0.76998,2.60,2.50
2010.11.19 10:11:06.669,0.7696,0.76999,2.40,2.30
2010.11.19 10:11:10.764,0.76959,0.77003,2.30,2.50
2010.11.19 10:11:15.189,0.76966,0.7701,2.80,2.50
2010.11.19 10:11:20.514,0.76966,0.7701,2.60,2.50
2010.11.19 10:11:22.863,0.76971,0.77011,2.30,3.20
2010.11.19 10:11:25.448,0.76971,0.77011,2.40,3.20
2010.11.19 10:11:29.218,0.76971,0.77011,2.40,3.20
2010.11.19 10:11:32.055,0.76971,0.77011,2.40,3.20
2010.11.19 10:11:32.637,0.76981,0.77026,2.50,2.50
2010.11.19 10:11:34.646,0.76988,0.77033,2.30,2.60
2010.11.19 10:11:36.999,0.76988,0.77033,2.30,2.60
2010.11.19 10:11:39.616,0.76985,0.77025,2.50,2.30
2010.11.19 10:11:40.793,0.76988,0.77026,2.30,1.40
2010.11.19 10:11:43.333,0.76983,0.77022,3.20,3.20
2010.11.19 10:11:44.885,0.76998,0.77022,1.70,2.30
2010.11.19 10:11:46.934,0.76987,0.77027,1.50,1.50
2010.11.19 10:11:49.375,0.76989,0.77027,2.30,2.50
2010.11.19 10:11:50.447,0.76992,0.77033,3.40,2.50
2010.11.19 10:11:52.323,0.76992,0.77033,3.20,2.40
2010.11.19 10:11:52.551,0.76994,0.77035,2.50,1.40
2010.11.19 10:11:53.074,0.76996,0.77039,2.50,2.50
2010.11.19 10:11:55.322,0.77005,0.7705,2.40,3.20
2010.11.19 10:11:57.497,0.77005,0.7705,2.30,3.40
2010.11.19 10:12:01.016,0.77015,0.77051,1.40,2.30
2010.11.19 10:12:01.676,0.77006,0.77046,2.30,2.50
2010.11.19 10:12:03.865,0.77002,0.77044,2.60,2.30
2010.11.19 10:12:04.634,0.77013,0.77056,2.70,2.50
2010.11.19 10:12:05.094,0.7702,0.77064,2.30,2.50
2010.11.19 10:12:06.362,0.7703,0.77068,2.30,2.20
2010.11.19 10:12:08.673,0.7703,0.77072,4.00,2.50
2010.11.19 10:12:08.784,0.77025,0.77068,1.70,2.50
2010.11.19 10:12:09.744,0.77025,0.77059,1.50,1.40
2010.11.19 10:12:09.963,0.77012,0.77057,2.40,2.50
2010.11.19 10:12:12.024,0.77012,0.77057,2.30,2.50
2010.11.19 10:12:13.425,0.77016,0.77058,2.30,1.10
2010.11.19 10:12:14.086,0.76992,0.7705,3.30,3.20
2010.11.19 10:12:14.304,0.76994,0.7705,1.10,2.50
2010.11.19 10:12:16.373,0.77002,0.7705,2.30,2.50
2010.11.19 10:12:17.334,0.77012,0.77055,2.30,2.90
2010.11.19 10:12:21.203,0.77006,0.77051,2.30,2.50
2010.11.19 10:12:23.474,0.77007,0.7705,2.30,2.60
2010.11.19 10:12:27.533,0.77011,0.77054,2.30,2.60
2010.11.19 10:12:29.767,0.77011,0.77054,2.30,6.20
2010.11.19 10:12:31.734,0.7701,0.77051,2.30,3.20
2010.11.19 10:12:55.773,0.77012,0.77048,2.50,1.70
2010.11.19 10:12:57.896,0.7701,0.77051,2.30,3.20
2010.11.19 10:13:01.317,0.77006,0.77046,2.70,2.50
2010.11.19 10:13:01.717,0.77015,0.77051,2.30,1.70
2010.11.19 10:13:02.153,0.77028,0.77067,2.30,1.90
2010.11.19 10:13:04.875,0.77025,0.77062,1.50,3.20
2010.11.19 10:13:05.317,0.77018,0.77062,2.50,3.20
2010.11.19 10:13:08.760,0.77017,0.77056,2.40,2.50
2010.11.19 10:13:12.897,0.77017,0.77063,2.60,2.50
2010.11.19 10:13:52.827,0.77017,0.77063,6.00,2.50
2010.11.19 10:13:55.779,0.77017,0.77063,2.50,2.50
2010.11.19 10:13:58.225,0.77017,0.77056,2.40,2.50
2010.11.19 10:14:11.785,0.77017,0.77056,2.40,3.20
2010.11.19 10:14:15.613,0.77017,0.77056,2.40,3.20
2010.11.19 10:14:20.621,0.77022,0.77061,2.60,4.70
2010.11.19 10:14:21.644,0.77019,0.77054,1.50,3.20
2010.11.19 10:14:22.052,0.77021,0.77058,2.50,1.10
2010.11.19 10:14:24.380,0.77022,0.77058,2.30,2.50
2010.11.19 10:14:26.814,0.77017,0.77055,3.20,2.50
2010.11.19 10:14:28.634,0.77017,0.77052,2.30,1.10
2010.11.19 10:14:34.755,0.77007,0.77048,3.20,2.30
2010.11.19 10:14:38.205,0.77007,0.77048,3.20,1.10
2010.11.19 10:14:40.374,0.77001,0.77044,3.20,2.50
2010.11.19 10:14:43.220,0.76995,0.7704,2.30,2.60
2010.11.19 10:14:48.467,0.76995,0.7704,2.40,2.50
2010.11.19 10:14:49.684,0.77001,0.7704,2.30,2.60
2010.11.19 10:14:51.760,0.76996,0.77039,2.30,2.60
2010.11.19 10:14:52.324,0.76996,0.77039,2.30,6.00
2010.11.19 10:14:56.418,0.76996,0.77039,2.30,2.60
2010.11.19 10:15:00.654,0.77004,0.77043,2.30,4.40
2010.11.19 10:15:01.864,0.76998,0.77039,2.30,3.20
2010.11.19 10:15:03.875,0.76994,0.77033,2.30,2.60
2010.11.19 10:15:06.663,0.76998,0.77033,2.30,1.10
2010.11.19 10:15:14.904,0.76988,0.77027,2.50,1.70
2010.11.19 10:15:18.845,0.76988,0.77027,3.20,4.70
2010.11.19 10:15:25.294,0.76988,0.77027,2.50,2.60
2010.11.19 10:15:28.574,0.77016,0.77033,2.50,1.50
2010.11.19 10:15:28.684,0.77016,0.77054,2.50,1.10
2010.11.19 10:15:29.185,0.7703,0.77069,2.50,1.10
2010.11.19 10:15:31.556,0.77025,0.77068,2.50,6.00
2010.11.19 10:15:34.714,0.77019,0.77058,2.50,2.40
2010.11.19 10:15:36.733,0.77019,0.77058,2.50,2.40
2010.11.19 10:15:37.773,0.77019,0.77058,3.20,2.30
2010.11.19 10:15:37.884,0.77029,0.77068,2.50,2.40
2010.11.19 10:15:39.910,0.77028,0.77069,2.50,2.40
2010.11.19 10:15:41.980,0.77035,0.77073,2.30,2.30
2010.11.19 10:15:44.717,0.77044,0.77089,2.30,2.60
2010.11.19 10:15:45.482,0.77058,0.77092,2.50,1.60
2010.11.19 10:15:46.458,0.77049,0.77094,2.50,3.20
2010.11.19 10:15:46.565,0.77055,0.77098,2.50,2.50
2010.11.19 10:15:48.284,0.77059,0.77098,1.40,2.40
2010.11.19 10:15:49.865,0.7707,0.77098,1.50,1.10
2010.11.19 10:15:49.975,0.77059,0.77101,1.70,1.40
2010.11.19 10:15:52.005,0.7706,0.77102,2.50,1.90
2010.11.19 10:15:53.039,0.77069,0.77112,2.50,1.70
2010.11.19 10:15:53.539,0.77087,0.77119,1.70,2.30
2010.11.19 10:15:53.643,0.7709,0.77132,2.30,1.70
2010.11.19 10:15:54.425,0.77084,0.77129,2.30,3.20
2010.11.19 10:15:54.754,0.77078,0.77125,2.90,2.30
2010.11.19 10:15:56.685,0.7709,0.7713,2.30,2.90
2010.11.19 10:15:59.606,0.77095,0.77132,2.30,1.70
2010.11.19 10:15:59.933,0.77084,0.77126,2.30,3.20
2010.11.19 10:16:02.573,0.7708,0.7712,2.30,2.30
2010.11.19 10:16:06.566,0.7709,0.7713,2.30,2.90
2010.11.19 10:16:08.746,0.77095,0.77132,2.30,1.80
2010.11.19 10:16:12.733,0.7709,0.7713,2.30,2.50
2010.11.19 10:16:13.794,0.77094,0.7713,2.30,1.40
2010.11.19 10:16:14.343,0.77085,0.77122,2.30,2.50
2010.11.19 10:16:15.664,0.77091,0.77129,2.30,3.20
2010.11.19 10:16:23.125,0.77094,0.77132,2.30,1.80
2010.11.19 10:16:35.156,0.7709,0.7713,2.30,2.50
2010.11.19 10:16:35.483,0.77095,0.77132,2.30,2.10
2010.11.19 10:16:35.594,0.77081,0.77112,2.60,1.50
2010.11.19 10:16:35.814,0.77087,0.77119,1.70,2.30
2010.11.19 10:16:35.923,0.77094,0.77132,2.30,1.80
2010.11.19 10:16:39.056,0.7709,0.7713,2.30,2.50
2010.11.19 10:16:39.843,0.77095,0.77132,3.20,1.50
2010.11.19 10:16:39.946,0.7712,0.77156,2.30,1.10
2010.11.19 10:16:40.164,0.77114,0.77152,2.30,2.50
2010.11.19 10:16:40.274,0.77114,0.77152,2.30,2.50
2010.11.19 10:16:40.384,0.77105,0.77145,2.30,2.50
2010.11.19 10:16:42.694,0.77104,0.77142,2.30,1.50
2010.11.19 10:16:45.803,0.77104,0.77142,2.30,2.60
2010.11.19 10:16:48.033,0.77091,0.77129,2.50,2.50
2010.11.19 10:16:50.113,0.77103,0.77142,2.50,1.50
2010.11.19 10:16:51.204,0.77103,0.77144,4.70,2.30
2010.11.19 10:16:52.365,0.77103,0.77138,2.50,2.30
2010.11.19 10:16:52.476,0.77099,0.77138,2.50,2.50
2010.11.19 10:16:54.523,0.77095,0.77138,2.30,2.60
2010.11.19 10:16:57.163,0.77099,0.7714,3.20,2.30
2010.11.19 10:16:57.713,0.77132,0.77162,2.30,1.80
2010.11.19 10:16:59.284,0.77127,0.77162,2.30,1.70
2010.11.19 10:16:59.762,0.77133,0.77169,2.30,2.50
2010.11.19 10:17:00.307,0.77133,0.77169,2.30,2.50
2010.11.19 10:17:00.413,0.77123,0.77165,2.30,3.20
2010.11.19 10:17:00.835,0.77111,0.77161,3.40,3.20
2010.11.19 10:17:00.948,0.77124,0.77162,2.30,2.90
2010.11.19 10:17:01.055,0.77114,0.77155,2.50,3.20
2010.11.19 10:17:01.163,0.77114,0.77155,2.50,3.20
2010.11.19 10:17:01.276,0.77114,0.77155,2.30,3.20
2010.11.19 10:17:02.733,0.77118,0.77162,2.30,1.70
2010.11.19 10:17:05.186,0.77115,0.77158,2.30,2.50
2010.11.19 10:17:08.968,0.77108,0.77154,2.50,2.30
2010.11.19 10:17:09.975,0.7711,0.77163,1.10,2.30
2010.11.19 10:17:10.126,0.77119,0.77171,2.30,1.50
2010.11.19 10:17:12.505,0.77123,0.77168,3.60,2.30
2010.11.19 10:17:13.006,0.77129,0.77171,3.20,1.50
2010.11.19 10:17:13.116,0.77138,0.77181,2.50,1.70
2010.11.19 10:17:15.514,0.77137,0.77181,2.50,2.10
2010.11.19 10:17:17.614,0.77129,0.77181,2.50,4.10
2010.11.19 10:17:18.294,0.77129,0.77181,3.20,3.90
2010.11.19 10:17:18.407,0.77144,0.77196,3.20,7.90
2010.11.19 10:17:19.938,0.77144,0.77196,2.50,2.60
2010.11.19 10:17:20.647,0.77144,0.77196,2.50,6.00
2010.11.19 10:17:20.753,0.77144,0.77196,2.50,2.60
2010.11.19 10:17:21.181,0.77144,0.77196,2.50,6.20
2010.11.19 10:17:21.285,0.77144,0.77196,2.50,2.50
2010.11.19 10:17:23.223,0.77142,0.77188,2.30,1.10
2010.11.19 10:17:23.443,0.77136,0.77177,1.50,2.30
2010.11.19 10:17:24.474,0.77126,0.77181,2.40,2.30
2010.11.19 10:17:26.283,0.77122,0.77181,2.40,2.50
2010.11.19 10:17:26.955,0.77121,0.77172,2.60,2.30
2010.11.19 10:17:29.375,0.77121,0.77172,2.50,2.40
2010.11.19 10:17:32.126,0.77121,0.77172,2.60,2.30
2010.11.19 10:17:34.665,0.77121,0.77172,2.50,2.30
2010.11.19 10:17:39.311,0.77121,0.77172,2.50,2.40
2010.11.19 10:17:43.947,0.77127,0.77172,2.30,2.30
2010.11.19 10:17:52.948,0.77126,0.77173,2.30,2.40
2010.11.19 10:17:56.776,0.77122,0.77167,2.50,2.50
2010.11.19 10:17:58.534,0.77127,0.77167,1.40,2.30
2010.11.19 10:17:58.644,0.77132,0.77177,2.50,2.60
2010.11.19 10:17:58.864,0.77132,0.77177,3.20,2.30
2010.11.19 10:17:59.193,0.77143,0.77186,2.50,2.30
2010.11.19 10:18:01.860,0.77127,0.77172,2.30,2.50
2010.11.19 10:18:02.076,0.77121,0.77164,2.60,2.30
2010.11.19 10:18:08.515,0.77119,0.77163,2.30,1.40
2010.11.19 10:18:08.958,0.7711,0.77155,2.30,2.30
2010.11.19 10:18:09.284,0.77109,0.77156,2.50,2.30
2010.11.19 10:18:12.025,0.77109,0.77156,2.60,2.30
2010.11.19 10:18:13.650,0.77113,0.77152,2.40,2.30
2010.11.19 10:18:14.689,0.77105,0.77154,2.30,2.30
2010.11.19 10:18:16.894,0.77105,0.77154,2.30,2.60
2010.11.19 10:18:17.334,0.7711,0.77154,2.30,2.30
2010.11.19 10:18:19.985,0.77105,0.7715,2.60,2.30
2010.11.19 10:18:20.844,0.77107,0.7715,3.30,2.30
2010.11.19 10:18:21.283,0.77113,0.77155,1.40,2.30
2010.11.19 10:18:22.653,0.77113,0.77159,2.70,2.50
2010.11.19 10:18:25.025,0.77122,0.77166,2.30,3.20
2010.11.19 10:18:25.134,0.77102,0.77147,1.10,2.50
2010.11.19 10:18:25.617,0.77101,0.77147,3.20,2.30
2010.11.19 10:18:25.727,0.77109,0.77161,3.20,3.20
2010.11.19 10:18:25.944,0.77111,0.77162,2.60,2.50
2010.11.19 10:18:26.875,0.77112,0.77153,2.30,2.30
2010.11.19 10:18:30.665,0.77117,0.77158,2.60,2.30
2010.11.19 10:18:32.742,0.7712,0.7716,2.50,2.30
2010.11.19 10:18:33.647,0.7712,0.7716,2.40,3.20
2010.11.19 10:18:35.436,0.77118,0.77158,1.10,4.70
2010.11.19 10:18:38.303,0.7712,0.7716,2.50,2.50
2010.11.19 10:18:39.464,0.77116,0.77158,1.70,3.20
2010.11.19 10:18:43.305,0.77114,0.77158,2.60,2.30
2010.11.19 10:18:45.791,0.77114,0.77166,6.20,2.50
2010.11.19 10:18:48.692,0.77118,0.77165,2.50,2.50
2010.11.19 10:18:50.459,0.77114,0.77158,2.40,2.30
2010.11.19 10:18:53.094,0.77114,0.77158,2.40,2.30
2010.11.19 10:18:53.553,0.77113,0.77152,7.10,2.30
2010.11.19 10:18:55.659,0.7712,0.77157,2.30,3.20
2010.11.19 10:18:58.576,0.77116,0.77153,1.10,3.20
2010.11.19 10:19:00.105,0.77123,0.77163,1.10,2.30
2010.11.19 10:19:11.005,0.77128,0.77171,1.50,4.70
2010.11.19 10:19:17.651,0.77123,0.77166,1.10,2.30
2010.11.19 10:19:19.893,0.77126,0.77171,4.70,2.50
2010.11.19 10:19:23.645,0.77133,0.77175,2.50,1.70
2010.11.19 10:19:25.034,0.77133,0.77175,1.70,2.50
2010.11.19 10:19:27.427,0.77122,0.77171,3.40,4.70
2010.11.19 10:19:35.494,0.77123,0.7717,3.20,2.30
2010.11.19 10:19:39.159,0.77128,0.7717,1.70,2.30
2010.11.19 10:19:40.524,0.77123,0.77171,3.20,4.70
2010.11.19 10:19:41.665,0.77119,0.77168,1.90,3.60
2010.11.19 10:19:42.224,0.77122,0.77162,1.10,2.30
2010.11.19 10:19:44.243,0.77124,0.77163,1.10,2.30
2010.11.19 10:19:47.845,0.7712,0.77167,2.50,1.40
2010.11.19 10:19:50.028,0.77112,0.77159,8.40,2.30
2010.11.19 10:19:51.902,0.77132,0.77172,3.20,2.30
2010.11.19 10:19:52.016,0.77133,0.77179,3.20,2.30
2010.11.19 10:19:54.320,0.77138,0.77191,2.30,2.10
2010.11.19 10:19:56.523,0.77134,0.77178,2.30,2.30
2010.11.19 10:19:57.306,0.77134,0.77178,3.20,2.30
2010.11.19 10:19:57.736,0.77131,0.77183,2.90,2.30
2010.11.19 10:19:59.774,0.77131,0.77176,2.30,2.30
2010.11.19 10:20:02.501,0.77131,0.77176,2.30,2.40
2010.11.19 10:20:04.315,0.77128,0.7717,2.50,2.30
2010.11.19 10:20:13.574,0.77128,0.7717,2.50,2.40
2010.11.19 10:20:15.854,0.77123,0.77168,2.60,2.30
2010.11.19 10:20:17.608,0.77119,0.77159,2.50,2.30
2010.11.19 10:20:18.231,0.77123,0.77168,2.30,2.40
2010.11.19 10:20:20.734,0.77123,0.77168,2.30,2.30
2010.11.19 10:20:22.756,0.77123,0.77169,2.40,2.50
2010.11.19 10:20:25.524,0.77123,0.77169,3.20,2.30
2010.11.19 10:20:27.715,0.77122,0.77166,2.50,2.30
2010.11.19 10:20:30.806,0.7711,0.77142,1.50,2.30
2010.11.19 10:20:30.914,0.77103,0.77142,3.80,2.30
2010.11.19 10:20:32.994,0.77098,0.77141,2.60,2.30
2010.11.19 10:20:35.963,0.771,0.77142,2.60,2.30
2010.11.19 10:20:39.136,0.771,0.77142,6.20,2.30
2010.11.19 10:20:43.137,0.77096,0.77137,6.00,3.20
2010.11.19 10:20:45.650,0.77096,0.77137,6.50,3.20
2010.11.19 10:20:53.817,0.77096,0.77137,6.20,3.20
2010.11.19 10:20:55.584,0.77095,0.77134,7.90,2.50
2010.11.19 10:20:58.084,0.77096,0.77137,6.20,3.20
2010.11.19 10:20:58.194,0.771,0.77142,2.30,2.50
2010.11.19 10:20:58.735,0.77112,0.77156,3.40,2.50
2010.11.19 10:20:58.844,0.77112,0.77164,3.40,2.50
2010.11.19 10:21:00.948,0.77115,0.77164,2.30,2.50
2010.11.19 10:21:02.104,0.77115,0.77154,8.00,2.30
2010.11.19 10:21:04.145,0.77111,0.77153,2.60,2.30
2010.11.19 10:21:07.375,0.7711,0.77151,6.20,2.30
2010.11.19 10:21:09.838,0.77112,0.77152,2.60,2.30
2010.11.19 10:21:10.466,0.77109,0.77143,1.50,3.20
2010.11.19 10:21:12.494,0.77104,0.77143,2.80,2.30
2010.11.19 10:21:16.181,0.77104,0.77143,2.60,2.30
2010.11.19 10:21:18.487,0.77111,0.7715,2.50,2.30
2010.11.19 10:21:18.599,0.77111,0.77157,2.60,2.30
2010.11.19 10:21:20.665,0.77112,0.77159,3.30,2.30
2010.11.19 10:21:24.100,0.77115,0.77152,1.10,2.30
2010.11.19 10:21:24.374,0.77112,0.77152,2.60,2.30
2010.11.19 10:21:25.346,0.77113,0.77152,1.40,2.30
2010.11.19 10:21:26.194,0.77115,0.77158,3.20,2.30
2010.11.19 10:21:29.595,0.77119,0.7716,2.50,2.30
2010.11.19 10:21:30.714,0.77116,0.77154,2.30,2.50
2010.11.19 10:21:31.774,0.77107,0.77153,3.30,2.50
2010.11.19 10:21:32.655,0.77107,0.7715,2.60,1.70
2010.11.19 10:21:34.200,0.77102,0.77146,2.60,2.30
2010.11.19 10:21:36.768,0.77103,0.77154,2.60,2.30
2010.11.19 10:21:38.061,0.77102,0.77146,6.20,2.30
2010.11.19 10:21:38.755,0.77101,0.77151,2.60,2.50
2010.11.19 10:21:39.503,0.77102,0.77151,1.10,2.30
2010.11.19 10:21:39.725,0.77102,0.77155,2.40,2.50
2010.11.19 10:21:39.834,0.77101,0.77147,2.60,2.30
2010.11.19 10:21:41.884,0.77101,0.77146,2.60,2.30
2010.11.19 10:21:44.476,0.771,0.77147,2.40,2.50
2010.11.19 10:21:44.587,0.77096,0.77141,7.00,2.30
2010.11.19 10:21:48.768,0.77097,0.77138,2.40,2.30
2010.11.19 10:21:50.154,0.77102,0.77147,3.40,2.50
2010.11.19 10:21:52.466,0.77102,0.77147,2.60,2.30
2010.11.19 10:21:58.126,0.77119,0.77147,1.40,2.30
2010.11.19 10:21:58.238,0.77119,0.77179,1.40,1.60
2010.11.19 10:21:58.454,0.77118,0.77178,1.40,1.10
2010.11.19 10:21:58.673,0.77122,0.77179,1.10,1.50
2010.11.19 10:21:59.155,0.77122,0.77183,1.10,1.90
2010.11.19 10:22:06.915,0.77137,0.77188,1.10,2.60
2010.11.19 10:22:07.244,0.77137,0.77193,1.10,1.10
2010.11.19 10:22:10.726,0.77146,0.77186,2.50,2.30
2010.11.19 10:22:11.164,0.77144,0.7718,1.70,2.30
2010.11.19 10:22:11.926,0.77144,0.7718,2.50,2.30
2010.11.19 10:22:14.088,0.77151,0.77186,1.70,2.30
2010.11.19 10:22:16.388,0.77152,0.77189,3.20,1.60
2010.11.19 10:22:17.414,0.77154,0.77182,1.50,2.30
2010.11.19 10:22:17.526,0.77136,0.77177,2.50,2.30
2010.11.19 10:22:19.035,0.77136,0.77177,3.20,2.30
2010.11.19 10:22:19.254,0.77134,0.77181,4.70,2.30
2010.11.19 10:22:19.888,0.77134,0.77181,2.30,2.50
2010.11.19 10:22:22.418,0.7713,0.77174,2.50,2.50
2010.11.19 10:22:22.525,0.77124,0.77171,2.50,2.30
2010.11.19 10:22:27.118,0.77132,0.77179,2.50,2.40
2010.11.19 10:22:30.576,0.77132,0.77179,2.60,2.30
2010.11.19 10:22:32.898,0.77133,0.77178,2.60,2.30
2010.11.19 10:22:37.619,0.77131,0.77173,2.50,2.60
2010.11.19 10:22:39.787,0.77116,0.77152,1.40,2.30
2010.11.19 10:22:42.195,0.77116,0.77152,1.10,2.30
2010.11.19 10:22:48.904,0.77114,0.77152,1.70,2.30
2010.11.19 10:22:52.218,0.77116,0.77152,1.40,2.30
2010.11.19 10:22:56.043,0.77116,0.77157,3.70,2.30
2010.11.19 10:22:58.166,0.77118,0.7716,2.50,2.50
2010.11.19 10:23:05.316,0.77121,0.77161,2.50,2.30
2010.11.19 10:23:10.764,0.77117,0.77159,1.10,2.30
2010.11.19 10:23:13.092,0.77121,0.77161,2.50,2.30
2010.11.19 10:23:13.955,0.77114,0.77153,2.20,2.30
2010.11.19 10:23:17.814,0.77118,0.7716,2.60,2.30
2010.11.19 10:23:19.574,0.77118,0.77157,2.50,2.30
2010.11.19 10:23:19.919,0.77119,0.77165,2.30,2.40
2010.11.19 10:23:22.244,0.7712,0.77164,2.30,2.40
2010.11.19 10:23:27.964,0.7712,0.77164,2.30,2.30
2010.11.19 10:23:30.949,0.77112,0.77156,6.00,2.50
2010.11.19 10:23:35.365,0.77119,0.77157,3.20,2.30
2010.11.19 10:23:36.715,0.77125,0.77167,2.50,2.50
2010.11.19 10:23:44.775,0.77124,0.77164,2.50,2.50
2010.11.19 10:23:47.025,0.77123,0.77161,2.50,2.60
2010.11.19 10:23:49.860,0.77122,0.77159,2.50,2.40
2010.11.19 10:23:51.955,0.77122,0.77159,2.60,2.30
2010.11.19 10:23:54.447,0.77122,0.77159,2.50,2.30
2010.11.19 10:23:54.777,0.77124,0.77162,2.50,2.50
2010.11.19 10:23:58.239,0.77124,0.7716,2.50,2.30
2010.11.19 10:23:58.966,0.77131,0.77173,2.30,2.40
2010.11.19 10:24:00.006,0.77128,0.77166,2.50,2.30
2010.11.19 10:24:00.555,0.77132,0.77171,2.50,1.50
2010.11.19 10:24:05.576,0.77132,0.77168,2.50,2.30
2010.11.19 10:24:07.515,0.77133,0.77168,1.40,2.30
2010.11.19 10:24:08.698,0.77128,0.77167,1.10,2.50
2010.11.19 10:24:11.476,0.77127,0.77167,3.20,2.30
2010.11.19 10:24:12.635,0.77137,0.77177,3.20,2.30
2010.11.19 10:24:14.737,0.77138,0.77177,1.10,2.30
2010.11.19 10:24:15.175,0.77148,0.77186,2.50,2.30
2010.11.19 10:24:18.005,0.77147,0.77188,2.30,3.60
2010.11.19 10:24:20.085,0.77139,0.77184,2.50,2.50
2010.11.19 10:24:22.545,0.7714,0.77183,2.60,2.50
2010.11.19 10:24:24.296,0.7715,0.77191,2.50,2.50
2010.11.19 10:24:29.255,0.77148,0.77189,2.30,4.00
2010.11.19 10:24:30.566,0.77148,0.77179,2.30,1.70
2010.11.19 10:24:32.838,0.77133,0.77174,2.50,2.50
2010.11.19 10:24:34.906,0.77133,0.77174,2.50,2.60
2010.11.19 10:24:37.348,0.77127,0.77169,3.20,1.70
2010.11.19 10:24:43.605,0.77133,0.77169,2.50,1.50
2010.11.19 10:24:46.796,0.77141,0.77179,2.50,1.50
2010.11.19 10:24:47.302,0.77144,0.77186,3.20,2.30
2010.11.19 10:24:49.567,0.77145,0.77186,2.50,2.60
2010.11.19 10:24:49.675,0.7715,0.77186,1.40,2.40
2010.11.19 10:24:50.005,0.77142,0.7718,1.80,2.50
2010.11.19 10:24:59.336,0.77158,0.77201,2.50,2.60
2010.11.19 10:24:59.557,0.77137,0.77182,7.90,2.30
2010.11.19 10:25:04.246,0.77147,0.7719,3.40,2.30
2010.11.19 10:25:06.278,0.77151,0.77196,2.30,2.50
2010.11.19 10:25:07.766,0.77148,0.77185,1.10,2.30
2010.11.19 10:25:07.986,0.77151,0.77191,2.30,2.30
2010.11.19 10:25:09.460,0.77151,0.77191,2.30,3.20
2010.11.19 10:25:09.566,0.77144,0.77176,1.50,2.30
2010.11.19 10:25:09.787,0.77151,0.77191,2.30,4.00
2010.11.19 10:25:11.945,0.77144,0.77181,2.50,2.30
2010.11.19 10:25:12.060,0.77146,0.77188,3.20,2.50
2010.11.19 10:25:12.545,0.77144,0.77181,1.50,2.50
2010.11.19 10:25:13.955,0.77142,0.77184,1.10,3.20
2010.11.19 10:25:15.819,0.77141,0.77181,3.20,1.70
2010.11.19 10:25:16.701,0.77141,0.77181,3.20,1.50
2010.11.19 10:25:16.916,0.77149,0.7719,4.70,2.50
2010.11.19 10:25:20.570,0.77156,0.77198,1.70,3.30
2010.11.19 10:25:22.585,0.7715,0.77191,3.20,2.50
2010.11.19 10:25:23.606,0.77157,0.77199,3.20,2.30
2010.11.19 10:25:26.048,0.77154,0.77194,2.50,2.50
2010.11.19 10:25:26.816,0.77154,0.77194,2.50,2.50
2010.11.19 10:25:31.054,0.77151,0.77198,2.90,2.30
2010.11.19 10:25:36.897,0.77151,0.77194,2.90,2.30
2010.11.19 10:25:40.504,0.77151,0.77194,6.00,2.50
2010.11.19 10:25:41.276,0.7715,0.77195,2.50,2.60
2010.11.19 10:25:44.115,0.77148,0.77187,1.90,3.20
2010.11.19 10:25:44.805,0.77141,0.77183,2.80,3.20
2010.11.19 10:25:46.755,0.77142,0.77182,2.30,3.20
2010.11.19 10:25:47.086,0.77142,0.77182,2.50,2.30
2010.11.19 10:25:49.590,0.77148,0.77187,2.50,2.50
2010.11.19 10:25:52.398,0.77141,0.77178,1.10,2.30
2010.11.19 10:25:52.523,0.77141,0.77184,3.30,2.30
2010.11.19 10:25:54.235,0.77148,0.77188,1.90,3.20
2010.11.19 10:25:56.445,0.77148,0.77181,1.50,3.20
2010.11.19 10:25:58.927,0.77144,0.7718,1.10,3.20
2010.11.19 10:26:00.922,0.77141,0.77178,1.50,3.20
2010.11.19 10:26:12.130,0.7714,0.77174,1.40,2.50
2010.11.19 10:26:12.346,0.77148,0.77189,3.60,2.50
2010.11.19 10:26:12.836,0.77148,0.77187,2.30,1.40
2010.11.19 10:26:14.228,0.77137,0.77188,1.40,1.50
2010.11.19 10:26:17.196,0.77144,0.77188,2.50,1.10
2010.11.19 10:26:19.798,0.77144,0.77186,2.50,1.40
2010.11.19 10:26:23.379,0.77148,0.77186,2.50,1.40
2010.11.19 10:26:25.479,0.77141,0.77183,2.50,2.50
2010.11.19 10:26:26.652,0.77141,0.77182,1.50,1.10
2010.11.19 10:26:28.925,0.77138,0.77172,1.50,1.40
2010.11.19 10:26:31.517,0.77128,0.77166,1.70,1.40
2010.11.19 10:26:33.706,0.77119,0.77171,2.50,2.60
2010.11.19 10:26:33.815,0.77119,0.77166,2.50,2.50
2010.11.19 10:26:36.379,0.77118,0.77156,1.10,2.50
2010.11.19 10:26:38.766,0.77112,0.77147,1.10,2.50
2010.11.19 10:26:39.947,0.77119,0.77157,2.50,1.40
2010.11.19 10:26:42.577,0.77112,0.77158,1.10,1.40
2010.11.19 10:26:44.417,0.77103,0.77148,2.50,1.70
2010.11.19 10:26:45.409,0.77103,0.77157,2.20,1.40
2010.11.19 10:26:46.847,0.77112,0.7715,1.10,1.50
2010.11.19 10:26:48.930,0.77111,0.77157,1.70,1.10
2010.11.19 10:26:52.367,0.77111,0.77158,2.50,2.60
2010.11.19 10:26:54.046,0.77109,0.77145,1.50,1.40
2010.11.19 10:26:54.738,0.77111,0.77153,2.50,2.60
2010.11.19 10:26:57.916,0.77105,0.77147,2.50,2.50
2010.11.19 10:27:01.419,0.77111,0.7715,1.70,1.40
2010.11.19 10:27:24.248,0.77108,0.7715,2.60,2.50
2010.11.19 10:27:29.540,0.77111,0.77156,2.50,1.10
2010.11.19 10:27:33.940,0.77111,0.77156,2.50,1.10
2010.11.19 10:27:37.510,0.77111,0.77156,2.50,1.30
2010.11.19 10:27:38.407,0.77106,0.77148,2.50,1.70
2010.11.19 10:27:40.836,0.77103,0.77138,1.10,1.70
2010.11.19 10:27:42.924,0.77111,0.77147,1.50,1.10
2010.11.19 10:27:45.705,0.77095,0.77142,1.40,1.10
2010.11.19 10:27:45.819,0.77096,0.77142,1.40,1.10
2010.11.19 10:27:53.021,0.77096,0.77132,2.50,1.10
2010.11.19 10:27:53.909,0.77085,0.77128,1.40,1.10
2010.11.19 10:27:55.986,0.77082,0.77131,1.40,1.10
2010.11.19 10:27:56.505,0.77081,0.77128,2.10,1.10
2010.11.19 10:27:57.160,0.77081,0.77128,1.90,4.70
2010.11.19 10:27:57.865,0.77081,0.77123,2.50,1.40
2010.11.19 10:27:58.671,0.77081,0.77128,2.90,1.90
2010.11.19 10:27:58.996,0.77094,0.77132,1.50,1.10
2010.11.19 10:27:59.107,0.77079,0.77121,2.50,2.50
2010.11.19 10:27:59.823,0.77079,0.77121,1.50,1.50
2010.11.19 10:27:59.944,0.77052,0.77118,1.40,2.90
2010.11.19 10:28:02.373,0.77061,0.77109,2.10,5.30
2010.11.19 10:28:03.177,0.77063,0.77109,1.10,2.10
2010.11.19 10:28:03.966,0.7708,0.77123,1.40,1.10
2010.11.19 10:28:04.185,0.77079,0.77127,1.40,1.10
2010.11.19 10:28:06.337,0.77072,0.77126,1.40,1.20
2010.11.19 10:28:06.766,0.77072,0.77122,1.40,1.70
2010.11.19 10:28:07.931,0.77072,0.77121,3.10,1.70
2010.11.19 10:28:08.146,0.77092,0.7713,1.40,1.50
2010.11.19 10:28:09.150,0.77073,0.77131,1.40,3.60
2010.11.19 10:28:11.397,0.77074,0.77126,1.40,1.10
2010.11.19 10:28:16.398,0.77073,0.77122,2.20,1.10
2010.11.19 10:28:24.035,0.77071,0.77121,1.40,4.10
2010.11.19 10:28:26.055,0.77083,0.77121,1.40,1.60
2010.11.19 10:28:27.035,0.77073,0.77121,2.90,2.90
2010.11.19 10:28:28.088,0.77088,0.77121,1.40,1.50
2010.11.19 10:28:28.199,0.77091,0.77133,1.70,2.20
2010.11.19 10:28:28.305,0.77091,0.77132,1.50,1.40
2010.11.19 10:28:29.025,0.77088,0.7713,2.50,2.50
2010.11.19 10:28:31.116,0.77093,0.7714,2.90,2.50
2010.11.19 10:28:32.187,0.7709,0.7713,1.40,1.70
2010.11.19 10:28:38.931,0.77088,0.77128,2.90,1.10
2010.11.19 10:28:39.677,0.77093,0.77128,2.50,1.10
2010.11.19 10:28:50.795,0.77079,0.77128,3.20,1.10
2010.11.19 10:28:51.253,0.77077,0.77128,1.10,1.10
2010.11.19 10:28:53.695,0.77071,0.77113,4.50,2.50
2010.11.19 10:28:54.879,0.77064,0.77111,1.10,5.10
2010.11.19 10:28:55.205,0.77063,0.77111,2.00,2.90
2010.11.19 10:28:55.776,0.77073,0.77122,3.20,2.50
2010.11.19 10:29:04.020,0.77088,0.77137,1.10,1.10
2010.11.19 10:29:06.039,0.77108,0.77145,1.40,1.50
2010.11.19 10:29:06.755,0.77113,0.77155,1.50,2.50
2010.11.19 10:29:09.587,0.77093,0.7714,2.90,2.50
2010.11.19 10:29:10.173,0.77093,0.7714,1.90,2.50
2010.11.19 10:29:12.247,0.77083,0.77139,6.60,2.50
2010.11.19 10:29:12.357,0.77098,0.77152,1.40,1.40
2010.11.19 10:29:12.576,0.77088,0.77144,1.40,2.90
2010.11.19 10:29:13.776,0.771,0.77141,1.40,3.80
2010.11.19 10:29:14.336,0.77093,0.7714,2.90,2.50
2010.11.19 10:29:15.374,0.77084,0.7713,1.40,1.80
2010.11.19 10:29:16.737,0.77087,0.77137,1.40,1.10
2010.11.19 10:29:18.266,0.77086,0.7714,2.30,2.90
2010.11.19 10:29:19.035,0.77103,0.7714,1.40,1.70
2010.11.19 10:29:21.007,0.77103,0.7714,1.40,1.50
2010.11.19 10:29:27.442,0.77104,0.7715,1.50,2.50
2010.11.19 10:29:29.573,0.77103,0.7715,2.90,2.50
2010.11.19 10:29:42.226,0.77111,0.7715,1.40,1.50
2010.11.19 10:29:43.473,0.77133,0.77152,1.50,1.40
2010.11.19 10:29:43.587,0.77087,0.77158,1.10,1.10
2010.11.19 10:29:44.516,0.77098,0.77157,1.10,1.10
2010.11.19 10:29:45.341,0.77111,0.77152,1.50,1.10
2010.11.19 10:29:45.557,0.77101,0.7715,1.70,2.50
2010.11.19 10:29:50.955,0.77101,0.77148,1.80,1.10
2010.11.19 10:29:54.277,0.77097,0.77149,1.10,1.10
2010.11.19 10:29:56.826,0.77093,0.77149,2.90,2.40
2010.11.19 10:30:00.653,0.77093,0.77149,2.90,2.50
2010.11.19 10:30:03.085,0.77093,0.77138,1.90,1.10
2010.11.19 10:30:03.728,0.77072,0.77138,1.10,1.10
2010.11.19 10:30:05.818,0.77071,0.77136,1.10,1.10
2010.11.19 10:30:11.386,0.77079,0.77136,2.30,1.10
2010.11.19 10:30:12.064,0.77078,0.77142,1.50,1.90
2010.11.19 10:30:13.526,0.77085,0.77142,2.50,2.50
2010.11.19 10:30:15.700,0.77086,0.77142,2.30,2.50
2010.11.19 10:30:20.260,0.77086,0.7714,2.30,1.10
2010.11.19 10:30:22.739,0.77086,0.77142,2.40,2.60
2010.11.19 10:30:23.333,0.77086,0.77142,1.10,2.60
2010.11.19 10:30:26.207,0.77086,0.77142,2.80,2.50
2010.11.19 10:30:26.914,0.77086,0.77142,2.40,2.50
2010.11.19 10:30:32.825,0.77086,0.77142,2.30,2.60
2010.11.19 10:30:44.690,0.77086,0.77142,2.30,2.50
2010.11.19 10:30:47.731,0.77086,0.7714,2.30,1.10
2010.11.19 10:30:49.759,0.77086,0.77142,2.40,2.60
2010.11.19 10:30:52.373,0.77086,0.77142,2.40,2.50
2010.11.19 10:30:55.629,0.77086,0.77142,2.50,2.50
2010.11.19 10:30:56.257,0.77086,0.77133,2.30,1.40
2010.11.19 10:31:00.275,0.77085,0.77129,1.80,1.40
2010.11.19 10:31:01.108,0.77075,0.77119,1.70,1.40
2010.11.19 10:31:03.306,0.77068,0.77113,1.10,2.50
2010.11.19 10:31:05.526,0.77065,0.77113,2.90,2.90
2010.11.19 10:31:09.746,0.77085,0.77122,1.50,2.50
2010.11.19 10:31:09.966,0.77085,0.77119,1.50,1.40
2010.11.19 10:31:10.185,0.77067,0.77119,1.50,1.40
2010.11.19 10:31:15.346,0.77063,0.77107,2.60,2.50
2010.11.19 10:31:15.787,0.77062,0.77108,2.60,2.30
2010.11.19 10:31:16.005,0.77062,0.77108,2.50,2.30
2010.11.19 10:31:16.939,0.77062,0.77108,6.40,2.30
2010.11.19 10:31:18.789,0.77062,0.77108,2.60,2.30
2010.11.19 10:31:19.385,0.77062,0.77108,2.80,2.30
2010.11.19 10:31:21.456,0.77062,0.77108,2.60,2.30
2010.11.19 10:31:22.155,0.77069,0.77111,2.30,2.40
2010.11.19 10:31:22.851,0.77059,0.77101,2.30,2.70
2010.11.19 10:31:23.529,0.77019,0.77055,1.70,2.50
2010.11.19 10:31:24.240,0.77014,0.77046,2.50,2.30
2010.11.19 10:31:24.346,0.77014,0.77046,1.50,3.20
2010.11.19 10:31:24.920,0.76995,0.77038,2.30,1.40
2010.11.19 10:31:25.136,0.76962,0.77025,2.50,3.20
2010.11.19 10:31:25.599,0.76952,0.77019,2.50,3.20
2010.11.19 10:31:26.590,0.76952,0.77007,1.50,1.10
2010.11.19 10:31:27.139,0.76933,0.76993,1.90,3.20
2010.11.19 10:31:29.002,0.76927,0.76986,1.10,3.20
2010.11.19 10:31:29.697,0.76934,0.76982,2.50,1.10
2010.11.19 10:31:30.512,0.76932,0.76986,1.10,3.20
2010.11.19 10:31:30.618,0.76937,0.76986,1.10,2.50
2010.11.19 10:31:32.894,0.76944,0.77007,1.10,1.10
2010.11.19 10:31:34.697,0.76942,0.77006,1.10,1.10
2010.11.19 10:31:34.810,0.76934,0.76989,1.50,2.50
2010.11.19 10:31:35.301,0.76906,0.76971,1.20,2.50
2010.11.19 10:31:35.931,0.769,0.76971,1.40,2.50
2010.11.19 10:31:36.021,0.76881,0.76952,2.90,2.50
2010.11.19 10:31:36.601,0.76881,0.7693,2.80,1.50
2010.11.19 10:31:37.231,0.76875,0.76922,1.90,2.50
2010.11.19 10:31:37.809,0.76875,0.76922,1.50,2.50
2010.11.19 10:31:38.247,0.76871,0.76913,1.50,1.50
2010.11.19 10:31:38.889,0.76853,0.7692,4.20,1.50
2010.11.19 10:31:40.100,0.76868,0.76935,1.50,1.60
2010.11.19 10:31:40.544,0.76876,0.76935,1.50,1.60
2010.11.19 10:31:40.670,0.76856,0.76927,1.80,2.70
2010.11.19 10:31:40.778,0.76856,0.76932,1.70,2.70
2010.11.19 10:31:41.482,0.76856,0.76935,1.70,4.50
2010.11.19 10:31:41.839,0.76857,0.76935,6.60,1.70
2010.11.19 10:31:42.341,0.76881,0.76934,1.50,1.70
2010.11.19 10:31:42.949,0.76881,0.76934,1.70,1.50
2010.11.19 10:31:43.056,0.76881,0.76934,1.50,1.70
2010.11.19 10:31:43.867,0.76881,0.76934,1.70,1.90
2010.11.19 10:31:45.288,0.76853,0.76935,1.20,2.80
2010.11.19 10:31:45.397,0.76841,0.76925,1.60,6.10
2010.11.19 10:31:45.991,0.768,0.76916,4.00,1.50
2010.11.19 10:31:46.298,0.7679,0.76907,4.50,1.90
2010.11.19 10:31:46.765,0.7679,0.76874,4.60,2.30
2010.11.19 10:31:46.896,0.76785,0.76881,4.60,6.10
2010.11.19 10:31:47.648,0.76785,0.7688,9.90,7.10
2010.11.19 10:31:48.679,0.7677,0.76858,1.50,2.80
2010.11.19 10:31:48.787,0.76764,0.76862,1.70,2.60
2010.11.19 10:31:49.735,0.76777,0.76872,1.90,1.70
2010.11.19 10:31:50.221,0.76784,0.7687,2.80,5.90
2010.11.19 10:31:50.876,0.76787,0.76877,1.20,6.50
2010.11.19 10:31:50.986,0.76778,0.76872,1.10,1.20
2010.11.19 10:31:51.097,0.76777,0.76867,2.20,1.50
2010.11.19 10:31:51.206,0.76782,0.76872,1.50,2.90
2010.11.19 10:31:51.645,0.76778,0.76869,4.20,2.60
2010.11.19 10:31:51.773,0.76779,0.76873,2.80,2.20
2010.11.19 10:31:52.353,0.76781,0.76873,1.50,6.40
2010.11.19 10:31:52.732,0.76781,0.76868,1.20,1.40
2010.11.19 10:31:53.228,0.76781,0.7687,1.70,6.20
2010.11.19 10:31:53.448,0.76787,0.76884,6.30,6.40
2010.11.19 10:31:54.830,0.76799,0.76872,1.70,6.20
2010.11.19 10:31:55.588,0.76782,0.76864,4.50,1.60
2010.11.19 10:31:55.806,0.76805,0.76871,1.80,2.70
2010.11.19 10:31:56.205,0.76805,0.76876,1.80,2.80
2010.11.19 10:31:56.319,0.7679,0.76865,1.20,4.30
2010.11.19 10:31:56.922,0.76773,0.76855,10.20,2.00
2010.11.19 10:31:57.018,0.76764,0.76841,1.20,1.90
2010.11.19 10:31:57.663,0.76762,0.76842,1.10,1.90
2010.11.19 10:31:58.324,0.76767,0.76845,1.10,2.10
2010.11.19 10:31:58.439,0.76774,0.76856,4.30,4.30
2010.11.19 10:31:59.090,0.76756,0.76838,4.20,1.70
2010.11.19 10:31:59.196,0.76756,0.76838,4.50,1.50
2010.11.19 10:32:00.756,0.76771,0.76853,1.70,1.70
2010.11.19 10:32:01.779,0.76786,0.76868,1.90,2.10
2010.11.19 10:32:02.509,0.76791,0.76873,1.80,1.70
2010.11.19 10:32:02.620,0.76796,0.76878,1.80,1.50
2010.11.19 10:32:03.508,0.76796,0.76878,4.80,1.90
2010.11.19 10:32:04.120,0.76806,0.76888,4.80,1.50
2010.11.19 10:32:04.336,0.76815,0.76897,4.50,1.90
2010.11.19 10:32:04.851,0.76829,0.76911,1.90,4.50
2010.11.19 10:32:05.177,0.76829,0.76911,2.00,2.00
2010.11.19 10:32:05.798,0.76844,0.76926,1.50,2.20
2010.11.19 10:32:06.126,0.7684,0.76922,1.80,1.70
2010.11.19 10:32:06.827,0.76844,0.76915,1.80,2.70
2010.11.19 10:32:06.936,0.76844,0.76915,1.50,6.40
2010.11.19 10:32:07.433,0.76807,0.76889,1.80,1.90
2010.11.19 10:32:08.168,0.76793,0.76888,4.50,2.70
2010.11.19 10:32:08.555,0.76793,0.76888,4.20,2.70
2010.11.19 10:32:08.997,0.76804,0.76889,1.20,2.70
2010.11.19 10:32:09.106,0.76797,0.76889,1.10,6.30
2010.11.19 10:32:09.260,0.76793,0.76889,10.60,2.80
2010.11.19 10:32:10.060,0.76802,0.76897,4.80,6.10
2010.11.19 10:32:10.166,0.76802,0.76897,4.80,2.50
2010.11.19 10:32:10.496,0.76802,0.76897,1.80,2.40
2010.11.19 10:32:11.912,0.76809,0.76903,1.80,4.20
2010.11.19 10:32:12.125,0.76812,0.76903,1.50,4.40
2010.11.19 10:32:12.235,0.76809,0.76903,4.40,10.20
2010.11.19 10:32:13.073,0.76809,0.76898,2.20,6.70
2010.11.19 10:32:13.567,0.76824,0.76906,1.90,4.50
2010.11.19 10:32:14.803,0.76833,0.76915,1.70,1.50
2010.11.19 10:32:15.690,0.76848,0.7693,1.70,1.50
2010.11.19 10:32:16.488,0.76852,0.76937,1.70,1.80
2010.11.19 10:32:16.985,0.76863,0.76944,1.60,2.40
2010.11.19 10:32:17.721,0.76863,0.76944,4.20,2.40
2010.11.19 10:32:19.622,0.76892,0.76937,1.50,1.50
2010.11.19 10:32:21.280,0.76892,0.76947,1.70,1.50
2010.11.19 10:32:21.388,0.76899,0.76956,1.50,2.00
2010.11.19 10:32:23.777,0.76899,0.76947,1.90,1.50
2010.11.19 10:32:23.892,0.76909,0.76956,1.50,1.50
2010.11.19 10:32:25.247,0.76901,0.76956,1.70,1.50
2010.11.19 10:32:25.347,0.76896,0.76956,1.50,1.50
2010.11.19 10:32:25.565,0.76896,0.76943,1.60,1.50
2010.11.19 10:32:26.067,0.76888,0.76953,1.50,1.50
2010.11.19 10:32:26.396,0.76888,0.76943,1.60,1.50
2010.11.19 10:32:26.973,0.76896,0.76951,1.50,1.50
2010.11.19 10:32:28.157,0.76896,0.76951,1.70,1.50
2010.11.19 10:32:28.888,0.76896,0.76943,1.80,1.50
2010.11.19 10:32:29.012,0.76898,0.76963,1.60,1.50
2010.11.19 10:32:29.226,0.76906,0.76953,1.50,1.50
2010.11.19 10:32:29.713,0.76912,0.76954,1.50,1.50
2010.11.19 10:32:29.928,0.76913,0.76961,1.50,1.50
2010.11.19 10:32:30.040,0.76912,0.76954,1.50,1.50
2010.11.19 10:32:30.539,0.76904,0.76953,1.50,1.50
2010.11.19 10:32:30.756,0.76912,0.76954,1.50,1.50
2010.11.19 10:32:30.977,0.76913,0.76961,1.50,1.50
2010.11.19 10:32:31.443,0.76921,0.76976,1.50,1.60
2010.11.19 10:32:32.179,0.76929,0.76976,1.50,1.50
2010.11.19 10:32:33.013,0.76901,0.76976,1.90,1.70
2010.11.19 10:32:33.125,0.76901,0.76976,1.50,1.70
2010.11.19 10:32:35.465,0.76903,0.76985,1.60,4.20
2010.11.19 10:32:35.696,0.76903,0.76985,1.50,4.00
2010.11.19 10:32:35.936,0.76903,0.76985,1.60,4.50
2010.11.19 10:32:36.666,0.76899,0.76981,1.70,1.70
2010.11.19 10:32:37.343,0.76903,0.76985,1.80,4.00
2010.11.19 10:32:37.800,0.76903,0.76985,1.70,4.20
2010.11.19 10:32:38.459,0.76903,0.76985,1.80,4.00
2010.11.19 10:32:38.789,0.76909,0.76991,2.00,5.00
2010.11.19 10:32:39.388,0.76892,0.76987,6.40,1.10
2010.11.19 10:32:39.978,0.76882,0.76969,1.80,2.70
2010.11.19 10:32:40.768,0.76882,0.7697,4.50,6.60
2010.11.19 10:32:41.452,0.76885,0.76971,1.20,6.40
2010.11.19 10:32:41.666,0.76882,0.76969,4.80,1.20
2010.11.19 10:32:41.997,0.76892,0.7697,1.20,1.50
2010.11.19 10:32:42.463,0.76882,0.76965,4.80,1.20
2010.11.19 10:32:42.565,0.76882,0.76965,4.50,1.50
2010.11.19 10:32:42.708,0.76887,0.76965,1.10,1.50
2010.11.19 10:32:42.926,0.76889,0.76965,1.20,1.20
2010.11.19 10:32:44.067,0.76885,0.76982,2.00,2.50
2010.11.19 10:32:44.510,0.7689,0.76983,1.70,2.40
2010.11.19 10:32:44.835,0.76891,0.76989,6.60,10.40
2010.11.19 10:32:45.328,0.76919,0.76987,1.50,4.00
2010.11.19 10:32:47.157,0.76939,0.76986,1.50,1.50
2010.11.19 10:32:48.437,0.76933,0.7699,1.50,1.50
2010.11.19 10:32:48.657,0.76933,0.77,1.50,1.50
2010.11.19 10:32:48.766,0.76926,0.7699,1.60,1.50
2010.11.19 10:32:49.696,0.76931,0.77007,2.70,1.60
2010.11.19 10:32:50.181,0.76926,0.7699,1.80,1.50
2010.11.19 10:32:50.401,0.76926,0.7699,1.50,1.50
2010.11.19 10:32:52.225,0.76926,0.7699,1.70,1.50
2010.11.19 10:32:52.337,0.76926,0.7699,1.50,1.50
2010.11.19 10:32:52.867,0.76936,0.77015,2.70,4.00
2010.11.19 10:32:53.087,0.76933,0.77015,1.50,4.00
2010.11.19 10:32:53.602,0.76933,0.77015,2.00,4.20
2010.11.19 10:32:54.398,0.76952,0.77025,2.70,1.80
2010.11.19 10:32:55.047,0.76941,0.7702,2.60,1.50
2010.11.19 10:32:56.226,0.76937,0.7702,1.40,1.60
2010.11.19 10:32:58.419,0.76938,0.77026,2.60,1.70
2010.11.19 10:33:00.377,0.76935,0.77001,1.20,2.30
2010.11.19 10:33:01.353,0.76889,0.76989,4.20,2.30
2010.11.19 10:33:01.493,0.76901,0.77003,1.70,1.10
2010.11.19 10:33:02.165,0.76902,0.77022,1.50,4.50
2010.11.19 10:33:02.279,0.76933,0.77046,2.30,4.50
2010.11.19 10:33:03.007,0.76932,0.77046,6.10,1.80
2010.11.19 10:33:03.512,0.7693,0.77036,2.40,1.60
2010.11.19 10:33:03.619,0.76933,0.77036,1.20,1.50
2010.11.19 10:33:04.739,0.76931,0.77036,6.30,1.60
2010.11.19 10:33:04.845,0.76937,0.77036,1.20,2.00
2010.11.19 10:33:04.959,0.76937,0.77036,1.20,2.00
2010.11.19 10:33:05.452,0.76934,0.77036,2.00,2.10
2010.11.19 10:33:06.036,0.76935,0.77036,2.00,2.00
2010.11.19 10:33:06.256,0.76935,0.77036,2.00,2.00
2010.11.19 10:33:06.817,0.76938,0.77036,1.20,2.00
2010.11.19 10:33:07.036,0.76948,0.77036,1.10,2.10
2010.11.19 10:33:07.256,0.76948,0.77036,1.10,2.10
2010.11.19 10:33:09.002,0.76955,0.77036,1.70,4.50
2010.11.19 10:33:10.781,0.76979,0.77026,1.10,2.90
2010.11.19 10:33:11.387,0.76989,0.77031,1.70,1.70
2010.11.19 10:33:11.498,0.77,0.77042,1.70,1.70
2010.11.19 10:33:12.263,0.77013,0.77067,2.90,1.40
2010.11.19 10:33:13.089,0.77013,0.77068,2.50,1.70
2010.11.19 10:33:16.066,0.77005,0.7706,2.10,2.10
2010.11.19 10:33:19.146,0.77006,0.7706,1.40,2.10
2010.11.19 10:33:23.737,0.77008,0.7706,2.30,4.40
2010.11.19 10:33:24.691,0.77005,0.7705,2.50,2.50
2010.11.19 10:33:25.384,0.77005,0.7705,2.50,1.50
2010.11.19 10:33:25.715,0.77015,0.7706,2.50,1.50
2010.11.19 10:33:26.372,0.77025,0.77083,2.90,1.10
2010.11.19 10:33:26.806,0.77034,0.77086,2.10,2.50
2010.11.19 10:33:28.568,0.77036,0.77086,1.40,2.50
2010.11.19 10:33:29.766,0.77043,0.77099,3.20,1.50
2010.11.19 10:33:31.151,0.77054,0.77096,1.50,4.00
2010.11.19 10:33:31.256,0.77037,0.77096,1.40,3.20
2010.11.19 10:33:32.054,0.77058,0.77089,3.20,1.50
2010.11.19 10:33:32.277,0.77052,0.77115,3.20,2.60
2010.11.19 10:33:32.388,0.77052,0.77112,3.20,1.10
2010.11.19 10:33:32.838,0.77032,0.77089,2.50,2.50
2010.11.19 10:33:33.166,0.77022,0.77089,2.60,1.70
2010.11.19 10:33:33.277,0.77022,0.77089,2.50,2.50
2010.11.19 10:33:34.117,0.77003,0.77073,1.50,1.40
2010.11.19 10:33:34.518,0.76983,0.7707,2.50,2.50
2010.11.19 10:33:34.644,0.76991,0.7707,2.50,2.50
2010.11.19 10:33:35.533,0.76991,0.77059,1.70,1.40
2010.11.19 10:33:35.858,0.76983,0.7705,2.90,2.10
2010.11.19 10:33:36.858,0.76983,0.7705,2.90,1.10
2010.11.19 10:33:38.297,0.77003,0.77064,1.70,6.60
2010.11.19 10:33:40.356,0.77013,0.77058,2.50,6.20
2010.11.19 10:33:40.737,0.77013,0.77048,1.50,1.10
2010.11.19 10:33:41.827,0.77003,0.77048,2.90,2.00
2010.11.19 10:33:42.557,0.77003,0.77049,1.70,2.80
2010.11.19 10:33:42.779,0.76983,0.77043,2.50,1.10
2010.11.19 10:33:44.289,0.76983,0.77047,1.80,1.10
2010.11.19 10:33:45.498,0.76978,0.77059,1.10,1.10
2010.11.19 10:33:46.381,0.77005,0.7707,2.10,5.70
2010.11.19 10:33:47.170,0.77005,0.77068,2.90,2.60
2010.11.19 10:33:49.039,0.77005,0.77067,2.90,1.20
2010.11.19 10:33:49.567,0.77005,0.77068,2.90,3.20
2010.11.19 10:33:50.399,0.77014,0.77066,1.40,1.40
2010.11.19 10:33:51.297,0.77013,0.77069,2.50,2.90
2010.11.19 10:33:53.316,0.77013,0.77073,2.50,2.50
2010.11.19 10:33:53.990,0.77013,0.77073,2.50,2.50
2010.11.19 10:33:54.350,0.77013,0.77073,2.50,1.10
2010.11.19 10:33:55.187,0.7702,0.77078,2.90,2.50
2010.11.19 10:33:55.406,0.7702,0.7707,2.10,1.10
2010.11.19 10:33:57.476,0.7701,0.77072,2.90,1.10
2010.11.19 10:33:58.129,0.77018,0.77083,1.40,2.60
2010.11.19 10:33:58.566,0.77008,0.77077,1.10,1.40
2010.11.19 10:33:59.246,0.77005,0.77079,2.90,1.10
2010.11.19 10:34:00.620,0.77008,0.77088,1.10,1.10
2010.11.19 10:34:01.646,0.77025,0.77089,2.90,4.30
2010.11.19 10:34:03.452,0.77017,0.77072,2.10,1.50
2010.11.19 10:34:03.780,0.77025,0.77072,1.70,2.50
2010.11.19 10:34:04.248,0.77025,0.77082,2.50,2.60
2010.11.19 10:34:04.356,0.77025,0.77082,1.70,2.60
2010.11.19 10:34:06.236,0.77017,0.77082,2.90,2.90
2010.11.19 10:34:06.791,0.77017,0.77082,2.90,2.50
2010.11.19 10:34:07.008,0.77017,0.77082,2.90,2.90
2010.11.19 10:34:07.501,0.77017,0.77091,3.00,1.40
2010.11.19 10:34:08.386,0.77023,0.77102,1.10,2.90
2010.11.19 10:34:08.758,0.77027,0.77102,1.40,1.70
2010.11.19 10:34:09.338,0.77046,0.77103,2.10,1.40
2010.11.19 10:34:10.471,0.77039,0.77096,2.50,1.40
2010.11.19 10:34:11.084,0.77059,0.77113,1.40,1.10
2010.11.19 10:34:11.769,0.77043,0.77117,2.90,1.10
2010.11.19 10:34:11.876,0.77043,0.77117,2.90,1.10
2010.11.19 10:34:12.522,0.77051,0.77111,2.50,1.40
2010.11.19 10:34:13.678,0.77049,0.77123,2.90,2.90
2010.11.19 10:34:15.112,0.77051,0.77118,2.50,1.10
2010.11.19 10:34:16.857,0.77049,0.77109,1.90,1.40
2010.11.19 10:34:17.548,0.77046,0.77102,1.50,2.90
2010.11.19 10:34:18.219,0.77027,0.77092,2.90,2.90
2010.11.19 10:34:19.956,0.77025,0.77089,2.50,2.50
2010.11.19 10:34:22.006,0.77025,0.77087,2.50,1.10
2010.11.19 10:34:25.262,0.77033,0.7708,1.40,1.70
2010.11.19 10:34:26.296,0.77032,0.77097,2.20,1.60
2010.11.19 10:34:28.438,0.77025,0.77097,2.60,1.60
2010.11.19 10:34:31.117,0.77032,0.77097,1.90,4.50
2010.11.19 10:34:32.026,0.77032,0.77087,2.10,1.50
2010.11.19 10:34:32.576,0.77032,0.77097,2.00,1.70
2010.11.19 10:34:32.906,0.77025,0.77097,1.70,2.10
2010.11.19 10:34:33.580,0.77025,0.77089,2.10,1.50
2010.11.19 10:34:36.747,0.77025,0.77089,2.00,1.90
2010.11.19 10:34:37.856,0.77025,0.77089,2.00,1.60
2010.11.19 10:34:40.227,0.77025,0.77089,2.00,1.60
2010.11.19 10:34:42.856,0.77025,0.77089,2.10,1.50
2010.11.19 10:34:43.076,0.77025,0.77089,2.00,1.60
2010.11.19 10:34:43.486,0.77034,0.77089,1.90,2.00
2010.11.19 10:34:43.600,0.77044,0.77102,1.90,1.90
2010.11.19 10:34:44.479,0.77037,0.77101,1.50,1.40
2010.11.19 10:34:45.168,0.77033,0.77096,1.90,1.90
2010.11.19 10:34:47.551,0.77033,0.77096,2.10,1.90
2010.11.19 10:34:49.857,0.77025,0.77088,1.60,1.90
2010.11.19 10:34:50.656,0.77025,0.7708,1.60,1.50
2010.11.19 10:34:52.067,0.77035,0.7708,1.50,1.50
2010.11.19 10:34:54.458,0.77035,0.7708,1.70,1.50
2010.11.19 10:35:04.728,0.77035,0.7708,1.50,1.90
2010.11.19 10:35:04.836,0.77025,0.7708,1.90,1.90
2010.11.19 10:35:06.848,0.77017,0.77072,2.10,1.50
2010.11.19 10:35:07.599,0.77017,0.77072,2.00,1.50
2010.11.19 10:35:08.103,0.77023,0.77065,1.50,1.50
2010.11.19 10:35:08.616,0.77027,0.77072,1.50,1.50
2010.11.19 10:35:09.258,0.77017,0.77072,2.00,1.90
2010.11.19 10:35:10.624,0.77015,0.77078,4.40,1.90
2010.11.19 10:35:12.759,0.77033,0.77086,1.50,1.90
2010.11.19 10:35:15.137,0.77036,0.77078,1.50,1.50
2010.11.19 10:35:16.321,0.77031,0.77086,1.50,1.90
2010.11.19 10:35:17.090,0.77019,0.77084,1.90,1.50
2010.11.19 10:35:17.416,0.77019,0.77087,1.50,1.10
2010.11.19 10:35:18.160,0.77039,0.77094,1.40,1.50
2010.11.19 10:35:18.267,0.77039,0.77114,1.40,1.50
2010.11.19 10:35:18.948,0.77022,0.77114,2.80,1.80
2010.11.19 10:35:19.847,0.77019,0.77103,1.90,1.10
2010.11.19 10:35:21.199,0.77019,0.77092,2.10,4.20
2010.11.19 10:35:23.588,0.77019,0.77089,2.00,1.60
2010.11.19 10:35:23.700,0.77019,0.77089,1.90,4.00
2010.11.19 10:35:24.627,0.76995,0.77078,1.50,1.60
2010.11.19 10:35:25.043,0.76995,0.77077,1.90,1.90
2010.11.19 10:35:25.447,0.76995,0.7708,4.70,1.30
2010.11.19 10:35:25.548,0.76996,0.7708,1.70,1.20
2010.11.19 10:35:26.716,0.77017,0.77088,3.00,4.60
2010.11.19 10:35:27.046,0.77017,0.77088,3.00,1.50
2010.11.19 10:35:27.387,0.77017,0.77088,2.70,1.90
2010.11.19 10:35:27.487,0.77018,0.77088,1.40,2.00
2010.11.19 10:35:28.203,0.77013,0.77083,2.30,1.10
2010.11.19 10:35:28.526,0.77013,0.77087,4.90,4.90
2010.11.19 10:35:29.449,0.77015,0.77087,1.10,4.50
2010.11.19 10:35:31.592,0.77014,0.77081,4.40,4.30
2010.11.19 10:35:34.856,0.77016,0.77068,1.90,1.70
2010.11.19 10:35:35.637,0.76993,0.77058,1.50,1.70
2010.11.19 10:35:35.746,0.76993,0.77058,1.90,2.10
2010.11.19 10:35:36.497,0.77003,0.77058,1.50,5.40
2010.11.19 10:35:36.718,0.76995,0.7705,1.90,2.10
2010.11.19 10:35:37.209,0.76979,0.77042,2.10,1.90
2010.11.19 10:35:37.317,0.76979,0.77042,4.50,1.90
2010.11.19 10:35:38.272,0.76979,0.77034,1.90,1.90
2010.11.19 10:35:38.938,0.77009,0.77064,1.50,4.00
2010.11.19 10:35:39.050,0.77009,0.77074,1.50,4.00
2010.11.19 10:35:39.629,0.77001,0.77084,1.80,1.70
2010.11.19 10:35:39.737,0.77009,0.77094,1.50,4.30
2010.11.19 10:35:40.559,0.77031,0.77105,1.50,5.90
2010.11.19 10:35:40.965,0.77031,0.771,1.50,6.10
2010.11.19 10:35:41.068,0.77015,0.771,1.50,1.80
2010.11.19 10:35:41.817,0.77015,0.771,4.30,2.00
2010.11.19 10:35:43.274,0.77027,0.77087,1.50,1.50
2010.11.19 10:35:43.395,0.77027,0.77077,1.50,1.50
2010.11.19 10:35:43.620,0.77027,0.77087,1.50,1.50
2010.11.19 10:35:43.729,0.77027,0.77087,1.90,1.50
2010.11.19 10:35:43.837,0.77037,0.77097,1.50,1.70
2010.11.19 10:35:44.226,0.77029,0.77087,1.90,1.50
2010.11.19 10:35:44.339,0.77029,0.77097,1.50,2.00
2010.11.19 10:35:44.446,0.77022,0.77097,1.90,2.00
2010.11.19 10:35:44.777,0.77022,0.77087,2.10,1.50
2010.11.19 10:35:44.886,0.77029,0.77097,1.50,1.70
2010.11.19 10:35:45.231,0.77029,0.77087,1.50,1.50
2010.11.19 10:35:45.558,0.77029,0.77097,1.50,4.60
2010.11.19 10:35:45.778,0.77029,0.77087,1.90,1.90
2010.11.19 10:35:46.347,0.77029,0.77077,1.90,1.90
2010.11.19 10:35:46.790,0.77029,0.77087,2.10,1.90
2010.11.19 10:35:47.243,0.77029,0.77087,1.50,2.10
2010.11.19 10:35:47.349,0.77029,0.77094,4.30,1.50
2010.11.19 10:35:47.567,0.77029,0.77085,1.90,1.90
2010.11.19 10:35:48.159,0.77029,0.77094,1.50,1.70
2010.11.19 10:35:48.267,0.77029,0.77085,1.60,1.50
2010.11.19 10:35:49.086,0.7702,0.77085,1.50,1.50
2010.11.19 10:35:49.306,0.7702,0.77094,1.50,1.90
2010.11.19 10:35:49.819,0.77039,0.77094,1.50,1.50
2010.11.19 10:35:50.627,0.77032,0.77106,1.50,1.70
2010.11.19 10:35:51.388,0.77032,0.77097,1.50,1.50
2010.11.19 10:35:51.606,0.77032,0.77106,1.50,1.70
2010.11.19 10:35:53.565,0.77032,0.77087,1.50,1.50
2010.11.19 10:35:55.409,0.77032,0.77097,1.50,1.60
2010.11.19 10:35:57.497,0.77032,0.77097,1.60,1.60
2010.11.19 10:35:58.179,0.77039,0.77106,1.50,1.70
2010.11.19 10:35:58.963,0.77039,0.77106,1.50,1.50
2010.11.19 10:35:59.070,0.77041,0.77116,1.50,1.60
2010.11.19 10:36:00.274,0.77051,0.77126,1.50,4.70
2010.11.19 10:36:00.774,0.7704,0.77113,1.50,1.50
2010.11.19 10:36:00.886,0.77048,0.77113,1.50,1.50
2010.11.19 10:36:01.568,0.77048,0.77123,1.50,1.70
2010.11.19 10:36:02.293,0.77048,0.77113,1.50,1.50
2010.11.19 10:36:02.978,0.77048,0.77123,1.60,1.60
2010.11.19 10:36:03.089,0.77048,0.77123,1.60,1.70
2010.11.19 10:36:03.308,0.77048,0.77123,1.70,1.60
2010.11.19 10:36:03.958,0.77048,0.77113,1.80,1.50
2010.11.19 10:36:04.066,0.77048,0.77123,1.80,1.50
2010.11.19 10:36:04.177,0.77048,0.77113,1.80,1.50
2010.11.19 10:36:04.507,0.77048,0.77123,1.80,1.70
2010.11.19 10:36:04.944,0.77048,0.77113,1.70,1.50
2010.11.19 10:36:05.938,0.77048,0.77123,1.70,2.10
2010.11.19 10:36:06.376,0.77048,0.77113,1.60,1.50
2010.11.19 10:36:07.377,0.77038,0.77113,1.70,2.00
2010.11.19 10:36:08.118,0.77028,0.77093,1.80,1.50
2010.11.19 10:36:09.421,0.77028,0.77103,2.00,1.70
2010.11.19 10:36:09.538,0.77028,0.77103,1.80,4.20
2010.11.19 10:36:10.223,0.77028,0.77103,1.70,1.70
2010.11.19 10:36:12.339,0.77028,0.77095,1.50,1.70
2010.11.19 10:36:14.601,0.7702,0.77105,1.70,1.50
2010.11.19 10:36:14.710,0.7704,0.77105,1.50,1.50
2010.11.19 10:36:15.527,0.7704,0.77115,1.50,1.70
2010.11.19 10:36:15.746,0.7704,0.77115,1.70,1.70
2010.11.19 10:36:16.417,0.7704,0.77105,1.70,1.50
2010.11.19 10:36:16.528,0.7704,0.77115,1.80,1.50
2010.11.19 10:36:17.035,0.7704,0.77105,1.60,1.50
2010.11.19 10:36:17.147,0.7704,0.77115,1.60,1.60
2010.11.19 10:36:18.372,0.7704,0.77115,4.20,1.50
2010.11.19 10:36:18.850,0.7704,0.77125,4.20,1.50
2010.11.19 10:36:18.979,0.7704,0.77115,1.80,1.50
2010.11.19 10:36:19.087,0.7704,0.77125,1.50,1.70
2010.11.19 10:36:20.036,0.7704,0.77105,1.60,1.50
2010.11.19 10:36:20.739,0.77042,0.77117,1.50,1.50
2010.11.19 10:36:21.535,0.77052,0.77117,1.50,1.50
2010.11.19 10:36:21.647,0.77052,0.77127,1.50,1.60
2010.11.19 10:36:22.105,0.77052,0.77117,1.50,1.80
2010.11.19 10:36:22.340,0.77052,0.77117,1.50,1.70
2010.11.19 10:36:23.232,0.77052,0.77107,1.50,1.70
2010.11.19 10:36:23.446,0.77042,0.77107,1.50,1.60
2010.11.19 10:36:23.556,0.77032,0.77117,1.70,4.00
2010.11.19 10:36:25.858,0.77032,0.77107,1.50,1.70
2010.11.19 10:36:25.987,0.77032,0.77107,1.50,6.40
2010.11.19 10:36:26.460,0.77032,0.77098,1.50,1.10
2010.11.19 10:36:26.899,0.76988,0.77084,5.00,2.70
2010.11.19 10:36:27.184,0.76988,0.77081,2.10,1.50
2010.11.19 10:36:28.207,0.76998,0.77082,1.50,1.70
2010.11.19 10:36:28.777,0.76986,0.77073,1.50,1.20
2010.11.19 10:36:30.060,0.76988,0.7708,1.50,1.20
2010.11.19 10:36:30.637,0.76988,0.77076,1.50,1.70
2010.11.19 10:36:31.867,0.76988,0.77076,1.50,1.70
2010.11.19 10:36:34.553,0.76988,0.77064,1.50,1.70
2010.11.19 10:36:34.788,0.76988,0.77064,1.50,1.80
2010.11.19 10:36:36.488,0.76981,0.77046,1.50,4.00
2010.11.19 10:36:37.331,0.76981,0.77055,1.50,4.20
2010.11.19 10:36:38.231,0.76981,0.77055,1.70,1.80
2010.11.19 10:36:38.447,0.76981,0.77065,2.00,2.10
2010.11.19 10:36:39.159,0.77,0.77065,1.90,4.00
2010.11.19 10:36:39.271,0.77,0.77075,1.90,5.20
2010.11.19 10:36:40.181,0.77,0.77075,1.90,4.20
2010.11.19 10:36:40.286,0.77,0.77075,1.90,4.80
2010.11.19 10:36:40.396,0.77008,0.77065,1.90,2.10
2010.11.19 10:36:42.701,0.77008,0.77065,1.90,5.00
2010.11.19 10:36:43.907,0.77016,0.77081,1.50,4.50
2010.11.19 10:36:45.181,0.77016,0.77081,1.50,4.00
2010.11.19 10:36:45.397,0.77016,0.77081,1.50,1.80
2010.11.19 10:36:45.616,0.77006,0.77081,2.00,2.00
2010.11.19 10:36:45.981,0.77006,0.77081,2.00,1.60
2010.11.19 10:36:46.789,0.77016,0.77081,1.60,1.60
2010.11.19 10:36:49.048,0.77016,0.77081,1.70,1.50
2010.11.19 10:36:49.916,0.77016,0.77081,1.50,1.80
2010.11.19 10:36:50.797,0.77024,0.77089,1.50,4.00
2010.11.19 10:36:51.761,0.77024,0.77097,1.90,5.20
2010.11.19 10:36:54.177,0.77032,0.77097,1.90,2.20
2010.11.19 10:36:54.397,0.77022,0.77097,1.70,2.10
2010.11.19 10:36:55.117,0.77022,0.77104,1.60,4.20
2010.11.19 10:36:55.557,0.77032,0.77097,1.50,1.80
2010.11.19 10:36:56.126,0.77032,0.77097,1.50,2.00
2010.11.19 10:36:56.244,0.77032,0.77097,1.50,1.70
2010.11.19 10:36:57.407,0.77032,0.77097,1.70,1.70
2010.11.19 10:36:58.412,0.77061,0.77116,1.90,4.30
2010.11.19 10:36:59.006,0.77051,0.77116,1.90,1.70
2010.11.19 10:36:59.500,0.77051,0.77116,4.70,1.60
2010.11.19 10:36:59.957,0.77053,0.77122,1.10,1.10
2010.11.19 10:37:00.565,0.77051,0.77116,1.90,1.70
2010.11.19 10:37:00.786,0.77051,0.77106,1.90,1.90
2010.11.19 10:37:01.225,0.77041,0.77106,1.90,1.50
2010.11.19 10:37:01.680,0.77032,0.77106,2.10,2.20
2010.11.19 10:37:01.787,0.77032,0.77106,2.10,2.10
2010.11.19 10:37:02.176,0.77032,0.77106,1.90,5.00
2010.11.19 10:37:04.021,0.77032,0.77097,1.90,1.90
2010.11.19 10:37:04.456,0.77022,0.77087,2.10,1.90
2010.11.19 10:37:06.460,0.77029,0.77094,1.90,1.70
2010.11.19 10:37:08.592,0.7701,0.77094,1.90,1.70
2010.11.19 10:37:10.159,0.7701,0.77082,1.50,2.10
2010.11.19 10:37:10.266,0.77,0.77072,1.50,1.50
2010.11.19 10:37:12.016,0.77,0.77082,1.50,4.20
2010.11.19 10:37:13.562,0.77,0.77082,1.50,4.50
2010.11.19 10:37:13.777,0.77,0.77082,1.60,4.00
2010.11.19 10:37:14.031,0.77,0.77082,1.50,4.50
2010.11.19 10:37:14.927,0.77,0.77082,1.70,4.00
2010.11.19 10:37:19.270,0.77,0.77072,1.90,2.40
2010.11.19 10:37:19.387,0.77,0.77072,2.10,2.10
2010.11.19 10:37:21.433,0.77,0.77072,2.20,2.10
2010.11.19 10:37:21.547,0.77,0.77063,4.50,1.90
2010.11.19 10:37:22.118,0.77,0.77072,1.70,2.20
2010.11.19 10:37:23.864,0.77,0.77075,1.50,5.60
2010.11.19 10:37:25.116,0.77,0.77072,1.50,4.60
2010.11.19 10:37:26.723,0.77,0.77072,1.50,4.20
2010.11.19 10:37:27.267,0.77015,0.77072,1.50,4.20
2010.11.19 10:37:27.376,0.77008,0.77072,1.90,4.60
2010.11.19 10:37:27.940,0.77,0.77072,1.60,4.50
2010.11.19 10:37:29.968,0.77,0.77055,1.50,1.70
2010.11.19 10:37:31.858,0.77,0.77054,1.90,1.20
2010.11.19 10:37:33.221,0.77,0.77055,1.90,4.50
2010.11.19 10:37:34.219,0.77,0.77055,1.90,1.90
2010.11.19 10:37:35.377,0.76992,0.77057,1.50,2.10
2010.11.19 10:37:35.706,0.76976,0.77059,4.00,1.50
2010.11.19 10:37:36.184,0.76996,0.77059,1.90,1.70
2010.11.19 10:37:37.539,0.76996,0.77059,2.00,1.70
2010.11.19 10:37:37.692,0.76996,0.77059,2.00,1.50
2010.11.19 10:37:38.116,0.76997,0.77059,1.10,1.50
2010.11.19 10:37:38.233,0.77003,0.77079,6.80,1.60
2010.11.19 10:37:38.941,0.77012,0.77076,2.80,2.70
2010.11.19 10:37:39.157,0.77022,0.77086,2.70,2.70
2010.11.19 10:37:41.292,0.77022,0.77083,2.80,1.70
2010.11.19 10:37:45.787,0.77022,0.77083,6.30,1.50
2010.11.19 10:37:46.410,0.77015,0.77083,3.90,1.60
2010.11.19 10:37:47.969,0.77058,0.771,1.50,4.50
2010.11.19 10:37:48.077,0.77042,0.77083,2.30,1.50
2010.11.19 10:37:48.296,0.77026,0.77093,2.60,1.50
2010.11.19 10:37:50.059,0.77028,0.77103,1.50,1.80
2010.11.19 10:37:51.047,0.77028,0.77103,1.50,1.70
2010.11.19 10:37:52.310,0.77028,0.77093,1.50,1.70
2010.11.19 10:37:54.076,0.77028,0.77103,1.50,4.00
2010.11.19 10:37:54.296,0.77028,0.77093,1.50,1.70
2010.11.19 10:37:55.777,0.77028,0.77093,1.50,4.20
2010.11.19 10:37:55.996,0.77028,0.77093,1.60,1.60
2010.11.19 10:37:57.948,0.77038,0.77093,1.50,1.70
2010.11.19 10:37:58.165,0.77028,0.77093,1.70,1.50
2010.11.19 10:37:59.402,0.77028,0.77088,1.90,2.40
2010.11.19 10:37:59.993,0.77018,0.77081,1.50,1.50
2010.11.19 10:38:00.098,0.77018,0.77081,1.90,1.50
2010.11.19 10:38:00.808,0.76999,0.77088,6.20,2.40
2010.11.19 10:38:00.964,0.76999,0.77088,6.60,2.70
2010.11.19 10:38:02.765,0.77004,0.77069,1.70,1.50
2010.11.19 10:38:03.417,0.77004,0.77069,1.70,1.50
2010.11.19 10:38:03.526,0.77004,0.77069,1.50,1.70
2010.11.19 10:38:04.518,0.7702,0.77067,1.50,2.00
2010.11.19 10:38:05.288,0.76998,0.77067,2.40,2.00
2010.11.19 10:38:05.507,0.76998,0.77067,2.30,2.00
2010.11.19 10:38:06.426,0.77,0.77065,1.60,3.80
2010.11.19 10:38:06.681,0.77,0.77065,2.00,4.20
2010.11.19 10:38:08.959,0.77,0.77055,1.90,2.10
2010.11.19 10:38:09.856,0.7699,0.77064,1.90,1.50
2010.11.19 10:38:10.187,0.77,0.77065,1.50,4.10
2010.11.19 10:38:10.679,0.76996,0.77067,2.30,4.20
2010.11.19 10:38:10.896,0.76992,0.77065,2.10,2.30
2010.11.19 10:38:11.116,0.76992,0.77074,4.10,2.40
2010.11.19 10:38:12.006,0.76985,0.77068,5.90,2.30
2010.11.19 10:38:12.798,0.77009,0.77075,2.30,2.40
2010.11.19 10:38:13.125,0.77022,0.77077,1.50,3.90
2010.11.19 10:38:13.679,0.77014,0.7708,1.50,2.40
2010.11.19 10:38:15.329,0.77014,0.77081,1.60,2.40
2010.11.19 10:38:15.916,0.77024,0.77081,1.50,2.30
2010.11.19 10:38:18.257,0.77014,0.77079,1.50,1.70
2010.11.19 10:38:19.067,0.77028,0.77079,2.70,1.70
2010.11.19 10:38:19.820,0.77014,0.77079,1.50,1.70
2010.11.19 10:38:20.599,0.77006,0.77061,1.90,1.90
2010.11.19 10:38:21.361,0.76998,0.77063,2.10,2.30
2010.11.19 10:38:22.606,0.76998,0.77069,1.90,6.10
2010.11.19 10:38:23.846,0.77014,0.77063,1.50,1.70
2010.11.19 10:38:23.956,0.77006,0.77071,1.50,1.70
2010.11.19 10:38:24.644,0.77006,0.77055,1.50,1.50
2010.11.19 10:38:25.089,0.76998,0.77055,4.20,1.50
2010.11.19 10:38:25.758,0.76998,0.77065,2.10,1.50
2010.11.19 10:38:25.866,0.77008,0.77075,1.90,2.10
2010.11.19 10:38:25.976,0.77008,0.77075,1.90,2.10
2010.11.19 10:38:27.037,0.77008,0.77065,2.00,1.90
2010.11.19 10:38:28.061,0.77008,0.77065,2.00,2.10
2010.11.19 10:38:30.849,0.77008,0.77065,1.90,1.90
2010.11.19 10:38:32.410,0.77016,0.77081,1.50,1.70
2010.11.19 10:38:33.101,0.77014,0.7709,1.50,2.80
2010.11.19 10:38:33.811,0.77015,0.77077,2.70,1.90
2010.11.19 10:38:34.728,0.77015,0.77077,2.70,4.50
2010.11.19 10:38:35.136,0.77009,0.77077,2.30,2.20
2010.11.19 10:38:35.356,0.77001,0.77076,2.40,2.40
2010.11.19 10:38:35.819,0.76994,0.77057,4.30,1.90
2010.11.19 10:38:36.700,0.76989,0.77057,2.30,1.90
2010.11.19 10:38:36.808,0.76981,0.77057,2.40,4.20
2010.11.19 10:38:37.793,0.76991,0.77057,2.70,1.50
2010.11.19 10:38:38.237,0.76996,0.77067,3.00,2.60
2010.11.19 10:38:38.701,0.77004,0.77084,2.30,5.90
2010.11.19 10:38:39.489,0.76995,0.77083,2.30,6.10
2010.11.19 10:38:40.866,0.76995,0.77068,2.30,5.90
2010.11.19 10:38:42.996,0.76994,0.77061,2.40,2.30
2010.11.19 10:38:43.833,0.7702,0.77068,2.30,1.50
2010.11.19 10:38:43.936,0.7702,0.7708,2.30,1.60
2010.11.19 10:38:44.046,0.77014,0.7708,2.30,1.60
2010.11.19 10:38:44.376,0.77025,0.77088,2.30,1.70
2010.11.19 10:38:44.878,0.77039,0.77098,2.30,4.00
2010.11.19 10:38:45.790,0.77029,0.7708,2.30,1.50
2010.11.19 10:38:45.897,0.77029,0.7709,2.30,1.50
2010.11.19 10:38:46.491,0.7703,0.771,2.60,3.80
2010.11.19 10:38:46.907,0.7703,0.771,2.60,3.80
2010.11.19 10:38:50.771,0.77033,0.771,1.80,3.80
2010.11.19 10:38:52.136,0.77033,0.7711,4.50,4.20
2010.11.19 10:38:52.670,0.77063,0.7711,1.50,4.20
2010.11.19 10:38:52.998,0.77053,0.7711,1.90,1.90
2010.11.19 10:38:53.216,0.77058,0.771,1.50,1.50
2010.11.19 10:38:54.967,0.77047,0.77092,1.50,1.50
2010.11.19 10:38:55.692,0.77039,0.77092,1.50,1.60
2010.11.19 10:38:59.421,0.77029,0.77092,2.10,4.50
2010.11.19 10:38:59.528,0.7703,0.77092,1.40,2.20
2010.11.19 10:39:00.101,0.77018,0.77077,1.40,4.20
2010.11.19 10:39:00.673,0.77022,0.77077,1.70,1.90
2010.11.19 10:39:01.157,0.77026,0.77093,1.70,1.70
2010.11.19 10:39:01.659,0.77026,0.77107,2.90,1.10
2010.11.19 10:39:03.558,0.77028,0.77102,1.10,1.10
2010.11.19 10:39:04.119,0.77014,0.77079,2.60,1.70
2010.11.19 10:39:07.147,0.77014,0.77076,2.50,6.40
2010.11.19 10:39:08.018,0.77007,0.77072,1.10,2.60
2010.11.19 10:39:08.478,0.77006,0.77082,5.10,2.80
2010.11.19 10:39:09.517,0.77014,0.77081,1.40,3.80
2010.11.19 10:39:12.043,0.77014,0.77085,2.90,6.60
2010.11.19 10:39:13.406,0.77014,0.77088,2.90,6.80
2010.11.19 10:39:15.087,0.77015,0.77081,1.40,1.70
2010.11.19 10:39:16.192,0.77007,0.77092,1.50,3.60
2010.11.19 10:39:19.152,0.77016,0.77081,1.70,1.90
2010.11.19 10:39:20.260,0.77026,0.77092,2.50,2.50
2010.11.19 10:39:21.089,0.77026,0.77092,6.30,1.40
2010.11.19 10:39:21.197,0.77028,0.77093,1.10,2.90
2010.11.19 10:39:21.869,0.77036,0.77093,1.70,2.10
2010.11.19 10:39:23.699,0.77033,0.77101,1.10,5.10
2010.11.19 10:39:24.577,0.77058,0.77126,1.40,1.80
2010.11.19 10:39:24.927,0.77052,0.77123,1.10,1.10
2010.11.19 10:39:25.890,0.77046,0.77113,2.50,2.50
2010.11.19 10:39:27.031,0.77045,0.77106,1.40,1.10
2010.11.19 10:39:27.246,0.77036,0.77095,2.90,3.60
2010.11.19 10:39:27.686,0.77036,0.77092,2.90,1.40
2010.11.19 10:39:27.796,0.77036,0.77093,2.90,2.30
2010.11.19 10:39:28.387,0.77036,0.77088,2.10,1.10
2010.11.19 10:39:29.038,0.77026,0.77073,2.90,2.50
2010.11.19 10:39:29.897,0.77026,0.77077,2.90,1.10
2010.11.19 10:39:30.028,0.77006,0.77059,1.70,1.40
2010.11.19 10:39:32.231,0.77006,0.77051,2.50,1.10
2010.11.19 10:39:32.908,0.77006,0.77044,2.50,1.10
2010.11.19 10:39:34.920,0.76996,0.77038,2.50,2.50
2010.11.19 10:39:35.028,0.76977,0.77033,1.50,1.40
2010.11.19 10:39:35.899,0.76977,0.77033,1.40,1.40
2010.11.19 10:39:36.547,0.76976,0.77034,1.50,2.90
2010.11.19 10:39:37.008,0.76976,0.77034,2.90,1.70
2010.11.19 10:39:37.734,0.76979,0.77036,2.90,3.20
2010.11.19 10:39:37.868,0.77004,0.77048,1.40,1.60
2010.11.19 10:39:39.030,0.76986,0.77053,1.40,2.60
2010.11.19 10:39:40.074,0.76996,0.77053,1.40,1.40
2010.11.19 10:39:40.988,0.77005,0.77065,1.40,2.90
2010.11.19 10:39:42.810,0.77012,0.77082,1.40,1.10
2010.11.19 10:39:42.917,0.77011,0.77077,3.20,1.10
2010.11.19 10:39:43.387,0.77001,0.77082,3.20,1.30
2010.11.19 10:39:43.490,0.77012,0.77088,1.40,1.40
2010.11.19 10:39:44.187,0.77012,0.77078,1.40,3.20
2010.11.19 10:39:47.846,0.77018,0.77078,1.10,2.50
2010.11.19 10:39:48.568,0.77025,0.77087,2.90,2.20
2010.11.19 10:39:49.348,0.77032,0.77098,2.50,1.10
2010.11.19 10:39:50.388,0.77032,0.7709,1.50,1.40
2010.11.19 10:39:52.547,0.77026,0.77082,6.20,2.10
2010.11.19 10:39:53.556,0.77034,0.77082,2.90,2.90
2010.11.19 10:39:54.339,0.77034,0.77083,2.50,1.40
2010.11.19 10:39:56.588,0.77033,0.77072,1.10,2.50
2010.11.19 10:39:58.070,0.77033,0.77091,1.10,2.50
2010.11.19 10:39:59.399,0.77037,0.77101,1.40,1.70
2010.11.19 10:40:01.535,0.77041,0.77101,2.30,2.50
2010.11.19 10:40:02.087,0.77048,0.77101,1.10,1.50
2010.11.19 10:40:04.980,0.77054,0.77111,2.90,2.20
2010.11.19 10:40:06.453,0.77054,0.77111,1.80,2.50
2010.11.19 10:40:06.789,0.77055,0.77111,1.40,1.70
2010.11.19 10:40:07.349,0.77056,0.77121,2.50,1.70
2010.11.19 10:40:09.699,0.77056,0.77117,1.50,1.10
2010.11.19 10:40:09.918,0.77056,0.77107,2.90,2.30
2010.11.19 10:40:10.373,0.7706,0.77106,1.40,1.50
2010.11.19 10:40:10.587,0.77056,0.77115,2.90,2.50
2010.11.19 10:40:11.578,0.77064,0.77129,2.50,1.70
2010.11.19 10:40:12.449,0.77082,0.77147,2.10,2.20
2010.11.19 10:40:13.127,0.77082,0.77147,2.90,5.10
2010.11.19 10:40:15.296,0.77092,0.77146,2.10,1.40
2010.11.19 10:40:15.627,0.77115,0.77163,3.20,1.50
2010.11.19 10:40:16.072,0.77115,0.7717,2.90,2.50
2010.11.19 10:40:16.974,0.77114,0.77171,1.40,1.40
2010.11.19 10:40:17.718,0.77115,0.7717,1.10,1.40
2010.11.19 10:40:19.110,0.77116,0.7717,2.40,1.40
2010.11.19 10:40:20.551,0.77111,0.7717,2.80,1.40
2010.11.19 10:40:23.724,0.77113,0.77159,1.40,2.40
2010.11.19 10:40:24.637,0.77105,0.77152,2.50,1.40
2010.11.19 10:40:31.270,0.77111,0.77153,2.50,2.50
2010.11.19 10:40:37.621,0.77116,0.77161,2.30,2.90
2010.11.19 10:40:39.967,0.77117,0.7717,1.10,1.40
2010.11.19 10:40:41.191,0.77113,0.77161,2.50,1.50
2010.11.19 10:40:41.807,0.77113,0.77161,2.90,2.90
2010.11.19 10:40:43.896,0.77113,0.77161,2.10,2.10
2010.11.19 10:40:45.561,0.77133,0.7717,1.50,2.30
2010.11.19 10:40:45.668,0.77113,0.77161,1.90,1.90
2010.11.19 10:40:47.128,0.77104,0.77161,1.50,2.90
2010.11.19 10:40:48.168,0.77096,0.77147,1.50,2.30
2010.11.19 10:40:48.279,0.77088,0.77147,1.90,2.30
2010.11.19 10:40:50.126,0.77068,0.77134,4.50,2.30
2010.11.19 10:40:50.644,0.77068,0.77136,2.30,2.30
2010.11.19 10:40:50.866,0.77068,0.77123,1.50,2.30
2010.11.19 10:40:51.508,0.77068,0.77122,1.50,2.30
2010.11.19 10:40:51.616,0.77058,0.77122,1.50,2.30
2010.11.19 10:40:51.837,0.77033,0.77121,2.50,2.50
2010.11.19 10:40:51.947,0.77034,0.77121,1.70,2.60
2010.11.19 10:40:54.356,0.7705,0.77125,2.10,1.60
2010.11.19 10:40:54.467,0.7705,0.77123,2.00,2.40
2010.11.19 10:40:54.977,0.7705,0.77125,4.20,9.90
2010.11.19 10:40:56.708,0.7705,0.77118,2.10,2.60
2010.11.19 10:40:59.308,0.7705,0.77118,1.90,2.20
2010.11.19 10:41:02.123,0.7705,0.7711,1.50,1.70
2010.11.19 10:41:04.580,0.7707,0.77112,1.50,1.50
2010.11.19 10:41:04.908,0.7706,0.7711,1.50,1.50
2010.11.19 10:41:07.401,0.7705,0.7711,1.50,1.60
2010.11.19 10:41:09.807,0.7705,0.7711,1.50,1.60
2010.11.19 10:41:11.038,0.7705,0.7711,2.10,1.50
2010.11.19 10:41:12.248,0.7707,0.77112,1.50,1.50
2010.11.19 10:41:12.467,0.7706,0.7711,1.50,1.50
2010.11.19 10:41:13.188,0.77074,0.7711,2.30,1.90
2010.11.19 10:41:13.595,0.7708,0.7712,2.70,1.50
2010.11.19 10:41:14.087,0.77087,0.77129,2.50,1.70
2010.11.19 10:41:16.415,0.77077,0.77114,6.20,1.50
2010.11.19 10:41:17.539,0.7707,0.7711,1.50,1.40
2010.11.19 10:41:17.636,0.7706,0.77102,2.60,1.70
2010.11.19 10:41:18.757,0.77048,0.771,1.10,2.30
2010.11.19 10:41:20.780,0.77057,0.77102,1.80,1.50
2010.11.19 10:41:22.057,0.77057,0.77099,4.00,1.90
2010.11.19 10:41:22.826,0.77061,0.77114,6.30,1.50
2010.11.19 10:41:23.046,0.77067,0.77114,1.70,1.50
2010.11.19 10:41:23.967,0.77077,0.77119,1.50,2.10
2010.11.19 10:41:24.082,0.77069,0.77111,1.50,1.40
2010.11.19 10:41:27.179,0.77064,0.77106,1.70,1.50
2010.11.19 10:41:30.231,0.77064,0.77106,1.70,1.50
2010.11.19 10:41:32.951,0.77066,0.77108,2.90,1.70
2010.11.19 10:41:34.859,0.7706,0.77104,1.40,1.50
2010.11.19 10:41:35.406,0.77059,0.77104,1.70,1.70
2010.11.19 10:41:36.678,0.77068,0.7711,1.50,1.70
2010.11.19 10:41:39.098,0.77057,0.77104,1.50,2.10
2010.11.19 10:41:41.297,0.77065,0.77107,1.50,2.20
2010.11.19 10:41:44.270,0.77062,0.77104,1.80,1.70
2010.11.19 10:41:45.107,0.77062,0.77104,1.50,3.00
2010.11.19 10:41:45.327,0.77055,0.77102,1.50,2.10
2010.11.19 10:41:46.057,0.77045,0.77098,1.60,1.40
2010.11.19 10:41:48.298,0.77045,0.77092,1.80,2.10
2010.11.19 10:41:48.408,0.77045,0.77092,1.70,2.10
2010.11.19 10:41:52.627,0.7705,0.77092,1.50,1.50
2010.11.19 10:41:55.880,0.77045,0.77092,1.50,2.10
2010.11.19 10:41:56.209,0.77037,0.77084,1.60,2.10
2010.11.19 10:41:58.067,0.77037,0.77084,2.10,1.70
2010.11.19 10:41:59.790,0.77037,0.77084,5.20,1.70
2010.11.19 10:42:00.917,0.77042,0.77084,1.90,1.90
2010.11.19 10:42:01.027,0.77027,0.77069,6.30,1.50
2010.11.19 10:42:02.949,0.7704,0.77084,2.60,1.70
2010.11.19 10:42:05.608,0.77039,0.77086,1.70,1.70
2010.11.19 10:42:06.268,0.77049,0.77098,2.10,1.80
2010.11.19 10:42:08.539,0.77051,0.77098,2.00,1.70
2010.11.19 10:42:10.722,0.77035,0.7709,1.70,2.90
2010.11.19 10:42:10.937,0.77028,0.77083,1.90,1.50
2010.11.19 10:42:11.266,0.77035,0.7709,2.10,1.90
2010.11.19 10:42:11.861,0.77035,0.77089,1.60,2.70
2010.11.19 10:42:13.711,0.77035,0.77081,1.70,1.50
2010.11.19 10:42:13.820,0.77035,0.77081,1.50,1.50
2010.11.19 10:42:15.979,0.77041,0.77083,1.50,1.50
2010.11.19 10:42:18.077,0.77033,0.77081,1.90,1.90
2010.11.19 10:42:22.500,0.77041,0.77083,1.60,1.70
2010.11.19 10:42:24.701,0.77039,0.77081,1.50,1.50
2010.11.19 10:42:26.950,0.77035,0.77081,1.70,1.50
2010.11.19 10:42:29.740,0.77035,0.77081,1.70,1.60
2010.11.19 10:42:29.957,0.77023,0.77065,1.80,1.50
2010.11.19 10:42:31.389,0.77038,0.7708,1.70,2.50
2010.11.19 10:42:32.985,0.77038,0.77077,1.50,1.10
2010.11.19 10:42:33.097,0.77028,0.77075,1.70,2.30
2010.11.19 10:42:33.677,0.7702,0.77075,1.90,2.10
2010.11.19 10:42:35.127,0.7702,0.77065,1.90,1.80
2010.11.19 10:42:35.579,0.77023,0.77065,1.70,1.60
2010.11.19 10:42:36.017,0.77016,0.77058,1.70,2.00
2010.11.19 10:42:36.423,0.77003,0.77045,1.70,1.50
2010.11.19 10:42:38.858,0.77006,0.77048,1.50,1.60
2010.11.19 10:42:40.067,0.77008,0.77055,1.50,4.00
2010.11.19 10:42:40.287,0.77008,0.77055,1.50,1.80
2010.11.19 10:42:42.559,0.77008,0.77055,1.90,1.70
2010.11.19 10:42:43.596,0.77016,0.77058,1.50,1.90
2010.11.19 10:42:44.027,0.77016,0.77058,2.10,1.70
2010.11.19 10:42:47.312,0.77023,0.77071,1.50,2.00
2010.11.19 10:42:47.422,0.77023,0.77071,1.50,4.30
2010.11.19 10:42:47.857,0.77016,0.77063,1.50,2.10
2010.11.19 10:42:50.857,0.77008,0.77055,1.50,1.70
2010.11.19 10:42:52.459,0.76998,0.77045,1.70,1.70
2010.11.19 10:42:56.177,0.76998,0.77045,1.70,1.50
2010.11.19 10:42:59.768,0.76999,0.7704,2.30,2.90
2010.11.19 10:42:59.876,0.76998,0.77029,1.50,2.30
2010.11.19 10:43:02.258,0.76989,0.77029,2.30,2.30
2010.11.19 10:43:04.677,0.76973,0.77015,2.40,2.30
2010.11.19 10:43:04.792,0.76982,0.77022,2.30,2.30
2010.11.19 10:43:06.097,0.76978,0.77016,2.30,2.30
2010.11.19 10:43:08.857,0.76972,0.77014,2.40,2.30
2010.11.19 10:43:09.869,0.76969,0.77007,2.30,2.30
2010.11.19 10:43:10.087,0.76973,0.77013,2.30,2.30
2010.11.19 10:43:10.417,0.76968,0.77008,2.30,2.30
2010.11.19 10:43:15.957,0.76968,0.77001,1.50,1.40
2010.11.19 10:43:16.177,0.76961,0.76996,1.50,2.30
2010.11.19 10:43:18.377,0.76961,0.76999,1.50,2.30
2010.11.19 10:43:20.958,0.76963,0.77002,2.30,2.50
2010.11.19 10:43:22.697,0.76963,0.77002,2.30,2.90
2010.11.19 10:43:25.277,0.76963,0.77002,2.30,2.60
2010.11.19 10:43:27.996,0.7696,0.77,2.70,1.50
2010.11.19 10:43:29.846,0.76961,0.77,1.70,2.30
2010.11.19 10:43:30.067,0.76951,0.77,1.50,2.50
2010.11.19 10:43:30.396,0.76949,0.76992,2.40,2.30
2010.11.19 10:43:30.509,0.76942,0.7699,2.40,2.30
2010.11.19 10:43:31.656,0.76949,0.76992,2.30,2.40
2010.11.19 10:43:31.987,0.76951,0.76992,1.40,2.30
2010.11.19 10:43:32.098,0.76963,0.77003,2.30,2.30
2010.11.19 10:43:33.840,0.76947,0.76996,1.60,2.30
2010.11.19 10:43:33.947,0.76946,0.76996,6.30,2.30
2010.11.19 10:43:35.069,0.76955,0.77004,2.30,1.90
2010.11.19 10:43:35.277,0.76956,0.77011,2.30,2.30
2010.11.19 10:43:37.258,0.76956,0.77001,2.30,2.30
2010.11.19 10:43:37.477,0.76962,0.77004,2.30,2.30
2010.11.19 10:43:38.027,0.76964,0.77005,2.30,2.30
2010.11.19 10:43:38.908,0.76972,0.77012,2.30,2.30
2010.11.19 10:43:39.017,0.76978,0.77019,2.30,2.30
2010.11.19 10:43:39.897,0.76986,0.7703,2.30,2.30
2010.11.19 10:43:41.777,0.76994,0.77034,2.30,2.30
2010.11.19 10:43:42.817,0.76994,0.77042,2.30,2.30
2010.11.19 10:43:43.377,0.76993,0.77035,2.30,2.30
2010.11.19 10:43:46.279,0.76989,0.77034,2.30,2.30
2010.11.19 10:43:47.258,0.76978,0.77019,2.30,2.30
2010.11.19 10:43:49.127,0.76964,0.77011,2.30,2.30
2010.11.19 10:43:51.138,0.76972,0.77013,2.30,2.30
2010.11.19 10:43:51.687,0.76976,0.77012,2.30,1.10
2010.11.19 10:43:52.073,0.7696,0.77003,2.30,3.60
2010.11.19 10:43:52.178,0.76954,0.76996,2.30,2.50
2010.11.19 10:43:52.617,0.76961,0.77002,2.30,2.30
2010.11.19 10:43:54.668,0.76961,0.77002,2.30,2.30
2010.11.19 10:43:55.146,0.76955,0.77003,2.30,2.30
2010.11.19 10:43:59.289,0.76966,0.77008,2.30,2.40
2010.11.19 10:44:00.626,0.7697,0.77011,2.30,1.50
2010.11.19 10:44:03.197,0.76971,0.77014,2.30,2.30
2010.11.19 10:44:04.856,0.76967,0.77007,2.30,2.30
2010.11.19 10:44:10.978,0.76967,0.77007,2.30,2.40
2010.11.19 10:44:13.290,0.76967,0.77007,2.30,2.40
2010.11.19 10:44:28.901,0.76964,0.77006,2.30,2.30
2010.11.19 10:44:29.228,0.76956,0.77004,2.30,2.30
2010.11.19 10:44:33.277,0.76961,0.7701,2.30,2.30
2010.11.19 10:44:37.327,0.76965,0.77013,2.30,2.30
2010.11.19 10:44:40.011,0.76965,0.77013,2.30,2.30
2010.11.19 10:44:42.188,0.76961,0.7701,2.70,2.30
2010.11.19 10:44:42.698,0.76975,0.77016,1.50,2.30
2010.11.19 10:44:46.182,0.76977,0.77024,2.30,2.30
2010.11.19 10:44:46.396,0.76971,0.77023,2.30,2.40
2010.11.19 10:44:46.508,0.76978,0.77023,2.30,2.30
2010.11.19 10:44:47.137,0.76971,0.77021,2.30,2.30
2010.11.19 10:44:47.709,0.76978,0.77023,2.30,2.30
2010.11.19 10:44:50.866,0.7697,0.77023,3.90,2.30
2010.11.19 10:44:51.507,0.7697,0.77015,2.30,2.30
2010.11.19 10:44:53.927,0.76972,0.77021,2.40,2.30
2010.11.19 10:44:54.147,0.76972,0.77031,2.30,2.30
2010.11.19 10:44:54.257,0.76972,0.77031,2.40,2.30
2010.11.19 10:44:54.971,0.76973,0.7703,2.40,2.30
2010.11.19 10:44:55.406,0.76971,0.77022,2.40,2.30
2010.11.19 10:44:57.601,0.76972,0.77021,2.30,2.30
2010.11.19 10:44:59.695,0.76972,0.77021,2.30,2.70
2010.11.19 10:45:01.157,0.7697,0.77018,2.30,2.30
2010.11.19 10:45:01.366,0.76968,0.7701,2.30,2.30
2010.11.19 10:45:02.077,0.76966,0.77006,1.50,2.30
2010.11.19 10:45:02.176,0.76972,0.77016,2.30,2.30
2010.11.19 10:45:02.288,0.76966,0.77016,2.30,2.30
2010.11.19 10:45:05.435,0.76964,0.77009,2.30,2.30
2010.11.19 10:45:05.647,0.76964,0.77016,2.30,2.30
2010.11.19 10:45:07.070,0.76963,0.7701,2.40,2.30
2010.11.19 10:45:09.777,0.76962,0.77001,2.30,2.30
2010.11.19 10:45:12.378,0.76961,0.77002,2.30,2.30
2010.11.19 10:45:15.072,0.76963,0.77001,2.60,2.30
2010.11.19 10:45:15.183,0.76967,0.77007,2.30,2.30
2010.11.19 10:45:15.290,0.76973,0.77008,2.30,1.50
2010.11.19 10:45:19.830,0.76968,0.77006,2.30,3.80
2010.11.19 10:45:20.590,0.76952,0.76993,2.60,2.30
2010.11.19 10:45:24.117,0.76956,0.76998,2.30,2.30
2010.11.19 10:45:26.178,0.76966,0.77008,2.30,2.30
2010.11.19 10:45:29.768,0.76972,0.77012,2.40,2.30
2010.11.19 10:45:32.777,0.76972,0.77012,2.40,2.30
2010.11.19 10:45:34.094,0.76965,0.77009,2.40,2.70
2010.11.19 10:45:35.227,0.76959,0.77003,2.30,2.30
2010.11.19 10:45:35.448,0.76958,0.77003,6.80,2.30
2010.11.19 10:45:36.009,0.76969,0.77013,2.30,2.30
2010.11.19 10:45:37.839,0.76962,0.77005,6.10,2.30
2010.11.19 10:45:38.057,0.76965,0.77007,2.40,2.30
2010.11.19 10:45:38.460,0.76965,0.77007,2.40,2.30
2010.11.19 10:45:39.061,0.76962,0.77005,6.10,2.30
2010.11.19 10:45:39.917,0.76962,0.77005,6.10,2.70
2010.11.19 10:45:40.315,0.76962,0.77005,2.60,2.70
2010.11.19 10:45:40.421,0.76969,0.77008,2.30,2.30
2010.11.19 10:45:43.016,0.76969,0.77008,2.40,2.30
2010.11.19 10:45:43.337,0.76983,0.77023,2.30,2.30
2010.11.19 10:45:43.830,0.76993,0.77033,2.30,2.30
2010.11.19 10:45:44.508,0.76994,0.7704,2.30,2.30
2010.11.19 10:45:45.399,0.77004,0.77046,2.30,2.30
2010.11.19 10:45:47.558,0.77001,0.77043,2.40,2.30
2010.11.19 10:45:50.919,0.76997,0.7704,2.40,2.30
2010.11.19 10:45:51.029,0.76997,0.7704,2.40,2.30
2010.11.19 10:45:51.356,0.76997,0.7704,2.60,2.30
2010.11.19 10:45:53.754,0.76999,0.77045,2.30,2.30
2010.11.19 10:45:54.621,0.76999,0.77045,2.30,2.30
2010.11.19 10:45:56.727,0.76998,0.77038,2.40,2.30
2010.11.19 10:46:00.470,0.77009,0.77049,2.30,1.90
2010.11.19 10:46:01.568,0.76999,0.77045,2.40,2.30
2010.11.19 10:46:03.077,0.77004,0.77044,2.40,2.30
2010.11.19 10:46:05.158,0.77008,0.77053,2.40,2.30
2010.11.19 10:46:08.507,0.77008,0.77053,2.30,2.30
2010.11.19 10:46:09.049,0.77014,0.77053,2.30,2.30
2010.11.19 10:46:10.467,0.7701,0.77052,1.50,2.30
2010.11.19 10:46:12.707,0.77008,0.77053,2.30,2.30
2010.11.19 10:46:14.577,0.77004,0.77047,2.40,2.30
2010.11.19 10:46:15.618,0.77003,0.77056,2.30,2.30
2010.11.19 10:46:16.338,0.77008,0.7705,2.30,2.30
2010.11.19 10:46:16.558,0.7701,0.77055,2.30,2.30
2010.11.19 10:46:17.882,0.77004,0.77047,2.30,2.30
2010.11.19 10:46:18.458,0.77009,0.77056,2.30,2.30
2010.11.19 10:46:21.678,0.77008,0.7705,2.30,2.40
2010.11.19 10:46:23.074,0.77004,0.77043,2.30,2.30
2010.11.19 10:46:23.286,0.76995,0.77041,2.70,2.30
2010.11.19 10:46:25.628,0.7699,0.77035,2.40,2.30
2010.11.19 10:46:28.184,0.7699,0.77035,2.40,2.30
2010.11.19 10:46:29.282,0.7699,0.77025,2.40,1.50
2010.11.19 10:46:29.962,0.76996,0.77038,2.30,2.30
2010.11.19 10:46:32.920,0.76997,0.77037,2.40,2.30
2010.11.19 10:46:33.906,0.77006,0.77047,2.30,2.30
2010.11.19 10:46:34.527,0.77005,0.77048,2.30,2.30
2010.11.19 10:46:36.878,0.76994,0.77034,2.30,2.30
2010.11.19 10:46:39.568,0.7699,0.77039,2.40,2.30
2010.11.19 10:46:40.568,0.76999,0.77045,2.30,2.30
2010.11.19 10:46:40.677,0.76993,0.77046,2.30,2.30
2010.11.19 10:46:44.440,0.76993,0.77046,2.30,2.70
2010.11.19 10:46:46.429,0.76994,0.77043,2.30,2.40
2010.11.19 10:46:46.757,0.7699,0.77037,2.40,2.30
2010.11.19 10:46:47.717,0.76994,0.77043,2.30,2.40
2010.11.19 10:46:48.934,0.76995,0.77039,2.30,2.30
2010.11.19 10:46:52.066,0.7699,0.77039,2.30,2.30
2010.11.19 10:46:54.877,0.76995,0.77041,2.30,2.30
2010.11.19 10:46:56.299,0.77,0.77055,2.30,2.40
2010.11.19 10:46:56.626,0.77,0.77045,2.30,2.30
2010.11.19 10:47:00.189,0.76995,0.77041,2.30,2.40
2010.11.19 10:47:00.937,0.77002,0.77045,2.30,2.70
2010.11.19 10:47:02.107,0.77003,0.77048,2.30,6.40
2010.11.19 10:47:02.217,0.76996,0.7704,2.30,2.30
2010.11.19 10:47:05.081,0.76999,0.77041,2.70,2.40
2010.11.19 10:47:08.316,0.77012,0.77055,2.30,2.30
2010.11.19 10:47:08.792,0.77017,0.77058,2.30,2.60
2010.11.19 10:47:08.901,0.77017,0.77058,2.30,2.40
2010.11.19 10:47:09.340,0.77017,0.77058,2.30,2.40
2010.11.19 10:47:09.853,0.77019,0.77063,2.30,2.60
2010.11.19 10:47:12.387,0.77011,0.77056,2.30,2.40
2010.11.19 10:47:14.152,0.77017,0.77056,2.30,2.40
2010.11.19 10:47:14.477,0.77013,0.77062,2.30,2.40
2010.11.19 10:47:16.837,0.7701,0.77051,2.30,2.30
2010.11.19 10:47:17.608,0.77026,0.77064,2.30,2.40
2010.11.19 10:47:20.652,0.77026,0.77064,2.30,2.40
2010.11.19 10:47:20.761,0.77012,0.77053,2.50,3.80
2010.11.19 10:47:23.410,0.77012,0.77053,2.30,4.20
2010.11.19 10:47:23.919,0.77002,0.77042,2.50,2.50
2010.11.19 10:47:32.427,0.76997,0.7704,2.40,2.30
2010.11.19 10:47:37.329,0.76997,0.7704,2.40,2.30
2010.11.19 10:47:37.551,0.77005,0.77045,2.30,2.70
2010.11.19 10:47:37.657,0.76998,0.77037,2.30,2.30
2010.11.19 10:47:41.027,0.7699,0.7703,2.30,2.30
2010.11.19 10:47:48.059,0.76995,0.77038,2.30,2.30
2010.11.19 10:47:49.619,0.76992,0.77032,2.30,2.30
2010.11.19 10:47:52.717,0.76999,0.77041,3.80,4.00
2010.11.19 10:47:54.547,0.77006,0.77041,2.30,1.50
2010.11.19 10:47:58.290,0.77011,0.77051,2.50,1.70
2010.11.19 10:47:59.325,0.77016,0.77054,2.30,2.30
2010.11.19 10:48:02.799,0.7701,0.77049,2.30,1.50
2010.11.19 10:48:06.217,0.7701,0.77049,3.20,1.50
2010.11.19 10:48:20.842,0.77017,0.77049,1.10,1.50
2010.11.19 10:48:21.348,0.77017,0.77062,2.50,2.30
2010.11.19 10:48:24.958,0.77018,0.77063,2.30,2.40
2010.11.19 10:48:29.937,0.77018,0.77063,2.30,2.40
2010.11.19 10:48:30.561,0.77019,0.77062,2.30,2.30
2010.11.19 10:48:32.119,0.77025,0.77068,2.30,2.40
2010.11.19 10:48:32.227,0.77018,0.77068,2.30,2.40
2010.11.19 10:48:37.782,0.77018,0.77068,2.30,5.90
2010.11.19 10:48:42.377,0.77014,0.77057,2.30,2.30
2010.11.19 10:48:45.278,0.77013,0.77058,2.90,2.30
2010.11.19 10:48:47.913,0.77024,0.77069,2.30,2.40
2010.11.19 10:48:49.949,0.77031,0.7707,2.30,2.40
2010.11.19 10:48:51.787,0.77032,0.7707,1.40,2.40
2010.11.19 10:48:52.408,0.77041,0.7708,2.50,2.30
2010.11.19 10:48:54.674,0.77041,0.7708,2.50,2.60
2010.11.19 10:48:55.938,0.77034,0.77079,2.30,2.40
2010.11.19 10:48:56.068,0.77041,0.7708,2.30,2.40
2010.11.19 10:48:59.638,0.77029,0.77074,2.30,2.30
2010.11.19 10:48:59.858,0.77037,0.77079,2.30,2.30
2010.11.19 10:49:07.148,0.77037,0.77079,2.30,2.40
2010.11.19 10:49:08.226,0.7703,0.77079,2.30,2.40
2010.11.19 10:49:08.340,0.77036,0.7708,2.30,2.30
2010.11.19 10:49:10.407,0.77037,0.77079,2.30,2.40
2010.11.19 10:49:12.239,0.77028,0.77075,2.40,2.30
2010.11.19 10:49:12.808,0.77022,0.77074,2.40,2.30
2010.11.19 10:49:12.917,0.77029,0.77074,2.30,2.30
2010.11.19 10:49:15.629,0.77034,0.77074,2.30,2.40
2010.11.19 10:49:18.696,0.77034,0.77074,2.30,2.30
2010.11.19 10:49:25.127,0.77037,0.77079,2.30,2.30
2010.11.19 10:49:27.688,0.77041,0.77083,2.30,2.30
2010.11.19 10:49:30.731,0.77041,0.77083,2.30,2.60
2010.11.19 10:49:31.647,0.77035,0.77072,1.50,2.30
2010.11.19 10:49:35.787,0.77033,0.77072,2.50,2.30
2010.11.19 10:49:37.802,0.77043,0.77078,2.50,1.50
2010.11.19 10:49:44.345,0.77038,0.77077,3.30,2.30
2010.11.19 10:49:47.290,0.77048,0.77088,1.50,2.40
2010.11.19 10:49:49.697,0.77043,0.77083,4.00,2.30
2010.11.19 10:49:52.820,0.77043,0.77081,1.50,2.30
2010.11.19 10:49:54.657,0.77043,0.77075,1.50,2.30
2010.11.19 10:49:55.488,0.77043,0.77081,1.50,2.30
2010.11.19 10:49:57.762,0.77044,0.77082,2.30,3.80
2010.11.19 10:50:00.073,0.7704,0.77075,1.70,2.30
2010.11.19 10:50:02.038,0.77036,0.77077,2.30,4.70
2010.11.19 10:50:02.501,0.77022,0.77062,2.50,2.30
2010.11.19 10:50:03.069,0.77013,0.77051,1.50,2.30
2010.11.19 10:50:04.009,0.77007,0.77046,3.20,2.30
2010.11.19 10:50:04.227,0.77031,0.7707,2.30,1.10
2010.11.19 10:50:04.773,0.77016,0.77057,2.50,2.30
2010.11.19 10:50:04.879,0.77022,0.77062,2.30,2.40
2010.11.19 10:50:06.320,0.77014,0.77061,2.30,2.30
2010.11.19 10:50:08.417,0.77016,0.7706,2.30,2.40
2010.11.19 10:50:08.908,0.77006,0.7705,2.30,1.50
2010.11.19 10:50:10.248,0.77001,0.77033,1.50,2.30
2010.11.19 10:50:10.358,0.76991,0.77033,2.30,2.30
2010.11.19 10:50:10.791,0.76998,0.77036,2.30,2.30
2010.11.19 10:50:12.338,0.76991,0.77033,2.30,2.30
2010.11.19 10:50:16.288,0.76997,0.77037,3.60,2.30
2010.11.19 10:50:16.690,0.77006,0.77046,2.30,2.30
2010.11.19 10:50:17.645,0.77,0.7705,2.30,2.30
2010.11.19 10:50:19.671,0.77013,0.77054,2.30,2.30
2010.11.19 10:50:22.620,0.77013,0.77054,2.30,3.20
2010.11.19 10:50:22.731,0.76998,0.77039,2.30,2.50
2010.11.19 10:50:22.837,0.76989,0.77028,2.30,2.30
2010.11.19 10:50:23.167,0.76999,0.77038,2.50,2.50
2010.11.19 10:50:26.462,0.76999,0.77038,2.30,2.40
2010.11.19 10:50:29.052,0.77002,0.77043,2.30,2.40
2010.11.19 10:50:31.661,0.76997,0.77038,2.50,2.40
2010.11.19 10:50:33.733,0.76997,0.77036,2.50,1.50
2010.11.19 10:50:34.838,0.76997,0.77036,3.20,1.60
2010.11.19 10:50:34.939,0.77007,0.77048,2.30,6.00
2010.11.19 10:50:35.048,0.77002,0.77047,3.20,2.30
2010.11.19 10:50:35.157,0.77023,0.77066,2.50,4.10
2010.11.19 10:50:35.968,0.7703,0.7707,2.30,2.40
2010.11.19 10:50:36.719,0.77032,0.77077,2.50,2.30
2010.11.19 10:50:36.938,0.77034,0.77095,2.30,2.60
2010.11.19 10:50:37.048,0.77034,0.77095,2.30,2.40
2010.11.19 10:50:37.158,0.77033,0.77086,2.30,2.30
2010.11.19 10:50:42.393,0.77032,0.77096,2.30,2.30
2010.11.19 10:50:42.828,0.77034,0.77103,2.30,2.40
2010.11.19 10:50:44.897,0.7703,0.77096,2.30,2.30
2010.11.19 10:50:45.007,0.77034,0.77103,2.30,2.40
2010.11.19 10:50:50.040,0.77033,0.77104,2.40,2.30
2010.11.19 10:50:52.619,0.77033,0.77099,2.30,2.30
2010.11.19 10:50:53.087,0.77019,0.77094,2.40,2.30
2010.11.19 10:50:54.017,0.77017,0.77083,2.40,2.30
2010.11.19 10:50:54.688,0.77009,0.7708,2.60,2.30
2010.11.19 10:50:57.149,0.7701,0.77087,5.90,2.30
2010.11.19 10:50:57.368,0.77032,0.77088,2.30,2.30
2010.11.19 10:50:57.588,0.77041,0.77099,2.30,2.40
2010.11.19 10:50:58.261,0.7704,0.7709,2.30,2.30
2010.11.19 10:50:58.367,0.77041,0.77099,2.30,2.30
2010.11.19 10:51:00.391,0.77039,0.77098,2.30,2.30
2010.11.19 10:51:05.120,0.77041,0.77093,2.30,2.30
2010.11.19 10:51:05.450,0.77055,0.771,2.30,2.30
2010.11.19 10:51:08.447,0.77062,0.77105,2.30,2.30
2010.11.19 10:51:10.679,0.77061,0.77101,2.30,2.30
2010.11.19 10:51:12.952,0.77066,0.77106,2.50,2.70
2010.11.19 10:51:15.431,0.77051,0.7709,2.80,1.50
2010.11.19 10:51:15.538,0.77056,0.77097,2.30,2.30
2010.11.19 10:51:21.838,0.77056,0.77097,2.40,2.30
2010.11.19 10:51:23.984,0.77059,0.77098,2.30,2.30
2010.11.19 10:51:26.148,0.77053,0.77094,2.30,2.30
2010.11.19 10:51:32.437,0.77045,0.77093,2.40,2.30
2010.11.19 10:51:34.760,0.77048,0.77097,2.30,2.30
2010.11.19 10:51:39.602,0.77048,0.77096,2.30,2.30
2010.11.19 10:51:42.728,0.77041,0.77095,2.40,2.30
2010.11.19 10:51:47.083,0.77045,0.77097,2.30,2.40
2010.11.19 10:51:52.468,0.77049,0.77097,2.30,2.40
2010.11.19 10:51:58.609,0.77042,0.77092,2.30,2.30
2010.11.19 10:52:00.767,0.77042,0.7709,2.40,1.50
2010.11.19 10:52:00.878,0.77042,0.77082,2.30,2.30
2010.11.19 10:52:06.961,0.77038,0.77077,2.60,2.30
2010.11.19 10:52:09.048,0.77044,0.77085,2.30,2.30
2010.11.19 10:52:09.636,0.77043,0.77079,1.50,2.30
2010.11.19 10:52:10.148,0.77045,0.77082,2.90,1.50
2010.11.19 10:52:10.477,0.77053,0.7709,1.70,2.30
2010.11.19 10:52:12.039,0.77057,0.77092,1.40,1.50
2010.11.19 10:52:12.511,0.77055,0.77094,2.30,2.30
2010.11.19 10:52:40.697,0.77054,0.77095,2.30,2.40
2010.11.19 10:52:42.938,0.77054,0.77095,2.30,2.30
2010.11.19 10:52:45.140,0.77053,0.77095,1.50,2.30
2010.11.19 10:52:45.363,0.77046,0.7709,2.30,2.50
2010.11.19 10:52:49.510,0.77043,0.77085,1.50,2.40
2010.11.19 10:52:54.660,0.77043,0.77085,1.50,2.30
2010.11.19 10:53:08.180,0.77043,0.77086,1.50,2.40
2010.11.19 10:53:13.157,0.77042,0.77082,2.50,1.50
2010.11.19 10:53:22.555,0.77048,0.77087,1.50,2.40
2010.11.19 10:53:25.179,0.77048,0.77087,1.70,2.30
2010.11.19 10:53:29.394,0.77049,0.77088,2.50,2.30
2010.11.19 10:53:31.832,0.77048,0.77089,4.00,2.30
2010.11.19 10:53:36.762,0.77049,0.77088,2.50,2.40
2010.11.19 10:53:39.724,0.7705,0.77088,1.70,2.40
2010.11.19 10:53:41.389,0.77021,0.77069,1.50,2.30
2010.11.19 10:53:41.499,0.77019,0.7706,2.30,2.30
2010.11.19 10:53:42.033,0.77011,0.77059,4.20,2.30
2010.11.19 10:53:46.208,0.7703,0.77061,1.40,2.30
2010.11.19 10:53:46.428,0.77035,0.77074,3.20,2.40
2010.11.19 10:53:50.002,0.7704,0.77079,2.50,2.30
2010.11.19 10:53:53.919,0.7704,0.77079,2.50,2.40
2010.11.19 10:53:56.680,0.77037,0.77075,2.50,2.30
2010.11.19 10:53:56.788,0.77038,0.77075,1.10,2.30
2010.11.19 10:53:58.951,0.77034,0.77077,2.30,2.40
2010.11.19 10:54:00.298,0.77041,0.77078,2.30,1.50
2010.11.19 10:54:02.387,0.77038,0.77076,2.30,2.40
2010.11.19 10:54:04.541,0.77034,0.77074,2.30,2.40
2010.11.19 10:54:11.539,0.77033,0.77076,3.80,2.40
2010.11.19 10:54:13.723,0.77033,0.77076,3.80,2.40
2010.11.19 10:54:15.200,0.77033,0.77076,4.20,2.40
2010.11.19 10:54:15.529,0.77038,0.77076,2.30,2.40
2010.11.19 10:54:17.091,0.77014,0.77056,2.40,2.30
2010.11.19 10:54:17.541,0.77003,0.77047,4.00,2.30
2010.11.19 10:54:17.648,0.77013,0.77057,2.30,2.30
2010.11.19 10:54:18.242,0.77009,0.77051,2.30,2.30
2010.11.19 10:54:22.267,0.77003,0.77047,3.80,2.30
2010.11.19 10:54:22.378,0.77003,0.77047,3.80,2.70
2010.11.19 10:54:22.878,0.76984,0.77024,2.40,2.30
2010.11.19 10:54:23.538,0.76992,0.77033,2.30,1.50
2010.11.19 10:54:26.701,0.76998,0.77042,2.40,2.30
2010.11.19 10:54:29.927,0.76997,0.77043,3.90,3.80
2010.11.19 10:54:32.809,0.7701,0.77048,2.30,2.30
2010.11.19 10:54:34.983,0.77018,0.77059,2.30,2.30
2010.11.19 10:54:37.686,0.77018,0.77059,2.30,2.30
2010.11.19 10:54:40.651,0.77024,0.77063,2.30,3.80
2010.11.19 10:54:43.194,0.77026,0.77062,2.60,1.50
2010.11.19 10:54:55.491,0.77024,0.77062,2.60,1.50
2010.11.19 10:54:58.502,0.77024,0.77062,2.60,1.50
2010.11.19 10:55:02.209,0.77024,0.77063,2.60,2.30
2010.11.19 10:55:04.938,0.77024,0.77063,2.50,3.80
2010.11.19 10:55:05.599,0.77035,0.77068,1.50,2.50
2010.11.19 10:55:08.938,0.77035,0.77073,1.80,2.50
2010.11.19 10:55:12.891,0.77035,0.77073,1.70,2.30
2010.11.19 10:55:15.203,0.77036,0.7708,2.30,3.80
2010.11.19 10:55:20.022,0.77036,0.7708,2.30,3.90
2010.11.19 10:55:22.780,0.77041,0.7708,2.30,3.90
2010.11.19 10:55:25.259,0.77036,0.7708,2.30,4.10
2010.11.19 10:55:27.068,0.77042,0.7708,2.30,1.50
2010.11.19 10:55:29.138,0.77043,0.77081,1.50,2.30
2010.11.19 10:55:32.402,0.77043,0.77081,1.50,2.40
2010.11.19 10:55:34.703,0.77043,0.77081,1.50,2.40
2010.11.19 10:55:36.927,0.77043,0.77081,1.50,2.30
2010.11.19 10:55:40.527,0.77042,0.7708,2.50,1.50
2010.11.19 10:55:42.717,0.77042,0.7708,2.50,1.50
2010.11.19 10:55:45.292,0.77042,0.77081,4.00,2.40
2010.11.19 10:55:50.569,0.77042,0.7708,2.50,1.50
2010.11.19 10:55:54.533,0.77042,0.7708,2.50,1.50
2010.11.19 10:55:57.010,0.77042,0.7708,2.50,1.60
2010.11.19 10:56:01.478,0.77042,0.7708,2.50,1.50
2010.11.19 10:56:03.732,0.77042,0.7708,2.50,1.60
2010.11.19 10:56:06.471,0.77043,0.77087,1.50,2.40
2010.11.19 10:56:11.906,0.77043,0.77081,1.60,2.30
2010.11.19 10:56:15.984,0.77042,0.7708,2.40,1.50
2010.11.19 10:56:20.579,0.77042,0.7708,2.60,1.50
2010.11.19 10:56:26.089,0.77044,0.7708,2.50,1.50
2010.11.19 10:56:26.198,0.77049,0.77087,2.30,1.70
2010.11.19 10:56:28.606,0.77047,0.7708,2.30,1.50
2010.11.19 10:56:29.148,0.7705,0.77088,2.30,3.80
2010.11.19 10:56:29.370,0.77052,0.77096,2.50,4.00
2010.11.19 10:56:31.518,0.77062,0.77101,2.50,2.30
2010.11.19 10:56:34.761,0.77064,0.77103,2.50,1.60
2010.11.19 10:56:37.132,0.77064,0.77103,2.50,1.60
2010.11.19 10:56:40.460,0.7707,0.77103,2.30,1.50
2010.11.19 10:56:40.572,0.77064,0.77103,2.30,1.80
2010.11.19 10:56:41.081,0.77057,0.77096,2.30,1.50
2010.11.19 10:56:46.209,0.77063,0.77096,2.30,1.50
2010.11.19 10:56:46.318,0.77052,0.77091,2.30,2.30
2010.11.19 10:56:51.016,0.77042,0.77084,2.30,2.30
2010.11.19 10:56:53.120,0.77042,0.77084,2.30,2.30
2010.11.19 10:56:55.771,0.77046,0.7709,2.30,2.30
2010.11.19 10:56:58.020,0.77042,0.77092,2.30,2.30
2010.11.19 10:57:00.151,0.77042,0.77092,2.40,2.30
2010.11.19 10:57:02.212,0.77042,0.77092,2.40,2.30
2010.11.19 10:57:03.240,0.77042,0.77092,2.40,2.30
2010.11.19 10:57:06.581,0.77047,0.77093,2.30,2.40
2010.11.19 10:57:08.993,0.77047,0.77093,2.30,2.40
2010.11.19 10:57:14.018,0.77043,0.77087,2.30,2.30
2010.11.19 10:57:15.298,0.77043,0.77087,2.30,2.30
2010.11.19 10:57:17.846,0.77042,0.77088,2.30,3.90
2010.11.19 10:57:19.722,0.77051,0.77095,2.30,2.30
2010.11.19 10:57:21.778,0.77051,0.77095,2.30,2.40
2010.11.19 10:57:25.890,0.77051,0.77095,2.30,2.30
2010.11.19 10:57:28.230,0.77061,0.77105,2.30,2.40
2010.11.19 10:57:29.345,0.77061,0.77096,2.30,1.50
2010.11.19 10:57:29.458,0.77051,0.77095,2.30,2.30
2010.11.19 10:57:31.470,0.77051,0.77095,2.30,2.40
2010.11.19 10:57:36.700,0.77051,0.77095,2.30,2.30
2010.11.19 10:57:38.910,0.7705,0.77096,3.80,3.80
2010.11.19 10:57:41.027,0.7705,0.77096,4.20,2.30
2010.11.19 10:57:43.380,0.7705,0.77092,4.20,2.30
2010.11.19 10:57:48.150,0.77052,0.77093,2.70,2.30
2010.11.19 10:57:50.239,0.77055,0.77097,2.70,2.30
2010.11.19 10:57:50.459,0.7707,0.77107,1.50,2.40
2010.11.19 10:57:51.400,0.77051,0.77091,2.30,2.30
2010.11.19 10:58:03.652,0.77051,0.77091,2.30,2.40
2010.11.19 10:58:06.707,0.7705,0.77096,3.80,3.80
2010.11.19 10:58:08.459,0.7705,0.77096,3.80,3.90
2010.11.19 10:58:10.671,0.7705,0.77096,4.00,4.10
2010.11.19 10:58:12.358,0.77041,0.77085,3.80,2.30
2010.11.19 10:58:12.690,0.77045,0.77091,2.70,2.50
2010.11.19 10:58:17.211,0.77048,0.77092,1.50,2.40
2010.11.19 10:58:19.546,0.77048,0.77085,1.50,2.30
2010.11.19 10:58:21.819,0.77048,0.77091,1.50,2.30
2010.11.19 10:58:23.712,0.77048,0.77091,1.70,6.00
2010.11.19 10:58:47.569,0.77048,0.77092,2.50,2.60
2010.11.19 10:58:50.772,0.77056,0.77097,2.50,2.80
2010.11.19 10:58:51.098,0.77056,0.7708,2.50,2.30
2010.11.19 10:58:51.562,0.77017,0.7706,2.50,3.20
2010.11.19 10:58:54.200,0.7701,0.77058,3.60,2.30
2010.11.19 10:58:56.460,0.77007,0.77052,2.10,2.30
2010.11.19 10:58:56.569,0.77011,0.77058,1.40,2.60
2010.11.19 10:58:59.693,0.77008,0.77053,3.20,2.60
2010.11.19 10:59:02.088,0.76997,0.77043,1.70,2.30
2010.11.19 10:59:04.095,0.77,0.77045,2.50,2.30
2010.11.19 10:59:06.169,0.77,0.77045,2.50,2.40
2010.11.19 10:59:11.668,0.77,0.77042,2.50,2.50
2010.11.19 10:59:11.780,0.76997,0.77033,1.50,2.50
2010.11.19 10:59:12.514,0.76988,0.77029,3.20,2.30
2010.11.19 10:59:15.900,0.76993,0.77029,2.50,2.30
2010.11.19 10:59:16.450,0.76989,0.77029,2.50,3.40
2010.11.19 10:59:16.562,0.76986,0.77021,2.30,1.40
2010.11.19 10:59:17.020,0.76975,0.7701,1.70,2.50
2010.11.19 10:59:19.808,0.76972,0.7701,2.30,3.20
2010.11.19 10:59:20.029,0.76965,0.77007,2.30,4.70
2010.11.19 10:59:20.761,0.76947,0.76987,1.40,2.30
2010.11.19 10:59:24.589,0.76947,0.7699,2.60,2.50
2010.11.19 10:59:25.431,0.76958,0.76998,2.50,2.30
2010.11.19 10:59:29.199,0.76964,0.77002,2.50,2.60
2010.11.19 10:59:32.801,0.76964,0.77002,2.50,2.50
2010.11.19 10:59:37.189,0.76965,0.77003,1.70,2.60
2010.11.19 10:59:39.984,0.76965,0.77003,1.70,2.60
2010.11.19 10:59:42.895,0.76965,0.77003,1.70,2.60
2010.11.19 10:59:46.448,0.76964,0.77003,1.70,2.60
2010.11.19 10:59:50.872,0.76969,0.77012,3.20,3.30
2010.11.19 10:59:53.055,0.76969,0.77012,2.50,2.60
2010.11.19 10:59:55.842,0.76965,0.77008,1.70,2.60
2010.11.19 10:59:58.642,0.76965,0.77007,2.50,2.80
