2016.06.07 15:00:00.078,0.67398,0.67419,1.37,1.00
2016.06.07 15:00:00.129,0.67396,0.67416,1.75,1.00
2016.06.07 15:00:00.280,0.67396,0.67415,1.37,1.00
2016.06.07 15:00:00.583,0.67398,0.67419,1.00,1.50
2016.06.07 15:00:00.792,0.67398,0.67419,1.37,1.12
2016.06.07 15:00:00.893,0.674,0.67421,1.37,1.00
2016.06.07 15:00:01.435,0.674,0.67421,1.00,1.50
2016.06.07 15:00:01.936,0.674,0.67421,1.00,1.12
2016.06.07 15:00:03.252,0.674,0.67418,1.00,1.00
2016.06.07 15:00:03.555,0.674,0.67421,1.00,1.12
2016.06.07 15:00:03.757,0.67406,0.67424,1.00,1.75
2016.06.07 15:00:03.908,0.67405,0.67423,1.37,1.00
2016.06.07 15:00:04.130,0.67404,0.67425,2.62,1.00
2016.06.07 15:00:04.332,0.67404,0.67425,1.87,1.00
2016.06.07 15:00:04.383,0.67407,0.67424,1.00,1.00
2016.06.07 15:00:04.434,0.67405,0.67425,1.00,1.00
2016.06.07 15:00:04.636,0.67405,0.67423,1.00,1.00
2016.06.07 15:00:05.039,0.67406,0.67426,1.50,1.37
2016.06.07 15:00:05.090,0.67406,0.67426,1.87,1.00
2016.06.07 15:00:05.243,0.67406,0.67426,1.12,1.12
2016.06.07 15:00:05.546,0.67404,0.67424,1.37,1.00
2016.06.07 15:00:05.849,0.674,0.67419,1.37,1.00
2016.06.07 15:00:06.115,0.67397,0.67416,1.37,1.00
2016.06.07 15:00:06.442,0.67397,0.67418,1.50,1.00
2016.06.07 15:00:06.992,0.67398,0.67419,1.12,1.00
2016.06.07 15:00:08.147,0.67396,0.67417,2.25,1.00
2016.06.07 15:00:08.449,0.67396,0.67412,1.00,1.00
2016.06.07 15:00:08.690,0.6739,0.6741,1.00,1.00
2016.06.07 15:00:08.892,0.67393,0.67414,1.00,1.50
2016.06.07 15:00:08.943,0.67393,0.67414,1.12,1.00
2016.06.07 15:00:08.994,0.67396,0.67416,1.00,1.12
2016.06.07 15:00:09.296,0.67398,0.67417,1.37,1.00
2016.06.07 15:00:09.646,0.67395,0.67416,1.12,1.00
2016.06.07 15:00:10.158,0.67395,0.67415,1.12,1.00
2016.06.07 15:00:10.853,0.67395,0.67416,1.50,1.00
2016.06.07 15:00:11.055,0.67395,0.67416,1.37,1.00
2016.06.07 15:00:11.156,0.67395,0.67416,1.12,1.00
2016.06.07 15:00:11.308,0.67394,0.67414,1.87,1.00
2016.06.07 15:00:11.926,0.67396,0.67413,1.00,1.00
2016.06.07 15:00:12.506,0.67395,0.67415,1.12,1.00
2016.06.07 15:00:13.323,0.67393,0.67414,1.37,1.00
2016.06.07 15:00:13.940,0.67392,0.67411,2.25,1.00
2016.06.07 15:00:14.142,0.67392,0.67411,1.00,1.00
2016.06.07 15:00:15.737,0.67392,0.67411,1.00,1.37
2016.06.07 15:00:15.838,0.67388,0.67409,1.12,1.00
2016.06.07 15:00:15.939,0.6739,0.6741,1.00,1.12
2016.06.07 15:00:16.881,0.6739,0.6741,1.37,1.00
2016.06.07 15:00:17.869,0.67391,0.67411,1.12,1.12
2016.06.07 15:00:18.357,0.67394,0.67413,1.37,1.12
2016.06.07 15:00:18.565,0.67396,0.67417,2.62,1.00
2016.06.07 15:00:19.094,0.67398,0.67418,1.00,1.00
2016.06.07 15:00:19.195,0.67399,0.6742,1.00,1.00
2016.06.07 15:00:19.447,0.67397,0.67418,2.25,1.00
2016.06.07 15:00:20.003,0.67396,0.67417,1.50,1.00
2016.06.07 15:00:21.143,0.67396,0.67417,1.00,1.00
2016.06.07 15:00:21.545,0.67396,0.67415,1.00,1.00
2016.06.07 15:00:22.858,0.67394,0.67413,1.00,1.00
2016.06.07 15:00:24.622,0.67393,0.67412,1.00,1.00
2016.06.07 15:00:25.066,0.6739,0.6741,1.37,1.00
2016.06.07 15:00:25.167,0.67389,0.6741,1.12,1.00
2016.06.07 15:00:25.720,0.6739,0.6741,1.00,1.00
2016.06.07 15:00:26.186,0.6739,0.6741,1.37,1.00
2016.06.07 15:00:26.995,0.67389,0.67409,1.37,1.00
2016.06.07 15:00:28.579,0.67388,0.67409,1.12,1.00
2016.06.07 15:00:28.682,0.67391,0.67409,1.00,1.00
2016.06.07 15:00:28.733,0.67388,0.67409,1.12,1.00
2016.06.07 15:00:29.851,0.67389,0.6741,1.00,1.00
2016.06.07 15:00:29.952,0.67391,0.6741,1.00,1.00
2016.06.07 15:00:33.023,0.67394,0.67414,1.00,1.50
2016.06.07 15:00:33.225,0.67394,0.67415,1.12,1.00
2016.06.07 15:00:33.477,0.67391,0.67412,1.50,1.00
2016.06.07 15:00:33.528,0.67391,0.67412,1.37,1.12
2016.06.07 15:00:33.941,0.67391,0.67412,1.37,1.00
2016.06.07 15:00:34.246,0.67389,0.67409,1.50,1.00
2016.06.07 15:00:34.297,0.67389,0.67409,1.37,1.00
2016.06.07 15:00:34.886,0.67388,0.67408,1.37,1.00
2016.06.07 15:00:35.850,0.67388,0.67409,1.37,1.00
2016.06.07 15:00:36.867,0.67387,0.67408,1.37,1.00
2016.06.07 15:00:36.918,0.67387,0.67408,1.00,1.37
2016.06.07 15:00:37.170,0.67385,0.67403,1.37,1.00
2016.06.07 15:00:39.280,0.67385,0.67406,1.37,1.12
2016.06.07 15:00:39.431,0.67385,0.67403,1.37,1.00
2016.06.07 15:00:40.160,0.67383,0.67404,1.37,1.00
2016.06.07 15:00:41.025,0.67382,0.67403,2.25,1.00
2016.06.07 15:00:41.236,0.67382,0.67403,2.25,1.00
2016.06.07 15:00:41.519,0.67383,0.67404,1.37,1.00
2016.06.07 15:00:42.356,0.67385,0.67405,1.12,1.00
2016.06.07 15:00:43.066,0.67383,0.67401,1.37,1.00
2016.06.07 15:00:43.643,0.67383,0.67401,1.00,1.00
2016.06.07 15:00:44.861,0.6738,0.674,1.00,1.00
2016.06.07 15:00:44.911,0.67382,0.67402,1.00,1.37
2016.06.07 15:00:45.264,0.67381,0.67401,1.00,1.37
2016.06.07 15:00:45.784,0.6738,0.67399,1.00,1.12
2016.06.07 15:00:46.059,0.67378,0.67398,1.00,1.00
2016.06.07 15:00:46.490,0.67381,0.674,1.00,1.37
2016.06.07 15:00:46.641,0.67381,0.67402,1.00,1.37
2016.06.07 15:00:47.411,0.67381,0.67402,1.50,1.12
2016.06.07 15:00:47.468,0.67381,0.67402,2.25,1.00
2016.06.07 15:00:47.786,0.67378,0.67397,1.37,1.00
2016.06.07 15:00:48.315,0.67378,0.67397,1.00,1.00
2016.06.07 15:00:48.819,0.67379,0.67398,1.00,1.12
2016.06.07 15:00:48.870,0.67377,0.67398,1.00,1.12
2016.06.07 15:00:49.373,0.67376,0.67397,1.00,1.00
2016.06.07 15:00:49.525,0.67379,0.674,1.00,1.37
2016.06.07 15:00:49.576,0.67376,0.67397,1.37,1.00
2016.06.07 15:00:49.626,0.6738,0.67401,1.00,2.25
2016.06.07 15:00:49.842,0.67379,0.674,1.87,1.00
2016.06.07 15:00:50.094,0.6738,0.67397,1.12,1.00
2016.06.07 15:00:50.366,0.67378,0.67398,1.00,1.37
2016.06.07 15:00:50.659,0.67379,0.67399,1.37,1.00
2016.06.07 15:00:51.204,0.6738,0.67401,1.00,1.37
2016.06.07 15:00:52.406,0.67382,0.674,1.00,1.12
2016.06.07 15:00:52.573,0.67379,0.674,1.50,1.87
2016.06.07 15:00:53.147,0.67378,0.67399,1.00,1.00
2016.06.07 15:00:53.349,0.67379,0.674,1.00,1.87
2016.06.07 15:00:53.552,0.67379,0.674,1.12,1.87
2016.06.07 15:00:53.954,0.67381,0.67399,1.00,1.00
2016.06.07 15:00:54.525,0.67383,0.67401,1.00,1.37
2016.06.07 15:00:54.792,0.6738,0.67401,1.12,2.62
2016.06.07 15:00:55.292,0.67383,0.67401,1.00,2.62
2016.06.07 15:00:55.563,0.67384,0.67404,1.12,1.00
2016.06.07 15:00:56.300,0.67384,0.67404,1.37,1.00
2016.06.07 15:00:56.631,0.67384,0.67405,2.25,1.12
2016.06.07 15:00:56.682,0.6739,0.67411,1.00,1.87
2016.06.07 15:00:56.733,0.67392,0.67411,1.00,1.87
2016.06.07 15:00:56.784,0.67392,0.67411,1.00,1.50
2016.06.07 15:00:57.343,0.67392,0.6741,1.37,1.00
2016.06.07 15:00:57.394,0.67395,0.67415,1.00,2.25
2016.06.07 15:00:58.670,0.67395,0.67414,1.00,1.50
2016.06.07 15:00:59.097,0.67394,0.67415,1.00,1.50
2016.06.07 15:00:59.263,0.67396,0.67414,1.00,1.12
2016.06.07 15:00:59.616,0.67392,0.67413,1.50,1.12
2016.06.07 15:00:59.721,0.67391,0.67412,2.25,1.00
2016.06.07 15:00:59.973,0.67393,0.67413,1.00,1.12
2016.06.07 15:01:00.353,0.67395,0.67413,1.00,1.12
2016.06.07 15:01:01.682,0.67395,0.67416,1.00,1.37
2016.06.07 15:01:02.276,0.67394,0.67413,1.00,1.00
2016.06.07 15:01:02.327,0.67395,0.67415,1.00,1.12
2016.06.07 15:01:02.378,0.67397,0.67415,1.00,1.87
2016.06.07 15:01:02.886,0.67398,0.67415,1.00,1.00
2016.06.07 15:01:03.430,0.67402,0.67415,1.00,1.00
2016.06.07 15:01:03.481,0.67402,0.67423,1.00,1.50
2016.06.07 15:01:03.533,0.67402,0.67423,1.00,1.50
2016.06.07 15:01:03.584,0.67405,0.67423,1.00,1.00
2016.06.07 15:01:04.088,0.67405,0.67425,1.12,1.12
2016.06.07 15:01:04.326,0.67405,0.67425,1.00,1.37
2016.06.07 15:01:04.529,0.67405,0.67424,1.12,1.00
2016.06.07 15:01:05.181,0.67406,0.67426,1.00,1.12
2016.06.07 15:01:05.581,0.67406,0.67424,1.00,1.00
2016.06.07 15:01:05.784,0.67399,0.67418,1.00,1.00
2016.06.07 15:01:05.884,0.67399,0.67415,1.00,1.00
2016.06.07 15:01:06.137,0.6739,0.6741,1.37,1.00
2016.06.07 15:01:06.349,0.67388,0.67409,1.50,1.00
2016.06.07 15:01:06.399,0.6739,0.67409,1.00,1.00
2016.06.07 15:01:06.902,0.6739,0.6741,1.37,1.00
2016.06.07 15:01:07.406,0.67391,0.67412,1.12,1.87
2016.06.07 15:01:07.595,0.67391,0.67412,1.50,1.50
2016.06.07 15:01:07.645,0.67395,0.67414,1.00,1.00
2016.06.07 15:01:08.189,0.67392,0.67413,1.75,1.00
2016.06.07 15:01:08.977,0.67393,0.67412,1.00,1.00
2016.06.07 15:01:09.511,0.6739,0.67411,1.37,1.00
2016.06.07 15:01:09.663,0.67392,0.67413,1.12,1.12
2016.06.07 15:01:09.714,0.67394,0.67413,1.00,1.12
2016.06.07 15:01:10.011,0.67392,0.67413,1.12,1.12
2016.06.07 15:01:10.468,0.6739,0.6741,1.00,1.00
2016.06.07 15:01:10.957,0.67389,0.67407,1.00,1.00
2016.06.07 15:01:11.260,0.67384,0.67404,1.00,1.12
2016.06.07 15:01:11.411,0.67383,0.67401,1.12,1.00
2016.06.07 15:01:12.796,0.6738,0.674,1.37,1.00
2016.06.07 15:01:12.847,0.6738,0.67399,1.50,1.00
2016.06.07 15:01:13.400,0.67382,0.67401,1.00,1.00
2016.06.07 15:01:13.930,0.67381,0.67402,1.00,1.12
2016.06.07 15:01:14.751,0.6738,0.67398,1.00,1.00
2016.06.07 15:01:15.054,0.67377,0.67395,1.37,1.00
2016.06.07 15:01:15.155,0.67375,0.67396,2.62,1.00
2016.06.07 15:01:15.205,0.67378,0.67398,1.00,1.87
2016.06.07 15:01:15.704,0.67375,0.67396,1.87,1.00
2016.06.07 15:01:15.755,0.67375,0.67396,1.50,1.37
2016.06.07 15:01:16.057,0.67374,0.67392,1.00,1.00
2016.06.07 15:01:16.586,0.67374,0.67393,1.00,1.00
2016.06.07 15:01:16.687,0.67371,0.67391,1.00,1.00
2016.06.07 15:01:16.738,0.67373,0.67392,1.00,1.12
2016.06.07 15:01:16.789,0.67371,0.67392,1.00,1.50
2016.06.07 15:01:16.841,0.6737,0.6739,1.87,1.00
2016.06.07 15:01:17.144,0.67371,0.6739,1.37,1.00
2016.06.07 15:01:17.346,0.67372,0.67392,1.00,1.00
2016.06.07 15:01:17.643,0.67374,0.67393,1.00,1.00
2016.06.07 15:01:17.795,0.67374,0.67395,2.25,1.12
2016.06.07 15:01:17.897,0.67375,0.67396,1.50,1.00
2016.06.07 15:01:18.199,0.67379,0.67396,1.00,1.00
2016.06.07 15:01:18.807,0.6738,0.67397,1.00,1.00
2016.06.07 15:01:19.331,0.67377,0.67395,1.37,1.00
2016.06.07 15:01:19.483,0.67375,0.67394,1.50,1.00
2016.06.07 15:01:19.868,0.67373,0.6739,1.00,1.37
2016.06.07 15:01:19.919,0.67368,0.67388,1.75,1.00
2016.06.07 15:01:20.322,0.67373,0.6739,1.00,1.00
2016.06.07 15:01:20.376,0.67371,0.67391,1.00,1.50
2016.06.07 15:01:20.817,0.67372,0.67393,1.50,1.12
2016.06.07 15:01:20.933,0.67375,0.67393,1.00,1.12
2016.06.07 15:01:21.149,0.67376,0.67395,1.00,1.87
2016.06.07 15:01:21.300,0.67377,0.67397,1.00,1.00
2016.06.07 15:01:21.402,0.67378,0.67399,1.00,1.50
2016.06.07 15:01:22.100,0.67379,0.674,1.37,1.00
2016.06.07 15:01:22.403,0.67382,0.67404,1.00,1.50
2016.06.07 15:01:22.937,0.67383,0.67404,1.00,1.50
2016.06.07 15:01:24.263,0.67383,0.67404,1.00,1.75
2016.06.07 15:01:25.084,0.6738,0.67401,3.00,1.00
2016.06.07 15:01:25.887,0.6738,0.67399,1.50,1.37
2016.06.07 15:01:26.478,0.67381,0.67399,1.00,1.00
2016.06.07 15:01:26.680,0.67384,0.67403,1.00,1.00
2016.06.07 15:01:27.160,0.67382,0.67402,1.12,1.00
2016.06.07 15:01:27.709,0.67383,0.67401,1.00,1.00
2016.06.07 15:01:28.025,0.67383,0.67403,1.00,1.12
2016.06.07 15:01:28.321,0.67381,0.67401,1.37,1.00
2016.06.07 15:01:28.823,0.67381,0.67402,1.37,1.00
2016.06.07 15:01:29.333,0.67382,0.67401,1.12,1.00
2016.06.07 15:01:29.853,0.67382,0.674,1.12,1.00
2016.06.07 15:01:30.156,0.6738,0.67401,1.00,1.37
2016.06.07 15:01:30.856,0.67381,0.67401,1.00,1.50
2016.06.07 15:01:31.211,0.67383,0.674,1.00,1.12
2016.06.07 15:01:31.312,0.67381,0.67401,1.00,1.37
2016.06.07 15:01:31.570,0.67383,0.674,1.00,1.37
2016.06.07 15:01:31.671,0.67381,0.674,1.00,1.00
2016.06.07 15:01:31.721,0.67385,0.67402,1.00,1.12
2016.06.07 15:01:31.988,0.67379,0.67399,1.37,1.50
2016.06.07 15:01:32.671,0.67379,0.67399,1.50,1.87
2016.06.07 15:01:33.218,0.67378,0.67398,1.00,1.00
2016.06.07 15:01:33.319,0.6738,0.674,1.00,1.75
2016.06.07 15:01:33.875,0.67379,0.67397,1.00,1.00
2016.06.07 15:01:34.027,0.67375,0.67396,1.37,1.00
2016.06.07 15:01:34.128,0.67375,0.67396,1.00,1.50
2016.06.07 15:01:34.418,0.67374,0.67393,1.00,1.50
2016.06.07 15:01:34.958,0.67373,0.67392,1.00,1.00
2016.06.07 15:01:35.009,0.67371,0.67392,1.12,1.50
2016.06.07 15:01:36.703,0.67374,0.67391,1.00,1.00
2016.06.07 15:01:37.334,0.67373,0.67392,1.00,1.00
2016.06.07 15:01:37.504,0.67371,0.67391,1.12,1.00
2016.06.07 15:01:37.555,0.67373,0.6739,1.00,1.00
2016.06.07 15:01:37.605,0.67371,0.67391,1.12,1.00
2016.06.07 15:01:37.757,0.67369,0.67389,1.37,1.00
2016.06.07 15:01:37.858,0.67369,0.67389,1.00,1.50
2016.06.07 15:01:38.426,0.6737,0.67391,1.00,1.87
2016.06.07 15:01:38.477,0.67373,0.67391,1.00,1.37
2016.06.07 15:01:38.528,0.67371,0.67392,1.00,2.25
2016.06.07 15:01:38.579,0.67371,0.67391,1.12,1.12
2016.06.07 15:01:40.404,0.67373,0.67393,1.00,1.37
2016.06.07 15:01:40.817,0.67374,0.67393,1.00,1.00
2016.06.07 15:01:41.156,0.67374,0.67395,1.00,1.00
2016.06.07 15:01:41.207,0.67375,0.67393,1.00,1.00
2016.06.07 15:01:41.258,0.67375,0.67396,1.00,1.50
2016.06.07 15:01:41.359,0.67377,0.67398,1.00,1.87
2016.06.07 15:01:41.560,0.67377,0.67398,1.00,1.12
2016.06.07 15:01:42.222,0.67378,0.67398,1.00,1.12
2016.06.07 15:01:42.272,0.67379,0.67396,1.00,1.00
2016.06.07 15:01:42.784,0.67378,0.67396,1.00,1.00
2016.06.07 15:01:44.584,0.6738,0.67396,1.00,1.00
2016.06.07 15:01:44.635,0.6738,0.67398,1.00,1.87
2016.06.07 15:01:45.096,0.67371,0.67392,1.00,1.12
2016.06.07 15:01:45.515,0.67374,0.67392,1.00,1.00
2016.06.07 15:01:45.616,0.67371,0.67392,1.00,1.00
2016.06.07 15:01:45.775,0.67374,0.67392,1.00,1.00
2016.06.07 15:01:46.376,0.67371,0.67392,1.00,1.00
2016.06.07 15:01:46.687,0.67375,0.67392,1.00,1.00
2016.06.07 15:01:46.889,0.67373,0.67392,1.50,1.00
2016.06.07 15:01:47.243,0.67371,0.67392,2.25,1.12
2016.06.07 15:01:47.524,0.67376,0.67395,1.00,1.50
2016.06.07 15:01:47.625,0.67377,0.67397,1.12,1.50
2016.06.07 15:01:47.676,0.67379,0.67399,1.37,2.25
2016.06.07 15:01:47.727,0.67381,0.674,1.00,1.12
2016.06.07 15:01:48.057,0.67386,0.67403,1.00,1.87
2016.06.07 15:01:48.116,0.67387,0.67406,1.00,1.37
2016.06.07 15:01:48.167,0.67387,0.67407,1.00,1.00
2016.06.07 15:01:48.525,0.67384,0.67405,2.25,1.00
2016.06.07 15:01:48.626,0.67384,0.67405,1.87,1.37
2016.06.07 15:01:48.982,0.67387,0.67405,1.00,1.00
2016.06.07 15:01:49.184,0.67387,0.67407,1.00,1.00
2016.06.07 15:01:49.285,0.67389,0.67407,1.00,1.00
2016.06.07 15:01:49.573,0.67389,0.6741,1.00,1.50
2016.06.07 15:01:50.089,0.6739,0.67411,1.00,1.12
2016.06.07 15:01:50.341,0.67392,0.67411,1.00,1.12
2016.06.07 15:01:50.683,0.67396,0.67415,1.00,1.50
2016.06.07 15:01:50.829,0.67391,0.67411,1.37,1.00
2016.06.07 15:01:50.880,0.6739,0.67409,1.50,1.00
2016.06.07 15:01:50.981,0.67389,0.67409,1.37,1.00
2016.06.07 15:01:51.082,0.67388,0.67408,1.00,1.50
2016.06.07 15:01:51.283,0.67388,0.67406,1.00,1.00
2016.06.07 15:01:51.816,0.67385,0.67406,1.12,1.12
2016.06.07 15:01:52.350,0.67385,0.67405,1.00,1.00
2016.06.07 15:01:53.630,0.67387,0.67406,1.00,1.37
2016.06.07 15:01:53.782,0.67389,0.67409,1.00,1.37
2016.06.07 15:01:54.134,0.67391,0.67409,1.00,1.00
2016.06.07 15:01:54.458,0.67389,0.67407,1.00,1.00
2016.06.07 15:01:54.871,0.67389,0.67409,1.00,1.00
2016.06.07 15:01:55.248,0.67388,0.67408,1.12,1.37
2016.06.07 15:01:55.846,0.67387,0.67406,1.00,1.00
2016.06.07 15:01:56.415,0.67387,0.67404,1.00,1.00
2016.06.07 15:01:56.466,0.67383,0.67403,1.37,1.37
2016.06.07 15:01:56.919,0.67385,0.67406,1.12,1.50
2016.06.07 15:01:57.020,0.67387,0.67405,1.00,1.12
2016.06.07 15:01:57.688,0.67385,0.67405,1.12,1.12
2016.06.07 15:01:58.969,0.67386,0.67406,1.00,1.50
2016.06.07 15:01:59.426,0.67388,0.67408,1.00,1.87
2016.06.07 15:01:59.628,0.6739,0.67408,1.00,1.00
2016.06.07 15:01:59.745,0.67389,0.6741,1.00,1.50
2016.06.07 15:02:00.025,0.6739,0.67408,1.50,1.00
2016.06.07 15:02:00.078,0.6739,0.6741,1.50,1.12
2016.06.07 15:02:00.624,0.67391,0.6741,1.00,1.12
2016.06.07 15:02:01.260,0.6739,0.6741,1.12,1.12
2016.06.07 15:02:01.310,0.6739,0.67409,1.00,1.37
2016.06.07 15:02:01.979,0.67389,0.6741,1.00,2.62
2016.06.07 15:02:02.556,0.67388,0.67409,1.00,1.50
2016.06.07 15:02:02.751,0.67388,0.67409,1.12,1.12
2016.06.07 15:02:03.044,0.6739,0.67408,1.00,1.00
2016.06.07 15:02:03.235,0.67389,0.6741,1.00,1.50
2016.06.07 15:02:03.822,0.67395,0.67414,1.00,2.25
2016.06.07 15:02:03.872,0.67395,0.67414,1.00,1.50
2016.06.07 15:02:04.084,0.67395,0.67412,1.00,1.00
2016.06.07 15:02:04.185,0.67392,0.67412,1.00,1.00
2016.06.07 15:02:04.236,0.67395,0.67414,1.50,1.00
2016.06.07 15:02:04.928,0.67394,0.67415,1.00,1.37
2016.06.07 15:02:05.301,0.67396,0.67415,1.00,1.37
2016.06.07 15:02:05.690,0.67394,0.67414,1.00,1.12
2016.06.07 15:02:06.642,0.67395,0.67412,1.00,1.00
2016.06.07 15:02:07.496,0.67394,0.67412,1.00,1.00
2016.06.07 15:02:07.794,0.67393,0.67414,1.00,1.12
2016.06.07 15:02:08.365,0.67392,0.67413,1.00,1.00
2016.06.07 15:02:09.011,0.67393,0.67414,1.00,1.87
2016.06.07 15:02:09.534,0.6739,0.67412,1.00,1.37
2016.06.07 15:02:09.836,0.67389,0.67408,1.00,1.50
2016.06.07 15:02:11.254,0.67388,0.67408,1.00,1.50
2016.06.07 15:02:11.570,0.67387,0.67406,1.00,1.00
2016.06.07 15:02:11.886,0.67389,0.67408,1.00,1.50
2016.06.07 15:02:12.488,0.67389,0.67409,1.00,1.12
2016.06.07 15:02:12.953,0.67389,0.6741,1.00,1.87
2016.06.07 15:02:13.490,0.67388,0.67407,1.00,1.50
2016.06.07 15:02:14.237,0.67387,0.67408,1.00,1.75
2016.06.07 15:02:15.090,0.67388,0.67407,1.00,1.37
2016.06.07 15:02:15.615,0.67389,0.67408,1.00,1.37
2016.06.07 15:02:15.767,0.6739,0.67408,1.00,1.00
2016.06.07 15:02:17.211,0.67388,0.67408,1.00,1.00
2016.06.07 15:02:17.262,0.67388,0.67408,1.00,1.87
2016.06.07 15:02:17.923,0.67389,0.67408,1.50,1.50
2016.06.07 15:02:17.974,0.67389,0.6741,1.50,1.37
2016.06.07 15:02:18.075,0.67393,0.67412,1.00,2.62
2016.06.07 15:02:18.175,0.67393,0.67413,1.00,1.00
2016.06.07 15:02:18.377,0.67395,0.67415,1.00,1.12
2016.06.07 15:02:18.629,0.67398,0.67419,1.00,1.87
2016.06.07 15:02:18.982,0.67398,0.67417,1.00,1.75
2016.06.07 15:02:19.752,0.67397,0.67418,1.00,2.62
2016.06.07 15:02:20.934,0.67398,0.67417,1.00,1.75
2016.06.07 15:02:21.035,0.67395,0.67416,1.00,1.50
2016.06.07 15:02:21.404,0.67398,0.67416,1.00,1.50
2016.06.07 15:02:22.805,0.674,0.67418,1.00,1.50
2016.06.07 15:02:22.957,0.67399,0.67419,1.00,1.50
2016.06.07 15:02:23.193,0.67396,0.67416,1.00,1.87
2016.06.07 15:02:23.395,0.67395,0.67414,1.00,1.50
2016.06.07 15:02:23.496,0.67393,0.67413,1.00,1.37
2016.06.07 15:02:23.748,0.67391,0.67412,1.00,1.37
2016.06.07 15:02:24.293,0.6739,0.67411,1.12,1.50
2016.06.07 15:02:24.561,0.67393,0.67411,1.00,1.37
2016.06.07 15:02:25.197,0.67392,0.67412,1.00,1.37
2016.06.07 15:02:25.248,0.6739,0.67411,1.00,1.37
2016.06.07 15:02:25.626,0.67392,0.67412,1.00,1.37
2016.06.07 15:02:25.828,0.67393,0.67413,1.00,1.00
2016.06.07 15:02:25.929,0.67396,0.67413,1.00,1.00
2016.06.07 15:02:26.197,0.67394,0.67414,1.00,1.12
2016.06.07 15:02:26.838,0.67393,0.67414,1.00,1.50
2016.06.07 15:02:27.118,0.67391,0.67409,1.50,1.00
2016.06.07 15:02:27.509,0.6739,0.67411,1.00,1.50
2016.06.07 15:02:28.215,0.67389,0.6741,1.87,1.00
2016.06.07 15:02:28.266,0.67391,0.6741,1.00,1.00
2016.06.07 15:02:28.735,0.67393,0.67414,1.00,1.87
2016.06.07 15:02:28.887,0.67393,0.67414,1.12,1.00
2016.06.07 15:02:28.988,0.67395,0.67416,1.00,1.50
2016.06.07 15:02:29.906,0.67396,0.67414,1.00,1.00
2016.06.07 15:02:30.208,0.67392,0.67412,1.00,1.37
2016.06.07 15:02:30.309,0.67394,0.67414,1.00,2.25
2016.06.07 15:02:30.411,0.67394,0.67415,1.00,1.12
2016.06.07 15:02:30.512,0.67393,0.67414,1.00,1.37
2016.06.07 15:02:31.047,0.67392,0.67412,1.00,1.12
2016.06.07 15:02:31.369,0.67394,0.67414,1.50,1.12
2016.06.07 15:02:31.773,0.67395,0.67416,1.87,1.00
2016.06.07 15:02:31.834,0.67399,0.67418,1.00,1.00
2016.06.07 15:02:32.190,0.67403,0.67419,1.00,1.00
2016.06.07 15:02:32.241,0.674,0.67421,1.37,1.12
2016.06.07 15:02:32.393,0.674,0.67421,1.50,1.12
2016.06.07 15:02:32.798,0.67402,0.67421,1.00,1.12
2016.06.07 15:02:33.104,0.67399,0.67419,1.37,1.00
2016.06.07 15:02:33.929,0.67398,0.67419,1.87,1.37
2016.06.07 15:02:34.131,0.67398,0.67419,1.37,1.37
2016.06.07 15:02:34.879,0.67398,0.67419,1.37,1.00
2016.06.07 15:02:35.236,0.67398,0.67417,1.00,1.00
2016.06.07 15:02:35.509,0.67398,0.67419,1.37,1.12
2016.06.07 15:02:36.110,0.67398,0.67419,1.00,1.50
2016.06.07 15:02:36.650,0.67398,0.67419,1.00,1.50
2016.06.07 15:02:37.456,0.67398,0.67419,1.00,1.12
2016.06.07 15:02:37.825,0.67402,0.67422,1.00,1.12
2016.06.07 15:02:37.875,0.67402,0.67422,1.00,1.00
2016.06.07 15:02:38.365,0.67403,0.67424,1.00,1.12
2016.06.07 15:02:38.869,0.67404,0.67425,1.12,1.00
2016.06.07 15:02:39.037,0.67402,0.67422,1.37,1.00
2016.06.07 15:02:39.243,0.67402,0.67422,1.00,1.12
2016.06.07 15:02:39.294,0.674,0.6742,1.50,1.12
2016.06.07 15:02:39.621,0.67404,0.67422,1.00,1.87
2016.06.07 15:02:39.671,0.67401,0.67421,1.00,1.37
2016.06.07 15:02:39.823,0.67399,0.6742,1.00,1.37
2016.06.07 15:02:40.324,0.67399,0.67418,1.00,1.00
2016.06.07 15:02:42.804,0.67397,0.67417,1.12,1.00
2016.06.07 15:02:43.057,0.67396,0.67414,1.00,1.00
2016.06.07 15:02:43.108,0.67395,0.67416,1.00,1.12
2016.06.07 15:02:43.209,0.67398,0.67416,1.00,1.12
2016.06.07 15:02:44.515,0.67396,0.67417,1.00,1.50
2016.06.07 15:02:45.395,0.67397,0.67418,1.00,1.87
2016.06.07 15:02:45.550,0.674,0.67419,1.00,1.50
2016.06.07 15:02:45.601,0.67397,0.67418,1.12,1.00
2016.06.07 15:02:45.651,0.67401,0.67419,1.00,1.12
2016.06.07 15:02:46.535,0.67399,0.67419,1.00,1.12
2016.06.07 15:02:46.687,0.67397,0.67417,1.12,1.00
2016.06.07 15:02:47.435,0.67397,0.67417,1.00,1.37
2016.06.07 15:02:47.706,0.67395,0.67415,1.50,1.00
2016.06.07 15:02:47.857,0.67395,0.67413,1.00,1.00
2016.06.07 15:02:48.935,0.67395,0.67415,1.00,1.12
2016.06.07 15:02:49.463,0.67394,0.67415,1.00,1.50
2016.06.07 15:02:49.614,0.67395,0.67416,1.00,1.87
2016.06.07 15:02:50.342,0.67398,0.67417,1.00,1.37
2016.06.07 15:02:50.443,0.67398,0.67419,1.00,1.50
2016.06.07 15:02:51.073,0.67397,0.67418,1.00,1.12
2016.06.07 15:02:51.123,0.67397,0.67416,1.00,1.00
2016.06.07 15:02:51.419,0.67395,0.67416,1.00,1.50
2016.06.07 15:02:52.438,0.67395,0.67416,1.00,1.87
2016.06.07 15:02:52.942,0.67394,0.67415,1.00,1.50
2016.06.07 15:02:53.513,0.67395,0.67416,1.00,1.87
2016.06.07 15:02:54.028,0.67396,0.67414,1.00,1.00
2016.06.07 15:02:54.553,0.67396,0.67417,1.00,1.87
2016.06.07 15:02:54.654,0.67396,0.67417,1.00,1.50
2016.06.07 15:02:54.992,0.67399,0.67418,1.00,1.87
2016.06.07 15:02:55.818,0.67399,0.67417,1.00,1.87
2016.06.07 15:02:55.868,0.67397,0.67417,1.00,1.87
2016.06.07 15:02:57.077,0.67397,0.67417,1.00,1.87
2016.06.07 15:02:57.330,0.674,0.67418,1.00,1.12
2016.06.07 15:02:57.481,0.674,0.67421,1.00,1.50
2016.06.07 15:02:57.684,0.67399,0.67417,1.00,1.00
2016.06.07 15:02:58.298,0.67398,0.67418,1.00,1.12
2016.06.07 15:02:58.366,0.67398,0.67419,1.00,1.87
2016.06.07 15:02:59.147,0.67397,0.67417,1.00,1.00
2016.06.07 15:02:59.699,0.67398,0.67417,1.00,1.00
2016.06.07 15:02:59.901,0.67398,0.67419,1.37,1.00
2016.06.07 15:03:00.403,0.67399,0.6742,1.12,1.12
2016.06.07 15:03:01.225,0.67397,0.67419,1.37,1.12
2016.06.07 15:03:01.276,0.67397,0.67418,1.37,1.37
2016.06.07 15:03:01.377,0.67397,0.67417,1.00,1.00
2016.06.07 15:03:03.030,0.67396,0.67417,1.12,1.12
2016.06.07 15:03:03.081,0.67398,0.67419,1.00,1.50
2016.06.07 15:03:03.599,0.67398,0.67419,1.50,1.00
2016.06.07 15:03:06.133,0.67402,0.67421,1.37,1.00
2016.06.07 15:03:06.681,0.67404,0.67422,1.00,1.00
2016.06.07 15:03:07.288,0.67404,0.67422,1.37,1.00
2016.06.07 15:03:09.557,0.67403,0.67424,1.37,1.00
2016.06.07 15:03:09.885,0.67402,0.67422,1.50,1.00
2016.06.07 15:03:10.679,0.67401,0.67423,1.87,1.00
2016.06.07 15:03:11.168,0.67401,0.67422,1.12,1.00
2016.06.07 15:03:11.231,0.67396,0.67416,1.87,1.00
2016.06.07 15:03:11.433,0.67394,0.67414,1.87,1.00
2016.06.07 15:03:11.584,0.67396,0.67417,1.00,1.12
2016.06.07 15:03:11.735,0.67396,0.67417,1.37,1.00
2016.06.07 15:03:11.987,0.67398,0.67419,1.12,1.12
2016.06.07 15:03:12.239,0.67398,0.67419,1.37,1.00
2016.06.07 15:03:12.741,0.67399,0.67421,1.37,1.00
2016.06.07 15:03:13.492,0.67399,0.67421,1.00,1.37
2016.06.07 15:03:13.545,0.67398,0.67416,1.00,1.00
2016.06.07 15:03:15.173,0.67398,0.67417,1.00,1.00
2016.06.07 15:03:16.251,0.67398,0.67417,1.37,1.00
2016.06.07 15:03:16.557,0.67398,0.67417,1.50,1.00
2016.06.07 15:03:17.700,0.674,0.67418,1.00,1.00
2016.06.07 15:03:18.376,0.67399,0.67418,1.00,1.00
2016.06.07 15:03:19.680,0.67399,0.6742,1.00,1.50
2016.06.07 15:03:20.301,0.674,0.6742,1.00,1.00
2016.06.07 15:03:21.469,0.674,0.67421,1.37,1.00
2016.06.07 15:03:21.802,0.674,0.67419,1.37,1.00
2016.06.07 15:03:24.899,0.67401,0.67421,1.12,1.12
2016.06.07 15:03:25.513,0.674,0.6742,1.37,1.00
2016.06.07 15:03:26.227,0.67398,0.67419,1.37,1.00
2016.06.07 15:03:26.328,0.67398,0.67419,1.12,1.00
2016.06.07 15:03:29.507,0.67398,0.67419,1.00,1.50
2016.06.07 15:03:30.301,0.67399,0.67421,1.00,1.50
2016.06.07 15:03:30.474,0.67402,0.67421,1.00,1.37
2016.06.07 15:03:31.478,0.67402,0.67421,1.00,1.50
2016.06.07 15:03:33.295,0.67403,0.67423,1.00,1.00
2016.06.07 15:03:33.927,0.67403,0.67424,1.00,1.12
2016.06.07 15:03:34.429,0.67404,0.67425,1.00,1.37
2016.06.07 15:03:34.698,0.67404,0.67425,1.37,1.00
2016.06.07 15:03:41.197,0.67405,0.67426,1.00,1.50
2016.06.07 15:03:43.127,0.67405,0.67426,1.37,1.00
2016.06.07 15:03:44.535,0.67406,0.67428,1.37,1.37
2016.06.07 15:03:48.085,0.67409,0.67429,1.00,1.75
2016.06.07 15:03:48.593,0.67409,0.67428,1.12,1.00
2016.06.07 15:03:50.055,0.6741,0.6743,1.00,1.00
2016.06.07 15:03:50.207,0.6741,0.67428,1.00,1.00
2016.06.07 15:03:50.738,0.67408,0.67428,1.00,1.12
2016.06.07 15:03:51.435,0.67407,0.67426,1.00,1.00
2016.06.07 15:03:52.010,0.67405,0.67426,1.12,1.00
2016.06.07 15:03:52.162,0.67405,0.67426,1.00,1.87
2016.06.07 15:03:52.364,0.67405,0.67426,1.37,1.00
2016.06.07 15:03:52.888,0.67406,0.67427,1.12,1.12
2016.06.07 15:03:53.040,0.67406,0.67427,1.37,1.00
2016.06.07 15:03:53.141,0.67408,0.67429,1.12,1.12
2016.06.07 15:03:53.242,0.6741,0.67431,1.00,2.25
2016.06.07 15:03:53.745,0.6741,0.67431,1.50,1.12
2016.06.07 15:03:54.061,0.6741,0.67428,1.00,1.00
2016.06.07 15:03:54.268,0.67408,0.67429,1.12,1.00
2016.06.07 15:03:54.806,0.67406,0.67428,1.87,1.00
2016.06.07 15:03:56.116,0.67408,0.67429,1.12,1.00
2016.06.07 15:03:56.923,0.67407,0.67428,1.37,1.00
2016.06.07 15:03:57.828,0.67408,0.67428,1.00,1.37
2016.06.07 15:03:59.086,0.67408,0.67426,1.00,1.00
2016.06.07 15:03:59.238,0.67403,0.67423,1.37,1.00
2016.06.07 15:03:59.289,0.67403,0.67422,1.12,1.00
2016.06.07 15:03:59.390,0.67401,0.67423,1.00,1.87
2016.06.07 15:03:59.545,0.674,0.67419,1.12,1.00
2016.06.07 15:04:00.047,0.67399,0.6742,1.00,1.12
2016.06.07 15:04:00.733,0.67399,0.67421,1.00,1.87
2016.06.07 15:04:01.051,0.67401,0.6742,1.00,1.50
2016.06.07 15:04:01.529,0.67398,0.67419,1.12,1.12
2016.06.07 15:04:02.995,0.67398,0.67416,1.12,1.00
2016.06.07 15:04:03.523,0.67395,0.67417,1.87,1.00
2016.06.07 15:04:04.050,0.67398,0.67418,1.12,1.00
2016.06.07 15:04:05.923,0.67398,0.67419,1.12,1.12
2016.06.07 15:04:12.203,0.67397,0.67416,1.37,1.00
2016.06.07 15:04:12.738,0.67399,0.67417,1.00,1.00
2016.06.07 15:04:12.789,0.67398,0.67419,1.12,1.50
2016.06.07 15:04:13.058,0.67397,0.67417,1.37,1.00
2016.06.07 15:04:13.449,0.674,0.67417,1.00,1.00
2016.06.07 15:04:13.549,0.67397,0.67417,1.37,1.00
2016.06.07 15:04:14.047,0.67398,0.67419,1.12,1.12
2016.06.07 15:04:15.163,0.67398,0.67419,1.37,1.00
2016.06.07 15:04:15.214,0.674,0.67421,1.00,1.00
2016.06.07 15:04:16.392,0.67398,0.67419,1.37,1.00
2016.06.07 15:04:20.150,0.67398,0.67417,1.00,1.00
2016.06.07 15:04:20.759,0.67398,0.67418,1.00,1.12
2016.06.07 15:04:21.213,0.67395,0.67416,2.25,1.00
2016.06.07 15:04:23.817,0.67396,0.67418,1.37,1.12
2016.06.07 15:04:25.992,0.67399,0.67418,1.00,1.12
2016.06.07 15:04:26.329,0.67397,0.67418,1.12,1.12
2016.06.07 15:04:27.333,0.67398,0.67418,1.00,1.12
2016.06.07 15:04:27.736,0.67398,0.67418,2.62,1.12
2016.06.07 15:04:27.793,0.67401,0.67423,1.12,1.12
2016.06.07 15:04:28.344,0.67402,0.67423,1.00,1.12
2016.06.07 15:04:29.683,0.67404,0.67424,1.00,1.37
2016.06.07 15:04:30.203,0.67404,0.67424,3.37,1.00
2016.06.07 15:04:32.651,0.67406,0.67424,1.00,1.00
2016.06.07 15:04:34.076,0.67406,0.67426,1.00,1.12
2016.06.07 15:04:34.875,0.67405,0.67425,1.50,1.00
2016.06.07 15:04:35.386,0.67405,0.67426,1.00,1.12
2016.06.07 15:04:36.225,0.67404,0.67424,1.12,1.00
2016.06.07 15:04:36.766,0.67404,0.67423,1.00,1.00
2016.06.07 15:04:37.405,0.67406,0.67424,1.00,1.12
2016.06.07 15:04:38.077,0.67405,0.67426,1.50,1.00
2016.06.07 15:04:38.406,0.67405,0.67424,1.00,1.00
2016.06.07 15:04:38.895,0.67403,0.67424,1.00,1.12
2016.06.07 15:04:43.739,0.67404,0.67424,1.00,1.12
2016.06.07 15:04:44.433,0.67403,0.67424,1.00,1.50
2016.06.07 15:04:44.684,0.67403,0.67422,1.00,1.00
2016.06.07 15:04:47.571,0.67403,0.67422,1.00,1.37
2016.06.07 15:04:47.621,0.67401,0.6742,1.00,1.00
2016.06.07 15:04:47.796,0.67398,0.6742,1.87,1.00
2016.06.07 15:04:47.897,0.67397,0.67419,1.00,1.37
2016.06.07 15:04:48.210,0.67396,0.67415,1.50,1.12
2016.06.07 15:04:48.730,0.67397,0.67415,1.00,1.12
2016.06.07 15:04:49.028,0.67397,0.67417,1.50,1.00
2016.06.07 15:04:49.887,0.67398,0.67417,1.00,1.00
2016.06.07 15:04:51.516,0.674,0.67419,1.00,1.37
2016.06.07 15:04:51.567,0.67397,0.67419,1.87,1.37
2016.06.07 15:04:51.617,0.67401,0.6742,1.00,1.00
2016.06.07 15:04:51.819,0.67401,0.67423,1.87,1.00
2016.06.07 15:04:52.022,0.67403,0.67425,1.12,1.00
2016.06.07 15:04:52.486,0.67406,0.67424,1.00,1.00
2016.06.07 15:04:55.255,0.67406,0.67425,1.00,1.00
2016.06.07 15:04:55.791,0.67406,0.67426,1.00,1.12
2016.06.07 15:04:56.558,0.67406,0.67427,1.37,1.00
2016.06.07 15:04:56.953,0.67407,0.67425,1.12,1.00
2016.06.07 15:04:57.542,0.67406,0.67424,1.00,1.00
2016.06.07 15:04:58.464,0.67406,0.67426,1.00,1.12
2016.06.07 15:04:59.272,0.67405,0.67426,1.50,1.12
2016.06.07 15:05:04.363,0.67406,0.67424,1.00,1.00
2016.06.07 15:05:06.179,0.67403,0.67425,1.12,1.00
2016.06.07 15:05:06.696,0.67403,0.67424,1.12,1.00
2016.06.07 15:05:12.315,0.67404,0.67424,1.00,1.00
2016.06.07 15:05:13.200,0.67404,0.67425,1.12,1.00
2016.06.07 15:05:13.604,0.67406,0.67426,1.00,1.12
2016.06.07 15:05:14.150,0.67405,0.67425,1.00,1.00
2016.06.07 15:05:15.741,0.67404,0.67426,1.12,1.12
2016.06.07 15:05:19.640,0.67404,0.67423,1.12,1.00
2016.06.07 15:05:20.059,0.67405,0.67425,1.00,1.00
2016.06.07 15:05:21.019,0.67404,0.67425,1.12,1.00
2016.06.07 15:05:21.744,0.67404,0.67424,1.12,1.00
2016.06.07 15:05:22.007,0.67407,0.67428,1.00,1.50
2016.06.07 15:05:22.108,0.67408,0.67428,1.00,1.00
2016.06.07 15:05:22.310,0.67409,0.6743,1.00,1.12
2016.06.07 15:05:23.232,0.67407,0.67428,1.12,1.00
2016.06.07 15:05:23.847,0.67408,0.67427,1.00,1.00
2016.06.07 15:05:24.391,0.67405,0.67427,1.37,1.00
2016.06.07 15:05:29.111,0.67405,0.67427,1.12,1.12
2016.06.07 15:05:29.825,0.67406,0.67427,1.00,1.12
2016.06.07 15:05:30.209,0.67405,0.67425,1.12,1.00
2016.06.07 15:05:30.871,0.67406,0.67425,1.00,1.00
2016.06.07 15:05:34.067,0.67405,0.67424,1.12,1.00
2016.06.07 15:05:34.803,0.67404,0.67423,1.00,1.00
2016.06.07 15:05:35.107,0.67402,0.67424,1.12,1.12
2016.06.07 15:05:35.208,0.67405,0.67423,1.00,1.00
2016.06.07 15:05:35.410,0.67402,0.67423,1.12,1.00
2016.06.07 15:05:36.439,0.67402,0.67422,1.12,1.00
2016.06.07 15:05:36.842,0.674,0.67421,1.00,1.12
2016.06.07 15:05:39.847,0.674,0.6742,1.50,1.00
2016.06.07 15:05:40.770,0.67398,0.6742,1.37,1.00
2016.06.07 15:05:41.434,0.67399,0.6742,1.12,1.37
2016.06.07 15:05:41.924,0.67401,0.67421,1.37,1.00
2016.06.07 15:05:50.411,0.674,0.67421,1.50,1.12
2016.06.07 15:05:53.699,0.674,0.67421,1.37,1.00
2016.06.07 15:06:01.798,0.67402,0.6742,1.00,1.00
2016.06.07 15:06:03.677,0.67403,0.67422,1.00,1.00
2016.06.07 15:06:04.785,0.67401,0.67423,1.12,1.12
2016.06.07 15:06:04.999,0.674,0.67421,1.37,1.00
2016.06.07 15:06:06.181,0.67402,0.67422,1.00,1.00
2016.06.07 15:06:13.747,0.67402,0.67422,1.87,1.00
2016.06.07 15:06:14.092,0.67403,0.67424,1.12,1.00
2016.06.07 15:06:14.143,0.67405,0.67425,1.00,1.00
2016.06.07 15:06:14.660,0.67406,0.67425,1.00,1.00
2016.06.07 15:06:15.726,0.67405,0.67424,1.37,1.00
2016.06.07 15:06:15.827,0.67406,0.67427,1.12,1.00
2016.06.07 15:06:15.878,0.67407,0.67425,1.00,1.00
2016.06.07 15:06:16.442,0.67407,0.67426,1.00,1.00
2016.06.07 15:06:16.749,0.67409,0.67427,1.00,1.00
2016.06.07 15:06:16.850,0.67405,0.67425,1.37,1.00
2016.06.07 15:06:16.901,0.67405,0.67423,1.87,1.00
2016.06.07 15:06:17.368,0.67403,0.67423,1.00,1.37
2016.06.07 15:06:17.887,0.67402,0.6742,1.00,1.00
2016.06.07 15:06:18.591,0.67403,0.67422,1.00,1.12
2016.06.07 15:06:18.742,0.67405,0.67424,1.00,1.37
2016.06.07 15:06:18.793,0.67405,0.67426,1.12,1.00
2016.06.07 15:06:18.945,0.67407,0.67425,1.00,1.00
2016.06.07 15:06:18.996,0.67408,0.67427,1.00,1.00
2016.06.07 15:06:21.532,0.67407,0.67427,1.00,1.12
2016.06.07 15:06:21.633,0.67405,0.67424,1.37,1.00
2016.06.07 15:06:21.734,0.67404,0.67423,1.00,1.00
2016.06.07 15:06:21.885,0.67404,0.67423,1.00,1.37
2016.06.07 15:06:22.967,0.67402,0.67422,1.00,1.37
2016.06.07 15:06:23.405,0.67402,0.67422,1.37,1.00
2016.06.07 15:06:23.557,0.67403,0.67424,1.12,1.12
2016.06.07 15:06:25.680,0.67405,0.67423,1.00,1.00
2016.06.07 15:06:25.782,0.67405,0.67425,1.12,1.00
2016.06.07 15:06:25.984,0.67408,0.67427,1.00,1.00
2016.06.07 15:06:26.372,0.67408,0.6743,1.37,1.37
2016.06.07 15:06:26.883,0.67409,0.6743,1.87,1.00
2016.06.07 15:06:27.306,0.67412,0.6743,1.37,1.00
2016.06.07 15:06:29.227,0.6741,0.67431,1.87,1.00
2016.06.07 15:06:34.558,0.67405,0.67424,1.37,1.00
2016.06.07 15:06:34.609,0.67403,0.67424,1.12,1.12
2016.06.07 15:06:35.399,0.67405,0.67426,1.00,1.50
2016.06.07 15:06:35.670,0.67407,0.67428,1.12,1.12
2016.06.07 15:06:36.322,0.67408,0.6743,1.37,1.12
2016.06.07 15:06:39.272,0.67411,0.67431,1.00,1.12
2016.06.07 15:06:39.950,0.67411,0.67431,1.37,1.00
2016.06.07 15:06:40.493,0.67412,0.67432,1.12,1.00
2016.06.07 15:06:47.098,0.6741,0.67433,1.87,1.00
2016.06.07 15:06:47.737,0.6741,0.67432,1.87,1.00
2016.06.07 15:06:54.194,0.67411,0.6743,1.37,1.00
2016.06.07 15:06:54.895,0.67411,0.6743,1.00,1.00
2016.06.07 15:06:55.223,0.6741,0.67432,1.12,1.00
2016.06.07 15:06:56.584,0.67411,0.67432,1.37,1.00
2016.06.07 15:06:57.002,0.6741,0.67427,1.37,1.00
2016.06.07 15:06:57.446,0.6741,0.67428,1.00,1.00
2016.06.07 15:06:57.551,0.67407,0.67428,1.12,1.00
2016.06.07 15:06:59.881,0.67407,0.67427,1.12,1.00
2016.06.07 15:07:00.201,0.67408,0.67427,1.37,1.00
2016.06.07 15:07:00.847,0.67409,0.67428,1.37,1.00
2016.06.07 15:07:01.315,0.67409,0.67431,1.37,1.00
2016.06.07 15:07:01.951,0.6741,0.67429,1.12,1.00
2016.06.07 15:07:02.052,0.67409,0.67431,1.37,1.12
2016.06.07 15:07:04.867,0.67409,0.6743,1.37,1.00
2016.06.07 15:07:07.206,0.67408,0.67429,1.87,1.00
2016.06.07 15:07:07.502,0.67408,0.67429,1.50,1.75
2016.06.07 15:07:07.800,0.67405,0.67426,1.37,1.00
2016.06.07 15:07:08.479,0.67405,0.67426,1.00,1.37
2016.06.07 15:07:09.132,0.67407,0.67428,1.00,1.87
2016.06.07 15:07:09.233,0.67409,0.67428,1.00,1.00
2016.06.07 15:07:09.283,0.67411,0.6743,1.00,1.50
2016.06.07 15:07:09.435,0.67412,0.67432,1.37,1.00
2016.06.07 15:07:10.083,0.67412,0.67433,1.37,1.00
2016.06.07 15:07:10.884,0.67411,0.67432,1.37,1.00
2016.06.07 15:07:10.941,0.67411,0.67432,1.12,1.12
2016.06.07 15:07:11.260,0.67413,0.67432,1.00,1.12
2016.06.07 15:07:11.589,0.67411,0.67432,1.12,1.12
2016.06.07 15:07:12.172,0.67409,0.67429,1.00,1.87
2016.06.07 15:07:14.174,0.67409,0.67429,1.37,1.00
2016.06.07 15:07:14.700,0.6741,0.67431,1.12,1.37
2016.06.07 15:07:15.192,0.67415,0.67433,1.00,1.37
2016.06.07 15:07:15.243,0.67413,0.67434,1.37,1.12
2016.06.07 15:07:15.789,0.67413,0.67433,1.37,1.00
2016.06.07 15:07:16.185,0.6741,0.6743,1.37,1.00
2016.06.07 15:07:16.387,0.6741,0.67431,1.00,1.50
2016.06.07 15:07:16.589,0.67409,0.67429,1.12,1.00
2016.06.07 15:07:17.105,0.6741,0.6743,1.50,1.00
2016.06.07 15:07:17.623,0.6741,0.67431,1.50,1.00
2016.06.07 15:07:18.562,0.6741,0.67431,1.87,1.00
2016.06.07 15:07:20.291,0.6741,0.67431,1.50,1.00
2016.06.07 15:07:20.500,0.67412,0.67433,1.00,1.37
2016.06.07 15:07:20.820,0.67415,0.67433,1.00,1.00
2016.06.07 15:07:21.658,0.67413,0.67434,1.37,1.00
2016.06.07 15:07:22.789,0.67415,0.67435,1.00,1.12
2016.06.07 15:07:23.297,0.67415,0.67437,1.37,1.00
2016.06.07 15:07:23.864,0.67414,0.67435,1.37,1.00
2016.06.07 15:07:24.947,0.67413,0.67434,1.37,1.00
2016.06.07 15:07:24.998,0.67412,0.67434,1.12,1.00
2016.06.07 15:07:25.365,0.67411,0.67432,1.50,1.00
2016.06.07 15:07:31.452,0.6741,0.67431,1.37,1.00
2016.06.07 15:07:31.755,0.6741,0.67429,1.00,1.00
2016.06.07 15:07:31.916,0.67408,0.67428,1.12,1.00
2016.06.07 15:07:32.506,0.6741,0.67429,1.00,1.00
2016.06.07 15:07:33.018,0.6741,0.67429,1.37,1.00
2016.06.07 15:07:33.615,0.6741,0.67431,1.37,1.00
2016.06.07 15:07:40.368,0.67411,0.67431,1.37,1.00
2016.06.07 15:07:41.891,0.67411,0.67429,1.37,1.00
2016.06.07 15:07:42.192,0.6741,0.67431,1.37,1.00
2016.06.07 15:07:42.652,0.67411,0.67431,1.00,1.00
2016.06.07 15:07:43.057,0.67409,0.67428,1.37,1.00
2016.06.07 15:07:43.259,0.67407,0.67428,1.00,1.50
2016.06.07 15:07:43.797,0.67406,0.67428,1.00,1.12
2016.06.07 15:07:44.098,0.67405,0.67426,1.12,1.00
2016.06.07 15:07:44.696,0.67406,0.67428,1.00,1.12
2016.06.07 15:07:44.899,0.67405,0.67426,1.12,1.00
2016.06.07 15:07:48.250,0.67407,0.67428,1.00,1.12
2016.06.07 15:07:48.573,0.67406,0.67426,1.00,1.00
2016.06.07 15:07:49.250,0.67407,0.67428,1.00,1.12
2016.06.07 15:07:49.767,0.67409,0.67428,1.00,1.00
2016.06.07 15:07:50.448,0.67409,0.67426,1.00,1.00
2016.06.07 15:07:51.030,0.67408,0.67426,1.12,1.00
2016.06.07 15:07:51.659,0.6741,0.67426,1.00,1.00
2016.06.07 15:07:53.197,0.6741,0.67427,1.00,1.00
2016.06.07 15:07:53.248,0.67411,0.6743,1.00,1.12
2016.06.07 15:07:53.399,0.67413,0.67432,1.00,1.37
2016.06.07 15:07:53.450,0.67413,0.67433,1.87,1.00
2016.06.07 15:07:53.672,0.67414,0.67435,1.37,1.00
2016.06.07 15:07:53.723,0.67412,0.67431,1.87,1.00
2016.06.07 15:07:54.156,0.67411,0.6743,1.00,1.12
2016.06.07 15:07:54.690,0.6741,0.67429,1.00,1.00
2016.06.07 15:07:55.191,0.6741,0.67431,1.37,1.00
2016.06.07 15:07:55.581,0.67409,0.67429,1.37,1.00
2016.06.07 15:07:55.682,0.67409,0.67429,1.00,1.00
2016.06.07 15:07:56.191,0.67409,0.67428,1.00,1.00
2016.06.07 15:07:56.345,0.67409,0.6743,1.00,1.12
2016.06.07 15:07:56.875,0.6741,0.6743,1.00,1.12
2016.06.07 15:07:57.539,0.6741,0.67431,1.12,1.00
2016.06.07 15:07:58.872,0.67413,0.67434,1.00,1.37
2016.06.07 15:07:59.276,0.67411,0.67432,1.00,1.00
2016.06.07 15:07:59.816,0.67411,0.67433,1.00,1.12
2016.06.07 15:08:05.785,0.67422,0.67437,1.00,1.37
2016.06.07 15:08:05.886,0.67422,0.67441,1.00,1.37
2016.06.07 15:08:05.987,0.67423,0.67442,1.12,1.00
2016.06.07 15:08:07.141,0.67423,0.67444,1.12,1.37
2016.06.07 15:08:07.618,0.67421,0.67442,1.00,1.37
2016.06.07 15:08:08.693,0.67422,0.67442,1.00,1.37
2016.06.07 15:08:09.352,0.67421,0.67442,1.00,1.37
2016.06.07 15:08:11.094,0.67423,0.67442,1.00,1.37
2016.06.07 15:08:11.710,0.67423,0.67442,1.00,1.00
2016.06.07 15:08:15.156,0.67423,0.67441,1.00,1.00
2016.06.07 15:08:17.109,0.67422,0.67442,1.12,1.00
2016.06.07 15:08:17.463,0.6742,0.67439,1.00,1.00
2016.06.07 15:08:18.153,0.67421,0.67442,1.00,1.37
2016.06.07 15:08:21.071,0.67422,0.67441,1.00,1.12
2016.06.07 15:08:22.275,0.67421,0.67439,1.00,1.00
2016.06.07 15:08:22.553,0.67421,0.67442,1.00,1.50
2016.06.07 15:08:22.755,0.67424,0.67443,1.00,1.00
2016.06.07 15:08:24.384,0.67425,0.67443,1.00,1.00
2016.06.07 15:08:24.535,0.67425,0.67446,1.00,1.00
2016.06.07 15:08:24.636,0.6743,0.6745,1.00,1.87
2016.06.07 15:08:24.919,0.67433,0.67452,1.37,1.00
2016.06.07 15:08:27.920,0.6743,0.67451,1.37,1.00
2016.06.07 15:08:27.971,0.6743,0.67451,1.00,1.12
2016.06.07 15:08:28.477,0.6743,0.6745,1.00,1.00
2016.06.07 15:08:29.265,0.67429,0.6745,1.87,1.00
2016.06.07 15:08:30.504,0.6743,0.6745,1.00,1.00
2016.06.07 15:08:31.473,0.67432,0.6745,1.00,1.00
2016.06.07 15:08:31.776,0.67433,0.67452,1.00,1.00
2016.06.07 15:08:33.199,0.67432,0.67451,1.00,1.00
2016.06.07 15:08:33.837,0.6743,0.67449,1.00,1.00
2016.06.07 15:08:34.261,0.67428,0.67449,1.12,1.00
2016.06.07 15:08:35.065,0.67428,0.67449,1.00,1.37
2016.06.07 15:08:41.785,0.67429,0.67449,1.00,1.37
2016.06.07 15:08:42.414,0.6743,0.67449,1.00,1.37
2016.06.07 15:08:42.998,0.67429,0.67449,1.00,1.37
2016.06.07 15:08:43.049,0.6743,0.6745,1.00,1.00
2016.06.07 15:08:44.765,0.6743,0.67448,1.00,1.00
2016.06.07 15:08:45.301,0.6743,0.67449,1.12,1.00
2016.06.07 15:08:45.503,0.67436,0.67457,1.12,1.12
2016.06.07 15:08:45.554,0.67439,0.6746,1.00,1.37
2016.06.07 15:08:45.605,0.67439,0.67461,1.12,1.12
2016.06.07 15:08:47.010,0.67441,0.67463,1.00,1.37
2016.06.07 15:08:47.608,0.6744,0.67462,1.00,1.12
2016.06.07 15:08:48.011,0.67436,0.6746,1.00,2.62
2016.06.07 15:08:49.233,0.67436,0.6746,1.37,1.12
2016.06.07 15:08:50.938,0.67436,0.67459,1.37,1.50
2016.06.07 15:08:51.039,0.67436,0.6746,1.00,2.62
2016.06.07 15:08:53.022,0.67434,0.67458,1.12,1.87
2016.06.07 15:08:53.544,0.67434,0.67458,1.12,1.87
2016.06.07 15:08:56.808,0.67436,0.67457,1.00,1.12
2016.06.07 15:08:59.289,0.67436,0.67454,1.00,1.00
2016.06.07 15:08:59.390,0.67433,0.67454,1.37,1.00
2016.06.07 15:08:59.900,0.67436,0.67454,1.00,1.00
2016.06.07 15:09:00.218,0.67431,0.6745,1.37,1.00
2016.06.07 15:09:00.268,0.67431,0.6745,1.00,1.00
2016.06.07 15:09:00.369,0.67428,0.67449,1.37,1.00
2016.06.07 15:09:00.590,0.67428,0.67449,1.00,1.37
2016.06.07 15:09:01.127,0.67427,0.67448,1.00,1.37
2016.06.07 15:09:02.788,0.67429,0.67447,1.00,1.12
2016.06.07 15:09:03.365,0.67428,0.67448,1.00,1.37
2016.06.07 15:09:06.629,0.67427,0.67448,1.00,1.37
2016.06.07 15:09:08.154,0.67425,0.67444,1.37,1.00
2016.06.07 15:09:08.607,0.67428,0.67446,1.00,1.37
2016.06.07 15:09:08.759,0.67426,0.67447,1.00,1.37
2016.06.07 15:09:09.665,0.67425,0.67445,1.00,1.12
2016.06.07 15:09:10.118,0.67426,0.67443,1.00,1.00
2016.06.07 15:09:10.457,0.67424,0.67445,1.00,1.12
2016.06.07 15:09:10.727,0.67423,0.67443,1.12,1.00
2016.06.07 15:09:11.257,0.67423,0.67442,1.12,1.00
2016.06.07 15:09:11.639,0.67424,0.67444,1.00,1.00
2016.06.07 15:09:12.161,0.67424,0.67445,1.00,1.12
2016.06.07 15:09:13.079,0.67423,0.67443,1.12,1.00
2016.06.07 15:09:13.605,0.67423,0.67442,1.12,1.00
2016.06.07 15:09:14.790,0.67424,0.67445,1.00,1.12
2016.06.07 15:09:15.864,0.67426,0.67447,1.00,1.87
2016.06.07 15:09:15.915,0.67426,0.67447,1.12,2.25
2016.06.07 15:09:16.067,0.67428,0.67447,1.00,1.00
2016.06.07 15:09:16.615,0.67428,0.67446,1.00,1.00
2016.06.07 15:09:17.320,0.67428,0.67448,1.00,1.12
2016.06.07 15:09:19.818,0.67429,0.67449,1.00,1.00
2016.06.07 15:09:20.327,0.6743,0.6745,1.00,1.00
2016.06.07 15:09:21.996,0.67432,0.67451,1.00,1.00
2016.06.07 15:09:22.514,0.67433,0.67457,1.37,1.37
2016.06.07 15:09:23.923,0.6743,0.67454,1.37,1.50
2016.06.07 15:09:24.125,0.67429,0.67452,1.12,1.37
2016.06.07 15:09:25.893,0.67431,0.67454,1.00,2.62
2016.06.07 15:09:25.944,0.67429,0.67453,1.12,1.37
2016.06.07 15:09:27.004,0.67429,0.6745,1.12,1.00
2016.06.07 15:09:27.105,0.67427,0.67447,1.37,1.00
2016.06.07 15:09:27.206,0.67425,0.6745,1.50,1.00
2016.06.07 15:09:27.307,0.67426,0.6745,1.00,1.37
2016.06.07 15:09:27.358,0.67429,0.6745,1.00,1.37
2016.06.07 15:09:27.559,0.67426,0.6745,1.00,1.37
2016.06.07 15:09:27.938,0.67427,0.6745,1.50,1.00
2016.06.07 15:09:28.193,0.67426,0.67449,1.00,1.37
2016.06.07 15:09:28.294,0.67428,0.67451,1.37,1.87
2016.06.07 15:09:28.345,0.67429,0.67451,1.12,1.50
2016.06.07 15:09:29.015,0.67429,0.67454,1.00,1.87
2016.06.07 15:09:31.775,0.6743,0.67454,1.00,1.50
2016.06.07 15:09:31.848,0.6743,0.67454,1.37,1.50
2016.06.07 15:09:32.374,0.67432,0.67453,1.00,1.37
2016.06.07 15:09:32.526,0.67434,0.67453,1.12,1.00
2016.06.07 15:09:34.516,0.67431,0.67451,1.87,1.00
2016.06.07 15:09:34.668,0.67433,0.67453,1.00,1.12
2016.06.07 15:09:35.207,0.67432,0.67453,1.00,1.12
2016.06.07 15:09:35.258,0.67433,0.67451,1.00,1.00
2016.06.07 15:09:35.309,0.67432,0.67453,1.00,1.12
2016.06.07 15:09:35.652,0.67433,0.67454,1.37,1.00
2016.06.07 15:09:36.158,0.67434,0.67454,1.00,1.12
2016.06.07 15:09:37.352,0.67436,0.67454,1.00,1.12
2016.06.07 15:09:37.944,0.67435,0.67454,1.87,1.00
2016.06.07 15:09:38.016,0.67437,0.67458,1.00,1.12
2016.06.07 15:09:38.796,0.67436,0.67457,1.00,1.00
2016.06.07 15:09:38.847,0.67436,0.67455,1.00,1.00
2016.06.07 15:09:39.179,0.67433,0.67452,1.87,1.00
2016.06.07 15:09:39.685,0.67432,0.67451,1.00,1.00
2016.06.07 15:09:40.801,0.6743,0.67451,1.00,1.00
2016.06.07 15:09:40.852,0.67432,0.67452,1.00,1.12
2016.06.07 15:09:41.188,0.67431,0.6745,1.00,1.00
2016.06.07 15:09:43.236,0.6743,0.67451,1.00,1.00
2016.06.07 15:09:43.644,0.67429,0.67449,1.12,1.00
2016.06.07 15:09:43.947,0.67424,0.67443,1.00,1.37
2016.06.07 15:09:44.301,0.6742,0.67439,1.12,1.12
2016.06.07 15:09:44.816,0.67419,0.67438,1.50,1.00
2016.06.07 15:09:44.916,0.67418,0.67438,1.00,1.00
2016.06.07 15:09:45.068,0.6742,0.67438,1.00,1.37
2016.06.07 15:09:45.776,0.67421,0.67438,1.00,1.37
2016.06.07 15:09:46.418,0.6742,0.67438,1.00,1.37
2016.06.07 15:09:47.158,0.6742,0.6744,2.25,1.00
2016.06.07 15:09:47.209,0.67426,0.67444,1.00,1.87
2016.06.07 15:09:47.800,0.67426,0.67444,1.00,1.00
2016.06.07 15:09:48.376,0.67426,0.67445,1.00,1.12
2016.06.07 15:09:48.766,0.67424,0.67439,1.00,1.87
2016.06.07 15:09:48.816,0.67416,0.67435,1.00,1.00
2016.06.07 15:09:49.399,0.67415,0.67435,1.00,1.00
2016.06.07 15:09:49.916,0.67415,0.67436,1.00,1.12
2016.06.07 15:09:52.650,0.67415,0.67434,1.00,1.00
2016.06.07 15:09:54.480,0.67414,0.67431,1.00,1.00
2016.06.07 15:09:54.682,0.67405,0.67425,1.12,1.12
2016.06.07 15:09:54.833,0.67405,0.67423,1.12,1.00
2016.06.07 15:09:55.335,0.67404,0.6742,1.37,1.00
2016.06.07 15:09:55.386,0.67402,0.67423,1.12,1.12
2016.06.07 15:09:55.437,0.67406,0.67425,1.00,2.25
2016.06.07 15:09:55.488,0.67406,0.67425,1.00,1.00
2016.06.07 15:09:55.689,0.67406,0.67424,1.00,1.37
2016.06.07 15:09:55.740,0.67404,0.67423,1.00,1.12
2016.06.07 15:09:56.325,0.67405,0.6742,1.00,1.00
2016.06.07 15:09:57.235,0.67405,0.67421,1.00,1.00
2016.06.07 15:09:57.336,0.674,0.6742,1.87,1.00
2016.06.07 15:09:57.895,0.674,0.67421,1.87,1.00
2016.06.07 15:09:58.742,0.67404,0.67421,1.00,1.00
2016.06.07 15:09:59.082,0.674,0.67421,1.87,1.00
2016.06.07 15:09:59.476,0.67402,0.67423,1.00,1.12
2016.06.07 15:09:59.778,0.67408,0.67429,1.12,1.37
2016.06.07 15:10:00.194,0.67406,0.67427,1.00,1.12
2016.06.07 15:10:00.670,0.67405,0.67425,1.00,1.00
2016.06.07 15:10:01.649,0.67406,0.67424,1.00,1.00
2016.06.07 15:10:02.353,0.67404,0.67424,1.12,1.00
2016.06.07 15:10:02.404,0.67404,0.67422,1.12,1.00
2016.06.07 15:10:02.455,0.67404,0.67424,1.12,1.00
2016.06.07 15:10:02.966,0.67404,0.67424,1.00,1.37
2016.06.07 15:10:04.121,0.67402,0.67423,1.00,1.12
2016.06.07 15:10:04.279,0.674,0.67421,1.12,1.00
2016.06.07 15:10:04.817,0.67401,0.67421,1.00,1.00
2016.06.07 15:10:06.224,0.67405,0.67421,1.00,1.00
2016.06.07 15:10:07.232,0.67405,0.67422,1.00,1.00
2016.06.07 15:10:07.792,0.67404,0.67422,1.00,1.00
2016.06.07 15:10:09.429,0.67404,0.67421,1.00,1.00
2016.06.07 15:10:09.530,0.67402,0.67421,1.00,1.00
2016.06.07 15:10:10.076,0.67404,0.67421,1.00,1.00
2016.06.07 15:10:10.311,0.67402,0.67422,1.00,1.00
2016.06.07 15:10:10.463,0.67404,0.67422,1.00,1.00
2016.06.07 15:10:10.681,0.67401,0.67421,1.00,1.00
2016.06.07 15:10:10.732,0.67405,0.67421,1.00,1.00
2016.06.07 15:10:11.369,0.67405,0.67422,1.00,1.00
2016.06.07 15:10:11.967,0.67405,0.67421,1.00,1.00
2016.06.07 15:10:14.139,0.67403,0.67421,1.00,1.00
2016.06.07 15:10:14.765,0.67404,0.67421,1.00,1.00
2016.06.07 15:10:15.768,0.67406,0.67424,1.00,1.37
2016.06.07 15:10:15.819,0.67404,0.67422,1.50,1.00
2016.06.07 15:10:15.920,0.67402,0.67421,1.00,1.00
2016.06.07 15:10:17.056,0.67404,0.67422,1.00,1.00
2016.06.07 15:10:17.649,0.67404,0.67424,1.00,1.12
2016.06.07 15:10:18.595,0.67405,0.67425,1.00,1.37
2016.06.07 15:10:18.970,0.67402,0.67423,1.12,1.00
2016.06.07 15:10:20.453,0.674,0.67421,1.75,1.00
2016.06.07 15:10:20.504,0.674,0.6742,1.12,1.12
2016.06.07 15:10:20.605,0.67396,0.67416,1.87,1.00
2016.06.07 15:10:20.707,0.67396,0.67416,1.37,1.00
2016.06.07 15:10:20.758,0.67396,0.67413,1.37,1.00
2016.06.07 15:10:21.096,0.67394,0.67413,1.00,1.00
2016.06.07 15:10:21.753,0.67393,0.67411,1.00,1.00
2016.06.07 15:10:22.005,0.67391,0.67412,1.12,1.87
2016.06.07 15:10:22.106,0.67393,0.67412,1.00,1.87
2016.06.07 15:10:22.762,0.67392,0.67412,1.00,1.12
2016.06.07 15:10:24.202,0.67394,0.67412,1.00,1.12
2016.06.07 15:10:24.726,0.67394,0.67413,1.00,1.00
2016.06.07 15:10:25.113,0.67396,0.67415,1.00,1.37
2016.06.07 15:10:25.427,0.67399,0.67417,1.00,1.00
2016.06.07 15:10:26.165,0.67399,0.67417,1.37,1.00
2016.06.07 15:10:27.767,0.67398,0.67416,1.37,1.00
2016.06.07 15:10:27.817,0.67398,0.67416,1.00,1.00
2016.06.07 15:10:27.919,0.67396,0.67417,1.12,1.00
2016.06.07 15:10:28.121,0.67399,0.67417,1.00,1.00
2016.06.07 15:10:28.818,0.67399,0.67418,1.00,1.87
2016.06.07 15:10:29.195,0.67399,0.67416,1.00,1.00
2016.06.07 15:10:30.019,0.67397,0.67416,1.00,1.00
2016.06.07 15:10:30.350,0.67395,0.67415,1.00,1.12
2016.06.07 15:10:32.118,0.67398,0.67415,1.00,1.12
2016.06.07 15:10:32.668,0.67397,0.67417,1.00,1.87
2016.06.07 15:10:33.150,0.67398,0.67418,1.00,1.00
2016.06.07 15:10:35.838,0.67397,0.67416,1.12,1.00
2016.06.07 15:10:36.350,0.67398,0.67416,1.00,1.00
2016.06.07 15:10:38.720,0.67397,0.67418,1.12,1.00
2016.06.07 15:10:38.771,0.674,0.67418,1.00,1.00
2016.06.07 15:10:38.971,0.67397,0.67418,1.12,1.00
2016.06.07 15:10:39.022,0.67396,0.67416,1.50,1.00
2016.06.07 15:10:39.375,0.67397,0.67418,1.12,1.00
2016.06.07 15:10:40.210,0.67398,0.67419,1.12,1.12
2016.06.07 15:10:40.260,0.67398,0.67419,1.50,1.00
2016.06.07 15:10:40.523,0.67395,0.67416,1.87,1.00
2016.06.07 15:10:40.675,0.67394,0.67414,1.00,1.12
2016.06.07 15:10:40.927,0.67395,0.67412,1.00,1.00
2016.06.07 15:10:41.383,0.67393,0.67414,1.00,1.12
2016.06.07 15:10:41.936,0.67393,0.67413,1.00,1.00
2016.06.07 15:10:42.697,0.67393,0.67414,1.00,1.12
2016.06.07 15:10:43.220,0.67395,0.67413,1.00,1.00
2016.06.07 15:10:43.826,0.67395,0.67412,1.00,1.00
2016.06.07 15:10:45.662,0.67391,0.67412,1.00,1.37
2016.06.07 15:10:45.936,0.67393,0.67412,1.00,1.37
2016.06.07 15:10:46.170,0.67391,0.67412,1.00,1.37
2016.06.07 15:10:46.479,0.67393,0.67411,1.00,1.12
2016.06.07 15:10:47.028,0.67392,0.67413,1.00,1.37
2016.06.07 15:10:47.540,0.67391,0.67413,1.00,2.62
2016.06.07 15:10:48.049,0.6739,0.67409,1.50,1.12
2016.06.07 15:10:49.789,0.67388,0.67408,1.00,1.00
2016.06.07 15:10:50.164,0.6739,0.6741,1.00,1.87
2016.06.07 15:10:50.467,0.67393,0.67411,1.00,1.37
2016.06.07 15:10:51.980,0.67393,0.67411,1.00,1.00
2016.06.07 15:10:52.283,0.67393,0.67413,1.00,1.12
2016.06.07 15:10:52.832,0.67396,0.67414,1.00,1.37
2016.06.07 15:10:52.933,0.67394,0.67415,1.00,1.37
2016.06.07 15:10:53.486,0.67393,0.67413,1.00,1.87
2016.06.07 15:10:53.688,0.67391,0.67411,1.37,1.00
2016.06.07 15:10:53.789,0.6739,0.67411,1.00,1.12
2016.06.07 15:10:53.840,0.6739,0.67409,1.00,1.00
2016.06.07 15:10:54.222,0.67388,0.67408,1.12,1.00
2016.06.07 15:10:54.424,0.67385,0.67406,1.87,1.00
2016.06.07 15:10:56.280,0.67387,0.67407,1.00,1.87
2016.06.07 15:10:57.118,0.67386,0.67406,1.00,1.00
2016.06.07 15:10:57.707,0.67385,0.67406,1.50,1.37
2016.06.07 15:10:58.360,0.67386,0.67407,1.00,1.87
2016.06.07 15:10:59.511,0.67386,0.67406,1.00,1.87
2016.06.07 15:11:00.740,0.67385,0.67405,1.00,1.12
2016.06.07 15:11:01.266,0.67386,0.67406,1.00,2.62
2016.06.07 15:11:01.817,0.67386,0.67404,1.00,1.00
2016.06.07 15:11:02.219,0.67384,0.67402,1.00,1.00
2016.06.07 15:11:02.319,0.67381,0.67402,1.00,1.12
2016.06.07 15:11:02.420,0.67383,0.67403,1.00,1.37
2016.06.07 15:11:02.954,0.67382,0.67401,1.00,1.00
2016.06.07 15:11:03.664,0.67383,0.67403,1.00,1.87
2016.06.07 15:11:07.425,0.67384,0.67403,1.00,2.25
2016.06.07 15:11:08.061,0.67387,0.67403,1.00,1.37
2016.06.07 15:11:08.112,0.67384,0.67403,1.00,1.00
2016.06.07 15:11:08.163,0.67386,0.67403,1.00,1.00
2016.06.07 15:11:08.214,0.67386,0.67405,1.00,1.00
2016.06.07 15:11:08.336,0.67386,0.67405,1.00,1.37
2016.06.07 15:11:09.104,0.67386,0.67405,1.00,1.00
2016.06.07 15:11:09.940,0.67385,0.67404,1.00,1.12
2016.06.07 15:11:09.991,0.67385,0.67402,1.00,1.00
2016.06.07 15:11:10.042,0.67384,0.67404,1.00,1.50
2016.06.07 15:11:10.246,0.67384,0.67404,1.00,1.87
2016.06.07 15:11:11.134,0.67385,0.67403,1.00,1.87
2016.06.07 15:11:11.461,0.67389,0.67406,1.00,1.00
2016.06.07 15:11:11.613,0.67387,0.67407,1.00,1.12
2016.06.07 15:11:12.206,0.67389,0.67407,1.00,1.87
2016.06.07 15:11:12.881,0.67388,0.67407,1.00,1.12
2016.06.07 15:11:13.718,0.67387,0.67407,1.00,1.12
2016.06.07 15:11:14.355,0.67389,0.67407,1.00,1.87
2016.06.07 15:11:14.406,0.67387,0.67407,1.00,1.12
2016.06.07 15:11:16.685,0.67389,0.67407,1.00,1.87
2016.06.07 15:11:17.324,0.67386,0.67406,1.00,1.00
2016.06.07 15:11:17.526,0.67386,0.67404,1.00,1.00
2016.06.07 15:11:19.189,0.67383,0.67404,1.00,1.12
2016.06.07 15:11:19.975,0.67382,0.67402,1.00,1.00
2016.06.07 15:11:21.558,0.67383,0.67403,1.00,1.00
2016.06.07 15:11:22.168,0.67382,0.67402,1.00,1.00
2016.06.07 15:11:23.044,0.67383,0.67404,1.00,1.87
2016.06.07 15:11:24.474,0.67383,0.67402,1.00,1.00
2016.06.07 15:11:24.585,0.67378,0.67399,1.12,2.25
2016.06.07 15:11:24.686,0.67378,0.67399,1.00,2.25
2016.06.07 15:11:24.888,0.67376,0.67397,1.00,1.12
2016.06.07 15:11:25.416,0.67377,0.67397,1.00,1.12
2016.06.07 15:11:28.867,0.67376,0.67397,1.00,1.12
2016.06.07 15:11:29.126,0.67376,0.67395,1.00,1.00
2016.06.07 15:11:29.227,0.67374,0.67396,1.50,1.87
2016.06.07 15:11:29.278,0.67376,0.67396,1.00,2.62
2016.06.07 15:11:29.621,0.67378,0.67399,1.00,1.87
2016.06.07 15:11:29.933,0.6738,0.674,1.00,1.87
2016.06.07 15:11:29.984,0.6738,0.67401,1.00,1.37
2016.06.07 15:11:30.085,0.67383,0.67401,1.00,1.00
2016.06.07 15:11:30.136,0.67381,0.67401,1.12,1.00
2016.06.07 15:11:30.685,0.67382,0.67402,1.00,1.00
2016.06.07 15:11:31.187,0.67382,0.67403,1.00,1.00
2016.06.07 15:11:31.877,0.67382,0.67402,1.00,1.00
2016.06.07 15:11:32.410,0.67382,0.67401,1.00,1.00
2016.06.07 15:11:33.223,0.67383,0.67402,1.00,1.00
2016.06.07 15:11:33.273,0.67385,0.67405,1.00,1.37
2016.06.07 15:11:33.324,0.67386,0.67407,1.12,1.87
2016.06.07 15:11:34.465,0.67389,0.67409,1.00,1.37
2016.06.07 15:11:34.517,0.6739,0.67409,1.12,1.00
2016.06.07 15:11:34.971,0.6739,0.67411,1.12,1.87
2016.06.07 15:11:36.418,0.67391,0.67411,1.00,1.12
2016.06.07 15:11:37.073,0.6739,0.67411,1.12,1.12
2016.06.07 15:11:38.110,0.67391,0.67411,1.00,1.12
2016.06.07 15:11:38.334,0.67394,0.67412,1.00,1.37
2016.06.07 15:11:38.910,0.67395,0.67413,1.00,1.00
2016.06.07 15:11:39.011,0.67397,0.67415,1.00,1.50
2016.06.07 15:11:39.334,0.67396,0.67417,1.37,1.50
2016.06.07 15:11:39.654,0.67394,0.67415,1.87,1.00
2016.06.07 15:11:39.820,0.67392,0.67411,1.12,1.00
2016.06.07 15:11:39.921,0.67389,0.67409,1.37,1.00
2016.06.07 15:11:40.023,0.67386,0.67406,1.37,1.00
2016.06.07 15:11:40.124,0.67385,0.67405,1.12,1.00
2016.06.07 15:11:41.736,0.67387,0.67406,1.00,1.12
2016.06.07 15:11:42.077,0.67389,0.67409,1.00,1.37
2016.06.07 15:11:42.128,0.67391,0.67409,1.00,1.00
2016.06.07 15:11:42.279,0.67389,0.67409,1.00,1.00
2016.06.07 15:11:42.330,0.67389,0.67407,1.00,1.00
2016.06.07 15:11:43.491,0.67385,0.67406,1.87,1.00
2016.06.07 15:11:43.979,0.67387,0.67405,1.00,1.00
2016.06.07 15:11:44.060,0.67386,0.67407,1.00,1.00
2016.06.07 15:11:44.211,0.67388,0.67407,1.00,1.00
2016.06.07 15:11:44.600,0.6739,0.67409,1.00,1.00
2016.06.07 15:11:45.103,0.6739,0.6741,1.00,1.37
2016.06.07 15:11:45.255,0.6739,0.67411,1.12,1.00
2016.06.07 15:11:45.700,0.67391,0.67409,1.00,1.00
2016.06.07 15:11:46.002,0.6739,0.67411,1.12,1.00
2016.06.07 15:11:46.103,0.67392,0.67411,1.00,1.00
2016.06.07 15:11:46.477,0.67393,0.67413,1.00,1.87
2016.06.07 15:11:46.528,0.67395,0.67415,1.37,1.00
2016.06.07 15:11:46.679,0.67395,0.67414,1.12,1.00
2016.06.07 15:11:47.414,0.67395,0.67413,1.12,1.00
2016.06.07 15:11:48.342,0.67392,0.67413,1.00,1.12
2016.06.07 15:11:48.877,0.67392,0.67413,1.37,1.00
2016.06.07 15:11:54.225,0.67392,0.67412,1.37,1.00
2016.06.07 15:11:54.443,0.6739,0.6741,1.12,1.00
2016.06.07 15:11:54.702,0.67389,0.67408,1.37,1.00
2016.06.07 15:11:54.803,0.67386,0.67407,1.37,1.00
2016.06.07 15:11:55.511,0.67387,0.67406,1.12,1.00
2016.06.07 15:11:56.575,0.67386,0.67406,1.00,1.37
2016.06.07 15:11:59.074,0.67386,0.67404,1.00,1.00
2016.06.07 15:11:59.226,0.67389,0.67408,1.00,1.37
2016.06.07 15:11:59.378,0.67392,0.67411,1.00,1.00
2016.06.07 15:11:59.580,0.67394,0.67412,1.00,1.12
2016.06.07 15:12:00.248,0.67392,0.67412,1.00,1.12
2016.06.07 15:12:00.501,0.67389,0.67411,1.50,1.37
2016.06.07 15:12:01.156,0.67391,0.67412,1.00,1.50
2016.06.07 15:12:01.409,0.67392,0.67412,1.00,1.12
2016.06.07 15:12:01.947,0.67392,0.67411,1.00,1.00
2016.06.07 15:12:03.016,0.67392,0.67412,1.00,1.12
2016.06.07 15:12:03.117,0.67392,0.67414,1.37,1.00
2016.06.07 15:12:03.762,0.67393,0.67412,1.37,1.00
2016.06.07 15:12:03.913,0.67392,0.67412,1.00,1.12
2016.06.07 15:12:04.663,0.67391,0.67412,1.12,1.12
2016.06.07 15:12:06.266,0.67392,0.67414,1.00,1.37
2016.06.07 15:12:06.586,0.67394,0.67413,1.00,1.37
2016.06.07 15:12:06.813,0.67392,0.67413,1.00,1.37
2016.06.07 15:12:07.633,0.67393,0.67415,1.00,1.87
2016.06.07 15:12:07.735,0.67394,0.67415,1.00,1.12
2016.06.07 15:12:08.260,0.67395,0.67417,1.00,1.37
2016.06.07 15:12:08.780,0.67396,0.67415,1.00,1.12
2016.06.07 15:12:12.361,0.67395,0.67417,1.00,1.87
2016.06.07 15:12:13.917,0.67396,0.67417,1.12,1.12
2016.06.07 15:12:16.344,0.674,0.67419,1.00,1.37
2016.06.07 15:12:16.638,0.67396,0.67414,1.00,1.12
2016.06.07 15:12:17.334,0.67393,0.67414,1.37,1.12
2016.06.07 15:12:17.944,0.67392,0.67413,1.37,1.00
2016.06.07 15:12:18.852,0.6739,0.67411,1.37,1.00
2016.06.07 15:12:18.953,0.6739,0.67411,1.87,1.00
2016.06.07 15:12:19.176,0.6739,0.67411,1.50,2.25
2016.06.07 15:12:19.703,0.67389,0.67408,1.00,1.00
2016.06.07 15:12:21.553,0.67389,0.67409,1.00,1.12
2016.06.07 15:12:22.262,0.67388,0.67409,1.00,1.12
2016.06.07 15:12:22.896,0.67387,0.67408,1.12,1.00
2016.06.07 15:12:23.246,0.67385,0.67405,1.00,1.37
2016.06.07 15:12:23.750,0.67386,0.67405,1.00,1.37
2016.06.07 15:12:23.903,0.67386,0.67406,1.00,1.00
2016.06.07 15:12:24.442,0.67387,0.67405,1.00,1.00
2016.06.07 15:12:24.540,0.67386,0.67407,1.00,1.12
2016.06.07 15:12:24.759,0.67387,0.67405,1.00,1.00
2016.06.07 15:12:24.809,0.67387,0.67407,1.00,1.12
2016.06.07 15:12:25.951,0.67386,0.67406,1.00,1.00
2016.06.07 15:12:27.401,0.67385,0.67406,1.50,1.00
2016.06.07 15:12:27.714,0.67386,0.67404,1.00,1.00
2016.06.07 15:12:28.316,0.67386,0.67405,1.00,1.00
2016.06.07 15:12:28.417,0.67386,0.67407,1.00,1.12
2016.06.07 15:12:31.374,0.67386,0.67404,1.00,1.00
2016.06.07 15:12:31.425,0.67384,0.67405,1.87,1.00
2016.06.07 15:12:31.576,0.67385,0.67403,1.00,1.00
2016.06.07 15:12:32.112,0.67383,0.67404,1.37,1.00
2016.06.07 15:12:35.588,0.67381,0.67402,2.25,1.00
2016.06.07 15:12:36.046,0.67381,0.674,1.37,1.00
2016.06.07 15:12:36.097,0.67379,0.67401,1.87,1.00
2016.06.07 15:12:36.371,0.67378,0.67399,1.37,1.00
2016.06.07 15:12:36.472,0.67378,0.67399,1.12,1.00
2016.06.07 15:12:37.048,0.67378,0.674,1.12,1.00
2016.06.07 15:12:39.628,0.6738,0.67401,1.00,1.12
2016.06.07 15:12:39.930,0.67381,0.67401,1.37,1.00
2016.06.07 15:12:39.981,0.67382,0.67403,1.37,1.00
2016.06.07 15:12:40.032,0.67381,0.67401,1.87,1.00
2016.06.07 15:12:40.622,0.67382,0.67401,1.00,1.50
2016.06.07 15:12:40.677,0.67378,0.67397,1.00,1.00
2016.06.07 15:12:41.027,0.67377,0.67399,1.50,1.12
2016.06.07 15:12:41.128,0.67381,0.67401,1.00,1.37
2016.06.07 15:12:41.229,0.67381,0.67401,1.00,1.00
2016.06.07 15:12:42.764,0.6738,0.67401,1.12,1.00
2016.06.07 15:12:43.478,0.67379,0.674,1.37,1.00
2016.06.07 15:12:44.088,0.67379,0.67399,1.37,1.00
2016.06.07 15:12:44.139,0.67381,0.67401,1.00,1.00
2016.06.07 15:12:44.391,0.67385,0.67404,1.12,1.00
2016.06.07 15:12:44.902,0.67385,0.67403,1.12,1.00
2016.06.07 15:12:45.870,0.67382,0.67404,1.37,1.12
2016.06.07 15:12:46.072,0.6738,0.67401,1.00,1.12
2016.06.07 15:12:46.282,0.67379,0.674,1.12,1.37
2016.06.07 15:12:46.651,0.67378,0.67397,1.00,1.00
2016.06.07 15:12:51.624,0.67377,0.67397,1.00,1.00
2016.06.07 15:12:53.574,0.67377,0.67399,1.00,1.37
2016.06.07 15:12:54.131,0.67379,0.67397,1.00,1.00
2016.06.07 15:12:55.343,0.67383,0.67401,1.00,1.37
2016.06.07 15:12:55.445,0.67385,0.67403,1.00,1.00
2016.06.07 15:12:55.647,0.67384,0.67405,1.37,1.00
2016.06.07 15:12:55.900,0.67386,0.67407,1.00,1.50
2016.06.07 15:12:56.255,0.67385,0.67405,1.12,1.00
2016.06.07 15:12:57.123,0.67386,0.67404,1.00,1.00
2016.06.07 15:12:58.470,0.67385,0.67406,1.12,1.00
2016.06.07 15:12:58.622,0.67382,0.67404,2.25,1.00
2016.06.07 15:12:58.943,0.67385,0.67406,1.12,1.00
2016.06.07 15:13:00.091,0.67387,0.67406,1.00,1.50
2016.06.07 15:13:00.142,0.67384,0.67406,1.00,1.37
2016.06.07 15:13:00.193,0.67386,0.67407,1.00,2.25
2016.06.07 15:13:00.394,0.67386,0.67407,1.00,1.12
2016.06.07 15:13:00.922,0.67386,0.67407,1.00,1.50
2016.06.07 15:13:01.412,0.67384,0.67404,1.37,1.00
2016.06.07 15:13:02.114,0.67384,0.67405,1.37,1.00
2016.06.07 15:13:04.247,0.67385,0.67406,1.12,1.00
2016.06.07 15:13:04.597,0.67386,0.67404,1.00,1.00
2016.06.07 15:13:04.804,0.67386,0.67406,1.00,1.00
2016.06.07 15:13:04.905,0.67387,0.67405,1.37,1.00
2016.06.07 15:13:05.702,0.67384,0.67405,1.50,1.00
2016.06.07 15:13:06.378,0.67385,0.67406,1.00,1.00
2016.06.07 15:13:06.944,0.67386,0.67406,1.00,1.00
2016.06.07 15:13:11.514,0.67387,0.67406,1.00,1.00
2016.06.07 15:13:12.173,0.67385,0.67405,1.00,1.00
2016.06.07 15:13:14.017,0.67386,0.67404,1.00,1.00
2016.06.07 15:13:16.522,0.67385,0.67404,1.12,1.00
2016.06.07 15:13:16.724,0.67383,0.67403,1.00,1.00
2016.06.07 15:13:17.289,0.67384,0.67405,1.00,1.37
2016.06.07 15:13:17.390,0.67385,0.67406,1.37,1.50
2016.06.07 15:13:17.999,0.67389,0.67406,1.37,1.00
2016.06.07 15:13:18.050,0.6739,0.6741,1.12,1.00
2016.06.07 15:13:18.151,0.67391,0.67412,1.00,1.12
2016.06.07 15:13:18.486,0.67394,0.67412,1.00,1.12
2016.06.07 15:13:19.041,0.67392,0.67413,1.37,1.00
2016.06.07 15:13:19.516,0.6739,0.67411,1.37,1.00
2016.06.07 15:13:20.090,0.67391,0.67409,1.37,1.00
2016.06.07 15:13:21.896,0.6739,0.67411,1.37,1.00
2016.06.07 15:13:23.468,0.67392,0.67412,1.37,1.00
2016.06.07 15:13:24.030,0.67393,0.67411,1.12,1.00
2016.06.07 15:13:24.677,0.67392,0.67413,1.37,1.00
2016.06.07 15:13:24.850,0.67393,0.67413,1.37,1.00
2016.06.07 15:13:25.378,0.67393,0.67414,1.87,1.00
2016.06.07 15:13:27.785,0.67393,0.67414,1.87,1.00
2016.06.07 15:13:27.836,0.67386,0.67404,1.87,1.00
2016.06.07 15:13:27.937,0.67385,0.67404,1.00,1.00
2016.06.07 15:13:28.139,0.67382,0.67401,1.75,1.00
2016.06.07 15:13:28.240,0.67382,0.67404,1.87,1.00
2016.06.07 15:13:28.442,0.67386,0.67407,1.37,1.00
2016.06.07 15:13:28.745,0.67387,0.67409,1.37,1.00
2016.06.07 15:13:29.254,0.6739,0.67411,1.87,1.00
2016.06.07 15:13:29.847,0.67391,0.67412,1.12,1.00
2016.06.07 15:13:30.368,0.67391,0.67411,1.12,1.00
2016.06.07 15:13:30.469,0.67392,0.67413,1.00,1.00
2016.06.07 15:13:30.520,0.67395,0.67415,1.00,1.37
2016.06.07 15:13:30.570,0.67395,0.67416,1.37,1.00
2016.06.07 15:13:30.621,0.67393,0.67414,1.37,1.00
2016.06.07 15:13:30.965,0.67393,0.67412,1.37,1.00
2016.06.07 15:13:31.166,0.67391,0.67412,1.37,1.00
2016.06.07 15:13:32.686,0.67391,0.67411,1.37,1.00
2016.06.07 15:13:34.751,0.6739,0.6741,1.37,1.00
2016.06.07 15:13:35.810,0.67391,0.67409,1.37,1.00
2016.06.07 15:13:36.352,0.67389,0.6741,1.87,1.00
2016.06.07 15:13:36.587,0.67389,0.67408,1.37,1.00
2016.06.07 15:13:36.689,0.67389,0.67406,1.12,1.00
2016.06.07 15:13:37.115,0.67386,0.67407,1.87,1.00
2016.06.07 15:13:37.216,0.67388,0.67406,1.00,1.00
2016.06.07 15:13:37.322,0.67387,0.67408,1.00,1.12
2016.06.07 15:13:37.423,0.67389,0.67408,1.00,1.12
2016.06.07 15:13:37.756,0.67385,0.67405,1.37,1.00
2016.06.07 15:13:38.246,0.67384,0.67403,1.00,1.00
2016.06.07 15:13:38.835,0.67383,0.67403,1.12,1.00
2016.06.07 15:13:41.089,0.67383,0.67404,1.12,1.00
2016.06.07 15:13:41.642,0.67383,0.67405,1.12,1.00
2016.06.07 15:13:42.438,0.67384,0.67406,1.00,1.12
2016.06.07 15:13:45.402,0.67385,0.67405,1.00,1.00
2016.06.07 15:13:45.903,0.67387,0.67407,1.00,1.37
2016.06.07 15:13:46.457,0.67388,0.67407,1.00,1.37
2016.06.07 15:13:46.700,0.67386,0.67407,1.00,1.37
2016.06.07 15:13:47.154,0.67385,0.67404,1.00,1.00
2016.06.07 15:13:47.703,0.67383,0.67404,1.12,1.00
2016.06.07 15:13:48.656,0.67384,0.67405,1.00,1.00
2016.06.07 15:13:49.303,0.67385,0.67405,1.00,1.00
2016.06.07 15:13:49.915,0.67384,0.67405,1.00,1.00
2016.06.07 15:13:50.117,0.67383,0.67403,1.12,1.00
2016.06.07 15:13:51.700,0.67383,0.67404,1.12,1.00
2016.06.07 15:13:52.140,0.67386,0.67404,1.00,1.00
2016.06.07 15:13:53.528,0.67384,0.67405,1.12,1.00
2016.06.07 15:13:54.049,0.67384,0.67406,1.87,1.12
2016.06.07 15:13:54.251,0.67385,0.67406,1.50,1.00
2016.06.07 15:13:54.737,0.67384,0.67404,2.25,1.00
2016.06.07 15:13:54.894,0.67386,0.67407,1.12,1.00
2016.06.07 15:13:55.821,0.67387,0.67408,1.00,1.00
2016.06.07 15:13:55.872,0.67384,0.67406,2.62,1.00
2016.06.07 15:13:56.175,0.67383,0.67404,1.37,1.00
2016.06.07 15:13:56.639,0.67386,0.67406,1.12,1.00
2016.06.07 15:13:56.909,0.67386,0.67404,1.12,1.00
2016.06.07 15:13:57.275,0.67385,0.67406,1.37,1.00
2016.06.07 15:13:57.654,0.67386,0.67407,1.37,1.00
2016.06.07 15:13:58.180,0.67388,0.67408,1.37,1.00
2016.06.07 15:14:00.749,0.67389,0.6741,1.12,1.00
2016.06.07 15:14:01.308,0.6739,0.6741,1.00,1.00
2016.06.07 15:14:01.960,0.6739,0.67409,1.00,1.00
2016.06.07 15:14:02.358,0.67388,0.67408,1.00,1.00
2016.06.07 15:14:02.409,0.67386,0.67408,1.12,1.00
2016.06.07 15:14:02.560,0.67384,0.67405,1.12,1.00
2016.06.07 15:14:04.214,0.67383,0.67403,1.37,1.00
2016.06.07 15:14:05.472,0.67384,0.67402,1.12,1.00
2016.06.07 15:14:05.656,0.67384,0.67405,1.12,1.00
2016.06.07 15:14:06.636,0.67387,0.67405,1.00,1.00
2016.06.07 15:14:06.687,0.67385,0.67407,1.00,1.87
2016.06.07 15:14:06.788,0.67385,0.67407,1.37,1.00
2016.06.07 15:14:07.707,0.67385,0.67405,1.00,1.00
2016.06.07 15:14:08.357,0.67383,0.67405,1.37,1.12
2016.06.07 15:14:08.669,0.67383,0.67403,1.37,1.00
2016.06.07 15:14:08.770,0.67381,0.67401,1.12,1.00
2016.06.07 15:14:12.713,0.67379,0.67401,1.00,1.12
2016.06.07 15:14:14.788,0.6738,0.67401,1.00,1.12
2016.06.07 15:14:15.692,0.67379,0.67399,1.00,1.00
2016.06.07 15:14:16.194,0.67378,0.67399,1.00,1.37
2016.06.07 15:14:16.794,0.67378,0.67399,1.37,1.00
2016.06.07 15:14:17.357,0.6738,0.67399,1.00,1.00
2016.06.07 15:14:18.334,0.67381,0.67402,1.00,2.25
2016.06.07 15:14:19.629,0.67382,0.67401,1.00,1.12
2016.06.07 15:14:20.897,0.67383,0.67403,1.00,1.50
2016.06.07 15:14:20.948,0.67381,0.67403,1.12,1.87
2016.06.07 15:14:21.259,0.67384,0.67403,1.00,1.50
2016.06.07 15:14:21.461,0.67386,0.67407,1.00,1.37
2016.06.07 15:14:22.462,0.67387,0.67406,1.00,1.12
2016.06.07 15:14:24.755,0.67387,0.67408,1.00,1.00
2016.06.07 15:14:25.283,0.67387,0.67409,1.00,1.12
2016.06.07 15:14:25.979,0.67388,0.67409,1.00,1.12
2016.06.07 15:14:26.545,0.67387,0.67409,1.00,1.12
2016.06.07 15:14:28.808,0.67388,0.67407,1.00,1.00
2016.06.07 15:14:29.135,0.67386,0.67408,1.12,1.00
2016.06.07 15:14:29.684,0.67387,0.67408,1.00,1.87
2016.06.07 15:14:30.220,0.67387,0.67409,1.00,1.12
2016.06.07 15:14:31.420,0.67388,0.67409,1.00,1.12
2016.06.07 15:14:32.098,0.67387,0.67409,1.00,1.12
2016.06.07 15:14:34.322,0.67388,0.67409,1.00,1.12
2016.06.07 15:14:36.307,0.67389,0.6741,1.00,1.87
2016.06.07 15:14:37.456,0.67389,0.67408,1.50,1.00
2016.06.07 15:14:38.325,0.67392,0.67409,1.00,1.00
2016.06.07 15:14:38.426,0.67392,0.67412,1.00,1.50
2016.06.07 15:14:38.528,0.67392,0.67413,1.00,3.37
2016.06.07 15:14:38.578,0.67389,0.67411,1.37,1.37
2016.06.07 15:14:39.902,0.67388,0.67409,1.12,1.12
2016.06.07 15:14:40.531,0.6739,0.6741,1.00,1.37
2016.06.07 15:14:41.218,0.6739,0.6741,1.37,1.00
2016.06.07 15:14:43.900,0.67391,0.6741,1.00,1.37
2016.06.07 15:14:44.501,0.67389,0.67409,1.00,1.12
2016.06.07 15:14:46.448,0.67389,0.67408,1.00,1.00
2016.06.07 15:14:50.080,0.67388,0.67408,1.12,1.00
2016.06.07 15:14:50.672,0.67388,0.67409,1.12,1.50
2016.06.07 15:14:55.804,0.6739,0.67408,1.00,1.00
2016.06.07 15:14:56.069,0.67392,0.67414,1.00,2.25
2016.06.07 15:14:56.503,0.6739,0.67412,1.87,1.00
2016.06.07 15:14:56.554,0.67394,0.67414,1.00,1.37
2016.06.07 15:14:57.156,0.67394,0.67414,1.00,1.00
2016.06.07 15:14:59.063,0.67393,0.67414,1.12,1.00
2016.06.07 15:14:59.381,0.67397,0.67416,1.00,1.00
2016.06.07 15:15:00.352,0.67395,0.67415,1.00,1.50
2016.06.07 15:15:00.755,0.67396,0.67416,1.00,1.87
2016.06.07 15:15:01.691,0.67397,0.67416,1.00,1.00
2016.06.07 15:15:02.450,0.67396,0.67417,1.00,1.12
2016.06.07 15:15:03.057,0.67396,0.67417,1.37,1.00
2016.06.07 15:15:03.559,0.67398,0.67418,1.00,1.00
2016.06.07 15:15:04.198,0.67398,0.67419,1.00,2.62
2016.06.07 15:15:05.255,0.67398,0.67419,1.00,1.00
2016.06.07 15:15:07.277,0.67394,0.67414,1.87,1.00
2016.06.07 15:15:07.379,0.67394,0.67414,1.00,1.37
2016.06.07 15:15:07.480,0.6739,0.67412,1.00,1.37
2016.06.07 15:15:07.581,0.6739,0.67409,1.00,1.37
2016.06.07 15:15:08.111,0.67389,0.67411,1.50,3.00
2016.06.07 15:15:10.660,0.67392,0.6741,1.00,1.37
2016.06.07 15:15:10.761,0.67393,0.67412,1.00,1.37
2016.06.07 15:15:11.285,0.67392,0.67412,1.00,1.37
2016.06.07 15:15:12.001,0.67391,0.67412,1.00,1.37
2016.06.07 15:15:13.546,0.67392,0.67412,1.00,1.37
2016.06.07 15:15:14.285,0.67393,0.67412,1.00,1.37
2016.06.07 15:15:15.084,0.6739,0.67412,1.12,1.37
2016.06.07 15:15:15.185,0.6739,0.67412,1.00,2.25
2016.06.07 15:15:16.387,0.67389,0.6741,1.00,1.37
2016.06.07 15:15:17.943,0.6739,0.67409,1.00,1.12
2016.06.07 15:15:18.450,0.67391,0.6741,1.00,1.37
2016.06.07 15:15:19.779,0.67389,0.6741,1.00,1.37
2016.06.07 15:15:20.072,0.67387,0.67407,1.00,1.00
2016.06.07 15:15:20.378,0.67384,0.67405,1.00,1.37
2016.06.07 15:15:20.900,0.67384,0.67403,1.00,1.00
2016.06.07 15:15:21.437,0.67383,0.67403,1.00,1.00
2016.06.07 15:15:22.162,0.67383,0.67404,1.00,1.12
2016.06.07 15:15:23.290,0.67383,0.67403,1.00,1.00
2016.06.07 15:15:24.457,0.67384,0.67403,1.00,1.00
2016.06.07 15:15:25.077,0.67383,0.67403,1.00,1.00
2016.06.07 15:15:27.685,0.67384,0.67403,1.00,1.00
2016.06.07 15:15:30.575,0.67386,0.67404,1.00,1.12
2016.06.07 15:15:33.053,0.67384,0.67405,1.00,1.37
2016.06.07 15:15:33.561,0.67383,0.67405,1.00,1.87
2016.06.07 15:15:33.662,0.67385,0.67406,1.00,1.37
2016.06.07 15:15:35.031,0.67384,0.67404,1.00,1.12
2016.06.07 15:15:35.664,0.67383,0.67401,1.12,1.00
2016.06.07 15:15:36.068,0.67381,0.67402,1.00,1.12
2016.06.07 15:15:36.648,0.67382,0.67403,1.00,1.37
2016.06.07 15:15:37.126,0.6738,0.67401,1.00,1.00
2016.06.07 15:15:38.885,0.67379,0.67399,1.12,1.00
2016.06.07 15:15:39.560,0.6738,0.67399,1.00,1.00
2016.06.07 15:15:40.303,0.6738,0.67399,1.00,1.37
2016.06.07 15:15:40.939,0.67378,0.674,1.00,1.37
2016.06.07 15:15:41.141,0.67378,0.674,1.37,1.00
2016.06.07 15:15:41.821,0.6738,0.67399,1.00,1.00
2016.06.07 15:15:45.922,0.67377,0.67398,1.37,1.00
2016.06.07 15:15:47.860,0.67378,0.674,1.00,1.87
2016.06.07 15:15:47.961,0.67378,0.674,1.37,1.00
2016.06.07 15:15:48.263,0.67385,0.67403,1.00,1.00
2016.06.07 15:15:48.781,0.67384,0.67404,1.12,1.50
2016.06.07 15:15:49.084,0.67379,0.67399,1.00,1.12
2016.06.07 15:15:49.134,0.67377,0.67399,1.12,1.87
2016.06.07 15:15:49.387,0.67377,0.67397,1.12,1.00
2016.06.07 15:15:51.587,0.67378,0.67399,1.00,1.87
2016.06.07 15:15:51.688,0.67378,0.67399,1.12,1.50
2016.06.07 15:15:51.964,0.6738,0.67399,1.00,1.00
2016.06.07 15:15:54.190,0.6738,0.67399,1.37,1.00
2016.06.07 15:15:54.291,0.67378,0.67399,1.12,1.87
2016.06.07 15:15:58.551,0.67379,0.67399,1.00,1.87
2016.06.07 15:15:59.323,0.6738,0.67399,1.00,1.12
2016.06.07 15:15:59.976,0.67379,0.67399,1.00,1.12
2016.06.07 15:16:03.519,0.67379,0.67401,1.87,1.50
2016.06.07 15:16:03.570,0.67379,0.67399,1.37,1.00
2016.06.07 15:16:04.305,0.67379,0.67399,1.50,1.00
2016.06.07 15:16:05.265,0.67379,0.67401,1.50,1.87
2016.06.07 15:16:06.510,0.67379,0.674,1.87,1.50
2016.06.07 15:16:06.814,0.67384,0.67403,1.00,1.50
2016.06.07 15:16:07.223,0.67384,0.67405,1.00,1.12
2016.06.07 15:16:07.513,0.67386,0.67406,1.00,1.50
2016.06.07 15:16:07.970,0.67384,0.67404,1.37,1.00
2016.06.07 15:16:08.122,0.67383,0.67404,1.00,1.37
2016.06.07 15:16:08.751,0.67384,0.67405,1.00,1.37
2016.06.07 15:16:08.852,0.67384,0.67406,1.12,1.50
2016.06.07 15:16:09.377,0.67384,0.67405,1.12,1.00
2016.06.07 15:16:09.590,0.67386,0.67405,1.00,1.00
2016.06.07 15:16:09.707,0.67385,0.67407,1.00,2.62
2016.06.07 15:16:10.249,0.67385,0.67406,1.00,1.00
2016.06.07 15:16:10.831,0.67385,0.67407,1.00,1.87
2016.06.07 15:16:11.165,0.67389,0.6741,1.50,1.87
2016.06.07 15:16:11.467,0.67393,0.67412,1.37,1.00
2016.06.07 15:16:11.984,0.67392,0.67413,1.37,1.50
2016.06.07 15:16:12.515,0.67392,0.67414,1.37,1.00
2016.06.07 15:16:12.968,0.67394,0.67412,1.12,1.00
2016.06.07 15:16:13.491,0.67392,0.67413,1.37,1.00
2016.06.07 15:16:13.853,0.67396,0.67414,1.00,1.00
2016.06.07 15:16:14.157,0.674,0.67419,1.00,1.87
2016.06.07 15:16:14.485,0.674,0.67421,1.37,1.00
2016.06.07 15:16:14.995,0.67401,0.67422,1.12,1.50
2016.06.07 15:16:15.596,0.67402,0.67422,1.00,1.50
2016.06.07 15:16:16.984,0.67404,0.67424,1.00,1.87
2016.06.07 15:16:17.509,0.67403,0.67422,1.00,1.00
2016.06.07 15:16:18.055,0.67404,0.67422,1.00,1.00
2016.06.07 15:16:18.196,0.67404,0.67424,1.00,1.87
2016.06.07 15:16:18.699,0.67404,0.67424,1.87,1.00
2016.06.07 15:16:19.188,0.67403,0.67422,1.37,1.00
2016.06.07 15:16:19.692,0.67403,0.67424,1.37,1.00
2016.06.07 15:16:20.297,0.67403,0.67423,1.37,1.00
2016.06.07 15:16:20.348,0.67403,0.67423,1.00,1.12
2016.06.07 15:16:20.399,0.67403,0.67421,1.00,1.00
2016.06.07 15:16:20.916,0.67401,0.67422,1.37,1.00
2016.06.07 15:16:21.667,0.67401,0.67423,1.37,1.12
2016.06.07 15:16:22.446,0.67403,0.67423,1.00,1.12
2016.06.07 15:16:23.154,0.67402,0.67423,1.00,1.12
2016.06.07 15:16:23.481,0.67401,0.67421,1.12,1.00
2016.06.07 15:16:23.906,0.67402,0.67423,1.00,2.25
2016.06.07 15:16:23.956,0.67404,0.67422,1.00,1.00
2016.06.07 15:16:24.475,0.67404,0.67423,1.87,1.00
2016.06.07 15:16:24.766,0.67405,0.67426,1.12,1.00
2016.06.07 15:16:24.842,0.67407,0.67425,1.00,1.00
2016.06.07 15:16:24.964,0.67405,0.67426,1.12,1.00
2016.06.07 15:16:25.216,0.67406,0.67424,1.00,1.00
2016.06.07 15:16:25.792,0.67404,0.67424,1.87,1.00
2016.06.07 15:16:26.324,0.67403,0.67423,1.37,1.00
2016.06.07 15:16:26.475,0.67403,0.67423,1.00,1.50
2016.06.07 15:16:27.453,0.67403,0.67423,1.87,1.50
2016.06.07 15:16:28.398,0.67403,0.67423,1.12,1.50
2016.06.07 15:16:29.760,0.67404,0.67423,1.00,1.50
2016.06.07 15:16:30.380,0.67402,0.67422,1.00,1.37
2016.06.07 15:16:31.417,0.67402,0.67422,1.37,1.00
2016.06.07 15:16:32.225,0.67404,0.67422,1.00,1.00
2016.06.07 15:16:32.780,0.67403,0.67422,1.12,1.00
2016.06.07 15:16:33.106,0.67403,0.67424,1.12,1.50
2016.06.07 15:16:36.409,0.67403,0.67423,1.00,1.87
2016.06.07 15:16:37.229,0.67402,0.67423,1.00,1.37
2016.06.07 15:16:38.520,0.67403,0.67423,1.00,1.87
2016.06.07 15:16:41.535,0.67403,0.67424,1.12,1.50
2016.06.07 15:16:46.088,0.67404,0.67425,1.00,1.50
2016.06.07 15:16:46.839,0.67407,0.67425,1.00,1.12
2016.06.07 15:16:47.152,0.67407,0.67428,1.00,1.00
2016.06.07 15:16:49.152,0.67408,0.67429,1.00,1.12
2016.06.07 15:16:49.944,0.67408,0.67427,1.00,1.00
2016.06.07 15:16:50.049,0.67408,0.67429,1.00,2.25
2016.06.07 15:16:52.697,0.67409,0.67429,1.00,2.25
2016.06.07 15:16:53.066,0.67411,0.67429,1.00,1.00
2016.06.07 15:16:53.572,0.67409,0.67429,1.87,1.00
2016.06.07 15:16:54.712,0.67409,0.6743,1.37,1.00
2016.06.07 15:16:55.544,0.67411,0.6743,1.00,1.00
2016.06.07 15:16:56.083,0.6741,0.6743,1.12,1.00
2016.06.07 15:16:56.612,0.67411,0.6743,1.00,1.00
2016.06.07 15:16:57.391,0.67413,0.67431,1.00,1.87
2016.06.07 15:16:57.979,0.67411,0.67433,1.00,2.62
2016.06.07 15:16:58.080,0.67411,0.67433,1.37,1.12
2016.06.07 15:16:58.595,0.67412,0.67431,1.37,1.00
2016.06.07 15:16:58.933,0.67412,0.67433,1.37,1.87
2016.06.07 15:16:59.681,0.67413,0.67432,1.12,1.00
2016.06.07 15:17:00.107,0.67411,0.67431,1.00,1.00
2016.06.07 15:17:00.997,0.67411,0.67432,1.00,1.12
2016.06.07 15:17:01.546,0.67411,0.67432,1.37,1.00
2016.06.07 15:17:05.969,0.67415,0.67432,1.00,1.00
2016.06.07 15:17:06.020,0.67415,0.67434,1.00,1.00
2016.06.07 15:17:06.222,0.67411,0.67432,1.37,1.00
2016.06.07 15:17:06.374,0.6741,0.6743,1.00,2.25
2016.06.07 15:17:06.704,0.67408,0.67427,1.00,1.12
2016.06.07 15:17:07.249,0.67407,0.67427,1.00,1.12
2016.06.07 15:17:07.800,0.67406,0.67425,1.00,1.00
2016.06.07 15:17:08.373,0.67407,0.67425,1.00,1.00
2016.06.07 15:17:09.189,0.67406,0.67425,1.00,1.00
2016.06.07 15:17:10.032,0.67406,0.67427,1.00,1.12
2016.06.07 15:17:11.899,0.67408,0.67427,1.00,1.12
2016.06.07 15:17:13.566,0.67409,0.67427,1.00,1.87
2016.06.07 15:17:14.798,0.67407,0.67427,1.00,1.87
2016.06.07 15:17:15.325,0.67406,0.67427,1.00,1.50
2016.06.07 15:17:17.658,0.67409,0.67428,1.00,1.50
2016.06.07 15:17:18.091,0.67406,0.67428,1.00,1.37
2016.06.07 15:17:22.925,0.67406,0.67427,1.00,1.37
2016.06.07 15:17:23.502,0.67406,0.67427,1.00,1.00
2016.06.07 15:17:29.345,0.67407,0.67428,1.00,1.37
2016.06.07 15:17:30.172,0.67407,0.67425,1.00,1.00
2016.06.07 15:17:30.576,0.67409,0.67427,1.00,1.00
2016.06.07 15:17:30.810,0.67409,0.67429,1.50,1.12
2016.06.07 15:17:31.547,0.6741,0.6743,1.00,1.37
2016.06.07 15:17:32.239,0.6741,0.67428,1.00,1.00
2016.06.07 15:17:33.376,0.6741,0.67429,1.00,1.12
2016.06.07 15:17:34.392,0.67409,0.67431,1.50,1.37
2016.06.07 15:17:34.929,0.6741,0.67431,1.00,1.87
2016.06.07 15:17:35.720,0.67411,0.6743,1.00,1.37
2016.06.07 15:17:38.497,0.6741,0.67432,1.00,1.87
2016.06.07 15:17:40.635,0.67413,0.67429,1.00,1.12
2016.06.07 15:17:41.268,0.67412,0.67433,1.00,1.37
2016.06.07 15:17:42.831,0.67411,0.67433,1.00,1.37
2016.06.07 15:17:51.729,0.67411,0.67429,1.00,1.00
2016.06.07 15:17:53.469,0.67415,0.67436,1.00,3.00
2016.06.07 15:17:53.520,0.67412,0.67432,1.37,1.00
2016.06.07 15:17:53.823,0.6741,0.6743,1.37,1.00
2016.06.07 15:17:53.874,0.6741,0.6743,1.00,1.37
2016.06.07 15:17:55.983,0.67406,0.67427,1.00,1.12
2016.06.07 15:17:56.484,0.67405,0.67426,1.12,1.00
2016.06.07 15:18:01.862,0.67405,0.67427,1.12,1.12
2016.06.07 15:18:04.643,0.67406,0.67427,1.00,1.12
2016.06.07 15:18:06.070,0.67404,0.67425,1.37,1.00
2016.06.07 15:18:06.411,0.67408,0.67427,1.00,1.12
2016.06.07 15:18:08.215,0.67408,0.67427,1.00,1.37
2016.06.07 15:18:09.535,0.67405,0.67426,1.87,1.12
2016.06.07 15:18:09.687,0.67405,0.67424,1.00,1.37
2016.06.07 15:18:09.738,0.67403,0.67423,1.00,1.37
2016.06.07 15:18:10.275,0.67406,0.67425,1.00,1.87
2016.06.07 15:18:11.122,0.67404,0.67426,1.00,1.87
2016.06.07 15:18:12.624,0.67405,0.67426,1.00,1.87
2016.06.07 15:18:14.220,0.67404,0.67424,1.00,1.37
2016.06.07 15:18:14.424,0.67402,0.67424,1.00,1.37
2016.06.07 15:18:18.566,0.67406,0.67426,1.00,1.50
2016.06.07 15:18:18.617,0.67406,0.67426,1.00,1.50
2016.06.07 15:18:18.906,0.67403,0.67422,1.00,1.37
2016.06.07 15:18:19.208,0.674,0.6742,1.50,1.37
2016.06.07 15:18:20.297,0.67397,0.67419,1.00,1.37
2016.06.07 15:18:22.573,0.67399,0.67421,1.00,1.87
2016.06.07 15:18:22.926,0.67396,0.67417,1.00,1.75
2016.06.07 15:18:23.027,0.67397,0.67417,1.00,1.00
2016.06.07 15:18:23.696,0.67397,0.67416,1.00,1.00
2016.06.07 15:18:23.847,0.67397,0.67419,1.00,1.50
2016.06.07 15:18:24.358,0.67397,0.67419,1.37,1.00
2016.06.07 15:18:25.009,0.67399,0.67421,1.00,1.12
2016.06.07 15:18:25.728,0.674,0.67421,1.00,1.12
2016.06.07 15:18:25.915,0.67402,0.67421,1.00,1.12
2016.06.07 15:18:26.167,0.67399,0.6742,1.00,1.00
2016.06.07 15:18:26.642,0.67398,0.67418,1.12,1.00
2016.06.07 15:18:26.693,0.67399,0.67421,1.00,1.12
2016.06.07 15:18:27.197,0.674,0.67422,1.50,1.37
2016.06.07 15:18:27.688,0.67397,0.67418,1.00,1.12
2016.06.07 15:18:29.842,0.67397,0.67418,1.37,1.00
2016.06.07 15:18:30.343,0.67397,0.67419,1.00,1.37
2016.06.07 15:18:32.047,0.67397,0.67419,1.37,1.00
2016.06.07 15:18:32.584,0.67397,0.67418,1.37,1.00
2016.06.07 15:18:32.786,0.67397,0.67418,1.00,1.12
2016.06.07 15:18:36.456,0.67398,0.67419,1.00,1.37
2016.06.07 15:18:37.207,0.67399,0.6742,1.00,1.37
2016.06.07 15:18:38.652,0.67398,0.67417,1.00,1.50
2016.06.07 15:18:38.703,0.67398,0.67417,1.00,1.87
2016.06.07 15:18:38.804,0.67395,0.67417,1.50,1.87
2016.06.07 15:18:38.905,0.67397,0.67417,1.00,2.25
2016.06.07 15:18:39.107,0.67395,0.67413,1.00,1.00
2016.06.07 15:18:39.660,0.67394,0.67413,1.87,1.00
2016.06.07 15:18:39.711,0.67398,0.67418,1.00,1.37
2016.06.07 15:18:39.811,0.67399,0.67417,1.00,1.12
2016.06.07 15:18:39.912,0.67399,0.6742,1.00,1.00
2016.06.07 15:18:40.114,0.67401,0.67423,1.00,1.37
2016.06.07 15:18:40.215,0.67401,0.67423,1.12,1.00
2016.06.07 15:18:40.784,0.67403,0.67424,1.00,1.12
2016.06.07 15:18:41.086,0.67401,0.6742,1.12,1.00
2016.06.07 15:18:41.388,0.67398,0.67419,1.12,1.00
2016.06.07 15:18:42.024,0.67398,0.67419,1.00,1.37
2016.06.07 15:18:50.898,0.674,0.67419,1.00,1.37
2016.06.07 15:18:55.105,0.67398,0.67418,1.00,1.37
2016.06.07 15:18:55.206,0.67399,0.6742,1.00,1.50
2016.06.07 15:18:55.508,0.67397,0.67419,1.12,1.00
2016.06.07 15:18:57.389,0.67399,0.6742,1.00,1.12
2016.06.07 15:18:57.706,0.67401,0.67421,1.00,1.37
2016.06.07 15:18:58.210,0.674,0.67421,1.00,1.37
2016.06.07 15:18:59.329,0.67402,0.67422,1.00,1.12
2016.06.07 15:19:01.926,0.67403,0.67424,1.00,1.37
2016.06.07 15:19:02.631,0.67401,0.67422,1.12,1.50
2016.06.07 15:19:03.182,0.67402,0.67423,1.00,1.37
2016.06.07 15:19:03.901,0.67403,0.67423,1.00,1.37
2016.06.07 15:19:04.254,0.67403,0.67425,1.37,1.12
2016.06.07 15:19:04.885,0.67405,0.67427,1.00,1.37
2016.06.07 15:19:05.981,0.67407,0.67428,1.00,1.87
2016.06.07 15:19:06.626,0.67406,0.67428,1.00,1.50
2016.06.07 15:19:08.810,0.67408,0.67427,1.00,1.37
2016.06.07 15:19:14.948,0.67406,0.67427,1.00,1.37
2016.06.07 15:19:15.263,0.67401,0.67422,1.00,1.87
2016.06.07 15:19:19.571,0.674,0.67422,1.00,1.87
2016.06.07 15:19:20.296,0.67401,0.6742,1.00,1.37
2016.06.07 15:19:22.680,0.67399,0.67419,1.00,1.50
2016.06.07 15:19:23.172,0.67401,0.6742,1.00,1.00
2016.06.07 15:19:23.374,0.67398,0.67418,1.12,1.00
2016.06.07 15:19:23.424,0.67397,0.67416,1.37,1.00
2016.06.07 15:19:23.626,0.67395,0.67416,1.12,1.00
2016.06.07 15:19:24.290,0.67394,0.67415,1.37,1.00
2016.06.07 15:19:24.504,0.67394,0.67415,1.00,1.37
2016.06.07 15:19:25.696,0.67392,0.67414,1.37,1.37
2016.06.07 15:19:26.879,0.67392,0.67413,1.00,1.37
2016.06.07 15:19:29.929,0.67394,0.67413,1.00,1.50
2016.06.07 15:19:30.439,0.67393,0.67414,1.00,1.87
2016.06.07 15:19:31.552,0.67391,0.67413,1.00,1.87
2016.06.07 15:19:31.604,0.6739,0.67412,1.00,2.62
2016.06.07 15:19:33.437,0.67391,0.67411,1.00,1.87
2016.06.07 15:19:33.592,0.67391,0.67412,1.00,1.87
2016.06.07 15:19:33.643,0.67393,0.67412,1.00,1.37
2016.06.07 15:19:33.794,0.67394,0.67414,1.37,1.00
2016.06.07 15:19:33.845,0.67397,0.67414,1.00,1.00
2016.06.07 15:19:34.368,0.67397,0.67415,1.00,1.12
2016.06.07 15:19:37.217,0.67399,0.67417,1.00,1.87
2016.06.07 15:19:37.427,0.67399,0.67417,1.00,1.12
2016.06.07 15:19:37.608,0.67399,0.67418,1.37,1.37
2016.06.07 15:19:38.121,0.67399,0.67421,1.00,1.37
2016.06.07 15:19:38.950,0.67399,0.6742,1.12,1.00
2016.06.07 15:19:43.201,0.67402,0.67422,1.00,1.87
2016.06.07 15:19:43.252,0.67399,0.67421,1.87,1.00
2016.06.07 15:19:43.803,0.67399,0.6742,1.12,1.50
2016.06.07 15:19:46.451,0.674,0.6742,1.00,1.00
2016.06.07 15:19:46.552,0.674,0.67422,1.00,1.50
2016.06.07 15:19:46.653,0.67401,0.6742,1.00,1.00
2016.06.07 15:19:46.906,0.67399,0.6742,1.12,1.00
2016.06.07 15:19:47.408,0.67399,0.6742,1.00,1.37
2016.06.07 15:19:48.553,0.67399,0.67421,1.12,1.50
2016.06.07 15:19:49.622,0.67399,0.67421,1.12,1.50
2016.06.07 15:19:50.712,0.67398,0.67419,1.37,1.00
2016.06.07 15:19:55.087,0.67399,0.6742,1.12,1.00
2016.06.07 15:19:58.023,0.67398,0.67419,1.00,1.37
2016.06.07 15:20:00.523,0.67396,0.67418,1.12,1.37
2016.06.07 15:20:01.217,0.67396,0.67416,1.12,1.00
2016.06.07 15:20:01.268,0.67393,0.67413,1.12,1.12
2016.06.07 15:20:01.806,0.67394,0.67414,1.00,1.50
2016.06.07 15:20:02.310,0.67395,0.67414,1.00,1.00
2016.06.07 15:20:02.631,0.67395,0.67414,1.00,1.37
2016.06.07 15:20:03.621,0.67391,0.67414,1.00,2.62
2016.06.07 15:20:04.350,0.67391,0.67414,1.37,1.00
2016.06.07 15:20:04.400,0.67394,0.67413,1.00,1.00
2016.06.07 15:20:04.717,0.67394,0.67413,1.00,1.37
2016.06.07 15:20:05.245,0.67393,0.67414,1.00,1.37
2016.06.07 15:20:05.296,0.67393,0.67414,1.37,1.00
2016.06.07 15:20:05.397,0.67394,0.67414,1.00,1.87
2016.06.07 15:20:05.932,0.67396,0.67418,1.00,2.62
2016.06.07 15:20:06.084,0.67399,0.67419,1.00,1.00
2016.06.07 15:20:06.588,0.674,0.6742,1.00,1.12
2016.06.07 15:20:07.124,0.67399,0.6742,1.00,1.12
2016.06.07 15:20:07.617,0.67401,0.67422,1.00,1.87
2016.06.07 15:20:07.819,0.67402,0.67423,1.00,1.50
2016.06.07 15:20:07.970,0.67405,0.67425,1.00,1.75
2016.06.07 15:20:08.390,0.67405,0.67425,1.00,1.50
2016.06.07 15:20:08.441,0.67403,0.67424,1.00,1.00
2016.06.07 15:20:08.724,0.67403,0.67424,1.00,1.37
2016.06.07 15:20:08.825,0.67401,0.67422,1.00,1.12
2016.06.07 15:20:08.977,0.67401,0.67422,1.00,1.50
2016.06.07 15:20:09.909,0.674,0.6742,1.00,1.37
2016.06.07 15:20:10.797,0.67401,0.67423,1.00,1.37
2016.06.07 15:20:11.334,0.67402,0.67422,1.00,1.12
2016.06.07 15:20:11.536,0.67399,0.67421,1.12,1.00
2016.06.07 15:20:11.587,0.67398,0.67419,1.37,1.00
2016.06.07 15:20:12.116,0.67401,0.6742,1.00,1.00
2016.06.07 15:20:12.647,0.67397,0.67418,1.87,1.00
2016.06.07 15:20:12.798,0.67396,0.67416,1.37,1.00
2016.06.07 15:20:17.415,0.67396,0.67416,1.00,1.12
2016.06.07 15:20:18.951,0.67394,0.67417,1.00,1.37
2016.06.07 15:20:19.771,0.67397,0.67416,1.00,1.12
2016.06.07 15:20:21.057,0.67395,0.67416,1.00,1.12
2016.06.07 15:20:24.192,0.67395,0.67414,1.00,1.00
2016.06.07 15:20:24.243,0.67393,0.67414,1.12,1.00
2016.06.07 15:20:24.395,0.67392,0.67412,1.37,1.00
2016.06.07 15:20:24.553,0.6739,0.67411,1.00,1.37
2016.06.07 15:20:26.311,0.67392,0.67413,1.00,1.87
2016.06.07 15:20:26.641,0.67392,0.67413,1.00,1.12
2016.06.07 15:20:27.041,0.67394,0.67415,1.00,1.37
2016.06.07 15:20:27.243,0.67396,0.67418,1.00,1.37
2016.06.07 15:20:27.877,0.67398,0.67418,1.00,1.37
2016.06.07 15:20:28.029,0.674,0.6742,1.00,1.87
2016.06.07 15:20:28.533,0.67399,0.6742,1.12,1.00
2016.06.07 15:20:29.093,0.67397,0.67418,1.87,1.00
2016.06.07 15:20:29.144,0.67397,0.67418,1.50,1.00
2016.06.07 15:20:29.954,0.67396,0.67418,1.12,1.00
2016.06.07 15:20:31.994,0.67399,0.67418,1.00,1.00
2016.06.07 15:20:33.054,0.67397,0.67418,1.00,1.00
2016.06.07 15:20:33.765,0.67395,0.67417,1.00,1.37
2016.06.07 15:20:34.250,0.67395,0.67417,1.37,1.00
2016.06.07 15:20:34.580,0.67399,0.67418,1.00,1.12
2016.06.07 15:20:35.288,0.674,0.6742,1.00,1.37
2016.06.07 15:20:35.389,0.67398,0.6742,1.00,1.37
2016.06.07 15:20:35.540,0.67399,0.67418,1.00,1.37
2016.06.07 15:20:35.754,0.67399,0.67418,1.00,1.12
2016.06.07 15:20:36.475,0.67398,0.67419,1.12,1.37
2016.06.07 15:20:38.770,0.67398,0.67419,1.00,1.37
2016.06.07 15:20:38.871,0.67398,0.67419,1.00,1.00
2016.06.07 15:20:39.403,0.67396,0.67418,1.37,1.00
2016.06.07 15:20:39.454,0.67396,0.67419,1.00,1.37
2016.06.07 15:20:39.780,0.67398,0.6742,1.12,1.12
2016.06.07 15:20:39.881,0.67396,0.67417,1.87,1.00
2016.06.07 15:20:39.982,0.67396,0.67417,1.12,1.37
2016.06.07 15:20:41.088,0.67396,0.67417,1.00,1.50
2016.06.07 15:20:41.424,0.67394,0.67416,1.00,1.37
2016.06.07 15:20:41.475,0.67396,0.67415,1.00,1.37
2016.06.07 15:20:42.378,0.67395,0.67418,1.00,1.50
2016.06.07 15:20:43.018,0.67394,0.67416,1.00,1.37
2016.06.07 15:20:43.593,0.67393,0.67415,1.12,1.37
2016.06.07 15:20:44.080,0.67393,0.67414,1.00,1.37
2016.06.07 15:20:44.131,0.67391,0.67414,1.00,1.37
2016.06.07 15:20:45.464,0.67392,0.67411,1.00,1.00
2016.06.07 15:20:46.071,0.67392,0.67411,1.00,1.37
2016.06.07 15:20:46.533,0.67392,0.67411,1.00,1.00
2016.06.07 15:20:46.989,0.67392,0.67411,1.00,1.37
2016.06.07 15:20:47.797,0.67391,0.67413,1.37,1.87
2016.06.07 15:20:50.398,0.67391,0.67412,1.00,1.50
2016.06.07 15:20:50.905,0.6739,0.67411,1.00,1.37
2016.06.07 15:20:56.660,0.67391,0.6741,1.00,1.12
2016.06.07 15:21:04.932,0.67394,0.67415,1.00,2.25
2016.06.07 15:21:05.033,0.67395,0.67415,1.00,1.37
2016.06.07 15:21:05.083,0.67397,0.67416,1.00,1.37
2016.06.07 15:21:05.336,0.67397,0.67418,1.00,1.87
2016.06.07 15:21:05.941,0.67396,0.67418,1.00,1.87
2016.06.07 15:21:06.992,0.67397,0.67418,1.00,1.87
2016.06.07 15:21:11.237,0.67399,0.67417,1.00,1.37
2016.06.07 15:21:12.954,0.67397,0.67418,1.00,2.25
2016.06.07 15:21:15.467,0.67395,0.67417,1.00,1.75
2016.06.07 15:21:16.266,0.67394,0.67416,1.12,1.50
2016.06.07 15:21:16.316,0.67391,0.67412,1.37,1.00
2016.06.07 15:21:16.534,0.6739,0.67409,1.00,1.12
2016.06.07 15:21:19.407,0.67392,0.67411,1.00,1.37
2016.06.07 15:21:19.457,0.67394,0.67416,1.12,1.12
2016.06.07 15:21:19.558,0.67397,0.67417,1.00,1.87
2016.06.07 15:21:19.947,0.67394,0.67417,1.12,1.87
2016.06.07 15:21:20.260,0.67394,0.67415,1.00,1.37
2016.06.07 15:21:21.181,0.67392,0.67414,1.00,1.37
2016.06.07 15:21:25.640,0.67393,0.67412,1.00,1.00
2016.06.07 15:21:27.800,0.67391,0.67412,1.00,1.12
2016.06.07 15:21:28.804,0.6739,0.6741,1.00,1.37
2016.06.07 15:21:29.151,0.67388,0.6741,1.00,1.50
2016.06.07 15:21:29.508,0.6739,0.67409,1.00,1.37
2016.06.07 15:21:29.559,0.67389,0.67409,1.00,1.00
2016.06.07 15:21:29.868,0.67389,0.6741,1.00,1.50
2016.06.07 15:21:32.819,0.67386,0.67406,1.00,1.37
2016.06.07 15:21:33.242,0.67388,0.67407,1.00,1.37
2016.06.07 15:21:39.889,0.67389,0.67409,1.00,1.87
2016.06.07 15:21:40.443,0.67388,0.67408,1.00,1.37
2016.06.07 15:21:41.499,0.67386,0.67408,1.00,1.87
2016.06.07 15:21:41.549,0.67386,0.67405,1.00,1.37
2016.06.07 15:21:43.253,0.67386,0.67408,1.00,1.37
2016.06.07 15:21:44.479,0.67388,0.67409,1.00,2.25
2016.06.07 15:21:46.757,0.67386,0.67408,1.00,1.37
2016.06.07 15:21:51.238,0.67385,0.67406,1.00,1.37
2016.06.07 15:21:57.187,0.67383,0.67405,1.00,1.87
2016.06.07 15:22:01.277,0.67386,0.67404,1.00,1.37
2016.06.07 15:22:01.328,0.67384,0.67404,1.00,1.37
2016.06.07 15:22:02.674,0.67384,0.67405,1.00,1.37
2016.06.07 15:22:03.252,0.67382,0.67404,1.37,1.12
2016.06.07 15:22:03.504,0.67384,0.67404,1.00,1.37
2016.06.07 15:22:05.841,0.67383,0.67404,1.00,1.37
2016.06.07 15:22:06.380,0.67382,0.67403,1.00,1.37
2016.06.07 15:22:07.456,0.67382,0.67403,1.00,1.37
2016.06.07 15:22:07.632,0.6738,0.67403,1.00,1.37
2016.06.07 15:22:08.250,0.67381,0.67403,1.00,1.50
2016.06.07 15:22:08.401,0.67381,0.67403,1.00,1.12
2016.06.07 15:22:08.698,0.67383,0.67404,1.00,1.50
2016.06.07 15:22:09.331,0.67384,0.67404,1.00,1.37
2016.06.07 15:22:09.822,0.67382,0.67403,1.00,1.50
2016.06.07 15:22:10.015,0.67382,0.67403,1.00,2.62
2016.06.07 15:22:10.837,0.67384,0.67403,1.00,2.62
2016.06.07 15:22:11.141,0.67382,0.67403,1.00,2.25
2016.06.07 15:22:11.502,0.67382,0.67403,1.00,2.25
2016.06.07 15:22:12.024,0.67381,0.67402,1.00,1.50
2016.06.07 15:22:14.034,0.6738,0.67402,1.00,1.50
2016.06.07 15:22:14.136,0.67385,0.67403,1.00,1.37
2016.06.07 15:22:14.237,0.67385,0.67406,1.00,1.50
2016.06.07 15:22:14.389,0.67383,0.67404,1.12,1.00
2016.06.07 15:22:14.693,0.67379,0.67399,2.25,1.00
2016.06.07 15:22:15.445,0.6738,0.67401,1.00,1.50
2016.06.07 15:22:18.732,0.67381,0.674,1.00,1.50
2016.06.07 15:22:19.722,0.67381,0.674,1.00,1.12
2016.06.07 15:22:20.392,0.6738,0.67401,1.00,1.37
2016.06.07 15:22:33.122,0.6738,0.67401,1.50,1.87
2016.06.07 15:22:34.502,0.67379,0.67397,1.00,1.12
2016.06.07 15:22:34.754,0.67374,0.67394,1.50,1.37
2016.06.07 15:22:35.644,0.67374,0.67394,1.00,1.87
2016.06.07 15:22:35.874,0.67372,0.67392,1.00,1.12
2016.06.07 15:22:36.041,0.67372,0.67393,1.00,2.25
2016.06.07 15:22:36.625,0.67371,0.67393,1.00,2.25
2016.06.07 15:22:37.271,0.6737,0.67392,1.50,1.50
2016.06.07 15:22:45.652,0.67371,0.6739,1.00,1.12
2016.06.07 15:22:46.300,0.67375,0.67393,1.00,1.75
2016.06.07 15:22:46.451,0.67375,0.67393,1.00,1.00
2016.06.07 15:22:46.553,0.67377,0.67395,1.00,1.37
2016.06.07 15:22:47.253,0.67378,0.67396,1.00,1.37
2016.06.07 15:22:47.354,0.67376,0.67397,1.12,1.12
2016.06.07 15:22:47.707,0.67379,0.674,1.00,1.75
2016.06.07 15:22:48.400,0.67378,0.674,1.00,1.37
2016.06.07 15:22:48.502,0.67379,0.67401,1.00,2.62
2016.06.07 15:22:49.061,0.67378,0.67401,1.12,2.25
2016.06.07 15:22:50.148,0.67379,0.67399,1.00,1.12
2016.06.07 15:22:50.818,0.67378,0.67399,1.12,1.12
2016.06.07 15:22:51.357,0.6738,0.674,1.00,1.50
2016.06.07 15:22:51.660,0.67384,0.67404,1.00,1.75
2016.06.07 15:22:51.711,0.67384,0.67402,1.00,1.00
2016.06.07 15:22:52.325,0.67383,0.67402,1.00,1.00
2016.06.07 15:22:52.955,0.67383,0.67402,1.00,1.37
2016.06.07 15:22:56.877,0.67383,0.67402,1.00,1.00
2016.06.07 15:22:56.928,0.67382,0.67404,1.50,1.12
2016.06.07 15:22:57.031,0.67384,0.67404,1.00,1.37
2016.06.07 15:22:57.842,0.67381,0.67402,1.50,1.37
2016.06.07 15:22:58.371,0.67381,0.67402,1.00,1.50
2016.06.07 15:22:58.993,0.6738,0.67402,1.00,1.37
2016.06.07 15:23:02.049,0.67385,0.67404,1.00,1.87
2016.06.07 15:23:02.251,0.67387,0.67407,1.37,1.00
2016.06.07 15:23:02.797,0.67388,0.67409,1.12,1.37
2016.06.07 15:23:03.318,0.6739,0.67411,1.00,1.50
2016.06.07 15:23:03.520,0.6739,0.67411,1.00,1.00
2016.06.07 15:23:03.798,0.67389,0.67409,1.87,1.00
2016.06.07 15:23:04.574,0.67389,0.67409,1.50,1.37
2016.06.07 15:23:07.154,0.6739,0.6741,1.00,1.37
2016.06.07 15:23:07.796,0.67391,0.6741,1.00,1.50
2016.06.07 15:23:08.171,0.67391,0.6741,1.00,1.00
2016.06.07 15:23:09.144,0.67392,0.67413,1.00,1.37
2016.06.07 15:23:09.195,0.67394,0.67413,1.00,1.37
2016.06.07 15:23:09.296,0.67392,0.67413,1.00,1.37
2016.06.07 15:23:09.548,0.6739,0.67409,1.12,1.00
2016.06.07 15:23:09.829,0.67388,0.6741,1.00,1.50
2016.06.07 15:23:10.352,0.67389,0.6741,1.00,1.37
2016.06.07 15:23:11.129,0.67393,0.67414,1.12,1.37
2016.06.07 15:23:11.181,0.67393,0.67414,1.12,1.00
2016.06.07 15:23:11.956,0.67393,0.67415,1.12,1.00
2016.06.07 15:23:12.501,0.67394,0.67415,1.00,1.12
2016.06.07 15:23:13.995,0.67396,0.67416,1.00,1.37
2016.06.07 15:23:14.506,0.67396,0.67417,1.00,1.50
2016.06.07 15:23:15.304,0.67395,0.67416,1.00,1.12
2016.06.07 15:23:15.828,0.67397,0.67418,1.00,1.87
2016.06.07 15:23:18.490,0.67397,0.67418,1.12,1.12
2016.06.07 15:23:18.933,0.67395,0.67415,1.37,1.00
2016.06.07 15:23:19.355,0.67395,0.67416,1.50,1.50
2016.06.07 15:23:19.406,0.67394,0.67414,1.00,1.37
2016.06.07 15:23:19.607,0.67394,0.67414,1.00,1.00
2016.06.07 15:23:19.775,0.67392,0.67413,1.00,1.00
2016.06.07 15:23:19.825,0.67393,0.67411,1.00,1.00
2016.06.07 15:23:19.885,0.67391,0.67412,1.12,1.00
2016.06.07 15:23:19.986,0.67391,0.67412,1.00,1.75
2016.06.07 15:23:26.511,0.67391,0.6741,1.00,2.62
2016.06.07 15:23:28.109,0.67392,0.67411,1.00,1.37
2016.06.07 15:23:29.410,0.67394,0.67413,1.00,1.75
2016.06.07 15:23:30.268,0.67395,0.67415,1.00,1.12
2016.06.07 15:23:30.318,0.67395,0.67416,1.00,1.87
2016.06.07 15:23:31.228,0.67397,0.67417,1.00,1.87
2016.06.07 15:23:31.787,0.67396,0.67415,1.00,1.87
2016.06.07 15:23:32.304,0.67396,0.67416,1.00,1.00
2016.06.07 15:23:32.801,0.67398,0.67419,1.00,1.87
2016.06.07 15:23:33.375,0.67397,0.67419,1.00,1.87
2016.06.07 15:23:33.925,0.67398,0.67419,1.00,1.87
2016.06.07 15:23:34.925,0.67396,0.67418,1.00,1.50
2016.06.07 15:23:35.427,0.67397,0.67418,1.00,1.87
2016.06.07 15:23:36.679,0.67399,0.67419,1.00,1.87
2016.06.07 15:23:37.264,0.67398,0.67418,1.00,1.50
2016.06.07 15:23:37.690,0.674,0.6742,1.00,1.12
2016.06.07 15:23:37.791,0.674,0.67421,1.00,1.87
2016.06.07 15:23:38.325,0.674,0.67421,1.37,1.50
2016.06.07 15:23:38.548,0.67401,0.67423,1.87,1.75
2016.06.07 15:23:38.599,0.67402,0.67422,1.00,1.37
2016.06.07 15:23:38.650,0.67404,0.67424,1.00,1.50
2016.06.07 15:23:38.701,0.67404,0.67424,1.00,1.12
2016.06.07 15:23:39.117,0.67404,0.67426,1.37,1.00
2016.06.07 15:23:39.420,0.67407,0.67426,1.00,1.00
2016.06.07 15:23:39.923,0.67405,0.67425,1.12,1.50
2016.06.07 15:23:40.451,0.67406,0.67425,1.00,1.00
2016.06.07 15:23:41.262,0.6741,0.67428,1.00,1.37
2016.06.07 15:23:41.940,0.67409,0.67427,1.00,1.12
2016.06.07 15:23:42.303,0.67407,0.67427,1.00,1.12
2016.06.07 15:23:43.038,0.67413,0.67428,1.00,1.37
2016.06.07 15:23:43.189,0.67413,0.67432,1.00,1.50
2016.06.07 15:23:43.306,0.67413,0.67434,1.00,1.87
2016.06.07 15:23:44.179,0.67414,0.67436,1.00,1.50
2016.06.07 15:23:44.827,0.67415,0.67434,1.00,1.12
2016.06.07 15:23:45.455,0.67414,0.67434,1.00,1.50
2016.06.07 15:23:46.247,0.67414,0.67433,1.00,1.00
2016.06.07 15:23:47.610,0.67411,0.67432,1.37,1.00
2016.06.07 15:23:50.233,0.67419,0.67434,1.00,1.37
2016.06.07 15:23:50.284,0.67417,0.67437,1.00,2.25
2016.06.07 15:23:50.336,0.67418,0.67437,1.00,1.12
2016.06.07 15:23:50.537,0.67419,0.67441,1.12,1.87
2016.06.07 15:23:50.588,0.67419,0.67441,1.12,1.50
2016.06.07 15:23:50.639,0.67422,0.67441,1.00,1.50
2016.06.07 15:23:50.841,0.67422,0.67443,1.12,1.00
2016.06.07 15:23:51.319,0.67424,0.67445,1.00,1.87
2016.06.07 15:23:51.420,0.67422,0.67443,1.12,1.12
2016.06.07 15:23:51.471,0.67422,0.67443,1.00,1.50
2016.06.07 15:23:55.113,0.67424,0.67444,1.00,1.50
2016.06.07 15:23:55.722,0.67425,0.67444,1.00,1.50
2016.06.07 15:24:04.007,0.67425,0.67444,1.00,1.00
2016.06.07 15:24:04.871,0.67425,0.67446,1.37,1.50
2016.06.07 15:24:05.106,0.67427,0.67448,1.12,1.50
2016.06.07 15:24:05.260,0.67425,0.67446,1.37,1.37
2016.06.07 15:24:05.311,0.67425,0.67444,1.00,1.00
2016.06.07 15:24:06.644,0.67426,0.67446,1.00,1.12
2016.06.07 15:24:07.417,0.67426,0.67447,1.00,1.75
2016.06.07 15:24:07.722,0.67426,0.67447,1.00,1.50
2016.06.07 15:24:10.092,0.67427,0.67449,1.00,1.50
2016.06.07 15:24:10.508,0.67433,0.67453,1.00,1.75
2016.06.07 15:24:10.709,0.67436,0.67454,1.00,1.00
2016.06.07 15:24:10.760,0.67433,0.67456,1.12,1.50
2016.06.07 15:24:11.863,0.67433,0.67455,1.00,1.37
2016.06.07 15:24:13.484,0.67433,0.67457,1.37,1.75
2016.06.07 15:24:13.535,0.67437,0.6746,1.00,1.50
2016.06.07 15:24:13.938,0.67434,0.67458,1.12,1.12
2016.06.07 15:24:15.825,0.67435,0.67458,1.00,1.12
2016.06.07 15:24:16.070,0.67436,0.6746,1.50,1.50
2016.06.07 15:24:16.290,0.67437,0.67463,1.37,1.87
2016.06.07 15:24:16.341,0.67437,0.67461,1.75,1.00
2016.06.07 15:24:17.003,0.6744,0.67464,1.00,1.87
2016.06.07 15:24:19.107,0.67441,0.67465,1.00,2.62
2016.06.07 15:24:21.084,0.67439,0.67464,1.87,1.75
2016.06.07 15:24:21.134,0.67439,0.67462,1.50,1.37
2016.06.07 15:24:21.346,0.67437,0.67462,2.62,2.62
2016.06.07 15:24:21.397,0.6744,0.67463,1.00,2.62
2016.06.07 15:24:21.448,0.67437,0.67463,2.25,2.62
2016.06.07 15:24:21.960,0.67439,0.67463,1.00,1.87
2016.06.07 15:24:22.634,0.67437,0.67461,1.50,1.87
2016.06.07 15:24:23.164,0.67436,0.6746,1.00,1.87
2016.06.07 15:24:23.562,0.67438,0.6746,1.00,2.62
2016.06.07 15:24:24.066,0.67438,0.67456,1.00,1.00
2016.06.07 15:24:24.604,0.67439,0.67456,1.00,1.00
2016.06.07 15:24:24.806,0.6744,0.67459,1.00,1.50
2016.06.07 15:24:25.041,0.6744,0.67456,1.00,1.00
2016.06.07 15:24:25.092,0.67437,0.67456,1.00,1.00
2016.06.07 15:24:25.143,0.67439,0.67458,1.00,1.00
2016.06.07 15:24:25.295,0.6744,0.67461,1.00,1.50
2016.06.07 15:24:25.346,0.6744,0.67461,1.00,1.50
2016.06.07 15:24:26.052,0.6744,0.67461,1.12,1.50
2016.06.07 15:24:26.304,0.67435,0.67457,1.12,1.00
2016.06.07 15:24:26.405,0.67433,0.67456,1.00,1.37
2016.06.07 15:24:27.586,0.67435,0.67456,1.00,1.50
2016.06.07 15:24:27.888,0.67437,0.6746,1.12,1.12
2016.06.07 15:24:28.197,0.67439,0.6746,1.00,1.12
2016.06.07 15:24:28.517,0.67436,0.6746,1.37,1.12
2016.06.07 15:24:28.669,0.67436,0.67458,1.00,1.12
2016.06.07 15:24:29.552,0.67436,0.67459,1.00,1.12
2016.06.07 15:24:31.454,0.67436,0.67457,1.00,1.12
2016.06.07 15:24:31.955,0.67433,0.67457,1.37,1.12
2016.06.07 15:24:32.489,0.67433,0.67458,1.37,1.12
2016.06.07 15:24:36.263,0.67436,0.67457,1.00,1.50
2016.06.07 15:24:38.485,0.67436,0.67456,1.00,1.37
2016.06.07 15:24:38.969,0.67434,0.67455,1.00,1.37
2016.06.07 15:24:39.132,0.67437,0.67457,1.00,2.62
2016.06.07 15:24:39.234,0.67436,0.67457,1.00,1.37
2016.06.07 15:24:39.545,0.6744,0.67458,1.00,1.37
2016.06.07 15:24:39.597,0.67439,0.6746,1.00,1.37
2016.06.07 15:24:39.647,0.67441,0.6746,1.00,1.37
2016.06.07 15:24:39.698,0.6744,0.67464,1.00,1.87
2016.06.07 15:24:43.122,0.67437,0.67459,1.12,1.50
2016.06.07 15:24:43.223,0.67435,0.67459,1.00,1.87
2016.06.07 15:24:43.648,0.67435,0.67459,1.12,1.50
2016.06.07 15:24:44.190,0.67436,0.67459,1.00,1.37
2016.06.07 15:24:44.889,0.67434,0.67458,3.00,1.12
2016.06.07 15:24:45.386,0.67434,0.67457,1.00,1.12
2016.06.07 15:24:45.696,0.67434,0.67456,1.37,1.00
2016.06.07 15:24:46.548,0.67436,0.6746,1.12,1.50
2016.06.07 15:24:46.649,0.67435,0.67457,1.87,1.00
2016.06.07 15:24:47.107,0.67435,0.67457,1.12,1.00
2016.06.07 15:24:47.828,0.67435,0.67457,1.12,1.37
2016.06.07 15:24:48.430,0.67435,0.67457,1.12,1.00
2016.06.07 15:24:48.938,0.67435,0.6746,2.25,1.75
2016.06.07 15:24:49.150,0.67437,0.67459,1.37,1.00
2016.06.07 15:24:49.732,0.67437,0.67458,1.37,1.00
2016.06.07 15:24:50.515,0.67439,0.67458,1.00,1.00
2016.06.07 15:24:50.616,0.67439,0.6746,1.00,1.00
2016.06.07 15:24:50.717,0.6744,0.67461,1.50,1.00
2016.06.07 15:24:50.868,0.6744,0.67464,1.50,1.37
2016.06.07 15:24:51.353,0.67438,0.6746,1.37,1.87
2016.06.07 15:24:51.403,0.67436,0.6746,1.50,1.87
2016.06.07 15:24:51.456,0.67436,0.67457,1.50,1.00
2016.06.07 15:24:51.557,0.67435,0.67457,1.12,1.12
2016.06.07 15:24:51.758,0.67433,0.67454,1.00,1.37
2016.06.07 15:24:52.463,0.67432,0.67454,1.87,1.00
2016.06.07 15:24:52.515,0.67434,0.67456,1.00,1.00
2016.06.07 15:24:55.590,0.67433,0.67459,1.87,1.37
2016.06.07 15:24:55.842,0.67437,0.67462,1.50,1.00
2016.06.07 15:24:56.552,0.67437,0.6746,2.62,1.00
2016.06.07 15:24:56.653,0.67437,0.67462,2.62,1.00
2016.06.07 15:25:00.734,0.67434,0.67457,1.87,1.00
2016.06.07 15:25:00.785,0.67434,0.67455,1.50,1.00
2016.06.07 15:25:01.530,0.67433,0.67454,1.87,1.00
2016.06.07 15:25:01.774,0.67432,0.67453,1.50,1.37
2016.06.07 15:25:01.875,0.6743,0.67451,1.87,1.12
2016.06.07 15:25:02.387,0.67429,0.67447,1.00,1.00
2016.06.07 15:25:02.857,0.67428,0.67449,2.62,1.00
2016.06.07 15:25:02.909,0.67431,0.67452,1.00,1.37
2016.06.07 15:25:03.280,0.67428,0.6745,1.87,1.00
2016.06.07 15:25:03.747,0.67428,0.6745,1.00,1.50
2016.06.07 15:25:04.067,0.67426,0.67447,1.00,1.00
2016.06.07 15:25:04.593,0.67426,0.67448,1.00,1.12
2016.06.07 15:25:04.907,0.67428,0.67447,1.00,1.00
2016.06.07 15:25:06.007,0.67429,0.67448,1.00,1.12
2016.06.07 15:25:06.561,0.67427,0.67448,1.50,1.12
2016.06.07 15:25:08.033,0.67426,0.67447,1.00,1.12
2016.06.07 15:25:08.645,0.67427,0.67448,1.00,1.12
2016.06.07 15:25:09.494,0.67431,0.67452,1.00,1.37
2016.06.07 15:25:09.602,0.67429,0.6745,1.12,1.12
2016.06.07 15:25:09.804,0.67428,0.67449,1.12,1.50
2016.06.07 15:25:09.956,0.67426,0.67447,1.12,1.00
2016.06.07 15:25:10.748,0.67424,0.67445,1.87,1.00
2016.06.07 15:25:11.026,0.67424,0.67445,1.00,1.12
2016.06.07 15:25:14.289,0.67426,0.67445,1.00,1.12
2016.06.07 15:25:14.591,0.67431,0.67452,1.00,1.37
2016.06.07 15:25:15.656,0.67433,0.67452,1.00,1.37
2016.06.07 15:25:15.707,0.67431,0.67452,1.00,1.37
2016.06.07 15:25:15.808,0.67429,0.6745,1.00,1.37
2016.06.07 15:25:16.333,0.67427,0.67448,1.37,1.12
2016.06.07 15:25:17.111,0.67427,0.67448,1.00,1.37
2016.06.07 15:25:18.266,0.67424,0.67443,1.00,1.12
2016.06.07 15:25:18.799,0.67423,0.67444,1.00,1.37
2016.06.07 15:25:19.162,0.67426,0.67445,1.00,1.37
2016.06.07 15:25:19.213,0.67426,0.67445,1.00,1.12
2016.06.07 15:25:19.314,0.67427,0.67447,1.00,1.00
2016.06.07 15:25:21.151,0.67428,0.67449,1.00,1.50
2016.06.07 15:25:22.762,0.67429,0.67449,1.00,1.50
2016.06.07 15:25:23.280,0.67429,0.67449,1.00,1.00
2016.06.07 15:25:23.540,0.67432,0.67452,1.00,1.50
2016.06.07 15:25:23.826,0.67432,0.67453,1.00,1.37
2016.06.07 15:25:23.876,0.67434,0.67455,1.00,1.87
2016.06.07 15:25:24.406,0.67435,0.67458,1.00,1.12
2016.06.07 15:25:26.211,0.67437,0.67458,1.00,1.37
2016.06.07 15:25:26.742,0.67436,0.67459,1.00,1.87
2016.06.07 15:25:27.246,0.67435,0.67456,1.00,1.00
2016.06.07 15:25:27.800,0.67434,0.67457,1.00,1.12
2016.06.07 15:25:29.075,0.67436,0.67457,1.00,1.12
2016.06.07 15:25:29.679,0.67436,0.67459,1.00,1.87
2016.06.07 15:25:30.937,0.67438,0.67459,1.00,2.25
2016.06.07 15:25:31.308,0.67436,0.67459,1.12,1.50
2016.06.07 15:25:31.555,0.67436,0.67459,1.00,2.25
2016.06.07 15:25:34.323,0.67437,0.67457,1.00,1.37
2016.06.07 15:25:34.844,0.67437,0.67457,1.00,1.87
2016.06.07 15:25:35.301,0.67434,0.67455,1.50,1.12
2016.06.07 15:25:35.928,0.67436,0.67456,1.00,1.00
2016.06.07 15:25:37.716,0.67434,0.67455,1.50,1.00
2016.06.07 15:25:45.886,0.67434,0.67455,1.00,1.87
2016.06.07 15:25:46.239,0.67436,0.67455,1.00,1.37
2016.06.07 15:25:46.804,0.67434,0.67454,1.00,1.37
2016.06.07 15:25:48.206,0.67435,0.67454,1.00,1.37
2016.06.07 15:25:48.612,0.67435,0.67457,1.00,1.37
2016.06.07 15:25:49.264,0.67436,0.67455,1.00,1.12
2016.06.07 15:25:49.767,0.67439,0.67457,1.00,1.50
2016.06.07 15:25:50.019,0.67439,0.67459,1.00,1.12
2016.06.07 15:25:50.120,0.67441,0.6746,1.00,1.37
2016.06.07 15:25:50.457,0.67441,0.67463,1.00,1.37
2016.06.07 15:25:52.273,0.67443,0.67464,1.00,2.25
2016.06.07 15:25:52.425,0.67443,0.67464,1.12,1.12
2016.06.07 15:25:52.804,0.67445,0.67465,1.00,1.12
2016.06.07 15:25:53.176,0.67443,0.67464,1.12,1.37
2016.06.07 15:25:53.490,0.67443,0.67464,1.00,1.50
2016.06.07 15:25:54.466,0.67444,0.67464,1.00,1.37
2016.06.07 15:25:54.981,0.67443,0.67464,1.00,1.37
2016.06.07 15:25:55.032,0.67441,0.6746,1.12,1.00
2016.06.07 15:25:55.133,0.67441,0.67462,1.00,1.50
2016.06.07 15:25:55.395,0.67442,0.67463,1.00,1.87
2016.06.07 15:25:55.923,0.67439,0.6746,2.25,1.00
2016.06.07 15:25:56.475,0.6744,0.67461,1.37,1.12
2016.06.07 15:25:58.006,0.67441,0.6746,1.12,1.00
2016.06.07 15:25:58.638,0.67441,0.67461,1.12,1.12
2016.06.07 15:25:59.424,0.67439,0.67459,1.87,1.00
2016.06.07 15:25:59.854,0.67439,0.6746,1.50,1.50
2016.06.07 15:26:00.628,0.6744,0.6746,1.00,1.37
2016.06.07 15:26:01.201,0.67441,0.67462,1.00,1.37
2016.06.07 15:26:02.620,0.67443,0.67461,1.00,1.00
2016.06.07 15:26:02.722,0.67443,0.67464,1.12,1.50
2016.06.07 15:26:02.946,0.67445,0.67466,1.00,1.12
2016.06.07 15:26:03.250,0.67448,0.67467,1.00,1.37
2016.06.07 15:26:03.990,0.67445,0.67467,1.00,1.37
2016.06.07 15:26:04.369,0.67445,0.67463,1.00,1.00
2016.06.07 15:26:05.013,0.67444,0.67465,1.00,1.75
2016.06.07 15:26:05.638,0.67442,0.6746,1.00,1.00
2016.06.07 15:26:05.739,0.6744,0.67459,1.12,1.00
2016.06.07 15:26:05.941,0.67437,0.67458,1.50,1.00
2016.06.07 15:26:06.263,0.67437,0.67458,1.50,1.37
2016.06.07 15:26:07.470,0.67439,0.67459,1.00,1.50
2016.06.07 15:26:07.520,0.67441,0.6746,1.00,1.87
2016.06.07 15:26:07.672,0.67439,0.6746,1.00,1.87
2016.06.07 15:26:07.932,0.67438,0.67457,1.00,1.37
2016.06.07 15:26:08.083,0.6744,0.67459,1.00,1.00
2016.06.07 15:26:08.568,0.67438,0.67459,1.00,1.37
2016.06.07 15:26:10.177,0.67438,0.67459,1.00,1.00
2016.06.07 15:26:11.700,0.67437,0.67459,1.12,1.12
2016.06.07 15:26:14.445,0.67437,0.67458,1.12,1.12
2016.06.07 15:26:14.652,0.67437,0.67458,1.00,1.87
2016.06.07 15:26:15.698,0.67439,0.67458,1.00,2.62
2016.06.07 15:26:16.230,0.67438,0.67457,1.00,1.37
2016.06.07 15:26:16.475,0.67438,0.67457,1.00,1.00
2016.06.07 15:26:17.011,0.67436,0.67457,1.12,1.00
2016.06.07 15:26:17.288,0.67439,0.67458,1.00,1.12
2016.06.07 15:26:17.591,0.67442,0.67462,1.00,1.00
2016.06.07 15:26:18.108,0.67442,0.67463,1.37,1.12
2016.06.07 15:26:18.259,0.67441,0.6746,1.37,1.00
2016.06.07 15:26:18.360,0.67437,0.67456,1.37,1.00
2016.06.07 15:26:18.461,0.67435,0.67454,1.87,1.00
2016.06.07 15:26:18.563,0.67435,0.67454,1.00,1.00
2016.06.07 15:26:18.664,0.67433,0.67453,1.50,1.37
2016.06.07 15:26:19.197,0.67434,0.67455,1.00,1.87
2016.06.07 15:26:19.348,0.67432,0.67452,1.00,1.00
2016.06.07 15:26:20.052,0.67431,0.67452,1.12,1.50
2016.06.07 15:26:20.713,0.6743,0.67451,1.37,1.00
2016.06.07 15:26:21.218,0.67431,0.67452,1.12,1.50
2016.06.07 15:26:23.696,0.67431,0.67449,1.12,1.00
2016.06.07 15:26:24.017,0.67429,0.6745,1.00,1.75
2016.06.07 15:26:25.272,0.6743,0.67449,1.00,1.37
2016.06.07 15:26:25.374,0.67433,0.67452,1.00,2.25
2016.06.07 15:26:25.525,0.67434,0.67453,1.00,1.00
2016.06.07 15:26:25.869,0.67434,0.67455,1.00,1.12
2016.06.07 15:26:26.501,0.67434,0.67455,1.00,1.50
2016.06.07 15:26:26.733,0.67436,0.67454,1.00,1.00
2016.06.07 15:26:27.238,0.67437,0.67457,1.00,1.37
2016.06.07 15:26:30.932,0.6744,0.67459,1.00,1.75
2016.06.07 15:26:30.982,0.67436,0.67454,1.00,1.00
2016.06.07 15:26:31.033,0.67439,0.6746,1.00,2.25
2016.06.07 15:26:31.134,0.67439,0.6746,1.00,1.37
2016.06.07 15:26:31.235,0.6744,0.67461,1.00,1.12
2016.06.07 15:26:31.437,0.67443,0.67463,1.00,1.37
2016.06.07 15:26:31.675,0.67443,0.67463,1.00,1.00
2016.06.07 15:26:32.244,0.67443,0.67464,1.00,1.50
2016.06.07 15:26:32.496,0.67443,0.67463,1.00,1.37
2016.06.07 15:26:33.333,0.67444,0.67463,1.00,1.37
2016.06.07 15:26:33.434,0.67444,0.67463,1.00,1.00
2016.06.07 15:26:36.116,0.67446,0.67464,1.00,1.12
2016.06.07 15:26:37.482,0.67444,0.67465,1.00,1.37
2016.06.07 15:26:38.660,0.67442,0.67463,1.12,1.00
2016.06.07 15:26:38.711,0.67441,0.67461,1.37,1.00
2016.06.07 15:26:39.424,0.67442,0.67463,1.12,1.12
2016.06.07 15:26:40.300,0.67444,0.67465,1.00,1.50
2016.06.07 15:26:40.927,0.67443,0.67461,1.00,1.00
2016.06.07 15:26:42.218,0.67443,0.67462,1.00,1.00
2016.06.07 15:26:44.255,0.67441,0.6746,1.37,1.00
2016.06.07 15:26:44.783,0.67441,0.6746,1.00,1.87
2016.06.07 15:26:44.834,0.67438,0.6746,1.00,1.87
2016.06.07 15:26:45.459,0.67439,0.67458,1.00,1.00
2016.06.07 15:26:45.824,0.67436,0.67457,1.12,1.00
2016.06.07 15:26:45.925,0.67436,0.67455,1.12,1.00
2016.06.07 15:26:46.256,0.67434,0.67454,1.50,1.37
2016.06.07 15:26:46.857,0.67434,0.67454,1.00,1.50
2016.06.07 15:26:47.564,0.67433,0.67452,1.00,1.12
2016.06.07 15:26:50.237,0.67431,0.67453,1.00,1.50
2016.06.07 15:26:50.411,0.67435,0.67453,1.00,1.37
2016.06.07 15:26:50.462,0.67437,0.67456,1.00,1.00
2016.06.07 15:26:50.590,0.67435,0.67456,1.87,1.00
2016.06.07 15:26:51.046,0.67433,0.67454,1.00,1.00
2016.06.07 15:26:51.692,0.67434,0.67455,1.00,1.12
2016.06.07 15:26:51.994,0.67439,0.67459,1.00,1.12
2016.06.07 15:26:52.095,0.67439,0.6746,1.00,1.75
2016.06.07 15:26:52.510,0.67441,0.6746,1.00,1.50
2016.06.07 15:26:52.796,0.67442,0.67463,1.00,1.75
2016.06.07 15:26:52.847,0.67442,0.67463,1.00,1.37
2016.06.07 15:26:53.403,0.67441,0.67462,1.00,1.12
2016.06.07 15:26:54.038,0.67443,0.67463,1.00,1.87
2016.06.07 15:27:00.928,0.67446,0.67465,1.00,1.37
2016.06.07 15:27:01.080,0.67446,0.67465,1.00,1.37
2016.06.07 15:27:02.097,0.67444,0.67465,1.12,1.37
2016.06.07 15:27:02.199,0.67442,0.67463,1.00,1.37
2016.06.07 15:27:02.727,0.6744,0.6746,1.37,1.00
2016.06.07 15:27:03.178,0.67439,0.6746,1.00,1.37
2016.06.07 15:27:04.582,0.67439,0.6746,1.12,1.00
2016.06.07 15:27:06.151,0.67441,0.67461,1.00,1.12
2016.06.07 15:27:06.857,0.67441,0.6746,1.00,1.00
2016.06.07 15:27:07.510,0.67442,0.67463,1.00,1.75
2016.06.07 15:27:08.892,0.67444,0.67465,1.00,1.50
2016.06.07 15:27:08.942,0.67444,0.67465,1.00,1.50
2016.06.07 15:27:09.198,0.67446,0.67467,1.00,2.25
2016.06.07 15:27:09.401,0.67446,0.67467,1.00,2.25
2016.06.07 15:27:10.072,0.67448,0.67468,1.00,1.37
2016.06.07 15:27:13.522,0.6745,0.67468,1.00,1.00
2016.06.07 15:27:14.049,0.67451,0.67469,1.00,1.12
2016.06.07 15:27:14.521,0.67449,0.6747,1.00,1.37
2016.06.07 15:27:15.912,0.6745,0.67471,1.00,1.37
2016.06.07 15:27:16.012,0.67453,0.67472,1.00,1.37
2016.06.07 15:27:17.034,0.67453,0.67472,1.12,1.50
2016.06.07 15:27:17.085,0.67454,0.67475,1.00,1.12
2016.06.07 15:27:17.236,0.67454,0.67472,1.00,1.00
2016.06.07 15:27:17.773,0.67452,0.67472,1.00,1.00
2016.06.07 15:27:18.599,0.67453,0.67472,1.00,1.00
2016.06.07 15:27:19.216,0.67453,0.67473,1.00,1.12
2016.06.07 15:27:19.267,0.67456,0.67475,1.00,1.75
2016.06.07 15:27:19.368,0.67456,0.67475,1.00,1.00
2016.06.07 15:27:19.917,0.67456,0.67477,1.00,1.50
2016.06.07 15:27:20.433,0.67457,0.67477,1.12,1.00
2016.06.07 15:27:20.635,0.67454,0.67475,1.87,1.00
2016.06.07 15:27:21.225,0.67454,0.67475,1.12,1.37
2016.06.07 15:27:21.884,0.67455,0.67474,1.00,1.12
2016.06.07 15:27:35.160,0.67456,0.67475,1.00,1.37
2016.06.07 15:27:36.871,0.67452,0.67471,1.37,1.00
2016.06.07 15:27:36.972,0.67452,0.67471,1.00,1.00
2016.06.07 15:27:40.676,0.67447,0.67468,1.50,1.37
2016.06.07 15:27:42.889,0.67448,0.67468,1.00,1.12
2016.06.07 15:27:47.004,0.67448,0.67469,1.37,1.00
2016.06.07 15:27:47.321,0.67451,0.6747,1.00,1.00
2016.06.07 15:27:48.158,0.67449,0.67469,1.12,1.00
2016.06.07 15:27:48.209,0.67447,0.67468,1.37,1.37
2016.06.07 15:27:48.310,0.67445,0.67466,1.00,1.37
2016.06.07 15:27:48.604,0.67447,0.67468,1.00,1.87
2016.06.07 15:27:48.805,0.67448,0.67469,1.00,1.50
2016.06.07 15:27:49.341,0.67449,0.6747,1.00,2.25
2016.06.07 15:27:51.019,0.6745,0.6747,1.00,1.87
2016.06.07 15:27:51.620,0.67451,0.6747,1.00,1.50
2016.06.07 15:27:53.715,0.67449,0.67469,1.00,1.12
2016.06.07 15:27:58.289,0.6745,0.6747,1.00,1.37
2016.06.07 15:27:58.740,0.6745,0.67471,1.12,1.50
2016.06.07 15:27:59.072,0.67452,0.67471,1.00,1.00
2016.06.07 15:28:00.832,0.67451,0.67469,1.00,1.00
2016.06.07 15:28:01.034,0.67449,0.67469,1.00,1.12
2016.06.07 15:28:01.640,0.67448,0.67469,1.00,1.87
2016.06.07 15:28:02.578,0.6745,0.67469,1.00,1.87
2016.06.07 15:28:02.680,0.67447,0.67467,1.12,1.00
2016.06.07 15:28:02.898,0.67445,0.67465,1.37,1.50
2016.06.07 15:28:02.949,0.67442,0.67463,1.00,1.12
2016.06.07 15:28:03.000,0.67437,0.67459,1.50,1.00
2016.06.07 15:28:03.253,0.67434,0.67455,1.00,1.37
2016.06.07 15:28:03.454,0.67432,0.67453,1.00,1.37
2016.06.07 15:28:03.737,0.67433,0.67453,1.00,1.00
2016.06.07 15:28:05.451,0.67438,0.67454,1.00,1.50
2016.06.07 15:28:05.502,0.67443,0.67464,1.00,1.87
2016.06.07 15:28:05.553,0.67444,0.67464,1.00,1.12
2016.06.07 15:28:06.088,0.67443,0.67464,1.00,1.12
2016.06.07 15:28:06.614,0.67444,0.67464,1.00,1.12
2016.06.07 15:28:07.346,0.67445,0.67464,1.00,1.12
2016.06.07 15:28:07.841,0.67443,0.67464,1.00,1.12
2016.06.07 15:28:09.896,0.67442,0.67462,1.00,1.00
2016.06.07 15:28:10.417,0.67442,0.67463,1.00,1.00
2016.06.07 15:28:11.348,0.67445,0.67464,1.00,1.12
2016.06.07 15:28:12.560,0.67444,0.67463,1.00,1.00
2016.06.07 15:28:13.531,0.67442,0.67463,1.00,1.00
2016.06.07 15:28:14.096,0.67443,0.67464,1.00,1.12
2016.06.07 15:28:14.560,0.67441,0.67464,1.12,1.12
2016.06.07 15:28:14.611,0.67441,0.67461,1.12,1.00
2016.06.07 15:28:15.004,0.67444,0.67461,1.00,1.00
2016.06.07 15:28:15.055,0.67441,0.67461,1.12,1.00
2016.06.07 15:28:16.568,0.67444,0.67461,1.00,1.00
2016.06.07 15:28:18.555,0.67441,0.67461,1.12,1.00
2016.06.07 15:28:19.989,0.6744,0.67459,1.00,1.00
2016.06.07 15:28:21.428,0.67444,0.67459,1.00,1.00
2016.06.07 15:28:21.649,0.6744,0.67459,1.50,1.00
2016.06.07 15:28:23.074,0.67441,0.6746,1.00,1.00
2016.06.07 15:28:23.944,0.67445,0.6746,1.00,1.00
2016.06.07 15:28:24.248,0.67441,0.6746,1.00,1.00
2016.06.07 15:28:24.349,0.67444,0.67461,1.00,1.12
2016.06.07 15:28:24.450,0.6744,0.6746,1.37,1.00
2016.06.07 15:28:25.214,0.67439,0.67459,2.62,1.00
2016.06.07 15:28:28.908,0.67439,0.67457,1.00,1.00
2016.06.07 15:28:29.322,0.67439,0.67459,1.50,1.00
2016.06.07 15:28:30.315,0.67439,0.67457,1.00,1.00
2016.06.07 15:28:30.913,0.6744,0.67457,1.00,1.00
2016.06.07 15:28:34.581,0.67436,0.67457,1.37,1.00
2016.06.07 15:28:34.646,0.67439,0.67457,1.00,1.00
2016.06.07 15:28:34.949,0.67436,0.67456,1.37,1.00
2016.06.07 15:28:36.541,0.67435,0.67456,1.50,1.12
2016.06.07 15:28:36.743,0.67437,0.67458,1.00,1.37
2016.06.07 15:28:37.266,0.67439,0.67458,1.00,1.37
2016.06.07 15:28:37.316,0.67438,0.67458,1.00,1.00
2016.06.07 15:28:37.367,0.6744,0.67458,1.00,1.00
2016.06.07 15:28:37.451,0.67438,0.67458,1.00,1.00
2016.06.07 15:28:38.361,0.6744,0.67458,1.00,1.00
2016.06.07 15:28:39.634,0.6744,0.67459,1.00,1.12
2016.06.07 15:28:40.562,0.67438,0.67459,1.00,1.12
2016.06.07 15:28:41.244,0.67439,0.6746,1.00,1.37
2016.06.07 15:28:42.919,0.67439,0.6746,1.87,1.00
2016.06.07 15:28:44.958,0.6744,0.6746,1.00,1.00
2016.06.07 15:28:45.466,0.67439,0.6746,1.12,1.00
2016.06.07 15:28:47.605,0.67438,0.67458,1.37,1.00
2016.06.07 15:28:48.214,0.67438,0.67458,1.00,1.00
2016.06.07 15:28:48.729,0.67439,0.67458,1.00,1.00
2016.06.07 15:28:51.312,0.6744,0.67458,1.00,1.00
2016.06.07 15:28:51.871,0.67439,0.67458,1.00,1.00
2016.06.07 15:28:52.413,0.6744,0.67458,1.00,1.00
2016.06.07 15:28:54.318,0.6744,0.6746,1.12,1.12
2016.06.07 15:29:05.283,0.67445,0.67464,1.00,1.12
2016.06.07 15:29:05.485,0.67451,0.67467,1.00,1.12
2016.06.07 15:29:06.316,0.6745,0.67469,1.00,1.12
2016.06.07 15:29:07.037,0.6745,0.67468,1.50,1.00
2016.06.07 15:29:07.790,0.6745,0.67469,1.00,1.12
2016.06.07 15:29:08.325,0.6745,0.67468,1.50,1.00
2016.06.07 15:29:08.828,0.67449,0.67468,1.00,1.00
2016.06.07 15:29:09.364,0.67449,0.67469,1.00,1.12
2016.06.07 15:29:11.213,0.67449,0.67469,1.00,1.50
2016.06.07 15:29:12.067,0.67449,0.67469,1.00,1.50
2016.06.07 15:29:12.168,0.67455,0.67468,1.00,1.00
2016.06.07 15:29:12.269,0.67451,0.67468,1.00,1.00
2016.06.07 15:29:12.521,0.6745,0.6747,1.87,1.00
2016.06.07 15:29:12.622,0.67451,0.67468,1.12,1.00
2016.06.07 15:29:12.948,0.67455,0.6747,1.00,1.00
2016.06.07 15:29:13.488,0.67455,0.67471,1.00,1.12
2016.06.07 15:29:14.637,0.67455,0.67471,1.00,1.50
2016.06.07 15:29:15.111,0.67454,0.67473,1.00,1.37
2016.06.07 15:29:18.717,0.67455,0.67475,1.00,1.37
2016.06.07 15:29:19.090,0.67455,0.67475,1.12,1.00
2016.06.07 15:29:20.165,0.67454,0.67475,1.87,1.37
2016.06.07 15:29:20.722,0.67454,0.67474,1.50,1.00
2016.06.07 15:29:22.048,0.67454,0.67472,1.50,1.00
2016.06.07 15:29:22.199,0.67454,0.67474,1.50,1.00
2016.06.07 15:29:23.343,0.67454,0.67475,1.87,1.12
2016.06.07 15:29:23.873,0.67454,0.67475,1.87,1.37
2016.06.07 15:29:24.421,0.67455,0.67473,1.00,1.00
2016.06.07 15:29:26.293,0.67454,0.67473,1.00,1.00
2016.06.07 15:29:30.847,0.67454,0.67475,1.50,1.37
2016.06.07 15:29:31.350,0.67455,0.67475,1.00,1.00
2016.06.07 15:29:31.763,0.67455,0.67474,1.50,1.37
2016.06.07 15:29:34.000,0.67454,0.67475,1.50,1.50
2016.06.07 15:29:34.502,0.67456,0.67475,1.00,1.50
2016.06.07 15:29:35.060,0.67455,0.67475,1.87,1.50
2016.06.07 15:29:35.391,0.67457,0.67475,1.00,1.12
2016.06.07 15:29:36.060,0.67454,0.67474,1.87,1.00
2016.06.07 15:29:36.617,0.67456,0.67473,1.00,1.00
2016.06.07 15:29:36.768,0.67455,0.67475,1.12,1.12
2016.06.07 15:29:37.277,0.67456,0.67474,1.00,1.00
2016.06.07 15:29:37.781,0.67456,0.67475,1.00,1.12
2016.06.07 15:29:38.638,0.67457,0.67475,1.00,1.12
2016.06.07 15:29:40.677,0.67455,0.67476,1.12,1.37
2016.06.07 15:29:41.385,0.67456,0.67476,1.00,1.37
2016.06.07 15:29:42.732,0.67459,0.67478,1.00,1.37
2016.06.07 15:29:42.884,0.67459,0.67477,1.50,1.00
2016.06.07 15:29:43.314,0.67455,0.67476,1.50,1.12
2016.06.07 15:29:43.471,0.67457,0.67477,1.00,1.50
2016.06.07 15:29:46.006,0.67459,0.67476,1.00,1.12
2016.06.07 15:29:46.554,0.67458,0.67478,1.00,1.87
2016.06.07 15:29:49.301,0.67459,0.67479,1.00,1.00
2016.06.07 15:29:56.569,0.67459,0.67478,1.00,1.00
2016.06.07 15:29:58.088,0.67457,0.67477,1.12,1.00
2016.06.07 15:29:59.161,0.67458,0.67477,1.00,1.00
2016.06.07 15:30:00.090,0.67459,0.67479,1.00,1.12
2016.06.07 15:30:00.710,0.6746,0.6748,1.00,1.12
2016.06.07 15:30:01.812,0.67462,0.67482,1.00,1.12
2016.06.07 15:30:02.113,0.67465,0.67485,1.00,1.00
2016.06.07 15:30:02.664,0.67464,0.67485,1.12,1.00
2016.06.07 15:30:04.345,0.67462,0.67483,1.37,1.00
2016.06.07 15:30:05.004,0.67461,0.67481,1.37,1.00
2016.06.07 15:30:05.325,0.67461,0.6748,1.00,1.00
2016.06.07 15:30:05.439,0.67459,0.67479,1.12,1.00
2016.06.07 15:30:05.641,0.67457,0.67478,1.00,1.12
2016.06.07 15:30:06.217,0.67457,0.67476,1.00,1.00
2016.06.07 15:30:06.268,0.67457,0.67478,1.00,1.12
2016.06.07 15:30:06.319,0.67456,0.67476,1.00,1.00
2016.06.07 15:30:06.722,0.67453,0.67473,1.37,1.00
2016.06.07 15:30:07.460,0.67454,0.67474,1.37,1.00
2016.06.07 15:30:08.053,0.67454,0.67475,1.37,1.00
2016.06.07 15:30:08.749,0.67453,0.67473,1.37,1.00
2016.06.07 15:30:10.435,0.67453,0.67473,1.00,1.00
2016.06.07 15:30:11.651,0.67454,0.67475,1.00,1.12
2016.06.07 15:30:12.184,0.67454,0.67474,1.00,1.00
2016.06.07 15:30:12.601,0.67453,0.67472,1.00,1.00
2016.06.07 15:30:13.276,0.67454,0.67473,1.00,1.00
2016.06.07 15:30:13.377,0.67455,0.67475,1.00,1.12
2016.06.07 15:30:13.904,0.67454,0.67475,1.00,1.12
2016.06.07 15:30:14.440,0.67455,0.67475,1.00,1.12
2016.06.07 15:30:15.671,0.67454,0.67475,1.00,1.50
2016.06.07 15:30:15.772,0.67453,0.67473,1.12,1.00
2016.06.07 15:30:16.570,0.67454,0.67473,1.87,1.00
2016.06.07 15:30:16.627,0.67455,0.67475,1.00,1.12
2016.06.07 15:30:17.417,0.67456,0.67473,1.00,1.00
2016.06.07 15:30:17.718,0.67454,0.67474,1.12,1.00
2016.06.07 15:30:18.379,0.67454,0.67475,1.12,1.12
2016.06.07 15:30:18.430,0.67458,0.67479,1.00,1.87
2016.06.07 15:30:18.481,0.67457,0.67477,1.12,1.00
2016.06.07 15:30:18.633,0.67459,0.67477,1.00,1.00
2016.06.07 15:30:19.177,0.67456,0.67477,1.87,1.00
2016.06.07 15:30:21.384,0.67459,0.67476,1.37,1.00
2016.06.07 15:30:22.327,0.67457,0.67477,1.37,1.00
2016.06.07 15:30:22.678,0.67453,0.67473,1.12,1.12
2016.06.07 15:30:22.728,0.67453,0.67473,1.00,1.37
2016.06.07 15:30:23.339,0.67455,0.67474,1.00,1.37
2016.06.07 15:30:23.440,0.67455,0.67474,1.00,1.00
2016.06.07 15:30:23.978,0.67456,0.67476,1.00,1.00
2016.06.07 15:30:24.503,0.67456,0.67477,1.00,1.12
2016.06.07 15:30:25.031,0.67455,0.67476,1.00,1.00
2016.06.07 15:30:25.246,0.67457,0.67476,1.00,1.00
2016.06.07 15:30:25.847,0.67456,0.67477,1.00,1.12
2016.06.07 15:30:28.385,0.67458,0.67477,1.00,1.12
2016.06.07 15:30:29.571,0.67454,0.67475,1.12,1.00
2016.06.07 15:30:29.622,0.67457,0.67476,1.37,1.00
2016.06.07 15:30:30.053,0.6745,0.6747,1.00,1.00
2016.06.07 15:30:30.104,0.67451,0.67468,1.00,1.00
2016.06.07 15:30:30.599,0.6745,0.6747,1.00,1.00
2016.06.07 15:30:30.802,0.67453,0.67474,1.00,2.25
2016.06.07 15:30:30.957,0.67454,0.67474,1.12,1.00
2016.06.07 15:30:31.609,0.67453,0.67473,1.37,1.00
2016.06.07 15:30:32.150,0.67455,0.67476,1.00,1.37
2016.06.07 15:30:32.677,0.67452,0.67473,1.37,1.00
2016.06.07 15:30:32.879,0.67451,0.67471,1.00,1.00
2016.06.07 15:30:33.789,0.67451,0.6747,1.00,1.00
2016.06.07 15:30:34.346,0.67451,0.67471,1.00,1.00
2016.06.07 15:30:34.851,0.6745,0.6747,1.00,1.00
2016.06.07 15:30:35.241,0.67448,0.67467,1.37,1.00
2016.06.07 15:30:37.851,0.67447,0.67467,1.12,1.00
2016.06.07 15:30:38.417,0.67448,0.67467,1.00,1.37
2016.06.07 15:30:39.963,0.67447,0.67467,1.00,1.37
2016.06.07 15:30:43.052,0.67448,0.67467,1.00,1.37
2016.06.07 15:30:43.579,0.67448,0.67465,1.00,1.00
2016.06.07 15:30:43.680,0.67446,0.67466,1.00,1.12
2016.06.07 15:30:44.135,0.67448,0.67468,1.00,1.50
2016.06.07 15:30:44.287,0.67448,0.67468,1.00,1.00
2016.06.07 15:30:44.388,0.67446,0.67466,1.12,1.00
2016.06.07 15:30:45.272,0.67445,0.67464,1.37,1.00
2016.06.07 15:30:46.221,0.67448,0.67469,1.00,2.62
2016.06.07 15:30:46.523,0.67448,0.67467,1.00,1.00
2016.06.07 15:30:46.826,0.67447,0.67465,1.00,1.00
2016.06.07 15:30:47.580,0.67447,0.67466,1.00,1.00
2016.06.07 15:30:48.120,0.67452,0.6747,1.00,1.37
2016.06.07 15:30:48.221,0.67451,0.67472,1.00,1.87
2016.06.07 15:30:48.272,0.67453,0.67472,1.12,1.12
2016.06.07 15:30:48.879,0.67451,0.67471,1.37,1.00
2016.06.07 15:30:49.396,0.67452,0.67472,1.37,1.00
2016.06.07 15:30:50.644,0.67453,0.67473,1.12,1.00
2016.06.07 15:30:50.946,0.67456,0.67474,1.00,1.00
2016.06.07 15:30:52.559,0.67457,0.67476,1.00,1.00
2016.06.07 15:30:55.142,0.67457,0.67475,1.00,1.00
2016.06.07 15:30:55.344,0.67456,0.67477,1.12,1.00
2016.06.07 15:30:55.546,0.67458,0.67478,1.00,1.12
2016.06.07 15:30:55.848,0.67458,0.67476,1.00,1.00
2016.06.07 15:30:57.419,0.67458,0.67478,1.00,1.12
2016.06.07 15:30:57.830,0.67459,0.6748,1.12,1.00
2016.06.07 15:30:58.440,0.67459,0.67479,1.12,1.00
2016.06.07 15:31:02.934,0.67457,0.67478,1.00,1.37
2016.06.07 15:31:03.783,0.67459,0.67478,1.00,1.37
2016.06.07 15:31:04.286,0.67459,0.67478,1.00,1.00
2016.06.07 15:31:04.805,0.67458,0.67478,1.12,1.00
2016.06.07 15:31:05.136,0.67461,0.67481,1.00,1.37
2016.06.07 15:31:05.914,0.67457,0.67478,1.37,1.00
2016.06.07 15:31:06.420,0.6746,0.67479,1.12,1.00
2016.06.07 15:31:06.816,0.67462,0.67482,1.12,1.00
2016.06.07 15:31:06.918,0.67465,0.67484,1.00,1.12
2016.06.07 15:31:07.019,0.67466,0.67486,1.00,1.00
2016.06.07 15:31:07.170,0.67468,0.67485,1.00,1.00
2016.06.07 15:31:07.885,0.67466,0.67486,1.00,1.00
2016.06.07 15:31:08.550,0.67466,0.67485,1.00,1.00
2016.06.07 15:31:09.075,0.67465,0.67484,1.00,1.00
2016.06.07 15:31:09.126,0.67465,0.67486,1.00,1.00
2016.06.07 15:31:10.205,0.67465,0.67486,1.00,1.37
2016.06.07 15:31:10.958,0.67468,0.67486,1.00,1.37
2016.06.07 15:31:11.009,0.67468,0.67486,1.00,1.00
2016.06.07 15:31:11.550,0.67468,0.67485,1.00,1.00
2016.06.07 15:31:11.752,0.67463,0.67483,1.87,1.00
2016.06.07 15:31:12.025,0.67462,0.67481,1.00,1.00
2016.06.07 15:31:12.566,0.67461,0.6748,1.00,1.00
2016.06.07 15:31:13.067,0.67461,0.67481,1.00,1.12
2016.06.07 15:31:13.939,0.67461,0.6748,1.00,1.00
2016.06.07 15:31:14.942,0.6746,0.6748,1.00,1.00
2016.06.07 15:31:15.524,0.67459,0.67479,1.00,1.00
2016.06.07 15:31:15.924,0.67461,0.67479,1.00,1.37
2016.06.07 15:31:16.803,0.67461,0.67479,1.00,1.00
2016.06.07 15:31:17.344,0.67461,0.6748,1.00,1.00
2016.06.07 15:31:17.654,0.67463,0.67484,1.00,2.62
2016.06.07 15:31:17.806,0.67463,0.67484,1.00,1.12
2016.06.07 15:31:18.865,0.67463,0.67483,1.00,1.00
2016.06.07 15:31:19.425,0.67463,0.67482,1.00,1.12
2016.06.07 15:31:19.526,0.67459,0.67479,1.37,1.00
2016.06.07 15:31:19.728,0.67456,0.67477,1.12,1.00
2016.06.07 15:31:20.213,0.67455,0.67474,1.00,1.00
2016.06.07 15:31:20.264,0.67452,0.67473,1.37,1.00
2016.06.07 15:31:20.809,0.67452,0.67473,1.00,1.12
2016.06.07 15:31:20.923,0.67455,0.67473,1.00,1.12
2016.06.07 15:31:21.342,0.67451,0.67472,1.12,1.00
2016.06.07 15:31:21.918,0.67451,0.67472,1.00,1.37
2016.06.07 15:31:22.120,0.67449,0.6747,1.12,1.00
2016.06.07 15:31:22.851,0.6745,0.67471,1.00,1.12
2016.06.07 15:31:24.011,0.6745,0.6747,1.00,1.00
2016.06.07 15:31:24.628,0.6745,0.67471,1.00,1.12
2016.06.07 15:31:26.784,0.67449,0.67468,1.12,1.00
2016.06.07 15:31:27.133,0.67453,0.67472,1.00,1.50
2016.06.07 15:31:27.234,0.67454,0.67472,1.00,1.12
2016.06.07 15:31:27.335,0.67454,0.67475,1.12,1.87
2016.06.07 15:31:30.844,0.67457,0.67474,1.00,1.00
2016.06.07 15:31:31.494,0.67455,0.67475,1.00,1.87
2016.06.07 15:31:32.039,0.67454,0.67475,1.12,1.87
2016.06.07 15:31:32.861,0.67454,0.67475,1.12,2.62
2016.06.07 15:31:33.469,0.67454,0.67475,1.12,1.87
2016.06.07 15:31:34.327,0.67454,0.67474,1.12,1.00
2016.06.07 15:31:34.465,0.67456,0.67474,1.00,1.00
2016.06.07 15:31:34.978,0.67455,0.67475,1.00,1.87
2016.06.07 15:31:35.708,0.67457,0.67475,1.00,1.12
2016.06.07 15:31:36.212,0.67458,0.67475,1.00,1.12
2016.06.07 15:31:36.515,0.6746,0.67478,1.00,1.37
2016.06.07 15:31:36.566,0.6746,0.67478,1.00,1.00
2016.06.07 15:31:37.248,0.6746,0.67479,1.00,1.75
2016.06.07 15:31:37.349,0.67454,0.67474,1.12,1.00
2016.06.07 15:31:37.551,0.6745,0.67471,1.50,1.00
2016.06.07 15:31:37.854,0.67449,0.6747,1.00,1.37
2016.06.07 15:31:38.517,0.6745,0.6747,1.00,1.37
2016.06.07 15:31:39.674,0.67452,0.67471,1.00,1.37
2016.06.07 15:31:39.872,0.67452,0.67471,1.00,1.00
2016.06.07 15:31:46.507,0.67452,0.67473,1.00,1.87
2016.06.07 15:31:48.454,0.67452,0.67472,1.00,1.00
2016.06.07 15:31:49.398,0.67451,0.67471,1.00,1.00
2016.06.07 15:31:53.694,0.6745,0.67471,1.12,1.00
2016.06.07 15:31:54.631,0.67451,0.6747,1.00,1.00
2016.06.07 15:31:55.446,0.6745,0.6747,1.00,1.37
2016.06.07 15:31:57.277,0.67451,0.67471,1.00,1.37
2016.06.07 15:31:57.489,0.67448,0.67468,1.12,1.00
2016.06.07 15:31:57.540,0.67447,0.67465,1.37,1.00
2016.06.07 15:31:57.691,0.67444,0.67463,1.37,1.00
2016.06.07 15:31:58.115,0.67443,0.67463,1.00,1.12
2016.06.07 15:31:58.649,0.67443,0.67462,1.00,1.00
2016.06.07 15:31:59.950,0.67449,0.67467,1.00,1.37
2016.06.07 15:32:00.489,0.6745,0.67469,1.00,1.87
2016.06.07 15:32:00.590,0.6745,0.67469,1.00,1.12
2016.06.07 15:32:01.063,0.67452,0.67472,1.00,1.87
2016.06.07 15:32:01.265,0.67454,0.67474,1.00,1.12
2016.06.07 15:32:01.496,0.67455,0.67472,1.00,1.00
2016.06.07 15:32:01.547,0.67453,0.67474,1.12,1.12
2016.06.07 15:32:02.118,0.67452,0.67472,1.37,1.00
2016.06.07 15:32:02.708,0.67454,0.67472,1.00,1.00
2016.06.07 15:32:05.279,0.67454,0.67471,1.00,1.00
2016.06.07 15:32:05.572,0.67451,0.6747,1.00,1.00
2016.06.07 15:32:05.850,0.67453,0.6747,1.00,1.00
2016.06.07 15:32:06.410,0.67452,0.6747,1.00,1.00
2016.06.07 15:32:07.121,0.67452,0.67471,1.00,1.50
2016.06.07 15:32:07.663,0.67451,0.67471,1.00,1.50
2016.06.07 15:32:08.335,0.67451,0.67469,1.00,1.00
2016.06.07 15:32:08.852,0.67451,0.67468,1.00,1.00
2016.06.07 15:32:09.377,0.67449,0.67469,1.37,1.00
2016.06.07 15:32:11.618,0.6745,0.67467,1.12,1.00
2016.06.07 15:32:12.692,0.67445,0.67463,1.37,1.00
2016.06.07 15:32:12.743,0.67445,0.67463,1.00,1.00
2016.06.07 15:32:14.584,0.67445,0.67464,1.00,1.00
2016.06.07 15:32:14.736,0.67447,0.67464,1.00,1.00
2016.06.07 15:32:15.038,0.67448,0.67468,1.00,1.87
2016.06.07 15:32:15.569,0.67446,0.67463,1.00,1.00
2016.06.07 15:32:15.887,0.67447,0.67465,1.00,1.00
2016.06.07 15:32:16.039,0.67448,0.67468,1.00,1.87
2016.06.07 15:32:16.516,0.6745,0.67469,1.00,1.00
2016.06.07 15:32:17.019,0.67451,0.67468,1.00,1.00
2016.06.07 15:32:17.472,0.6745,0.6747,1.00,1.12
2016.06.07 15:32:18.564,0.6745,0.67469,1.00,1.00
2016.06.07 15:32:19.489,0.67451,0.67469,1.00,1.00
2016.06.07 15:32:21.244,0.67451,0.67471,1.00,1.00
2016.06.07 15:32:21.345,0.67449,0.67469,1.37,1.00
2016.06.07 15:32:21.446,0.67448,0.67468,1.12,1.00
2016.06.07 15:32:23.606,0.67449,0.6747,1.00,1.37
2016.06.07 15:32:24.127,0.67448,0.67469,1.12,1.12
2016.06.07 15:32:24.501,0.67447,0.67466,1.37,1.00
2016.06.07 15:32:24.873,0.67446,0.67467,1.00,1.37
2016.06.07 15:32:25.812,0.67447,0.67467,1.00,1.37
2016.06.07 15:32:25.863,0.67447,0.67467,1.00,1.12
2016.06.07 15:32:27.356,0.67449,0.67468,1.00,1.37
2016.06.07 15:32:27.831,0.67446,0.67465,1.12,1.00
2016.06.07 15:32:27.983,0.67446,0.67465,1.00,1.37
2016.06.07 15:32:28.528,0.67448,0.67467,1.00,1.37
2016.06.07 15:32:29.119,0.67447,0.67467,1.00,1.37
2016.06.07 15:32:29.484,0.67449,0.67469,1.00,1.12
2016.06.07 15:32:29.841,0.67451,0.67468,1.00,1.00
2016.06.07 15:32:30.298,0.67449,0.67467,1.00,1.00
2016.06.07 15:32:30.525,0.67448,0.67469,1.12,1.12
2016.06.07 15:32:32.131,0.67448,0.67468,1.12,1.00
2016.06.07 15:32:33.283,0.6745,0.67467,1.00,1.00
2016.06.07 15:32:34.747,0.67449,0.67469,1.00,1.12
2016.06.07 15:32:34.948,0.67451,0.67469,1.00,1.12
2016.06.07 15:32:35.464,0.6745,0.67469,1.00,1.12
2016.06.07 15:32:35.787,0.67449,0.67467,1.00,1.37
2016.06.07 15:32:37.177,0.67447,0.67467,1.00,1.37
2016.06.07 15:32:37.530,0.67445,0.67464,1.12,1.00
2016.06.07 15:32:38.119,0.67445,0.67464,1.00,1.37
2016.06.07 15:32:40.338,0.67444,0.67465,1.00,1.37
2016.06.07 15:32:42.548,0.67446,0.67464,1.00,1.37
2016.06.07 15:32:42.599,0.67444,0.67465,1.00,1.37
2016.06.07 15:32:43.793,0.67445,0.67463,1.00,1.12
2016.06.07 15:32:43.895,0.67443,0.67463,1.00,1.12
2016.06.07 15:32:44.521,0.67444,0.67464,1.00,1.87
2016.06.07 15:32:45.055,0.67443,0.67463,1.00,1.12
2016.06.07 15:32:50.556,0.67444,0.67461,1.00,1.00
2016.06.07 15:32:51.696,0.67442,0.67462,1.00,1.00
2016.06.07 15:32:52.311,0.67443,0.67462,1.00,1.00
2016.06.07 15:32:52.956,0.67442,0.67462,1.00,1.00
2016.06.07 15:32:53.616,0.67443,0.67462,1.00,1.00
2016.06.07 15:32:54.309,0.67442,0.67462,1.00,1.00
2016.06.07 15:32:54.814,0.67443,0.67463,1.00,1.12
2016.06.07 15:32:54.966,0.67443,0.67463,1.37,1.00
2016.06.07 15:32:55.710,0.67445,0.67464,1.12,1.00
2016.06.07 15:32:58.428,0.67446,0.67464,1.00,1.00
2016.06.07 15:32:59.020,0.67447,0.67465,1.00,1.00
2016.06.07 15:32:59.369,0.67445,0.67466,1.12,1.12
2016.06.07 15:32:59.953,0.6745,0.67468,1.00,1.37
2016.06.07 15:33:00.155,0.67452,0.6747,1.00,1.12
2016.06.07 15:33:00.308,0.67452,0.67472,1.00,1.00
2016.06.07 15:33:00.825,0.67454,0.67471,1.00,1.00
2016.06.07 15:33:01.736,0.67453,0.67473,1.00,1.12
2016.06.07 15:33:01.837,0.67456,0.67473,1.00,1.12
2016.06.07 15:33:02.039,0.67454,0.67474,1.00,1.37
2016.06.07 15:33:02.512,0.67451,0.67471,1.00,1.00
2016.06.07 15:33:02.563,0.67453,0.6747,1.00,1.37
2016.06.07 15:33:04.404,0.67451,0.67471,1.00,1.37
2016.06.07 15:33:04.831,0.67449,0.67469,1.00,1.12
2016.06.07 15:33:05.458,0.67448,0.67469,1.50,1.12
2016.06.07 15:33:05.559,0.67447,0.67467,1.37,1.00
2016.06.07 15:33:05.875,0.67447,0.67465,1.00,1.37
2016.06.07 15:33:06.384,0.67446,0.67465,1.00,1.37
2016.06.07 15:33:06.920,0.67445,0.67464,1.00,1.12
2016.06.07 15:33:10.025,0.67446,0.67464,1.00,1.12
2016.06.07 15:33:10.589,0.67446,0.67463,1.00,1.00
2016.06.07 15:33:11.246,0.67444,0.67465,1.12,1.37
2016.06.07 15:33:11.918,0.67443,0.67463,1.37,1.00
2016.06.07 15:33:12.178,0.67442,0.67462,1.00,1.12
2016.06.07 15:33:12.474,0.67444,0.67461,1.00,1.00
2016.06.07 15:33:12.626,0.67442,0.67462,1.00,1.12
2016.06.07 15:33:13.017,0.67446,0.67464,1.00,1.37
2016.06.07 15:33:13.118,0.67446,0.67467,1.00,1.12
2016.06.07 15:33:13.270,0.67445,0.67465,1.50,1.00
2016.06.07 15:33:15.694,0.67444,0.67465,1.37,1.00
2016.06.07 15:33:15.845,0.67447,0.67467,1.00,1.12
2016.06.07 15:33:16.396,0.67448,0.67468,2.25,1.37
2016.06.07 15:33:17.844,0.67449,0.67469,1.00,1.37
2016.06.07 15:33:18.394,0.6745,0.67469,1.00,1.37
2016.06.07 15:33:18.445,0.67448,0.67469,1.00,1.37
2016.06.07 15:33:18.596,0.67452,0.6747,1.00,1.00
2016.06.07 15:33:19.007,0.6745,0.67468,1.00,1.00
2016.06.07 15:33:19.110,0.67451,0.67471,1.00,1.12
2016.06.07 15:33:19.261,0.67454,0.67472,1.00,1.37
2016.06.07 15:33:19.471,0.67455,0.67473,1.00,1.12
2016.06.07 15:33:21.096,0.67453,0.67474,1.12,1.00
2016.06.07 15:33:21.497,0.67455,0.67475,1.00,1.37
2016.06.07 15:33:21.598,0.67455,0.67475,1.00,1.12
2016.06.07 15:33:22.004,0.67457,0.67474,1.00,1.00
2016.06.07 15:33:22.407,0.67456,0.67477,1.37,1.12
2016.06.07 15:33:23.073,0.67456,0.67476,1.37,1.00
2016.06.07 15:33:28.253,0.67455,0.67474,1.37,1.00
2016.06.07 15:33:28.354,0.67455,0.67474,1.00,1.00
2016.06.07 15:33:28.927,0.67455,0.67474,1.00,1.37
2016.06.07 15:33:29.455,0.67455,0.67474,1.00,1.00
2016.06.07 15:33:29.958,0.67455,0.67476,1.00,1.12
2016.06.07 15:33:30.670,0.67455,0.67476,1.50,1.00
2016.06.07 15:33:30.831,0.67456,0.67474,1.12,1.00
2016.06.07 15:33:31.120,0.67453,0.67474,1.37,1.00
2016.06.07 15:33:31.648,0.67455,0.67475,1.00,1.12
2016.06.07 15:33:32.005,0.67457,0.67475,1.00,1.12
2016.06.07 15:33:32.637,0.67456,0.67474,1.00,1.00
2016.06.07 15:33:33.500,0.67454,0.67475,1.12,1.12
2016.06.07 15:33:34.152,0.67455,0.67475,1.00,1.12
2016.06.07 15:33:37.442,0.67454,0.67475,1.12,1.12
2016.06.07 15:33:38.137,0.67454,0.67474,1.12,1.00
2016.06.07 15:33:39.964,0.67452,0.67473,1.37,1.00
2016.06.07 15:33:44.141,0.67453,0.67472,1.37,1.00
2016.06.07 15:33:44.443,0.67452,0.67473,1.00,1.12
2016.06.07 15:33:47.323,0.67453,0.67472,1.00,1.00
2016.06.07 15:33:47.875,0.67453,0.67471,1.00,1.00
2016.06.07 15:33:48.753,0.67453,0.67473,1.00,1.12
2016.06.07 15:33:50.207,0.67454,0.67473,1.00,1.12
2016.06.07 15:33:50.712,0.67453,0.67473,1.00,1.12
2016.06.07 15:33:51.245,0.67453,0.67472,1.00,1.00
2016.06.07 15:33:51.437,0.67451,0.67472,1.00,1.00
2016.06.07 15:33:51.590,0.67451,0.67471,1.00,1.37
2016.06.07 15:33:52.147,0.6745,0.67471,1.00,1.37
2016.06.07 15:33:57.887,0.6745,0.67467,1.00,1.00
2016.06.07 15:33:58.492,0.67449,0.67467,1.00,1.00
2016.06.07 15:33:58.917,0.67449,0.6747,1.00,1.37
2016.06.07 15:33:59.424,0.67451,0.67469,1.00,1.12
2016.06.07 15:34:01.504,0.6745,0.6747,1.00,1.37
2016.06.07 15:34:05.620,0.67451,0.6747,1.00,1.37
2016.06.07 15:34:09.146,0.67451,0.6747,1.00,1.12
2016.06.07 15:34:13.445,0.67452,0.67471,1.00,1.37
2016.06.07 15:34:13.876,0.6745,0.67471,1.00,1.37
2016.06.07 15:34:14.383,0.67451,0.67471,1.00,1.37
2016.06.07 15:34:14.923,0.6745,0.67471,1.00,1.37
2016.06.07 15:34:19.046,0.6745,0.67468,1.00,1.00
2016.06.07 15:34:19.554,0.6745,0.67469,1.00,1.00
2016.06.07 15:34:20.162,0.67449,0.67469,1.00,1.00
2016.06.07 15:34:20.804,0.67446,0.67469,1.12,1.37
2016.06.07 15:34:21.107,0.67444,0.67464,1.00,1.00
2016.06.07 15:34:21.716,0.67445,0.67465,1.00,1.12
2016.06.07 15:34:23.409,0.67444,0.67465,1.00,1.12
2016.06.07 15:34:24.213,0.67445,0.67465,1.00,1.12
2016.06.07 15:34:24.515,0.67451,0.67469,1.12,1.00
2016.06.07 15:34:24.871,0.67452,0.67471,1.00,1.00
2016.06.07 15:34:25.474,0.6745,0.67471,1.37,1.00
2016.06.07 15:34:27.130,0.67448,0.67468,1.37,1.00
2016.06.07 15:34:27.181,0.67448,0.67468,1.00,1.00
2016.06.07 15:34:27.332,0.67453,0.67471,1.00,1.37
2016.06.07 15:34:27.383,0.67449,0.6747,1.12,1.00
2016.06.07 15:34:27.575,0.67453,0.6747,1.37,1.00
2016.06.07 15:34:27.626,0.67455,0.67475,1.37,1.50
2016.06.07 15:34:27.793,0.67455,0.67473,1.00,1.00
2016.06.07 15:34:28.315,0.67453,0.67472,1.37,1.00
2016.06.07 15:34:28.415,0.67453,0.67474,1.37,1.00
2016.06.07 15:34:28.994,0.67454,0.67475,1.12,1.12
2016.06.07 15:34:30.378,0.67453,0.67473,1.37,1.00
2016.06.07 15:34:31.101,0.67453,0.67474,1.37,1.00
2016.06.07 15:34:31.759,0.67454,0.67473,1.12,1.00
2016.06.07 15:34:32.978,0.67453,0.67474,1.37,1.00
2016.06.07 15:34:33.553,0.67452,0.67473,1.37,1.00
2016.06.07 15:34:34.113,0.67453,0.67474,1.37,1.00
2016.06.07 15:34:35.118,0.67456,0.67474,1.00,1.00
2016.06.07 15:34:35.402,0.67454,0.67475,1.12,1.12
2016.06.07 15:34:35.612,0.67451,0.67472,1.12,1.00
2016.06.07 15:34:35.914,0.67452,0.6747,1.00,1.37
2016.06.07 15:34:36.733,0.67453,0.67471,1.00,1.37
2016.06.07 15:34:36.784,0.67453,0.67471,1.00,1.00
2016.06.07 15:34:36.911,0.67453,0.67473,1.00,1.12
2016.06.07 15:34:38.424,0.67454,0.67473,1.00,1.12
2016.06.07 15:34:38.575,0.67455,0.67475,1.00,1.12
2016.06.07 15:34:38.727,0.67455,0.67473,1.00,1.00
2016.06.07 15:34:39.326,0.67454,0.67474,1.00,1.37
2016.06.07 15:34:39.646,0.67458,0.67476,1.00,1.37
2016.06.07 15:34:40.387,0.67458,0.67476,1.00,1.00
2016.06.07 15:34:41.092,0.67459,0.67478,1.00,1.00
2016.06.07 15:34:41.627,0.67458,0.67478,1.00,1.00
2016.06.07 15:34:41.939,0.67459,0.6748,1.12,1.00
2016.06.07 15:34:43.079,0.67461,0.67481,1.00,1.12
2016.06.07 15:34:43.600,0.67464,0.67485,1.00,1.12
2016.06.07 15:34:44.134,0.67463,0.67484,1.12,1.00
2016.06.07 15:34:44.236,0.67463,0.67484,1.00,1.37
2016.06.07 15:34:49.143,0.67461,0.6748,1.00,1.00
2016.06.07 15:34:50.632,0.67461,0.6748,1.00,1.37
2016.06.07 15:34:51.137,0.67462,0.67481,1.00,1.37
2016.06.07 15:34:53.334,0.6746,0.67481,1.00,1.87
2016.06.07 15:34:59.572,0.67461,0.67482,1.00,1.87
2016.06.07 15:34:59.623,0.67461,0.67482,1.00,1.87
2016.06.07 15:35:00.127,0.67462,0.67481,1.00,1.00
2016.06.07 15:35:01.272,0.67461,0.6748,1.00,1.00
2016.06.07 15:35:01.444,0.67458,0.67478,1.37,1.00
2016.06.07 15:35:01.767,0.67456,0.67477,1.37,1.00
2016.06.07 15:35:02.119,0.6746,0.67478,1.00,1.00
2016.06.07 15:35:02.668,0.67459,0.6748,1.00,1.37
2016.06.07 15:35:03.015,0.67457,0.67476,1.00,1.12
2016.06.07 15:35:09.624,0.67455,0.67477,1.00,1.37
2016.06.07 15:35:11.364,0.67455,0.67475,1.00,1.00
2016.06.07 15:35:11.916,0.67454,0.67475,1.12,1.00
2016.06.07 15:35:11.967,0.67454,0.67475,1.37,1.00
2016.06.07 15:35:12.465,0.67457,0.67477,1.12,1.00
2016.06.07 15:35:13.076,0.67456,0.67476,1.37,1.00
2016.06.07 15:35:14.425,0.67458,0.67477,1.00,1.00
2016.06.07 15:35:18.068,0.67455,0.67475,1.37,1.00
2016.06.07 15:35:18.220,0.67454,0.67475,1.00,1.12
2016.06.07 15:35:18.270,0.67453,0.67473,1.00,1.00
2016.06.07 15:35:18.621,0.67455,0.67476,1.00,1.37
2016.06.07 15:35:19.025,0.67457,0.67477,1.00,1.87
2016.06.07 15:35:19.175,0.67457,0.67477,1.00,1.87
2016.06.07 15:35:19.820,0.67456,0.67477,1.12,1.12
2016.06.07 15:35:19.871,0.67455,0.67476,1.00,1.37
2016.06.07 15:35:21.879,0.67457,0.67477,1.00,1.37
2016.06.07 15:35:21.930,0.67457,0.67477,1.00,1.00
2016.06.07 15:35:22.455,0.67457,0.67476,1.00,1.00
2016.06.07 15:35:23.160,0.67457,0.67477,1.00,1.00
2016.06.07 15:35:23.662,0.67456,0.67477,1.00,1.00
2016.06.07 15:35:23.814,0.67459,0.67477,1.00,1.00
2016.06.07 15:35:23.865,0.67457,0.67477,1.00,1.00
2016.06.07 15:35:24.484,0.67457,0.67476,1.00,1.00
2016.06.07 15:35:24.909,0.67457,0.67478,1.00,1.12
2016.06.07 15:35:27.850,0.67458,0.67478,1.00,1.12
2016.06.07 15:35:28.502,0.6746,0.67478,1.00,1.12
2016.06.07 15:35:30.212,0.67458,0.67479,1.00,1.37
2016.06.07 15:35:31.150,0.67458,0.67477,1.00,1.00
2016.06.07 15:35:31.667,0.67458,0.67478,1.00,1.12
2016.06.07 15:35:32.210,0.67457,0.67478,1.00,1.12
2016.06.07 15:35:33.963,0.67456,0.67476,1.00,1.00
2016.06.07 15:35:34.427,0.67454,0.67475,1.00,1.37
2016.06.07 15:35:35.065,0.67455,0.67473,1.00,1.00
2016.06.07 15:35:35.620,0.67455,0.67474,1.00,1.00
2016.06.07 15:35:36.388,0.67457,0.67475,1.00,1.00
2016.06.07 15:35:36.819,0.67454,0.67474,1.12,1.00
2016.06.07 15:35:37.610,0.67455,0.67474,1.00,1.00
2016.06.07 15:35:43.556,0.67456,0.67475,1.00,1.00
2016.06.07 15:35:47.829,0.67455,0.67474,1.00,1.00
2016.06.07 15:35:49.001,0.67454,0.67473,1.12,1.00
2016.06.07 15:35:49.153,0.67453,0.67471,1.37,1.00
2016.06.07 15:35:49.254,0.67452,0.6747,1.00,1.00
2016.06.07 15:35:50.740,0.67449,0.6747,1.12,1.00
2016.06.07 15:35:51.488,0.6745,0.67471,1.00,1.00
2016.06.07 15:35:51.690,0.67452,0.67473,1.00,1.37
2016.06.07 15:35:58.118,0.67451,0.67472,1.00,1.12
2016.06.07 15:35:58.434,0.67448,0.67469,1.37,1.00
2016.06.07 15:35:59.302,0.67448,0.67469,1.00,1.12
2016.06.07 15:35:59.805,0.67447,0.67466,1.00,1.00
2016.06.07 15:36:05.535,0.67447,0.67467,1.12,1.00
2016.06.07 15:36:06.857,0.67445,0.67466,1.37,1.00
2016.06.07 15:36:07.009,0.67443,0.67464,1.50,1.00
2016.06.07 15:36:08.285,0.67443,0.67464,1.00,1.37
2016.06.07 15:36:08.946,0.67444,0.67464,1.00,1.37
2016.06.07 15:36:09.447,0.67444,0.67464,1.00,1.00
2016.06.07 15:36:11.163,0.67441,0.67462,1.00,1.12
2016.06.07 15:36:11.765,0.67441,0.6746,1.00,1.00
2016.06.07 15:36:16.307,0.67443,0.67461,1.00,1.00
2016.06.07 15:36:16.855,0.67442,0.67462,1.00,1.00
2016.06.07 15:36:17.511,0.67441,0.67461,1.00,1.00
2016.06.07 15:36:21.555,0.67439,0.6746,1.37,1.00
2016.06.07 15:36:22.032,0.67438,0.67457,1.87,1.00
2016.06.07 15:36:22.133,0.67438,0.67457,1.00,1.00
2016.06.07 15:36:22.234,0.67435,0.67456,1.12,1.37
2016.06.07 15:36:25.460,0.67436,0.67457,1.37,1.00
2016.06.07 15:36:28.063,0.67438,0.67459,1.00,1.12
2016.06.07 15:36:32.514,0.67439,0.6746,1.00,1.37
2016.06.07 15:36:33.255,0.6744,0.67461,1.00,1.37
2016.06.07 15:36:33.554,0.6744,0.67461,1.37,1.00
2016.06.07 15:36:33.783,0.67443,0.67463,1.00,1.00
2016.06.07 15:36:35.468,0.67444,0.67464,1.00,1.12
2016.06.07 15:36:35.873,0.67445,0.67464,1.00,1.50
2016.06.07 15:36:36.275,0.67443,0.67464,1.00,2.25
2016.06.07 15:36:36.825,0.67444,0.67464,1.00,1.37
2016.06.07 15:36:37.044,0.67446,0.67464,1.00,1.87
2016.06.07 15:36:37.095,0.67443,0.67463,1.12,1.00
2016.06.07 15:36:37.247,0.67442,0.67463,1.00,1.50
2016.06.07 15:36:38.147,0.67441,0.67462,1.00,2.25
2016.06.07 15:36:39.505,0.67443,0.67461,1.00,1.37
2016.06.07 15:36:39.556,0.67443,0.67462,1.00,1.87
2016.06.07 15:36:39.657,0.6744,0.6746,1.37,1.00
2016.06.07 15:36:39.708,0.67444,0.67462,1.00,1.37
2016.06.07 15:36:39.789,0.6744,0.6746,1.37,1.00
2016.06.07 15:36:40.338,0.67438,0.67459,1.12,1.12
2016.06.07 15:36:41.607,0.6744,0.67461,1.00,1.37
2016.06.07 15:36:42.123,0.67441,0.67462,1.00,1.37
2016.06.07 15:36:44.808,0.6744,0.67462,1.00,1.87
2016.06.07 15:36:45.044,0.67438,0.67458,1.12,1.00
2016.06.07 15:36:45.767,0.67437,0.67457,1.37,1.00
2016.06.07 15:36:46.440,0.67438,0.67456,1.12,1.00
2016.06.07 15:36:46.970,0.67439,0.6746,1.00,1.87
2016.06.07 15:36:47.266,0.67441,0.67462,1.12,1.37
2016.06.07 15:36:47.793,0.67442,0.67463,1.00,1.37
2016.06.07 15:36:48.111,0.67442,0.67463,1.12,1.00
2016.06.07 15:36:48.796,0.67445,0.67463,1.00,1.00
2016.06.07 15:36:53.318,0.67444,0.67465,1.00,1.12
2016.06.07 15:36:55.619,0.67443,0.67464,1.00,1.00
2016.06.07 15:36:56.342,0.67444,0.67465,1.00,1.50
2016.06.07 15:36:56.443,0.67446,0.67465,1.00,1.00
2016.06.07 15:36:56.746,0.67449,0.6747,1.00,2.62
2016.06.07 15:36:56.797,0.67449,0.6747,1.00,2.62
2016.06.07 15:36:58.043,0.6745,0.67468,1.00,1.37
2016.06.07 15:36:58.587,0.6745,0.67468,1.00,1.00
2016.06.07 15:36:59.132,0.6745,0.67469,1.00,1.00
2016.06.07 15:37:01.492,0.67446,0.67466,1.12,1.00
2016.06.07 15:37:01.593,0.67447,0.67466,1.00,1.37
2016.06.07 15:37:01.644,0.67445,0.67465,1.50,1.37
2016.06.07 15:37:01.907,0.67443,0.67463,1.12,1.00
2016.06.07 15:37:02.159,0.6744,0.67458,1.37,1.00
2016.06.07 15:37:02.210,0.6744,0.67458,1.37,1.00
2016.06.07 15:37:02.311,0.67439,0.67456,1.00,1.00
2016.06.07 15:37:02.362,0.67437,0.67457,1.00,1.00
2016.06.07 15:37:03.117,0.67437,0.67458,1.00,1.12
2016.06.07 15:37:03.682,0.67438,0.67458,1.00,1.12
2016.06.07 15:37:03.939,0.6744,0.6746,1.00,1.37
2016.06.07 15:37:04.140,0.67441,0.67461,1.00,1.37
2016.06.07 15:37:04.338,0.67443,0.67461,1.00,1.37
2016.06.07 15:37:04.443,0.67444,0.67462,1.00,1.00
2016.06.07 15:37:05.143,0.67441,0.67458,1.37,1.00
2016.06.07 15:37:05.244,0.67439,0.6746,2.25,1.00
2016.06.07 15:37:05.506,0.6744,0.67458,1.00,1.00
2016.06.07 15:37:05.556,0.67438,0.67457,1.12,1.00
2016.06.07 15:37:05.607,0.6744,0.67458,1.00,1.00
2016.06.07 15:37:06.149,0.67439,0.67459,1.00,1.00
2016.06.07 15:37:06.891,0.67439,0.67459,1.00,1.37
2016.06.07 15:37:07.483,0.67438,0.67458,1.00,1.12
2016.06.07 15:37:08.003,0.67437,0.67458,1.00,1.12
2016.06.07 15:37:09.604,0.67439,0.67456,1.00,1.00
2016.06.07 15:37:10.301,0.67438,0.67456,1.00,1.00
2016.06.07 15:37:11.015,0.67435,0.67455,1.12,1.00
2016.06.07 15:37:11.066,0.67442,0.67461,1.00,1.75
2016.06.07 15:37:11.217,0.67441,0.6746,1.00,1.12
2016.06.07 15:37:11.724,0.67439,0.6746,1.37,1.00
2016.06.07 15:37:12.433,0.67439,0.6746,1.00,1.12
2016.06.07 15:37:13.371,0.67439,0.67459,1.00,1.00
2016.06.07 15:37:14.262,0.67438,0.67459,1.12,1.00
2016.06.07 15:37:15.053,0.67442,0.67463,1.00,1.87
2016.06.07 15:37:21.255,0.67442,0.67463,1.00,1.37
2016.06.07 15:37:31.885,0.67445,0.67464,1.00,1.37
2016.06.07 15:37:32.137,0.67447,0.67467,1.00,1.12
2016.06.07 15:37:32.661,0.67447,0.67466,1.00,1.00
2016.06.07 15:37:33.493,0.67445,0.67466,1.37,1.00
2016.06.07 15:37:34.861,0.67445,0.67465,1.37,1.00
2016.06.07 15:37:35.108,0.67444,0.67464,1.00,1.12
2016.06.07 15:37:36.309,0.67444,0.67463,1.00,1.00
2016.06.07 15:37:36.882,0.67444,0.67463,1.00,1.37
2016.06.07 15:37:39.465,0.67443,0.67463,1.00,1.37
2016.06.07 15:37:44.172,0.67442,0.67464,1.00,1.37
2016.06.07 15:37:45.811,0.67443,0.67462,1.00,1.12
2016.06.07 15:37:46.948,0.67443,0.6746,1.00,1.00
2016.06.07 15:37:46.999,0.67441,0.67459,1.00,1.00
2016.06.07 15:37:47.520,0.67441,0.67458,1.00,1.00
2016.06.07 15:37:52.880,0.6744,0.6746,1.87,1.00
2016.06.07 15:37:54.302,0.67439,0.67459,1.37,1.00
2016.06.07 15:37:58.996,0.6744,0.6746,1.87,1.00
2016.06.07 15:37:59.733,0.6744,0.67459,1.12,1.00
2016.06.07 15:38:03.808,0.67441,0.67459,1.00,1.00
2016.06.07 15:38:03.960,0.67438,0.67459,1.87,1.00
2016.06.07 15:38:04.242,0.67441,0.67458,1.00,1.00
2016.06.07 15:38:04.574,0.67441,0.6746,1.00,1.12
2016.06.07 15:38:05.128,0.67442,0.67459,1.00,1.00
2016.06.07 15:38:05.256,0.6744,0.6746,1.00,1.12
2016.06.07 15:38:05.307,0.67441,0.67458,1.00,1.00
2016.06.07 15:38:05.358,0.67439,0.67459,1.12,1.00
2016.06.07 15:38:10.109,0.67437,0.67457,2.25,1.00
2016.06.07 15:38:10.210,0.67437,0.67456,1.00,1.00
2016.06.07 15:38:10.758,0.67436,0.67457,1.50,1.12
2016.06.07 15:38:11.293,0.67437,0.67457,1.00,1.12
2016.06.07 15:38:11.584,0.67439,0.67456,1.00,1.00
2016.06.07 15:38:12.090,0.67439,0.67457,1.00,1.00
2016.06.07 15:38:12.292,0.6744,0.67459,1.00,1.00
2016.06.07 15:38:13.169,0.6744,0.67458,1.00,1.00
2016.06.07 15:38:17.118,0.67439,0.6746,1.00,1.00
2016.06.07 15:38:19.953,0.6744,0.6746,1.00,1.00
2016.06.07 15:38:22.573,0.6744,0.67459,1.00,1.00
2016.06.07 15:38:23.695,0.67439,0.67459,1.00,1.00
2016.06.07 15:38:25.551,0.67436,0.67451,1.37,1.00
2016.06.07 15:38:25.652,0.67435,0.67453,1.00,1.00
2016.06.07 15:38:26.410,0.67434,0.67454,1.00,1.00
2016.06.07 15:38:26.602,0.67436,0.67453,1.00,1.00
2016.06.07 15:38:26.703,0.67434,0.67454,1.00,1.00
2016.06.07 15:38:27.591,0.67435,0.67454,1.00,1.00
2016.06.07 15:38:28.139,0.67435,0.67453,1.00,1.00
2016.06.07 15:38:28.670,0.67434,0.67455,1.00,1.12
2016.06.07 15:38:28.721,0.67432,0.67453,1.12,1.00
2016.06.07 15:38:29.026,0.67432,0.67452,1.00,1.37
2016.06.07 15:38:29.540,0.67433,0.67451,1.00,1.12
2016.06.07 15:38:30.034,0.67431,0.67452,1.00,1.37
2016.06.07 15:38:30.860,0.67433,0.67452,1.12,1.00
2016.06.07 15:38:30.911,0.67437,0.67458,1.37,1.12
2016.06.07 15:38:34.388,0.67437,0.67458,1.00,1.37
2016.06.07 15:38:34.937,0.67436,0.67456,1.00,1.00
2016.06.07 15:38:35.593,0.67435,0.67456,1.00,1.00
2016.06.07 15:38:37.226,0.67431,0.67451,1.12,1.12
2016.06.07 15:38:37.747,0.67431,0.6745,1.12,1.00
2016.06.07 15:38:38.294,0.6743,0.67449,1.37,1.00
2016.06.07 15:38:39.385,0.67428,0.67447,1.37,1.00
2016.06.07 15:38:39.606,0.67428,0.67447,1.12,1.00
2016.06.07 15:38:39.657,0.67425,0.67443,1.00,1.00
2016.06.07 15:38:39.758,0.67424,0.67445,1.00,1.00
2016.06.07 15:38:40.925,0.67425,0.67442,1.00,1.00
2016.06.07 15:38:42.671,0.67425,0.67443,1.00,1.00
2016.06.07 15:38:43.946,0.67426,0.67444,1.00,1.00
2016.06.07 15:38:46.404,0.67424,0.67444,1.00,1.00
2016.06.07 15:38:46.505,0.67424,0.67441,1.00,1.00
2016.06.07 15:38:46.556,0.67423,0.67443,1.00,1.00
2016.06.07 15:38:47.058,0.67423,0.67443,1.00,1.37
2016.06.07 15:38:47.109,0.67425,0.67443,1.00,1.37
2016.06.07 15:38:47.706,0.67425,0.67443,1.12,1.00
2016.06.07 15:38:49.182,0.67425,0.67444,1.12,1.00
2016.06.07 15:38:49.726,0.67425,0.67445,1.12,1.12
2016.06.07 15:38:50.264,0.67425,0.67443,1.12,1.00
2016.06.07 15:38:50.838,0.67424,0.67444,1.37,1.00
2016.06.07 15:38:51.342,0.67426,0.67443,1.00,1.00
2016.06.07 15:38:51.392,0.67425,0.67445,1.12,1.12
2016.06.07 15:38:51.621,0.67427,0.67444,1.00,1.00
2016.06.07 15:38:51.672,0.67425,0.67445,1.12,1.12
2016.06.07 15:38:52.291,0.67426,0.67445,1.00,1.12
2016.06.07 15:38:53.849,0.67425,0.67446,1.12,1.37
2016.06.07 15:38:54.482,0.67425,0.67444,1.12,1.00
2016.06.07 15:38:56.368,0.67434,0.67451,1.00,1.00
2016.06.07 15:38:56.419,0.67433,0.67453,1.00,1.12
2016.06.07 15:38:56.698,0.67435,0.67454,1.00,1.00
2016.06.07 15:38:57.216,0.67435,0.67455,1.00,1.12
2016.06.07 15:38:59.999,0.67432,0.67452,1.37,1.00
2016.06.07 15:39:00.150,0.67434,0.67455,1.12,1.12
2016.06.07 15:39:00.644,0.67435,0.67452,1.00,1.00
2016.06.07 15:39:01.163,0.67434,0.67454,1.12,1.00
2016.06.07 15:39:02.108,0.67434,0.67455,1.12,1.12
2016.06.07 15:39:03.513,0.67437,0.67455,1.00,1.12
2016.06.07 15:39:03.970,0.67436,0.67457,1.37,1.50
2016.06.07 15:39:04.022,0.67435,0.67455,1.37,1.00
2016.06.07 15:39:05.814,0.67435,0.67455,1.00,1.12
2016.06.07 15:39:06.066,0.67433,0.6745,1.37,1.00
2016.06.07 15:39:06.218,0.67431,0.67448,1.00,1.00
2016.06.07 15:39:06.561,0.67429,0.67449,1.00,1.37
2016.06.07 15:39:06.763,0.67427,0.67448,1.00,1.12
2016.06.07 15:39:07.277,0.67428,0.67448,1.00,1.12
2016.06.07 15:39:08.012,0.67428,0.67447,1.00,1.00
2016.06.07 15:39:08.533,0.67427,0.67447,1.00,1.00
2016.06.07 15:39:09.163,0.67428,0.67447,1.00,1.00
2016.06.07 15:39:15.891,0.67428,0.67446,1.00,1.00
2016.06.07 15:39:16.621,0.67428,0.67447,1.00,1.00
2016.06.07 15:39:17.211,0.67427,0.67448,1.00,1.12
2016.06.07 15:39:17.316,0.67429,0.67447,1.00,1.00
2016.06.07 15:39:17.430,0.67427,0.67448,1.00,1.12
2016.06.07 15:39:17.750,0.67427,0.67446,1.12,1.00
2016.06.07 15:39:18.290,0.67426,0.67447,1.00,1.00
2016.06.07 15:39:21.966,0.67428,0.67448,1.00,1.37
2016.06.07 15:39:22.219,0.67429,0.67449,1.12,1.00
2016.06.07 15:39:22.645,0.67431,0.6745,1.12,1.00
2016.06.07 15:39:23.302,0.67429,0.67449,1.12,1.00
2016.06.07 15:39:23.850,0.67429,0.6745,1.12,1.00
2016.06.07 15:39:24.659,0.6743,0.6745,1.00,1.00
2016.06.07 15:39:25.233,0.6743,0.67449,1.00,1.00
2016.06.07 15:39:25.830,0.67429,0.6745,1.50,1.00
2016.06.07 15:39:25.990,0.67431,0.67449,1.00,1.00
2016.06.07 15:39:26.548,0.67429,0.67449,1.37,1.00
2016.06.07 15:39:26.599,0.6743,0.67449,1.12,1.00
2016.06.07 15:39:29.649,0.6743,0.67448,1.00,1.00
2016.06.07 15:39:30.899,0.67426,0.67446,3.00,1.00
2016.06.07 15:39:31.433,0.67428,0.67447,1.37,1.00
2016.06.07 15:39:31.952,0.6743,0.67448,1.50,1.00
2016.06.07 15:39:33.179,0.67431,0.67449,1.00,1.00
2016.06.07 15:39:33.788,0.6743,0.67449,1.00,1.00
2016.06.07 15:39:34.916,0.6743,0.6745,1.50,1.00
2016.06.07 15:39:35.438,0.6743,0.67449,1.12,1.00
2016.06.07 15:39:36.164,0.6743,0.6745,1.12,1.00
2016.06.07 15:39:39.034,0.67432,0.6745,1.00,1.00
2016.06.07 15:39:39.136,0.6743,0.67451,1.50,1.12
2016.06.07 15:39:39.551,0.67432,0.67451,1.00,1.12
2016.06.07 15:39:40.176,0.67432,0.67449,1.00,1.00
2016.06.07 15:39:40.600,0.6743,0.6745,1.87,1.00
2016.06.07 15:39:40.893,0.67432,0.67449,1.00,1.00
2016.06.07 15:39:41.057,0.67431,0.67451,1.12,1.12
2016.06.07 15:39:41.605,0.67431,0.6745,1.00,1.00
2016.06.07 15:39:41.866,0.67433,0.67452,1.00,1.37
2016.06.07 15:39:42.168,0.67431,0.67448,1.12,1.00
2016.06.07 15:39:42.371,0.67431,0.6745,1.12,1.00
2016.06.07 15:39:42.918,0.67431,0.67449,1.50,1.00
2016.06.07 15:39:43.120,0.67431,0.67449,1.00,1.37
2016.06.07 15:39:43.519,0.67428,0.67448,1.00,1.37
2016.06.07 15:39:44.524,0.6743,0.67449,1.00,1.37
2016.06.07 15:39:44.726,0.6743,0.67449,1.00,1.00
2016.06.07 15:39:45.231,0.67429,0.67449,1.00,1.00
2016.06.07 15:39:46.483,0.67429,0.67446,1.00,1.00
2016.06.07 15:39:47.020,0.67428,0.67447,1.12,1.00
2016.06.07 15:39:47.233,0.67429,0.67449,1.00,1.00
2016.06.07 15:39:47.334,0.6743,0.6745,1.00,1.87
2016.06.07 15:39:47.835,0.67431,0.67451,1.00,1.12
2016.06.07 15:39:48.184,0.67433,0.67453,1.00,1.37
2016.06.07 15:39:48.779,0.67431,0.67452,1.37,1.00
2016.06.07 15:39:49.687,0.67433,0.67452,1.00,1.00
2016.06.07 15:39:55.221,0.67432,0.67452,1.12,1.00
2016.06.07 15:39:56.835,0.67431,0.67452,1.00,1.37
2016.06.07 15:39:57.403,0.6743,0.67451,1.12,1.37
2016.06.07 15:39:57.886,0.67433,0.67453,1.00,1.50
2016.06.07 15:39:58.736,0.67432,0.67453,1.00,1.37
2016.06.07 15:39:59.350,0.67433,0.67453,1.00,1.87
2016.06.07 15:40:00.847,0.67433,0.67453,1.00,1.00
2016.06.07 15:40:02.631,0.67434,0.67455,1.12,1.37
2016.06.07 15:40:03.192,0.67435,0.67455,1.00,1.00
2016.06.07 15:40:03.780,0.67434,0.67455,1.50,1.00
2016.06.07 15:40:04.321,0.67434,0.67455,1.00,1.37
2016.06.07 15:40:07.579,0.67432,0.67452,1.50,1.00
2016.06.07 15:40:07.944,0.6743,0.67451,1.00,1.00
2016.06.07 15:40:07.996,0.6743,0.67449,1.00,1.00
2016.06.07 15:40:08.240,0.67431,0.67451,1.00,1.00
2016.06.07 15:40:09.273,0.67431,0.67451,1.37,1.00
2016.06.07 15:40:10.421,0.67435,0.67454,1.00,1.37
2016.06.07 15:40:10.981,0.67435,0.67454,1.12,1.00
2016.06.07 15:40:11.637,0.67435,0.67456,1.12,1.00
2016.06.07 15:40:14.280,0.67436,0.67456,1.00,1.00
2016.06.07 15:40:18.259,0.67439,0.67456,1.00,1.00
2016.06.07 15:40:18.880,0.67438,0.67456,1.00,1.00
2016.06.07 15:40:19.186,0.67443,0.6746,1.00,1.12
2016.06.07 15:40:20.295,0.67441,0.67461,1.00,1.37
2016.06.07 15:40:20.447,0.67443,0.6746,1.00,1.12
2016.06.07 15:40:21.022,0.6744,0.67461,1.12,1.37
2016.06.07 15:40:21.771,0.67441,0.67461,1.00,1.37
2016.06.07 15:40:22.125,0.67443,0.67463,1.00,1.87
2016.06.07 15:40:22.226,0.67443,0.67463,1.00,1.00
2016.06.07 15:40:24.075,0.67444,0.67462,1.00,1.00
2016.06.07 15:40:24.303,0.67446,0.67463,1.00,1.00
2016.06.07 15:40:25.071,0.67445,0.67466,1.00,1.37
2016.06.07 15:40:28.473,0.67446,0.67466,1.00,1.37
2016.06.07 15:40:29.425,0.67447,0.67467,1.00,1.37
2016.06.07 15:40:31.665,0.67447,0.67467,1.00,1.12
2016.06.07 15:40:34.392,0.67449,0.67466,1.00,1.00
2016.06.07 15:40:34.443,0.67445,0.67465,1.00,1.00
2016.06.07 15:40:34.594,0.67447,0.67466,1.00,1.37
2016.06.07 15:40:35.105,0.6745,0.67467,1.00,1.87
2016.06.07 15:40:35.156,0.6745,0.67467,1.00,1.00
2016.06.07 15:40:36.124,0.6745,0.67468,1.00,1.00
2016.06.07 15:40:37.378,0.67448,0.67468,1.00,1.00
2016.06.07 15:40:37.429,0.6745,0.67469,1.00,1.12
2016.06.07 15:40:38.224,0.6745,0.6747,1.00,1.00
2016.06.07 15:40:39.414,0.6745,0.67469,1.00,1.00
2016.06.07 15:40:40.112,0.67449,0.67469,1.12,1.00
2016.06.07 15:40:40.771,0.67449,0.6747,1.12,1.00
2016.06.07 15:40:42.754,0.6745,0.6747,1.00,1.00
2016.06.07 15:40:43.409,0.6745,0.67469,1.00,1.00
2016.06.07 15:40:43.926,0.67449,0.6747,1.12,1.00
2016.06.07 15:40:48.534,0.67452,0.67469,1.00,1.00
2016.06.07 15:40:50.489,0.67451,0.67471,1.00,1.00
2016.06.07 15:40:52.367,0.67452,0.67472,1.00,1.12
2016.06.07 15:40:57.774,0.67449,0.67469,1.50,1.00
2016.06.07 15:40:58.077,0.67447,0.67467,1.00,1.12
2016.06.07 15:40:58.618,0.67448,0.67468,1.00,1.00
2016.06.07 15:40:59.468,0.67449,0.67467,1.00,1.00
2016.06.07 15:40:59.898,0.67447,0.67466,1.12,1.00
2016.06.07 15:41:00.049,0.67445,0.67464,1.00,1.00
2016.06.07 15:41:00.861,0.67445,0.67465,1.00,1.00
2016.06.07 15:41:01.207,0.67449,0.67468,1.00,1.37
2016.06.07 15:41:01.511,0.67449,0.67469,1.00,1.00
2016.06.07 15:41:02.922,0.67449,0.67467,1.00,1.00
2016.06.07 15:41:03.310,0.67447,0.67465,1.00,1.00
2016.06.07 15:41:03.461,0.67446,0.67467,1.00,1.12
2016.06.07 15:41:03.687,0.67448,0.67466,1.00,1.00
2016.06.07 15:41:04.915,0.67446,0.67467,1.00,1.12
2016.06.07 15:41:04.966,0.67447,0.67465,1.00,1.00
2016.06.07 15:41:05.715,0.6745,0.6747,1.00,1.37
2016.06.07 15:41:05.816,0.6745,0.6747,1.00,1.37
2016.06.07 15:41:14.464,0.67451,0.67468,1.00,1.00
2016.06.07 15:41:14.934,0.67448,0.67467,1.12,1.00
2016.06.07 15:41:18.159,0.67448,0.67468,1.12,1.00
2016.06.07 15:41:18.980,0.67448,0.67466,1.12,1.00
2016.06.07 15:41:19.297,0.67449,0.67469,1.00,1.12
2016.06.07 15:41:19.352,0.67452,0.67472,1.00,1.12
2016.06.07 15:41:19.681,0.67448,0.67468,1.37,1.00
2016.06.07 15:41:19.732,0.67448,0.67468,1.00,1.00
2016.06.07 15:41:20.046,0.6745,0.67469,1.00,1.00
2016.06.07 15:41:20.743,0.67452,0.67469,1.00,1.00
2016.06.07 15:41:21.449,0.67451,0.67471,1.00,1.37
2016.06.07 15:41:26.125,0.67452,0.67471,1.00,1.37
2016.06.07 15:41:26.659,0.67451,0.6747,1.00,1.12
2016.06.07 15:41:28.940,0.67452,0.67472,1.00,1.87
2016.06.07 15:41:31.120,0.67451,0.67471,1.00,1.37
2016.06.07 15:41:32.985,0.67453,0.67473,1.00,2.25
2016.06.07 15:41:33.036,0.67453,0.67472,1.00,1.00
2016.06.07 15:41:33.237,0.67451,0.67471,1.00,1.00
2016.06.07 15:41:33.748,0.67452,0.67472,1.00,1.12
2016.06.07 15:41:35.439,0.67451,0.67472,1.00,1.12
2016.06.07 15:41:36.070,0.67451,0.67471,1.00,1.00
2016.06.07 15:41:37.522,0.67454,0.67473,1.00,1.37
2016.06.07 15:41:37.573,0.67454,0.67474,1.00,1.12
2016.06.07 15:41:38.124,0.67454,0.67471,1.00,1.00
2016.06.07 15:41:38.225,0.67455,0.67473,1.00,1.00
2016.06.07 15:41:38.512,0.67455,0.67475,1.00,1.12
2016.06.07 15:41:39.327,0.67455,0.67474,1.12,1.00
2016.06.07 15:41:41.282,0.67454,0.67471,1.37,1.00
2016.06.07 15:41:42.029,0.67454,0.67472,1.37,1.00
2016.06.07 15:41:42.897,0.6745,0.67468,1.12,1.00
2016.06.07 15:41:42.949,0.67448,0.67467,1.00,1.00
2016.06.07 15:41:43.050,0.67446,0.67466,1.12,1.00
2016.06.07 15:41:43.151,0.67448,0.67466,1.00,1.00
2016.06.07 15:41:43.566,0.67448,0.67468,1.00,1.12
2016.06.07 15:41:43.719,0.67451,0.67471,1.00,2.25
2016.06.07 15:41:44.039,0.67455,0.67473,1.00,1.75
2016.06.07 15:41:44.090,0.67455,0.67473,1.00,1.37
2016.06.07 15:41:44.191,0.67457,0.67475,1.00,1.50
2016.06.07 15:41:44.292,0.67457,0.67475,1.00,1.12
2016.06.07 15:41:45.210,0.67458,0.67475,1.00,1.00
2016.06.07 15:41:45.931,0.67458,0.67478,1.00,1.37
2016.06.07 15:41:45.982,0.67456,0.67476,1.00,1.12
2016.06.07 15:41:47.294,0.67456,0.67474,1.00,1.00
2016.06.07 15:41:47.841,0.67454,0.67474,1.37,1.00
2016.06.07 15:41:48.944,0.67455,0.67475,1.12,1.00
2016.06.07 15:41:49.299,0.67457,0.67477,1.00,1.37
2016.06.07 15:41:49.743,0.67459,0.67476,1.00,1.12
2016.06.07 15:41:49.895,0.67455,0.67473,1.12,1.00
2016.06.07 15:41:50.559,0.67452,0.67472,1.00,1.00
2016.06.07 15:41:51.678,0.67453,0.67472,1.00,1.00
2016.06.07 15:41:52.295,0.67452,0.67471,1.00,1.37
2016.06.07 15:41:53.399,0.67454,0.67472,1.00,1.00
2016.06.07 15:41:56.930,0.67454,0.67474,1.00,1.12
2016.06.07 15:41:57.278,0.67454,0.67472,1.00,1.00
2016.06.07 15:42:00.235,0.67454,0.67474,1.00,1.12
2016.06.07 15:42:00.845,0.67453,0.67473,1.00,1.00
2016.06.07 15:42:02.380,0.67452,0.67472,1.12,1.00
2016.06.07 15:42:02.924,0.67452,0.67472,1.00,1.37
2016.06.07 15:42:06.754,0.67451,0.67471,1.00,1.12
2016.06.07 15:42:06.855,0.67454,0.67472,1.00,1.37
2016.06.07 15:42:06.907,0.67454,0.67474,1.00,1.00
2016.06.07 15:42:07.310,0.67452,0.67472,1.12,1.00
2016.06.07 15:42:07.809,0.67454,0.67474,1.00,1.00
2016.06.07 15:42:08.113,0.67453,0.67473,1.00,1.37
2016.06.07 15:42:10.008,0.67451,0.67471,1.00,1.00
2016.06.07 15:42:14.625,0.6745,0.67471,1.00,1.00
2016.06.07 15:42:15.128,0.67451,0.67471,1.00,1.00
2016.06.07 15:42:18.214,0.67453,0.67471,1.00,1.00
2016.06.07 15:42:18.265,0.67451,0.67472,1.00,1.12
2016.06.07 15:42:18.417,0.67454,0.67472,1.00,1.12
2016.06.07 15:42:20.588,0.67452,0.67472,1.00,1.12
2016.06.07 15:42:21.230,0.67452,0.6747,1.00,1.00
2016.06.07 15:42:21.331,0.67448,0.67468,1.87,1.00
2016.06.07 15:42:21.382,0.67448,0.67466,1.37,1.00
2016.06.07 15:42:21.433,0.67446,0.67467,1.00,1.37
2016.06.07 15:42:21.643,0.67448,0.67466,1.00,1.12
2016.06.07 15:42:21.694,0.67444,0.67465,1.37,1.00
2016.06.07 15:42:22.060,0.67447,0.67465,1.00,1.00
2016.06.07 15:42:22.262,0.67445,0.67466,1.00,1.37
2016.06.07 15:42:27.315,0.67447,0.67467,1.00,4.12
2016.06.07 15:42:27.655,0.67449,0.67469,1.00,2.25
2016.06.07 15:42:33.483,0.67448,0.67469,1.00,1.37
2016.06.07 15:42:33.993,0.6745,0.67468,1.00,1.37
2016.06.07 15:42:35.214,0.6745,0.67468,1.00,1.00
2016.06.07 15:42:37.159,0.67451,0.67469,1.00,1.00
2016.06.07 15:42:37.591,0.67453,0.67471,1.00,2.25
2016.06.07 15:42:38.125,0.67452,0.67472,1.00,1.50
2016.06.07 15:42:41.402,0.67451,0.67471,1.00,1.12
2016.06.07 15:42:42.639,0.67453,0.67471,1.00,1.12
2016.06.07 15:42:45.417,0.67451,0.67472,1.00,1.37
2016.06.07 15:42:48.385,0.67452,0.67472,1.00,1.37
2016.06.07 15:42:49.022,0.67451,0.67471,1.00,1.50
2016.06.07 15:42:49.701,0.67451,0.6747,1.00,1.00
2016.06.07 15:42:51.171,0.6745,0.67468,1.00,1.00
2016.06.07 15:42:59.784,0.67451,0.67469,1.00,1.00
2016.06.07 15:43:00.025,0.67449,0.67469,1.00,1.00
2016.06.07 15:43:00.176,0.67446,0.67467,1.75,1.00
2016.06.07 15:43:00.486,0.67446,0.67464,1.00,1.00
2016.06.07 15:43:00.790,0.67448,0.67466,1.00,1.00
2016.06.07 15:43:02.186,0.67446,0.67466,1.12,1.00
2016.06.07 15:43:03.075,0.67447,0.67466,1.00,1.00
2016.06.07 15:43:04.166,0.67448,0.67468,1.00,1.75
2016.06.07 15:43:04.267,0.67448,0.67468,1.00,1.12
2016.06.07 15:43:04.885,0.67447,0.67468,1.00,1.00
2016.06.07 15:43:05.401,0.67447,0.67467,1.00,1.00
2016.06.07 15:43:05.920,0.67445,0.67466,1.37,1.00
2016.06.07 15:43:06.121,0.67442,0.67463,1.37,1.00
2016.06.07 15:43:09.360,0.67442,0.67463,1.00,1.12
2016.06.07 15:43:11.523,0.67442,0.6746,1.00,1.00
2016.06.07 15:43:11.674,0.67438,0.67457,1.12,1.00
2016.06.07 15:43:12.981,0.67439,0.67457,1.00,1.00
2016.06.07 15:43:13.434,0.6744,0.6746,1.00,1.37
2016.06.07 15:43:15.804,0.67439,0.6746,1.00,1.37
2016.06.07 15:43:16.005,0.67441,0.67459,1.00,1.12
2016.06.07 15:43:16.106,0.67439,0.6746,1.00,1.37
2016.06.07 15:43:16.853,0.6744,0.6746,1.00,1.37
2016.06.07 15:43:20.413,0.67441,0.6746,1.00,1.37
2016.06.07 15:43:21.921,0.67444,0.67465,1.00,1.12
2016.06.07 15:43:22.533,0.67444,0.67464,1.00,1.00
2016.06.07 15:43:23.608,0.67445,0.67464,1.00,1.00
2016.06.07 15:43:24.113,0.67444,0.67464,1.00,1.00
2016.06.07 15:43:24.692,0.67441,0.67461,1.37,1.00
2016.06.07 15:43:24.742,0.67441,0.67461,1.50,1.00
2016.06.07 15:43:24.801,0.67438,0.67459,1.37,1.00
2016.06.07 15:43:25.003,0.67437,0.67457,1.00,1.12
2016.06.07 15:43:25.504,0.67438,0.67456,1.00,1.00
2016.06.07 15:43:28.243,0.67436,0.67455,1.12,1.00
2016.06.07 15:43:28.665,0.67435,0.67453,1.37,1.00
2016.06.07 15:43:28.817,0.67435,0.67455,1.37,1.00
2016.06.07 15:43:29.334,0.67435,0.67455,1.12,1.00
2016.06.07 15:43:30.342,0.67436,0.67454,1.00,1.00
2016.06.07 15:43:30.848,0.67435,0.67455,1.12,1.00
2016.06.07 15:43:31.926,0.67436,0.67454,1.00,1.00
2016.06.07 15:43:32.446,0.67434,0.67455,1.37,1.00
2016.06.07 15:43:33.285,0.67437,0.67455,1.00,1.00
2016.06.07 15:43:33.401,0.67435,0.67456,1.12,1.12
2016.06.07 15:43:34.660,0.67438,0.67457,1.00,1.37
2016.06.07 15:43:34.761,0.67436,0.67457,1.00,1.37
2016.06.07 15:43:37.727,0.67436,0.67457,1.37,1.00
2016.06.07 15:43:38.439,0.67437,0.67458,1.12,1.00
2016.06.07 15:43:39.836,0.67439,0.67459,1.00,1.12
2016.06.07 15:43:40.541,0.6744,0.6746,1.00,1.37
2016.06.07 15:43:41.170,0.67439,0.67459,1.00,1.12
2016.06.07 15:43:41.874,0.67439,0.6746,1.12,1.00
2016.06.07 15:43:42.541,0.67437,0.67458,1.37,1.00
2016.06.07 15:43:42.742,0.67437,0.67458,1.12,1.12
2016.06.07 15:43:42.896,0.67438,0.67456,1.00,1.00
2016.06.07 15:43:43.456,0.67439,0.67456,1.00,1.00
2016.06.07 15:43:43.616,0.67437,0.67458,1.12,1.12
2016.06.07 15:43:43.919,0.6744,0.67458,1.00,1.12
2016.06.07 15:43:44.605,0.67439,0.67457,1.00,1.00
2016.06.07 15:43:45.905,0.67439,0.6746,1.00,1.37
2016.06.07 15:43:46.471,0.67439,0.67457,1.00,1.00
2016.06.07 15:43:47.054,0.67438,0.67457,1.00,1.00
2016.06.07 15:43:47.602,0.67437,0.67456,1.12,1.00
2016.06.07 15:43:51.276,0.67437,0.67458,1.12,1.12
2016.06.07 15:43:54.983,0.67435,0.67456,1.37,1.00
2016.06.07 15:43:55.535,0.67438,0.67456,1.00,1.00
2016.06.07 15:43:56.070,0.67437,0.67455,1.12,1.00
2016.06.07 15:43:56.120,0.67436,0.67457,1.37,1.00
2016.06.07 15:43:56.644,0.67436,0.67457,1.00,1.37
2016.06.07 15:43:57.389,0.67437,0.67455,1.00,1.00
2016.06.07 15:43:59.894,0.67434,0.67455,1.12,1.00
2016.06.07 15:44:00.617,0.67435,0.67456,1.00,1.12
2016.06.07 15:44:00.910,0.67436,0.67457,1.37,1.00
2016.06.07 15:44:01.430,0.67436,0.67456,1.37,1.00
2016.06.07 15:44:02.067,0.67434,0.67455,1.87,1.00
2016.06.07 15:44:02.219,0.67434,0.67454,1.37,1.00
2016.06.07 15:44:02.752,0.67434,0.67455,1.37,1.00
2016.06.07 15:44:04.746,0.67433,0.67453,1.37,1.00
2016.06.07 15:44:06.208,0.67432,0.67452,1.87,1.00
2016.06.07 15:44:06.410,0.67432,0.67452,1.12,1.00
2016.06.07 15:44:10.290,0.67435,0.67454,1.00,1.12
2016.06.07 15:44:10.340,0.67433,0.67453,1.00,1.00
2016.06.07 15:44:10.877,0.67432,0.67453,1.12,1.00
2016.06.07 15:44:11.335,0.67432,0.67451,1.12,1.00
2016.06.07 15:44:12.079,0.67433,0.67452,1.12,1.00
2016.06.07 15:44:13.278,0.67434,0.67452,1.00,1.00
2016.06.07 15:44:13.891,0.67432,0.67453,1.37,1.00
2016.06.07 15:44:14.513,0.67431,0.67452,1.37,1.00
2016.06.07 15:44:14.614,0.67431,0.67452,1.00,1.12
2016.06.07 15:44:19.642,0.67433,0.67452,1.00,1.12
2016.06.07 15:44:20.357,0.67432,0.67451,1.00,1.00
2016.06.07 15:44:20.922,0.67432,0.67452,1.00,1.12
2016.06.07 15:44:21.225,0.67435,0.67453,1.00,1.00
2016.06.07 15:44:21.547,0.67434,0.67455,1.12,1.00
2016.06.07 15:44:22.050,0.67435,0.67455,1.00,1.00
2016.06.07 15:44:22.566,0.67436,0.67456,1.00,1.12
2016.06.07 15:44:23.918,0.67438,0.67458,1.00,1.87
2016.06.07 15:44:24.221,0.67448,0.67468,1.12,1.00
2016.06.07 15:44:24.271,0.67446,0.67466,1.37,1.00
2016.06.07 15:44:24.322,0.67446,0.67466,1.00,1.00
2016.06.07 15:44:24.774,0.67448,0.67468,1.00,1.12
2016.06.07 15:44:25.326,0.67449,0.67469,1.00,1.00
2016.06.07 15:44:25.756,0.67451,0.67468,1.00,1.00
2016.06.07 15:44:25.807,0.6745,0.6747,1.00,1.12
2016.06.07 15:44:26.800,0.6745,0.67469,1.00,1.00
2016.06.07 15:44:27.924,0.67452,0.67472,1.00,1.37
2016.06.07 15:44:28.075,0.67452,0.67473,1.37,1.00
2016.06.07 15:44:28.126,0.67452,0.6747,1.37,1.00
2016.06.07 15:44:28.227,0.67457,0.67475,1.00,1.87
2016.06.07 15:44:28.328,0.67454,0.67473,1.12,1.00
2016.06.07 15:44:30.673,0.67455,0.67475,1.00,1.37
2016.06.07 15:44:31.206,0.67458,0.67476,1.00,1.37
2016.06.07 15:44:31.635,0.67467,0.67484,1.12,1.00
2016.06.07 15:44:31.686,0.67469,0.67488,1.00,1.37
2016.06.07 15:44:31.787,0.67467,0.67489,1.37,1.50
2016.06.07 15:44:31.838,0.67465,0.67484,1.37,1.00
2016.06.07 15:44:32.205,0.67461,0.67482,1.37,1.00
2016.06.07 15:44:32.532,0.67459,0.67478,1.87,1.00
2016.06.07 15:44:32.582,0.67459,0.67479,1.50,1.00
2016.06.07 15:44:33.098,0.67458,0.67478,1.12,1.00
2016.06.07 15:44:33.631,0.67457,0.67477,1.37,1.00
2016.06.07 15:44:33.950,0.67456,0.67476,1.12,1.00
2016.06.07 15:44:34.652,0.67456,0.67474,1.12,1.00
2016.06.07 15:44:34.919,0.67457,0.67477,1.00,1.12
2016.06.07 15:44:34.970,0.67462,0.6748,1.00,1.87
2016.06.07 15:44:35.071,0.67465,0.67481,1.00,1.00
2016.06.07 15:44:35.172,0.67465,0.67483,1.00,1.00
2016.06.07 15:44:35.525,0.67462,0.67482,1.87,1.00
2016.06.07 15:44:35.989,0.67461,0.6748,1.37,1.00
2016.06.07 15:44:38.065,0.67462,0.67482,1.12,1.00
2016.06.07 15:44:38.857,0.67463,0.67483,1.00,1.00
2016.06.07 15:44:38.908,0.6746,0.67479,2.25,1.00
2016.06.07 15:44:39.060,0.6746,0.67479,1.00,1.00
2016.06.07 15:44:40.917,0.67459,0.67479,1.12,1.00
2016.06.07 15:44:41.473,0.6746,0.67479,1.00,1.00
2016.06.07 15:44:44.486,0.67461,0.67481,1.00,1.00
2016.06.07 15:44:45.710,0.67462,0.67482,1.00,1.12
2016.06.07 15:44:46.798,0.67462,0.67482,1.37,1.00
2016.06.07 15:44:47.335,0.67462,0.67481,1.37,1.00
2016.06.07 15:44:48.587,0.67462,0.67482,1.37,1.00
2016.06.07 15:44:51.314,0.67463,0.67483,1.12,1.00
2016.06.07 15:44:51.758,0.67462,0.67481,1.37,1.00
2016.06.07 15:44:52.766,0.67463,0.67484,1.12,1.12
2016.06.07 15:44:54.609,0.67459,0.6748,1.12,1.00
2016.06.07 15:44:54.912,0.67459,0.67479,1.00,1.37
2016.06.07 15:44:55.064,0.67457,0.67477,1.00,1.00
2016.06.07 15:44:55.963,0.67457,0.67476,1.00,1.00
2016.06.07 15:44:57.067,0.67458,0.67476,1.00,1.00
2016.06.07 15:44:57.829,0.67457,0.67476,1.00,1.00
2016.06.07 15:44:58.395,0.67457,0.67475,1.00,1.00
2016.06.07 15:45:01.363,0.67458,0.67475,1.00,1.00
2016.06.07 15:45:01.513,0.67457,0.67477,1.00,1.00
2016.06.07 15:45:01.564,0.67459,0.67479,1.00,1.37
2016.06.07 15:45:02.124,0.6746,0.67479,1.00,1.00
2016.06.07 15:45:05.326,0.67461,0.67481,1.00,1.12
2016.06.07 15:45:10.498,0.6746,0.6748,1.00,1.00
2016.06.07 15:45:10.739,0.6746,0.67478,1.00,1.37
2016.06.07 15:45:10.799,0.67458,0.67478,1.00,1.37
2016.06.07 15:45:10.950,0.67458,0.67478,1.00,1.87
2016.06.07 15:45:15.827,0.67457,0.67475,1.00,1.12
2016.06.07 15:45:16.520,0.67456,0.67475,1.00,1.12
2016.06.07 15:45:17.441,0.67454,0.67474,1.12,1.00
2016.06.07 15:45:18.038,0.67456,0.67473,1.00,1.00
2016.06.07 15:45:19.880,0.67455,0.67473,1.00,1.00
2016.06.07 15:45:21.312,0.67456,0.67474,1.00,1.00
2016.06.07 15:45:21.921,0.67457,0.67476,1.00,1.37
2016.06.07 15:45:24.616,0.67458,0.67475,1.00,1.12
2016.06.07 15:45:24.718,0.67456,0.67476,1.00,1.37
2016.06.07 15:45:25.267,0.67457,0.67477,1.00,1.37
2016.06.07 15:45:25.925,0.67456,0.67474,1.00,1.00
2016.06.07 15:45:26.596,0.67455,0.67473,1.00,1.00
2016.06.07 15:45:27.073,0.6745,0.67472,1.87,1.00
2016.06.07 15:45:27.175,0.67452,0.67472,1.00,1.37
2016.06.07 15:45:27.504,0.67453,0.67474,1.00,1.37
2016.06.07 15:45:28.347,0.67455,0.67475,1.00,1.37
2016.06.07 15:45:28.398,0.67455,0.67475,1.00,1.00
2016.06.07 15:45:28.755,0.67457,0.67477,1.00,1.87
2016.06.07 15:45:29.169,0.67459,0.67478,1.00,1.00
2016.06.07 15:45:29.725,0.67459,0.67479,1.00,1.12
2016.06.07 15:45:31.365,0.6746,0.6748,1.00,1.87
2016.06.07 15:45:32.227,0.67462,0.67481,1.00,1.87
2016.06.07 15:45:32.479,0.67462,0.67482,1.00,1.00
2016.06.07 15:45:32.682,0.67459,0.6748,1.00,1.12
2016.06.07 15:45:32.884,0.67459,0.67477,1.00,1.12
2016.06.07 15:45:33.126,0.67457,0.67476,1.00,1.00
2016.06.07 15:45:33.466,0.67454,0.67474,1.00,1.12
2016.06.07 15:45:35.172,0.67453,0.67473,1.12,1.00
2016.06.07 15:45:35.507,0.67453,0.67471,1.12,1.00
2016.06.07 15:45:36.113,0.67453,0.67473,1.12,1.00
2016.06.07 15:45:36.215,0.67452,0.67472,1.00,1.37
2016.06.07 15:45:36.923,0.67453,0.67473,1.00,1.37
2016.06.07 15:45:37.305,0.67451,0.67472,1.12,1.37
2016.06.07 15:45:38.395,0.67453,0.67473,1.00,1.37
2016.06.07 15:45:39.872,0.67453,0.67474,1.12,1.87
2016.06.07 15:45:40.521,0.67453,0.67473,1.12,1.00
2016.06.07 15:45:41.145,0.67452,0.67472,1.37,1.00
2016.06.07 15:45:41.681,0.67453,0.67473,1.12,1.00
2016.06.07 15:45:42.885,0.67449,0.67467,1.12,1.00
2016.06.07 15:45:43.389,0.67448,0.67467,1.00,1.00
2016.06.07 15:45:43.941,0.67447,0.67467,1.00,1.00
2016.06.07 15:45:44.469,0.67447,0.67468,1.00,1.12
2016.06.07 15:45:45.170,0.67448,0.67467,1.00,1.00
2016.06.07 15:45:45.563,0.6745,0.67469,1.00,1.37
2016.06.07 15:45:46.251,0.6745,0.67469,1.00,1.12
2016.06.07 15:45:47.195,0.67452,0.6747,1.00,1.37
2016.06.07 15:45:47.711,0.67451,0.67471,1.00,1.37
2016.06.07 15:45:48.383,0.6745,0.67471,1.00,1.37
2016.06.07 15:45:49.034,0.67451,0.67469,1.00,1.12
2016.06.07 15:45:49.186,0.67449,0.6747,1.12,1.37
2016.06.07 15:45:49.636,0.67451,0.67468,1.00,1.00
2016.06.07 15:45:51.738,0.67449,0.67469,1.12,1.12
2016.06.07 15:45:55.626,0.67451,0.6747,1.00,1.37
2016.06.07 15:45:55.828,0.67451,0.67471,1.12,1.00
2016.06.07 15:45:56.332,0.6745,0.67469,1.37,1.00
2016.06.07 15:45:56.434,0.67449,0.67469,1.00,1.37
2016.06.07 15:46:05.804,0.67448,0.67469,1.00,1.37
2016.06.07 15:46:06.156,0.67448,0.67466,1.00,1.00
2016.06.07 15:46:06.949,0.67447,0.67468,1.12,1.12
2016.06.07 15:46:07.619,0.67446,0.67466,1.37,1.00
2016.06.07 15:46:08.158,0.67448,0.67466,1.00,1.00
2016.06.07 15:46:08.720,0.67446,0.67467,1.37,1.00
2016.06.07 15:46:11.460,0.67448,0.67467,1.00,1.00
2016.06.07 15:46:12.008,0.67447,0.67468,1.12,1.00
2016.06.07 15:46:13.024,0.67449,0.67469,1.00,1.12
2016.06.07 15:46:13.557,0.67448,0.67469,1.00,1.12
2016.06.07 15:46:14.419,0.67449,0.67468,1.00,1.00
2016.06.07 15:46:15.054,0.67448,0.67468,1.00,1.00
2016.06.07 15:46:15.697,0.67448,0.67469,1.00,1.12
2016.06.07 15:46:16.048,0.67448,0.67466,1.00,1.00
2016.06.07 15:46:16.464,0.67447,0.67468,1.12,1.00
2016.06.07 15:46:16.617,0.67449,0.67467,1.00,1.00
2016.06.07 15:46:16.668,0.67447,0.67468,1.12,1.00
2016.06.07 15:46:17.732,0.67447,0.67467,1.12,1.00
2016.06.07 15:46:18.254,0.67447,0.67466,1.00,1.00
2016.06.07 15:46:19.302,0.67447,0.67467,1.00,1.12
2016.06.07 15:46:20.301,0.67446,0.67466,1.00,1.00
2016.06.07 15:46:20.960,0.67446,0.67466,1.00,1.37
2016.06.07 15:46:21.710,0.67447,0.67466,1.00,1.37
2016.06.07 15:46:22.593,0.67445,0.67466,1.00,1.37
2016.06.07 15:46:23.143,0.67444,0.67465,1.00,1.37
2016.06.07 15:46:23.496,0.67447,0.67466,1.00,1.37
2016.06.07 15:46:23.695,0.67447,0.67466,1.00,1.00
2016.06.07 15:46:23.746,0.67448,0.67468,1.00,1.00
2016.06.07 15:46:24.262,0.67449,0.67468,1.00,1.00
2016.06.07 15:46:24.767,0.6745,0.67468,1.00,1.00
2016.06.07 15:46:25.109,0.67448,0.67468,1.00,1.00
2016.06.07 15:46:26.665,0.67449,0.6747,1.00,1.37
2016.06.07 15:46:28.168,0.67449,0.67471,1.12,1.00
2016.06.07 15:46:28.219,0.67451,0.67472,1.00,1.12
2016.06.07 15:46:28.754,0.67452,0.67471,1.00,1.00
2016.06.07 15:46:30.027,0.67451,0.67471,1.00,1.00
2016.06.07 15:46:30.501,0.67453,0.67471,1.00,1.00
2016.06.07 15:46:31.046,0.67452,0.67472,1.00,1.12
2016.06.07 15:46:31.556,0.67451,0.67472,1.00,1.12
2016.06.07 15:46:33.865,0.67452,0.67472,1.00,1.12
2016.06.07 15:46:34.408,0.67452,0.67473,1.12,1.00
2016.06.07 15:46:35.327,0.67451,0.67471,1.37,1.00
2016.06.07 15:46:35.731,0.6745,0.67471,1.00,1.12
2016.06.07 15:46:36.454,0.67449,0.6747,1.00,1.00
2016.06.07 15:46:36.505,0.67451,0.67469,1.00,1.00
2016.06.07 15:46:37.934,0.6745,0.67471,1.00,1.12
2016.06.07 15:46:39.779,0.67452,0.67472,1.00,1.37
2016.06.07 15:46:40.431,0.67452,0.6747,1.00,1.00
2016.06.07 15:46:41.793,0.6745,0.67469,1.00,1.00
2016.06.07 15:46:41.894,0.67448,0.67469,1.12,1.00
2016.06.07 15:46:42.424,0.67448,0.67469,1.00,1.37
2016.06.07 15:46:43.722,0.6745,0.6747,1.00,1.37
2016.06.07 15:46:44.229,0.67447,0.67468,1.00,1.12
2016.06.07 15:46:44.614,0.67449,0.67467,1.00,1.00
2016.06.07 15:46:44.983,0.67447,0.67467,1.00,1.00
2016.06.07 15:46:48.752,0.67447,0.67468,1.00,1.12
2016.06.07 15:46:48.803,0.67447,0.67468,1.37,1.00
2016.06.07 15:46:48.905,0.67447,0.67468,1.00,1.37
2016.06.07 15:46:49.137,0.67449,0.67468,1.00,1.37
2016.06.07 15:46:49.939,0.67449,0.67468,1.00,1.00
2016.06.07 15:46:50.448,0.67452,0.6747,1.00,1.00
2016.06.07 15:46:50.894,0.67453,0.67473,1.00,1.00
2016.06.07 15:46:51.401,0.67452,0.67473,1.12,1.00
2016.06.07 15:46:55.621,0.67451,0.67471,1.37,1.00
2016.06.07 15:46:56.116,0.6745,0.67469,1.37,1.00
2016.06.07 15:46:56.167,0.6745,0.67469,1.12,1.00
2016.06.07 15:46:57.362,0.67451,0.67469,1.00,1.00
2016.06.07 15:46:57.666,0.67451,0.67472,1.00,1.37
2016.06.07 15:46:57.716,0.67447,0.67468,1.37,1.00
2016.06.07 15:46:57.868,0.67445,0.67465,1.12,1.00
2016.06.07 15:46:58.263,0.67446,0.67467,1.00,1.00
2016.06.07 15:46:58.631,0.67449,0.67467,1.00,1.00
2016.06.07 15:47:00.214,0.67449,0.6747,1.00,1.87
2016.06.07 15:47:00.515,0.67447,0.67468,1.00,1.12
2016.06.07 15:47:01.165,0.67446,0.67467,1.00,1.00
2016.06.07 15:47:05.427,0.67446,0.67467,1.00,1.37
2016.06.07 15:47:06.175,0.67447,0.67465,1.00,1.37
2016.06.07 15:47:06.379,0.67448,0.67468,1.00,1.12
2016.06.07 15:47:07.080,0.67447,0.67468,1.12,1.12
2016.06.07 15:47:07.392,0.67449,0.67469,1.00,1.37
2016.06.07 15:47:07.877,0.67449,0.6747,1.12,1.00
2016.06.07 15:47:07.928,0.67451,0.67472,1.00,1.87
2016.06.07 15:47:08.230,0.6745,0.67472,1.00,2.62
2016.06.07 15:47:08.281,0.6745,0.67472,1.00,1.87
2016.06.07 15:47:09.226,0.67452,0.67472,1.00,1.37
2016.06.07 15:47:10.828,0.67454,0.67472,1.00,1.37
2016.06.07 15:47:12.087,0.67453,0.67471,1.00,1.12
2016.06.07 15:47:12.289,0.67454,0.67474,1.00,1.87
2016.06.07 15:47:13.141,0.67453,0.67471,1.00,1.00
2016.06.07 15:47:15.143,0.67451,0.67472,1.12,1.00
2016.06.07 15:47:15.344,0.67452,0.6747,1.00,1.00
2016.06.07 15:47:17.196,0.67451,0.67472,1.00,1.37
2016.06.07 15:47:18.597,0.67451,0.67469,1.00,1.00
2016.06.07 15:47:19.098,0.6745,0.67469,1.00,1.00
2016.06.07 15:47:19.606,0.67451,0.6747,1.00,1.00
2016.06.07 15:47:20.555,0.67453,0.67471,1.00,1.12
2016.06.07 15:47:21.778,0.67451,0.6747,1.00,1.00
2016.06.07 15:47:22.320,0.67451,0.67471,1.00,1.12
2016.06.07 15:47:26.115,0.6745,0.67471,1.00,1.12
2016.06.07 15:47:28.831,0.67451,0.67472,1.00,1.37
2016.06.07 15:47:28.983,0.67453,0.67474,1.00,2.62
2016.06.07 15:47:29.439,0.67451,0.67472,1.00,1.37
2016.06.07 15:47:29.599,0.67454,0.67474,1.00,1.87
2016.06.07 15:47:29.800,0.67454,0.67474,1.00,1.87
2016.06.07 15:47:29.851,0.67452,0.67473,1.00,1.00
2016.06.07 15:47:30.002,0.67451,0.6747,1.87,1.00
2016.06.07 15:47:31.142,0.67451,0.67473,1.12,1.00
2016.06.07 15:47:32.444,0.67451,0.67473,1.00,1.87
2016.06.07 15:47:33.858,0.6745,0.67471,1.12,1.37
2016.06.07 15:47:34.498,0.67454,0.67472,1.00,1.87
2016.06.07 15:47:34.728,0.6745,0.67471,1.12,1.37
2016.06.07 15:47:34.779,0.67452,0.67471,1.00,1.37
2016.06.07 15:47:35.172,0.6745,0.67471,1.00,1.37
2016.06.07 15:47:35.678,0.67451,0.67472,1.00,1.37
2016.06.07 15:47:36.507,0.67451,0.67472,1.00,1.12
2016.06.07 15:47:36.558,0.67453,0.67472,1.00,1.87
2016.06.07 15:47:39.230,0.67451,0.67472,1.00,1.12
2016.06.07 15:47:40.191,0.67451,0.6747,1.00,1.00
2016.06.07 15:47:40.644,0.67449,0.6747,1.12,1.00
2016.06.07 15:47:40.745,0.67449,0.6747,1.00,1.37
2016.06.07 15:47:44.457,0.67452,0.67471,1.00,1.87
2016.06.07 15:47:47.743,0.67453,0.67472,1.00,1.87
2016.06.07 15:47:47.945,0.67453,0.67474,1.00,1.87
2016.06.07 15:47:48.096,0.67457,0.67476,1.00,1.37
2016.06.07 15:47:48.248,0.67457,0.67477,1.00,1.37
2016.06.07 15:47:48.471,0.67455,0.67477,1.00,1.87
2016.06.07 15:47:48.573,0.67455,0.67476,1.12,1.00
2016.06.07 15:47:48.976,0.67455,0.67474,1.12,1.00
2016.06.07 15:47:49.820,0.67454,0.67476,1.00,1.37
2016.06.07 15:47:51.272,0.67454,0.67473,1.00,1.00
2016.06.07 15:47:51.575,0.6745,0.67469,1.37,1.50
2016.06.07 15:47:52.228,0.6745,0.67468,1.00,1.37
2016.06.07 15:47:53.991,0.67447,0.67468,1.00,1.37
2016.06.07 15:47:54.142,0.67447,0.67469,1.37,1.37
2016.06.07 15:47:54.649,0.67449,0.67471,1.00,1.37
2016.06.07 15:47:57.500,0.67451,0.67472,1.00,1.37
2016.06.07 15:47:57.803,0.67453,0.67471,1.00,1.37
2016.06.07 15:47:59.060,0.67452,0.67471,1.00,1.37
2016.06.07 15:47:59.161,0.6745,0.67471,1.00,1.37
2016.06.07 15:47:59.212,0.67448,0.67469,1.12,1.37
2016.06.07 15:47:59.363,0.67448,0.67468,1.00,1.37
2016.06.07 15:48:00.186,0.67447,0.67468,1.00,1.37
2016.06.07 15:48:00.754,0.67446,0.67468,1.00,1.37
2016.06.07 15:48:01.364,0.67453,0.67469,1.00,1.37
2016.06.07 15:48:01.565,0.67453,0.67474,1.00,1.37
2016.06.07 15:48:02.137,0.67449,0.67469,1.87,1.00
2016.06.07 15:48:02.585,0.67448,0.67469,1.00,1.37
2016.06.07 15:48:06.643,0.67445,0.67467,1.50,1.12
2016.06.07 15:48:08.779,0.67447,0.67468,1.00,1.37
2016.06.07 15:48:11.142,0.67447,0.67466,1.00,1.00
2016.06.07 15:48:11.516,0.67447,0.67466,1.00,1.37
2016.06.07 15:48:13.311,0.67446,0.67467,1.00,1.37
2016.06.07 15:48:13.462,0.67444,0.67466,1.00,1.37
2016.06.07 15:48:13.513,0.67444,0.67466,1.37,1.12
2016.06.07 15:48:13.715,0.67442,0.67464,1.87,1.00
2016.06.07 15:48:14.397,0.67445,0.67467,1.12,1.37
2016.06.07 15:48:14.812,0.67444,0.67462,1.37,1.00
2016.06.07 15:48:14.914,0.67442,0.67464,1.37,1.00
2016.06.07 15:48:15.015,0.67442,0.67461,1.12,1.00
2016.06.07 15:48:15.501,0.67442,0.67464,1.12,1.12
2016.06.07 15:48:16.300,0.67442,0.67464,1.37,1.00
2016.06.07 15:48:16.351,0.67443,0.67466,1.37,1.00
2016.06.07 15:48:16.911,0.67445,0.67467,1.00,1.12
2016.06.07 15:48:17.459,0.67444,0.67467,1.12,1.12
2016.06.07 15:48:18.751,0.67445,0.67464,1.00,1.00
2016.06.07 15:48:20.391,0.67445,0.67467,1.00,1.12
2016.06.07 15:48:20.724,0.67444,0.67465,1.12,1.00
2016.06.07 15:48:21.027,0.67449,0.67468,1.00,1.37
2016.06.07 15:48:21.641,0.67446,0.67467,1.00,1.12
2016.06.07 15:48:21.692,0.67449,0.67468,1.00,1.37
2016.06.07 15:48:21.907,0.67446,0.67468,1.00,1.37
2016.06.07 15:48:22.093,0.67449,0.67468,1.00,1.37
2016.06.07 15:48:22.598,0.67449,0.6747,1.00,1.87
2016.06.07 15:48:22.934,0.67451,0.6747,1.00,1.37
2016.06.07 15:48:23.586,0.67453,0.67473,1.00,3.00
2016.06.07 15:48:23.637,0.67453,0.67473,1.00,1.50
2016.06.07 15:48:23.909,0.67457,0.67476,1.00,2.62
2016.06.07 15:48:25.104,0.67454,0.67475,1.00,1.37
2016.06.07 15:48:26.607,0.67455,0.67473,1.00,1.12
2016.06.07 15:48:26.658,0.67452,0.67474,1.00,1.37
2016.06.07 15:48:27.363,0.67454,0.67475,1.00,1.37
2016.06.07 15:48:27.644,0.67452,0.67474,1.00,1.37
2016.06.07 15:48:27.745,0.67449,0.6747,1.37,1.00
2016.06.07 15:48:27.796,0.67452,0.67474,1.00,1.87
2016.06.07 15:48:27.847,0.67449,0.67471,1.00,1.37
2016.06.07 15:48:28.150,0.67453,0.67474,1.00,1.37
2016.06.07 15:48:29.318,0.67456,0.67475,1.00,1.87
2016.06.07 15:48:29.570,0.67452,0.67473,1.00,1.37
2016.06.07 15:48:30.376,0.67453,0.67474,1.00,1.37
2016.06.07 15:48:31.013,0.67452,0.67472,1.00,1.37
2016.06.07 15:48:31.165,0.6745,0.67469,1.00,1.00
2016.06.07 15:48:31.977,0.67448,0.67469,1.37,1.00
2016.06.07 15:48:32.282,0.67447,0.67468,1.00,1.37
2016.06.07 15:48:33.380,0.67452,0.67471,1.00,2.62
2016.06.07 15:48:33.431,0.67448,0.67469,1.00,1.37
2016.06.07 15:48:33.786,0.67451,0.67471,1.00,1.37
2016.06.07 15:48:33.911,0.67449,0.67471,1.00,1.87
2016.06.07 15:48:33.962,0.67452,0.67471,1.00,1.87
2016.06.07 15:48:34.063,0.67449,0.6747,1.00,1.37
2016.06.07 15:48:34.114,0.67451,0.67471,1.00,1.37
2016.06.07 15:48:34.165,0.67451,0.6747,1.00,1.12
2016.06.07 15:48:34.502,0.67453,0.67475,1.00,1.37
2016.06.07 15:48:34.603,0.67456,0.67475,1.00,1.37
2016.06.07 15:48:34.956,0.67453,0.67474,1.00,1.37
2016.06.07 15:48:35.007,0.6745,0.67472,1.37,1.12
2016.06.07 15:48:35.158,0.67448,0.6747,1.87,1.00
2016.06.07 15:48:35.984,0.6745,0.67473,1.00,1.37
2016.06.07 15:48:36.319,0.67454,0.67474,1.00,1.87
2016.06.07 15:48:36.442,0.67451,0.67472,1.12,1.12
2016.06.07 15:48:37.730,0.67449,0.67471,1.37,1.00
2016.06.07 15:48:38.860,0.6745,0.6747,1.37,1.00
2016.06.07 15:48:39.011,0.67451,0.67473,1.12,1.37
2016.06.07 15:48:39.716,0.6745,0.67471,1.37,1.00
2016.06.07 15:48:40.378,0.67451,0.67473,1.12,1.87
2016.06.07 15:48:41.837,0.67452,0.67473,1.00,1.37
2016.06.07 15:48:43.386,0.67452,0.67473,1.00,1.87
2016.06.07 15:48:44.049,0.67453,0.67473,1.00,1.37
2016.06.07 15:48:44.100,0.67454,0.67473,1.00,1.12
2016.06.07 15:48:44.639,0.67454,0.67472,1.00,1.00
2016.06.07 15:48:44.791,0.67454,0.67473,1.00,1.87
2016.06.07 15:48:45.310,0.67455,0.67473,1.00,1.87
2016.06.07 15:48:45.912,0.67455,0.67474,1.00,1.12
2016.06.07 15:48:46.529,0.67454,0.67474,1.00,1.12
2016.06.07 15:48:46.694,0.67454,0.67474,1.00,1.37
2016.06.07 15:48:48.103,0.67453,0.67474,1.00,1.87
2016.06.07 15:48:48.204,0.67451,0.67473,1.00,1.87
2016.06.07 15:48:48.305,0.67449,0.67471,1.12,1.37
2016.06.07 15:48:48.406,0.67449,0.67469,1.00,1.37
2016.06.07 15:48:53.294,0.67447,0.67469,1.00,1.37
2016.06.07 15:48:53.811,0.67447,0.67467,1.00,1.00
2016.06.07 15:48:57.494,0.67449,0.67467,1.00,1.00
2016.06.07 15:49:02.019,0.67449,0.67469,1.00,1.37
2016.06.07 15:49:02.781,0.67448,0.67468,1.00,1.12
2016.06.07 15:49:04.914,0.67456,0.6747,1.00,1.37
2016.06.07 15:49:05.016,0.67456,0.67473,1.00,1.12
2016.06.07 15:49:05.117,0.67456,0.67475,1.00,1.00
2016.06.07 15:49:05.520,0.67457,0.67478,1.12,1.12
2016.06.07 15:49:06.468,0.67459,0.6748,1.00,1.87
2016.06.07 15:49:11.617,0.6746,0.6748,1.00,1.37
2016.06.07 15:49:16.990,0.67459,0.67477,1.00,1.00
2016.06.07 15:49:17.591,0.67458,0.67477,1.00,1.50
2016.06.07 15:49:18.214,0.67455,0.67477,1.37,1.50
2016.06.07 15:49:18.779,0.67455,0.67477,1.00,1.87
2016.06.07 15:49:22.259,0.67452,0.67473,1.37,1.00
2016.06.07 15:49:22.896,0.6745,0.6747,1.00,1.37
2016.06.07 15:49:22.948,0.67448,0.6747,1.12,1.87
2016.06.07 15:49:23.266,0.67445,0.67467,1.12,1.37
2016.06.07 15:49:23.771,0.67442,0.67463,1.37,1.00
2016.06.07 15:49:23.872,0.67441,0.67463,1.50,1.12
2016.06.07 15:49:24.108,0.67438,0.6746,1.87,1.00
2016.06.07 15:49:24.736,0.67441,0.6746,1.00,1.87
2016.06.07 15:49:24.915,0.67439,0.67459,1.00,1.00
2016.06.07 15:49:25.067,0.67437,0.67457,1.00,1.37
2016.06.07 15:49:27.135,0.67439,0.67459,1.00,1.37
2016.06.07 15:49:27.397,0.67439,0.6746,1.00,1.87
2016.06.07 15:49:29.424,0.67442,0.6746,1.00,1.37
2016.06.07 15:49:29.883,0.67442,0.67462,1.00,1.00
2016.06.07 15:49:30.289,0.67441,0.67462,1.00,1.37
2016.06.07 15:49:32.008,0.67441,0.67463,1.00,1.12
2016.06.07 15:49:32.805,0.67442,0.67463,1.00,1.12
2016.06.07 15:49:33.047,0.6744,0.67462,1.12,1.00
2016.06.07 15:49:33.199,0.67442,0.67461,1.00,1.00
2016.06.07 15:49:34.763,0.67439,0.67461,1.87,1.00
2016.06.07 15:49:34.866,0.67438,0.67458,1.87,1.00
2016.06.07 15:49:34.917,0.67438,0.67458,1.00,1.00
2016.06.07 15:49:35.018,0.67434,0.67454,1.37,1.00
2016.06.07 15:49:35.119,0.67433,0.67454,1.00,1.37
2016.06.07 15:49:35.320,0.67431,0.67453,1.00,1.37
2016.06.07 15:49:37.259,0.67428,0.6745,1.12,1.12
2016.06.07 15:49:37.310,0.67428,0.6745,1.00,1.37
2016.06.07 15:49:37.930,0.67427,0.67449,1.00,1.37
2016.06.07 15:49:38.232,0.67425,0.67447,1.00,1.37
2016.06.07 15:49:38.970,0.67428,0.67448,1.00,1.12
2016.06.07 15:49:39.528,0.67427,0.67448,1.00,1.12
2016.06.07 15:49:40.030,0.67426,0.67448,1.00,1.12
2016.06.07 15:49:41.024,0.67426,0.67447,1.00,1.00
2016.06.07 15:49:41.671,0.67427,0.67446,1.37,1.00
2016.06.07 15:49:43.090,0.67426,0.67448,1.37,1.00
2016.06.07 15:49:43.393,0.67428,0.6745,1.12,1.00
2016.06.07 15:49:43.444,0.67426,0.67448,1.50,1.00
2016.06.07 15:49:44.091,0.67429,0.6745,1.00,1.00
2016.06.07 15:49:44.705,0.67428,0.67449,1.12,1.00
2016.06.07 15:49:44.928,0.67428,0.67447,1.12,1.00
2016.06.07 15:49:45.234,0.67421,0.67443,1.12,1.37
2016.06.07 15:49:47.671,0.6742,0.67441,1.87,1.00
2016.06.07 15:49:48.255,0.6742,0.67441,1.50,1.00
2016.06.07 15:49:48.458,0.67424,0.67442,1.00,1.12
2016.06.07 15:49:49.271,0.67422,0.67443,1.37,1.00
2016.06.07 15:49:54.258,0.67421,0.6744,1.37,1.00
2016.06.07 15:49:55.014,0.6742,0.67442,1.87,1.00
2016.06.07 15:49:55.115,0.6742,0.67439,1.37,1.00
2016.06.07 15:49:55.217,0.67419,0.67438,1.37,1.00
2016.06.07 15:49:55.318,0.67418,0.67438,1.00,1.00
2016.06.07 15:49:55.862,0.67418,0.67438,1.37,1.00
2016.06.07 15:50:00.826,0.67418,0.6744,1.37,1.00
2016.06.07 15:50:02.964,0.67418,0.67439,1.37,1.00
2016.06.07 15:50:05.919,0.6742,0.6744,1.00,1.00
2016.06.07 15:50:06.536,0.6742,0.67439,1.00,1.00
2016.06.07 15:50:07.575,0.67417,0.67439,1.50,1.00
2016.06.07 15:50:08.478,0.67417,0.67439,1.00,1.12
2016.06.07 15:50:11.583,0.67419,0.6744,1.37,1.00
2016.06.07 15:50:12.301,0.67418,0.67439,1.37,1.00
2016.06.07 15:50:13.745,0.67418,0.67441,1.37,1.00
2016.06.07 15:50:17.192,0.67421,0.67442,1.12,1.12
2016.06.07 15:50:17.464,0.67423,0.67442,1.00,1.12
2016.06.07 15:50:17.774,0.6742,0.67442,1.37,1.12
2016.06.07 15:50:20.088,0.67419,0.67441,1.37,1.00
2016.06.07 15:50:20.240,0.67419,0.67441,1.00,1.87
2016.06.07 15:50:22.205,0.67419,0.6744,1.37,1.00
2016.06.07 15:50:22.255,0.67424,0.67443,1.00,1.12
2016.06.07 15:50:22.407,0.67424,0.67445,1.37,1.00
2016.06.07 15:50:22.710,0.67425,0.67447,1.12,1.12
2016.06.07 15:50:23.252,0.67425,0.67446,1.12,1.00
2016.06.07 15:50:24.410,0.67426,0.67446,1.00,1.00
2016.06.07 15:50:25.234,0.67422,0.67442,1.37,1.00
2016.06.07 15:50:25.335,0.6742,0.67442,1.12,1.00
2016.06.07 15:50:26.604,0.67422,0.67441,1.00,1.00
2016.06.07 15:50:27.229,0.67422,0.67442,1.00,1.00
2016.06.07 15:50:28.081,0.67422,0.67441,1.00,1.00
2016.06.07 15:50:28.406,0.67421,0.67443,1.00,1.12
2016.06.07 15:50:29.015,0.67422,0.67442,1.00,1.00
2016.06.07 15:50:29.570,0.67422,0.67443,1.00,1.12
2016.06.07 15:50:31.333,0.67423,0.67444,1.00,1.37
2016.06.07 15:50:31.434,0.67423,0.67445,1.12,1.00
2016.06.07 15:50:31.635,0.67425,0.67444,1.00,1.00
2016.06.07 15:50:31.736,0.67424,0.67446,1.00,1.12
2016.06.07 15:50:34.159,0.67425,0.67446,1.00,1.00
2016.06.07 15:50:34.474,0.67426,0.67448,1.12,1.00
2016.06.07 15:50:34.947,0.67426,0.67447,1.00,1.37
2016.06.07 15:50:36.007,0.67427,0.67447,1.00,1.37
2016.06.07 15:50:37.051,0.67423,0.67446,1.37,1.87
2016.06.07 15:50:37.683,0.67425,0.67446,1.00,1.87
2016.06.07 15:50:37.971,0.67424,0.67446,1.00,1.37
2016.06.07 15:50:38.206,0.67424,0.67446,1.12,1.37
2016.06.07 15:50:38.257,0.67427,0.67448,1.00,1.37
2016.06.07 15:50:41.063,0.67426,0.67446,1.00,1.87
2016.06.07 15:50:46.744,0.67425,0.67447,1.00,1.37
2016.06.07 15:50:47.253,0.67426,0.67447,1.00,1.37
2016.06.07 15:50:48.760,0.67427,0.67448,1.00,1.37
2016.06.07 15:50:52.138,0.67425,0.67448,1.00,1.37
2016.06.07 15:50:53.305,0.67427,0.67448,1.00,1.37
2016.06.07 15:50:54.641,0.67428,0.67449,1.00,1.37
2016.06.07 15:51:01.140,0.67426,0.67448,1.00,1.37
2016.06.07 15:51:01.641,0.67427,0.67446,1.00,1.37
2016.06.07 15:51:02.922,0.67425,0.67446,1.12,1.37
2016.06.07 15:51:03.622,0.67426,0.67447,1.00,1.37
2016.06.07 15:51:04.193,0.67425,0.67445,1.12,1.12
2016.06.07 15:51:04.496,0.67423,0.67445,1.00,1.37
2016.06.07 15:51:05.270,0.67422,0.67444,1.00,1.12
2016.06.07 15:51:07.258,0.67422,0.67443,1.00,1.00
2016.06.07 15:51:08.310,0.67421,0.67442,1.00,1.37
2016.06.07 15:51:10.377,0.67422,0.67441,1.00,1.87
2016.06.07 15:51:10.733,0.67419,0.6744,1.12,1.00
2016.06.07 15:51:10.835,0.67414,0.67436,2.25,1.00
2016.06.07 15:51:11.037,0.67413,0.67434,1.00,1.37
2016.06.07 15:51:13.728,0.67416,0.67435,1.00,1.37
2016.06.07 15:51:14.133,0.67416,0.67435,1.00,1.00
2016.06.07 15:51:15.146,0.67413,0.67434,1.00,1.37
2016.06.07 15:51:16.774,0.67414,0.67435,1.00,1.37
2016.06.07 15:51:16.825,0.67414,0.67435,1.00,1.12
2016.06.07 15:51:17.935,0.67414,0.67434,1.00,1.00
2016.06.07 15:51:18.544,0.67414,0.67434,1.00,1.37
2016.06.07 15:51:19.236,0.67412,0.67434,1.00,1.37
2016.06.07 15:51:19.640,0.67411,0.67431,1.00,1.00
2016.06.07 15:51:19.690,0.67412,0.67433,1.00,1.12
2016.06.07 15:51:20.312,0.67413,0.67434,1.00,1.37
2016.06.07 15:51:20.863,0.67412,0.67434,1.00,1.37
2016.06.07 15:51:21.603,0.67415,0.67435,1.00,1.37
2016.06.07 15:51:21.980,0.67419,0.67438,1.00,1.37
2016.06.07 15:51:25.642,0.67419,0.67438,1.00,1.00
2016.06.07 15:51:26.143,0.67419,0.6744,1.00,1.87
2016.06.07 15:51:26.729,0.6742,0.6744,1.00,1.87
2016.06.07 15:51:26.938,0.67417,0.67439,1.00,1.12
2016.06.07 15:51:29.936,0.67417,0.67438,1.00,1.00
2016.06.07 15:51:30.064,0.67417,0.67437,1.00,1.37
2016.06.07 15:51:31.100,0.67415,0.67437,1.00,1.37
2016.06.07 15:51:31.451,0.67417,0.67438,1.00,1.37
2016.06.07 15:51:32.039,0.67416,0.67438,1.00,1.37
2016.06.07 15:51:32.913,0.67417,0.67437,1.00,1.37
2016.06.07 15:51:34.285,0.67415,0.67437,1.00,1.37
2016.06.07 15:51:36.009,0.67418,0.67436,1.00,1.12
2016.06.07 15:51:36.538,0.67417,0.67438,1.00,1.87
2016.06.07 15:51:36.909,0.67419,0.67437,1.00,1.37
2016.06.07 15:51:39.421,0.67418,0.67438,1.00,1.37
2016.06.07 15:51:40.964,0.67419,0.67439,1.00,1.37
2016.06.07 15:51:41.320,0.67417,0.6744,1.00,1.87
2016.06.07 15:51:41.599,0.6742,0.67439,1.00,1.12
2016.06.07 15:51:42.157,0.67421,0.6744,1.00,1.37
2016.06.07 15:51:43.780,0.67421,0.6744,1.00,1.00
2016.06.07 15:51:44.154,0.67421,0.67443,1.00,1.87
2016.06.07 15:51:44.675,0.67421,0.67443,1.00,1.87
2016.06.07 15:51:44.776,0.67421,0.67443,1.00,1.87
2016.06.07 15:51:45.362,0.67422,0.67441,1.00,1.00
2016.06.07 15:51:47.160,0.6742,0.67441,1.00,1.00
2016.06.07 15:51:47.676,0.67421,0.67441,1.00,1.00
2016.06.07 15:51:48.392,0.67422,0.67444,1.00,1.87
2016.06.07 15:51:48.927,0.67421,0.67442,1.00,1.12
2016.06.07 15:51:49.129,0.67421,0.67442,1.00,1.37
2016.06.07 15:51:54.508,0.6742,0.67442,1.00,1.87
2016.06.07 15:51:55.025,0.67421,0.67442,1.00,1.87
2016.06.07 15:51:55.227,0.67421,0.67442,1.00,1.87
2016.06.07 15:51:56.294,0.67422,0.67444,1.00,1.87
2016.06.07 15:51:59.262,0.6742,0.67444,1.12,1.87
2016.06.07 15:51:59.669,0.67418,0.67437,1.37,1.00
2016.06.07 15:51:59.720,0.67415,0.67436,1.00,1.37
2016.06.07 15:52:00.023,0.67416,0.67436,1.12,1.12
2016.06.07 15:52:00.124,0.67416,0.67438,1.00,1.37
2016.06.07 15:52:00.326,0.67416,0.67436,1.00,1.00
2016.06.07 15:52:00.672,0.67418,0.67437,1.00,1.12
2016.06.07 15:52:00.826,0.67419,0.67439,1.00,1.87
2016.06.07 15:52:01.348,0.67419,0.67438,1.00,1.00
2016.06.07 15:52:01.870,0.67418,0.67438,1.00,1.37
2016.06.07 15:52:05.124,0.67417,0.67436,1.00,1.00
2016.06.07 15:52:09.513,0.67415,0.67436,1.00,1.00
2016.06.07 15:52:09.985,0.67413,0.67433,1.37,1.00
2016.06.07 15:52:10.595,0.67416,0.67436,1.00,2.62
2016.06.07 15:52:10.847,0.67419,0.67437,1.00,1.12
2016.06.07 15:52:12.254,0.67419,0.6744,1.00,1.12
2016.06.07 15:52:12.461,0.6742,0.6744,1.00,1.87
2016.06.07 15:52:17.755,0.67419,0.67439,1.00,1.37
2016.06.07 15:52:22.899,0.67421,0.6744,1.00,1.87
2016.06.07 15:52:23.050,0.67421,0.6744,1.00,1.12
2016.06.07 15:52:26.695,0.67421,0.6744,1.00,1.37
2016.06.07 15:52:26.906,0.67418,0.6744,1.00,1.87
2016.06.07 15:52:30.399,0.67416,0.67438,1.00,1.12
2016.06.07 15:52:30.500,0.67416,0.67437,1.00,1.37
2016.06.07 15:52:31.217,0.67417,0.67436,1.00,1.37
2016.06.07 15:52:31.492,0.67415,0.67436,1.00,1.37
2016.06.07 15:52:31.593,0.67415,0.67433,1.00,1.00
2016.06.07 15:52:31.644,0.67416,0.67435,1.00,1.12
2016.06.07 15:52:31.846,0.67418,0.67437,1.00,2.62
2016.06.07 15:52:36.224,0.67417,0.67437,1.00,1.37
2016.06.07 15:52:36.615,0.67419,0.67437,1.00,1.37
2016.06.07 15:52:38.993,0.67419,0.67438,1.00,1.00
2016.06.07 15:52:39.996,0.67419,0.67439,1.00,1.12
2016.06.07 15:52:45.721,0.67421,0.67439,1.00,1.12
2016.06.07 15:52:46.260,0.6742,0.67439,1.00,1.12
2016.06.07 15:52:46.844,0.67419,0.67439,1.00,1.12
2016.06.07 15:52:47.164,0.67421,0.6744,1.00,1.37
2016.06.07 15:52:47.316,0.67418,0.67438,1.00,1.00
2016.06.07 15:52:47.873,0.67419,0.67441,1.00,1.87
2016.06.07 15:52:48.088,0.67421,0.67441,1.00,1.37
2016.06.07 15:52:48.139,0.67421,0.67441,1.00,1.12
2016.06.07 15:52:49.982,0.67422,0.67441,1.00,1.87
2016.06.07 15:52:50.134,0.67419,0.67441,1.12,1.12
2016.06.07 15:52:51.242,0.67419,0.6744,1.12,1.00
2016.06.07 15:52:57.367,0.67419,0.67441,1.12,1.87
2016.06.07 15:52:58.222,0.67419,0.6744,1.12,1.00
2016.06.07 15:52:59.796,0.67419,0.67438,1.12,1.00
2016.06.07 15:53:05.341,0.67417,0.67437,1.37,1.00
2016.06.07 15:53:07.669,0.67416,0.67439,1.87,1.00
2016.06.07 15:53:08.251,0.67416,0.67438,1.87,1.00
2016.06.07 15:53:09.067,0.67417,0.67439,1.37,1.00
2016.06.07 15:53:12.916,0.67418,0.67437,1.37,1.00
2016.06.07 15:53:13.440,0.67419,0.67438,1.12,1.00
2016.06.07 15:53:18.044,0.67417,0.67439,1.87,1.00
2016.06.07 15:53:18.585,0.67417,0.67438,1.37,1.00
2016.06.07 15:53:19.247,0.67417,0.67439,1.50,1.00
2016.06.07 15:53:21.246,0.67417,0.6744,1.75,1.00
2016.06.07 15:53:22.427,0.67417,0.67439,2.25,1.00
2016.06.07 15:53:22.958,0.67417,0.6744,1.50,1.00
2016.06.07 15:53:24.045,0.67418,0.67437,1.37,1.00
2016.06.07 15:53:24.796,0.67418,0.67438,1.37,1.00
2016.06.07 15:53:25.356,0.67417,0.67439,1.37,1.00
2016.06.07 15:53:28.716,0.67418,0.6744,1.37,1.00
2016.06.07 15:53:29.024,0.67413,0.67434,1.37,1.00
2016.06.07 15:53:29.125,0.67411,0.67433,1.12,1.37
2016.06.07 15:53:31.349,0.67411,0.67433,1.75,1.00
2016.06.07 15:53:31.652,0.67415,0.67434,1.37,1.00
2016.06.07 15:53:31.930,0.67415,0.67436,1.37,1.00
2016.06.07 15:53:32.900,0.67414,0.67434,1.37,1.00
2016.06.07 15:53:33.464,0.67414,0.67435,1.87,1.00
2016.06.07 15:53:34.091,0.67415,0.67436,1.37,1.00
2016.06.07 15:53:37.700,0.67416,0.67435,1.37,1.00
2016.06.07 15:53:40.407,0.67414,0.67436,2.25,1.00
2016.06.07 15:53:40.509,0.67413,0.67434,2.62,1.00
2016.06.07 15:53:40.916,0.67411,0.67434,1.50,1.37
2016.06.07 15:53:47.459,0.67413,0.67435,1.00,1.37
2016.06.07 15:53:47.560,0.67413,0.67435,1.12,1.12
2016.06.07 15:53:49.476,0.67416,0.67435,1.00,1.12
2016.06.07 15:53:50.120,0.67417,0.67436,1.00,1.37
2016.06.07 15:53:50.171,0.67418,0.67437,1.00,1.12
2016.06.07 15:53:50.614,0.6742,0.6744,1.00,1.37
2016.06.07 15:53:50.720,0.67421,0.6744,1.00,1.00
2016.06.07 15:53:50.921,0.67422,0.67444,1.37,1.12
2016.06.07 15:53:52.430,0.67425,0.67444,1.00,1.12
2016.06.07 15:53:53.430,0.67426,0.67445,1.00,1.37
2016.06.07 15:53:53.933,0.67425,0.67445,1.00,1.37
2016.06.07 15:53:58.952,0.67424,0.67446,1.12,1.37
2016.06.07 15:53:59.282,0.67422,0.67442,1.75,1.00
2016.06.07 15:53:59.667,0.67419,0.67441,1.37,1.12
2016.06.07 15:53:59.720,0.67419,0.67438,1.37,1.00
2016.06.07 15:54:00.136,0.67419,0.6744,1.37,1.00
2016.06.07 15:54:00.645,0.67423,0.67442,1.00,1.00
2016.06.07 15:54:00.907,0.67426,0.67446,1.12,1.00
2016.06.07 15:54:01.913,0.67427,0.67446,1.00,1.00
2016.06.07 15:54:02.125,0.67427,0.67448,1.00,1.00
2016.06.07 15:54:03.174,0.67427,0.67449,1.00,1.12
2016.06.07 15:54:03.619,0.67425,0.67447,1.37,1.00
2016.06.07 15:54:05.403,0.67426,0.67448,1.12,1.00
2016.06.07 15:54:07.020,0.67429,0.67448,1.00,1.00
2016.06.07 15:54:07.664,0.67428,0.67448,1.37,1.00
2016.06.07 15:54:07.715,0.67427,0.67449,1.12,1.00
2016.06.07 15:54:09.080,0.67429,0.67448,1.00,1.00
2016.06.07 15:54:09.181,0.67426,0.67448,1.37,1.00
2016.06.07 15:54:11.301,0.67425,0.67447,1.37,1.00
2016.06.07 15:54:19.837,0.67424,0.67441,1.37,1.00
2016.06.07 15:54:20.089,0.67418,0.67439,1.37,1.12
2016.06.07 15:54:21.292,0.67417,0.67439,1.37,1.12
2016.06.07 15:54:21.826,0.67416,0.67438,1.37,1.00
2016.06.07 15:54:22.078,0.67415,0.67436,1.37,1.00
2016.06.07 15:54:22.551,0.67417,0.67438,1.37,1.00
2016.06.07 15:54:23.149,0.67417,0.67439,1.37,1.12
2016.06.07 15:54:23.791,0.67418,0.67438,1.12,1.00
2016.06.07 15:54:24.502,0.67418,0.67437,1.12,1.00
2016.06.07 15:54:25.083,0.67417,0.67439,1.37,1.12
2016.06.07 15:54:25.706,0.67419,0.67439,1.00,1.12
2016.06.07 15:54:26.438,0.67419,0.67439,1.37,1.00
2016.06.07 15:54:28.692,0.67417,0.67438,1.37,1.00
2016.06.07 15:54:28.743,0.67416,0.67438,1.37,1.00
2016.06.07 15:54:31.159,0.67418,0.6744,1.00,1.37
2016.06.07 15:54:31.423,0.67418,0.6744,2.25,1.00
2016.06.07 15:54:31.963,0.67419,0.67441,1.87,1.00
2016.06.07 15:54:35.021,0.6742,0.67439,1.37,1.00
2016.06.07 15:54:35.122,0.67419,0.67441,1.87,1.00
2016.06.07 15:54:37.112,0.67419,0.6744,1.37,1.00
2016.06.07 15:54:37.758,0.67417,0.67439,1.37,1.00
2016.06.07 15:54:40.109,0.67418,0.6744,1.37,1.00
2016.06.07 15:54:41.051,0.67417,0.67439,1.37,1.00
2016.06.07 15:54:41.152,0.67417,0.67439,1.37,1.12
2016.06.07 15:54:46.023,0.67418,0.67438,1.37,1.00
2016.06.07 15:54:47.267,0.67418,0.67439,1.37,1.12
2016.06.07 15:54:52.018,0.67418,0.67438,1.37,1.00
2016.06.07 15:54:57.484,0.67418,0.67438,1.37,1.00
2016.06.07 15:54:58.785,0.6742,0.67439,1.12,1.00
2016.06.07 15:55:00.068,0.67418,0.6744,1.37,1.00
2016.06.07 15:55:00.886,0.67419,0.67441,1.87,1.00
2016.06.07 15:55:01.290,0.67416,0.6744,1.37,1.37
2016.06.07 15:55:01.660,0.67417,0.6744,1.37,1.00
2016.06.07 15:55:04.583,0.67417,0.6744,1.37,1.37
2016.06.07 15:55:07.314,0.67418,0.6744,1.87,1.00
2016.06.07 15:55:10.021,0.67419,0.67441,1.37,1.12
2016.06.07 15:55:10.591,0.67419,0.6744,1.37,1.00
2016.06.07 15:55:11.666,0.67418,0.67442,1.37,1.37
2016.06.07 15:55:13.213,0.67421,0.67441,1.37,1.00
2016.06.07 15:55:14.007,0.67419,0.67441,1.37,1.12
2016.06.07 15:55:14.728,0.67421,0.67444,1.00,1.37
2016.06.07 15:55:14.829,0.67421,0.67444,1.37,1.00
2016.06.07 15:55:16.299,0.67423,0.67445,1.12,1.12
2016.06.07 15:55:17.763,0.6742,0.67443,1.37,1.00
2016.06.07 15:55:17.814,0.6742,0.67443,1.12,1.37
2016.06.07 15:55:17.915,0.67421,0.67443,1.37,1.00
2016.06.07 15:55:18.419,0.6742,0.67442,1.87,1.00
2016.06.07 15:55:19.169,0.6742,0.67443,1.37,1.00
2016.06.07 15:55:19.529,0.67419,0.67443,1.37,1.37
2016.06.07 15:55:20.105,0.6742,0.67443,1.37,1.00
2016.06.07 15:55:20.772,0.67421,0.67444,1.37,1.00
2016.06.07 15:55:21.139,0.6742,0.67443,1.50,1.37
2016.06.07 15:55:22.119,0.67419,0.67441,1.37,1.00
2016.06.07 15:55:22.946,0.67418,0.6744,1.87,1.00
2016.06.07 15:55:23.492,0.67419,0.67439,1.37,1.00
2016.06.07 15:55:24.145,0.67419,0.67441,1.37,1.00
2016.06.07 15:55:24.447,0.67418,0.67442,1.87,1.37
2016.06.07 15:55:25.946,0.67419,0.67442,1.00,1.87
2016.06.07 15:55:26.477,0.6742,0.67442,1.00,1.87
2016.06.07 15:55:27.374,0.67418,0.67442,1.12,1.37
2016.06.07 15:55:27.829,0.67422,0.67442,1.00,1.12
2016.06.07 15:55:27.880,0.67419,0.67442,1.87,1.12
2016.06.07 15:55:29.877,0.67419,0.6744,1.37,1.00
2016.06.07 15:55:30.198,0.67419,0.67438,1.00,1.00
2016.06.07 15:55:30.350,0.67416,0.67439,1.37,1.00
2016.06.07 15:55:32.372,0.67418,0.6744,1.00,1.87
2016.06.07 15:55:34.177,0.67417,0.67438,1.12,1.00
2016.06.07 15:55:34.283,0.67415,0.67437,1.00,1.87
2016.06.07 15:55:34.384,0.67414,0.67435,1.12,1.00
2016.06.07 15:55:35.071,0.67414,0.67435,1.00,1.37
2016.06.07 15:55:36.623,0.67413,0.67436,1.00,1.37
2016.06.07 15:55:38.902,0.67414,0.67436,1.00,1.37
2016.06.07 15:55:39.398,0.67412,0.67431,1.12,1.00
2016.06.07 15:55:39.448,0.67412,0.67433,1.12,1.00
2016.06.07 15:55:44.174,0.67412,0.67433,1.37,1.00
2016.06.07 15:55:45.939,0.67412,0.67434,1.50,1.00
2016.06.07 15:55:47.547,0.67412,0.67434,1.00,1.12
2016.06.07 15:55:48.126,0.67411,0.67433,1.50,1.00
2016.06.07 15:55:48.750,0.67411,0.67432,1.00,1.00
2016.06.07 15:55:51.409,0.67408,0.67431,2.62,1.00
2016.06.07 15:55:51.954,0.67411,0.67432,1.12,1.00
2016.06.07 15:55:55.397,0.67414,0.67434,1.00,1.12
2016.06.07 15:55:55.549,0.67414,0.67437,1.50,1.12
2016.06.07 15:55:55.700,0.67415,0.67437,1.37,1.00
2016.06.07 15:55:56.356,0.67414,0.67436,1.37,1.12
2016.06.07 15:55:58.096,0.67415,0.67436,1.12,1.00
2016.06.07 15:55:58.648,0.67416,0.67438,1.00,1.37
2016.06.07 15:55:58.965,0.67415,0.67436,1.37,1.00
2016.06.07 15:55:59.016,0.67415,0.67436,1.12,1.00
2016.06.07 15:55:59.117,0.67418,0.6744,1.00,1.37
2016.06.07 15:55:59.218,0.67418,0.6744,1.12,1.00
2016.06.07 15:55:59.765,0.67419,0.67441,1.00,1.12
2016.06.07 15:55:59.835,0.67419,0.67441,1.37,1.00
2016.06.07 15:56:00.827,0.6742,0.67442,1.37,1.00
2016.06.07 15:56:01.433,0.6742,0.67441,1.37,1.00
2016.06.07 15:56:02.159,0.6742,0.6744,1.37,1.00
2016.06.07 15:56:03.776,0.6742,0.67441,1.37,1.00
2016.06.07 15:56:04.316,0.6742,0.6744,1.12,1.00
2016.06.07 15:56:04.568,0.67417,0.67438,1.37,1.00
2016.06.07 15:56:04.618,0.67417,0.67438,1.00,1.12
2016.06.07 15:56:04.669,0.67414,0.67436,1.37,1.00
2016.06.07 15:56:05.183,0.67414,0.67435,1.37,1.00
2016.06.07 15:56:06.242,0.67413,0.67436,1.87,1.00
2016.06.07 15:56:07.393,0.67415,0.67439,1.87,1.37
2016.06.07 15:56:07.444,0.67416,0.67438,1.37,1.00
2016.06.07 15:56:07.633,0.67415,0.67437,1.12,1.37
2016.06.07 15:56:08.557,0.67409,0.67431,3.00,1.00
2016.06.07 15:56:08.803,0.67409,0.67431,1.87,1.37
2016.06.07 15:56:09.327,0.67408,0.6743,1.12,1.12
2016.06.07 15:56:10.360,0.67408,0.6743,1.87,1.00
2016.06.07 15:56:15.521,0.67409,0.67432,1.37,1.12
2016.06.07 15:56:15.572,0.67414,0.67434,1.00,1.37
2016.06.07 15:56:16.081,0.67415,0.67435,1.37,1.00
2016.06.07 15:56:16.378,0.67415,0.67435,1.12,1.00
2016.06.07 15:56:17.066,0.67414,0.67437,1.37,1.37
2016.06.07 15:56:18.201,0.67415,0.67435,1.12,1.00
2016.06.07 15:56:19.219,0.67414,0.67437,1.87,1.37
2016.06.07 15:56:19.792,0.67414,0.67437,1.87,1.00
2016.06.07 15:56:22.499,0.67415,0.67438,1.37,1.00
2016.06.07 15:56:23.733,0.67418,0.67438,1.37,1.00
2016.06.07 15:56:23.885,0.67419,0.6744,1.37,1.00
2016.06.07 15:56:26.112,0.67418,0.67441,1.75,1.00
2016.06.07 15:56:27.004,0.67417,0.67439,1.37,1.00
2016.06.07 15:56:27.557,0.67417,0.67439,1.87,1.12
2016.06.07 15:56:27.967,0.67417,0.67439,1.87,1.00
2016.06.07 15:56:28.652,0.67419,0.6744,1.37,1.00
2016.06.07 15:56:28.955,0.67418,0.67438,1.50,1.00
2016.06.07 15:56:29.745,0.67418,0.67441,1.50,1.00
2016.06.07 15:56:30.277,0.67421,0.6744,1.12,1.00
2016.06.07 15:56:33.324,0.67422,0.67442,1.00,1.12
2016.06.07 15:56:33.893,0.67422,0.67442,2.25,1.00
2016.06.07 15:56:34.176,0.6742,0.67441,1.37,1.00
2016.06.07 15:56:34.377,0.67419,0.6744,1.87,1.12
2016.06.07 15:56:36.753,0.6742,0.67442,1.37,1.12
2016.06.07 15:56:37.509,0.67421,0.67443,1.37,1.00
2016.06.07 15:56:38.141,0.6742,0.67443,1.37,1.37
2016.06.07 15:56:38.478,0.6742,0.6744,1.37,1.00
2016.06.07 15:56:40.126,0.6742,0.67443,2.25,1.37
2016.06.07 15:56:42.001,0.67422,0.67444,2.25,1.37
2016.06.07 15:56:42.102,0.67422,0.67444,2.25,1.00
2016.06.07 15:56:43.951,0.67423,0.67446,1.37,1.37
2016.06.07 15:56:45.297,0.67423,0.67446,2.62,1.00
2016.06.07 15:56:45.650,0.67424,0.67444,1.37,1.00
2016.06.07 15:56:46.007,0.67423,0.67446,2.25,1.00
2016.06.07 15:56:46.109,0.67424,0.67444,1.37,1.00
2016.06.07 15:56:46.331,0.67424,0.67444,1.00,1.00
2016.06.07 15:56:46.890,0.67425,0.67445,1.00,1.00
2016.06.07 15:56:47.477,0.67425,0.67445,1.37,1.00
2016.06.07 15:56:49.251,0.67424,0.67446,1.87,1.00
2016.06.07 15:56:50.427,0.67426,0.67448,1.12,1.00
2016.06.07 15:56:51.996,0.67426,0.67447,1.12,1.00
2016.06.07 15:56:54.672,0.67426,0.67447,1.87,1.00
2016.06.07 15:56:55.354,0.67427,0.67448,1.37,1.00
2016.06.07 15:56:55.405,0.67428,0.6745,1.37,1.00
2016.06.07 15:56:55.957,0.6743,0.67451,1.12,1.12
2016.06.07 15:56:57.027,0.6743,0.67451,1.37,1.00
2016.06.07 15:56:57.434,0.67433,0.67453,1.00,1.00
2016.06.07 15:56:57.868,0.67433,0.67455,1.37,1.00
2016.06.07 15:56:58.271,0.67432,0.67458,1.50,1.50
2016.06.07 15:56:58.821,0.67432,0.67455,1.87,1.00
2016.06.07 15:56:58.973,0.67431,0.67457,2.62,1.50
2016.06.07 15:56:59.074,0.67431,0.67455,1.87,1.37
2016.06.07 15:57:01.841,0.67429,0.67452,1.87,1.00
2016.06.07 15:57:02.179,0.67429,0.67452,1.50,1.37
2016.06.07 15:57:03.593,0.67428,0.67452,1.50,1.37
2016.06.07 15:57:07.153,0.67428,0.67451,1.00,1.50
2016.06.07 15:57:07.204,0.67426,0.67451,1.50,1.50
2016.06.07 15:57:08.196,0.67425,0.67446,1.37,1.00
2016.06.07 15:57:11.712,0.67425,0.67445,1.37,1.00
2016.06.07 15:57:12.015,0.67423,0.67441,1.00,1.12
2016.06.07 15:57:12.895,0.6742,0.67441,1.12,1.12
2016.06.07 15:57:13.989,0.67421,0.67441,1.00,1.12
2016.06.07 15:57:15.074,0.6742,0.67443,1.37,1.00
2016.06.07 15:57:16.325,0.67424,0.67446,1.00,1.37
2016.06.07 15:57:16.426,0.67424,0.67446,1.37,1.00
2016.06.07 15:57:16.578,0.67426,0.67447,1.37,1.00
2016.06.07 15:57:16.802,0.67427,0.67449,1.37,1.00
2016.06.07 15:57:17.507,0.67426,0.67448,3.37,1.00
2016.06.07 15:57:20.212,0.67428,0.6745,1.37,1.12
2016.06.07 15:57:20.414,0.67429,0.67448,1.37,1.00
2016.06.07 15:57:20.465,0.67428,0.6745,1.37,1.12
2016.06.07 15:57:21.060,0.67427,0.67449,1.50,1.00
2016.06.07 15:57:21.902,0.67428,0.6745,1.37,1.12
2016.06.07 15:57:23.618,0.67428,0.67448,1.37,1.00
2016.06.07 15:57:28.410,0.67428,0.6745,1.87,1.12
2016.06.07 15:57:29.199,0.67428,0.67448,1.87,1.00
2016.06.07 15:57:29.708,0.67429,0.67449,1.37,1.00
2016.06.07 15:57:31.368,0.67429,0.67451,1.37,1.37
2016.06.07 15:57:33.734,0.67429,0.67451,1.87,1.00
2016.06.07 15:57:34.885,0.67429,0.67449,1.50,1.00
2016.06.07 15:57:35.164,0.67426,0.67445,1.00,1.00
2016.06.07 15:57:35.365,0.67424,0.67444,1.00,1.00
2016.06.07 15:57:40.367,0.67424,0.67445,1.00,1.00
2016.06.07 15:57:40.638,0.67427,0.67447,1.00,1.37
2016.06.07 15:57:41.115,0.67428,0.6745,1.00,1.37
2016.06.07 15:57:43.475,0.6743,0.67451,1.00,1.50
2016.06.07 15:57:43.727,0.67432,0.67452,1.00,1.00
2016.06.07 15:57:43.889,0.6743,0.67452,1.12,1.00
2016.06.07 15:57:44.449,0.6743,0.67451,1.12,1.00
2016.06.07 15:57:44.545,0.6743,0.67447,1.12,1.00
2016.06.07 15:57:44.596,0.6743,0.6745,1.12,1.00
2016.06.07 15:57:44.860,0.67428,0.6745,1.50,1.87
2016.06.07 15:57:51.380,0.6743,0.6745,1.00,1.37
2016.06.07 15:57:51.481,0.6743,0.67452,1.00,1.37
2016.06.07 15:57:51.583,0.6743,0.67452,1.12,1.00
2016.06.07 15:57:52.196,0.67432,0.67454,1.00,1.37
2016.06.07 15:57:52.536,0.67434,0.67453,1.12,1.00
2016.06.07 15:57:54.789,0.67434,0.67453,1.00,1.37
2016.06.07 15:57:54.840,0.6743,0.67452,1.12,1.12
2016.06.07 15:57:56.342,0.67428,0.6745,1.87,1.00
2016.06.07 15:57:56.444,0.67428,0.6745,1.87,1.37
2016.06.07 15:57:58.903,0.67429,0.6745,1.00,1.37
2016.06.07 15:57:59.189,0.67429,0.6745,1.37,1.00
2016.06.07 15:57:59.290,0.67429,0.6745,1.00,1.37
2016.06.07 15:57:59.631,0.67431,0.67452,1.00,1.37
2016.06.07 15:57:59.848,0.67431,0.67452,1.00,1.00
2016.06.07 15:58:08.077,0.67433,0.67452,1.00,1.00
2016.06.07 15:58:10.496,0.67431,0.6745,1.00,1.00
2016.06.07 15:58:10.547,0.67427,0.67448,1.87,1.00
2016.06.07 15:58:11.085,0.67427,0.67448,1.00,1.37
2016.06.07 15:58:12.419,0.67425,0.67447,1.37,1.12
2016.06.07 15:58:13.186,0.67427,0.67446,1.00,1.00
2016.06.07 15:58:15.434,0.67426,0.67446,1.12,1.00
2016.06.07 15:58:15.978,0.67426,0.67447,1.12,1.12
2016.06.07 15:58:19.756,0.67427,0.67446,1.00,1.00
2016.06.07 15:58:24.067,0.67426,0.67446,1.12,1.00
2016.06.07 15:58:32.070,0.67426,0.67444,1.00,1.00
2016.06.07 15:58:33.978,0.67426,0.67446,1.00,1.12
2016.06.07 15:58:34.320,0.67429,0.67448,1.00,1.00
2016.06.07 15:58:34.825,0.67429,0.67449,1.00,1.00
2016.06.07 15:58:35.698,0.67428,0.67447,1.00,1.00
2016.06.07 15:58:39.841,0.6743,0.67451,1.12,1.00
2016.06.07 15:58:40.353,0.67431,0.67452,1.00,1.00
2016.06.07 15:58:40.532,0.67433,0.67454,1.12,1.00
2016.06.07 15:58:41.086,0.67434,0.67455,1.00,1.00
2016.06.07 15:58:44.588,0.67432,0.67453,1.37,1.00
2016.06.07 15:58:44.963,0.6743,0.67452,1.00,1.37
2016.06.07 15:58:45.434,0.67432,0.67453,1.00,3.00
2016.06.07 15:58:46.351,0.67432,0.67452,1.00,1.37
2016.06.07 15:58:55.802,0.67432,0.67453,1.37,1.00
2016.06.07 15:58:56.353,0.67432,0.67453,1.00,1.37
2016.06.07 15:58:58.722,0.67435,0.67454,1.00,1.37
2016.06.07 15:58:58.964,0.67432,0.67454,1.00,1.37
2016.06.07 15:59:08.491,0.67431,0.67451,1.12,1.00
2016.06.07 15:59:10.734,0.6743,0.6745,1.37,1.00
2016.06.07 15:59:13.559,0.67427,0.67449,2.62,1.00
2016.06.07 15:59:13.786,0.67429,0.6745,1.00,1.12
2016.06.07 15:59:15.498,0.67429,0.6745,1.37,1.00
2016.06.07 15:59:17.513,0.67427,0.67448,1.00,1.00
2016.06.07 15:59:19.612,0.67432,0.6745,1.37,1.00
2016.06.07 15:59:20.116,0.6743,0.67449,1.00,1.00
2016.06.07 15:59:20.217,0.67428,0.67448,1.12,1.00
2016.06.07 15:59:20.765,0.67426,0.67446,1.00,1.00
2016.06.07 15:59:21.405,0.67427,0.67445,1.00,1.00
2016.06.07 15:59:22.168,0.67425,0.67445,1.50,1.00
2016.06.07 15:59:22.781,0.67426,0.67444,1.00,1.00
2016.06.07 15:59:23.704,0.67425,0.67445,1.00,1.00
2016.06.07 15:59:24.365,0.67426,0.67444,1.00,1.00
2016.06.07 15:59:26.648,0.67424,0.67444,1.00,1.12
2016.06.07 15:59:26.850,0.67423,0.67442,1.50,1.00
2016.06.07 15:59:28.938,0.67421,0.67442,1.37,1.00
2016.06.07 15:59:29.089,0.67422,0.67444,1.12,1.50
2016.06.07 15:59:29.542,0.67424,0.67445,1.00,2.62
2016.06.07 15:59:30.092,0.67425,0.67445,1.00,1.37
2016.06.07 15:59:31.634,0.67424,0.67444,1.00,1.12
2016.06.07 15:59:32.614,0.67423,0.67443,1.00,1.00
2016.06.07 15:59:33.914,0.67423,0.67442,1.00,1.00
2016.06.07 15:59:36.187,0.67423,0.67445,1.00,1.37
2016.06.07 15:59:36.288,0.67425,0.67443,1.00,1.00
2016.06.07 15:59:36.440,0.67422,0.67443,1.12,1.00
2016.06.07 15:59:36.490,0.67425,0.67445,1.00,1.87
2016.06.07 15:59:36.591,0.67425,0.67445,1.00,1.37
2016.06.07 15:59:36.997,0.67425,0.67447,1.00,1.12
2016.06.07 15:59:37.098,0.67429,0.67447,1.00,1.12
2016.06.07 15:59:37.149,0.67427,0.67448,1.00,1.37
2016.06.07 15:59:37.351,0.67429,0.67449,1.00,1.37
2016.06.07 15:59:37.653,0.67431,0.67451,1.00,1.87
2016.06.07 15:59:37.704,0.67432,0.67452,1.00,1.87
2016.06.07 15:59:38.253,0.67431,0.67452,1.50,1.12
2016.06.07 15:59:38.807,0.67433,0.67451,1.37,1.00
2016.06.07 15:59:39.008,0.6743,0.6745,1.12,1.12
2016.06.07 15:59:39.485,0.6743,0.6745,1.00,1.37
2016.06.07 15:59:39.540,0.67428,0.67447,1.00,1.00
2016.06.07 15:59:40.111,0.67429,0.67448,1.00,1.12
2016.06.07 15:59:40.751,0.67427,0.67448,1.12,1.12
2016.06.07 15:59:42.451,0.67426,0.67446,1.00,1.00
2016.06.07 15:59:42.913,0.67428,0.67446,1.00,1.00
2016.06.07 15:59:42.964,0.67426,0.67447,1.00,1.00
2016.06.07 15:59:43.615,0.67427,0.67448,1.00,1.12
2016.06.07 15:59:44.580,0.67427,0.67448,1.37,1.00
2016.06.07 15:59:46.430,0.67428,0.6745,1.12,1.12
2016.06.07 15:59:47.286,0.6743,0.6745,1.00,1.12
2016.06.07 15:59:48.052,0.67429,0.6745,1.00,1.50
2016.06.07 15:59:52.079,0.67429,0.67449,1.00,1.00
2016.06.07 15:59:54.016,0.6743,0.67449,1.00,1.00
2016.06.07 15:59:56.937,0.67431,0.6745,1.00,1.12
2016.06.07 15:59:57.791,0.67435,0.67454,1.00,1.37
2016.06.07 15:59:57.841,0.67436,0.67455,1.00,1.37
2016.06.07 15:59:57.942,0.67436,0.67456,1.12,1.00
2016.06.07 15:59:58.245,0.67436,0.67454,1.12,1.00
2016.06.07 15:59:59.137,0.67434,0.67454,1.00,1.12
2016.06.07 15:59:59.699,0.67434,0.67453,1.00,1.00
