2013.06.10 12:00:00.224,0.7404,0.74068,1.50,1.32
2013.06.10 12:00:00.770,0.7404,0.74068,1.69,1.32
2013.06.10 12:00:01.555,0.7404,0.7407,1.69,1.32
2013.06.10 12:00:02.466,0.74037,0.74068,2.44,1.32
2013.06.10 12:00:03.234,0.74037,0.74068,2.44,1.32
2013.06.10 12:00:04.356,0.74037,0.74066,2.44,1.13
2013.06.10 12:00:04.769,0.74035,0.74066,1.69,1.32
2013.06.10 12:00:04.825,0.74037,0.74066,1.69,1.32
2013.06.10 12:00:05.334,0.74036,0.74066,1.69,1.32
2013.06.10 12:00:05.686,0.74034,0.74066,2.07,1.32
2013.06.10 12:00:06.275,0.74034,0.74066,2.07,1.32
2013.06.10 12:00:06.345,0.74036,0.74066,1.69,1.32
2013.06.10 12:00:06.544,0.7404,0.74068,1.50,1.32
2013.06.10 12:00:06.706,0.74037,0.74067,1.69,1.32
2013.06.10 12:00:06.827,0.74033,0.74067,2.07,1.32
2013.06.10 12:00:07.064,0.74036,0.74067,1.69,1.32
2013.06.10 12:00:07.415,0.74037,0.74067,1.69,1.32
2013.06.10 12:00:08.244,0.74033,0.74063,1.32,1.69
2013.06.10 12:00:08.304,0.74032,0.74063,1.32,1.69
2013.06.10 12:00:08.596,0.74031,0.74059,1.32,1.69
2013.06.10 12:00:08.954,0.74028,0.74053,1.69,1.35
2013.06.10 12:00:09.255,0.74028,0.74054,1.13,1.69
2013.06.10 12:00:09.316,0.74028,0.74057,1.13,1.69
2013.06.10 12:00:09.435,0.74028,0.74053,1.13,1.54
2013.06.10 12:00:09.494,0.74024,0.74054,1.32,2.29
2013.06.10 12:00:09.869,0.74026,0.74052,1.32,1.35
2013.06.10 12:00:09.940,0.74027,0.74054,1.13,1.69
2013.06.10 12:00:10.618,0.74026,0.74056,1.69,1.69
2013.06.10 12:00:11.134,0.74023,0.74053,2.44,1.50
2013.06.10 12:00:12.146,0.74023,0.74053,1.69,1.50
2013.06.10 12:00:14.240,0.74023,0.74054,2.44,1.69
2013.06.10 12:00:15.130,0.74023,0.74054,1.69,1.69
2013.06.10 12:00:15.475,0.74022,0.74053,1.69,1.54
2013.06.10 12:00:15.835,0.74021,0.74049,1.69,1.50
2013.06.10 12:00:16.134,0.74022,0.74053,1.69,1.35
2013.06.10 12:00:16.315,0.74024,0.74055,2.44,1.69
2013.06.10 12:00:16.375,0.74024,0.74054,1.69,1.69
2013.06.10 12:00:18.843,0.74025,0.74055,1.69,1.69
2013.06.10 12:00:21.865,0.74025,0.74055,1.69,1.69
2013.06.10 12:00:23.134,0.74025,0.74055,1.69,1.69
2013.06.10 12:00:23.236,0.74023,0.74054,1.69,1.69
2013.06.10 12:00:24.305,0.74023,0.74054,1.69,1.69
2013.06.10 12:00:26.134,0.74023,0.74054,1.69,1.69
2013.06.10 12:00:26.194,0.74025,0.74054,1.69,1.69
2013.06.10 12:00:26.314,0.74025,0.74054,2.44,1.50
2013.06.10 12:00:26.444,0.74029,0.74059,1.69,1.35
2013.06.10 12:00:26.744,0.7403,0.74059,1.69,1.35
2013.06.10 12:00:27.496,0.74029,0.7406,1.69,1.50
2013.06.10 12:00:27.795,0.74031,0.74062,1.69,1.69
2013.06.10 12:00:27.854,0.74033,0.74062,1.69,1.50
2013.06.10 12:00:35.417,0.74033,0.74062,1.69,1.50
2013.06.10 12:00:36.865,0.74036,0.74065,1.69,1.54
2013.06.10 12:00:38.104,0.74036,0.74066,2.44,1.50
2013.06.10 12:00:38.638,0.74036,0.74066,1.69,1.50
2013.06.10 12:00:39.032,0.74036,0.74069,1.69,1.32
2013.06.10 12:00:39.394,0.74036,0.74067,1.69,1.69
2013.06.10 12:00:39.454,0.74033,0.74067,1.69,1.69
2013.06.10 12:00:40.316,0.74033,0.74067,1.69,1.69
2013.06.10 12:00:40.555,0.74036,0.74067,1.69,1.69
2013.06.10 12:00:42.746,0.74033,0.74067,1.69,1.69
2013.06.10 12:00:43.305,0.74032,0.74067,2.44,2.44
2013.06.10 12:00:47.737,0.74032,0.74062,1.69,1.50
2013.06.10 12:00:49.158,0.74032,0.74062,1.69,1.50
2013.06.10 12:00:51.580,0.74034,0.74063,1.32,1.69
2013.06.10 12:00:53.505,0.74031,0.7406,2.07,1.50
2013.06.10 12:01:07.274,0.74036,0.74063,1.13,2.44
2013.06.10 12:01:08.415,0.74032,0.74059,1.32,1.50
2013.06.10 12:01:09.254,0.74036,0.74067,1.13,1.69
2013.06.10 12:01:09.374,0.74036,0.74066,2.07,1.69
2013.06.10 12:01:09.494,0.74036,0.74065,1.32,1.69
2013.06.10 12:01:11.614,0.74036,0.74065,2.07,1.69
2013.06.10 12:01:13.394,0.74035,0.74064,1.13,2.44
2013.06.10 12:01:13.936,0.74031,0.74059,1.69,1.69
2013.06.10 12:01:16.204,0.74029,0.74059,1.54,1.69
2013.06.10 12:01:18.166,0.74031,0.74059,1.13,1.69
2013.06.10 12:01:20.334,0.74031,0.74059,1.13,2.44
2013.06.10 12:01:20.395,0.74031,0.74056,1.13,1.69
2013.06.10 12:01:20.455,0.74028,0.74056,1.50,1.69
2013.06.10 12:01:20.514,0.74026,0.74056,1.69,1.69
2013.06.10 12:01:20.695,0.74025,0.74054,1.32,1.69
2013.06.10 12:01:20.835,0.74025,0.74055,1.32,1.69
2013.06.10 12:01:21.025,0.74025,0.74056,1.32,2.44
2013.06.10 12:01:21.916,0.74027,0.74054,1.50,1.69
2013.06.10 12:01:23.676,0.74025,0.74054,1.32,1.69
2013.06.10 12:01:24.445,0.74026,0.74055,1.69,1.69
2013.06.10 12:01:26.320,0.74026,0.74056,1.69,1.69
2013.06.10 12:01:27.855,0.74025,0.74056,1.32,1.69
2013.06.10 12:01:33.564,0.74024,0.74053,1.32,1.69
2013.06.10 12:01:35.830,0.74021,0.74053,2.07,2.07
2013.06.10 12:01:36.684,0.74021,0.74053,2.07,2.07
2013.06.10 12:01:37.795,0.74021,0.74053,2.82,1.32
2013.06.10 12:01:39.034,0.74021,0.74053,2.82,1.32
2013.06.10 12:01:39.105,0.74021,0.74053,2.82,1.32
2013.06.10 12:01:43.696,0.74026,0.74054,1.69,1.32
2013.06.10 12:01:47.624,0.74026,0.74054,1.69,1.32
2013.06.10 12:01:47.765,0.74026,0.74054,1.69,1.32
2013.06.10 12:01:48.124,0.74028,0.7406,2.07,1.32
2013.06.10 12:01:48.254,0.74032,0.7406,1.69,1.32
2013.06.10 12:01:53.425,0.74032,0.7406,1.69,1.13
2013.06.10 12:01:53.784,0.74037,0.74069,2.44,1.32
2013.06.10 12:01:54.084,0.74037,0.74069,1.69,1.32
2013.06.10 12:01:54.204,0.74041,0.74069,1.69,1.32
2013.06.10 12:01:55.296,0.7404,0.74069,1.69,2.07
2013.06.10 12:01:59.088,0.7404,0.74069,1.69,2.07
2013.06.10 12:01:59.688,0.7404,0.74069,1.69,2.07
2013.06.10 12:02:01.197,0.7404,0.74069,1.69,1.32
2013.06.10 12:02:03.434,0.7404,0.74069,1.69,1.32
2013.06.10 12:02:03.975,0.74041,0.74069,1.69,1.32
2013.06.10 12:02:04.481,0.74041,0.74069,1.69,1.32
2013.06.10 12:02:05.707,0.74043,0.74073,1.50,1.32
2013.06.10 12:02:06.074,0.74041,0.7407,1.69,1.32
2013.06.10 12:02:07.926,0.74041,0.7407,1.69,1.32
2013.06.10 12:02:08.546,0.74041,0.7407,2.44,1.13
2013.06.10 12:02:17.085,0.74046,0.74074,1.69,1.69
2013.06.10 12:02:17.446,0.74046,0.74074,1.69,1.69
2013.06.10 12:02:18.135,0.74046,0.74074,1.50,1.69
2013.06.10 12:02:21.066,0.74042,0.74074,1.69,2.44
2013.06.10 12:02:26.604,0.74045,0.74073,1.54,1.13
2013.06.10 12:02:26.784,0.74047,0.74073,1.69,1.13
2013.06.10 12:02:29.665,0.74047,0.74073,1.69,1.13
2013.06.10 12:02:29.866,0.74046,0.74073,1.69,1.13
2013.06.10 12:02:30.104,0.7404,0.74071,2.44,1.69
2013.06.10 12:02:35.414,0.7404,0.74071,1.69,1.69
2013.06.10 12:02:35.624,0.7404,0.74071,2.44,1.69
2013.06.10 12:02:37.618,0.7404,0.74071,1.69,1.69
2013.06.10 12:02:41.074,0.7404,0.74071,2.44,1.69
2013.06.10 12:02:42.150,0.7404,0.74071,1.69,1.69
2013.06.10 12:02:48.455,0.7404,0.74073,1.69,1.69
2013.06.10 12:02:49.997,0.7404,0.74071,1.69,1.69
2013.06.10 12:02:52.226,0.7404,0.74071,2.44,1.69
2013.06.10 12:02:54.447,0.7404,0.74071,1.69,1.69
2013.06.10 12:02:54.881,0.74039,0.74071,1.69,1.69
2013.06.10 12:02:55.184,0.74036,0.74066,1.69,1.13
2013.06.10 12:02:55.304,0.74034,0.74066,1.69,1.88
2013.06.10 12:02:55.904,0.74032,0.74064,1.69,1.50
2013.06.10 12:02:56.697,0.74033,0.74064,1.69,1.69
2013.06.10 12:02:57.456,0.74033,0.74066,1.69,1.32
2013.06.10 12:02:58.726,0.74032,0.74066,1.69,1.32
2013.06.10 12:03:01.964,0.74034,0.74066,1.69,1.32
2013.06.10 12:03:02.146,0.74036,0.74066,1.69,1.13
2013.06.10 12:03:02.226,0.74036,0.74066,1.69,1.13
2013.06.10 12:03:02.644,0.74041,0.74073,1.69,1.69
2013.06.10 12:03:03.905,0.74038,0.74073,2.07,1.69
2013.06.10 12:03:06.597,0.74042,0.74074,1.69,1.32
2013.06.10 12:03:07.145,0.74043,0.74074,1.69,2.07
2013.06.10 12:03:07.864,0.74042,0.74073,1.69,1.54
2013.06.10 12:03:07.924,0.74038,0.74073,1.32,2.29
2013.06.10 12:03:08.044,0.74038,0.74071,1.32,1.69
2013.06.10 12:03:08.575,0.74038,0.74066,1.32,1.50
2013.06.10 12:03:09.647,0.74038,0.74066,1.32,1.69
2013.06.10 12:03:10.627,0.74038,0.74066,1.32,1.50
2013.06.10 12:03:11.097,0.74041,0.74069,1.54,1.69
2013.06.10 12:03:11.336,0.74044,0.74072,1.32,1.69
2013.06.10 12:03:11.395,0.74046,0.74076,1.32,1.69
2013.06.10 12:03:11.515,0.74047,0.74078,1.69,1.69
2013.06.10 12:03:11.814,0.74046,0.74076,2.07,1.50
2013.06.10 12:03:11.975,0.74046,0.74076,1.32,1.50
2013.06.10 12:03:12.136,0.74046,0.74074,1.32,1.50
2013.06.10 12:03:12.473,0.74044,0.74071,1.32,1.50
2013.06.10 12:03:13.056,0.74044,0.74073,1.32,1.50
2013.06.10 12:03:15.963,0.74043,0.74073,2.07,1.69
2013.06.10 12:03:17.776,0.74043,0.74073,1.32,1.50
2013.06.10 12:03:19.656,0.74043,0.74071,1.32,1.50
2013.06.10 12:03:19.894,0.74046,0.74074,1.32,1.50
2013.06.10 12:03:22.246,0.74046,0.74078,1.32,2.44
2013.06.10 12:03:22.665,0.74046,0.74078,1.32,1.69
2013.06.10 12:03:22.845,0.74049,0.74079,1.69,1.50
2013.06.10 12:03:22.967,0.7405,0.74079,1.69,1.50
2013.06.10 12:03:23.289,0.7405,0.74081,2.44,1.69
2013.06.10 12:03:24.402,0.7405,0.74079,1.69,1.50
2013.06.10 12:03:24.715,0.74048,0.74079,2.44,1.50
2013.06.10 12:03:27.316,0.7405,0.74079,1.32,1.50
2013.06.10 12:03:31.956,0.7405,0.74079,2.07,1.50
2013.06.10 12:03:33.195,0.7405,0.74079,1.32,1.50
2013.06.10 12:03:38.706,0.7405,0.74079,1.32,1.69
2013.06.10 12:03:40.006,0.7405,0.74082,1.32,1.69
2013.06.10 12:03:46.275,0.74048,0.74078,4.32,1.69
2013.06.10 12:03:48.186,0.74049,0.74078,1.69,1.69
2013.06.10 12:03:48.884,0.74049,0.74078,1.69,1.50
2013.06.10 12:03:49.065,0.74051,0.74084,3.94,1.69
2013.06.10 12:03:49.125,0.74056,0.74084,1.32,1.50
2013.06.10 12:03:50.514,0.74056,0.7408,1.32,1.50
2013.06.10 12:03:50.944,0.74052,0.7408,2.44,1.50
2013.06.10 12:03:51.484,0.74056,0.7408,1.32,1.50
2013.06.10 12:03:52.025,0.74052,0.74078,1.69,1.50
2013.06.10 12:03:52.366,0.74051,0.74078,1.54,1.50
2013.06.10 12:03:52.425,0.74051,0.74078,1.17,1.50
2013.06.10 12:03:53.586,0.74049,0.74079,1.32,1.69
2013.06.10 12:03:54.736,0.74048,0.74079,2.07,1.69
2013.06.10 12:03:54.855,0.74048,0.74079,1.32,1.69
2013.06.10 12:03:55.224,0.74047,0.74075,1.32,1.69
2013.06.10 12:03:55.556,0.74044,0.74075,1.92,1.69
2013.06.10 12:03:57.055,0.74046,0.74074,1.13,1.69
2013.06.10 12:03:57.234,0.74046,0.74075,1.32,1.69
2013.06.10 12:03:57.294,0.74046,0.74075,2.07,1.50
2013.06.10 12:04:02.874,0.74048,0.74075,1.32,1.50
2013.06.10 12:04:04.190,0.74047,0.74075,1.32,1.50
2013.06.10 12:04:11.396,0.74047,0.74074,1.32,1.50
2013.06.10 12:04:11.737,0.74047,0.74073,1.32,1.50
2013.06.10 12:04:11.856,0.74045,0.74069,1.17,1.50
2013.06.10 12:04:12.115,0.74039,0.74069,1.69,1.69
2013.06.10 12:04:12.624,0.74037,0.74069,1.69,1.69
2013.06.10 12:04:14.034,0.74036,0.74064,2.07,1.50
2013.06.10 12:04:14.415,0.74036,0.74064,1.32,1.69
2013.06.10 12:04:17.864,0.74036,0.74064,1.32,1.69
2013.06.10 12:04:18.886,0.74036,0.74064,1.32,1.69
2013.06.10 12:04:19.685,0.74032,0.74058,1.54,1.50
2013.06.10 12:04:19.745,0.74029,0.74058,1.69,1.50
2013.06.10 12:04:20.106,0.74028,0.74058,1.92,1.50
2013.06.10 12:04:20.465,0.74028,0.74058,1.32,1.69
2013.06.10 12:04:20.856,0.74027,0.74053,1.32,1.50
2013.06.10 12:04:21.407,0.74028,0.74058,1.13,2.44
2013.06.10 12:04:21.626,0.74026,0.74054,1.32,1.50
2013.06.10 12:04:22.077,0.74028,0.74058,1.13,2.44
2013.06.10 12:04:22.324,0.74022,0.74054,2.07,1.69
2013.06.10 12:04:22.445,0.74021,0.74054,2.29,1.69
2013.06.10 12:04:23.065,0.74021,0.74054,1.54,2.44
2013.06.10 12:04:23.864,0.74023,0.74053,1.69,1.69
2013.06.10 12:04:26.326,0.74021,0.74051,1.50,1.69
2013.06.10 12:04:26.586,0.74021,0.74049,1.50,1.69
2013.06.10 12:04:26.865,0.74021,0.74051,1.50,1.69
2013.06.10 12:04:27.296,0.74021,0.74049,1.69,1.69
2013.06.10 12:04:27.535,0.74016,0.74046,2.29,1.69
2013.06.10 12:04:28.076,0.74016,0.74047,1.69,2.07
2013.06.10 12:04:28.401,0.74019,0.74047,1.69,1.32
2013.06.10 12:04:28.966,0.74017,0.74048,1.69,1.32
2013.06.10 12:04:29.586,0.74019,0.74047,1.50,1.32
2013.06.10 12:04:29.726,0.74017,0.74047,1.50,2.07
2013.06.10 12:04:29.904,0.74017,0.74047,1.69,1.32
2013.06.10 12:04:30.487,0.74021,0.74049,1.50,2.44
2013.06.10 12:04:31.146,0.74017,0.74047,1.69,1.32
2013.06.10 12:04:33.606,0.74017,0.74047,1.69,1.32
2013.06.10 12:04:34.604,0.74017,0.74047,1.69,2.07
2013.06.10 12:04:36.208,0.74015,0.74045,1.69,1.69
2013.06.10 12:04:36.885,0.74015,0.74045,1.69,2.44
2013.06.10 12:04:37.467,0.74015,0.74045,1.50,2.44
2013.06.10 12:04:37.955,0.74011,0.74045,2.07,2.44
2013.06.10 12:04:38.515,0.74015,0.74045,1.50,2.44
2013.06.10 12:04:38.575,0.74015,0.74045,1.69,1.69
2013.06.10 12:04:39.164,0.74017,0.74046,1.50,1.54
2013.06.10 12:04:42.796,0.74017,0.74045,1.50,1.32
2013.06.10 12:04:43.517,0.74017,0.74045,1.50,2.07
2013.06.10 12:04:43.915,0.74018,0.74045,1.50,1.32
2013.06.10 12:04:43.975,0.74018,0.74047,1.50,1.32
2013.06.10 12:04:44.126,0.74016,0.74045,1.69,1.32
2013.06.10 12:04:44.346,0.74018,0.74047,1.50,1.32
2013.06.10 12:04:44.676,0.74016,0.74045,1.69,1.32
2013.06.10 12:04:46.437,0.74018,0.74047,1.50,1.32
2013.06.10 12:04:46.929,0.74017,0.74045,1.69,1.32
2013.06.10 12:04:47.415,0.74018,0.74047,1.50,1.32
2013.06.10 12:04:49.105,0.74018,0.74048,1.69,2.07
2013.06.10 12:04:50.789,0.74021,0.74048,1.50,1.32
2013.06.10 12:04:57.835,0.74021,0.74048,1.50,1.32
2013.06.10 12:05:00.186,0.74017,0.74048,1.69,1.32
2013.06.10 12:05:00.846,0.74021,0.74048,1.50,1.32
2013.06.10 12:05:04.757,0.74021,0.74049,1.69,1.32
2013.06.10 12:05:05.287,0.74021,0.74049,1.50,1.32
2013.06.10 12:05:07.898,0.74021,0.74048,1.50,1.32
2013.06.10 12:05:10.625,0.74017,0.74048,1.69,1.32
2013.06.10 12:05:10.926,0.74019,0.74048,1.69,1.13
2013.06.10 12:05:11.045,0.74019,0.74048,1.69,1.13
2013.06.10 12:05:11.105,0.74022,0.74048,1.69,1.13
2013.06.10 12:05:11.171,0.74022,0.74048,1.50,1.32
2013.06.10 12:05:11.237,0.74018,0.74048,1.54,1.32
2013.06.10 12:05:11.705,0.74015,0.74048,1.69,1.32
2013.06.10 12:05:15.386,0.74017,0.74049,1.69,1.69
2013.06.10 12:05:17.366,0.74015,0.74049,1.69,1.69
2013.06.10 12:05:18.686,0.74017,0.74049,1.69,1.69
2013.06.10 12:05:19.996,0.74017,0.74049,1.69,1.69
2013.06.10 12:05:20.055,0.74017,0.74049,1.69,1.69
2013.06.10 12:05:20.738,0.74017,0.74051,1.69,2.82
2013.06.10 12:05:25.616,0.74021,0.74051,1.69,2.82
2013.06.10 12:05:27.806,0.74021,0.7405,1.69,1.69
2013.06.10 12:05:30.395,0.74016,0.7405,2.44,1.69
2013.06.10 12:05:34.146,0.74021,0.7405,1.69,1.69
2013.06.10 12:05:35.637,0.74021,0.7405,1.50,1.69
2013.06.10 12:05:35.927,0.74017,0.7405,1.69,1.69
2013.06.10 12:05:39.336,0.74021,0.7405,1.50,1.69
2013.06.10 12:05:39.395,0.74021,0.74051,1.50,2.82
2013.06.10 12:05:39.515,0.74017,0.74051,1.69,2.82
2013.06.10 12:05:39.575,0.74017,0.74047,1.69,1.69
2013.06.10 12:05:40.065,0.74017,0.7405,1.69,1.69
2013.06.10 12:05:40.616,0.74021,0.74051,1.69,2.07
2013.06.10 12:05:41.872,0.74021,0.74051,1.50,2.82
2013.06.10 12:05:42.295,0.74019,0.74048,1.69,1.69
2013.06.10 12:05:43.835,0.74016,0.74048,1.69,3.94
2013.06.10 12:05:43.895,0.74016,0.74046,1.69,1.69
2013.06.10 12:05:44.015,0.74016,0.74045,1.50,2.44
2013.06.10 12:05:48.156,0.74013,0.74044,1.32,1.69
2013.06.10 12:05:48.538,0.74011,0.7404,1.69,1.32
2013.06.10 12:05:48.925,0.74011,0.7404,1.69,1.32
2013.06.10 12:05:49.396,0.74016,0.74044,1.69,2.07
2013.06.10 12:05:51.346,0.74016,0.74044,1.69,2.07
2013.06.10 12:05:53.140,0.74011,0.74039,1.69,1.13
2013.06.10 12:05:53.205,0.74011,0.74039,1.69,1.13
2013.06.10 12:05:54.041,0.74011,0.74039,1.69,1.13
2013.06.10 12:05:54.347,0.74011,0.74039,1.69,1.32
2013.06.10 12:05:57.190,0.74009,0.74038,1.54,1.32
2013.06.10 12:05:57.867,0.74008,0.74038,1.69,1.13
2013.06.10 12:05:58.513,0.74007,0.74035,1.69,1.50
2013.06.10 12:05:59.148,0.74008,0.74038,1.69,1.88
2013.06.10 12:06:00.940,0.74006,0.74035,2.82,1.50
2013.06.10 12:06:01.175,0.74011,0.74039,1.32,1.69
2013.06.10 12:06:01.296,0.74013,0.74043,1.32,1.69
2013.06.10 12:06:01.676,0.74012,0.74039,1.32,1.69
2013.06.10 12:06:01.737,0.74012,0.74038,1.32,1.50
2013.06.10 12:06:02.276,0.74012,0.74038,1.13,1.69
2013.06.10 12:06:04.366,0.74013,0.74039,1.13,1.69
2013.06.10 12:06:04.545,0.74013,0.74043,1.32,1.69
2013.06.10 12:06:04.785,0.74013,0.74043,1.92,1.69
2013.06.10 12:06:05.187,0.74013,0.74043,1.92,1.50
2013.06.10 12:06:09.866,0.74013,0.74044,1.92,1.69
2013.06.10 12:06:10.145,0.74013,0.74038,1.92,1.50
2013.06.10 12:06:10.837,0.74013,0.74038,1.92,1.50
2013.06.10 12:06:22.946,0.74013,0.74038,1.92,1.50
2013.06.10 12:06:23.945,0.74012,0.74037,1.32,3.00
2013.06.10 12:06:24.005,0.74011,0.74037,1.32,3.00
2013.06.10 12:06:25.096,0.74011,0.74037,1.32,3.19
2013.06.10 12:06:30.345,0.74009,0.74034,2.07,2.63
2013.06.10 12:06:30.468,0.74003,0.74031,2.07,1.13
2013.06.10 12:06:30.785,0.74006,0.74031,1.50,1.13
2013.06.10 12:06:30.845,0.74007,0.74033,1.50,1.13
2013.06.10 12:06:30.905,0.74008,0.74037,1.13,1.32
2013.06.10 12:06:31.436,0.74008,0.74039,1.13,1.69
2013.06.10 12:06:31.948,0.74008,0.74039,1.32,1.50
2013.06.10 12:06:32.005,0.74008,0.74036,1.32,1.50
2013.06.10 12:06:33.426,0.74008,0.74036,1.32,1.50
2013.06.10 12:06:33.489,0.74008,0.74039,1.32,1.69
2013.06.10 12:06:37.836,0.74008,0.74037,1.32,1.69
2013.06.10 12:06:37.955,0.74006,0.74032,1.69,1.32
2013.06.10 12:06:38.486,0.74006,0.74032,1.69,1.32
2013.06.10 12:06:39.811,0.74006,0.74032,1.69,1.13
2013.06.10 12:06:39.875,0.74007,0.74033,1.69,1.13
2013.06.10 12:06:43.185,0.74007,0.74032,1.69,1.13
2013.06.10 12:06:43.775,0.74007,0.74032,1.69,1.32
2013.06.10 12:06:46.847,0.74007,0.74032,1.69,1.13
2013.06.10 12:06:47.698,0.74005,0.74032,1.69,1.32
2013.06.10 12:06:49.885,0.74001,0.74032,1.69,2.07
2013.06.10 12:06:50.295,0.74001,0.7403,1.50,1.32
2013.06.10 12:06:50.875,0.74001,0.74029,1.50,1.32
2013.06.10 12:06:52.495,0.74,0.74029,1.32,1.69
2013.06.10 12:06:53.115,0.73999,0.74028,1.69,1.32
2013.06.10 12:06:54.783,0.73999,0.74029,1.69,2.07
2013.06.10 12:07:07.846,0.74002,0.7403,1.69,1.32
2013.06.10 12:07:08.366,0.74005,0.74033,1.50,2.07
2013.06.10 12:07:12.837,0.74008,0.74033,1.50,1.32
2013.06.10 12:07:17.955,0.74011,0.74039,1.50,2.44
2013.06.10 12:07:18.015,0.74014,0.7404,1.69,1.13
2013.06.10 12:07:21.419,0.74016,0.7404,1.69,1.13
2013.06.10 12:07:21.727,0.74016,0.74044,1.69,1.32
2013.06.10 12:07:21.965,0.7402,0.74047,1.69,1.32
2013.06.10 12:07:22.466,0.74021,0.74047,1.50,1.32
2013.06.10 12:07:24.765,0.74022,0.74049,1.50,1.69
2013.06.10 12:07:26.167,0.74021,0.74047,1.50,1.32
2013.06.10 12:07:26.827,0.74021,0.74048,1.50,1.32
2013.06.10 12:07:26.945,0.74021,0.74049,1.50,1.69
2013.06.10 12:07:28.042,0.74021,0.74049,1.69,1.69
2013.06.10 12:07:31.725,0.74024,0.74053,1.50,1.69
2013.06.10 12:07:33.197,0.74024,0.74053,1.50,1.69
2013.06.10 12:07:36.996,0.74024,0.74053,1.69,1.69
2013.06.10 12:07:42.136,0.74021,0.74049,1.69,1.32
2013.06.10 12:07:45.075,0.74021,0.74047,1.69,1.13
2013.06.10 12:07:45.255,0.7402,0.74047,1.69,1.13
2013.06.10 12:07:45.920,0.7402,0.74047,1.69,1.13
2013.06.10 12:07:49.665,0.74016,0.74047,2.44,1.32
2013.06.10 12:07:52.265,0.7402,0.74049,1.69,1.32
2013.06.10 12:07:52.325,0.7402,0.74049,1.69,1.32
2013.06.10 12:07:54.376,0.74021,0.74049,1.69,1.69
2013.06.10 12:07:54.735,0.74025,0.74048,1.50,1.13
2013.06.10 12:07:56.496,0.74022,0.74048,1.69,1.13
2013.06.10 12:07:57.255,0.74022,0.74048,1.69,1.13
2013.06.10 12:07:57.957,0.74021,0.74048,1.69,1.13
2013.06.10 12:08:02.357,0.74022,0.74048,1.69,1.13
2013.06.10 12:08:02.476,0.74022,0.74048,1.69,1.13
2013.06.10 12:08:02.836,0.74027,0.74055,1.69,1.13
2013.06.10 12:08:03.346,0.74027,0.74055,1.32,1.50
2013.06.10 12:08:03.695,0.74028,0.74057,1.32,1.69
2013.06.10 12:08:04.317,0.74028,0.74057,1.32,1.50
2013.06.10 12:08:04.375,0.74029,0.74057,1.32,1.50
2013.06.10 12:08:04.506,0.74031,0.74059,1.69,1.50
2013.06.10 12:08:05.476,0.74031,0.74063,1.69,1.32
2013.06.10 12:08:05.615,0.74032,0.74063,1.69,1.32
2013.06.10 12:08:05.735,0.74031,0.74063,1.69,2.07
2013.06.10 12:08:08.945,0.7403,0.74063,1.69,2.07
2013.06.10 12:08:09.447,0.74029,0.7406,2.07,1.69
2013.06.10 12:08:09.506,0.74029,0.7406,1.32,1.69
2013.06.10 12:08:11.637,0.74029,0.7406,2.07,1.69
2013.06.10 12:08:12.899,0.74029,0.7406,2.82,1.69
2013.06.10 12:08:13.947,0.74032,0.74063,1.69,3.57
2013.06.10 12:08:16.916,0.74031,0.74063,1.69,2.07
2013.06.10 12:08:17.615,0.74031,0.74059,1.69,1.69
2013.06.10 12:08:17.766,0.74031,0.74059,1.69,1.69
2013.06.10 12:08:17.886,0.74029,0.74058,1.32,1.69
2013.06.10 12:08:28.735,0.74028,0.74058,1.32,1.69
2013.06.10 12:08:29.367,0.74027,0.74055,1.32,1.50
2013.06.10 12:08:32.352,0.74028,0.74054,1.32,1.50
2013.06.10 12:08:35.117,0.74027,0.74054,1.32,1.50
2013.06.10 12:08:36.876,0.74027,0.74054,1.32,1.50
2013.06.10 12:08:40.205,0.74028,0.74058,1.32,1.69
2013.06.10 12:08:40.345,0.74027,0.74054,1.32,1.69
2013.06.10 12:08:45.282,0.74027,0.74054,1.32,1.69
2013.06.10 12:08:45.345,0.74028,0.74058,1.13,1.69
2013.06.10 12:08:48.425,0.74026,0.74054,1.32,1.50
2013.06.10 12:08:52.717,0.74026,0.74054,1.32,1.50
2013.06.10 12:08:52.908,0.74026,0.74058,1.32,1.32
2013.06.10 12:08:53.869,0.74026,0.74058,1.32,1.32
2013.06.10 12:09:01.756,0.74026,0.74056,1.32,3.04
2013.06.10 12:09:02.116,0.7402,0.7405,1.69,1.32
2013.06.10 12:09:02.680,0.74019,0.7405,1.69,1.32
2013.06.10 12:09:03.771,0.74018,0.7405,1.32,2.07
2013.06.10 12:09:04.446,0.74018,0.7405,1.32,2.07
2013.06.10 12:09:07.345,0.74019,0.7405,1.69,1.32
2013.06.10 12:09:07.405,0.74019,0.7405,1.69,1.32
2013.06.10 12:09:07.535,0.74018,0.7405,2.07,1.32
2013.06.10 12:09:13.625,0.74018,0.7405,1.32,2.07
2013.06.10 12:09:13.745,0.74018,0.74048,1.32,1.69
2013.06.10 12:09:14.405,0.74018,0.74048,1.13,2.44
2013.06.10 12:09:14.686,0.74018,0.74048,1.13,2.44
2013.06.10 12:09:18.005,0.74015,0.74047,1.32,1.69
2013.06.10 12:09:19.665,0.74015,0.74044,1.32,1.69
2013.06.10 12:09:20.175,0.74015,0.74048,1.32,1.69
2013.06.10 12:09:21.796,0.74015,0.74047,1.32,1.69
2013.06.10 12:09:25.517,0.74015,0.74047,1.32,1.69
2013.06.10 12:09:35.256,0.74015,0.74046,1.69,1.69
2013.06.10 12:09:38.995,0.74015,0.74047,1.69,2.07
2013.06.10 12:09:43.898,0.74015,0.74047,2.44,1.32
2013.06.10 12:09:44.076,0.74019,0.74049,1.69,1.32
2013.06.10 12:09:44.675,0.74019,0.74049,1.69,1.32
2013.06.10 12:09:46.635,0.74019,0.74048,1.69,1.32
2013.06.10 12:09:46.897,0.74019,0.74048,1.69,1.32
2013.06.10 12:09:48.683,0.74017,0.74049,1.69,2.07
2013.06.10 12:09:48.746,0.74017,0.74049,1.69,2.07
2013.06.10 12:09:49.536,0.74017,0.74049,1.69,1.32
2013.06.10 12:09:57.077,0.74021,0.74049,1.50,1.32
2013.06.10 12:09:57.197,0.74021,0.74049,1.50,1.32
2013.06.10 12:09:57.495,0.74031,0.74059,1.50,2.07
2013.06.10 12:09:57.616,0.74031,0.7406,2.07,1.69
2013.06.10 12:09:57.676,0.74032,0.74062,1.13,1.69
2013.06.10 12:09:58.036,0.74031,0.7406,1.32,1.69
2013.06.10 12:09:58.095,0.74031,0.7406,1.13,1.69
2013.06.10 12:09:58.407,0.74031,0.74059,1.13,2.07
2013.06.10 12:10:00.475,0.74032,0.7406,1.32,1.32
2013.06.10 12:10:00.535,0.74032,0.74059,1.32,1.32
2013.06.10 12:10:00.655,0.74032,0.7406,1.32,1.32
2013.06.10 12:10:00.715,0.74032,0.7406,1.32,1.32
2013.06.10 12:10:01.276,0.74031,0.74059,1.32,1.32
2013.06.10 12:10:02.585,0.74032,0.74059,1.13,1.32
2013.06.10 12:10:02.705,0.74032,0.74059,1.13,2.07
2013.06.10 12:10:03.986,0.74032,0.74059,1.13,1.69
2013.06.10 12:10:04.305,0.74032,0.74059,1.13,1.32
2013.06.10 12:10:06.105,0.74035,0.74061,1.50,1.17
2013.06.10 12:10:06.327,0.74035,0.74059,1.50,1.32
2013.06.10 12:10:06.446,0.74032,0.7406,1.13,2.07
2013.06.10 12:10:06.995,0.7403,0.74057,1.50,1.32
2013.06.10 12:10:08.410,0.7403,0.74057,1.50,1.32
2013.06.10 12:10:08.546,0.7403,0.74057,1.50,2.07
2013.06.10 12:10:08.796,0.74027,0.74057,1.50,2.07
2013.06.10 12:10:08.985,0.7403,0.74057,1.50,2.07
2013.06.10 12:10:09.246,0.74031,0.74057,1.50,1.32
2013.06.10 12:10:09.367,0.74031,0.74059,1.69,1.32
2013.06.10 12:10:17.755,0.74031,0.74059,1.69,1.32
2013.06.10 12:10:18.635,0.74035,0.7406,1.50,1.32
2013.06.10 12:10:18.695,0.74035,0.7406,1.50,1.13
2013.06.10 12:10:18.815,0.74036,0.74065,1.50,1.69
2013.06.10 12:10:19.125,0.74036,0.74066,1.69,1.54
2013.06.10 12:10:19.245,0.74036,0.74066,1.69,1.54
2013.06.10 12:10:19.426,0.74042,0.74067,1.50,1.17
2013.06.10 12:10:21.008,0.74041,0.74067,1.50,1.17
2013.06.10 12:10:21.615,0.74042,0.74067,1.50,1.17
2013.06.10 12:10:22.238,0.7404,0.74067,1.69,1.17
2013.06.10 12:10:22.307,0.74037,0.74066,1.69,1.35
2013.06.10 12:10:22.997,0.74037,0.74066,1.69,1.54
2013.06.10 12:10:23.356,0.74037,0.74065,1.50,1.69
2013.06.10 12:10:23.494,0.74037,0.74066,1.69,2.29
2013.06.10 12:10:25.975,0.74038,0.74066,1.50,1.54
2013.06.10 12:10:26.325,0.7404,0.74067,1.50,1.17
2013.06.10 12:10:28.237,0.7404,0.74067,1.50,1.17
2013.06.10 12:10:32.645,0.7404,0.74067,1.50,1.17
2013.06.10 12:10:33.676,0.74036,0.74066,1.69,1.54
2013.06.10 12:10:33.735,0.74036,0.74066,1.69,1.54
2013.06.10 12:10:34.095,0.74036,0.74065,1.69,3.19
2013.06.10 12:10:34.525,0.74033,0.74065,1.32,1.69
2013.06.10 12:10:35.095,0.74037,0.74065,1.50,1.69
2013.06.10 12:10:37.986,0.74037,0.74066,1.69,1.54
2013.06.10 12:10:38.045,0.74037,0.74067,1.69,1.92
2013.06.10 12:10:38.295,0.74039,0.74069,1.69,1.32
2013.06.10 12:10:38.785,0.74042,0.7407,1.32,2.82
2013.06.10 12:10:39.379,0.74041,0.74069,1.88,2.82
2013.06.10 12:10:40.126,0.74042,0.74069,1.13,2.82
2013.06.10 12:10:41.425,0.74042,0.74069,1.13,2.07
2013.06.10 12:10:52.337,0.74042,0.7407,1.13,3.19
2013.06.10 12:10:52.462,0.74041,0.7407,1.13,3.19
2013.06.10 12:10:54.001,0.74041,0.74068,1.50,1.54
2013.06.10 12:10:54.235,0.74041,0.74069,1.50,3.79
2013.06.10 12:10:55.655,0.74041,0.74069,1.50,2.44
2013.06.10 12:10:56.536,0.74046,0.74069,1.50,1.32
2013.06.10 12:10:56.598,0.74047,0.74072,1.50,1.92
2013.06.10 12:10:56.655,0.7405,0.74072,1.50,1.17
2013.06.10 12:10:57.157,0.7405,0.74078,1.50,3.19
2013.06.10 12:11:02.125,0.7405,0.74078,1.50,1.69
2013.06.10 12:11:02.425,0.74052,0.74079,1.50,2.07
2013.06.10 12:11:02.615,0.74052,0.74079,1.69,1.32
2013.06.10 12:11:02.915,0.74055,0.74079,1.50,1.32
2013.06.10 12:11:05.690,0.74052,0.74079,1.69,1.32
2013.06.10 12:11:05.870,0.74055,0.74079,1.50,1.13
2013.06.10 12:11:08.517,0.74051,0.74079,1.69,1.13
2013.06.10 12:11:08.637,0.74055,0.74079,1.50,1.13
2013.06.10 12:11:20.375,0.74051,0.74082,1.69,1.69
2013.06.10 12:11:20.555,0.74051,0.7408,1.69,1.32
2013.06.10 12:11:23.217,0.74051,0.7408,1.69,2.07
2013.06.10 12:11:25.537,0.74051,0.74078,1.50,1.69
2013.06.10 12:11:25.716,0.74051,0.74079,1.50,1.69
2013.06.10 12:11:26.076,0.74051,0.74075,1.50,1.92
2013.06.10 12:11:26.395,0.74053,0.74078,1.50,1.32
2013.06.10 12:11:26.717,0.74058,0.74084,1.50,1.69
2013.06.10 12:11:26.778,0.74058,0.74084,1.50,1.69
2013.06.10 12:11:27.296,0.74061,0.74088,1.50,1.32
2013.06.10 12:11:28.785,0.74061,0.74088,1.69,1.32
2013.06.10 12:11:30.252,0.74061,0.74088,1.69,1.32
2013.06.10 12:11:36.236,0.7406,0.74088,1.69,1.32
2013.06.10 12:11:36.636,0.74061,0.74088,1.50,1.32
2013.06.10 12:11:36.697,0.74059,0.74088,1.69,1.32
2013.06.10 12:11:36.816,0.74057,0.74087,1.69,1.69
2013.06.10 12:11:36.876,0.74056,0.74085,2.07,1.69
2013.06.10 12:11:36.935,0.74056,0.74085,1.88,2.44
2013.06.10 12:11:37.507,0.74056,0.74083,1.13,2.44
2013.06.10 12:11:40.435,0.74055,0.74083,1.13,1.69
2013.06.10 12:11:40.936,0.74056,0.74084,1.13,1.69
2013.06.10 12:11:41.246,0.74056,0.74084,1.13,1.69
2013.06.10 12:11:41.426,0.74059,0.74086,1.50,1.69
2013.06.10 12:11:42.027,0.74061,0.74088,1.50,2.07
2013.06.10 12:11:42.979,0.74059,0.74087,1.50,1.69
2013.06.10 12:11:43.525,0.74059,0.74088,1.69,2.07
2013.06.10 12:11:43.666,0.74059,0.74088,1.69,1.32
2013.06.10 12:11:45.586,0.74063,0.74088,1.50,1.32
2013.06.10 12:11:45.777,0.74061,0.74089,1.50,1.32
2013.06.10 12:11:45.836,0.74063,0.7409,1.50,1.32
2013.06.10 12:11:47.046,0.74062,0.74088,1.50,1.32
2013.06.10 12:11:47.697,0.74062,0.74088,1.50,1.32
2013.06.10 12:11:48.076,0.74063,0.74088,1.50,1.32
2013.06.10 12:11:50.397,0.7406,0.74088,1.50,1.32
2013.06.10 12:11:50.517,0.7406,0.74088,1.50,1.32
2013.06.10 12:11:50.638,0.7406,0.74083,1.50,1.32
2013.06.10 12:11:50.996,0.7406,0.74083,1.50,2.07
2013.06.10 12:11:51.306,0.74062,0.74088,1.50,2.44
2013.06.10 12:11:51.895,0.74062,0.74083,1.50,1.13
2013.06.10 12:11:53.388,0.74062,0.74083,1.50,1.13
2013.06.10 12:11:55.048,0.74066,0.74088,1.50,1.69
2013.06.10 12:11:55.406,0.74061,0.74084,1.69,1.13
2013.06.10 12:11:55.746,0.74061,0.74086,1.69,1.13
2013.06.10 12:11:55.866,0.74067,0.7409,1.50,1.32
2013.06.10 12:11:57.150,0.74065,0.7409,1.50,1.32
2013.06.10 12:11:57.206,0.74061,0.7409,1.50,1.32
2013.06.10 12:11:57.385,0.74061,0.74089,1.50,1.69
2013.06.10 12:11:57.445,0.74061,0.74087,1.50,1.69
2013.06.10 12:11:57.747,0.74065,0.74088,1.50,1.69
2013.06.10 12:11:57.866,0.74065,0.7409,1.50,1.69
2013.06.10 12:11:58.166,0.74065,0.74089,1.50,1.69
2013.06.10 12:11:58.329,0.74065,0.7409,1.50,1.32
2013.06.10 12:11:58.626,0.74068,0.74091,1.50,1.32
2013.06.10 12:11:59.096,0.74068,0.74093,1.50,1.92
2013.06.10 12:11:59.275,0.74068,0.74092,1.50,1.32
2013.06.10 12:11:59.852,0.74068,0.74093,1.50,1.17
2013.06.10 12:12:00.407,0.74061,0.7409,1.69,1.13
2013.06.10 12:12:00.787,0.74061,0.7409,1.69,1.32
2013.06.10 12:12:00.846,0.74058,0.7409,1.69,1.32
2013.06.10 12:12:03.797,0.74062,0.7409,1.50,1.32
2013.06.10 12:12:04.726,0.74057,0.7409,1.69,1.32
2013.06.10 12:12:05.596,0.74067,0.74094,1.50,2.07
2013.06.10 12:12:05.655,0.74071,0.74094,1.50,2.07
2013.06.10 12:12:10.451,0.74071,0.74094,1.50,1.32
2013.06.10 12:12:10.566,0.74067,0.7409,1.50,1.32
2013.06.10 12:12:10.663,0.74067,0.7409,1.50,1.32
2013.06.10 12:12:11.192,0.74067,0.74088,1.50,1.32
2013.06.10 12:12:12.925,0.74067,0.74088,1.50,1.13
2013.06.10 12:12:15.641,0.74064,0.74088,1.50,1.32
2013.06.10 12:12:15.935,0.74062,0.74087,1.50,1.32
2013.06.10 12:12:16.685,0.74064,0.74089,1.50,1.32
2013.06.10 12:12:17.380,0.74062,0.74087,1.50,1.32
2013.06.10 12:12:17.707,0.74061,0.74087,1.50,1.32
2013.06.10 12:12:17.836,0.74062,0.74087,1.50,1.32
2013.06.10 12:12:18.190,0.74062,0.74087,1.50,1.32
2013.06.10 12:12:18.407,0.74062,0.74088,1.50,1.32
2013.06.10 12:12:19.907,0.74062,0.74087,1.50,1.32
2013.06.10 12:12:24.165,0.74062,0.74087,1.69,1.13
2013.06.10 12:12:26.250,0.74066,0.74093,1.50,2.07
2013.06.10 12:12:26.899,0.74061,0.74093,1.69,2.07
2013.06.10 12:12:28.257,0.74061,0.74093,1.69,1.69
2013.06.10 12:12:28.659,0.74067,0.74093,1.50,1.69
2013.06.10 12:12:29.095,0.74068,0.74094,1.50,2.07
2013.06.10 12:12:29.216,0.74067,0.74093,1.50,1.69
2013.06.10 12:12:29.525,0.74062,0.74093,1.69,1.69
2013.06.10 12:12:30.056,0.74061,0.74094,1.69,2.67
2013.06.10 12:12:30.116,0.7406,0.74092,1.32,1.69
2013.06.10 12:12:30.176,0.7406,0.74091,1.32,1.69
2013.06.10 12:12:30.356,0.74062,0.74089,1.50,1.69
2013.06.10 12:12:30.817,0.74062,0.74089,1.50,1.69
2013.06.10 12:12:30.971,0.74062,0.74089,1.50,1.69
2013.06.10 12:12:31.026,0.74062,0.74091,1.50,1.69
2013.06.10 12:12:34.889,0.74062,0.74093,1.50,1.69
2013.06.10 12:12:35.005,0.74062,0.74093,1.50,1.69
2013.06.10 12:12:37.294,0.74061,0.74093,1.69,1.69
2013.06.10 12:12:37.435,0.74061,0.74093,1.69,1.69
2013.06.10 12:12:37.726,0.74066,0.74093,1.50,1.69
2013.06.10 12:12:37.846,0.74063,0.74094,1.69,1.92
2013.06.10 12:12:38.366,0.74063,0.74094,1.69,1.92
2013.06.10 12:12:38.425,0.74066,0.74094,1.69,1.92
2013.06.10 12:12:39.178,0.74066,0.74094,1.69,1.92
2013.06.10 12:12:39.736,0.74062,0.74094,1.69,1.32
2013.06.10 12:12:42.186,0.74063,0.74095,1.32,1.32
2013.06.10 12:12:42.246,0.74063,0.74095,1.32,1.32
2013.06.10 12:12:42.306,0.74063,0.74095,1.32,1.32
2013.06.10 12:12:42.586,0.74066,0.74095,1.69,1.32
2013.06.10 12:12:43.155,0.74066,0.74095,1.50,2.07
2013.06.10 12:12:59.046,0.74066,0.74097,1.69,1.69
2013.06.10 12:12:59.153,0.74066,0.74097,1.69,1.69
2013.06.10 12:12:59.269,0.74072,0.74097,1.50,1.69
2013.06.10 12:13:03.288,0.74071,0.74097,1.50,1.69
2013.06.10 12:13:03.826,0.74071,0.74098,1.50,1.32
2013.06.10 12:13:04.386,0.74071,0.74098,1.50,2.07
2013.06.10 12:13:04.916,0.74071,0.74096,1.50,1.69
2013.06.10 12:13:06.239,0.74071,0.74098,1.50,2.07
2013.06.10 12:13:06.555,0.74066,0.74098,1.69,2.07
2013.06.10 12:13:06.626,0.74072,0.74098,1.50,2.07
2013.06.10 12:13:06.687,0.74072,0.74098,1.50,2.07
2013.06.10 12:13:08.806,0.74072,0.74098,1.50,1.32
2013.06.10 12:13:09.166,0.74067,0.74098,2.44,1.13
2013.06.10 12:13:09.228,0.74071,0.74098,1.50,1.32
2013.06.10 12:13:09.466,0.74076,0.74099,1.50,1.32
2013.06.10 12:13:09.628,0.74072,0.74098,1.50,1.32
2013.06.10 12:13:16.387,0.74076,0.74101,1.50,1.32
2013.06.10 12:13:16.505,0.74076,0.74101,1.50,1.32
2013.06.10 12:13:19.926,0.74077,0.74107,1.32,1.69
2013.06.10 12:13:20.246,0.74081,0.74109,1.50,1.69
2013.06.10 12:13:20.306,0.74081,0.74109,1.50,1.69
2013.06.10 12:13:20.429,0.74081,0.74111,1.50,2.07
2013.06.10 12:13:20.629,0.74083,0.7411,1.50,1.69
2013.06.10 12:13:20.869,0.74081,0.74109,1.50,1.69
2013.06.10 12:13:20.927,0.74082,0.74109,1.50,1.69
2013.06.10 12:13:21.278,0.74086,0.74111,1.50,1.32
2013.06.10 12:13:21.814,0.74086,0.74111,1.50,1.32
2013.06.10 12:13:21.876,0.74084,0.7411,1.50,1.69
2013.06.10 12:13:22.235,0.74087,0.7411,1.50,1.69
2013.06.10 12:13:22.296,0.74087,0.74111,1.50,1.32
2013.06.10 12:13:22.922,0.74087,0.74111,1.50,1.32
2013.06.10 12:13:23.447,0.74084,0.74111,1.69,1.32
2013.06.10 12:13:23.566,0.74082,0.74111,1.69,2.07
2013.06.10 12:13:24.507,0.74082,0.74111,1.69,2.07
2013.06.10 12:13:24.566,0.74086,0.74111,1.50,2.07
2013.06.10 12:13:25.253,0.74082,0.74111,1.69,1.32
2013.06.10 12:13:26.187,0.74082,0.74111,1.69,1.32
2013.06.10 12:13:26.426,0.74077,0.74111,2.07,2.07
2013.06.10 12:13:26.547,0.74077,0.74108,2.07,1.69
2013.06.10 12:13:26.726,0.74077,0.74107,1.88,2.44
2013.06.10 12:13:28.185,0.74077,0.74107,2.07,1.54
2013.06.10 12:13:29.175,0.74081,0.74108,1.50,1.69
2013.06.10 12:13:29.377,0.74077,0.74108,2.07,1.69
2013.06.10 12:13:30.564,0.74077,0.74108,2.07,1.69
2013.06.10 12:13:30.626,0.74084,0.74108,1.50,1.69
2013.06.10 12:13:31.537,0.74082,0.74108,1.50,1.69
2013.06.10 12:13:32.016,0.74084,0.74108,1.50,1.69
2013.06.10 12:13:32.337,0.74084,0.74111,1.50,2.07
2013.06.10 12:13:32.789,0.74082,0.74111,1.50,2.07
2013.06.10 12:13:33.145,0.74084,0.74111,1.50,2.07
2013.06.10 12:13:33.346,0.74082,0.74111,1.50,2.07
2013.06.10 12:13:33.678,0.74082,0.74111,1.50,2.07
2013.06.10 12:13:33.899,0.74082,0.74111,1.50,2.07
2013.06.10 12:13:34.136,0.74082,0.74111,1.50,2.07
2013.06.10 12:13:34.376,0.74082,0.74108,1.50,1.69
2013.06.10 12:13:35.026,0.74082,0.74108,1.50,2.07
2013.06.10 12:13:35.467,0.74082,0.74108,1.50,2.07
2013.06.10 12:13:35.708,0.74076,0.74107,1.69,1.69
2013.06.10 12:13:36.049,0.74076,0.74106,1.50,1.69
2013.06.10 12:13:36.396,0.74081,0.74108,1.50,2.07
2013.06.10 12:13:36.686,0.74084,0.74108,1.50,2.07
2013.06.10 12:13:36.805,0.74083,0.74108,1.50,1.32
2013.06.10 12:13:36.926,0.74081,0.74108,1.50,1.32
2013.06.10 12:13:37.276,0.7408,0.74108,1.50,1.32
2013.06.10 12:13:38.179,0.74081,0.74108,1.50,2.07
2013.06.10 12:13:40.486,0.7408,0.74108,1.69,1.32
2013.06.10 12:13:41.508,0.74081,0.74108,1.69,1.32
2013.06.10 12:13:41.757,0.74077,0.74108,1.69,2.07
2013.06.10 12:13:41.820,0.74077,0.74107,1.50,1.69
2013.06.10 12:13:42.056,0.74077,0.74105,1.50,1.69
2013.06.10 12:13:42.116,0.74077,0.74107,1.50,1.69
2013.06.10 12:13:42.486,0.74078,0.74107,1.50,1.69
2013.06.10 12:13:45.276,0.74082,0.74108,1.50,2.07
2013.06.10 12:13:45.472,0.74082,0.74108,1.50,2.07
2013.06.10 12:13:49.366,0.74082,0.74105,1.50,1.69
2013.06.10 12:13:49.979,0.74081,0.74107,1.50,1.32
2013.06.10 12:13:50.697,0.74076,0.74107,1.69,1.32
2013.06.10 12:13:51.199,0.74076,0.74107,1.69,1.32
2013.06.10 12:13:52.088,0.74076,0.74107,1.69,2.07
2013.06.10 12:13:52.907,0.74079,0.74107,1.50,2.07
2013.06.10 12:13:56.156,0.74077,0.74107,1.50,2.82
2013.06.10 12:13:58.696,0.74079,0.74107,1.50,2.82
2013.06.10 12:13:59.197,0.74081,0.74107,1.50,1.32
2013.06.10 12:14:00.626,0.74081,0.74107,1.69,1.32
2013.06.10 12:14:00.686,0.74082,0.74108,1.50,1.32
2013.06.10 12:14:01.046,0.74082,0.74108,1.50,1.32
2013.06.10 12:14:01.167,0.74082,0.74108,1.50,1.32
2013.06.10 12:14:03.656,0.74081,0.74107,1.50,1.32
2013.06.10 12:14:03.876,0.74081,0.74109,1.50,1.32
2013.06.10 12:14:04.147,0.74081,0.74107,1.50,1.32
2013.06.10 12:14:04.937,0.74081,0.74108,1.50,1.32
2013.06.10 12:14:05.817,0.74081,0.74108,1.50,1.32
2013.06.10 12:14:06.366,0.74081,0.74109,1.50,1.32
2013.06.10 12:14:06.991,0.74087,0.7411,1.50,1.32
2013.06.10 12:14:14.139,0.74086,0.74109,1.50,1.32
2013.06.10 12:14:14.646,0.74083,0.74109,1.50,2.44
2013.06.10 12:14:15.006,0.74083,0.74109,1.50,1.69
2013.06.10 12:14:15.606,0.74086,0.74114,1.50,2.44
2013.06.10 12:14:15.926,0.74086,0.74116,1.50,1.69
2013.06.10 12:14:15.986,0.74087,0.74116,1.69,1.32
2013.06.10 12:14:16.326,0.74091,0.74119,1.69,1.92
2013.06.10 12:14:17.769,0.74087,0.74115,2.44,1.13
2013.06.10 12:14:17.828,0.74087,0.74115,2.44,1.13
2013.06.10 12:14:18.007,0.74087,0.74115,1.69,1.32
2013.06.10 12:14:18.127,0.74087,0.74115,1.50,2.07
2013.06.10 12:14:18.568,0.74091,0.74119,1.50,2.82
2013.06.10 12:14:18.956,0.74091,0.74119,1.50,2.07
2013.06.10 12:14:19.496,0.7409,0.7412,1.50,1.32
2013.06.10 12:14:19.737,0.7409,0.74115,1.50,1.13
2013.06.10 12:14:20.296,0.74086,0.74115,1.50,2.07
2013.06.10 12:14:20.619,0.74087,0.74113,1.50,1.69
2013.06.10 12:14:22.766,0.7409,0.74115,1.50,1.32
2013.06.10 12:14:23.009,0.74091,0.74119,1.50,1.32
2013.06.10 12:14:23.195,0.74091,0.74119,1.50,1.32
2013.06.10 12:14:24.829,0.74091,0.74115,1.69,1.13
2013.06.10 12:14:25.187,0.7409,0.74115,1.50,2.29
2013.06.10 12:14:25.437,0.7409,0.74118,1.50,2.07
2013.06.10 12:14:25.796,0.7409,0.74115,2.44,1.13
2013.06.10 12:14:25.976,0.7409,0.74115,1.69,1.13
2013.06.10 12:14:26.147,0.7409,0.74118,1.69,1.88
2013.06.10 12:14:26.759,0.7409,0.74115,1.69,1.13
2013.06.10 12:14:28.635,0.7409,0.74118,1.69,2.07
2013.06.10 12:14:29.296,0.7409,0.74115,1.69,1.13
2013.06.10 12:14:29.536,0.74087,0.74115,1.50,2.07
2013.06.10 12:14:29.937,0.74086,0.74115,1.69,2.07
2013.06.10 12:14:32.516,0.74087,0.74115,1.50,2.07
2013.06.10 12:14:32.955,0.74089,0.74115,1.50,1.32
2013.06.10 12:14:36.956,0.74083,0.74115,2.07,1.32
2013.06.10 12:14:37.258,0.74086,0.74115,1.69,1.32
2013.06.10 12:14:37.417,0.74086,0.74115,1.69,1.32
2013.06.10 12:14:39.038,0.74086,0.74115,2.44,1.13
2013.06.10 12:14:40.385,0.74085,0.74113,1.69,1.50
2013.06.10 12:14:40.450,0.74085,0.74114,1.69,1.50
2013.06.10 12:14:40.566,0.74083,0.74113,1.32,1.69
2013.06.10 12:14:40.936,0.74083,0.74113,2.07,1.69
2013.06.10 12:14:41.486,0.74083,0.7411,2.07,1.35
2013.06.10 12:14:42.077,0.74083,0.74113,2.07,1.54
2013.06.10 12:14:42.376,0.74091,0.74115,1.50,1.32
2013.06.10 12:14:46.529,0.74091,0.74115,1.50,1.13
2013.06.10 12:14:46.855,0.74094,0.74115,1.69,1.13
2013.06.10 12:14:46.916,0.74095,0.74121,1.69,1.73
2013.06.10 12:14:48.086,0.74096,0.74122,1.69,1.13
2013.06.10 12:14:49.117,0.74096,0.74123,1.69,1.13
2013.06.10 12:14:49.656,0.741,0.74127,2.44,1.35
2013.06.10 12:14:50.807,0.741,0.74127,1.69,1.35
2013.06.10 12:14:53.538,0.74099,0.74127,1.69,1.32
2013.06.10 12:14:55.040,0.74099,0.74127,1.69,1.13
2013.06.10 12:14:55.756,0.74096,0.74122,1.69,1.13
2013.06.10 12:14:56.076,0.74093,0.74122,1.69,1.32
2013.06.10 12:14:56.197,0.74091,0.74121,1.69,1.69
2013.06.10 12:14:57.356,0.74095,0.74122,1.69,1.17
2013.06.10 12:14:57.536,0.74095,0.74119,1.69,1.35
2013.06.10 12:14:58.137,0.74094,0.74119,1.69,1.35
2013.06.10 12:14:58.687,0.74092,0.74115,1.69,1.13
2013.06.10 12:14:58.806,0.74088,0.74115,1.69,1.13
2013.06.10 12:14:59.466,0.74088,0.74113,1.69,1.35
2013.06.10 12:14:59.826,0.74087,0.7411,1.69,1.35
2013.06.10 12:15:00.185,0.74083,0.74107,1.69,1.13
2013.06.10 12:15:00.426,0.74082,0.74106,1.69,1.35
2013.06.10 12:15:00.545,0.74083,0.74108,1.69,1.73
2013.06.10 12:15:01.176,0.74078,0.74106,1.69,1.54
2013.06.10 12:15:01.714,0.74076,0.74099,1.69,1.73
2013.06.10 12:15:01.880,0.74076,0.74103,1.69,1.13
2013.06.10 12:15:02.115,0.74076,0.74107,2.44,1.32
2013.06.10 12:15:02.178,0.74081,0.74109,1.69,1.92
2013.06.10 12:15:02.247,0.74082,0.74109,1.69,1.73
2013.06.10 12:15:02.606,0.74086,0.74114,1.69,1.69
2013.06.10 12:15:02.666,0.74086,0.74114,2.44,1.69
2013.06.10 12:15:02.976,0.74084,0.74109,1.69,1.13
2013.06.10 12:15:03.336,0.74089,0.74114,1.69,1.13
2013.06.10 12:15:03.457,0.74089,0.74114,1.69,1.13
2013.06.10 12:15:03.548,0.74089,0.74114,1.69,1.13
2013.06.10 12:15:04.206,0.74089,0.74114,1.69,1.13
2013.06.10 12:15:05.136,0.74089,0.74114,1.69,1.13
2013.06.10 12:15:05.327,0.74089,0.74114,1.69,1.13
2013.06.10 12:15:05.386,0.74089,0.74114,1.69,1.13
2013.06.10 12:15:05.536,0.74089,0.74114,1.69,1.13
2013.06.10 12:15:06.628,0.74089,0.74116,1.69,1.13
2013.06.10 12:15:07.321,0.74087,0.74115,1.69,1.69
2013.06.10 12:15:07.376,0.74087,0.74115,2.44,1.69
2013.06.10 12:15:09.536,0.74087,0.74115,2.44,1.50
2013.06.10 12:15:10.424,0.74087,0.74115,2.44,1.50
2013.06.10 12:15:10.606,0.74087,0.74115,1.69,1.50
2013.06.10 12:15:10.846,0.74083,0.74114,1.69,1.69
2013.06.10 12:15:11.457,0.74082,0.74114,2.44,1.69
2013.06.10 12:15:11.956,0.74083,0.74109,1.69,1.73
2013.06.10 12:15:12.287,0.74083,0.74109,2.44,1.73
2013.06.10 12:15:13.166,0.74084,0.74113,1.69,1.32
2013.06.10 12:15:13.226,0.74084,0.74113,1.69,1.32
2013.06.10 12:15:15.058,0.74083,0.74109,1.69,1.13
2013.06.10 12:15:15.597,0.74082,0.74109,1.69,1.13
2013.06.10 12:15:16.867,0.74083,0.74109,1.69,1.13
2013.06.10 12:15:16.986,0.74082,0.74109,2.44,1.13
2013.06.10 12:15:17.046,0.74083,0.74109,1.69,1.13
2013.06.10 12:15:19.012,0.74085,0.74113,1.69,1.32
2013.06.10 12:15:19.589,0.74083,0.74109,1.69,1.13
2013.06.10 12:15:20.708,0.74083,0.74109,1.69,1.13
2013.06.10 12:15:22.466,0.74083,0.74109,1.69,1.13
2013.06.10 12:15:24.206,0.74084,0.74109,1.69,1.13
2013.06.10 12:15:26.573,0.74086,0.74109,1.69,1.13
2013.06.10 12:15:32.667,0.74086,0.74111,1.69,1.13
2013.06.10 12:15:32.888,0.74083,0.74111,1.69,1.13
2013.06.10 12:15:33.517,0.74083,0.74111,1.69,1.13
2013.06.10 12:15:36.497,0.74083,0.74111,1.69,1.13
2013.06.10 12:15:40.566,0.74083,0.74111,1.69,1.13
2013.06.10 12:15:41.000,0.74083,0.74111,1.69,1.13
2013.06.10 12:15:41.516,0.74083,0.74111,1.69,1.13
2013.06.10 12:15:43.229,0.74083,0.74113,1.69,2.07
2013.06.10 12:15:44.435,0.74082,0.74111,1.69,1.73
2013.06.10 12:15:45.566,0.74083,0.74111,1.69,1.73
2013.06.10 12:15:45.766,0.74081,0.74111,1.69,1.92
2013.06.10 12:15:47.157,0.74081,0.74111,1.69,1.92
2013.06.10 12:15:49.655,0.74081,0.74111,1.69,1.92
2013.06.10 12:15:52.197,0.74079,0.74111,1.32,1.92
2013.06.10 12:15:52.870,0.74082,0.74111,1.69,1.92
2013.06.10 12:15:55.447,0.74084,0.74111,1.50,1.92
2013.06.10 12:15:57.757,0.74079,0.74109,1.69,1.69
2013.06.10 12:15:58.367,0.74079,0.74109,1.69,1.69
2013.06.10 12:16:00.502,0.74079,0.74109,2.44,1.69
2013.06.10 12:16:02.215,0.74079,0.74109,1.69,1.69
2013.06.10 12:16:04.907,0.74079,0.74107,1.69,1.69
2013.06.10 12:16:09.547,0.7408,0.74106,1.69,1.35
2013.06.10 12:16:13.289,0.7408,0.74106,1.69,1.35
2013.06.10 12:16:13.406,0.7408,0.74108,1.69,1.17
2013.06.10 12:16:13.578,0.74083,0.74113,1.50,3.04
2013.06.10 12:16:14.058,0.7409,0.74114,1.50,1.73
2013.06.10 12:16:14.256,0.7409,0.74119,1.88,1.50
2013.06.10 12:16:14.316,0.74092,0.74124,1.69,1.32
2013.06.10 12:16:14.805,0.74091,0.74122,1.69,1.69
2013.06.10 12:16:15.291,0.74091,0.74124,1.69,2.07
2013.06.10 12:16:15.346,0.7409,0.7412,1.32,1.69
2013.06.10 12:16:15.766,0.74092,0.74123,1.69,1.69
2013.06.10 12:16:16.186,0.7409,0.74119,2.07,1.50
2013.06.10 12:16:18.096,0.7409,0.74119,1.32,1.69
2013.06.10 12:16:19.694,0.7409,0.74119,1.13,1.69
2013.06.10 12:16:19.996,0.7409,0.74118,1.13,1.54
2013.06.10 12:16:21.007,0.74087,0.74115,2.07,1.50
2013.06.10 12:16:28.395,0.7409,0.7412,1.13,1.69
2013.06.10 12:16:30.336,0.74089,0.7412,1.69,2.07
2013.06.10 12:16:30.536,0.74092,0.7412,1.69,1.13
2013.06.10 12:16:31.086,0.74091,0.7412,1.69,1.32
2013.06.10 12:16:31.146,0.74091,0.7412,1.69,1.32
2013.06.10 12:16:31.386,0.74091,0.7412,1.69,1.13
2013.06.10 12:16:31.506,0.74091,0.7412,1.69,1.32
2013.06.10 12:16:37.787,0.74091,0.7412,1.69,1.32
2013.06.10 12:16:39.193,0.74091,0.7412,1.69,1.32
2013.06.10 12:16:41.570,0.74091,0.7412,1.69,1.32
2013.06.10 12:16:43.587,0.74091,0.7412,1.69,1.32
2013.06.10 12:16:44.156,0.74088,0.74118,2.44,1.50
2013.06.10 12:16:44.990,0.74088,0.74118,1.69,2.07
2013.06.10 12:16:49.367,0.74087,0.74117,1.69,1.69
2013.06.10 12:16:49.917,0.74088,0.74118,1.69,1.32
2013.06.10 12:16:50.288,0.74092,0.74119,1.69,1.32
2013.06.10 12:16:50.736,0.74088,0.74118,1.69,1.32
2013.06.10 12:16:53.893,0.74085,0.74113,1.69,1.50
2013.06.10 12:16:54.278,0.74084,0.74114,2.07,1.50
2013.06.10 12:16:54.438,0.74084,0.74114,2.07,1.50
2013.06.10 12:16:54.616,0.74084,0.74114,2.82,1.50
2013.06.10 12:16:54.797,0.74087,0.74118,1.69,2.07
2013.06.10 12:16:56.241,0.74089,0.74118,1.69,1.88
2013.06.10 12:16:57.528,0.74089,0.74118,1.69,1.88
2013.06.10 12:16:57.587,0.74087,0.74118,1.69,1.88
2013.06.10 12:16:57.767,0.74084,0.74118,2.07,4.32
2013.06.10 12:16:57.947,0.74084,0.74113,1.32,1.50
2013.06.10 12:16:58.187,0.74084,0.74113,1.32,1.50
2013.06.10 12:16:59.676,0.74082,0.74113,1.32,1.69
2013.06.10 12:17:01.897,0.74082,0.74113,2.07,1.69
2013.06.10 12:17:02.276,0.74085,0.74111,1.69,1.50
2013.06.10 12:17:02.586,0.74082,0.74111,1.32,1.50
2013.06.10 12:17:02.876,0.74082,0.74111,2.07,1.50
2013.06.10 12:17:03.386,0.74082,0.74111,2.07,1.50
2013.06.10 12:17:03.447,0.74086,0.74111,1.69,1.50
2013.06.10 12:17:03.506,0.74084,0.74111,1.69,1.50
2013.06.10 12:17:03.837,0.74085,0.74111,1.69,1.50
2013.06.10 12:17:03.900,0.74085,0.74114,1.69,1.88
2013.06.10 12:17:05.647,0.74082,0.74111,1.32,1.50
2013.06.10 12:17:06.446,0.74082,0.74111,1.32,1.50
2013.06.10 12:17:08.713,0.74082,0.74111,1.32,1.69
2013.06.10 12:17:08.836,0.74081,0.74109,1.32,1.50
2013.06.10 12:17:12.336,0.74079,0.74108,2.07,1.50
2013.06.10 12:17:13.346,0.7408,0.74108,1.32,1.50
2013.06.10 12:17:15.456,0.74079,0.74108,1.32,1.50
2013.06.10 12:17:18.038,0.74081,0.74108,1.32,1.50
2013.06.10 12:17:19.437,0.7408,0.74108,1.32,1.50
2013.06.10 12:17:21.336,0.74082,0.74108,1.32,1.50
2013.06.10 12:17:21.397,0.74082,0.74108,2.07,1.50
2013.06.10 12:17:21.909,0.74084,0.74114,1.69,1.13
2013.06.10 12:17:22.407,0.74082,0.74113,2.07,1.69
2013.06.10 12:17:23.766,0.74082,0.74114,2.07,2.07
2013.06.10 12:17:24.826,0.74084,0.74114,1.69,2.07
2013.06.10 12:17:24.886,0.74085,0.74114,1.69,1.88
2013.06.10 12:17:26.158,0.74082,0.74113,1.32,1.50
2013.06.10 12:17:27.998,0.74081,0.74113,2.07,1.69
2013.06.10 12:17:30.498,0.74083,0.74113,1.32,1.69
2013.06.10 12:17:32.200,0.74083,0.74113,1.13,1.69
2013.06.10 12:17:32.376,0.74076,0.74106,2.07,1.69
2013.06.10 12:17:32.776,0.74076,0.74108,2.07,2.07
2013.06.10 12:17:33.216,0.74076,0.74108,2.82,1.32
2013.06.10 12:17:33.448,0.74082,0.74108,1.69,1.13
2013.06.10 12:17:34.608,0.74085,0.74113,1.13,2.07
2013.06.10 12:17:34.666,0.74086,0.74113,1.13,1.32
2013.06.10 12:17:34.726,0.74086,0.74113,1.32,1.13
2013.06.10 12:17:34.906,0.74084,0.74114,1.32,1.50
2013.06.10 12:17:35.206,0.74087,0.74118,1.32,2.44
2013.06.10 12:17:35.698,0.74087,0.74116,1.32,1.69
2013.06.10 12:17:36.027,0.74093,0.74119,1.69,1.73
2013.06.10 12:17:36.236,0.74093,0.74119,3.19,1.73
2013.06.10 12:17:36.537,0.74097,0.74119,2.25,1.13
2013.06.10 12:17:36.919,0.74098,0.74119,1.69,1.13
2013.06.10 12:17:37.436,0.74098,0.74123,1.69,1.13
2013.06.10 12:17:38.390,0.74098,0.74119,1.69,1.13
2013.06.10 12:17:38.896,0.74097,0.74119,2.44,1.13
2013.06.10 12:17:39.629,0.74096,0.74119,2.44,1.13
2013.06.10 12:17:40.276,0.74096,0.74119,2.44,1.88
2013.06.10 12:17:40.478,0.74095,0.74119,2.44,1.88
2013.06.10 12:17:41.178,0.74094,0.74119,2.44,1.88
2013.06.10 12:17:41.248,0.74092,0.74119,2.44,1.88
2013.06.10 12:17:42.006,0.74092,0.74114,2.44,1.50
2013.06.10 12:17:42.066,0.74088,0.74114,2.44,1.50
2013.06.10 12:17:42.126,0.74088,0.74114,2.44,1.50
2013.06.10 12:17:42.186,0.74082,0.74109,2.44,1.50
2013.06.10 12:17:42.440,0.74085,0.74112,1.69,1.13
2013.06.10 12:17:42.747,0.74077,0.74103,1.69,1.50
2013.06.10 12:17:43.105,0.74073,0.74099,2.44,1.50
2013.06.10 12:17:43.626,0.74073,0.74104,2.44,1.88
2013.06.10 12:17:43.686,0.74078,0.74103,1.69,1.50
2013.06.10 12:17:44.458,0.74077,0.74103,1.69,1.50
2013.06.10 12:17:44.806,0.74077,0.74103,1.69,1.50
2013.06.10 12:17:44.867,0.74077,0.74103,1.69,1.50
2013.06.10 12:17:44.987,0.74077,0.74104,1.69,1.13
2013.06.10 12:17:45.247,0.74076,0.74104,1.69,1.88
2013.06.10 12:17:45.496,0.74077,0.74104,1.69,1.13
2013.06.10 12:17:45.817,0.74077,0.74104,1.69,1.13
2013.06.10 12:17:46.136,0.74076,0.74103,1.69,1.50
2013.06.10 12:17:46.378,0.74077,0.74104,1.69,1.13
2013.06.10 12:17:46.887,0.74079,0.74104,1.69,1.13
2013.06.10 12:17:46.946,0.74078,0.74104,1.50,2.07
2013.06.10 12:17:47.087,0.74076,0.74102,1.50,1.69
2013.06.10 12:17:47.152,0.74073,0.74102,1.69,1.69
2013.06.10 12:17:47.222,0.74077,0.74099,1.50,1.69
2013.06.10 12:17:47.769,0.74077,0.74101,1.50,1.69
2013.06.10 12:17:48.076,0.74077,0.74106,1.50,2.07
2013.06.10 12:17:48.136,0.74079,0.74107,1.50,1.32
2013.06.10 12:17:48.346,0.74081,0.74109,1.50,1.32
2013.06.10 12:17:50.038,0.74081,0.74109,1.69,1.32
2013.06.10 12:17:50.589,0.74077,0.74106,1.69,1.32
2013.06.10 12:17:50.896,0.74077,0.74106,1.69,1.32
2013.06.10 12:17:52.957,0.74077,0.74106,1.50,1.69
2013.06.10 12:17:53.295,0.74077,0.74106,1.50,1.69
2013.06.10 12:17:53.678,0.7408,0.74108,1.50,2.67
2013.06.10 12:17:54.406,0.74074,0.74108,1.69,2.67
2013.06.10 12:17:54.466,0.74072,0.74102,2.44,1.50
2013.06.10 12:17:54.647,0.7407,0.741,1.32,1.69
2013.06.10 12:17:54.707,0.7407,0.741,1.32,2.44
2013.06.10 12:17:55.216,0.74072,0.74101,1.50,3.79
2013.06.10 12:17:55.337,0.74073,0.74101,1.50,1.69
2013.06.10 12:17:55.399,0.74072,0.74101,1.69,1.69
2013.06.10 12:17:55.697,0.74075,0.74105,1.69,2.07
2013.06.10 12:17:55.816,0.74071,0.74105,1.69,2.07
2013.06.10 12:17:56.377,0.74072,0.74104,1.69,1.69
2013.06.10 12:17:56.559,0.74072,0.74105,1.69,2.07
2013.06.10 12:17:56.867,0.74076,0.74105,1.32,1.69
2013.06.10 12:17:56.989,0.74076,0.74105,2.07,1.69
2013.06.10 12:17:59.036,0.74076,0.74106,1.32,1.69
2013.06.10 12:17:59.156,0.74076,0.74106,1.32,1.69
2013.06.10 12:17:59.276,0.74076,0.74104,1.32,1.69
2013.06.10 12:17:59.443,0.74076,0.74104,2.07,1.50
2013.06.10 12:17:59.509,0.74076,0.74104,2.07,1.50
2013.06.10 12:17:59.566,0.74076,0.74104,1.32,1.50
2013.06.10 12:17:59.986,0.74074,0.74104,1.32,1.69
2013.06.10 12:18:00.347,0.74072,0.74102,2.07,1.69
2013.06.10 12:18:01.032,0.74076,0.74106,1.32,1.69
2013.06.10 12:18:01.766,0.74076,0.74106,1.32,1.69
2013.06.10 12:18:03.657,0.74076,0.74106,2.07,1.69
2013.06.10 12:18:03.837,0.74076,0.74106,2.82,1.69
2013.06.10 12:18:03.897,0.74079,0.74109,1.69,1.69
2013.06.10 12:18:04.016,0.74081,0.74112,1.69,1.69
2013.06.10 12:18:04.196,0.74083,0.74112,1.69,1.50
2013.06.10 12:18:04.486,0.74083,0.74113,1.69,1.69
2013.06.10 12:18:06.277,0.74083,0.74113,1.32,1.69
2013.06.10 12:18:06.396,0.74082,0.74113,1.32,1.69
2013.06.10 12:18:06.516,0.74083,0.74113,1.32,1.69
2013.06.10 12:18:07.016,0.74082,0.74113,1.32,1.69
2013.06.10 12:18:07.077,0.74082,0.7411,1.32,1.69
2013.06.10 12:18:08.257,0.74082,0.74108,1.32,1.50
2013.06.10 12:18:09.287,0.74082,0.74108,1.13,1.69
2013.06.10 12:18:09.668,0.74076,0.74106,2.44,1.69
2013.06.10 12:18:09.728,0.74076,0.74104,2.07,1.50
2013.06.10 12:18:10.368,0.74076,0.74108,1.32,1.69
2013.06.10 12:18:10.587,0.74076,0.74104,1.32,1.50
2013.06.10 12:18:10.706,0.74076,0.74104,1.32,1.50
2013.06.10 12:18:12.187,0.74076,0.74109,1.32,1.69
2013.06.10 12:18:12.246,0.74078,0.74109,1.69,1.69
2013.06.10 12:18:12.606,0.74076,0.74109,2.07,1.69
2013.06.10 12:18:13.461,0.74076,0.74104,2.07,1.50
2013.06.10 12:18:14.700,0.74076,0.74104,2.07,1.50
2013.06.10 12:18:15.136,0.74076,0.74107,2.07,1.69
2013.06.10 12:18:15.539,0.74077,0.74108,1.69,1.69
2013.06.10 12:18:16.118,0.74077,0.74108,1.69,1.69
2013.06.10 12:18:17.774,0.74076,0.74108,2.07,1.69
2013.06.10 12:18:17.897,0.74076,0.74103,2.07,1.50
2013.06.10 12:18:18.019,0.74076,0.74103,1.32,1.50
2013.06.10 12:18:18.327,0.74074,0.74105,1.50,1.69
2013.06.10 12:18:18.610,0.74071,0.74103,1.69,1.69
2013.06.10 12:18:20.297,0.74074,0.74104,1.50,1.69
2013.06.10 12:18:20.839,0.74074,0.74104,1.69,1.69
2013.06.10 12:18:21.388,0.74072,0.74105,1.69,1.69
2013.06.10 12:18:21.728,0.74074,0.74105,1.69,1.69
2013.06.10 12:18:22.827,0.74074,0.74105,1.69,1.69
2013.06.10 12:18:22.960,0.74074,0.74105,2.44,1.69
2013.06.10 12:18:24.642,0.74074,0.74104,1.69,1.69
2013.06.10 12:18:25.157,0.74073,0.741,1.69,1.50
2013.06.10 12:18:25.477,0.74076,0.74108,1.32,1.69
2013.06.10 12:18:25.979,0.74076,0.74103,1.32,1.50
2013.06.10 12:18:26.727,0.74076,0.74108,1.32,1.69
2013.06.10 12:18:27.302,0.74076,0.74108,1.32,1.69
2013.06.10 12:18:27.503,0.74076,0.74108,1.32,1.69
2013.06.10 12:18:28.376,0.74072,0.74101,2.07,1.50
2013.06.10 12:18:29.127,0.74072,0.74098,2.07,1.50
2013.06.10 12:18:37.907,0.7407,0.74097,1.32,1.50
2013.06.10 12:18:39.889,0.74071,0.74099,1.32,1.50
2013.06.10 12:18:40.008,0.74071,0.74099,1.32,1.50
2013.06.10 12:18:40.128,0.74071,0.74099,1.32,1.69
2013.06.10 12:18:40.248,0.74067,0.74094,1.69,1.50
2013.06.10 12:18:40.366,0.74067,0.74094,1.69,1.50
2013.06.10 12:18:40.867,0.74066,0.74094,2.44,1.50
2013.06.10 12:18:41.314,0.74066,0.74092,1.69,1.50
2013.06.10 12:18:43.486,0.74061,0.74088,2.07,1.50
2013.06.10 12:18:43.546,0.74061,0.74088,1.32,1.50
2013.06.10 12:18:43.726,0.74061,0.74088,1.32,1.50
2013.06.10 12:18:43.846,0.74061,0.74088,1.32,1.50
2013.06.10 12:18:46.296,0.74061,0.74088,1.32,1.50
2013.06.10 12:18:46.601,0.74056,0.74079,1.32,1.50
2013.06.10 12:18:46.658,0.74051,0.74079,1.69,1.50
2013.06.10 12:18:46.717,0.7405,0.74078,2.07,1.50
2013.06.10 12:18:46.777,0.7405,0.74078,1.32,1.69
2013.06.10 12:18:46.957,0.74047,0.74078,1.32,2.44
2013.06.10 12:18:47.306,0.74047,0.74073,1.32,1.35
2013.06.10 12:18:47.546,0.74047,0.74078,1.32,1.69
2013.06.10 12:18:48.808,0.74047,0.74078,1.32,1.69
2013.06.10 12:18:48.947,0.74047,0.74079,1.32,1.69
2013.06.10 12:18:49.311,0.74049,0.74083,1.69,2.07
2013.06.10 12:18:49.568,0.74049,0.74083,1.69,2.82
2013.06.10 12:18:49.898,0.74055,0.74084,1.32,1.69
2013.06.10 12:18:54.339,0.74055,0.74084,2.07,1.50
2013.06.10 12:18:55.356,0.74055,0.74084,2.07,1.50
2013.06.10 12:18:56.627,0.74055,0.74084,2.07,1.69
2013.06.10 12:18:59.147,0.74055,0.74084,1.32,1.69
2013.06.10 12:18:59.386,0.74051,0.74081,1.50,1.69
2013.06.10 12:19:01.719,0.7405,0.74079,1.69,1.50
2013.06.10 12:19:03.922,0.74051,0.74079,1.69,1.69
2013.06.10 12:19:05.188,0.74051,0.74079,1.69,1.50
2013.06.10 12:19:05.546,0.74052,0.7408,1.69,1.50
2013.06.10 12:19:05.747,0.74053,0.74081,1.69,1.35
2013.06.10 12:19:06.085,0.74049,0.74076,1.69,1.50
2013.06.10 12:19:06.208,0.74047,0.74073,2.07,1.50
2013.06.10 12:19:06.386,0.74045,0.74073,1.69,1.50
2013.06.10 12:19:06.906,0.74038,0.74073,2.44,2.44
2013.06.10 12:19:08.637,0.74038,0.74068,2.44,1.69
2013.06.10 12:19:09.657,0.74038,0.74073,2.44,1.69
2013.06.10 12:19:11.027,0.74038,0.74068,1.69,1.69
2013.06.10 12:19:11.578,0.74038,0.74073,1.69,1.69
2013.06.10 12:19:16.538,0.74038,0.74072,1.69,1.54
2013.06.10 12:19:17.426,0.74034,0.74065,1.69,1.69
2013.06.10 12:19:17.487,0.74034,0.74064,1.50,1.69
2013.06.10 12:19:17.848,0.74028,0.74063,1.69,1.69
2013.06.10 12:19:17.968,0.74028,0.74058,1.69,1.50
2013.06.10 12:19:19.697,0.74027,0.74058,1.69,1.69
2013.06.10 12:19:20.537,0.74028,0.74058,1.69,1.50
2013.06.10 12:19:20.709,0.74027,0.74056,1.69,1.50
2013.06.10 12:19:20.827,0.74027,0.74056,1.69,1.50
2013.06.10 12:19:21.327,0.74026,0.74058,1.69,1.69
2013.06.10 12:19:21.906,0.74029,0.74058,1.69,1.69
2013.06.10 12:19:23.095,0.74027,0.74058,1.69,1.50
2013.06.10 12:19:26.666,0.74028,0.74058,1.69,1.50
2013.06.10 12:19:28.156,0.74027,0.74058,1.69,1.50
2013.06.10 12:19:29.326,0.74027,0.74063,1.69,2.44
2013.06.10 12:19:29.918,0.74028,0.74058,1.69,1.50
2013.06.10 12:19:30.157,0.74034,0.74064,1.69,1.69
2013.06.10 12:19:30.318,0.74034,0.74068,1.69,2.44
2013.06.10 12:19:30.496,0.74037,0.74068,1.69,1.69
2013.06.10 12:19:30.638,0.74036,0.74068,1.69,1.69
2013.06.10 12:19:30.908,0.7404,0.74068,1.50,1.69
2013.06.10 12:19:30.968,0.74041,0.74071,1.50,1.69
2013.06.10 12:19:31.416,0.74041,0.74072,1.69,1.69
2013.06.10 12:19:31.679,0.74041,0.74074,1.69,1.69
2013.06.10 12:19:31.898,0.74041,0.74072,1.69,1.69
2013.06.10 12:19:32.229,0.74041,0.74073,1.69,1.69
2013.06.10 12:19:32.907,0.74044,0.74074,1.69,1.69
2013.06.10 12:19:32.966,0.74045,0.7408,1.69,1.69
2013.06.10 12:19:33.147,0.74045,0.74074,1.69,1.50
2013.06.10 12:19:33.657,0.74044,0.74074,1.69,1.50
2013.06.10 12:19:35.363,0.74046,0.74074,1.69,1.50
2013.06.10 12:19:35.588,0.74047,0.74076,1.69,1.69
2013.06.10 12:19:35.777,0.74043,0.74073,1.69,1.50
2013.06.10 12:19:38.106,0.74046,0.74073,1.32,1.50
2013.06.10 12:19:39.257,0.74046,0.74073,1.32,1.50
2013.06.10 12:19:39.561,0.74038,0.74064,1.32,1.50
2013.06.10 12:19:39.616,0.74036,0.74064,1.32,1.50
2013.06.10 12:19:39.796,0.74036,0.74064,1.32,1.69
2013.06.10 12:19:40.036,0.74032,0.74064,1.69,1.69
2013.06.10 12:19:41.499,0.74032,0.74064,1.69,1.69
2013.06.10 12:19:41.556,0.74036,0.74065,1.69,1.54
2013.06.10 12:19:41.717,0.74036,0.74065,1.69,1.54
2013.06.10 12:19:42.249,0.74034,0.74065,1.69,1.54
2013.06.10 12:19:42.689,0.74036,0.74065,1.69,1.54
2013.06.10 12:19:43.276,0.74034,0.74064,1.69,1.50
2013.06.10 12:19:43.640,0.74032,0.74062,1.69,1.50
2013.06.10 12:19:44.209,0.74032,0.74062,1.69,1.50
2013.06.10 12:19:44.811,0.74031,0.74062,2.44,1.69
2013.06.10 12:19:44.866,0.74031,0.74062,1.69,1.69
2013.06.10 12:19:45.646,0.7403,0.74059,1.69,1.69
2013.06.10 12:19:46.368,0.7403,0.74059,1.69,1.50
2013.06.10 12:19:47.832,0.74031,0.74062,1.69,1.69
2013.06.10 12:19:48.047,0.74031,0.74064,1.69,1.69
2013.06.10 12:19:48.168,0.74036,0.74064,1.69,1.69
2013.06.10 12:19:48.407,0.74036,0.74064,1.69,1.50
2013.06.10 12:19:48.706,0.74038,0.74069,2.82,1.50
2013.06.10 12:19:48.967,0.74038,0.74069,2.07,1.69
2013.06.10 12:19:49.086,0.74038,0.74069,2.82,1.69
2013.06.10 12:19:49.787,0.74038,0.74067,2.07,1.50
2013.06.10 12:19:50.434,0.74038,0.74067,1.32,1.69
2013.06.10 12:19:51.493,0.74038,0.74067,2.07,1.50
2013.06.10 12:19:54.288,0.74038,0.74067,2.07,1.50
2013.06.10 12:19:54.426,0.7404,0.74068,1.69,1.50
2013.06.10 12:19:54.840,0.7404,0.74068,1.69,1.50
2013.06.10 12:19:55.177,0.74035,0.74064,2.07,1.50
2013.06.10 12:19:55.355,0.74036,0.74064,1.32,1.50
2013.06.10 12:20:00.312,0.74036,0.74064,2.07,1.50
2013.06.10 12:20:00.497,0.74033,0.74064,1.32,2.29
2013.06.10 12:20:00.558,0.74033,0.74064,1.32,2.29
2013.06.10 12:20:00.618,0.74032,0.74064,1.69,2.29
2013.06.10 12:20:01.337,0.74031,0.74058,1.69,1.50
2013.06.10 12:20:01.577,0.7403,0.74058,1.32,1.50
2013.06.10 12:20:01.877,0.74026,0.74058,1.69,1.69
2013.06.10 12:20:02.176,0.74025,0.74054,1.69,1.69
2013.06.10 12:20:02.597,0.74027,0.74055,1.50,1.69
2013.06.10 12:20:03.137,0.74026,0.74055,1.69,1.69
2013.06.10 12:20:03.798,0.74026,0.74055,1.69,1.69
2013.06.10 12:20:04.108,0.74026,0.74057,1.69,1.54
2013.06.10 12:20:06.707,0.74026,0.74057,1.69,1.69
2013.06.10 12:20:08.176,0.74023,0.74056,1.69,1.69
2013.06.10 12:20:08.756,0.74023,0.74054,1.69,1.69
2013.06.10 12:20:09.337,0.74023,0.74054,2.44,1.69
2013.06.10 12:20:09.596,0.74023,0.74054,1.69,1.69
2013.06.10 12:20:11.117,0.74023,0.74054,1.69,3.04
2013.06.10 12:20:11.436,0.74022,0.74054,1.32,3.04
2013.06.10 12:20:11.776,0.74022,0.74051,1.13,1.69
2013.06.10 12:20:12.286,0.74019,0.74049,1.69,2.44
2013.06.10 12:20:14.447,0.74019,0.74048,1.69,1.54
2013.06.10 12:20:14.998,0.74016,0.74046,1.69,1.69
2013.06.10 12:20:15.640,0.74016,0.74046,1.69,1.69
2013.06.10 12:20:15.697,0.74016,0.74047,1.69,1.54
2013.06.10 12:20:16.270,0.74016,0.74047,1.69,1.54
2013.06.10 12:20:17.437,0.74017,0.74047,1.50,1.54
2013.06.10 12:20:18.118,0.74016,0.74047,1.69,1.54
2013.06.10 12:20:20.108,0.74016,0.74047,1.69,1.54
2013.06.10 12:20:21.167,0.74016,0.74046,1.69,1.69
2013.06.10 12:20:22.657,0.74016,0.74046,1.69,1.69
2013.06.10 12:20:23.216,0.74016,0.74046,1.69,1.69
2013.06.10 12:20:25.258,0.74016,0.74046,1.69,1.69
2013.06.10 12:20:26.157,0.74016,0.74046,1.69,1.69
2013.06.10 12:20:26.336,0.74016,0.74046,2.44,1.69
2013.06.10 12:20:26.687,0.74017,0.74045,1.69,1.50
2013.06.10 12:20:27.220,0.74016,0.74045,1.69,1.69
2013.06.10 12:20:29.020,0.74016,0.74045,2.44,1.50
2013.06.10 12:20:29.427,0.74016,0.74049,2.44,1.69
2013.06.10 12:20:30.330,0.74016,0.74047,1.69,1.69
2013.06.10 12:20:31.476,0.74014,0.74044,1.32,1.69
2013.06.10 12:20:31.786,0.74014,0.74044,1.32,2.44
2013.06.10 12:20:32.076,0.74014,0.74044,1.32,1.69
2013.06.10 12:20:32.172,0.74014,0.74044,1.32,1.69
2013.06.10 12:20:32.457,0.74016,0.74044,1.35,1.50
2013.06.10 12:20:32.711,0.74021,0.74044,1.13,1.50
2013.06.10 12:20:32.782,0.74027,0.74058,2.07,1.69
2013.06.10 12:20:33.207,0.74027,0.74057,1.32,1.69
2013.06.10 12:20:33.597,0.74024,0.74055,1.69,1.69
2013.06.10 12:20:33.656,0.74024,0.74055,1.69,1.69
2013.06.10 12:20:34.917,0.74021,0.74055,1.69,1.69
2013.06.10 12:20:35.557,0.74021,0.74055,1.69,1.69
2013.06.10 12:20:37.347,0.74024,0.74055,1.69,1.69
2013.06.10 12:20:39.096,0.74021,0.74055,1.69,1.69
2013.06.10 12:20:40.283,0.74023,0.74055,1.32,1.69
2013.06.10 12:20:41.417,0.74024,0.74055,1.69,1.69
2013.06.10 12:20:45.357,0.74022,0.74052,1.32,1.50
2013.06.10 12:20:45.877,0.74023,0.74052,1.32,1.50
2013.06.10 12:20:45.937,0.74024,0.74052,1.69,1.50
2013.06.10 12:20:46.186,0.74024,0.74053,1.69,1.50
2013.06.10 12:20:46.250,0.74024,0.74052,1.69,1.50
2013.06.10 12:20:46.798,0.74024,0.74054,1.69,1.50
2013.06.10 12:20:46.917,0.74026,0.74055,1.69,1.50
2013.06.10 12:20:47.426,0.74023,0.74058,2.07,2.07
2013.06.10 12:20:47.757,0.74023,0.74058,2.07,2.07
2013.06.10 12:20:47.996,0.74023,0.74054,1.32,1.69
2013.06.10 12:20:48.535,0.74019,0.74048,1.32,1.50
2013.06.10 12:20:49.119,0.74019,0.74049,1.32,1.69
2013.06.10 12:20:50.088,0.74017,0.74049,1.69,1.69
2013.06.10 12:20:50.327,0.74014,0.74049,1.32,1.69
2013.06.10 12:20:50.448,0.74014,0.74046,1.32,1.69
2013.06.10 12:20:52.223,0.74012,0.74043,1.69,1.69
2013.06.10 12:20:52.830,0.74012,0.74045,1.69,1.69
2013.06.10 12:20:54.189,0.74012,0.74043,1.69,1.69
2013.06.10 12:20:58.360,0.74012,0.74042,1.50,1.69
2013.06.10 12:20:58.696,0.74012,0.74043,1.69,1.69
2013.06.10 12:21:00.417,0.74008,0.74041,1.69,1.69
2013.06.10 12:21:00.657,0.74008,0.74039,1.69,1.69
2013.06.10 12:21:00.878,0.74008,0.74039,1.69,1.69
2013.06.10 12:21:02.191,0.74006,0.74042,1.69,1.69
2013.06.10 12:21:03.868,0.74006,0.74042,1.69,1.69
2013.06.10 12:21:05.047,0.74009,0.74042,1.69,1.69
2013.06.10 12:21:08.267,0.74009,0.74043,2.44,2.44
2013.06.10 12:21:10.179,0.74009,0.74036,1.50,1.54
2013.06.10 12:21:10.717,0.74001,0.74033,1.69,1.69
2013.06.10 12:21:10.956,0.74001,0.74031,1.69,1.54
2013.06.10 12:21:11.016,0.73999,0.74031,2.44,1.54
2013.06.10 12:21:11.337,0.73999,0.74031,2.44,1.54
2013.06.10 12:21:11.848,0.73999,0.74033,2.44,1.69
2013.06.10 12:21:12.428,0.74,0.74034,1.69,1.69
2013.06.10 12:21:13.466,0.74,0.74033,1.69,1.69
2013.06.10 12:21:14.907,0.73999,0.74033,1.69,1.69
2013.06.10 12:21:17.297,0.73999,0.74034,1.69,2.44
2013.06.10 12:21:17.657,0.73999,0.74029,1.69,1.69
2013.06.10 12:21:17.778,0.73999,0.74029,1.50,1.69
2013.06.10 12:21:18.137,0.73991,0.74026,1.69,1.69
2013.06.10 12:21:19.267,0.73989,0.74024,2.44,1.69
2013.06.10 12:21:19.707,0.73989,0.74023,2.44,1.69
2013.06.10 12:21:20.148,0.73989,0.74024,2.44,1.69
2013.06.10 12:21:23.118,0.73989,0.74023,1.69,1.69
2013.06.10 12:21:25.461,0.73989,0.74021,1.69,1.69
2013.06.10 12:21:27.273,0.73989,0.74023,1.69,1.69
2013.06.10 12:21:29.267,0.73993,0.74023,1.69,1.69
2013.06.10 12:21:29.716,0.73993,0.74023,1.69,2.44
2013.06.10 12:21:30.292,0.73993,0.74023,1.69,1.69
2013.06.10 12:21:31.897,0.73993,0.74023,1.69,1.69
2013.06.10 12:21:32.567,0.73991,0.74023,1.69,1.69
2013.06.10 12:21:34.316,0.73993,0.74026,1.69,1.69
2013.06.10 12:21:35.898,0.73993,0.74025,1.69,1.69
2013.06.10 12:21:35.957,0.73996,0.74028,1.69,1.69
2013.06.10 12:21:37.678,0.73996,0.74028,1.69,1.69
2013.06.10 12:21:38.867,0.73996,0.74027,1.69,1.69
2013.06.10 12:21:40.017,0.73996,0.74027,1.69,1.69
2013.06.10 12:21:40.841,0.73996,0.7403,1.69,1.54
2013.06.10 12:21:42.257,0.73996,0.7403,1.69,2.29
2013.06.10 12:21:42.906,0.74,0.7403,1.50,2.29
2013.06.10 12:21:43.087,0.74,0.7403,1.69,1.54
2013.06.10 12:21:43.208,0.74002,0.74032,1.69,1.17
2013.06.10 12:21:43.328,0.74002,0.74033,1.69,1.32
2013.06.10 12:21:43.518,0.74002,0.74033,1.69,2.07
2013.06.10 12:21:43.708,0.73999,0.7403,2.44,1.69
2013.06.10 12:21:47.638,0.73999,0.74029,1.69,1.54
2013.06.10 12:21:47.816,0.73995,0.74029,1.69,2.29
2013.06.10 12:21:48.376,0.73997,0.74026,1.50,1.69
2013.06.10 12:21:48.668,0.73998,0.74027,1.50,1.69
2013.06.10 12:21:50.102,0.73998,0.74027,1.50,1.69
2013.06.10 12:21:54.888,0.73996,0.74026,1.69,2.44
2013.06.10 12:21:58.857,0.73998,0.74026,1.50,1.69
2013.06.10 12:21:58.923,0.73998,0.74028,1.69,1.69
2013.06.10 12:21:58.989,0.73997,0.7403,2.44,1.32
2013.06.10 12:21:59.050,0.74001,0.7403,1.69,1.32
2013.06.10 12:21:59.298,0.74002,0.7403,1.69,1.32
2013.06.10 12:22:00.198,0.74002,0.74031,1.50,2.29
2013.06.10 12:22:00.657,0.73998,0.74027,1.69,1.50
2013.06.10 12:22:00.836,0.73998,0.74028,2.44,1.50
2013.06.10 12:22:01.018,0.74002,0.74031,1.69,1.50
2013.06.10 12:22:01.579,0.74003,0.74033,1.69,1.50
2013.06.10 12:22:01.651,0.74002,0.74032,2.44,1.50
2013.06.10 12:22:01.979,0.74002,0.74034,1.69,1.69
2013.06.10 12:22:02.374,0.74,0.74034,1.32,1.69
2013.06.10 12:22:02.440,0.73998,0.74028,1.69,1.50
2013.06.10 12:22:02.731,0.73991,0.74023,1.69,1.69
2013.06.10 12:22:02.856,0.7399,0.74023,1.69,1.69
2013.06.10 12:22:03.205,0.73991,0.74027,1.69,1.69
2013.06.10 12:22:04.630,0.73991,0.74026,1.69,1.69
2013.06.10 12:22:06.127,0.73991,0.74024,1.69,1.69
2013.06.10 12:22:06.187,0.7399,0.74023,1.69,1.69
2013.06.10 12:22:06.439,0.73991,0.74027,1.69,1.69
2013.06.10 12:22:07.788,0.73994,0.74028,1.69,1.69
2013.06.10 12:22:07.847,0.73994,0.74028,2.44,2.44
2013.06.10 12:22:08.489,0.73996,0.74028,1.69,1.69
2013.06.10 12:22:08.740,0.73996,0.7403,1.69,1.69
2013.06.10 12:22:09.886,0.73996,0.74029,1.69,1.69
2013.06.10 12:22:10.067,0.73995,0.74029,2.29,2.44
2013.06.10 12:22:10.696,0.73995,0.74029,2.29,2.44
2013.06.10 12:22:11.298,0.73996,0.74029,1.69,2.44
2013.06.10 12:22:11.555,0.73996,0.74029,1.69,1.69
2013.06.10 12:22:12.153,0.73996,0.7403,2.44,1.69
2013.06.10 12:22:22.106,0.74001,0.74031,1.50,1.69
2013.06.10 12:22:22.557,0.74001,0.74034,1.69,2.44
2013.06.10 12:22:24.077,0.73997,0.74033,2.44,1.69
2013.06.10 12:22:26.927,0.73997,0.74032,1.69,1.69
2013.06.10 12:22:27.155,0.73997,0.74029,1.69,1.69
2013.06.10 12:22:27.338,0.73995,0.74024,1.69,1.50
2013.06.10 12:22:27.559,0.73991,0.74019,3.19,1.50
2013.06.10 12:22:27.618,0.73987,0.74019,1.69,2.44
2013.06.10 12:22:27.739,0.73987,0.74019,1.50,1.50
2013.06.10 12:22:27.857,0.73987,0.74017,1.50,1.69
2013.06.10 12:22:28.212,0.73984,0.74016,1.69,1.69
2013.06.10 12:22:28.917,0.73984,0.74016,1.69,1.69
2013.06.10 12:22:29.420,0.73984,0.74016,1.69,1.69
2013.06.10 12:22:29.477,0.73984,0.74016,1.69,1.69
2013.06.10 12:22:32.244,0.73981,0.74016,2.29,1.69
2013.06.10 12:22:32.445,0.73981,0.74014,2.29,1.69
2013.06.10 12:22:33.556,0.73984,0.74015,1.69,1.69
2013.06.10 12:22:33.860,0.73984,0.74017,1.69,1.69
2013.06.10 12:22:34.419,0.73989,0.74019,1.50,1.69
2013.06.10 12:22:35.777,0.73989,0.74021,1.69,1.69
2013.06.10 12:22:37.460,0.73989,0.74019,1.50,1.69
2013.06.10 12:22:40.480,0.73989,0.74021,1.69,1.69
2013.06.10 12:22:43.527,0.73986,0.74017,1.69,1.69
2013.06.10 12:22:43.890,0.73986,0.74016,1.69,1.69
2013.06.10 12:22:43.948,0.73986,0.74016,1.69,1.69
2013.06.10 12:22:44.477,0.73983,0.74015,1.69,1.69
2013.06.10 12:22:45.806,0.73983,0.74014,1.50,1.69
2013.06.10 12:22:47.199,0.73983,0.74015,1.69,1.69
2013.06.10 12:22:47.607,0.73983,0.74014,1.69,1.69
2013.06.10 12:22:51.358,0.73983,0.74018,2.44,1.69
2013.06.10 12:22:52.349,0.73987,0.74018,1.69,1.69
2013.06.10 12:22:52.888,0.73987,0.74016,1.69,1.69
2013.06.10 12:22:55.862,0.73985,0.74016,1.69,1.69
2013.06.10 12:22:56.769,0.73985,0.74016,2.44,1.69
2013.06.10 12:22:58.007,0.73983,0.74017,2.44,1.69
2013.06.10 12:22:58.191,0.73983,0.74013,2.44,1.69
2013.06.10 12:22:59.037,0.73983,0.74013,1.69,1.69
2013.06.10 12:23:00.987,0.73983,0.74013,1.69,1.69
2013.06.10 12:23:01.198,0.73983,0.74015,1.69,1.69
2013.06.10 12:23:01.532,0.73982,0.74015,1.32,1.69
2013.06.10 12:23:02.647,0.73982,0.74013,1.32,1.69
2013.06.10 12:23:02.779,0.73982,0.74013,1.32,1.69
2013.06.10 12:23:03.156,0.73974,0.74009,1.69,1.69
2013.06.10 12:23:03.417,0.73973,0.74008,2.07,2.44
2013.06.10 12:23:05.052,0.73973,0.74007,2.82,1.69
2013.06.10 12:23:05.577,0.73977,0.74006,1.50,1.69
2013.06.10 12:23:05.939,0.73978,0.74009,1.50,2.44
2013.06.10 12:23:07.985,0.73978,0.74009,1.50,2.44
2013.06.10 12:23:08.410,0.73978,0.74009,1.69,1.69
2013.06.10 12:23:09.647,0.73982,0.74011,1.50,1.69
2013.06.10 12:23:09.706,0.73982,0.74014,1.50,2.29
2013.06.10 12:23:09.897,0.73986,0.74014,1.50,2.29
2013.06.10 12:23:10.432,0.73986,0.74015,1.50,2.82
2013.06.10 12:23:10.488,0.73987,0.74015,1.50,2.07
2013.06.10 12:23:10.878,0.73982,0.74014,1.69,1.69
2013.06.10 12:23:11.098,0.73982,0.74015,1.69,2.07
2013.06.10 12:23:11.597,0.73982,0.74014,1.69,1.69
2013.06.10 12:23:11.777,0.73979,0.74013,1.69,2.07
2013.06.10 12:23:12.489,0.73983,0.74013,1.69,1.32
2013.06.10 12:23:12.808,0.73983,0.74013,1.69,1.32
2013.06.10 12:23:13.588,0.73986,0.74016,1.69,1.69
2013.06.10 12:23:13.907,0.73983,0.74014,1.32,1.69
2013.06.10 12:23:14.267,0.73983,0.74013,2.07,1.69
2013.06.10 12:23:14.639,0.73983,0.74011,1.32,1.69
2013.06.10 12:23:20.399,0.73982,0.74008,1.13,1.69
2013.06.10 12:23:26.586,0.73982,0.74006,1.13,1.69
2013.06.10 12:23:28.506,0.73982,0.74006,1.13,1.69
2013.06.10 12:23:29.126,0.73977,0.74007,1.69,1.69
2013.06.10 12:23:30.805,0.73977,0.74007,1.69,1.69
2013.06.10 12:23:34.869,0.73977,0.74007,1.69,1.69
2013.06.10 12:23:35.537,0.73977,0.74008,1.69,1.69
2013.06.10 12:23:37.068,0.73977,0.74008,1.69,2.44
2013.06.10 12:23:44.397,0.73976,0.74007,2.07,1.69
2013.06.10 12:23:44.511,0.73978,0.74007,1.69,1.50
2013.06.10 12:23:46.021,0.73979,0.74007,1.69,1.50
2013.06.10 12:23:49.347,0.73977,0.74007,1.69,1.50
2013.06.10 12:23:52.557,0.73979,0.74008,1.69,1.69
2013.06.10 12:23:52.758,0.7398,0.74008,1.69,1.50
2013.06.10 12:23:53.099,0.73982,0.7401,1.69,1.50
2013.06.10 12:23:54.047,0.73982,0.74013,1.69,2.07
2013.06.10 12:23:54.287,0.73987,0.74013,1.69,1.50
2013.06.10 12:23:58.236,0.73988,0.74018,1.69,1.69
2013.06.10 12:23:59.580,0.73988,0.74018,1.69,1.69
2013.06.10 12:24:00.489,0.73988,0.74018,1.69,1.50
2013.06.10 12:24:07.127,0.73988,0.74018,1.69,1.69
2013.06.10 12:24:08.048,0.73986,0.74014,2.29,1.50
2013.06.10 12:24:12.370,0.73988,0.74019,1.32,1.69
2013.06.10 12:24:12.951,0.73988,0.74019,2.07,1.69
2013.06.10 12:24:14.307,0.73991,0.74022,1.69,1.69
2013.06.10 12:24:14.368,0.73991,0.74022,1.69,1.69
2013.06.10 12:24:14.428,0.73991,0.74023,1.69,1.32
2013.06.10 12:24:14.667,0.73995,0.74023,1.69,1.13
2013.06.10 12:24:14.727,0.73996,0.74024,2.07,1.50
2013.06.10 12:24:15.124,0.73996,0.74023,2.07,1.50
2013.06.10 12:24:15.537,0.73996,0.74019,2.07,1.50
2013.06.10 12:24:15.600,0.73996,0.74019,1.13,1.50
2013.06.10 12:24:15.658,0.7399,0.74015,1.69,1.50
2013.06.10 12:24:16.048,0.73981,0.74009,1.32,1.50
2013.06.10 12:24:16.169,0.73979,0.74007,1.32,1.50
2013.06.10 12:24:16.527,0.73977,0.74003,1.32,1.50
2013.06.10 12:24:16.587,0.73973,0.74003,1.54,1.69
2013.06.10 12:24:17.207,0.73971,0.73997,1.32,1.50
2013.06.10 12:24:17.708,0.73971,0.73994,1.32,1.50
2013.06.10 12:24:19.238,0.73968,0.73994,1.54,1.50
2013.06.10 12:24:19.697,0.73968,0.73994,1.54,1.50
2013.06.10 12:24:19.817,0.73964,0.73994,2.07,1.69
2013.06.10 12:24:20.330,0.73964,0.73991,2.07,1.50
2013.06.10 12:24:20.867,0.73964,0.73992,2.07,1.50
2013.06.10 12:24:21.007,0.73964,0.73992,1.32,1.50
2013.06.10 12:24:21.557,0.73961,0.73988,1.17,1.50
2013.06.10 12:24:21.677,0.73961,0.73989,1.92,1.50
2013.06.10 12:24:22.747,0.73961,0.73989,1.92,1.50
2013.06.10 12:24:23.347,0.73962,0.73989,1.32,1.50
2013.06.10 12:24:23.978,0.73962,0.73988,1.32,1.50
2013.06.10 12:24:24.038,0.73961,0.73988,1.17,1.50
2013.06.10 12:24:24.457,0.73961,0.7399,1.17,1.69
2013.06.10 12:24:24.697,0.73963,0.73992,1.32,2.44
2013.06.10 12:24:24.877,0.73964,0.73993,1.32,1.50
2013.06.10 12:24:25.199,0.73966,0.73997,1.69,1.69
2013.06.10 12:24:27.218,0.73966,0.73997,1.69,1.69
2013.06.10 12:24:27.517,0.73961,0.73988,1.17,1.50
2013.06.10 12:24:34.389,0.7396,0.73988,1.32,1.69
2013.06.10 12:24:34.608,0.73957,0.73988,1.69,1.69
2013.06.10 12:24:35.991,0.73957,0.73988,1.69,1.69
2013.06.10 12:24:36.808,0.73956,0.73987,2.44,1.69
2013.06.10 12:24:39.296,0.73956,0.73987,1.69,1.69
2013.06.10 12:24:42.148,0.73955,0.73987,1.69,1.69
2013.06.10 12:24:42.286,0.73954,0.73987,1.92,2.44
2013.06.10 12:24:42.648,0.73954,0.73987,2.07,1.69
2013.06.10 12:24:42.958,0.73956,0.73985,3.04,1.69
2013.06.10 12:24:46.658,0.73956,0.73985,2.29,1.69
2013.06.10 12:24:47.598,0.73956,0.73985,3.04,1.69
2013.06.10 12:24:48.008,0.73956,0.73985,3.04,1.50
2013.06.10 12:24:49.457,0.73956,0.73984,1.54,1.50
2013.06.10 12:24:50.158,0.73955,0.73984,1.69,1.69
2013.06.10 12:24:55.650,0.73955,0.73984,1.32,1.69
2013.06.10 12:24:55.768,0.73953,0.73982,1.32,1.69
2013.06.10 12:25:01.541,0.73953,0.73982,1.32,1.69
2013.06.10 12:25:01.847,0.73949,0.73979,1.69,1.69
2013.06.10 12:25:02.921,0.73949,0.73979,1.69,1.69
2013.06.10 12:25:04.002,0.73948,0.73979,2.67,1.69
2013.06.10 12:25:04.317,0.73948,0.73978,1.54,1.50
2013.06.10 12:25:05.257,0.73948,0.73978,1.92,1.50
2013.06.10 12:25:05.616,0.73947,0.73973,1.13,1.50
2013.06.10 12:25:06.157,0.73947,0.73976,1.13,1.69
2013.06.10 12:25:06.277,0.73947,0.73978,1.13,1.69
2013.06.10 12:25:06.671,0.73954,0.73978,1.13,1.50
2013.06.10 12:25:08.704,0.73952,0.73978,1.32,1.50
2013.06.10 12:25:10.907,0.73952,0.73978,1.32,1.50
2013.06.10 12:25:10.991,0.73952,0.73979,1.32,1.50
2013.06.10 12:25:11.348,0.73954,0.7398,1.32,1.50
2013.06.10 12:25:11.617,0.73956,0.73984,1.69,1.50
2013.06.10 12:25:12.668,0.73957,0.73989,1.69,1.69
2013.06.10 12:25:13.027,0.73963,0.73991,2.07,1.50
2013.06.10 12:25:14.848,0.73963,0.73991,1.32,1.50
2013.06.10 12:25:18.307,0.73963,0.73991,2.07,1.50
2013.06.10 12:25:18.367,0.73963,0.73994,2.82,1.69
2013.06.10 12:25:18.848,0.73963,0.73991,2.07,1.50
2013.06.10 12:25:18.907,0.73963,0.73991,1.32,1.69
2013.06.10 12:25:22.157,0.7396,0.73988,1.69,1.50
2013.06.10 12:25:22.217,0.73957,0.73988,1.69,1.69
2013.06.10 12:25:23.197,0.73955,0.73986,2.07,1.50
2013.06.10 12:25:23.377,0.73957,0.73986,1.69,1.50
2013.06.10 12:25:23.497,0.73959,0.73986,1.69,1.50
2013.06.10 12:25:23.922,0.73955,0.73985,2.07,1.69
2013.06.10 12:25:25.947,0.73956,0.73989,2.44,1.69
2013.06.10 12:25:26.067,0.73955,0.73986,2.07,1.69
2013.06.10 12:25:29.419,0.73955,0.73986,1.32,1.69
2013.06.10 12:25:31.930,0.73955,0.73986,2.07,1.69
2013.06.10 12:25:32.227,0.73956,0.73986,1.69,1.69
2013.06.10 12:25:32.407,0.73955,0.73986,2.07,1.50
2013.06.10 12:25:33.039,0.73955,0.73986,1.32,1.69
2013.06.10 12:25:34.759,0.73956,0.73986,1.69,1.69
2013.06.10 12:25:35.769,0.73956,0.73986,1.69,1.69
2013.06.10 12:25:36.183,0.73955,0.73986,2.07,1.69
2013.06.10 12:25:36.979,0.73956,0.73986,1.69,1.69
2013.06.10 12:25:37.209,0.73955,0.73984,2.07,1.69
2013.06.10 12:25:37.618,0.73955,0.73982,2.07,1.50
2013.06.10 12:25:38.107,0.73956,0.73985,1.69,1.50
2013.06.10 12:25:39.158,0.73956,0.73985,2.44,1.50
2013.06.10 12:25:41.860,0.73956,0.73985,1.69,1.50
2013.06.10 12:25:43.179,0.73957,0.73985,1.69,1.50
2013.06.10 12:25:43.297,0.73957,0.7399,1.69,1.69
2013.06.10 12:25:43.537,0.73968,0.73997,1.69,1.50
2013.06.10 12:25:43.597,0.73966,0.73997,2.29,1.50
2013.06.10 12:25:43.898,0.73968,0.73999,1.69,1.32
2013.06.10 12:25:43.958,0.73971,0.74003,1.69,1.69
2013.06.10 12:25:44.197,0.73974,0.74004,1.50,1.69
2013.06.10 12:25:44.507,0.73977,0.74005,1.69,1.32
2013.06.10 12:25:44.628,0.73978,0.74008,1.32,1.69
2013.06.10 12:25:44.807,0.73982,0.74011,1.69,1.69
2013.06.10 12:25:44.927,0.73982,0.74013,1.69,1.69
2013.06.10 12:25:45.107,0.73982,0.74013,1.69,1.69
2013.06.10 12:25:45.288,0.73984,0.74014,2.29,1.69
2013.06.10 12:25:45.828,0.73984,0.74014,2.29,1.69
2013.06.10 12:25:47.629,0.73984,0.74013,2.29,1.69
2013.06.10 12:25:47.926,0.73982,0.74008,1.54,1.50
2013.06.10 12:25:48.109,0.73978,0.74008,1.69,1.50
2013.06.10 12:25:48.711,0.73978,0.74014,1.69,2.44
2013.06.10 12:25:49.016,0.73982,0.74014,1.69,1.69
2013.06.10 12:25:49.777,0.73983,0.74014,2.29,1.69
2013.06.10 12:25:49.907,0.73983,0.74015,2.29,1.69
2013.06.10 12:25:50.031,0.73983,0.74018,3.04,2.44
2013.06.10 12:25:51.029,0.73983,0.74017,3.04,1.69
2013.06.10 12:25:51.657,0.73983,0.74014,3.04,1.69
2013.06.10 12:25:52.379,0.73983,0.74013,2.29,1.69
2013.06.10 12:25:53.458,0.73983,0.74013,2.29,1.69
2013.06.10 12:25:53.577,0.73982,0.74013,1.69,1.69
2013.06.10 12:25:53.859,0.73979,0.74009,2.29,1.50
2013.06.10 12:25:53.977,0.73978,0.74009,1.69,1.50
2013.06.10 12:25:54.478,0.73976,0.74005,2.07,1.50
2013.06.10 12:25:54.747,0.73976,0.74005,1.32,1.69
2013.06.10 12:25:56.358,0.73976,0.74005,1.32,1.69
2013.06.10 12:26:00.058,0.73977,0.74005,1.32,1.69
2013.06.10 12:26:00.776,0.73977,0.74005,1.32,1.69
2013.06.10 12:26:07.926,0.73977,0.74005,1.32,1.50
2013.06.10 12:26:09.007,0.73976,0.74005,2.44,1.50
2013.06.10 12:26:13.129,0.73981,0.74008,1.92,1.50
2013.06.10 12:26:13.249,0.73982,0.74011,1.54,1.69
2013.06.10 12:26:13.781,0.73982,0.74011,1.54,1.69
2013.06.10 12:26:13.937,0.73982,0.74015,2.29,1.69
2013.06.10 12:26:16.642,0.73983,0.74015,1.69,1.69
2013.06.10 12:26:17.005,0.73984,0.74015,1.69,1.69
2013.06.10 12:26:17.950,0.73983,0.74015,1.69,1.69
2013.06.10 12:26:21.438,0.73984,0.74015,1.69,1.50
2013.06.10 12:26:26.763,0.73986,0.74016,1.69,1.69
2013.06.10 12:26:27.598,0.73985,0.74016,1.69,1.69
2013.06.10 12:26:31.792,0.73985,0.74014,1.69,1.50
2013.06.10 12:26:33.218,0.73983,0.74014,2.07,1.50
2013.06.10 12:26:33.928,0.73985,0.74014,1.69,1.50
2013.06.10 12:26:34.458,0.73983,0.74011,2.07,1.50
2013.06.10 12:26:36.009,0.73983,0.74011,1.32,1.50
2013.06.10 12:26:36.427,0.73983,0.74013,2.07,1.69
2013.06.10 12:26:36.658,0.73987,0.74015,1.54,1.69
2013.06.10 12:26:37.048,0.73988,0.74019,2.29,1.69
2013.06.10 12:26:37.527,0.73988,0.74019,2.29,1.69
2013.06.10 12:26:37.777,0.73991,0.7402,2.44,1.13
2013.06.10 12:26:37.837,0.73995,0.74023,2.07,1.50
2013.06.10 12:26:38.197,0.73998,0.74028,1.69,1.50
2013.06.10 12:26:38.257,0.73999,0.74028,1.69,1.50
2013.06.10 12:26:38.996,0.73999,0.74028,1.32,1.69
2013.06.10 12:26:39.887,0.73999,0.74028,1.32,1.69
2013.06.10 12:26:40.137,0.73995,0.74024,1.54,1.50
2013.06.10 12:26:40.197,0.73995,0.74024,1.54,1.50
2013.06.10 12:26:40.258,0.73993,0.74024,1.17,1.69
2013.06.10 12:26:40.437,0.73989,0.74019,2.44,1.50
2013.06.10 12:26:41.539,0.73989,0.74019,1.32,1.69
2013.06.10 12:26:41.897,0.73992,0.74019,1.32,1.50
2013.06.10 12:26:42.017,0.73993,0.74025,1.32,1.69
2013.06.10 12:26:42.078,0.73996,0.74029,2.44,2.07
2013.06.10 12:26:42.198,0.73996,0.74029,2.44,1.32
2013.06.10 12:26:43.109,0.73996,0.74029,2.44,2.07
2013.06.10 12:26:46.878,0.74001,0.74034,1.69,1.69
2013.06.10 12:26:46.937,0.74001,0.74034,2.44,1.69
2013.06.10 12:26:46.999,0.74003,0.74034,1.69,1.50
2013.06.10 12:26:47.307,0.74007,0.74037,2.44,1.13
2013.06.10 12:26:49.288,0.74004,0.74035,1.69,1.69
2013.06.10 12:26:50.507,0.74003,0.74034,1.69,1.50
2013.06.10 12:26:51.077,0.74003,0.74037,1.69,1.32
2013.06.10 12:26:54.197,0.74001,0.74037,2.44,2.07
2013.06.10 12:26:54.257,0.74001,0.74036,2.44,1.69
2013.06.10 12:26:54.503,0.74001,0.74031,1.69,1.69
2013.06.10 12:26:55.767,0.74001,0.74035,1.69,1.69
2013.06.10 12:26:56.549,0.74,0.74035,1.92,2.44
2013.06.10 12:26:56.847,0.73997,0.74027,1.54,1.32
2013.06.10 12:26:57.028,0.73997,0.74027,1.54,1.32
2013.06.10 12:27:00.360,0.73995,0.74027,1.69,2.07
2013.06.10 12:27:00.419,0.73992,0.74027,1.32,2.82
2013.06.10 12:27:00.578,0.73992,0.74027,1.32,2.82
2013.06.10 12:27:00.699,0.73992,0.74024,1.32,1.69
2013.06.10 12:27:01.007,0.73987,0.74019,2.44,1.32
2013.06.10 12:27:01.127,0.73987,0.74019,2.44,1.32
2013.06.10 12:27:01.539,0.73989,0.74019,1.69,1.32
2013.06.10 12:27:02.079,0.73985,0.74019,1.69,1.69
2013.06.10 12:27:02.478,0.73985,0.74019,1.69,2.07
2013.06.10 12:27:04.568,0.73991,0.74019,1.69,1.13
2013.06.10 12:27:04.747,0.73991,0.7402,2.82,1.13
2013.06.10 12:27:05.287,0.73995,0.74028,1.69,2.29
2013.06.10 12:27:05.617,0.73992,0.74025,1.69,1.69
2013.06.10 12:27:07.937,0.73994,0.74025,2.29,1.69
2013.06.10 12:27:07.997,0.73997,0.74028,1.69,1.69
2013.06.10 12:27:08.378,0.73998,0.74028,1.69,1.50
2013.06.10 12:27:09.388,0.74,0.74029,1.54,1.32
2013.06.10 12:27:09.569,0.74006,0.74033,1.13,1.69
2013.06.10 12:27:10.109,0.74006,0.74034,1.32,1.69
2013.06.10 12:27:10.167,0.74006,0.74037,1.32,1.69
2013.06.10 12:27:10.347,0.7401,0.7404,1.69,1.69
2013.06.10 12:27:10.827,0.74009,0.74039,1.54,1.69
2013.06.10 12:27:11.968,0.74009,0.74039,2.29,1.69
2013.06.10 12:27:12.878,0.74009,0.74036,1.54,1.50
2013.06.10 12:27:13.007,0.74008,0.74036,1.54,1.50
2013.06.10 12:27:13.207,0.74009,0.74038,1.54,1.69
2013.06.10 12:27:13.667,0.74013,0.74042,1.69,1.69
2013.06.10 12:27:13.907,0.74012,0.74044,2.44,1.69
2013.06.10 12:27:14.472,0.74016,0.74044,2.29,1.50
2013.06.10 12:27:14.803,0.74013,0.74044,1.69,1.69
2013.06.10 12:27:14.917,0.74009,0.74038,2.29,1.50
2013.06.10 12:27:15.217,0.74007,0.74033,1.69,1.50
2013.06.10 12:27:15.337,0.74006,0.74033,1.69,1.50
2013.06.10 12:27:15.397,0.74005,0.74033,1.69,1.50
2013.06.10 12:27:16.170,0.74004,0.74033,1.69,1.50
2013.06.10 12:27:16.707,0.74003,0.74031,1.17,1.50
2013.06.10 12:27:17.129,0.74002,0.74031,1.17,1.69
2013.06.10 12:27:17.307,0.74011,0.74039,1.73,1.50
2013.06.10 12:27:17.428,0.74009,0.74039,1.17,1.50
2013.06.10 12:27:17.487,0.73999,0.7403,1.69,1.13
2013.06.10 12:27:17.607,0.73997,0.74031,2.29,1.88
2013.06.10 12:27:19.369,0.73998,0.74029,1.69,1.50
2013.06.10 12:27:19.618,0.74001,0.7403,1.69,2.07
2013.06.10 12:27:20.587,0.74001,0.7403,1.69,2.07
2013.06.10 12:27:23.407,0.74001,0.7403,2.44,1.88
2013.06.10 12:27:23.647,0.74005,0.74034,2.07,1.69
2013.06.10 12:27:23.769,0.74005,0.74034,1.32,1.69
2013.06.10 12:27:24.139,0.74,0.74028,1.13,1.32
2013.06.10 12:27:24.319,0.74,0.74031,1.50,1.69
2013.06.10 12:27:24.437,0.74,0.74031,1.69,1.69
2013.06.10 12:27:24.738,0.74008,0.74038,1.13,1.32
2013.06.10 12:27:24.799,0.74006,0.74034,1.32,1.50
2013.06.10 12:27:24.859,0.74006,0.74033,1.32,1.50
2013.06.10 12:27:24.978,0.74004,0.74034,1.69,1.50
2013.06.10 12:27:25.498,0.74003,0.74031,1.69,1.13
2013.06.10 12:27:25.659,0.74003,0.74031,1.69,1.13
2013.06.10 12:27:25.977,0.74001,0.74029,1.69,1.50
2013.06.10 12:27:26.108,0.74,0.74029,2.29,1.50
2013.06.10 12:27:26.240,0.74,0.74029,1.54,1.50
2013.06.10 12:27:27.648,0.74,0.7403,1.54,1.32
2013.06.10 12:27:30.098,0.73996,0.74024,1.69,1.50
2013.06.10 12:27:30.291,0.73997,0.7403,1.69,1.69
2013.06.10 12:27:30.407,0.74,0.74029,1.54,1.69
2013.06.10 12:27:30.759,0.73994,0.74027,1.32,1.69
2013.06.10 12:27:30.817,0.73994,0.74024,1.32,1.50
2013.06.10 12:27:30.877,0.73994,0.74024,1.32,1.69
2013.06.10 12:27:31.308,0.73996,0.74026,1.54,1.69
2013.06.10 12:27:31.667,0.74005,0.74034,1.54,1.69
2013.06.10 12:27:32.189,0.74004,0.74034,1.54,1.69
2013.06.10 12:27:32.697,0.74004,0.74034,2.29,1.69
2013.06.10 12:27:32.877,0.74006,0.74038,1.69,1.69
2013.06.10 12:27:33.027,0.74005,0.74036,1.54,1.69
2013.06.10 12:27:33.578,0.74005,0.74035,1.54,1.69
2013.06.10 12:27:34.307,0.74002,0.74035,2.07,1.69
2013.06.10 12:27:34.427,0.74002,0.74032,2.07,1.69
2013.06.10 12:27:36.177,0.74002,0.74031,1.50,1.69
2013.06.10 12:27:36.238,0.74,0.74029,1.50,1.69
2013.06.10 12:27:37.617,0.74,0.7403,1.50,1.69
2013.06.10 12:27:37.798,0.74002,0.74033,1.69,1.69
2013.06.10 12:27:38.107,0.74002,0.74033,1.69,1.69
2013.06.10 12:27:39.730,0.74004,0.74035,1.69,2.44
2013.06.10 12:27:40.559,0.74004,0.74035,1.69,1.69
2013.06.10 12:27:40.798,0.74004,0.74037,1.69,1.69
2013.06.10 12:27:40.978,0.74004,0.74039,1.69,2.44
2013.06.10 12:27:42.017,0.74003,0.74037,1.69,1.69
2013.06.10 12:27:42.137,0.74001,0.74033,2.44,1.69
2013.06.10 12:27:45.577,0.74013,0.74039,2.10,2.44
2013.06.10 12:27:45.757,0.74018,0.74048,1.35,2.44
2013.06.10 12:27:45.877,0.74014,0.74043,1.17,1.50
2013.06.10 12:27:45.938,0.74012,0.74039,1.69,1.50
2013.06.10 12:27:45.997,0.74009,0.74039,1.92,1.50
2013.06.10 12:27:46.237,0.74008,0.74035,1.54,1.50
2013.06.10 12:27:46.537,0.74002,0.74035,2.29,1.50
2013.06.10 12:27:46.840,0.74004,0.74038,1.69,1.69
2013.06.10 12:27:50.148,0.74004,0.74038,1.69,2.44
2013.06.10 12:27:50.327,0.74005,0.74038,2.82,1.50
2013.06.10 12:27:51.524,0.74009,0.74038,1.54,1.50
2013.06.10 12:27:51.837,0.74009,0.74043,1.54,2.44
2013.06.10 12:27:56.987,0.74009,0.74042,1.54,1.69
2013.06.10 12:27:57.228,0.7401,0.74044,1.69,1.69
2013.06.10 12:27:57.527,0.74015,0.74048,1.69,1.69
2013.06.10 12:27:57.849,0.74014,0.74041,2.07,1.50
2013.06.10 12:27:57.969,0.74014,0.74043,2.07,1.69
2013.06.10 12:27:58.347,0.74014,0.74043,1.32,1.69
2013.06.10 12:28:00.431,0.74018,0.74049,1.54,2.44
2013.06.10 12:28:00.767,0.74018,0.74049,1.54,1.69
2013.06.10 12:28:06.009,0.74018,0.74048,1.54,1.69
2013.06.10 12:28:06.395,0.74018,0.7405,1.54,1.69
2013.06.10 12:28:09.008,0.74018,0.74044,1.54,1.50
2013.06.10 12:28:14.890,0.74019,0.74044,1.69,1.50
2013.06.10 12:28:17.577,0.74018,0.74044,2.67,1.50
2013.06.10 12:28:17.808,0.74017,0.74044,1.17,1.50
2013.06.10 12:28:18.172,0.74016,0.74044,1.92,1.50
2013.06.10 12:28:18.244,0.7401,0.74041,1.54,1.69
2013.06.10 12:28:18.368,0.7401,0.74038,1.54,1.69
2013.06.10 12:28:20.519,0.7401,0.74038,1.54,1.69
2013.06.10 12:28:21.597,0.7401,0.74038,2.29,1.69
2013.06.10 12:28:21.658,0.74012,0.74038,2.29,1.50
2013.06.10 12:28:22.000,0.74013,0.74038,1.54,1.50
2013.06.10 12:28:22.198,0.74014,0.74043,2.44,1.50
2013.06.10 12:28:22.467,0.74016,0.74048,1.69,1.69
2013.06.10 12:28:22.588,0.74018,0.74048,1.54,1.69
2013.06.10 12:28:22.647,0.74021,0.74048,1.69,1.50
2013.06.10 12:28:22.957,0.74021,0.74053,1.69,1.69
2013.06.10 12:28:23.495,0.74018,0.74053,2.29,1.69
2013.06.10 12:28:23.618,0.74018,0.74045,2.29,1.50
2013.06.10 12:28:23.677,0.74018,0.74043,2.29,1.50
2013.06.10 12:28:24.262,0.74018,0.74053,2.29,1.69
2013.06.10 12:28:24.678,0.74019,0.74048,1.69,1.50
2013.06.10 12:28:25.289,0.74018,0.74048,1.54,1.69
2013.06.10 12:28:25.349,0.74018,0.74048,1.54,1.69
2013.06.10 12:28:25.408,0.74016,0.74043,1.32,1.50
2013.06.10 12:28:25.469,0.74016,0.74043,1.32,1.69
2013.06.10 12:28:25.708,0.74012,0.74039,1.54,1.69
2013.06.10 12:28:27.419,0.74012,0.74044,1.54,1.69
2013.06.10 12:28:27.657,0.74012,0.74038,1.54,1.50
2013.06.10 12:28:28.300,0.74014,0.74044,1.69,1.69
2013.06.10 12:28:28.817,0.74012,0.74044,1.54,1.69
2013.06.10 12:28:30.680,0.74012,0.74039,2.29,1.50
2013.06.10 12:28:32.439,0.74012,0.74036,1.54,1.50
2013.06.10 12:28:35.139,0.74012,0.74038,2.29,1.50
2013.06.10 12:28:39.289,0.74012,0.74038,1.54,1.50
2013.06.10 12:28:39.369,0.74012,0.74033,1.54,1.50
2013.06.10 12:28:40.917,0.74011,0.74039,1.54,1.69
2013.06.10 12:28:46.648,0.74011,0.74039,1.54,1.69
2013.06.10 12:28:49.507,0.74011,0.74039,1.54,1.69
2013.06.10 12:28:52.670,0.74011,0.74039,1.54,1.50
2013.06.10 12:28:52.988,0.74011,0.74039,2.29,1.50
2013.06.10 12:28:53.537,0.74011,0.74035,2.29,1.50
2013.06.10 12:28:54.087,0.74011,0.74039,1.54,1.50
2013.06.10 12:28:56.018,0.74011,0.74039,1.69,1.50
2013.06.10 12:28:58.118,0.74009,0.74033,2.29,1.50
2013.06.10 12:28:58.458,0.74009,0.74034,1.54,1.50
2013.06.10 12:28:58.640,0.74009,0.74039,1.54,1.69
2013.06.10 12:28:59.067,0.74009,0.74039,1.54,1.69
2013.06.10 12:29:01.658,0.74009,0.74039,1.54,1.69
2013.06.10 12:29:01.837,0.74009,0.74039,1.54,1.69
2013.06.10 12:29:01.898,0.74011,0.74039,1.69,1.50
2013.06.10 12:29:02.218,0.74011,0.74038,1.69,1.50
2013.06.10 12:29:02.577,0.74012,0.74038,1.69,1.50
2013.06.10 12:29:03.669,0.7401,0.74038,1.69,1.50
2013.06.10 12:29:03.727,0.7401,0.74038,1.69,1.50
2013.06.10 12:29:04.315,0.74009,0.74038,2.29,1.50
2013.06.10 12:29:07.487,0.74009,0.74038,1.54,1.69
2013.06.10 12:29:08.798,0.74009,0.74038,2.29,1.69
2013.06.10 12:29:08.918,0.74011,0.74041,2.07,1.69
2013.06.10 12:29:09.309,0.74002,0.74033,1.69,1.50
2013.06.10 12:29:09.368,0.74001,0.74028,1.54,1.50
2013.06.10 12:29:10.609,0.74,0.74028,1.54,1.50
2013.06.10 12:29:10.937,0.73993,0.74024,1.92,1.69
2013.06.10 12:29:11.160,0.73996,0.74028,1.32,1.69
2013.06.10 12:29:11.218,0.73996,0.74028,1.32,1.69
2013.06.10 12:29:13.007,0.73997,0.74028,1.69,1.69
2013.06.10 12:29:14.506,0.73996,0.74028,2.07,1.69
2013.06.10 12:29:14.748,0.73996,0.74023,1.32,1.50
2013.06.10 12:29:17.680,0.73996,0.74028,2.07,1.69
2013.06.10 12:29:18.145,0.74001,0.74029,1.54,1.69
2013.06.10 12:29:18.551,0.74001,0.74029,1.54,1.69
2013.06.10 12:29:18.921,0.74001,0.74029,2.29,1.50
2013.06.10 12:29:19.087,0.73998,0.74029,2.44,1.50
2013.06.10 12:29:19.620,0.73997,0.74029,1.69,1.69
2013.06.10 12:29:19.678,0.73994,0.74025,2.29,1.50
2013.06.10 12:29:19.799,0.73989,0.7402,1.69,1.50
2013.06.10 12:29:20.038,0.73993,0.74023,1.69,1.69
2013.06.10 12:29:20.374,0.73991,0.7402,1.54,1.50
2013.06.10 12:29:21.956,0.73989,0.7402,1.69,1.50
2013.06.10 12:29:23.668,0.73991,0.7402,1.69,1.50
2013.06.10 12:29:24.176,0.73993,0.74021,2.67,1.50
2013.06.10 12:29:24.239,0.73993,0.74024,3.42,1.69
2013.06.10 12:29:24.357,0.73995,0.74024,1.69,1.50
2013.06.10 12:29:24.967,0.73993,0.74021,2.67,1.50
2013.06.10 12:29:25.158,0.73995,0.74024,1.69,1.50
2013.06.10 12:29:25.397,0.73993,0.74021,2.67,1.50
2013.06.10 12:29:25.941,0.73993,0.74021,2.67,1.50
2013.06.10 12:29:26.614,0.73993,0.74021,2.07,1.50
2013.06.10 12:29:26.677,0.73994,0.74024,1.69,1.50
2013.06.10 12:29:26.918,0.73993,0.74021,2.07,1.50
2013.06.10 12:29:28.018,0.73993,0.74021,2.07,1.50
2013.06.10 12:29:28.739,0.73993,0.74024,2.07,1.69
2013.06.10 12:29:28.857,0.73993,0.74024,1.32,1.69
2013.06.10 12:29:28.917,0.73993,0.74024,2.07,1.69
2013.06.10 12:29:29.787,0.73993,0.74023,1.32,1.69
2013.06.10 12:29:31.532,0.73993,0.74021,1.32,1.50
2013.06.10 12:29:33.848,0.73993,0.74023,1.32,1.69
2013.06.10 12:29:34.297,0.73993,0.74024,2.07,1.69
2013.06.10 12:29:34.838,0.73994,0.74024,1.69,1.69
2013.06.10 12:29:38.397,0.73996,0.74024,1.54,1.50
2013.06.10 12:29:40.499,0.73996,0.74024,3.04,1.50
2013.06.10 12:29:44.898,0.73996,0.74024,2.29,1.50
2013.06.10 12:29:45.898,0.73996,0.74024,1.54,1.50
2013.06.10 12:29:47.478,0.73996,0.74024,3.04,1.50
2013.06.10 12:29:49.037,0.73996,0.74023,1.54,1.50
2013.06.10 12:29:49.418,0.73991,0.74019,1.69,1.50
2013.06.10 12:29:49.478,0.7399,0.74019,1.69,1.50
2013.06.10 12:29:50.039,0.73989,0.74016,1.54,1.50
2013.06.10 12:29:52.419,0.73989,0.74018,1.54,1.50
2013.06.10 12:29:52.538,0.73987,0.74014,1.69,2.25
2013.06.10 12:29:52.611,0.73987,0.74014,1.69,2.25
2013.06.10 12:29:53.248,0.73982,0.74012,1.69,3.19
2013.06.10 12:29:53.437,0.7398,0.74012,1.69,3.19
2013.06.10 12:29:54.393,0.73981,0.74013,1.54,1.69
2013.06.10 12:29:54.918,0.73981,0.74015,2.29,2.44
2013.06.10 12:30:00.917,0.73981,0.74006,1.69,2.25
2013.06.10 12:30:01.077,0.73978,0.74006,1.69,2.25
2013.06.10 12:30:01.542,0.73977,0.74003,2.44,2.25
2013.06.10 12:30:02.478,0.73977,0.74003,1.69,2.25
2013.06.10 12:30:03.517,0.73977,0.74008,2.44,1.69
2013.06.10 12:30:04.128,0.73976,0.7401,1.69,1.32
2013.06.10 12:30:05.358,0.73975,0.74001,1.69,1.13
2013.06.10 12:30:05.659,0.73965,0.7399,1.54,1.13
2013.06.10 12:30:05.780,0.73965,0.73991,1.54,1.13
2013.06.10 12:30:05.898,0.7397,0.73994,1.50,1.13
2013.06.10 12:30:06.269,0.73971,0.74001,1.69,1.32
2013.06.10 12:30:06.466,0.73971,0.74001,1.69,1.13
2013.06.10 12:30:06.968,0.73971,0.74001,1.69,1.13
2013.06.10 12:30:08.018,0.73975,0.74008,1.69,1.69
2013.06.10 12:30:08.078,0.73977,0.74008,1.69,1.69
2013.06.10 12:30:08.139,0.73977,0.74009,1.69,2.07
2013.06.10 12:30:10.377,0.73982,0.74009,1.69,1.32
2013.06.10 12:30:10.618,0.73982,0.74013,2.44,1.69
2013.06.10 12:30:11.908,0.73982,0.74018,2.44,1.69
2013.06.10 12:30:12.267,0.73986,0.74019,1.69,1.32
2013.06.10 12:30:12.388,0.73987,0.74019,2.29,1.32
2013.06.10 12:30:14.706,0.73987,0.74016,2.29,1.50
2013.06.10 12:30:15.327,0.73987,0.74019,2.29,1.69
2013.06.10 12:30:15.679,0.73987,0.74015,1.35,1.69
2013.06.10 12:30:15.798,0.73982,0.74011,1.69,1.32
2013.06.10 12:30:19.263,0.73981,0.74011,1.69,1.32
2013.06.10 12:30:19.579,0.73981,0.74014,1.69,1.69
2013.06.10 12:30:20.298,0.73982,0.74014,1.69,1.69
2013.06.10 12:30:24.247,0.73985,0.74014,1.69,1.69
2013.06.10 12:30:26.649,0.73985,0.74018,1.69,1.69
2013.06.10 12:30:31.490,0.73983,0.74018,1.69,1.69
2013.06.10 12:30:32.048,0.73982,0.74016,1.69,1.69
2013.06.10 12:30:32.479,0.73982,0.74016,2.44,1.69
2013.06.10 12:30:32.808,0.73982,0.74016,1.69,1.69
2013.06.10 12:30:33.189,0.73986,0.74019,1.69,2.07
2013.06.10 12:30:33.699,0.73989,0.74019,1.69,1.32
2013.06.10 12:30:33.818,0.73989,0.7402,1.69,1.32
2013.06.10 12:30:34.798,0.7399,0.7402,1.69,1.32
2013.06.10 12:30:34.858,0.73987,0.74019,2.29,1.32
2013.06.10 12:30:34.979,0.73987,0.7401,2.29,1.13
2013.06.10 12:30:35.689,0.73987,0.74011,1.54,1.13
2013.06.10 12:30:35.968,0.73992,0.74018,1.50,1.32
2013.06.10 12:30:36.097,0.73992,0.7402,1.50,1.69
2013.06.10 12:30:36.158,0.73992,0.74024,2.44,1.69
2013.06.10 12:30:36.338,0.73994,0.74024,1.69,1.69
2013.06.10 12:30:36.919,0.73994,0.74024,1.69,1.69
2013.06.10 12:30:37.478,0.73997,0.74027,1.69,1.69
2013.06.10 12:30:38.137,0.73997,0.74027,1.69,1.69
2013.06.10 12:30:38.318,0.74001,0.7403,1.50,1.69
2013.06.10 12:30:38.557,0.73999,0.7403,1.32,2.07
2013.06.10 12:30:38.978,0.74001,0.7403,1.69,2.07
2013.06.10 12:30:39.197,0.73999,0.74031,1.32,1.69
2013.06.10 12:30:41.058,0.73999,0.74031,2.07,1.69
2013.06.10 12:30:44.198,0.73999,0.74028,1.32,1.69
2013.06.10 12:30:44.668,0.73999,0.74028,1.32,1.69
2013.06.10 12:30:45.229,0.73997,0.74024,1.92,1.50
2013.06.10 12:30:47.209,0.73997,0.74024,1.92,1.50
2013.06.10 12:30:47.397,0.73997,0.74024,1.17,1.50
2013.06.10 12:30:47.650,0.73997,0.74024,1.17,1.50
2013.06.10 12:30:48.170,0.73995,0.74024,1.32,1.50
2013.06.10 12:30:48.529,0.73991,0.74021,1.92,1.69
2013.06.10 12:30:49.229,0.73991,0.74021,2.67,1.50
2013.06.10 12:30:49.619,0.73992,0.74021,1.69,1.50
2013.06.10 12:30:49.737,0.73992,0.74021,2.44,1.50
2013.06.10 12:30:50.909,0.73992,0.74021,2.44,1.50
2013.06.10 12:30:52.707,0.73992,0.74021,1.69,1.50
2013.06.10 12:30:52.767,0.73992,0.74021,1.69,1.50
2013.06.10 12:31:01.468,0.73991,0.74021,2.07,1.50
2013.06.10 12:31:01.988,0.73992,0.74021,1.50,1.50
2013.06.10 12:31:02.437,0.73989,0.74019,1.50,1.50
2013.06.10 12:31:02.678,0.73987,0.74015,1.50,1.69
2013.06.10 12:31:02.919,0.73987,0.74019,1.50,1.69
2013.06.10 12:31:03.183,0.73986,0.74015,2.25,1.69
2013.06.10 12:31:06.154,0.73987,0.74015,1.69,1.50
2013.06.10 12:31:07.277,0.73986,0.74015,1.69,1.50
2013.06.10 12:31:07.497,0.73987,0.74018,1.69,1.69
2013.06.10 12:31:11.548,0.73986,0.74015,1.69,1.69
2013.06.10 12:31:12.508,0.73986,0.74015,2.44,1.50
2013.06.10 12:31:12.737,0.73987,0.74015,1.69,1.50
2013.06.10 12:31:13.303,0.73987,0.74015,1.69,1.50
2013.06.10 12:31:13.848,0.73986,0.7401,1.69,1.13
2013.06.10 12:31:14.449,0.73988,0.74009,1.69,1.13
2013.06.10 12:31:16.841,0.73986,0.7401,1.69,1.13
2013.06.10 12:31:16.949,0.73986,0.7401,1.69,1.13
2013.06.10 12:31:17.819,0.73987,0.74019,1.69,2.29
2013.06.10 12:31:18.138,0.73988,0.74019,1.69,1.69
2013.06.10 12:31:18.927,0.73986,0.74019,1.69,1.69
2013.06.10 12:31:18.989,0.73987,0.74018,1.69,1.69
2013.06.10 12:31:19.189,0.7399,0.74018,1.69,1.69
2013.06.10 12:31:19.438,0.7399,0.74018,1.69,1.50
2013.06.10 12:31:23.680,0.73991,0.74024,1.69,1.69
2013.06.10 12:31:26.811,0.73991,0.74019,1.69,1.50
2013.06.10 12:31:26.998,0.73989,0.74019,1.54,1.50
2013.06.10 12:31:29.173,0.73989,0.74019,1.54,1.50
2013.06.10 12:31:29.408,0.73986,0.74014,1.69,1.50
2013.06.10 12:31:29.528,0.73983,0.74014,1.32,1.69
2013.06.10 12:31:30.300,0.73983,0.74014,1.32,1.69
2013.06.10 12:31:31.469,0.73983,0.74014,1.32,1.69
2013.06.10 12:31:32.040,0.73983,0.74014,1.32,1.69
2013.06.10 12:31:32.559,0.73983,0.74014,1.32,1.69
2013.06.10 12:31:35.244,0.73984,0.74014,1.69,1.50
2013.06.10 12:31:36.688,0.73982,0.74014,1.32,1.69
2013.06.10 12:31:36.807,0.73982,0.7401,1.32,1.50
2013.06.10 12:31:36.867,0.73982,0.7401,2.07,1.50
2013.06.10 12:31:37.399,0.73983,0.7401,1.69,1.50
2013.06.10 12:31:37.707,0.73981,0.74009,1.69,1.50
2013.06.10 12:31:38.050,0.73979,0.74009,1.69,1.50
2013.06.10 12:31:38.199,0.73981,0.74011,1.69,2.07
2013.06.10 12:31:38.257,0.73979,0.74011,1.69,2.07
2013.06.10 12:31:38.884,0.73979,0.74011,1.69,1.32
2013.06.10 12:31:39.749,0.73982,0.74011,1.69,1.32
2013.06.10 12:31:40.303,0.73983,0.74017,1.69,2.44
2013.06.10 12:31:40.838,0.73984,0.74015,1.69,1.69
2013.06.10 12:31:47.261,0.73984,0.74018,1.69,1.69
2013.06.10 12:31:49.876,0.73984,0.7401,1.69,1.13
2013.06.10 12:31:49.937,0.73982,0.7401,1.69,1.13
2013.06.10 12:31:50.519,0.73982,0.7401,1.69,1.13
2013.06.10 12:31:53.630,0.73982,0.74011,1.69,1.32
2013.06.10 12:31:55.202,0.7398,0.74014,1.54,2.44
2013.06.10 12:31:55.258,0.7398,0.74012,1.54,1.69
2013.06.10 12:31:55.818,0.7398,0.7401,1.54,1.32
2013.06.10 12:31:56.329,0.73981,0.7401,1.69,1.13
2013.06.10 12:31:57.339,0.7398,0.7401,2.29,1.13
2013.06.10 12:31:57.868,0.73981,0.74011,1.69,1.13
2013.06.10 12:31:58.229,0.73981,0.74011,1.69,1.32
2013.06.10 12:31:58.288,0.73981,0.74011,1.69,1.32
2013.06.10 12:32:01.717,0.73982,0.7401,1.69,1.13
2013.06.10 12:32:02.040,0.73982,0.74011,1.69,1.32
2013.06.10 12:32:02.619,0.73985,0.74019,1.69,2.82
2013.06.10 12:32:03.073,0.73981,0.74017,2.44,1.69
2013.06.10 12:32:05.860,0.73981,0.74015,2.44,1.69
2013.06.10 12:32:05.917,0.73981,0.74015,1.69,1.69
2013.06.10 12:32:06.227,0.73978,0.7401,1.69,1.32
2013.06.10 12:32:07.268,0.73978,0.74009,1.69,1.32
2013.06.10 12:32:09.357,0.73978,0.7401,1.69,1.32
2013.06.10 12:32:12.308,0.73978,0.74011,1.69,1.32
2013.06.10 12:32:12.428,0.73981,0.74011,1.69,1.32
2013.06.10 12:32:13.180,0.73981,0.74009,1.69,1.13
2013.06.10 12:32:14.782,0.73981,0.74009,2.44,1.88
2013.06.10 12:32:14.837,0.73981,0.74009,1.69,1.88
2013.06.10 12:32:14.958,0.73977,0.74009,1.69,2.07
2013.06.10 12:32:15.280,0.73974,0.74001,1.69,1.13
2013.06.10 12:32:18.707,0.73975,0.74001,1.69,1.13
2013.06.10 12:32:18.887,0.73975,0.74009,1.69,2.07
2013.06.10 12:32:19.258,0.73975,0.74001,1.69,1.13
2013.06.10 12:32:19.586,0.73975,0.74009,1.69,1.32
2013.06.10 12:32:20.081,0.73978,0.74009,1.69,1.32
2013.06.10 12:32:22.489,0.73975,0.74001,1.69,1.13
2013.06.10 12:32:22.608,0.73976,0.74001,1.69,1.13
2013.06.10 12:32:23.508,0.73976,0.74,1.69,1.13
2013.06.10 12:32:36.788,0.73973,0.74001,1.69,1.13
2013.06.10 12:32:36.968,0.73973,0.74,1.69,1.13
2013.06.10 12:32:37.329,0.73966,0.7399,1.69,1.13
2013.06.10 12:32:37.639,0.73967,0.74001,2.44,2.07
2013.06.10 12:32:38.141,0.73971,0.74001,1.69,1.32
2013.06.10 12:32:40.208,0.73969,0.74,1.69,1.32
2013.06.10 12:32:40.510,0.73967,0.74,1.54,1.32
2013.06.10 12:32:40.688,0.73965,0.73998,1.32,1.69
2013.06.10 12:32:42.820,0.73962,0.73993,1.69,1.32
2013.06.10 12:32:43.241,0.73961,0.73991,1.69,1.32
2013.06.10 12:32:44.788,0.73962,0.73991,1.69,1.32
2013.06.10 12:32:44.908,0.73961,0.73991,1.69,1.69
2013.06.10 12:32:45.428,0.73964,0.73991,1.32,1.13
2013.06.10 12:32:45.488,0.73968,0.73997,1.13,1.69
2013.06.10 12:32:45.608,0.73968,0.73999,1.32,3.57
2013.06.10 12:32:46.348,0.73967,0.73998,2.07,1.69
2013.06.10 12:32:46.407,0.73967,0.73997,1.32,1.69
2013.06.10 12:32:46.818,0.73968,0.73997,1.32,1.69
2013.06.10 12:32:47.859,0.73968,0.73998,1.32,1.69
2013.06.10 12:32:48.447,0.73968,0.73998,1.32,1.69
2013.06.10 12:32:50.308,0.73968,0.73998,1.32,1.69
2013.06.10 12:32:50.427,0.73968,0.73995,1.13,1.69
2013.06.10 12:32:51.078,0.73968,0.73996,1.32,1.69
2013.06.10 12:32:51.419,0.73968,0.73997,1.32,1.54
2013.06.10 12:32:52.736,0.73968,0.73996,1.32,3.19
2013.06.10 12:32:54.330,0.73964,0.73995,1.32,3.19
2013.06.10 12:32:54.447,0.73964,0.73995,1.32,3.19
2013.06.10 12:32:58.208,0.73964,0.73995,1.32,1.69
2013.06.10 12:32:58.268,0.73964,0.73995,1.32,1.69
2013.06.10 12:33:00.167,0.73964,0.73995,1.32,3.19
2013.06.10 12:33:02.162,0.7396,0.73995,1.69,2.44
2013.06.10 12:33:04.082,0.73961,0.73993,1.54,1.69
2013.06.10 12:33:08.750,0.73959,0.73987,1.69,1.13
2013.06.10 12:33:08.808,0.73957,0.73987,1.69,1.32
2013.06.10 12:33:08.928,0.73957,0.73986,1.69,1.69
2013.06.10 12:33:09.168,0.73953,0.73986,1.69,1.69
2013.06.10 12:33:09.499,0.73957,0.73987,1.69,1.32
2013.06.10 12:33:10.038,0.73954,0.73987,1.54,1.32
2013.06.10 12:33:10.339,0.73955,0.73981,1.69,1.13
2013.06.10 12:33:10.398,0.7396,0.73989,1.54,2.44
2013.06.10 12:33:10.564,0.73963,0.73989,1.88,1.69
2013.06.10 12:33:10.642,0.73963,0.73992,2.07,1.69
2013.06.10 12:33:10.948,0.73965,0.73993,1.50,1.69
2013.06.10 12:33:11.149,0.73969,0.73996,1.69,1.50
2013.06.10 12:33:11.208,0.73972,0.74,2.44,1.13
2013.06.10 12:33:11.268,0.73974,0.74,1.69,1.13
2013.06.10 12:33:11.388,0.73972,0.74001,1.69,1.13
2013.06.10 12:33:11.448,0.73971,0.74001,2.44,1.32
2013.06.10 12:33:12.438,0.73972,0.74002,1.32,1.69
2013.06.10 12:33:12.499,0.73972,0.74002,1.32,1.69
2013.06.10 12:33:13.071,0.73972,0.74002,1.32,1.69
2013.06.10 12:33:13.978,0.73971,0.73999,2.07,1.50
2013.06.10 12:33:14.098,0.73972,0.73999,1.32,1.50
2013.06.10 12:33:14.280,0.73972,0.74001,1.32,1.50
2013.06.10 12:33:14.349,0.73973,0.74001,1.69,1.50
2013.06.10 12:33:16.519,0.73972,0.73999,1.32,1.50
2013.06.10 12:33:16.698,0.7397,0.73998,1.32,1.50
2013.06.10 12:33:17.117,0.73971,0.73998,1.32,1.50
2013.06.10 12:33:18.019,0.73971,0.73999,1.32,1.50
2013.06.10 12:33:18.178,0.73972,0.74002,2.07,1.69
2013.06.10 12:33:18.668,0.73973,0.74004,1.69,1.50
2013.06.10 12:33:18.728,0.73972,0.74004,2.07,1.69
2013.06.10 12:33:18.988,0.73971,0.74001,1.32,1.50
2013.06.10 12:33:19.048,0.73971,0.74001,1.32,1.50
2013.06.10 12:33:19.108,0.73972,0.74001,1.32,1.50
2013.06.10 12:33:19.379,0.73971,0.74001,1.32,1.50
2013.06.10 12:33:21.439,0.73966,0.73999,1.69,1.32
2013.06.10 12:33:24.438,0.73964,0.73998,2.67,1.69
2013.06.10 12:33:26.029,0.73967,0.73998,1.69,1.69
2013.06.10 12:33:26.239,0.73967,0.74,1.69,1.32
2013.06.10 12:33:26.540,0.73969,0.74001,1.69,1.69
2013.06.10 12:33:26.689,0.73971,0.74001,1.69,1.69
2013.06.10 12:33:32.438,0.7397,0.74002,2.29,1.32
2013.06.10 12:33:32.981,0.73967,0.73999,2.44,1.13
2013.06.10 12:33:33.629,0.73971,0.73999,1.69,1.13
2013.06.10 12:33:33.979,0.73971,0.73999,1.69,1.13
2013.06.10 12:33:34.555,0.73971,0.73999,2.44,1.13
2013.06.10 12:33:39.579,0.73971,0.74002,1.69,1.32
2013.06.10 12:33:48.059,0.73971,0.74002,1.69,1.69
2013.06.10 12:33:49.700,0.73971,0.74004,1.69,2.44
2013.06.10 12:33:53.438,0.73971,0.74004,2.44,1.69
2013.06.10 12:33:55.299,0.73971,0.74004,2.44,1.69
2013.06.10 12:34:00.822,0.73971,0.74006,2.29,1.69
2013.06.10 12:34:04.339,0.73975,0.74007,1.69,1.69
2013.06.10 12:34:08.588,0.73971,0.74007,3.04,1.69
2013.06.10 12:34:08.708,0.73963,0.73998,1.32,3.04
2013.06.10 12:34:08.948,0.73967,0.73996,1.50,1.69
2013.06.10 12:34:09.068,0.73967,0.73998,1.50,1.69
2013.06.10 12:34:09.428,0.73969,0.74,1.69,1.32
2013.06.10 12:34:11.348,0.7397,0.74,1.69,1.32
2013.06.10 12:34:12.758,0.73967,0.74,2.44,1.32
2013.06.10 12:34:12.878,0.73967,0.73999,2.44,1.32
2013.06.10 12:34:13.178,0.73968,0.73999,1.69,1.32
2013.06.10 12:34:13.418,0.73966,0.73999,3.04,1.32
2013.06.10 12:34:14.323,0.73966,0.73999,2.29,1.32
2013.06.10 12:34:14.394,0.73961,0.7399,1.69,1.32
2013.06.10 12:34:14.458,0.73959,0.7399,1.54,1.32
2013.06.10 12:34:14.818,0.7396,0.7399,1.69,1.32
2013.06.10 12:34:15.128,0.7396,0.7399,1.69,1.32
2013.06.10 12:34:15.188,0.7396,0.7399,1.69,1.32
2013.06.10 12:34:15.518,0.73959,0.7399,1.54,1.32
2013.06.10 12:34:15.878,0.73959,0.73989,2.29,1.13
2013.06.10 12:34:18.833,0.73964,0.73989,1.69,1.13
2013.06.10 12:34:18.950,0.73963,0.73993,1.54,1.69
2013.06.10 12:34:19.136,0.73962,0.73993,1.69,1.69
2013.06.10 12:34:19.201,0.73959,0.73993,2.07,1.69
2013.06.10 12:34:20.079,0.73962,0.73993,1.54,1.69
2013.06.10 12:34:20.198,0.73962,0.73995,1.54,2.44
2013.06.10 12:34:20.319,0.73966,0.73998,1.69,1.69
2013.06.10 12:34:20.379,0.7397,0.73998,1.69,1.50
2013.06.10 12:34:21.436,0.7397,0.73998,1.69,1.50
2013.06.10 12:34:22.189,0.73969,0.73998,1.69,1.69
2013.06.10 12:34:22.389,0.73967,0.73996,1.69,1.69
2013.06.10 12:34:22.448,0.73967,0.73996,1.69,1.69
2013.06.10 12:34:22.568,0.73964,0.73996,1.69,1.69
2013.06.10 12:34:23.998,0.7396,0.73985,1.69,1.13
2013.06.10 12:34:24.118,0.73958,0.73985,1.69,1.13
2013.06.10 12:34:24.298,0.73957,0.73985,1.69,1.32
2013.06.10 12:34:24.599,0.73957,0.73985,1.69,1.13
2013.06.10 12:34:24.658,0.73955,0.73985,1.69,1.13
2013.06.10 12:34:24.979,0.73955,0.73985,1.69,1.13
2013.06.10 12:34:26.169,0.73955,0.73985,1.69,1.13
2013.06.10 12:34:26.609,0.73955,0.73985,1.69,1.13
2013.06.10 12:34:26.729,0.7396,0.73985,1.69,1.13
2013.06.10 12:34:27.239,0.73962,0.73988,1.69,1.13
2013.06.10 12:34:27.588,0.73957,0.73985,1.69,1.13
2013.06.10 12:34:27.708,0.73957,0.73985,1.50,2.07
2013.06.10 12:34:27.768,0.73952,0.73985,1.69,2.07
2013.06.10 12:34:27.829,0.73952,0.73983,1.69,1.69
2013.06.10 12:34:27.888,0.73948,0.73977,1.69,1.13
2013.06.10 12:34:28.008,0.73948,0.73977,1.69,1.13
2013.06.10 12:34:28.584,0.73943,0.73977,2.07,1.32
2013.06.10 12:34:28.969,0.73943,0.73977,2.07,1.32
2013.06.10 12:34:29.668,0.73946,0.73977,1.69,1.32
2013.06.10 12:34:30.289,0.73946,0.73977,1.69,2.07
2013.06.10 12:34:30.468,0.73943,0.73977,2.07,2.07
2013.06.10 12:34:30.729,0.73946,0.73977,1.69,2.07
2013.06.10 12:34:30.849,0.73947,0.73977,1.50,2.07
2013.06.10 12:34:30.908,0.73948,0.73977,1.50,2.07
2013.06.10 12:34:31.619,0.7395,0.73977,1.50,1.32
2013.06.10 12:34:32.139,0.73946,0.73977,1.69,1.32
2013.06.10 12:34:32.198,0.73946,0.73976,1.69,1.69
2013.06.10 12:34:32.438,0.73946,0.73976,1.69,1.69
2013.06.10 12:34:34.334,0.73946,0.73976,1.69,1.69
2013.06.10 12:34:37.223,0.73946,0.73977,1.69,2.07
2013.06.10 12:34:37.860,0.73946,0.73977,1.69,2.82
2013.06.10 12:34:37.990,0.73946,0.73975,1.69,1.69
2013.06.10 12:34:38.051,0.73946,0.73977,1.69,2.07
2013.06.10 12:34:38.228,0.73946,0.73975,1.69,2.07
2013.06.10 12:34:38.288,0.73947,0.73975,1.50,2.07
2013.06.10 12:34:38.520,0.73946,0.73975,1.69,2.07
2013.06.10 12:34:40.108,0.73947,0.73975,1.50,3.57
2013.06.10 12:34:40.968,0.73952,0.73978,1.69,1.32
2013.06.10 12:34:41.269,0.73953,0.73979,1.50,1.69
2013.06.10 12:34:41.419,0.73951,0.73978,1.69,1.13
2013.06.10 12:34:41.599,0.73953,0.73979,1.50,1.69
2013.06.10 12:34:43.190,0.73947,0.7398,1.69,2.07
2013.06.10 12:34:43.761,0.73946,0.7398,1.69,2.07
2013.06.10 12:34:44.348,0.73946,0.73974,1.69,1.54
2013.06.10 12:34:44.859,0.73945,0.73974,1.69,1.54
2013.06.10 12:34:47.397,0.73945,0.73974,1.69,1.54
2013.06.10 12:34:48.100,0.73945,0.73974,1.69,1.54
2013.06.10 12:34:52.518,0.73945,0.73974,1.50,1.54
2013.06.10 12:34:52.896,0.73946,0.73974,1.69,1.54
2013.06.10 12:34:53.199,0.73949,0.73978,1.50,1.54
2013.06.10 12:34:53.258,0.73946,0.73978,1.69,2.29
2013.06.10 12:34:53.799,0.73946,0.73977,1.69,1.69
2013.06.10 12:34:55.168,0.73949,0.73977,1.50,1.69
2013.06.10 12:34:57.238,0.73948,0.73978,1.69,1.69
2013.06.10 12:34:58.222,0.73948,0.73979,1.69,2.07
2013.06.10 12:34:58.578,0.73947,0.73978,2.44,2.44
2013.06.10 12:35:00.649,0.7395,0.73978,1.69,2.44
2013.06.10 12:35:03.198,0.7395,0.73979,1.69,2.07
2013.06.10 12:35:04.451,0.7395,0.73979,1.69,2.07
2013.06.10 12:35:11.438,0.73947,0.73979,1.69,2.07
2013.06.10 12:35:11.650,0.7395,0.73979,1.69,2.07
2013.06.10 12:35:14.329,0.7395,0.73979,1.69,2.44
2013.06.10 12:35:14.389,0.73955,0.73979,1.69,2.25
2013.06.10 12:35:15.061,0.73952,0.73979,2.44,1.88
2013.06.10 12:35:15.438,0.73954,0.73979,2.44,1.88
2013.06.10 12:35:15.948,0.7396,0.73983,1.50,2.25
2013.06.10 12:35:16.128,0.73961,0.73989,2.25,1.13
2013.06.10 12:35:16.486,0.73968,0.73991,2.44,1.13
2013.06.10 12:35:16.556,0.73971,0.73999,1.69,2.10
2013.06.10 12:35:16.688,0.73971,0.73999,1.69,2.10
2013.06.10 12:35:16.761,0.73972,0.73999,1.69,1.35
2013.06.10 12:35:16.819,0.73974,0.74002,1.69,1.73
2013.06.10 12:35:16.998,0.73975,0.74004,2.44,1.50
2013.06.10 12:35:17.189,0.73976,0.74008,1.69,1.69
2013.06.10 12:35:17.528,0.73977,0.74004,2.44,1.50
2013.06.10 12:35:17.851,0.73981,0.74008,1.69,1.69
2013.06.10 12:35:18.048,0.73979,0.74005,1.69,1.50
2013.06.10 12:35:18.758,0.73976,0.74005,2.44,1.50
2013.06.10 12:35:18.821,0.73975,0.73999,2.44,1.50
2013.06.10 12:35:19.389,0.73977,0.74003,1.69,1.50
2013.06.10 12:35:19.725,0.73977,0.74003,1.69,1.50
2013.06.10 12:35:19.790,0.73977,0.74004,1.69,1.50
2013.06.10 12:35:20.249,0.73979,0.74004,2.44,1.50
2013.06.10 12:35:22.978,0.73982,0.74009,3.19,1.13
2013.06.10 12:35:23.038,0.73985,0.74011,2.44,1.50
2013.06.10 12:35:23.158,0.73987,0.74015,1.69,1.13
2013.06.10 12:35:23.349,0.7399,0.74015,2.44,1.13
2013.06.10 12:35:23.708,0.73997,0.74025,1.69,1.88
2013.06.10 12:35:23.878,0.73996,0.74023,2.44,1.13
2013.06.10 12:35:26.098,0.73993,0.74021,1.69,1.50
2013.06.10 12:35:26.219,0.73994,0.74023,2.44,1.32
2013.06.10 12:35:26.458,0.73992,0.7402,3.19,1.50
2013.06.10 12:35:26.988,0.73994,0.7402,2.44,1.50
2013.06.10 12:35:27.169,0.73991,0.7402,2.82,1.50
2013.06.10 12:35:28.649,0.73991,0.7402,2.07,1.50
2013.06.10 12:35:28.949,0.73993,0.74023,1.69,1.88
2013.06.10 12:35:29.130,0.73996,0.74022,2.44,1.50
2013.06.10 12:35:29.551,0.73999,0.74023,2.44,1.13
2013.06.10 12:35:29.949,0.74001,0.74024,3.19,1.13
2013.06.10 12:35:30.129,0.74005,0.7403,2.44,2.25
2013.06.10 12:35:30.448,0.74,0.74025,2.44,1.50
2013.06.10 12:35:31.659,0.74001,0.74029,1.69,1.50
2013.06.10 12:35:32.421,0.73999,0.74028,1.32,1.50
2013.06.10 12:35:35.398,0.74001,0.74029,1.69,1.50
2013.06.10 12:35:35.518,0.74005,0.74033,1.69,1.32
2013.06.10 12:35:35.769,0.74009,0.74037,1.69,1.73
2013.06.10 12:35:35.828,0.74009,0.74037,1.69,1.35
2013.06.10 12:35:36.278,0.74012,0.74041,2.44,1.50
2013.06.10 12:35:37.139,0.7401,0.74038,2.44,1.50
2013.06.10 12:35:37.608,0.74007,0.74034,3.19,1.50
2013.06.10 12:35:38.259,0.74007,0.74038,1.69,1.50
2013.06.10 12:35:39.172,0.74009,0.74038,1.69,1.69
2013.06.10 12:35:39.438,0.74007,0.74038,1.69,1.69
2013.06.10 12:35:39.499,0.74007,0.74038,1.69,1.69
2013.06.10 12:35:40.053,0.74007,0.74039,1.69,1.69
2013.06.10 12:35:40.124,0.74011,0.74039,1.69,1.50
2013.06.10 12:35:40.418,0.74011,0.74039,1.69,1.50
2013.06.10 12:35:40.810,0.74008,0.74035,2.44,1.50
2013.06.10 12:35:41.088,0.74009,0.74038,1.69,1.69
2013.06.10 12:35:41.148,0.74009,0.74043,1.69,2.07
2013.06.10 12:35:41.268,0.74009,0.74039,1.69,1.69
2013.06.10 12:35:41.389,0.74006,0.74035,1.69,1.50
2013.06.10 12:35:41.569,0.74006,0.74034,1.69,1.50
2013.06.10 12:35:43.804,0.74005,0.74033,1.32,1.50
2013.06.10 12:35:44.158,0.74006,0.74039,2.44,1.69
2013.06.10 12:35:45.184,0.74006,0.74039,2.44,1.50
2013.06.10 12:35:45.662,0.74007,0.74038,3.19,1.50
2013.06.10 12:35:46.109,0.74014,0.74041,1.32,1.50
2013.06.10 12:35:46.230,0.74016,0.74043,1.69,1.50
2013.06.10 12:35:46.420,0.74017,0.74048,1.69,1.50
2013.06.10 12:35:46.598,0.74016,0.74048,2.44,1.50
2013.06.10 12:35:46.918,0.74022,0.74048,1.69,1.50
2013.06.10 12:35:47.038,0.74022,0.74049,1.69,1.50
2013.06.10 12:35:47.469,0.74019,0.74049,1.69,1.50
2013.06.10 12:35:47.528,0.74022,0.74049,1.69,1.50
2013.06.10 12:35:47.849,0.74019,0.74049,1.69,1.50
2013.06.10 12:35:48.028,0.74017,0.74046,1.69,1.50
2013.06.10 12:35:48.288,0.74019,0.74049,1.69,1.50
2013.06.10 12:35:48.390,0.74016,0.74046,1.69,1.50
2013.06.10 12:35:48.830,0.74016,0.74044,1.69,1.50
2013.06.10 12:35:48.888,0.74015,0.74039,1.32,1.50
2013.06.10 12:35:48.948,0.74012,0.74038,2.07,1.50
2013.06.10 12:35:49.189,0.74011,0.74038,1.69,1.50
2013.06.10 12:35:49.558,0.74011,0.74042,1.69,1.13
2013.06.10 12:35:51.818,0.74011,0.74042,2.44,1.32
2013.06.10 12:35:52.358,0.74011,0.74042,2.44,1.13
2013.06.10 12:35:52.542,0.74016,0.74044,1.32,1.50
2013.06.10 12:35:53.100,0.74016,0.74044,2.07,1.50
2013.06.10 12:35:53.749,0.74019,0.74047,1.69,1.50
2013.06.10 12:35:56.700,0.74021,0.74049,1.69,1.50
2013.06.10 12:35:56.819,0.74018,0.74048,3.19,1.50
2013.06.10 12:35:57.319,0.74021,0.74051,1.69,1.88
2013.06.10 12:35:59.668,0.74021,0.74049,1.69,1.50
2013.06.10 12:36:00.179,0.7402,0.74045,2.44,1.50
2013.06.10 12:36:00.449,0.74022,0.7405,1.69,1.50
2013.06.10 12:36:00.569,0.74024,0.7405,2.44,1.50
2013.06.10 12:36:02.403,0.74024,0.74048,2.44,1.50
2013.06.10 12:36:02.578,0.74022,0.74048,1.69,1.50
2013.06.10 12:36:04.668,0.74023,0.74048,2.44,1.50
2013.06.10 12:36:06.660,0.74023,0.74045,2.44,1.50
2013.06.10 12:36:07.178,0.74023,0.74043,2.44,1.50
2013.06.10 12:36:10.668,0.74023,0.74048,2.44,1.50
2013.06.10 12:36:10.728,0.74025,0.74048,2.44,1.50
2013.06.10 12:36:13.330,0.74025,0.74049,2.44,1.50
2013.06.10 12:36:13.770,0.74025,0.74048,2.44,1.50
2013.06.10 12:36:14.349,0.74026,0.7405,2.44,1.50
2013.06.10 12:36:14.410,0.74026,0.74053,3.19,1.13
2013.06.10 12:36:14.470,0.74026,0.74054,3.19,1.13
2013.06.10 12:36:14.689,0.74026,0.74053,2.44,1.13
2013.06.10 12:36:15.069,0.74026,0.74049,2.44,1.50
2013.06.10 12:36:15.568,0.74025,0.74043,2.44,1.50
2013.06.10 12:36:17.029,0.74025,0.74049,2.44,1.50
2013.06.10 12:36:17.300,0.74025,0.7405,2.44,1.50
2013.06.10 12:36:17.900,0.74024,0.7405,2.44,1.50
2013.06.10 12:36:19.971,0.74024,0.74049,2.44,1.50
2013.06.10 12:36:20.079,0.74024,0.74049,2.44,1.50
2013.06.10 12:36:20.598,0.74024,0.74051,2.44,1.50
2013.06.10 12:36:21.098,0.74026,0.74051,2.44,1.50
2013.06.10 12:36:22.808,0.74025,0.74051,2.44,1.50
2013.06.10 12:36:23.180,0.74025,0.74049,2.44,1.50
2013.06.10 12:36:26.409,0.74025,0.74047,2.44,1.50
2013.06.10 12:36:26.639,0.74025,0.74049,2.44,1.50
2013.06.10 12:36:28.248,0.74023,0.74049,2.44,1.50
2013.06.10 12:36:29.678,0.74025,0.74049,2.44,1.50
2013.06.10 12:36:31.900,0.74025,0.74049,2.44,1.50
2013.06.10 12:36:32.810,0.74025,0.74048,2.44,1.50
2013.06.10 12:36:34.680,0.74023,0.74048,2.44,1.50
2013.06.10 12:36:35.629,0.74022,0.74048,3.19,1.50
2013.06.10 12:36:38.439,0.74023,0.74048,2.44,1.50
2013.06.10 12:36:38.559,0.7403,0.74054,2.44,1.35
2013.06.10 12:36:39.249,0.7403,0.74054,2.44,1.35
2013.06.10 12:36:39.770,0.74032,0.74056,2.44,1.88
2013.06.10 12:36:41.215,0.7403,0.74056,2.44,1.88
2013.06.10 12:36:42.763,0.7403,0.74056,2.44,1.88
2013.06.10 12:36:43.922,0.7403,0.74056,2.44,1.88
2013.06.10 12:36:44.324,0.7403,0.74056,2.44,1.88
2013.06.10 12:36:44.393,0.7403,0.74056,2.44,1.88
2013.06.10 12:36:44.973,0.74028,0.74056,2.44,1.88
2013.06.10 12:36:45.598,0.74028,0.74056,2.44,1.88
2013.06.10 12:36:45.949,0.74031,0.74059,1.69,1.13
2013.06.10 12:36:46.308,0.74031,0.74059,1.69,1.13
2013.06.10 12:36:47.779,0.74032,0.74059,2.44,1.13
2013.06.10 12:36:48.099,0.74032,0.7406,2.44,1.50
2013.06.10 12:36:48.339,0.74031,0.74061,1.50,1.35
2013.06.10 12:36:48.400,0.74037,0.74063,1.69,2.10
2013.06.10 12:36:48.459,0.74038,0.74066,1.69,2.48
2013.06.10 12:36:49.688,0.74038,0.74067,1.69,1.13
2013.06.10 12:36:49.848,0.74039,0.74067,1.69,1.13
2013.06.10 12:36:50.208,0.74042,0.74068,1.69,1.50
2013.06.10 12:36:51.414,0.74042,0.74068,1.69,1.50
2013.06.10 12:36:51.789,0.74043,0.74072,1.69,1.69
2013.06.10 12:36:51.848,0.74044,0.74072,2.44,1.50
2013.06.10 12:36:52.210,0.74045,0.74068,2.44,1.50
2013.06.10 12:36:52.520,0.74042,0.74069,2.44,1.50
2013.06.10 12:36:52.891,0.74042,0.74068,2.44,1.50
2013.06.10 12:36:55.089,0.74043,0.74068,2.44,1.50
2013.06.10 12:36:55.392,0.74049,0.74074,2.25,1.50
2013.06.10 12:36:55.518,0.74046,0.74069,1.32,1.13
2013.06.10 12:36:55.959,0.74038,0.74063,2.44,1.50
2013.06.10 12:36:56.168,0.74036,0.74063,2.44,1.50
2013.06.10 12:36:56.438,0.74039,0.74064,2.44,1.50
2013.06.10 12:36:56.961,0.74041,0.74066,2.25,1.50
2013.06.10 12:36:57.359,0.74042,0.74064,2.25,1.50
2013.06.10 12:36:59.199,0.74041,0.74064,2.44,1.50
2013.06.10 12:36:59.319,0.74036,0.74064,1.69,1.50
2013.06.10 12:36:59.381,0.74036,0.74064,1.69,1.50
2013.06.10 12:37:01.648,0.74034,0.74059,2.82,1.50
2013.06.10 12:37:02.149,0.74035,0.74059,2.44,1.50
2013.06.10 12:37:02.509,0.74035,0.74054,2.44,1.50
2013.06.10 12:37:02.628,0.74026,0.74051,1.69,1.50
2013.06.10 12:37:02.692,0.74027,0.74053,1.69,1.50
2013.06.10 12:37:02.879,0.74025,0.74051,1.32,1.50
2013.06.10 12:37:02.998,0.74025,0.74051,1.32,1.50
2013.06.10 12:37:03.178,0.74022,0.74051,2.07,1.50
2013.06.10 12:37:03.298,0.74022,0.74048,2.07,1.50
2013.06.10 12:37:04.009,0.74022,0.74048,2.07,1.50
2013.06.10 12:37:04.428,0.74022,0.74048,2.07,1.50
2013.06.10 12:37:04.668,0.74021,0.74049,1.69,1.50
2013.06.10 12:37:04.789,0.74019,0.74049,1.69,1.50
2013.06.10 12:37:05.822,0.74017,0.74046,3.57,1.50
2013.06.10 12:37:06.752,0.74022,0.74048,1.69,1.50
2013.06.10 12:37:06.929,0.74022,0.74048,1.69,1.50
2013.06.10 12:37:06.991,0.74022,0.74049,1.69,1.50
2013.06.10 12:37:10.387,0.74023,0.74052,1.69,1.50
2013.06.10 12:37:10.594,0.74023,0.74052,3.19,1.50
2013.06.10 12:37:10.888,0.74026,0.74054,3.19,1.50
2013.06.10 12:37:11.033,0.74026,0.74055,3.19,1.13
2013.06.10 12:37:13.063,0.74026,0.74055,2.44,1.13
2013.06.10 12:37:13.188,0.74026,0.74055,3.19,1.13
2013.06.10 12:37:13.970,0.74026,0.74054,3.19,1.50
2013.06.10 12:37:14.530,0.74026,0.74054,3.19,1.50
2013.06.10 12:37:14.789,0.74026,0.74053,2.44,1.50
2013.06.10 12:37:17.741,0.74031,0.74055,1.69,1.13
2013.06.10 12:37:18.430,0.74031,0.74055,1.69,1.13
2013.06.10 12:37:18.950,0.74031,0.7406,1.69,1.50
2013.06.10 12:37:19.953,0.74031,0.7406,1.69,1.50
2013.06.10 12:37:20.763,0.74031,0.7406,1.69,1.50
2013.06.10 12:37:21.308,0.74027,0.74054,1.32,1.50
2013.06.10 12:37:21.400,0.74027,0.74053,1.32,1.50
2013.06.10 12:37:21.758,0.74021,0.74053,2.44,1.32
2013.06.10 12:37:21.878,0.74025,0.74053,1.69,1.32
2013.06.10 12:37:22.179,0.74025,0.74053,1.69,1.32
2013.06.10 12:37:22.429,0.74022,0.74052,1.69,1.50
2013.06.10 12:37:23.040,0.74018,0.74049,1.69,1.50
2013.06.10 12:37:23.590,0.74017,0.74046,2.07,1.50
2013.06.10 12:37:24.089,0.74017,0.74043,2.07,1.50
2013.06.10 12:37:24.681,0.74017,0.74043,2.07,1.50
2013.06.10 12:37:24.799,0.74017,0.74043,1.32,1.69
2013.06.10 12:37:24.858,0.74016,0.74041,1.32,1.50
2013.06.10 12:37:25.039,0.74011,0.74039,1.69,1.50
2013.06.10 12:37:25.100,0.74011,0.74039,1.69,1.50
2013.06.10 12:37:25.508,0.74011,0.74039,1.69,1.50
2013.06.10 12:37:25.568,0.74011,0.74039,1.69,1.50
2013.06.10 12:37:25.689,0.74009,0.74039,1.69,1.69
2013.06.10 12:37:25.809,0.74009,0.74039,1.69,1.69
2013.06.10 12:37:25.988,0.74011,0.74039,1.69,1.50
2013.06.10 12:37:26.109,0.74011,0.7404,1.69,1.50
2013.06.10 12:37:27.378,0.74011,0.7404,1.69,1.50
2013.06.10 12:37:27.928,0.74011,0.7404,1.69,1.69
2013.06.10 12:37:28.229,0.7401,0.74036,1.69,1.50
2013.06.10 12:37:28.409,0.74008,0.74036,1.69,1.50
2013.06.10 12:37:28.758,0.74009,0.74038,1.69,1.88
2013.06.10 12:37:29.019,0.74011,0.74038,1.69,1.88
2013.06.10 12:37:29.499,0.74012,0.74036,1.69,1.50
2013.06.10 12:37:30.318,0.74011,0.7404,2.44,1.35
2013.06.10 12:37:30.899,0.74011,0.74041,2.44,1.50
2013.06.10 12:37:31.181,0.74011,0.74039,1.69,1.50
2013.06.10 12:37:33.607,0.74011,0.74039,1.69,1.50
2013.06.10 12:37:35.550,0.7401,0.74039,1.69,1.50
2013.06.10 12:37:38.106,0.74011,0.74039,1.69,1.50
2013.06.10 12:37:38.228,0.74011,0.74039,3.19,1.50
2013.06.10 12:37:40.219,0.74011,0.74039,3.19,1.50
2013.06.10 12:37:41.539,0.74011,0.74039,1.69,1.50
2013.06.10 12:37:42.308,0.74011,0.74035,1.69,1.50
2013.06.10 12:37:42.488,0.74011,0.74035,1.69,1.50
2013.06.10 12:37:43.108,0.74012,0.74038,1.69,1.50
2013.06.10 12:37:44.335,0.74012,0.74038,1.69,1.50
2013.06.10 12:37:44.458,0.74012,0.74038,1.69,1.50
2013.06.10 12:37:44.578,0.74009,0.74035,1.32,1.50
2013.06.10 12:37:44.638,0.74006,0.74035,1.69,1.50
2013.06.10 12:37:44.879,0.74004,0.74032,1.69,1.50
2013.06.10 12:37:45.354,0.74006,0.74034,1.69,1.50
2013.06.10 12:37:45.419,0.74006,0.74034,1.69,1.50
2013.06.10 12:37:48.598,0.74011,0.74037,1.69,1.13
2013.06.10 12:37:50.288,0.74011,0.74039,2.44,1.32
2013.06.10 12:37:50.881,0.74011,0.74037,1.69,1.13
2013.06.10 12:37:51.028,0.74011,0.74037,1.69,1.13
2013.06.10 12:37:52.192,0.74009,0.74037,1.69,1.13
2013.06.10 12:37:52.308,0.74011,0.74039,1.69,2.07
2013.06.10 12:37:52.830,0.7401,0.74038,2.44,1.32
2013.06.10 12:37:53.541,0.74012,0.74039,1.69,1.50
2013.06.10 12:37:53.869,0.74012,0.74039,1.69,1.50
2013.06.10 12:37:54.109,0.7401,0.74038,1.32,1.50
2013.06.10 12:37:54.838,0.74009,0.74037,1.32,1.50
2013.06.10 12:37:55.179,0.74006,0.74034,1.69,1.50
2013.06.10 12:37:55.359,0.74006,0.74034,1.69,1.69
2013.06.10 12:37:55.880,0.74006,0.74034,1.69,1.69
2013.06.10 12:37:57.190,0.74006,0.74034,1.69,1.69
2013.06.10 12:37:57.308,0.74011,0.74038,2.44,1.13
2013.06.10 12:37:58.229,0.74011,0.74038,1.69,1.13
2013.06.10 12:37:58.408,0.7401,0.74038,1.69,1.13
2013.06.10 12:37:58.468,0.74007,0.74038,2.44,1.32
2013.06.10 12:37:58.919,0.74007,0.74038,1.69,1.32
2013.06.10 12:37:58.979,0.7401,0.74038,1.69,1.13
2013.06.10 12:37:59.680,0.74012,0.74038,1.69,1.13
2013.06.10 12:38:00.290,0.74013,0.74038,1.69,1.13
2013.06.10 12:38:02.642,0.74008,0.74038,1.69,1.88
2013.06.10 12:38:04.949,0.7401,0.74038,1.69,1.88
2013.06.10 12:38:06.964,0.74009,0.74038,1.69,2.07
2013.06.10 12:38:12.040,0.74009,0.74042,1.69,2.07
2013.06.10 12:38:13.700,0.74011,0.74042,1.69,2.07
2013.06.10 12:38:14.296,0.74009,0.74042,1.69,2.07
2013.06.10 12:38:18.200,0.74012,0.74042,1.69,2.07
2013.06.10 12:38:19.400,0.7401,0.74042,1.69,2.07
2013.06.10 12:38:19.458,0.74015,0.74042,1.50,1.32
2013.06.10 12:38:20.159,0.74016,0.74042,1.69,1.13
2013.06.10 12:38:20.218,0.74013,0.74042,1.69,1.13
2013.06.10 12:38:22.359,0.74014,0.74042,1.69,1.13
2013.06.10 12:38:23.259,0.74014,0.74042,1.69,1.13
2013.06.10 12:38:23.805,0.74013,0.74042,1.69,1.32
2013.06.10 12:38:26.000,0.74012,0.74042,1.69,1.32
2013.06.10 12:38:30.118,0.74011,0.74044,1.69,1.32
2013.06.10 12:38:31.958,0.74015,0.74044,1.69,1.13
2013.06.10 12:38:32.189,0.74016,0.74044,1.69,1.13
2013.06.10 12:38:32.849,0.74015,0.74044,1.69,1.32
2013.06.10 12:38:33.092,0.74012,0.74044,1.69,1.32
2013.06.10 12:38:33.150,0.74015,0.74044,1.69,1.32
2013.06.10 12:38:33.400,0.74012,0.74044,1.69,1.32
2013.06.10 12:38:33.999,0.74012,0.7404,1.69,1.69
2013.06.10 12:38:34.833,0.74012,0.7404,1.69,1.69
2013.06.10 12:38:35.230,0.74014,0.74044,1.69,2.07
2013.06.10 12:38:35.769,0.74017,0.74044,1.69,1.88
2013.06.10 12:38:36.300,0.74017,0.74044,1.69,1.13
2013.06.10 12:38:36.419,0.74018,0.74048,1.69,1.69
2013.06.10 12:38:36.480,0.7402,0.74048,1.69,1.50
2013.06.10 12:38:36.790,0.74019,0.74048,1.69,1.50
2013.06.10 12:38:36.950,0.74019,0.74048,1.69,1.50
2013.06.10 12:38:38.175,0.74019,0.74048,1.69,1.50
2013.06.10 12:38:38.398,0.74021,0.74048,1.69,1.50
2013.06.10 12:38:38.698,0.74018,0.74048,1.69,1.69
2013.06.10 12:38:38.818,0.74017,0.74048,1.69,1.69
2013.06.10 12:38:39.318,0.7402,0.74048,1.69,1.69
2013.06.10 12:38:39.400,0.7402,0.74048,1.69,1.69
2013.06.10 12:38:40.799,0.74019,0.74048,1.69,1.69
2013.06.10 12:38:41.309,0.7402,0.74048,1.69,1.69
2013.06.10 12:38:41.829,0.74017,0.74049,1.69,1.69
2013.06.10 12:38:45.878,0.74016,0.74049,1.69,2.44
2013.06.10 12:38:51.530,0.74016,0.74044,2.44,1.50
2013.06.10 12:38:51.960,0.74014,0.74046,2.07,1.69
2013.06.10 12:38:52.190,0.74014,0.74044,2.07,1.69
2013.06.10 12:38:54.198,0.74014,0.74046,2.07,1.69
2013.06.10 12:38:54.500,0.74014,0.74044,2.07,1.69
2013.06.10 12:38:56.518,0.74016,0.74046,1.69,1.69
2013.06.10 12:38:56.579,0.74016,0.74049,1.69,1.32
2013.06.10 12:38:56.698,0.74023,0.74049,1.50,1.32
2013.06.10 12:38:56.758,0.74023,0.74049,1.50,1.32
2013.06.10 12:38:56.879,0.74022,0.74049,1.50,1.32
2013.06.10 12:38:58.856,0.74022,0.74049,1.69,1.32
2013.06.10 12:39:00.238,0.74017,0.74048,1.69,1.69
2013.06.10 12:39:01.040,0.74017,0.74048,1.69,1.69
2013.06.10 12:39:01.371,0.7402,0.7405,1.69,2.07
2013.06.10 12:39:01.760,0.74019,0.7405,1.69,1.69
2013.06.10 12:39:01.819,0.7402,0.7405,1.69,1.69
2013.06.10 12:39:02.420,0.74017,0.74048,2.44,1.69
2013.06.10 12:39:02.539,0.74017,0.74048,1.69,1.69
2013.06.10 12:39:02.719,0.74017,0.74049,1.69,1.69
2013.06.10 12:39:04.158,0.74021,0.74049,1.69,1.69
2013.06.10 12:39:04.410,0.74021,0.74049,1.50,2.44
2013.06.10 12:39:06.109,0.74017,0.74049,1.69,2.44
2013.06.10 12:39:06.678,0.74016,0.74048,1.69,1.32
2013.06.10 12:39:07.797,0.74015,0.74044,1.69,1.69
2013.06.10 12:39:08.147,0.74016,0.74044,1.69,1.50
2013.06.10 12:39:09.170,0.74017,0.74048,2.44,1.32
2013.06.10 12:39:09.306,0.74019,0.74048,1.69,1.32
2013.06.10 12:39:09.809,0.74021,0.74049,1.69,1.32
2013.06.10 12:39:09.949,0.74023,0.74051,1.50,2.07
2013.06.10 12:39:10.229,0.74022,0.74048,1.69,1.32
2013.06.10 12:39:10.335,0.74023,0.74051,1.50,2.07
2013.06.10 12:39:12.533,0.74023,0.74051,1.50,2.07
2013.06.10 12:39:14.159,0.74023,0.7405,1.50,1.32
2013.06.10 12:39:14.419,0.74021,0.74049,1.50,1.32
2013.06.10 12:39:14.478,0.74021,0.74049,1.50,1.32
2013.06.10 12:39:14.598,0.74019,0.74049,1.69,2.07
2013.06.10 12:39:14.658,0.74019,0.74048,1.50,1.32
2013.06.10 12:39:14.959,0.74015,0.74044,1.69,1.69
2013.06.10 12:39:15.278,0.74019,0.74047,1.50,1.69
2013.06.10 12:39:15.890,0.74019,0.74048,1.50,2.07
2013.06.10 12:39:16.409,0.74016,0.74047,1.69,1.69
2013.06.10 12:39:16.660,0.74016,0.74048,1.69,1.32
2013.06.10 12:39:16.849,0.74016,0.74047,1.69,1.69
2013.06.10 12:39:17.278,0.74019,0.74048,1.50,1.32
2013.06.10 12:39:17.689,0.74019,0.74048,1.69,1.32
2013.06.10 12:39:17.898,0.74019,0.74048,1.69,2.07
2013.06.10 12:39:18.429,0.74022,0.7405,1.50,2.67
2013.06.10 12:39:19.783,0.74022,0.74049,1.50,1.32
2013.06.10 12:39:20.138,0.74022,0.74048,1.50,1.32
2013.06.10 12:39:20.501,0.74012,0.74046,1.69,1.69
2013.06.10 12:39:20.570,0.74012,0.74044,1.69,1.69
2013.06.10 12:39:20.689,0.74012,0.74046,1.69,1.69
2013.06.10 12:39:21.049,0.7401,0.74044,2.07,2.29
2013.06.10 12:39:21.296,0.7401,0.74044,2.07,1.54
2013.06.10 12:39:21.692,0.7401,0.74041,1.69,1.32
2013.06.10 12:39:21.748,0.74008,0.74041,1.69,1.32
2013.06.10 12:39:22.339,0.74009,0.74041,1.69,1.32
2013.06.10 12:39:22.729,0.74004,0.74038,1.69,1.69
2013.06.10 12:39:22.849,0.74004,0.74038,1.69,1.69
2013.06.10 12:39:23.178,0.74,0.74034,1.69,1.32
2013.06.10 12:39:23.489,0.73998,0.74028,1.69,1.35
2013.06.10 12:39:23.789,0.73996,0.74028,1.32,2.29
2013.06.10 12:39:23.881,0.73996,0.74028,1.32,2.29
2013.06.10 12:39:24.420,0.73994,0.74024,1.50,1.32
2013.06.10 12:39:24.980,0.7399,0.74025,1.69,1.69
2013.06.10 12:39:25.101,0.73993,0.74025,1.69,1.69
2013.06.10 12:39:25.409,0.73997,0.74028,2.44,1.54
2013.06.10 12:39:25.958,0.73997,0.74032,2.44,1.69
2013.06.10 12:39:26.789,0.74001,0.74034,1.69,1.69
2013.06.10 12:39:27.300,0.74005,0.74035,1.69,1.69
2013.06.10 12:39:27.588,0.74005,0.74038,1.69,2.44
2013.06.10 12:39:28.775,0.74005,0.74035,1.69,1.69
2013.06.10 12:39:29.299,0.74005,0.74035,1.50,1.69
2013.06.10 12:39:30.149,0.74005,0.74035,1.69,1.69
2013.06.10 12:39:30.757,0.74005,0.74036,1.69,1.69
2013.06.10 12:39:31.298,0.74,0.74032,1.69,1.54
2013.06.10 12:39:33.338,0.73998,0.74032,2.44,1.92
2013.06.10 12:39:33.459,0.73998,0.74027,1.69,1.35
2013.06.10 12:39:33.698,0.73995,0.74027,1.32,1.54
2013.06.10 12:39:34.490,0.73995,0.74027,1.32,1.54
2013.06.10 12:39:35.758,0.73995,0.74027,1.32,1.54
2013.06.10 12:39:36.059,0.73996,0.74027,1.13,1.54
2013.06.10 12:39:37.679,0.73996,0.74024,1.13,1.69
2013.06.10 12:39:38.018,0.73996,0.74024,1.32,1.69
2013.06.10 12:39:38.199,0.73996,0.74028,1.32,1.69
2013.06.10 12:39:51.650,0.73994,0.74026,1.32,1.32
2013.06.10 12:39:52.469,0.73994,0.74026,1.32,1.32
2013.06.10 12:39:52.528,0.73994,0.74023,1.32,1.50
2013.06.10 12:39:52.589,0.73994,0.74026,1.32,1.32
2013.06.10 12:39:53.088,0.73995,0.74024,1.69,1.50
2013.06.10 12:39:53.229,0.73994,0.74026,2.07,1.32
2013.06.10 12:39:53.629,0.73994,0.74023,1.32,1.69
2013.06.10 12:39:54.198,0.73995,0.74026,2.44,1.32
2013.06.10 12:39:54.338,0.73996,0.74028,1.69,1.32
2013.06.10 12:39:54.459,0.74,0.74028,1.69,2.07
2013.06.10 12:39:55.329,0.74,0.74028,2.44,2.07
2013.06.10 12:39:55.388,0.74,0.74028,2.44,2.07
2013.06.10 12:39:55.488,0.74,0.74028,1.69,2.07
2013.06.10 12:39:56.061,0.73999,0.74028,1.69,2.07
2013.06.10 12:39:56.410,0.73999,0.74028,1.69,1.88
2013.06.10 12:39:56.615,0.73999,0.74028,1.69,1.88
2013.06.10 12:39:56.678,0.73999,0.74028,1.69,1.88
2013.06.10 12:39:58.616,0.74,0.74028,1.69,1.88
2013.06.10 12:39:58.960,0.74,0.74028,1.69,1.88
2013.06.10 12:39:59.130,0.74002,0.74028,1.69,1.88
2013.06.10 12:40:00.886,0.74002,0.74028,1.69,1.13
2013.06.10 12:40:01.452,0.74002,0.7403,1.69,1.32
2013.06.10 12:40:01.809,0.74006,0.7403,1.69,1.13
2013.06.10 12:40:02.761,0.74005,0.7403,1.69,1.13
2013.06.10 12:40:03.189,0.74004,0.74028,1.69,1.13
2013.06.10 12:40:03.380,0.74002,0.74032,1.69,1.32
2013.06.10 12:40:03.699,0.74004,0.74034,2.07,1.69
2013.06.10 12:40:05.988,0.74006,0.74034,1.69,1.69
2013.06.10 12:40:06.560,0.74006,0.74036,1.69,1.32
2013.06.10 12:40:10.838,0.74006,0.74034,1.69,1.50
2013.06.10 12:40:10.898,0.74006,0.74034,1.69,1.50
2013.06.10 12:40:11.080,0.74005,0.74034,1.69,1.50
2013.06.10 12:40:11.200,0.74004,0.74034,2.82,1.50
2013.06.10 12:40:11.440,0.74006,0.74034,1.69,1.50
2013.06.10 12:40:11.899,0.74005,0.74034,1.69,1.50
2013.06.10 12:40:11.959,0.74004,0.74031,1.13,1.35
2013.06.10 12:40:12.160,0.74002,0.74028,1.13,1.50
2013.06.10 12:40:12.231,0.73998,0.74027,1.69,1.13
2013.06.10 12:40:16.219,0.73997,0.74027,1.69,1.32
2013.06.10 12:40:16.342,0.73997,0.74027,1.69,1.32
2013.06.10 12:40:20.360,0.73995,0.74026,2.82,1.54
2013.06.10 12:40:26.390,0.73996,0.74025,1.69,1.69
2013.06.10 12:40:26.689,0.73992,0.74021,2.44,1.13
2013.06.10 12:40:26.748,0.73992,0.7402,1.69,1.13
2013.06.10 12:40:27.298,0.73994,0.74024,1.69,1.69
2013.06.10 12:40:27.639,0.73994,0.74027,1.69,2.44
2013.06.10 12:40:27.978,0.73993,0.74023,1.32,1.69
2013.06.10 12:40:28.158,0.73993,0.74023,1.32,1.69
2013.06.10 12:40:28.949,0.73993,0.74023,1.32,1.69
2013.06.10 12:40:33.503,0.73993,0.74024,1.32,1.54
2013.06.10 12:40:33.668,0.7399,0.74014,1.69,2.25
2013.06.10 12:40:33.908,0.73989,0.74014,1.69,2.25
2013.06.10 12:40:34.088,0.73987,0.74013,1.69,1.50
2013.06.10 12:40:34.329,0.73992,0.74022,1.69,1.32
2013.06.10 12:40:34.388,0.73992,0.74022,1.69,1.32
2013.06.10 12:40:34.509,0.73993,0.74022,1.69,1.32
2013.06.10 12:40:34.698,0.73993,0.74022,1.69,1.32
2013.06.10 12:40:35.366,0.73992,0.74022,1.69,1.32
2013.06.10 12:40:35.428,0.73992,0.74022,1.69,2.07
2013.06.10 12:40:35.979,0.7399,0.74018,1.69,1.35
2013.06.10 12:40:36.039,0.73988,0.74018,1.69,1.35
2013.06.10 12:40:36.692,0.73986,0.74018,1.69,1.54
2013.06.10 12:40:37.168,0.73986,0.74016,2.44,1.54
2013.06.10 12:40:42.129,0.73984,0.74012,1.32,1.35
2013.06.10 12:40:42.518,0.73984,0.74012,1.32,1.54
2013.06.10 12:40:42.638,0.73981,0.7401,1.69,1.50
2013.06.10 12:40:42.759,0.73979,0.7401,2.44,1.69
2013.06.10 12:40:42.819,0.73979,0.74009,1.69,1.69
2013.06.10 12:40:42.879,0.73976,0.74009,2.82,1.69
2013.06.10 12:40:42.938,0.73976,0.74011,2.82,2.67
2013.06.10 12:40:43.501,0.73977,0.74011,2.44,1.92
2013.06.10 12:40:43.642,0.7398,0.74011,2.44,1.92
2013.06.10 12:40:44.519,0.7398,0.74011,1.69,1.32
2013.06.10 12:40:46.030,0.73983,0.74009,1.69,1.13
2013.06.10 12:40:46.548,0.73983,0.7401,1.69,1.13
2013.06.10 12:40:46.860,0.73983,0.7401,1.69,1.13
2013.06.10 12:40:47.380,0.7398,0.74009,1.69,1.13
2013.06.10 12:40:48.609,0.73982,0.74011,1.69,1.13
2013.06.10 12:40:49.039,0.7398,0.74009,1.69,1.92
2013.06.10 12:40:53.439,0.7398,0.74009,1.69,1.32
2013.06.10 12:40:56.508,0.7398,0.74009,1.69,1.32
2013.06.10 12:41:02.426,0.7398,0.74009,1.69,1.32
2013.06.10 12:41:03.933,0.7398,0.74009,1.69,1.32
2013.06.10 12:41:12.719,0.73978,0.74008,2.44,1.13
2013.06.10 12:41:13.039,0.73982,0.74012,2.44,1.92
2013.06.10 12:41:13.229,0.73984,0.74012,1.69,1.17
2013.06.10 12:41:15.593,0.73984,0.74012,1.69,1.17
2013.06.10 12:41:16.159,0.73985,0.74014,1.69,1.32
2013.06.10 12:41:17.049,0.73988,0.74016,2.44,1.13
2013.06.10 12:41:17.381,0.73991,0.74019,1.69,1.32
2013.06.10 12:41:17.499,0.73991,0.7402,1.69,1.92
2013.06.10 12:41:18.320,0.73992,0.7402,1.69,1.73
2013.06.10 12:41:18.880,0.73995,0.74021,1.69,1.54
2013.06.10 12:41:19.438,0.73998,0.74026,1.50,1.32
2013.06.10 12:41:21.412,0.73996,0.74024,1.69,1.32
2013.06.10 12:41:22.640,0.73998,0.74026,1.50,1.32
2013.06.10 12:41:24.089,0.73995,0.74023,1.50,2.07
2013.06.10 12:41:24.149,0.73995,0.74023,1.50,2.07
2013.06.10 12:41:24.734,0.73992,0.74021,1.50,1.32
2013.06.10 12:41:25.100,0.73997,0.74027,2.07,1.69
2013.06.10 12:41:25.160,0.73998,0.74029,1.69,1.54
2013.06.10 12:41:25.219,0.73998,0.74029,1.69,1.69
2013.06.10 12:41:25.578,0.74001,0.74031,1.69,2.44
2013.06.10 12:41:26.768,0.73998,0.74028,1.69,1.69
2013.06.10 12:41:27.609,0.73998,0.74028,1.69,1.69
2013.06.10 12:41:28.139,0.73998,0.74029,1.69,2.29
2013.06.10 12:41:28.199,0.73997,0.74029,1.32,2.29
2013.06.10 12:41:28.559,0.73997,0.74031,3.19,1.32
2013.06.10 12:41:28.721,0.73997,0.74031,3.19,1.32
2013.06.10 12:41:28.806,0.74001,0.74031,1.69,1.32
2013.06.10 12:41:29.420,0.74003,0.74034,1.69,2.07
2013.06.10 12:41:29.969,0.74003,0.74034,1.69,1.32
2013.06.10 12:41:30.358,0.74003,0.74034,1.69,2.07
2013.06.10 12:41:32.219,0.74006,0.74034,1.50,1.32
2013.06.10 12:41:32.779,0.74007,0.74037,2.07,1.69
2013.06.10 12:41:32.838,0.74007,0.74038,2.07,2.44
2013.06.10 12:41:33.512,0.74007,0.74038,1.13,2.44
2013.06.10 12:41:33.628,0.74007,0.74036,1.13,1.69
2013.06.10 12:41:33.749,0.74006,0.74034,1.32,1.69
2013.06.10 12:41:35.524,0.74006,0.74033,1.13,1.69
2013.06.10 12:41:35.950,0.74007,0.74033,1.13,1.69
2013.06.10 12:41:36.069,0.74007,0.74037,1.13,1.69
2013.06.10 12:41:36.409,0.74008,0.74037,1.50,1.69
2013.06.10 12:41:36.468,0.74008,0.74039,1.50,2.82
2013.06.10 12:41:38.221,0.74008,0.74039,1.69,2.07
2013.06.10 12:41:39.268,0.7401,0.74039,1.69,2.07
2013.06.10 12:41:39.329,0.74008,0.74039,1.69,2.07
2013.06.10 12:41:39.389,0.74007,0.74036,1.32,1.50
2013.06.10 12:41:39.448,0.74007,0.74036,1.32,1.69
2013.06.10 12:41:39.939,0.74008,0.74038,1.50,2.44
2013.06.10 12:41:40.470,0.74008,0.74038,1.69,1.69
2013.06.10 12:41:41.478,0.74008,0.74038,1.50,1.69
2013.06.10 12:41:42.567,0.74007,0.74037,1.13,1.69
2013.06.10 12:41:42.928,0.74007,0.74037,1.88,1.69
2013.06.10 12:41:42.988,0.74007,0.74039,2.07,2.82
2013.06.10 12:41:43.329,0.74009,0.74039,1.69,1.32
2013.06.10 12:41:43.799,0.74009,0.74039,1.69,1.32
2013.06.10 12:41:44.121,0.74007,0.74038,1.32,1.69
2013.06.10 12:41:44.710,0.74007,0.74036,1.32,1.69
2013.06.10 12:41:45.500,0.74008,0.74039,1.50,2.82
2013.06.10 12:41:45.739,0.74008,0.74038,1.69,1.69
2013.06.10 12:41:45.799,0.74008,0.74039,1.50,2.82
2013.06.10 12:41:46.139,0.74007,0.74036,1.32,1.69
2013.06.10 12:41:47.709,0.74005,0.74038,1.69,1.32
2013.06.10 12:41:48.761,0.74006,0.74038,1.69,2.07
2013.06.10 12:41:49.202,0.74006,0.74037,1.69,1.69
2013.06.10 12:41:49.508,0.74006,0.74037,1.69,1.69
2013.06.10 12:41:52.830,0.74006,0.74034,1.69,1.69
2013.06.10 12:41:53.420,0.74009,0.74036,1.50,1.54
2013.06.10 12:41:56.849,0.74009,0.74037,1.50,1.54
2013.06.10 12:41:57.239,0.74003,0.74031,1.69,1.32
2013.06.10 12:41:57.829,0.74003,0.74031,1.69,1.13
2013.06.10 12:41:58.499,0.74003,0.74031,1.69,1.32
2013.06.10 12:42:00.709,0.74009,0.74038,1.50,2.44
2013.06.10 12:42:00.889,0.74008,0.74039,1.69,2.07
2013.06.10 12:42:01.118,0.74008,0.74039,1.69,2.07
2013.06.10 12:42:03.369,0.74008,0.74039,1.69,2.82
2013.06.10 12:42:03.550,0.74006,0.74039,1.69,2.07
2013.06.10 12:42:04.058,0.74005,0.74037,1.32,1.69
2013.06.10 12:42:04.600,0.74005,0.74034,1.32,1.69
2013.06.10 12:42:04.913,0.74006,0.74034,1.50,1.69
2013.06.10 12:42:05.348,0.74006,0.74034,1.50,1.69
2013.06.10 12:42:06.409,0.74006,0.74034,1.50,1.69
2013.06.10 12:42:08.420,0.74005,0.74033,1.32,1.69
2013.06.10 12:42:10.809,0.74005,0.74036,1.13,1.69
2013.06.10 12:42:11.331,0.74005,0.74034,1.13,1.69
2013.06.10 12:42:12.320,0.74005,0.74036,1.13,1.69
2013.06.10 12:42:12.500,0.74005,0.74038,1.32,2.44
2013.06.10 12:42:12.750,0.74005,0.74038,1.32,2.44
2013.06.10 12:42:12.868,0.74005,0.74038,1.32,2.44
2013.06.10 12:42:13.639,0.74005,0.74038,1.32,2.44
2013.06.10 12:42:13.699,0.74005,0.74033,1.32,1.69
2013.06.10 12:42:19.420,0.74002,0.74033,1.32,1.69
2013.06.10 12:42:19.479,0.74002,0.74033,1.32,1.69
2013.06.10 12:42:20.134,0.74002,0.74032,1.32,1.69
2013.06.10 12:42:20.667,0.74002,0.74033,1.32,2.44
2013.06.10 12:42:21.119,0.74002,0.74033,1.32,1.69
2013.06.10 12:42:21.499,0.74003,0.74036,1.69,1.32
2013.06.10 12:42:22.448,0.74003,0.74033,1.69,1.69
2013.06.10 12:42:22.511,0.74002,0.74033,1.32,1.69
2013.06.10 12:42:24.179,0.74002,0.74031,1.13,1.69
2013.06.10 12:42:24.719,0.74002,0.74032,1.32,1.69
2013.06.10 12:42:25.051,0.74004,0.74035,1.69,1.69
2013.06.10 12:42:25.109,0.74004,0.74033,1.69,1.69
2013.06.10 12:42:25.169,0.74004,0.74035,1.69,1.69
2013.06.10 12:42:25.749,0.74004,0.74034,1.50,1.69
2013.06.10 12:42:26.089,0.74002,0.74034,1.32,2.44
2013.06.10 12:42:26.370,0.74005,0.74034,1.69,1.69
2013.06.10 12:42:27.309,0.74005,0.74034,1.69,1.69
2013.06.10 12:42:27.429,0.74005,0.74036,1.69,1.32
2013.06.10 12:42:28.199,0.74005,0.74036,1.69,1.32
2013.06.10 12:42:28.439,0.74005,0.74034,1.69,1.69
2013.06.10 12:42:33.669,0.74005,0.74034,1.69,1.69
2013.06.10 12:42:33.729,0.74005,0.74033,1.50,1.69
2013.06.10 12:42:34.030,0.73998,0.74027,1.50,1.69
2013.06.10 12:42:34.149,0.73996,0.74027,2.29,1.69
2013.06.10 12:42:34.269,0.73996,0.74026,2.10,1.69
2013.06.10 12:42:35.060,0.73996,0.74026,2.10,1.69
2013.06.10 12:42:35.119,0.73996,0.74029,2.29,2.07
2013.06.10 12:42:35.359,0.74,0.74029,1.50,1.32
2013.06.10 12:42:37.839,0.74001,0.74031,1.69,1.32
2013.06.10 12:42:37.899,0.74001,0.74029,1.69,1.32
2013.06.10 12:42:38.408,0.74001,0.74029,1.69,1.13
2013.06.10 12:42:40.660,0.74001,0.74031,1.69,1.32
2013.06.10 12:42:41.833,0.74002,0.74032,1.69,1.69
2013.06.10 12:42:42.305,0.74,0.74027,1.35,1.69
2013.06.10 12:42:42.381,0.73994,0.74022,1.69,1.32
2013.06.10 12:42:42.753,0.73994,0.74024,1.13,1.69
2013.06.10 12:42:42.819,0.73994,0.74026,1.32,1.69
2013.06.10 12:42:42.938,0.73996,0.74028,1.69,1.32
2013.06.10 12:42:43.179,0.73996,0.74028,1.69,1.32
2013.06.10 12:42:43.389,0.74003,0.74031,1.50,1.32
2013.06.10 12:42:43.650,0.74003,0.74034,2.07,2.44
2013.06.10 12:42:44.004,0.74003,0.74034,2.07,1.69
2013.06.10 12:42:44.441,0.74003,0.74034,2.07,2.44
2013.06.10 12:42:44.983,0.74003,0.74034,1.88,2.44
2013.06.10 12:42:45.242,0.74003,0.74034,1.88,1.69
2013.06.10 12:42:45.749,0.74003,0.74035,2.07,1.69
2013.06.10 12:42:46.360,0.74003,0.74036,2.07,1.69
2013.06.10 12:42:47.586,0.74006,0.74037,1.69,2.07
2013.06.10 12:42:48.369,0.74005,0.74037,1.69,1.32
2013.06.10 12:42:48.488,0.74004,0.74034,1.54,1.69
2013.06.10 12:42:48.700,0.74003,0.74037,2.07,2.07
2013.06.10 12:42:49.140,0.74003,0.74033,1.32,1.69
2013.06.10 12:42:49.199,0.74003,0.74033,1.32,1.69
2013.06.10 12:42:51.280,0.74003,0.7403,1.13,1.69
2013.06.10 12:42:51.339,0.73999,0.74028,2.07,1.69
2013.06.10 12:42:51.400,0.73996,0.74028,1.69,1.69
2013.06.10 12:42:51.879,0.73997,0.74027,1.50,1.69
2013.06.10 12:42:52.309,0.73997,0.74027,1.50,1.69
2013.06.10 12:42:53.101,0.73995,0.74024,1.32,1.69
2013.06.10 12:42:53.161,0.73995,0.74023,1.32,1.69
2013.06.10 12:42:53.469,0.73995,0.74028,1.32,2.44
2013.06.10 12:42:53.871,0.73995,0.74023,1.32,1.69
2013.06.10 12:42:54.089,0.73995,0.74023,1.32,1.69
2013.06.10 12:42:54.641,0.73995,0.74025,1.32,1.69
2013.06.10 12:42:54.929,0.73995,0.74023,1.32,1.69
2013.06.10 12:42:54.989,0.73995,0.74023,1.13,1.69
2013.06.10 12:42:55.540,0.73995,0.74021,1.13,1.69
2013.06.10 12:42:57.648,0.73987,0.74019,1.32,1.69
2013.06.10 12:42:59.162,0.73987,0.74019,1.32,1.69
2013.06.10 12:43:00.369,0.73987,0.74021,1.32,1.32
2013.06.10 12:43:04.392,0.73987,0.7402,1.32,1.69
2013.06.10 12:43:05.338,0.73989,0.74021,1.69,1.32
2013.06.10 12:43:07.379,0.73989,0.74021,1.69,1.32
2013.06.10 12:43:08.031,0.73987,0.74021,2.07,1.32
2013.06.10 12:43:08.559,0.73989,0.74019,1.69,1.69
2013.06.10 12:43:08.620,0.73989,0.74018,2.44,1.69
2013.06.10 12:43:09.180,0.7399,0.74019,1.69,1.50
2013.06.10 12:43:09.239,0.7399,0.74019,1.69,1.50
2013.06.10 12:43:09.299,0.73987,0.74019,1.32,1.69
2013.06.10 12:43:09.440,0.73987,0.74019,1.32,1.69
2013.06.10 12:43:09.799,0.73987,0.74021,1.32,2.07
2013.06.10 12:43:10.349,0.73987,0.74021,2.67,1.32
2013.06.10 12:43:10.649,0.73987,0.74021,1.32,2.07
2013.06.10 12:43:11.389,0.7399,0.74021,1.69,1.32
2013.06.10 12:43:12.903,0.73992,0.74025,1.32,1.69
2013.06.10 12:43:16.279,0.73992,0.74022,1.32,1.69
2013.06.10 12:43:16.479,0.73992,0.74022,1.32,1.69
2013.06.10 12:43:16.989,0.73992,0.74022,1.32,1.69
2013.06.10 12:43:17.229,0.73991,0.74019,1.32,1.69
2013.06.10 12:43:17.289,0.73992,0.74021,1.32,1.69
2013.06.10 12:43:17.590,0.73992,0.74021,1.32,1.69
2013.06.10 12:43:23.882,0.73992,0.74023,2.07,1.69
2013.06.10 12:43:24.442,0.73996,0.74026,1.50,2.07
2013.06.10 12:43:24.889,0.73992,0.74025,1.32,1.69
2013.06.10 12:43:25.790,0.73992,0.74026,1.32,1.32
2013.06.10 12:43:30.229,0.73996,0.74027,1.32,1.69
2013.06.10 12:43:30.530,0.73987,0.74018,2.07,1.32
2013.06.10 12:43:30.839,0.73987,0.74018,1.69,1.32
2013.06.10 12:43:30.930,0.73986,0.74018,1.32,1.32
2013.06.10 12:43:31.273,0.73986,0.74017,1.32,1.69
2013.06.10 12:43:31.580,0.73979,0.74011,1.32,2.07
2013.06.10 12:43:31.661,0.73979,0.74011,1.32,2.07
2013.06.10 12:43:32.033,0.73983,0.74011,1.69,1.32
2013.06.10 12:43:32.277,0.73983,0.74011,1.69,1.32
2013.06.10 12:43:32.729,0.73979,0.74011,1.32,1.32
2013.06.10 12:43:32.977,0.73979,0.74011,1.32,1.32
2013.06.10 12:43:33.289,0.73979,0.74009,1.32,1.69
2013.06.10 12:43:33.689,0.7398,0.74011,1.69,2.07
2013.06.10 12:43:33.869,0.73983,0.74013,1.69,2.07
2013.06.10 12:43:33.929,0.73983,0.74013,1.69,1.32
2013.06.10 12:43:34.049,0.73983,0.74013,1.69,1.32
2013.06.10 12:43:34.109,0.73983,0.74013,1.69,1.32
2013.06.10 12:43:34.229,0.73982,0.74011,1.69,1.32
2013.06.10 12:43:34.631,0.73979,0.74011,1.32,1.32
2013.06.10 12:43:34.904,0.7398,0.74011,1.69,1.32
2013.06.10 12:43:35.203,0.7398,0.74011,1.50,1.13
2013.06.10 12:43:35.260,0.73983,0.74013,1.50,1.32
2013.06.10 12:43:35.702,0.73983,0.74013,1.50,1.13
2013.06.10 12:43:36.240,0.73983,0.74013,1.50,1.13
2013.06.10 12:43:38.109,0.73983,0.74013,1.50,1.13
2013.06.10 12:43:39.572,0.73983,0.74013,1.50,1.13
2013.06.10 12:43:39.750,0.73979,0.74012,1.50,1.32
2013.06.10 12:43:39.869,0.73979,0.74012,1.50,1.32
2013.06.10 12:43:41.209,0.73983,0.74012,1.50,1.32
2013.06.10 12:43:44.903,0.73983,0.74012,1.50,1.13
2013.06.10 12:43:45.749,0.73979,0.74012,1.69,1.32
2013.06.10 12:43:46.109,0.73977,0.74009,1.32,1.69
2013.06.10 12:43:46.409,0.73976,0.74002,1.54,1.13
2013.06.10 12:43:46.589,0.73969,0.74002,1.69,2.07
2013.06.10 12:43:46.965,0.7397,0.74002,1.69,1.32
2013.06.10 12:43:47.510,0.73975,0.74008,1.32,2.44
2013.06.10 12:43:47.840,0.73975,0.7401,1.32,1.69
2013.06.10 12:43:49.470,0.73975,0.74011,2.07,1.32
2013.06.10 12:43:52.169,0.73975,0.74009,2.07,2.44
2013.06.10 12:43:52.292,0.73975,0.74003,2.07,1.50
2013.06.10 12:43:52.409,0.73975,0.74007,1.32,1.69
2013.06.10 12:43:52.469,0.73975,0.74004,1.32,1.69
2013.06.10 12:43:52.529,0.73975,0.74004,1.32,1.69
2013.06.10 12:43:52.699,0.73975,0.74001,1.32,1.54
2013.06.10 12:43:52.759,0.7397,0.73999,1.69,1.13
2013.06.10 12:43:53.069,0.73965,0.73999,1.69,1.32
2013.06.10 12:43:53.249,0.73965,0.73999,1.69,1.32
2013.06.10 12:43:53.459,0.73965,0.73999,1.69,1.32
2013.06.10 12:43:53.639,0.73965,0.73999,1.69,1.32
2013.06.10 12:43:54.340,0.73965,0.73999,1.69,1.32
2013.06.10 12:43:54.579,0.73968,0.73999,1.69,1.32
2013.06.10 12:43:55.118,0.73973,0.74002,1.69,1.32
2013.06.10 12:43:55.638,0.73973,0.74002,1.69,1.32
2013.06.10 12:43:56.679,0.73973,0.74002,1.69,1.32
2013.06.10 12:43:57.359,0.7397,0.73999,1.69,1.13
2013.06.10 12:43:58.424,0.73972,0.74002,1.69,1.32
2013.06.10 12:44:00.889,0.73972,0.74002,2.44,1.32
2013.06.10 12:44:02.940,0.73975,0.74003,1.69,1.32
2013.06.10 12:44:04.078,0.73971,0.73999,1.69,1.13
2013.06.10 12:44:04.529,0.7397,0.73999,1.69,1.13
2013.06.10 12:44:07.814,0.73973,0.74002,1.69,1.32
2013.06.10 12:44:07.880,0.73973,0.74003,1.69,1.54
2013.06.10 12:44:10.949,0.73975,0.74004,1.69,1.17
2013.06.10 12:44:12.344,0.73975,0.74004,1.69,1.17
2013.06.10 12:44:13.369,0.73976,0.74004,1.69,1.92
2013.06.10 12:44:13.549,0.73972,0.74003,1.69,1.54
2013.06.10 12:44:13.909,0.73974,0.74004,1.50,2.07
2013.06.10 12:44:13.969,0.73974,0.74004,1.69,1.32
2013.06.10 12:44:14.289,0.73976,0.74006,1.50,1.32
2013.06.10 12:44:15.279,0.73975,0.74004,1.69,1.13
2013.06.10 12:44:15.461,0.73978,0.74006,1.69,1.32
2013.06.10 12:44:16.310,0.7398,0.74009,1.50,1.69
2013.06.10 12:44:17.350,0.7398,0.74009,1.50,2.82
2013.06.10 12:44:18.099,0.7398,0.74009,1.69,2.44
2013.06.10 12:44:18.631,0.73977,0.74008,1.69,1.50
2013.06.10 12:44:19.259,0.73977,0.74008,1.69,1.69
2013.06.10 12:44:21.679,0.73975,0.74004,1.54,1.69
2013.06.10 12:44:21.865,0.73975,0.74008,1.54,2.44
2013.06.10 12:44:22.911,0.73975,0.74004,1.54,1.69
2013.06.10 12:44:30.790,0.73976,0.74008,1.69,1.69
2013.06.10 12:44:31.029,0.73979,0.74012,1.69,1.32
2013.06.10 12:44:31.089,0.73979,0.74012,1.69,1.32
2013.06.10 12:44:31.299,0.73981,0.74012,1.69,1.32
2013.06.10 12:44:33.486,0.73982,0.74009,1.69,1.50
2013.06.10 12:44:35.081,0.73981,0.74009,1.69,1.69
2013.06.10 12:44:35.141,0.7398,0.74008,1.32,1.69
2013.06.10 12:44:38.259,0.7398,0.74008,1.32,1.50
2013.06.10 12:44:39.964,0.7398,0.74008,1.32,1.69
2013.06.10 12:44:40.709,0.7398,0.74008,1.32,1.50
2013.06.10 12:44:43.466,0.7398,0.74008,2.07,1.50
2013.06.10 12:44:46.889,0.7398,0.74008,1.32,1.50
2013.06.10 12:44:49.201,0.73978,0.74008,2.07,1.69
2013.06.10 12:44:50.103,0.73978,0.74008,2.82,1.69
2013.06.10 12:44:50.159,0.73978,0.74011,2.82,1.69
2013.06.10 12:44:50.741,0.73982,0.74011,1.50,1.69
2013.06.10 12:44:53.746,0.73982,0.74013,1.50,1.69
2013.06.10 12:44:55.711,0.73981,0.74011,1.69,1.69
2013.06.10 12:44:55.769,0.73978,0.74009,2.07,2.44
2013.06.10 12:44:56.312,0.73976,0.74006,1.69,1.69
2013.06.10 12:44:56.949,0.73976,0.74006,1.69,2.44
2013.06.10 12:44:57.189,0.73973,0.74005,1.69,1.69
2013.06.10 12:44:58.591,0.73973,0.74004,1.69,1.69
2013.06.10 12:44:58.809,0.73973,0.74005,1.69,1.69
2013.06.10 12:45:01.231,0.73977,0.74008,1.50,2.07
2013.06.10 12:45:01.539,0.73977,0.74008,1.69,1.32
2013.06.10 12:45:03.729,0.73979,0.74009,1.69,1.69
2013.06.10 12:45:04.250,0.73979,0.74013,1.69,1.69
2013.06.10 12:45:05.410,0.73979,0.74014,1.69,1.69
2013.06.10 12:45:07.518,0.73984,0.74016,1.69,2.67
2013.06.10 12:45:09.651,0.73984,0.74014,1.69,1.69
2013.06.10 12:45:11.487,0.73984,0.74014,1.69,1.69
2013.06.10 12:45:12.941,0.73984,0.74016,1.69,2.07
2013.06.10 12:45:13.719,0.73984,0.74013,1.69,1.69
2013.06.10 12:45:13.939,0.73984,0.74016,1.69,1.32
2013.06.10 12:45:14.770,0.73988,0.74018,1.32,1.69
2013.06.10 12:45:15.829,0.73987,0.74013,1.32,1.69
2013.06.10 12:45:16.009,0.73978,0.74013,2.07,1.69
2013.06.10 12:45:16.419,0.73978,0.74011,1.32,1.69
2013.06.10 12:45:16.539,0.73978,0.74008,1.32,1.69
2013.06.10 12:45:17.105,0.73978,0.74006,1.13,1.69
2013.06.10 12:45:17.280,0.7397,0.74003,1.32,1.69
2013.06.10 12:45:17.340,0.7397,0.74003,1.32,1.69
2013.06.10 12:45:17.649,0.7397,0.74002,1.32,1.69
2013.06.10 12:45:17.709,0.7397,0.73999,1.32,1.69
2013.06.10 12:45:17.769,0.7397,0.73999,1.32,1.69
2013.06.10 12:45:18.260,0.7397,0.73998,1.32,1.69
2013.06.10 12:45:18.319,0.7397,0.73998,1.32,1.69
2013.06.10 12:45:18.500,0.73971,0.74004,1.69,2.44
2013.06.10 12:45:18.700,0.73973,0.74004,1.69,1.69
2013.06.10 12:45:18.759,0.73973,0.74006,1.69,1.32
2013.06.10 12:45:18.820,0.73973,0.74006,2.44,1.32
2013.06.10 12:45:19.329,0.73977,0.74006,1.69,1.32
2013.06.10 12:45:20.020,0.73977,0.74006,1.69,1.13
2013.06.10 12:45:21.520,0.73976,0.74006,1.69,1.13
2013.06.10 12:45:21.640,0.73976,0.74003,1.69,1.50
2013.06.10 12:45:21.701,0.73973,0.74003,2.44,1.69
2013.06.10 12:45:21.859,0.73971,0.74003,1.69,1.69
2013.06.10 12:45:22.189,0.73971,0.74006,1.69,1.32
2013.06.10 12:45:23.416,0.73972,0.74005,1.69,1.69
2013.06.10 12:45:24.969,0.73972,0.74003,1.69,1.69
2013.06.10 12:45:25.029,0.73972,0.74005,1.69,1.69
2013.06.10 12:45:28.052,0.73973,0.74006,1.69,1.32
2013.06.10 12:45:29.460,0.73973,0.74003,1.69,1.69
2013.06.10 12:45:31.452,0.73973,0.74006,1.69,1.32
2013.06.10 12:45:31.892,0.73976,0.74006,1.69,1.32
2013.06.10 12:45:32.418,0.73979,0.74009,1.50,2.44
2013.06.10 12:45:32.479,0.73979,0.74009,1.69,1.69
2013.06.10 12:45:32.659,0.73979,0.74011,1.69,1.32
2013.06.10 12:45:35.177,0.73979,0.74009,1.69,1.69
2013.06.10 12:45:35.301,0.73979,0.74011,1.69,2.07
2013.06.10 12:45:35.749,0.7398,0.74008,1.69,1.69
2013.06.10 12:45:35.989,0.73979,0.74008,1.69,1.69
2013.06.10 12:45:36.297,0.73976,0.74011,2.29,1.32
2013.06.10 12:45:36.360,0.73975,0.74009,2.07,2.29
2013.06.10 12:45:36.759,0.73975,0.74003,1.32,1.50
2013.06.10 12:45:36.819,0.73975,0.74005,1.13,1.69
2013.06.10 12:45:37.000,0.73968,0.73999,1.50,1.32
2013.06.10 12:45:37.119,0.73963,0.73999,1.69,1.32
2013.06.10 12:45:37.180,0.73961,0.73997,2.07,1.69
2013.06.10 12:45:37.621,0.73961,0.73994,2.07,1.50
2013.06.10 12:45:37.840,0.73961,0.73997,2.07,1.69
2013.06.10 12:45:38.131,0.73961,0.73994,2.07,2.44
2013.06.10 12:45:38.201,0.73961,0.73992,1.88,1.69
2013.06.10 12:45:38.259,0.73961,0.73992,1.13,1.69
2013.06.10 12:45:38.800,0.73957,0.73988,1.69,1.69
2013.06.10 12:45:40.389,0.7396,0.7399,1.69,1.54
2013.06.10 12:45:40.449,0.7396,0.7399,1.69,1.54
2013.06.10 12:45:41.015,0.73962,0.73994,1.69,1.54
2013.06.10 12:45:41.080,0.73965,0.73994,1.69,1.54
2013.06.10 12:45:41.784,0.73965,0.73994,1.69,1.54
2013.06.10 12:45:44.730,0.73962,0.73993,1.69,2.44
2013.06.10 12:45:45.839,0.73962,0.73993,1.69,2.44
2013.06.10 12:45:47.880,0.73961,0.73989,1.50,1.32
2013.06.10 12:45:48.000,0.73955,0.73985,2.44,1.50
2013.06.10 12:45:50.120,0.73957,0.73989,1.69,1.69
2013.06.10 12:45:50.240,0.73962,0.73992,1.50,1.69
2013.06.10 12:45:50.379,0.73958,0.73987,1.69,1.35
2013.06.10 12:45:50.499,0.73954,0.73984,1.69,1.50
2013.06.10 12:45:50.681,0.73957,0.73987,1.69,3.04
2013.06.10 12:45:50.921,0.73947,0.73978,1.50,1.69
2013.06.10 12:45:50.980,0.73947,0.73975,1.69,1.69
2013.06.10 12:45:51.366,0.73947,0.73975,1.69,1.69
2013.06.10 12:45:51.797,0.73947,0.73976,1.69,1.69
2013.06.10 12:45:52.330,0.73947,0.73978,1.69,1.69
2013.06.10 12:45:52.660,0.73947,0.73975,1.50,1.69
2013.06.10 12:45:52.900,0.73947,0.73975,1.50,1.69
2013.06.10 12:45:53.452,0.73945,0.73976,1.69,1.69
2013.06.10 12:45:53.569,0.73945,0.73979,1.69,1.69
2013.06.10 12:45:53.630,0.73945,0.73979,1.69,1.69
2013.06.10 12:45:53.810,0.73952,0.73981,1.50,1.69
2013.06.10 12:45:55.275,0.73952,0.73982,1.50,1.69
2013.06.10 12:45:55.390,0.73954,0.73985,1.50,2.29
2013.06.10 12:45:55.450,0.73954,0.73985,1.50,2.29
2013.06.10 12:45:55.630,0.73949,0.73984,2.29,1.32
2013.06.10 12:45:55.931,0.73953,0.73987,1.69,2.82
2013.06.10 12:45:56.110,0.73961,0.7399,1.50,1.69
2013.06.10 12:45:56.230,0.73958,0.73989,1.69,1.69
2013.06.10 12:45:56.458,0.73958,0.73992,1.69,1.69
2013.06.10 12:45:56.580,0.73963,0.73993,1.50,1.69
2013.06.10 12:45:56.651,0.73963,0.73993,1.50,1.69
2013.06.10 12:45:56.770,0.73963,0.73997,1.69,1.69
2013.06.10 12:45:57.179,0.73964,0.73996,1.69,1.69
2013.06.10 12:45:57.299,0.73968,0.73998,1.69,1.69
2013.06.10 12:45:57.479,0.73968,0.74,1.69,1.69
2013.06.10 12:45:58.699,0.73969,0.73999,1.50,2.44
2013.06.10 12:45:59.929,0.73969,0.73999,1.50,2.44
2013.06.10 12:46:00.120,0.73964,0.73994,1.69,1.69
2013.06.10 12:46:00.349,0.73964,0.73997,1.69,1.69
2013.06.10 12:46:02.850,0.73964,0.73992,1.69,1.69
2013.06.10 12:46:03.449,0.73955,0.73988,1.69,1.69
2013.06.10 12:46:04.539,0.73958,0.73988,1.50,2.44
2013.06.10 12:46:05.930,0.73958,0.73988,1.50,2.44
2013.06.10 12:46:06.279,0.73962,0.73992,1.50,1.54
2013.06.10 12:46:07.342,0.73962,0.73992,1.50,2.29
2013.06.10 12:46:09.272,0.73962,0.73991,1.50,2.44
2013.06.10 12:46:09.399,0.73963,0.73991,1.50,1.69
2013.06.10 12:46:09.700,0.7396,0.73988,1.50,1.69
2013.06.10 12:46:10.710,0.7396,0.73989,1.50,2.29
2013.06.10 12:46:11.199,0.7396,0.73992,1.50,1.69
2013.06.10 12:46:12.079,0.7396,0.73989,1.69,1.69
2013.06.10 12:46:12.140,0.7396,0.73988,1.69,1.69
2013.06.10 12:46:12.200,0.7396,0.73988,1.50,2.44
2013.06.10 12:46:12.401,0.73954,0.73983,1.69,1.69
2013.06.10 12:46:12.951,0.73954,0.73983,1.69,1.69
2013.06.10 12:46:13.489,0.73957,0.73985,1.50,1.69
2013.06.10 12:46:13.839,0.73957,0.73986,1.50,1.69
2013.06.10 12:46:14.020,0.7396,0.73989,1.50,2.29
2013.06.10 12:46:14.589,0.73957,0.73988,1.69,1.69
2013.06.10 12:46:14.788,0.73957,0.73988,1.69,2.44
2013.06.10 12:46:15.140,0.73957,0.73988,1.69,1.69
2013.06.10 12:46:15.319,0.73957,0.73989,2.44,1.69
2013.06.10 12:46:15.439,0.73959,0.73989,1.69,1.69
2013.06.10 12:46:15.659,0.73959,0.73989,1.69,1.69
2013.06.10 12:46:18.020,0.73959,0.7399,1.69,1.69
2013.06.10 12:46:19.549,0.73959,0.73991,1.69,1.69
2013.06.10 12:46:19.740,0.73965,0.73994,1.50,2.29
2013.06.10 12:46:20.391,0.73965,0.73994,1.69,2.29
2013.06.10 12:46:21.023,0.73965,0.73994,1.50,2.29
2013.06.10 12:46:21.339,0.73965,0.73994,1.50,2.29
2013.06.10 12:46:21.649,0.73965,0.73995,1.50,1.69
2013.06.10 12:46:21.969,0.73965,0.73996,1.50,1.69
2013.06.10 12:46:23.069,0.73965,0.73995,1.50,1.69
2013.06.10 12:46:23.249,0.73963,0.73992,1.50,1.69
2013.06.10 12:46:26.139,0.73964,0.73995,1.50,1.69
2013.06.10 12:46:26.655,0.73967,0.73997,1.69,1.69
2013.06.10 12:46:27.231,0.73967,0.73998,1.69,1.69
2013.06.10 12:46:28.347,0.73967,0.73997,1.50,1.69
2013.06.10 12:46:28.470,0.73964,0.73994,1.50,2.44
2013.06.10 12:46:28.711,0.73961,0.73994,1.69,1.69
2013.06.10 12:46:29.131,0.73961,0.73991,1.50,1.69
2013.06.10 12:46:29.299,0.73961,0.73991,1.50,1.69
2013.06.10 12:46:29.460,0.73961,0.73991,1.50,1.69
2013.06.10 12:46:29.609,0.73964,0.73994,1.50,2.29
2013.06.10 12:46:29.959,0.73964,0.73993,1.50,1.69
2013.06.10 12:46:30.079,0.73964,0.73993,1.50,1.69
2013.06.10 12:46:30.399,0.73964,0.73994,1.69,2.29
2013.06.10 12:46:33.567,0.73964,0.73994,1.50,2.29
2013.06.10 12:46:37.149,0.73964,0.73994,1.50,1.69
2013.06.10 12:46:37.611,0.73981,0.74009,1.50,3.19
2013.06.10 12:46:37.859,0.73977,0.74008,1.69,1.69
2013.06.10 12:46:38.389,0.7398,0.74009,1.50,1.69
2013.06.10 12:46:40.450,0.73981,0.74011,1.69,1.69
2013.06.10 12:46:40.810,0.73987,0.74014,1.50,1.69
2013.06.10 12:46:40.870,0.73987,0.74017,1.69,1.69
2013.06.10 12:46:40.931,0.73983,0.74017,1.69,1.69
2013.06.10 12:46:41.170,0.73981,0.74011,2.44,1.50
2013.06.10 12:46:41.429,0.73981,0.74013,2.44,1.69
2013.06.10 12:46:41.750,0.73981,0.74013,1.69,2.44
2013.06.10 12:46:42.142,0.73981,0.74011,1.69,1.69
2013.06.10 12:46:42.480,0.73981,0.74011,1.69,1.69
2013.06.10 12:46:42.890,0.73979,0.74009,1.50,2.44
2013.06.10 12:46:43.229,0.73977,0.74007,1.69,1.69
2013.06.10 12:46:43.589,0.73979,0.74009,1.50,2.44
2013.06.10 12:46:44.122,0.73981,0.74009,1.50,2.07
2013.06.10 12:46:44.450,0.73981,0.74009,1.50,1.32
2013.06.10 12:46:45.959,0.73981,0.74009,1.50,2.07
2013.06.10 12:46:46.461,0.73981,0.74009,1.50,1.32
2013.06.10 12:46:46.579,0.73977,0.74007,1.50,1.69
2013.06.10 12:46:47.870,0.73977,0.74007,1.50,1.69
2013.06.10 12:46:48.771,0.73977,0.74007,1.50,1.69
2013.06.10 12:46:48.901,0.73976,0.74006,1.69,1.69
2013.06.10 12:46:49.378,0.73976,0.74007,1.69,1.69
2013.06.10 12:46:49.439,0.7398,0.74009,1.50,2.44
2013.06.10 12:46:49.620,0.7398,0.74009,1.50,1.69
2013.06.10 12:46:49.741,0.73983,0.74011,1.50,1.69
2013.06.10 12:46:49.801,0.73983,0.74011,1.50,2.44
2013.06.10 12:46:50.309,0.73982,0.74011,1.69,1.32
2013.06.10 12:46:51.719,0.73982,0.74013,1.50,1.13
2013.06.10 12:46:52.250,0.73983,0.74013,1.69,1.69
2013.06.10 12:46:54.711,0.73986,0.74014,1.69,1.69
2013.06.10 12:46:57.060,0.73982,0.74014,1.69,1.69
2013.06.10 12:46:59.370,0.73986,0.74014,1.69,1.69
2013.06.10 12:46:59.920,0.73982,0.74014,2.44,1.69
2013.06.10 12:47:00.140,0.73986,0.74014,1.69,1.69
2013.06.10 12:47:01.546,0.73986,0.74014,1.69,1.69
2013.06.10 12:47:03.863,0.73986,0.74014,1.69,1.69
2013.06.10 12:47:04.942,0.73986,0.74014,1.69,1.69
2013.06.10 12:47:05.272,0.73986,0.74018,1.69,1.69
2013.06.10 12:47:08.456,0.73982,0.74018,3.04,1.69
2013.06.10 12:47:08.700,0.73982,0.74013,1.54,1.69
2013.06.10 12:47:08.889,0.73982,0.74012,1.54,1.69
2013.06.10 12:47:09.189,0.73979,0.74009,1.69,1.69
2013.06.10 12:47:09.719,0.73979,0.74009,1.69,1.69
2013.06.10 12:47:12.359,0.73976,0.74008,2.44,1.69
2013.06.10 12:47:12.419,0.73977,0.74013,1.69,2.44
2013.06.10 12:47:12.839,0.7398,0.74013,1.69,2.44
2013.06.10 12:47:14.661,0.7398,0.74014,2.44,1.69
2013.06.10 12:47:15.019,0.7398,0.74013,1.69,2.44
2013.06.10 12:47:16.280,0.73977,0.74013,1.69,2.44
2013.06.10 12:47:19.981,0.7398,0.74014,1.69,2.44
2013.06.10 12:47:20.040,0.73981,0.74014,1.69,1.69
2013.06.10 12:47:20.219,0.73981,0.74015,1.69,2.29
2013.06.10 12:47:20.732,0.73983,0.74017,1.69,1.69
2013.06.10 12:47:24.511,0.73983,0.74017,1.69,1.69
2013.06.10 12:47:31.700,0.73984,0.74018,2.44,1.69
2013.06.10 12:47:31.940,0.73986,0.74019,1.69,1.69
2013.06.10 12:47:32.179,0.73986,0.74022,2.44,1.69
2013.06.10 12:47:32.421,0.73991,0.74019,1.69,1.69
2013.06.10 12:47:32.540,0.73991,0.74024,2.44,1.69
2013.06.10 12:47:32.861,0.73994,0.74024,1.69,1.69
2013.06.10 12:47:33.120,0.73992,0.74024,1.69,1.69
2013.06.10 12:47:33.658,0.7399,0.74024,1.69,2.44
2013.06.10 12:47:34.019,0.73988,0.74024,1.69,2.44
2013.06.10 12:47:34.420,0.73987,0.74019,1.54,1.69
2013.06.10 12:47:34.479,0.73987,0.74019,1.54,1.69
2013.06.10 12:47:36.697,0.73983,0.74018,1.54,1.69
2013.06.10 12:47:37.017,0.7398,0.74014,1.69,2.44
2013.06.10 12:47:37.521,0.73978,0.74012,1.69,1.69
2013.06.10 12:47:38.249,0.73982,0.74014,1.32,1.69
2013.06.10 12:47:38.369,0.73979,0.74013,2.44,1.69
2013.06.10 12:47:39.632,0.73979,0.74013,1.69,1.69
2013.06.10 12:47:39.689,0.73979,0.74009,1.69,1.69
2013.06.10 12:47:40.441,0.73979,0.74013,1.69,2.44
2013.06.10 12:47:40.971,0.73978,0.74008,1.69,1.69
2013.06.10 12:47:41.409,0.73973,0.74009,2.44,2.44
2013.06.10 12:47:41.790,0.73973,0.74008,2.44,1.69
2013.06.10 12:47:42.821,0.73976,0.7401,1.69,1.69
2013.06.10 12:47:44.440,0.73979,0.74011,2.44,1.54
2013.06.10 12:47:45.010,0.73981,0.74015,1.69,1.69
2013.06.10 12:47:45.584,0.73982,0.74015,1.69,1.69
2013.06.10 12:47:45.940,0.73983,0.74017,1.69,1.69
2013.06.10 12:47:46.119,0.73984,0.74018,1.69,1.69
2013.06.10 12:47:46.201,0.73984,0.74019,1.69,1.69
2013.06.10 12:47:46.262,0.73984,0.74019,1.69,1.69
2013.06.10 12:47:46.531,0.73984,0.74018,1.69,1.69
2013.06.10 12:47:46.650,0.73984,0.74019,1.69,1.69
2013.06.10 12:47:47.971,0.73983,0.74014,2.44,1.69
2013.06.10 12:47:48.249,0.73983,0.74018,2.44,1.69
2013.06.10 12:47:48.514,0.73983,0.74018,2.44,1.69
2013.06.10 12:47:49.500,0.73984,0.74018,1.69,1.69
2013.06.10 12:47:54.359,0.73984,0.7402,1.69,1.69
2013.06.10 12:47:54.950,0.73984,0.74018,1.69,1.69
2013.06.10 12:48:02.381,0.73986,0.74018,1.69,1.69
2013.06.10 12:48:04.709,0.73986,0.74016,1.69,1.69
2013.06.10 12:48:08.862,0.73986,0.74016,1.69,1.69
2013.06.10 12:48:09.880,0.73986,0.74016,2.44,1.69
2013.06.10 12:48:10.400,0.73986,0.74019,2.44,1.69
2013.06.10 12:48:13.939,0.73986,0.74016,1.69,1.50
2013.06.10 12:48:14.290,0.73985,0.74018,1.69,1.69
2013.06.10 12:48:14.349,0.73985,0.74014,1.69,1.50
2013.06.10 12:48:14.889,0.73983,0.74014,1.69,1.69
2013.06.10 12:48:14.949,0.73982,0.74014,1.32,1.69
2013.06.10 12:48:15.010,0.73981,0.74014,1.69,2.44
2013.06.10 12:48:15.069,0.73979,0.74009,1.69,1.50
2013.06.10 12:48:15.249,0.73977,0.74009,1.69,1.50
2013.06.10 12:48:15.371,0.73977,0.74005,1.69,1.50
2013.06.10 12:48:15.429,0.73977,0.74005,1.69,1.50
2013.06.10 12:48:16.361,0.73971,0.74003,1.69,1.50
2013.06.10 12:48:22.280,0.73972,0.74003,1.69,1.69
2013.06.10 12:48:22.579,0.7397,0.73998,1.69,1.50
2013.06.10 12:48:22.881,0.7397,0.73999,1.69,1.50
2013.06.10 12:48:23.209,0.73966,0.73994,1.69,1.50
2013.06.10 12:48:23.389,0.73964,0.73994,1.69,1.50
2013.06.10 12:48:23.450,0.73962,0.73993,2.44,1.50
2013.06.10 12:48:24.391,0.73962,0.73998,2.44,1.69
2013.06.10 12:48:28.681,0.73963,0.73993,1.69,1.50
2013.06.10 12:48:30.990,0.73963,0.73998,1.69,1.69
2013.06.10 12:48:31.049,0.73964,0.73998,1.69,1.69
2013.06.10 12:48:31.230,0.73967,0.73997,1.69,1.69
2013.06.10 12:48:31.431,0.73969,0.73999,1.50,2.29
2013.06.10 12:48:31.671,0.73966,0.73997,1.69,1.69
2013.06.10 12:48:33.299,0.73965,0.73994,1.69,1.50
2013.06.10 12:48:33.589,0.73963,0.73994,1.69,1.69
2013.06.10 12:48:35.959,0.73963,0.73994,1.69,1.69
2013.06.10 12:48:36.999,0.73961,0.73994,2.44,1.69
2013.06.10 12:48:37.249,0.73961,0.7399,1.69,1.35
2013.06.10 12:48:37.509,0.73959,0.73989,1.69,1.50
2013.06.10 12:48:38.893,0.73957,0.73989,2.44,1.69
2013.06.10 12:48:40.428,0.73957,0.73989,1.69,1.69
2013.06.10 12:48:40.949,0.73954,0.73986,1.69,1.35
2013.06.10 12:48:43.111,0.73956,0.73984,1.69,1.50
2013.06.10 12:48:43.430,0.73952,0.73983,1.69,1.50
2013.06.10 12:48:43.789,0.73946,0.73979,1.69,1.54
2013.06.10 12:48:43.909,0.73946,0.73978,1.69,1.69
2013.06.10 12:48:45.210,0.73944,0.73974,1.69,1.50
2013.06.10 12:48:45.270,0.73941,0.73973,1.69,1.35
2013.06.10 12:48:45.450,0.73949,0.73974,1.50,1.54
2013.06.10 12:48:45.640,0.7395,0.73979,1.50,2.29
2013.06.10 12:48:45.830,0.7395,0.73979,1.69,1.54
2013.06.10 12:48:45.952,0.7395,0.73981,1.69,1.69
2013.06.10 12:48:46.311,0.73955,0.7398,1.50,1.54
2013.06.10 12:48:46.550,0.73959,0.73991,1.50,1.54
2013.06.10 12:48:46.610,0.73959,0.73989,1.50,1.69
2013.06.10 12:48:46.730,0.73961,0.73991,1.50,1.54
2013.06.10 12:48:47.089,0.73963,0.73995,1.50,1.69
2013.06.10 12:48:47.153,0.73961,0.73992,1.69,1.69
2013.06.10 12:48:47.569,0.73957,0.73989,1.69,1.69
2013.06.10 12:48:48.012,0.73956,0.73986,1.69,1.50
2013.06.10 12:48:48.321,0.73954,0.73984,1.69,1.50
2013.06.10 12:48:48.759,0.7395,0.73984,1.32,1.69
2013.06.10 12:48:49.106,0.7395,0.73984,1.32,1.69
2013.06.10 12:48:49.172,0.73945,0.73973,1.69,1.50
2013.06.10 12:48:50.946,0.73947,0.73978,1.69,1.69
2013.06.10 12:48:52.279,0.7395,0.73978,1.69,1.69
2013.06.10 12:48:52.400,0.7395,0.73978,1.69,1.69
2013.06.10 12:48:52.750,0.73949,0.73978,1.69,1.69
2013.06.10 12:48:53.080,0.73946,0.73976,1.69,1.50
2013.06.10 12:48:53.499,0.73944,0.73979,1.69,1.69
2013.06.10 12:48:53.679,0.73944,0.73978,1.69,1.69
2013.06.10 12:48:59.469,0.73946,0.73982,1.69,2.29
2013.06.10 12:48:59.589,0.73949,0.73982,1.69,1.54
2013.06.10 12:48:59.709,0.73949,0.73982,2.44,1.54
2013.06.10 12:49:00.325,0.7395,0.73984,1.69,1.69
2013.06.10 12:49:00.783,0.7395,0.73984,2.44,1.69
2013.06.10 12:49:01.220,0.73953,0.73984,1.69,1.69
2013.06.10 12:49:01.639,0.73949,0.73981,1.69,1.54
2013.06.10 12:49:01.700,0.73949,0.73979,1.69,1.50
2013.06.10 12:49:02.207,0.73949,0.73979,1.69,1.69
2013.06.10 12:49:02.709,0.7395,0.73979,1.69,1.69
2013.06.10 12:49:02.989,0.73948,0.73979,1.69,1.69
2013.06.10 12:49:03.111,0.73947,0.73979,1.69,1.69
2013.06.10 12:49:03.629,0.73947,0.73979,1.69,1.69
2013.06.10 12:49:05.002,0.7395,0.73979,1.50,2.82
2013.06.10 12:49:05.271,0.73947,0.73979,1.69,2.82
2013.06.10 12:49:05.519,0.73947,0.73977,1.69,1.69
2013.06.10 12:49:05.939,0.73947,0.73979,1.69,2.82
2013.06.10 12:49:06.129,0.73951,0.73979,1.50,2.07
2013.06.10 12:49:06.429,0.73951,0.7398,1.69,1.32
2013.06.10 12:49:06.949,0.73952,0.73979,1.50,1.32
2013.06.10 12:49:07.381,0.73952,0.73981,1.50,1.17
2013.06.10 12:49:07.719,0.73955,0.73983,1.50,1.69
2013.06.10 12:49:07.785,0.73955,0.73983,1.50,1.69
2013.06.10 12:49:08.002,0.73951,0.73983,2.44,1.69
2013.06.10 12:49:08.691,0.73951,0.73983,1.69,1.69
2013.06.10 12:49:11.470,0.73954,0.73984,1.69,1.69
2013.06.10 12:49:11.590,0.73954,0.73984,1.50,2.44
2013.06.10 12:49:12.246,0.73951,0.73982,1.69,1.69
2013.06.10 12:49:12.309,0.73951,0.7398,1.69,1.69
2013.06.10 12:49:12.489,0.73951,0.7398,1.69,2.44
2013.06.10 12:49:12.670,0.73947,0.73977,1.69,1.69
2013.06.10 12:49:12.789,0.73947,0.73977,1.69,1.69
2013.06.10 12:49:13.699,0.73945,0.73975,1.69,1.69
2013.06.10 12:49:15.611,0.73945,0.73975,1.69,1.54
2013.06.10 12:49:16.220,0.73951,0.73979,1.50,2.67
2013.06.10 12:49:16.520,0.73951,0.73979,1.50,1.54
2013.06.10 12:49:16.791,0.73953,0.73983,1.50,3.04
2013.06.10 12:49:19.557,0.73953,0.73983,1.69,1.69
2013.06.10 12:49:19.809,0.7395,0.73978,1.69,1.69
2013.06.10 12:49:21.616,0.73947,0.73978,1.69,1.69
2013.06.10 12:49:21.783,0.7395,0.73978,1.69,1.69
2013.06.10 12:49:22.020,0.73945,0.73978,2.44,2.29
2013.06.10 12:49:22.309,0.73943,0.73974,1.69,1.69
2013.06.10 12:49:22.709,0.73944,0.73977,1.69,1.69
2013.06.10 12:49:23.270,0.73945,0.73977,1.69,1.69
2013.06.10 12:49:23.890,0.73949,0.73978,1.50,2.29
2013.06.10 12:49:26.360,0.73949,0.73978,1.69,2.29
2013.06.10 12:49:27.349,0.73949,0.73978,1.69,1.54
2013.06.10 12:49:29.371,0.73946,0.73978,1.69,2.29
2013.06.10 12:49:29.849,0.73946,0.73975,1.69,1.69
2013.06.10 12:49:30.769,0.73946,0.73976,1.69,1.54
2013.06.10 12:49:32.130,0.73946,0.73976,1.69,1.54
2013.06.10 12:49:32.741,0.73946,0.73976,1.69,1.54
2013.06.10 12:49:34.320,0.73945,0.73976,1.69,1.54
2013.06.10 12:49:34.380,0.73941,0.73969,1.69,1.50
2013.06.10 12:49:34.440,0.73941,0.73965,1.69,2.10
2013.06.10 12:49:34.559,0.73937,0.73966,1.69,1.54
2013.06.10 12:49:34.681,0.73936,0.73964,1.50,2.44
2013.06.10 12:49:34.919,0.73936,0.73964,1.69,1.69
2013.06.10 12:49:35.039,0.73932,0.73966,1.69,1.69
2013.06.10 12:49:35.159,0.73932,0.73965,1.69,1.69
2013.06.10 12:49:38.170,0.73932,0.73962,1.69,1.69
2013.06.10 12:49:38.619,0.73933,0.73964,1.69,1.69
2013.06.10 12:49:39.272,0.73933,0.73964,1.69,2.44
2013.06.10 12:49:40.178,0.73933,0.73964,1.69,1.69
2013.06.10 12:49:40.591,0.7393,0.73964,2.44,1.69
2013.06.10 12:49:40.649,0.7393,0.73959,2.44,1.50
2013.06.10 12:49:41.209,0.7393,0.73964,2.44,2.44
2013.06.10 12:49:41.560,0.73924,0.73958,1.69,1.69
2013.06.10 12:49:45.930,0.73921,0.73957,1.69,1.69
2013.06.10 12:49:46.231,0.73919,0.73953,1.69,1.69
2013.06.10 12:49:49.499,0.7392,0.73952,1.69,1.69
2013.06.10 12:49:49.689,0.7392,0.73952,1.69,1.69
2013.06.10 12:49:49.871,0.7392,0.73952,1.69,1.69
2013.06.10 12:49:50.409,0.7392,0.7395,1.69,1.69
2013.06.10 12:49:50.679,0.73923,0.73953,1.69,3.04
2013.06.10 12:49:50.800,0.73923,0.73953,1.69,1.54
2013.06.10 12:49:50.859,0.73923,0.73957,1.69,1.69
2013.06.10 12:49:50.990,0.73925,0.73958,1.69,3.04
2013.06.10 12:49:51.549,0.73925,0.73958,2.44,2.29
2013.06.10 12:49:57.629,0.73928,0.73958,2.44,2.29
2013.06.10 12:49:58.460,0.73928,0.73958,1.69,1.50
2013.06.10 12:49:59.331,0.73927,0.73958,1.69,1.50
2013.06.10 12:49:59.460,0.73924,0.73954,2.44,1.50
2013.06.10 12:50:00.291,0.73924,0.73954,2.44,1.69
2013.06.10 12:50:01.421,0.73926,0.73955,1.69,1.69
2013.06.10 12:50:01.479,0.73926,0.73955,1.69,1.69
2013.06.10 12:50:03.719,0.73925,0.73954,1.69,1.50
2013.06.10 12:50:04.110,0.73923,0.73954,1.69,1.69
2013.06.10 12:50:05.585,0.73923,0.73958,1.69,1.69
2013.06.10 12:50:05.850,0.73927,0.73956,1.69,1.69
2013.06.10 12:50:06.092,0.73922,0.73953,2.44,2.29
2013.06.10 12:50:06.151,0.73922,0.73953,1.69,2.29
2013.06.10 12:50:06.212,0.73921,0.73949,1.69,1.50
2013.06.10 12:50:06.688,0.73921,0.73953,1.69,1.69
2013.06.10 12:50:06.757,0.73921,0.73953,1.69,1.69
2013.06.10 12:50:07.140,0.73927,0.73958,1.50,2.44
2013.06.10 12:50:07.669,0.73926,0.73959,1.69,1.69
2013.06.10 12:50:07.910,0.73926,0.7396,1.69,1.69
2013.06.10 12:50:08.841,0.73927,0.73963,1.69,2.44
2013.06.10 12:50:08.900,0.73927,0.73958,1.69,1.50
2013.06.10 12:50:09.020,0.73931,0.73959,1.69,1.69
2013.06.10 12:50:09.511,0.73928,0.73962,1.69,1.69
2013.06.10 12:50:10.140,0.73927,0.73962,1.69,1.69
2013.06.10 12:50:10.200,0.73927,0.73958,1.69,1.69
2013.06.10 12:50:11.441,0.73928,0.73958,1.69,1.69
2013.06.10 12:50:11.620,0.73929,0.73958,1.69,1.69
2013.06.10 12:50:11.740,0.73932,0.7396,1.69,1.69
2013.06.10 12:50:12.050,0.73936,0.73968,1.69,1.69
2013.06.10 12:50:12.242,0.73936,0.73963,1.69,1.50
2013.06.10 12:50:12.510,0.73936,0.73968,1.69,1.69
2013.06.10 12:50:13.930,0.73934,0.73968,1.69,1.69
2013.06.10 12:50:14.232,0.73932,0.73962,1.69,1.35
2013.06.10 12:50:14.293,0.7393,0.73959,1.69,1.50
2013.06.10 12:50:14.350,0.73928,0.73959,2.44,1.50
2013.06.10 12:50:14.410,0.73928,0.73956,1.69,1.50
2013.06.10 12:50:14.590,0.73922,0.73953,2.44,1.50
2013.06.10 12:50:15.131,0.73923,0.73953,1.69,1.50
2013.06.10 12:50:15.335,0.73923,0.73958,1.69,1.69
2013.06.10 12:50:15.389,0.73925,0.73958,1.69,1.69
2013.06.10 12:50:16.850,0.73928,0.73958,1.69,1.50
2013.06.10 12:50:17.041,0.73932,0.73963,1.69,1.69
2013.06.10 12:50:17.391,0.73935,0.73964,1.69,1.69
2013.06.10 12:50:17.517,0.73932,0.73964,1.69,1.69
2013.06.10 12:50:21.170,0.73932,0.7396,1.69,1.50
2013.06.10 12:50:24.176,0.73931,0.7396,2.44,1.50
2013.06.10 12:50:25.951,0.73931,0.73959,1.69,1.50
2013.06.10 12:50:26.311,0.73924,0.73954,2.44,1.50
2013.06.10 12:50:26.431,0.73926,0.73956,1.69,1.54
2013.06.10 12:50:26.551,0.73926,0.73956,1.69,2.29
2013.06.10 12:50:26.611,0.73926,0.73955,1.50,1.69
2013.06.10 12:50:26.850,0.73926,0.73956,1.50,3.04
2013.06.10 12:50:27.183,0.7393,0.73959,1.50,1.69
2013.06.10 12:50:27.399,0.73927,0.73959,1.69,1.69
2013.06.10 12:50:27.600,0.7393,0.73959,1.50,1.69
2013.06.10 12:50:28.179,0.73927,0.73956,1.69,1.69
2013.06.10 12:50:28.240,0.73926,0.73956,1.69,1.69
2013.06.10 12:50:28.981,0.73924,0.73954,1.69,1.50
2013.06.10 12:50:29.550,0.73923,0.73954,3.19,1.69
2013.06.10 12:50:29.749,0.73923,0.73953,2.44,1.50
2013.06.10 12:50:30.641,0.73921,0.73953,2.44,1.50
2013.06.10 12:50:30.979,0.73921,0.7395,2.44,1.50
2013.06.10 12:50:31.600,0.73922,0.7395,1.69,1.50
2013.06.10 12:50:34.741,0.73921,0.7395,2.44,1.50
2013.06.10 12:50:34.862,0.73919,0.73948,1.69,1.50
2013.06.10 12:50:34.921,0.73917,0.73945,3.19,1.50
2013.06.10 12:50:35.221,0.7392,0.73948,1.69,1.69
2013.06.10 12:50:35.659,0.7392,0.73953,2.44,1.69
2013.06.10 12:50:35.841,0.73922,0.73954,1.69,2.44
2013.06.10 12:50:39.369,0.73922,0.73954,2.44,1.69
2013.06.10 12:50:40.656,0.73924,0.73954,1.69,1.69
2013.06.10 12:50:40.799,0.73924,0.73954,1.69,1.69
2013.06.10 12:50:41.149,0.73922,0.73954,1.69,1.69
2013.06.10 12:50:44.931,0.73922,0.73957,1.69,1.69
2013.06.10 12:50:45.450,0.73926,0.73957,1.69,1.69
2013.06.10 12:50:45.571,0.73927,0.73962,1.69,1.69
2013.06.10 12:50:46.090,0.73928,0.73959,1.69,2.29
2013.06.10 12:50:46.600,0.73927,0.73958,2.44,1.50
2013.06.10 12:50:48.334,0.73927,0.73958,1.69,1.69
2013.06.10 12:50:49.710,0.73927,0.73959,1.69,1.54
2013.06.10 12:50:50.469,0.73931,0.73961,1.50,2.44
2013.06.10 12:50:50.700,0.73926,0.73961,1.69,2.44
2013.06.10 12:50:51.110,0.73932,0.73961,1.50,2.44
2013.06.10 12:50:51.431,0.73927,0.73961,1.69,2.44
2013.06.10 12:50:51.890,0.73924,0.73957,1.69,1.69
2013.06.10 12:50:52.390,0.73926,0.73956,1.50,1.69
2013.06.10 12:50:52.669,0.73922,0.73956,1.69,1.69
2013.06.10 12:50:53.422,0.73922,0.73955,2.44,1.69
2013.06.10 12:50:53.584,0.73922,0.73957,2.44,1.69
2013.06.10 12:50:53.700,0.73927,0.73958,1.69,1.54
2013.06.10 12:50:53.821,0.73927,0.73958,1.69,1.54
2013.06.10 12:50:53.880,0.73928,0.73958,1.69,1.54
2013.06.10 12:50:53.941,0.73928,0.73958,1.69,2.29
2013.06.10 12:50:54.120,0.73929,0.73958,1.69,1.69
2013.06.10 12:50:54.731,0.73929,0.73958,1.69,1.69
2013.06.10 12:50:55.272,0.73929,0.73958,1.69,1.69
2013.06.10 12:50:56.429,0.73929,0.73958,2.44,1.50
2013.06.10 12:50:56.960,0.73932,0.73963,1.69,1.69
2013.06.10 12:50:59.540,0.73932,0.73964,1.69,2.29
2013.06.10 12:50:59.879,0.73933,0.73966,1.69,1.69
2013.06.10 12:51:00.202,0.73933,0.73967,1.69,1.69
2013.06.10 12:51:01.739,0.73933,0.73963,1.69,1.54
2013.06.10 12:51:02.731,0.73933,0.73963,1.69,1.54
2013.06.10 12:51:06.477,0.73932,0.73963,2.44,2.29
2013.06.10 12:51:10.878,0.73932,0.73963,2.44,2.10
2013.06.10 12:51:11.140,0.73931,0.73961,1.69,1.69
2013.06.10 12:51:11.441,0.73932,0.73963,1.69,1.54
2013.06.10 12:51:12.760,0.73933,0.73966,1.69,1.69
2013.06.10 12:51:13.091,0.73936,0.73966,1.69,1.69
2013.06.10 12:51:13.631,0.73934,0.73966,1.69,1.69
2013.06.10 12:51:13.750,0.73937,0.73966,1.69,1.69
2013.06.10 12:51:17.238,0.73937,0.73966,1.50,1.69
2013.06.10 12:51:23.344,0.73932,0.73963,3.94,1.50
2013.06.10 12:51:25.671,0.73933,0.73964,1.69,1.50
2013.06.10 12:51:25.791,0.73936,0.73964,1.69,1.50
2013.06.10 12:51:25.970,0.73936,0.73964,1.69,1.50
2013.06.10 12:51:26.330,0.73936,0.73966,1.69,1.50
2013.06.10 12:51:27.100,0.73936,0.73966,1.69,1.50
2013.06.10 12:51:27.415,0.73936,0.73966,1.69,1.50
2013.06.10 12:51:27.692,0.73936,0.73966,2.44,1.50
2013.06.10 12:51:27.752,0.73937,0.73968,1.69,1.69
2013.06.10 12:51:30.410,0.73942,0.73971,1.69,1.69
2013.06.10 12:51:30.661,0.73943,0.73973,1.69,1.69
2013.06.10 12:51:31.050,0.73942,0.73975,1.69,1.69
2013.06.10 12:51:32.682,0.73942,0.73975,1.69,1.69
2013.06.10 12:51:33.597,0.73942,0.73971,1.69,1.50
2013.06.10 12:51:37.199,0.73944,0.73973,1.69,1.32
2013.06.10 12:51:38.021,0.73946,0.73973,1.69,1.13
2013.06.10 12:51:38.929,0.73944,0.73969,1.69,1.13
2013.06.10 12:51:40.859,0.73943,0.73972,1.69,1.13
2013.06.10 12:51:42.559,0.73943,0.73971,1.69,1.50
2013.06.10 12:51:47.125,0.73942,0.73971,1.69,1.50
2013.06.10 12:51:47.241,0.73943,0.73971,1.69,1.50
2013.06.10 12:51:47.662,0.73946,0.73974,2.07,1.50
2013.06.10 12:51:49.144,0.73946,0.73974,2.07,1.50
2013.06.10 12:51:50.357,0.73948,0.73979,1.69,1.69
2013.06.10 12:51:50.629,0.73948,0.73979,1.69,1.69
2013.06.10 12:51:50.810,0.73948,0.73979,1.69,1.69
2013.06.10 12:51:51.170,0.73952,0.7398,1.69,1.88
2013.06.10 12:51:54.581,0.73952,0.7398,2.44,1.88
2013.06.10 12:51:54.952,0.73952,0.7398,1.69,2.07
2013.06.10 12:51:55.070,0.73949,0.7398,1.69,2.07
2013.06.10 12:51:55.499,0.73947,0.73977,1.69,1.69
2013.06.10 12:51:56.010,0.73947,0.73977,2.44,1.69
2013.06.10 12:51:56.419,0.73947,0.73977,1.69,1.69
2013.06.10 12:51:56.659,0.73947,0.73977,1.69,1.69
2013.06.10 12:52:00.400,0.73946,0.73977,1.32,1.69
2013.06.10 12:52:00.912,0.73947,0.73977,1.69,1.69
2013.06.10 12:52:00.990,0.73948,0.73977,1.69,1.69
2013.06.10 12:52:01.521,0.73948,0.73977,1.69,1.50
2013.06.10 12:52:01.830,0.73947,0.73977,1.69,1.69
2013.06.10 12:52:02.452,0.73947,0.73974,1.69,1.50
2013.06.10 12:52:04.142,0.73945,0.73975,1.32,1.69
2013.06.10 12:52:04.499,0.7394,0.73971,1.69,1.50
2013.06.10 12:52:04.560,0.73939,0.73968,1.69,1.50
2013.06.10 12:52:04.634,0.73939,0.73968,1.69,1.50
2013.06.10 12:52:04.989,0.73934,0.73964,1.32,1.50
2013.06.10 12:52:05.110,0.73932,0.73961,1.32,1.50
2013.06.10 12:52:05.461,0.73931,0.73961,1.69,1.50
2013.06.10 12:52:05.681,0.7393,0.73961,1.69,1.50
2013.06.10 12:52:07.521,0.7393,0.73961,1.69,1.50
2013.06.10 12:52:07.734,0.7393,0.73963,1.69,2.07
2013.06.10 12:52:07.793,0.73936,0.73963,1.35,1.32
2013.06.10 12:52:07.852,0.73936,0.73963,1.54,1.88
2013.06.10 12:52:07.972,0.73941,0.73968,1.69,2.25
2013.06.10 12:52:08.091,0.7394,0.73968,2.44,2.25
2013.06.10 12:52:08.391,0.73942,0.73971,2.44,1.32
2013.06.10 12:52:08.630,0.73939,0.73969,2.44,1.50
2013.06.10 12:52:08.760,0.73937,0.73968,1.69,1.69
2013.06.10 12:52:09.240,0.73938,0.73968,1.69,1.69
2013.06.10 12:52:09.661,0.73941,0.7397,1.69,1.50
2013.06.10 12:52:09.780,0.73947,0.73978,1.69,1.50
2013.06.10 12:52:10.020,0.73944,0.73977,1.69,1.69
2013.06.10 12:52:10.140,0.73942,0.73974,1.69,1.69
2013.06.10 12:52:10.381,0.73941,0.73975,1.69,2.29
2013.06.10 12:52:10.441,0.73941,0.73972,1.69,1.69
2013.06.10 12:52:10.500,0.73943,0.73972,1.69,1.50
2013.06.10 12:52:10.680,0.73949,0.73979,1.50,2.29
2013.06.10 12:52:11.040,0.73947,0.73979,1.69,1.54
2013.06.10 12:52:11.160,0.73947,0.73976,1.69,1.50
2013.06.10 12:52:11.280,0.73947,0.73976,1.69,1.69
2013.06.10 12:52:11.731,0.73941,0.73973,2.44,1.69
2013.06.10 12:52:11.921,0.73941,0.7397,1.69,1.69
2013.06.10 12:52:12.201,0.73941,0.73974,1.69,1.69
2013.06.10 12:52:12.321,0.73939,0.73968,1.69,1.54
2013.06.10 12:52:12.383,0.73937,0.73968,1.69,2.29
2013.06.10 12:52:12.441,0.73936,0.73968,1.69,2.29
2013.06.10 12:52:12.682,0.73936,0.73968,1.69,1.54
2013.06.10 12:52:12.740,0.73941,0.73969,1.50,1.54
2013.06.10 12:52:12.802,0.73937,0.73968,1.69,2.29
2013.06.10 12:52:13.301,0.73937,0.73968,1.69,1.54
2013.06.10 12:52:13.421,0.73934,0.73964,1.69,1.54
2013.06.10 12:52:13.951,0.73937,0.73963,1.50,1.69
2013.06.10 12:52:14.191,0.73937,0.73965,1.50,1.69
2013.06.10 12:52:14.250,0.73937,0.7397,1.69,1.69
2013.06.10 12:52:14.372,0.73942,0.73972,1.69,1.69
2013.06.10 12:52:14.550,0.73942,0.73975,2.44,2.29
2013.06.10 12:52:14.854,0.73944,0.73975,1.69,1.54
2013.06.10 12:52:15.060,0.73944,0.73975,1.69,1.54
2013.06.10 12:52:16.194,0.73944,0.73972,1.69,1.13
2013.06.10 12:52:16.550,0.7395,0.73979,1.69,1.13
2013.06.10 12:52:16.930,0.73952,0.73979,1.69,1.13
2013.06.10 12:52:17.670,0.73951,0.73983,1.69,1.69
2013.06.10 12:52:18.944,0.73953,0.73983,1.69,1.69
2013.06.10 12:52:20.092,0.73953,0.73983,1.69,1.69
2013.06.10 12:52:20.361,0.73951,0.73983,1.69,1.69
2013.06.10 12:52:20.947,0.73954,0.73983,1.69,1.50
2013.06.10 12:52:21.015,0.73959,0.73988,1.69,1.69
2013.06.10 12:52:21.321,0.73967,0.73995,2.44,1.50
2013.06.10 12:52:21.502,0.73972,0.73999,2.44,1.50
2013.06.10 12:52:22.044,0.73975,0.74002,1.69,1.54
2013.06.10 12:52:22.400,0.73968,0.73993,2.44,1.50
2013.06.10 12:52:22.520,0.73961,0.73986,2.44,1.50
2013.06.10 12:52:22.701,0.73956,0.73984,1.69,1.50
2013.06.10 12:52:23.001,0.73956,0.73984,1.69,1.50
2013.06.10 12:52:23.119,0.73954,0.73984,1.69,1.50
2013.06.10 12:52:23.318,0.73954,0.73978,1.69,1.35
2013.06.10 12:52:23.393,0.73954,0.73978,1.69,1.35
2013.06.10 12:52:24.511,0.73954,0.73978,1.69,1.35
2013.06.10 12:52:24.630,0.73957,0.73984,1.69,1.35
2013.06.10 12:52:25.017,0.73958,0.73984,1.69,1.35
2013.06.10 12:52:26.970,0.73958,0.73984,1.69,1.35
2013.06.10 12:52:27.351,0.73958,0.73984,1.69,1.35
2013.06.10 12:52:28.620,0.73958,0.73984,1.69,1.35
2013.06.10 12:52:29.171,0.73958,0.73984,1.69,2.85
2013.06.10 12:52:29.671,0.73952,0.73978,3.19,1.35
2013.06.10 12:52:29.730,0.73952,0.73978,2.44,1.35
2013.06.10 12:52:29.790,0.73952,0.73978,2.44,1.35
2013.06.10 12:52:30.341,0.73952,0.73978,2.44,1.35
2013.06.10 12:52:30.460,0.73951,0.73978,1.69,1.35
2013.06.10 12:52:30.811,0.7395,0.73978,2.44,2.10
2013.06.10 12:52:33.944,0.7395,0.73978,2.44,2.10
2013.06.10 12:52:35.056,0.73949,0.73978,1.69,1.35
2013.06.10 12:52:35.491,0.7395,0.73978,1.69,1.35
2013.06.10 12:52:36.380,0.7395,0.73981,1.69,1.50
2013.06.10 12:52:36.441,0.73952,0.73981,1.69,1.50
2013.06.10 12:52:37.065,0.73952,0.73981,1.69,1.50
2013.06.10 12:52:37.431,0.7395,0.73981,1.69,1.50
2013.06.10 12:52:38.680,0.73954,0.73982,1.69,1.69
2013.06.10 12:52:39.247,0.73953,0.73982,1.69,1.50
2013.06.10 12:52:40.562,0.7395,0.73976,1.69,1.35
2013.06.10 12:52:40.921,0.73946,0.73975,1.69,1.69
2013.06.10 12:52:41.116,0.73946,0.73975,1.69,1.50
2013.06.10 12:52:41.181,0.73948,0.73976,1.69,1.35
2013.06.10 12:52:41.420,0.73948,0.73976,1.69,1.35
2013.06.10 12:52:42.071,0.73948,0.73976,1.69,1.35
2013.06.10 12:52:42.190,0.73948,0.73976,1.69,1.35
2013.06.10 12:52:42.902,0.73942,0.73975,1.69,3.19
2013.06.10 12:52:42.960,0.73945,0.73975,1.50,3.19
2013.06.10 12:52:43.158,0.73945,0.73975,1.69,1.69
2013.06.10 12:52:43.316,0.73945,0.73975,1.69,1.69
2013.06.10 12:52:43.823,0.73946,0.73976,1.69,1.92
2013.06.10 12:52:44.184,0.73945,0.73976,1.69,1.92
2013.06.10 12:52:44.444,0.73941,0.73971,1.69,1.50
2013.06.10 12:52:44.802,0.73939,0.73967,1.69,1.50
2013.06.10 12:52:44.861,0.73935,0.73963,1.69,1.50
2013.06.10 12:52:45.222,0.73935,0.73963,1.69,1.50
2013.06.10 12:52:45.810,0.73932,0.7396,1.69,1.50
2013.06.10 12:52:47.371,0.73932,0.7396,1.69,1.50
2013.06.10 12:52:47.781,0.73932,0.7396,1.69,1.50
2013.06.10 12:52:47.940,0.73932,0.7396,1.69,1.50
2013.06.10 12:52:48.179,0.73933,0.73963,1.69,1.54
2013.06.10 12:52:49.872,0.73934,0.73963,1.69,1.35
2013.06.10 12:52:50.054,0.73938,0.73966,1.69,1.50
2013.06.10 12:52:50.290,0.7394,0.73969,1.69,1.13
2013.06.10 12:52:50.730,0.73941,0.7397,1.69,1.50
2013.06.10 12:52:50.790,0.73941,0.7397,1.69,1.50
2013.06.10 12:52:51.261,0.73943,0.73971,1.69,1.35
2013.06.10 12:52:51.450,0.73943,0.73971,1.69,1.35
2013.06.10 12:52:51.510,0.73943,0.73971,1.69,1.35
2013.06.10 12:52:52.070,0.73943,0.73973,1.69,1.50
2013.06.10 12:52:52.250,0.73943,0.73968,1.69,1.35
2013.06.10 12:52:52.802,0.73943,0.73968,1.69,1.35
2013.06.10 12:52:53.510,0.73943,0.73968,1.69,1.35
2013.06.10 12:52:54.260,0.73941,0.73968,1.69,1.35
2013.06.10 12:52:57.962,0.7394,0.73968,1.69,1.35
2013.06.10 12:52:58.143,0.73938,0.73964,1.69,1.35
2013.06.10 12:53:00.780,0.73938,0.73969,1.69,1.69
2013.06.10 12:53:00.840,0.73941,0.73969,1.69,1.50
2013.06.10 12:53:00.960,0.73944,0.73972,1.69,1.35
2013.06.10 12:53:01.260,0.73947,0.73978,1.69,2.10
2013.06.10 12:53:01.380,0.73951,0.73978,1.69,1.35
2013.06.10 12:53:01.500,0.73952,0.73978,1.69,1.35
2013.06.10 12:53:01.562,0.73953,0.73978,1.69,1.35
2013.06.10 12:53:02.042,0.73954,0.73982,1.69,1.50
2013.06.10 12:53:02.161,0.73957,0.73982,1.69,2.10
2013.06.10 12:53:02.281,0.73954,0.73982,2.44,2.10
2013.06.10 12:53:03.340,0.73952,0.73978,1.69,1.50
2013.06.10 12:53:04.058,0.73952,0.73978,1.69,1.50
2013.06.10 12:53:04.351,0.73947,0.73974,1.69,1.35
2013.06.10 12:53:04.412,0.73946,0.73973,1.69,1.50
2013.06.10 12:53:05.421,0.73949,0.73973,1.69,1.50
2013.06.10 12:53:05.480,0.73951,0.73973,1.69,1.50
2013.06.10 12:53:06.022,0.73947,0.73973,1.69,1.50
2013.06.10 12:53:06.261,0.73948,0.73974,1.69,1.50
2013.06.10 12:53:06.321,0.73947,0.73974,1.69,1.50
2013.06.10 12:53:06.503,0.7395,0.73977,1.69,1.50
2013.06.10 12:53:09.015,0.73951,0.73977,1.69,1.50
2013.06.10 12:53:10.520,0.7395,0.7398,1.69,1.50
2013.06.10 12:53:10.952,0.73954,0.73982,3.19,2.10
2013.06.10 12:53:11.171,0.73965,0.7399,1.69,2.25
2013.06.10 12:53:11.300,0.73966,0.73994,1.69,1.88
2013.06.10 12:53:11.559,0.73966,0.73995,1.32,1.73
2013.06.10 12:53:11.975,0.73971,0.74001,3.94,1.50
2013.06.10 12:53:12.042,0.73972,0.74001,1.69,1.50
2013.06.10 12:53:12.162,0.73972,0.74001,1.69,2.10
2013.06.10 12:53:12.223,0.73971,0.74001,1.69,2.10
2013.06.10 12:53:12.341,0.73971,0.74001,1.69,2.10
2013.06.10 12:53:12.651,0.73967,0.73994,1.69,1.50
2013.06.10 12:53:13.191,0.73966,0.73994,2.44,1.50
2013.06.10 12:53:14.080,0.73967,0.73998,2.44,1.69
2013.06.10 12:53:14.520,0.73976,0.74001,1.69,2.10
2013.06.10 12:53:14.832,0.73978,0.74007,1.69,1.50
2013.06.10 12:53:15.010,0.73977,0.74003,1.69,1.50
2013.06.10 12:53:15.130,0.73977,0.74003,1.69,1.50
2013.06.10 12:53:15.664,0.73981,0.74007,1.69,1.35
2013.06.10 12:53:15.912,0.73979,0.74007,1.69,1.50
2013.06.10 12:53:15.970,0.73981,0.74011,1.69,1.35
2013.06.10 12:53:16.090,0.73982,0.74011,1.69,1.35
2013.06.10 12:53:16.631,0.73982,0.74008,1.69,1.50
2013.06.10 12:53:17.051,0.73986,0.74011,1.69,1.50
2013.06.10 12:53:17.230,0.73986,0.74014,1.69,1.50
2013.06.10 12:53:17.292,0.73986,0.74014,1.69,1.50
2013.06.10 12:53:17.590,0.73981,0.74012,1.69,1.54
2013.06.10 12:53:17.863,0.73979,0.74008,1.69,1.50
2013.06.10 12:53:18.397,0.73979,0.74007,1.69,1.50
2013.06.10 12:53:18.991,0.73979,0.74007,1.69,1.50
2013.06.10 12:53:19.201,0.73981,0.7401,1.50,1.50
2013.06.10 12:53:19.670,0.73977,0.74008,1.69,1.50
2013.06.10 12:53:19.731,0.73977,0.74006,1.69,2.10
2013.06.10 12:53:20.089,0.73967,0.73996,1.69,1.35
2013.06.10 12:53:20.150,0.73967,0.74,1.69,1.13
2013.06.10 12:53:20.210,0.73971,0.74,1.50,1.13
2013.06.10 12:53:20.390,0.73971,0.74005,1.50,1.69
2013.06.10 12:53:20.511,0.73973,0.74005,1.69,1.50
2013.06.10 12:53:20.870,0.73971,0.74,2.44,1.50
2013.06.10 12:53:21.230,0.73962,0.73994,1.69,1.50
2013.06.10 12:53:21.400,0.73967,0.73998,1.50,1.50
2013.06.10 12:53:21.714,0.73961,0.73993,1.69,1.35
2013.06.10 12:53:22.046,0.73961,0.73993,2.44,1.35
2013.06.10 12:53:22.334,0.73967,0.74,1.69,1.69
2013.06.10 12:53:22.585,0.73971,0.74001,1.50,1.50
2013.06.10 12:53:23.782,0.73968,0.73999,1.69,1.50
2013.06.10 12:53:24.498,0.73979,0.7401,1.69,1.50
2013.06.10 12:53:24.652,0.73988,0.74024,1.69,1.88
2013.06.10 12:53:24.722,0.73987,0.74024,2.44,2.82
2013.06.10 12:53:25.074,0.73994,0.74021,1.50,1.17
2013.06.10 12:53:25.737,0.73996,0.74028,1.13,1.69
2013.06.10 12:53:26.331,0.74,0.74029,2.07,1.13
2013.06.10 12:53:27.585,0.74007,0.74054,2.25,1.13
2013.06.10 12:53:27.771,0.74007,0.74059,2.25,1.50
2013.06.10 12:53:28.101,0.74009,0.74059,2.25,3.00
2013.06.10 12:53:28.471,0.74001,0.7405,1.50,1.50
2013.06.10 12:53:28.546,0.74,0.7405,2.25,1.50
2013.06.10 12:53:28.611,0.74,0.7405,2.25,1.50
2013.06.10 12:53:28.805,0.73995,0.74043,2.25,1.50
2013.06.10 12:53:29.132,0.73995,0.74024,2.25,1.35
2013.06.10 12:53:29.461,0.73993,0.74011,1.50,1.35
2013.06.10 12:53:29.523,0.73981,0.74011,1.50,1.35
2013.06.10 12:53:29.590,0.73977,0.74009,1.13,1.35
2013.06.10 12:53:30.261,0.73965,0.74011,1.50,2.10
2013.06.10 12:53:30.383,0.73972,0.74015,1.50,1.35
2013.06.10 12:53:30.500,0.73972,0.74018,1.50,1.35
2013.06.10 12:53:30.560,0.73977,0.74019,1.35,1.50
2013.06.10 12:53:30.860,0.73983,0.74031,1.50,1.35
2013.06.10 12:53:30.980,0.73986,0.74031,1.50,1.35
2013.06.10 12:53:31.645,0.73991,0.74034,1.13,1.35
2013.06.10 12:53:32.142,0.73991,0.74032,1.13,1.35
2013.06.10 12:53:32.601,0.7399,0.74039,2.25,1.73
2013.06.10 12:53:33.151,0.73995,0.74039,1.69,1.32
2013.06.10 12:53:33.570,0.73998,0.7404,1.69,1.32
2013.06.10 12:53:33.873,0.74,0.74043,2.07,1.69
2013.06.10 12:53:34.700,0.73995,0.74039,1.69,2.67
2013.06.10 12:53:34.820,0.73997,0.74039,1.69,2.29
2013.06.10 12:53:34.882,0.73997,0.74037,1.69,1.69
2013.06.10 12:53:35.161,0.73995,0.74036,1.69,1.32
2013.06.10 12:53:35.221,0.73991,0.74036,2.44,2.07
2013.06.10 12:53:35.403,0.73991,0.74036,2.44,2.07
2013.06.10 12:53:35.711,0.73992,0.74034,1.69,1.69
2013.06.10 12:53:36.112,0.7399,0.74029,1.54,1.69
2013.06.10 12:53:36.650,0.73985,0.74028,1.69,1.69
2013.06.10 12:53:36.961,0.73985,0.74026,1.69,1.69
2013.06.10 12:53:37.251,0.73988,0.74031,1.69,1.69
2013.06.10 12:53:37.431,0.73993,0.74031,1.69,1.69
2013.06.10 12:53:37.550,0.73993,0.74033,1.69,1.69
2013.06.10 12:53:37.831,0.7399,0.7403,1.69,1.69
2013.06.10 12:53:38.047,0.73986,0.74026,1.69,1.69
2013.06.10 12:53:38.113,0.73984,0.7402,1.69,1.50
2013.06.10 12:53:38.182,0.73986,0.74023,1.69,2.44
2013.06.10 12:53:38.425,0.73986,0.7402,1.50,2.07
2013.06.10 12:53:38.493,0.73986,0.74017,1.50,1.69
2013.06.10 12:53:38.853,0.73981,0.74014,1.69,1.50
2013.06.10 12:53:38.910,0.73982,0.74014,1.69,1.50
2013.06.10 12:53:39.351,0.73985,0.74014,1.50,1.50
2013.06.10 12:53:39.663,0.73987,0.74019,1.69,1.50
2013.06.10 12:53:39.980,0.73988,0.74018,1.69,1.50
2013.06.10 12:53:40.342,0.73991,0.74023,1.69,1.69
2013.06.10 12:53:40.401,0.73996,0.74027,1.50,1.50
2013.06.10 12:53:40.712,0.74,0.7403,1.69,1.50
2013.06.10 12:53:41.290,0.74,0.74031,1.69,1.50
2013.06.10 12:53:41.410,0.73995,0.74031,1.69,1.50
2013.06.10 12:53:41.590,0.73993,0.74028,1.69,1.50
2013.06.10 12:53:41.710,0.73992,0.74023,1.69,1.50
2013.06.10 12:53:41.771,0.73992,0.74023,1.50,1.69
2013.06.10 12:53:41.950,0.73993,0.74023,1.69,1.50
2013.06.10 12:53:42.012,0.73995,0.74024,1.50,1.50
2013.06.10 12:53:42.190,0.73992,0.74026,1.50,1.69
2013.06.10 12:53:42.551,0.73987,0.74026,1.69,1.69
2013.06.10 12:53:42.610,0.73991,0.74026,1.50,2.44
2013.06.10 12:53:42.670,0.73992,0.74026,1.50,1.69
2013.06.10 12:53:42.730,0.73992,0.74024,1.50,1.69
2013.06.10 12:53:43.262,0.73986,0.74021,1.69,1.35
2013.06.10 12:53:43.321,0.73986,0.74018,1.69,1.50
2013.06.10 12:53:43.502,0.73982,0.74018,1.50,1.69
2013.06.10 12:53:43.680,0.73982,0.74018,1.69,1.69
2013.06.10 12:53:43.741,0.73982,0.7402,1.69,1.50
2013.06.10 12:53:44.101,0.73996,0.74024,1.50,1.35
2013.06.10 12:53:44.281,0.73992,0.7403,1.50,1.69
2013.06.10 12:53:44.401,0.74001,0.7403,1.50,1.69
2013.06.10 12:53:44.520,0.73997,0.74026,1.69,1.50
2013.06.10 12:53:44.651,0.73997,0.74028,1.69,1.50
2013.06.10 12:53:44.711,0.73998,0.74029,1.69,1.50
2013.06.10 12:53:45.013,0.73992,0.74028,1.69,1.50
2013.06.10 12:53:45.072,0.73996,0.74028,1.69,1.50
2013.06.10 12:53:45.130,0.73992,0.74024,1.69,1.50
2013.06.10 12:53:45.312,0.73985,0.74018,1.50,1.50
2013.06.10 12:53:45.371,0.73981,0.74013,1.50,1.69
2013.06.10 12:53:45.492,0.73978,0.74009,1.69,1.50
2013.06.10 12:53:45.671,0.73978,0.74009,1.69,1.50
2013.06.10 12:53:45.732,0.73977,0.74008,1.69,1.50
2013.06.10 12:53:45.851,0.73977,0.74008,1.69,1.50
2013.06.10 12:53:45.912,0.73977,0.74008,1.50,1.69
2013.06.10 12:53:46.224,0.73976,0.74005,1.50,1.50
2013.06.10 12:53:46.411,0.73976,0.74009,1.69,1.50
2013.06.10 12:53:46.538,0.73976,0.7401,1.69,1.50
2013.06.10 12:53:46.840,0.73973,0.7401,1.69,1.50
2013.06.10 12:53:46.911,0.73981,0.74014,1.50,1.69
2013.06.10 12:53:47.474,0.73977,0.7401,1.69,1.50
2013.06.10 12:53:47.773,0.73977,0.74008,1.69,1.50
2013.06.10 12:53:48.080,0.73976,0.74007,1.50,1.50
2013.06.10 12:53:48.140,0.73976,0.74005,1.50,1.50
2013.06.10 12:53:48.261,0.73981,0.74009,1.50,1.69
2013.06.10 12:53:48.322,0.73982,0.74012,1.50,1.69
2013.06.10 12:53:48.561,0.7398,0.74009,1.50,1.50
2013.06.10 12:53:48.900,0.73977,0.74009,1.69,1.50
2013.06.10 12:53:49.021,0.73977,0.74016,1.69,2.44
2013.06.10 12:53:49.324,0.73971,0.74014,1.69,1.69
2013.06.10 12:53:49.394,0.73976,0.74012,1.50,1.69
2013.06.10 12:53:49.522,0.73976,0.7401,1.50,1.69
2013.06.10 12:53:49.641,0.73976,0.74012,1.50,2.44
2013.06.10 12:53:50.200,0.73972,0.74007,1.50,1.69
2013.06.10 12:53:50.262,0.73966,0.74007,1.69,2.44
2013.06.10 12:53:50.382,0.73972,0.74007,1.50,1.69
2013.06.10 12:53:50.562,0.73977,0.74007,1.50,1.69
2013.06.10 12:53:50.620,0.73977,0.74007,1.50,1.69
2013.06.10 12:53:50.921,0.73982,0.74018,1.50,2.44
2013.06.10 12:53:51.120,0.73977,0.7401,1.69,1.50
2013.06.10 12:53:51.240,0.73981,0.74014,1.50,1.69
2013.06.10 12:53:51.301,0.73984,0.74014,1.50,1.69
2013.06.10 12:53:51.480,0.73986,0.7402,1.50,1.69
2013.06.10 12:53:51.540,0.73992,0.74025,1.50,1.69
2013.06.10 12:53:51.663,0.73992,0.74025,1.50,1.69
2013.06.10 12:53:51.720,0.73996,0.74028,1.69,1.50
2013.06.10 12:53:51.901,0.73997,0.74033,1.69,1.69
2013.06.10 12:53:52.461,0.74001,0.74037,1.13,1.69
2013.06.10 12:53:52.720,0.73994,0.74036,2.07,1.69
2013.06.10 12:53:53.080,0.7399,0.74033,2.07,2.44
2013.06.10 12:53:53.330,0.73992,0.74028,1.50,1.69
2013.06.10 12:53:53.571,0.73992,0.74033,2.44,1.69
2013.06.10 12:53:53.690,0.74001,0.7403,1.50,1.50
2013.06.10 12:53:53.870,0.73996,0.74028,1.69,1.50
2013.06.10 12:53:53.991,0.74002,0.74034,1.50,1.50
2013.06.10 12:53:54.050,0.74002,0.74034,1.69,1.50
2013.06.10 12:53:54.231,0.74011,0.74039,1.13,1.32
2013.06.10 12:53:54.411,0.74014,0.74046,1.13,1.69
2013.06.10 12:53:54.872,0.7401,0.74042,1.69,1.50
2013.06.10 12:53:54.931,0.7401,0.74044,1.69,1.50
2013.06.10 12:53:55.191,0.7401,0.74042,1.50,1.50
2013.06.10 12:53:55.372,0.74006,0.74039,1.69,1.50
2013.06.10 12:53:55.500,0.74006,0.74039,1.69,1.50
2013.06.10 12:53:55.560,0.7401,0.74043,1.50,1.69
2013.06.10 12:53:55.870,0.7401,0.7404,1.69,1.50
2013.06.10 12:53:56.231,0.74005,0.74035,2.44,1.50
2013.06.10 12:53:56.532,0.74003,0.74033,1.69,1.50
2013.06.10 12:53:56.850,0.73996,0.74026,1.32,1.50
2013.06.10 12:53:57.031,0.73993,0.74023,1.13,1.50
2013.06.10 12:53:57.091,0.73992,0.74018,1.32,1.50
2013.06.10 12:53:57.151,0.73988,0.74018,1.32,1.50
2013.06.10 12:53:57.210,0.73988,0.74024,1.32,1.69
2013.06.10 12:53:57.271,0.73988,0.74018,1.32,1.50
2013.06.10 12:53:57.330,0.73987,0.74016,1.13,1.50
2013.06.10 12:53:57.814,0.73981,0.74013,1.69,1.50
2013.06.10 12:53:58.331,0.73981,0.74019,1.69,1.69
2013.06.10 12:53:58.392,0.73979,0.74019,1.69,1.69
2013.06.10 12:53:58.561,0.73983,0.74019,1.69,1.69
2013.06.10 12:53:58.742,0.73991,0.74023,1.50,1.69
2013.06.10 12:53:59.062,0.73996,0.74029,1.69,1.50
2013.06.10 12:53:59.435,0.73991,0.74024,2.44,1.50
2013.06.10 12:53:59.500,0.73991,0.74024,1.69,1.50
2013.06.10 12:53:59.562,0.73991,0.74024,1.69,1.50
2013.06.10 12:53:59.681,0.73991,0.74024,1.50,1.69
2013.06.10 12:54:00.002,0.73986,0.74019,1.69,1.50
2013.06.10 12:54:00.060,0.73986,0.74019,1.69,1.69
2013.06.10 12:54:00.592,0.73986,0.74019,1.50,1.69
2013.06.10 12:54:00.931,0.7399,0.74019,1.13,1.69
2013.06.10 12:54:01.280,0.73987,0.74018,1.69,1.50
2013.06.10 12:54:01.340,0.73987,0.74018,1.69,1.50
2013.06.10 12:54:01.535,0.73985,0.74018,2.44,1.50
2013.06.10 12:54:01.880,0.73982,0.74013,1.69,1.50
2013.06.10 12:54:02.120,0.73982,0.74015,1.69,1.50
2013.06.10 12:54:02.181,0.73982,0.74016,1.69,1.50
2013.06.10 12:54:02.240,0.73987,0.74018,1.50,1.69
2013.06.10 12:54:02.421,0.73984,0.74016,1.69,1.50
2013.06.10 12:54:02.601,0.73981,0.74014,1.69,1.50
2013.06.10 12:54:02.720,0.7398,0.74013,1.69,1.50
2013.06.10 12:54:03.111,0.7398,0.74018,1.69,1.69
2013.06.10 12:54:03.170,0.73976,0.74009,1.69,1.50
2013.06.10 12:54:03.411,0.73982,0.74019,1.35,1.69
2013.06.10 12:54:03.471,0.73988,0.74019,1.50,1.69
2013.06.10 12:54:03.610,0.73988,0.74019,1.69,1.50
2013.06.10 12:54:03.730,0.73991,0.74024,1.69,1.50
2013.06.10 12:54:04.031,0.73988,0.74027,1.69,1.69
2013.06.10 12:54:04.424,0.73991,0.74023,1.69,1.50
2013.06.10 12:54:05.622,0.73987,0.74021,1.69,1.50
2013.06.10 12:54:05.971,0.73984,0.74014,1.69,1.50
2013.06.10 12:54:06.221,0.73983,0.74018,1.69,1.69
2013.06.10 12:54:06.390,0.73983,0.74019,1.69,1.69
2013.06.10 12:54:06.510,0.73983,0.74018,1.50,1.69
2013.06.10 12:54:07.113,0.73983,0.74018,1.50,1.69
2013.06.10 12:54:07.290,0.73983,0.74014,1.50,1.50
2013.06.10 12:54:08.811,0.73983,0.74021,1.69,1.69
2013.06.10 12:54:08.992,0.7399,0.74024,1.50,1.69
2013.06.10 12:54:09.111,0.73993,0.74028,1.50,1.69
2013.06.10 12:54:09.971,0.73988,0.74028,1.69,1.69
2013.06.10 12:54:10.171,0.73988,0.74024,1.69,1.69
2013.06.10 12:54:10.230,0.73991,0.74024,1.50,1.69
2013.06.10 12:54:10.451,0.73996,0.74024,1.50,1.50
2013.06.10 12:54:10.512,0.73996,0.74028,1.50,1.69
2013.06.10 12:54:10.631,0.73998,0.74029,1.50,1.69
2013.06.10 12:54:10.690,0.73998,0.74033,1.69,1.69
2013.06.10 12:54:10.951,0.74006,0.74034,1.50,1.69
2013.06.10 12:54:11.500,0.74002,0.74034,1.69,1.50
2013.06.10 12:54:11.783,0.73996,0.74029,1.69,1.50
2013.06.10 12:54:11.971,0.73992,0.74028,2.44,1.50
2013.06.10 12:54:12.030,0.73992,0.74023,2.44,1.50
2013.06.10 12:54:12.541,0.73997,0.74029,1.50,1.69
2013.06.10 12:54:12.661,0.73996,0.74029,1.50,1.69
2013.06.10 12:54:12.721,0.73999,0.74032,1.50,1.69
2013.06.10 12:54:12.912,0.74,0.74033,1.50,1.69
2013.06.10 12:54:13.211,0.73996,0.74033,1.50,1.69
2013.06.10 12:54:13.391,0.74002,0.74033,1.50,1.69
2013.06.10 12:54:13.601,0.73996,0.74029,1.69,1.50
2013.06.10 12:54:13.661,0.73997,0.74029,1.69,1.50
2013.06.10 12:54:14.080,0.73998,0.74029,1.50,1.69
2013.06.10 12:54:14.201,0.73997,0.74029,1.50,1.69
2013.06.10 12:54:14.503,0.7399,0.74024,1.50,1.69
2013.06.10 12:54:14.992,0.73992,0.74022,1.50,1.69
2013.06.10 12:54:15.550,0.73993,0.74024,1.50,1.50
2013.06.10 12:54:16.070,0.73992,0.74022,1.50,1.69
2013.06.10 12:54:16.513,0.73992,0.74024,1.50,1.69
2013.06.10 12:54:16.851,0.73996,0.74028,1.50,1.69
2013.06.10 12:54:16.910,0.73992,0.74028,1.69,1.69
2013.06.10 12:54:17.561,0.73991,0.74028,1.69,1.69
2013.06.10 12:54:17.691,0.73997,0.74028,1.50,1.69
2013.06.10 12:54:17.932,0.73995,0.74025,1.50,1.50
2013.06.10 12:54:18.122,0.73996,0.7403,1.69,1.69
2013.06.10 12:54:18.241,0.74001,0.74034,1.50,2.44
2013.06.10 12:54:18.361,0.74001,0.74038,1.69,1.69
2013.06.10 12:54:18.421,0.74008,0.74039,1.50,2.44
2013.06.10 12:54:18.661,0.74011,0.74043,1.50,1.69
2013.06.10 12:54:18.841,0.74007,0.74038,1.69,1.50
2013.06.10 12:54:19.370,0.74007,0.74038,1.50,1.69
2013.06.10 12:54:19.490,0.74002,0.74035,1.50,1.69
2013.06.10 12:54:19.611,0.74004,0.74038,1.50,1.69
2013.06.10 12:54:19.892,0.74001,0.74035,1.69,1.69
2013.06.10 12:54:20.112,0.74004,0.74038,1.50,1.69
2013.06.10 12:54:20.271,0.74001,0.74035,1.69,1.69
2013.06.10 12:54:20.391,0.74004,0.74038,1.50,1.69
2013.06.10 12:54:20.723,0.74003,0.74038,1.50,1.69
2013.06.10 12:54:20.841,0.74001,0.74034,1.69,1.69
2013.06.10 12:54:21.180,0.74002,0.74031,1.50,1.50
2013.06.10 12:54:21.240,0.74002,0.74033,1.50,1.69
2013.06.10 12:54:21.500,0.74003,0.74033,1.50,1.50
2013.06.10 12:54:21.560,0.74005,0.74036,1.50,1.50
2013.06.10 12:54:21.740,0.74005,0.74039,1.50,1.69
2013.06.10 12:54:22.461,0.74005,0.74039,1.50,1.69
2013.06.10 12:54:22.762,0.74002,0.74034,1.50,1.69
2013.06.10 12:54:22.821,0.73997,0.74033,1.69,1.69
2013.06.10 12:54:22.941,0.74002,0.74034,1.50,1.69
2013.06.10 12:54:23.060,0.74002,0.74034,1.50,1.69
2013.06.10 12:54:23.513,0.74001,0.74034,1.69,1.50
2013.06.10 12:54:23.990,0.74002,0.74039,1.69,1.69
2013.06.10 12:54:24.210,0.73999,0.74033,1.69,1.50
2013.06.10 12:54:24.271,0.74002,0.74033,1.69,1.50
2013.06.10 12:54:24.790,0.74003,0.74038,1.50,1.69
2013.06.10 12:54:24.870,0.74005,0.74038,1.50,1.69
2013.06.10 12:54:25.170,0.74002,0.74035,1.69,1.50
2013.06.10 12:54:25.553,0.74006,0.74039,1.50,1.69
2013.06.10 12:54:25.830,0.74007,0.74039,1.50,1.69
2013.06.10 12:54:26.011,0.74007,0.74038,1.50,1.69
2013.06.10 12:54:26.472,0.74007,0.7404,1.50,1.69
2013.06.10 12:54:27.000,0.74009,0.74041,1.69,1.69
2013.06.10 12:54:27.211,0.74007,0.74038,1.69,1.69
2013.06.10 12:54:27.409,0.74007,0.74038,1.69,1.69
2013.06.10 12:54:28.171,0.74007,0.74039,1.69,1.69
2013.06.10 12:54:28.292,0.7401,0.74039,1.50,1.69
2013.06.10 12:54:28.411,0.74007,0.74039,1.69,1.69
2013.06.10 12:54:28.711,0.74001,0.74034,1.69,1.69
2013.06.10 12:54:29.981,0.73998,0.74031,1.69,1.69
2013.06.10 12:54:30.101,0.74002,0.74035,1.69,1.69
2013.06.10 12:54:30.344,0.74002,0.74035,2.44,1.69
2013.06.10 12:54:30.760,0.74002,0.74033,1.69,1.69
2013.06.10 12:54:31.300,0.74005,0.74034,1.50,1.69
2013.06.10 12:54:31.421,0.74003,0.74033,2.44,1.50
2013.06.10 12:54:32.050,0.74,0.74033,1.69,1.69
2013.06.10 12:54:32.343,0.74,0.74034,1.69,1.69
2013.06.10 12:54:32.403,0.74,0.74033,1.69,1.69
2013.06.10 12:54:32.701,0.74005,0.74033,1.50,1.69
2013.06.10 12:54:33.030,0.74005,0.74039,1.69,1.69
2013.06.10 12:54:33.421,0.74005,0.74034,1.69,1.50
2013.06.10 12:54:33.660,0.74005,0.74038,1.69,1.69
2013.06.10 12:54:34.020,0.73999,0.74033,1.69,1.69
2013.06.10 12:54:34.560,0.73999,0.74035,2.44,1.69
2013.06.10 12:54:34.620,0.74002,0.74038,1.69,1.69
2013.06.10 12:54:34.811,0.74002,0.74039,2.44,1.69
2013.06.10 12:54:35.021,0.74002,0.74036,1.69,1.69
2013.06.10 12:54:35.532,0.73999,0.74035,2.44,1.69
2013.06.10 12:54:36.503,0.73999,0.74034,1.69,2.44
2013.06.10 12:54:36.821,0.74002,0.74034,1.50,2.44
2013.06.10 12:54:36.880,0.74,0.74034,1.69,1.69
2013.06.10 12:54:37.001,0.74009,0.74037,1.50,1.69
2013.06.10 12:54:37.061,0.74007,0.74037,1.50,2.44
2013.06.10 12:54:37.181,0.74005,0.74033,1.50,1.50
2013.06.10 12:54:37.361,0.74005,0.74033,1.50,1.69
2013.06.10 12:54:37.727,0.74006,0.74037,1.50,1.69
2013.06.10 12:54:37.921,0.7401,0.74042,1.50,1.69
2013.06.10 12:54:38.180,0.74006,0.74036,1.69,1.50
2013.06.10 12:54:38.240,0.74005,0.74034,1.69,1.50
2013.06.10 12:54:38.300,0.74001,0.74034,1.69,1.50
2013.06.10 12:54:38.543,0.74001,0.74037,1.69,1.69
2013.06.10 12:54:38.900,0.73999,0.74034,2.44,1.69
2013.06.10 12:54:39.254,0.73999,0.74033,1.69,1.69
2013.06.10 12:54:40.211,0.73999,0.74032,1.69,1.69
2013.06.10 12:54:40.270,0.74001,0.74037,1.69,1.69
2013.06.10 12:54:40.391,0.74,0.74037,1.69,1.69
2013.06.10 12:54:40.751,0.74001,0.74034,1.69,1.69
2013.06.10 12:54:41.171,0.74004,0.74038,1.69,1.69
2013.06.10 12:54:41.471,0.74004,0.74035,1.50,2.44
2013.06.10 12:54:41.530,0.74,0.74034,1.69,1.69
2013.06.10 12:54:42.150,0.73998,0.74034,1.69,2.44
2013.06.10 12:54:42.270,0.74,0.74034,1.69,2.44
2013.06.10 12:54:42.330,0.73998,0.74034,1.69,2.44
2013.06.10 12:54:42.390,0.73996,0.74029,2.44,1.50
2013.06.10 12:54:42.450,0.73999,0.7403,1.69,1.69
2013.06.10 12:54:42.632,0.73999,0.74032,1.69,1.69
2013.06.10 12:54:42.692,0.73999,0.7403,1.69,1.69
2013.06.10 12:54:42.990,0.73997,0.7403,1.69,1.69
2013.06.10 12:54:43.480,0.73999,0.7403,1.69,1.69
2013.06.10 12:54:43.901,0.73999,0.7403,1.50,2.44
2013.06.10 12:54:44.021,0.73999,0.7403,1.69,1.69
2013.06.10 12:54:44.081,0.73996,0.74028,2.44,1.69
2013.06.10 12:54:44.202,0.73999,0.74028,1.69,1.50
2013.06.10 12:54:44.792,0.73999,0.74028,1.69,1.50
2013.06.10 12:54:45.280,0.73996,0.74029,1.69,1.69
2013.06.10 12:54:45.470,0.73996,0.74024,1.69,1.50
2013.06.10 12:54:45.910,0.73995,0.74028,1.69,1.69
2013.06.10 12:54:46.292,0.73993,0.74023,1.69,1.50
2013.06.10 12:54:46.520,0.73997,0.74025,1.50,1.69
2013.06.10 12:54:47.373,0.73991,0.74023,1.69,1.50
2013.06.10 12:54:47.550,0.73993,0.74024,1.69,1.69
2013.06.10 12:54:48.332,0.73993,0.74027,1.69,1.69
2013.06.10 12:54:48.510,0.73999,0.74029,1.50,1.69
2013.06.10 12:54:48.831,0.73996,0.74029,1.69,1.69
2013.06.10 12:54:48.952,0.73999,0.74029,1.69,1.69
2013.06.10 12:54:50.142,0.73997,0.74029,2.44,1.50
2013.06.10 12:54:50.261,0.73996,0.74025,1.69,1.50
2013.06.10 12:54:50.640,0.73991,0.74024,1.69,1.69
2013.06.10 12:54:50.701,0.73995,0.74026,1.69,1.69
2013.06.10 12:54:51.180,0.74001,0.74031,1.50,1.69
2013.06.10 12:54:51.241,0.74002,0.74033,1.50,1.69
2013.06.10 12:54:51.603,0.74009,0.74044,1.69,2.07
2013.06.10 12:54:51.720,0.74012,0.74044,1.69,2.07
2013.06.10 12:54:51.780,0.74012,0.74044,1.50,2.82
2013.06.10 12:54:51.931,0.74012,0.74042,1.50,1.69
2013.06.10 12:54:52.173,0.74011,0.74042,1.69,1.69
2013.06.10 12:54:52.411,0.74011,0.74044,1.69,1.32
2013.06.10 12:54:52.805,0.74021,0.74049,1.69,1.32
2013.06.10 12:54:52.875,0.74021,0.7405,1.69,1.50
2013.06.10 12:54:53.420,0.74021,0.7405,1.69,1.50
2013.06.10 12:54:53.480,0.74021,0.7405,1.50,1.69
2013.06.10 12:54:53.600,0.74022,0.74056,1.69,2.44
2013.06.10 12:54:53.781,0.74021,0.74056,1.69,1.69
2013.06.10 12:54:53.900,0.74021,0.74054,1.69,1.69
2013.06.10 12:54:54.221,0.74017,0.74053,1.69,1.69
2013.06.10 12:54:54.280,0.74017,0.74049,1.69,1.69
2013.06.10 12:54:54.784,0.74017,0.74049,1.69,2.44
2013.06.10 12:54:55.501,0.74017,0.74049,1.50,1.69
2013.06.10 12:54:55.606,0.74017,0.7405,1.50,1.69
2013.06.10 12:54:55.671,0.74017,0.7405,1.50,1.69
2013.06.10 12:54:55.731,0.74018,0.74053,1.69,1.69
2013.06.10 12:54:56.330,0.74022,0.74053,1.69,1.69
2013.06.10 12:54:56.433,0.74022,0.74054,1.69,1.69
2013.06.10 12:54:56.791,0.74019,0.74056,1.69,1.69
2013.06.10 12:54:56.958,0.74017,0.74049,1.69,1.69
2013.06.10 12:54:57.391,0.74017,0.74049,2.44,1.69
2013.06.10 12:54:57.972,0.74021,0.74054,1.69,2.44
2013.06.10 12:54:58.514,0.74021,0.74053,1.69,1.69
2013.06.10 12:54:58.884,0.74021,0.74053,1.69,2.44
2013.06.10 12:54:59.163,0.74021,0.74053,1.69,2.44
2013.06.10 12:54:59.352,0.74022,0.74055,1.69,1.69
2013.06.10 12:54:59.988,0.74022,0.74055,1.69,2.44
2013.06.10 12:55:00.238,0.74022,0.74053,1.50,1.69
2013.06.10 12:55:00.482,0.74024,0.74055,1.50,1.69
2013.06.10 12:55:00.542,0.74022,0.74055,1.50,1.69
2013.06.10 12:55:01.210,0.74021,0.74052,1.69,1.69
2013.06.10 12:55:01.722,0.74021,0.74052,1.69,1.69
2013.06.10 12:55:01.972,0.74021,0.74052,1.69,1.69
2013.06.10 12:55:02.091,0.74019,0.74048,1.69,1.69
2013.06.10 12:55:02.452,0.7402,0.74051,1.50,1.69
2013.06.10 12:55:02.511,0.74021,0.74053,1.50,2.44
2013.06.10 12:55:02.690,0.74023,0.74054,1.50,1.69
2013.06.10 12:55:02.810,0.74026,0.7406,1.69,1.69
2013.06.10 12:55:02.870,0.7403,0.7406,1.50,1.69
2013.06.10 12:55:03.110,0.7403,0.7406,1.50,1.69
2013.06.10 12:55:03.170,0.7403,0.74064,1.50,1.69
2013.06.10 12:55:03.370,0.74032,0.74065,1.69,1.69
2013.06.10 12:55:03.430,0.74029,0.74061,1.69,1.69
2013.06.10 12:55:03.672,0.7403,0.74061,1.69,1.50
2013.06.10 12:55:03.944,0.74027,0.74058,2.44,1.50
2013.06.10 12:55:04.541,0.74027,0.74058,1.69,1.69
2013.06.10 12:55:04.665,0.7403,0.74058,1.69,1.69
2013.06.10 12:55:05.181,0.74026,0.74058,2.44,1.50
2013.06.10 12:55:05.300,0.74029,0.74061,1.69,1.69
2013.06.10 12:55:05.401,0.74031,0.74061,1.69,1.69
2013.06.10 12:55:05.711,0.74034,0.74067,1.69,1.69
2013.06.10 12:55:05.951,0.74037,0.74069,1.69,1.50
2013.06.10 12:55:06.011,0.74037,0.74073,1.69,1.69
2013.06.10 12:55:06.201,0.74037,0.74069,1.69,1.50
2013.06.10 12:55:06.441,0.74036,0.74069,2.44,1.50
2013.06.10 12:55:06.795,0.74038,0.74069,1.69,1.50
2013.06.10 12:55:07.402,0.74038,0.74069,2.44,1.50
2013.06.10 12:55:07.706,0.74039,0.74069,1.69,1.50
2013.06.10 12:55:08.200,0.74041,0.74071,1.69,1.69
2013.06.10 12:55:08.260,0.74037,0.74071,1.69,1.69
2013.06.10 12:55:09.020,0.74036,0.74066,1.69,1.50
2013.06.10 12:55:09.551,0.74037,0.74066,1.69,1.50
2013.06.10 12:55:09.891,0.74043,0.74073,1.69,1.50
2013.06.10 12:55:09.951,0.74044,0.74073,1.69,1.50
2013.06.10 12:55:10.271,0.74046,0.74076,2.44,1.50
2013.06.10 12:55:10.902,0.74048,0.74079,1.69,1.69
2013.06.10 12:55:11.081,0.74044,0.74079,1.69,2.44
2013.06.10 12:55:11.261,0.74044,0.74073,1.69,1.50
2013.06.10 12:55:11.721,0.74041,0.74073,2.44,1.50
2013.06.10 12:55:12.041,0.74042,0.74073,1.69,1.50
2013.06.10 12:55:12.220,0.74045,0.74076,1.69,1.50
2013.06.10 12:55:13.212,0.74045,0.74076,1.69,1.50
2013.06.10 12:55:13.761,0.74046,0.74076,1.69,1.50
2013.06.10 12:55:14.070,0.74046,0.74078,1.69,1.69
2013.06.10 12:55:14.310,0.74045,0.74076,1.69,1.50
2013.06.10 12:55:14.430,0.74045,0.74078,1.69,1.69
2013.06.10 12:55:14.491,0.74047,0.74078,1.69,1.69
2013.06.10 12:55:14.851,0.74049,0.74081,1.69,1.50
2013.06.10 12:55:15.181,0.74052,0.74081,1.69,1.50
2013.06.10 12:55:16.937,0.74051,0.74081,2.44,1.50
2013.06.10 12:55:19.439,0.74052,0.74085,1.69,1.69
2013.06.10 12:55:19.661,0.74057,0.74087,1.50,1.69
2013.06.10 12:55:19.900,0.74057,0.74087,1.69,1.50
2013.06.10 12:55:20.082,0.74058,0.74088,1.69,1.50
2013.06.10 12:55:20.201,0.74058,0.74087,1.69,1.50
2013.06.10 12:55:20.560,0.74061,0.74093,1.69,1.69
2013.06.10 12:55:20.801,0.74052,0.74083,1.32,1.69
2013.06.10 12:55:20.981,0.74047,0.74078,1.69,1.50
2013.06.10 12:55:21.410,0.74046,0.74075,1.69,1.50
2013.06.10 12:55:21.968,0.74046,0.74079,2.44,1.69
2013.06.10 12:55:22.030,0.74044,0.74075,1.69,1.69
2013.06.10 12:55:22.331,0.74042,0.74075,2.44,1.69
2013.06.10 12:55:22.452,0.74042,0.74073,2.44,1.50
2013.06.10 12:55:22.631,0.74042,0.74073,1.69,1.69
2013.06.10 12:55:22.691,0.7404,0.74071,1.69,1.69
2013.06.10 12:55:22.810,0.74037,0.74071,1.69,1.69
2013.06.10 12:55:23.372,0.74039,0.74069,1.69,1.69
2013.06.10 12:55:23.432,0.74037,0.74067,1.69,1.50
2013.06.10 12:55:24.331,0.74036,0.74064,1.69,1.69
2013.06.10 12:55:24.880,0.74034,0.74063,1.69,1.50
2013.06.10 12:55:25.001,0.74035,0.74065,1.69,1.69
2013.06.10 12:55:25.181,0.74036,0.74068,1.69,1.69
2013.06.10 12:55:25.364,0.74039,0.74069,1.69,1.69
2013.06.10 12:55:25.851,0.74035,0.74069,1.69,1.69
2013.06.10 12:55:27.060,0.74037,0.74068,1.69,1.69
2013.06.10 12:55:27.224,0.74037,0.74068,1.69,1.69
2013.06.10 12:55:28.500,0.74035,0.74065,1.69,1.50
2013.06.10 12:55:30.721,0.74035,0.74068,1.69,1.69
2013.06.10 12:55:31.022,0.74037,0.74071,1.69,1.69
2013.06.10 12:55:31.360,0.74037,0.74069,1.69,1.50
2013.06.10 12:55:31.770,0.74035,0.74069,1.69,1.69
2013.06.10 12:55:32.181,0.74036,0.74073,1.69,1.69
2013.06.10 12:55:32.300,0.74041,0.74073,2.44,1.69
2013.06.10 12:55:32.731,0.74043,0.74073,1.69,1.50
2013.06.10 12:55:32.910,0.7404,0.74071,1.69,1.69
2013.06.10 12:55:32.970,0.7404,0.74071,1.69,1.69
2013.06.10 12:55:33.031,0.7404,0.74071,1.69,1.69
2013.06.10 12:55:33.090,0.74038,0.74069,1.69,1.50
2013.06.10 12:55:33.421,0.74039,0.74069,1.69,1.50
2013.06.10 12:55:33.540,0.74035,0.74069,2.44,1.69
2013.06.10 12:55:33.722,0.74035,0.74064,1.69,1.50
2013.06.10 12:55:34.270,0.74037,0.74069,1.50,1.69
2013.06.10 12:55:34.810,0.74037,0.7407,1.69,1.69
2013.06.10 12:55:35.601,0.74039,0.7407,1.69,1.50
2013.06.10 12:55:35.660,0.74041,0.74074,1.69,1.69
2013.06.10 12:55:35.840,0.74041,0.74074,2.44,1.69
2013.06.10 12:55:36.150,0.74041,0.74071,1.69,1.50
2013.06.10 12:55:36.210,0.74041,0.74071,1.69,1.50
2013.06.10 12:55:36.630,0.7404,0.74071,1.69,1.69
2013.06.10 12:55:36.811,0.74037,0.74069,2.44,1.50
2013.06.10 12:55:37.293,0.7404,0.7407,1.69,1.69
2013.06.10 12:55:37.351,0.7404,0.7407,1.69,1.69
2013.06.10 12:55:37.690,0.74042,0.74072,1.69,1.50
2013.06.10 12:55:39.230,0.74043,0.74073,1.69,1.69
2013.06.10 12:55:39.691,0.74046,0.74078,1.50,1.69
2013.06.10 12:55:39.821,0.74048,0.74076,1.50,1.69
2013.06.10 12:55:39.944,0.74052,0.74084,1.69,1.69
2013.06.10 12:55:40.243,0.74053,0.74084,1.69,1.50
2013.06.10 12:55:40.302,0.74051,0.74084,1.69,1.69
2013.06.10 12:55:40.502,0.7405,0.74083,1.69,1.69
2013.06.10 12:55:41.025,0.74053,0.74083,1.50,2.44
2013.06.10 12:55:41.330,0.7405,0.74083,2.44,1.69
2013.06.10 12:55:41.454,0.74052,0.74083,1.69,1.69
2013.06.10 12:55:41.511,0.74053,0.74084,2.44,1.50
2013.06.10 12:55:41.693,0.74054,0.74083,1.69,1.50
2013.06.10 12:55:41.754,0.74054,0.74089,1.69,1.69
2013.06.10 12:55:42.062,0.74049,0.74084,2.44,1.69
2013.06.10 12:55:42.311,0.74049,0.74083,1.69,1.69
2013.06.10 12:55:42.502,0.74049,0.74083,1.69,1.69
2013.06.10 12:55:42.681,0.74055,0.74083,1.50,1.69
2013.06.10 12:55:42.802,0.74055,0.74084,1.50,1.69
2013.06.10 12:55:42.981,0.74056,0.74085,1.50,1.69
2013.06.10 12:55:43.130,0.74053,0.74084,1.69,1.69
2013.06.10 12:55:43.520,0.74053,0.74084,1.50,1.69
2013.06.10 12:55:43.822,0.7405,0.74083,1.69,1.69
2013.06.10 12:55:44.002,0.74046,0.7408,1.69,1.69
2013.06.10 12:55:44.060,0.74046,0.74076,1.69,1.69
2013.06.10 12:55:44.182,0.74045,0.74074,1.50,1.69
2013.06.10 12:55:44.242,0.74042,0.74074,1.69,1.69
2013.06.10 12:55:44.571,0.74042,0.7407,1.50,1.69
2013.06.10 12:55:44.770,0.74041,0.74069,1.50,1.69
2013.06.10 12:55:44.831,0.74041,0.7407,1.50,1.69
2013.06.10 12:55:44.891,0.74042,0.74073,1.50,1.69
2013.06.10 12:55:44.951,0.74037,0.74069,1.69,1.69
2013.06.10 12:55:45.261,0.74037,0.7407,1.69,1.69
2013.06.10 12:55:45.515,0.74039,0.74069,1.50,2.44
2013.06.10 12:55:45.585,0.74039,0.74069,1.50,2.44
2013.06.10 12:55:47.131,0.74039,0.74069,1.50,2.44
2013.06.10 12:55:47.193,0.74039,0.74069,1.50,1.69
2013.06.10 12:55:47.753,0.74039,0.74069,1.69,1.69
2013.06.10 12:55:48.200,0.74042,0.74072,1.69,1.69
2013.06.10 12:55:48.922,0.74043,0.74072,1.69,1.69
2013.06.10 12:55:49.605,0.74042,0.74069,1.69,1.50
2013.06.10 12:55:49.987,0.74044,0.7407,1.69,1.50
2013.06.10 12:55:50.350,0.74042,0.7407,1.69,1.50
2013.06.10 12:55:50.530,0.7404,0.74066,1.32,1.50
2013.06.10 12:55:50.590,0.7404,0.74068,1.32,1.50
2013.06.10 12:55:50.831,0.7404,0.7407,2.07,1.50
2013.06.10 12:55:51.192,0.74042,0.74074,1.69,1.69
2013.06.10 12:55:51.598,0.74041,0.74074,1.69,1.69
2013.06.10 12:55:51.950,0.74041,0.74074,1.69,1.69
2013.06.10 12:55:52.132,0.74038,0.74069,1.69,1.69
2013.06.10 12:55:52.192,0.74041,0.74071,1.69,1.69
2013.06.10 12:55:52.261,0.74043,0.74074,1.69,2.44
2013.06.10 12:55:52.320,0.74043,0.74074,1.69,1.69
2013.06.10 12:55:52.962,0.7404,0.74074,1.69,1.69
2013.06.10 12:55:53.382,0.7404,0.7407,1.69,1.50
2013.06.10 12:55:54.041,0.7404,0.7407,1.69,1.50
2013.06.10 12:55:54.385,0.7404,0.74073,2.44,1.69
2013.06.10 12:55:54.801,0.7404,0.74069,2.44,1.50
2013.06.10 12:55:55.851,0.7404,0.74069,2.44,1.50
2013.06.10 12:55:56.492,0.7404,0.74069,1.69,1.50
2013.06.10 12:55:56.941,0.7404,0.74073,1.69,1.69
2013.06.10 12:55:57.301,0.74036,0.74068,1.69,1.69
2013.06.10 12:55:57.481,0.74039,0.74068,1.69,1.69
2013.06.10 12:55:57.662,0.74039,0.74068,1.50,1.69
2013.06.10 12:55:57.960,0.74038,0.74068,1.50,1.69
2013.06.10 12:55:59.163,0.74039,0.74067,1.50,1.69
2013.06.10 12:55:59.220,0.74039,0.74068,1.50,1.69
2013.06.10 12:55:59.421,0.74039,0.74067,1.69,1.69
2013.06.10 12:55:59.931,0.74035,0.74064,1.69,1.50
2013.06.10 12:56:01.970,0.74038,0.74066,1.69,1.69
2013.06.10 12:56:02.351,0.74038,0.74069,1.69,1.69
2013.06.10 12:56:02.872,0.74037,0.74068,1.69,1.69
2013.06.10 12:56:02.931,0.74041,0.74069,1.50,1.69
2013.06.10 12:56:03.055,0.74034,0.74069,1.69,1.69
2013.06.10 12:56:03.578,0.74037,0.74069,1.69,1.69
2013.06.10 12:56:03.901,0.74036,0.74064,1.69,1.50
2013.06.10 12:56:04.083,0.74039,0.74068,1.69,1.69
2013.06.10 12:56:04.202,0.74041,0.74076,1.69,1.69
2013.06.10 12:56:04.262,0.7404,0.74074,1.69,1.69
2013.06.10 12:56:04.343,0.7404,0.7407,1.69,1.50
2013.06.10 12:56:04.990,0.74039,0.7407,1.69,1.50
2013.06.10 12:56:05.181,0.7404,0.7407,1.69,1.50
2013.06.10 12:56:05.241,0.7404,0.74074,1.69,1.69
2013.06.10 12:56:06.102,0.74039,0.7407,1.69,1.50
2013.06.10 12:56:06.460,0.74038,0.74068,1.69,1.69
2013.06.10 12:56:06.931,0.74037,0.74068,1.69,1.69
2013.06.10 12:56:07.142,0.74037,0.74072,1.69,1.69
2013.06.10 12:56:07.710,0.74042,0.74072,1.50,1.69
2013.06.10 12:56:07.862,0.74043,0.74074,1.50,2.44
2013.06.10 12:56:08.280,0.7404,0.74074,1.69,1.69
2013.06.10 12:56:08.480,0.74037,0.74068,2.44,1.50
2013.06.10 12:56:10.113,0.74037,0.74073,2.44,1.69
2013.06.10 12:56:10.311,0.7404,0.74073,1.69,1.69
2013.06.10 12:56:10.430,0.74039,0.74073,1.69,1.69
2013.06.10 12:56:10.490,0.74039,0.74068,1.69,1.50
2013.06.10 12:56:10.714,0.74042,0.74068,1.69,1.50
2013.06.10 12:56:10.950,0.7404,0.74068,1.69,1.50
2013.06.10 12:56:11.360,0.74042,0.7407,1.69,1.50
2013.06.10 12:56:11.531,0.74042,0.74074,1.69,1.50
2013.06.10 12:56:11.730,0.74042,0.7407,1.69,1.50
2013.06.10 12:56:11.920,0.74042,0.74074,1.69,1.50
2013.06.10 12:56:12.352,0.74042,0.7407,1.69,1.50
2013.06.10 12:56:12.721,0.74041,0.74073,1.69,1.50
2013.06.10 12:56:12.961,0.74043,0.74073,1.69,1.69
2013.06.10 12:56:13.021,0.7404,0.74074,1.69,1.69
2013.06.10 12:56:13.381,0.7404,0.74078,1.69,2.44
2013.06.10 12:56:13.680,0.74039,0.74074,1.69,1.69
2013.06.10 12:56:13.740,0.74039,0.74069,1.69,1.50
2013.06.10 12:56:13.800,0.74037,0.74069,1.69,1.50
2013.06.10 12:56:14.133,0.74039,0.74074,1.69,1.69
2013.06.10 12:56:14.202,0.74039,0.74074,2.44,1.69
2013.06.10 12:56:14.380,0.74043,0.74073,1.69,1.50
2013.06.10 12:56:14.741,0.74041,0.74074,2.82,1.69
2013.06.10 12:56:15.411,0.74046,0.74074,1.69,1.50
2013.06.10 12:56:15.631,0.74048,0.74078,1.69,1.69
2013.06.10 12:56:16.181,0.7405,0.74078,1.69,1.50
2013.06.10 12:56:16.240,0.7405,0.74078,1.69,1.50
2013.06.10 12:56:16.422,0.7405,0.74083,1.69,1.69
2013.06.10 12:56:16.793,0.7405,0.74083,1.69,1.69
2013.06.10 12:56:16.873,0.7405,0.74083,1.69,1.69
2013.06.10 12:56:17.073,0.74051,0.74083,1.69,1.69
2013.06.10 12:56:17.311,0.74052,0.74088,1.69,1.69
2013.06.10 12:56:17.371,0.74053,0.74088,1.69,1.69
2013.06.10 12:56:18.371,0.74054,0.74084,1.69,1.50
2013.06.10 12:56:18.972,0.74053,0.74084,2.44,1.50
2013.06.10 12:56:19.501,0.74053,0.74084,1.69,1.50
2013.06.10 12:56:19.943,0.74053,0.74089,1.69,1.69
2013.06.10 12:56:20.495,0.74054,0.74083,1.69,1.50
2013.06.10 12:56:20.910,0.74053,0.74084,1.69,1.50
2013.06.10 12:56:20.971,0.74057,0.74085,1.69,1.50
2013.06.10 12:56:21.030,0.74056,0.74085,1.69,1.69
2013.06.10 12:56:21.210,0.74054,0.74084,2.44,1.50
2013.06.10 12:56:21.450,0.74054,0.74084,1.69,1.69
2013.06.10 12:56:21.511,0.74054,0.74084,1.50,1.69
2013.06.10 12:56:21.571,0.74054,0.74084,1.69,1.69
2013.06.10 12:56:22.133,0.74057,0.7409,1.69,1.69
2013.06.10 12:56:22.371,0.74061,0.74092,1.69,1.69
2013.06.10 12:56:22.790,0.74063,0.74094,1.69,1.69
2013.06.10 12:56:22.851,0.74061,0.74094,2.44,1.69
2013.06.10 12:56:23.291,0.74064,0.74093,2.44,1.50
2013.06.10 12:56:23.411,0.74064,0.74093,1.69,1.50
2013.06.10 12:56:23.591,0.7406,0.74093,1.69,1.69
2013.06.10 12:56:23.901,0.74055,0.74083,1.69,1.50
2013.06.10 12:56:24.261,0.74054,0.74083,1.69,1.50
2013.06.10 12:56:24.381,0.74047,0.74073,1.69,1.50
2013.06.10 12:56:24.455,0.74047,0.74073,1.69,1.50
2013.06.10 12:56:24.571,0.74045,0.74073,1.69,1.50
2013.06.10 12:56:24.752,0.74041,0.74071,1.69,1.50
2013.06.10 12:56:24.990,0.74046,0.74076,1.69,1.69
2013.06.10 12:56:25.290,0.74045,0.74079,1.69,1.69
2013.06.10 12:56:25.361,0.74046,0.74079,1.69,1.69
2013.06.10 12:56:25.420,0.74046,0.74079,1.69,1.69
2013.06.10 12:56:25.722,0.74056,0.74084,1.50,1.69
2013.06.10 12:56:26.142,0.74056,0.74086,1.69,1.69
2013.06.10 12:56:26.470,0.74056,0.74088,1.69,1.69
2013.06.10 12:56:26.891,0.74053,0.74088,1.69,1.69
2013.06.10 12:56:27.160,0.74052,0.74082,1.69,1.50
2013.06.10 12:56:27.714,0.74054,0.74082,1.69,1.69
2013.06.10 12:56:27.770,0.74052,0.74082,1.69,1.69
2013.06.10 12:56:29.571,0.7405,0.74079,1.69,1.50
2013.06.10 12:56:30.660,0.7405,0.74079,1.69,1.69
2013.06.10 12:56:31.170,0.74052,0.74083,1.69,2.44
2013.06.10 12:56:31.582,0.74051,0.74081,1.69,1.50
2013.06.10 12:56:32.191,0.74051,0.74081,1.69,1.50
2013.06.10 12:56:32.451,0.74049,0.74078,1.69,1.69
2013.06.10 12:56:32.690,0.7405,0.74079,1.69,1.69
2013.06.10 12:56:32.811,0.7405,0.74083,1.69,1.69
2013.06.10 12:56:32.870,0.7405,0.74079,1.69,1.69
2013.06.10 12:56:32.990,0.74052,0.74084,1.69,1.69
2013.06.10 12:56:33.182,0.74055,0.74085,1.50,1.69
2013.06.10 12:56:33.353,0.74055,0.74085,1.50,1.69
2013.06.10 12:56:33.531,0.74055,0.74088,1.69,1.69
2013.06.10 12:56:33.592,0.74057,0.74087,1.69,1.69
2013.06.10 12:56:33.711,0.74061,0.74092,1.50,1.69
2013.06.10 12:56:33.892,0.74061,0.74091,1.50,1.69
2013.06.10 12:56:34.011,0.74061,0.74092,1.69,1.69
2013.06.10 12:56:34.508,0.74061,0.74093,1.69,1.69
2013.06.10 12:56:34.842,0.74065,0.74093,1.69,1.69
2013.06.10 12:56:35.954,0.74062,0.74093,1.69,1.69
2013.06.10 12:56:36.324,0.74062,0.7409,1.69,1.69
2013.06.10 12:56:36.870,0.74062,0.74093,1.69,1.69
2013.06.10 12:56:36.932,0.74065,0.74093,1.69,1.69
2013.06.10 12:56:37.172,0.74063,0.74096,1.69,1.69
2013.06.10 12:56:37.471,0.74064,0.74094,2.44,1.50
2013.06.10 12:56:37.592,0.74064,0.74099,2.44,2.44
2013.06.10 12:56:37.951,0.74061,0.74091,2.44,1.50
2013.06.10 12:56:38.010,0.74061,0.74091,2.44,1.50
2013.06.10 12:56:38.071,0.74061,0.74089,1.69,1.50
2013.06.10 12:56:38.132,0.74059,0.74089,1.69,1.50
2013.06.10 12:56:38.310,0.74057,0.74089,1.69,1.50
2013.06.10 12:56:38.641,0.7406,0.74089,1.69,1.50
2013.06.10 12:56:38.700,0.74057,0.74089,1.69,1.50
2013.06.10 12:56:39.385,0.74058,0.74089,1.69,1.50
2013.06.10 12:56:39.441,0.74057,0.74086,2.44,1.50
2013.06.10 12:56:39.742,0.74061,0.74091,1.69,1.50
2013.06.10 12:56:40.151,0.74061,0.74091,1.69,1.50
2013.06.10 12:56:40.862,0.74063,0.74094,1.69,1.69
2013.06.10 12:56:41.043,0.74062,0.74094,2.44,1.50
2013.06.10 12:56:41.372,0.74063,0.74094,1.69,1.50
2013.06.10 12:56:42.062,0.74064,0.74094,2.44,1.69
2013.06.10 12:56:42.426,0.74061,0.74089,1.69,1.50
2013.06.10 12:56:42.522,0.7406,0.74089,1.69,1.50
2013.06.10 12:56:42.712,0.7406,0.74089,1.69,1.50
2013.06.10 12:56:43.121,0.74058,0.74093,1.69,1.69
2013.06.10 12:56:43.362,0.74058,0.74089,1.69,1.69
2013.06.10 12:56:43.481,0.74058,0.74089,1.69,1.69
2013.06.10 12:56:43.690,0.74053,0.74088,2.44,1.69
2013.06.10 12:56:44.180,0.74059,0.74094,1.69,2.44
2013.06.10 12:56:44.300,0.74062,0.74094,1.69,2.44
2013.06.10 12:56:44.480,0.74062,0.74094,1.69,1.69
2013.06.10 12:56:45.203,0.74062,0.74094,1.69,1.69
2013.06.10 12:56:45.901,0.74064,0.74094,1.69,1.69
2013.06.10 12:56:46.052,0.74064,0.74094,1.69,1.69
2013.06.10 12:56:46.351,0.74062,0.74092,1.69,1.50
2013.06.10 12:56:46.671,0.74062,0.74094,1.69,1.69
2013.06.10 12:56:47.319,0.74064,0.74093,1.69,1.50
2013.06.10 12:56:47.650,0.74061,0.74089,1.69,1.50
2013.06.10 12:56:47.712,0.74059,0.74089,1.69,1.50
2013.06.10 12:56:47.890,0.74059,0.74093,1.69,1.69
2013.06.10 12:56:48.102,0.74059,0.74089,1.69,1.50
2013.06.10 12:56:48.282,0.74058,0.74089,1.69,1.69
2013.06.10 12:56:48.460,0.74059,0.74088,1.69,1.50
2013.06.10 12:56:48.640,0.74057,0.74088,2.29,1.50
2013.06.10 12:56:49.430,0.74055,0.74088,1.69,1.69
2013.06.10 12:56:49.681,0.74052,0.74088,1.69,1.69
2013.06.10 12:56:50.230,0.74054,0.74088,1.69,1.69
2013.06.10 12:56:50.350,0.74054,0.74088,2.44,1.69
2013.06.10 12:56:50.470,0.74054,0.74084,2.44,1.50
2013.06.10 12:56:50.530,0.74058,0.74084,1.69,1.50
2013.06.10 12:56:50.832,0.74059,0.74084,1.69,1.50
2013.06.10 12:56:50.891,0.74059,0.74093,1.69,1.69
2013.06.10 12:56:51.193,0.74059,0.74085,1.69,1.50
2013.06.10 12:56:51.252,0.74059,0.74088,1.69,1.50
2013.06.10 12:56:51.430,0.74061,0.74089,1.69,1.50
2013.06.10 12:56:51.591,0.74061,0.74088,1.69,1.50
2013.06.10 12:56:51.830,0.74056,0.74088,1.69,1.50
2013.06.10 12:56:52.023,0.74053,0.74084,1.69,1.50
2013.06.10 12:56:52.451,0.74051,0.74081,2.44,1.50
2013.06.10 12:56:53.446,0.74054,0.74084,1.69,1.50
2013.06.10 12:56:53.780,0.74053,0.74083,1.69,1.50
2013.06.10 12:56:53.961,0.74052,0.74084,1.69,1.69
2013.06.10 12:56:54.323,0.7405,0.74079,1.69,1.50
2013.06.10 12:56:55.261,0.74049,0.74079,1.69,1.69
2013.06.10 12:56:55.810,0.74049,0.74079,1.69,1.69
2013.06.10 12:56:56.410,0.74049,0.74079,1.69,1.69
2013.06.10 12:56:56.828,0.74047,0.74079,1.69,1.69
2013.06.10 12:56:57.196,0.74049,0.74079,1.69,1.50
2013.06.10 12:56:57.251,0.74049,0.74079,2.44,1.50
2013.06.10 12:56:57.310,0.74049,0.74084,2.44,1.69
2013.06.10 12:56:57.371,0.74049,0.74079,2.44,1.50
2013.06.10 12:56:57.491,0.74049,0.74079,1.69,1.50
2013.06.10 12:56:57.851,0.74049,0.74078,1.69,1.50
2013.06.10 12:56:58.150,0.74046,0.74073,1.69,1.50
2013.06.10 12:56:58.323,0.74044,0.74073,2.44,1.50
2013.06.10 12:56:58.621,0.74041,0.74078,1.69,1.69
2013.06.10 12:56:59.071,0.74043,0.74079,2.44,1.69
2013.06.10 12:56:59.149,0.74047,0.74079,1.50,1.69
2013.06.10 12:56:59.212,0.74047,0.74078,1.50,1.69
2013.06.10 12:56:59.454,0.74047,0.74079,1.69,1.69
2013.06.10 12:56:59.692,0.74047,0.74073,1.50,2.44
2013.06.10 12:57:00.051,0.74053,0.74074,1.13,2.44
2013.06.10 12:57:00.172,0.74052,0.74077,1.13,1.69
2013.06.10 12:57:00.411,0.7405,0.74078,1.69,1.69
2013.06.10 12:57:00.471,0.7405,0.7408,1.69,1.69
2013.06.10 12:57:00.681,0.74047,0.74077,1.69,1.69
2013.06.10 12:57:01.220,0.74045,0.74078,1.69,1.69
2013.06.10 12:57:01.982,0.74043,0.74073,1.69,1.50
2013.06.10 12:57:02.041,0.74043,0.74073,1.69,1.50
2013.06.10 12:57:02.101,0.74041,0.74073,1.69,2.44
2013.06.10 12:57:02.160,0.74044,0.74074,1.69,1.69
2013.06.10 12:57:02.221,0.74041,0.74074,1.69,1.69
2013.06.10 12:57:02.280,0.74044,0.74074,1.69,1.69
2013.06.10 12:57:02.421,0.74046,0.74076,1.50,1.69
2013.06.10 12:57:02.941,0.74046,0.74078,1.69,2.44
2013.06.10 12:57:03.301,0.74048,0.74078,1.69,2.44
2013.06.10 12:57:03.700,0.74052,0.7408,1.50,1.69
2013.06.10 12:57:03.761,0.74052,0.74083,1.50,1.69
2013.06.10 12:57:04.141,0.74052,0.74084,1.69,1.69
2013.06.10 12:57:04.383,0.74052,0.7408,1.69,1.50
2013.06.10 12:57:04.441,0.74047,0.74078,2.44,1.50
2013.06.10 12:57:04.871,0.74047,0.74076,1.69,1.50
2013.06.10 12:57:04.990,0.74047,0.74076,1.69,1.50
2013.06.10 12:57:05.391,0.74044,0.74078,1.69,1.69
2013.06.10 12:57:05.631,0.74047,0.74075,1.50,2.44
2013.06.10 12:57:06.011,0.74047,0.74078,1.50,1.69
2013.06.10 12:57:06.321,0.74049,0.74079,1.50,1.69
2013.06.10 12:57:06.402,0.74049,0.74079,1.69,1.69
2013.06.10 12:57:06.930,0.74049,0.74083,1.69,2.44
2013.06.10 12:57:07.051,0.74049,0.74083,1.69,1.69
2013.06.10 12:57:08.701,0.74049,0.74081,1.69,1.69
2013.06.10 12:57:08.760,0.74049,0.74079,1.69,1.69
2013.06.10 12:57:09.151,0.74049,0.74081,1.69,1.69
2013.06.10 12:57:09.331,0.74054,0.74084,1.69,1.69
2013.06.10 12:57:10.871,0.74057,0.74089,1.69,1.69
2013.06.10 12:57:10.930,0.74059,0.74089,1.69,1.69
2013.06.10 12:57:11.050,0.74058,0.74089,1.69,1.50
2013.06.10 12:57:11.633,0.74059,0.74089,1.69,1.50
2013.06.10 12:57:12.420,0.74064,0.74093,1.69,1.69
2013.06.10 12:57:13.080,0.7406,0.74088,1.69,1.69
2013.06.10 12:57:13.372,0.7406,0.74088,1.69,1.69
2013.06.10 12:57:13.940,0.74064,0.74092,1.50,1.69
2013.06.10 12:57:14.000,0.74064,0.74093,1.69,1.50
2013.06.10 12:57:14.271,0.74064,0.74092,1.69,1.50
2013.06.10 12:57:14.330,0.74064,0.74094,2.44,1.50
2013.06.10 12:57:14.450,0.74066,0.74095,1.69,1.69
2013.06.10 12:57:14.692,0.74066,0.74095,1.69,1.50
2013.06.10 12:57:14.911,0.74067,0.74095,1.69,1.50
2013.06.10 12:57:15.300,0.74063,0.74094,1.69,1.69
2013.06.10 12:57:16.120,0.74061,0.74094,1.69,1.69
2013.06.10 12:57:16.632,0.74067,0.74095,1.69,1.50
2013.06.10 12:57:16.933,0.74066,0.74099,1.69,1.69
2013.06.10 12:57:17.242,0.74064,0.74095,2.44,1.50
2013.06.10 12:57:19.212,0.74072,0.741,1.50,1.69
2013.06.10 12:57:19.930,0.74075,0.74106,1.69,2.44
2013.06.10 12:57:20.051,0.74076,0.74106,1.69,1.69
2013.06.10 12:57:20.111,0.74076,0.74108,1.69,1.69
2013.06.10 12:57:20.261,0.74078,0.74108,1.50,1.69
2013.06.10 12:57:20.741,0.74079,0.74112,1.69,1.69
2013.06.10 12:57:20.861,0.74076,0.74106,2.44,1.50
2013.06.10 12:57:21.041,0.74076,0.74104,1.69,1.50
2013.06.10 12:57:22.511,0.74076,0.74104,1.69,1.50
2013.06.10 12:57:22.570,0.74076,0.74107,2.44,1.50
2013.06.10 12:57:22.842,0.74079,0.74109,1.69,1.69
2013.06.10 12:57:22.900,0.74076,0.74109,1.69,1.69
2013.06.10 12:57:22.961,0.74076,0.74107,1.69,1.50
2013.06.10 12:57:23.020,0.74076,0.74107,1.69,1.69
2013.06.10 12:57:23.171,0.74072,0.74104,1.69,1.50
2013.06.10 12:57:23.611,0.7407,0.74104,2.44,1.50
2013.06.10 12:57:23.761,0.74072,0.74104,2.44,1.69
2013.06.10 12:57:24.300,0.74076,0.74105,1.69,1.50
2013.06.10 12:57:24.661,0.74079,0.74109,1.69,1.69
2013.06.10 12:57:24.720,0.74079,0.74108,1.69,1.69
2013.06.10 12:57:25.050,0.74086,0.74108,1.13,1.50
2013.06.10 12:57:25.213,0.74086,0.74117,1.88,1.69
2013.06.10 12:57:25.390,0.74087,0.74117,1.69,1.69
2013.06.10 12:57:25.511,0.74087,0.74117,1.32,1.50
2013.06.10 12:57:25.860,0.74086,0.74114,1.69,1.50
2013.06.10 12:57:26.970,0.74087,0.74117,1.69,1.50
2013.06.10 12:57:27.512,0.74086,0.74114,1.69,1.50
2013.06.10 12:57:27.753,0.7409,0.74118,1.69,1.50
2013.06.10 12:57:27.930,0.7409,0.74118,2.44,1.50
2013.06.10 12:57:28.351,0.74093,0.74123,1.69,1.69
2013.06.10 12:57:28.410,0.74093,0.74127,1.69,1.69
2013.06.10 12:57:28.541,0.74093,0.74124,1.69,1.69
2013.06.10 12:57:28.601,0.7409,0.74124,1.32,1.69
2013.06.10 12:57:28.759,0.7409,0.74119,1.69,1.69
2013.06.10 12:57:28.946,0.7409,0.74124,1.69,3.94
2013.06.10 12:57:29.192,0.74093,0.74124,1.69,2.44
2013.06.10 12:57:29.311,0.74095,0.74124,1.69,1.69
2013.06.10 12:57:29.491,0.74095,0.74124,1.69,1.50
2013.06.10 12:57:31.191,0.74095,0.74124,1.69,1.50
2013.06.10 12:57:31.512,0.7409,0.74124,1.69,1.69
2013.06.10 12:57:31.891,0.74087,0.74124,2.29,1.69
2013.06.10 12:57:32.193,0.74089,0.74124,1.69,1.69
2013.06.10 12:57:32.413,0.74087,0.74124,2.29,1.69
2013.06.10 12:57:32.471,0.74087,0.74118,1.69,1.50
2013.06.10 12:57:33.453,0.74085,0.74118,1.69,1.50
2013.06.10 12:57:33.621,0.74087,0.74118,1.69,1.50
2013.06.10 12:57:33.801,0.7409,0.7412,1.69,1.50
2013.06.10 12:57:34.052,0.7409,0.7412,1.69,1.50
2013.06.10 12:57:34.353,0.7409,0.74124,1.69,1.69
2013.06.10 12:57:34.761,0.7409,0.7412,1.50,1.50
2013.06.10 12:57:35.151,0.74087,0.7412,1.69,1.50
2013.06.10 12:57:35.590,0.74087,0.74119,1.69,1.50
2013.06.10 12:57:35.650,0.74087,0.74118,1.69,1.50
2013.06.10 12:57:35.830,0.7409,0.74118,1.50,1.50
2013.06.10 12:57:35.961,0.74086,0.74119,1.69,1.50
2013.06.10 12:57:36.383,0.74086,0.74119,1.50,1.69
2013.06.10 12:57:36.571,0.74086,0.74116,1.50,1.50
2013.06.10 12:57:36.819,0.74086,0.74119,1.50,1.69
2013.06.10 12:57:36.944,0.7409,0.74119,1.50,1.69
2013.06.10 12:57:37.001,0.74086,0.74119,1.50,1.69
2013.06.10 12:57:37.060,0.7409,0.74119,1.50,1.50
2013.06.10 12:57:37.480,0.74086,0.74119,1.69,1.50
2013.06.10 12:57:37.740,0.7409,0.74119,1.50,1.50
2013.06.10 12:57:38.660,0.74092,0.74122,1.69,1.50
2013.06.10 12:57:38.721,0.74092,0.74124,1.69,1.50
2013.06.10 12:57:38.781,0.74096,0.74124,1.50,1.50
2013.06.10 12:57:40.331,0.74096,0.74124,1.69,1.50
2013.06.10 12:57:41.441,0.74097,0.74128,1.50,1.50
2013.06.10 12:57:41.701,0.74095,0.74128,1.69,1.50
2013.06.10 12:57:42.061,0.74095,0.74123,1.50,1.50
2013.06.10 12:57:42.182,0.74095,0.74129,1.69,1.69
2013.06.10 12:57:42.243,0.74098,0.74129,1.50,1.69
2013.06.10 12:57:42.481,0.74098,0.74129,1.50,1.50
2013.06.10 12:57:42.842,0.74098,0.74128,1.69,1.50
2013.06.10 12:57:43.020,0.74098,0.74128,1.69,1.50
2013.06.10 12:57:43.552,0.74098,0.74129,1.69,1.50
2013.06.10 12:57:44.010,0.74096,0.74129,1.69,1.50
2013.06.10 12:57:44.702,0.74096,0.74125,1.69,1.50
2013.06.10 12:57:45.002,0.74096,0.74132,1.69,1.69
2013.06.10 12:57:45.422,0.74101,0.74134,1.50,1.69
2013.06.10 12:57:45.482,0.74106,0.74134,1.50,1.69
2013.06.10 12:57:45.661,0.74106,0.74134,1.50,1.69
2013.06.10 12:57:46.042,0.74103,0.74134,1.69,1.50
2013.06.10 12:57:46.683,0.74106,0.74134,1.50,1.50
2013.06.10 12:57:47.743,0.74106,0.74134,1.69,1.50
2013.06.10 12:57:47.802,0.74106,0.74139,1.69,1.50
2013.06.10 12:57:48.161,0.74102,0.74134,1.69,1.50
2013.06.10 12:57:48.221,0.74102,0.74133,1.69,1.50
2013.06.10 12:57:48.911,0.74103,0.74133,1.69,1.50
2013.06.10 12:57:49.451,0.74103,0.74139,1.69,1.69
2013.06.10 12:57:49.597,0.74105,0.74139,1.69,1.69
2013.06.10 12:57:49.952,0.74105,0.74138,1.69,1.69
2013.06.10 12:57:50.317,0.74101,0.74134,1.69,1.50
2013.06.10 12:57:50.501,0.74098,0.74129,1.69,1.50
2013.06.10 12:57:50.882,0.74098,0.74134,1.50,2.44
2013.06.10 12:57:51.102,0.74098,0.74128,1.50,1.50
2013.06.10 12:57:51.222,0.74098,0.74126,1.50,1.50
2013.06.10 12:57:51.543,0.74098,0.74129,1.50,1.69
2013.06.10 12:57:51.883,0.74101,0.74129,1.50,1.50
2013.06.10 12:57:54.384,0.74098,0.74129,1.69,1.50
2013.06.10 12:57:55.611,0.74098,0.74134,1.69,1.69
2013.06.10 12:57:55.671,0.74098,0.74129,1.69,1.50
2013.06.10 12:57:57.591,0.741,0.74129,1.50,1.50
2013.06.10 12:57:57.651,0.741,0.74135,1.50,1.69
2013.06.10 12:57:57.922,0.741,0.74129,1.69,1.50
2013.06.10 12:57:58.161,0.741,0.74133,1.69,1.50
2013.06.10 12:57:58.692,0.741,0.74129,1.69,1.50
2013.06.10 12:57:59.133,0.741,0.74133,1.69,1.69
2013.06.10 12:57:59.320,0.741,0.74129,1.69,1.50
2013.06.10 12:57:59.540,0.741,0.74134,1.69,1.69
2013.06.10 12:57:59.600,0.74102,0.74134,1.69,1.50
2013.06.10 12:58:00.501,0.741,0.74134,1.69,1.50
2013.06.10 12:58:00.561,0.741,0.74128,1.69,1.50
2013.06.10 12:58:01.111,0.74102,0.74133,1.69,1.50
2013.06.10 12:58:01.731,0.74103,0.74134,1.69,1.50
2013.06.10 12:58:01.972,0.74101,0.74133,1.69,1.50
2013.06.10 12:58:02.150,0.74103,0.74134,1.69,1.50
2013.06.10 12:58:02.211,0.741,0.74131,2.07,1.50
2013.06.10 12:58:02.571,0.74101,0.74129,1.13,1.50
2013.06.10 12:58:02.631,0.74096,0.74123,1.32,1.50
2013.06.10 12:58:02.691,0.74096,0.74123,1.32,1.50
2013.06.10 12:58:03.032,0.74091,0.74128,1.69,1.69
2013.06.10 12:58:03.094,0.74091,0.74123,1.69,1.50
2013.06.10 12:58:03.481,0.74091,0.74119,1.50,1.50
2013.06.10 12:58:03.730,0.74086,0.74118,1.69,1.50
2013.06.10 12:58:04.121,0.74086,0.74124,1.69,1.69
2013.06.10 12:58:04.181,0.7409,0.74124,1.50,1.69
2013.06.10 12:58:04.301,0.74093,0.74124,1.50,1.69
2013.06.10 12:58:04.481,0.74097,0.74133,1.50,2.44
2013.06.10 12:58:04.720,0.74097,0.74129,1.50,1.50
2013.06.10 12:58:04.882,0.74099,0.74129,1.50,1.50
2013.06.10 12:58:04.940,0.74099,0.74134,1.50,1.69
2013.06.10 12:58:05.120,0.74101,0.74134,1.50,1.69
2013.06.10 12:58:05.420,0.74101,0.74132,1.50,1.69
2013.06.10 12:58:06.510,0.74098,0.74128,1.69,1.50
2013.06.10 12:58:08.042,0.74095,0.74128,1.69,1.50
2013.06.10 12:58:11.222,0.74095,0.74129,1.69,1.69
2013.06.10 12:58:11.832,0.74093,0.74123,1.69,1.50
2013.06.10 12:58:12.329,0.74091,0.74124,1.69,1.50
2013.06.10 12:58:12.511,0.74093,0.74123,1.50,1.50
2013.06.10 12:58:12.931,0.74091,0.74121,1.69,1.50
2013.06.10 12:58:13.051,0.74095,0.74125,1.50,1.50
2013.06.10 12:58:13.483,0.74091,0.74125,1.69,1.50
2013.06.10 12:58:13.808,0.74095,0.74128,1.50,1.69
2013.06.10 12:58:14.723,0.74095,0.74129,1.50,1.69
2013.06.10 12:58:15.020,0.74099,0.74129,1.50,1.69
2013.06.10 12:58:15.140,0.74099,0.74133,1.50,2.44
2013.06.10 12:58:15.550,0.74104,0.74133,1.50,1.69
2013.06.10 12:58:16.561,0.74102,0.74132,1.50,1.69
2013.06.10 12:58:16.621,0.74104,0.74134,1.50,1.69
2013.06.10 12:58:18.030,0.74101,0.74132,1.50,1.69
2013.06.10 12:58:18.151,0.74101,0.7413,1.50,1.50
2013.06.10 12:58:18.330,0.74097,0.7413,1.69,1.69
2013.06.10 12:58:18.450,0.74094,0.74124,1.69,1.50
2013.06.10 12:58:19.461,0.74091,0.74123,1.32,1.50
2013.06.10 12:58:19.580,0.74091,0.74123,1.69,1.50
2013.06.10 12:58:20.202,0.74091,0.74122,1.50,1.69
2013.06.10 12:58:20.331,0.74086,0.74118,1.69,1.69
2013.06.10 12:58:21.233,0.74089,0.74119,1.50,1.69
2013.06.10 12:58:21.411,0.74089,0.74119,1.50,2.44
2013.06.10 12:58:22.090,0.74089,0.74118,1.50,1.69
2013.06.10 12:58:22.799,0.74089,0.74118,1.50,1.69
2013.06.10 12:58:23.161,0.74086,0.7412,1.69,1.69
2013.06.10 12:58:23.342,0.74086,0.74117,1.69,1.69
2013.06.10 12:58:25.714,0.74086,0.74117,1.69,1.69
2013.06.10 12:58:26.082,0.74086,0.74117,1.69,1.69
2013.06.10 12:58:26.686,0.74086,0.74117,1.69,1.69
2013.06.10 12:58:26.980,0.74086,0.74117,1.69,1.69
2013.06.10 12:58:27.181,0.74084,0.74114,1.69,1.69
2013.06.10 12:58:27.301,0.74084,0.74117,2.29,1.69
2013.06.10 12:58:27.363,0.74088,0.74119,1.69,1.50
2013.06.10 12:58:27.661,0.74088,0.74117,1.69,1.69
2013.06.10 12:58:27.720,0.74087,0.74117,1.69,1.69
2013.06.10 12:58:27.781,0.74085,0.74117,1.69,1.69
2013.06.10 12:58:30.610,0.74085,0.74116,1.69,1.69
2013.06.10 12:58:32.140,0.74085,0.74116,1.69,1.69
2013.06.10 12:58:32.331,0.74088,0.74118,1.69,2.44
2013.06.10 12:58:32.510,0.74088,0.74117,1.50,1.69
2013.06.10 12:58:32.570,0.74088,0.74119,1.69,1.69
2013.06.10 12:58:33.791,0.74094,0.74124,1.69,1.69
2013.06.10 12:58:33.991,0.74094,0.74126,1.69,1.69
2013.06.10 12:58:34.581,0.74095,0.74124,1.69,1.69
2013.06.10 12:58:34.700,0.7409,0.74124,1.69,1.69
2013.06.10 12:58:35.001,0.7409,0.74121,1.50,1.69
2013.06.10 12:58:35.062,0.7409,0.74119,1.50,1.69
2013.06.10 12:58:35.502,0.74088,0.74119,1.69,1.69
2013.06.10 12:58:35.680,0.74086,0.74116,1.69,1.69
2013.06.10 12:58:35.800,0.74086,0.74116,1.32,1.69
2013.06.10 12:58:35.860,0.74081,0.74114,2.44,1.69
2013.06.10 12:58:35.920,0.74081,0.74114,1.69,1.69
2013.06.10 12:58:36.040,0.74081,0.74114,1.32,1.69
2013.06.10 12:58:36.101,0.74081,0.74112,1.32,1.69
2013.06.10 12:58:36.281,0.74081,0.74112,1.32,1.69
2013.06.10 12:58:36.341,0.74081,0.7411,1.32,1.69
2013.06.10 12:58:37.236,0.74081,0.74108,1.32,1.69
2013.06.10 12:58:37.631,0.74072,0.74106,1.69,1.69
2013.06.10 12:58:38.232,0.74075,0.74106,1.69,1.69
2013.06.10 12:58:38.573,0.74075,0.74106,1.69,1.69
2013.06.10 12:58:38.893,0.74075,0.74109,1.69,2.44
2013.06.10 12:58:39.171,0.74075,0.74109,1.69,1.69
2013.06.10 12:58:39.393,0.74075,0.74108,1.69,1.69
2013.06.10 12:58:39.801,0.74079,0.74108,1.69,1.69
2013.06.10 12:58:40.323,0.74075,0.74108,1.69,1.69
2013.06.10 12:58:40.382,0.74075,0.74106,1.69,1.69
2013.06.10 12:58:40.742,0.7408,0.7411,1.50,1.69
2013.06.10 12:58:41.591,0.7408,0.74109,1.50,1.69
2013.06.10 12:58:41.711,0.7408,0.74108,1.50,1.69
2013.06.10 12:58:43.293,0.74075,0.74106,1.69,1.69
2013.06.10 12:58:43.552,0.74079,0.74109,1.50,1.69
2013.06.10 12:58:43.610,0.74079,0.74109,1.69,2.44
2013.06.10 12:58:44.271,0.74076,0.74108,1.69,1.69
2013.06.10 12:58:44.450,0.74079,0.74109,1.69,1.69
2013.06.10 12:58:44.631,0.74079,0.74109,1.69,1.69
2013.06.10 12:58:48.740,0.74081,0.74112,1.50,3.19
2013.06.10 12:58:49.240,0.74081,0.74112,1.50,3.19
2013.06.10 12:58:50.221,0.74081,0.74112,1.50,3.19
2013.06.10 12:58:50.882,0.74081,0.74112,1.50,3.19
2013.06.10 12:58:51.162,0.74081,0.74112,1.50,3.19
2013.06.10 12:58:51.263,0.74081,0.74112,1.50,3.19
2013.06.10 12:58:52.606,0.74081,0.74112,1.50,1.69
2013.06.10 12:58:53.630,0.74081,0.74112,1.69,1.69
2013.06.10 12:58:54.251,0.74081,0.74112,1.50,1.69
2013.06.10 12:58:54.862,0.74081,0.74112,1.50,3.19
2013.06.10 12:58:56.146,0.74081,0.74112,1.50,3.19
2013.06.10 12:58:56.272,0.74081,0.74109,1.50,1.69
2013.06.10 12:58:57.192,0.74076,0.74105,1.50,1.69
2013.06.10 12:58:57.551,0.74079,0.74107,1.50,2.44
2013.06.10 12:58:57.610,0.74079,0.74107,1.50,2.44
2013.06.10 12:58:57.671,0.74081,0.74109,1.50,2.44
2013.06.10 12:58:57.791,0.74081,0.74111,1.50,1.69
2013.06.10 12:58:57.981,0.74082,0.74111,1.50,1.69
2013.06.10 12:58:58.572,0.74086,0.74114,1.50,3.19
2013.06.10 12:58:59.575,0.74083,0.74111,1.50,1.69
2013.06.10 12:59:00.127,0.74083,0.74111,1.50,1.69
2013.06.10 12:59:00.733,0.74083,0.74111,1.50,1.69
2013.06.10 12:59:03.304,0.74083,0.74111,1.69,1.69
2013.06.10 12:59:03.620,0.74083,0.74113,1.69,2.44
2013.06.10 12:59:04.103,0.74083,0.74111,1.50,1.69
2013.06.10 12:59:04.411,0.74077,0.74108,1.69,1.69
2013.06.10 12:59:05.501,0.74081,0.74112,1.69,1.69
2013.06.10 12:59:05.620,0.74084,0.74114,1.69,1.69
2013.06.10 12:59:05.743,0.74082,0.74112,1.69,1.69
2013.06.10 12:59:06.050,0.74076,0.74109,2.44,1.69
2013.06.10 12:59:07.830,0.74076,0.74109,1.69,2.44
2013.06.10 12:59:08.251,0.74076,0.74109,1.69,1.69
2013.06.10 12:59:10.618,0.74076,0.74108,1.69,1.69
2013.06.10 12:59:11.399,0.74073,0.7411,2.44,1.69
2013.06.10 12:59:11.563,0.74075,0.74109,1.69,1.69
2013.06.10 12:59:11.682,0.74075,0.74109,1.69,1.69
2013.06.10 12:59:11.741,0.74071,0.74104,1.69,1.69
2013.06.10 12:59:11.801,0.74071,0.74108,1.69,1.69
2013.06.10 12:59:11.951,0.74071,0.74104,1.69,1.69
2013.06.10 12:59:12.488,0.7407,0.74104,1.69,1.69
2013.06.10 12:59:12.612,0.74076,0.74106,1.50,1.69
2013.06.10 12:59:12.673,0.74076,0.74106,2.44,1.50
2013.06.10 12:59:12.731,0.74077,0.74109,1.69,1.69
2013.06.10 12:59:12.791,0.74076,0.74109,1.69,2.44
2013.06.10 12:59:13.323,0.74074,0.74104,2.44,1.50
2013.06.10 12:59:13.510,0.74077,0.74109,1.69,1.69
2013.06.10 12:59:13.690,0.7408,0.74109,1.69,1.50
2013.06.10 12:59:14.041,0.74077,0.74108,3.19,1.50
2013.06.10 12:59:14.952,0.74078,0.74113,1.69,1.69
2013.06.10 12:59:15.140,0.74097,0.74128,1.35,1.13
2013.06.10 12:59:15.260,0.741,0.74126,1.69,1.50
2013.06.10 12:59:15.503,0.74095,0.74128,1.69,1.69
2013.06.10 12:59:15.561,0.74095,0.74123,1.69,1.50
2013.06.10 12:59:15.691,0.74095,0.74123,1.69,1.50
2013.06.10 12:59:16.003,0.74095,0.74128,1.69,1.69
2013.06.10 12:59:16.121,0.74095,0.74124,1.69,1.50
2013.06.10 12:59:16.181,0.74089,0.74124,1.69,1.69
2013.06.10 12:59:16.301,0.74087,0.74122,1.69,1.69
2013.06.10 12:59:16.481,0.74087,0.74122,1.69,1.69
2013.06.10 12:59:16.660,0.74085,0.74119,1.69,1.69
2013.06.10 12:59:16.962,0.74085,0.7412,1.69,1.69
2013.06.10 12:59:19.181,0.74085,0.74118,1.69,1.69
2013.06.10 12:59:19.571,0.74082,0.74114,1.69,1.69
2013.06.10 12:59:20.172,0.74082,0.74119,1.69,2.44
2013.06.10 12:59:20.231,0.74087,0.74119,1.69,2.44
2013.06.10 12:59:20.350,0.74087,0.74119,1.50,1.50
2013.06.10 12:59:20.471,0.74089,0.74119,1.69,1.50
2013.06.10 12:59:20.971,0.74084,0.74114,1.54,1.69
2013.06.10 12:59:22.102,0.74082,0.74113,2.44,1.69
2013.06.10 12:59:22.341,0.74088,0.74119,1.69,1.50
2013.06.10 12:59:22.701,0.74086,0.74118,1.69,1.69
2013.06.10 12:59:24.051,0.74086,0.74119,1.69,1.69
2013.06.10 12:59:24.562,0.74086,0.74119,1.69,1.69
2013.06.10 12:59:25.190,0.74087,0.74118,1.69,1.69
2013.06.10 12:59:25.431,0.74083,0.74117,1.69,1.69
2013.06.10 12:59:25.642,0.74083,0.74114,1.69,1.69
2013.06.10 12:59:25.700,0.74083,0.74114,1.69,1.69
2013.06.10 12:59:26.142,0.74081,0.74116,1.69,1.69
2013.06.10 12:59:26.200,0.74081,0.74113,1.69,1.69
2013.06.10 12:59:27.070,0.74081,0.74118,1.69,2.44
2013.06.10 12:59:27.130,0.74081,0.74114,1.69,1.69
2013.06.10 12:59:27.191,0.74083,0.74114,1.32,1.69
2013.06.10 12:59:27.251,0.74085,0.74114,1.69,1.50
2013.06.10 12:59:27.620,0.74085,0.74118,1.69,1.69
2013.06.10 12:59:28.050,0.74086,0.74118,1.69,1.69
2013.06.10 12:59:29.350,0.74089,0.74118,1.69,1.50
2013.06.10 12:59:30.151,0.74089,0.74118,1.69,1.50
2013.06.10 12:59:30.330,0.74091,0.74119,1.69,1.50
2013.06.10 12:59:30.651,0.74093,0.74124,1.69,1.50
2013.06.10 12:59:31.102,0.74091,0.74123,1.69,1.69
2013.06.10 12:59:31.163,0.7409,0.74119,1.69,1.50
2013.06.10 12:59:31.587,0.7409,0.74123,1.69,1.69
2013.06.10 12:59:32.950,0.74089,0.74124,2.44,1.69
2013.06.10 12:59:33.111,0.74089,0.74124,1.69,1.69
2013.06.10 12:59:33.421,0.74091,0.74124,1.69,1.69
2013.06.10 12:59:33.602,0.74091,0.74119,1.69,1.50
2013.06.10 12:59:34.266,0.74091,0.74119,1.69,1.50
2013.06.10 12:59:35.308,0.7409,0.74119,1.69,1.50
2013.06.10 12:59:35.693,0.74089,0.74126,1.69,1.69
2013.06.10 12:59:37.242,0.7409,0.74127,2.44,1.69
2013.06.10 12:59:37.362,0.74096,0.74125,1.50,1.69
2013.06.10 12:59:37.421,0.74096,0.74125,1.69,1.69
2013.06.10 12:59:37.482,0.74096,0.74126,1.69,1.54
2013.06.10 12:59:37.845,0.74099,0.7413,1.50,1.69
2013.06.10 12:59:37.901,0.74099,0.74134,2.44,1.69
2013.06.10 12:59:38.022,0.74105,0.74137,1.50,1.69
2013.06.10 12:59:38.201,0.74105,0.74142,2.44,1.69
2013.06.10 12:59:38.721,0.74106,0.74139,1.69,1.69
2013.06.10 12:59:39.762,0.74103,0.74139,2.44,1.69
2013.06.10 12:59:41.292,0.74106,0.74136,1.69,1.50
2013.06.10 12:59:41.950,0.74107,0.74142,1.69,1.69
2013.06.10 12:59:42.131,0.7411,0.7414,1.69,1.69
2013.06.10 12:59:42.491,0.74111,0.74139,1.69,1.50
2013.06.10 12:59:42.553,0.74109,0.74139,1.69,1.50
2013.06.10 12:59:42.751,0.74109,0.74139,1.69,1.50
2013.06.10 12:59:43.070,0.74111,0.74144,1.69,1.69
2013.06.10 12:59:43.130,0.74109,0.74144,1.69,1.69
2013.06.10 12:59:43.310,0.74108,0.74139,1.69,1.50
2013.06.10 12:59:43.832,0.74108,0.74139,1.69,1.50
2013.06.10 12:59:44.602,0.74109,0.74139,1.69,1.50
2013.06.10 12:59:45.113,0.74107,0.74136,1.69,1.50
2013.06.10 12:59:45.471,0.74112,0.74142,1.69,1.69
2013.06.10 12:59:45.591,0.74113,0.74145,1.69,1.69
2013.06.10 12:59:46.142,0.74109,0.74138,1.69,1.50
2013.06.10 12:59:46.202,0.74107,0.74138,1.69,1.50
2013.06.10 12:59:46.500,0.74105,0.74134,1.69,1.50
2013.06.10 12:59:47.851,0.74107,0.74136,2.44,1.50
2013.06.10 12:59:50.162,0.74108,0.74136,1.69,1.50
2013.06.10 12:59:50.341,0.74104,0.74134,2.44,1.50
2013.06.10 12:59:50.911,0.74103,0.74133,2.29,1.69
2013.06.10 12:59:51.259,0.74102,0.74133,1.69,1.69
2013.06.10 12:59:51.505,0.74103,0.74133,1.69,1.69
2013.06.10 12:59:51.621,0.74107,0.74138,1.69,1.50
2013.06.10 12:59:51.981,0.74111,0.7414,1.69,1.50
2013.06.10 12:59:52.310,0.74111,0.7414,1.69,1.50
2013.06.10 12:59:52.571,0.7411,0.7414,1.69,1.50
2013.06.10 12:59:52.751,0.74109,0.74138,1.69,1.50
2013.06.10 12:59:53.501,0.74108,0.74138,1.69,1.69
2013.06.10 12:59:53.834,0.74108,0.74142,1.69,1.69
2013.06.10 12:59:54.385,0.74108,0.74142,1.69,1.69
2013.06.10 12:59:55.062,0.74107,0.74143,1.69,1.69
2013.06.10 12:59:55.291,0.74107,0.74138,1.69,1.50
2013.06.10 12:59:55.410,0.74105,0.74138,1.69,1.69
2013.06.10 12:59:56.261,0.74108,0.74138,1.69,1.69
2013.06.10 12:59:56.434,0.74108,0.74138,1.69,1.69
2013.06.10 12:59:57.218,0.74107,0.74138,1.69,1.50
2013.06.10 12:59:58.311,0.74107,0.74138,1.69,1.50
2013.06.10 12:59:58.491,0.74107,0.74144,1.69,2.44
2013.06.10 12:59:59.022,0.74107,0.74143,1.69,1.69
2013.06.10 12:59:59.140,0.74107,0.74143,1.69,1.69
2013.06.10 12:59:59.751,0.74107,0.74142,1.69,1.69
