2011.09.08 03:00:00.782,0.71568,0.71631,3.00,3.00
2011.09.08 03:00:01.110,0.71571,0.71636,3.00,3.00
2011.09.08 03:00:01.222,0.71576,0.71636,1.73,3.00
2011.09.08 03:00:01.333,0.71585,0.71646,2.85,1.35
2011.09.08 03:00:02.986,0.71585,0.71644,1.35,3.00
2011.09.08 03:00:03.483,0.7158,0.71636,3.00,1.35
2011.09.08 03:00:03.591,0.71578,0.71636,1.35,1.35
2011.09.08 03:00:03.701,0.71576,0.71636,1.35,1.35
2011.09.08 03:00:03.862,0.71578,0.71636,1.35,1.35
2011.09.08 03:00:04.903,0.71578,0.71636,1.35,1.35
2011.09.08 03:00:05.134,0.71578,0.71636,1.35,1.35
2011.09.08 03:00:06.503,0.7158,0.71636,3.00,1.35
2011.09.08 03:00:07.032,0.7158,0.71636,3.00,1.35
2011.09.08 03:00:08.706,0.71578,0.71636,1.35,1.35
2011.09.08 03:00:08.924,0.71578,0.71636,1.35,1.35
2011.09.08 03:00:12.557,0.71576,0.71636,3.60,1.35
2011.09.08 03:00:13.272,0.71578,0.71636,1.35,1.35
2011.09.08 03:00:18.023,0.71577,0.71636,1.35,1.35
2011.09.08 03:00:18.166,0.71578,0.71636,1.35,1.35
2011.09.08 03:00:18.885,0.71576,0.71636,3.60,1.35
2011.09.08 03:00:19.937,0.71578,0.71636,1.35,1.35
2011.09.08 03:00:20.511,0.71576,0.71636,3.60,1.35
2011.09.08 03:00:23.994,0.71578,0.71636,1.35,1.35
2011.09.08 03:00:27.403,0.71577,0.71636,1.35,1.35
2011.09.08 03:00:27.622,0.71578,0.71636,1.35,1.35
2011.09.08 03:00:28.920,0.71577,0.71636,1.35,1.35
2011.09.08 03:00:29.933,0.71572,0.71632,3.00,1.35
2011.09.08 03:00:30.926,0.71572,0.71632,2.25,1.35
2011.09.08 03:00:31.242,0.71572,0.71632,2.25,1.35
2011.09.08 03:00:32.994,0.71565,0.71628,1.35,3.00
2011.09.08 03:00:33.102,0.71565,0.71628,1.35,3.00
2011.09.08 03:00:34.133,0.71567,0.71631,3.00,3.00
2011.09.08 03:00:34.242,0.71567,0.71631,3.00,2.25
2011.09.08 03:00:34.653,0.71571,0.71632,3.00,1.35
2011.09.08 03:00:37.193,0.71579,0.71645,2.25,3.60
2011.09.08 03:00:38.054,0.71579,0.71645,3.00,3.60
2011.09.08 03:00:38.411,0.71579,0.71645,3.00,3.60
2011.09.08 03:00:38.942,0.71584,0.71645,2.25,1.35
2011.09.08 03:00:39.052,0.71584,0.71645,3.00,1.35
2011.09.08 03:00:39.273,0.71584,0.71648,3.00,3.98
2011.09.08 03:00:39.382,0.71584,0.71643,3.00,1.13
2011.09.08 03:00:39.495,0.71578,0.7164,1.35,2.25
2011.09.08 03:00:39.603,0.71584,0.71645,3.00,1.35
2011.09.08 03:00:41.011,0.71584,0.71648,3.00,3.98
2011.09.08 03:00:41.132,0.71584,0.71645,3.00,1.35
2011.09.08 03:00:42.039,0.7158,0.71644,3.00,3.00
2011.09.08 03:00:42.832,0.7158,0.71644,3.00,3.00
2011.09.08 03:00:43.652,0.71589,0.71645,2.25,1.35
2011.09.08 03:00:43.871,0.71589,0.7165,3.00,1.13
2011.09.08 03:00:44.986,0.71583,0.71649,3.00,3.00
2011.09.08 03:00:46.242,0.71583,0.71647,3.00,1.13
2011.09.08 03:00:46.462,0.7158,0.71644,3.00,3.00
2011.09.08 03:00:47.954,0.7158,0.71644,3.00,3.00
2011.09.08 03:00:48.726,0.7158,0.71644,3.00,3.00
2011.09.08 03:00:48.991,0.7158,0.71644,3.00,3.00
2011.09.08 03:00:49.933,0.71584,0.71648,3.00,3.60
2011.09.08 03:00:51.143,0.71584,0.71648,3.00,3.60
2011.09.08 03:00:53.122,0.71579,0.71645,3.00,3.00
2011.09.08 03:00:54.003,0.71579,0.71645,3.00,3.00
2011.09.08 03:00:56.643,0.71579,0.71645,3.00,3.00
2011.09.08 03:00:59.832,0.71579,0.71645,3.00,3.00
2011.09.08 03:01:00.933,0.71577,0.71642,3.60,3.00
2011.09.08 03:01:01.861,0.71577,0.71642,3.60,3.00
2011.09.08 03:01:04.622,0.71577,0.71642,2.85,3.00
2011.09.08 03:01:04.744,0.71577,0.71642,3.60,3.00
2011.09.08 03:01:05.993,0.71577,0.71642,3.60,3.00
2011.09.08 03:01:06.100,0.71577,0.71642,3.60,3.00
2011.09.08 03:01:11.823,0.71577,0.71642,3.60,3.00
2011.09.08 03:01:12.081,0.7158,0.71645,3.00,3.00
2011.09.08 03:01:12.262,0.7158,0.71645,3.00,3.00
2011.09.08 03:01:13.481,0.7158,0.71645,3.00,3.00
2011.09.08 03:01:13.982,0.7158,0.71644,3.00,1.73
2011.09.08 03:01:14.091,0.71568,0.71632,3.00,2.25
2011.09.08 03:01:14.201,0.71568,0.71632,3.38,3.00
2011.09.08 03:01:14.311,0.71577,0.71639,2.25,1.35
2011.09.08 03:01:14.532,0.71571,0.71637,3.00,3.00
2011.09.08 03:01:16.009,0.71571,0.71637,3.00,3.00
2011.09.08 03:01:16.553,0.71574,0.71638,3.00,3.00
2011.09.08 03:01:17.984,0.71574,0.71638,3.00,3.00
2011.09.08 03:01:23.594,0.71574,0.71638,3.00,3.00
2011.09.08 03:01:24.904,0.71574,0.71638,3.00,3.00
2011.09.08 03:01:32.663,0.71574,0.71638,3.00,3.00
2011.09.08 03:01:36.086,0.71574,0.71638,3.00,3.00
2011.09.08 03:01:36.311,0.71578,0.71639,2.25,1.35
2011.09.08 03:01:36.634,0.71578,0.71639,3.00,1.35
2011.09.08 03:01:37.294,0.71571,0.71637,3.00,2.25
2011.09.08 03:01:38.105,0.71571,0.71637,3.00,3.00
2011.09.08 03:01:38.211,0.71571,0.71637,3.00,3.00
2011.09.08 03:01:38.321,0.71571,0.71637,3.00,3.00
2011.09.08 03:01:39.271,0.71571,0.71637,3.00,3.00
2011.09.08 03:01:39.532,0.71567,0.71633,3.00,3.00
2011.09.08 03:01:39.712,0.71567,0.71633,3.00,3.00
2011.09.08 03:01:40.252,0.71567,0.71633,3.00,3.00
2011.09.08 03:01:40.864,0.71571,0.71637,3.00,3.00
2011.09.08 03:01:41.418,0.71571,0.71637,3.00,3.00
2011.09.08 03:01:43.175,0.71576,0.71639,3.00,1.35
2011.09.08 03:01:43.651,0.71576,0.71639,3.00,1.35
2011.09.08 03:01:44.552,0.71581,0.71639,3.00,1.35
2011.09.08 03:01:44.882,0.71585,0.71649,2.25,3.00
2011.09.08 03:01:45.054,0.71585,0.71649,2.25,3.00
2011.09.08 03:01:45.271,0.71594,0.71657,2.25,3.00
2011.09.08 03:01:45.492,0.71594,0.71657,2.63,2.25
2011.09.08 03:01:45.601,0.71607,0.7167,2.25,3.00
2011.09.08 03:01:45.713,0.71607,0.7167,2.25,3.00
2011.09.08 03:01:45.821,0.71602,0.71666,2.25,3.00
2011.09.08 03:01:46.903,0.71602,0.71666,2.25,3.00
2011.09.08 03:01:47.245,0.71602,0.71666,3.00,3.00
2011.09.08 03:01:48.233,0.71602,0.71666,3.00,3.00
2011.09.08 03:01:49.234,0.71602,0.71666,3.00,3.00
2011.09.08 03:01:51.985,0.71602,0.71666,2.25,3.00
2011.09.08 03:01:52.213,0.71602,0.71666,2.25,3.00
2011.09.08 03:01:52.432,0.71592,0.71659,3.00,3.00
2011.09.08 03:01:52.752,0.71592,0.71659,3.00,3.00
2011.09.08 03:01:52.861,0.71593,0.71658,3.00,2.25
2011.09.08 03:01:53.081,0.7159,0.71653,3.00,2.25
2011.09.08 03:01:54.012,0.7159,0.71653,3.00,3.00
2011.09.08 03:01:54.944,0.7159,0.71653,3.00,3.00
2011.09.08 03:01:55.602,0.7159,0.71653,3.00,3.00
2011.09.08 03:01:55.962,0.7159,0.71653,3.00,3.00
2011.09.08 03:01:56.182,0.71584,0.7165,3.00,2.25
2011.09.08 03:01:56.886,0.71584,0.7165,3.00,3.00
2011.09.08 03:01:57.483,0.71584,0.7165,3.00,3.00
2011.09.08 03:01:57.826,0.71584,0.7165,3.00,3.00
2011.09.08 03:01:57.946,0.71585,0.7165,1.13,3.00
2011.09.08 03:01:58.174,0.71594,0.71656,2.25,1.13
2011.09.08 03:01:58.283,0.71594,0.71656,3.00,1.13
2011.09.08 03:01:58.391,0.71585,0.71649,3.00,2.25
2011.09.08 03:01:58.694,0.71585,0.71649,3.00,3.00
2011.09.08 03:01:59.575,0.71585,0.71649,3.00,3.00
2011.09.08 03:02:00.896,0.71585,0.71649,3.00,3.00
2011.09.08 03:02:03.373,0.71585,0.71649,3.00,3.00
2011.09.08 03:02:04.952,0.71589,0.71654,3.00,3.00
2011.09.08 03:02:06.223,0.71589,0.71654,3.00,3.00
2011.09.08 03:02:06.944,0.71589,0.71654,3.00,3.00
2011.09.08 03:02:07.542,0.71589,0.71654,3.00,3.00
2011.09.08 03:02:08.594,0.71589,0.71654,2.25,3.00
2011.09.08 03:02:08.702,0.71589,0.71654,3.00,3.00
2011.09.08 03:02:09.902,0.71589,0.71654,3.00,3.00
2011.09.08 03:02:11.343,0.71589,0.71654,3.00,3.00
2011.09.08 03:02:11.962,0.7158,0.71645,3.00,3.00
2011.09.08 03:02:12.074,0.71577,0.7164,3.00,2.25
2011.09.08 03:02:12.994,0.71577,0.7164,3.00,3.00
2011.09.08 03:02:13.752,0.71581,0.71644,3.00,3.00
2011.09.08 03:02:13.973,0.71585,0.71649,3.38,2.25
2011.09.08 03:02:14.082,0.71593,0.71658,2.25,3.00
2011.09.08 03:02:14.303,0.71601,0.71667,2.25,3.00
2011.09.08 03:02:16.943,0.71601,0.71667,3.00,3.00
2011.09.08 03:02:18.302,0.71602,0.71666,2.25,3.00
2011.09.08 03:02:18.871,0.71602,0.71666,3.00,3.00
2011.09.08 03:02:19.571,0.71602,0.71666,3.00,3.00
2011.09.08 03:02:20.191,0.71598,0.71662,3.00,3.00
2011.09.08 03:02:25.633,0.71598,0.71662,2.25,3.00
2011.09.08 03:02:25.742,0.71598,0.71662,3.00,3.00
2011.09.08 03:02:30.913,0.71598,0.71662,2.25,3.00
2011.09.08 03:02:31.044,0.71598,0.71662,3.00,3.00
2011.09.08 03:02:31.417,0.716,0.71663,3.00,3.00
2011.09.08 03:02:31.768,0.716,0.71663,3.00,3.00
2011.09.08 03:02:32.067,0.71608,0.7167,2.25,1.13
2011.09.08 03:02:33.001,0.71608,0.7167,3.00,1.13
2011.09.08 03:02:34.003,0.71608,0.7167,3.00,1.13
2011.09.08 03:02:38.732,0.71608,0.71668,3.00,1.13
2011.09.08 03:02:39.752,0.71608,0.71672,3.00,3.00
2011.09.08 03:02:41.923,0.71608,0.7167,3.00,1.13
2011.09.08 03:02:50.890,0.71612,0.71674,3.00,1.13
2011.09.08 03:02:55.942,0.71612,0.71674,3.00,1.13
2011.09.08 03:03:01.627,0.71609,0.71674,3.00,3.38
2011.09.08 03:03:01.742,0.71609,0.71674,3.00,3.38
2011.09.08 03:03:03.102,0.71597,0.71662,3.00,3.00
2011.09.08 03:03:03.213,0.71597,0.71662,2.25,2.63
2011.09.08 03:03:03.683,0.71588,0.71654,3.00,2.85
2011.09.08 03:03:04.521,0.71588,0.71654,3.00,2.85
2011.09.08 03:03:05.603,0.71588,0.71654,3.00,2.85
2011.09.08 03:03:05.822,0.71588,0.71654,3.00,2.25
2011.09.08 03:03:05.932,0.71596,0.71663,3.00,3.00
2011.09.08 03:03:06.934,0.71596,0.71663,3.00,3.00
2011.09.08 03:03:09.403,0.71597,0.71664,3.00,3.00
2011.09.08 03:03:09.904,0.71594,0.71659,3.00,3.00
2011.09.08 03:03:12.126,0.71589,0.71655,3.00,3.00
2011.09.08 03:03:13.411,0.71594,0.71654,3.00,1.13
2011.09.08 03:03:14.384,0.71585,0.7165,3.00,2.25
2011.09.08 03:03:14.635,0.71594,0.71658,3.00,1.35
2011.09.08 03:03:15.945,0.7159,0.71654,3.00,3.00
2011.09.08 03:03:18.926,0.71588,0.71654,3.00,3.00
2011.09.08 03:03:19.044,0.71588,0.71654,3.00,3.00
2011.09.08 03:03:19.863,0.71591,0.71655,3.00,1.13
2011.09.08 03:03:20.291,0.71591,0.71655,3.00,1.13
2011.09.08 03:03:21.792,0.7159,0.71654,3.00,3.00
2011.09.08 03:03:24.774,0.7159,0.71654,3.00,3.00
2011.09.08 03:03:26.051,0.7159,0.71654,3.00,3.00
2011.09.08 03:03:28.571,0.7159,0.71654,3.00,3.00
2011.09.08 03:03:28.681,0.71595,0.71658,3.00,3.00
2011.09.08 03:03:29.944,0.71599,0.71662,3.00,3.00
2011.09.08 03:03:30.384,0.71599,0.71662,3.00,3.00
2011.09.08 03:03:31.282,0.7159,0.71654,3.00,2.25
2011.09.08 03:03:31.394,0.7159,0.71654,3.00,3.00
2011.09.08 03:03:31.872,0.7159,0.71654,3.00,3.00
2011.09.08 03:03:33.256,0.7159,0.71654,3.00,3.00
2011.09.08 03:03:33.841,0.71595,0.71658,3.00,3.00
2011.09.08 03:03:33.951,0.71595,0.71658,3.00,3.00
2011.09.08 03:03:34.061,0.71599,0.71662,2.25,3.00
2011.09.08 03:03:34.171,0.71599,0.71662,3.00,3.00
2011.09.08 03:03:35.024,0.71589,0.71655,3.00,3.38
2011.09.08 03:03:36.054,0.71588,0.71654,3.00,3.00
2011.09.08 03:03:37.149,0.71589,0.71655,3.00,3.38
2011.09.08 03:03:37.314,0.71589,0.71655,3.00,3.38
2011.09.08 03:03:39.411,0.71589,0.71655,3.00,3.38
2011.09.08 03:03:39.802,0.71589,0.71655,3.00,3.00
2011.09.08 03:03:40.541,0.71598,0.71661,3.00,3.00
2011.09.08 03:03:40.953,0.71598,0.71661,3.00,3.00
2011.09.08 03:03:41.473,0.71598,0.7166,3.00,1.13
2011.09.08 03:03:41.692,0.71595,0.71655,3.00,1.13
2011.09.08 03:03:42.946,0.7159,0.71654,3.00,3.00
2011.09.08 03:03:43.869,0.7159,0.71654,3.00,3.00
2011.09.08 03:03:44.034,0.7159,0.71654,3.00,3.00
2011.09.08 03:03:44.361,0.71589,0.71655,3.00,3.38
2011.09.08 03:03:46.012,0.71589,0.71655,3.00,3.38
2011.09.08 03:03:47.955,0.71589,0.71655,3.00,3.00
2011.09.08 03:03:48.161,0.71589,0.71655,3.00,3.00
2011.09.08 03:03:48.893,0.71586,0.71651,3.00,3.00
2011.09.08 03:03:57.673,0.71586,0.71651,3.00,3.00
2011.09.08 03:03:58.225,0.71586,0.71651,3.00,3.00
2011.09.08 03:04:13.004,0.71578,0.71642,3.00,2.25
2011.09.08 03:04:13.627,0.71578,0.71642,3.00,3.00
2011.09.08 03:04:14.658,0.71575,0.71638,3.00,2.25
2011.09.08 03:04:15.047,0.71577,0.7164,3.00,3.00
2011.09.08 03:04:15.602,0.71577,0.7164,3.00,3.00
2011.09.08 03:04:16.147,0.71577,0.71642,3.00,3.00
2011.09.08 03:04:16.982,0.71586,0.71649,3.00,1.35
2011.09.08 03:04:17.694,0.71586,0.71649,3.00,1.35
2011.09.08 03:04:18.030,0.71585,0.71649,3.00,3.60
2011.09.08 03:04:18.706,0.71585,0.71649,3.00,3.60
2011.09.08 03:04:20.219,0.71586,0.71649,3.00,1.35
2011.09.08 03:04:20.993,0.71586,0.71649,3.00,1.35
2011.09.08 03:04:21.926,0.71586,0.71649,3.00,1.35
2011.09.08 03:04:22.044,0.71586,0.71649,3.00,1.35
2011.09.08 03:04:24.350,0.71583,0.71649,3.00,3.60
2011.09.08 03:04:25.283,0.71585,0.71649,3.00,1.35
2011.09.08 03:04:25.622,0.71585,0.71649,3.00,1.35
2011.09.08 03:04:29.701,0.7159,0.71654,3.00,3.00
2011.09.08 03:04:34.906,0.7159,0.71654,3.00,3.00
2011.09.08 03:04:37.476,0.7159,0.71654,3.00,3.00
2011.09.08 03:04:38.083,0.7159,0.71654,3.00,3.00
2011.09.08 03:04:39.912,0.7159,0.71654,3.00,3.00
2011.09.08 03:04:40.540,0.7159,0.71654,3.00,3.00
2011.09.08 03:04:41.883,0.7159,0.71654,3.00,3.00
2011.09.08 03:04:42.762,0.7159,0.71654,3.00,3.00
2011.09.08 03:04:44.981,0.7159,0.71654,3.00,3.00
2011.09.08 03:04:45.183,0.7159,0.71654,3.00,3.00
2011.09.08 03:04:47.682,0.7159,0.71654,3.00,3.00
2011.09.08 03:04:54.004,0.71585,0.71651,3.00,3.00
2011.09.08 03:04:56.289,0.71585,0.71651,3.00,3.00
2011.09.08 03:04:56.654,0.71585,0.71651,3.00,3.00
2011.09.08 03:05:15.632,0.71585,0.71651,3.00,3.00
2011.09.08 03:05:17.346,0.71585,0.71651,3.00,3.00
2011.09.08 03:05:22.122,0.71585,0.71651,3.00,3.00
2011.09.08 03:05:33.941,0.71585,0.71646,3.00,1.35
2011.09.08 03:05:34.995,0.71581,0.71646,3.00,3.60
2011.09.08 03:05:35.641,0.71581,0.71646,3.00,3.60
2011.09.08 03:05:35.765,0.71581,0.71646,3.00,3.60
2011.09.08 03:05:36.585,0.71581,0.71646,3.00,3.00
2011.09.08 03:05:36.702,0.71581,0.71646,3.00,3.38
2011.09.08 03:05:36.920,0.71578,0.71641,3.00,2.25
2011.09.08 03:05:37.141,0.71575,0.71638,1.35,2.25
2011.09.08 03:05:38.731,0.71578,0.71641,3.00,3.00
2011.09.08 03:05:38.855,0.71578,0.71641,3.00,3.00
2011.09.08 03:05:39.932,0.71578,0.71641,3.00,3.00
2011.09.08 03:05:40.973,0.71575,0.71638,1.35,3.00
2011.09.08 03:05:43.781,0.71572,0.71638,3.00,2.63
2011.09.08 03:05:43.890,0.7156,0.71624,3.00,2.25
2011.09.08 03:05:44.002,0.71572,0.71638,3.00,2.25
2011.09.08 03:05:44.240,0.71569,0.71632,3.00,2.25
2011.09.08 03:05:44.493,0.71569,0.71632,3.00,2.25
2011.09.08 03:05:45.536,0.71569,0.71632,3.00,3.00
2011.09.08 03:05:46.526,0.71569,0.71632,3.00,3.00
2011.09.08 03:05:46.971,0.71565,0.71628,3.00,2.25
2011.09.08 03:05:47.901,0.71565,0.71628,3.00,3.00
2011.09.08 03:05:49.500,0.71565,0.71628,3.00,2.25
2011.09.08 03:05:49.720,0.71568,0.71633,3.00,2.25
2011.09.08 03:05:49.940,0.71572,0.71638,3.00,2.25
2011.09.08 03:05:50.632,0.71578,0.71641,3.00,3.60
2011.09.08 03:05:50.961,0.71582,0.71645,3.00,3.00
2011.09.08 03:05:51.971,0.71585,0.71651,3.00,3.00
2011.09.08 03:05:52.962,0.71585,0.71651,3.00,3.00
2011.09.08 03:05:56.660,0.71585,0.71651,3.00,3.00
2011.09.08 03:05:56.981,0.71585,0.71651,3.00,3.00
2011.09.08 03:05:57.196,0.71585,0.71651,3.00,3.00
2011.09.08 03:05:58.300,0.71585,0.71651,3.00,3.00
2011.09.08 03:06:06.381,0.71585,0.71651,3.00,3.00
2011.09.08 03:06:06.489,0.71585,0.71651,3.00,3.00
2011.09.08 03:06:06.600,0.71585,0.71651,3.00,3.00
2011.09.08 03:06:06.822,0.71585,0.71651,3.00,3.00
2011.09.08 03:06:06.985,0.71585,0.71651,3.00,3.00
2011.09.08 03:06:07.102,0.71585,0.71651,3.00,3.00
2011.09.08 03:06:11.281,0.71585,0.71651,3.00,3.00
2011.09.08 03:06:12.714,0.71585,0.71651,3.00,3.00
2011.09.08 03:06:13.259,0.71585,0.71651,3.00,3.38
2011.09.08 03:06:15.565,0.71585,0.71651,3.00,3.00
2011.09.08 03:06:16.173,0.71585,0.71651,3.00,3.00
2011.09.08 03:06:17.172,0.71585,0.71651,3.00,3.00
2011.09.08 03:06:21.784,0.71585,0.71651,3.00,3.00
2011.09.08 03:06:22.010,0.71585,0.71651,3.00,3.00
2011.09.08 03:06:28.162,0.71585,0.71651,3.00,3.00
2011.09.08 03:06:30.142,0.71585,0.71651,3.00,3.00
2011.09.08 03:06:34.731,0.71585,0.7165,3.00,1.13
2011.09.08 03:06:34.864,0.71581,0.71646,3.00,2.25
2011.09.08 03:06:36.083,0.71581,0.71646,3.00,3.00
2011.09.08 03:06:40.072,0.71586,0.7165,3.00,3.00
2011.09.08 03:06:40.181,0.7159,0.71654,3.00,3.00
2011.09.08 03:06:40.702,0.7159,0.71654,3.00,3.00
2011.09.08 03:06:41.912,0.7159,0.71654,3.00,3.00
2011.09.08 03:06:42.901,0.7159,0.71654,3.00,3.00
2011.09.08 03:06:43.750,0.7159,0.71654,3.38,2.25
2011.09.08 03:06:43.869,0.71598,0.71658,3.00,1.35
2011.09.08 03:06:45.378,0.71602,0.71668,3.00,3.00
2011.09.08 03:06:45.501,0.71602,0.71668,3.00,3.00
2011.09.08 03:06:45.983,0.71602,0.71668,3.00,3.00
2011.09.08 03:07:11.514,0.71602,0.71668,3.00,3.00
2011.09.08 03:07:12.025,0.71602,0.71668,3.00,3.00
2011.09.08 03:07:14.653,0.71602,0.71668,3.00,3.00
2011.09.08 03:07:15.291,0.71595,0.71658,3.60,3.00
2011.09.08 03:07:16.645,0.71595,0.71658,3.60,3.00
2011.09.08 03:07:17.192,0.71595,0.71658,3.60,3.00
2011.09.08 03:07:17.411,0.71587,0.71652,3.00,3.00
2011.09.08 03:07:18.691,0.71583,0.71648,3.00,3.00
2011.09.08 03:07:19.603,0.71583,0.71648,3.00,3.00
2011.09.08 03:07:20.581,0.71591,0.71657,2.25,3.00
2011.09.08 03:07:20.910,0.71597,0.7166,2.25,3.00
2011.09.08 03:07:21.103,0.71597,0.7166,2.25,3.00
2011.09.08 03:07:22.554,0.71581,0.71646,3.00,2.25
2011.09.08 03:07:22.901,0.71581,0.71646,3.00,2.63
2011.09.08 03:07:23.464,0.71581,0.71646,3.00,3.38
2011.09.08 03:07:24.993,0.71581,0.71646,3.00,3.38
2011.09.08 03:07:26.722,0.71581,0.71646,3.00,2.63
2011.09.08 03:07:28.303,0.71581,0.71646,3.00,3.38
2011.09.08 03:07:29.139,0.71581,0.71646,3.00,3.38
2011.09.08 03:07:55.042,0.71582,0.71646,3.00,3.00
2011.09.08 03:07:57.677,0.71582,0.71645,3.00,3.00
2011.09.08 03:07:59.945,0.71582,0.71645,3.00,3.00
2011.09.08 03:08:00.063,0.71582,0.71645,3.00,3.00
2011.09.08 03:08:01.705,0.71584,0.71649,3.00,3.00
2011.09.08 03:08:01.821,0.71584,0.71649,3.00,3.00
2011.09.08 03:08:01.932,0.71584,0.71649,3.00,3.00
2011.09.08 03:08:02.870,0.71589,0.7165,3.00,1.35
2011.09.08 03:08:04.343,0.71589,0.7165,3.00,1.35
2011.09.08 03:08:20.940,0.71589,0.71653,3.00,2.25
2011.09.08 03:08:21.050,0.71594,0.71661,3.00,3.00
2011.09.08 03:08:30.417,0.71594,0.71659,3.00,3.00
2011.09.08 03:08:32.944,0.71594,0.71659,3.00,3.00
2011.09.08 03:08:33.382,0.71593,0.71657,3.00,2.25
2011.09.08 03:08:34.593,0.71593,0.71657,3.00,3.00
2011.09.08 03:08:47.927,0.71595,0.7166,3.00,3.00
2011.09.08 03:08:48.893,0.71595,0.7166,3.00,3.00
2011.09.08 03:08:49.220,0.7159,0.71656,3.00,3.00
2011.09.08 03:08:49.993,0.7159,0.71656,3.00,3.00
2011.09.08 03:08:53.340,0.7159,0.71653,3.00,3.00
2011.09.08 03:08:56.703,0.7159,0.71653,3.00,3.00
2011.09.08 03:08:57.922,0.7159,0.71653,3.00,1.13
2011.09.08 03:08:58.465,0.71586,0.71652,3.00,2.63
2011.09.08 03:08:58.580,0.71586,0.71652,3.00,2.63
2011.09.08 03:08:58.689,0.71586,0.71652,3.00,2.63
2011.09.08 03:08:59.014,0.71586,0.71652,3.00,3.38
2011.09.08 03:08:59.132,0.71586,0.71652,3.00,2.63
2011.09.08 03:08:59.811,0.71596,0.71659,2.25,3.00
2011.09.08 03:09:00.950,0.71596,0.71659,3.00,3.00
2011.09.08 03:09:01.541,0.71596,0.71659,3.00,3.00
2011.09.08 03:09:05.256,0.71596,0.71659,3.00,3.00
2011.09.08 03:09:22.003,0.71594,0.71658,2.25,3.00
2011.09.08 03:09:22.220,0.71581,0.71646,3.00,2.25
2011.09.08 03:09:23.209,0.71581,0.71646,3.00,2.25
2011.09.08 03:09:23.321,0.71581,0.71646,3.00,3.00
2011.09.08 03:09:23.709,0.71581,0.71646,3.00,3.00
2011.09.08 03:09:24.973,0.71582,0.71644,3.00,1.13
2011.09.08 03:09:25.767,0.71582,0.71648,3.00,2.25
2011.09.08 03:09:25.882,0.71594,0.71658,3.00,3.00
2011.09.08 03:09:28.280,0.71594,0.71658,3.00,3.00
2011.09.08 03:09:43.675,0.71594,0.71658,3.00,3.00
2011.09.08 03:09:43.893,0.71594,0.71658,3.00,3.00
2011.09.08 03:09:44.673,0.71594,0.71658,3.00,3.00
2011.09.08 03:10:00.942,0.71594,0.71658,3.00,3.00
2011.09.08 03:10:03.361,0.71594,0.71658,3.00,3.00
2011.09.08 03:10:06.002,0.7159,0.71653,3.00,3.00
2011.09.08 03:10:06.393,0.7159,0.71653,3.00,3.00
2011.09.08 03:10:07.984,0.71586,0.7165,3.00,3.00
2011.09.08 03:10:14.753,0.71587,0.71652,3.00,3.00
2011.09.08 03:10:15.303,0.7159,0.71649,3.00,1.13
2011.09.08 03:10:15.411,0.71585,0.71649,3.00,1.13
2011.09.08 03:10:16.342,0.71584,0.71649,3.00,3.38
2011.09.08 03:10:17.012,0.71584,0.71649,3.00,3.38
2011.09.08 03:10:17.455,0.71584,0.71649,3.00,3.38
2011.09.08 03:10:18.004,0.71584,0.71649,3.00,3.38
2011.09.08 03:10:18.386,0.71584,0.71649,3.00,3.38
2011.09.08 03:10:20.882,0.71584,0.71649,3.00,3.38
2011.09.08 03:10:21.454,0.71584,0.71649,3.00,3.38
2011.09.08 03:10:22.283,0.71586,0.71649,3.00,1.13
2011.09.08 03:10:22.722,0.71587,0.71649,3.00,1.13
2011.09.08 03:10:23.828,0.71587,0.71649,3.00,1.13
2011.09.08 03:10:25.183,0.71588,0.71649,3.00,1.13
2011.09.08 03:10:34.686,0.71587,0.7165,2.25,1.13
2011.09.08 03:10:35.024,0.71587,0.7165,3.00,1.13
2011.09.08 03:10:37.436,0.71587,0.7165,2.25,1.13
2011.09.08 03:10:37.765,0.71587,0.7165,3.00,1.13
2011.09.08 03:10:39.471,0.71585,0.71651,3.00,3.00
2011.09.08 03:10:39.692,0.71585,0.71648,3.00,3.00
2011.09.08 03:10:41.725,0.71584,0.7165,3.00,3.00
2011.09.08 03:10:43.017,0.71588,0.71651,2.25,3.00
2011.09.08 03:10:43.970,0.71588,0.71651,3.00,3.00
2011.09.08 03:10:47.175,0.71588,0.71651,3.00,3.00
2011.09.08 03:10:49.491,0.71585,0.71649,3.00,3.00
2011.09.08 03:10:50.550,0.71588,0.71651,2.25,3.00
2011.09.08 03:10:53.516,0.71588,0.71651,3.00,3.00
2011.09.08 03:10:53.833,0.71588,0.71651,2.25,3.00
2011.09.08 03:10:54.328,0.71585,0.71649,3.00,3.00
2011.09.08 03:10:54.604,0.71582,0.71647,3.00,3.00
2011.09.08 03:10:55.582,0.71585,0.71648,2.25,3.00
2011.09.08 03:10:55.704,0.71585,0.71648,3.00,3.00
2011.09.08 03:10:57.517,0.71587,0.71652,2.25,3.00
2011.09.08 03:10:58.951,0.71587,0.71652,3.00,3.00
2011.09.08 03:11:00.028,0.71584,0.71649,3.00,3.00
2011.09.08 03:11:00.572,0.71584,0.71649,3.00,3.00
2011.09.08 03:11:00.900,0.7158,0.71644,3.00,2.25
2011.09.08 03:11:01.010,0.7158,0.71644,3.00,3.00
2011.09.08 03:11:01.376,0.71585,0.71648,2.25,3.00
2011.09.08 03:11:01.940,0.71585,0.71648,3.00,3.00
2011.09.08 03:11:02.249,0.71588,0.71651,2.25,3.00
2011.09.08 03:11:04.264,0.71588,0.71651,3.00,3.00
2011.09.08 03:11:08.111,0.71585,0.71649,3.00,3.00
2011.09.08 03:11:09.318,0.71584,0.71649,3.00,3.00
2011.09.08 03:11:10.206,0.71584,0.71649,3.00,3.00
2011.09.08 03:11:10.322,0.71588,0.71651,2.25,3.00
2011.09.08 03:11:11.952,0.71588,0.71651,3.00,3.00
2011.09.08 03:11:12.346,0.71588,0.71651,2.25,3.00
2011.09.08 03:11:12.897,0.71588,0.71651,3.00,3.00
2011.09.08 03:11:13.902,0.71588,0.71651,3.00,3.00
2011.09.08 03:11:18.491,0.71595,0.71661,3.00,3.00
2011.09.08 03:11:18.607,0.716,0.71665,2.25,3.00
2011.09.08 03:11:20.074,0.716,0.71665,3.00,3.00
2011.09.08 03:11:21.162,0.716,0.71665,3.00,3.00
2011.09.08 03:11:21.490,0.71597,0.71663,3.00,3.00
2011.09.08 03:11:30.525,0.71595,0.7166,3.00,3.00
2011.09.08 03:11:31.954,0.71595,0.7166,3.00,3.00
2011.09.08 03:11:33.664,0.71598,0.71663,2.25,3.00
2011.09.08 03:11:34.340,0.71598,0.71663,3.00,3.00
2011.09.08 03:11:40.000,0.71596,0.71659,3.00,3.00
2011.09.08 03:11:41.161,0.71596,0.7166,3.00,3.00
2011.09.08 03:11:41.272,0.71596,0.7166,3.00,3.00
2011.09.08 03:12:10.771,0.71592,0.71656,3.00,3.00
2011.09.08 03:12:20.700,0.71592,0.71656,3.00,3.00
2011.09.08 03:12:22.353,0.71592,0.71656,3.00,3.00
2011.09.08 03:12:22.460,0.71588,0.71651,3.00,2.25
2011.09.08 03:12:23.005,0.71588,0.71651,3.00,3.00
2011.09.08 03:12:25.603,0.71588,0.71651,3.00,3.00
2011.09.08 03:12:26.350,0.71588,0.71651,3.00,3.00
2011.09.08 03:12:26.773,0.71588,0.71651,3.00,3.00
2011.09.08 03:12:46.269,0.71587,0.71651,3.00,3.00
2011.09.08 03:12:48.401,0.71587,0.71651,3.00,3.00
2011.09.08 03:12:49.114,0.7159,0.71654,3.00,3.00
2011.09.08 03:13:04.730,0.7159,0.71654,3.00,3.00
2011.09.08 03:13:21.450,0.7159,0.71653,3.00,3.00
2011.09.08 03:13:22.133,0.7159,0.71653,3.00,3.00
2011.09.08 03:13:25.362,0.7159,0.71653,3.00,3.00
2011.09.08 03:13:25.701,0.7159,0.71654,3.00,3.00
2011.09.08 03:13:31.460,0.71585,0.71651,3.00,2.25
2011.09.08 03:13:32.898,0.71585,0.71651,3.00,3.00
2011.09.08 03:13:43.569,0.71584,0.71647,3.00,2.25
2011.09.08 03:13:46.973,0.71584,0.71648,3.00,3.00
2011.09.08 03:13:52.752,0.71583,0.71646,3.00,2.25
2011.09.08 03:13:54.611,0.71584,0.71648,3.00,3.00
2011.09.08 03:13:55.772,0.71581,0.71646,3.00,2.25
2011.09.08 03:13:56.952,0.71581,0.71646,3.00,3.00
2011.09.08 03:13:57.700,0.71581,0.71646,3.00,2.25
2011.09.08 03:13:57.810,0.71581,0.71646,3.00,3.00
2011.09.08 03:13:58.878,0.71579,0.71645,3.00,3.00
2011.09.08 03:14:01.256,0.71579,0.71645,3.00,3.00
2011.09.08 03:14:01.491,0.71582,0.71645,3.00,2.25
2011.09.08 03:14:02.075,0.71583,0.71649,3.00,3.00
2011.09.08 03:14:02.181,0.71582,0.71645,3.00,3.00
2011.09.08 03:14:06.852,0.71579,0.71645,3.00,3.00
2011.09.08 03:14:08.702,0.71578,0.71644,3.00,3.00
2011.09.08 03:14:21.102,0.71578,0.71644,3.00,3.00
2011.09.08 03:14:22.771,0.71578,0.71643,3.00,3.00
2011.09.08 03:14:24.072,0.71578,0.71643,3.00,2.25
2011.09.08 03:14:24.232,0.71578,0.71643,3.00,2.25
2011.09.08 03:14:26.927,0.71578,0.71643,3.00,3.00
2011.09.08 03:14:28.137,0.71578,0.71643,3.00,2.25
2011.09.08 03:14:28.720,0.71579,0.71645,3.00,3.00
2011.09.08 03:14:33.912,0.71584,0.71647,3.00,2.25
2011.09.08 03:14:34.782,0.71585,0.71651,3.00,3.00
2011.09.08 03:14:46.265,0.71583,0.71646,3.00,2.25
2011.09.08 03:14:49.125,0.71584,0.71647,3.00,2.25
2011.09.08 03:14:53.285,0.71584,0.71647,3.00,2.25
2011.09.08 03:14:53.711,0.71584,0.71647,3.00,2.25
2011.09.08 03:14:54.921,0.71584,0.71647,3.00,3.00
2011.09.08 03:14:55.505,0.71584,0.71647,3.00,2.25
2011.09.08 03:14:56.736,0.71586,0.7165,3.00,3.00
2011.09.08 03:15:02.975,0.71584,0.71647,3.00,2.25
2011.09.08 03:15:14.803,0.71582,0.71645,3.00,2.25
2011.09.08 03:15:15.964,0.71581,0.71645,3.00,3.00
2011.09.08 03:15:18.541,0.71581,0.71646,3.00,3.00
2011.09.08 03:15:23.331,0.71579,0.71642,3.00,2.25
2011.09.08 03:15:23.443,0.71578,0.71641,3.00,3.00
2011.09.08 03:15:23.552,0.71578,0.71641,3.00,2.25
2011.09.08 03:15:24.986,0.71578,0.71641,3.00,3.00
2011.09.08 03:15:25.205,0.71578,0.71641,3.00,2.25
2011.09.08 03:15:25.713,0.71578,0.71641,3.00,2.25
2011.09.08 03:15:25.821,0.71579,0.71643,3.00,2.25
2011.09.08 03:15:26.968,0.71579,0.71643,3.00,3.00
2011.09.08 03:15:27.461,0.71575,0.71639,3.00,2.25
2011.09.08 03:15:28.061,0.71575,0.71639,3.00,3.00
2011.09.08 03:15:28.282,0.71579,0.71643,3.00,3.00
2011.09.08 03:15:30.223,0.71579,0.71643,3.00,3.00
2011.09.08 03:15:37.045,0.71576,0.71641,3.00,2.25
2011.09.08 03:15:38.442,0.71581,0.71646,3.00,3.00
2011.09.08 03:15:38.622,0.71581,0.71646,3.00,2.25
2011.09.08 03:15:42.915,0.71581,0.71646,3.00,3.00
2011.09.08 03:15:44.372,0.71593,0.71656,2.25,3.00
2011.09.08 03:15:45.182,0.71593,0.71656,3.00,3.00
2011.09.08 03:15:45.915,0.71593,0.71656,3.00,3.00
2011.09.08 03:15:46.352,0.71593,0.71656,3.00,3.00
2011.09.08 03:15:46.591,0.71585,0.71649,3.00,3.00
2011.09.08 03:15:48.937,0.71578,0.71644,3.00,3.00
2011.09.08 03:15:52.733,0.7158,0.71646,3.00,3.00
2011.09.08 03:15:53.140,0.71583,0.71649,3.00,3.00
2011.09.08 03:15:54.055,0.71583,0.71649,3.00,3.00
2011.09.08 03:15:54.713,0.71583,0.71648,3.00,3.00
2011.09.08 03:15:56.736,0.71583,0.71648,3.00,3.00
2011.09.08 03:15:57.898,0.71583,0.71648,3.00,3.00
2011.09.08 03:15:58.015,0.71583,0.71648,3.00,3.00
2011.09.08 03:15:58.253,0.71583,0.71649,3.00,3.00
2011.09.08 03:15:58.570,0.71585,0.71649,3.00,3.00
2011.09.08 03:16:00.425,0.71585,0.71649,3.00,3.00
2011.09.08 03:16:01.202,0.71585,0.71651,3.00,3.00
2011.09.08 03:16:02.344,0.71585,0.71651,3.00,3.00
2011.09.08 03:16:04.410,0.71585,0.71649,3.00,3.00
2011.09.08 03:16:06.513,0.71585,0.71649,3.00,3.00
2011.09.08 03:16:06.693,0.71585,0.71649,3.00,3.00
2011.09.08 03:16:06.916,0.71585,0.71649,3.00,3.00
2011.09.08 03:16:07.732,0.71585,0.71649,3.00,3.00
2011.09.08 03:16:08.933,0.71589,0.71654,3.00,3.00
2011.09.08 03:16:12.459,0.71589,0.71654,3.00,3.00
2011.09.08 03:16:16.966,0.71589,0.71654,3.00,3.00
2011.09.08 03:16:18.284,0.71585,0.71649,3.00,3.00
2011.09.08 03:16:23.015,0.71585,0.71649,3.00,3.00
2011.09.08 03:16:24.167,0.71584,0.71647,3.00,2.25
2011.09.08 03:16:24.673,0.71584,0.71647,3.00,3.00
2011.09.08 03:16:25.831,0.71582,0.71647,3.00,3.00
2011.09.08 03:16:26.139,0.71582,0.71647,3.00,3.00
2011.09.08 03:16:33.572,0.71584,0.71648,3.00,3.00
2011.09.08 03:16:33.871,0.71585,0.71649,3.00,3.00
2011.09.08 03:16:34.205,0.71584,0.71647,3.00,2.25
2011.09.08 03:16:34.892,0.71584,0.71647,3.00,3.00
2011.09.08 03:16:38.056,0.71578,0.71643,3.00,2.25
2011.09.08 03:16:38.175,0.71578,0.71641,3.00,2.25
2011.09.08 03:16:38.750,0.71579,0.71642,3.00,2.25
2011.09.08 03:16:39.054,0.71581,0.71645,3.00,3.00
2011.09.08 03:16:39.491,0.71581,0.71645,3.00,3.00
2011.09.08 03:16:40.344,0.71583,0.71646,3.00,3.00
2011.09.08 03:16:41.553,0.71582,0.71645,3.00,3.00
2011.09.08 03:16:42.555,0.7158,0.71646,3.00,3.00
2011.09.08 03:16:43.855,0.7158,0.71646,3.00,3.00
2011.09.08 03:16:46.461,0.71579,0.71642,3.00,3.00
2011.09.08 03:16:47.982,0.71579,0.71642,3.00,3.00
2011.09.08 03:16:48.475,0.71579,0.71642,3.00,3.00
2011.09.08 03:16:52.886,0.71578,0.71643,3.00,2.25
2011.09.08 03:16:53.602,0.71578,0.71643,3.00,3.00
2011.09.08 03:16:54.856,0.7158,0.71644,3.00,3.00
2011.09.08 03:16:59.692,0.7158,0.71646,3.00,3.00
2011.09.08 03:17:00.025,0.71579,0.71645,3.00,3.00
2011.09.08 03:17:02.579,0.71576,0.7164,3.00,2.25
2011.09.08 03:17:02.691,0.71579,0.71645,3.00,3.00
2011.09.08 03:17:03.721,0.71579,0.71645,3.00,3.00
2011.09.08 03:17:03.933,0.71579,0.71645,3.00,3.00
2011.09.08 03:17:21.606,0.71581,0.71645,3.00,3.00
2011.09.08 03:17:21.956,0.71577,0.71642,3.00,2.25
2011.09.08 03:17:24.662,0.71581,0.71645,3.00,3.00
2011.09.08 03:17:28.359,0.71579,0.71645,3.00,3.00
2011.09.08 03:17:28.942,0.71579,0.71645,3.00,3.00
2011.09.08 03:17:30.271,0.71579,0.71645,3.00,3.00
2011.09.08 03:18:22.132,0.71584,0.71649,3.00,3.00
2011.09.08 03:18:22.263,0.71584,0.71649,3.00,3.00
2011.09.08 03:18:22.479,0.71584,0.7165,3.00,3.00
2011.09.08 03:18:22.847,0.71584,0.71649,3.00,3.00
2011.09.08 03:19:26.076,0.71584,0.71649,3.00,3.00
2011.09.08 03:19:26.300,0.71584,0.71649,3.00,3.00
2011.09.08 03:19:26.979,0.71584,0.7165,3.00,3.00
2011.09.08 03:19:30.254,0.71584,0.7165,3.00,3.00
2011.09.08 03:19:30.926,0.71584,0.71649,3.00,3.00
2011.09.08 03:19:32.171,0.71584,0.71649,3.00,3.00
2011.09.08 03:19:32.395,0.71584,0.71649,3.00,3.00
2011.09.08 03:19:33.882,0.71584,0.71649,3.00,3.00
2011.09.08 03:19:35.692,0.71584,0.71649,3.00,3.00
2011.09.08 03:19:55.610,0.71584,0.71649,3.00,3.00
2011.09.08 03:19:57.651,0.71584,0.71649,3.00,3.00
2011.09.08 03:19:57.869,0.71584,0.7165,3.00,3.00
2011.09.08 03:20:06.131,0.71584,0.7165,3.00,3.00
2011.09.08 03:20:08.542,0.71584,0.7165,3.00,3.00
2011.09.08 03:20:12.172,0.71584,0.7165,3.00,3.00
2011.09.08 03:20:33.659,0.71585,0.71648,3.00,3.00
2011.09.08 03:20:34.766,0.71585,0.71648,3.00,3.00
2011.09.08 03:20:38.054,0.71585,0.71648,3.00,3.00
2011.09.08 03:20:38.664,0.71584,0.7165,3.00,3.00
2011.09.08 03:20:41.801,0.7158,0.71646,3.00,3.00
2011.09.08 03:20:42.132,0.7158,0.71646,3.00,3.00
2011.09.08 03:20:51.585,0.7158,0.71644,3.00,3.00
2011.09.08 03:20:53.185,0.7158,0.71644,3.00,3.00
2011.09.08 03:20:53.859,0.7158,0.71644,3.00,3.00
2011.09.08 03:20:56.203,0.7158,0.71645,3.00,3.00
2011.09.08 03:21:00.444,0.7158,0.71645,3.00,3.00
2011.09.08 03:21:01.029,0.7158,0.71645,3.00,3.00
2011.09.08 03:21:02.189,0.71577,0.7164,3.00,3.00
2011.09.08 03:21:02.362,0.71577,0.7164,3.00,3.00
2011.09.08 03:21:03.219,0.71576,0.71639,3.00,3.00
2011.09.08 03:21:03.722,0.71577,0.7164,3.00,3.00
2011.09.08 03:21:08.173,0.71577,0.71643,3.00,3.00
2011.09.08 03:21:11.749,0.71577,0.71643,3.00,3.00
2011.09.08 03:21:16.282,0.71574,0.71638,3.00,3.00
2011.09.08 03:21:16.851,0.71564,0.7163,3.00,2.25
2011.09.08 03:21:17.258,0.71566,0.7163,3.00,2.25
2011.09.08 03:21:18.545,0.71566,0.7163,3.00,2.25
2011.09.08 03:21:19.574,0.71571,0.71634,3.00,3.00
2011.09.08 03:21:20.232,0.7157,0.71633,3.00,2.25
2011.09.08 03:21:20.435,0.7157,0.71633,3.00,3.00
2011.09.08 03:21:20.878,0.7157,0.71633,3.00,2.25
2011.09.08 03:21:22.794,0.7157,0.71633,3.00,2.25
2011.09.08 03:21:22.904,0.71567,0.71631,3.00,2.25
2011.09.08 03:21:35.347,0.71565,0.71631,3.00,2.25
2011.09.08 03:21:35.916,0.71564,0.71629,3.00,2.25
2011.09.08 03:21:36.978,0.71564,0.71629,3.00,2.25
2011.09.08 03:21:39.294,0.71565,0.7163,3.00,2.25
2011.09.08 03:21:39.848,0.71565,0.7163,3.00,2.25
2011.09.08 03:21:43.624,0.71565,0.7163,3.00,2.25
2011.09.08 03:21:43.952,0.71568,0.71635,3.00,2.25
2011.09.08 03:21:44.172,0.71574,0.71638,3.00,2.25
2011.09.08 03:21:44.722,0.71575,0.71639,3.00,2.25
2011.09.08 03:21:45.356,0.71575,0.71639,3.00,2.25
2011.09.08 03:21:49.533,0.71575,0.71639,3.00,3.00
2011.09.08 03:21:51.387,0.71573,0.71639,3.00,3.00
2011.09.08 03:21:52.010,0.71574,0.7164,3.00,3.00
2011.09.08 03:21:53.699,0.71574,0.7164,3.00,2.25
2011.09.08 03:21:54.415,0.71574,0.7164,3.00,3.00
2011.09.08 03:22:00.224,0.71574,0.7164,3.00,3.00
2011.09.08 03:22:00.346,0.71574,0.7164,3.00,3.00
2011.09.08 03:22:00.461,0.71574,0.7164,3.00,3.00
2011.09.08 03:22:01.458,0.71576,0.71639,3.00,3.00
2011.09.08 03:22:07.968,0.71576,0.71639,3.00,3.00
2011.09.08 03:22:08.085,0.71574,0.7164,3.00,3.00
2011.09.08 03:22:08.196,0.71574,0.7164,3.00,3.00
2011.09.08 03:22:09.078,0.71574,0.7164,3.00,3.00
2011.09.08 03:22:09.192,0.71574,0.7164,3.00,2.25
2011.09.08 03:22:10.001,0.71574,0.7164,3.00,3.00
2011.09.08 03:22:10.174,0.71574,0.7164,3.00,2.25
2011.09.08 03:22:11.261,0.71574,0.7164,3.00,3.00
2011.09.08 03:22:12.153,0.71574,0.7164,3.00,3.00
2011.09.08 03:22:12.274,0.71574,0.7164,3.00,3.00
2011.09.08 03:22:12.585,0.71574,0.7164,3.00,3.00
2011.09.08 03:22:12.823,0.71574,0.7164,3.00,2.25
2011.09.08 03:22:15.256,0.71576,0.71639,3.00,2.25
2011.09.08 03:22:16.032,0.71572,0.71635,3.00,2.25
2011.09.08 03:22:22.222,0.7158,0.71644,3.00,3.00
2011.09.08 03:22:22.879,0.7158,0.71644,3.00,3.00
2011.09.08 03:22:23.851,0.7158,0.71644,3.00,3.00
2011.09.08 03:22:27.032,0.7158,0.71644,3.00,3.00
2011.09.08 03:22:27.141,0.71576,0.71639,3.00,2.25
2011.09.08 03:22:28.852,0.71571,0.71636,3.00,2.25
2011.09.08 03:22:36.254,0.71571,0.71636,3.00,2.25
2011.09.08 03:22:36.364,0.71567,0.71631,3.00,2.25
2011.09.08 03:22:45.241,0.71571,0.71631,1.13,2.25
2011.09.08 03:22:45.462,0.71576,0.7164,1.13,2.25
2011.09.08 03:22:45.571,0.7158,0.71644,3.00,3.00
2011.09.08 03:22:46.892,0.7158,0.71644,3.00,3.00
2011.09.08 03:22:47.503,0.7158,0.71644,3.00,3.00
2011.09.08 03:23:03.705,0.7158,0.71644,3.00,2.25
2011.09.08 03:23:03.922,0.7158,0.71644,3.38,2.25
2011.09.08 03:23:04.032,0.71584,0.71648,3.00,2.25
2011.09.08 03:23:04.253,0.71592,0.71658,2.25,3.00
2011.09.08 03:23:04.363,0.71592,0.71658,2.25,2.25
2011.09.08 03:23:05.673,0.71592,0.71658,3.00,3.00
2011.09.08 03:23:06.074,0.71592,0.71658,3.00,3.00
2011.09.08 03:23:06.663,0.71592,0.71658,3.00,3.00
2011.09.08 03:23:07.396,0.71592,0.71658,3.00,3.00
2011.09.08 03:23:08.427,0.71592,0.71658,3.00,2.25
2011.09.08 03:23:09.441,0.71592,0.71658,3.00,3.00
2011.09.08 03:23:13.173,0.71592,0.71658,3.00,2.25
2011.09.08 03:23:13.667,0.71592,0.71658,3.00,3.00
2011.09.08 03:23:25.983,0.71592,0.71658,3.00,2.25
2011.09.08 03:23:35.073,0.71589,0.71654,3.00,2.25
2011.09.08 03:23:36.232,0.71589,0.71654,3.00,3.00
2011.09.08 03:23:57.445,0.71591,0.71655,3.00,2.25
2011.09.08 03:23:57.677,0.71591,0.71655,3.00,3.00
2011.09.08 03:24:18.245,0.71591,0.71654,3.00,2.25
2011.09.08 03:24:30.455,0.71591,0.71654,3.00,2.25
2011.09.08 03:24:54.763,0.71591,0.71654,3.00,3.00
2011.09.08 03:24:54.893,0.71585,0.71651,3.00,2.25
2011.09.08 03:24:55.653,0.71585,0.71651,3.00,2.25
2011.09.08 03:24:55.871,0.7159,0.71655,3.00,2.25
2011.09.08 03:24:56.964,0.7159,0.71655,3.00,2.25
2011.09.08 03:24:59.934,0.7159,0.71655,3.00,2.25
2011.09.08 03:25:02.133,0.7159,0.71655,3.00,3.00
2011.09.08 03:25:02.492,0.71586,0.7165,3.00,2.25
2011.09.08 03:25:03.993,0.71586,0.7165,3.00,2.25
2011.09.08 03:25:24.741,0.71586,0.7165,3.00,2.25
2011.09.08 03:25:32.532,0.7158,0.7167,1.13,1.13
2011.09.08 03:25:32.961,0.71578,0.71666,1.13,1.13
2011.09.08 03:25:36.631,0.71577,0.71642,3.00,2.25
2011.09.08 03:25:36.742,0.71585,0.71651,3.00,2.25
2011.09.08 03:25:37.643,0.71576,0.71643,3.00,2.25
2011.09.08 03:25:38.331,0.71578,0.71641,3.00,2.25
2011.09.08 03:25:38.442,0.71578,0.71641,3.00,2.25
2011.09.08 03:25:38.664,0.71572,0.71638,3.00,2.25
2011.09.08 03:25:40.300,0.71572,0.71638,3.00,2.25
2011.09.08 03:25:41.751,0.71572,0.71638,3.00,3.00
2011.09.08 03:25:41.862,0.71569,0.71633,3.00,2.25
2011.09.08 03:25:41.972,0.71569,0.71633,3.00,2.25
2011.09.08 03:25:42.193,0.7156,0.71625,3.00,2.25
2011.09.08 03:25:42.302,0.71564,0.71629,3.00,2.25
2011.09.08 03:25:42.896,0.71564,0.71629,3.00,2.25
2011.09.08 03:25:43.114,0.71564,0.71629,3.00,2.25
2011.09.08 03:25:44.393,0.71564,0.71629,3.00,2.25
2011.09.08 03:25:47.043,0.71559,0.71625,3.00,2.25
2011.09.08 03:25:50.497,0.71559,0.71625,3.00,2.25
2011.09.08 03:25:51.626,0.71561,0.71625,3.00,2.25
2011.09.08 03:25:53.185,0.71561,0.71625,3.00,2.25
2011.09.08 03:25:53.809,0.71561,0.71625,3.00,2.25
2011.09.08 03:25:55.672,0.71563,0.71626,3.00,2.25
2011.09.08 03:26:33.742,0.71563,0.71626,3.00,2.25
2011.09.08 03:26:33.852,0.71566,0.71632,3.00,2.25
2011.09.08 03:26:34.825,0.71566,0.71632,3.00,2.25
2011.09.08 03:26:38.984,0.71563,0.71626,3.00,2.25
2011.09.08 03:26:41.844,0.71563,0.71626,3.00,2.25
2011.09.08 03:26:43.501,0.71563,0.71626,3.00,2.25
2011.09.08 03:26:43.611,0.71566,0.71632,3.00,2.25
2011.09.08 03:26:58.633,0.71566,0.71632,3.00,2.25
2011.09.08 03:26:59.061,0.71563,0.71626,3.00,2.25
2011.09.08 03:26:59.956,0.71563,0.71626,3.00,2.25
2011.09.08 03:27:00.944,0.71563,0.71626,3.00,2.25
2011.09.08 03:27:10.477,0.71563,0.71626,3.00,2.25
2011.09.08 03:27:10.602,0.71565,0.71629,3.00,3.00
2011.09.08 03:27:11.947,0.71565,0.71629,3.00,2.25
2011.09.08 03:27:18.032,0.71565,0.71629,3.00,3.00
2011.09.08 03:27:18.703,0.71562,0.71627,3.00,2.25
2011.09.08 03:27:19.324,0.71561,0.71627,3.00,2.25
2011.09.08 03:27:19.542,0.71562,0.71627,3.00,2.25
2011.09.08 03:27:22.462,0.71562,0.71627,3.00,2.25
2011.09.08 03:27:24.375,0.71564,0.71627,3.00,2.25
2011.09.08 03:27:25.424,0.71563,0.71626,3.00,2.25
2011.09.08 03:27:34.944,0.71563,0.71626,3.00,2.25
2011.09.08 03:27:35.342,0.71567,0.71631,3.00,2.25
2011.09.08 03:27:35.605,0.71567,0.71631,3.00,2.25
2011.09.08 03:27:37.801,0.71567,0.71631,3.00,2.25
2011.09.08 03:27:39.454,0.71567,0.71631,3.00,2.25
2011.09.08 03:27:43.291,0.71567,0.71631,3.00,3.00
2011.09.08 03:27:43.775,0.7156,0.71625,3.00,2.25
2011.09.08 03:27:44.623,0.7156,0.71625,3.00,3.00
2011.09.08 03:27:45.992,0.7156,0.71625,3.00,3.00
2011.09.08 03:27:52.331,0.7156,0.71625,3.00,2.25
2011.09.08 03:27:53.104,0.7156,0.71625,3.00,2.25
2011.09.08 03:27:55.734,0.7156,0.71625,3.00,3.00
2011.09.08 03:28:08.726,0.71559,0.71624,3.00,3.00
2011.09.08 03:28:18.514,0.71559,0.71624,3.00,2.25
2011.09.08 03:28:18.636,0.71559,0.71624,3.00,3.00
2011.09.08 03:28:18.846,0.71559,0.71624,3.00,2.25
2011.09.08 03:28:18.965,0.71559,0.71624,3.00,3.00
2011.09.08 03:28:21.813,0.71559,0.71624,3.00,2.25
2011.09.08 03:28:21.935,0.71559,0.71624,3.00,3.00
2011.09.08 03:28:26.522,0.71554,0.7162,3.00,2.25
2011.09.08 03:28:26.633,0.71554,0.7162,3.00,3.00
2011.09.08 03:28:27.002,0.71554,0.7162,3.00,2.25
2011.09.08 03:28:27.708,0.71554,0.7162,3.00,3.00
2011.09.08 03:28:30.043,0.71555,0.71621,3.00,2.25
2011.09.08 03:28:30.155,0.71555,0.71621,3.00,3.00
2011.09.08 03:28:30.265,0.71559,0.71622,3.00,3.00
2011.09.08 03:28:30.702,0.71556,0.71622,3.00,3.00
2011.09.08 03:28:36.446,0.71555,0.71621,3.00,2.25
2011.09.08 03:28:50.143,0.7156,0.71625,3.00,3.00
2011.09.08 03:28:56.353,0.71559,0.71624,3.00,3.00
2011.09.08 03:29:10.641,0.71558,0.71623,3.00,2.25
2011.09.08 03:29:21.186,0.7156,0.71625,3.00,3.00
2011.09.08 03:29:21.292,0.7156,0.71625,3.00,2.25
2011.09.08 03:29:21.404,0.7156,0.71625,3.00,3.00
2011.09.08 03:29:24.285,0.71555,0.71621,3.00,2.25
2011.09.08 03:29:24.969,0.71555,0.71621,3.00,3.00
2011.09.08 03:29:25.295,0.71555,0.71621,3.00,3.00
2011.09.08 03:29:27.003,0.71555,0.71621,3.00,3.00
2011.09.08 03:29:27.393,0.71555,0.71621,3.00,2.25
2011.09.08 03:29:27.937,0.71555,0.71621,3.00,3.00
2011.09.08 03:29:29.205,0.71554,0.7162,3.00,2.25
2011.09.08 03:29:29.313,0.71554,0.7162,3.00,3.00
2011.09.08 03:29:43.322,0.71554,0.7162,3.00,2.25
2011.09.08 03:29:48.262,0.71556,0.7162,3.00,2.25
2011.09.08 03:29:50.937,0.71556,0.7162,3.00,3.00
2011.09.08 03:29:59.563,0.71556,0.7162,3.00,3.00
2011.09.08 03:30:01.155,0.71556,0.7162,3.00,3.00
2011.09.08 03:30:02.652,0.71556,0.7162,3.00,3.00
2011.09.08 03:30:28.947,0.71555,0.71619,3.00,3.00
2011.09.08 03:30:29.333,0.71557,0.71621,3.00,3.00
2011.09.08 03:30:41.042,0.7156,0.71623,3.00,3.00
2011.09.08 03:30:41.719,0.71566,0.71631,1.35,3.00
2011.09.08 03:30:42.963,0.71566,0.71631,1.35,3.00
2011.09.08 03:30:46.071,0.71566,0.7163,1.35,3.00
2011.09.08 03:30:54.811,0.71563,0.71628,3.00,2.25
2011.09.08 03:30:54.923,0.71563,0.71628,3.00,2.25
2011.09.08 03:30:57.261,0.71563,0.71628,3.00,2.25
2011.09.08 03:30:58.604,0.71563,0.71628,3.00,2.25
2011.09.08 03:30:58.821,0.71555,0.71619,3.00,2.25
2011.09.08 03:30:59.155,0.71551,0.71614,3.00,2.25
2011.09.08 03:30:59.863,0.71551,0.71614,3.00,2.25
2011.09.08 03:31:01.290,0.71549,0.71614,1.35,2.25
2011.09.08 03:31:01.774,0.71548,0.71614,3.00,2.25
2011.09.08 03:31:01.884,0.71541,0.71604,3.00,2.25
2011.09.08 03:31:01.994,0.71548,0.71614,3.00,2.25
2011.09.08 03:31:02.343,0.71545,0.71608,3.00,2.25
2011.09.08 03:31:02.774,0.71545,0.71608,3.00,2.25
2011.09.08 03:31:03.996,0.71545,0.71608,3.00,2.25
2011.09.08 03:31:05.168,0.71545,0.71608,3.00,2.25
2011.09.08 03:31:08.102,0.71545,0.71608,3.00,2.25
2011.09.08 03:31:08.786,0.71545,0.71608,3.00,2.25
2011.09.08 03:31:09.275,0.71545,0.71608,3.00,2.25
2011.09.08 03:31:10.550,0.71546,0.71611,3.00,2.25
2011.09.08 03:31:15.753,0.71544,0.71608,3.00,2.25
2011.09.08 03:31:16.207,0.71544,0.71608,3.00,2.25
2011.09.08 03:31:16.377,0.71544,0.71608,3.00,2.25
2011.09.08 03:31:16.698,0.71544,0.71608,3.00,2.25
2011.09.08 03:31:17.684,0.71544,0.71608,3.00,2.25
2011.09.08 03:31:20.709,0.71544,0.71608,3.00,2.25
2011.09.08 03:31:20.825,0.71544,0.71608,3.00,2.25
2011.09.08 03:31:21.159,0.71544,0.71608,3.00,2.25
2011.09.08 03:31:22.076,0.71544,0.71608,3.00,2.25
2011.09.08 03:31:22.413,0.71544,0.71608,3.00,2.25
2011.09.08 03:31:26.992,0.71544,0.71608,3.00,2.25
2011.09.08 03:31:29.523,0.71544,0.71608,3.00,2.25
2011.09.08 03:31:29.633,0.71541,0.71604,3.00,2.25
2011.09.08 03:31:30.995,0.71541,0.71604,3.00,2.25
2011.09.08 03:31:33.363,0.71541,0.71604,3.00,2.25
2011.09.08 03:31:33.912,0.71541,0.71604,3.00,2.25
2011.09.08 03:31:34.026,0.71546,0.71609,3.00,2.25
2011.09.08 03:31:34.955,0.71546,0.71609,3.00,2.25
2011.09.08 03:31:37.683,0.71542,0.71604,1.35,2.25
2011.09.08 03:31:38.204,0.71542,0.71604,1.35,2.25
2011.09.08 03:31:39.807,0.71542,0.71604,1.35,2.25
2011.09.08 03:31:39.986,0.71542,0.71604,1.35,3.00
2011.09.08 03:31:40.094,0.71542,0.71604,1.35,2.25
2011.09.08 03:31:40.206,0.71545,0.71608,3.00,3.00
2011.09.08 03:31:40.314,0.71545,0.71608,3.00,3.00
2011.09.08 03:31:40.643,0.71544,0.71609,3.00,2.85
2011.09.08 03:31:41.914,0.71546,0.71611,3.00,2.25
2011.09.08 03:31:42.775,0.71546,0.71612,3.00,2.25
2011.09.08 03:31:44.973,0.71546,0.71612,3.00,2.25
2011.09.08 03:31:45.523,0.71547,0.71613,3.00,2.25
2011.09.08 03:31:45.633,0.71547,0.71613,3.00,2.25
2011.09.08 03:31:47.174,0.71547,0.71613,3.00,3.00
2011.09.08 03:31:49.006,0.71548,0.71614,3.00,3.00
2011.09.08 03:31:50.698,0.7155,0.71613,3.00,3.00
2011.09.08 03:31:51.527,0.7155,0.71613,3.00,3.00
2011.09.08 03:31:51.755,0.71543,0.71609,3.00,2.25
2011.09.08 03:31:51.862,0.71543,0.71609,3.00,3.00
2011.09.08 03:31:52.635,0.71545,0.71608,3.00,3.00
2011.09.08 03:31:53.119,0.71552,0.71615,3.00,3.00
2011.09.08 03:31:53.344,0.71551,0.71614,3.00,3.00
2011.09.08 03:31:53.773,0.71551,0.71616,3.00,3.00
2011.09.08 03:31:54.006,0.71547,0.71611,3.00,2.25
2011.09.08 03:31:55.388,0.71547,0.71611,3.00,3.00
2011.09.08 03:31:55.613,0.71539,0.71602,3.00,2.25
2011.09.08 03:31:55.833,0.7154,0.71604,3.00,2.25
2011.09.08 03:31:55.943,0.71546,0.71609,3.00,2.25
2011.09.08 03:31:58.251,0.71546,0.71609,3.00,3.00
2011.09.08 03:31:58.907,0.71546,0.71609,3.00,3.00
2011.09.08 03:32:01.879,0.71546,0.71609,3.00,3.00
2011.09.08 03:32:01.993,0.71536,0.71601,3.00,2.25
2011.09.08 03:32:02.434,0.71546,0.71609,3.00,3.00
2011.09.08 03:32:02.544,0.71529,0.716,3.00,2.25
2011.09.08 03:32:02.764,0.7154,0.71606,3.00,3.00
2011.09.08 03:32:03.915,0.7154,0.71606,3.00,2.25
2011.09.08 03:32:05.163,0.71538,0.71603,3.00,3.00
2011.09.08 03:32:05.795,0.71541,0.71605,3.00,2.25
2011.09.08 03:32:07.578,0.71542,0.71607,3.00,2.25
2011.09.08 03:32:08.394,0.71544,0.71607,3.00,3.00
2011.09.08 03:32:09.976,0.71544,0.71609,3.00,3.00
2011.09.08 03:32:10.085,0.71544,0.71609,3.00,3.00
2011.09.08 03:32:11.687,0.71544,0.71609,3.00,3.00
2011.09.08 03:32:11.910,0.71544,0.71609,3.00,3.00
2011.09.08 03:32:12.836,0.71543,0.71608,3.00,3.00
2011.09.08 03:32:14.918,0.71544,0.71607,3.00,3.00
2011.09.08 03:32:15.504,0.71544,0.71607,3.00,3.00
2011.09.08 03:32:16.032,0.71544,0.71607,3.00,3.00
2011.09.08 03:32:17.557,0.71544,0.71609,3.00,3.00
2011.09.08 03:32:18.524,0.71544,0.71609,3.00,3.00
2011.09.08 03:32:19.648,0.71544,0.71609,3.00,3.00
2011.09.08 03:32:19.875,0.71542,0.71607,3.00,3.00
2011.09.08 03:32:25.635,0.71543,0.71606,3.00,2.25
2011.09.08 03:32:27.172,0.71541,0.71607,3.00,2.25
2011.09.08 03:32:28.498,0.71539,0.71605,3.00,3.00
2011.09.08 03:32:28.613,0.71539,0.71605,3.00,3.00
2011.09.08 03:32:28.943,0.71541,0.71605,3.00,3.00
2011.09.08 03:32:29.056,0.71541,0.71605,3.00,3.00
2011.09.08 03:32:32.889,0.71542,0.71607,3.00,3.00
2011.09.08 03:32:34.524,0.71544,0.71607,3.00,3.00
2011.09.08 03:32:40.942,0.71543,0.71608,3.00,3.00
2011.09.08 03:32:41.054,0.71543,0.71608,3.00,3.00
2011.09.08 03:32:41.584,0.71543,0.71608,3.00,2.25
2011.09.08 03:32:41.861,0.71543,0.71608,3.00,3.00
2011.09.08 03:32:44.177,0.71543,0.71608,3.00,3.00
2011.09.08 03:32:44.296,0.71543,0.71608,3.00,3.00
2011.09.08 03:32:45.642,0.71549,0.71612,3.00,3.00
2011.09.08 03:32:46.596,0.71545,0.71608,3.00,3.00
2011.09.08 03:32:47.317,0.71544,0.7161,3.00,3.00
2011.09.08 03:32:47.954,0.71546,0.71612,3.00,3.00
2011.09.08 03:32:48.164,0.71544,0.7161,3.00,3.00
2011.09.08 03:32:48.625,0.71544,0.7161,3.00,3.00
2011.09.08 03:32:49.727,0.71544,0.7161,3.00,3.00
2011.09.08 03:32:51.376,0.71544,0.7161,3.00,2.25
2011.09.08 03:32:51.483,0.71551,0.71615,3.00,3.00
2011.09.08 03:32:51.855,0.7155,0.71614,3.00,2.25
2011.09.08 03:32:53.254,0.71549,0.71612,3.00,2.25
2011.09.08 03:32:53.363,0.71549,0.71612,3.00,2.25
2011.09.08 03:32:53.473,0.71549,0.71614,3.00,3.00
2011.09.08 03:32:58.172,0.71546,0.71612,3.00,2.25
2011.09.08 03:32:59.995,0.71546,0.71612,3.00,3.00
2011.09.08 03:33:01.655,0.71546,0.71612,3.00,3.00
2011.09.08 03:33:01.763,0.71546,0.7161,3.00,2.25
2011.09.08 03:33:02.178,0.71547,0.71611,3.00,3.00
2011.09.08 03:33:02.293,0.71547,0.71611,3.00,3.00
2011.09.08 03:33:03.813,0.71547,0.71611,3.00,3.00
2011.09.08 03:33:03.924,0.71542,0.71606,3.00,2.25
2011.09.08 03:33:04.502,0.71541,0.71607,3.00,2.25
2011.09.08 03:33:04.943,0.71551,0.71613,3.00,1.35
2011.09.08 03:33:05.412,0.71551,0.71615,3.00,3.00
2011.09.08 03:33:12.303,0.7155,0.71616,3.00,2.25
2011.09.08 03:33:12.429,0.71549,0.71612,3.00,2.25
2011.09.08 03:33:13.180,0.71549,0.71612,3.00,2.25
2011.09.08 03:33:17.038,0.7155,0.71613,3.00,3.00
2011.09.08 03:33:20.905,0.71551,0.71617,3.00,2.25
2011.09.08 03:33:21.013,0.71544,0.7161,3.00,2.25
2011.09.08 03:33:21.553,0.71544,0.7161,3.00,2.25
2011.09.08 03:33:22.103,0.71544,0.7161,3.00,3.00
2011.09.08 03:33:24.976,0.71544,0.7161,3.00,3.00
2011.09.08 03:33:28.613,0.71537,0.716,3.00,2.25
2011.09.08 03:33:30.574,0.71533,0.71597,1.35,2.25
2011.09.08 03:33:30.793,0.71533,0.71597,1.35,2.25
2011.09.08 03:33:31.868,0.71534,0.71597,3.00,2.25
2011.09.08 03:33:32.330,0.71534,0.71597,3.00,2.25
2011.09.08 03:33:32.840,0.71534,0.71597,3.00,3.00
2011.09.08 03:33:33.785,0.71534,0.71597,3.00,2.25
2011.09.08 03:33:34.534,0.71534,0.71597,3.00,2.25
2011.09.08 03:33:36.044,0.71534,0.71598,3.00,3.00
2011.09.08 03:33:37.094,0.71532,0.71595,3.00,2.25
2011.09.08 03:33:37.313,0.71533,0.71599,3.00,3.00
2011.09.08 03:33:37.425,0.71533,0.71599,3.00,2.25
2011.09.08 03:33:38.287,0.71542,0.71606,3.00,2.25
2011.09.08 03:33:39.156,0.71542,0.71606,3.00,3.00
2011.09.08 03:33:39.926,0.71542,0.71606,3.00,3.00
2011.09.08 03:33:42.115,0.71533,0.71598,3.00,2.25
2011.09.08 03:33:42.636,0.71533,0.71598,3.00,2.25
2011.09.08 03:33:42.854,0.71534,0.716,3.00,2.25
2011.09.08 03:33:43.416,0.71538,0.71604,3.00,3.00
2011.09.08 03:33:43.895,0.71533,0.71598,3.00,2.25
2011.09.08 03:33:45.224,0.71533,0.71598,3.00,3.00
2011.09.08 03:33:45.536,0.71533,0.71598,3.00,3.00
2011.09.08 03:33:46.966,0.71533,0.71598,3.00,2.25
2011.09.08 03:33:49.284,0.71533,0.71598,3.00,3.00
2011.09.08 03:33:49.555,0.71533,0.71598,3.00,3.00
2011.09.08 03:33:50.993,0.71535,0.71599,3.00,3.00
2011.09.08 03:33:51.916,0.71535,0.71599,3.00,3.00
2011.09.08 03:33:52.415,0.71535,0.71599,3.00,3.00
2011.09.08 03:33:53.687,0.71537,0.716,3.00,3.00
2011.09.08 03:33:55.364,0.71527,0.71583,1.35,2.25
2011.09.08 03:33:55.474,0.71527,0.71591,1.35,2.25
2011.09.08 03:33:55.584,0.7153,0.71595,3.00,2.25
2011.09.08 03:33:56.218,0.7153,0.71595,3.00,3.00
2011.09.08 03:33:56.865,0.7153,0.71595,3.00,3.00
2011.09.08 03:33:57.417,0.7153,0.71595,3.00,3.00
2011.09.08 03:34:00.615,0.7153,0.71595,3.00,2.25
2011.09.08 03:34:00.855,0.71526,0.71592,3.00,2.25
2011.09.08 03:34:01.424,0.71526,0.71592,3.00,2.25
2011.09.08 03:34:04.043,0.7153,0.71595,3.00,3.00
2011.09.08 03:34:04.674,0.7153,0.71595,3.00,2.25
2011.09.08 03:34:05.939,0.7153,0.71595,3.00,3.00
2011.09.08 03:34:06.935,0.7153,0.71595,3.00,3.00
2011.09.08 03:34:07.098,0.7153,0.71595,3.00,2.25
2011.09.08 03:34:07.213,0.71534,0.71597,3.00,2.25
2011.09.08 03:34:07.829,0.71534,0.71597,3.00,3.00
2011.09.08 03:34:08.890,0.71534,0.71597,3.00,2.25
2011.09.08 03:34:18.020,0.7153,0.71595,3.00,2.25
2011.09.08 03:34:19.215,0.7153,0.71595,3.00,2.25
2011.09.08 03:34:19.736,0.7153,0.71595,3.00,3.00
2011.09.08 03:34:20.660,0.7153,0.71593,3.00,2.25
2011.09.08 03:34:20.772,0.7153,0.71593,3.00,3.00
2011.09.08 03:34:21.675,0.71529,0.71592,3.00,2.25
2011.09.08 03:34:23.192,0.71531,0.71594,3.00,3.00
2011.09.08 03:34:23.306,0.71531,0.71594,3.00,3.00
2011.09.08 03:34:23.906,0.71531,0.71594,3.00,2.25
2011.09.08 03:34:25.414,0.71531,0.71594,3.00,3.00
2011.09.08 03:34:25.996,0.71531,0.71594,3.00,3.00
2011.09.08 03:34:30.674,0.71531,0.71594,3.00,2.25
2011.09.08 03:34:31.550,0.71531,0.71594,3.00,3.00
2011.09.08 03:34:31.914,0.71531,0.71594,3.00,2.25
2011.09.08 03:34:32.105,0.71531,0.71594,3.00,3.00
2011.09.08 03:34:32.634,0.71526,0.71589,3.00,2.25
2011.09.08 03:34:33.654,0.7153,0.71596,3.00,2.25
2011.09.08 03:34:34.135,0.7153,0.71596,3.00,3.00
2011.09.08 03:34:34.243,0.7153,0.71596,3.00,2.25
2011.09.08 03:34:34.575,0.7153,0.71596,3.00,3.00
2011.09.08 03:34:37.654,0.7153,0.71596,3.00,2.25
2011.09.08 03:34:38.246,0.71531,0.71594,3.00,2.25
2011.09.08 03:34:39.417,0.71531,0.71594,3.00,3.00
2011.09.08 03:34:40.026,0.71531,0.71594,3.00,3.00
2011.09.08 03:34:40.186,0.71531,0.71594,3.00,2.25
2011.09.08 03:34:40.748,0.71531,0.71594,3.00,3.00
2011.09.08 03:34:47.996,0.71532,0.71596,3.00,3.00
2011.09.08 03:34:49.424,0.71532,0.71596,3.00,3.00
2011.09.08 03:34:54.926,0.71531,0.71597,3.00,3.00
2011.09.08 03:34:56.026,0.71531,0.71597,3.00,2.25
2011.09.08 03:35:00.544,0.71531,0.71597,3.00,3.00
2011.09.08 03:35:03.793,0.71531,0.71597,3.00,2.25
2011.09.08 03:35:04.896,0.71531,0.71597,3.00,3.00
2011.09.08 03:35:06.250,0.71531,0.71597,3.00,2.25
2011.09.08 03:35:08.564,0.71531,0.71597,3.00,2.25
2011.09.08 03:35:10.403,0.71528,0.71591,3.00,3.00
2011.09.08 03:35:10.952,0.71528,0.71591,3.00,2.25
2011.09.08 03:35:11.062,0.71531,0.71597,3.00,3.00
2011.09.08 03:35:11.773,0.71531,0.71597,3.00,3.00
2011.09.08 03:35:21.435,0.71531,0.71597,3.00,2.25
2011.09.08 03:35:21.957,0.71531,0.71594,3.00,2.25
2011.09.08 03:35:22.108,0.71531,0.71594,3.00,3.00
2011.09.08 03:35:22.222,0.71531,0.71594,3.00,2.25
2011.09.08 03:35:22.332,0.71531,0.71594,3.00,3.00
2011.09.08 03:35:22.814,0.71531,0.71594,3.00,2.25
2011.09.08 03:35:23.028,0.71531,0.71594,3.00,3.00
2011.09.08 03:35:23.664,0.71531,0.71594,3.00,2.25
2011.09.08 03:35:23.773,0.71531,0.71594,3.00,3.00
2011.09.08 03:35:24.623,0.71531,0.71594,3.00,2.25
2011.09.08 03:35:24.953,0.71535,0.71598,3.00,2.25
2011.09.08 03:35:25.965,0.71535,0.71598,3.00,3.00
2011.09.08 03:35:33.015,0.71534,0.71599,3.00,3.00
2011.09.08 03:35:34.994,0.71537,0.716,3.00,3.00
2011.09.08 03:35:36.082,0.71537,0.716,3.00,3.00
2011.09.08 03:35:36.194,0.71537,0.716,3.00,3.00
2011.09.08 03:35:36.578,0.71537,0.716,3.00,3.00
2011.09.08 03:35:36.922,0.71537,0.716,3.00,3.00
2011.09.08 03:35:37.405,0.71537,0.716,3.00,3.00
2011.09.08 03:35:37.623,0.71537,0.716,3.00,3.00
2011.09.08 03:35:37.735,0.71537,0.716,3.00,3.00
2011.09.08 03:35:38.617,0.71537,0.716,3.00,3.00
2011.09.08 03:35:39.373,0.71531,0.71597,3.00,2.25
2011.09.08 03:35:48.635,0.71533,0.71597,3.00,3.00
2011.09.08 03:35:49.151,0.71524,0.71589,3.00,2.25
2011.09.08 03:35:49.957,0.71524,0.71589,3.00,3.00
2011.09.08 03:35:59.395,0.71524,0.71588,3.00,1.35
2011.09.08 03:36:00.957,0.71519,0.71585,3.00,3.00
2011.09.08 03:36:06.787,0.71519,0.71585,3.00,2.25
2011.09.08 03:36:15.067,0.71519,0.71583,3.00,2.25
2011.09.08 03:36:18.165,0.71518,0.71581,3.00,2.25
2011.09.08 03:36:18.647,0.71515,0.71579,3.00,2.25
2011.09.08 03:36:18.863,0.71518,0.71583,3.00,2.25
2011.09.08 03:36:19.095,0.71518,0.71581,3.00,2.25
2011.09.08 03:36:19.636,0.71518,0.71581,3.00,2.25
2011.09.08 03:36:19.743,0.71518,0.71583,3.00,2.25
2011.09.08 03:36:21.712,0.71517,0.71582,3.00,2.25
2011.09.08 03:36:24.146,0.71517,0.71582,3.00,2.25
2011.09.08 03:36:24.589,0.71517,0.71582,3.00,3.00
2011.09.08 03:36:25.955,0.71519,0.71582,3.00,2.25
2011.09.08 03:36:26.726,0.71519,0.71582,3.00,3.00
2011.09.08 03:36:27.985,0.71517,0.71582,3.00,2.25
2011.09.08 03:36:33.494,0.71517,0.71582,3.00,2.85
2011.09.08 03:36:33.715,0.71504,0.71569,3.00,2.25
2011.09.08 03:36:34.482,0.71505,0.71568,3.00,2.25
2011.09.08 03:36:34.976,0.71505,0.71568,3.00,2.25
2011.09.08 03:36:35.746,0.71505,0.71568,3.00,2.25
2011.09.08 03:36:36.625,0.71505,0.71568,3.00,2.25
2011.09.08 03:36:43.115,0.71505,0.71568,3.00,2.25
2011.09.08 03:36:43.224,0.71505,0.71568,3.00,2.25
2011.09.08 03:36:43.897,0.71492,0.71555,1.35,2.25
2011.09.08 03:36:44.004,0.71504,0.71569,3.00,2.25
2011.09.08 03:36:44.113,0.71504,0.71569,3.00,2.25
2011.09.08 03:36:47.728,0.71505,0.7157,3.00,2.25
2011.09.08 03:36:49.859,0.71505,0.7157,3.00,3.00
2011.09.08 03:36:49.977,0.71498,0.71562,3.00,2.25
2011.09.08 03:36:50.537,0.71492,0.71555,3.00,2.25
2011.09.08 03:36:50.645,0.71497,0.71563,3.00,2.25
2011.09.08 03:36:50.755,0.71491,0.71557,3.00,2.25
2011.09.08 03:36:50.866,0.71497,0.71561,3.00,2.25
2011.09.08 03:37:04.995,0.71497,0.71561,3.00,2.25
2011.09.08 03:37:07.534,0.71497,0.71561,3.00,2.25
2011.09.08 03:37:09.473,0.71496,0.71562,3.00,2.25
2011.09.08 03:37:13.428,0.71496,0.71562,3.00,2.25
2011.09.08 03:37:13.655,0.715,0.71563,3.00,2.25
2011.09.08 03:37:13.874,0.71502,0.71566,3.00,2.25
2011.09.08 03:37:14.295,0.71502,0.71566,3.00,2.25
2011.09.08 03:37:17.747,0.71502,0.71566,3.00,2.25
2011.09.08 03:37:18.274,0.71502,0.71566,3.00,2.25
2011.09.08 03:37:18.384,0.71492,0.71559,3.00,2.25
2011.09.08 03:37:18.494,0.71492,0.71559,3.00,2.25
2011.09.08 03:37:18.603,0.71501,0.71567,3.00,3.00
2011.09.08 03:37:18.823,0.71498,0.71561,3.00,3.00
2011.09.08 03:37:19.286,0.71498,0.71561,3.00,2.25
2011.09.08 03:37:19.887,0.71498,0.71561,3.00,2.25
2011.09.08 03:37:20.104,0.715,0.71563,3.00,2.25
2011.09.08 03:37:20.213,0.715,0.71563,3.00,2.25
2011.09.08 03:37:20.323,0.71499,0.71562,3.00,2.25
2011.09.08 03:37:20.832,0.71499,0.71562,3.00,2.25
2011.09.08 03:37:22.944,0.71499,0.71562,3.00,2.25
2011.09.08 03:37:23.163,0.71489,0.71555,3.00,2.25
2011.09.08 03:37:23.743,0.71485,0.7155,3.00,2.25
2011.09.08 03:37:25.773,0.71502,0.71555,0.75,1.35
2011.09.08 03:37:26.655,0.71476,0.71558,1.35,1.35
2011.09.08 03:37:27.068,0.71476,0.71557,1.35,1.35
2011.09.08 03:37:28.175,0.71485,0.7155,3.00,2.25
2011.09.08 03:37:33.075,0.71485,0.7155,3.00,2.25
2011.09.08 03:37:33.183,0.71481,0.71546,3.00,2.25
2011.09.08 03:37:33.404,0.71485,0.7155,3.00,3.00
2011.09.08 03:37:34.356,0.71485,0.7155,3.00,3.00
2011.09.08 03:37:35.045,0.71485,0.7155,3.00,2.25
2011.09.08 03:37:35.169,0.7148,0.71545,3.00,2.25
2011.09.08 03:37:35.835,0.71486,0.71549,3.00,2.25
2011.09.08 03:37:37.089,0.71484,0.71549,3.00,3.00
2011.09.08 03:37:37.423,0.71486,0.71549,3.00,3.00
2011.09.08 03:37:38.556,0.71486,0.71549,3.00,3.00
2011.09.08 03:37:40.283,0.71489,0.71555,3.00,3.00
2011.09.08 03:37:41.959,0.71486,0.71549,3.00,3.00
2011.09.08 03:37:43.693,0.7149,0.71554,3.00,3.00
2011.09.08 03:37:44.495,0.71485,0.7155,3.00,2.25
2011.09.08 03:37:45.267,0.71485,0.7155,3.00,3.00
2011.09.08 03:37:45.707,0.71485,0.7155,3.00,2.25
2011.09.08 03:37:46.273,0.71485,0.7155,3.00,3.00
2011.09.08 03:37:46.816,0.71484,0.71548,3.00,3.60
2011.09.08 03:37:47.598,0.71485,0.71548,3.00,2.85
2011.09.08 03:37:48.076,0.71485,0.71548,3.00,3.60
2011.09.08 03:37:49.574,0.71485,0.71548,3.00,3.00
2011.09.08 03:37:50.453,0.71484,0.71548,3.00,2.25
2011.09.08 03:37:50.844,0.71487,0.7155,3.00,2.25
2011.09.08 03:37:50.954,0.71486,0.71549,3.00,3.00
2011.09.08 03:37:51.604,0.71486,0.71549,3.00,3.00
2011.09.08 03:37:52.547,0.71486,0.71549,3.00,3.00
2011.09.08 03:37:54.524,0.71486,0.71549,3.00,3.00
2011.09.08 03:37:56.164,0.71481,0.71546,3.00,3.00
2011.09.08 03:37:56.997,0.71481,0.71546,3.00,3.00
2011.09.08 03:37:57.445,0.71482,0.71545,3.00,2.25
2011.09.08 03:37:58.492,0.7148,0.71545,3.00,3.00
2011.09.08 03:37:58.596,0.71482,0.71548,3.00,3.00
2011.09.08 03:37:59.133,0.71482,0.71548,3.00,3.00
2011.09.08 03:38:01.041,0.71482,0.71548,3.00,3.00
2011.09.08 03:38:02.466,0.71482,0.71548,3.00,3.00
2011.09.08 03:38:07.103,0.71478,0.71542,1.35,2.25
2011.09.08 03:38:08.505,0.71478,0.71542,1.35,3.00
2011.09.08 03:38:09.070,0.71478,0.7154,1.35,2.25
2011.09.08 03:38:10.028,0.71476,0.7154,3.00,2.85
2011.09.08 03:38:11.107,0.71476,0.71539,3.00,1.35
2011.09.08 03:38:11.215,0.71476,0.71539,3.00,1.35
2011.09.08 03:38:13.836,0.71476,0.71534,3.00,1.35
2011.09.08 03:38:14.995,0.71476,0.71538,3.00,1.35
2011.09.08 03:38:16.086,0.71474,0.71534,3.60,1.35
2011.09.08 03:38:16.414,0.71474,0.71537,3.60,2.85
2011.09.08 03:38:19.007,0.71477,0.71541,3.00,2.85
2011.09.08 03:38:19.677,0.71477,0.71541,3.00,2.85
2011.09.08 03:38:20.675,0.71477,0.71541,3.00,2.85
2011.09.08 03:38:20.855,0.71477,0.71541,3.00,2.85
2011.09.08 03:38:20.964,0.71477,0.71541,3.00,2.25
2011.09.08 03:38:24.912,0.71482,0.71545,3.00,3.00
2011.09.08 03:38:25.853,0.71482,0.71545,3.00,3.00
2011.09.08 03:38:26.370,0.71477,0.71541,3.00,2.25
2011.09.08 03:38:27.062,0.71477,0.71541,3.00,3.00
2011.09.08 03:38:27.416,0.71477,0.71541,3.00,2.25
2011.09.08 03:38:27.540,0.7148,0.71546,3.00,3.60
2011.09.08 03:38:27.650,0.7148,0.71546,3.00,3.60
2011.09.08 03:38:27.876,0.71477,0.71541,3.00,2.25
2011.09.08 03:38:28.181,0.71477,0.71542,3.00,3.00
2011.09.08 03:38:29.800,0.71477,0.71542,3.00,3.00
2011.09.08 03:38:30.841,0.7148,0.71546,3.00,3.60
2011.09.08 03:38:30.952,0.7148,0.71546,3.00,3.60
2011.09.08 03:38:32.666,0.71482,0.71546,3.00,3.60
2011.09.08 03:38:32.783,0.71482,0.71546,3.00,3.60
2011.09.08 03:38:33.061,0.71482,0.71546,3.00,3.60
2011.09.08 03:38:33.828,0.7148,0.71543,3.00,3.00
2011.09.08 03:38:34.591,0.7148,0.71543,3.00,3.00
2011.09.08 03:38:34.931,0.71481,0.71544,3.00,3.00
2011.09.08 03:38:35.602,0.71481,0.71545,3.00,3.00
2011.09.08 03:38:39.435,0.71479,0.71544,3.00,3.00
2011.09.08 03:38:40.774,0.71479,0.71544,3.00,3.00
2011.09.08 03:38:46.434,0.71479,0.71544,3.00,3.00
2011.09.08 03:38:46.772,0.71479,0.71544,3.00,3.00
2011.09.08 03:38:47.542,0.71479,0.71544,3.00,3.00
2011.09.08 03:38:48.743,0.71479,0.71544,3.00,3.00
2011.09.08 03:38:49.674,0.71479,0.71544,3.00,3.00
2011.09.08 03:38:54.230,0.71479,0.71544,3.00,3.00
2011.09.08 03:38:55.993,0.71479,0.71544,3.00,3.00
2011.09.08 03:39:01.893,0.71479,0.71544,3.00,3.00
2011.09.08 03:39:02.003,0.71479,0.71532,3.00,2.10
2011.09.08 03:39:02.222,0.71462,0.71527,3.00,2.85
2011.09.08 03:39:02.490,0.71462,0.71527,3.00,2.85
2011.09.08 03:39:02.822,0.71458,0.71522,3.00,2.85
2011.09.08 03:39:04.126,0.71454,0.71518,3.00,2.85
2011.09.08 03:39:04.350,0.71451,0.71514,3.00,2.25
2011.09.08 03:39:04.841,0.7145,0.71513,1.35,2.25
2011.09.08 03:39:05.502,0.71452,0.71517,3.00,2.25
2011.09.08 03:39:06.118,0.71452,0.71515,3.00,2.25
2011.09.08 03:39:06.561,0.71455,0.71518,3.00,2.85
2011.09.08 03:39:07.462,0.71454,0.71518,3.00,3.60
2011.09.08 03:39:08.292,0.71454,0.71518,3.00,3.60
2011.09.08 03:39:08.622,0.71457,0.71523,3.00,2.85
2011.09.08 03:39:10.218,0.71456,0.71519,3.00,1.35
2011.09.08 03:39:10.445,0.71456,0.71521,3.00,2.85
2011.09.08 03:39:11.951,0.71453,0.71516,3.00,2.25
2011.09.08 03:39:12.771,0.71455,0.71518,3.00,3.60
2011.09.08 03:39:12.991,0.71453,0.71519,3.00,3.60
2011.09.08 03:39:13.321,0.71455,0.71518,3.00,3.60
2011.09.08 03:39:13.646,0.71453,0.71518,3.00,1.35
2011.09.08 03:39:14.020,0.71453,0.71518,3.00,1.35
2011.09.08 03:39:15.010,0.71458,0.71523,3.00,3.00
2011.09.08 03:39:15.903,0.71457,0.71522,3.00,3.00
2011.09.08 03:39:16.471,0.71457,0.71522,3.00,2.25
2011.09.08 03:39:17.227,0.71452,0.71518,3.00,2.25
2011.09.08 03:39:17.493,0.71448,0.71514,3.00,2.25
2011.09.08 03:39:17.601,0.71448,0.71514,3.00,2.25
2011.09.08 03:39:17.711,0.71446,0.7151,1.35,2.25
2011.09.08 03:39:17.822,0.71446,0.7151,1.35,2.25
2011.09.08 03:39:17.931,0.71448,0.71512,3.00,2.25
2011.09.08 03:39:18.152,0.71454,0.71517,3.00,2.25
2011.09.08 03:39:18.711,0.71446,0.71508,1.35,2.25
2011.09.08 03:39:19.381,0.71446,0.71508,1.35,2.25
2011.09.08 03:39:20.351,0.71446,0.7151,1.35,2.25
2011.09.08 03:39:20.991,0.71446,0.7151,1.35,2.25
2011.09.08 03:39:21.122,0.71449,0.71515,3.00,3.00
2011.09.08 03:39:22.490,0.71449,0.71515,3.00,3.00
2011.09.08 03:39:23.151,0.71449,0.71515,3.00,2.25
2011.09.08 03:39:24.672,0.71449,0.71515,3.00,2.25
2011.09.08 03:39:24.891,0.71455,0.71518,3.00,3.00
2011.09.08 03:39:25.724,0.71455,0.71518,3.00,2.25
2011.09.08 03:39:26.549,0.71458,0.71523,3.00,3.00
2011.09.08 03:39:26.660,0.71458,0.71523,3.00,2.25
2011.09.08 03:39:26.770,0.71446,0.71509,3.60,2.25
2011.09.08 03:39:27.303,0.71446,0.71509,3.60,2.25
2011.09.08 03:39:27.498,0.71446,0.71509,3.60,2.25
2011.09.08 03:39:27.614,0.71448,0.71513,3.00,2.25
2011.09.08 03:39:28.350,0.71456,0.71522,3.00,3.00
2011.09.08 03:39:28.460,0.71456,0.71522,3.00,2.25
2011.09.08 03:39:29.827,0.71453,0.71516,3.00,2.25
2011.09.08 03:39:30.334,0.71453,0.71516,3.00,2.25
2011.09.08 03:39:33.172,0.71456,0.71516,1.13,2.25
2011.09.08 03:39:33.392,0.71466,0.71529,3.00,3.00
2011.09.08 03:39:33.610,0.71469,0.71534,2.25,3.00
2011.09.08 03:39:33.981,0.71469,0.71534,3.00,3.00
2011.09.08 03:39:34.363,0.71473,0.71539,3.00,3.00
2011.09.08 03:39:34.690,0.71479,0.71542,2.25,3.00
2011.09.08 03:39:34.800,0.71474,0.71538,3.00,3.00
2011.09.08 03:39:35.020,0.71474,0.71538,2.25,3.00
2011.09.08 03:39:35.131,0.71464,0.71531,3.00,2.25
2011.09.08 03:39:35.350,0.71469,0.71534,3.00,3.00
2011.09.08 03:39:36.892,0.71469,0.71534,3.00,3.00
2011.09.08 03:39:37.443,0.71469,0.71534,3.00,3.00
2011.09.08 03:39:38.283,0.71466,0.71531,3.00,2.25
2011.09.08 03:39:38.713,0.71462,0.71526,3.00,2.25
2011.09.08 03:39:39.216,0.71462,0.71526,3.00,2.25
2011.09.08 03:39:40.171,0.71462,0.71526,3.00,3.00
2011.09.08 03:39:41.952,0.71457,0.71523,3.60,2.25
2011.09.08 03:39:45.937,0.71457,0.71523,3.60,2.25
2011.09.08 03:39:46.160,0.71458,0.71517,1.35,2.25
2011.09.08 03:39:46.903,0.71458,0.71517,1.35,2.25
2011.09.08 03:39:57.473,0.71458,0.71517,1.35,3.00
2011.09.08 03:40:02.900,0.71458,0.71521,1.35,3.00
2011.09.08 03:40:03.963,0.71458,0.71521,1.35,2.25
2011.09.08 03:40:07.912,0.7146,0.71524,3.00,1.35
2011.09.08 03:40:08.231,0.71469,0.71526,1.35,3.00
2011.09.08 03:40:09.672,0.71469,0.71528,1.35,3.60
2011.09.08 03:40:11.418,0.71473,0.71528,3.00,1.35
2011.09.08 03:40:11.532,0.7148,0.71538,1.35,3.60
2011.09.08 03:40:11.763,0.7148,0.71538,1.35,3.60
2011.09.08 03:40:14.404,0.7148,0.71538,1.35,3.60
2011.09.08 03:40:14.613,0.7148,0.71538,1.35,3.60
2011.09.08 03:40:17.706,0.7148,0.71538,1.35,2.85
2011.09.08 03:40:18.134,0.7148,0.71538,1.35,3.60
2011.09.08 03:40:19.463,0.7148,0.71538,1.35,2.85
2011.09.08 03:40:20.033,0.7148,0.71538,1.35,3.60
2011.09.08 03:40:20.142,0.7148,0.71538,1.35,3.60
2011.09.08 03:40:21.423,0.7148,0.71538,1.35,3.60
2011.09.08 03:40:25.761,0.7148,0.71538,1.35,3.60
2011.09.08 03:40:25.981,0.7148,0.71542,1.35,2.25
2011.09.08 03:40:26.924,0.7148,0.71542,1.35,2.25
2011.09.08 03:40:29.244,0.7148,0.7154,1.35,2.25
2011.09.08 03:40:29.947,0.7148,0.71539,1.35,2.25
2011.09.08 03:40:30.410,0.71479,0.71544,3.00,3.00
2011.09.08 03:40:30.630,0.71479,0.71543,3.00,3.00
2011.09.08 03:40:31.163,0.71476,0.71539,3.00,2.25
2011.09.08 03:40:31.965,0.71471,0.71536,3.00,2.25
2011.09.08 03:40:32.074,0.71474,0.71538,3.00,3.00
2011.09.08 03:40:32.541,0.71472,0.71538,3.00,2.25
2011.09.08 03:40:32.651,0.71473,0.71537,3.00,2.25
2011.09.08 03:40:35.757,0.71476,0.71539,3.00,3.00
2011.09.08 03:40:36.293,0.71476,0.71539,3.00,2.25
2011.09.08 03:40:36.400,0.71477,0.71542,3.00,2.25
2011.09.08 03:40:37.153,0.71477,0.71542,3.00,3.00
2011.09.08 03:40:37.370,0.71482,0.71548,3.00,3.00
2011.09.08 03:40:37.481,0.71484,0.71548,3.00,3.00
2011.09.08 03:40:38.692,0.71483,0.71547,3.00,3.00
2011.09.08 03:40:39.033,0.71486,0.71549,3.00,3.60
2011.09.08 03:40:39.210,0.71486,0.71549,3.00,3.60
2011.09.08 03:40:39.431,0.71482,0.71547,3.00,3.00
2011.09.08 03:40:39.585,0.71482,0.71547,3.00,2.25
2011.09.08 03:40:39.701,0.71482,0.71547,3.00,2.25
2011.09.08 03:40:40.584,0.71483,0.71549,3.00,3.60
2011.09.08 03:40:40.701,0.71483,0.71549,3.00,3.60
2011.09.08 03:40:41.292,0.71481,0.71546,3.00,2.25
2011.09.08 03:40:41.966,0.71483,0.71547,3.00,2.25
2011.09.08 03:40:45.790,0.71483,0.71547,3.00,3.00
2011.09.08 03:40:45.902,0.71476,0.71541,3.00,2.25
2011.09.08 03:40:46.010,0.71482,0.71548,3.00,3.00
2011.09.08 03:40:47.033,0.71482,0.71548,3.00,3.00
2011.09.08 03:40:47.359,0.71481,0.71546,3.00,2.25
2011.09.08 03:40:47.473,0.71479,0.71543,3.00,2.25
2011.09.08 03:40:48.402,0.7148,0.71543,3.00,2.25
2011.09.08 03:40:49.602,0.71474,0.71539,3.00,2.25
2011.09.08 03:40:50.270,0.71471,0.71534,3.00,2.25
2011.09.08 03:40:50.935,0.71471,0.71534,3.00,2.25
2011.09.08 03:40:51.923,0.71471,0.71534,3.00,2.25
2011.09.08 03:40:55.652,0.71471,0.71534,3.00,2.25
2011.09.08 03:40:55.760,0.71472,0.71536,3.00,2.25
2011.09.08 03:40:56.938,0.71472,0.71536,3.00,2.25
2011.09.08 03:40:57.482,0.71474,0.71537,3.00,2.25
2011.09.08 03:40:58.392,0.71472,0.71538,3.00,2.25
2011.09.08 03:40:59.421,0.71471,0.71536,3.00,2.25
2011.09.08 03:41:03.581,0.71471,0.71536,3.00,3.00
2011.09.08 03:41:03.799,0.71468,0.71532,3.00,2.25
2011.09.08 03:41:04.324,0.71468,0.71533,3.00,2.25
2011.09.08 03:41:04.730,0.71468,0.71532,3.00,2.25
2011.09.08 03:41:05.320,0.71472,0.71535,3.00,3.00
2011.09.08 03:41:06.552,0.71472,0.71535,3.00,2.25
2011.09.08 03:41:06.771,0.71475,0.7154,3.00,3.00
2011.09.08 03:41:07.982,0.71475,0.7154,3.00,3.00
2011.09.08 03:41:08.411,0.71475,0.7154,3.00,3.00
2011.09.08 03:41:09.371,0.71467,0.71532,1.35,2.25
2011.09.08 03:41:10.031,0.71466,0.71532,3.00,2.85
2011.09.08 03:41:10.251,0.71463,0.71526,3.00,2.25
2011.09.08 03:41:11.231,0.71463,0.71526,3.00,2.25
2011.09.08 03:41:11.342,0.71463,0.71526,3.00,3.00
2011.09.08 03:41:11.452,0.71458,0.71518,1.35,2.25
2011.09.08 03:41:11.673,0.71459,0.71522,3.00,2.25
2011.09.08 03:41:12.241,0.71459,0.71524,3.00,2.25
2011.09.08 03:41:12.352,0.7146,0.71524,3.00,2.25
2011.09.08 03:41:12.961,0.7146,0.71524,3.00,2.25
2011.09.08 03:41:13.154,0.7146,0.71524,3.00,2.25
2011.09.08 03:41:13.282,0.71464,0.71529,3.00,2.85
2011.09.08 03:41:13.500,0.71464,0.71528,3.00,1.35
2011.09.08 03:41:15.384,0.71464,0.71528,3.00,1.35
2011.09.08 03:41:15.490,0.71464,0.71528,3.00,1.35
2011.09.08 03:41:17.390,0.71468,0.71529,3.00,1.35
2011.09.08 03:41:20.892,0.71464,0.71528,3.00,1.35
2011.09.08 03:41:28.111,0.71473,0.71529,3.00,1.35
2011.09.08 03:41:28.561,0.71476,0.7154,3.00,3.00
2011.09.08 03:41:37.671,0.71475,0.7154,3.00,3.00
2011.09.08 03:41:38.174,0.71475,0.7154,3.00,3.00
2011.09.08 03:41:38.396,0.71475,0.7154,3.00,3.00
2011.09.08 03:41:39.364,0.71473,0.71537,3.00,2.25
2011.09.08 03:41:39.471,0.71471,0.71534,3.00,3.00
2011.09.08 03:41:40.085,0.7147,0.71533,3.00,2.25
2011.09.08 03:41:40.796,0.71471,0.71534,3.00,3.00
2011.09.08 03:41:44.063,0.71471,0.71535,3.00,2.25
2011.09.08 03:41:44.198,0.71473,0.71537,3.00,2.25
2011.09.08 03:41:45.993,0.71471,0.71537,3.00,3.00
2011.09.08 03:41:47.224,0.71471,0.71537,3.00,3.00
2011.09.08 03:41:49.031,0.71477,0.7154,3.00,3.00
2011.09.08 03:41:49.440,0.71477,0.7154,3.00,3.00
2011.09.08 03:41:50.020,0.71485,0.71549,3.00,3.00
2011.09.08 03:41:50.801,0.71485,0.71549,3.00,3.00
2011.09.08 03:41:54.311,0.71485,0.71549,3.00,3.00
2011.09.08 03:41:56.439,0.71485,0.71549,3.00,3.00
2011.09.08 03:41:56.781,0.71484,0.71544,1.35,2.25
2011.09.08 03:41:56.891,0.71484,0.71544,1.35,3.00
2011.09.08 03:41:57.221,0.71484,0.71545,1.35,2.25
2011.09.08 03:41:57.442,0.71484,0.71545,1.35,2.25
2011.09.08 03:41:57.552,0.71486,0.7155,3.00,3.00
2011.09.08 03:41:57.660,0.71486,0.7155,3.00,2.25
2011.09.08 03:41:57.962,0.71486,0.7155,3.00,3.00
2011.09.08 03:41:58.370,0.71491,0.71554,3.00,3.00
2011.09.08 03:41:58.480,0.71495,0.7156,3.00,3.60
2011.09.08 03:41:59.290,0.71501,0.7156,2.25,1.35
2011.09.08 03:41:59.613,0.71501,0.7156,3.00,1.35
2011.09.08 03:42:00.881,0.71501,0.7156,3.00,1.35
2011.09.08 03:42:01.100,0.71501,0.7156,3.00,1.35
2011.09.08 03:42:01.373,0.71501,0.71564,3.00,3.00
2011.09.08 03:42:02.913,0.71501,0.71564,3.00,3.00
2011.09.08 03:42:04.019,0.71501,0.71564,3.00,3.00
2011.09.08 03:42:08.691,0.71501,0.71564,3.00,2.25
2011.09.08 03:42:08.799,0.71505,0.71568,3.00,3.00
2011.09.08 03:42:09.732,0.71505,0.71568,3.00,3.00
2011.09.08 03:42:12.373,0.71505,0.71568,3.00,3.00
2011.09.08 03:42:12.700,0.71501,0.71564,3.00,2.25
2011.09.08 03:42:13.801,0.71501,0.71564,3.00,3.00
2011.09.08 03:42:14.352,0.71501,0.71564,3.00,2.25
2011.09.08 03:42:14.571,0.71504,0.71569,3.00,3.00
2011.09.08 03:42:15.355,0.71504,0.71569,3.00,3.00
2011.09.08 03:42:16.198,0.71504,0.71569,3.00,3.00
2011.09.08 03:42:17.551,0.71504,0.71569,3.00,3.00
2011.09.08 03:42:29.090,0.71509,0.71573,3.60,3.00
2011.09.08 03:42:30.603,0.71509,0.71573,3.60,3.00
2011.09.08 03:42:30.712,0.71509,0.71573,3.60,3.00
2011.09.08 03:42:31.374,0.71514,0.71577,3.00,3.00
2011.09.08 03:42:31.913,0.71514,0.71577,3.00,3.00
2011.09.08 03:42:45.884,0.71515,0.71579,3.00,3.00
2011.09.08 03:42:49.022,0.71516,0.71579,3.00,2.25
2011.09.08 03:42:49.144,0.71516,0.71579,3.00,3.00
2011.09.08 03:42:53.842,0.71513,0.71579,3.00,2.25
2011.09.08 03:42:53.951,0.71513,0.71579,3.00,3.00
2011.09.08 03:42:56.859,0.71513,0.71579,3.00,3.00
2011.09.08 03:42:58.288,0.71513,0.71579,3.00,3.00
2011.09.08 03:43:04.012,0.71514,0.7158,3.00,3.00
2011.09.08 03:43:05.424,0.71514,0.7158,3.00,3.00
2011.09.08 03:43:05.741,0.71514,0.7158,3.00,3.00
2011.09.08 03:43:05.851,0.71511,0.71574,3.00,2.25
2011.09.08 03:43:05.961,0.71511,0.71574,3.00,3.00
2011.09.08 03:43:06.924,0.71511,0.71574,3.00,3.00
2011.09.08 03:43:12.544,0.71511,0.71576,3.00,3.00
2011.09.08 03:43:15.181,0.71509,0.71575,3.60,3.00
2011.09.08 03:43:17.051,0.71512,0.71575,3.00,3.00
2011.09.08 03:43:17.383,0.71512,0.71575,3.00,3.00
2011.09.08 03:43:23.223,0.71512,0.71575,3.00,2.25
2011.09.08 03:43:23.540,0.71512,0.71575,3.00,3.00
2011.09.08 03:43:26.233,0.71514,0.71577,3.00,2.25
2011.09.08 03:43:26.955,0.71514,0.71577,3.00,2.25
2011.09.08 03:43:27.491,0.71513,0.71578,3.00,3.00
2011.09.08 03:43:36.192,0.71513,0.71578,3.00,2.25
2011.09.08 03:43:38.010,0.71518,0.71581,3.00,3.00
2011.09.08 03:43:38.944,0.71518,0.71581,3.00,3.00
2011.09.08 03:43:41.712,0.71518,0.71581,3.00,2.25
2011.09.08 03:43:44.893,0.71518,0.71581,3.00,3.00
2011.09.08 03:43:45.111,0.71518,0.71581,3.00,2.25
2011.09.08 03:43:53.306,0.71518,0.71581,3.00,3.00
2011.09.08 03:43:57.501,0.71518,0.7158,3.00,1.35
2011.09.08 03:43:57.721,0.71505,0.71568,3.00,2.25
2011.09.08 03:43:58.972,0.71505,0.71568,3.00,2.25
2011.09.08 03:44:08.071,0.71501,0.71564,3.00,2.25
2011.09.08 03:44:08.325,0.71501,0.71564,3.00,2.25
2011.09.08 03:44:08.662,0.71501,0.71564,3.00,3.00
2011.09.08 03:44:09.251,0.71501,0.71564,3.00,3.00
2011.09.08 03:44:16.991,0.71503,0.71568,3.00,3.00
2011.09.08 03:44:17.841,0.71503,0.71568,3.00,3.00
2011.09.08 03:44:18.880,0.71503,0.71568,3.00,3.00
2011.09.08 03:44:21.511,0.71508,0.71572,3.00,3.00
2011.09.08 03:44:23.522,0.71504,0.71569,3.00,3.00
2011.09.08 03:44:26.165,0.715,0.71563,3.00,3.00
2011.09.08 03:44:26.993,0.715,0.71563,3.00,3.00
2011.09.08 03:44:27.482,0.71502,0.71566,3.00,3.00
2011.09.08 03:44:34.033,0.71502,0.71566,3.00,3.00
2011.09.08 03:44:43.213,0.71497,0.71563,3.00,2.25
2011.09.08 03:44:43.465,0.71497,0.71563,3.00,3.00
2011.09.08 03:44:44.992,0.71497,0.7156,3.00,3.00
2011.09.08 03:44:47.580,0.71497,0.71563,3.00,3.00
2011.09.08 03:44:48.941,0.71497,0.71563,3.00,3.00
2011.09.08 03:44:49.516,0.71497,0.71563,3.00,3.00
2011.09.08 03:44:57.481,0.71497,0.71563,3.00,3.00
2011.09.08 03:44:59.110,0.71497,0.7156,3.00,3.00
2011.09.08 03:45:00.622,0.71497,0.7156,3.00,3.00
2011.09.08 03:45:01.601,0.71498,0.71562,3.00,3.00
2011.09.08 03:45:02.261,0.71498,0.71562,2.25,3.00
2011.09.08 03:45:02.372,0.7148,0.71554,3.00,3.00
2011.09.08 03:45:03.001,0.71489,0.71554,3.00,3.00
2011.09.08 03:45:03.971,0.71493,0.71558,3.00,3.00
2011.09.08 03:45:04.985,0.71493,0.71558,3.00,3.00
2011.09.08 03:45:05.649,0.71493,0.71558,3.00,3.00
2011.09.08 03:45:06.624,0.71493,0.71558,3.00,3.00
2011.09.08 03:45:06.741,0.71493,0.71558,3.00,3.00
2011.09.08 03:45:07.842,0.71493,0.71558,3.00,3.00
2011.09.08 03:45:13.637,0.71493,0.71558,3.00,3.00
2011.09.08 03:45:13.751,0.71493,0.71558,3.00,3.00
2011.09.08 03:45:13.982,0.71499,0.71562,2.25,1.35
2011.09.08 03:45:14.556,0.71502,0.71566,3.00,3.00
2011.09.08 03:45:14.881,0.71497,0.71562,3.00,3.00
2011.09.08 03:45:15.103,0.71497,0.71562,3.00,3.00
2011.09.08 03:45:15.833,0.71497,0.71562,3.00,3.00
2011.09.08 03:45:16.532,0.71497,0.71562,3.00,3.00
2011.09.08 03:45:19.842,0.71496,0.7156,3.00,2.25
2011.09.08 03:45:20.042,0.71496,0.7156,3.00,3.00
2011.09.08 03:45:34.663,0.71496,0.7156,3.00,3.00
2011.09.08 03:45:35.481,0.71495,0.71561,2.25,3.00
2011.09.08 03:45:35.590,0.71487,0.71552,3.00,3.00
2011.09.08 03:45:35.809,0.71483,0.71546,3.00,2.25
2011.09.08 03:45:36.031,0.71487,0.7155,3.00,3.00
2011.09.08 03:45:36.140,0.71487,0.7155,3.00,2.25
2011.09.08 03:45:36.977,0.71487,0.7155,3.00,3.00
2011.09.08 03:45:41.153,0.71487,0.7155,3.00,3.00
2011.09.08 03:45:41.433,0.71487,0.7155,3.00,3.00
2011.09.08 03:45:42.913,0.71484,0.71546,1.35,3.00
2011.09.08 03:45:47.425,0.71484,0.7155,3.60,3.00
2011.09.08 03:45:56.901,0.71497,0.71553,2.25,1.35
2011.09.08 03:45:57.010,0.71487,0.7155,3.00,3.00
2011.09.08 03:45:57.121,0.7149,0.71553,3.00,1.35
2011.09.08 03:45:57.600,0.71492,0.71553,2.25,1.35
2011.09.08 03:45:59.985,0.71492,0.71553,3.00,1.35
2011.09.08 03:46:03.254,0.71492,0.71553,3.00,1.35
2011.09.08 03:46:03.362,0.71492,0.71553,2.25,1.35
2011.09.08 03:46:03.471,0.71485,0.7155,3.00,3.00
2011.09.08 03:46:03.583,0.71486,0.71551,3.00,3.00
2011.09.08 03:46:05.610,0.71493,0.71553,2.25,1.35
2011.09.08 03:46:05.841,0.71493,0.71553,2.25,1.35
2011.09.08 03:46:05.953,0.71489,0.71553,2.25,1.35
2011.09.08 03:46:06.473,0.71489,0.71553,2.25,1.35
2011.09.08 03:46:06.581,0.7148,0.71547,3.00,3.00
2011.09.08 03:46:06.801,0.71485,0.7155,2.25,3.00
2011.09.08 03:46:06.925,0.71485,0.7155,3.00,3.00
2011.09.08 03:46:09.563,0.71485,0.7155,3.00,3.00
2011.09.08 03:46:10.626,0.71485,0.7155,3.00,3.00
2011.09.08 03:46:11.545,0.71485,0.7155,3.00,3.00
2011.09.08 03:46:25.862,0.7149,0.71554,3.00,3.00
2011.09.08 03:46:26.143,0.7149,0.71554,2.25,3.00
2011.09.08 03:46:26.253,0.7148,0.71547,3.00,3.00
2011.09.08 03:46:26.500,0.71485,0.7155,3.00,3.00
2011.09.08 03:46:27.953,0.71489,0.71555,3.00,3.00
2011.09.08 03:46:29.456,0.71489,0.71555,3.00,3.00
2011.09.08 03:46:29.995,0.71491,0.71556,3.00,3.00
2011.09.08 03:46:30.163,0.71491,0.71556,3.00,3.00
2011.09.08 03:46:30.272,0.71491,0.71556,3.00,3.00
2011.09.08 03:46:30.770,0.71491,0.71556,3.00,3.00
2011.09.08 03:46:30.985,0.71491,0.71556,3.00,3.00
2011.09.08 03:46:33.150,0.71491,0.71556,3.00,3.00
2011.09.08 03:46:36.994,0.71491,0.71556,3.00,3.00
2011.09.08 03:46:37.576,0.71491,0.71556,3.00,3.00
2011.09.08 03:46:38.161,0.7149,0.71554,3.00,3.00
2011.09.08 03:46:39.541,0.71488,0.71552,3.00,3.00
2011.09.08 03:46:39.650,0.71488,0.71552,3.00,3.00
2011.09.08 03:46:46.613,0.71488,0.71552,3.00,3.00
2011.09.08 03:46:46.940,0.71483,0.71549,3.00,3.00
2011.09.08 03:46:47.160,0.71479,0.71544,3.00,3.00
2011.09.08 03:46:47.271,0.71473,0.71536,1.35,2.25
2011.09.08 03:46:47.711,0.71473,0.71536,3.60,2.25
2011.09.08 03:46:48.975,0.71473,0.71536,3.60,2.25
2011.09.08 03:46:49.963,0.71473,0.71536,3.60,3.00
2011.09.08 03:47:03.325,0.71476,0.71542,3.00,3.00
2011.09.08 03:47:04.180,0.71476,0.71542,3.00,3.00
2011.09.08 03:47:06.501,0.71477,0.71534,3.00,1.35
2011.09.08 03:47:06.853,0.71477,0.71534,3.00,1.35
2011.09.08 03:47:07.955,0.71475,0.71534,1.35,1.35
2011.09.08 03:47:09.333,0.71475,0.71534,1.35,1.35
2011.09.08 03:47:10.865,0.71475,0.71534,1.35,1.35
2011.09.08 03:47:12.244,0.71475,0.71534,1.35,1.35
2011.09.08 03:47:15.351,0.71475,0.71534,1.35,1.35
2011.09.08 03:47:15.571,0.71475,0.71534,1.35,1.35
2011.09.08 03:47:18.380,0.71475,0.71534,1.35,1.35
2011.09.08 03:47:19.921,0.71475,0.71534,1.35,1.35
2011.09.08 03:47:24.382,0.71479,0.71542,3.00,3.00
2011.09.08 03:47:24.672,0.71479,0.71542,3.00,3.00
2011.09.08 03:47:25.164,0.71479,0.71542,3.00,3.00
2011.09.08 03:47:25.446,0.71479,0.71542,3.00,3.00
2011.09.08 03:47:27.643,0.71478,0.71543,3.00,3.00
2011.09.08 03:47:37.241,0.71479,0.71542,3.00,3.00
2011.09.08 03:47:37.904,0.71476,0.71538,1.35,3.00
2011.09.08 03:47:38.835,0.71476,0.71538,1.35,3.00
2011.09.08 03:47:39.992,0.71476,0.71538,1.35,2.25
2011.09.08 03:47:44.945,0.71476,0.71538,1.35,2.25
2011.09.08 03:47:50.063,0.71476,0.71538,1.35,3.00
2011.09.08 03:47:50.502,0.7147,0.71531,1.35,1.35
2011.09.08 03:48:04.294,0.7147,0.71533,1.35,1.35
2011.09.08 03:48:05.144,0.7147,0.71534,1.35,2.85
2011.09.08 03:48:05.255,0.7147,0.71533,1.35,1.35
2011.09.08 03:48:08.023,0.71484,0.71534,1.35,2.25
2011.09.08 03:48:08.132,0.71484,0.71543,1.35,1.35
2011.09.08 03:48:08.242,0.71484,0.71542,1.35,1.35
2011.09.08 03:48:08.853,0.71484,0.71544,1.35,1.35
2011.09.08 03:48:09.281,0.71486,0.71547,1.35,3.00
2011.09.08 03:48:09.397,0.7149,0.71554,2.25,1.35
2011.09.08 03:48:11.055,0.7149,0.71554,3.00,1.35
2011.09.08 03:48:23.605,0.7149,0.71554,3.00,1.35
2011.09.08 03:48:26.404,0.7149,0.71554,3.00,1.35
2011.09.08 03:48:51.683,0.71488,0.71551,1.35,3.00
2011.09.08 03:48:52.012,0.71482,0.71543,3.60,1.35
2011.09.08 03:48:52.893,0.71482,0.71541,1.35,3.60
2011.09.08 03:48:53.994,0.71482,0.71541,1.35,3.60
2011.09.08 03:48:57.072,0.71486,0.71551,3.00,3.00
2011.09.08 03:48:57.953,0.71486,0.71551,3.00,3.00
2011.09.08 03:49:17.614,0.71491,0.71546,1.35,3.00
2011.09.08 03:49:19.523,0.71491,0.71546,1.35,3.00
2011.09.08 03:49:26.182,0.71491,0.71551,1.35,3.60
2011.09.08 03:49:26.401,0.71487,0.71551,1.35,3.00
2011.09.08 03:49:28.453,0.7149,0.71555,3.00,3.00
2011.09.08 03:49:28.832,0.7149,0.71555,3.00,3.00
2011.09.08 03:49:30.160,0.7149,0.71555,3.00,3.00
2011.09.08 03:49:30.653,0.7149,0.71555,3.00,3.00
2011.09.08 03:49:47.925,0.7149,0.71555,3.00,3.00
2011.09.08 03:49:49.210,0.7149,0.71555,3.00,3.00
2011.09.08 03:49:50.843,0.7149,0.71546,1.35,3.00
2011.09.08 03:49:56.042,0.7149,0.71546,1.35,3.00
2011.09.08 03:49:56.944,0.71491,0.71551,3.00,1.35
2011.09.08 03:49:57.221,0.71491,0.71551,3.00,1.35
2011.09.08 03:49:58.555,0.7149,0.71547,1.35,2.25
2011.09.08 03:49:58.923,0.7149,0.71547,1.35,3.00
2011.09.08 03:49:59.913,0.7149,0.71547,1.35,3.00
2011.09.08 03:50:02.032,0.7149,0.71547,1.35,3.00
2011.09.08 03:50:02.242,0.71492,0.71555,2.25,3.00
2011.09.08 03:50:02.461,0.7149,0.71547,1.35,2.25
2011.09.08 03:50:03.983,0.71492,0.71548,3.00,1.35
2011.09.08 03:50:04.904,0.71487,0.71547,1.35,3.00
2011.09.08 03:50:06.515,0.71491,0.71552,1.35,3.00
2011.09.08 03:50:06.731,0.71491,0.71552,1.35,3.00
2011.09.08 03:50:09.511,0.71491,0.71552,1.35,3.00
2011.09.08 03:50:11.472,0.71496,0.71559,3.00,1.35
2011.09.08 03:50:17.492,0.71502,0.7156,1.35,3.00
2011.09.08 03:50:27.702,0.71506,0.7156,1.35,3.00
2011.09.08 03:50:28.644,0.71501,0.71562,1.35,3.00
2011.09.08 03:50:28.763,0.71501,0.71562,1.35,2.25
2011.09.08 03:50:28.873,0.71507,0.71571,2.25,3.00
2011.09.08 03:50:29.203,0.71511,0.71575,2.25,3.00
2011.09.08 03:50:29.652,0.71511,0.71575,3.00,3.00
2011.09.08 03:50:29.995,0.71511,0.71575,3.00,3.00
2011.09.08 03:50:31.975,0.71506,0.71572,3.00,3.00
2011.09.08 03:50:33.499,0.71506,0.71572,3.00,3.00
2011.09.08 03:50:41.132,0.71507,0.71573,3.00,3.00
2011.09.08 03:50:42.841,0.71512,0.71576,3.00,3.00
2011.09.08 03:50:44.935,0.71512,0.71576,3.00,3.00
2011.09.08 03:50:45.937,0.71512,0.71576,3.00,3.00
2011.09.08 03:50:50.621,0.71513,0.71578,3.00,3.00
2011.09.08 03:50:50.732,0.71527,0.7159,3.00,3.00
2011.09.08 03:50:53.124,0.71523,0.71586,3.00,3.00
2011.09.08 03:50:54.959,0.71518,0.71582,3.00,2.25
2011.09.08 03:50:55.073,0.71518,0.71582,3.00,2.25
2011.09.08 03:50:55.983,0.71518,0.71582,3.00,3.00
2011.09.08 03:50:57.189,0.71517,0.71582,3.00,3.00
2011.09.08 03:50:58.622,0.71517,0.71582,3.00,3.00
2011.09.08 03:50:58.730,0.71517,0.71582,3.00,3.00
2011.09.08 03:51:01.161,0.71517,0.71582,3.00,3.00
2011.09.08 03:51:01.870,0.71517,0.71582,3.00,3.00
2011.09.08 03:51:05.536,0.71517,0.71582,3.00,3.00
2011.09.08 03:51:05.812,0.71521,0.71584,3.00,3.00
2011.09.08 03:51:06.134,0.71521,0.71584,3.00,3.00
2011.09.08 03:51:07.501,0.71519,0.71584,3.00,3.00
2011.09.08 03:51:08.335,0.71518,0.71584,3.00,3.00
2011.09.08 03:51:08.441,0.71518,0.71584,3.00,3.00
2011.09.08 03:51:09.512,0.71521,0.71586,3.00,3.00
2011.09.08 03:51:13.721,0.7152,0.71583,3.00,2.25
2011.09.08 03:51:14.515,0.7152,0.71583,3.00,3.00
2011.09.08 03:51:15.438,0.7152,0.71583,3.00,3.00
2011.09.08 03:51:16.694,0.71519,0.71583,3.00,3.00
2011.09.08 03:51:19.063,0.71519,0.71583,3.00,3.00
2011.09.08 03:51:19.331,0.71519,0.71583,3.00,2.25
2011.09.08 03:51:19.441,0.71523,0.71587,3.00,2.25
2011.09.08 03:51:22.528,0.71522,0.71585,3.00,2.25
2011.09.08 03:51:22.643,0.71522,0.71585,3.00,2.25
2011.09.08 03:51:23.946,0.71522,0.71585,3.00,2.25
2011.09.08 03:51:25.601,0.71526,0.71589,3.00,3.00
2011.09.08 03:51:26.747,0.71526,0.71589,3.00,3.00
2011.09.08 03:51:31.464,0.71524,0.71589,3.00,2.25
2011.09.08 03:51:33.772,0.71525,0.71589,3.00,2.25
2011.09.08 03:51:33.884,0.7152,0.71586,3.00,2.25
2011.09.08 03:51:34.250,0.71525,0.71589,3.00,2.25
2011.09.08 03:51:35.920,0.71525,0.71589,3.00,2.25
2011.09.08 03:51:36.413,0.71525,0.71589,3.00,2.25
2011.09.08 03:51:36.631,0.71521,0.71585,3.00,2.25
2011.09.08 03:51:46.205,0.71521,0.71585,3.00,2.25
2011.09.08 03:51:46.422,0.71521,0.71586,3.00,2.25
2011.09.08 03:51:49.231,0.71521,0.71586,3.00,2.25
2011.09.08 03:51:49.340,0.71526,0.71589,3.00,3.00
2011.09.08 03:51:50.262,0.71526,0.71589,3.00,2.25
2011.09.08 03:51:50.374,0.71526,0.71589,3.00,3.00
2011.09.08 03:51:51.052,0.71526,0.71589,3.00,3.00
2011.09.08 03:51:55.953,0.71521,0.71586,3.00,2.25
2011.09.08 03:51:56.067,0.71525,0.7159,3.00,2.25
2011.09.08 03:51:58.927,0.71525,0.7159,3.00,2.25
2011.09.08 03:51:59.702,0.71525,0.7159,3.00,2.25
2011.09.08 03:52:00.242,0.71525,0.71589,3.00,2.25
2011.09.08 03:52:01.420,0.71523,0.7159,3.00,2.25
2011.09.08 03:52:03.602,0.71524,0.7159,3.00,3.00
2011.09.08 03:52:03.710,0.71524,0.7159,3.00,2.25
2011.09.08 03:52:05.342,0.71524,0.7159,3.00,2.25
2011.09.08 03:52:05.459,0.71529,0.71593,3.00,2.25
2011.09.08 03:52:06.886,0.71529,0.71593,3.00,3.00
2011.09.08 03:52:07.662,0.71529,0.71593,3.00,2.25
2011.09.08 03:52:07.771,0.71525,0.71589,3.00,2.25
2011.09.08 03:52:08.396,0.71525,0.7159,3.00,2.25
2011.09.08 03:52:09.139,0.71525,0.7159,3.00,2.25
2011.09.08 03:52:10.024,0.71525,0.71589,3.00,2.25
2011.09.08 03:52:10.678,0.71525,0.7159,3.00,2.25
2011.09.08 03:52:21.036,0.71525,0.71589,3.00,2.25
2011.09.08 03:52:24.117,0.71527,0.7159,3.00,2.25
2011.09.08 03:52:24.624,0.71526,0.71591,3.00,2.25
2011.09.08 03:52:24.731,0.71526,0.71591,3.00,2.25
2011.09.08 03:52:24.841,0.71522,0.71586,3.00,2.25
2011.09.08 03:52:24.952,0.71522,0.71586,3.00,2.25
2011.09.08 03:52:25.060,0.71518,0.71581,3.00,2.25
2011.09.08 03:52:26.332,0.71521,0.71587,3.00,2.25
2011.09.08 03:52:26.502,0.71521,0.71587,3.00,2.25
2011.09.08 03:52:26.610,0.71521,0.71587,3.00,2.25
2011.09.08 03:52:26.945,0.71521,0.71586,3.00,2.25
2011.09.08 03:52:27.601,0.71521,0.71586,3.00,2.25
2011.09.08 03:52:27.852,0.71525,0.7159,3.00,3.00
2011.09.08 03:52:28.961,0.71525,0.7159,3.00,3.00
2011.09.08 03:52:30.133,0.71525,0.7159,3.00,2.25
2011.09.08 03:52:30.460,0.71522,0.71585,3.00,2.25
2011.09.08 03:52:31.379,0.71517,0.71583,3.00,2.25
2011.09.08 03:52:31.907,0.71518,0.71584,3.00,3.00
2011.09.08 03:52:32.514,0.71519,0.71584,3.00,3.00
2011.09.08 03:52:32.821,0.71521,0.71584,3.00,3.00
2011.09.08 03:52:33.866,0.71519,0.71584,3.00,3.00
2011.09.08 03:52:34.437,0.71519,0.71584,3.00,3.00
2011.09.08 03:52:34.552,0.71519,0.71584,3.00,3.00
2011.09.08 03:52:35.909,0.71518,0.71584,3.00,3.00
2011.09.08 03:52:39.923,0.71523,0.71587,3.00,3.00
2011.09.08 03:52:47.934,0.71523,0.71589,3.00,3.00
2011.09.08 03:52:49.945,0.71523,0.71589,3.00,3.00
2011.09.08 03:52:56.137,0.71524,0.71584,3.00,1.35
2011.09.08 03:52:56.252,0.71524,0.71583,3.00,1.35
2011.09.08 03:52:56.473,0.71515,0.7158,3.00,2.25
2011.09.08 03:52:56.986,0.71515,0.7158,3.00,2.25
2011.09.08 03:52:57.377,0.71515,0.7158,3.00,3.00
2011.09.08 03:52:58.224,0.71519,0.71584,3.00,3.00
2011.09.08 03:52:59.677,0.71519,0.71584,3.00,3.00
2011.09.08 03:53:00.724,0.71519,0.71584,3.00,3.00
2011.09.08 03:53:02.073,0.71527,0.7159,3.00,2.25
2011.09.08 03:53:03.924,0.71527,0.71593,3.00,2.25
2011.09.08 03:53:04.086,0.71527,0.71593,3.00,2.25
2011.09.08 03:53:04.418,0.71527,0.71593,3.00,2.25
2011.09.08 03:53:04.834,0.71533,0.71596,2.25,3.00
2011.09.08 03:53:05.853,0.71524,0.71587,3.00,2.25
2011.09.08 03:53:06.253,0.71524,0.71587,3.00,2.25
2011.09.08 03:53:06.362,0.71524,0.71587,3.00,2.25
2011.09.08 03:53:06.472,0.71533,0.71596,2.25,3.00
2011.09.08 03:53:07.612,0.71533,0.71596,3.00,3.00
2011.09.08 03:53:08.193,0.71533,0.71596,3.00,3.00
2011.09.08 03:53:08.511,0.71533,0.71596,3.00,2.25
2011.09.08 03:53:08.621,0.71527,0.71593,3.00,2.25
2011.09.08 03:53:10.452,0.71527,0.71593,3.00,2.25
2011.09.08 03:53:10.561,0.71519,0.71584,3.00,2.25
2011.09.08 03:53:10.891,0.71523,0.71588,3.00,2.25
2011.09.08 03:53:12.042,0.71528,0.71592,3.00,2.25
2011.09.08 03:53:12.744,0.71533,0.71596,3.00,3.00
2011.09.08 03:53:13.623,0.71527,0.7159,3.00,2.25
2011.09.08 03:53:14.727,0.71527,0.7159,3.00,3.00
2011.09.08 03:53:15.062,0.71521,0.71587,3.00,3.00
2011.09.08 03:53:15.944,0.71521,0.71587,3.00,3.00
2011.09.08 03:53:16.651,0.71517,0.71583,3.00,3.00
2011.09.08 03:53:17.868,0.71522,0.71586,3.00,3.00
2011.09.08 03:53:23.482,0.71522,0.71586,3.00,3.00
2011.09.08 03:53:24.909,0.71527,0.7159,3.00,3.00
2011.09.08 03:53:25.726,0.71518,0.71582,3.00,2.25
2011.09.08 03:53:25.953,0.71518,0.71582,3.00,2.25
2011.09.08 03:53:26.840,0.71518,0.71582,3.00,2.25
2011.09.08 03:53:26.953,0.71518,0.71582,3.00,2.25
2011.09.08 03:53:27.061,0.71518,0.71582,3.00,2.25
2011.09.08 03:53:27.892,0.71522,0.71586,3.00,2.25
2011.09.08 03:53:28.954,0.71522,0.71586,3.00,3.00
2011.09.08 03:53:30.152,0.71522,0.71586,3.00,2.25
2011.09.08 03:53:30.386,0.71522,0.71586,3.00,2.25
2011.09.08 03:53:30.648,0.71526,0.71591,3.00,3.00
2011.09.08 03:53:31.953,0.71526,0.71591,3.00,3.00
2011.09.08 03:53:32.062,0.71532,0.71597,3.00,3.00
2011.09.08 03:53:33.903,0.71532,0.71597,3.00,2.25
2011.09.08 03:53:34.901,0.71536,0.71601,3.00,3.00
2011.09.08 03:53:35.064,0.71536,0.71601,3.00,3.00
2011.09.08 03:53:36.186,0.71536,0.71601,3.00,3.00
2011.09.08 03:53:36.461,0.71536,0.71601,3.00,2.25
2011.09.08 03:53:36.573,0.71536,0.71601,3.00,2.25
2011.09.08 03:53:36.682,0.71533,0.71596,3.00,2.25
2011.09.08 03:53:37.127,0.71527,0.71591,3.00,2.25
2011.09.08 03:53:37.861,0.71532,0.71595,3.00,2.25
2011.09.08 03:53:37.971,0.71532,0.71595,3.00,2.25
2011.09.08 03:53:38.291,0.71532,0.71595,3.00,2.25
2011.09.08 03:53:38.403,0.71535,0.71601,3.00,3.00
2011.09.08 03:53:38.514,0.71535,0.71601,3.00,2.25
2011.09.08 03:53:38.625,0.71548,0.71613,2.25,2.25
2011.09.08 03:53:38.993,0.71544,0.71609,3.00,2.25
2011.09.08 03:53:39.885,0.71548,0.71613,2.25,2.25
2011.09.08 03:53:40.113,0.71547,0.71613,3.00,2.25
2011.09.08 03:53:40.716,0.71549,0.71612,3.00,3.00
2011.09.08 03:53:41.914,0.71549,0.71612,3.00,2.25
2011.09.08 03:53:42.292,0.71549,0.71612,3.00,3.00
2011.09.08 03:53:43.094,0.7155,0.71613,3.00,3.00
2011.09.08 03:53:43.204,0.7155,0.71613,3.00,2.25
2011.09.08 03:53:43.724,0.7155,0.71613,3.00,3.00
2011.09.08 03:53:46.362,0.71549,0.71612,3.00,2.25
2011.09.08 03:53:46.471,0.71549,0.71614,3.00,3.00
2011.09.08 03:53:48.130,0.7155,0.71613,3.00,2.25
2011.09.08 03:53:48.462,0.71553,0.71619,3.00,3.00
2011.09.08 03:53:48.762,0.71553,0.71619,2.25,3.00
2011.09.08 03:53:48.873,0.71545,0.7161,3.00,2.25
2011.09.08 03:53:49.124,0.71553,0.71619,2.25,3.00
2011.09.08 03:53:49.461,0.71546,0.71609,3.00,2.25
2011.09.08 03:53:49.786,0.71546,0.71609,3.00,2.25
2011.09.08 03:53:50.221,0.71549,0.71614,3.00,2.25
2011.09.08 03:53:50.986,0.71549,0.71614,3.00,3.00
2011.09.08 03:53:52.523,0.71549,0.71614,3.00,3.00
2011.09.08 03:53:56.002,0.71549,0.71614,3.00,3.00
2011.09.08 03:53:57.146,0.7155,0.71613,3.00,2.25
2011.09.08 03:53:57.263,0.7155,0.71613,3.00,2.25
2011.09.08 03:53:57.801,0.71549,0.71614,3.00,3.00
2011.09.08 03:53:58.143,0.71549,0.71614,3.00,3.00
2011.09.08 03:53:58.664,0.71549,0.71614,3.00,3.00
2011.09.08 03:53:58.934,0.71549,0.71614,3.00,3.00
2011.09.08 03:54:01.904,0.71549,0.71614,3.00,3.00
2011.09.08 03:54:05.435,0.71549,0.71614,3.00,3.00
2011.09.08 03:54:07.953,0.71554,0.71618,3.00,3.00
2011.09.08 03:54:10.734,0.71545,0.7161,3.00,2.25
2011.09.08 03:54:10.843,0.71545,0.7161,3.00,2.25
2011.09.08 03:54:10.952,0.71545,0.7161,3.00,2.25
2011.09.08 03:54:11.062,0.7155,0.71613,3.00,2.25
2011.09.08 03:54:11.171,0.7155,0.71613,3.00,3.00
2011.09.08 03:54:11.391,0.71554,0.71618,2.25,3.00
2011.09.08 03:54:11.721,0.71541,0.71605,3.00,2.25
2011.09.08 03:54:12.772,0.71541,0.71605,3.00,2.25
2011.09.08 03:54:12.884,0.71536,0.71601,3.00,2.25
2011.09.08 03:54:13.342,0.7154,0.71606,3.00,3.00
2011.09.08 03:54:14.883,0.7154,0.71606,3.00,3.00
2011.09.08 03:54:17.140,0.7154,0.71606,3.00,2.25
2011.09.08 03:54:17.251,0.71546,0.71609,3.00,3.00
2011.09.08 03:54:17.581,0.7154,0.71606,3.00,2.25
2011.09.08 03:54:18.953,0.7154,0.71606,3.00,2.25
2011.09.08 03:54:19.245,0.7154,0.71606,3.00,3.00
2011.09.08 03:54:23.701,0.71542,0.71605,3.00,2.25
2011.09.08 03:54:24.043,0.71546,0.7161,3.00,3.00
2011.09.08 03:54:24.893,0.71546,0.7161,3.00,3.00
2011.09.08 03:54:31.734,0.71545,0.71611,3.00,3.00
2011.09.08 03:54:31.856,0.71542,0.71605,3.00,2.25
2011.09.08 03:54:32.083,0.71545,0.71611,3.00,3.00
2011.09.08 03:54:32.966,0.71545,0.71611,3.00,3.00
2011.09.08 03:54:34.081,0.71541,0.71606,3.00,2.25
2011.09.08 03:54:34.192,0.71541,0.71606,3.00,2.25
2011.09.08 03:54:34.908,0.71541,0.71606,3.00,3.00
2011.09.08 03:54:36.233,0.71541,0.71606,3.00,3.00
2011.09.08 03:54:36.341,0.71545,0.71611,3.00,3.00
2011.09.08 03:54:36.562,0.7155,0.71615,2.25,3.00
2011.09.08 03:54:38.500,0.7155,0.71615,3.00,3.00
2011.09.08 03:54:38.615,0.71541,0.71606,3.00,2.25
2011.09.08 03:54:39.894,0.71541,0.71606,3.00,2.25
2011.09.08 03:54:40.447,0.71541,0.71606,3.00,2.25
2011.09.08 03:54:40.895,0.7154,0.71606,3.00,2.25
2011.09.08 03:54:41.984,0.71541,0.71606,3.00,3.00
2011.09.08 03:54:47.593,0.71542,0.71605,3.00,2.25
2011.09.08 03:54:47.811,0.71545,0.71611,3.00,3.00
2011.09.08 03:54:48.731,0.71551,0.71614,3.00,3.00
2011.09.08 03:54:49.903,0.71549,0.71614,3.00,3.00
2011.09.08 03:54:52.692,0.71549,0.71614,3.00,3.00
2011.09.08 03:54:53.973,0.71554,0.71618,3.00,3.00
2011.09.08 03:54:55.271,0.71556,0.71619,3.00,3.00
2011.09.08 03:54:55.575,0.71556,0.71619,3.00,3.00
2011.09.08 03:54:55.901,0.71556,0.71619,3.00,3.00
2011.09.08 03:54:56.392,0.71556,0.71619,3.00,3.00
2011.09.08 03:54:59.376,0.71556,0.71619,3.00,3.00
2011.09.08 03:54:59.494,0.71556,0.71619,3.00,3.00
2011.09.08 03:55:03.655,0.7155,0.71616,3.00,3.00
2011.09.08 03:55:04.323,0.71556,0.71619,3.00,3.00
2011.09.08 03:55:04.611,0.71556,0.71619,3.00,3.00
2011.09.08 03:55:05.963,0.71556,0.71619,3.00,3.00
2011.09.08 03:55:09.782,0.71556,0.7162,3.00,3.00
2011.09.08 03:55:09.892,0.71547,0.71612,3.00,2.25
2011.09.08 03:55:11.054,0.71547,0.71612,3.00,2.25
2011.09.08 03:55:11.944,0.71547,0.71612,3.00,3.00
2011.09.08 03:55:12.984,0.71547,0.71612,3.00,2.25
2011.09.08 03:55:13.144,0.71547,0.71612,3.00,2.25
2011.09.08 03:55:13.395,0.71552,0.71616,3.00,3.00
2011.09.08 03:55:13.502,0.71552,0.71616,3.00,2.25
2011.09.08 03:55:14.282,0.71552,0.71616,3.00,2.25
2011.09.08 03:55:14.391,0.71556,0.71619,3.00,3.00
2011.09.08 03:55:15.312,0.71555,0.7162,3.00,3.00
2011.09.08 03:55:17.323,0.71559,0.71624,3.00,3.00
2011.09.08 03:55:18.973,0.71558,0.71623,3.00,3.00
2011.09.08 03:55:20.231,0.71555,0.71618,3.00,2.25
2011.09.08 03:55:21.723,0.71559,0.71622,3.00,3.00
2011.09.08 03:55:28.655,0.71568,0.7163,2.25,1.35
2011.09.08 03:55:28.872,0.71557,0.71624,3.60,3.00
2011.09.08 03:55:28.982,0.71557,0.71624,3.60,2.25
2011.09.08 03:55:29.645,0.71557,0.71619,1.35,2.25
2011.09.08 03:55:30.443,0.71554,0.71619,3.00,2.25
2011.09.08 03:55:30.962,0.71554,0.71619,3.00,3.00
2011.09.08 03:55:33.054,0.71559,0.71622,3.00,2.25
2011.09.08 03:55:34.923,0.71559,0.71622,3.00,3.00
2011.09.08 03:55:38.387,0.7156,0.71623,3.60,3.00
2011.09.08 03:55:39.243,0.7156,0.71622,1.35,2.25
2011.09.08 03:55:39.873,0.7156,0.71622,1.35,3.00
2011.09.08 03:55:40.119,0.7155,0.71614,3.00,2.25
2011.09.08 03:55:40.818,0.71559,0.7162,3.00,1.35
2011.09.08 03:55:41.374,0.71559,0.7162,3.00,1.35
2011.09.08 03:55:42.915,0.71559,0.7162,3.00,1.35
2011.09.08 03:56:13.854,0.71563,0.71625,1.35,3.00
2011.09.08 03:56:13.963,0.71563,0.71625,1.35,3.00
2011.09.08 03:56:14.512,0.71563,0.71626,1.35,3.00
2011.09.08 03:56:15.917,0.71563,0.71626,1.35,3.00
2011.09.08 03:56:16.034,0.71563,0.71626,1.35,2.25
2011.09.08 03:56:16.253,0.7156,0.71625,3.00,3.00
2011.09.08 03:56:16.363,0.71553,0.71617,3.00,2.25
2011.09.08 03:56:17.554,0.7155,0.71614,3.00,2.25
2011.09.08 03:56:21.943,0.7155,0.71614,3.00,3.00
2011.09.08 03:56:22.053,0.71545,0.71611,3.00,2.25
2011.09.08 03:56:22.984,0.71545,0.71611,3.00,3.00
2011.09.08 03:56:32.733,0.71549,0.71615,2.25,3.00
2011.09.08 03:56:32.843,0.71546,0.7161,3.00,3.00
2011.09.08 03:56:33.216,0.71546,0.7161,3.00,2.25
2011.09.08 03:56:33.936,0.71546,0.7161,3.00,3.00
2011.09.08 03:56:35.634,0.71546,0.7161,3.00,3.00
2011.09.08 03:56:35.852,0.7155,0.71615,3.00,3.00
2011.09.08 03:56:36.416,0.71545,0.71611,3.00,2.25
2011.09.08 03:56:37.044,0.71551,0.71614,3.00,3.00
2011.09.08 03:56:37.944,0.71551,0.71614,3.00,3.00
2011.09.08 03:56:49.624,0.71547,0.71615,3.00,2.25
2011.09.08 03:56:49.845,0.71552,0.71619,3.00,3.00
2011.09.08 03:56:50.925,0.71552,0.71619,3.00,3.00
2011.09.08 03:57:06.343,0.71552,0.71618,3.00,2.25
2011.09.08 03:57:07.535,0.71552,0.71618,3.00,2.25
2011.09.08 03:57:07.644,0.71562,0.71626,2.25,3.00
2011.09.08 03:57:07.754,0.71562,0.71626,2.25,2.25
2011.09.08 03:57:07.864,0.71556,0.71623,3.00,2.25
2011.09.08 03:57:08.965,0.71556,0.71623,3.00,3.00
2011.09.08 03:57:27.665,0.71557,0.71623,3.00,3.00
2011.09.08 03:57:28.264,0.71557,0.71622,3.00,2.25
2011.09.08 03:57:29.662,0.71555,0.71623,3.00,3.00
2011.09.08 03:57:30.197,0.71555,0.71623,3.00,2.25
2011.09.08 03:57:30.315,0.71555,0.71621,3.00,3.00
2011.09.08 03:57:30.422,0.71555,0.71621,3.00,2.25
2011.09.08 03:57:30.984,0.71554,0.7162,3.00,2.25
2011.09.08 03:57:31.411,0.71554,0.7162,3.00,3.00
2011.09.08 03:57:31.565,0.71554,0.7162,3.00,2.25
2011.09.08 03:57:31.673,0.71554,0.71618,3.00,2.25
2011.09.08 03:57:32.070,0.71554,0.71625,3.00,3.00
2011.09.08 03:57:32.742,0.71555,0.71622,3.00,2.25
2011.09.08 03:57:33.984,0.71555,0.71622,3.00,2.25
2011.09.08 03:57:35.695,0.71555,0.71622,3.00,2.25
2011.09.08 03:57:42.513,0.71555,0.71622,3.00,3.00
2011.09.08 03:57:42.676,0.71555,0.71622,3.00,2.25
2011.09.08 03:57:43.522,0.71555,0.71622,3.00,2.25
2011.09.08 03:57:44.063,0.71554,0.71624,3.00,3.00
2011.09.08 03:57:45.692,0.71554,0.7162,3.00,2.25
2011.09.08 03:57:46.834,0.71554,0.7162,3.00,3.00
2011.09.08 03:57:48.873,0.71554,0.7162,3.00,2.25
2011.09.08 03:57:49.092,0.71546,0.71612,3.00,2.25
2011.09.08 03:57:49.203,0.71554,0.7162,3.00,2.25
2011.09.08 03:57:49.311,0.71554,0.7162,2.25,3.00
2011.09.08 03:57:49.803,0.71547,0.71611,2.25,2.25
2011.09.08 03:57:49.925,0.71547,0.71611,3.00,2.25
2011.09.08 03:57:50.252,0.71542,0.71607,3.00,2.25
2011.09.08 03:57:50.587,0.71544,0.71609,3.00,2.25
2011.09.08 03:57:53.432,0.71541,0.71607,3.00,2.25
2011.09.08 03:57:56.272,0.71546,0.71609,3.00,3.00
2011.09.08 03:57:57.893,0.71546,0.71609,3.00,3.00
2011.09.08 03:57:59.422,0.7155,0.71613,3.00,2.25
2011.09.08 03:58:01.085,0.7155,0.71613,3.60,2.25
2011.09.08 03:58:01.785,0.7155,0.71611,1.35,3.00
2011.09.08 03:58:05.722,0.7155,0.71611,1.35,3.00
2011.09.08 03:58:06.915,0.7155,0.71615,3.60,3.00
2011.09.08 03:58:07.022,0.7155,0.71615,3.60,3.00
2011.09.08 03:58:08.895,0.71558,0.7162,1.35,3.00
2011.09.08 03:58:09.423,0.71558,0.7162,1.35,3.00
2011.09.08 03:58:09.784,0.71558,0.71622,3.60,2.25
2011.09.08 03:58:09.892,0.71558,0.71623,3.60,3.00
2011.09.08 03:58:10.114,0.71557,0.71618,3.00,1.35
2011.09.08 03:58:10.553,0.71556,0.71618,1.35,2.85
2011.09.08 03:58:12.272,0.71553,0.71618,3.00,3.00
2011.09.08 03:58:12.504,0.71562,0.71627,3.00,3.00
2011.09.08 03:58:13.156,0.71562,0.71627,3.00,3.00
2011.09.08 03:58:13.262,0.71562,0.71627,3.00,3.00
2011.09.08 03:58:13.384,0.71554,0.71617,3.00,2.25
2011.09.08 03:58:14.395,0.71554,0.71617,3.00,2.25
2011.09.08 03:58:14.612,0.71563,0.71626,2.25,3.00
2011.09.08 03:58:14.722,0.71563,0.71626,3.00,3.00
2011.09.08 03:58:16.155,0.71557,0.7162,3.00,2.25
2011.09.08 03:58:16.374,0.71557,0.7162,2.25,3.00
2011.09.08 03:58:16.484,0.71552,0.71617,3.00,2.25
2011.09.08 03:58:16.866,0.71551,0.71616,3.00,2.25
2011.09.08 03:58:17.828,0.71551,0.71616,3.00,3.00
2011.09.08 03:58:18.176,0.71551,0.71616,3.00,2.25
2011.09.08 03:58:18.947,0.71551,0.71616,3.00,3.00
2011.09.08 03:58:21.477,0.71555,0.7162,3.00,3.00
2011.09.08 03:58:25.277,0.71563,0.71627,3.00,3.00
2011.09.08 03:58:25.876,0.71563,0.71629,3.00,3.00
2011.09.08 03:58:26.436,0.71563,0.71629,3.00,3.00
2011.09.08 03:58:28.102,0.71565,0.7163,3.00,3.00
2011.09.08 03:58:29.473,0.71554,0.71619,1.35,2.25
2011.09.08 03:58:29.764,0.71566,0.71629,3.00,3.00
2011.09.08 03:58:29.893,0.71566,0.71629,3.00,3.00
2011.09.08 03:58:30.548,0.71564,0.71628,3.00,3.00
2011.09.08 03:58:31.551,0.71564,0.71628,3.00,3.00
2011.09.08 03:58:31.882,0.71563,0.71629,3.00,3.00
2011.09.08 03:58:32.516,0.71562,0.71627,3.00,3.00
2011.09.08 03:58:32.622,0.71563,0.71629,3.00,3.00
2011.09.08 03:58:33.012,0.71569,0.71632,3.00,3.00
2011.09.08 03:58:33.337,0.71569,0.71632,2.25,3.00
2011.09.08 03:58:33.453,0.71569,0.71628,2.25,1.35
2011.09.08 03:58:33.564,0.71556,0.71621,3.00,3.00
2011.09.08 03:58:33.674,0.71554,0.71614,1.35,2.25
2011.09.08 03:58:34.043,0.71554,0.71612,1.35,2.25
2011.09.08 03:58:34.580,0.71548,0.71611,3.00,2.25
2011.09.08 03:58:35.915,0.71548,0.71611,3.00,3.00
2011.09.08 03:58:37.835,0.71544,0.7161,3.00,3.00
2011.09.08 03:58:38.714,0.71544,0.7161,3.00,3.00
2011.09.08 03:58:39.694,0.71552,0.71614,3.00,1.35
2011.09.08 03:58:41.523,0.71549,0.71614,3.00,1.35
2011.09.08 03:58:41.853,0.71543,0.71606,3.60,3.00
2011.09.08 03:58:45.373,0.71544,0.7161,3.00,3.00
2011.09.08 03:58:51.094,0.71547,0.71612,3.00,3.00
2011.09.08 03:58:51.313,0.71561,0.71626,2.25,3.00
2011.09.08 03:58:51.423,0.71561,0.71626,3.00,3.00
2011.09.08 03:58:51.536,0.71567,0.7163,2.25,3.60
2011.09.08 03:58:51.642,0.71567,0.7163,2.25,3.60
2011.09.08 03:58:52.313,0.71567,0.7163,3.00,3.60
2011.09.08 03:58:52.425,0.71565,0.71629,3.00,3.00
2011.09.08 03:58:52.533,0.71562,0.71625,3.00,3.00
2011.09.08 03:58:54.844,0.71554,0.71617,3.00,3.00
2011.09.08 03:58:55.503,0.71554,0.7162,3.00,3.00
2011.09.08 03:58:57.037,0.71554,0.7162,3.00,3.00
2011.09.08 03:58:57.586,0.71554,0.7162,3.00,3.00
2011.09.08 03:59:01.832,0.71555,0.7162,3.00,3.00
2011.09.08 03:59:02.264,0.71555,0.7162,3.00,3.00
2011.09.08 03:59:03.734,0.71555,0.7162,3.00,3.00
2011.09.08 03:59:03.954,0.71555,0.71614,3.60,1.35
2011.09.08 03:59:05.214,0.71555,0.71614,1.35,1.35
2011.09.08 03:59:06.376,0.71555,0.71614,1.35,1.35
2011.09.08 03:59:06.593,0.71555,0.71614,1.35,1.35
2011.09.08 03:59:06.703,0.71555,0.71614,1.35,1.35
2011.09.08 03:59:07.168,0.71555,0.71612,1.35,3.00
2011.09.08 03:59:15.303,0.71558,0.7161,2.25,1.35
2011.09.08 03:59:15.413,0.71558,0.71622,3.00,3.00
2011.09.08 03:59:24.213,0.71558,0.71625,2.25,3.00
2011.09.08 03:59:24.323,0.71552,0.71615,3.00,2.25
2011.09.08 03:59:25.486,0.71552,0.71615,3.00,3.00
2011.09.08 03:59:26.633,0.71552,0.71615,3.00,3.00
2011.09.08 03:59:26.912,0.71552,0.71615,3.00,3.00
2011.09.08 03:59:27.795,0.71552,0.71615,3.00,3.00
2011.09.08 03:59:28.343,0.71553,0.71616,3.00,3.00
2011.09.08 03:59:28.453,0.71553,0.71616,3.00,3.00
2011.09.08 03:59:29.824,0.71553,0.71616,3.00,3.00
2011.09.08 03:59:30.054,0.71553,0.71616,3.00,3.00
2011.09.08 03:59:31.973,0.71548,0.71613,3.00,3.00
2011.09.08 03:59:35.007,0.71548,0.71613,3.00,3.00
2011.09.08 03:59:35.263,0.71547,0.71612,3.00,3.00
2011.09.08 03:59:35.618,0.71547,0.7161,3.00,3.00
2011.09.08 03:59:36.221,0.71547,0.7161,3.00,3.00
2011.09.08 03:59:36.335,0.71547,0.7161,3.00,3.00
2011.09.08 03:59:36.864,0.71547,0.7161,3.00,3.00
2011.09.08 03:59:52.666,0.71545,0.7161,3.60,3.00
2011.09.08 03:59:52.772,0.71545,0.7161,3.60,3.00
2011.09.08 03:59:55.389,0.71545,0.7161,3.60,3.00
2011.09.08 03:59:55.494,0.71545,0.7161,3.60,2.25
2011.09.08 03:59:55.764,0.71554,0.71619,3.00,3.00
2011.09.08 03:59:56.197,0.71554,0.71619,3.00,3.00
2011.09.08 03:59:56.966,0.71554,0.71619,3.00,3.00
