2016.01.27 11:00:00.002,0.65994,0.66022,1.00,1.00
2016.01.27 11:00:00.441,0.65991,0.66018,1.00,1.00
2016.01.27 11:00:00.743,0.65988,0.66014,1.00,1.00
2016.01.27 11:00:01.073,0.65991,0.66016,1.00,1.00
2016.01.27 11:00:01.650,0.6599,0.66015,1.00,1.00
2016.01.27 11:00:02.255,0.65989,0.66016,1.50,1.00
2016.01.27 11:00:02.558,0.65988,0.66012,1.00,1.00
2016.01.27 11:00:02.860,0.65987,0.66014,1.00,1.00
2016.01.27 11:00:03.383,0.65985,0.66011,1.00,1.00
2016.01.27 11:00:03.767,0.65987,0.66012,1.00,1.00
2016.01.27 11:00:04.473,0.6598,0.66007,2.25,1.00
2016.01.27 11:00:05.514,0.65981,0.66008,1.00,1.00
2016.01.27 11:00:06.174,0.6598,0.66007,2.25,1.00
2016.01.27 11:00:06.958,0.65981,0.66008,1.00,1.00
2016.01.27 11:00:07.350,0.65983,0.6601,1.00,1.00
2016.01.27 11:00:07.959,0.65984,0.6601,1.00,1.00
2016.01.27 11:00:08.884,0.65984,0.66011,1.50,1.00
2016.01.27 11:00:09.192,0.65989,0.66016,1.00,1.00
2016.01.27 11:00:09.808,0.6599,0.66017,1.00,1.00
2016.01.27 11:00:10.467,0.65991,0.66017,1.00,1.00
2016.01.27 11:00:11.082,0.65991,0.66018,1.00,1.00
2016.01.27 11:00:11.620,0.6599,0.66017,1.50,1.00
2016.01.27 11:00:12.193,0.65989,0.66016,1.50,1.00
2016.01.27 11:00:12.512,0.65989,0.66014,1.00,1.00
2016.01.27 11:00:12.682,0.65987,0.66014,1.00,1.00
2016.01.27 11:00:14.382,0.65988,0.66015,1.00,1.00
2016.01.27 11:00:15.728,0.65988,0.66013,1.00,1.00
2016.01.27 11:00:15.828,0.65988,0.66015,1.00,1.00
2016.01.27 11:00:17.676,0.6599,0.66017,1.00,1.00
2016.01.27 11:00:18.048,0.65989,0.66012,1.00,1.00
2016.01.27 11:00:19.007,0.65987,0.66012,1.00,1.00
2016.01.27 11:00:20.102,0.65987,0.66014,1.00,1.00
2016.01.27 11:00:20.839,0.65989,0.66014,1.00,1.00
2016.01.27 11:00:21.838,0.6599,0.66018,1.00,1.00
2016.01.27 11:00:21.991,0.65992,0.66018,1.00,1.00
2016.01.27 11:00:22.510,0.65991,0.66019,1.00,1.00
2016.01.27 11:00:23.745,0.65991,0.66018,1.00,1.00
2016.01.27 11:00:24.262,0.65992,0.66017,1.00,1.00
2016.01.27 11:00:24.798,0.65993,0.66018,1.00,1.00
2016.01.27 11:00:24.848,0.65989,0.66015,1.00,1.00
2016.01.27 11:00:25.484,0.65988,0.66013,1.00,1.00
2016.01.27 11:00:25.635,0.65987,0.66015,1.00,1.00
2016.01.27 11:00:25.850,0.6599,0.66015,1.00,1.00
2016.01.27 11:00:26.042,0.65989,0.66017,1.00,1.00
2016.01.27 11:00:26.496,0.65991,0.66017,1.00,1.00
2016.01.27 11:00:26.701,0.65992,0.66019,1.00,1.00
2016.01.27 11:00:27.473,0.65992,0.66017,1.00,1.00
2016.01.27 11:00:27.581,0.65992,0.66019,1.00,1.00
2016.01.27 11:00:28.216,0.65994,0.66019,1.00,1.00
2016.01.27 11:00:28.461,0.65992,0.66019,1.00,1.00
2016.01.27 11:00:28.901,0.65992,0.66017,1.00,1.00
2016.01.27 11:00:31.010,0.65991,0.66018,1.00,1.00
2016.01.27 11:00:31.493,0.65987,0.66014,1.00,1.00
2016.01.27 11:00:32.041,0.65988,0.66015,1.00,1.00
2016.01.27 11:00:33.193,0.65987,0.66014,1.00,1.00
2016.01.27 11:00:34.058,0.65987,0.66013,1.00,1.00
2016.01.27 11:00:35.754,0.65989,0.66015,1.00,1.00
2016.01.27 11:00:36.094,0.65993,0.66018,1.00,1.00
2016.01.27 11:00:36.381,0.65991,0.66018,1.00,1.00
2016.01.27 11:00:37.551,0.65993,0.66018,1.00,1.00
2016.01.27 11:00:38.004,0.65993,0.6602,1.00,1.00
2016.01.27 11:00:38.258,0.65996,0.66021,1.00,1.00
2016.01.27 11:00:38.808,0.65995,0.66021,1.00,1.00
2016.01.27 11:00:39.326,0.65995,0.66019,1.00,1.00
2016.01.27 11:00:41.223,0.65992,0.66018,1.00,1.00
2016.01.27 11:00:41.767,0.65992,0.66019,1.00,1.00
2016.01.27 11:00:41.818,0.65996,0.6602,1.00,1.00
2016.01.27 11:00:41.869,0.65994,0.6602,1.00,1.00
2016.01.27 11:00:42.331,0.65996,0.6602,1.00,1.00
2016.01.27 11:00:42.833,0.65995,0.66021,1.00,1.00
2016.01.27 11:00:43.058,0.65993,0.6602,1.00,1.00
2016.01.27 11:00:43.718,0.65991,0.66017,1.00,1.00
2016.01.27 11:00:44.152,0.65994,0.6602,1.00,1.00
2016.01.27 11:00:44.476,0.65989,0.66014,1.00,1.00
2016.01.27 11:00:44.591,0.65989,0.66016,1.50,1.00
2016.01.27 11:00:45.132,0.6599,0.66017,1.50,1.00
2016.01.27 11:00:45.251,0.65994,0.66021,1.00,1.00
2016.01.27 11:00:46.352,0.65994,0.6602,1.00,1.00
2016.01.27 11:00:46.681,0.65995,0.66022,1.00,1.00
2016.01.27 11:00:47.131,0.65996,0.6602,1.00,1.00
2016.01.27 11:00:47.692,0.65995,0.66021,1.00,1.00
2016.01.27 11:00:48.219,0.65994,0.66021,1.00,1.00
2016.01.27 11:00:48.544,0.65994,0.66018,1.00,1.00
2016.01.27 11:00:49.699,0.65991,0.66017,1.00,1.00
2016.01.27 11:00:50.347,0.6599,0.66017,1.50,1.00
2016.01.27 11:00:50.646,0.65989,0.66013,1.00,1.00
2016.01.27 11:00:51.022,0.65988,0.66015,1.00,1.00
2016.01.27 11:00:51.191,0.6599,0.66014,1.00,1.00
2016.01.27 11:00:51.833,0.65991,0.66015,1.00,1.00
2016.01.27 11:00:54.273,0.6599,0.66016,1.00,1.00
2016.01.27 11:00:54.815,0.65987,0.66014,1.00,1.00
2016.01.27 11:00:55.921,0.65989,0.66015,1.00,1.00
2016.01.27 11:00:56.461,0.65988,0.66014,1.00,1.00
2016.01.27 11:00:56.962,0.65987,0.66013,1.00,1.00
2016.01.27 11:00:59.564,0.65988,0.66012,1.00,1.00
2016.01.27 11:01:00.276,0.65989,0.66013,1.00,1.00
2016.01.27 11:01:00.656,0.65985,0.66011,1.00,1.00
2016.01.27 11:01:01.420,0.65986,0.66011,1.00,1.00
2016.01.27 11:01:01.752,0.65984,0.66011,1.50,1.00
2016.01.27 11:01:02.621,0.65983,0.6601,1.00,1.00
2016.01.27 11:01:02.672,0.65982,0.66006,1.00,1.00
2016.01.27 11:01:02.877,0.6598,0.66006,1.50,1.00
2016.01.27 11:01:03.521,0.65981,0.66007,1.00,1.00
2016.01.27 11:01:06.921,0.65981,0.66006,1.00,1.00
2016.01.27 11:01:07.514,0.65981,0.66007,1.00,1.00
2016.01.27 11:01:08.282,0.65983,0.66009,1.00,1.00
2016.01.27 11:01:10.030,0.65982,0.66008,1.00,1.00
2016.01.27 11:01:10.660,0.65981,0.66007,1.00,1.00
2016.01.27 11:01:15.391,0.65981,0.66006,1.00,1.00
2016.01.27 11:01:15.940,0.65981,0.66005,1.00,1.00
2016.01.27 11:01:16.448,0.65981,0.66006,1.00,1.00
2016.01.27 11:01:18.257,0.6598,0.66007,1.00,1.00
2016.01.27 11:01:20.940,0.65982,0.66006,1.00,1.00
2016.01.27 11:01:22.473,0.65984,0.6601,1.00,1.00
2016.01.27 11:01:23.359,0.65982,0.66006,1.00,1.00
2016.01.27 11:01:23.561,0.65982,0.66008,1.00,1.00
2016.01.27 11:01:23.784,0.6598,0.66006,1.00,1.00
2016.01.27 11:01:24.649,0.6598,0.66005,1.00,1.00
2016.01.27 11:01:25.001,0.65981,0.66008,1.00,1.00
2016.01.27 11:01:25.290,0.65984,0.66008,1.00,1.00
2016.01.27 11:01:26.209,0.65981,0.66007,1.00,1.00
2016.01.27 11:01:26.746,0.65981,0.66006,1.00,1.00
2016.01.27 11:01:27.191,0.65981,0.66008,1.00,1.00
2016.01.27 11:01:27.490,0.65983,0.6601,1.00,1.00
2016.01.27 11:01:28.102,0.65983,0.66008,1.00,1.00
2016.01.27 11:01:29.472,0.65982,0.66009,1.00,1.00
2016.01.27 11:01:30.503,0.6598,0.66007,1.00,1.00
2016.01.27 11:01:31.948,0.65983,0.66008,1.00,1.00
2016.01.27 11:01:33.791,0.65985,0.66012,1.00,1.00
2016.01.27 11:01:34.319,0.65984,0.66009,1.00,1.00
2016.01.27 11:01:34.470,0.65982,0.66008,1.00,1.00
2016.01.27 11:01:34.703,0.65979,0.66005,1.50,1.00
2016.01.27 11:01:35.008,0.65976,0.66001,1.00,1.00
2016.01.27 11:01:35.080,0.65976,0.66003,1.00,1.00
2016.01.27 11:01:35.484,0.65972,0.65999,1.00,1.00
2016.01.27 11:01:35.995,0.65973,0.65999,1.00,1.00
2016.01.27 11:01:36.841,0.65975,0.66,1.00,1.00
2016.01.27 11:01:37.491,0.65975,0.66001,1.00,1.00
2016.01.27 11:01:37.831,0.65976,0.66003,1.00,1.00
2016.01.27 11:01:37.950,0.65978,0.66002,1.00,1.00
2016.01.27 11:01:39.133,0.65977,0.66003,1.00,1.00
2016.01.27 11:01:39.700,0.65979,0.66004,1.00,1.00
2016.01.27 11:01:40.470,0.65977,0.66004,1.00,1.00
2016.01.27 11:01:41.938,0.65976,0.66003,1.00,1.00
2016.01.27 11:01:42.606,0.65977,0.66001,1.00,1.00
2016.01.27 11:01:45.421,0.65976,0.66003,1.00,1.00
2016.01.27 11:01:45.958,0.65977,0.66004,1.00,1.00
2016.01.27 11:01:47.073,0.65976,0.66003,1.00,1.00
2016.01.27 11:01:47.584,0.65972,0.65999,1.00,1.00
2016.01.27 11:01:48.188,0.65974,0.65999,1.00,1.00
2016.01.27 11:01:49.295,0.65974,0.66001,1.00,1.00
2016.01.27 11:01:49.496,0.65977,0.66002,1.00,1.00
2016.01.27 11:01:50.249,0.65978,0.66003,1.00,1.00
2016.01.27 11:01:50.608,0.65978,0.66005,1.00,1.00
2016.01.27 11:01:51.691,0.65977,0.66004,1.00,1.00
2016.01.27 11:01:52.279,0.65978,0.66004,1.00,1.00
2016.01.27 11:01:52.809,0.65977,0.66004,1.00,1.00
2016.01.27 11:01:53.341,0.65976,0.66003,1.00,1.00
2016.01.27 11:01:59.501,0.65976,0.66001,1.00,1.00
2016.01.27 11:01:59.947,0.65974,0.66,1.00,1.00
2016.01.27 11:02:00.509,0.65974,0.65999,1.00,1.00
2016.01.27 11:02:00.614,0.65976,0.66,1.00,1.00
2016.01.27 11:02:00.711,0.65975,0.66002,1.00,1.00
2016.01.27 11:02:04.255,0.65975,0.66001,1.00,1.00
2016.01.27 11:02:06.905,0.65976,0.66001,1.00,1.00
2016.01.27 11:02:07.091,0.65974,0.66001,1.00,1.00
2016.01.27 11:02:09.048,0.65974,0.66,1.00,1.00
2016.01.27 11:02:09.515,0.65972,0.65999,1.00,1.00
2016.01.27 11:02:09.629,0.65974,0.66,1.00,1.00
2016.01.27 11:02:10.316,0.65975,0.66001,1.00,1.00
2016.01.27 11:02:10.366,0.65973,0.66,1.00,1.00
2016.01.27 11:02:10.417,0.65972,0.65997,1.00,1.00
2016.01.27 11:02:10.544,0.65973,0.65999,1.00,1.00
2016.01.27 11:02:11.050,0.65973,0.65998,1.00,1.00
2016.01.27 11:02:11.161,0.65973,0.66,1.00,1.00
2016.01.27 11:02:13.157,0.65971,0.65998,1.00,1.00
2016.01.27 11:02:13.674,0.6597,0.65997,1.00,1.00
2016.01.27 11:02:14.221,0.65971,0.65996,1.00,1.00
2016.01.27 11:02:16.330,0.65972,0.65997,1.00,1.00
2016.01.27 11:02:16.890,0.65972,0.65999,1.00,1.50
2016.01.27 11:02:17.100,0.65972,0.65997,1.00,1.00
2016.01.27 11:02:20.070,0.65972,0.65996,1.00,1.00
2016.01.27 11:02:21.165,0.65973,0.65997,1.00,1.00
2016.01.27 11:02:23.260,0.65971,0.65998,1.00,1.00
2016.01.27 11:02:23.743,0.65969,0.65996,1.00,1.00
2016.01.27 11:02:24.145,0.65966,0.65993,1.00,1.00
2016.01.27 11:02:26.231,0.65967,0.65993,1.00,1.00
2016.01.27 11:02:26.713,0.65968,0.65995,1.00,1.00
2016.01.27 11:02:27.086,0.6597,0.65995,1.00,1.00
2016.01.27 11:02:27.138,0.6597,0.65997,1.00,1.00
2016.01.27 11:02:27.467,0.6597,0.65995,1.00,1.00
2016.01.27 11:02:29.860,0.65969,0.65994,1.00,1.00
2016.01.27 11:02:30.300,0.65967,0.65993,1.00,1.00
2016.01.27 11:02:30.556,0.65968,0.65995,1.00,2.25
2016.01.27 11:02:30.606,0.65968,0.65993,1.00,1.00
2016.01.27 11:02:30.888,0.65961,0.65988,1.00,1.00
2016.01.27 11:02:31.069,0.65963,0.65987,1.00,1.00
2016.01.27 11:02:31.534,0.65964,0.65989,1.00,1.00
2016.01.27 11:02:31.735,0.65966,0.65993,1.00,1.00
2016.01.27 11:02:32.500,0.65968,0.65994,1.00,1.00
2016.01.27 11:02:34.263,0.65968,0.65992,1.00,1.00
2016.01.27 11:02:35.841,0.65968,0.65994,1.00,1.00
2016.01.27 11:02:36.668,0.65969,0.65995,1.00,1.00
2016.01.27 11:02:37.449,0.65968,0.65994,1.00,1.00
2016.01.27 11:02:40.969,0.65968,0.65992,1.00,1.00
2016.01.27 11:02:41.787,0.65967,0.65993,1.00,1.00
2016.01.27 11:02:42.113,0.65969,0.65995,1.00,1.00
2016.01.27 11:02:46.636,0.6597,0.65995,1.00,1.00
2016.01.27 11:02:46.909,0.65971,0.65997,1.00,1.00
2016.01.27 11:02:48.009,0.65971,0.65996,1.00,1.00
2016.01.27 11:02:48.339,0.65969,0.65996,1.50,1.00
2016.01.27 11:02:50.573,0.65971,0.65997,1.00,1.00
2016.01.27 11:02:51.460,0.6597,0.65996,1.50,1.00
2016.01.27 11:02:51.891,0.65973,0.65999,1.00,1.00
2016.01.27 11:02:52.384,0.65969,0.65995,1.00,1.00
2016.01.27 11:02:52.742,0.6597,0.65997,1.00,1.00
2016.01.27 11:02:53.244,0.65969,0.65996,1.00,1.00
2016.01.27 11:02:53.538,0.65971,0.65997,1.00,1.00
2016.01.27 11:02:54.160,0.65972,0.65998,1.00,1.00
2016.01.27 11:02:54.710,0.65971,0.65997,1.00,1.00
2016.01.27 11:02:55.254,0.6597,0.65996,1.00,1.00
2016.01.27 11:02:56.919,0.65971,0.65997,1.00,1.00
2016.01.27 11:02:57.486,0.65972,0.65996,1.00,1.00
2016.01.27 11:02:57.909,0.65972,0.65998,1.00,1.00
2016.01.27 11:02:59.009,0.65972,0.65996,1.00,1.00
2016.01.27 11:03:02.388,0.65971,0.65995,1.00,1.00
2016.01.27 11:03:02.959,0.6597,0.65994,1.00,1.00
2016.01.27 11:03:05.719,0.65969,0.65995,1.00,1.00
2016.01.27 11:03:06.060,0.65971,0.65997,1.00,1.00
2016.01.27 11:03:06.767,0.65972,0.65996,1.00,1.00
2016.01.27 11:03:07.369,0.65971,0.65995,1.00,1.00
2016.01.27 11:03:10.228,0.65969,0.65995,1.50,1.00
2016.01.27 11:03:12.793,0.6597,0.65996,1.00,1.00
2016.01.27 11:03:13.342,0.65974,0.65998,1.00,1.00
2016.01.27 11:03:13.640,0.65974,0.66,1.00,1.00
2016.01.27 11:03:14.192,0.65975,0.65999,1.00,1.00
2016.01.27 11:03:14.299,0.65973,0.65999,1.00,1.00
2016.01.27 11:03:14.853,0.65972,0.65998,1.00,1.00
2016.01.27 11:03:16.169,0.65971,0.65997,1.00,1.00
2016.01.27 11:03:16.596,0.65967,0.65993,1.00,1.00
2016.01.27 11:03:18.479,0.65968,0.65994,1.00,1.00
2016.01.27 11:03:19.066,0.65969,0.65994,1.00,1.00
2016.01.27 11:03:20.951,0.65968,0.65992,1.00,1.00
2016.01.27 11:03:21.564,0.65967,0.65993,1.00,1.00
2016.01.27 11:03:22.559,0.65969,0.65994,1.00,1.00
2016.01.27 11:03:23.099,0.65969,0.65995,1.50,1.00
2016.01.27 11:03:23.432,0.65969,0.65993,1.50,1.00
2016.01.27 11:03:25.078,0.65969,0.65995,1.50,1.00
2016.01.27 11:03:27.319,0.65969,0.65993,1.00,1.00
2016.01.27 11:03:32.814,0.65969,0.65995,1.50,1.00
2016.01.27 11:03:32.914,0.65971,0.65997,1.00,1.00
2016.01.27 11:03:33.228,0.65973,0.65997,1.00,1.00
2016.01.27 11:03:34.319,0.65972,0.65998,1.00,1.00
2016.01.27 11:03:37.039,0.65973,0.65999,1.00,1.00
2016.01.27 11:03:38.512,0.65972,0.65998,1.00,1.00
2016.01.27 11:03:39.070,0.65973,0.65999,1.00,1.00
2016.01.27 11:03:41.491,0.65974,0.65998,1.00,1.00
2016.01.27 11:03:42.242,0.65973,0.65999,1.00,1.00
2016.01.27 11:03:43.888,0.65973,0.65997,1.00,1.00
2016.01.27 11:03:48.068,0.65974,0.65998,1.00,1.00
2016.01.27 11:03:51.845,0.65973,0.65999,1.00,1.00
2016.01.27 11:03:52.280,0.6597,0.65996,1.00,1.00
2016.01.27 11:03:53.090,0.65968,0.65994,1.00,1.00
2016.01.27 11:03:54.145,0.65969,0.65995,1.00,1.00
2016.01.27 11:03:54.717,0.65968,0.65994,1.00,1.00
2016.01.27 11:03:56.352,0.6597,0.65996,1.00,1.00
2016.01.27 11:03:58.518,0.65969,0.65995,1.00,1.00
2016.01.27 11:03:59.949,0.65971,0.65997,1.00,1.00
2016.01.27 11:04:02.527,0.65975,0.65997,1.00,1.00
2016.01.27 11:04:02.628,0.65975,0.66,1.00,1.00
2016.01.27 11:04:03.029,0.65975,0.65998,1.00,1.00
2016.01.27 11:04:03.579,0.65974,0.65998,1.50,1.00
2016.01.27 11:04:05.778,0.65975,0.65999,1.00,1.00
2016.01.27 11:04:07.434,0.65974,0.65998,1.50,1.00
2016.01.27 11:04:11.642,0.65974,0.65997,1.00,1.00
2016.01.27 11:04:12.970,0.65973,0.65997,1.00,1.00
2016.01.27 11:04:20.959,0.65974,0.65997,1.00,1.00
2016.01.27 11:04:21.609,0.65973,0.65997,1.00,1.00
2016.01.27 11:04:21.760,0.65974,0.65999,1.00,1.00
2016.01.27 11:04:22.938,0.65973,0.65999,1.00,1.00
2016.01.27 11:04:23.750,0.65974,0.65998,1.00,1.00
2016.01.27 11:04:25.365,0.65974,0.65997,1.00,1.00
2016.01.27 11:04:27.460,0.65971,0.65997,1.00,1.00
2016.01.27 11:04:27.668,0.65973,0.65999,1.00,1.00
2016.01.27 11:04:27.999,0.65972,0.65996,1.00,1.00
2016.01.27 11:04:28.658,0.65973,0.65997,1.00,1.00
2016.01.27 11:04:28.988,0.65974,0.66,1.00,1.00
2016.01.27 11:04:30.418,0.65972,0.65998,1.00,1.00
2016.01.27 11:04:30.740,0.65974,0.66,1.00,1.00
2016.01.27 11:04:31.287,0.65973,0.65999,1.00,1.00
2016.01.27 11:04:33.319,0.65975,0.65999,1.00,1.00
2016.01.27 11:04:33.610,0.65976,0.66002,1.00,1.00
2016.01.27 11:04:33.768,0.65979,0.66004,1.00,1.00
2016.01.27 11:04:34.052,0.65981,0.66007,1.00,1.00
2016.01.27 11:04:34.708,0.65979,0.66004,1.00,1.00
2016.01.27 11:04:35.125,0.65978,0.66002,1.00,1.00
2016.01.27 11:04:35.741,0.65976,0.66,1.00,1.00
2016.01.27 11:04:36.028,0.65973,0.65998,1.00,1.00
2016.01.27 11:04:36.509,0.6597,0.65997,1.50,1.00
2016.01.27 11:04:38.214,0.65971,0.65997,1.00,1.00
2016.01.27 11:04:38.365,0.65973,0.65997,1.00,1.00
2016.01.27 11:04:38.778,0.6597,0.65996,1.00,1.00
2016.01.27 11:04:40.583,0.65971,0.65997,1.00,1.00
2016.01.27 11:04:40.758,0.65971,0.65995,1.00,1.00
2016.01.27 11:04:41.297,0.6597,0.65996,1.00,1.00
2016.01.27 11:04:41.795,0.65972,0.65998,1.00,1.00
2016.01.27 11:04:42.454,0.65971,0.65997,1.00,1.00
2016.01.27 11:04:45.707,0.65971,0.65995,1.00,1.00
2016.01.27 11:04:46.934,0.6597,0.65996,1.00,1.00
2016.01.27 11:04:48.018,0.65971,0.65995,1.00,1.00
2016.01.27 11:04:48.347,0.65971,0.65997,1.00,1.00
2016.01.27 11:04:49.364,0.6597,0.65996,1.00,1.00
2016.01.27 11:04:52.418,0.65971,0.65995,1.00,1.00
2016.01.27 11:04:52.669,0.65965,0.6599,1.00,1.00
2016.01.27 11:04:53.291,0.65964,0.6599,1.00,1.00
2016.01.27 11:04:54.109,0.65963,0.65989,1.00,1.00
2016.01.27 11:04:54.719,0.65964,0.6599,1.00,1.00
2016.01.27 11:04:55.379,0.65963,0.65989,1.00,1.00
2016.01.27 11:04:55.429,0.65963,0.65987,1.00,1.00
2016.01.27 11:04:57.589,0.65964,0.65988,1.00,1.00
2016.01.27 11:05:00.117,0.65965,0.65989,1.00,1.00
2016.01.27 11:05:04.211,0.65963,0.65989,1.00,1.00
2016.01.27 11:05:05.290,0.65962,0.65988,1.00,1.00
2016.01.27 11:05:05.441,0.65961,0.65985,1.00,1.00
2016.01.27 11:05:05.987,0.65962,0.65988,1.00,1.00
2016.01.27 11:05:06.494,0.65963,0.65987,1.00,1.00
2016.01.27 11:05:06.545,0.6596,0.65987,1.00,1.00
2016.01.27 11:05:06.850,0.65962,0.65988,1.00,1.00
2016.01.27 11:05:07.337,0.65961,0.65986,1.00,1.00
2016.01.27 11:05:08.891,0.65962,0.65988,1.00,1.00
2016.01.27 11:05:09.470,0.65961,0.65987,1.00,1.00
2016.01.27 11:05:10.835,0.6596,0.65986,1.00,1.00
2016.01.27 11:05:11.339,0.65958,0.65983,1.00,1.00
2016.01.27 11:05:12.131,0.65957,0.65982,1.00,1.00
2016.01.27 11:05:12.349,0.65955,0.65982,2.25,1.00
2016.01.27 11:05:12.561,0.65957,0.65984,1.00,1.00
2016.01.27 11:05:12.869,0.65955,0.65982,1.00,1.00
2016.01.27 11:05:13.214,0.65954,0.65977,1.00,1.00
2016.01.27 11:05:13.264,0.6595,0.65977,1.00,1.00
2016.01.27 11:05:13.485,0.65949,0.65975,1.50,1.00
2016.01.27 11:05:13.992,0.65949,0.65972,1.00,1.00
2016.01.27 11:05:14.199,0.65946,0.65972,1.00,1.00
2016.01.27 11:05:14.578,0.6595,0.65972,1.00,1.00
2016.01.27 11:05:14.843,0.65946,0.65972,1.00,1.00
2016.01.27 11:05:15.299,0.65948,0.65972,1.00,1.00
2016.01.27 11:05:15.849,0.65947,0.65973,1.00,1.00
2016.01.27 11:05:16.151,0.6595,0.65975,1.00,1.00
2016.01.27 11:05:16.653,0.65949,0.65973,1.00,1.00
2016.01.27 11:05:16.876,0.65947,0.65973,1.00,1.00
2016.01.27 11:05:17.168,0.65949,0.65974,1.00,1.00
2016.01.27 11:05:17.389,0.65946,0.65973,1.00,1.00
2016.01.27 11:05:19.258,0.65947,0.65974,1.00,1.00
2016.01.27 11:05:19.456,0.65949,0.65974,1.00,1.00
2016.01.27 11:05:25.313,0.65949,0.65972,1.00,1.00
2016.01.27 11:05:25.797,0.65947,0.65973,1.00,1.00
2016.01.27 11:05:26.573,0.65946,0.65972,1.00,1.00
2016.01.27 11:05:26.958,0.65946,0.6597,1.00,1.00
2016.01.27 11:05:28.218,0.65944,0.6597,1.50,1.00
2016.01.27 11:05:28.506,0.65944,0.65968,1.50,1.00
2016.01.27 11:05:28.828,0.65944,0.6597,1.00,1.00
2016.01.27 11:05:30.372,0.65944,0.65968,1.00,1.00
2016.01.27 11:05:30.423,0.65942,0.65968,1.00,1.00
2016.01.27 11:05:31.323,0.65943,0.65967,1.00,1.00
2016.01.27 11:05:31.959,0.65944,0.65967,1.00,1.00
2016.01.27 11:05:32.376,0.65945,0.65969,1.00,1.00
2016.01.27 11:05:32.675,0.65945,0.65971,1.00,1.00
2016.01.27 11:05:34.218,0.65947,0.65973,1.00,1.00
2016.01.27 11:05:35.537,0.65946,0.65972,1.00,1.00
2016.01.27 11:05:35.853,0.65944,0.65968,1.50,1.00
2016.01.27 11:05:36.417,0.65945,0.65971,1.00,1.00
2016.01.27 11:05:36.944,0.65944,0.6597,1.50,1.00
2016.01.27 11:05:36.994,0.65948,0.65972,1.00,1.00
2016.01.27 11:05:37.604,0.65947,0.65971,1.00,1.00
2016.01.27 11:05:38.178,0.65947,0.65973,1.00,1.00
2016.01.27 11:05:38.989,0.65947,0.65971,1.00,1.00
2016.01.27 11:05:39.547,0.65948,0.65972,1.00,1.00
2016.01.27 11:05:40.740,0.65948,0.65974,1.00,1.00
2016.01.27 11:05:42.043,0.65948,0.65973,1.00,1.00
2016.01.27 11:05:43.349,0.65949,0.65973,1.00,1.00
2016.01.27 11:05:44.133,0.65949,0.65972,1.00,1.00
2016.01.27 11:05:44.234,0.6595,0.65976,1.00,1.00
2016.01.27 11:05:44.479,0.65949,0.65974,1.00,1.00
2016.01.27 11:05:48.306,0.65944,0.65969,1.50,1.00
2016.01.27 11:05:48.655,0.65944,0.65967,1.00,1.00
2016.01.27 11:05:48.996,0.65939,0.65963,1.00,1.00
2016.01.27 11:05:49.047,0.65937,0.65963,1.00,1.00
2016.01.27 11:05:49.301,0.65939,0.65965,1.50,1.00
2016.01.27 11:05:49.774,0.65942,0.65968,1.00,1.00
2016.01.27 11:05:50.562,0.65941,0.65967,1.00,1.00
2016.01.27 11:05:52.675,0.65942,0.65968,1.00,1.00
2016.01.27 11:05:53.204,0.65942,0.65966,1.00,1.00
2016.01.27 11:05:53.308,0.65942,0.65968,1.00,1.00
2016.01.27 11:05:53.867,0.65941,0.65967,1.00,1.00
2016.01.27 11:05:54.446,0.65944,0.6597,1.00,1.00
2016.01.27 11:05:54.948,0.65945,0.65971,1.00,1.00
2016.01.27 11:05:56.322,0.65944,0.6597,1.00,1.00
2016.01.27 11:05:56.686,0.65939,0.65964,1.00,1.00
2016.01.27 11:05:56.837,0.65941,0.65967,1.00,1.00
2016.01.27 11:05:57.299,0.65943,0.65967,1.00,1.00
2016.01.27 11:05:57.400,0.65945,0.65971,1.00,1.00
2016.01.27 11:05:58.063,0.65943,0.65969,1.00,1.00
2016.01.27 11:05:58.393,0.6594,0.65966,1.00,1.00
2016.01.27 11:05:58.807,0.65939,0.65963,1.00,1.00
2016.01.27 11:06:00.174,0.65942,0.65966,1.00,1.00
2016.01.27 11:06:00.581,0.65941,0.65968,1.00,1.00
2016.01.27 11:06:00.681,0.65942,0.65966,1.00,1.00
2016.01.27 11:06:00.897,0.65941,0.65968,1.00,1.00
2016.01.27 11:06:01.148,0.65943,0.65967,1.00,1.00
2016.01.27 11:06:01.248,0.65941,0.65967,1.00,1.00
2016.01.27 11:06:02.021,0.65942,0.65968,1.00,1.00
2016.01.27 11:06:02.549,0.65941,0.65967,1.00,1.00
2016.01.27 11:06:03.290,0.65942,0.65968,1.00,1.00
2016.01.27 11:06:03.559,0.65944,0.6597,1.00,1.00
2016.01.27 11:06:03.869,0.65946,0.65973,1.00,1.00
2016.01.27 11:06:04.000,0.65947,0.65971,1.00,1.00
2016.01.27 11:06:04.838,0.65949,0.65973,1.00,1.00
2016.01.27 11:06:04.888,0.65946,0.65973,1.00,1.00
2016.01.27 11:06:04.967,0.65948,0.65974,1.00,1.00
2016.01.27 11:06:05.297,0.65946,0.65973,1.00,1.00
2016.01.27 11:06:07.607,0.65947,0.65974,1.00,1.00
2016.01.27 11:06:07.927,0.65949,0.65974,1.00,1.00
2016.01.27 11:06:10.439,0.65947,0.65974,1.00,1.00
2016.01.27 11:06:10.490,0.65949,0.65973,1.50,1.00
2016.01.27 11:06:10.789,0.65947,0.65974,1.00,1.00
2016.01.27 11:06:10.948,0.65946,0.65972,1.00,1.00
2016.01.27 11:06:12.597,0.65945,0.65971,1.00,1.00
2016.01.27 11:06:13.086,0.65945,0.65969,1.00,1.00
2016.01.27 11:06:13.656,0.65944,0.65969,1.00,1.00
2016.01.27 11:06:14.033,0.65944,0.65967,1.00,1.00
2016.01.27 11:06:14.693,0.65944,0.65968,1.00,1.00
2016.01.27 11:06:16.187,0.65944,0.65967,1.00,1.00
2016.01.27 11:06:16.847,0.65944,0.65966,1.00,1.00
2016.01.27 11:06:17.608,0.65941,0.65966,1.00,1.00
2016.01.27 11:06:17.758,0.65944,0.65966,1.00,1.00
2016.01.27 11:06:19.697,0.6594,0.65966,1.50,1.00
2016.01.27 11:06:20.367,0.65941,0.65967,1.00,1.00
2016.01.27 11:06:20.973,0.65942,0.65968,1.00,1.00
2016.01.27 11:06:23.887,0.65941,0.65967,1.00,1.00
2016.01.27 11:06:24.688,0.65944,0.65967,1.00,1.00
2016.01.27 11:06:25.198,0.65941,0.65967,1.00,1.00
2016.01.27 11:06:27.867,0.65942,0.65968,1.00,1.00
2016.01.27 11:06:28.743,0.65942,0.65967,1.00,1.00
2016.01.27 11:06:29.635,0.65942,0.65968,1.00,1.00
2016.01.27 11:06:29.937,0.65942,0.65966,1.00,1.00
2016.01.27 11:06:30.177,0.65942,0.65968,1.00,1.00
2016.01.27 11:06:35.328,0.65941,0.65967,1.00,1.00
2016.01.27 11:06:35.486,0.65941,0.65965,1.00,1.00
2016.01.27 11:06:35.665,0.65941,0.65967,1.00,1.00
2016.01.27 11:06:36.577,0.6594,0.65966,1.00,1.00
2016.01.27 11:06:38.452,0.65941,0.65967,1.00,1.00
2016.01.27 11:06:39.066,0.6594,0.65966,1.50,1.00
2016.01.27 11:06:40.276,0.65938,0.65956,1.50,1.00
2016.01.27 11:06:40.340,0.65931,0.65956,1.00,1.00
2016.01.27 11:06:40.757,0.65929,0.65954,1.50,1.00
2016.01.27 11:06:41.088,0.65927,0.65953,1.00,1.00
2016.01.27 11:06:41.477,0.65929,0.65953,1.00,1.00
2016.01.27 11:06:42.482,0.65924,0.6595,1.50,1.00
2016.01.27 11:06:42.848,0.65926,0.65952,1.00,1.00
2016.01.27 11:06:43.367,0.65925,0.65951,1.00,1.00
2016.01.27 11:06:43.715,0.65924,0.65948,1.00,1.00
2016.01.27 11:06:44.379,0.65922,0.65948,2.25,1.00
2016.01.27 11:06:44.701,0.65924,0.65949,1.00,1.00
2016.01.27 11:06:45.220,0.65926,0.6595,1.00,1.00
2016.01.27 11:06:45.728,0.65925,0.65949,1.00,1.00
2016.01.27 11:06:46.705,0.65925,0.65951,1.00,1.00
2016.01.27 11:06:47.317,0.65926,0.6595,1.00,1.00
2016.01.27 11:06:48.782,0.65925,0.65949,1.00,1.00
2016.01.27 11:06:50.727,0.65926,0.6595,1.00,1.00
2016.01.27 11:06:51.056,0.65927,0.65953,1.00,1.00
2016.01.27 11:06:52.290,0.65926,0.65952,1.00,1.00
2016.01.27 11:06:56.227,0.65927,0.65953,1.00,1.00
2016.01.27 11:06:56.521,0.65932,0.65958,1.00,1.00
2016.01.27 11:06:57.438,0.65934,0.65958,1.00,1.00
2016.01.27 11:06:57.995,0.65933,0.65959,1.00,1.00
2016.01.27 11:06:58.496,0.65934,0.65958,1.00,1.00
2016.01.27 11:06:59.054,0.65933,0.65959,1.00,1.00
2016.01.27 11:06:59.366,0.65935,0.6596,1.00,1.00
2016.01.27 11:06:59.527,0.65936,0.65962,1.00,1.00
2016.01.27 11:07:00.049,0.65935,0.65961,1.00,1.00
2016.01.27 11:07:00.206,0.65935,0.65959,1.00,1.00
2016.01.27 11:07:00.314,0.65932,0.65958,1.00,1.00
2016.01.27 11:07:01.324,0.65929,0.65955,2.25,1.00
2016.01.27 11:07:01.667,0.65932,0.65956,1.00,1.00
2016.01.27 11:07:01.946,0.65932,0.65958,1.00,1.00
2016.01.27 11:07:02.422,0.65934,0.6596,1.00,1.00
2016.01.27 11:07:02.826,0.65934,0.65958,1.00,1.00
2016.01.27 11:07:03.426,0.65932,0.65958,1.00,1.00
2016.01.27 11:07:04.586,0.65933,0.65959,1.00,1.00
2016.01.27 11:07:05.936,0.65932,0.65958,1.00,1.00
2016.01.27 11:07:06.727,0.65939,0.65963,1.00,1.00
2016.01.27 11:07:07.425,0.6594,0.65964,1.50,1.00
2016.01.27 11:07:07.809,0.65938,0.65964,1.00,1.00
2016.01.27 11:07:08.148,0.65941,0.65965,1.00,1.00
2016.01.27 11:07:09.646,0.65941,0.65967,1.00,1.00
2016.01.27 11:07:11.517,0.65938,0.65965,1.00,1.00
2016.01.27 11:07:12.115,0.65938,0.65963,1.00,1.00
2016.01.27 11:07:12.216,0.65935,0.65962,1.00,1.00
2016.01.27 11:07:12.547,0.65932,0.65958,1.00,1.00
2016.01.27 11:07:14.376,0.65934,0.65961,1.00,1.00
2016.01.27 11:07:14.934,0.65934,0.6596,1.00,1.00
2016.01.27 11:07:16.759,0.65934,0.65958,1.00,1.00
2016.01.27 11:07:18.666,0.65933,0.65959,1.00,1.00
2016.01.27 11:07:24.385,0.65933,0.65958,1.00,1.00
2016.01.27 11:07:25.617,0.65935,0.65958,1.00,1.00
2016.01.27 11:07:26.265,0.65935,0.65959,1.00,1.00
2016.01.27 11:07:26.476,0.65935,0.65961,1.50,1.00
2016.01.27 11:07:27.247,0.65935,0.6596,1.00,1.00
2016.01.27 11:07:28.032,0.65934,0.6596,1.50,1.00
2016.01.27 11:07:28.133,0.65934,0.65957,1.00,1.00
2016.01.27 11:07:28.237,0.65934,0.65959,1.00,1.00
2016.01.27 11:07:28.457,0.65932,0.65957,1.00,1.00
2016.01.27 11:07:29.230,0.65932,0.65956,1.00,1.00
2016.01.27 11:07:32.967,0.65932,0.65957,1.00,1.00
2016.01.27 11:07:33.294,0.65936,0.6596,1.00,1.00
2016.01.27 11:07:33.920,0.65935,0.65959,1.50,1.00
2016.01.27 11:07:35.977,0.65935,0.65956,1.00,1.00
2016.01.27 11:07:36.157,0.65935,0.65959,1.00,1.00
2016.01.27 11:07:36.718,0.65936,0.6596,1.00,1.00
2016.01.27 11:07:36.970,0.65937,0.65962,1.00,1.00
2016.01.27 11:07:37.171,0.65939,0.65964,1.00,1.00
2016.01.27 11:07:37.717,0.65939,0.65963,1.50,1.00
2016.01.27 11:07:38.355,0.65939,0.65962,1.00,1.00
2016.01.27 11:07:42.243,0.65939,0.65963,1.00,1.00
2016.01.27 11:07:42.782,0.6594,0.65963,1.00,1.00
2016.01.27 11:07:43.083,0.65945,0.65962,1.00,1.00
2016.01.27 11:07:43.133,0.65945,0.65969,1.00,1.00
2016.01.27 11:07:44.740,0.65946,0.6597,1.00,1.00
2016.01.27 11:07:45.293,0.65945,0.65969,1.00,1.00
2016.01.27 11:07:45.846,0.65945,0.6597,1.50,1.00
2016.01.27 11:07:47.202,0.65944,0.6597,1.50,1.00
2016.01.27 11:07:47.303,0.65944,0.65968,1.00,1.00
2016.01.27 11:07:47.630,0.65941,0.65964,1.00,1.00
2016.01.27 11:07:47.730,0.65941,0.65966,1.00,1.00
2016.01.27 11:07:47.831,0.65945,0.65969,1.00,1.00
2016.01.27 11:07:48.286,0.65943,0.65968,1.00,1.00
2016.01.27 11:07:48.487,0.65942,0.65966,1.00,1.00
2016.01.27 11:07:48.720,0.65942,0.65968,1.50,1.00
2016.01.27 11:07:49.147,0.65944,0.6597,1.00,1.00
2016.01.27 11:07:49.482,0.65947,0.65973,1.50,1.00
2016.01.27 11:07:49.801,0.65947,0.65971,1.50,1.00
2016.01.27 11:07:51.117,0.65947,0.65972,1.00,1.00
2016.01.27 11:07:51.579,0.6595,0.65972,1.00,1.00
2016.01.27 11:07:51.909,0.6595,0.6597,1.00,1.00
2016.01.27 11:07:52.794,0.65947,0.6597,1.00,1.00
2016.01.27 11:07:52.894,0.65944,0.6597,1.00,1.00
2016.01.27 11:07:52.996,0.65941,0.65962,1.00,1.00
2016.01.27 11:07:53.297,0.65939,0.65962,1.00,1.00
2016.01.27 11:07:54.080,0.65939,0.65963,1.00,1.00
2016.01.27 11:07:55.390,0.65939,0.65965,1.00,1.00
2016.01.27 11:07:57.125,0.6594,0.65965,1.00,1.00
2016.01.27 11:07:57.520,0.65942,0.65966,1.00,1.00
2016.01.27 11:07:58.144,0.65941,0.65965,1.00,1.00
2016.01.27 11:07:59.667,0.6594,0.65965,1.50,1.00
2016.01.27 11:08:00.187,0.6594,0.65961,1.00,1.00
2016.01.27 11:08:00.620,0.6594,0.65964,1.00,1.00
2016.01.27 11:08:01.201,0.65939,0.65963,1.50,1.00
2016.01.27 11:08:02.467,0.65939,0.65965,1.50,1.00
2016.01.27 11:08:03.015,0.65939,0.65964,1.00,1.00
2016.01.27 11:08:04.340,0.65939,0.65965,1.50,1.00
2016.01.27 11:08:05.443,0.65939,0.65964,1.00,1.00
2016.01.27 11:08:05.636,0.65939,0.65962,1.00,1.00
2016.01.27 11:08:07.579,0.65939,0.65961,1.00,1.00
2016.01.27 11:08:07.897,0.65939,0.65958,1.00,1.00
2016.01.27 11:08:08.371,0.65937,0.65959,1.00,1.00
2016.01.27 11:08:10.482,0.65936,0.65959,1.00,1.00
2016.01.27 11:08:12.686,0.65936,0.65961,1.00,1.00
2016.01.27 11:08:13.406,0.65936,0.6596,1.00,1.00
2016.01.27 11:08:13.729,0.65937,0.65962,1.00,1.00
2016.01.27 11:08:13.780,0.65937,0.6596,1.00,1.00
2016.01.27 11:08:16.855,0.65937,0.65961,1.00,1.00
2016.01.27 11:08:18.025,0.65941,0.65967,1.00,1.00
2016.01.27 11:08:18.092,0.65943,0.65966,1.00,1.00
2016.01.27 11:08:18.193,0.65943,0.65968,1.00,1.00
2016.01.27 11:08:18.294,0.65945,0.65968,1.00,1.00
2016.01.27 11:08:18.945,0.65945,0.65969,1.50,1.00
2016.01.27 11:08:19.318,0.65947,0.6597,1.00,1.00
2016.01.27 11:08:19.825,0.65948,0.65972,1.00,1.00
2016.01.27 11:08:19.970,0.65948,0.6597,1.00,1.00
2016.01.27 11:08:20.502,0.65948,0.65969,1.00,1.00
2016.01.27 11:08:21.023,0.65947,0.65969,1.00,1.00
2016.01.27 11:08:21.452,0.65947,0.65967,1.00,1.00
2016.01.27 11:08:22.545,0.65945,0.65967,1.00,1.00
2016.01.27 11:08:23.311,0.65943,0.65967,1.00,1.00
2016.01.27 11:08:23.462,0.65941,0.65963,1.00,1.00
2016.01.27 11:08:24.005,0.6594,0.65962,1.00,1.00
2016.01.27 11:08:24.959,0.6594,0.65963,1.00,1.00
2016.01.27 11:08:25.284,0.6594,0.65961,1.00,1.00
2016.01.27 11:08:26.584,0.6594,0.65963,1.00,1.00
2016.01.27 11:08:29.586,0.6594,0.6596,1.00,1.00
2016.01.27 11:08:31.044,0.6594,0.65962,1.00,1.00
2016.01.27 11:08:32.144,0.6594,0.65961,1.00,1.00
2016.01.27 11:08:32.603,0.65937,0.65959,1.00,1.00
2016.01.27 11:08:33.505,0.65937,0.6596,1.00,1.00
2016.01.27 11:08:34.598,0.65937,0.65959,1.00,1.00
2016.01.27 11:08:35.375,0.65938,0.65959,1.00,1.00
2016.01.27 11:08:36.697,0.65938,0.65961,1.00,1.00
2016.01.27 11:08:36.950,0.6594,0.65961,1.00,1.00
2016.01.27 11:08:37.256,0.6594,0.65958,1.00,1.00
2016.01.27 11:08:37.534,0.6594,0.6596,1.00,1.00
2016.01.27 11:08:39.110,0.6594,0.65961,1.00,1.00
2016.01.27 11:08:39.855,0.65938,0.65961,1.00,1.00
2016.01.27 11:08:39.956,0.65938,0.65959,1.00,1.00
2016.01.27 11:08:42.044,0.65938,0.6596,1.00,1.00
2016.01.27 11:08:42.484,0.65938,0.65958,1.00,1.00
2016.01.27 11:08:43.008,0.65938,0.65959,1.00,1.00
2016.01.27 11:08:45.125,0.65938,0.6596,1.00,1.00
2016.01.27 11:08:45.707,0.65938,0.65959,1.00,1.00
2016.01.27 11:08:46.468,0.65938,0.65961,1.00,1.00
2016.01.27 11:08:48.644,0.65938,0.65959,1.00,1.00
2016.01.27 11:08:49.168,0.65938,0.6596,1.00,1.00
2016.01.27 11:08:50.294,0.65938,0.65961,1.00,1.00
2016.01.27 11:08:51.064,0.65938,0.65962,1.00,1.00
2016.01.27 11:08:51.617,0.65938,0.65961,1.00,1.00
2016.01.27 11:08:53.541,0.65936,0.65961,1.00,1.00
2016.01.27 11:08:53.641,0.65936,0.65959,1.00,1.00
2016.01.27 11:08:53.948,0.65934,0.65957,1.50,1.00
2016.01.27 11:08:54.659,0.65936,0.65957,1.00,1.00
2016.01.27 11:08:54.709,0.65936,0.65959,1.00,1.00
2016.01.27 11:08:55.233,0.65937,0.6596,1.00,1.00
2016.01.27 11:08:55.284,0.65937,0.65962,1.00,1.00
2016.01.27 11:08:55.353,0.65939,0.65962,1.00,1.00
2016.01.27 11:08:55.943,0.65943,0.65963,1.00,1.00
2016.01.27 11:08:56.245,0.65943,0.65965,1.00,1.00
2016.01.27 11:08:56.296,0.65946,0.65965,1.00,1.00
2016.01.27 11:08:56.497,0.65947,0.65969,1.00,1.00
2016.01.27 11:08:57.128,0.65947,0.65967,1.00,1.00
2016.01.27 11:08:59.363,0.65947,0.65969,1.00,1.00
2016.01.27 11:08:59.425,0.65947,0.65967,1.00,1.00
2016.01.27 11:09:02.174,0.65947,0.6597,1.00,1.00
2016.01.27 11:09:02.955,0.65947,0.65969,1.00,1.00
2016.01.27 11:09:03.599,0.65947,0.65968,1.00,1.00
2016.01.27 11:09:04.350,0.65947,0.6597,1.00,1.00
2016.01.27 11:09:04.961,0.65947,0.65969,1.00,1.00
2016.01.27 11:09:06.465,0.65947,0.6597,1.00,1.00
2016.01.27 11:09:10.754,0.65947,0.65969,1.00,1.00
2016.01.27 11:09:11.621,0.65947,0.6597,1.00,1.00
2016.01.27 11:09:12.131,0.65947,0.65969,1.00,1.00
2016.01.27 11:09:12.294,0.65947,0.65971,1.00,1.00
2016.01.27 11:09:16.025,0.65949,0.65971,1.00,1.00
2016.01.27 11:09:16.714,0.65949,0.65972,1.00,1.00
2016.01.27 11:09:17.023,0.65947,0.6597,1.00,1.00
2016.01.27 11:09:22.180,0.65946,0.65969,1.00,1.00
2016.01.27 11:09:22.777,0.65946,0.65968,1.00,1.00
2016.01.27 11:09:25.263,0.65941,0.65964,1.00,1.00
2016.01.27 11:09:26.045,0.65942,0.65966,1.00,1.00
2016.01.27 11:09:28.393,0.65941,0.65967,1.50,1.00
2016.01.27 11:09:28.500,0.65944,0.65967,1.00,1.00
2016.01.27 11:09:28.802,0.6595,0.65972,1.00,1.00
2016.01.27 11:09:28.953,0.65952,0.65975,1.00,1.00
2016.01.27 11:09:29.310,0.65954,0.65976,1.00,1.00
2016.01.27 11:09:29.360,0.65954,0.6598,1.50,1.00
2016.01.27 11:09:30.274,0.65955,0.6598,1.00,1.00
2016.01.27 11:09:30.984,0.65954,0.6598,1.50,1.00
2016.01.27 11:09:32.098,0.65955,0.65978,1.00,1.00
2016.01.27 11:09:32.635,0.65954,0.65978,1.50,1.00
2016.01.27 11:09:33.165,0.65954,0.65977,1.50,1.00
2016.01.27 11:09:35.948,0.65954,0.65976,1.00,1.00
2016.01.27 11:09:36.935,0.65954,0.65977,1.00,1.00
2016.01.27 11:09:37.705,0.65954,0.65976,1.00,1.00
2016.01.27 11:09:43.780,0.65954,0.65975,1.00,1.00
2016.01.27 11:09:43.831,0.65951,0.65975,1.00,1.00
2016.01.27 11:09:43.931,0.65948,0.65974,1.50,1.00
2016.01.27 11:09:43.982,0.65948,0.65971,1.00,1.00
2016.01.27 11:09:44.325,0.65946,0.6597,1.00,1.00
2016.01.27 11:09:44.376,0.65944,0.6597,2.25,1.00
2016.01.27 11:09:44.527,0.65944,0.65968,1.50,1.00
2016.01.27 11:09:44.865,0.65944,0.6597,2.25,1.00
2016.01.27 11:09:45.393,0.65945,0.65969,1.50,1.00
2016.01.27 11:09:46.283,0.65944,0.65969,1.00,1.00
2016.01.27 11:09:46.894,0.65944,0.65967,1.00,1.00
2016.01.27 11:09:47.555,0.65944,0.65968,1.50,1.00
2016.01.27 11:09:48.048,0.65944,0.65966,1.00,1.00
2016.01.27 11:09:48.734,0.65944,0.65967,1.00,1.00
2016.01.27 11:09:49.836,0.65944,0.65965,1.00,1.00
2016.01.27 11:09:50.023,0.65944,0.65967,1.00,1.00
2016.01.27 11:09:52.663,0.65944,0.65966,1.00,1.00
2016.01.27 11:09:54.863,0.65944,0.65967,1.00,1.00
2016.01.27 11:10:02.163,0.65944,0.65965,1.00,1.00
2016.01.27 11:10:02.235,0.65944,0.65967,1.00,1.00
2016.01.27 11:10:03.015,0.65944,0.65966,1.00,1.00
2016.01.27 11:10:03.527,0.65944,0.65965,1.00,1.00
2016.01.27 11:10:03.578,0.65941,0.65963,1.00,1.00
2016.01.27 11:10:03.977,0.65943,0.65963,1.00,1.00
2016.01.27 11:10:04.027,0.65943,0.65965,1.00,1.00
2016.01.27 11:10:04.480,0.65944,0.65967,1.00,1.00
2016.01.27 11:10:05.382,0.65946,0.65967,1.00,1.00
2016.01.27 11:10:05.687,0.65946,0.65969,1.00,1.00
2016.01.27 11:10:06.685,0.65947,0.65969,1.00,1.00
2016.01.27 11:10:10.786,0.65947,0.65967,1.00,1.00
2016.01.27 11:10:10.991,0.65944,0.65968,1.00,1.00
2016.01.27 11:10:11.041,0.65944,0.65966,1.00,1.00
2016.01.27 11:10:11.759,0.65944,0.65967,1.00,1.00
2016.01.27 11:10:12.576,0.65944,0.65968,1.50,1.00
2016.01.27 11:10:13.344,0.65944,0.65969,1.00,1.00
2016.01.27 11:10:13.929,0.65946,0.65969,1.00,1.00
2016.01.27 11:10:15.154,0.65946,0.65967,1.00,1.00
2016.01.27 11:10:15.354,0.65946,0.65969,1.00,1.00
2016.01.27 11:10:16.355,0.65947,0.65969,1.00,1.00
2016.01.27 11:10:16.979,0.65947,0.6597,1.00,1.00
2016.01.27 11:10:21.925,0.65947,0.65969,1.00,1.00
2016.01.27 11:10:23.244,0.65947,0.65971,1.00,1.00
2016.01.27 11:10:25.231,0.65946,0.65971,1.00,1.00
2016.01.27 11:10:25.740,0.65946,0.6597,1.00,1.00
2016.01.27 11:10:25.981,0.65944,0.6597,1.50,1.00
2016.01.27 11:10:26.485,0.65944,0.65968,1.00,1.00
2016.01.27 11:10:26.875,0.65944,0.65966,1.00,1.00
2016.01.27 11:10:27.237,0.65944,0.65963,1.00,1.00
2016.01.27 11:10:27.287,0.65942,0.65963,1.00,1.00
2016.01.27 11:10:27.424,0.65942,0.65965,1.00,1.00
2016.01.27 11:10:28.417,0.65942,0.65963,1.00,1.00
2016.01.27 11:10:28.518,0.65939,0.65963,1.00,1.00
2016.01.27 11:10:28.619,0.65937,0.65963,1.00,1.00
2016.01.27 11:10:28.669,0.65934,0.65956,1.00,1.00
2016.01.27 11:10:28.934,0.65932,0.65955,1.00,1.00
2016.01.27 11:10:30.394,0.65932,0.65956,1.00,1.00
2016.01.27 11:10:31.260,0.65931,0.65956,1.00,1.00
2016.01.27 11:10:31.411,0.6593,0.65954,1.00,1.00
2016.01.27 11:10:31.462,0.65928,0.65954,1.00,1.00
2016.01.27 11:10:31.512,0.65927,0.65952,1.00,1.00
2016.01.27 11:10:31.824,0.65928,0.6595,1.00,1.00
2016.01.27 11:10:31.925,0.65925,0.6595,1.00,1.00
2016.01.27 11:10:32.076,0.65926,0.65947,1.00,1.00
2016.01.27 11:10:32.315,0.65927,0.65951,1.00,1.00
2016.01.27 11:10:32.922,0.65928,0.65952,1.00,1.00
2016.01.27 11:10:33.661,0.65923,0.65948,1.00,1.00
2016.01.27 11:10:34.354,0.65923,0.65945,1.00,1.00
2016.01.27 11:10:35.236,0.65925,0.65945,1.00,1.00
2016.01.27 11:10:35.344,0.65925,0.65948,1.00,1.00
2016.01.27 11:10:35.565,0.65925,0.65946,1.00,1.00
2016.01.27 11:10:37.455,0.65925,0.65948,1.00,1.00
2016.01.27 11:10:39.294,0.65925,0.65949,1.00,1.00
2016.01.27 11:10:39.475,0.65926,0.65951,1.00,1.00
2016.01.27 11:10:39.934,0.65926,0.65949,1.00,1.00
2016.01.27 11:10:40.297,0.65924,0.65948,1.50,1.00
2016.01.27 11:10:40.685,0.65924,0.6595,2.25,1.00
2016.01.27 11:10:41.282,0.65924,0.65948,1.50,1.00
2016.01.27 11:10:41.599,0.65921,0.65945,1.00,1.00
2016.01.27 11:10:42.222,0.65921,0.65943,1.00,1.00
2016.01.27 11:10:45.022,0.65921,0.65941,1.00,1.00
2016.01.27 11:10:45.530,0.65921,0.65943,1.00,1.00
2016.01.27 11:10:45.756,0.65921,0.65945,1.00,1.00
2016.01.27 11:10:46.292,0.65921,0.65944,1.00,1.00
2016.01.27 11:10:47.761,0.65921,0.65942,1.00,1.00
2016.01.27 11:10:48.339,0.6592,0.65944,1.50,1.00
2016.01.27 11:10:48.823,0.6592,0.65942,1.50,1.00
2016.01.27 11:10:49.314,0.65918,0.65939,1.00,1.00
2016.01.27 11:10:49.364,0.65916,0.65939,1.00,1.00
2016.01.27 11:10:50.215,0.65918,0.65939,1.00,1.00
2016.01.27 11:10:50.410,0.65918,0.65942,1.50,1.00
2016.01.27 11:10:50.511,0.65917,0.65939,1.00,1.00
2016.01.27 11:10:51.107,0.65917,0.6594,1.00,1.00
2016.01.27 11:10:51.684,0.65917,0.65939,1.00,1.00
2016.01.27 11:10:51.734,0.65915,0.65939,1.50,1.00
2016.01.27 11:10:51.835,0.65913,0.65939,1.50,1.00
2016.01.27 11:10:51.936,0.65912,0.65936,1.00,1.00
2016.01.27 11:10:51.992,0.6591,0.65936,1.50,1.00
2016.01.27 11:10:52.042,0.6591,0.65932,1.00,1.00
2016.01.27 11:10:52.563,0.65909,0.65934,1.50,1.00
2016.01.27 11:10:52.815,0.65909,0.65931,1.00,1.00
2016.01.27 11:10:52.865,0.65907,0.65931,1.00,1.00
2016.01.27 11:10:52.916,0.65907,0.65929,1.00,1.00
2016.01.27 11:10:53.255,0.65905,0.65927,1.00,1.00
2016.01.27 11:10:53.915,0.65905,0.65925,1.00,1.00
2016.01.27 11:10:54.066,0.659,0.65924,1.00,1.00
2016.01.27 11:10:54.117,0.659,0.65921,1.00,1.00
2016.01.27 11:10:54.713,0.65899,0.65922,1.50,1.00
2016.01.27 11:10:55.221,0.65899,0.65921,1.00,1.00
2016.01.27 11:10:55.271,0.65897,0.65921,1.00,1.00
2016.01.27 11:10:55.322,0.65897,0.65919,1.00,1.00
2016.01.27 11:10:56.117,0.65897,0.6592,1.00,1.00
2016.01.27 11:10:56.441,0.659,0.65922,1.00,1.00
2016.01.27 11:10:57.074,0.659,0.65923,1.00,1.00
2016.01.27 11:10:57.733,0.659,0.65924,1.00,1.00
2016.01.27 11:10:58.075,0.659,0.65922,1.00,1.00
2016.01.27 11:10:58.697,0.659,0.65924,1.00,1.00
2016.01.27 11:10:58.964,0.65902,0.65924,1.00,1.00
2016.01.27 11:11:00.233,0.65904,0.65924,1.00,1.00
2016.01.27 11:11:00.284,0.65904,0.65926,1.00,1.00
2016.01.27 11:11:00.714,0.65904,0.65928,1.00,1.00
2016.01.27 11:11:01.612,0.65904,0.65927,1.00,1.00
2016.01.27 11:11:02.222,0.65904,0.65928,1.50,1.00
2016.01.27 11:11:03.180,0.65905,0.65928,1.00,1.00
2016.01.27 11:11:03.691,0.65904,0.65928,1.50,1.00
2016.01.27 11:11:04.446,0.65907,0.65928,1.00,1.00
2016.01.27 11:11:04.774,0.65907,0.6593,1.00,1.00
2016.01.27 11:11:05.144,0.65909,0.65929,1.00,1.00
2016.01.27 11:11:05.245,0.65909,0.65932,1.00,1.00
2016.01.27 11:11:05.295,0.65912,0.65932,1.00,1.00
2016.01.27 11:11:05.346,0.65912,0.65934,1.00,1.00
2016.01.27 11:11:05.689,0.6591,0.65933,1.00,1.00
2016.01.27 11:11:05.929,0.65907,0.65933,1.00,1.00
2016.01.27 11:11:05.987,0.65905,0.65928,1.50,1.00
2016.01.27 11:11:06.489,0.65905,0.65929,1.50,1.00
2016.01.27 11:11:06.770,0.65912,0.65938,1.50,1.00
2016.01.27 11:11:06.921,0.65915,0.65938,1.00,1.00
2016.01.27 11:11:07.022,0.65915,0.6594,1.00,1.00
2016.01.27 11:11:07.223,0.65913,0.65939,1.50,1.00
2016.01.27 11:11:07.324,0.65913,0.65937,1.50,1.00
2016.01.27 11:11:07.633,0.65913,0.65939,1.50,1.00
2016.01.27 11:11:08.866,0.65913,0.65938,1.00,1.00
2016.01.27 11:11:09.450,0.65913,0.65937,1.00,1.00
2016.01.27 11:11:09.993,0.65911,0.65935,1.00,1.00
2016.01.27 11:11:10.586,0.6591,0.65935,1.00,1.00
2016.01.27 11:11:10.793,0.65907,0.65933,1.00,1.00
2016.01.27 11:11:10.843,0.65906,0.65929,1.00,1.00
2016.01.27 11:11:11.635,0.65906,0.6593,1.00,1.00
2016.01.27 11:11:13.463,0.65906,0.65929,1.00,1.00
2016.01.27 11:11:13.986,0.65906,0.6593,1.00,1.00
2016.01.27 11:11:14.563,0.65906,0.65931,1.00,1.00
2016.01.27 11:11:14.714,0.65908,0.65934,1.50,1.00
2016.01.27 11:11:15.253,0.65909,0.65932,1.50,1.00
2016.01.27 11:11:15.463,0.65912,0.65936,1.00,1.00
2016.01.27 11:11:15.894,0.65912,0.65933,1.00,1.00
2016.01.27 11:11:16.433,0.65912,0.65935,1.00,1.00
2016.01.27 11:11:16.704,0.6591,0.65935,1.00,1.00
2016.01.27 11:11:17.334,0.65909,0.65935,2.25,1.00
2016.01.27 11:11:17.671,0.65906,0.6593,1.00,1.00
2016.01.27 11:11:18.381,0.65906,0.65931,1.00,1.00
2016.01.27 11:11:18.684,0.6591,0.65933,1.00,1.00
2016.01.27 11:11:18.854,0.6591,0.65935,1.00,1.00
2016.01.27 11:11:19.101,0.6591,0.65932,1.50,1.00
2016.01.27 11:11:19.609,0.6591,0.65933,1.00,1.00
2016.01.27 11:11:20.178,0.65909,0.65934,1.00,1.00
2016.01.27 11:11:20.655,0.65909,0.65932,1.00,1.00
2016.01.27 11:11:20.907,0.65904,0.6593,2.25,1.00
2016.01.27 11:11:21.200,0.65904,0.65928,1.50,1.00
2016.01.27 11:11:21.544,0.6591,0.65933,1.00,1.00
2016.01.27 11:11:22.064,0.6591,0.65935,1.00,1.00
2016.01.27 11:11:24.138,0.65911,0.65935,1.00,1.00
2016.01.27 11:11:24.648,0.6591,0.65934,2.25,1.00
2016.01.27 11:11:25.123,0.65911,0.65937,1.00,1.00
2016.01.27 11:11:25.697,0.65916,0.65942,1.00,1.00
2016.01.27 11:11:26.035,0.65914,0.65939,1.50,1.00
2016.01.27 11:11:26.365,0.65914,0.65937,1.00,1.00
2016.01.27 11:11:26.553,0.65914,0.65939,1.00,1.00
2016.01.27 11:11:27.117,0.65913,0.65939,1.50,1.00
2016.01.27 11:11:28.046,0.65914,0.65939,1.00,1.00
2016.01.27 11:11:28.569,0.65913,0.65939,1.50,1.00
2016.01.27 11:11:29.134,0.65913,0.65938,1.00,1.00
2016.01.27 11:11:29.510,0.65913,0.65936,1.00,1.00
2016.01.27 11:11:29.791,0.6591,0.65934,1.00,1.00
2016.01.27 11:11:30.347,0.65909,0.65934,1.00,1.00
2016.01.27 11:11:31.100,0.65909,0.65933,1.00,1.00
2016.01.27 11:11:31.352,0.65907,0.65932,1.00,1.00
2016.01.27 11:11:32.043,0.65908,0.65932,1.00,1.00
2016.01.27 11:11:32.094,0.65908,0.65934,1.00,1.00
2016.01.27 11:11:32.602,0.65907,0.65933,1.50,1.00
2016.01.27 11:11:33.245,0.65907,0.65931,1.50,1.00
2016.01.27 11:11:33.547,0.65905,0.65927,1.00,1.00
2016.01.27 11:11:33.662,0.65903,0.65927,1.00,1.00
2016.01.27 11:11:34.182,0.65902,0.65928,1.50,1.00
2016.01.27 11:11:34.516,0.65904,0.6593,1.00,1.00
2016.01.27 11:11:35.046,0.65906,0.65932,1.00,1.00
2016.01.27 11:11:36.253,0.65904,0.6593,1.00,1.00
2016.01.27 11:11:36.784,0.65906,0.65932,1.00,1.00
2016.01.27 11:11:37.119,0.65904,0.6593,1.00,1.00
2016.01.27 11:11:39.864,0.65905,0.65931,1.00,1.00
2016.01.27 11:11:41.055,0.65904,0.6593,1.00,1.00
2016.01.27 11:11:42.178,0.65902,0.65928,1.00,1.00
2016.01.27 11:11:42.690,0.65903,0.65929,1.00,1.00
2016.01.27 11:11:43.104,0.65901,0.65927,1.00,1.00
2016.01.27 11:11:44.702,0.65902,0.65928,1.00,1.00
2016.01.27 11:11:46.418,0.65902,0.65926,1.00,1.00
2016.01.27 11:11:47.055,0.65902,0.65924,1.00,1.00
2016.01.27 11:11:47.660,0.65901,0.65924,1.00,1.00
2016.01.27 11:11:48.676,0.65902,0.65924,1.00,1.00
2016.01.27 11:11:49.274,0.65901,0.65924,1.00,1.00
2016.01.27 11:11:50.563,0.65899,0.65924,1.00,1.00
2016.01.27 11:11:51.069,0.65894,0.65919,1.00,1.50
2016.01.27 11:11:51.523,0.65895,0.65921,1.00,1.50
2016.01.27 11:11:51.997,0.65893,0.65919,1.00,1.00
2016.01.27 11:11:52.504,0.65892,0.65918,1.00,1.00
2016.01.27 11:11:53.024,0.65891,0.65917,1.00,1.00
2016.01.27 11:11:53.613,0.65893,0.65917,1.00,1.00
2016.01.27 11:11:53.864,0.65897,0.65923,1.00,1.00
2016.01.27 11:11:53.965,0.65901,0.65924,1.00,1.00
2016.01.27 11:11:54.299,0.65897,0.65923,1.00,1.50
2016.01.27 11:11:54.350,0.65897,0.65921,1.00,1.00
2016.01.27 11:11:54.752,0.65894,0.65918,1.00,1.00
2016.01.27 11:11:55.635,0.65892,0.65918,1.00,1.00
2016.01.27 11:11:58.673,0.65895,0.6592,1.00,1.00
2016.01.27 11:12:00.112,0.65896,0.65921,1.00,1.00
2016.01.27 11:12:00.445,0.65898,0.65921,1.00,1.00
2016.01.27 11:12:00.996,0.65896,0.65921,1.00,1.00
2016.01.27 11:12:02.163,0.65899,0.65921,1.00,1.00
2016.01.27 11:12:02.213,0.65899,0.65923,1.50,1.50
2016.01.27 11:12:02.314,0.65901,0.65923,1.00,1.00
2016.01.27 11:12:02.868,0.659,0.65923,1.00,1.00
2016.01.27 11:12:02.919,0.659,0.65925,1.00,1.00
2016.01.27 11:12:02.969,0.65902,0.65925,1.00,1.00
2016.01.27 11:12:03.479,0.65899,0.65925,1.00,1.50
2016.01.27 11:12:04.063,0.65899,0.65924,1.00,1.00
2016.01.27 11:12:04.723,0.65899,0.65923,1.00,1.00
2016.01.27 11:12:05.273,0.65898,0.65924,1.00,1.50
2016.01.27 11:12:05.624,0.659,0.65924,1.00,1.00
2016.01.27 11:12:05.847,0.65898,0.65924,1.00,1.50
2016.01.27 11:12:06.238,0.65897,0.65922,1.00,1.00
2016.01.27 11:12:06.726,0.65899,0.65923,1.00,1.50
2016.01.27 11:12:07.284,0.65897,0.65923,1.00,1.50
2016.01.27 11:12:07.802,0.65898,0.65923,1.00,1.00
2016.01.27 11:12:11.771,0.65897,0.65923,1.00,1.50
2016.01.27 11:12:12.313,0.65896,0.65922,1.00,1.00
2016.01.27 11:12:12.927,0.65894,0.6592,1.00,1.50
2016.01.27 11:12:13.279,0.65897,0.65921,1.00,1.50
2016.01.27 11:12:14.313,0.65898,0.65921,1.00,1.00
2016.01.27 11:12:14.840,0.65897,0.65921,1.00,1.50
2016.01.27 11:12:17.397,0.65896,0.65921,1.00,1.00
2016.01.27 11:12:17.899,0.65897,0.65922,1.00,1.00
2016.01.27 11:12:18.754,0.65899,0.65922,1.00,1.00
2016.01.27 11:12:19.176,0.65899,0.65924,1.00,1.00
2016.01.27 11:12:19.737,0.659,0.65924,1.00,1.50
2016.01.27 11:12:20.251,0.65899,0.65924,1.00,1.00
2016.01.27 11:12:22.893,0.65899,0.65923,1.00,1.00
2016.01.27 11:12:23.184,0.659,0.65925,1.00,1.00
2016.01.27 11:12:23.235,0.65902,0.65925,1.00,1.00
2016.01.27 11:12:23.791,0.65901,0.65925,1.00,1.00
2016.01.27 11:12:24.742,0.659,0.65924,1.00,1.00
2016.01.27 11:12:25.874,0.65901,0.65925,1.00,1.00
2016.01.27 11:12:26.545,0.65902,0.65925,1.00,1.00
2016.01.27 11:12:27.250,0.65903,0.65925,1.00,1.00
2016.01.27 11:12:27.965,0.65901,0.65925,1.00,1.00
2016.01.27 11:12:28.267,0.659,0.65923,1.00,1.00
2016.01.27 11:12:28.583,0.65903,0.65924,1.00,1.00
2016.01.27 11:12:28.935,0.65905,0.65926,1.00,1.00
2016.01.27 11:12:28.985,0.65902,0.65928,1.00,1.00
2016.01.27 11:12:29.144,0.65904,0.65928,1.00,1.00
2016.01.27 11:12:29.719,0.65905,0.65928,1.00,1.00
2016.01.27 11:12:30.029,0.65905,0.65926,1.00,1.00
2016.01.27 11:12:30.589,0.65906,0.65926,1.00,1.00
2016.01.27 11:12:30.879,0.65906,0.65928,1.00,1.00
2016.01.27 11:12:30.980,0.65907,0.6593,1.00,1.00
2016.01.27 11:12:32.208,0.65907,0.65928,1.00,1.00
2016.01.27 11:12:32.680,0.65905,0.65927,1.00,1.00
2016.01.27 11:12:34.419,0.65905,0.65925,1.00,1.00
2016.01.27 11:12:34.469,0.65903,0.65925,1.00,1.00
2016.01.27 11:12:34.651,0.65901,0.65925,1.00,1.00
2016.01.27 11:12:35.003,0.65901,0.65923,1.00,1.00
2016.01.27 11:12:35.354,0.65898,0.65922,1.00,1.00
2016.01.27 11:12:35.885,0.65898,0.65923,1.00,1.00
2016.01.27 11:12:36.120,0.65902,0.65923,1.00,1.00
2016.01.27 11:12:36.556,0.659,0.65923,1.00,1.00
2016.01.27 11:12:37.532,0.65903,0.65923,1.00,1.00
2016.01.27 11:12:41.165,0.65904,0.65925,1.00,1.00
2016.01.27 11:12:41.266,0.65906,0.65925,1.00,1.00
2016.01.27 11:12:41.417,0.65906,0.65927,1.00,1.00
2016.01.27 11:12:41.669,0.65907,0.65929,1.00,1.00
2016.01.27 11:12:41.871,0.65911,0.65929,1.00,1.00
2016.01.27 11:12:41.972,0.65908,0.65929,1.00,1.00
2016.01.27 11:12:43.114,0.65907,0.65929,1.00,1.00
2016.01.27 11:12:43.932,0.65908,0.65929,1.00,1.00
2016.01.27 11:12:44.506,0.65909,0.65929,1.00,1.00
2016.01.27 11:12:44.715,0.65907,0.65929,1.00,1.00
2016.01.27 11:12:45.252,0.65908,0.65929,1.00,1.00
2016.01.27 11:12:46.242,0.65909,0.65929,1.00,1.00
2016.01.27 11:12:47.061,0.65907,0.65929,1.00,1.00
2016.01.27 11:12:48.005,0.65906,0.65929,1.00,1.00
2016.01.27 11:12:48.107,0.65906,0.65927,1.00,1.00
2016.01.27 11:12:49.109,0.65905,0.65926,1.00,1.00
2016.01.27 11:12:49.904,0.65906,0.65926,1.00,1.00
2016.01.27 11:12:50.634,0.65905,0.65926,1.00,1.00
2016.01.27 11:12:51.159,0.65905,0.65927,1.00,1.00
2016.01.27 11:12:51.891,0.65902,0.65927,1.00,1.00
2016.01.27 11:12:52.415,0.65904,0.65927,1.00,1.00
2016.01.27 11:12:52.658,0.65906,0.6593,1.00,1.00
2016.01.27 11:12:52.709,0.65906,0.65932,1.00,1.00
2016.01.27 11:12:52.926,0.65907,0.65929,1.00,1.00
2016.01.27 11:12:53.177,0.65907,0.65931,1.00,1.00
2016.01.27 11:12:53.619,0.6591,0.65931,1.00,1.00
2016.01.27 11:12:54.234,0.65909,0.65931,1.00,1.00
2016.01.27 11:12:54.713,0.65907,0.65931,1.00,1.00
2016.01.27 11:12:55.043,0.65909,0.65931,1.00,1.00
2016.01.27 11:12:55.331,0.6591,0.65933,1.00,1.00
2016.01.27 11:12:55.625,0.65908,0.65932,1.00,1.50
2016.01.27 11:12:56.177,0.65907,0.65932,1.00,1.00
2016.01.27 11:12:56.302,0.65908,0.6593,1.00,1.00
2016.01.27 11:12:56.536,0.65906,0.6593,1.00,1.00
2016.01.27 11:12:56.760,0.65906,0.65932,1.00,1.50
2016.01.27 11:12:57.020,0.65912,0.65933,1.00,1.00
2016.01.27 11:12:57.121,0.65912,0.65936,1.00,1.50
2016.01.27 11:12:57.430,0.65913,0.65938,1.00,1.00
2016.01.27 11:12:58.132,0.65916,0.65938,1.00,1.00
2016.01.27 11:12:58.232,0.65916,0.6594,1.00,1.50
2016.01.27 11:12:58.667,0.65911,0.65935,1.00,1.00
2016.01.27 11:12:59.010,0.65914,0.65938,1.00,1.50
2016.01.27 11:12:59.311,0.65917,0.65941,1.00,1.00
2016.01.27 11:12:59.932,0.65917,0.65938,1.00,1.00
2016.01.27 11:13:00.033,0.65913,0.65937,1.00,1.00
2016.01.27 11:13:00.749,0.65912,0.65938,1.00,1.50
2016.01.27 11:13:01.452,0.65912,0.65935,1.00,1.00
2016.01.27 11:13:01.954,0.65912,0.65938,1.00,1.50
2016.01.27 11:13:02.342,0.65912,0.65935,1.00,1.00
2016.01.27 11:13:02.642,0.65909,0.65935,1.00,1.50
2016.01.27 11:13:03.549,0.6591,0.65935,1.00,1.00
2016.01.27 11:13:04.611,0.65911,0.65935,1.00,1.00
2016.01.27 11:13:06.392,0.6591,0.65935,1.00,1.00
2016.01.27 11:13:07.712,0.65911,0.65935,1.00,1.00
2016.01.27 11:13:08.682,0.6591,0.65935,1.00,1.00
2016.01.27 11:13:08.943,0.65908,0.65932,1.00,1.00
2016.01.27 11:13:09.044,0.65906,0.65932,1.00,1.00
2016.01.27 11:13:09.122,0.65908,0.65933,1.00,1.00
2016.01.27 11:13:09.891,0.65909,0.65933,1.00,1.00
2016.01.27 11:13:11.002,0.6591,0.65936,1.00,1.50
2016.01.27 11:13:11.311,0.65913,0.65937,1.00,1.50
2016.01.27 11:13:11.814,0.65914,0.65938,1.00,1.00
2016.01.27 11:13:12.008,0.65914,0.6594,1.50,1.50
2016.01.27 11:13:12.210,0.65917,0.6594,1.00,1.00
2016.01.27 11:13:12.731,0.65916,0.65939,1.00,1.00
2016.01.27 11:13:13.050,0.65914,0.65935,1.50,1.00
2016.01.27 11:13:13.859,0.65914,0.65938,1.50,1.00
2016.01.27 11:13:14.512,0.65915,0.65938,1.00,1.00
2016.01.27 11:13:16.909,0.6591,0.65936,1.00,1.00
2016.01.27 11:13:16.960,0.65909,0.65934,1.50,1.00
2016.01.27 11:13:17.301,0.65909,0.65931,1.00,1.00
2016.01.27 11:13:18.433,0.65909,0.6593,1.00,1.00
2016.01.27 11:13:19.224,0.65907,0.6593,1.00,1.00
2016.01.27 11:13:19.610,0.65904,0.6593,1.50,1.50
2016.01.27 11:13:19.660,0.65904,0.65928,1.50,1.00
2016.01.27 11:13:20.382,0.65905,0.65928,1.00,1.00
2016.01.27 11:13:21.042,0.65904,0.65928,1.50,1.00
2016.01.27 11:13:22.584,0.65905,0.65928,1.00,1.00
2016.01.27 11:13:27.971,0.6591,0.65928,1.00,1.00
2016.01.27 11:13:28.091,0.65907,0.65928,1.00,1.00
2016.01.27 11:13:28.743,0.65908,0.65928,1.00,1.00
2016.01.27 11:13:29.401,0.65907,0.65928,1.00,1.00
2016.01.27 11:13:30.449,0.65907,0.65926,1.00,1.00
2016.01.27 11:13:30.600,0.65899,0.65922,1.00,1.00
2016.01.27 11:13:30.650,0.65899,0.65919,1.00,1.00
2016.01.27 11:13:30.701,0.65899,0.65921,1.00,1.00
2016.01.27 11:13:30.751,0.65905,0.65924,1.00,1.00
2016.01.27 11:13:31.046,0.65906,0.65926,1.00,1.00
2016.01.27 11:13:31.936,0.65905,0.65924,1.00,1.00
2016.01.27 11:13:32.426,0.659,0.65917,1.00,1.00
2016.01.27 11:13:32.577,0.659,0.65919,1.00,1.00
2016.01.27 11:13:32.678,0.65899,0.65921,1.50,1.00
2016.01.27 11:13:32.779,0.65901,0.65922,1.00,1.00
2016.01.27 11:13:33.127,0.65904,0.65922,1.00,1.00
2016.01.27 11:13:33.278,0.65904,0.65924,1.00,1.00
2016.01.27 11:13:33.379,0.65904,0.65926,1.00,1.00
2016.01.27 11:13:33.429,0.65904,0.65923,1.00,1.00
2016.01.27 11:13:33.675,0.659,0.65921,1.50,1.00
2016.01.27 11:13:33.877,0.65902,0.65922,1.00,1.00
2016.01.27 11:13:35.301,0.65899,0.65922,1.00,1.00
2016.01.27 11:13:35.452,0.65899,0.65919,1.00,1.00
2016.01.27 11:13:35.703,0.65896,0.65919,1.00,1.00
2016.01.27 11:13:35.916,0.65899,0.65919,1.00,1.00
2016.01.27 11:13:35.966,0.65899,0.65922,1.00,1.00
2016.01.27 11:13:36.578,0.659,0.65922,1.00,1.00
2016.01.27 11:13:38.215,0.659,0.65923,1.00,1.00
2016.01.27 11:13:38.819,0.65902,0.65923,1.00,1.00
2016.01.27 11:13:38.970,0.65899,0.65922,1.00,1.00
2016.01.27 11:13:39.511,0.65899,0.65921,1.00,1.50
2016.01.27 11:13:39.919,0.65899,0.65917,1.00,1.00
2016.01.27 11:13:39.969,0.65895,0.65916,1.50,1.00
2016.01.27 11:13:40.472,0.65894,0.65916,1.50,1.00
2016.01.27 11:13:40.839,0.65893,0.65918,1.00,1.00
2016.01.27 11:13:40.940,0.65896,0.65918,1.00,1.00
2016.01.27 11:13:41.253,0.65902,0.65924,1.00,1.00
2016.01.27 11:13:41.797,0.65901,0.65924,1.00,1.00
2016.01.27 11:13:42.592,0.659,0.65924,1.00,1.50
2016.01.27 11:13:42.901,0.65899,0.65921,1.00,1.00
2016.01.27 11:13:43.212,0.65899,0.65919,1.00,1.00
2016.01.27 11:13:43.927,0.659,0.65919,1.50,1.00
2016.01.27 11:13:44.462,0.659,0.6592,1.00,1.00
2016.01.27 11:13:45.080,0.65899,0.6592,1.50,1.00
2016.01.27 11:13:45.593,0.659,0.6592,1.00,1.00
2016.01.27 11:13:46.067,0.65899,0.65917,1.50,1.00
2016.01.27 11:13:46.385,0.65895,0.65913,1.00,1.00
2016.01.27 11:13:47.069,0.65894,0.65913,1.00,1.00
2016.01.27 11:13:48.365,0.65895,0.65913,1.00,1.00
2016.01.27 11:13:48.888,0.65894,0.65914,1.00,1.00
2016.01.27 11:13:49.430,0.65892,0.65914,1.00,1.00
2016.01.27 11:13:50.419,0.65894,0.65914,1.00,1.00
2016.01.27 11:13:50.532,0.65895,0.65916,1.00,1.00
2016.01.27 11:13:50.591,0.65893,0.65916,1.00,1.00
2016.01.27 11:13:50.644,0.65894,0.65913,1.00,1.00
2016.01.27 11:13:51.742,0.65894,0.65916,1.50,1.00
2016.01.27 11:13:52.315,0.65894,0.65917,1.00,1.00
2016.01.27 11:13:52.445,0.65894,0.65914,1.00,1.00
2016.01.27 11:13:52.672,0.65895,0.65917,1.50,1.00
2016.01.27 11:13:52.842,0.65895,0.6592,1.00,1.00
2016.01.27 11:13:52.944,0.65897,0.6592,1.00,1.00
2016.01.27 11:13:53.296,0.65897,0.65918,1.00,1.00
2016.01.27 11:13:53.634,0.65899,0.65919,1.00,1.00
2016.01.27 11:13:53.864,0.65897,0.65919,1.00,1.00
2016.01.27 11:13:54.571,0.65897,0.65918,1.00,1.00
2016.01.27 11:13:55.552,0.65896,0.65918,1.00,1.00
2016.01.27 11:13:55.653,0.65891,0.65917,1.00,1.00
2016.01.27 11:13:55.703,0.65891,0.65914,1.00,1.00
2016.01.27 11:13:56.251,0.65891,0.65913,1.00,1.00
2016.01.27 11:13:56.582,0.65887,0.65911,1.00,1.00
2016.01.27 11:13:56.683,0.65886,0.65909,1.00,1.00
2016.01.27 11:13:57.011,0.65889,0.65909,1.00,1.00
2016.01.27 11:13:57.557,0.6589,0.65909,1.00,1.00
2016.01.27 11:13:57.607,0.6589,0.65911,1.00,1.00
2016.01.27 11:13:58.162,0.65887,0.6591,1.00,1.00
2016.01.27 11:14:00.362,0.65887,0.65911,1.00,1.50
2016.01.27 11:14:00.513,0.65889,0.65912,1.00,1.00
2016.01.27 11:14:00.976,0.65893,0.65912,1.00,1.00
2016.01.27 11:14:01.085,0.65891,0.65912,1.00,1.00
2016.01.27 11:14:01.590,0.6589,0.65912,1.00,1.00
2016.01.27 11:14:03.067,0.65892,0.65912,1.00,1.00
2016.01.27 11:14:03.178,0.6589,0.65912,1.00,1.00
2016.01.27 11:14:03.796,0.65891,0.65912,1.00,1.00
2016.01.27 11:14:04.460,0.6589,0.65912,1.00,1.00
2016.01.27 11:14:05.261,0.65891,0.65912,1.00,1.00
2016.01.27 11:14:06.981,0.65892,0.65912,1.00,1.00
2016.01.27 11:14:07.570,0.65891,0.65912,1.00,1.00
2016.01.27 11:14:08.308,0.65892,0.65912,1.00,1.00
2016.01.27 11:14:08.918,0.65891,0.65912,1.00,1.00
2016.01.27 11:14:10.340,0.65891,0.65914,1.00,1.00
2016.01.27 11:14:10.667,0.65894,0.65915,1.00,1.00
2016.01.27 11:14:11.399,0.65894,0.65917,1.00,1.00
2016.01.27 11:14:11.895,0.65894,0.65919,1.50,1.00
2016.01.27 11:14:11.946,0.65899,0.65919,1.00,1.00
2016.01.27 11:14:12.097,0.65901,0.65924,1.00,1.00
2016.01.27 11:14:13.823,0.659,0.65924,1.50,1.00
2016.01.27 11:14:13.924,0.65907,0.65925,1.00,1.00
2016.01.27 11:14:14.025,0.65907,0.65929,1.00,1.00
2016.01.27 11:14:14.511,0.65909,0.65929,1.00,1.00
2016.01.27 11:14:15.119,0.65909,0.65928,1.00,1.00
2016.01.27 11:14:15.270,0.65905,0.65928,1.00,1.50
2016.01.27 11:14:15.421,0.65904,0.65926,1.00,1.00
2016.01.27 11:14:17.322,0.65903,0.65926,1.00,1.00
2016.01.27 11:14:18.452,0.65906,0.65928,1.00,1.00
2016.01.27 11:14:18.503,0.65906,0.65931,1.00,1.00
2016.01.27 11:14:18.553,0.65912,0.65932,1.00,1.00
2016.01.27 11:14:18.755,0.6591,0.65934,1.50,1.00
2016.01.27 11:14:19.303,0.65909,0.65932,1.00,1.00
2016.01.27 11:14:19.605,0.65908,0.65929,1.00,1.00
2016.01.27 11:14:19.826,0.65911,0.65933,1.00,1.00
2016.01.27 11:14:19.876,0.65913,0.65933,1.00,1.00
2016.01.27 11:14:20.258,0.65915,0.65934,1.00,1.00
2016.01.27 11:14:21.843,0.65914,0.65934,1.00,1.00
2016.01.27 11:14:21.943,0.65912,0.65934,1.00,1.00
2016.01.27 11:14:22.344,0.65909,0.65934,1.00,1.00
2016.01.27 11:14:22.394,0.65909,0.65931,1.00,1.00
2016.01.27 11:14:22.495,0.65906,0.6593,1.00,1.00
2016.01.27 11:14:22.646,0.65908,0.6593,1.00,1.00
2016.01.27 11:14:23.327,0.65909,0.6593,1.00,1.00
2016.01.27 11:14:23.378,0.65909,0.65932,1.00,1.00
2016.01.27 11:14:23.966,0.65908,0.65932,1.00,1.00
2016.01.27 11:14:24.016,0.65908,0.65928,1.00,1.00
2016.01.27 11:14:24.167,0.65905,0.65926,1.00,1.00
2016.01.27 11:14:24.662,0.65907,0.65929,1.00,1.00
2016.01.27 11:14:25.030,0.65908,0.65927,1.00,1.00
2016.01.27 11:14:25.131,0.65905,0.65927,1.00,1.00
2016.01.27 11:14:25.688,0.65905,0.65931,1.00,1.00
2016.01.27 11:14:26.221,0.65907,0.65931,1.00,1.00
2016.01.27 11:14:26.914,0.65908,0.65932,1.00,1.00
2016.01.27 11:14:29.142,0.65907,0.65933,1.00,1.00
2016.01.27 11:14:29.444,0.6591,0.65936,1.00,1.00
2016.01.27 11:14:30.133,0.65911,0.65935,1.00,1.00
2016.01.27 11:14:30.184,0.65908,0.65934,1.00,1.00
2016.01.27 11:14:30.410,0.65908,0.65932,1.00,1.00
2016.01.27 11:14:30.739,0.6591,0.65934,1.00,1.00
2016.01.27 11:14:30.890,0.6591,0.65937,1.00,1.00
2016.01.27 11:14:31.417,0.6591,0.65936,1.00,1.00
2016.01.27 11:14:32.830,0.65911,0.65935,1.00,1.00
2016.01.27 11:14:33.270,0.65911,0.65937,1.00,1.00
2016.01.27 11:14:35.915,0.65909,0.65935,1.00,1.00
2016.01.27 11:14:36.019,0.6591,0.65937,1.00,1.00
2016.01.27 11:14:38.565,0.65907,0.65933,1.00,1.00
2016.01.27 11:14:40.021,0.65908,0.65934,1.00,1.00
2016.01.27 11:14:40.455,0.65907,0.65931,1.00,1.00
2016.01.27 11:14:40.517,0.65902,0.65928,1.00,1.00
2016.01.27 11:14:40.568,0.65905,0.6593,1.00,1.00
2016.01.27 11:14:42.292,0.65905,0.65932,1.00,1.00
2016.01.27 11:14:42.549,0.65907,0.65933,1.00,1.00
2016.01.27 11:14:42.869,0.65907,0.65931,1.00,1.00
2016.01.27 11:14:42.970,0.65905,0.65931,1.00,1.00
2016.01.27 11:14:43.309,0.65906,0.65933,1.00,1.00
2016.01.27 11:14:43.609,0.65906,0.6593,1.00,1.00
2016.01.27 11:14:44.600,0.65903,0.6593,1.00,1.00
2016.01.27 11:14:45.034,0.65905,0.65931,1.00,1.00
2016.01.27 11:14:46.431,0.65905,0.65929,1.00,1.00
2016.01.27 11:14:47.695,0.65905,0.65931,1.00,1.00
2016.01.27 11:14:47.948,0.65908,0.65934,1.00,1.00
2016.01.27 11:14:48.459,0.65909,0.65933,1.00,1.00
2016.01.27 11:14:48.767,0.65906,0.65932,1.00,1.00
2016.01.27 11:14:48.818,0.65909,0.65933,1.00,1.00
2016.01.27 11:14:49.115,0.65907,0.65933,1.00,1.00
2016.01.27 11:14:49.550,0.65909,0.65933,1.00,1.00
2016.01.27 11:14:50.918,0.65907,0.65933,1.00,1.00
2016.01.27 11:14:51.558,0.65908,0.65932,1.00,1.00
2016.01.27 11:14:52.209,0.65907,0.65931,1.00,1.00
2016.01.27 11:14:53.182,0.65907,0.65933,1.00,1.00
2016.01.27 11:14:55.383,0.65908,0.65932,1.00,1.00
2016.01.27 11:14:56.303,0.65908,0.65934,1.00,1.00
2016.01.27 11:14:56.953,0.65909,0.65935,1.00,1.00
2016.01.27 11:14:57.361,0.65911,0.65937,1.00,1.00
2016.01.27 11:14:57.846,0.65917,0.65941,1.00,1.00
2016.01.27 11:14:58.152,0.65915,0.65939,1.00,1.00
2016.01.27 11:14:58.582,0.65912,0.65938,1.00,1.00
2016.01.27 11:14:59.450,0.65911,0.65937,1.00,1.00
2016.01.27 11:15:00.368,0.65913,0.65939,1.00,1.00
2016.01.27 11:15:02.572,0.65914,0.65938,1.00,1.00
2016.01.27 11:15:03.771,0.65914,0.6594,1.00,1.00
2016.01.27 11:15:04.627,0.65915,0.65941,1.00,1.00
2016.01.27 11:15:05.211,0.65916,0.65942,1.00,1.00
2016.01.27 11:15:05.780,0.65917,0.65943,1.00,1.00
2016.01.27 11:15:06.516,0.6592,0.65946,1.00,1.50
2016.01.27 11:15:06.818,0.65922,0.65948,1.00,1.00
2016.01.27 11:15:07.682,0.65921,0.65947,1.50,1.00
2016.01.27 11:15:08.251,0.65921,0.65945,1.00,1.00
2016.01.27 11:15:08.871,0.65921,0.65947,1.50,1.00
2016.01.27 11:15:09.388,0.65922,0.65948,1.00,1.00
2016.01.27 11:15:09.461,0.65921,0.65946,1.00,1.00
2016.01.27 11:15:10.014,0.65919,0.65945,1.50,1.00
2016.01.27 11:15:10.232,0.65922,0.65946,1.00,1.00
2016.01.27 11:15:10.562,0.65927,0.65951,1.00,1.00
2016.01.27 11:15:10.663,0.65927,0.65954,1.00,1.00
2016.01.27 11:15:10.814,0.6593,0.65957,1.00,1.00
2016.01.27 11:15:11.138,0.65933,0.65959,1.00,1.00
2016.01.27 11:15:12.569,0.65932,0.65959,1.00,1.00
2016.01.27 11:15:12.911,0.65931,0.65955,1.00,1.00
2016.01.27 11:15:13.012,0.65928,0.65954,1.00,1.00
2016.01.27 11:15:13.756,0.65931,0.65955,1.00,1.00
2016.01.27 11:15:14.065,0.65933,0.65957,1.00,1.00
2016.01.27 11:15:17.497,0.65933,0.65959,1.00,1.00
2016.01.27 11:15:18.370,0.65931,0.65956,1.00,1.00
2016.01.27 11:15:18.811,0.65932,0.65958,1.00,1.00
2016.01.27 11:15:19.030,0.6593,0.65956,1.00,1.00
2016.01.27 11:15:19.688,0.65931,0.65957,1.00,1.00
2016.01.27 11:15:24.584,0.65932,0.65958,1.00,1.00
2016.01.27 11:15:24.891,0.65935,0.65959,1.00,1.00
2016.01.27 11:15:25.082,0.65932,0.65958,1.00,1.00
2016.01.27 11:15:25.623,0.65931,0.65957,1.00,1.00
2016.01.27 11:15:26.615,0.6593,0.65956,1.50,1.00
2016.01.27 11:15:27.096,0.65928,0.65954,1.00,1.00
2016.01.27 11:15:29.700,0.65929,0.65953,1.00,1.00
2016.01.27 11:15:30.210,0.6593,0.65954,1.00,1.00
2016.01.27 11:15:30.801,0.6593,0.65956,1.00,1.00
2016.01.27 11:15:31.791,0.65932,0.65956,1.00,1.00
2016.01.27 11:15:32.379,0.65931,0.65955,1.00,1.00
2016.01.27 11:15:32.891,0.65929,0.65955,1.00,1.00
2016.01.27 11:15:33.150,0.65926,0.65952,1.00,1.00
2016.01.27 11:15:33.471,0.65929,0.65955,1.00,1.00
2016.01.27 11:15:34.251,0.65928,0.65954,1.00,1.00
2016.01.27 11:15:34.790,0.65933,0.65959,1.00,1.00
2016.01.27 11:15:36.976,0.65934,0.65958,1.00,1.00
2016.01.27 11:15:37.291,0.65935,0.65961,1.00,1.00
2016.01.27 11:15:37.846,0.65934,0.6596,1.00,1.00
2016.01.27 11:15:38.831,0.65933,0.65959,1.00,1.00
2016.01.27 11:15:39.300,0.65935,0.65961,1.00,1.00
2016.01.27 11:15:39.650,0.65933,0.65959,1.00,1.00
2016.01.27 11:15:39.952,0.65935,0.65961,1.00,1.00
2016.01.27 11:15:40.684,0.65935,0.6596,1.00,1.00
2016.01.27 11:15:41.294,0.65935,0.65961,1.50,1.00
2016.01.27 11:15:44.750,0.65937,0.65961,1.00,1.00
2016.01.27 11:15:45.261,0.65936,0.65962,1.00,1.00
2016.01.27 11:15:47.123,0.65937,0.65963,1.00,1.00
2016.01.27 11:15:47.461,0.65939,0.65962,1.00,1.00
2016.01.27 11:15:47.562,0.65944,0.65969,1.00,1.00
2016.01.27 11:15:47.768,0.65948,0.65973,1.00,1.00
2016.01.27 11:15:47.870,0.65949,0.65975,1.00,1.00
2016.01.27 11:15:48.492,0.6595,0.65975,1.00,1.00
2016.01.27 11:15:48.971,0.65951,0.65977,1.00,1.00
2016.01.27 11:15:49.397,0.65954,0.6598,1.00,1.00
2016.01.27 11:15:49.729,0.65956,0.6598,1.00,1.00
2016.01.27 11:15:50.437,0.65954,0.6598,1.00,1.00
2016.01.27 11:15:51.671,0.65953,0.65977,1.00,1.00
2016.01.27 11:15:51.722,0.65948,0.65974,1.00,1.00
2016.01.27 11:15:52.332,0.65947,0.65973,1.00,1.00
2016.01.27 11:15:54.030,0.65947,0.65971,1.00,1.00
2016.01.27 11:15:54.230,0.65948,0.65974,1.00,1.00
2016.01.27 11:15:54.451,0.6595,0.65975,1.00,1.00
2016.01.27 11:15:54.670,0.65948,0.65974,1.00,1.00
2016.01.27 11:15:55.342,0.65953,0.65979,1.00,1.00
2016.01.27 11:15:56.250,0.6595,0.65973,1.00,1.00
2016.01.27 11:15:57.091,0.6595,0.65972,1.00,1.00
2016.01.27 11:15:57.142,0.65948,0.65972,1.00,1.00
2016.01.27 11:15:57.757,0.65948,0.65973,1.00,1.00
2016.01.27 11:15:58.174,0.65945,0.65969,1.50,1.00
2016.01.27 11:15:58.521,0.65943,0.65968,1.00,1.00
2016.01.27 11:15:58.863,0.65943,0.65965,1.00,1.00
2016.01.27 11:15:58.914,0.6594,0.65965,1.00,1.00
2016.01.27 11:15:59.146,0.65938,0.65964,1.50,1.00
2016.01.27 11:15:59.401,0.65938,0.65961,1.00,1.00
2016.01.27 11:15:59.944,0.65937,0.65961,1.00,1.00
2016.01.27 11:16:00.246,0.65931,0.65955,1.00,1.00
2016.01.27 11:16:00.296,0.65931,0.65957,1.50,1.00
2016.01.27 11:16:01.160,0.65933,0.65959,1.00,1.00
2016.01.27 11:16:01.461,0.65936,0.6596,1.00,1.00
2016.01.27 11:16:01.634,0.65937,0.65963,1.00,1.00
2016.01.27 11:16:01.835,0.65938,0.6596,1.00,1.00
2016.01.27 11:16:02.374,0.65938,0.65958,1.00,1.00
2016.01.27 11:16:02.479,0.65936,0.65958,1.00,1.00
2016.01.27 11:16:03.258,0.65936,0.65959,1.00,1.00
2016.01.27 11:16:05.091,0.65938,0.65959,1.00,1.00
2016.01.27 11:16:05.938,0.65938,0.65961,1.00,1.00
2016.01.27 11:16:06.457,0.65938,0.6596,1.00,1.00
2016.01.27 11:16:07.980,0.65938,0.65958,1.00,1.00
2016.01.27 11:16:08.181,0.65935,0.65958,1.00,1.00
2016.01.27 11:16:09.242,0.65935,0.65956,1.00,1.00
2016.01.27 11:16:09.961,0.65933,0.65956,1.00,1.00
2016.01.27 11:16:12.279,0.65933,0.65953,1.00,1.00
2016.01.27 11:16:12.819,0.65933,0.65955,1.00,1.00
2016.01.27 11:16:13.358,0.65933,0.65954,1.00,1.00
2016.01.27 11:16:14.058,0.65933,0.65956,1.00,1.00
2016.01.27 11:16:15.130,0.65933,0.65954,1.00,1.00
2016.01.27 11:16:15.450,0.65933,0.65956,1.00,1.00
2016.01.27 11:16:15.520,0.65933,0.65954,1.00,1.00
2016.01.27 11:16:16.180,0.65933,0.65955,1.00,1.00
2016.01.27 11:16:16.553,0.65933,0.65957,1.00,1.00
2016.01.27 11:16:16.977,0.65935,0.65958,1.00,1.00
2016.01.27 11:16:17.320,0.65936,0.6596,1.00,1.00
2016.01.27 11:16:17.501,0.65936,0.65957,1.00,1.00
2016.01.27 11:16:18.290,0.65936,0.65958,1.00,1.00
2016.01.27 11:16:18.820,0.65936,0.65961,1.00,1.00
2016.01.27 11:16:18.920,0.65941,0.65961,1.00,1.00
2016.01.27 11:16:19.167,0.65941,0.65964,1.00,1.00
2016.01.27 11:16:19.681,0.65941,0.65963,1.00,1.00
2016.01.27 11:16:19.843,0.65939,0.65961,1.00,1.00
2016.01.27 11:16:19.960,0.65937,0.65961,1.50,1.00
2016.01.27 11:16:20.218,0.65937,0.65958,1.00,1.00
2016.01.27 11:16:20.721,0.65938,0.65958,1.00,1.00
2016.01.27 11:16:20.821,0.65936,0.65958,1.00,1.00
2016.01.27 11:16:20.922,0.65936,0.65956,1.00,1.00
2016.01.27 11:16:21.303,0.65935,0.65959,1.00,1.00
2016.01.27 11:16:21.504,0.65931,0.65957,1.50,1.00
2016.01.27 11:16:22.028,0.65931,0.65955,1.00,1.00
2016.01.27 11:16:22.129,0.65931,0.65957,1.00,1.00
2016.01.27 11:16:22.708,0.65932,0.65958,1.00,1.00
2016.01.27 11:16:23.234,0.65933,0.65957,1.00,1.00
2016.01.27 11:16:24.237,0.65932,0.65956,1.00,1.00
2016.01.27 11:16:24.749,0.65931,0.65957,1.00,1.00
2016.01.27 11:16:25.293,0.65932,0.65958,1.00,1.00
2016.01.27 11:16:25.892,0.65932,0.65959,1.00,1.00
2016.01.27 11:16:29.198,0.65933,0.65958,1.00,1.00
2016.01.27 11:16:29.520,0.65935,0.65961,1.00,1.00
2016.01.27 11:16:30.298,0.6594,0.65964,1.00,1.00
2016.01.27 11:16:30.707,0.65948,0.65972,1.00,1.00
2016.01.27 11:16:30.932,0.65949,0.65975,1.00,1.00
2016.01.27 11:16:31.249,0.65948,0.65972,1.00,1.00
2016.01.27 11:16:33.559,0.65948,0.65974,1.00,1.00
2016.01.27 11:16:34.228,0.65947,0.65971,1.00,1.00
2016.01.27 11:16:34.329,0.65947,0.65973,1.00,1.00
2016.01.27 11:16:34.879,0.65948,0.65974,1.00,1.00
2016.01.27 11:16:34.930,0.6595,0.65974,1.00,1.00
2016.01.27 11:16:35.231,0.6595,0.65976,1.00,1.00
2016.01.27 11:16:36.641,0.65949,0.65973,1.00,1.00
2016.01.27 11:16:36.911,0.65947,0.65973,1.00,1.00
2016.01.27 11:16:37.629,0.65947,0.65971,1.00,1.00
2016.01.27 11:16:37.892,0.65944,0.65969,1.00,1.00
2016.01.27 11:16:38.371,0.65948,0.65972,1.00,1.00
2016.01.27 11:16:39.081,0.65946,0.65972,1.00,1.00
2016.01.27 11:16:41.091,0.65944,0.6597,1.00,1.00
2016.01.27 11:16:41.421,0.65946,0.6597,1.00,1.00
2016.01.27 11:16:41.590,0.65943,0.65969,1.00,1.00
2016.01.27 11:16:42.298,0.65945,0.65971,1.00,1.00
2016.01.27 11:16:43.940,0.65943,0.65967,1.00,1.00
2016.01.27 11:16:44.349,0.65946,0.65972,1.00,1.00
2016.01.27 11:16:44.596,0.65948,0.65974,1.00,1.00
2016.01.27 11:16:45.186,0.65947,0.65971,1.00,1.00
2016.01.27 11:16:45.236,0.65947,0.65973,1.00,1.00
2016.01.27 11:16:45.551,0.65947,0.65971,1.00,1.00
2016.01.27 11:16:45.998,0.65944,0.6597,1.00,1.00
2016.01.27 11:16:46.637,0.65945,0.65971,1.00,1.00
2016.01.27 11:16:48.089,0.65946,0.65972,1.00,1.00
2016.01.27 11:16:49.080,0.65945,0.65971,1.00,1.00
2016.01.27 11:16:49.335,0.65945,0.65969,1.00,1.00
2016.01.27 11:16:49.522,0.65945,0.65971,1.00,1.00
2016.01.27 11:16:50.094,0.65943,0.65969,1.00,1.00
2016.01.27 11:16:50.598,0.65944,0.65968,1.00,1.00
2016.01.27 11:16:50.718,0.65944,0.6597,1.00,1.00
2016.01.27 11:16:50.950,0.65944,0.65968,1.00,1.00
2016.01.27 11:16:51.279,0.65944,0.6597,1.00,1.00
2016.01.27 11:16:51.380,0.65946,0.65972,1.00,1.00
2016.01.27 11:16:51.975,0.65945,0.65972,1.00,1.00
2016.01.27 11:16:52.507,0.65946,0.65972,1.00,1.50
2016.01.27 11:16:53.580,0.65945,0.65971,1.00,1.00
2016.01.27 11:16:53.914,0.65947,0.65973,1.00,1.00
2016.01.27 11:16:54.658,0.65946,0.65972,1.00,1.00
2016.01.27 11:16:55.474,0.65947,0.65973,1.00,1.00
2016.01.27 11:16:55.975,0.65948,0.65974,1.00,1.00
2016.01.27 11:16:56.476,0.6595,0.65976,1.00,1.00
2016.01.27 11:16:56.777,0.65953,0.65979,1.00,1.00
2016.01.27 11:16:57.208,0.65951,0.65977,1.00,1.00
2016.01.27 11:16:57.548,0.65949,0.65975,1.00,1.00
2016.01.27 11:16:58.171,0.65948,0.65974,1.00,1.00
2016.01.27 11:16:58.509,0.6595,0.65974,1.00,1.50
2016.01.27 11:17:00.398,0.65948,0.65974,1.00,1.00
2016.01.27 11:17:00.903,0.65949,0.65975,1.00,1.00
2016.01.27 11:17:02.599,0.65949,0.65973,1.00,1.00
2016.01.27 11:17:02.965,0.65947,0.65973,1.00,1.00
2016.01.27 11:17:03.480,0.65949,0.65975,1.00,1.00
2016.01.27 11:17:04.028,0.6595,0.65974,1.00,1.00
2016.01.27 11:17:04.688,0.65949,0.65973,1.00,1.00
2016.01.27 11:17:05.797,0.65947,0.65971,1.00,1.00
2016.01.27 11:17:06.230,0.65945,0.65971,1.00,1.00
2016.01.27 11:17:07.146,0.65946,0.65972,1.00,1.00
2016.01.27 11:17:07.700,0.65944,0.6597,1.00,1.00
2016.01.27 11:17:08.256,0.65945,0.65971,1.00,1.00
2016.01.27 11:17:08.760,0.65949,0.65975,1.00,1.50
2016.01.27 11:17:09.244,0.65947,0.65973,1.00,1.00
2016.01.27 11:17:10.299,0.65946,0.65972,1.00,1.00
2016.01.27 11:17:10.849,0.65944,0.6597,1.00,1.00
2016.01.27 11:17:11.290,0.65947,0.65971,1.00,1.00
2016.01.27 11:17:12.410,0.65944,0.6597,1.00,1.00
2016.01.27 11:17:13.048,0.65944,0.65968,1.00,1.00
2016.01.27 11:17:13.308,0.65942,0.65968,1.00,1.00
2016.01.27 11:17:13.819,0.65944,0.65968,1.00,1.00
2016.01.27 11:17:14.588,0.65942,0.65968,1.00,1.00
2016.01.27 11:17:20.875,0.65944,0.65969,1.00,1.00
2016.01.27 11:17:21.128,0.6594,0.65966,1.00,1.00
2016.01.27 11:17:21.719,0.65942,0.65968,1.00,1.50
2016.01.27 11:17:25.294,0.65942,0.65966,1.00,1.00
2016.01.27 11:17:27.348,0.65941,0.65965,1.00,1.00
2016.01.27 11:17:29.039,0.65939,0.65965,1.00,1.00
2016.01.27 11:17:29.575,0.65939,0.65964,1.00,1.00
2016.01.27 11:17:30.025,0.65935,0.65961,1.00,1.00
2016.01.27 11:17:30.209,0.65933,0.65959,1.00,1.00
2016.01.27 11:17:30.609,0.65935,0.65961,1.00,1.00
2016.01.27 11:17:32.628,0.65935,0.65959,1.00,1.00
2016.01.27 11:17:36.308,0.65935,0.65961,1.00,1.00
2016.01.27 11:17:38.254,0.65934,0.6596,1.00,1.00
2016.01.27 11:17:39.080,0.65935,0.65961,1.00,1.00
2016.01.27 11:17:44.325,0.65936,0.6596,1.00,1.00
2016.01.27 11:17:44.508,0.65938,0.65964,1.00,1.00
2016.01.27 11:17:44.865,0.65937,0.65961,1.00,1.00
2016.01.27 11:17:45.217,0.65935,0.65961,1.00,1.00
2016.01.27 11:17:46.048,0.65937,0.65963,1.00,1.50
2016.01.27 11:17:46.558,0.65938,0.65964,1.00,1.00
2016.01.27 11:17:47.061,0.65939,0.65965,1.00,1.00
2016.01.27 11:17:47.481,0.65937,0.65963,1.00,1.00
2016.01.27 11:17:48.516,0.65936,0.65962,1.00,1.00
2016.01.27 11:17:49.458,0.65937,0.65963,1.00,1.00
2016.01.27 11:17:50.367,0.65936,0.65962,1.00,1.00
2016.01.27 11:17:50.832,0.65934,0.6596,1.00,1.00
2016.01.27 11:17:51.493,0.65935,0.65961,1.00,1.00
2016.01.27 11:17:51.823,0.65932,0.65958,1.00,1.00
2016.01.27 11:17:52.915,0.65931,0.65957,1.00,1.00
2016.01.27 11:17:53.474,0.65932,0.65956,1.00,1.00
2016.01.27 11:17:53.985,0.65931,0.65957,1.00,1.00
2016.01.27 11:17:54.408,0.65933,0.6596,1.00,2.25
2016.01.27 11:17:54.528,0.65935,0.6596,1.00,2.25
2016.01.27 11:17:54.959,0.65937,0.65961,1.00,1.00
2016.01.27 11:17:55.383,0.65934,0.6596,1.00,1.00
2016.01.27 11:17:55.634,0.65936,0.65962,1.00,1.00
2016.01.27 11:17:55.992,0.65938,0.65964,1.00,1.00
2016.01.27 11:17:57.048,0.65939,0.65965,1.00,1.00
2016.01.27 11:17:58.491,0.65938,0.65964,1.00,1.00
2016.01.27 11:17:59.469,0.65936,0.65962,1.00,1.00
2016.01.27 11:17:59.793,0.65938,0.65962,1.00,1.00
2016.01.27 11:18:00.980,0.6594,0.65964,1.00,1.00
2016.01.27 11:18:01.030,0.65938,0.65964,1.00,1.00
2016.01.27 11:18:03.655,0.65938,0.65962,1.00,1.00
2016.01.27 11:18:03.901,0.65939,0.65965,1.00,1.50
2016.01.27 11:18:04.203,0.65937,0.65963,1.00,1.00
2016.01.27 11:18:04.968,0.6594,0.65964,1.00,1.00
2016.01.27 11:18:05.212,0.6594,0.65966,1.00,1.00
2016.01.27 11:18:06.068,0.65939,0.65963,1.00,1.00
2016.01.27 11:18:07.057,0.65939,0.65965,1.00,1.00
2016.01.27 11:18:07.563,0.65938,0.65964,1.00,1.00
2016.01.27 11:18:08.511,0.65938,0.65962,1.00,1.00
2016.01.27 11:18:08.695,0.6594,0.65967,1.00,1.00
2016.01.27 11:18:08.748,0.65938,0.65964,1.00,1.00
2016.01.27 11:18:09.389,0.65937,0.65963,1.00,1.00
2016.01.27 11:18:09.933,0.65938,0.65964,1.00,1.00
2016.01.27 11:18:12.975,0.65936,0.65962,1.00,1.00
2016.01.27 11:18:13.585,0.65935,0.65961,1.00,1.00
2016.01.27 11:18:19.158,0.65937,0.65961,1.00,1.00
2016.01.27 11:18:20.259,0.65937,0.65963,1.00,1.00
2016.01.27 11:18:20.834,0.65936,0.65962,1.00,1.00
2016.01.27 11:18:21.028,0.65936,0.6596,1.00,1.00
2016.01.27 11:18:22.457,0.65934,0.6596,1.00,1.00
2016.01.27 11:18:23.663,0.65936,0.6596,1.00,1.00
2016.01.27 11:18:23.777,0.65936,0.65962,1.00,1.00
2016.01.27 11:18:24.579,0.65937,0.65963,1.00,1.00
2016.01.27 11:18:26.545,0.65939,0.65963,1.00,1.00
2016.01.27 11:18:27.129,0.6594,0.65964,1.00,1.00
2016.01.27 11:18:28.748,0.65938,0.65964,1.00,1.00
2016.01.27 11:18:28.950,0.65936,0.65962,1.00,1.00
2016.01.27 11:18:29.464,0.65937,0.65961,1.00,1.00
2016.01.27 11:18:31.303,0.65937,0.65963,1.00,1.00
2016.01.27 11:18:32.797,0.65936,0.65962,1.00,1.00
2016.01.27 11:18:33.238,0.65938,0.65962,1.00,1.00
2016.01.27 11:18:33.787,0.65936,0.65962,1.00,1.00
2016.01.27 11:18:34.022,0.65938,0.65962,1.00,1.00
2016.01.27 11:18:34.776,0.65936,0.65962,1.00,1.00
2016.01.27 11:18:35.107,0.65938,0.65962,1.00,1.00
2016.01.27 11:18:35.258,0.65936,0.65962,1.00,1.00
2016.01.27 11:18:37.087,0.65937,0.65961,1.00,1.00
2016.01.27 11:18:37.765,0.65937,0.65963,1.00,1.00
2016.01.27 11:18:39.078,0.65936,0.65962,1.00,1.00
2016.01.27 11:18:40.870,0.65937,0.65963,1.00,1.00
2016.01.27 11:18:42.040,0.65936,0.65962,1.00,1.00
2016.01.27 11:18:42.523,0.65936,0.6596,1.00,1.00
2016.01.27 11:18:42.586,0.65937,0.65963,1.00,1.00
2016.01.27 11:18:43.174,0.65937,0.65961,1.00,1.00
2016.01.27 11:18:43.467,0.65937,0.65963,1.00,1.00
2016.01.27 11:18:43.977,0.65936,0.65962,1.00,1.00
2016.01.27 11:18:44.028,0.65938,0.65962,1.00,1.00
2016.01.27 11:18:44.902,0.65937,0.65961,1.00,1.00
2016.01.27 11:18:44.958,0.65938,0.65964,1.00,1.00
2016.01.27 11:18:45.117,0.65936,0.65962,1.00,1.00
2016.01.27 11:18:46.124,0.6594,0.65966,1.00,1.00
2016.01.27 11:18:46.427,0.65938,0.65964,1.00,1.00
2016.01.27 11:18:46.766,0.6594,0.65964,1.00,1.00
2016.01.27 11:18:46.987,0.65937,0.65963,1.00,1.00
2016.01.27 11:18:47.646,0.65938,0.65964,1.00,1.00
2016.01.27 11:18:49.015,0.65939,0.65965,1.00,1.00
2016.01.27 11:18:49.196,0.65942,0.65968,1.00,1.00
2016.01.27 11:18:49.517,0.65938,0.65964,1.00,1.00
2016.01.27 11:18:50.213,0.65939,0.65963,1.00,1.00
2016.01.27 11:18:50.314,0.65937,0.65963,1.00,1.00
2016.01.27 11:18:50.657,0.65939,0.65963,1.00,1.00
2016.01.27 11:18:51.412,0.65936,0.65962,1.00,1.00
2016.01.27 11:18:52.158,0.65937,0.65963,1.00,1.00
2016.01.27 11:18:52.931,0.6594,0.65966,1.00,1.00
2016.01.27 11:18:53.259,0.65937,0.65963,1.00,1.00
2016.01.27 11:18:53.610,0.65939,0.65963,1.00,1.00
2016.01.27 11:18:54.147,0.65938,0.65964,1.00,1.00
2016.01.27 11:18:55.236,0.65937,0.65963,1.00,1.00
2016.01.27 11:18:57.007,0.65936,0.65962,1.00,1.00
2016.01.27 11:18:57.323,0.65938,0.65962,1.00,1.00
2016.01.27 11:18:57.674,0.65936,0.65962,1.00,1.00
2016.01.27 11:18:58.104,0.65938,0.65962,1.00,1.00
2016.01.27 11:18:58.327,0.65936,0.65962,1.00,1.00
2016.01.27 11:18:58.428,0.65938,0.65962,1.00,1.00
2016.01.27 11:18:58.665,0.65936,0.65962,1.00,1.00
2016.01.27 11:18:58.914,0.65938,0.65962,1.00,1.00
2016.01.27 11:18:59.417,0.65937,0.65963,1.00,1.00
2016.01.27 11:18:59.882,0.65937,0.65961,1.00,1.00
2016.01.27 11:19:00.695,0.65937,0.65963,1.00,1.00
2016.01.27 11:19:01.839,0.65936,0.65962,1.00,1.00
2016.01.27 11:19:02.372,0.65937,0.65963,1.00,1.00
2016.01.27 11:19:02.422,0.65939,0.65965,1.00,1.00
2016.01.27 11:19:02.896,0.65942,0.65968,1.00,1.00
2016.01.27 11:19:03.199,0.65944,0.6597,1.00,1.50
2016.01.27 11:19:03.500,0.65946,0.65972,1.00,1.00
2016.01.27 11:19:03.824,0.65944,0.6597,1.00,1.00
2016.01.27 11:19:06.030,0.65943,0.6597,1.00,1.00
2016.01.27 11:19:06.518,0.65945,0.65971,1.00,1.00
2016.01.27 11:19:06.751,0.65943,0.6597,1.00,1.00
2016.01.27 11:19:08.547,0.65944,0.6597,1.00,1.00
2016.01.27 11:19:09.097,0.65943,0.65969,1.00,1.00
2016.01.27 11:19:09.669,0.65944,0.6597,1.00,1.00
2016.01.27 11:19:10.321,0.65943,0.6597,1.00,1.00
2016.01.27 11:19:11.335,0.65943,0.65969,1.00,1.00
2016.01.27 11:19:11.902,0.65944,0.6597,1.00,1.00
2016.01.27 11:19:13.080,0.65945,0.65971,1.00,1.00
2016.01.27 11:19:13.180,0.65943,0.65967,1.00,1.00
2016.01.27 11:19:13.435,0.65936,0.65962,1.00,1.00
2016.01.27 11:19:13.938,0.65934,0.6596,1.00,1.00
2016.01.27 11:19:14.239,0.65936,0.6596,1.00,1.00
2016.01.27 11:19:14.396,0.65936,0.65962,1.00,1.00
2016.01.27 11:19:15.164,0.65937,0.65963,1.00,1.00
2016.01.27 11:19:15.215,0.65937,0.65961,1.00,1.00
2016.01.27 11:19:15.265,0.65932,0.65958,1.50,1.00
2016.01.27 11:19:15.825,0.65932,0.65957,1.00,1.00
2016.01.27 11:19:17.700,0.65932,0.65956,1.00,1.00
2016.01.27 11:19:18.073,0.65933,0.65959,1.00,1.00
2016.01.27 11:19:18.124,0.65935,0.65959,1.00,1.00
2016.01.27 11:19:18.451,0.65933,0.65959,1.50,1.00
2016.01.27 11:19:18.602,0.65933,0.65957,1.00,1.00
2016.01.27 11:19:19.104,0.65934,0.65958,1.00,1.00
2016.01.27 11:19:19.716,0.65933,0.65958,1.00,1.00
2016.01.27 11:19:20.586,0.65933,0.65957,1.00,1.00
2016.01.27 11:19:21.107,0.65932,0.65956,1.00,1.00
2016.01.27 11:19:22.661,0.65932,0.65958,1.00,1.00
2016.01.27 11:19:23.870,0.65934,0.65958,1.00,1.00
2016.01.27 11:19:24.172,0.65932,0.65958,1.50,1.00
2016.01.27 11:19:25.178,0.65932,0.65956,1.00,1.00
2016.01.27 11:19:25.926,0.65932,0.65958,1.00,1.00
2016.01.27 11:19:26.643,0.65931,0.65957,1.50,1.00
2016.01.27 11:19:27.246,0.65934,0.65958,1.00,1.00
2016.01.27 11:19:27.720,0.65931,0.65957,1.50,1.00
2016.01.27 11:19:28.398,0.65932,0.65956,1.00,1.00
2016.01.27 11:19:30.326,0.65932,0.65958,1.00,1.00
2016.01.27 11:19:30.876,0.65931,0.65957,1.50,1.00
2016.01.27 11:19:31.977,0.65933,0.65957,1.00,1.00
2016.01.27 11:19:32.484,0.65932,0.65958,1.00,1.00
2016.01.27 11:19:33.032,0.65931,0.65957,1.50,1.00
2016.01.27 11:19:33.421,0.65933,0.65957,1.00,1.00
2016.01.27 11:19:33.956,0.65932,0.65958,1.00,1.00
2016.01.27 11:19:34.480,0.65933,0.65957,1.00,1.00
2016.01.27 11:19:34.616,0.65931,0.65957,1.50,1.00
2016.01.27 11:19:35.276,0.65933,0.65957,1.00,1.00
2016.01.27 11:19:35.386,0.65931,0.65957,1.50,1.00
2016.01.27 11:19:35.637,0.65933,0.65958,1.00,1.00
2016.01.27 11:19:35.983,0.65936,0.6596,1.00,1.00
2016.01.27 11:19:36.047,0.65936,0.65962,1.00,1.00
2016.01.27 11:19:36.198,0.65935,0.65959,1.00,1.00
2016.01.27 11:19:36.537,0.65935,0.65961,1.50,1.00
2016.01.27 11:19:37.090,0.65939,0.65961,1.00,1.00
2016.01.27 11:19:37.142,0.65941,0.65965,1.00,1.00
2016.01.27 11:19:37.193,0.65941,0.65967,1.00,1.00
2016.01.27 11:19:38.356,0.6594,0.65966,1.00,1.00
2016.01.27 11:19:39.182,0.65939,0.65965,1.50,1.00
2016.01.27 11:19:43.086,0.6594,0.65966,1.00,1.00
2016.01.27 11:19:43.897,0.65939,0.65965,1.50,1.00
2016.01.27 11:19:44.374,0.65939,0.65963,1.00,1.00
2016.01.27 11:19:48.511,0.65939,0.65962,1.00,1.00
2016.01.27 11:19:48.913,0.65934,0.65958,1.50,1.00
2016.01.27 11:19:51.246,0.65934,0.6596,1.00,1.00
2016.01.27 11:19:51.763,0.65933,0.65959,1.50,1.00
2016.01.27 11:19:51.917,0.65933,0.65957,1.00,1.00
2016.01.27 11:19:52.018,0.65931,0.65957,1.50,1.00
2016.01.27 11:19:52.545,0.65931,0.65955,1.50,1.00
2016.01.27 11:19:52.696,0.65928,0.65954,1.00,1.00
2016.01.27 11:19:52.901,0.65926,0.6595,1.50,1.00
2016.01.27 11:19:53.321,0.65926,0.65952,1.50,1.00
2016.01.27 11:19:53.647,0.65926,0.6595,1.50,1.00
2016.01.27 11:19:54.518,0.65924,0.6595,1.00,1.00
2016.01.27 11:19:54.569,0.65921,0.65947,1.50,1.00
2016.01.27 11:19:54.896,0.65923,0.65947,1.00,1.00
2016.01.27 11:19:54.965,0.65921,0.65947,1.50,1.00
2016.01.27 11:19:55.846,0.65922,0.65948,1.00,1.00
2016.01.27 11:19:56.047,0.65924,0.65948,1.00,1.00
2016.01.27 11:19:56.286,0.65924,0.6595,1.50,1.00
2016.01.27 11:19:57.386,0.65925,0.65951,1.00,1.00
2016.01.27 11:19:57.606,0.65925,0.65949,1.00,1.00
2016.01.27 11:19:57.826,0.65925,0.65951,1.00,1.00
2016.01.27 11:19:58.537,0.65924,0.6595,1.50,1.00
2016.01.27 11:19:58.738,0.65924,0.65948,1.50,1.00
2016.01.27 11:19:59.683,0.65925,0.65949,1.00,1.00
2016.01.27 11:20:00.494,0.65929,0.6595,1.00,1.00
2016.01.27 11:20:00.594,0.65933,0.65958,1.00,1.00
2016.01.27 11:20:01.126,0.6593,0.65957,1.50,1.00
2016.01.27 11:20:02.997,0.65932,0.65958,1.00,1.00
2016.01.27 11:20:03.452,0.65931,0.65955,1.00,1.00
2016.01.27 11:20:03.667,0.6593,0.65957,1.50,1.00
2016.01.27 11:20:06.958,0.6593,0.65956,1.00,1.00
2016.01.27 11:20:07.841,0.6593,0.65957,1.50,1.00
2016.01.27 11:20:13.341,0.65931,0.65956,1.00,1.00
2016.01.27 11:20:13.501,0.65933,0.65957,1.00,1.00
2016.01.27 11:20:13.825,0.65933,0.65959,1.50,1.00
2016.01.27 11:20:14.656,0.65934,0.6596,1.00,1.00
2016.01.27 11:20:14.766,0.65933,0.65956,1.00,1.00
2016.01.27 11:20:15.136,0.65931,0.65955,1.00,1.00
2016.01.27 11:20:15.767,0.65931,0.65956,1.00,1.00
2016.01.27 11:20:17.079,0.65933,0.65957,1.00,1.00
2016.01.27 11:20:19.386,0.65934,0.65958,1.00,1.00
2016.01.27 11:20:21.387,0.65932,0.65958,1.00,1.00
2016.01.27 11:20:22.039,0.65934,0.65959,1.00,1.00
2016.01.27 11:20:22.578,0.65935,0.6596,1.00,1.00
2016.01.27 11:20:23.126,0.65935,0.65959,1.00,1.00
2016.01.27 11:20:23.338,0.65933,0.65959,1.00,1.00
2016.01.27 11:20:23.389,0.65932,0.65956,1.00,1.00
2016.01.27 11:20:23.594,0.6593,0.65956,1.00,1.00
2016.01.27 11:20:23.961,0.65932,0.65956,1.00,1.00
2016.01.27 11:20:24.557,0.65933,0.65957,1.00,1.00
2016.01.27 11:20:27.416,0.65931,0.65957,1.00,1.00
2016.01.27 11:20:28.166,0.65933,0.65959,1.00,1.00
2016.01.27 11:20:30.267,0.65934,0.65959,1.00,1.00
2016.01.27 11:20:30.519,0.65937,0.65963,1.00,1.00
2016.01.27 11:20:31.107,0.65936,0.65962,1.00,1.00
2016.01.27 11:20:31.157,0.65936,0.6596,1.00,1.00
2016.01.27 11:20:31.877,0.65935,0.65961,1.00,1.00
2016.01.27 11:20:32.581,0.65938,0.65962,1.00,1.00
2016.01.27 11:20:34.566,0.65938,0.65964,1.00,1.00
2016.01.27 11:20:35.226,0.65939,0.65963,1.00,1.00
2016.01.27 11:20:35.666,0.65937,0.65963,1.00,1.00
2016.01.27 11:20:38.348,0.65938,0.65964,1.00,1.00
2016.01.27 11:20:38.897,0.65941,0.65965,1.00,1.00
2016.01.27 11:20:39.010,0.65937,0.65963,1.00,1.00
2016.01.27 11:20:40.717,0.65936,0.65962,1.00,1.00
2016.01.27 11:20:40.768,0.65938,0.65962,1.00,1.00
2016.01.27 11:20:41.044,0.65935,0.65961,1.00,1.00
2016.01.27 11:20:41.626,0.65934,0.6596,1.00,1.00
2016.01.27 11:20:42.376,0.65933,0.65957,1.00,1.00
2016.01.27 11:20:42.527,0.65931,0.65957,1.00,1.00
2016.01.27 11:20:43.077,0.65932,0.65958,1.00,1.00
2016.01.27 11:20:43.711,0.65933,0.65959,1.00,1.00
2016.01.27 11:20:45.786,0.65934,0.6596,1.00,1.00
2016.01.27 11:20:47.436,0.65936,0.6596,1.00,1.00
2016.01.27 11:20:47.884,0.65937,0.65963,1.00,1.00
2016.01.27 11:20:48.427,0.65939,0.65965,1.00,2.25
2016.01.27 11:20:49.137,0.65938,0.65964,1.00,1.00
2016.01.27 11:20:50.066,0.65938,0.65961,1.00,1.00
2016.01.27 11:20:50.116,0.65935,0.65961,1.00,1.50
2016.01.27 11:20:50.364,0.6593,0.65955,1.00,1.00
2016.01.27 11:20:50.735,0.65929,0.65953,1.00,1.00
2016.01.27 11:20:51.691,0.65929,0.65952,1.00,1.00
2016.01.27 11:20:52.276,0.65929,0.65953,1.00,1.00
2016.01.27 11:20:53.244,0.65929,0.65952,1.00,1.00
2016.01.27 11:20:53.942,0.65928,0.65952,1.00,1.00
2016.01.27 11:20:54.488,0.6593,0.65952,1.00,1.00
2016.01.27 11:20:54.948,0.65928,0.65952,1.00,1.00
2016.01.27 11:20:55.051,0.65926,0.65952,1.00,1.00
2016.01.27 11:20:55.151,0.65925,0.6595,1.00,1.00
2016.01.27 11:20:55.522,0.65923,0.6595,1.00,1.00
2016.01.27 11:20:55.824,0.6592,0.65946,1.00,1.00
2016.01.27 11:20:56.127,0.65922,0.65946,1.00,1.00
2016.01.27 11:20:56.253,0.65923,0.6595,1.00,1.00
2016.01.27 11:20:56.346,0.65923,0.65947,1.00,1.00
2016.01.27 11:20:56.800,0.65924,0.6595,1.00,1.00
2016.01.27 11:20:57.046,0.65922,0.65949,1.00,1.00
2016.01.27 11:20:57.817,0.65923,0.65947,1.00,1.00
2016.01.27 11:20:58.050,0.65921,0.65947,1.00,1.00
2016.01.27 11:20:58.116,0.65923,0.65947,1.00,1.00
2016.01.27 11:21:00.127,0.65924,0.65948,1.00,1.00
2016.01.27 11:21:00.735,0.65925,0.65951,1.00,1.00
2016.01.27 11:21:01.306,0.65924,0.6595,1.00,1.00
2016.01.27 11:21:01.842,0.65923,0.65949,1.00,1.00
2016.01.27 11:21:01.898,0.65925,0.65951,1.00,1.00
2016.01.27 11:21:04.657,0.65924,0.65951,1.00,1.00
2016.01.27 11:21:05.595,0.65924,0.65948,1.00,1.00
2016.01.27 11:21:06.480,0.65923,0.65949,1.00,1.00
2016.01.27 11:21:06.782,0.65917,0.65943,1.00,1.00
2016.01.27 11:21:07.508,0.65918,0.65944,1.00,1.00
2016.01.27 11:21:08.786,0.6592,0.65946,1.00,1.00
2016.01.27 11:21:09.171,0.65923,0.65947,1.00,1.00
2016.01.27 11:21:09.931,0.65924,0.65949,1.00,1.00
2016.01.27 11:21:10.146,0.65926,0.65952,1.00,1.00
2016.01.27 11:21:10.869,0.65924,0.6595,1.00,1.00
2016.01.27 11:21:11.361,0.65922,0.65948,1.00,1.00
2016.01.27 11:21:11.676,0.6592,0.65946,1.50,1.00
2016.01.27 11:21:12.415,0.65921,0.65947,1.00,1.00
2016.01.27 11:21:12.726,0.65923,0.65949,1.00,1.00
2016.01.27 11:21:13.046,0.65918,0.65944,1.00,1.00
2016.01.27 11:21:13.395,0.65921,0.65947,1.00,1.00
2016.01.27 11:21:15.307,0.65921,0.65945,1.00,1.00
2016.01.27 11:21:16.140,0.65921,0.65947,1.00,1.00
2016.01.27 11:21:16.291,0.65921,0.65945,1.00,1.00
2016.01.27 11:21:16.509,0.65919,0.65945,1.00,1.00
2016.01.27 11:21:17.017,0.65918,0.65944,1.00,1.00
2016.01.27 11:21:17.585,0.65919,0.65943,1.00,1.00
2016.01.27 11:21:18.623,0.65918,0.65944,1.00,1.00
2016.01.27 11:21:22.407,0.65918,0.65943,1.00,1.00
2016.01.27 11:21:22.508,0.65914,0.6594,1.00,1.00
2016.01.27 11:21:23.142,0.65915,0.65939,1.00,1.00
2016.01.27 11:21:23.243,0.65917,0.65943,1.00,1.00
2016.01.27 11:21:23.666,0.6592,0.65946,1.00,1.00
2016.01.27 11:21:24.055,0.65918,0.65944,1.00,1.00
2016.01.27 11:21:25.515,0.65917,0.65943,1.00,1.00
2016.01.27 11:21:25.846,0.6591,0.65935,1.00,1.00
2016.01.27 11:21:26.268,0.65912,0.65936,1.00,1.00
2016.01.27 11:21:26.319,0.65912,0.65938,1.00,1.00
2016.01.27 11:21:26.620,0.6591,0.65936,1.00,1.00
2016.01.27 11:21:27.321,0.65909,0.65935,1.00,1.00
2016.01.27 11:21:27.995,0.65908,0.65934,1.00,1.00
2016.01.27 11:21:28.302,0.65906,0.65932,1.00,1.00
2016.01.27 11:21:28.637,0.65908,0.65934,1.00,1.00
2016.01.27 11:21:28.992,0.6591,0.65934,1.00,1.00
2016.01.27 11:21:29.143,0.65908,0.65934,1.00,1.00
2016.01.27 11:21:29.906,0.65909,0.65935,1.00,1.00
2016.01.27 11:21:30.213,0.65911,0.65937,1.00,1.00
2016.01.27 11:21:30.972,0.65911,0.65938,1.00,1.00
2016.01.27 11:21:32.326,0.6591,0.65934,1.00,1.00
2016.01.27 11:21:32.545,0.6591,0.65936,1.00,1.00
2016.01.27 11:21:32.765,0.6591,0.65934,1.00,1.00
2016.01.27 11:21:33.331,0.65912,0.65936,1.00,1.00
2016.01.27 11:21:33.845,0.65911,0.65935,1.00,1.00
2016.01.27 11:21:35.235,0.65909,0.65935,1.00,1.00
2016.01.27 11:21:35.777,0.65911,0.65935,1.00,1.00
2016.01.27 11:21:37.840,0.65909,0.65935,1.00,1.00
2016.01.27 11:21:38.506,0.6591,0.65936,1.00,1.00
2016.01.27 11:21:40.355,0.65909,0.65935,1.00,1.00
2016.01.27 11:21:41.000,0.65912,0.65936,1.00,1.00
2016.01.27 11:21:41.527,0.65909,0.65935,1.00,1.00
2016.01.27 11:21:42.137,0.6591,0.65936,1.00,1.00
2016.01.27 11:21:42.643,0.65912,0.65936,1.00,1.00
2016.01.27 11:21:43.450,0.65912,0.65938,1.00,1.00
2016.01.27 11:21:43.777,0.65914,0.6594,1.00,1.00
2016.01.27 11:21:44.865,0.65913,0.65939,1.00,1.00
2016.01.27 11:21:46.516,0.65914,0.6594,1.00,1.00
2016.01.27 11:21:47.065,0.65913,0.65939,1.00,1.00
2016.01.27 11:21:47.656,0.65914,0.6594,1.00,1.00
2016.01.27 11:21:48.606,0.65913,0.65939,1.00,1.00
2016.01.27 11:21:52.353,0.65912,0.65936,1.00,1.00
2016.01.27 11:21:52.505,0.65909,0.65935,1.00,1.00
2016.01.27 11:21:52.816,0.65907,0.65933,1.00,1.00
2016.01.27 11:21:54.215,0.65907,0.65931,1.00,1.00
2016.01.27 11:21:54.480,0.65903,0.65929,1.00,1.00
2016.01.27 11:21:55.030,0.65901,0.65926,1.00,1.00
2016.01.27 11:21:55.206,0.65902,0.65929,1.00,1.00
2016.01.27 11:21:56.539,0.65905,0.65931,1.00,1.00
2016.01.27 11:21:59.859,0.65908,0.65934,1.00,1.00
2016.01.27 11:22:01.146,0.65909,0.65935,1.00,1.00
2016.01.27 11:22:01.966,0.65911,0.65937,1.00,1.00
2016.01.27 11:22:02.795,0.65913,0.65937,1.00,1.00
2016.01.27 11:22:03.323,0.65912,0.65936,1.00,1.00
2016.01.27 11:22:03.374,0.65912,0.65938,1.00,1.00
2016.01.27 11:22:03.590,0.65915,0.65939,1.00,1.00
2016.01.27 11:22:03.785,0.65915,0.65941,1.00,1.50
2016.01.27 11:22:04.796,0.65917,0.65945,1.00,1.00
2016.01.27 11:22:04.896,0.6592,0.65946,1.00,1.50
2016.01.27 11:22:05.904,0.65921,0.65946,1.00,1.00
2016.01.27 11:22:06.295,0.65921,0.65949,1.00,1.00
2016.01.27 11:22:07.264,0.6592,0.65948,1.00,1.00
2016.01.27 11:22:09.199,0.6592,0.65946,1.00,1.00
2016.01.27 11:22:09.715,0.65919,0.65946,1.00,1.00
2016.01.27 11:22:10.485,0.65919,0.65947,1.00,1.00
2016.01.27 11:22:10.803,0.65921,0.65949,1.00,1.00
2016.01.27 11:22:10.854,0.65922,0.65951,1.00,1.50
2016.01.27 11:22:11.519,0.65922,0.6595,1.00,1.00
2016.01.27 11:22:12.738,0.65922,0.65951,1.00,1.50
2016.01.27 11:22:13.436,0.65922,0.6595,1.00,1.00
2016.01.27 11:22:13.710,0.6592,0.65948,1.00,1.00
2016.01.27 11:22:14.060,0.65921,0.65946,1.00,1.50
2016.01.27 11:22:15.222,0.6592,0.65945,1.00,1.00
2016.01.27 11:22:15.885,0.65919,0.65945,1.00,1.00
2016.01.27 11:22:16.766,0.6592,0.65945,1.00,1.00
2016.01.27 11:22:17.473,0.6592,0.65946,1.00,1.50
2016.01.27 11:22:18.066,0.6592,0.65945,1.00,1.00
2016.01.27 11:22:18.116,0.65918,0.65945,1.00,1.50
2016.01.27 11:22:18.224,0.65915,0.65941,1.00,1.50
2016.01.27 11:22:18.526,0.65912,0.6594,1.00,1.00
2016.01.27 11:22:19.055,0.65913,0.65941,1.00,2.25
2016.01.27 11:22:19.285,0.65912,0.65939,1.00,1.00
2016.01.27 11:22:19.757,0.6591,0.65934,1.00,1.00
2016.01.27 11:22:20.094,0.65908,0.65932,1.00,1.00
2016.01.27 11:22:20.174,0.65908,0.65934,1.00,1.00
2016.01.27 11:22:20.723,0.65909,0.65933,1.00,1.00
2016.01.27 11:22:22.083,0.65906,0.65932,1.00,1.00
2016.01.27 11:22:22.858,0.65905,0.65931,1.00,1.00
2016.01.27 11:22:26.554,0.65907,0.65933,1.00,1.00
2016.01.27 11:22:27.192,0.65906,0.65932,1.00,1.00
2016.01.27 11:22:27.694,0.65903,0.65929,1.00,1.00
2016.01.27 11:22:28.068,0.65905,0.65931,1.00,1.00
2016.01.27 11:22:28.661,0.65904,0.6593,1.00,1.00
2016.01.27 11:22:28.983,0.65906,0.6593,1.00,1.00
2016.01.27 11:22:29.543,0.65906,0.65932,1.00,1.00
2016.01.27 11:22:30.299,0.65903,0.65929,1.00,1.00
2016.01.27 11:22:30.623,0.65906,0.6593,1.00,1.00
2016.01.27 11:22:30.926,0.65903,0.65927,1.00,1.00
2016.01.27 11:22:31.592,0.65903,0.65929,1.00,1.00
2016.01.27 11:22:32.244,0.65902,0.65928,1.00,1.00
2016.01.27 11:22:33.374,0.65905,0.65929,1.00,1.00
2016.01.27 11:22:33.525,0.65906,0.65932,1.00,1.00
2016.01.27 11:22:33.727,0.65908,0.65932,1.00,1.00
2016.01.27 11:22:34.473,0.65907,0.65933,1.00,1.00
2016.01.27 11:22:35.165,0.65908,0.65933,1.00,1.00
2016.01.27 11:22:35.360,0.65906,0.65932,1.00,1.00
2016.01.27 11:22:35.645,0.659,0.65926,1.00,1.00
2016.01.27 11:22:36.217,0.65901,0.65925,1.00,1.00
2016.01.27 11:22:36.570,0.65903,0.65927,1.00,1.00
2016.01.27 11:22:37.094,0.65902,0.65926,1.00,1.00
2016.01.27 11:22:37.225,0.65902,0.65928,1.00,1.00
2016.01.27 11:22:38.216,0.65903,0.65929,1.00,1.00
2016.01.27 11:22:38.786,0.65904,0.65928,1.00,1.00
2016.01.27 11:22:39.173,0.65902,0.65928,1.00,1.00
2016.01.27 11:22:39.674,0.65904,0.6593,1.00,1.00
2016.01.27 11:22:39.976,0.65906,0.65932,1.00,1.00
2016.01.27 11:22:41.078,0.65905,0.65931,1.00,1.00
2016.01.27 11:22:41.715,0.65906,0.6593,1.00,1.00
2016.01.27 11:22:41.765,0.65906,0.65932,1.00,1.00
2016.01.27 11:22:42.284,0.65905,0.65931,1.00,1.00
2016.01.27 11:22:42.814,0.65904,0.6593,1.00,1.00
2016.01.27 11:22:44.265,0.65903,0.65929,1.00,1.00
2016.01.27 11:22:44.484,0.65903,0.65927,1.00,1.00
2016.01.27 11:22:45.270,0.65903,0.65929,1.00,1.00
2016.01.27 11:22:47.235,0.65903,0.65927,1.00,1.00
2016.01.27 11:22:48.335,0.65903,0.65929,1.00,1.00
2016.01.27 11:22:50.972,0.65902,0.65928,1.00,1.00
2016.01.27 11:22:53.819,0.65903,0.65927,1.00,1.00
2016.01.27 11:22:55.924,0.65903,0.65929,1.00,1.00
2016.01.27 11:22:56.505,0.65902,0.65928,1.00,1.00
2016.01.27 11:22:57.258,0.65903,0.65929,1.00,1.00
2016.01.27 11:23:00.735,0.65905,0.65929,1.00,1.00
2016.01.27 11:23:01.724,0.65904,0.6593,1.00,1.00
2016.01.27 11:23:03.924,0.65903,0.65927,1.00,1.00
2016.01.27 11:23:04.288,0.65903,0.65929,1.00,1.00
2016.01.27 11:23:04.730,0.65905,0.65931,1.00,1.00
2016.01.27 11:23:05.373,0.65905,0.65929,1.00,1.00
2016.01.27 11:23:05.574,0.65905,0.65931,1.00,1.00
2016.01.27 11:23:05.727,0.65908,0.65934,1.00,1.00
2016.01.27 11:23:06.233,0.65911,0.65935,1.00,1.00
2016.01.27 11:23:07.114,0.65909,0.65935,1.00,1.00
2016.01.27 11:23:07.993,0.6591,0.65936,1.00,1.00
2016.01.27 11:23:08.671,0.65909,0.65935,1.00,1.00
2016.01.27 11:23:10.084,0.6591,0.65936,1.00,1.00
2016.01.27 11:23:10.756,0.65914,0.65938,1.00,1.00
2016.01.27 11:23:10.856,0.65911,0.65937,1.00,1.00
2016.01.27 11:23:11.624,0.65912,0.65938,1.00,1.00
2016.01.27 11:23:12.390,0.65911,0.65937,1.00,1.00
2016.01.27 11:23:13.532,0.65911,0.65935,1.00,1.00
2016.01.27 11:23:13.714,0.65911,0.65937,1.00,1.00
2016.01.27 11:23:14.802,0.65913,0.65939,1.00,1.00
2016.01.27 11:23:15.586,0.65913,0.65937,1.00,1.00
2016.01.27 11:23:15.931,0.6591,0.65936,1.00,1.00
2016.01.27 11:23:16.136,0.6591,0.65934,1.00,1.00
2016.01.27 11:23:17.163,0.65911,0.65935,1.00,1.00
2016.01.27 11:23:17.457,0.65908,0.65934,1.00,1.00
2016.01.27 11:23:18.004,0.65909,0.65935,1.00,1.00
2016.01.27 11:23:18.442,0.65909,0.65933,1.00,1.00
2016.01.27 11:23:18.494,0.65909,0.65935,1.00,1.00
2016.01.27 11:23:18.796,0.65911,0.65934,1.00,1.00
2016.01.27 11:23:18.897,0.65911,0.65937,1.00,1.50
2016.01.27 11:23:18.998,0.65915,0.65937,1.00,1.00
2016.01.27 11:23:19.048,0.65915,0.65939,1.00,1.50
2016.01.27 11:23:19.105,0.65912,0.65938,1.00,1.00
2016.01.27 11:23:19.542,0.65916,0.6594,1.00,1.00
2016.01.27 11:23:19.693,0.65916,0.65942,1.00,1.00
2016.01.27 11:23:19.999,0.65918,0.65944,1.00,1.50
2016.01.27 11:23:20.316,0.65924,0.6595,1.00,1.50
2016.01.27 11:23:20.634,0.65924,0.65948,1.00,1.00
2016.01.27 11:23:20.687,0.65921,0.65947,1.00,1.00
2016.01.27 11:23:21.217,0.65921,0.65946,1.00,1.00
2016.01.27 11:23:21.757,0.65921,0.65947,1.00,1.00
2016.01.27 11:23:21.858,0.65919,0.65945,1.00,1.00
2016.01.27 11:23:22.392,0.6592,0.65945,1.00,1.00
2016.01.27 11:23:22.495,0.65922,0.65948,1.00,1.00
2016.01.27 11:23:22.892,0.65919,0.65945,1.00,1.00
2016.01.27 11:23:23.423,0.6592,0.65946,1.00,1.00
2016.01.27 11:23:24.213,0.65921,0.65947,1.00,1.00
2016.01.27 11:23:24.749,0.65922,0.65948,1.00,1.00
2016.01.27 11:23:27.245,0.6592,0.65947,1.00,1.00
2016.01.27 11:23:27.722,0.65922,0.65948,1.00,1.00
2016.01.27 11:23:28.109,0.65926,0.6595,1.00,1.50
2016.01.27 11:23:28.260,0.65924,0.6595,1.00,1.50
2016.01.27 11:23:28.382,0.65924,0.65948,1.00,1.00
2016.01.27 11:23:28.933,0.65923,0.65949,1.00,1.00
2016.01.27 11:23:29.372,0.65922,0.65946,1.00,1.00
2016.01.27 11:23:29.674,0.6592,0.65944,1.00,1.00
2016.01.27 11:23:29.810,0.6592,0.65946,1.00,1.00
2016.01.27 11:23:30.627,0.65918,0.65944,1.50,1.00
2016.01.27 11:23:30.677,0.65919,0.65946,1.00,1.00
2016.01.27 11:23:30.874,0.65921,0.65947,1.00,1.00
2016.01.27 11:23:31.484,0.6592,0.65946,1.00,1.00
2016.01.27 11:23:33.514,0.65922,0.65946,1.00,1.00
2016.01.27 11:23:34.185,0.65922,0.65948,1.00,1.00
2016.01.27 11:23:34.487,0.6592,0.65944,1.50,1.00
2016.01.27 11:23:35.003,0.65919,0.65943,1.00,1.00
2016.01.27 11:23:35.405,0.65919,0.65945,1.50,1.00
2016.01.27 11:23:35.933,0.65919,0.65944,1.00,1.00
2016.01.27 11:23:36.576,0.65919,0.65945,1.50,1.00
2016.01.27 11:23:38.533,0.65921,0.65945,1.00,1.00
2016.01.27 11:23:40.162,0.65919,0.65945,1.50,1.00
2016.01.27 11:23:40.723,0.65919,0.65944,1.00,1.00
2016.01.27 11:23:43.567,0.65919,0.65945,1.50,1.00
2016.01.27 11:23:43.668,0.65921,0.65945,1.00,1.00
2016.01.27 11:23:43.895,0.65921,0.65947,1.00,1.00
2016.01.27 11:23:43.996,0.65921,0.65945,1.00,1.00
2016.01.27 11:23:44.097,0.65919,0.65945,1.00,1.00
2016.01.27 11:23:45.318,0.65918,0.65944,1.00,1.00
2016.01.27 11:23:46.933,0.6592,0.65944,1.00,1.00
2016.01.27 11:23:49.280,0.65918,0.65942,1.00,1.00
2016.01.27 11:23:49.719,0.65912,0.65935,1.00,1.00
2016.01.27 11:23:49.820,0.65909,0.65935,1.50,1.50
2016.01.27 11:23:50.013,0.65911,0.65936,1.00,1.00
2016.01.27 11:23:51.553,0.65909,0.65935,1.50,1.00
2016.01.27 11:23:51.779,0.65912,0.65936,1.00,1.50
2016.01.27 11:23:55.684,0.65912,0.65935,1.00,1.00
2016.01.27 11:23:59.472,0.65911,0.65935,1.00,1.00
2016.01.27 11:24:05.913,0.65911,0.65937,1.00,1.00
2016.01.27 11:24:07.975,0.65911,0.65935,1.00,1.00
2016.01.27 11:24:08.429,0.65914,0.6594,1.00,1.00
2016.01.27 11:24:08.613,0.65912,0.65937,1.00,1.00
2016.01.27 11:24:08.714,0.6591,0.65936,1.00,1.00
2016.01.27 11:24:09.415,0.65911,0.65935,1.00,1.00
2016.01.27 11:24:10.365,0.65909,0.65935,1.00,1.50
2016.01.27 11:24:11.489,0.65908,0.65934,1.50,1.00
2016.01.27 11:24:12.051,0.65909,0.65935,1.00,1.00
2016.01.27 11:24:15.685,0.65911,0.65935,1.00,1.00
2016.01.27 11:24:15.753,0.65909,0.65935,1.00,1.00
2016.01.27 11:24:16.134,0.65911,0.65935,1.00,1.00
2016.01.27 11:24:17.903,0.65911,0.65936,1.00,1.00
2016.01.27 11:24:18.443,0.6591,0.65936,1.00,1.50
2016.01.27 11:24:19.104,0.65911,0.65936,1.00,1.00
2016.01.27 11:24:19.822,0.65909,0.65935,1.00,1.00
2016.01.27 11:24:19.923,0.65909,0.65931,1.00,1.00
2016.01.27 11:24:20.074,0.65905,0.6593,1.00,1.00
2016.01.27 11:24:20.635,0.65904,0.6593,1.00,1.00
2016.01.27 11:24:22.487,0.65905,0.6593,1.00,1.50
2016.01.27 11:24:22.539,0.65907,0.6593,1.00,1.00
2016.01.27 11:24:25.185,0.65907,0.65931,1.00,1.50
2016.01.27 11:24:25.796,0.65906,0.65931,1.00,1.00
2016.01.27 11:24:26.322,0.65907,0.65931,1.00,1.00
2016.01.27 11:24:27.632,0.65906,0.65932,1.50,1.00
2016.01.27 11:24:29.328,0.65907,0.65933,1.50,1.00
2016.01.27 11:24:29.843,0.65912,0.65936,1.00,1.00
2016.01.27 11:24:29.893,0.65912,0.65938,1.00,1.00
2016.01.27 11:24:30.095,0.65914,0.65938,1.00,1.00
2016.01.27 11:24:30.396,0.65918,0.65941,1.00,1.00
2016.01.27 11:24:30.553,0.65919,0.65943,1.00,1.00
2016.01.27 11:24:30.933,0.65917,0.65943,1.00,1.00
2016.01.27 11:24:31.439,0.65918,0.65944,1.00,1.00
2016.01.27 11:24:31.640,0.6592,0.65945,1.00,1.00
2016.01.27 11:24:32.143,0.6592,0.65946,1.00,1.50
2016.01.27 11:24:32.693,0.65921,0.65946,1.00,1.00
2016.01.27 11:24:33.312,0.65923,0.65946,1.00,1.00
2016.01.27 11:24:33.862,0.65924,0.65946,1.00,1.00
2016.01.27 11:24:37.067,0.65924,0.6595,1.00,1.00
2016.01.27 11:24:37.118,0.65924,0.65948,1.00,1.00
2016.01.27 11:24:37.325,0.65926,0.65951,1.00,1.00
2016.01.27 11:24:37.577,0.65925,0.65949,1.00,1.00
2016.01.27 11:24:37.627,0.65923,0.65949,1.00,1.00
2016.01.27 11:24:38.082,0.65926,0.6595,1.00,1.00
2016.01.27 11:24:40.444,0.65926,0.65951,1.00,1.00
2016.01.27 11:24:40.645,0.65928,0.65954,1.00,1.00
2016.01.27 11:24:41.158,0.65927,0.65953,1.00,1.00
2016.01.27 11:24:41.382,0.65929,0.65955,1.00,1.00
2016.01.27 11:24:43.181,0.65927,0.65953,1.00,1.00
2016.01.27 11:24:43.717,0.65928,0.65954,1.00,1.00
2016.01.27 11:24:44.032,0.65925,0.65951,1.00,1.00
2016.01.27 11:24:44.605,0.65926,0.65952,1.00,1.00
2016.01.27 11:24:44.962,0.65926,0.6595,1.00,1.00
2016.01.27 11:24:47.872,0.65925,0.65949,1.00,1.00
2016.01.27 11:24:48.862,0.65926,0.6595,1.00,1.00
2016.01.27 11:24:49.915,0.65926,0.65952,1.00,1.00
2016.01.27 11:24:50.926,0.65926,0.6595,1.00,1.00
2016.01.27 11:24:51.586,0.65926,0.65951,1.00,1.00
2016.01.27 11:24:52.662,0.65926,0.65952,1.00,1.00
2016.01.27 11:24:53.047,0.65924,0.6595,1.00,1.00
2016.01.27 11:24:53.472,0.65928,0.65952,1.00,1.00
2016.01.27 11:24:54.276,0.65926,0.65952,1.00,1.00
2016.01.27 11:24:54.937,0.65922,0.65946,1.00,1.00
2016.01.27 11:24:54.989,0.65922,0.65948,1.00,1.00
2016.01.27 11:24:55.583,0.65923,0.65949,1.00,1.00
2016.01.27 11:24:57.442,0.65924,0.6595,1.00,1.00
2016.01.27 11:24:57.782,0.65924,0.65948,1.00,1.00
2016.01.27 11:25:00.962,0.65923,0.65949,1.50,1.00
2016.01.27 11:25:01.823,0.65923,0.65948,1.00,1.00
2016.01.27 11:25:01.978,0.65924,0.6595,1.00,1.50
2016.01.27 11:25:02.029,0.65924,0.65945,1.00,1.00
2016.01.27 11:25:02.079,0.65919,0.65945,1.00,1.50
2016.01.27 11:25:02.393,0.65918,0.65942,1.00,1.00
2016.01.27 11:25:02.943,0.65919,0.65945,1.00,1.00
2016.01.27 11:25:03.508,0.65918,0.65944,1.00,1.00
2016.01.27 11:25:04.074,0.65917,0.65943,1.00,1.00
2016.01.27 11:25:04.581,0.65915,0.65941,1.50,1.00
2016.01.27 11:25:05.033,0.65917,0.65943,1.00,1.00
2016.01.27 11:25:05.789,0.65921,0.65946,1.00,1.50
2016.01.27 11:25:05.897,0.65922,0.65948,1.00,1.00
2016.01.27 11:25:06.725,0.65922,0.65946,1.00,1.00
2016.01.27 11:25:06.826,0.65922,0.65948,1.00,1.00
2016.01.27 11:25:07.543,0.65922,0.65946,1.00,1.00
2016.01.27 11:25:08.094,0.65921,0.65946,1.00,1.00
2016.01.27 11:25:08.774,0.65922,0.65946,1.00,1.00
2016.01.27 11:25:09.322,0.65921,0.65946,1.00,1.00
2016.01.27 11:25:10.484,0.65921,0.65947,1.00,1.00
2016.01.27 11:25:11.296,0.65922,0.65948,1.00,1.00
2016.01.27 11:25:16.147,0.65927,0.65951,1.00,1.00
2016.01.27 11:25:16.590,0.65923,0.65947,1.00,1.00
2016.01.27 11:25:16.741,0.65923,0.65949,1.00,1.00
2016.01.27 11:25:17.573,0.65922,0.65948,1.00,1.00
2016.01.27 11:25:19.957,0.65924,0.6595,1.00,1.50
2016.01.27 11:25:20.543,0.65923,0.65949,1.00,1.00
2016.01.27 11:25:21.324,0.65923,0.65947,1.00,1.00
2016.01.27 11:25:21.642,0.65923,0.65949,1.00,1.00
2016.01.27 11:25:21.894,0.65925,0.65951,1.00,1.50
2016.01.27 11:25:22.203,0.65924,0.65948,1.00,1.00
2016.01.27 11:25:22.436,0.65922,0.65948,1.00,1.00
2016.01.27 11:25:22.963,0.65923,0.65949,1.00,1.00
2016.01.27 11:25:23.673,0.65924,0.6595,1.00,1.00
2016.01.27 11:25:24.207,0.65927,0.65953,1.00,1.00
2016.01.27 11:25:24.562,0.65925,0.65951,1.00,1.00
2016.01.27 11:25:25.025,0.65924,0.65948,1.00,1.00
2016.01.27 11:25:25.309,0.65924,0.6595,1.00,1.00
2016.01.27 11:25:25.859,0.65923,0.65949,1.00,1.00
2016.01.27 11:25:25.910,0.65925,0.65949,1.00,1.00
2016.01.27 11:25:25.961,0.65925,0.65951,1.50,1.00
2016.01.27 11:25:26.511,0.65926,0.6595,1.00,1.00
2016.01.27 11:25:27.012,0.65925,0.65949,1.00,1.00
2016.01.27 11:25:28.244,0.65924,0.65948,1.00,1.00
2016.01.27 11:25:28.464,0.6592,0.65944,1.50,1.00
2016.01.27 11:25:28.986,0.65919,0.65945,1.00,1.00
2016.01.27 11:25:29.294,0.65915,0.65941,1.00,1.00
2016.01.27 11:25:29.856,0.65914,0.6594,1.00,1.00
2016.01.27 11:25:32.425,0.65915,0.65941,1.00,1.00
2016.01.27 11:25:32.975,0.65916,0.6594,1.00,1.00
2016.01.27 11:25:34.757,0.65917,0.65941,1.00,1.00
2016.01.27 11:25:35.284,0.65916,0.65942,1.00,1.00
2016.01.27 11:25:36.604,0.65917,0.65944,1.00,1.00
2016.01.27 11:25:37.702,0.65918,0.65942,1.00,1.00
2016.01.27 11:25:37.944,0.65917,0.65944,1.00,1.00
2016.01.27 11:25:38.698,0.65919,0.65945,1.00,1.00
2016.01.27 11:25:39.301,0.65918,0.65944,1.00,1.00
2016.01.27 11:25:39.849,0.65919,0.65942,1.00,1.00
2016.01.27 11:25:40.124,0.65919,0.65945,1.50,1.50
2016.01.27 11:25:40.685,0.65918,0.65942,1.00,1.00
2016.01.27 11:25:40.786,0.65916,0.65942,1.00,1.00
2016.01.27 11:25:41.476,0.65915,0.65941,1.50,1.00
2016.01.27 11:25:42.041,0.65918,0.65942,1.00,1.00
2016.01.27 11:25:42.596,0.65918,0.65944,1.00,1.00
2016.01.27 11:25:44.006,0.6592,0.65944,1.00,1.00
2016.01.27 11:25:44.635,0.65918,0.65943,1.00,1.00
2016.01.27 11:25:45.379,0.65919,0.65945,1.00,1.00
2016.01.27 11:25:50.023,0.65918,0.65944,1.00,1.00
2016.01.27 11:25:50.893,0.65919,0.65944,1.00,1.00
2016.01.27 11:25:51.123,0.65921,0.65946,1.00,1.00
2016.01.27 11:25:51.173,0.65923,0.65949,1.00,1.00
2016.01.27 11:25:52.333,0.65922,0.65948,1.50,1.00
2016.01.27 11:25:52.570,0.6592,0.65946,1.50,1.00
2016.01.27 11:25:53.270,0.65921,0.65945,1.00,1.00
2016.01.27 11:25:53.472,0.65922,0.65948,1.00,1.00
2016.01.27 11:25:53.773,0.65924,0.6595,1.00,1.00
2016.01.27 11:25:54.082,0.65924,0.65948,1.00,1.00
2016.01.27 11:25:56.084,0.65922,0.65949,1.50,1.00
2016.01.27 11:25:56.598,0.65922,0.65948,1.00,1.00
2016.01.27 11:25:57.503,0.6592,0.65946,1.50,1.00
2016.01.27 11:25:57.873,0.6592,0.65944,1.00,1.00
2016.01.27 11:25:58.315,0.65918,0.65944,1.50,1.00
2016.01.27 11:25:59.042,0.65918,0.65942,1.50,1.00
2016.01.27 11:25:59.193,0.65918,0.65944,1.50,1.00
2016.01.27 11:26:00.285,0.6592,0.65944,1.00,1.00
2016.01.27 11:26:00.362,0.65918,0.65944,1.50,1.00
2016.01.27 11:26:00.678,0.6592,0.65944,1.00,1.00
2016.01.27 11:26:01.405,0.6592,0.65945,1.00,1.00
2016.01.27 11:26:01.923,0.6592,0.65943,1.00,1.00
2016.01.27 11:26:03.403,0.65917,0.65943,1.50,1.00
2016.01.27 11:26:03.453,0.65917,0.6594,1.00,1.00
2016.01.27 11:26:04.275,0.65916,0.65942,1.00,1.00
2016.01.27 11:26:04.787,0.65916,0.6594,1.00,1.00
2016.01.27 11:26:05.559,0.65915,0.65941,1.50,1.00
2016.01.27 11:26:07.512,0.65915,0.65939,1.50,1.00
2016.01.27 11:26:10.331,0.65915,0.6594,1.00,1.00
2016.01.27 11:26:10.874,0.65915,0.65939,1.00,1.00
2016.01.27 11:26:12.009,0.65915,0.65941,1.00,1.00
2016.01.27 11:26:12.141,0.65915,0.65939,1.00,1.00
2016.01.27 11:26:12.463,0.65918,0.65942,1.00,1.00
2016.01.27 11:26:12.923,0.65916,0.65942,1.00,1.00
2016.01.27 11:26:13.282,0.65914,0.6594,1.00,1.00
2016.01.27 11:26:13.583,0.65912,0.65938,1.00,1.00
2016.01.27 11:26:14.123,0.65912,0.65936,1.00,1.00
2016.01.27 11:26:15.619,0.65911,0.65937,1.00,1.00
2016.01.27 11:26:19.721,0.65912,0.65936,1.00,1.00
2016.01.27 11:26:20.726,0.65909,0.65935,1.50,1.00
2016.01.27 11:26:21.485,0.65911,0.65937,1.00,1.00
2016.01.27 11:26:22.692,0.6591,0.65936,1.00,1.00
2016.01.27 11:26:23.231,0.6591,0.65934,1.00,1.00
2016.01.27 11:26:23.934,0.65908,0.65934,1.00,1.00
2016.01.27 11:26:25.425,0.65909,0.65934,1.00,1.00
2016.01.27 11:26:25.902,0.6591,0.65936,1.00,1.00
2016.01.27 11:26:26.913,0.65912,0.65936,1.00,1.00
2016.01.27 11:26:27.573,0.65913,0.65937,1.00,1.00
2016.01.27 11:26:28.187,0.65912,0.65936,1.00,1.00
2016.01.27 11:26:29.558,0.65912,0.65938,1.00,1.00
2016.01.27 11:26:30.042,0.6591,0.65936,1.00,1.00
2016.01.27 11:26:31.187,0.65911,0.65937,1.00,1.00
2016.01.27 11:26:32.392,0.6591,0.65934,1.00,1.00
2016.01.27 11:26:32.703,0.65897,0.65921,1.00,1.00
2016.01.27 11:26:32.753,0.65895,0.65921,1.00,1.00
2016.01.27 11:26:33.023,0.65894,0.65919,1.00,1.00
2016.01.27 11:26:33.190,0.65892,0.65919,1.50,1.00
2016.01.27 11:26:33.472,0.65897,0.65921,1.00,1.00
2016.01.27 11:26:33.693,0.65895,0.6592,1.00,1.00
2016.01.27 11:26:34.383,0.65897,0.65921,1.00,1.00
2016.01.27 11:26:34.733,0.65894,0.65918,1.00,1.00
2016.01.27 11:26:36.681,0.65895,0.65921,1.00,1.00
2016.01.27 11:26:37.132,0.659,0.65926,1.00,1.00
2016.01.27 11:26:38.581,0.65902,0.65926,1.00,1.00
2016.01.27 11:26:41.944,0.659,0.65924,1.00,1.00
2016.01.27 11:26:42.200,0.65898,0.65924,1.00,1.00
2016.01.27 11:26:42.643,0.65898,0.65922,1.00,1.00
2016.01.27 11:26:43.564,0.65898,0.65921,1.00,1.00
2016.01.27 11:26:43.665,0.65892,0.65917,1.00,1.00
2016.01.27 11:26:43.716,0.65891,0.65915,1.00,1.00
2016.01.27 11:26:43.832,0.65891,0.65918,1.00,1.00
2016.01.27 11:26:44.162,0.65894,0.65918,1.00,1.00
2016.01.27 11:26:44.213,0.65897,0.65923,1.00,1.00
2016.01.27 11:26:44.506,0.65894,0.65919,1.50,1.00
2016.01.27 11:26:44.716,0.65892,0.65919,1.50,1.00
2016.01.27 11:26:45.168,0.65892,0.65917,1.00,1.00
2016.01.27 11:26:45.682,0.65892,0.65918,1.50,1.00
2016.01.27 11:26:46.210,0.65893,0.65917,1.00,1.00
2016.01.27 11:26:46.778,0.65893,0.65916,1.00,1.00
2016.01.27 11:26:46.829,0.6589,0.65916,1.50,1.00
2016.01.27 11:26:46.929,0.65892,0.65918,1.00,1.00
2016.01.27 11:26:48.563,0.65892,0.65916,1.00,1.00
2016.01.27 11:26:48.774,0.65893,0.65918,1.00,1.00
2016.01.27 11:26:48.876,0.65891,0.65917,1.50,1.00
2016.01.27 11:26:49.423,0.65891,0.65915,1.50,1.00
2016.01.27 11:26:50.302,0.65893,0.65917,1.00,1.00
2016.01.27 11:26:50.529,0.65891,0.65916,1.00,1.00
2016.01.27 11:26:51.073,0.65891,0.65915,1.00,1.00
2016.01.27 11:26:52.743,0.65891,0.65917,1.50,1.00
2016.01.27 11:26:53.095,0.65894,0.65916,1.00,1.00
2016.01.27 11:26:53.196,0.65894,0.65919,1.00,1.00
2016.01.27 11:26:53.785,0.65894,0.6592,1.50,1.00
2016.01.27 11:26:54.591,0.65894,0.65918,1.50,1.00
2016.01.27 11:26:55.169,0.65894,0.65919,1.00,1.00
2016.01.27 11:26:57.122,0.65894,0.65918,1.50,1.00
2016.01.27 11:26:58.711,0.65894,0.65917,1.00,1.00
2016.01.27 11:26:58.992,0.65894,0.65919,1.00,1.00
2016.01.27 11:27:05.153,0.65894,0.65918,1.00,1.00
2016.01.27 11:27:08.802,0.65894,0.65919,1.00,1.00
2016.01.27 11:27:09.272,0.65891,0.65917,1.00,1.00
2016.01.27 11:27:09.812,0.65892,0.65916,1.00,1.00
2016.01.27 11:27:11.676,0.65891,0.65917,1.00,1.00
2016.01.27 11:27:11.978,0.65891,0.65915,1.00,1.00
2016.01.27 11:27:12.302,0.65892,0.65918,1.00,1.00
2016.01.27 11:27:13.181,0.65891,0.65915,1.00,1.00
2016.01.27 11:27:14.413,0.6589,0.65916,1.50,1.00
2016.01.27 11:27:14.758,0.65892,0.65918,1.00,1.00
2016.01.27 11:27:15.376,0.65891,0.65917,1.00,1.00
2016.01.27 11:27:16.241,0.6589,0.65916,1.50,1.00
2016.01.27 11:27:17.038,0.6589,0.65915,1.00,1.00
2016.01.27 11:27:20.475,0.65889,0.65915,1.00,1.00
2016.01.27 11:27:21.035,0.6589,0.65914,1.00,1.00
2016.01.27 11:27:22.335,0.65888,0.65912,1.00,1.00
2016.01.27 11:27:22.894,0.65889,0.65913,1.00,1.00
2016.01.27 11:27:24.291,0.65888,0.65912,1.00,1.00
2016.01.27 11:27:26.757,0.65891,0.65915,1.00,1.00
2016.01.27 11:27:27.158,0.65889,0.65915,1.00,1.00
2016.01.27 11:27:27.510,0.65891,0.65915,1.00,1.00
2016.01.27 11:27:27.611,0.65891,0.65917,1.00,1.00
2016.01.27 11:27:27.712,0.65891,0.65915,1.00,1.00
2016.01.27 11:27:28.184,0.65891,0.65917,1.00,1.00
2016.01.27 11:27:28.656,0.65893,0.65917,1.00,1.00
2016.01.27 11:27:29.321,0.65893,0.65916,1.00,1.00
2016.01.27 11:27:30.048,0.65893,0.65918,1.00,1.00
2016.01.27 11:27:30.365,0.65895,0.65919,1.00,1.00
2016.01.27 11:27:30.566,0.65893,0.65919,1.00,1.00
2016.01.27 11:27:31.089,0.65892,0.65918,1.50,1.00
2016.01.27 11:27:31.816,0.65893,0.65919,1.00,1.00
2016.01.27 11:27:38.165,0.65895,0.65921,1.00,1.00
2016.01.27 11:27:38.718,0.65894,0.65918,1.00,1.00
2016.01.27 11:27:41.387,0.65892,0.65918,1.00,1.00
2016.01.27 11:27:42.110,0.65893,0.65919,1.00,1.00
2016.01.27 11:27:45.521,0.65892,0.65918,1.00,1.00
2016.01.27 11:27:53.356,0.65892,0.65916,1.00,1.00
2016.01.27 11:27:53.951,0.65891,0.65915,1.00,1.00
2016.01.27 11:27:54.202,0.65888,0.65914,1.50,1.00
2016.01.27 11:27:54.792,0.65891,0.65917,1.00,1.00
2016.01.27 11:27:55.120,0.65889,0.65915,1.00,1.00
2016.01.27 11:27:55.665,0.6589,0.65915,1.00,1.00
2016.01.27 11:27:55.716,0.65891,0.65917,1.00,1.00
2016.01.27 11:27:55.921,0.65893,0.65919,1.00,1.00
2016.01.27 11:27:56.429,0.65889,0.65915,1.00,1.00
2016.01.27 11:27:56.911,0.65889,0.65913,1.00,1.00
2016.01.27 11:27:57.241,0.6589,0.65916,1.00,1.00
2016.01.27 11:27:57.771,0.6589,0.65915,1.50,1.00
2016.01.27 11:27:57.922,0.65892,0.65918,1.00,1.00
2016.01.27 11:27:58.023,0.65892,0.65916,1.00,1.00
2016.01.27 11:27:58.571,0.6589,0.65915,1.00,1.00
2016.01.27 11:27:58.915,0.6589,0.65913,1.00,1.00
2016.01.27 11:27:59.460,0.6589,0.65914,1.00,1.00
2016.01.27 11:28:01.176,0.65888,0.65914,1.50,1.00
2016.01.27 11:28:01.871,0.65888,0.65912,1.50,1.00
2016.01.27 11:28:02.630,0.65888,0.65911,1.00,1.00
2016.01.27 11:28:02.730,0.65885,0.65911,1.00,1.00
2016.01.27 11:28:03.234,0.65886,0.6591,1.00,1.00
2016.01.27 11:28:03.335,0.65884,0.6591,1.00,1.00
2016.01.27 11:28:04.175,0.65885,0.65911,1.00,1.00
2016.01.27 11:28:04.226,0.65887,0.65911,1.00,1.00
2016.01.27 11:28:05.509,0.65886,0.6591,1.00,1.00
2016.01.27 11:28:05.930,0.65886,0.65912,1.00,1.00
2016.01.27 11:28:06.041,0.65884,0.6591,1.00,1.00
2016.01.27 11:28:06.371,0.65887,0.65911,1.00,1.00
2016.01.27 11:28:06.480,0.65885,0.65911,1.00,1.00
2016.01.27 11:28:06.920,0.65889,0.65915,1.00,1.00
2016.01.27 11:28:07.255,0.65886,0.65912,1.00,1.00
2016.01.27 11:28:08.813,0.65885,0.65909,1.00,1.00
2016.01.27 11:28:09.242,0.65883,0.65909,1.50,1.00
2016.01.27 11:28:09.343,0.65887,0.65913,1.00,1.00
2016.01.27 11:28:09.661,0.65891,0.65917,1.00,1.00
2016.01.27 11:28:10.263,0.6589,0.65916,1.00,1.00
2016.01.27 11:28:10.570,0.6589,0.65914,1.00,1.00
2016.01.27 11:28:11.233,0.65889,0.65913,1.00,1.00
2016.01.27 11:28:11.296,0.65889,0.65915,1.00,1.00
2016.01.27 11:28:11.347,0.65889,0.65913,1.00,1.00
2016.01.27 11:28:11.961,0.6589,0.65913,1.00,1.00
2016.01.27 11:28:12.012,0.65891,0.65917,1.00,1.00
2016.01.27 11:28:12.201,0.65891,0.65915,1.00,1.00
2016.01.27 11:28:12.970,0.6589,0.65916,1.50,1.00
2016.01.27 11:28:13.888,0.6589,0.65914,1.00,1.00
2016.01.27 11:28:14.105,0.6589,0.65916,1.50,1.00
2016.01.27 11:28:16.271,0.6589,0.65914,1.50,1.00
2016.01.27 11:28:18.259,0.6589,0.65916,1.50,1.00
2016.01.27 11:28:21.000,0.6589,0.65915,1.00,1.00
2016.01.27 11:28:21.880,0.6589,0.65916,1.50,1.00
2016.01.27 11:28:22.559,0.65891,0.65917,1.00,1.00
2016.01.27 11:28:24.190,0.6589,0.65916,1.50,1.00
2016.01.27 11:28:28.810,0.65891,0.65917,1.00,1.00
2016.01.27 11:28:28.921,0.65891,0.65915,1.00,1.00
2016.01.27 11:28:29.173,0.65891,0.65918,1.00,1.00
2016.01.27 11:28:29.724,0.65891,0.65917,1.00,1.00
2016.01.27 11:28:30.228,0.65892,0.65917,1.00,1.00
2016.01.27 11:28:30.349,0.65893,0.65919,1.00,1.00
2016.01.27 11:28:30.608,0.65895,0.65921,1.00,1.00
2016.01.27 11:28:31.045,0.65897,0.65921,1.00,1.00
2016.01.27 11:28:31.278,0.65893,0.65919,1.00,1.00
2016.01.27 11:28:31.479,0.65896,0.6592,1.00,1.00
2016.01.27 11:28:31.671,0.65893,0.65919,1.00,1.00
2016.01.27 11:28:33.761,0.65895,0.65921,1.00,1.00
2016.01.27 11:28:34.320,0.65893,0.65919,1.00,1.00
2016.01.27 11:28:35.890,0.6589,0.65915,1.00,1.00
2016.01.27 11:28:36.509,0.65891,0.65917,1.00,1.00
2016.01.27 11:28:43.153,0.6589,0.65916,1.00,1.00
2016.01.27 11:28:45.271,0.65895,0.6592,1.00,1.00
2016.01.27 11:28:45.899,0.65895,0.65921,1.50,1.00
2016.01.27 11:28:49.270,0.65896,0.6592,1.00,1.00
2016.01.27 11:28:49.619,0.65893,0.65917,1.00,1.00
2016.01.27 11:28:50.154,0.65895,0.65919,1.00,1.00
2016.01.27 11:28:50.814,0.65894,0.65918,1.00,1.00
2016.01.27 11:28:51.081,0.65894,0.6592,1.00,1.00
2016.01.27 11:28:51.692,0.65894,0.65918,1.00,1.00
2016.01.27 11:28:52.352,0.65892,0.65918,1.00,1.00
2016.01.27 11:28:52.604,0.65889,0.65915,1.00,1.00
2016.01.27 11:28:52.921,0.65887,0.65913,1.00,1.00
2016.01.27 11:28:55.327,0.65889,0.65915,1.00,1.50
2016.01.27 11:28:56.089,0.65888,0.65914,1.00,1.00
2016.01.27 11:28:57.094,0.65888,0.65912,1.00,1.00
2016.01.27 11:28:57.855,0.65889,0.65913,1.00,1.00
2016.01.27 11:29:00.016,0.65888,0.65914,1.00,1.00
2016.01.27 11:29:00.637,0.65889,0.65914,1.00,1.00
2016.01.27 11:29:03.071,0.6589,0.65914,1.00,1.00
2016.01.27 11:29:06.250,0.65889,0.65915,1.50,1.00
2016.01.27 11:29:07.011,0.65893,0.65917,1.00,1.00
2016.01.27 11:29:07.112,0.65895,0.65921,1.00,1.00
2016.01.27 11:29:07.404,0.65895,0.65919,1.00,1.00
2016.01.27 11:29:07.555,0.65896,0.65922,1.50,1.00
2016.01.27 11:29:07.753,0.65896,0.65919,1.00,1.00
2016.01.27 11:29:10.499,0.65896,0.6592,1.00,1.00
2016.01.27 11:29:10.550,0.65894,0.6592,1.50,1.00
2016.01.27 11:29:13.276,0.65894,0.65919,1.00,1.00
2016.01.27 11:29:16.692,0.65896,0.65919,1.00,1.00
2016.01.27 11:29:18.237,0.65896,0.6592,1.00,1.00
2016.01.27 11:29:20.960,0.65896,0.65918,1.00,1.00
2016.01.27 11:29:21.010,0.65893,0.65918,1.00,1.00
2016.01.27 11:29:21.446,0.65891,0.65915,1.00,1.00
2016.01.27 11:29:21.648,0.65891,0.65917,1.50,1.00
2016.01.27 11:29:22.182,0.65894,0.65917,1.00,1.00
2016.01.27 11:29:22.677,0.65892,0.65917,1.00,1.00
2016.01.27 11:29:22.728,0.65892,0.65913,1.00,1.00
2016.01.27 11:29:23.369,0.65892,0.65915,1.00,1.00
2016.01.27 11:29:23.985,0.65889,0.65915,1.50,1.00
2016.01.27 11:29:24.474,0.65891,0.65917,1.00,1.00
2016.01.27 11:29:25.293,0.65893,0.65919,1.00,1.00
2016.01.27 11:29:26.230,0.65892,0.65918,1.00,1.00
2016.01.27 11:29:26.699,0.65891,0.65916,1.00,1.00
2016.01.27 11:29:27.265,0.65891,0.65917,1.50,1.00
2016.01.27 11:29:28.843,0.65892,0.65917,1.00,1.00
2016.01.27 11:29:29.199,0.65893,0.65919,1.00,1.00
2016.01.27 11:29:29.989,0.65892,0.65918,1.50,1.00
2016.01.27 11:29:31.619,0.65894,0.65918,1.00,1.00
2016.01.27 11:29:32.577,0.65893,0.65919,1.50,1.00
2016.01.27 11:29:32.906,0.65896,0.65921,1.00,1.00
2016.01.27 11:29:33.236,0.65896,0.65919,1.00,1.00
2016.01.27 11:29:33.776,0.65895,0.65919,1.50,1.00
2016.01.27 11:29:35.114,0.65897,0.65919,1.00,1.00
2016.01.27 11:29:35.166,0.65898,0.65921,1.00,1.00
2016.01.27 11:29:35.341,0.65898,0.65923,1.00,1.00
2016.01.27 11:29:35.494,0.65901,0.65926,1.00,1.00
2016.01.27 11:29:36.029,0.659,0.65926,1.00,1.00
2016.01.27 11:29:36.544,0.65901,0.65925,1.00,1.00
2016.01.27 11:29:36.595,0.65901,0.65927,1.00,1.00
2016.01.27 11:29:36.679,0.65903,0.65927,1.00,1.00
2016.01.27 11:29:36.898,0.65901,0.65926,1.50,1.00
2016.01.27 11:29:37.889,0.65902,0.65927,1.00,1.00
2016.01.27 11:29:38.474,0.65902,0.65928,1.00,1.00
2016.01.27 11:29:38.549,0.65904,0.65929,1.00,1.00
2016.01.27 11:29:38.901,0.65905,0.65932,1.50,1.00
2016.01.27 11:29:39.429,0.65905,0.65931,1.50,1.00
2016.01.27 11:29:39.999,0.65906,0.6593,1.00,1.00
2016.01.27 11:29:40.538,0.65904,0.6593,1.00,1.00
2016.01.27 11:29:42.851,0.65905,0.65931,1.00,1.00
2016.01.27 11:29:43.102,0.65909,0.65931,1.00,1.00
2016.01.27 11:29:43.384,0.65912,0.65936,1.00,1.00
2016.01.27 11:29:43.549,0.65914,0.65936,1.00,1.00
2016.01.27 11:29:44.074,0.65913,0.65936,1.00,1.00
2016.01.27 11:29:47.571,0.65914,0.65936,1.00,1.00
2016.01.27 11:29:47.680,0.65912,0.65936,1.00,1.00
2016.01.27 11:29:49.765,0.65912,0.65934,1.00,1.00
2016.01.27 11:29:50.037,0.65907,0.65932,1.00,1.00
2016.01.27 11:29:50.658,0.65907,0.65931,1.00,1.00
2016.01.27 11:29:51.207,0.65906,0.65931,1.00,1.00
2016.01.27 11:29:51.709,0.65905,0.6593,1.50,1.00
2016.01.27 11:29:51.760,0.65907,0.6593,1.00,1.00
2016.01.27 11:29:52.307,0.65906,0.6593,1.00,1.00
2016.01.27 11:29:52.963,0.65908,0.65926,1.00,1.00
2016.01.27 11:29:53.069,0.65904,0.65926,1.00,1.00
2016.01.27 11:29:53.400,0.65901,0.65923,1.00,1.00
2016.01.27 11:30:00.710,0.65903,0.65923,1.00,1.00
2016.01.27 11:30:03.959,0.65901,0.65923,1.00,1.00
2016.01.27 11:30:08.583,0.65902,0.65923,1.00,1.00
2016.01.27 11:30:09.923,0.65903,0.65923,1.00,1.00
2016.01.27 11:30:11.328,0.65903,0.65925,1.00,1.00
2016.01.27 11:30:11.585,0.65905,0.65927,1.00,1.00
2016.01.27 11:30:11.953,0.65908,0.65929,1.00,1.00
2016.01.27 11:30:12.320,0.65907,0.65931,1.00,1.00
2016.01.27 11:30:12.571,0.6591,0.65931,1.00,1.00
2016.01.27 11:30:13.260,0.65909,0.65931,1.00,1.00
2016.01.27 11:30:13.528,0.65906,0.65931,1.00,1.00
2016.01.27 11:30:14.076,0.65905,0.6593,1.00,1.00
2016.01.27 11:30:14.279,0.65904,0.65928,1.50,1.00
2016.01.27 11:30:14.631,0.65907,0.65928,1.00,1.00
2016.01.27 11:30:16.094,0.65904,0.65926,1.50,1.00
2016.01.27 11:30:16.195,0.65905,0.6593,1.00,1.00
2016.01.27 11:30:16.296,0.65914,0.65933,1.00,1.00
2016.01.27 11:30:16.396,0.65914,0.65935,1.00,1.00
2016.01.27 11:30:16.497,0.65914,0.65937,1.00,1.00
2016.01.27 11:30:16.887,0.65917,0.65937,1.00,1.00
2016.01.27 11:30:19.191,0.65915,0.65937,1.00,1.00
2016.01.27 11:30:19.241,0.65918,0.65937,1.00,1.00
2016.01.27 11:30:19.292,0.65916,0.65937,1.00,1.00
2016.01.27 11:30:19.716,0.65916,0.65939,1.00,1.00
2016.01.27 11:30:19.817,0.65918,0.65939,1.00,1.00
2016.01.27 11:30:19.868,0.65918,0.65941,1.00,1.00
2016.01.27 11:30:20.081,0.65919,0.65943,1.00,1.00
2016.01.27 11:30:20.604,0.6592,0.65943,1.00,1.00
2016.01.27 11:30:21.055,0.65922,0.65944,1.00,1.00
2016.01.27 11:30:24.010,0.65922,0.65943,1.00,1.00
2016.01.27 11:30:24.426,0.65919,0.65941,1.00,1.00
2016.01.27 11:30:24.481,0.65917,0.65941,1.00,1.00
2016.01.27 11:30:26.398,0.65918,0.65941,1.00,1.00
2016.01.27 11:30:26.865,0.6592,0.65943,1.00,1.00
2016.01.27 11:30:27.389,0.65921,0.65944,1.00,1.00
2016.01.27 11:30:28.277,0.65922,0.65944,1.00,1.00
2016.01.27 11:30:28.606,0.65924,0.65945,1.00,1.00
2016.01.27 11:30:28.757,0.65921,0.65945,1.00,1.00
2016.01.27 11:30:28.808,0.65921,0.65943,1.00,1.00
2016.01.27 11:30:28.858,0.65919,0.65943,1.50,1.00
2016.01.27 11:30:29.224,0.65916,0.65939,1.00,1.00
2016.01.27 11:30:31.129,0.65915,0.65939,1.00,1.00
2016.01.27 11:30:34.033,0.65915,0.65941,1.00,1.00
2016.01.27 11:30:34.310,0.6592,0.65944,1.00,1.50
2016.01.27 11:30:34.646,0.6592,0.65942,1.00,1.50
2016.01.27 11:30:34.696,0.65916,0.65942,1.00,1.50
2016.01.27 11:30:36.727,0.65917,0.65941,1.00,1.00
2016.01.27 11:30:36.964,0.65919,0.65942,1.00,1.00
2016.01.27 11:30:37.515,0.65918,0.65942,1.00,1.00
2016.01.27 11:30:38.939,0.65916,0.65942,1.00,1.50
2016.01.27 11:30:40.195,0.65914,0.6594,1.50,1.00
2016.01.27 11:30:40.497,0.65918,0.65942,1.00,1.50
2016.01.27 11:30:41.036,0.65917,0.65942,1.00,1.00
2016.01.27 11:30:41.351,0.65915,0.65941,1.00,1.50
2016.01.27 11:30:41.402,0.65919,0.65941,1.00,1.00
2016.01.27 11:30:42.028,0.65922,0.65943,1.00,1.00
2016.01.27 11:30:42.617,0.65922,0.65944,1.00,1.00
2016.01.27 11:30:43.899,0.65922,0.65946,1.00,1.00
2016.01.27 11:30:43.950,0.65925,0.65946,1.00,1.00
2016.01.27 11:30:44.153,0.65923,0.65947,1.00,1.50
2016.01.27 11:30:44.355,0.65921,0.65947,1.00,1.50
2016.01.27 11:30:44.597,0.65921,0.65945,1.00,1.00
2016.01.27 11:30:45.099,0.6592,0.65945,1.00,1.00
2016.01.27 11:30:45.629,0.65921,0.65945,1.00,1.00
2016.01.27 11:30:45.959,0.65924,0.65945,1.00,1.00
2016.01.27 11:30:46.219,0.65922,0.65945,1.00,1.00
2016.01.27 11:30:47.109,0.65925,0.65945,1.00,1.00
2016.01.27 11:30:47.319,0.65922,0.65945,1.00,1.00
2016.01.27 11:30:50.315,0.65921,0.65945,1.00,1.00
2016.01.27 11:30:50.967,0.65921,0.65944,1.00,1.00
2016.01.27 11:30:51.068,0.65919,0.65944,1.50,1.00
2016.01.27 11:30:51.828,0.65922,0.65944,1.00,1.00
2016.01.27 11:30:52.438,0.65921,0.65944,1.00,1.00
2016.01.27 11:30:53.473,0.65919,0.65941,1.50,1.00
2016.01.27 11:30:53.573,0.65915,0.65938,1.00,1.00
2016.01.27 11:30:53.732,0.65912,0.65938,1.00,1.00
2016.01.27 11:30:54.264,0.65913,0.65937,1.00,1.00
2016.01.27 11:30:57.199,0.65918,0.65937,1.00,1.00
2016.01.27 11:30:59.511,0.65919,0.65937,1.00,1.00
2016.01.27 11:31:01.158,0.65919,0.65939,1.00,1.00
2016.01.27 11:31:01.489,0.65921,0.65939,1.00,1.00
2016.01.27 11:31:02.490,0.65919,0.65939,1.00,1.00
2016.01.27 11:31:02.541,0.65919,0.65937,1.00,1.00
2016.01.27 11:31:02.591,0.65917,0.65937,1.00,1.00
2016.01.27 11:31:02.642,0.65917,0.65935,1.00,1.00
2016.01.27 11:31:03.352,0.65916,0.65935,1.00,1.00
2016.01.27 11:31:05.204,0.65917,0.65935,1.00,1.00
2016.01.27 11:31:07.320,0.65916,0.65935,1.00,1.00
2016.01.27 11:31:08.216,0.65915,0.65935,1.00,1.00
2016.01.27 11:31:09.302,0.65916,0.65935,1.00,1.00
2016.01.27 11:31:10.630,0.65915,0.65935,1.00,1.00
2016.01.27 11:31:11.026,0.65915,0.65931,1.00,1.00
2016.01.27 11:31:11.197,0.65913,0.6593,1.00,1.00
2016.01.27 11:31:11.407,0.65918,0.65932,1.00,1.00
2016.01.27 11:31:11.457,0.65918,0.65935,1.00,1.00
2016.01.27 11:31:11.924,0.65916,0.65935,1.00,1.00
2016.01.27 11:31:12.650,0.65917,0.65935,1.00,1.00
2016.01.27 11:31:14.027,0.65919,0.65935,1.00,1.00
2016.01.27 11:31:14.078,0.65919,0.65937,1.00,1.00
2016.01.27 11:31:14.140,0.65917,0.65937,1.00,1.00
2016.01.27 11:31:15.060,0.65917,0.65938,1.00,1.00
2016.01.27 11:31:16.998,0.65918,0.65938,1.00,1.00
2016.01.27 11:31:19.533,0.65918,0.65935,1.00,1.00
2016.01.27 11:31:19.684,0.65912,0.65933,1.00,1.00
2016.01.27 11:31:19.735,0.65912,0.65936,1.00,1.00
2016.01.27 11:31:20.114,0.6591,0.65934,1.00,1.50
2016.01.27 11:31:20.756,0.65911,0.65934,1.00,1.00
2016.01.27 11:31:21.178,0.65907,0.65933,1.00,1.50
2016.01.27 11:31:21.728,0.65908,0.65933,1.00,1.00
2016.01.27 11:31:22.671,0.65908,0.65934,1.00,1.00
2016.01.27 11:31:22.722,0.6591,0.65935,1.00,1.00
2016.01.27 11:31:23.229,0.6591,0.65932,1.00,1.00
2016.01.27 11:31:23.512,0.65908,0.65931,1.00,1.00
2016.01.27 11:31:24.079,0.65909,0.65931,1.00,1.00
2016.01.27 11:31:24.739,0.65909,0.65932,1.00,1.00
2016.01.27 11:31:25.256,0.65909,0.65934,1.00,1.00
2016.01.27 11:31:27.782,0.6591,0.65934,1.00,1.50
2016.01.27 11:31:31.318,0.65906,0.65932,1.00,1.50
2016.01.27 11:31:31.519,0.65905,0.6593,1.00,1.00
2016.01.27 11:31:32.045,0.65905,0.65931,1.00,1.50
2016.01.27 11:31:32.682,0.65903,0.65929,1.00,1.00
2016.01.27 11:31:33.593,0.65903,0.65928,1.00,1.00
2016.01.27 11:31:34.103,0.65903,0.65927,1.00,1.00
2016.01.27 11:31:39.768,0.65903,0.65928,1.00,1.00
2016.01.27 11:31:40.508,0.65903,0.65929,1.00,1.50
2016.01.27 11:31:44.741,0.65903,0.65927,1.00,1.00
2016.01.27 11:31:45.396,0.65902,0.65927,1.00,1.00
2016.01.27 11:31:46.109,0.65901,0.65927,1.00,1.50
2016.01.27 11:31:46.807,0.65902,0.65927,1.00,1.00
2016.01.27 11:31:47.578,0.65902,0.65926,1.00,1.00
2016.01.27 11:31:49.779,0.65903,0.65927,1.00,1.00
2016.01.27 11:31:50.041,0.65903,0.65929,1.00,1.50
2016.01.27 11:31:50.091,0.65903,0.65927,1.00,1.00
2016.01.27 11:31:50.311,0.65898,0.65923,1.00,1.00
2016.01.27 11:31:50.782,0.65899,0.65925,1.00,1.50
2016.01.27 11:31:51.169,0.65896,0.6592,1.00,1.00
2016.01.27 11:31:51.887,0.65898,0.65922,1.00,1.00
2016.01.27 11:31:52.429,0.65895,0.65919,1.00,1.00
2016.01.27 11:31:52.981,0.65896,0.6592,1.00,1.00
2016.01.27 11:31:53.347,0.65897,0.65923,1.00,1.00
2016.01.27 11:31:53.881,0.65897,0.65924,1.00,1.00
2016.01.27 11:31:53.992,0.659,0.65926,1.00,1.00
2016.01.27 11:31:54.499,0.65901,0.65927,1.00,1.00
2016.01.27 11:31:54.952,0.65897,0.65922,1.00,1.00
2016.01.27 11:31:55.285,0.659,0.65924,1.00,1.00
2016.01.27 11:31:55.607,0.659,0.65926,1.00,1.00
2016.01.27 11:31:55.846,0.65902,0.65926,1.00,1.00
2016.01.27 11:31:58.567,0.65902,0.65928,1.00,1.00
2016.01.27 11:31:58.825,0.65904,0.6593,1.00,1.00
2016.01.27 11:31:59.179,0.65902,0.65928,1.00,1.00
2016.01.27 11:32:02.109,0.65901,0.65927,1.00,1.00
2016.01.27 11:32:02.445,0.65903,0.65929,1.00,1.00
2016.01.27 11:32:02.993,0.659,0.65926,1.00,1.00
2016.01.27 11:32:03.968,0.65899,0.65925,1.00,1.00
2016.01.27 11:32:04.748,0.65899,0.65923,1.00,1.00
2016.01.27 11:32:04.957,0.659,0.65926,1.00,1.00
2016.01.27 11:32:07.870,0.659,0.65925,1.00,1.00
2016.01.27 11:32:08.290,0.65898,0.65924,1.00,1.00
2016.01.27 11:32:08.887,0.65896,0.65922,1.00,1.00
2016.01.27 11:32:09.729,0.65896,0.6592,1.00,1.00
2016.01.27 11:32:10.265,0.65895,0.65921,1.00,1.00
2016.01.27 11:32:12.719,0.65895,0.6592,1.00,1.00
2016.01.27 11:32:12.769,0.65893,0.65919,1.00,1.00
2016.01.27 11:32:13.008,0.65888,0.65914,1.00,1.00
2016.01.27 11:32:13.538,0.6589,0.65914,1.00,1.00
2016.01.27 11:32:13.689,0.65887,0.65913,1.00,1.00
2016.01.27 11:32:14.199,0.65888,0.65914,1.00,1.00
2016.01.27 11:32:14.317,0.6589,0.65914,1.00,1.00
2016.01.27 11:32:18.527,0.65891,0.65915,1.00,1.00
2016.01.27 11:32:18.628,0.65893,0.65919,1.00,1.00
2016.01.27 11:32:19.135,0.65892,0.65918,1.00,1.00
2016.01.27 11:32:19.362,0.65894,0.6592,1.00,1.00
2016.01.27 11:32:20.011,0.65895,0.65921,1.00,1.00
2016.01.27 11:32:20.342,0.65893,0.65919,1.00,1.00
2016.01.27 11:32:21.245,0.65891,0.65917,1.00,1.00
2016.01.27 11:32:21.994,0.65889,0.65913,1.00,1.00
2016.01.27 11:32:22.447,0.65891,0.65917,1.00,1.00
2016.01.27 11:32:23.574,0.6589,0.65917,1.00,1.00
2016.01.27 11:32:24.330,0.65888,0.65912,1.00,1.00
2016.01.27 11:32:24.740,0.65888,0.65914,1.00,1.00
2016.01.27 11:32:24.891,0.65892,0.65916,1.00,1.50
2016.01.27 11:32:25.626,0.6589,0.65914,1.00,1.00
2016.01.27 11:32:26.137,0.65889,0.65915,1.00,1.50
2016.01.27 11:32:26.667,0.6589,0.65915,1.00,1.00
2016.01.27 11:32:27.250,0.65889,0.65915,1.00,1.00
2016.01.27 11:32:27.565,0.65891,0.65916,1.00,1.00
2016.01.27 11:32:27.666,0.65895,0.65921,1.00,1.50
2016.01.27 11:32:27.967,0.65893,0.65919,1.00,1.00
2016.01.27 11:32:28.498,0.65894,0.6592,1.00,1.50
2016.01.27 11:32:33.047,0.65893,0.65919,1.00,1.00
2016.01.27 11:32:33.627,0.65892,0.65918,1.00,1.00
2016.01.27 11:32:36.267,0.65892,0.65916,1.00,1.00
2016.01.27 11:32:36.585,0.6589,0.65916,1.00,1.50
2016.01.27 11:32:37.120,0.6589,0.65915,1.00,1.00
2016.01.27 11:32:37.171,0.65893,0.65917,1.00,1.00
2016.01.27 11:32:37.547,0.65891,0.65915,1.00,1.00
2016.01.27 11:32:37.918,0.65888,0.65914,1.00,1.00
2016.01.27 11:32:38.427,0.65891,0.65915,1.00,1.00
2016.01.27 11:32:42.887,0.65891,0.65916,1.00,1.50
2016.01.27 11:32:42.938,0.65889,0.65915,1.00,1.00
2016.01.27 11:32:44.477,0.65888,0.65914,1.00,1.00
2016.01.27 11:32:46.901,0.65888,0.65915,1.00,1.50
2016.01.27 11:32:47.337,0.65892,0.65916,1.00,1.00
2016.01.27 11:32:47.447,0.65889,0.65915,1.00,1.00
2016.01.27 11:32:48.016,0.65892,0.65915,1.00,1.00
2016.01.27 11:32:48.268,0.65893,0.65918,1.00,1.00
2016.01.27 11:32:48.366,0.65893,0.65915,1.00,1.00
2016.01.27 11:32:48.919,0.65893,0.65916,1.00,1.00
2016.01.27 11:32:49.128,0.65889,0.65916,1.00,1.50
2016.01.27 11:32:49.868,0.65888,0.65914,1.00,1.00
2016.01.27 11:32:50.387,0.65889,0.65915,1.00,1.50
2016.01.27 11:32:51.061,0.6589,0.65916,1.00,2.25
2016.01.27 11:32:52.248,0.65889,0.65915,1.00,1.00
2016.01.27 11:32:56.289,0.6589,0.65916,1.00,1.50
2016.01.27 11:32:56.591,0.65892,0.65918,1.00,1.00
2016.01.27 11:32:56.952,0.65895,0.65916,1.00,1.00
2016.01.27 11:32:57.387,0.65895,0.65919,1.00,1.00
2016.01.27 11:32:58.666,0.65894,0.65918,1.00,1.00
2016.01.27 11:32:59.916,0.65895,0.65919,1.00,1.00
2016.01.27 11:33:00.526,0.65894,0.65918,1.00,1.00
2016.01.27 11:33:01.558,0.65892,0.65918,1.00,1.00
2016.01.27 11:33:02.777,0.65892,0.65916,1.00,1.00
2016.01.27 11:33:03.299,0.65891,0.65915,1.00,1.00
2016.01.27 11:33:03.877,0.6589,0.65916,1.00,1.00
2016.01.27 11:33:04.752,0.65891,0.65916,1.00,1.00
2016.01.27 11:33:05.096,0.65891,0.65918,1.00,1.00
2016.01.27 11:33:05.147,0.65893,0.65919,1.00,1.00
2016.01.27 11:33:05.671,0.65894,0.65918,1.00,1.00
2016.01.27 11:33:07.397,0.65894,0.65915,1.00,1.00
2016.01.27 11:33:08.076,0.65894,0.65916,1.00,1.00
2016.01.27 11:33:08.587,0.65898,0.65916,1.00,1.00
2016.01.27 11:33:08.638,0.65898,0.65921,1.00,1.00
2016.01.27 11:33:08.913,0.659,0.65921,1.00,1.00
2016.01.27 11:33:08.963,0.659,0.65924,1.00,1.00
2016.01.27 11:33:09.243,0.65902,0.65926,1.00,2.25
2016.01.27 11:33:09.463,0.659,0.65926,1.00,1.50
2016.01.27 11:33:09.965,0.65899,0.65925,1.00,1.00
2016.01.27 11:33:10.520,0.659,0.65926,1.00,1.50
2016.01.27 11:33:11.738,0.659,0.65925,1.00,1.00
2016.01.27 11:33:12.128,0.65902,0.65926,1.00,1.50
2016.01.27 11:33:12.417,0.65904,0.65931,1.00,1.50
2016.01.27 11:33:12.637,0.65906,0.65931,1.00,1.00
2016.01.27 11:33:12.996,0.65904,0.6593,1.00,1.00
2016.01.27 11:33:13.511,0.65905,0.6593,1.00,1.00
2016.01.27 11:33:14.046,0.65904,0.6593,1.00,1.00
2016.01.27 11:33:18.629,0.65905,0.65929,1.00,1.00
2016.01.27 11:33:18.820,0.65905,0.65931,1.00,1.00
2016.01.27 11:33:19.022,0.65907,0.65931,1.00,1.00
2016.01.27 11:33:19.534,0.65906,0.6593,1.00,1.00
2016.01.27 11:33:20.006,0.65908,0.6593,1.00,1.00
2016.01.27 11:33:20.534,0.65908,0.65931,1.00,1.00
2016.01.27 11:33:20.885,0.65908,0.65934,1.00,1.00
2016.01.27 11:33:21.144,0.65913,0.65935,1.00,1.00
2016.01.27 11:33:21.746,0.65913,0.65936,1.00,1.00
2016.01.27 11:33:21.797,0.65911,0.65936,1.00,1.00
2016.01.27 11:33:21.998,0.65914,0.65936,1.00,1.00
2016.01.27 11:33:22.249,0.65912,0.65936,1.00,1.00
2016.01.27 11:33:24.186,0.65911,0.65936,1.00,1.00
2016.01.27 11:33:24.636,0.65913,0.65936,1.00,1.00
2016.01.27 11:33:25.286,0.65911,0.65936,1.00,1.00
2016.01.27 11:33:26.010,0.6591,0.65936,1.00,1.50
2016.01.27 11:33:26.312,0.6591,0.65934,1.00,1.00
2016.01.27 11:33:27.046,0.65909,0.65933,1.00,1.00
2016.01.27 11:33:29.544,0.65913,0.65939,1.00,1.00
2016.01.27 11:33:29.594,0.65915,0.65939,1.00,1.00
2016.01.27 11:33:29.834,0.65913,0.65939,1.00,1.00
2016.01.27 11:33:30.035,0.65911,0.65937,1.00,1.00
2016.01.27 11:33:30.806,0.65913,0.65937,1.00,1.00
2016.01.27 11:33:31.262,0.65911,0.65936,1.00,1.00
2016.01.27 11:33:31.668,0.65913,0.65936,1.00,1.00
2016.01.27 11:33:32.322,0.65912,0.65936,1.00,1.00
2016.01.27 11:33:33.213,0.65911,0.65936,1.00,1.00
2016.01.27 11:33:33.516,0.65909,0.65933,1.00,1.00
2016.01.27 11:33:33.667,0.65904,0.6593,1.00,1.00
2016.01.27 11:33:33.902,0.65907,0.65931,1.00,1.00
2016.01.27 11:33:34.500,0.65907,0.6593,1.00,1.00
2016.01.27 11:33:35.066,0.65907,0.65931,1.00,1.00
2016.01.27 11:33:35.472,0.65905,0.65931,1.00,1.50
2016.01.27 11:33:35.523,0.65906,0.65925,1.00,1.00
2016.01.27 11:33:36.046,0.65907,0.6593,1.00,1.00
2016.01.27 11:33:36.793,0.65905,0.65925,1.00,1.00
2016.01.27 11:33:37.168,0.65905,0.65931,1.00,1.50
2016.01.27 11:33:37.366,0.65905,0.65925,1.00,1.00
2016.01.27 11:33:37.872,0.65904,0.65926,1.00,1.00
2016.01.27 11:33:38.437,0.65905,0.65926,1.00,1.00
2016.01.27 11:33:40.057,0.65906,0.65926,1.00,1.00
2016.01.27 11:33:40.855,0.65904,0.65926,1.00,1.00
2016.01.27 11:33:41.325,0.65903,0.65929,1.50,1.00
2016.01.27 11:33:41.891,0.65904,0.6593,1.00,1.00
2016.01.27 11:33:45.286,0.65904,0.65926,1.00,1.00
2016.01.27 11:33:45.835,0.65904,0.6593,1.00,1.50
2016.01.27 11:33:46.648,0.65903,0.65927,1.50,1.00
2016.01.27 11:33:46.849,0.65901,0.65927,1.00,1.00
2016.01.27 11:33:47.945,0.65902,0.65928,1.00,1.00
2016.01.27 11:33:50.397,0.65903,0.6593,1.00,1.00
2016.01.27 11:33:50.837,0.65901,0.65927,1.00,1.00
2016.01.27 11:33:51.166,0.65903,0.65925,1.00,1.00
2016.01.27 11:33:52.676,0.65901,0.65925,1.00,1.00
2016.01.27 11:33:54.656,0.65899,0.65925,1.00,1.00
2016.01.27 11:33:54.767,0.65899,0.65923,1.00,1.00
2016.01.27 11:33:56.662,0.65898,0.65922,1.00,1.00
2016.01.27 11:33:56.976,0.65896,0.6592,1.00,1.00
2016.01.27 11:33:57.026,0.65896,0.65922,1.00,1.00
2016.01.27 11:33:58.619,0.65896,0.6592,1.00,1.00
2016.01.27 11:34:00.485,0.65895,0.65921,1.00,1.00
2016.01.27 11:34:01.439,0.65896,0.6592,1.00,1.50
2016.01.27 11:34:01.968,0.65895,0.65919,1.00,1.00
2016.01.27 11:34:02.457,0.65891,0.65916,1.00,1.00
2016.01.27 11:34:02.936,0.65889,0.65915,1.00,1.50
2016.01.27 11:34:03.662,0.65891,0.65915,1.00,1.50
2016.01.27 11:34:03.827,0.65891,0.65917,1.00,1.00
2016.01.27 11:34:03.928,0.65894,0.65916,1.00,1.00
2016.01.27 11:34:04.131,0.65887,0.65913,1.00,1.00
2016.01.27 11:34:04.332,0.65887,0.65911,1.00,1.00
2016.01.27 11:34:04.970,0.65883,0.65909,1.00,1.00
2016.01.27 11:34:05.481,0.65887,0.6591,1.00,1.00
2016.01.27 11:34:05.531,0.65887,0.65913,1.00,1.00
2016.01.27 11:34:05.582,0.6589,0.65915,1.00,1.00
2016.01.27 11:34:05.884,0.65891,0.65917,1.00,1.00
2016.01.27 11:34:06.181,0.65888,0.65914,1.00,1.00
2016.01.27 11:34:06.712,0.65887,0.65913,1.00,1.00
2016.01.27 11:34:07.134,0.65889,0.65914,1.00,1.00
2016.01.27 11:34:07.525,0.65894,0.65919,1.00,1.00
2016.01.27 11:34:07.762,0.65892,0.65919,1.00,1.50
2016.01.27 11:34:07.814,0.65892,0.65916,1.00,1.00
2016.01.27 11:34:08.015,0.6589,0.65915,1.00,1.50
2016.01.27 11:34:08.186,0.65888,0.65915,1.00,1.50
2016.01.27 11:34:09.113,0.65895,0.65917,1.00,1.00
2016.01.27 11:34:09.661,0.65896,0.65919,1.00,1.00
2016.01.27 11:34:10.190,0.65895,0.65919,1.00,1.00
2016.01.27 11:34:10.544,0.65893,0.65919,1.00,1.00
2016.01.27 11:34:10.605,0.65893,0.65917,1.00,1.00
2016.01.27 11:34:11.684,0.65897,0.65923,1.00,1.50
2016.01.27 11:34:12.227,0.65897,0.65922,1.00,1.50
2016.01.27 11:34:13.466,0.65896,0.65922,1.00,1.50
2016.01.27 11:34:14.015,0.65899,0.65922,1.00,1.00
2016.01.27 11:34:14.429,0.65896,0.65919,1.00,1.00
2016.01.27 11:34:14.479,0.65892,0.65918,1.00,1.00
2016.01.27 11:34:14.680,0.65892,0.65916,1.00,1.00
2016.01.27 11:34:16.130,0.65893,0.65916,1.00,1.00
2016.01.27 11:34:16.180,0.65893,0.65918,1.00,1.00
2016.01.27 11:34:16.505,0.65894,0.6592,1.00,1.00
2016.01.27 11:34:16.555,0.65896,0.6592,1.00,1.00
2016.01.27 11:34:16.850,0.65896,0.65922,1.00,1.50
2016.01.27 11:34:17.010,0.65898,0.65922,1.00,1.00
2016.01.27 11:34:17.598,0.65899,0.65923,1.00,1.00
2016.01.27 11:34:17.927,0.65901,0.65923,1.00,1.00
2016.01.27 11:34:18.195,0.65898,0.65923,1.00,1.00
2016.01.27 11:34:19.012,0.65897,0.65923,1.00,1.50
2016.01.27 11:34:20.177,0.65897,0.65921,1.00,1.00
2016.01.27 11:34:20.244,0.65894,0.6592,1.00,1.50
2016.01.27 11:34:22.946,0.65895,0.65921,1.00,1.50
2016.01.27 11:34:23.166,0.65893,0.65919,1.00,1.00
2016.01.27 11:34:23.892,0.65893,0.65918,1.00,1.00
2016.01.27 11:34:24.427,0.65892,0.65917,1.00,1.00
2016.01.27 11:34:25.042,0.65891,0.65915,1.00,1.00
2016.01.27 11:34:25.345,0.65892,0.65917,1.00,1.00
2016.01.27 11:34:26.595,0.65892,0.65918,1.00,1.50
2016.01.27 11:34:26.651,0.65895,0.65918,1.00,1.00
2016.01.27 11:34:28.315,0.65893,0.65918,1.00,1.00
2016.01.27 11:34:29.438,0.65893,0.65916,1.00,1.00
2016.01.27 11:34:29.764,0.65891,0.65915,1.00,1.00
2016.01.27 11:34:30.378,0.65892,0.65916,1.00,1.00
2016.01.27 11:34:31.620,0.65891,0.65916,1.00,1.00
2016.01.27 11:34:33.586,0.65892,0.65916,1.00,1.00
2016.01.27 11:34:34.584,0.65891,0.65916,1.00,1.00
2016.01.27 11:34:36.098,0.65894,0.65918,1.00,1.00
2016.01.27 11:34:36.493,0.65897,0.65918,1.00,1.00
2016.01.27 11:34:36.674,0.65895,0.65919,1.00,1.00
2016.01.27 11:34:37.882,0.65895,0.65921,1.00,1.00
2016.01.27 11:34:37.933,0.65897,0.65923,1.00,1.50
2016.01.27 11:34:38.235,0.65904,0.65927,1.00,1.00
2016.01.27 11:34:38.593,0.65901,0.65927,1.00,1.50
2016.01.27 11:34:39.132,0.65899,0.65925,1.00,1.50
2016.01.27 11:34:39.863,0.659,0.65924,1.00,1.00
2016.01.27 11:34:41.332,0.65899,0.65924,1.00,1.00
2016.01.27 11:34:42.862,0.65901,0.65924,1.00,1.00
2016.01.27 11:34:45.255,0.659,0.65924,1.00,1.00
2016.01.27 11:34:45.877,0.65901,0.65924,1.00,1.00
2016.01.27 11:34:46.367,0.65904,0.65924,1.00,1.00
2016.01.27 11:34:46.685,0.65902,0.65924,1.00,1.00
2016.01.27 11:34:50.390,0.65902,0.65928,1.00,1.50
2016.01.27 11:34:50.441,0.65905,0.65929,1.00,1.00
2016.01.27 11:34:50.793,0.65905,0.65931,1.00,1.00
2016.01.27 11:34:51.411,0.65904,0.6593,1.00,1.50
2016.01.27 11:34:51.939,0.65903,0.65929,1.00,1.50
2016.01.27 11:34:52.475,0.65904,0.65927,1.00,1.00
2016.01.27 11:34:52.646,0.65902,0.65927,1.00,1.00
2016.01.27 11:34:52.747,0.65901,0.65925,1.00,1.00
2016.01.27 11:34:53.631,0.65905,0.6593,1.00,1.00
2016.01.27 11:34:53.732,0.65907,0.65932,1.00,1.00
2016.01.27 11:34:54.104,0.65906,0.6593,1.00,1.00
2016.01.27 11:34:56.287,0.65905,0.6593,1.00,1.50
2016.01.27 11:34:57.375,0.65907,0.6593,1.00,1.50
2016.01.27 11:34:57.526,0.65907,0.65932,1.00,1.00
2016.01.27 11:34:57.577,0.6591,0.65932,1.00,1.00
2016.01.27 11:34:57.788,0.65907,0.65932,1.00,1.00
2016.01.27 11:34:57.939,0.65906,0.6593,1.00,1.00
2016.01.27 11:34:58.496,0.65907,0.6593,1.00,1.00
2016.01.27 11:34:59.012,0.65908,0.6593,1.00,1.00
2016.01.27 11:35:00.243,0.65906,0.6593,1.00,1.00
2016.01.27 11:35:00.304,0.65908,0.6593,1.00,1.00
2016.01.27 11:35:00.584,0.65909,0.65932,1.00,1.00
2016.01.27 11:35:00.746,0.65911,0.65932,1.00,1.00
2016.01.27 11:35:01.525,0.65908,0.65932,1.00,1.00
2016.01.27 11:35:01.726,0.65908,0.6593,1.00,1.00
2016.01.27 11:35:01.977,0.65904,0.65928,1.00,1.00
2016.01.27 11:35:02.725,0.65905,0.65928,1.00,1.00
2016.01.27 11:35:04.998,0.65906,0.65928,1.00,1.00
2016.01.27 11:35:05.681,0.65905,0.65928,1.00,1.00
2016.01.27 11:35:05.804,0.65905,0.6593,1.00,1.00
2016.01.27 11:35:05.955,0.65906,0.65932,1.00,1.00
2016.01.27 11:35:06.056,0.65911,0.65933,1.00,1.00
2016.01.27 11:35:06.106,0.65911,0.65936,1.00,1.00
2016.01.27 11:35:06.157,0.65913,0.65936,1.00,1.00
2016.01.27 11:35:06.791,0.65913,0.65934,1.00,1.00
2016.01.27 11:35:06.993,0.65912,0.65938,1.00,1.50
2016.01.27 11:35:07.503,0.65911,0.65937,1.00,1.00
2016.01.27 11:35:08.007,0.65912,0.65938,1.00,1.50
2016.01.27 11:35:09.692,0.65912,0.65936,1.00,1.00
2016.01.27 11:35:10.286,0.65911,0.65936,1.00,1.00
2016.01.27 11:35:10.803,0.65911,0.65935,1.00,1.00
2016.01.27 11:35:11.114,0.65909,0.65934,1.00,1.00
2016.01.27 11:35:11.342,0.65909,0.65932,1.00,1.00
2016.01.27 11:35:11.442,0.65907,0.65932,1.00,1.50
2016.01.27 11:35:11.666,0.65909,0.65929,1.00,1.00
2016.01.27 11:35:12.039,0.65904,0.65929,1.00,1.00
2016.01.27 11:35:12.697,0.65904,0.65928,1.00,1.00
2016.01.27 11:35:13.085,0.659,0.65925,1.00,1.00
2016.01.27 11:35:13.185,0.659,0.65922,1.00,1.00
2016.01.27 11:35:13.286,0.65898,0.65923,1.00,1.00
2016.01.27 11:35:15.426,0.659,0.65923,1.00,1.00
2016.01.27 11:35:17.830,0.65902,0.65923,1.00,1.00
2016.01.27 11:35:17.930,0.65902,0.65925,1.00,1.00
2016.01.27 11:35:18.281,0.65903,0.65928,1.00,1.00
2016.01.27 11:35:18.382,0.65906,0.65928,1.00,1.00
2016.01.27 11:35:19.592,0.65904,0.65928,1.00,1.00
2016.01.27 11:35:20.105,0.65905,0.65928,1.00,1.00
2016.01.27 11:35:21.535,0.65906,0.65928,1.00,1.00
2016.01.27 11:35:21.737,0.65906,0.65931,1.00,1.00
2016.01.27 11:35:22.303,0.65905,0.6593,1.00,1.00
2016.01.27 11:35:23.225,0.65907,0.6593,1.00,1.00
2016.01.27 11:35:23.785,0.6591,0.65931,1.00,1.00
2016.01.27 11:35:23.836,0.65908,0.65931,1.00,1.00
2016.01.27 11:35:23.991,0.65906,0.65931,1.00,1.00
2016.01.27 11:35:24.042,0.65906,0.65929,1.00,1.00
2016.01.27 11:35:24.442,0.65903,0.65929,1.00,1.50
2016.01.27 11:35:24.659,0.65905,0.65929,1.00,1.50
2016.01.27 11:35:26.796,0.65905,0.6593,1.00,1.00
2016.01.27 11:35:28.126,0.65905,0.65929,1.00,1.00
2016.01.27 11:35:29.346,0.65904,0.65928,1.00,1.00
2016.01.27 11:35:30.771,0.65904,0.65927,1.00,1.00
2016.01.27 11:35:30.821,0.65902,0.65927,1.00,1.00
2016.01.27 11:35:31.022,0.659,0.65926,1.00,1.50
2016.01.27 11:35:31.073,0.659,0.65924,1.00,1.00
2016.01.27 11:35:31.660,0.65899,0.65924,1.00,1.00
2016.01.27 11:35:33.254,0.65899,0.65923,1.00,1.00
2016.01.27 11:35:33.558,0.65895,0.65919,1.00,1.00
2016.01.27 11:35:33.609,0.65895,0.65921,1.00,1.50
2016.01.27 11:35:33.659,0.65898,0.65923,1.00,1.50
2016.01.27 11:35:34.318,0.65901,0.65924,1.00,1.00
2016.01.27 11:35:34.368,0.65901,0.65926,1.00,1.00
2016.01.27 11:35:34.419,0.65903,0.65926,1.00,1.00
2016.01.27 11:35:34.672,0.65899,0.65924,1.00,1.00
2016.01.27 11:35:34.773,0.65897,0.65923,1.00,1.00
2016.01.27 11:35:34.874,0.65895,0.65921,1.00,1.00
2016.01.27 11:35:35.442,0.65898,0.65921,1.00,1.00
2016.01.27 11:35:35.543,0.65898,0.65923,1.00,1.00
2016.01.27 11:35:35.866,0.65899,0.65925,1.00,1.50
2016.01.27 11:35:36.168,0.65902,0.65924,1.00,1.00
2016.01.27 11:35:36.756,0.65901,0.65924,1.00,1.00
2016.01.27 11:35:36.868,0.65899,0.65924,1.00,1.00
2016.01.27 11:35:37.068,0.65898,0.65922,1.00,1.00
2016.01.27 11:35:37.595,0.659,0.65923,1.00,1.00
2016.01.27 11:35:37.826,0.65901,0.65925,1.00,1.50
2016.01.27 11:35:39.975,0.65901,0.65926,1.00,1.00
2016.01.27 11:35:40.649,0.65901,0.65927,1.50,1.00
2016.01.27 11:35:40.701,0.6591,0.65932,1.00,1.00
2016.01.27 11:35:41.992,0.6591,0.65933,1.00,1.00
2016.01.27 11:35:42.043,0.65907,0.65933,1.00,1.50
2016.01.27 11:35:43.456,0.65907,0.65932,1.00,1.00
2016.01.27 11:35:44.526,0.65908,0.65932,1.00,1.00
2016.01.27 11:35:45.633,0.65906,0.65932,1.00,1.50
2016.01.27 11:35:45.885,0.65908,0.65931,1.00,1.00
2016.01.27 11:35:45.986,0.65904,0.6593,1.00,1.50
2016.01.27 11:35:46.295,0.65902,0.65928,1.00,1.00
2016.01.27 11:35:46.601,0.65904,0.65928,1.00,1.00
2016.01.27 11:35:46.995,0.65906,0.6593,1.00,1.00
2016.01.27 11:35:47.605,0.65908,0.65931,1.00,1.00
2016.01.27 11:35:48.940,0.65907,0.65933,1.00,1.00
2016.01.27 11:35:49.537,0.65907,0.65931,1.00,1.00
2016.01.27 11:35:49.842,0.65903,0.65929,1.00,1.00
2016.01.27 11:35:52.885,0.65904,0.65928,1.00,1.00
2016.01.27 11:35:54.102,0.65904,0.6593,1.00,1.00
2016.01.27 11:35:54.645,0.65905,0.6593,1.00,1.00
2016.01.27 11:35:55.176,0.65906,0.6593,1.00,1.00
2016.01.27 11:35:56.298,0.65907,0.65933,1.00,1.00
2016.01.27 11:35:56.516,0.65905,0.65931,1.00,1.00
2016.01.27 11:35:57.308,0.65907,0.65933,1.00,1.00
2016.01.27 11:35:57.638,0.65905,0.65931,1.00,1.00
2016.01.27 11:35:58.198,0.65904,0.6593,1.00,1.00
2016.01.27 11:35:59.597,0.65905,0.65929,1.00,1.00
2016.01.27 11:35:59.879,0.65901,0.65927,1.00,1.00
2016.01.27 11:36:03.774,0.65902,0.65926,1.00,1.00
2016.01.27 11:36:08.284,0.65903,0.65927,1.00,1.00
2016.01.27 11:36:08.955,0.65902,0.65926,1.00,1.00
2016.01.27 11:36:09.057,0.65902,0.65928,1.00,1.00
2016.01.27 11:36:11.514,0.65904,0.6593,1.00,1.50
2016.01.27 11:36:16.044,0.65904,0.65928,1.00,1.00
2016.01.27 11:36:17.447,0.65902,0.65928,1.00,1.00
2016.01.27 11:36:18.270,0.65903,0.65929,1.00,1.00
2016.01.27 11:36:18.675,0.65901,0.65927,1.00,1.00
2016.01.27 11:36:19.945,0.65904,0.65928,1.00,1.00
2016.01.27 11:36:25.098,0.65903,0.65929,1.00,1.00
2016.01.27 11:36:25.461,0.65901,0.65927,1.00,1.00
2016.01.27 11:36:26.654,0.65903,0.65927,1.00,1.00
2016.01.27 11:36:27.425,0.65903,0.65929,1.00,1.00
2016.01.27 11:36:27.526,0.65905,0.65929,1.00,1.00
2016.01.27 11:36:27.864,0.65905,0.65931,1.50,1.00
2016.01.27 11:36:28.420,0.65904,0.6593,1.00,1.50
2016.01.27 11:36:29.322,0.65901,0.65927,1.00,1.00
2016.01.27 11:36:29.624,0.65901,0.65925,1.00,1.00
2016.01.27 11:36:29.674,0.65899,0.65925,1.00,1.00
2016.01.27 11:36:30.074,0.65901,0.65927,1.00,1.00
2016.01.27 11:36:32.090,0.65901,0.65928,1.00,1.00
2016.01.27 11:36:32.485,0.659,0.65926,1.00,1.00
2016.01.27 11:36:33.040,0.659,0.65924,1.00,1.00
2016.01.27 11:36:34.243,0.659,0.65926,1.00,1.00
2016.01.27 11:36:34.474,0.65902,0.65926,1.00,1.00
2016.01.27 11:36:35.454,0.65902,0.65928,1.00,1.00
2016.01.27 11:36:35.834,0.65905,0.65929,1.00,1.00
2016.01.27 11:36:36.499,0.65906,0.6593,1.00,1.00
2016.01.27 11:36:40.642,0.65904,0.6593,1.00,1.50
2016.01.27 11:36:41.408,0.65905,0.65929,1.00,1.00
2016.01.27 11:36:41.771,0.65902,0.65926,1.00,1.00
2016.01.27 11:36:41.872,0.659,0.65926,1.00,1.50
2016.01.27 11:36:41.973,0.65898,0.65924,1.00,1.00
2016.01.27 11:36:42.407,0.659,0.65924,1.00,1.00
2016.01.27 11:36:43.043,0.65899,0.65923,1.00,1.00
2016.01.27 11:36:43.952,0.65899,0.65925,1.00,1.00
2016.01.27 11:36:44.726,0.659,0.65924,1.00,1.00
2016.01.27 11:36:45.359,0.65901,0.65925,1.00,1.00
2016.01.27 11:36:45.873,0.65901,0.65926,1.00,1.00
2016.01.27 11:36:47.664,0.659,0.65926,1.00,1.50
2016.01.27 11:36:49.984,0.65901,0.65925,1.00,1.00
2016.01.27 11:36:52.005,0.659,0.65926,1.00,1.50
2016.01.27 11:36:52.516,0.65903,0.65925,1.00,1.00
2016.01.27 11:36:52.617,0.65903,0.65927,1.00,1.00
2016.01.27 11:36:52.931,0.65906,0.65931,1.00,1.00
2016.01.27 11:36:52.982,0.65904,0.6593,1.00,1.00
2016.01.27 11:36:53.824,0.65905,0.65931,1.00,1.50
2016.01.27 11:36:54.424,0.65905,0.6593,1.00,1.00
2016.01.27 11:36:54.704,0.65907,0.65931,1.00,1.50
2016.01.27 11:36:55.254,0.65906,0.6593,1.00,1.00
2016.01.27 11:36:56.574,0.65906,0.65931,1.00,1.00
2016.01.27 11:36:57.125,0.65906,0.6593,1.00,1.00
2016.01.27 11:36:57.502,0.65904,0.65926,1.00,1.00
2016.01.27 11:36:58.696,0.65906,0.65931,1.00,1.00
2016.01.27 11:36:58.947,0.65905,0.65926,1.00,1.00
2016.01.27 11:36:59.761,0.65905,0.65924,1.00,1.00
2016.01.27 11:36:59.811,0.65903,0.65924,1.00,1.00
2016.01.27 11:37:01.523,0.65904,0.65924,1.00,1.00
2016.01.27 11:37:02.335,0.65904,0.65925,1.00,1.00
2016.01.27 11:37:04.651,0.65904,0.65924,1.00,1.00
2016.01.27 11:37:05.053,0.65906,0.65924,1.00,1.00
2016.01.27 11:37:05.277,0.65906,0.65926,1.00,1.00
2016.01.27 11:37:05.693,0.65905,0.65924,1.00,1.00
2016.01.27 11:37:05.747,0.65903,0.65924,1.00,1.00
2016.01.27 11:37:06.570,0.65902,0.65923,1.00,1.00
2016.01.27 11:37:07.229,0.65903,0.65923,1.00,1.00
2016.01.27 11:37:08.059,0.65902,0.65923,1.00,1.00
2016.01.27 11:37:11.063,0.65902,0.65924,1.00,1.00
2016.01.27 11:37:11.114,0.65906,0.65924,1.00,1.00
2016.01.27 11:37:11.254,0.65906,0.65926,1.00,1.50
2016.01.27 11:37:13.585,0.65904,0.65926,1.00,1.00
2016.01.27 11:37:17.083,0.65904,0.65925,1.00,1.00
2016.01.27 11:37:17.234,0.65904,0.65923,1.00,1.00
2016.01.27 11:37:17.385,0.65898,0.65922,1.00,1.50
2016.01.27 11:37:17.855,0.65896,0.65919,1.00,1.00
2016.01.27 11:37:18.266,0.65894,0.65918,1.00,1.00
2016.01.27 11:37:18.467,0.65894,0.65915,1.00,1.00
2016.01.27 11:37:18.618,0.65889,0.65913,1.00,1.00
2016.01.27 11:37:19.134,0.65888,0.65913,1.00,1.00
2016.01.27 11:37:19.235,0.65887,0.65911,1.00,1.00
2016.01.27 11:37:19.767,0.65888,0.65911,1.00,1.00
2016.01.27 11:37:20.469,0.6589,0.65911,1.00,1.00
2016.01.27 11:37:21.373,0.6589,0.65912,1.00,1.00
2016.01.27 11:37:21.724,0.65892,0.65912,1.00,1.00
2016.01.27 11:37:23.377,0.65892,0.65913,1.00,1.00
2016.01.27 11:37:23.885,0.6589,0.65913,1.00,1.00
2016.01.27 11:37:24.438,0.65891,0.65913,1.00,1.00
2016.01.27 11:37:25.030,0.65892,0.65913,1.00,1.00
2016.01.27 11:37:25.660,0.65891,0.65913,1.00,1.00
2016.01.27 11:37:26.204,0.65892,0.65913,1.00,1.00
2016.01.27 11:37:27.614,0.65892,0.65912,1.00,1.00
2016.01.27 11:37:27.714,0.6589,0.65912,1.00,1.00
2016.01.27 11:37:27.813,0.65892,0.65912,1.00,1.00
2016.01.27 11:37:29.817,0.65891,0.65912,1.00,1.00
2016.01.27 11:37:30.842,0.65891,0.65913,1.00,1.00
2016.01.27 11:37:34.595,0.65891,0.65912,1.00,1.00
2016.01.27 11:37:34.902,0.65888,0.65908,1.00,1.00
2016.01.27 11:37:35.002,0.65885,0.65907,1.00,1.00
2016.01.27 11:37:35.526,0.65886,0.65907,1.00,1.00
2016.01.27 11:37:36.153,0.65886,0.65908,1.00,1.00
2016.01.27 11:37:36.304,0.65888,0.65908,1.00,1.00
2016.01.27 11:37:36.355,0.65888,0.65911,1.00,1.00
2016.01.27 11:37:36.902,0.65889,0.65911,1.00,1.00
2016.01.27 11:37:37.493,0.6589,0.65912,1.00,1.00
2016.01.27 11:37:38.063,0.6589,0.65913,1.00,1.00
2016.01.27 11:37:41.453,0.65889,0.65913,1.00,1.00
2016.01.27 11:37:42.553,0.65888,0.65913,1.00,1.00
2016.01.27 11:37:45.121,0.65888,0.6591,1.00,1.00
2016.01.27 11:37:46.062,0.65888,0.65913,1.00,1.00
2016.01.27 11:37:52.344,0.65889,0.65913,1.00,1.00
2016.01.27 11:37:52.705,0.65892,0.65913,1.00,1.00
2016.01.27 11:37:53.657,0.65894,0.65916,1.00,1.50
2016.01.27 11:37:53.933,0.65896,0.65916,1.00,1.00
2016.01.27 11:37:53.983,0.65896,0.65918,1.00,1.00
2016.01.27 11:37:54.553,0.65897,0.65918,1.00,1.00
2016.01.27 11:37:56.413,0.65896,0.65918,1.00,1.00
2016.01.27 11:37:58.830,0.65896,0.65919,1.00,1.00
2016.01.27 11:38:00.035,0.65896,0.65917,1.00,1.00
2016.01.27 11:38:02.249,0.65896,0.65919,1.00,1.00
2016.01.27 11:38:02.599,0.65896,0.65917,1.00,1.00
2016.01.27 11:38:03.380,0.65896,0.65918,1.00,1.00
2016.01.27 11:38:04.099,0.65896,0.65916,1.00,1.00
2016.01.27 11:38:07.399,0.65896,0.65919,1.00,1.00
2016.01.27 11:38:08.830,0.65896,0.65917,1.00,1.00
2016.01.27 11:38:09.368,0.65896,0.65918,1.00,1.00
2016.01.27 11:38:09.613,0.65894,0.65918,1.00,1.00
2016.01.27 11:38:09.724,0.65896,0.65918,1.00,1.00
2016.01.27 11:38:10.039,0.65896,0.65915,1.00,1.00
2016.01.27 11:38:10.713,0.65894,0.65915,1.50,1.00
2016.01.27 11:38:10.863,0.65892,0.65914,1.00,1.00
2016.01.27 11:38:12.142,0.65891,0.65914,1.00,1.00
2016.01.27 11:38:18.034,0.65891,0.65911,1.00,1.00
2016.01.27 11:38:18.135,0.65891,0.65915,1.00,1.50
2016.01.27 11:38:18.236,0.65894,0.65915,1.00,1.00
2016.01.27 11:38:18.487,0.65894,0.65918,1.50,1.00
2016.01.27 11:38:18.538,0.65896,0.65918,1.00,1.00
2016.01.27 11:38:18.588,0.65896,0.6592,1.00,1.00
2016.01.27 11:38:18.828,0.659,0.6592,1.00,1.00
2016.01.27 11:38:19.410,0.659,0.65922,1.00,1.00
2016.01.27 11:38:20.835,0.65899,0.65922,1.50,1.00
2016.01.27 11:38:21.354,0.659,0.65922,1.00,1.00
2016.01.27 11:38:22.099,0.659,0.65923,1.00,1.00
2016.01.27 11:38:27.432,0.65901,0.65923,1.00,1.00
2016.01.27 11:38:28.431,0.65902,0.65923,1.00,1.00
2016.01.27 11:38:28.482,0.659,0.65923,1.00,1.00
2016.01.27 11:38:29.091,0.65899,0.65922,1.00,1.00
2016.01.27 11:38:31.245,0.65896,0.65919,1.00,1.00
2016.01.27 11:38:31.942,0.65894,0.65919,1.50,1.00
2016.01.27 11:38:32.476,0.65895,0.65919,1.00,1.00
2016.01.27 11:38:33.593,0.65897,0.65919,1.00,1.00
2016.01.27 11:38:34.134,0.65897,0.65922,1.00,1.00
2016.01.27 11:38:34.850,0.65898,0.65922,1.00,1.00
2016.01.27 11:38:36.386,0.65897,0.65922,1.00,1.00
2016.01.27 11:38:36.713,0.65897,0.65919,1.00,1.00
2016.01.27 11:38:40.302,0.65896,0.65919,1.00,1.00
2016.01.27 11:38:42.179,0.65897,0.65919,1.00,1.00
2016.01.27 11:38:46.020,0.65897,0.65921,1.00,1.00
2016.01.27 11:38:50.877,0.65897,0.6592,1.00,1.00
2016.01.27 11:38:51.340,0.65894,0.65919,1.50,1.00
2016.01.27 11:38:51.863,0.65895,0.65919,1.00,1.00
2016.01.27 11:38:52.769,0.65895,0.65915,1.00,1.00
2016.01.27 11:38:53.404,0.65893,0.65915,1.00,1.00
2016.01.27 11:38:53.454,0.65893,0.65913,1.00,1.00
2016.01.27 11:38:53.505,0.65888,0.65913,1.00,1.00
2016.01.27 11:38:54.064,0.65889,0.65913,1.00,1.00
2016.01.27 11:38:54.149,0.65889,0.65911,1.00,1.00
2016.01.27 11:38:56.392,0.65888,0.65911,1.00,1.00
2016.01.27 11:38:58.677,0.65888,0.6591,1.00,1.00
2016.01.27 11:38:59.050,0.65887,0.65908,1.00,1.00
2016.01.27 11:39:02.006,0.65885,0.65908,1.50,1.00
2016.01.27 11:39:02.616,0.65886,0.65908,1.00,1.00
2016.01.27 11:39:03.270,0.65887,0.65908,1.00,1.00
2016.01.27 11:39:04.319,0.65889,0.65908,1.00,1.00
2016.01.27 11:39:05.606,0.6588,0.65904,1.00,1.50
2016.01.27 11:39:06.239,0.6588,0.65901,1.00,1.00
2016.01.27 11:39:06.392,0.65877,0.65899,1.00,1.00
2016.01.27 11:39:06.914,0.65876,0.65899,1.00,1.00
2016.01.27 11:39:07.065,0.65878,0.659,1.00,1.00
2016.01.27 11:39:07.266,0.65877,0.65903,1.00,1.50
2016.01.27 11:39:07.370,0.65879,0.65903,1.00,1.50
2016.01.27 11:39:08.247,0.65878,0.65902,1.00,1.00
2016.01.27 11:39:08.989,0.65876,0.65902,1.00,1.00
2016.01.27 11:39:09.555,0.65875,0.65901,1.00,1.50
2016.01.27 11:39:12.642,0.65877,0.65901,1.00,1.50
2016.01.27 11:39:16.161,0.65875,0.65901,1.00,1.50
2016.01.27 11:39:16.211,0.65875,0.65899,1.00,1.00
2016.01.27 11:39:17.115,0.65875,0.65898,1.00,1.00
2016.01.27 11:39:17.165,0.65873,0.65898,1.00,1.00
2016.01.27 11:39:17.261,0.65875,0.65898,1.00,1.00
2016.01.27 11:39:20.364,0.65874,0.65898,1.50,1.00
2016.01.27 11:39:24.142,0.65875,0.65898,1.00,1.00
2016.01.27 11:39:24.779,0.65876,0.65898,1.00,1.00
2016.01.27 11:39:25.194,0.65878,0.65898,1.00,1.00
2016.01.27 11:39:25.244,0.65878,0.65902,1.00,1.00
2016.01.27 11:39:25.402,0.65881,0.65903,1.00,1.00
2016.01.27 11:39:25.913,0.6588,0.65903,1.00,1.00
2016.01.27 11:39:29.284,0.65881,0.65903,1.00,1.00
2016.01.27 11:39:33.613,0.65884,0.65903,1.00,1.00
2016.01.27 11:39:34.842,0.65882,0.65903,1.00,1.00
2016.01.27 11:39:35.961,0.65881,0.65903,1.00,1.00
2016.01.27 11:39:38.221,0.65884,0.65903,1.00,1.00
2016.01.27 11:39:38.736,0.65884,0.65904,1.00,1.00
2016.01.27 11:39:40.952,0.65885,0.65907,1.00,1.00
2016.01.27 11:39:41.590,0.65886,0.65907,1.00,1.00
2016.01.27 11:39:44.038,0.65885,0.65907,1.00,1.00
2016.01.27 11:39:45.971,0.65886,0.65907,1.00,1.00
2016.01.27 11:39:46.022,0.65886,0.65909,1.00,1.00
2016.01.27 11:39:46.072,0.6589,0.65909,1.00,1.00
2016.01.27 11:39:47.041,0.65889,0.65909,1.00,1.00
2016.01.27 11:39:48.272,0.65885,0.65909,1.00,1.00
2016.01.27 11:39:48.695,0.65889,0.65909,1.00,1.00
2016.01.27 11:39:48.891,0.65886,0.65909,1.00,1.00
2016.01.27 11:39:49.001,0.65889,0.65909,1.00,1.00
2016.01.27 11:39:52.521,0.65885,0.65909,1.00,1.00
2016.01.27 11:39:53.280,0.65888,0.65909,1.00,1.00
2016.01.27 11:39:53.891,0.65889,0.6591,1.00,1.00
2016.01.27 11:39:54.401,0.65887,0.6591,1.00,1.00
2016.01.27 11:39:55.871,0.65886,0.6591,1.00,1.00
2016.01.27 11:39:57.411,0.65888,0.6591,1.00,1.00
2016.01.27 11:39:58.258,0.65887,0.6591,1.00,1.00
2016.01.27 11:39:58.571,0.65889,0.6591,1.00,1.00
2016.01.27 11:40:02.653,0.65887,0.6591,1.00,1.00
2016.01.27 11:40:03.537,0.65888,0.6591,1.00,1.00
2016.01.27 11:40:05.553,0.65887,0.6591,1.00,1.00
2016.01.27 11:40:09.304,0.65889,0.6591,1.00,1.00
2016.01.27 11:40:09.887,0.65887,0.6591,1.00,1.00
2016.01.27 11:40:10.691,0.65888,0.6591,1.00,1.00
2016.01.27 11:40:11.301,0.65887,0.6591,1.00,1.00
2016.01.27 11:40:12.153,0.65888,0.6591,1.00,1.00
2016.01.27 11:40:14.253,0.65889,0.6591,1.00,1.00
2016.01.27 11:40:16.773,0.6589,0.6591,1.00,1.00
2016.01.27 11:40:17.377,0.6589,0.65911,1.00,1.00
2016.01.27 11:40:17.896,0.65889,0.65911,1.50,1.00
2016.01.27 11:40:22.784,0.6589,0.65911,1.00,1.00
2016.01.27 11:40:23.773,0.65889,0.65911,1.00,1.00
2016.01.27 11:40:24.582,0.6589,0.65911,1.00,1.00
2016.01.27 11:40:25.879,0.65889,0.65911,1.00,1.00
2016.01.27 11:40:27.202,0.65889,0.65912,1.00,1.00
2016.01.27 11:40:28.403,0.6589,0.65911,1.00,1.00
2016.01.27 11:40:31.363,0.65889,0.65911,1.00,1.00
2016.01.27 11:40:31.634,0.65887,0.65911,1.00,1.00
2016.01.27 11:40:34.100,0.65887,0.65913,1.00,1.50
2016.01.27 11:40:34.201,0.65889,0.65913,1.00,1.50
2016.01.27 11:40:38.393,0.65889,0.65915,1.50,1.00
2016.01.27 11:40:38.552,0.65894,0.65916,1.00,1.00
2016.01.27 11:40:39.065,0.65893,0.65916,1.00,1.00
2016.01.27 11:40:49.784,0.65892,0.65916,1.00,1.00
2016.01.27 11:40:49.835,0.65892,0.65918,1.00,1.50
2016.01.27 11:40:50.180,0.65893,0.65916,1.00,1.00
2016.01.27 11:40:50.230,0.6589,0.65915,1.00,1.00
2016.01.27 11:40:50.763,0.65889,0.65914,1.50,1.00
2016.01.27 11:40:51.900,0.65891,0.65914,1.00,1.00
2016.01.27 11:40:52.202,0.65893,0.65915,1.00,1.00
2016.01.27 11:40:52.344,0.65891,0.65915,1.00,1.00
2016.01.27 11:40:52.532,0.65893,0.65915,1.00,1.00
2016.01.27 11:40:53.068,0.65892,0.65915,1.00,1.00
2016.01.27 11:40:53.544,0.65889,0.65913,1.50,1.00
2016.01.27 11:40:54.056,0.6589,0.65914,1.00,1.00
2016.01.27 11:40:56.374,0.65891,0.65914,1.00,1.00
2016.01.27 11:40:56.594,0.65893,0.65914,1.00,1.00
2016.01.27 11:40:57.138,0.65892,0.65915,1.00,1.00
2016.01.27 11:40:58.682,0.65892,0.65916,1.00,1.50
2016.01.27 11:41:05.121,0.65892,0.65917,1.00,1.00
2016.01.27 11:41:05.440,0.65896,0.6592,1.00,1.50
2016.01.27 11:41:06.686,0.659,0.65925,1.00,1.00
2016.01.27 11:41:07.264,0.65901,0.65924,1.00,1.00
2016.01.27 11:41:07.589,0.65902,0.65927,1.00,1.00
2016.01.27 11:41:08.522,0.65901,0.65927,1.00,1.50
2016.01.27 11:41:08.623,0.65901,0.65925,1.00,1.00
2016.01.27 11:41:09.500,0.65902,0.65926,1.00,1.00
2016.01.27 11:41:09.792,0.65905,0.6593,1.00,1.00
2016.01.27 11:41:10.342,0.65906,0.65931,1.00,1.00
2016.01.27 11:41:11.712,0.65904,0.6593,1.50,1.00
2016.01.27 11:41:12.042,0.65904,0.65928,1.00,1.00
2016.01.27 11:41:12.592,0.65903,0.65928,1.00,1.00
2016.01.27 11:41:13.532,0.65902,0.65928,1.00,1.50
2016.01.27 11:41:14.130,0.65904,0.65928,1.00,1.00
2016.01.27 11:41:14.550,0.65903,0.65925,1.00,1.00
2016.01.27 11:41:14.651,0.65901,0.65925,1.00,1.00
2016.01.27 11:41:14.852,0.65897,0.65923,1.00,1.50
2016.01.27 11:41:15.402,0.65896,0.65922,1.00,1.00
2016.01.27 11:41:15.452,0.65902,0.65925,1.00,1.00
2016.01.27 11:41:17.076,0.659,0.65925,1.00,1.00
2016.01.27 11:41:25.080,0.65901,0.65925,1.00,1.50
2016.01.27 11:41:32.170,0.659,0.65925,1.00,1.00
2016.01.27 11:41:32.706,0.65899,0.65925,1.50,1.50
2016.01.27 11:41:33.276,0.659,0.65925,1.00,1.50
2016.01.27 11:41:34.026,0.65899,0.65925,1.50,1.50
2016.01.27 11:41:34.829,0.659,0.65925,1.50,1.00
2016.01.27 11:41:35.472,0.65899,0.65925,1.00,1.50
2016.01.27 11:41:35.573,0.65899,0.65923,1.00,1.00
2016.01.27 11:41:35.752,0.65899,0.65925,1.00,1.50
2016.01.27 11:41:36.126,0.65901,0.65925,1.00,1.50
2016.01.27 11:41:37.454,0.65904,0.65925,1.00,1.50
2016.01.27 11:41:37.701,0.65901,0.65927,1.00,1.00
2016.01.27 11:41:37.852,0.65904,0.65928,1.00,1.00
2016.01.27 11:41:38.062,0.65902,0.65928,1.00,1.00
2016.01.27 11:41:38.217,0.65906,0.6593,1.00,1.00
2016.01.27 11:41:38.489,0.65903,0.65929,1.00,1.50
2016.01.27 11:41:38.539,0.65901,0.65927,1.00,1.00
2016.01.27 11:41:39.153,0.65902,0.65928,1.00,1.00
2016.01.27 11:41:39.731,0.65902,0.65927,1.00,1.00
2016.01.27 11:41:40.397,0.65903,0.65927,1.00,1.00
2016.01.27 11:41:40.799,0.65905,0.65931,1.50,1.50
2016.01.27 11:41:41.192,0.65907,0.65931,1.00,1.50
2016.01.27 11:41:41.682,0.65908,0.65933,1.00,1.00
2016.01.27 11:41:42.952,0.65909,0.65933,1.00,1.00
2016.01.27 11:41:43.287,0.65909,0.65935,1.00,1.00
2016.01.27 11:41:43.342,0.65911,0.65935,1.00,1.00
2016.01.27 11:41:43.883,0.6591,0.65934,1.00,1.00
2016.01.27 11:41:44.457,0.65909,0.65933,1.00,1.00
2016.01.27 11:41:44.708,0.65907,0.65933,1.00,1.50
2016.01.27 11:41:45.322,0.65908,0.65932,1.00,1.00
2016.01.27 11:41:46.000,0.65906,0.65932,1.00,1.50
2016.01.27 11:41:46.312,0.65908,0.65932,1.00,1.50
2016.01.27 11:41:48.449,0.65907,0.65931,1.00,1.00
2016.01.27 11:41:49.171,0.65908,0.65932,1.00,1.00
2016.01.27 11:41:49.522,0.65911,0.65934,1.00,1.00
2016.01.27 11:41:50.162,0.6591,0.65934,1.00,1.00
2016.01.27 11:41:50.407,0.65911,0.65936,1.00,1.00
2016.01.27 11:41:51.709,0.6591,0.65936,1.00,1.50
2016.01.27 11:41:51.810,0.6591,0.65934,1.00,1.00
2016.01.27 11:41:51.861,0.65908,0.65934,1.00,1.50
2016.01.27 11:41:52.019,0.65908,0.65932,1.00,1.00
2016.01.27 11:41:54.672,0.65911,0.65932,1.00,1.00
2016.01.27 11:41:55.661,0.6591,0.65932,1.00,1.00
2016.01.27 11:41:56.169,0.65911,0.65932,1.00,1.00
2016.01.27 11:41:57.202,0.6591,0.65932,1.00,1.00
2016.01.27 11:42:00.205,0.65908,0.65932,1.00,1.00
2016.01.27 11:42:00.760,0.65907,0.65932,1.00,1.00
2016.01.27 11:42:00.810,0.65907,0.6593,1.00,1.00
2016.01.27 11:42:00.961,0.65905,0.65929,1.00,1.00
2016.01.27 11:42:01.468,0.65906,0.65929,1.00,1.00
2016.01.27 11:42:02.042,0.65907,0.65929,1.00,1.00
2016.01.27 11:42:02.616,0.65906,0.65929,1.00,1.00
2016.01.27 11:42:03.380,0.65906,0.65932,1.00,1.50
2016.01.27 11:42:08.253,0.65906,0.6593,1.00,1.00
2016.01.27 11:42:08.640,0.65904,0.6593,1.00,1.50
2016.01.27 11:42:10.746,0.65903,0.65929,1.00,1.50
2016.01.27 11:42:11.351,0.65902,0.65928,1.00,1.00
2016.01.27 11:42:11.726,0.65904,0.65929,1.00,1.00
2016.01.27 11:42:12.400,0.65902,0.65928,1.00,1.00
2016.01.27 11:42:13.111,0.65902,0.65924,1.00,1.00
2016.01.27 11:42:13.262,0.65898,0.65924,1.00,1.50
2016.01.27 11:42:13.313,0.65898,0.65922,1.00,1.00
2016.01.27 11:42:13.703,0.65893,0.65917,1.00,1.00
2016.01.27 11:42:15.573,0.65894,0.65918,1.00,1.00
2016.01.27 11:42:17.001,0.65894,0.65919,1.00,1.00
2016.01.27 11:42:17.574,0.65895,0.65919,1.00,1.00
2016.01.27 11:42:21.986,0.65894,0.65919,1.50,1.00
2016.01.27 11:42:25.912,0.65895,0.65919,1.00,1.50
2016.01.27 11:42:26.214,0.65893,0.65915,1.00,1.00
2016.01.27 11:42:26.315,0.65893,0.65917,1.00,1.00
2016.01.27 11:42:26.735,0.65895,0.65917,1.00,1.00
2016.01.27 11:42:28.681,0.65894,0.65917,1.50,1.00
2016.01.27 11:42:29.762,0.65895,0.65917,1.00,1.00
2016.01.27 11:42:30.885,0.65894,0.65917,1.00,1.00
2016.01.27 11:42:31.416,0.65895,0.65917,1.00,1.00
2016.01.27 11:42:31.466,0.65895,0.6592,1.00,1.00
2016.01.27 11:42:31.718,0.65899,0.6592,1.00,1.00
2016.01.27 11:42:32.790,0.65897,0.6592,1.00,1.00
2016.01.27 11:42:33.537,0.65898,0.6592,1.00,1.00
2016.01.27 11:42:35.013,0.65897,0.6592,1.00,1.00
2016.01.27 11:42:35.616,0.65896,0.6592,1.00,1.00
2016.01.27 11:42:35.895,0.65896,0.65922,1.00,1.50
2016.01.27 11:42:35.996,0.65898,0.65922,1.00,1.50
2016.01.27 11:42:36.324,0.65899,0.65925,1.50,1.50
2016.01.27 11:42:36.833,0.659,0.65925,1.50,1.00
2016.01.27 11:42:37.268,0.65905,0.65927,1.00,1.00
2016.01.27 11:42:37.571,0.65901,0.65927,1.00,1.50
2016.01.27 11:42:37.847,0.65904,0.65927,1.50,1.00
2016.01.27 11:42:38.256,0.65906,0.65928,1.00,1.00
2016.01.27 11:42:41.150,0.65904,0.65928,1.00,1.00
2016.01.27 11:42:41.251,0.65905,0.65924,1.00,1.00
2016.01.27 11:42:41.502,0.65899,0.65921,1.00,1.00
2016.01.27 11:42:42.490,0.65898,0.65921,1.00,1.00
2016.01.27 11:42:42.541,0.65895,0.65918,1.00,1.50
2016.01.27 11:42:42.921,0.65892,0.65918,1.00,1.50
2016.01.27 11:42:42.972,0.65892,0.65916,1.00,1.00
2016.01.27 11:42:43.355,0.65889,0.65913,1.50,1.00
2016.01.27 11:42:43.511,0.65891,0.65916,1.00,1.00
2016.01.27 11:42:45.339,0.6589,0.65915,1.00,1.00
2016.01.27 11:42:45.552,0.65893,0.65914,1.00,1.00
2016.01.27 11:42:46.149,0.65892,0.65914,1.00,1.00
2016.01.27 11:42:46.669,0.65893,0.65914,1.00,1.00
2016.01.27 11:42:46.861,0.65894,0.65917,1.00,1.00
2016.01.27 11:42:49.223,0.65896,0.65917,1.00,1.00
2016.01.27 11:42:49.772,0.65895,0.65918,1.00,1.00
2016.01.27 11:42:51.822,0.65894,0.65918,1.50,1.00
2016.01.27 11:42:55.340,0.65895,0.65918,1.00,1.00
2016.01.27 11:42:57.992,0.65894,0.65918,1.50,1.00
2016.01.27 11:42:58.522,0.65895,0.65918,1.00,1.00
2016.01.27 11:42:59.309,0.65895,0.65917,1.00,1.00
2016.01.27 11:43:00.121,0.65894,0.65917,1.50,1.00
2016.01.27 11:43:00.222,0.65895,0.65919,1.00,1.50
2016.01.27 11:43:00.758,0.65894,0.65919,1.50,1.00
2016.01.27 11:43:01.991,0.65895,0.65919,1.00,1.00
2016.01.27 11:43:02.927,0.65897,0.65919,1.00,1.00
2016.01.27 11:43:04.089,0.65899,0.65921,1.00,1.00
2016.01.27 11:43:04.625,0.65899,0.65922,1.00,1.00
2016.01.27 11:43:07.473,0.65897,0.65919,1.00,1.00
2016.01.27 11:43:08.256,0.65894,0.65919,1.50,1.00
2016.01.27 11:43:08.357,0.65894,0.65916,1.00,1.00
2016.01.27 11:43:09.106,0.65895,0.65916,1.00,1.00
2016.01.27 11:43:09.408,0.65899,0.6592,1.00,1.00
2016.01.27 11:43:09.509,0.65897,0.6592,1.00,1.00
2016.01.27 11:43:09.560,0.65899,0.6592,1.00,1.00
2016.01.27 11:43:09.954,0.659,0.65922,1.00,1.00
2016.01.27 11:43:12.567,0.659,0.65924,1.00,1.00
2016.01.27 11:43:13.312,0.65902,0.65924,1.00,1.00
2016.01.27 11:43:13.848,0.65903,0.65925,1.00,1.00
2016.01.27 11:43:14.276,0.65901,0.65925,1.00,1.00
2016.01.27 11:43:15.362,0.659,0.65924,1.00,1.00
2016.01.27 11:43:15.901,0.659,0.65922,1.50,1.00
2016.01.27 11:43:16.594,0.659,0.65921,1.00,1.00
2016.01.27 11:43:16.745,0.65898,0.65921,1.00,1.00
2016.01.27 11:43:16.820,0.65898,0.65919,1.00,1.00
2016.01.27 11:43:17.346,0.65899,0.65919,1.00,1.00
2016.01.27 11:43:17.396,0.65896,0.65919,1.00,1.00
2016.01.27 11:43:17.497,0.65894,0.65917,1.00,1.00
2016.01.27 11:43:17.883,0.65894,0.65915,1.50,1.00
2016.01.27 11:43:18.413,0.65887,0.6591,1.00,1.00
2016.01.27 11:43:20.982,0.6589,0.6591,1.00,1.00
2016.01.27 11:43:21.619,0.65889,0.65912,1.50,1.00
2016.01.27 11:43:22.391,0.6589,0.65912,1.00,1.00
2016.01.27 11:43:22.492,0.65891,0.65914,1.00,1.00
2016.01.27 11:43:22.643,0.65893,0.65915,1.00,1.00
2016.01.27 11:43:22.844,0.65891,0.65915,1.00,1.00
2016.01.27 11:43:22.995,0.65895,0.65916,1.00,1.00
2016.01.27 11:43:23.096,0.65895,0.65919,1.50,1.00
2016.01.27 11:43:23.360,0.65895,0.65921,1.50,1.00
2016.01.27 11:43:23.411,0.65899,0.65924,1.00,1.00
2016.01.27 11:43:23.727,0.65901,0.65923,1.00,1.00
2016.01.27 11:43:24.372,0.659,0.65923,1.00,1.50
2016.01.27 11:43:24.948,0.65899,0.65922,1.00,1.00
2016.01.27 11:43:26.220,0.65898,0.65922,1.00,1.00
2016.01.27 11:43:26.571,0.65899,0.6592,1.00,1.00
2016.01.27 11:43:27.238,0.659,0.6592,1.00,1.00
2016.01.27 11:43:33.012,0.65899,0.6592,1.00,1.00
2016.01.27 11:43:33.890,0.659,0.6592,1.00,1.00
2016.01.27 11:43:34.654,0.65899,0.6592,1.00,1.00
2016.01.27 11:43:35.117,0.65896,0.6592,1.00,1.00
2016.01.27 11:43:35.320,0.659,0.6592,1.00,1.00
2016.01.27 11:43:35.903,0.65899,0.6592,1.00,1.00
2016.01.27 11:43:36.219,0.65896,0.6592,1.00,1.50
2016.01.27 11:43:36.270,0.65894,0.6592,1.50,1.50
2016.01.27 11:43:37.772,0.65895,0.6592,1.00,1.50
2016.01.27 11:43:38.320,0.659,0.6592,1.00,1.00
2016.01.27 11:43:39.501,0.65895,0.6592,1.50,1.00
2016.01.27 11:43:40.471,0.65896,0.6592,1.00,1.50
2016.01.27 11:43:43.849,0.65895,0.6592,1.50,1.00
2016.01.27 11:43:45.638,0.65895,0.65918,1.00,1.00
2016.01.27 11:43:45.969,0.65894,0.65915,1.00,1.00
2016.01.27 11:43:46.019,0.65891,0.65915,1.00,1.00
2016.01.27 11:43:46.100,0.65894,0.65915,1.00,1.00
2016.01.27 11:43:49.290,0.6589,0.65915,1.00,1.00
2016.01.27 11:43:50.788,0.65892,0.65915,1.00,1.00
2016.01.27 11:43:52.882,0.65891,0.65915,1.00,1.00
2016.01.27 11:43:54.748,0.6589,0.65915,1.00,1.00
2016.01.27 11:43:55.288,0.6589,0.65913,1.00,1.00
2016.01.27 11:43:55.959,0.65891,0.65913,1.00,1.00
2016.01.27 11:43:56.210,0.65891,0.65916,1.00,1.00
2016.01.27 11:43:56.499,0.65895,0.65916,1.00,1.00
2016.01.27 11:43:57.049,0.65894,0.65916,1.00,1.00
2016.01.27 11:43:58.006,0.6589,0.65916,1.00,1.50
2016.01.27 11:43:58.164,0.65889,0.65914,1.50,1.00
2016.01.27 11:43:58.716,0.65889,0.65913,1.00,1.00
2016.01.27 11:44:01.010,0.65889,0.65914,1.50,1.00
2016.01.27 11:44:05.188,0.65889,0.65912,1.50,1.00
2016.01.27 11:44:05.719,0.6589,0.65913,1.00,1.50
2016.01.27 11:44:07.967,0.65889,0.65913,1.50,1.00
2016.01.27 11:44:09.200,0.6589,0.65913,1.00,1.00
2016.01.27 11:44:09.850,0.6589,0.65914,1.00,1.00
2016.01.27 11:44:11.290,0.65889,0.65914,1.50,1.00
2016.01.27 11:44:11.731,0.65895,0.65914,1.00,1.00
2016.01.27 11:44:12.083,0.65889,0.65914,1.50,1.00
2016.01.27 11:44:13.109,0.6589,0.65914,1.00,1.50
2016.01.27 11:44:13.803,0.65889,0.65913,1.50,1.00
2016.01.27 11:44:14.320,0.65889,0.65912,1.50,1.00
2016.01.27 11:44:15.630,0.65887,0.65908,1.00,1.00
2016.01.27 11:44:15.680,0.65884,0.65908,1.00,1.50
2016.01.27 11:44:16.348,0.65884,0.65909,1.00,1.00
2016.01.27 11:44:17.070,0.65884,0.6591,1.50,1.00
2016.01.27 11:44:18.390,0.65884,0.65908,1.50,1.00
2016.01.27 11:44:19.068,0.65885,0.65909,1.50,1.00
2016.01.27 11:44:21.543,0.65884,0.65909,1.00,1.00
2016.01.27 11:44:22.180,0.65884,0.6591,1.50,1.00
2016.01.27 11:44:25.882,0.65885,0.65909,1.00,1.00
2016.01.27 11:44:27.394,0.65884,0.65909,1.00,1.00
2016.01.27 11:44:27.930,0.65885,0.65909,1.50,1.00
2016.01.27 11:44:28.793,0.6589,0.65909,1.00,1.00
2016.01.27 11:44:29.329,0.65885,0.65909,1.00,1.00
2016.01.27 11:44:30.311,0.65884,0.6591,1.50,1.00
2016.01.27 11:44:33.568,0.65884,0.65909,1.00,1.00
2016.01.27 11:44:36.209,0.65884,0.65908,1.50,1.00
2016.01.27 11:44:36.806,0.65885,0.65908,1.00,1.00
2016.01.27 11:44:37.353,0.65885,0.65909,1.00,1.00
2016.01.27 11:44:38.555,0.65884,0.6591,1.50,1.00
2016.01.27 11:44:41.429,0.65889,0.6591,1.00,1.00
2016.01.27 11:44:42.612,0.65889,0.65909,1.00,1.00
2016.01.27 11:44:43.800,0.65889,0.65908,1.00,1.00
2016.01.27 11:44:44.192,0.65889,0.65906,1.00,1.00
2016.01.27 11:44:44.243,0.65885,0.65906,1.00,1.00
2016.01.27 11:44:44.852,0.65884,0.65906,1.00,1.00
2016.01.27 11:44:46.330,0.65884,0.65908,1.00,1.00
2016.01.27 11:44:50.890,0.6589,0.65908,1.00,1.00
2016.01.27 11:44:51.041,0.65884,0.65907,1.00,1.00
2016.01.27 11:44:51.229,0.6589,0.65908,1.00,1.00
2016.01.27 11:44:51.680,0.65884,0.65908,1.00,1.00
2016.01.27 11:44:52.032,0.65889,0.65908,1.00,1.00
2016.01.27 11:44:52.774,0.65889,0.65909,1.00,1.00
2016.01.27 11:44:54.074,0.6589,0.65909,1.00,1.00
2016.01.27 11:44:54.578,0.65889,0.65908,1.00,1.00
2016.01.27 11:44:55.239,0.6589,0.65909,1.00,1.00
2016.01.27 11:44:55.770,0.65885,0.65909,1.00,1.00
2016.01.27 11:44:56.170,0.65889,0.65909,1.00,1.00
2016.01.27 11:44:56.492,0.6589,0.65911,1.00,1.00
2016.01.27 11:44:58.591,0.65889,0.65911,1.00,1.00
2016.01.27 11:44:59.068,0.65894,0.65916,1.00,1.00
2016.01.27 11:44:59.391,0.659,0.6592,1.00,1.00
2016.01.27 11:44:59.932,0.65899,0.65924,1.00,1.00
2016.01.27 11:45:00.700,0.65899,0.65923,1.00,1.00
2016.01.27 11:45:01.339,0.65897,0.65923,1.00,1.00
2016.01.27 11:45:01.884,0.65896,0.65922,1.00,1.00
2016.01.27 11:45:01.934,0.659,0.65922,1.00,1.00
2016.01.27 11:45:02.274,0.65894,0.65917,1.00,1.00
2016.01.27 11:45:02.879,0.65895,0.65918,1.00,1.00
2016.01.27 11:45:02.988,0.65899,0.65918,1.00,1.00
2016.01.27 11:45:03.388,0.65899,0.65924,1.00,1.00
2016.01.27 11:45:03.540,0.65905,0.65924,1.00,1.00
2016.01.27 11:45:04.043,0.65904,0.65924,1.00,1.00
2016.01.27 11:45:04.213,0.659,0.65924,1.00,1.00
2016.01.27 11:45:04.747,0.65899,0.65924,1.00,1.00
2016.01.27 11:45:06.401,0.659,0.65924,1.00,1.00
2016.01.27 11:45:06.811,0.65894,0.65919,1.00,1.00
2016.01.27 11:45:07.891,0.65894,0.65918,1.00,1.00
2016.01.27 11:45:08.462,0.65894,0.65919,1.00,1.00
2016.01.27 11:45:09.623,0.65895,0.65919,1.00,1.00
2016.01.27 11:45:09.914,0.65895,0.65917,1.00,1.00
2016.01.27 11:45:10.524,0.65895,0.65918,1.00,1.00
2016.01.27 11:45:11.215,0.65894,0.65918,1.50,1.00
2016.01.27 11:45:12.178,0.65894,0.6592,1.50,1.00
2016.01.27 11:45:14.096,0.65889,0.65915,1.50,1.00
2016.01.27 11:45:15.355,0.65891,0.65915,1.00,1.00
2016.01.27 11:45:15.406,0.65889,0.65915,1.50,1.00
2016.01.27 11:45:15.857,0.65894,0.65916,1.00,1.00
2016.01.27 11:45:16.780,0.6589,0.65914,1.50,1.00
2016.01.27 11:45:16.831,0.65894,0.65914,1.00,1.00
2016.01.27 11:45:17.189,0.6589,0.65914,1.00,1.00
2016.01.27 11:45:17.957,0.65889,0.65913,1.50,1.00
2016.01.27 11:45:18.141,0.65889,0.65915,1.50,1.00
2016.01.27 11:45:18.342,0.65889,0.65913,1.00,1.00
2016.01.27 11:45:18.543,0.65887,0.65913,1.00,1.00
2016.01.27 11:45:18.594,0.65885,0.65909,1.00,1.00
2016.01.27 11:45:19.100,0.65884,0.65909,1.00,1.00
2016.01.27 11:45:19.480,0.65886,0.65912,1.00,1.00
2016.01.27 11:45:19.679,0.65886,0.6591,1.00,1.00
2016.01.27 11:45:19.878,0.65887,0.65913,1.00,1.00
2016.01.27 11:45:19.928,0.6589,0.65913,1.00,1.00
2016.01.27 11:45:20.564,0.6589,0.65911,1.00,1.00
2016.01.27 11:45:21.156,0.6589,0.6591,1.00,1.00
2016.01.27 11:45:21.849,0.6589,0.65911,1.00,1.00
2016.01.27 11:45:23.454,0.65889,0.65911,1.00,1.00
2016.01.27 11:45:23.605,0.65885,0.65909,1.00,1.00
2016.01.27 11:45:23.779,0.65889,0.6591,1.00,1.00
2016.01.27 11:45:24.210,0.65889,0.65912,1.00,1.00
2016.01.27 11:45:24.310,0.65891,0.65917,1.00,1.00
2016.01.27 11:45:24.361,0.65895,0.65917,1.00,1.00
2016.01.27 11:45:24.698,0.65895,0.65915,1.00,1.00
2016.01.27 11:45:25.209,0.65895,0.65916,1.00,1.00
2016.01.27 11:45:25.605,0.65895,0.65914,1.00,1.00
2016.01.27 11:45:25.655,0.65889,0.65914,1.50,1.00
2016.01.27 11:45:25.708,0.65889,0.65912,1.00,1.00
2016.01.27 11:45:27.577,0.65889,0.6591,1.00,1.00
2016.01.27 11:45:27.797,0.65889,0.65913,1.00,1.00
2016.01.27 11:45:30.015,0.65889,0.65909,1.00,1.00
2016.01.27 11:45:30.066,0.65885,0.65909,1.00,1.00
2016.01.27 11:45:30.267,0.65885,0.65906,1.00,1.00
2016.01.27 11:45:30.317,0.65882,0.65906,1.00,1.00
2016.01.27 11:45:30.465,0.65883,0.65909,1.00,1.00
2016.01.27 11:45:30.984,0.65884,0.65909,1.00,1.00
2016.01.27 11:45:31.217,0.65884,0.65907,1.00,1.00
2016.01.27 11:45:31.784,0.65883,0.65907,1.00,1.00
2016.01.27 11:45:32.357,0.65884,0.65908,1.50,1.00
2016.01.27 11:45:32.570,0.65884,0.6591,1.50,1.00
2016.01.27 11:45:32.670,0.65886,0.6591,1.00,1.00
2016.01.27 11:45:32.857,0.65884,0.6591,1.00,1.00
2016.01.27 11:45:33.510,0.65886,0.6591,1.00,1.00
2016.01.27 11:45:33.867,0.65884,0.6591,1.50,1.00
2016.01.27 11:45:34.287,0.65886,0.6591,1.00,1.00
2016.01.27 11:45:36.306,0.65885,0.65911,1.00,1.00
2016.01.27 11:45:39.017,0.65886,0.6591,1.00,1.00
2016.01.27 11:45:39.397,0.65884,0.6591,1.50,1.00
2016.01.27 11:45:39.458,0.65884,0.65907,1.00,1.00
2016.01.27 11:45:40.291,0.65885,0.65909,1.00,1.00
2016.01.27 11:45:40.944,0.65884,0.6591,1.50,1.00
2016.01.27 11:45:41.576,0.65884,0.65909,1.00,1.00
2016.01.27 11:45:42.478,0.65885,0.65909,1.00,1.00
2016.01.27 11:45:43.103,0.65884,0.65909,1.00,1.00
2016.01.27 11:45:43.637,0.65885,0.65909,1.00,1.00
2016.01.27 11:45:48.376,0.65883,0.65909,1.00,1.00
2016.01.27 11:45:48.629,0.65882,0.65906,1.00,1.00
2016.01.27 11:45:49.026,0.6588,0.65902,1.00,1.00
2016.01.27 11:45:49.076,0.6588,0.65904,1.50,1.00
2016.01.27 11:45:49.467,0.6588,0.65906,1.50,1.00
2016.01.27 11:45:50.199,0.65879,0.65905,1.50,1.00
2016.01.27 11:45:50.910,0.65879,0.65904,1.00,1.00
2016.01.27 11:45:51.132,0.6588,0.65906,1.50,1.00
2016.01.27 11:45:51.667,0.65882,0.65906,1.00,1.00
2016.01.27 11:45:52.208,0.65881,0.65905,1.00,1.00
2016.01.27 11:45:52.829,0.6588,0.65904,1.00,1.00
2016.01.27 11:45:53.509,0.6588,0.65905,1.00,1.00
2016.01.27 11:45:54.176,0.65883,0.65907,1.00,1.00
2016.01.27 11:45:54.746,0.65881,0.65905,1.00,1.00
2016.01.27 11:45:55.529,0.65882,0.65906,1.00,1.00
2016.01.27 11:45:55.964,0.6588,0.65906,1.50,1.00
2016.01.27 11:45:57.265,0.65884,0.65906,1.00,1.00
2016.01.27 11:45:57.595,0.6588,0.65906,1.00,1.00
2016.01.27 11:45:59.628,0.65881,0.65907,1.00,1.00
2016.01.27 11:46:00.826,0.65881,0.65905,1.00,1.00
2016.01.27 11:46:01.492,0.65882,0.65906,1.00,1.00
2016.01.27 11:46:01.827,0.65885,0.65907,1.00,1.00
2016.01.27 11:46:02.610,0.6588,0.65906,1.00,1.00
2016.01.27 11:46:02.777,0.6588,0.65904,1.00,1.00
2016.01.27 11:46:02.887,0.6588,0.65906,1.00,1.00
2016.01.27 11:46:03.330,0.6588,0.65904,1.00,1.00
2016.01.27 11:46:03.546,0.65881,0.65907,1.00,1.00
2016.01.27 11:46:03.739,0.65881,0.65905,1.00,1.00
2016.01.27 11:46:04.383,0.6588,0.65906,1.50,1.00
2016.01.27 11:46:04.738,0.6588,0.65904,1.00,1.00
2016.01.27 11:46:05.665,0.65881,0.65907,1.00,1.00
2016.01.27 11:46:06.752,0.65881,0.65905,1.00,1.00
2016.01.27 11:46:07.177,0.65882,0.65908,1.00,1.00
2016.01.27 11:46:07.286,0.65882,0.65906,1.00,1.00
2016.01.27 11:46:08.166,0.6588,0.65905,1.00,1.00
2016.01.27 11:46:08.518,0.65879,0.65903,1.00,1.00
2016.01.27 11:46:08.967,0.65879,0.65901,1.00,1.00
2016.01.27 11:46:09.260,0.65874,0.659,1.50,1.00
2016.01.27 11:46:09.412,0.65874,0.65898,1.00,1.00
2016.01.27 11:46:09.794,0.65876,0.659,1.00,1.00
2016.01.27 11:46:09.845,0.65874,0.659,1.50,1.00
2016.01.27 11:46:10.514,0.65878,0.65902,1.00,1.00
2016.01.27 11:46:10.997,0.65875,0.65899,1.00,1.00
2016.01.27 11:46:11.709,0.65874,0.65899,1.00,1.00
2016.01.27 11:46:13.574,0.65874,0.659,1.50,1.00
2016.01.27 11:46:14.970,0.65875,0.659,1.00,1.00
2016.01.27 11:46:15.622,0.65875,0.65899,1.00,1.00
2016.01.27 11:46:16.550,0.65874,0.65899,1.00,1.00
2016.01.27 11:46:17.202,0.65874,0.659,1.50,1.00
2016.01.27 11:46:17.928,0.65877,0.65901,1.00,1.00
2016.01.27 11:46:18.067,0.65874,0.659,1.50,1.00
2016.01.27 11:46:18.588,0.65875,0.659,1.00,1.00
2016.01.27 11:46:18.707,0.65879,0.659,1.00,1.00
2016.01.27 11:46:18.757,0.65879,0.65903,1.50,1.00
2016.01.27 11:46:18.859,0.65879,0.659,1.00,1.00
2016.01.27 11:46:18.962,0.65879,0.65903,1.00,1.00
2016.01.27 11:46:19.217,0.65879,0.65905,1.50,1.00
2016.01.27 11:46:19.386,0.65879,0.65903,1.50,1.00
2016.01.27 11:46:20.447,0.65879,0.659,1.00,1.00
2016.01.27 11:46:20.752,0.65879,0.65898,1.00,1.00
2016.01.27 11:46:21.378,0.65879,0.65901,1.00,1.00
2016.01.27 11:46:22.118,0.6588,0.65901,1.00,1.00
2016.01.27 11:46:22.269,0.6588,0.65905,1.00,1.00
2016.01.27 11:46:22.619,0.65881,0.65907,1.00,1.00
2016.01.27 11:46:22.900,0.6588,0.65904,1.00,1.00
2016.01.27 11:46:23.017,0.65882,0.65908,1.00,1.00
2016.01.27 11:46:23.218,0.65884,0.65908,1.00,1.00
2016.01.27 11:46:23.369,0.65888,0.65914,1.00,1.00
2016.01.27 11:46:23.436,0.6589,0.65914,1.00,1.00
2016.01.27 11:46:23.963,0.65889,0.65911,1.00,1.00
2016.01.27 11:46:24.386,0.65889,0.65909,1.00,1.00
2016.01.27 11:46:25.259,0.65889,0.65912,1.00,1.00
2016.01.27 11:46:25.587,0.6589,0.65914,1.00,1.00
2016.01.27 11:46:26.139,0.6589,0.65913,1.00,1.00
2016.01.27 11:46:26.737,0.65889,0.65913,1.00,1.00
2016.01.27 11:46:27.088,0.65889,0.6591,1.00,1.00
2016.01.27 11:46:27.441,0.65889,0.65907,1.00,1.00
2016.01.27 11:46:27.492,0.65884,0.65907,1.00,1.00
2016.01.27 11:46:27.543,0.6588,0.65904,1.00,1.00
2016.01.27 11:46:27.795,0.6588,0.65902,1.00,1.00
2016.01.27 11:46:28.056,0.65875,0.65899,1.50,1.00
2016.01.27 11:46:28.597,0.65876,0.659,1.00,1.00
2016.01.27 11:46:29.097,0.65879,0.65902,1.00,1.00
2016.01.27 11:46:29.197,0.65879,0.65905,1.50,1.00
2016.01.27 11:46:29.647,0.65881,0.65907,1.00,1.00
2016.01.27 11:46:31.267,0.65881,0.65905,1.00,1.00
2016.01.27 11:46:33.809,0.6588,0.65904,1.50,1.00
2016.01.27 11:46:34.447,0.65881,0.65905,1.00,1.00
2016.01.27 11:46:35.362,0.65885,0.65907,1.00,1.00
2016.01.27 11:46:35.868,0.65881,0.65907,1.00,1.00
2016.01.27 11:46:35.918,0.65879,0.65905,1.50,1.00
2016.01.27 11:46:36.254,0.65879,0.65901,1.00,1.00
2016.01.27 11:46:36.778,0.65879,0.65902,1.00,1.00
2016.01.27 11:46:38.526,0.65879,0.65903,1.00,1.00
2016.01.27 11:46:39.086,0.65879,0.65904,1.00,1.00
2016.01.27 11:46:39.831,0.6588,0.65902,1.00,1.00
2016.01.27 11:46:41.275,0.6588,0.65904,1.00,1.00
2016.01.27 11:46:42.575,0.6588,0.65902,1.00,1.00
2016.01.27 11:46:42.736,0.65879,0.65904,1.00,1.00
2016.01.27 11:46:43.366,0.6588,0.65904,1.00,1.00
2016.01.27 11:46:45.263,0.65881,0.65907,1.00,1.00
2016.01.27 11:46:45.457,0.65879,0.65905,1.50,1.00
2016.01.27 11:46:45.923,0.65879,0.65903,1.00,1.00
2016.01.27 11:46:46.887,0.65879,0.65904,1.00,1.00
2016.01.27 11:46:47.306,0.65885,0.65904,1.00,1.00
2016.01.27 11:46:47.592,0.6588,0.65902,1.00,1.00
2016.01.27 11:46:47.643,0.6588,0.65904,1.00,1.00
2016.01.27 11:46:48.776,0.65879,0.65903,1.50,1.00
2016.01.27 11:46:48.996,0.6588,0.65906,1.00,1.00
2016.01.27 11:46:49.315,0.65879,0.65904,1.00,1.00
2016.01.27 11:46:49.974,0.6588,0.65902,1.00,1.00
2016.01.27 11:46:50.125,0.65879,0.65904,1.00,1.00
2016.01.27 11:46:50.327,0.65879,0.65902,1.00,1.00
2016.01.27 11:46:51.038,0.6588,0.65902,1.00,1.00
2016.01.27 11:46:51.295,0.6588,0.65904,1.00,1.00
2016.01.27 11:46:51.816,0.65879,0.65904,1.00,1.00
2016.01.27 11:46:56.016,0.6588,0.65904,1.00,1.00
2016.01.27 11:46:57.468,0.65884,0.65904,1.00,1.00
2016.01.27 11:47:01.634,0.65884,0.65902,1.00,1.00
2016.01.27 11:47:01.736,0.6588,0.65902,1.00,1.00
2016.01.27 11:47:01.872,0.65884,0.65904,1.00,1.00
2016.01.27 11:47:02.088,0.65879,0.65902,1.00,1.00
2016.01.27 11:47:04.448,0.65879,0.65901,1.00,1.00
2016.01.27 11:47:05.057,0.6588,0.65901,1.00,1.00
2016.01.27 11:47:06.531,0.6588,0.65903,1.00,1.00
2016.01.27 11:47:07.170,0.65879,0.65903,1.00,1.00
2016.01.27 11:47:11.564,0.65875,0.65897,1.00,1.00
2016.01.27 11:47:11.893,0.65874,0.65894,1.00,1.00
2016.01.27 11:47:12.570,0.65874,0.65899,1.00,1.00
2016.01.27 11:47:12.795,0.65875,0.65901,1.50,1.00
2016.01.27 11:47:13.086,0.65875,0.65898,1.00,1.00
2016.01.27 11:47:13.722,0.65874,0.65898,1.00,1.00
2016.01.27 11:47:14.285,0.65874,0.65899,1.00,1.00
2016.01.27 11:47:15.091,0.6588,0.659,1.00,1.00
2016.01.27 11:47:15.728,0.65879,0.659,1.00,1.00
2016.01.27 11:47:16.403,0.6588,0.65901,1.00,1.00
2016.01.27 11:47:16.504,0.6588,0.65903,1.00,1.00
2016.01.27 11:47:16.868,0.65879,0.659,1.00,1.00
2016.01.27 11:47:17.528,0.6588,0.659,1.00,1.00
2016.01.27 11:47:18.145,0.65879,0.65901,1.00,1.00
2016.01.27 11:47:18.725,0.65879,0.659,1.00,1.00
2016.01.27 11:47:18.826,0.65874,0.659,1.50,1.00
2016.01.27 11:47:18.927,0.65874,0.65898,1.50,1.00
2016.01.27 11:47:19.279,0.65875,0.659,1.00,1.00
2016.01.27 11:47:19.558,0.65879,0.65901,1.00,1.00
2016.01.27 11:47:20.161,0.65879,0.65902,1.00,1.00
2016.01.27 11:47:20.468,0.65879,0.659,1.00,1.00
2016.01.27 11:47:20.848,0.6588,0.65898,1.00,1.00
2016.01.27 11:47:21.316,0.65874,0.65897,1.00,1.00
2016.01.27 11:47:21.858,0.65875,0.65898,1.00,1.00
2016.01.27 11:47:23.645,0.65875,0.65899,1.00,1.00
2016.01.27 11:47:24.971,0.65874,0.65899,1.00,1.00
2016.01.27 11:47:26.301,0.65874,0.65898,1.00,1.00
2016.01.27 11:47:26.423,0.65872,0.65898,1.00,1.00
2016.01.27 11:47:26.524,0.6587,0.65894,1.00,1.00
2016.01.27 11:47:26.851,0.65869,0.65891,1.00,1.00
2016.01.27 11:47:27.411,0.6587,0.65892,1.00,1.00
2016.01.27 11:47:29.711,0.65869,0.65892,1.00,1.00
2016.01.27 11:47:30.936,0.65869,0.65894,1.00,1.00
2016.01.27 11:47:31.906,0.65869,0.65893,1.00,1.00
2016.01.27 11:47:33.575,0.65869,0.65894,1.00,1.00
2016.01.27 11:47:33.765,0.65869,0.65892,1.00,1.00
2016.01.27 11:47:34.442,0.6587,0.65892,1.00,1.00
2016.01.27 11:47:35.331,0.65869,0.65892,1.00,1.00
2016.01.27 11:47:36.605,0.6587,0.65892,1.00,1.00
2016.01.27 11:47:37.265,0.65869,0.65891,1.00,1.00
2016.01.27 11:47:37.745,0.65869,0.65888,1.00,1.00
2016.01.27 11:47:37.846,0.6587,0.65893,1.00,1.00
2016.01.27 11:47:37.947,0.65866,0.65893,1.00,1.00
2016.01.27 11:47:38.120,0.65869,0.65891,1.00,1.00
2016.01.27 11:47:38.746,0.65869,0.65892,1.00,1.00
2016.01.27 11:47:39.277,0.65869,0.65893,1.00,1.00
2016.01.27 11:47:40.465,0.65869,0.6589,1.00,1.00
2016.01.27 11:47:40.616,0.65869,0.65893,1.00,1.00
2016.01.27 11:47:41.356,0.65869,0.65891,1.00,1.00
2016.01.27 11:47:41.700,0.65869,0.65893,1.00,1.00
2016.01.27 11:47:42.216,0.65869,0.65892,1.00,1.00
2016.01.27 11:47:43.480,0.65869,0.65893,1.00,1.00
2016.01.27 11:47:44.034,0.6587,0.65893,1.00,1.00
2016.01.27 11:47:44.639,0.65869,0.65893,1.00,1.00
2016.01.27 11:47:45.205,0.65869,0.65892,1.00,1.00
2016.01.27 11:47:45.315,0.65869,0.65894,1.00,1.00
2016.01.27 11:47:45.517,0.65874,0.65894,1.00,1.00
2016.01.27 11:47:45.665,0.65874,0.65896,1.00,1.00
2016.01.27 11:47:45.766,0.65874,0.65894,1.00,1.00
2016.01.27 11:47:46.009,0.65874,0.65898,1.00,1.00
2016.01.27 11:47:46.110,0.65875,0.65896,1.00,1.00
2016.01.27 11:47:46.412,0.65875,0.65894,1.00,1.00
2016.01.27 11:47:47.070,0.65874,0.65894,1.00,1.00
2016.01.27 11:47:47.121,0.65869,0.65894,1.00,1.00
2016.01.27 11:47:47.778,0.6587,0.65893,1.00,1.00
2016.01.27 11:47:48.057,0.65874,0.65893,1.00,1.00
2016.01.27 11:47:48.304,0.6587,0.65893,1.00,1.00
2016.01.27 11:47:48.857,0.6587,0.65895,1.00,1.00
2016.01.27 11:47:49.150,0.65874,0.65895,1.00,1.00
2016.01.27 11:47:49.764,0.65874,0.65897,1.00,1.00
2016.01.27 11:47:49.865,0.65874,0.65895,1.00,1.00
2016.01.27 11:47:50.717,0.65869,0.65895,1.00,1.00
2016.01.27 11:47:50.920,0.65875,0.65895,1.00,1.00
2016.01.27 11:47:51.597,0.65869,0.65895,1.00,1.00
2016.01.27 11:47:51.698,0.65869,0.65893,1.00,1.00
2016.01.27 11:47:52.922,0.65869,0.65892,1.00,1.00
2016.01.27 11:47:53.586,0.65869,0.65891,1.00,1.00
2016.01.27 11:47:53.916,0.6587,0.65889,1.00,1.00
2016.01.27 11:47:54.165,0.65869,0.65893,1.00,1.00
2016.01.27 11:47:54.488,0.65869,0.6589,1.00,1.00
2016.01.27 11:47:54.990,0.65869,0.65891,1.00,1.00
2016.01.27 11:47:55.040,0.65869,0.65893,1.00,1.00
2016.01.27 11:47:55.575,0.65869,0.65891,1.00,1.00
2016.01.27 11:47:55.765,0.65869,0.65893,1.00,1.00
2016.01.27 11:47:56.076,0.65874,0.65893,1.00,1.00
2016.01.27 11:47:56.319,0.65869,0.65892,1.00,1.00
2016.01.27 11:47:56.426,0.65869,0.6589,1.00,1.00
2016.01.27 11:47:56.946,0.6587,0.65889,1.00,1.00
2016.01.27 11:47:56.997,0.6587,0.65891,1.00,1.00
2016.01.27 11:47:57.530,0.65869,0.65892,1.00,1.00
2016.01.27 11:47:57.634,0.65869,0.6589,1.00,1.00
2016.01.27 11:47:57.897,0.65869,0.65892,1.00,1.00
2016.01.27 11:47:58.317,0.65869,0.6589,1.00,1.00
2016.01.27 11:47:58.658,0.65874,0.65895,1.00,1.00
2016.01.27 11:47:58.775,0.65874,0.65897,1.00,1.00
2016.01.27 11:47:58.875,0.65874,0.65895,1.00,1.00
2016.01.27 11:47:59.546,0.6587,0.65895,1.50,1.00
2016.01.27 11:47:59.597,0.65869,0.65893,1.00,1.00
2016.01.27 11:48:00.264,0.65869,0.65891,1.00,1.00
2016.01.27 11:48:01.135,0.6587,0.65891,1.00,1.00
2016.01.27 11:48:01.838,0.65869,0.65892,1.00,1.00
2016.01.27 11:48:02.365,0.6587,0.65891,1.00,1.00
2016.01.27 11:48:02.882,0.65869,0.65891,1.00,1.00
2016.01.27 11:48:03.034,0.65869,0.65893,1.00,1.00
2016.01.27 11:48:03.465,0.65869,0.65891,1.00,1.00
2016.01.27 11:48:04.179,0.65869,0.65893,1.00,1.00
2016.01.27 11:48:04.230,0.6587,0.65891,1.00,1.00
2016.01.27 11:48:04.765,0.6587,0.6589,1.00,1.00
2016.01.27 11:48:05.319,0.65869,0.65891,1.00,1.00
2016.01.27 11:48:05.865,0.65869,0.6589,1.00,1.00
2016.01.27 11:48:05.916,0.65869,0.65892,1.00,1.00
2016.01.27 11:48:06.550,0.6587,0.65892,1.00,1.00
2016.01.27 11:48:07.074,0.6587,0.65891,1.00,1.00
2016.01.27 11:48:07.602,0.65869,0.65891,1.00,1.00
2016.01.27 11:48:08.431,0.65869,0.65887,1.00,1.00
2016.01.27 11:48:08.657,0.65864,0.65888,1.00,1.00
2016.01.27 11:48:09.206,0.65864,0.65889,1.00,1.00
2016.01.27 11:48:09.894,0.65864,0.65887,1.00,1.00
2016.01.27 11:48:10.954,0.65869,0.6589,1.00,1.00
2016.01.27 11:48:11.169,0.6587,0.65893,1.00,1.00
2016.01.27 11:48:11.797,0.6587,0.65891,1.00,1.00
2016.01.27 11:48:11.847,0.65869,0.65893,1.00,1.00
2016.01.27 11:48:12.492,0.65869,0.65894,1.50,1.00
2016.01.27 11:48:12.994,0.65869,0.65895,1.00,1.00
2016.01.27 11:48:13.356,0.65874,0.65895,1.00,1.00
2016.01.27 11:48:15.328,0.65874,0.65897,1.00,1.00
2016.01.27 11:48:17.253,0.65874,0.65896,1.00,1.00
2016.01.27 11:48:17.737,0.65875,0.65898,1.00,1.00
2016.01.27 11:48:18.306,0.65875,0.65897,1.00,1.00
2016.01.27 11:48:20.169,0.65875,0.65896,1.00,1.00
2016.01.27 11:48:21.279,0.65874,0.65896,1.00,1.00
2016.01.27 11:48:21.804,0.65875,0.65897,1.00,1.00
2016.01.27 11:48:23.366,0.65875,0.65894,1.00,1.00
2016.01.27 11:48:23.471,0.65875,0.65897,1.00,1.00
2016.01.27 11:48:26.204,0.65875,0.65896,1.00,1.00
2016.01.27 11:48:26.556,0.65874,0.65894,1.00,1.00
2016.01.27 11:48:26.847,0.65874,0.65896,1.00,1.00
2016.01.27 11:48:27.565,0.65874,0.65897,1.00,1.00
2016.01.27 11:48:28.363,0.65875,0.65897,1.00,1.00
2016.01.27 11:48:29.503,0.65875,0.65895,1.00,1.00
2016.01.27 11:48:30.082,0.65874,0.65895,1.00,1.00
2016.01.27 11:48:31.286,0.65874,0.65893,1.00,1.00
2016.01.27 11:48:35.697,0.65874,0.65894,1.00,1.00
2016.01.27 11:48:36.403,0.65875,0.65894,1.00,1.00
2016.01.27 11:48:36.453,0.65875,0.65896,1.00,1.00
2016.01.27 11:48:37.000,0.65874,0.65896,1.00,1.00
2016.01.27 11:48:37.552,0.65875,0.65896,1.00,1.00
2016.01.27 11:48:37.802,0.65875,0.65898,1.00,1.50
2016.01.27 11:48:38.353,0.65874,0.65898,1.00,1.50
2016.01.27 11:48:38.657,0.6588,0.65897,1.00,1.00
2016.01.27 11:48:38.758,0.6588,0.659,1.00,1.00
2016.01.27 11:48:39.294,0.6588,0.65898,1.00,1.00
2016.01.27 11:48:39.445,0.65874,0.65898,1.00,1.00
2016.01.27 11:48:39.647,0.65879,0.65898,1.00,1.00
2016.01.27 11:48:40.174,0.6588,0.659,1.00,1.50
2016.01.27 11:48:40.733,0.65879,0.659,1.00,1.50
2016.01.27 11:48:41.246,0.65874,0.659,1.50,1.50
2016.01.27 11:48:42.110,0.65879,0.659,1.00,1.50
2016.01.27 11:48:45.247,0.65879,0.65898,1.00,1.00
2016.01.27 11:48:45.894,0.65879,0.65899,1.00,1.00
2016.01.27 11:48:49.745,0.65879,0.65898,1.00,1.00
2016.01.27 11:48:49.981,0.65875,0.65898,1.00,1.00
2016.01.27 11:48:50.507,0.65874,0.65898,1.00,1.50
2016.01.27 11:48:51.107,0.65874,0.65897,1.00,1.00
2016.01.27 11:48:51.613,0.65874,0.65898,1.00,1.50
2016.01.27 11:48:54.374,0.65874,0.65899,1.00,1.00
2016.01.27 11:48:54.714,0.6588,0.659,1.00,1.50
2016.01.27 11:48:56.237,0.6588,0.65899,1.00,1.00
2016.01.27 11:48:58.004,0.6588,0.65897,1.00,1.00
2016.01.27 11:48:58.239,0.6588,0.65899,1.00,1.50
2016.01.27 11:48:58.592,0.65874,0.65898,1.00,1.50
2016.01.27 11:48:58.654,0.65874,0.65896,1.00,1.00
2016.01.27 11:48:59.158,0.65875,0.65897,1.00,1.50
2016.01.27 11:49:00.680,0.65874,0.65897,1.00,1.00
2016.01.27 11:49:01.264,0.65874,0.65898,1.00,1.50
2016.01.27 11:49:02.085,0.65879,0.65898,1.00,1.50
2016.01.27 11:49:03.283,0.65875,0.65898,1.00,1.50
2016.01.27 11:49:05.275,0.65874,0.65898,1.00,1.00
2016.01.27 11:49:05.585,0.65874,0.65896,1.00,1.00
2016.01.27 11:49:05.822,0.65874,0.65898,1.00,1.50
2016.01.27 11:49:09.095,0.65874,0.659,1.00,1.50
2016.01.27 11:49:09.246,0.65874,0.65898,1.00,1.00
2016.01.27 11:49:10.705,0.65879,0.65898,1.00,1.00
2016.01.27 11:49:11.020,0.6588,0.659,1.00,1.00
2016.01.27 11:49:11.904,0.65884,0.659,1.00,1.00
2016.01.27 11:49:12.117,0.65879,0.659,1.00,1.00
2016.01.27 11:49:13.258,0.6588,0.659,1.00,1.00
2016.01.27 11:49:13.496,0.65879,0.65897,1.00,1.00
2016.01.27 11:49:13.747,0.65874,0.65897,1.00,1.00
2016.01.27 11:49:14.364,0.65875,0.65897,1.00,1.00
2016.01.27 11:49:15.327,0.6588,0.65897,1.00,1.00
2016.01.27 11:49:18.474,0.65879,0.65897,1.00,1.00
2016.01.27 11:49:19.709,0.6588,0.65898,1.00,1.00
2016.01.27 11:49:19.773,0.6588,0.659,1.00,1.50
2016.01.27 11:49:20.084,0.6588,0.65898,1.00,1.00
2016.01.27 11:49:24.354,0.6588,0.65899,1.00,1.00
2016.01.27 11:49:28.093,0.65879,0.65899,1.00,1.00
2016.01.27 11:49:28.305,0.65874,0.65899,1.50,1.00
2016.01.27 11:49:29.354,0.65874,0.65897,1.00,1.00
2016.01.27 11:49:30.545,0.65874,0.65898,1.00,1.00
2016.01.27 11:49:31.091,0.65874,0.65897,1.00,1.50
2016.01.27 11:49:36.432,0.65874,0.65894,1.00,1.00
2016.01.27 11:49:36.979,0.65874,0.65896,1.00,1.50
2016.01.27 11:49:41.133,0.65875,0.65896,1.00,1.00
2016.01.27 11:49:41.673,0.65874,0.65896,1.00,1.00
2016.01.27 11:49:46.873,0.65875,0.65896,1.00,1.00
2016.01.27 11:49:49.072,0.65874,0.65897,1.00,1.50
2016.01.27 11:49:49.890,0.65874,0.65895,1.00,1.00
2016.01.27 11:49:50.877,0.65875,0.65895,1.00,1.00
2016.01.27 11:49:51.232,0.65875,0.65893,1.00,1.00
2016.01.27 11:49:51.383,0.65868,0.65893,1.00,1.50
2016.01.27 11:49:51.484,0.65868,0.6589,1.00,1.00
2016.01.27 11:49:51.685,0.65864,0.6589,1.00,1.00
2016.01.27 11:49:52.332,0.65866,0.6589,1.00,1.50
2016.01.27 11:49:52.853,0.65865,0.65889,1.00,1.00
2016.01.27 11:49:53.387,0.65869,0.6589,1.00,1.00
2016.01.27 11:49:53.488,0.65866,0.6589,1.00,1.00
2016.01.27 11:49:53.690,0.65864,0.65887,1.50,1.00
2016.01.27 11:49:53.790,0.65862,0.65886,1.00,1.00
2016.01.27 11:49:53.891,0.6586,0.65885,1.00,1.50
2016.01.27 11:49:53.955,0.6586,0.65882,1.00,1.00
2016.01.27 11:49:54.553,0.65859,0.65882,1.00,1.00
2016.01.27 11:49:55.265,0.6586,0.65882,1.00,1.00
2016.01.27 11:49:55.803,0.65859,0.65881,1.00,1.00
2016.01.27 11:49:56.312,0.6586,0.65881,1.00,1.00
2016.01.27 11:49:56.970,0.65859,0.65881,1.00,1.00
2016.01.27 11:49:58.011,0.6586,0.65881,1.00,1.00
2016.01.27 11:49:58.167,0.6586,0.65883,1.00,1.50
2016.01.27 11:49:59.173,0.65859,0.65883,1.00,1.50
2016.01.27 11:50:00.713,0.6586,0.65883,1.00,1.50
2016.01.27 11:50:01.828,0.6586,0.65881,1.00,1.00
2016.01.27 11:50:02.013,0.6586,0.65883,1.00,1.50
2016.01.27 11:50:02.373,0.65862,0.65884,1.00,1.00
2016.01.27 11:50:02.925,0.65863,0.65885,1.00,1.00
2016.01.27 11:50:04.214,0.65862,0.65885,1.00,1.00
2016.01.27 11:50:04.596,0.65865,0.65885,1.00,1.00
2016.01.27 11:50:09.529,0.65864,0.65885,1.00,1.00
2016.01.27 11:50:10.103,0.65869,0.65885,1.00,1.00
2016.01.27 11:50:10.153,0.65869,0.6589,1.00,1.50
2016.01.27 11:50:10.204,0.65864,0.6589,1.00,1.50
2016.01.27 11:50:10.597,0.65864,0.65888,1.00,1.00
2016.01.27 11:50:11.694,0.65864,0.65887,1.00,1.00
2016.01.27 11:50:15.233,0.65865,0.65887,1.00,1.00
2016.01.27 11:50:15.741,0.65865,0.65888,1.00,1.00
2016.01.27 11:50:16.052,0.65865,0.65885,1.00,1.00
2016.01.27 11:50:16.374,0.6586,0.65885,1.00,1.50
2016.01.27 11:50:16.525,0.6586,0.65883,1.00,1.00
2016.01.27 11:50:19.963,0.65864,0.65883,1.00,1.50
2016.01.27 11:50:21.518,0.65864,0.65884,1.00,1.00
2016.01.27 11:50:21.847,0.65864,0.65889,1.50,1.00
2016.01.27 11:50:23.170,0.65864,0.65888,1.00,1.00
2016.01.27 11:50:24.489,0.65865,0.65888,1.00,1.00
2016.01.27 11:50:26.324,0.65865,0.65889,1.00,1.00
2016.01.27 11:50:26.856,0.65865,0.65888,1.00,1.00
2016.01.27 11:50:27.409,0.65866,0.65889,1.00,1.00
2016.01.27 11:50:27.995,0.65865,0.65889,1.00,1.50
2016.01.27 11:50:28.542,0.65864,0.65889,1.00,1.00
2016.01.27 11:50:29.317,0.65864,0.65888,1.00,1.00
2016.01.27 11:50:29.953,0.65864,0.65889,1.00,1.50
2016.01.27 11:50:30.538,0.65865,0.65889,1.00,1.50
2016.01.27 11:50:30.732,0.65865,0.65887,1.00,1.00
2016.01.27 11:50:31.252,0.65864,0.65887,1.00,1.00
2016.01.27 11:50:32.159,0.65864,0.65886,1.00,1.00
2016.01.27 11:50:32.703,0.65864,0.65884,1.00,1.00
2016.01.27 11:50:34.965,0.65864,0.65886,1.00,1.00
2016.01.27 11:50:35.892,0.65864,0.65884,1.00,1.00
2016.01.27 11:50:38.203,0.65864,0.65885,1.00,1.00
2016.01.27 11:50:38.749,0.65865,0.65884,1.00,1.00
2016.01.27 11:50:39.144,0.65859,0.65883,1.00,1.00
2016.01.27 11:50:39.686,0.65859,0.65881,1.00,1.00
2016.01.27 11:50:39.736,0.65859,0.65883,1.00,1.00
2016.01.27 11:50:39.853,0.65859,0.6588,1.00,1.00
2016.01.27 11:50:40.547,0.6586,0.6588,1.00,1.50
2016.01.27 11:50:40.932,0.6586,0.65878,1.00,1.00
2016.01.27 11:50:41.448,0.65854,0.65878,1.00,1.00
2016.01.27 11:50:41.549,0.6586,0.65877,1.00,1.00
2016.01.27 11:50:41.751,0.6586,0.65879,1.00,1.50
2016.01.27 11:50:45.945,0.65854,0.65879,1.00,1.00
2016.01.27 11:50:46.253,0.65859,0.65879,1.00,1.00
2016.01.27 11:50:47.713,0.65854,0.65879,1.00,1.00
2016.01.27 11:50:48.148,0.6586,0.65878,1.00,1.00
2016.01.27 11:50:48.344,0.65854,0.65878,1.00,1.50
2016.01.27 11:50:48.564,0.65854,0.65876,1.00,1.50
2016.01.27 11:50:48.870,0.65854,0.65874,1.00,1.00
2016.01.27 11:50:49.727,0.65855,0.65874,1.00,1.00
2016.01.27 11:50:50.124,0.6585,0.65873,1.00,1.00
2016.01.27 11:50:52.081,0.6585,0.65872,1.00,1.00
2016.01.27 11:50:52.691,0.65849,0.65872,1.00,1.00
2016.01.27 11:50:53.873,0.65849,0.65871,1.00,1.00
2016.01.27 11:50:55.643,0.6585,0.65871,1.00,1.00
2016.01.27 11:50:56.595,0.65849,0.65871,1.00,1.00
2016.01.27 11:51:00.045,0.65849,0.65869,1.00,1.00
2016.01.27 11:51:00.685,0.65849,0.65868,1.00,1.00
2016.01.27 11:51:02.165,0.65849,0.65867,1.00,1.00
2016.01.27 11:51:02.652,0.65844,0.65867,1.00,1.00
2016.01.27 11:51:03.253,0.65844,0.65866,1.00,1.00
2016.01.27 11:51:10.102,0.65845,0.65866,1.00,1.00
2016.01.27 11:51:11.333,0.65844,0.65866,1.50,1.00
2016.01.27 11:51:12.446,0.65845,0.65866,1.00,1.00
2016.01.27 11:51:13.985,0.65845,0.65867,1.00,1.00
2016.01.27 11:51:14.884,0.65845,0.65868,1.50,1.00
2016.01.27 11:51:15.072,0.65845,0.65871,1.50,1.50
2016.01.27 11:51:15.122,0.65849,0.65871,1.00,1.00
2016.01.27 11:51:15.744,0.6585,0.65871,1.00,1.00
2016.01.27 11:51:16.165,0.6585,0.65873,1.00,1.50
2016.01.27 11:51:16.464,0.6585,0.65875,1.00,1.50
2016.01.27 11:51:17.383,0.65849,0.65875,1.50,1.50
2016.01.27 11:51:18.047,0.65849,0.65874,1.00,1.00
2016.01.27 11:51:18.352,0.65849,0.65872,1.00,1.00
2016.01.27 11:51:19.344,0.65849,0.65873,1.50,1.00
2016.01.27 11:51:19.911,0.65849,0.65874,1.00,1.00
2016.01.27 11:51:20.442,0.65849,0.65871,1.00,1.00
2016.01.27 11:51:20.792,0.65845,0.65869,1.50,1.00
2016.01.27 11:51:22.031,0.65847,0.65871,1.00,1.50
2016.01.27 11:51:22.335,0.65849,0.6587,1.00,1.00
2016.01.27 11:51:22.862,0.65849,0.65871,1.00,1.00
2016.01.27 11:51:23.905,0.65845,0.65871,1.00,1.00
2016.01.27 11:51:24.342,0.65845,0.65869,1.00,1.00
2016.01.27 11:51:24.685,0.65844,0.65867,1.00,1.00
2016.01.27 11:51:24.894,0.65839,0.65863,1.50,1.00
2016.01.27 11:51:25.332,0.65844,0.65863,1.00,1.00
2016.01.27 11:51:25.433,0.6584,0.65862,1.00,1.00
2016.01.27 11:51:25.984,0.65839,0.65863,1.00,1.50
2016.01.27 11:51:27.063,0.6584,0.65863,1.00,1.00
2016.01.27 11:51:27.875,0.65839,0.65863,1.50,1.00
2016.01.27 11:51:30.775,0.65839,0.65866,1.50,1.00
2016.01.27 11:51:30.893,0.65841,0.65866,1.00,1.00
2016.01.27 11:51:31.223,0.65843,0.65868,1.00,1.50
2016.01.27 11:51:31.656,0.65841,0.65868,1.00,1.50
2016.01.27 11:51:31.706,0.65845,0.65868,1.00,1.00
2016.01.27 11:51:31.807,0.65844,0.65871,1.50,1.50
2016.01.27 11:51:32.035,0.65846,0.65871,1.00,1.00
2016.01.27 11:51:32.865,0.6585,0.65871,1.00,1.00
2016.01.27 11:51:33.143,0.65848,0.65872,1.00,1.00
2016.01.27 11:51:33.244,0.6585,0.65872,1.00,1.00
2016.01.27 11:51:33.363,0.6585,0.65874,1.00,1.00
2016.01.27 11:51:36.302,0.65847,0.65874,1.00,1.50
2016.01.27 11:51:37.064,0.65846,0.65872,1.00,1.00
2016.01.27 11:51:37.382,0.65845,0.6587,1.50,1.50
2016.01.27 11:51:38.067,0.65846,0.6587,1.00,1.50
2016.01.27 11:51:38.318,0.65844,0.6587,1.50,1.00
2016.01.27 11:51:38.995,0.65847,0.65871,1.00,1.00
2016.01.27 11:51:39.046,0.65847,0.65873,1.00,1.00
2016.01.27 11:51:39.282,0.65846,0.6587,1.00,1.00
2016.01.27 11:51:39.913,0.65847,0.65872,1.00,1.00
2016.01.27 11:51:40.150,0.65845,0.65871,1.00,1.00
2016.01.27 11:51:40.372,0.65849,0.65871,1.00,1.00
2016.01.27 11:51:40.573,0.65849,0.65873,1.00,1.00
2016.01.27 11:51:41.103,0.65849,0.65872,1.00,1.00
2016.01.27 11:51:43.378,0.65847,0.65872,1.00,1.00
2016.01.27 11:51:43.752,0.65845,0.65872,1.00,1.00
2016.01.27 11:51:44.139,0.65844,0.6587,1.00,1.00
2016.01.27 11:51:44.444,0.65844,0.65868,1.00,1.00
2016.01.27 11:51:44.594,0.65837,0.65862,1.00,1.00
2016.01.27 11:51:44.906,0.65835,0.65862,1.50,1.00
2016.01.27 11:51:45.007,0.65834,0.65859,1.00,1.00
2016.01.27 11:51:45.131,0.65831,0.65858,1.50,1.00
2016.01.27 11:51:46.153,0.6583,0.65857,2.25,1.00
2016.01.27 11:51:46.763,0.6583,0.65856,1.50,1.00
2016.01.27 11:51:47.391,0.65832,0.65857,1.00,1.00
2016.01.27 11:51:47.921,0.65831,0.65856,1.00,1.00
2016.01.27 11:51:48.886,0.65839,0.65858,1.00,1.00
2016.01.27 11:51:48.937,0.65839,0.65863,1.00,1.00
2016.01.27 11:51:49.060,0.65837,0.65863,1.00,1.00
2016.01.27 11:51:49.191,0.65835,0.65859,1.50,1.00
2016.01.27 11:51:49.702,0.65835,0.65861,1.00,1.00
2016.01.27 11:51:50.472,0.65835,0.6586,1.00,1.00
2016.01.27 11:51:54.653,0.65835,0.65859,1.00,1.00
2016.01.27 11:51:54.783,0.6584,0.65859,1.00,1.00
2016.01.27 11:51:54.884,0.6584,0.65861,1.00,1.00
2016.01.27 11:51:54.985,0.6584,0.65863,1.00,1.00
2016.01.27 11:51:59.273,0.6584,0.65864,1.00,1.00
2016.01.27 11:52:00.294,0.65841,0.65865,1.00,1.00
2016.01.27 11:52:00.515,0.65842,0.65869,1.00,1.00
2016.01.27 11:52:01.164,0.65841,0.65867,1.00,1.00
2016.01.27 11:52:01.801,0.65843,0.65868,1.00,1.00
2016.01.27 11:52:02.022,0.65841,0.65868,1.00,1.00
2016.01.27 11:52:02.381,0.65844,0.65868,1.00,1.00
2016.01.27 11:52:02.483,0.65845,0.6587,1.00,1.00
2016.01.27 11:52:03.122,0.65845,0.65872,1.00,1.00
2016.01.27 11:52:03.465,0.65849,0.65872,1.00,1.00
2016.01.27 11:52:04.039,0.65845,0.65869,1.00,1.00
2016.01.27 11:52:04.331,0.65845,0.65872,1.00,1.00
2016.01.27 11:52:04.798,0.65849,0.65873,1.00,1.00
2016.01.27 11:52:05.307,0.6585,0.65874,1.00,1.00
2016.01.27 11:52:05.431,0.6585,0.65876,1.00,1.00
2016.01.27 11:52:05.967,0.65849,0.65875,1.50,1.00
2016.01.27 11:52:07.185,0.6585,0.65875,1.00,1.00
2016.01.27 11:52:07.236,0.6585,0.65873,1.00,1.00
2016.01.27 11:52:07.997,0.65847,0.65873,1.50,1.00
2016.01.27 11:52:09.291,0.65848,0.65873,1.00,1.00
2016.01.27 11:52:09.857,0.65847,0.65873,1.00,1.00
2016.01.27 11:52:09.958,0.65845,0.65872,1.00,1.00
2016.01.27 11:52:10.059,0.65845,0.65868,1.00,1.00
2016.01.27 11:52:10.497,0.65847,0.65874,1.00,1.00
2016.01.27 11:52:11.281,0.65849,0.65872,1.00,1.00
2016.01.27 11:52:11.480,0.65849,0.65874,1.00,1.00
2016.01.27 11:52:12.592,0.65849,0.65873,1.00,1.00
2016.01.27 11:52:12.692,0.65849,0.65875,1.00,1.00
2016.01.27 11:52:13.295,0.6585,0.65875,1.00,1.00
2016.01.27 11:52:14.890,0.65851,0.65876,1.00,1.00
2016.01.27 11:52:16.541,0.65852,0.65877,1.00,1.00
2016.01.27 11:52:17.033,0.65849,0.65874,1.00,1.00
2016.01.27 11:52:17.661,0.6585,0.65874,1.00,1.00
2016.01.27 11:52:18.414,0.65852,0.65877,1.00,1.00
2016.01.27 11:52:18.775,0.65854,0.65877,1.00,1.00
2016.01.27 11:52:19.361,0.65854,0.65878,1.00,1.00
2016.01.27 11:52:19.412,0.65851,0.65878,1.00,1.00
2016.01.27 11:52:20.081,0.6585,0.65877,1.50,1.50
2016.01.27 11:52:24.350,0.65851,0.65878,1.00,1.00
2016.01.27 11:52:25.516,0.65851,0.65877,1.00,1.00
2016.01.27 11:52:26.056,0.65851,0.65874,1.00,1.00
2016.01.27 11:52:26.157,0.65848,0.65873,1.00,1.00
2016.01.27 11:52:26.359,0.65846,0.65873,1.00,1.00
2016.01.27 11:52:26.911,0.65845,0.65872,1.00,1.00
2016.01.27 11:52:27.213,0.65848,0.65873,1.00,1.00
2016.01.27 11:52:30.291,0.65846,0.65873,1.00,1.00
2016.01.27 11:52:32.383,0.65847,0.65874,1.00,1.00
2016.01.27 11:52:32.793,0.65849,0.65874,1.00,1.00
2016.01.27 11:52:33.185,0.65851,0.65878,1.00,1.00
2016.01.27 11:52:34.031,0.65852,0.65878,1.00,1.00
2016.01.27 11:52:34.606,0.6585,0.65877,1.50,1.00
2016.01.27 11:52:35.132,0.65849,0.65874,1.50,1.00
2016.01.27 11:52:36.121,0.65849,0.65873,1.00,1.00
2016.01.27 11:52:36.342,0.65845,0.65872,1.50,1.00
2016.01.27 11:52:37.924,0.65847,0.65872,1.00,1.00
2016.01.27 11:52:39.231,0.65845,0.6587,1.00,1.00
2016.01.27 11:52:39.432,0.6584,0.65867,1.50,1.00
2016.01.27 11:52:40.096,0.6584,0.65866,1.00,1.00
2016.01.27 11:52:40.631,0.6584,0.65867,1.50,1.00
2016.01.27 11:52:41.871,0.65843,0.6587,1.00,1.00
2016.01.27 11:52:42.384,0.65843,0.65868,1.00,1.00
2016.01.27 11:52:42.912,0.65842,0.65868,1.00,1.00
2016.01.27 11:52:43.516,0.65842,0.65869,1.00,1.00
2016.01.27 11:52:46.174,0.65843,0.6587,1.00,1.00
2016.01.27 11:52:46.680,0.65842,0.65869,1.00,1.00
2016.01.27 11:52:47.192,0.65841,0.65868,1.00,1.00
2016.01.27 11:52:48.110,0.65842,0.65869,1.00,1.00
2016.01.27 11:52:48.511,0.65842,0.65867,1.00,1.00
2016.01.27 11:52:49.222,0.65842,0.65869,1.00,1.00
2016.01.27 11:52:51.543,0.65841,0.65868,1.00,1.00
2016.01.27 11:52:51.988,0.6584,0.65865,1.00,1.00
2016.01.27 11:52:53.523,0.65836,0.65863,1.00,1.00
2016.01.27 11:52:53.631,0.65839,0.65864,1.00,1.00
2016.01.27 11:52:54.931,0.65835,0.65862,1.50,1.00
2016.01.27 11:52:55.198,0.6583,0.65857,1.00,1.00
2016.01.27 11:52:57.901,0.65831,0.65858,1.00,1.00
2016.01.27 11:52:58.208,0.65833,0.65859,1.00,1.00
2016.01.27 11:52:58.743,0.65833,0.65858,1.00,1.00
2016.01.27 11:52:59.417,0.65832,0.65859,1.00,1.00
2016.01.27 11:52:59.750,0.65834,0.6586,1.00,1.00
2016.01.27 11:52:59.910,0.65835,0.65862,1.00,1.00
2016.01.27 11:53:00.111,0.65834,0.6586,1.00,1.00
2016.01.27 11:53:00.641,0.65834,0.65859,1.00,1.00
2016.01.27 11:53:01.018,0.65832,0.65859,1.00,1.00
2016.01.27 11:53:01.210,0.65831,0.65857,1.00,1.00
2016.01.27 11:53:01.750,0.65833,0.65859,1.00,1.00
2016.01.27 11:53:01.861,0.65831,0.65858,1.00,1.00
2016.01.27 11:53:02.080,0.65833,0.65858,1.00,1.00
2016.01.27 11:53:03.400,0.65833,0.6586,1.00,1.00
2016.01.27 11:53:03.621,0.65834,0.65858,1.00,1.00
2016.01.27 11:53:03.887,0.65832,0.65857,1.00,1.00
2016.01.27 11:53:04.198,0.65832,0.65859,1.00,1.00
2016.01.27 11:53:04.767,0.65834,0.65861,1.00,1.50
2016.01.27 11:53:05.270,0.65833,0.65858,1.00,1.00
2016.01.27 11:53:05.381,0.65834,0.6586,1.00,1.00
2016.01.27 11:53:05.648,0.65832,0.65859,1.00,1.00
2016.01.27 11:53:05.710,0.65834,0.65859,1.00,1.00
2016.01.27 11:53:06.371,0.65835,0.65859,1.00,1.00
2016.01.27 11:53:06.701,0.65832,0.65859,1.00,1.00
2016.01.27 11:53:07.470,0.65835,0.65861,1.00,1.00
2016.01.27 11:53:08.125,0.65834,0.65861,1.00,1.00
2016.01.27 11:53:08.681,0.65836,0.65863,1.00,1.00
2016.01.27 11:53:09.030,0.65836,0.6586,1.00,1.00
2016.01.27 11:53:09.342,0.65837,0.65863,1.00,1.00
2016.01.27 11:53:09.632,0.65836,0.6586,1.00,1.00
2016.01.27 11:53:09.891,0.65835,0.65862,1.50,1.00
2016.01.27 11:53:11.921,0.65834,0.6586,1.00,1.00
2016.01.27 11:53:12.022,0.65835,0.65862,1.50,1.00
2016.01.27 11:53:12.324,0.65836,0.6586,1.00,1.00
2016.01.27 11:53:12.648,0.65835,0.65862,1.00,1.00
2016.01.27 11:53:12.861,0.65839,0.65862,1.00,1.00
2016.01.27 11:53:12.912,0.65835,0.65862,1.00,1.00
2016.01.27 11:53:14.304,0.65837,0.65864,1.00,1.00
2016.01.27 11:53:14.792,0.65839,0.65863,1.00,1.00
2016.01.27 11:53:14.842,0.65843,0.65869,1.00,1.00
2016.01.27 11:53:15.122,0.65845,0.65868,1.00,1.00
2016.01.27 11:53:15.173,0.65845,0.6587,1.00,1.00
2016.01.27 11:53:15.721,0.65844,0.6587,1.50,1.00
2016.01.27 11:53:15.833,0.65846,0.6587,1.00,1.00
2016.01.27 11:53:16.435,0.65845,0.6587,1.00,1.00
2016.01.27 11:53:17.039,0.65846,0.6587,1.00,1.50
2016.01.27 11:53:18.236,0.65846,0.65873,1.00,1.50
2016.01.27 11:53:18.471,0.6585,0.65874,1.00,1.00
2016.01.27 11:53:19.619,0.6585,0.65873,1.00,1.00
2016.01.27 11:53:21.129,0.65848,0.65873,1.00,1.00
2016.01.27 11:53:21.281,0.65848,0.65871,1.00,1.00
2016.01.27 11:53:21.331,0.65846,0.65871,1.00,1.00
2016.01.27 11:53:22.212,0.65845,0.65871,1.00,1.00
2016.01.27 11:53:22.729,0.65846,0.65871,1.00,1.00
2016.01.27 11:53:23.315,0.65847,0.65871,1.00,1.00
2016.01.27 11:53:24.090,0.65847,0.6587,1.00,1.00
2016.01.27 11:53:25.180,0.65846,0.6587,1.00,1.50
2016.01.27 11:53:25.576,0.65849,0.6587,1.00,1.00
2016.01.27 11:53:25.627,0.65849,0.65875,1.00,1.00
2016.01.27 11:53:25.778,0.65851,0.65874,1.00,1.00
2016.01.27 11:53:26.079,0.65843,0.65869,1.00,1.00
2016.01.27 11:53:26.724,0.65843,0.65868,1.00,1.00
2016.01.27 11:53:27.288,0.65843,0.65869,1.00,1.50
2016.01.27 11:53:28.019,0.65844,0.65869,1.00,1.00
2016.01.27 11:53:28.542,0.65845,0.65869,1.00,1.50
2016.01.27 11:53:28.593,0.65846,0.65871,1.00,1.00
2016.01.27 11:53:28.643,0.65849,0.65871,1.00,1.00
2016.01.27 11:53:29.004,0.65849,0.65873,1.00,1.00
2016.01.27 11:53:29.155,0.65845,0.65872,1.50,1.50
2016.01.27 11:53:29.656,0.65846,0.65872,1.00,1.00
2016.01.27 11:53:30.354,0.65848,0.65872,1.00,1.00
2016.01.27 11:53:30.833,0.65854,0.65873,1.00,1.00
2016.01.27 11:53:30.884,0.65854,0.65877,1.00,1.00
2016.01.27 11:53:31.104,0.65852,0.65875,1.00,1.50
2016.01.27 11:53:31.254,0.65842,0.65868,1.00,1.00
2016.01.27 11:53:31.759,0.65843,0.65869,1.00,1.00
2016.01.27 11:53:32.549,0.65844,0.65871,1.00,1.50
2016.01.27 11:53:33.130,0.65845,0.65871,1.50,1.50
2016.01.27 11:53:33.760,0.65845,0.65869,1.50,1.00
2016.01.27 11:53:34.555,0.65844,0.65871,1.00,1.00
2016.01.27 11:53:35.313,0.65845,0.65871,1.00,1.00
2016.01.27 11:53:35.961,0.65847,0.65872,1.00,1.00
2016.01.27 11:53:36.499,0.65847,0.65871,1.00,1.00
2016.01.27 11:53:36.861,0.65848,0.65874,1.00,1.50
2016.01.27 11:53:36.980,0.6585,0.65874,1.00,1.00
2016.01.27 11:53:37.083,0.65848,0.65874,1.00,1.00
2016.01.27 11:53:37.381,0.6585,0.65875,1.00,1.00
2016.01.27 11:53:37.760,0.65851,0.65877,1.00,1.50
2016.01.27 11:53:37.810,0.65853,0.65877,1.00,1.00
2016.01.27 11:53:38.539,0.6585,0.65877,1.00,1.50
2016.01.27 11:53:39.439,0.6585,0.65876,1.00,1.00
2016.01.27 11:53:39.540,0.65849,0.65874,1.00,1.00
2016.01.27 11:53:39.591,0.65846,0.65873,1.00,1.00
2016.01.27 11:53:40.119,0.65847,0.65872,1.00,1.00
2016.01.27 11:53:40.670,0.65846,0.65872,1.00,1.00
2016.01.27 11:53:40.721,0.65844,0.6587,1.00,1.00
2016.01.27 11:53:41.538,0.65845,0.65872,1.00,1.50
2016.01.27 11:53:42.134,0.65846,0.65872,1.00,1.50
2016.01.27 11:53:43.220,0.65848,0.65872,1.00,1.50
2016.01.27 11:53:43.989,0.65845,0.65871,1.50,1.00
2016.01.27 11:53:44.348,0.65843,0.65869,1.00,1.00
2016.01.27 11:53:44.664,0.65843,0.65867,1.00,1.00
2016.01.27 11:53:44.760,0.65841,0.65867,1.00,1.00
2016.01.27 11:53:45.301,0.65841,0.65868,1.00,1.50
2016.01.27 11:53:45.420,0.65843,0.65868,1.00,1.00
2016.01.27 11:53:45.666,0.65841,0.65867,1.00,1.00
2016.01.27 11:53:46.854,0.65842,0.65868,1.00,1.00
2016.01.27 11:53:47.085,0.65843,0.6587,1.00,1.50
2016.01.27 11:53:47.409,0.65842,0.65868,1.00,1.00
2016.01.27 11:53:50.858,0.65841,0.65867,1.00,1.00
2016.01.27 11:53:53.786,0.6584,0.65867,1.50,1.00
2016.01.27 11:53:54.355,0.65843,0.65867,1.00,1.00
2016.01.27 11:53:54.941,0.65843,0.65868,1.00,1.00
2016.01.27 11:53:56.030,0.65844,0.65868,1.00,1.00
2016.01.27 11:53:56.419,0.65842,0.65868,1.00,1.50
2016.01.27 11:53:58.413,0.65842,0.65866,1.00,1.00
2016.01.27 11:53:59.123,0.65841,0.65866,1.00,1.00
2016.01.27 11:54:01.142,0.65841,0.65865,1.00,1.00
2016.01.27 11:54:01.293,0.65836,0.65861,1.00,1.00
2016.01.27 11:54:01.481,0.65837,0.65863,1.00,1.00
2016.01.27 11:54:02.169,0.65838,0.65863,1.00,1.00
2016.01.27 11:54:02.560,0.65835,0.65862,1.00,1.00
2016.01.27 11:54:02.779,0.65836,0.6586,1.00,1.00
2016.01.27 11:54:04.956,0.65836,0.65861,1.00,1.00
2016.01.27 11:54:05.564,0.65835,0.65862,1.00,1.00
2016.01.27 11:54:06.850,0.65836,0.6586,1.00,1.00
2016.01.27 11:54:06.960,0.65834,0.65861,1.50,1.00
2016.01.27 11:54:07.269,0.65836,0.65861,1.00,1.50
2016.01.27 11:54:08.938,0.65838,0.65861,1.00,1.00
2016.01.27 11:54:09.109,0.65838,0.65863,1.00,1.00
2016.01.27 11:54:09.160,0.65835,0.65862,1.00,1.50
2016.01.27 11:54:09.885,0.65836,0.65862,1.00,1.00
2016.01.27 11:54:10.405,0.65836,0.65861,1.00,1.00
2016.01.27 11:54:11.049,0.65836,0.65862,1.00,1.00
2016.01.27 11:54:11.100,0.6584,0.65862,1.00,1.00
2016.01.27 11:54:11.509,0.65837,0.65862,1.00,1.50
2016.01.27 11:54:11.629,0.6584,0.65862,1.00,1.00
2016.01.27 11:54:13.625,0.65839,0.65862,1.50,1.00
2016.01.27 11:54:13.676,0.65839,0.65864,1.50,1.00
2016.01.27 11:54:13.780,0.65844,0.65865,1.00,1.00
2016.01.27 11:54:13.881,0.65844,0.65867,1.00,1.00
2016.01.27 11:54:13.999,0.65845,0.65869,1.00,1.50
2016.01.27 11:54:14.511,0.65845,0.6587,1.00,1.00
2016.01.27 11:54:14.769,0.65843,0.6587,1.00,1.50
2016.01.27 11:54:15.099,0.65845,0.6587,1.00,1.00
2016.01.27 11:54:15.600,0.65844,0.65869,1.00,1.00
2016.01.27 11:54:15.979,0.65846,0.6587,1.00,1.00
2016.01.27 11:54:16.223,0.65847,0.65872,1.00,1.50
2016.01.27 11:54:16.871,0.65842,0.65869,1.00,1.50
2016.01.27 11:54:17.009,0.65844,0.65869,1.00,1.50
2016.01.27 11:54:17.408,0.65842,0.65868,1.00,1.00
2016.01.27 11:54:17.569,0.65844,0.65869,1.00,1.50
2016.01.27 11:54:19.719,0.65843,0.65868,1.00,1.00
2016.01.27 11:54:21.485,0.6584,0.65867,1.00,1.50
2016.01.27 11:54:22.399,0.6584,0.65866,1.00,1.00
2016.01.27 11:54:22.935,0.65839,0.65865,1.00,1.00
2016.01.27 11:54:24.106,0.65838,0.65865,1.00,1.00
2016.01.27 11:54:24.611,0.65839,0.65865,1.00,1.00
2016.01.27 11:54:25.158,0.65837,0.65864,1.00,1.50
2016.01.27 11:54:25.548,0.65839,0.65864,1.00,1.00
2016.01.27 11:54:26.120,0.65836,0.65863,1.00,1.00
2016.01.27 11:54:26.356,0.65834,0.65861,1.50,1.00
2016.01.27 11:54:27.860,0.65836,0.65861,1.00,1.00
2016.01.27 11:54:28.450,0.65835,0.6586,1.00,1.50
2016.01.27 11:54:28.769,0.6584,0.65864,1.00,1.00
2016.01.27 11:54:29.320,0.65839,0.65864,1.50,1.00
2016.01.27 11:54:30.609,0.6584,0.65864,1.00,1.00
2016.01.27 11:54:31.243,0.65839,0.65864,1.50,1.00
2016.01.27 11:54:35.669,0.65838,0.65862,1.00,1.00
2016.01.27 11:54:35.780,0.65838,0.65864,1.00,1.00
2016.01.27 11:54:36.300,0.65837,0.65864,1.00,1.50
2016.01.27 11:54:36.878,0.65838,0.65864,1.00,1.00
2016.01.27 11:54:36.928,0.6584,0.65864,1.00,1.00
2016.01.27 11:54:37.029,0.65838,0.65864,1.00,1.00
2016.01.27 11:54:38.678,0.65839,0.65864,1.00,1.00
2016.01.27 11:54:38.779,0.65842,0.65868,1.00,1.00
2016.01.27 11:54:38.880,0.65846,0.65873,1.00,1.50
2016.01.27 11:54:39.081,0.65845,0.65871,1.00,1.00
2016.01.27 11:54:39.888,0.65844,0.65871,1.50,1.50
2016.01.27 11:54:40.260,0.65844,0.65869,1.00,1.00
2016.01.27 11:54:40.805,0.65841,0.65867,1.00,1.00
2016.01.27 11:54:40.856,0.65843,0.65868,1.00,1.00
2016.01.27 11:54:41.530,0.65844,0.65868,1.00,1.00
2016.01.27 11:54:41.862,0.65846,0.65871,1.00,1.00
2016.01.27 11:54:42.186,0.65848,0.6587,1.00,1.00
2016.01.27 11:54:42.379,0.65845,0.6587,1.00,1.00
2016.01.27 11:54:42.826,0.65848,0.6587,1.00,1.00
2016.01.27 11:54:42.876,0.65848,0.65873,1.00,1.00
2016.01.27 11:54:43.526,0.65847,0.65872,1.00,1.00
2016.01.27 11:54:44.578,0.65846,0.65871,1.00,1.00
2016.01.27 11:54:45.555,0.65847,0.65872,1.00,1.00
2016.01.27 11:54:46.849,0.65847,0.6587,1.00,1.00
2016.01.27 11:54:46.900,0.65841,0.65868,1.00,1.50
2016.01.27 11:54:46.950,0.65844,0.65868,1.00,1.50
2016.01.27 11:54:47.001,0.65844,0.6587,1.50,1.00
2016.01.27 11:54:47.260,0.65847,0.65871,1.00,1.00
2016.01.27 11:54:48.279,0.65849,0.65871,1.00,1.00
2016.01.27 11:54:49.289,0.65849,0.65873,1.50,1.00
2016.01.27 11:54:50.318,0.65849,0.65874,1.50,1.00
2016.01.27 11:54:50.749,0.65851,0.65876,1.00,1.00
2016.01.27 11:54:51.028,0.65852,0.65878,1.00,1.50
2016.01.27 11:54:51.079,0.65851,0.65875,1.00,1.00
2016.01.27 11:54:51.472,0.65853,0.65877,1.00,1.00
2016.01.27 11:54:51.523,0.65851,0.65877,1.00,1.00
2016.01.27 11:54:53.488,0.65853,0.65878,1.00,1.50
2016.01.27 11:54:53.763,0.65851,0.65878,1.00,1.50
2016.01.27 11:54:55.357,0.65851,0.65876,1.00,1.00
2016.01.27 11:54:55.731,0.65859,0.6588,1.00,1.00
2016.01.27 11:54:55.831,0.6586,0.65883,1.00,1.00
2016.01.27 11:54:55.882,0.65865,0.65886,1.00,1.00
2016.01.27 11:54:56.033,0.65865,0.65888,1.00,1.50
2016.01.27 11:54:56.388,0.65863,0.65888,1.00,1.50
2016.01.27 11:55:00.313,0.65861,0.65888,1.00,1.50
2016.01.27 11:55:00.919,0.65862,0.65888,1.00,1.00
2016.01.27 11:55:01.761,0.65862,0.65887,1.00,1.00
2016.01.27 11:55:03.719,0.65863,0.65888,1.00,1.50
2016.01.27 11:55:04.820,0.65861,0.65888,1.00,1.00
2016.01.27 11:55:06.348,0.6586,0.65887,1.00,1.50
2016.01.27 11:55:06.500,0.6586,0.65885,1.50,1.00
2016.01.27 11:55:09.221,0.6586,0.65886,1.00,1.50
2016.01.27 11:55:09.728,0.65859,0.65886,1.50,1.50
2016.01.27 11:55:10.039,0.6586,0.65884,1.00,1.00
2016.01.27 11:55:11.252,0.65859,0.65884,1.00,1.00
2016.01.27 11:55:11.771,0.6586,0.65884,1.00,1.00
2016.01.27 11:55:11.822,0.65858,0.65884,1.00,1.00
2016.01.27 11:55:12.085,0.65856,0.65883,1.00,1.00
2016.01.27 11:55:12.688,0.65859,0.65882,1.00,1.00
2016.01.27 11:55:12.937,0.65855,0.6588,1.00,1.00
2016.01.27 11:55:13.290,0.65856,0.65882,1.00,1.00
2016.01.27 11:55:16.672,0.65855,0.65882,1.00,1.00
2016.01.27 11:55:17.361,0.65855,0.65879,1.00,1.00
2016.01.27 11:55:17.512,0.65854,0.65881,1.00,1.00
2016.01.27 11:55:19.342,0.65856,0.65883,1.00,1.50
2016.01.27 11:55:20.082,0.6586,0.65885,1.00,1.50
2016.01.27 11:55:20.132,0.65855,0.65882,1.00,1.50
2016.01.27 11:55:23.960,0.65856,0.65882,1.00,1.50
2016.01.27 11:55:24.071,0.65854,0.65881,1.50,1.00
2016.01.27 11:55:24.618,0.65855,0.65881,1.00,1.00
2016.01.27 11:55:25.869,0.65854,0.65881,1.50,1.00
2016.01.27 11:55:26.457,0.65855,0.65881,1.00,1.00
2016.01.27 11:55:28.031,0.65856,0.65882,1.00,1.50
2016.01.27 11:55:28.822,0.65855,0.65881,1.50,1.50
2016.01.27 11:55:32.759,0.65855,0.6588,1.00,1.00
2016.01.27 11:55:33.278,0.65856,0.65881,1.00,1.00
2016.01.27 11:55:34.333,0.65856,0.65882,1.00,1.00
2016.01.27 11:55:35.451,0.65857,0.65881,1.00,1.00
2016.01.27 11:55:39.030,0.65856,0.65882,1.00,1.00
2016.01.27 11:55:40.776,0.65855,0.65882,1.00,1.50
2016.01.27 11:55:41.146,0.65858,0.65884,1.00,1.00
2016.01.27 11:55:41.596,0.65859,0.65886,1.50,1.50
2016.01.27 11:55:42.006,0.65865,0.65886,1.00,1.00
2016.01.27 11:55:42.072,0.65865,0.65891,1.00,1.00
2016.01.27 11:55:44.970,0.65864,0.6589,1.00,1.00
2016.01.27 11:55:45.121,0.65862,0.65889,1.00,1.00
2016.01.27 11:55:45.222,0.65859,0.65885,1.00,1.00
2016.01.27 11:55:45.762,0.6586,0.65884,1.00,1.00
2016.01.27 11:55:46.265,0.6586,0.65885,1.00,1.00
2016.01.27 11:55:46.400,0.65861,0.65888,1.00,1.00
2016.01.27 11:55:46.721,0.65861,0.65886,1.00,1.00
2016.01.27 11:55:47.640,0.6586,0.65885,1.00,1.00
2016.01.27 11:55:47.916,0.65856,0.65882,1.00,1.00
2016.01.27 11:55:48.569,0.65856,0.65883,1.00,1.00
2016.01.27 11:55:49.371,0.65859,0.65884,1.00,1.00
2016.01.27 11:55:49.725,0.65857,0.65883,1.00,1.00
2016.01.27 11:55:50.295,0.65856,0.65883,1.00,1.50
2016.01.27 11:55:50.848,0.65857,0.65882,1.00,1.00
2016.01.27 11:55:51.163,0.65855,0.65882,1.00,1.50
2016.01.27 11:55:51.976,0.65857,0.65882,1.00,1.50
2016.01.27 11:55:52.734,0.65858,0.65883,1.00,1.00
2016.01.27 11:55:53.036,0.65857,0.65881,1.00,1.00
2016.01.27 11:55:53.136,0.65857,0.65884,1.00,1.50
2016.01.27 11:55:53.673,0.65858,0.65884,1.00,1.00
2016.01.27 11:55:54.185,0.65859,0.65884,1.50,1.00
2016.01.27 11:55:54.720,0.65858,0.65885,1.00,1.50
2016.01.27 11:55:55.419,0.65857,0.65885,1.00,1.50
2016.01.27 11:55:56.715,0.6586,0.65885,1.00,1.50
2016.01.27 11:55:56.900,0.65861,0.65888,1.00,1.00
2016.01.27 11:55:57.320,0.65861,0.65886,1.00,1.00
2016.01.27 11:55:59.709,0.6586,0.65887,1.50,1.00
2016.01.27 11:56:00.479,0.65861,0.65887,1.00,1.00
2016.01.27 11:56:00.983,0.6586,0.65886,1.00,1.50
2016.01.27 11:56:01.509,0.65858,0.65885,1.00,1.00
2016.01.27 11:56:03.029,0.65859,0.65886,1.00,1.50
2016.01.27 11:56:03.839,0.6586,0.65886,1.00,1.00
2016.01.27 11:56:05.579,0.65859,0.65886,1.00,1.00
2016.01.27 11:56:06.833,0.6586,0.65886,1.00,1.50
2016.01.27 11:56:07.438,0.65859,0.65886,1.00,1.50
2016.01.27 11:56:07.996,0.65858,0.65884,1.00,1.00
2016.01.27 11:56:08.528,0.65856,0.65883,1.00,1.00
2016.01.27 11:56:08.784,0.65856,0.6588,1.00,1.00
2016.01.27 11:56:08.969,0.65857,0.65883,1.00,1.00
2016.01.27 11:56:09.238,0.65855,0.65882,1.00,1.00
2016.01.27 11:56:09.753,0.65856,0.65883,1.00,1.00
2016.01.27 11:56:10.612,0.65857,0.65884,1.00,1.50
2016.01.27 11:56:11.717,0.65859,0.65884,1.00,1.50
2016.01.27 11:56:13.869,0.65859,0.65882,1.00,1.00
2016.01.27 11:56:13.920,0.65857,0.65882,1.00,1.00
2016.01.27 11:56:14.029,0.65855,0.65881,1.00,1.00
2016.01.27 11:56:14.693,0.65859,0.65885,1.00,1.00
2016.01.27 11:56:15.045,0.6586,0.65887,1.00,1.50
2016.01.27 11:56:15.639,0.6586,0.65886,1.00,1.00
2016.01.27 11:56:17.339,0.65861,0.65885,1.00,1.00
2016.01.27 11:56:19.312,0.6586,0.65886,1.50,1.00
2016.01.27 11:56:22.392,0.6586,0.65885,1.00,1.00
2016.01.27 11:56:22.744,0.65858,0.65884,1.00,1.00
2016.01.27 11:56:23.377,0.65859,0.65885,1.00,1.00
2016.01.27 11:56:23.599,0.65859,0.65883,1.00,1.00
2016.01.27 11:56:24.484,0.6586,0.65885,1.00,1.00
2016.01.27 11:56:24.590,0.6586,0.65887,1.00,1.50
2016.01.27 11:56:25.514,0.65861,0.65887,1.00,1.00
2016.01.27 11:56:25.737,0.65863,0.65887,1.00,1.00
2016.01.27 11:56:25.888,0.65864,0.65889,1.00,1.00
2016.01.27 11:56:25.939,0.65865,0.65891,1.00,1.00
2016.01.27 11:56:26.140,0.65868,0.65894,1.00,1.00
2016.01.27 11:56:26.566,0.65868,0.65889,1.00,1.00
2016.01.27 11:56:26.617,0.65865,0.65889,1.00,1.00
2016.01.27 11:56:28.944,0.65865,0.65891,1.00,1.00
2016.01.27 11:56:29.239,0.65869,0.65894,1.00,1.00
2016.01.27 11:56:29.677,0.65865,0.6589,1.00,1.00
2016.01.27 11:56:29.879,0.65865,0.65892,1.00,1.50
2016.01.27 11:56:30.201,0.65864,0.6589,1.00,1.00
2016.01.27 11:56:30.641,0.65866,0.6589,1.00,1.00
2016.01.27 11:56:31.450,0.65868,0.65891,1.00,1.00
2016.01.27 11:56:31.988,0.65868,0.65892,1.00,1.00
2016.01.27 11:56:32.728,0.65867,0.65894,1.00,1.50
2016.01.27 11:56:33.327,0.65868,0.65893,1.00,1.00
2016.01.27 11:56:33.875,0.65868,0.65894,1.00,1.00
2016.01.27 11:56:34.269,0.65866,0.65893,1.00,1.00
2016.01.27 11:56:34.378,0.65868,0.65894,1.00,1.00
2016.01.27 11:56:34.925,0.65867,0.65893,1.00,1.00
2016.01.27 11:56:35.437,0.65867,0.65894,1.00,1.50
2016.01.27 11:56:35.817,0.65869,0.65894,1.00,1.00
2016.01.27 11:56:36.242,0.65871,0.65894,1.00,1.00
2016.01.27 11:56:36.292,0.65869,0.65894,1.00,1.00
2016.01.27 11:56:36.731,0.65867,0.65894,1.00,1.50
2016.01.27 11:56:37.046,0.65869,0.65894,1.00,1.50
2016.01.27 11:56:37.361,0.65869,0.65896,1.00,1.50
2016.01.27 11:56:37.569,0.65874,0.65896,1.00,1.00
2016.01.27 11:56:37.619,0.65874,0.65898,1.00,1.00
2016.01.27 11:56:37.950,0.65874,0.659,1.00,1.50
2016.01.27 11:56:38.253,0.65872,0.65898,1.00,1.00
2016.01.27 11:56:39.218,0.65872,0.65899,1.00,1.50
2016.01.27 11:56:39.815,0.65874,0.65899,1.00,1.00
2016.01.27 11:56:42.033,0.65872,0.65899,1.00,1.50
2016.01.27 11:56:42.637,0.6587,0.65897,1.00,1.00
2016.01.27 11:56:43.330,0.65871,0.65897,1.00,1.00
2016.01.27 11:56:43.660,0.65869,0.65896,1.50,1.00
2016.01.27 11:56:43.729,0.65871,0.65897,1.00,1.50
2016.01.27 11:56:44.341,0.6587,0.65896,1.00,1.00
2016.01.27 11:56:44.943,0.65871,0.65897,1.00,1.50
2016.01.27 11:56:45.467,0.6587,0.65895,1.00,1.00
2016.01.27 11:56:45.769,0.65868,0.65892,1.00,1.00
2016.01.27 11:56:47.248,0.65866,0.65892,1.00,1.00
2016.01.27 11:56:48.292,0.65866,0.65891,1.00,1.00
2016.01.27 11:56:48.573,0.65864,0.6589,1.00,1.00
2016.01.27 11:56:48.692,0.65862,0.65889,1.00,1.00
2016.01.27 11:56:48.970,0.65864,0.65889,1.00,1.00
2016.01.27 11:56:49.622,0.65863,0.65889,1.00,1.50
2016.01.27 11:56:50.108,0.65865,0.65889,1.00,1.00
2016.01.27 11:56:56.284,0.65866,0.65889,1.00,1.00
2016.01.27 11:56:59.331,0.65865,0.65889,1.00,1.00
2016.01.27 11:57:07.267,0.65866,0.65889,1.00,1.00
2016.01.27 11:57:13.539,0.65867,0.65889,1.00,1.00
2016.01.27 11:57:17.183,0.65867,0.65891,1.00,1.50
2016.01.27 11:57:17.374,0.65867,0.65893,1.00,1.00
2016.01.27 11:57:17.424,0.65869,0.65895,1.50,1.00
2016.01.27 11:57:17.968,0.6587,0.65896,1.00,1.00
2016.01.27 11:57:18.653,0.65875,0.65901,1.00,1.50
2016.01.27 11:57:18.991,0.65875,0.65899,1.00,1.50
2016.01.27 11:57:20.541,0.65875,0.65897,1.00,1.00
2016.01.27 11:57:21.048,0.65873,0.65897,1.00,1.00
2016.01.27 11:57:21.409,0.65871,0.65897,1.00,1.50
2016.01.27 11:57:22.851,0.65872,0.65897,1.00,1.50
2016.01.27 11:57:23.438,0.65871,0.65897,1.00,1.00
2016.01.27 11:57:24.662,0.65872,0.65897,1.00,1.00
2016.01.27 11:57:25.417,0.65871,0.65897,1.00,1.00
2016.01.27 11:57:25.988,0.65872,0.65897,1.00,1.50
2016.01.27 11:57:31.909,0.65871,0.65897,1.00,1.50
2016.01.27 11:57:38.287,0.65872,0.65896,1.00,1.00
2016.01.27 11:57:38.841,0.65871,0.65897,1.00,1.50
2016.01.27 11:57:41.635,0.65872,0.65896,1.00,1.00
2016.01.27 11:57:42.246,0.65871,0.65897,1.00,1.00
2016.01.27 11:57:43.127,0.65872,0.65897,1.00,1.50
2016.01.27 11:57:43.347,0.6587,0.65896,1.00,1.00
2016.01.27 11:57:43.936,0.65871,0.65897,1.00,1.00
2016.01.27 11:57:45.437,0.65872,0.65897,1.00,1.00
2016.01.27 11:57:45.538,0.65872,0.65899,1.00,1.00
2016.01.27 11:57:45.786,0.65876,0.65901,1.00,1.00
2016.01.27 11:57:47.747,0.65874,0.65901,1.00,1.50
2016.01.27 11:57:47.871,0.65874,0.65899,1.00,1.00
2016.01.27 11:57:49.212,0.65875,0.65899,1.00,1.50
2016.01.27 11:57:49.313,0.65873,0.65899,1.00,1.50
2016.01.27 11:57:49.837,0.65874,0.65898,1.00,1.00
2016.01.27 11:57:50.347,0.65873,0.65897,1.00,1.00
2016.01.27 11:57:50.995,0.65874,0.65898,1.00,1.00
2016.01.27 11:57:51.597,0.65873,0.65899,1.00,1.50
2016.01.27 11:57:54.400,0.65874,0.65898,1.00,1.00
2016.01.27 11:58:00.398,0.65873,0.65899,1.00,1.50
2016.01.27 11:58:00.758,0.65873,0.65897,1.00,1.00
2016.01.27 11:58:01.057,0.65871,0.65897,1.00,1.00
2016.01.27 11:58:01.283,0.6587,0.65894,1.00,1.00
2016.01.27 11:58:01.541,0.65871,0.65897,1.00,1.00
2016.01.27 11:58:02.053,0.65873,0.65897,1.00,1.00
2016.01.27 11:58:02.617,0.65873,0.65896,1.00,1.00
2016.01.27 11:58:03.142,0.65872,0.65896,1.00,1.50
2016.01.27 11:58:04.063,0.65872,0.65894,1.00,1.00
2016.01.27 11:58:06.191,0.65871,0.65894,1.00,1.00
2016.01.27 11:58:06.777,0.65873,0.65894,1.00,1.00
2016.01.27 11:58:08.867,0.65871,0.65894,1.00,1.00
2016.01.27 11:58:09.416,0.65872,0.65894,1.00,1.00
2016.01.27 11:58:11.287,0.65871,0.65894,1.00,1.00
2016.01.27 11:58:13.268,0.6587,0.65894,1.00,1.00
2016.01.27 11:58:13.707,0.65872,0.65894,1.00,1.00
2016.01.27 11:58:15.064,0.65871,0.65894,1.00,1.00
2016.01.27 11:58:15.567,0.65872,0.65894,1.00,1.00
2016.01.27 11:58:16.183,0.65873,0.65894,1.00,1.00
2016.01.27 11:58:16.233,0.65871,0.65894,1.00,1.00
2016.01.27 11:58:17.007,0.65873,0.65894,1.00,1.00
2016.01.27 11:58:18.546,0.65872,0.65894,1.00,1.00
2016.01.27 11:58:19.096,0.65873,0.65894,1.00,1.00
2016.01.27 11:58:19.998,0.65874,0.65894,1.00,1.00
2016.01.27 11:58:20.237,0.65872,0.65894,1.00,1.00
2016.01.27 11:58:23.874,0.65873,0.65894,1.00,1.00
2016.01.27 11:58:24.707,0.65871,0.65894,1.00,1.00
2016.01.27 11:58:25.341,0.65871,0.65895,1.00,1.00
2016.01.27 11:58:25.909,0.65872,0.65895,1.00,1.00
2016.01.27 11:58:29.314,0.65871,0.65895,1.00,1.50
2016.01.27 11:58:31.537,0.6587,0.65895,1.00,1.00
2016.01.27 11:58:33.291,0.65871,0.65895,1.00,1.00
2016.01.27 11:58:35.304,0.6587,0.65894,1.00,1.00
2016.01.27 11:58:35.405,0.65872,0.65895,1.00,1.00
2016.01.27 11:58:38.816,0.65872,0.65896,1.00,1.00
2016.01.27 11:58:39.433,0.65872,0.65897,1.00,1.00
2016.01.27 11:58:39.997,0.65873,0.65897,1.00,1.50
2016.01.27 11:58:40.507,0.65873,0.65896,1.00,1.00
2016.01.27 11:58:40.766,0.65871,0.65896,1.00,1.00
2016.01.27 11:58:42.196,0.65872,0.65896,1.00,1.00
2016.01.27 11:58:44.510,0.65871,0.65896,1.00,1.00
2016.01.27 11:58:54.866,0.6587,0.65896,1.00,1.50
2016.01.27 11:58:55.017,0.65868,0.65895,1.00,1.50
2016.01.27 11:58:56.746,0.6587,0.65895,1.00,1.00
2016.01.27 11:58:57.602,0.65871,0.65895,1.00,1.00
2016.01.27 11:58:59.296,0.6587,0.65895,1.00,1.00
2016.01.27 11:58:59.799,0.65871,0.65895,1.00,1.00
2016.01.27 11:59:03.126,0.6587,0.65895,1.00,1.00
2016.01.27 11:59:03.954,0.65869,0.65895,1.00,1.00
2016.01.27 11:59:05.704,0.65871,0.65895,1.00,1.50
2016.01.27 11:59:05.987,0.65869,0.65895,1.00,1.00
2016.01.27 11:59:06.646,0.65871,0.65895,1.00,1.50
2016.01.27 11:59:07.856,0.65871,0.65896,1.00,1.00
2016.01.27 11:59:08.556,0.65871,0.65895,1.00,1.00
2016.01.27 11:59:09.162,0.65871,0.65896,1.00,1.00
2016.01.27 11:59:10.385,0.65869,0.65896,1.00,1.50
2016.01.27 11:59:10.935,0.65872,0.65896,1.00,1.50
2016.01.27 11:59:11.193,0.6587,0.65896,1.00,1.00
2016.01.27 11:59:12.366,0.65871,0.65896,1.00,1.00
2016.01.27 11:59:12.936,0.6587,0.65896,1.00,1.50
2016.01.27 11:59:15.006,0.65871,0.65896,1.00,1.00
2016.01.27 11:59:16.767,0.65872,0.65896,1.00,1.00
2016.01.27 11:59:23.384,0.65874,0.65896,1.00,1.00
2016.01.27 11:59:23.435,0.65874,0.659,1.00,1.00
2016.01.27 11:59:23.485,0.65873,0.65898,1.00,1.00
2016.01.27 11:59:23.863,0.65875,0.659,1.00,1.00
2016.01.27 11:59:24.096,0.65873,0.659,1.00,1.50
2016.01.27 11:59:24.468,0.65876,0.659,1.00,1.00
2016.01.27 11:59:24.618,0.65877,0.65902,1.00,1.00
2016.01.27 11:59:25.346,0.65878,0.65902,1.00,1.00
2016.01.27 11:59:25.897,0.65876,0.65903,1.00,1.00
2016.01.27 11:59:26.996,0.65875,0.65902,1.50,1.00
2016.01.27 11:59:27.109,0.65877,0.65904,1.00,1.50
2016.01.27 11:59:27.955,0.65878,0.65904,1.00,1.00
2016.01.27 11:59:28.535,0.65876,0.65903,1.00,1.00
2016.01.27 11:59:29.500,0.65877,0.65904,1.00,1.50
2016.01.27 11:59:30.206,0.65878,0.65905,1.00,1.50
2016.01.27 11:59:30.409,0.65882,0.65906,1.00,1.00
2016.01.27 11:59:30.800,0.6588,0.65906,1.00,1.00
2016.01.27 11:59:31.340,0.6588,0.65907,1.00,1.00
2016.01.27 11:59:32.326,0.6588,0.65906,1.00,1.00
2016.01.27 11:59:32.854,0.65881,0.65906,1.00,1.50
2016.01.27 11:59:34.146,0.65878,0.65905,1.00,1.00
2016.01.27 11:59:34.665,0.65879,0.65904,1.00,1.00
2016.01.27 11:59:35.286,0.65878,0.65903,1.00,1.00
2016.01.27 11:59:36.717,0.65879,0.65905,1.00,1.00
2016.01.27 11:59:37.518,0.65879,0.65904,1.00,1.00
2016.01.27 11:59:38.884,0.65881,0.65906,1.00,1.50
2016.01.27 11:59:39.329,0.65879,0.65904,1.00,1.00
2016.01.27 11:59:39.536,0.65879,0.65906,1.00,1.50
2016.01.27 11:59:40.153,0.65878,0.65905,1.00,1.00
2016.01.27 11:59:41.380,0.65877,0.65904,1.00,1.00
2016.01.27 11:59:43.056,0.65876,0.65903,1.00,1.00
2016.01.27 11:59:50.805,0.65877,0.65903,1.00,1.00
2016.01.27 11:59:51.013,0.65877,0.65901,1.00,1.00
2016.01.27 11:59:51.635,0.65877,0.65903,1.00,1.50
2016.01.27 11:59:51.965,0.65878,0.65905,1.00,1.50
2016.01.27 11:59:52.735,0.65878,0.65903,1.00,1.00
2016.01.27 11:59:53.285,0.65876,0.65903,1.00,1.00
2016.01.27 11:59:53.865,0.65876,0.65902,1.00,1.00
2016.01.27 11:59:55.925,0.65877,0.65902,1.00,1.00
2016.01.27 11:59:57.833,0.65877,0.65904,1.00,1.50
2016.01.27 11:59:59.153,0.65877,0.65903,1.00,1.00
2016.01.27 11:59:59.391,0.65879,0.65903,1.00,1.00
2016.01.27 11:59:59.606,0.65869,0.65906,1.00,1.50
2016.01.27 11:59:59.996,0.65874,0.65906,1.00,1.00
