2015.01.04 22:00:03.708,0.77264,0.77401,0.75,0.75
2015.01.04 22:00:04.242,0.77265,0.774,0.75,0.75
2015.01.04 22:00:06.691,0.7738,0.7746,0.75,0.75
2015.01.04 22:00:07.628,0.77249,0.77371,0.75,0.75
2015.01.04 22:00:08.280,0.77244,0.77376,0.75,0.75
2015.01.04 22:00:08.531,0.77245,0.7735,0.75,0.75
2015.01.04 22:00:08.631,0.77244,0.77376,0.75,0.75
2015.01.04 22:00:10.250,0.7724,0.7738,0.75,0.75
2015.01.04 22:00:10.936,0.77235,0.77375,0.75,0.75
2015.01.04 22:00:13.678,0.77219,0.77346,0.75,0.75
2015.01.04 22:00:14.249,0.77214,0.77351,0.75,0.75
2015.01.04 22:00:14.667,0.77215,0.7735,0.75,0.75
2015.01.04 22:00:14.931,0.77249,0.77386,0.75,0.75
2015.01.04 22:00:15.031,0.77215,0.7735,0.75,0.75
2015.01.04 22:00:15.877,0.7724,0.77365,0.75,0.75
2015.01.04 22:00:16.272,0.77235,0.7737,0.75,0.75
2015.01.04 22:00:16.762,0.77235,0.7737,0.75,0.75
2015.01.04 22:00:17.198,0.77229,0.77366,0.75,0.75
2015.01.04 22:00:18.470,0.77239,0.77356,0.75,0.75
2015.01.04 22:00:18.776,0.77244,0.77351,0.75,0.75
2015.01.04 22:00:19.179,0.77249,0.77356,0.75,0.75
2015.01.04 22:00:20.169,0.7725,0.77355,0.75,0.75
2015.01.04 22:00:20.716,0.77249,0.77356,0.75,0.75
2015.01.04 22:00:21.158,0.77245,0.7735,0.75,0.75
2015.01.04 22:00:22.583,0.77245,0.7732,0.75,0.75
2015.01.04 22:00:22.634,0.77239,0.77321,0.75,0.75
2015.01.04 22:00:23.686,0.77299,0.77371,0.75,0.75
2015.01.04 22:00:24.018,0.77294,0.77366,0.75,0.75
2015.01.04 22:00:24.345,0.7731,0.77375,0.75,0.75
2015.01.04 22:00:24.666,0.77304,0.77381,0.75,0.75
2015.01.04 22:00:24.787,0.77304,0.77381,0.75,0.75
2015.01.04 22:00:25.336,0.77305,0.7738,0.75,0.75
2015.01.04 22:00:25.668,0.77259,0.77366,0.75,0.75
2015.01.04 22:00:25.755,0.77254,0.77371,0.75,0.75
2015.01.04 22:00:25.997,0.77249,0.77366,0.75,0.75
2015.01.04 22:00:26.106,0.77254,0.77371,0.75,0.75
2015.01.04 22:00:26.476,0.77249,0.77346,0.75,0.75
2015.01.04 22:00:27.117,0.7725,0.77345,0.75,0.75
2015.01.04 22:00:27.428,0.77254,0.77371,0.75,0.75
2015.01.04 22:00:27.538,0.77284,0.77376,0.75,0.75
2015.01.04 22:00:27.976,0.77284,0.77366,0.75,0.75
2015.01.04 22:00:28.418,0.77284,0.77376,0.75,0.75
2015.01.04 22:00:28.745,0.77279,0.77371,0.75,0.75
2015.01.04 22:00:29.078,0.77284,0.77376,0.75,0.75
2015.01.04 22:00:29.597,0.7728,0.7737,0.75,0.75
2015.01.04 22:00:30.177,0.77285,0.77375,0.75,0.75
2015.01.04 22:00:30.237,0.77249,0.77356,0.75,0.75
2015.01.04 22:00:30.727,0.77254,0.77361,0.75,0.75
2015.01.04 22:00:31.416,0.77259,0.77376,0.75,0.75
2015.01.04 22:00:31.827,0.77254,0.77356,0.75,0.75
2015.01.04 22:00:32.408,0.77255,0.77355,0.75,0.75
2015.01.04 22:00:32.751,0.7728,0.77345,0.75,0.75
2015.01.04 22:00:33.477,0.77285,0.7734,0.75,0.75
2015.01.04 22:00:33.588,0.77279,0.77341,0.75,0.75
2015.01.04 22:00:37.369,0.77289,0.77346,0.75,0.75
2015.01.04 22:00:37.469,0.77294,0.77366,0.75,0.75
2015.01.04 22:00:40.076,0.77299,0.77371,0.75,0.75
2015.01.04 22:00:41.023,0.773,0.7737,0.75,0.75
2015.01.04 22:00:41.686,0.77295,0.7735,0.75,0.75
2015.01.04 22:00:41.737,0.77294,0.77366,0.75,0.75
2015.01.04 22:00:42.386,0.77295,0.77365,0.75,0.75
2015.01.04 22:00:44.045,0.77294,0.77366,0.75,0.75
2015.01.04 22:00:45.256,0.77295,0.77365,0.75,0.75
2015.01.04 22:00:46.565,0.773,0.77365,0.75,0.75
2015.01.04 22:00:47.226,0.77299,0.77366,0.75,0.75
2015.01.04 22:00:47.445,0.77284,0.77361,0.75,0.75
2015.01.04 22:00:47.683,0.77289,0.77366,0.75,0.75
2015.01.04 22:00:48.765,0.77284,0.77361,0.75,0.75
2015.01.04 22:00:49.145,0.7729,0.77365,0.75,0.75
2015.01.04 22:00:50.198,0.77284,0.77361,0.75,0.75
2015.01.04 22:00:50.308,0.77289,0.77366,0.75,0.75
2015.01.04 22:00:50.416,0.77289,0.77371,0.75,0.75
2015.01.04 22:00:51.847,0.77284,0.77366,0.75,0.75
2015.01.04 22:00:52.755,0.77289,0.77371,0.75,0.75
2015.01.04 22:00:53.388,0.7729,0.7737,0.75,0.75
2015.01.04 22:00:55.037,0.77289,0.77366,0.75,0.75
2015.01.04 22:00:55.146,0.77289,0.77371,0.75,0.75
2015.01.04 22:00:56.137,0.7729,0.7737,0.75,0.75
2015.01.04 22:00:57.128,0.77289,0.77371,0.75,0.75
2015.01.04 22:00:57.898,0.77319,0.77381,0.75,0.75
2015.01.04 22:00:59.439,0.77294,0.77376,0.75,0.75
2015.01.04 22:00:59.547,0.77289,0.77371,0.75,0.75
2015.01.04 22:01:02.560,0.77285,0.77375,0.75,0.75
2015.01.04 22:01:02.887,0.7727,0.77355,0.75,0.75
2015.01.04 22:01:03.091,0.77255,0.77345,0.75,0.75
2015.01.04 22:01:03.292,0.77264,0.77351,0.75,0.75
2015.01.04 22:01:04.294,0.77269,0.77351,0.75,0.75
2015.01.04 22:01:04.609,0.77264,0.77356,0.75,0.75
2015.01.04 22:01:05.241,0.77265,0.77355,0.75,0.75
2015.01.04 22:01:05.296,0.77259,0.77351,0.75,0.75
2015.01.04 22:01:06.037,0.7726,0.7735,0.75,0.75
2015.01.04 22:01:06.189,0.77274,0.77356,0.75,0.75
2015.01.04 22:01:06.637,0.7727,0.7736,0.75,0.75
2015.01.04 22:01:06.850,0.77264,0.77361,0.75,0.75
2015.01.04 22:01:07.136,0.77264,0.77356,0.75,0.75
2015.01.04 22:01:08.207,0.77285,0.77385,0.75,0.75
2015.01.04 22:01:08.617,0.77279,0.77391,0.75,0.75
2015.01.04 22:01:08.676,0.77284,0.77391,0.75,0.75
2015.01.04 22:01:09.029,0.77305,0.7741,0.75,0.75
2015.01.04 22:01:09.130,0.77325,0.77435,0.75,0.75
2015.01.04 22:01:09.381,0.77339,0.77456,0.75,0.75
2015.01.04 22:01:09.658,0.77345,0.7746,0.75,0.75
2015.01.04 22:01:10.016,0.7735,0.77465,0.75,1.50
2015.01.04 22:01:10.287,0.77344,0.7746,0.75,0.75
2015.01.04 22:01:10.412,0.77344,0.77454,0.75,0.75
2015.01.04 22:01:10.837,0.77354,0.7745,0.75,0.75
2015.01.04 22:01:11.167,0.77365,0.7745,0.75,1.50
2015.01.04 22:01:11.496,0.77364,0.77441,0.75,0.75
2015.01.04 22:01:11.808,0.7736,0.77445,0.75,0.75
2015.01.04 22:01:11.859,0.77325,0.7745,0.75,0.75
2015.01.04 22:01:11.936,0.7736,0.77445,0.75,0.75
2015.01.04 22:01:12.266,0.77354,0.77441,0.75,0.75
2015.01.04 22:01:12.889,0.77349,0.77446,0.75,0.75
2015.01.04 22:01:12.940,0.77325,0.7745,0.75,0.75
2015.01.04 22:01:13.036,0.7735,0.77445,0.75,0.75
2015.01.04 22:01:13.146,0.77354,0.7745,0.75,0.75
2015.01.04 22:01:13.373,0.77339,0.77441,0.75,0.75
2015.01.04 22:01:14.496,0.7734,0.7744,0.75,0.75
2015.01.04 22:01:14.597,0.7733,0.77425,0.75,0.75
2015.01.04 22:01:14.907,0.7733,0.77415,0.75,0.75
2015.01.04 22:01:15.323,0.77339,0.77416,0.75,0.75
2015.01.04 22:01:15.933,0.77345,0.7742,0.75,0.75
2015.01.04 22:01:16.277,0.7734,0.77415,0.75,0.75
2015.01.04 22:01:16.584,0.77354,0.77436,0.75,0.75
2015.01.04 22:01:17.550,0.77349,0.77441,0.75,0.75
2015.01.04 22:01:17.886,0.7735,0.7744,0.75,0.75
2015.01.04 22:01:18.097,0.77349,0.77436,0.75,0.75
2015.01.04 22:01:19.857,0.77355,0.7743,0.75,0.75
2015.01.04 22:01:20.846,0.77354,0.77431,0.75,0.75
2015.01.04 22:01:21.385,0.77359,0.77431,0.75,0.75
2015.01.04 22:01:22.336,0.7736,0.7743,0.75,0.75
2015.01.04 22:01:22.649,0.77354,0.77436,0.75,0.75
2015.01.04 22:01:23.156,0.77354,0.77436,0.75,0.75
2015.01.04 22:01:24.129,0.77349,0.77441,0.75,0.75
2015.01.04 22:01:24.374,0.77344,0.77436,0.75,0.75
2015.01.04 22:01:25.246,0.77349,0.77441,0.75,0.75
2015.01.04 22:01:25.636,0.77359,0.77446,0.75,0.75
2015.01.04 22:01:26.604,0.77364,0.77441,0.75,0.75
2015.01.04 22:01:26.655,0.7736,0.77445,0.75,0.75
2015.01.04 22:01:26.823,0.77359,0.77446,0.75,0.75
2015.01.04 22:01:26.896,0.77354,0.77446,0.75,0.75
2015.01.04 22:01:27.491,0.77364,0.77471,0.75,0.75
2015.01.04 22:01:27.666,0.7737,0.77475,0.75,0.75
2015.01.04 22:01:27.855,0.77365,0.7748,0.75,0.75
2015.01.04 22:01:28.216,0.77364,0.77481,0.75,0.75
2015.01.04 22:01:28.546,0.7736,0.77475,0.75,0.75
2015.01.04 22:01:28.809,0.77354,0.77481,0.75,0.75
2015.01.04 22:01:29.144,0.77355,0.7749,0.75,0.75
2015.01.04 22:01:29.329,0.77354,0.77491,0.75,0.75
2015.01.04 22:01:29.426,0.77349,0.77486,0.75,0.75
2015.01.04 22:01:30.334,0.77355,0.77485,0.75,0.75
2015.01.04 22:01:30.536,0.77354,0.77491,0.75,0.75
2015.01.04 22:01:30.965,0.77344,0.77466,0.75,0.75
2015.01.04 22:01:31.513,0.77349,0.77461,0.75,0.75
2015.01.04 22:01:31.949,0.7737,0.7748,0.75,0.75
2015.01.04 22:01:32.269,0.77374,0.77461,0.75,0.75
2015.01.04 22:01:32.405,0.77379,0.77491,0.75,0.75
2015.01.04 22:01:32.769,0.7741,0.775,0.75,0.75
2015.01.04 22:01:33.497,0.77414,0.77506,0.75,0.75
2015.01.04 22:01:33.717,0.77414,0.77516,0.75,0.75
2015.01.04 22:01:33.826,0.77419,0.77511,0.75,0.75
2015.01.04 22:01:34.599,0.77415,0.77515,0.75,0.75
2015.01.04 22:01:35.588,0.77425,0.7752,0.75,0.75
2015.01.04 22:01:35.738,0.77404,0.77526,0.75,0.75
2015.01.04 22:01:35.839,0.7741,0.77525,0.75,0.75
2015.01.04 22:01:36.162,0.77394,0.77506,0.75,0.75
2015.01.04 22:01:36.498,0.77405,0.7751,0.75,0.75
2015.01.04 22:01:36.624,0.77405,0.7754,0.75,0.75
2015.01.04 22:01:37.895,0.77415,0.77555,0.75,0.75
2015.01.04 22:01:38.117,0.7743,0.77565,0.75,0.75
2015.01.04 22:01:40.679,0.77464,0.77591,0.75,0.75
2015.01.04 22:01:41.085,0.77489,0.77586,0.75,0.75
2015.01.04 22:01:41.399,0.77494,0.77571,0.75,0.75
2015.01.04 22:01:41.966,0.77499,0.77576,0.75,0.75
2015.01.04 22:01:42.742,0.77434,0.77541,0.75,0.75
2015.01.04 22:01:43.066,0.77429,0.77561,0.75,0.75
2015.01.04 22:01:43.217,0.77435,0.7757,0.75,0.75
2015.01.04 22:01:44.165,0.7744,0.77565,0.75,0.75
2015.01.04 22:01:44.324,0.77434,0.77566,0.75,0.75
2015.01.04 22:01:47.584,0.77444,0.77581,0.75,0.75
2015.01.04 22:01:47.938,0.77449,0.77576,0.75,0.75
2015.01.04 22:01:48.676,0.7745,0.77575,0.75,0.75
2015.01.04 22:01:49.127,0.77444,0.77581,0.75,0.75
2015.01.04 22:01:49.556,0.7744,0.77575,0.75,0.75
2015.01.04 22:01:50.354,0.77439,0.77576,0.75,0.75
2015.01.04 22:01:51.204,0.77444,0.77571,0.75,0.75
2015.01.04 22:01:54.358,0.77444,0.77566,0.75,0.75
2015.01.04 22:01:54.725,0.77435,0.77525,0.75,0.75
2015.01.04 22:01:55.276,0.7743,0.7752,0.75,0.75
2015.01.04 22:01:56.456,0.77429,0.77521,0.75,0.75
2015.01.04 22:01:56.706,0.7744,0.77565,0.75,0.75
2015.01.04 22:01:56.816,0.77444,0.77566,0.75,0.75
2015.01.04 22:01:57.404,0.77439,0.77546,0.75,0.75
2015.01.04 22:01:59.126,0.7744,0.77545,0.75,0.75
2015.01.04 22:01:59.534,0.77464,0.77556,0.75,0.75
2015.01.04 22:01:59.807,0.77469,0.77571,0.75,0.75
2015.01.04 22:02:00.337,0.7747,0.7757,0.75,0.75
2015.01.04 22:02:00.445,0.77464,0.77566,0.75,0.75
2015.01.04 22:02:01.901,0.77469,0.77571,0.75,0.75
2015.01.04 22:02:02.864,0.7747,0.7757,0.75,0.75
2015.01.04 22:02:03.196,0.77474,0.77576,0.75,0.75
2015.01.04 22:02:03.637,0.77469,0.77576,0.75,0.75
2015.01.04 22:02:03.746,0.77475,0.7758,0.75,0.75
2015.01.04 22:02:04.394,0.77474,0.77581,0.75,0.75
2015.01.04 22:02:04.697,0.77465,0.7757,0.75,0.75
2015.01.04 22:02:05.014,0.77475,0.77575,0.75,0.75
2015.01.04 22:02:05.067,0.7747,0.77575,0.75,0.75
2015.01.04 22:02:06.205,0.77479,0.77576,0.75,0.75
2015.01.04 22:02:08.492,0.77484,0.77576,0.75,0.75
2015.01.04 22:02:08.697,0.77479,0.77576,0.75,0.75
2015.01.04 22:02:08.806,0.77484,0.77581,0.75,0.75
2015.01.04 22:02:09.137,0.7748,0.77575,0.75,0.75
2015.01.04 22:02:09.246,0.77474,0.77571,0.75,0.75
2015.01.04 22:02:09.603,0.77479,0.77576,0.75,0.75
2015.01.04 22:02:10.041,0.77485,0.7758,0.75,0.75
2015.01.04 22:02:10.236,0.77479,0.77576,0.75,0.75
2015.01.04 22:02:10.927,0.77515,0.776,0.75,0.75
2015.01.04 22:02:11.129,0.77509,0.77601,0.75,0.75
2015.01.04 22:02:11.932,0.77514,0.77626,0.75,0.75
2015.01.04 22:02:12.107,0.77519,0.77626,0.75,0.75
2015.01.04 22:02:12.987,0.77524,0.77631,0.75,0.75
2015.01.04 22:02:13.551,0.77525,0.7763,0.75,0.75
2015.01.04 22:02:14.174,0.77524,0.77631,0.75,0.75
2015.01.04 22:02:14.525,0.77519,0.77626,0.75,0.75
2015.01.04 22:02:15.305,0.77519,0.77621,0.75,0.75
2015.01.04 22:02:16.836,0.7752,0.77625,0.75,0.75
2015.01.04 22:02:18.266,0.77519,0.77631,0.75,0.75
2015.01.04 22:02:18.957,0.77534,0.77621,0.75,0.75
2015.01.04 22:02:19.169,0.77514,0.77631,0.75,0.75
2015.01.04 22:02:19.623,0.77515,0.7764,0.75,0.75
2015.01.04 22:02:25.745,0.77485,0.77615,0.75,0.75
2015.01.04 22:02:25.856,0.77479,0.77611,0.75,0.75
2015.01.04 22:02:27.096,0.77484,0.77616,0.75,0.75
2015.01.04 22:02:27.465,0.77479,0.77611,0.75,0.75
2015.01.04 22:02:30.590,0.77504,0.77606,0.75,0.75
2015.01.04 22:02:30.706,0.7748,0.77615,0.75,0.75
2015.01.04 22:02:30.813,0.77484,0.77621,0.75,0.75
2015.01.04 22:02:31.713,0.77499,0.77606,0.75,0.75
2015.01.04 22:02:31.916,0.77479,0.77591,0.75,0.75
2015.01.04 22:02:32.015,0.77484,0.77596,0.75,0.75
2015.01.04 22:02:32.344,0.77479,0.77591,0.75,0.75
2015.01.04 22:02:32.688,0.77484,0.77596,0.75,0.75
2015.01.04 22:02:33.478,0.77559,0.77681,0.75,0.75
2015.01.04 22:02:33.707,0.77549,0.77671,0.75,0.75
2015.01.04 22:02:33.917,0.77544,0.77676,0.75,0.75
2015.01.04 22:02:34.034,0.77534,0.77666,0.75,0.75
2015.01.04 22:02:34.545,0.77565,0.77665,0.75,0.75
2015.01.04 22:02:34.808,0.77564,0.77671,0.75,0.75
2015.01.04 22:02:34.986,0.77555,0.7769,0.75,0.75
2015.01.04 22:02:36.558,0.77545,0.7768,0.75,0.75
2015.01.04 22:02:45.765,0.77664,0.77791,0.75,0.75
2015.01.04 22:02:46.764,0.7767,0.77795,0.75,0.75
2015.01.04 22:02:47.195,0.77665,0.7779,0.75,0.75
2015.01.04 22:02:47.415,0.77669,0.77796,0.75,0.75
2015.01.04 22:02:47.554,0.77664,0.77791,0.75,0.75
2015.01.04 22:04:04.284,0.77414,0.77692,0.75,0.75
2015.01.04 22:04:04.615,0.77389,0.77741,0.75,0.75
2015.01.04 22:04:06.264,0.77391,0.77743,0.75,0.75
2015.01.04 22:04:06.713,0.77459,0.77671,0.75,0.75
2015.01.04 22:04:07.533,0.77416,0.77693,0.75,0.75
2015.01.04 22:04:08.413,0.77464,0.77676,0.75,1.00
2015.01.04 22:04:10.174,0.77469,0.77621,0.75,0.75
2015.01.04 22:04:10.528,0.77465,0.77615,0.75,0.75
2015.01.04 22:04:11.384,0.7744,0.7761,1.00,0.75
2015.01.04 22:04:11.726,0.77444,0.77601,0.75,0.75
2015.01.04 22:04:12.314,0.7742,0.77585,1.00,0.75
2015.01.04 22:04:12.383,0.77424,0.77586,1.00,0.75
2015.01.04 22:04:13.594,0.77429,0.77586,0.75,0.75
2015.01.04 22:04:14.411,0.77434,0.77591,0.75,0.75
2015.01.04 22:04:14.852,0.77414,0.77586,0.75,0.75
2015.01.04 22:04:15.243,0.77409,0.77581,0.75,0.75
2015.01.04 22:04:15.683,0.77405,0.77575,0.75,0.75
2015.01.04 22:04:15.903,0.77352,0.77651,0.75,0.75
2015.01.04 22:04:15.953,0.7737,0.77669,0.75,0.75
2015.01.04 22:04:16.453,0.77419,0.77621,0.75,0.75
2015.01.04 22:04:16.783,0.7737,0.77669,0.75,0.75
2015.01.04 22:04:17.732,0.77348,0.77721,0.75,0.75
2015.01.04 22:04:19.973,0.774,0.7761,0.75,0.75
2015.01.04 22:04:20.124,0.77326,0.77697,0.75,0.75
2015.01.04 22:04:24.045,0.77384,0.77566,0.75,0.75
2015.01.04 22:04:24.703,0.77389,0.77571,0.75,0.75
2015.01.04 22:04:25.048,0.77385,0.77565,0.75,0.75
2015.01.04 22:04:25.393,0.77379,0.77526,0.75,0.75
2015.01.04 22:04:25.802,0.77371,0.77481,1.50,0.75
2015.01.04 22:04:26.065,0.77369,0.77481,1.00,0.75
2015.01.04 22:04:26.465,0.77366,0.77476,1.50,0.75
2015.01.04 22:04:26.823,0.77366,0.7747,1.50,0.75
2015.01.04 22:04:27.013,0.7738,0.77516,1.50,0.75
2015.01.04 22:04:27.122,0.7738,0.77521,1.50,0.75
2015.01.04 22:04:27.921,0.7738,0.77526,1.50,0.75
2015.01.04 22:04:28.022,0.7738,0.77465,1.50,0.75
2015.01.04 22:04:28.224,0.77374,0.77461,1.00,0.75
2015.01.04 22:04:28.698,0.77379,0.77466,1.00,0.75
2015.01.04 22:04:28.798,0.77369,0.77516,1.00,1.00
2015.01.04 22:04:28.899,0.77363,0.77521,1.50,1.00
2015.01.04 22:04:28.949,0.77385,0.77521,1.50,0.75
2015.01.04 22:04:29.569,0.77386,0.7752,1.50,1.00
2015.01.04 22:04:29.619,0.77376,0.7752,1.50,1.00
2015.01.04 22:04:30.301,0.77376,0.77521,1.50,1.00
2015.01.04 22:04:30.354,0.77376,0.77525,1.50,1.00
2015.01.04 22:04:31.528,0.77379,0.77526,1.00,1.00
2015.01.04 22:04:32.073,0.77389,0.77481,1.00,0.75
2015.01.04 22:04:32.712,0.77384,0.77476,1.00,0.75
2015.01.04 22:04:34.289,0.77371,0.7752,1.50,1.00
2015.01.04 22:04:34.434,0.77371,0.77538,1.50,1.00
2015.01.04 22:04:34.496,0.77371,0.7754,1.50,1.00
2015.01.04 22:04:34.597,0.77374,0.7754,1.50,1.00
2015.01.04 22:04:34.934,0.77379,0.77466,1.00,1.00
2015.01.04 22:04:36.252,0.7738,0.77465,1.00,1.00
2015.01.04 22:04:36.773,0.77379,0.77466,1.00,1.00
2015.01.04 22:04:37.251,0.77329,0.77476,1.00,1.00
2015.01.04 22:04:37.403,0.77329,0.77486,0.75,1.00
2015.01.04 22:04:38.690,0.77344,0.77491,0.75,1.00
2015.01.04 22:04:38.991,0.77324,0.77451,0.75,0.75
2015.01.04 22:04:39.041,0.77345,0.77485,0.75,1.00
2015.01.04 22:04:39.332,0.77349,0.77491,0.75,1.00
2015.01.04 22:04:42.084,0.7735,0.7749,0.75,1.00
2015.01.04 22:04:43.150,0.77349,0.77491,0.75,1.00
2015.01.04 22:04:44.064,0.77334,0.77486,0.75,1.00
2015.01.04 22:04:44.173,0.77339,0.77486,0.75,1.00
2015.01.04 22:04:44.482,0.77334,0.77481,0.75,0.75
2015.01.04 22:04:44.861,0.77339,0.77486,0.75,1.00
2015.01.04 22:04:45.823,0.77334,0.77481,0.75,0.75
2015.01.04 22:04:46.153,0.77339,0.77486,0.75,1.00
2015.01.04 22:04:46.484,0.77349,0.77496,0.75,1.00
2015.01.04 22:04:47.843,0.7735,0.77475,0.75,0.75
2015.01.04 22:04:47.943,0.77334,0.77476,0.75,0.75
2015.01.04 22:04:48.648,0.77335,0.77475,0.75,1.00
2015.01.04 22:04:49.390,0.77334,0.77476,0.75,1.00
2015.01.04 22:04:49.565,0.77349,0.77476,0.75,1.00
2015.01.04 22:04:50.041,0.77339,0.77481,0.75,1.00
2015.01.04 22:04:50.663,0.7735,0.77475,0.75,1.00
2015.01.04 22:04:51.803,0.77349,0.77476,0.75,1.00
2015.01.04 22:04:52.684,0.77334,0.77461,0.75,1.00
2015.01.04 22:04:52.785,0.77325,0.77455,1.00,1.00
2015.01.04 22:04:53.243,0.7733,0.7746,0.75,1.00
2015.01.04 22:04:53.544,0.7731,0.77395,1.00,0.75
2015.01.04 22:04:53.745,0.77284,0.77454,1.00,1.00
2015.01.04 22:04:53.796,0.77284,0.77495,1.00,1.00
2015.01.04 22:04:53.846,0.77289,0.77495,1.50,1.00
2015.01.04 22:04:54.314,0.77292,0.77495,1.50,1.00
2015.01.04 22:04:55.173,0.7731,0.77485,1.00,1.00
2015.01.04 22:04:56.164,0.77309,0.77486,1.00,1.00
2015.01.04 22:04:56.418,0.7731,0.7749,1.00,1.00
2015.01.04 22:04:56.713,0.7731,0.77485,1.00,1.00
2015.01.04 22:04:56.933,0.77309,0.77491,1.00,1.00
2015.01.04 22:04:57.263,0.77309,0.77486,1.00,1.00
2015.01.04 22:04:57.951,0.77315,0.7749,1.00,1.00
2015.01.04 22:04:58.864,0.77314,0.77491,1.00,1.00
2015.01.04 22:04:59.243,0.7731,0.7748,1.00,1.00
2015.01.04 22:04:59.890,0.77309,0.77481,1.00,1.00
2015.01.04 22:04:59.945,0.77304,0.77481,1.00,1.00
2015.01.04 22:05:00.233,0.7731,0.7748,1.00,1.00
2015.01.04 22:05:00.673,0.77304,0.77481,1.00,1.00
2015.01.04 22:05:00.783,0.7731,0.7748,1.00,1.00
2015.01.04 22:05:00.921,0.77309,0.77486,1.00,1.00
2015.01.04 22:05:01.223,0.77314,0.77486,1.00,1.00
2015.01.04 22:05:01.552,0.77324,0.77495,1.00,1.00
2015.01.04 22:05:01.883,0.77344,0.77486,0.75,1.00
2015.01.04 22:05:02.196,0.77314,0.77441,0.75,1.00
2015.01.04 22:05:02.325,0.77309,0.77441,0.75,1.00
2015.01.04 22:05:02.824,0.77314,0.77441,0.75,1.00
2015.01.04 22:05:03.073,0.77309,0.77474,0.75,1.00
2015.01.04 22:05:03.137,0.77309,0.77486,1.00,1.00
2015.01.04 22:05:03.187,0.77314,0.77486,1.00,1.00
2015.01.04 22:05:03.501,0.77365,0.77485,0.75,1.00
2015.01.04 22:05:03.810,0.77369,0.77476,0.75,1.00
2015.01.04 22:05:04.474,0.77369,0.77481,0.75,1.00
2015.01.04 22:05:05.024,0.7737,0.77475,0.75,1.00
2015.01.04 22:05:05.354,0.77374,0.77486,0.75,1.00
2015.01.04 22:05:05.596,0.77374,0.77515,0.75,1.00
2015.01.04 22:05:06.402,0.77354,0.77466,0.75,1.00
2015.01.04 22:05:07.113,0.77355,0.77465,0.75,1.00
2015.01.04 22:05:07.889,0.77349,0.77476,0.75,1.00
2015.01.04 22:05:08.325,0.77344,0.77471,0.75,1.00
2015.01.04 22:05:09.094,0.77349,0.77476,0.75,1.00
2015.01.04 22:05:09.396,0.77359,0.77481,0.75,1.00
2015.01.04 22:05:09.547,0.77359,0.77501,0.75,1.00
2015.01.04 22:05:09.888,0.77415,0.7751,1.00,1.00
2015.01.04 22:05:10.577,0.77424,0.77511,1.00,1.00
2015.01.04 22:05:10.901,0.77409,0.77511,1.00,1.00
2015.01.04 22:05:10.952,0.77404,0.77516,2.25,1.00
2015.01.04 22:05:11.107,0.77398,0.77526,0.75,1.00
2015.01.04 22:05:11.208,0.77339,0.77521,1.00,1.00
2015.01.04 22:05:11.294,0.77334,0.77521,1.00,1.00
2015.01.04 22:05:11.734,0.77317,0.77521,1.00,1.00
2015.01.04 22:05:11.836,0.77469,0.77523,1.00,1.50
2015.01.04 22:05:11.887,0.77477,0.77622,1.00,1.00
2015.01.04 22:05:11.987,0.77477,0.77567,1.00,0.75
2015.01.04 22:05:12.095,0.77257,0.77607,1.50,1.50
2015.01.04 22:05:12.196,0.77252,0.77612,1.00,1.00
2015.01.04 22:05:12.485,0.7728,0.7757,0.75,0.75
2015.01.04 22:05:13.708,0.77267,0.77569,0.75,0.75
2015.01.04 22:05:14.075,0.77295,0.77559,0.75,0.75
2015.01.04 22:05:15.674,0.77287,0.77554,0.75,0.75
2015.01.04 22:05:16.012,0.773,0.77554,0.75,0.75
2015.01.04 22:05:22.388,0.77274,0.77543,1.00,1.00
2015.01.04 22:05:23.267,0.77293,0.77563,0.75,0.75
2015.01.04 22:05:23.418,0.77368,0.77653,0.75,1.43
2015.01.04 22:05:23.518,0.77368,0.77702,0.75,0.75
2015.01.04 22:05:23.619,0.77377,0.77624,0.75,0.75
2015.01.04 22:05:23.719,0.77264,0.77611,0.75,0.75
2015.01.04 22:05:24.478,0.77239,0.77589,1.00,0.75
2015.01.04 22:05:24.951,0.77297,0.77643,0.75,1.50
2015.01.04 22:05:25.152,0.77254,0.77606,0.75,0.75
2015.01.04 22:05:25.253,0.77266,0.77621,0.75,0.75
2015.01.04 22:05:26.482,0.77383,0.77694,0.75,1.84
2015.01.04 22:05:26.564,0.77383,0.77704,0.75,0.75
2015.01.04 22:05:26.614,0.77389,0.77677,0.75,0.75
2015.01.04 22:05:26.931,0.77339,0.77546,0.75,0.75
2015.01.04 22:05:27.134,0.77267,0.77611,0.75,0.75
2015.01.04 22:05:28.667,0.77388,0.77711,0.75,1.00
2015.01.04 22:05:28.767,0.77388,0.77825,0.75,0.75
2015.01.04 22:05:28.918,0.77226,0.77643,0.75,0.75
2015.01.04 22:05:30.615,0.77461,0.77843,0.75,1.55
2015.01.04 22:05:30.917,0.77607,0.77792,1.00,1.00
2015.01.04 22:05:31.235,0.77618,0.77713,1.00,1.19
2015.01.04 22:05:31.573,0.77609,0.77691,0.75,0.75
2015.01.04 22:05:31.673,0.77609,0.77691,1.00,0.75
2015.01.04 22:05:32.062,0.77634,0.77747,1.00,1.00
2015.01.04 22:05:32.287,0.77633,0.77746,1.00,1.00
2015.01.04 22:05:32.395,0.77631,0.77744,1.00,1.00
2015.01.04 22:05:33.190,0.77615,0.77705,1.00,1.03
2015.01.04 22:05:33.577,0.77623,0.77704,1.00,1.16
2015.01.04 22:05:34.400,0.77227,0.77667,1.60,0.75
2015.01.04 22:05:34.501,0.7725,0.77645,1.00,1.00
2015.01.04 22:05:34.943,0.77271,0.77627,1.00,1.00
2015.01.04 22:05:36.359,0.77264,0.77599,1.00,0.75
2015.01.04 22:05:40.984,0.77252,0.77579,0.75,0.75
2015.01.04 22:05:42.433,0.77269,0.77559,1.00,0.75
2015.01.04 22:05:42.911,0.77369,0.77526,0.75,1.00
2015.01.04 22:05:43.112,0.77269,0.77559,1.00,0.75
2015.01.04 22:05:45.376,0.77253,0.77543,1.00,0.75
2015.01.04 22:05:46.239,0.77266,0.77558,0.75,0.75
2015.01.04 22:05:47.062,0.77305,0.77522,0.75,0.75
2015.01.04 22:05:47.365,0.77293,0.77506,0.75,0.75
2015.01.04 22:05:49.794,0.77381,0.77506,1.50,0.75
2015.01.04 22:05:50.105,0.77381,0.77482,1.50,0.75
2015.01.04 22:05:50.461,0.77384,0.77482,1.50,0.75
2015.01.04 22:05:51.629,0.77391,0.77482,1.00,1.00
2015.01.04 22:05:51.780,0.77334,0.77482,1.50,1.00
2015.01.04 22:05:52.787,0.77339,0.77482,1.50,1.00
2015.01.04 22:05:53.992,0.77333,0.77482,1.50,1.00
2015.01.04 22:05:54.434,0.77336,0.77497,1.50,1.00
2015.01.04 22:05:55.001,0.77336,0.77496,1.50,1.00
2015.01.04 22:05:55.523,0.77336,0.77484,1.50,1.00
2015.01.04 22:05:55.623,0.77332,0.77484,1.50,1.00
2015.01.04 22:05:58.182,0.77332,0.77493,1.50,1.00
2015.01.04 22:06:00.117,0.77332,0.77492,1.50,1.00
2015.01.04 22:06:00.243,0.77316,0.77492,1.50,1.00
2015.01.04 22:06:00.352,0.77323,0.77492,1.50,1.00
2015.01.04 22:06:01.991,0.77331,0.77506,1.00,1.00
2015.01.04 22:06:02.142,0.77334,0.77506,1.00,2.25
2015.01.04 22:06:02.467,0.77334,0.77502,1.00,1.50
2015.01.04 22:06:02.550,0.77331,0.77502,1.00,1.50
2015.01.04 22:06:02.644,0.77323,0.77494,1.00,1.00
2015.01.04 22:06:03.811,0.77323,0.7749,1.00,1.50
2015.01.04 22:06:04.013,0.77339,0.77511,1.00,1.00
2015.01.04 22:06:04.114,0.77342,0.77511,1.00,1.50
2015.01.04 22:06:04.214,0.77317,0.77511,1.50,1.50
2015.01.04 22:06:04.315,0.77316,0.77518,1.00,1.00
2015.01.04 22:06:04.567,0.77316,0.77514,1.00,1.50
2015.01.04 22:06:04.844,0.77286,0.77486,1.50,1.00
2015.01.04 22:06:05.237,0.77282,0.77486,1.50,1.00
2015.01.04 22:06:05.287,0.77282,0.77477,1.50,1.00
2015.01.04 22:06:05.813,0.77287,0.77477,1.50,1.00
2015.01.04 22:06:06.714,0.77294,0.77491,1.00,1.00
2015.01.04 22:06:07.612,0.77299,0.77491,1.50,1.00
2015.01.04 22:06:07.915,0.7732,0.77485,1.00,1.00
2015.01.04 22:06:09.575,0.77319,0.77474,1.50,1.00
2015.01.04 22:06:10.031,0.77319,0.77471,1.50,1.00
2015.01.04 22:06:10.802,0.77315,0.77471,2.25,1.00
2015.01.04 22:06:12.122,0.77315,0.7747,2.25,1.00
2015.01.04 22:06:12.371,0.77315,0.77474,2.25,1.00
2015.01.04 22:06:15.971,0.77325,0.77474,1.50,1.00
2015.01.04 22:06:16.467,0.77329,0.7748,1.00,1.00
2015.01.04 22:06:17.298,0.77329,0.77481,1.00,1.00
2015.01.04 22:06:20.681,0.77329,0.77476,1.00,1.00
2015.01.04 22:06:21.473,0.77326,0.77466,1.00,1.00
2015.01.04 22:06:22.561,0.77319,0.77472,1.50,1.00
2015.01.04 22:06:22.612,0.77314,0.77472,1.50,1.00
2015.01.04 22:06:22.662,0.77325,0.77466,1.00,1.00
2015.01.04 22:06:24.721,0.77325,0.77464,1.00,1.00
2015.01.04 22:06:24.871,0.77326,0.77467,1.00,1.00
2015.01.04 22:06:27.254,0.77325,0.77466,1.50,1.00
2015.01.04 22:06:28.305,0.77328,0.77466,1.50,1.00
2015.01.04 22:06:28.624,0.77389,0.77471,0.75,1.00
2015.01.04 22:06:29.681,0.77389,0.77465,0.75,1.00
2015.01.04 22:06:30.272,0.77389,0.77471,0.75,1.50
2015.01.04 22:06:30.666,0.77389,0.77457,0.75,1.00
2015.01.04 22:06:30.817,0.77389,0.77461,0.75,1.00
2015.01.04 22:06:30.868,0.77389,0.77464,0.75,1.00
2015.01.04 22:06:31.435,0.77389,0.7747,0.75,1.00
2015.01.04 22:06:32.667,0.77389,0.7746,0.75,1.00
2015.01.04 22:06:32.718,0.77389,0.77471,0.75,1.00
2015.01.04 22:06:33.151,0.77389,0.77466,0.75,1.00
2015.01.04 22:06:33.291,0.77366,0.77461,1.00,1.00
2015.01.04 22:06:34.404,0.77366,0.77447,1.00,1.00
2015.01.04 22:06:34.671,0.77366,0.77451,1.00,1.00
2015.01.04 22:06:35.490,0.77364,0.77451,1.00,1.00
2015.01.04 22:06:36.412,0.77363,0.77451,1.00,1.50
2015.01.04 22:06:37.010,0.77364,0.77451,1.00,1.00
2015.01.04 22:06:37.155,0.77364,0.77458,1.00,1.00
2015.01.04 22:06:40.331,0.77362,0.77455,1.00,1.00
2015.01.04 22:06:40.533,0.77364,0.77459,0.75,1.50
2015.01.04 22:06:41.216,0.77363,0.77459,1.00,1.00
2015.01.04 22:06:41.321,0.7736,0.77454,1.00,1.00
2015.01.04 22:06:42.310,0.77361,0.77456,1.00,1.00
2015.01.04 22:06:43.349,0.77361,0.7745,1.00,1.00
2015.01.04 22:06:44.696,0.77336,0.7743,1.00,1.00
2015.01.04 22:06:45.074,0.77336,0.77413,1.50,1.00
2015.01.04 22:06:45.845,0.7734,0.77419,1.00,1.00
2015.01.04 22:06:45.945,0.77342,0.77419,1.00,1.00
2015.01.04 22:06:47.825,0.77342,0.7742,1.00,1.00
2015.01.04 22:06:47.926,0.77325,0.77419,1.50,2.10
2015.01.04 22:06:47.976,0.77325,0.77404,1.50,1.00
2015.01.04 22:06:50.121,0.77325,0.77394,1.00,1.00
2015.01.04 22:06:50.171,0.77301,0.77394,1.00,1.00
2015.01.04 22:06:50.690,0.77299,0.77395,1.00,1.50
2015.01.04 22:06:52.467,0.773,0.77395,1.00,1.50
2015.01.04 22:06:53.143,0.773,0.77387,1.00,1.00
2015.01.04 22:06:53.709,0.77299,0.77387,1.00,1.00
2015.01.04 22:06:54.012,0.773,0.7739,1.00,1.00
2015.01.04 22:06:55.220,0.77301,0.7739,1.00,1.00
2015.01.04 22:06:56.799,0.77298,0.7739,1.00,1.00
2015.01.04 22:06:56.851,0.77301,0.7739,1.00,1.00
2015.01.04 22:06:59.032,0.77313,0.7739,1.00,1.00
2015.01.04 22:06:59.142,0.77298,0.7739,1.00,1.00
2015.01.04 22:06:59.427,0.77298,0.77395,1.00,1.00
2015.01.04 22:06:59.986,0.77298,0.77391,1.00,1.00
2015.01.04 22:07:00.303,0.77298,0.77396,1.00,1.00
2015.01.04 22:07:01.795,0.77298,0.77391,0.75,1.00
2015.01.04 22:07:02.130,0.77288,0.77381,1.00,1.00
2015.01.04 22:07:02.689,0.77289,0.77381,1.00,1.50
2015.01.04 22:07:03.011,0.77295,0.77386,0.75,1.00
2015.01.04 22:07:03.061,0.77295,0.7739,1.00,1.00
2015.01.04 22:07:03.112,0.77304,0.7739,0.75,1.00
2015.01.04 22:07:03.162,0.77304,0.77401,0.75,1.60
2015.01.04 22:07:03.213,0.77304,0.77401,0.75,1.00
2015.01.04 22:07:03.713,0.77304,0.77381,1.00,1.00
2015.01.04 22:07:04.189,0.77274,0.77345,1.00,1.00
2015.01.04 22:07:04.687,0.77284,0.77356,1.00,1.00
2015.01.04 22:07:04.810,0.77284,0.77374,1.00,1.00
2015.01.04 22:07:04.861,0.77311,0.77374,0.75,1.00
2015.01.04 22:07:09.054,0.77311,0.77396,0.75,1.00
2015.01.04 22:07:09.104,0.77311,0.77376,0.75,1.00
2015.01.04 22:07:09.155,0.77303,0.77376,0.75,1.00
2015.01.04 22:07:10.030,0.77309,0.77376,0.75,1.00
2015.01.04 22:07:10.203,0.77309,0.7738,0.75,1.00
2015.01.04 22:07:10.860,0.77309,0.7737,1.00,1.00
2015.01.04 22:07:11.192,0.77312,0.77371,1.00,1.00
2015.01.04 22:07:12.072,0.77312,0.77376,1.00,1.00
2015.01.04 22:07:12.450,0.77314,0.77376,1.00,1.00
2015.01.04 22:07:13.504,0.77314,0.77366,1.00,1.00
2015.01.04 22:07:13.672,0.77314,0.7737,1.00,1.00
2015.01.04 22:07:13.823,0.77314,0.77355,0.75,0.75
2015.01.04 22:07:13.924,0.77259,0.77334,1.00,1.00
2015.01.04 22:07:14.025,0.77259,0.77366,1.00,0.75
2015.01.04 22:07:16.641,0.77254,0.77361,1.00,1.00
2015.01.04 22:07:16.972,0.77259,0.77366,1.00,1.00
2015.01.04 22:07:17.082,0.77249,0.77366,1.00,1.00
2015.01.04 22:07:17.192,0.77255,0.7736,1.00,1.00
2015.01.04 22:07:17.962,0.7726,0.77365,1.00,1.00
2015.01.04 22:07:18.100,0.77254,0.77361,1.00,1.00
2015.01.04 22:07:19.612,0.77255,0.7736,1.00,1.00
2015.01.04 22:07:20.992,0.77254,0.77361,1.00,1.00
2015.01.04 22:07:21.150,0.77259,0.77366,1.00,1.00
2015.01.04 22:07:21.265,0.77244,0.77361,1.00,1.00
2015.01.04 22:07:21.372,0.77255,0.7736,1.00,1.00
2015.01.04 22:07:21.922,0.77245,0.7736,1.00,1.00
2015.01.04 22:07:22.149,0.77259,0.77366,1.00,1.00
2015.01.04 22:07:22.252,0.77244,0.77361,1.00,1.00
2015.01.04 22:07:23.279,0.77244,0.77351,1.00,0.75
2015.01.04 22:07:24.160,0.77255,0.7735,1.00,1.00
2015.01.04 22:07:24.673,0.77244,0.77341,1.00,0.75
2015.01.04 22:07:24.791,0.77239,0.77346,1.00,1.00
2015.01.04 22:07:24.894,0.77245,0.77333,1.00,1.00
2015.01.04 22:07:25.403,0.77244,0.77332,1.00,1.00
2015.01.04 22:07:28.744,0.77242,0.77329,1.00,1.00
2015.01.04 22:07:29.949,0.77245,0.77329,1.00,1.00
2015.01.04 22:07:30.269,0.77247,0.77332,1.00,1.00
2015.01.04 22:07:31.270,0.77247,0.7733,1.00,1.00
2015.01.04 22:07:31.370,0.77242,0.77329,1.00,1.00
2015.01.04 22:07:31.421,0.77249,0.77329,1.00,1.00
2015.01.04 22:07:31.631,0.77244,0.77326,1.00,1.00
2015.01.04 22:07:32.170,0.77254,0.77326,1.00,1.00
2015.01.04 22:07:33.035,0.77244,0.77326,1.00,1.00
2015.01.04 22:07:33.088,0.77245,0.77332,1.00,1.00
2015.01.04 22:07:34.234,0.77245,0.77311,1.00,1.00
2015.01.04 22:07:34.285,0.7724,0.77311,1.00,1.00
2015.01.04 22:07:34.811,0.77239,0.77311,1.00,1.00
2015.01.04 22:07:35.136,0.77244,0.77311,1.00,1.00
2015.01.04 22:07:35.249,0.77244,0.77313,1.00,1.00
2015.01.04 22:07:35.442,0.77245,0.77311,1.00,1.00
2015.01.04 22:07:35.593,0.77245,0.77313,1.00,1.00
2015.01.04 22:07:37.332,0.77234,0.77313,1.00,1.00
2015.01.04 22:07:37.433,0.77234,0.7731,1.00,1.00
2015.01.04 22:07:37.755,0.77239,0.77312,1.00,1.00
2015.01.04 22:07:37.882,0.77234,0.77312,1.00,1.00
2015.01.04 22:07:38.000,0.77239,0.77312,1.00,1.00
2015.01.04 22:07:38.351,0.77245,0.77311,1.00,1.00
2015.01.04 22:07:38.410,0.77245,0.77313,1.00,1.00
2015.01.04 22:07:38.461,0.77239,0.77313,1.00,1.00
2015.01.04 22:07:38.666,0.77239,0.77311,1.00,1.00
2015.01.04 22:07:39.202,0.7724,0.77311,1.00,1.00
2015.01.04 22:07:39.721,0.77239,0.77311,1.00,1.00
2015.01.04 22:07:40.035,0.77239,0.77307,1.00,1.00
2015.01.04 22:07:40.702,0.77239,0.77301,1.00,1.00
2015.01.04 22:07:40.752,0.77239,0.77308,1.00,1.00
2015.01.04 22:07:40.853,0.77229,0.77308,1.00,1.00
2015.01.04 22:07:40.953,0.77229,0.77301,1.00,1.00
2015.01.04 22:07:41.260,0.77224,0.77294,1.00,1.00
2015.01.04 22:07:41.411,0.77219,0.77294,1.00,1.00
2015.01.04 22:07:41.562,0.77229,0.77294,1.00,1.00
2015.01.04 22:07:41.613,0.77229,0.77306,1.00,1.00
2015.01.04 22:07:41.870,0.77219,0.77305,1.00,1.00
2015.01.04 22:07:41.971,0.77219,0.77297,1.00,1.00
2015.01.04 22:07:42.072,0.77215,0.77297,1.00,1.00
2015.01.04 22:07:42.173,0.77219,0.77297,1.00,1.00
2015.01.04 22:07:42.273,0.77221,0.77307,1.00,1.00
2015.01.04 22:07:42.324,0.77229,0.77307,1.00,1.00
2015.01.04 22:07:42.630,0.77224,0.77302,1.00,1.00
2015.01.04 22:07:42.813,0.77224,0.77307,1.00,1.00
2015.01.04 22:07:42.863,0.7723,0.77307,1.00,1.00
2015.01.04 22:07:42.940,0.77224,0.77307,1.00,1.00
2015.01.04 22:07:43.029,0.77224,0.77302,1.00,1.00
2015.01.04 22:07:45.691,0.77234,0.77302,1.00,1.00
2015.01.04 22:07:47.122,0.77229,0.77302,1.00,1.00
2015.01.04 22:07:47.562,0.77224,0.77302,1.00,1.00
2015.01.04 22:07:47.722,0.77229,0.77302,1.00,1.00
2015.01.04 22:07:47.892,0.77225,0.77302,1.00,1.00
2015.01.04 22:07:48.002,0.7723,0.77302,1.00,1.00
2015.01.04 22:07:48.441,0.77225,0.77302,1.00,1.00
2015.01.04 22:07:49.540,0.77224,0.77302,1.00,1.00
2015.01.04 22:07:49.890,0.77219,0.77302,1.00,1.00
2015.01.04 22:07:50.092,0.77225,0.77302,1.00,1.00
2015.01.04 22:07:50.201,0.77219,0.77302,1.00,1.00
2015.01.04 22:07:50.751,0.77215,0.77302,1.00,1.00
2015.01.04 22:07:50.859,0.77219,0.77302,1.00,1.00
2015.01.04 22:07:51.224,0.77223,0.77302,1.50,1.00
2015.01.04 22:07:51.325,0.77227,0.77313,1.00,1.00
2015.01.04 22:07:51.500,0.77235,0.77319,1.00,1.00
2015.01.04 22:07:51.944,0.77235,0.77316,1.00,1.00
2015.01.04 22:07:52.614,0.77242,0.77321,1.00,1.00
2015.01.04 22:07:52.672,0.77242,0.77335,1.00,1.00
2015.01.04 22:07:52.772,0.77244,0.7736,1.00,1.00
2015.01.04 22:07:53.391,0.77244,0.77361,1.00,1.00
2015.01.04 22:07:54.840,0.77245,0.77365,1.00,1.00
2015.01.04 22:07:55.409,0.77244,0.77365,1.00,1.00
2015.01.04 22:07:57.041,0.77244,0.77371,1.50,1.00
2015.01.04 22:07:58.229,0.77244,0.77365,1.00,1.00
2015.01.04 22:07:58.781,0.77244,0.77366,1.00,1.00
2015.01.04 22:07:59.111,0.77244,0.7736,1.00,1.00
2015.01.04 22:07:59.770,0.77244,0.77361,1.00,1.00
2015.01.04 22:07:59.879,0.77242,0.77366,1.00,1.00
2015.01.04 22:08:00.080,0.77248,0.77366,1.00,1.00
2015.01.04 22:08:00.138,0.77248,0.77371,1.00,1.00
2015.01.04 22:08:00.190,0.77252,0.77371,1.00,1.00
2015.01.04 22:08:00.300,0.7725,0.77371,1.00,1.00
2015.01.04 22:08:01.091,0.7725,0.77376,1.00,1.00
2015.01.04 22:08:01.201,0.7725,0.7739,1.00,1.00
2015.01.04 22:08:01.421,0.7725,0.77371,1.00,1.00
2015.01.04 22:08:03.731,0.7725,0.7737,1.00,1.00
2015.01.04 22:08:04.514,0.7725,0.77366,1.00,1.00
2015.01.04 22:08:06.261,0.7725,0.77356,1.00,1.00
2015.01.04 22:08:06.412,0.7725,0.77361,1.00,1.00
2015.01.04 22:08:06.636,0.77251,0.77366,1.00,1.00
2015.01.04 22:08:06.736,0.77246,0.77366,1.00,1.00
2015.01.04 22:08:06.837,0.77248,0.77366,1.00,1.00
2015.01.04 22:08:07.139,0.77246,0.77355,1.00,1.00
2015.01.04 22:08:07.189,0.77246,0.77366,1.00,1.00
2015.01.04 22:08:07.246,0.77248,0.77366,1.00,1.00
2015.01.04 22:08:07.598,0.77224,0.77366,1.00,1.00
2015.01.04 22:08:08.852,0.77215,0.77345,0.75,0.75
2015.01.04 22:08:09.930,0.77214,0.77346,0.75,0.75
2015.01.04 22:08:10.969,0.77214,0.77319,1.00,1.00
2015.01.04 22:08:11.120,0.77214,0.7733,0.75,1.00
2015.01.04 22:08:12.881,0.77219,0.7733,0.75,1.00
2015.01.04 22:08:13.221,0.77199,0.77321,1.00,1.00
2015.01.04 22:08:13.321,0.77194,0.77321,1.00,1.00
2015.01.04 22:08:13.422,0.77185,0.77321,1.00,1.00
2015.01.04 22:08:14.949,0.77189,0.77321,1.00,1.00
2015.01.04 22:08:15.282,0.77194,0.77321,1.00,1.00
2015.01.04 22:08:15.498,0.772,0.77339,1.00,1.00
2015.01.04 22:08:16.782,0.77209,0.77326,1.00,1.00
2015.01.04 22:08:18.281,0.7721,0.77325,1.00,1.00
2015.01.04 22:08:18.500,0.77214,0.77331,1.00,1.00
2015.01.04 22:08:18.865,0.77202,0.77339,1.00,1.00
2015.01.04 22:08:19.417,0.77201,0.77338,1.00,1.00
2015.01.04 22:08:22.408,0.77217,0.77341,1.00,1.00
2015.01.04 22:08:24.487,0.77217,0.77336,1.00,1.00
2015.01.04 22:08:24.828,0.77229,0.77346,1.00,1.00
2015.01.04 22:08:25.298,0.77235,0.77346,1.00,1.00
2015.01.04 22:08:25.869,0.77235,0.77345,1.00,1.00
2015.01.04 22:08:26.310,0.77236,0.7734,1.00,1.00
2015.01.04 22:08:26.461,0.77236,0.7735,1.00,1.00
2015.01.04 22:08:26.590,0.77238,0.7735,1.00,1.00
2015.01.04 22:08:26.987,0.77239,0.77346,1.00,1.00
2015.01.04 22:08:29.390,0.77239,0.77351,1.00,1.00
2015.01.04 22:08:31.038,0.77239,0.7735,1.00,1.00
2015.01.04 22:08:34.068,0.77237,0.7735,1.00,1.00
2015.01.04 22:08:34.249,0.77237,0.77356,1.00,1.00
2015.01.04 22:08:35.111,0.77237,0.77351,1.00,1.00
2015.01.04 22:08:35.768,0.77237,0.77356,1.00,1.00
2015.01.04 22:08:36.311,0.77238,0.77356,1.00,1.00
2015.01.04 22:08:36.430,0.77238,0.7735,1.00,1.00
2015.01.04 22:08:37.248,0.77237,0.7735,1.00,1.00
2015.01.04 22:08:39.255,0.77261,0.7735,1.00,0.75
2015.01.04 22:08:39.506,0.77247,0.7735,1.00,0.75
2015.01.04 22:08:39.695,0.7722,0.7735,0.75,0.75
2015.01.04 22:08:40.720,0.7721,0.77355,0.75,0.75
2015.01.04 22:08:40.829,0.77214,0.77361,0.75,0.75
2015.01.04 22:08:40.980,0.77225,0.77355,0.75,0.75
2015.01.04 22:08:41.053,0.77214,0.77361,0.75,0.75
2015.01.04 22:08:41.159,0.77224,0.77346,0.75,0.75
2015.01.04 22:08:41.271,0.77214,0.77346,0.75,0.75
2015.01.04 22:08:41.821,0.77205,0.7735,0.75,0.75
2015.01.04 22:08:42.041,0.77204,0.77356,0.75,0.75
2015.01.04 22:08:43.140,0.77224,0.77356,0.75,0.75
2015.01.04 22:08:43.593,0.7727,0.77365,0.75,0.75
2015.01.04 22:08:44.792,0.77255,0.77356,1.00,1.00
2015.01.04 22:08:52.534,0.77255,0.77361,1.00,1.00
2015.01.04 22:08:56.666,0.77254,0.77361,1.00,1.00
2015.01.04 22:08:56.838,0.77256,0.77361,1.00,1.00
2015.01.04 22:08:57.990,0.77256,0.7736,1.00,1.00
2015.01.04 22:08:58.980,0.77256,0.77366,1.00,1.00
2015.01.04 22:08:59.639,0.77256,0.77365,1.00,1.00
2015.01.04 22:09:00.301,0.77256,0.77366,1.00,1.00
2015.01.04 22:09:00.467,0.77239,0.77366,1.00,1.00
2015.01.04 22:09:01.840,0.77239,0.77371,1.00,1.00
2015.01.04 22:09:02.058,0.77239,0.77345,1.00,1.00
2015.01.04 22:09:02.607,0.77246,0.77341,1.00,1.00
2015.01.04 22:09:03.041,0.77246,0.77336,1.00,1.00
2015.01.04 22:09:03.819,0.77246,0.77335,1.00,1.00
2015.01.04 22:09:04.484,0.77244,0.77335,1.00,1.00
2015.01.04 22:09:04.700,0.77244,0.77341,1.50,1.50
2015.01.04 22:09:06.590,0.77249,0.77341,1.00,1.00
2015.01.04 22:09:08.031,0.77246,0.77336,1.00,1.00
2015.01.04 22:09:08.532,0.77245,0.77335,1.50,1.00
2015.01.04 22:09:08.987,0.77244,0.77321,1.00,1.00
2015.01.04 22:09:09.463,0.77234,0.77325,1.00,1.00
2015.01.04 22:09:09.997,0.77234,0.77326,1.00,1.00
2015.01.04 22:09:10.558,0.77234,0.77325,1.00,1.00
2015.01.04 22:09:10.658,0.77254,0.7733,1.00,1.00
2015.01.04 22:09:10.709,0.77256,0.77346,1.00,1.50
2015.01.04 22:09:11.190,0.77259,0.77341,1.00,1.00
2015.01.04 22:09:11.858,0.77279,0.77349,1.00,1.00
2015.01.04 22:09:11.909,0.7728,0.77374,1.00,1.50
2015.01.04 22:09:12.439,0.7728,0.7737,1.50,1.00
2015.01.04 22:09:14.271,0.77285,0.77375,1.00,1.00
2015.01.04 22:09:15.008,0.77284,0.77376,1.00,1.00
2015.01.04 22:09:15.615,0.77289,0.77377,1.00,1.00
2015.01.04 22:09:16.031,0.77294,0.77378,1.00,1.00
2015.01.04 22:09:17.320,0.77294,0.77379,1.00,1.00
2015.01.04 22:09:17.597,0.77294,0.77388,1.00,1.00
2015.01.04 22:09:19.438,0.77299,0.77388,1.00,1.00
2015.01.04 22:09:19.550,0.77285,0.77388,1.00,1.00
2015.01.04 22:09:19.821,0.77287,0.77391,1.00,1.00
2015.01.04 22:09:21.887,0.77286,0.77381,1.00,1.00
2015.01.04 22:09:22.267,0.77299,0.77383,1.00,1.00
2015.01.04 22:09:22.552,0.77294,0.77383,1.00,1.00
2015.01.04 22:09:23.319,0.77332,0.774,1.00,1.00
2015.01.04 22:09:23.422,0.77332,0.77427,1.00,1.00
2015.01.04 22:09:23.473,0.77324,0.77431,1.00,1.00
2015.01.04 22:09:23.623,0.7732,0.7743,1.00,1.00
2015.01.04 22:09:23.674,0.7731,0.7743,1.00,0.75
2015.01.04 22:09:23.757,0.77314,0.7743,1.00,0.75
2015.01.04 22:09:23.977,0.77307,0.7743,1.00,0.75
2015.01.04 22:09:25.517,0.77305,0.7743,1.00,0.75
2015.01.04 22:09:26.808,0.77304,0.77431,1.00,0.75
2015.01.04 22:09:27.171,0.77304,0.77406,1.00,1.00
2015.01.04 22:09:27.687,0.77309,0.77406,1.00,1.00
2015.01.04 22:09:27.868,0.77367,0.77491,1.50,1.00
2015.01.04 22:09:27.969,0.77334,0.77481,1.00,1.00
2015.01.04 22:09:28.019,0.77355,0.775,0.75,1.00
2015.01.04 22:09:28.282,0.77355,0.77503,0.75,1.00
2015.01.04 22:09:29.252,0.7733,0.77505,1.00,1.00
2015.01.04 22:09:29.324,0.7733,0.7752,1.00,1.00
2015.01.04 22:09:29.375,0.77385,0.77529,0.75,1.00
2015.01.04 22:09:29.560,0.77374,0.77529,0.75,1.00
2015.01.04 22:09:29.652,0.77374,0.7754,0.75,1.00
2015.01.04 22:09:29.703,0.7737,0.7754,0.75,1.00
2015.01.04 22:09:30.153,0.77365,0.7754,1.00,1.00
2015.01.04 22:09:30.218,0.7737,0.7754,1.00,1.00
2015.01.04 22:09:30.523,0.77385,0.7754,0.75,1.50
2015.01.04 22:09:30.912,0.77389,0.77528,1.00,1.00
2015.01.04 22:09:31.319,0.77384,0.77528,1.00,1.00
2015.01.04 22:09:32.459,0.77414,0.77528,0.75,1.00
2015.01.04 22:09:34.981,0.77404,0.77528,1.00,1.00
2015.01.04 22:09:35.082,0.77371,0.77528,0.75,1.00
2015.01.04 22:09:35.283,0.77378,0.77528,1.00,0.75
2015.01.04 22:09:35.372,0.77371,0.77528,1.00,1.00
2015.01.04 22:09:37.902,0.78897,0.79116,1.00,1.00
2015.01.04 22:09:37.952,0.78986,0.79082,0.75,1.00
2015.01.04 22:09:38.327,0.78989,0.79082,1.00,1.00
2015.01.04 22:09:40.366,0.78986,0.79082,1.00,1.00
2015.01.04 22:09:41.177,0.78959,0.79082,1.00,1.00
2015.01.04 22:09:55.014,0.77304,0.77743,1.72,0.75
2015.01.04 22:09:57.650,0.77326,0.77753,1.68,0.75
2015.01.04 22:09:57.701,0.77326,0.77771,1.68,0.75
2015.01.04 22:10:00.629,0.77357,0.77755,1.38,1.00
2015.01.04 22:10:01.729,0.77409,0.77755,1.90,1.00
2015.01.04 22:10:01.885,0.77409,0.77789,1.90,1.50
2015.01.04 22:10:02.199,0.77409,0.77789,1.90,1.00
2015.01.04 22:10:04.664,0.77367,0.77789,1.30,1.00
2015.01.04 22:10:05.174,0.77356,0.77789,2.09,1.00
2015.01.04 22:10:07.889,0.77382,0.77789,1.79,1.00
2015.01.04 22:10:08.409,0.77394,0.77725,1.03,0.75
2015.01.04 22:10:10.315,0.77392,0.77725,1.84,0.75
2015.01.04 22:10:10.964,0.77392,0.77681,1.84,0.75
2015.01.04 22:10:12.033,0.77406,0.77681,1.00,0.75
2015.01.04 22:10:12.287,0.7735,0.77681,1.43,0.75
2015.01.04 22:10:13.468,0.77351,0.77681,1.28,0.75
2015.01.04 22:10:14.099,0.77274,0.77681,0.75,0.75
2015.01.04 22:10:15.468,0.77307,0.77642,0.75,0.75
2015.01.04 22:10:15.569,0.77287,0.77624,0.75,0.75
2015.01.04 22:10:16.877,0.7727,0.77665,0.75,0.75
2015.01.04 22:10:21.497,0.77306,0.77602,0.75,0.75
2015.01.04 22:10:21.703,0.77299,0.7766,1.74,0.75
2015.01.04 22:10:21.855,0.7721,0.7766,2.00,0.75
2015.01.04 22:10:22.509,0.7721,0.7766,2.00,0.75
2015.01.04 22:10:23.090,0.77231,0.77637,0.75,0.75
2015.01.04 22:10:24.082,0.77239,0.77637,0.75,0.75
2015.01.04 22:10:24.558,0.77379,0.77591,0.75,0.75
2015.01.04 22:10:25.108,0.77374,0.77586,0.75,0.75
2015.01.04 22:10:25.457,0.77374,0.77586,2.11,1.00
2015.01.04 22:10:25.508,0.77374,0.77586,0.75,1.00
2015.01.04 22:10:25.558,0.7738,0.7759,0.75,0.75
2015.01.04 22:10:26.140,0.77369,0.77561,0.75,0.75
2015.01.04 22:10:26.208,0.77349,0.77556,1.00,0.75
2015.01.04 22:10:26.359,0.77344,0.77556,0.75,0.75
2015.01.04 22:10:26.464,0.77255,0.77606,1.27,1.00
2015.01.04 22:10:27.692,0.77255,0.77606,1.27,1.00
2015.01.04 22:10:28.594,0.77297,0.77606,0.75,1.00
2015.01.04 22:10:28.694,0.77255,0.77606,1.27,1.00
2015.01.04 22:10:28.794,0.77255,0.77606,1.27,1.00
2015.01.04 22:10:29.481,0.77282,0.77606,1.84,1.00
2015.01.04 22:10:30.058,0.77307,0.77574,1.00,0.75
2015.01.04 22:10:32.270,0.77298,0.77574,1.78,0.75
2015.01.04 22:10:32.371,0.77295,0.77574,1.60,0.75
2015.01.04 22:10:33.492,0.77295,0.77561,1.60,0.75
2015.01.04 22:10:33.626,0.77275,0.77561,1.71,0.75
2015.01.04 22:10:34.398,0.7728,0.77561,1.06,0.75
2015.01.04 22:10:35.226,0.77273,0.77561,1.23,0.75
2015.01.04 22:10:35.536,0.7732,0.77561,1.50,0.75
2015.01.04 22:10:37.409,0.77328,0.77561,1.50,0.75
2015.01.04 22:10:37.724,0.77343,0.77551,1.50,0.75
2015.01.04 22:10:38.309,0.77342,0.77551,0.75,0.75
2015.01.04 22:10:39.326,0.77321,0.7756,1.50,0.75
2015.01.04 22:10:41.476,0.77317,0.7756,1.50,0.75
2015.01.04 22:10:44.007,0.77322,0.7756,1.50,0.75
2015.01.04 22:10:44.669,0.77308,0.7756,1.50,0.75
2015.01.04 22:10:44.769,0.77303,0.7756,1.50,0.75
2015.01.04 22:10:45.142,0.77303,0.77539,1.50,0.75
2015.01.04 22:10:45.548,0.77308,0.77538,1.00,0.75
2015.01.04 22:10:46.318,0.77302,0.77538,1.00,0.75
2015.01.04 22:10:47.046,0.77301,0.77538,1.50,0.75
2015.01.04 22:10:47.310,0.77296,0.77538,1.50,0.75
2015.01.04 22:10:48.407,0.77306,0.77538,1.50,0.75
2015.01.04 22:10:49.507,0.77311,0.77538,1.50,0.75
2015.01.04 22:10:50.498,0.77299,0.77538,1.00,1.00
2015.01.04 22:10:50.549,0.77299,0.77531,1.00,0.75
2015.01.04 22:10:51.438,0.77306,0.77537,1.50,0.75
2015.01.04 22:10:53.691,0.77313,0.77537,1.50,0.75
2015.01.04 22:10:54.136,0.77303,0.77537,1.50,1.00
2015.01.04 22:10:54.186,0.77303,0.77517,1.50,0.75
2015.01.04 22:10:55.246,0.77297,0.77517,1.00,0.75
2015.01.04 22:10:57.756,0.77317,0.77517,1.50,1.00
2015.01.04 22:10:58.077,0.77347,0.77483,1.00,1.00
2015.01.04 22:10:58.247,0.77338,0.77476,1.00,1.00
2015.01.04 22:10:58.347,0.77338,0.77472,1.00,1.00
2015.01.04 22:10:58.926,0.77356,0.77491,1.00,1.00
2015.01.04 22:10:59.237,0.77352,0.7749,1.00,1.00
2015.01.04 22:10:59.301,0.77352,0.77486,1.00,1.00
2015.01.04 22:10:59.352,0.77346,0.77482,1.00,1.00
2015.01.04 22:10:59.560,0.77346,0.77472,1.00,1.00
2015.01.04 22:10:59.610,0.77338,0.77472,1.00,1.00
2015.01.04 22:10:59.676,0.77352,0.77472,0.75,1.00
2015.01.04 22:10:59.827,0.77331,0.77468,1.00,1.00
2015.01.04 22:10:59.877,0.77331,0.77455,1.00,1.00
2015.01.04 22:10:59.978,0.77352,0.77479,1.00,1.00
2015.01.04 22:11:00.029,0.77355,0.77491,1.00,1.00
2015.01.04 22:11:08.256,0.77352,0.77491,1.00,1.00
2015.01.04 22:11:12.436,0.77355,0.77491,1.00,1.00
2015.01.04 22:11:14.151,0.77352,0.77474,0.75,1.00
2015.01.04 22:11:15.555,0.77351,0.77474,0.75,1.00
2015.01.04 22:11:16.508,0.77351,0.7745,0.75,1.00
2015.01.04 22:11:16.916,0.77356,0.7745,0.75,1.00
2015.01.04 22:11:17.495,0.77358,0.7745,0.75,1.00
2015.01.04 22:11:18.998,0.77358,0.77402,0.75,0.75
2015.01.04 22:11:19.126,0.77358,0.77413,0.75,0.75
2015.01.04 22:11:19.227,0.77359,0.77454,0.75,1.00
2015.01.04 22:11:19.479,0.77359,0.77483,1.00,1.00
2015.01.04 22:11:19.781,0.7736,0.77465,1.00,1.00
2015.01.04 22:11:20.108,0.77359,0.77442,0.75,1.00
2015.01.04 22:11:20.245,0.77357,0.77442,0.75,1.00
2015.01.04 22:11:21.769,0.77357,0.77464,0.75,1.00
2015.01.04 22:11:22.446,0.77359,0.77464,0.75,1.00
2015.01.04 22:11:24.051,0.77359,0.77467,0.75,1.00
2015.01.04 22:11:24.400,0.77359,0.77465,0.75,1.00
2015.01.04 22:11:24.702,0.77359,0.77459,0.75,1.00
2015.01.04 22:11:26.038,0.77359,0.77467,0.75,1.00
2015.01.04 22:11:28.343,0.77359,0.77443,0.75,1.00
2015.01.04 22:11:30.365,0.77358,0.77443,0.75,1.00
2015.01.04 22:11:31.220,0.77358,0.7746,0.75,1.00
2015.01.04 22:11:31.320,0.77358,0.77468,0.75,1.00
2015.01.04 22:11:32.422,0.77358,0.77487,0.75,1.00
2015.01.04 22:11:32.473,0.77358,0.77476,0.75,1.00
2015.01.04 22:11:32.863,0.77358,0.77434,0.75,1.00
2015.01.04 22:11:33.014,0.77331,0.77427,1.00,1.00
2015.01.04 22:11:33.115,0.77331,0.77437,1.00,1.00
2015.01.04 22:11:33.215,0.77298,0.77451,1.00,1.00
2015.01.04 22:11:33.727,0.77274,0.77451,0.75,1.00
2015.01.04 22:11:33.885,0.77225,0.77529,0.75,1.00
2015.01.04 22:11:34.170,0.77225,0.77523,0.75,1.00
2015.01.04 22:11:34.866,0.77209,0.77483,1.50,0.75
2015.01.04 22:11:36.515,0.77218,0.77517,2.25,1.00
2015.01.04 22:11:38.455,0.77276,0.77517,1.50,1.00
2015.01.04 22:11:38.967,0.77288,0.7748,1.00,1.00
2015.01.04 22:11:39.495,0.77287,0.7748,1.00,1.00
2015.01.04 22:11:42.378,0.7729,0.7748,1.00,1.00
2015.01.04 22:11:43.175,0.77289,0.7748,1.00,1.00
2015.01.04 22:11:53.907,0.77296,0.7748,1.00,1.00
2015.01.04 22:11:55.326,0.77297,0.7748,1.00,1.00
2015.01.04 22:11:56.125,0.77297,0.77476,1.00,1.00
2015.01.04 22:11:56.455,0.77297,0.77471,1.00,1.00
2015.01.04 22:11:59.868,0.77297,0.77411,1.00,0.75
2015.01.04 22:12:00.526,0.77297,0.7741,1.00,1.00
2015.01.04 22:12:01.597,0.77297,0.77411,1.00,1.00
2015.01.04 22:12:01.648,0.77297,0.77471,1.00,1.50
2015.01.04 22:12:02.198,0.77297,0.7747,1.00,1.00
2015.01.04 22:12:03.717,0.77297,0.77471,1.00,1.50
2015.01.04 22:12:04.744,0.77309,0.77471,1.00,1.00
2015.01.04 22:12:04.795,0.77309,0.77476,1.00,1.00
2015.01.04 22:12:04.946,0.77309,0.77449,1.00,1.00
2015.01.04 22:12:05.147,0.77295,0.77449,1.00,1.00
2015.01.04 22:12:05.837,0.77319,0.77449,1.00,1.00
2015.01.04 22:12:06.154,0.77339,0.77434,1.00,1.00
2015.01.04 22:12:08.425,0.77337,0.77433,1.00,1.00
2015.01.04 22:12:10.407,0.7732,0.77432,1.00,1.00
2015.01.04 22:12:12.604,0.77321,0.77431,1.00,1.00
2015.01.04 22:12:13.374,0.77321,0.77416,1.00,1.00
2015.01.04 22:12:13.864,0.7732,0.77411,1.00,1.00
2015.01.04 22:12:16.235,0.77334,0.77411,1.00,1.00
2015.01.04 22:12:17.665,0.77337,0.77411,1.00,1.00
2015.01.04 22:12:17.715,0.77337,0.77415,1.00,1.00
2015.01.04 22:12:18.456,0.77337,0.77416,1.00,1.00
2015.01.04 22:12:20.901,0.7734,0.77435,1.00,1.00
2015.01.04 22:12:21.005,0.7734,0.77416,1.00,1.00
2015.01.04 22:12:21.207,0.77335,0.77416,1.00,1.00
2015.01.04 22:12:22.745,0.77337,0.77416,1.00,1.00
2015.01.04 22:12:23.321,0.77337,0.7743,1.00,1.00
2015.01.04 22:12:23.422,0.77339,0.77435,1.00,1.00
2015.01.04 22:12:24.396,0.7734,0.77435,1.00,1.00
2015.01.04 22:12:25.186,0.7734,0.77432,1.00,1.00
2015.01.04 22:12:27.231,0.7734,0.77429,1.00,1.00
2015.01.04 22:12:27.382,0.77335,0.77428,1.00,1.00
2015.01.04 22:12:27.583,0.77336,0.77431,1.00,1.00
2015.01.04 22:12:28.114,0.77339,0.77432,1.00,1.00
2015.01.04 22:12:31.985,0.7734,0.77432,1.00,1.00
2015.01.04 22:12:32.891,0.77339,0.77432,1.50,1.00
2015.01.04 22:12:34.844,0.7734,0.77432,1.00,1.00
2015.01.04 22:12:35.402,0.77354,0.77432,1.00,1.00
2015.01.04 22:12:38.147,0.77349,0.77432,1.00,1.00
2015.01.04 22:12:38.415,0.7734,0.77432,1.00,1.00
2015.01.04 22:12:39.357,0.77339,0.77432,1.50,1.00
2015.01.04 22:12:40.924,0.77369,0.77432,1.00,1.00
2015.01.04 22:12:41.666,0.7737,0.77432,1.00,1.00
2015.01.04 22:12:42.045,0.77364,0.77432,1.00,1.00
2015.01.04 22:12:42.147,0.77339,0.77432,1.75,1.00
2015.01.04 22:12:42.785,0.77365,0.77432,1.00,1.00
2015.01.04 22:12:43.447,0.77364,0.77432,1.00,1.00
2015.01.04 22:12:44.086,0.77374,0.77432,1.00,1.00
2015.01.04 22:12:44.726,0.77374,0.77434,1.00,1.00
2015.01.04 22:12:47.391,0.77374,0.77435,1.00,1.00
2015.01.04 22:12:48.892,0.77375,0.77435,1.00,1.00
2015.01.04 22:12:49.696,0.77374,0.77435,1.00,1.00
2015.01.04 22:12:51.786,0.7738,0.77435,1.00,1.00
2015.01.04 22:12:52.114,0.77375,0.77435,1.00,1.00
2015.01.04 22:12:52.449,0.77379,0.77435,1.00,1.00
2015.01.04 22:12:52.550,0.77379,0.77466,1.00,1.00
2015.01.04 22:12:53.577,0.77375,0.7746,1.00,1.00
2015.01.04 22:12:53.997,0.77364,0.77421,1.00,1.00
2015.01.04 22:12:54.097,0.77354,0.77421,1.00,1.00
2015.01.04 22:12:54.248,0.77344,0.77422,1.00,1.00
2015.01.04 22:12:54.349,0.77349,0.77422,1.00,1.00
2015.01.04 22:12:54.424,0.77345,0.77422,1.00,1.00
2015.01.04 22:12:56.482,0.77349,0.77422,1.00,1.00
2015.01.04 22:12:56.533,0.77349,0.77435,1.00,1.00
2015.01.04 22:12:57.264,0.77349,0.77436,1.00,1.00
2015.01.04 22:12:57.395,0.77345,0.77436,1.00,1.00
2015.01.04 22:12:57.503,0.77343,0.77436,0.75,1.00
2015.01.04 22:12:57.704,0.7734,0.77435,0.75,1.00
2015.01.04 22:12:58.284,0.7736,0.77435,1.00,1.00
2015.01.04 22:12:58.744,0.77365,0.77435,1.00,1.00
2015.01.04 22:12:59.471,0.77365,0.77443,1.00,1.00
2015.01.04 22:12:59.599,0.77365,0.77445,1.00,1.00
2015.01.04 22:12:59.989,0.77365,0.77441,1.00,1.00
2015.01.04 22:13:00.690,0.77365,0.77438,1.00,1.00
2015.01.04 22:13:00.743,0.77344,0.7743,1.00,1.00
2015.01.04 22:13:01.070,0.77344,0.77427,1.00,1.00
2015.01.04 22:13:01.862,0.77345,0.77427,1.00,1.00
2015.01.04 22:13:02.174,0.77349,0.77429,1.00,1.00
2015.01.04 22:13:02.225,0.77349,0.77436,1.00,1.00
2015.01.04 22:13:02.454,0.77359,0.77442,1.00,1.00
2015.01.04 22:13:03.663,0.7736,0.77442,1.00,1.00
2015.01.04 22:13:09.554,0.77354,0.77442,1.00,1.00
2015.01.04 22:13:09.605,0.77348,0.77442,1.00,1.00
2015.01.04 22:13:09.715,0.77354,0.77442,1.00,1.00
2015.01.04 22:13:10.475,0.77354,0.77429,1.00,1.00
2015.01.04 22:13:10.932,0.77354,0.77422,1.00,1.00
2015.01.04 22:13:11.693,0.77359,0.77422,1.00,1.00
2015.01.04 22:13:12.655,0.77359,0.77421,1.00,1.00
2015.01.04 22:13:14.533,0.77359,0.7742,1.00,1.00
2015.01.04 22:13:15.545,0.77364,0.7742,1.00,1.00
2015.01.04 22:13:20.274,0.7736,0.7742,1.00,1.00
2015.01.04 22:13:20.385,0.77329,0.7742,1.00,1.00
2015.01.04 22:13:20.486,0.77327,0.77418,1.00,1.00
2015.01.04 22:13:20.587,0.77341,0.7745,1.00,1.00
2015.01.04 22:13:20.638,0.77341,0.77486,1.00,2.25
2015.01.04 22:13:20.738,0.77341,0.77529,1.00,1.00
2015.01.04 22:13:20.940,0.77341,0.77491,1.00,1.00
2015.01.04 22:13:21.355,0.77346,0.77491,1.00,0.75
2015.01.04 22:13:23.003,0.77345,0.77491,1.00,0.75
2015.01.04 22:13:25.113,0.77345,0.7749,1.00,0.75
2015.01.04 22:13:26.853,0.77346,0.7749,1.00,0.75
2015.01.04 22:13:27.624,0.77346,0.77491,1.00,0.75
2015.01.04 22:13:27.873,0.77346,0.77534,0.75,0.75
2015.01.04 22:13:28.096,0.77369,0.77535,1.00,1.00
2015.01.04 22:13:28.554,0.77364,0.77535,1.00,1.00
2015.01.04 22:13:28.634,0.77347,0.77535,0.75,0.75
2015.01.04 22:13:30.203,0.77347,0.77534,0.75,0.75
2015.01.04 22:13:30.286,0.77354,0.77534,1.00,1.00
2015.01.04 22:13:30.395,0.7735,0.77534,1.00,1.00
2015.01.04 22:13:30.634,0.77349,0.77531,1.00,1.00
2015.01.04 22:13:31.427,0.77349,0.77511,1.00,1.00
2015.01.04 22:13:31.496,0.77347,0.77511,1.00,1.00
2015.01.04 22:13:32.816,0.77349,0.77511,1.00,1.00
2015.01.04 22:13:32.931,0.77369,0.77535,1.00,1.00
2015.01.04 22:13:33.694,0.7737,0.77535,1.00,1.50
2015.01.04 22:13:34.353,0.77369,0.77535,1.00,1.00
2015.01.04 22:13:40.733,0.7737,0.7753,1.00,1.00
2015.01.04 22:13:44.065,0.77365,0.77535,1.00,1.50
2015.01.04 22:13:44.143,0.77347,0.77535,0.75,0.75
2015.01.04 22:13:45.203,0.77346,0.77535,0.75,0.75
2015.01.04 22:13:45.594,0.77364,0.77535,1.00,1.00
2015.01.04 22:13:48.765,0.77369,0.77531,1.00,1.00
2015.01.04 22:13:49.754,0.7737,0.7753,1.00,1.00
2015.01.04 22:13:53.385,0.77354,0.77526,1.00,1.00
2015.01.04 22:13:54.223,0.77355,0.77525,1.00,1.00
2015.01.04 22:13:57.776,0.77349,0.77531,1.00,1.00
2015.01.04 22:13:57.877,0.77347,0.77535,0.75,0.75
2015.01.04 22:13:57.927,0.77349,0.77511,1.00,1.00
2015.01.04 22:14:00.205,0.77354,0.77501,1.00,1.00
2015.01.04 22:14:00.572,0.77359,0.77506,1.00,1.00
2015.01.04 22:14:01.196,0.77354,0.77501,1.00,1.00
2015.01.04 22:14:02.052,0.77355,0.775,1.00,1.00
2015.01.04 22:14:02.793,0.77354,0.77501,1.00,1.00
2015.01.04 22:14:04.056,0.77347,0.77481,1.00,0.75
2015.01.04 22:14:04.214,0.77346,0.77491,1.00,0.75
2015.01.04 22:14:04.314,0.77349,0.77496,1.00,1.00
2015.01.04 22:14:04.384,0.77354,0.77506,1.00,1.00
2015.01.04 22:14:05.437,0.77354,0.77511,1.00,1.00
2015.01.04 22:14:06.268,0.77374,0.77516,1.00,1.00
2015.01.04 22:14:06.585,0.77359,0.77501,1.00,1.00
2015.01.04 22:14:06.805,0.77355,0.775,1.00,1.00
2015.01.04 22:14:07.024,0.77359,0.77506,1.00,1.00
2015.01.04 22:14:07.616,0.77348,0.77471,1.00,0.75
2015.01.04 22:14:07.925,0.77338,0.77461,1.00,0.75
2015.01.04 22:14:08.655,0.77336,0.77461,1.00,0.75
2015.01.04 22:14:08.932,0.77336,0.77471,1.00,1.00
2015.01.04 22:14:09.033,0.77336,0.77476,1.00,1.00
2015.01.04 22:14:09.134,0.77354,0.77496,1.00,1.00
2015.01.04 22:14:09.235,0.7739,0.77471,1.00,1.00
2015.01.04 22:14:11.095,0.7739,0.77461,1.00,1.00
2015.01.04 22:14:11.196,0.77359,0.77461,0.75,0.75
2015.01.04 22:14:11.246,0.77345,0.77445,0.75,0.75
2015.01.04 22:14:11.347,0.77339,0.77441,0.75,0.75
2015.01.04 22:14:11.794,0.77344,0.77466,0.75,0.75
2015.01.04 22:14:12.634,0.77345,0.77465,0.75,0.75
2015.01.04 22:14:12.744,0.77364,0.77466,0.75,0.75
2015.01.04 22:14:12.895,0.77364,0.77471,0.75,0.75
2015.01.04 22:14:12.996,0.77354,0.77476,0.75,0.75
2015.01.04 22:14:13.191,0.77349,0.77476,0.75,0.75
2015.01.04 22:14:14.285,0.7735,0.77475,0.75,0.75
2015.01.04 22:14:16.814,0.77354,0.77476,0.75,0.75
2015.01.04 22:14:19.272,0.77349,0.77466,0.75,0.75
2015.01.04 22:14:21.984,0.77349,0.77471,0.75,0.75
2015.01.04 22:14:22.102,0.77354,0.77476,0.75,0.75
2015.01.04 22:14:24.639,0.77349,0.77466,0.75,0.75
2015.01.04 22:14:25.001,0.7735,0.7742,0.75,0.75
2015.01.04 22:14:25.943,0.77349,0.7742,0.75,0.75
2015.01.04 22:14:30.342,0.7735,0.7742,0.75,0.75
2015.01.04 22:14:30.652,0.7735,0.7741,1.00,0.75
2015.01.04 22:14:30.879,0.77344,0.77411,1.00,0.75
2015.01.04 22:14:30.979,0.77325,0.77411,1.00,0.75
2015.01.04 22:14:31.029,0.77318,0.77404,0.75,0.75
2015.01.04 22:14:31.782,0.77329,0.77416,1.00,0.75
2015.01.04 22:14:31.883,0.7732,0.77416,1.00,1.00
2015.01.04 22:14:31.984,0.77314,0.77422,1.00,1.00
2015.01.04 22:14:32.084,0.77309,0.77441,0.75,0.75
2015.01.04 22:14:32.135,0.77325,0.77455,0.75,0.75
2015.01.04 22:14:32.953,0.77309,0.77417,0.75,0.75
2015.01.04 22:14:33.262,0.77305,0.77411,1.00,0.75
2015.01.04 22:14:33.641,0.77319,0.77411,1.00,0.75
2015.01.04 22:14:34.033,0.77319,0.77406,1.00,0.75
2015.01.04 22:14:35.792,0.77319,0.77404,1.00,0.75
2015.01.04 22:14:36.133,0.77319,0.77396,1.00,0.75
2015.01.04 22:14:36.549,0.77324,0.77389,1.00,0.75
2015.01.04 22:14:36.893,0.77329,0.77404,1.00,0.75
2015.01.04 22:14:37.401,0.77329,0.77405,1.00,0.75
2015.01.04 22:14:37.452,0.77329,0.77398,1.00,0.75
2015.01.04 22:14:37.552,0.77329,0.77405,1.00,0.75
2015.01.04 22:14:37.662,0.77329,0.77389,1.00,0.75
2015.01.04 22:14:37.882,0.77329,0.77405,1.00,0.75
2015.01.04 22:14:37.992,0.77329,0.77397,1.00,0.75
2015.01.04 22:14:38.153,0.77324,0.77397,1.00,0.75
2015.01.04 22:14:38.265,0.77329,0.77397,1.00,0.75
2015.01.04 22:14:38.592,0.77329,0.77383,1.00,0.75
2015.01.04 22:14:38.642,0.77319,0.77383,1.00,0.75
2015.01.04 22:14:38.904,0.77321,0.77405,1.00,1.00
2015.01.04 22:14:38.954,0.77324,0.77405,1.00,1.00
2015.01.04 22:14:39.512,0.7734,0.77412,1.00,0.75
2015.01.04 22:14:39.981,0.7734,0.7741,1.00,0.75
2015.01.04 22:14:41.012,0.77339,0.7741,1.00,0.75
2015.01.04 22:14:41.783,0.77354,0.7741,1.00,0.75
2015.01.04 22:14:42.443,0.77354,0.77411,1.00,0.75
2015.01.04 22:14:43.517,0.77354,0.7741,1.00,0.75
2015.01.04 22:14:43.567,0.77326,0.7741,1.00,1.00
2015.01.04 22:14:45.524,0.77329,0.7741,1.00,0.75
2015.01.04 22:14:46.032,0.77329,0.77408,1.00,0.75
2015.01.04 22:14:49.212,0.77336,0.7742,1.00,0.75
2015.01.04 22:14:49.872,0.77333,0.77419,1.00,0.75
2015.01.04 22:14:51.900,0.77315,0.77389,1.00,0.75
2015.01.04 22:14:52.051,0.7731,0.77388,1.00,0.75
2015.01.04 22:14:52.182,0.7731,0.7739,1.00,0.75
2015.01.04 22:14:52.562,0.77314,0.7739,1.00,0.75
2015.01.04 22:14:53.662,0.7732,0.7739,1.00,0.75
2015.01.04 22:14:54.559,0.7732,0.77391,1.00,0.75
2015.01.04 22:14:55.292,0.77324,0.77391,1.00,0.75
2015.01.04 22:14:57.318,0.77319,0.77391,1.00,0.75
2015.01.04 22:15:02.134,0.7732,0.77391,1.00,0.75
2015.01.04 22:15:03.293,0.7732,0.77392,1.00,0.75
2015.01.04 22:15:03.895,0.77319,0.77392,1.00,0.75
2015.01.04 22:15:04.552,0.7732,0.77392,1.00,0.75
2015.01.04 22:15:07.874,0.77315,0.77392,1.00,0.75
2015.01.04 22:15:08.073,0.77321,0.7744,1.00,1.00
2015.01.04 22:15:10.262,0.7732,0.7744,1.00,1.00
2015.01.04 22:15:10.313,0.77344,0.77456,1.00,1.00
2015.01.04 22:15:10.714,0.77344,0.7745,1.00,1.00
2015.01.04 22:15:13.355,0.77345,0.7745,1.00,1.00
2015.01.04 22:15:13.793,0.77349,0.7745,1.00,1.00
2015.01.04 22:15:14.858,0.7733,0.77445,1.00,1.00
2015.01.04 22:15:14.959,0.77324,0.77446,1.00,1.00
2015.01.04 22:15:15.009,0.7733,0.77451,1.00,1.00
2015.01.04 22:15:15.592,0.77329,0.77451,1.00,1.00
2015.01.04 22:15:16.797,0.77325,0.77445,1.00,1.00
2015.01.04 22:15:18.192,0.77324,0.77446,1.00,1.00
2015.01.04 22:15:19.039,0.77321,0.77446,1.00,1.00
2015.01.04 22:15:19.089,0.77321,0.7744,1.00,1.00
2015.01.04 22:15:19.185,0.77321,0.77446,1.00,1.00
2015.01.04 22:15:21.382,0.77324,0.77446,1.00,1.00
2015.01.04 22:15:22.744,0.77325,0.77445,1.00,1.00
2015.01.04 22:15:23.095,0.77361,0.77441,1.00,1.00
2015.01.04 22:15:23.145,0.77361,0.77445,1.00,1.50
2015.01.04 22:15:26.173,0.77362,0.77446,1.00,1.50
2015.01.04 22:15:26.674,0.77362,0.77441,1.00,1.00
2015.01.04 22:15:30.073,0.77362,0.77416,1.00,1.00
2015.01.04 22:15:30.173,0.77347,0.77416,1.00,1.00
2015.01.04 22:15:34.092,0.77339,0.77416,1.00,1.00
2015.01.04 22:15:36.594,0.7734,0.7742,1.00,1.00
2015.01.04 22:15:38.916,0.77342,0.77426,1.00,1.00
2015.01.04 22:15:39.230,0.77344,0.77426,1.00,1.00
2015.01.04 22:15:41.512,0.77342,0.77426,1.00,1.00
2015.01.04 22:15:49.107,0.77342,0.77426,1.00,1.00
2015.01.04 22:15:49.541,0.77344,0.77426,1.00,1.00
2015.01.04 22:15:50.861,0.77344,0.77426,1.00,1.00
2015.01.04 22:15:51.744,0.77344,0.77426,1.00,1.50
2015.01.04 22:15:52.545,0.77349,0.77426,1.00,1.00
2015.01.04 22:15:52.646,0.77349,0.77426,1.00,1.00
2015.01.04 22:15:52.842,0.77349,0.77426,1.00,1.00
2015.01.04 22:15:54.053,0.77355,0.77426,1.00,1.00
2015.01.04 22:15:55.044,0.77359,0.77426,1.00,1.00
2015.01.04 22:15:56.951,0.77349,0.77426,1.00,1.00
2015.01.04 22:15:57.464,0.77349,0.77425,1.00,1.00
2015.01.04 22:15:57.523,0.77349,0.77427,1.00,1.00
2015.01.04 22:15:58.076,0.77355,0.77427,1.00,1.00
2015.01.04 22:15:58.243,0.7735,0.77427,1.00,1.00
2015.01.04 22:15:58.891,0.7735,0.77427,1.00,1.00
2015.01.04 22:16:00.053,0.77351,0.77427,1.50,1.00
2015.01.04 22:16:00.205,0.77368,0.77456,1.00,1.00
2015.01.04 22:16:00.305,0.77381,0.77461,1.00,1.00
2015.01.04 22:16:00.356,0.77381,0.77471,1.00,1.00
2015.01.04 22:16:00.407,0.77384,0.77471,1.00,1.00
2015.01.04 22:16:00.645,0.77384,0.77473,1.00,1.00
2015.01.04 22:16:01.705,0.77381,0.77472,1.00,1.00
2015.01.04 22:16:02.583,0.77381,0.77472,1.00,1.00
2015.01.04 22:16:03.742,0.77384,0.77471,1.00,1.00
2015.01.04 22:16:03.893,0.77382,0.77466,1.00,1.00
2015.01.04 22:16:04.094,0.77382,0.7747,1.00,1.00
2015.01.04 22:16:04.145,0.77382,0.77472,1.00,1.00
2015.01.04 22:16:05.518,0.77395,0.77472,1.00,1.00
2015.01.04 22:16:05.568,0.77396,0.77483,1.00,1.00
2015.01.04 22:16:06.530,0.77396,0.77484,1.00,1.00
2015.01.04 22:16:06.581,0.77395,0.77495,1.00,1.00
2015.01.04 22:16:06.631,0.7739,0.7749,1.50,1.00
2015.01.04 22:16:09.231,0.7739,0.77491,1.00,1.00
2015.01.04 22:16:09.576,0.77418,0.77491,1.00,1.00
2015.01.04 22:16:09.626,0.77418,0.77491,1.00,1.00
2015.01.04 22:16:10.551,0.77418,0.7749,1.00,1.00
2015.01.04 22:16:10.664,0.77418,0.77495,1.00,1.00
2015.01.04 22:16:11.213,0.77418,0.77496,1.00,1.00
2015.01.04 22:16:11.711,0.77416,0.77496,1.00,1.00
2015.01.04 22:16:14.740,0.77416,0.77491,1.00,1.00
2015.01.04 22:16:14.841,0.77387,0.77491,1.00,1.00
2015.01.04 22:16:14.891,0.77387,0.77455,1.00,0.75
2015.01.04 22:16:15.171,0.7736,0.77455,0.75,1.00
2015.01.04 22:16:15.699,0.77359,0.77456,1.00,1.00
2015.01.04 22:16:16.857,0.77354,0.77451,0.75,0.75
2015.01.04 22:16:17.264,0.77374,0.77466,0.75,1.00
2015.01.04 22:16:17.374,0.7738,0.77475,0.75,1.00
2015.01.04 22:16:18.481,0.77384,0.77486,1.00,0.75
2015.01.04 22:16:19.133,0.77375,0.7748,0.75,0.75
2015.01.04 22:16:28.371,0.77369,0.77481,0.75,0.75
2015.01.04 22:16:28.849,0.7739,0.77485,0.75,0.75
2015.01.04 22:16:29.412,0.7739,0.77495,0.75,0.75
2015.01.04 22:16:29.471,0.77394,0.77496,0.75,0.75
2015.01.04 22:16:30.792,0.77394,0.77501,0.75,0.75
2015.01.04 22:16:30.915,0.77384,0.77471,0.75,0.75
2015.01.04 22:16:31.016,0.77364,0.77466,0.75,0.75
2015.01.04 22:16:31.234,0.77369,0.77471,0.75,0.75
2015.01.04 22:16:32.921,0.77374,0.77491,0.75,0.75
2015.01.04 22:16:33.371,0.77369,0.77471,0.75,0.75
2015.01.04 22:16:34.347,0.77389,0.77481,0.75,0.75
2015.01.04 22:16:34.548,0.7739,0.7749,0.75,0.75
2015.01.04 22:16:34.783,0.77394,0.77496,0.75,0.75
2015.01.04 22:16:34.884,0.77394,0.77501,0.75,0.75
2015.01.04 22:16:35.414,0.77394,0.77496,0.75,0.75
2015.01.04 22:16:40.054,0.77399,0.77496,0.75,1.00
2015.01.04 22:16:40.401,0.77389,0.77471,0.75,1.00
2015.01.04 22:16:41.012,0.77389,0.7747,0.75,1.00
2015.01.04 22:16:41.332,0.77399,0.77474,0.75,1.00
2015.01.04 22:16:41.622,0.77379,0.77466,0.75,1.00
2015.01.04 22:16:42.423,0.77385,0.7747,0.75,1.00
2015.01.04 22:16:46.192,0.77384,0.7747,0.75,1.00
2015.01.04 22:16:46.963,0.77379,0.77461,0.75,1.00
2015.01.04 22:16:47.075,0.77374,0.77461,0.75,1.00
2015.01.04 22:16:48.393,0.77375,0.77465,0.75,1.00
2015.01.04 22:16:48.864,0.77369,0.77451,0.75,1.00
2015.01.04 22:16:48.943,0.77374,0.77461,0.75,1.00
2015.01.04 22:16:49.094,0.77374,0.77466,0.75,1.00
2015.01.04 22:16:54.383,0.77374,0.77466,0.75,1.00
2015.01.04 22:16:55.653,0.77375,0.77445,0.75,1.00
2015.01.04 22:16:55.874,0.77379,0.77456,0.75,1.00
2015.01.04 22:16:55.982,0.77379,0.77466,0.75,1.00
2015.01.04 22:16:58.749,0.774,0.7747,0.75,1.50
2015.01.04 22:16:58.903,0.77399,0.77474,0.75,1.00
2015.01.04 22:16:59.104,0.77405,0.77474,0.75,1.00
2015.01.04 22:16:59.170,0.77399,0.77474,0.75,1.00
2015.01.04 22:17:00.503,0.77379,0.77461,1.00,1.00
2015.01.04 22:17:00.604,0.77374,0.77466,0.75,1.00
2015.01.04 22:17:01.981,0.77374,0.7746,0.75,1.00
2015.01.04 22:17:02.357,0.7738,0.7746,0.75,1.00
2015.01.04 22:17:02.408,0.77389,0.7747,0.75,1.00
2015.01.04 22:17:02.753,0.7739,0.77473,0.75,1.00
2015.01.04 22:17:02.803,0.77395,0.77473,0.75,1.00
2015.01.04 22:17:04.452,0.77399,0.77473,0.75,1.00
2015.01.04 22:17:05.002,0.774,0.77473,0.75,1.00
2015.01.04 22:17:05.223,0.77394,0.77473,0.75,1.00
2015.01.04 22:17:05.357,0.77389,0.77473,0.75,1.00
2015.01.04 22:17:05.440,0.77336,0.77473,2.25,0.75
2015.01.04 22:17:06.403,0.77384,0.77473,0.75,1.00
2015.01.04 22:17:06.762,0.77379,0.77466,0.75,1.00
2015.01.04 22:17:09.293,0.774,0.77469,0.75,1.00
2015.01.04 22:17:09.494,0.774,0.77474,0.75,1.00
2015.01.04 22:17:09.695,0.77394,0.77474,0.75,1.00
2015.01.04 22:17:09.746,0.77336,0.77474,1.50,0.75
2015.01.04 22:17:10.011,0.7733,0.7747,2.25,0.75
2015.01.04 22:17:10.323,0.774,0.77474,0.75,1.00
2015.01.04 22:17:10.962,0.77399,0.77474,0.75,1.00
2015.01.04 22:17:12.349,0.77399,0.7746,1.00,0.75
2015.01.04 22:17:12.430,0.77399,0.77463,1.00,0.75
2015.01.04 22:17:13.930,0.77394,0.7746,1.00,0.75
2015.01.04 22:17:14.970,0.77394,0.7746,1.00,1.00
2015.01.04 22:17:15.600,0.77419,0.7746,0.75,1.00
2015.01.04 22:17:15.751,0.7742,0.77463,0.75,1.00
2015.01.04 22:17:15.904,0.77394,0.77463,1.00,1.00
2015.01.04 22:17:16.004,0.77375,0.77463,1.00,0.75
2015.01.04 22:17:16.122,0.7738,0.77463,1.00,1.00
2015.01.04 22:17:16.591,0.7738,0.7746,1.00,1.00
2015.01.04 22:17:18.285,0.77409,0.77463,1.00,1.00
2015.01.04 22:17:18.637,0.77404,0.77463,1.00,1.00
2015.01.04 22:17:18.688,0.77375,0.77463,1.00,0.75
2015.01.04 22:17:18.750,0.77409,0.77463,1.00,1.00
2015.01.04 22:17:19.190,0.77405,0.77463,1.00,1.00
2015.01.04 22:17:19.742,0.77404,0.77463,1.00,1.00
2015.01.04 22:17:19.870,0.77399,0.77463,1.00,1.00
2015.01.04 22:17:19.921,0.77399,0.77453,1.00,1.00
2015.01.04 22:17:20.324,0.77395,0.77453,1.00,1.00
2015.01.04 22:17:21.172,0.77404,0.77453,1.00,1.00
2015.01.04 22:17:21.979,0.7739,0.77453,1.00,1.00
2015.01.04 22:17:22.180,0.77384,0.77453,1.00,1.00
2015.01.04 22:17:23.593,0.77384,0.77453,1.00,1.00
2015.01.04 22:17:24.140,0.77379,0.77451,1.00,1.00
2015.01.04 22:17:25.916,0.77404,0.77453,0.75,1.00
2015.01.04 22:17:26.267,0.77404,0.77453,1.00,0.75
2015.01.04 22:17:26.339,0.77365,0.77453,1.00,0.75
2015.01.04 22:17:26.452,0.77394,0.77453,1.00,0.75
2015.01.04 22:17:27.263,0.77394,0.77453,1.00,0.75
2015.01.04 22:17:28.254,0.77384,0.77453,1.00,1.00
2015.01.04 22:17:28.408,0.77384,0.7745,1.00,1.00
2015.01.04 22:17:30.207,0.7739,0.77453,1.00,1.00
2015.01.04 22:17:32.510,0.77389,0.77451,1.00,1.00
2015.01.04 22:17:34.514,0.7739,0.77451,1.00,1.00
2015.01.04 22:17:34.565,0.7739,0.77453,1.00,1.00
2015.01.04 22:17:35.140,0.7739,0.77453,1.00,1.00
2015.01.04 22:17:36.169,0.77385,0.77445,1.00,1.00
2015.01.04 22:17:36.471,0.77394,0.77449,1.00,1.00
2015.01.04 22:17:36.521,0.77394,0.77452,1.00,1.00
2015.01.04 22:17:37.122,0.77395,0.77452,1.00,1.00
2015.01.04 22:17:37.913,0.77389,0.77451,1.00,1.50
2015.01.04 22:17:42.275,0.7742,0.7749,1.50,1.00
2015.01.04 22:17:42.426,0.77424,0.77496,1.00,1.00
2015.01.04 22:17:42.631,0.7742,0.775,1.50,1.00
2015.01.04 22:17:43.147,0.7742,0.77497,1.00,1.00
2015.01.04 22:17:43.385,0.77415,0.77497,1.00,1.00
2015.01.04 22:17:43.991,0.77414,0.77497,1.50,1.00
2015.01.04 22:17:44.142,0.77417,0.77497,1.50,1.00
2015.01.04 22:17:44.473,0.77423,0.77503,1.50,1.00
2015.01.04 22:17:45.770,0.77453,0.77503,1.50,1.00
2015.01.04 22:17:45.871,0.77453,0.77506,1.50,1.00
2015.01.04 22:17:45.972,0.77453,0.77521,1.50,1.00
2015.01.04 22:17:46.072,0.77425,0.77516,1.00,1.00
2015.01.04 22:17:46.123,0.77425,0.77525,1.00,1.00
2015.01.04 22:17:46.368,0.7743,0.77516,1.50,1.00
2015.01.04 22:17:46.468,0.77417,0.77516,1.50,1.00
2015.01.04 22:17:46.569,0.77415,0.77516,1.50,1.00
2015.01.04 22:17:46.970,0.77422,0.77516,1.00,1.00
2015.01.04 22:17:47.298,0.77422,0.77516,1.00,1.00
2015.01.04 22:17:47.740,0.77422,0.77516,1.00,1.00
2015.01.04 22:17:47.950,0.77422,0.77506,1.00,1.00
2015.01.04 22:17:48.218,0.77417,0.77506,1.50,1.00
2015.01.04 22:17:49.289,0.77416,0.77506,1.50,1.00
2015.01.04 22:17:50.254,0.77416,0.77505,1.50,1.00
2015.01.04 22:17:50.305,0.77413,0.77505,1.50,1.00
2015.01.04 22:17:50.406,0.77421,0.77511,1.00,1.00
2015.01.04 22:17:50.806,0.77421,0.77506,1.00,1.00
2015.01.04 22:17:51.630,0.77419,0.77506,1.00,1.00
2015.01.04 22:17:52.029,0.77425,0.77506,1.00,1.00
2015.01.04 22:17:52.260,0.77409,0.77495,1.50,1.00
2015.01.04 22:17:52.311,0.77395,0.7749,1.00,1.00
2015.01.04 22:17:52.740,0.77404,0.77496,0.75,1.00
2015.01.04 22:17:53.351,0.77404,0.77491,1.00,1.00
2015.01.04 22:17:54.830,0.77399,0.77491,1.00,1.00
2015.01.04 22:17:54.940,0.77399,0.77485,1.00,1.00
2015.01.04 22:17:56.375,0.77385,0.7748,1.00,1.00
2015.01.04 22:17:56.699,0.77394,0.77491,0.75,1.00
2015.01.04 22:17:57.178,0.77389,0.77481,1.00,1.00
2015.01.04 22:17:57.930,0.77385,0.77475,1.00,1.00
2015.01.04 22:17:58.470,0.7739,0.7748,1.00,1.00
2015.01.04 22:17:59.339,0.77389,0.77481,1.00,1.00
2015.01.04 22:18:02.116,0.7738,0.7746,1.00,1.00
2015.01.04 22:18:02.217,0.77374,0.77456,1.00,1.00
2015.01.04 22:18:02.318,0.77374,0.77461,1.00,1.00
2015.01.04 22:18:02.640,0.77379,0.77476,1.00,1.00
2015.01.04 22:18:02.860,0.77384,0.77476,1.00,1.00
2015.01.04 22:18:03.190,0.77394,0.77453,1.00,1.00
2015.01.04 22:18:06.992,0.77394,0.77452,1.00,1.00
2015.01.04 22:18:07.042,0.77394,0.77452,1.00,1.00
2015.01.04 22:18:07.143,0.77394,0.77449,1.00,1.00
2015.01.04 22:18:07.194,0.7739,0.77449,1.00,1.00
2015.01.04 22:18:07.244,0.7739,0.77447,1.00,1.00
2015.01.04 22:18:07.590,0.7739,0.77444,0.75,1.00
2015.01.04 22:18:08.251,0.77375,0.77444,1.00,1.00
2015.01.04 22:18:09.554,0.77375,0.7746,1.00,1.00
2015.01.04 22:18:11.112,0.77374,0.77461,0.75,1.00
2015.01.04 22:18:11.569,0.77379,0.77461,0.75,1.00
2015.01.04 22:18:11.808,0.77384,0.77476,0.75,1.00
2015.01.04 22:18:14.132,0.77384,0.77471,0.75,1.00
2015.01.04 22:18:14.453,0.77379,0.77456,0.75,1.00
2015.01.04 22:18:14.959,0.77384,0.77461,0.75,1.00
2015.01.04 22:18:22.991,0.77379,0.77456,0.75,1.00
2015.01.04 22:18:23.541,0.77379,0.77461,0.75,1.00
2015.01.04 22:18:24.529,0.77379,0.77456,0.75,1.00
2015.01.04 22:18:25.640,0.77379,0.77455,0.75,1.00
2015.01.04 22:18:26.069,0.77385,0.77465,0.75,1.00
2015.01.04 22:18:28.368,0.77379,0.77456,1.00,1.00
2015.01.04 22:18:29.043,0.77385,0.7746,0.75,1.00
2015.01.04 22:18:29.471,0.7738,0.77455,1.00,1.00
2015.01.04 22:18:29.811,0.77369,0.77446,1.00,0.75
2015.01.04 22:18:29.920,0.77374,0.77451,1.00,1.00
2015.01.04 22:18:30.609,0.77374,0.77446,1.00,0.75
2015.01.04 22:18:31.596,0.77385,0.7747,0.75,1.00
2015.01.04 22:18:39.406,0.7738,0.7745,0.75,0.75
2015.01.04 22:18:40.921,0.77374,0.77451,1.00,0.75
2015.01.04 22:18:41.179,0.7738,0.7745,1.00,0.75
2015.01.04 22:18:41.360,0.77374,0.77451,1.00,0.75
2015.01.04 22:18:42.169,0.77364,0.77436,1.00,0.75
2015.01.04 22:18:42.270,0.77354,0.77431,1.00,0.75
2015.01.04 22:18:42.373,0.77359,0.77436,1.00,1.00
2015.01.04 22:18:44.341,0.77359,0.77446,1.00,1.00
2015.01.04 22:18:44.881,0.77365,0.7745,1.00,1.00
2015.01.04 22:18:48.012,0.77359,0.77441,1.00,1.00
2015.01.04 22:18:53.089,0.77422,0.77441,1.50,1.00
2015.01.04 22:18:53.140,0.77432,0.77482,1.50,1.00
2015.01.04 22:18:53.241,0.77421,0.77504,1.00,1.00
2015.01.04 22:18:53.291,0.77421,0.77465,1.00,0.75
2015.01.04 22:18:53.360,0.77385,0.77465,1.00,0.75
2015.01.04 22:18:53.411,0.7737,0.77465,1.00,0.75
2015.01.04 22:18:53.462,0.77379,0.77466,1.00,0.75
2015.01.04 22:18:53.793,0.77369,0.77466,1.00,0.75
2015.01.04 22:18:59.735,0.77365,0.7746,1.00,0.75
2015.01.04 22:19:05.790,0.77359,0.77456,1.00,1.00
2015.01.04 22:19:06.438,0.77365,0.7746,1.00,1.00
2015.01.04 22:19:10.398,0.77369,0.77456,1.00,0.75
2015.01.04 22:19:11.941,0.77379,0.77456,1.00,0.75
2015.01.04 22:19:16.558,0.77374,0.77456,1.00,0.75
2015.01.04 22:19:17.556,0.7736,0.77435,0.75,0.75
2015.01.04 22:19:17.707,0.77354,0.77436,1.00,0.75
2015.01.04 22:19:17.907,0.7736,0.7745,0.75,1.00
2015.01.04 22:19:18.518,0.77359,0.77451,1.00,1.00
2015.01.04 22:19:19.092,0.77354,0.77436,1.00,0.75
2015.01.04 22:19:19.201,0.7736,0.7745,1.00,1.00
2015.01.04 22:19:19.531,0.77354,0.77436,1.00,0.75
2015.01.04 22:19:21.838,0.77349,0.77431,1.00,0.75
2015.01.04 22:19:22.168,0.77355,0.77435,0.75,0.75
2015.01.04 22:19:22.519,0.7736,0.77445,1.00,0.75
2015.01.04 22:19:22.619,0.77359,0.77451,1.00,1.00
2015.01.04 22:19:22.941,0.77364,0.77451,1.00,1.00
2015.01.04 22:19:23.262,0.7736,0.77435,1.00,0.75
2015.01.04 22:19:23.312,0.77354,0.77446,1.00,0.75
2015.01.04 22:19:25.405,0.77355,0.77445,1.00,0.75
2015.01.04 22:19:25.942,0.77354,0.77446,1.00,0.75
2015.01.04 22:19:26.681,0.77359,0.77451,0.75,1.00
2015.01.04 22:19:27.231,0.7736,0.7745,1.00,1.00
2015.01.04 22:19:27.561,0.77359,0.77446,1.00,0.75
2015.01.04 22:19:31.190,0.77365,0.7745,0.75,1.00
2015.01.04 22:19:32.510,0.77364,0.77451,0.75,1.00
2015.01.04 22:19:33.398,0.77369,0.77451,0.75,1.00
2015.01.04 22:19:33.610,0.77364,0.77451,1.00,1.00
2015.01.04 22:19:35.040,0.77365,0.7745,1.00,0.75
2015.01.04 22:19:38.010,0.77359,0.77431,1.00,0.75
2015.01.04 22:19:40.058,0.77359,0.77421,1.00,1.00
2015.01.04 22:19:42.081,0.77365,0.77421,0.75,1.00
2015.01.04 22:19:42.410,0.77359,0.77421,1.00,1.00
2015.01.04 22:19:43.069,0.7736,0.77421,1.00,1.00
2015.01.04 22:19:44.058,0.77365,0.77421,0.75,1.00
2015.01.04 22:19:44.159,0.77365,0.77426,1.00,1.00
2015.01.04 22:19:44.310,0.77369,0.77426,1.00,1.00
2015.01.04 22:19:50.030,0.77349,0.77421,1.00,1.00
2015.01.04 22:19:50.081,0.77349,0.77399,1.00,1.00
2015.01.04 22:19:50.282,0.77365,0.77425,1.00,1.00
2015.01.04 22:19:50.333,0.77349,0.77421,1.00,1.00
2015.01.04 22:19:50.434,0.77349,0.77394,1.00,1.00
2015.01.04 22:19:53.894,0.77365,0.77394,1.00,1.00
2015.01.04 22:19:53.945,0.77365,0.77411,1.00,1.00
2015.01.04 22:19:54.096,0.77349,0.77411,1.00,1.00
2015.01.04 22:19:54.146,0.77349,0.77394,1.00,1.00
2015.01.04 22:19:55.613,0.7735,0.77394,1.00,1.00
2015.01.04 22:19:55.888,0.7735,0.77397,1.00,1.00
2015.01.04 22:19:56.217,0.7735,0.77411,1.00,1.00
2015.01.04 22:19:57.286,0.77354,0.77411,1.00,1.00
2015.01.04 22:19:57.386,0.77349,0.7741,1.00,1.00
2015.01.04 22:19:57.588,0.77349,0.77421,1.00,1.00
2015.01.04 22:19:57.688,0.77345,0.77403,1.00,1.00
2015.01.04 22:19:58.028,0.77349,0.77403,1.00,1.00
2015.01.04 22:19:59.816,0.77354,0.77403,1.00,1.00
2015.01.04 22:19:59.866,0.77354,0.77413,1.00,1.00
2015.01.04 22:20:00.017,0.77349,0.77413,1.00,1.00
2015.01.04 22:20:00.067,0.77349,0.77394,1.00,1.00
2015.01.04 22:20:01.327,0.77349,0.77413,1.00,1.00
2015.01.04 22:20:01.598,0.77354,0.77412,1.00,1.00
2015.01.04 22:20:01.920,0.77349,0.77413,1.00,1.00
2015.01.04 22:20:03.420,0.77354,0.77413,1.00,1.00
2015.01.04 22:20:03.971,0.77349,0.77413,1.00,1.00
2015.01.04 22:20:04.507,0.77349,0.77414,1.00,1.00
2015.01.04 22:20:06.832,0.77354,0.77414,1.00,1.00
2015.01.04 22:20:07.150,0.77359,0.77414,1.00,1.00
2015.01.04 22:20:07.201,0.77355,0.77414,1.00,1.00
2015.01.04 22:20:08.268,0.77354,0.77414,1.00,1.00
2015.01.04 22:20:08.919,0.77355,0.77414,1.00,1.00
2015.01.04 22:20:13.270,0.77354,0.77414,1.00,1.00
2015.01.04 22:20:14.330,0.77355,0.77414,1.00,1.00
2015.01.04 22:20:14.839,0.77354,0.77414,1.00,1.00
2015.01.04 22:20:14.890,0.77369,0.77414,1.00,1.00
2015.01.04 22:20:15.080,0.77354,0.77414,1.00,1.00
2015.01.04 22:20:15.332,0.7737,0.77414,1.00,1.00
2015.01.04 22:20:15.719,0.7737,0.77419,1.00,1.00
2015.01.04 22:20:15.870,0.77359,0.77419,1.00,1.00
2015.01.04 22:20:15.971,0.7737,0.77423,1.00,1.00
2015.01.04 22:20:16.188,0.77359,0.77423,1.00,1.00
2015.01.04 22:20:16.290,0.77369,0.77423,1.00,1.00
2015.01.04 22:20:18.930,0.77364,0.77423,1.00,1.00
2015.01.04 22:20:19.749,0.77365,0.77423,1.00,1.00
2015.01.04 22:20:19.800,0.77365,0.77417,1.00,1.00
2015.01.04 22:20:22.559,0.77359,0.77417,1.00,1.00
2015.01.04 22:20:25.900,0.77365,0.77417,1.00,1.00
2015.01.04 22:20:25.950,0.77365,0.77422,1.00,1.00
2015.01.04 22:20:28.281,0.77354,0.77422,1.00,1.00
2015.01.04 22:20:28.740,0.77364,0.77422,1.00,1.00
2015.01.04 22:20:28.841,0.7736,0.77422,1.00,1.00
2015.01.04 22:20:29.092,0.77354,0.77421,1.00,1.00
2015.01.04 22:20:29.315,0.77364,0.77422,1.00,1.00
2015.01.04 22:20:33.371,0.7735,0.7742,1.00,1.00
2015.01.04 22:20:33.421,0.7735,0.77407,1.00,1.00
2015.01.04 22:20:33.890,0.77354,0.77407,1.00,1.00
2015.01.04 22:20:34.211,0.77364,0.77417,1.00,1.00
2015.01.04 22:20:34.513,0.77355,0.77407,1.00,1.00
2015.01.04 22:20:35.026,0.77354,0.77407,1.00,1.00
2015.01.04 22:20:35.077,0.77354,0.77417,1.00,1.00
2015.01.04 22:20:35.127,0.77364,0.77417,1.00,1.00
2015.01.04 22:20:37.447,0.77364,0.77416,1.00,1.00
2015.01.04 22:20:39.998,0.77364,0.77417,1.00,1.00
2015.01.04 22:20:44.279,0.7736,0.77417,1.00,1.00
2015.01.04 22:20:44.381,0.77354,0.77416,1.00,1.00
2015.01.04 22:20:45.988,0.77354,0.77417,1.00,1.00
2015.01.04 22:20:46.757,0.77354,0.77422,1.00,1.00
2015.01.04 22:20:47.113,0.77364,0.77422,1.00,1.00
2015.01.04 22:20:49.336,0.77364,0.77431,1.00,1.00
2015.01.04 22:20:49.510,0.77359,0.77431,1.00,1.00
2015.01.04 22:20:50.519,0.77365,0.7744,1.00,1.00
2015.01.04 22:20:50.620,0.7737,0.77444,1.00,1.00
2015.01.04 22:20:51.160,0.77374,0.77444,1.00,1.00
2015.01.04 22:20:54.119,0.77374,0.77451,1.00,1.00
2015.01.04 22:20:54.219,0.77389,0.77471,1.00,1.00
2015.01.04 22:20:54.916,0.77389,0.77471,1.75,1.00
2015.01.04 22:20:55.448,0.77379,0.77441,1.75,0.75
2015.01.04 22:20:55.549,0.77379,0.77441,1.75,0.75
2015.01.04 22:20:55.600,0.77384,0.77456,1.37,1.00
2015.01.04 22:20:55.650,0.77384,0.77456,1.37,1.00
2015.01.04 22:20:56.189,0.77374,0.77441,1.00,0.75
2015.01.04 22:20:56.882,0.77375,0.7745,1.00,0.75
2015.01.04 22:20:56.944,0.77375,0.7744,1.00,0.75
2015.01.04 22:20:58.496,0.77375,0.7744,1.75,0.75
2015.01.04 22:20:58.547,0.77385,0.7745,1.50,0.75
2015.01.04 22:20:58.647,0.77384,0.77461,1.75,1.00
2015.01.04 22:20:58.698,0.77384,0.77461,1.75,1.00
2015.01.04 22:20:58.799,0.77384,0.77461,1.37,1.00
2015.01.04 22:20:58.860,0.77374,0.77441,1.75,0.75
2015.01.04 22:20:58.911,0.77374,0.77441,1.75,0.75
2015.01.04 22:20:59.299,0.77374,0.77441,1.00,0.75
2015.01.04 22:20:59.450,0.77374,0.77451,1.00,0.75
2015.01.04 22:20:59.519,0.7738,0.77455,1.00,1.00
2015.01.04 22:20:59.886,0.77374,0.77441,1.00,0.75
2015.01.04 22:21:02.419,0.77374,0.77441,1.75,1.00
2015.01.04 22:21:02.870,0.77375,0.7744,1.37,0.75
2015.01.04 22:21:03.128,0.77364,0.77441,1.75,0.75
2015.01.04 22:21:03.249,0.77364,0.77441,1.75,0.75
2015.01.04 22:21:03.299,0.77384,0.77446,1.00,0.75
2015.01.04 22:21:03.350,0.77384,0.77446,1.75,0.75
2015.01.04 22:21:03.400,0.77379,0.77456,1.75,1.00
2015.01.04 22:21:03.501,0.77379,0.77456,1.00,1.00
2015.01.04 22:21:03.601,0.77369,0.77436,1.00,0.75
2015.01.04 22:21:03.702,0.77364,0.77441,1.00,1.00
2015.01.04 22:21:03.753,0.77364,0.77441,1.75,1.00
2015.01.04 22:21:04.412,0.77364,0.77441,1.00,1.00
2015.01.04 22:21:04.812,0.77365,0.7744,1.75,1.00
2015.01.04 22:21:05.113,0.77365,0.7744,1.50,1.00
2015.01.04 22:21:05.164,0.77369,0.77446,1.37,1.00
2015.01.04 22:21:05.264,0.77369,0.77451,1.00,1.00
2015.01.04 22:21:06.469,0.77369,0.77456,1.00,1.00
2015.01.04 22:21:08.906,0.77365,0.7744,1.00,0.75
2015.01.04 22:21:10.668,0.77354,0.77435,1.00,1.00
2015.01.04 22:21:10.719,0.7735,0.77435,1.00,1.00
2015.01.04 22:21:10.847,0.77365,0.77438,1.00,1.00
2015.01.04 22:21:10.948,0.77365,0.7744,1.00,1.00
2015.01.04 22:21:11.949,0.77369,0.77436,1.00,1.00
2015.01.04 22:21:13.868,0.7737,0.77435,1.00,1.00
2015.01.04 22:21:15.250,0.77364,0.77431,1.00,1.00
2015.01.04 22:21:16.438,0.77365,0.7743,1.00,1.00
2015.01.04 22:21:17.338,0.77354,0.77431,1.00,1.00
2015.01.04 22:21:17.439,0.77349,0.77431,1.00,1.00
2015.01.04 22:21:17.557,0.7736,0.7743,1.00,1.00
2015.01.04 22:21:23.064,0.77354,0.77416,1.50,1.00
2015.01.04 22:21:24.317,0.77359,0.77426,1.00,1.00
2015.01.04 22:21:25.048,0.77364,0.77447,1.00,1.00
2015.01.04 22:21:25.099,0.77364,0.77471,1.00,1.00
2015.01.04 22:21:27.461,0.77363,0.77455,1.00,1.00
2015.01.04 22:21:27.561,0.7736,0.77455,1.00,1.00
2015.01.04 22:21:29.440,0.77369,0.77476,1.00,1.00
2015.01.04 22:21:29.599,0.77369,0.77476,1.37,1.00
2015.01.04 22:21:30.476,0.77374,0.77465,1.00,1.00
2015.01.04 22:21:31.418,0.77374,0.77456,1.00,1.00
2015.01.04 22:21:31.644,0.77372,0.77466,1.37,1.00
2015.01.04 22:21:31.744,0.77375,0.77466,1.00,1.00
2015.01.04 22:21:34.158,0.77375,0.77466,1.37,1.00
2015.01.04 22:21:34.481,0.77365,0.77464,1.75,1.00
2015.01.04 22:21:36.982,0.77369,0.77464,1.12,1.00
2015.01.04 22:21:37.183,0.77369,0.77445,1.00,1.00
2015.01.04 22:21:37.307,0.77366,0.77445,1.12,1.00
2015.01.04 22:21:37.765,0.77366,0.77445,1.75,1.00
2015.01.04 22:21:38.487,0.77366,0.7746,1.75,1.00
2015.01.04 22:21:38.588,0.77366,0.7746,1.75,1.00
2015.01.04 22:21:38.638,0.7737,0.77463,1.75,1.00
2015.01.04 22:21:39.091,0.7737,0.77463,1.37,1.00
2015.01.04 22:21:39.192,0.7737,0.77463,1.75,1.00
2015.01.04 22:21:46.766,0.77375,0.77465,1.75,1.00
2015.01.04 22:21:48.911,0.77376,0.7747,1.75,0.75
2015.01.04 22:21:49.088,0.77375,0.77469,1.00,0.75
2015.01.04 22:21:49.656,0.77374,0.77469,1.00,1.00
2015.01.04 22:21:50.177,0.7737,0.77467,1.00,1.00
2015.01.04 22:21:50.228,0.7737,0.77467,1.37,1.00
2015.01.04 22:21:50.529,0.77361,0.77448,1.00,0.75
2015.01.04 22:21:51.716,0.77361,0.77451,1.00,0.75
2015.01.04 22:21:51.947,0.77364,0.77449,1.00,0.75
2015.01.04 22:21:52.397,0.77366,0.7745,1.00,0.75
2015.01.04 22:21:53.966,0.7737,0.7745,1.00,0.75
2015.01.04 22:21:55.086,0.77366,0.7745,1.00,1.00
2015.01.04 22:21:55.137,0.7733,0.77484,1.75,1.00
2015.01.04 22:21:55.202,0.7733,0.77484,1.75,1.00
2015.01.04 22:21:55.826,0.7733,0.77482,1.75,1.00
2015.01.04 22:21:56.489,0.7733,0.77475,1.75,1.00
2015.01.04 22:21:56.605,0.7733,0.77475,1.37,1.00
2015.01.04 22:21:56.777,0.77315,0.77472,1.75,1.00
2015.01.04 22:21:57.025,0.77314,0.77472,1.75,1.00
2015.01.04 22:21:57.207,0.77314,0.77472,1.75,1.00
2015.01.04 22:21:57.327,0.77317,0.77474,1.75,1.00
2015.01.04 22:21:57.599,0.77312,0.7746,1.75,1.00
2015.01.04 22:21:57.750,0.77315,0.77473,1.75,1.00
2015.01.04 22:21:57.818,0.7733,0.77473,1.00,1.00
2015.01.04 22:21:58.143,0.7733,0.77475,1.00,1.00
2015.01.04 22:21:58.193,0.77316,0.77461,1.75,1.00
2015.01.04 22:21:58.294,0.77316,0.77475,1.75,1.00
2015.01.04 22:21:58.344,0.77336,0.77474,1.00,1.00
2015.01.04 22:21:58.575,0.77333,0.77473,1.00,1.00
2015.01.04 22:21:58.698,0.77333,0.7746,1.00,1.00
2015.01.04 22:21:58.849,0.77335,0.77475,1.50,1.00
2015.01.04 22:21:59.138,0.77339,0.77474,1.00,1.00
2015.01.04 22:22:03.652,0.77339,0.77474,1.75,1.00
2015.01.04 22:22:03.753,0.77339,0.77474,1.00,1.00
2015.01.04 22:22:04.457,0.77334,0.77474,1.37,1.00
2015.01.04 22:22:07.259,0.77334,0.77474,1.00,1.00
2015.01.04 22:22:08.720,0.77354,0.77474,1.00,1.00
2015.01.04 22:22:11.017,0.77355,0.77474,1.00,1.00
2015.01.04 22:22:13.083,0.77361,0.77446,1.00,1.00
2015.01.04 22:22:13.595,0.77379,0.77446,1.00,0.75
2015.01.04 22:22:15.891,0.77362,0.77435,1.00,1.00
2015.01.04 22:22:15.942,0.7735,0.77406,1.00,1.00
2015.01.04 22:22:16.412,0.77324,0.77406,1.00,1.00
2015.01.04 22:22:16.512,0.77324,0.77385,1.00,1.00
2015.01.04 22:22:17.057,0.77324,0.77407,1.00,1.00
2015.01.04 22:22:17.656,0.7733,0.77407,1.00,1.00
2015.01.04 22:22:17.707,0.77335,0.77475,1.00,1.00
2015.01.04 22:22:18.277,0.77334,0.77475,1.00,1.00
2015.01.04 22:22:19.816,0.77355,0.77475,1.00,1.00
2015.01.04 22:22:20.737,0.77354,0.77475,1.00,1.00
2015.01.04 22:22:23.936,0.77349,0.77471,1.00,1.00
2015.01.04 22:22:24.911,0.77344,0.77466,1.00,1.00
2015.01.04 22:22:25.866,0.77365,0.7747,1.00,1.00
2015.01.04 22:22:26.417,0.77369,0.77463,1.00,1.00
2015.01.04 22:22:27.522,0.77369,0.77456,1.00,1.00
2015.01.04 22:22:27.737,0.77364,0.77455,1.00,1.00
2015.01.04 22:22:28.177,0.77364,0.7746,1.00,1.00
2015.01.04 22:22:28.288,0.77364,0.77463,1.50,1.00
2015.01.04 22:22:28.391,0.77369,0.77463,1.00,1.00
2015.01.04 22:22:34.308,0.77364,0.77463,1.00,1.00
2015.01.04 22:22:35.655,0.77364,0.77426,1.00,1.00
2015.01.04 22:22:35.756,0.77344,0.77426,1.00,1.00
2015.01.04 22:22:38.627,0.77339,0.77421,1.00,1.00
2015.01.04 22:22:38.727,0.77324,0.77421,1.50,1.00
2015.01.04 22:22:47.107,0.77324,0.77416,1.00,1.00
2015.01.04 22:22:47.158,0.77299,0.77416,1.00,1.00
2015.01.04 22:22:49.405,0.77295,0.7741,1.00,1.00
2015.01.04 22:22:57.325,0.773,0.7741,1.00,1.00
2015.01.04 22:22:59.526,0.77294,0.77411,1.00,1.00
2015.01.04 22:23:02.275,0.77295,0.7741,1.00,1.00
2015.01.04 22:23:14.375,0.77294,0.77391,1.00,1.00
2015.01.04 22:23:15.146,0.77295,0.7739,1.00,1.00
2015.01.04 22:23:15.914,0.77299,0.77396,1.00,1.00
2015.01.04 22:23:16.906,0.773,0.77395,1.00,1.00
2015.01.04 22:23:17.346,0.77292,0.7739,1.00,1.00
2015.01.04 22:23:17.914,0.77294,0.77391,1.00,1.00
2015.01.04 22:23:19.115,0.77292,0.77391,1.00,1.00
2015.01.04 22:23:19.250,0.77292,0.77396,1.00,1.00
2015.01.04 22:23:19.436,0.77295,0.77395,1.00,1.00
2015.01.04 22:23:19.587,0.77292,0.77395,1.00,1.00
2015.01.04 22:23:19.766,0.77295,0.77395,1.00,1.00
2015.01.04 22:23:20.366,0.77292,0.77391,1.00,1.00
2015.01.04 22:23:20.681,0.77292,0.77395,1.00,1.00
2015.01.04 22:23:22.431,0.77292,0.774,1.00,1.00
2015.01.04 22:23:23.835,0.77295,0.77405,1.00,1.00
2015.01.04 22:23:25.486,0.77295,0.774,1.00,1.00
2015.01.04 22:23:26.415,0.77295,0.77395,1.00,1.00
2015.01.04 22:23:27.134,0.77292,0.77391,1.00,1.00
2015.01.04 22:23:27.467,0.77294,0.77391,1.00,1.00
2015.01.04 22:23:27.586,0.77292,0.77396,1.00,1.00
2015.01.04 22:23:27.636,0.77295,0.77396,1.00,1.00
2015.01.04 22:23:27.744,0.77293,0.77396,1.00,1.00
2015.01.04 22:23:41.044,0.77293,0.77385,1.00,1.00
2015.01.04 22:23:41.094,0.7728,0.7738,1.00,1.00
2015.01.04 22:23:41.195,0.7728,0.77354,0.75,1.00
2015.01.04 22:23:41.245,0.77274,0.77354,0.75,1.00
2015.01.04 22:23:41.396,0.77275,0.77368,1.00,1.00
2015.01.04 22:23:41.879,0.77275,0.77365,0.75,1.00
2015.01.04 22:23:42.583,0.77274,0.77365,0.75,1.00
2015.01.04 22:23:43.305,0.77309,0.77365,0.75,1.00
2015.01.04 22:23:43.506,0.77309,0.7737,0.75,1.00
2015.01.04 22:23:44.045,0.7731,0.7737,0.75,1.00
2015.01.04 22:23:44.624,0.77304,0.7737,0.75,1.00
2015.01.04 22:23:46.284,0.77305,0.7737,0.75,1.00
2015.01.04 22:23:46.335,0.77305,0.7736,1.00,1.00
2015.01.04 22:23:46.444,0.77305,0.77362,1.00,1.00
2015.01.04 22:23:47.174,0.77304,0.77362,1.00,1.00
2015.01.04 22:23:53.976,0.7731,0.77362,0.75,1.00
2015.01.04 22:23:54.635,0.77309,0.77362,1.00,1.00
2015.01.04 22:23:55.243,0.77309,0.77386,0.75,1.00
2015.01.04 22:23:55.294,0.77319,0.77397,1.00,1.00
2015.01.04 22:23:55.395,0.77319,0.77401,1.00,1.00
2015.01.04 22:23:55.845,0.77309,0.77401,1.00,1.00
2015.01.04 22:24:05.230,0.77309,0.77386,1.00,0.75
2015.01.04 22:24:07.215,0.7731,0.77385,1.00,0.75
2015.01.04 22:24:08.384,0.77309,0.77386,1.00,0.75
2015.01.04 22:24:10.201,0.77309,0.77381,1.00,0.75
2015.01.04 22:24:10.252,0.77304,0.77381,1.00,0.75
2015.01.04 22:24:12.283,0.77304,0.77386,1.00,0.75
2015.01.04 22:24:12.344,0.773,0.77375,1.00,0.75
2015.01.04 22:24:14.873,0.77304,0.77381,1.00,1.00
2015.01.04 22:24:16.744,0.77309,0.77381,1.00,1.00
2015.01.04 22:24:17.843,0.77304,0.77376,1.00,1.00
2015.01.04 22:24:22.087,0.77304,0.77371,1.00,1.00
2015.01.04 22:24:22.137,0.77304,0.77376,1.00,1.00
2015.01.04 22:24:30.825,0.773,0.7737,1.00,0.75
2015.01.04 22:24:37.093,0.77304,0.77416,1.00,1.00
2015.01.04 22:24:41.603,0.77299,0.77371,1.00,0.75
2015.01.04 22:24:41.965,0.77304,0.77376,1.00,1.00
2015.01.04 22:24:44.491,0.77305,0.77375,1.00,1.00
2015.01.04 22:24:45.760,0.77304,0.77376,1.00,1.00
2015.01.04 22:24:46.555,0.77309,0.77381,1.00,1.00
2015.01.04 22:24:47.106,0.77304,0.77381,1.00,1.00
2015.01.04 22:24:51.944,0.77305,0.7738,1.00,1.00
2015.01.04 22:24:52.604,0.77304,0.77381,1.00,1.00
2015.01.04 22:24:54.694,0.7731,0.77385,1.00,1.00
2015.01.04 22:24:55.368,0.77324,0.77396,1.00,1.00
2015.01.04 22:24:55.904,0.77324,0.77401,1.00,1.00
2015.01.04 22:24:56.673,0.77325,0.774,1.00,1.00
2015.01.04 22:25:02.736,0.77325,0.774,1.50,1.00
2015.01.04 22:25:05.327,0.77325,0.774,1.00,1.00
2015.01.04 22:25:05.584,0.7733,0.77409,1.00,1.00
2015.01.04 22:25:05.685,0.7733,0.7744,1.00,1.00
2015.01.04 22:25:05.953,0.7733,0.7744,1.37,1.00
2015.01.04 22:25:06.657,0.7733,0.7744,1.50,1.00
2015.01.04 22:25:08.191,0.7733,0.7744,1.50,1.00
2015.01.04 22:25:08.241,0.7733,0.7745,1.50,1.00
2015.01.04 22:25:09.704,0.7733,0.7745,1.00,1.00
2015.01.04 22:25:10.205,0.77329,0.77451,1.00,1.00
2015.01.04 22:25:10.865,0.77324,0.77406,1.00,0.75
2015.01.04 22:25:17.354,0.7733,0.77411,1.00,1.00
2015.01.04 22:25:17.413,0.7733,0.7745,1.00,1.75
2015.01.04 22:25:17.464,0.7733,0.7745,1.00,1.00
2015.01.04 22:25:18.684,0.77315,0.77435,0.75,1.00
2015.01.04 22:25:18.986,0.77329,0.77441,0.75,1.00
2015.01.04 22:25:19.305,0.77314,0.77412,1.00,1.00
2015.01.04 22:25:19.776,0.77309,0.77412,1.00,1.00
2015.01.04 22:25:20.288,0.7731,0.77412,1.00,1.00
2015.01.04 22:25:21.383,0.77309,0.77412,1.00,1.00
2015.01.04 22:25:22.197,0.77305,0.77412,1.00,1.00
2015.01.04 22:25:24.086,0.77314,0.77412,1.00,1.00
2015.01.04 22:25:24.137,0.77314,0.77436,1.00,1.00
2015.01.04 22:25:24.287,0.77319,0.77441,1.00,1.00
2015.01.04 22:25:25.425,0.77309,0.77386,1.00,0.75
2015.01.04 22:25:26.527,0.77314,0.77391,1.00,1.00
2015.01.04 22:25:29.046,0.77309,0.77386,1.00,1.00
2015.01.04 22:25:31.145,0.773,0.77394,1.00,1.00
2015.01.04 22:25:31.573,0.77285,0.7743,1.00,1.00
2015.01.04 22:25:33.226,0.77283,0.77375,1.00,1.00
2015.01.04 22:25:34.314,0.77283,0.77371,1.00,1.00
2015.01.04 22:25:34.563,0.77286,0.77376,1.00,1.00
2015.01.04 22:25:34.625,0.77286,0.7738,1.00,1.00
2015.01.04 22:25:34.845,0.77287,0.77365,1.00,1.00
2015.01.04 22:25:35.222,0.77286,0.77361,1.00,1.00
2015.01.04 22:25:35.394,0.77286,0.77366,1.00,1.00
2015.01.04 22:25:35.943,0.77286,0.77371,1.00,1.00
2015.01.04 22:25:36.055,0.77286,0.77366,1.00,1.00
2015.01.04 22:25:37.045,0.77286,0.77371,1.00,1.00
2015.01.04 22:25:39.383,0.77286,0.77361,1.00,1.00
2015.01.04 22:25:39.434,0.77267,0.77354,1.50,1.00
2015.01.04 22:25:40.871,0.77267,0.77367,1.50,1.00
2015.01.04 22:25:40.926,0.77265,0.77367,1.00,1.00
2015.01.04 22:25:40.977,0.77265,0.77375,1.00,1.50
2015.01.04 22:25:41.516,0.77264,0.77375,1.00,1.00
2015.01.04 22:25:42.106,0.77265,0.77375,1.00,1.50
2015.01.04 22:25:45.363,0.77287,0.77376,1.00,1.00
2015.01.04 22:25:47.413,0.77287,0.77382,1.00,1.00
2015.01.04 22:25:47.564,0.77289,0.77383,1.00,1.00
2015.01.04 22:25:47.904,0.77263,0.77357,1.00,1.00
2015.01.04 22:25:49.142,0.77262,0.77356,1.00,1.00
2015.01.04 22:25:49.456,0.77244,0.7733,1.00,0.75
2015.01.04 22:25:51.786,0.77254,0.7733,1.00,0.75
2015.01.04 22:25:53.106,0.77249,0.7733,1.00,1.00
2015.01.04 22:25:53.895,0.77254,0.7733,1.00,0.75
2015.01.04 22:25:54.045,0.77259,0.77372,1.00,1.00
2015.01.04 22:25:54.146,0.77244,0.77356,1.00,1.00
2015.01.04 22:25:54.628,0.77244,0.77331,1.00,1.00
2015.01.04 22:25:54.829,0.77245,0.77333,1.00,1.00
2015.01.04 22:25:55.016,0.77249,0.77333,1.00,1.00
2015.01.04 22:25:57.496,0.77244,0.77333,1.00,1.00
2015.01.04 22:25:59.157,0.77254,0.77333,1.00,0.75
2015.01.04 22:25:59.282,0.77254,0.77372,1.00,1.00
2015.01.04 22:25:59.383,0.77254,0.77376,1.00,1.00
2015.01.04 22:25:59.613,0.77254,0.77371,1.00,1.00
2015.01.04 22:26:01.575,0.77259,0.77378,1.00,1.00
2015.01.04 22:26:02.293,0.77276,0.7737,1.00,1.00
2015.01.04 22:26:02.443,0.77278,0.77373,1.00,1.00
2015.01.04 22:26:03.006,0.77279,0.77374,1.00,1.00
2015.01.04 22:26:16.922,0.77279,0.77356,1.00,1.00
2015.01.04 22:26:17.304,0.77278,0.7736,1.00,1.00
2015.01.04 22:26:18.295,0.77278,0.77371,1.00,1.00
2015.01.04 22:26:19.175,0.77278,0.7737,1.00,1.00
2015.01.04 22:26:19.604,0.77254,0.77349,1.00,1.00
2015.01.04 22:26:22.246,0.77278,0.7737,1.00,1.00
2015.01.04 22:26:25.695,0.77278,0.77365,1.00,1.00
2015.01.04 22:26:27.063,0.77279,0.77365,1.00,1.00
2015.01.04 22:26:28.964,0.77279,0.77366,1.00,1.00
2015.01.04 22:26:34.355,0.77279,0.77365,1.00,1.00
2015.01.04 22:26:35.646,0.77278,0.77366,1.00,1.00
2015.01.04 22:26:37.835,0.77279,0.77366,1.00,1.00
2015.01.04 22:26:39.058,0.77278,0.77365,1.00,1.00
2015.01.04 22:26:39.392,0.77278,0.77361,1.00,1.00
2015.01.04 22:26:40.664,0.77278,0.77356,1.00,1.00
2015.01.04 22:26:40.715,0.7725,0.77345,1.00,1.00
2015.01.04 22:26:42.415,0.7725,0.77336,1.00,1.00
2015.01.04 22:26:42.935,0.7725,0.77335,1.00,1.00
2015.01.04 22:26:43.624,0.7725,0.77345,1.00,1.00
2015.01.04 22:26:44.793,0.77251,0.77345,1.50,1.00
2015.01.04 22:26:46.762,0.7725,0.77345,1.00,1.00
2015.01.04 22:26:47.243,0.7725,0.7734,1.00,1.00
2015.01.04 22:26:47.773,0.7725,0.77341,1.00,1.00
2015.01.04 22:26:50.631,0.7725,0.7734,1.00,1.00
2015.01.04 22:26:52.407,0.77234,0.77327,1.00,1.00
2015.01.04 22:26:53.162,0.77235,0.77327,1.00,1.00
2015.01.04 22:26:53.373,0.77235,0.77335,1.00,1.00
2015.01.04 22:26:54.044,0.77234,0.77336,1.50,1.00
2015.01.04 22:26:55.365,0.7724,0.7734,1.00,1.00
2015.01.04 22:26:56.706,0.77245,0.7734,1.00,1.00
2015.01.04 22:26:59.482,0.77235,0.7733,1.00,1.00
2015.01.04 22:27:00.203,0.77234,0.77331,1.50,1.00
2015.01.04 22:27:00.453,0.77235,0.77335,1.00,1.00
2015.01.04 22:27:00.798,0.77239,0.77336,1.00,1.00
2015.01.04 22:27:01.414,0.77245,0.7734,1.00,1.00
2015.01.04 22:27:02.664,0.77285,0.7735,0.75,1.00
2015.01.04 22:27:04.222,0.77284,0.77351,1.00,1.00
2015.01.04 22:27:06.253,0.77279,0.77346,1.00,1.00
2015.01.04 22:27:08.910,0.77265,0.7734,1.00,1.00
2015.01.04 22:27:12.965,0.77269,0.77344,1.00,1.00
2015.01.04 22:27:13.814,0.7727,0.77344,1.00,1.00
2015.01.04 22:27:13.865,0.77251,0.77344,1.00,1.00
2015.01.04 22:27:13.915,0.77244,0.77329,1.00,1.00
2015.01.04 22:27:16.194,0.77245,0.77329,1.00,1.00
2015.01.04 22:27:16.703,0.77244,0.77329,1.00,1.00
2015.01.04 22:27:20.280,0.77247,0.7734,1.00,1.00
2015.01.04 22:27:22.172,0.77236,0.77329,1.00,1.00
2015.01.04 22:27:23.272,0.77235,0.7733,1.00,1.00
2015.01.04 22:27:23.942,0.77219,0.77292,1.00,0.75
2015.01.04 22:27:24.043,0.77225,0.77326,1.00,1.00
2015.01.04 22:27:27.222,0.7722,0.77326,1.00,1.00
2015.01.04 22:27:32.132,0.77225,0.77326,1.00,1.00
2015.01.04 22:27:33.373,0.77224,0.77325,1.00,1.00
2015.01.04 22:27:33.972,0.77224,0.77326,1.00,1.00
2015.01.04 22:27:34.634,0.77229,0.77326,1.00,1.00
2015.01.04 22:27:34.963,0.77224,0.77326,1.00,1.00
2015.01.04 22:27:38.703,0.77229,0.77326,1.00,1.00
2015.01.04 22:27:47.311,0.77234,0.77326,1.00,1.00
2015.01.04 22:27:47.462,0.77236,0.7733,1.00,1.00
2015.01.04 22:27:47.563,0.77237,0.77332,1.00,1.00
2015.01.04 22:27:48.464,0.77238,0.77333,1.00,1.00
2015.01.04 22:27:48.739,0.77238,0.77331,1.00,1.00
2015.01.04 22:27:49.286,0.77238,0.7733,1.00,1.50
2015.01.04 22:27:49.781,0.77229,0.77324,1.00,1.00
2015.01.04 22:27:49.882,0.77227,0.77322,1.00,1.00
2015.01.04 22:27:49.983,0.7722,0.77327,1.00,1.00
2015.01.04 22:27:51.652,0.77184,0.77326,1.00,1.00
2015.01.04 22:27:51.901,0.77194,0.77331,1.00,1.00
2015.01.04 22:27:54.484,0.77194,0.77331,1.75,1.00
2015.01.04 22:27:54.924,0.7722,0.7733,1.75,1.00
2015.01.04 22:27:57.047,0.7722,0.7733,1.75,1.00
2015.01.04 22:27:57.672,0.77225,0.77325,1.75,1.00
2015.01.04 22:27:58.815,0.77224,0.77326,1.75,1.00
2015.01.04 22:27:59.051,0.77234,0.7734,1.75,1.00
2015.01.04 22:27:59.152,0.7727,0.77346,1.00,1.00
2015.01.04 22:27:59.453,0.77257,0.77346,1.00,1.00
2015.01.04 22:27:59.504,0.77257,0.7734,1.50,1.00
2015.01.04 22:27:59.822,0.7722,0.77335,1.75,1.00
2015.01.04 22:27:59.956,0.7722,0.77335,1.75,1.00
2015.01.04 22:28:00.260,0.7722,0.77335,1.50,1.00
2015.01.04 22:28:00.310,0.77215,0.77325,1.50,0.75
2015.01.04 22:28:00.361,0.77215,0.77325,1.50,1.00
2015.01.04 22:28:00.411,0.77205,0.7732,1.50,0.75
2015.01.04 22:28:00.592,0.77205,0.7732,1.50,0.75
2015.01.04 22:28:00.643,0.77205,0.77335,1.50,1.00
2015.01.04 22:28:00.820,0.77209,0.77341,1.50,1.00
2015.01.04 22:28:00.871,0.77209,0.77341,1.50,1.00
2015.01.04 22:28:01.406,0.7722,0.77335,1.50,1.00
2015.01.04 22:28:02.461,0.77224,0.77336,1.50,1.00
2015.01.04 22:28:03.892,0.77224,0.77336,1.50,1.00
2015.01.04 22:28:05.744,0.77224,0.77336,1.50,1.00
2015.01.04 22:28:06.180,0.77224,0.77336,1.50,0.75
2015.01.04 22:28:07.184,0.77224,0.77336,1.50,0.75
2015.01.04 22:28:08.087,0.77224,0.77336,1.50,1.00
2015.01.04 22:28:08.183,0.77234,0.77341,1.50,1.00
2015.01.04 22:28:08.233,0.77234,0.77341,1.50,1.00
2015.01.04 22:28:09.572,0.77234,0.77341,1.50,1.00
2015.01.04 22:28:10.704,0.77234,0.77341,1.50,1.00
2015.01.04 22:28:10.755,0.77225,0.77335,1.50,1.00
2015.01.04 22:28:10.805,0.77225,0.77335,1.50,1.00
2015.01.04 22:28:10.855,0.77219,0.77326,1.50,0.75
2015.01.04 22:28:10.956,0.77225,0.77335,1.50,1.00
2015.01.04 22:28:11.058,0.77225,0.77335,1.50,1.00
2015.01.04 22:28:12.243,0.77225,0.77335,1.50,1.00
2015.01.04 22:28:14.121,0.77254,0.77331,0.75,1.00
2015.01.04 22:28:14.171,0.77247,0.77331,0.75,1.00
2015.01.04 22:28:14.391,0.77239,0.77331,0.75,0.75
2015.01.04 22:28:16.431,0.77239,0.77326,0.75,0.75
2015.01.04 22:28:18.353,0.77245,0.77326,0.75,0.75
2015.01.04 22:28:18.854,0.77239,0.77326,0.75,0.75
2015.01.04 22:28:21.960,0.77251,0.77326,0.75,0.75
2015.01.04 22:28:23.668,0.7725,0.77326,0.75,0.75
2015.01.04 22:28:24.463,0.7725,0.77331,0.75,0.75
2015.01.04 22:28:25.581,0.77257,0.77331,0.75,0.75
2015.01.04 22:28:27.785,0.77249,0.77331,0.75,0.75
2015.01.04 22:28:28.687,0.77255,0.77331,0.75,0.75
2015.01.04 22:28:28.751,0.77255,0.77336,0.75,0.75
2015.01.04 22:28:29.610,0.77255,0.77335,0.75,0.75
2015.01.04 22:28:31.192,0.7721,0.77335,1.50,0.75
2015.01.04 22:28:32.161,0.77209,0.77336,1.50,0.75
2015.01.04 22:28:32.212,0.77209,0.77336,1.50,0.75
2015.01.04 22:28:32.740,0.7721,0.77335,1.50,0.75
2015.01.04 22:28:33.262,0.77214,0.77341,1.50,0.75
2015.01.04 22:28:33.312,0.77262,0.77341,0.75,0.75
2015.01.04 22:28:34.099,0.77215,0.7734,1.50,0.75
2015.01.04 22:28:34.149,0.77251,0.77325,0.75,0.75
2015.01.04 22:28:34.299,0.77246,0.77325,0.75,0.75
2015.01.04 22:28:34.405,0.77246,0.7734,0.75,0.75
2015.01.04 22:28:36.434,0.77253,0.7734,0.75,0.75
2015.01.04 22:28:36.865,0.77261,0.77336,0.75,0.75
2015.01.04 22:28:38.339,0.77195,0.77318,1.75,1.00
2015.01.04 22:28:38.600,0.77199,0.77336,1.50,0.75
2015.01.04 22:28:38.650,0.77199,0.77336,1.50,0.75
2015.01.04 22:28:40.777,0.77248,0.77336,0.75,0.75
2015.01.04 22:28:41.379,0.77241,0.77336,0.75,0.75
2015.01.04 22:28:41.429,0.77241,0.77321,0.75,0.75
2015.01.04 22:28:42.380,0.77194,0.77321,1.50,0.75
2015.01.04 22:28:43.270,0.77233,0.77316,0.75,0.75
2015.01.04 22:28:45.486,0.7724,0.77316,0.75,0.75
2015.01.04 22:28:46.288,0.77238,0.77316,0.75,0.75
2015.01.04 22:28:46.352,0.77238,0.77336,0.75,0.75
2015.01.04 22:28:46.570,0.77238,0.77331,0.75,0.75
2015.01.04 22:28:46.721,0.77238,0.77341,0.75,1.00
2015.01.04 22:28:47.052,0.77238,0.77331,0.75,0.75
2015.01.04 22:28:47.390,0.7723,0.77319,0.75,1.00
2015.01.04 22:28:47.490,0.77184,0.77319,1.00,1.00
2015.01.04 22:28:47.541,0.77184,0.77317,1.00,1.00
2015.01.04 22:28:49.119,0.77189,0.77317,1.00,1.00
2015.01.04 22:28:49.451,0.77184,0.77317,1.00,1.00
2015.01.04 22:28:50.207,0.77189,0.77317,1.00,1.00
2015.01.04 22:28:50.480,0.77195,0.7734,1.00,0.75
2015.01.04 22:28:53.402,0.77195,0.7734,1.50,0.75
2015.01.04 22:28:56.533,0.77195,0.7734,1.50,0.75
2015.01.04 22:29:01.873,0.77195,0.7734,1.50,0.75
2015.01.04 22:29:03.359,0.77195,0.7734,1.00,0.75
2015.01.04 22:29:05.271,0.77205,0.7734,1.00,0.75
2015.01.04 22:29:06.810,0.77199,0.77336,1.00,0.75
2015.01.04 22:29:07.361,0.77205,0.7734,1.00,0.75
2015.01.04 22:29:09.448,0.77194,0.77341,1.37,0.75
2015.01.04 22:29:10.025,0.77194,0.77341,1.00,0.75
2015.01.04 22:29:14.414,0.77194,0.77351,1.00,0.75
2015.01.04 22:29:14.515,0.77214,0.77346,1.00,0.75
2015.01.04 22:29:17.403,0.7722,0.77345,1.00,0.75
2015.01.04 22:29:20.481,0.77194,0.77351,1.37,0.75
2015.01.04 22:29:20.532,0.77194,0.77351,1.00,0.75
2015.01.04 22:29:22.101,0.77195,0.7735,1.00,0.75
2015.01.04 22:29:27.716,0.77189,0.77346,1.00,1.00
2015.01.04 22:29:33.319,0.7719,0.77345,1.00,1.00
2015.01.04 22:29:33.379,0.77192,0.77345,1.00,1.00
2015.01.04 22:29:40.141,0.77194,0.77349,1.00,1.00
2015.01.04 22:29:40.469,0.77192,0.77345,1.00,1.00
2015.01.04 22:29:42.009,0.77195,0.77349,1.00,1.00
2015.01.04 22:29:42.340,0.77205,0.77349,1.00,1.00
2015.01.04 22:29:42.670,0.77194,0.77351,1.00,1.50
2015.01.04 22:29:43.440,0.77199,0.77353,1.00,1.00
2015.01.04 22:29:47.882,0.77194,0.77351,1.00,1.00
2015.01.04 22:29:47.983,0.77219,0.77346,0.75,1.00
2015.01.04 22:29:48.429,0.77225,0.7735,1.00,1.00
2015.01.04 22:29:49.160,0.77224,0.77351,1.00,1.00
2015.01.04 22:29:52.509,0.77225,0.7735,1.00,1.00
2015.01.04 22:29:54.330,0.77224,0.77351,1.00,1.00
2015.01.04 22:29:54.768,0.77229,0.77356,1.00,1.00
2015.01.04 22:29:58.621,0.77225,0.7735,1.00,1.00
2015.01.04 22:30:00.068,0.77224,0.77356,1.00,1.00
2015.01.04 22:30:00.851,0.77219,0.77351,1.75,1.00
2015.01.04 22:30:01.344,0.77265,0.77351,0.75,1.00
2015.01.04 22:30:02.363,0.77224,0.77356,1.75,1.00
2015.01.04 22:30:02.750,0.77224,0.77356,1.75,1.00
2015.01.04 22:30:03.051,0.77268,0.77356,0.75,1.00
2015.01.04 22:30:03.752,0.77224,0.77356,1.75,1.00
2015.01.04 22:30:04.353,0.77224,0.77356,1.75,1.00
2015.01.04 22:30:04.454,0.77224,0.77356,1.00,1.00
2015.01.04 22:30:05.856,0.77224,0.77356,1.75,1.00
2015.01.04 22:30:07.362,0.77224,0.77356,1.75,1.00
2015.01.04 22:30:08.191,0.77225,0.77355,1.50,1.00
2015.01.04 22:30:09.361,0.77224,0.77356,1.50,1.50
2015.01.04 22:30:10.714,0.77224,0.77356,1.75,1.00
2015.01.04 22:30:10.768,0.77224,0.77356,1.37,1.00
2015.01.04 22:30:13.175,0.77224,0.77356,1.00,1.00
2015.01.04 22:30:13.252,0.77219,0.77356,1.00,1.00
2015.01.04 22:30:13.931,0.77224,0.77357,1.00,1.00
2015.01.04 22:30:15.121,0.77225,0.77357,1.00,1.00
2015.01.04 22:30:15.601,0.77229,0.77357,1.00,1.00
2015.01.04 22:30:17.038,0.77225,0.77357,1.00,1.00
2015.01.04 22:30:17.723,0.77224,0.77357,1.00,1.00
2015.01.04 22:30:17.773,0.77229,0.77356,1.00,1.00
2015.01.04 22:30:18.421,0.7723,0.77355,1.00,1.00
2015.01.04 22:30:18.878,0.77224,0.77357,1.37,1.00
2015.01.04 22:30:19.831,0.77224,0.77357,1.00,1.00
2015.01.04 22:30:20.181,0.77229,0.77357,1.00,1.00
2015.01.04 22:30:21.370,0.77234,0.77357,1.00,1.00
2015.01.04 22:30:22.651,0.77234,0.77357,1.37,1.00
2015.01.04 22:30:22.733,0.77234,0.77357,1.00,1.00
2015.01.04 22:30:22.833,0.77224,0.77357,1.00,1.00
2015.01.04 22:30:24.106,0.77224,0.77356,0.75,1.00
2015.01.04 22:30:25.439,0.77224,0.77357,1.00,1.00
2015.01.04 22:30:33.193,0.77224,0.7736,1.00,1.00
2015.01.04 22:30:35.581,0.77229,0.7736,1.00,1.00
2015.01.04 22:30:42.621,0.7723,0.7736,1.00,1.50
2015.01.04 22:30:43.280,0.77229,0.7736,1.00,1.00
2015.01.04 22:30:45.921,0.77224,0.7736,1.00,1.00
2015.01.04 22:30:46.030,0.77229,0.7736,1.00,1.00
2015.01.04 22:30:46.139,0.77224,0.7736,1.00,1.00
2015.01.04 22:30:47.256,0.77224,0.77351,1.00,1.00
2015.01.04 22:30:47.720,0.7723,0.77355,1.00,1.00
2015.01.04 22:30:47.820,0.77224,0.77351,1.00,1.00
2015.01.04 22:30:48.010,0.77229,0.77356,1.00,1.00
2015.01.04 22:30:48.538,0.77225,0.7735,1.00,1.00
2015.01.04 22:30:51.310,0.77224,0.77351,1.00,1.00
2015.01.04 22:30:52.191,0.77225,0.7735,1.00,1.00
2015.01.04 22:30:52.773,0.77214,0.77359,1.00,1.00
2015.01.04 22:30:57.025,0.77209,0.77316,1.00,0.75
2015.01.04 22:30:57.476,0.77225,0.77309,1.00,1.00
2015.01.04 22:30:57.827,0.77222,0.7729,1.00,1.00
2015.01.04 22:30:58.351,0.77222,0.77291,1.00,1.00
2015.01.04 22:30:58.768,0.77224,0.77291,1.00,1.00
2015.01.04 22:31:00.278,0.77222,0.77291,1.00,1.00
2015.01.04 22:31:03.142,0.77218,0.77291,1.00,1.00
2015.01.04 22:31:04.970,0.77218,0.77272,1.00,1.50
2015.01.04 22:31:05.020,0.7721,0.77272,1.00,1.50
2015.01.04 22:31:05.071,0.7721,0.77276,1.00,1.00
2015.01.04 22:31:05.121,0.77165,0.77248,1.50,1.00
2015.01.04 22:31:05.275,0.77184,0.77248,1.00,1.00
2015.01.04 22:31:05.376,0.77192,0.77276,1.00,1.00
2015.01.04 22:31:05.477,0.77184,0.77286,1.00,1.00
2015.01.04 22:31:07.429,0.77185,0.77285,1.00,1.00
2015.01.04 22:31:11.390,0.7718,0.7728,1.00,1.00
2015.01.04 22:31:12.204,0.77194,0.77293,1.00,1.00
2015.01.04 22:31:12.406,0.77194,0.77296,1.12,1.00
2015.01.04 22:31:15.141,0.77194,0.77281,1.12,1.00
2015.01.04 22:31:15.392,0.77199,0.77296,1.00,1.00
2015.01.04 22:31:16.118,0.772,0.77296,1.00,1.00
2015.01.04 22:31:16.918,0.77199,0.77296,1.00,1.00
2015.01.04 22:31:17.019,0.77185,0.77296,1.00,1.00
2015.01.04 22:31:17.250,0.77185,0.77292,1.00,1.00
2015.01.04 22:31:18.208,0.77185,0.77291,1.00,1.00
2015.01.04 22:31:18.538,0.77179,0.77281,1.37,1.00
2015.01.04 22:31:18.985,0.77179,0.77277,1.50,1.00
2015.01.04 22:31:20.018,0.77179,0.7728,1.75,1.00
2015.01.04 22:31:20.897,0.77185,0.77285,1.37,1.00
2015.01.04 22:31:20.949,0.77185,0.77285,1.75,1.00
2015.01.04 22:31:22.548,0.77185,0.77285,1.75,1.00
2015.01.04 22:31:29.319,0.77184,0.77286,1.75,1.00
2015.01.04 22:31:30.909,0.77179,0.77281,1.75,1.00
2015.01.04 22:31:30.959,0.77179,0.77281,1.75,1.00
2015.01.04 22:31:31.929,0.77184,0.77281,1.75,1.00
2015.01.04 22:31:33.003,0.77184,0.77281,1.12,1.00
2015.01.04 22:31:33.053,0.77184,0.77271,1.00,1.00
2015.01.04 22:31:34.710,0.77189,0.77276,1.00,1.00
2015.01.04 22:31:37.712,0.772,0.77276,1.00,1.00
2015.01.04 22:31:38.059,0.77203,0.77276,1.00,1.00
2015.01.04 22:31:41.088,0.77203,0.7728,1.00,1.00
2015.01.04 22:31:41.300,0.77203,0.77286,1.00,1.00
2015.01.04 22:31:41.351,0.77205,0.77286,1.00,1.00
2015.01.04 22:31:42.121,0.77207,0.77286,1.00,1.00
2015.01.04 22:31:42.688,0.77207,0.77285,1.00,1.00
2015.01.04 22:31:46.698,0.77207,0.77281,1.00,1.00
2015.01.04 22:31:46.799,0.77205,0.77281,1.00,1.00
2015.01.04 22:31:47.027,0.77207,0.77281,1.00,1.00
2015.01.04 22:31:55.518,0.77207,0.77276,1.00,1.00
2015.01.04 22:31:56.743,0.77209,0.77276,1.00,1.00
2015.01.04 22:31:58.470,0.77209,0.77275,1.00,1.00
2015.01.04 22:31:58.928,0.77209,0.77266,1.00,1.00
2015.01.04 22:31:58.978,0.77207,0.77266,1.00,1.00
2015.01.04 22:31:59.079,0.77204,0.77265,1.00,1.00
2015.01.04 22:32:01.220,0.77204,0.77266,1.00,1.00
2015.01.04 22:32:01.329,0.77204,0.7727,1.00,1.00
2015.01.04 22:32:01.440,0.77204,0.77275,1.00,1.00
2015.01.04 22:32:01.607,0.77207,0.77275,1.00,1.00
2015.01.04 22:32:03.217,0.77207,0.77266,1.00,1.00
2015.01.04 22:32:03.268,0.77197,0.77266,1.00,1.00
2015.01.04 22:32:03.369,0.7719,0.77265,1.00,1.00
2015.01.04 22:32:03.477,0.7719,0.7726,1.00,1.00
2015.01.04 22:32:04.278,0.77175,0.77249,1.00,1.00
2015.01.04 22:32:04.739,0.77184,0.77249,1.00,1.00
2015.01.04 22:32:04.798,0.77184,0.77264,1.00,1.00
2015.01.04 22:32:04.907,0.77184,0.77266,1.00,1.00
2015.01.04 22:32:07.204,0.77174,0.77261,1.50,1.00
2015.01.04 22:32:07.355,0.77174,0.77249,1.00,1.00
2015.01.04 22:32:10.609,0.77179,0.77249,1.00,1.00
2015.01.04 22:32:10.659,0.77179,0.77259,1.00,1.00
2015.01.04 22:32:10.710,0.77185,0.77259,1.00,1.00
2015.01.04 22:32:10.888,0.77185,0.77266,1.00,1.00
2015.01.04 22:32:11.339,0.7718,0.7726,1.00,1.00
2015.01.04 22:32:14.037,0.77181,0.7726,1.00,1.00
2015.01.04 22:32:14.566,0.772,0.77268,1.00,1.00
2015.01.04 22:32:14.616,0.772,0.77271,1.00,1.00
2015.01.04 22:32:16.157,0.772,0.77275,1.00,1.00
2015.01.04 22:32:16.706,0.77199,0.77276,1.00,1.00
2015.01.04 22:32:17.438,0.772,0.77275,1.00,1.00
2015.01.04 22:32:18.137,0.77199,0.77276,1.00,1.00
2015.01.04 22:32:20.540,0.77199,0.77273,1.00,1.00
2015.01.04 22:32:20.916,0.77189,0.77273,1.00,1.00
2015.01.04 22:32:21.070,0.77184,0.77274,1.00,1.00
2015.01.04 22:32:21.120,0.77184,0.77272,1.00,1.00
2015.01.04 22:32:21.171,0.77178,0.77272,1.00,1.00
2015.01.04 22:32:21.663,0.77188,0.77275,1.00,1.00
2015.01.04 22:32:22.117,0.77177,0.77272,1.00,1.00
2015.01.04 22:32:22.219,0.77175,0.7727,1.50,1.00
2015.01.04 22:32:22.544,0.77175,0.77267,1.00,1.00
2015.01.04 22:32:22.645,0.77178,0.77273,1.00,1.00
2015.01.04 22:32:22.695,0.77178,0.77273,1.75,1.00
2015.01.04 22:32:22.807,0.77178,0.77273,1.37,1.00
2015.01.04 22:32:23.598,0.77178,0.77273,1.37,1.00
2015.01.04 22:32:23.649,0.77174,0.77276,1.50,1.50
2015.01.04 22:32:24.596,0.77169,0.77276,1.75,1.00
2015.01.04 22:32:25.420,0.77199,0.77276,1.37,1.00
2015.01.04 22:32:25.730,0.77199,0.77276,1.50,1.00
2015.01.04 22:32:26.357,0.77199,0.77276,1.50,1.00
2015.01.04 22:32:26.416,0.77199,0.77276,1.50,1.00
2015.01.04 22:32:26.518,0.77199,0.77276,1.50,1.00
2015.01.04 22:32:27.340,0.77199,0.77276,1.00,1.00
2015.01.04 22:32:28.102,0.77199,0.77279,1.75,1.00
2015.01.04 22:32:28.153,0.77199,0.77281,1.75,1.00
2015.01.04 22:32:30.148,0.772,0.7728,1.75,1.00
2015.01.04 22:32:30.726,0.772,0.7728,1.75,1.00
2015.01.04 22:32:30.802,0.772,0.7728,1.75,1.00
2015.01.04 22:32:31.103,0.772,0.7728,1.75,1.00
2015.01.04 22:32:31.468,0.77204,0.77286,1.75,1.00
2015.01.04 22:32:31.628,0.77204,0.77286,1.75,1.00
2015.01.04 22:32:32.446,0.77204,0.77286,1.75,1.00
2015.01.04 22:32:33.167,0.77205,0.77285,1.75,1.00
2015.01.04 22:32:33.669,0.772,0.77281,1.75,1.00
2015.01.04 22:32:34.159,0.772,0.77281,1.75,1.00
2015.01.04 22:32:34.219,0.772,0.77285,1.75,1.00
2015.01.04 22:32:34.326,0.772,0.77285,1.37,1.00
2015.01.04 22:32:34.527,0.77198,0.77286,1.00,1.00
2015.01.04 22:32:35.047,0.77194,0.77286,1.37,1.00
2015.01.04 22:32:35.148,0.77194,0.77286,1.50,1.00
2015.01.04 22:32:35.678,0.77184,0.77284,1.75,1.00
2015.01.04 22:32:37.186,0.77184,0.77284,1.75,1.00
2015.01.04 22:32:37.577,0.77185,0.7728,1.75,1.00
2015.01.04 22:32:37.837,0.77186,0.77281,1.00,1.00
2015.01.04 22:32:37.942,0.77184,0.77277,1.00,1.00
2015.01.04 22:32:38.324,0.77184,0.77271,1.00,1.00
2015.01.04 22:32:40.265,0.7719,0.7726,1.00,1.00
2015.01.04 22:32:40.547,0.77205,0.77281,1.00,1.00
2015.01.04 22:32:40.811,0.77205,0.77284,1.00,1.00
2015.01.04 22:32:41.757,0.77205,0.77285,1.00,1.50
2015.01.04 22:32:41.808,0.77199,0.77281,1.00,1.00
2015.01.04 22:32:43.076,0.77199,0.77275,1.00,1.00
2015.01.04 22:32:43.457,0.7718,0.7727,1.87,1.00
2015.01.04 22:32:43.558,0.7718,0.77267,1.00,1.00
2015.01.04 22:32:44.541,0.77179,0.77266,1.37,1.50
2015.01.04 22:32:45.117,0.77195,0.77276,1.00,1.00
2015.01.04 22:32:45.657,0.7719,0.77275,1.00,1.00
2015.01.04 22:32:45.757,0.7719,0.77273,1.00,1.00
2015.01.04 22:32:45.858,0.77191,0.77283,1.37,1.00
2015.01.04 22:32:47.147,0.77191,0.77285,1.37,1.00
2015.01.04 22:32:47.750,0.77191,0.77286,1.37,1.50
2015.01.04 22:32:48.405,0.77191,0.77278,1.00,1.00
2015.01.04 22:32:48.718,0.7719,0.77278,1.37,1.00
2015.01.04 22:32:48.769,0.7719,0.77281,1.37,1.00
2015.01.04 22:32:49.456,0.7719,0.77285,1.87,1.50
2015.01.04 22:32:49.857,0.7719,0.7728,1.37,1.00
2015.01.04 22:32:49.907,0.77155,0.7728,1.00,1.00
2015.01.04 22:32:50.677,0.77154,0.77281,1.00,1.00
2015.01.04 22:32:52.217,0.77152,0.77275,1.00,1.00
2015.01.04 22:32:52.268,0.77155,0.7728,1.00,1.00
2015.01.04 22:32:54.238,0.77154,0.77281,1.00,1.00
2015.01.04 22:32:56.558,0.77155,0.77275,1.00,1.00
2015.01.04 22:33:00.786,0.77155,0.77269,1.00,1.00
2015.01.04 22:33:01.886,0.77155,0.77264,1.00,1.00
2015.01.04 22:33:03.146,0.77154,0.77264,1.00,1.00
2015.01.04 22:33:05.501,0.77155,0.77264,1.00,1.00
2015.01.04 22:33:05.551,0.77155,0.77275,1.00,1.00
2015.01.04 22:33:07.218,0.77159,0.7728,1.00,1.00
2015.01.04 22:33:08.691,0.7717,0.7728,1.00,1.50
2015.01.04 22:33:08.866,0.7716,0.77279,1.00,1.00
2015.01.04 22:33:10.166,0.7716,0.7728,1.00,1.50
2015.01.04 22:33:10.848,0.77165,0.7728,1.00,1.50
2015.01.04 22:33:10.999,0.77159,0.77276,1.00,1.00
2015.01.04 22:33:11.066,0.77165,0.7728,1.00,1.50
2015.01.04 22:33:11.418,0.77159,0.77281,1.00,1.50
2015.01.04 22:33:11.566,0.77159,0.77279,1.00,1.00
2015.01.04 22:33:12.856,0.7716,0.77279,1.00,1.00
2015.01.04 22:33:14.756,0.7716,0.7728,1.00,1.00
2015.01.04 22:33:15.415,0.77159,0.77281,1.00,1.50
2015.01.04 22:33:17.777,0.7716,0.7728,1.00,1.00
2015.01.04 22:33:20.697,0.7716,0.77268,1.00,1.00
2015.01.04 22:33:22.126,0.7716,0.77264,1.00,1.00
2015.01.04 22:33:22.786,0.77159,0.77268,1.00,1.00
2015.01.04 22:33:23.571,0.7716,0.77269,1.00,1.00
2015.01.04 22:33:25.780,0.7716,0.77279,1.00,1.00
2015.01.04 22:33:26.137,0.77159,0.77281,1.00,1.50
2015.01.04 22:33:28.886,0.77151,0.77276,1.00,1.00
2015.01.04 22:33:28.987,0.77149,0.77276,1.00,1.00
2015.01.04 22:33:29.056,0.77151,0.77276,1.00,1.00
2015.01.04 22:33:29.769,0.77165,0.77275,1.00,1.00
2015.01.04 22:33:32.297,0.77164,0.77276,1.00,1.00
2015.01.04 22:33:33.336,0.77159,0.77241,1.00,1.00
2015.01.04 22:33:39.116,0.77164,0.77243,1.00,1.00
2015.01.04 22:33:39.696,0.77165,0.77243,1.00,1.00
2015.01.04 22:33:41.535,0.77164,0.77243,1.00,1.00
2015.01.04 22:33:46.279,0.7715,0.77243,1.00,1.00
2015.01.04 22:33:46.330,0.77156,0.77246,1.00,1.00
2015.01.04 22:33:46.581,0.77152,0.77246,1.00,1.00
2015.01.04 22:33:47.680,0.77144,0.77246,1.00,1.00
2015.01.04 22:33:49.018,0.77159,0.77246,1.00,1.00
2015.01.04 22:33:50.320,0.7716,0.77246,1.00,1.00
2015.01.04 22:33:50.681,0.77167,0.77246,1.00,1.00
2015.01.04 22:33:51.686,0.77167,0.77245,1.00,1.00
2015.01.04 22:33:52.537,0.77167,0.7725,1.00,1.00
2015.01.04 22:33:53.326,0.77168,0.7725,1.00,1.00
2015.01.04 22:34:00.018,0.77168,0.77245,1.00,1.00
2015.01.04 22:34:01.490,0.77168,0.77231,1.00,1.00
2015.01.04 22:34:01.541,0.77165,0.77231,1.00,1.00
2015.01.04 22:34:01.641,0.77161,0.77231,1.00,1.00
2015.01.04 22:34:01.742,0.77159,0.77231,1.00,1.00
2015.01.04 22:34:02.218,0.77159,0.77241,1.00,1.00
2015.01.04 22:34:03.536,0.77162,0.77241,1.00,1.00
2015.01.04 22:34:04.635,0.77162,0.7724,1.00,1.00
2015.01.04 22:34:06.698,0.77154,0.7724,1.00,1.00
2015.01.04 22:34:09.587,0.77154,0.77246,1.00,1.00
2015.01.04 22:34:09.852,0.77154,0.77215,1.00,1.00
2015.01.04 22:34:10.003,0.77152,0.77216,0.75,1.00
2015.01.04 22:34:10.103,0.77136,0.77215,1.00,1.00
2015.01.04 22:34:10.682,0.77135,0.77216,1.00,1.00
2015.01.04 22:34:10.796,0.77135,0.77211,1.00,1.00
2015.01.04 22:34:10.907,0.77135,0.77216,1.00,1.00
2015.01.04 22:34:11.185,0.77133,0.77216,1.00,1.00
2015.01.04 22:34:11.237,0.77133,0.77211,1.00,1.00
2015.01.04 22:34:12.285,0.77132,0.77211,1.00,1.00
2015.01.04 22:34:13.608,0.77132,0.77215,1.00,1.00
2015.01.04 22:34:13.936,0.77132,0.77211,1.00,1.00
2015.01.04 22:34:14.193,0.77134,0.77216,1.00,1.00
2015.01.04 22:34:14.495,0.77129,0.77218,1.00,1.00
2015.01.04 22:34:14.815,0.77129,0.77226,1.00,1.00
2015.01.04 22:34:15.473,0.77118,0.77195,1.00,1.00
2015.01.04 22:34:15.524,0.77113,0.77196,1.00,1.00
2015.01.04 22:34:15.625,0.77099,0.77196,1.00,1.00
2015.01.04 22:34:17.677,0.7711,0.77195,1.00,1.00
2015.01.04 22:34:20.253,0.77099,0.77221,1.00,1.00
2015.01.04 22:34:20.304,0.77099,0.77221,1.75,1.00
2015.01.04 22:34:20.646,0.7713,0.77215,1.00,1.00
2015.01.04 22:34:23.288,0.77129,0.77216,1.00,1.00
2015.01.04 22:34:24.606,0.7713,0.77215,1.00,1.00
2015.01.04 22:34:26.037,0.77129,0.77221,1.00,1.00
2015.01.04 22:34:26.188,0.77134,0.77225,1.00,1.00
2015.01.04 22:34:26.305,0.77133,0.77228,1.00,1.00
2015.01.04 22:34:26.367,0.77133,0.77196,1.00,1.00
2015.01.04 22:34:26.520,0.7713,0.77196,1.00,1.00
2015.01.04 22:34:26.625,0.77128,0.77196,1.00,1.00
2015.01.04 22:34:26.695,0.77126,0.77196,1.00,1.00
2015.01.04 22:34:27.331,0.7713,0.77225,1.00,1.00
2015.01.04 22:34:27.685,0.7713,0.7724,1.00,1.00
2015.01.04 22:34:27.847,0.7713,0.77245,1.00,1.00
2015.01.04 22:34:27.905,0.77134,0.77246,1.00,1.00
2015.01.04 22:34:31.654,0.77135,0.77245,1.00,1.00
2015.01.04 22:34:33.515,0.77146,0.77241,1.00,1.00
2015.01.04 22:34:34.769,0.77147,0.77241,1.00,1.00
2015.01.04 22:34:35.147,0.77144,0.77238,1.00,1.00
2015.01.04 22:34:35.534,0.77138,0.7723,1.00,1.00
2015.01.04 22:34:39.400,0.77148,0.77243,1.00,1.00
2015.01.04 22:34:40.476,0.77145,0.7724,1.00,1.00
2015.01.04 22:34:41.105,0.77137,0.77231,1.00,1.00
2015.01.04 22:34:46.095,0.77132,0.77227,1.00,1.00
2015.01.04 22:34:46.196,0.77134,0.77229,1.00,1.00
2015.01.04 22:34:47.924,0.77136,0.77231,1.00,1.50
2015.01.04 22:34:49.056,0.77138,0.77231,1.00,1.00
2015.01.04 22:34:53.204,0.77139,0.77231,1.00,1.00
2015.01.04 22:34:53.864,0.77136,0.7723,1.00,1.00
2015.01.04 22:34:54.116,0.77133,0.77227,1.00,1.00
2015.01.04 22:34:54.419,0.77138,0.77232,1.00,1.00
2015.01.04 22:35:00.096,0.77138,0.77232,1.37,1.00
2015.01.04 22:35:00.146,0.77144,0.77239,1.00,1.00
2015.01.04 22:35:00.247,0.77149,0.77242,1.00,1.00
2015.01.04 22:35:01.896,0.7715,0.77243,1.00,1.00
2015.01.04 22:35:04.765,0.77147,0.7724,1.00,1.00
2015.01.04 22:35:08.276,0.77144,0.77236,2.25,1.00
2015.01.04 22:35:08.526,0.77145,0.77239,1.00,1.00
2015.01.04 22:35:08.627,0.77146,0.77241,1.00,1.00
2015.01.04 22:35:13.489,0.7715,0.77245,1.00,1.00
2015.01.04 22:35:15.041,0.77149,0.77244,2.25,1.00
2015.01.04 22:35:21.169,0.77153,0.77244,1.50,1.00
2015.01.04 22:35:21.270,0.77153,0.77246,2.25,1.00
2015.01.04 22:35:21.366,0.77155,0.77246,1.50,1.00
2015.01.04 22:35:21.586,0.77153,0.77246,1.00,1.00
2015.01.04 22:35:21.737,0.77149,0.77243,1.50,1.00
2015.01.04 22:35:22.135,0.77149,0.77241,1.50,1.00
2015.01.04 22:35:22.185,0.77146,0.77241,2.25,1.00
2015.01.04 22:35:22.364,0.77148,0.77242,1.00,1.00
2015.01.04 22:35:23.016,0.77149,0.77243,1.00,1.00
2015.01.04 22:35:25.876,0.77151,0.77243,1.00,1.00
2015.01.04 22:35:26.208,0.77155,0.77243,1.50,1.00
2015.01.04 22:35:26.947,0.77155,0.7723,1.50,1.00
2015.01.04 22:35:26.997,0.77134,0.77227,1.00,1.00
2015.01.04 22:35:27.638,0.77135,0.77228,1.00,1.00
2015.01.04 22:35:28.228,0.77134,0.77227,1.00,1.00
2015.01.04 22:35:28.568,0.77133,0.77225,1.50,1.00
2015.01.04 22:35:43.805,0.77133,0.77226,2.25,1.00
2015.01.04 22:35:46.020,0.77127,0.77219,1.00,1.00
2015.01.04 22:35:46.114,0.77125,0.77218,2.62,1.00
2015.01.04 22:35:46.665,0.77124,0.77218,1.50,1.00
2015.01.04 22:35:47.665,0.77135,0.77258,1.00,1.00
2015.01.04 22:35:50.819,0.77135,0.77253,1.00,1.00
2015.01.04 22:35:51.500,0.77141,0.77236,1.00,1.00
2015.01.04 22:35:52.071,0.77144,0.77228,1.00,1.00
2015.01.04 22:35:53.175,0.77145,0.77229,1.00,1.00
2015.01.04 22:35:53.509,0.77129,0.7721,1.37,1.00
2015.01.04 22:35:54.032,0.77129,0.77208,1.37,1.00
2015.01.04 22:35:54.575,0.7713,0.77208,1.37,1.00
2015.01.04 22:35:54.973,0.7713,0.77208,1.75,1.00
2015.01.04 22:35:55.024,0.7713,0.77208,1.37,1.00
2015.01.04 22:35:55.616,0.7713,0.77208,1.00,1.00
2015.01.04 22:35:56.484,0.77132,0.77208,1.00,1.00
2015.01.04 22:35:56.674,0.77129,0.77208,1.00,1.00
2015.01.04 22:35:57.444,0.77131,0.77208,1.00,1.00
2015.01.04 22:35:57.776,0.77134,0.77208,1.00,1.00
2015.01.04 22:35:58.028,0.77139,0.77221,1.00,1.00
2015.01.04 22:35:58.104,0.77146,0.77229,1.00,1.00
2015.01.04 22:35:58.764,0.77147,0.77231,1.00,1.00
2015.01.04 22:35:59.214,0.77145,0.77229,1.00,1.00
2015.01.04 22:35:59.864,0.77147,0.77231,1.00,1.00
2015.01.04 22:36:01.185,0.7715,0.77232,1.00,1.00
2015.01.04 22:36:03.448,0.7715,0.77234,1.00,1.00
2015.01.04 22:36:06.905,0.77148,0.77232,1.00,1.00
2015.01.04 22:36:14.317,0.77147,0.77231,1.00,1.00
2015.01.04 22:36:27.303,0.77154,0.77231,1.00,1.00
2015.01.04 22:36:28.245,0.77154,0.77232,1.00,1.00
2015.01.04 22:36:29.127,0.7716,0.77232,1.00,1.00
2015.01.04 22:36:29.234,0.77154,0.77232,1.00,1.00
2015.01.04 22:36:31.241,0.7716,0.77232,1.00,1.00
2015.01.04 22:36:31.327,0.77154,0.77232,1.00,1.00
2015.01.04 22:36:34.831,0.77155,0.77232,1.00,1.00
2015.01.04 22:36:40.237,0.77159,0.77232,1.00,1.00
2015.01.04 22:36:41.019,0.7716,0.7723,1.00,1.00
2015.01.04 22:36:41.371,0.77165,0.77232,1.00,1.00
2015.01.04 22:36:42.118,0.77149,0.77231,1.00,1.00
2015.01.04 22:36:43.203,0.7715,0.77231,1.00,1.00
2015.01.04 22:36:44.120,0.7715,0.77225,1.00,1.00
2015.01.04 22:36:44.221,0.77147,0.77225,1.00,1.00
2015.01.04 22:36:44.421,0.77149,0.77231,1.00,1.00
2015.01.04 22:36:45.320,0.77147,0.77231,1.00,1.00
2015.01.04 22:36:45.624,0.77147,0.77229,1.00,1.00
2015.01.04 22:36:45.675,0.77142,0.77225,1.00,1.00
2015.01.04 22:36:45.733,0.77136,0.7722,1.00,1.00
2015.01.04 22:36:47.299,0.77139,0.7722,1.00,1.00
2015.01.04 22:36:47.399,0.77144,0.77226,1.00,1.00
2015.01.04 22:36:47.544,0.77148,0.77232,1.00,1.00
2015.01.04 22:36:48.530,0.7715,0.77226,1.00,1.00
2015.01.04 22:36:49.475,0.77151,0.77226,1.00,1.00
2015.01.04 22:36:49.525,0.77151,0.77233,1.00,1.00
2015.01.04 22:36:49.634,0.77151,0.77235,1.00,1.00
2015.01.04 22:36:52.993,0.77149,0.77234,1.00,1.00
2015.01.04 22:36:53.128,0.77144,0.77223,1.00,1.00
2015.01.04 22:36:55.094,0.77129,0.7722,1.00,1.00
2015.01.04 22:36:55.194,0.77129,0.77214,1.00,1.00
2015.01.04 22:36:56.076,0.7713,0.77214,1.00,1.00
2015.01.04 22:36:56.296,0.77124,0.77214,1.00,1.00
2015.01.04 22:36:56.737,0.7713,0.77214,1.00,1.00
2015.01.04 22:36:58.191,0.7713,0.77224,1.00,1.00
2015.01.04 22:36:58.790,0.7713,0.77214,1.00,1.00
2015.01.04 22:36:59.864,0.77124,0.77214,1.00,1.00
2015.01.04 22:37:00.850,0.77125,0.77214,1.00,1.00
2015.01.04 22:37:01.094,0.77125,0.77214,1.37,1.00
2015.01.04 22:37:01.145,0.77127,0.77221,1.12,1.00
2015.01.04 22:37:01.195,0.77127,0.77221,1.75,1.00
2015.01.04 22:37:01.555,0.77127,0.77221,1.75,1.00
2015.01.04 22:37:03.159,0.77127,0.77221,1.00,1.00
2015.01.04 22:37:03.703,0.77125,0.7722,1.37,1.00
2015.01.04 22:37:03.870,0.77125,0.7722,1.75,1.00
2015.01.04 22:37:04.171,0.77125,0.7722,1.12,1.00
2015.01.04 22:37:04.780,0.77125,0.77217,1.00,1.00
2015.01.04 22:37:06.856,0.77129,0.77217,1.00,1.00
2015.01.04 22:37:07.180,0.77129,0.77217,1.37,1.00
2015.01.04 22:37:07.954,0.77129,0.77219,1.37,1.00
2015.01.04 22:37:09.185,0.77129,0.77219,1.00,1.00
2015.01.04 22:37:09.275,0.77129,0.77216,1.00,1.00
2015.01.04 22:37:10.186,0.7713,0.77216,1.37,1.00
2015.01.04 22:37:11.433,0.7713,0.77216,1.37,1.00
2015.01.04 22:37:11.483,0.7713,0.77224,1.37,1.00
2015.01.04 22:37:11.633,0.7713,0.77225,1.00,1.00
2015.01.04 22:37:12.599,0.77134,0.77227,1.00,1.00
2015.01.04 22:37:12.903,0.77131,0.77223,1.00,1.00
2015.01.04 22:37:13.783,0.7713,0.77225,1.00,1.00
2015.01.04 22:37:14.866,0.77129,0.7722,1.00,1.00
2015.01.04 22:37:15.796,0.77129,0.77222,1.00,1.00
2015.01.04 22:37:15.897,0.77134,0.77226,1.00,1.00
2015.01.04 22:37:17.975,0.77131,0.77223,1.00,1.00
2015.01.04 22:37:18.344,0.7713,0.77218,1.00,1.00
2015.01.04 22:37:19.064,0.77135,0.77218,1.00,1.00
2015.01.04 22:37:19.177,0.77135,0.77222,1.00,1.00
2015.01.04 22:37:20.029,0.77135,0.77222,1.75,1.00
2015.01.04 22:37:20.280,0.77134,0.77223,1.37,1.00
2015.01.04 22:37:20.386,0.77132,0.77223,1.50,1.00
2015.01.04 22:37:20.732,0.77129,0.77222,1.00,1.00
2015.01.04 22:37:21.264,0.77125,0.7722,1.00,1.00
2015.01.04 22:37:22.492,0.77129,0.77222,1.00,1.00
2015.01.04 22:37:23.354,0.77134,0.77227,1.00,1.00
2015.01.04 22:37:23.405,0.77135,0.7723,1.00,1.50
2015.01.04 22:37:23.845,0.77139,0.7723,1.00,1.00
2015.01.04 22:37:24.576,0.77144,0.77233,1.00,1.00
2015.01.04 22:37:25.575,0.77144,0.77231,1.00,1.00
2015.01.04 22:37:26.729,0.7717,0.77257,1.00,1.00
2015.01.04 22:37:27.982,0.77174,0.77257,1.00,1.00
2015.01.04 22:37:28.372,0.77174,0.77252,1.00,1.00
2015.01.04 22:37:29.072,0.77174,0.77255,1.00,1.00
2015.01.04 22:37:29.628,0.77169,0.77254,1.00,1.00
2015.01.04 22:37:29.779,0.77169,0.77249,1.00,1.00
2015.01.04 22:37:29.843,0.77169,0.77251,1.00,1.00
2015.01.04 22:37:29.978,0.77169,0.77254,1.00,1.00
2015.01.04 22:37:30.173,0.77164,0.77254,1.00,1.00
2015.01.04 22:37:30.279,0.77164,0.77254,1.37,1.00
2015.01.04 22:37:30.581,0.77169,0.77249,1.00,1.00
2015.01.04 22:37:30.913,0.77169,0.77247,1.00,1.00
2015.01.04 22:37:33.256,0.77169,0.77242,1.00,1.00
2015.01.04 22:37:33.422,0.7716,0.77242,1.00,1.00
2015.01.04 22:37:33.524,0.7716,0.77228,1.00,1.00
2015.01.04 22:37:34.155,0.7716,0.77227,1.00,1.00
2015.01.04 22:37:35.042,0.77159,0.77227,1.00,1.00
2015.01.04 22:37:36.138,0.7716,0.77233,1.00,1.00
2015.01.04 22:37:36.189,0.77164,0.77233,1.00,0.75
2015.01.04 22:37:36.340,0.77169,0.77242,1.00,1.00
2015.01.04 22:37:36.491,0.77172,0.77245,1.00,0.75
2015.01.04 22:37:37.331,0.77175,0.77248,1.00,0.75
2015.01.04 22:37:38.373,0.77178,0.77251,1.00,1.00
2015.01.04 22:37:38.913,0.77174,0.77247,1.50,1.00
2015.01.04 22:37:43.972,0.77178,0.7725,1.00,1.00
2015.01.04 22:37:44.167,0.77179,0.77252,1.00,1.00
2015.01.04 22:37:46.058,0.77177,0.77251,1.00,1.00
2015.01.04 22:37:48.128,0.77177,0.77251,1.75,1.00
2015.01.04 22:37:48.329,0.77194,0.77258,1.00,1.00
2015.01.04 22:37:48.542,0.77194,0.77262,1.00,1.00
2015.01.04 22:37:50.126,0.77189,0.77262,1.12,1.00
2015.01.04 22:37:50.699,0.7719,0.77263,1.00,1.00
2015.01.04 22:37:50.882,0.77194,0.77263,1.00,1.00
2015.01.04 22:37:51.459,0.77194,0.77262,1.00,1.00
2015.01.04 22:37:52.282,0.77194,0.77264,1.00,1.00
2015.01.04 22:37:52.832,0.77194,0.77258,1.00,1.00
2015.01.04 22:37:54.373,0.77194,0.77257,1.00,1.00
2015.01.04 22:37:55.499,0.77194,0.7726,1.00,1.00
2015.01.04 22:37:55.599,0.77195,0.77262,1.37,1.00
2015.01.04 22:37:56.556,0.77195,0.77262,1.00,1.00
2015.01.04 22:37:59.356,0.77194,0.77262,1.00,1.00
2015.01.04 22:38:02.402,0.77194,0.77257,1.00,1.00
2015.01.04 22:38:03.302,0.77195,0.77257,1.00,1.00
2015.01.04 22:38:04.382,0.77195,0.77258,1.00,1.00
2015.01.04 22:38:07.695,0.77197,0.77258,1.50,1.00
2015.01.04 22:38:07.795,0.77195,0.77258,1.00,1.00
2015.01.04 22:38:08.813,0.77194,0.77258,1.00,1.00
2015.01.04 22:38:12.118,0.77184,0.77258,1.87,1.00
2015.01.04 22:38:12.289,0.77184,0.77258,1.50,1.00
2015.01.04 22:38:12.439,0.77184,0.77256,1.00,1.00
2015.01.04 22:38:13.418,0.77182,0.77253,1.00,1.00
2015.01.04 22:38:13.469,0.77176,0.77249,1.00,1.00
2015.01.04 22:38:14.942,0.77191,0.77264,1.00,1.00
2015.01.04 22:38:15.518,0.77179,0.77253,1.00,1.00
2015.01.04 22:38:15.719,0.77181,0.77255,1.00,1.00
2015.01.04 22:38:16.121,0.77177,0.77251,1.00,1.00
2015.01.04 22:38:16.829,0.77178,0.77251,1.00,1.00
2015.01.04 22:38:17.384,0.77177,0.77251,1.00,1.00
2015.01.04 22:38:18.462,0.77175,0.77249,1.00,1.00
2015.01.04 22:38:19.463,0.77176,0.77249,1.00,1.00
2015.01.04 22:38:19.764,0.77194,0.77261,1.00,1.00
2015.01.04 22:38:21.046,0.77194,0.77263,1.00,1.00
2015.01.04 22:38:21.606,0.77209,0.77263,1.00,1.00
2015.01.04 22:38:21.707,0.7719,0.77263,1.50,1.00
2015.01.04 22:38:21.807,0.77192,0.77263,1.00,1.00
2015.01.04 22:38:21.911,0.7719,0.77263,1.00,1.00
2015.01.04 22:38:23.207,0.772,0.77265,1.00,1.00
2015.01.04 22:38:23.308,0.77195,0.77265,1.00,1.00
2015.01.04 22:38:23.913,0.77195,0.77266,1.00,1.00
2015.01.04 22:38:24.104,0.77204,0.77269,1.00,1.00
2015.01.04 22:38:24.402,0.77204,0.77271,1.00,1.50
2015.01.04 22:38:24.453,0.77197,0.77266,1.00,1.00
2015.01.04 22:38:25.327,0.77195,0.77266,1.00,1.00
2015.01.04 22:38:25.428,0.77191,0.77265,1.00,1.00
2015.01.04 22:38:26.348,0.77199,0.77265,1.00,1.00
2015.01.04 22:38:26.652,0.77194,0.77265,1.00,1.00
2015.01.04 22:38:26.982,0.77194,0.77268,1.50,1.00
2015.01.04 22:38:28.252,0.77196,0.77268,1.00,1.00
2015.01.04 22:38:28.592,0.77202,0.77271,1.00,1.00
2015.01.04 22:38:28.642,0.77204,0.77276,1.00,1.00
2015.01.04 22:38:28.693,0.77211,0.77285,1.00,1.00
2015.01.04 22:38:28.922,0.77217,0.77291,1.00,1.00
2015.01.04 22:38:30.012,0.77219,0.77292,1.00,1.00
2015.01.04 22:38:33.544,0.77217,0.77291,1.00,1.00
2015.01.04 22:38:34.214,0.77214,0.77279,1.00,1.00
2015.01.04 22:38:34.314,0.77214,0.77307,1.00,1.00
2015.01.04 22:38:34.521,0.77214,0.77305,1.00,1.00
2015.01.04 22:38:35.804,0.77205,0.77305,1.00,1.00
2015.01.04 22:38:37.370,0.77205,0.77304,1.00,1.00
2015.01.04 22:38:37.421,0.772,0.77315,1.00,1.00
2015.01.04 22:38:38.184,0.7721,0.77315,1.00,1.00
2015.01.04 22:38:39.284,0.77215,0.7732,1.00,1.00
2015.01.04 22:38:40.274,0.772,0.77315,1.00,1.00
2015.01.04 22:38:41.391,0.77199,0.77306,1.00,1.00
2015.01.04 22:38:44.162,0.77199,0.77309,1.00,1.00
2015.01.04 22:38:44.213,0.77199,0.77316,1.00,1.00
2015.01.04 22:38:44.263,0.77199,0.77311,1.00,1.00
2015.01.04 22:38:44.975,0.7721,0.7731,1.00,1.00
2015.01.04 22:38:45.705,0.77209,0.77306,1.00,1.00
2015.01.04 22:38:50.284,0.77214,0.77306,1.00,1.00
2015.01.04 22:38:51.051,0.77215,0.77305,1.00,1.00
2015.01.04 22:38:51.403,0.77214,0.77311,1.00,1.00
2015.01.04 22:38:52.503,0.77215,0.7731,1.00,1.00
2015.01.04 22:38:54.921,0.77214,0.77306,1.00,1.00
2015.01.04 22:38:57.101,0.77194,0.77301,1.00,1.00
2015.01.04 22:38:58.662,0.77189,0.77301,1.00,1.00
2015.01.04 22:38:58.881,0.77179,0.77301,1.00,1.00
2015.01.04 22:38:59.873,0.77168,0.77296,1.00,1.00
2015.01.04 22:38:59.973,0.77164,0.77296,1.00,1.00
2015.01.04 22:39:00.124,0.77169,0.77301,1.00,1.00
2015.01.04 22:39:01.051,0.77169,0.77301,1.75,1.00
2015.01.04 22:39:01.362,0.7717,0.773,1.75,1.00
2015.01.04 22:39:01.513,0.77169,0.77301,1.75,1.00
2015.01.04 22:39:01.690,0.77212,0.77301,0.75,1.00
2015.01.04 22:39:01.740,0.77184,0.77311,1.75,1.00
2015.01.04 22:39:03.151,0.77185,0.7731,1.75,1.00
2015.01.04 22:39:04.146,0.77184,0.77311,1.75,1.00
2015.01.04 22:39:06.563,0.77185,0.7731,1.75,1.00
2015.01.04 22:39:08.653,0.77189,0.77306,1.75,1.00
2015.01.04 22:39:09.094,0.77185,0.7731,1.75,1.00
2015.01.04 22:39:09.643,0.77212,0.77306,0.75,1.00
2015.01.04 22:39:10.079,0.77168,0.77305,1.75,1.00
2015.01.04 22:39:10.129,0.77168,0.77296,1.75,1.00
2015.01.04 22:39:10.180,0.77168,0.77296,1.75,1.00
2015.01.04 22:39:10.231,0.77168,0.77291,1.75,1.00
2015.01.04 22:39:10.331,0.77168,0.77296,1.75,1.00
2015.01.04 22:39:10.452,0.77168,0.77296,1.75,1.00
2015.01.04 22:39:10.553,0.77168,0.77311,1.75,1.00
2015.01.04 22:39:10.633,0.77168,0.77301,1.75,1.00
2015.01.04 22:39:10.683,0.77168,0.77301,1.75,1.00
2015.01.04 22:39:10.897,0.77168,0.77316,1.75,1.00
2015.01.04 22:39:10.954,0.77168,0.77316,1.75,1.00
2015.01.04 22:39:11.055,0.77168,0.77316,1.75,1.00
2015.01.04 22:39:11.105,0.77168,0.77306,1.75,1.00
2015.01.04 22:39:11.155,0.77168,0.77306,1.75,1.00
2015.01.04 22:39:11.403,0.77168,0.77315,1.75,1.00
2015.01.04 22:39:11.454,0.77168,0.77315,1.75,1.00
2015.01.04 22:39:11.562,0.77168,0.77316,1.75,1.00
2015.01.04 22:39:11.733,0.77168,0.7731,1.75,1.00
2015.01.04 22:39:12.072,0.77168,0.77306,1.75,1.00
2015.01.04 22:39:12.988,0.77168,0.773,1.75,1.00
2015.01.04 22:39:13.571,0.77168,0.773,1.75,1.00
2015.01.04 22:39:13.821,0.77168,0.77305,1.75,1.00
2015.01.04 22:39:15.644,0.77168,0.77305,1.75,1.00
2015.01.04 22:39:15.694,0.77174,0.77295,1.37,1.00
2015.01.04 22:39:15.745,0.77174,0.77295,1.37,1.00
2015.01.04 22:39:15.796,0.77175,0.77297,1.37,1.00
2015.01.04 22:39:16.750,0.77175,0.77297,1.00,1.00
2015.01.04 22:39:20.061,0.77174,0.77295,1.00,1.00
2015.01.04 22:39:21.602,0.77175,0.77294,1.00,1.00
2015.01.04 22:39:22.054,0.77175,0.77297,1.50,1.00
2015.01.04 22:39:22.354,0.77175,0.77297,1.37,1.00
2015.01.04 22:39:23.140,0.77219,0.77293,1.00,1.00
2015.01.04 22:39:23.757,0.77219,0.77286,1.00,1.00
2015.01.04 22:39:31.559,0.77219,0.77281,0.75,1.00
2015.01.04 22:39:32.468,0.77218,0.77281,0.75,1.00
2015.01.04 22:39:34.393,0.77218,0.7728,0.75,1.00
2015.01.04 22:39:37.692,0.77218,0.77281,1.00,1.00
2015.01.04 22:39:39.969,0.77219,0.77281,1.00,1.00
2015.01.04 22:39:42.177,0.77216,0.77281,1.00,1.00
2015.01.04 22:39:42.288,0.77213,0.77281,1.00,1.00
2015.01.04 22:39:42.940,0.77211,0.77281,1.00,1.00
2015.01.04 22:39:43.093,0.77221,0.77281,0.75,1.00
2015.01.04 22:40:00.903,0.77221,0.7728,1.00,1.00
2015.01.04 22:40:01.219,0.77221,0.77276,0.75,1.00
2015.01.04 22:40:01.275,0.77221,0.77281,0.75,1.00
2015.01.04 22:40:01.375,0.77221,0.77276,1.00,1.00
2015.01.04 22:40:02.101,0.77221,0.77275,1.00,1.00
2015.01.04 22:40:02.151,0.77221,0.77281,1.00,1.00
2015.01.04 22:40:03.181,0.77216,0.77281,1.00,1.00
2015.01.04 22:40:03.772,0.77215,0.77281,1.00,1.00
2015.01.04 22:40:04.214,0.77224,0.77281,1.00,1.00
2015.01.04 22:40:05.523,0.77224,0.77276,1.00,1.00
2015.01.04 22:40:08.045,0.77224,0.77281,1.00,1.00
2015.01.04 22:40:08.096,0.77224,0.77276,1.00,1.00
2015.01.04 22:40:08.200,0.77224,0.7728,1.00,1.00
2015.01.04 22:40:08.401,0.77221,0.77281,1.00,1.00
2015.01.04 22:40:08.832,0.77224,0.7728,1.00,1.00
2015.01.04 22:40:08.932,0.77222,0.7728,1.00,1.00
2015.01.04 22:40:10.684,0.77223,0.7728,1.00,1.00
2015.01.04 22:40:10.931,0.77227,0.7728,1.00,1.00
2015.01.04 22:40:11.032,0.77225,0.7728,1.00,1.00
2015.01.04 22:40:11.552,0.77224,0.77281,1.00,1.00
2015.01.04 22:40:12.529,0.77225,0.77281,1.00,1.00
2015.01.04 22:40:13.652,0.77224,0.77281,1.00,1.00
2015.01.04 22:40:13.883,0.77224,0.77266,1.00,1.00
2015.01.04 22:40:18.151,0.77223,0.77266,1.00,1.00
2015.01.04 22:40:18.371,0.77185,0.77261,1.00,1.00
2015.01.04 22:40:18.498,0.7719,0.77261,1.00,1.00
2015.01.04 22:40:18.800,0.77179,0.77245,1.00,1.00
2015.01.04 22:40:18.850,0.77185,0.77265,1.00,1.00
2015.01.04 22:40:18.996,0.7718,0.7726,1.00,1.00
2015.01.04 22:40:19.301,0.77179,0.77242,1.00,1.00
2015.01.04 22:40:20.210,0.7718,0.77242,1.00,1.00
2015.01.04 22:40:20.260,0.77179,0.77261,1.00,1.00
2015.01.04 22:40:20.836,0.77179,0.77261,1.75,1.00
2015.01.04 22:40:20.887,0.77179,0.77281,1.75,1.00
2015.01.04 22:40:22.118,0.77195,0.77269,1.00,1.00
2015.01.04 22:40:22.844,0.77197,0.77271,1.00,1.00
2015.01.04 22:40:23.549,0.77197,0.77255,1.00,1.00
2015.01.04 22:40:24.528,0.77196,0.77255,1.00,1.00
2015.01.04 22:40:24.579,0.77192,0.77256,1.00,1.00
2015.01.04 22:40:25.191,0.77199,0.77256,1.00,1.00
2015.01.04 22:40:25.591,0.77199,0.77271,1.00,1.00
2015.01.04 22:40:25.742,0.77201,0.77271,1.37,1.00
2015.01.04 22:40:26.730,0.77201,0.77271,1.37,1.00
2015.01.04 22:40:26.831,0.77201,0.77275,1.00,1.00
2015.01.04 22:40:26.881,0.77204,0.77275,1.00,1.00
2015.01.04 22:40:27.403,0.77203,0.77277,1.37,1.00
2015.01.04 22:40:29.162,0.77202,0.77275,1.00,1.00
2015.01.04 22:40:29.363,0.77203,0.77277,1.00,1.00
2015.01.04 22:40:30.049,0.77204,0.77276,1.00,1.00
2015.01.04 22:40:30.691,0.77202,0.77275,1.00,1.00
2015.01.04 22:40:36.434,0.772,0.77266,1.00,1.00
2015.01.04 22:40:37.290,0.77199,0.77266,1.00,1.00
2015.01.04 22:40:38.571,0.77199,0.77271,1.00,1.00
2015.01.04 22:40:38.841,0.772,0.77274,1.00,1.00
2015.01.04 22:40:39.099,0.77203,0.77276,1.00,1.00
2015.01.04 22:40:39.416,0.77203,0.77274,1.00,1.00
2015.01.04 22:40:39.543,0.77203,0.77277,1.00,1.00
2015.01.04 22:40:40.260,0.77204,0.77278,1.00,1.00
2015.01.04 22:40:41.061,0.77203,0.77277,1.00,1.00
2015.01.04 22:40:44.881,0.77202,0.77276,1.00,1.00
2015.01.04 22:40:45.210,0.77197,0.77271,1.00,1.00
2015.01.04 22:40:45.870,0.77196,0.7727,1.00,1.00
2015.01.04 22:40:46.200,0.77203,0.77277,1.00,1.00
2015.01.04 22:40:46.882,0.7719,0.77311,1.00,1.00
2015.01.04 22:40:46.983,0.7719,0.77332,1.00,1.00
2015.01.04 22:40:47.084,0.7719,0.77345,1.00,1.00
2015.01.04 22:40:48.366,0.77194,0.77345,1.00,1.00
2015.01.04 22:40:49.462,0.77192,0.77345,1.00,1.00
2015.01.04 22:40:50.804,0.77192,0.77363,1.00,1.00
2015.01.04 22:40:51.081,0.77189,0.77363,1.00,1.00
2015.01.04 22:40:52.980,0.77194,0.77363,1.00,1.00
2015.01.04 22:40:53.408,0.77194,0.77363,1.37,1.00
2015.01.04 22:40:53.819,0.77194,0.77365,1.37,1.00
2015.01.04 22:40:54.680,0.77194,0.77365,1.75,1.00
2015.01.04 22:40:55.070,0.77185,0.77315,1.75,0.75
2015.01.04 22:40:55.180,0.77185,0.77315,1.75,1.00
2015.01.04 22:41:00.555,0.77185,0.77315,1.75,1.00
2015.01.04 22:41:03.090,0.77233,0.77315,0.75,1.00
2015.01.04 22:41:03.940,0.77232,0.77315,0.75,1.00
2015.01.04 22:41:04.041,0.77185,0.77315,1.75,1.00
2015.01.04 22:41:04.142,0.77221,0.77291,0.75,1.00
2015.01.04 22:41:04.192,0.77219,0.77291,0.75,1.00
2015.01.04 22:41:04.293,0.77175,0.77291,1.75,1.00
2015.01.04 22:41:04.343,0.77175,0.77281,1.75,1.00
2015.01.04 22:41:04.494,0.77174,0.77281,1.50,1.00
2015.01.04 22:41:04.753,0.77174,0.77296,1.50,1.00
2015.01.04 22:41:05.478,0.77174,0.77296,1.50,1.00
2015.01.04 22:41:05.880,0.77174,0.773,1.50,1.00
2015.01.04 22:41:07.782,0.77176,0.77296,1.50,1.00
2015.01.04 22:41:08.531,0.77176,0.77296,1.50,1.00
2015.01.04 22:41:10.801,0.77176,0.77305,1.50,1.00
2015.01.04 22:41:13.851,0.77176,0.77305,1.50,1.00
2015.01.04 22:41:14.370,0.77218,0.77306,0.75,1.00
2015.01.04 22:41:14.453,0.77176,0.77306,1.75,1.00
2015.01.04 22:41:18.096,0.77176,0.77306,1.00,1.00
2015.01.04 22:41:18.197,0.77162,0.77306,1.00,1.00
2015.01.04 22:41:18.860,0.77162,0.7727,1.00,0.75
2015.01.04 22:41:19.211,0.77173,0.7727,1.00,1.00
2015.01.04 22:41:19.841,0.77173,0.77276,1.00,1.00
2015.01.04 22:41:20.080,0.77171,0.77276,1.00,1.00
2015.01.04 22:41:21.430,0.77168,0.77276,1.00,1.00
2015.01.04 22:41:21.510,0.77171,0.77276,1.00,1.00
2015.01.04 22:41:24.851,0.7717,0.77276,1.00,1.00
2015.01.04 22:41:25.719,0.77171,0.77276,1.00,1.00
2015.01.04 22:41:30.200,0.7717,0.77276,1.00,1.00
2015.01.04 22:41:30.459,0.77127,0.77266,1.00,1.00
2015.01.04 22:41:31.260,0.77101,0.77266,1.00,1.00
2015.01.04 22:41:34.560,0.77164,0.77276,0.75,1.00
2015.01.04 22:41:34.871,0.77171,0.77276,1.00,1.00
2015.01.04 22:41:35.392,0.77173,0.77276,1.00,1.00
2015.01.04 22:41:36.149,0.77168,0.77276,1.00,1.00
2015.01.04 22:41:36.542,0.77169,0.77271,1.00,1.00
2015.01.04 22:41:41.610,0.77169,0.77276,1.00,1.00
2015.01.04 22:41:42.158,0.77169,0.77241,1.00,1.00
2015.01.04 22:41:42.371,0.7717,0.77251,1.00,1.00
2015.01.04 22:41:42.481,0.7717,0.77256,1.00,1.00
2015.01.04 22:41:44.171,0.77169,0.77256,1.00,1.00
2015.01.04 22:41:48.351,0.7717,0.77256,1.00,1.00
2015.01.04 22:41:48.973,0.7717,0.77236,1.00,0.75
2015.01.04 22:41:50.725,0.77169,0.77236,1.00,0.75
2015.01.04 22:41:52.089,0.77169,0.77245,1.00,1.00
2015.01.04 22:41:52.318,0.77169,0.77255,1.00,1.00
2015.01.04 22:41:52.495,0.77169,0.7726,1.00,1.00
2015.01.04 22:41:54.949,0.77176,0.7726,1.00,1.00
2015.01.04 22:41:55.059,0.77174,0.7726,1.00,1.00
2015.01.04 22:41:58.108,0.77174,0.77235,1.00,1.00
2015.01.04 22:41:58.321,0.77174,0.77241,1.00,1.00
2015.01.04 22:41:58.999,0.77173,0.77241,1.00,1.00
2015.01.04 22:42:00.227,0.77177,0.77241,1.00,1.00
2015.01.04 22:42:04.400,0.77177,0.77261,1.00,1.00
2015.01.04 22:42:04.501,0.77173,0.77276,1.00,1.00
2015.01.04 22:42:04.765,0.77171,0.77276,1.00,1.00
2015.01.04 22:42:05.799,0.77171,0.77281,1.00,1.00
2015.01.04 22:42:05.912,0.77171,0.77291,1.00,1.00
2015.01.04 22:42:06.512,0.77172,0.77291,1.00,1.00
2015.01.04 22:42:07.857,0.77174,0.77291,1.00,1.00
2015.01.04 22:42:08.550,0.77174,0.77301,1.00,1.00
2015.01.04 22:42:08.771,0.77185,0.773,1.00,1.00
2015.01.04 22:42:08.922,0.77184,0.77312,1.00,1.00
2015.01.04 22:42:09.138,0.77184,0.77315,1.50,1.00
2015.01.04 22:42:09.360,0.77244,0.77312,1.00,1.00
2015.01.04 22:42:09.470,0.77244,0.77326,1.00,1.00
2015.01.04 22:42:09.580,0.77244,0.77324,1.00,1.00
2015.01.04 22:42:09.737,0.77244,0.77326,1.00,1.00
2015.01.04 22:42:09.799,0.77247,0.77331,1.00,1.00
2015.01.04 22:42:13.654,0.77246,0.77326,1.00,1.00
2015.01.04 22:42:13.758,0.7724,0.77326,1.00,1.00
2015.01.04 22:42:13.859,0.7724,0.77316,1.00,1.00
2015.01.04 22:42:13.910,0.77189,0.77316,1.00,1.00
2015.01.04 22:42:13.961,0.77189,0.77316,1.75,1.00
2015.01.04 22:42:14.157,0.77189,0.77315,1.00,1.00
2015.01.04 22:42:14.258,0.77184,0.77315,1.50,1.00
2015.01.04 22:42:14.529,0.77225,0.77315,1.00,1.00
2015.01.04 22:42:14.849,0.77241,0.77326,1.00,1.00
2015.01.04 22:42:14.899,0.77239,0.77325,1.00,1.00
2015.01.04 22:42:15.179,0.7725,0.77329,1.00,1.00
2015.01.04 22:42:15.564,0.77244,0.7733,1.00,1.00
2015.01.04 22:42:15.615,0.77242,0.7733,1.00,1.00
2015.01.04 22:42:15.929,0.77242,0.7733,1.75,1.00
2015.01.04 22:42:15.979,0.77249,0.77338,1.37,1.00
2015.01.04 22:42:16.068,0.77251,0.77342,1.37,1.00
2015.01.04 22:42:16.241,0.77251,0.77341,1.12,1.00
2015.01.04 22:42:16.798,0.77251,0.7734,1.12,1.00
2015.01.04 22:42:16.959,0.77248,0.77339,1.00,1.00
2015.01.04 22:42:17.211,0.77248,0.77337,1.00,1.00
2015.01.04 22:42:17.521,0.77244,0.77316,1.00,1.00
2015.01.04 22:42:18.011,0.77244,0.77321,1.00,1.00
2015.01.04 22:42:18.121,0.77244,0.77326,1.00,1.00
2015.01.04 22:42:18.372,0.77244,0.77331,1.00,1.12
2015.01.04 22:42:18.423,0.77247,0.77331,1.00,1.12
2015.01.04 22:42:18.724,0.77245,0.77331,1.00,1.00
2015.01.04 22:42:19.335,0.77246,0.77331,1.00,1.00
2015.01.04 22:42:19.870,0.77245,0.77331,1.00,1.00
2015.01.04 22:42:20.725,0.77246,0.77331,1.00,1.00
2015.01.04 22:42:21.310,0.77246,0.77337,1.00,1.00
2015.01.04 22:42:21.361,0.77254,0.77345,1.00,1.00
2015.01.04 22:42:21.813,0.77269,0.7736,1.00,1.00
2015.01.04 22:42:24.369,0.77271,0.7736,1.00,1.00
2015.01.04 22:42:25.201,0.7727,0.77362,1.00,1.00
2015.01.04 22:42:27.728,0.7727,0.77361,1.00,1.00
2015.01.04 22:42:31.468,0.77271,0.77362,1.00,1.00
2015.01.04 22:42:47.980,0.77274,0.77365,1.00,1.00
2015.01.04 22:42:48.666,0.77273,0.77362,1.00,1.00
2015.01.04 22:42:49.078,0.77271,0.7736,1.00,1.00
2015.01.04 22:42:51.379,0.7727,0.77359,1.00,1.00
2015.01.04 22:42:52.148,0.77271,0.7736,1.00,1.00
2015.01.04 22:42:53.057,0.77272,0.7736,1.00,1.00
2015.01.04 22:42:53.501,0.77269,0.7736,1.00,1.00
2015.01.04 22:42:53.709,0.77271,0.7736,1.00,1.00
2015.01.04 22:42:54.049,0.77266,0.77357,1.00,1.00
2015.01.04 22:42:55.010,0.77269,0.7736,1.00,1.12
2015.01.04 22:42:56.439,0.7727,0.77361,1.00,1.37
2015.01.04 22:42:56.589,0.77271,0.77362,1.00,1.00
2015.01.04 22:42:56.658,0.77273,0.77364,1.00,1.00
2015.01.04 22:42:57.331,0.77274,0.77364,1.00,1.00
2015.01.04 22:42:57.647,0.77279,0.77366,1.00,1.00
2015.01.04 22:42:58.088,0.77276,0.77366,1.00,1.00
2015.01.04 22:43:00.068,0.77277,0.77366,1.00,1.00
2015.01.04 22:43:00.618,0.7728,0.77366,1.00,1.00
2015.01.04 22:43:00.690,0.7728,0.77369,1.00,1.00
2015.01.04 22:43:02.377,0.77278,0.77369,1.00,1.00
2015.01.04 22:43:03.169,0.77284,0.77371,1.00,1.00
2015.01.04 22:43:04.145,0.77284,0.77356,1.00,1.00
2015.01.04 22:43:04.280,0.77281,0.77356,1.00,1.00
2015.01.04 22:43:05.237,0.77282,0.77356,1.00,1.00
2015.01.04 22:43:06.777,0.77279,0.77356,1.00,1.00
2015.01.04 22:43:07.657,0.77287,0.77356,1.00,1.00
2015.01.04 22:43:08.165,0.77304,0.77371,1.50,1.00
2015.01.04 22:43:08.466,0.77308,0.77371,1.00,1.00
2015.01.04 22:43:10.369,0.77308,0.7737,1.00,1.00
2015.01.04 22:43:14.330,0.77308,0.77376,1.50,1.00
2015.01.04 22:43:14.569,0.77306,0.77376,1.50,1.00
2015.01.04 22:43:15.479,0.77305,0.77376,1.50,1.00
2015.01.04 22:43:23.800,0.773,0.77376,1.50,1.00
2015.01.04 22:43:24.028,0.77307,0.77376,1.50,1.00
2015.01.04 22:43:30.520,0.7731,0.77376,1.50,1.00
2015.01.04 22:43:31.499,0.7731,0.77381,1.50,1.00
2015.01.04 22:43:33.687,0.7731,0.77375,1.50,1.00
2015.01.04 22:43:39.627,0.7731,0.77375,1.50,1.37
2015.01.04 22:43:39.728,0.7731,0.77376,1.50,1.00
2015.01.04 22:43:40.731,0.7731,0.77375,1.50,1.00
2015.01.04 22:43:44.092,0.77312,0.77375,1.00,1.00
2015.01.04 22:43:45.037,0.77312,0.77376,1.00,1.00
2015.01.04 22:43:45.569,0.77316,0.77371,1.00,1.00
2015.01.04 22:43:46.307,0.77313,0.77371,1.00,1.00
2015.01.04 22:43:51.217,0.77311,0.77371,1.00,1.00
2015.01.04 22:43:53.667,0.77313,0.77371,1.00,1.00
2015.01.04 22:43:54.566,0.77316,0.77371,1.00,1.00
2015.01.04 22:43:56.497,0.77315,0.77371,1.00,1.00
2015.01.04 22:43:58.406,0.77314,0.77371,1.00,1.00
2015.01.04 22:44:05.201,0.7731,0.77371,1.00,1.00
2015.01.04 22:44:05.735,0.7731,0.7737,1.00,1.00
2015.01.04 22:44:06.098,0.77314,0.7737,1.00,1.00
2015.01.04 22:44:10.246,0.77314,0.77376,1.00,1.00
2015.01.04 22:44:20.472,0.77314,0.77386,1.00,1.00
2015.01.04 22:44:21.496,0.77315,0.77386,1.00,1.00
2015.01.04 22:44:24.417,0.77315,0.77326,0.75,0.75
2015.01.04 22:44:24.468,0.7722,0.77326,1.45,1.00
2015.01.04 22:44:24.519,0.77219,0.77326,1.00,1.00
2015.01.04 22:44:24.619,0.77195,0.77326,1.50,1.00
2015.01.04 22:44:25.278,0.77196,0.77326,1.00,1.00
2015.01.04 22:44:25.657,0.77205,0.77326,1.00,1.00
2015.01.04 22:44:26.899,0.77219,0.77326,1.00,1.00
2015.01.04 22:44:27.704,0.77201,0.77325,1.00,1.00
2015.01.04 22:44:28.091,0.77201,0.77331,1.00,1.00
2015.01.04 22:44:30.157,0.772,0.77331,1.00,1.00
2015.01.04 22:44:30.486,0.77211,0.77331,1.00,1.00
2015.01.04 22:44:32.027,0.7721,0.77331,1.00,1.00
2015.01.04 22:44:33.176,0.77218,0.77331,1.00,1.00
2015.01.04 22:44:33.904,0.77218,0.77326,1.00,1.00
2015.01.04 22:44:34.455,0.7721,0.77326,1.00,1.00
2015.01.04 22:44:34.506,0.7721,0.77311,1.00,1.00
2015.01.04 22:44:35.463,0.77211,0.77311,1.00,1.00
2015.01.04 22:44:36.008,0.7721,0.77311,1.00,1.00
2015.01.04 22:44:37.768,0.7721,0.7732,1.00,1.00
2015.01.04 22:44:39.418,0.7721,0.77321,1.00,1.00
2015.01.04 22:44:39.656,0.7721,0.77325,1.00,1.00
2015.01.04 22:44:41.046,0.77211,0.77325,1.00,1.00
2015.01.04 22:44:43.355,0.77213,0.77325,1.00,1.00
2015.01.04 22:44:44.015,0.77214,0.77321,1.00,1.00
2015.01.04 22:44:44.616,0.77213,0.77321,1.00,1.00
2015.01.04 22:44:44.924,0.77213,0.77311,1.00,0.75
2015.01.04 22:44:47.558,0.77213,0.77316,1.00,1.00
2015.01.04 22:44:48.218,0.77213,0.7732,1.00,1.00
2015.01.04 22:44:48.326,0.77213,0.77316,1.00,1.00
2015.01.04 22:44:49.186,0.77214,0.77316,1.00,1.00
2015.01.04 22:44:49.941,0.77219,0.77316,1.00,1.00
2015.01.04 22:44:52.067,0.77219,0.77321,1.00,1.00
2015.01.04 22:44:52.206,0.77219,0.77326,1.00,1.00
2015.01.04 22:44:52.306,0.77229,0.77326,1.00,1.00
2015.01.04 22:44:52.456,0.77213,0.77326,1.00,0.75
2015.01.04 22:44:53.749,0.77213,0.77311,1.00,0.75
2015.01.04 22:44:53.951,0.77215,0.77326,1.00,1.00
2015.01.04 22:44:54.306,0.77215,0.77331,1.00,1.00
2015.01.04 22:44:59.531,0.77225,0.77331,1.00,1.00
2015.01.04 22:44:59.582,0.77225,0.77341,1.00,1.00
2015.01.04 22:44:59.683,0.77225,0.77336,1.00,1.00
2015.01.04 22:44:59.965,0.77204,0.77331,1.00,1.00
2015.01.04 22:45:00.516,0.772,0.77331,1.00,1.00
2015.01.04 22:45:01.466,0.772,0.77341,1.00,1.00
2015.01.04 22:45:01.516,0.77233,0.77341,0.75,1.00
2015.01.04 22:45:02.056,0.77237,0.77336,1.00,1.00
2015.01.04 22:45:03.264,0.7724,0.77336,1.00,1.00
2015.01.04 22:45:03.536,0.77244,0.7735,1.00,1.00
2015.01.04 22:45:03.598,0.77246,0.7735,1.00,1.00
2015.01.04 22:45:03.708,0.77237,0.77345,1.00,1.00
2015.01.04 22:45:04.368,0.77237,0.77346,1.00,1.00
2015.01.04 22:45:06.126,0.77238,0.77346,1.00,1.00
2015.01.04 22:45:14.317,0.77238,0.77346,1.37,1.00
2015.01.04 22:45:19.447,0.77238,0.77346,1.00,1.00
2015.01.04 22:45:20.536,0.77238,0.77345,1.00,1.00
2015.01.04 22:45:21.548,0.77238,0.77346,1.00,1.00
2015.01.04 22:45:22.979,0.77238,0.77345,1.00,1.00
2015.01.04 22:45:23.616,0.77237,0.77345,1.00,1.00
2015.01.04 22:45:24.082,0.77237,0.77345,1.75,1.00
2015.01.04 22:45:24.884,0.77238,0.77345,1.75,1.00
2015.01.04 22:45:27.891,0.77238,0.77345,1.75,1.00
2015.01.04 22:45:29.417,0.77238,0.77346,1.75,1.00
2015.01.04 22:45:29.908,0.77238,0.77341,1.75,1.00
2015.01.04 22:45:31.555,0.77238,0.77346,1.75,1.00
2015.01.04 22:45:33.611,0.77264,0.77346,1.00,1.00
2015.01.04 22:45:34.798,0.77286,0.77351,1.00,1.00
2015.01.04 22:45:38.952,0.77287,0.77351,1.00,1.00
2015.01.04 22:45:42.865,0.77289,0.77351,1.00,1.00
2015.01.04 22:45:42.916,0.77289,0.77356,1.00,1.37
2015.01.04 22:45:42.966,0.77289,0.77356,1.00,1.75
2015.01.04 22:45:43.720,0.77292,0.77356,1.00,1.37
2015.01.04 22:45:44.129,0.77292,0.77356,1.00,1.00
2015.01.04 22:45:45.082,0.77294,0.77356,1.00,1.00
2015.01.04 22:45:45.742,0.77294,0.77355,1.00,1.00
2015.01.04 22:45:49.390,0.77295,0.77355,1.00,1.00
2015.01.04 22:45:49.742,0.77296,0.7735,1.00,1.00
2015.01.04 22:45:50.304,0.77296,0.77351,1.00,1.00
2015.01.04 22:45:52.247,0.77295,0.77351,1.00,1.00
2015.01.04 22:45:56.876,0.77286,0.77351,1.12,1.00
2015.01.04 22:45:57.671,0.77285,0.77351,1.50,1.00
2015.01.04 22:45:58.557,0.77292,0.77351,1.00,1.00
2015.01.04 22:46:04.247,0.77292,0.77356,1.00,1.00
2015.01.04 22:46:05.548,0.77292,0.77351,1.00,1.00
2015.01.04 22:46:06.132,0.77284,0.77351,1.00,1.00
2015.01.04 22:46:07.106,0.77292,0.77351,1.00,1.00
2015.01.04 22:46:11.845,0.77292,0.7735,1.00,1.00
2015.01.04 22:46:23.477,0.77292,0.77351,1.00,1.00
2015.01.04 22:46:24.575,0.77293,0.77351,1.00,1.00
2015.01.04 22:46:27.487,0.77293,0.77346,1.00,1.00
2015.01.04 22:46:27.588,0.77293,0.77351,1.00,1.00
2015.01.04 22:46:29.963,0.77292,0.77351,1.00,1.00
2015.01.04 22:46:31.652,0.77292,0.77346,1.00,1.00
2015.01.04 22:46:31.753,0.77292,0.77351,1.00,1.00
2015.01.04 22:46:34.193,0.77292,0.77346,1.00,1.00
2015.01.04 22:46:35.027,0.77292,0.77351,1.00,1.00
2015.01.04 22:46:35.358,0.77292,0.77355,1.00,1.00
2015.01.04 22:46:37.026,0.77292,0.77356,1.00,1.00
2015.01.04 22:46:37.165,0.77292,0.77346,1.00,1.00
2015.01.04 22:46:37.335,0.77292,0.77356,1.00,1.00
2015.01.04 22:46:37.467,0.77292,0.7736,1.00,1.00
2015.01.04 22:46:37.577,0.77294,0.7736,1.00,1.00
2015.01.04 22:46:38.620,0.77295,0.7736,1.00,1.00
2015.01.04 22:46:39.977,0.77295,0.77366,1.00,1.00
2015.01.04 22:46:40.614,0.77296,0.77366,1.00,1.00
2015.01.04 22:46:41.276,0.77294,0.77366,1.00,1.12
2015.01.04 22:46:41.947,0.77293,0.77365,1.00,1.00
2015.01.04 22:46:43.716,0.77293,0.7736,1.00,1.00
2015.01.04 22:46:46.120,0.77294,0.77361,1.00,1.00
2015.01.04 22:46:46.450,0.77295,0.77361,1.00,1.75
2015.01.04 22:46:46.500,0.77295,0.77361,1.00,1.50
2015.01.04 22:46:46.601,0.77295,0.77361,1.00,1.00
2015.01.04 22:46:49.745,0.77296,0.77361,1.00,1.00
2015.01.04 22:46:53.045,0.77298,0.77361,1.00,1.00
2015.01.04 22:46:54.075,0.77299,0.77361,1.00,1.00
2015.01.04 22:46:54.634,0.77299,0.77366,1.50,1.00
2015.01.04 22:46:58.144,0.77298,0.7736,1.00,1.00
2015.01.04 22:47:02.095,0.77298,0.77361,1.00,1.00
2015.01.04 22:47:02.679,0.77297,0.77361,1.00,1.00
2015.01.04 22:47:02.880,0.77305,0.77375,1.00,1.50
2015.01.04 22:47:02.981,0.77305,0.77375,1.00,1.00
2015.01.04 22:47:03.146,0.77306,0.77375,1.37,1.00
2015.01.04 22:47:04.283,0.77307,0.77376,1.37,1.00
2015.01.04 22:47:04.626,0.77306,0.77371,1.00,1.00
2015.01.04 22:47:05.144,0.77307,0.77371,1.00,1.00
2015.01.04 22:47:05.775,0.77307,0.77375,1.00,1.00
2015.01.04 22:47:06.574,0.77308,0.77375,1.00,1.00
2015.01.04 22:47:06.705,0.77308,0.77366,1.12,1.00
2015.01.04 22:47:11.454,0.77308,0.7736,1.00,1.00
2015.01.04 22:47:11.564,0.77305,0.7736,1.12,1.00
2015.01.04 22:47:11.655,0.77305,0.77366,1.12,1.00
2015.01.04 22:47:11.795,0.77306,0.77361,1.00,1.00
2015.01.04 22:47:11.985,0.77306,0.77365,1.00,1.00
2015.01.04 22:47:12.864,0.77306,0.77366,1.00,1.00
2015.01.04 22:47:13.633,0.77306,0.77361,1.00,1.00
2015.01.04 22:47:14.964,0.77306,0.77361,1.37,1.00
2015.01.04 22:47:16.415,0.77306,0.77375,1.37,1.00
2015.01.04 22:47:17.074,0.77309,0.77376,1.00,1.00
2015.01.04 22:47:23.184,0.77305,0.77376,1.00,1.00
2015.01.04 22:47:24.105,0.77305,0.77376,1.37,1.00
2015.01.04 22:47:24.283,0.77308,0.77376,1.00,1.00
2015.01.04 22:47:26.153,0.77309,0.77376,1.00,1.00
2015.01.04 22:47:27.874,0.77309,0.77365,1.00,1.00
2015.01.04 22:47:29.783,0.77308,0.77365,1.00,1.00
2015.01.04 22:47:31.143,0.77306,0.77365,1.00,1.00
2015.01.04 22:47:33.136,0.77306,0.77375,1.00,1.00
2015.01.04 22:47:34.074,0.77308,0.77375,1.00,1.00
2015.01.04 22:47:35.063,0.77309,0.77375,1.00,1.00
2015.01.04 22:47:43.353,0.77309,0.77376,1.00,1.00
2015.01.04 22:47:44.175,0.77305,0.77376,1.00,1.00
2015.01.04 22:47:45.758,0.77306,0.77375,1.37,1.00
2015.01.04 22:47:48.809,0.77307,0.77375,1.50,1.00
2015.01.04 22:47:49.695,0.77307,0.77376,1.50,1.00
2015.01.04 22:47:55.452,0.77308,0.77376,1.75,1.00
2015.01.04 22:47:55.577,0.77308,0.77375,1.37,1.00
2015.01.04 22:47:55.653,0.77308,0.77375,1.75,1.00
2015.01.04 22:47:55.804,0.77314,0.77381,1.37,1.00
2015.01.04 22:47:55.854,0.77314,0.77381,1.75,1.00
2015.01.04 22:47:55.905,0.77315,0.77385,1.75,1.00
2015.01.04 22:48:05.494,0.77315,0.77385,1.37,1.00
2015.01.04 22:48:06.224,0.77315,0.77385,1.50,1.00
2015.01.04 22:48:13.363,0.77314,0.77386,2.25,1.00
2015.01.04 22:48:18.175,0.77314,0.77386,1.00,1.00
2015.01.04 22:48:18.276,0.77307,0.77385,1.37,1.00
2015.01.04 22:48:18.974,0.77307,0.77386,1.37,1.00
2015.01.04 22:48:19.340,0.77306,0.77385,2.62,1.00
2015.01.04 22:48:19.843,0.77306,0.77385,2.62,1.00
2015.01.04 22:48:19.946,0.77306,0.77385,3.00,1.00
2015.01.04 22:48:20.251,0.77314,0.77386,1.50,1.00
2015.01.04 22:48:22.874,0.77308,0.77386,1.37,1.00
2015.01.04 22:48:23.562,0.77308,0.77386,1.37,1.00
2015.01.04 22:48:24.365,0.77308,0.77376,1.37,1.00
2015.01.04 22:48:25.574,0.77307,0.7737,1.87,1.00
2015.01.04 22:48:26.078,0.77307,0.7737,1.50,1.00
2015.01.04 22:48:26.229,0.77305,0.7737,1.00,1.00
2015.01.04 22:48:26.983,0.77303,0.7737,1.87,1.00
2015.01.04 22:48:27.084,0.77306,0.7737,1.50,1.00
2015.01.04 22:48:28.021,0.77306,0.7737,2.25,1.00
2015.01.04 22:48:29.393,0.77304,0.77371,1.75,1.00
2015.01.04 22:48:38.307,0.77302,0.77371,2.25,1.00
2015.01.04 22:48:40.157,0.77302,0.77371,2.25,1.00
2015.01.04 22:48:45.323,0.77308,0.77371,1.37,1.00
2015.01.04 22:48:45.424,0.77305,0.77375,1.75,1.00
2015.01.04 22:48:47.072,0.77305,0.77375,1.37,1.00
2015.01.04 22:48:47.943,0.77304,0.77376,1.37,1.00
2015.01.04 22:48:47.994,0.77304,0.77376,1.75,1.00
2015.01.04 22:48:48.492,0.7731,0.7738,1.37,1.00
2015.01.04 22:48:48.872,0.77305,0.77376,1.75,1.00
2015.01.04 22:48:54.001,0.77305,0.77376,1.50,1.00
2015.01.04 22:48:54.145,0.77309,0.77381,1.37,1.00
2015.01.04 22:48:54.246,0.77309,0.77383,1.37,1.00
2015.01.04 22:48:54.823,0.77309,0.77383,1.37,1.00
2015.01.04 22:48:55.091,0.77309,0.77386,1.37,1.50
2015.01.04 22:48:57.182,0.77319,0.77386,1.00,1.00
2015.01.04 22:48:57.983,0.77309,0.77386,1.00,1.50
2015.01.04 22:48:58.186,0.77305,0.77386,2.25,1.00
2015.01.04 22:48:59.491,0.77305,0.77386,1.87,1.00
2015.01.04 22:49:00.372,0.7731,0.77386,1.00,1.00
2015.01.04 22:49:02.018,0.7731,0.77386,1.37,1.00
2015.01.04 22:49:02.141,0.7731,0.77384,1.37,1.00
2015.01.04 22:49:05.102,0.7731,0.77386,1.37,1.00
2015.01.04 22:49:06.707,0.77306,0.77386,1.00,1.00
2015.01.04 22:49:06.758,0.77305,0.7737,1.87,1.00
2015.01.04 22:49:07.063,0.77305,0.7737,2.25,1.00
2015.01.04 22:49:10.860,0.77305,0.7737,1.87,1.00
2015.01.04 22:49:10.933,0.77305,0.7737,2.25,1.00
2015.01.04 22:49:10.983,0.77315,0.77382,1.00,1.00
2015.01.04 22:49:11.043,0.77315,0.77384,1.00,1.00
2015.01.04 22:49:11.922,0.77315,0.77385,1.00,1.00
2015.01.04 22:49:12.802,0.77309,0.77381,1.37,1.00
2015.01.04 22:49:16.713,0.77314,0.77381,1.00,1.00
2015.01.04 22:49:17.313,0.77315,0.7738,1.12,1.00
2015.01.04 22:49:19.513,0.7732,0.77386,1.00,1.00
2015.01.04 22:49:19.992,0.77319,0.77386,1.75,1.50
2015.01.04 22:49:21.141,0.77319,0.77385,1.75,1.00
2015.01.04 22:49:21.355,0.77319,0.77385,1.37,1.00
2015.01.04 22:49:22.481,0.77319,0.77386,1.37,1.50
2015.01.04 22:49:22.958,0.77319,0.77386,1.50,1.50
2015.01.04 22:49:23.471,0.77319,0.77385,1.50,1.00
2015.01.04 22:49:24.734,0.7732,0.77385,1.50,1.00
2015.01.04 22:49:25.269,0.77319,0.77384,1.50,1.00
2015.01.04 22:49:30.533,0.7732,0.77384,1.12,1.00
2015.01.04 22:49:31.501,0.7732,0.77386,1.12,1.00
2015.01.04 22:49:31.653,0.77314,0.77381,1.37,1.00
2015.01.04 22:49:33.107,0.77314,0.77381,1.37,1.00
2015.01.04 22:49:33.158,0.77315,0.77385,1.37,1.00
2015.01.04 22:49:33.263,0.77309,0.77385,1.37,1.00
2015.01.04 22:49:35.062,0.77309,0.77376,1.37,1.00
2015.01.04 22:49:39.011,0.77309,0.77385,1.37,1.00
2015.01.04 22:49:39.111,0.77309,0.77385,1.37,1.00
2015.01.04 22:49:39.665,0.77309,0.77385,1.37,1.00
2015.01.04 22:49:39.871,0.77315,0.7739,1.00,1.50
2015.01.04 22:49:40.193,0.77319,0.77391,1.00,1.00
2015.01.04 22:49:41.624,0.77318,0.7739,1.00,1.00
2015.01.04 22:49:43.213,0.77318,0.77386,1.00,1.00
2015.01.04 22:49:43.313,0.77316,0.77386,1.00,1.00
2015.01.04 22:49:43.541,0.77324,0.77391,1.00,1.00
2015.01.04 22:49:45.212,0.77318,0.7738,1.00,1.00
2015.01.04 22:49:45.765,0.77318,0.77375,1.00,1.00
2015.01.04 22:49:46.023,0.77318,0.77381,1.00,1.00
2015.01.04 22:49:46.153,0.77314,0.77386,1.00,1.00
2015.01.04 22:49:47.560,0.77313,0.77386,1.00,1.00
2015.01.04 22:49:48.221,0.77312,0.77386,1.00,1.00
2015.01.04 22:49:49.982,0.77311,0.77386,1.00,1.00
2015.01.04 22:49:54.162,0.7731,0.77386,1.00,1.00
2015.01.04 22:49:55.700,0.77311,0.77386,1.00,1.00
2015.01.04 22:49:56.161,0.77313,0.77386,1.00,1.00
2015.01.04 22:49:57.318,0.77313,0.77386,1.00,1.37
2015.01.04 22:49:58.550,0.77315,0.7739,1.00,2.25
2015.01.04 22:49:58.600,0.77315,0.7739,1.00,1.50
2015.01.04 22:49:59.550,0.77317,0.7739,1.00,1.00
2015.01.04 22:50:02.224,0.77317,0.77391,1.00,1.00
2015.01.04 22:50:03.182,0.77316,0.77391,1.00,1.00
2015.01.04 22:50:03.987,0.7732,0.77393,1.00,1.00
2015.01.04 22:50:04.289,0.77323,0.774,1.00,1.37
2015.01.04 22:50:04.389,0.77323,0.774,1.00,1.00
2015.01.04 22:50:04.915,0.77324,0.77399,1.00,1.00
2015.01.04 22:50:04.966,0.77318,0.77396,1.00,1.00
2015.01.04 22:50:05.932,0.77318,0.77394,1.00,1.00
2015.01.04 22:50:07.252,0.7732,0.77398,1.00,1.00
2015.01.04 22:50:08.159,0.77322,0.774,1.00,1.00
2015.01.04 22:50:09.186,0.77318,0.77394,1.12,1.00
2015.01.04 22:50:10.193,0.77319,0.77394,1.50,1.00
2015.01.04 22:50:11.402,0.77318,0.77394,1.12,1.00
2015.01.04 22:50:13.932,0.7732,0.77394,1.50,1.00
2015.01.04 22:50:15.034,0.77318,0.77394,1.12,1.00
2015.01.04 22:50:16.921,0.77318,0.77394,1.00,1.37
2015.01.04 22:50:18.309,0.77318,0.7739,1.00,1.37
2015.01.04 22:50:21.222,0.77316,0.77388,1.50,1.37
2015.01.04 22:50:21.273,0.77316,0.77388,1.87,1.00
2015.01.04 22:50:28.173,0.77316,0.77386,1.50,1.00
2015.01.04 22:50:29.112,0.77316,0.77386,2.25,1.00
2015.01.04 22:50:29.162,0.77316,0.77388,2.25,1.00
2015.01.04 22:50:30.063,0.77318,0.77389,2.25,1.00
2015.01.04 22:50:33.060,0.77318,0.77388,2.25,1.00
2015.01.04 22:50:34.657,0.77318,0.77388,1.87,1.00
2015.01.04 22:50:34.758,0.77321,0.77388,1.50,1.00
2015.01.04 22:50:49.172,0.77321,0.77386,1.50,1.00
2015.01.04 22:50:50.041,0.77323,0.77386,1.50,1.00
2015.01.04 22:50:50.769,0.77323,0.77387,1.87,1.00
2015.01.04 22:50:51.518,0.77323,0.77387,1.87,1.00
2015.01.04 22:50:52.642,0.77323,0.77387,1.87,1.37
2015.01.04 22:50:55.062,0.77323,0.77387,1.50,1.50
2015.01.04 22:50:57.114,0.77323,0.77387,1.50,1.37
2015.01.04 22:51:00.286,0.77323,0.77387,1.50,1.37
2015.01.04 22:51:00.411,0.77323,0.77387,1.50,1.00
2015.01.04 22:51:00.487,0.77323,0.77387,1.50,1.37
2015.01.04 22:51:00.587,0.77323,0.77387,1.50,1.00
2015.01.04 22:51:00.989,0.77323,0.77387,1.50,1.37
2015.01.04 22:51:01.423,0.77323,0.77381,1.50,1.00
2015.01.04 22:51:03.681,0.77325,0.77381,1.50,1.00
2015.01.04 22:51:05.364,0.77325,0.77382,1.50,1.00
2015.01.04 22:51:06.172,0.77325,0.77382,1.87,1.00
2015.01.04 22:51:06.525,0.77326,0.77382,1.87,1.00
2015.01.04 22:51:07.303,0.77326,0.77383,1.87,1.00
2015.01.04 22:51:07.527,0.77326,0.77383,1.87,1.00
2015.01.04 22:51:10.062,0.77326,0.77384,1.87,1.00
2015.01.04 22:51:11.069,0.77336,0.77384,1.87,1.00
2015.01.04 22:51:11.173,0.77336,0.77391,1.87,1.37
2015.01.04 22:51:11.282,0.77343,0.77386,1.50,1.00
2015.01.04 22:51:11.393,0.77335,0.77391,1.37,1.00
2015.01.04 22:51:11.494,0.77329,0.77389,1.75,1.00
2015.01.04 22:51:11.544,0.77329,0.77389,1.37,1.00
2015.01.04 22:51:11.646,0.77334,0.77391,1.00,1.00
2015.01.04 22:51:11.830,0.77339,0.77391,1.00,1.00
2015.01.04 22:51:12.082,0.77334,0.77391,1.00,1.00
2015.01.04 22:51:15.458,0.77334,0.77391,1.75,1.00
2015.01.04 22:51:15.675,0.77334,0.77395,1.75,1.50
2015.01.04 22:51:16.660,0.77338,0.77396,1.75,1.00
2015.01.04 22:51:16.921,0.77332,0.77393,2.25,1.00
2015.01.04 22:51:18.263,0.77332,0.77393,2.25,1.00
2015.01.04 22:51:18.652,0.77337,0.77396,1.50,1.00
2015.01.04 22:51:20.568,0.77337,0.77396,1.75,1.00
2015.01.04 22:51:21.173,0.77338,0.77399,1.75,1.00
2015.01.04 22:51:22.161,0.77342,0.774,1.75,1.00
2015.01.04 22:51:23.081,0.77342,0.77401,1.75,1.00
2015.01.04 22:51:23.151,0.77342,0.77403,1.75,1.00
2015.01.04 22:51:23.714,0.77342,0.77403,1.75,1.00
2015.01.04 22:51:23.815,0.77342,0.77403,1.00,1.00
2015.01.04 22:51:24.016,0.7734,0.77402,1.37,1.00
2015.01.04 22:51:25.121,0.77337,0.77398,1.75,1.00
2015.01.04 22:51:25.823,0.77337,0.77398,1.50,1.00
2015.01.04 22:51:25.923,0.77337,0.77398,1.75,1.00
2015.01.04 22:51:26.050,0.77337,0.77398,1.00,1.00
2015.01.04 22:51:26.252,0.77337,0.77396,1.00,1.00
2015.01.04 22:51:27.264,0.77338,0.77396,1.00,1.00
2015.01.04 22:51:28.062,0.77337,0.77396,1.00,1.00
2015.01.04 22:51:28.632,0.77337,0.77396,1.00,1.75
2015.01.04 22:51:28.733,0.77245,0.77351,1.75,1.00
2015.01.04 22:51:28.834,0.77239,0.77351,1.75,1.00
2015.01.04 22:51:28.934,0.77221,0.77351,1.75,1.00
2015.01.04 22:51:29.623,0.77221,0.77351,1.75,1.00
2015.01.04 22:51:30.130,0.77263,0.77351,0.75,1.00
2015.01.04 22:51:30.821,0.77221,0.77351,1.75,1.00
2015.01.04 22:51:30.922,0.77221,0.77351,1.75,1.00
2015.01.04 22:51:31.183,0.77221,0.77351,1.00,1.00
2015.01.04 22:51:33.261,0.77209,0.77351,1.37,1.00
2015.01.04 22:51:33.495,0.77224,0.77361,1.00,1.00
2015.01.04 22:51:33.616,0.77224,0.77364,1.37,1.00
2015.01.04 22:51:33.815,0.77224,0.77364,1.75,1.00
2015.01.04 22:51:34.238,0.77228,0.77364,1.75,1.00
2015.01.04 22:51:34.700,0.77228,0.77366,1.75,1.00
2015.01.04 22:51:35.744,0.77228,0.77366,1.75,1.50
2015.01.04 22:51:36.242,0.77228,0.77364,1.75,1.00
2015.01.04 22:51:36.633,0.77228,0.77364,1.75,1.00
2015.01.04 22:51:37.539,0.77228,0.77364,1.75,1.00
2015.01.04 22:51:38.262,0.77228,0.77363,1.75,1.00
2015.01.04 22:51:38.992,0.77228,0.77362,1.75,1.00
2015.01.04 22:51:39.541,0.77228,0.77366,1.75,1.50
2015.01.04 22:51:39.592,0.77279,0.77366,0.75,1.50
2015.01.04 22:51:40.302,0.77279,0.77365,0.75,1.00
2015.01.04 22:51:40.872,0.77259,0.77368,1.75,1.00
2015.01.04 22:51:40.973,0.77259,0.77368,1.75,1.00
2015.01.04 22:51:41.631,0.77259,0.7737,1.75,1.00
2015.01.04 22:51:42.972,0.77259,0.7737,1.75,1.00
2015.01.04 22:51:43.060,0.77259,0.77368,1.75,1.00
2015.01.04 22:51:43.111,0.77248,0.77368,1.75,1.00
2015.01.04 22:51:43.320,0.77248,0.77367,1.75,1.00
2015.01.04 22:51:43.421,0.7724,0.77363,1.75,1.00
2015.01.04 22:51:43.574,0.7724,0.77362,1.75,1.00
2015.01.04 22:51:44.827,0.7724,0.77361,1.75,1.00
2015.01.04 22:51:44.878,0.7724,0.7736,1.75,1.00
2015.01.04 22:51:45.602,0.77289,0.77362,1.00,1.00
2015.01.04 22:51:45.931,0.77293,0.77366,1.00,1.00
2015.01.04 22:51:46.251,0.773,0.7737,1.00,1.00
2015.01.04 22:51:47.249,0.77298,0.7737,1.00,1.00
2015.01.04 22:51:47.350,0.773,0.77371,1.00,1.00
2015.01.04 22:51:47.582,0.77298,0.7737,1.00,1.00
2015.01.04 22:51:47.681,0.773,0.7737,1.00,1.00
2015.01.04 22:51:48.049,0.77302,0.7737,1.00,1.00
2015.01.04 22:51:48.351,0.77304,0.77375,1.75,1.00
2015.01.04 22:51:49.220,0.77303,0.77375,3.00,1.00
2015.01.04 22:51:49.270,0.77303,0.77375,1.75,1.00
2015.01.04 22:51:49.371,0.77303,0.77375,1.75,1.00
2015.01.04 22:51:49.472,0.77303,0.77375,1.12,1.00
2015.01.04 22:51:49.572,0.77301,0.77371,1.37,1.00
2015.01.04 22:51:49.774,0.77296,0.77367,1.00,1.00
2015.01.04 22:51:50.043,0.773,0.7737,1.00,1.00
2015.01.04 22:51:50.554,0.77302,0.7737,1.00,1.00
2015.01.04 22:51:51.559,0.77302,0.7737,1.75,1.00
2015.01.04 22:51:52.962,0.77302,0.7737,1.75,1.00
2015.01.04 22:51:54.977,0.77304,0.7737,1.12,1.00
2015.01.04 22:51:55.653,0.77304,0.7737,1.75,1.00
2015.01.04 22:51:56.054,0.77304,0.7737,1.37,1.00
2015.01.04 22:51:56.863,0.77304,0.7737,1.75,1.00
2015.01.04 22:51:56.956,0.77304,0.7737,1.37,1.00
2015.01.04 22:51:57.194,0.77304,0.77371,1.75,1.00
2015.01.04 22:51:58.059,0.77305,0.77371,1.75,1.00
2015.01.04 22:52:00.863,0.77305,0.77371,1.75,1.00
2015.01.04 22:52:02.091,0.77305,0.77365,1.75,1.00
2015.01.04 22:52:02.251,0.77305,0.77365,1.75,1.00
2015.01.04 22:52:02.402,0.77305,0.77365,1.75,1.00
2015.01.04 22:52:03.690,0.77304,0.77365,1.75,1.00
2015.01.04 22:52:09.792,0.77305,0.7737,3.00,1.00
2015.01.04 22:52:09.901,0.77305,0.7737,1.75,1.00
2015.01.04 22:52:11.772,0.77298,0.77365,3.00,1.00
2015.01.04 22:52:14.820,0.77301,0.77365,1.75,1.00
2015.01.04 22:52:16.261,0.77301,0.77366,1.50,1.00
2015.01.04 22:52:18.430,0.77299,0.77366,1.00,1.00
2015.01.04 22:52:18.531,0.77291,0.77361,1.00,1.00
2015.01.04 22:52:18.631,0.77292,0.77364,1.00,1.00
2015.01.04 22:52:19.580,0.7729,0.77362,1.00,1.00
2015.01.04 22:52:20.592,0.77289,0.77362,1.00,1.00
2015.01.04 22:52:21.044,0.77291,0.77363,1.00,1.00
2015.01.04 22:52:21.571,0.77289,0.77362,1.00,1.00
2015.01.04 22:52:22.659,0.77288,0.77361,2.25,1.00
2015.01.04 22:52:24.860,0.77289,0.77361,1.00,1.00
2015.01.04 22:52:26.112,0.77288,0.77358,1.00,1.00
2015.01.04 22:52:26.181,0.77288,0.7736,1.00,1.00
2015.01.04 22:52:26.619,0.77287,0.77356,1.00,1.00
2015.01.04 22:52:26.729,0.77287,0.77359,1.00,1.00
2015.01.04 22:52:27.609,0.77286,0.77357,1.00,1.00
2015.01.04 22:52:28.219,0.77286,0.77358,1.00,1.00
2015.01.04 22:52:29.039,0.77285,0.77356,1.00,1.00
2015.01.04 22:52:30.139,0.77286,0.77357,1.00,1.00
2015.01.04 22:52:32.534,0.77285,0.77356,1.00,1.00
2015.01.04 22:52:32.850,0.77285,0.77354,1.00,1.00
2015.01.04 22:52:33.109,0.77285,0.77356,1.00,1.00
2015.01.04 22:52:33.879,0.77285,0.77354,1.00,1.00
2015.01.04 22:52:33.989,0.77285,0.77356,1.00,1.00
2015.01.04 22:52:36.630,0.77285,0.77354,1.00,1.00
2015.01.04 22:52:36.739,0.77285,0.77356,1.00,1.00
2015.01.04 22:52:37.760,0.77284,0.77355,1.00,1.00
2015.01.04 22:52:38.721,0.77284,0.77356,1.00,1.00
2015.01.04 22:52:38.940,0.77283,0.77354,1.00,1.00
2015.01.04 22:52:39.998,0.77281,0.77352,1.00,1.00
2015.01.04 22:52:40.559,0.77284,0.77355,1.00,1.00
2015.01.04 22:52:41.029,0.77282,0.77353,1.00,1.00
2015.01.04 22:52:41.688,0.77284,0.77353,1.00,1.00
2015.01.04 22:52:42.351,0.77284,0.77355,1.00,1.00
2015.01.04 22:52:42.569,0.77284,0.77353,1.00,1.00
2015.01.04 22:52:42.679,0.77284,0.77355,1.00,1.00
2015.01.04 22:52:43.340,0.77284,0.77351,1.00,1.00
2015.01.04 22:52:44.336,0.77283,0.77351,1.00,1.00
2015.01.04 22:52:45.700,0.77284,0.77351,1.00,1.00
2015.01.04 22:52:46.684,0.77284,0.7735,1.00,1.00
2015.01.04 22:52:48.179,0.77285,0.7735,1.00,1.00
2015.01.04 22:52:49.499,0.77286,0.7735,1.00,1.00
2015.01.04 22:52:50.708,0.77284,0.7735,1.00,1.00
2015.01.04 22:52:56.320,0.77284,0.77351,1.00,1.00
2015.01.04 22:52:58.628,0.77286,0.77351,1.00,1.00
2015.01.04 22:53:00.283,0.77284,0.77351,1.00,1.00
2015.01.04 22:53:01.600,0.77285,0.77351,1.00,1.00
2015.01.04 22:53:04.170,0.7729,0.77351,1.00,1.00
2015.01.04 22:53:09.641,0.77294,0.77361,1.50,1.00
2015.01.04 22:53:09.850,0.77295,0.77356,1.00,1.00
2015.01.04 22:53:25.138,0.77297,0.77356,1.00,1.00
2015.01.04 22:53:29.540,0.77297,0.77355,1.00,1.00
2015.01.04 22:53:30.370,0.77297,0.77356,1.00,1.00
2015.01.04 22:53:30.638,0.77294,0.77356,1.00,1.00
2015.01.04 22:53:35.338,0.77294,0.77356,1.37,1.00
2015.01.04 22:53:35.509,0.77297,0.77366,1.37,1.00
2015.01.04 22:53:35.610,0.773,0.77369,1.00,1.00
2015.01.04 22:53:35.719,0.77303,0.7737,1.00,1.00
2015.01.04 22:53:36.071,0.77303,0.7737,1.75,1.00
2015.01.04 22:53:36.272,0.77309,0.77373,1.37,1.00
2015.01.04 22:53:37.018,0.77309,0.77375,1.37,1.00
2015.01.04 22:53:37.169,0.77309,0.77377,1.37,1.00
2015.01.04 22:53:45.099,0.77309,0.77377,1.50,1.00
2015.01.04 22:53:45.690,0.77309,0.77376,1.00,1.00
2015.01.04 22:53:45.949,0.77306,0.77375,1.00,1.00
2015.01.04 22:53:46.150,0.77307,0.77377,1.00,1.00
2015.01.04 22:53:47.137,0.77307,0.77375,1.00,1.00
2015.01.04 22:53:53.889,0.77307,0.77371,1.00,1.00
2015.01.04 22:53:54.069,0.77304,0.77371,1.00,1.00
2015.01.04 22:54:00.008,0.77306,0.7737,1.00,1.00
2015.01.04 22:54:00.429,0.77308,0.7737,1.00,1.00
2015.01.04 22:54:05.844,0.77306,0.77369,1.00,1.00
2015.01.04 22:54:06.058,0.77303,0.77367,1.00,1.00
2015.01.04 22:54:06.498,0.77302,0.77365,1.00,1.00
2015.01.04 22:54:07.447,0.77302,0.77366,1.00,1.00
2015.01.04 22:54:09.138,0.77302,0.77364,1.00,1.00
2015.01.04 22:54:10.127,0.77302,0.77366,1.00,1.00
2015.01.04 22:54:13.147,0.77301,0.77365,1.00,1.00
2015.01.04 22:54:18.267,0.77303,0.77365,1.00,1.00
2015.01.04 22:54:19.375,0.77301,0.77365,1.00,1.00
2015.01.04 22:54:21.717,0.77304,0.77365,1.00,1.00
2015.01.04 22:54:23.490,0.77304,0.77365,1.50,1.00
2015.01.04 22:54:23.590,0.77309,0.77368,1.00,1.00
2015.01.04 22:54:24.098,0.7731,0.77364,1.00,1.00
2015.01.04 22:54:24.637,0.77309,0.77363,1.00,1.00
2015.01.04 22:54:27.075,0.77308,0.7736,1.00,1.00
2015.01.04 22:54:28.177,0.77309,0.77363,1.00,1.00
2015.01.04 22:54:36.448,0.77311,0.77363,1.00,1.00
2015.01.04 22:54:38.432,0.77309,0.77363,1.00,1.00
2015.01.04 22:54:44.777,0.77311,0.77363,1.00,1.00
2015.01.04 22:54:45.437,0.7731,0.77364,1.00,1.00
2015.01.04 22:54:48.213,0.77308,0.77363,1.00,1.00
2015.01.04 22:54:48.877,0.77307,0.77361,1.00,1.00
2015.01.04 22:54:49.217,0.77309,0.77361,1.00,1.00
2015.01.04 22:54:49.318,0.77308,0.77363,1.00,1.00
2015.01.04 22:54:52.185,0.77308,0.77362,1.00,1.00
2015.01.04 22:54:55.038,0.77308,0.77363,1.00,1.00
2015.01.04 22:54:55.117,0.77308,0.77361,1.00,1.00
2015.01.04 22:54:56.810,0.77309,0.77361,1.00,1.00
2015.01.04 22:54:57.011,0.77309,0.77363,1.50,1.00
2015.01.04 22:54:58.553,0.77308,0.77362,1.00,1.00
2015.01.04 22:54:59.081,0.77307,0.77361,1.00,1.00
2015.01.04 22:55:02.707,0.77308,0.77361,1.00,1.00
2015.01.04 22:55:05.727,0.77307,0.77361,1.00,1.00
2015.01.04 22:55:06.860,0.77307,0.77362,1.00,1.00
2015.01.04 22:55:07.435,0.77307,0.77361,1.00,1.00
2015.01.04 22:55:10.446,0.77308,0.77362,1.00,1.00
2015.01.04 22:55:11.397,0.77308,0.77359,1.00,1.00
2015.01.04 22:55:13.487,0.77308,0.77361,1.00,1.00
2015.01.04 22:55:14.524,0.77307,0.77361,1.00,1.00
2015.01.04 22:55:15.248,0.77308,0.77362,1.00,1.00
2015.01.04 22:55:16.458,0.77309,0.77362,1.00,1.00
2015.01.04 22:55:17.690,0.77305,0.77358,1.00,1.00
2015.01.04 22:55:18.934,0.77304,0.77357,1.00,1.00
2015.01.04 22:55:22.207,0.77302,0.77356,1.00,1.00
2015.01.04 22:55:23.527,0.77303,0.77356,1.00,1.00
2015.01.04 22:55:24.079,0.77302,0.77356,1.00,1.00
2015.01.04 22:55:25.082,0.77303,0.77356,1.00,1.00
2015.01.04 22:55:31.857,0.77305,0.77358,1.00,1.00
2015.01.04 22:55:32.739,0.77305,0.77356,1.00,1.00
2015.01.04 22:55:34.828,0.77306,0.77357,1.00,1.00
2015.01.04 22:55:34.979,0.77303,0.77356,1.00,1.00
2015.01.04 22:55:35.267,0.77304,0.77358,1.00,1.00
2015.01.04 22:55:36.950,0.77307,0.77359,1.00,1.00
2015.01.04 22:55:38.034,0.77305,0.77357,1.00,1.00
2015.01.04 22:55:41.649,0.77306,0.77357,1.00,1.00
2015.01.04 22:55:45.639,0.77306,0.77359,1.00,1.00
2015.01.04 22:55:45.944,0.77304,0.77355,1.00,1.00
2015.01.04 22:55:47.629,0.77305,0.77357,1.00,1.00
2015.01.04 22:55:47.806,0.77307,0.77358,1.00,1.00
2015.01.04 22:55:48.037,0.77306,0.7736,1.00,1.00
2015.01.04 22:55:49.566,0.77307,0.77361,1.00,1.00
2015.01.04 22:55:50.643,0.77306,0.77359,1.00,1.00
2015.01.04 22:55:51.440,0.77305,0.77359,1.00,1.00
2015.01.04 22:55:52.509,0.77304,0.77358,1.00,1.00
2015.01.04 22:55:53.426,0.77304,0.77345,1.00,1.00
2015.01.04 22:55:53.778,0.773,0.7735,1.00,1.12
2015.01.04 22:55:53.858,0.77297,0.7735,1.00,1.12
2015.01.04 22:55:54.959,0.77304,0.77356,1.00,1.00
2015.01.04 22:55:56.277,0.77307,0.77359,1.00,1.00
2015.01.04 22:55:56.496,0.77305,0.77359,1.00,1.00
2015.01.04 22:55:57.095,0.77306,0.7736,1.00,1.00
2015.01.04 22:56:02.000,0.77307,0.77361,1.00,1.00
2015.01.04 22:56:02.108,0.77307,0.77359,1.00,1.00
2015.01.04 22:56:06.067,0.77305,0.77358,1.00,1.00
2015.01.04 22:56:07.089,0.77304,0.77358,1.00,1.00
2015.01.04 22:56:08.046,0.77305,0.77357,1.00,1.00
2015.01.04 22:56:09.477,0.77305,0.7736,1.00,1.00
2015.01.04 22:56:10.387,0.77305,0.77359,1.00,1.00
2015.01.04 22:56:10.977,0.77305,0.7736,1.00,1.00
2015.01.04 22:56:13.328,0.77304,0.77358,1.00,1.00
2015.01.04 22:56:13.711,0.773,0.77354,1.00,1.00
2015.01.04 22:56:14.899,0.77299,0.77353,1.00,1.00
2015.01.04 22:56:15.549,0.773,0.77351,1.00,1.00
2015.01.04 22:56:16.187,0.77298,0.77352,1.00,1.00
2015.01.04 22:56:16.736,0.77299,0.77353,1.00,1.00
2015.01.04 22:56:17.506,0.77298,0.7735,1.00,1.00
2015.01.04 22:56:17.639,0.77294,0.77348,1.00,1.00
2015.01.04 22:56:17.740,0.7729,0.77344,1.00,1.00
2015.01.04 22:56:19.263,0.77291,0.77345,1.00,1.00
2015.01.04 22:56:20.390,0.77286,0.77336,1.00,1.00
2015.01.04 22:56:20.491,0.77278,0.77331,1.00,1.00
2015.01.04 22:56:20.592,0.77276,0.77329,1.00,1.00
2015.01.04 22:56:20.917,0.77272,0.77323,1.00,1.00
2015.01.04 22:56:21.466,0.77272,0.77326,1.00,1.00
2015.01.04 22:56:22.456,0.77271,0.77325,1.00,1.00
2015.01.04 22:56:22.976,0.77272,0.77326,1.00,1.00
2015.01.04 22:56:25.205,0.77272,0.77325,1.00,1.00
2015.01.04 22:56:26.441,0.77272,0.77326,1.00,1.00
2015.01.04 22:56:33.269,0.77274,0.77327,1.00,1.00
2015.01.04 22:56:33.607,0.77276,0.77328,1.00,1.00
2015.01.04 22:56:36.317,0.77274,0.77327,1.00,1.00
2015.01.04 22:56:40.945,0.77279,0.77332,1.00,1.00
2015.01.04 22:56:41.598,0.77278,0.77332,1.00,1.00
2015.01.04 22:56:43.366,0.77279,0.77333,1.00,1.00
2015.01.04 22:56:43.768,0.77279,0.77331,1.00,1.00
2015.01.04 22:56:43.819,0.77279,0.77333,1.00,1.00
2015.01.04 22:56:44.722,0.77279,0.77316,1.00,1.00
2015.01.04 22:56:44.823,0.77278,0.77331,1.00,1.50
2015.01.04 22:56:44.924,0.77277,0.77328,1.00,1.00
2015.01.04 22:56:45.125,0.77275,0.77328,1.00,1.00
2015.01.04 22:56:45.368,0.77276,0.7733,1.00,1.00
2015.01.04 22:56:45.469,0.77278,0.7733,1.00,1.00
2015.01.04 22:56:46.215,0.77278,0.77331,1.00,1.00
2015.01.04 22:56:46.778,0.77277,0.7733,1.00,1.00
2015.01.04 22:56:46.879,0.77278,0.77332,1.00,1.00
2015.01.04 22:56:48.085,0.7728,0.77331,1.00,1.00
2015.01.04 22:56:49.075,0.7728,0.77334,1.00,1.00
2015.01.04 22:56:49.968,0.7728,0.77331,1.00,1.00
2015.01.04 22:56:50.516,0.77279,0.77331,1.00,1.00
2015.01.04 22:56:51.386,0.77277,0.7733,1.00,1.00
2015.01.04 22:56:52.270,0.77278,0.77331,1.00,1.00
2015.01.04 22:56:52.421,0.77281,0.77331,1.00,1.00
2015.01.04 22:56:55.455,0.77279,0.77331,1.00,1.00
2015.01.04 22:56:55.566,0.77282,0.77331,1.00,1.00
2015.01.04 22:56:55.616,0.77282,0.77336,1.00,1.00
2015.01.04 22:56:55.717,0.77287,0.7734,1.00,1.00
2015.01.04 22:56:56.786,0.7729,0.77342,1.00,1.00
2015.01.04 22:56:57.208,0.77289,0.7734,1.00,1.00
2015.01.04 22:56:58.536,0.77287,0.7734,1.00,1.00
2015.01.04 22:57:00.627,0.77286,0.77339,1.00,1.00
2015.01.04 22:57:03.179,0.77287,0.7734,1.00,1.00
2015.01.04 22:57:03.705,0.77285,0.77338,1.00,1.00
2015.01.04 22:57:05.795,0.77288,0.77339,1.00,1.00
2015.01.04 22:57:08.768,0.77287,0.7734,1.00,1.00
2015.01.04 22:57:09.756,0.77288,0.77341,1.00,1.00
2015.01.04 22:57:10.526,0.77289,0.77342,1.00,1.00
2015.01.04 22:57:11.098,0.77288,0.77341,1.00,1.00
2015.01.04 22:57:12.107,0.77289,0.77342,1.00,1.00
2015.01.04 22:57:12.835,0.77284,0.77337,1.00,1.00
2015.01.04 22:57:13.264,0.77286,0.77337,1.00,1.00
2015.01.04 22:57:15.819,0.77284,0.77337,1.00,1.00
2015.01.04 22:57:16.739,0.77284,0.77336,1.00,1.00
2015.01.04 22:57:17.566,0.77284,0.77335,1.00,1.00
2015.01.04 22:57:17.675,0.77283,0.77333,1.00,1.00
2015.01.04 22:57:17.830,0.77281,0.77333,1.00,1.00
2015.01.04 22:57:17.897,0.77283,0.77333,1.00,1.00
2015.01.04 22:57:21.855,0.77281,0.77334,1.00,1.00
2015.01.04 22:57:22.845,0.77283,0.77336,1.00,1.00
2015.01.04 22:57:23.188,0.77283,0.77326,1.00,1.00
2015.01.04 22:57:23.395,0.7728,0.77326,1.00,1.00
2015.01.04 22:57:23.834,0.77278,0.77326,1.00,1.00
2015.01.04 22:57:24.826,0.77277,0.77326,1.00,1.00
2015.01.04 22:57:24.877,0.77277,0.77321,1.00,1.00
2015.01.04 22:57:24.947,0.77277,0.77325,1.00,1.00
2015.01.04 22:57:25.167,0.77277,0.77329,1.00,1.12
2015.01.04 22:57:25.218,0.77277,0.77329,1.00,1.37
2015.01.04 22:57:25.801,0.77277,0.77326,1.00,1.00
2015.01.04 22:57:26.365,0.77276,0.77326,1.00,1.00
2015.01.04 22:57:27.412,0.77276,0.77329,1.00,1.37
2015.01.04 22:57:29.397,0.77276,0.77329,1.00,1.75
2015.01.04 22:57:31.734,0.77276,0.77329,1.00,1.37
2015.01.04 22:57:33.158,0.77276,0.77329,1.00,1.00
2015.01.04 22:57:34.518,0.77276,0.77325,1.00,1.00
2015.01.04 22:57:35.853,0.77276,0.77326,1.00,1.00
2015.01.04 22:57:39.356,0.77276,0.77321,1.00,1.00
2015.01.04 22:57:39.564,0.77274,0.77321,1.00,1.00
2015.01.04 22:57:39.615,0.77274,0.7731,1.00,1.00
2015.01.04 22:57:39.716,0.77272,0.7731,1.00,1.00
2015.01.04 22:57:39.817,0.77268,0.7731,1.00,1.00
2015.01.04 22:57:43.628,0.77268,0.77316,1.00,1.00
2015.01.04 22:57:44.635,0.77268,0.77311,1.00,1.00
2015.01.04 22:57:47.395,0.77268,0.77275,0.75,0.75
2015.01.04 22:57:47.496,0.77254,0.77275,1.00,1.00
2015.01.04 22:57:47.596,0.77237,0.77275,1.00,1.00
2015.01.04 22:57:47.747,0.77227,0.77276,1.00,1.00
2015.01.04 22:57:48.168,0.77225,0.77275,1.00,1.00
2015.01.04 22:57:48.278,0.77218,0.77275,1.00,1.00
2015.01.04 22:57:48.378,0.77176,0.7727,1.05,1.00
2015.01.04 22:57:48.430,0.77175,0.7727,1.30,1.00
2015.01.04 22:57:48.557,0.77158,0.7727,1.60,1.00
2015.01.04 22:57:48.681,0.77158,0.7727,1.00,1.00
2015.01.04 22:57:49.244,0.77157,0.7727,1.00,1.00
2015.01.04 22:57:50.344,0.77158,0.7727,1.00,1.00
2015.01.04 22:57:51.409,0.77158,0.77285,1.00,1.75
2015.01.04 22:57:51.519,0.77158,0.77285,1.00,1.00
2015.01.04 22:57:52.504,0.77157,0.77296,1.00,1.00
2015.01.04 22:57:52.907,0.77215,0.77306,1.00,1.75
2015.01.04 22:57:53.209,0.77242,0.773,1.00,1.00
2015.01.04 22:57:54.718,0.77241,0.773,1.00,1.00
2015.01.04 22:57:55.800,0.77236,0.77295,1.00,1.00
2015.01.04 22:57:56.945,0.77237,0.77293,1.00,1.00
2015.01.04 22:57:58.045,0.77235,0.77293,1.00,1.00
2015.01.04 22:58:02.775,0.77236,0.77294,1.00,1.00
2015.01.04 22:58:03.887,0.77234,0.7729,1.00,1.00
2015.01.04 22:58:04.095,0.77232,0.7729,1.00,1.00
2015.01.04 22:58:06.672,0.77231,0.77285,1.00,1.00
2015.01.04 22:58:07.835,0.7723,0.77285,1.00,1.00
2015.01.04 22:58:08.352,0.7723,0.77286,1.00,1.00
2015.01.04 22:58:09.849,0.7723,0.77285,1.00,1.00
2015.01.04 22:58:10.809,0.77229,0.77286,0.75,1.00
2015.01.04 22:58:11.335,0.77228,0.77286,0.75,1.50
2015.01.04 22:58:11.930,0.7723,0.77286,1.00,1.00
2015.01.04 22:58:12.244,0.77237,0.77286,1.00,1.00
2015.01.04 22:58:12.796,0.77237,0.77285,1.00,1.00
2015.01.04 22:58:13.786,0.77237,0.77281,1.00,1.00
2015.01.04 22:58:13.887,0.77235,0.77281,1.00,1.00
2015.01.04 22:58:16.658,0.77234,0.77281,1.00,1.00
2015.01.04 22:58:20.204,0.77234,0.7728,1.00,1.00
2015.01.04 22:58:24.565,0.77234,0.77286,0.75,1.00
2015.01.04 22:58:24.725,0.77234,0.77275,0.75,1.00
2015.01.04 22:58:28.224,0.77234,0.77281,1.00,1.00
2015.01.04 22:58:33.034,0.77234,0.77291,1.00,1.50
2015.01.04 22:58:33.192,0.77234,0.77291,1.00,1.37
2015.01.04 22:58:33.293,0.77244,0.77291,1.00,1.37
2015.01.04 22:58:33.634,0.77238,0.77281,1.00,1.00
2015.01.04 22:58:33.684,0.77236,0.77281,1.00,1.00
2015.01.04 22:58:33.804,0.77236,0.77275,1.00,1.00
2015.01.04 22:58:33.955,0.77229,0.77275,0.75,1.00
2015.01.04 22:58:35.004,0.77228,0.77275,0.75,1.00
2015.01.04 22:58:35.137,0.77236,0.77291,1.00,1.00
2015.01.04 22:58:35.247,0.77244,0.77291,1.00,1.00
2015.01.04 22:58:36.462,0.77246,0.77291,1.00,1.00
2015.01.04 22:58:37.527,0.77247,0.77291,1.00,1.00
2015.01.04 22:58:38.043,0.77249,0.77291,1.00,1.00
2015.01.04 22:58:38.094,0.77249,0.77301,1.00,1.37
2015.01.04 22:58:38.194,0.7725,0.77301,1.00,1.00
2015.01.04 22:58:39.293,0.77252,0.77301,1.00,1.00
2015.01.04 22:58:40.913,0.77252,0.77301,1.00,1.37
2015.01.04 22:58:41.242,0.7725,0.77291,1.00,1.00
2015.01.04 22:58:42.171,0.77249,0.77291,1.00,1.00
2015.01.04 22:58:43.612,0.77241,0.77291,1.00,1.37
2015.01.04 22:58:43.716,0.77241,0.77291,1.00,1.00
2015.01.04 22:58:43.817,0.77208,0.77291,1.00,1.00
2015.01.04 22:58:43.918,0.77204,0.77291,1.12,1.00
2015.01.04 22:58:45.081,0.77204,0.77291,1.37,1.00
2015.01.04 22:58:45.579,0.77229,0.77286,1.00,1.00
2015.01.04 22:58:45.680,0.77229,0.77289,1.00,1.00
2015.01.04 22:58:45.934,0.77232,0.7729,1.00,1.50
2015.01.04 22:58:49.858,0.77232,0.77289,1.00,1.75
2015.01.04 22:58:50.412,0.77228,0.77271,1.00,1.00
2015.01.04 22:58:51.503,0.77227,0.77271,1.00,1.00
2015.01.04 22:58:51.759,0.77227,0.77286,1.00,1.00
2015.01.04 22:58:51.860,0.77229,0.77288,1.00,1.00
2015.01.04 22:58:52.274,0.77204,0.77291,1.75,1.00
2015.01.04 22:58:52.385,0.77231,0.7729,1.00,1.00
2015.01.04 22:58:52.928,0.77232,0.77291,1.00,1.50
2015.01.04 22:58:53.455,0.77233,0.77291,1.00,1.00
2015.01.04 22:58:53.839,0.77233,0.77256,1.00,1.00
2015.01.04 22:58:54.035,0.77226,0.77251,1.00,1.00
2015.01.04 22:58:54.086,0.77226,0.77256,1.00,1.00
2015.01.04 22:58:54.190,0.77224,0.77256,1.00,1.00
2015.01.04 22:58:54.292,0.77192,0.77256,1.00,1.00
2015.01.04 22:58:54.474,0.77212,0.77256,1.00,1.00
2015.01.04 22:58:55.400,0.77213,0.77256,1.00,1.00
2015.01.04 22:58:55.452,0.77215,0.77274,1.00,1.00
2015.01.04 22:58:55.502,0.77217,0.77276,1.00,1.00
2015.01.04 22:58:55.804,0.77217,0.77278,1.00,1.50
2015.01.04 22:58:55.854,0.77217,0.77278,1.00,1.00
2015.01.04 22:58:55.905,0.77219,0.7728,1.00,1.00
2015.01.04 22:58:56.303,0.77218,0.77279,1.00,1.37
2015.01.04 22:58:56.648,0.77218,0.77279,1.00,1.00
2015.01.04 22:58:57.513,0.77219,0.7728,1.00,1.00
2015.01.04 22:58:58.215,0.77222,0.77281,1.00,1.00
2015.01.04 22:58:58.605,0.77222,0.77245,1.00,1.00
2015.01.04 22:58:58.705,0.77218,0.77245,1.00,1.00
2015.01.04 22:58:58.806,0.77212,0.77245,1.00,1.00
2015.01.04 22:58:58.907,0.77183,0.77245,1.00,1.00
2015.01.04 22:58:59.704,0.77183,0.77246,1.00,1.00
2015.01.04 22:58:59.936,0.77183,0.77295,1.00,1.75
2015.01.04 22:59:00.036,0.77183,0.77291,1.00,1.37
2015.01.04 22:59:00.087,0.77186,0.77291,1.00,1.37
2015.01.04 22:59:00.314,0.77186,0.77291,1.00,1.37
2015.01.04 22:59:00.465,0.77186,0.77291,1.75,1.37
2015.01.04 22:59:01.224,0.77186,0.77296,1.37,1.37
2015.01.04 22:59:01.627,0.77186,0.77296,1.75,1.37
2015.01.04 22:59:01.979,0.77186,0.77296,1.75,1.75
2015.01.04 22:59:04.035,0.77186,0.77296,1.37,1.37
2015.01.04 22:59:07.593,0.77184,0.7729,1.50,1.00
2015.01.04 22:59:07.644,0.77184,0.7729,1.37,1.00
2015.01.04 22:59:07.845,0.77173,0.77286,1.75,1.00
2015.01.04 22:59:07.946,0.77173,0.77286,1.00,1.00
2015.01.04 22:59:08.047,0.77167,0.77286,1.00,1.00
2015.01.04 22:59:08.160,0.77161,0.77286,1.00,1.00
2015.01.04 22:59:10.652,0.77161,0.77286,1.00,1.37
2015.01.04 22:59:10.957,0.77161,0.7728,1.00,1.00
2015.01.04 22:59:13.004,0.77164,0.77281,1.00,1.00
2015.01.04 22:59:13.595,0.77165,0.77281,1.12,1.00
2015.01.04 22:59:19.445,0.77164,0.77274,1.00,1.00
2015.01.04 22:59:23.183,0.77164,0.77273,1.12,1.00
2015.01.04 22:59:23.738,0.77165,0.77273,1.00,1.00
2015.01.04 22:59:24.775,0.77165,0.77272,1.00,1.00
2015.01.04 22:59:25.383,0.77164,0.77266,1.00,1.00
2015.01.04 22:59:25.816,0.77169,0.77266,1.00,1.00
2015.01.04 22:59:28.099,0.77179,0.77272,1.00,1.00
2015.01.04 22:59:28.494,0.77187,0.77244,1.00,1.00
2015.01.04 22:59:32.973,0.77189,0.77244,1.00,1.00
2015.01.04 22:59:34.759,0.77185,0.77242,1.00,1.00
2015.01.04 22:59:35.416,0.77182,0.77238,1.00,1.00
2015.01.04 22:59:35.630,0.77178,0.77236,1.00,1.00
2015.01.04 22:59:35.731,0.77175,0.77232,1.00,1.00
2015.01.04 22:59:38.654,0.77174,0.77232,1.00,1.00
2015.01.04 22:59:39.182,0.77164,0.77222,1.87,1.00
2015.01.04 22:59:40.155,0.77169,0.77224,1.00,1.00
2015.01.04 22:59:40.816,0.77169,0.77227,1.87,1.00
2015.01.04 22:59:41.694,0.77184,0.77227,1.00,1.00
2015.01.04 22:59:41.896,0.77184,0.77231,1.00,1.00
2015.01.04 22:59:41.946,0.7719,0.77231,1.00,1.00
2015.01.04 22:59:42.134,0.77184,0.77231,1.37,1.00
2015.01.04 22:59:42.369,0.77174,0.77231,1.75,1.00
2015.01.04 22:59:42.578,0.77184,0.7723,1.00,1.00
2015.01.04 22:59:43.526,0.77184,0.77232,1.37,1.00
2015.01.04 22:59:43.972,0.77184,0.77232,1.37,1.00
2015.01.04 22:59:44.924,0.77184,0.77232,1.75,1.00
2015.01.04 22:59:44.974,0.77184,0.77234,1.75,1.00
2015.01.04 22:59:45.526,0.77184,0.77234,1.75,1.00
2015.01.04 22:59:45.758,0.77184,0.77233,1.00,1.00
2015.01.04 22:59:45.952,0.77177,0.77231,1.75,1.00
2015.01.04 22:59:47.217,0.77175,0.77231,1.75,1.00
2015.01.04 22:59:47.383,0.77173,0.77228,1.75,1.00
2015.01.04 22:59:48.332,0.77172,0.77227,1.75,1.00
2015.01.04 22:59:49.912,0.77172,0.77229,1.75,1.00
2015.01.04 22:59:50.643,0.77172,0.77229,1.00,1.00
2015.01.04 22:59:50.693,0.77166,0.77223,1.37,1.00
2015.01.04 22:59:51.254,0.77164,0.77222,2.25,1.00
2015.01.04 22:59:53.344,0.77164,0.77222,2.25,1.00
2015.01.04 22:59:56.012,0.77164,0.77222,2.25,1.00
2015.01.04 22:59:56.153,0.77164,0.77222,1.12,1.00
2015.01.04 22:59:56.304,0.77159,0.77217,2.25,1.00
2015.01.04 22:59:56.647,0.77166,0.77222,1.00,1.00
2015.01.04 22:59:57.172,0.77164,0.77221,1.12,1.00
2015.01.04 22:59:58.272,0.77164,0.77219,1.00,1.00
2015.01.04 22:59:58.402,0.77164,0.77221,1.00,1.00
2015.01.04 22:59:58.637,0.77162,0.77217,1.37,1.00
2015.01.04 22:59:58.688,0.77162,0.77217,1.00,1.00
2015.01.04 22:59:58.738,0.77152,0.77209,1.75,1.00
2015.01.04 22:59:58.789,0.77152,0.77209,1.37,1.00
2015.01.04 22:59:59.145,0.77152,0.77209,1.37,1.00
